KOSPI_종가,KOSPI_등락률,KOSDAQ_종가,KOSDAQ_등락률,USD_KRW_환율
6475.63,0.0,1203.84,2.50999999999999,1477.9599609375
