KOSPI_종가,KOSPI_등락률,KOSDAQ_종가,KOSDAQ_등락률,USD_KRW_환율
6417.93,0.45999999999999996,1181.12,0.18,1469.260009765625
