=================================================================
 DART Periodic Run: Thu Jul  2 09:00:01 AM KST 2026
=================================================================
Step 1: Collecting new DART disclosures...
  [IMPORTANT] [삼성에스디에스] 임원ㆍ주요주주특정증권등소유상황보고서
  [IMPORTANT] [노머스] 주식등의대량보유상황보고서(일반)
  [IMPORTANT] [피엔에이치테크] 임원ㆍ주요주주특정증권등소유상황보고서
  [     MUST] [푸드나무] 주요사항보고서(유상증자결정)
Download complete: 6 new, 0 existing, 0 failed, 7 skipped (not important)
Step 2: Building Excel and uploading to Telegram...
[2026-07-02 09:00:13,764] INFO - Filtered 2591 merged amendment disclosures.
[2026-07-02 09:03:51,887] INFO - Excel file built successfully: /home/inhyuk/projects/dataScout/data_dart/dart_disclosures_summary_20260702.xlsx
[2026-07-02 09:03:51,906] INFO - Uploading Excel to Telegram...
[2026-07-02 09:03:56,709] INFO - Telegram document sent successfully to chat -1003843549676
[2026-07-02 09:03:56,709] INFO - Excel successfully uploaded to Telegram.
=================================================================
 DART Periodic Run Completed: Thu Jul  2 09:03:57 AM KST 2026
=================================================================
=================================================================
 DART Periodic Run: Thu Jul  2 09:30:01 AM KST 2026
=================================================================
Step 1: Collecting new DART disclosures...
  [IMPORTANT] [대양전기공업] 임원ㆍ주요주주특정증권등소유상황보고서
  [IMPORTANT] [명문제약] 임원ㆍ주요주주특정증권등소유상황보고서
  [IMPORTANT] [코스맥스엔비티] 임원ㆍ주요주주특정증권등소유상황보고서
  [IMPORTANT] [코스맥스엔비티] 임원ㆍ주요주주특정증권등소유상황보고서
Download complete: 12 new, 6 existing, 1 failed, 16 skipped (not important)
Step 2: Building Excel and uploading to Telegram...
[2026-07-02 09:30:14,919] INFO - Filtered 2592 merged amendment disclosures.
[2026-07-02 09:33:55,068] INFO - Excel file built successfully: /home/inhyuk/projects/dataScout/data_dart/dart_disclosures_summary_20260702.xlsx
[2026-07-02 09:33:55,087] INFO - Uploading Excel to Telegram...
[2026-07-02 09:33:59,670] INFO - Telegram document sent successfully to chat -1003843549676
[2026-07-02 09:33:59,670] INFO - Excel successfully uploaded to Telegram.
=================================================================
 DART Periodic Run Completed: Thu Jul  2 09:34:00 AM KST 2026
=================================================================
=================================================================
 DART Periodic Run: Thu Jul  2 10:00:01 AM KST 2026
=================================================================
Step 1: Collecting new DART disclosures...
  [     MUST] [자이에스앤디] 단일판매ㆍ공급계약체결              
  [IMPORTANT] [DKME] 주식등의대량보유상황보고서(약식)
  [IMPORTANT] [로지시스] 임원ㆍ주요주주특정증권등소유상황보고서
  [     MUST] [제이티] 단일판매ㆍ공급계약체결              
Download complete: 7 new, 18 existing, 1 failed, 24 skipped (not important)
Step 2: Building Excel and uploading to Telegram...
[2026-07-02 10:00:14,963] INFO - Filtered 2592 merged amendment disclosures.
[2026-07-02 10:04:02,347] INFO - Excel file built successfully: /home/inhyuk/projects/dataScout/data_dart/dart_disclosures_summary_20260702.xlsx
[2026-07-02 10:04:02,365] INFO - Uploading Excel to Telegram...
[2026-07-02 10:04:06,486] INFO - Telegram document sent successfully to chat -1003843549676
[2026-07-02 10:04:06,486] INFO - Excel successfully uploaded to Telegram.
=================================================================
 DART Periodic Run Completed: Thu Jul  2 10:04:06 AM KST 2026
=================================================================
=================================================================
 DART Periodic Run: Thu Jul  2 10:30:01 AM KST 2026
=================================================================
Step 1: Collecting new DART disclosures...
  [IMPORTANT] [코퍼스코리아] 주식등의대량보유상황보고서(일반)
  [     MUST] [삼성중공업] 단일판매ㆍ공급계약체결              
  [IMPORTANT] [나우IB] 임원ㆍ주요주주특정증권등소유상황보고서
  [IMPORTANT] [엔젯] 임원ㆍ주요주주특정증권등소유상황보고서
Download complete: 8 new, 25 existing, 0 failed, 32 skipped (not important)
Step 2: Building Excel and uploading to Telegram...
[2026-07-02 10:30:13,777] INFO - Filtered 2592 merged amendment disclosures.
[2026-07-02 10:36:30,168] INFO - Excel file built successfully: /home/inhyuk/projects/dataScout/data_dart/dart_disclosures_summary_20260702.xlsx
[2026-07-02 10:36:30,186] INFO - Uploading Excel to Telegram...
[2026-07-02 10:36:34,848] INFO - Telegram document sent successfully to chat -1003843549676
[2026-07-02 10:36:34,848] INFO - Excel successfully uploaded to Telegram.
=================================================================
 DART Periodic Run Completed: Thu Jul  2 10:36:35 AM KST 2026
=================================================================
=================================================================
 DART Periodic Run: Thu Jul  2 11:00:01 AM KST 2026
=================================================================
Step 1: Collecting new DART disclosures...
  [IMPORTANT] [CJ] 임원ㆍ주요주주특정증권등소유상황보고서
  [IMPORTANT] [동아쏘시오홀딩스] 임원ㆍ주요주주특정증권등소유상황보고서
  [     MUST] [바이오비쥬] 주식소각결정              
  [IMPORTANT] [청담글로벌] 임원ㆍ주요주주특정증권등소유상황보고서
Download complete: 8 new, 33 existing, 6 failed, 40 skipped (not important)
Step 2: Building Excel and uploading to Telegram...
[2026-07-02 11:00:16,692] INFO - Filtered 2592 merged amendment disclosures.
[2026-07-02 11:04:35,033] INFO - Excel file built successfully: /home/inhyuk/projects/dataScout/data_dart/dart_disclosures_summary_20260702.xlsx
[2026-07-02 11:04:35,052] INFO - Uploading Excel to Telegram...
[2026-07-02 11:04:39,802] INFO - Telegram document sent successfully to chat -1003843549676
[2026-07-02 11:04:39,802] INFO - Excel successfully uploaded to Telegram.
=================================================================
 DART Periodic Run Completed: Thu Jul  2 11:04:40 AM KST 2026
=================================================================
=================================================================
 DART Periodic Run: Thu Jul  2 11:30:01 AM KST 2026
=================================================================
Step 1: Collecting new DART disclosures...
  [IMPORTANT] [대한유화] 임원ㆍ주요주주특정증권등소유상황보고서
  [IMPORTANT] [넥스틸] 주식등의대량보유상황보고서(약식)
  [IMPORTANT] [LS] 임원ㆍ주요주주특정증권등소유상황보고서
  [IMPORTANT] [신세계] 임원ㆍ주요주주특정증권등소유상황보고서
Download complete: 17 new, 41 existing, 6 failed, 44 skipped (not important)
Step 2: Building Excel and uploading to Telegram...
[2026-07-02 11:30:17,900] INFO - Filtered 2592 merged amendment disclosures.
[2026-07-02 11:34:06,521] INFO - Excel file built successfully: /home/inhyuk/projects/dataScout/data_dart/dart_disclosures_summary_20260702.xlsx
[2026-07-02 11:34:06,540] INFO - Uploading Excel to Telegram...
[2026-07-02 11:34:10,715] INFO - Telegram document sent successfully to chat -1003843549676
[2026-07-02 11:34:10,715] INFO - Excel successfully uploaded to Telegram.
=================================================================
 DART Periodic Run Completed: Thu Jul  2 11:34:11 AM KST 2026
=================================================================
=================================================================
 DART Periodic Run: Thu Jul  2 12:00:01 PM KST 2026
=================================================================
Step 1: Collecting new DART disclosures...
  [     MUST] [KCC건설] 단일판매ㆍ공급계약체결              
  [     MUST] [케이쓰리아이] [기재정정]단일판매ㆍ공급계약체결(자율공시)              
  [IMPORTANT] [티엘비] [기재정정]주요사항보고서(유무상증자결정)
  [IMPORTANT] [에이치케이] 주식등의대량보유상황보고서(일반)
Download complete: 12 new, 58 existing, 1 failed, 50 skipped (not important)
Step 2: Building Excel and uploading to Telegram...
[2026-07-02 12:00:16,066] INFO - Filtered 2593 merged amendment disclosures.
[2026-07-02 12:03:59,511] INFO - Excel file built successfully: /home/inhyuk/projects/dataScout/data_dart/dart_disclosures_summary_20260702.xlsx
[2026-07-02 12:03:59,531] INFO - Uploading Excel to Telegram...
[2026-07-02 12:04:03,884] INFO - Telegram document sent successfully to chat -1003843549676
[2026-07-02 12:04:03,884] INFO - Excel successfully uploaded to Telegram.
=================================================================
 DART Periodic Run Completed: Thu Jul  2 12:04:04 PM KST 2026
=================================================================
=================================================================
 DART Periodic Run: Thu Jul  2 12:30:01 PM KST 2026
=================================================================
Step 1: Collecting new DART disclosures...
[20260702000189] API Response (not zip): <?xml version="1.0" encoding="UTF-8" standalone="yes"?><result><status>014</status><message>파일이 존재하지 않습니다.</message></result>
  [IMPORTANT] [진매트릭스] 임원ㆍ주요주주특정증권등소유상황보고서
  [IMPORTANT] [오성첨단소재] 주요사항보고서(자기주식취득신탁계약체결결정)
  [IMPORTANT] [에이프로젠] 타법인주식및출자증권취득결정(자회사의 주요경영사항)              
Download complete: 3 new, 70 existing, 1 failed, 53 skipped (not important)
Step 2: Building Excel and uploading to Telegram...
[2026-07-02 12:30:13,733] INFO - Filtered 2593 merged amendment disclosures.
[2026-07-02 12:33:54,542] INFO - Excel file built successfully: /home/inhyuk/projects/dataScout/data_dart/dart_disclosures_summary_20260702.xlsx
[2026-07-02 12:33:54,561] INFO - Uploading Excel to Telegram...
[2026-07-02 12:33:58,585] INFO - Telegram document sent successfully to chat -1003843549676
[2026-07-02 12:33:58,585] INFO - Excel successfully uploaded to Telegram.
=================================================================
 DART Periodic Run Completed: Thu Jul  2 12:33:58 PM KST 2026
=================================================================
=================================================================
 DART Periodic Run: Thu Jul  2 01:00:01 PM KST 2026
=================================================================
Step 1: Collecting new DART disclosures...
Successfully saved 130 filtered disclosures to /home/inhyuk/projects/dataScout/data_dart/20260702/disclosures.json
Starting selective download of important disclosure documents...
  [IMPORTANT] [휴젤] [기재정정]주식등의대량보유상황보고서(일반)
  [IMPORTANT] [선광] 임원ㆍ주요주주특정증권등소유상황보고서
Download complete: 2 new, 73 existing, 0 failed, 55 skipped (not important)
Step 2: Building Excel and uploading to Telegram...
[2026-07-02 13:00:13,515] INFO - Filtered 2594 merged amendment disclosures.
[2026-07-02 13:04:10,241] INFO - Excel file built successfully: /home/inhyuk/projects/dataScout/data_dart/dart_disclosures_summary_20260702.xlsx
[2026-07-02 13:04:10,261] INFO - Uploading Excel to Telegram...
[2026-07-02 13:04:14,357] INFO - Telegram document sent successfully to chat -1003843549676
[2026-07-02 13:04:14,358] INFO - Excel successfully uploaded to Telegram.
=================================================================
 DART Periodic Run Completed: Thu Jul  2 01:04:14 PM KST 2026
=================================================================
=================================================================
 DART Periodic Run: Thu Jul  2 01:30:01 PM KST 2026
=================================================================
Step 1: Collecting new DART disclosures...
  [IMPORTANT] [엔케이] 임원ㆍ주요주주특정증권등소유상황보고서
[20260702000212] API Response (not zip): <?xml version="1.0" encoding="UTF-8" standalone="yes"?><result><status>014</status><message>파일이 존재하지 않습니다.</message></result>
  [IMPORTANT] [달바글로벌] 임원ㆍ주요주주특정증권등소유상황보고서
  [IMPORTANT] [휴젤] [기재정정]주식등의대량보유상황보고서(일반)
Download complete: 2 new, 75 existing, 3 failed, 59 skipped (not important)
Step 2: Building Excel and uploading to Telegram...
[2026-07-02 13:30:15,190] INFO - Filtered 2618 merged amendment disclosures.
[2026-07-02 13:35:04,292] INFO - Excel file built successfully: /home/inhyuk/projects/dataScout/data_dart/dart_disclosures_summary_20260702.xlsx
[2026-07-02 13:35:04,312] INFO - Uploading Excel to Telegram...
[2026-07-02 13:35:11,409] INFO - Telegram document sent successfully to chat -1003843549676
[2026-07-02 13:35:11,409] INFO - Excel successfully uploaded to Telegram.
=================================================================
 DART Periodic Run Completed: Thu Jul  2 01:35:11 PM KST 2026
=================================================================
=================================================================
 DART Periodic Run: Thu Jul  2 02:00:01 PM KST 2026
=================================================================
Step 1: Collecting new DART disclosures...
  [     MUST] [AP위성] [기재정정]단일판매ㆍ공급계약체결              
  [IMPORTANT] [윌비스] 임원ㆍ주요주주특정증권등소유상황보고서
  [IMPORTANT] [윌비스] 임원ㆍ주요주주특정증권등소유상황보고서
  [IMPORTANT] [엔케이] 임원ㆍ주요주주특정증권등소유상황보고서
Download complete: 5 new, 77 existing, 4 failed, 66 skipped (not important)
Step 2: Building Excel and uploading to Telegram...
[2026-07-02 14:00:32,006] INFO - Filtered 2668 merged amendment disclosures.
[2026-07-02 14:08:19,484] INFO - Excel file built successfully: /home/inhyuk/projects/dataScout/data_dart/dart_disclosures_summary_20260702.xlsx
[2026-07-02 14:08:19,509] INFO - Uploading Excel to Telegram...
[2026-07-02 14:08:23,718] INFO - Telegram document sent successfully to chat -1003843549676
[2026-07-02 14:08:23,718] INFO - Excel successfully uploaded to Telegram.
=================================================================
 DART Periodic Run Completed: Thu Jul  2 02:08:24 PM KST 2026
=================================================================
=================================================================
 DART Periodic Run: Thu Jul  2 02:30:01 PM KST 2026
=================================================================
Step 1: Collecting new DART disclosures...
  [IMPORTANT] [RF머트리얼즈] 임원ㆍ주요주주특정증권등소유상황보고서
  [IMPORTANT] [삼성증권] 임원ㆍ주요주주특정증권등소유상황보고서
  [IMPORTANT] [RF머트리얼즈] 임원ㆍ주요주주특정증권등소유상황보고서
  [IMPORTANT] [한솔케미칼] 임원ㆍ주요주주특정증권등소유상황보고서
Download complete: 11 new, 86 existing, 10 failed, 71 skipped (not important)
Step 2: Building Excel and uploading to Telegram...
[2026-07-02 14:30:35,901] INFO - Filtered 2742 merged amendment disclosures.
[2026-07-02 14:42:05,950] INFO - Excel file built successfully: /home/inhyuk/projects/dataScout/data_dart/dart_disclosures_summary_20260702.xlsx
[2026-07-02 14:42:05,980] INFO - Uploading Excel to Telegram...
[2026-07-02 14:42:16,782] INFO - Telegram document sent successfully to chat -1003843549676
[2026-07-02 14:42:16,783] INFO - Excel successfully uploaded to Telegram.
=================================================================
 DART Periodic Run Completed: Thu Jul  2 02:42:17 PM KST 2026
=================================================================
=================================================================
 DART Periodic Run: Thu Jul  2 03:00:01 PM KST 2026
=================================================================
Step 1: Collecting new DART disclosures...
  [IMPORTANT] [현대건설] 임원ㆍ주요주주특정증권등소유상황보고서
  [IMPORTANT] [한미사이언스] 임원ㆍ주요주주특정증권등소유상황보고서
  [IMPORTANT] [RF머트리얼즈] 주식등의대량보유상황보고서(일반)
  [IMPORTANT] [현대백화점] 임원ㆍ주요주주특정증권등소유상황보고서
Download complete: 14 new, 97 existing, 9 failed, 86 skipped (not important)
Step 2: Building Excel and uploading to Telegram...
[2026-07-02 15:00:21,898] INFO - Filtered 2742 merged amendment disclosures.
[2026-07-02 15:12:06,890] INFO - Excel file built successfully: /home/inhyuk/projects/dataScout/data_dart/dart_disclosures_summary_20260702.xlsx
[2026-07-02 15:12:06,920] INFO - Uploading Excel to Telegram...
[2026-07-02 15:12:11,550] INFO - Telegram document sent successfully to chat -1003843549676
[2026-07-02 15:12:11,551] INFO - Excel successfully uploaded to Telegram.
=================================================================
 DART Periodic Run Completed: Thu Jul  2 03:12:12 PM KST 2026
=================================================================
=================================================================
 DART Periodic Run: Thu Jul  2 03:30:01 PM KST 2026
=================================================================
Step 1: Collecting new DART disclosures...
  [IMPORTANT] [코오롱인더] 임원ㆍ주요주주특정증권등소유상황보고서
  [IMPORTANT] [삼성에스디에스] 임원ㆍ주요주주특정증권등소유상황보고서
  [IMPORTANT] [휴젤] [기재정정]주식등의대량보유상황보고서(일반)
  [IMPORTANT] [센코] 주식등의대량보유상황보고서(일반)
Download complete: 12 new, 111 existing, 6 failed, 102 skipped (not important)
Step 2: Building Excel and uploading to Telegram...
[2026-07-02 15:30:19,254] INFO - Filtered 2742 merged amendment disclosures.
[2026-07-02 15:41:11,821] INFO - Excel file built successfully: /home/inhyuk/projects/dataScout/data_dart/dart_disclosures_summary_20260702.xlsx
[2026-07-02 15:41:11,851] INFO - Uploading Excel to Telegram...
[2026-07-02 15:41:21,370] INFO - Telegram document sent successfully to chat -1003843549676
[2026-07-02 15:41:21,370] INFO - Excel successfully uploaded to Telegram.
=================================================================
 DART Periodic Run Completed: Thu Jul  2 03:41:21 PM KST 2026
=================================================================
=================================================================
 DART Periodic Run: Thu Jul  2 04:00:01 PM KST 2026
=================================================================
Step 1: Collecting new DART disclosures...
  [IMPORTANT] [제테마] [기재정정]임원ㆍ주요주주특정증권등소유상황보고서
  [IMPORTANT] [삼성에스디에스] 임원ㆍ주요주주특정증권등소유상황보고서
  [     MUST] [케이옥션] 주요사항보고서(자기주식취득결정)
  [IMPORTANT] [JW중외제약] 주식등의대량보유상황보고서(일반)
Download complete: 14 new, 123 existing, 28 failed, 121 skipped (not important)
Step 2: Building Excel and uploading to Telegram...
[2026-07-02 16:01:10,252] INFO - Merging amendment 20260702000204 into original 20260624000370
[2026-07-02 16:01:10,255] INFO - Merging amendment 20260702000193 into original 20260702000204
[2026-07-02 16:01:10,257] INFO - Merging amendment 20260702800263 into original 20260625800801
[2026-07-02 16:01:10,259] INFO - Merging amendment 20260702000050 into original 20260701000669
[2026-07-02 16:01:10,261] INFO - Filtered 2779 merged amendment disclosures.
=================================================================
 DART Periodic Run Completed: Thu Jul  2 04:13:32 PM KST 2026
=================================================================
=================================================================
 DART Periodic Run: Thu Jul  2 04:30:01 PM KST 2026
=================================================================
Step 1: Collecting new DART disclosures...
  [IMPORTANT] [디어유] 주식등의대량보유상황보고서(일반)
  [IMPORTANT] [IPARK현대산업개발] 임원ㆍ주요주주특정증권등소유상황보고서
  [IMPORTANT] [에이루트] 임원ㆍ주요주주특정증권등소유상황보고서
  [IMPORTANT] [HL만도] 임원ㆍ주요주주특정증권등소유상황보고서
Download complete: 35 new, 134 existing, 33 failed, 144 skipped (not important)
Step 2: Building Excel and uploading to Telegram...
[2026-07-02 16:31:27,155] INFO - Filtered 3015 merged amendment disclosures.
[2026-07-02 16:48:24,440] INFO - Excel file built successfully: /home/inhyuk/projects/dataScout/data_dart/dart_disclosures_summary_20260702.xlsx
[2026-07-02 16:48:24,483] INFO - Uploading Excel to Telegram...
[2026-07-02 16:48:29,073] INFO - Telegram document sent successfully to chat -1003843549676
[2026-07-02 16:48:29,073] INFO - Excel successfully uploaded to Telegram.
=================================================================
 DART Periodic Run Completed: Thu Jul  2 04:48:29 PM KST 2026
=================================================================
=================================================================
 DART Periodic Run: Thu Jul  2 05:00:01 PM KST 2026
=================================================================
Step 1: Collecting new DART disclosures...
  [IMPORTANT] [웰크론한텍] 임원ㆍ주요주주특정증권등소유상황보고서
  [IMPORTANT] [다보링크] 주식등의대량보유상황보고서(일반)
  [IMPORTANT] [아셈스] 주식등의대량보유상황보고서(일반)
  [IMPORTANT] [인터엠] 임원ㆍ주요주주특정증권등소유상황보고서
Download complete: 23 new, 115 existing, 42 failed, 122 skipped (not important)
Step 2: Building Excel and uploading to Telegram...
[2026-07-02 17:02:09,004] INFO - Filtered 3309 merged amendment disclosures.
[2026-07-02 17:19:02,456] INFO - Excel file built successfully: /home/inhyuk/projects/dataScout/data_dart/dart_disclosures_summary_20260702.xlsx
[2026-07-02 17:19:02,498] INFO - Uploading Excel to Telegram...
[2026-07-02 17:19:07,324] INFO - Telegram document sent successfully to chat -1003843549676
[2026-07-02 17:19:07,324] INFO - Excel successfully uploaded to Telegram.
=================================================================
 DART Periodic Run Completed: Thu Jul  2 05:19:07 PM KST 2026
=================================================================
=================================================================
 DART Periodic Run: Thu Jul  2 05:30:01 PM KST 2026
=================================================================
Step 1: Collecting new DART disclosures...
  [IMPORTANT] [대동기어] 임원ㆍ주요주주특정증권등소유상황보고서
  [IMPORTANT] [모티브링크] 최대주주변경을수반하는주식양수도계약체결              
  [IMPORTANT] [앤로보틱스] 주식등의대량보유상황보고서(일반)
  [IMPORTANT] [한스바이오메드] 주식등의대량보유상황보고서(약식)
Download complete: 43 new, 195 existing, 13 failed, 178 skipped (not important)
Step 2: Building Excel and uploading to Telegram...
[2026-07-02 17:31:58,729] INFO - Filtered 3388 merged amendment disclosures.
[2026-07-02 17:49:06,619] INFO - Excel file built successfully: /home/inhyuk/projects/dataScout/data_dart/dart_disclosures_summary_20260702.xlsx
[2026-07-02 17:49:06,667] INFO - Uploading Excel to Telegram...
[2026-07-02 17:49:11,380] INFO - Telegram document sent successfully to chat -1003843549676
[2026-07-02 17:49:11,380] INFO - Excel successfully uploaded to Telegram.
=================================================================
 DART Periodic Run Completed: Thu Jul  2 05:49:11 PM KST 2026
=================================================================
=================================================================
 DART Periodic Run: Thu Jul  2 06:00:01 PM KST 2026
=================================================================
Step 1: Collecting new DART disclosures...
  [IMPORTANT] [LX홀딩스] 주식등의대량보유상황보고서(약식)
  [IMPORTANT] [유한양행] 임원ㆍ주요주주특정증권등소유상황보고서
  [IMPORTANT] [E8] 임원ㆍ주요주주특정증권등소유상황보고서
  [IMPORTANT] [인터엠] 주식등의대량보유상황보고서(일반)
Download complete: 13 new, 238 existing, 24 failed, 194 skipped (not important)
Step 2: Building Excel and uploading to Telegram...
[2026-07-02 18:01:55,849] INFO - Filtered 3736 merged amendment disclosures.
[2026-07-02 18:20:16,550] INFO - Excel file built successfully: /home/inhyuk/projects/dataScout/data_dart/dart_disclosures_summary_20260702.xlsx
[2026-07-02 18:20:16,602] INFO - Uploading Excel to Telegram...
[2026-07-02 18:20:21,580] INFO - Telegram document sent successfully to chat -1003843549676
[2026-07-02 18:20:21,580] INFO - Excel successfully uploaded to Telegram.
=================================================================
 DART Periodic Run Completed: Thu Jul  2 06:20:22 PM KST 2026
=================================================================
=================================================================
 DART Periodic Run: Thu Jul  2 06:30:01 PM KST 2026
=================================================================
Step 1: Collecting new DART disclosures...
Starting DART data collection for: 20260702
Request failed: HTTPSConnectionPool(host='opendart.fss.or.kr', port=443): Read timed out. (read timeout=10)
Step 2: Building Excel and uploading to Telegram...
[2026-07-02 18:32:48,416] INFO - Merging amendment 20260702000204 into original 20260624000370
[2026-07-02 18:32:48,421] INFO - Merging amendment 20260702000193 into original 20260702000204
[2026-07-02 18:32:48,427] INFO - Merging amendment 20260702800263 into original 20260625800801
[2026-07-02 18:32:48,433] INFO - Merging amendment 20260702000050 into original 20260701000669
[2026-07-02 18:32:48,436] INFO - Filtered 4332 merged amendment disclosures.
=================================================================
 DART Periodic Run Completed: Thu Jul  2 06:46:57 PM KST 2026
=================================================================
=================================================================
 DART Periodic Run: Thu Jul  2 09:00:01 PM KST 2026
=================================================================
Step 1: Collecting new DART disclosures...
Starting DART data collection for: 20260702
DART API Error (020): 사용한도를 초과하였습니다.
Step 2: Building Excel and uploading to Telegram...
[2026-07-02 21:00:44,377] INFO - Filtered 4819 merged amendment disclosures.
[2026-07-02 21:19:45,262] INFO - Excel file built successfully: /home/inhyuk/projects/dataScout/data_dart/dart_disclosures_summary_20260702.xlsx
[2026-07-02 21:19:45,333] INFO - Uploading Excel to Telegram...
[2026-07-02 21:19:50,481] INFO - Telegram document sent successfully to chat -1003843549676
[2026-07-02 21:19:50,482] INFO - Excel successfully uploaded to Telegram.
=================================================================
 DART Periodic Run Completed: Thu Jul  2 09:19:51 PM KST 2026
=================================================================
=================================================================
 DART Periodic Run: Fri Jul  3 09:00:01 AM KST 2026
=================================================================
Step 1: Collecting new DART disclosures...
  [IMPORTANT] [삼성에스디에스] 임원ㆍ주요주주특정증권등소유상황보고서
  [IMPORTANT] [삼성에스디에스] 임원ㆍ주요주주특정증권등소유상황보고서
  [IMPORTANT] [앤로보틱스] [기재정정]주식등의대량보유상황보고서(약식)
  [IMPORTANT] [앤로보틱스] [기재정정]주식등의대량보유상황보고서(약식)
Download complete: 10 new, 0 existing, 0 failed, 4 skipped (not important)
Step 2: Building Excel and uploading to Telegram...
[2026-07-03 09:23:48,376] INFO - Saved 5762 closing prices to cache.
[2026-07-03 09:23:48,376] INFO - Excel file built successfully: /home/inhyuk/projects/dataScout/data_dart/dart_disclosures_summary_20260703.xlsx
[2026-07-03 09:23:48,447] INFO - Uploading Excel to Telegram...
[2026-07-03 09:24:02,468] INFO - Telegram document sent successfully to chat -1003877753638
[2026-07-03 09:24:02,469] INFO - Excel successfully uploaded to Telegram.
=================================================================
 DART Periodic Run Completed: Fri Jul  3 09:24:03 AM KST 2026
=================================================================
=================================================================
 DART Periodic Run: Fri Jul  3 09:30:01 AM KST 2026
=================================================================
Step 1: Collecting new DART disclosures...
  [IMPORTANT] [한화솔루션] 임원ㆍ주요주주특정증권등소유상황보고서
  [IMPORTANT] [한화솔루션] 임원ㆍ주요주주특정증권등소유상황보고서
  [IMPORTANT] [한화솔루션] 임원ㆍ주요주주특정증권등소유상황보고서
  [IMPORTANT] [한화솔루션] 임원ㆍ주요주주특정증권등소유상황보고서
Download complete: 10 new, 10 existing, 2 failed, 8 skipped (not important)
Step 2: Building Excel and uploading to Telegram...
[2026-07-03 09:55:36,637] INFO - Saved 5762 closing prices to cache.
[2026-07-03 09:55:36,637] INFO - Excel file built successfully: /home/inhyuk/projects/dataScout/data_dart/dart_disclosures_summary_20260703.xlsx
[2026-07-03 09:55:36,706] INFO - Uploading Excel to Telegram...
[2026-07-03 09:55:43,173] INFO - Telegram document sent successfully to chat -1003877753638
[2026-07-03 09:55:43,174] INFO - Excel successfully uploaded to Telegram.
=================================================================
 DART Periodic Run Completed: Fri Jul  3 09:55:43 AM KST 2026
=================================================================
=================================================================
 DART Periodic Run: Fri Jul  3 10:00:01 AM KST 2026
=================================================================
Step 1: Collecting new DART disclosures...
  [IMPORTANT] [한화솔루션] 임원ㆍ주요주주특정증권등소유상황보고서
  [IMPORTANT] [한화솔루션] 임원ㆍ주요주주특정증권등소유상황보고서
  [IMPORTANT] [한화솔루션] 임원ㆍ주요주주특정증권등소유상황보고서
  [IMPORTANT] [아이티아이즈] 임원ㆍ주요주주특정증권등소유상황보고서
Download complete: 26 new, 20 existing, 2 failed, 9 skipped (not important)
Step 2: Building Excel and uploading to Telegram...
[2026-07-03 10:24:48,666] INFO - Saved 5762 closing prices to cache.
[2026-07-03 10:24:48,666] INFO - Excel file built successfully: /home/inhyuk/projects/dataScout/data_dart/dart_disclosures_summary_20260703.xlsx
[2026-07-03 10:24:48,734] INFO - Uploading Excel to Telegram...
[2026-07-03 10:24:53,772] INFO - Telegram document sent successfully to chat -1003877753638
[2026-07-03 10:24:53,773] INFO - Excel successfully uploaded to Telegram.
=================================================================
 DART Periodic Run Completed: Fri Jul  3 10:24:54 AM KST 2026
=================================================================
=================================================================
 DART Periodic Run: Fri Jul  3 10:30:01 AM KST 2026
=================================================================
Step 1: Collecting new DART disclosures...
  [IMPORTANT] [유라클] 임원ㆍ주요주주특정증권등소유상황보고서
  [IMPORTANT] [한화솔루션] 임원ㆍ주요주주특정증권등소유상황보고서
  [IMPORTANT] [한화솔루션] 임원ㆍ주요주주특정증권등소유상황보고서
  [IMPORTANT] [한화솔루션] 임원ㆍ주요주주특정증권등소유상황보고서
Download complete: 11 new, 46 existing, 3 failed, 14 skipped (not important)
Step 2: Building Excel and uploading to Telegram...
[2026-07-03 10:53:20,508] INFO - Saved 5762 closing prices to cache.
[2026-07-03 10:53:20,508] INFO - Excel file built successfully: /home/inhyuk/projects/dataScout/data_dart/dart_disclosures_summary_20260703.xlsx
[2026-07-03 10:53:20,577] INFO - Uploading Excel to Telegram...
[2026-07-03 10:53:25,503] INFO - Telegram document sent successfully to chat -1003877753638
[2026-07-03 10:53:25,504] INFO - Excel successfully uploaded to Telegram.
=================================================================
 DART Periodic Run Completed: Fri Jul  3 10:53:26 AM KST 2026
=================================================================
=================================================================
 DART Periodic Run: Fri Jul  3 11:00:01 AM KST 2026
=================================================================
Step 1: Collecting new DART disclosures...
  [IMPORTANT] [한화솔루션] 임원ㆍ주요주주특정증권등소유상황보고서
  [IMPORTANT] [한화솔루션] 임원ㆍ주요주주특정증권등소유상황보고서
  [IMPORTANT] [JW홀딩스] 주식등의대량보유상황보고서(일반)
  [IMPORTANT] [한화솔루션] 임원ㆍ주요주주특정증권등소유상황보고서
Download complete: 8 new, 57 existing, 4 failed, 26 skipped (not important)
Step 2: Building Excel and uploading to Telegram...
[2026-07-03 11:23:38,077] INFO - Saved 5762 closing prices to cache.
[2026-07-03 11:23:38,077] INFO - Excel file built successfully: /home/inhyuk/projects/dataScout/data_dart/dart_disclosures_summary_20260703.xlsx
[2026-07-03 11:23:38,150] INFO - Uploading Excel to Telegram...
[2026-07-03 11:23:44,746] INFO - Telegram document sent successfully to chat -1003877753638
[2026-07-03 11:23:44,747] INFO - Excel successfully uploaded to Telegram.
=================================================================
 DART Periodic Run Completed: Fri Jul  3 11:23:45 AM KST 2026
=================================================================
=================================================================
 DART Periodic Run: Fri Jul  3 12:00:01 PM KST 2026
=================================================================
Step 1: Collecting new DART disclosures...
  [IMPORTANT] [한화솔루션] 임원ㆍ주요주주특정증권등소유상황보고서
  [IMPORTANT] [한화솔루션] 임원ㆍ주요주주특정증권등소유상황보고서
  [IMPORTANT] [제테마] 주식등의대량보유상황보고서(일반)
  [IMPORTANT] [뉴파워프라즈마] 주식등의대량보유상황보고서(일반)
Download complete: 16 new, 65 existing, 1 failed, 37 skipped (not important)
Step 2: Building Excel and uploading to Telegram...
Killed
[2026-07-03 12:00:07,363] INFO - Total raw disclosures loaded: 85609
[2026-07-03 12:00:07,437] INFO - Total unique disclosures: 85609
[2026-07-03 12:00:08,172] INFO - Parsing details for 85609 disclosures...
[2026-07-03 12:00:24,342] ERROR - Mezzanine API exception: HTTPSConnectionPool(host='opendart.fss.or.kr', port=443): Read timed out. (read timeout=3)
[2026-07-03 12:01:05,159] ERROR - Mezzanine API exception: HTTPSConnectionPool(host='opendart.fss.or.kr', port=443): Read timed out. (read timeout=3)
=================================================================
 DART Periodic Run: Fri Jul  3 12:04:21 PM KST 2026
=================================================================
Step 1: Collecting new DART disclosures...
Starting DART data collection for: 20260703
Successfully saved 120 filtered disclosures to /home/inhyuk/projects/dataScout/data_dart/20260703/disclosures.json
Starting selective download of important disclosure documents...
  [IMPORTANT] [KBI메탈] 주식등의대량보유상황보고서(일반)
Download complete: 1 new, 81 existing, 0 failed, 38 skipped (not important)
Step 2: Building Excel and uploading to Telegram...
=================================================================
 DART Periodic Run: Fri Jul  3 03:30:01 PM KST 2026
=================================================================
Step 1: Collecting new DART disclosures...
  [IMPORTANT] [한화솔루션] 임원ㆍ주요주주특정증권등소유상황보고서
  [IMPORTANT] [에스앤에스텍] 타법인주식및출자증권취득결정(종속회사의주요경영사항)              
  [IMPORTANT] [한화솔루션] 임원ㆍ주요주주특정증권등소유상황보고서
  [     MUST] [서희건설] 주식소각결정              
Download complete: 59 new, 82 existing, 7 failed, 101 skipped (not important)
Step 2: Building Excel and uploading to Telegram...
[2026-07-03 15:46:56,790] INFO - Saved 5841 closing prices to cache.
[2026-07-03 15:46:56,790] INFO - Excel file built successfully: /home/inhyuk/projects/dataScout/data_dart/dart_disclosures_summary_20260703.xlsx
[2026-07-03 15:46:56,862] INFO - Uploading Excel to Telegram...
[2026-07-03 15:47:02,808] INFO - Telegram document sent successfully to chat -1003877753638
[2026-07-03 15:47:02,809] INFO - Excel successfully uploaded to Telegram.
=================================================================
 DART Periodic Run Completed: Fri Jul  3 03:47:03 PM KST 2026
=================================================================
=================================================================
 DART Periodic Run: Fri Jul  3 09:00:01 PM KST 2026
=================================================================
Step 1: Collecting new DART disclosures...
  [IMPORTANT] [리더스코스메틱] [기재정정]주식등의대량보유상황보고서(일반)
  [IMPORTANT] [디젠스] 임원ㆍ주요주주특정증권등소유상황보고서
  [IMPORTANT] [리더스코스메틱] 임원ㆍ주요주주특정증권등소유상황보고서
  [IMPORTANT] [넥써쓰] 주식등의대량보유상황보고서(약식)
Download complete: 193 new, 141 existing, 0 failed, 229 skipped (not important)
Step 2: Building Excel and uploading to Telegram...
[2026-07-03 21:21:18,165] INFO - Saved 5851 closing prices to cache.
[2026-07-03 21:21:18,165] INFO - Excel file built successfully: /home/inhyuk/projects/dataScout/data_dart/dart_disclosures_summary_20260703.xlsx
[2026-07-03 21:21:18,237] INFO - Uploading Excel to Telegram...
[2026-07-03 21:21:23,926] INFO - Telegram document sent successfully to chat -1003877753638
[2026-07-03 21:21:23,927] INFO - Excel successfully uploaded to Telegram.
=================================================================
 DART Periodic Run Completed: Fri Jul  3 09:21:24 PM KST 2026
=================================================================
=================================================================
 DART Periodic Run: Mon Jul  6 12:00:01 PM KST 2026
=================================================================
Step 1: Collecting new DART disclosures...
  [IMPORTANT] [바이오다인] 임원ㆍ주요주주특정증권등소유상황보고서
  [     MUST] [에스에너지] 주식소각결정              
  [IMPORTANT] [에이엘티] 임원ㆍ주요주주특정증권등소유상황보고서
  [IMPORTANT] [에이엘티] 주식등의대량보유상황보고서(일반)
Download complete: 33 new, 0 existing, 1 failed, 28 skipped (not important)
Step 2: Building Excel and uploading to Telegram...
[2026-07-06 12:21:19,821] INFO - Saved 5852 closing prices to cache.
[2026-07-06 12:21:19,821] INFO - Excel file built successfully: /home/inhyuk/projects/dataScout/data_dart/dart_disclosures_summary_20260706.xlsx
[2026-07-06 12:21:19,894] INFO - Uploading Excel to Telegram...
[2026-07-06 12:21:24,737] INFO - Telegram document sent successfully to chat -1003877753638
[2026-07-06 12:21:24,738] INFO - Excel successfully uploaded to Telegram.
=================================================================
 DART Periodic Run Completed: Mon Jul  6 12:21:25 PM KST 2026
=================================================================
=================================================================
 DART Periodic Run: Mon Jul  6 03:30:01 PM KST 2026
=================================================================
Step 1: Collecting new DART disclosures...
  [IMPORTANT] [삼익제약] 임원ㆍ주요주주특정증권등소유상황보고서
  [IMPORTANT] [디에스케이] 주식등의대량보유상황보고서(일반)
  [IMPORTANT] [쎄크] 주식등의대량보유상황보고서(일반)
  [IMPORTANT] [알루코] [기재정정]타인에대한채무보증결정              
Download complete: 45 new, 33 existing, 6 failed, 101 skipped (not important)
Step 2: Building Excel and uploading to Telegram...
[2026-07-06 15:51:59,863] INFO - Saved 5858 closing prices to cache.
[2026-07-06 15:51:59,863] INFO - Excel file built successfully: /home/inhyuk/projects/dataScout/data_dart/dart_disclosures_summary_20260706.xlsx
[2026-07-06 15:51:59,936] INFO - Uploading Excel to Telegram...
[2026-07-06 15:52:07,297] INFO - Telegram document sent successfully to chat -1003877753638
[2026-07-06 15:52:07,298] INFO - Excel successfully uploaded to Telegram.
=================================================================
 DART Periodic Run Completed: Mon Jul  6 03:52:07 PM KST 2026
=================================================================
=================================================================
 DART Periodic Run: Mon Jul  6 09:00:01 PM KST 2026
=================================================================
Step 1: Collecting new DART disclosures...
  [     MUST] [코어라인소프트] 전환사채(해외전환사채포함)발행후만기전사채취득              (제2회차)
  [IMPORTANT] [동양에스텍] 주식등의대량보유상황보고서(약식)
  [IMPORTANT] [화승코퍼레이션] 타인에대한채무보증결정              
  [     MUST] [신송홀딩스] 주요사항보고서(자기주식취득결정)
Download complete: 137 new, 78 existing, 2 failed, 220 skipped (not important)
Step 2: Building Excel and uploading to Telegram...
[2026-07-06 21:23:31,095] INFO - Saved 5875 closing prices to cache.
[2026-07-06 21:23:31,095] INFO - Excel file built successfully: /home/inhyuk/projects/dataScout/data_dart/dart_disclosures_summary_20260706.xlsx
[2026-07-06 21:23:31,167] INFO - Uploading Excel to Telegram...
[2026-07-06 21:23:36,518] INFO - Telegram document sent successfully to chat -1003877753638
[2026-07-06 21:23:36,519] INFO - Excel successfully uploaded to Telegram.
=================================================================
 DART Periodic Run Completed: Mon Jul  6 09:23:37 PM KST 2026
=================================================================
=================================================================
 DART Periodic Run: Tue Jul  7 12:00:01 PM KST 2026
=================================================================
Step 1: Collecting new DART disclosures...
  [     MUST] [제이에스링크] 주요사항보고서(유상증자결정)
  [IMPORTANT] [PS일렉트로닉스] 임원ㆍ주요주주특정증권등소유상황보고서
  [IMPORTANT] [PS일렉트로닉스] 주식등의대량보유상황보고서(일반)
  [     MUST] [푸드나무] 주요사항보고서(유상증자결정)
Download complete: 41 new, 0 existing, 1 failed, 39 skipped (not important)
Step 2: Building Excel and uploading to Telegram...
[2026-07-07 12:24:14,857] INFO - Saved 5930 closing prices to cache.
[2026-07-07 12:24:14,858] INFO - Excel file built successfully: /home/inhyuk/projects/dataScout/data_dart/dart_disclosures_summary_20260707.xlsx
[2026-07-07 12:24:14,933] INFO - Uploading Excel to Telegram...
[2026-07-07 12:24:20,253] INFO - Telegram document sent successfully to chat -1003877753638
[2026-07-07 12:24:20,254] INFO - Excel successfully uploaded to Telegram.
=================================================================
 DART Periodic Run Completed: Tue Jul  7 12:24:20 PM KST 2026
=================================================================
=================================================================
 DART Periodic Run: Tue Jul  7 03:30:01 PM KST 2026
=================================================================
Step 1: Collecting new DART disclosures...
  [     MUST] [까뮤이앤씨] 단일판매ㆍ공급계약체결              
  [IMPORTANT] [더네이쳐홀딩스] 임원ㆍ주요주주특정증권등소유상황보고서
  [     MUST] [크라우드웍스] [첨부정정]주요사항보고서(전환사채권발행결정)
[20260707000051] API Response (not zip): <?xml version="1.0" encoding="UTF-8" standalone="yes"?><result><status>014</status><message>파일이 존재하지 않습니다.</message></result>
Download complete: 46 new, 41 existing, 8 failed, 89 skipped (not important)
Step 2: Building Excel and uploading to Telegram...
[2026-07-07 15:55:20,969] INFO - Saved 5937 closing prices to cache.
[2026-07-07 15:55:20,969] INFO - Excel file built successfully: /home/inhyuk/projects/dataScout/data_dart/dart_disclosures_summary_20260707.xlsx
[2026-07-07 15:55:21,043] INFO - Uploading Excel to Telegram...
[2026-07-07 15:55:29,067] INFO - Telegram document sent successfully to chat -1003877753638
[2026-07-07 15:55:29,068] INFO - Excel successfully uploaded to Telegram.
=================================================================
 DART Periodic Run Completed: Tue Jul  7 03:55:29 PM KST 2026
=================================================================
=================================================================
 DART Periodic Run: Tue Jul  7 09:00:01 PM KST 2026
=================================================================
Step 1: Collecting new DART disclosures...
  [     MUST] [중앙첨단소재] [첨부정정]주요사항보고서(전환사채권발행결정)
[20260707000315] API Response (not zip): <?xml version="1.0" encoding="UTF-8" standalone="yes"?><result><status>014</status><message>파일이 존재하지 않습니다.</message></result>
  [     MUST] [크라우드웍스] [첨부정정]주요사항보고서(전환사채권발행결정)
[20260707000051] API Response (not zip): <?xml version="1.0" encoding="UTF-8" standalone="yes"?><result><status>014</status><message>파일이 존재하지 않습니다.</message></result>
Download complete: 0 new, 230 existing, 3 failed, 194 skipped (not important)
Step 2: Building Excel and uploading to Telegram...
[2026-07-07 21:27:01,129] INFO - Saved 7762 closing prices to cache.
[2026-07-07 21:27:01,129] INFO - Excel file built successfully: /home/inhyuk/projects/dataScout/data_dart/dart_disclosures_summary_20260707.xlsx
[2026-07-07 21:27:01,205] INFO - Uploading Excel to Telegram...
[2026-07-07 21:27:07,703] INFO - Telegram document sent successfully to chat -1003877753638
[2026-07-07 21:27:07,704] INFO - Excel successfully uploaded to Telegram.
=================================================================
 DART Periodic Run Completed: Tue Jul  7 09:27:08 PM KST 2026
=================================================================
=================================================================
 DART Periodic Run: Wed Jul  8 12:00:01 PM KST 2026
=================================================================
Step 1: Collecting new DART disclosures...
  [IMPORTANT] [모아데이타] 주식등의대량보유상황보고서(일반)
  [IMPORTANT] [스모트로닉] 임원ㆍ주요주주특정증권등소유상황보고서
  [     MUST] [엑스큐어] [기재정정]주요사항보고서(전환사채권발행결정)
  [     MUST] [유티아이] 주요사항보고서(전환사채권발행결정)
Download complete: 38 new, 0 existing, 1 failed, 48 skipped (not important)
Step 2: Building Excel and uploading to Telegram...
[2026-07-08 12:24:54,527] INFO - Saved 7766 closing prices to cache.
[2026-07-08 12:24:54,527] INFO - Excel file built successfully: /home/inhyuk/projects/dataScout/data_dart/dart_disclosures_summary_20260708.xlsx
[2026-07-08 12:24:54,603] INFO - Uploading Excel to Telegram...
[2026-07-08 12:25:04,509] INFO - Telegram document sent successfully to chat -1003877753638
[2026-07-08 12:25:04,510] INFO - Excel successfully uploaded to Telegram.
=================================================================
 DART Periodic Run Completed: Wed Jul  8 12:25:05 PM KST 2026
=================================================================
=================================================================
 DART Periodic Run: Wed Jul  8 03:30:01 PM KST 2026
=================================================================
Step 1: Collecting new DART disclosures...
  [IMPORTANT] [메가스터디교육] 주식등의대량보유상황보고서(약식)
  [IMPORTANT] [알티캐스트] 주식등의대량보유상황보고서(약식)
  [     MUST] [NE능률] 주요사항보고서(자기주식취득결정)
  [IMPORTANT] [유티아이] 금전대여결정              (대여금 연장)
Download complete: 45 new, 38 existing, 4 failed, 110 skipped (not important)
Step 2: Building Excel and uploading to Telegram...
[2026-07-08 15:56:55,869] INFO - Saved 7771 closing prices to cache.
[2026-07-08 15:56:55,869] INFO - Excel file built successfully: /home/inhyuk/projects/dataScout/data_dart/dart_disclosures_summary_20260708.xlsx
[2026-07-08 15:56:55,946] INFO - Uploading Excel to Telegram...
[2026-07-08 15:57:01,245] INFO - Telegram document sent successfully to chat -1003877753638
[2026-07-08 15:57:01,246] INFO - Excel successfully uploaded to Telegram.
=================================================================
 DART Periodic Run Completed: Wed Jul  8 03:57:02 PM KST 2026
=================================================================
=================================================================
 DART Periodic Run: Wed Jul  8 09:00:01 PM KST 2026
=================================================================
Step 1: Collecting new DART disclosures...
  [IMPORTANT] [디젠스] 임원ㆍ주요주주특정증권등소유상황보고서
  [IMPORTANT] [리더스코스메틱] 주식등의대량보유상황보고서(일반)
  [     MUST] [아난티] [첨부정정]주요사항보고서(전환사채권발행결정)
[20260708000266] API Response (not zip): <?xml version="1.0" encoding="UTF-8" standalone="yes"?><result><status>014</status><message>파일이 존재하지 않습니다.</message></result>
Download complete: 124 new, 83 existing, 1 failed, 215 skipped (not important)
Step 2: Building Excel and uploading to Telegram...
[2026-07-08 21:26:20,595] INFO - Saved 7784 closing prices to cache.
[2026-07-08 21:26:20,595] INFO - Excel file built successfully: /home/inhyuk/projects/dataScout/data_dart/dart_disclosures_summary_20260708.xlsx
[2026-07-08 21:26:20,672] INFO - Uploading Excel to Telegram...
[2026-07-08 21:26:27,188] INFO - Telegram document sent successfully to chat -1003877753638
[2026-07-08 21:26:27,189] INFO - Excel successfully uploaded to Telegram.
=================================================================
 DART Periodic Run Completed: Wed Jul  8 09:26:27 PM KST 2026
=================================================================
=================================================================
 DART Periodic Run: Thu Jul  9 12:00:01 PM KST 2026
=================================================================
Step 1: Collecting new DART disclosures...
  [IMPORTANT] [영흥] 주식등의대량보유상황보고서(약식)
  [IMPORTANT] [동양이엔피] 주식등의대량보유상황보고서(일반)
  [IMPORTANT] [키움히어로제1호스팩] 주식등의대량보유상황보고서(약식)
  [     MUST] [매드업] 주요사항보고서(자기주식취득결정)
Download complete: 31 new, 0 existing, 1 failed, 28 skipped (not important)
Step 2: Building Excel and uploading to Telegram...
[2026-07-09 14:02:04,423] INFO - Saved 13171 closing prices to cache.
[2026-07-09 14:02:04,423] INFO - Excel file built successfully: /home/inhyuk/projects/dataScout/data_dart/dart_disclosures_summary_20260709.xlsx
[2026-07-09 14:02:04,603] INFO - Uploading Excel to Telegram...
[2026-07-09 14:02:15,583] INFO - Telegram document sent successfully to chat -1003877753638
[2026-07-09 14:02:15,584] INFO - Excel successfully uploaded to Telegram.
=================================================================
 DART Periodic Run Completed: Thu Jul  9 02:02:17 PM KST 2026
=================================================================
=================================================================
 DART Periodic Run: Thu Jul  9 03:30:01 PM KST 2026
=================================================================
Step 1: Collecting new DART disclosures...
  [IMPORTANT] [이화산업] 최대주주변경              
  [IMPORTANT] [씨앤투스] 임원ㆍ주요주주특정증권등소유상황보고서
  [IMPORTANT] [씨앤투스] 주식등의대량보유상황보고서(일반)
  [IMPORTANT] [엠케이전자] 주식등의대량보유상황보고서(약식)
Download complete: 44 new, 31 existing, 29 failed, 79 skipped (not important)
Step 2: Building Excel and uploading to Telegram...
[2026-07-09 17:04:06,506] INFO - Saved 13174 closing prices to cache.
[2026-07-09 17:04:06,506] INFO - Excel file built successfully: /home/inhyuk/projects/dataScout/data_dart/dart_disclosures_summary_20260709.xlsx
[2026-07-09 17:04:06,681] INFO - Uploading Excel to Telegram...
[2026-07-09 17:04:31,240] INFO - Telegram document sent successfully to chat -1003877753638
[2026-07-09 17:04:31,241] INFO - Excel successfully uploaded to Telegram.
=================================================================
 DART Periodic Run Completed: Thu Jul  9 05:04:32 PM KST 2026
=================================================================
=================================================================
 DART Periodic Run: Thu Jul  9 09:00:01 PM KST 2026
=================================================================
Step 1: Collecting new DART disclosures...
  [IMPORTANT] [인텔리안테크] 임원ㆍ주요주주특정증권등소유상황보고서
  [     MUST] [미래산업] [기재정정]주요사항보고서(유상증자결정)
  [IMPORTANT] [세화피앤씨] 주식등의대량보유상황보고서(일반)
  [IMPORTANT] [인텔리안테크] 임원ㆍ주요주주특정증권등소유상황보고서
Download complete: 142 new, 75 existing, 3 failed, 186 skipped (not important)
Step 2: Building Excel and uploading to Telegram...
[2026-07-09 22:34:03,303] INFO - Saved 13194 closing prices to cache.
[2026-07-09 22:34:03,303] INFO - Excel file built successfully: /home/inhyuk/projects/dataScout/data_dart/dart_disclosures_summary_20260709.xlsx
[2026-07-09 22:34:03,478] INFO - Uploading Excel to Telegram...
[2026-07-09 22:34:10,823] INFO - Telegram document sent successfully to chat -1003877753638
[2026-07-09 22:34:10,824] INFO - Excel successfully uploaded to Telegram.
=================================================================
 DART Periodic Run Completed: Thu Jul  9 10:34:12 PM KST 2026
=================================================================
=================================================================
 DART Periodic Run: Fri Jul 10 12:00:01 PM KST 2026
=================================================================
Step 1: Collecting new DART disclosures...
  [     MUST] [SK하이닉스] [기재정정]주요사항보고서(유상증자결정)
  [IMPORTANT] [MDS테크] 주식등의대량보유상황보고서(약식)
  [IMPORTANT] [삼성전자] 임원ㆍ주요주주특정증권등소유상황보고서
  [IMPORTANT] [큐로홀딩스] 주식등의대량보유상황보고서(약식)
Download complete: 61 new, 0 existing, 3 failed, 47 skipped (not important)
Step 2: Building Excel and uploading to Telegram...
[2026-07-10 15:24:17,745] INFO - Saved 18454 closing prices to cache.
[2026-07-10 15:24:17,745] INFO - Excel file built successfully: /home/inhyuk/projects/dataScout/data_dart/dart_disclosures_summary_20260710.xlsx
[2026-07-10 15:24:18,010] INFO - Uploading Excel to Telegram...
[2026-07-10 15:24:46,336] INFO - Telegram document sent successfully to chat -1003877753638
[2026-07-10 15:24:46,338] INFO - Excel successfully uploaded to Telegram.
=================================================================
 DART Periodic Run Completed: Fri Jul 10 03:24:48 PM KST 2026
=================================================================
=================================================================
 DART Periodic Run: Fri Jul 10 03:30:01 PM KST 2026
=================================================================
Step 1: Collecting new DART disclosures...
  [IMPORTANT] [셀레믹스] 임원ㆍ주요주주특정증권등소유상황보고서
  [IMPORTANT] [삼성전자] 임원ㆍ주요주주특정증권등소유상황보고서
  [IMPORTANT] [NHN] [첨부정정]주요사항보고서(회사합병결정)
[20260710000147] API Response (not zip): <?xml version="1.0" encoding="UTF-8" standalone="yes"?><result><status>014</status><message>파일이 존재하지 않습니다.</message></result>
Download complete: 32 new, 61 existing, 9 failed, 120 skipped (not important)
Step 2: Building Excel and uploading to Telegram...
[2026-07-10 18:20:06,629] INFO - Saved 18462 closing prices to cache.
[2026-07-10 18:20:06,629] INFO - Excel file built successfully: /home/inhyuk/projects/dataScout/data_dart/dart_disclosures_summary_20260710.xlsx
[2026-07-10 18:20:06,891] INFO - Uploading Excel to Telegram...
[2026-07-10 18:20:14,183] INFO - Telegram document sent successfully to chat -1003877753638
[2026-07-10 18:20:14,185] INFO - Excel successfully uploaded to Telegram.
=================================================================
 DART Periodic Run Completed: Fri Jul 10 06:20:16 PM KST 2026
=================================================================
=================================================================
 DART Periodic Run: Fri Jul 10 09:00:01 PM KST 2026
=================================================================
Step 1: Collecting new DART disclosures...
  [     MUST] [소프트캠프] [첨부정정]주요사항보고서(전환사채권발행결정)
[20260710000213] API Response (not zip): <?xml version="1.0" encoding="UTF-8" standalone="yes"?><result><status>014</status><message>파일이 존재하지 않습니다.</message></result>
  [IMPORTANT] [NHN] [첨부정정]주요사항보고서(회사합병결정)
[20260710000147] API Response (not zip): <?xml version="1.0" encoding="UTF-8" standalone="yes"?><result><status>014</status><message>파일이 존재하지 않습니다.</message></result>
Download complete: 158 new, 93 existing, 2 failed, 262 skipped (not important)
Step 2: Building Excel and uploading to Telegram...
[2026-07-10 23:49:42,891] INFO - Saved 18482 closing prices to cache.
[2026-07-10 23:49:42,891] INFO - Excel file built successfully: /home/inhyuk/projects/dataScout/data_dart/dart_disclosures_summary_20260710.xlsx
[2026-07-10 23:49:43,146] INFO - Uploading Excel to Telegram...
[2026-07-10 23:49:50,663] INFO - Telegram document sent successfully to chat -1003877753638
[2026-07-10 23:49:50,666] INFO - Excel successfully uploaded to Telegram.
=================================================================
 DART Periodic Run Completed: Fri Jul 10 11:49:52 PM KST 2026
=================================================================
=================================================================
 DART Periodic Run: Sat Jul 11 04:24:10 PM KST 2026
=================================================================
Step 1: Collecting new DART disclosures...
Starting DART data collection for: 20260711
No disclosures found for 20260711.
Step 2: Building Excel and uploading to Telegram...
[2026-07-11 19:11:15,622] INFO - Saved 18482 closing prices to cache.
[2026-07-11 19:11:15,622] INFO - Excel file built successfully: /home/inhyuk/projects/dataScout/data_dart/dart_disclosures_summary_20260711.xlsx
[2026-07-11 19:11:15,899] INFO - Uploading Excel to Telegram...
[2026-07-11 19:11:23,237] INFO - Telegram document sent successfully to chat -1003877753638
[2026-07-11 19:11:23,240] INFO - Excel successfully uploaded to Telegram.
=================================================================
 DART Periodic Run Completed: Sat Jul 11 07:11:25 PM KST 2026
=================================================================
=================================================================
 DART Periodic Run: Mon Jul 13 12:00:01 PM KST 2026
=================================================================
Step 1: Collecting new DART disclosures...
  [IMPORTANT] [파라텍] 임원ㆍ주요주주특정증권등소유상황보고서
  [IMPORTANT] [삼성전자] 임원ㆍ주요주주특정증권등소유상황보고서
  [IMPORTANT] [아미노로직스] 임원ㆍ주요주주특정증권등소유상황보고서
  [IMPORTANT] [아미노로직스] 주식등의대량보유상황보고서(일반)
Download complete: 59 new, 0 existing, 1 failed, 30 skipped (not important)
Step 2: Building Excel and uploading to Telegram...
[Mon Jul 13 03:30:01 PM KST 2026] Another DART periodic run is in progress. Skipping.
[2026-07-13 16:28:25,877] INFO - Saved 20307 closing prices to cache.
[2026-07-13 16:28:25,877] INFO - Excel file built successfully: /home/inhyuk/projects/dataScout/data_dart/dart_disclosures_summary_20260713.xlsx
[2026-07-13 16:28:26,173] INFO - Uploading Excel to Telegram...
[2026-07-13 16:28:35,533] INFO - Telegram document sent successfully to chat -1003877753638
[2026-07-13 16:28:35,537] INFO - Excel successfully uploaded to Telegram.
=================================================================
 DART Periodic Run Completed: Mon Jul 13 04:28:39 PM KST 2026
=================================================================
=================================================================
 DART Periodic Run: Mon Jul 13 09:00:01 PM KST 2026
=================================================================
Step 1: Collecting new DART disclosures...
  [IMPORTANT] [동양] 임원ㆍ주요주주특정증권등소유상황보고서
  [IMPORTANT] [대원전선] 임원ㆍ주요주주특정증권등소유상황보고서
  [IMPORTANT] [동양] 임원ㆍ주요주주특정증권등소유상황보고서
  [     MUST] [비나텍] 단일판매ㆍ공급계약체결              
Download complete: 149 new, 59 existing, 1 failed, 201 skipped (not important)
Step 2: Building Excel and uploading to Telegram...
[2026-07-14 01:07:39,168] INFO - Saved 20342 closing prices to cache.
[2026-07-14 01:07:39,168] INFO - Excel file built successfully: /home/inhyuk/projects/dataScout/data_dart/dart_disclosures_summary_20260713.xlsx
[2026-07-14 01:07:39,474] INFO - Uploading Excel to Telegram...
[2026-07-14 01:07:39,474] ERROR - Failed to send telegram document: [Errno 2] No such file or directory: '/home/inhyuk/projects/dataScout/data_dart/dart_disclosures_summary_20260714.xlsx'
[2026-07-14 01:07:39,474] ERROR - Failed to upload Excel to Telegram.
=================================================================
 DART Periodic Run Completed: Tue Jul 14 01:07:43 AM KST 2026
=================================================================
=================================================================
 DART Periodic Run: Tue Jul 14 12:00:01 PM KST 2026
=================================================================
Step 1: Collecting new DART disclosures...
  [IMPORTANT] [대한항공] [기재정정]회사합병결정(종속회사의주요경영사항)              
  [IMPORTANT] [레몬헬스케어] 주식등의대량보유상황보고서(약식)
  [IMPORTANT] [아시아나항공] [첨부정정]주요사항보고서(회사합병결정)
[20260713000496] API Response (not zip): <?xml version="1.0" encoding="UTF-8" standalone="yes"?><result><status>014</status><message>파일이 존재하지 않습니다.</message></result>
Download complete: 35 new, 0 existing, 3 failed, 27 skipped (not important)
Step 2: Building Excel (fast, cache-only) and uploading to Telegram...
[2026-07-14 13:32:32,001] INFO - Claude CLI option-date extraction succeeded.
[2026-07-14 13:32:47,667] INFO - Claude CLI response generated (subscription, sonnet).
[2026-07-14 13:32:47,667] INFO - Claude CLI option-date extraction succeeded.
[2026-07-14 13:33:33,458] INFO - Claude CLI response generated (subscription, sonnet).
[2026-07-14 13:33:33,458] INFO - Claude CLI option-date extraction succeeded.
Step 3: Launching background verification (--parse-only)...
=================================================================
 DART Periodic Run Completed: Tue Jul 14 01:33:44 PM KST 2026
=================================================================
=================================================================
 DART Periodic Run: Tue Jul 14 03:30:01 PM KST 2026
=================================================================
Step 1: Collecting new DART disclosures...
  [IMPORTANT] [세동] 임원ㆍ주요주주특정증권등소유상황보고서
  [IMPORTANT] [세동] 주식등의대량보유상황보고서(일반)
  [IMPORTANT] [아시아나항공] [첨부정정]주요사항보고서(회사합병결정)
[20260713000496] API Response (not zip): <?xml version="1.0" encoding="UTF-8" standalone="yes"?><result><status>014</status><message>파일이 존재하지 않습니다.</message></result>
Download complete: 35 new, 35 existing, 7 failed, 119 skipped (not important)
Step 2: Building Excel (fast, cache-only) and uploading to Telegram...
[2026-07-14 15:58:18,244] INFO - Excel: saving workbook to disk (zip write)...
[2026-07-14 15:58:43,636] INFO - Excel file built successfully: /home/inhyuk/projects/dataScout/data_dart/dart_disclosures_summary_20260714.xlsx
[2026-07-14 15:58:43,932] INFO - Uploading Excel to Telegram...
[2026-07-14 15:58:53,130] INFO - Telegram document sent successfully to chat -1003877753638
[2026-07-14 15:58:53,135] INFO - Excel successfully uploaded to Telegram.
Step 3: Launching background verification (--parse-only)...
=================================================================
 DART Periodic Run Completed: Tue Jul 14 03:58:56 PM KST 2026
=================================================================
=================================================================
 DART Periodic Run: Tue Jul 14 09:00:01 PM KST 2026
=================================================================
Step 1: Collecting new DART disclosures...
  [IMPORTANT] [이원컴포텍] 주식등의대량보유상황보고서(일반)
  [     MUST] [손오공] [기재정정]주요사항보고서(유상증자결정)
  [IMPORTANT] [아시아나항공] [첨부정정]주요사항보고서(회사합병결정)
[20260713000496] API Response (not zip): <?xml version="1.0" encoding="UTF-8" standalone="yes"?><result><status>014</status><message>파일이 존재하지 않습니다.</message></result>
Download complete: 77 new, 70 existing, 2 failed, 219 skipped (not important)
Step 2: Building Excel (fast, cache-only) and uploading to Telegram...
[2026-07-14 21:28:02,976] INFO - Excel: saving workbook to disk (zip write)...
[2026-07-14 21:28:30,920] INFO - Excel file built successfully: /home/inhyuk/projects/dataScout/data_dart/dart_disclosures_summary_20260714.xlsx
[2026-07-14 21:28:31,217] INFO - Uploading Excel to Telegram...
[2026-07-14 21:28:40,358] INFO - Telegram document sent successfully to chat -1003877753638
[2026-07-14 21:28:40,362] INFO - Excel successfully uploaded to Telegram.
Step 3: Launching background verification (--parse-only)...
=================================================================
 DART Periodic Run Completed: Tue Jul 14 09:28:44 PM KST 2026
=================================================================
=================================================================
 DART Periodic Run: Wed Jul 15 12:00:01 PM KST 2026
=================================================================
Step 1: Collecting new DART disclosures...
  [     MUST] [한화오션] 단일판매ㆍ공급계약체결              
  [IMPORTANT] [토모큐브] 임원ㆍ주요주주특정증권등소유상황보고서
  [IMPORTANT] [현대건설] 임원ㆍ주요주주특정증권등소유상황보고서
  [     MUST] [신성이엔지] 단일판매ㆍ공급계약체결(자율공시)              
Download complete: 30 new, 0 existing, 2 failed, 43 skipped (not important)
Step 2: Building Excel (fast, cache-only) and uploading to Telegram...
[2026-07-15 12:27:55,196] INFO - Excel: saving workbook to disk (zip write)...
[2026-07-15 12:28:23,649] INFO - Excel file built successfully: /home/inhyuk/projects/dataScout/data_dart/dart_disclosures_summary_20260715.xlsx
[2026-07-15 12:28:23,959] INFO - Uploading Excel to Telegram...
[2026-07-15 12:28:32,525] INFO - Telegram document sent successfully to chat -1003877753638
[2026-07-15 12:28:32,529] INFO - Excel successfully uploaded to Telegram.
Step 3: Launching background verification (--parse-only)...
=================================================================
 DART Periodic Run Completed: Wed Jul 15 12:28:36 PM KST 2026
=================================================================
=================================================================
 DART Periodic Run: Wed Jul 15 03:30:01 PM KST 2026
=================================================================
Step 1: Collecting new DART disclosures...
  [     MUST] [이노시뮬레이션] 단일판매ㆍ공급계약체결(자율공시)              
  [IMPORTANT] [삼성전자] 임원ㆍ주요주주특정증권등소유상황보고서
  [     MUST] [모아라이프플러스] [첨부정정]주요사항보고서(전환사채권발행결정)
[20260715000077] API Response (not zip): <?xml version="1.0" encoding="UTF-8" standalone="yes"?><result><status>014</status><message>파일이 존재하지 않습니다.</message></result>
Download complete: 34 new, 30 existing, 15 failed, 131 skipped (not important)
Step 2: Building Excel (fast, cache-only) and uploading to Telegram...
[2026-07-15 15:58:34,116] INFO - Excel: saving workbook to disk (zip write)...
[2026-07-15 15:59:01,932] INFO - Excel file built successfully: /home/inhyuk/projects/dataScout/data_dart/dart_disclosures_summary_20260715.xlsx
[2026-07-15 15:59:02,243] INFO - Uploading Excel to Telegram...
[2026-07-15 15:59:11,851] INFO - Telegram document sent successfully to chat -1003877753638
[2026-07-15 15:59:11,855] INFO - Excel successfully uploaded to Telegram.
Step 3: Launching background verification (--parse-only)...
=================================================================
 DART Periodic Run Completed: Wed Jul 15 03:59:15 PM KST 2026
=================================================================
=================================================================
 DART Periodic Run: Wed Jul 15 09:00:01 PM KST 2026
=================================================================
Step 1: Collecting new DART disclosures...
  [IMPORTANT] [케이티] 임원ㆍ주요주주특정증권등소유상황보고서
  [IMPORTANT] [SK가스] 타인에대한채무보증결정              
  [     MUST] [모아라이프플러스] [첨부정정]주요사항보고서(전환사채권발행결정)
[20260715000077] API Response (not zip): <?xml version="1.0" encoding="UTF-8" standalone="yes"?><result><status>014</status><message>파일이 존재하지 않습니다.</message></result>
Download complete: 117 new, 64 existing, 1 failed, 284 skipped (not important)
Step 2: Building Excel (fast, cache-only) and uploading to Telegram...
[2026-07-15 21:30:45,778] INFO - Excel: saving workbook to disk (zip write)...
[2026-07-15 21:31:13,591] INFO - Excel file built successfully: /home/inhyuk/projects/dataScout/data_dart/dart_disclosures_summary_20260715.xlsx
[2026-07-15 21:31:13,890] INFO - Uploading Excel to Telegram...
[2026-07-15 21:31:22,943] INFO - Telegram document sent successfully to chat -1003877753638
[2026-07-15 21:31:22,946] INFO - Excel successfully uploaded to Telegram.
Step 3: Launching background verification (--parse-only)...
=================================================================
 DART Periodic Run Completed: Wed Jul 15 09:31:26 PM KST 2026
=================================================================
=================================================================
 DART Periodic Run: Thu Jul 16 12:00:01 PM KST 2026
=================================================================
Step 1: Collecting new DART disclosures...
  [IMPORTANT] [에스투더블유] 임원ㆍ주요주주특정증권등소유상황보고서
  [IMPORTANT] [에스투더블유] 주식등의대량보유상황보고서(일반)
  [IMPORTANT] [엔피] 임원ㆍ주요주주특정증권등소유상황보고서
  [IMPORTANT] [엔피] 주식등의대량보유상황보고서(일반)
Download complete: 46 new, 0 existing, 3 failed, 54 skipped (not important)
Step 2: Building Excel (fast, cache-only) and uploading to Telegram...
[2026-07-16 12:28:33,043] INFO - Excel: saving workbook to disk (zip write)...
[2026-07-16 12:29:00,880] INFO - Excel file built successfully: /home/inhyuk/projects/dataScout/data_dart/dart_disclosures_summary_20260716.xlsx
[2026-07-16 12:29:01,175] INFO - Uploading Excel to Telegram...
[2026-07-16 12:29:10,291] INFO - Telegram document sent successfully to chat -1003877753638
[2026-07-16 12:29:10,294] INFO - Excel successfully uploaded to Telegram.
Step 3: Launching background verification (--parse-only)...
=================================================================
 DART Periodic Run Completed: Thu Jul 16 12:29:14 PM KST 2026
=================================================================
=================================================================
 DART Periodic Run: Thu Jul 16 03:30:01 PM KST 2026
=================================================================
Step 1: Collecting new DART disclosures...
  [IMPORTANT] [아모텍] 임원ㆍ주요주주특정증권등소유상황보고서
  [IMPORTANT] [아모텍] 임원ㆍ주요주주특정증권등소유상황보고서
  [IMPORTANT] [삼성에스디에스] [기재정정]임원ㆍ주요주주특정증권등소유상황보고서
  [IMPORTANT] [바이오포트] 주식등의대량보유상황보고서(일반)
Download complete: 49 new, 46 existing, 13 failed, 164 skipped (not important)
Step 2: Building Excel (fast, cache-only) and uploading to Telegram...
[2026-07-16 16:00:25,543] INFO - Excel: saving workbook to disk (zip write)...
[2026-07-16 16:00:53,483] INFO - Excel file built successfully: /home/inhyuk/projects/dataScout/data_dart/dart_disclosures_summary_20260716.xlsx
[2026-07-16 16:00:53,795] INFO - Uploading Excel to Telegram...
[2026-07-16 16:01:04,015] INFO - Telegram document sent successfully to chat -1003877753638
[2026-07-16 16:01:04,019] INFO - Excel successfully uploaded to Telegram.
Step 3: Launching background verification (--parse-only)...
=================================================================
 DART Periodic Run Completed: Thu Jul 16 04:01:07 PM KST 2026
=================================================================
=================================================================
 DART Periodic Run: Thu Jul 16 09:00:01 PM KST 2026
=================================================================
Step 1: Collecting new DART disclosures...
  [     MUST] [한양증권] [첨부정정]주요사항보고서(유상증자결정)
[20260716000522] API Response (not zip): <?xml version="1.0" encoding="UTF-8" standalone="yes"?><result><status>014</status><message>파일이 존재하지 않습니다.</message></result>
  [IMPORTANT] [인베니아] 임원ㆍ주요주주특정증권등소유상황보고서
  [IMPORTANT] [한국금융지주] [기재정정]타법인주식및출자증권취득결정(자회사의 주요경영사항)              
Download complete: 178 new, 95 existing, 1 failed, 341 skipped (not important)
Step 2: Building Excel (fast, cache-only) and uploading to Telegram...
[2026-07-16 21:31:40,161] INFO - Excel: saving workbook to disk (zip write)...
[2026-07-16 21:32:07,842] INFO - Excel file built successfully: /home/inhyuk/projects/dataScout/data_dart/dart_disclosures_summary_20260716.xlsx
[2026-07-16 21:32:08,138] INFO - Uploading Excel to Telegram...
[2026-07-16 21:32:17,914] INFO - Telegram document sent successfully to chat -1003877753638
[2026-07-16 21:32:17,918] INFO - Excel successfully uploaded to Telegram.
Step 3: Launching background verification (--parse-only)...
=================================================================
 DART Periodic Run Completed: Thu Jul 16 09:32:21 PM KST 2026
=================================================================
=================================================================
 DART Periodic Run: Fri Jul 17 12:00:01 PM KST 2026
=================================================================
Step 1: Collecting new DART disclosures...
Starting DART data collection for: 20260717
No disclosures found for 20260717.
Step 2: Building Excel (fast, cache-only) and uploading to Telegram...
[2026-07-17 12:26:58,762] INFO - Excel: saving workbook to disk (zip write)...
[2026-07-17 12:27:24,516] INFO - Excel file built successfully: /home/inhyuk/projects/dataScout/data_dart/dart_disclosures_summary_20260717.xlsx
[2026-07-17 12:27:24,808] INFO - Uploading Excel to Telegram...
[2026-07-17 12:27:34,622] INFO - Telegram document sent successfully to chat -1003877753638
[2026-07-17 12:27:34,625] INFO - Excel successfully uploaded to Telegram.
Step 3: Launching background verification (--parse-only)...
=================================================================
 DART Periodic Run Completed: Fri Jul 17 12:27:38 PM KST 2026
=================================================================
=================================================================
 DART Periodic Run: Fri Jul 17 03:30:01 PM KST 2026
=================================================================
Step 1: Collecting new DART disclosures...
Starting DART data collection for: 20260717
No disclosures found for 20260717.
Step 2: Building Excel (fast, cache-only) and uploading to Telegram...
[2026-07-17 15:57:14,155] INFO - Excel: saving workbook to disk (zip write)...
[2026-07-17 15:57:39,554] INFO - Excel file built successfully: /home/inhyuk/projects/dataScout/data_dart/dart_disclosures_summary_20260717.xlsx
[2026-07-17 15:57:39,851] INFO - Uploading Excel to Telegram...
[2026-07-17 15:57:50,553] INFO - Telegram document sent successfully to chat -1003877753638
[2026-07-17 15:57:50,556] INFO - Excel successfully uploaded to Telegram.
Step 3: Launching background verification (--parse-only)...
=================================================================
 DART Periodic Run Completed: Fri Jul 17 03:57:54 PM KST 2026
=================================================================
=================================================================
 DART Periodic Run: Fri Jul 17 09:00:01 PM KST 2026
=================================================================
Step 1: Collecting new DART disclosures...
Starting DART data collection for: 20260717
No disclosures found for 20260717.
Step 2: Building Excel (fast, cache-only) and uploading to Telegram...
[2026-07-17 21:27:32,142] INFO - Excel: saving workbook to disk (zip write)...
[2026-07-17 21:27:57,621] INFO - Excel file built successfully: /home/inhyuk/projects/dataScout/data_dart/dart_disclosures_summary_20260717.xlsx
[2026-07-17 21:27:57,916] INFO - Uploading Excel to Telegram...
[2026-07-17 21:28:07,835] INFO - Telegram document sent successfully to chat -1003877753638
[2026-07-17 21:28:07,839] INFO - Excel successfully uploaded to Telegram.
Step 3: Launching background verification (--parse-only)...
=================================================================
 DART Periodic Run Completed: Fri Jul 17 09:28:11 PM KST 2026
=================================================================
=================================================================
 DART Periodic Run: Mon Jul 20 12:00:01 PM KST 2026
=================================================================
Step 1: Collecting new DART disclosures...
  [IMPORTANT] [티엑스알로보틱스] 임원ㆍ주요주주특정증권등소유상황보고서
  [IMPORTANT] [티엑스알로보틱스] 임원ㆍ주요주주특정증권등소유상황보고서
  [IMPORTANT] [한국항공우주] 주식등의대량보유상황보고서(일반)
  [IMPORTANT] [영우디에스피] 주식등의대량보유상황보고서(일반)
Download complete: 30 new, 0 existing, 0 failed, 25 skipped (not important)
Step 2: Building Excel (fast, cache-only) and uploading to Telegram...
[2026-07-20 12:29:52,751] INFO - Excel: saving workbook to disk (zip write)...
[2026-07-20 12:30:18,588] INFO - Excel file built successfully: /home/inhyuk/projects/dataScout/data_dart/dart_disclosures_summary_20260720.xlsx
[2026-07-20 12:30:18,897] INFO - Uploading Excel to Telegram...
[2026-07-20 12:30:30,652] INFO - Telegram document sent successfully to chat -1003877753638
[2026-07-20 12:30:30,655] INFO - Excel successfully uploaded to Telegram.
Step 3: Launching background verification (--parse-only)...
=================================================================
 DART Periodic Run Completed: Mon Jul 20 12:30:34 PM KST 2026
=================================================================
=================================================================
 DART Periodic Run: Mon Jul 20 03:30:01 PM KST 2026
=================================================================
Step 1: Collecting new DART disclosures...
  [IMPORTANT] [한독] 주식등의대량보유상황보고서(일반)
  [IMPORTANT] [케이탑리츠] 주식등의대량보유상황보고서(약식)
  [IMPORTANT] [한국맥널티] 임원ㆍ주요주주특정증권등소유상황보고서
  [IMPORTANT] [에프엔씨엔터] 임원ㆍ주요주주특정증권등소유상황보고서
Download complete: 34 new, 30 existing, 4 failed, 104 skipped (not important)
Step 2: Building Excel (fast, cache-only) and uploading to Telegram...
[2026-07-20 15:59:49,253] INFO - Excel: saving workbook to disk (zip write)...
[2026-07-20 16:00:17,185] INFO - Excel file built successfully: /home/inhyuk/projects/dataScout/data_dart/dart_disclosures_summary_20260720.xlsx
[2026-07-20 16:00:17,501] INFO - Uploading Excel to Telegram...
[2026-07-20 16:01:03,064] ERROR - Failed to send telegram document: ('Connection aborted.', TimeoutError('The write operation timed out'))
[2026-07-20 16:01:03,064] ERROR - Failed to upload Excel to Telegram.
Step 3: Launching background verification (--parse-only)...
=================================================================
 DART Periodic Run Completed: Mon Jul 20 04:01:07 PM KST 2026
=================================================================
=================================================================
 DART Periodic Run: Mon Jul 20 09:00:01 PM KST 2026
=================================================================
Step 1: Collecting new DART disclosures...
  [     MUST] [인터엠] 주요사항보고서(자기주식취득결정)
  [IMPORTANT] [가비아] 최대주주변경을수반하는주식양수도계약체결              
  [IMPORTANT] [삼영무역] [첨부정정]주요사항보고서(회사합병결정)
[20260720000118] API Response (not zip): <?xml version="1.0" encoding="UTF-8" standalone="yes"?><result><status>014</status><message>파일이 존재하지 않습니다.</message></result>
Download complete: 97 new, 64 existing, 1 failed, 254 skipped (not important)
Step 2: Building Excel (fast, cache-only) and uploading to Telegram...
[2026-07-20 21:28:04,620] INFO - Excel: saving workbook to disk (zip write)...
[2026-07-20 21:28:32,647] INFO - Excel file built successfully: /home/inhyuk/projects/dataScout/data_dart/dart_disclosures_summary_20260720.xlsx
[2026-07-20 21:28:32,956] INFO - Uploading Excel to Telegram...
[2026-07-20 21:28:42,290] INFO - Telegram document sent successfully to chat -1003877753638
[2026-07-20 21:28:42,294] INFO - Excel successfully uploaded to Telegram.
Step 3: Launching background verification (--parse-only)...
=================================================================
 DART Periodic Run Completed: Mon Jul 20 09:28:46 PM KST 2026
=================================================================
=================================================================
 DART Periodic Run: Tue Jul 21 12:00:01 PM KST 2026
=================================================================
Step 1: Collecting new DART disclosures...
  [IMPORTANT] [닷밀] 임원ㆍ주요주주특정증권등소유상황보고서
  [IMPORTANT] [삼성전자] 임원ㆍ주요주주특정증권등소유상황보고서
  [IMPORTANT] [이리츠코크렙] 주식등의대량보유상황보고서(일반)
  [IMPORTANT] [파라택시스코리아] [기재정정]주요사항보고서(회사합병결정)
Download complete: 31 new, 0 existing, 0 failed, 34 skipped (not important)
Step 2: Building Excel (fast, cache-only) and uploading to Telegram...
[2026-07-21 12:28:08,318] INFO - Excel: saving workbook to disk (zip write)...
[2026-07-21 12:28:33,996] INFO - Excel file built successfully: /home/inhyuk/projects/dataScout/data_dart/dart_disclosures_summary_20260721.xlsx
[2026-07-21 12:28:34,290] INFO - Uploading Excel to Telegram...
[2026-07-21 12:28:43,687] INFO - Telegram document sent successfully to chat -1003877753638
[2026-07-21 12:28:43,690] INFO - Excel successfully uploaded to Telegram.
Step 3: Launching background verification (--parse-only)...
=================================================================
 DART Periodic Run Completed: Tue Jul 21 12:28:47 PM KST 2026
=================================================================
=================================================================
 DART Periodic Run: Tue Jul 21 03:30:01 PM KST 2026
=================================================================
Step 1: Collecting new DART disclosures...
  [IMPORTANT] [큐리오시스] 임원ㆍ주요주주특정증권등소유상황보고서
  [IMPORTANT] [큐리오시스] 임원ㆍ주요주주특정증권등소유상황보고서
  [IMPORTANT] [큐리오시스] 임원ㆍ주요주주특정증권등소유상황보고서
  [IMPORTANT] [큐리오시스] [기재정정]주식등의대량보유상황보고서(일반)
Download complete: 324 new, 31 existing, 126 failed, 76 skipped (not important)
Step 2: Building Excel (fast, cache-only) and uploading to Telegram...
[2026-07-21 16:01:55,446] INFO - Excel: saving workbook to disk (zip write)...
[2026-07-21 16:02:24,211] INFO - Excel file built successfully: /home/inhyuk/projects/dataScout/data_dart/dart_disclosures_summary_20260721.xlsx
[2026-07-21 16:02:24,515] INFO - Uploading Excel to Telegram...
[2026-07-21 16:02:34,234] INFO - Telegram document sent successfully to chat -1003877753638
[2026-07-21 16:02:34,238] INFO - Excel successfully uploaded to Telegram.
Step 3: Launching background verification (--parse-only)...
=================================================================
 DART Periodic Run Completed: Tue Jul 21 04:02:38 PM KST 2026
=================================================================
=================================================================
 DART Periodic Run: Tue Jul 21 09:00:01 PM KST 2026
=================================================================
Step 1: Collecting new DART disclosures...
  [IMPORTANT] [삼성전자] 임원ㆍ주요주주특정증권등소유상황보고서
  [IMPORTANT] [삼성전자] 임원ㆍ주요주주특정증권등소유상황보고서
  [IMPORTANT] [삼성전자] 임원ㆍ주요주주특정증권등소유상황보고서
  [IMPORTANT] [삼성전자] 임원ㆍ주요주주특정증권등소유상황보고서
Download complete: 531 new, 355 existing, 7 failed, 209 skipped (not important)
Step 2: Building Excel (fast, cache-only) and uploading to Telegram...
[2026-07-21 21:32:00,820] INFO - Excel: saving workbook to disk (zip write)...
[2026-07-21 21:32:30,090] INFO - Excel file built successfully: /home/inhyuk/projects/dataScout/data_dart/dart_disclosures_summary_20260721.xlsx
[2026-07-21 21:32:30,395] INFO - Uploading Excel to Telegram...
[2026-07-21 21:32:39,573] INFO - Telegram document sent successfully to chat -1003877753638
[2026-07-21 21:32:39,576] INFO - Excel successfully uploaded to Telegram.
Step 3: Launching background verification (--parse-only)...
=================================================================
 DART Periodic Run Completed: Tue Jul 21 09:32:43 PM KST 2026
=================================================================
=================================================================
 DART Periodic Run: Wed Jul 22 12:00:01 PM KST 2026
=================================================================
Step 1: Collecting new DART disclosures...
  [IMPORTANT] [엔피케이] 임원ㆍ주요주주특정증권등소유상황보고서
  [IMPORTANT] [엔피케이] 임원ㆍ주요주주특정증권등소유상황보고서
  [IMPORTANT] [평화산업] 임원ㆍ주요주주특정증권등소유상황보고서
  [     MUST] [플래티어] 단일판매ㆍ공급계약체결              
Download complete: 28 new, 0 existing, 1 failed, 31 skipped (not important)
Step 2: Building Excel (fast, cache-only) and uploading to Telegram...
[2026-07-22 12:30:09,159] INFO - Excel: saving workbook to disk (zip write)...
[2026-07-22 12:30:37,670] INFO - Excel file built successfully: /home/inhyuk/projects/dataScout/data_dart/dart_disclosures_summary_20260722.xlsx
[2026-07-22 12:30:37,992] INFO - Uploading Excel to Telegram...
[2026-07-22 12:30:47,099] INFO - Telegram document sent successfully to chat -1003877753638
[2026-07-22 12:30:47,103] INFO - Excel successfully uploaded to Telegram.
Step 3: Launching background verification (--parse-only)...
=================================================================
 DART Periodic Run Completed: Wed Jul 22 12:30:51 PM KST 2026
=================================================================
=================================================================
 DART Periodic Run: Wed Jul 22 03:30:01 PM KST 2026
=================================================================
Step 1: Collecting new DART disclosures...
  [IMPORTANT] [에이텀] 주식등의대량보유상황보고서(약식)
  [IMPORTANT] [지투파워] 주요사항보고서(자기주식취득신탁계약해지결정)
  [IMPORTANT] [삼성전자] 임원ㆍ주요주주특정증권등소유상황보고서
  [IMPORTANT] [미원상사] 임원ㆍ주요주주특정증권등소유상황보고서
Download complete: 31 new, 28 existing, 5 failed, 108 skipped (not important)
Step 2: Building Excel (fast, cache-only) and uploading to Telegram...
[2026-07-22 15:59:25,365] INFO - Excel: saving workbook to disk (zip write)...
[2026-07-22 15:59:51,893] INFO - Excel file built successfully: /home/inhyuk/projects/dataScout/data_dart/dart_disclosures_summary_20260722.xlsx
[2026-07-22 15:59:52,207] INFO - Uploading Excel to Telegram...
[2026-07-22 16:00:02,106] INFO - Telegram document sent successfully to chat -1003877753638
[2026-07-22 16:00:02,110] INFO - Excel successfully uploaded to Telegram.
Step 3: Launching background verification (--parse-only)...
=================================================================
 DART Periodic Run Completed: Wed Jul 22 04:00:05 PM KST 2026
=================================================================
=================================================================
 DART Periodic Run: Wed Jul 22 09:00:01 PM KST 2026
=================================================================
Step 1: Collecting new DART disclosures...
  [IMPORTANT] [삼성중공업] 임원ㆍ주요주주특정증권등소유상황보고서
  [IMPORTANT] [모티브링크] 임원ㆍ주요주주특정증권등소유상황보고서
  [IMPORTANT] [모티브링크] 임원ㆍ주요주주특정증권등소유상황보고서
  [IMPORTANT] [모티브링크] 주식등의대량보유상황보고서(일반)
Download complete: 107 new, 59 existing, 0 failed, 259 skipped (not important)
Step 2: Building Excel (fast, cache-only) and uploading to Telegram...
[2026-07-22 21:28:36,335] INFO - Excel: saving workbook to disk (zip write)...
[2026-07-22 21:29:02,685] INFO - Excel file built successfully: /home/inhyuk/projects/dataScout/data_dart/dart_disclosures_summary_20260722.xlsx
[2026-07-22 21:29:02,984] INFO - Uploading Excel to Telegram...
[2026-07-22 21:29:11,999] INFO - Telegram document sent successfully to chat -1003877753638
[2026-07-22 21:29:12,002] INFO - Excel successfully uploaded to Telegram.
Step 3: Launching background verification (--parse-only)...
=================================================================
 DART Periodic Run Completed: Wed Jul 22 09:29:15 PM KST 2026
=================================================================
=================================================================
 DART Periodic Run: Thu Jul 23 12:00:01 PM KST 2026
=================================================================
Step 1: Collecting new DART disclosures...
  [IMPORTANT] [엑스페릭스] 임원ㆍ주요주주특정증권등소유상황보고서
  [IMPORTANT] [엘디티] 임원ㆍ주요주주특정증권등소유상황보고서
  [     MUST] [삼성전기] 단일판매ㆍ공급계약체결              
  [IMPORTANT] [KC산업] 임원ㆍ주요주주특정증권등소유상황보고서
Download complete: 23 new, 0 existing, 2 failed, 68 skipped (not important)
Step 2: Building Excel (fast, cache-only) and uploading to Telegram...
[2026-07-23 12:28:48,299] INFO - Excel: saving workbook to disk (zip write)...
[2026-07-23 12:29:16,509] INFO - Excel file built successfully: /home/inhyuk/projects/dataScout/data_dart/dart_disclosures_summary_20260723.xlsx
[2026-07-23 12:29:16,810] INFO - Uploading Excel to Telegram...
[2026-07-23 12:29:25,612] INFO - Telegram document sent successfully to chat -1003877753638
[2026-07-23 12:29:25,616] INFO - Excel successfully uploaded to Telegram.
Step 3: Launching background verification (--parse-only)...
=================================================================
 DART Periodic Run Completed: Thu Jul 23 12:29:29 PM KST 2026
=================================================================
=================================================================
 DART Periodic Run: Thu Jul 23 03:30:01 PM KST 2026
=================================================================
Step 1: Collecting new DART disclosures...
  [IMPORTANT] [유니셈] 주식등의대량보유상황보고서(약식)
  [IMPORTANT] [케이웨더] 주식등의대량보유상황보고서(일반)
  [IMPORTANT] [듀켐바이오] [첨부정정]주요사항보고서(회사합병결정)
[20260723000044] API Response (not zip): <?xml version="1.0" encoding="UTF-8" standalone="yes"?><result><status>014</status><message>파일이 존재하지 않습니다.</message></result>
Download complete: 40 new, 23 existing, 14 failed, 152 skipped (not important)
Step 2: Building Excel (fast, cache-only) and uploading to Telegram...
[2026-07-23 16:00:14,582] INFO - Excel: saving workbook to disk (zip write)...
[2026-07-23 16:00:43,315] INFO - Excel file built successfully: /home/inhyuk/projects/dataScout/data_dart/dart_disclosures_summary_20260723.xlsx
[2026-07-23 16:00:43,638] INFO - Uploading Excel to Telegram...
[2026-07-23 16:01:29,211] ERROR - Failed to send telegram document: ('Connection aborted.', TimeoutError('The write operation timed out'))
[2026-07-23 16:01:29,211] ERROR - Failed to upload Excel to Telegram.
Step 3: Launching background verification (--parse-only)...
=================================================================
 DART Periodic Run Completed: Thu Jul 23 04:01:33 PM KST 2026
=================================================================
=================================================================
 DART Periodic Run: Thu Jul 23 09:00:01 PM KST 2026
=================================================================
Step 1: Collecting new DART disclosures...
  [IMPORTANT] [리더스코스메틱] 주식등의대량보유상황보고서(일반)
  [IMPORTANT] [리더스코스메틱] 임원ㆍ주요주주특정증권등소유상황보고서
  [IMPORTANT] [듀켐바이오] [첨부정정]주요사항보고서(회사합병결정)
[20260723000044] API Response (not zip): <?xml version="1.0" encoding="UTF-8" standalone="yes"?><result><status>014</status><message>파일이 존재하지 않습니다.</message></result>
Download complete: 167 new, 63 existing, 2 failed, 290 skipped (not important)
Step 2: Building Excel (fast, cache-only) and uploading to Telegram...
[2026-07-23 21:28:29,908] INFO - Excel: saving workbook to disk (zip write)...
[2026-07-23 21:28:58,106] INFO - Excel file built successfully: /home/inhyuk/projects/dataScout/data_dart/dart_disclosures_summary_20260723.xlsx
[2026-07-23 21:28:58,403] INFO - Uploading Excel to Telegram...
[2026-07-23 21:29:08,151] INFO - Telegram document sent successfully to chat -1003877753638
[2026-07-23 21:29:08,155] INFO - Excel successfully uploaded to Telegram.
Step 3: Launching background verification (--parse-only)...
=================================================================
 DART Periodic Run Completed: Thu Jul 23 09:29:12 PM KST 2026
=================================================================
=================================================================
 DART Periodic Run: Fri Jul 24 12:00:02 PM KST 2026
=================================================================
Step 1: Collecting new DART disclosures...
  [IMPORTANT] [앱튼] 임원ㆍ주요주주특정증권등소유상황보고서
  [IMPORTANT] [티에스아이] 임원ㆍ주요주주특정증권등소유상황보고서
  [IMPORTANT] [에이프릴바이오] 최대주주변경              
  [     MUST] [삼성물산] [기재정정]단일판매ㆍ공급계약체결              
Download complete: 31 new, 0 existing, 3 failed, 58 skipped (not important)
Step 2: Building Excel (fast, cache-only) and uploading to Telegram...
[2026-07-24 12:30:56,606] INFO - Excel: saving workbook to disk (zip write)...
[2026-07-24 12:31:24,987] INFO - Excel file built successfully: /home/inhyuk/projects/dataScout/data_dart/dart_disclosures_summary_20260724.xlsx
[2026-07-24 12:31:25,284] INFO - Uploading Excel to Telegram...
[2026-07-24 12:31:35,512] INFO - Telegram document sent successfully to chat -1003877753638
[2026-07-24 12:31:35,516] INFO - Excel successfully uploaded to Telegram.
Step 3: Launching background verification (--parse-only)...
=================================================================
 DART Periodic Run Completed: Fri Jul 24 12:31:39 PM KST 2026
=================================================================
=================================================================
 DART Periodic Run: Fri Jul 24 03:30:01 PM KST 2026
=================================================================
Step 1: Collecting new DART disclosures...
  [IMPORTANT] [영우디에스피] 임원ㆍ주요주주특정증권등소유상황보고서
  [IMPORTANT] [영우디에스피] 임원ㆍ주요주주특정증권등소유상황보고서
  [IMPORTANT] [와이엠] 임원ㆍ주요주주특정증권등소유상황보고서
  [IMPORTANT] [플레이위드] 임원ㆍ주요주주특정증권등소유상황보고서
Download complete: 45 new, 31 existing, 6 failed, 144 skipped (not important)
Step 2: Building Excel (fast, cache-only) and uploading to Telegram...
[2026-07-24 16:00:07,688] INFO - Excel: saving workbook to disk (zip write)...
[2026-07-24 16:00:33,883] INFO - Excel file built successfully: /home/inhyuk/projects/dataScout/data_dart/dart_disclosures_summary_20260724.xlsx
[2026-07-24 16:00:34,193] INFO - Uploading Excel to Telegram...
[2026-07-24 16:00:43,881] INFO - Telegram document sent successfully to chat -1003877753638
[2026-07-24 16:00:43,885] INFO - Excel successfully uploaded to Telegram.
Step 3: Launching background verification (--parse-only)...
=================================================================
 DART Periodic Run Completed: Fri Jul 24 04:00:47 PM KST 2026
=================================================================
=================================================================
 DART Periodic Run: Fri Jul 24 09:00:01 PM KST 2026
=================================================================
Step 1: Collecting new DART disclosures...
  [IMPORTANT] [LG디스플레이] 임원ㆍ주요주주특정증권등소유상황보고서
  [IMPORTANT] [큐로셀] 임원ㆍ주요주주특정증권등소유상황보고서
  [IMPORTANT] [한텍] 임원ㆍ주요주주특정증권등소유상황보고서
  [IMPORTANT] [한화에어로스페이스] 임원ㆍ주요주주특정증권등소유상황보고서
Download complete: 123 new, 76 existing, 0 failed, 326 skipped (not important)
Step 2: Building Excel (fast, cache-only) and uploading to Telegram...
[2026-07-24 21:28:49,425] INFO - Excel: saving workbook to disk (zip write)...
[2026-07-24 21:29:15,830] INFO - Excel file built successfully: /home/inhyuk/projects/dataScout/data_dart/dart_disclosures_summary_20260724.xlsx
[2026-07-24 21:29:16,142] INFO - Uploading Excel to Telegram...
[2026-07-24 21:29:25,363] INFO - Telegram document sent successfully to chat -1003877753638
[2026-07-24 21:29:25,367] INFO - Excel successfully uploaded to Telegram.
Step 3: Launching background verification (--parse-only)...
=================================================================
 DART Periodic Run Completed: Fri Jul 24 09:29:28 PM KST 2026
=================================================================
=================================================================
 DART Periodic Run: Mon Jul 27 12:00:02 PM KST 2026
=================================================================
Step 1: Collecting new DART disclosures...
  [     MUST] [유엑스엔] [기재정정]주요사항보고서(전환사채권발행결정)
  [     MUST] [NAVER] 주식소각결정              
  [     MUST] [NAVER] 주요사항보고서(유상증자결정)
  [IMPORTANT] [LS에코에너지] 타인에대한채무보증결정              
Download complete: 24 new, 0 existing, 2 failed, 43 skipped (not important)
Step 2: Building Excel (fast, cache-only) and uploading to Telegram...
[2026-07-27 12:28:26,452] INFO - Excel: saving workbook to disk (zip write)...
[2026-07-27 12:28:52,522] INFO - Excel file built successfully: /home/inhyuk/projects/dataScout/data_dart/dart_disclosures_summary_20260727.xlsx
[2026-07-27 12:28:52,825] INFO - Uploading Excel to Telegram...
[2026-07-27 12:29:02,074] INFO - Telegram document sent successfully to chat -1003877753638
[2026-07-27 12:29:02,078] INFO - Excel successfully uploaded to Telegram.
Step 3: Launching background verification (--parse-only)...
=================================================================
 DART Periodic Run Completed: Mon Jul 27 12:29:06 PM KST 2026
=================================================================
=================================================================
 DART Periodic Run: Mon Jul 27 03:30:01 PM KST 2026
=================================================================
Step 1: Collecting new DART disclosures...
  [IMPORTANT] [화승인더스트리] 타인에대한채무보증결정              
  [IMPORTANT] [BNK금융지주] 금전대여결정(자회사의 주요경영사항)              
  [IMPORTANT] [아진산업] [첨부정정]타인에대한채무보증결정              
[20260727900112] API Response (not zip): <?xml version="1.0" encoding="UTF-8" standalone="yes"?><result><status>014</status><message>파일이 존재하지 않습니다.</message></result>
Download complete: 29 new, 24 existing, 11 failed, 115 skipped (not important)
Step 2: Building Excel (fast, cache-only) and uploading to Telegram...
[2026-07-27 16:01:14,134] INFO - Excel: saving workbook to disk (zip write)...
[2026-07-27 16:01:42,685] INFO - Excel file built successfully: /home/inhyuk/projects/dataScout/data_dart/dart_disclosures_summary_20260727.xlsx
[2026-07-27 16:01:43,005] INFO - Uploading Excel to Telegram...
[2026-07-27 16:01:52,452] INFO - Telegram document sent successfully to chat -1003877753638
[2026-07-27 16:01:52,456] INFO - Excel successfully uploaded to Telegram.
Step 3: Launching background verification (--parse-only)...
=================================================================
 DART Periodic Run Completed: Mon Jul 27 04:01:56 PM KST 2026
=================================================================
=================================================================
 DART Periodic Run: Mon Jul 27 09:00:01 PM KST 2026
=================================================================
Step 1: Collecting new DART disclosures...
  [IMPORTANT] [에이텀] [기재정정]타법인주식및출자증권취득결정              
  [     MUST] [에이텀] [기재정정]유상증자결정(종속회사의주요경영사항)              
  [IMPORTANT] [아진산업] [첨부정정]타인에대한채무보증결정              
[20260727900112] API Response (not zip): <?xml version="1.0" encoding="UTF-8" standalone="yes"?><result><status>014</status><message>파일이 존재하지 않습니다.</message></result>
Download complete: 109 new, 53 existing, 2 failed, 264 skipped (not important)
Step 2: Building Excel (fast, cache-only) and uploading to Telegram...
[2026-07-27 21:33:05,803] INFO - Excel: saving workbook to disk (zip write)...
[2026-07-27 21:33:34,520] INFO - Excel file built successfully: /home/inhyuk/projects/dataScout/data_dart/dart_disclosures_summary_20260727.xlsx
[2026-07-27 21:33:34,831] INFO - Uploading Excel to Telegram...
[2026-07-27 21:33:44,045] INFO - Telegram document sent successfully to chat -1003877753638
[2026-07-27 21:33:44,049] INFO - Excel successfully uploaded to Telegram.
Step 3: Launching background verification (--parse-only)...
=================================================================
 DART Periodic Run Completed: Mon Jul 27 09:33:48 PM KST 2026
=================================================================
=================================================================
 DART Periodic Run: Tue Jul 28 12:00:01 PM KST 2026
=================================================================
Step 1: Collecting new DART disclosures...
  [IMPORTANT] [헝셩그룹] 최대주주변경              
  [IMPORTANT] [덴티스] 임원ㆍ주요주주특정증권등소유상황보고서
  [IMPORTANT] [덴티스] 주식등의대량보유상황보고서(일반)
  [     MUST] [한국첨단소재] 주요사항보고서(전환사채권발행결정)
Download complete: 25 new, 0 existing, 2 failed, 32 skipped (not important)
Step 2: Building Excel (fast, cache-only) and uploading to Telegram...
[2026-07-28 12:30:09,227] INFO - Excel: saving workbook to disk (zip write)...
[2026-07-28 12:30:40,930] INFO - Excel file built successfully: /home/inhyuk/projects/dataScout/data_dart/dart_disclosures_summary_20260728.xlsx
[2026-07-28 12:30:41,265] INFO - Uploading Excel to Telegram...
[2026-07-28 12:30:51,991] INFO - Telegram document sent successfully to chat -1003877753638
[2026-07-28 12:30:51,995] INFO - Excel successfully uploaded to Telegram.
Step 3: Launching background verification (--parse-only)...
=================================================================
 DART Periodic Run Completed: Tue Jul 28 12:30:56 PM KST 2026
=================================================================
=================================================================
 DART Periodic Run: Tue Jul 28 03:30:01 PM KST 2026
=================================================================
Step 1: Collecting new DART disclosures...
  [IMPORTANT] [선광] 임원ㆍ주요주주특정증권등소유상황보고서
  [IMPORTANT] [에코볼트] [기재정정]주요사항보고서(회사합병결정)
  [     MUST] [서한] [첨부정정]주요사항보고서(신주인수권부사채권발행결정)
[20260728000112] API Response (not zip): <?xml version="1.0" encoding="UTF-8" standalone="yes"?><result><status>014</status><message>파일이 존재하지 않습니다.</message></result>
Download complete: 45 new, 25 existing, 16 failed, 98 skipped (not important)
Step 2: Building Excel (fast, cache-only) and uploading to Telegram...
[2026-07-28 16:01:02,162] INFO - Excel: saving workbook to disk (zip write)...
[2026-07-28 16:01:31,308] INFO - Excel file built successfully: /home/inhyuk/projects/dataScout/data_dart/dart_disclosures_summary_20260728.xlsx
[2026-07-28 16:01:31,638] INFO - Uploading Excel to Telegram...
[2026-07-28 16:01:43,281] INFO - Telegram document sent successfully to chat -1003877753638
[2026-07-28 16:01:43,285] INFO - Excel successfully uploaded to Telegram.
Step 3: Launching background verification (--parse-only)...
=================================================================
 DART Periodic Run Completed: Tue Jul 28 04:01:47 PM KST 2026
=================================================================
=================================================================
 DART Periodic Run: Tue Jul 28 09:00:01 PM KST 2026
=================================================================
Step 1: Collecting new DART disclosures...
  [IMPORTANT] [이뮨온시아] 임원ㆍ주요주주특정증권등소유상황보고서
  [IMPORTANT] [삼성전자] 임원ㆍ주요주주특정증권등소유상황보고서
  [     MUST] [서한] [첨부정정]주요사항보고서(신주인수권부사채권발행결정)
[20260728000112] API Response (not zip): <?xml version="1.0" encoding="UTF-8" standalone="yes"?><result><status>014</status><message>파일이 존재하지 않습니다.</message></result>
Download complete: 112 new, 70 existing, 1 failed, 216 skipped (not important)
Step 2: Building Excel (fast, cache-only) and uploading to Telegram...
[2026-07-28 21:30:15,981] INFO - Excel: saving workbook to disk (zip write)...
[2026-07-28 21:30:47,816] INFO - Excel file built successfully: /home/inhyuk/projects/dataScout/data_dart/dart_disclosures_summary_20260728.xlsx
[2026-07-28 21:30:48,147] INFO - Uploading Excel to Telegram...
[2026-07-28 21:30:58,803] INFO - Telegram document sent successfully to chat -1003877753638
[2026-07-28 21:30:58,807] INFO - Excel successfully uploaded to Telegram.
Step 3: Launching background verification (--parse-only)...
=================================================================
 DART Periodic Run Completed: Tue Jul 28 09:31:03 PM KST 2026
=================================================================
=================================================================
 DART Periodic Run: Wed Jul 29 12:00:01 PM KST 2026
=================================================================
Step 1: Collecting new DART disclosures...
  [IMPORTANT] [디에스케이] [기재정정]최대주주변경을수반하는주식양수도계약체결              
  [IMPORTANT] [신테카바이오] 임원ㆍ주요주주특정증권등소유상황보고서
  [IMPORTANT] [신테카바이오] 주식등의대량보유상황보고서(일반)
  [     MUST] [로지스몬] 주요사항보고서(유상증자결정)
Download complete: 41 new, 0 existing, 2 failed, 58 skipped (not important)
Step 2: Building Excel (fast, cache-only) and uploading to Telegram...
[2026-07-29 12:32:08,898] INFO - Excel: saving workbook to disk (zip write)...
[2026-07-29 12:32:41,034] INFO - Excel file built successfully: /home/inhyuk/projects/dataScout/data_dart/dart_disclosures_summary_20260729.xlsx
[2026-07-29 12:32:41,369] INFO - Uploading Excel to Telegram...
[2026-07-29 12:32:51,260] INFO - Telegram document sent successfully to chat -1003877753638
[2026-07-29 12:32:51,264] INFO - Excel successfully uploaded to Telegram.
Step 3: Launching background verification (--parse-only)...
=================================================================
 DART Periodic Run Completed: Wed Jul 29 12:32:55 PM KST 2026
=================================================================
=================================================================
 DART Periodic Run: Wed Jul 29 03:30:01 PM KST 2026
=================================================================
Step 1: Collecting new DART disclosures...
  [IMPORTANT] [KR모터스] [첨부정정]주요사항보고서(회사합병결정)
[20260729000155] API Response (not zip): <?xml version="1.0" encoding="UTF-8" standalone="yes"?><result><status>014</status><message>파일이 존재하지 않습니다.</message></result>
  [IMPORTANT] [KR모터스] [첨부정정]주요사항보고서(회사합병결정)
[20260729000154] API Response (not zip): <?xml version="1.0" encoding="UTF-8" standalone="yes"?><result><status>014</status><message>파일이 존재하지 않습니다.</message></result>
Download complete: 31 new, 41 existing, 13 failed, 164 skipped (not important)
Step 2: Building Excel (fast, cache-only) and uploading to Telegram...
[2026-07-29 16:01:14,416] INFO - Excel: saving workbook to disk (zip write)...
[2026-07-29 16:01:43,384] INFO - Excel file built successfully: /home/inhyuk/projects/dataScout/data_dart/dart_disclosures_summary_20260729.xlsx
[2026-07-29 16:01:43,701] INFO - Uploading Excel to Telegram...
[2026-07-29 16:01:53,499] INFO - Telegram document sent successfully to chat -1003877753638
[2026-07-29 16:01:53,503] INFO - Excel successfully uploaded to Telegram.
Step 3: Launching background verification (--parse-only)...
=================================================================
 DART Periodic Run Completed: Wed Jul 29 04:01:57 PM KST 2026
=================================================================
=================================================================
 DART Periodic Run: Wed Jul 29 09:00:02 PM KST 2026
=================================================================
Step 1: Collecting new DART disclosures...
  [IMPORTANT] [KR모터스] [첨부정정]주요사항보고서(회사합병결정)
[20260729000155] API Response (not zip): <?xml version="1.0" encoding="UTF-8" standalone="yes"?><result><status>014</status><message>파일이 존재하지 않습니다.</message></result>
  [IMPORTANT] [KR모터스] [첨부정정]주요사항보고서(회사합병결정)
[20260729000154] API Response (not zip): <?xml version="1.0" encoding="UTF-8" standalone="yes"?><result><status>014</status><message>파일이 존재하지 않습니다.</message></result>
Download complete: 129 new, 72 existing, 3 failed, 287 skipped (not important)
Step 2: Building Excel (fast, cache-only) and uploading to Telegram...
[2026-07-29 21:29:56,564] INFO - Excel: saving workbook to disk (zip write)...
[2026-07-29 21:30:28,518] INFO - Excel file built successfully: /home/inhyuk/projects/dataScout/data_dart/dart_disclosures_summary_20260729.xlsx
[2026-07-29 21:30:28,838] INFO - Uploading Excel to Telegram...
[2026-07-29 21:30:38,943] INFO - Telegram document sent successfully to chat -1003877753638
[2026-07-29 21:30:38,947] INFO - Excel successfully uploaded to Telegram.
Step 3: Launching background verification (--parse-only)...
=================================================================
 DART Periodic Run Completed: Wed Jul 29 09:30:43 PM KST 2026
=================================================================
=================================================================
 DART Periodic Run: Thu Jul 30 12:00:01 PM KST 2026
=================================================================
Step 1: Collecting new DART disclosures...
  [IMPORTANT] [닷밀] 주식등의대량보유상황보고서(일반)
  [IMPORTANT] [티비에이치글로벌] 임원ㆍ주요주주특정증권등소유상황보고서
  [IMPORTANT] [세중] 주식등의대량보유상황보고서(일반)
  [     MUST] [에이전트AI] 주요사항보고서(유상증자결정)
Download complete: 34 new, 0 existing, 3 failed, 82 skipped (not important)
Step 2: Building Excel (fast, cache-only) and uploading to Telegram...
[2026-07-30 12:30:27,094] INFO - Excel: saving workbook to disk (zip write)...
[2026-07-30 12:30:56,044] INFO - Excel file built successfully: /home/inhyuk/projects/dataScout/data_dart/dart_disclosures_summary_20260730.xlsx
[2026-07-30 12:30:56,368] INFO - Uploading Excel to Telegram...
[2026-07-30 12:31:06,281] INFO - Telegram document sent successfully to chat -1003877753638
[2026-07-30 12:31:06,285] INFO - Excel successfully uploaded to Telegram.
Step 3: Launching background verification (--parse-only)...
=================================================================
 DART Periodic Run Completed: Thu Jul 30 12:31:10 PM KST 2026
=================================================================
=================================================================
 DART Periodic Run: Thu Jul 30 03:30:01 PM KST 2026
=================================================================
Step 1: Collecting new DART disclosures...
  [IMPORTANT] [대화제약] 임원ㆍ주요주주특정증권등소유상황보고서
  [IMPORTANT] [한중엔시에스] 임원ㆍ주요주주특정증권등소유상황보고서
  [IMPORTANT] [국보디자인] 주식등의대량보유상황보고서(약식)
  [IMPORTANT] [한중엔시에스] 주식등의대량보유상황보고서(일반)
Download complete: 41 new, 34 existing, 8 failed, 164 skipped (not important)
Step 2: Building Excel (fast, cache-only) and uploading to Telegram...
[2026-07-30 16:00:51,174] INFO - Excel: saving workbook to disk (zip write)...
[2026-07-30 16:01:20,435] INFO - Excel file built successfully: /home/inhyuk/projects/dataScout/data_dart/dart_disclosures_summary_20260730.xlsx
[2026-07-30 16:01:20,756] INFO - Uploading Excel to Telegram...
[2026-07-30 16:01:30,907] INFO - Telegram document sent successfully to chat -1003877753638
[2026-07-30 16:01:30,911] INFO - Excel successfully uploaded to Telegram.
Step 3: Launching background verification (--parse-only)...
=================================================================
 DART Periodic Run Completed: Thu Jul 30 04:01:35 PM KST 2026
=================================================================
=================================================================
 DART Periodic Run: Thu Jul 30 09:00:01 PM KST 2026
=================================================================
Step 1: Collecting new DART disclosures...
  [     MUST] [LG화학] 주식소각결정              
  [IMPORTANT] [DL] 주요사항보고서(자기주식취득신탁계약체결결정)(자회사의 주요경영사항)              
  [IMPORTANT] [금비] 임원ㆍ주요주주특정증권등소유상황보고서
  [IMPORTANT] [아모텍] [기재정정]주요사항보고서(유무상증자결정)
Download complete: 121 new, 75 existing, 2 failed, 312 skipped (not important)
Step 2: Building Excel (fast, cache-only) and uploading to Telegram...
[2026-07-30 21:30:25,196] INFO - Excel: saving workbook to disk (zip write)...
[2026-07-30 21:30:57,184] INFO - Excel file built successfully: /home/inhyuk/projects/dataScout/data_dart/dart_disclosures_summary_20260730.xlsx
[2026-07-30 21:30:57,523] INFO - Uploading Excel to Telegram...
[2026-07-30 21:31:07,722] INFO - Telegram document sent successfully to chat -1003877753638
[2026-07-30 21:31:07,726] INFO - Excel successfully uploaded to Telegram.
Step 3: Launching background verification (--parse-only)...
=================================================================
 DART Periodic Run Completed: Thu Jul 30 09:31:12 PM KST 2026
=================================================================
=================================================================
 DART Periodic Run: Fri Jul 31 12:00:01 PM KST 2026
=================================================================
Step 1: Collecting new DART disclosures...
  [IMPORTANT] [PI첨단소재] 임원ㆍ주요주주특정증권등소유상황보고서
  [     MUST] [워트] [기재정정]단일판매ㆍ공급계약체결(자율공시)              
  [IMPORTANT] [모트렉스] 타법인주식및출자증권취득결정(종속회사의주요경영사항)              
  [     MUST] [모트렉스] 유상증자결정(종속회사의주요경영사항)              
Download complete: 93 new, 0 existing, 1 failed, 57 skipped (not important)
Step 2: Building Excel (fast, cache-only) and uploading to Telegram...
[2026-07-31 12:31:15,336] INFO - Excel: saving workbook to disk (zip write)...
[2026-07-31 12:31:44,359] INFO - Excel file built successfully: /home/inhyuk/projects/dataScout/data_dart/dart_disclosures_summary_20260731.xlsx
[2026-07-31 12:31:44,680] INFO - Uploading Excel to Telegram...
[2026-07-31 12:31:54,593] INFO - Telegram document sent successfully to chat -1003877753638
[2026-07-31 12:31:54,597] INFO - Excel successfully uploaded to Telegram.
Step 3: Launching background verification (--parse-only)...
=================================================================
 DART Periodic Run Completed: Fri Jul 31 12:31:58 PM KST 2026
=================================================================
=================================================================
 DART Periodic Run: Fri Jul 31 03:30:01 PM KST 2026
=================================================================
Step 1: Collecting new DART disclosures...
  [IMPORTANT] [동진쎄미켐] 주요사항보고서(자기주식취득신탁계약체결결정)
  [IMPORTANT] [부방] 주식등의대량보유상황보고서(일반)
  [IMPORTANT] [우진플라임] 임원ㆍ주요주주특정증권등소유상황보고서
  [IMPORTANT] [솔트웨어] 임원ㆍ주요주주특정증권등소유상황보고서
Download complete: 50 new, 93 existing, 8 failed, 164 skipped (not important)
Step 2: Building Excel (fast, cache-only) and uploading to Telegram...
[2026-07-31 16:00:46,174] INFO - Excel: saving workbook to disk (zip write)...
[2026-07-31 16:01:15,544] INFO - Excel file built successfully: /home/inhyuk/projects/dataScout/data_dart/dart_disclosures_summary_20260731.xlsx
[2026-07-31 16:01:15,866] INFO - Uploading Excel to Telegram...
[2026-07-31 16:01:25,170] INFO - Telegram document sent successfully to chat -1003877753638
[2026-07-31 16:01:25,174] INFO - Excel successfully uploaded to Telegram.
Step 3: Launching background verification (--parse-only)...
=================================================================
 DART Periodic Run Completed: Fri Jul 31 04:01:29 PM KST 2026
=================================================================
=================================================================
 DART Periodic Run: Fri Jul 31 09:00:01 PM KST 2026
=================================================================
Step 1: Collecting new DART disclosures...
  [IMPORTANT] [두올] 최대주주등소유주식변동신고서(최대주주변경시)              
  [IMPORTANT] [두올] 최대주주변경              
  [     MUST] [원바이오젠] [기재정정]신규시설투자등(자율공시)              
  [IMPORTANT] [글로벌에스엠] 주식등의대량보유상황보고서(일반)
Download complete: 179 new, 143 existing, 1 failed, 387 skipped (not important)
Step 2: Building Excel (fast, cache-only) and uploading to Telegram...
[2026-07-31 21:30:22,477] INFO - Excel: saving workbook to disk (zip write)...
[2026-07-31 21:30:54,217] INFO - Excel file built successfully: /home/inhyuk/projects/dataScout/data_dart/dart_disclosures_summary_20260731.xlsx
[2026-07-31 21:30:54,539] INFO - Uploading Excel to Telegram...
[2026-07-31 21:31:10,058] INFO - Telegram document sent successfully to chat -1003877753638
[2026-07-31 21:31:10,062] INFO - Excel successfully uploaded to Telegram.
Step 3: Launching background verification (--parse-only)...
=================================================================
 DART Periodic Run Completed: Fri Jul 31 09:31:14 PM KST 2026
=================================================================
=================================================================
 DART Periodic Run: Mon Aug  3 12:00:01 PM KST 2026
=================================================================
Step 1: Collecting new DART disclosures...
  [     MUST] [KG모빌리티] 주요사항보고서(전환사채권발행결정)
  [     MUST] [본느] 주요사항보고서(전환사채권발행결정)
  [     MUST] [본느] 주요사항보고서(전환사채권발행결정)
  [     MUST] [본느] 주요사항보고서(유상증자결정)
Download complete: 83 new, 0 existing, 2 failed, 34 skipped (not important)
Step 2: Building Excel (fast, cache-only) and uploading to Telegram...
[2026-08-03 12:30:07,166] INFO - Excel: saving workbook to disk (zip write)...
[2026-08-03 12:30:38,856] INFO - Excel file built successfully: /home/inhyuk/projects/dataScout/data_dart/dart_disclosures_summary_20260803.xlsx
[2026-08-03 12:30:39,181] INFO - Uploading Excel to Telegram...
[2026-08-03 12:30:49,204] INFO - Telegram document sent successfully to chat -1003877753638
[2026-08-03 12:30:49,208] INFO - Excel successfully uploaded to Telegram.
Step 3: Launching background verification (--parse-only)...
=================================================================
 DART Periodic Run Completed: Mon Aug  3 12:30:53 PM KST 2026
=================================================================
=================================================================
 DART Periodic Run: Mon Aug  3 03:30:01 PM KST 2026
=================================================================
Step 1: Collecting new DART disclosures...
  [IMPORTANT] [메디톡스] 임원ㆍ주요주주특정증권등소유상황보고서
  [     MUST] [현대퓨처넷] 주요사항보고서(자기주식취득결정)
  [IMPORTANT] [금강공업] 주식등의대량보유상황보고서(약식)
  [IMPORTANT] [RF시스템즈] 임원ㆍ주요주주특정증권등소유상황보고서
Download complete: 52 new, 83 existing, 8 failed, 94 skipped (not important)
Step 2: Building Excel (fast, cache-only) and uploading to Telegram...
[2026-08-03 16:00:20,980] INFO - Excel: saving workbook to disk (zip write)...
[2026-08-03 16:00:52,791] INFO - Excel file built successfully: /home/inhyuk/projects/dataScout/data_dart/dart_disclosures_summary_20260803.xlsx
[2026-08-03 16:00:53,111] INFO - Uploading Excel to Telegram...
[2026-08-03 16:01:02,997] INFO - Telegram document sent successfully to chat -1003877753638
[2026-08-03 16:01:03,001] INFO - Excel successfully uploaded to Telegram.
Step 3: Launching background verification (--parse-only)...
=================================================================
 DART Periodic Run Completed: Mon Aug  3 04:01:07 PM KST 2026
=================================================================
=================================================================
 DART Periodic Run: Mon Aug  3 09:00:01 PM KST 2026
=================================================================
Step 1: Collecting new DART disclosures...
  [IMPORTANT] [네오뷰] 임원ㆍ주요주주특정증권등소유상황보고서
  [IMPORTANT] [태웅로직스] 주식등의대량보유상황보고서(일반)
  [IMPORTANT] [인바디] 주식등의대량보유상황보고서(일반)
  [IMPORTANT] [네오뷰] 임원ㆍ주요주주특정증권등소유상황보고서
Download complete: 171 new, 135 existing, 0 failed, 195 skipped (not important)
Step 2: Building Excel (fast, cache-only) and uploading to Telegram...
[2026-08-03 21:29:44,735] INFO - Excel: saving workbook to disk (zip write)...
[2026-08-03 21:30:16,612] INFO - Excel file built successfully: /home/inhyuk/projects/dataScout/data_dart/dart_disclosures_summary_20260803.xlsx
[2026-08-03 21:30:16,934] INFO - Uploading Excel to Telegram...
[2026-08-03 21:30:31,443] INFO - Telegram document sent successfully to chat -1003877753638
[2026-08-03 21:30:31,447] INFO - Excel successfully uploaded to Telegram.
Step 3: Launching background verification (--parse-only)...
=================================================================
 DART Periodic Run Completed: Mon Aug  3 09:30:36 PM KST 2026
=================================================================
=================================================================
 DART Periodic Run: Tue Aug  4 12:00:01 PM KST 2026
=================================================================
Step 1: Collecting new DART disclosures...
  [IMPORTANT] [아이씨에이치] 임원ㆍ주요주주특정증권등소유상황보고서
  [IMPORTANT] [아이씨에이치] 임원ㆍ주요주주특정증권등소유상황보고서
  [IMPORTANT] [인카금융서비스] 주식등의대량보유상황보고서(일반)
  [IMPORTANT] [리메드] 주요사항보고서(자기주식취득신탁계약체결결정)
Download complete: 64 new, 0 existing, 0 failed, 20 skipped (not important)
Step 2: Building Excel (fast, cache-only) and uploading to Telegram...
[2026-08-04 12:30:28,822] INFO - Excel: saving workbook to disk (zip write)...
[2026-08-04 12:31:00,712] INFO - Excel file built successfully: /home/inhyuk/projects/dataScout/data_dart/dart_disclosures_summary_20260804.xlsx
[2026-08-04 12:31:01,034] INFO - Uploading Excel to Telegram...
[2026-08-04 12:31:19,112] INFO - Telegram document sent successfully to chat -1003877753638
[2026-08-04 12:31:19,117] INFO - Excel successfully uploaded to Telegram.
Step 3: Launching background verification (--parse-only)...
=================================================================
 DART Periodic Run Completed: Tue Aug  4 12:31:23 PM KST 2026
=================================================================
=================================================================
 DART Periodic Run: Tue Aug  4 03:30:01 PM KST 2026
=================================================================
Step 1: Collecting new DART disclosures...
  [IMPORTANT] [코스메카코리아] 주식등의대량보유상황보고서(약식)
  [IMPORTANT] [글로본] 주식등의대량보유상황보고서(약식)
  [IMPORTANT] [엑시콘] 주식등의대량보유상황보고서(일반)
  [IMPORTANT] [판도라티비] 임원ㆍ주요주주특정증권등소유상황보고서
Download complete: 41 new, 64 existing, 6 failed, 84 skipped (not important)
Step 2: Building Excel (fast, cache-only) and uploading to Telegram...
[2026-08-04 16:01:02,531] INFO - Excel: saving workbook to disk (zip write)...
[2026-08-04 16:01:34,326] INFO - Excel file built successfully: /home/inhyuk/projects/dataScout/data_dart/dart_disclosures_summary_20260804.xlsx
[2026-08-04 16:01:34,654] INFO - Uploading Excel to Telegram...
[2026-08-04 16:01:50,881] INFO - Telegram document sent successfully to chat -1003877753638
[2026-08-04 16:01:50,885] INFO - Excel successfully uploaded to Telegram.
Step 3: Launching background verification (--parse-only)...
=================================================================
 DART Periodic Run Completed: Tue Aug  4 04:01:55 PM KST 2026
=================================================================
=================================================================
 DART Periodic Run: Tue Aug  4 09:00:01 PM KST 2026
=================================================================
Step 1: Collecting new DART disclosures...
  [IMPORTANT] [리가켐바이오] 주식등의대량보유상황보고서(일반)
  [     MUST] [현대건설] [기재정정]단일판매ㆍ공급계약체결              
  [IMPORTANT] [티이엠씨] 주요사항보고서(자기주식취득신탁계약체결결정)
  [     MUST] [금호건설] 단일판매ㆍ공급계약체결              
Download complete: 130 new, 105 existing, 1 failed, 214 skipped (not important)
Step 2: Building Excel (fast, cache-only) and uploading to Telegram...
[2026-08-04 21:30:09,361] INFO - Excel: saving workbook to disk (zip write)...
[2026-08-04 21:30:41,321] INFO - Excel file built successfully: /home/inhyuk/projects/dataScout/data_dart/dart_disclosures_summary_20260804.xlsx
[2026-08-04 21:30:41,654] INFO - Uploading Excel to Telegram...
[2026-08-04 21:31:07,819] INFO - Telegram document sent successfully to chat -1003877753638
[2026-08-04 21:31:07,823] INFO - Excel successfully uploaded to Telegram.
Step 3: Launching background verification (--parse-only)...
=================================================================
 DART Periodic Run Completed: Tue Aug  4 09:31:12 PM KST 2026
=================================================================
=================================================================
 DART Periodic Run: Wed Aug  5 12:00:01 PM KST 2026
=================================================================
Step 1: Collecting new DART disclosures...
  [IMPORTANT] [삼성전자] 임원ㆍ주요주주특정증권등소유상황보고서
  [IMPORTANT] [상보] 주식등의대량보유상황보고서(일반)
  [     MUST] [SK디스커버리] [기재정정]타법인주식및출자증권처분결정(자율공시)              
  [     MUST] [진원생명과학] 주요사항보고서(유상증자결정)
Download complete: 39 new, 0 existing, 3 failed, 57 skipped (not important)
Step 2: Building Excel (fast, cache-only) and uploading to Telegram...
[2026-08-05 12:31:02,369] INFO - Excel: saving workbook to disk (zip write)...
[2026-08-05 12:31:34,679] INFO - Excel file built successfully: /home/inhyuk/projects/dataScout/data_dart/dart_disclosures_summary_20260805.xlsx
[2026-08-05 12:31:35,003] INFO - Uploading Excel to Telegram...
[2026-08-05 12:31:44,814] INFO - Telegram document sent successfully to chat -1003877753638
[2026-08-05 12:31:44,818] INFO - Excel successfully uploaded to Telegram.
Step 3: Launching background verification (--parse-only)...
=================================================================
 DART Periodic Run Completed: Wed Aug  5 12:31:49 PM KST 2026
=================================================================
=================================================================
 DART Periodic Run: Wed Aug  5 03:30:01 PM KST 2026
=================================================================
Step 1: Collecting new DART disclosures...
  [IMPORTANT] [코닉오토메이션] 임원ㆍ주요주주특정증권등소유상황보고서
  [IMPORTANT] [APS] 주식등의대량보유상황보고서(일반)
  [IMPORTANT] [밸로프] 임원ㆍ주요주주특정증권등소유상황보고서
  [IMPORTANT] [엠에프씨] 임원ㆍ주요주주특정증권등소유상황보고서
Download complete: 33 new, 39 existing, 9 failed, 121 skipped (not important)
Step 2: Building Excel (fast, cache-only) and uploading to Telegram...
[2026-08-05 16:03:39,599] INFO - Excel: saving workbook to disk (zip write)...
[2026-08-05 16:04:11,861] INFO - Excel file built successfully: /home/inhyuk/projects/dataScout/data_dart/dart_disclosures_summary_20260805.xlsx
[2026-08-05 16:04:12,188] INFO - Uploading Excel to Telegram...
[2026-08-05 16:04:21,773] INFO - Telegram document sent successfully to chat -1003877753638
[2026-08-05 16:04:21,776] INFO - Excel successfully uploaded to Telegram.
Step 3: Launching background verification (--parse-only)...
=================================================================
 DART Periodic Run Completed: Wed Aug  5 04:04:26 PM KST 2026
=================================================================
=================================================================
 DART Periodic Run: Wed Aug  5 09:00:01 PM KST 2026
=================================================================
Step 1: Collecting new DART disclosures...
  [IMPORTANT] [디젠스] 임원ㆍ주요주주특정증권등소유상황보고서
  [     MUST] [송우인포텍] 단일판매ㆍ공급계약체결(자율공시)              
  [IMPORTANT] [피씨디렉트] 임원ㆍ주요주주특정증권등소유상황보고서
  [     MUST] [주성코퍼레이션] [기재정정]주요사항보고서(전환사채권발행결정)
Download complete: 188 new, 72 existing, 1 failed, 246 skipped (not important)
Step 2: Building Excel (fast, cache-only) and uploading to Telegram...
[2026-08-05 21:30:32,775] INFO - Excel: saving workbook to disk (zip write)...
[2026-08-05 21:31:04,515] INFO - Excel file built successfully: /home/inhyuk/projects/dataScout/data_dart/dart_disclosures_summary_20260805.xlsx
[2026-08-05 21:31:04,846] INFO - Uploading Excel to Telegram...
[2026-08-05 21:31:14,488] INFO - Telegram document sent successfully to chat -1003877753638
[2026-08-05 21:31:14,493] INFO - Excel successfully uploaded to Telegram.
Step 3: Launching background verification (--parse-only)...
=================================================================
 DART Periodic Run Completed: Wed Aug  5 09:31:19 PM KST 2026
=================================================================
=================================================================
 DART Periodic Run: Thu Aug  6 12:00:01 PM KST 2026
=================================================================
Step 1: Collecting new DART disclosures...
  [IMPORTANT] [윙입푸드] 임원ㆍ주요주주특정증권등소유상황보고서
  [IMPORTANT] [삼성전자] 임원ㆍ주요주주특정증권등소유상황보고서
  [     MUST] [동아지질] [기재정정]단일판매ㆍ공급계약체결(자율공시)              
  [     MUST] [바이오솔루션] [기재정정]주요사항보고서(전환사채권발행결정)
Download complete: 30 new, 0 existing, 0 failed, 35 skipped (not important)
Step 2: Building Excel (fast, cache-only) and uploading to Telegram...
[2026-08-06 12:30:35,845] INFO - Excel: saving workbook to disk (zip write)...
[2026-08-06 12:31:07,853] INFO - Excel file built successfully: /home/inhyuk/projects/dataScout/data_dart/dart_disclosures_summary_20260806.xlsx
[2026-08-06 12:31:08,181] INFO - Uploading Excel to Telegram...
[2026-08-06 12:31:22,395] INFO - Telegram document sent successfully to chat -1003877753638
[2026-08-06 12:31:22,399] INFO - Excel successfully uploaded to Telegram.
Step 3: Launching background verification (--parse-only)...
=================================================================
 DART Periodic Run Completed: Thu Aug  6 12:31:27 PM KST 2026
=================================================================
=================================================================
 DART Periodic Run: Thu Aug  6 03:30:01 PM KST 2026
=================================================================
Step 1: Collecting new DART disclosures...
  [IMPORTANT] [스모트로닉] 임원ㆍ주요주주특정증권등소유상황보고서
  [     MUST] [유티아이] [기재정정]주요사항보고서(유상증자결정)
  [IMPORTANT] [제이앤티씨] 주식등의대량보유상황보고서(일반)
  [IMPORTANT] [메지온] 임원ㆍ주요주주특정증권등소유상황보고서
Download complete: 16 new, 30 existing, 4 failed, 105 skipped (not important)
Step 2: Building Excel (fast, cache-only) and uploading to Telegram...
[2026-08-06 16:02:59,403] INFO - Excel: saving workbook to disk (zip write)...
[2026-08-06 16:03:31,642] INFO - Excel file built successfully: /home/inhyuk/projects/dataScout/data_dart/dart_disclosures_summary_20260806.xlsx
[2026-08-06 16:03:31,977] INFO - Uploading Excel to Telegram...
[2026-08-06 16:04:10,210] INFO - Telegram document sent successfully to chat -1003877753638
[2026-08-06 16:04:10,214] INFO - Excel successfully uploaded to Telegram.
Step 3: Launching background verification (--parse-only)...
=================================================================
 DART Periodic Run Completed: Thu Aug  6 04:04:14 PM KST 2026
=================================================================
=================================================================
 DART Periodic Run: Thu Aug  6 09:00:01 PM KST 2026
=================================================================
Step 1: Collecting new DART disclosures...
  [IMPORTANT] [CJ CGV] 주식등의대량보유상황보고서(약식)
  [IMPORTANT] [에이피알] 주식등의대량보유상황보고서(약식)
  [IMPORTANT] [원포유] 주요사항보고서(회사합병결정)
  [IMPORTANT] [한양디지텍] 타인에대한채무보증결정              
Download complete: 108 new, 46 existing, 0 failed, 235 skipped (not important)
Step 2: Building Excel (fast, cache-only) and uploading to Telegram...
[2026-08-06 21:30:28,909] INFO - Excel: saving workbook to disk (zip write)...
[2026-08-06 21:30:58,210] INFO - Excel file built successfully: /home/inhyuk/projects/dataScout/data_dart/dart_disclosures_summary_20260806.xlsx
[2026-08-06 21:30:58,537] INFO - Uploading Excel to Telegram...
[2026-08-06 21:31:08,853] INFO - Telegram document sent successfully to chat -1003877753638
[2026-08-06 21:31:08,857] INFO - Excel successfully uploaded to Telegram.
Step 3: Launching background verification (--parse-only)...
=================================================================
 DART Periodic Run Completed: Thu Aug  6 09:31:13 PM KST 2026
=================================================================
=================================================================
 DART Periodic Run: Fri Aug  7 12:00:01 PM KST 2026
=================================================================
Step 1: Collecting new DART disclosures...
  [     MUST] [HLB테라퓨틱스] [기재정정]주요사항보고서(전환사채권발행결정)
  [IMPORTANT] [주성코퍼레이션] 주식등의대량보유상황보고서(일반)
  [     MUST] [벡트] [기재정정]주요사항보고서(유상증자결정)
  [     MUST] [큐로홀딩스] 주요사항보고서(유상증자결정)
Download complete: 39 new, 0 existing, 2 failed, 54 skipped (not important)
Step 2: Building Excel (fast, cache-only) and uploading to Telegram...
[2026-08-07 12:31:09,263] INFO - Excel: saving workbook to disk (zip write)...
[2026-08-07 12:31:38,488] INFO - Excel file built successfully: /home/inhyuk/projects/dataScout/data_dart/dart_disclosures_summary.xlsx
[2026-08-07 12:31:38,815] INFO - Uploading Excel to Telegram...
[2026-08-07 12:32:13,190] INFO - Telegram document sent successfully to chat -1003877753638
[2026-08-07 12:32:13,194] INFO - Excel successfully uploaded to Telegram.
Step 3: Launching background verification (--parse-only)...
=================================================================
 DART Periodic Run Completed: Fri Aug  7 12:32:17 PM KST 2026
=================================================================
=================================================================
 DART Periodic Run: Fri Aug  7 03:30:01 PM KST 2026
=================================================================
Step 1: Collecting new DART disclosures...
  [     MUST] [현대지에프홀딩스] 주요사항보고서(자기주식취득결정)
  [IMPORTANT] [SUN&L] 주식등의대량보유상황보고서(일반)
  [IMPORTANT] [SUN&L] 임원ㆍ주요주주특정증권등소유상황보고서
  [IMPORTANT] [영흥] 주식등의대량보유상황보고서(일반)
Download complete: 38 new, 39 existing, 18 failed, 148 skipped (not important)
Step 2: Building Excel (fast, cache-only) and uploading to Telegram...
[2026-08-07 16:01:41,601] INFO - Excel: saving workbook to disk (zip write)...
[2026-08-07 16:02:13,856] INFO - Excel file built successfully: /home/inhyuk/projects/dataScout/data_dart/dart_disclosures_summary.xlsx
[2026-08-07 16:02:14,180] INFO - Uploading Excel to Telegram...
[2026-08-07 16:02:23,637] INFO - Telegram document sent successfully to chat -1003877753638
[2026-08-07 16:02:23,642] INFO - Excel successfully uploaded to Telegram.
Step 3: Launching background verification (--parse-only)...
=================================================================
 DART Periodic Run Completed: Fri Aug  7 04:02:28 PM KST 2026
=================================================================
=================================================================
 DART Periodic Run: Fri Aug  7 09:00:01 PM KST 2026
=================================================================
Step 1: Collecting new DART disclosures...
  [     MUST] [이렘] 주요사항보고서(전환사채권발행결정)
  [IMPORTANT] [금양그린파워] 임원ㆍ주요주주특정증권등소유상황보고서
  [     MUST] [상지건설] [첨부정정]주요사항보고서(유상증자결정)
[20260807000306] API Response (not zip): <?xml version="1.0" encoding="UTF-8" standalone="yes"?><result><status>014</status><message>파일이 존재하지 않습니다.</message></result>
Download complete: 174 new, 77 existing, 1 failed, 318 skipped (not important)
Step 2: Building Excel (fast, cache-only) and uploading to Telegram...
[2026-08-07 21:31:02,028] INFO - Excel: saving workbook to disk (zip write)...
[2026-08-07 21:31:37,143] INFO - Excel file built successfully: /home/inhyuk/projects/dataScout/data_dart/dart_disclosures_summary.xlsx
[2026-08-07 21:31:38,612] INFO - Uploading Excel to Telegram...
[2026-08-07 21:31:48,344] INFO - Telegram document sent successfully to chat -1003877753638
[2026-08-07 21:31:48,348] INFO - Excel successfully uploaded to Telegram.
Step 3: Launching background verification (--parse-only)...
=================================================================
 DART Periodic Run Completed: Fri Aug  7 09:31:53 PM KST 2026
=================================================================
=================================================================
 DART Periodic Run: Mon Aug 10 12:00:02 PM KST 2026
=================================================================
Step 1: Collecting new DART disclosures...
  [IMPORTANT] [엠앤씨솔루션] 주식등의대량보유상황보고서(약식)
  [IMPORTANT] [엠투엔] 주식등의대량보유상황보고서(일반)
  [IMPORTANT] [대신밸류리츠] 임원ㆍ주요주주특정증권등소유상황보고서
  [     MUST] [엠엑스로보틱스] 주요사항보고서(유상증자결정)
Download complete: 36 new, 0 existing, 2 failed, 30 skipped (not important)
Step 2: Building Excel (fast, cache-only) and uploading to Telegram...
[2026-08-10 12:31:05,428] INFO - Excel: saving workbook to disk (zip write)...
[2026-08-10 12:31:37,735] INFO - Excel file built successfully: /home/inhyuk/projects/dataScout/data_dart/dart_disclosures_summary.xlsx
[2026-08-10 12:31:38,133] INFO - Uploading Excel to Telegram...
[2026-08-10 12:31:48,690] INFO - Telegram document sent successfully to chat -1003877753638
[2026-08-10 12:31:48,695] INFO - Excel successfully uploaded to Telegram.
Step 3: Launching background verification (--parse-only)...
=================================================================
 DART Periodic Run Completed: Mon Aug 10 12:31:53 PM KST 2026
=================================================================
=================================================================
 DART Periodic Run: Mon Aug 10 03:30:01 PM KST 2026
=================================================================
Step 1: Collecting new DART disclosures...
  [IMPORTANT] [정원엔시스] 임원ㆍ주요주주특정증권등소유상황보고서
  [IMPORTANT] [크라우드웍스] 임원ㆍ주요주주특정증권등소유상황보고서
  [IMPORTANT] [부방] 임원ㆍ주요주주특정증권등소유상황보고서
  [IMPORTANT] [아티스트스튜디오] [기재정정]주식등의대량보유상황보고서(일반)
Download complete: 61 new, 36 existing, 10 failed, 96 skipped (not important)
Step 2: Building Excel (fast, cache-only) and uploading to Telegram...
[2026-08-10 16:01:38,999] INFO - Excel: saving workbook to disk (zip write)...
[2026-08-10 16:02:11,363] INFO - Excel file built successfully: /home/inhyuk/projects/dataScout/data_dart/dart_disclosures_summary.xlsx
[2026-08-10 16:02:11,691] INFO - Uploading Excel to Telegram...
[2026-08-10 16:02:23,770] INFO - Telegram document sent successfully to chat -1003877753638
[2026-08-10 16:02:23,775] INFO - Excel successfully uploaded to Telegram.
Step 3: Launching background verification (--parse-only)...
=================================================================
 DART Periodic Run Completed: Mon Aug 10 04:02:28 PM KST 2026
=================================================================
=================================================================
 DART Periodic Run: Mon Aug 10 09:00:01 PM KST 2026
=================================================================
Step 1: Collecting new DART disclosures...
  [IMPORTANT] [아센디오] 최대주주변경              
  [     MUST] [계룡건설산업] [기재정정]단일판매ㆍ공급계약체결              
  [IMPORTANT] [주성코퍼레이션] 최대주주등소유주식변동신고서(최대주주변경시)              
  [IMPORTANT] [에스에스알] 임원ㆍ주요주주특정증권등소유상황보고서
Download complete: 165 new, 97 existing, 1 failed, 224 skipped (not important)
Step 2: Building Excel (fast, cache-only) and uploading to Telegram...
[2026-08-10 21:30:24,960] INFO - Excel: saving workbook to disk (zip write)...
[2026-08-10 21:30:57,223] INFO - Excel file built successfully: /home/inhyuk/projects/dataScout/data_dart/dart_disclosures_summary.xlsx
[2026-08-10 21:30:57,559] INFO - Uploading Excel to Telegram...
[2026-08-10 21:31:07,266] INFO - Telegram document sent successfully to chat -1003877753638
[2026-08-10 21:31:07,270] INFO - Excel successfully uploaded to Telegram.
Step 3: Launching background verification (--parse-only)...
=================================================================
 DART Periodic Run Completed: Mon Aug 10 09:31:12 PM KST 2026
=================================================================
=================================================================
 DART Periodic Run: Tue Aug 11 12:00:01 PM KST 2026
=================================================================
Step 1: Collecting new DART disclosures...
  [IMPORTANT] [대한조선] 임원ㆍ주요주주특정증권등소유상황보고서
  [IMPORTANT] [대한조선] 임원ㆍ주요주주특정증권등소유상황보고서
  [IMPORTANT] [대한조선] 임원ㆍ주요주주특정증권등소유상황보고서
  [IMPORTANT] [대한조선] 임원ㆍ주요주주특정증권등소유상황보고서
Download complete: 25 new, 0 existing, 1 failed, 37 skipped (not important)
Step 2: Building Excel (fast, cache-only) and uploading to Telegram...
[2026-08-11 12:31:16,177] INFO - Excel: saving workbook to disk (zip write)...
[2026-08-11 12:31:45,345] INFO - Excel file built successfully: /home/inhyuk/projects/dataScout/data_dart/dart_disclosures_summary.xlsx
[2026-08-11 12:31:45,677] INFO - Uploading Excel to Telegram...
[2026-08-11 12:31:55,220] INFO - Telegram document sent successfully to chat -1003877753638
[2026-08-11 12:31:55,225] INFO - Excel successfully uploaded to Telegram.
Step 3: Launching background verification (--parse-only)...
=================================================================
 DART Periodic Run Completed: Tue Aug 11 12:31:59 PM KST 2026
=================================================================
=================================================================
 DART Periodic Run: Tue Aug 11 03:30:01 PM KST 2026
=================================================================
Step 1: Collecting new DART disclosures...
  [IMPORTANT] [드림어스컴퍼니] 임원ㆍ주요주주특정증권등소유상황보고서
  [IMPORTANT] [드림어스컴퍼니] 임원ㆍ주요주주특정증권등소유상황보고서
  [     MUST] [서한] [첨부정정]주요사항보고서(신주인수권부사채권발행결정)
[20260811000009] API Response (not zip): <?xml version="1.0" encoding="UTF-8" standalone="yes"?><result><status>014</status><message>파일이 존재하지 않습니다.</message></result>
Download complete: 28 new, 25 existing, 11 failed, 124 skipped (not important)
Step 2: Building Excel (fast, cache-only) and uploading to Telegram...
[2026-08-11 16:01:57,693] INFO - Excel: saving workbook to disk (zip write)...
[2026-08-11 16:02:29,752] INFO - Excel file built successfully: /home/inhyuk/projects/dataScout/data_dart/dart_disclosures_summary.xlsx
[2026-08-11 16:02:30,078] INFO - Uploading Excel to Telegram...
[2026-08-11 16:02:40,152] INFO - Telegram document sent successfully to chat -1003877753638
[2026-08-11 16:02:40,156] INFO - Excel successfully uploaded to Telegram.
Step 3: Launching background verification (--parse-only)...
=================================================================
 DART Periodic Run Completed: Tue Aug 11 04:02:44 PM KST 2026
=================================================================
=================================================================
 DART Periodic Run: Tue Aug 11 09:00:01 PM KST 2026
=================================================================
Step 1: Collecting new DART disclosures...
  [     MUST] [에스티팜] 전환사채(해외전환사채포함)발행후만기전사채취득              
  [     MUST] [GKL] 신규시설투자등              
  [     MUST] [서한] [첨부정정]주요사항보고서(신주인수권부사채권발행결정)
[20260811000009] API Response (not zip): <?xml version="1.0" encoding="UTF-8" standalone="yes"?><result><status>014</status><message>파일이 존재하지 않습니다.</message></result>
Download complete: 163 new, 53 existing, 1 failed, 310 skipped (not important)
Step 2: Building Excel (fast, cache-only) and uploading to Telegram...
[2026-08-11 21:30:41,565] INFO - Excel: saving workbook to disk (zip write)...
[2026-08-11 21:31:11,047] INFO - Excel file built successfully: /home/inhyuk/projects/dataScout/data_dart/dart_disclosures_summary.xlsx
[2026-08-11 21:31:11,406] INFO - Uploading Excel to Telegram...
[2026-08-11 21:31:20,903] INFO - Telegram document sent successfully to chat -1003877753638
[2026-08-11 21:31:20,908] INFO - Excel successfully uploaded to Telegram.
Step 3: Launching background verification (--parse-only)...
=================================================================
 DART Periodic Run Completed: Tue Aug 11 09:31:25 PM KST 2026
=================================================================
=================================================================
 DART Periodic Run: Wed Aug 12 12:00:01 PM KST 2026
=================================================================
Step 1: Collecting new DART disclosures...
  [IMPORTANT] [제이알글로벌리츠] 임원ㆍ주요주주특정증권등소유상황보고서
  [IMPORTANT] [네오위즈홀딩스] 주요사항보고서(자기주식취득신탁계약체결결정)(자회사의 주요경영사항)              
  [IMPORTANT] [네오위즈] 주요사항보고서(자기주식취득신탁계약체결결정)
  [IMPORTANT] [TYM] 임원ㆍ주요주주특정증권등소유상황보고서
Download complete: 20 new, 0 existing, 3 failed, 91 skipped (not important)
Step 2: Building Excel (fast, cache-only) and uploading to Telegram...
[2026-08-12 12:32:11,870] INFO - Excel: saving workbook to disk (zip write)...
[2026-08-12 12:32:44,307] INFO - Excel file built successfully: /home/inhyuk/projects/dataScout/data_dart/dart_disclosures_summary.xlsx
[2026-08-12 12:32:44,630] INFO - Uploading Excel to Telegram...
[2026-08-12 12:32:54,581] INFO - Telegram document sent successfully to chat -1003877753638
[2026-08-12 12:32:54,585] INFO - Excel successfully uploaded to Telegram.
Step 3: Launching background verification (--parse-only)...
=================================================================
 DART Periodic Run Completed: Wed Aug 12 12:32:59 PM KST 2026
=================================================================
=================================================================
 DART Periodic Run: Wed Aug 12 03:30:01 PM KST 2026
=================================================================
Step 1: Collecting new DART disclosures...
  [IMPORTANT] [원티드랩] 주식등의대량보유상황보고서(일반)
  [     MUST] [두산퓨얼셀] 단일판매ㆍ공급계약체결              
  [     MUST] [계룡건설산업] 단일판매ㆍ공급계약체결              
  [IMPORTANT] [지어소프트] 임원ㆍ주요주주특정증권등소유상황보고서
Download complete: 28 new, 20 existing, 14 failed, 205 skipped (not important)
Step 2: Building Excel (fast, cache-only) and uploading to Telegram...
[2026-08-12 16:03:42,650] INFO - Excel: saving workbook to disk (zip write)...
[2026-08-12 16:04:11,884] INFO - Excel file built successfully: /home/inhyuk/projects/dataScout/data_dart/dart_disclosures_summary.xlsx
[2026-08-12 16:04:12,218] INFO - Uploading Excel to Telegram...
[2026-08-12 16:04:21,727] INFO - Telegram document sent successfully to chat -1003877753638
[2026-08-12 16:04:21,731] INFO - Excel successfully uploaded to Telegram.
Step 3: Launching background verification (--parse-only)...
=================================================================
 DART Periodic Run Completed: Wed Aug 12 04:04:25 PM KST 2026
=================================================================
=================================================================
 DART Periodic Run: Wed Aug 12 09:00:01 PM KST 2026
=================================================================
Step 1: Collecting new DART disclosures...
  [     MUST] [세미티에스] 단일판매ㆍ공급계약체결              
  [IMPORTANT] [디케이락] 임원ㆍ주요주주특정증권등소유상황보고서
  [IMPORTANT] [SH에너지화학] 임원ㆍ주요주주특정증권등소유상황보고서
  [IMPORTANT] [나노씨엠에스] 주식등의대량보유상황보고서(일반)
Download complete: 112 new, 48 existing, 1 failed, 404 skipped (not important)
Step 2: Building Excel (fast, cache-only) and uploading to Telegram...
[2026-08-12 21:30:10,046] INFO - Excel: saving workbook to disk (zip write)...
[2026-08-12 21:30:42,260] INFO - Excel file built successfully: /home/inhyuk/projects/dataScout/data_dart/dart_disclosures_summary.xlsx
[2026-08-12 21:30:42,592] INFO - Uploading Excel to Telegram...
[2026-08-12 21:30:52,050] INFO - Telegram document sent successfully to chat -1003877753638
[2026-08-12 21:30:52,053] INFO - Excel successfully uploaded to Telegram.
Step 3: Launching background verification (--parse-only)...
=================================================================
 DART Periodic Run Completed: Wed Aug 12 09:30:56 PM KST 2026
=================================================================
=================================================================
 DART Periodic Run: Thu Aug 13 12:00:01 PM KST 2026
=================================================================
Step 1: Collecting new DART disclosures...
  [IMPORTANT] [산일전기] 주식등의대량보유상황보고서(일반)
  [IMPORTANT] [산일전기] 임원ㆍ주요주주특정증권등소유상황보고서
  [IMPORTANT] [서진시스템] [기재정정]타인에대한채무보증결정              
  [     MUST] [젬백스] [기재정정]주요사항보고서(유상증자결정)
Download complete: 20 new, 0 existing, 2 failed, 132 skipped (not important)
Step 2: Building Excel (fast, cache-only) and uploading to Telegram...
[2026-08-13 12:32:05,878] INFO - Excel: saving workbook to disk (zip write)...
[2026-08-13 12:32:37,913] INFO - Excel file built successfully: /home/inhyuk/projects/dataScout/data_dart/dart_disclosures_summary.xlsx
[2026-08-13 12:32:38,235] INFO - Uploading Excel to Telegram...
[2026-08-13 12:32:49,166] INFO - Telegram document sent successfully to chat -1003877753638
[2026-08-13 12:32:49,170] INFO - Excel successfully uploaded to Telegram.
Step 3: Launching background verification (--parse-only)...
=================================================================
 DART Periodic Run Completed: Thu Aug 13 12:32:54 PM KST 2026
=================================================================
=================================================================
 DART Periodic Run: Thu Aug 13 03:30:01 PM KST 2026
=================================================================
Step 1: Collecting new DART disclosures...
  [IMPORTANT] [GS리테일] 임원ㆍ주요주주특정증권등소유상황보고서
  [IMPORTANT] [율촌] 주요사항보고서(자기주식취득신탁계약해지결정)
  [IMPORTANT] [라피치] 주식등의대량보유상황보고서(약식)
  [IMPORTANT] [SUN&L] 임원ㆍ주요주주특정증권등소유상황보고서
Download complete: 9 new, 20 existing, 28 failed, 385 skipped (not important)
Step 2: Building Excel (fast, cache-only) and uploading to Telegram...
[2026-08-13 16:04:13,834] INFO - Excel: saving workbook to disk (zip write)...
[2026-08-13 16:04:43,423] INFO - Excel file built successfully: /home/inhyuk/projects/dataScout/data_dart/dart_disclosures_summary.xlsx
[2026-08-13 16:04:43,743] INFO - Uploading Excel to Telegram...
[2026-08-13 16:05:00,836] INFO - Telegram document sent successfully to chat -1003877753638
[2026-08-13 16:05:00,840] INFO - Excel successfully uploaded to Telegram.
Step 3: Launching background verification (--parse-only)...
=================================================================
 DART Periodic Run Completed: Thu Aug 13 04:05:05 PM KST 2026
=================================================================
=================================================================
 DART Periodic Run: Thu Aug 13 09:00:01 PM KST 2026
=================================================================
Step 1: Collecting new DART disclosures...
  [IMPORTANT] [아스트] 임원ㆍ주요주주특정증권등소유상황보고서
  [     MUST] [이노메트리] 주식소각결정              
  [IMPORTANT] [미코] 임원ㆍ주요주주특정증권등소유상황보고서
  [IMPORTANT] [이노메트리] 주요사항보고서(자기주식취득신탁계약해지결정)
Download complete: 127 new, 29 existing, 2 failed, 791 skipped (not important)
Step 2: Building Excel (fast, cache-only) and uploading to Telegram...
[2026-08-13 21:30:58,337] INFO - Excel: saving workbook to disk (zip write)...
[2026-08-13 21:31:30,727] INFO - Excel file built successfully: /home/inhyuk/projects/dataScout/data_dart/dart_disclosures_summary.xlsx
[2026-08-13 21:31:31,050] INFO - Uploading Excel to Telegram...
[2026-08-13 21:32:16,682] ERROR - Failed to send telegram document: ('Connection aborted.', TimeoutError('The write operation timed out'))
[2026-08-13 21:32:16,682] ERROR - Failed to upload Excel to Telegram.
Step 3: Launching background verification (--parse-only)...
=================================================================
 DART Periodic Run Completed: Thu Aug 13 09:32:21 PM KST 2026
=================================================================
=================================================================
 DART Periodic Run: Fri Aug 14 12:00:01 PM KST 2026
=================================================================
Step 1: Collecting new DART disclosures...
  [IMPORTANT] [카카오뱅크] 임원ㆍ주요주주특정증권등소유상황보고서
  [IMPORTANT] [광진실업] [기재정정]최대주주변경              
  [IMPORTANT] [광진실업] 최대주주변경을수반하는주식담보제공계약체결              
  [     MUST] [모아데이타] 주요사항보고서(유상증자결정)
Download complete: 31 new, 0 existing, 18 failed, 428 skipped (not important)
Step 2: Building Excel (fast, cache-only) and uploading to Telegram...
[2026-08-14 12:34:57,140] INFO - Excel: saving workbook to disk (zip write)...
[2026-08-14 12:35:29,516] INFO - Excel file built successfully: /home/inhyuk/projects/dataScout/data_dart/dart_disclosures_summary.xlsx
[2026-08-14 12:35:29,847] INFO - Uploading Excel to Telegram...
[2026-08-14 12:35:39,386] INFO - Telegram document sent successfully to chat -1003877753638
[2026-08-14 12:35:39,390] INFO - Excel successfully uploaded to Telegram.
Step 3: Launching background verification (--parse-only)...
=================================================================
 DART Periodic Run Completed: Fri Aug 14 12:35:44 PM KST 2026
=================================================================
=================================================================
 DART Periodic Run: Fri Aug 14 03:30:01 PM KST 2026
=================================================================
Step 1: Collecting new DART disclosures...
  [IMPORTANT] [성원에너텍] [기재정정]주식등의대량보유상황보고서(일반)
  [IMPORTANT] [성원에너텍] [기재정정]주식등의대량보유상황보고서(일반)
  [IMPORTANT] [주성코퍼레이션] 임원ㆍ주요주주특정증권등소유상황보고서
  [IMPORTANT] [에프알텍] 임원ㆍ주요주주특정증권등소유상황보고서
Download complete: 19 new, 31 existing, 52 failed, 1156 skipped (not important)
Step 2: Building Excel (fast, cache-only) and uploading to Telegram...
[2026-08-14 16:25:38,071] INFO - Excel: saving workbook to disk (zip write)...
[2026-08-14 16:26:10,582] INFO - Excel file built successfully: /home/inhyuk/projects/dataScout/data_dart/dart_disclosures_summary.xlsx
[2026-08-14 16:26:10,920] INFO - Uploading Excel to Telegram...
[2026-08-14 16:26:23,478] INFO - Telegram document sent successfully to chat -1003877753638
[2026-08-14 16:26:23,482] INFO - Excel successfully uploaded to Telegram.
Step 3: Launching background verification (--parse-only)...
=================================================================
 DART Periodic Run Completed: Fri Aug 14 04:26:28 PM KST 2026
=================================================================
=================================================================
 DART Periodic Run: Fri Aug 14 09:00:01 PM KST 2026
=================================================================
Step 1: Collecting new DART disclosures...
  [     MUST] [금호건설] [기재정정]단일판매ㆍ공급계약체결              
  [IMPORTANT] [한국정밀기계] 임원ㆍ주요주주특정증권등소유상황보고서
  [IMPORTANT] [한국가스공사] 임원ㆍ주요주주특정증권등소유상황보고서
  [IMPORTANT] [아세아제지] 주요사항보고서(자기주식취득신탁계약해지결정)
Download complete: 5 new, 0 existing, 154 failed, 2198 skipped (not important)
Step 2: Building Excel (fast, cache-only) and uploading to Telegram...
[2026-08-14 21:35:43,869] INFO - Excel: saving workbook to disk (zip write)...
[2026-08-14 21:36:16,492] INFO - Excel file built successfully: /home/inhyuk/projects/dataScout/data_dart/dart_disclosures_summary.xlsx
[2026-08-14 21:36:16,840] INFO - Uploading Excel to Telegram...
[2026-08-14 21:36:38,657] INFO - Telegram document sent successfully to chat -1003877753638
[2026-08-14 21:36:38,661] INFO - Excel successfully uploaded to Telegram.
Step 3: Launching background verification (--parse-only)...
=================================================================
 DART Periodic Run Completed: Fri Aug 14 09:36:43 PM KST 2026
=================================================================
=================================================================
 DART Periodic Run: Mon Aug 17 12:00:01 PM KST 2026
=================================================================
Step 1: Collecting new DART disclosures...
Starting DART data collection for: 20260817
No disclosures found for 20260817.
Step 2: Building Excel (fast, cache-only) and uploading to Telegram...
[2026-08-17 12:30:10,106] INFO - Excel: saving workbook to disk (zip write)...
[2026-08-17 12:30:42,586] INFO - Excel file built successfully: /home/inhyuk/projects/dataScout/data_dart/dart_disclosures_summary.xlsx
[2026-08-17 12:30:42,939] INFO - Uploading Excel to Telegram...
[2026-08-17 12:31:07,813] INFO - Telegram document sent successfully to chat -1003877753638
[2026-08-17 12:31:07,817] INFO - Excel successfully uploaded to Telegram.
Step 3: Launching background verification (--parse-only)...
=================================================================
 DART Periodic Run Completed: Mon Aug 17 12:31:12 PM KST 2026
=================================================================
=================================================================
 DART Periodic Run: Mon Aug 17 03:30:01 PM KST 2026
=================================================================
Step 1: Collecting new DART disclosures...
Starting DART data collection for: 20260817
No disclosures found for 20260817.
Step 2: Building Excel (fast, cache-only) and uploading to Telegram...
[2026-08-17 16:01:17,628] INFO - Excel: saving workbook to disk (zip write)...
[2026-08-17 16:01:50,731] INFO - Excel file built successfully: /home/inhyuk/projects/dataScout/data_dart/dart_disclosures_summary.xlsx
[2026-08-17 16:01:51,086] INFO - Uploading Excel to Telegram...
[2026-08-17 16:02:01,171] INFO - Telegram document sent successfully to chat -1003877753638
[2026-08-17 16:02:01,174] INFO - Excel successfully uploaded to Telegram.
Step 3: Launching background verification (--parse-only)...
=================================================================
 DART Periodic Run Completed: Mon Aug 17 04:02:06 PM KST 2026
=================================================================
=================================================================
 DART Periodic Run: Mon Aug 17 09:00:01 PM KST 2026
=================================================================
Step 1: Collecting new DART disclosures...
Starting DART data collection for: 20260817
No disclosures found for 20260817.
Step 2: Building Excel (fast, cache-only) and uploading to Telegram...
[2026-08-17 21:30:26,269] INFO - Excel: saving workbook to disk (zip write)...
[2026-08-17 21:30:58,968] INFO - Excel file built successfully: /home/inhyuk/projects/dataScout/data_dart/dart_disclosures_summary.xlsx
[2026-08-17 21:30:59,299] INFO - Uploading Excel to Telegram...
[2026-08-17 21:31:09,704] INFO - Telegram document sent successfully to chat -1003877753638
[2026-08-17 21:31:09,708] INFO - Excel successfully uploaded to Telegram.
Step 3: Launching background verification (--parse-only)...
=================================================================
 DART Periodic Run Completed: Mon Aug 17 09:31:14 PM KST 2026
=================================================================
=================================================================
 DART Periodic Run: Tue Aug 18 12:00:01 PM KST 2026
=================================================================
Step 1: Collecting new DART disclosures...
[20260818000018] API Response (not zip): <?xml version="1.0" encoding="UTF-8" standalone="yes"?><result><status>014</status><message>파일이 존재하지 않습니다.</message></result>
  [     MUST] [HJ중공업] 단일판매ㆍ공급계약체결              
  [IMPORTANT] [롯데렌탈] 주식등의대량보유상황보고서(일반)
  [IMPORTANT] [로지스몬] 주식등의대량보유상황보고서(약식)
Download complete: 18 new, 0 existing, 5 failed, 41 skipped (not important)
Step 2: Building Excel (fast, cache-only) and uploading to Telegram...
[2026-08-18 12:31:35,874] INFO - Excel: saving workbook to disk (zip write)...
[2026-08-18 12:32:08,718] INFO - Excel file built successfully: /home/inhyuk/projects/dataScout/data_dart/dart_disclosures_summary.xlsx
[2026-08-18 12:32:09,056] INFO - Uploading Excel to Telegram...
[2026-08-18 12:32:18,965] INFO - Telegram document sent successfully to chat -1003877753638
[2026-08-18 12:32:18,969] INFO - Excel successfully uploaded to Telegram.
Step 3: Launching background verification (--parse-only)...
=================================================================
 DART Periodic Run Completed: Tue Aug 18 12:32:23 PM KST 2026
=================================================================
=================================================================
 DART Periodic Run: Tue Aug 18 03:30:01 PM KST 2026
=================================================================
Step 1: Collecting new DART disclosures...
  [IMPORTANT] [한국카본] [첨부정정]주요사항보고서(회사합병결정)
[20260818000019] API Response (not zip): <?xml version="1.0" encoding="UTF-8" standalone="yes"?><result><status>014</status><message>파일이 존재하지 않습니다.</message></result>
  [IMPORTANT] [한국카본] [첨부정정]주요사항보고서(회사합병결정)
[20260818000018] API Response (not zip): <?xml version="1.0" encoding="UTF-8" standalone="yes"?><result><status>014</status><message>파일이 존재하지 않습니다.</message></result>
Download complete: 42 new, 18 existing, 6 failed, 80 skipped (not important)
Step 2: Building Excel (fast, cache-only) and uploading to Telegram...
[2026-08-18 16:02:09,715] INFO - Excel: saving workbook to disk (zip write)...
[2026-08-18 16:02:39,271] INFO - Excel file built successfully: /home/inhyuk/projects/dataScout/data_dart/dart_disclosures_summary.xlsx
[2026-08-18 16:02:39,645] INFO - Uploading Excel to Telegram...
[2026-08-18 16:03:25,323] ERROR - Failed to send telegram document: ('Connection aborted.', TimeoutError('The write operation timed out'))
[2026-08-18 16:03:25,323] ERROR - Failed to upload Excel to Telegram.
Step 3: Launching background verification (--parse-only)...
=================================================================
 DART Periodic Run Completed: Tue Aug 18 04:03:29 PM KST 2026
=================================================================
=================================================================
 DART Periodic Run: Tue Aug 18 09:00:01 PM KST 2026
=================================================================
Step 1: Collecting new DART disclosures...
  [IMPORTANT] [한국카본] [첨부정정]주요사항보고서(회사합병결정)
[20260818000019] API Response (not zip): <?xml version="1.0" encoding="UTF-8" standalone="yes"?><result><status>014</status><message>파일이 존재하지 않습니다.</message></result>
  [IMPORTANT] [한국카본] [첨부정정]주요사항보고서(회사합병결정)
[20260818000018] API Response (not zip): <?xml version="1.0" encoding="UTF-8" standalone="yes"?><result><status>014</status><message>파일이 존재하지 않습니다.</message></result>
Download complete: 84 new, 60 existing, 5 failed, 182 skipped (not important)
Step 2: Building Excel (fast, cache-only) and uploading to Telegram...
[2026-08-18 21:30:53,672] INFO - Excel: saving workbook to disk (zip write)...
[2026-08-18 21:31:26,732] INFO - Excel file built successfully: /home/inhyuk/projects/dataScout/data_dart/dart_disclosures_summary.xlsx
[2026-08-18 21:31:27,083] INFO - Uploading Excel to Telegram...
[2026-08-18 21:31:36,810] INFO - Telegram document sent successfully to chat -1003877753638
[2026-08-18 21:31:36,813] INFO - Excel successfully uploaded to Telegram.
Step 3: Launching background verification (--parse-only)...
=================================================================
 DART Periodic Run Completed: Tue Aug 18 09:31:41 PM KST 2026
=================================================================
=================================================================
 DART Periodic Run: Wed Aug 19 12:00:01 PM KST 2026
=================================================================
Step 1: Collecting new DART disclosures...
  [IMPORTANT] [삼성화재해상보험] 주식등의대량보유상황보고서(약식)
  [     MUST] [에스에스알] 주요사항보고서(유상증자결정)
  [IMPORTANT] [에스에스알] 주요사항보고서(영업양수결정)
  [     MUST] [에이전트AI] [기재정정]주요사항보고서(유상증자결정)
Download complete: 28 new, 0 existing, 0 failed, 28 skipped (not important)
Step 2: Building Excel (fast, cache-only) and uploading to Telegram...
[2026-08-19 12:31:42,558] INFO - Excel: saving workbook to disk (zip write)...
[2026-08-19 12:32:12,338] INFO - Excel file built successfully: /home/inhyuk/projects/dataScout/data_dart/dart_disclosures_summary.xlsx
[2026-08-19 12:32:12,670] INFO - Uploading Excel to Telegram...
[2026-08-19 12:32:23,271] INFO - Telegram document sent successfully to chat -1003877753638
[2026-08-19 12:32:23,275] INFO - Excel successfully uploaded to Telegram.
Step 3: Launching background verification (--parse-only)...
=================================================================
 DART Periodic Run Completed: Wed Aug 19 12:32:27 PM KST 2026
=================================================================
=================================================================
 DART Periodic Run: Wed Aug 19 03:30:01 PM KST 2026
=================================================================
Step 1: Collecting new DART disclosures...
  [IMPORTANT] [딜리셔스] 주식등의대량보유상황보고서(일반)
  [     MUST] [대우건설] 단일판매ㆍ공급계약체결              
  [     MUST] [에이직랜드] [기재정정]단일판매ㆍ공급계약체결              
  [IMPORTANT] [이엠텍] 임원ㆍ주요주주특정증권등소유상황보고서
Download complete: 45 new, 28 existing, 1 failed, 48 skipped (not important)
Step 2: Building Excel (fast, cache-only) and uploading to Telegram...
[2026-08-19 16:02:26,232] INFO - Excel: saving workbook to disk (zip write)...
[2026-08-19 16:02:56,373] INFO - Excel file built successfully: /home/inhyuk/projects/dataScout/data_dart/dart_disclosures_summary.xlsx
[2026-08-19 16:02:56,719] INFO - Uploading Excel to Telegram...
[2026-08-19 16:03:05,982] INFO - Telegram document sent successfully to chat -1003877753638
[2026-08-19 16:03:05,986] INFO - Excel successfully uploaded to Telegram.
Step 3: Launching background verification (--parse-only)...
=================================================================
 DART Periodic Run Completed: Wed Aug 19 04:03:10 PM KST 2026
=================================================================
=================================================================
 DART Periodic Run: Wed Aug 19 09:00:01 PM KST 2026
=================================================================
Step 1: Collecting new DART disclosures...
  [     MUST] [씨엑스아이] [기재정정]타법인주식및출자증권처분결정(종속회사의주요경영사항)              
  [     MUST] [SK스퀘어] 주요사항보고서(자기주식취득결정)(자회사의 주요경영사항)              
  [     MUST] [SK하이닉스] 주요사항보고서(자기주식취득결정)
  [IMPORTANT] [태양기계] 임원ㆍ주요주주특정증권등소유상황보고서
Download complete: 82 new, 73 existing, 0 failed, 135 skipped (not important)
Step 2: Building Excel (fast, cache-only) and uploading to Telegram...
[2026-08-19 21:30:38,009] INFO - Excel: saving workbook to disk (zip write)...
[2026-08-19 21:31:10,606] INFO - Excel file built successfully: /home/inhyuk/projects/dataScout/data_dart/dart_disclosures_summary.xlsx
[2026-08-19 21:31:10,945] INFO - Uploading Excel to Telegram...
[2026-08-19 21:31:20,959] INFO - Telegram document sent successfully to chat -1003877753638
[2026-08-19 21:31:20,962] INFO - Excel successfully uploaded to Telegram.
Step 3: Launching background verification (--parse-only)...
=================================================================
 DART Periodic Run Completed: Wed Aug 19 09:31:25 PM KST 2026
=================================================================
=================================================================
 DART Periodic Run: Thu Aug 20 12:00:01 PM KST 2026
=================================================================
Step 1: Collecting new DART disclosures...
  [IMPORTANT] [유라클] 임원ㆍ주요주주특정증권등소유상황보고서
  [IMPORTANT] [유라클] 주식등의대량보유상황보고서(일반)
  [IMPORTANT] [코퍼스코리아] 주식등의대량보유상황보고서(일반)
  [     MUST] [나노씨엠에스] 주요사항보고서(유상증자결정)
Download complete: 34 new, 0 existing, 0 failed, 32 skipped (not important)
Step 2: Building Excel (fast, cache-only) and uploading to Telegram...
[2026-08-20 12:31:40,843] INFO - Excel: saving workbook to disk (zip write)...
[2026-08-20 12:32:13,526] INFO - Excel file built successfully: /home/inhyuk/projects/dataScout/data_dart/dart_disclosures_summary.xlsx
[2026-08-20 12:32:13,858] INFO - Uploading Excel to Telegram...
[2026-08-20 12:32:24,032] INFO - Telegram document sent successfully to chat -1003877753638
[2026-08-20 12:32:24,035] INFO - Excel successfully uploaded to Telegram.
Step 3: Launching background verification (--parse-only)...
=================================================================
 DART Periodic Run Completed: Thu Aug 20 12:32:28 PM KST 2026
=================================================================
=================================================================
 DART Periodic Run: Thu Aug 20 03:30:01 PM KST 2026
=================================================================
Step 1: Collecting new DART disclosures...
  [IMPORTANT] [에스디바이오센서] 주식등의대량보유상황보고서(일반)
  [IMPORTANT] [모비데이즈] 주식등의대량보유상황보고서(일반)
  [IMPORTANT] [모비데이즈] 임원ㆍ주요주주특정증권등소유상황보고서
  [     MUST] [미래산업] 단일판매ㆍ공급계약체결              
Download complete: 37 new, 34 existing, 12 failed, 83 skipped (not important)
Step 2: Building Excel (fast, cache-only) and uploading to Telegram...
[2026-08-20 16:04:45,574] INFO - Excel: saving workbook to disk (zip write)...
[2026-08-20 16:05:17,950] INFO - Excel file built successfully: /home/inhyuk/projects/dataScout/data_dart/dart_disclosures_summary.xlsx
[2026-08-20 16:05:18,291] INFO - Uploading Excel to Telegram...
[2026-08-20 16:05:28,326] INFO - Telegram document sent successfully to chat -1003877753638
[2026-08-20 16:05:28,330] INFO - Excel successfully uploaded to Telegram.
Step 3: Launching background verification (--parse-only)...
=================================================================
 DART Periodic Run Completed: Thu Aug 20 04:05:33 PM KST 2026
=================================================================
=================================================================
 DART Periodic Run: Thu Aug 20 09:00:01 PM KST 2026
=================================================================
Step 1: Collecting new DART disclosures...
  [     MUST] [본느] [첨부정정]주요사항보고서(전환사채권발행결정)
[20260820000134] API Response (not zip): <?xml version="1.0" encoding="UTF-8" standalone="yes"?><result><status>800</status><message>시스템 점검으로 인한  서비스가 중지 중입니다.</message></result>
  [     MUST] [본느] [첨부정정]주요사항보고서(전환사채권발행결정)
[20260820000114] API Response (not zip): <?xml version="1.0" encoding="UTF-8" standalone="yes"?><result><status>800</status><message>시스템 점검으로 인한  서비스가 중지 중입니다.</message></result>
Download complete: 0 new, 71 existing, 117 failed, 174 skipped (not important)
Step 2: Building Excel (fast, cache-only) and uploading to Telegram...
[2026-08-20 21:39:06,901] INFO - Excel: saving workbook to disk (zip write)...
[2026-08-20 21:39:40,022] INFO - Excel file built successfully: /home/inhyuk/projects/dataScout/data_dart/dart_disclosures_summary.xlsx
[2026-08-20 21:39:40,353] INFO - Uploading Excel to Telegram...
[2026-08-20 21:40:03,652] INFO - Telegram document sent successfully to chat -1003877753638
[2026-08-20 21:40:03,655] INFO - Excel successfully uploaded to Telegram.
Step 3: Launching background verification (--parse-only)...
=================================================================
 DART Periodic Run Completed: Thu Aug 20 09:40:08 PM KST 2026
=================================================================
=================================================================
 DART Periodic Run: Fri Aug 21 12:00:01 PM KST 2026
=================================================================
Step 1: Collecting new DART disclosures...
  [     MUST] [HLB테라퓨틱스] [기재정정]주요사항보고서(전환사채권발행결정)
  [     MUST] [HLB테라퓨틱스] [기재정정]주요사항보고서(전환사채권발행결정)
  [     MUST] [엔투텍] 주요사항보고서(전환사채권발행결정)
  [     MUST] [엔투텍] 주요사항보고서(전환사채권발행결정)
Download complete: 36 new, 0 existing, 1 failed, 61 skipped (not important)
Step 2: Building Excel (fast, cache-only) and uploading to Telegram...
[2026-08-21 12:32:34,827] INFO - Excel: saving workbook to disk (zip write)...
[2026-08-21 12:33:07,181] INFO - Excel file built successfully: /home/inhyuk/projects/dataScout/data_dart/dart_disclosures_summary.xlsx
[2026-08-21 12:33:07,517] INFO - Uploading Excel to Telegram...
[2026-08-21 12:33:20,108] INFO - Telegram document sent successfully to chat -1003877753638
[2026-08-21 12:33:20,112] INFO - Excel successfully uploaded to Telegram.
Step 3: Launching background verification (--parse-only)...
=================================================================
 DART Periodic Run Completed: Fri Aug 21 12:33:25 PM KST 2026
=================================================================
=================================================================
 DART Periodic Run: Fri Aug 21 03:30:01 PM KST 2026
=================================================================
Step 1: Collecting new DART disclosures...
  [IMPORTANT] [광진실업] 임원ㆍ주요주주특정증권등소유상황보고서
  [     MUST] [CS] 단일판매ㆍ공급계약체결(자율공시)              
  [IMPORTANT] [TJ미디어] 주식등의대량보유상황보고서(일반)
  [     MUST] [케스피온] [기재정정]주요사항보고서(유상증자결정)
Download complete: 24 new, 36 existing, 10 failed, 149 skipped (not important)
Step 2: Building Excel (fast, cache-only) and uploading to Telegram...
[2026-08-21 16:03:14,940] INFO - Excel: saving workbook to disk (zip write)...
[2026-08-21 16:03:47,466] INFO - Excel file built successfully: /home/inhyuk/projects/dataScout/data_dart/dart_disclosures_summary.xlsx
[2026-08-21 16:03:47,803] INFO - Uploading Excel to Telegram...
[2026-08-21 16:03:57,744] INFO - Telegram document sent successfully to chat -1003877753638
[2026-08-21 16:03:57,747] INFO - Excel successfully uploaded to Telegram.
Step 3: Launching background verification (--parse-only)...
=================================================================
 DART Periodic Run Completed: Fri Aug 21 04:04:02 PM KST 2026
=================================================================
=================================================================
 DART Periodic Run: Fri Aug 21 09:00:01 PM KST 2026
=================================================================
Step 1: Collecting new DART disclosures...
  [IMPORTANT] [탑선] 주식등의대량보유상황보고서(일반)
  [IMPORTANT] [현대건설] 회사합병결정(종속회사의주요경영사항)              
  [IMPORTANT] [인지컨트롤스] 금전대여결정              
  [     MUST] [라온로보틱스] 신규시설투자등              
Download complete: 122 new, 60 existing, 0 failed, 320 skipped (not important)
Step 2: Building Excel (fast, cache-only) and uploading to Telegram...
[2026-08-21 21:31:27,886] INFO - Excel: saving workbook to disk (zip write)...
[2026-08-21 21:32:00,292] INFO - Excel file built successfully: /home/inhyuk/projects/dataScout/data_dart/dart_disclosures_summary.xlsx
[2026-08-21 21:32:00,636] INFO - Uploading Excel to Telegram...
[2026-08-21 21:32:11,858] INFO - Telegram document sent successfully to chat -1003877753638
[2026-08-21 21:32:11,862] INFO - Excel successfully uploaded to Telegram.
Step 3: Launching background verification (--parse-only)...
=================================================================
 DART Periodic Run Completed: Fri Aug 21 09:32:16 PM KST 2026
=================================================================
=================================================================
 DART Periodic Run: Mon Aug 24 12:00:01 PM KST 2026
=================================================================
Step 1: Collecting new DART disclosures...
  [IMPORTANT] [미코] 임원ㆍ주요주주특정증권등소유상황보고서
  [IMPORTANT] [대원전선] 임원ㆍ주요주주특정증권등소유상황보고서
  [     MUST] [에코프로에이치엔] 단일판매ㆍ공급계약체결              
  [IMPORTANT] [티엠씨] 주식등의대량보유상황보고서(약식)
Download complete: 25 new, 0 existing, 0 failed, 21 skipped (not important)
Step 2: Building Excel (fast, cache-only) and uploading to Telegram...
[2026-08-24 12:31:26,743] INFO - Excel: saving workbook to disk (zip write)...
[2026-08-24 12:31:59,442] INFO - Excel file built successfully: /home/inhyuk/projects/dataScout/data_dart/dart_disclosures_summary.xlsx
[2026-08-24 12:31:59,779] INFO - Uploading Excel to Telegram...
[2026-08-24 12:32:09,645] INFO - Telegram document sent successfully to chat -1003877753638
[2026-08-24 12:32:09,649] INFO - Excel successfully uploaded to Telegram.
Step 3: Launching background verification (--parse-only)...
=================================================================
 DART Periodic Run Completed: Mon Aug 24 12:32:14 PM KST 2026
=================================================================
=================================================================
 DART Periodic Run: Mon Aug 24 03:30:01 PM KST 2026
=================================================================
Step 1: Collecting new DART disclosures...
  [IMPORTANT] [탑엔지니어링] 임원ㆍ주요주주특정증권등소유상황보고서
  [IMPORTANT] [혜인] 임원ㆍ주요주주특정증권등소유상황보고서
  [IMPORTANT] [일진홀딩스] 주요사항보고서(자기주식취득신탁계약체결결정)
  [IMPORTANT] [혜인] 주식등의대량보유상황보고서(일반)
Download complete: 25 new, 24 existing, 6 failed, 70 skipped (not important)
Step 2: Building Excel (fast, cache-only) and uploading to Telegram...
[2026-08-24 16:02:49,432] INFO - Excel: saving workbook to disk (zip write)...
[2026-08-24 16:03:22,542] INFO - Excel file built successfully: /home/inhyuk/projects/dataScout/data_dart/dart_disclosures_summary.xlsx
[2026-08-24 16:03:22,881] INFO - Uploading Excel to Telegram...
[2026-08-24 16:03:33,249] INFO - Telegram document sent successfully to chat -1003877753638
[2026-08-24 16:03:33,253] INFO - Excel successfully uploaded to Telegram.
Step 3: Launching background verification (--parse-only)...
=================================================================
 DART Periodic Run Completed: Mon Aug 24 04:03:38 PM KST 2026
=================================================================
=================================================================
 DART Periodic Run: Mon Aug 24 09:00:01 PM KST 2026
=================================================================
Step 1: Collecting new DART disclosures...
  [IMPORTANT] [제이엔비] 주식등의대량보유상황보고서(일반)
  [IMPORTANT] [GST] 임원ㆍ주요주주특정증권등소유상황보고서
  [IMPORTANT] [SJG세종] [첨부정정]주요사항보고서(회사합병결정)
[20260824000096] API Response (not zip): <?xml version="1.0" encoding="UTF-8" standalone="yes"?><result><status>014</status><message>파일이 존재하지 않습니다.</message></result>
Download complete: 105 new, 49 existing, 2 failed, 194 skipped (not important)
Step 2: Building Excel (fast, cache-only) and uploading to Telegram...
[2026-08-24 21:32:03,145] INFO - Excel: saving workbook to disk (zip write)...
[2026-08-24 21:32:35,848] INFO - Excel file built successfully: /home/inhyuk/projects/dataScout/data_dart/dart_disclosures_summary.xlsx
[2026-08-24 21:32:36,199] INFO - Uploading Excel to Telegram...
[2026-08-24 21:32:51,541] INFO - Telegram document sent successfully to chat -1003877753638
[2026-08-24 21:32:51,546] INFO - Excel successfully uploaded to Telegram.
Step 3: Launching background verification (--parse-only)...
=================================================================
 DART Periodic Run Completed: Mon Aug 24 09:32:56 PM KST 2026
=================================================================
=================================================================
 DART Periodic Run: Tue Aug 25 12:00:01 PM KST 2026
=================================================================
Step 1: Collecting new DART disclosures...
  [IMPORTANT] [에이텍모빌리티] 주식등의대량보유상황보고서(일반)
  [IMPORTANT] [비큐AI] 주식등의대량보유상황보고서(일반)
  [IMPORTANT] [에이텍모빌리티] 임원ㆍ주요주주특정증권등소유상황보고서
  [IMPORTANT] [이노진] 임원ㆍ주요주주특정증권등소유상황보고서
Download complete: 28 new, 0 existing, 0 failed, 17 skipped (not important)
Step 2: Building Excel (fast, cache-only) and uploading to Telegram...
[2026-08-25 12:32:14,902] INFO - Excel: saving workbook to disk (zip write)...
[2026-08-25 12:32:47,356] INFO - Excel file built successfully: /home/inhyuk/projects/dataScout/data_dart/dart_disclosures_summary.xlsx
[2026-08-25 12:32:47,693] INFO - Uploading Excel to Telegram...
[2026-08-25 12:33:00,599] INFO - Telegram document sent successfully to chat -1003877753638
[2026-08-25 12:33:00,604] INFO - Excel successfully uploaded to Telegram.
Step 3: Launching background verification (--parse-only)...
Step 4: Launching background Google Drive sync (--light)...
=================================================================
 DART Periodic Run Completed: Tue Aug 25 12:33:05 PM KST 2026
=================================================================
=================================================================
 DART Periodic Run: Tue Aug 25 03:30:02 PM KST 2026
=================================================================
Step 1: Collecting new DART disclosures...
  [IMPORTANT] [탑엔지니어링] 주식등의대량보유상황보고서(일반)
  [IMPORTANT] [코메론] 주요사항보고서(자기주식취득신탁계약해지결정)
  [IMPORTANT] [밸로프] 임원ㆍ주요주주특정증권등소유상황보고서
  [     MUST] [링크솔루션] 단일판매ㆍ공급계약체결(자율공시)              
Download complete: 41 new, 28 existing, 8 failed, 76 skipped (not important)
Step 2: Building Excel (fast, cache-only) and uploading to Telegram...
[2026-08-25 16:03:43,814] INFO - Excel: saving workbook to disk (zip write)...
[2026-08-25 16:04:16,383] INFO - Excel file built successfully: /home/inhyuk/projects/dataScout/data_dart/dart_disclosures_summary.xlsx
[2026-08-25 16:04:16,721] INFO - Uploading Excel to Telegram...
[2026-08-25 16:04:27,343] INFO - Telegram document sent successfully to chat -1003877753638
[2026-08-25 16:04:27,347] INFO - Excel successfully uploaded to Telegram.
Step 3: Launching background verification (--parse-only)...
Step 4: Launching background Google Drive sync (--light)...
=================================================================
 DART Periodic Run Completed: Tue Aug 25 04:04:32 PM KST 2026
=================================================================
=================================================================
 DART Periodic Run: Tue Aug 25 09:00:01 PM KST 2026
=================================================================
Step 1: Collecting new DART disclosures...
  [IMPORTANT] [하나금융지주] 임원ㆍ주요주주특정증권등소유상황보고서
  [     MUST] [세진티에스] 주요사항보고서(자기주식취득결정)
  [IMPORTANT] [AK홀딩스] [기재정정]금전대여결정              
  [IMPORTANT] [어보브반도체] 임원ㆍ주요주주특정증권등소유상황보고서
Download complete: 113 new, 69 existing, 1 failed, 178 skipped (not important)
Step 2: Building Excel (fast, cache-only) and uploading to Telegram...
[2026-08-25 21:32:00,847] INFO - Excel: saving workbook to disk (zip write)...
[2026-08-25 21:32:30,745] INFO - Excel file built successfully: /home/inhyuk/projects/dataScout/data_dart/dart_disclosures_summary.xlsx
[2026-08-25 21:32:31,090] INFO - Uploading Excel to Telegram...
[2026-08-25 21:32:40,637] INFO - Telegram document sent successfully to chat -1003877753638
[2026-08-25 21:32:40,641] INFO - Excel successfully uploaded to Telegram.
Step 3: Launching background verification (--parse-only)...
Step 4: Launching background Google Drive sync (--full)...
=================================================================
 DART Periodic Run Completed: Tue Aug 25 09:32:45 PM KST 2026
=================================================================
=================================================================
 DART Periodic Run: Wed Aug 26 12:00:01 PM KST 2026
=================================================================
Step 1: Collecting new DART disclosures...
  [IMPORTANT] [파워로직스] 임원ㆍ주요주주특정증권등소유상황보고서
  [     MUST] [일진파워] 단일판매ㆍ공급계약체결(자율공시)              
  [IMPORTANT] [비나텍] 주식등의대량보유상황보고서(일반)
  [IMPORTANT] [삼성에스디에스] 임원ㆍ주요주주특정증권등소유상황보고서
Download complete: 28 new, 0 existing, 1 failed, 33 skipped (not important)
Step 2: Building Excel (fast, cache-only) and uploading to Telegram...
[2026-08-26 12:32:13,439] INFO - Excel: saving workbook to disk (zip write)...
[2026-08-26 12:32:46,063] INFO - Excel file built successfully: /home/inhyuk/projects/dataScout/data_dart/dart_disclosures_summary.xlsx
[2026-08-26 12:32:46,403] INFO - Uploading Excel to Telegram...
[2026-08-26 12:32:56,747] INFO - Telegram document sent successfully to chat -1003877753638
[2026-08-26 12:32:56,751] INFO - Excel successfully uploaded to Telegram.
Step 3: Launching background verification (--parse-only)...
Step 4: Launching background Google Drive sync (--light)...
=================================================================
 DART Periodic Run Completed: Wed Aug 26 12:33:01 PM KST 2026
=================================================================
=================================================================
 DART Periodic Run: Wed Aug 26 03:30:01 PM KST 2026
=================================================================
Step 1: Collecting new DART disclosures...
  [IMPORTANT] [INVENI] 임원ㆍ주요주주특정증권등소유상황보고서
  [IMPORTANT] [INVENI] 주식등의대량보유상황보고서(일반)
  [IMPORTANT] [휴비츠] [첨부정정]주요사항보고서(회사합병결정)
[20260826000085] API Response (not zip): <?xml version="1.0" encoding="UTF-8" standalone="yes"?><result><status>014</status><message>파일이 존재하지 않습니다.</message></result>
Download complete: 28 new, 28 existing, 14 failed, 118 skipped (not important)
Step 2: Building Excel (fast, cache-only) and uploading to Telegram...
[2026-08-26 16:03:57,712] INFO - Excel: saving workbook to disk (zip write)...
[2026-08-26 16:04:30,373] INFO - Excel file built successfully: /home/inhyuk/projects/dataScout/data_dart/dart_disclosures_summary.xlsx
[2026-08-26 16:04:30,708] INFO - Uploading Excel to Telegram...
[2026-08-26 16:04:40,618] INFO - Telegram document sent successfully to chat -1003877753638
[2026-08-26 16:04:40,622] INFO - Excel successfully uploaded to Telegram.
Step 3: Launching background verification (--parse-only)...
Step 4: Launching background Google Drive sync (--light)...
=================================================================
 DART Periodic Run Completed: Wed Aug 26 04:04:45 PM KST 2026
=================================================================
=================================================================
 DART Periodic Run: Wed Aug 26 09:00:01 PM KST 2026
=================================================================
Step 1: Collecting new DART disclosures...
  [     MUST] [탑선] [첨부정정]주요사항보고서(전환사채권발행결정)
[20260826000383] API Response (not zip): <?xml version="1.0" encoding="UTF-8" standalone="yes"?><result><status>014</status><message>파일이 존재하지 않습니다.</message></result>
  [IMPORTANT] [휴비츠] [첨부정정]주요사항보고서(회사합병결정)
[20260826000085] API Response (not zip): <?xml version="1.0" encoding="UTF-8" standalone="yes"?><result><status>014</status><message>파일이 존재하지 않습니다.</message></result>
Download complete: 101 new, 56 existing, 3 failed, 260 skipped (not important)
Step 2: Building Excel (fast, cache-only) and uploading to Telegram...
[2026-08-26 21:29:06,140] INFO - Excel: saving workbook to disk (zip write)...
[2026-08-26 21:29:38,629] INFO - Excel file built successfully: /home/inhyuk/projects/dataScout/data_dart/dart_disclosures_summary.xlsx
[2026-08-26 21:29:38,962] INFO - Uploading Excel to Telegram...
[2026-08-26 21:30:03,923] INFO - Telegram document sent successfully to chat -1003877753638
[2026-08-26 21:30:03,927] INFO - Excel successfully uploaded to Telegram.
Step 3: Launching background verification (--parse-only)...
Step 4: Launching background Google Drive sync (--full)...
=================================================================
 DART Periodic Run Completed: Wed Aug 26 09:30:08 PM KST 2026
=================================================================
=================================================================
 DART Periodic Run: Thu Aug 27 12:00:01 PM KST 2026
=================================================================
Step 1: Collecting new DART disclosures...
  [IMPORTANT] [하나31호스팩] 주식등의대량보유상황보고서(약식)
  [     MUST] [DL이앤씨] [기재정정]단일판매ㆍ공급계약체결              
  [IMPORTANT] [성호전자] [기재정정]타법인주식및출자증권취득결정(종속회사의주요경영사항)              
  [IMPORTANT] [이엔셀] 주식등의대량보유상황보고서(일반)
Download complete: 30 new, 0 existing, 1 failed, 42 skipped (not important)
Step 2: Building Excel (fast, cache-only) and uploading to Telegram...
[2026-08-27 12:28:56,908] INFO - Excel: saving workbook to disk (zip write)...
[2026-08-27 12:29:26,868] INFO - Excel file built successfully: /home/inhyuk/projects/dataScout/data_dart/dart_disclosures_summary.xlsx
[2026-08-27 12:29:27,203] INFO - Uploading Excel to Telegram...
[2026-08-27 12:29:37,359] INFO - Telegram document sent successfully to chat -1003877753638
[2026-08-27 12:29:37,364] INFO - Excel successfully uploaded to Telegram.
Step 3: Launching background verification (--parse-only)...
Step 4: Launching background Google Drive sync (--light)...
=================================================================
 DART Periodic Run Completed: Thu Aug 27 12:29:41 PM KST 2026
=================================================================
=================================================================
 DART Periodic Run: Thu Aug 27 03:30:01 PM KST 2026
=================================================================
Step 1: Collecting new DART disclosures...
  [IMPORTANT] [진양폴리우레탄] 임원ㆍ주요주주특정증권등소유상황보고서
  [IMPORTANT] [미원홀딩스] 임원ㆍ주요주주특정증권등소유상황보고서
  [IMPORTANT] [진양폴리우레탄] 임원ㆍ주요주주특정증권등소유상황보고서
  [     MUST] [우진아이엔에스] [기재정정]단일판매ㆍ공급계약체결              
Download complete: 44 new, 30 existing, 20 failed, 96 skipped (not important)
Step 2: Building Excel (fast, cache-only) and uploading to Telegram...
[2026-08-27 15:58:53,888] INFO - Excel: saving workbook to disk (zip write)...
[2026-08-27 15:59:26,527] INFO - Excel file built successfully: /home/inhyuk/projects/dataScout/data_dart/dart_disclosures_summary.xlsx
[2026-08-27 15:59:26,864] INFO - Uploading Excel to Telegram...
[2026-08-27 15:59:37,257] INFO - Telegram document sent successfully to chat -1003877753638
[2026-08-27 15:59:37,262] INFO - Excel successfully uploaded to Telegram.
Step 3: Launching background verification (--parse-only)...
Step 4: Launching background Google Drive sync (--light)...
=================================================================
 DART Periodic Run Completed: Thu Aug 27 03:59:42 PM KST 2026
=================================================================
=================================================================
 DART Periodic Run: Thu Aug 27 09:00:01 PM KST 2026
=================================================================
Step 1: Collecting new DART disclosures...
  [IMPORTANT] [SK디스커버리] [첨부정정]주요사항보고서(회사합병결정)(자회사의 주요경영사항)              
[20260827800238] API Response (not zip): <?xml version="1.0" encoding="UTF-8" standalone="yes"?><result><status>014</status><message>파일이 존재하지 않습니다.</message></result>
  [IMPORTANT] [SK가스] [첨부정정]주요사항보고서(회사합병결정)
[20260827000513] API Response (not zip): <?xml version="1.0" encoding="UTF-8" standalone="yes"?><result><status>014</status><message>파일이 존재하지 않습니다.</message></result>
Download complete: 118 new, 74 existing, 2 failed, 235 skipped (not important)
Step 2: Building Excel (fast, cache-only) and uploading to Telegram...
[2026-08-27 21:28:46,736] INFO - Excel: saving workbook to disk (zip write)...
[2026-08-27 21:29:16,785] INFO - Excel file built successfully: /home/inhyuk/projects/dataScout/data_dart/dart_disclosures_summary.xlsx
[2026-08-27 21:29:17,120] INFO - Uploading Excel to Telegram...
[2026-08-27 21:29:41,885] INFO - Telegram document sent successfully to chat -1003877753638
[2026-08-27 21:29:41,889] INFO - Excel successfully uploaded to Telegram.
Step 3: Launching background verification (--parse-only)...
Step 4: Launching background Google Drive sync (--full)...
=================================================================
 DART Periodic Run Completed: Thu Aug 27 09:29:46 PM KST 2026
=================================================================
=================================================================
 DART Periodic Run: Fri Aug 28 12:00:01 PM KST 2026
=================================================================
Step 1: Collecting new DART disclosures...
  [IMPORTANT] [삼성바이오로직스] [기재정정]주요사항보고서(타법인주식및출자증권양수결정)
  [     MUST] [아이큐어] [기재정정]주요사항보고서(유상증자결정)
  [     MUST] [삼성바이오로직스] 주요사항보고서(유상증자결정)
  [IMPORTANT] [KG케미칼] [기재정정]타법인주식및출자증권취득결정(종속회사의주요경영사항)              
Download complete: 36 new, 0 existing, 4 failed, 99 skipped (not important)
Step 2: Building Excel (fast, cache-only) and uploading to Telegram...
[2026-08-28 12:28:55,255] INFO - Excel: saving workbook to disk (zip write)...
[2026-08-28 12:29:27,942] INFO - Excel file built successfully: /home/inhyuk/projects/dataScout/data_dart/dart_disclosures_summary.xlsx
[2026-08-28 12:29:28,276] INFO - Uploading Excel to Telegram...
[2026-08-28 12:29:38,191] INFO - Telegram document sent successfully to chat -1003877753638
[2026-08-28 12:29:38,196] INFO - Excel successfully uploaded to Telegram.
Step 3: Launching background verification (--parse-only)...
Step 4: Launching background Google Drive sync (--light)...
=================================================================
 DART Periodic Run Completed: Fri Aug 28 12:29:43 PM KST 2026
=================================================================
=================================================================
 DART Periodic Run: Fri Aug 28 03:30:01 PM KST 2026
=================================================================
Step 1: Collecting new DART disclosures...
  [IMPORTANT] [해치텍] 주식등의대량보유상황보고서(일반)
  [     MUST] [나노씨엠에스] [기재정정]주요사항보고서(유상증자결정)
  [IMPORTANT] [아나패스] 임원ㆍ주요주주특정증권등소유상황보고서
  [IMPORTANT] [오비고] 임원ㆍ주요주주특정증권등소유상황보고서
Download complete: 28 new, 36 existing, 30 failed, 244 skipped (not important)
Step 2: Building Excel (fast, cache-only) and uploading to Telegram...
[2026-08-28 15:59:05,004] INFO - Excel: saving workbook to disk (zip write)...
[2026-08-28 15:59:37,955] INFO - Excel file built successfully: /home/inhyuk/projects/dataScout/data_dart/dart_disclosures_summary.xlsx
[2026-08-28 15:59:38,293] INFO - Uploading Excel to Telegram...
[2026-08-28 15:59:51,122] INFO - Telegram document sent successfully to chat -1003877753638
[2026-08-28 15:59:51,126] INFO - Excel successfully uploaded to Telegram.
Step 3: Launching background verification (--parse-only)...
Step 4: Launching background Google Drive sync (--light)...
=================================================================
 DART Periodic Run Completed: Fri Aug 28 03:59:56 PM KST 2026
=================================================================
=================================================================
 DART Periodic Run: Fri Aug 28 09:00:01 PM KST 2026
=================================================================
Step 1: Collecting new DART disclosures...
  [     MUST] [딥커머스] [기재정정]주요사항보고서(유상증자결정)
[20260828000921] API Response (not zip): <?xml version="1.0" encoding="UTF-8" standalone="yes"?><result><status>800</status><message>시스템 점검으로 인한  서비스가 중지 중입니다.</message></result>
  [     MUST] [MSDI] [기재정정]주요사항보고서(전환사채권발행결정)
[20260828000909] API Response (not zip): <?xml version="1.0" encoding="UTF-8" standalone="yes"?><result><status>800</status><message>시스템 점검으로 인한  서비스가 중지 중입니다.</message></result>
Download complete: 0 new, 64 existing, 207 failed, 460 skipped (not important)
Step 2: Building Excel (fast, cache-only) and uploading to Telegram...
[2026-08-28 23:28:29,906] INFO - Excel: saving workbook to disk (zip write)...
[2026-08-28 23:29:02,764] INFO - Excel file built successfully: /home/inhyuk/projects/dataScout/data_dart/dart_disclosures_summary.xlsx
[2026-08-28 23:29:03,100] INFO - Uploading Excel to Telegram...
[2026-08-28 23:29:13,964] INFO - Telegram document sent successfully to chat -1003877753638
[2026-08-28 23:29:13,968] INFO - Excel successfully uploaded to Telegram.
Step 3: Launching background verification (--parse-only)...
Step 4: Launching background Google Drive sync (--full)...
=================================================================
 DART Periodic Run Completed: Fri Aug 28 11:29:18 PM KST 2026
=================================================================
=================================================================
 DART Periodic Run: Mon Aug 31 12:00:01 PM KST 2026
=================================================================
Step 1: Collecting new DART disclosures...
  [IMPORTANT] [바이오톡스텍] 주식등의대량보유상황보고서(일반)
  [     MUST] [SK디앤디] [기재정정]주요사항보고서(유상증자결정)
  [     MUST] [삼성중공업] 단일판매ㆍ공급계약체결              
  [IMPORTANT] [삼성전자] 임원ㆍ주요주주특정증권등소유상황보고서
Download complete: 30 new, 0 existing, 5 failed, 83 skipped (not important)
Step 2: Building Excel (fast, cache-only) and uploading to Telegram...
[2026-08-31 12:29:12,669] INFO - Excel: saving workbook to disk (zip write)...
[2026-08-31 12:29:45,944] INFO - Excel file built successfully: /home/inhyuk/projects/dataScout/data_dart/dart_disclosures_summary.xlsx
[2026-08-31 12:29:46,282] INFO - Uploading Excel to Telegram...
[2026-08-31 12:30:08,995] INFO - Telegram document sent successfully to chat -1003877753638
[2026-08-31 12:30:08,999] INFO - Excel successfully uploaded to Telegram.
Step 3: Launching background verification (--parse-only)...
Step 4: Launching background Google Drive sync (--light)...
=================================================================
 DART Periodic Run Completed: Mon Aug 31 12:30:13 PM KST 2026
=================================================================
=================================================================
 DART Periodic Run: Mon Aug 31 03:30:01 PM KST 2026
=================================================================
Step 1: Collecting new DART disclosures...
  [IMPORTANT] [바이오포트] 주식등의대량보유상황보고서(일반)
  [IMPORTANT] [DMS] 임원ㆍ주요주주특정증권등소유상황보고서
  [     MUST] [한신공영] 단일판매ㆍ공급계약체결              
  [     MUST] [삼성중공업] [기재정정]단일판매ㆍ공급계약체결              
Download complete: 23 new, 30 existing, 17 failed, 195 skipped (not important)
Step 2: Building Excel (fast, cache-only) and uploading to Telegram...
[2026-08-31 16:00:29,221] INFO - Excel: saving workbook to disk (zip write)...
[2026-08-31 16:01:02,429] INFO - Excel file built successfully: /home/inhyuk/projects/dataScout/data_dart/dart_disclosures_summary.xlsx
[2026-08-31 16:01:02,794] INFO - Uploading Excel to Telegram...
[2026-08-31 16:01:12,291] INFO - Telegram document sent successfully to chat -1003877753638
[2026-08-31 16:01:12,295] INFO - Excel successfully uploaded to Telegram.
Step 3: Launching background verification (--parse-only)...
Step 4: Launching background Google Drive sync (--light)...
=================================================================
 DART Periodic Run Completed: Mon Aug 31 04:01:17 PM KST 2026
=================================================================
=================================================================
 DART Periodic Run: Mon Aug 31 09:00:01 PM KST 2026
=================================================================
Step 1: Collecting new DART disclosures...
  [     MUST] [AK홀딩스] [기재정정]유형자산처분결정(자회사의 주요경영사항)              
  [     MUST] [제주항공] [기재정정]유형자산처분결정              
  [IMPORTANT] [아이디스] 임원ㆍ주요주주특정증권등소유상황보고서
  [IMPORTANT] [라피치] 주식등의대량보유상황보고서(약식)
Download complete: 158 new, 52 existing, 2 failed, 409 skipped (not important)
Step 2: Building Excel (fast, cache-only) and uploading to Telegram...
[2026-08-31 21:29:49,413] INFO - Excel: saving workbook to disk (zip write)...
[2026-08-31 21:30:23,143] INFO - Excel file built successfully: /home/inhyuk/projects/dataScout/data_dart/dart_disclosures_summary.xlsx
[2026-08-31 21:30:23,485] INFO - Uploading Excel to Telegram...
[2026-08-31 21:30:33,649] INFO - Telegram document sent successfully to chat -1003877753638
[2026-08-31 21:30:33,655] INFO - Excel successfully uploaded to Telegram.
Step 3: Launching background verification (--parse-only)...
Step 4: Launching background Google Drive sync (--full)...
=================================================================
 DART Periodic Run Completed: Mon Aug 31 09:30:38 PM KST 2026
=================================================================
=================================================================
 DART Periodic Run: Tue Sep  1 12:00:01 PM KST 2026
=================================================================
Step 1: Collecting new DART disclosures...
  [IMPORTANT] [SK시그넷] 주식등의대량보유상황보고서(약식)
  [     MUST] [일성건설] 단일판매ㆍ공급계약체결              
  [     MUST] [성호전자] 주요사항보고서(전환사채권발행결정)
  [IMPORTANT] [인스피언] 주요사항보고서(자기주식취득신탁계약해지결정)
Download complete: 40 new, 0 existing, 1 failed, 29 skipped (not important)
Step 2: Building Excel (fast, cache-only) and uploading to Telegram...
[2026-09-01 12:28:30,252] INFO - Excel: saving workbook to disk (zip write)...
[2026-09-01 12:29:00,867] INFO - Excel file built successfully: /home/inhyuk/projects/dataScout/data_dart/dart_disclosures_summary.xlsx
[2026-09-01 12:29:01,222] INFO - Uploading Excel to Telegram...
[2026-09-01 12:29:10,683] INFO - Telegram document sent successfully to chat -1003877753638
[2026-09-01 12:29:10,687] INFO - Excel successfully uploaded to Telegram.
Step 3: Launching background verification (--parse-only)...
Step 4: Launching background Google Drive sync (--light)...
=================================================================
 DART Periodic Run Completed: Tue Sep  1 12:29:15 PM KST 2026
=================================================================
=================================================================
 DART Periodic Run: Tue Sep  1 03:30:01 PM KST 2026
=================================================================
Step 1: Collecting new DART disclosures...
  [IMPORTANT] [피엔티] 주식등의대량보유상황보고서(일반)
  [IMPORTANT] [밸로프] 임원ㆍ주요주주특정증권등소유상황보고서
  [IMPORTANT] [오리온] 주식등의대량보유상황보고서(약식)
  [IMPORTANT] [오텍] 임원ㆍ주요주주특정증권등소유상황보고서
Download complete: 48 new, 40 existing, 4 failed, 72 skipped (not important)
Step 2: Building Excel (fast, cache-only) and uploading to Telegram...
[2026-09-01 15:59:47,276] INFO - Excel: saving workbook to disk (zip write)...
[2026-09-01 16:00:20,850] INFO - Excel file built successfully: /home/inhyuk/projects/dataScout/data_dart/dart_disclosures_summary.xlsx
[2026-09-01 16:00:21,190] INFO - Uploading Excel to Telegram...
[2026-09-01 16:00:31,592] INFO - Telegram document sent successfully to chat -1003877753638
[2026-09-01 16:00:31,597] INFO - Excel successfully uploaded to Telegram.
Step 3: Launching background verification (--parse-only)...
Step 4: Launching background Google Drive sync (--light)...
=================================================================
 DART Periodic Run Completed: Tue Sep  1 04:00:36 PM KST 2026
=================================================================
=================================================================
 DART Periodic Run: Tue Sep  1 09:00:01 PM KST 2026
=================================================================
Step 1: Collecting new DART disclosures...
  [     MUST] [육일씨엔에쓰] [첨부정정]주요사항보고서(유상증자결정)
[20260901000174] API Response (not zip): <?xml version="1.0" encoding="UTF-8" standalone="yes"?><result><status>014</status><message>파일이 존재하지 않습니다.</message></result>
  [     MUST] [육일씨엔에쓰] [기재정정]주요사항보고서(유상증자결정)
  [     MUST] [IPARK현대산업개발] [기재정정]단일판매ㆍ공급계약체결              
Download complete: 150 new, 88 existing, 1 failed, 179 skipped (not important)
Step 2: Building Excel (fast, cache-only) and uploading to Telegram...
[2026-09-01 21:29:26,132] INFO - Excel: saving workbook to disk (zip write)...
[2026-09-01 21:29:59,545] INFO - Excel file built successfully: /home/inhyuk/projects/dataScout/data_dart/dart_disclosures_summary.xlsx
[2026-09-01 21:29:59,894] INFO - Uploading Excel to Telegram...
[2026-09-01 21:30:10,290] INFO - Telegram document sent successfully to chat -1003877753638
[2026-09-01 21:30:10,295] INFO - Excel successfully uploaded to Telegram.
Step 3: Launching background verification (--parse-only)...
Step 4: Launching background Google Drive sync (--full)...
=================================================================
 DART Periodic Run Completed: Tue Sep  1 09:30:15 PM KST 2026
=================================================================
=================================================================
 DART Periodic Run: Wed Sep  2 12:00:01 PM KST 2026
=================================================================
Step 1: Collecting new DART disclosures...
  [     MUST] [두산퓨얼셀] 단일판매ㆍ공급계약체결              
  [IMPORTANT] [지니틱스] [기재정정]타법인주식및출자증권취득결정(자율공시)              
  [IMPORTANT] [에스와이스틸텍] 주식등의대량보유상황보고서(일반)
  [IMPORTANT] [에이텍] 임원ㆍ주요주주특정증권등소유상황보고서
Download complete: 51 new, 0 existing, 0 failed, 36 skipped (not important)
Step 2: Building Excel (fast, cache-only) and uploading to Telegram...
[2026-09-02 12:29:18,360] INFO - Excel: saving workbook to disk (zip write)...
[2026-09-02 12:29:52,063] INFO - Excel file built successfully: /home/inhyuk/projects/dataScout/data_dart/dart_disclosures_summary.xlsx
[2026-09-02 12:29:52,411] INFO - Uploading Excel to Telegram...
[2026-09-02 12:30:02,094] INFO - Telegram document sent successfully to chat -1003877753638
[2026-09-02 12:30:02,097] INFO - Excel successfully uploaded to Telegram.
Step 3: Launching background verification (--parse-only)...
Step 4: Launching background Google Drive sync (--light)...
=================================================================
 DART Periodic Run Completed: Wed Sep  2 12:30:07 PM KST 2026
=================================================================
=================================================================
 DART Periodic Run: Wed Sep  2 03:30:01 PM KST 2026
=================================================================
Step 1: Collecting new DART disclosures...
  [     MUST] [SNT홀딩스] 주식소각결정(자회사의 주요경영사항)              
  [IMPORTANT] [페니트리움바이오] 임원ㆍ주요주주특정증권등소유상황보고서
  [     MUST] [SNT에너지] 주식소각결정              
  [IMPORTANT] [프럼파스트] 주식등의대량보유상황보고서(일반)
Download complete: 27 new, 51 existing, 4 failed, 105 skipped (not important)
Step 2: Building Excel (fast, cache-only) and uploading to Telegram...
[2026-09-02 15:59:56,711] INFO - Excel: saving workbook to disk (zip write)...
[2026-09-02 16:00:30,335] INFO - Excel file built successfully: /home/inhyuk/projects/dataScout/data_dart/dart_disclosures_summary.xlsx
[2026-09-02 16:00:30,681] INFO - Uploading Excel to Telegram...
[2026-09-02 16:00:40,464] INFO - Telegram document sent successfully to chat -1003877753638
[2026-09-02 16:00:40,469] INFO - Excel successfully uploaded to Telegram.
Step 3: Launching background verification (--parse-only)...
Step 4: Launching background Google Drive sync (--light)...
=================================================================
 DART Periodic Run Completed: Wed Sep  2 04:00:45 PM KST 2026
=================================================================
=================================================================
 DART Periodic Run: Wed Sep  2 09:00:01 PM KST 2026
=================================================================
Step 1: Collecting new DART disclosures...
  [IMPORTANT] [아모레퍼시픽홀딩스] 임원ㆍ주요주주특정증권등소유상황보고서
  [IMPORTANT] [한국첨단소재] 임원ㆍ주요주주특정증권등소유상황보고서
  [IMPORTANT] [정원엔시스] 임원ㆍ주요주주특정증권등소유상황보고서
  [IMPORTANT] [대명에너지] 타인에대한담보제공결정              
Download complete: 107 new, 78 existing, 1 failed, 185 skipped (not important)
Step 2: Building Excel (fast, cache-only) and uploading to Telegram...
[2026-09-02 21:29:07,537] INFO - Excel: saving workbook to disk (zip write)...
[2026-09-02 21:29:38,096] INFO - Excel file built successfully: /home/inhyuk/projects/dataScout/data_dart/dart_disclosures_summary.xlsx
[2026-09-02 21:29:38,455] INFO - Uploading Excel to Telegram...
[2026-09-02 21:30:33,298] INFO - Telegram document sent successfully to chat -1003877753638
[2026-09-02 21:30:33,303] INFO - Excel successfully uploaded to Telegram.
Step 3: Launching background verification (--parse-only)...
Step 4: Launching background Google Drive sync (--full)...
=================================================================
 DART Periodic Run Completed: Wed Sep  2 09:30:37 PM KST 2026
=================================================================
=================================================================
 DART Periodic Run: Thu Sep  3 12:00:01 PM KST 2026
=================================================================
Step 1: Collecting new DART disclosures...
  [IMPORTANT] [대원전선] 임원ㆍ주요주주특정증권등소유상황보고서
  [IMPORTANT] [클래시스] 주식등의대량보유상황보고서(약식)
  [IMPORTANT] [파크시스템스] 주식등의대량보유상황보고서(약식)
  [     MUST] [한화오션] 단일판매ㆍ공급계약체결              
Download complete: 16 new, 0 existing, 0 failed, 30 skipped (not important)
Step 2: Building Excel (fast, cache-only) and uploading to Telegram...
[2026-09-03 12:29:20,398] INFO - Excel: saving workbook to disk (zip write)...
[2026-09-03 12:29:50,765] INFO - Excel file built successfully: /home/inhyuk/projects/dataScout/data_dart/dart_disclosures_summary.xlsx
[2026-09-03 12:29:51,107] INFO - Uploading Excel to Telegram...
[2026-09-03 12:30:01,624] INFO - Telegram document sent successfully to chat -1003877753638
[2026-09-03 12:30:01,627] INFO - Excel successfully uploaded to Telegram.
Step 3: Launching background verification (--parse-only)...
Step 4: Launching background Google Drive sync (--light)...
=================================================================
 DART Periodic Run Completed: Thu Sep  3 12:30:06 PM KST 2026
=================================================================
=================================================================
 DART Periodic Run: Thu Sep  3 03:30:01 PM KST 2026
=================================================================
Step 1: Collecting new DART disclosures...
  [IMPORTANT] [동양] 임원ㆍ주요주주특정증권등소유상황보고서
  [IMPORTANT] [동양] 임원ㆍ주요주주특정증권등소유상황보고서
  [IMPORTANT] [동양] 임원ㆍ주요주주특정증권등소유상황보고서
  [IMPORTANT] [엠오티] [기재정정]주요사항보고서(자기주식취득신탁계약해지결정)
Download complete: 43 new, 16 existing, 2 failed, 74 skipped (not important)
Step 2: Building Excel (fast, cache-only) and uploading to Telegram...
[2026-09-03 15:59:53,316] INFO - Excel: saving workbook to disk (zip write)...
[2026-09-03 16:00:23,867] INFO - Excel file built successfully: /home/inhyuk/projects/dataScout/data_dart/dart_disclosures_summary.xlsx
[2026-09-03 16:00:24,227] INFO - Uploading Excel to Telegram...
[2026-09-03 16:00:34,229] INFO - Telegram document sent successfully to chat -1003877753638
[2026-09-03 16:00:34,233] INFO - Excel successfully uploaded to Telegram.
Step 3: Launching background verification (--parse-only)...
Step 4: Launching background Google Drive sync (--light)...
=================================================================
 DART Periodic Run Completed: Thu Sep  3 04:00:38 PM KST 2026
=================================================================
=================================================================
 DART Periodic Run: Thu Sep  3 09:00:01 PM KST 2026
=================================================================
Step 1: Collecting new DART disclosures...
  [     MUST] [삼호개발] 단일판매ㆍ공급계약체결              
  [IMPORTANT] [코스맥스] 임원ㆍ주요주주특정증권등소유상황보고서
  [     MUST] [GRT] [첨부정정]주요사항보고서(유상증자결정)
[20260903000184] API Response (not zip): <?xml version="1.0" encoding="UTF-8" standalone="yes"?><result><status>014</status><message>파일이 존재하지 않습니다.</message></result>
Download complete: 117 new, 59 existing, 2 failed, 162 skipped (not important)
Step 2: Building Excel (fast, cache-only) and uploading to Telegram...
[2026-09-03 21:28:57,336] INFO - Excel: saving workbook to disk (zip write)...
[2026-09-03 21:29:30,512] INFO - Excel file built successfully: /home/inhyuk/projects/dataScout/data_dart/dart_disclosures_summary.xlsx
[2026-09-03 21:29:30,848] INFO - Uploading Excel to Telegram...
[2026-09-03 21:29:40,772] INFO - Telegram document sent successfully to chat -1003877753638
[2026-09-03 21:29:40,777] INFO - Excel successfully uploaded to Telegram.
Step 3: Launching background verification (--parse-only)...
Step 4: Launching background Google Drive sync (--full)...
=================================================================
 DART Periodic Run Completed: Thu Sep  3 09:29:45 PM KST 2026
=================================================================
=================================================================
 DART Periodic Run: Fri Sep  4 12:00:01 PM KST 2026
=================================================================
Step 1: Collecting new DART disclosures...
  [IMPORTANT] [큐리오시스] 임원ㆍ주요주주특정증권등소유상황보고서
  [IMPORTANT] [영흥] 주식등의대량보유상황보고서(약식)
  [IMPORTANT] [KR모터스] 임원ㆍ주요주주특정증권등소유상황보고서
  [IMPORTANT] [한국피아이엠] 주식등의대량보유상황보고서(일반)
Download complete: 23 new, 0 existing, 0 failed, 28 skipped (not important)
Step 2: Building Excel (fast, cache-only) and uploading to Telegram...
[2026-09-04 12:28:36,382] INFO - Excel: saving workbook to disk (zip write)...
[2026-09-04 12:29:09,372] INFO - Excel file built successfully: /home/inhyuk/projects/dataScout/data_dart/dart_disclosures_summary.xlsx
[2026-09-04 12:29:09,716] INFO - Uploading Excel to Telegram...
[2026-09-04 12:29:19,002] INFO - Telegram document sent successfully to chat -1003877753638
[2026-09-04 12:29:19,006] INFO - Excel successfully uploaded to Telegram.
Step 3: Launching background verification (--parse-only)...
Step 4: Launching background Google Drive sync (--light)...
=================================================================
 DART Periodic Run Completed: Fri Sep  4 12:29:24 PM KST 2026
=================================================================
=================================================================
 DART Periodic Run: Fri Sep  4 03:30:01 PM KST 2026
=================================================================
Step 1: Collecting new DART disclosures...
  [IMPORTANT] [서울식품공업] 임원ㆍ주요주주특정증권등소유상황보고서
  [IMPORTANT] [서울식품공업] 주식등의대량보유상황보고서(일반)
  [IMPORTANT] [더코디] 임원ㆍ주요주주특정증권등소유상황보고서
  [IMPORTANT] [더코디] 임원ㆍ주요주주특정증권등소유상황보고서
Download complete: 44 new, 23 existing, 5 failed, 112 skipped (not important)
Step 2: Building Excel (fast, cache-only) and uploading to Telegram...
[2026-09-04 15:59:25,551] INFO - Excel: saving workbook to disk (zip write)...
[2026-09-04 15:59:59,191] INFO - Excel file built successfully: /home/inhyuk/projects/dataScout/data_dart/dart_disclosures_summary.xlsx
[2026-09-04 15:59:59,534] INFO - Uploading Excel to Telegram...
[2026-09-04 16:00:10,726] INFO - Telegram document sent successfully to chat -1003877753638
[2026-09-04 16:00:10,729] INFO - Excel successfully uploaded to Telegram.
Step 3: Launching background verification (--parse-only)...
Step 4: Launching background Google Drive sync (--light)...
=================================================================
 DART Periodic Run Completed: Fri Sep  4 04:00:15 PM KST 2026
=================================================================
