Total dates to process: 171 (from 20260620 down to 20260101)
[20260620] Fetching disclosure list from Open DART...
[20260619] Downloading 2 missing HTML documents...
[20260619] Downloaded 0/2 documents. (Total API calls: 3)
[20260618] Downloading 5 missing HTML documents...
[20260618] Downloaded 0/5 documents. (Total API calls: 8)
[20260617] Downloading 3 missing HTML documents...
[20260617] Downloaded 0/3 documents. (Total API calls: 11)
[20260616] Downloading 7 missing HTML documents...
[20260616] Downloaded 0/7 documents. (Total API calls: 18)
[20260615] Downloading 1 missing HTML documents...
[20260615] Downloaded 0/1 documents. (Total API calls: 19)
[20260614] Fetching disclosure list from Open DART...
[20260613] Fetching disclosure list from Open DART...
[20260612] Downloading 7 missing HTML documents...
[20260612] Downloaded 0/7 documents. (Total API calls: 28)
[20260611] Downloading 6 missing HTML documents...
[20260611] Downloaded 0/6 documents. (Total API calls: 34)
[20260610] Downloading 3 missing HTML documents...
[20260610] Downloaded 0/3 documents. (Total API calls: 37)
[20260609] Downloading 1 missing HTML documents...
[20260609] Downloaded 0/1 documents. (Total API calls: 38)
[20260608] Downloading 6 missing HTML documents...
[20260608] Downloaded 0/6 documents. (Total API calls: 44)
[20260607] Fetching disclosure list from Open DART...
[20260606] Fetching disclosure list from Open DART...
[20260605] Downloading 8 missing HTML documents...
[20260605] Downloaded 0/8 documents. (Total API calls: 54)
[20260604] Downloading 4 missing HTML documents...
[20260604] Downloaded 0/4 documents. (Total API calls: 58)
[20260603] Fetching disclosure list from Open DART...
[20260602] Downloading 4 missing HTML documents...
[20260602] Downloaded 0/4 documents. (Total API calls: 63)
[20260601] Downloading 5 missing HTML documents...
[20260601] Downloaded 0/5 documents. (Total API calls: 68)
[20260531] Fetching disclosure list from Open DART...
[20260530] Fetching disclosure list from Open DART...
[20260529] Downloading 4 missing HTML documents...
[20260529] Downloaded 0/4 documents. (Total API calls: 74)
[20260528] Downloading 8 missing HTML documents...
[20260528] Downloaded 0/8 documents. (Total API calls: 82)
[20260527] Downloading 5 missing HTML documents...
[20260527] Downloaded 0/5 documents. (Total API calls: 87)
[20260526] Downloading 5 missing HTML documents...
[20260526] Downloaded 0/5 documents. (Total API calls: 92)
[20260525] Fetching disclosure list from Open DART...
[20260524] Fetching disclosure list from Open DART...
[20260523] Fetching disclosure list from Open DART...
[20260522] Downloading 3 missing HTML documents...
[20260522] Downloaded 0/3 documents. (Total API calls: 98)
[20260521] Downloading 7 missing HTML documents...
[20260521] Downloaded 0/7 documents. (Total API calls: 105)
[20260520] Downloading 5 missing HTML documents...
[20260520] Downloaded 0/5 documents. (Total API calls: 110)
[20260517] Fetching disclosure list from Open DART...
[20260516] Fetching disclosure list from Open DART...
[20260510] Fetching disclosure list from Open DART...
[20260509] Fetching disclosure list from Open DART...
[20260505] Fetching disclosure list from Open DART...
[20260503] Fetching disclosure list from Open DART...
[20260502] Fetching disclosure list from Open DART...
[20260501] Fetching disclosure list from Open DART...
[20260426] Fetching disclosure list from Open DART...
[20260425] Fetching disclosure list from Open DART...
[20260419] Fetching disclosure list from Open DART...
[20260418] Fetching disclosure list from Open DART...
[20260416] Fetching disclosure list from Open DART...
[20260416] Saved 309 filtered disclosures.
[20260416] Downloading 309 missing HTML documents...
[20260416] Downloaded 299/309 documents. (Total API calls: 432)
[20260412] Fetching disclosure list from Open DART...
[20260411] Fetching disclosure list from Open DART...
[20260405] Fetching disclosure list from Open DART...
[20260404] Fetching disclosure list from Open DART...
[20260404] Request failed: HTTPSConnectionPool(host='opendart.fss.or.kr', port=443): Read timed out. (read timeout=10)
[20260329] Fetching disclosure list from Open DART...
[20260328] Fetching disclosure list from Open DART...
[20260322] Fetching disclosure list from Open DART...
[20260322] Request failed: HTTPSConnectionPool(host='opendart.fss.or.kr', port=443): Read timed out. (read timeout=10)
[20260321] Fetching disclosure list from Open DART...
[20260317] Downloading 7 missing HTML documents...
[20260317] Downloaded 7/7 documents. (Total API calls: 447)
[20260316] Downloading 358 missing HTML documents...
[20260316] Downloaded 351/358 documents. (Total API calls: 805)
[20260315] Fetching disclosure list from Open DART...
[20260314] Fetching disclosure list from Open DART...
[20260313] Fetching disclosure list from Open DART...
[20260313] Request failed: HTTPSConnectionPool(host='opendart.fss.or.kr', port=443): Read timed out. (read timeout=10)
[20260313] Saved 507 filtered disclosures.
[20260313] Downloading 507 missing HTML documents...
[20260313] Downloaded 483/507 documents. (Total API calls: 1315)
[20260312] Fetching disclosure list from Open DART...
[20260312] Saved 1847 filtered disclosures.
[20260312] Downloading 1847 missing HTML documents...
[20260312] Downloaded 1784/1847 documents. (Total API calls: 3163)
[20260311] Fetching disclosure list from Open DART...
[20260311] Saved 1976 filtered disclosures.
[20260311] Downloading 1976 missing HTML documents...
[20260311] Downloaded 1912/1976 documents. (Total API calls: 5140)
[20260310] Fetching disclosure list from Open DART...
[20260310] Request failed: HTTPSConnectionPool(host='opendart.fss.or.kr', port=443): Read timed out. (read timeout=10)
[20260309] Fetching disclosure list from Open DART...
[20260309] Request failed: HTTPSConnectionPool(host='opendart.fss.or.kr', port=443): Read timed out. (read timeout=10)
[20260309] Saved 263 filtered disclosures.
[20260309] Downloading 263 missing HTML documents...
[20260309] Downloaded 258/263 documents. (Total API calls: 5405)
[20260308] Fetching disclosure list from Open DART...
[20260307] Fetching disclosure list from Open DART...
[20260307] Request failed: HTTPSConnectionPool(host='opendart.fss.or.kr', port=443): Read timed out. (read timeout=10)
[20260306] Fetching disclosure list from Open DART...
[20260306] Saved 1096 filtered disclosures.
[20260306] Downloading 1096 missing HTML documents...
[20260306] Downloaded 1058/1096 documents. (Total API calls: 6504)
[20260305] Fetching disclosure list from Open DART...
[20260305] Request failed: HTTPSConnectionPool(host='opendart.fss.or.kr', port=443): Read timed out. (read timeout=10)
[20260305] Saved 433 filtered disclosures.
[20260305] Downloading 433 missing HTML documents...
[20260305] Downloaded 422/433 documents. (Total API calls: 6938)
[20260304] Fetching disclosure list from Open DART...
[20260304] Saved 896 filtered disclosures.
[20260304] Downloading 896 missing HTML documents...
[20260304] Downloaded 868/896 documents. (Total API calls: 7835)
[20260303] Fetching disclosure list from Open DART...
[20260303] Saved 717 filtered disclosures.
[20260303] Downloading 717 missing HTML documents...
[20260303] Downloaded 695/717 documents. (Total API calls: 8553)
[20260302] Fetching disclosure list from Open DART...
[20260301] Fetching disclosure list from Open DART...
[20260228] Fetching disclosure list from Open DART...
[20260225] Downloading 3 missing HTML documents...
[20260225] Downloaded 3/3 documents. (Total API calls: 8559)
[20260224] Downloading 5 missing HTML documents...
[20260224] Downloaded 5/5 documents. (Total API calls: 8564)
[20260222] Fetching disclosure list from Open DART...
[20260221] Fetching disclosure list from Open DART...
[20260218] Fetching disclosure list from Open DART...
[20260217] Fetching disclosure list from Open DART...
[20260216] Fetching disclosure list from Open DART...
[20260215] Fetching disclosure list from Open DART...
[20260214] Fetching disclosure list from Open DART...
[20260208] Fetching disclosure list from Open DART...
[20260207] Fetching disclosure list from Open DART...
[20260202] Fetching disclosure list from Open DART...
[20260202] Saved 1274 filtered disclosures.
[20260202] Downloading 1274 missing HTML documents...
Reached API limit warning buffer (9000 calls). Stopping downloads.
[20260202] Downloaded 418/1274 documents. (Total API calls: 9000)
Reached API limit warning buffer (9000 calls). Stopping batch collection for today.
Historical collection run finished. Total API calls in this run: 9000
Total dates to process: 172 (from 20260621 down to 20260101)
[20260621] Fetching disclosure list from Open DART...
[20260620] Fetching disclosure list from Open DART...
[20260619] Downloading 2 missing HTML documents...
[20260619] Downloaded 0/2 documents. (Total API calls: 4)
[20260618] Downloading 5 missing HTML documents...
[20260618] Downloaded 0/5 documents. (Total API calls: 9)
[20260617] Downloading 3 missing HTML documents...
[20260617] Downloaded 0/3 documents. (Total API calls: 12)
[20260616] Downloading 7 missing HTML documents...
[20260616] Downloaded 0/7 documents. (Total API calls: 19)
[20260615] Downloading 1 missing HTML documents...
[20260615] Downloaded 0/1 documents. (Total API calls: 20)
[20260614] Fetching disclosure list from Open DART...
[20260613] Fetching disclosure list from Open DART...
[20260612] Downloading 7 missing HTML documents...
[20260612] Downloaded 0/7 documents. (Total API calls: 29)
[20260611] Downloading 6 missing HTML documents...
[20260611] Downloaded 0/6 documents. (Total API calls: 35)
[20260610] Downloading 3 missing HTML documents...
[20260610] Downloaded 0/3 documents. (Total API calls: 38)
[20260609] Downloading 1 missing HTML documents...
[20260609] Downloaded 0/1 documents. (Total API calls: 39)
[20260608] Downloading 6 missing HTML documents...
[20260608] Downloaded 0/6 documents. (Total API calls: 45)
[20260607] Fetching disclosure list from Open DART...
[20260606] Fetching disclosure list from Open DART...
[20260605] Downloading 8 missing HTML documents...
[20260605] Downloaded 0/8 documents. (Total API calls: 55)
[20260604] Downloading 4 missing HTML documents...
[20260604] Downloaded 0/4 documents. (Total API calls: 59)
[20260603] Fetching disclosure list from Open DART...
[20260602] Downloading 4 missing HTML documents...
[20260602] Downloaded 0/4 documents. (Total API calls: 64)
[20260601] Downloading 5 missing HTML documents...
[20260601] Downloaded 0/5 documents. (Total API calls: 69)
[20260531] Fetching disclosure list from Open DART...
[20260530] Fetching disclosure list from Open DART...
[20260529] Downloading 4 missing HTML documents...
[20260529] Downloaded 0/4 documents. (Total API calls: 75)
[20260528] Downloading 8 missing HTML documents...
[20260528] Downloaded 0/8 documents. (Total API calls: 83)
[20260527] Downloading 5 missing HTML documents...
[20260527] Downloaded 0/5 documents. (Total API calls: 88)
[20260526] Downloading 5 missing HTML documents...
[20260526] Downloaded 0/5 documents. (Total API calls: 93)
[20260525] Fetching disclosure list from Open DART...
[20260524] Fetching disclosure list from Open DART...
[20260523] Fetching disclosure list from Open DART...
[20260522] Downloading 3 missing HTML documents...
[20260522] Downloaded 0/3 documents. (Total API calls: 99)
[20260521] Downloading 7 missing HTML documents...
[20260521] Downloaded 0/7 documents. (Total API calls: 106)
[20260520] Downloading 5 missing HTML documents...
[20260520] Downloaded 0/5 documents. (Total API calls: 111)
[20260517] Fetching disclosure list from Open DART...
[20260516] Fetching disclosure list from Open DART...
[20260510] Fetching disclosure list from Open DART...
[20260509] Fetching disclosure list from Open DART...
[20260505] Fetching disclosure list from Open DART...
[20260503] Fetching disclosure list from Open DART...
[20260502] Fetching disclosure list from Open DART...
[20260501] Fetching disclosure list from Open DART...
[20260426] Fetching disclosure list from Open DART...
[20260425] Fetching disclosure list from Open DART...
[20260419] Fetching disclosure list from Open DART...
[20260418] Fetching disclosure list from Open DART...
[20260416] Downloading 10 missing HTML documents...
[20260416] Downloaded 6/10 documents. (Total API calls: 133)
[20260412] Fetching disclosure list from Open DART...
[20260411] Fetching disclosure list from Open DART...
[20260405] Fetching disclosure list from Open DART...
[20260404] Fetching disclosure list from Open DART...
[20260329] Fetching disclosure list from Open DART...
[20260328] Fetching disclosure list from Open DART...
[20260322] Fetching disclosure list from Open DART...
[20260321] Fetching disclosure list from Open DART...
[20260316] Downloading 7 missing HTML documents...
[20260316] Downloaded 7/7 documents. (Total API calls: 148)
[20260315] Fetching disclosure list from Open DART...
[20260314] Fetching disclosure list from Open DART...
[20260313] Downloading 24 missing HTML documents...
[20260313] Downloaded 14/24 documents. (Total API calls: 174)
[20260312] Downloading 63 missing HTML documents...
[20260312] Downloaded 47/63 documents. (Total API calls: 237)
[20260311] Downloading 64 missing HTML documents...
[20260311] Downloaded 46/64 documents. (Total API calls: 301)
[20260310] Fetching disclosure list from Open DART...
[20260310] Saved 1268 filtered disclosures.
[20260310] Downloading 1268 missing HTML documents...
[20260310] Downloaded 1234/1268 documents. (Total API calls: 1570)
[20260309] Downloading 5 missing HTML documents...
[20260309] Downloaded 4/5 documents. (Total API calls: 1575)
[20260308] Fetching disclosure list from Open DART...
[20260307] Fetching disclosure list from Open DART...
[20260306] Downloading 38 missing HTML documents...
[20260306] Downloaded 30/38 documents. (Total API calls: 1615)
[20260305] Downloading 11 missing HTML documents...
[20260305] Downloaded 9/11 documents. (Total API calls: 1626)
[20260304] Downloading 28 missing HTML documents...
[20260304] Downloaded 23/28 documents. (Total API calls: 1654)
[20260303] Downloading 22 missing HTML documents...
[20260303] Downloaded 15/22 documents. (Total API calls: 1676)
[20260302] Fetching disclosure list from Open DART...
[20260301] Fetching disclosure list from Open DART...
[20260228] Fetching disclosure list from Open DART...
[20260222] Fetching disclosure list from Open DART...
[20260221] Fetching disclosure list from Open DART...
[20260218] Fetching disclosure list from Open DART...
[20260217] Fetching disclosure list from Open DART...
[20260216] Fetching disclosure list from Open DART...
[20260215] Fetching disclosure list from Open DART...
[20260214] Fetching disclosure list from Open DART...
[20260208] Fetching disclosure list from Open DART...
[20260207] Fetching disclosure list from Open DART...
[20260202] Downloading 856 missing HTML documents...
[20260202] Downloaded 836/856 documents. (Total API calls: 2544)
[20260201] Fetching disclosure list from Open DART...
[20260131] Fetching disclosure list from Open DART...
[20260129] Fetching disclosure list from Open DART...
[20260129] Request failed: HTTPSConnectionPool(host='opendart.fss.or.kr', port=443): Read timed out. (read timeout=10)
[20260129] Saved 498 filtered disclosures.
[20260129] Downloading 498 missing HTML documents...
[20260129] Downloaded 488/498 documents. (Total API calls: 3045)
[20260125] Fetching disclosure list from Open DART...
[20260124] Fetching disclosure list from Open DART...
[20260119] Fetching disclosure list from Open DART...
[20260119] Saved 280 filtered disclosures.
[20260119] Downloading 280 missing HTML documents...
[20260119] Downloaded 270/280 documents. (Total API calls: 3328)
[20260118] Fetching disclosure list from Open DART...
[20260117] Fetching disclosure list from Open DART...
[20260111] Fetching disclosure list from Open DART...
[20260110] Fetching disclosure list from Open DART...
[20260108] Downloading 1 missing HTML documents...
[20260108] Downloaded 0/1 documents. (Total API calls: 3333)
[20260104] Fetching disclosure list from Open DART...
[20260103] Fetching disclosure list from Open DART...
[20260101] Fetching disclosure list from Open DART...
Historical collection run finished. Total API calls in this run: 3336
Total dates to process: 173 (from 20260622 down to 20260101)
[20260622] Fetching disclosure list from Open DART...
[20260621] Fetching disclosure list from Open DART...
[20260620] Fetching disclosure list from Open DART...
[20260619] Downloading 2 missing HTML documents...
[20260619] Downloaded 0/2 documents. (Total API calls: 5)
[20260618] Downloading 5 missing HTML documents...
[20260618] Downloaded 0/5 documents. (Total API calls: 10)
[20260617] Downloading 3 missing HTML documents...
[20260617] Downloaded 0/3 documents. (Total API calls: 13)
[20260616] Downloading 7 missing HTML documents...
[20260616] Downloaded 0/7 documents. (Total API calls: 20)
[20260615] Downloading 1 missing HTML documents...
[20260615] Downloaded 0/1 documents. (Total API calls: 21)
[20260614] Fetching disclosure list from Open DART...
[20260613] Fetching disclosure list from Open DART...
[20260612] Downloading 7 missing HTML documents...
[20260612] Downloaded 0/7 documents. (Total API calls: 30)
[20260611] Downloading 6 missing HTML documents...
[20260611] Downloaded 0/6 documents. (Total API calls: 36)
[20260610] Downloading 3 missing HTML documents...
[20260610] Downloaded 0/3 documents. (Total API calls: 39)
[20260609] Downloading 1 missing HTML documents...
[20260609] Downloaded 0/1 documents. (Total API calls: 40)
[20260608] Downloading 6 missing HTML documents...
[20260608] Downloaded 0/6 documents. (Total API calls: 46)
[20260607] Fetching disclosure list from Open DART...
[20260606] Fetching disclosure list from Open DART...
[20260605] Downloading 8 missing HTML documents...
[20260605] Downloaded 0/8 documents. (Total API calls: 56)
[20260604] Downloading 4 missing HTML documents...
[20260604] Downloaded 0/4 documents. (Total API calls: 60)
[20260603] Fetching disclosure list from Open DART...
[20260602] Downloading 4 missing HTML documents...
[20260602] Downloaded 0/4 documents. (Total API calls: 65)
[20260601] Downloading 5 missing HTML documents...
[20260601] Downloaded 0/5 documents. (Total API calls: 70)
[20260531] Fetching disclosure list from Open DART...
[20260530] Fetching disclosure list from Open DART...
[20260529] Downloading 4 missing HTML documents...
[20260529] Downloaded 0/4 documents. (Total API calls: 76)
[20260528] Downloading 8 missing HTML documents...
[20260528] Downloaded 0/8 documents. (Total API calls: 84)
[20260527] Downloading 5 missing HTML documents...
[20260527] Downloaded 0/5 documents. (Total API calls: 89)
[20260526] Downloading 5 missing HTML documents...
[20260526] Downloaded 0/5 documents. (Total API calls: 94)
[20260525] Fetching disclosure list from Open DART...
[20260524] Fetching disclosure list from Open DART...
[20260523] Fetching disclosure list from Open DART...
[20260522] Downloading 3 missing HTML documents...
[20260522] Downloaded 0/3 documents. (Total API calls: 100)
[20260521] Downloading 7 missing HTML documents...
[20260521] Downloaded 0/7 documents. (Total API calls: 107)
[20260520] Downloading 5 missing HTML documents...
[20260520] Downloaded 0/5 documents. (Total API calls: 112)
[20260517] Fetching disclosure list from Open DART...
[20260516] Fetching disclosure list from Open DART...
[20260510] Fetching disclosure list from Open DART...
[20260509] Fetching disclosure list from Open DART...
[20260505] Fetching disclosure list from Open DART...
[20260503] Fetching disclosure list from Open DART...
[20260502] Fetching disclosure list from Open DART...
[20260501] Fetching disclosure list from Open DART...
[20260426] Fetching disclosure list from Open DART...
[20260425] Fetching disclosure list from Open DART...
[20260419] Fetching disclosure list from Open DART...
[20260418] Fetching disclosure list from Open DART...
[20260416] Downloading 4 missing HTML documents...
[20260416] Downloaded 0/4 documents. (Total API calls: 128)
[20260412] Fetching disclosure list from Open DART...
[20260411] Fetching disclosure list from Open DART...
[20260405] Fetching disclosure list from Open DART...
[20260404] Fetching disclosure list from Open DART...
[20260329] Fetching disclosure list from Open DART...
[20260328] Fetching disclosure list from Open DART...
[20260322] Fetching disclosure list from Open DART...
[20260321] Fetching disclosure list from Open DART...
[20260315] Fetching disclosure list from Open DART...
[20260314] Fetching disclosure list from Open DART...
[20260313] Downloading 10 missing HTML documents...
[20260313] Downloaded 0/10 documents. (Total API calls: 148)
[20260312] Downloading 16 missing HTML documents...
[20260312] Downloaded 0/16 documents. (Total API calls: 164)
[20260311] Downloading 18 missing HTML documents...
[20260311] Downloaded 0/18 documents. (Total API calls: 182)
[20260310] Downloading 34 missing HTML documents...
[20260310] Downloaded 31/34 documents. (Total API calls: 216)
[20260309] Downloading 1 missing HTML documents...
[20260309] Downloaded 0/1 documents. (Total API calls: 217)
[20260308] Fetching disclosure list from Open DART...
[20260307] Fetching disclosure list from Open DART...
[20260306] Downloading 8 missing HTML documents...
[20260306] Downloaded 0/8 documents. (Total API calls: 227)
[20260305] Downloading 2 missing HTML documents...
[20260305] Downloaded 0/2 documents. (Total API calls: 229)
[20260304] Downloading 5 missing HTML documents...
[20260304] Downloaded 1/5 documents. (Total API calls: 234)
[20260303] Downloading 7 missing HTML documents...
[20260303] Downloaded 1/7 documents. (Total API calls: 241)
[20260302] Fetching disclosure list from Open DART...
[20260301] Fetching disclosure list from Open DART...
[20260228] Fetching disclosure list from Open DART...
[20260222] Fetching disclosure list from Open DART...
[20260221] Fetching disclosure list from Open DART...
[20260218] Fetching disclosure list from Open DART...
[20260217] Fetching disclosure list from Open DART...
[20260216] Fetching disclosure list from Open DART...
[20260215] Fetching disclosure list from Open DART...
[20260214] Fetching disclosure list from Open DART...
[20260208] Fetching disclosure list from Open DART...
[20260207] Fetching disclosure list from Open DART...
[20260202] Downloading 20 missing HTML documents...
[20260202] Downloaded 20/20 documents. (Total API calls: 273)
[20260201] Fetching disclosure list from Open DART...
[20260131] Fetching disclosure list from Open DART...
[20260129] Downloading 10 missing HTML documents...
[20260129] Downloaded 7/10 documents. (Total API calls: 285)
[20260125] Fetching disclosure list from Open DART...
[20260124] Fetching disclosure list from Open DART...
[20260119] Downloading 10 missing HTML documents...
[20260119] Downloaded 8/10 documents. (Total API calls: 297)
[20260118] Fetching disclosure list from Open DART...
[20260117] Fetching disclosure list from Open DART...
[20260111] Fetching disclosure list from Open DART...
[20260110] Fetching disclosure list from Open DART...
[20260108] Downloading 1 missing HTML documents...
[20260108] Downloaded 1/1 documents. (Total API calls: 302)
[20260104] Fetching disclosure list from Open DART...
[20260103] Fetching disclosure list from Open DART...
[20260101] Fetching disclosure list from Open DART...
Historical collection run finished. Total API calls in this run: 305
Total dates to process: 174 (from 20260623 down to 20260101)
[20260623] Fetching disclosure list from Open DART...
[20260623] Saved 1 filtered disclosures.
[20260623] Downloading 1 missing HTML documents...
[20260623] Downloaded 0/1 documents. (Total API calls: 2)
[20260622] Downloading 5 missing HTML documents...
[20260622] Downloaded 0/5 documents. (Total API calls: 7)
[20260621] Fetching disclosure list from Open DART...
[20260620] Fetching disclosure list from Open DART...
[20260619] Downloading 2 missing HTML documents...
[20260619] Downloaded 0/2 documents. (Total API calls: 11)
[20260618] Downloading 5 missing HTML documents...
[20260618] Downloaded 0/5 documents. (Total API calls: 16)
[20260617] Downloading 3 missing HTML documents...
[20260617] Downloaded 0/3 documents. (Total API calls: 19)
[20260616] Downloading 7 missing HTML documents...
[20260616] Downloaded 0/7 documents. (Total API calls: 26)
[20260615] Downloading 1 missing HTML documents...
[20260615] Downloaded 0/1 documents. (Total API calls: 27)
[20260614] Fetching disclosure list from Open DART...
[20260613] Fetching disclosure list from Open DART...
[20260612] Downloading 7 missing HTML documents...
[20260612] Downloaded 0/7 documents. (Total API calls: 36)
[20260611] Downloading 6 missing HTML documents...
[20260611] Downloaded 0/6 documents. (Total API calls: 42)
[20260610] Downloading 3 missing HTML documents...
[20260610] Downloaded 0/3 documents. (Total API calls: 45)
[20260609] Downloading 1 missing HTML documents...
[20260609] Downloaded 0/1 documents. (Total API calls: 46)
[20260608] Downloading 6 missing HTML documents...
[20260608] Downloaded 0/6 documents. (Total API calls: 52)
[20260607] Fetching disclosure list from Open DART...
[20260606] Fetching disclosure list from Open DART...
[20260605] Downloading 8 missing HTML documents...
[20260605] Downloaded 0/8 documents. (Total API calls: 62)
[20260604] Downloading 4 missing HTML documents...
[20260604] Downloaded 0/4 documents. (Total API calls: 66)
[20260603] Fetching disclosure list from Open DART...
[20260602] Downloading 4 missing HTML documents...
[20260602] Downloaded 0/4 documents. (Total API calls: 71)
[20260601] Downloading 5 missing HTML documents...
[20260601] Downloaded 0/5 documents. (Total API calls: 76)
[20260531] Fetching disclosure list from Open DART...
[20260530] Fetching disclosure list from Open DART...
[20260529] Downloading 4 missing HTML documents...
[20260529] Downloaded 0/4 documents. (Total API calls: 82)
[20260528] Downloading 8 missing HTML documents...
[20260528] Downloaded 0/8 documents. (Total API calls: 90)
[20260527] Downloading 5 missing HTML documents...
[20260527] Downloaded 0/5 documents. (Total API calls: 95)
[20260526] Downloading 5 missing HTML documents...
[20260526] Downloaded 0/5 documents. (Total API calls: 100)
[20260525] Fetching disclosure list from Open DART...
[20260524] Fetching disclosure list from Open DART...
[20260523] Fetching disclosure list from Open DART...
[20260522] Downloading 3 missing HTML documents...
[20260522] Downloaded 0/3 documents. (Total API calls: 106)
[20260521] Downloading 7 missing HTML documents...
[20260521] Downloaded 0/7 documents. (Total API calls: 113)
[20260520] Downloading 5 missing HTML documents...
[20260520] Downloaded 0/5 documents. (Total API calls: 118)
[20260517] Fetching disclosure list from Open DART...
[20260516] Fetching disclosure list from Open DART...
[20260510] Fetching disclosure list from Open DART...
[20260509] Fetching disclosure list from Open DART...
[20260505] Fetching disclosure list from Open DART...
[20260503] Fetching disclosure list from Open DART...
[20260502] Fetching disclosure list from Open DART...
[20260501] Fetching disclosure list from Open DART...
[20260426] Fetching disclosure list from Open DART...
[20260425] Fetching disclosure list from Open DART...
[20260419] Fetching disclosure list from Open DART...
[20260418] Fetching disclosure list from Open DART...
[20260416] Downloading 4 missing HTML documents...
[20260416] Downloaded 0/4 documents. (Total API calls: 134)
[20260412] Fetching disclosure list from Open DART...
[20260411] Fetching disclosure list from Open DART...
[20260405] Fetching disclosure list from Open DART...
[20260404] Fetching disclosure list from Open DART...
[20260329] Fetching disclosure list from Open DART...
[20260328] Fetching disclosure list from Open DART...
[20260322] Fetching disclosure list from Open DART...
[20260321] Fetching disclosure list from Open DART...
[20260315] Fetching disclosure list from Open DART...
[20260314] Fetching disclosure list from Open DART...
[20260313] Downloading 10 missing HTML documents...
[20260313] Downloaded 0/10 documents. (Total API calls: 154)
[20260312] Downloading 16 missing HTML documents...
[20260312] Downloaded 0/16 documents. (Total API calls: 170)
[20260311] Downloading 18 missing HTML documents...
[20260311] Downloaded 0/18 documents. (Total API calls: 188)
[20260310] Downloading 3 missing HTML documents...
[20260310] Downloaded 0/3 documents. (Total API calls: 191)
[20260309] Downloading 1 missing HTML documents...
[20260309] Downloaded 0/1 documents. (Total API calls: 192)
[20260308] Fetching disclosure list from Open DART...
[20260307] Fetching disclosure list from Open DART...
[20260306] Downloading 8 missing HTML documents...
[20260306] Downloaded 0/8 documents. (Total API calls: 202)
[20260305] Downloading 2 missing HTML documents...
[20260305] Downloaded 0/2 documents. (Total API calls: 204)
[20260304] Downloading 4 missing HTML documents...
[20260304] Downloaded 0/4 documents. (Total API calls: 208)
[20260303] Downloading 6 missing HTML documents...
[20260303] Downloaded 0/6 documents. (Total API calls: 214)
[20260302] Fetching disclosure list from Open DART...
[20260301] Fetching disclosure list from Open DART...
[20260228] Fetching disclosure list from Open DART...
[20260222] Fetching disclosure list from Open DART...
[20260221] Fetching disclosure list from Open DART...
[20260218] Fetching disclosure list from Open DART...
[20260217] Fetching disclosure list from Open DART...
[20260216] Fetching disclosure list from Open DART...
[20260215] Fetching disclosure list from Open DART...
[20260214] Fetching disclosure list from Open DART...
[20260208] Fetching disclosure list from Open DART...
[20260207] Fetching disclosure list from Open DART...
[20260201] Fetching disclosure list from Open DART...
[20260131] Fetching disclosure list from Open DART...
[20260129] Downloading 3 missing HTML documents...
[20260129] Downloaded 0/3 documents. (Total API calls: 231)
[20260125] Fetching disclosure list from Open DART...
[20260124] Fetching disclosure list from Open DART...
[20260119] Downloading 2 missing HTML documents...
[20260119] Downloaded 0/2 documents. (Total API calls: 235)
[20260118] Fetching disclosure list from Open DART...
[20260117] Fetching disclosure list from Open DART...
[20260111] Fetching disclosure list from Open DART...
[20260110] Fetching disclosure list from Open DART...
[20260104] Fetching disclosure list from Open DART...
[20260103] Fetching disclosure list from Open DART...
[20260101] Fetching disclosure list from Open DART...
Historical collection run finished. Total API calls in this run: 242
Total dates to process: 175 (from 20260624 down to 20260101)
[20260624] Fetching disclosure list from Open DART...
[20260624] Saved 4 filtered disclosures.
[20260624] Downloading 4 missing HTML documents...
[20260624] Downloaded 0/4 documents. (Total API calls: 5)
[20260623] Downloading 2 missing HTML documents...
[20260623] Downloaded 0/2 documents. (Total API calls: 7)
[20260622] Downloading 5 missing HTML documents...
[20260622] Downloaded 0/5 documents. (Total API calls: 12)
[20260621] Fetching disclosure list from Open DART...
[20260620] Fetching disclosure list from Open DART...
[20260619] Downloading 2 missing HTML documents...
[20260619] Downloaded 0/2 documents. (Total API calls: 16)
[20260618] Downloading 5 missing HTML documents...
[20260618] Downloaded 0/5 documents. (Total API calls: 21)
[20260617] Downloading 3 missing HTML documents...
[20260617] Downloaded 0/3 documents. (Total API calls: 24)
[20260616] Downloading 7 missing HTML documents...
[20260616] Downloaded 0/7 documents. (Total API calls: 31)
[20260615] Downloading 1 missing HTML documents...
[20260615] Downloaded 0/1 documents. (Total API calls: 32)
[20260614] Fetching disclosure list from Open DART...
[20260613] Fetching disclosure list from Open DART...
[20260612] Downloading 7 missing HTML documents...
[20260612] Downloaded 0/7 documents. (Total API calls: 41)
[20260611] Downloading 6 missing HTML documents...
[20260611] Downloaded 0/6 documents. (Total API calls: 47)
[20260610] Downloading 3 missing HTML documents...
[20260610] Downloaded 0/3 documents. (Total API calls: 50)
[20260609] Downloading 1 missing HTML documents...
[20260609] Downloaded 0/1 documents. (Total API calls: 51)
[20260608] Downloading 6 missing HTML documents...
[20260608] Downloaded 0/6 documents. (Total API calls: 57)
[20260607] Fetching disclosure list from Open DART...
[20260606] Fetching disclosure list from Open DART...
[20260605] Downloading 8 missing HTML documents...
[20260605] Downloaded 0/8 documents. (Total API calls: 67)
[20260604] Downloading 4 missing HTML documents...
[20260604] Downloaded 0/4 documents. (Total API calls: 71)
[20260603] Fetching disclosure list from Open DART...
[20260602] Downloading 4 missing HTML documents...
[20260602] Downloaded 0/4 documents. (Total API calls: 76)
[20260601] Downloading 5 missing HTML documents...
[20260601] Downloaded 0/5 documents. (Total API calls: 81)
[20260531] Fetching disclosure list from Open DART...
[20260530] Fetching disclosure list from Open DART...
[20260529] Downloading 4 missing HTML documents...
[20260529] Downloaded 0/4 documents. (Total API calls: 87)
[20260528] Downloading 8 missing HTML documents...
[20260528] Downloaded 0/8 documents. (Total API calls: 95)
[20260527] Downloading 5 missing HTML documents...
[20260527] Downloaded 0/5 documents. (Total API calls: 100)
[20260526] Downloading 5 missing HTML documents...
[20260526] Downloaded 0/5 documents. (Total API calls: 105)
[20260525] Fetching disclosure list from Open DART...
[20260524] Fetching disclosure list from Open DART...
[20260523] Fetching disclosure list from Open DART...
[20260522] Downloading 3 missing HTML documents...
[20260522] Downloaded 0/3 documents. (Total API calls: 111)
[20260521] Downloading 7 missing HTML documents...
[20260521] Downloaded 0/7 documents. (Total API calls: 118)
[20260520] Downloading 5 missing HTML documents...
[20260520] Downloaded 0/5 documents. (Total API calls: 123)
[20260517] Fetching disclosure list from Open DART...
[20260516] Fetching disclosure list from Open DART...
[20260510] Fetching disclosure list from Open DART...
[20260509] Fetching disclosure list from Open DART...
[20260505] Fetching disclosure list from Open DART...
[20260503] Fetching disclosure list from Open DART...
[20260502] Fetching disclosure list from Open DART...
[20260501] Fetching disclosure list from Open DART...
[20260426] Fetching disclosure list from Open DART...
[20260425] Fetching disclosure list from Open DART...
[20260419] Fetching disclosure list from Open DART...
[20260418] Fetching disclosure list from Open DART...
[20260416] Downloading 4 missing HTML documents...
[20260416] Downloaded 0/4 documents. (Total API calls: 139)
[20260412] Fetching disclosure list from Open DART...
[20260411] Fetching disclosure list from Open DART...
[20260405] Fetching disclosure list from Open DART...
[20260404] Fetching disclosure list from Open DART...
[20260329] Fetching disclosure list from Open DART...
[20260328] Fetching disclosure list from Open DART...
[20260322] Fetching disclosure list from Open DART...
[20260321] Fetching disclosure list from Open DART...
[20260315] Fetching disclosure list from Open DART...
[20260314] Fetching disclosure list from Open DART...
[20260313] Downloading 10 missing HTML documents...
[20260313] Downloaded 0/10 documents. (Total API calls: 159)
[20260312] Downloading 16 missing HTML documents...
[20260312] Downloaded 0/16 documents. (Total API calls: 175)
[20260311] Downloading 18 missing HTML documents...
[20260311] Downloaded 0/18 documents. (Total API calls: 193)
[20260310] Downloading 3 missing HTML documents...
[20260310] Downloaded 0/3 documents. (Total API calls: 196)
[20260309] Downloading 1 missing HTML documents...
[20260309] Downloaded 0/1 documents. (Total API calls: 197)
[20260308] Fetching disclosure list from Open DART...
[20260307] Fetching disclosure list from Open DART...
[20260306] Downloading 8 missing HTML documents...
[20260306] Downloaded 0/8 documents. (Total API calls: 207)
[20260305] Downloading 2 missing HTML documents...
[20260305] Downloaded 0/2 documents. (Total API calls: 209)
[20260304] Downloading 4 missing HTML documents...
[20260304] Downloaded 0/4 documents. (Total API calls: 213)
[20260303] Downloading 6 missing HTML documents...
[20260303] Downloaded 0/6 documents. (Total API calls: 219)
[20260302] Fetching disclosure list from Open DART...
[20260301] Fetching disclosure list from Open DART...
[20260228] Fetching disclosure list from Open DART...
[20260222] Fetching disclosure list from Open DART...
[20260221] Fetching disclosure list from Open DART...
[20260218] Fetching disclosure list from Open DART...
[20260217] Fetching disclosure list from Open DART...
[20260216] Fetching disclosure list from Open DART...
[20260215] Fetching disclosure list from Open DART...
[20260214] Fetching disclosure list from Open DART...
[20260208] Fetching disclosure list from Open DART...
[20260207] Fetching disclosure list from Open DART...
[20260201] Fetching disclosure list from Open DART...
[20260131] Fetching disclosure list from Open DART...
[20260129] Downloading 3 missing HTML documents...
[20260129] Downloaded 0/3 documents. (Total API calls: 236)
[20260125] Fetching disclosure list from Open DART...
[20260124] Fetching disclosure list from Open DART...
[20260119] Downloading 2 missing HTML documents...
[20260119] Downloaded 0/2 documents. (Total API calls: 240)
[20260118] Fetching disclosure list from Open DART...
[20260117] Fetching disclosure list from Open DART...
[20260111] Fetching disclosure list from Open DART...
[20260110] Fetching disclosure list from Open DART...
[20260104] Fetching disclosure list from Open DART...
[20260103] Fetching disclosure list from Open DART...
[20260101] Fetching disclosure list from Open DART...
Historical collection run finished. Total API calls in this run: 247
Total dates to process: 176 (from 20260625 down to 20260101)
[20260625] Fetching disclosure list from Open DART...
[20260625] Saved 2 filtered disclosures.
[20260625] Downloading 2 missing HTML documents...
[20260625] Downloaded 0/2 documents. (Total API calls: 3)
[20260624] Downloading 5 missing HTML documents...
[20260624] Downloaded 0/5 documents. (Total API calls: 8)
[20260623] Downloading 2 missing HTML documents...
[20260623] Downloaded 0/2 documents. (Total API calls: 10)
[20260622] Downloading 5 missing HTML documents...
[20260622] Downloaded 0/5 documents. (Total API calls: 15)
[20260621] Fetching disclosure list from Open DART...
[20260620] Fetching disclosure list from Open DART...
[20260619] Downloading 2 missing HTML documents...
[20260619] Downloaded 0/2 documents. (Total API calls: 19)
[20260618] Downloading 5 missing HTML documents...
[20260618] Downloaded 0/5 documents. (Total API calls: 24)
[20260617] Downloading 3 missing HTML documents...
[20260617] Downloaded 0/3 documents. (Total API calls: 27)
[20260616] Downloading 7 missing HTML documents...
[20260616] Downloaded 0/7 documents. (Total API calls: 34)
[20260615] Downloading 1 missing HTML documents...
[20260615] Downloaded 0/1 documents. (Total API calls: 35)
[20260614] Fetching disclosure list from Open DART...
[20260613] Fetching disclosure list from Open DART...
[20260612] Downloading 7 missing HTML documents...
[20260612] Downloaded 0/7 documents. (Total API calls: 44)
[20260611] Downloading 6 missing HTML documents...
[20260611] Downloaded 0/6 documents. (Total API calls: 50)
[20260610] Downloading 3 missing HTML documents...
[20260610] Downloaded 0/3 documents. (Total API calls: 53)
[20260609] Downloading 1 missing HTML documents...
[20260609] Downloaded 0/1 documents. (Total API calls: 54)
[20260608] Downloading 6 missing HTML documents...
[20260608] Downloaded 0/6 documents. (Total API calls: 60)
[20260607] Fetching disclosure list from Open DART...
[20260606] Fetching disclosure list from Open DART...
[20260605] Downloading 8 missing HTML documents...
[20260605] Downloaded 0/8 documents. (Total API calls: 70)
[20260604] Downloading 4 missing HTML documents...
[20260604] Downloaded 0/4 documents. (Total API calls: 74)
[20260603] Fetching disclosure list from Open DART...
[20260602] Downloading 4 missing HTML documents...
[20260602] Downloaded 0/4 documents. (Total API calls: 79)
[20260601] Downloading 5 missing HTML documents...
[20260601] Downloaded 0/5 documents. (Total API calls: 84)
[20260531] Fetching disclosure list from Open DART...
[20260530] Fetching disclosure list from Open DART...
[20260529] Downloading 4 missing HTML documents...
[20260529] Downloaded 0/4 documents. (Total API calls: 90)
[20260528] Downloading 8 missing HTML documents...
[20260528] Downloaded 0/8 documents. (Total API calls: 98)
[20260527] Downloading 5 missing HTML documents...
[20260527] Downloaded 0/5 documents. (Total API calls: 103)
[20260526] Downloading 5 missing HTML documents...
[20260526] Downloaded 0/5 documents. (Total API calls: 108)
[20260525] Fetching disclosure list from Open DART...
[20260524] Fetching disclosure list from Open DART...
[20260523] Fetching disclosure list from Open DART...
[20260522] Downloading 3 missing HTML documents...
[20260522] Downloaded 0/3 documents. (Total API calls: 114)
[20260521] Downloading 7 missing HTML documents...
[20260521] Downloaded 0/7 documents. (Total API calls: 121)
[20260520] Downloading 5 missing HTML documents...
[20260520] Downloaded 0/5 documents. (Total API calls: 126)
[20260517] Fetching disclosure list from Open DART...
[20260516] Fetching disclosure list from Open DART...
[20260510] Fetching disclosure list from Open DART...
[20260509] Fetching disclosure list from Open DART...
[20260505] Fetching disclosure list from Open DART...
[20260503] Fetching disclosure list from Open DART...
[20260502] Fetching disclosure list from Open DART...
[20260501] Fetching disclosure list from Open DART...
[20260426] Fetching disclosure list from Open DART...
[20260425] Fetching disclosure list from Open DART...
[20260419] Fetching disclosure list from Open DART...
[20260418] Fetching disclosure list from Open DART...
[20260416] Downloading 4 missing HTML documents...
[20260416] Downloaded 0/4 documents. (Total API calls: 142)
[20260412] Fetching disclosure list from Open DART...
[20260411] Fetching disclosure list from Open DART...
[20260405] Fetching disclosure list from Open DART...
[20260404] Fetching disclosure list from Open DART...
[20260329] Fetching disclosure list from Open DART...
[20260328] Fetching disclosure list from Open DART...
[20260322] Fetching disclosure list from Open DART...
[20260321] Fetching disclosure list from Open DART...
[20260315] Fetching disclosure list from Open DART...
[20260314] Fetching disclosure list from Open DART...
[20260313] Downloading 10 missing HTML documents...
[20260313] Downloaded 0/10 documents. (Total API calls: 162)
[20260312] Downloading 16 missing HTML documents...
[20260312] Downloaded 0/16 documents. (Total API calls: 178)
[20260311] Downloading 18 missing HTML documents...
[20260311] Downloaded 0/18 documents. (Total API calls: 196)
[20260310] Downloading 3 missing HTML documents...
[20260310] Downloaded 0/3 documents. (Total API calls: 199)
[20260309] Downloading 1 missing HTML documents...
[20260309] Downloaded 0/1 documents. (Total API calls: 200)
[20260308] Fetching disclosure list from Open DART...
[20260307] Fetching disclosure list from Open DART...
[20260306] Downloading 8 missing HTML documents...
[20260306] Downloaded 0/8 documents. (Total API calls: 210)
[20260305] Downloading 2 missing HTML documents...
[20260305] Downloaded 0/2 documents. (Total API calls: 212)
[20260304] Downloading 4 missing HTML documents...
[20260304] Downloaded 0/4 documents. (Total API calls: 216)
[20260303] Downloading 6 missing HTML documents...
[20260303] Downloaded 0/6 documents. (Total API calls: 222)
[20260302] Fetching disclosure list from Open DART...
[20260301] Fetching disclosure list from Open DART...
[20260228] Fetching disclosure list from Open DART...
[20260222] Fetching disclosure list from Open DART...
[20260221] Fetching disclosure list from Open DART...
[20260218] Fetching disclosure list from Open DART...
[20260217] Fetching disclosure list from Open DART...
[20260216] Fetching disclosure list from Open DART...
[20260215] Fetching disclosure list from Open DART...
[20260214] Fetching disclosure list from Open DART...
[20260208] Fetching disclosure list from Open DART...
[20260207] Fetching disclosure list from Open DART...
[20260201] Fetching disclosure list from Open DART...
[20260131] Fetching disclosure list from Open DART...
[20260129] Downloading 3 missing HTML documents...
[20260129] Downloaded 0/3 documents. (Total API calls: 239)
[20260125] Fetching disclosure list from Open DART...
[20260124] Fetching disclosure list from Open DART...
[20260119] Downloading 2 missing HTML documents...
[20260119] Downloaded 0/2 documents. (Total API calls: 243)
[20260118] Fetching disclosure list from Open DART...
[20260117] Fetching disclosure list from Open DART...
[20260111] Fetching disclosure list from Open DART...
[20260110] Fetching disclosure list from Open DART...
[20260104] Fetching disclosure list from Open DART...
[20260103] Fetching disclosure list from Open DART...
[20260101] Fetching disclosure list from Open DART...
Historical collection run finished. Total API calls in this run: 250
Total dates to process: 177 (from 20260626 down to 20260101)
[20260626] Fetching disclosure list from Open DART...
[20260626] Saved 1 filtered disclosures.
[20260626] Downloading 1 missing HTML documents...
[20260626] Downloaded 0/1 documents. (Total API calls: 2)
[20260625] Downloading 4 missing HTML documents...
[20260625] Downloaded 0/4 documents. (Total API calls: 6)
[20260624] Downloading 5 missing HTML documents...
[20260624] Downloaded 0/5 documents. (Total API calls: 11)
[20260623] Downloading 2 missing HTML documents...
[20260623] Downloaded 0/2 documents. (Total API calls: 13)
[20260622] Downloading 5 missing HTML documents...
[20260622] Downloaded 0/5 documents. (Total API calls: 18)
[20260621] Fetching disclosure list from Open DART...
[20260620] Fetching disclosure list from Open DART...
[20260619] Downloading 2 missing HTML documents...
[20260619] Downloaded 0/2 documents. (Total API calls: 22)
[20260618] Downloading 5 missing HTML documents...
[20260618] Downloaded 0/5 documents. (Total API calls: 27)
[20260617] Downloading 3 missing HTML documents...
[20260617] Downloaded 0/3 documents. (Total API calls: 30)
[20260616] Downloading 7 missing HTML documents...
[20260616] Downloaded 0/7 documents. (Total API calls: 37)
[20260615] Downloading 1 missing HTML documents...
[20260615] Downloaded 0/1 documents. (Total API calls: 38)
[20260614] Fetching disclosure list from Open DART...
[20260613] Fetching disclosure list from Open DART...
[20260612] Downloading 7 missing HTML documents...
[20260612] Downloaded 0/7 documents. (Total API calls: 47)
[20260611] Downloading 6 missing HTML documents...
[20260611] Downloaded 0/6 documents. (Total API calls: 53)
[20260610] Downloading 3 missing HTML documents...
[20260610] Downloaded 0/3 documents. (Total API calls: 56)
[20260609] Downloading 1 missing HTML documents...
[20260609] Downloaded 0/1 documents. (Total API calls: 57)
[20260608] Downloading 6 missing HTML documents...
[20260608] Downloaded 0/6 documents. (Total API calls: 63)
[20260607] Fetching disclosure list from Open DART...
[20260606] Fetching disclosure list from Open DART...
[20260605] Downloading 8 missing HTML documents...
[20260605] Downloaded 0/8 documents. (Total API calls: 73)
[20260604] Downloading 4 missing HTML documents...
[20260604] Downloaded 0/4 documents. (Total API calls: 77)
[20260603] Fetching disclosure list from Open DART...
[20260602] Downloading 4 missing HTML documents...
[20260602] Downloaded 0/4 documents. (Total API calls: 82)
[20260601] Downloading 5 missing HTML documents...
[20260601] Downloaded 0/5 documents. (Total API calls: 87)
[20260531] Fetching disclosure list from Open DART...
[20260530] Fetching disclosure list from Open DART...
[20260529] Downloading 4 missing HTML documents...
[20260529] Downloaded 0/4 documents. (Total API calls: 93)
[20260528] Downloading 8 missing HTML documents...
[20260528] Downloaded 0/8 documents. (Total API calls: 101)
[20260527] Downloading 5 missing HTML documents...
[20260527] Downloaded 0/5 documents. (Total API calls: 106)
[20260526] Downloading 5 missing HTML documents...
[20260526] Downloaded 0/5 documents. (Total API calls: 111)
[20260525] Fetching disclosure list from Open DART...
[20260524] Fetching disclosure list from Open DART...
[20260523] Fetching disclosure list from Open DART...
[20260522] Downloading 3 missing HTML documents...
[20260522] Downloaded 0/3 documents. (Total API calls: 117)
[20260521] Downloading 7 missing HTML documents...
[20260521] Downloaded 0/7 documents. (Total API calls: 124)
[20260520] Downloading 5 missing HTML documents...
[20260520] Downloaded 0/5 documents. (Total API calls: 129)
[20260517] Fetching disclosure list from Open DART...
[20260516] Fetching disclosure list from Open DART...
[20260510] Fetching disclosure list from Open DART...
[20260509] Fetching disclosure list from Open DART...
[20260505] Fetching disclosure list from Open DART...
[20260503] Fetching disclosure list from Open DART...
[20260502] Fetching disclosure list from Open DART...
[20260501] Fetching disclosure list from Open DART...
[20260426] Fetching disclosure list from Open DART...
[20260425] Fetching disclosure list from Open DART...
[20260419] Fetching disclosure list from Open DART...
[20260418] Fetching disclosure list from Open DART...
[20260416] Downloading 4 missing HTML documents...
[20260416] Downloaded 0/4 documents. (Total API calls: 145)
[20260412] Fetching disclosure list from Open DART...
[20260411] Fetching disclosure list from Open DART...
[20260405] Fetching disclosure list from Open DART...
[20260404] Fetching disclosure list from Open DART...
[20260329] Fetching disclosure list from Open DART...
[20260328] Fetching disclosure list from Open DART...
[20260322] Fetching disclosure list from Open DART...
[20260321] Fetching disclosure list from Open DART...
[20260315] Fetching disclosure list from Open DART...
[20260314] Fetching disclosure list from Open DART...
[20260313] Downloading 10 missing HTML documents...
[20260313] Downloaded 0/10 documents. (Total API calls: 165)
[20260312] Downloading 16 missing HTML documents...
[20260312] Downloaded 0/16 documents. (Total API calls: 181)
[20260311] Downloading 18 missing HTML documents...
[20260311] Downloaded 0/18 documents. (Total API calls: 199)
[20260310] Downloading 3 missing HTML documents...
[20260310] Downloaded 0/3 documents. (Total API calls: 202)
[20260309] Downloading 1 missing HTML documents...
[20260309] Downloaded 0/1 documents. (Total API calls: 203)
[20260308] Fetching disclosure list from Open DART...
[20260307] Fetching disclosure list from Open DART...
[20260306] Downloading 8 missing HTML documents...
[20260306] Downloaded 0/8 documents. (Total API calls: 213)
[20260305] Downloading 2 missing HTML documents...
[20260305] Downloaded 0/2 documents. (Total API calls: 215)
[20260304] Downloading 4 missing HTML documents...
[20260304] Downloaded 0/4 documents. (Total API calls: 219)
[20260303] Downloading 6 missing HTML documents...
[20260303] Downloaded 0/6 documents. (Total API calls: 225)
[20260302] Fetching disclosure list from Open DART...
[20260301] Fetching disclosure list from Open DART...
[20260228] Fetching disclosure list from Open DART...
[20260222] Fetching disclosure list from Open DART...
[20260221] Fetching disclosure list from Open DART...
[20260218] Fetching disclosure list from Open DART...
[20260217] Fetching disclosure list from Open DART...
[20260216] Fetching disclosure list from Open DART...
[20260215] Fetching disclosure list from Open DART...
[20260214] Fetching disclosure list from Open DART...
[20260208] Fetching disclosure list from Open DART...
[20260207] Fetching disclosure list from Open DART...
[20260201] Fetching disclosure list from Open DART...
[20260131] Fetching disclosure list from Open DART...
[20260129] Downloading 3 missing HTML documents...
[20260129] Downloaded 0/3 documents. (Total API calls: 242)
[20260125] Fetching disclosure list from Open DART...
[20260124] Fetching disclosure list from Open DART...
[20260119] Downloading 2 missing HTML documents...
[20260119] Downloaded 0/2 documents. (Total API calls: 246)
[20260118] Fetching disclosure list from Open DART...
[20260117] Fetching disclosure list from Open DART...
[20260111] Fetching disclosure list from Open DART...
[20260110] Fetching disclosure list from Open DART...
[20260104] Fetching disclosure list from Open DART...
[20260103] Fetching disclosure list from Open DART...
[20260101] Fetching disclosure list from Open DART...
Historical collection run finished. Total API calls in this run: 253
Total dates to process: 178 (from 20260627 down to 20260101)
[20260627] Fetching disclosure list from Open DART...
[20260626] Downloading 14 missing HTML documents...
[20260626] Downloaded 9/14 documents. (Total API calls: 15)
[20260625] Downloading 4 missing HTML documents...
[20260625] Downloaded 0/4 documents. (Total API calls: 19)
[20260624] Downloading 5 missing HTML documents...
[20260624] Downloaded 0/5 documents. (Total API calls: 24)
[20260623] Downloading 2 missing HTML documents...
[20260623] Downloaded 0/2 documents. (Total API calls: 26)
[20260622] Downloading 5 missing HTML documents...
[20260622] Downloaded 0/5 documents. (Total API calls: 31)
[20260621] Fetching disclosure list from Open DART...
[20260620] Fetching disclosure list from Open DART...
[20260619] Downloading 2 missing HTML documents...
[20260619] Downloaded 0/2 documents. (Total API calls: 35)
[20260618] Downloading 5 missing HTML documents...
[20260618] Downloaded 0/5 documents. (Total API calls: 40)
[20260617] Downloading 3 missing HTML documents...
[20260617] Downloaded 0/3 documents. (Total API calls: 43)
[20260616] Downloading 7 missing HTML documents...
[20260616] Downloaded 0/7 documents. (Total API calls: 50)
[20260615] Downloading 1 missing HTML documents...
[20260615] Downloaded 0/1 documents. (Total API calls: 51)
[20260614] Fetching disclosure list from Open DART...
[20260613] Fetching disclosure list from Open DART...
[20260612] Downloading 7 missing HTML documents...
[20260612] Downloaded 0/7 documents. (Total API calls: 60)
[20260611] Downloading 6 missing HTML documents...
[20260611] Downloaded 0/6 documents. (Total API calls: 66)
[20260610] Downloading 3 missing HTML documents...
[20260610] Downloaded 0/3 documents. (Total API calls: 69)
[20260609] Downloading 1 missing HTML documents...
[20260609] Downloaded 0/1 documents. (Total API calls: 70)
[20260608] Downloading 6 missing HTML documents...
[20260608] Downloaded 0/6 documents. (Total API calls: 76)
[20260607] Fetching disclosure list from Open DART...
[20260606] Fetching disclosure list from Open DART...
[20260605] Downloading 8 missing HTML documents...
[20260605] Downloaded 0/8 documents. (Total API calls: 86)
[20260604] Downloading 4 missing HTML documents...
[20260604] Downloaded 0/4 documents. (Total API calls: 90)
[20260603] Fetching disclosure list from Open DART...
[20260602] Downloading 4 missing HTML documents...
[20260602] Downloaded 0/4 documents. (Total API calls: 95)
[20260601] Downloading 5 missing HTML documents...
[20260601] Downloaded 0/5 documents. (Total API calls: 100)
[20260531] Fetching disclosure list from Open DART...
[20260530] Fetching disclosure list from Open DART...
[20260529] Downloading 4 missing HTML documents...
[20260529] Downloaded 0/4 documents. (Total API calls: 106)
[20260528] Downloading 8 missing HTML documents...
[20260528] Downloaded 0/8 documents. (Total API calls: 114)
[20260527] Downloading 5 missing HTML documents...
[20260527] Downloaded 0/5 documents. (Total API calls: 119)
[20260526] Downloading 5 missing HTML documents...
[20260526] Downloaded 0/5 documents. (Total API calls: 124)
[20260525] Fetching disclosure list from Open DART...
[20260524] Fetching disclosure list from Open DART...
[20260523] Fetching disclosure list from Open DART...
[20260522] Downloading 3 missing HTML documents...
[20260522] Downloaded 0/3 documents. (Total API calls: 130)
[20260521] Downloading 7 missing HTML documents...
[20260521] Downloaded 0/7 documents. (Total API calls: 137)
[20260520] Downloading 5 missing HTML documents...
[20260520] Downloaded 0/5 documents. (Total API calls: 142)
[20260517] Fetching disclosure list from Open DART...
[20260516] Fetching disclosure list from Open DART...
[20260510] Fetching disclosure list from Open DART...
[20260509] Fetching disclosure list from Open DART...
[20260505] Fetching disclosure list from Open DART...
[20260503] Fetching disclosure list from Open DART...
[20260502] Fetching disclosure list from Open DART...
[20260501] Fetching disclosure list from Open DART...
[20260426] Fetching disclosure list from Open DART...
[20260425] Fetching disclosure list from Open DART...
[20260419] Fetching disclosure list from Open DART...
[20260418] Fetching disclosure list from Open DART...
[20260416] Downloading 4 missing HTML documents...
[20260416] Downloaded 0/4 documents. (Total API calls: 158)
[20260412] Fetching disclosure list from Open DART...
[20260411] Fetching disclosure list from Open DART...
[20260405] Fetching disclosure list from Open DART...
[20260404] Fetching disclosure list from Open DART...
[20260329] Fetching disclosure list from Open DART...
[20260328] Fetching disclosure list from Open DART...
[20260322] Fetching disclosure list from Open DART...
[20260321] Fetching disclosure list from Open DART...
[20260315] Fetching disclosure list from Open DART...
[20260314] Fetching disclosure list from Open DART...
[20260313] Downloading 10 missing HTML documents...
[20260313] Downloaded 0/10 documents. (Total API calls: 178)
[20260312] Downloading 16 missing HTML documents...
[20260312] Downloaded 0/16 documents. (Total API calls: 194)
[20260311] Downloading 18 missing HTML documents...
[20260311] Downloaded 0/18 documents. (Total API calls: 212)
[20260310] Downloading 3 missing HTML documents...
[20260310] Downloaded 0/3 documents. (Total API calls: 215)
[20260309] Downloading 1 missing HTML documents...
[20260309] Downloaded 0/1 documents. (Total API calls: 216)
[20260308] Fetching disclosure list from Open DART...
[20260307] Fetching disclosure list from Open DART...
[20260306] Downloading 8 missing HTML documents...
[20260306] Downloaded 0/8 documents. (Total API calls: 226)
[20260305] Downloading 2 missing HTML documents...
[20260305] Downloaded 0/2 documents. (Total API calls: 228)
[20260304] Downloading 4 missing HTML documents...
[20260304] Downloaded 0/4 documents. (Total API calls: 232)
[20260303] Downloading 6 missing HTML documents...
[20260303] Downloaded 0/6 documents. (Total API calls: 238)
[20260302] Fetching disclosure list from Open DART...
[20260301] Fetching disclosure list from Open DART...
[20260228] Fetching disclosure list from Open DART...
[20260222] Fetching disclosure list from Open DART...
[20260221] Fetching disclosure list from Open DART...
[20260218] Fetching disclosure list from Open DART...
[20260217] Fetching disclosure list from Open DART...
[20260216] Fetching disclosure list from Open DART...
[20260215] Fetching disclosure list from Open DART...
[20260214] Fetching disclosure list from Open DART...
[20260208] Fetching disclosure list from Open DART...
[20260207] Fetching disclosure list from Open DART...
[20260201] Fetching disclosure list from Open DART...
[20260131] Fetching disclosure list from Open DART...
[20260129] Downloading 3 missing HTML documents...
[20260129] Downloaded 0/3 documents. (Total API calls: 255)
[20260125] Fetching disclosure list from Open DART...
[20260124] Fetching disclosure list from Open DART...
[20260119] Downloading 2 missing HTML documents...
[20260119] Downloaded 0/2 documents. (Total API calls: 259)
[20260118] Fetching disclosure list from Open DART...
[20260117] Fetching disclosure list from Open DART...
[20260111] Fetching disclosure list from Open DART...
[20260110] Fetching disclosure list from Open DART...
[20260104] Fetching disclosure list from Open DART...
[20260103] Fetching disclosure list from Open DART...
[20260101] Fetching disclosure list from Open DART...
Historical collection run finished. Total API calls in this run: 266
Total dates to process: 179 (from 20260628 down to 20260101)
[20260628] Fetching disclosure list from Open DART...
[20260627] Fetching disclosure list from Open DART...
[20260626] Downloading 5 missing HTML documents...
[20260626] Downloaded 0/5 documents. (Total API calls: 7)
[20260625] Downloading 4 missing HTML documents...
[20260625] Downloaded 0/4 documents. (Total API calls: 11)
[20260624] Downloading 5 missing HTML documents...
[20260624] Downloaded 0/5 documents. (Total API calls: 16)
[20260623] Downloading 2 missing HTML documents...
[20260623] Downloaded 0/2 documents. (Total API calls: 18)
[20260622] Downloading 5 missing HTML documents...
[20260622] Downloaded 0/5 documents. (Total API calls: 23)
[20260621] Fetching disclosure list from Open DART...
[20260620] Fetching disclosure list from Open DART...
[20260619] Downloading 2 missing HTML documents...
[20260619] Downloaded 0/2 documents. (Total API calls: 27)
[20260618] Downloading 5 missing HTML documents...
[20260618] Downloaded 0/5 documents. (Total API calls: 32)
[20260617] Downloading 3 missing HTML documents...
[20260617] Downloaded 0/3 documents. (Total API calls: 35)
[20260616] Downloading 7 missing HTML documents...
[20260616] Downloaded 0/7 documents. (Total API calls: 42)
[20260615] Downloading 1 missing HTML documents...
[20260615] Downloaded 0/1 documents. (Total API calls: 43)
[20260614] Fetching disclosure list from Open DART...
[20260613] Fetching disclosure list from Open DART...
[20260612] Downloading 7 missing HTML documents...
[20260612] Downloaded 0/7 documents. (Total API calls: 52)
[20260611] Downloading 6 missing HTML documents...
[20260611] Downloaded 0/6 documents. (Total API calls: 58)
[20260610] Downloading 3 missing HTML documents...
[20260610] Downloaded 0/3 documents. (Total API calls: 61)
[20260609] Downloading 1 missing HTML documents...
[20260609] Downloaded 0/1 documents. (Total API calls: 62)
[20260608] Downloading 6 missing HTML documents...
[20260608] Downloaded 0/6 documents. (Total API calls: 68)
[20260607] Fetching disclosure list from Open DART...
[20260606] Fetching disclosure list from Open DART...
[20260605] Downloading 8 missing HTML documents...
[20260605] Downloaded 0/8 documents. (Total API calls: 78)
[20260604] Downloading 4 missing HTML documents...
[20260604] Downloaded 0/4 documents. (Total API calls: 82)
[20260603] Fetching disclosure list from Open DART...
[20260602] Downloading 4 missing HTML documents...
[20260602] Downloaded 0/4 documents. (Total API calls: 87)
[20260601] Downloading 5 missing HTML documents...
[20260601] Downloaded 0/5 documents. (Total API calls: 92)
[20260531] Fetching disclosure list from Open DART...
[20260530] Fetching disclosure list from Open DART...
[20260529] Downloading 4 missing HTML documents...
[20260529] Downloaded 0/4 documents. (Total API calls: 98)
[20260528] Downloading 8 missing HTML documents...
[20260528] Downloaded 0/8 documents. (Total API calls: 106)
[20260527] Downloading 5 missing HTML documents...
[20260527] Downloaded 0/5 documents. (Total API calls: 111)
[20260526] Downloading 5 missing HTML documents...
[20260526] Downloaded 0/5 documents. (Total API calls: 116)
[20260525] Fetching disclosure list from Open DART...
[20260524] Fetching disclosure list from Open DART...
[20260523] Fetching disclosure list from Open DART...
[20260522] Downloading 3 missing HTML documents...
[20260522] Downloaded 0/3 documents. (Total API calls: 122)
[20260521] Downloading 7 missing HTML documents...
[20260521] Downloaded 0/7 documents. (Total API calls: 129)
[20260520] Downloading 5 missing HTML documents...
[20260520] Downloaded 0/5 documents. (Total API calls: 134)
[20260517] Fetching disclosure list from Open DART...
[20260516] Fetching disclosure list from Open DART...
[20260510] Fetching disclosure list from Open DART...
[20260509] Fetching disclosure list from Open DART...
[20260505] Fetching disclosure list from Open DART...
[20260503] Fetching disclosure list from Open DART...
[20260502] Fetching disclosure list from Open DART...
[20260501] Fetching disclosure list from Open DART...
[20260426] Fetching disclosure list from Open DART...
[20260425] Fetching disclosure list from Open DART...
[20260419] Fetching disclosure list from Open DART...
[20260418] Fetching disclosure list from Open DART...
[20260416] Downloading 4 missing HTML documents...
[20260416] Downloaded 0/4 documents. (Total API calls: 150)
[20260412] Fetching disclosure list from Open DART...
[20260411] Fetching disclosure list from Open DART...
[20260405] Fetching disclosure list from Open DART...
[20260404] Fetching disclosure list from Open DART...
[20260329] Fetching disclosure list from Open DART...
[20260328] Fetching disclosure list from Open DART...
[20260322] Fetching disclosure list from Open DART...
[20260321] Fetching disclosure list from Open DART...
[20260315] Fetching disclosure list from Open DART...
[20260314] Fetching disclosure list from Open DART...
[20260313] Downloading 10 missing HTML documents...
[20260313] Downloaded 0/10 documents. (Total API calls: 170)
[20260312] Downloading 16 missing HTML documents...
[20260312] Downloaded 0/16 documents. (Total API calls: 186)
[20260311] Downloading 18 missing HTML documents...
[20260311] Downloaded 0/18 documents. (Total API calls: 204)
[20260310] Downloading 3 missing HTML documents...
[20260310] Downloaded 0/3 documents. (Total API calls: 207)
[20260309] Downloading 1 missing HTML documents...
[20260309] Downloaded 0/1 documents. (Total API calls: 208)
[20260308] Fetching disclosure list from Open DART...
[20260307] Fetching disclosure list from Open DART...
[20260306] Downloading 8 missing HTML documents...
[20260306] Downloaded 0/8 documents. (Total API calls: 218)
[20260305] Downloading 2 missing HTML documents...
[20260305] Downloaded 0/2 documents. (Total API calls: 220)
[20260304] Downloading 4 missing HTML documents...
[20260304] Downloaded 0/4 documents. (Total API calls: 224)
[20260303] Downloading 6 missing HTML documents...
[20260303] Downloaded 0/6 documents. (Total API calls: 230)
[20260302] Fetching disclosure list from Open DART...
[20260301] Fetching disclosure list from Open DART...
[20260228] Fetching disclosure list from Open DART...
[20260222] Fetching disclosure list from Open DART...
[20260221] Fetching disclosure list from Open DART...
[20260218] Fetching disclosure list from Open DART...
[20260217] Fetching disclosure list from Open DART...
[20260216] Fetching disclosure list from Open DART...
[20260215] Fetching disclosure list from Open DART...
[20260214] Fetching disclosure list from Open DART...
[20260208] Fetching disclosure list from Open DART...
[20260207] Fetching disclosure list from Open DART...
[20260201] Fetching disclosure list from Open DART...
[20260131] Fetching disclosure list from Open DART...
[20260129] Downloading 3 missing HTML documents...
[20260129] Downloaded 0/3 documents. (Total API calls: 247)
[20260125] Fetching disclosure list from Open DART...
[20260124] Fetching disclosure list from Open DART...
[20260119] Downloading 2 missing HTML documents...
[20260119] Downloaded 0/2 documents. (Total API calls: 251)
[20260118] Fetching disclosure list from Open DART...
[20260117] Fetching disclosure list from Open DART...
[20260111] Fetching disclosure list from Open DART...
[20260110] Fetching disclosure list from Open DART...
[20260104] Fetching disclosure list from Open DART...
[20260103] Fetching disclosure list from Open DART...
[20260101] Fetching disclosure list from Open DART...
Historical collection run finished. Total API calls in this run: 258
Total dates to process: 180 (from 20260629 down to 20260101)
[20260629] Fetching disclosure list from Open DART...
[20260629] Saved 4 filtered disclosures.
[20260629] Downloading 4 missing HTML documents...
[20260629] Downloaded 0/4 documents. (Total API calls: 5)
[20260628] Fetching disclosure list from Open DART...
[20260627] Fetching disclosure list from Open DART...
[20260626] Downloading 5 missing HTML documents...
[20260626] Downloaded 0/5 documents. (Total API calls: 12)
[20260625] Downloading 4 missing HTML documents...
[20260625] Downloaded 0/4 documents. (Total API calls: 16)
[20260624] Downloading 5 missing HTML documents...
[20260624] Downloaded 0/5 documents. (Total API calls: 21)
[20260623] Downloading 2 missing HTML documents...
[20260623] Downloaded 0/2 documents. (Total API calls: 23)
[20260622] Downloading 5 missing HTML documents...
[20260622] Downloaded 0/5 documents. (Total API calls: 28)
[20260621] Fetching disclosure list from Open DART...
[20260620] Fetching disclosure list from Open DART...
[20260619] Downloading 2 missing HTML documents...
[20260619] Downloaded 0/2 documents. (Total API calls: 32)
[20260618] Downloading 5 missing HTML documents...
[20260618] Downloaded 0/5 documents. (Total API calls: 37)
[20260617] Downloading 3 missing HTML documents...
[20260617] Downloaded 0/3 documents. (Total API calls: 40)
[20260616] Downloading 7 missing HTML documents...
[20260616] Downloaded 0/7 documents. (Total API calls: 47)
[20260615] Downloading 1 missing HTML documents...
[20260615] Downloaded 0/1 documents. (Total API calls: 48)
[20260614] Fetching disclosure list from Open DART...
[20260613] Fetching disclosure list from Open DART...
[20260612] Downloading 7 missing HTML documents...
[20260612] Downloaded 0/7 documents. (Total API calls: 57)
[20260611] Downloading 6 missing HTML documents...
[20260611] Downloaded 0/6 documents. (Total API calls: 63)
[20260610] Downloading 3 missing HTML documents...
[20260610] Downloaded 0/3 documents. (Total API calls: 66)
[20260609] Downloading 1 missing HTML documents...
[20260609] Downloaded 0/1 documents. (Total API calls: 67)
[20260608] Downloading 6 missing HTML documents...
[20260608] Downloaded 0/6 documents. (Total API calls: 73)
[20260607] Fetching disclosure list from Open DART...
[20260606] Fetching disclosure list from Open DART...
[20260605] Downloading 8 missing HTML documents...
[20260605] Downloaded 0/8 documents. (Total API calls: 83)
[20260604] Downloading 4 missing HTML documents...
[20260604] Downloaded 0/4 documents. (Total API calls: 87)
[20260603] Fetching disclosure list from Open DART...
[20260602] Downloading 4 missing HTML documents...
[20260602] Downloaded 0/4 documents. (Total API calls: 92)
[20260601] Downloading 5 missing HTML documents...
[20260601] Downloaded 0/5 documents. (Total API calls: 97)
[20260531] Fetching disclosure list from Open DART...
[20260530] Fetching disclosure list from Open DART...
[20260529] Downloading 4 missing HTML documents...
[20260529] Downloaded 0/4 documents. (Total API calls: 103)
[20260528] Downloading 8 missing HTML documents...
[20260528] Downloaded 0/8 documents. (Total API calls: 111)
[20260527] Downloading 5 missing HTML documents...
[20260527] Downloaded 0/5 documents. (Total API calls: 116)
[20260526] Downloading 5 missing HTML documents...
[20260526] Downloaded 0/5 documents. (Total API calls: 121)
[20260525] Fetching disclosure list from Open DART...
[20260524] Fetching disclosure list from Open DART...
[20260523] Fetching disclosure list from Open DART...
[20260522] Downloading 3 missing HTML documents...
[20260522] Downloaded 0/3 documents. (Total API calls: 127)
[20260521] Downloading 7 missing HTML documents...
[20260521] Downloaded 0/7 documents. (Total API calls: 134)
[20260520] Downloading 5 missing HTML documents...
[20260520] Downloaded 0/5 documents. (Total API calls: 139)
[20260517] Fetching disclosure list from Open DART...
[20260516] Fetching disclosure list from Open DART...
[20260510] Fetching disclosure list from Open DART...
[20260509] Fetching disclosure list from Open DART...
[20260505] Fetching disclosure list from Open DART...
[20260503] Fetching disclosure list from Open DART...
[20260502] Fetching disclosure list from Open DART...
[20260501] Fetching disclosure list from Open DART...
[20260426] Fetching disclosure list from Open DART...
[20260425] Fetching disclosure list from Open DART...
[20260419] Fetching disclosure list from Open DART...
[20260418] Fetching disclosure list from Open DART...
[20260416] Downloading 4 missing HTML documents...
[20260416] Downloaded 0/4 documents. (Total API calls: 155)
[20260412] Fetching disclosure list from Open DART...
[20260411] Fetching disclosure list from Open DART...
[20260405] Fetching disclosure list from Open DART...
[20260404] Fetching disclosure list from Open DART...
[20260329] Fetching disclosure list from Open DART...
[20260328] Fetching disclosure list from Open DART...
[20260322] Fetching disclosure list from Open DART...
[20260321] Fetching disclosure list from Open DART...
[20260315] Fetching disclosure list from Open DART...
[20260314] Fetching disclosure list from Open DART...
[20260313] Downloading 10 missing HTML documents...
[20260313] Downloaded 0/10 documents. (Total API calls: 175)
[20260312] Downloading 16 missing HTML documents...
[20260312] Downloaded 0/16 documents. (Total API calls: 191)
[20260311] Downloading 18 missing HTML documents...
[20260311] Downloaded 0/18 documents. (Total API calls: 209)
[20260310] Downloading 3 missing HTML documents...
[20260310] Downloaded 0/3 documents. (Total API calls: 212)
[20260309] Downloading 1 missing HTML documents...
[20260309] Downloaded 0/1 documents. (Total API calls: 213)
[20260308] Fetching disclosure list from Open DART...
[20260307] Fetching disclosure list from Open DART...
[20260306] Downloading 8 missing HTML documents...
[20260306] Downloaded 0/8 documents. (Total API calls: 223)
[20260305] Downloading 2 missing HTML documents...
[20260305] Downloaded 0/2 documents. (Total API calls: 225)
[20260304] Downloading 4 missing HTML documents...
[20260304] Downloaded 0/4 documents. (Total API calls: 229)
[20260303] Downloading 6 missing HTML documents...
[20260303] Downloaded 0/6 documents. (Total API calls: 235)
[20260302] Fetching disclosure list from Open DART...
[20260301] Fetching disclosure list from Open DART...
[20260228] Fetching disclosure list from Open DART...
[20260222] Fetching disclosure list from Open DART...
[20260221] Fetching disclosure list from Open DART...
[20260218] Fetching disclosure list from Open DART...
[20260217] Fetching disclosure list from Open DART...
[20260216] Fetching disclosure list from Open DART...
[20260215] Fetching disclosure list from Open DART...
[20260214] Fetching disclosure list from Open DART...
[20260208] Fetching disclosure list from Open DART...
[20260207] Fetching disclosure list from Open DART...
[20260201] Fetching disclosure list from Open DART...
[20260131] Fetching disclosure list from Open DART...
[20260129] Downloading 3 missing HTML documents...
[20260129] Downloaded 0/3 documents. (Total API calls: 252)
[20260125] Fetching disclosure list from Open DART...
[20260124] Fetching disclosure list from Open DART...
[20260119] Downloading 2 missing HTML documents...
[20260119] Downloaded 0/2 documents. (Total API calls: 256)
[20260118] Fetching disclosure list from Open DART...
[20260117] Fetching disclosure list from Open DART...
[20260111] Fetching disclosure list from Open DART...
[20260110] Fetching disclosure list from Open DART...
[20260104] Fetching disclosure list from Open DART...
[20260103] Fetching disclosure list from Open DART...
[20260101] Fetching disclosure list from Open DART...
Historical collection run finished. Total API calls in this run: 263
Total dates to process: 181 (from 20260630 down to 20260101)
[20260630] Fetching disclosure list from Open DART...
[20260630] Saved 4 filtered disclosures.
[20260630] Downloading 4 missing HTML documents...
[20260630] Downloaded 0/4 documents. (Total API calls: 5)
[20260629] Downloading 4 missing HTML documents...
[20260629] Downloaded 4/4 documents. (Total API calls: 9)
[20260628] Fetching disclosure list from Open DART...
[20260627] Fetching disclosure list from Open DART...
[20260626] Downloading 5 missing HTML documents...
[20260626] Downloaded 0/5 documents. (Total API calls: 16)
[20260625] Downloading 4 missing HTML documents...
[20260625] Downloaded 0/4 documents. (Total API calls: 20)
[20260624] Downloading 5 missing HTML documents...
[20260624] Downloaded 0/5 documents. (Total API calls: 25)
[20260623] Downloading 2 missing HTML documents...
[20260623] Downloaded 0/2 documents. (Total API calls: 27)
[20260622] Downloading 5 missing HTML documents...
[20260622] Downloaded 0/5 documents. (Total API calls: 32)
[20260621] Fetching disclosure list from Open DART...
[20260620] Fetching disclosure list from Open DART...
[20260619] Downloading 2 missing HTML documents...
[20260619] Downloaded 0/2 documents. (Total API calls: 36)
[20260618] Downloading 5 missing HTML documents...
[20260618] Downloaded 0/5 documents. (Total API calls: 41)
[20260617] Downloading 3 missing HTML documents...
[20260617] Downloaded 0/3 documents. (Total API calls: 44)
[20260616] Downloading 7 missing HTML documents...
[20260616] Downloaded 0/7 documents. (Total API calls: 51)
[20260615] Downloading 1 missing HTML documents...
[20260615] Downloaded 0/1 documents. (Total API calls: 52)
[20260614] Fetching disclosure list from Open DART...
[20260613] Fetching disclosure list from Open DART...
[20260612] Downloading 7 missing HTML documents...
[20260612] Downloaded 0/7 documents. (Total API calls: 61)
[20260611] Downloading 6 missing HTML documents...
[20260611] Downloaded 0/6 documents. (Total API calls: 67)
[20260610] Downloading 3 missing HTML documents...
[20260610] Downloaded 0/3 documents. (Total API calls: 70)
[20260609] Downloading 1 missing HTML documents...
[20260609] Downloaded 0/1 documents. (Total API calls: 71)
[20260608] Downloading 6 missing HTML documents...
[20260608] Downloaded 0/6 documents. (Total API calls: 77)
[20260607] Fetching disclosure list from Open DART...
[20260606] Fetching disclosure list from Open DART...
[20260605] Downloading 8 missing HTML documents...
[20260605] Downloaded 0/8 documents. (Total API calls: 87)
[20260604] Downloading 4 missing HTML documents...
[20260604] Downloaded 0/4 documents. (Total API calls: 91)
[20260603] Fetching disclosure list from Open DART...
[20260602] Downloading 4 missing HTML documents...
[20260602] Downloaded 0/4 documents. (Total API calls: 96)
[20260601] Downloading 5 missing HTML documents...
[20260601] Downloaded 0/5 documents. (Total API calls: 101)
[20260531] Fetching disclosure list from Open DART...
[20260530] Fetching disclosure list from Open DART...
[20260529] Downloading 4 missing HTML documents...
[20260529] Downloaded 0/4 documents. (Total API calls: 107)
[20260528] Downloading 8 missing HTML documents...
[20260528] Downloaded 0/8 documents. (Total API calls: 115)
[20260527] Downloading 5 missing HTML documents...
[20260527] Downloaded 0/5 documents. (Total API calls: 120)
[20260526] Downloading 5 missing HTML documents...
[20260526] Downloaded 0/5 documents. (Total API calls: 125)
[20260525] Fetching disclosure list from Open DART...
[20260524] Fetching disclosure list from Open DART...
[20260523] Fetching disclosure list from Open DART...
[20260522] Downloading 3 missing HTML documents...
[20260522] Downloaded 0/3 documents. (Total API calls: 131)
[20260521] Downloading 7 missing HTML documents...
[20260521] Downloaded 0/7 documents. (Total API calls: 138)
[20260520] Downloading 5 missing HTML documents...
[20260520] Downloaded 0/5 documents. (Total API calls: 143)
[20260517] Fetching disclosure list from Open DART...
[20260516] Fetching disclosure list from Open DART...
[20260510] Fetching disclosure list from Open DART...
[20260509] Fetching disclosure list from Open DART...
[20260505] Fetching disclosure list from Open DART...
[20260503] Fetching disclosure list from Open DART...
[20260502] Fetching disclosure list from Open DART...
[20260501] Fetching disclosure list from Open DART...
[20260426] Fetching disclosure list from Open DART...
[20260425] Fetching disclosure list from Open DART...
[20260419] Fetching disclosure list from Open DART...
[20260418] Fetching disclosure list from Open DART...
[20260416] Downloading 4 missing HTML documents...
[20260416] Downloaded 0/4 documents. (Total API calls: 159)
[20260412] Fetching disclosure list from Open DART...
[20260411] Fetching disclosure list from Open DART...
[20260405] Fetching disclosure list from Open DART...
[20260404] Fetching disclosure list from Open DART...
[20260329] Fetching disclosure list from Open DART...
[20260328] Fetching disclosure list from Open DART...
[20260322] Fetching disclosure list from Open DART...
[20260321] Fetching disclosure list from Open DART...
[20260315] Fetching disclosure list from Open DART...
[20260314] Fetching disclosure list from Open DART...
[20260313] Downloading 10 missing HTML documents...
[20260313] Downloaded 0/10 documents. (Total API calls: 179)
[20260312] Downloading 16 missing HTML documents...
[20260312] Downloaded 0/16 documents. (Total API calls: 195)
[20260311] Downloading 18 missing HTML documents...
[20260311] Downloaded 0/18 documents. (Total API calls: 213)
[20260310] Downloading 3 missing HTML documents...
[20260310] Downloaded 0/3 documents. (Total API calls: 216)
[20260309] Downloading 1 missing HTML documents...
[20260309] Downloaded 0/1 documents. (Total API calls: 217)
[20260308] Fetching disclosure list from Open DART...
[20260307] Fetching disclosure list from Open DART...
[20260306] Downloading 8 missing HTML documents...
[20260306] Downloaded 0/8 documents. (Total API calls: 227)
[20260305] Downloading 2 missing HTML documents...
[20260305] Downloaded 0/2 documents. (Total API calls: 229)
[20260304] Downloading 4 missing HTML documents...
[20260304] Downloaded 0/4 documents. (Total API calls: 233)
[20260303] Downloading 6 missing HTML documents...
[20260303] Downloaded 0/6 documents. (Total API calls: 239)
[20260302] Fetching disclosure list from Open DART...
[20260301] Fetching disclosure list from Open DART...
[20260228] Fetching disclosure list from Open DART...
[20260222] Fetching disclosure list from Open DART...
[20260221] Fetching disclosure list from Open DART...
[20260218] Fetching disclosure list from Open DART...
[20260217] Fetching disclosure list from Open DART...
[20260216] Fetching disclosure list from Open DART...
[20260215] Fetching disclosure list from Open DART...
[20260214] Fetching disclosure list from Open DART...
[20260208] Fetching disclosure list from Open DART...
[20260207] Fetching disclosure list from Open DART...
[20260201] Fetching disclosure list from Open DART...
[20260131] Fetching disclosure list from Open DART...
[20260129] Downloading 3 missing HTML documents...
[20260129] Downloaded 0/3 documents. (Total API calls: 256)
[20260125] Fetching disclosure list from Open DART...
[20260124] Fetching disclosure list from Open DART...
[20260119] Downloading 2 missing HTML documents...
[20260119] Downloaded 0/2 documents. (Total API calls: 260)
[20260118] Fetching disclosure list from Open DART...
[20260117] Fetching disclosure list from Open DART...
[20260111] Fetching disclosure list from Open DART...
[20260110] Fetching disclosure list from Open DART...
[20260104] Fetching disclosure list from Open DART...
[20260103] Fetching disclosure list from Open DART...
[20260101] Fetching disclosure list from Open DART...
Historical collection run finished. Total API calls in this run: 267
Total dates to process: 182 (from 20260701 down to 20260101)
[20260701] Fetching disclosure list from Open DART...
[20260701] Saved 1 filtered disclosures.
[20260701] Downloading 1 missing HTML documents...
[20260701] Downloaded 0/1 documents. (Total API calls: 2)
[20260630] Downloading 471 missing HTML documents...
[20260630] Downloaded 458/471 documents. (Total API calls: 473)
[20260628] Fetching disclosure list from Open DART...
[20260627] Fetching disclosure list from Open DART...
[20260626] Downloading 5 missing HTML documents...
[20260626] Downloaded 0/5 documents. (Total API calls: 480)
[20260625] Downloading 4 missing HTML documents...
[20260625] Downloaded 0/4 documents. (Total API calls: 484)
[20260624] Downloading 5 missing HTML documents...
[20260624] Downloaded 0/5 documents. (Total API calls: 489)
[20260623] Downloading 2 missing HTML documents...
[20260623] Downloaded 0/2 documents. (Total API calls: 491)
[20260622] Downloading 5 missing HTML documents...
[20260622] Downloaded 0/5 documents. (Total API calls: 496)
[20260621] Fetching disclosure list from Open DART...
[20260620] Fetching disclosure list from Open DART...
[20260619] Downloading 2 missing HTML documents...
[20260619] Downloaded 0/2 documents. (Total API calls: 500)
[20260618] Downloading 5 missing HTML documents...
[20260618] Downloaded 0/5 documents. (Total API calls: 505)
[20260617] Downloading 3 missing HTML documents...
[20260617] Downloaded 0/3 documents. (Total API calls: 508)
[20260616] Downloading 7 missing HTML documents...
[20260616] Downloaded 0/7 documents. (Total API calls: 515)
[20260615] Downloading 1 missing HTML documents...
[20260615] Downloaded 0/1 documents. (Total API calls: 516)
[20260614] Fetching disclosure list from Open DART...
[20260613] Fetching disclosure list from Open DART...
[20260612] Downloading 7 missing HTML documents...
[20260612] Downloaded 0/7 documents. (Total API calls: 525)
[20260611] Downloading 6 missing HTML documents...
[20260611] Downloaded 0/6 documents. (Total API calls: 531)
[20260610] Downloading 3 missing HTML documents...
[20260610] Downloaded 0/3 documents. (Total API calls: 534)
[20260609] Downloading 1 missing HTML documents...
[20260609] Downloaded 0/1 documents. (Total API calls: 535)
[20260608] Downloading 6 missing HTML documents...
[20260608] Downloaded 0/6 documents. (Total API calls: 541)
[20260607] Fetching disclosure list from Open DART...
[20260606] Fetching disclosure list from Open DART...
[20260605] Downloading 8 missing HTML documents...
[20260605] Downloaded 0/8 documents. (Total API calls: 551)
[20260604] Downloading 4 missing HTML documents...
[20260604] Downloaded 0/4 documents. (Total API calls: 555)
[20260603] Fetching disclosure list from Open DART...
[20260602] Downloading 4 missing HTML documents...
[20260602] Downloaded 0/4 documents. (Total API calls: 560)
[20260601] Downloading 5 missing HTML documents...
[20260601] Downloaded 0/5 documents. (Total API calls: 565)
[20260531] Fetching disclosure list from Open DART...
[20260530] Fetching disclosure list from Open DART...
[20260529] Downloading 4 missing HTML documents...
[20260529] Downloaded 0/4 documents. (Total API calls: 571)
[20260528] Downloading 8 missing HTML documents...
[20260528] Downloaded 0/8 documents. (Total API calls: 579)
[20260527] Downloading 5 missing HTML documents...
[20260527] Downloaded 0/5 documents. (Total API calls: 584)
[20260526] Downloading 5 missing HTML documents...
[20260526] Downloaded 0/5 documents. (Total API calls: 589)
[20260525] Fetching disclosure list from Open DART...
[20260524] Fetching disclosure list from Open DART...
[20260523] Fetching disclosure list from Open DART...
[20260522] Downloading 3 missing HTML documents...
[20260522] Downloaded 0/3 documents. (Total API calls: 595)
[20260521] Downloading 7 missing HTML documents...
[20260521] Downloaded 0/7 documents. (Total API calls: 602)
[20260520] Downloading 5 missing HTML documents...
[20260520] Downloaded 0/5 documents. (Total API calls: 607)
[20260517] Fetching disclosure list from Open DART...
[20260516] Fetching disclosure list from Open DART...
[20260510] Fetching disclosure list from Open DART...
[20260509] Fetching disclosure list from Open DART...
[20260505] Fetching disclosure list from Open DART...
[20260503] Fetching disclosure list from Open DART...
[20260502] Fetching disclosure list from Open DART...
[20260501] Fetching disclosure list from Open DART...
[20260426] Fetching disclosure list from Open DART...
[20260425] Fetching disclosure list from Open DART...
[20260419] Fetching disclosure list from Open DART...
[20260418] Fetching disclosure list from Open DART...
[20260416] Downloading 4 missing HTML documents...
[20260416] Downloaded 0/4 documents. (Total API calls: 623)
[20260412] Fetching disclosure list from Open DART...
[20260411] Fetching disclosure list from Open DART...
[20260405] Fetching disclosure list from Open DART...
[20260404] Fetching disclosure list from Open DART...
[20260329] Fetching disclosure list from Open DART...
[20260328] Fetching disclosure list from Open DART...
[20260322] Fetching disclosure list from Open DART...
[20260321] Fetching disclosure list from Open DART...
[20260315] Fetching disclosure list from Open DART...
[20260314] Fetching disclosure list from Open DART...
[20260313] Downloading 10 missing HTML documents...
[20260313] Downloaded 0/10 documents. (Total API calls: 643)
[20260312] Downloading 16 missing HTML documents...
[20260312] Downloaded 0/16 documents. (Total API calls: 659)
[20260311] Downloading 18 missing HTML documents...
[20260311] Downloaded 0/18 documents. (Total API calls: 677)
[20260310] Downloading 3 missing HTML documents...
[20260310] Downloaded 0/3 documents. (Total API calls: 680)
[20260309] Downloading 1 missing HTML documents...
[20260309] Downloaded 0/1 documents. (Total API calls: 681)
[20260308] Fetching disclosure list from Open DART...
[20260307] Fetching disclosure list from Open DART...
[20260306] Downloading 8 missing HTML documents...
[20260306] Downloaded 0/8 documents. (Total API calls: 691)
[20260305] Downloading 2 missing HTML documents...
[20260305] Downloaded 0/2 documents. (Total API calls: 693)
[20260304] Downloading 4 missing HTML documents...
[20260304] Downloaded 0/4 documents. (Total API calls: 697)
[20260303] Downloading 6 missing HTML documents...
[20260303] Downloaded 0/6 documents. (Total API calls: 703)
[20260302] Fetching disclosure list from Open DART...
[20260301] Fetching disclosure list from Open DART...
[20260228] Fetching disclosure list from Open DART...
[20260222] Fetching disclosure list from Open DART...
[20260221] Fetching disclosure list from Open DART...
[20260218] Fetching disclosure list from Open DART...
[20260218] Request failed: HTTPSConnectionPool(host='opendart.fss.or.kr', port=443): Read timed out. (read timeout=10)
[20260217] Fetching disclosure list from Open DART...
[20260216] Fetching disclosure list from Open DART...
[20260215] Fetching disclosure list from Open DART...
[20260214] Fetching disclosure list from Open DART...
[20260208] Fetching disclosure list from Open DART...
[20260207] Fetching disclosure list from Open DART...
[20260201] Fetching disclosure list from Open DART...
[20260131] Fetching disclosure list from Open DART...
[20260129] Downloading 3 missing HTML documents...
[20260129] Downloaded 0/3 documents. (Total API calls: 720)
[20260125] Fetching disclosure list from Open DART...
[20260124] Fetching disclosure list from Open DART...
[20260119] Downloading 2 missing HTML documents...
[20260119] Downloaded 0/2 documents. (Total API calls: 724)
[20260118] Fetching disclosure list from Open DART...
[20260117] Fetching disclosure list from Open DART...
[20260111] Fetching disclosure list from Open DART...
[20260110] Fetching disclosure list from Open DART...
[20260104] Fetching disclosure list from Open DART...
[20260103] Fetching disclosure list from Open DART...
[20260101] Fetching disclosure list from Open DART...
Historical collection run finished. Total API calls in this run: 731
Total dates to process: 183 (from 20260702 down to 20260101)
[20260702] Fetching disclosure list from Open DART...
[20260702] Saved 1 filtered disclosures.
[20260702] Downloading 1 missing HTML documents...
[20260702] Downloaded 0/1 documents. (Total API calls: 2)
[20260701] Downloading 257 missing HTML documents...
[20260701] Downloaded 254/257 documents. (Total API calls: 259)
[20260630] Downloading 13 missing HTML documents...
[20260630] Downloaded 9/13 documents. (Total API calls: 272)
[20260628] Fetching disclosure list from Open DART...
[20260627] Fetching disclosure list from Open DART...
[20260626] Downloading 5 missing HTML documents...
[20260626] Downloaded 0/5 documents. (Total API calls: 279)
[20260625] Downloading 4 missing HTML documents...
[20260625] Downloaded 0/4 documents. (Total API calls: 283)
[20260624] Downloading 5 missing HTML documents...
[20260624] Downloaded 0/5 documents. (Total API calls: 288)
[20260623] Downloading 2 missing HTML documents...
[20260623] Downloaded 0/2 documents. (Total API calls: 290)
[20260622] Downloading 5 missing HTML documents...
[20260622] Downloaded 0/5 documents. (Total API calls: 295)
[20260621] Fetching disclosure list from Open DART...
[20260620] Fetching disclosure list from Open DART...
[20260619] Downloading 2 missing HTML documents...
[20260619] Downloaded 0/2 documents. (Total API calls: 299)
[20260618] Downloading 5 missing HTML documents...
[20260618] Downloaded 0/5 documents. (Total API calls: 304)
[20260617] Downloading 3 missing HTML documents...
[20260617] Downloaded 0/3 documents. (Total API calls: 307)
[20260616] Downloading 7 missing HTML documents...
[20260616] Downloaded 0/7 documents. (Total API calls: 314)
[20260615] Downloading 1 missing HTML documents...
[20260615] Downloaded 0/1 documents. (Total API calls: 315)
[20260614] Fetching disclosure list from Open DART...
[20260613] Fetching disclosure list from Open DART...
[20260612] Downloading 7 missing HTML documents...
[20260612] Downloaded 0/7 documents. (Total API calls: 324)
[20260611] Downloading 6 missing HTML documents...
[20260611] Downloaded 0/6 documents. (Total API calls: 330)
[20260610] Downloading 3 missing HTML documents...
[20260610] Downloaded 0/3 documents. (Total API calls: 333)
[20260609] Downloading 1 missing HTML documents...
[20260609] Downloaded 0/1 documents. (Total API calls: 334)
[20260608] Downloading 6 missing HTML documents...
[20260608] Downloaded 0/6 documents. (Total API calls: 340)
[20260607] Fetching disclosure list from Open DART...
[20260606] Fetching disclosure list from Open DART...
[20260606] Request failed: HTTPSConnectionPool(host='opendart.fss.or.kr', port=443): Read timed out. (read timeout=10)
[20260605] Downloading 8 missing HTML documents...
[20260605] Downloaded 0/8 documents. (Total API calls: 350)
[20260604] Downloading 4 missing HTML documents...
[20260604] Downloaded 0/4 documents. (Total API calls: 354)
[20260603] Fetching disclosure list from Open DART...
[20260602] Downloading 4 missing HTML documents...
[20260602] Downloaded 0/4 documents. (Total API calls: 359)
[20260601] Downloading 5 missing HTML documents...
[20260601] Downloaded 0/5 documents. (Total API calls: 364)
[20260531] Fetching disclosure list from Open DART...
[20260530] Fetching disclosure list from Open DART...
[20260529] Downloading 4 missing HTML documents...
[20260529] Downloaded 0/4 documents. (Total API calls: 370)
[20260528] Downloading 8 missing HTML documents...
[20260528] Downloaded 0/8 documents. (Total API calls: 378)
[20260527] Downloading 5 missing HTML documents...
[20260527] Downloaded 0/5 documents. (Total API calls: 383)
[20260526] Downloading 5 missing HTML documents...
[20260526] Downloaded 0/5 documents. (Total API calls: 388)
[20260525] Fetching disclosure list from Open DART...
[20260524] Fetching disclosure list from Open DART...
[20260523] Fetching disclosure list from Open DART...
[20260522] Downloading 3 missing HTML documents...
[20260522] Downloaded 0/3 documents. (Total API calls: 394)
[20260521] Downloading 7 missing HTML documents...
[20260521] Downloaded 0/7 documents. (Total API calls: 401)
[20260520] Downloading 5 missing HTML documents...
[20260520] Downloaded 0/5 documents. (Total API calls: 406)
[20260517] Fetching disclosure list from Open DART...
[20260516] Fetching disclosure list from Open DART...
[20260510] Fetching disclosure list from Open DART...
[20260509] Fetching disclosure list from Open DART...
[20260505] Fetching disclosure list from Open DART...
[20260503] Fetching disclosure list from Open DART...
[20260502] Fetching disclosure list from Open DART...
[20260501] Fetching disclosure list from Open DART...
[20260426] Fetching disclosure list from Open DART...
[20260425] Fetching disclosure list from Open DART...
[20260419] Fetching disclosure list from Open DART...
[20260418] Fetching disclosure list from Open DART...
[20260416] Downloading 4 missing HTML documents...
[20260416] Downloaded 0/4 documents. (Total API calls: 422)
[20260412] Fetching disclosure list from Open DART...
[20260411] Fetching disclosure list from Open DART...
[20260405] Fetching disclosure list from Open DART...
[20260404] Fetching disclosure list from Open DART...
[20260329] Fetching disclosure list from Open DART...
[20260328] Fetching disclosure list from Open DART...
[20260322] Fetching disclosure list from Open DART...
[20260321] Fetching disclosure list from Open DART...
[20260315] Fetching disclosure list from Open DART...
[20260314] Fetching disclosure list from Open DART...
[20260313] Downloading 10 missing HTML documents...
[20260313] Downloaded 0/10 documents. (Total API calls: 442)
[20260312] Downloading 16 missing HTML documents...
[20260312] Downloaded 0/16 documents. (Total API calls: 458)
[20260311] Downloading 18 missing HTML documents...
[20260311] Downloaded 0/18 documents. (Total API calls: 476)
[20260310] Downloading 3 missing HTML documents...
[20260310] Downloaded 0/3 documents. (Total API calls: 479)
[20260309] Downloading 1 missing HTML documents...
[20260309] Downloaded 0/1 documents. (Total API calls: 480)
[20260308] Fetching disclosure list from Open DART...
[20260307] Fetching disclosure list from Open DART...
[20260306] Downloading 8 missing HTML documents...
[20260306] Downloaded 0/8 documents. (Total API calls: 490)
[20260305] Downloading 2 missing HTML documents...
[20260305] Downloaded 0/2 documents. (Total API calls: 492)
[20260304] Downloading 4 missing HTML documents...
[20260304] Downloaded 0/4 documents. (Total API calls: 496)
[20260303] Downloading 6 missing HTML documents...
[20260303] Downloaded 0/6 documents. (Total API calls: 502)
[20260302] Fetching disclosure list from Open DART...
[20260301] Fetching disclosure list from Open DART...
[20260228] Fetching disclosure list from Open DART...
[20260222] Fetching disclosure list from Open DART...
[20260221] Fetching disclosure list from Open DART...
[20260218] Fetching disclosure list from Open DART...
[20260217] Fetching disclosure list from Open DART...
[20260216] Fetching disclosure list from Open DART...
[20260215] Fetching disclosure list from Open DART...
[20260214] Fetching disclosure list from Open DART...
[20260208] Fetching disclosure list from Open DART...
[20260207] Fetching disclosure list from Open DART...
[20260201] Fetching disclosure list from Open DART...
[20260131] Fetching disclosure list from Open DART...
[20260129] Downloading 3 missing HTML documents...
[20260129] Downloaded 0/3 documents. (Total API calls: 519)
[20260125] Fetching disclosure list from Open DART...
[20260124] Fetching disclosure list from Open DART...
[20260119] Downloading 2 missing HTML documents...
[20260119] Downloaded 0/2 documents. (Total API calls: 523)
[20260118] Fetching disclosure list from Open DART...
[20260117] Fetching disclosure list from Open DART...
[20260111] Fetching disclosure list from Open DART...
[20260110] Fetching disclosure list from Open DART...
[20260104] Fetching disclosure list from Open DART...
[20260103] Fetching disclosure list from Open DART...
[20260101] Fetching disclosure list from Open DART...
Historical collection run finished. Total API calls in this run: 530
Total dates to process: 184 (from 20260703 down to 20260101)
[20260703] Fetching disclosure list from Open DART...
[20260703] Saved 1 filtered disclosures.
[20260703] Downloading 1 missing HTML documents...
[20260703] Downloaded 0/1 documents. (Total API calls: 2)
[20260702] Downloading 201 missing HTML documents...
[20260702] Downloaded 188/201 documents. (Total API calls: 203)
[20260701] Downloading 3 missing HTML documents...
[20260701] Downloaded 0/3 documents. (Total API calls: 206)
[20260630] Downloading 119 missing HTML documents...
[20260630] Downloaded 113/119 documents. (Total API calls: 325)
[20260629] Downloading 305 missing HTML documents...
[20260629] Downloaded 293/305 documents. (Total API calls: 630)
[20260628] Fetching disclosure list from Open DART...
[20260627] Fetching disclosure list from Open DART...
[20260626] Downloading 6 missing HTML documents...
[20260626] Downloaded 1/6 documents. (Total API calls: 638)
[20260625] Downloading 5 missing HTML documents...
[20260625] Downloaded 1/5 documents. (Total API calls: 643)
[20260624] Downloading 6 missing HTML documents...
[20260624] Downloaded 1/6 documents. (Total API calls: 649)
[20260623] Downloading 3 missing HTML documents...
[20260623] Downloaded 1/3 documents. (Total API calls: 652)
[20260622] Downloading 7 missing HTML documents...
[20260622] Downloaded 2/7 documents. (Total API calls: 659)
[20260621] Fetching disclosure list from Open DART...
[20260620] Fetching disclosure list from Open DART...
[20260619] Downloading 6 missing HTML documents...
[20260619] Downloaded 2/6 documents. (Total API calls: 667)
[20260618] Downloading 6 missing HTML documents...
[20260618] Downloaded 1/6 documents. (Total API calls: 673)
[20260617] Downloading 6 missing HTML documents...
[20260617] Downloaded 3/6 documents. (Total API calls: 679)
[20260616] Downloading 9 missing HTML documents...
[20260616] Downloaded 2/9 documents. (Total API calls: 688)
[20260615] Downloading 1 missing HTML documents...
[20260615] Downloaded 0/1 documents. (Total API calls: 689)
[20260614] Fetching disclosure list from Open DART...
[20260613] Fetching disclosure list from Open DART...
[20260612] Downloading 8 missing HTML documents...
[20260612] Downloaded 1/8 documents. (Total API calls: 699)
[20260611] Downloading 8 missing HTML documents...
[20260611] Downloaded 2/8 documents. (Total API calls: 707)
[20260610] Downloading 3 missing HTML documents...
[20260610] Downloaded 0/3 documents. (Total API calls: 710)
[20260609] Downloading 1 missing HTML documents...
[20260609] Downloaded 0/1 documents. (Total API calls: 711)
[20260608] Downloading 7 missing HTML documents...
[20260608] Downloaded 1/7 documents. (Total API calls: 718)
[20260607] Fetching disclosure list from Open DART...
[20260606] Fetching disclosure list from Open DART...
[20260605] Downloading 8 missing HTML documents...
[20260605] Downloaded 0/8 documents. (Total API calls: 728)
[20260604] Downloading 4 missing HTML documents...
[20260604] Downloaded 0/4 documents. (Total API calls: 732)
[20260603] Fetching disclosure list from Open DART...
[20260602] Downloading 4 missing HTML documents...
[20260602] Downloaded 0/4 documents. (Total API calls: 737)
[20260601] Downloading 5 missing HTML documents...
[20260601] Downloaded 0/5 documents. (Total API calls: 742)
[20260531] Fetching disclosure list from Open DART...
[20260530] Fetching disclosure list from Open DART...
[20260529] Downloading 4 missing HTML documents...
[20260529] Downloaded 0/4 documents. (Total API calls: 748)
[20260528] Downloading 8 missing HTML documents...
[20260528] Downloaded 0/8 documents. (Total API calls: 756)
[20260527] Downloading 5 missing HTML documents...
[20260527] Downloaded 0/5 documents. (Total API calls: 761)
[20260526] Downloading 6 missing HTML documents...
[20260526] Downloaded 1/6 documents. (Total API calls: 767)
[20260525] Fetching disclosure list from Open DART...
[20260524] Fetching disclosure list from Open DART...
[20260523] Fetching disclosure list from Open DART...
[20260522] Downloading 4 missing HTML documents...
[20260522] Downloaded 1/4 documents. (Total API calls: 774)
[20260521] Downloading 7 missing HTML documents...
[20260521] Downloaded 0/7 documents. (Total API calls: 781)
[20260520] Downloading 6 missing HTML documents...
[20260520] Downloaded 1/6 documents. (Total API calls: 787)
[20260519] Downloading 147 missing HTML documents...
[20260519] Downloaded 137/147 documents. (Total API calls: 934)
[20260518] Downloading 181 missing HTML documents...
[20260518] Downloaded 176/181 documents. (Total API calls: 1115)
[20260517] Fetching disclosure list from Open DART...
[20260516] Fetching disclosure list from Open DART...
[20260515] Downloading 1798 missing HTML documents...
[20260515] Downloaded 1750/1798 documents. (Total API calls: 2915)
[20260514] Downloading 769 missing HTML documents...
[20260514] Downloaded 747/769 documents. (Total API calls: 3684)
[20260513] Downloading 391 missing HTML documents...
[20260513] Downloaded 371/391 documents. (Total API calls: 4075)
[20260512] Downloading 305 missing HTML documents...
[20260512] Downloaded 293/305 documents. (Total API calls: 4380)
[20260511] Downloading 271 missing HTML documents...
[20260511] Downloaded 264/271 documents. (Total API calls: 4651)
[20260510] Fetching disclosure list from Open DART...
[20260509] Fetching disclosure list from Open DART...
[20260508] Downloading 362 missing HTML documents...
[20260508] Downloaded 353/362 documents. (Total API calls: 5015)
[20260507] Downloading 297 missing HTML documents...
[20260507] Downloaded 283/297 documents. (Total API calls: 5312)
[20260506] Downloading 304 missing HTML documents...
[20260506] Downloaded 296/304 documents. (Total API calls: 5616)
[20260505] Fetching disclosure list from Open DART...
[20260504] Downloading 180 missing HTML documents...
[20260504] Downloaded 176/180 documents. (Total API calls: 5797)
[20260503] Fetching disclosure list from Open DART...
[20260502] Fetching disclosure list from Open DART...
[20260501] Fetching disclosure list from Open DART...
[20260430] Downloading 55 missing HTML documents...
[20260430] Downloaded 55/55 documents. (Total API calls: 5855)
[20260429] Downloading 22 missing HTML documents...
[20260429] Downloaded 22/22 documents. (Total API calls: 5877)
[20260428] Downloading 249 missing HTML documents...
[20260428] Downloaded 239/249 documents. (Total API calls: 6126)
[20260427] Downloading 249 missing HTML documents...
[20260427] Downloaded 243/249 documents. (Total API calls: 6375)
[20260426] Fetching disclosure list from Open DART...
[20260425] Fetching disclosure list from Open DART...
[20260424] Downloading 343 missing HTML documents...
[20260424] Downloaded 327/343 documents. (Total API calls: 6720)
[20260423] Downloading 72 missing HTML documents...
[20260423] Downloaded 65/72 documents. (Total API calls: 6792)
[20260422] Downloading 269 missing HTML documents...
[20260422] Downloaded 260/269 documents. (Total API calls: 7061)
[20260421] Downloading 212 missing HTML documents...
[20260421] Downloaded 199/212 documents. (Total API calls: 7273)
[20260420] Downloading 240 missing HTML documents...
[20260420] Downloaded 228/240 documents. (Total API calls: 7513)
[20260419] Fetching disclosure list from Open DART...
[20260418] Fetching disclosure list from Open DART...
[20260417] Downloading 230 missing HTML documents...
[20260417] Downloaded 218/230 documents. (Total API calls: 7745)
[20260416] Downloading 5 missing HTML documents...
[20260416] Downloaded 1/5 documents. (Total API calls: 7750)
[20260415] Downloading 262 missing HTML documents...
[20260415] Downloaded 253/262 documents. (Total API calls: 8012)
[20260414] Downloading 236 missing HTML documents...
[20260414] Downloaded 227/236 documents. (Total API calls: 8248)
[20260413] Downloading 136 missing HTML documents...
[20260413] Downloaded 131/136 documents. (Total API calls: 8384)
[20260412] Fetching disclosure list from Open DART...
[20260411] Fetching disclosure list from Open DART...
[20260410] Downloading 266 missing HTML documents...
[20260410] Downloaded 256/266 documents. (Total API calls: 8652)
[20260409] Downloading 155 missing HTML documents...
[20260409] Downloaded 149/155 documents. (Total API calls: 8807)
[20260408] Downloading 192 missing HTML documents...
[20260408] Downloaded 187/192 documents. (Total API calls: 8999)
[20260407] Downloading 275 missing HTML documents...
Reached API limit warning buffer (9000 calls). Stopping downloads.
[20260407] Downloaded 1/275 documents. (Total API calls: 9000)
Reached API limit warning buffer (9000 calls). Stopping batch collection for today.
Historical collection run finished. Total API calls in this run: 9000
Total dates to process: 185 (from 20260704 down to 20260101)
[20260704] Fetching disclosure list from Open DART...
[20260703] Downloading 229 missing HTML documents...
[20260703] Downloaded 222/229 documents. (Total API calls: 230)
[20260702] Downloading 13 missing HTML documents...
[20260702] Downloaded 11/13 documents. (Total API calls: 243)
[20260701] Downloading 3 missing HTML documents...
[20260701] Downloaded 0/3 documents. (Total API calls: 246)
[20260630] Downloading 6 missing HTML documents...
[20260630] Downloaded 1/6 documents. (Total API calls: 252)
[20260629] Downloading 12 missing HTML documents...
[20260629] Downloaded 8/12 documents. (Total API calls: 264)
[20260628] Fetching disclosure list from Open DART...
[20260627] Fetching disclosure list from Open DART...
[20260626] Downloading 5 missing HTML documents...
[20260626] Downloaded 0/5 documents. (Total API calls: 271)
[20260625] Downloading 4 missing HTML documents...
[20260625] Downloaded 0/4 documents. (Total API calls: 275)
[20260624] Downloading 5 missing HTML documents...
[20260624] Downloaded 0/5 documents. (Total API calls: 280)
[20260623] Downloading 2 missing HTML documents...
[20260623] Downloaded 0/2 documents. (Total API calls: 282)
[20260622] Downloading 5 missing HTML documents...
[20260622] Downloaded 0/5 documents. (Total API calls: 287)
[20260621] Fetching disclosure list from Open DART...
[20260620] Fetching disclosure list from Open DART...
[20260619] Downloading 4 missing HTML documents...
[20260619] Downloaded 0/4 documents. (Total API calls: 293)
[20260618] Downloading 5 missing HTML documents...
[20260618] Downloaded 0/5 documents. (Total API calls: 298)
[20260617] Downloading 3 missing HTML documents...
[20260617] Downloaded 0/3 documents. (Total API calls: 301)
[20260616] Downloading 7 missing HTML documents...
[20260616] Downloaded 0/7 documents. (Total API calls: 308)
[20260615] Downloading 1 missing HTML documents...
[20260615] Downloaded 0/1 documents. (Total API calls: 309)
[20260614] Fetching disclosure list from Open DART...
[20260613] Fetching disclosure list from Open DART...
[20260612] Downloading 7 missing HTML documents...
[20260612] Downloaded 0/7 documents. (Total API calls: 318)
[20260611] Downloading 6 missing HTML documents...
[20260611] Downloaded 0/6 documents. (Total API calls: 324)
[20260610] Downloading 3 missing HTML documents...
[20260610] Downloaded 0/3 documents. (Total API calls: 327)
[20260609] Downloading 1 missing HTML documents...
[20260609] Downloaded 0/1 documents. (Total API calls: 328)
[20260608] Downloading 6 missing HTML documents...
[20260608] Downloaded 0/6 documents. (Total API calls: 334)
[20260607] Fetching disclosure list from Open DART...
[20260606] Fetching disclosure list from Open DART...
[20260605] Downloading 8 missing HTML documents...
[20260605] Downloaded 0/8 documents. (Total API calls: 344)
[20260604] Downloading 4 missing HTML documents...
[20260604] Downloaded 0/4 documents. (Total API calls: 348)
[20260603] Fetching disclosure list from Open DART...
[20260602] Downloading 4 missing HTML documents...
[20260602] Downloaded 0/4 documents. (Total API calls: 353)
[20260601] Downloading 5 missing HTML documents...
[20260601] Downloaded 0/5 documents. (Total API calls: 358)
[20260531] Fetching disclosure list from Open DART...
[20260530] Fetching disclosure list from Open DART...
[20260529] Downloading 4 missing HTML documents...
[20260529] Downloaded 0/4 documents. (Total API calls: 364)
[20260528] Downloading 8 missing HTML documents...
[20260528] Downloaded 0/8 documents. (Total API calls: 372)
[20260527] Downloading 5 missing HTML documents...
[20260527] Downloaded 0/5 documents. (Total API calls: 377)
[20260526] Downloading 5 missing HTML documents...
[20260526] Downloaded 0/5 documents. (Total API calls: 382)
[20260525] Fetching disclosure list from Open DART...
[20260524] Fetching disclosure list from Open DART...
[20260523] Fetching disclosure list from Open DART...
[20260522] Downloading 3 missing HTML documents...
[20260522] Downloaded 0/3 documents. (Total API calls: 388)
[20260521] Downloading 7 missing HTML documents...
[20260521] Downloaded 0/7 documents. (Total API calls: 395)
[20260520] Downloading 5 missing HTML documents...
[20260520] Downloaded 0/5 documents. (Total API calls: 400)
[20260519] Downloading 10 missing HTML documents...
[20260519] Downloaded 1/10 documents. (Total API calls: 410)
[20260518] Downloading 5 missing HTML documents...
[20260518] Downloaded 1/5 documents. (Total API calls: 415)
[20260517] Fetching disclosure list from Open DART...
[20260516] Fetching disclosure list from Open DART...
[20260515] Downloading 48 missing HTML documents...
[20260515] Downloaded 44/48 documents. (Total API calls: 465)
[20260514] Downloading 22 missing HTML documents...
[20260514] Downloaded 14/22 documents. (Total API calls: 487)
[20260513] Downloading 20 missing HTML documents...
[20260513] Downloaded 12/20 documents. (Total API calls: 507)
[20260512] Downloading 12 missing HTML documents...
[20260512] Downloaded 9/12 documents. (Total API calls: 519)
[20260511] Downloading 7 missing HTML documents...
[20260511] Downloaded 3/7 documents. (Total API calls: 526)
[20260510] Fetching disclosure list from Open DART...
[20260509] Fetching disclosure list from Open DART...
[20260508] Downloading 9 missing HTML documents...
[20260508] Downloaded 5/9 documents. (Total API calls: 537)
[20260507] Downloading 14 missing HTML documents...
[20260507] Downloaded 6/14 documents. (Total API calls: 551)
[20260506] Downloading 8 missing HTML documents...
[20260506] Downloaded 5/8 documents. (Total API calls: 559)
[20260505] Fetching disclosure list from Open DART...
[20260504] Downloading 4 missing HTML documents...
[20260504] Downloaded 2/4 documents. (Total API calls: 564)
[20260503] Fetching disclosure list from Open DART...
[20260502] Fetching disclosure list from Open DART...
[20260501] Fetching disclosure list from Open DART...
[20260428] Downloading 10 missing HTML documents...
[20260428] Downloaded 8/10 documents. (Total API calls: 577)
[20260427] Downloading 6 missing HTML documents...
[20260427] Downloaded 5/6 documents. (Total API calls: 583)
[20260426] Fetching disclosure list from Open DART...
[20260425] Fetching disclosure list from Open DART...
[20260424] Downloading 16 missing HTML documents...
[20260424] Downloaded 9/16 documents. (Total API calls: 601)
[20260423] Downloading 7 missing HTML documents...
[20260423] Downloaded 2/7 documents. (Total API calls: 608)
[20260422] Downloading 9 missing HTML documents...
[20260422] Downloaded 7/9 documents. (Total API calls: 617)
[20260421] Downloading 13 missing HTML documents...
[20260421] Downloaded 12/13 documents. (Total API calls: 630)
[20260420] Downloading 12 missing HTML documents...
[20260420] Downloaded 6/12 documents. (Total API calls: 642)
[20260419] Fetching disclosure list from Open DART...
[20260418] Fetching disclosure list from Open DART...
[20260417] Downloading 12 missing HTML documents...
[20260417] Downloaded 8/12 documents. (Total API calls: 656)
[20260416] Downloading 4 missing HTML documents...
[20260416] Downloaded 0/4 documents. (Total API calls: 660)
[20260415] Downloading 9 missing HTML documents...
[20260415] Downloaded 2/9 documents. (Total API calls: 669)
[20260414] Downloading 9 missing HTML documents...
[20260414] Downloaded 4/9 documents. (Total API calls: 678)
[20260413] Downloading 5 missing HTML documents...
[20260413] Downloaded 3/5 documents. (Total API calls: 683)
[20260412] Fetching disclosure list from Open DART...
[20260411] Fetching disclosure list from Open DART...
[20260410] Downloading 10 missing HTML documents...
[20260410] Downloaded 7/10 documents. (Total API calls: 695)
[20260409] Downloading 6 missing HTML documents...
[20260409] Downloaded 2/6 documents. (Total API calls: 701)
[20260408] Downloading 5 missing HTML documents...
[20260408] Downloaded 3/5 documents. (Total API calls: 706)
[20260407] Downloading 274 missing HTML documents...
[20260407] Downloaded 268/274 documents. (Total API calls: 980)
[20260406] Downloading 202 missing HTML documents...
[20260406] Downloaded 191/202 documents. (Total API calls: 1182)
[20260405] Fetching disclosure list from Open DART...
[20260404] Fetching disclosure list from Open DART...
[20260403] Downloading 203 missing HTML documents...
[20260403] Downloaded 194/203 documents. (Total API calls: 1387)
[20260402] Downloading 32 missing HTML documents...
[20260402] Downloaded 32/32 documents. (Total API calls: 1419)
[20260401] Downloading 348 missing HTML documents...
[20260401] Downloaded 333/348 documents. (Total API calls: 1767)
[20260331] Downloading 1511 missing HTML documents...
[20260331] Downloaded 1463/1511 documents. (Total API calls: 3278)
[20260330] Downloading 353 missing HTML documents...
[20260330] Downloaded 339/353 documents. (Total API calls: 3631)
[20260329] Fetching disclosure list from Open DART...
[20260328] Fetching disclosure list from Open DART...
[20260327] Downloading 719 missing HTML documents...
[20260327] Downloaded 699/719 documents. (Total API calls: 4352)
[20260326] Downloading 1664 missing HTML documents...
[20260326] Downloaded 1609/1664 documents. (Total API calls: 6016)
[20260325] Downloading 456 missing HTML documents...
[20260325] Downloaded 446/456 documents. (Total API calls: 6472)
[20260324] Downloading 204 missing HTML documents...
[20260324] Downloaded 195/204 documents. (Total API calls: 6676)
[20260323] Downloading 1502 missing HTML documents...
[20260323] Downloaded 1453/1502 documents. (Total API calls: 8178)
[20260322] Fetching disclosure list from Open DART...
[20260321] Fetching disclosure list from Open DART...
[20260320] Downloading 973 missing HTML documents...
Reached API limit warning buffer (9000 calls). Stopping downloads.
[20260320] Downloaded 794/973 documents. (Total API calls: 9000)
Reached API limit warning buffer (9000 calls). Stopping batch collection for today.
Historical collection run finished. Total API calls in this run: 9000
Total dates to process: 186 (from 20260705 down to 20260101)
[20260705] Fetching disclosure list from Open DART...
[20260704] Fetching disclosure list from Open DART...
[20260703] Downloading 7 missing HTML documents...
[20260703] Downloaded 0/7 documents. (Total API calls: 9)
[20260702] Downloading 2 missing HTML documents...
[20260702] Downloaded 0/2 documents. (Total API calls: 11)
[20260701] Downloading 3 missing HTML documents...
[20260701] Downloaded 0/3 documents. (Total API calls: 14)
[20260630] Downloading 5 missing HTML documents...
[20260630] Downloaded 0/5 documents. (Total API calls: 19)
[20260629] Downloading 4 missing HTML documents...
[20260629] Downloaded 0/4 documents. (Total API calls: 23)
[20260628] Fetching disclosure list from Open DART...
[20260627] Fetching disclosure list from Open DART...
[20260626] Downloading 5 missing HTML documents...
[20260626] Downloaded 0/5 documents. (Total API calls: 30)
[20260625] Downloading 4 missing HTML documents...
[20260625] Downloaded 0/4 documents. (Total API calls: 34)
[20260624] Downloading 5 missing HTML documents...
[20260624] Downloaded 0/5 documents. (Total API calls: 39)
[20260623] Downloading 2 missing HTML documents...
[20260623] Downloaded 0/2 documents. (Total API calls: 41)
[20260622] Downloading 5 missing HTML documents...
[20260622] Downloaded 0/5 documents. (Total API calls: 46)
[20260621] Fetching disclosure list from Open DART...
[20260620] Fetching disclosure list from Open DART...
[20260619] Downloading 4 missing HTML documents...
[20260619] Downloaded 0/4 documents. (Total API calls: 52)
[20260618] Downloading 5 missing HTML documents...
[20260618] Downloaded 0/5 documents. (Total API calls: 57)
[20260617] Downloading 3 missing HTML documents...
[20260617] Downloaded 0/3 documents. (Total API calls: 60)
[20260616] Downloading 7 missing HTML documents...
[20260616] Downloaded 0/7 documents. (Total API calls: 67)
[20260615] Downloading 1 missing HTML documents...
[20260615] Downloaded 0/1 documents. (Total API calls: 68)
[20260614] Fetching disclosure list from Open DART...
[20260613] Fetching disclosure list from Open DART...
[20260612] Downloading 7 missing HTML documents...
[20260612] Downloaded 0/7 documents. (Total API calls: 77)
[20260611] Downloading 6 missing HTML documents...
[20260611] Downloaded 0/6 documents. (Total API calls: 83)
[20260610] Downloading 3 missing HTML documents...
[20260610] Downloaded 0/3 documents. (Total API calls: 86)
[20260609] Downloading 1 missing HTML documents...
[20260609] Downloaded 0/1 documents. (Total API calls: 87)
[20260608] Downloading 6 missing HTML documents...
[20260608] Downloaded 0/6 documents. (Total API calls: 93)
[20260607] Fetching disclosure list from Open DART...
[20260606] Fetching disclosure list from Open DART...
[20260605] Downloading 8 missing HTML documents...
[20260605] Downloaded 0/8 documents. (Total API calls: 103)
[20260604] Downloading 4 missing HTML documents...
[20260604] Downloaded 0/4 documents. (Total API calls: 107)
[20260603] Fetching disclosure list from Open DART...
[20260602] Downloading 4 missing HTML documents...
[20260602] Downloaded 0/4 documents. (Total API calls: 112)
[20260601] Downloading 5 missing HTML documents...
[20260601] Downloaded 0/5 documents. (Total API calls: 117)
[20260531] Fetching disclosure list from Open DART...
[20260530] Fetching disclosure list from Open DART...
[20260529] Downloading 4 missing HTML documents...
[20260529] Downloaded 0/4 documents. (Total API calls: 123)
[20260528] Downloading 8 missing HTML documents...
[20260528] Downloaded 0/8 documents. (Total API calls: 131)
[20260527] Downloading 5 missing HTML documents...
[20260527] Downloaded 0/5 documents. (Total API calls: 136)
[20260526] Downloading 5 missing HTML documents...
[20260526] Downloaded 0/5 documents. (Total API calls: 141)
[20260525] Fetching disclosure list from Open DART...
[20260524] Fetching disclosure list from Open DART...
[20260523] Fetching disclosure list from Open DART...
[20260522] Downloading 3 missing HTML documents...
[20260522] Downloaded 0/3 documents. (Total API calls: 147)
[20260521] Downloading 7 missing HTML documents...
[20260521] Downloaded 0/7 documents. (Total API calls: 154)
[20260520] Downloading 5 missing HTML documents...
[20260520] Downloaded 0/5 documents. (Total API calls: 159)
[20260519] Downloading 9 missing HTML documents...
[20260519] Downloaded 0/9 documents. (Total API calls: 168)
[20260518] Downloading 4 missing HTML documents...
[20260518] Downloaded 0/4 documents. (Total API calls: 172)
[20260517] Fetching disclosure list from Open DART...
[20260516] Fetching disclosure list from Open DART...
[20260515] Downloading 4 missing HTML documents...
[20260515] Downloaded 0/4 documents. (Total API calls: 178)
[20260514] Downloading 8 missing HTML documents...
[20260514] Downloaded 0/8 documents. (Total API calls: 186)
[20260513] Downloading 8 missing HTML documents...
[20260513] Downloaded 0/8 documents. (Total API calls: 194)
[20260512] Downloading 3 missing HTML documents...
[20260512] Downloaded 0/3 documents. (Total API calls: 197)
[20260511] Downloading 4 missing HTML documents...
[20260511] Downloaded 0/4 documents. (Total API calls: 201)
[20260510] Fetching disclosure list from Open DART...
[20260509] Fetching disclosure list from Open DART...
[20260508] Downloading 4 missing HTML documents...
[20260508] Downloaded 0/4 documents. (Total API calls: 207)
[20260507] Downloading 8 missing HTML documents...
[20260507] Downloaded 0/8 documents. (Total API calls: 215)
[20260506] Downloading 3 missing HTML documents...
[20260506] Downloaded 0/3 documents. (Total API calls: 218)
[20260505] Fetching disclosure list from Open DART...
[20260504] Downloading 2 missing HTML documents...
[20260504] Downloaded 0/2 documents. (Total API calls: 221)
[20260503] Fetching disclosure list from Open DART...
[20260502] Fetching disclosure list from Open DART...
[20260501] Fetching disclosure list from Open DART...
[20260428] Downloading 2 missing HTML documents...
[20260428] Downloaded 0/2 documents. (Total API calls: 226)
[20260427] Downloading 1 missing HTML documents...
[20260427] Downloaded 0/1 documents. (Total API calls: 227)
[20260426] Fetching disclosure list from Open DART...
[20260425] Fetching disclosure list from Open DART...
[20260424] Downloading 7 missing HTML documents...
[20260424] Downloaded 0/7 documents. (Total API calls: 236)
[20260423] Downloading 5 missing HTML documents...
[20260423] Downloaded 0/5 documents. (Total API calls: 241)
[20260422] Downloading 2 missing HTML documents...
[20260422] Downloaded 0/2 documents. (Total API calls: 243)
[20260421] Downloading 1 missing HTML documents...
[20260421] Downloaded 0/1 documents. (Total API calls: 244)
[20260420] Downloading 6 missing HTML documents...
[20260420] Downloaded 0/6 documents. (Total API calls: 250)
[20260419] Fetching disclosure list from Open DART...
[20260418] Fetching disclosure list from Open DART...
[20260417] Downloading 4 missing HTML documents...
[20260417] Downloaded 0/4 documents. (Total API calls: 256)
[20260416] Downloading 4 missing HTML documents...
[20260416] Downloaded 0/4 documents. (Total API calls: 260)
[20260415] Downloading 7 missing HTML documents...
[20260415] Downloaded 0/7 documents. (Total API calls: 267)
[20260414] Downloading 5 missing HTML documents...
[20260414] Downloaded 0/5 documents. (Total API calls: 272)
[20260413] Downloading 2 missing HTML documents...
[20260413] Downloaded 0/2 documents. (Total API calls: 274)
[20260412] Fetching disclosure list from Open DART...
[20260411] Fetching disclosure list from Open DART...
[20260410] Downloading 3 missing HTML documents...
[20260410] Downloaded 0/3 documents. (Total API calls: 279)
[20260409] Downloading 4 missing HTML documents...
[20260409] Downloaded 0/4 documents. (Total API calls: 283)
[20260408] Downloading 2 missing HTML documents...
[20260408] Downloaded 0/2 documents. (Total API calls: 285)
[20260407] Downloading 6 missing HTML documents...
[20260407] Downloaded 4/6 documents. (Total API calls: 291)
[20260406] Downloading 11 missing HTML documents...
[20260406] Downloaded 9/11 documents. (Total API calls: 302)
[20260405] Fetching disclosure list from Open DART...
[20260404] Fetching disclosure list from Open DART...
[20260403] Downloading 9 missing HTML documents...
[20260403] Downloaded 7/9 documents. (Total API calls: 313)
[20260401] Downloading 15 missing HTML documents...
[20260401] Downloaded 14/15 documents. (Total API calls: 328)
[20260331] Downloading 48 missing HTML documents...
[20260331] Downloaded 39/48 documents. (Total API calls: 376)
[20260330] Downloading 14 missing HTML documents...
[20260330] Downloaded 8/14 documents. (Total API calls: 390)
[20260329] Fetching disclosure list from Open DART...
[20260328] Fetching disclosure list from Open DART...
[20260327] Downloading 20 missing HTML documents...
[20260327] Downloaded 18/20 documents. (Total API calls: 412)
[20260326] Downloading 55 missing HTML documents...
[20260326] Downloaded 46/55 documents. (Total API calls: 467)
[20260325] Downloading 10 missing HTML documents...
[20260325] Downloaded 7/10 documents. (Total API calls: 477)
[20260324] Downloading 9 missing HTML documents...
[20260324] Downloaded 8/9 documents. (Total API calls: 486)
[20260323] Downloading 49 missing HTML documents...
[20260323] Downloaded 32/49 documents. (Total API calls: 535)
[20260322] Fetching disclosure list from Open DART...
[20260321] Fetching disclosure list from Open DART...
[20260320] Downloading 179 missing HTML documents...
[20260320] Downloaded 158/179 documents. (Total API calls: 716)
[20260319] Downloading 1266 missing HTML documents...
[20260319] Downloaded 1215/1266 documents. (Total API calls: 1982)
[20260318] Downloading 1607 missing HTML documents...
[20260318] Downloaded 1560/1607 documents. (Total API calls: 3589)
[20260317] Downloading 545 missing HTML documents...
[20260317] Downloaded 513/545 documents. (Total API calls: 4134)
[20260316] Downloading 1356 missing HTML documents...
[20260316] Downloaded 1315/1356 documents. (Total API calls: 5490)
[20260315] Fetching disclosure list from Open DART...
[20260314] Fetching disclosure list from Open DART...
[20260313] Downloading 902 missing HTML documents...
[20260313] Downloaded 857/902 documents. (Total API calls: 6394)
[20260312] Downloading 16 missing HTML documents...
[20260312] Downloaded 0/16 documents. (Total API calls: 6410)
[20260311] Downloading 18 missing HTML documents...
[20260311] Downloaded 0/18 documents. (Total API calls: 6428)
[20260310] Downloading 3 missing HTML documents...
[20260310] Downloaded 0/3 documents. (Total API calls: 6431)
[20260309] Downloading 615 missing HTML documents...
[20260309] Downloaded 595/615 documents. (Total API calls: 7046)
[20260308] Fetching disclosure list from Open DART...
[20260307] Fetching disclosure list from Open DART...
[20260306] Downloading 8 missing HTML documents...
[20260306] Downloaded 0/8 documents. (Total API calls: 7056)
[20260305] Downloading 441 missing HTML documents...
[20260305] Downloaded 420/441 documents. (Total API calls: 7497)
[20260304] Downloading 4 missing HTML documents...
[20260304] Downloaded 0/4 documents. (Total API calls: 7501)
[20260303] Downloading 6 missing HTML documents...
[20260303] Downloaded 0/6 documents. (Total API calls: 7507)
[20260302] Fetching disclosure list from Open DART...
[20260301] Fetching disclosure list from Open DART...
[20260228] Fetching disclosure list from Open DART...
[20260227] Downloading 929 missing HTML documents...
[20260227] Downloaded 900/929 documents. (Total API calls: 8439)
[20260226] Downloading 781 missing HTML documents...
Reached API limit warning buffer (9000 calls). Stopping downloads.
[20260226] Downloaded 550/781 documents. (Total API calls: 9000)
Reached API limit warning buffer (9000 calls). Stopping batch collection for today.
Historical collection run finished. Total API calls in this run: 9000
Total dates to process: 187 (from 20260706 down to 20260101)
[20260706] Fetching disclosure list from Open DART...
[20260706] Saved 1 filtered disclosures.
[20260706] Downloading 1 missing HTML documents...
[20260706] Downloaded 0/1 documents. (Total API calls: 2)
[20260705] Fetching disclosure list from Open DART...
[20260704] Fetching disclosure list from Open DART...
[20260703] Downloading 7 missing HTML documents...
[20260703] Downloaded 0/7 documents. (Total API calls: 11)
[20260702] Downloading 2 missing HTML documents...
[20260702] Downloaded 0/2 documents. (Total API calls: 13)
[20260701] Downloading 3 missing HTML documents...
[20260701] Downloaded 0/3 documents. (Total API calls: 16)
[20260630] Downloading 5 missing HTML documents...
[20260630] Downloaded 0/5 documents. (Total API calls: 21)
[20260629] Downloading 4 missing HTML documents...
[20260629] Downloaded 0/4 documents. (Total API calls: 25)
[20260628] Fetching disclosure list from Open DART...
[20260627] Fetching disclosure list from Open DART...
[20260626] Downloading 5 missing HTML documents...
[20260626] Downloaded 0/5 documents. (Total API calls: 32)
[20260625] Downloading 4 missing HTML documents...
[20260625] Downloaded 0/4 documents. (Total API calls: 36)
[20260624] Downloading 5 missing HTML documents...
[20260624] Downloaded 0/5 documents. (Total API calls: 41)
[20260623] Downloading 2 missing HTML documents...
[20260623] Downloaded 0/2 documents. (Total API calls: 43)
[20260622] Downloading 5 missing HTML documents...
[20260622] Downloaded 0/5 documents. (Total API calls: 48)
[20260621] Fetching disclosure list from Open DART...
[20260620] Fetching disclosure list from Open DART...
[20260619] Downloading 4 missing HTML documents...
[20260619] Downloaded 0/4 documents. (Total API calls: 54)
[20260618] Downloading 5 missing HTML documents...
[20260618] Downloaded 0/5 documents. (Total API calls: 59)
[20260617] Downloading 3 missing HTML documents...
[20260617] Downloaded 0/3 documents. (Total API calls: 62)
[20260616] Downloading 7 missing HTML documents...
[20260616] Downloaded 0/7 documents. (Total API calls: 69)
[20260615] Downloading 1 missing HTML documents...
[20260615] Downloaded 0/1 documents. (Total API calls: 70)
[20260614] Fetching disclosure list from Open DART...
[20260613] Fetching disclosure list from Open DART...
[20260612] Downloading 7 missing HTML documents...
[20260612] Downloaded 0/7 documents. (Total API calls: 79)
[20260611] Downloading 6 missing HTML documents...
[20260611] Downloaded 0/6 documents. (Total API calls: 85)
[20260610] Downloading 3 missing HTML documents...
[20260610] Downloaded 0/3 documents. (Total API calls: 88)
[20260609] Downloading 1 missing HTML documents...
[20260609] Downloaded 0/1 documents. (Total API calls: 89)
[20260608] Downloading 6 missing HTML documents...
[20260608] Downloaded 0/6 documents. (Total API calls: 95)
[20260607] Fetching disclosure list from Open DART...
[20260606] Fetching disclosure list from Open DART...
[20260605] Downloading 8 missing HTML documents...
[20260605] Downloaded 0/8 documents. (Total API calls: 105)
[20260604] Downloading 4 missing HTML documents...
[20260604] Downloaded 0/4 documents. (Total API calls: 109)
[20260603] Fetching disclosure list from Open DART...
[20260602] Downloading 4 missing HTML documents...
[20260602] Downloaded 0/4 documents. (Total API calls: 114)
[20260601] Downloading 5 missing HTML documents...
[20260601] Downloaded 0/5 documents. (Total API calls: 119)
[20260531] Fetching disclosure list from Open DART...
[20260530] Fetching disclosure list from Open DART...
[20260529] Downloading 4 missing HTML documents...
[20260529] Downloaded 0/4 documents. (Total API calls: 125)
[20260528] Downloading 8 missing HTML documents...
[20260528] Downloaded 0/8 documents. (Total API calls: 133)
[20260527] Downloading 5 missing HTML documents...
[20260527] Downloaded 0/5 documents. (Total API calls: 138)
[20260526] Downloading 5 missing HTML documents...
[20260526] Downloaded 0/5 documents. (Total API calls: 143)
[20260525] Fetching disclosure list from Open DART...
[20260524] Fetching disclosure list from Open DART...
[20260523] Fetching disclosure list from Open DART...
[20260522] Downloading 3 missing HTML documents...
[20260522] Downloaded 0/3 documents. (Total API calls: 149)
[20260521] Downloading 7 missing HTML documents...
[20260521] Downloaded 0/7 documents. (Total API calls: 156)
[20260520] Downloading 5 missing HTML documents...
[20260520] Downloaded 0/5 documents. (Total API calls: 161)
[20260519] Downloading 9 missing HTML documents...
[20260519] Downloaded 0/9 documents. (Total API calls: 170)
[20260518] Downloading 4 missing HTML documents...
[20260518] Downloaded 0/4 documents. (Total API calls: 174)
[20260517] Fetching disclosure list from Open DART...
[20260516] Fetching disclosure list from Open DART...
[20260515] Downloading 4 missing HTML documents...
[20260515] Downloaded 0/4 documents. (Total API calls: 180)
[20260514] Downloading 8 missing HTML documents...
[20260514] Downloaded 0/8 documents. (Total API calls: 188)
[20260513] Downloading 8 missing HTML documents...
[20260513] Downloaded 0/8 documents. (Total API calls: 196)
[20260512] Downloading 3 missing HTML documents...
[20260512] Downloaded 0/3 documents. (Total API calls: 199)
[20260511] Downloading 4 missing HTML documents...
[20260511] Downloaded 0/4 documents. (Total API calls: 203)
[20260510] Fetching disclosure list from Open DART...
[20260509] Fetching disclosure list from Open DART...
[20260508] Downloading 4 missing HTML documents...
[20260508] Downloaded 0/4 documents. (Total API calls: 209)
[20260507] Downloading 8 missing HTML documents...
[20260507] Downloaded 0/8 documents. (Total API calls: 217)
[20260506] Downloading 3 missing HTML documents...
[20260506] Downloaded 0/3 documents. (Total API calls: 220)
[20260505] Fetching disclosure list from Open DART...
[20260504] Downloading 2 missing HTML documents...
[20260504] Downloaded 0/2 documents. (Total API calls: 223)
[20260503] Fetching disclosure list from Open DART...
[20260502] Fetching disclosure list from Open DART...
[20260501] Fetching disclosure list from Open DART...
[20260428] Downloading 2 missing HTML documents...
[20260428] Downloaded 0/2 documents. (Total API calls: 228)
[20260427] Downloading 1 missing HTML documents...
[20260427] Downloaded 0/1 documents. (Total API calls: 229)
[20260426] Fetching disclosure list from Open DART...
[20260425] Fetching disclosure list from Open DART...
[20260424] Downloading 7 missing HTML documents...
[20260424] Downloaded 0/7 documents. (Total API calls: 238)
[20260423] Downloading 5 missing HTML documents...
[20260423] Downloaded 0/5 documents. (Total API calls: 243)
[20260422] Downloading 2 missing HTML documents...
[20260422] Downloaded 0/2 documents. (Total API calls: 245)
[20260421] Downloading 1 missing HTML documents...
[20260421] Downloaded 0/1 documents. (Total API calls: 246)
[20260420] Downloading 6 missing HTML documents...
[20260420] Downloaded 0/6 documents. (Total API calls: 252)
[20260419] Fetching disclosure list from Open DART...
[20260418] Fetching disclosure list from Open DART...
[20260417] Downloading 4 missing HTML documents...
[20260417] Downloaded 0/4 documents. (Total API calls: 258)
[20260416] Downloading 4 missing HTML documents...
[20260416] Downloaded 0/4 documents. (Total API calls: 262)
[20260415] Downloading 7 missing HTML documents...
[20260415] Downloaded 0/7 documents. (Total API calls: 269)
[20260414] Downloading 5 missing HTML documents...
[20260414] Downloaded 0/5 documents. (Total API calls: 274)
[20260413] Downloading 2 missing HTML documents...
[20260413] Downloaded 0/2 documents. (Total API calls: 276)
[20260412] Fetching disclosure list from Open DART...
[20260411] Fetching disclosure list from Open DART...
[20260410] Downloading 3 missing HTML documents...
[20260410] Downloaded 0/3 documents. (Total API calls: 281)
[20260409] Downloading 4 missing HTML documents...
[20260409] Downloaded 0/4 documents. (Total API calls: 285)
[20260408] Downloading 2 missing HTML documents...
[20260408] Downloaded 0/2 documents. (Total API calls: 287)
[20260407] Downloading 2 missing HTML documents...
[20260407] Downloaded 0/2 documents. (Total API calls: 289)
[20260406] Downloading 2 missing HTML documents...
[20260406] Downloaded 0/2 documents. (Total API calls: 291)
[20260405] Fetching disclosure list from Open DART...
[20260404] Fetching disclosure list from Open DART...
[20260403] Downloading 2 missing HTML documents...
[20260403] Downloaded 0/2 documents. (Total API calls: 295)
[20260401] Downloading 1 missing HTML documents...
[20260401] Downloaded 0/1 documents. (Total API calls: 296)
[20260331] Downloading 9 missing HTML documents...
[20260331] Downloaded 0/9 documents. (Total API calls: 305)
[20260330] Downloading 6 missing HTML documents...
[20260330] Downloaded 0/6 documents. (Total API calls: 311)
[20260329] Fetching disclosure list from Open DART...
[20260328] Fetching disclosure list from Open DART...
[20260327] Downloading 2 missing HTML documents...
[20260327] Downloaded 0/2 documents. (Total API calls: 315)
[20260326] Downloading 9 missing HTML documents...
[20260326] Downloaded 0/9 documents. (Total API calls: 324)
[20260325] Downloading 3 missing HTML documents...
[20260325] Downloaded 0/3 documents. (Total API calls: 327)
[20260324] Downloading 1 missing HTML documents...
[20260324] Downloaded 0/1 documents. (Total API calls: 328)
[20260323] Downloading 17 missing HTML documents...
[20260323] Downloaded 0/17 documents. (Total API calls: 345)
[20260322] Fetching disclosure list from Open DART...
[20260321] Fetching disclosure list from Open DART...
[20260320] Downloading 21 missing HTML documents...
[20260320] Downloaded 7/21 documents. (Total API calls: 368)
[20260319] Downloading 51 missing HTML documents...
[20260319] Downloaded 25/51 documents. (Total API calls: 419)
[20260318] Downloading 47 missing HTML documents...
[20260318] Downloaded 32/47 documents. (Total API calls: 466)
[20260317] Downloading 32 missing HTML documents...
[20260317] Downloaded 15/32 documents. (Total API calls: 498)
[20260316] Downloading 41 missing HTML documents...
[20260316] Downloaded 26/41 documents. (Total API calls: 539)
[20260315] Fetching disclosure list from Open DART...
[20260314] Fetching disclosure list from Open DART...
[20260313] Downloading 45 missing HTML documents...
[20260313] Downloaded 23/45 documents. (Total API calls: 586)
[20260312] Downloading 16 missing HTML documents...
[20260312] Downloaded 0/16 documents. (Total API calls: 602)
[20260311] Downloading 18 missing HTML documents...
[20260311] Downloaded 0/18 documents. (Total API calls: 620)
[20260310] Downloading 3 missing HTML documents...
[20260310] Downloaded 0/3 documents. (Total API calls: 623)
[20260309] Downloading 20 missing HTML documents...
[20260309] Downloaded 17/20 documents. (Total API calls: 643)
[20260308] Fetching disclosure list from Open DART...
[20260307] Fetching disclosure list from Open DART...
[20260306] Downloading 8 missing HTML documents...
[20260306] Downloaded 0/8 documents. (Total API calls: 653)
[20260305] Downloading 21 missing HTML documents...
[20260305] Downloaded 13/21 documents. (Total API calls: 674)
[20260304] Downloading 4 missing HTML documents...
[20260304] Downloaded 0/4 documents. (Total API calls: 678)
[20260303] Downloading 6 missing HTML documents...
[20260303] Downloaded 0/6 documents. (Total API calls: 684)
[20260302] Fetching disclosure list from Open DART...
[20260301] Fetching disclosure list from Open DART...
[20260228] Fetching disclosure list from Open DART...
[20260227] Downloading 29 missing HTML documents...
[20260227] Downloaded 24/29 documents. (Total API calls: 716)
[20260226] Downloading 231 missing HTML documents...
[20260226] Downloaded 226/231 documents. (Total API calls: 947)
[20260225] Downloading 875 missing HTML documents...
[20260225] Downloaded 851/875 documents. (Total API calls: 1822)
[20260224] Downloading 491 missing HTML documents...
[20260224] Downloaded 480/491 documents. (Total API calls: 2313)
[20260223] Downloading 237 missing HTML documents...
[20260223] Downloaded 232/237 documents. (Total API calls: 2550)
[20260222] Fetching disclosure list from Open DART...
[20260221] Fetching disclosure list from Open DART...
[20260220] Downloading 458 missing HTML documents...
[20260220] Downloaded 437/458 documents. (Total API calls: 3010)
[20260219] Downloading 289 missing HTML documents...
[20260219] Downloaded 279/289 documents. (Total API calls: 3299)
[20260218] Fetching disclosure list from Open DART...
[20260217] Fetching disclosure list from Open DART...
[20260216] Fetching disclosure list from Open DART...
[20260215] Fetching disclosure list from Open DART...
[20260214] Fetching disclosure list from Open DART...
[20260213] Downloading 883 missing HTML documents...
[20260213] Downloaded 862/883 documents. (Total API calls: 4187)
[20260212] Downloading 642 missing HTML documents...
[20260212] Downloaded 620/642 documents. (Total API calls: 4829)
[20260211] Downloading 674 missing HTML documents...
[20260211] Downloaded 663/674 documents. (Total API calls: 5503)
[20260210] Downloading 460 missing HTML documents...
[20260210] Downloaded 444/460 documents. (Total API calls: 5963)
[20260209] Downloading 592 missing HTML documents...
[20260209] Downloaded 573/592 documents. (Total API calls: 6555)
[20260208] Fetching disclosure list from Open DART...
[20260207] Fetching disclosure list from Open DART...
[20260206] Downloading 578 missing HTML documents...
[20260206] Downloaded 560/578 documents. (Total API calls: 7135)
[20260205] Downloading 441 missing HTML documents...
[20260205] Downloaded 436/441 documents. (Total API calls: 7576)
[20260204] Downloading 433 missing HTML documents...
[20260204] Downloaded 424/433 documents. (Total API calls: 8009)
[20260203] Downloading 287 missing HTML documents...
[20260203] Downloaded 275/287 documents. (Total API calls: 8296)
[20260201] Fetching disclosure list from Open DART...
[20260131] Fetching disclosure list from Open DART...
[20260130] Downloading 398 missing HTML documents...
[20260130] Downloaded 382/398 documents. (Total API calls: 8696)
[20260129] Downloading 3 missing HTML documents...
[20260129] Downloaded 0/3 documents. (Total API calls: 8699)
[20260128] Downloading 268 missing HTML documents...
[20260128] Downloaded 260/268 documents. (Total API calls: 8967)
[20260127] Downloading 228 missing HTML documents...
Reached API limit warning buffer (9000 calls). Stopping downloads.
[20260127] Downloaded 30/228 documents. (Total API calls: 9000)
Reached API limit warning buffer (9000 calls). Stopping batch collection for today.
Historical collection run finished. Total API calls in this run: 9000
Total dates to process: 188 (from 20260707 down to 20260101)
[20260707] Fetching disclosure list from Open DART...
[20260707] Saved 1 filtered disclosures.
[20260707] Downloading 1 missing HTML documents...
[20260707] Downloaded 0/1 documents. (Total API calls: 2)
[20260706] Downloading 222 missing HTML documents...
[20260706] Downloaded 218/222 documents. (Total API calls: 224)
[20260705] Fetching disclosure list from Open DART...
[20260704] Fetching disclosure list from Open DART...
[20260703] Downloading 7 missing HTML documents...
[20260703] Downloaded 0/7 documents. (Total API calls: 233)
[20260702] Downloading 2 missing HTML documents...
[20260702] Downloaded 0/2 documents. (Total API calls: 235)
[20260701] Downloading 3 missing HTML documents...
[20260701] Downloaded 0/3 documents. (Total API calls: 238)
[20260630] Downloading 5 missing HTML documents...
[20260630] Downloaded 0/5 documents. (Total API calls: 243)
[20260629] Downloading 4 missing HTML documents...
[20260629] Downloaded 0/4 documents. (Total API calls: 247)
[20260628] Fetching disclosure list from Open DART...
[20260627] Fetching disclosure list from Open DART...
[20260626] Downloading 5 missing HTML documents...
[20260626] Downloaded 0/5 documents. (Total API calls: 254)
[20260625] Downloading 4 missing HTML documents...
[20260625] Downloaded 0/4 documents. (Total API calls: 258)
[20260624] Downloading 5 missing HTML documents...
[20260624] Downloaded 0/5 documents. (Total API calls: 263)
[20260623] Downloading 2 missing HTML documents...
[20260623] Downloaded 0/2 documents. (Total API calls: 265)
[20260622] Downloading 5 missing HTML documents...
[20260622] Downloaded 0/5 documents. (Total API calls: 270)
[20260621] Fetching disclosure list from Open DART...
[20260620] Fetching disclosure list from Open DART...
[20260619] Downloading 4 missing HTML documents...
[20260619] Downloaded 0/4 documents. (Total API calls: 276)
[20260618] Downloading 5 missing HTML documents...
[20260618] Downloaded 0/5 documents. (Total API calls: 281)
[20260617] Downloading 3 missing HTML documents...
[20260617] Downloaded 0/3 documents. (Total API calls: 284)
[20260616] Downloading 7 missing HTML documents...
[20260616] Downloaded 0/7 documents. (Total API calls: 291)
[20260615] Downloading 1 missing HTML documents...
[20260615] Downloaded 0/1 documents. (Total API calls: 292)
[20260614] Fetching disclosure list from Open DART...
[20260613] Fetching disclosure list from Open DART...
[20260612] Downloading 7 missing HTML documents...
[20260612] Downloaded 0/7 documents. (Total API calls: 301)
[20260611] Downloading 6 missing HTML documents...
[20260611] Downloaded 0/6 documents. (Total API calls: 307)
[20260610] Downloading 3 missing HTML documents...
[20260610] Downloaded 0/3 documents. (Total API calls: 310)
[20260609] Downloading 1 missing HTML documents...
[20260609] Downloaded 0/1 documents. (Total API calls: 311)
[20260608] Downloading 6 missing HTML documents...
[20260608] Downloaded 0/6 documents. (Total API calls: 317)
[20260607] Fetching disclosure list from Open DART...
[20260606] Fetching disclosure list from Open DART...
[20260605] Downloading 8 missing HTML documents...
[20260605] Downloaded 0/8 documents. (Total API calls: 327)
[20260604] Downloading 4 missing HTML documents...
[20260604] Downloaded 0/4 documents. (Total API calls: 331)
[20260603] Fetching disclosure list from Open DART...
[20260602] Downloading 4 missing HTML documents...
[20260602] Downloaded 0/4 documents. (Total API calls: 336)
[20260601] Downloading 5 missing HTML documents...
[20260601] Downloaded 0/5 documents. (Total API calls: 341)
[20260531] Fetching disclosure list from Open DART...
[20260530] Fetching disclosure list from Open DART...
[20260529] Downloading 4 missing HTML documents...
[20260529] Downloaded 0/4 documents. (Total API calls: 347)
[20260528] Downloading 8 missing HTML documents...
[20260528] Downloaded 0/8 documents. (Total API calls: 355)
[20260527] Downloading 5 missing HTML documents...
[20260527] Downloaded 0/5 documents. (Total API calls: 360)
[20260526] Downloading 5 missing HTML documents...
[20260526] Downloaded 0/5 documents. (Total API calls: 365)
[20260525] Fetching disclosure list from Open DART...
[20260524] Fetching disclosure list from Open DART...
[20260524] Request failed: HTTPSConnectionPool(host='opendart.fss.or.kr', port=443): Read timed out. (read timeout=10)
[20260523] Fetching disclosure list from Open DART...
[20260522] Downloading 3 missing HTML documents...
[20260522] Downloaded 0/3 documents. (Total API calls: 371)
[20260521] Downloading 7 missing HTML documents...
[20260521] Downloaded 0/7 documents. (Total API calls: 378)
[20260520] Downloading 5 missing HTML documents...
[20260520] Downloaded 0/5 documents. (Total API calls: 383)
[20260519] Downloading 9 missing HTML documents...
[20260519] Downloaded 0/9 documents. (Total API calls: 392)
[20260518] Downloading 4 missing HTML documents...
[20260518] Downloaded 0/4 documents. (Total API calls: 396)
[20260517] Fetching disclosure list from Open DART...
[20260516] Fetching disclosure list from Open DART...
[20260515] Downloading 4 missing HTML documents...
[20260515] Downloaded 0/4 documents. (Total API calls: 402)
[20260514] Downloading 8 missing HTML documents...
[20260514] Downloaded 0/8 documents. (Total API calls: 410)
[20260513] Downloading 8 missing HTML documents...
[20260513] Downloaded 0/8 documents. (Total API calls: 418)
[20260512] Downloading 3 missing HTML documents...
[20260512] Downloaded 0/3 documents. (Total API calls: 421)
[20260511] Downloading 4 missing HTML documents...
[20260511] Downloaded 0/4 documents. (Total API calls: 425)
[20260510] Fetching disclosure list from Open DART...
[20260509] Fetching disclosure list from Open DART...
[20260508] Downloading 4 missing HTML documents...
[20260508] Downloaded 0/4 documents. (Total API calls: 431)
[20260507] Downloading 8 missing HTML documents...
[20260507] Downloaded 0/8 documents. (Total API calls: 439)
[20260506] Downloading 3 missing HTML documents...
[20260506] Downloaded 0/3 documents. (Total API calls: 442)
[20260505] Fetching disclosure list from Open DART...
[20260504] Downloading 2 missing HTML documents...
[20260504] Downloaded 0/2 documents. (Total API calls: 445)
[20260503] Fetching disclosure list from Open DART...
[20260502] Fetching disclosure list from Open DART...
[20260501] Fetching disclosure list from Open DART...
[20260428] Downloading 2 missing HTML documents...
[20260428] Downloaded 0/2 documents. (Total API calls: 450)
[20260427] Downloading 1 missing HTML documents...
[20260427] Downloaded 0/1 documents. (Total API calls: 451)
[20260426] Fetching disclosure list from Open DART...
[20260425] Fetching disclosure list from Open DART...
[20260424] Downloading 7 missing HTML documents...
[20260424] Downloaded 0/7 documents. (Total API calls: 460)
[20260423] Downloading 5 missing HTML documents...
[20260423] Downloaded 0/5 documents. (Total API calls: 465)
[20260422] Downloading 2 missing HTML documents...
[20260422] Downloaded 0/2 documents. (Total API calls: 467)
[20260421] Downloading 1 missing HTML documents...
[20260421] Downloaded 0/1 documents. (Total API calls: 468)
[20260420] Downloading 6 missing HTML documents...
[20260420] Downloaded 0/6 documents. (Total API calls: 474)
[20260419] Fetching disclosure list from Open DART...
[20260418] Fetching disclosure list from Open DART...
[20260417] Downloading 4 missing HTML documents...
[20260417] Downloaded 0/4 documents. (Total API calls: 480)
[20260416] Downloading 4 missing HTML documents...
[20260416] Downloaded 0/4 documents. (Total API calls: 484)
[20260415] Downloading 7 missing HTML documents...
[20260415] Downloaded 0/7 documents. (Total API calls: 491)
[20260414] Downloading 5 missing HTML documents...
[20260414] Downloaded 0/5 documents. (Total API calls: 496)
[20260413] Downloading 2 missing HTML documents...
[20260413] Downloaded 0/2 documents. (Total API calls: 498)
[20260412] Fetching disclosure list from Open DART...
[20260411] Fetching disclosure list from Open DART...
[20260410] Downloading 3 missing HTML documents...
[20260410] Downloaded 0/3 documents. (Total API calls: 503)
[20260409] Downloading 4 missing HTML documents...
[20260409] Downloaded 0/4 documents. (Total API calls: 507)
[20260408] Downloading 2 missing HTML documents...
[20260408] Downloaded 0/2 documents. (Total API calls: 509)
[20260407] Downloading 2 missing HTML documents...
[20260407] Downloaded 0/2 documents. (Total API calls: 511)
[20260406] Downloading 2 missing HTML documents...
[20260406] Downloaded 0/2 documents. (Total API calls: 513)
[20260405] Fetching disclosure list from Open DART...
[20260404] Fetching disclosure list from Open DART...
[20260403] Downloading 2 missing HTML documents...
[20260403] Downloaded 0/2 documents. (Total API calls: 517)
[20260401] Downloading 1 missing HTML documents...
[20260401] Downloaded 0/1 documents. (Total API calls: 518)
[20260331] Downloading 9 missing HTML documents...
[20260331] Downloaded 0/9 documents. (Total API calls: 527)
[20260330] Downloading 6 missing HTML documents...
[20260330] Downloaded 0/6 documents. (Total API calls: 533)
[20260329] Fetching disclosure list from Open DART...
[20260328] Fetching disclosure list from Open DART...
[20260327] Downloading 2 missing HTML documents...
[20260327] Downloaded 0/2 documents. (Total API calls: 537)
[20260326] Downloading 9 missing HTML documents...
[20260326] Downloaded 0/9 documents. (Total API calls: 546)
[20260325] Downloading 3 missing HTML documents...
[20260325] Downloaded 0/3 documents. (Total API calls: 549)
[20260324] Downloading 1 missing HTML documents...
[20260324] Downloaded 0/1 documents. (Total API calls: 550)
[20260323] Downloading 17 missing HTML documents...
[20260323] Downloaded 0/17 documents. (Total API calls: 567)
[20260322] Fetching disclosure list from Open DART...
[20260321] Fetching disclosure list from Open DART...
[20260320] Downloading 14 missing HTML documents...
[20260320] Downloaded 0/14 documents. (Total API calls: 583)
[20260319] Downloading 26 missing HTML documents...
[20260319] Downloaded 0/26 documents. (Total API calls: 609)
[20260318] Downloading 15 missing HTML documents...
[20260318] Downloaded 0/15 documents. (Total API calls: 624)
[20260317] Downloading 17 missing HTML documents...
[20260317] Downloaded 0/17 documents. (Total API calls: 641)
[20260316] Downloading 15 missing HTML documents...
[20260316] Downloaded 0/15 documents. (Total API calls: 656)
[20260315] Fetching disclosure list from Open DART...
[20260314] Fetching disclosure list from Open DART...
[20260313] Downloading 22 missing HTML documents...
[20260313] Downloaded 0/22 documents. (Total API calls: 680)
[20260312] Downloading 16 missing HTML documents...
[20260312] Downloaded 0/16 documents. (Total API calls: 696)
[20260311] Downloading 18 missing HTML documents...
[20260311] Downloaded 0/18 documents. (Total API calls: 714)
[20260310] Downloading 3 missing HTML documents...
[20260310] Downloaded 0/3 documents. (Total API calls: 717)
[20260309] Downloading 3 missing HTML documents...
[20260309] Downloaded 0/3 documents. (Total API calls: 720)
[20260308] Fetching disclosure list from Open DART...
[20260307] Fetching disclosure list from Open DART...
[20260306] Downloading 8 missing HTML documents...
[20260306] Downloaded 0/8 documents. (Total API calls: 730)
[20260305] Downloading 8 missing HTML documents...
[20260305] Downloaded 0/8 documents. (Total API calls: 738)
[20260304] Downloading 4 missing HTML documents...
[20260304] Downloaded 0/4 documents. (Total API calls: 742)
[20260303] Downloading 6 missing HTML documents...
[20260303] Downloaded 0/6 documents. (Total API calls: 748)
[20260302] Fetching disclosure list from Open DART...
[20260301] Fetching disclosure list from Open DART...
[20260228] Fetching disclosure list from Open DART...
[20260227] Downloading 5 missing HTML documents...
[20260227] Downloaded 1/5 documents. (Total API calls: 756)
[20260226] Downloading 5 missing HTML documents...
[20260226] Downloaded 3/5 documents. (Total API calls: 761)
[20260225] Downloading 24 missing HTML documents...
[20260225] Downloaded 21/24 documents. (Total API calls: 785)
[20260224] Downloading 11 missing HTML documents...
[20260224] Downloaded 11/11 documents. (Total API calls: 796)
[20260223] Downloading 5 missing HTML documents...
[20260223] Downloaded 5/5 documents. (Total API calls: 801)
[20260222] Fetching disclosure list from Open DART...
[20260221] Fetching disclosure list from Open DART...
[20260220] Downloading 21 missing HTML documents...
[20260220] Downloaded 14/21 documents. (Total API calls: 824)
[20260219] Downloading 10 missing HTML documents...
[20260219] Downloaded 8/10 documents. (Total API calls: 834)
[20260218] Fetching disclosure list from Open DART...
[20260217] Fetching disclosure list from Open DART...
[20260216] Fetching disclosure list from Open DART...
[20260215] Fetching disclosure list from Open DART...
[20260214] Fetching disclosure list from Open DART...
[20260213] Downloading 21 missing HTML documents...
[20260213] Downloaded 16/21 documents. (Total API calls: 860)
[20260212] Downloading 22 missing HTML documents...
[20260212] Downloaded 18/22 documents. (Total API calls: 882)
[20260211] Downloading 11 missing HTML documents...
[20260211] Downloaded 10/11 documents. (Total API calls: 893)
[20260210] Downloading 16 missing HTML documents...
[20260210] Downloaded 9/16 documents. (Total API calls: 909)
[20260209] Downloading 19 missing HTML documents...
[20260209] Downloaded 13/19 documents. (Total API calls: 928)
[20260208] Fetching disclosure list from Open DART...
[20260207] Fetching disclosure list from Open DART...
[20260206] Downloading 18 missing HTML documents...
[20260206] Downloaded 15/18 documents. (Total API calls: 948)
[20260205] Downloading 5 missing HTML documents...
[20260205] Downloaded 5/5 documents. (Total API calls: 953)
[20260204] Downloading 9 missing HTML documents...
[20260204] Downloaded 9/9 documents. (Total API calls: 962)
[20260203] Downloading 12 missing HTML documents...
[20260203] Downloaded 11/12 documents. (Total API calls: 974)
[20260201] Fetching disclosure list from Open DART...
[20260131] Fetching disclosure list from Open DART...
[20260130] Downloading 16 missing HTML documents...
[20260130] Downloaded 8/16 documents. (Total API calls: 992)
[20260129] Downloading 3 missing HTML documents...
[20260129] Downloaded 0/3 documents. (Total API calls: 995)
[20260128] Downloading 8 missing HTML documents...
[20260128] Downloaded 5/8 documents. (Total API calls: 1003)
[20260127] Downloading 198 missing HTML documents...
[20260127] Downloaded 189/198 documents. (Total API calls: 1201)
[20260126] Downloading 263 missing HTML documents...
[20260126] Downloaded 262/263 documents. (Total API calls: 1464)
[20260125] Fetching disclosure list from Open DART...
[20260124] Fetching disclosure list from Open DART...
[20260123] Downloading 247 missing HTML documents...
[20260123] Downloaded 242/247 documents. (Total API calls: 1713)
[20260122] Downloading 196 missing HTML documents...
[20260122] Downloaded 188/196 documents. (Total API calls: 1909)
[20260121] Downloading 180 missing HTML documents...
[20260121] Downloaded 172/180 documents. (Total API calls: 2089)
[20260120] Downloading 177 missing HTML documents...
[20260120] Downloaded 172/177 documents. (Total API calls: 2266)
[20260119] Downloading 2 missing HTML documents...
[20260119] Downloaded 0/2 documents. (Total API calls: 2268)
[20260118] Fetching disclosure list from Open DART...
[20260117] Fetching disclosure list from Open DART...
[20260116] Downloading 211 missing HTML documents...
[20260116] Downloaded 208/211 documents. (Total API calls: 2481)
[20260115] Downloading 202 missing HTML documents...
[20260115] Downloaded 194/202 documents. (Total API calls: 2683)
[20260114] Downloading 143 missing HTML documents...
[20260114] Downloaded 135/143 documents. (Total API calls: 2826)
[20260113] Downloading 151 missing HTML documents...
[20260113] Downloaded 145/151 documents. (Total API calls: 2977)
[20260112] Downloading 132 missing HTML documents...
[20260112] Downloaded 126/132 documents. (Total API calls: 3109)
[20260111] Fetching disclosure list from Open DART...
[20260110] Fetching disclosure list from Open DART...
[20260109] Downloading 201 missing HTML documents...
[20260109] Downloaded 198/201 documents. (Total API calls: 3312)
[20260108] Downloading 138 missing HTML documents...
[20260108] Downloaded 136/138 documents. (Total API calls: 3450)
[20260107] Downloading 138 missing HTML documents...
[20260107] Downloaded 131/138 documents. (Total API calls: 3588)
[20260106] Downloading 108 missing HTML documents...
[20260106] Downloaded 106/108 documents. (Total API calls: 3696)
[20260105] Downloading 180 missing HTML documents...
[20260105] Downloaded 173/180 documents. (Total API calls: 3876)
[20260104] Fetching disclosure list from Open DART...
[20260103] Fetching disclosure list from Open DART...
[20260102] Downloading 124 missing HTML documents...
[20260102] Downloaded 122/124 documents. (Total API calls: 4002)
[20260101] Fetching disclosure list from Open DART...
Historical collection run finished. Total API calls in this run: 4003
Total dates to process: 189 (from 20260708 down to 20260101)
[20260708] Fetching disclosure list from Open DART...
[20260708] Saved 1 filtered disclosures.
[20260708] Downloading 1 missing HTML documents...
[20260708] Downloaded 0/1 documents. (Total API calls: 2)
[20260707] Downloading 197 missing HTML documents...
[20260707] Downloaded 193/197 documents. (Total API calls: 199)
[20260706] Downloading 4 missing HTML documents...
[20260706] Downloaded 1/4 documents. (Total API calls: 203)
[20260705] Fetching disclosure list from Open DART...
[20260704] Fetching disclosure list from Open DART...
[20260703] Downloading 7 missing HTML documents...
[20260703] Downloaded 0/7 documents. (Total API calls: 212)
[20260702] Downloading 2 missing HTML documents...
[20260702] Downloaded 0/2 documents. (Total API calls: 214)
[20260701] Downloading 3 missing HTML documents...
[20260701] Downloaded 0/3 documents. (Total API calls: 217)
[20260630] Downloading 5 missing HTML documents...
[20260630] Downloaded 0/5 documents. (Total API calls: 222)
[20260629] Downloading 4 missing HTML documents...
[20260629] Downloaded 0/4 documents. (Total API calls: 226)
[20260628] Fetching disclosure list from Open DART...
[20260627] Fetching disclosure list from Open DART...
[20260626] Downloading 5 missing HTML documents...
[20260626] Downloaded 0/5 documents. (Total API calls: 233)
[20260625] Downloading 4 missing HTML documents...
[20260625] Downloaded 0/4 documents. (Total API calls: 237)
[20260624] Downloading 5 missing HTML documents...
[20260624] Downloaded 0/5 documents. (Total API calls: 242)
[20260623] Downloading 2 missing HTML documents...
[20260623] Downloaded 0/2 documents. (Total API calls: 244)
[20260622] Downloading 5 missing HTML documents...
[20260622] Downloaded 0/5 documents. (Total API calls: 249)
[20260621] Fetching disclosure list from Open DART...
[20260620] Fetching disclosure list from Open DART...
[20260619] Downloading 4 missing HTML documents...
[20260619] Downloaded 0/4 documents. (Total API calls: 255)
[20260618] Downloading 5 missing HTML documents...
[20260618] Downloaded 0/5 documents. (Total API calls: 260)
[20260617] Downloading 3 missing HTML documents...
[20260617] Downloaded 0/3 documents. (Total API calls: 263)
[20260616] Downloading 7 missing HTML documents...
[20260616] Downloaded 0/7 documents. (Total API calls: 270)
[20260615] Downloading 1 missing HTML documents...
[20260615] Downloaded 0/1 documents. (Total API calls: 271)
[20260614] Fetching disclosure list from Open DART...
[20260613] Fetching disclosure list from Open DART...
[20260612] Downloading 7 missing HTML documents...
[20260612] Downloaded 0/7 documents. (Total API calls: 280)
[20260611] Downloading 6 missing HTML documents...
[20260611] Downloaded 0/6 documents. (Total API calls: 286)
[20260610] Downloading 3 missing HTML documents...
[20260610] Downloaded 0/3 documents. (Total API calls: 289)
[20260609] Downloading 1 missing HTML documents...
[20260609] Downloaded 0/1 documents. (Total API calls: 290)
[20260608] Downloading 6 missing HTML documents...
[20260608] Downloaded 0/6 documents. (Total API calls: 296)
[20260607] Fetching disclosure list from Open DART...
[20260606] Fetching disclosure list from Open DART...
[20260605] Downloading 8 missing HTML documents...
[20260605] Downloaded 0/8 documents. (Total API calls: 306)
[20260604] Downloading 4 missing HTML documents...
[20260604] Downloaded 0/4 documents. (Total API calls: 310)
[20260603] Fetching disclosure list from Open DART...
[20260602] Downloading 4 missing HTML documents...
[20260602] Downloaded 0/4 documents. (Total API calls: 315)
[20260601] Downloading 5 missing HTML documents...
[20260601] Downloaded 0/5 documents. (Total API calls: 320)
[20260531] Fetching disclosure list from Open DART...
[20260530] Fetching disclosure list from Open DART...
[20260529] Downloading 4 missing HTML documents...
[20260529] Downloaded 0/4 documents. (Total API calls: 326)
[20260528] Downloading 8 missing HTML documents...
[20260528] Downloaded 0/8 documents. (Total API calls: 334)
[20260527] Downloading 5 missing HTML documents...
[20260527] Downloaded 0/5 documents. (Total API calls: 339)
[20260526] Downloading 5 missing HTML documents...
[20260526] Downloaded 0/5 documents. (Total API calls: 344)
[20260525] Fetching disclosure list from Open DART...
[20260524] Fetching disclosure list from Open DART...
[20260523] Fetching disclosure list from Open DART...
[20260522] Downloading 3 missing HTML documents...
[20260522] Downloaded 0/3 documents. (Total API calls: 350)
[20260521] Downloading 7 missing HTML documents...
[20260521] Downloaded 0/7 documents. (Total API calls: 357)
[20260520] Downloading 5 missing HTML documents...
[20260520] Downloaded 0/5 documents. (Total API calls: 362)
[20260519] Downloading 9 missing HTML documents...
[20260519] Downloaded 0/9 documents. (Total API calls: 371)
[20260518] Downloading 4 missing HTML documents...
[20260518] Downloaded 0/4 documents. (Total API calls: 375)
[20260517] Fetching disclosure list from Open DART...
[20260516] Fetching disclosure list from Open DART...
[20260515] Downloading 4 missing HTML documents...
[20260515] Downloaded 0/4 documents. (Total API calls: 381)
[20260514] Downloading 8 missing HTML documents...
[20260514] Downloaded 0/8 documents. (Total API calls: 389)
[20260513] Downloading 8 missing HTML documents...
[20260513] Downloaded 0/8 documents. (Total API calls: 397)
[20260512] Downloading 3 missing HTML documents...
[20260512] Downloaded 0/3 documents. (Total API calls: 400)
[20260511] Downloading 4 missing HTML documents...
[20260511] Downloaded 0/4 documents. (Total API calls: 404)
[20260510] Fetching disclosure list from Open DART...
[20260510] Request failed: HTTPSConnectionPool(host='opendart.fss.or.kr', port=443): Read timed out. (read timeout=10)
[20260509] Fetching disclosure list from Open DART...
[20260508] Downloading 4 missing HTML documents...
[20260508] Downloaded 0/4 documents. (Total API calls: 410)
[20260507] Downloading 8 missing HTML documents...
[20260507] Downloaded 0/8 documents. (Total API calls: 418)
[20260506] Downloading 3 missing HTML documents...
[20260506] Downloaded 0/3 documents. (Total API calls: 421)
[20260505] Fetching disclosure list from Open DART...
[20260504] Downloading 2 missing HTML documents...
[20260504] Downloaded 0/2 documents. (Total API calls: 424)
[20260503] Fetching disclosure list from Open DART...
[20260502] Fetching disclosure list from Open DART...
[20260501] Fetching disclosure list from Open DART...
[20260428] Downloading 2 missing HTML documents...
[20260428] Downloaded 0/2 documents. (Total API calls: 429)
[20260427] Downloading 1 missing HTML documents...
[20260427] Downloaded 0/1 documents. (Total API calls: 430)
[20260426] Fetching disclosure list from Open DART...
[20260425] Fetching disclosure list from Open DART...
[20260424] Downloading 7 missing HTML documents...
[20260424] Downloaded 0/7 documents. (Total API calls: 439)
[20260423] Downloading 5 missing HTML documents...
[20260423] Downloaded 0/5 documents. (Total API calls: 444)
[20260422] Downloading 2 missing HTML documents...
[20260422] Downloaded 0/2 documents. (Total API calls: 446)
[20260421] Downloading 1 missing HTML documents...
[20260421] Downloaded 0/1 documents. (Total API calls: 447)
[20260420] Downloading 6 missing HTML documents...
[20260420] Downloaded 0/6 documents. (Total API calls: 453)
[20260419] Fetching disclosure list from Open DART...
[20260418] Fetching disclosure list from Open DART...
[20260417] Downloading 4 missing HTML documents...
[20260417] Downloaded 0/4 documents. (Total API calls: 459)
[20260416] Downloading 4 missing HTML documents...
[20260416] Downloaded 0/4 documents. (Total API calls: 463)
[20260415] Downloading 7 missing HTML documents...
[20260415] Downloaded 0/7 documents. (Total API calls: 470)
[20260414] Downloading 5 missing HTML documents...
[20260414] Downloaded 0/5 documents. (Total API calls: 475)
[20260413] Downloading 2 missing HTML documents...
[20260413] Downloaded 0/2 documents. (Total API calls: 477)
[20260412] Fetching disclosure list from Open DART...
[20260411] Fetching disclosure list from Open DART...
[20260410] Downloading 3 missing HTML documents...
[20260410] Downloaded 0/3 documents. (Total API calls: 482)
[20260409] Downloading 4 missing HTML documents...
[20260409] Downloaded 0/4 documents. (Total API calls: 486)
[20260408] Downloading 2 missing HTML documents...
[20260408] Downloaded 0/2 documents. (Total API calls: 488)
[20260407] Downloading 2 missing HTML documents...
[20260407] Downloaded 0/2 documents. (Total API calls: 490)
[20260406] Downloading 2 missing HTML documents...
[20260406] Downloaded 0/2 documents. (Total API calls: 492)
[20260405] Fetching disclosure list from Open DART...
[20260404] Fetching disclosure list from Open DART...
[20260403] Downloading 2 missing HTML documents...
[20260403] Downloaded 0/2 documents. (Total API calls: 496)
[20260401] Downloading 1 missing HTML documents...
[20260401] Downloaded 0/1 documents. (Total API calls: 497)
[20260331] Downloading 9 missing HTML documents...
[20260331] Downloaded 0/9 documents. (Total API calls: 506)
[20260330] Downloading 6 missing HTML documents...
[20260330] Downloaded 0/6 documents. (Total API calls: 512)
[20260329] Fetching disclosure list from Open DART...
[20260328] Fetching disclosure list from Open DART...
[20260327] Downloading 2 missing HTML documents...
[20260327] Downloaded 0/2 documents. (Total API calls: 516)
[20260326] Downloading 9 missing HTML documents...
[20260326] Downloaded 0/9 documents. (Total API calls: 525)
[20260325] Downloading 3 missing HTML documents...
[20260325] Downloaded 0/3 documents. (Total API calls: 528)
[20260324] Downloading 1 missing HTML documents...
[20260324] Downloaded 0/1 documents. (Total API calls: 529)
[20260323] Downloading 17 missing HTML documents...
[20260323] Downloaded 0/17 documents. (Total API calls: 546)
[20260322] Fetching disclosure list from Open DART...
[20260321] Fetching disclosure list from Open DART...
[20260320] Downloading 14 missing HTML documents...
[20260320] Downloaded 0/14 documents. (Total API calls: 562)
[20260319] Downloading 26 missing HTML documents...
[20260319] Downloaded 0/26 documents. (Total API calls: 588)
[20260318] Downloading 15 missing HTML documents...
[20260318] Downloaded 0/15 documents. (Total API calls: 603)
[20260317] Downloading 17 missing HTML documents...
[20260317] Downloaded 0/17 documents. (Total API calls: 620)
[20260316] Downloading 15 missing HTML documents...
[20260316] Downloaded 0/15 documents. (Total API calls: 635)
[20260315] Fetching disclosure list from Open DART...
[20260314] Fetching disclosure list from Open DART...
[20260313] Downloading 22 missing HTML documents...
[20260313] Downloaded 0/22 documents. (Total API calls: 659)
[20260312] Downloading 16 missing HTML documents...
[20260312] Downloaded 0/16 documents. (Total API calls: 675)
[20260311] Downloading 18 missing HTML documents...
[20260311] Downloaded 0/18 documents. (Total API calls: 693)
[20260310] Downloading 3 missing HTML documents...
[20260310] Downloaded 0/3 documents. (Total API calls: 696)
[20260309] Downloading 3 missing HTML documents...
[20260309] Downloaded 0/3 documents. (Total API calls: 699)
[20260308] Fetching disclosure list from Open DART...
[20260307] Fetching disclosure list from Open DART...
[20260306] Downloading 8 missing HTML documents...
[20260306] Downloaded 0/8 documents. (Total API calls: 709)
[20260305] Downloading 8 missing HTML documents...
[20260305] Downloaded 0/8 documents. (Total API calls: 717)
[20260304] Downloading 4 missing HTML documents...
[20260304] Downloaded 0/4 documents. (Total API calls: 721)
[20260303] Downloading 6 missing HTML documents...
[20260303] Downloaded 0/6 documents. (Total API calls: 727)
[20260302] Fetching disclosure list from Open DART...
[20260301] Fetching disclosure list from Open DART...
[20260228] Fetching disclosure list from Open DART...
[20260227] Downloading 4 missing HTML documents...
[20260227] Downloaded 0/4 documents. (Total API calls: 734)
[20260226] Downloading 2 missing HTML documents...
[20260226] Downloaded 0/2 documents. (Total API calls: 736)
[20260225] Downloading 3 missing HTML documents...
[20260225] Downloaded 0/3 documents. (Total API calls: 739)
[20260222] Fetching disclosure list from Open DART...
[20260221] Fetching disclosure list from Open DART...
[20260220] Downloading 7 missing HTML documents...
[20260220] Downloaded 0/7 documents. (Total API calls: 748)
[20260219] Downloading 2 missing HTML documents...
[20260219] Downloaded 0/2 documents. (Total API calls: 750)
[20260218] Fetching disclosure list from Open DART...
[20260217] Fetching disclosure list from Open DART...
[20260216] Fetching disclosure list from Open DART...
[20260215] Fetching disclosure list from Open DART...
[20260214] Fetching disclosure list from Open DART...
[20260213] Downloading 5 missing HTML documents...
[20260213] Downloaded 0/5 documents. (Total API calls: 760)
[20260212] Downloading 4 missing HTML documents...
[20260212] Downloaded 0/4 documents. (Total API calls: 764)
[20260211] Downloading 1 missing HTML documents...
[20260211] Downloaded 0/1 documents. (Total API calls: 765)
[20260210] Downloading 7 missing HTML documents...
[20260210] Downloaded 0/7 documents. (Total API calls: 772)
[20260209] Downloading 6 missing HTML documents...
[20260209] Downloaded 0/6 documents. (Total API calls: 778)
[20260208] Fetching disclosure list from Open DART...
[20260207] Fetching disclosure list from Open DART...
[20260206] Downloading 3 missing HTML documents...
[20260206] Downloaded 0/3 documents. (Total API calls: 783)
[20260203] Downloading 1 missing HTML documents...
[20260203] Downloaded 0/1 documents. (Total API calls: 784)
[20260201] Fetching disclosure list from Open DART...
[20260131] Fetching disclosure list from Open DART...
[20260130] Downloading 8 missing HTML documents...
[20260130] Downloaded 0/8 documents. (Total API calls: 794)
[20260129] Downloading 3 missing HTML documents...
[20260129] Downloaded 0/3 documents. (Total API calls: 797)
[20260128] Downloading 3 missing HTML documents...
[20260128] Downloaded 0/3 documents. (Total API calls: 800)
[20260127] Downloading 9 missing HTML documents...
[20260127] Downloaded 8/9 documents. (Total API calls: 809)
[20260126] Downloading 1 missing HTML documents...
[20260126] Downloaded 0/1 documents. (Total API calls: 810)
[20260125] Fetching disclosure list from Open DART...
[20260124] Fetching disclosure list from Open DART...
[20260123] Downloading 5 missing HTML documents...
[20260123] Downloaded 1/5 documents. (Total API calls: 817)
[20260122] Downloading 8 missing HTML documents...
[20260122] Downloaded 6/8 documents. (Total API calls: 825)
[20260121] Downloading 8 missing HTML documents...
[20260121] Downloaded 6/8 documents. (Total API calls: 833)
[20260120] Downloading 5 missing HTML documents...
[20260120] Downloaded 4/5 documents. (Total API calls: 838)
[20260119] Downloading 2 missing HTML documents...
[20260119] Downloaded 0/2 documents. (Total API calls: 840)
[20260118] Fetching disclosure list from Open DART...
[20260117] Fetching disclosure list from Open DART...
[20260116] Downloading 3 missing HTML documents...
[20260116] Downloaded 2/3 documents. (Total API calls: 845)
[20260115] Downloading 8 missing HTML documents...
[20260115] Downloaded 7/8 documents. (Total API calls: 853)
[20260114] Downloading 8 missing HTML documents...
[20260114] Downloaded 4/8 documents. (Total API calls: 861)
[20260113] Downloading 6 missing HTML documents...
[20260113] Downloaded 3/6 documents. (Total API calls: 867)
[20260112] Downloading 6 missing HTML documents...
[20260112] Downloaded 5/6 documents. (Total API calls: 873)
[20260111] Fetching disclosure list from Open DART...
[20260110] Fetching disclosure list from Open DART...
[20260109] Downloading 3 missing HTML documents...
[20260109] Downloaded 2/3 documents. (Total API calls: 878)
[20260108] Downloading 2 missing HTML documents...
[20260108] Downloaded 0/2 documents. (Total API calls: 880)
[20260107] Downloading 7 missing HTML documents...
[20260107] Downloaded 6/7 documents. (Total API calls: 887)
[20260106] Downloading 2 missing HTML documents...
[20260106] Downloaded 1/2 documents. (Total API calls: 889)
[20260105] Downloading 7 missing HTML documents...
[20260105] Downloaded 7/7 documents. (Total API calls: 896)
[20260104] Fetching disclosure list from Open DART...
[20260103] Fetching disclosure list from Open DART...
[20260102] Downloading 2 missing HTML documents...
[20260102] Downloaded 1/2 documents. (Total API calls: 900)
[20260101] Fetching disclosure list from Open DART...
Historical collection run finished. Total API calls in this run: 901
Total dates to process: 190 (from 20260709 down to 20260101)
[20260709] Fetching disclosure list from Open DART...
[20260709] Saved 1 filtered disclosures.
[20260709] Downloading 1 missing HTML documents...
[20260709] Downloaded 0/1 documents. (Total API calls: 2)
[20260708] Downloading 216 missing HTML documents...
[20260708] Downloaded 214/216 documents. (Total API calls: 218)
[20260707] Downloading 4 missing HTML documents...
[20260707] Downloaded 0/4 documents. (Total API calls: 222)
[20260706] Downloading 3 missing HTML documents...
[20260706] Downloaded 0/3 documents. (Total API calls: 225)
[20260705] Fetching disclosure list from Open DART...
[20260704] Fetching disclosure list from Open DART...
[20260703] Downloading 7 missing HTML documents...
[20260703] Downloaded 0/7 documents. (Total API calls: 234)
[20260702] Downloading 2 missing HTML documents...
[20260702] Downloaded 0/2 documents. (Total API calls: 236)
[20260701] Downloading 3 missing HTML documents...
[20260701] Downloaded 0/3 documents. (Total API calls: 239)
[20260630] Downloading 5 missing HTML documents...
[20260630] Downloaded 0/5 documents. (Total API calls: 244)
[20260629] Downloading 4 missing HTML documents...
[20260629] Downloaded 0/4 documents. (Total API calls: 248)
[20260628] Fetching disclosure list from Open DART...
[20260627] Fetching disclosure list from Open DART...
[20260626] Downloading 5 missing HTML documents...
[20260626] Downloaded 0/5 documents. (Total API calls: 255)
[20260625] Downloading 4 missing HTML documents...
[20260625] Downloaded 0/4 documents. (Total API calls: 259)
[20260624] Downloading 5 missing HTML documents...
[20260624] Downloaded 0/5 documents. (Total API calls: 264)
[20260623] Downloading 2 missing HTML documents...
[20260623] Downloaded 0/2 documents. (Total API calls: 266)
[20260622] Downloading 5 missing HTML documents...
[20260622] Downloaded 0/5 documents. (Total API calls: 271)
[20260621] Fetching disclosure list from Open DART...
[20260620] Fetching disclosure list from Open DART...
[20260619] Downloading 4 missing HTML documents...
[20260619] Downloaded 0/4 documents. (Total API calls: 277)
[20260618] Downloading 5 missing HTML documents...
[20260618] Downloaded 0/5 documents. (Total API calls: 282)
[20260617] Downloading 3 missing HTML documents...
[20260617] Downloaded 0/3 documents. (Total API calls: 285)
[20260616] Downloading 7 missing HTML documents...
[20260616] Downloaded 0/7 documents. (Total API calls: 292)
[20260615] Downloading 1 missing HTML documents...
[20260615] Downloaded 0/1 documents. (Total API calls: 293)
[20260614] Fetching disclosure list from Open DART...
[20260613] Fetching disclosure list from Open DART...
[20260612] Downloading 7 missing HTML documents...
[20260612] Downloaded 0/7 documents. (Total API calls: 302)
[20260611] Downloading 6 missing HTML documents...
[20260611] Downloaded 0/6 documents. (Total API calls: 308)
[20260610] Downloading 3 missing HTML documents...
[20260610] Downloaded 0/3 documents. (Total API calls: 311)
[20260609] Downloading 1 missing HTML documents...
[20260609] Downloaded 0/1 documents. (Total API calls: 312)
[20260608] Downloading 6 missing HTML documents...
[20260608] Downloaded 0/6 documents. (Total API calls: 318)
[20260607] Fetching disclosure list from Open DART...
[20260606] Fetching disclosure list from Open DART...
[20260605] Downloading 8 missing HTML documents...
[20260605] Downloaded 0/8 documents. (Total API calls: 328)
[20260604] Downloading 4 missing HTML documents...
[20260604] Downloaded 0/4 documents. (Total API calls: 332)
[20260603] Fetching disclosure list from Open DART...
[20260602] Downloading 4 missing HTML documents...
[20260602] Downloaded 0/4 documents. (Total API calls: 337)
[20260601] Downloading 5 missing HTML documents...
[20260601] Downloaded 0/5 documents. (Total API calls: 342)
[20260531] Fetching disclosure list from Open DART...
[20260530] Fetching disclosure list from Open DART...
[20260529] Downloading 4 missing HTML documents...
[20260529] Downloaded 0/4 documents. (Total API calls: 348)
[20260528] Downloading 8 missing HTML documents...
[20260528] Downloaded 0/8 documents. (Total API calls: 356)
[20260527] Downloading 5 missing HTML documents...
[20260527] Downloaded 0/5 documents. (Total API calls: 361)
[20260526] Downloading 5 missing HTML documents...
[20260526] Downloaded 0/5 documents. (Total API calls: 366)
[20260525] Fetching disclosure list from Open DART...
[20260524] Fetching disclosure list from Open DART...
[20260523] Fetching disclosure list from Open DART...
[20260522] Downloading 3 missing HTML documents...
[20260522] Downloaded 0/3 documents. (Total API calls: 372)
[20260521] Downloading 7 missing HTML documents...
[20260521] Downloaded 0/7 documents. (Total API calls: 379)
[20260520] Downloading 5 missing HTML documents...
[20260520] Downloaded 0/5 documents. (Total API calls: 384)
[20260519] Downloading 9 missing HTML documents...
[20260519] Downloaded 0/9 documents. (Total API calls: 393)
[20260518] Downloading 4 missing HTML documents...
[20260518] Downloaded 0/4 documents. (Total API calls: 397)
[20260517] Fetching disclosure list from Open DART...
[20260516] Fetching disclosure list from Open DART...
[20260515] Downloading 4 missing HTML documents...
[20260515] Downloaded 0/4 documents. (Total API calls: 403)
[20260514] Downloading 8 missing HTML documents...
[20260514] Downloaded 0/8 documents. (Total API calls: 411)
[20260513] Downloading 8 missing HTML documents...
[20260513] Downloaded 0/8 documents. (Total API calls: 419)
[20260512] Downloading 3 missing HTML documents...
[20260512] Downloaded 0/3 documents. (Total API calls: 422)
[20260511] Downloading 4 missing HTML documents...
[20260511] Downloaded 0/4 documents. (Total API calls: 426)
[20260510] Fetching disclosure list from Open DART...
[20260509] Fetching disclosure list from Open DART...
[20260508] Downloading 4 missing HTML documents...
[20260508] Downloaded 0/4 documents. (Total API calls: 432)
[20260507] Downloading 8 missing HTML documents...
[20260507] Downloaded 0/8 documents. (Total API calls: 440)
[20260506] Downloading 3 missing HTML documents...
[20260506] Downloaded 0/3 documents. (Total API calls: 443)
[20260505] Fetching disclosure list from Open DART...
[20260504] Downloading 2 missing HTML documents...
[20260504] Downloaded 0/2 documents. (Total API calls: 446)
[20260503] Fetching disclosure list from Open DART...
[20260502] Fetching disclosure list from Open DART...
[20260501] Fetching disclosure list from Open DART...
[20260428] Downloading 2 missing HTML documents...
[20260428] Downloaded 0/2 documents. (Total API calls: 451)
[20260427] Downloading 1 missing HTML documents...
[20260427] Downloaded 0/1 documents. (Total API calls: 452)
[20260426] Fetching disclosure list from Open DART...
[20260425] Fetching disclosure list from Open DART...
[20260424] Downloading 7 missing HTML documents...
[20260424] Downloaded 0/7 documents. (Total API calls: 461)
[20260423] Downloading 5 missing HTML documents...
[20260423] Downloaded 0/5 documents. (Total API calls: 466)
[20260422] Downloading 2 missing HTML documents...
[20260422] Downloaded 0/2 documents. (Total API calls: 468)
[20260421] Downloading 1 missing HTML documents...
[20260421] Downloaded 0/1 documents. (Total API calls: 469)
[20260420] Downloading 6 missing HTML documents...
[20260420] Downloaded 0/6 documents. (Total API calls: 475)
[20260419] Fetching disclosure list from Open DART...
[20260418] Fetching disclosure list from Open DART...
[20260417] Downloading 4 missing HTML documents...
[20260417] Downloaded 0/4 documents. (Total API calls: 481)
[20260416] Downloading 4 missing HTML documents...
[20260416] Downloaded 0/4 documents. (Total API calls: 485)
[20260415] Downloading 7 missing HTML documents...
[20260415] Downloaded 0/7 documents. (Total API calls: 492)
[20260414] Downloading 5 missing HTML documents...
[20260414] Downloaded 0/5 documents. (Total API calls: 497)
[20260413] Downloading 2 missing HTML documents...
[20260413] Downloaded 0/2 documents. (Total API calls: 499)
[20260412] Fetching disclosure list from Open DART...
[20260411] Fetching disclosure list from Open DART...
[20260410] Downloading 3 missing HTML documents...
[20260410] Downloaded 0/3 documents. (Total API calls: 504)
[20260409] Downloading 4 missing HTML documents...
[20260409] Downloaded 0/4 documents. (Total API calls: 508)
[20260408] Downloading 2 missing HTML documents...
[20260408] Downloaded 0/2 documents. (Total API calls: 510)
[20260407] Downloading 2 missing HTML documents...
[20260407] Downloaded 0/2 documents. (Total API calls: 512)
[20260406] Downloading 2 missing HTML documents...
[20260406] Downloaded 0/2 documents. (Total API calls: 514)
[20260405] Fetching disclosure list from Open DART...
[20260404] Fetching disclosure list from Open DART...
[20260403] Downloading 2 missing HTML documents...
[20260403] Downloaded 0/2 documents. (Total API calls: 518)
[20260401] Downloading 1 missing HTML documents...
[20260401] Downloaded 0/1 documents. (Total API calls: 519)
[20260331] Downloading 9 missing HTML documents...
[20260331] Downloaded 0/9 documents. (Total API calls: 528)
[20260330] Downloading 6 missing HTML documents...
[20260330] Downloaded 0/6 documents. (Total API calls: 534)
[20260329] Fetching disclosure list from Open DART...
[20260328] Fetching disclosure list from Open DART...
[20260327] Downloading 2 missing HTML documents...
[20260327] Downloaded 0/2 documents. (Total API calls: 538)
[20260326] Downloading 9 missing HTML documents...
[20260326] Downloaded 0/9 documents. (Total API calls: 547)
[20260325] Downloading 3 missing HTML documents...
[20260325] Downloaded 0/3 documents. (Total API calls: 550)
[20260324] Downloading 1 missing HTML documents...
[20260324] Downloaded 0/1 documents. (Total API calls: 551)
[20260323] Downloading 17 missing HTML documents...
[20260323] Downloaded 0/17 documents. (Total API calls: 568)
[20260322] Fetching disclosure list from Open DART...
[20260321] Fetching disclosure list from Open DART...
[20260320] Downloading 14 missing HTML documents...
[20260320] Downloaded 0/14 documents. (Total API calls: 584)
[20260319] Downloading 26 missing HTML documents...
[20260319] Downloaded 0/26 documents. (Total API calls: 610)
[20260318] Downloading 15 missing HTML documents...
[20260318] Downloaded 0/15 documents. (Total API calls: 625)
[20260317] Downloading 17 missing HTML documents...
[20260317] Downloaded 0/17 documents. (Total API calls: 642)
[20260316] Downloading 15 missing HTML documents...
[20260316] Downloaded 0/15 documents. (Total API calls: 657)
[20260315] Fetching disclosure list from Open DART...
[20260314] Fetching disclosure list from Open DART...
[20260313] Downloading 22 missing HTML documents...
[20260313] Downloaded 0/22 documents. (Total API calls: 681)
[20260312] Downloading 16 missing HTML documents...
[20260312] Downloaded 0/16 documents. (Total API calls: 697)
[20260311] Downloading 18 missing HTML documents...
[20260311] Downloaded 0/18 documents. (Total API calls: 715)
[20260310] Downloading 3 missing HTML documents...
[20260310] Downloaded 0/3 documents. (Total API calls: 718)
[20260309] Downloading 3 missing HTML documents...
[20260309] Downloaded 0/3 documents. (Total API calls: 721)
[20260308] Fetching disclosure list from Open DART...
[20260307] Fetching disclosure list from Open DART...
[20260306] Downloading 8 missing HTML documents...
[20260306] Downloaded 0/8 documents. (Total API calls: 731)
[20260305] Downloading 8 missing HTML documents...
[20260305] Downloaded 0/8 documents. (Total API calls: 739)
[20260304] Downloading 4 missing HTML documents...
[20260304] Downloaded 0/4 documents. (Total API calls: 743)
[20260303] Downloading 6 missing HTML documents...
[20260303] Downloaded 0/6 documents. (Total API calls: 749)
[20260302] Fetching disclosure list from Open DART...
[20260301] Fetching disclosure list from Open DART...
[20260228] Fetching disclosure list from Open DART...
[20260227] Downloading 4 missing HTML documents...
[20260227] Downloaded 0/4 documents. (Total API calls: 756)
[20260226] Downloading 2 missing HTML documents...
[20260226] Downloaded 0/2 documents. (Total API calls: 758)
[20260225] Downloading 3 missing HTML documents...
[20260225] Downloaded 0/3 documents. (Total API calls: 761)
[20260222] Fetching disclosure list from Open DART...
[20260221] Fetching disclosure list from Open DART...
[20260220] Downloading 7 missing HTML documents...
[20260220] Downloaded 0/7 documents. (Total API calls: 770)
[20260219] Downloading 2 missing HTML documents...
[20260219] Downloaded 0/2 documents. (Total API calls: 772)
[20260218] Fetching disclosure list from Open DART...
[20260217] Fetching disclosure list from Open DART...
[20260216] Fetching disclosure list from Open DART...
[20260215] Fetching disclosure list from Open DART...
[20260214] Fetching disclosure list from Open DART...
[20260213] Downloading 5 missing HTML documents...
[20260213] Downloaded 0/5 documents. (Total API calls: 782)
[20260212] Downloading 4 missing HTML documents...
[20260212] Downloaded 0/4 documents. (Total API calls: 786)
[20260211] Downloading 1 missing HTML documents...
[20260211] Downloaded 0/1 documents. (Total API calls: 787)
[20260210] Downloading 7 missing HTML documents...
[20260210] Downloaded 0/7 documents. (Total API calls: 794)
[20260209] Downloading 6 missing HTML documents...
[20260209] Downloaded 0/6 documents. (Total API calls: 800)
[20260208] Fetching disclosure list from Open DART...
[20260207] Fetching disclosure list from Open DART...
[20260206] Downloading 3 missing HTML documents...
[20260206] Downloaded 0/3 documents. (Total API calls: 805)
[20260203] Downloading 1 missing HTML documents...
[20260203] Downloaded 0/1 documents. (Total API calls: 806)
[20260201] Fetching disclosure list from Open DART...
[20260131] Fetching disclosure list from Open DART...
[20260130] Downloading 8 missing HTML documents...
[20260130] Downloaded 0/8 documents. (Total API calls: 816)
[20260129] Downloading 3 missing HTML documents...
[20260129] Downloaded 0/3 documents. (Total API calls: 819)
[20260128] Downloading 3 missing HTML documents...
[20260128] Downloaded 0/3 documents. (Total API calls: 822)
[20260127] Downloading 1 missing HTML documents...
[20260127] Downloaded 0/1 documents. (Total API calls: 823)
[20260126] Downloading 1 missing HTML documents...
[20260126] Downloaded 0/1 documents. (Total API calls: 824)
[20260125] Fetching disclosure list from Open DART...
[20260124] Fetching disclosure list from Open DART...
[20260123] Downloading 4 missing HTML documents...
[20260123] Downloaded 0/4 documents. (Total API calls: 830)
[20260122] Downloading 2 missing HTML documents...
[20260122] Downloaded 0/2 documents. (Total API calls: 832)
[20260121] Downloading 2 missing HTML documents...
[20260121] Downloaded 0/2 documents. (Total API calls: 834)
[20260120] Downloading 1 missing HTML documents...
[20260120] Downloaded 0/1 documents. (Total API calls: 835)
[20260119] Downloading 2 missing HTML documents...
[20260119] Downloaded 0/2 documents. (Total API calls: 837)
[20260118] Fetching disclosure list from Open DART...
[20260117] Fetching disclosure list from Open DART...
[20260116] Downloading 1 missing HTML documents...
[20260116] Downloaded 0/1 documents. (Total API calls: 840)
[20260115] Downloading 1 missing HTML documents...
[20260115] Downloaded 0/1 documents. (Total API calls: 841)
[20260114] Downloading 4 missing HTML documents...
[20260114] Downloaded 0/4 documents. (Total API calls: 845)
[20260113] Downloading 3 missing HTML documents...
[20260113] Downloaded 0/3 documents. (Total API calls: 848)
[20260112] Downloading 1 missing HTML documents...
[20260112] Downloaded 0/1 documents. (Total API calls: 849)
[20260111] Fetching disclosure list from Open DART...
[20260110] Fetching disclosure list from Open DART...
[20260109] Downloading 1 missing HTML documents...
[20260109] Downloaded 0/1 documents. (Total API calls: 852)
[20260108] Downloading 2 missing HTML documents...
[20260108] Downloaded 0/2 documents. (Total API calls: 854)
[20260107] Downloading 1 missing HTML documents...
[20260107] Downloaded 0/1 documents. (Total API calls: 855)
[20260106] Downloading 1 missing HTML documents...
[20260106] Downloaded 0/1 documents. (Total API calls: 856)
[20260104] Fetching disclosure list from Open DART...
[20260103] Fetching disclosure list from Open DART...
[20260102] Downloading 1 missing HTML documents...
[20260102] Downloaded 0/1 documents. (Total API calls: 859)
[20260101] Fetching disclosure list from Open DART...
Historical collection run finished. Total API calls in this run: 860
Total dates to process: 191 (from 20260710 down to 20260101)
[20260710] Fetching disclosure list from Open DART...
[20260710] Saved 1 filtered disclosures.
[20260710] Downloading 1 missing HTML documents...
[20260710] Downloaded 0/1 documents. (Total API calls: 2)
[20260709] Downloading 189 missing HTML documents...
[20260709] Downloaded 176/189 documents. (Total API calls: 191)
[20260708] Downloading 2 missing HTML documents...
[20260708] Downloaded 0/2 documents. (Total API calls: 193)
[20260707] Downloading 4 missing HTML documents...
[20260707] Downloaded 0/4 documents. (Total API calls: 197)
[20260706] Downloading 3 missing HTML documents...
[20260706] Downloaded 0/3 documents. (Total API calls: 200)
[20260705] Fetching disclosure list from Open DART...
[20260704] Fetching disclosure list from Open DART...
[20260703] Downloading 7 missing HTML documents...
[20260703] Downloaded 0/7 documents. (Total API calls: 209)
[20260702] Downloading 2 missing HTML documents...
[20260702] Downloaded 0/2 documents. (Total API calls: 211)
[20260701] Downloading 3 missing HTML documents...
[20260701] Downloaded 0/3 documents. (Total API calls: 214)
[20260630] Downloading 5 missing HTML documents...
[20260630] Downloaded 0/5 documents. (Total API calls: 219)
[20260629] Downloading 4 missing HTML documents...
[20260629] Downloaded 0/4 documents. (Total API calls: 223)
[20260628] Fetching disclosure list from Open DART...
[20260627] Fetching disclosure list from Open DART...
[20260626] Downloading 5 missing HTML documents...
[20260626] Downloaded 0/5 documents. (Total API calls: 230)
[20260625] Downloading 4 missing HTML documents...
[20260625] Downloaded 0/4 documents. (Total API calls: 234)
[20260624] Downloading 5 missing HTML documents...
[20260624] Downloaded 0/5 documents. (Total API calls: 239)
[20260623] Downloading 2 missing HTML documents...
[20260623] Downloaded 0/2 documents. (Total API calls: 241)
[20260622] Downloading 5 missing HTML documents...
[20260622] Downloaded 0/5 documents. (Total API calls: 246)
[20260621] Fetching disclosure list from Open DART...
[20260620] Fetching disclosure list from Open DART...
[20260619] Downloading 4 missing HTML documents...
[20260619] Downloaded 0/4 documents. (Total API calls: 252)
[20260618] Downloading 5 missing HTML documents...
[20260618] Downloaded 0/5 documents. (Total API calls: 257)
[20260617] Downloading 3 missing HTML documents...
[20260617] Downloaded 0/3 documents. (Total API calls: 260)
[20260616] Downloading 7 missing HTML documents...
[20260616] Downloaded 0/7 documents. (Total API calls: 267)
[20260615] Downloading 1 missing HTML documents...
[20260615] Downloaded 0/1 documents. (Total API calls: 268)
[20260614] Fetching disclosure list from Open DART...
[20260613] Fetching disclosure list from Open DART...
[20260612] Downloading 7 missing HTML documents...
[20260612] Downloaded 0/7 documents. (Total API calls: 277)
[20260611] Downloading 6 missing HTML documents...
[20260611] Downloaded 0/6 documents. (Total API calls: 283)
[20260610] Downloading 3 missing HTML documents...
[20260610] Downloaded 0/3 documents. (Total API calls: 286)
[20260609] Downloading 1 missing HTML documents...
[20260609] Downloaded 0/1 documents. (Total API calls: 287)
[20260608] Downloading 6 missing HTML documents...
[20260608] Downloaded 0/6 documents. (Total API calls: 293)
[20260607] Fetching disclosure list from Open DART...
[20260606] Fetching disclosure list from Open DART...
[20260606] Request failed: HTTPSConnectionPool(host='opendart.fss.or.kr', port=443): Read timed out. (read timeout=10)
[20260605] Downloading 8 missing HTML documents...
[20260605] Downloaded 0/8 documents. (Total API calls: 303)
[20260604] Downloading 4 missing HTML documents...
[20260604] Downloaded 0/4 documents. (Total API calls: 307)
[20260603] Fetching disclosure list from Open DART...
[20260602] Downloading 4 missing HTML documents...
[20260602] Downloaded 0/4 documents. (Total API calls: 312)
[20260601] Downloading 5 missing HTML documents...
[20260601] Downloaded 0/5 documents. (Total API calls: 317)
[20260531] Fetching disclosure list from Open DART...
[20260530] Fetching disclosure list from Open DART...
[20260529] Downloading 4 missing HTML documents...
[20260529] Downloaded 0/4 documents. (Total API calls: 323)
[20260528] Downloading 8 missing HTML documents...
[20260528] Downloaded 0/8 documents. (Total API calls: 331)
[20260527] Downloading 5 missing HTML documents...
[20260527] Downloaded 0/5 documents. (Total API calls: 336)
[20260526] Downloading 5 missing HTML documents...
[20260526] Downloaded 0/5 documents. (Total API calls: 341)
[20260525] Fetching disclosure list from Open DART...
[20260524] Fetching disclosure list from Open DART...
[20260523] Fetching disclosure list from Open DART...
[20260522] Downloading 3 missing HTML documents...
[20260522] Downloaded 0/3 documents. (Total API calls: 347)
[20260521] Downloading 7 missing HTML documents...
[20260521] Downloaded 0/7 documents. (Total API calls: 354)
[20260520] Downloading 5 missing HTML documents...
[20260520] Downloaded 0/5 documents. (Total API calls: 359)
[20260519] Downloading 9 missing HTML documents...
[20260519] Downloaded 0/9 documents. (Total API calls: 368)
[20260518] Downloading 4 missing HTML documents...
[20260518] Downloaded 0/4 documents. (Total API calls: 372)
[20260517] Fetching disclosure list from Open DART...
[20260516] Fetching disclosure list from Open DART...
[20260515] Downloading 4 missing HTML documents...
[20260515] Downloaded 0/4 documents. (Total API calls: 378)
[20260514] Downloading 8 missing HTML documents...
[20260514] Downloaded 0/8 documents. (Total API calls: 386)
[20260513] Downloading 8 missing HTML documents...
[20260513] Downloaded 0/8 documents. (Total API calls: 394)
[20260512] Downloading 3 missing HTML documents...
[20260512] Downloaded 0/3 documents. (Total API calls: 397)
[20260511] Downloading 4 missing HTML documents...
[20260511] Downloaded 0/4 documents. (Total API calls: 401)
[20260510] Fetching disclosure list from Open DART...
[20260509] Fetching disclosure list from Open DART...
[20260508] Downloading 4 missing HTML documents...
[20260508] Downloaded 0/4 documents. (Total API calls: 407)
[20260507] Downloading 8 missing HTML documents...
[20260507] Downloaded 0/8 documents. (Total API calls: 415)
[20260506] Downloading 3 missing HTML documents...
[20260506] Downloaded 0/3 documents. (Total API calls: 418)
[20260505] Fetching disclosure list from Open DART...
[20260504] Downloading 2 missing HTML documents...
[20260504] Downloaded 0/2 documents. (Total API calls: 421)
[20260503] Fetching disclosure list from Open DART...
[20260502] Fetching disclosure list from Open DART...
[20260501] Fetching disclosure list from Open DART...
[20260428] Downloading 2 missing HTML documents...
[20260428] Downloaded 0/2 documents. (Total API calls: 426)
[20260427] Downloading 1 missing HTML documents...
[20260427] Downloaded 0/1 documents. (Total API calls: 427)
[20260426] Fetching disclosure list from Open DART...
[20260425] Fetching disclosure list from Open DART...
[20260424] Downloading 7 missing HTML documents...
[20260424] Downloaded 0/7 documents. (Total API calls: 436)
[20260423] Downloading 5 missing HTML documents...
[20260423] Downloaded 0/5 documents. (Total API calls: 441)
[20260422] Downloading 2 missing HTML documents...
[20260422] Downloaded 0/2 documents. (Total API calls: 443)
[20260421] Downloading 1 missing HTML documents...
[20260421] Downloaded 0/1 documents. (Total API calls: 444)
[20260420] Downloading 6 missing HTML documents...
[20260420] Downloaded 0/6 documents. (Total API calls: 450)
[20260419] Fetching disclosure list from Open DART...
[20260418] Fetching disclosure list from Open DART...
[20260417] Downloading 4 missing HTML documents...
[20260417] Downloaded 0/4 documents. (Total API calls: 456)
[20260416] Downloading 4 missing HTML documents...
[20260416] Downloaded 0/4 documents. (Total API calls: 460)
[20260415] Downloading 7 missing HTML documents...
[20260415] Downloaded 0/7 documents. (Total API calls: 467)
[20260414] Downloading 5 missing HTML documents...
[20260414] Downloaded 0/5 documents. (Total API calls: 472)
[20260413] Downloading 2 missing HTML documents...
[20260413] Downloaded 0/2 documents. (Total API calls: 474)
[20260412] Fetching disclosure list from Open DART...
[20260411] Fetching disclosure list from Open DART...
[20260410] Downloading 3 missing HTML documents...
[20260410] Downloaded 0/3 documents. (Total API calls: 479)
[20260409] Downloading 4 missing HTML documents...
[20260409] Downloaded 0/4 documents. (Total API calls: 483)
[20260408] Downloading 2 missing HTML documents...
[20260408] Downloaded 0/2 documents. (Total API calls: 485)
[20260407] Downloading 2 missing HTML documents...
[20260407] Downloaded 0/2 documents. (Total API calls: 487)
[20260406] Downloading 2 missing HTML documents...
[20260406] Downloaded 0/2 documents. (Total API calls: 489)
[20260405] Fetching disclosure list from Open DART...
[20260404] Fetching disclosure list from Open DART...
[20260403] Downloading 2 missing HTML documents...
[20260403] Downloaded 0/2 documents. (Total API calls: 493)
[20260401] Downloading 1 missing HTML documents...
[20260401] Downloaded 0/1 documents. (Total API calls: 494)
[20260331] Downloading 9 missing HTML documents...
[20260331] Downloaded 0/9 documents. (Total API calls: 503)
[20260330] Downloading 6 missing HTML documents...
[20260330] Downloaded 0/6 documents. (Total API calls: 509)
[20260329] Fetching disclosure list from Open DART...
[20260328] Fetching disclosure list from Open DART...
[20260327] Downloading 2 missing HTML documents...
[20260327] Downloaded 0/2 documents. (Total API calls: 513)
[20260326] Downloading 9 missing HTML documents...
[20260326] Downloaded 0/9 documents. (Total API calls: 522)
[20260325] Downloading 3 missing HTML documents...
[20260325] Downloaded 0/3 documents. (Total API calls: 525)
[20260324] Downloading 1 missing HTML documents...
[20260324] Downloaded 0/1 documents. (Total API calls: 526)
[20260323] Downloading 17 missing HTML documents...
[20260323] Downloaded 0/17 documents. (Total API calls: 543)
[20260322] Fetching disclosure list from Open DART...
[20260321] Fetching disclosure list from Open DART...
[20260320] Downloading 14 missing HTML documents...
[20260320] Downloaded 0/14 documents. (Total API calls: 559)
[20260319] Downloading 26 missing HTML documents...
[20260319] Downloaded 0/26 documents. (Total API calls: 585)
[20260318] Downloading 15 missing HTML documents...
[20260318] Downloaded 0/15 documents. (Total API calls: 600)
[20260317] Downloading 17 missing HTML documents...
[20260317] Downloaded 0/17 documents. (Total API calls: 617)
[20260316] Downloading 15 missing HTML documents...
[20260316] Downloaded 0/15 documents. (Total API calls: 632)
[20260315] Fetching disclosure list from Open DART...
[20260314] Fetching disclosure list from Open DART...
[20260313] Downloading 22 missing HTML documents...
[20260313] Downloaded 0/22 documents. (Total API calls: 656)
[20260312] Downloading 16 missing HTML documents...
[20260312] Downloaded 0/16 documents. (Total API calls: 672)
[20260311] Downloading 18 missing HTML documents...
[20260311] Downloaded 0/18 documents. (Total API calls: 690)
[20260310] Downloading 3 missing HTML documents...
[20260310] Downloaded 0/3 documents. (Total API calls: 693)
[20260309] Downloading 3 missing HTML documents...
[20260309] Downloaded 0/3 documents. (Total API calls: 696)
[20260308] Fetching disclosure list from Open DART...
[20260307] Fetching disclosure list from Open DART...
[20260306] Downloading 8 missing HTML documents...
[20260306] Downloaded 0/8 documents. (Total API calls: 706)
[20260305] Downloading 8 missing HTML documents...
[20260305] Downloaded 0/8 documents. (Total API calls: 714)
[20260304] Downloading 4 missing HTML documents...
[20260304] Downloaded 0/4 documents. (Total API calls: 718)
[20260303] Downloading 6 missing HTML documents...
[20260303] Downloaded 0/6 documents. (Total API calls: 724)
[20260302] Fetching disclosure list from Open DART...
[20260301] Fetching disclosure list from Open DART...
[20260228] Fetching disclosure list from Open DART...
[20260227] Downloading 4 missing HTML documents...
[20260227] Downloaded 0/4 documents. (Total API calls: 731)
[20260226] Downloading 2 missing HTML documents...
[20260226] Downloaded 0/2 documents. (Total API calls: 733)
[20260225] Downloading 3 missing HTML documents...
[20260225] Downloaded 0/3 documents. (Total API calls: 736)
[20260222] Fetching disclosure list from Open DART...
[20260221] Fetching disclosure list from Open DART...
[20260220] Downloading 7 missing HTML documents...
[20260220] Downloaded 0/7 documents. (Total API calls: 745)
[20260219] Downloading 2 missing HTML documents...
[20260219] Downloaded 0/2 documents. (Total API calls: 747)
[20260218] Fetching disclosure list from Open DART...
[20260217] Fetching disclosure list from Open DART...
[20260216] Fetching disclosure list from Open DART...
[20260215] Fetching disclosure list from Open DART...
[20260214] Fetching disclosure list from Open DART...
[20260213] Downloading 5 missing HTML documents...
[20260213] Downloaded 0/5 documents. (Total API calls: 757)
[20260212] Downloading 4 missing HTML documents...
[20260212] Downloaded 0/4 documents. (Total API calls: 761)
[20260211] Downloading 1 missing HTML documents...
[20260211] Downloaded 0/1 documents. (Total API calls: 762)
[20260210] Downloading 7 missing HTML documents...
[20260210] Downloaded 0/7 documents. (Total API calls: 769)
[20260209] Downloading 6 missing HTML documents...
[20260209] Downloaded 0/6 documents. (Total API calls: 775)
[20260208] Fetching disclosure list from Open DART...
[20260207] Fetching disclosure list from Open DART...
[20260207] Request failed: HTTPSConnectionPool(host='opendart.fss.or.kr', port=443): Read timed out. (read timeout=10)
[20260206] Downloading 3 missing HTML documents...
[20260206] Downloaded 0/3 documents. (Total API calls: 780)
[20260203] Downloading 1 missing HTML documents...
[20260203] Downloaded 0/1 documents. (Total API calls: 781)
[20260201] Fetching disclosure list from Open DART...
[20260131] Fetching disclosure list from Open DART...
[20260130] Downloading 8 missing HTML documents...
[20260130] Downloaded 0/8 documents. (Total API calls: 791)
[20260129] Downloading 3 missing HTML documents...
[20260129] Downloaded 0/3 documents. (Total API calls: 794)
[20260128] Downloading 3 missing HTML documents...
[20260128] Downloaded 0/3 documents. (Total API calls: 797)
[20260127] Downloading 1 missing HTML documents...
[20260127] Downloaded 0/1 documents. (Total API calls: 798)
[20260126] Downloading 1 missing HTML documents...
[20260126] Downloaded 0/1 documents. (Total API calls: 799)
[20260125] Fetching disclosure list from Open DART...
[20260124] Fetching disclosure list from Open DART...
[20260123] Downloading 4 missing HTML documents...
[20260123] Downloaded 0/4 documents. (Total API calls: 805)
[20260122] Downloading 2 missing HTML documents...
[20260122] Downloaded 0/2 documents. (Total API calls: 807)
[20260121] Downloading 2 missing HTML documents...
[20260121] Downloaded 0/2 documents. (Total API calls: 809)
[20260120] Downloading 1 missing HTML documents...
[20260120] Downloaded 0/1 documents. (Total API calls: 810)
[20260119] Downloading 2 missing HTML documents...
[20260119] Downloaded 0/2 documents. (Total API calls: 812)
[20260118] Fetching disclosure list from Open DART...
[20260118] Request failed: HTTPSConnectionPool(host='opendart.fss.or.kr', port=443): Read timed out. (read timeout=10)
[20260117] Fetching disclosure list from Open DART...
[20260116] Downloading 1 missing HTML documents...
[20260116] Downloaded 0/1 documents. (Total API calls: 815)
[20260115] Downloading 1 missing HTML documents...
[20260115] Downloaded 0/1 documents. (Total API calls: 816)
[20260114] Downloading 4 missing HTML documents...
[20260114] Downloaded 0/4 documents. (Total API calls: 820)
[20260113] Downloading 3 missing HTML documents...
[20260113] Downloaded 0/3 documents. (Total API calls: 823)
[20260112] Downloading 1 missing HTML documents...
[20260112] Downloaded 0/1 documents. (Total API calls: 824)
[20260111] Fetching disclosure list from Open DART...
[20260110] Fetching disclosure list from Open DART...
[20260109] Downloading 1 missing HTML documents...
[20260109] Downloaded 0/1 documents. (Total API calls: 827)
[20260108] Downloading 2 missing HTML documents...
[20260108] Downloaded 0/2 documents. (Total API calls: 829)
[20260107] Downloading 1 missing HTML documents...
[20260107] Downloaded 0/1 documents. (Total API calls: 830)
[20260106] Downloading 1 missing HTML documents...
[20260106] Downloaded 0/1 documents. (Total API calls: 831)
[20260104] Fetching disclosure list from Open DART...
[20260103] Fetching disclosure list from Open DART...
[20260102] Downloading 1 missing HTML documents...
[20260102] Downloaded 0/1 documents. (Total API calls: 834)
[20260101] Fetching disclosure list from Open DART...
Historical collection run finished. Total API calls in this run: 835
Total dates to process: 192 (from 20260711 down to 20260101)
[20260711] Fetching disclosure list from Open DART...
[20260710] Downloading 264 missing HTML documents...
[20260710] Downloaded 257/264 documents. (Total API calls: 265)
[20260709] Downloading 13 missing HTML documents...
[20260709] Downloaded 5/13 documents. (Total API calls: 278)
[20260708] Downloading 2 missing HTML documents...
[20260708] Downloaded 0/2 documents. (Total API calls: 280)
[20260707] Downloading 4 missing HTML documents...
[20260707] Downloaded 0/4 documents. (Total API calls: 284)
[20260706] Downloading 3 missing HTML documents...
[20260706] Downloaded 0/3 documents. (Total API calls: 287)
[20260705] Fetching disclosure list from Open DART...
[20260704] Fetching disclosure list from Open DART...
[20260703] Downloading 7 missing HTML documents...
[20260703] Downloaded 0/7 documents. (Total API calls: 296)
[20260702] Downloading 2 missing HTML documents...
[20260702] Downloaded 0/2 documents. (Total API calls: 298)
[20260701] Downloading 3 missing HTML documents...
[20260701] Downloaded 0/3 documents. (Total API calls: 301)
[20260630] Downloading 5 missing HTML documents...
[20260630] Downloaded 0/5 documents. (Total API calls: 306)
[20260629] Downloading 4 missing HTML documents...
[20260629] Downloaded 0/4 documents. (Total API calls: 310)
[20260628] Fetching disclosure list from Open DART...
[20260627] Fetching disclosure list from Open DART...
[20260626] Downloading 5 missing HTML documents...
[20260626] Downloaded 0/5 documents. (Total API calls: 317)
[20260625] Downloading 4 missing HTML documents...
[20260625] Downloaded 0/4 documents. (Total API calls: 321)
[20260624] Downloading 5 missing HTML documents...
[20260624] Downloaded 0/5 documents. (Total API calls: 326)
[20260623] Downloading 2 missing HTML documents...
[20260623] Downloaded 0/2 documents. (Total API calls: 328)
[20260622] Downloading 5 missing HTML documents...
[20260622] Downloaded 0/5 documents. (Total API calls: 333)
[20260621] Fetching disclosure list from Open DART...
[20260620] Fetching disclosure list from Open DART...
[20260619] Downloading 4 missing HTML documents...
[20260619] Downloaded 0/4 documents. (Total API calls: 339)
[20260618] Downloading 5 missing HTML documents...
[20260618] Downloaded 0/5 documents. (Total API calls: 344)
[20260617] Downloading 3 missing HTML documents...
[20260617] Downloaded 0/3 documents. (Total API calls: 347)
[20260616] Downloading 7 missing HTML documents...
[20260616] Downloaded 0/7 documents. (Total API calls: 354)
[20260615] Downloading 1 missing HTML documents...
[20260615] Downloaded 0/1 documents. (Total API calls: 355)
[20260614] Fetching disclosure list from Open DART...
[20260613] Fetching disclosure list from Open DART...
[20260612] Downloading 7 missing HTML documents...
[20260612] Downloaded 0/7 documents. (Total API calls: 364)
[20260611] Downloading 6 missing HTML documents...
[20260611] Downloaded 0/6 documents. (Total API calls: 370)
[20260610] Downloading 3 missing HTML documents...
[20260610] Downloaded 0/3 documents. (Total API calls: 373)
[20260609] Downloading 1 missing HTML documents...
[20260609] Downloaded 0/1 documents. (Total API calls: 374)
[20260608] Downloading 6 missing HTML documents...
[20260608] Downloaded 0/6 documents. (Total API calls: 380)
[20260607] Fetching disclosure list from Open DART...
[20260606] Fetching disclosure list from Open DART...
[20260605] Downloading 8 missing HTML documents...
[20260605] Downloaded 0/8 documents. (Total API calls: 390)
[20260604] Downloading 4 missing HTML documents...
[20260604] Downloaded 0/4 documents. (Total API calls: 394)
[20260603] Fetching disclosure list from Open DART...
[20260602] Downloading 4 missing HTML documents...
[20260602] Downloaded 0/4 documents. (Total API calls: 399)
[20260601] Downloading 5 missing HTML documents...
[20260601] Downloaded 0/5 documents. (Total API calls: 404)
[20260531] Fetching disclosure list from Open DART...
[20260530] Fetching disclosure list from Open DART...
[20260529] Downloading 4 missing HTML documents...
[20260529] Downloaded 0/4 documents. (Total API calls: 410)
[20260528] Downloading 8 missing HTML documents...
[20260528] Downloaded 0/8 documents. (Total API calls: 418)
[20260527] Downloading 5 missing HTML documents...
[20260527] Downloaded 0/5 documents. (Total API calls: 423)
[20260526] Downloading 5 missing HTML documents...
[20260526] Downloaded 0/5 documents. (Total API calls: 428)
[20260525] Fetching disclosure list from Open DART...
[20260524] Fetching disclosure list from Open DART...
[20260523] Fetching disclosure list from Open DART...
[20260522] Downloading 3 missing HTML documents...
[20260522] Downloaded 0/3 documents. (Total API calls: 434)
[20260521] Downloading 7 missing HTML documents...
[20260521] Downloaded 0/7 documents. (Total API calls: 441)
[20260520] Downloading 5 missing HTML documents...
[20260520] Downloaded 0/5 documents. (Total API calls: 446)
[20260519] Downloading 9 missing HTML documents...
[20260519] Downloaded 0/9 documents. (Total API calls: 455)
[20260518] Downloading 4 missing HTML documents...
[20260518] Downloaded 0/4 documents. (Total API calls: 459)
[20260517] Fetching disclosure list from Open DART...
[20260516] Fetching disclosure list from Open DART...
[20260515] Downloading 4 missing HTML documents...
[20260515] Downloaded 0/4 documents. (Total API calls: 465)
[20260514] Downloading 8 missing HTML documents...
[20260514] Downloaded 0/8 documents. (Total API calls: 473)
[20260513] Downloading 8 missing HTML documents...
[20260513] Downloaded 0/8 documents. (Total API calls: 481)
[20260512] Downloading 3 missing HTML documents...
[20260512] Downloaded 0/3 documents. (Total API calls: 484)
[20260511] Downloading 4 missing HTML documents...
[20260511] Downloaded 0/4 documents. (Total API calls: 488)
[20260510] Fetching disclosure list from Open DART...
[20260509] Fetching disclosure list from Open DART...
[20260508] Downloading 4 missing HTML documents...
[20260508] Downloaded 0/4 documents. (Total API calls: 494)
[20260507] Downloading 8 missing HTML documents...
[20260507] Downloaded 0/8 documents. (Total API calls: 502)
[20260506] Downloading 3 missing HTML documents...
[20260506] Downloaded 0/3 documents. (Total API calls: 505)
[20260505] Fetching disclosure list from Open DART...
[20260504] Downloading 2 missing HTML documents...
[20260504] Downloaded 0/2 documents. (Total API calls: 508)
[20260503] Fetching disclosure list from Open DART...
[20260502] Fetching disclosure list from Open DART...
[20260501] Fetching disclosure list from Open DART...
[20260428] Downloading 2 missing HTML documents...
[20260428] Downloaded 0/2 documents. (Total API calls: 513)
[20260427] Downloading 1 missing HTML documents...
[20260427] Downloaded 0/1 documents. (Total API calls: 514)
[20260426] Fetching disclosure list from Open DART...
[20260425] Fetching disclosure list from Open DART...
[20260424] Downloading 7 missing HTML documents...
[20260424] Downloaded 0/7 documents. (Total API calls: 523)
[20260423] Downloading 5 missing HTML documents...
[20260423] Downloaded 0/5 documents. (Total API calls: 528)
[20260422] Downloading 2 missing HTML documents...
[20260422] Downloaded 0/2 documents. (Total API calls: 530)
[20260421] Downloading 1 missing HTML documents...
[20260421] Downloaded 0/1 documents. (Total API calls: 531)
[20260420] Downloading 6 missing HTML documents...
[20260420] Downloaded 0/6 documents. (Total API calls: 537)
[20260419] Fetching disclosure list from Open DART...
[20260418] Fetching disclosure list from Open DART...
[20260417] Downloading 4 missing HTML documents...
[20260417] Downloaded 0/4 documents. (Total API calls: 543)
[20260416] Downloading 4 missing HTML documents...
[20260416] Downloaded 0/4 documents. (Total API calls: 547)
[20260415] Downloading 7 missing HTML documents...
[20260415] Downloaded 0/7 documents. (Total API calls: 554)
[20260414] Downloading 5 missing HTML documents...
[20260414] Downloaded 0/5 documents. (Total API calls: 559)
[20260413] Downloading 2 missing HTML documents...
[20260413] Downloaded 0/2 documents. (Total API calls: 561)
[20260412] Fetching disclosure list from Open DART...
[20260411] Fetching disclosure list from Open DART...
[20260410] Downloading 3 missing HTML documents...
[20260410] Downloaded 0/3 documents. (Total API calls: 566)
[20260409] Downloading 4 missing HTML documents...
[20260409] Downloaded 0/4 documents. (Total API calls: 570)
[20260408] Downloading 2 missing HTML documents...
[20260408] Downloaded 0/2 documents. (Total API calls: 572)
[20260407] Downloading 2 missing HTML documents...
[20260407] Downloaded 0/2 documents. (Total API calls: 574)
[20260406] Downloading 2 missing HTML documents...
[20260406] Downloaded 0/2 documents. (Total API calls: 576)
[20260405] Fetching disclosure list from Open DART...
[20260404] Fetching disclosure list from Open DART...
[20260403] Downloading 2 missing HTML documents...
[20260403] Downloaded 0/2 documents. (Total API calls: 580)
[20260401] Downloading 1 missing HTML documents...
[20260401] Downloaded 0/1 documents. (Total API calls: 581)
[20260331] Downloading 9 missing HTML documents...
[20260331] Downloaded 0/9 documents. (Total API calls: 590)
[20260330] Downloading 6 missing HTML documents...
[20260330] Downloaded 0/6 documents. (Total API calls: 596)
[20260329] Fetching disclosure list from Open DART...
[20260328] Fetching disclosure list from Open DART...
[20260327] Downloading 2 missing HTML documents...
[20260327] Downloaded 0/2 documents. (Total API calls: 600)
[20260326] Downloading 9 missing HTML documents...
[20260326] Downloaded 0/9 documents. (Total API calls: 609)
[20260325] Downloading 3 missing HTML documents...
[20260325] Downloaded 0/3 documents. (Total API calls: 612)
[20260324] Downloading 1 missing HTML documents...
[20260324] Downloaded 0/1 documents. (Total API calls: 613)
[20260323] Downloading 17 missing HTML documents...
[20260323] Downloaded 0/17 documents. (Total API calls: 630)
[20260322] Fetching disclosure list from Open DART...
[20260321] Fetching disclosure list from Open DART...
[20260320] Downloading 14 missing HTML documents...
[20260320] Downloaded 0/14 documents. (Total API calls: 646)
[20260319] Downloading 26 missing HTML documents...
[20260319] Downloaded 0/26 documents. (Total API calls: 672)
[20260318] Downloading 15 missing HTML documents...
[20260318] Downloaded 0/15 documents. (Total API calls: 687)
[20260317] Downloading 17 missing HTML documents...
[20260317] Downloaded 0/17 documents. (Total API calls: 704)
[20260316] Downloading 15 missing HTML documents...
[20260316] Downloaded 0/15 documents. (Total API calls: 719)
[20260315] Fetching disclosure list from Open DART...
[20260314] Fetching disclosure list from Open DART...
[20260313] Downloading 22 missing HTML documents...
[20260313] Downloaded 0/22 documents. (Total API calls: 743)
[20260312] Downloading 16 missing HTML documents...
[20260312] Downloaded 0/16 documents. (Total API calls: 759)
[20260311] Downloading 18 missing HTML documents...
[20260311] Downloaded 0/18 documents. (Total API calls: 777)
[20260310] Downloading 3 missing HTML documents...
[20260310] Downloaded 0/3 documents. (Total API calls: 780)
[20260309] Downloading 3 missing HTML documents...
[20260309] Downloaded 0/3 documents. (Total API calls: 783)
[20260308] Fetching disclosure list from Open DART...
[20260307] Fetching disclosure list from Open DART...
[20260306] Downloading 8 missing HTML documents...
[20260306] Downloaded 0/8 documents. (Total API calls: 793)
[20260305] Downloading 8 missing HTML documents...
[20260305] Downloaded 0/8 documents. (Total API calls: 801)
[20260304] Downloading 4 missing HTML documents...
[20260304] Downloaded 0/4 documents. (Total API calls: 805)
[20260303] Downloading 6 missing HTML documents...
[20260303] Downloaded 0/6 documents. (Total API calls: 811)
[20260302] Fetching disclosure list from Open DART...
[20260301] Fetching disclosure list from Open DART...
[20260228] Fetching disclosure list from Open DART...
[20260227] Downloading 4 missing HTML documents...
[20260227] Downloaded 0/4 documents. (Total API calls: 818)
[20260226] Downloading 2 missing HTML documents...
[20260226] Downloaded 0/2 documents. (Total API calls: 820)
[20260225] Downloading 3 missing HTML documents...
[20260225] Downloaded 0/3 documents. (Total API calls: 823)
[20260222] Fetching disclosure list from Open DART...
[20260221] Fetching disclosure list from Open DART...
[20260220] Downloading 7 missing HTML documents...
[20260220] Downloaded 0/7 documents. (Total API calls: 832)
[20260219] Downloading 2 missing HTML documents...
[20260219] Downloaded 0/2 documents. (Total API calls: 834)
[20260218] Fetching disclosure list from Open DART...
[20260217] Fetching disclosure list from Open DART...
[20260216] Fetching disclosure list from Open DART...
[20260215] Fetching disclosure list from Open DART...
[20260214] Fetching disclosure list from Open DART...
[20260213] Downloading 5 missing HTML documents...
[20260213] Downloaded 0/5 documents. (Total API calls: 844)
[20260212] Downloading 4 missing HTML documents...
[20260212] Downloaded 0/4 documents. (Total API calls: 848)
[20260211] Downloading 1 missing HTML documents...
[20260211] Downloaded 0/1 documents. (Total API calls: 849)
[20260210] Downloading 7 missing HTML documents...
[20260210] Downloaded 0/7 documents. (Total API calls: 856)
[20260209] Downloading 6 missing HTML documents...
[20260209] Downloaded 0/6 documents. (Total API calls: 862)
[20260208] Fetching disclosure list from Open DART...
[20260207] Fetching disclosure list from Open DART...
[20260206] Downloading 3 missing HTML documents...
[20260206] Downloaded 0/3 documents. (Total API calls: 867)
[20260203] Downloading 1 missing HTML documents...
[20260203] Downloaded 0/1 documents. (Total API calls: 868)
[20260201] Fetching disclosure list from Open DART...
[20260131] Fetching disclosure list from Open DART...
[20260130] Downloading 8 missing HTML documents...
[20260130] Downloaded 0/8 documents. (Total API calls: 878)
[20260129] Downloading 3 missing HTML documents...
[20260129] Downloaded 0/3 documents. (Total API calls: 881)
[20260128] Downloading 3 missing HTML documents...
[20260128] Downloaded 0/3 documents. (Total API calls: 884)
[20260127] Downloading 1 missing HTML documents...
[20260127] Downloaded 0/1 documents. (Total API calls: 885)
[20260126] Downloading 1 missing HTML documents...
[20260126] Downloaded 0/1 documents. (Total API calls: 886)
[20260125] Fetching disclosure list from Open DART...
[20260124] Fetching disclosure list from Open DART...
[20260123] Downloading 4 missing HTML documents...
[20260123] Downloaded 0/4 documents. (Total API calls: 892)
[20260122] Downloading 2 missing HTML documents...
[20260122] Downloaded 0/2 documents. (Total API calls: 894)
[20260121] Downloading 2 missing HTML documents...
[20260121] Downloaded 0/2 documents. (Total API calls: 896)
[20260120] Downloading 1 missing HTML documents...
[20260120] Downloaded 0/1 documents. (Total API calls: 897)
[20260119] Downloading 2 missing HTML documents...
[20260119] Downloaded 0/2 documents. (Total API calls: 899)
[20260118] Fetching disclosure list from Open DART...
[20260117] Fetching disclosure list from Open DART...
[20260116] Downloading 1 missing HTML documents...
[20260116] Downloaded 0/1 documents. (Total API calls: 902)
[20260115] Downloading 1 missing HTML documents...
[20260115] Downloaded 0/1 documents. (Total API calls: 903)
[20260114] Downloading 4 missing HTML documents...
[20260114] Downloaded 0/4 documents. (Total API calls: 907)
[20260113] Downloading 3 missing HTML documents...
[20260113] Downloaded 0/3 documents. (Total API calls: 910)
[20260112] Downloading 1 missing HTML documents...
[20260112] Downloaded 0/1 documents. (Total API calls: 911)
[20260111] Fetching disclosure list from Open DART...
[20260110] Fetching disclosure list from Open DART...
[20260109] Downloading 1 missing HTML documents...
[20260109] Downloaded 0/1 documents. (Total API calls: 914)
[20260108] Downloading 2 missing HTML documents...
[20260108] Downloaded 0/2 documents. (Total API calls: 916)
[20260107] Downloading 1 missing HTML documents...
[20260107] Downloaded 0/1 documents. (Total API calls: 917)
[20260106] Downloading 1 missing HTML documents...
[20260106] Downloaded 0/1 documents. (Total API calls: 918)
[20260104] Fetching disclosure list from Open DART...
[20260103] Fetching disclosure list from Open DART...
[20260102] Downloading 1 missing HTML documents...
[20260102] Downloaded 0/1 documents. (Total API calls: 921)
[20260101] Fetching disclosure list from Open DART...
Historical collection run finished. Total API calls in this run: 922
Total dates to process: 193 (from 20260712 down to 20260101)
[20260712] Fetching disclosure list from Open DART...
[20260711] Fetching disclosure list from Open DART...
[20260710] Downloading 7 missing HTML documents...
[20260710] Downloaded 0/7 documents. (Total API calls: 9)
[20260709] Downloading 8 missing HTML documents...
[20260709] Downloaded 0/8 documents. (Total API calls: 17)
[20260708] Downloading 2 missing HTML documents...
[20260708] Downloaded 0/2 documents. (Total API calls: 19)
[20260707] Downloading 4 missing HTML documents...
[20260707] Downloaded 0/4 documents. (Total API calls: 23)
[20260706] Downloading 3 missing HTML documents...
[20260706] Downloaded 0/3 documents. (Total API calls: 26)
[20260705] Fetching disclosure list from Open DART...
[20260704] Fetching disclosure list from Open DART...
[20260703] Downloading 7 missing HTML documents...
[20260703] Downloaded 0/7 documents. (Total API calls: 35)
[20260702] Downloading 2 missing HTML documents...
[20260702] Downloaded 0/2 documents. (Total API calls: 37)
[20260701] Downloading 3 missing HTML documents...
[20260701] Downloaded 0/3 documents. (Total API calls: 40)
[20260630] Downloading 5 missing HTML documents...
[20260630] Downloaded 0/5 documents. (Total API calls: 45)
[20260629] Downloading 4 missing HTML documents...
[20260629] Downloaded 0/4 documents. (Total API calls: 49)
[20260628] Fetching disclosure list from Open DART...
[20260627] Fetching disclosure list from Open DART...
[20260626] Downloading 5 missing HTML documents...
[20260626] Downloaded 0/5 documents. (Total API calls: 56)
[20260625] Downloading 4 missing HTML documents...
[20260625] Downloaded 0/4 documents. (Total API calls: 60)
[20260624] Downloading 5 missing HTML documents...
[20260624] Downloaded 0/5 documents. (Total API calls: 65)
[20260623] Downloading 2 missing HTML documents...
[20260623] Downloaded 0/2 documents. (Total API calls: 67)
[20260622] Downloading 5 missing HTML documents...
[20260622] Downloaded 0/5 documents. (Total API calls: 72)
[20260621] Fetching disclosure list from Open DART...
[20260620] Fetching disclosure list from Open DART...
[20260619] Downloading 4 missing HTML documents...
[20260619] Downloaded 0/4 documents. (Total API calls: 78)
[20260618] Downloading 5 missing HTML documents...
[20260618] Downloaded 0/5 documents. (Total API calls: 83)
[20260617] Downloading 3 missing HTML documents...
[20260617] Downloaded 0/3 documents. (Total API calls: 86)
[20260616] Downloading 7 missing HTML documents...
[20260616] Downloaded 0/7 documents. (Total API calls: 93)
[20260615] Downloading 1 missing HTML documents...
[20260615] Downloaded 0/1 documents. (Total API calls: 94)
[20260614] Fetching disclosure list from Open DART...
[20260613] Fetching disclosure list from Open DART...
[20260612] Downloading 7 missing HTML documents...
[20260612] Downloaded 0/7 documents. (Total API calls: 103)
[20260611] Downloading 6 missing HTML documents...
[20260611] Downloaded 0/6 documents. (Total API calls: 109)
[20260610] Downloading 3 missing HTML documents...
[20260610] Downloaded 0/3 documents. (Total API calls: 112)
[20260609] Downloading 1 missing HTML documents...
[20260609] Downloaded 0/1 documents. (Total API calls: 113)
[20260608] Downloading 6 missing HTML documents...
[20260608] Downloaded 0/6 documents. (Total API calls: 119)
[20260607] Fetching disclosure list from Open DART...
[20260606] Fetching disclosure list from Open DART...
[20260605] Downloading 8 missing HTML documents...
[20260605] Downloaded 0/8 documents. (Total API calls: 129)
[20260604] Downloading 4 missing HTML documents...
[20260604] Downloaded 0/4 documents. (Total API calls: 133)
[20260603] Fetching disclosure list from Open DART...
[20260602] Downloading 4 missing HTML documents...
[20260602] Downloaded 0/4 documents. (Total API calls: 138)
[20260601] Downloading 5 missing HTML documents...
[20260601] Downloaded 0/5 documents. (Total API calls: 143)
[20260531] Fetching disclosure list from Open DART...
[20260530] Fetching disclosure list from Open DART...
[20260529] Downloading 4 missing HTML documents...
[20260529] Downloaded 0/4 documents. (Total API calls: 149)
[20260528] Downloading 8 missing HTML documents...
[20260528] Downloaded 0/8 documents. (Total API calls: 157)
[20260527] Downloading 5 missing HTML documents...
[20260527] Downloaded 0/5 documents. (Total API calls: 162)
[20260526] Downloading 5 missing HTML documents...
[20260526] Downloaded 0/5 documents. (Total API calls: 167)
[20260525] Fetching disclosure list from Open DART...
[20260524] Fetching disclosure list from Open DART...
[20260523] Fetching disclosure list from Open DART...
[20260522] Downloading 3 missing HTML documents...
[20260522] Downloaded 0/3 documents. (Total API calls: 173)
[20260521] Downloading 7 missing HTML documents...
[20260521] Downloaded 0/7 documents. (Total API calls: 180)
[20260520] Downloading 5 missing HTML documents...
[20260520] Downloaded 0/5 documents. (Total API calls: 185)
[20260519] Downloading 9 missing HTML documents...
[20260519] Downloaded 0/9 documents. (Total API calls: 194)
[20260518] Downloading 4 missing HTML documents...
[20260518] Downloaded 0/4 documents. (Total API calls: 198)
[20260517] Fetching disclosure list from Open DART...
[20260516] Fetching disclosure list from Open DART...
[20260515] Downloading 4 missing HTML documents...
[20260515] Downloaded 0/4 documents. (Total API calls: 204)
[20260514] Downloading 8 missing HTML documents...
[20260514] Downloaded 0/8 documents. (Total API calls: 212)
[20260513] Downloading 8 missing HTML documents...
[20260513] Downloaded 0/8 documents. (Total API calls: 220)
[20260512] Downloading 3 missing HTML documents...
[20260512] Downloaded 0/3 documents. (Total API calls: 223)
[20260511] Downloading 4 missing HTML documents...
[20260511] Downloaded 0/4 documents. (Total API calls: 227)
[20260510] Fetching disclosure list from Open DART...
[20260509] Fetching disclosure list from Open DART...
[20260508] Downloading 4 missing HTML documents...
[20260508] Downloaded 0/4 documents. (Total API calls: 233)
[20260507] Downloading 8 missing HTML documents...
[20260507] Downloaded 0/8 documents. (Total API calls: 241)
[20260506] Downloading 3 missing HTML documents...
[20260506] Downloaded 0/3 documents. (Total API calls: 244)
[20260505] Fetching disclosure list from Open DART...
[20260504] Downloading 2 missing HTML documents...
[20260504] Downloaded 0/2 documents. (Total API calls: 247)
[20260503] Fetching disclosure list from Open DART...
[20260502] Fetching disclosure list from Open DART...
[20260501] Fetching disclosure list from Open DART...
[20260428] Downloading 2 missing HTML documents...
[20260428] Downloaded 0/2 documents. (Total API calls: 252)
[20260427] Downloading 1 missing HTML documents...
[20260427] Downloaded 0/1 documents. (Total API calls: 253)
[20260426] Fetching disclosure list from Open DART...
[20260425] Fetching disclosure list from Open DART...
[20260424] Downloading 7 missing HTML documents...
[20260424] Downloaded 0/7 documents. (Total API calls: 262)
[20260423] Downloading 5 missing HTML documents...
[20260423] Downloaded 0/5 documents. (Total API calls: 267)
[20260422] Downloading 2 missing HTML documents...
[20260422] Downloaded 0/2 documents. (Total API calls: 269)
[20260421] Downloading 1 missing HTML documents...
[20260421] Downloaded 0/1 documents. (Total API calls: 270)
[20260420] Downloading 6 missing HTML documents...
[20260420] Downloaded 0/6 documents. (Total API calls: 276)
[20260419] Fetching disclosure list from Open DART...
[20260418] Fetching disclosure list from Open DART...
[20260417] Downloading 4 missing HTML documents...
[20260417] Downloaded 0/4 documents. (Total API calls: 282)
[20260416] Downloading 4 missing HTML documents...
[20260416] Downloaded 0/4 documents. (Total API calls: 286)
[20260415] Downloading 7 missing HTML documents...
[20260415] Downloaded 0/7 documents. (Total API calls: 293)
[20260414] Downloading 5 missing HTML documents...
[20260414] Downloaded 0/5 documents. (Total API calls: 298)
[20260413] Downloading 2 missing HTML documents...
[20260413] Downloaded 0/2 documents. (Total API calls: 300)
[20260412] Fetching disclosure list from Open DART...
[20260411] Fetching disclosure list from Open DART...
[20260410] Downloading 3 missing HTML documents...
[20260410] Downloaded 0/3 documents. (Total API calls: 305)
[20260409] Downloading 4 missing HTML documents...
[20260409] Downloaded 0/4 documents. (Total API calls: 309)
[20260408] Downloading 2 missing HTML documents...
[20260408] Downloaded 0/2 documents. (Total API calls: 311)
[20260407] Downloading 2 missing HTML documents...
[20260407] Downloaded 0/2 documents. (Total API calls: 313)
[20260406] Downloading 2 missing HTML documents...
[20260406] Downloaded 0/2 documents. (Total API calls: 315)
[20260405] Fetching disclosure list from Open DART...
[20260404] Fetching disclosure list from Open DART...
[20260403] Downloading 2 missing HTML documents...
[20260403] Downloaded 0/2 documents. (Total API calls: 319)
[20260401] Downloading 1 missing HTML documents...
[20260401] Downloaded 0/1 documents. (Total API calls: 320)
[20260331] Downloading 9 missing HTML documents...
[20260331] Downloaded 0/9 documents. (Total API calls: 329)
[20260330] Downloading 6 missing HTML documents...
[20260330] Downloaded 0/6 documents. (Total API calls: 335)
[20260329] Fetching disclosure list from Open DART...
[20260328] Fetching disclosure list from Open DART...
[20260327] Downloading 2 missing HTML documents...
[20260327] Downloaded 0/2 documents. (Total API calls: 339)
[20260326] Downloading 9 missing HTML documents...
[20260326] Downloaded 0/9 documents. (Total API calls: 348)
[20260325] Downloading 3 missing HTML documents...
[20260325] Downloaded 0/3 documents. (Total API calls: 351)
[20260324] Downloading 1 missing HTML documents...
[20260324] Downloaded 0/1 documents. (Total API calls: 352)
[20260323] Downloading 17 missing HTML documents...
[20260323] Downloaded 0/17 documents. (Total API calls: 369)
[20260322] Fetching disclosure list from Open DART...
[20260321] Fetching disclosure list from Open DART...
[20260320] Downloading 14 missing HTML documents...
[20260320] Downloaded 0/14 documents. (Total API calls: 385)
[20260319] Downloading 26 missing HTML documents...
[20260319] Downloaded 0/26 documents. (Total API calls: 411)
[20260318] Downloading 15 missing HTML documents...
[20260318] Downloaded 0/15 documents. (Total API calls: 426)
[20260317] Downloading 17 missing HTML documents...
[20260317] Downloaded 0/17 documents. (Total API calls: 443)
[20260316] Downloading 15 missing HTML documents...
[20260316] Downloaded 0/15 documents. (Total API calls: 458)
[20260315] Fetching disclosure list from Open DART...
[20260314] Fetching disclosure list from Open DART...
[20260313] Downloading 22 missing HTML documents...
[20260313] Downloaded 0/22 documents. (Total API calls: 482)
[20260312] Downloading 16 missing HTML documents...
[20260312] Downloaded 0/16 documents. (Total API calls: 498)
[20260311] Downloading 18 missing HTML documents...
[20260311] Downloaded 0/18 documents. (Total API calls: 516)
[20260310] Downloading 3 missing HTML documents...
[20260310] Downloaded 0/3 documents. (Total API calls: 519)
[20260309] Downloading 3 missing HTML documents...
[20260309] Downloaded 0/3 documents. (Total API calls: 522)
[20260308] Fetching disclosure list from Open DART...
[20260307] Fetching disclosure list from Open DART...
[20260306] Downloading 8 missing HTML documents...
[20260306] Downloaded 0/8 documents. (Total API calls: 532)
[20260305] Downloading 8 missing HTML documents...
[20260305] Downloaded 0/8 documents. (Total API calls: 540)
[20260304] Downloading 4 missing HTML documents...
[20260304] Downloaded 0/4 documents. (Total API calls: 544)
[20260303] Downloading 6 missing HTML documents...
[20260303] Downloaded 0/6 documents. (Total API calls: 550)
[20260302] Fetching disclosure list from Open DART...
[20260301] Fetching disclosure list from Open DART...
[20260228] Fetching disclosure list from Open DART...
[20260227] Downloading 4 missing HTML documents...
[20260227] Downloaded 0/4 documents. (Total API calls: 557)
[20260226] Downloading 2 missing HTML documents...
[20260226] Downloaded 0/2 documents. (Total API calls: 559)
[20260225] Downloading 3 missing HTML documents...
[20260225] Downloaded 0/3 documents. (Total API calls: 562)
[20260222] Fetching disclosure list from Open DART...
[20260221] Fetching disclosure list from Open DART...
[20260220] Downloading 7 missing HTML documents...
[20260220] Downloaded 0/7 documents. (Total API calls: 571)
[20260219] Downloading 2 missing HTML documents...
[20260219] Downloaded 0/2 documents. (Total API calls: 573)
[20260218] Fetching disclosure list from Open DART...
[20260217] Fetching disclosure list from Open DART...
[20260216] Fetching disclosure list from Open DART...
[20260215] Fetching disclosure list from Open DART...
[20260214] Fetching disclosure list from Open DART...
[20260213] Downloading 5 missing HTML documents...
[20260213] Downloaded 0/5 documents. (Total API calls: 583)
[20260212] Downloading 4 missing HTML documents...
[20260212] Downloaded 0/4 documents. (Total API calls: 587)
[20260211] Downloading 1 missing HTML documents...
[20260211] Downloaded 0/1 documents. (Total API calls: 588)
[20260210] Downloading 7 missing HTML documents...
[20260210] Downloaded 0/7 documents. (Total API calls: 595)
[20260209] Downloading 6 missing HTML documents...
[20260209] Downloaded 0/6 documents. (Total API calls: 601)
[20260208] Fetching disclosure list from Open DART...
[20260207] Fetching disclosure list from Open DART...
[20260206] Downloading 3 missing HTML documents...
[20260206] Downloaded 0/3 documents. (Total API calls: 606)
[20260203] Downloading 1 missing HTML documents...
[20260203] Downloaded 0/1 documents. (Total API calls: 607)
[20260201] Fetching disclosure list from Open DART...
[20260131] Fetching disclosure list from Open DART...
[20260130] Downloading 8 missing HTML documents...
[20260130] Downloaded 0/8 documents. (Total API calls: 617)
[20260129] Downloading 3 missing HTML documents...
[20260129] Downloaded 0/3 documents. (Total API calls: 620)
[20260128] Downloading 3 missing HTML documents...
[20260128] Downloaded 0/3 documents. (Total API calls: 623)
[20260127] Downloading 1 missing HTML documents...
[20260127] Downloaded 0/1 documents. (Total API calls: 624)
[20260126] Downloading 1 missing HTML documents...
[20260126] Downloaded 0/1 documents. (Total API calls: 625)
[20260125] Fetching disclosure list from Open DART...
[20260124] Fetching disclosure list from Open DART...
[20260123] Downloading 4 missing HTML documents...
[20260123] Downloaded 0/4 documents. (Total API calls: 631)
[20260122] Downloading 2 missing HTML documents...
[20260122] Downloaded 0/2 documents. (Total API calls: 633)
[20260121] Downloading 2 missing HTML documents...
[20260121] Downloaded 0/2 documents. (Total API calls: 635)
[20260120] Downloading 1 missing HTML documents...
[20260120] Downloaded 0/1 documents. (Total API calls: 636)
[20260119] Downloading 2 missing HTML documents...
[20260119] Downloaded 0/2 documents. (Total API calls: 638)
[20260118] Fetching disclosure list from Open DART...
[20260117] Fetching disclosure list from Open DART...
[20260116] Downloading 1 missing HTML documents...
[20260116] Downloaded 0/1 documents. (Total API calls: 641)
[20260115] Downloading 1 missing HTML documents...
[20260115] Downloaded 0/1 documents. (Total API calls: 642)
[20260114] Downloading 4 missing HTML documents...
[20260114] Downloaded 0/4 documents. (Total API calls: 646)
[20260113] Downloading 3 missing HTML documents...
[20260113] Downloaded 0/3 documents. (Total API calls: 649)
[20260112] Downloading 1 missing HTML documents...
[20260112] Downloaded 0/1 documents. (Total API calls: 650)
[20260111] Fetching disclosure list from Open DART...
[20260110] Fetching disclosure list from Open DART...
[20260109] Downloading 1 missing HTML documents...
[20260109] Downloaded 0/1 documents. (Total API calls: 653)
[20260108] Downloading 2 missing HTML documents...
[20260108] Downloaded 0/2 documents. (Total API calls: 655)
[20260107] Downloading 1 missing HTML documents...
[20260107] Downloaded 0/1 documents. (Total API calls: 656)
[20260106] Downloading 1 missing HTML documents...
[20260106] Downloaded 0/1 documents. (Total API calls: 657)
[20260104] Fetching disclosure list from Open DART...
[20260103] Fetching disclosure list from Open DART...
[20260102] Downloading 1 missing HTML documents...
[20260102] Downloaded 0/1 documents. (Total API calls: 660)
[20260101] Fetching disclosure list from Open DART...
Historical collection run finished. Total API calls in this run: 661
Total dates to process: 194 (from 20260713 down to 20260101)
[20260713] Fetching disclosure list from Open DART...
[20260713] Saved 0 filtered disclosures.
[20260712] Fetching disclosure list from Open DART...
[20260711] Fetching disclosure list from Open DART...
[20260710] Downloading 7 missing HTML documents...
[20260710] Downloaded 0/7 documents. (Total API calls: 10)
[20260709] Downloading 8 missing HTML documents...
[20260709] Downloaded 0/8 documents. (Total API calls: 18)
[20260708] Downloading 2 missing HTML documents...
[20260708] Downloaded 0/2 documents. (Total API calls: 20)
[20260707] Downloading 4 missing HTML documents...
[20260707] Downloaded 0/4 documents. (Total API calls: 24)
[20260706] Downloading 3 missing HTML documents...
[20260706] Downloaded 0/3 documents. (Total API calls: 27)
[20260705] Fetching disclosure list from Open DART...
[20260704] Fetching disclosure list from Open DART...
[20260703] Downloading 7 missing HTML documents...
[20260703] Downloaded 0/7 documents. (Total API calls: 36)
[20260702] Downloading 2 missing HTML documents...
[20260702] Downloaded 0/2 documents. (Total API calls: 38)
[20260701] Downloading 3 missing HTML documents...
[20260701] Downloaded 0/3 documents. (Total API calls: 41)
[20260630] Downloading 5 missing HTML documents...
[20260630] Downloaded 0/5 documents. (Total API calls: 46)
[20260629] Downloading 4 missing HTML documents...
[20260629] Downloaded 0/4 documents. (Total API calls: 50)
[20260628] Fetching disclosure list from Open DART...
[20260627] Fetching disclosure list from Open DART...
[20260626] Downloading 5 missing HTML documents...
[20260626] Downloaded 0/5 documents. (Total API calls: 57)
[20260625] Downloading 4 missing HTML documents...
[20260625] Downloaded 0/4 documents. (Total API calls: 61)
[20260624] Downloading 5 missing HTML documents...
[20260624] Downloaded 0/5 documents. (Total API calls: 66)
[20260623] Downloading 2 missing HTML documents...
[20260623] Downloaded 0/2 documents. (Total API calls: 68)
[20260622] Downloading 5 missing HTML documents...
[20260622] Downloaded 0/5 documents. (Total API calls: 73)
[20260621] Fetching disclosure list from Open DART...
[20260620] Fetching disclosure list from Open DART...
[20260619] Downloading 4 missing HTML documents...
[20260619] Downloaded 0/4 documents. (Total API calls: 79)
[20260618] Downloading 5 missing HTML documents...
[20260618] Downloaded 0/5 documents. (Total API calls: 84)
[20260617] Downloading 3 missing HTML documents...
[20260617] Downloaded 0/3 documents. (Total API calls: 87)
[20260616] Downloading 7 missing HTML documents...
[20260616] Downloaded 0/7 documents. (Total API calls: 94)
[20260615] Downloading 1 missing HTML documents...
[20260615] Downloaded 0/1 documents. (Total API calls: 95)
[20260614] Fetching disclosure list from Open DART...
[20260613] Fetching disclosure list from Open DART...
[20260612] Downloading 7 missing HTML documents...
[20260612] Downloaded 0/7 documents. (Total API calls: 104)
[20260611] Downloading 6 missing HTML documents...
[20260611] Downloaded 0/6 documents. (Total API calls: 110)
[20260610] Downloading 3 missing HTML documents...
[20260610] Downloaded 0/3 documents. (Total API calls: 113)
[20260609] Downloading 1 missing HTML documents...
[20260609] Downloaded 0/1 documents. (Total API calls: 114)
[20260608] Downloading 6 missing HTML documents...
[20260608] Downloaded 0/6 documents. (Total API calls: 120)
[20260607] Fetching disclosure list from Open DART...
[20260606] Fetching disclosure list from Open DART...
[20260605] Downloading 8 missing HTML documents...
[20260605] Downloaded 0/8 documents. (Total API calls: 130)
[20260604] Downloading 4 missing HTML documents...
[20260604] Downloaded 0/4 documents. (Total API calls: 134)
[20260603] Fetching disclosure list from Open DART...
[20260602] Downloading 4 missing HTML documents...
[20260602] Downloaded 0/4 documents. (Total API calls: 139)
[20260601] Downloading 5 missing HTML documents...
[20260601] Downloaded 0/5 documents. (Total API calls: 144)
[20260531] Fetching disclosure list from Open DART...
[20260530] Fetching disclosure list from Open DART...
[20260529] Downloading 4 missing HTML documents...
[20260529] Downloaded 0/4 documents. (Total API calls: 150)
[20260528] Downloading 8 missing HTML documents...
[20260528] Downloaded 0/8 documents. (Total API calls: 158)
[20260527] Downloading 5 missing HTML documents...
[20260527] Downloaded 0/5 documents. (Total API calls: 163)
[20260526] Downloading 5 missing HTML documents...
[20260526] Downloaded 0/5 documents. (Total API calls: 168)
[20260525] Fetching disclosure list from Open DART...
[20260524] Fetching disclosure list from Open DART...
[20260523] Fetching disclosure list from Open DART...
[20260522] Downloading 3 missing HTML documents...
[20260522] Downloaded 0/3 documents. (Total API calls: 174)
[20260521] Downloading 7 missing HTML documents...
[20260521] Downloaded 0/7 documents. (Total API calls: 181)
[20260520] Downloading 5 missing HTML documents...
[20260520] Downloaded 0/5 documents. (Total API calls: 186)
[20260519] Downloading 9 missing HTML documents...
[20260519] Downloaded 0/9 documents. (Total API calls: 195)
[20260518] Downloading 4 missing HTML documents...
[20260518] Downloaded 0/4 documents. (Total API calls: 199)
[20260517] Fetching disclosure list from Open DART...
[20260516] Fetching disclosure list from Open DART...
[20260515] Downloading 4 missing HTML documents...
[20260515] Downloaded 0/4 documents. (Total API calls: 205)
[20260514] Downloading 8 missing HTML documents...
[20260514] Downloaded 0/8 documents. (Total API calls: 213)
[20260513] Downloading 8 missing HTML documents...
[20260513] Downloaded 0/8 documents. (Total API calls: 221)
[20260512] Downloading 3 missing HTML documents...
[20260512] Downloaded 0/3 documents. (Total API calls: 224)
[20260511] Downloading 4 missing HTML documents...
[20260511] Downloaded 0/4 documents. (Total API calls: 228)
[20260510] Fetching disclosure list from Open DART...
[20260509] Fetching disclosure list from Open DART...
[20260508] Downloading 4 missing HTML documents...
[20260508] Downloaded 0/4 documents. (Total API calls: 234)
[20260507] Downloading 8 missing HTML documents...
[20260507] Downloaded 0/8 documents. (Total API calls: 242)
[20260506] Downloading 3 missing HTML documents...
[20260506] Downloaded 0/3 documents. (Total API calls: 245)
[20260505] Fetching disclosure list from Open DART...
[20260504] Downloading 2 missing HTML documents...
[20260504] Downloaded 0/2 documents. (Total API calls: 248)
[20260503] Fetching disclosure list from Open DART...
[20260502] Fetching disclosure list from Open DART...
[20260501] Fetching disclosure list from Open DART...
[20260428] Downloading 2 missing HTML documents...
[20260428] Downloaded 0/2 documents. (Total API calls: 253)
[20260427] Downloading 1 missing HTML documents...
[20260427] Downloaded 0/1 documents. (Total API calls: 254)
[20260426] Fetching disclosure list from Open DART...
[20260425] Fetching disclosure list from Open DART...
[20260424] Downloading 7 missing HTML documents...
[20260424] Downloaded 0/7 documents. (Total API calls: 263)
[20260423] Downloading 5 missing HTML documents...
[20260423] Downloaded 0/5 documents. (Total API calls: 268)
[20260422] Downloading 2 missing HTML documents...
[20260422] Downloaded 0/2 documents. (Total API calls: 270)
[20260421] Downloading 1 missing HTML documents...
[20260421] Downloaded 0/1 documents. (Total API calls: 271)
[20260420] Downloading 6 missing HTML documents...
[20260420] Downloaded 0/6 documents. (Total API calls: 277)
[20260419] Fetching disclosure list from Open DART...
[20260418] Fetching disclosure list from Open DART...
[20260417] Downloading 4 missing HTML documents...
[20260417] Downloaded 0/4 documents. (Total API calls: 283)
[20260416] Downloading 4 missing HTML documents...
[20260416] Downloaded 0/4 documents. (Total API calls: 287)
[20260415] Downloading 7 missing HTML documents...
[20260415] Downloaded 0/7 documents. (Total API calls: 294)
[20260414] Downloading 5 missing HTML documents...
[20260414] Downloaded 0/5 documents. (Total API calls: 299)
[20260413] Downloading 2 missing HTML documents...
[20260413] Downloaded 0/2 documents. (Total API calls: 301)
[20260412] Fetching disclosure list from Open DART...
[20260411] Fetching disclosure list from Open DART...
[20260410] Downloading 3 missing HTML documents...
[20260410] Downloaded 0/3 documents. (Total API calls: 306)
[20260409] Downloading 4 missing HTML documents...
[20260409] Downloaded 0/4 documents. (Total API calls: 310)
[20260408] Downloading 2 missing HTML documents...
[20260408] Downloaded 0/2 documents. (Total API calls: 312)
[20260407] Downloading 2 missing HTML documents...
[20260407] Downloaded 0/2 documents. (Total API calls: 314)
[20260406] Downloading 2 missing HTML documents...
[20260406] Downloaded 0/2 documents. (Total API calls: 316)
[20260405] Fetching disclosure list from Open DART...
[20260404] Fetching disclosure list from Open DART...
[20260403] Downloading 2 missing HTML documents...
[20260403] Downloaded 0/2 documents. (Total API calls: 320)
[20260401] Downloading 1 missing HTML documents...
[20260401] Downloaded 0/1 documents. (Total API calls: 321)
[20260331] Downloading 9 missing HTML documents...
[20260331] Downloaded 0/9 documents. (Total API calls: 330)
[20260330] Downloading 6 missing HTML documents...
[20260330] Downloaded 0/6 documents. (Total API calls: 336)
[20260329] Fetching disclosure list from Open DART...
[20260328] Fetching disclosure list from Open DART...
[20260327] Downloading 2 missing HTML documents...
[20260327] Downloaded 0/2 documents. (Total API calls: 340)
[20260326] Downloading 9 missing HTML documents...
[20260326] Downloaded 0/9 documents. (Total API calls: 349)
[20260325] Downloading 3 missing HTML documents...
[20260325] Downloaded 0/3 documents. (Total API calls: 352)
[20260324] Downloading 1 missing HTML documents...
[20260324] Downloaded 0/1 documents. (Total API calls: 353)
[20260323] Downloading 17 missing HTML documents...
[20260323] Downloaded 0/17 documents. (Total API calls: 370)
[20260322] Fetching disclosure list from Open DART...
[20260321] Fetching disclosure list from Open DART...
[20260320] Downloading 14 missing HTML documents...
[20260320] Downloaded 0/14 documents. (Total API calls: 386)
[20260319] Downloading 26 missing HTML documents...
[20260319] Downloaded 0/26 documents. (Total API calls: 412)
[20260318] Downloading 15 missing HTML documents...
[20260318] Downloaded 0/15 documents. (Total API calls: 427)
[20260317] Downloading 17 missing HTML documents...
[20260317] Downloaded 0/17 documents. (Total API calls: 444)
[20260316] Downloading 15 missing HTML documents...
[20260316] Downloaded 0/15 documents. (Total API calls: 459)
[20260315] Fetching disclosure list from Open DART...
[20260314] Fetching disclosure list from Open DART...
[20260313] Downloading 22 missing HTML documents...
[20260313] Downloaded 0/22 documents. (Total API calls: 483)
[20260312] Downloading 16 missing HTML documents...
[20260312] Downloaded 0/16 documents. (Total API calls: 499)
[20260311] Downloading 18 missing HTML documents...
[20260311] Downloaded 0/18 documents. (Total API calls: 517)
[20260310] Downloading 3 missing HTML documents...
[20260310] Downloaded 0/3 documents. (Total API calls: 520)
[20260309] Downloading 3 missing HTML documents...
[20260309] Downloaded 0/3 documents. (Total API calls: 523)
[20260308] Fetching disclosure list from Open DART...
[20260307] Fetching disclosure list from Open DART...
[20260306] Downloading 8 missing HTML documents...
[20260306] Downloaded 0/8 documents. (Total API calls: 533)
[20260305] Downloading 8 missing HTML documents...
[20260305] Downloaded 0/8 documents. (Total API calls: 541)
[20260304] Downloading 4 missing HTML documents...
[20260304] Downloaded 0/4 documents. (Total API calls: 545)
[20260303] Downloading 6 missing HTML documents...
[20260303] Downloaded 0/6 documents. (Total API calls: 551)
[20260302] Fetching disclosure list from Open DART...
[20260301] Fetching disclosure list from Open DART...
[20260228] Fetching disclosure list from Open DART...
[20260227] Downloading 4 missing HTML documents...
[20260227] Downloaded 0/4 documents. (Total API calls: 558)
[20260226] Downloading 2 missing HTML documents...
[20260226] Downloaded 0/2 documents. (Total API calls: 560)
[20260225] Downloading 3 missing HTML documents...
[20260225] Downloaded 0/3 documents. (Total API calls: 563)
[20260222] Fetching disclosure list from Open DART...
[20260221] Fetching disclosure list from Open DART...
[20260220] Downloading 7 missing HTML documents...
[20260220] Downloaded 0/7 documents. (Total API calls: 572)
[20260219] Downloading 2 missing HTML documents...
[20260219] Downloaded 0/2 documents. (Total API calls: 574)
[20260218] Fetching disclosure list from Open DART...
[20260217] Fetching disclosure list from Open DART...
[20260216] Fetching disclosure list from Open DART...
[20260215] Fetching disclosure list from Open DART...
[20260214] Fetching disclosure list from Open DART...
[20260213] Downloading 5 missing HTML documents...
[20260213] Downloaded 0/5 documents. (Total API calls: 584)
[20260212] Downloading 4 missing HTML documents...
[20260212] Downloaded 0/4 documents. (Total API calls: 588)
[20260211] Downloading 1 missing HTML documents...
[20260211] Downloaded 0/1 documents. (Total API calls: 589)
[20260210] Downloading 7 missing HTML documents...
[20260210] Downloaded 0/7 documents. (Total API calls: 596)
[20260209] Downloading 6 missing HTML documents...
[20260209] Downloaded 0/6 documents. (Total API calls: 602)
[20260208] Fetching disclosure list from Open DART...
[20260207] Fetching disclosure list from Open DART...
[20260206] Downloading 3 missing HTML documents...
[20260206] Downloaded 0/3 documents. (Total API calls: 607)
[20260203] Downloading 1 missing HTML documents...
[20260203] Downloaded 0/1 documents. (Total API calls: 608)
[20260201] Fetching disclosure list from Open DART...
[20260131] Fetching disclosure list from Open DART...
[20260130] Downloading 8 missing HTML documents...
[20260130] Downloaded 0/8 documents. (Total API calls: 618)
[20260129] Downloading 3 missing HTML documents...
[20260129] Downloaded 0/3 documents. (Total API calls: 621)
[20260128] Downloading 3 missing HTML documents...
[20260128] Downloaded 0/3 documents. (Total API calls: 624)
[20260127] Downloading 1 missing HTML documents...
[20260127] Downloaded 0/1 documents. (Total API calls: 625)
[20260126] Downloading 1 missing HTML documents...
[20260126] Downloaded 0/1 documents. (Total API calls: 626)
[20260125] Fetching disclosure list from Open DART...
[20260124] Fetching disclosure list from Open DART...
[20260123] Downloading 4 missing HTML documents...
[20260123] Downloaded 0/4 documents. (Total API calls: 632)
[20260122] Downloading 2 missing HTML documents...
[20260122] Downloaded 0/2 documents. (Total API calls: 634)
[20260121] Downloading 2 missing HTML documents...
[20260121] Downloaded 0/2 documents. (Total API calls: 636)
[20260120] Downloading 1 missing HTML documents...
[20260120] Downloaded 0/1 documents. (Total API calls: 637)
[20260119] Downloading 2 missing HTML documents...
[20260119] Downloaded 0/2 documents. (Total API calls: 639)
[20260118] Fetching disclosure list from Open DART...
[20260117] Fetching disclosure list from Open DART...
[20260116] Downloading 1 missing HTML documents...
[20260116] Downloaded 0/1 documents. (Total API calls: 642)
[20260115] Downloading 1 missing HTML documents...
[20260115] Downloaded 0/1 documents. (Total API calls: 643)
[20260114] Downloading 4 missing HTML documents...
[20260114] Downloaded 0/4 documents. (Total API calls: 647)
[20260113] Downloading 3 missing HTML documents...
[20260113] Downloaded 0/3 documents. (Total API calls: 650)
[20260112] Downloading 1 missing HTML documents...
[20260112] Downloaded 0/1 documents. (Total API calls: 651)
[20260111] Fetching disclosure list from Open DART...
[20260110] Fetching disclosure list from Open DART...
[20260109] Downloading 1 missing HTML documents...
[20260109] Downloaded 0/1 documents. (Total API calls: 654)
[20260108] Downloading 2 missing HTML documents...
[20260108] Downloaded 0/2 documents. (Total API calls: 656)
[20260107] Downloading 1 missing HTML documents...
[20260107] Downloaded 0/1 documents. (Total API calls: 657)
[20260106] Downloading 1 missing HTML documents...
[20260106] Downloaded 0/1 documents. (Total API calls: 658)
[20260104] Fetching disclosure list from Open DART...
[20260103] Fetching disclosure list from Open DART...
[20260102] Downloading 1 missing HTML documents...
[20260102] Downloaded 0/1 documents. (Total API calls: 661)
[20260101] Fetching disclosure list from Open DART...
Historical collection run finished. Total API calls in this run: 662
