KRX 로그인 실패: KRX_ID 또는 KRX_PW 환경 변수가 설정되지 않았습니다.
[2026-07-09 01:57:51,720] INFO - Loaded 7784 closing prices from cache.
Backfill 20240101~20251111: 487 business days, 1 done, 486 to go. Keys: 2
  [20251110800080] Exception: HTTPSConnectionPool(host='opendart.fss.or.kr', port=443): Read timed out. (read timeout=15)
  [20251110000013] Exception: HTTPSConnectionPool(host='opendart.fss.or.kr', port=443): Read timed out. (read timeout=15)
[20251110] disclosures 367, html downloaded 142 (1/486, 48s)
KRX 로그인 실패: KRX_ID 또는 KRX_PW 환경 변수가 설정되지 않았습니다.
[2026-07-09 02:00:20,248] INFO - Loaded 7784 closing prices from cache.
Backfill 20240101~20251111: 487 business days, 2 done, 485 to go. Keys: 2
  [20251107900279] Exception: HTTPSConnectionPool(host='opendart.fss.or.kr', port=443): Read timed out. (read timeout=15)
[20251107] disclosures 508, html downloaded 146 (1/485, 37s)
  [20251106800715] Exception: HTTPSConnectionPool(host='opendart.fss.or.kr', port=443): Read timed out. (read timeout=15)
  [20251106800684] Exception: HTTPSConnectionPool(host='opendart.fss.or.kr', port=443): Read timed out. (read timeout=15)
  [20251106000391] Exception: HTTPSConnectionPool(host='opendart.fss.or.kr', port=443): Read timed out. (read timeout=15)
  [20251106000373] Exception: HTTPSConnectionPool(host='opendart.fss.or.kr', port=443): Read timed out. (read timeout=15)
  [20251106000339] Exception: HTTPSConnectionPool(host='opendart.fss.or.kr', port=443): Read timed out. (read timeout=15)
  [20251106000325] Exception: HTTPSConnectionPool(host='opendart.fss.or.kr', port=443): Read timed out. (read timeout=15)
  [20251106000283] Exception: HTTPSConnectionPool(host='opendart.fss.or.kr', port=443): Read timed out. (read timeout=15)
  [20251106000271] Exception: HTTPSConnectionPool(host='opendart.fss.or.kr', port=443): Read timed out. (read timeout=15)
[20251106] disclosures 443, html downloaded 191 (2/485, 184s)
  [20251105000292] Exception: HTTPSConnectionPool(host='opendart.fss.or.kr', port=443): Read timed out. (read timeout=15)
  [20251105100067] Error: 파일이 존재하지 않습니다. (status: 014)
  [20251105100067] Error: 파일이 존재하지 않습니다. (status: 014)
[20251105] disclosures 349, html downloaded 126 (3/485, 219s)
[20251104-20251104 | None] Request failed: HTTPSConnectionPool(host='opendart.fss.or.kr', port=443): Read timed out. (read timeout=15)
  [20251104000333] Exception: HTTPSConnectionPool(host='opendart.fss.or.kr', port=443): Read timed out. (read timeout=15)
  [20251104000291] Error: 파일이 존재하지 않습니다. (status: 014)
  [20251104000282] Exception: HTTPSConnectionPool(host='opendart.fss.or.kr', port=443): Read timed out. (read timeout=15)
  [20251104000279] Exception: HTTPSConnectionPool(host='opendart.fss.or.kr', port=443): Read timed out. (read timeout=15)
  [20251104000291] Error: 파일이 존재하지 않습니다. (status: 014)
[20251104] disclosures 273, html downloaded 109 (4/485, 296s)
[20251103] disclosures 369, html downloaded 134 (5/485, 312s)
  [20251031000584] Exception: HTTPSConnectionPool(host='opendart.fss.or.kr', port=443): Read timed out. (read timeout=15)
  [20251031000563] Exception: HTTPSConnectionPool(host='opendart.fss.or.kr', port=443): Read timed out. (read timeout=15)
  [20251031000487] Exception: HTTPSConnectionPool(host='opendart.fss.or.kr', port=443): Read timed out. (read timeout=15)
  [20251031000471] Exception: HTTPSConnectionPool(host='opendart.fss.or.kr', port=443): Read timed out. (read timeout=15)
  [20251031000417] Exception: HTTPSConnectionPool(host='opendart.fss.or.kr', port=443): Read timed out. (read timeout=15)
  [20251031900595] Exception: HTTPSConnectionPool(host='opendart.fss.or.kr', port=443): Read timed out. (read timeout=15)
  [20251031000437] Exception: HTTPSConnectionPool(host='opendart.fss.or.kr', port=443): Read timed out. (read timeout=15)
  [20251031900695] Exception: HTTPSConnectionPool(host='opendart.fss.or.kr', port=443): Read timed out. (read timeout=15)
  [20251031000341] Error: 파일이 존재하지 않습니다. (status: 014)
  [20251031000117] Error: 파일이 존재하지 않습니다. (status: 014)
  [20251031000341] Error: 파일이 존재하지 않습니다. (status: 014)
  [20251031000117] Error: 파일이 존재하지 않습니다. (status: 014)
[20251031] disclosures 582, html downloaded 259 (6/485, 468s)
  [20251030000543] Error: 파일이 존재하지 않습니다. (status: 014)
  [20251030000414] Error: 파일이 존재하지 않습니다. (status: 014)
  [20251030000443] Error: 파일이 존재하지 않습니다. (status: 014)
  [20251030900391] Exception: HTTPSConnectionPool(host='opendart.fss.or.kr', port=443): Read timed out. (read timeout=15)
  [20251030000543] Error: 파일이 존재하지 않습니다. (status: 014)
  [20251030000414] Error: 파일이 존재하지 않습니다. (status: 014)
  [20251030000443] Error: 파일이 존재하지 않습니다. (status: 014)
[20251030] disclosures 432, html downloaded 122 (7/485, 503s)
[20251029-20251029 | None] Request failed: HTTPSConnectionPool(host='opendart.fss.or.kr', port=443): Read timed out. (read timeout=15)
  [20251029000395] Exception: HTTPSConnectionPool(host='opendart.fss.or.kr', port=443): Read timed out. (read timeout=15)
  [20251029000382] Exception: HTTPSConnectionPool(host='opendart.fss.or.kr', port=443): Read timed out. (read timeout=15)
[20251029] disclosures 57, html downloaded 25 (8/485, 554s)
  [20251028800701] Exception: HTTPSConnectionPool(host='opendart.fss.or.kr', port=443): Read timed out. (read timeout=15)
  [20251028000353] Exception: HTTPSConnectionPool(host='opendart.fss.or.kr', port=443): Read timed out. (read timeout=15)
  [20251028000371] Exception: HTTPSConnectionPool(host='opendart.fss.or.kr', port=443): Read timed out. (read timeout=15)
  [20251028000263] Error: 파일이 존재하지 않습니다. (status: 014)
  [20251028000149] Exception: HTTPSConnectionPool(host='opendart.fss.or.kr', port=443): Read timed out. (read timeout=15)
  [20251028000038] Error: 파일이 존재하지 않습니다. (status: 014)
  [20251028000263] Error: 파일이 존재하지 않습니다. (status: 014)
  [20251028000038] Error: 파일이 존재하지 않습니다. (status: 014)
[20251028] disclosures 403, html downloaded 165 (9/485, 638s)
  [20251027900370] Exception: HTTPSConnectionPool(host='opendart.fss.or.kr', port=443): Read timed out. (read timeout=15)
  [20251027000236] Exception: HTTPSConnectionPool(host='opendart.fss.or.kr', port=443): Read timed out. (read timeout=15)
  [20251027000206] Exception: HTTPSConnectionPool(host='opendart.fss.or.kr', port=443): Read timed out. (read timeout=15)
  [20251027000178] Exception: HTTPSConnectionPool(host='opendart.fss.or.kr', port=443): Read timed out. (read timeout=15)
[20251027] disclosures 368, html downloaded 145 (10/485, 719s)
  [20251024000501] Exception: HTTPSConnectionPool(host='opendart.fss.or.kr', port=443): Read timed out. (read timeout=15)
  [20251024000420] Error: 파일이 존재하지 않습니다. (status: 014)
  [20251024000420] Error: 파일이 존재하지 않습니다. (status: 014)
[20251024] disclosures 362, html downloaded 132 (11/485, 754s)
  [20251023100001] Error: 파일이 존재하지 않습니다. (status: 014)
  [20251023100001] Error: 파일이 존재하지 않습니다. (status: 014)
[20251023] disclosures 288, html downloaded 120 (12/485, 773s)
  [20251022000294] Error: 파일이 존재하지 않습니다. (status: 014)
  [20251022000161] Error: 파일이 존재하지 않습니다. (status: 014)
  [20251022000294] Error: 파일이 존재하지 않습니다. (status: 014)
  [20251022000161] Error: 파일이 존재하지 않습니다. (status: 014)
[20251022] disclosures 324, html downloaded 130 (13/485, 792s)
  [20251021800557] Error: 파일이 존재하지 않습니다. (status: 014)
  [20251021000390] Exception: HTTPSConnectionPool(host='opendart.fss.or.kr', port=443): Read timed out. (read timeout=15)
  [20251021900492] Exception: HTTPSConnectionPool(host='opendart.fss.or.kr', port=443): Read timed out. (read timeout=15)
  [20251021000375] Exception: HTTPSConnectionPool(host='opendart.fss.or.kr', port=443): Read timed out. (read timeout=15)
  [20251021000372] Exception: HTTPSConnectionPool(host='opendart.fss.or.kr', port=443): Read timed out. (read timeout=15)
  [20251021000369] Exception: HTTPSConnectionPool(host='opendart.fss.or.kr', port=443): Read timed out. (read timeout=15)
  [20251021000342] Exception: HTTPSConnectionPool(host='opendart.fss.or.kr', port=443): Read timed out. (read timeout=15)
  [20251021000249] Error: 파일이 존재하지 않습니다. (status: 014)
  [20251021000260] Exception: HTTPSConnectionPool(host='opendart.fss.or.kr', port=443): Read timed out. (read timeout=15)
  [20251021800557] Error: 파일이 존재하지 않습니다. (status: 014)
  [20251021000249] Error: 파일이 존재하지 않습니다. (status: 014)
[20251021] disclosures 305, html downloaded 105 (14/485, 914s)
[20251020] disclosures 319, html downloaded 122 (15/485, 929s)
  [20251017000451] Error: 파일이 존재하지 않습니다. (status: 014)
  [20251017000442] Error: 파일이 존재하지 않습니다. (status: 014)
  [20251017800437] Exception: HTTPSConnectionPool(host='opendart.fss.or.kr', port=443): Read timed out. (read timeout=15)
  [20251017000289] Exception: HTTPSConnectionPool(host='opendart.fss.or.kr', port=443): Read timed out. (read timeout=15)
  [20251017000105] Error: 파일이 존재하지 않습니다. (status: 014)
  [20251017000084] Exception: HTTPSConnectionPool(host='opendart.fss.or.kr', port=443): Read timed out. (read timeout=15)
  [20251017000018] Exception: HTTPSConnectionPool(host='opendart.fss.or.kr', port=443): Read timed out. (read timeout=15)
  [20251017000451] Error: 파일이 존재하지 않습니다. (status: 014)
  [20251017000442] Error: 파일이 존재하지 않습니다. (status: 014)
  [20251017000105] Error: 파일이 존재하지 않습니다. (status: 014)
[20251017] disclosures 329, html downloaded 132 (16/485, 1010s)
  [20251016900517] Exception: HTTPSConnectionPool(host='opendart.fss.or.kr', port=443): Read timed out. (read timeout=15)
  [20251016000342] Exception: HTTPSConnectionPool(host='opendart.fss.or.kr', port=443): Read timed out. (read timeout=15)
  [20251016000328] Exception: HTTPSConnectionPool(host='opendart.fss.or.kr', port=443): Read timed out. (read timeout=15)
  [20251016900326] Exception: HTTPSConnectionPool(host='opendart.fss.or.kr', port=443): Read timed out. (read timeout=15)
  [20251016000175] Error: 파일이 존재하지 않습니다. (status: 014)
  [20251016000175] Error: 파일이 존재하지 않습니다. (status: 014)
[20251016] disclosures 312, html downloaded 123 (17/485, 1089s)
  [20251015000348] Error: 파일이 존재하지 않습니다. (status: 014)
  [20251015000176] Error: 파일이 존재하지 않습니다. (status: 014)
  [20251015000348] Error: 파일이 존재하지 않습니다. (status: 014)
  [20251015000176] Error: 파일이 존재하지 않습니다. (status: 014)
[20251015] disclosures 333, html downloaded 129 (18/485, 1108s)
  [20251014000388] Exception: HTTPSConnectionPool(host='opendart.fss.or.kr', port=443): Read timed out. (read timeout=15)
  [20251014000028] Exception: HTTPSConnectionPool(host='opendart.fss.or.kr', port=443): Read timed out. (read timeout=15)
  [20251014800002] Exception: HTTPSConnectionPool(host='opendart.fss.or.kr', port=443): Read timed out. (read timeout=15)
[20251014] disclosures 302, html downloaded 134 (19/485, 1173s)
  [20251013000280] Exception: HTTPSConnectionPool(host='opendart.fss.or.kr', port=443): Read timed out. (read timeout=15)
  [20251013800099] Exception: HTTPSConnectionPool(host='opendart.fss.or.kr', port=443): Read timed out. (read timeout=15)
[20251013] disclosures 291, html downloaded 115 (20/485, 1220s)
  [20251010000375] Exception: HTTPSConnectionPool(host='opendart.fss.or.kr', port=443): Read timed out. (read timeout=15)
  [20251010000327] Exception: HTTPSConnectionPool(host='opendart.fss.or.kr', port=443): Read timed out. (read timeout=15)
  [20251010000297] Exception: HTTPSConnectionPool(host='opendart.fss.or.kr', port=443): Read timed out. (read timeout=15)
  [20251010000301] Exception: HTTPSConnectionPool(host='opendart.fss.or.kr', port=443): Read timed out. (read timeout=15)
  [20251010000247] Exception: HTTPSConnectionPool(host='opendart.fss.or.kr', port=443): Read timed out. (read timeout=15)
  [20251010000134] Error: 파일이 존재하지 않습니다. (status: 014)
  [20251002000617] Exception: HTTPSConnectionPool(host='opendart.fss.or.kr', port=443): Read timed out. (read timeout=15)
  [20251010000134] Error: 파일이 존재하지 않습니다. (status: 014)
[20251010] disclosures 282, html downloaded 146 (21/485, 1331s)
[20251009] disclosures 0, html downloaded 0 (22/485, 1331s)
[20251008] disclosures 0, html downloaded 0 (23/485, 1331s)
[20251007] disclosures 0, html downloaded 0 (24/485, 1331s)
[20251006] disclosures 0, html downloaded 0 (25/485, 1331s)
[20251003] disclosures 0, html downloaded 0 (26/485, 1331s)
KRX 로그인 실패: KRX_ID 또는 KRX_PW 환경 변수가 설정되지 않았습니다.
[2026-07-09 02:24:05,088] INFO - Loaded 7784 closing prices from cache.
Backfill 20240101~20251111: 487 business days, 28 done, 459 to go. Keys: 2
[20251002] disclosures 436, html downloaded 53 (1/459, 7s)
[20251001-20251001 | None] Request failed: HTTPSConnectionPool(host='opendart.fss.or.kr', port=443): Read timed out. (read timeout=15)
[20251001] disclosures 59, html downloaded 24 (2/459, 25s)
  [20250930900981] Exception: HTTPSConnectionPool(host='opendart.fss.or.kr', port=443): Read timed out. (read timeout=15)
  [20250930800953] Exception: HTTPSConnectionPool(host='opendart.fss.or.kr', port=443): Read timed out. (read timeout=15)
  [20250930000748] Exception: HTTPSConnectionPool(host='opendart.fss.or.kr', port=443): Read timed out. (read timeout=15)
  [20250930800137] Error: 파일이 존재하지 않습니다. (status: 014)
  [20250930000143] Error: 파일이 존재하지 않습니다. (status: 014)
  [20250930800137] Error: 파일이 존재하지 않습니다. (status: 014)
  [20250930000143] Error: 파일이 존재하지 않습니다. (status: 014)
[20250930] disclosures 468, html downloaded 245 (3/459, 104s)
  [20250929000409] Error: 파일이 존재하지 않습니다. (status: 014)
  [20250929000348] Exception: HTTPSConnectionPool(host='opendart.fss.or.kr', port=443): Read timed out. (read timeout=15)
  [20250929900332] Exception: HTTPSConnectionPool(host='opendart.fss.or.kr', port=443): Read timed out. (read timeout=15)
  [20250929000245] Exception: HTTPSConnectionPool(host='opendart.fss.or.kr', port=443): Read timed out. (read timeout=15)
  [20250929000217] Exception: HTTPSConnectionPool(host='opendart.fss.or.kr', port=443): Read timed out. (read timeout=15)
  [20250929800093] Exception: HTTPSConnectionPool(host='opendart.fss.or.kr', port=443): Read timed out. (read timeout=15)
  [20250929000409] Error: 파일이 존재하지 않습니다. (status: 014)
[20250929] disclosures 351, html downloaded 125 (4/459, 198s)
  [20250926800834] Exception: HTTPSConnectionPool(host='opendart.fss.or.kr', port=443): Read timed out. (read timeout=15)
  [20250926900813] Exception: HTTPSConnectionPool(host='opendart.fss.or.kr', port=443): Read timed out. (read timeout=15)
  [20250926000738] Exception: HTTPSConnectionPool(host='opendart.fss.or.kr', port=443): Read timed out. (read timeout=15)
  [20250926000447] Error: 파일이 존재하지 않습니다. (status: 014)
  [20250926000448] Error: 파일이 존재하지 않습니다. (status: 014)
  [20250926000189] Error: 파일이 존재하지 않습니다. (status: 014)
  [20250926000447] Error: 파일이 존재하지 않습니다. (status: 014)
  [20250926000448] Error: 파일이 존재하지 않습니다. (status: 014)
  [20250926000189] Error: 파일이 존재하지 않습니다. (status: 014)
[20250926] disclosures 420, html downloaded 203 (5/459, 271s)
  [20250925000637] Error: 파일이 존재하지 않습니다. (status: 014)
  [20250925000553] Exception: HTTPSConnectionPool(host='opendart.fss.or.kr', port=443): Read timed out. (read timeout=15)
  [20250925800485] Exception: HTTPSConnectionPool(host='opendart.fss.or.kr', port=443): Read timed out. (read timeout=15)
  [20250925000491] Exception: HTTPSConnectionPool(host='opendart.fss.or.kr', port=443): Read timed out. (read timeout=15)
  [20250925000460] Error: 파일이 존재하지 않습니다. (status: 014)
  [20250925000447] Exception: HTTPSConnectionPool(host='opendart.fss.or.kr', port=443): Read timed out. (read timeout=15)
  [20250925000439] Exception: HTTPSConnectionPool(host='opendart.fss.or.kr', port=443): Read timed out. (read timeout=15)
  [20250925000355] Exception: HTTPSConnectionPool(host='opendart.fss.or.kr', port=443): Read timed out. (read timeout=15)
  [20250925000121] Error: 파일이 존재하지 않습니다. (status: 014)
  [20250925800046] Exception: HTTPSConnectionPool(host='opendart.fss.or.kr', port=443): Read timed out. (read timeout=15)
  [20250925000637] Error: 파일이 존재하지 않습니다. (status: 014)
  [20250925000460] Error: 파일이 존재하지 않습니다. (status: 014)
  [20250925000121] Error: 파일이 존재하지 않습니다. (status: 014)
[20250925] disclosures 348, html downloaded 156 (6/459, 399s)
  [20250924000273] Exception: HTTPSConnectionPool(host='opendart.fss.or.kr', port=443): Read timed out. (read timeout=15)
[20250924] disclosures 307, html downloaded 127 (7/459, 433s)
[20250923] disclosures 270, html downloaded 98 (8/459, 445s)
[20250922] disclosures 274, html downloaded 120 (9/459, 459s)
[20250919-20250919 | None] Request failed: HTTPSConnectionPool(host='opendart.fss.or.kr', port=443): Read timed out. (read timeout=15)
[20250919] disclosures 19, html downloaded 4 (10/459, 476s)
  [20250918000377] Exception: HTTPSConnectionPool(host='opendart.fss.or.kr', port=443): Read timed out. (read timeout=15)
  [20250918000369] Exception: HTTPSConnectionPool(host='opendart.fss.or.kr', port=443): Read timed out. (read timeout=15)
  [20250918000344] Error: 파일이 존재하지 않습니다. (status: 014)
  [20250918000320] Exception: HTTPSConnectionPool(host='opendart.fss.or.kr', port=443): Read timed out. (read timeout=15)
  [20250918000301] Exception: HTTPSConnectionPool(host='opendart.fss.or.kr', port=443): Read timed out. (read timeout=15)
  [20250918800269] Exception: HTTPSConnectionPool(host='opendart.fss.or.kr', port=443): Read timed out. (read timeout=15)
  [20250918000273] Error: 파일이 존재하지 않습니다. (status: 014)
  [20250918000287] Exception: HTTPSConnectionPool(host='opendart.fss.or.kr', port=443): Read timed out. (read timeout=15)
  [20250918000258] Exception: HTTPSConnectionPool(host='opendart.fss.or.kr', port=443): Read timed out. (read timeout=15)
  [20250918000065] Error: 파일이 존재하지 않습니다. (status: 014)
  [20250918000344] Error: 파일이 존재하지 않습니다. (status: 014)
  [20250918000273] Error: 파일이 존재하지 않습니다. (status: 014)
  [20250918000065] Error: 파일이 존재하지 않습니다. (status: 014)
[20250918] disclosures 252, html downloaded 101 (11/459, 597s)
[20250917] disclosures 282, html downloaded 110 (12/459, 610s)
  [20250916000043] Error: 파일이 존재하지 않습니다. (status: 014)
  [20250916000023] Exception: HTTPSConnectionPool(host='opendart.fss.or.kr', port=443): Read timed out. (read timeout=15)
  [20250916000008] Error: 파일이 존재하지 않습니다. (status: 014)
  [20250915000377] Exception: HTTPSConnectionPool(host='opendart.fss.or.kr', port=443): Read timed out. (read timeout=15)
  [20250915000374] Error: 파일이 존재하지 않습니다. (status: 014)
  [20250916000043] Error: 파일이 존재하지 않습니다. (status: 014)
  [20250916000008] Error: 파일이 존재하지 않습니다. (status: 014)
  [20250915000377] Error: 파일이 존재하지 않습니다. (status: 014)
  [20250915000374] Error: 파일이 존재하지 않습니다. (status: 014)
[20250916] disclosures 255, html downloaded 103 (13/459, 656s)
[20250915-20250915 | None] Request failed: HTTPSConnectionPool(host='opendart.fss.or.kr', port=443): Read timed out. (read timeout=15)
  [20250915800514] Exception: HTTPSConnectionPool(host='opendart.fss.or.kr', port=443): Read timed out. (read timeout=15)
  [20250915000287] Exception: HTTPSConnectionPool(host='opendart.fss.or.kr', port=443): Read timed out. (read timeout=15)
  [20250915900460] Exception: HTTPSConnectionPool(host='opendart.fss.or.kr', port=443): Read timed out. (read timeout=15)
  [20250915000272] Exception: HTTPSConnectionPool(host='opendart.fss.or.kr', port=443): Read timed out. (read timeout=15)
  [20250915000239] Exception: HTTPSConnectionPool(host='opendart.fss.or.kr', port=443): Read timed out. (read timeout=15)
  [20250915900412] Error: 파일이 존재하지 않습니다. (status: 014)
  [20250915900412] Error: 파일이 존재하지 않습니다. (status: 014)
[20250915] disclosures 150, html downloaded 56 (14/459, 756s)
  [20250912900458] Error: 파일이 존재하지 않습니다. (status: 014)
  [20250912000307] Error: 파일이 존재하지 않습니다. (status: 014)
  [20250911000470] Error: 파일이 존재하지 않습니다. (status: 014)
  [20250912900458] Error: 파일이 존재하지 않습니다. (status: 014)
  [20250912000307] Error: 파일이 존재하지 않습니다. (status: 014)
  [20250911000470] Error: 파일이 존재하지 않습니다. (status: 014)
[20250912] disclosures 351, html downloaded 133 (15/459, 776s)
  [20250911000306] Exception: HTTPSConnectionPool(host='opendart.fss.or.kr', port=443): Read timed out. (read timeout=15)
[20250911] disclosures 271, html downloaded 88 (16/459, 806s)
  [20250910000628] Exception: HTTPSConnectionPool(host='opendart.fss.or.kr', port=443): Read timed out. (read timeout=15)
  [20250910000611] Exception: HTTPSConnectionPool(host='opendart.fss.or.kr', port=443): Read timed out. (read timeout=15)
  [20250910000606] Exception: HTTPSConnectionPool(host='opendart.fss.or.kr', port=443): Read timed out. (read timeout=15)
  [20250910900435] Exception: HTTPSConnectionPool(host='opendart.fss.or.kr', port=443): Read timed out. (read timeout=15)
  [20250910000535] Exception: HTTPSConnectionPool(host='opendart.fss.or.kr', port=443): Read timed out. (read timeout=15)
  [20250910000534] Exception: HTTPSConnectionPool(host='opendart.fss.or.kr', port=443): Read timed out. (read timeout=15)
  [20250910000473] Exception: HTTPSConnectionPool(host='opendart.fss.or.kr', port=443): Read timed out. (read timeout=15)
  [20250910000171] Error: 파일이 존재하지 않습니다. (status: 014)
  [20250910000171] Error: 파일이 존재하지 않습니다. (status: 014)
[20250910] disclosures 300, html downloaded 121 (17/459, 929s)
  [20250909000335] Exception: HTTPSConnectionPool(host='opendart.fss.or.kr', port=443): Read timed out. (read timeout=15)
  [20250909800017] Exception: HTTPSConnectionPool(host='opendart.fss.or.kr', port=443): Read timed out. (read timeout=15)
[20250909] disclosures 271, html downloaded 103 (18/459, 975s)
  [20250908000355] Error: 파일이 존재하지 않습니다. (status: 014)
  [20250908600307] Exception: HTTPSConnectionPool(host='opendart.fss.or.kr', port=443): Read timed out. (read timeout=15)
  [20250908000208] Exception: HTTPSConnectionPool(host='opendart.fss.or.kr', port=443): Read timed out. (read timeout=15)
  [20250908900267] Exception: HTTPSConnectionPool(host='opendart.fss.or.kr', port=443): Read timed out. (read timeout=15)
  [20250908000155] Exception: HTTPSConnectionPool(host='opendart.fss.or.kr', port=443): Read timed out. (read timeout=15)
  [20250908800039] Exception: HTTPSConnectionPool(host='opendart.fss.or.kr', port=443): Read timed out. (read timeout=15)
  [20250905000568] Exception: HTTPSConnectionPool(host='opendart.fss.or.kr', port=443): Read timed out. (read timeout=15)
  [20250908000355] Error: 파일이 존재하지 않습니다. (status: 014)
  [20250908000208] Exception: HTTPSConnectionPool(host='opendart.fss.or.kr', port=443): Read timed out. (read timeout=15)
[20250908] disclosures 301, html downloaded 115 (19/459, 1098s)
  [20250905000506] Error: 파일이 존재하지 않습니다. (status: 014)
  [20250905000337] Exception: HTTPSConnectionPool(host='opendart.fss.or.kr', port=443): Read timed out. (read timeout=15)
  [20250905000506] Error: 파일이 존재하지 않습니다. (status: 014)
[20250905] disclosures 369, html downloaded 178 (20/459, 1138s)
[20250904-20250904 | None] Request failed: HTTPSConnectionPool(host='opendart.fss.or.kr', port=443): Read timed out. (read timeout=15)
[20250904] disclosures 54, html downloaded 18 (21/459, 1156s)
  [20250903000377] Exception: HTTPSConnectionPool(host='opendart.fss.or.kr', port=443): Read timed out. (read timeout=15)
  [20250903000235] Exception: HTTPSConnectionPool(host='opendart.fss.or.kr', port=443): Read timed out. (read timeout=15)
  [20250903000199] Exception: HTTPSConnectionPool(host='opendart.fss.or.kr', port=443): Read timed out. (read timeout=15)
  [20250903000155] Exception: HTTPSConnectionPool(host='opendart.fss.or.kr', port=443): Read timed out. (read timeout=15)
[20250903] disclosures 292, html downloaded 113 (22/459, 1233s)
[20250902-20250902 | None] Request failed: HTTPSConnectionPool(host='opendart.fss.or.kr', port=443): Read timed out. (read timeout=15)
[20250902] disclosures 0, html downloaded 0 (23/459, 1248s)
[20250901-20250901 | None] Request failed: HTTPSConnectionPool(host='opendart.fss.or.kr', port=443): Read timed out. (read timeout=15)
  [20250901000554] Exception: HTTPSConnectionPool(host='opendart.fss.or.kr', port=443): Read timed out. (read timeout=15)
[20250901] disclosures 213, html downloaded 83 (24/459, 1291s)
  [20250829900730] Exception: HTTPSConnectionPool(host='opendart.fss.or.kr', port=443): Read timed out. (read timeout=15)
  [20250829001747] Error: 파일이 존재하지 않습니다. (status: 014)
  [20250829000649] Error: 파일이 존재하지 않습니다. (status: 014)
  [20250829000335] Error: 파일이 존재하지 않습니다. (status: 014)
  [20250829001747] Error: 파일이 존재하지 않습니다. (status: 014)
  [20250829000649] Error: 파일이 존재하지 않습니다. (status: 014)
  [20250829000335] Error: 파일이 존재하지 않습니다. (status: 014)
[20250829] disclosures 681, html downloaded 194 (25/459, 1458s)
[20250828-20250828 | None] Request failed: HTTPSConnectionPool(host='opendart.fss.or.kr', port=443): Read timed out. (read timeout=15)
  [20250828900385] Exception: HTTPSConnectionPool(host='opendart.fss.or.kr', port=443): Read timed out. (read timeout=15)
[20250828] disclosures 235, html downloaded 99 (26/459, 1504s)
[20250827] disclosures 359, html downloaded 149 (27/459, 1523s)
  [20250826000310] Exception: HTTPSConnectionPool(host='opendart.fss.or.kr', port=443): Read timed out. (read timeout=15)
  [20250826000307] Exception: HTTPSConnectionPool(host='opendart.fss.or.kr', port=443): Read timed out. (read timeout=15)
  [20250826000269] Exception: HTTPSConnectionPool(host='opendart.fss.or.kr', port=443): Read timed out. (read timeout=15)
  [20250826800187] Exception: HTTPSConnectionPool(host='opendart.fss.or.kr', port=443): Read timed out. (read timeout=15)
  [20250826000230] Exception: HTTPSConnectionPool(host='opendart.fss.or.kr', port=443): Read timed out. (read timeout=15)
  [20250826900171] Exception: HTTPSConnectionPool(host='opendart.fss.or.kr', port=443): Read timed out. (read timeout=15)
  [20250826000307] Exception: HTTPSConnectionPool(host='opendart.fss.or.kr', port=443): Read timed out. (read timeout=15)
  [20250826800187] Exception: HTTPSConnectionPool(host='opendart.fss.or.kr', port=443): Read timed out. (read timeout=15)
[20250826] disclosures 287, html downloaded 137 (28/459, 1663s)
  [20250825000415] Error: 파일이 존재하지 않습니다. (status: 014)
  [20250825000004] Error: 파일이 존재하지 않습니다. (status: 014)
  [20250825000415] Error: 파일이 존재하지 않습니다. (status: 014)
  [20250825000004] Error: 파일이 존재하지 않습니다. (status: 014)
[20250825] disclosures 349, html downloaded 172 (29/459, 1689s)
  [20250822000320] Exception: HTTPSConnectionPool(host='opendart.fss.or.kr', port=443): Read timed out. (read timeout=15)
  [20250822000307] Exception: HTTPSConnectionPool(host='opendart.fss.or.kr', port=443): Read timed out. (read timeout=15)
  [20250822000296] Exception: HTTPSConnectionPool(host='opendart.fss.or.kr', port=443): Read timed out. (read timeout=15)
  [20250822000285] Exception: HTTPSConnectionPool(host='opendart.fss.or.kr', port=443): Read timed out. (read timeout=15)
  [20250822000268] Exception: HTTPSConnectionPool(host='opendart.fss.or.kr', port=443): Read timed out. (read timeout=15)
  [20250822000265] Exception: HTTPSConnectionPool(host='opendart.fss.or.kr', port=443): Read timed out. (read timeout=15)
  [20250822000223] Error: 파일이 존재하지 않습니다. (status: 014)
  [20250822000223] Error: 파일이 존재하지 않습니다. (status: 014)
[20250822] disclosures 311, html downloaded 131 (30/459, 1799s)
  [20250821000686] Exception: HTTPSConnectionPool(host='opendart.fss.or.kr', port=443): Read timed out. (read timeout=15)
  [20250821000589] Error: 파일이 존재하지 않습니다. (status: 014)
  [20250821000567] Error: 파일이 존재하지 않습니다. (status: 014)
  [20250821800243] Error: 파일이 존재하지 않습니다. (status: 014)
  [20250821000367] Error: 파일이 존재하지 않습니다. (status: 014)
  [20250821900170] Exception: HTTPSConnectionPool(host='opendart.fss.or.kr', port=443): Read timed out. (read timeout=15)
  [20250821000096] Exception: HTTPSConnectionPool(host='opendart.fss.or.kr', port=443): Read timed out. (read timeout=15)
  [20250821000589] Error: 파일이 존재하지 않습니다. (status: 014)
  [20250821000567] Error: 파일이 존재하지 않습니다. (status: 014)
  [20250821800243] Error: 파일이 존재하지 않습니다. (status: 014)
  [20250821000367] Error: 파일이 존재하지 않습니다. (status: 014)
[20250821] disclosures 389, html downloaded 143 (31/459, 1867s)
  [20250820000274] Exception: HTTPSConnectionPool(host='opendart.fss.or.kr', port=443): Read timed out. (read timeout=15)
  [20250820800422] Exception: HTTPSConnectionPool(host='opendart.fss.or.kr', port=443): Read timed out. (read timeout=15)
  [20250820000257] Exception: HTTPSConnectionPool(host='opendart.fss.or.kr', port=443): Read timed out. (read timeout=15)
  [20250820000199] Exception: HTTPSConnectionPool(host='opendart.fss.or.kr', port=443): Read timed out. (read timeout=15)
  [20250820900080] Exception: HTTPSConnectionPool(host='opendart.fss.or.kr', port=443): Read timed out. (read timeout=15)
[20250820] disclosures 249, html downloaded 130 (32/459, 1961s)
  [20250819900358] Exception: HTTPSConnectionPool(host='opendart.fss.or.kr', port=443): Read timed out. (read timeout=15)
[20250819] disclosures 234, html downloaded 103 (33/459, 1992s)
  [20250818000123] Error: 파일이 존재하지 않습니다. (status: 014)
  [20250818000123] Error: 파일이 존재하지 않습니다. (status: 014)
[20250818] disclosures 300, html downloaded 119 (34/459, 2010s)
[20250815] disclosures 0, html downloaded 0 (35/459, 2010s)
[20250814-20250814 | None] Request failed: HTTPSConnectionPool(host='opendart.fss.or.kr', port=443): Read timed out. (read timeout=15)
[20250814] disclosures 1235, html downloaded 54 (36/459, 2036s)
  [20250813801169] Exception: HTTPSConnectionPool(host='opendart.fss.or.kr', port=443): Read timed out. (read timeout=15)
  [20250813001426] Error: 파일이 존재하지 않습니다. (status: 014)
  [20250813001400] Exception: HTTPSConnectionPool(host='opendart.fss.or.kr', port=443): Read timed out. (read timeout=15)
  [20250813800882] Exception: HTTPSConnectionPool(host='opendart.fss.or.kr', port=443): Read timed out. (read timeout=15)
  [20250813800901] Exception: HTTPSConnectionPool(host='opendart.fss.or.kr', port=443): Read timed out. (read timeout=15)
  [20250813001060] Exception: HTTPSConnectionPool(host='opendart.fss.or.kr', port=443): Read timed out. (read timeout=15)
  [20250813000822] Exception: HTTPSConnectionPool(host='opendart.fss.or.kr', port=443): Read timed out. (read timeout=15)
  [20250813001426] Error: 파일이 존재하지 않습니다. (status: 014)
[20250813] disclosures 812, html downloaded 97 (37/459, 2144s)
[20250812] disclosures 388, html downloaded 78 (38/459, 2154s)
[20250811-20250811 | None] Request failed: HTTPSConnectionPool(host='opendart.fss.or.kr', port=443): Read timed out. (read timeout=15)
  [20250811800735] Exception: HTTPSConnectionPool(host='opendart.fss.or.kr', port=443): Read timed out. (read timeout=15)
[20250811] disclosures 62, html downloaded 17 (39/459, 2189s)
  [20250808000574] Exception: HTTPSConnectionPool(host='opendart.fss.or.kr', port=443): Read timed out. (read timeout=15)
  [20250808900547] Exception: HTTPSConnectionPool(host='opendart.fss.or.kr', port=443): Read timed out. (read timeout=15)
  [20250808000530] Exception: HTTPSConnectionPool(host='opendart.fss.or.kr', port=443): Read timed out. (read timeout=15)
  [20250808000514] Exception: HTTPSConnectionPool(host='opendart.fss.or.kr', port=443): Read timed out. (read timeout=15)
  [20250808000505] Exception: HTTPSConnectionPool(host='opendart.fss.or.kr', port=443): Read timed out. (read timeout=15)
  [20250808000449] Exception: HTTPSConnectionPool(host='opendart.fss.or.kr', port=443): Read timed out. (read timeout=15)
[20250808] disclosures 375, html downloaded 134 (40/459, 2300s)
[20250807] disclosures 318, html downloaded 98 (41/459, 2314s)
  [20250806000268] Exception: HTTPSConnectionPool(host='opendart.fss.or.kr', port=443): Read timed out. (read timeout=15)
  [20250806000201] Exception: HTTPSConnectionPool(host='opendart.fss.or.kr', port=443): Read timed out. (read timeout=15)
  [20250806800330] Exception: HTTPSConnectionPool(host='opendart.fss.or.kr', port=443): Read timed out. (read timeout=15)
  [20250806000194] Exception: HTTPSConnectionPool(host='opendart.fss.or.kr', port=443): Read timed out. (read timeout=15)
  [20250806000186] Exception: HTTPSConnectionPool(host='opendart.fss.or.kr', port=443): Read timed out. (read timeout=15)
  [20250806900286] Exception: HTTPSConnectionPool(host='opendart.fss.or.kr', port=443): Read timed out. (read timeout=15)
  [20250806000174] Exception: HTTPSConnectionPool(host='opendart.fss.or.kr', port=443): Read timed out. (read timeout=15)
[20250806] disclosures 369, html downloaded 179 (42/459, 2450s)
[20250805] disclosures 288, html downloaded 130 (43/459, 2465s)
  [20250804000253] Error: 파일이 존재하지 않습니다. (status: 014)
  [20250804000171] Error: 파일이 존재하지 않습니다. (status: 014)
  [20250804000253] Error: 파일이 존재하지 않습니다. (status: 014)
  [20250804000171] Error: 파일이 존재하지 않습니다. (status: 014)
[20250804] disclosures 282, html downloaded 120 (44/459, 2486s)
[20250801-20250801 | None] Request failed: HTTPSConnectionPool(host='opendart.fss.or.kr', port=443): Read timed out. (read timeout=15)
  [20250801001083] Exception: HTTPSConnectionPool(host='opendart.fss.or.kr', port=443): Read timed out. (read timeout=15)
  [20250801001070] Exception: HTTPSConnectionPool(host='opendart.fss.or.kr', port=443): Read timed out. (read timeout=15)
  [20250801801077] Exception: HTTPSConnectionPool(host='opendart.fss.or.kr', port=443): Read timed out. (read timeout=15)
  [20250801001014] Exception: HTTPSConnectionPool(host='opendart.fss.or.kr', port=443): Read timed out. (read timeout=15)
  [20250801000963] Exception: HTTPSConnectionPool(host='opendart.fss.or.kr', port=443): Read timed out. (read timeout=15)
  [20250801000927] Exception: HTTPSConnectionPool(host='opendart.fss.or.kr', port=443): Read timed out. (read timeout=15)
  [20250801000806] Exception: HTTPSConnectionPool(host='opendart.fss.or.kr', port=443): Read timed out. (read timeout=15)
  [20250801000788] Exception: HTTPSConnectionPool(host='opendart.fss.or.kr', port=443): Read timed out. (read timeout=15)
  [20250801000754] Exception: HTTPSConnectionPool(host='opendart.fss.or.kr', port=443): Read timed out. (read timeout=15)
  [20250801000732] Exception: HTTPSConnectionPool(host='opendart.fss.or.kr', port=443): Read timed out. (read timeout=15)
  [20250801000711] Exception: HTTPSConnectionPool(host='opendart.fss.or.kr', port=443): Read timed out. (read timeout=15)
  [20250801000659] Exception: HTTPSConnectionPool(host='opendart.fss.or.kr', port=443): Read timed out. (read timeout=15)
  [20250801000613] Exception: HTTPSConnectionPool(host='opendart.fss.or.kr', port=443): Read timed out. (read timeout=15)
  [20250801000601] Exception: HTTPSConnectionPool(host='opendart.fss.or.kr', port=443): Read timed out. (read timeout=15)
  [20250801000484] Exception: HTTPSConnectionPool(host='opendart.fss.or.kr', port=443): Read timed out. (read timeout=15)
  [20250801000455] Exception: HTTPSConnectionPool(host='opendart.fss.or.kr', port=443): Read timed out. (read timeout=15)
  [20250801000452] Exception: HTTPSConnectionPool(host='opendart.fss.or.kr', port=443): Read timed out. (read timeout=15)
  [20250801000451] Exception: HTTPSConnectionPool(host='opendart.fss.or.kr', port=443): Read timed out. (read timeout=15)
  [20250801000381] Exception: HTTPSConnectionPool(host='opendart.fss.or.kr', port=443): Read timed out. (read timeout=15)
  [20250801000336] Exception: HTTPSConnectionPool(host='opendart.fss.or.kr', port=443): Read timed out. (read timeout=15)
[20250801] disclosures 891, html downloaded 685 (45/459, 2888s)
[20250731] disclosures 433, html downloaded 156 (46/459, 2908s)
  [20250730000307] Error: 파일이 존재하지 않습니다. (status: 014)
  [20250730000102] Exception: HTTPSConnectionPool(host='opendart.fss.or.kr', port=443): Read timed out. (read timeout=15)
  [20250730900163] Exception: HTTPSConnectionPool(host='opendart.fss.or.kr', port=443): Read timed out. (read timeout=15)
  [20250730900166] Exception: HTTPSConnectionPool(host='opendart.fss.or.kr', port=443): Read timed out. (read timeout=15)
  [20250730000017] Exception: HTTPSConnectionPool(host='opendart.fss.or.kr', port=443): Read timed out. (read timeout=15)
  [20250730800042] Exception: HTTPSConnectionPool(host='opendart.fss.or.kr', port=443): Read timed out. (read timeout=15)
  [20250730000307] Error: 파일이 존재하지 않습니다. (status: 014)
[20250730] disclosures 421, html downloaded 152 (47/459, 3006s)
[20250729-20250729 | None] Request failed: HTTPSConnectionPool(host='opendart.fss.or.kr', port=443): Read timed out. (read timeout=15)
  [20250729000315] Exception: HTTPSConnectionPool(host='opendart.fss.or.kr', port=443): Read timed out. (read timeout=15)
[20250729] disclosures 54, html downloaded 31 (48/459, 3043s)
[20250728] disclosures 354, html downloaded 149 (49/459, 3066s)
  [20250725000734] Exception: HTTPSConnectionPool(host='opendart.fss.or.kr', port=443): Read timed out. (read timeout=15)
  [20250725000695] Exception: HTTPSConnectionPool(host='opendart.fss.or.kr', port=443): Read timed out. (read timeout=15)
  [20250725900569] Exception: HTTPSConnectionPool(host='opendart.fss.or.kr', port=443): Read timed out. (read timeout=15)
  [20250725000639] Exception: HTTPSConnectionPool(host='opendart.fss.or.kr', port=443): Read timed out. (read timeout=15)
  [20250725000545] Exception: HTTPSConnectionPool(host='opendart.fss.or.kr', port=443): Read timed out. (read timeout=15)
  [20250725000518] Exception: HTTPSConnectionPool(host='opendart.fss.or.kr', port=443): Read timed out. (read timeout=15)
  [20250725000368] Exception: HTTPSConnectionPool(host='opendart.fss.or.kr', port=443): Read timed out. (read timeout=15)
[20250725] disclosures 481, html downloaded 189 (50/459, 3200s)
  [20250724000529] Exception: HTTPSConnectionPool(host='opendart.fss.or.kr', port=443): Read timed out. (read timeout=15)
  [20250724000273] Error: 파일이 존재하지 않습니다. (status: 014)
  [20250724000162] Exception: HTTPSConnectionPool(host='opendart.fss.or.kr', port=443): Read timed out. (read timeout=15)
  [20250724000147] Error: 파일이 존재하지 않습니다. (status: 014)
  [20250724000273] Error: 파일이 존재하지 않습니다. (status: 014)
  [20250724000147] Error: 파일이 존재하지 않습니다. (status: 014)
[20250724] disclosures 398, html downloaded 121 (51/459, 3249s)
  [20250723000378] Exception: HTTPSConnectionPool(host='opendart.fss.or.kr', port=443): Read timed out. (read timeout=15)
  [20250723000355] Error: 파일이 존재하지 않습니다. (status: 014)
  [20250723900451] Exception: HTTPSConnectionPool(host='opendart.fss.or.kr', port=443): Read timed out. (read timeout=15)
  [20250723000323] Exception: HTTPSConnectionPool(host='opendart.fss.or.kr', port=443): Read timed out. (read timeout=15)
  [20250723000221] Exception: HTTPSConnectionPool(host='opendart.fss.or.kr', port=443): Read timed out. (read timeout=15)
  [20250723000016] Exception: HTTPSConnectionPool(host='opendart.fss.or.kr', port=443): Read timed out. (read timeout=15)
  [20250723000355] Error: 파일이 존재하지 않습니다. (status: 014)
[20250723] disclosures 306, html downloaded 101 (52/459, 3341s)
  [20250722000059] Error: 파일이 존재하지 않습니다. (status: 014)
  [20250722000059] Error: 파일이 존재하지 않습니다. (status: 014)
[20250722] disclosures 231, html downloaded 83 (53/459, 3354s)
  [20250721000014] Exception: HTTPSConnectionPool(host='opendart.fss.or.kr', port=443): Read timed out. (read timeout=15)
  [20250721000003] Exception: HTTPSConnectionPool(host='opendart.fss.or.kr', port=443): Read timed out. (read timeout=15)
[20250721] disclosures 329, html downloaded 142 (54/459, 3404s)
[20250718-20250718 | None] Request failed: HTTPSConnectionPool(host='opendart.fss.or.kr', port=443): Read timed out. (read timeout=15)
[20250718] disclosures 0, html downloaded 0 (55/459, 3419s)
[20250717-20250717 | None] Request failed: HTTPSConnectionPool(host='opendart.fss.or.kr', port=443): Read timed out. (read timeout=15)
  [20250717800500] Exception: HTTPSConnectionPool(host='opendart.fss.or.kr', port=443): Read timed out. (read timeout=15)
  [20250717800500] Exception: HTTPSConnectionPool(host='opendart.fss.or.kr', port=443): Read timed out. (read timeout=15)
[20250717] disclosures 77, html downloaded 28 (56/459, 3471s)
  [20250716000207] Exception: HTTPSConnectionPool(host='opendart.fss.or.kr', port=443): Read timed out. (read timeout=15)
  [20250716000083] Error: 파일이 존재하지 않습니다. (status: 014)
  [20250716000083] Error: 파일이 존재하지 않습니다. (status: 014)
[20250716] disclosures 268, html downloaded 111 (57/459, 3503s)
  [20250715000092] Exception: HTTPSConnectionPool(host='opendart.fss.or.kr', port=443): Read timed out. (read timeout=15)
  [20250715000028] Error: 파일이 존재하지 않습니다. (status: 014)
  [20250715000028] Error: 파일이 존재하지 않습니다. (status: 014)
[20250715] disclosures 279, html downloaded 111 (58/459, 3537s)
[20250714-20250714 | None] Request failed: HTTPSConnectionPool(host='opendart.fss.or.kr', port=443): Read timed out. (read timeout=15)
[20250714] disclosures 0, html downloaded 0 (59/459, 3552s)
  [20250711900624] Exception: HTTPSConnectionPool(host='opendart.fss.or.kr', port=443): Read timed out. (read timeout=15)
  [20250711000484] Exception: HTTPSConnectionPool(host='opendart.fss.or.kr', port=443): Read timed out. (read timeout=15)
  [20250711900428] Exception: HTTPSConnectionPool(host='opendart.fss.or.kr', port=443): Read timed out. (read timeout=15)
  [20250711800468] Exception: HTTPSConnectionPool(host='opendart.fss.or.kr', port=443): Read timed out. (read timeout=15)
[20250711] disclosures 277, html downloaded 91 (60/459, 3627s)
  [20250710000611] Exception: HTTPSConnectionPool(host='opendart.fss.or.kr', port=443): Read timed out. (read timeout=15)
  [20250710900106] Exception: HTTPSConnectionPool(host='opendart.fss.or.kr', port=443): Read timed out. (read timeout=15)
[20250710] disclosures 324, html downloaded 133 (61/459, 3677s)
  [20250709000453] Exception: HTTPSConnectionPool(host='opendart.fss.or.kr', port=443): Read timed out. (read timeout=15)
  [20250709000439] Exception: HTTPSConnectionPool(host='opendart.fss.or.kr', port=443): Read timed out. (read timeout=15)
  [20250709900449] Exception: HTTPSConnectionPool(host='opendart.fss.or.kr', port=443): Read timed out. (read timeout=15)
  [20250709000398] Exception: HTTPSConnectionPool(host='opendart.fss.or.kr', port=443): Read timed out. (read timeout=15)
  [20250709000362] Exception: HTTPSConnectionPool(host='opendart.fss.or.kr', port=443): Read timed out. (read timeout=15)
  [20250709000315] Exception: HTTPSConnectionPool(host='opendart.fss.or.kr', port=443): Read timed out. (read timeout=15)
  [20250709000225] Error: 파일이 존재하지 않습니다. (status: 014)
  [20250709000149] Exception: HTTPSConnectionPool(host='opendart.fss.or.kr', port=443): Read timed out. (read timeout=15)
  [20250709000225] Error: 파일이 존재하지 않습니다. (status: 014)
[20250709] disclosures 337, html downloaded 165 (62/459, 3809s)
[20250708] disclosures 287, html downloaded 111 (63/459, 3823s)
  [20250707000158] Error: 파일이 존재하지 않습니다. (status: 014)
  [20250707000158] Error: 파일이 존재하지 않습니다. (status: 014)
[20250707] disclosures 280, html downloaded 130 (64/459, 3843s)
  [20250704000411] Exception: HTTPSConnectionPool(host='opendart.fss.or.kr', port=443): Read timed out. (read timeout=15)
  [20250704000413] Exception: HTTPSConnectionPool(host='opendart.fss.or.kr', port=443): Read timed out. (read timeout=15)
  [20250704000404] Exception: HTTPSConnectionPool(host='opendart.fss.or.kr', port=443): Read timed out. (read timeout=15)
  [20250704000371] Exception: HTTPSConnectionPool(host='opendart.fss.or.kr', port=443): Read timed out. (read timeout=15)
  [20250704000363] Exception: HTTPSConnectionPool(host='opendart.fss.or.kr', port=443): Read timed out. (read timeout=15)
  [20250704000265] Exception: HTTPSConnectionPool(host='opendart.fss.or.kr', port=443): Read timed out. (read timeout=15)
  [20250704000088] Error: 파일이 존재하지 않습니다. (status: 014)
  [20250704000088] Error: 파일이 존재하지 않습니다. (status: 014)
[20250704] disclosures 320, html downloaded 174 (65/459, 3960s)
  [20250703000414] Exception: HTTPSConnectionPool(host='opendart.fss.or.kr', port=443): Read timed out. (read timeout=15)
  [20250703000341] Exception: HTTPSConnectionPool(host='opendart.fss.or.kr', port=443): Read timed out. (read timeout=15)
  [20250703000324] Exception: HTTPSConnectionPool(host='opendart.fss.or.kr', port=443): Read timed out. (read timeout=15)
  [20250703000321] Exception: HTTPSConnectionPool(host='opendart.fss.or.kr', port=443): Read timed out. (read timeout=15)
  [20250703000065] Exception: HTTPSConnectionPool(host='opendart.fss.or.kr', port=443): Read timed out. (read timeout=15)
  [20250702000602] Exception: HTTPSConnectionPool(host='opendart.fss.or.kr', port=443): Read timed out. (read timeout=15)
[20250703] disclosures 326, html downloaded 142 (66/459, 4071s)
  [20250702000574] Exception: HTTPSConnectionPool(host='opendart.fss.or.kr', port=443): Read timed out. (read timeout=15)
  [20250702000087] Exception: HTTPSConnectionPool(host='opendart.fss.or.kr', port=443): Read timed out. (read timeout=15)
  [20250702000086] Exception: HTTPSConnectionPool(host='opendart.fss.or.kr', port=443): Read timed out. (read timeout=15)
[20250702] disclosures 427, html downloaded 238 (67/459, 4148s)
[20250701-20250701 | None] Request failed: HTTPSConnectionPool(host='opendart.fss.or.kr', port=443): Read timed out. (read timeout=15)
  [20250701000412] Exception: HTTPSConnectionPool(host='opendart.fss.or.kr', port=443): Read timed out. (read timeout=15)
  [20250701000377] Exception: HTTPSConnectionPool(host='opendart.fss.or.kr', port=443): Read timed out. (read timeout=15)
[20250701] disclosures 277, html downloaded 128 (68/459, 4211s)
  [20250630900740] Error: 파일이 존재하지 않습니다. (status: 014)
  [20250630000584] Exception: HTTPSConnectionPool(host='opendart.fss.or.kr', port=443): Read timed out. (read timeout=15)
  [20250630900603] Exception: HTTPSConnectionPool(host='opendart.fss.or.kr', port=443): Read timed out. (read timeout=15)
  [20250630900500] Exception: HTTPSConnectionPool(host='opendart.fss.or.kr', port=443): Read timed out. (read timeout=15)
  [20250630800488] Exception: HTTPSConnectionPool(host='opendart.fss.or.kr', port=443): Read timed out. (read timeout=15)
  [20250630000508] Exception: HTTPSConnectionPool(host='opendart.fss.or.kr', port=443): Read timed out. (read timeout=15)
  [20250630000417] Exception: HTTPSConnectionPool(host='opendart.fss.or.kr', port=443): Read timed out. (read timeout=15)
  [20250630600108] Error: 파일이 존재하지 않습니다. (status: 014)
  [20250630000171] Exception: HTTPSConnectionPool(host='opendart.fss.or.kr', port=443): Read timed out. (read timeout=15)
  [20250627000897] Exception: HTTPSConnectionPool(host='opendart.fss.or.kr', port=443): Read timed out. (read timeout=15)
  [20250630900740] Error: 파일이 존재하지 않습니다. (status: 014)
  [20250630600108] Error: 파일이 존재하지 않습니다. (status: 014)
[20250630] disclosures 564, html downloaded 232 (69/459, 4364s)
  [20250627000782] Error: 파일이 존재하지 않습니다. (status: 014)
  [20250627000318] Exception: HTTPSConnectionPool(host='opendart.fss.or.kr', port=443): Read timed out. (read timeout=15)
  [20250627000300] Exception: HTTPSConnectionPool(host='opendart.fss.or.kr', port=443): Read timed out. (read timeout=15)
  [20250627000271] Exception: HTTPSConnectionPool(host='opendart.fss.or.kr', port=443): Read timed out. (read timeout=15)
  [20250627000178] Exception: HTTPSConnectionPool(host='opendart.fss.or.kr', port=443): Read timed out. (read timeout=15)
  [20250627000091] Error: 파일이 존재하지 않습니다. (status: 014)
  [20250627000782] Error: 파일이 존재하지 않습니다. (status: 014)
  [20250627000091] Error: 파일이 존재하지 않습니다. (status: 014)
[20250627] disclosures 464, html downloaded 191 (70/459, 4452s)
  [20250626900784] Exception: HTTPSConnectionPool(host='opendart.fss.or.kr', port=443): Read timed out. (read timeout=15)
  [20250626000481] Exception: HTTPSConnectionPool(host='opendart.fss.or.kr', port=443): Read timed out. (read timeout=15)
  [20250626000450] Exception: HTTPSConnectionPool(host='opendart.fss.or.kr', port=443): Read timed out. (read timeout=15)
  [20250626000442] Exception: HTTPSConnectionPool(host='opendart.fss.or.kr', port=443): Read timed out. (read timeout=15)
[20250626] disclosures 342, html downloaded 140 (71/459, 4533s)
  [20250625000442] Exception: HTTPSConnectionPool(host='opendart.fss.or.kr', port=443): Read timed out. (read timeout=15)
  [20250625000436] Exception: HTTPSConnectionPool(host='opendart.fss.or.kr', port=443): Read timed out. (read timeout=15)
  [20250625000409] Exception: HTTPSConnectionPool(host='opendart.fss.or.kr', port=443): Read timed out. (read timeout=15)
  [20250625800299] Exception: HTTPSConnectionPool(host='opendart.fss.or.kr', port=443): Read timed out. (read timeout=15)
  [20250625000160] Exception: HTTPSConnectionPool(host='opendart.fss.or.kr', port=443): Read timed out. (read timeout=15)
  [20250625000134] Exception: HTTPSConnectionPool(host='opendart.fss.or.kr', port=443): Read timed out. (read timeout=15)
  [20250624000444] Exception: HTTPSConnectionPool(host='opendart.fss.or.kr', port=443): Read timed out. (read timeout=15)
[20250625] disclosures 378, html downloaded 164 (72/459, 4662s)
  [20250624000385] Exception: HTTPSConnectionPool(host='opendart.fss.or.kr', port=443): Read timed out. (read timeout=15)
[20250624] disclosures 300, html downloaded 124 (73/459, 4696s)
[20250623] disclosures 267, html downloaded 119 (74/459, 4710s)
  [20250620000339] Exception: HTTPSConnectionPool(host='opendart.fss.or.kr', port=443): Read timed out. (read timeout=15)
  [20250620000268] Exception: HTTPSConnectionPool(host='opendart.fss.or.kr', port=443): Read timed out. (read timeout=15)
  [20250620000203] Exception: HTTPSConnectionPool(host='opendart.fss.or.kr', port=443): Read timed out. (read timeout=15)
  [20250620000144] Exception: HTTPSConnectionPool(host='opendart.fss.or.kr', port=443): Read timed out. (read timeout=15)
  [20250620800011] Exception: HTTPSConnectionPool(host='opendart.fss.or.kr', port=443): Read timed out. (read timeout=15)
[20250620] disclosures 344, html downloaded 135 (75/459, 4806s)
[20250619-20250619 | None] Request failed: HTTPSConnectionPool(host='opendart.fss.or.kr', port=443): Read timed out. (read timeout=15)
  [20250619000321] Exception: HTTPSConnectionPool(host='opendart.fss.or.kr', port=443): Read timed out. (read timeout=15)
[20250619] disclosures 226, html downloaded 98 (76/459, 4851s)
  [20250618000297] Exception: HTTPSConnectionPool(host='opendart.fss.or.kr', port=443): Read timed out. (read timeout=15)
  [20250618000210] Error: 파일이 존재하지 않습니다. (status: 014)
  [20250618000210] Error: 파일이 존재하지 않습니다. (status: 014)
[20250618] disclosures 311, html downloaded 142 (77/459, 4886s)
  [20250617000357] Exception: HTTPSConnectionPool(host='opendart.fss.or.kr', port=443): Read timed out. (read timeout=15)
  [20250617000271] Exception: HTTPSConnectionPool(host='opendart.fss.or.kr', port=443): Read timed out. (read timeout=15)
  [20250617000246] Exception: HTTPSConnectionPool(host='opendart.fss.or.kr', port=443): Read timed out. (read timeout=15)
  [20250617800220] Exception: HTTPSConnectionPool(host='opendart.fss.or.kr', port=443): Read timed out. (read timeout=15)
  [20250617000192] Exception: HTTPSConnectionPool(host='opendart.fss.or.kr', port=443): Read timed out. (read timeout=15)
  [20250617000123] Exception: HTTPSConnectionPool(host='opendart.fss.or.kr', port=443): Read timed out. (read timeout=15)
[20250617] disclosures 253, html downloaded 111 (78/459, 4994s)
  [20250616000295] Exception: HTTPSConnectionPool(host='opendart.fss.or.kr', port=443): Read timed out. (read timeout=15)
  [20250616900605] Exception: HTTPSConnectionPool(host='opendart.fss.or.kr', port=443): Read timed out. (read timeout=15)
  [20250616000033] Exception: HTTPSConnectionPool(host='opendart.fss.or.kr', port=443): Read timed out. (read timeout=15)
[20250616] disclosures 321, html downloaded 143 (79/459, 5060s)
  [20250613000384] Exception: HTTPSConnectionPool(host='opendart.fss.or.kr', port=443): Read timed out. (read timeout=15)
  [20250613000368] Exception: HTTPSConnectionPool(host='opendart.fss.or.kr', port=443): Read timed out. (read timeout=15)
  [20250613800452] Exception: HTTPSConnectionPool(host='opendart.fss.or.kr', port=443): Read timed out. (read timeout=15)
  [20250613000334] Exception: HTTPSConnectionPool(host='opendart.fss.or.kr', port=443): Read timed out. (read timeout=15)
[20250613] disclosures 458, html downloaded 197 (80/459, 5147s)
  [20250612000453] Error: 파일이 존재하지 않습니다. (status: 014)
  [20250612100053] Error: 파일이 존재하지 않습니다. (status: 014)
  [20250612800082] Exception: HTTPSConnectionPool(host='opendart.fss.or.kr', port=443): Read timed out. (read timeout=15)
  [20250612000055] Exception: HTTPSConnectionPool(host='opendart.fss.or.kr', port=443): Read timed out. (read timeout=15)
  [20250612000036] Exception: HTTPSConnectionPool(host='opendart.fss.or.kr', port=443): Read timed out. (read timeout=15)
  [20250612900001] Exception: HTTPSConnectionPool(host='opendart.fss.or.kr', port=443): Read timed out. (read timeout=15)
  [20250612000453] Error: 파일이 존재하지 않습니다. (status: 014)
  [20250612100053] Error: 파일이 존재하지 않습니다. (status: 014)
[20250612] disclosures 317, html downloaded 107 (81/459, 5229s)
  [20250611900712] Exception: HTTPSConnectionPool(host='opendart.fss.or.kr', port=443): Read timed out. (read timeout=15)
  [20250611900689] Exception: HTTPSConnectionPool(host='opendart.fss.or.kr', port=443): Read timed out. (read timeout=15)
  [20250611000471] Exception: HTTPSConnectionPool(host='opendart.fss.or.kr', port=443): Read timed out. (read timeout=15)
  [20250611000342] Exception: HTTPSConnectionPool(host='opendart.fss.or.kr', port=443): Read timed out. (read timeout=15)
  [20250611000158] Exception: HTTPSConnectionPool(host='opendart.fss.or.kr', port=443): Read timed out. (read timeout=15)
  [20250611000471] Exception: HTTPSConnectionPool(host='opendart.fss.or.kr', port=443): Read timed out. (read timeout=15)
[20250611] disclosures 439, html downloaded 195 (82/459, 5346s)
  [20250610800425] Error: 파일이 존재하지 않습니다. (status: 014)
  [20250610800158] Exception: HTTPSConnectionPool(host='opendart.fss.or.kr', port=443): Read timed out. (read timeout=15)
  [20250610000021] Exception: HTTPSConnectionPool(host='opendart.fss.or.kr', port=443): Read timed out. (read timeout=15)
  [20250610900057] Exception: HTTPSConnectionPool(host='opendart.fss.or.kr', port=443): Read timed out. (read timeout=15)
  [20250610800425] Error: 파일이 존재하지 않습니다. (status: 014)
[20250610] disclosures 276, html downloaded 118 (83/459, 5409s)
  [20250609000305] Exception: HTTPSConnectionPool(host='opendart.fss.or.kr', port=443): Read timed out. (read timeout=15)
  [20250609800327] Exception: HTTPSConnectionPool(host='opendart.fss.or.kr', port=443): Read timed out. (read timeout=15)
  [20250609900128] Error: 파일이 존재하지 않습니다. (status: 014)
  [20250609000054] Exception: HTTPSConnectionPool(host='opendart.fss.or.kr', port=443): Read timed out. (read timeout=15)
  [20250609000034] Exception: HTTPSConnectionPool(host='opendart.fss.or.kr', port=443): Read timed out. (read timeout=15)
  [20250609900128] Error: 파일이 존재하지 않습니다. (status: 014)
[20250609] disclosures 288, html downloaded 130 (84/459, 5489s)
[20250606] disclosures 0, html downloaded 0 (85/459, 5489s)
[20250605] disclosures 353, html downloaded 164 (86/459, 5510s)
  [20250604000273] Error: 파일이 존재하지 않습니다. (status: 014)
  [20250604900243] Error: 파일이 존재하지 않습니다. (status: 014)
  [20250604000273] Error: 파일이 존재하지 않습니다. (status: 014)
  [20250604900243] Error: 파일이 존재하지 않습니다. (status: 014)
[20250604] disclosures 229, html downloaded 99 (87/459, 5526s)
[20250603] disclosures 0, html downloaded 0 (88/459, 5526s)
[20250602-20250602 | None] Request failed: HTTPSConnectionPool(host='opendart.fss.or.kr', port=443): Read timed out. (read timeout=15)
  [20250602001339] Exception: HTTPSConnectionPool(host='opendart.fss.or.kr', port=443): Read timed out. (read timeout=15)
  [20250602001321] Exception: HTTPSConnectionPool(host='opendart.fss.or.kr', port=443): Read timed out. (read timeout=15)
  [20250602900737] Exception: HTTPSConnectionPool(host='opendart.fss.or.kr', port=443): Read timed out. (read timeout=15)
[20250602] disclosures 147, html downloaded 54 (89/459, 5596s)
[20250530-20250530 | None] Request failed: HTTPSConnectionPool(host='opendart.fss.or.kr', port=443): Read timed out. (read timeout=15)
  [20250530801288] Exception: HTTPSConnectionPool(host='opendart.fss.or.kr', port=443): Read timed out. (read timeout=15)
  [20250530002557] Exception: HTTPSConnectionPool(host='opendart.fss.or.kr', port=443): Read timed out. (read timeout=15)
  [20250530002142] Exception: HTTPSConnectionPool(host='opendart.fss.or.kr', port=443): Read timed out. (read timeout=15)
[20250530] disclosures 517, html downloaded 125 (90/459, 5676s)
  [20250529000500] Exception: HTTPSConnectionPool(host='opendart.fss.or.kr', port=443): Read timed out. (read timeout=15)
  [20250529000443] Exception: HTTPSConnectionPool(host='opendart.fss.or.kr', port=443): Read timed out. (read timeout=15)
  [20250529000409] Error: 파일이 존재하지 않습니다. (status: 014)
  [20250529000071] Exception: HTTPSConnectionPool(host='opendart.fss.or.kr', port=443): Read timed out. (read timeout=15)
  [20250529000409] Error: 파일이 존재하지 않습니다. (status: 014)
[20250529] disclosures 374, html downloaded 117 (91/459, 5741s)
[20250528-20250528 | None] Request failed: HTTPSConnectionPool(host='opendart.fss.or.kr', port=443): Read timed out. (read timeout=15)
  [20250528800605] Error: 파일이 존재하지 않습니다. (status: 014)
  [20250528800532] Exception: HTTPSConnectionPool(host='opendart.fss.or.kr', port=443): Read timed out. (read timeout=15)
  [20250528000597] Exception: HTTPSConnectionPool(host='opendart.fss.or.kr', port=443): Read timed out. (read timeout=15)
  [20250528000578] Exception: HTTPSConnectionPool(host='opendart.fss.or.kr', port=443): Read timed out. (read timeout=15)
  [20250528800605] Error: 파일이 존재하지 않습니다. (status: 014)
[20250528] disclosures 84, html downloaded 26 (92/459, 5808s)
[20250527-20250527 | None] Request failed: HTTPSConnectionPool(host='opendart.fss.or.kr', port=443): Read timed out. (read timeout=15)
  [20250527000359] Error: 파일이 존재하지 않습니다. (status: 014)
  [20250527000359] Error: 파일이 존재하지 않습니다. (status: 014)
[20250527] disclosures 252, html downloaded 114 (93/459, 5844s)
  [20250526000467] Error: 파일이 존재하지 않습니다. (status: 014)
  [20250526000467] Error: 파일이 존재하지 않습니다. (status: 014)
[20250526] disclosures 303, html downloaded 137 (94/459, 5867s)
[20250523] disclosures 300, html downloaded 142 (95/459, 5885s)
  [20250522000366] Exception: HTTPSConnectionPool(host='opendart.fss.or.kr', port=443): Read timed out. (read timeout=15)
  [20250522000340] Exception: HTTPSConnectionPool(host='opendart.fss.or.kr', port=443): Read timed out. (read timeout=15)
  [20250522000334] Exception: HTTPSConnectionPool(host='opendart.fss.or.kr', port=443): Read timed out. (read timeout=15)
  [20250522900391] Exception: HTTPSConnectionPool(host='opendart.fss.or.kr', port=443): Read timed out. (read timeout=15)
  [20250522800368] Exception: HTTPSConnectionPool(host='opendart.fss.or.kr', port=443): Read timed out. (read timeout=15)
[20250522] disclosures 285, html downloaded 115 (96/459, 5977s)
[20250521] disclosures 314, html downloaded 110 (97/459, 5991s)
  [20250520000357] Error: 파일이 존재하지 않습니다. (status: 014)
  [20250520000242] Exception: HTTPSConnectionPool(host='opendart.fss.or.kr', port=443): Read timed out. (read timeout=15)
  [20250520000267] Exception: HTTPSConnectionPool(host='opendart.fss.or.kr', port=443): Read timed out. (read timeout=15)
  [20250520000251] Exception: HTTPSConnectionPool(host='opendart.fss.or.kr', port=443): Read timed out. (read timeout=15)
  [20250520000234] Exception: HTTPSConnectionPool(host='opendart.fss.or.kr', port=443): Read timed out. (read timeout=15)
  [20250520000225] Error: 파일이 존재하지 않습니다. (status: 014)
  [20250520000217] Error: 파일이 존재하지 않습니다. (status: 014)
  [20250520800272] Exception: HTTPSConnectionPool(host='opendart.fss.or.kr', port=443): Read timed out. (read timeout=15)
  [20250520900203] Exception: HTTPSConnectionPool(host='opendart.fss.or.kr', port=443): Read timed out. (read timeout=15)
  [20250520000094] Exception: HTTPSConnectionPool(host='opendart.fss.or.kr', port=443): Read timed out. (read timeout=15)
  [20250520000357] Error: 파일이 존재하지 않습니다. (status: 014)
  [20250520000225] Error: 파일이 존재하지 않습니다. (status: 014)
  [20250520000217] Exception: HTTPSConnectionPool(host='opendart.fss.or.kr', port=443): Read timed out. (read timeout=15)
[20250520] disclosures 261, html downloaded 99 (98/459, 6128s)
  [20250519000133] Error: 파일이 존재하지 않습니다. (status: 014)
  [20250519000080] Error: 파일이 존재하지 않습니다. (status: 014)
  [20250519000047] Error: 파일이 존재하지 않습니다. (status: 014)
  [20250519000133] Error: 파일이 존재하지 않습니다. (status: 014)
  [20250519000080] Error: 파일이 존재하지 않습니다. (status: 014)
  [20250519000047] Error: 파일이 존재하지 않습니다. (status: 014)
[20250519] disclosures 249, html downloaded 112 (99/459, 6147s)
  [20250516000247] Exception: HTTPSConnectionPool(host='opendart.fss.or.kr', port=443): Read timed out. (read timeout=15)
  [20250516000233] Exception: HTTPSConnectionPool(host='opendart.fss.or.kr', port=443): Read timed out. (read timeout=15)
  [20250516000205] Exception: HTTPSConnectionPool(host='opendart.fss.or.kr', port=443): Read timed out. (read timeout=15)
  [20250516000012] Exception: HTTPSConnectionPool(host='opendart.fss.or.kr', port=443): Read timed out. (read timeout=15)
  [20250516000012] Exception: HTTPSConnectionPool(host='opendart.fss.or.kr', port=443): Read timed out. (read timeout=15)
[20250516] disclosures 283, html downloaded 143 (100/459, 6244s)
[20250515-20250515 | None] Request failed: HTTPSConnectionPool(host='opendart.fss.or.kr', port=443): Read timed out. (read timeout=15)
  [20250515902980] Exception: HTTPSConnectionPool(host='opendart.fss.or.kr', port=443): Read timed out. (read timeout=15)
  [20250515002337] Error: 파일이 존재하지 않습니다. (status: 014)
  [20250515002337] Error: 파일이 존재하지 않습니다. (status: 014)
[20250515] disclosures 537, html downloaded 41 (101/459, 6284s)
  [20250514000706] Error: 파일이 존재하지 않습니다. (status: 014)
  [20250514000706] Error: 파일이 존재하지 않습니다. (status: 014)
[20250514] disclosures 826, html downloaded 127 (102/459, 6305s)
  [20250513000598] Exception: HTTPSConnectionPool(host='opendart.fss.or.kr', port=443): Read timed out. (read timeout=15)
  [20250513000562] Exception: HTTPSConnectionPool(host='opendart.fss.or.kr', port=443): Read timed out. (read timeout=15)
  [20250513000366] Exception: HTTPSConnectionPool(host='opendart.fss.or.kr', port=443): Read timed out. (read timeout=15)
  [20250513900449] Exception: HTTPSConnectionPool(host='opendart.fss.or.kr', port=443): Read timed out. (read timeout=15)
  [20250513000355] Exception: HTTPSConnectionPool(host='opendart.fss.or.kr', port=443): Read timed out. (read timeout=15)
  [20250513000293] Exception: HTTPSConnectionPool(host='opendart.fss.or.kr', port=443): Read timed out. (read timeout=15)
  [20250513000279] Exception: HTTPSConnectionPool(host='opendart.fss.or.kr', port=443): Read timed out. (read timeout=15)
  [20250513000260] Exception: HTTPSConnectionPool(host='opendart.fss.or.kr', port=443): Read timed out. (read timeout=15)
[20250513] disclosures 401, html downloaded 123 (103/459, 6444s)
  [20250512000786] Exception: HTTPSConnectionPool(host='opendart.fss.or.kr', port=443): Read timed out. (read timeout=15)
[20250512] disclosures 420, html downloaded 164 (104/459, 6482s)
  [20250509000263] Error: 파일이 존재하지 않습니다. (status: 014)
  [20250509000263] Error: 파일이 존재하지 않습니다. (status: 014)
[20250509] disclosures 446, html downloaded 203 (105/459, 6511s)
  [20250508000686] Error: 파일이 존재하지 않습니다. (status: 014)
  [20250508000381] Exception: HTTPSConnectionPool(host='opendart.fss.or.kr', port=443): Read timed out. (read timeout=15)
  [20250508000478] Exception: HTTPSConnectionPool(host='opendart.fss.or.kr', port=443): Read timed out. (read timeout=15)
  [20250508000440] Exception: HTTPSConnectionPool(host='opendart.fss.or.kr', port=443): Read timed out. (read timeout=15)
  [20250508800288] Exception: HTTPSConnectionPool(host='opendart.fss.or.kr', port=443): Read timed out. (read timeout=15)
  [20250508800261] Exception: HTTPSConnectionPool(host='opendart.fss.or.kr', port=443): Read timed out. (read timeout=15)
  [20250508000345] Exception: HTTPSConnectionPool(host='opendart.fss.or.kr', port=443): Read timed out. (read timeout=15)
  [20250508000319] Exception: HTTPSConnectionPool(host='opendart.fss.or.kr', port=443): Read timed out. (read timeout=15)
  [20250508000096] Error: 파일이 존재하지 않습니다. (status: 014)
  [20250508000686] Error: 파일이 존재하지 않습니다. (status: 014)
  [20250508000096] Error: 파일이 존재하지 않습니다. (status: 014)
[20250508] disclosures 412, html downloaded 135 (106/459, 6637s)
  [20250507000375] Error: 파일이 존재하지 않습니다. (status: 014)
  [20250507000375] Error: 파일이 존재하지 않습니다. (status: 014)
[20250507] disclosures 377, html downloaded 148 (107/459, 6658s)
[20250506] disclosures 0, html downloaded 0 (108/459, 6658s)
[20250505] disclosures 0, html downloaded 0 (109/459, 6658s)
  [20250502000184] Exception: HTTPSConnectionPool(host='opendart.fss.or.kr', port=443): Read timed out. (read timeout=15)
  [20250502800226] Exception: HTTPSConnectionPool(host='opendart.fss.or.kr', port=443): Read timed out. (read timeout=15)
  [20250502000131] Exception: HTTPSConnectionPool(host='opendart.fss.or.kr', port=443): Read timed out. (read timeout=15)
  [20250502000088] Exception: HTTPSConnectionPool(host='opendart.fss.or.kr', port=443): Read timed out. (read timeout=15)
[20250502] disclosures 288, html downloaded 99 (110/459, 6734s)
[20250501-20250501 | None] Request failed: HTTPSConnectionPool(host='opendart.fss.or.kr', port=443): Read timed out. (read timeout=15)
[20250501] disclosures 0, html downloaded 0 (111/459, 6749s)
[20250430-20250430 | None] Request failed: HTTPSConnectionPool(host='opendart.fss.or.kr', port=443): Read timed out. (read timeout=15)
  [20250430901571] Exception: HTTPSConnectionPool(host='opendart.fss.or.kr', port=443): Read timed out. (read timeout=15)
  [20250430901563] Exception: HTTPSConnectionPool(host='opendart.fss.or.kr', port=443): Read timed out. (read timeout=15)
[20250430] disclosures 77, html downloaded 5 (112/459, 6798s)
  [20250429000894] Error: 파일이 존재하지 않습니다. (status: 014)
  [20250429000468] Error: 파일이 존재하지 않습니다. (status: 014)
  [20250429000392] Error: 파일이 존재하지 않습니다. (status: 014)
  [20250429000894] Error: 파일이 존재하지 않습니다. (status: 014)
  [20250429000468] Error: 파일이 존재하지 않습니다. (status: 014)
  [20250429000392] Error: 파일이 존재하지 않습니다. (status: 014)
[20250429] disclosures 448, html downloaded 198 (113/459, 6827s)
  [20250428000331] Exception: HTTPSConnectionPool(host='opendart.fss.or.kr', port=443): Read timed out. (read timeout=15)
  [20250428000321] Exception: HTTPSConnectionPool(host='opendart.fss.or.kr', port=443): Read timed out. (read timeout=15)
  [20250428000248] Exception: HTTPSConnectionPool(host='opendart.fss.or.kr', port=443): Read timed out. (read timeout=15)
  [20250428000224] Exception: HTTPSConnectionPool(host='opendart.fss.or.kr', port=443): Read timed out. (read timeout=15)
  [20250428000201] Exception: HTTPSConnectionPool(host='opendart.fss.or.kr', port=443): Read timed out. (read timeout=15)
  [20250428000179] Exception: HTTPSConnectionPool(host='opendart.fss.or.kr', port=443): Read timed out. (read timeout=15)
  [20250428800145] Exception: HTTPSConnectionPool(host='opendart.fss.or.kr', port=443): Read timed out. (read timeout=15)
[20250428] disclosures 356, html downloaded 131 (114/459, 6952s)
  [20250425000684] Error: 파일이 존재하지 않습니다. (status: 014)
  [20250425000684] Error: 파일이 존재하지 않습니다. (status: 014)
[20250425] disclosures 476, html downloaded 203 (115/459, 6980s)
  [20250424000527] Exception: HTTPSConnectionPool(host='opendart.fss.or.kr', port=443): Read timed out. (read timeout=15)
  [20250424000430] Exception: HTTPSConnectionPool(host='opendart.fss.or.kr', port=443): Read timed out. (read timeout=15)
[20250424] disclosures 325, html downloaded 95 (116/459, 7025s)
  [20250423000487] Error: 파일이 존재하지 않습니다. (status: 014)
  [20250423000508] Exception: HTTPSConnectionPool(host='opendart.fss.or.kr', port=443): Read timed out. (read timeout=15)
  [20250423800309] Exception: HTTPSConnectionPool(host='opendart.fss.or.kr', port=443): Read timed out. (read timeout=15)
  [20250423000223] Exception: HTTPSConnectionPool(host='opendart.fss.or.kr', port=443): Read timed out. (read timeout=15)
  [20250423000487] Error: 파일이 존재하지 않습니다. (status: 014)
  [20250423000508] Exception: HTTPSConnectionPool(host='opendart.fss.or.kr', port=443): Read timed out. (read timeout=15)
[20250423] disclosures 338, html downloaded 130 (117/459, 7105s)
[20250422-20250422 | None] Request failed: HTTPSConnectionPool(host='opendart.fss.or.kr', port=443): Read timed out. (read timeout=15)
  [20250422900351] Exception: HTTPSConnectionPool(host='opendart.fss.or.kr', port=443): Read timed out. (read timeout=15)
  [20250422000334] Exception: HTTPSConnectionPool(host='opendart.fss.or.kr', port=443): Read timed out. (read timeout=15)
[20250422] disclosures 175, html downloaded 81 (118/459, 7163s)
  [20250421000478] Error: 파일이 존재하지 않습니다. (status: 014)
  [20250421000368] Exception: HTTPSConnectionPool(host='opendart.fss.or.kr', port=443): Read timed out. (read timeout=15)
  [20250421800493] Exception: HTTPSConnectionPool(host='opendart.fss.or.kr', port=443): Read timed out. (read timeout=15)
  [20250421000478] Error: 파일이 존재하지 않습니다. (status: 014)
[20250421] disclosures 300, html downloaded 119 (119/459, 7211s)
  [20250418000494] Error: 파일이 존재하지 않습니다. (status: 014)
  [20250418000408] Exception: HTTPSConnectionPool(host='opendart.fss.or.kr', port=443): Read timed out. (read timeout=15)
  [20250418900673] Exception: HTTPSConnectionPool(host='opendart.fss.or.kr', port=443): Read timed out. (read timeout=15)
  [20250418000289] Error: 파일이 존재하지 않습니다. (status: 014)
  [20250418800585] Exception: HTTPSConnectionPool(host='opendart.fss.or.kr', port=443): Read timed out. (read timeout=15)
  [20250418900431] Exception: HTTPSConnectionPool(host='opendart.fss.or.kr', port=443): Read timed out. (read timeout=15)
  [20250418000494] Error: 파일이 존재하지 않습니다. (status: 014)
  [20250418000289] Exception: HTTPSConnectionPool(host='opendart.fss.or.kr', port=443): Read timed out. (read timeout=15)
[20250418] disclosures 327, html downloaded 128 (120/459, 7305s)
  [20250417000423] Exception: HTTPSConnectionPool(host='opendart.fss.or.kr', port=443): Read timed out. (read timeout=15)
  [20250417000281] Exception: HTTPSConnectionPool(host='opendart.fss.or.kr', port=443): Read timed out. (read timeout=15)
[20250417] disclosures 287, html downloaded 116 (121/459, 7353s)
  [20250416000380] Error: 파일이 존재하지 않습니다. (status: 014)
  [20250416000118] Error: 파일이 존재하지 않습니다. (status: 014)
  [20250416000058] Error: 파일이 존재하지 않습니다. (status: 014)
  [20250416000380] Error: 파일이 존재하지 않습니다. (status: 014)
  [20250416000118] Error: 파일이 존재하지 않습니다. (status: 014)
  [20250416000058] Error: 파일이 존재하지 않습니다. (status: 014)
[20250416] disclosures 306, html downloaded 139 (122/459, 7374s)
[20250415] disclosures 333, html downloaded 142 (123/459, 7392s)
[20250414-20250414 | None] Request failed: HTTPSConnectionPool(host='opendart.fss.or.kr', port=443): Read timed out. (read timeout=15)
  [20250414002128] Exception: HTTPSConnectionPool(host='opendart.fss.or.kr', port=443): Read timed out. (read timeout=15)
  [20250414002074] Exception: HTTPSConnectionPool(host='opendart.fss.or.kr', port=443): Read timed out. (read timeout=15)
  [20250414001699] Error: 파일이 존재하지 않습니다. (status: 014)
  [20250414001418] Error: 파일이 존재하지 않습니다. (status: 014)
  [20250414001388] Exception: HTTPSConnectionPool(host='opendart.fss.or.kr', port=443): Read timed out. (read timeout=15)
  [20250414001699] Error: 파일이 존재하지 않습니다. (status: 014)
  [20250414001418] Error: 파일이 존재하지 않습니다. (status: 014)
[20250414] disclosures 299, html downloaded 92 (124/459, 7470s)
  [20250411800707] Exception: HTTPSConnectionPool(host='opendart.fss.or.kr', port=443): Read timed out. (read timeout=15)
  [20250411003093] Exception: HTTPSConnectionPool(host='opendart.fss.or.kr', port=443): Read timed out. (read timeout=15)
  [20250411002718] Error: 파일이 존재하지 않습니다. (status: 014)
  [20250411002575] Exception: HTTPSConnectionPool(host='opendart.fss.or.kr', port=443): Read timed out. (read timeout=15)
  [20250411002718] Error: 파일이 존재하지 않습니다. (status: 014)
[20250411] disclosures 355, html downloaded 149 (125/459, 7543s)
[20250410-20250410 | None] Request failed: HTTPSConnectionPool(host='opendart.fss.or.kr', port=443): Read timed out. (read timeout=15)
  [20250410901193] Exception: HTTPSConnectionPool(host='opendart.fss.or.kr', port=443): Read timed out. (read timeout=15)
  [20250410901134] Exception: HTTPSConnectionPool(host='opendart.fss.or.kr', port=443): Read timed out. (read timeout=15)
  [20250410801130] Exception: HTTPSConnectionPool(host='opendart.fss.or.kr', port=443): Read timed out. (read timeout=15)
  [20250410002554] Exception: HTTPSConnectionPool(host='opendart.fss.or.kr', port=443): Read timed out. (read timeout=15)
  [20250410800903] Exception: HTTPSConnectionPool(host='opendart.fss.or.kr', port=443): Read timed out. (read timeout=15)
  [20250410002162] Exception: HTTPSConnectionPool(host='opendart.fss.or.kr', port=443): Read timed out. (read timeout=15)
  [20250410001432] Error: 파일이 존재하지 않습니다. (status: 014)
  [20250410900511] Exception: HTTPSConnectionPool(host='opendart.fss.or.kr', port=443): Read timed out. (read timeout=15)
  [20250410001432] Exception: HTTPSConnectionPool(host='opendart.fss.or.kr', port=443): Read timed out. (read timeout=15)
[20250410] disclosures 379, html downloaded 222 (126/459, 7712s)
  [20250409900679] Exception: HTTPSConnectionPool(host='opendart.fss.or.kr', port=443): Read timed out. (read timeout=15)
  [20250409002351] Exception: HTTPSConnectionPool(host='opendart.fss.or.kr', port=443): Read timed out. (read timeout=15)
  [20250409002212] Error: 파일이 존재하지 않습니다. (status: 014)
  [20250409002212] Error: 파일이 존재하지 않습니다. (status: 014)
[20250409] disclosures 356, html downloaded 214 (127/459, 7776s)
  [20250408003016] Exception: HTTPSConnectionPool(host='opendart.fss.or.kr', port=443): Read timed out. (read timeout=15)
  [20250408002939] Exception: HTTPSConnectionPool(host='opendart.fss.or.kr', port=443): Read timed out. (read timeout=15)
  [20250408002837] Exception: HTTPSConnectionPool(host='opendart.fss.or.kr', port=443): Read timed out. (read timeout=15)
  [20250408002694] Exception: HTTPSConnectionPool(host='opendart.fss.or.kr', port=443): Read timed out. (read timeout=15)
  [20250408002624] Exception: HTTPSConnectionPool(host='opendart.fss.or.kr', port=443): Read timed out. (read timeout=15)
  [20250408002595] Exception: HTTPSConnectionPool(host='opendart.fss.or.kr', port=443): Read timed out. (read timeout=15)
  [20250408900677] Exception: HTTPSConnectionPool(host='opendart.fss.or.kr', port=443): Read timed out. (read timeout=15)
  [20250408001917] Error: 파일이 존재하지 않습니다. (status: 014)
  [20250408001917] Error: 파일이 존재하지 않습니다. (status: 014)
[20250408] disclosures 379, html downloaded 191 (128/459, 7915s)
  [20250407004212] Error: 파일이 존재하지 않습니다. (status: 014)
  [20250407003263] Exception: HTTPSConnectionPool(host='opendart.fss.or.kr', port=443): Read timed out. (read timeout=15)
  [20250407800743] Exception: HTTPSConnectionPool(host='opendart.fss.or.kr', port=443): Read timed out. (read timeout=15)
  [20250407003231] Exception: HTTPSConnectionPool(host='opendart.fss.or.kr', port=443): Read timed out. (read timeout=15)
  [20250407003146] Exception: HTTPSConnectionPool(host='opendart.fss.or.kr', port=443): Read timed out. (read timeout=15)
  [20250407003105] Exception: HTTPSConnectionPool(host='opendart.fss.or.kr', port=443): Read timed out. (read timeout=15)
  [20250407003064] Exception: HTTPSConnectionPool(host='opendart.fss.or.kr', port=443): Read timed out. (read timeout=15)
  [20250407003030] Exception: HTTPSConnectionPool(host='opendart.fss.or.kr', port=443): Read timed out. (read timeout=15)
  [20250407000827] Exception: HTTPSConnectionPool(host='opendart.fss.or.kr', port=443): Read timed out. (read timeout=15)
  [20250407004212] Error: 파일이 존재하지 않습니다. (status: 014)
[20250407] disclosures 496, html downloaded 259 (129/459, 8079s)
  [20250404003610] Exception: HTTPSConnectionPool(host='opendart.fss.or.kr', port=443): Read timed out. (read timeout=15)
  [20250404003135] Exception: HTTPSConnectionPool(host='opendart.fss.or.kr', port=443): Read timed out. (read timeout=15)
  [20250404003071] Exception: HTTPSConnectionPool(host='opendart.fss.or.kr', port=443): Read timed out. (read timeout=15)
  [20250404003034] Exception: HTTPSConnectionPool(host='opendart.fss.or.kr', port=443): Read timed out. (read timeout=15)
  [20250404002705] Error: 파일이 존재하지 않습니다. (status: 014)
  [20250404002945] Exception: HTTPSConnectionPool(host='opendart.fss.or.kr', port=443): Read timed out. (read timeout=15)
  [20250404800741] Exception: HTTPSConnectionPool(host='opendart.fss.or.kr', port=443): Read timed out. (read timeout=15)
  [20250404002526] Exception: HTTPSConnectionPool(host='opendart.fss.or.kr', port=443): Read timed out. (read timeout=15)
  [20250404002454] Exception: HTTPSConnectionPool(host='opendart.fss.or.kr', port=443): Read timed out. (read timeout=15)
  [20250404000965] Exception: HTTPSConnectionPool(host='opendart.fss.or.kr', port=443): Read timed out. (read timeout=15)
  [20250403003770] Error: 파일이 존재하지 않습니다. (status: 014)
  [20250403003769] Error: 파일이 존재하지 않습니다. (status: 014)
  [20250404002705] Error: 파일이 존재하지 않습니다. (status: 014)
  [20250403003770] Error: 파일이 존재하지 않습니다. (status: 014)
  [20250403003769] Error: 파일이 존재하지 않습니다. (status: 014)
[20250404] disclosures 586, html downloaded 398 (130/459, 8281s)
  [20250403900509] Exception: HTTPSConnectionPool(host='opendart.fss.or.kr', port=443): Read timed out. (read timeout=15)
  [20250403001705] Exception: HTTPSConnectionPool(host='opendart.fss.or.kr', port=443): Read timed out. (read timeout=15)
  [20250403001470] Exception: HTTPSConnectionPool(host='opendart.fss.or.kr', port=443): Read timed out. (read timeout=15)
  [20250403001356] Exception: HTTPSConnectionPool(host='opendart.fss.or.kr', port=443): Read timed out. (read timeout=15)
  [20250403000001] Exception: HTTPSConnectionPool(host='opendart.fss.or.kr', port=443): Read timed out. (read timeout=15)
  [20250403000008] Error: 파일이 존재하지 않습니다. (status: 014)
  [20250403000006] Error: 파일이 존재하지 않습니다. (status: 014)
  [20250402003742] Exception: HTTPSConnectionPool(host='opendart.fss.or.kr', port=443): Read timed out. (read timeout=15)
  [20250403900509] Exception: HTTPSConnectionPool(host='opendart.fss.or.kr', port=443): Read timed out. (read timeout=15)
  [20250403000008] Error: 파일이 존재하지 않습니다. (status: 014)
  [20250403000006] Error: 파일이 존재하지 않습니다. (status: 014)
[20250403] disclosures 348, html downloaded 177 (131/459, 8420s)
  [20250402003532] Exception: HTTPSConnectionPool(host='opendart.fss.or.kr', port=443): Read timed out. (read timeout=15)
  [20250402003527] Exception: HTTPSConnectionPool(host='opendart.fss.or.kr', port=443): Read timed out. (read timeout=15)
  [20250402600797] Error: 파일이 존재하지 않습니다. (status: 014)
  [20250402003091] Error: 파일이 존재하지 않습니다. (status: 014)
  [20250402002762] Error: 파일이 존재하지 않습니다. (status: 014)
  [20250402001685] Exception: HTTPSConnectionPool(host='opendart.fss.or.kr', port=443): Read timed out. (read timeout=15)
  [20250402000397] Exception: HTTPSConnectionPool(host='opendart.fss.or.kr', port=443): Read timed out. (read timeout=15)
  [20250402000356] Exception: HTTPSConnectionPool(host='opendart.fss.or.kr', port=443): Read timed out. (read timeout=15)
  [20250402000130] Exception: HTTPSConnectionPool(host='opendart.fss.or.kr', port=443): Read timed out. (read timeout=15)
  [20250402600797] Error: 파일이 존재하지 않습니다. (status: 014)
  [20250402003091] Error: 파일이 존재하지 않습니다. (status: 014)
  [20250402002762] Error: 파일이 존재하지 않습니다. (status: 014)
[20250402] disclosures 458, html downloaded 267 (132/459, 8553s)
[20250401-20250401 | None] Request failed: HTTPSConnectionPool(host='opendart.fss.or.kr', port=443): Read timed out. (read timeout=15)
  [20250401601248] Exception: HTTPSConnectionPool(host='opendart.fss.or.kr', port=443): Read timed out. (read timeout=15)
  [20250401004104] Exception: HTTPSConnectionPool(host='opendart.fss.or.kr', port=443): Read timed out. (read timeout=15)
[20250401] disclosures 85, html downloaded 53 (133/459, 8608s)
[20250331-20250331 | None] Request failed: HTTPSConnectionPool(host='opendart.fss.or.kr', port=443): Read timed out. (read timeout=15)
[20250331] disclosures 0, html downloaded 0 (134/459, 8623s)
  [20250328002303] Exception: HTTPSConnectionPool(host='opendart.fss.or.kr', port=443): Read timed out. (read timeout=15)
  [20250328002176] Exception: HTTPSConnectionPool(host='opendart.fss.or.kr', port=443): Read timed out. (read timeout=15)
  [20250328001199] Error: 파일이 존재하지 않습니다. (status: 014)
  [20250328000273] Exception: HTTPSConnectionPool(host='opendart.fss.or.kr', port=443): Read timed out. (read timeout=15)
  [20250328001199] Exception: HTTPSConnectionPool(host='opendart.fss.or.kr', port=443): Read timed out. (read timeout=15)
[20250328] disclosures 1469, html downloaded 229 (135/459, 8721s)
  [20250327001274] Exception: HTTPSConnectionPool(host='opendart.fss.or.kr', port=443): Read timed out. (read timeout=15)
  [20250327001260] Exception: HTTPSConnectionPool(host='opendart.fss.or.kr', port=443): Read timed out. (read timeout=15)
  [20250327801734] Exception: HTTPSConnectionPool(host='opendart.fss.or.kr', port=443): Read timed out. (read timeout=15)
  [20250327801639] Exception: HTTPSConnectionPool(host='opendart.fss.or.kr', port=443): Read timed out. (read timeout=15)
  [20250327601545] Exception: HTTPSConnectionPool(host='opendart.fss.or.kr', port=443): Read timed out. (read timeout=15)
  [20250327801538] Exception: HTTPSConnectionPool(host='opendart.fss.or.kr', port=443): Read timed out. (read timeout=15)
  [20250327000938] Exception: HTTPSConnectionPool(host='opendart.fss.or.kr', port=443): Read timed out. (read timeout=15)
[20250327] disclosures 763, html downloaded 180 (136/459, 8854s)
  [20250326001231] Exception: HTTPSConnectionPool(host='opendart.fss.or.kr', port=443): Read timed out. (read timeout=15)
  [20250326802256] Exception: HTTPSConnectionPool(host='opendart.fss.or.kr', port=443): Read timed out. (read timeout=15)
  [20250326000720] Error: 파일이 존재하지 않습니다. (status: 014)
  [20250326802256] Exception: HTTPSConnectionPool(host='opendart.fss.or.kr', port=443): Read timed out. (read timeout=15)
  [20250326000720] Error: 파일이 존재하지 않습니다. (status: 014)
[20250326] disclosures 1378, html downloaded 142 (137/459, 8923s)
  [20250325001090] Exception: HTTPSConnectionPool(host='opendart.fss.or.kr', port=443): Read timed out. (read timeout=15)
  [20250325901289] Exception: HTTPSConnectionPool(host='opendart.fss.or.kr', port=443): Read timed out. (read timeout=15)
  [20250325000940] Exception: HTTPSConnectionPool(host='opendart.fss.or.kr', port=443): Read timed out. (read timeout=15)
  [20250325000933] Exception: HTTPSConnectionPool(host='opendart.fss.or.kr', port=443): Read timed out. (read timeout=15)
  [20250325000709] Exception: HTTPSConnectionPool(host='opendart.fss.or.kr', port=443): Read timed out. (read timeout=15)
[20250325] disclosures 719, html downloaded 121 (138/459, 9018s)
  [20250324000924] Exception: HTTPSConnectionPool(host='opendart.fss.or.kr', port=443): Read timed out. (read timeout=15)
  [20250324000864] Error: 파일이 존재하지 않습니다. (status: 014)
  [20250324000753] Exception: HTTPSConnectionPool(host='opendart.fss.or.kr', port=443): Read timed out. (read timeout=15)
  [20250324000769] Error: 파일이 존재하지 않습니다. (status: 014)
  [20250324900577] Exception: HTTPSConnectionPool(host='opendart.fss.or.kr', port=443): Read timed out. (read timeout=15)
  [20250324000299] Exception: HTTPSConnectionPool(host='opendart.fss.or.kr', port=443): Read timed out. (read timeout=15)
  [20250324000295] Exception: HTTPSConnectionPool(host='opendart.fss.or.kr', port=443): Read timed out. (read timeout=15)
  [20250324000864] Error: 파일이 존재하지 않습니다. (status: 014)
  [20250324000769] Error: 파일이 존재하지 않습니다. (status: 014)
[20250324] disclosures 607, html downloaded 174 (139/459, 9119s)
[20250321-20250321 | None] Request failed: HTTPSConnectionPool(host='opendart.fss.or.kr', port=443): Read timed out. (read timeout=15)
[20250321] disclosures 17, html downloaded 0 (140/459, 9134s)
  [20250320001217] Error: 파일이 존재하지 않습니다. (status: 014)
  [20250320901758] Exception: HTTPSConnectionPool(host='opendart.fss.or.kr', port=443): Read timed out. (read timeout=15)
  [20250320001256] Exception: HTTPSConnectionPool(host='opendart.fss.or.kr', port=443): Read timed out. (read timeout=15)
  [20250320000184] Error: 파일이 존재하지 않습니다. (status: 014)
  [20250320001217] Error: 파일이 존재하지 않습니다. (status: 014)
  [20250320901758] Exception: HTTPSConnectionPool(host='opendart.fss.or.kr', port=443): Read timed out. (read timeout=15)
  [20250320000184] Error: 파일이 존재하지 않습니다. (status: 014)
[20250320] disclosures 1706, html downloaded 130 (141/459, 9201s)
  [20250319600767] Error: 파일이 존재하지 않습니다. (status: 014)
  [20250319000680] Exception: HTTPSConnectionPool(host='opendart.fss.or.kr', port=443): Read timed out. (read timeout=15)
  [20250319000445] Exception: HTTPSConnectionPool(host='opendart.fss.or.kr', port=443): Read timed out. (read timeout=15)
  [20250319800230] Exception: HTTPSConnectionPool(host='opendart.fss.or.kr', port=443): Read timed out. (read timeout=15)
  [20250319000246] Exception: HTTPSConnectionPool(host='opendart.fss.or.kr', port=443): Read timed out. (read timeout=15)
  [20250319600767] Error: 파일이 존재하지 않습니다. (status: 014)
[20250319] disclosures 953, html downloaded 133 (142/459, 9283s)
  [20250318001062] Error: 파일이 존재하지 않습니다. (status: 014)
  [20250318000961] Exception: HTTPSConnectionPool(host='opendart.fss.or.kr', port=443): Read timed out. (read timeout=15)
  [20250318000804] Exception: HTTPSConnectionPool(host='opendart.fss.or.kr', port=443): Read timed out. (read timeout=15)
  [20250318000742] Exception: HTTPSConnectionPool(host='opendart.fss.or.kr', port=443): Read timed out. (read timeout=15)
  [20250318001062] Error: 파일이 존재하지 않습니다. (status: 014)
[20250318] disclosures 1417, html downloaded 107 (143/459, 9348s)
[20250317] disclosures 914, html downloaded 123 (144/459, 9366s)
  [20250314001465] Exception: HTTPSConnectionPool(host='opendart.fss.or.kr', port=443): Read timed out. (read timeout=15)
  [20250314001454] Exception: HTTPSConnectionPool(host='opendart.fss.or.kr', port=443): Read timed out. (read timeout=15)
  [20250314001369] Exception: HTTPSConnectionPool(host='opendart.fss.or.kr', port=443): Read timed out. (read timeout=15)
  [20250314001313] Error: 파일이 존재하지 않습니다. (status: 014)
  [20250314901201] Exception: HTTPSConnectionPool(host='opendart.fss.or.kr', port=443): Read timed out. (read timeout=15)
  [20250314001130] Exception: HTTPSConnectionPool(host='opendart.fss.or.kr', port=443): Read timed out. (read timeout=15)
  [20250314001091] Exception: HTTPSConnectionPool(host='opendart.fss.or.kr', port=443): Read timed out. (read timeout=15)
  [20250314001032] Exception: HTTPSConnectionPool(host='opendart.fss.or.kr', port=443): Read timed out. (read timeout=15)
  [20250314000844] Error: 파일이 존재하지 않습니다. (status: 014)
  [20250314900617] Exception: HTTPSConnectionPool(host='opendart.fss.or.kr', port=443): Read timed out. (read timeout=15)
  [20250314001313] Error: 파일이 존재하지 않습니다. (status: 014)
  [20250314000844] Error: 파일이 존재하지 않습니다. (status: 014)
[20250314] disclosures 1649, html downloaded 176 (145/459, 9517s)
  [20250313001289] Exception: HTTPSConnectionPool(host='opendart.fss.or.kr', port=443): Read timed out. (read timeout=15)
  [20250313001224] Exception: HTTPSConnectionPool(host='opendart.fss.or.kr', port=443): Read timed out. (read timeout=15)
  [20250313001201] Exception: HTTPSConnectionPool(host='opendart.fss.or.kr', port=443): Read timed out. (read timeout=15)
[20250313] disclosures 1898, html downloaded 134 (146/459, 9587s)
  [20250312000905] Exception: HTTPSConnectionPool(host='opendart.fss.or.kr', port=443): Read timed out. (read timeout=15)
  [20250312000901] Exception: HTTPSConnectionPool(host='opendart.fss.or.kr', port=443): Read timed out. (read timeout=15)
  [20250312000827] Exception: HTTPSConnectionPool(host='opendart.fss.or.kr', port=443): Read timed out. (read timeout=15)
  [20250312000817] Exception: HTTPSConnectionPool(host='opendart.fss.or.kr', port=443): Read timed out. (read timeout=15)
  [20250312000259] Error: 파일이 존재하지 않습니다. (status: 014)
  [20250312000158] Exception: HTTPSConnectionPool(host='opendart.fss.or.kr', port=443): Read timed out. (read timeout=15)
  [20250312000146] Exception: HTTPSConnectionPool(host='opendart.fss.or.kr', port=443): Read timed out. (read timeout=15)
  [20250312000133] Exception: HTTPSConnectionPool(host='opendart.fss.or.kr', port=443): Read timed out. (read timeout=15)
  [20250312000259] Error: 파일이 존재하지 않습니다. (status: 014)
[20250312] disclosures 1398, html downloaded 145 (147/459, 9718s)
  [20250311000724] Error: 파일이 존재하지 않습니다. (status: 014)
  [20250311000570] Error: 파일이 존재하지 않습니다. (status: 014)
  [20250311000153] Exception: HTTPSConnectionPool(host='opendart.fss.or.kr', port=443): Read timed out. (read timeout=15)
  [20250311000035] Exception: HTTPSConnectionPool(host='opendart.fss.or.kr', port=443): Read timed out. (read timeout=15)
  [20250311000724] Error: 파일이 존재하지 않습니다. (status: 014)
  [20250311000570] Error: 파일이 존재하지 않습니다. (status: 014)
[20250311] disclosures 1635, html downloaded 198 (148/459, 9789s)
  [20250310000347] Exception: HTTPSConnectionPool(host='opendart.fss.or.kr', port=443): Read timed out. (read timeout=15)
  [20250310000019] Exception: HTTPSConnectionPool(host='opendart.fss.or.kr', port=443): Read timed out. (read timeout=15)
[20250310] disclosures 1081, html downloaded 194 (149/459, 9851s)
  [20250307001157] Exception: HTTPSConnectionPool(host='opendart.fss.or.kr', port=443): Read timed out. (read timeout=15)
  [20250307001054] Exception: HTTPSConnectionPool(host='opendart.fss.or.kr', port=443): Read timed out. (read timeout=15)
  [20250307000930] Exception: HTTPSConnectionPool(host='opendart.fss.or.kr', port=443): Read timed out. (read timeout=15)
  [20250307000767] Exception: HTTPSConnectionPool(host='opendart.fss.or.kr', port=443): Read timed out. (read timeout=15)
  [20250307000717] Exception: HTTPSConnectionPool(host='opendart.fss.or.kr', port=443): Read timed out. (read timeout=15)
[20250307] disclosures 928, html downloaded 184 (150/459, 9954s)
  [20250306801309] Exception: HTTPSConnectionPool(host='opendart.fss.or.kr', port=443): Read timed out. (read timeout=15)
  [20250306000685] Exception: HTTPSConnectionPool(host='opendart.fss.or.kr', port=443): Read timed out. (read timeout=15)
  [20250306000595] Exception: HTTPSConnectionPool(host='opendart.fss.or.kr', port=443): Read timed out. (read timeout=15)
  [20250306000364] Exception: HTTPSConnectionPool(host='opendart.fss.or.kr', port=443): Read timed out. (read timeout=15)
  [20250306000358] Exception: HTTPSConnectionPool(host='opendart.fss.or.kr', port=443): Read timed out. (read timeout=15)
  [20250306000140] Exception: HTTPSConnectionPool(host='opendart.fss.or.kr', port=443): Read timed out. (read timeout=15)
[20250306] disclosures 861, html downloaded 148 (151/459, 10069s)
  [20250305900871] Exception: HTTPSConnectionPool(host='opendart.fss.or.kr', port=443): Read timed out. (read timeout=15)
  [20250305000566] Exception: HTTPSConnectionPool(host='opendart.fss.or.kr', port=443): Read timed out. (read timeout=15)
  [20250305000180] Exception: HTTPSConnectionPool(host='opendart.fss.or.kr', port=443): Read timed out. (read timeout=15)
  [20250305000130] Exception: HTTPSConnectionPool(host='opendart.fss.or.kr', port=443): Read timed out. (read timeout=15)
[20250305] disclosures 785, html downloaded 168 (152/459, 10154s)
  [20250304000677] Exception: HTTPSConnectionPool(host='opendart.fss.or.kr', port=443): Read timed out. (read timeout=15)
  [20250304900942] Exception: HTTPSConnectionPool(host='opendart.fss.or.kr', port=443): Read timed out. (read timeout=15)
  [20250304000604] Exception: HTTPSConnectionPool(host='opendart.fss.or.kr', port=443): Read timed out. (read timeout=15)
  [20250304000402] Error: 파일이 존재하지 않습니다. (status: 014)
  [20250304000349] Error: 파일이 존재하지 않습니다. (status: 014)
  [20250304000294] Exception: HTTPSConnectionPool(host='opendart.fss.or.kr', port=443): Read timed out. (read timeout=15)
  [20250304000402] Error: 파일이 존재하지 않습니다. (status: 014)
  [20250304000349] Error: 파일이 존재하지 않습니다. (status: 014)
[20250304] disclosures 676, html downloaded 179 (153/459, 10240s)
[20250303] disclosures 0, html downloaded 0 (154/459, 10240s)
  [20250228001828] Exception: HTTPSConnectionPool(host='opendart.fss.or.kr', port=443): Read timed out. (read timeout=15)
  [20250228001795] Exception: HTTPSConnectionPool(host='opendart.fss.or.kr', port=443): Read timed out. (read timeout=15)
  [20250228001730] Exception: HTTPSConnectionPool(host='opendart.fss.or.kr', port=443): Read timed out. (read timeout=15)
  [20250228001624] Exception: HTTPSConnectionPool(host='opendart.fss.or.kr', port=443): Read timed out. (read timeout=15)
[20250228] disclosures 1153, html downloaded 281 (155/459, 10342s)
[20250227-20250227 | None] Request failed: HTTPSConnectionPool(host='opendart.fss.or.kr', port=443): Read timed out. (read timeout=15)
  [20250227801243] Exception: HTTPSConnectionPool(host='opendart.fss.or.kr', port=443): Read timed out. (read timeout=15)
  [20250227801237] Exception: HTTPSConnectionPool(host='opendart.fss.or.kr', port=443): Read timed out. (read timeout=15)
  [20250227001841] Error: 파일이 존재하지 않습니다. (status: 014)
  [20250227001521] Error: 파일이 존재하지 않습니다. (status: 014)
  [20250227000256] Error: 파일이 존재하지 않습니다. (status: 014)
  [20250227001841] Error: 파일이 존재하지 않습니다. (status: 014)
  [20250227001521] Error: 파일이 존재하지 않습니다. (status: 014)
  [20250227000256] Error: 파일이 존재하지 않습니다. (status: 014)
[20250227] disclosures 889, html downloaded 159 (156/459, 10413s)
[20250226-20250226 | None] Request failed: HTTPSConnectionPool(host='opendart.fss.or.kr', port=443): Read timed out. (read timeout=15)
[20250226] disclosures 162, html downloaded 30 (157/459, 10432s)
  [20250225004700] Exception: HTTPSConnectionPool(host='opendart.fss.or.kr', port=443): Read timed out. (read timeout=15)
  [20250225003978] Exception: HTTPSConnectionPool(host='opendart.fss.or.kr', port=443): Read timed out. (read timeout=15)
  [20250225003729] Exception: HTTPSConnectionPool(host='opendart.fss.or.kr', port=443): Read timed out. (read timeout=15)
  [20250225900793] Exception: HTTPSConnectionPool(host='opendart.fss.or.kr', port=443): Read timed out. (read timeout=15)
  [20250225900605] Exception: HTTPSConnectionPool(host='opendart.fss.or.kr', port=443): Read timed out. (read timeout=15)
  [20250225003201] Exception: HTTPSConnectionPool(host='opendart.fss.or.kr', port=443): Read timed out. (read timeout=15)
  [20250225002061] Error: 파일이 존재하지 않습니다. (status: 014)
  [20250225002061] Error: 파일이 존재하지 않습니다. (status: 014)
[20250225] disclosures 776, html downloaded 131 (158/459, 10543s)
  [20250224002698] Exception: HTTPSConnectionPool(host='opendart.fss.or.kr', port=443): Read timed out. (read timeout=15)
  [20250224800221] Exception: HTTPSConnectionPool(host='opendart.fss.or.kr', port=443): Read timed out. (read timeout=15)
[20250224] disclosures 657, html downloaded 146 (159/459, 10594s)
[20250221-20250221 | None] Request failed: HTTPSConnectionPool(host='opendart.fss.or.kr', port=443): Read timed out. (read timeout=15)
  [20250221002528] Exception: HTTPSConnectionPool(host='opendart.fss.or.kr', port=443): Read timed out. (read timeout=15)
  [20250221002691] Exception: HTTPSConnectionPool(host='opendart.fss.or.kr', port=443): Read timed out. (read timeout=15)
[20250221] disclosures 121, html downloaded 31 (160/459, 10647s)
  [20250220800876] Exception: HTTPSConnectionPool(host='opendart.fss.or.kr', port=443): Read timed out. (read timeout=15)
[20250220] disclosures 513, html downloaded 111 (161/459, 10679s)
  [20250219000083] Exception: HTTPSConnectionPool(host='opendart.fss.or.kr', port=443): Read timed out. (read timeout=15)
[20250219] disclosures 516, html downloaded 135 (162/459, 10716s)
  [20250218001693] Exception: HTTPSConnectionPool(host='opendart.fss.or.kr', port=443): Read timed out. (read timeout=15)
  [20250218900831] Exception: HTTPSConnectionPool(host='opendart.fss.or.kr', port=443): Read timed out. (read timeout=15)
  [20250218900730] Exception: HTTPSConnectionPool(host='opendart.fss.or.kr', port=443): Read timed out. (read timeout=15)
  [20250218800673] Exception: HTTPSConnectionPool(host='opendart.fss.or.kr', port=443): Read timed out. (read timeout=15)
  [20250218800598] Exception: HTTPSConnectionPool(host='opendart.fss.or.kr', port=443): Read timed out. (read timeout=15)
  [20250218001141] Exception: HTTPSConnectionPool(host='opendart.fss.or.kr', port=443): Read timed out. (read timeout=15)
  [20250218001122] Exception: HTTPSConnectionPool(host='opendart.fss.or.kr', port=443): Read timed out. (read timeout=15)
[20250218] disclosures 443, html downloaded 122 (163/459, 10840s)
  [20250217001900] Error: 파일이 존재하지 않습니다. (status: 014)
  [20250217001900] Error: 파일이 존재하지 않습니다. (status: 014)
[20250217] disclosures 405, html downloaded 124 (164/459, 10860s)
  [20250214002409] Exception: HTTPSConnectionPool(host='opendart.fss.or.kr', port=443): Read timed out. (read timeout=15)
  [20250214002211] Exception: HTTPSConnectionPool(host='opendart.fss.or.kr', port=443): Read timed out. (read timeout=15)
  [20250214002223] Exception: HTTPSConnectionPool(host='opendart.fss.or.kr', port=443): Read timed out. (read timeout=15)
  [20250214002203] Exception: HTTPSConnectionPool(host='opendart.fss.or.kr', port=443): Read timed out. (read timeout=15)
  [20250214800494] Exception: HTTPSConnectionPool(host='opendart.fss.or.kr', port=443): Read timed out. (read timeout=15)
  [20250214001261] Exception: HTTPSConnectionPool(host='opendart.fss.or.kr', port=443): Read timed out. (read timeout=15)
  [20250214800404] Exception: HTTPSConnectionPool(host='opendart.fss.or.kr', port=443): Read timed out. (read timeout=15)
[20250214] disclosures 848, html downloaded 148 (165/459, 10990s)
  [20250213001055] Exception: HTTPSConnectionPool(host='opendart.fss.or.kr', port=443): Read timed out. (read timeout=15)
[20250213] disclosures 753, html downloaded 115 (166/459, 11027s)
[20250212-20250212 | None] Request failed: HTTPSConnectionPool(host='opendart.fss.or.kr', port=443): Read timed out. (read timeout=15)
  [20250212000492] Exception: HTTPSConnectionPool(host='opendart.fss.or.kr', port=443): Read timed out. (read timeout=15)
[20250212] disclosures 485, html downloaded 96 (167/459, 11074s)
  [20250211000765] Exception: HTTPSConnectionPool(host='opendart.fss.or.kr', port=443): Read timed out. (read timeout=15)
  [20250211000628] Exception: HTTPSConnectionPool(host='opendart.fss.or.kr', port=443): Read timed out. (read timeout=15)
  [20250211000624] Exception: HTTPSConnectionPool(host='opendart.fss.or.kr', port=443): Read timed out. (read timeout=15)
  [20250211000596] Exception: HTTPSConnectionPool(host='opendart.fss.or.kr', port=443): Read timed out. (read timeout=15)
  [20250211000440] Error: 파일이 존재하지 않습니다. (status: 014)
  [20250211000379] Error: 파일이 존재하지 않습니다. (status: 014)
  [20250211000096] Exception: HTTPSConnectionPool(host='opendart.fss.or.kr', port=443): Read timed out. (read timeout=15)
  [20250211000440] Error: 파일이 존재하지 않습니다. (status: 014)
  [20250211000379] Error: 파일이 존재하지 않습니다. (status: 014)
[20250211] disclosures 731, html downloaded 135 (168/459, 11170s)
[20250210] disclosures 636, html downloaded 148 (169/459, 11189s)
  [20250207000889] Exception: HTTPSConnectionPool(host='opendart.fss.or.kr', port=443): Read timed out. (read timeout=15)
  [20250207000885] Exception: HTTPSConnectionPool(host='opendart.fss.or.kr', port=443): Read timed out. (read timeout=15)
  [20250207000837] Exception: HTTPSConnectionPool(host='opendart.fss.or.kr', port=443): Read timed out. (read timeout=15)
  [20250207000828] Exception: HTTPSConnectionPool(host='opendart.fss.or.kr', port=443): Read timed out. (read timeout=15)
  [20250207901149] Exception: HTTPSConnectionPool(host='opendart.fss.or.kr', port=443): Read timed out. (read timeout=15)
  [20250207901068] Exception: HTTPSConnectionPool(host='opendart.fss.or.kr', port=443): Read timed out. (read timeout=15)
  [20250207000681] Exception: HTTPSConnectionPool(host='opendart.fss.or.kr', port=443): Read timed out. (read timeout=15)
  [20250207000683] Exception: HTTPSConnectionPool(host='opendart.fss.or.kr', port=443): Read timed out. (read timeout=15)
  [20250207901033] Exception: HTTPSConnectionPool(host='opendart.fss.or.kr', port=443): Read timed out. (read timeout=15)
[20250207] disclosures 746, html downloaded 233 (170/459, 11357s)
  [20250206000138] Exception: HTTPSConnectionPool(host='opendart.fss.or.kr', port=443): Read timed out. (read timeout=15)
  [20250206000136] Exception: HTTPSConnectionPool(host='opendart.fss.or.kr', port=443): Read timed out. (read timeout=15)
  [20250206000091] Exception: HTTPSConnectionPool(host='opendart.fss.or.kr', port=443): Read timed out. (read timeout=15)
  [20250206000041] Exception: HTTPSConnectionPool(host='opendart.fss.or.kr', port=443): Read timed out. (read timeout=15)
  [20250205000512] Exception: HTTPSConnectionPool(host='opendart.fss.or.kr', port=443): Read timed out. (read timeout=15)
  [20250206000091] Exception: HTTPSConnectionPool(host='opendart.fss.or.kr', port=443): Read timed out. (read timeout=15)
[20250206] disclosures 609, html downloaded 163 (171/459, 11471s)
[20250205-20250205 | None] Request failed: HTTPSConnectionPool(host='opendart.fss.or.kr', port=443): Read timed out. (read timeout=15)
  [20250205000510] Exception: HTTPSConnectionPool(host='opendart.fss.or.kr', port=443): Read timed out. (read timeout=15)
  [20250205000246] Error: 파일이 존재하지 않습니다. (status: 014)
  [20250205000246] Error: 파일이 존재하지 않습니다. (status: 014)
[20250205] disclosures 457, html downloaded 103 (172/459, 11517s)
  [20250204000541] Error: 파일이 존재하지 않습니다. (status: 014)
  [20250204000541] Error: 파일이 존재하지 않습니다. (status: 014)
[20250204] disclosures 573, html downloaded 255 (173/459, 11671s)
  [20250203000228] Error: 파일이 존재하지 않습니다. (status: 014)
  [20250203000228] Error: 파일이 존재하지 않습니다. (status: 014)
[20250203] disclosures 524, html downloaded 163 (174/459, 11693s)
  [20250131900560] Exception: HTTPSConnectionPool(host='opendart.fss.or.kr', port=443): Read timed out. (read timeout=15)
  [20250131000446] Exception: HTTPSConnectionPool(host='opendart.fss.or.kr', port=443): Read timed out. (read timeout=15)
  [20250131000431] Exception: HTTPSConnectionPool(host='opendart.fss.or.kr', port=443): Read timed out. (read timeout=15)
  [20250131000425] Exception: HTTPSConnectionPool(host='opendart.fss.or.kr', port=443): Read timed out. (read timeout=15)
  [20250131000384] Exception: HTTPSConnectionPool(host='opendart.fss.or.kr', port=443): Read timed out. (read timeout=15)
  [20250131000359] Error: 파일이 존재하지 않습니다. (status: 014)
  [20250131900329] Exception: HTTPSConnectionPool(host='opendart.fss.or.kr', port=443): Read timed out. (read timeout=15)
  [20250131000177] Exception: HTTPSConnectionPool(host='opendart.fss.or.kr', port=443): Read timed out. (read timeout=15)
  [20250131000359] Error: 파일이 존재하지 않습니다. (status: 014)
[20250131] disclosures 345, html downloaded 115 (175/459, 11817s)
[20250130] disclosures 0, html downloaded 0 (176/459, 11817s)
[20250129] disclosures 0, html downloaded 0 (177/459, 11817s)
[20250128] disclosures 0, html downloaded 0 (178/459, 11817s)
[20250127] disclosures 0, html downloaded 0 (179/459, 11817s)
  [20250124900544] Exception: HTTPSConnectionPool(host='opendart.fss.or.kr', port=443): Read timed out. (read timeout=15)
  [20250124000398] Exception: HTTPSConnectionPool(host='opendart.fss.or.kr', port=443): Read timed out. (read timeout=15)
  [20250124000254] Exception: HTTPSConnectionPool(host='opendart.fss.or.kr', port=443): Read timed out. (read timeout=15)
  [20250124000177] Error: 파일이 존재하지 않습니다. (status: 014)
  [20250124000177] Exception: HTTPSConnectionPool(host='opendart.fss.or.kr', port=443): Read timed out. (read timeout=15)
[20250124] disclosures 613, html downloaded 237 (180/459, 11910s)
[20250123-20250123 | None] Request failed: HTTPSConnectionPool(host='opendart.fss.or.kr', port=443): Read timed out. (read timeout=15)
[20250123] disclosures 0, html downloaded 0 (181/459, 11925s)
  [20250122000464] Exception: HTTPSConnectionPool(host='opendart.fss.or.kr', port=443): Read timed out. (read timeout=15)
  [20250122000349] Exception: HTTPSConnectionPool(host='opendart.fss.or.kr', port=443): Read timed out. (read timeout=15)
  [20250122000317] Exception: HTTPSConnectionPool(host='opendart.fss.or.kr', port=443): Read timed out. (read timeout=15)
[20250122] disclosures 345, html downloaded 122 (182/459, 11988s)
  [20250121000353] Exception: HTTPSConnectionPool(host='opendart.fss.or.kr', port=443): Read timed out. (read timeout=15)
[20250121] disclosures 241, html downloaded 96 (183/459, 12018s)
  [20250120000472] Exception: HTTPSConnectionPool(host='opendart.fss.or.kr', port=443): Read timed out. (read timeout=15)
  [20250120000443] Error: 파일이 존재하지 않습니다. (status: 014)
  [20250120900792] Exception: HTTPSConnectionPool(host='opendart.fss.or.kr', port=443): Read timed out. (read timeout=15)
  [20250120900795] Exception: HTTPSConnectionPool(host='opendart.fss.or.kr', port=443): Read timed out. (read timeout=15)
  [20250120000334] Exception: HTTPSConnectionPool(host='opendart.fss.or.kr', port=443): Read timed out. (read timeout=15)
  [20250120800593] Exception: HTTPSConnectionPool(host='opendart.fss.or.kr', port=443): Read timed out. (read timeout=15)
  [20250120000101] Exception: HTTPSConnectionPool(host='opendart.fss.or.kr', port=443): Read timed out. (read timeout=15)
  [20250120000099] Exception: HTTPSConnectionPool(host='opendart.fss.or.kr', port=443): Read timed out. (read timeout=15)
  [20250120000443] Error: 파일이 존재하지 않습니다. (status: 014)
[20250120] disclosures 318, html downloaded 131 (184/459, 12143s)
[20250117] disclosures 305, html downloaded 115 (185/459, 12157s)
[20250116] disclosures 226, html downloaded 68 (186/459, 12166s)
  [20250115800211] Exception: HTTPSConnectionPool(host='opendart.fss.or.kr', port=443): Read timed out. (read timeout=15)
  [20250115900172] Exception: HTTPSConnectionPool(host='opendart.fss.or.kr', port=443): Read timed out. (read timeout=15)
[20250115] disclosures 260, html downloaded 103 (187/459, 12211s)
  [20250114000438] Exception: HTTPSConnectionPool(host='opendart.fss.or.kr', port=443): Read timed out. (read timeout=15)
  [20250114000213] Exception: HTTPSConnectionPool(host='opendart.fss.or.kr', port=443): Read timed out. (read timeout=15)
  [20250114800048] Exception: HTTPSConnectionPool(host='opendart.fss.or.kr', port=443): Read timed out. (read timeout=15)
[20250114] disclosures 236, html downloaded 79 (188/459, 12270s)
[20250113-20250113 | None] Request failed: HTTPSConnectionPool(host='opendart.fss.or.kr', port=443): Read timed out. (read timeout=15)
  [20250113800638] Exception: HTTPSConnectionPool(host='opendart.fss.or.kr', port=443): Read timed out. (read timeout=15)
[20250113] disclosures 110, html downloaded 57 (189/459, 12312s)
  [20250110000641] Exception: HTTPSConnectionPool(host='opendart.fss.or.kr', port=443): Read timed out. (read timeout=15)
  [20250110000253] Exception: HTTPSConnectionPool(host='opendart.fss.or.kr', port=443): Read timed out. (read timeout=15)
  [20250110000213] Exception: HTTPSConnectionPool(host='opendart.fss.or.kr', port=443): Read timed out. (read timeout=15)
  [20250110000087] Exception: HTTPSConnectionPool(host='opendart.fss.or.kr', port=443): Read timed out. (read timeout=15)
  [20250110000073] Exception: HTTPSConnectionPool(host='opendart.fss.or.kr', port=443): Read timed out. (read timeout=15)
[20250110] disclosures 352, html downloaded 161 (190/459, 12413s)
[20250109-20250109 | None] Request failed: HTTPSConnectionPool(host='opendart.fss.or.kr', port=443): Read timed out. (read timeout=15)
[20250109] disclosures 0, html downloaded 0 (191/459, 12428s)
  [20250108000504] Exception: HTTPSConnectionPool(host='opendart.fss.or.kr', port=443): Read timed out. (read timeout=15)
  [20250108000484] Exception: HTTPSConnectionPool(host='opendart.fss.or.kr', port=443): Read timed out. (read timeout=15)
  [20250108800001] Exception: HTTPSConnectionPool(host='opendart.fss.or.kr', port=443): Read timed out. (read timeout=15)
[20250108] disclosures 392, html downloaded 253 (192/459, 12506s)
[20250107-20250107 | None] Request failed: HTTPSConnectionPool(host='opendart.fss.or.kr', port=443): Read timed out. (read timeout=15)
  [20250107000550] Exception: HTTPSConnectionPool(host='opendart.fss.or.kr', port=443): Read timed out. (read timeout=15)
  [20250107000546] Exception: HTTPSConnectionPool(host='opendart.fss.or.kr', port=443): Read timed out. (read timeout=15)
  [20250107000519] Exception: HTTPSConnectionPool(host='opendart.fss.or.kr', port=443): Read timed out. (read timeout=15)
  [20250107000513] Exception: HTTPSConnectionPool(host='opendart.fss.or.kr', port=443): Read timed out. (read timeout=15)
  [20250107000487] Exception: HTTPSConnectionPool(host='opendart.fss.or.kr', port=443): Read timed out. (read timeout=15)
  [20250107000484] Exception: HTTPSConnectionPool(host='opendart.fss.or.kr', port=443): Read timed out. (read timeout=15)
[20250107] disclosures 81, html downloaded 55 (193/459, 12621s)
[20250106-20250106 | None] Request failed: HTTPSConnectionPool(host='opendart.fss.or.kr', port=443): Read timed out. (read timeout=15)
  [20250106000400] Exception: HTTPSConnectionPool(host='opendart.fss.or.kr', port=443): Read timed out. (read timeout=15)
  [20250106000263] Exception: HTTPSConnectionPool(host='opendart.fss.or.kr', port=443): Read timed out. (read timeout=15)
[20250106] disclosures 245, html downloaded 168 (194/459, 12689s)
  [20250103000498] Exception: HTTPSConnectionPool(host='opendart.fss.or.kr', port=443): Read timed out. (read timeout=15)
  [20250103000338] Exception: HTTPSConnectionPool(host='opendart.fss.or.kr', port=443): Read timed out. (read timeout=15)
  [20250103000150] Exception: HTTPSConnectionPool(host='opendart.fss.or.kr', port=443): Read timed out. (read timeout=15)
  [20250103900163] Exception: HTTPSConnectionPool(host='opendart.fss.or.kr', port=443): Read timed out. (read timeout=15)
  [20250103000338] Exception: HTTPSConnectionPool(host='opendart.fss.or.kr', port=443): Read timed out. (read timeout=15)
[20250103] disclosures 406, html downloaded 225 (195/459, 12795s)
[20250102-20250102 | None] Request failed: HTTPSConnectionPool(host='opendart.fss.or.kr', port=443): Read timed out. (read timeout=15)
  [20250102800662] Exception: HTTPSConnectionPool(host='opendart.fss.or.kr', port=443): Read timed out. (read timeout=15)
[20250102] disclosures 47, html downloaded 29 (196/459, 12831s)
[20250101] disclosures 0, html downloaded 0 (197/459, 12831s)
  [20241231900530] Exception: HTTPSConnectionPool(host='opendart.fss.or.kr', port=443): Read timed out. (read timeout=15)
  [20241231000417] Exception: HTTPSConnectionPool(host='opendart.fss.or.kr', port=443): Read timed out. (read timeout=15)
  [20241231000310] Exception: HTTPSConnectionPool(host='opendart.fss.or.kr', port=443): Read timed out. (read timeout=15)
  [20241230000640] Error: 파일이 존재하지 않습니다. (status: 014)
  [20241230000640] Error: 파일이 존재하지 않습니다. (status: 014)
[20241231] disclosures 306, html downloaded 153 (198/459, 12899s)
  [20241230900918] Exception: HTTPSConnectionPool(host='opendart.fss.or.kr', port=443): Read timed out. (read timeout=15)
  [20241230000521] Exception: HTTPSConnectionPool(host='opendart.fss.or.kr', port=443): Read timed out. (read timeout=15)
  [20241230800731] Exception: HTTPSConnectionPool(host='opendart.fss.or.kr', port=443): Read timed out. (read timeout=15)
  [20241230800717] Exception: HTTPSConnectionPool(host='opendart.fss.or.kr', port=443): Read timed out. (read timeout=15)
  [20241230800656] Exception: HTTPSConnectionPool(host='opendart.fss.or.kr', port=443): Read timed out. (read timeout=15)
  [20241230000455] Exception: HTTPSConnectionPool(host='opendart.fss.or.kr', port=443): Read timed out. (read timeout=15)
  [20241230800655] Exception: HTTPSConnectionPool(host='opendart.fss.or.kr', port=443): Read timed out. (read timeout=15)
  [20241230000424] Exception: HTTPSConnectionPool(host='opendart.fss.or.kr', port=443): Read timed out. (read timeout=15)
  [20241230000380] Exception: HTTPSConnectionPool(host='opendart.fss.or.kr', port=443): Read timed out. (read timeout=15)
  [20241230000391] Exception: HTTPSConnectionPool(host='opendart.fss.or.kr', port=443): Read timed out. (read timeout=15)
  [20241230900176] Error: 파일이 존재하지 않습니다. (status: 014)
  [20241230900176] Error: 파일이 존재하지 않습니다. (status: 014)
[20241230] disclosures 512, html downloaded 284 (199/459, 13088s)
  [20241227801000] Exception: HTTPSConnectionPool(host='opendart.fss.or.kr', port=443): Read timed out. (read timeout=15)
  [20241227900817] Exception: HTTPSConnectionPool(host='opendart.fss.or.kr', port=443): Read timed out. (read timeout=15)
  [20241227000550] Exception: HTTPSConnectionPool(host='opendart.fss.or.kr', port=443): Read timed out. (read timeout=15)
  [20241227800429] Exception: HTTPSConnectionPool(host='opendart.fss.or.kr', port=443): Read timed out. (read timeout=15)
  [20241227000082] Exception: HTTPSConnectionPool(host='opendart.fss.or.kr', port=443): Read timed out. (read timeout=15)
[20241227] disclosures 530, html downloaded 266 (200/459, 13200s)
  [20241226800759] Exception: HTTPSConnectionPool(host='opendart.fss.or.kr', port=443): Read timed out. (read timeout=15)
  [20241226900771] Exception: HTTPSConnectionPool(host='opendart.fss.or.kr', port=443): Read timed out. (read timeout=15)
  [20241226000474] Exception: HTTPSConnectionPool(host='opendart.fss.or.kr', port=443): Read timed out. (read timeout=15)
  [20241226900679] Exception: HTTPSConnectionPool(host='opendart.fss.or.kr', port=443): Read timed out. (read timeout=15)
  [20241226900670] Exception: HTTPSConnectionPool(host='opendart.fss.or.kr', port=443): Read timed out. (read timeout=15)
  [20241226000393] Exception: HTTPSConnectionPool(host='opendart.fss.or.kr', port=443): Read timed out. (read timeout=15)
[20241226] disclosures 441, html downloaded 215 (201/459, 13320s)
[20241225] disclosures 0, html downloaded 0 (202/459, 13320s)
  [20241224900698] Exception: HTTPSConnectionPool(host='opendart.fss.or.kr', port=443): Read timed out. (read timeout=15)
  [20241224000493] Error: 파일이 존재하지 않습니다. (status: 014)
  [20241224000420] Exception: HTTPSConnectionPool(host='opendart.fss.or.kr', port=443): Read timed out. (read timeout=15)
  [20241224900478] Exception: HTTPSConnectionPool(host='opendart.fss.or.kr', port=443): Read timed out. (read timeout=15)
  [20241224000372] Error: 파일이 존재하지 않습니다. (status: 014)
  [20241224000375] Exception: HTTPSConnectionPool(host='opendart.fss.or.kr', port=443): Read timed out. (read timeout=15)
  [20241224000344] Exception: HTTPSConnectionPool(host='opendart.fss.or.kr', port=443): Read timed out. (read timeout=15)
  [20241224800387] Exception: HTTPSConnectionPool(host='opendart.fss.or.kr', port=443): Read timed out. (read timeout=15)
  [20241224000182] Exception: HTTPSConnectionPool(host='opendart.fss.or.kr', port=443): Read timed out. (read timeout=15)
  [20241224000493] Error: 파일이 존재하지 않습니다. (status: 014)
  [20241224000372] Error: 파일이 존재하지 않습니다. (status: 014)
[20241224] disclosures 398, html downloaded 191 (203/459, 13452s)
  [20241223000457] Error: 파일이 존재하지 않습니다. (status: 014)
  [20241223000355] Exception: HTTPSConnectionPool(host='opendart.fss.or.kr', port=443): Read timed out. (read timeout=15)
  [20241223900268] Exception: HTTPSConnectionPool(host='opendart.fss.or.kr', port=443): Read timed out. (read timeout=15)
  [20241223900104] Exception: HTTPSConnectionPool(host='opendart.fss.or.kr', port=443): Read timed out. (read timeout=15)
  [20241223000457] Error: 파일이 존재하지 않습니다. (status: 014)
[20241223] disclosures 418, html downloaded 190 (204/459, 13633s)
[20241220] disclosures 555, html downloaded 278 (205/459, 13666s)
[20241219-20241219 | None] Request failed: HTTPSConnectionPool(host='opendart.fss.or.kr', port=443): Read timed out. (read timeout=15)
  [20241219000508] Error: 파일이 존재하지 않습니다. (status: 014)
  [20241219000508] Error: 파일이 존재하지 않습니다. (status: 014)
[20241219] disclosures 55, html downloaded 25 (206/459, 13687s)
  [20241218000391] Exception: HTTPSConnectionPool(host='opendart.fss.or.kr', port=443): Read timed out. (read timeout=15)
  [20241218900316] Exception: HTTPSConnectionPool(host='opendart.fss.or.kr', port=443): Read timed out. (read timeout=15)
  [20241218800190] Exception: HTTPSConnectionPool(host='opendart.fss.or.kr', port=443): Read timed out. (read timeout=15)
  [20241218000127] Exception: HTTPSConnectionPool(host='opendart.fss.or.kr', port=443): Read timed out. (read timeout=15)
[20241218] disclosures 346, html downloaded 158 (207/459, 13770s)
[20241217-20241217 | None] Request failed: HTTPSConnectionPool(host='opendart.fss.or.kr', port=443): Read timed out. (read timeout=15)
  [20241217000419] Exception: HTTPSConnectionPool(host='opendart.fss.or.kr', port=443): Read timed out. (read timeout=15)
[20241217] disclosures 143, html downloaded 67 (208/459, 13811s)
  [20241216801865] Exception: HTTPSConnectionPool(host='opendart.fss.or.kr', port=443): Read timed out. (read timeout=15)
  [20241216901847] Exception: HTTPSConnectionPool(host='opendart.fss.or.kr', port=443): Read timed out. (read timeout=15)
  [20241216601012] Exception: HTTPSConnectionPool(host='opendart.fss.or.kr', port=443): Read timed out. (read timeout=15)
  [20241216000193] Exception: HTTPSConnectionPool(host='opendart.fss.or.kr', port=443): Read timed out. (read timeout=15)
  [20241216801001] Exception: HTTPSConnectionPool(host='opendart.fss.or.kr', port=443): Read timed out. (read timeout=15)
  [20241216800914] Error: 파일이 존재하지 않습니다. (status: 014)
  [20241216000159] Error: 파일이 존재하지 않습니다. (status: 014)
  [20241216000094] Exception: HTTPSConnectionPool(host='opendart.fss.or.kr', port=443): Read timed out. (read timeout=15)
  [20241216900561] Exception: HTTPSConnectionPool(host='opendart.fss.or.kr', port=443): Read timed out. (read timeout=15)
  [20241216000023] Exception: HTTPSConnectionPool(host='opendart.fss.or.kr', port=443): Read timed out. (read timeout=15)
  [20241216800914] Error: 파일이 존재하지 않습니다. (status: 014)
  [20241216000159] Error: 파일이 존재하지 않습니다. (status: 014)
[20241216] disclosures 1484, html downloaded 210 (209/459, 13963s)
  [20241213000414] Exception: HTTPSConnectionPool(host='opendart.fss.or.kr', port=443): Read timed out. (read timeout=15)
  [20241213000385] Exception: HTTPSConnectionPool(host='opendart.fss.or.kr', port=443): Read timed out. (read timeout=15)
  [20241213000145] Exception: HTTPSConnectionPool(host='opendart.fss.or.kr', port=443): Read timed out. (read timeout=15)
[20241213] disclosures 1445, html downloaded 210 (210/459, 14040s)
  [20241212901076] Exception: HTTPSConnectionPool(host='opendart.fss.or.kr', port=443): Read timed out. (read timeout=15)
  [20241212000536] Exception: HTTPSConnectionPool(host='opendart.fss.or.kr', port=443): Read timed out. (read timeout=15)
  [20241212900554] Exception: HTTPSConnectionPool(host='opendart.fss.or.kr', port=443): Read timed out. (read timeout=15)
  [20241212000325] Exception: HTTPSConnectionPool(host='opendart.fss.or.kr', port=443): Read timed out. (read timeout=15)
  [20241212000248] Error: 파일이 존재하지 않습니다. (status: 014)
  [20241212000056] Exception: HTTPSConnectionPool(host='opendart.fss.or.kr', port=443): Read timed out. (read timeout=15)
  [20241212000030] Exception: HTTPSConnectionPool(host='opendart.fss.or.kr', port=443): Read timed out. (read timeout=15)
  [20241212000028] Exception: HTTPSConnectionPool(host='opendart.fss.or.kr', port=443): Read timed out. (read timeout=15)
  [20241212000248] Error: 파일이 존재하지 않습니다. (status: 014)
[20241212] disclosures 729, html downloaded 180 (211/459, 14174s)
[20241211] disclosures 520, html downloaded 172 (212/459, 14196s)
  [20241210100018] Error: 파일이 존재하지 않습니다. (status: 014)
  [20241210100017] Error: 파일이 존재하지 않습니다. (status: 014)
  [20241210000234] Exception: HTTPSConnectionPool(host='opendart.fss.or.kr', port=443): Read timed out. (read timeout=15)
  [20241210000179] Exception: HTTPSConnectionPool(host='opendart.fss.or.kr', port=443): Read timed out. (read timeout=15)
  [20241210000148] Exception: HTTPSConnectionPool(host='opendart.fss.or.kr', port=443): Read timed out. (read timeout=15)
  [20241210000067] Exception: HTTPSConnectionPool(host='opendart.fss.or.kr', port=443): Read timed out. (read timeout=15)
  [20241210000066] Exception: HTTPSConnectionPool(host='opendart.fss.or.kr', port=443): Read timed out. (read timeout=15)
  [20241210000051] Exception: HTTPSConnectionPool(host='opendart.fss.or.kr', port=443): Read timed out. (read timeout=15)
  [20241210000046] Exception: HTTPSConnectionPool(host='opendart.fss.or.kr', port=443): Read timed out. (read timeout=15)
  [20241210100018] Error: 파일이 존재하지 않습니다. (status: 014)
  [20241210100017] Error: 파일이 존재하지 않습니다. (status: 014)
[20241210] disclosures 473, html downloaded 186 (213/459, 14328s)
  [20241209000292] Exception: HTTPSConnectionPool(host='opendart.fss.or.kr', port=443): Read timed out. (read timeout=15)
  [20241209000230] Error: 파일이 존재하지 않습니다. (status: 014)
  [20241209000064] Error: 파일이 존재하지 않습니다. (status: 014)
  [20241209000230] Error: 파일이 존재하지 않습니다. (status: 014)
  [20241209000064] Error: 파일이 존재하지 않습니다. (status: 014)
[20241209] disclosures 377, html downloaded 174 (214/459, 14367s)
  [20241206000587] Error: 파일이 존재하지 않습니다. (status: 014)
  [20241206000547] Exception: HTTPSConnectionPool(host='opendart.fss.or.kr', port=443): Read timed out. (read timeout=15)
  [20241206000485] Exception: HTTPSConnectionPool(host='opendart.fss.or.kr', port=443): Read timed out. (read timeout=15)
  [20241206000466] Exception: HTTPSConnectionPool(host='opendart.fss.or.kr', port=443): Read timed out. (read timeout=15)
  [20241206000423] Exception: HTTPSConnectionPool(host='opendart.fss.or.kr', port=443): Read timed out. (read timeout=15)
  [20241206000365] Exception: HTTPSConnectionPool(host='opendart.fss.or.kr', port=443): Read timed out. (read timeout=15)
  [20241206000366] Exception: HTTPSConnectionPool(host='opendart.fss.or.kr', port=443): Read timed out. (read timeout=15)
  [20241206000334] Exception: HTTPSConnectionPool(host='opendart.fss.or.kr', port=443): Read timed out. (read timeout=15)
  [20241206000091] Exception: HTTPSConnectionPool(host='opendart.fss.or.kr', port=443): Read timed out. (read timeout=15)
  [20241206000587] Error: 파일이 존재하지 않습니다. (status: 014)
[20241206] disclosures 406, html downloaded 224 (215/459, 14517s)
  [20241205900143] Exception: HTTPSConnectionPool(host='opendart.fss.or.kr', port=443): Read timed out. (read timeout=15)
  [20241205800135] Exception: HTTPSConnectionPool(host='opendart.fss.or.kr', port=443): Read timed out. (read timeout=15)
[20241205] disclosures 311, html downloaded 155 (216/459, 14569s)
  [20241204000013] Error: 파일이 존재하지 않습니다. (status: 014)
  [20241204000013] Error: 파일이 존재하지 않습니다. (status: 014)
[20241204] disclosures 313, html downloaded 166 (217/459, 14591s)
  [20241203000400] Exception: HTTPSConnectionPool(host='opendart.fss.or.kr', port=443): Read timed out. (read timeout=15)
  [20241203900544] Exception: HTTPSConnectionPool(host='opendart.fss.or.kr', port=443): Read timed out. (read timeout=15)
  [20241203800542] Exception: HTTPSConnectionPool(host='opendart.fss.or.kr', port=443): Read timed out. (read timeout=15)
  [20241203800483] Exception: HTTPSConnectionPool(host='opendart.fss.or.kr', port=443): Read timed out. (read timeout=15)
  [20241203000349] Exception: HTTPSConnectionPool(host='opendart.fss.or.kr', port=443): Read timed out. (read timeout=15)
  [20241203900501] Exception: HTTPSConnectionPool(host='opendart.fss.or.kr', port=443): Read timed out. (read timeout=15)
  [20241203000324] Exception: HTTPSConnectionPool(host='opendart.fss.or.kr', port=443): Read timed out. (read timeout=15)
  [20241203000215] Exception: HTTPSConnectionPool(host='opendart.fss.or.kr', port=443): Read timed out. (read timeout=15)
[20241203] disclosures 344, html downloaded 180 (218/459, 14737s)
  [20241202000091] Exception: HTTPSConnectionPool(host='opendart.fss.or.kr', port=443): Read timed out. (read timeout=15)
  [20241202900001] Exception: HTTPSConnectionPool(host='opendart.fss.or.kr', port=443): Read timed out. (read timeout=15)
[20241202] disclosures 359, html downloaded 144 (219/459, 14788s)
[20241129-20241129 | None] Request failed: HTTPSConnectionPool(host='opendart.fss.or.kr', port=443): Read timed out. (read timeout=15)
[20241129] disclosures 0, html downloaded 0 (220/459, 14803s)
[20241128-20241128 | None] Request failed: HTTPSConnectionPool(host='opendart.fss.or.kr', port=443): Read timed out. (read timeout=15)
  [20241128800764] Error: 파일이 존재하지 않습니다. (status: 014)
  [20241128001361] Exception: HTTPSConnectionPool(host='opendart.fss.or.kr', port=443): Read timed out. (read timeout=15)
  [20241128001296] Error: 파일이 존재하지 않습니다. (status: 014)
  [20241128800589] Exception: HTTPSConnectionPool(host='opendart.fss.or.kr', port=443): Read timed out. (read timeout=15)
  [20241128800764] Error: 파일이 존재하지 않습니다. (status: 014)
  [20241128001296] Error: 파일이 존재하지 않습니다. (status: 014)
[20241128] disclosures 248, html downloaded 99 (221/459, 14864s)
[20241127-20241127 | None] Request failed: HTTPSConnectionPool(host='opendart.fss.or.kr', port=443): Read timed out. (read timeout=15)
  [20241127000867] Exception: HTTPSConnectionPool(host='opendart.fss.or.kr', port=443): Read timed out. (read timeout=15)
  [20241127000778] Exception: HTTPSConnectionPool(host='opendart.fss.or.kr', port=443): Read timed out. (read timeout=15)
  [20241127000205] Exception: HTTPSConnectionPool(host='opendart.fss.or.kr', port=443): Read timed out. (read timeout=15)
[20241127] disclosures 357, html downloaded 125 (222/459, 14943s)
  [20241126000547] Error: 파일이 존재하지 않습니다. (status: 014)
  [20241126000547] Error: 파일이 존재하지 않습니다. (status: 014)
[20241126] disclosures 362, html downloaded 188 (223/459, 14969s)
  [20241125800423] Exception: HTTPSConnectionPool(host='opendart.fss.or.kr', port=443): Read timed out. (read timeout=15)
  [20241125900389] Exception: HTTPSConnectionPool(host='opendart.fss.or.kr', port=443): Read timed out. (read timeout=15)
  [20241125000321] Exception: HTTPSConnectionPool(host='opendart.fss.or.kr', port=443): Read timed out. (read timeout=15)
  [20241125000297] Exception: HTTPSConnectionPool(host='opendart.fss.or.kr', port=443): Read timed out. (read timeout=15)
  [20241125900286] Exception: HTTPSConnectionPool(host='opendart.fss.or.kr', port=443): Read timed out. (read timeout=15)
  [20241125000272] Exception: HTTPSConnectionPool(host='opendart.fss.or.kr', port=443): Read timed out. (read timeout=15)
  [20241125000247] Exception: HTTPSConnectionPool(host='opendart.fss.or.kr', port=443): Read timed out. (read timeout=15)
  [20241125900249] Exception: HTTPSConnectionPool(host='opendart.fss.or.kr', port=443): Read timed out. (read timeout=15)
  [20241125000112] Error: 파일이 존재하지 않습니다. (status: 014)
  [20241125000112] Error: 파일이 존재하지 않습니다. (status: 014)
[20241125] disclosures 285, html downloaded 127 (224/459, 15108s)
  [20241122000004] Exception: HTTPSConnectionPool(host='opendart.fss.or.kr', port=443): Read timed out. (read timeout=15)
[20241122] disclosures 356, html downloaded 172 (225/459, 15147s)
[20241121-20241121 | None] Request failed: HTTPSConnectionPool(host='opendart.fss.or.kr', port=443): Read timed out. (read timeout=15)
  [20241121000494] Exception: HTTPSConnectionPool(host='opendart.fss.or.kr', port=443): Read timed out. (read timeout=15)
  [20241121000482] Exception: HTTPSConnectionPool(host='opendart.fss.or.kr', port=443): Read timed out. (read timeout=15)
  [20241121800481] Exception: HTTPSConnectionPool(host='opendart.fss.or.kr', port=443): Read timed out. (read timeout=15)
  [20241121800525] Exception: HTTPSConnectionPool(host='opendart.fss.or.kr', port=443): Read timed out. (read timeout=15)
  [20241121000443] Exception: HTTPSConnectionPool(host='opendart.fss.or.kr', port=443): Read timed out. (read timeout=15)
  [20241121000315] Exception: HTTPSConnectionPool(host='opendart.fss.or.kr', port=443): Read timed out. (read timeout=15)
[20241121] disclosures 307, html downloaded 151 (226/459, 15273s)
[20241120-20241120 | None] Request failed: HTTPSConnectionPool(host='opendart.fss.or.kr', port=443): Read timed out. (read timeout=15)
  [20241120000407] Exception: HTTPSConnectionPool(host='opendart.fss.or.kr', port=443): Read timed out. (read timeout=15)
[20241120] disclosures 50, html downloaded 31 (227/459, 15310s)
[20241119] disclosures 254, html downloaded 131 (228/459, 15326s)
  [20241118000320] Exception: HTTPSConnectionPool(host='opendart.fss.or.kr', port=443): Read timed out. (read timeout=15)
  [20241118000278] Exception: HTTPSConnectionPool(host='opendart.fss.or.kr', port=443): Read timed out. (read timeout=15)
  [20241118900510] Exception: HTTPSConnectionPool(host='opendart.fss.or.kr', port=443): Read timed out. (read timeout=15)
  [20241118000281] Exception: HTTPSConnectionPool(host='opendart.fss.or.kr', port=443): Read timed out. (read timeout=15)
  [20241118000269] Exception: HTTPSConnectionPool(host='opendart.fss.or.kr', port=443): Read timed out. (read timeout=15)
  [20241118000238] Exception: HTTPSConnectionPool(host='opendart.fss.or.kr', port=443): Read timed out. (read timeout=15)
  [20241118900432] Exception: HTTPSConnectionPool(host='opendart.fss.or.kr', port=443): Read timed out. (read timeout=15)
  [20241118000200] Exception: HTTPSConnectionPool(host='opendart.fss.or.kr', port=443): Read timed out. (read timeout=15)
[20241118] disclosures 331, html downloaded 182 (229/459, 15472s)
[20241115] disclosures 249, html downloaded 129 (230/459, 15489s)
  [20241114001186] Exception: HTTPSConnectionPool(host='opendart.fss.or.kr', port=443): Read timed out. (read timeout=15)
  [20241114000903] Exception: HTTPSConnectionPool(host='opendart.fss.or.kr', port=443): Read timed out. (read timeout=15)
  [20241114000889] Exception: HTTPSConnectionPool(host='opendart.fss.or.kr', port=443): Read timed out. (read timeout=15)
  [20241114000457] Exception: HTTPSConnectionPool(host='opendart.fss.or.kr', port=443): Read timed out. (read timeout=15)
  [20241114900351] Exception: HTTPSConnectionPool(host='opendart.fss.or.kr', port=443): Read timed out. (read timeout=15)
  [20241114000123] Exception: HTTPSConnectionPool(host='opendart.fss.or.kr', port=443): Read timed out. (read timeout=15)
[20241114] disclosures 2410, html downloaded 132 (231/459, 15604s)
  [20241113800965] Exception: HTTPSConnectionPool(host='opendart.fss.or.kr', port=443): Read timed out. (read timeout=15)
  [20241113900954] Exception: HTTPSConnectionPool(host='opendart.fss.or.kr', port=443): Read timed out. (read timeout=15)
[20241113] disclosures 592, html downloaded 100 (232/459, 15649s)
[20241112] disclosures 362, html downloaded 99 (233/459, 15663s)
  [20241111000421] Exception: HTTPSConnectionPool(host='opendart.fss.or.kr', port=443): Read timed out. (read timeout=15)
  [20241111000294] Exception: HTTPSConnectionPool(host='opendart.fss.or.kr', port=443): Read timed out. (read timeout=15)
  [20241111000280] Exception: HTTPSConnectionPool(host='opendart.fss.or.kr', port=443): Read timed out. (read timeout=15)
  [20241111000154] Exception: HTTPSConnectionPool(host='opendart.fss.or.kr', port=443): Read timed out. (read timeout=15)
  [20241111000129] Exception: HTTPSConnectionPool(host='opendart.fss.or.kr', port=443): Read timed out. (read timeout=15)
  [20241111000125] Exception: HTTPSConnectionPool(host='opendart.fss.or.kr', port=443): Read timed out. (read timeout=15)
  [20241111000114] Exception: HTTPSConnectionPool(host='opendart.fss.or.kr', port=443): Read timed out. (read timeout=15)
  [20241111800175] Exception: HTTPSConnectionPool(host='opendart.fss.or.kr', port=443): Read timed out. (read timeout=15)
[20241111] disclosures 365, html downloaded 144 (234/459, 15804s)
[QUOTA] Self-imposed daily caps reached for all 2 keys.

[QUOTA] All keys exhausted. Sleeping 17.4h until 2026-07-10 00:10:00 ...

  [20241108000233] Error: 파일이 존재하지 않습니다. (status: 014)
  [20241108000233] Error: 파일이 존재하지 않습니다. (status: 014)
[20241108] disclosures 461, html downloaded 155 (235/459, 78380s)
[20241107] disclosures 381, html downloaded 135 (236/459, 78397s)
  [20241106000324] Exception: HTTPSConnectionPool(host='opendart.fss.or.kr', port=443): Read timed out. (read timeout=15)
  [20241106000308] Exception: HTTPSConnectionPool(host='opendart.fss.or.kr', port=443): Read timed out. (read timeout=15)
  [20241106800514] Exception: HTTPSConnectionPool(host='opendart.fss.or.kr', port=443): Read timed out. (read timeout=15)
  [20241106800473] Exception: HTTPSConnectionPool(host='opendart.fss.or.kr', port=443): Read timed out. (read timeout=15)
  [20241106000281] Exception: HTTPSConnectionPool(host='opendart.fss.or.kr', port=443): Read timed out. (read timeout=15)
  [20241106000262] Exception: HTTPSConnectionPool(host='opendart.fss.or.kr', port=443): Read timed out. (read timeout=15)
  [20241106000260] Exception: HTTPSConnectionPool(host='opendart.fss.or.kr', port=443): Read timed out. (read timeout=15)
[20241106] disclosures 317, html downloaded 111 (237/459, 78520s)
  [20241105000256] Exception: HTTPSConnectionPool(host='opendart.fss.or.kr', port=443): Read timed out. (read timeout=15)
[20241105] disclosures 303, html downloaded 121 (238/459, 78553s)
[20241104] disclosures 344, html downloaded 106 (239/459, 78566s)
  [20241101000384] Error: 파일이 존재하지 않습니다. (status: 014)
  [20241101000310] Exception: HTTPSConnectionPool(host='opendart.fss.or.kr', port=443): Read timed out. (read timeout=15)
  [20241101000217] Exception: HTTPSConnectionPool(host='opendart.fss.or.kr', port=443): Read timed out. (read timeout=15)
  [20241101900226] Exception: HTTPSConnectionPool(host='opendart.fss.or.kr', port=443): Read timed out. (read timeout=15)
  [20241101800208] Exception: HTTPSConnectionPool(host='opendart.fss.or.kr', port=443): Read timed out. (read timeout=15)
  [20241101000125] Exception: HTTPSConnectionPool(host='opendart.fss.or.kr', port=443): Read timed out. (read timeout=15)
  [20241101800085] Exception: HTTPSConnectionPool(host='opendart.fss.or.kr', port=443): Read timed out. (read timeout=15)
  [20241101000384] Error: 파일이 존재하지 않습니다. (status: 014)
  [20241101000217] Exception: HTTPSConnectionPool(host='opendart.fss.or.kr', port=443): Read timed out. (read timeout=15)
[20241101] disclosures 375, html downloaded 134 (240/459, 78692s)
  [20241031000480] Exception: HTTPSConnectionPool(host='opendart.fss.or.kr', port=443): Read timed out. (read timeout=15)
  [20241031000417] Error: 파일이 존재하지 않습니다. (status: 014)
  [20241031000417] Error: 파일이 존재하지 않습니다. (status: 014)
[20241031] disclosures 501, html downloaded 175 (241/459, 78732s)
  [20241030000381] Exception: HTTPSConnectionPool(host='opendart.fss.or.kr', port=443): Read timed out. (read timeout=15)
  [20241030000284] Exception: HTTPSConnectionPool(host='opendart.fss.or.kr', port=443): Read timed out. (read timeout=15)
  [20241030900347] Exception: HTTPSConnectionPool(host='opendart.fss.or.kr', port=443): Read timed out. (read timeout=15)
  [20241030800328] Exception: HTTPSConnectionPool(host='opendart.fss.or.kr', port=443): Read timed out. (read timeout=15)
  [20241030000189] Exception: HTTPSConnectionPool(host='opendart.fss.or.kr', port=443): Read timed out. (read timeout=15)
  [20241030900212] Exception: HTTPSConnectionPool(host='opendart.fss.or.kr', port=443): Read timed out. (read timeout=15)
  [20241030000104] Exception: HTTPSConnectionPool(host='opendart.fss.or.kr', port=443): Read timed out. (read timeout=15)
[20241030] disclosures 436, html downloaded 168 (242/459, 78862s)
  [20241029000307] Exception: HTTPSConnectionPool(host='opendart.fss.or.kr', port=443): Read timed out. (read timeout=15)
[20241029] disclosures 366, html downloaded 132 (243/459, 78897s)
  [20241028000376] Exception: HTTPSConnectionPool(host='opendart.fss.or.kr', port=443): Read timed out. (read timeout=15)
  [20241028000222] Exception: HTTPSConnectionPool(host='opendart.fss.or.kr', port=443): Read timed out. (read timeout=15)
  [20241028800367] Exception: HTTPSConnectionPool(host='opendart.fss.or.kr', port=443): Read timed out. (read timeout=15)
  [20241028000210] Exception: HTTPSConnectionPool(host='opendart.fss.or.kr', port=443): Read timed out. (read timeout=15)
[20241028] disclosures 386, html downloaded 136 (244/459, 78977s)
  [20241025000279] Error: 파일이 존재하지 않습니다. (status: 014)
  [20241025000279] Error: 파일이 존재하지 않습니다. (status: 014)
[20241025] disclosures 389, html downloaded 151 (245/459, 78999s)
  [20241024000361] Exception: HTTPSConnectionPool(host='opendart.fss.or.kr', port=443): Read timed out. (read timeout=15)
  [20241024000356] Exception: HTTPSConnectionPool(host='opendart.fss.or.kr', port=443): Read timed out. (read timeout=15)
  [20241024000348] Exception: HTTPSConnectionPool(host='opendart.fss.or.kr', port=443): Read timed out. (read timeout=15)
  [20241024800399] Exception: HTTPSConnectionPool(host='opendart.fss.or.kr', port=443): Read timed out. (read timeout=15)
  [20241024800389] Exception: HTTPSConnectionPool(host='opendart.fss.or.kr', port=443): Read timed out. (read timeout=15)
  [20241024000174] Exception: HTTPSConnectionPool(host='opendart.fss.or.kr', port=443): Read timed out. (read timeout=15)
  [20241024000074] Exception: HTTPSConnectionPool(host='opendart.fss.or.kr', port=443): Read timed out. (read timeout=15)
  [20241024000044] Exception: HTTPSConnectionPool(host='opendart.fss.or.kr', port=443): Read timed out. (read timeout=15)
[20241024] disclosures 340, html downloaded 116 (246/459, 79137s)
  [20241023000249] Error: 파일이 존재하지 않습니다. (status: 014)
  [20241023000249] Error: 파일이 존재하지 않습니다. (status: 014)
[20241023] disclosures 290, html downloaded 112 (247/459, 79154s)
  [20241022000150] Exception: HTTPSConnectionPool(host='opendart.fss.or.kr', port=443): Read timed out. (read timeout=15)
  [20241022000070] Exception: HTTPSConnectionPool(host='opendart.fss.or.kr', port=443): Read timed out. (read timeout=15)
  [20241022000019] Exception: HTTPSConnectionPool(host='opendart.fss.or.kr', port=443): Read timed out. (read timeout=15)
[20241022] disclosures 267, html downloaded 110 (248/459, 79217s)
  [20241021900522] Exception: HTTPSConnectionPool(host='opendart.fss.or.kr', port=443): Read timed out. (read timeout=15)
  [20241021000256] Exception: HTTPSConnectionPool(host='opendart.fss.or.kr', port=443): Read timed out. (read timeout=15)
  [20241021800408] Exception: HTTPSConnectionPool(host='opendart.fss.or.kr', port=443): Read timed out. (read timeout=15)
  [20241021000236] Exception: HTTPSConnectionPool(host='opendart.fss.or.kr', port=443): Read timed out. (read timeout=15)
  [20241021000221] Error: 파일이 존재하지 않습니다. (status: 014)
  [20241021000217] Error: 파일이 존재하지 않습니다. (status: 014)
  [20241021000023] Error: 파일이 존재하지 않습니다. (status: 014)
  [20241021000221] Error: 파일이 존재하지 않습니다. (status: 014)
  [20241021000217] Error: 파일이 존재하지 않습니다. (status: 014)
  [20241021000023] Error: 파일이 존재하지 않습니다. (status: 014)
[20241021] disclosures 279, html downloaded 95 (249/459, 79293s)
  [20241018000328] Exception: HTTPSConnectionPool(host='opendart.fss.or.kr', port=443): Read timed out. (read timeout=15)
[20241018] disclosures 300, html downloaded 116 (250/459, 79326s)
  [20241017000289] Exception: HTTPSConnectionPool(host='opendart.fss.or.kr', port=443): Read timed out. (read timeout=15)
  [20241017000263] Exception: HTTPSConnectionPool(host='opendart.fss.or.kr', port=443): Read timed out. (read timeout=15)
  [20241017000218] Exception: HTTPSConnectionPool(host='opendart.fss.or.kr', port=443): Read timed out. (read timeout=15)
  [20241017900214] Exception: HTTPSConnectionPool(host='opendart.fss.or.kr', port=443): Read timed out. (read timeout=15)
  [20241017000174] Exception: HTTPSConnectionPool(host='opendart.fss.or.kr', port=443): Read timed out. (read timeout=15)
  [20241017000092] Exception: HTTPSConnectionPool(host='opendart.fss.or.kr', port=443): Read timed out. (read timeout=15)
[20241017] disclosures 249, html downloaded 83 (251/459, 79430s)
  [20241016900370] Exception: HTTPSConnectionPool(host='opendart.fss.or.kr', port=443): Read timed out. (read timeout=15)
[20241016] disclosures 289, html downloaded 98 (252/459, 79461s)
  [20241015800547] Exception: HTTPSConnectionPool(host='opendart.fss.or.kr', port=443): Read timed out. (read timeout=15)
  [20241015000241] Error: 파일이 존재하지 않습니다. (status: 014)
  [20241015000241] Error: 파일이 존재하지 않습니다. (status: 014)
[20241015] disclosures 308, html downloaded 110 (253/459, 79494s)
  [20241014000205] Error: 파일이 존재하지 않습니다. (status: 014)
  [20241014000205] Error: 파일이 존재하지 않습니다. (status: 014)
[20241014] disclosures 243, html downloaded 79 (254/459, 79508s)
  [20241011000095] Exception: HTTPSConnectionPool(host='opendart.fss.or.kr', port=443): Read timed out. (read timeout=15)
[20241011] disclosures 294, html downloaded 115 (255/459, 79541s)
[20241010-20241010 | None] Request failed: HTTPSConnectionPool(host='opendart.fss.or.kr', port=443): Read timed out. (read timeout=15)
  [20241010900650] Exception: HTTPSConnectionPool(host='opendart.fss.or.kr', port=443): Read timed out. (read timeout=15)
[20241010] disclosures 51, html downloaded 25 (256/459, 79577s)
[20241009] disclosures 0, html downloaded 0 (257/459, 79577s)
  [20241008800716] Exception: HTTPSConnectionPool(host='opendart.fss.or.kr', port=443): Read timed out. (read timeout=15)
  [20241008000558] Exception: HTTPSConnectionPool(host='opendart.fss.or.kr', port=443): Read timed out. (read timeout=15)
  [20241008000553] Exception: HTTPSConnectionPool(host='opendart.fss.or.kr', port=443): Read timed out. (read timeout=15)
  [20241008000371] Exception: HTTPSConnectionPool(host='opendart.fss.or.kr', port=443): Read timed out. (read timeout=15)
  [20241008000338] Exception: HTTPSConnectionPool(host='opendart.fss.or.kr', port=443): Read timed out. (read timeout=15)
  [20241008000306] Error: 파일이 존재하지 않습니다. (status: 014)
  [20241008000268] Exception: HTTPSConnectionPool(host='opendart.fss.or.kr', port=443): Read timed out. (read timeout=15)
  [20241008800302] Error: 파일이 존재하지 않습니다. (status: 014)
  [20241008000250] Error: 파일이 존재하지 않습니다. (status: 014)
  [20241008000226] Error: 파일이 존재하지 않습니다. (status: 014)
  [20241008000221] Exception: HTTPSConnectionPool(host='opendart.fss.or.kr', port=443): Read timed out. (read timeout=15)
  [20241008000194] Error: 파일이 존재하지 않습니다. (status: 014)
  [20241008000179] Exception: HTTPSConnectionPool(host='opendart.fss.or.kr', port=443): Read timed out. (read timeout=15)
  [20241008800163] Exception: HTTPSConnectionPool(host='opendart.fss.or.kr', port=443): Read timed out. (read timeout=15)
  [20241008000306] Error: 파일이 존재하지 않습니다. (status: 014)
  [20241008800302] Error: 파일이 존재하지 않습니다. (status: 014)
  [20241008000250] Error: 파일이 존재하지 않습니다. (status: 014)
  [20241008000226] Error: 파일이 존재하지 않습니다. (status: 014)
  [20241008000194] Error: 파일이 존재하지 않습니다. (status: 014)
[20241008] disclosures 424, html downloaded 225 (258/459, 79745s)
  [20241007000380] Exception: HTTPSConnectionPool(host='opendart.fss.or.kr', port=443): Read timed out. (read timeout=15)
  [20241007000176] Exception: HTTPSConnectionPool(host='opendart.fss.or.kr', port=443): Read timed out. (read timeout=15)
[20241007] disclosures 361, html downloaded 204 (259/459, 79804s)
[20241004] disclosures 237, html downloaded 81 (260/459, 79889s)
[20241003] disclosures 0, html downloaded 0 (261/459, 79889s)
  [20241002000373] Error: 파일이 존재하지 않습니다. (status: 014)
  [20241002000175] Exception: HTTPSConnectionPool(host='opendart.fss.or.kr', port=443): Read timed out. (read timeout=15)
  [20241002800072] Exception: HTTPSConnectionPool(host='opendart.fss.or.kr', port=443): Read timed out. (read timeout=15)
  [20241002000011] Exception: HTTPSConnectionPool(host='opendart.fss.or.kr', port=443): Read timed out. (read timeout=15)
  [20241002000373] Error: 파일이 존재하지 않습니다. (status: 014)
[20241002] disclosures 393, html downloaded 163 (262/459, 79958s)
[20241001] disclosures 0, html downloaded 0 (263/459, 79958s)
  [20240930000515] Exception: HTTPSConnectionPool(host='opendart.fss.or.kr', port=443): Read timed out. (read timeout=15)
  [20240930800773] Exception: HTTPSConnectionPool(host='opendart.fss.or.kr', port=443): Read timed out. (read timeout=15)
  [20240930800646] Exception: HTTPSConnectionPool(host='opendart.fss.or.kr', port=443): Read timed out. (read timeout=15)
  [20240930000437] Exception: HTTPSConnectionPool(host='opendart.fss.or.kr', port=443): Read timed out. (read timeout=15)
  [20240930000404] Error: 파일이 존재하지 않습니다. (status: 014)
  [20240930000165] Exception: HTTPSConnectionPool(host='opendart.fss.or.kr', port=443): Read timed out. (read timeout=15)
  [20240930000404] Error: 파일이 존재하지 않습니다. (status: 014)
[20240930] disclosures 463, html downloaded 201 (264/459, 80062s)
  [20240927000964] Exception: HTTPSConnectionPool(host='opendart.fss.or.kr', port=443): Read timed out. (read timeout=15)
  [20240927900873] Exception: HTTPSConnectionPool(host='opendart.fss.or.kr', port=443): Read timed out. (read timeout=15)
  [20240927000904] Exception: HTTPSConnectionPool(host='opendart.fss.or.kr', port=443): Read timed out. (read timeout=15)
  [20240927000664] Error: 파일이 존재하지 않습니다. (status: 014)
  [20240927000614] Exception: HTTPSConnectionPool(host='opendart.fss.or.kr', port=443): Read timed out. (read timeout=15)
  [20240927000626] Error: 파일이 존재하지 않습니다. (status: 014)
  [20240927000590] Error: 파일이 존재하지 않습니다. (status: 014)
  [20240927000576] Exception: HTTPSConnectionPool(host='opendart.fss.or.kr', port=443): Read timed out. (read timeout=15)
  [20240927000588] Exception: HTTPSConnectionPool(host='opendart.fss.or.kr', port=443): Read timed out. (read timeout=15)
  [20240927000664] Error: 파일이 존재하지 않습니다. (status: 014)
  [20240927000626] Error: 파일이 존재하지 않습니다. (status: 014)
  [20240927000590] Error: 파일이 존재하지 않습니다. (status: 014)
[20240927] disclosures 409, html downloaded 181 (265/459, 80179s)
  [20240926000502] Error: 파일이 존재하지 않습니다. (status: 014)
  [20240926000480] Exception: HTTPSConnectionPool(host='opendart.fss.or.kr', port=443): Read timed out. (read timeout=15)
  [20240926000426] Error: 파일이 존재하지 않습니다. (status: 014)
  [20240926800519] Exception: HTTPSConnectionPool(host='opendart.fss.or.kr', port=443): Read timed out. (read timeout=15)
  [20240926000409] Exception: HTTPSConnectionPool(host='opendart.fss.or.kr', port=443): Read timed out. (read timeout=15)
  [20240926900345] Exception: HTTPSConnectionPool(host='opendart.fss.or.kr', port=443): Read timed out. (read timeout=15)
  [20240926000502] Error: 파일이 존재하지 않습니다. (status: 014)
  [20240926000426] Error: 파일이 존재하지 않습니다. (status: 014)
[20240926] disclosures 289, html downloaded 116 (266/459, 80258s)
  [20240925800604] Error: 파일이 존재하지 않습니다. (status: 014)
  [20240925000560] Exception: HTTPSConnectionPool(host='opendart.fss.or.kr', port=443): Read timed out. (read timeout=15)
  [20240925000554] Error: 파일이 존재하지 않습니다. (status: 014)
  [20240925000406] Exception: HTTPSConnectionPool(host='opendart.fss.or.kr', port=443): Read timed out. (read timeout=15)
  [20240925000062] Error: 파일이 존재하지 않습니다. (status: 014)
  [20240925800604] Error: 파일이 존재하지 않습니다. (status: 014)
  [20240925000554] Error: 파일이 존재하지 않습니다. (status: 014)
  [20240925000062] Error: 파일이 존재하지 않습니다. (status: 014)
[20240925] disclosures 328, html downloaded 149 (267/459, 80310s)
  [20240924000353] Error: 파일이 존재하지 않습니다. (status: 014)
  [20240924000322] Error: 파일이 존재하지 않습니다. (status: 014)
  [20240924000147] Exception: HTTPSConnectionPool(host='opendart.fss.or.kr', port=443): Read timed out. (read timeout=15)
  [20240924000044] Exception: HTTPSConnectionPool(host='opendart.fss.or.kr', port=443): Read timed out. (read timeout=15)
  [20240924000353] Error: 파일이 존재하지 않습니다. (status: 014)
  [20240924000322] Error: 파일이 존재하지 않습니다. (status: 014)
[20240924] disclosures 264, html downloaded 133 (268/459, 80359s)
  [20240923900448] Exception: HTTPSConnectionPool(host='opendart.fss.or.kr', port=443): Read timed out. (read timeout=15)
  [20240923000219] Exception: HTTPSConnectionPool(host='opendart.fss.or.kr', port=443): Read timed out. (read timeout=15)
  [20240923900272] Exception: HTTPSConnectionPool(host='opendart.fss.or.kr', port=443): Read timed out. (read timeout=15)
  [20240923800234] Exception: HTTPSConnectionPool(host='opendart.fss.or.kr', port=443): Read timed out. (read timeout=15)
  [20240923800221] Exception: HTTPSConnectionPool(host='opendart.fss.or.kr', port=443): Read timed out. (read timeout=15)
  [20240923900195] Exception: HTTPSConnectionPool(host='opendart.fss.or.kr', port=443): Read timed out. (read timeout=15)
[20240923] disclosures 296, html downloaded 131 (269/459, 80469s)
  [20240920000316] Error: 파일이 존재하지 않습니다. (status: 014)
  [20240920000299] Error: 파일이 존재하지 않습니다. (status: 014)
  [20240920000316] Error: 파일이 존재하지 않습니다. (status: 014)
  [20240920000299] Error: 파일이 존재하지 않습니다. (status: 014)
[20240920] disclosures 262, html downloaded 98 (270/459, 80485s)
  [20240919000267] Exception: HTTPSConnectionPool(host='opendart.fss.or.kr', port=443): Read timed out. (read timeout=15)
  [20240919000195] Exception: HTTPSConnectionPool(host='opendart.fss.or.kr', port=443): Read timed out. (read timeout=15)
  [20240919000155] Exception: HTTPSConnectionPool(host='opendart.fss.or.kr', port=443): Read timed out. (read timeout=15)
  [20240919000096] Exception: HTTPSConnectionPool(host='opendart.fss.or.kr', port=443): Read timed out. (read timeout=15)
  [20240919000041] Exception: HTTPSConnectionPool(host='opendart.fss.or.kr', port=443): Read timed out. (read timeout=15)
  [20240919000004] Error: 파일이 존재하지 않습니다. (status: 014)
  [20240919000004] Error: 파일이 존재하지 않습니다. (status: 014)
[20240919] disclosures 259, html downloaded 118 (271/459, 80578s)
[20240918] disclosures 0, html downloaded 0 (272/459, 80578s)
[20240917] disclosures 0, html downloaded 0 (273/459, 80578s)
[20240916] disclosures 0, html downloaded 0 (274/459, 80578s)
[20240913-20240913 | None] Request failed: HTTPSConnectionPool(host='opendart.fss.or.kr', port=443): Read timed out. (read timeout=15)
  [20240913000811] Error: 파일이 존재하지 않습니다. (status: 014)
  [20240913000786] Exception: HTTPSConnectionPool(host='opendart.fss.or.kr', port=443): Read timed out. (read timeout=15)
  [20240913000766] Exception: HTTPSConnectionPool(host='opendart.fss.or.kr', port=443): Read timed out. (read timeout=15)
  [20240913000811] Error: 파일이 존재하지 않습니다. (status: 014)
[20240913] disclosures 176, html downloaded 75 (275/459, 80637s)
  [20240912900262] Exception: HTTPSConnectionPool(host='opendart.fss.or.kr', port=443): Read timed out. (read timeout=15)
  [20240912000202] Error: 파일이 존재하지 않습니다. (status: 014)
  [20240912000202] Error: 파일이 존재하지 않습니다. (status: 014)
[20240912] disclosures 399, html downloaded 166 (276/459, 80675s)
  [20240911000381] Exception: HTTPSConnectionPool(host='opendart.fss.or.kr', port=443): Read timed out. (read timeout=15)
  [20240911800492] Exception: HTTPSConnectionPool(host='opendart.fss.or.kr', port=443): Read timed out. (read timeout=15)
  [20240911000303] Exception: HTTPSConnectionPool(host='opendart.fss.or.kr', port=443): Read timed out. (read timeout=15)
  [20240911800265] Exception: HTTPSConnectionPool(host='opendart.fss.or.kr', port=443): Read timed out. (read timeout=15)
  [20240911900245] Exception: HTTPSConnectionPool(host='opendart.fss.or.kr', port=443): Read timed out. (read timeout=15)
  [20240911000195] Exception: HTTPSConnectionPool(host='opendart.fss.or.kr', port=443): Read timed out. (read timeout=15)
[20240911] disclosures 280, html downloaded 107 (277/459, 80782s)
[20240910-20240910 | None] Request failed: HTTPSConnectionPool(host='opendart.fss.or.kr', port=443): Read timed out. (read timeout=15)
  [20240910000353] Exception: HTTPSConnectionPool(host='opendart.fss.or.kr', port=443): Read timed out. (read timeout=15)
[20240910] disclosures 279, html downloaded 135 (278/459, 80833s)
[20240909] disclosures 258, html downloaded 102 (279/459, 80845s)
  [20240906000533] Exception: HTTPSConnectionPool(host='opendart.fss.or.kr', port=443): Read timed out. (read timeout=15)
  [20240906800435] Exception: HTTPSConnectionPool(host='opendart.fss.or.kr', port=443): Read timed out. (read timeout=15)
  [20240906900426] Exception: HTTPSConnectionPool(host='opendart.fss.or.kr', port=443): Read timed out. (read timeout=15)
  [20240906000510] Exception: HTTPSConnectionPool(host='opendart.fss.or.kr', port=443): Read timed out. (read timeout=15)
  [20240906000449] Exception: HTTPSConnectionPool(host='opendart.fss.or.kr', port=443): Read timed out. (read timeout=15)
  [20240906000405] Exception: HTTPSConnectionPool(host='opendart.fss.or.kr', port=443): Read timed out. (read timeout=15)
  [20240906900290] Exception: HTTPSConnectionPool(host='opendart.fss.or.kr', port=443): Read timed out. (read timeout=15)
  [20240906000197] Error: 파일이 존재하지 않습니다. (status: 014)
  [20240906000197] Error: 파일이 존재하지 않습니다. (status: 014)
[20240906] disclosures 306, html downloaded 141 (280/459, 80972s)
  [20240905000138] Exception: HTTPSConnectionPool(host='opendart.fss.or.kr', port=443): Read timed out. (read timeout=15)
[20240905] disclosures 274, html downloaded 114 (281/459, 81005s)
  [20240904000283] Exception: HTTPSConnectionPool(host='opendart.fss.or.kr', port=443): Read timed out. (read timeout=15)
  [20240904000036] Exception: HTTPSConnectionPool(host='opendart.fss.or.kr', port=443): Read timed out. (read timeout=15)
[20240904] disclosures 262, html downloaded 123 (282/459, 81054s)
[20240903-20240903 | None] Request failed: HTTPSConnectionPool(host='opendart.fss.or.kr', port=443): Read timed out. (read timeout=15)
[20240903] disclosures 7, html downloaded 5 (283/459, 81070s)
[20240902-20240902 | None] Request failed: HTTPSConnectionPool(host='opendart.fss.or.kr', port=443): Read timed out. (read timeout=15)
  [20240902800790] Exception: HTTPSConnectionPool(host='opendart.fss.or.kr', port=443): Read timed out. (read timeout=15)
  [20240902000400] Exception: HTTPSConnectionPool(host='opendart.fss.or.kr', port=443): Read timed out. (read timeout=15)
  [20240902000396] Exception: HTTPSConnectionPool(host='opendart.fss.or.kr', port=443): Read timed out. (read timeout=15)
[20240902] disclosures 74, html downloaded 40 (284/459, 81137s)
  [20240830001615] Error: 파일이 존재하지 않습니다. (status: 014)
  [20240830000654] Exception: HTTPSConnectionPool(host='opendart.fss.or.kr', port=443): Read timed out. (read timeout=15)
  [20240830001615] Error: 파일이 존재하지 않습니다. (status: 014)
[20240830] disclosures 533, html downloaded 166 (285/459, 81180s)
  [20240829001525] Exception: HTTPSConnectionPool(host='opendart.fss.or.kr', port=443): Read timed out. (read timeout=15)
  [20240829001515] Exception: HTTPSConnectionPool(host='opendart.fss.or.kr', port=443): Read timed out. (read timeout=15)
  [20240829800446] Exception: HTTPSConnectionPool(host='opendart.fss.or.kr', port=443): Read timed out. (read timeout=15)
  [20240829001116] Error: 파일이 존재하지 않습니다. (status: 014)
  [20240829001134] Exception: HTTPSConnectionPool(host='opendart.fss.or.kr', port=443): Read timed out. (read timeout=15)
  [20240829900312] Exception: HTTPSConnectionPool(host='opendart.fss.or.kr', port=443): Read timed out. (read timeout=15)
  [20240829001056] Exception: HTTPSConnectionPool(host='opendart.fss.or.kr', port=443): Read timed out. (read timeout=15)
  [20240829001116] Error: 파일이 존재하지 않습니다. (status: 014)
[20240829] disclosures 399, html downloaded 108 (286/459, 81290s)
  [20240828900156] Error: 파일이 존재하지 않습니다. (status: 014)
  [20240828000315] Error: 파일이 존재하지 않습니다. (status: 014)
  [20240828000133] Error: 파일이 존재하지 않습니다. (status: 014)
  [20240828000147] Error: 파일이 존재하지 않습니다. (status: 014)
  [20240828900156] Error: 파일이 존재하지 않습니다. (status: 014)
  [20240828000315] Error: 파일이 존재하지 않습니다. (status: 014)
  [20240828000133] Error: 파일이 존재하지 않습니다. (status: 014)
  [20240828000147] Error: 파일이 존재하지 않습니다. (status: 014)
[20240828] disclosures 357, html downloaded 115 (287/459, 81309s)
  [20240827000586] Exception: HTTPSConnectionPool(host='opendart.fss.or.kr', port=443): Read timed out. (read timeout=15)
[20240827] disclosures 332, html downloaded 156 (288/459, 81348s)
  [20240826900371] Exception: HTTPSConnectionPool(host='opendart.fss.or.kr', port=443): Read timed out. (read timeout=15)
  [20240826000339] Exception: HTTPSConnectionPool(host='opendart.fss.or.kr', port=443): Read timed out. (read timeout=15)
  [20240826000329] Exception: HTTPSConnectionPool(host='opendart.fss.or.kr', port=443): Read timed out. (read timeout=15)
  [20240826000302] Exception: HTTPSConnectionPool(host='opendart.fss.or.kr', port=443): Read timed out. (read timeout=15)
  [20240826000297] Exception: HTTPSConnectionPool(host='opendart.fss.or.kr', port=443): Read timed out. (read timeout=15)
  [20240826000291] Exception: HTTPSConnectionPool(host='opendart.fss.or.kr', port=443): Read timed out. (read timeout=15)
  [20240826000289] Exception: HTTPSConnectionPool(host='opendart.fss.or.kr', port=443): Read timed out. (read timeout=15)
  [20240826000173] Exception: HTTPSConnectionPool(host='opendart.fss.or.kr', port=443): Read timed out. (read timeout=15)
  [20240826800111] Exception: HTTPSConnectionPool(host='opendart.fss.or.kr', port=443): Read timed out. (read timeout=15)
  [20240826000062] Exception: HTTPSConnectionPool(host='opendart.fss.or.kr', port=443): Read timed out. (read timeout=15)
  [20240826000060] Exception: HTTPSConnectionPool(host='opendart.fss.or.kr', port=443): Read timed out. (read timeout=15)
[20240826] disclosures 299, html downloaded 144 (289/459, 81534s)
  [20240823800353] Exception: HTTPSConnectionPool(host='opendart.fss.or.kr', port=443): Read timed out. (read timeout=15)
  [20240823000196] Exception: HTTPSConnectionPool(host='opendart.fss.or.kr', port=443): Read timed out. (read timeout=15)
[20240823] disclosures 298, html downloaded 125 (290/459, 81583s)
  [20240822000373] Exception: HTTPSConnectionPool(host='opendart.fss.or.kr', port=443): Read timed out. (read timeout=15)
  [20240822000358] Exception: HTTPSConnectionPool(host='opendart.fss.or.kr', port=443): Read timed out. (read timeout=15)
  [20240822000130] Exception: HTTPSConnectionPool(host='opendart.fss.or.kr', port=443): Read timed out. (read timeout=15)
  [20240822000075] Exception: HTTPSConnectionPool(host='opendart.fss.or.kr', port=443): Read timed out. (read timeout=15)
[20240822] disclosures 241, html downloaded 115 (291/459, 81661s)
  [20240821800430] Exception: HTTPSConnectionPool(host='opendart.fss.or.kr', port=443): Read timed out. (read timeout=15)
  [20240821000392] Exception: HTTPSConnectionPool(host='opendart.fss.or.kr', port=443): Read timed out. (read timeout=15)
  [20240821000369] Exception: HTTPSConnectionPool(host='opendart.fss.or.kr', port=443): Read timed out. (read timeout=15)
  [20240821800430] Exception: HTTPSConnectionPool(host='opendart.fss.or.kr', port=443): Read timed out. (read timeout=15)
[20240821] disclosures 319, html downloaded 118 (292/459, 81741s)
[20240820-20240820 | None] Request failed: HTTPSConnectionPool(host='opendart.fss.or.kr', port=443): Read timed out. (read timeout=15)
  [20240820000358] Exception: HTTPSConnectionPool(host='opendart.fss.or.kr', port=443): Read timed out. (read timeout=15)
[20240820] disclosures 127, html downloaded 64 (293/459, 81782s)
  [20240819000302] Exception: HTTPSConnectionPool(host='opendart.fss.or.kr', port=443): Read timed out. (read timeout=15)
  [20240819000292] Error: 파일이 존재하지 않습니다. (status: 014)
  [20240819000287] Error: 파일이 존재하지 않습니다. (status: 014)
  [20240819000206] Exception: HTTPSConnectionPool(host='opendart.fss.or.kr', port=443): Read timed out. (read timeout=15)
  [20240819000193] Exception: HTTPSConnectionPool(host='opendart.fss.or.kr', port=443): Read timed out. (read timeout=15)
  [20240819000292] Error: 파일이 존재하지 않습니다. (status: 014)
  [20240819000287] Error: 파일이 존재하지 않습니다. (status: 014)
[20240819] disclosures 311, html downloaded 154 (294/459, 81849s)
  [20240816000061] Error: 파일이 존재하지 않습니다. (status: 014)
  [20240816000061] Error: 파일이 존재하지 않습니다. (status: 014)
[20240816] disclosures 194, html downloaded 86 (295/459, 81863s)
[20240815] disclosures 0, html downloaded 0 (296/459, 81863s)
  [20240814003807] Exception: HTTPSConnectionPool(host='opendart.fss.or.kr', port=443): Read timed out. (read timeout=15)
  [20240814003524] Exception: HTTPSConnectionPool(host='opendart.fss.or.kr', port=443): Read timed out. (read timeout=15)
  [20240814003472] Exception: HTTPSConnectionPool(host='opendart.fss.or.kr', port=443): Read timed out. (read timeout=15)
  [20240814003436] Exception: HTTPSConnectionPool(host='opendart.fss.or.kr', port=443): Read timed out. (read timeout=15)
  [20240814602170] Exception: HTTPSConnectionPool(host='opendart.fss.or.kr', port=443): Read timed out. (read timeout=15)
  [20240814003161] Exception: HTTPSConnectionPool(host='opendart.fss.or.kr', port=443): Read timed out. (read timeout=15)
  [20240814002450] Exception: HTTPSConnectionPool(host='opendart.fss.or.kr', port=443): Read timed out. (read timeout=15)
  [20240814001864] Exception: HTTPSConnectionPool(host='opendart.fss.or.kr', port=443): Read timed out. (read timeout=15)
[20240814] disclosures 2770, html downloaded 191 (297/459, 82023s)
  [20240813000128] Exception: HTTPSConnectionPool(host='opendart.fss.or.kr', port=443): Read timed out. (read timeout=15)
[20240813] disclosures 737, html downloaded 143 (298/459, 82063s)
[20240812-20240812 | None] Request failed: HTTPSConnectionPool(host='opendart.fss.or.kr', port=443): Read timed out. (read timeout=15)
  [20240812000742] Exception: HTTPSConnectionPool(host='opendart.fss.or.kr', port=443): Read timed out. (read timeout=15)
  [20240812000733] Exception: HTTPSConnectionPool(host='opendart.fss.or.kr', port=443): Read timed out. (read timeout=15)
  [20240812000721] Exception: HTTPSConnectionPool(host='opendart.fss.or.kr', port=443): Read timed out. (read timeout=15)
  [20240812000692] Exception: HTTPSConnectionPool(host='opendart.fss.or.kr', port=443): Read timed out. (read timeout=15)
[20240812] disclosures 270, html downloaded 88 (299/459, 82153s)
  [20240809000673] Exception: HTTPSConnectionPool(host='opendart.fss.or.kr', port=443): Read timed out. (read timeout=15)
  [20240809000379] Exception: HTTPSConnectionPool(host='opendart.fss.or.kr', port=443): Read timed out. (read timeout=15)
  [20240809000039] Exception: HTTPSConnectionPool(host='opendart.fss.or.kr', port=443): Read timed out. (read timeout=15)
[20240809] disclosures 422, html downloaded 186 (300/459, 82225s)
  [20240808000341] Error: 파일이 존재하지 않습니다. (status: 014)
  [20240808000301] Exception: HTTPSConnectionPool(host='opendart.fss.or.kr', port=443): Read timed out. (read timeout=15)
  [20240808900372] Exception: HTTPSConnectionPool(host='opendart.fss.or.kr', port=443): Read timed out. (read timeout=15)
  [20240808000237] Exception: HTTPSConnectionPool(host='opendart.fss.or.kr', port=443): Read timed out. (read timeout=15)
  [20240808000228] Exception: HTTPSConnectionPool(host='opendart.fss.or.kr', port=443): Read timed out. (read timeout=15)
  [20240808000194] Exception: HTTPSConnectionPool(host='opendart.fss.or.kr', port=443): Read timed out. (read timeout=15)
  [20240808000024] Exception: HTTPSConnectionPool(host='opendart.fss.or.kr', port=443): Read timed out. (read timeout=15)
  [20240808000341] Error: 파일이 존재하지 않습니다. (status: 014)
[20240808] disclosures 335, html downloaded 118 (301/459, 82334s)
  [20240807000245] Error: 파일이 존재하지 않습니다. (status: 014)
  [20240807000245] Error: 파일이 존재하지 않습니다. (status: 014)
[20240807] disclosures 333, html downloaded 146 (302/459, 82355s)
  [20240806800887] Error: 파일이 존재하지 않습니다. (status: 014)
  [20240806000299] Error: 파일이 존재하지 않습니다. (status: 014)
  [20240806000304] Error: 파일이 존재하지 않습니다. (status: 014)
  [20240806000302] Error: 파일이 존재하지 않습니다. (status: 014)
  [20240806000298] Error: 파일이 존재하지 않습니다. (status: 014)
  [20240806800887] Error: 파일이 존재하지 않습니다. (status: 014)
  [20240806000299] Error: 파일이 존재하지 않습니다. (status: 014)
  [20240806000304] Error: 파일이 존재하지 않습니다. (status: 014)
  [20240806000302] Error: 파일이 존재하지 않습니다. (status: 014)
  [20240806000298] Error: 파일이 존재하지 않습니다. (status: 014)
[20240806] disclosures 281, html downloaded 115 (303/459, 82374s)
  [20240805000260] Exception: HTTPSConnectionPool(host='opendart.fss.or.kr', port=443): Read timed out. (read timeout=15)
  [20240805000256] Exception: HTTPSConnectionPool(host='opendart.fss.or.kr', port=443): Read timed out. (read timeout=15)
  [20240805000208] Exception: HTTPSConnectionPool(host='opendart.fss.or.kr', port=443): Read timed out. (read timeout=15)
  [20240805000243] Exception: HTTPSConnectionPool(host='opendart.fss.or.kr', port=443): Read timed out. (read timeout=15)
  [20240805000241] Exception: HTTPSConnectionPool(host='opendart.fss.or.kr', port=443): Read timed out. (read timeout=15)
  [20240805000234] Exception: HTTPSConnectionPool(host='opendart.fss.or.kr', port=443): Read timed out. (read timeout=15)
  [20240805800501] Exception: HTTPSConnectionPool(host='opendart.fss.or.kr', port=443): Read timed out. (read timeout=15)
  [20240805000114] Error: 파일이 존재하지 않습니다. (status: 014)
  [20240805000114] Error: 파일이 존재하지 않습니다. (status: 014)
[20240805] disclosures 336, html downloaded 146 (304/459, 82501s)
[20240802] disclosures 291, html downloaded 107 (305/459, 82515s)
[20240801] disclosures 247, html downloaded 95 (306/459, 82527s)
  [20240731900725] Exception: HTTPSConnectionPool(host='opendart.fss.or.kr', port=443): Read timed out. (read timeout=15)
  [20240731600626] Exception: HTTPSConnectionPool(host='opendart.fss.or.kr', port=443): Read timed out. (read timeout=15)
  [20240731000630] Exception: HTTPSConnectionPool(host='opendart.fss.or.kr', port=443): Read timed out. (read timeout=15)
  [20240731000625] Exception: HTTPSConnectionPool(host='opendart.fss.or.kr', port=443): Read timed out. (read timeout=15)
  [20240731900579] Exception: HTTPSConnectionPool(host='opendart.fss.or.kr', port=443): Read timed out. (read timeout=15)
  [20240731000593] Exception: HTTPSConnectionPool(host='opendart.fss.or.kr', port=443): Read timed out. (read timeout=15)
  [20240731000531] Exception: HTTPSConnectionPool(host='opendart.fss.or.kr', port=443): Read timed out. (read timeout=15)
  [20240731800513] Exception: HTTPSConnectionPool(host='opendart.fss.or.kr', port=443): Read timed out. (read timeout=15)
[20240731] disclosures 400, html downloaded 159 (307/459, 82671s)
  [20240730000199] Error: 파일이 존재하지 않습니다. (status: 014)
  [20240730000136] Error: 파일이 존재하지 않습니다. (status: 014)
  [20240730000199] Error: 파일이 존재하지 않습니다. (status: 014)
  [20240730000136] Error: 파일이 존재하지 않습니다. (status: 014)
[20240730] disclosures 302, html downloaded 117 (308/459, 82689s)
  [20240729000271] Error: 파일이 존재하지 않습니다. (status: 014)
  [20240729000225] Exception: HTTPSConnectionPool(host='opendart.fss.or.kr', port=443): Read timed out. (read timeout=15)
  [20240729800421] Exception: HTTPSConnectionPool(host='opendart.fss.or.kr', port=443): Read timed out. (read timeout=15)
  [20240729900397] Exception: HTTPSConnectionPool(host='opendart.fss.or.kr', port=443): Read timed out. (read timeout=15)
  [20240729000174] Exception: HTTPSConnectionPool(host='opendart.fss.or.kr', port=443): Read timed out. (read timeout=15)
  [20240729000170] Exception: HTTPSConnectionPool(host='opendart.fss.or.kr', port=443): Read timed out. (read timeout=15)
  [20240729900323] Exception: HTTPSConnectionPool(host='opendart.fss.or.kr', port=443): Read timed out. (read timeout=15)
  [20240729000151] Exception: HTTPSConnectionPool(host='opendart.fss.or.kr', port=443): Read timed out. (read timeout=15)
  [20240729000149] Exception: HTTPSConnectionPool(host='opendart.fss.or.kr', port=443): Read timed out. (read timeout=15)
  [20240729000271] Error: 파일이 존재하지 않습니다. (status: 014)
[20240729] disclosures 316, html downloaded 120 (309/459, 82827s)
[20240726] disclosures 461, html downloaded 188 (310/459, 82851s)
  [20240725000209] Error: 파일이 존재하지 않습니다. (status: 014)
  [20240725000167] Exception: HTTPSConnectionPool(host='opendart.fss.or.kr', port=443): Read timed out. (read timeout=15)
  [20240725900247] Exception: HTTPSConnectionPool(host='opendart.fss.or.kr', port=443): Read timed out. (read timeout=15)
  [20240725000128] Error: 파일이 존재하지 않습니다. (status: 014)
  [20240725000089] Exception: HTTPSConnectionPool(host='opendart.fss.or.kr', port=443): Read timed out. (read timeout=15)
  [20240725000209] Error: 파일이 존재하지 않습니다. (status: 014)
  [20240725000128] Error: 파일이 존재하지 않습니다. (status: 014)
[20240725] disclosures 395, html downloaded 139 (311/459, 82917s)
[20240724-20240724 | None] Request failed: HTTPSConnectionPool(host='opendart.fss.or.kr', port=443): Read timed out. (read timeout=15)
[20240724] disclosures 1, html downloaded 1 (312/459, 82932s)
  [20240723000297] Exception: HTTPSConnectionPool(host='opendart.fss.or.kr', port=443): Read timed out. (read timeout=15)
[20240723] disclosures 264, html downloaded 119 (313/459, 82965s)
  [20240722000231] Exception: HTTPSConnectionPool(host='opendart.fss.or.kr', port=443): Read timed out. (read timeout=15)
  [20240722800574] Exception: HTTPSConnectionPool(host='opendart.fss.or.kr', port=443): Read timed out. (read timeout=15)
  [20240722000136] Error: 파일이 존재하지 않습니다. (status: 014)
  [20240722800574] Exception: HTTPSConnectionPool(host='opendart.fss.or.kr', port=443): Read timed out. (read timeout=15)
  [20240722000136] Error: 파일이 존재하지 않습니다. (status: 014)
[20240722] disclosures 262, html downloaded 98 (314/459, 83025s)
[20240719-20240719 | None] Request failed: HTTPSConnectionPool(host='opendart.fss.or.kr', port=443): Read timed out. (read timeout=15)
  [20240719000494] Exception: HTTPSConnectionPool(host='opendart.fss.or.kr', port=443): Read timed out. (read timeout=15)
  [20240719000472] Exception: HTTPSConnectionPool(host='opendart.fss.or.kr', port=443): Read timed out. (read timeout=15)
[20240719] disclosures 155, html downloaded 72 (315/459, 83082s)
  [20240718000365] Exception: HTTPSConnectionPool(host='opendart.fss.or.kr', port=443): Read timed out. (read timeout=15)
  [20240718000150] Error: 파일이 존재하지 않습니다. (status: 014)
  [20240718000040] Exception: HTTPSConnectionPool(host='opendart.fss.or.kr', port=443): Read timed out. (read timeout=15)
  [20240718000150] Error: 파일이 존재하지 않습니다. (status: 014)
[20240718] disclosures 286, html downloaded 116 (316/459, 83129s)
  [20240717000352] Exception: HTTPSConnectionPool(host='opendart.fss.or.kr', port=443): Read timed out. (read timeout=15)
  [20240717000216] Exception: HTTPSConnectionPool(host='opendart.fss.or.kr', port=443): Read timed out. (read timeout=15)
  [20240717000192] Error: 파일이 존재하지 않습니다. (status: 014)
  [20240717000205] Exception: HTTPSConnectionPool(host='opendart.fss.or.kr', port=443): Read timed out. (read timeout=15)
  [20240717000173] Exception: HTTPSConnectionPool(host='opendart.fss.or.kr', port=443): Read timed out. (read timeout=15)
  [20240717000192] Error: 파일이 존재하지 않습니다. (status: 014)
[20240717] disclosures 279, html downloaded 108 (317/459, 83206s)
  [20240716000030] Error: 파일이 존재하지 않습니다. (status: 014)
  [20240716000030] Error: 파일이 존재하지 않습니다. (status: 014)
[20240716] disclosures 240, html downloaded 105 (318/459, 83223s)
  [20240715000391] Error: 파일이 존재하지 않습니다. (status: 014)
  [20240715000382] Error: 파일이 존재하지 않습니다. (status: 014)
  [20240715800484] Exception: HTTPSConnectionPool(host='opendart.fss.or.kr', port=443): Read timed out. (read timeout=15)
  [20240715900298] Exception: HTTPSConnectionPool(host='opendart.fss.or.kr', port=443): Read timed out. (read timeout=15)
  [20240715000167] Exception: HTTPSConnectionPool(host='opendart.fss.or.kr', port=443): Read timed out. (read timeout=15)
  [20240715800158] Exception: HTTPSConnectionPool(host='opendart.fss.or.kr', port=443): Read timed out. (read timeout=15)
  [20240715000391] Error: 파일이 존재하지 않습니다. (status: 014)
  [20240715000382] Error: 파일이 존재하지 않습니다. (status: 014)
[20240715] disclosures 280, html downloaded 126 (319/459, 83303s)
[20240712-20240712 | None] Request failed: HTTPSConnectionPool(host='opendart.fss.or.kr', port=443): Read timed out. (read timeout=15)
[20240712] disclosures 10, html downloaded 2 (320/459, 83318s)
  [20240711900483] Exception: HTTPSConnectionPool(host='opendart.fss.or.kr', port=443): Read timed out. (read timeout=15)
  [20240711800487] Exception: HTTPSConnectionPool(host='opendart.fss.or.kr', port=443): Read timed out. (read timeout=15)
  [20240711000357] Exception: HTTPSConnectionPool(host='opendart.fss.or.kr', port=443): Read timed out. (read timeout=15)
  [20240711000354] Exception: HTTPSConnectionPool(host='opendart.fss.or.kr', port=443): Read timed out. (read timeout=15)
  [20240711000331] Error: 파일이 존재하지 않습니다. (status: 014)
  [20240711000308] Exception: HTTPSConnectionPool(host='opendart.fss.or.kr', port=443): Read timed out. (read timeout=15)
  [20240711000331] Error: 파일이 존재하지 않습니다. (status: 014)
[20240711] disclosures 252, html downloaded 92 (321/459, 83408s)
  [20240710000599] Error: 파일이 존재하지 않습니다. (status: 014)
  [20240710800308] Exception: HTTPSConnectionPool(host='opendart.fss.or.kr', port=443): Read timed out. (read timeout=15)
  [20240710000599] Error: 파일이 존재하지 않습니다. (status: 014)
[20240710] disclosures 354, html downloaded 143 (322/459, 83444s)
  [20240709600628] Error: 파일이 존재하지 않습니다. (status: 014)
  [20240709000373] Exception: HTTPSConnectionPool(host='opendart.fss.or.kr', port=443): Read timed out. (read timeout=15)
  [20240709000344] Exception: HTTPSConnectionPool(host='opendart.fss.or.kr', port=443): Read timed out. (read timeout=15)
  [20240709000334] Exception: HTTPSConnectionPool(host='opendart.fss.or.kr', port=443): Read timed out. (read timeout=15)
  [20240709000320] Exception: HTTPSConnectionPool(host='opendart.fss.or.kr', port=443): Read timed out. (read timeout=15)
  [20240709000127] Exception: HTTPSConnectionPool(host='opendart.fss.or.kr', port=443): Read timed out. (read timeout=15)
  [20240709000069] Exception: HTTPSConnectionPool(host='opendart.fss.or.kr', port=443): Read timed out. (read timeout=15)
  [20240709000027] Exception: HTTPSConnectionPool(host='opendart.fss.or.kr', port=443): Read timed out. (read timeout=15)
  [20240709600628] Error: 파일이 존재하지 않습니다. (status: 014)
  [20240709000127] Exception: HTTPSConnectionPool(host='opendart.fss.or.kr', port=443): Read timed out. (read timeout=15)
[20240709] disclosures 243, html downloaded 115 (323/459, 83582s)
  [20240708000469] Error: 파일이 존재하지 않습니다. (status: 014)
  [20240708000460] Error: 파일이 존재하지 않습니다. (status: 014)
  [20240708000416] Error: 파일이 존재하지 않습니다. (status: 014)
  [20240708000403] Error: 파일이 존재하지 않습니다. (status: 014)
  [20240708000392] Error: 파일이 존재하지 않습니다. (status: 014)
  [20240708000469] Error: 파일이 존재하지 않습니다. (status: 014)
  [20240708000460] Error: 파일이 존재하지 않습니다. (status: 014)
  [20240708000416] Error: 파일이 존재하지 않습니다. (status: 014)
  [20240708000403] Error: 파일이 존재하지 않습니다. (status: 014)
  [20240708000392] Error: 파일이 존재하지 않습니다. (status: 014)
[20240708] disclosures 237, html downloaded 110 (324/459, 83600s)
  [20240705000390] Exception: HTTPSConnectionPool(host='opendart.fss.or.kr', port=443): Read timed out. (read timeout=15)
  [20240705000379] Exception: HTTPSConnectionPool(host='opendart.fss.or.kr', port=443): Read timed out. (read timeout=15)
  [20240705000175] Exception: HTTPSConnectionPool(host='opendart.fss.or.kr', port=443): Read timed out. (read timeout=15)
  [20240705000157] Exception: HTTPSConnectionPool(host='opendart.fss.or.kr', port=443): Read timed out. (read timeout=15)
  [20240705000141] Exception: HTTPSConnectionPool(host='opendart.fss.or.kr', port=443): Read timed out. (read timeout=15)
  [20240704000504] Exception: HTTPSConnectionPool(host='opendart.fss.or.kr', port=443): Read timed out. (read timeout=15)
[20240705] disclosures 346, html downloaded 179 (325/459, 83715s)
  [20240704000380] Error: 파일이 존재하지 않습니다. (status: 014)
  [20240704000380] Error: 파일이 존재하지 않습니다. (status: 014)
[20240704] disclosures 279, html downloaded 163 (326/459, 83738s)
  [20240703000472] Exception: HTTPSConnectionPool(host='opendart.fss.or.kr', port=443): Read timed out. (read timeout=15)
  [20240703000444] Exception: HTTPSConnectionPool(host='opendart.fss.or.kr', port=443): Read timed out. (read timeout=15)
  [20240703000441] Exception: HTTPSConnectionPool(host='opendart.fss.or.kr', port=443): Read timed out. (read timeout=15)
  [20240703000440] Exception: HTTPSConnectionPool(host='opendart.fss.or.kr', port=443): Read timed out. (read timeout=15)
  [20240703000437] Exception: HTTPSConnectionPool(host='opendart.fss.or.kr', port=443): Read timed out. (read timeout=15)
  [20240703000375] Exception: HTTPSConnectionPool(host='opendart.fss.or.kr', port=443): Read timed out. (read timeout=15)
  [20240703000191] Exception: HTTPSConnectionPool(host='opendart.fss.or.kr', port=443): Read timed out. (read timeout=15)
[20240703] disclosures 308, html downloaded 152 (327/459, 83868s)
[20240702-20240702 | None] Request failed: HTTPSConnectionPool(host='opendart.fss.or.kr', port=443): Read timed out. (read timeout=15)
  [20240702000459] Exception: HTTPSConnectionPool(host='opendart.fss.or.kr', port=443): Read timed out. (read timeout=15)
[20240702] disclosures 142, html downloaded 83 (328/459, 83911s)
  [20240701900560] Exception: HTTPSConnectionPool(host='opendart.fss.or.kr', port=443): Read timed out. (read timeout=15)
  [20240701000366] Exception: HTTPSConnectionPool(host='opendart.fss.or.kr', port=443): Read timed out. (read timeout=15)
  [20240701000203] Exception: HTTPSConnectionPool(host='opendart.fss.or.kr', port=443): Read timed out. (read timeout=15)
  [20240701000126] Exception: HTTPSConnectionPool(host='opendart.fss.or.kr', port=443): Read timed out. (read timeout=15)
  [20240701000096] Exception: HTTPSConnectionPool(host='opendart.fss.or.kr', port=443): Read timed out. (read timeout=15)
  [20240701800084] Exception: HTTPSConnectionPool(host='opendart.fss.or.kr', port=443): Read timed out. (read timeout=15)
[20240701] disclosures 365, html downloaded 169 (329/459, 84025s)
[20240628-20240628 | None] Request failed: HTTPSConnectionPool(host='opendart.fss.or.kr', port=443): Read timed out. (read timeout=15)
[20240628] disclosures 190, html downloaded 37 (330/459, 84045s)
  [20240627800709] Exception: HTTPSConnectionPool(host='opendart.fss.or.kr', port=443): Read timed out. (read timeout=15)
  [20240627000316] Error: 파일이 존재하지 않습니다. (status: 014)
  [20240627000031] Error: 파일이 존재하지 않습니다. (status: 014)
  [20240627000316] Error: 파일이 존재하지 않습니다. (status: 014)
  [20240627000031] Error: 파일이 존재하지 않습니다. (status: 014)
[20240627] disclosures 414, html downloaded 195 (331/459, 84088s)
[20240626-20240626 | None] Request failed: HTTPSConnectionPool(host='opendart.fss.or.kr', port=443): Read timed out. (read timeout=15)
  [20240626000555] Exception: HTTPSConnectionPool(host='opendart.fss.or.kr', port=443): Read timed out. (read timeout=15)
  [20240626000521] Exception: HTTPSConnectionPool(host='opendart.fss.or.kr', port=443): Read timed out. (read timeout=15)
  [20240626000517] Exception: HTTPSConnectionPool(host='opendart.fss.or.kr', port=443): Read timed out. (read timeout=15)
[20240626] disclosures 57, html downloaded 16 (332/459, 84153s)
  [20240625900602] Error: 파일이 존재하지 않습니다. (status: 014)
  [20240625000444] Exception: HTTPSConnectionPool(host='opendart.fss.or.kr', port=443): Read timed out. (read timeout=15)
  [20240625800518] Exception: HTTPSConnectionPool(host='opendart.fss.or.kr', port=443): Read timed out. (read timeout=15)
  [20240625000401] Exception: HTTPSConnectionPool(host='opendart.fss.or.kr', port=443): Read timed out. (read timeout=15)
  [20240625900602] Error: 파일이 존재하지 않습니다. (status: 014)
[20240625] disclosures 312, html downloaded 155 (333/459, 84220s)
[20240624] disclosures 294, html downloaded 153 (334/459, 84238s)
[20240621-20240621 | None] Request failed: HTTPSConnectionPool(host='opendart.fss.or.kr', port=443): Read timed out. (read timeout=15)
[20240621] disclosures 2, html downloaded 1 (335/459, 84254s)
  [20240620900425] Exception: HTTPSConnectionPool(host='opendart.fss.or.kr', port=443): Read timed out. (read timeout=15)
  [20240620900188] Exception: HTTPSConnectionPool(host='opendart.fss.or.kr', port=443): Read timed out. (read timeout=15)
  [20240620000114] Exception: HTTPSConnectionPool(host='opendart.fss.or.kr', port=443): Read timed out. (read timeout=15)
  [20240620000096] Exception: HTTPSConnectionPool(host='opendart.fss.or.kr', port=443): Read timed out. (read timeout=15)
[20240620] disclosures 229, html downloaded 98 (336/459, 84329s)
[20240619-20240619 | None] Request failed: HTTPSConnectionPool(host='opendart.fss.or.kr', port=443): Read timed out. (read timeout=15)
  [20240619800834] Exception: HTTPSConnectionPool(host='opendart.fss.or.kr', port=443): Read timed out. (read timeout=15)
[20240619] disclosures 19, html downloaded 9 (337/459, 84363s)
  [20240618800188] Exception: HTTPSConnectionPool(host='opendart.fss.or.kr', port=443): Read timed out. (read timeout=15)
[20240618] disclosures 307, html downloaded 136 (338/459, 84398s)
  [20240617000295] Exception: HTTPSConnectionPool(host='opendart.fss.or.kr', port=443): Read timed out. (read timeout=15)
  [20240617000231] Exception: HTTPSConnectionPool(host='opendart.fss.or.kr', port=443): Read timed out. (read timeout=15)
  [20240617800146] Exception: HTTPSConnectionPool(host='opendart.fss.or.kr', port=443): Read timed out. (read timeout=15)
  [20240617000052] Exception: HTTPSConnectionPool(host='opendart.fss.or.kr', port=443): Read timed out. (read timeout=15)
  [20240617000030] Exception: HTTPSConnectionPool(host='opendart.fss.or.kr', port=443): Read timed out. (read timeout=15)
[20240617] disclosures 278, html downloaded 126 (339/459, 84492s)
[20240614-20240614 | None] Request failed: HTTPSConnectionPool(host='opendart.fss.or.kr', port=443): Read timed out. (read timeout=15)
[20240614] disclosures 0, html downloaded 0 (340/459, 84507s)
  [20240613800535] Exception: HTTPSConnectionPool(host='opendart.fss.or.kr', port=443): Read timed out. (read timeout=15)
  [20240613000254] Error: 파일이 존재하지 않습니다. (status: 014)
  [20240613800131] Error: 파일이 존재하지 않습니다. (status: 014)
  [20240613000082] Error: 파일이 존재하지 않습니다. (status: 014)
  [20240613000254] Error: 파일이 존재하지 않습니다. (status: 014)
  [20240613800131] Error: 파일이 존재하지 않습니다. (status: 014)
  [20240613000082] Error: 파일이 존재하지 않습니다. (status: 014)
[20240613] disclosures 287, html downloaded 103 (341/459, 84538s)
  [20240612000391] Exception: HTTPSConnectionPool(host='opendart.fss.or.kr', port=443): Read timed out. (read timeout=15)
  [20240612800170] Exception: HTTPSConnectionPool(host='opendart.fss.or.kr', port=443): Read timed out. (read timeout=15)
  [20240612000050] Error: 파일이 존재하지 않습니다. (status: 014)
  [20240612000050] Error: 파일이 존재하지 않습니다. (status: 014)
[20240612] disclosures 276, html downloaded 91 (342/459, 84583s)
  [20240611000538] Exception: HTTPSConnectionPool(host='opendart.fss.or.kr', port=443): Read timed out. (read timeout=15)
  [20240611000485] Exception: HTTPSConnectionPool(host='opendart.fss.or.kr', port=443): Read timed out. (read timeout=15)
  [20240611000464] Exception: HTTPSConnectionPool(host='opendart.fss.or.kr', port=443): Read timed out. (read timeout=15)
  [20240611000381] Exception: HTTPSConnectionPool(host='opendart.fss.or.kr', port=443): Read timed out. (read timeout=15)
  [20240611000374] Exception: HTTPSConnectionPool(host='opendart.fss.or.kr', port=443): Read timed out. (read timeout=15)
  [20240611800335] Exception: HTTPSConnectionPool(host='opendart.fss.or.kr', port=443): Read timed out. (read timeout=15)
  [20240611000273] Exception: HTTPSConnectionPool(host='opendart.fss.or.kr', port=443): Read timed out. (read timeout=15)
  [20240611000464] Error: 파일이 존재하지 않습니다. (status: 014)
[20240611] disclosures 415, html downloaded 259 (343/459, 84721s)
  [20240610000194] Exception: HTTPSConnectionPool(host='opendart.fss.or.kr', port=443): Read timed out. (read timeout=15)
  [20240610000162] Exception: HTTPSConnectionPool(host='opendart.fss.or.kr', port=443): Read timed out. (read timeout=15)
  [20240610000164] Exception: HTTPSConnectionPool(host='opendart.fss.or.kr', port=443): Read timed out. (read timeout=15)
  [20240610000065] Exception: HTTPSConnectionPool(host='opendart.fss.or.kr', port=443): Read timed out. (read timeout=15)
  [20240607000439] Exception: HTTPSConnectionPool(host='opendart.fss.or.kr', port=443): Read timed out. (read timeout=15)
[20240610] disclosures 311, html downloaded 156 (344/459, 84818s)
[20240607-20240607 | None] Request failed: HTTPSConnectionPool(host='opendart.fss.or.kr', port=443): Read timed out. (read timeout=15)
[20240607] disclosures 0, html downloaded 0 (345/459, 84833s)
[20240606] disclosures 0, html downloaded 0 (346/459, 84833s)
[20240605-20240605 | None] Request failed: HTTPSConnectionPool(host='opendart.fss.or.kr', port=443): Read timed out. (read timeout=15)
[20240605] disclosures 25, html downloaded 14 (347/459, 84850s)
  [20240604000336] Exception: HTTPSConnectionPool(host='opendart.fss.or.kr', port=443): Read timed out. (read timeout=15)
  [20240604000280] Error: 파일이 존재하지 않습니다. (status: 014)
  [20240604000110] Error: 파일이 존재하지 않습니다. (status: 014)
  [20240604000280] Error: 파일이 존재하지 않습니다. (status: 014)
  [20240604000110] Error: 파일이 존재하지 않습니다. (status: 014)
[20240604] disclosures 280, html downloaded 146 (348/459, 84886s)
  [20240603900348] Exception: HTTPSConnectionPool(host='opendart.fss.or.kr', port=443): Read timed out. (read timeout=15)
  [20240603000182] Exception: HTTPSConnectionPool(host='opendart.fss.or.kr', port=443): Read timed out. (read timeout=15)
  [20240603000169] Exception: HTTPSConnectionPool(host='opendart.fss.or.kr', port=443): Read timed out. (read timeout=15)
  [20240603000162] Exception: HTTPSConnectionPool(host='opendart.fss.or.kr', port=443): Read timed out. (read timeout=15)
  [20240603900262] Exception: HTTPSConnectionPool(host='opendart.fss.or.kr', port=443): Read timed out. (read timeout=15)
  [20240603000113] Exception: HTTPSConnectionPool(host='opendart.fss.or.kr', port=443): Read timed out. (read timeout=15)
[20240603] disclosures 316, html downloaded 169 (349/459, 84999s)
[20240531-20240531 | None] Request failed: HTTPSConnectionPool(host='opendart.fss.or.kr', port=443): Read timed out. (read timeout=15)
  [20240531002536] Exception: HTTPSConnectionPool(host='opendart.fss.or.kr', port=443): Read timed out. (read timeout=15)
  [20240531002511] Exception: HTTPSConnectionPool(host='opendart.fss.or.kr', port=443): Read timed out. (read timeout=15)
  [20240531801021] Exception: HTTPSConnectionPool(host='opendart.fss.or.kr', port=443): Read timed out. (read timeout=15)
  [20240531001804] Exception: HTTPSConnectionPool(host='opendart.fss.or.kr', port=443): Read timed out. (read timeout=15)
[20240531] disclosures 1016, html downloaded 198 (350/459, 85108s)
  [20240530001227] Error: 파일이 존재하지 않습니다. (status: 014)
  [20240530800244] Exception: HTTPSConnectionPool(host='opendart.fss.or.kr', port=443): Read timed out. (read timeout=15)
  [20240530001227] Error: 파일이 존재하지 않습니다. (status: 014)
[20240530] disclosures 554, html downloaded 189 (351/459, 85152s)
  [20240529000204] Exception: HTTPSConnectionPool(host='opendart.fss.or.kr', port=443): Read timed out. (read timeout=15)
  [20240529000200] Exception: HTTPSConnectionPool(host='opendart.fss.or.kr', port=443): Read timed out. (read timeout=15)
  [20240529000105] Exception: HTTPSConnectionPool(host='opendart.fss.or.kr', port=443): Read timed out. (read timeout=15)
[20240529] disclosures 336, html downloaded 118 (352/459, 85215s)
[20240528-20240528 | None] Request failed: HTTPSConnectionPool(host='opendart.fss.or.kr', port=443): Read timed out. (read timeout=15)
[20240528] disclosures 33, html downloaded 9 (353/459, 85231s)
  [20240527800764] Exception: HTTPSConnectionPool(host='opendart.fss.or.kr', port=443): Read timed out. (read timeout=15)
  [20240527000273] Exception: HTTPSConnectionPool(host='opendart.fss.or.kr', port=443): Read timed out. (read timeout=15)
  [20240527000095] Exception: HTTPSConnectionPool(host='opendart.fss.or.kr', port=443): Read timed out. (read timeout=15)
  [20240527000078] Exception: HTTPSConnectionPool(host='opendart.fss.or.kr', port=443): Read timed out. (read timeout=15)
[20240527] disclosures 217, html downloaded 97 (354/459, 85307s)
  [20240524000460] Exception: HTTPSConnectionPool(host='opendart.fss.or.kr', port=443): Read timed out. (read timeout=15)
  [20240524000287] Error: 파일이 존재하지 않습니다. (status: 014)
  [20240524000134] Error: 파일이 존재하지 않습니다. (status: 014)
  [20240524000287] Error: 파일이 존재하지 않습니다. (status: 014)
  [20240524000134] Error: 파일이 존재하지 않습니다. (status: 014)
[20240524] disclosures 316, html downloaded 150 (355/459, 85344s)
  [20240523000430] Error: 파일이 존재하지 않습니다. (status: 014)
  [20240523800254] Exception: HTTPSConnectionPool(host='opendart.fss.or.kr', port=443): Read timed out. (read timeout=15)
  [20240523000342] Exception: HTTPSConnectionPool(host='opendart.fss.or.kr', port=443): Read timed out. (read timeout=15)
  [20240523000430] Error: 파일이 존재하지 않습니다. (status: 014)
  [20240523000342] Exception: HTTPSConnectionPool(host='opendart.fss.or.kr', port=443): Read timed out. (read timeout=15)
[20240523] disclosures 254, html downloaded 91 (356/459, 85404s)
  [20240522800369] Exception: HTTPSConnectionPool(host='opendart.fss.or.kr', port=443): Read timed out. (read timeout=15)
  [20240522900242] Exception: HTTPSConnectionPool(host='opendart.fss.or.kr', port=443): Read timed out. (read timeout=15)
  [20240522000230] Exception: HTTPSConnectionPool(host='opendart.fss.or.kr', port=443): Read timed out. (read timeout=15)
[20240522] disclosures 322, html downloaded 113 (357/459, 85466s)
  [20240520000281] Error: 파일이 존재하지 않습니다. (status: 014)
  [20240520000281] Error: 파일이 존재하지 않습니다. (status: 014)
[20240521] disclosures 273, html downloaded 96 (358/459, 85482s)
  [20240520000211] Exception: HTTPSConnectionPool(host='opendart.fss.or.kr', port=443): Read timed out. (read timeout=15)
  [20240520000141] Exception: HTTPSConnectionPool(host='opendart.fss.or.kr', port=443): Read timed out. (read timeout=15)
[20240520] disclosures 245, html downloaded 123 (359/459, 85530s)
  [20240517000296] Exception: HTTPSConnectionPool(host='opendart.fss.or.kr', port=443): Read timed out. (read timeout=15)
[20240517] disclosures 281, html downloaded 145 (360/459, 85565s)
  [20240516002305] Exception: HTTPSConnectionPool(host='opendart.fss.or.kr', port=443): Read timed out. (read timeout=15)
  [20240516001653] Exception: HTTPSConnectionPool(host='opendart.fss.or.kr', port=443): Read timed out. (read timeout=15)
  [20240516001086] Exception: HTTPSConnectionPool(host='opendart.fss.or.kr', port=443): Read timed out. (read timeout=15)
  [20240516800513] Exception: HTTPSConnectionPool(host='opendart.fss.or.kr', port=443): Read timed out. (read timeout=15)
  [20240516900005] Exception: HTTPSConnectionPool(host='opendart.fss.or.kr', port=443): Read timed out. (read timeout=15)
[20240516] disclosures 1783, html downloaded 107 (361/459, 85661s)
[20240515] disclosures 0, html downloaded 0 (362/459, 85661s)
[20240514-20240514 | None] Request failed: HTTPSConnectionPool(host='opendart.fss.or.kr', port=443): Read timed out. (read timeout=15)
  [20240514000833] Error: 파일이 존재하지 않습니다. (status: 014)
  [20240514800725] Exception: HTTPSConnectionPool(host='opendart.fss.or.kr', port=443): Read timed out. (read timeout=15)
  [20240514000833] Error: 파일이 존재하지 않습니다. (status: 014)
[20240514] disclosures 824, html downloaded 79 (363/459, 85706s)
  [20240513000016] Exception: HTTPSConnectionPool(host='opendart.fss.or.kr', port=443): Read timed out. (read timeout=15)
[20240513] disclosures 383, html downloaded 75 (364/459, 85734s)
  [20240510000962] Exception: HTTPSConnectionPool(host='opendart.fss.or.kr', port=443): Read timed out. (read timeout=15)
  [20240510000901] Exception: HTTPSConnectionPool(host='opendart.fss.or.kr', port=443): Read timed out. (read timeout=15)
  [20240510000692] Exception: HTTPSConnectionPool(host='opendart.fss.or.kr', port=443): Read timed out. (read timeout=15)
  [20240510800353] Exception: HTTPSConnectionPool(host='opendart.fss.or.kr', port=443): Read timed out. (read timeout=15)
  [20240510000110] Exception: HTTPSConnectionPool(host='opendart.fss.or.kr', port=443): Read timed out. (read timeout=15)
  [20240510800353] Exception: HTTPSConnectionPool(host='opendart.fss.or.kr', port=443): Read timed out. (read timeout=15)
[20240510] disclosures 480, html downloaded 182 (365/459, 85851s)
  [20240509000411] Exception: HTTPSConnectionPool(host='opendart.fss.or.kr', port=443): Read timed out. (read timeout=15)
  [20240509800341] Exception: HTTPSConnectionPool(host='opendart.fss.or.kr', port=443): Read timed out. (read timeout=15)
  [20240509000041] Exception: HTTPSConnectionPool(host='opendart.fss.or.kr', port=443): Read timed out. (read timeout=15)
  [20240509000034] Exception: HTTPSConnectionPool(host='opendart.fss.or.kr', port=443): Read timed out. (read timeout=15)
[20240509] disclosures 356, html downloaded 122 (366/459, 85929s)
  [20240508000320] Exception: HTTPSConnectionPool(host='opendart.fss.or.kr', port=443): Read timed out. (read timeout=15)
  [20240508000256] Exception: HTTPSConnectionPool(host='opendart.fss.or.kr', port=443): Read timed out. (read timeout=15)
  [20240508000148] Exception: HTTPSConnectionPool(host='opendart.fss.or.kr', port=443): Read timed out. (read timeout=15)
[20240508] disclosures 356, html downloaded 145 (367/459, 85994s)
[20240507] disclosures 327, html downloaded 133 (368/459, 86010s)
[20240506] disclosures 0, html downloaded 0 (369/459, 86010s)
  [20240503000499] Exception: HTTPSConnectionPool(host='opendart.fss.or.kr', port=443): Read timed out. (read timeout=15)
  [20240503000434] Exception: HTTPSConnectionPool(host='opendart.fss.or.kr', port=443): Read timed out. (read timeout=15)
  [20240503000416] Exception: HTTPSConnectionPool(host='opendart.fss.or.kr', port=443): Read timed out. (read timeout=15)
  [20240503000372] Exception: HTTPSConnectionPool(host='opendart.fss.or.kr', port=443): Read timed out. (read timeout=15)
  [20240503800152] Exception: HTTPSConnectionPool(host='opendart.fss.or.kr', port=443): Read timed out. (read timeout=15)
  [20240503000112] Exception: HTTPSConnectionPool(host='opendart.fss.or.kr', port=443): Read timed out. (read timeout=15)
  [20240503000053] Exception: HTTPSConnectionPool(host='opendart.fss.or.kr', port=443): Read timed out. (read timeout=15)
[20240503] disclosures 438, html downloaded 195 (370/459, 86142s)
[20240502] disclosures 388, html downloaded 129 (371/459, 86158s)
[20240501] disclosures 0, html downloaded 0 (372/459, 86158s)
[20240430-20240430 | None] Request failed: HTTPSConnectionPool(host='opendart.fss.or.kr', port=443): Read timed out. (read timeout=15)
  [20240430801145] Exception: HTTPSConnectionPool(host='opendart.fss.or.kr', port=443): Read timed out. (read timeout=15)
  [20240430901026] Exception: HTTPSConnectionPool(host='opendart.fss.or.kr', port=443): Read timed out. (read timeout=15)
  [20240430900954] Exception: HTTPSConnectionPool(host='opendart.fss.or.kr', port=443): Read timed out. (read timeout=15)
[20240430] disclosures 240, html downloaded 31 (373/459, 86225s)
  [20240429800786] Exception: HTTPSConnectionPool(host='opendart.fss.or.kr', port=443): Read timed out. (read timeout=15)
  [20240429800674] Exception: HTTPSConnectionPool(host='opendart.fss.or.kr', port=443): Read timed out. (read timeout=15)
  [20240429001106] Exception: HTTPSConnectionPool(host='opendart.fss.or.kr', port=443): Read timed out. (read timeout=15)
  [20240429001105] Exception: HTTPSConnectionPool(host='opendart.fss.or.kr', port=443): Read timed out. (read timeout=15)
  [20240429000881] Error: 파일이 존재하지 않습니다. (status: 014)
  [20240429000662] Error: 파일이 존재하지 않습니다. (status: 014)
  [20240429000881] Error: 파일이 존재하지 않습니다. (status: 014)
  [20240429000662] Error: 파일이 존재하지 않습니다. (status: 014)
[20240429] disclosures 353, html downloaded 127 (374/459, 86305s)
  [20240426000710] Error: 파일이 존재하지 않습니다. (status: 014)
  [20240426000563] Exception: HTTPSConnectionPool(host='opendart.fss.or.kr', port=443): Read timed out. (read timeout=15)
  [20240426800320] Exception: HTTPSConnectionPool(host='opendart.fss.or.kr', port=443): Read timed out. (read timeout=15)
  [20240426000148] Exception: HTTPSConnectionPool(host='opendart.fss.or.kr', port=443): Read timed out. (read timeout=15)
  [20240426000053] Exception: HTTPSConnectionPool(host='opendart.fss.or.kr', port=443): Read timed out. (read timeout=15)
  [20240426000710] Error: 파일이 존재하지 않습니다. (status: 014)
[20240426] disclosures 436, html downloaded 161 (375/459, 86389s)
  [20240425000716] Exception: HTTPSConnectionPool(host='opendart.fss.or.kr', port=443): Read timed out. (read timeout=15)
  [20240425900764] Exception: HTTPSConnectionPool(host='opendart.fss.or.kr', port=443): Read timed out. (read timeout=15)
  [20240425000691] Exception: HTTPSConnectionPool(host='opendart.fss.or.kr', port=443): Read timed out. (read timeout=15)
  [20240425000687] Error: 파일이 존재하지 않습니다. (status: 014)
  [20240425000683] Error: 파일이 존재하지 않습니다. (status: 014)
  [20240425000675] Error: 파일이 존재하지 않습니다. (status: 014)
  [20240425000203] Error: 파일이 존재하지 않습니다. (status: 014)
  [20240425000687] Error: 파일이 존재하지 않습니다. (status: 014)
  [20240425000683] Error: 파일이 존재하지 않습니다. (status: 014)
  [20240425000675] Error: 파일이 존재하지 않습니다. (status: 014)
  [20240425000203] Error: 파일이 존재하지 않습니다. (status: 014)
[20240425] disclosures 368, html downloaded 128 (376/459, 86454s)
[20240424] disclosures 351, html downloaded 137 (377/459, 86470s)
  [20240423000685] Error: 파일이 존재하지 않습니다. (status: 014)
  [20240423000357] Exception: HTTPSConnectionPool(host='opendart.fss.or.kr', port=443): Read timed out. (read timeout=15)
  [20240423900200] Exception: HTTPSConnectionPool(host='opendart.fss.or.kr', port=443): Read timed out. (read timeout=15)
  [20240423000177] Exception: HTTPSConnectionPool(host='opendart.fss.or.kr', port=443): Read timed out. (read timeout=15)
  [20240423000152] Exception: HTTPSConnectionPool(host='opendart.fss.or.kr', port=443): Read timed out. (read timeout=15)
  [20240423000061] Exception: HTTPSConnectionPool(host='opendart.fss.or.kr', port=443): Read timed out. (read timeout=15)
  [20240423000685] Error: 파일이 존재하지 않습니다. (status: 014)
[20240423] disclosures 319, html downloaded 142 (378/459, 86566s)
[20240422-20240422 | None] Request failed: HTTPSConnectionPool(host='opendart.fss.or.kr', port=443): Read timed out. (read timeout=15)
[20240422] disclosures 0, html downloaded 0 (379/459, 86582s)
  [20240419000677] Exception: HTTPSConnectionPool(host='opendart.fss.or.kr', port=443): Read timed out. (read timeout=15)
[20240419] disclosures 362, html downloaded 148 (380/459, 86618s)
  [20240418000409] Exception: HTTPSConnectionPool(host='opendart.fss.or.kr', port=443): Read timed out. (read timeout=15)
  [20240418000310] Exception: HTTPSConnectionPool(host='opendart.fss.or.kr', port=443): Read timed out. (read timeout=15)
  [20240418000152] Exception: HTTPSConnectionPool(host='opendart.fss.or.kr', port=443): Read timed out. (read timeout=15)
  [20240418000121] Exception: HTTPSConnectionPool(host='opendart.fss.or.kr', port=443): Read timed out. (read timeout=15)
[20240418] disclosures 253, html downloaded 118 (381/459, 86695s)
  [20240417800648] Exception: HTTPSConnectionPool(host='opendart.fss.or.kr', port=443): Read timed out. (read timeout=15)
  [20240417000468] Exception: HTTPSConnectionPool(host='opendart.fss.or.kr', port=443): Read timed out. (read timeout=15)
  [20240417000466] Exception: HTTPSConnectionPool(host='opendart.fss.or.kr', port=443): Read timed out. (read timeout=15)
[20240417] disclosures 285, html downloaded 126 (382/459, 86758s)
[20240416-20240416 | None] Request failed: HTTPSConnectionPool(host='opendart.fss.or.kr', port=443): Read timed out. (read timeout=15)
  [20240416800585] Exception: HTTPSConnectionPool(host='opendart.fss.or.kr', port=443): Read timed out. (read timeout=15)
  [20240416000334] Exception: HTTPSConnectionPool(host='opendart.fss.or.kr', port=443): Read timed out. (read timeout=15)
[20240416] disclosures 227, html downloaded 109 (383/459, 86820s)
  [20240415000021] Error: 파일이 존재하지 않습니다. (status: 014)
  [20240415000021] Error: 파일이 존재하지 않습니다. (status: 014)
[20240415] disclosures 326, html downloaded 142 (384/459, 86842s)
  [20240412900480] Exception: HTTPSConnectionPool(host='opendart.fss.or.kr', port=443): Read timed out. (read timeout=15)
  [20240412003098] Exception: HTTPSConnectionPool(host='opendart.fss.or.kr', port=443): Read timed out. (read timeout=15)
  [20240412003088] Exception: HTTPSConnectionPool(host='opendart.fss.or.kr', port=443): Read timed out. (read timeout=15)
  [20240412002121] Exception: HTTPSConnectionPool(host='opendart.fss.or.kr', port=443): Read timed out. (read timeout=15)
  [20240412002048] Exception: HTTPSConnectionPool(host='opendart.fss.or.kr', port=443): Read timed out. (read timeout=15)
  [20240412000964] Exception: HTTPSConnectionPool(host='opendart.fss.or.kr', port=443): Read timed out. (read timeout=15)
  [20240412002121] Exception: HTTPSConnectionPool(host='opendart.fss.or.kr', port=443): Read timed out. (read timeout=15)
[20240412] disclosures 363, html downloaded 152 (385/459, 86977s)
  [20240411003365] Error: 파일이 존재하지 않습니다. (status: 014)
  [20240411002419] Error: 파일이 존재하지 않습니다. (status: 014)
  [20240411002357] Exception: HTTPSConnectionPool(host='opendart.fss.or.kr', port=443): Read timed out. (read timeout=15)
  [20240411003365] Exception: HTTPSConnectionPool(host='opendart.fss.or.kr', port=443): Read timed out. (read timeout=15)
  [20240411002419] Error: 파일이 존재하지 않습니다. (status: 014)
[20240411] disclosures 372, html downloaded 161 (386/459, 87039s)
[20240410] disclosures 0, html downloaded 0 (387/459, 87039s)
[20240409-20240409 | None] Request failed: HTTPSConnectionPool(host='opendart.fss.or.kr', port=443): Read timed out. (read timeout=15)
[20240409] disclosures 8, html downloaded 3 (388/459, 87054s)
  [20240408003859] Exception: HTTPSConnectionPool(host='opendart.fss.or.kr', port=443): Read timed out. (read timeout=15)
  [20240408800609] Exception: HTTPSConnectionPool(host='opendart.fss.or.kr', port=443): Read timed out. (read timeout=15)
  [20240408003698] Exception: HTTPSConnectionPool(host='opendart.fss.or.kr', port=443): Read timed out. (read timeout=15)
  [20240408900512] Exception: HTTPSConnectionPool(host='opendart.fss.or.kr', port=443): Read timed out. (read timeout=15)
[20240408] disclosures 353, html downloaded 169 (389/459, 87148s)
[20240405-20240405 | None] Request failed: HTTPSConnectionPool(host='opendart.fss.or.kr', port=443): Read timed out. (read timeout=15)
  [20240405003638] Exception: HTTPSConnectionPool(host='opendart.fss.or.kr', port=443): Read timed out. (read timeout=15)
  [20240405003637] Exception: HTTPSConnectionPool(host='opendart.fss.or.kr', port=443): Read timed out. (read timeout=15)
  [20240405003332] Error: 파일이 존재하지 않습니다. (status: 014)
  [20240405002960] Exception: HTTPSConnectionPool(host='opendart.fss.or.kr', port=443): Read timed out. (read timeout=15)
  [20240405002944] Exception: HTTPSConnectionPool(host='opendart.fss.or.kr', port=443): Read timed out. (read timeout=15)
  [20240405002908] Exception: HTTPSConnectionPool(host='opendart.fss.or.kr', port=443): Read timed out. (read timeout=15)
  [20240405002548] Exception: HTTPSConnectionPool(host='opendart.fss.or.kr', port=443): Read timed out. (read timeout=15)
  [20240405003332] Error: 파일이 존재하지 않습니다. (status: 014)
[20240405] disclosures 372, html downloaded 205 (390/459, 87284s)
  [20240404002448] Exception: HTTPSConnectionPool(host='opendart.fss.or.kr', port=443): Read timed out. (read timeout=15)
  [20240404000522] Exception: HTTPSConnectionPool(host='opendart.fss.or.kr', port=443): Read timed out. (read timeout=15)
[20240404] disclosures 345, html downloaded 182 (391/459, 87344s)
[20240403-20240403 | None] Request failed: HTTPSConnectionPool(host='opendart.fss.or.kr', port=443): Read timed out. (read timeout=15)
  [20240403003447] Exception: HTTPSConnectionPool(host='opendart.fss.or.kr', port=443): Read timed out. (read timeout=15)
  [20240403003385] Exception: HTTPSConnectionPool(host='opendart.fss.or.kr', port=443): Read timed out. (read timeout=15)
  [20240403003363] Exception: HTTPSConnectionPool(host='opendart.fss.or.kr', port=443): Read timed out. (read timeout=15)
  [20240403900611] Exception: HTTPSConnectionPool(host='opendart.fss.or.kr', port=443): Read timed out. (read timeout=15)
  [20240403002514] Exception: HTTPSConnectionPool(host='opendart.fss.or.kr', port=443): Read timed out. (read timeout=15)
  [20240403002359] Exception: HTTPSConnectionPool(host='opendart.fss.or.kr', port=443): Read timed out. (read timeout=15)
[20240403] disclosures 275, html downloaded 153 (392/459, 87473s)
  [20240402002940] Exception: HTTPSConnectionPool(host='opendart.fss.or.kr', port=443): Read timed out. (read timeout=15)
  [20240402002822] Exception: HTTPSConnectionPool(host='opendart.fss.or.kr', port=443): Read timed out. (read timeout=15)
  [20240402002757] Exception: HTTPSConnectionPool(host='opendart.fss.or.kr', port=443): Read timed out. (read timeout=15)
  [20240402002598] Exception: HTTPSConnectionPool(host='opendart.fss.or.kr', port=443): Read timed out. (read timeout=15)
  [20240402002376] Exception: HTTPSConnectionPool(host='opendart.fss.or.kr', port=443): Read timed out. (read timeout=15)
  [20240402001352] Exception: HTTPSConnectionPool(host='opendart.fss.or.kr', port=443): Read timed out. (read timeout=15)
  [20240402001262] Exception: HTTPSConnectionPool(host='opendart.fss.or.kr', port=443): Read timed out. (read timeout=15)
  [20240402001262] Error: 파일이 존재하지 않습니다. (status: 014)
[20240402] disclosures 456, html downloaded 308 (393/459, 87626s)
[20240401-20240401 | None] Request failed: HTTPSConnectionPool(host='opendart.fss.or.kr', port=443): Read timed out. (read timeout=15)
  [20240401004200] Exception: HTTPSConnectionPool(host='opendart.fss.or.kr', port=443): Read timed out. (read timeout=15)
  [20240401004136] Exception: HTTPSConnectionPool(host='opendart.fss.or.kr', port=443): Read timed out. (read timeout=15)
  [20240401004004] Exception: HTTPSConnectionPool(host='opendart.fss.or.kr', port=443): Read timed out. (read timeout=15)
  [20240401003918] Exception: HTTPSConnectionPool(host='opendart.fss.or.kr', port=443): Read timed out. (read timeout=15)
  [20240401003740] Exception: HTTPSConnectionPool(host='opendart.fss.or.kr', port=443): Read timed out. (read timeout=15)
  [20240401600908] Error: 파일이 존재하지 않습니다. (status: 014)
  [20240401002084] Exception: HTTPSConnectionPool(host='opendart.fss.or.kr', port=443): Read timed out. (read timeout=15)
  [20240401600908] Error: 파일이 존재하지 않습니다. (status: 014)
[20240401] disclosures 348, html downloaded 162 (394/459, 87759s)
  [20240329803813] Exception: HTTPSConnectionPool(host='opendart.fss.or.kr', port=443): Read timed out. (read timeout=15)
  [20240329803653] Exception: HTTPSConnectionPool(host='opendart.fss.or.kr', port=443): Read timed out. (read timeout=15)
  [20240329903258] Exception: HTTPSConnectionPool(host='opendart.fss.or.kr', port=443): Read timed out. (read timeout=15)
  [20240329002555] Exception: HTTPSConnectionPool(host='opendart.fss.or.kr', port=443): Read timed out. (read timeout=15)
  [20240329001584] Exception: HTTPSConnectionPool(host='opendart.fss.or.kr', port=443): Read timed out. (read timeout=15)
  [20240329001390] Error: 파일이 존재하지 않습니다. (status: 014)
  [20240329001124] Exception: HTTPSConnectionPool(host='opendart.fss.or.kr', port=443): Read timed out. (read timeout=15)
  [20240329000638] Exception: HTTPSConnectionPool(host='opendart.fss.or.kr', port=443): Read timed out. (read timeout=15)
  [20240329000568] Exception: HTTPSConnectionPool(host='opendart.fss.or.kr', port=443): Read timed out. (read timeout=15)
  [20240329001390] Error: 파일이 존재하지 않습니다. (status: 014)
[20240329] disclosures 1665, html downloaded 259 (395/459, 87923s)
[20240328-20240328 | None] Request failed: HTTPSConnectionPool(host='opendart.fss.or.kr', port=443): Read timed out. (read timeout=15)
  [20240328001518] Exception: HTTPSConnectionPool(host='opendart.fss.or.kr', port=443): Read timed out. (read timeout=15)
  [20240328001175] Error: 파일이 존재하지 않습니다. (status: 014)
  [20240328000700] Exception: HTTPSConnectionPool(host='opendart.fss.or.kr', port=443): Read timed out. (read timeout=15)
  [20240328001175] Error: 파일이 존재하지 않습니다. (status: 014)
[20240328] disclosures 1696, html downloaded 148 (396/459, 87993s)
  [20240327901340] Exception: HTTPSConnectionPool(host='opendart.fss.or.kr', port=443): Read timed out. (read timeout=15)
  [20240327000991] Exception: HTTPSConnectionPool(host='opendart.fss.or.kr', port=443): Read timed out. (read timeout=15)
  [20240327000989] Exception: HTTPSConnectionPool(host='opendart.fss.or.kr', port=443): Read timed out. (read timeout=15)
  [20240327000945] Exception: HTTPSConnectionPool(host='opendart.fss.or.kr', port=443): Read timed out. (read timeout=15)
  [20240327901106] Exception: HTTPSConnectionPool(host='opendart.fss.or.kr', port=443): Read timed out. (read timeout=15)
  [20240327800984] Exception: HTTPSConnectionPool(host='opendart.fss.or.kr', port=443): Read timed out. (read timeout=15)
  [20240327900248] Error: 파일이 존재하지 않습니다. (status: 014)
  [20240327000274] Error: 파일이 존재하지 않습니다. (status: 014)
  [20240326001070] Exception: HTTPSConnectionPool(host='opendart.fss.or.kr', port=443): Read timed out. (read timeout=15)
  [20240327900248] Error: 파일이 존재하지 않습니다. (status: 014)
  [20240327000274] Error: 파일이 존재하지 않습니다. (status: 014)
[20240327] disclosures 650, html downloaded 160 (397/459, 88122s)
  [20240326601015] Exception: HTTPSConnectionPool(host='opendart.fss.or.kr', port=443): Read timed out. (read timeout=15)
  [20240326800522] Exception: HTTPSConnectionPool(host='opendart.fss.or.kr', port=443): Read timed out. (read timeout=15)
  [20240326800404] Exception: HTTPSConnectionPool(host='opendart.fss.or.kr', port=443): Read timed out. (read timeout=15)
  [20240326800036] Exception: HTTPSConnectionPool(host='opendart.fss.or.kr', port=443): Read timed out. (read timeout=15)
  [20240325000963] Exception: HTTPSConnectionPool(host='opendart.fss.or.kr', port=443): Read timed out. (read timeout=15)
[20240326] disclosures 783, html downloaded 168 (398/459, 88222s)
[20240325-20240325 | None] Request failed: HTTPSConnectionPool(host='opendart.fss.or.kr', port=443): Read timed out. (read timeout=15)
  [20240325000732] Exception: HTTPSConnectionPool(host='opendart.fss.or.kr', port=443): Read timed out. (read timeout=15)
[20240325] disclosures 498, html downloaded 105 (399/459, 88269s)
  [20240322000011] Error: 파일이 존재하지 않습니다. (status: 014)
  [20240322000011] Error: 파일이 존재하지 않습니다. (status: 014)
[20240322] disclosures 740, html downloaded 161 (400/459, 88292s)
[20240321-20240321 | None] Request failed: HTTPSConnectionPool(host='opendart.fss.or.kr', port=443): Read timed out. (read timeout=15)
[20240321] disclosures 669, html downloaded 48 (401/459, 88314s)
  [20240320001595] Exception: HTTPSConnectionPool(host='opendart.fss.or.kr', port=443): Read timed out. (read timeout=15)
  [20240320001011] Exception: HTTPSConnectionPool(host='opendart.fss.or.kr', port=443): Read timed out. (read timeout=15)
  [20240320800710] Exception: HTTPSConnectionPool(host='opendart.fss.or.kr', port=443): Read timed out. (read timeout=15)
  [20240320000310] Exception: HTTPSConnectionPool(host='opendart.fss.or.kr', port=443): Read timed out. (read timeout=15)
  [20240320800261] Exception: HTTPSConnectionPool(host='opendart.fss.or.kr', port=443): Read timed out. (read timeout=15)
  [20240320800710] Exception: HTTPSConnectionPool(host='opendart.fss.or.kr', port=443): Read timed out. (read timeout=15)
[20240320] disclosures 1949, html downloaded 103 (402/459, 88424s)
  [20240319800876] Exception: HTTPSConnectionPool(host='opendart.fss.or.kr', port=443): Read timed out. (read timeout=15)
[20240319] disclosures 769, html downloaded 163 (403/459, 88462s)
  [20240318000798] Exception: HTTPSConnectionPool(host='opendart.fss.or.kr', port=443): Read timed out. (read timeout=15)
  [20240318900556] Exception: HTTPSConnectionPool(host='opendart.fss.or.kr', port=443): Read timed out. (read timeout=15)
  [20240318800393] Exception: HTTPSConnectionPool(host='opendart.fss.or.kr', port=443): Read timed out. (read timeout=15)
  [20240318900185] Exception: HTTPSConnectionPool(host='opendart.fss.or.kr', port=443): Read timed out. (read timeout=15)
  [20240318800009] Exception: HTTPSConnectionPool(host='opendart.fss.or.kr', port=443): Read timed out. (read timeout=15)
[20240318] disclosures 837, html downloaded 111 (404/459, 88555s)
  [20240315000885] Exception: HTTPSConnectionPool(host='opendart.fss.or.kr', port=443): Read timed out. (read timeout=15)
  [20240315000857] Exception: HTTPSConnectionPool(host='opendart.fss.or.kr', port=443): Read timed out. (read timeout=15)
  [20240315000729] Exception: HTTPSConnectionPool(host='opendart.fss.or.kr', port=443): Read timed out. (read timeout=15)
  [20240315000609] Exception: HTTPSConnectionPool(host='opendart.fss.or.kr', port=443): Read timed out. (read timeout=15)
  [20240315000605] Exception: HTTPSConnectionPool(host='opendart.fss.or.kr', port=443): Read timed out. (read timeout=15)
  [20240315800460] Exception: HTTPSConnectionPool(host='opendart.fss.or.kr', port=443): Read timed out. (read timeout=15)
[20240315] disclosures 845, html downloaded 161 (405/459, 88670s)
  [20240314001666] Exception: HTTPSConnectionPool(host='opendart.fss.or.kr', port=443): Read timed out. (read timeout=15)
[20240314] disclosures 2030, html downloaded 124 (406/459, 88708s)
  [20240313001642] Error: 파일이 존재하지 않습니다. (status: 014)
  [20240313001501] Error: 파일이 존재하지 않습니다. (status: 014)
  [20240313001642] Error: 파일이 존재하지 않습니다. (status: 014)
  [20240313001501] Error: 파일이 존재하지 않습니다. (status: 014)
[20240313] disclosures 2152, html downloaded 118 (407/459, 88730s)
  [20240312000573] Error: 파일이 존재하지 않습니다. (status: 014)
  [20240312000573] Error: 파일이 존재하지 않습니다. (status: 014)
[20240312] disclosures 1241, html downloaded 110 (408/459, 88749s)
  [20240311000667] Exception: HTTPSConnectionPool(host='opendart.fss.or.kr', port=443): Read timed out. (read timeout=15)
  [20240311000648] Exception: HTTPSConnectionPool(host='opendart.fss.or.kr', port=443): Read timed out. (read timeout=15)
  [20240311000493] Exception: HTTPSConnectionPool(host='opendart.fss.or.kr', port=443): Read timed out. (read timeout=15)
  [20240311000478] Exception: HTTPSConnectionPool(host='opendart.fss.or.kr', port=443): Read timed out. (read timeout=15)
  [20240311000405] Exception: HTTPSConnectionPool(host='opendart.fss.or.kr', port=443): Read timed out. (read timeout=15)
  [20240311000393] Error: 파일이 존재하지 않습니다. (status: 014)
  [20240311900345] Exception: HTTPSConnectionPool(host='opendart.fss.or.kr', port=443): Read timed out. (read timeout=15)
  [20240311000102] Exception: HTTPSConnectionPool(host='opendart.fss.or.kr', port=443): Read timed out. (read timeout=15)
  [20240311000393] Error: 파일이 존재하지 않습니다. (status: 014)
[20240311] disclosures 951, html downloaded 125 (409/459, 88874s)
  [20240308000444] Exception: HTTPSConnectionPool(host='opendart.fss.or.kr', port=443): Read timed out. (read timeout=15)
[20240308] disclosures 876, html downloaded 185 (410/459, 88916s)
  [20240307000809] Exception: HTTPSConnectionPool(host='opendart.fss.or.kr', port=443): Read timed out. (read timeout=15)
  [20240307000770] Exception: HTTPSConnectionPool(host='opendart.fss.or.kr', port=443): Read timed out. (read timeout=15)
  [20240307000769] Exception: HTTPSConnectionPool(host='opendart.fss.or.kr', port=443): Read timed out. (read timeout=15)
  [20240307000570] Exception: HTTPSConnectionPool(host='opendart.fss.or.kr', port=443): Read timed out. (read timeout=15)
  [20240307000135] Exception: HTTPSConnectionPool(host='opendart.fss.or.kr', port=443): Read timed out. (read timeout=15)
[20240307] disclosures 963, html downloaded 125 (411/459, 89012s)
  [20240306000699] Exception: HTTPSConnectionPool(host='opendart.fss.or.kr', port=443): Read timed out. (read timeout=15)
  [20240306000058] Exception: HTTPSConnectionPool(host='opendart.fss.or.kr', port=443): Read timed out. (read timeout=15)
[20240306] disclosures 748, html downloaded 121 (412/459, 89060s)
  [20240305800997] Exception: HTTPSConnectionPool(host='opendart.fss.or.kr', port=443): Read timed out. (read timeout=15)
  [20240305000537] Exception: HTTPSConnectionPool(host='opendart.fss.or.kr', port=443): Read timed out. (read timeout=15)
  [20240305000486] Exception: HTTPSConnectionPool(host='opendart.fss.or.kr', port=443): Read timed out. (read timeout=15)
  [20240305000403] Error: 파일이 존재하지 않습니다. (status: 014)
  [20240305000403] Error: 파일이 존재하지 않습니다. (status: 014)
[20240305] disclosures 692, html downloaded 157 (413/459, 89128s)
[20240304] disclosures 521, html downloaded 158 (414/459, 89146s)
[20240301] disclosures 0, html downloaded 0 (415/459, 89146s)
[20240229-20240229 | None] Request failed: HTTPSConnectionPool(host='opendart.fss.or.kr', port=443): Read timed out. (read timeout=15)
  [20240229801469] Exception: HTTPSConnectionPool(host='opendart.fss.or.kr', port=443): Read timed out. (read timeout=15)
  [20240229901492] Exception: HTTPSConnectionPool(host='opendart.fss.or.kr', port=443): Read timed out. (read timeout=15)
  [20240229002333] Exception: HTTPSConnectionPool(host='opendart.fss.or.kr', port=443): Read timed out. (read timeout=15)
  [20240229901314] Exception: HTTPSConnectionPool(host='opendart.fss.or.kr', port=443): Read timed out. (read timeout=15)
  [20240229002274] Exception: HTTPSConnectionPool(host='opendart.fss.or.kr', port=443): Read timed out. (read timeout=15)
  [20240229801316] Exception: HTTPSConnectionPool(host='opendart.fss.or.kr', port=443): Read timed out. (read timeout=15)
  [20240229002242] Exception: HTTPSConnectionPool(host='opendart.fss.or.kr', port=443): Read timed out. (read timeout=15)
[20240229] disclosures 396, html downloaded 85 (416/459, 89281s)
  [20240228008021] Error: 파일이 존재하지 않습니다. (status: 014)
  [20240228007342] Error: 파일이 존재하지 않습니다. (status: 014)
  [20240228008021] Error: 파일이 존재하지 않습니다. (status: 014)
  [20240228007342] Error: 파일이 존재하지 않습니다. (status: 014)
[20240228] disclosures 994, html downloaded 136 (417/459, 89306s)
  [20240227006116] Exception: HTTPSConnectionPool(host='opendart.fss.or.kr', port=443): Read timed out. (read timeout=15)
  [20240227002310] Exception: HTTPSConnectionPool(host='opendart.fss.or.kr', port=443): Read timed out. (read timeout=15)
  [20240227001994] Exception: HTTPSConnectionPool(host='opendart.fss.or.kr', port=443): Read timed out. (read timeout=15)
  [20240227001908] Exception: HTTPSConnectionPool(host='opendart.fss.or.kr', port=443): Read timed out. (read timeout=15)
  [20240227001330] Exception: HTTPSConnectionPool(host='opendart.fss.or.kr', port=443): Read timed out. (read timeout=15)
  [20240227000578] Exception: HTTPSConnectionPool(host='opendart.fss.or.kr', port=443): Read timed out. (read timeout=15)
  [20240226006520] Exception: HTTPSConnectionPool(host='opendart.fss.or.kr', port=443): Read timed out. (read timeout=15)
  [20240227006116] Exception: HTTPSConnectionPool(host='opendart.fss.or.kr', port=443): Read timed out. (read timeout=15)
[20240227] disclosures 665, html downloaded 116 (418/459, 89445s)
[20240226] disclosures 643, html downloaded 117 (419/459, 89460s)
  [20240223002501] Error: 파일이 존재하지 않습니다. (status: 014)
  [20240223001183] Exception: HTTPSConnectionPool(host='opendart.fss.or.kr', port=443): Read timed out. (read timeout=15)
  [20240223800212] Exception: HTTPSConnectionPool(host='opendart.fss.or.kr', port=443): Read timed out. (read timeout=15)
  [20240223900223] Exception: HTTPSConnectionPool(host='opendart.fss.or.kr', port=443): Read timed out. (read timeout=15)
  [20240223900138] Exception: HTTPSConnectionPool(host='opendart.fss.or.kr', port=443): Read timed out. (read timeout=15)
  [20240223000001] Exception: HTTPSConnectionPool(host='opendart.fss.or.kr', port=443): Read timed out. (read timeout=15)
  [20240223002501] Error: 파일이 존재하지 않습니다. (status: 014)
  [20240223800212] Exception: HTTPSConnectionPool(host='opendart.fss.or.kr', port=443): Read timed out. (read timeout=15)
[20240223] disclosures 621, html downloaded 151 (420/459, 89573s)
  [20240222002469] Exception: HTTPSConnectionPool(host='opendart.fss.or.kr', port=443): Read timed out. (read timeout=15)
[20240222] disclosures 507, html downloaded 120 (421/459, 89606s)
  [20240221002082] Error: 파일이 존재하지 않습니다. (status: 014)
  [20240221002082] Error: 파일이 존재하지 않습니다. (status: 014)
[20240221] disclosures 604, html downloaded 159 (422/459, 89628s)
  [20240220800168] Exception: HTTPSConnectionPool(host='opendart.fss.or.kr', port=443): Read timed out. (read timeout=15)
[20240220] disclosures 425, html downloaded 106 (423/459, 89659s)
[20240219-20240219 | None] Request failed: HTTPSConnectionPool(host='opendart.fss.or.kr', port=443): Read timed out. (read timeout=15)
  [20240219001674] Exception: HTTPSConnectionPool(host='opendart.fss.or.kr', port=443): Read timed out. (read timeout=15)
  [20240219001654] Exception: HTTPSConnectionPool(host='opendart.fss.or.kr', port=443): Read timed out. (read timeout=15)
  [20240219001636] Exception: HTTPSConnectionPool(host='opendart.fss.or.kr', port=443): Read timed out. (read timeout=15)
[20240219] disclosures 201, html downloaded 59 (424/459, 89729s)
  [20240216900839] Exception: HTTPSConnectionPool(host='opendart.fss.or.kr', port=443): Read timed out. (read timeout=15)
  [20240216800771] Exception: HTTPSConnectionPool(host='opendart.fss.or.kr', port=443): Read timed out. (read timeout=15)
[20240216] disclosures 430, html downloaded 138 (425/459, 89784s)
  [20240215900653] Exception: HTTPSConnectionPool(host='opendart.fss.or.kr', port=443): Read timed out. (read timeout=15)
  [20240215000793] Exception: HTTPSConnectionPool(host='opendart.fss.or.kr', port=443): Read timed out. (read timeout=15)
  [20240215000673] Exception: HTTPSConnectionPool(host='opendart.fss.or.kr', port=443): Read timed out. (read timeout=15)
  [20240215000484] Exception: HTTPSConnectionPool(host='opendart.fss.or.kr', port=443): Read timed out. (read timeout=15)
  [20240215000466] Exception: HTTPSConnectionPool(host='opendart.fss.or.kr', port=443): Read timed out. (read timeout=15)
  [20240215000418] Error: 파일이 존재하지 않습니다. (status: 014)
  [20240215800119] Exception: HTTPSConnectionPool(host='opendart.fss.or.kr', port=443): Read timed out. (read timeout=15)
  [20240215900653] Exception: HTTPSConnectionPool(host='opendart.fss.or.kr', port=443): Read timed out. (read timeout=15)
  [20240215000418] Error: 파일이 존재하지 않습니다. (status: 014)
  [20240215800119] Exception: HTTPSConnectionPool(host='opendart.fss.or.kr', port=443): Read timed out. (read timeout=15)
[20240215] disclosures 523, html downloaded 124 (426/459, 89924s)
[20240214] disclosures 1004, html downloaded 109 (427/459, 89941s)
[20240213] disclosures 513, html downloaded 83 (428/459, 89953s)
[20240212] disclosures 0, html downloaded 0 (429/459, 89953s)
[20240209] disclosures 0, html downloaded 0 (430/459, 89953s)
  [20240208001302] Exception: HTTPSConnectionPool(host='opendart.fss.or.kr', port=443): Read timed out. (read timeout=15)
  [20240208001182] Exception: HTTPSConnectionPool(host='opendart.fss.or.kr', port=443): Read timed out. (read timeout=15)
  [20240208001196] Exception: HTTPSConnectionPool(host='opendart.fss.or.kr', port=443): Read timed out. (read timeout=15)
  [20240208001170] Exception: HTTPSConnectionPool(host='opendart.fss.or.kr', port=443): Read timed out. (read timeout=15)
  [20240208901025] Exception: HTTPSConnectionPool(host='opendart.fss.or.kr', port=443): Read timed out. (read timeout=15)
  [20240208001031] Error: 파일이 존재하지 않습니다. (status: 014)
  [20240208001020] Exception: HTTPSConnectionPool(host='opendart.fss.or.kr', port=443): Read timed out. (read timeout=15)
  [20240208000980] Exception: HTTPSConnectionPool(host='opendart.fss.or.kr', port=443): Read timed out. (read timeout=15)
  [20240208000824] Error: 파일이 존재하지 않습니다. (status: 014)
  [20240208000814] Error: 파일이 존재하지 않습니다. (status: 014)
  [20240208000804] Error: 파일이 존재하지 않습니다. (status: 014)
  [20240208001031] Error: 파일이 존재하지 않습니다. (status: 014)
  [20240208000824] Error: 파일이 존재하지 않습니다. (status: 014)
  [20240208000814] Error: 파일이 존재하지 않습니다. (status: 014)
  [20240208000804] Error: 파일이 존재하지 않습니다. (status: 014)
[20240208] disclosures 683, html downloaded 146 (431/459, 90086s)
[20240207] disclosures 815, html downloaded 194 (432/459, 90110s)
  [20240206000444] Exception: HTTPSConnectionPool(host='opendart.fss.or.kr', port=443): Read timed out. (read timeout=15)
  [20240206000424] Exception: HTTPSConnectionPool(host='opendart.fss.or.kr', port=443): Read timed out. (read timeout=15)
  [20240206000399] Exception: HTTPSConnectionPool(host='opendart.fss.or.kr', port=443): Read timed out. (read timeout=15)
  [20240206000275] Exception: HTTPSConnectionPool(host='opendart.fss.or.kr', port=443): Read timed out. (read timeout=15)
  [20240206800331] Exception: HTTPSConnectionPool(host='opendart.fss.or.kr', port=443): Read timed out. (read timeout=15)
  [20240206000239] Exception: HTTPSConnectionPool(host='opendart.fss.or.kr', port=443): Read timed out. (read timeout=15)
  [20240206000137] Error: 파일이 존재하지 않습니다. (status: 014)
  [20240206000137] Error: 파일이 존재하지 않습니다. (status: 014)
[20240206] disclosures 577, html downloaded 115 (433/459, 90218s)
[20240205-20240205 | None] Request failed: HTTPSConnectionPool(host='opendart.fss.or.kr', port=443): Read timed out. (read timeout=15)
[20240205] disclosures 59, html downloaded 11 (434/459, 90234s)
  [20240202000206] Exception: HTTPSConnectionPool(host='opendart.fss.or.kr', port=443): Read timed out. (read timeout=15)
  [20240202000062] Exception: HTTPSConnectionPool(host='opendart.fss.or.kr', port=443): Read timed out. (read timeout=15)
[20240202] disclosures 528, html downloaded 229 (435/459, 90294s)
  [20240201800754] Exception: HTTPSConnectionPool(host='opendart.fss.or.kr', port=443): Read timed out. (read timeout=15)
  [20240201000634] Exception: HTTPSConnectionPool(host='opendart.fss.or.kr', port=443): Read timed out. (read timeout=15)
  [20240201000548] Exception: HTTPSConnectionPool(host='opendart.fss.or.kr', port=443): Read timed out. (read timeout=15)
  [20240201000501] Exception: HTTPSConnectionPool(host='opendart.fss.or.kr', port=443): Read timed out. (read timeout=15)
  [20240201000491] Exception: HTTPSConnectionPool(host='opendart.fss.or.kr', port=443): Read timed out. (read timeout=15)
  [20240201800303] Exception: HTTPSConnectionPool(host='opendart.fss.or.kr', port=443): Read timed out. (read timeout=15)
  [20240201000205] Error: 파일이 존재하지 않습니다. (status: 014)
  [20240201000138] Exception: HTTPSConnectionPool(host='opendart.fss.or.kr', port=443): Read timed out. (read timeout=15)
  [20240201000205] Error: 파일이 존재하지 않습니다. (status: 014)
[20240201] disclosures 320, html downloaded 103 (436/459, 90415s)
  [20240131000549] Exception: HTTPSConnectionPool(host='opendart.fss.or.kr', port=443): Read timed out. (read timeout=15)
  [20240131800769] Exception: HTTPSConnectionPool(host='opendart.fss.or.kr', port=443): Read timed out. (read timeout=15)
  [20240131900793] Exception: HTTPSConnectionPool(host='opendart.fss.or.kr', port=443): Read timed out. (read timeout=15)
  [20240131800769] Exception: HTTPSConnectionPool(host='opendart.fss.or.kr', port=443): Read timed out. (read timeout=15)
  [20240131900793] Exception: HTTPSConnectionPool(host='opendart.fss.or.kr', port=443): Read timed out. (read timeout=15)
[20240131] disclosures 522, html downloaded 155 (437/459, 90512s)
[20240130] disclosures 326, html downloaded 88 (438/459, 90523s)
[20240129] disclosures 335, html downloaded 100 (439/459, 90535s)
  [20240126000555] Exception: HTTPSConnectionPool(host='opendart.fss.or.kr', port=443): Read timed out. (read timeout=15)
  [20240126000534] Exception: HTTPSConnectionPool(host='opendart.fss.or.kr', port=443): Read timed out. (read timeout=15)
  [20240126000407] Exception: HTTPSConnectionPool(host='opendart.fss.or.kr', port=443): Read timed out. (read timeout=15)
  [20240126800415] Exception: HTTPSConnectionPool(host='opendart.fss.or.kr', port=443): Read timed out. (read timeout=15)
  [20240126900290] Exception: HTTPSConnectionPool(host='opendart.fss.or.kr', port=443): Read timed out. (read timeout=15)
  [20240126000202] Exception: HTTPSConnectionPool(host='opendart.fss.or.kr', port=443): Read timed out. (read timeout=15)
  [20240126000101] Exception: HTTPSConnectionPool(host='opendart.fss.or.kr', port=443): Read timed out. (read timeout=15)
  [20240126000077] Exception: HTTPSConnectionPool(host='opendart.fss.or.kr', port=443): Read timed out. (read timeout=15)
[20240126] disclosures 433, html downloaded 161 (440/459, 90678s)
  [20240125000563] Error: 파일이 존재하지 않습니다. (status: 014)
  [20240125000332] Exception: HTTPSConnectionPool(host='opendart.fss.or.kr', port=443): Read timed out. (read timeout=15)
  [20240125000241] Error: 파일이 존재하지 않습니다. (status: 014)
  [20240125000230] Exception: HTTPSConnectionPool(host='opendart.fss.or.kr', port=443): Read timed out. (read timeout=15)
  [20240125000563] Error: 파일이 존재하지 않습니다. (status: 014)
  [20240125000241] Error: 파일이 존재하지 않습니다. (status: 014)
[20240125] disclosures 387, html downloaded 147 (441/459, 90729s)
  [20240124000403] Exception: HTTPSConnectionPool(host='opendart.fss.or.kr', port=443): Read timed out. (read timeout=15)
  [20240124000360] Exception: HTTPSConnectionPool(host='opendart.fss.or.kr', port=443): Read timed out. (read timeout=15)
  [20240124000230] Exception: HTTPSConnectionPool(host='opendart.fss.or.kr', port=443): Read timed out. (read timeout=15)
  [20240124000191] Exception: HTTPSConnectionPool(host='opendart.fss.or.kr', port=443): Read timed out. (read timeout=15)
[20240124] disclosures 245, html downloaded 81 (442/459, 90805s)
  [20240123000332] Exception: HTTPSConnectionPool(host='opendart.fss.or.kr', port=443): Read timed out. (read timeout=15)
  [20240123900147] Exception: HTTPSConnectionPool(host='opendart.fss.or.kr', port=443): Read timed out. (read timeout=15)
  [20240123000008] Exception: HTTPSConnectionPool(host='opendart.fss.or.kr', port=443): Read timed out. (read timeout=15)
[20240123] disclosures 224, html downloaded 88 (443/459, 90864s)
[20240122-20240122 | None] Request failed: HTTPSConnectionPool(host='opendart.fss.or.kr', port=443): Read timed out. (read timeout=15)
[20240122] disclosures 83, html downloaded 32 (444/459, 90882s)
  [20240119000405] Exception: HTTPSConnectionPool(host='opendart.fss.or.kr', port=443): Read timed out. (read timeout=15)
  [20240119000123] Exception: HTTPSConnectionPool(host='opendart.fss.or.kr', port=443): Read timed out. (read timeout=15)
  [20240119000117] Exception: HTTPSConnectionPool(host='opendart.fss.or.kr', port=443): Read timed out. (read timeout=15)
  [20240119900099] Exception: HTTPSConnectionPool(host='opendart.fss.or.kr', port=443): Read timed out. (read timeout=15)
[20240119] disclosures 312, html downloaded 120 (445/459, 90962s)
[20240118] disclosures 202, html downloaded 78 (446/459, 90971s)
[20240117] disclosures 232, html downloaded 82 (447/459, 90981s)
  [20240116000118] Exception: HTTPSConnectionPool(host='opendart.fss.or.kr', port=443): Read timed out. (read timeout=15)
  [20240116000044] Exception: HTTPSConnectionPool(host='opendart.fss.or.kr', port=443): Read timed out. (read timeout=15)
  [20240116000039] Exception: HTTPSConnectionPool(host='opendart.fss.or.kr', port=443): Read timed out. (read timeout=15)
[20240116] disclosures 217, html downloaded 85 (448/459, 91039s)
  [20240115900809] Exception: HTTPSConnectionPool(host='opendart.fss.or.kr', port=443): Read timed out. (read timeout=15)
  [20240115000218] Exception: HTTPSConnectionPool(host='opendart.fss.or.kr', port=443): Read timed out. (read timeout=15)
  [20240115000238] Exception: HTTPSConnectionPool(host='opendart.fss.or.kr', port=443): Read timed out. (read timeout=15)
  [20240115800596] Exception: HTTPSConnectionPool(host='opendart.fss.or.kr', port=443): Read timed out. (read timeout=15)
  [20240115000164] Exception: HTTPSConnectionPool(host='opendart.fss.or.kr', port=443): Read timed out. (read timeout=15)
[20240115] disclosures 227, html downloaded 103 (449/459, 91130s)
[20240112] disclosures 259, html downloaded 114 (450/459, 91143s)
  [20240111000281] Exception: HTTPSConnectionPool(host='opendart.fss.or.kr', port=443): Read timed out. (read timeout=15)
  [20240111000242] Exception: HTTPSConnectionPool(host='opendart.fss.or.kr', port=443): Read timed out. (read timeout=15)
  [20240111800171] Exception: HTTPSConnectionPool(host='opendart.fss.or.kr', port=443): Read timed out. (read timeout=15)
  [20240111000157] Exception: HTTPSConnectionPool(host='opendart.fss.or.kr', port=443): Read timed out. (read timeout=15)
  [20240111000153] Exception: HTTPSConnectionPool(host='opendart.fss.or.kr', port=443): Read timed out. (read timeout=15)
  [20240111000141] Exception: HTTPSConnectionPool(host='opendart.fss.or.kr', port=443): Read timed out. (read timeout=15)
  [20240111900102] Exception: HTTPSConnectionPool(host='opendart.fss.or.kr', port=443): Read timed out. (read timeout=15)
[20240111] disclosures 227, html downloaded 102 (451/459, 91264s)
[20240110-20240110 | None] Request failed: HTTPSConnectionPool(host='opendart.fss.or.kr', port=443): Read timed out. (read timeout=15)
[20240110] disclosures 194, html downloaded 83 (452/459, 91288s)
[20240109] disclosures 226, html downloaded 111 (453/459, 91301s)
  [20240108000513] Exception: HTTPSConnectionPool(host='opendart.fss.or.kr', port=443): Read timed out. (read timeout=15)
  [20240108000512] Exception: HTTPSConnectionPool(host='opendart.fss.or.kr', port=443): Read timed out. (read timeout=15)
  [20240108800606] Exception: HTTPSConnectionPool(host='opendart.fss.or.kr', port=443): Read timed out. (read timeout=15)
  [20240108000471] Exception: HTTPSConnectionPool(host='opendart.fss.or.kr', port=443): Read timed out. (read timeout=15)
  [20240108000456] Exception: HTTPSConnectionPool(host='opendart.fss.or.kr', port=443): Read timed out. (read timeout=15)
  [20240108000454] Exception: HTTPSConnectionPool(host='opendart.fss.or.kr', port=443): Read timed out. (read timeout=15)
  [20240108000434] Exception: HTTPSConnectionPool(host='opendart.fss.or.kr', port=443): Read timed out. (read timeout=15)
  [20240108000315] Exception: HTTPSConnectionPool(host='opendart.fss.or.kr', port=443): Read timed out. (read timeout=15)
[20240108] disclosures 440, html downloaded 334 (454/459, 91462s)
  [20240105000471] Exception: HTTPSConnectionPool(host='opendart.fss.or.kr', port=443): Read timed out. (read timeout=15)
  [20240105000390] Exception: HTTPSConnectionPool(host='opendart.fss.or.kr', port=443): Read timed out. (read timeout=15)
  [20240105000379] Exception: HTTPSConnectionPool(host='opendart.fss.or.kr', port=443): Read timed out. (read timeout=15)
  [20240105000371] Exception: HTTPSConnectionPool(host='opendart.fss.or.kr', port=443): Read timed out. (read timeout=15)
  [20240105000349] Exception: HTTPSConnectionPool(host='opendart.fss.or.kr', port=443): Read timed out. (read timeout=15)
  [20240105000346] Exception: HTTPSConnectionPool(host='opendart.fss.or.kr', port=443): Read timed out. (read timeout=15)
  [20240105000329] Exception: HTTPSConnectionPool(host='opendart.fss.or.kr', port=443): Read timed out. (read timeout=15)
  [20240105800246] Exception: HTTPSConnectionPool(host='opendart.fss.or.kr', port=443): Read timed out. (read timeout=15)
[20240105] disclosures 432, html downloaded 299 (455/459, 91619s)
  [20240104000322] Exception: HTTPSConnectionPool(host='opendart.fss.or.kr', port=443): Read timed out. (read timeout=15)
  [20240104000260] Exception: HTTPSConnectionPool(host='opendart.fss.or.kr', port=443): Read timed out. (read timeout=15)
  [20240104900227] Exception: HTTPSConnectionPool(host='opendart.fss.or.kr', port=443): Read timed out. (read timeout=15)
  [20240104000145] Exception: HTTPSConnectionPool(host='opendart.fss.or.kr', port=443): Read timed out. (read timeout=15)
  [20240104000109] Exception: HTTPSConnectionPool(host='opendart.fss.or.kr', port=443): Read timed out. (read timeout=15)
  [20240104000084] Exception: HTTPSConnectionPool(host='opendart.fss.or.kr', port=443): Read timed out. (read timeout=15)
  [20240104000016] Exception: HTTPSConnectionPool(host='opendart.fss.or.kr', port=443): Read timed out. (read timeout=15)
  [20240104000011] Exception: HTTPSConnectionPool(host='opendart.fss.or.kr', port=443): Read timed out. (read timeout=15)
[20240104] disclosures 320, html downloaded 206 (456/459, 91766s)
  [20240103000302] Exception: HTTPSConnectionPool(host='opendart.fss.or.kr', port=443): Read timed out. (read timeout=15)
  [20240103000063] Exception: HTTPSConnectionPool(host='opendart.fss.or.kr', port=443): Read timed out. (read timeout=15)
[20240103] disclosures 313, html downloaded 173 (457/459, 91819s)
  [20240102000375] Exception: HTTPSConnectionPool(host='opendart.fss.or.kr', port=443): Read timed out. (read timeout=15)
  [20240102000345] Exception: HTTPSConnectionPool(host='opendart.fss.or.kr', port=443): Read timed out. (read timeout=15)
  [20240102000339] Exception: HTTPSConnectionPool(host='opendart.fss.or.kr', port=443): Read timed out. (read timeout=15)
  [20240102000298] Exception: HTTPSConnectionPool(host='opendart.fss.or.kr', port=443): Read timed out. (read timeout=15)
  [20240102000290] Exception: HTTPSConnectionPool(host='opendart.fss.or.kr', port=443): Read timed out. (read timeout=15)
  [20240102000204] Exception: HTTPSConnectionPool(host='opendart.fss.or.kr', port=443): Read timed out. (read timeout=15)
  [20240102000012] Exception: HTTPSConnectionPool(host='opendart.fss.or.kr', port=443): Read timed out. (read timeout=15)
[20240102] disclosures 329, html downloaded 195 (458/459, 91949s)
[20240101] disclosures 0, html downloaded 0 (459/459, 91949s)
Backfill complete.
