KOSPI_종가,KOSPI_등락률,KOSDAQ_종가,KOSDAQ_등락률,USD_KRW_환율
4551.06,0.56999999999999,947.39,-0.8999999999999999,1445.56005859375
