KOSPI_종가,KOSPI_등락률,KOSDAQ_종가,KOSDAQ_등락률,USD_KRW_환율
5377.3,2.74,1063.75,0.6999999999999901,1512.0899658203125
