티커,Name,Market,Sector,Industry,종가,거래량,거래대금,등락률,공매도거래대금,공매도비중,개인_순매수량,개인_순매수대금,외국인_순매수량,외국인_순매수대금,기관합계_순매수량,기관합계_순매수대금,금융투자_순매수량,금융투자_순매수대금,보험_순매수량,보험_순매수대금,투신_순매수량,투신_순매수대금,은행_순매수량,은행_순매수대금,연기금_순매수량,연기금_순매수대금,사모_순매수량,사모_순매수대금,기타법인_순매수량,기타법인_순매수대금,기타외국인_순매수량,기타외국인_순매수대금
095570,AJ네트웍스,유가,산업용 기계 및 장비 임대업,"렌탈(파렛트, OA장비, 건설장비)",4330.0,130369.0,567600460.0,-0.5699999928474426,131325960.0,23.139999389648438,30148.0,131296026.0,-7499.0,-32609423.0,-27150.0,-118293133.0,-20958.0,-91291804.0,0.0,0.0,-1665.0,-7246959.0,0.0,0.0,5000.0,21675000.0,-9527.0,-41429370.0,3505.0,15271355.0,996.0,4335175.0
006840,AK홀딩스,유가,기타 금융업,지주사업,7700.0,23363.0,175134490.0,4.900000095367432,406690.0,0.23000000417232513,-9944.0,-75139230.0,10354.0,77922510.0,-763.0,-5467740.0,-760.0,-5448480.0,0.0,0.0,-3.0,-22680.0,0.0,0.0,0.0,0.0,0.0,3420.0,353.0,2684460.0,0.0,0.0
027410,BGF,유가,기타 금융업,지주회사,3970.0,46053.0,183507803.0,-1.6100000143051147,6517305.0,3.549999952316284,24007.0,95551943.0,-14803.0,-58819873.0,-9204.0,-36732070.0,-4176.0,-16698535.0,-50.0,-197905.0,129.0,512130.0,0.0,0.0,-5218.0,-20784335.0,111.0,436575.0,0.0,0.0,0.0,0.0
282330,BGF리테일,유가,종합 소매업,체인화 편의점,142800.0,101352.0,14462565050.0,0.0,2139782100.0,14.630000114440918,-9566.0,-1376926900.0,29035.0,4150049000.0,-19441.0,-2769115400.0,-4947.0,-704332600.0,-122.0,-17359800.0,-371.0,-52855700.0,0.0,0.0,-13676.0,-1948281000.0,-325.0,-46286300.0,-83.0,-11834400.0,55.0,7827700.0
138930,BNK금융지주,유가,기타 금융업,금융지주회사,14300.0,1015798.0,14618821010.0,-2.4600000381469727,1429853110.0,8.270000457763672,399765.0,5755246780.0,-370255.0,-5335118615.0,-38225.0,-546306545.0,-49593.0,-710597400.0,-4201.0,-60475125.0,-36940.0,-531654310.0,0.0,0.0,-1648.0,-23212605.0,-66841.0,-962267425.0,6709.0,97304090.0,2006.0,28874290.0
001460,BYC,유가,봉제의복 제조업,"메리야스,란제리 제조,도매/건축공사/부동산 임대,분양,공급",36600.0,1900.0,68988700.0,0.14000000059604645,3447500.0,3.9700000286102295,262.0,9462400.0,-599.0,-21739600.0,273.0,9950950.0,254.0,9257250.0,0.0,0.0,-58.0,-2105300.0,0.0,0.0,0.0,0.0,77.0,2799000.0,64.0,2326250.0,0.0,0.0
001465,BYC우,KOSPI,기타/미분류,기타/미분류,26950.0,2199.0,59028050.0,0.9399999976158142,0.0,0.0,-810.0,-21728400.0,-190.0,-5110000.0,1000.0,26838400.0,1000.0,26838400.0,0.0,0.0,0.0,0.0,0.0,0.0,0.0,0.0,0.0,0.0,0.0,0.0,0.0,0.0
001040,CJ,유가,기타 금융업,지주회사,122900.0,133321.0,16530086250.0,0.07999999821186066,529344000.0,2.6500000953674316,27673.0,3417059750.0,13109.0,1637950100.0,-41958.0,-5203055050.0,-3487.0,-430002650.0,-3138.0,-389751000.0,-4035.0,-498729050.0,0.0,0.0,-29126.0,-3615250800.0,-2188.0,-271317150.0,1068.0,134375300.0,108.0,13669900.0
079160,CJ CGV,유가,"영화, 비디오물, 방송프로그램 제작 및 배급업","영화상영,영화관 운영",5210.0,1826357.0,9833535760.0,2.559999942779541,562097740.0,5.71999979019165,231229.0,1254116835.0,-154444.0,-858827695.0,-91221.0,-469125890.0,-13323.0,-70026080.0,-53.0,-270730.0,-9056.0,-46280520.0,0.0,0.0,-54528.0,-279622950.0,-14261.0,-72925610.0,8386.0,42956310.0,6050.0,30880440.0
00104K,CJ4우(전환),KOSPI,기타/미분류,기타/미분류,118800.0,5341.0,635503200.0,0.17000000178813934,16858600.0,2.6500000953674316,-453.0,-54812800.0,-1480.0,-176419300.0,1933.0,231232100.0,1937.0,231706300.0,-4.0,-474200.0,0.0,0.0,0.0,0.0,0.0,0.0,0.0,0.0,0.0,0.0,0.0,0.0
000120,CJ대한통운,유가,도로 화물 운송업,"Contract Logistics, 포워딩, 항만하역, 해운, 택배국제특송, SCM Consulting",73500.0,30901.0,2283327150.0,0.6800000071525574,429439900.0,13.90999984741211,5407.0,399228000.0,-3923.0,-290778500.0,-1439.0,-105122100.0,-7387.0,-545033400.0,-17.0,-1257700.0,-668.0,-49306900.0,0.0,0.0,6812.0,503694100.0,-179.0,-13217900.0,-44.0,-3253200.0,-1.0,-74200.0
011150,CJ씨푸드,유가,기타 식품 제조업,"수산물(어묵,맛살)가공품 도매,원양수산업,수출입",2020.0,23823.0,47833674.0,2.2799999713897705,64590.0,0.14000000059604645,-6922.0,-13836585.0,6273.0,12528400.0,649.0,1308185.0,649.0,1308185.0,0.0,0.0,0.0,0.0,0.0,0.0,0.0,0.0,0.0,0.0,0.0,0.0,0.0,0.0
011155,CJ씨푸드1우,KOSPI,기타/미분류,기타/미분류,6660.0,3707.0,24265980.0,2.619999885559082,0.0,0.0,-93.0,-611880.0,93.0,611880.0,0.0,0.0,0.0,0.0,0.0,0.0,0.0,0.0,0.0,0.0,0.0,0.0,0.0,0.0,0.0,0.0,0.0,0.0
001045,CJ우,KOSPI,기타/미분류,기타/미분류,70500.0,3175.0,221373400.0,-0.14000000059604645,352500.0,0.1599999964237213,2201.0,153380350.0,-2253.0,-157139850.0,42.0,3062100.0,42.0,3062100.0,0.0,0.0,0.0,0.0,0.0,0.0,0.0,0.0,0.0,0.0,2.0,139800.0,8.0,557600.0
097950,CJ제일제당,유가,기타 식품 제조업,"설탕,소맥분,조미식품,육가공식품(돈육,돼지비계,돼지식용설육),대두가공식품,사료,의약품,생활화학제품 제조,도매,무역/통신판매",184800.0,130795.0,24476916800.0,2.609999895095825,1830460700.0,5.769999980926514,-36391.0,-6862227550.0,14460.0,2760580850.0,23208.0,4341633700.0,5995.0,1133548300.0,-34.0,-6376750.0,3785.0,705240950.0,0.0,0.0,9155.0,1706425500.0,4079.0,760342700.0,-1494.0,-279858600.0,217.0,39871600.0
097955,CJ제일제당 우,KOSPI,기타/미분류,기타/미분류,125200.0,3796.0,472222550.0,1.6200000047683716,58357400.0,12.359999656677246,292.0,36466950.0,-430.0,-53835950.0,133.0,16743400.0,133.0,16743400.0,0.0,0.0,0.0,0.0,0.0,0.0,0.0,0.0,0.0,0.0,5.0,625600.0,0.0,0.0
000480,시알홀딩스,유가,"내화, 비내화 요업제품 제조업","내화연와(정형,부정형,S/N,CCN),단열벽돌,스라이딩노즐,연주용 특수내화물 제조",4560.0,53180.0,242714153.0,-1.940000057220459,3560040.0,1.4700000286102295,26434.0,120643816.0,-28315.0,-129225741.0,1701.0,7759025.0,1636.0,7464485.0,0.0,0.0,18.0,82080.0,0.0,0.0,0.0,0.0,47.0,212460.0,0.0,0.0,180.0,822900.0
000480,시알홀딩스,유가,"내화, 비내화 요업제품 제조업","내화연와(정형,부정형,S/N,CCN),단열벽돌,스라이딩노즐,연주용 특수내화물 제조",4560.0,53180.0,242714153.0,-1.940000057220459,3560040.0,1.4700000286102295,26434.0,120643816.0,-28315.0,-129225741.0,1701.0,7759025.0,1636.0,7464485.0,0.0,0.0,18.0,82080.0,0.0,0.0,0.0,0.0,47.0,212460.0,0.0,0.0,180.0,822900.0
000590,CS홀딩스,유가,기타 금융업,"브랜드 수익, 자회사 배당",67400.0,1054.0,70077700.0,1.350000023841858,0.0,0.0,-69.0,-4551500.0,48.0,2970100.0,21.0,1581400.0,21.0,1581400.0,0.0,0.0,0.0,0.0,0.0,0.0,0.0,0.0,0.0,0.0,0.0,0.0,0.0,0.0
012030,DB,유가,"컴퓨터 프로그래밍, 시스템 통합 및 관리업","컴퓨터 프로그래밍, 시스템 통합 및 관리",1495.0,453083.0,672841150.0,3.0299999713897705,203314.0,0.029999999329447746,-130782.0,-194620039.0,74543.0,110968571.0,55939.0,83212968.0,5486.0,8211172.0,0.0,0.0,246.0,367770.0,0.0,0.0,0.0,0.0,50207.0,74634026.0,300.0,438500.0,0.0,0.0
005830,DB손해보험,유가,보험업,"자동차보험,화재보험,해상보험,특종보험,장기보험",177400.0,226799.0,40657237021.0,-5.389999866485596,4031616400.0,9.199999809265137,3888.0,684192600.0,1609.0,217402150.0,-5708.0,-939509250.0,21206.0,3814701350.0,-6752.0,-1203839950.0,-1913.0,-337679650.0,0.0,0.0,-12884.0,-2255166400.0,-5765.0,-1029429500.0,194.0,34874800.0,17.0,3039700.0
016610,DB증권,유가,금융 지원 서비스업,"유가증권,위탁매매,인수,자기매매",9370.0,50749.0,475290410.0,2.5199999809265137,7070540.0,1.309999942779541,-4133.0,-38567660.0,2971.0,27700650.0,677.0,6345390.0,572.0,5360170.0,-5.0,-46600.0,61.0,571570.0,0.0,0.0,0.0,0.0,49.0,460250.0,500.0,4661800.0,-15.0,-140180.0
000990,DB하이텍,유가,반도체 제조업,반도체 제조,96900.0,235828.0,22658063100.0,3.5299999713897705,3945830800.0,13.600000381469727,33657.0,3218821250.0,-37162.0,-3592599850.0,3019.0,326457400.0,-7786.0,-719138100.0,-2624.0,-252105200.0,14054.0,1358056150.0,0.0,0.0,-308.0,-29788800.0,-316.0,-30470150.0,-90.0,-8124600.0,576.0,55445800.0
000300,DH오토넥스,유가,자동차 신품 부품 제조업,자동차부품제조,4200.0,0.0,0.0,0.0,0.0,0.0,0.0,0.0,0.0,0.0,0.0,0.0,0.0,0.0,0.0,0.0,0.0,0.0,0.0,0.0,0.0,0.0,0.0,0.0,0.0,0.0,0.0,0.0
001530,디아이동일,유가,상품 중개업,"면사,화섬사,면포,혼방포,스포츠웨어용 신합섬 제조,도매,수출",24250.0,14460.0,347811350.0,1.0399999618530273,85087100.0,22.6299991607666,-799.0,-19340850.0,-9055.0,-217672250.0,9874.0,237493100.0,671.0,16203800.0,0.0,0.0,9182.0,220783750.0,0.0,0.0,0.0,0.0,21.0,505550.0,0.0,0.0,-20.0,-480000.0
015590,DKME,유가,일반 목적용 기계 제조업,"열교환기,압력용기,저장탱크,산업용보일러 제조",1548.0,78902.0,118953602.0,4.03000020980835,1711021.0,1.440000057220459,-28430.0,-43099631.0,28606.0,43362454.0,-1.0,-1548.0,-1.0,-1548.0,0.0,0.0,0.0,0.0,0.0,0.0,0.0,0.0,0.0,0.0,0.0,0.0,-175.0,-261275.0
000210,DL,유가,기초 화학물질 제조업,지주회사,48950.0,45338.0,2251265275.0,-2.299999952316284,209311550.0,6.590000152587891,11485.0,565543425.0,-2739.0,-133868925.0,-8101.0,-399934150.0,-7169.0,-354733025.0,-26.0,-1311700.0,-365.0,-18137100.0,0.0,0.0,502.0,25239625.0,-1043.0,-50991950.0,-171.0,-8415400.0,-474.0,-23324950.0
000215,DL우,KOSPI,기타/미분류,기타/미분류,23550.0,2285.0,54531775.0,-1.8799999952316284,96200.0,0.18000000715255737,187.0,4505475.0,-483.0,-11612475.0,189.0,4539400.0,59.0,1417900.0,0.0,0.0,130.0,3121500.0,0.0,0.0,0.0,0.0,0.0,0.0,103.0,2471750.0,4.0,95850.0
375500,DL이앤씨,유가,토목 건설업,토목 건설 사업,71200.0,229085.0,16565967350.0,-0.8399999737739563,1405421050.0,8.479999542236328,-2366.0,-192241500.0,276.0,18475350.0,2383.0,195194100.0,-12213.0,-866153750.0,-6.0,-345200.0,1085.0,78875600.0,0.0,0.0,11971.0,869232850.0,1546.0,113584600.0,-344.0,-24989500.0,51.0,3561550.0
37550L,DL이앤씨2우(전환),KOSPI,기타/미분류,기타/미분류,46200.0,3789.0,177508050.0,-2.3299999237060547,0.0,0.0,-760.0,-35912550.0,-554.0,-25915400.0,814.0,38302950.0,814.0,38302950.0,0.0,0.0,0.0,0.0,0.0,0.0,0.0,0.0,0.0,0.0,500.0,23525000.0,0.0,0.0
37550K,DL이앤씨우,KOSPI,기타/미분류,기타/미분류,25200.0,4540.0,113749650.0,0.20000000298023224,0.0,0.0,-897.0,-22441150.0,894.0,22365200.0,2.0,50950.0,2.0,50950.0,0.0,0.0,0.0,0.0,0.0,0.0,0.0,0.0,0.0,0.0,0.0,0.0,1.0,25000.0
007340,DN오토모티브,유가,일차전지 및 이차전지 제조업,자동차용 밧데리,46650.0,701586.0,33878267725.0,-13.770000457763672,1227631875.0,2.390000104904175,145843.0,6970193075.0,-123150.0,-5967624450.0,-24039.0,-1068383875.0,-25887.0,-1211439725.0,-714.0,-35712550.0,6488.0,319855050.0,0.0,0.0,-14964.0,-704235475.0,11037.0,563098325.0,1473.0,71790750.0,-127.0,-5975500.0
004840,DRB동일,유가,고무제품 제조업,"고무벨트(V벨트,콘베이어벨트,평벨트),프라스틱제품 제조,판매",4320.0,20172.0,87257405.0,1.7699999809265137,34705.0,0.03999999910593033,-941.0,-4036215.0,503.0,2145730.0,438.0,1890485.0,438.0,1890485.0,0.0,0.0,0.0,0.0,0.0,0.0,0.0,0.0,0.0,0.0,0.0,0.0,0.0,0.0
155660,DSR,유가,1차 비철금속 제조업,합섬섬유로프,4455.0,56632.0,253469485.0,-3.259999990463257,0.0,0.0,-2841.0,-12293260.0,-857.0,-4300855.0,-1824.0,-8266915.0,-1824.0,-8266915.0,0.0,0.0,0.0,0.0,0.0,0.0,0.0,0.0,0.0,0.0,5522.0,24861030.0,0.0,0.0
069730,DSR제강,유가,1차 철강 제조업,"와이어로프,각종 경강선,철선제품,PC강선,아연도 강연선 제조",5570.0,62522.0,345654185.0,-3.299999952316284,0.0,0.0,29362.0,162100510.0,-29280.0,-161622890.0,298.0,1669580.0,298.0,1669580.0,0.0,0.0,0.0,0.0,0.0,0.0,0.0,0.0,0.0,0.0,-380.0,-2147200.0,0.0,0.0
069730,DSR제강,유가,1차 철강 제조업,"와이어로프,각종 경강선,철선제품,PC강선,아연도 강연선 제조",5570.0,62522.0,345654185.0,-3.299999952316284,0.0,0.0,29362.0,162100510.0,-29280.0,-161622890.0,298.0,1669580.0,298.0,1669580.0,0.0,0.0,0.0,0.0,0.0,0.0,0.0,0.0,0.0,0.0,-380.0,-2147200.0,0.0,0.0
017860,DS단석,유가,기타 화학제품 제조업,바이오에너지,11630.0,51346.0,601138260.0,1.5700000524520874,3334010.0,0.550000011920929,-2629.0,-30759365.0,2703.0,31623575.0,-255.0,-2979170.0,115.0,1341220.0,-10.0,-115890.0,-376.0,-4388360.0,0.0,0.0,0.0,0.0,16.0,183860.0,0.0,0.0,181.0,2114960.0
092780,DYP,유가,자동차용 엔진 및 자동차 제조업,자동차엔진용 피스톤,3540.0,54699.0,192694195.0,2.4600000381469727,1015125.0,0.5299999713897705,2770.0,9627520.0,-7622.0,-26997235.0,4852.0,17369715.0,4852.0,17369715.0,0.0,0.0,0.0,0.0,0.0,0.0,0.0,0.0,0.0,0.0,0.0,0.0,0.0,0.0
017940,E1,유가,기타 전문 도매업,"LPG(프로판,부탄가스),가스기기판매",93200.0,10481.0,969548950.0,0.2199999988079071,64782100.0,6.090000152587891,168.0,15278750.0,-2407.0,-222682950.0,2249.0,208343200.0,234.0,21805900.0,0.0,0.0,8.0,745600.0,0.0,0.0,0.0,0.0,2007.0,185791700.0,-10.0,-939000.0,0.0,0.0
365550,ESR켄달스퀘어리츠,유가,부동산 임대 및 공급업,부동산투자,3000.0,771491.0,2324840383.0,-2.759999990463257,374412335.0,16.100000381469727,342298.0,1032463634.0,-337352.0,-1021120901.0,-15175.0,-41757063.0,95040.0,289015695.0,0.0,0.0,-57249.0,-172173300.0,0.0,0.0,-48622.0,-146670450.0,23698.0,71409177.0,10183.0,30276420.0,46.0,137910.0
383220,F&F,유가,봉제의복 제조업,"MLB, MLB KIDS, DISCOVERY 등 패션의류제품",61900.0,80940.0,5027185650.0,-1.590000033378601,522380600.0,8.920000076293945,16566.0,1030457950.0,1277.0,75027050.0,-17877.0,-1107596500.0,-3746.0,-233357200.0,1550.0,95915450.0,982.0,60777800.0,0.0,0.0,-15231.0,-942257000.0,-1432.0,-88675550.0,21.0,1298500.0,13.0,813000.0
007700,F&F 홀딩스,유가,기타 금융업,지주회사,14000.0,20597.0,287523990.0,0.8600000143051147,696620.0,0.20999999344348907,4127.0,57239580.0,-2289.0,-31998190.0,-1835.0,-25199170.0,73.0,1267320.0,0.0,0.0,49.0,686000.0,0.0,0.0,-2000.0,-27752470.0,43.0,599980.0,-3.0,-42220.0,0.0,0.0
114090,GKL,유가,유원지 및 기타 오락관련 서비스업,카지노,9180.0,112168.0,1033397480.0,-0.2199999988079071,112351320.0,8.640000343322754,43063.0,395831870.0,-67528.0,-621605160.0,24460.0,225727440.0,8749.0,80846200.0,-9.0,-82600.0,37.0,339430.0,0.0,0.0,18528.0,170748510.0,-2845.0,-26124100.0,0.0,0.0,5.0,45850.0
078930,GS,유가,기타 금융업,지주회사/부동산 임대,113600.0,579448.0,67311398900.0,-5.099999904632568,2034682850.0,2.6600000858306885,-57027.0,-6658543200.0,143774.0,16439982150.0,-85492.0,-9626498150.0,33507.0,3886276700.0,-5834.0,-667407250.0,-35709.0,-4075304050.0,810.0,94653000.0,-62803.0,-7139938100.0,-15256.0,-1701066450.0,-2687.0,-324833600.0,1432.0,169892800.0
006360,GS건설,유가,건물 건설업,"토목공사,건축공사,주택공사,산업플랜트공사,리모델링공사,시설물유지관리공사/산업설비설계,감리 용역,수출입/에너지관리 진단,연구개발",35600.0,2262601.0,81004061125.0,1.8600000143051147,3720630875.0,4.590000152587891,-114608.0,-4092003100.0,-111165.0,-3981983250.0,219456.0,7840239650.0,-2320.0,-81993300.0,-22768.0,-807884800.0,18679.0,670773275.0,0.0,0.0,200466.0,7143833850.0,25413.0,916005875.0,7327.0,269765575.0,-1010.0,-36018875.0
001250,GS글로벌,유가,상품 종합 도매업,"수출입업(시멘트,철강금속,전기전자,섬유,기계화학),상품중개,광업,채석업/하수처리 서비스/부동산 임대",2635.0,401312.0,1068269684.0,1.350000023841858,16048600.0,1.5,14088.0,37196620.0,-16832.0,-44439320.0,2071.0,5464585.0,1952.0,5151020.0,0.0,0.0,33.0,86955.0,0.0,0.0,0.0,0.0,86.0,226610.0,1200.0,3202845.0,-527.0,-1424730.0
007070,GS리테일,유가,종합 소매업,"체인화 편의점,슈퍼마켓,마트,전자상거래/부동산(빌딩) 임대",26700.0,110315.0,2968326050.0,-0.7400000095367432,438545525.0,13.180000305175781,-17584.0,-473486750.0,-5721.0,-157558075.0,23773.0,643644375.0,-17921.0,-481028800.0,-675.0,-18116600.0,-557.0,-14972300.0,0.0,0.0,22476.0,606514200.0,20450.0,551247875.0,-78.0,-2103150.0,-390.0,-10496400.0
078935,GS우,KOSPI,기타/미분류,기타/미분류,63100.0,6064.0,385965500.0,-1.559999942779541,4327800.0,1.1200000047683716,2662.0,169027600.0,-1981.0,-126167400.0,-679.0,-42732000.0,-700.0,-44078500.0,0.0,0.0,0.0,0.0,0.0,0.0,21.0,1346500.0,0.0,0.0,-2.0,-128200.0,0.0,0.0
499790,GS피앤엘,유가,기타 금융업,지주회사,39950.0,47847.0,1925871800.0,-1.7200000286102295,46390350.0,2.069999933242798,4945.0,197326875.0,-11057.0,-445309250.0,6050.0,245510575.0,-9354.0,-376036925.0,-94.0,-3754750.0,9198.0,371463500.0,0.0,0.0,6144.0,247767450.0,157.0,6111200.0,62.0,2471800.0,0.0,0.0
012630,HDC,유가,기타 금융업,지주회사,21300.0,21396.0,460746575.0,-1.6200000047683716,68722750.0,11.520000457763672,4868.0,104139750.0,-1058.0,-22892800.0,-3465.0,-73794950.0,-247.0,-5172250.0,-2321.0,-49213200.0,-964.0,-20821000.0,0.0,0.0,0.0,0.0,67.0,1411500.0,-345.0,-7452000.0,0.0,0.0
039570,HDC랩스,유가,전기 및 통신 공사업,"기계설비공사, 스마트홈, 지능형 빌딩, SOC, 인테리어, 조경, 시설관리",7630.0,10672.0,80577435.0,-0.7799999713897705,1452925.0,1.7999999523162842,1208.0,9094885.0,-1962.0,-14844075.0,714.0,5448390.0,688.0,5249690.0,-4.0,-30200.0,7.0,53410.0,0.0,0.0,0.0,0.0,23.0,175490.0,40.0,300800.0,0.0,0.0
089470,HDC현대EP,유가,기타 화학제품 제조업,"합성수지(PP컴파운딩가공,자동차범퍼,내장제) 제조,도소매",3930.0,44545.0,175526673.0,-0.6299999952316284,6245935.0,3.559999942779541,19452.0,76686023.0,-20327.0,-80182438.0,875.0,3496415.0,871.0,3481470.0,0.0,0.0,4.0,15785.0,0.0,0.0,0.0,0.0,0.0,-840.0,0.0,0.0,0.0,0.0
267270,HD건설기계,유가,특수 목적용 기계 제조업,"굴삭기, 지게차, 휠로더 등",121900.0,295379.0,36694015200.0,-5.650000095367432,1136778850.0,2.240000009536743,159886.0,19806100800.0,-61638.0,-7674309700.0,-98684.0,-12190109500.0,-10802.0,-1332500400.0,-9403.0,-1160144750.0,-32730.0,-4063075850.0,0.0,0.0,-43642.0,-5370744150.0,-2015.0,-252369050.0,281.0,39333300.0,155.0,18985100.0
009540,HD한국조선해양,유가,기타 금융업,"선박,해양구조물,엔진,펌프 전동기,중전기,중장비 제조/자동창고,물류시스템",360500.0,133003.0,48337268250.0,-1.7699999809265137,4091507750.0,7.110000133514404,23800.0,8651881750.0,12207.0,4412265000.0,-34925.0,-12672230250.0,-4666.0,-1666212250.0,-543.0,-200567000.0,-9677.0,-3515301000.0,0.0,0.0,-18741.0,-6819703500.0,-1297.0,-470112000.0,-1085.0,-393005500.0,3.0,1089000.0
267250,HD현대,유가,기타 금융업,지주회사,221500.0,129422.0,28863936750.0,-2.8499999046325684,1789237500.0,5.610000133514404,16617.0,3696356250.0,-2065.0,-463495250.0,-17353.0,-3854545000.0,-19354.0,-4310938750.0,-2541.0,-564201750.0,-1161.0,-261105750.0,303.0,67412000.0,3777.0,853016750.0,1449.0,322462750.0,2461.0,546117000.0,340.0,75567000.0
443060,HD현대마린솔루션,유가,"건축기술, 엔지니어링 및 관련 기술 서비스업","AM(After Market) 솔루션, 친환경 Retrofit, 디지털 제어",203000.0,92919.0,19163340250.0,-3.0999999046325684,2512936500.0,12.15999984741211,-10017.0,-2078480250.0,25728.0,5297097500.0,-14118.0,-2890574750.0,-13621.0,-2805825000.0,-4615.0,-944446000.0,-1884.0,-387218750.0,0.0,0.0,6391.0,1327197500.0,-389.0,-80282500.0,-1586.0,-326597000.0,-7.0,-1445500.0
071970,HD현대마린엔진,유가,일반 목적용 기계 제조업,"조선기자재, 기계부품",53500.0,117598.0,6347787250.0,-1.1100000143051147,775445600.0,8.020000457763672,50184.0,2703448650.0,-18413.0,-997933450.0,-32832.0,-1762601500.0,-12749.0,-684345450.0,-355.0,-19215500.0,-1670.0,-89276700.0,0.0,0.0,-8737.0,-471290600.0,-9320.0,-498420050.0,511.0,27287200.0,550.0,29799100.0
322000,HD현대에너지솔루션,유가,반도체 제조업,"태양광 셀·모듈, PV시스템, ESS",139100.0,476427.0,65174109650.0,7.5,851166600.0,1.309999942779541,-76887.0,-10702417000.0,16903.0,2443734950.0,60374.0,8313868250.0,4441.0,614693900.0,9559.0,1318989950.0,32763.0,4491667150.0,0.0,0.0,19615.0,2706057350.0,-6003.0,-817401500.0,-560.0,-77978100.0,170.0,22791900.0
267260,HD현대일렉트릭,유가,"전동기, 발전기 및 전기 변환 · 공급 · 제어 장치 제조업","변압기, 고압차단기, 회전기, 배전반 등",746000.0,100541.0,74759490500.0,-0.800000011920929,23216731500.0,25.829999923706055,16386.0,12165179500.0,7876.0,5857374000.0,-25238.0,-18748255000.0,-2712.0,-2017739000.0,-572.0,-424915500.0,-1971.0,-1463561000.0,4.0,2970000.0,-12171.0,-9038058500.0,-7808.0,-5801003500.0,259.0,192942000.0,717.0,532759500.0
329180,HD현대중공업,유가,선박 및 보트 건조업,"선박, 해양플랜트 및 엔진기계 등",475500.0,166219.0,79132963750.0,0.3199999928474426,12683606500.0,13.420000076293945,22079.0,10497822750.0,17569.0,8341912000.0,-40402.0,-19198692250.0,4916.0,2354326250.0,-2330.0,-1107702250.0,-7937.0,-3770501250.0,78.0,37086000.0,-23389.0,-11124059500.0,-11739.0,-5587396500.0,724.0,344709500.0,30.0,14248000.0
097230,HJ중공업,유가,토목 건설업,"선박건조,기계플랜트 제조/토목공사,건축공사,조경공사,전기공사,가스공사,준설공사,기계설비공사",17640.0,224266.0,3953660355.0,3.700000047683716,105347480.0,2.6600000858306885,-88298.0,-1557259190.0,88033.0,1552408930.0,2296.0,40528850.0,2312.0,40807110.0,-46.0,-809920.0,-52.0,-912790.0,0.0,0.0,-11.0,-193210.0,94.0,1655210.0,-1870.0,-32840090.0,-161.0,-2838500.0
014790,HL D&I,유가,토목 건설업,"토목,건축,전기,환경사업,준설공사,포장공사,주택,중기임대",2525.0,52586.0,130122819.0,1.809999942779541,108425.0,0.07999999821186066,13979.0,35066215.0,-12054.0,-30333960.0,-2044.0,-5026240.0,4306.0,10636410.0,0.0,0.0,0.0,0.0,0.0,0.0,0.0,0.0,-6350.0,-15662650.0,119.0,293985.0,0.0,0.0
003580,HLB글로벌,유가,종합 소매업,"미디어커머스(카밈, 스파알), 식음료(콤부차, 잼시럽), 화장품(퍼플리쉬, 엘리샤코이) 등",1580.0,185519.0,294077705.0,-0.3199999928474426,5905970.0,2.009999990463257,-6100.0,-10656354.0,8973.0,14479419.0,-5960.0,-8711151.0,-6010.0,-8790151.0,0.0,0.0,4.0,6320.0,0.0,0.0,0.0,0.0,46.0,72680.0,0.0,0.0,3087.0,4888086.0
204320,HL만도,유가,자동차 신품 부품 제조업,"제동장치, 조향장치, 현가장치",54200.0,365599.0,19696534900.0,4.230000019073486,1405237150.0,7.130000114440918,-70376.0,-3801637000.0,75755.0,4084166700.0,-3416.0,-176874500.0,-20234.0,-1084081000.0,-1425.0,-76674350.0,2376.0,128425750.0,0.0,0.0,12764.0,687374700.0,3103.0,168080400.0,-440.0,-23844400.0,-1523.0,-81810800.0
060980,HL홀딩스,유가,기타 금융업,지주회사 및 경영컨설팅 서비스업,39950.0,10025.0,396429400.0,2.0399999618530273,75861100.0,15.9399995803833,2650.0,104819450.0,994.0,39064800.0,-3644.0,-143884250.0,-29.0,-1130950.0,-139.0,-5480550.0,10.0,399500.0,0.0,0.0,-3000.0,-118469850.0,-486.0,-19202400.0,0.0,0.0,0.0,0.0
011200,HMM,유가,해상 운송업,"정기,부정기,전용선,콘테이너선,자동차선,LNG선 해운",21200.0,1358919.0,28974684075.0,-2.299999952316284,2088264000.0,4.679999828338623,253993.0,5374158475.0,8537.0,208291475.0,-268606.0,-5713895050.0,-74371.0,-1575832875.0,-1933.0,-41039525.0,-128468.0,-2732993400.0,0.0,0.0,-48808.0,-1044369850.0,-15027.0,-319681050.0,5431.0,117718000.0,645.0,13727100.0
035000,HS애드,유가,광고업,광고,6700.0,66773.0,447677800.0,-0.8899999856948853,168830.0,0.03999999910593033,29360.0,196943020.0,-35472.0,-237980870.0,5257.0,35317550.0,6646.0,44667430.0,0.0,0.0,-1396.0,-9396000.0,0.0,0.0,0.0,0.0,7.0,46120.0,855.0,5720300.0,0.0,0.0
002460,HS화성,유가,건물 건설업,아파트 건설,10700.0,10152.0,107069980.0,1.2300000190734863,21160.0,0.019999999552965164,3097.0,32619115.0,-1310.0,-13987750.0,-1792.0,-18683915.0,198.0,2228240.0,0.0,0.0,2.0,21400.0,0.0,0.0,-1992.0,-20933555.0,0.0,0.0,5.0,52550.0,0.0,0.0
487570,HS효성,유가,기타 금융업,지주사업,46650.0,2453.0,113086200.0,-0.20999999344348907,11399500.0,10.079999923706055,1560.0,71841800.0,-1747.0,-80503350.0,72.0,3334800.0,72.0,3332950.0,-1.0,-46000.0,-2.0,-92000.0,0.0,0.0,0.0,0.0,3.0,139850.0,115.0,5326750.0,0.0,0.0
298050,HS효성첨단소재,유가,화학섬유 제조업,PET타이어코드,166400.0,8439.0,1411495900.0,1.090000033378601,297149800.0,17.90999984741211,-106.0,-17391500.0,-72.0,-13179500.0,173.0,29739800.0,-329.0,-54270900.0,-3.0,-512300.0,-64.0,-10678000.0,0.0,0.0,601.0,100548200.0,-32.0,-5347200.0,2.0,332000.0,3.0,499200.0
015360,INVENI,유가,회사 본부 및 경영 컨설팅 서비스업,지주사업,14120.0,12115.0,169820010.0,1.5800000429153442,9412570.0,4.329999923706055,4753.0,66476120.0,-5293.0,-74113070.0,340.0,4842950.0,422.0,5982780.0,0.0,0.0,36.0,508320.0,0.0,0.0,0.0,0.0,-118.0,-1648150.0,200.0,2794000.0,0.0,0.0
294870,IPARK현대산업개발,유가,건물 건설업,"외주주택, 자체공사, 일반건축, 토목 등",21750.0,124857.0,2747933800.0,-1.3600000143051147,526318450.0,16.059999465942383,4797.0,102738375.0,-57602.0,-1266230600.0,18591.0,412370675.0,670.0,14742900.0,-383.0,-8395475.0,4637.0,102821875.0,0.0,0.0,24324.0,537207875.0,-10656.0,-233984600.0,34216.0,751166250.0,-2.0,-44700.0
175330,JB금융지주,유가,기타 금융업,금융지주 회사,26400.0,271000.0,7235524050.0,-2.940000057220459,984992100.0,11.890000343322754,43012.0,1142076825.0,7822.0,193305250.0,-50901.0,-1337136525.0,19873.0,542606150.0,-284.0,-7673000.0,-18447.0,-489938800.0,0.0,0.0,-916.0,-22340800.0,-51127.0,-1359790075.0,100.0,2648000.0,-33.0,-893550.0
234080,JW생명과학,유가,의약품 제조업,"기초수액, TPN, 특수수액, HEMO, 영양수액 등",11300.0,16567.0,185335285.0,0.9800000190734863,450420.0,0.23999999463558197,1882.0,21006695.0,-2304.0,-25790305.0,384.0,4358000.0,360.0,4086900.0,0.0,0.0,10.0,113000.0,0.0,0.0,0.0,0.0,14.0,158100.0,37.0,414450.0,1.0,11160.0
001060,JW중외제약,유가,의약품 제조업,"수액제,이상지질혈증치료제,혈우병치료제,소화기궤양치료제,항생제,도매",27450.0,67767.0,1839309075.0,3.5799999237060547,42843550.0,1.3799999952316284,-12034.0,-327342950.0,-1001.0,-27830850.0,12658.0,344980750.0,464.0,12738500.0,0.0,0.0,-16.0,-438100.0,0.0,0.0,10000.0,273040900.0,2210.0,59639450.0,385.0,10406050.0,-8.0,-213000.0
001067,JW중외제약2우B,KOSPI,기타/미분류,기타/미분류,45000.0,9.0,402150.0,-0.4399999976158142,0.0,0.0,0.0,0.0,0.0,0.0,0.0,0.0,0.0,0.0,0.0,0.0,0.0,0.0,0.0,0.0,0.0,0.0,0.0,0.0,0.0,0.0,0.0,0.0
001065,JW중외제약우,KOSPI,기타/미분류,기타/미분류,22850.0,315.0,7203800.0,-2.3499999046325684,0.0,0.0,0.0,0.0,0.0,0.0,0.0,0.0,0.0,0.0,0.0,0.0,0.0,0.0,0.0,0.0,0.0,0.0,0.0,0.0,0.0,0.0,0.0,0.0
096760,JW홀딩스,유가,기타 금융업,의약품 수출입업,4070.0,102864.0,410728298.0,2.390000104904175,343040.0,0.07999999821186066,-9195.0,-36162122.0,7480.0,29322507.0,1715.0,6839615.0,1610.0,6410805.0,0.0,0.0,29.0,118030.0,0.0,0.0,0.0,0.0,76.0,310780.0,0.0,0.0,0.0,0.0
008970,KBI동양철관,유가,1차 철강 제조업,"수도용 도복장 강관,주물(강관말뚝),가스관 제조/아파트건설",1086.0,320842.0,348929530.0,0.09000000357627869,25100972.0,7.190000057220459,77018.0,83575916.0,-78752.0,-85457293.0,1704.0,1849007.0,1576.0,1709999.0,0.0,0.0,28.0,30408.0,0.0,0.0,0.0,0.0,100.0,108600.0,0.0,0.0,30.0,32370.0
105560,KB금융,유가,기타 금융업,-,160000.0,1332300.0,214870095200.0,-3.8499999046325684,15869616700.0,6.550000190734863,349452.0,56311587350.0,-84996.0,-13841816300.0,-267834.0,-43016150000.0,-97729.0,-15630563000.0,-19751.0,-3177351250.0,-51395.0,-8292953150.0,3661.0,590153300.0,-73127.0,-11738968350.0,-29526.0,-4772035450.0,2994.0,485261000.0,384.0,61117950.0
415640,KB발해인프라,유가,신탁업 및 집합투자업,기타/미분류,10280.0,96665.0,981519530.0,2.2899999618530273,8863650.0,0.8999999761581421,-9482.0,-96242850.0,6664.0,67116720.0,2807.0,29015470.0,25619.0,259898080.0,10000.0,101743500.0,-26341.0,-267351780.0,0.0,0.0,0.0,0.0,-6471.0,-65274330.0,11.0,110660.0,0.0,0.0
432320,KB스타리츠,유가,부동산 임대 및 공급업,"벨기에 North Galaxy Towers, 영국 Samsung Europe HQ",1428.0,227543.0,325101909.0,1.2000000476837158,2081380.0,0.6399999856948853,43444.0,62376052.0,-71121.0,-101644431.0,12816.0,18243811.0,12816.0,18246195.0,0.0,0.0,0.0,0.0,0.0,0.0,0.0,0.0,0.0,-2384.0,14725.0,20829810.0,136.0,194758.0
002380,케이씨씨,유가,기타 화학제품 제조업,"건축용단열재,내외장재,스레트,밤라이트,암면,석고보드,판유리 제조",474500.0,41683.0,19631519250.0,8.460000038146973,1679410000.0,7.070000171661377,-7417.0,-3496164250.0,525.0,197147250.0,6887.0,3296150500.0,-517.0,-238473250.0,87.0,41501000.0,6722.0,3193381000.0,0.0,0.0,-896.0,-397182500.0,1440.0,672565750.0,6.0,3342000.0,-1.0,-475500.0
344820,케이씨씨글라스,유가,유리 및 유리제품 제조업,판유리 등,24550.0,9315.0,227959050.0,1.4500000476837158,38139050.0,11.8100004196167,156.0,3972050.0,-2608.0,-64246250.0,2052.0,50537700.0,65.0,1539200.0,1107.0,27300550.0,863.0,21279550.0,0.0,0.0,0.0,0.0,17.0,418400.0,400.0,9736500.0,0.0,0.0
009070,케이씨티시,유가,도로 화물 운송업,"화물자동차운송,항만하역,창고보관,컨테이너조작,중량물해상운송",4000.0,47510.0,189707165.0,0.6299999952316284,3780450.0,1.9900000095367432,9228.0,36823435.0,-10254.0,-40922050.0,726.0,2904615.0,718.0,2873015.0,0.0,0.0,8.0,32000.0,0.0,0.0,0.0,0.0,0.0,-400.0,300.0,1194000.0,0.0,0.0
009440,KC그린홀딩스,유가,기타 금융업,기타금융업,756.0,0.0,0.0,0.0,0.0,0.0,0.0,0.0,0.0,0.0,0.0,0.0,0.0,0.0,0.0,0.0,0.0,0.0,0.0,0.0,0.0,0.0,0.0,0.0,0.0,0.0,0.0,0.0
119650,KC코트렐,유가,일반 목적용 기계 제조업,전기집진기 등,918.0,0.0,0.0,0.0,0.0,0.0,0.0,0.0,0.0,0.0,0.0,0.0,0.0,0.0,0.0,0.0,0.0,0.0,0.0,0.0,0.0,0.0,0.0,0.0,0.0,0.0,0.0,0.0
092220,KEC,유가,반도체 제조업,반도체 제조,2520.0,189274.0,480240003.0,0.4000000059604645,5981597.0,1.25,29741.0,75366729.0,-26668.0,-67576794.0,-1113.0,-2811700.0,-1125.0,-2841940.0,0.0,0.0,12.0,30240.0,0.0,0.0,0.0,0.0,0.0,0.0,0.0,0.0,-1960.0,-4978235.0
003620,KG모빌리티,유가,자동차용 엔진 및 자동차 제조업,"자동차,자동차부품,차륜,정비 제조/도소매",2730.0,292476.0,796724704.0,0.7400000095367432,115585065.0,14.510000228881836,79692.0,217638071.0,-93252.0,-254513896.0,9617.0,26137730.0,9401.0,25551375.0,0.0,0.0,71.0,193830.0,0.0,0.0,0.0,0.0,145.0,392525.0,2999.0,8172885.0,944.0,2565210.0
016380,KG스틸,유가,1차 철강 제조업,"철강재(냉연강판,아연도강판,칼라강판,석도강판,선재류,강관,형강,봉강),비철금속 제조,도매",5440.0,232405.0,1259785410.0,0.9300000071525574,133868570.0,10.630000114440918,9119.0,48392955.0,-24.0,-1515810.0,-10181.0,-52526895.0,2323.0,12594580.0,0.0,0.0,1729.0,9424620.0,0.0,0.0,-14351.0,-75186035.0,118.0,639940.0,1286.0,6729750.0,-200.0,-1080000.0
001390,KG케미칼,유가,기초 화학물질 제조업,"콘크리트혼화제, 비료, 친환경농자재, 수처리제",4335.0,80566.0,350943421.0,0.0,21139575.0,6.019999980926514,16763.0,72911776.0,-18893.0,-82159761.0,1980.0,8597735.0,1894.0,8227895.0,0.0,0.0,11.0,47795.0,0.0,0.0,0.0,0.0,75.0,322045.0,0.0,0.0,150.0,650250.0
001940,KISCO홀딩스,유가,1차 철강 제조업,지주사업,27500.0,35471.0,979503350.0,-0.8999999761581421,16905900.0,1.6299999952316284,-5796.0,-166836600.0,-2822.0,-82978825.0,11031.0,317579825.0,20344.0,569513500.0,0.0,0.0,19.0,522500.0,0.0,0.0,-9346.0,-252835225.0,14.0,379050.0,-2487.0,-69766100.0,74.0,2001700.0
025000,KPX케미칼,유가,기초 화학물질 제조업,"PPG,PU RESIN,우레탄수지,대향막박리재,반도체 CM PAD,Polyether Polyol,산업용기초화학제품,화공약품 제조,판매",52400.0,4756.0,249372400.0,-0.7599999904632568,105200.0,0.03999999910593033,2086.0,109425200.0,-2293.0,-120287200.0,103.0,5430800.0,106.0,5587400.0,-7.0,-364700.0,1.0,52400.0,0.0,0.0,0.0,0.0,3.0,155700.0,96.0,5011200.0,8.0,420000.0
092230,KPX홀딩스,유가,기초 화학물질 제조업,지주회사,96200.0,3532.0,338297350.0,-1.2300000190734863,581400.0,0.15000000596046448,1437.0,137725750.0,-1546.0,-148272950.0,-1.0,24600.0,16.0,1637100.0,0.0,0.0,5.0,481000.0,0.0,0.0,0.0,0.0,-22.0,-2093500.0,110.0,10522600.0,0.0,0.0
000040,KR모터스,유가,그외 기타 운송장비 제조업,"이륜차(오토바이) 제조,도매",1354.0,95404.0,130193225.0,-4.510000228881836,616598.0,0.4699999988079071,-4935.0,-6353793.0,3678.0,4606284.0,799.0,1094844.0,769.0,1054254.0,0.0,0.0,30.0,40590.0,0.0,0.0,0.0,0.0,0.0,0.0,0.0,0.0,458.0,652665.0
044450,KSS해운,유가,해상 운송업,"특수화물해상운송(액화가스,LPG,암모니아,VCM,석유화학제품 등), 선박대여",10060.0,33785.0,339632080.0,0.5,4280060.0,1.2599999904632568,8288.0,83132470.0,-15229.0,-153333820.0,1133.0,11405850.0,3218.0,32271530.0,-18.0,-179970.0,-37.0,-369310.0,0.0,0.0,-2000.0,-20014840.0,-30.0,-301560.0,5838.0,59094900.0,-30.0,-299400.0
030200,케이티,유가,전기 통신업,"유무선통신사업,공중전기통신사업,인터넷,전자상거래,네트워크(전용회선,데이터통신,초고속사업 등)",52100.0,287354.0,15010645800.0,-0.949999988079071,6442031050.0,38.45000076293945,120583.0,6290912050.0,-3188.0,-166177100.0,-119532.0,-6236486950.0,-84755.0,-4423034250.0,-3665.0,-190572500.0,-17956.0,-937019200.0,0.0,0.0,-2097.0,-108416350.0,-11056.0,-577289350.0,2106.0,110137800.0,31.0,1614200.0
033780,케이티앤지,유가,담배 제조업,"잎담배,제조담배,홍삼,홍삼제품 제조,판매",171900.0,243071.0,41821036900.0,-2.049999952316284,4728665600.0,10.15999984741211,42209.0,7248570050.0,49824.0,8591020550.0,-98040.0,-16870005900.0,-45716.0,-7865315050.0,-2161.0,-371408550.0,-10894.0,-1874919850.0,0.0,0.0,-35056.0,-6033953850.0,-4213.0,-724413700.0,5890.0,1010326400.0,117.0,20088900.0
058850,KTcs,유가,기타 정보 서비스업,전화번호검색 데이타제공/콜센터 운영,2205.0,80215.0,176636526.0,0.0,11393555.0,6.449999809265137,19033.0,41818952.0,-20185.0,-44359517.0,998.0,2201170.0,987.0,2177050.0,0.0,0.0,11.0,24255.0,0.0,0.0,0.0,0.0,0.0,-135.0,6.0,13200.0,148.0,326195.0
058860,KTis,유가,기타 정보 서비스업,"114전화번호안내, 고객센터",2505.0,121259.0,302762215.0,-0.20000000298023224,12510.0,0.0,40126.0,100434855.0,-45660.0,-114161315.0,624.0,1561760.0,624.0,1561760.0,0.0,0.0,0.0,0.0,0.0,0.0,0.0,0.0,0.0,0.0,4910.0,12164700.0,0.0,0.0
093050,LF,유가,봉제의복 제조업,"기성복, 의류, 잡화, 제조",22500.0,33356.0,741454500.0,1.1200000047683716,12987100.0,1.7100000381469727,18497.0,410691700.0,-21961.0,-488017400.0,706.0,15842850.0,573.0,12909000.0,-46.0,-1025850.0,-287.0,-6385150.0,0.0,0.0,0.0,0.0,466.0,10344850.0,2757.0,61460800.0,1.0,22050.0
003550,LG,유가,기타 금융업,지주회사,110400.0,223206.0,24763303850.0,0.18000000715255737,5053758850.0,19.020000457763672,-21031.0,-2346376850.0,42150.0,4674120200.0,-20856.0,-2298342250.0,-27588.0,-3048146700.0,160.0,18402900.0,-1952.0,-216408950.0,0.0,0.0,9992.0,1110289800.0,-1468.0,-162481700.0,-259.0,-28951900.0,-4.0,-449200.0
034220,LG디스플레이,유가,전자부품 제조업,"고화질, 초대형, 폴더블 고부가가치 디스플레이 제품 개발, 제조",9650.0,2614073.0,25358288715.0,0.6299999952316284,7625661735.0,30.06999969482422,285294.0,2754965065.0,111139.0,1086333835.0,-400578.0,-3881629640.0,-227260.0,-2204695290.0,-187.0,-1857695.0,-111027.0,-1073404320.0,0.0,0.0,-54230.0,-525378015.0,-7874.0,-76294320.0,3919.0,38146420.0,226.0,2184320.0
051900,LG생활건강,유가,기타 화학제품 제조업,"화장품,생활용품 제조,도매",304500.0,49959.0,15237257500.0,0.8299999833106995,1685383500.0,9.149999618530273,-1714.0,-524034250.0,6145.0,1875891750.0,-4147.0,-1264801500.0,-5378.0,-1640828250.0,-592.0,-180163250.0,-749.0,-228094000.0,0.0,0.0,2479.0,755788750.0,94.0,28798750.0,-266.0,-81615000.0,-18.0,-5441000.0
051905,LG생활건강우,KOSPI,기타/미분류,기타/미분류,107600.0,12479.0,1326675150.0,1.409999966621399,34410200.0,2.5899999141693115,227.0,23293550.0,-2323.0,-247729950.0,2088.0,223579500.0,87.0,9663100.0,1132.0,120999300.0,854.0,91303100.0,0.0,0.0,0.0,0.0,15.0,1614000.0,4.0,427600.0,4.0,429300.0
064400,LG씨엔에스,유가,"컴퓨터 프로그래밍, 시스템 통합 및 관리업","컨설팅, 시스템 구축/운영, 토탈 아웃소싱 및 AI, 클라우드·스마트팩토리 등 IT신기술 기반의 DX사업",73800.0,709455.0,52460184100.0,3.940000057220459,2263035000.0,4.309999942779541,-137086.0,-10177293700.0,130519.0,9656837250.0,6857.0,544865850.0,-20872.0,-1520543250.0,1509.0,111897100.0,1896.0,141089750.0,0.0,0.0,20457.0,1525996850.0,3868.0,286499000.0,251.0,15875000.0,-541.0,-40284400.0
373220,LG에너지솔루션,유가,일차전지 및 이차전지 제조업,"2차전지 (소형,ESS,자동차전지)",358000.0,267995.0,96690800250.0,0.14000000059604645,29844970250.0,25.200000762939453,-16492.0,-6024316250.0,13733.0,4933346000.0,16943.0,6212911500.0,-14321.0,-5154254250.0,3638.0,1314682750.0,7083.0,2551583500.0,0.0,0.0,26941.0,9754615750.0,-6397.0,-2253369250.0,-14167.0,-5115713750.0,-17.0,-6227500.0
003555,LG우,KOSPI,기타/미분류,기타/미분류,68600.0,9078.0,624691000.0,-0.5799999833106995,14183400.0,2.2699999809265137,1273.0,87461000.0,-1438.0,-98711950.0,230.0,15783050.0,253.0,17351200.0,-2.0,-136200.0,-10.0,-682750.0,0.0,0.0,-11.0,-749200.0,0.0,0.0,-65.0,-4532100.0,0.0,0.0
032640,LG유플러스,유가,전기 통신업,"개인휴대통신서비스,음성서비스,데이터서비스,부가통신/단말기 도소매/프로그램 개발,자료제공",14660.0,681069.0,10040272350.0,-0.47999998927116394,531311870.0,4.789999961853027,46003.0,673600370.0,10150.0,142007235.0,-56959.0,-827440125.0,29130.0,436846635.0,-652.0,-9642360.0,-4907.0,-72188265.0,0.0,0.0,-70896.0,-1040826345.0,-9634.0,-141629790.0,394.0,5778190.0,412.0,6054330.0
011070,LG이노텍,유가,전자부품 제조업,기타 전자부품 제조업,587000.0,241915.0,143940867500.0,-2.6500000953674316,20744950500.0,9.449999809265137,113113.0,67373487500.0,-55457.0,-33156992500.0,-58780.0,-34877243000.0,-10691.0,-6376774000.0,-1694.0,-1002766500.0,-6340.0,-3735895000.0,0.0,0.0,-29540.0,-17533770500.0,-10515.0,-6228154000.0,552.0,320276000.0,572.0,340472000.0
066570,LG전자,유가,통신 및 방송 장비 제조업,"이동통신단말기,C-TV,V.C.R.,컴퓨터,완전평면 TV,플라즈마 디스플레이 패널 TV,전자제품(세탁기외),CDMA(코드분할다중접속)이동통신,전자교환기,전송기기",202500.0,552426.0,112049204750.0,0.5,12592494750.0,6.489999771118164,-5755.0,-1257197750.0,64743.0,13148107250.0,-70144.0,-14154562500.0,-23647.0,-4778686000.0,-8391.0,-1697495000.0,-13759.0,-2787452000.0,0.0,0.0,-12476.0,-2490557000.0,-11865.0,-2399156750.0,11188.0,2270403250.0,-32.0,-6750250.0
066575,LG전자우,KOSPI,기타/미분류,기타/미분류,69700.0,55796.0,3896595800.0,-0.4300000071525574,84496600.0,2.1700000762939453,11887.0,832345650.0,-14640.0,-1025465050.0,141.0,9817950.0,180.0,12530200.0,-31.0,-2154500.0,0.0,0.0,0.0,0.0,0.0,0.0,-9.0,-628400.0,2789.0,195568900.0,-177.0,-12267450.0
037560,LG헬로비전,유가,텔레비전 방송업,"케이블TV, 인터넷서비스 등",1621.0,116203.0,189204385.0,0.25,6580.0,0.0,-20519.0,-33479619.0,19214.0,31364756.0,1293.0,2095339.0,1201.0,1947533.0,0.0,0.0,21.0,34041.0,0.0,0.0,0.0,0.0,71.0,113765.0,0.0,0.0,12.0,19524.0
051910,LG화학,유가,기초 화학물질 제조업,"유화/기능/합성수지,재생섬유소,산업재,리튬이온전지,평광판,PVC 제조,도매",264000.0,158402.0,42539789516.0,-0.75,2458054000.0,4.880000114440918,19779.0,5217209500.0,-1980.0,-551463500.0,-18130.0,-4758936500.0,-1979.0,-494281750.0,329.0,88948500.0,-1842.0,-490197750.0,0.0,0.0,-13792.0,-3641923000.0,-545.0,-142033500.0,287.0,82272500.0,44.0,10918000.0
051915,LG화학우,KOSPI,기타/미분류,기타/미분류,121100.0,12265.0,1505197700.0,-0.07999999821186066,369900.0,0.019999999552965164,-2788.0,-344475750.0,5093.0,624818750.0,-2183.0,-265233000.0,-2040.0,-247969900.0,0.0,35000.0,-154.0,-18630200.0,0.0,0.0,0.0,0.0,11.0,1332100.0,-121.0,-14987200.0,-1.0,-122800.0
079550,LIG디펜스앤에어로스페이스,유가,무기 및 총포탄 제조업,정밀유도무기 등,787000.0,90069.0,70839757500.0,-1.1299999952316284,5580008000.0,6.300000190734863,-1594.0,-1324877000.0,23901.0,18856586500.0,-22105.0,-17374477500.0,-10348.0,-8114565000.0,-433.0,-339391000.0,-6274.0,-4936353000.0,0.0,0.0,-7685.0,-6063285500.0,2637.0,2080637000.0,-182.0,-141648000.0,-20.0,-15584000.0
006260,LS,유가,기타 금융업,"전력용전선,일반전선,통신케이블,동선,알루미늄선,공조기,프라스틱사출성형기 제조,도매",313500.0,226931.0,72140572500.0,-5.860000133514404,4501803250.0,4.25,106962.0,33929487750.0,-59875.0,-19014677750.0,-49531.0,-15686890250.0,-16172.0,-5163344000.0,-1979.0,-630297000.0,-22608.0,-7147529250.0,183.0,57954250.0,-7291.0,-2283937000.0,-1664.0,-519760750.0,2230.0,704373500.0,214.0,67706750.0
010120,엘에스일렉트릭,유가,"전동기, 발전기 및 전기 변환 · 공급 · 제어 장치 제조업","고압기기,저압기기,변압기,배전반,PLC,인버터,빌딩설비,공조기,건축배관,자동화기기 제조,동가공",199200.0,558235.0,111364979850.0,-1.3899999856948853,17676786950.0,10.579999923706055,198998.0,39630128550.0,-108492.0,-21596488900.0,-92665.0,-18461343150.0,-32294.0,-6431503150.0,-2089.0,-417080700.0,-9738.0,-1943877950.0,0.0,0.0,-40098.0,-7990813800.0,-8101.0,-1609181050.0,1739.0,344101200.0,420.0,83602300.0
000680,LS네트웍스,유가,상품 종합 도매업,"혁화,의류,등산용품 도매,제조/부동산 임대",2995.0,67137.0,198519000.0,3.450000047683716,7585025.0,3.819999933242798,-4146.0,-12459460.0,3573.0,10745975.0,1826.0,5445110.0,1724.0,5138840.0,0.0,0.0,21.0,62895.0,0.0,0.0,0.0,0.0,81.0,243375.0,-1103.0,-3285625.0,-150.0,-446000.0
229640,LS에코에너지,유가,기타 금융업,기타/미분류,45900.0,74318.0,3426308325.0,-1.5,265978700.0,5.550000190734863,23652.0,1093121775.0,-2762.0,-135266550.0,-20918.0,-959110100.0,4642.0,212719175.0,-7.0,-321200.0,33.0,1517350.0,0.0,0.0,-25621.0,-1174605075.0,35.0,1579650.0,30.0,1374400.0,-2.0,-119525.0
108320,LX세미콘,유가,반도체 제조업,Display Driver IC,37800.0,55426.0,2110556950.0,0.5299999713897705,510448025.0,16.809999465942383,23162.0,882216000.0,-27896.0,-1062082050.0,4599.0,174734625.0,4582.0,174099375.0,-17.0,-645350.0,17.0,642200.0,0.0,0.0,0.0,0.0,17.0,638200.0,84.0,3185900.0,51.0,1945525.0
001120,LX인터내셔널,유가,상품 중개업,"전자,기계,화공,유류.금속,의류 수출입,도소매",37900.0,74978.0,2860837650.0,-1.4299999475479126,237992850.0,6.800000190734863,13905.0,529512550.0,-4254.0,-161939425.0,-9450.0,-359742475.0,1459.0,55332325.0,-244.0,-9241250.0,-892.0,-33958050.0,0.0,0.0,-9817.0,-373513100.0,44.0,1637600.0,-336.0,-12942150.0,135.0,5111500.0
108670,LX하우시스,유가,플라스틱제품 제조업,"창호재, 자동차부품 등",34500.0,35351.0,1223457050.0,4.699999809265137,32274600.0,1.9700000286102295,-19147.0,-662422250.0,9752.0,335221700.0,9445.0,328908050.0,-47.0,-1607800.0,9476.0,329957600.0,7.0,242950.0,0.0,0.0,0.0,0.0,9.0,315300.0,-50.0,-1707500.0,0.0,0.0
108675,LX하우시스우,KOSPI,기타/미분류,기타/미분류,18600.0,4376.0,80744010.0,2.930000066757202,0.0,0.0,-123.0,-2405210.0,166.0,3145580.0,-43.0,-740370.0,-43.0,-740370.0,0.0,0.0,0.0,0.0,0.0,0.0,0.0,0.0,0.0,0.0,0.0,0.0,0.0,0.0
383800,LX홀딩스,유가,기타 금융업,지주회사,8000.0,97630.0,784006080.0,-0.6200000047683716,36317630.0,3.4000000953674316,53140.0,427202735.0,-55284.0,-444347625.0,2268.0,18196860.0,2120.0,17018620.0,-39.0,-310790.0,98.0,784030.0,0.0,0.0,0.0,0.0,89.0,705000.0,-125.0,-1060100.0,1.0,8130.0
38380K,LX홀딩스1우,KOSPI,기타/미분류,기타/미분류,7490.0,1107.0,8156290.0,1.2200000286102295,66980.0,0.8199999928474426,-187.0,-1372840.0,22.0,163390.0,165.0,1209450.0,165.0,1209450.0,0.0,0.0,0.0,0.0,0.0,0.0,0.0,0.0,0.0,0.0,0.0,0.0,0.0,0.0
023150,MH에탄올,유가,알코올음료 제조업,"주정,탄산가스 제조",4185.0,1999.0,8376625.0,1.2100000381469727,58470.0,0.699999988079071,-278.0,-1160635.0,96.0,398940.0,182.0,761695.0,182.0,761695.0,0.0,0.0,0.0,0.0,0.0,0.0,0.0,0.0,0.0,0.0,0.0,0.0,0.0,0.0
035420,NAVER,유가,"자료처리, 호스팅, 포털 및 기타 인터넷 정보매개 서비스업",포털 서비스 및 온라인 광고,219500.0,961900.0,210505687250.0,5.53000020980835,8984717500.0,2.630000114440918,-259898.0,-57356492000.0,189371.0,41664351500.0,74229.0,16494378250.0,-6265.0,-1355370500.0,7620.0,1682516500.0,5745.0,1332184000.0,190.0,41928250.0,66226.0,14644801750.0,704.0,146347000.0,-2767.0,-598676500.0,-935.0,-203561250.0
036570,NC,유가,소프트웨어 개발 및 공급업,"인터넷머그게임(리니지),그룹웨어,인터넷커뮤니티 개발,유지,공급",220500.0,79376.0,17582174750.0,0.46000000834465027,2110904500.0,10.130000114440918,9518.0,2097070750.0,-1710.0,-380407750.0,-7729.0,-1699201500.0,-5346.0,-1180064750.0,537.0,118611750.0,5709.0,1267014750.0,0.0,0.0,-9010.0,-1990537500.0,382.0,85991250.0,76.0,17258500.0,-155.0,-34720000.0
181710,NHN,유가,소프트웨어 개발 및 공급업,한게임,71900.0,385118.0,27963922700.0,-3.490000009536743,2396566800.0,6.340000152587891,-96659.0,-6985669900.0,60350.0,4308888150.0,38676.0,2848918850.0,4258.0,309683350.0,-203.0,-14735250.0,414.0,37411650.0,0.0,0.0,-14987.0,-1068878500.0,49194.0,3585437600.0,-2344.0,-170426500.0,-23.0,-1710600.0
400760,NH올원리츠,유가,부동산 임대 및 공급업,부동산투자,2810.0,210184.0,591156421.0,-1.75,6508600.0,1.100000023841858,80896.0,227839556.0,-96592.0,-271888604.0,-6143.0,-17290347.0,543.0,1526549.0,0.0,0.0,0.0,0.0,0.0,0.0,0.0,0.0,-6686.0,-18816896.0,21022.0,59046590.0,817.0,2292805.0
005940,NH투자증권,유가,금융 지원 서비스업,"증권업,종합금융",26500.0,468548.0,12495734600.0,1.7300000190734863,1700625350.0,10.539999961853027,-18777.0,-510131400.0,114388.0,3050674300.0,-94611.0,-2513681600.0,12523.0,339707575.0,-2651.0,-70427350.0,-3938.0,-104832625.0,0.0,0.0,-99365.0,-2646998100.0,-1175.0,-30998100.0,-554.0,-14903550.0,-446.0,-11957750.0
005945,NH투자증권우,KOSPI,기타/미분류,기타/미분류,24350.0,23972.0,580499700.0,1.6699999570846558,3962500.0,0.6800000071525574,5155.0,124957775.0,-3229.0,-78568750.0,219.0,5323075.0,219.0,5323075.0,0.0,0.0,0.0,0.0,0.0,0.0,0.0,0.0,0.0,0.0,-45.0,-1093750.0,-2100.0,-50618350.0
338100,NH프라임리츠,유가,부동산 임대 및 공급업,부동산 투자,3730.0,48987.0,183697727.0,-0.5299999713897705,1496270.0,0.8100000023841858,17780.0,66432196.0,-25841.0,-96630506.0,7731.0,28958045.0,7731.0,28958045.0,0.0,0.0,0.0,0.0,0.0,0.0,0.0,0.0,0.0,0.0,300.0,1128165.0,30.0,112100.0
034310,NICE,유가,회사 본부 및 경영 컨설팅 서비스업,"기업신용분석,유가증권등급평정,기업정보,긍융정보,경제정보,소비자신용정보 제공,시장조사,사회여론조사,점외 CD/ATM사업",13290.0,77241.0,1029879770.0,-2.140000104904175,62951580.0,5.329999923706055,10681.0,142451025.0,-25950.0,-345937915.0,15287.0,203733250.0,15448.0,205858160.0,-4.0,-52580.0,-200.0,-2631320.0,0.0,0.0,0.0,0.0,43.0,558990.0,51.0,664840.0,-69.0,-911200.0
030190,NICE평가정보,유가,기타 정보 서비스업,"개인 및 기업정보, 솔루션",14900.0,63317.0,944753145.0,-0.6700000166893005,464250.0,0.03999999910593033,6286.0,93384175.0,-25563.0,-380835100.0,19252.0,287097175.0,11324.0,169005925.0,-4.0,-59480.0,-81.0,-1206930.0,0.0,0.0,8000.0,119179170.0,13.0,178490.0,25.0,353750.0,0.0,0.0
008260,NI스틸,유가,1차 철강 제조업,"스틸파이프,철강재임가공 제조,도매",3460.0,599029.0,2057425120.0,9.670000076293945,11279425.0,0.550000011920929,-33164.0,-116257308.0,26362.0,90761463.0,-2489.0,-7598620.0,-2489.0,-7599665.0,0.0,0.0,0.0,0.0,0.0,0.0,0.0,0.0,0.0,1045.0,9291.0,33084595.0,0.0,9870.0
004250,엔피씨,유가,플라스틱제품 제조업,"산업용기프라스틱제품(플라스틱 파렛트,시트 파렛트) 제조,판매",2990.0,32027.0,95527600.0,-0.33000001311302185,0.0,0.0,4771.0,14188940.0,-4564.0,-13615625.0,-204.0,-564375.0,-247.0,-692500.0,0.0,0.0,10.0,29900.0,0.0,0.0,0.0,0.0,33.0,98225.0,0.0,0.0,-3.0,-8940.0
004255,NPC우,KOSPI,기타/미분류,기타/미분류,1851.0,19256.0,35686237.0,0.1599999964237213,0.0,0.0,965.0,1757615.0,-2078.0,-3873351.0,1447.0,2732988.0,1447.0,2732988.0,0.0,0.0,0.0,0.0,0.0,0.0,0.0,0.0,0.0,0.0,0.0,0.0,-334.0,-617252.0
456040,OCI,유가,기초 화학물질 제조업,"폴리실리콘,타르제품,카본블랙,무수프탈산,농약원제,석탄화학제품,정밀화학제품,플라스틱창호재 제조,판매",80800.0,44057.0,3560528300.0,1.3799999952316284,35413200.0,0.7400000095367432,-8386.0,-685026950.0,13370.0,1081884150.0,-4977.0,-396293000.0,-1601.0,-129503000.0,-22.0,-1780300.0,-3711.0,-297879350.0,262.0,21267000.0,-8855.0,-715076400.0,8864.0,719697550.0,0.0,0.0,-7.0,-564200.0
010060,OCI홀딩스,유가,기타 금융업,"타르제품,카본블랙,무수프탈산,농약원제,석탄화학제품,정밀화학제품,플라스틱창호재 제조,판매",290000.0,348474.0,102424394750.0,4.5,12945498500.0,7.690000057220459,-29168.0,-8694665750.0,-8697.0,-2416559500.0,39172.0,11498783000.0,-2413.0,-693391750.0,563.0,164232750.0,9148.0,2709770000.0,121.0,35480000.0,3685.0,1097659500.0,28070.0,8185634500.0,-1176.0,-348143250.0,-131.0,-39414500.0
178920,PI첨단소재,유가,플라스틱제품 제조업,PI(Polyimide)제품,19450.0,37536.0,726284050.0,0.9900000095367432,26517820.0,2.950000047683716,687.0,12504490.0,8650.0,167488620.0,-9419.0,-181575670.0,647.0,12566000.0,-44.0,-853430.0,3.0,60400.0,0.0,0.0,-9964.0,-192174350.0,-61.0,-1174290.0,82.0,1582560.0,0.0,0.0
001340,PKC,유가,기초 화학물질 제조업,"가성소다,합성염산 제조,판매",5020.0,131990.0,656969015.0,1.9299999475479126,39210580.0,5.96999979019165,51337.0,255842240.0,-51794.0,-258118220.0,457.0,2275980.0,400.0,1991640.0,0.0,0.0,18.0,90360.0,0.0,0.0,0.0,0.0,39.0,193980.0,0.0,0.0,0.0,0.0
005490,POSCO홀딩스,유가,1차 철강 제조업,"열연코일,냉연강판,후판,선재,스테인리스 제조",321500.0,204797.0,66624029250.0,0.4699999988079071,6381542500.0,6.670000076293945,-5999.0,-2109952500.0,27768.0,9097362250.0,-20669.0,-6629208500.0,-19801.0,-6361969500.0,-266.0,-86426000.0,3597.0,1163765000.0,3.0,970500.0,-4762.0,-1534804250.0,861.0,286005250.0,-345.0,-110990250.0,-755.0,-247211000.0
010950,S-Oil,유가,석유 정제품 제조업,"석유제품,가스,윤활기유,윤활유,그리스,석유화학제품 제조,도매",142600.0,274875.0,39867007400.0,-5.940000057220459,8347131150.0,17.0,56607.0,8223510150.0,-1417.0,-313171750.0,-57419.0,-8227976700.0,-93.0,-8514250.0,-1153.0,-167607500.0,-5639.0,-806115200.0,294.0,41962900.0,-47262.0,-6778282950.0,-3702.0,-529140900.0,2233.0,318243200.0,-4.0,-604900.0
010955,S-Oil우,KOSPI,기타/미분류,기타/미분류,67300.0,12208.0,827884700.0,-4.400000095367432,7031600.0,0.8500000238418579,3205.0,219776800.0,-5319.0,-362601700.0,2076.0,140270600.0,1162.0,77812900.0,-23.0,-1533500.0,974.0,66456300.0,0.0,0.0,-37.0,-2466000.0,0.0,0.0,50.0,3385000.0,-12.0,-830700.0
034120,SBS,유가,텔레비전 방송업,"TV,라디오방송,광고",12580.0,7601.0,95651200.0,0.3199999928474426,0.0,0.0,-801.0,-10082320.0,0.0,0.0,801.0,10082320.0,443.0,5573520.0,646.0,8126310.0,-304.0,-3818880.0,0.0,0.0,0.0,0.0,16.0,201370.0,0.0,0.0,0.0,0.0
003080,SB성보,유가,"비료, 농약 및 살균, 살충제 제조업","완제농약(해비치과립,카스텔란),원제농약(슈퍼유나니,다이아톤) 제조,도매",2225.0,60784.0,134937535.0,1.1399999856948853,131805.0,0.10000000149011612,4441.0,9548370.0,-1483.0,-3361830.0,-2958.0,-6186540.0,-2958.0,-6186540.0,0.0,0.0,0.0,0.0,0.0,0.0,0.0,0.0,0.0,0.0,0.0,0.0,0.0,0.0
005090,SGC에너지,유가,전기업,"증기, 전기, REC(신재생에너지공급인증서)",62500.0,236471.0,15094744500.0,2.9700000286102295,374389600.0,1.649999976158142,-3288.0,-215255550.0,23578.0,1431165000.0,-20910.0,-1265869150.0,950.0,58573100.0,410.0,29163050.0,-14547.0,-910431300.0,0.0,0.0,-7372.0,-416620750.0,-350.0,-26020850.0,463.0,39762500.0,157.0,10197200.0
001380,SG글로벌,유가,자동차 신품 부품 제조업,자동차시트 및 자동차시트커버(Seat Trim Cover),1338.0,30846.0,41589426.0,-2.549999952316284,0.0,0.0,12934.0,17422821.0,-13281.0,-17892739.0,347.0,469918.0,347.0,469918.0,0.0,0.0,0.0,0.0,0.0,0.0,0.0,0.0,0.0,0.0,0.0,0.0,0.0,0.0
004060,SG세계물산,유가,상품 종합 도매업,"피복류,봉제품,P.E제품 수출입,도매,제조/조경사업",2270.0,149519.0,340510518.0,-1.2999999523162842,8480090.0,2.490000009536743,33587.0,76222321.0,-39236.0,-89032746.0,1060.0,2368655.0,1060.0,2368655.0,0.0,0.0,0.0,0.0,0.0,0.0,0.0,0.0,0.0,0.0,4589.0,10441770.0,0.0,0.0
001770,SHD,유가,1차 철강 제조업,"석도강판,표면처리강판 제조,임가공,판매",14540.0,294545.0,4740945780.0,-11.399999618530273,0.0,0.0,1930.0,29003120.0,160.0,2182900.0,-582.0,-8959340.0,-582.0,-8959340.0,0.0,0.0,0.0,0.0,0.0,0.0,0.0,0.0,0.0,0.0,-26.0,-244300.0,-1482.0,-21982380.0
002360,SH에너지화학,유가,기초 화학물질 제조업,"합성수지(PS/EPS,ABS수지) 제조",1670.0,61840.0,101964149.0,-1.0700000524520874,139445.0,0.14000000059604645,12013.0,19940744.0,-12139.0,-20149598.0,76.0,126854.0,76.0,126854.0,0.0,0.0,0.0,0.0,0.0,0.0,0.0,0.0,0.0,0.0,0.0,0.0,50.0,82000.0
009160,SIMPAC,유가,1차 철강 제조업,"프레스, 합금철",4905.0,81012.0,398649475.0,0.3100000023841858,532495.0,0.12999999523162842,-90.0,-1016525.0,-2807.0,-13351940.0,2897.0,14368465.0,2806.0,13923115.0,0.0,0.0,25.0,122625.0,0.0,0.0,0.0,0.0,66.0,322725.0,0.0,0.0,0.0,0.0
033530,SJG세종,유가,자동차 신품 부품 제조업,"자동차부품,자동차소음기(머플러),배기가스정화기,배기계통부품 제조",6690.0,59185.0,395481970.0,-0.15000000596046448,33200300.0,8.390000343322754,426.0,2933840.0,-1010.0,-6838250.0,583.0,3897660.0,645.0,4313390.0,0.0,0.0,7.0,46830.0,0.0,0.0,0.0,0.0,-69.0,-462560.0,1.0,6750.0,0.0,0.0
123700,에스제이엠,유가,자동차 신품 부품 제조업,자동차및산업용Bellows,3445.0,11486.0,38717215.0,1.3200000524520874,512505.0,1.3200000524520874,2610.0,8811740.0,-2788.0,-9421325.0,68.0,241835.0,68.0,241835.0,0.0,0.0,0.0,0.0,0.0,0.0,0.0,0.0,0.0,0.0,110.0,367750.0,0.0,0.0
025530,에스제이엠홀딩스,유가,자동차 부품 및 내장품 판매업,지주회사및경영자문,3620.0,13076.0,46780606.0,2.4000000953674316,10485.0,0.019999999552965164,802.0,2836365.0,-893.0,-3163130.0,93.0,333840.0,93.0,333840.0,0.0,0.0,0.0,0.0,0.0,0.0,0.0,0.0,0.0,0.0,-2.0,-7075.0,0.0,0.0
034730,SK,유가,기타 금융업,"지주회사, 시스템통합(SI), 정보통신사업 관련 컨설팅,조사용역,정보통신기술 연구개발/정보통신기기,소프트웨어 개발,도매",568000.0,184151.0,105383802000.0,3.0899999141693115,10886980500.0,8.75,1436.0,721002000.0,-1113.0,-630199000.0,-524.0,-205899500.0,-14455.0,-8225586500.0,1314.0,754141500.0,6317.0,3636736000.0,-1.0,-584000.0,10551.0,6062535500.0,-4247.0,-2431443500.0,316.0,182073000.0,-115.0,-66976500.0
011790,SKC,유가,기타 화학제품 제조업,"기초화학원료(PO, PG), 전지용 동박 등을 제조ㆍ판매하는 사업",86300.0,101289.0,8732534900.0,3.4800000190734863,1513133100.0,12.84000015258789,-9672.0,-836113450.0,19136.0,1648634000.0,-11039.0,-948085450.0,-11528.0,-992096900.0,752.0,64795350.0,2926.0,252340350.0,0.0,0.0,-640.0,-54361150.0,-2549.0,-218763100.0,1651.0,142089300.0,-76.0,-6524400.0
018670,SK가스,유가,기타 전문 도매업,"액화석유가스,가스기기 판매,수입,저장",229500.0,11989.0,2789134750.0,-4.179999828338623,469524000.0,13.399999618530273,4113.0,954165500.0,-1441.0,-344411000.0,-2867.0,-655518500.0,-643.0,-146993000.0,-1056.0,-242644000.0,264.0,61417000.0,0.0,0.0,-2609.0,-601095000.0,897.0,208634500.0,193.0,45301000.0,2.0,463000.0
001740,SK네트웍스,유가,기타 전문 도매업,"정보통신 유통, 자동차 관리, 글로벌 트레이딩, 호텔&리조트",7070.0,679379.0,4845125795.0,0.14000000059604645,156810.0,0.0,115657.0,823214305.0,-124349.0,-885073135.0,7369.0,52339800.0,6965.0,49492400.0,-97.0,-686750.0,250.0,1767500.0,0.0,0.0,0.0,0.0,251.0,1766650.0,2226.0,15760650.0,-903.0,-6241620.0
006120,SK디스커버리,유가,기타 금융업,"화섬사(폴리에스테르원사(폴리에스터F,폴리에스터SF),폴리에스터직물,아세테이트),석유화학부문(TPA,DMT),섬유원료,직물,BOTTLE용CHIP,접착제,폴리우레탄 제조,",51200.0,34069.0,1744183850.0,-1.7300000190734863,138627500.0,6.25,12338.0,631399400.0,-9765.0,-499362000.0,372.0,18887000.0,355.0,18013800.0,0.0,0.0,-2.0,-94000.0,0.0,0.0,0.0,0.0,19.0,967200.0,-2946.0,-150975200.0,1.0,50800.0
006125,SK디스커버리우,KOSPI,기타/미분류,기타/미분류,38900.0,415.0,16158050.0,-0.25999999046325684,0.0,0.0,-4.0,-157000.0,-26.0,-1012000.0,0.0,0.0,0.0,0.0,0.0,0.0,0.0,0.0,0.0,0.0,0.0,0.0,0.0,0.0,30.0,1169000.0,0.0,0.0
210980,SK디앤디,유가,부동산 임대 및 공급업,"비주거용 부동산개발 및 임대(오피스, 지식산업센터, 호텔 등)",4855.0,44182.0,214023070.0,0.0,19280.0,0.009999999776482582,-3089.0,-14779015.0,6096.0,29237630.0,538.0,2611915.0,516.0,2504490.0,0.0,0.0,5.0,24275.0,0.0,0.0,0.0,0.0,16.0,78280.0,0.0,0.0,-3545.0,-17070530.0
395400,SK리츠,유가,부동산 임대 및 공급업,서울 중구 소재 SK서린빌딩 및 전국 116개 주유소 임대 운영,5650.0,130144.0,733592015.0,-0.5299999713897705,33501010.0,4.570000171661377,6109.0,34257480.0,2147.0,10942655.0,-8256.0,-45200135.0,45810.0,258957255.0,-50000.0,-281013865.0,280.0,1582000.0,0.0,0.0,-17613.0,-99326580.0,13267.0,74601055.0,0.0,0.0,0.0,0.0
302440,SK바이오사이언스,유가,기초 의약물질 제조업,백신 제품 및 제제,37750.0,183719.0,6979818400.0,5.449999809265137,904183400.0,9.1899995803833,-14628.0,-562649475.0,53351.0,2028166925.0,-38045.0,-1439462400.0,-23835.0,-902355125.0,-27.0,-990450.0,-7043.0,-265103150.0,0.0,0.0,4014.0,152966575.0,-11054.0,-420130250.0,-668.0,-25660150.0,-10.0,-394900.0
326030,에스케이바이오팜,유가,자연과학 및 공학 연구개발업,신경질환 및 정신질환을 포함한 중추신경 관련 신약 개발,86500.0,152325.0,13249688500.0,1.409999966621399,1225968350.0,7.309999942779541,8641.0,739634500.0,645.0,61244550.0,-9605.0,-828112450.0,-12123.0,-1048318300.0,-19.0,-1597100.0,1626.0,141828400.0,0.0,0.0,-458.0,-39881450.0,1369.0,119854400.0,-153.0,-13810000.0,472.0,41043400.0
402340,SK스퀘어,유가,기타 금융업,지주회사,1123000.0,853378.0,930397287274.0,11.850000381469727,118746376500.0,9.119999885559082,-47740.0,-56462299500.0,68492.0,77126485000.0,-19027.0,-18696440500.0,-40773.0,-43366486500.0,6602.0,7358256500.0,31251.0,34866876000.0,369.0,404596500.0,3257.0,3635876500.0,-19702.0,-21556766000.0,-1324.0,-1508035000.0,-401.0,-459710000.0
361610,SK아이이테크놀로지,유가,일차전지 및 이차전지 제조업,2차전지용 습식 분리막 및 폴더블 커버 윈도우,14560.0,139536.0,2053462740.0,0.8999999761581421,348836840.0,13.34000015258789,-3564.0,-59031010.0,28727.0,424310520.0,-25061.0,-363746770.0,-4524.0,-65104570.0,-37.0,-571880.0,-302.0,-4379270.0,0.0,0.0,-19572.0,-284546760.0,-626.0,-9144290.0,-32.0,-479040.0,-70.0,-1053700.0
100090,SK오션플랜트,유가,1차 철강 제조업,해상풍력 하부구조물,13660.0,407445.0,5607954415.0,1.6399999856948853,199244830.0,3.549999952316284,5699.0,74503450.0,14857.0,206030915.0,-19589.0,-267325825.0,277.0,3804900.0,-8.0,-108950.0,438.0,6046765.0,0.0,0.0,-20610.0,-281355280.0,314.0,4286740.0,-177.0,-2457710.0,-790.0,-10750830.0
03473K,SK우,KOSPI,기타/미분류,기타/미분류,367500.0,1244.0,457433000.0,3.809999942779541,3655000.0,0.800000011920929,-119.0,-44204000.0,106.0,39450000.0,13.0,4754000.0,10.0,3654000.0,0.0,0.0,3.0,1100000.0,0.0,0.0,0.0,0.0,0.0,0.0,0.0,0.0,0.0,0.0
096770,SK이노베이션,유가,석유 정제품 제조업,"석유정제,석유화학제품,윤활유제품,아스팔트제품,의약중간체 제조,판매,유전개발,대체에너지사업",125900.0,457598.0,58146235750.0,-2.3299999237060547,3747653700.0,4.980000019073486,42642.0,5365822400.0,60618.0,7691504100.0,-106175.0,-13426580200.0,7716.0,977974800.0,-9232.0,-1165283050.0,-45040.0,-5712280150.0,22.0,2772000.0,-66731.0,-8428923450.0,6782.0,860337550.0,3073.0,388146950.0,-158.0,-18893250.0
096775,SK이노베이션우,KOSPI,기타/미분류,기타/미분류,66200.0,1614.0,106495800.0,-1.0499999523162842,330400.0,0.3100000023841858,198.0,13082100.0,-342.0,-22572500.0,78.0,5145700.0,82.0,5408600.0,-4.0,-262900.0,0.0,0.0,0.0,0.0,0.0,0.0,0.0,0.0,0.0,0.0,66.0,4344700.0
475150,SK이터닉스,유가,건물 건설업,부동산 개발,56000.0,6707508.0,396516661450.0,-3.109999895095825,1464447900.0,0.3700000047683716,581533.0,32094142400.0,-260449.0,-13847442850.0,-300899.0,-17000295850.0,-2630.0,-99165300.0,-23431.0,-1381883400.0,-121780.0,-6948489900.0,0.0,0.0,41395.0,2462863100.0,-194453.0,-11033627050.0,-21259.0,-1283962350.0,1074.0,37558650.0
001510,SK증권,유가,금융 지원 서비스업,"증권업,부동산 임대",2810.0,11086158.0,29009024095.0,29.790000915527344,662729526.0,2.2799999713897705,1181548.0,3021249807.0,-1070585.0,-2744942452.0,-87682.0,-215691845.0,-8414.0,-23376985.0,0.0,0.0,0.0,0.0,0.0,0.0,-79116.0,-191948540.0,-152.0,-366320.0,25541.0,74685985.0,-48822.0,-135301495.0
001515,SK증권우,KOSPI,기타/미분류,기타/미분류,5260.0,56157.0,292361500.0,29.8799991607666,0.0,0.0,-136.0,-715360.0,0.0,0.0,136.0,715360.0,136.0,715360.0,0.0,0.0,0.0,0.0,0.0,0.0,0.0,0.0,0.0,0.0,0.0,0.0,0.0,0.0
285130,SK케미칼,유가,합성고무 및 플라스틱 물질 제조업,"PETG 수지, PET 수지, 바이오디젤, 백신",49000.0,66226.0,3275674825.0,2.0799999237060547,141783650.0,3.309999942779541,-22150.0,-1097947700.0,14745.0,728734525.0,6805.0,339564875.0,-3364.0,-165546300.0,132.0,6602425.0,-2989.0,-147795500.0,0.0,0.0,13206.0,655180750.0,-180.0,-8876500.0,583.0,28799000.0,17.0,849300.0
28513K,SK케미칼우,KOSPI,기타/미분류,기타/미분류,23150.0,1820.0,42001600.0,0.6499999761581421,1475850.0,3.509999990463257,585.0,13499125.0,-494.0,-11402525.0,-91.0,-2096600.0,-91.0,-2096600.0,0.0,0.0,0.0,0.0,0.0,0.0,0.0,0.0,0.0,0.0,0.0,0.0,0.0,0.0
017670,SK텔레콤,유가,전기 통신업,"이동전화,무선호출서비스,부가통신",96600.0,1473659.0,143738883450.0,-1.4299999475479126,2334943900.0,1.2899999618530273,245890.0,23903893000.0,-257036.0,-25144068900.0,9126.0,1045594700.0,-318422.0,-31039497100.0,2755.0,264323050.0,-761.0,-70040050.0,521.0,50860000.0,44151.0,4259631900.0,280911.0,27583188350.0,2109.0,203287000.0,-89.0,-8705800.0
000660,SK하이닉스,유가,반도체 제조업,"반도체,컴퓨터,통신기기 제조,도매",1691000.0,5452970.0,9109803915522.0,12.729999542236328,461279149000.0,3.4700000286102295,-922172.0,-1549322294500.0,319001.0,539344693000.0,-13214.0,-24188829000.0,-310457.0,-520925417000.0,-1143.0,-1795556000.0,183015.0,309116342500.0,-4.0,-444856500.0,15100.0,20069023000.0,99976.0,169296861500.0,622413.0,1044263390000.0,-6028.0,-10096959500.0
003570,SNT다이내믹스,유가,자동차 신품 부품 제조업,"자동차부품(동력전달장치 등),공작기계(CNC선반 등),사출성형기 제조",31250.0,80102.0,2548099950.0,-7.130000114440918,156530400.0,4.809999942779541,48449.0,1538581875.0,-30040.0,-957286150.0,-20035.0,-632979875.0,-236.0,-8642850.0,-6308.0,-198035650.0,7306.0,233344550.0,0.0,0.0,-4758.0,-149027925.0,-16397.0,-521841150.0,1042.0,33140650.0,584.0,18543500.0
064960,SNT모티브,유가,자동차 신품 부품 제조업,"자동차부품(서스펜션모듈,전장품,속옵서버,에어백,트로틀바디,너클),방산품(총포) 제조,도매",27000.0,75882.0,2043468175.0,0.0,240706250.0,9.65999984741211,13816.0,370929725.0,-28858.0,-777263500.0,13521.0,365364125.0,6918.0,186471575.0,-27.0,-726500.0,18.0,563175.0,0.0,0.0,-14324.0,-384958500.0,30.0,805750.0,1516.0,40834650.0,5.0,135000.0
100840,SNT에너지,유가,일반 목적용 기계 제조업,"공냉식 열교환장치,폐열회수장치 제조",27200.0,37022.0,1006649400.0,1.4900000095367432,64157650.0,3.690000057220459,8519.0,230945150.0,-8953.0,-242660875.0,6.0,202375.0,292.0,7954600.0,-35.0,-946350.0,-232.0,-6288225.0,0.0,0.0,-7.0,-189350.0,-12.0,-328700.0,427.0,11486100.0,1.0,27250.0
036530,SNT홀딩스,유가,기타 금융업,"지배,경영지도,정리,육성",47700.0,7513.0,355749275.0,0.0,48166300.0,7.909999847412109,4547.0,215055325.0,-3974.0,-188207925.0,-1085.0,-51073000.0,776.0,36918300.0,-1.0,-47250.0,-1218.0,-57588075.0,0.0,0.0,0.0,0.0,-643.0,-30403275.0,498.0,23566200.0,14.0,659400.0
000390,SP삼화,유가,기타 화학제품 제조업,"건축용페인트,공업용페인트,분체도료 등 제조",6220.0,43352.0,269256105.0,1.1399999856948853,6621920.0,2.4600000381469727,-143.0,-706475.0,-682.0,-4495635.0,825.0,5202110.0,794.0,5009110.0,0.0,0.0,7.0,43540.0,0.0,0.0,0.0,0.0,24.0,149460.0,0.0,0.0,0.0,0.0
011810,STX,유가,상품 종합 도매업,"에너지 원료(석탄,석유),산업기자재(기계부품) 도매",3530.0,0.0,0.0,0.0,0.0,0.0,0.0,0.0,0.0,0.0,0.0,0.0,0.0,0.0,0.0,0.0,0.0,0.0,0.0,0.0,0.0,0.0,0.0,0.0,0.0,0.0,0.0,0.0
465770,STX그린로지스,유가,해상 운송업,해상운송업 및 물류업,3470.0,1240226.0,4389414003.0,-10.100000381469727,4297117.0,0.10000000149011612,-87631.0,-315331854.0,78778.0,283842469.0,30.0,80665.0,0.0,-23735.0,0.0,0.0,30.0,104400.0,0.0,0.0,0.0,0.0,0.0,0.0,0.0,-18470.0,8823.0,31427190.0
077970,STX엔진,유가,일반 목적용 기계 제조업,"엔진,터빈,내연기관 제조,도매",25100.0,80419.0,2034186250.0,0.800000011920929,13183500.0,0.4099999964237213,18668.0,469758825.0,-12231.0,-308521125.0,-6830.0,-171266550.0,1057.0,26626900.0,-2700.0,-67629450.0,-4121.0,-103366350.0,0.0,0.0,-1098.0,-27695500.0,33.0,822850.0,433.0,11032100.0,-40.0,-1003250.0
002820,SUN&L,유가,플라스틱제품 제조업,"펌프 디스펜서, 스프레이 트리거",1498.0,41644.0,61880891.0,-2.2200000286102295,0.0,0.0,9831.0,14591665.0,4442.0,6595855.0,-14286.0,-21206738.0,1436.0,2148569.0,0.0,0.0,0.0,0.0,0.0,0.0,0.0,0.0,-15722.0,-23355307.0,-7.0,-10382.0,20.0,29600.0
002170,SYTS,유가,"가죽, 가방 및 유사제품 제조업","피혁원단,혁제운동화,혁제장갑,혁제스포츠용품 제조,상품중개,무역",56500.0,7670.0,431570300.0,0.0,4502800.0,1.0399999618530273,-2563.0,-146073900.0,-1304.0,-73290300.0,3866.0,219308200.0,5046.0,284973100.0,0.0,0.0,-1180.0,-65663700.0,0.0,0.0,0.0,0.0,0.0,-1200.0,0.0,0.0,1.0,56000.0
084870,티비에이치글로벌,유가,봉제의복 제조업,"캐주얼의류,여성의류,남성의류 제조,도소매",2140.0,86910.0,185286714.0,-2.2799999713897705,1144705.0,0.6200000047683716,-37997.0,-80850501.0,3309.0,6689161.0,24688.0,53086340.0,24688.0,53086340.0,0.0,0.0,0.0,0.0,0.0,0.0,0.0,0.0,0.0,0.0,10000.0,21075000.0,0.0,0.0
002710,TCC스틸,유가,1차 철강 제조업,"석도강판,표면처리강판 제조,판매",10340.0,26507.0,272443890.0,2.069999933242798,44115310.0,9.729999542236328,372.0,3067050.0,-957.0,-9116530.0,585.0,6049480.0,554.0,5729450.0,0.0,0.0,7.0,72380.0,0.0,0.0,0.0,0.0,24.0,247650.0,0.0,0.0,0.0,0.0
069260,티케이지휴켐스,유가,기타 화학제품 제조업,"화합물,화학제품 제조",15880.0,42137.0,669238470.0,-0.1899999976158142,36561080.0,4.929999828338623,9483.0,149650420.0,-4407.0,-69674900.0,-6672.0,-105336220.0,-6905.0,-109150280.0,308.0,4873300.0,-366.0,-5793350.0,0.0,0.0,-38.0,-472990.0,-380.0,-6030810.0,1594.0,25329080.0,2.0,31620.0
007980,TP,유가,봉제의복 제조업,"봉제의류(자켓,파카,코트),침구 제조,우모가공,생활용품 도소매,무역",1775.0,236400.0,422447642.0,-2.740000009536743,0.0,0.0,96401.0,172768419.0,-123294.0,-221067890.0,857.0,1520707.0,857.0,1520707.0,0.0,0.0,0.0,0.0,0.0,0.0,0.0,0.0,0.0,0.0,26032.0,46771779.0,4.0,6985.0
002900,TYM,유가,특수 목적용 기계 제조업,"농기계,연초용필터,금속제양식기,철강압연 제조,도매,수출입/신문서적 수출입,판매",7160.0,300724.0,2124605575.0,5.139999866485596,150963790.0,7.110000133514404,-55105.0,-392747740.0,-65751.0,-459466780.0,119551.0,842905280.0,-3140.0,-21966160.0,0.0,0.0,-15210.0,-107332990.0,0.0,0.0,-641.0,-4518370.0,138542.0,976722800.0,1143.0,8154760.0,162.0,1154480.0
024070,WISCOM,유가,플라스틱제품 제조업,"플라스틱제품(PVC컴파운드,ABS,PS가공) 제조,도매,임가공",1990.0,25545.0,50603433.0,-0.44999998807907104,40110.0,0.07999999821186066,-5704.0,-11242848.0,-3799.0,-7611622.0,9503.0,18854470.0,9503.0,18854470.0,0.0,0.0,0.0,0.0,0.0,0.0,0.0,0.0,0.0,0.0,0.0,0.0,0.0,0.0
037270,YG PLUS,유가,"자료처리, 호스팅, 포털 및 기타 인터넷 정보매개 서비스업","광고대행,광고물 제작",3325.0,294582.0,991960903.0,-1.4800000190734863,102844980.0,10.369999885559082,70943.0,239463840.0,-81441.0,-274080665.0,1283.0,4253275.0,1199.0,3978385.0,0.0,0.0,26.0,86450.0,0.0,0.0,0.0,0.0,58.0,188440.0,3316.0,10904140.0,5899.0,19459410.0
139130,iM금융지주,유가,기타 금융업,지주회사,17000.0,366194.0,6254443595.0,-2.069999933242798,1290157980.0,19.65999984741211,-3624.0,-63886885.0,-35666.0,-611363935.0,39417.0,677432610.0,2478.0,44110240.0,-358.0,-6054370.0,5533.0,94765610.0,0.0,0.0,-44281.0,-756111860.0,76045.0,1300722990.0,-127.0,-2181790.0,0.0,0.0
000500,가온전선,유가,절연선 및 케이블 제조업,"전력선,통신케이블 제조,도매,수출입",164900.0,105834.0,17200892100.0,4.5,774380700.0,2.380000114440918,-23787.0,-3896243000.0,18144.0,2973659200.0,5988.0,978428500.0,3354.0,548239400.0,1.0,159000.0,1390.0,227428900.0,0.0,0.0,-15.0,-2463100.0,1258.0,205066200.0,-726.0,-118523300.0,381.0,62678600.0
000860,강남제비스코,유가,기타 화학제품 제조업,"도료(페인트,락카,신나,에나멜,바니쉬),안료 제조,판매",11930.0,28070.0,329677100.0,2.5799999237060547,11678710.0,3.5399999618530273,10591.0,123266190.0,-9815.0,-114424900.0,-777.0,-8853130.0,-2457.0,-28441070.0,0.0,0.0,-20.0,-236160.0,0.0,0.0,0.0,0.0,1700.0,19824100.0,0.0,0.0,1.0,11840.0
035250,강원랜드,유가,유원지 및 기타 오락관련 서비스업,"카지노,관광호텔,골프장,스키장,체육시설 운영",14320.0,317534.0,4556842605.0,0.20999999344348907,1060416725.0,18.65999984741211,-7686.0,-112385375.0,29594.0,425769290.0,-21496.0,-307323875.0,-25256.0,-362023150.0,-4212.0,-60415440.0,-8941.0,-128197665.0,0.0,0.0,27246.0,391387260.0,-7541.0,-108023805.0,-390.0,-5742145.0,-22.0,-317895.0
011420,갤럭시아에스엠,유가,스포츠 서비스업,"스포츠중계권,스포츠마케팅,광고",1464.0,117433.0,175355491.0,1.600000023841858,240726.0,0.14000000059604645,10762.0,16485715.0,-11049.0,-16904836.0,308.0,451366.0,308.0,451366.0,0.0,0.0,0.0,0.0,0.0,0.0,0.0,0.0,0.0,0.0,-21.0,-32245.0,0.0,0.0
002100,경농,유가,"비료, 농약 및 살균, 살충제 제조업","완제농약(잡초약,살충제,살균제) 제조",9300.0,87654.0,813869525.0,-0.10999999940395355,669270.0,0.07999999821186066,-18563.0,-172201300.0,18302.0,169837800.0,-121.0,-1153070.0,-84.0,-807810.0,0.0,0.0,5.0,46500.0,0.0,0.0,0.0,0.0,-42.0,-391760.0,305.0,2806250.0,77.0,710320.0
009450,경동나비엔,유가,가정용 기기 제조업,"가정용기름보일러,입형,횡형 온수보일러,가스보일러,버너,흡수식 냉온수기,전기보일러,진공온수보일러,태양열보일러 제조,판매",64900.0,37179.0,2420682900.0,0.15000000596046448,226408400.0,6.980000019073486,4019.0,259935150.0,4970.0,325185750.0,-9127.0,-594078800.0,112.0,7339300.0,571.0,37217200.0,-544.0,-35406800.0,0.0,0.0,5380.0,350661800.0,-14646.0,-953890300.0,22.0,1431800.0,116.0,7526100.0
267290,경동도시가스,유가,연료용 가스 제조 및 배관공급업,도시가스,21700.0,8021.0,173462000.0,-0.23000000417232513,151900.0,0.09000000357627869,3328.0,71942300.0,-3412.0,-73728650.0,194.0,4184350.0,193.0,4163450.0,0.0,0.0,1.0,21700.0,0.0,0.0,0.0,0.0,0.0,-800.0,-110.0,-2398000.0,0.0,0.0
012320,경동인베스트,유가,기타 금융업,지주회사,47850.0,4463.0,213120050.0,0.0,1241300.0,0.5799999833106995,61.0,2825750.0,-124.0,-5840200.0,63.0,3014450.0,71.0,3396900.0,0.0,0.0,-8.0,-382050.0,0.0,0.0,0.0,0.0,0.0,-400.0,0.0,0.0,0.0,0.0
000050,경방,유가,종합 소매업,"섬유류(면사,면혼방사,면직물,면혼방직물,화섬사,화섬직물) 제조,도매,수출입",8260.0,36266.0,298620920.0,-0.7200000286102295,25000.0,0.009999999776482582,9581.0,78795060.0,-9725.0,-79996230.0,143.0,1192950.0,173.0,1440960.0,0.0,0.0,7.0,57820.0,0.0,0.0,0.0,0.0,-37.0,-305830.0,0.0,0.0,1.0,8220.0
214390,경보제약,유가,기초 의약물질 제조업,"아토르바스타틴, 세프티족심, 세프트리약손",5160.0,15448.0,79067720.0,1.5700000524520874,719270.0,0.9100000262260437,1791.0,9175300.0,-2187.0,-11226570.0,396.0,2051270.0,390.0,2019820.0,0.0,0.0,6.0,30960.0,0.0,0.0,0.0,0.0,0.0,490.0,0.0,0.0,0.0,0.0
012610,경인양행,유가,기초 화학물질 제조업,"반응성염료,직접염료,산성염료,삼원색원료 제조,수출입",3220.0,121861.0,391162295.0,2.059999942779541,1626370.0,0.41999998688697815,6764.0,21723824.0,13783.0,44210990.0,-22550.0,-72343379.0,840.0,2705793.0,0.0,0.0,-15796.0,-50679285.0,0.0,0.0,0.0,0.0,-7594.0,-24369887.0,5.0,15935.0,1998.0,6392630.0
009140,경인전자,유가,전자부품 제조업,"스위치,리모콘,배선기구,섬머스타트,게임기,전자부품 제조,판매",22500.0,6283.0,137390400.0,5.389999866485596,86600.0,0.05999999865889549,-402.0,-8343000.0,385.0,8004500.0,17.0,338500.0,17.0,338500.0,0.0,0.0,0.0,0.0,0.0,0.0,0.0,0.0,0.0,0.0,0.0,0.0,0.0,0.0
013580,계룡건설산업,유가,토목 건설업,"건축공사,주택공사,토목공사,포장공사,전기공사",23000.0,72825.0,1686717300.0,-0.4300000071525574,40787850.0,2.4200000762939453,4608.0,108372950.0,-3980.0,-93717550.0,218.0,5045100.0,216.0,5000000.0,0.0,0.0,2.0,46000.0,0.0,0.0,0.0,0.0,0.0,-900.0,-300.0,-7005000.0,-546.0,-12695500.0
012200,계양전기,유가,일반 목적용 기계 제조업,"전동공구(그라인더,드릴,커팅머신 등), 엔진, 자동차용 모터 제조",4270.0,215928.0,920883182.0,1.4299999475479126,2027595.0,0.2199999988079071,-1588.0,-6559053.0,-170.0,-935937.0,401.0,1717335.0,401.0,1718325.0,0.0,0.0,0.0,0.0,0.0,0.0,0.0,0.0,0.0,-990.0,25.0,104875.0,1332.0,5672780.0
012205,계양전기우,KOSPI,기타/미분류,기타/미분류,6510.0,11760.0,76503700.0,0.3100000023841858,0.0,0.0,0.0,0.0,0.0,0.0,0.0,0.0,0.0,0.0,0.0,0.0,0.0,0.0,0.0,0.0,0.0,0.0,0.0,0.0,0.0,0.0,0.0,0.0
002140,고려산업,유가,"곡물가공품, 전분 및 전분제품 제조업","배합사료,플라스틱용기 제조/부동산 임대",2090.0,372925.0,768211832.0,2.450000047683716,2375350.0,0.3100000023841858,-714.0,-2571542.0,-2268.0,-3616263.0,433.0,900760.0,433.0,900760.0,0.0,0.0,0.0,0.0,0.0,0.0,0.0,0.0,0.0,0.0,9.0,18450.0,2540.0,5268595.0
010130,고려아연,유가,1차 비철금속 제조업,"연,아연괴 제조,판매",1238000.0,54752.0,69520687000.0,8.119999885559082,11209787500.0,11.930000305175781,-18177.0,-23199488500.0,578.0,607745500.0,18204.0,23370885000.0,-2848.0,-3556157000.0,325.0,418173500.0,1338.0,1702527500.0,0.0,0.0,22010.0,28150546500.0,-2620.0,-3343126500.0,-329.0,-428047000.0,-276.0,-351095000.0
002240,고려제강,유가,1차 철강 제조업,"PC강선,선재 2차제품,와이어로프,비드와이어,SC(Surpass Coat) Stand,각종선재 제조,도매",16850.0,17165.0,289598790.0,-0.5899999737739563,22728010.0,6.320000171661377,5576.0,94240580.0,-5914.0,-99868000.0,338.0,5627420.0,271.0,4502590.0,0.0,0.0,38.0,640300.0,0.0,0.0,0.0,0.0,29.0,484530.0,0.0,0.0,0.0,0.0
009290,광동제약,유가,의약품 제조업,"의약품,식음료 제조,도매",6150.0,152034.0,934471590.0,0.49000000953674316,110586330.0,11.829999923706055,12044.0,73535400.0,-21105.0,-129272710.0,-1329.0,-8203820.0,2038.0,12441670.0,0.0,0.0,19.0,116850.0,0.0,0.0,-3440.0,-21090480.0,54.0,328140.0,10111.0,62233220.0,279.0,1707910.0
017040,광명전기,유가,"전동기, 발전기 및 전기 변환 · 공급 · 제어 장치 제조업","수배전반,가스절연개폐장치,빌딩자동화시스템,중앙감시반,자동제어반 제조,도소매,무역",932.0,0.0,0.0,0.0,0.0,0.0,0.0,0.0,0.0,0.0,0.0,0.0,0.0,0.0,0.0,0.0,0.0,0.0,0.0,0.0,0.0,0.0,0.0,0.0,0.0,0.0,0.0,0.0
017900,광전자,유가,반도체 제조업,"트랜지스터,SMD TR,발광소자,리모콘모듈,발광다이오드(L.E.D),다이오드용웨이퍼팹(Fab) 제조,판매",8290.0,1314792.0,10829146675.0,4.409999847412109,25901500.0,0.23999999463558197,-123126.0,-1010907900.0,124295.0,1021492400.0,-1531.0,-13060210.0,1302.0,10765620.0,0.0,0.0,6.0,49740.0,0.0,0.0,0.0,0.0,-2839.0,-23875570.0,-518.0,-4306960.0,880.0,6782670.0
037710,광주신세계,유가,종합 소매업,백화점,38450.0,122484.0,4756504025.0,2.119999885559082,98843150.0,1.149999976158142,-3762.0,-142941325.0,2255.0,84859825.0,1223.0,47166125.0,643.0,25127975.0,0.0,0.0,7.0,269150.0,0.0,0.0,559.0,21226350.0,14.0,542650.0,48.0,1966875.0,236.0,8948500.0
037710,광주신세계,유가,종합 소매업,백화점,38450.0,122484.0,4756504025.0,2.119999885559082,98843150.0,1.149999976158142,-3762.0,-142941325.0,2255.0,84859825.0,1223.0,47166125.0,643.0,25127975.0,0.0,0.0,7.0,269150.0,0.0,0.0,559.0,21226350.0,14.0,542650.0,48.0,1966875.0,236.0,8948500.0
030610,교보증권,유가,금융 지원 서비스업,"유가증권 매매,중개,대리,인수",10350.0,61773.0,634686925.0,4.860000133514404,34397020.0,4.380000114440918,-31971.0,-328401540.0,10782.0,109255610.0,21200.0,219259880.0,548.0,5625570.0,0.0,0.0,40.0,414000.0,0.0,0.0,20494.0,211986260.0,118.0,1234050.0,-1.0,-10230.0,-10.0,-103720.0
339770,교촌에프앤비,유가,음·식료품 및 담배 도매업,치킨 프랜차이즈,3800.0,56644.0,213862557.0,-0.38999998569488525,10170805.0,4.760000228881836,22540.0,85190542.0,-23524.0,-88954452.0,983.0,3760155.0,918.0,3514805.0,0.0,0.0,20.0,76000.0,0.0,0.0,0.0,0.0,45.0,169350.0,1.0,3755.0,0.0,0.0
007690,국도화학,유가,기초 화학물질 제조업,"에폭시수지,폴리아마이드수지,아염소산소다 제조,도소매",37350.0,14470.0,544052800.0,-1.5800000429153442,36741500.0,5.130000114440918,5975.0,223953500.0,-4541.0,-169939600.0,-1462.0,-55057200.0,1016.0,37956150.0,0.0,0.0,12.0,448200.0,0.0,0.0,-2500.0,-93830250.0,10.0,368700.0,28.0,1043300.0,0.0,0.0
002720,국제약품,유가,의약품 제조업,"항생제,안약,제약 제조,도매",3235.0,34536.0,110149135.0,1.409999966621399,161570.0,0.15000000596046448,-6449.0,-20511131.0,5989.0,19052741.0,380.0,1223090.0,380.0,1223090.0,0.0,0.0,0.0,0.0,0.0,0.0,0.0,0.0,0.0,0.0,0.0,0.0,80.0,235300.0
083420,그린케미칼,유가,기타 화학제품 제조업,"비이온계면활성제 제조,도매",4730.0,36429.0,173244355.0,0.20999999344348907,24000.0,0.009999999776482582,-7507.0,-35679025.0,6901.0,32817055.0,603.0,2847795.0,576.0,2720725.0,0.0,0.0,6.0,28380.0,0.0,0.0,0.0,0.0,21.0,98690.0,3.0,14175.0,0.0,0.0
014530,극동유화,유가,석유 정제품 제조업,"윤활유,유동파라핀,왁스,방수용시트,아스팔트 제조/수입자동차,부품 도매/가스충전,산업설비 청소",3280.0,62623.0,204051225.0,-0.6100000143051147,1014400.0,0.5,8910.0,29018050.0,-13025.0,-42458670.0,815.0,2664710.0,806.0,2635515.0,0.0,0.0,9.0,29520.0,0.0,0.0,0.0,0.0,0.0,-325.0,3300.0,10775910.0,0.0,0.0
014280,금강공업,유가,1차 철강 제조업,"건설가설재,강관,거푸집 제조,판매",4425.0,108374.0,484304485.0,-1.8799999952316284,524550.0,0.10999999940395355,-26229.0,-116277517.0,24900.0,110357777.0,929.0,4131730.0,921.0,4097185.0,0.0,0.0,8.0,35400.0,0.0,0.0,0.0,0.0,0.0,-855.0,0.0,0.0,400.0,1788010.0
014285,금강공업우,KOSPI,기타/미분류,기타/미분류,5420.0,1281.0,6942490.0,0.0,0.0,0.0,-20.0,-108400.0,0.0,0.0,0.0,0.0,0.0,0.0,0.0,0.0,0.0,0.0,0.0,0.0,0.0,0.0,0.0,0.0,0.0,0.0,20.0,108400.0
008870,금비,유가,유리 및 유리제품 제조업,"유리제품(주류병) 제조/화장품 도소매,수입(병제조기기)",39700.0,737.0,28417550.0,1.399999976158142,39250.0,0.14000000059604645,60.0,2281000.0,-48.0,-1961700.0,-12.0,-319300.0,-12.0,-319300.0,0.0,0.0,0.0,0.0,0.0,0.0,0.0,0.0,0.0,0.0,0.0,0.0,0.0,0.0
001570,금양,유가,기초 화학물질 제조업,"발포제,사카린,OPTSA,베나졸,TCA 제조",9900.0,0.0,0.0,0.0,0.0,0.0,0.0,0.0,0.0,0.0,0.0,0.0,0.0,0.0,0.0,0.0,0.0,0.0,0.0,0.0,0.0,0.0,0.0,0.0,0.0,0.0,0.0,0.0
002990,금호건설,유가,건물 건설업,"종합건설/여객운송,관광/부동산 임대,분양",15650.0,25833711.0,393061195435.0,24.209999084472656,169781770.0,0.03999999910593033,-409935.0,-6255179930.0,412701.0,6467834565.0,66231.0,914756665.0,8529.0,119087405.0,0.0,0.0,12222.0,179719420.0,0.0,0.0,6855.0,111525880.0,38625.0,504423960.0,-13351.0,-200225510.0,-55646.0,-927185790.0
002990,금호건설,유가,건물 건설업,"종합건설/여객운송,관광/부동산 임대,분양",15650.0,25833711.0,393061195435.0,24.209999084472656,169781770.0,0.03999999910593033,-409935.0,-6255179930.0,412701.0,6467834565.0,66231.0,914756665.0,8529.0,119087405.0,0.0,0.0,12222.0,179719420.0,0.0,0.0,6855.0,111525880.0,38625.0,504423960.0,-13351.0,-200225510.0,-55646.0,-927185790.0
002995,금호건설우,KOSPI,기타/미분류,기타/미분류,23950.0,55255.0,1366236950.0,14.59000015258789,0.0,0.0,406.0,8785500.0,-2.0,-49800.0,0.0,0.0,0.0,0.0,0.0,0.0,0.0,0.0,0.0,0.0,0.0,0.0,0.0,0.0,0.0,604500.0,-404.0,-9340200.0
011780,금호석유화학,유가,기초 화학물질 제조업,"합성고무 SBR(스티렌부타디엔러버),BR(폴리부타디엔러버),합성수지,BD,라텍스 제조,도소매",120000.0,148900.0,18082866200.0,-2.9100000858306885,329725000.0,1.6799999475479126,22356.0,2709033450.0,3598.0,446192800.0,-31231.0,-3788485650.0,-2873.0,-347983200.0,-1855.0,-225210550.0,-2804.0,-340774350.0,72.0,8978600.0,-28352.0,-3434058100.0,4580.0,550441050.0,5268.0,632147300.0,9.0,1112100.0
011785,금호석유화학우,KOSPI,기타/미분류,기타/미분류,51300.0,1649.0,83950600.0,0.5899999737739563,1307800.0,1.559999942779541,436.0,22112800.0,-6.0,-379700.0,-473.0,-23942500.0,46.0,2340200.0,-17.0,-854600.0,-2.0,-101100.0,0.0,0.0,-500.0,-25327000.0,0.0,0.0,41.0,2107200.0,2.0,102200.0
214330,금호에이치티,유가,자동차 신품 부품 제조업,자동차용 전구 및 LED모듈,6320.0,151407.0,939549620.0,5.510000228881836,45384410.0,4.829999923706055,-42106.0,-261641720.0,4903.0,29469470.0,-594.0,-3578580.0,-594.0,-3578580.0,0.0,0.0,0.0,0.0,0.0,0.0,0.0,0.0,0.0,0.0,40300.0,251341720.0,-2503.0,-15590890.0
001210,금호전기,유가,전구 및 조명장치 제조업,"형광등,백열전구,전구식현광등,실드빔(차량용전조) 제조,판매",7460.0,8794217.0,59466535980.0,29.969999313354492,62609640.0,0.10999999940395355,-505199.0,-3686208530.0,14667.0,27287020.0,0.0,-73520.0,0.0,-73520.0,0.0,0.0,0.0,0.0,0.0,0.0,0.0,0.0,0.0,0.0,503466.0,3754727390.0,-12934.0,-95732360.0
073240,금호타이어,유가,고무제품 제조업,"타이어,튜브 제조,도매,무역",7420.0,5364913.0,40399201840.0,-2.369999885559082,7859124250.0,10.020000457763672,1660791.0,12535649955.0,-1266579.0,-9554493075.0,-419288.0,-3165711785.0,-363149.0,-2743311345.0,-71.0,-470480.0,-276.0,-2138700.0,0.0,0.0,-39867.0,-301069370.0,-15925.0,-118721890.0,24549.0,180748865.0,527.0,3806040.0
073240,금호타이어,유가,고무제품 제조업,"타이어,튜브 제조,도매,무역",7420.0,5364913.0,40399201840.0,-2.369999885559082,7859124250.0,10.020000457763672,1660791.0,12535649955.0,-1266579.0,-9554493075.0,-419288.0,-3165711785.0,-363149.0,-2743311345.0,-71.0,-470480.0,-276.0,-2138700.0,0.0,0.0,-39867.0,-301069370.0,-15925.0,-118721890.0,24549.0,180748865.0,527.0,3806040.0
092440,기신정기,유가,특수 목적용 기계 제조업,"몰드베이스,금형부품,정밀기계기구 제조,도매,무역",1985.0,70776.0,139259005.0,-0.20000000298023224,1676935.0,1.2000000476837158,-7936.0,-15717659.0,-1469.0,-2940789.0,9405.0,18658448.0,9405.0,18658448.0,0.0,0.0,0.0,0.0,0.0,0.0,0.0,0.0,0.0,0.0,0.0,0.0,0.0,0.0
000270,기아,유가,자동차용 엔진 및 자동차 제조업,"승용차,중대형버스,트럭,민수특수차량,군수차량 제조,판매,정비",131100.0,869614.0,114938893600.0,-1.4299999475479126,15606718200.0,11.979999542236328,143713.0,18951603800.0,98445.0,12952078600.0,-243198.0,-32040856850.0,-69626.0,-9140770600.0,-5543.0,-729758100.0,-21112.0,-2781749100.0,-254.0,-33429900.0,-66529.0,-8765072850.0,-78516.0,-10377313350.0,552.0,72608700.0,488.0,64565750.0
024110,기업은행,유가,은행 및 저축기관,은행업,19950.0,1283419.0,25753840570.0,-1.7200000286102295,2699656900.0,8.390000343322754,707886.0,14191699630.0,-676316.0,-13564140880.0,-56486.0,-1129330750.0,8814.0,179397330.0,-742.0,-14835960.0,-5055.0,-101280100.0,0.0,0.0,-54959.0,-1101363120.0,-4750.0,-95376250.0,24505.0,493522150.0,411.0,8249850.0
013700,까뮤이앤씨,유가,건물 건설업,"토목공사,건축공사/부동산 임대",1613.0,347455.0,538908728.0,4.46999979019165,11886650.0,2.2100000381469727,51685.0,82271370.0,-51641.0,-82225410.0,-115.0,-153991.0,-115.0,-153991.0,0.0,0.0,0.0,0.0,0.0,0.0,0.0,0.0,0.0,0.0,0.0,0.0,71.0,108031.0
004540,깨끗한나라,유가,"펄프, 종이 및 판지 제조업","펄프,판지원지,화장지 제조,수출입",1189.0,29219.0,34533187.0,-0.3400000035762787,2749505.0,7.960000038146973,10946.0,12960370.0,-11613.0,-13751029.0,667.0,790659.0,667.0,790659.0,0.0,0.0,0.0,0.0,0.0,0.0,0.0,0.0,0.0,0.0,0.0,0.0,0.0,0.0
004545,깨끗한나라우,KOSPI,기타/미분류,기타/미분류,4540.0,445.0,2015815.0,0.0,9080.0,0.44999998807907104,2.0,9080.0,-2.0,-9080.0,0.0,0.0,0.0,0.0,0.0,0.0,0.0,0.0,0.0,0.0,0.0,0.0,0.0,0.0,0.0,0.0,0.0,0.0
001260,남광토건,유가,토목 건설업,"토목공사,건축공사,기전공사,측량설계시공,용역/철구조물 제조",8020.0,172453.0,1401354465.0,0.25,12090340.0,0.8600000143051147,-9778.0,-79313695.0,10331.0,83136565.0,188.0,1518110.0,188.0,1518110.0,0.0,0.0,0.0,0.0,0.0,0.0,0.0,0.0,0.0,0.0,0.0,0.0,-741.0,-5340980.0
008350,남선알미늄,유가,1차 비철금속 제조업,알미늄샷시 제조/환경사업,984.0,1096130.0,1083214331.0,-1.2000000476837158,1021129.0,0.09000000357627869,270685.0,266851974.0,-274360.0,-270421040.0,2450.0,2415005.0,2300.0,2267405.0,0.0,0.0,35.0,34440.0,0.0,0.0,0.0,0.0,115.0,113160.0,103.0,102655.0,1122.0,1051406.0
008355,남선알미우,KOSPI,기타/미분류,기타/미분류,7050.0,194.0,1365550.0,-0.14000000059604645,0.0,0.0,-2.0,-13850.0,2.0,13850.0,0.0,0.0,0.0,0.0,0.0,0.0,0.0,0.0,0.0,0.0,0.0,0.0,0.0,0.0,0.0,0.0,0.0,0.0
004270,남성,유가,기타 전문 도매업,"수출입(카오디오)/통신기기 제조,판매/이동통신,유선방송,정보통신/생활필수품,식품 판매/부동산 임대",4970.0,7343.0,36526634.0,0.0,912275.0,2.5,2759.0,13720177.0,-2544.0,-12650207.0,65.0,323295.0,65.0,323295.0,0.0,0.0,0.0,0.0,0.0,0.0,0.0,0.0,0.0,0.0,-280.0,-1393265.0,0.0,0.0
003920,남양유업,유가,동·식물성 유지 및 낙농제품 제조업,"시유,조제분유,발효유,이유밀,치즈,프렌치까페 제조,도매",42150.0,9751.0,414069700.0,-2.5399999618530273,12169350.0,2.5399999618530273,2521.0,106631600.0,-80.0,-3820250.0,-2466.0,-103880100.0,156.0,6705150.0,-3.0,-126500.0,-2624.0,-110664700.0,0.0,0.0,0.0,0.0,5.0,205950.0,25.0,1068750.0,0.0,0.0
003925,남양유업우,KOSPI,기타/미분류,기타/미분류,30400.0,1804.0,55074600.0,0.0,0.0,0.0,130.0,3986400.0,-130.0,-3986600.0,0.0,200.0,0.0,200.0,0.0,0.0,0.0,0.0,0.0,0.0,0.0,0.0,0.0,0.0,0.0,0.0,0.0,0.0
025860,남해화학,유가,"비료, 농약 및 살균, 살충제 제조업","비료(요소,복합비료),공업제품원료 제조,도매",6030.0,974671.0,5962020065.0,-0.8199999928474426,44985350.0,0.75,-104375.0,-643922100.0,78158.0,483373270.0,1366.0,8252490.0,1261.0,7622280.0,0.0,0.0,53.0,319290.0,0.0,0.0,0.0,0.0,52.0,310920.0,25562.0,156566850.0,-711.0,-4270510.0
005720,넥센,유가,고무제품 제조업,"자동차용 재생타이어튜브,솔리드타이어,고무부품,골프볼,와이어로프소재,특수강선,열처리도금선,건자재 제조,판매,수출입",6100.0,22486.0,137041530.0,-0.9700000286102295,1882850.0,1.3700000047683716,-313.0,-1954500.0,-11702.0,-71346250.0,12015.0,73300750.0,1963.0,12004460.0,0.0,0.0,77.0,469700.0,0.0,0.0,0.0,0.0,9975.0,60826590.0,0.0,0.0,0.0,0.0
005725,넥센우,KOSPI,기타/미분류,기타/미분류,4330.0,4.0,17230.0,0.699999988079071,0.0,0.0,0.0,0.0,0.0,0.0,0.0,0.0,0.0,0.0,0.0,0.0,0.0,0.0,0.0,0.0,0.0,0.0,0.0,0.0,0.0,0.0,0.0,0.0
002350,넥센타이어,유가,고무제품 제조업,"타이어,후랩,고무제타이어(승용자동차용,래디알구조) 제조",6450.0,35655.0,228765695.0,0.1599999964237213,9673120.0,4.230000019073486,6524.0,41733105.0,-9566.0,-61335515.0,3042.0,19602410.0,2872.0,18504430.0,0.0,0.0,115.0,742180.0,0.0,0.0,0.0,0.0,55.0,355800.0,0.0,0.0,0.0,0.0
002355,넥센타이어1우B,KOSPI,기타/미분류,기타/미분류,3900.0,8185.0,31690160.0,0.0,42735.0,0.12999999523162842,-832.0,-3236060.0,887.0,3412830.0,2445.0,9497480.0,2445.0,9497480.0,0.0,0.0,0.0,0.0,0.0,0.0,0.0,0.0,0.0,0.0,-2500.0,-9674250.0,0.0,0.0
092790,넥스틸,유가,1차 철강 제조업,"OCTG Pipe, Line Pipe, Standard Pipe, 일반관",11700.0,164775.0,1933107635.0,3.1700000762939453,10036835.0,0.5199999809265137,-26701.0,-312860260.0,26671.0,312459515.0,174.0,2049665.0,1092.0,12807780.0,0.0,0.0,-956.0,-11203875.0,0.0,0.0,0.0,0.0,38.0,445760.0,-72.0,-846020.0,-72.0,-802900.0
251270,넷마블,유가,소프트웨어 개발 및 공급업,온라인·모바일 게임 소프트웨어 개발 및 공급,37500.0,171312.0,6470411950.0,0.4000000059604645,1372150400.0,18.06999969482422,-12078.0,-462167125.0,44774.0,1687862725.0,-32668.0,-1224625475.0,-22121.0,-831300700.0,-44.0,-1663525.0,-103.0,-3883975.0,0.0,0.0,-6259.0,-232525625.0,-4140.0,-155213650.0,-18.0,-689625.0,-10.0,-380500.0
090350,노루페인트,유가,기타 화학제품 제조업,페인트 제조,8080.0,49571.0,401454430.0,0.5,10626110.0,2.6500000953674316,5813.0,47145780.0,-6369.0,-51657380.0,556.0,4511600.0,533.0,4326150.0,0.0,0.0,5.0,40400.0,0.0,0.0,0.0,0.0,18.0,145050.0,0.0,0.0,0.0,0.0
090355,노루페인트우,KOSPI,기타/미분류,기타/미분류,11580.0,50.0,576170.0,1.4900000095367432,0.0,0.0,0.0,0.0,0.0,0.0,0.0,0.0,0.0,0.0,0.0,0.0,0.0,0.0,0.0,0.0,0.0,0.0,0.0,0.0,0.0,0.0,0.0,0.0
000320,노루홀딩스,유가,기타 금융업,지주사업,16950.0,8069.0,137589785.0,-0.9900000095367432,223990.0,0.12999999523162842,-2725.0,-46477020.0,3075.0,52594340.0,215.0,3671210.0,195.0,3332750.0,0.0,0.0,8.0,135600.0,0.0,0.0,0.0,0.0,12.0,202860.0,0.0,-680.0,-565.0,-9787850.0
000325,노루홀딩스우,KOSPI,기타/미분류,기타/미분류,26050.0,11.0,279000.0,2.1600000858306885,0.0,0.0,0.0,0.0,0.0,0.0,0.0,0.0,0.0,0.0,0.0,0.0,0.0,0.0,0.0,0.0,0.0,0.0,0.0,0.0,0.0,0.0,0.0,0.0
006280,녹십자,유가,의약품 제조업,"알부민외 제조,판매",125400.0,65683.0,8288952450.0,3.640000104904175,2863646100.0,23.139999389648438,10467.0,1331696950.0,-9569.0,-1209180350.0,-1077.0,-145469200.0,-7106.0,-903251500.0,-16.0,-1973100.0,2435.0,306748750.0,0.0,0.0,3701.0,464487350.0,-91.0,-11473200.0,60.0,7721900.0,119.0,15230700.0
005250,녹십자홀딩스,유가,회사 본부 및 경영 컨설팅 서비스업,"알부민,유로키나제,간염백신,유행성출혈열백신 제조",10280.0,209272.0,2186176495.0,2.799999952316284,257377240.0,7.519999980926514,25485.0,269824345.0,-25596.0,-270374475.0,-204.0,-2739850.0,-147.0,-2099520.0,-97.0,-1044430.0,-9.0,-95280.0,0.0,0.0,0.0,0.0,49.0,499380.0,-4.0,-47210.0,319.0,3337190.0
005257,녹십자홀딩스2우,KOSPI,기타/미분류,기타/미분류,16690.0,1299.0,22422410.0,2.0199999809265137,0.0,0.0,0.0,0.0,0.0,0.0,0.0,0.0,0.0,0.0,0.0,0.0,0.0,0.0,0.0,0.0,0.0,0.0,0.0,0.0,0.0,0.0,0.0,0.0
004370,농심,유가,기타 식품 제조업,"라면,스낵,유지 제조,도매,수출입",441000.0,45936.0,20373040750.0,1.9700000286102295,2409151500.0,9.460000038146973,-11967.0,-5314008250.0,4411.0,1953093250.0,7785.0,3463317000.0,-1829.0,-810187250.0,273.0,121400250.0,2603.0,1156715250.0,0.0,0.0,1554.0,691077750.0,5185.0,2304752500.0,-227.0,-101475500.0,-2.0,-926500.0
072710,농심홀딩스,유가,기타 금융업,"지주회사,투자자문,경영컨설팅 서비스",93900.0,3835.0,358940800.0,1.0800000429153442,14002900.0,2.240000009536743,-863.0,-81225800.0,693.0,65291600.0,212.0,19884800.0,327.0,30654900.0,0.0,0.0,-142.0,-13285000.0,0.0,0.0,0.0,0.0,27.0,2514900.0,-41.0,-3857000.0,-1.0,-93600.0
058730,다스코,유가,"구조용 금속제품, 탱크 및 증기발생기 제조업","데크플레이트,도로안전시설물(가드레일,강재방호책),건축용단열재보드(경질우레탄보드),신재생에너지사업",3560.0,7384243.0,27605055166.0,5.789999961853027,90879380.0,0.33000001311302185,-11657.0,-29101779.0,-2927.0,-24654581.0,-497.0,-1914820.0,-497.0,-1914820.0,0.0,0.0,0.0,0.0,0.0,0.0,0.0,0.0,0.0,0.0,-294.0,-1052105.0,15375.0,56723285.0
058730,다스코,유가,"구조용 금속제품, 탱크 및 증기발생기 제조업","데크플레이트,도로안전시설물(가드레일,강재방호책),건축용단열재보드(경질우레탄보드),신재생에너지사업",3560.0,7384243.0,27605055166.0,5.789999961853027,90879380.0,0.33000001311302185,-11657.0,-29101779.0,-2927.0,-24654581.0,-497.0,-1914820.0,-497.0,-1914820.0,0.0,0.0,0.0,0.0,0.0,0.0,0.0,0.0,0.0,0.0,-294.0,-1052105.0,15375.0,56723285.0
030210,다올투자증권,유가,금융 지원 서비스업,"금융업, 서비스, 부동산",3855.0,77374.0,296425510.0,3.490000009536743,5819070.0,1.9600000381469727,-2355.0,-8969835.0,-2308.0,-8977925.0,4118.0,15878680.0,4047.0,15605175.0,0.0,0.0,16.0,61680.0,0.0,0.0,0.0,0.0,55.0,211825.0,545.0,2069080.0,0.0,0.0
023590,다우기술,유가,"자료처리, 호스팅, 포털 및 기타 인터넷 정보매개 서비스업","인터넷솔루션 개발,도매,IT컨설팅,시스템 설계,자문,인터넷관련서비스/부동산분양,개발,임대",38850.0,18228.0,704875400.0,3.049999952316284,81620150.0,8.010000228881836,-2247.0,-87092350.0,168.0,6613050.0,2069.0,80093600.0,2027.0,78450400.0,-29.0,-1125100.0,33.0,1284650.0,0.0,0.0,-4.0,-154650.0,43.0,1676850.0,10.0,385700.0,0.0,0.0
145210,다이나믹디자인,유가,특수 목적용 기계 제조업,"타이어 금형, 타이어 제조설비",2240.0,0.0,0.0,0.0,0.0,0.0,0.0,0.0,0.0,0.0,0.0,0.0,0.0,0.0,0.0,0.0,0.0,0.0,0.0,0.0,0.0,0.0,0.0,0.0,0.0,0.0,0.0,0.0
145210,다이나믹디자인,유가,특수 목적용 기계 제조업,"타이어 금형, 타이어 제조설비",2240.0,0.0,0.0,0.0,0.0,0.0,0.0,0.0,0.0,0.0,0.0,0.0,0.0,0.0,0.0,0.0,0.0,0.0,0.0,0.0,0.0,0.0,0.0,0.0,0.0,0.0,0.0,0.0
483650,달바글로벌,유가,기타 화학제품 제조업,"기초 화장품, 건강기능식품 등",225000.0,121968.0,26983367000.0,3.2100000381469727,1602458250.0,3.9100000858306885,-24359.0,-5447180000.0,24593.0,5472108000.0,-509.0,-91801000.0,-1395.0,-311416750.0,-239.0,-53336750.0,-5996.0,-1312943500.0,0.0,0.0,4774.0,1055445000.0,2347.0,530451000.0,419.0,98264500.0,-144.0,-31391500.0
019680,대교,유가,초등 교육기관,"학습지,참고서 출판/건설업/종합유선방송 프로그램공급,디지털학원",1000.0,0.0,0.0,0.0,0.0,0.0,0.0,0.0,0.0,0.0,0.0,0.0,0.0,0.0,0.0,0.0,0.0,0.0,0.0,0.0,0.0,0.0,0.0,0.0,0.0,0.0,0.0,0.0
019685,대교우B,KOSPI,기타/미분류,기타/미분류,598.0,0.0,0.0,0.0,0.0,0.0,0.0,0.0,0.0,0.0,0.0,0.0,0.0,0.0,0.0,0.0,0.0,0.0,0.0,0.0,0.0,0.0,0.0,0.0,0.0,0.0,0.0,0.0
006370,대구백화점,유가,종합 소매업,"백화점운영,임대사업(백화점 코너)",4700.0,32773.0,160074905.0,-2.990000009536743,19730395.0,12.329999923706055,9819.0,47271050.0,-14583.0,-70363505.0,190.0,950615.0,190.0,950615.0,0.0,0.0,0.0,0.0,0.0,0.0,0.0,0.0,0.0,0.0,4100.0,19821650.0,474.0,2320190.0
008060,대덕,유가,기타 금융업,"산업용 인쇄회로기판,다층 인쇄회로기판,빌드업기판,반도체패키지기판,메모리모듈기판 제조",15650.0,40764.0,637732605.0,-0.1899999976158142,58188995.0,7.0,14116.0,221008900.0,-11386.0,-178604505.0,-2774.0,-43066185.0,1199.0,18866360.0,-148.0,-2304930.0,-1398.0,-21759055.0,0.0,0.0,0.0,0.0,-2427.0,-37868560.0,-56.0,-887210.0,100.0,1549000.0
00806K,대덕1우,KOSPI,기타/미분류,기타/미분류,10920.0,1234.0,13381645.0,-0.550000011920929,249090.0,1.8600000143051147,-9.0,-93350.0,9.0,93340.0,0.0,10.0,0.0,10.0,0.0,0.0,0.0,0.0,0.0,0.0,0.0,0.0,0.0,0.0,0.0,0.0,0.0,0.0
353200,대덕전자,유가,전자부품 제조업,"PCB(Printed Circuit Board, 인쇄회로기판)의 제조 및 판매",113400.0,609515.0,70079102500.0,-0.699999988079071,2715879100.0,3.880000114440918,82276.0,9276914950.0,96206.0,11088966900.0,-180319.0,-20566622250.0,-136152.0,-15563973250.0,-4922.0,-562337850.0,-12065.0,-1366797600.0,0.0,0.0,-4879.0,-561781550.0,-22301.0,-2511732700.0,-767.0,-94077200.0,2604.0,294817600.0
35320K,대덕전자1우,KOSPI,기타/미분류,기타/미분류,23700.0,5255.0,124695750.0,-0.20999999344348907,0.0,0.0,98.0,2339950.0,-78.0,-1852400.0,0.0,-14050.0,0.0,-14050.0,0.0,0.0,0.0,0.0,0.0,0.0,0.0,0.0,0.0,0.0,-20.0,-473500.0,0.0,0.0
000490,대동,유가,특수 목적용 기계 제조업,"경운기,트랙터,이앙기,바인더,수확기(콤바인),농업용엔진 및 부품 제조,판매",7750.0,374744.0,2892048250.0,-0.7699999809265137,348855950.0,12.0600004196167,51863.0,398518090.0,-52337.0,-402172320.0,474.0,3654230.0,444.0,3423250.0,0.0,0.0,7.0,54250.0,0.0,0.0,0.0,0.0,23.0,176730.0,0.0,0.0,0.0,0.0
005750,대림바스,유가,"내화, 비내화 요업제품 제조업","위생도기,내장타일,조립식욕실제품 제조,판매/부동산 임대",4580.0,15418.0,69862095.0,1.3300000429153442,41125.0,0.05999999865889549,2183.0,9893885.0,-1719.0,-7825975.0,-464.0,-2067910.0,-464.0,-2067910.0,0.0,0.0,0.0,0.0,0.0,0.0,0.0,0.0,0.0,0.0,0.0,0.0,0.0,0.0
006570,대림통상,유가,기타 금속 가공제품 제조업,"수전금구,비데,위생도기,샤워부스,타일,양식기,무역",1989.0,52926.0,102584407.0,0.7599999904632568,265544.0,0.25999999046325684,6444.0,12595783.0,-4629.0,-9187843.0,-1815.0,-3407940.0,-1815.0,-3407940.0,0.0,0.0,0.0,0.0,0.0,0.0,0.0,0.0,0.0,0.0,0.0,0.0,0.0,0.0
001680,대상,유가,기타 식품 제조업,"전분,라이신,물엿,과당,포도당,MSG및 사료,조미료,항생제,핵산,커피 제조,도매/토목공사,건축공사",17570.0,111679.0,1952335100.0,1.8600000143051147,192349220.0,8.5,55.0,-835440.0,1188.0,22050065.0,-1176.0,-20035665.0,-416.0,-6745765.0,-82.0,-1429910.0,-305.0,-5346400.0,0.0,0.0,-29.0,-494150.0,-344.0,-6019440.0,-67.0,-1178960.0,0.0,0.0
001685,대상우,KOSPI,기타/미분류,기타/미분류,14420.0,1059.0,15298605.0,0.14000000059604645,0.0,0.0,-138.0,-1982300.0,-12.0,-178770.0,0.0,70.0,0.0,70.0,0.0,0.0,0.0,0.0,0.0,0.0,0.0,0.0,0.0,0.0,200.0,2891000.0,-50.0,-730000.0
084690,대상홀딩스,유가,기타 금융업,지주회사,7700.0,19054.0,146009620.0,1.0499999523162842,3426460.0,1.309999942779541,1796.0,13753060.0,-3080.0,-23623710.0,1287.0,9893510.0,1242.0,9547650.0,0.0,0.0,8.0,61680.0,0.0,0.0,0.0,0.0,37.0,284180.0,-3.0,-22860.0,0.0,0.0
084695,대상홀딩스우,KOSPI,기타/미분류,기타/미분류,11970.0,859.0,10210280.0,0.7599999904632568,0.0,0.0,0.0,0.0,0.0,0.0,0.0,0.0,0.0,0.0,0.0,0.0,0.0,0.0,0.0,0.0,0.0,0.0,0.0,0.0,0.0,0.0,0.0,0.0
128820,대성산업,유가,연료 소매업,"주요소운영,기계판매 등",4115.0,111162.0,456559608.0,0.49000000953674316,16091110.0,3.5199999809265137,-705.0,-3448317.0,-562.0,-1757203.0,1137.0,4674420.0,1131.0,4651380.0,0.0,0.0,6.0,24690.0,0.0,0.0,0.0,0.0,0.0,-1650.0,0.0,-1050.0,130.0,532150.0
117580,대성에너지,유가,연료용 가스 제조 및 배관공급업,천연가스,6800.0,37103.0,251780605.0,0.15000000596046448,346520.0,0.14000000059604645,1758.0,11942680.0,-2354.0,-15993180.0,596.0,4050500.0,651.0,4423670.0,0.0,0.0,7.0,47600.0,0.0,0.0,0.0,0.0,-62.0,-420770.0,0.0,0.0,0.0,0.0
016710,대성홀딩스,유가,회사 본부 및 경영 컨설팅 서비스업,"도시가스,일반가스 공급/가스기기,차량용 연료 판매/해외자원개발,부동산 임대",7020.0,12292.0,84807720.0,1.0099999904632568,3758410.0,4.429999828338623,5549.0,38218165.0,-5390.0,-37174045.0,388.0,2719240.0,384.0,2691160.0,0.0,0.0,4.0,28080.0,0.0,0.0,0.0,0.0,0.0,0.0,-547.0,-3763360.0,0.0,0.0
0030R0,대신밸류리츠,유가,신탁업 및 집합투자업,부동산 임대,3920.0,3064.0,11872430.0,1.8200000524520874,0.0,0.0,-669.0,-2586390.0,-904.0,-3511255.0,1573.0,6097645.0,1566.0,6070205.0,0.0,0.0,0.0,0.0,0.0,0.0,0.0,0.0,7.0,27440.0,0.0,0.0,0.0,0.0
003540,대신증권,유가,금융 지원 서비스업,"유가증권 위탁매매,인수주선,자기매매 기타 금융서비스",26150.0,66844.0,1740573575.0,2.950000047683716,289920775.0,13.430000305175781,-19508.0,-508061850.0,24408.0,635413825.0,-4900.0,-127351975.0,3576.0,93409075.0,-84.0,-2183750.0,-12.0,-304400.0,0.0,0.0,-8388.0,-218487400.0,8.0,214500.0,0.0,0.0,0.0,0.0
003547,대신증권2우B,KOSPI,기타/미분류,기타/미분류,19680.0,6835.0,134350405.0,0.7200000286102295,451830.0,0.3400000035762787,3096.0,60890290.0,-3096.0,-60890490.0,0.0,200.0,0.0,200.0,0.0,0.0,0.0,0.0,0.0,0.0,0.0,0.0,0.0,0.0,0.0,0.0,0.0,0.0
003545,대신증권우,KOSPI,기타/미분류,기타/미분류,20400.0,23884.0,483512675.0,1.75,1095900.0,0.23000000417232513,2525.0,51407875.0,-3852.0,-78488575.0,21.0,434900.0,70.0,1428100.0,0.0,0.0,-49.0,-993200.0,0.0,0.0,0.0,0.0,0.0,0.0,2306.0,46766800.0,-1000.0,-20121000.0
009190,대양금속,유가,1차 철강 제조업,스테인레스 냉연강판 제조,1641.0,100463.0,167259615.0,-2.9000000953674316,3795753.0,2.2699999809265137,3902.0,6896074.0,-7764.0,-13402134.0,407.0,660054.0,407.0,660054.0,0.0,0.0,0.0,0.0,0.0,0.0,0.0,0.0,0.0,0.0,0.0,0.0,3455.0,5846006.0
014160,대영포장,유가,"골판지, 종이 상자 및 종이용기 제조업","골판지원단,골판지상자 제조",806.0,2121456.0,1735801137.0,-1.7100000381469727,25804786.0,1.4900000095367432,-929762.0,-777097331.0,-281689.0,-224247627.0,750.0,613888.0,750.0,613888.0,0.0,0.0,0.0,0.0,0.0,0.0,0.0,0.0,0.0,0.0,1208632.0,999134355.0,2069.0,1596715.0
047040,대우건설,유가,건물 건설업,"아파트건설,토목공사,건축공사,포장공사,전기공사,무역/중장비 대여",16710.0,2977753.0,50500769645.0,-2.8499999046325684,4357082775.0,8.630000114440918,187612.0,3169705555.0,-18710.0,-333853690.0,-153601.0,-2578977215.0,-163540.0,-2754095835.0,-825.0,-13988690.0,-413.0,-6441910.0,0.0,0.0,25126.0,431429805.0,-13949.0,-235880585.0,-15781.0,-265277730.0,480.0,8403080.0
003090,대웅,유가,의약품 제조업,"지주회사/의약품,화공약품,농예약품,위생용품,의료용구,식품,전기전자기구,부품 제조,판매",16700.0,74981.0,1262770185.0,0.8500000238418579,173422335.0,12.460000038146973,-4237.0,-72662480.0,10462.0,176652250.0,-6235.0,-104158130.0,539.0,9548850.0,-6131.0,-102979725.0,-305.0,-5135810.0,0.0,0.0,-29.0,-385285.0,-309.0,-5206160.0,10.0,168360.0,0.0,0.0
069620,대웅제약,유가,의약품 제조업,"양약,의료기기 제조/화장품,의약부의품 도소매/부동산 임대",120900.0,24102.0,2916992500.0,2.200000047683716,226426450.0,6.269999980926514,-3099.0,-377437250.0,3490.0,424163900.0,-390.0,-46603250.0,828.0,100811700.0,-12.0,-1442950.0,48.0,5792850.0,0.0,0.0,-1174.0,-142070650.0,-80.0,-9694200.0,2.0,241400.0,-3.0,-364800.0
000430,대원강업,유가,자동차 신품 부품 제조업,차랑용 스프링 및 시트,4060.0,96278.0,391711855.0,-0.7300000190734863,60145530.0,15.350000381469727,11204.0,46305671.0,-11027.0,-45513041.0,1360.0,5528185.0,1467.0,5963575.0,0.0,0.0,25.0,101500.0,0.0,0.0,0.0,0.0,-132.0,-536890.0,-1442.0,-5928940.0,-95.0,-391875.0
006340,대원전선,유가,절연선 및 케이블 제조업,"전선,통신케이블,무선통신장비,합성수지 제조,도매/부동산 매매,임대",14530.0,3252282.0,46459384790.0,2.759999990463257,340849675.0,0.7300000190734863,-130672.0,-1849680780.0,110812.0,1566136250.0,21302.0,304734080.0,15755.0,225808230.0,0.0,0.0,609.0,8669510.0,0.0,0.0,-1489.0,-21095045.0,6427.0,91351385.0,1027.0,14160275.0,-2469.0,-35349825.0
006345,대원전선우,KOSPI,기타/미분류,기타/미분류,10130.0,54969.0,560644640.0,0.4000000059604645,6694850.0,1.190000057220459,-12122.0,-124276220.0,2460.0,24703220.0,0.0,0.0,0.0,0.0,0.0,0.0,0.0,0.0,0.0,0.0,0.0,0.0,0.0,0.0,9652.0,99471600.0,10.0,101400.0
003220,대원제약,유가,의약품 제조업,"의약품(해열소염진통제,진해거담제,동맥경화용제,혈압강하제 등), 건강기능식품(프로바이오틱스 등)",7810.0,23587.0,182587060.0,0.6399999856948853,14882550.0,4.920000076293945,6863.0,53158860.0,-8017.0,-62107710.0,590.0,4600640.0,564.0,4397580.0,0.0,0.0,6.0,46860.0,0.0,0.0,0.0,0.0,20.0,156200.0,583.0,4496260.0,-19.0,-148050.0
024890,대원화성,유가,플라스틱제품 제조업,"합성피혁,벽지,DMF(폐용수)정제,방수투습원단,화공약 임가공,제조,도매,수출입",1977.0,81786.0,161645254.0,-0.550000011920929,7384026.0,4.570000171661377,-13845.0,-27594364.0,6599.0,13233784.0,3222.0,6455581.0,3222.0,6455581.0,0.0,0.0,0.0,0.0,0.0,0.0,0.0,0.0,0.0,0.0,4000.0,7860000.0,24.0,44999.0
012800,대창,유가,1차 비철금속 제조업,"황동봉,동합금괴 제조,판매",1199.0,392464.0,471924067.0,0.25,1826188.0,0.38999998569488525,56773.0,68016851.0,-57995.0,-69481855.0,1222.0,1465004.0,1197.0,1435029.0,0.0,0.0,25.0,29975.0,0.0,0.0,0.0,0.0,0.0,0.0,0.0,0.0,0.0,0.0
015230,대창단조,유가,자동차 신품 부품 제조업,"자동차,중장비 부품(크랭크샤프트,트랙링크조립체,커넥팅로드,중장비롤러류),기어,동력전달장치,단조가공품,단조품 제조",6200.0,246684.0,1559974690.0,-3.880000114440918,30052080.0,1.9299999475479126,56221.0,351630150.0,-36456.0,-228617310.0,-18902.0,-117485280.0,-2248.0,-13962350.0,0.0,0.0,7.0,43400.0,0.0,0.0,-14472.0,-89942220.0,-2189.0,-13624110.0,-856.0,-5500720.0,-7.0,-26840.0
001070,대한방직,유가,직물직조 및 직물제품 제조업,"면사,화섬사,면직물 제조,판매,건설",6100.0,8008.0,48644430.0,-0.6499999761581421,24400.0,0.05000000074505806,3669.0,22298610.0,-3633.0,-22082810.0,-36.0,-215800.0,-36.0,-215800.0,0.0,0.0,0.0,0.0,0.0,0.0,0.0,0.0,0.0,0.0,0.0,0.0,0.0,0.0
006650,대한유화,유가,기초 화학물질 제조업,"폴리프로필렌,고밀도폴리에틸렌,나프타분해유분,올레핀류,혼합C4류,분해가솔린 제조",81600.0,26156.0,2155583250.0,-0.49000000953674316,159769100.0,5.800000190734863,11744.0,959204950.0,-3587.0,-292200600.0,-8187.0,-669470350.0,-1383.0,-113000400.0,-9.0,-756400.0,-3152.0,-256982250.0,0.0,0.0,-3583.0,-293797800.0,-60.0,-4933500.0,26.0,2138000.0,4.0,328000.0
001440,대한전선,유가,절연선 및 케이블 제조업,"전력선,통신케이블,적산계기,스텐레스압연제품,광케이블,초고압선,알루미늄 제조,도매/전기공사",28350.0,958689.0,27316297025.0,1.25,3132339925.0,11.470000267028809,5932.0,158738925.0,-52845.0,-1520984450.0,45673.0,1324719225.0,-5540.0,-144734050.0,-152.0,-4464975.0,-1890.0,-53789525.0,0.0,0.0,58077.0,1664961175.0,-4793.0,-136431100.0,1024.0,31626750.0,216.0,5899550.0
084010,대한제강,유가,1차 철강 제조업,"제강,철재,철근,환봉,마환봉,빌레트 제조",7810.0,38748.0,307012530.0,-3.2200000286102295,11206170.0,2.930000066757202,9246.0,73371060.0,-9212.0,-73266470.0,-780.0,-5986120.0,1204.0,9502710.0,-31.0,-242060.0,9.0,70290.0,0.0,0.0,-2000.0,-15607510.0,38.0,290450.0,736.0,5803480.0,10.0,78050.0
001790,대한제당,유가,"곡물가공품, 전분 및 전분제품 제조업","제당,가축용 배합사료,설탕,기능성감미료(자일로올리고당),외식산 제조,도소매/부동산 임대",2810.0,286698.0,796957035.0,0.7200000286102295,12787905.0,1.600000023841858,-78847.0,-220541220.0,-4178.0,-8918005.0,91663.0,253661705.0,91712.0,253795630.0,0.0,0.0,-141.0,-393330.0,0.0,0.0,0.0,0.0,92.0,259405.0,-9541.0,-26717350.0,903.0,2514870.0
001795,대한제당우,KOSPI,기타/미분류,기타/미분류,2115.0,3027.0,6438620.0,-0.23999999463558197,27765.0,0.4300000071525574,1042.0,2213750.0,-1042.0,-2213750.0,0.0,0.0,0.0,0.0,0.0,0.0,0.0,0.0,0.0,0.0,0.0,0.0,0.0,0.0,0.0,0.0,0.0,0.0
001130,대한제분,유가,"곡물가공품, 전분 및 전분제품 제조업","소맥분,토코밀,프리믹스,밀가루조제품,제분부산물 제조/파스타 수입,판매",11520.0,10652.0,121658265.0,-0.3499999940395355,389950.0,0.25,2234.0,25495445.0,-3687.0,-42170605.0,1600.0,18373340.0,299.0,3560650.0,0.0,0.0,10.0,115200.0,0.0,0.0,0.0,0.0,1291.0,14697490.0,-147.0,-1698180.0,0.0,0.0
439260,대한조선,유가,선박 및 보트 건조업,선박 및 보트 건조업,50400.0,34984.0,1765378900.0,0.6000000238418579,120063950.0,4.599999904632568,17622.0,888544200.0,-18889.0,-952666700.0,1235.0,62510200.0,1861.0,94083350.0,-54.0,-2715100.0,-619.0,-31218450.0,0.0,0.0,-10.0,-502600.0,58.0,2913200.0,27.0,1360800.0,5.0,251500.0
439260,대한조선,유가,선박 및 보트 건조업,선박 및 보트 건조업,50400.0,34984.0,1765378900.0,0.6000000238418579,120063950.0,4.599999904632568,17622.0,888544200.0,-18889.0,-952666700.0,1235.0,62510200.0,1861.0,94083350.0,-54.0,-2715100.0,-619.0,-31218450.0,0.0,0.0,-10.0,-502600.0,58.0,2913200.0,27.0,1360800.0,5.0,251500.0
003490,대한항공,유가,항공 여객 운송업,"여객운송,화물운송,항공기 제조,판매,정비수리/기내식 제조판매,면세품 판매",25050.0,1603696.0,40315021475.0,0.0,708353100.0,1.7599999904632568,430980.0,10824312225.0,-521088.0,-13107589250.0,43919.0,1121903900.0,-169645.0,-4263166975.0,-21784.0,-547125575.0,-41717.0,-1047323525.0,0.0,0.0,126523.0,3189448800.0,150156.0,3780357375.0,44960.0,1130732300.0,1229.0,30640825.0
003495,대한항공우,KOSPI,기타/미분류,기타/미분류,21700.0,1359.0,29268900.0,0.46000000834465027,0.0,0.0,-221.0,-4731300.0,219.0,4688150.0,2.0,43150.0,2.0,43150.0,0.0,0.0,0.0,0.0,0.0,0.0,0.0,0.0,0.0,0.0,0.0,0.0,0.0,0.0
005880,대한해운,유가,해상 운송업,"외항화물운송,국제해운대리점",1977.0,1933830.0,3842165053.0,-2.369999885559082,240455246.0,6.260000228881836,473786.0,941747072.0,-563404.0,-1118735706.0,87678.0,173269347.0,12212.0,24161130.0,-53.0,-104589.0,249.0,493280.0,0.0,0.0,85906.0,169830241.0,-10636.0,-21110715.0,-1736.0,-3546833.0,3676.0,7266120.0
003830,대한화섬,유가,화학섬유 제조업,"화학섬유원사(FY,PTY,S.FIBER)제조",115800.0,1623.0,185472900.0,-2.690000057220459,117800.0,0.05999999865889549,-902.0,-102766100.0,-82.0,-9447400.0,34.0,3923500.0,34.0,3925000.0,0.0,0.0,0.0,0.0,0.0,0.0,0.0,0.0,0.0,-1500.0,950.0,108290000.0,0.0,0.0
016090,대현,유가,봉제의복 제조업,"여성의류 및 악세사리류 제조,도매,유통(백화점)",1490.0,142851.0,209816098.0,1.4299999475479126,156694.0,0.07000000029802322,65956.0,96701300.0,-63312.0,-92984962.0,-4238.0,-6048331.0,-4238.0,-6048331.0,0.0,0.0,0.0,0.0,0.0,0.0,0.0,0.0,0.0,0.0,1594.0,2331993.0,0.0,0.0
069460,대호에이엘,유가,1차 비철금속 제조업,"알루미늄 환절판 제조,도매,무역",2660.0,0.0,0.0,0.0,0.0,0.0,0.0,0.0,0.0,0.0,0.0,0.0,0.0,0.0,0.0,0.0,0.0,0.0,0.0,0.0,0.0,0.0,0.0,0.0,0.0,0.0,0.0,0.0
475560,더본코리아,유가,상품 종합 도매업,프랜차이즈,17500.0,123043.0,2175944590.0,-3.630000114440918,550940.0,0.009999999776482582,6828.0,122622235.0,-7335.0,-131501725.0,366.0,6422050.0,343.0,6020750.0,0.0,0.0,10.0,175000.0,0.0,0.0,0.0,0.0,13.0,226300.0,2.0,33320.0,139.0,2424120.0
192080,더블유게임즈,유가,소프트웨어 개발 및 공급업,모바일게임,56200.0,112318.0,6342741050.0,-2.5999999046325684,1693982600.0,23.639999389648438,22207.0,1250682550.0,1124.0,58576600.0,-23679.0,-1329239350.0,-10903.0,-608894700.0,-90.0,-5057500.0,-439.0,-24781600.0,0.0,0.0,-12066.0,-680354050.0,-181.0,-10151500.0,352.0,20204800.0,-4.0,-224600.0
004830,덕성,유가,플라스틱제품 제조업,"플라스틱레쟈,합성수지,합성피혁 제조,도매",3300.0,123760.0,412350458.0,-2.369999885559082,2534785.0,0.6100000143051147,-6991.0,-23281580.0,6721.0,22386685.0,270.0,894895.0,270.0,894895.0,0.0,0.0,0.0,0.0,0.0,0.0,0.0,0.0,0.0,0.0,0.0,0.0,0.0,0.0
004835,덕성우,KOSPI,기타/미분류,기타/미분류,4515.0,16610.0,73940845.0,0.33000001311302185,0.0,0.0,-226.0,-934910.0,226.0,934910.0,0.0,0.0,0.0,0.0,0.0,0.0,0.0,0.0,0.0,0.0,0.0,0.0,0.0,0.0,0.0,0.0,0.0,0.0
145720,덴티움,유가,의료용 기기 제조업,치과용 기기 제조업,37600.0,33155.0,1245025375.0,0.27000001072883606,139519900.0,9.380000114440918,-2280.0,-85751300.0,1693.0,63429550.0,560.0,21317600.0,1100.0,41580950.0,-7.0,-260800.0,6.0,227600.0,0.0,0.0,-576.0,-21616150.0,37.0,1386000.0,0.0,-3000.0,27.0,1007150.0
002150,도화엔지니어링,유가,"건축기술, 엔지니어링 및 관련 기술 서비스업","토목설계,건축설계,종합감리전문업,종합기술용역,엔지니어링",5140.0,43657.0,225407500.0,-1.5299999713897705,72370.0,0.029999999329447746,6071.0,31573960.0,-6740.0,-35037190.0,669.0,3463230.0,630.0,3264090.0,0.0,0.0,9.0,46260.0,0.0,0.0,0.0,0.0,30.0,152880.0,0.0,0.0,0.0,0.0
460850,동국씨엠,유가,1차 철강 제조업,"냉연강판, 칼라강판",5230.0,39132.0,204333300.0,0.9700000286102295,394440.0,0.1899999976158142,8318.0,43439510.0,-11285.0,-58892950.0,-239.0,-1382920.0,-274.0,-1565370.0,0.0,0.0,8.0,41840.0,0.0,0.0,0.0,0.0,27.0,140610.0,3206.0,16836360.0,0.0,0.0
460860,동국제강,유가,1차 철강 제조업,"봉강,형강,후판,냉연강판,칼라강판",9520.0,357600.0,3431464335.0,-1.350000023841858,68928670.0,1.4299999475479126,-110861.0,-1045324305.0,163538.0,1551792210.0,-54111.0,-520078865.0,1005.0,9705840.0,1416.0,13464570.0,-1575.0,-15279730.0,0.0,0.0,-47728.0,-456560640.0,-7229.0,-71408905.0,1424.0,13522680.0,10.0,88280.0
001230,동국홀딩스,유가,기타 금융업,"후판,철근,강판,형강,앵글,찬넬,평철 제조,판매",1944.0,320028.0,628094368.0,-0.6600000262260437,7116327.0,1.1299999952316284,240.0,856772.0,-3948.0,-8145148.0,3707.0,7286435.0,6260.0,12281991.0,0.0,0.0,62.0,120528.0,0.0,0.0,0.0,0.0,-2615.0,-5116084.0,0.0,0.0,1.0,1941.0
023450,동남합성,유가,기초 화학물질 제조업,"계면활성제,정밀화학품 제조,도매/부동산 임대",30500.0,778.0,23723900.0,0.49000000953674316,0.0,0.0,-259.0,-7896800.0,114.0,3474050.0,72.0,2207200.0,72.0,2206900.0,0.0,0.0,0.0,0.0,0.0,0.0,0.0,0.0,0.0,300.0,73.0,2215550.0,0.0,0.0
004140,동방,유가,기타 운송관련 서비스업,"육상운송,해상운송,항만화물하역,보관,창고,물류사업",1853.0,88026.0,162695889.0,0.8199999928474426,1275728.0,0.7799999713897705,5090.0,9400832.0,-6274.0,-11585044.0,1152.0,2132032.0,1139.0,2108101.0,0.0,0.0,13.0,24089.0,0.0,0.0,0.0,0.0,0.0,-158.0,-180.0,-340560.0,212.0,392740.0
007590,동방아그로,유가,"비료, 농약 및 살균, 살충제 제조업","농약(잡초발생전 토양처리형 밭잡초약,부메랑,주움,그라목손) 제조,도매",5570.0,2325.0,12871990.0,0.5400000214576721,0.0,0.0,44.0,239990.0,-41.0,-227170.0,-3.0,-12820.0,-3.0,-12820.0,0.0,0.0,0.0,0.0,0.0,0.0,0.0,0.0,0.0,0.0,0.0,0.0,0.0,0.0
005960,동부건설,유가,토목 건설업,"건축공사,토목공사,전기공사,기계설비공사/비금속,철구조물 제조,판매/여객,자동차 운송,항만하역",7590.0,113136.0,892307645.0,-1.940000057220459,25171770.0,2.819999933242798,21223.0,168341125.0,-24070.0,-191136535.0,2847.0,22795410.0,2841.0,22749420.0,0.0,0.0,6.0,45540.0,0.0,0.0,0.0,0.0,0.0,450.0,0.0,0.0,0.0,0.0
005965,동부건설우,KOSPI,기타/미분류,기타/미분류,17560.0,1180.0,20782720.0,-0.6200000047683716,0.0,0.0,-5.0,-87800.0,5.0,87800.0,0.0,0.0,0.0,0.0,0.0,0.0,0.0,0.0,0.0,0.0,0.0,0.0,0.0,0.0,0.0,0.0,0.0,0.0
026960,동서,유가,음·식료품 및 담배 도매업,"식품 유통, 다류 및 연포장재 제조 등",25500.0,50236.0,1286077275.0,-0.7799999713897705,193809350.0,13.229999542236328,409.0,8839900.0,11507.0,294390275.0,-12282.0,-312579475.0,-11118.0,-283108000.0,-19.0,-497125.0,-549.0,-13974750.0,0.0,0.0,-46.0,-982650.0,-550.0,-14016950.0,346.0,8840300.0,20.0,509000.0
002210,동성제약,유가,의약품 제조업,"의약품,화장품 제조,도매",1555.0,231579.0,365485417.0,-3.240000009536743,838407.0,0.23000000417232513,61163.0,97410349.0,-10858.0,-17133424.0,165.0,253624.0,165.0,253624.0,0.0,0.0,0.0,0.0,0.0,0.0,0.0,0.0,0.0,0.0,-50000.0,-79781709.0,-470.0,-748840.0
102260,동성케미컬,유가,합성고무 및 플라스틱 물질 제조업,기타/미분류,3650.0,68406.0,248733700.0,0.6899999976158142,1133520.0,0.46000000834465027,10671.0,38913045.0,-10940.0,-39792890.0,244.0,789345.0,177.0,546775.0,0.0,0.0,21.0,76650.0,0.0,0.0,0.0,0.0,46.0,165920.0,25.0,90500.0,0.0,0.0
000640,동아쏘시오홀딩스,유가,기타 금융업,"의약품(피로회복제/박카스,병원용의약품),비의약품(의료기기,염모제,가글제) 제조,도소매/화장품 생산",91200.0,24629.0,2228450900.0,3.4000000953674316,25004800.0,0.9900000095367432,34.0,914050.0,8855.0,800954100.0,-8695.0,-784773650.0,130.0,12015300.0,362.0,32784800.0,-4579.0,-413733100.0,63.0,5788200.0,-6633.0,-599296450.0,1822.0,164813700.0,-199.0,-17541200.0,5.0,446700.0
170900,동아에스티,유가,의약품 제조업,"스티렌, 자이데나",37800.0,6142.0,229722250.0,2.859999895095825,16452000.0,5.190000057220459,-484.0,-18319000.0,1687.0,63122450.0,-1302.0,-48491150.0,190.0,7177500.0,-1.0,-37300.0,0.0,4950.0,0.0,0.0,-1500.0,-55976800.0,9.0,340500.0,100.0,3725000.0,-1.0,-37300.0
028100,동아지질,유가,기반조성 및 시설물 축조관련 전문공사업,"보링그라우팅공사,토공사,철근콘크리트공사,상하수도공사,비계구조물해체공사,수중공사/지질조사,시공감리",17510.0,8816.0,153894060.0,-0.4000000059604645,577040.0,0.3700000047683716,295.0,5078280.0,-3503.0,-60944610.0,3242.0,56463210.0,3222.0,56113460.0,0.0,0.0,8.0,140080.0,0.0,0.0,0.0,0.0,12.0,209670.0,0.0,0.0,-34.0,-596880.0
001520,동양,유가,"시멘트, 석회, 플라스터 및 그 제품 제조업",레미콘/건설공사/산업용 송풍기,1118.0,222375.0,247077414.0,3.2300000190734863,841303.0,0.3400000035762787,13258.0,14909827.0,-18678.0,-21035428.0,1198.0,1332470.0,1198.0,1332470.0,0.0,0.0,0.0,0.0,0.0,0.0,0.0,0.0,0.0,0.0,0.0,0.0,4222.0,4793131.0
001527,동양2우B,KOSPI,기타/미분류,기타/미분류,6500.0,1025.0,6784440.0,0.0,0.0,0.0,7.0,47820.0,-7.0,-47820.0,0.0,0.0,0.0,0.0,0.0,0.0,0.0,0.0,0.0,0.0,0.0,0.0,0.0,0.0,0.0,0.0,0.0,0.0
084670,동양고속,유가,육상 여객 운송업,고속버스 운송/부동산 임대,24900.0,13713.0,340202300.0,-0.9900000095367432,774950.0,0.23000000417232513,-2485.0,-61495600.0,2176.0,53715800.0,34.0,844800.0,34.0,844800.0,0.0,0.0,0.0,0.0,0.0,0.0,0.0,0.0,0.0,0.0,0.0,0.0,275.0,6935000.0
082640,동양생명,유가,보험업,생명보험,8250.0,0.0,0.0,0.0,0.0,0.0,0.0,0.0,0.0,0.0,0.0,0.0,0.0,0.0,0.0,0.0,0.0,0.0,0.0,0.0,0.0,0.0,0.0,0.0,0.0,0.0,0.0,0.0
001525,동양우,KOSPI,기타/미분류,기타/미분류,8580.0,1797.0,15597670.0,-6.639999866485596,0.0,0.0,0.0,0.0,0.0,0.0,0.0,0.0,0.0,0.0,0.0,0.0,0.0,0.0,0.0,0.0,0.0,0.0,0.0,0.0,0.0,0.0,0.0,0.0
018500,동원모빌리티,유가,자동차 신품 부품 제조업,"자동차부품(도어후레임,머플러,임팩트빔),강관 제조,판매",1455.0,60504.0,88592137.0,-1.6200000047683716,249157.0,0.2800000011920929,3759.0,5585982.0,-3739.0,-5556794.0,-20.0,-29188.0,-20.0,-29188.0,0.0,0.0,0.0,0.0,0.0,0.0,0.0,0.0,0.0,0.0,0.0,0.0,0.0,0.0
006040,동원산업,유가,기타 금융업,지주회사,37950.0,68268.0,2590434450.0,3.130000114440918,337688650.0,11.239999771118164,-23895.0,-908061800.0,6059.0,228975000.0,18643.0,709769200.0,-1603.0,-60242350.0,-25.0,-937100.0,-1699.0,-64395800.0,0.0,0.0,21309.0,809947500.0,661.0,25396950.0,-485.0,-18458500.0,-322.0,-12223900.0
030720,동원수산,유가,어로 어업,"원양어업/수산물 제조,가공/참치어류 냉동냉장업",5890.0,30085.0,177889640.0,-1.340000033378601,895370.0,0.5,-1317.0,-7876620.0,-1711.0,-10126100.0,-558.0,-3332700.0,-558.0,-3332700.0,0.0,0.0,0.0,0.0,0.0,0.0,0.0,0.0,0.0,0.0,3586.0,21335420.0,0.0,0.0
014820,동원시스템즈,유가,플라스틱제품 제조업,포장용 플라스틱제품 제조 외,20550.0,64465.0,1345711400.0,0.49000000953674316,139910750.0,9.84000015258789,728.0,14223225.0,-1430.0,-31016850.0,608.0,14916525.0,755.0,17878725.0,-6.0,-128750.0,-57.0,-1174200.0,0.0,0.0,-8.0,-81600.0,-76.0,-1577650.0,94.0,1877100.0,0.0,0.0
014825,동원시스템즈우,KOSPI,기타/미분류,기타/미분류,13950.0,174.0,2374000.0,1.090000033378601,0.0,0.0,0.0,0.0,0.0,0.0,0.0,0.0,0.0,0.0,0.0,0.0,0.0,0.0,0.0,0.0,0.0,0.0,0.0,0.0,0.0,0.0,0.0,0.0
111380,동인기연,유가,"가죽, 가방 및 유사제품 제조업","스포츠용품(등산용가방,골프백),금속압형제품,유아용품 제조,도소매,통신 판매/부동산 임대",13640.0,4802.0,65586880.0,-1.5199999809265137,1128260.0,1.7200000286102295,2211.0,30198130.0,-2196.0,-30077470.0,0.0,84840.0,0.0,84840.0,0.0,0.0,0.0,0.0,0.0,0.0,0.0,0.0,0.0,0.0,-15.0,-205500.0,0.0,0.0
163560,동일고무벨트,유가,고무제품 제조업,"산업용고무제품, 종합고무부품",5720.0,46711.0,267234950.0,0.699999988079071,0.0,0.0,-20621.0,-117798210.0,21399.0,122303670.0,-659.0,-3821650.0,-659.0,-3821650.0,0.0,0.0,0.0,0.0,0.0,0.0,0.0,0.0,0.0,0.0,4.0,22760.0,-123.0,-706570.0
004890,동일산업,유가,1차 철강 제조업,"봉강,합금철,철근,마봉강,냉간압조용선재,주조,지선,주강,다이아몬드공구 제조,도매",36700.0,626.0,22765500.0,-0.14000000059604645,545800.0,2.4000000953674316,277.0,10092100.0,-198.0,-7238950.0,-80.0,-2889500.0,-80.0,-2889500.0,0.0,0.0,0.0,0.0,0.0,0.0,0.0,0.0,0.0,0.0,0.0,0.0,1.0,36350.0
002690,동일제강,유가,1차 철강 제조업,"PC강연선, 경강선, 도금선, 마봉강",1498.0,20534.0,30467733.0,-1.3200000524520874,0.0,0.0,1867.0,2757393.0,-3419.0,-5108648.0,1522.0,2306675.0,1522.0,2306675.0,0.0,0.0,0.0,0.0,0.0,0.0,0.0,0.0,0.0,0.0,0.0,0.0,30.0,44580.0
000020,동화약품,유가,의약품 제조업,"의약품 제조,판매,수출입",5200.0,85411.0,441503965.0,2.559999942779541,12138840.0,2.75,-5478.0,-28908170.0,2676.0,14493350.0,-58.0,-330850.0,-90.0,-496530.0,0.0,0.0,7.0,36400.0,0.0,0.0,0.0,0.0,25.0,129280.0,3047.0,15713960.0,-187.0,-968290.0
000150,두산,유가,전자부품 제조업,"동박적층판 등 제조 및 판매, 유압기기 등 제조 및 판매, 지게차 제조 및 판매, IT 시스템 개발/운영 서비스 등, 연료전지 등",1178000.0,43493.0,51322287144.0,-1.2599999904632568,4530410000.0,6.940000057220459,12811.0,15111896000.0,-7419.0,-8764112500.0,-5814.0,-6844163500.0,-682.0,-792803000.0,-411.0,-485883000.0,-3321.0,-3925193000.0,0.0,0.0,-2698.0,-3177678000.0,1299.0,1538479500.0,422.0,496401000.0,0.0,-21000.0
000157,두산2우B,KOSPI,기타/미분류,기타/미분류,339500.0,353.0,119871250.0,0.5899999737739563,5109000.0,4.260000228881836,-141.0,-47822750.0,141.0,47825250.0,0.0,-2500.0,0.0,-2500.0,0.0,0.0,0.0,0.0,0.0,0.0,0.0,0.0,0.0,0.0,0.0,0.0,0.0,0.0
454910,두산로보틱스,유가,특수 목적용 기계 제조업,협동로봇,72300.0,271106.0,19641207750.0,1.1200000047683716,3347689550.0,17.040000915527344,8276.0,584340900.0,-11340.0,-819325850.0,2914.0,224249800.0,-1412.0,-96535200.0,-48.0,-3535800.0,-666.0,-48088100.0,0.0,0.0,6650.0,488859100.0,-1610.0,-116450200.0,146.0,10530600.0,4.0,204550.0
241560,두산밥캣,유가,특수 목적용 기계 제조업,"Compact Equipment, Heavy Equipment, Portable Power",58800.0,251346.0,14957820450.0,-4.849999904632568,1995388800.0,11.390000343322754,135684.0,8088077050.0,-102014.0,-6097600500.0,-54442.0,-3220216550.0,-30276.0,-1797259600.0,-130.0,-7888400.0,-1959.0,-115654750.0,0.0,0.0,-14530.0,-854473550.0,-7547.0,-444943050.0,20439.0,1209942900.0,333.0,19797100.0
034020,두산에너빌리티,유가,일반 목적용 기계 제조업,"기관,터어빈,선박용엔진,주단조품,제강제품 제조/종합건설",75900.0,1377164.0,105013360400.0,-0.38999998569488525,20978984200.0,12.539999961853027,461827.0,35194651050.0,-81510.0,-6249976100.0,-387826.0,-29517368900.0,-183535.0,-13956086050.0,-6240.0,-474886050.0,-15644.0,-1190748600.0,19.0,1457000.0,-152833.0,-11644397800.0,-29584.0,-2252027000.0,2393.0,182327600.0,5116.0,390366350.0
000155,두산우,KOSPI,기타/미분류,기타/미분류,419000.0,7085.0,2925786000.0,3.200000047683716,31179000.0,1.0700000524520874,-1850.0,-766567000.0,1258.0,520180500.0,620.0,258158000.0,18.0,7488000.0,-1.0,-416500.0,10.0,4166000.0,0.0,0.0,-10.0,-4169000.0,603.0,251087000.0,-39.0,-16316500.0,11.0,4545000.0
336260,두산퓨얼셀,유가,"전동기, 발전기 및 전기 변환 · 공급 · 제어 장치 제조업",연료전지,40650.0,969198.0,39449273325.0,2.140000104904175,6654609975.0,10.930000305175781,-45971.0,-1871018375.0,-118937.0,-4862851700.0,160795.0,6563760250.0,-1288.0,-51822050.0,31322.0,1273177225.0,118562.0,4830373250.0,0.0,0.0,-28671.0,-1156900450.0,40871.0,1668972625.0,3794.0,156332825.0,319.0,13777000.0
33626K,두산퓨얼셀1우,KOSPI,기타/미분류,기타/미분류,5280.0,6052.0,31952560.0,0.3799999952316284,0.0,0.0,1237.0,6436320.0,166.0,895630.0,-1403.0,-7331950.0,-1403.0,-7331950.0,0.0,0.0,0.0,0.0,0.0,0.0,0.0,0.0,0.0,0.0,0.0,0.0,0.0,0.0
33626L,두산퓨얼셀2우B,KOSPI,기타/미분류,기타/미분류,7510.0,1268.0,9525500.0,-1.8300000429153442,60300.0,0.6299999952316284,611.0,4588600.0,-611.0,-4588650.0,0.0,50.0,0.0,50.0,0.0,0.0,0.0,0.0,0.0,0.0,0.0,0.0,0.0,0.0,0.0,0.0,0.0,0.0
016740,두올,유가,자동차 신품 부품 제조업,시트 커버 및 시트 원단,3220.0,45046.0,147434925.0,-3.1600000858306885,2158840.0,1.4600000381469727,-12275.0,-39943655.0,-3180.0,-11076925.0,15179.0,50132105.0,15179.0,50132020.0,0.0,0.0,0.0,0.0,0.0,0.0,0.0,0.0,0.0,85.0,276.0,888475.0,0.0,0.0
192650,드림텍,유가,전자부품 제조업,"모바일 PBA, 지문인식 모듈, 전장 LED 모듈 등",4885.0,152634.0,737319635.0,4.269999980926514,24172825.0,3.2799999713897705,16567.0,79832965.0,-24881.0,-120297440.0,10289.0,50034730.0,10116.0,49190975.0,0.0,0.0,93.0,454305.0,0.0,0.0,0.0,0.0,80.0,389450.0,-1976.0,-9575040.0,1.0,4785.0
024090,디씨엠,유가,1차 철강 제조업,"PCM(칼라강판),라미네이트강판,산업용필름 제조,판매",11580.0,1015.0,11738370.0,-0.09000000357627869,254560.0,2.1700000762939453,-305.0,-3531620.0,-147.0,-1700670.0,451.0,5220750.0,448.0,5185720.0,0.0,0.0,3.0,34740.0,0.0,0.0,0.0,0.0,0.0,290.0,0.0,0.0,1.0,11540.0
003160,디아이,유가,"측정, 시험, 항해, 제어 및 기타 정밀기기 제조업; 광학기기 제외","반도체검사장비,전자부품,레저용품,석제품 제조,판매,오파,부동산임대업",25900.0,149967.0,3871600375.0,2.369999885559082,91430600.0,1.690000057220459,-26194.0,-678843525.0,26320.0,681848000.0,-164.0,-3985925.0,190.0,5093650.0,-36.0,-924400.0,-112.0,-2858600.0,0.0,0.0,-11.0,-281025.0,-194.0,-4990100.0,16.0,418900.0,22.0,562550.0
092200,디아이씨,유가,자동차 신품 부품 제조업,"자동차부품(트란스밋숀,프런트액슬,기어,전동축),변속동력전달장치,특수공구,농기계 및 산업기계부품 제조,무역",6740.0,1050218.0,7006929755.0,2.740000009536743,222420365.0,3.1700000762939453,50072.0,328837010.0,-52836.0,-347855685.0,784.0,5234130.0,805.0,5369860.0,-5.0,-33180.0,-49.0,-322370.0,0.0,0.0,0.0,0.0,33.0,219820.0,297.0,2705410.0,1683.0,11079135.0
377190,디앤디플랫폼리츠,유가,부동산 임대 및 공급업,부동산 투자 및 관리,2150.0,130975.0,280325019.0,0.4699999988079071,668815.0,0.23999999463558197,9827.0,20781536.0,-66085.0,-141157990.0,58803.0,125977799.0,6342.0,13551585.0,10000.0,21443649.0,49880.0,106861965.0,0.0,0.0,0.0,0.0,-7419.0,-15879400.0,-2545.0,-5601345.0,0.0,0.0
013570,디와이,유가,기타 금융업,"자동차부품,유공압기기,소각로,자동세차기,하훼유통,발효기,모터 제조",4235.0,36586.0,155699655.0,-0.699999988079071,3996250.0,2.569999933242798,12712.0,54113970.0,-12440.0,-52956445.0,-275.0,-1170260.0,-282.0,-1199770.0,0.0,0.0,7.0,29645.0,0.0,0.0,0.0,0.0,0.0,-135.0,3.0,12735.0,0.0,0.0
024900,디와이덕양,유가,자동차 신품 부품 제조업,"자동차부품(CRASH PAD,TRIM PANEL) 제조,판매",1770.0,28070.0,49774574.0,-0.5099999904632568,1781.0,0.0,6610.0,11721347.0,-7441.0,-13296431.0,831.0,1575084.0,831.0,1575084.0,0.0,0.0,0.0,0.0,0.0,0.0,0.0,0.0,0.0,0.0,0.0,0.0,0.0,0.0
002880,디와이에이,유가,자동차 신품 부품 제조업,자동차부품(자동차용 시트)제조,806.0,170126.0,136303449.0,-0.11999999731779099,610310.0,0.44999998807907104,30582.0,24540224.0,-31916.0,-25655548.0,761.0,655778.0,761.0,655778.0,0.0,0.0,0.0,0.0,0.0,0.0,0.0,0.0,0.0,0.0,0.0,0.0,573.0,459546.0
002880,디와이에이,유가,자동차 신품 부품 제조업,자동차부품(자동차용 시트)제조,806.0,170126.0,136303449.0,-0.11999999731779099,610310.0,0.44999998807907104,30582.0,24540224.0,-31916.0,-25655548.0,761.0,655778.0,761.0,655778.0,0.0,0.0,0.0,0.0,0.0,0.0,0.0,0.0,0.0,0.0,0.0,0.0,573.0,459546.0
210540,디와이파워,유가,특수 목적용 기계 제조업,유공압기기 등,11330.0,42320.0,482160290.0,-1.7300000190734863,103770.0,0.019999999552965164,22653.0,258274440.0,-11783.0,-134334020.0,-10875.0,-123997470.0,-7118.0,-81369820.0,0.0,0.0,3.0,33990.0,0.0,0.0,-3000.0,-34010370.0,-760.0,-8651270.0,0.0,0.0,5.0,57050.0
032350,롯데관광개발,유가,여행사 및 기타 여행보조 서비스업,"국내외여행알선,관광개발,전세운수,항공권매매대행",12940.0,226920.0,2967732490.0,-1.2999999523162842,208583620.0,5.349999904632568,48361.0,627915000.0,-38302.0,-496341380.0,-19530.0,-255514310.0,8537.0,112288985.0,479.0,6483860.0,10747.0,139176650.0,0.0,0.0,-13.0,-168260.0,-39802.0,-520140775.0,9998.0,130796950.0,-527.0,-6856260.0
089860,롯데렌탈,유가,운송장비 임대업,"렌터카, 카셰어링(그린카), 중고차매매, 일반렌탈(측정기,OA, 리프트 등)",45900.0,266259.0,12388576225.0,-2.0299999713897705,3338380500.0,24.010000228881836,36411.0,1698204900.0,3234.0,123041450.0,-37264.0,-1712909500.0,-1456.0,-68656100.0,-5071.0,-232157250.0,6544.0,300917675.0,0.0,0.0,-7543.0,-344935025.0,-29738.0,-1368078800.0,-2345.0,-106679000.0,-36.0,-1657850.0
330590,롯데리츠,유가,부동산 임대 및 공급업,부동산투자,3945.0,108896.0,424675662.0,1.6799999475479126,78605362.0,18.510000228881836,-16937.0,-66267123.0,-30047.0,-117143517.0,52964.0,206727440.0,37592.0,146440845.0,-5000.0,-19500655.0,-9715.0,-37876090.0,0.0,0.0,0.0,0.0,30087.0,117663340.0,-6000.0,-23395000.0,20.0,78200.0
000400,롯데손해보험,유가,보험업,손해보험업,2025.0,516514.0,1060876130.0,-2.4100000858306885,106959405.0,10.079999923706055,40711.0,86810711.0,-46054.0,-97534276.0,6336.0,12800380.0,5980.0,12091335.0,-77.0,-154520.0,109.0,220725.0,0.0,0.0,0.0,0.0,324.0,642840.0,39.0,79365.0,-1032.0,-2156180.0
023530,롯데쇼핑,유가,종합 소매업,"백화점(의류,식품 및 잡화),할인점 운영/전자상거래",97200.0,99065.0,9683274650.0,0.10000000149011612,603262700.0,5.579999923706055,9279.0,901273400.0,42648.0,4169542300.0,-52448.0,-5121539500.0,-1260.0,-122320050.0,1543.0,151362550.0,-18740.0,-1829082250.0,0.0,0.0,-24781.0,-2421878750.0,-9209.0,-899524000.0,512.0,49850000.0,9.0,873800.0
020150,롯데에너지머티리얼즈,유가,전자부품 제조업,"인쇄회로기판(PCB)용 전해동박(ACF,UCF),에폭시용 동박,전해콘덴서용 알루미늄박 제조,판매",32000.0,103092.0,3323805550.0,1.2699999809265137,781506700.0,15.960000038146973,21656.0,688054850.0,-17508.0,-557743725.0,-4256.0,-133874825.0,7479.0,240654850.0,282.0,8993725.0,3784.0,120895175.0,0.0,0.0,-15084.0,-481650975.0,-717.0,-22767800.0,105.0,3465750.0,3.0,97950.0
280360,롯데웰푸드,유가,기타 식품 제조업,"껌,캔디,초코,비스켓,빙과",128000.0,35391.0,4506156900.0,3.7300000190734863,316628200.0,6.239999771118164,-1852.0,-232201350.0,-17694.0,-2258852700.0,19589.0,2496563250.0,-662.0,-83819500.0,14.0,1781300.0,5819.0,743521100.0,0.0,0.0,7838.0,997934300.0,6581.0,837273450.0,-22.0,-2823900.0,-21.0,-2685300.0
286940,롯데이노베이트,유가,"컴퓨터 프로그래밍, 시스템 통합 및 관리업","SM, SI",18410.0,24030.0,440607980.0,0.7699999809265137,257160.0,0.05000000074505806,122.0,1824550.0,12030.0,219733130.0,-12192.0,-222317750.0,-5199.0,-94728840.0,0.0,0.0,-5.0,-90180.0,0.0,0.0,-7002.0,-127753910.0,14.0,255180.0,54.0,1016380.0,-14.0,-256310.0
004000,롯데정밀화학,유가,기초 화학물질 제조업,"염소·셀룰로스계열, 암모니아 계열, 전자재료 등 화학제품 제조",44350.0,67403.0,3025100300.0,-2.2100000381469727,146427375.0,4.050000190734863,22606.0,1009643075.0,14441.0,647971975.0,-37493.0,-1677680450.0,-14368.0,-645410600.0,332.0,14862975.0,-4476.0,-200621225.0,0.0,0.0,-17792.0,-793665100.0,-1189.0,-52846500.0,424.0,19081000.0,22.0,984400.0
004990,롯데지주,유가,기타 금융업,지주회사,22750.0,143175.0,3281745600.0,0.4399999976158142,267162800.0,7.079999923706055,22689.0,508610350.0,4918.0,117424150.0,-27708.0,-628349650.0,-8480.0,-191029250.0,-88.0,-2025550.0,566.0,13129250.0,0.0,0.0,-19166.0,-436070625.0,-540.0,-12353475.0,100.0,2292500.0,1.0,22650.0
00499K,롯데지주우,KOSPI,기타/미분류,기타/미분류,24200.0,875.0,21450400.0,0.6200000047683716,0.0,0.0,-426.0,-10506750.0,-25.0,-627450.0,0.0,0.0,0.0,0.0,0.0,0.0,0.0,0.0,0.0,0.0,0.0,0.0,0.0,0.0,451.0,11134200.0,0.0,0.0
005300,롯데칠성음료,유가,비알코올음료 및 얼음 제조업,"청량음료,과채류음료,곡류음료,주류 제조,판매/자동차정비,연수원",97300.0,15024.0,1468429250.0,0.7200000286102295,228608800.0,13.430000305175781,1326.0,128167400.0,-2145.0,-208866350.0,710.0,70092250.0,107.0,11066450.0,-16.0,-1560900.0,-55.0,-5362600.0,0.0,0.0,-7.0,-647900.0,681.0,66597200.0,108.0,10509600.0,1.0,97100.0
005305,롯데칠성우,KOSPI,기타/미분류,기타/미분류,66700.0,1051.0,70172000.0,0.15000000596046448,336800.0,0.47999998927116394,2.0,126500.0,-87.0,-5844600.0,-76.0,-5046600.0,-76.0,-5046600.0,0.0,0.0,0.0,0.0,0.0,0.0,0.0,0.0,0.0,0.0,161.0,10764700.0,0.0,0.0
011170,롯데케미칼,유가,기초 화학물질 제조업,"폴리프로필렌,고밀도폴리에틸렌,에틸렌글리콜,벤젠,에틸렌옥사이드,합성지,부산물 제조",55300.0,197259.0,10801516150.0,2.9800000190734863,2084717550.0,16.219999313354492,16732.0,893657250.0,25196.0,1396368250.0,-46056.0,-2517588700.0,-13748.0,-753231950.0,-168.0,-9241850.0,-1446.0,-78960900.0,0.0,0.0,-24544.0,-1339716750.0,-6150.0,-336437250.0,4137.0,228072800.0,-9.0,-509600.0
071840,롯데하이마트,유가,가전제품 및 정보통신장비 소매업,"가전제품,잡화 도소매/부동산 임대",6410.0,13385.0,85035720.0,0.6299999952316284,11618140.0,13.65999984741211,5499.0,34862410.0,-5411.0,-34303770.0,-88.0,-558640.0,-114.0,-725050.0,0.0,0.0,5.0,32120.0,0.0,0.0,0.0,0.0,21.0,134290.0,0.0,0.0,0.0,0.0
027740,마니커,유가,"도축, 육류 가공 및 저장 처리업","닭고기,햄,계육가공제품,계육,육가공제품 제조,판매,유통/양계관련사업/부동산임대/수출입대행",1264.0,141332.0,177290278.0,1.690000057220459,1585042.0,0.8899999856948853,-6117.0,-7755282.0,6548.0,8305180.0,-13.0,-24412.0,-13.0,-24412.0,0.0,0.0,0.0,0.0,0.0,0.0,0.0,0.0,0.0,0.0,0.0,0.0,-418.0,-525486.0
357430,마스턴프리미어리츠,유가,부동산 임대 및 공급업,"프랑스 파리 소재 크리스탈파크, 프랑스 아마존 라스트마일 물류센터, 인천 항동 스마트물류센터",870.0,22299.0,19224085.0,0.0,0.0,0.0,-7100.0,-6101508.0,-345.0,-297904.0,-2555.0,-2204872.0,-2555.0,-2204872.0,0.0,0.0,0.0,0.0,0.0,0.0,0.0,0.0,0.0,0.0,10000.0,8604284.0,0.0,0.0
001080,만호제강,유가,1차 철강 제조업,"와이어로프,합성섬유로프,특수강선 제조,수출,임대",4015.0,40747.0,161965155.0,0.8799999952316284,1311375.0,0.8100000023841858,23012.0,91767825.0,-6243.0,-24860355.0,-12769.0,-50878175.0,-12780.0,-50923960.0,0.0,0.0,11.0,44165.0,0.0,0.0,0.0,0.0,0.0,1620.0,-4000.0,-16029295.0,0.0,0.0
088980,맥쿼리인프라,유가,신탁업 및 집합투자업,증권투자회사,9530.0,1025361.0,9778290420.0,1.059999942779541,144885495.0,1.4800000190734863,-41860.0,-402297170.0,186433.0,1778176170.0,-119697.0,-1140109345.0,56502.0,539723515.0,0.0,0.0,106.0,1010180.0,-180000.0,-1716038035.0,0.0,0.0,3695.0,35194995.0,-10853.0,-101952880.0,-14023.0,-133816775.0
094800,맵스리얼티,유가,신탁업 및 집합투자업,기타/미분류,7050.0,145566.0,1022028385.0,2.7699999809265137,8465780.0,0.8299999833106995,-71473.0,-501229975.0,27931.0,195188145.0,63578.0,446850360.0,6271.0,43821150.0,0.0,0.0,48107.0,338196325.0,0.0,0.0,0.0,0.0,9200.0,64832885.0,-20036.0,-140808530.0,0.0,0.0
138040,메리츠금융지주,유가,기타 금융업,투자사업,115200.0,255798.0,29708866200.0,0.0,4795860750.0,14.609999656677246,18774.0,2167022250.0,28990.0,3318508950.0,-47173.0,-5417265500.0,19020.0,2231654850.0,-893.0,-103845200.0,-3710.0,-429952850.0,4.0,460800.0,-57162.0,-6600536350.0,-4431.0,-514932650.0,-629.0,-72669100.0,38.0,4403400.0
090370,메타랩스,유가,봉제의복 제조업,"여성용 의류(캐쥬얼티셔츠,바지) 제조",1161.0,59277.0,66573580.0,6.510000228881836,7652.0,0.009999999776482582,11618.0,12847777.0,-4676.0,-5220399.0,-6742.0,-7401178.0,-6742.0,-7401178.0,0.0,0.0,0.0,0.0,0.0,0.0,0.0,0.0,0.0,0.0,0.0,0.0,-200.0,-226200.0
118000,메타케어,유가,기계장비 및 관련 물품 도매업,"의약품, 의료소모품, 의료기기 도매",1370.0,16450.0,22689731.0,1.4800000190734863,12291.0,0.05000000074505806,-6586.0,-9072919.0,6731.0,9274911.0,0.0,-688.0,0.0,-688.0,0.0,0.0,0.0,0.0,0.0,0.0,0.0,0.0,0.0,0.0,3.0,4120.0,-148.0,-205424.0
017180,명문제약,유가,의약품 제조업,"의약품(ROBAXIN 주사,KIMITE패취) 제조,판매",1240.0,46966.0,57499356.0,3.680000066757202,3502397.0,6.090000152587891,4757.0,5750101.0,-15674.0,-19078998.0,597.0,733422.0,597.0,733422.0,0.0,0.0,0.0,0.0,0.0,0.0,0.0,0.0,0.0,0.0,10500.0,12824075.0,-180.0,-228600.0
009900,명신산업,유가,자동차 신품 부품 제조업,자동차차체부품,8010.0,154851.0,1235976930.0,1.1399999856948853,159763100.0,7.380000114440918,10745.0,86582595.0,-34727.0,-277485065.0,23883.0,190116430.0,496.0,3695920.0,0.0,0.0,-539.0,-4288180.0,0.0,0.0,23865.0,190220760.0,61.0,487930.0,0.0,0.0,99.0,786040.0
317450,명인제약,유가,의약품 제조업,"신경정신계열, 구강계열 완제의약품",47150.0,18565.0,867896150.0,2.950000047683716,696900.0,0.05999999865889549,5378.0,251174400.0,-5817.0,-271848150.0,76.0,3596800.0,28.0,1330200.0,0.0,0.0,16.0,754400.0,0.0,0.0,0.0,0.0,32.0,1512200.0,363.0,17076950.0,0.0,0.0
012690,모나리자,유가,기타 종이 및 판지 제품 제조업,"화장지,미용티슈 제조,도매",1449.0,86676.0,124998391.0,0.5600000023841858,1648035.0,1.3200000524520874,13121.0,18782897.0,-11996.0,-17145698.0,-1066.0,-1552433.0,-1066.0,-1552433.0,0.0,0.0,0.0,0.0,0.0,0.0,0.0,0.0,0.0,0.0,0.0,0.0,-59.0,-84766.0
005360,모나미,유가,생활용품 도매업,"BP153(BALL POINT PEN), P-3000(PLUS PEN), 유성매직, 보드마카, 네임펜, PARKER, WARTERMAN, 색연필",1439.0,849149.0,1242985809.0,-2.9700000286102295,24112782.0,1.940000057220459,99843.0,149783944.0,-96216.0,-144343044.0,238.0,336931.0,238.0,336931.0,0.0,0.0,0.0,0.0,0.0,0.0,0.0,0.0,0.0,0.0,3730.0,5400585.0,-7595.0,-11178416.0
070960,모나용평,유가,일반 및 생활 숙박시설 운영업,"리조트 운영, 콘도 분양",2260.0,102679.0,227045474.0,-0.2199999988079071,3175005.0,1.399999976158142,-26616.0,-58532601.0,25998.0,57191641.0,558.0,1229710.0,501.0,1102170.0,0.0,0.0,13.0,29380.0,0.0,0.0,0.0,0.0,44.0,98160.0,60.0,131750.0,0.0,-20500.0
009680,모토닉,유가,자동차 신품 부품 제조업,"자동차용 부품(연료펌프,LPI SYSTEM, FCEV) 제조,판매",10180.0,9324.0,93778900.0,0.49000000953674316,1331410.0,1.0800000429153442,1385.0,13771320.0,-2240.0,-22479340.0,970.0,9867410.0,924.0,9400840.0,0.0,0.0,7.0,71260.0,0.0,0.0,0.0,0.0,39.0,395310.0,-115.0,-1159390.0,0.0,0.0
009580,무림P&P,유가,"펄프, 종이 및 판지 제조업","표백화학펄프(B.K.P) 제조,목재가공,조림사업",1651.0,44752.0,73338254.0,0.6700000166893005,1677.0,0.0,12108.0,19797924.0,-13655.0,-22342840.0,1547.0,2544916.0,1473.0,2423696.0,0.0,0.0,17.0,28067.0,0.0,0.0,0.0,0.0,57.0,93153.0,0.0,0.0,0.0,0.0
009200,무림페이퍼,유가,"펄프, 종이 및 판지 제조업","지류,아트지,백상지 제조",1540.0,11533.0,17689874.0,-0.5799999833106995,3012929.0,17.030000686645508,-1480.0,-2280055.0,524.0,806728.0,962.0,1482503.0,962.0,1482503.0,0.0,0.0,0.0,0.0,0.0,0.0,0.0,0.0,0.0,0.0,-6.0,-9176.0,0.0,0.0
033920,무학,유가,알코올음료 제조업,소주,7700.0,12873.0,98387210.0,0.25999999046325684,1940920.0,1.9700000286102295,6637.0,50747320.0,-6422.0,-49092740.0,-287.0,-2203920.0,-306.0,-2350910.0,0.0,0.0,-6.0,-45700.0,0.0,0.0,0.0,0.0,25.0,192690.0,71.0,541730.0,1.0,7610.0
008420,문배철강,유가,1차 철강 제조업,"철강재중 판재류(후판,박판,무늬강판) 제조,도매",2210.0,56857.0,126001385.0,0.6800000071525574,990100.0,0.7900000214576721,-12169.0,-27075950.0,11799.0,26256700.0,370.0,819250.0,370.0,819250.0,0.0,0.0,0.0,0.0,0.0,0.0,0.0,0.0,0.0,0.0,0.0,0.0,0.0,0.0
025560,미래산업,유가,"측정, 시험, 항해, 제어 및 기타 정밀기기 제조업; 광학기기 제외","PCB마운터,반도체검사장비(반도체테스트핸들러),LCD 검사장비,리드프레임매가진 제조,도매,무역",8550.0,1212499.0,10145669820.0,-0.5799999833106995,51405405.0,0.5099999904632568,183484.0,1561060410.0,-143770.0,-1226821450.0,-50559.0,-424999960.0,-26.0,-473980.0,0.0,0.0,-5432.0,-45647780.0,0.0,0.0,0.0,0.0,-45101.0,-378878200.0,9908.0,82843900.0,937.0,7917100.0
007120,미래아이앤지,유가,"컴퓨터 프로그래밍, 시스템 통합 및 관리업","CCTV, DVR제조, 금융솔루션, 방산제품",1217.0,33413.0,39418979.0,3.309999942779541,170259.0,0.4300000071525574,-373.0,-414245.0,1096.0,1253565.0,360.0,433659.0,360.0,433659.0,0.0,0.0,0.0,0.0,0.0,0.0,0.0,0.0,0.0,0.0,-1499.0,-1771763.0,416.0,498784.0
396690,미래에셋글로벌리츠,유가,부동산 임대 및 공급업,부동산 임대업,1558.0,47006.0,72961108.0,-0.7599999904632568,31029.0,0.03999999910593033,10314.0,15976920.0,-17576.0,-27274485.0,566.0,915765.0,7378.0,11485241.0,0.0,0.0,0.0,0.0,0.0,0.0,0.0,0.0,-6812.0,-10569476.0,6694.0,10378700.0,2.0,3100.0
357250,미래에셋맵스리츠,유가,부동산 임대 및 공급업,부동산 임대업,1871.0,33177.0,62663397.0,-1.2699999809265137,0.0,0.0,-9182.0,-17323471.0,-259.0,-446525.0,3841.0,7245696.0,3841.0,7245696.0,0.0,0.0,0.0,0.0,0.0,0.0,0.0,0.0,0.0,0.0,5600.0,10524300.0,0.0,0.0
085620,미래에셋생명,유가,보험업,생명보험상품,26600.0,916105.0,23587539000.0,15.399999618530273,545466600.0,2.309999942779541,568.0,33770475.0,-127925.0,-3336974525.0,88678.0,2297457700.0,625.0,14214125.0,0.0,0.0,-1548.0,-40557075.0,0.0,0.0,106675.0,2751402125.0,-7313.0,-189921125.0,38149.0,991050175.0,530.0,14696175.0
006800,미래에셋증권,유가,금융 지원 서비스업,"유가증권매매,유가증권위탁매매,유가증권인수",36100.0,1216957.0,43976094550.0,4.03000020980835,6975682675.0,11.369999885559082,-231654.0,-8383398850.0,219496.0,7918693000.0,-3657.0,-105615700.0,-105022.0,-3784672100.0,-4258.0,-153260875.0,817.0,31718550.0,0.0,0.0,-75299.0,-2724920600.0,180108.0,6525627425.0,17515.0,632076375.0,-1700.0,-61754825.0
00680K,미래에셋증권2우B,KOSPI,기타/미분류,기타/미분류,11650.0,189342.0,2200202630.0,3.009999990463257,17916520.0,0.8100000023841858,-40842.0,-475770685.0,38940.0,453464575.0,2476.0,28860990.0,1789.0,20852270.0,0.0,0.0,58.0,677930.0,0.0,0.0,0.0,0.0,629.0,7330790.0,-584.0,-6670980.0,10.0,116100.0
006805,미래에셋증권우,KOSPI,기타/미분류,기타/미분류,12890.0,34990.0,448556700.0,4.630000114440918,6962260.0,1.5499999523162842,-5013.0,-64241210.0,6068.0,77831660.0,0.0,-100.0,0.0,-100.0,0.0,0.0,0.0,0.0,0.0,0.0,0.0,0.0,0.0,0.0,-1055.0,-13590350.0,0.0,0.0
081660,미스토홀딩스,유가,생활용품 도매업,"스포츠의류,신발,가방,시계,골프장비,화장품,가죽제품(지갑,키홀더) 도매,수출입",41250.0,242719.0,10070054450.0,-4.179999828338623,1115089450.0,10.5,13564.0,564248250.0,94551.0,3904914875.0,-111411.0,-4605541125.0,10071.0,417947350.0,-1233.0,-51043675.0,-175.0,-7292375.0,0.0,0.0,-118214.0,-4888267850.0,-1860.0,-76884575.0,3283.0,135841650.0,13.0,536350.0
002840,미원상사,유가,기타 화학제품 제조업,"계면활성제,분황,황산,도료첨가제,프라스틱첨가제 제조",121700.0,7079.0,870822250.0,-5.880000114440918,253592250.0,26.100000381469727,2169.0,260597700.0,-1895.0,-234835000.0,-974.0,-116272700.0,64.0,9050350.0,1.0,115150.0,-18.0,-2183400.0,0.0,0.0,-999.0,-120572300.0,-22.0,-2682500.0,700.0,90510000.0,0.0,0.0
268280,미원에스씨,유가,기초 화학물질 제조업,에너지경화수지,124000.0,1467.0,185132100.0,-2.819999933242798,19269400.0,9.670000076293945,68.0,8222200.0,-362.0,-46041500.0,-65.0,-8210600.0,-58.0,-7321200.0,-1.0,-125200.0,0.0,-10300.0,0.0,0.0,0.0,7000.0,-6.0,-760900.0,359.0,46029900.0,0.0,0.0
107590,미원홀딩스,유가,기타 금융업,도료첨가제,58000.0,426.0,24397700.0,1.75,0.0,0.0,134.0,7634000.0,-20.0,-1149600.0,-114.0,-6484400.0,27.0,1565100.0,0.0,0.0,0.0,0.0,0.0,0.0,-141.0,-8051900.0,0.0,2400.0,0.0,0.0,0.0,0.0
134380,미원화학,유가,기타 화학제품 제조업,"계면활성제, 황산및분황",11150.0,1633.0,18189990.0,0.36000001430511475,33730.0,0.1899999976158142,-121.0,-1374780.0,-3.0,-33730.0,725.0,8096030.0,432.0,4816640.0,0.0,0.0,6.0,66900.0,0.0,0.0,287.0,3211930.0,0.0,560.0,-600.0,-6676240.0,-1.0,-11280.0
003650,미창석유공업,유가,석유 정제품 제조업,"윤활유,고무배합유,전기절연유 제조,판매,수출입",145600.0,3965.0,571107000.0,2.180000066757202,47278900.0,8.279999732971191,-62.0,-9414100.0,-1868.0,-269743100.0,1858.0,268897200.0,41.0,6235200.0,0.0,0.0,0.0,0.0,0.0,0.0,1034.0,149597000.0,783.0,113065000.0,72.0,10260000.0,0.0,0.0
377740,바이오노트,유가,의료용품 및 기타 의약 관련제품 제조업,"Rapid 반제품 및 완제품, 동물용신속진단 키트",4840.0,61096.0,294028460.0,-0.5099999904632568,13108730.0,4.460000038146973,11731.0,56081725.0,-7063.0,-33730415.0,-4668.0,-22351310.0,-4915.0,-23545115.0,0.0,0.0,130.0,629200.0,0.0,0.0,0.0,0.0,117.0,564605.0,0.0,0.0,0.0,0.0
003610,방림,유가,직물직조 및 직물제품 제조업,"P/C혼방직물,면방적,각종사류,직물류 제조,도소매",5480.0,72012.0,390958020.0,0.0,2381750.0,0.6100000143051147,-23220.0,-125971560.0,-9256.0,-50154820.0,11275.0,60888990.0,11225.0,60615410.0,0.0,0.0,14.0,76720.0,0.0,0.0,0.0,0.0,36.0,196860.0,21201.0,115237390.0,0.0,0.0
035150,백산,유가,플라스틱제품 제조업,"P.U.인조피혁,부직포인공피혁 제조,무역",10720.0,10514.0,110841820.0,2.0,197130.0,0.15000000596046448,-835.0,-9218490.0,-1099.0,-11252680.0,2034.0,21537170.0,538.0,5775020.0,-33.0,-350630.0,5.0,53600.0,0.0,0.0,0.0,0.0,1524.0,16059180.0,-100.0,-1066000.0,0.0,0.0
002410,범양건영,유가,건물 건설업,"토목공사,주택건설,건축공사,난방공사,전기공사,포장공사",1935.0,0.0,0.0,0.0,0.0,0.0,0.0,0.0,0.0,0.0,0.0,0.0,0.0,0.0,0.0,0.0,0.0,0.0,0.0,0.0,0.0,0.0,0.0,0.0,0.0,0.0,0.0,0.0
007210,벽산,유가,기타 비금속 광물제품 제조업,"단열재, 천장재, 외장재, 내장재, 외단열, 바닥재 등",1468.0,74336.0,108223334.0,0.4099999964237213,4211590.0,3.890000104904175,16228.0,23529356.0,-18419.0,-26749397.0,2245.0,3298989.0,2166.0,3183017.0,0.0,0.0,18.0,26424.0,0.0,0.0,0.0,0.0,61.0,89548.0,0.0,0.0,-54.0,-78948.0
002760,보락,유가,기타 화학제품 제조업,"식품향료,식품첨가물,화학제품,껌베이스(자일리톨,에리스리톨),담배향료 제조,판매",1002.0,94908.0,94914323.0,0.20000000298023224,268573.0,0.2800000011920929,-15941.0,-16079216.0,-5125.0,-5071591.0,21071.0,21155832.0,21071.0,21155832.0,0.0,0.0,0.0,0.0,0.0,0.0,0.0,0.0,0.0,0.0,-5.0,-5025.0,0.0,0.0
003850,보령,유가,의약품 제조업,"의약품(제산제(겔포스),구심,용각산,고혈압치료제(카프릴),소염진통제(멘소레담),항생제(듀리세프),혈전치료제(아스트릭스)) 제조",9150.0,82555.0,753797980.0,1.7799999713897705,62400580.0,7.269999980926514,-35009.0,-319656880.0,-21095.0,-192400420.0,2528.0,23091890.0,2351.0,21471720.0,0.0,0.0,77.0,705170.0,0.0,0.0,0.0,0.0,100.0,915000.0,53573.0,488938120.0,3.0,27290.0
000890,보해양조,유가,알코올음료 제조업,"주류(소주,매취,실비우스,위스키) 제조,음료 도매",1373.0,647138.0,880227518.0,1.7000000476837158,1563848.0,0.18000000715255737,34775.0,47335553.0,-33330.0,-45337949.0,-1054.0,-1472238.0,-1054.0,-1472238.0,0.0,0.0,0.0,0.0,0.0,0.0,0.0,0.0,0.0,0.0,0.0,0.0,-391.0,-525366.0
000890,보해양조,유가,알코올음료 제조업,"주류(소주,매취,실비우스,위스키) 제조,음료 도매",1373.0,647138.0,880227518.0,1.7000000476837158,1563848.0,0.18000000715255737,34775.0,47335553.0,-33330.0,-45337949.0,-1054.0,-1472238.0,-1054.0,-1472238.0,0.0,0.0,0.0,0.0,0.0,0.0,0.0,0.0,0.0,0.0,0.0,0.0,-391.0,-525366.0
003000,부광약품,유가,의약품 제조업,"의약품,치약,의약부외품(부광탁스,레가론,부광안티프라그) 제조",4290.0,562046.0,2496720085.0,2.140000104904175,66555440.0,2.6700000762939453,31036.0,143607863.0,-35356.0,-161685183.0,11939.0,51946070.0,15024.0,65283480.0,0.0,0.0,123.0,527650.0,0.0,0.0,-3350.0,-14464490.0,142.0,599430.0,-7722.0,-34318055.0,103.0,449305.0
001270,부국증권,유가,금융 지원 서비스업,"유가증권 매매,위탁매매,인수,주선",55700.0,1603.0,88927300.0,2.390000104904175,6504000.0,6.190000057220459,-607.0,-33729500.0,401.0,22368200.0,206.0,11361300.0,184.0,10133100.0,0.0,0.0,11.0,612700.0,0.0,0.0,0.0,0.0,11.0,615500.0,0.0,0.0,0.0,0.0
001275,부국증권우,KOSPI,기타/미분류,기타/미분류,30300.0,1356.0,40836300.0,1.1699999570846558,0.0,0.0,0.0,0.0,0.0,0.0,0.0,0.0,0.0,0.0,0.0,0.0,0.0,0.0,0.0,0.0,0.0,0.0,0.0,0.0,0.0,0.0,0.0,0.0
026940,부국철강,유가,1차 철강 제조업,철강,2155.0,635929.0,1366579305.0,3.859999895095825,34658910.0,2.5399999618530273,93283.0,200448553.0,-93337.0,-200597238.0,351.0,756675.0,351.0,756675.0,0.0,0.0,0.0,0.0,0.0,0.0,0.0,0.0,0.0,0.0,0.0,0.0,-297.0,-607990.0
026940,부국철강,유가,1차 철강 제조업,철강,2155.0,635929.0,1366579305.0,3.859999895095825,34658910.0,2.5399999618530273,93283.0,200448553.0,-93337.0,-200597238.0,351.0,756675.0,351.0,756675.0,0.0,0.0,0.0,0.0,0.0,0.0,0.0,0.0,0.0,0.0,0.0,0.0,-297.0,-607990.0
011390,부산산업,유가,"시멘트, 석회, 플라스터 및 그 제품 제조업","레미콘 제조,판매",50200.0,43539.0,2232615200.0,-9.0600004196167,14557600.0,0.6499999761581421,-1034.0,-52079650.0,1107.0,56196450.0,27.0,1187700.0,27.0,1187700.0,0.0,0.0,0.0,0.0,0.0,0.0,0.0,0.0,0.0,0.0,0.0,-4500.0,-100.0,-5300000.0
005030,부산주공,유가,자동차 신품 부품 제조업,"자동차부품(엔진부품,조향장치부품,브레이장치부품,오토미셧부품) 제조,도매/부동산 임대",486.0,0.0,0.0,0.0,0.0,0.0,0.0,0.0,0.0,0.0,0.0,0.0,0.0,0.0,0.0,0.0,0.0,0.0,0.0,0.0,0.0,0.0,0.0,0.0,0.0,0.0,0.0,0.0
006740,블루산업개발,유가,"골판지, 종이 상자 및 종이용기 제조업","골판지원지,지관원지,라이나원지 제조",1052.0,0.0,0.0,0.0,0.0,0.0,0.0,0.0,0.0,0.0,0.0,0.0,0.0,0.0,0.0,0.0,0.0,0.0,0.0,0.0,0.0,0.0,0.0,0.0,0.0,0.0,0.0,0.0
002070,비비안,유가,봉제의복 제조업,"여성내의류(스타킹,화운데이숀,란제리),카바링사 제조,수출입/부동산 매매,임대",5000.0,253234.0,1286047650.0,-12.890000343322754,293230.0,0.019999999552965164,30245.0,150537240.0,-28546.0,-141866120.0,0.0,-35700.0,0.0,-35700.0,0.0,0.0,0.0,0.0,0.0,0.0,0.0,0.0,0.0,0.0,-2104.0,-10659330.0,405.0,2023910.0
100220,비상교육,유가,"서적, 잡지 및 기타 인쇄물 출판업","참고서 출판/소프트웨어 개발,공급",4925.0,35942.0,174832840.0,-0.5099999904632568,952665.0,0.5400000214576721,10767.0,52375190.0,-10924.0,-53145760.0,157.0,770570.0,234.0,1146190.0,0.0,0.0,0.0,0.0,0.0,0.0,0.0,0.0,-77.0,-375620.0,0.0,0.0,0.0,0.0
090460,비에이치,유가,전자부품 제조업,FPCB (연성인쇄회로기판),16960.0,703633.0,12031843300.0,-0.23999999463558197,2352833930.0,13.880000114440918,208627.0,3560808530.0,-64586.0,-1092002875.0,-123446.0,-2113076425.0,-33909.0,-581590640.0,339.0,5782430.0,-27044.0,-464489995.0,0.0,0.0,0.0,0.0,-62832.0,-1072778220.0,-22204.0,-383132340.0,1609.0,27403110.0
005180,빙그레,유가,동·식물성 유지 및 낙농제품 제조업,"아이스크림,우유,스낵,유산균(욥닥터캡슐) 제조",87200.0,261225.0,21997015600.0,9.550000190734863,888085200.0,2.8299999237060547,-140312.0,-11810032150.0,75953.0,6307620850.0,67323.0,5754629600.0,15150.0,1278239250.0,2031.0,172455800.0,17183.0,1476892850.0,0.0,0.0,23218.0,1995401100.0,9676.0,826059500.0,-459.0,-39472200.0,-2505.0,-212746100.0
003960,사조대림,유가,수산물 가공 및 저장 처리업,"게맛살,어육연제품,식용류,배합사료 제조",29950.0,2291.0,68508350.0,-0.5,16577750.0,18.3700008392334,586.0,17472800.0,-948.0,-28315900.0,286.0,8561450.0,276.0,8261650.0,0.0,0.0,2.0,59900.0,0.0,0.0,0.0,0.0,8.0,239900.0,75.0,2251800.0,1.0,29850.0
008040,사조동아원,유가,"곡물가공품, 전분 및 전분제품 제조업","제분, 배합사료 제조",654.0,0.0,0.0,0.0,0.0,0.0,0.0,0.0,0.0,0.0,0.0,0.0,0.0,0.0,0.0,0.0,0.0,0.0,0.0,0.0,0.0,0.0,0.0,0.0,0.0,0.0,0.0,0.0
007160,사조산업,유가,수산물 가공 및 저장 처리업,"원양어업(참치,명태,오징어),육가공,참치통조림,장류 제조/냉동냉장 창고운영/부동산 임대/컴퓨터,소프트웨어 개발,도매/팝콘,구운김 도매",49350.0,3674.0,183369450.0,-1.100000023841858,3732850.0,1.0199999809265137,-480.0,-24095550.0,-54.0,-2802850.0,534.0,26898400.0,107.0,5323300.0,0.0,0.0,1.0,49350.0,0.0,0.0,422.0,21327600.0,4.0,198150.0,0.0,0.0,0.0,0.0
014710,사조씨푸드,유가,수산물 가공 및 저장 처리업,횟감용 참치 및 기타 일반수산물,10210.0,18241.0,184407480.0,4.179999828338623,9832390.0,5.329999923706055,-1265.0,-12569850.0,857.0,8403920.0,399.0,4074760.0,395.0,4032270.0,0.0,0.0,4.0,40840.0,0.0,0.0,0.0,0.0,0.0,1650.0,9.0,91170.0,0.0,0.0
006090,사조오양,유가,수산물 가공 및 저장 처리업,"원양어업/수산물가공(게맛살) 제조,수출입/냉동 및 냉장보관/부동산 임대",8640.0,6398.0,54930720.0,0.699999988079071,0.0,0.0,-4687.0,-40296880.0,607.0,5168330.0,203.0,1760370.0,203.0,1760370.0,0.0,0.0,0.0,0.0,0.0,0.0,0.0,0.0,0.0,0.0,3877.0,33368180.0,0.0,0.0
062040,산일전기,유가,"전동기, 발전기 및 전기 변환 · 공급 · 제어 장치 제조업","유입, 몰드, 주상, 건식 변압기 등",179200.0,107517.0,19079062150.0,1.9900000095367432,3749330250.0,14.0600004196167,12580.0,2238489550.0,6302.0,1103181450.0,-19001.0,-3362915650.0,-5546.0,-978265850.0,-518.0,-91942200.0,-7733.0,-1369837800.0,0.0,0.0,-4012.0,-711594200.0,-1098.0,-194594400.0,-26.0,-4466950.0,145.0,25711600.0
005610,삼립,유가,기타 식품 제조업,"빵,아이스크림,과자,케익,유산균음료,인스턴트식품,병조림,면류,식용유 제조,판매",39300.0,2874.0,112165400.0,0.7699999809265137,10529500.0,7.590000152587891,1051.0,40976250.0,-2048.0,-79891400.0,312.0,12203050.0,296.0,11574050.0,-1.0,-38950.0,9.0,354150.0,0.0,0.0,0.0,0.0,8.0,313800.0,692.0,26985600.0,-7.0,-273500.0
001470,삼부토건,유가,토목 건설업,"토목공사,건축공사,포장공사,건설업,분양사업/건설자재 제조",347.0,0.0,0.0,0.0,0.0,0.0,0.0,0.0,0.0,0.0,0.0,0.0,0.0,0.0,0.0,0.0,0.0,0.0,0.0,0.0,0.0,0.0,0.0,0.0,0.0,0.0,0.0,0.0
028050,삼성E&A,유가,"건축기술, 엔지니어링 및 관련 기술 서비스업","산업설비,건물,구축물,토목시설의 설계,시공,공사감리",48050.0,1350895.0,65719876875.0,-0.9300000071525574,5480226025.0,8.34000015258789,164501.0,7856628450.0,-164946.0,-8022303000.0,5371.0,400998575.0,-89205.0,-4288903325.0,5319.0,264424825.0,15392.0,749154475.0,0.0,0.0,55855.0,2788201075.0,16339.0,806664050.0,-5438.0,-260641550.0,512.0,25317525.0
448730,삼성FN리츠,유가,부동산 임대 및 공급업,대치타워 및 에스원빌딩,5440.0,25526.0,138246640.0,0.9300000071525574,32340.0,0.019999999552965164,-530.0,-3045105.0,1498.0,7736600.0,-968.0,-4691495.0,8227.0,44903615.0,0.0,0.0,0.0,0.0,0.0,0.0,0.0,0.0,-9195.0,-49595110.0,0.0,0.0,0.0,0.0
006400,삼성SDI,유가,일차전지 및 이차전지 제조업,"2차전지, 전자재료 제조 판매",499500.0,390207.0,197271560000.0,2.569999933242798,12571595500.0,4.300000190734863,-37304.0,-19098964250.0,-4645.0,-2335490250.0,42356.0,21642161500.0,-13443.0,-6699152000.0,2189.0,1116167500.0,24883.0,12602512000.0,4.0,2020000.0,11152.0,5727670500.0,16846.0,8528622500.0,-241.0,-123323500.0,-166.0,-84383500.0
006405,삼성SDI우,KOSPI,기타/미분류,기타/미분류,211000.0,8468.0,1764984250.0,4.199999809265137,15824500.0,0.8999999761581421,-2607.0,-546249250.0,3194.0,666816750.0,-467.0,-95564000.0,-412.0,-84047500.0,-12.0,-2512500.0,-9.0,-1888000.0,0.0,0.0,-34.0,-7116000.0,0.0,0.0,-83.0,-17250500.0,-37.0,-7753000.0
006660,삼성공조,유가,자동차 신품 부품 제조업,"자동차부품(라디에터,오일쿨러) 제조,판매",14710.0,2380725.0,35962763720.0,0.07000000029802322,37563230.0,0.10000000149011612,2238.0,74548330.0,-4360.0,-106926180.0,4319.0,64552575.0,27.0,171610.0,0.0,0.0,-5.0,-73450.0,0.0,0.0,4297.0,64454665.0,0.0,-250.0,275.0,3954020.0,-2472.0,-36128745.0
028260,삼성물산,유가,기타 전문 도매업,"도소매, 건설, 남자용 정장 제조업 등",374000.0,463427.0,171103644750.0,7.78000020980835,18643255500.0,9.430000305175781,-36990.0,-13828295000.0,11973.0,4193710750.0,27793.0,10651827500.0,-41474.0,-15331230250.0,5675.0,2135782500.0,15130.0,5583051250.0,47.0,17191500.0,43810.0,16524481500.0,4529.0,1693871000.0,-2686.0,-984130500.0,-90.0,-33112750.0
02826K,삼성물산우B,KOSPI,기타/미분류,기타/미분류,232000.0,7497.0,1730339500.0,5.940000057220459,40339500.0,2.3299999237060547,-2902.0,-672832500.0,1784.0,412560500.0,1454.0,337621500.0,190.0,44136000.0,0.0,0.0,429.0,99347500.0,0.0,0.0,0.0,0.0,835.0,194138000.0,-333.0,-76675500.0,-3.0,-674000.0
207940,삼성바이오로직스,유가,기초 의약물질 제조업,바이오의약품,1574000.0,62565.0,98865258000.0,1.940000057220459,19337765500.0,14.350000381469727,-4452.0,-7091727500.0,9243.0,14657976000.0,-4525.0,-7146299000.0,-3029.0,-4767773000.0,284.0,455432500.0,-650.0,-1015004000.0,29.0,45880000.0,1187.0,1856076500.0,-2363.0,-3748098000.0,-272.0,-428352000.0,6.0,8402500.0
032830,삼성생명,유가,보험업,"생명보험,부동산 임대",297000.0,581363.0,171757049500.0,7.610000133514404,10598691500.0,5.289999961853027,-2029.0,-640446250.0,-18282.0,-5415190250.0,20472.0,6089720500.0,836.0,291598000.0,2254.0,671757250.0,19801.0,5787600250.0,141.0,41464000.0,-1794.0,-515725000.0,-964.0,-245663750.0,0.0,14125000.0,-161.0,-48209000.0
018260,삼성에스디에스,유가,"컴퓨터 프로그래밍, 시스템 통합 및 관리업","IT서비스, 물류BPO",233000.0,162816.0,38040952250.0,3.0999999046325684,5176488500.0,9.180000305175781,-28625.0,-6750249000.0,40312.0,9437412750.0,-14137.0,-3259474500.0,-7811.0,-1806091250.0,-479.0,-111294250.0,-1391.0,-324898500.0,40.0,9400000.0,-1343.0,-294938000.0,-3152.0,-731412000.0,2691.0,629399250.0,-241.0,-57088500.0
0126Z0,삼성에피스홀딩스,유가,기타 금융업,지주회사,379000.0,78908.0,29772811000.0,4.260000228881836,2618536500.0,6.670000076293945,9858.0,3684360000.0,-776.0,-259052500.0,-8927.0,-3366720250.0,-205.0,-77511000.0,4.0,1559500.0,-2234.0,-843421250.0,0.0,0.0,-5148.0,-1941034500.0,-1344.0,-506295500.0,-137.0,-51876250.0,-18.0,-6711000.0
009150,삼성전기,유가,전자부품 제조업,"수동소자 (MLCC, Inductor, Chip Resistor 등), 모듈(카메라모듈, 통신모듈), 반도체패키지 기판",1396000.0,766198.0,1062812185000.0,0.6499999761581421,129843593500.0,7.659999847412109,237570.0,327820176500.0,-166937.0,-230882995500.0,-75766.0,-103950300500.0,-30109.0,-41627662000.0,-2739.0,-3804074500.0,-8604.0,-11867357500.0,37.0,51471000.0,-36438.0,-49766147500.0,2131.0,3124597500.0,4147.0,5640148000.0,986.0,1372971500.0
009155,삼성전기우,KOSPI,기타/미분류,기타/미분류,487500.0,33071.0,16148256750.0,0.3100000023841858,523572500.0,3.240000009536743,3984.0,1946300500.0,-2792.0,-1365260250.0,-1213.0,-591451250.0,75.0,36667500.0,0.0,0.0,5.0,2437500.0,0.0,0.0,0.0,0.0,-1293.0,-630552250.0,-18.0,-8677750.0,39.0,19088750.0
005930,삼성전자,유가,통신 및 방송 장비 제조업,"통신 및 방송 장비 제조(무선) 제품, 반도체 제조(메모리) 제품, 전자부품 제조(디스플레이) 제품, 영상 및 음향기기 제조(영상기기) 제품 등",271000.0,26095919.0,6961393123500.0,9.489999771118164,372732874250.0,3.6700000762939453,-4742281.0,-1270982011750.0,4239261.0,1137842807250.0,599886.0,159302568500.0,-964041.0,-259477302750.0,-8118.0,-2104080000.0,639604.0,173187839250.0,20365.0,5426374000.0,-73013.0,-23488136250.0,983387.0,265298354000.0,-79211.0,-21468937750.0,-17655.0,-4694426250.0
005935,삼성전자우,KOSPI,기타/미분류,기타/미분류,191200.0,3721849.0,700956151550.0,10.069999694824219,7909202400.0,1.1299999952316284,-641175.0,-121494820550.0,261910.0,49302258750.0,372878.0,71051995100.0,14550.0,2747814650.0,8816.0,1679270450.0,69876.0,13358560750.0,4057.0,779460550.0,59754.0,11466851500.0,215790.0,41013315900.0,10289.0,1878320300.0,-3902.0,-737753600.0
001360,삼성제약,유가,의약품 제조업,"의약품(까스명수,쓸기담,에프킬라에어졸,액체우황청심원) 제조,도매",1276.0,210468.0,270175061.0,1.590000033378601,18384689.0,6.800000190734863,10870.0,13566491.0,-10808.0,-13487366.0,1065.0,1359002.0,1039.0,1325826.0,0.0,0.0,26.0,33176.0,0.0,0.0,0.0,0.0,0.0,0.0,-1231.0,-1570756.0,104.0,132629.0
010140,삼성중공업,유가,선박 및 보트 건조업,"선박(벌크선,원유운반선),철구조물,에너지플랜트 생산,판매/토목건축업",20800.0,1862749.0,38911609925.0,0.9700000286102295,1930766500.0,3.299999952316284,73067.0,1498937000.0,515608.0,10771661275.0,-587126.0,-12237013925.0,-313458.0,-6532230425.0,-30038.0,-629163075.0,-21145.0,-441349025.0,0.0,0.0,-207167.0,-4315910525.0,-15311.0,-318216075.0,-2863.0,-60827425.0,1314.0,27243075.0
016360,삼성증권,유가,금융 지원 서비스업,"유가증권의 매매,위탁매매,인수주선",92400.0,1050392.0,96521600550.0,8.710000038146973,5452274450.0,3.799999952316284,48523.0,4664456000.0,-3817.0,-587582500.0,-49759.0,-4547918950.0,-72767.0,-6666776950.0,5230.0,484730000.0,37066.0,3424939200.0,300.0,27185150.0,-32208.0,-2981252550.0,13454.0,1240525100.0,4496.0,418871600.0,557.0,52173850.0
068290,삼성출판사,유가,"서적, 잡지 및 기타 인쇄물 출판업","서적 출판,인쇄,소매/부동산 임대",6320.0,5798.0,36406490.0,0.0,0.0,0.0,-102.0,-636785.0,-19.0,-126985.0,121.0,763770.0,121.0,763770.0,0.0,0.0,0.0,0.0,0.0,0.0,0.0,0.0,0.0,0.0,0.0,0.0,0.0,0.0
029780,삼성카드,유가,기타 금융업,"신용카드업,상품신용판매,현금서비스,카드론,리스,기업대출,여행업무,통신판매",46050.0,113239.0,5258767250.0,-1.5,581910400.0,8.539999961853027,62105.0,2882121475.0,-69833.0,-3242687000.0,7573.0,353390475.0,5228.0,244305675.0,-20.0,-940900.0,-3179.0,-147065425.0,0.0,0.0,-1666.0,-77340075.0,-390.0,-18125000.0,143.0,6622350.0,12.0,552700.0
000810,삼성화재해상보험,유가,보험업,"손해보험의 원수,재보험,운용자산의 투자활동",622000.0,71163.0,44036881891.0,1.4700000286102295,4544467500.0,9.5,-4621.0,-2887428500.0,9252.0,5765283500.0,-4496.0,-2793114000.0,-12228.0,-7579160000.0,-31.0,-17602500.0,1131.0,703541000.0,-80.0,-49554000.0,6493.0,4010923000.0,219.0,138765500.0,-131.0,-82253000.0,-4.0,-2488000.0
000815,삼성화재우,KOSPI,기타/미분류,기타/미분류,405500.0,6901.0,2770563000.0,1.0,60952500.0,2.200000047683716,1424.0,569260000.0,-1348.0,-537892750.0,-108.0,-44039750.0,-1339.0,-536106750.0,-31.0,-12495500.0,-74.0,-29829500.0,0.0,0.0,0.0,0.0,1336.0,534400000.0,-33.0,-13385000.0,65.0,26057500.0
006110,삼아알미늄,유가,1차 비철금속 제조업,"알루미늄박지,은박지,은박가공품,알페이스트 제조,도매,수출",54800.0,173042.0,9890682650.0,1.1100000143051147,363553950.0,2.490000009536743,20776.0,1063599700.0,-7174.0,-352503700.0,-14369.0,-753352400.0,4266.0,256508800.0,-1606.0,-88628500.0,-13294.0,-726039800.0,0.0,0.0,-2876.0,-159378200.0,-859.0,-35814700.0,432.0,23778500.0,335.0,18477900.0
0120G0,삼양바이오팜,유가,의약품 제조업,의료기기 및 의약품,56200.0,222641.0,12135548400.0,29.790000915527344,796666700.0,3.3399999141693115,26288.0,1403824100.0,-27485.0,-1470976700.0,3411.0,184002700.0,126.0,297700.0,0.0,0.0,3285.0,183710600.0,0.0,0.0,0.0,0.0,0.0,-5600.0,-2100.0,-110937500.0,-114.0,-5912600.0
145990,삼양사,유가,기타 식품 제조업,설탕,45450.0,9668.0,435533075.0,0.8899999856948853,37559400.0,8.100000381469727,-1417.0,-63968775.0,-1132.0,-50509150.0,2549.0,114477925.0,533.0,24091950.0,0.0,0.0,12.0,545400.0,0.0,0.0,1993.0,89339575.0,11.0,501000.0,0.0,0.0,0.0,0.0
145995,삼양사우,KOSPI,기타/미분류,기타/미분류,32950.0,220.0,7184500.0,1.2300000190734863,0.0,0.0,1.0,32950.0,-1.0,-32950.0,0.0,0.0,0.0,0.0,0.0,0.0,0.0,0.0,0.0,0.0,0.0,0.0,0.0,0.0,0.0,0.0,0.0,0.0
003230,삼양식품,유가,기타 식품 제조업,"라면,스낵,유제품,장유,식용유,사료,향신료,건강음료(루이보스 티) 제조,도매",1397000.0,100158.0,139221255000.0,7.130000114440918,13562938500.0,8.010000228881836,-35766.0,-49630602000.0,21983.0,30453533000.0,15978.0,22256370000.0,-3758.0,-5263458000.0,95.0,132511000.0,4133.0,5791220500.0,709.0,996193500.0,814.0,1137741500.0,13986.0,19463590500.0,-1937.0,-2719052000.0,-258.0,-360249000.0
272550,삼양패키징,유가,플라스틱제품 제조업,PET 용기 및 아셉틱 OEM,9900.0,25178.0,247300710.0,-0.4000000059604645,22417080.0,9.0600004196167,8000.0,78246180.0,-8514.0,-83371710.0,494.0,4930330.0,477.0,4762730.0,0.0,0.0,4.0,39600.0,0.0,0.0,0.0,0.0,13.0,128000.0,20.0,195200.0,0.0,0.0
000070,삼양홀딩스,유가,기타 금융업,"지주회사,경영자문컨설팅",60500.0,14794.0,887693800.0,1.340000033378601,25032000.0,2.0299999713897705,3273.0,196076800.0,-4063.0,-243284300.0,790.0,47208100.0,-28.0,-1841300.0,0.0,0.0,10.0,605000.0,0.0,0.0,800.0,47960900.0,8.0,483500.0,0.0,-600.0,0.0,0.0
003720,삼영,유가,플라스틱제품 제조업,"합성수지(BOPP,캐파시타),PPC,랩,종이상자(카톤팩) 제조",6860.0,174470.0,1199535410.0,0.4399999976158142,3158240.0,0.25999999046325684,-16072.0,-111193000.0,15065.0,104437700.0,-2280.0,-15780880.0,789.0,5407440.0,0.0,0.0,14.0,96040.0,0.0,0.0,-3083.0,-21281060.0,0.0,-3300.0,3287.0,22536180.0,0.0,0.0
002810,삼영무역,유가,기타 전문 도매업,"화공약품, 안경렌즈",23050.0,17462.0,400399975.0,0.2199999988079071,548100.0,0.12999999523162842,353.0,7987075.0,1388.0,31821875.0,-1741.0,-39808950.0,422.0,9678600.0,0.0,0.0,-1547.0,-35390950.0,0.0,0.0,0.0,0.0,-616.0,-14096600.0,0.0,0.0,0.0,0.0
005680,삼영전자공업,유가,전자부품 제조업,"전자부품(알루미늄 전해콘덴서),전기이중층콘덴서,센서 제조,도매",12560.0,78293.0,979037250.0,-1.0199999809265137,179110.0,0.019999999552965164,29373.0,367932650.0,-9843.0,-125520080.0,-19530.0,-242412570.0,789.0,9767290.0,0.0,0.0,-20339.0,-252427120.0,0.0,0.0,0.0,0.0,20.0,247260.0,0.0,0.0,0.0,0.0
023000,삼원강재,유가,자동차 신품 부품 제조업,"열간압연제품(평강,봉강,특수이형강,환강,자동차용 겹판스프링) 제조,판매",2235.0,10134.0,22554484.0,-0.44999998807907104,513805.0,2.2799999713897705,2236.0,4954407.0,-3298.0,-7339557.0,1062.0,2385150.0,1062.0,2385150.0,0.0,0.0,0.0,0.0,0.0,0.0,0.0,0.0,0.0,0.0,0.0,0.0,0.0,0.0
004380,삼익THK,유가,일반 목적용 기계 제조업,"직선운동시스템,메카트로시스템,기타정밀 자동화기기 제조,판매/전자상거래,인터넷 관련 s/w,h/w 개발,판매,유지보수",8430.0,40644.0,343402925.0,-2.319999933242798,6030570.0,1.7599999904632568,14750.0,124313885.0,-13039.0,-109887905.0,528.0,4452980.0,493.0,4160380.0,0.0,0.0,5.0,42150.0,0.0,0.0,0.0,0.0,30.0,250450.0,-2315.0,-19528720.0,76.0,649760.0
002450,삼익악기,유가,악기 제조업,"피아노,기타,현악기,전자악기,동 부분품 제조,임대,도매",1109.0,128507.0,141606691.0,0.0,234725.0,0.17000000178813934,44385.0,48906145.0,-42315.0,-46672726.0,-2070.0,-2233419.0,-2070.0,-2233419.0,0.0,0.0,0.0,0.0,0.0,0.0,0.0,0.0,0.0,0.0,0.0,0.0,0.0,0.0
004440,삼일씨엔에스,유가,"시멘트, 석회, 플라스터 및 그 제품 제조업","PHC파일, 강교, PC",5000.0,31634.0,155420882.0,3.5199999809265137,6963025.0,4.480000019073486,-5106.0,-24756633.0,2350.0,11162383.0,2756.0,13594250.0,216.0,1076420.0,0.0,0.0,99.0,487695.0,0.0,0.0,0.0,0.0,2441.0,12030135.0,0.0,0.0,0.0,0.0
000520,삼일제약,유가,의약품 제조업,"양약(부루펜,액티피드,포리부틴) 제조,도매",6380.0,67680.0,427460515.0,2.569999933242798,3427070.0,0.800000011920929,17177.0,108212515.0,7313.0,46308275.0,458.0,2901590.0,434.0,2749730.0,0.0,0.0,5.0,31900.0,0.0,0.0,0.0,0.0,19.0,119960.0,-24998.0,-157737380.0,50.0,315000.0
009770,삼정펄프,유가,"펄프, 종이 및 판지 제조업","지류화장지,안면용,위생용 티슈 제조,판매",28850.0,3916.0,111930250.0,3.5899999141693115,1497000.0,1.340000033378601,1010.0,28625350.0,-445.0,-12757550.0,-564.0,-15838250.0,-564.0,-15838250.0,0.0,0.0,0.0,0.0,0.0,0.0,0.0,0.0,0.0,0.0,-1.0,-29550.0,0.0,0.0
005500,삼진제약,유가,의약품 제조업,"의약품(게보린,세트라졸,염산나록손) 제조,판매,수출입,약초재배",18020.0,38285.0,682060640.0,2.9700000286102295,28370170.0,3.2699999809265137,-875.0,-15517840.0,3266.0,57968060.0,-2406.0,-42719370.0,-2410.0,-42794500.0,0.0,0.0,-9.0,-158850.0,0.0,0.0,0.0,0.0,13.0,233980.0,10.0,180200.0,5.0,88950.0
004690,삼천리,유가,연료용 가스 제조 및 배관공급업,도시가스 공급/부동산 임대,130400.0,11459.0,1481939250.0,0.23000000417232513,119008100.0,6.900000095367432,3582.0,462287150.0,-3485.0,-450092400.0,-188.0,-24007650.0,91.0,11991250.0,-5.0,-648200.0,2.0,262300.0,0.0,0.0,0.0,0.0,-277.0,-35742000.0,91.0,11812900.0,0.0,0.0
010960,삼호개발,유가,기반조성 및 시설물 축조관련 전문공사업,"토공사,철근콘크리트공사,포장공사,미장방수공사,상하수도공사,수중공사,비계구조물해체공사/골재,아스콘 제조,판매,중기임대",3115.0,418619.0,1321824912.0,-0.47999998927116394,4268345.0,0.3199999928474426,37046.0,121412970.0,-41157.0,-134290075.0,450.0,1379510.0,450.0,1379510.0,0.0,0.0,0.0,0.0,0.0,0.0,0.0,0.0,0.0,0.0,0.0,-1820.0,3661.0,11499415.0
004450,삼화왕관,유가,기타 금속 가공제품 제조업,"납세용 일반병마개,알루미늄캡,플라스틱캡 제조,판매,금속인쇄,수출",26050.0,1606.0,41671750.0,-1.5099999904632568,1379450.0,3.309999942779541,58.0,1493200.0,383.0,9859700.0,-306.0,-7861800.0,-306.0,-7861800.0,0.0,0.0,0.0,0.0,0.0,0.0,0.0,0.0,0.0,0.0,-136.0,-3517000.0,1.0,25900.0
009470,삼화전기,유가,전자부품 제조업,"콘덴서 제조,판매",23550.0,25127.0,588974900.0,2.1700000762939453,41831000.0,7.099999904632568,5152.0,120756050.0,-4182.0,-98028500.0,50.0,1188450.0,146.0,3429150.0,0.0,0.0,1.0,23550.0,0.0,0.0,0.0,0.0,-97.0,-2264250.0,-1000.0,-23450000.0,-20.0,-466000.0
011230,삼화전자공업,유가,영상 및 음향기기 제조업,"전자부품(페라이트 코어,SMPS,편향요크(DY),고압변성기(FBT)용코어) 제조,판매",2730.0,195578.0,532482090.0,1.8700000047683716,4397320.0,0.8299999833106995,7426.0,20307198.0,-8391.0,-22929913.0,172.0,469355.0,172.0,469355.0,0.0,0.0,0.0,0.0,0.0,0.0,0.0,0.0,0.0,0.0,0.0,0.0,793.0,2153360.0
001820,삼화콘덴서공업,유가,전자부품 제조업,콘덴서(축전기) 제조,97600.0,414955.0,40399651450.0,3.8299999237060547,153080200.0,0.3799999952316284,7469.0,653161550.0,-7679.0,-680884500.0,367.0,42434150.0,-4551.0,-442499750.0,-15.0,-1458750.0,-826.0,-79728550.0,0.0,0.0,1943.0,190537650.0,3819.0,375876050.0,468.0,47107900.0,-625.0,-61819100.0
001290,상상인증권,유가,금융 지원 서비스업,유가증권 매매,1010.0,3175981.0,3306057920.0,8.720000267028809,823444.0,0.019999999552965164,-18380.0,-16604147.0,20151.0,18533678.0,-44.0,-44440.0,-44.0,-44440.0,0.0,0.0,0.0,0.0,0.0,0.0,0.0,0.0,0.0,0.0,-1547.0,-1633844.0,-180.0,-251247.0
041650,상신브레이크,유가,자동차 신품 부품 제조업,"자동차 브레이크 슈 어셈블리,브레이크패드 제조/군납업,무역/부동산 임대",2165.0,9303.0,20202615.0,-0.6899999976158142,169530.0,0.8399999737739563,-817.0,-1764535.0,548.0,1184065.0,269.0,580470.0,269.0,580470.0,0.0,0.0,0.0,0.0,0.0,0.0,0.0,0.0,0.0,0.0,0.0,0.0,0.0,0.0
075180,새론오토모티브,유가,자동차 신품 부품 제조업,"자동차부품(브레이크패드,라이닝)",2935.0,60687.0,178023210.0,-1.5099999904632568,164220.0,0.09000000357627869,-4434.0,-13287455.0,-240.0,-698960.0,2674.0,8128915.0,2674.0,8128915.0,0.0,0.0,0.0,0.0,0.0,0.0,0.0,0.0,0.0,0.0,2000.0,5857500.0,0.0,0.0
007540,샘표,유가,기타 금융업,"간장,된장,고추장 제조,가공,판매,무역",44200.0,2195.0,96933450.0,-0.10999999940395355,573750.0,0.5899999737739563,872.0,38499000.0,-961.0,-42454650.0,89.0,3955650.0,89.0,3956050.0,0.0,0.0,0.0,0.0,0.0,0.0,0.0,0.0,0.0,-400.0,0.0,0.0,0.0,0.0
248170,샘표식품,유가,기타 식품 제조업,간장,23400.0,6364.0,148140250.0,0.20999999344348907,1379450.0,0.9300000071525574,1059.0,24650650.0,-735.0,-17116500.0,102.0,2386850.0,101.0,2363450.0,0.0,0.0,1.0,23400.0,0.0,0.0,0.0,0.0,0.0,0.0,1.0,23350.0,-427.0,-9944350.0
007860,서연,유가,기타 금융업,"자동차부품(승용차내장품-도어트림,헤드라이닝,승용차시트) 제조,도매",7950.0,53433.0,428311385.0,-1.850000023841858,231920.0,0.05000000074505806,4931.0,40110340.0,-4400.0,-35886820.0,245.0,1953440.0,218.0,1741660.0,0.0,0.0,6.0,47700.0,0.0,0.0,0.0,0.0,21.0,164080.0,-776.0,-6176960.0,0.0,0.0
200880,서연이화,유가,자동차 신품 부품 제조업,자동차 도어 트림 및 시트,12400.0,39250.0,485132390.0,2.4800000190734863,30757280.0,3.869999885559082,6832.0,84519200.0,-7515.0,-92984150.0,703.0,8714550.0,653.0,8092160.0,0.0,0.0,31.0,384400.0,0.0,0.0,0.0,0.0,19.0,237990.0,0.0,0.0,-20.0,-249600.0
017390,서울도시가스,유가,연료용 가스 제조 및 배관공급업,"도시가스공급,가스공급설비공사",54700.0,5539.0,301723000.0,-0.36000001430511475,0.0,0.0,2778.0,151538100.0,-1127.0,-61561000.0,-1603.0,-87334900.0,-21.0,-1204800.0,0.0,0.0,1.0,54700.0,0.0,0.0,0.0,0.0,-1583.0,-86184800.0,-48.0,-2642200.0,0.0,0.0
031210,서울보증보험,유가,보험업,"보증보험, 신용보험 등",42950.0,33614.0,1448178575.0,-1.0399999618530273,65973300.0,3.0299999713897705,16156.0,695160075.0,-20220.0,-869730425.0,3404.0,146237200.0,748.0,32300950.0,-37.0,-1588250.0,3145.0,135039400.0,0.0,0.0,0.0,0.0,-452.0,-19514900.0,680.0,29195150.0,-20.0,-862000.0
004410,서울식품공업,유가,기타 식품 제조업,"빵,스넥,마아가린,유지류,사료 제조,도매",1185.0,212625.0,251960310.0,1.0199999809265137,524274.0,0.20999999344348907,-27835.0,-33201975.0,27318.0,32591798.0,493.0,582025.0,493.0,582025.0,0.0,0.0,0.0,0.0,0.0,0.0,0.0,0.0,0.0,0.0,0.0,0.0,24.0,28152.0
004415,서울식품우,KOSPI,기타/미분류,기타/미분류,5160.0,1747.0,9107670.0,-1.7100000381469727,0.0,0.0,-17.0,-87580.0,17.0,87580.0,0.0,0.0,0.0,0.0,0.0,0.0,0.0,0.0,0.0,0.0,0.0,0.0,0.0,0.0,0.0,0.0,0.0,0.0
021050,서원,유가,금속 주조업,"비철금속(황동 빌레트,인코트) 제조,재생원료생산",1127.0,394612.0,456182402.0,-2.0,7677142.0,1.6799999475479126,31851.0,37769446.0,-32361.0,-38352390.0,569.0,649029.0,569.0,649029.0,0.0,0.0,0.0,0.0,0.0,0.0,0.0,0.0,0.0,0.0,-72.0,-81288.0,13.0,15203.0
008490,서흥,유가,기타 화학제품 제조업,"의약품(하드캅셀,건강보조식품,소프트캅셀),건강보조식품,인삼제품 제조,판매",23600.0,50877.0,1185040875.0,1.7200000286102295,18667750.0,1.100000023841858,19900.0,462935750.0,-17213.0,-400579000.0,-3071.0,-71239050.0,310.0,7303250.0,249.0,5860300.0,-2382.0,-55384050.0,0.0,0.0,0.0,0.0,-1248.0,-29018550.0,383.0,8859200.0,1.0,23100.0
007610,선도전기,유가,"전동기, 발전기 및 전기 변환 · 공급 · 제어 장치 제조업","수배전반,중전기기 제조,도매/전기공사",4295.0,174189.0,746360982.0,0.0,1661020.0,0.2199999988079071,-2253.0,-9167226.0,2123.0,8609831.0,220.0,943645.0,220.0,944305.0,0.0,0.0,0.0,0.0,0.0,0.0,0.0,0.0,0.0,-660.0,0.0,0.0,-90.0,-386250.0
136490,선진,유가,동물용 사료 및 조제식품 제조업,조제동물사료,10140.0,86311.0,873374830.0,2.109999895095825,10865600.0,1.2400000095367432,-19595.0,-198202215.0,15609.0,157868605.0,1615.0,16342910.0,2093.0,21231530.0,0.0,0.0,-443.0,-4532430.0,0.0,0.0,0.0,0.0,-35.0,-356190.0,2350.0,23778410.0,21.0,212290.0
014910,성문전자,유가,전자부품 제조업,"콘덴서용 증착필름,압력분무식 플러스자동도포기 제조,판매",2015.0,207480.0,413053691.0,2.2799999713897705,3410522.0,0.8299999833106995,-23508.0,-46188014.0,23342.0,45884123.0,28.0,17378.0,28.0,17378.0,0.0,0.0,0.0,0.0,0.0,0.0,0.0,0.0,0.0,0.0,0.0,0.0,138.0,286513.0
014915,성문전자우,KOSPI,기타/미분류,기타/미분류,4595.0,1127.0,5197775.0,-3.359999895095825,0.0,0.0,307.0,1410665.0,0.0,0.0,0.0,0.0,0.0,0.0,0.0,0.0,0.0,0.0,0.0,0.0,0.0,0.0,0.0,0.0,0.0,0.0,-307.0,-1410665.0
004980,성신양회,유가,"시멘트, 석회, 플라스터 및 그 제품 제조업","시멘트,레미콘 제조",8050.0,51451.0,415599660.0,0.75,7538550.0,1.1699999570846558,-5750.0,-46650545.0,5193.0,42163085.0,565.0,4552580.0,537.0,4328620.0,0.0,0.0,6.0,48300.0,0.0,0.0,0.0,0.0,22.0,175660.0,0.0,0.0,-8.0,-65120.0
004985,성신양회우,KOSPI,기타/미분류,기타/미분류,8420.0,1810.0,15059070.0,-0.7099999785423279,0.0,0.0,-16.0,-127700.0,16.0,127660.0,0.0,40.0,0.0,40.0,0.0,0.0,0.0,0.0,0.0,0.0,0.0,0.0,0.0,0.0,0.0,0.0,0.0,0.0
000180,성창기업지주,유가,회사 본부 및 경영 컨설팅 서비스업,"합판, 마루, 파티클보드, 우드칩, 포르말린 등 제조",5300.0,4320.0,22776130.0,0.1899999976158142,592410.0,2.5999999046325684,2184.0,11499610.0,-2667.0,-14055910.0,243.0,1284300.0,243.0,1284300.0,0.0,0.0,0.0,0.0,0.0,0.0,0.0,0.0,0.0,0.0,240.0,1272000.0,0.0,0.0
002420,세기상사,유가,연료 소매업,"극장(영화상영)/극영화,만화영화 제조/음식료품,일용잡화 소매/부동산 임대",5710.0,8574.0,48848140.0,0.18000000715255737,244790.0,0.5,2063.0,11743800.0,-1627.0,-9239440.0,-436.0,-2504360.0,-436.0,-2504360.0,0.0,0.0,0.0,0.0,0.0,0.0,0.0,0.0,0.0,0.0,0.0,0.0,0.0,0.0
004360,세방,유가,도로 화물 운송업,"도로운송,항만하역,창고,지게차 임대",13000.0,13916.0,180076100.0,0.0,9380090.0,3.9200000762939453,2301.0,29731980.0,-1932.0,-24918580.0,-383.0,-4994560.0,-413.0,-5384100.0,0.0,0.0,11.0,143000.0,0.0,0.0,0.0,0.0,19.0,246540.0,0.0,0.0,14.0,181160.0
004365,세방우,KOSPI,기타/미분류,기타/미분류,9270.0,2007.0,18475910.0,0.10999999940395355,9230.0,0.05000000074505806,752.0,6928150.0,-536.0,-4937800.0,-216.0,-1990350.0,-216.0,-1990350.0,0.0,0.0,0.0,0.0,0.0,0.0,0.0,0.0,0.0,0.0,0.0,0.0,0.0,0.0
004490,세방전지,유가,일차전지 및 이차전지 제조업,"자동차용 및 산업용 축전지(연축전지) 제조,판매",55100.0,24049.0,1327269850.0,-1.0800000429153442,183895800.0,11.260000228881836,3674.0,201897000.0,-14082.0,-776621500.0,10409.0,574803300.0,-253.0,-14086300.0,165.0,9099650.0,69.0,3878600.0,0.0,0.0,417.0,23017950.0,10011.0,552893400.0,-1.0,-78800.0,0.0,0.0
001430,세아베스틸지주,유가,1차 철강 제조업,"특수강,철도용품,자동차부품 제조,수출입",41100.0,124377.0,5221462725.0,-3.75,564016200.0,8.010000228881836,14065.0,585916550.0,-19624.0,-820709125.0,6039.0,254998175.0,-2638.0,-106202350.0,870.0,36455900.0,-6878.0,-288032300.0,0.0,0.0,16302.0,680626025.0,-1642.0,-68889400.0,-453.0,-19079600.0,-27.0,-1126000.0
306200,세아제강,유가,1차 철강 제조업,강관,139900.0,12236.0,1705331600.0,3.1700000762939453,11830400.0,0.5699999928474426,-2920.0,-407342800.0,-2206.0,-307044650.0,5156.0,718639450.0,254.0,35434600.0,-11.0,-1529500.0,-11.0,-1541700.0,0.0,0.0,4588.0,639534100.0,336.0,46741950.0,-10.0,-1420000.0,-20.0,-2832000.0
003030,세아제강지주,유가,기타 금융업,경영컨설팅업,101500.0,20034.0,2065543550.0,3.1500000953674316,62256000.0,2.5899999141693115,-1582.0,-167906150.0,-3.0,2419150.0,1700.0,177550900.0,1769.0,184523200.0,-8.0,-819900.0,-37.0,-3785800.0,0.0,0.0,-2.0,-109700.0,-22.0,-2256900.0,-66.0,-6943400.0,-49.0,-5120500.0
058650,세아홀딩스,유가,1차 철강 제조업,지주회사/투자 및 경영컨설팅/부동산 임대,128400.0,562.0,71258500.0,1.0199999809265137,0.0,0.0,-98.0,-12467000.0,-145.0,-18415100.0,243.0,30882100.0,112.0,14326700.0,0.0,0.0,5.0,642000.0,0.0,0.0,0.0,0.0,126.0,15913400.0,0.0,0.0,0.0,0.0
013000,세우글로벌,유가,기타 전문 도매업,"화공약품.엔지니어링 플라스틱,페놀계제품,석유화학제품 판매/철재가구,사무목재가구 제조/교육사업",1222.0,44172.0,53574284.0,1.3300000429153442,49544.0,0.09000000357627869,-10915.0,-13381222.0,-16040.0,-19540120.0,252.0,301432.0,252.0,301432.0,0.0,0.0,0.0,0.0,0.0,0.0,0.0,0.0,0.0,0.0,26703.0,32619910.0,0.0,0.0
021820,세원정공,유가,자동차 신품 부품 제조업,"자동차부품(차체류,램프류) 제조",10150.0,6403.0,64716080.0,-0.28999999165534973,0.0,0.0,3183.0,32167370.0,-993.0,-10024250.0,-2190.0,-22143120.0,-2192.0,-22163150.0,0.0,0.0,2.0,20300.0,0.0,0.0,0.0,0.0,0.0,-270.0,0.0,0.0,0.0,0.0
067830,세이브존I&C,유가,종합 소매업,"대형할인점(백화점)/부동산 임대/주차장,문화센터 운영",2410.0,71682.0,171434380.0,-1.0299999713897705,198360.0,0.11999999731779099,-4274.0,-10096785.0,227.0,322540.0,4047.0,9774245.0,4036.0,9748815.0,0.0,0.0,11.0,26510.0,0.0,0.0,0.0,0.0,0.0,-1080.0,0.0,0.0,0.0,0.0
075580,세진중공업,유가,선박 및 보트 건조업,"선박 Deck House, LPG Tank, Upper Deck Unit, 해양플랜트 Living Quarter",10720.0,131508.0,1421396170.0,-0.46000000834465027,25798530.0,1.2699999809265137,8645.0,92724770.0,-12265.0,-131520330.0,2207.0,23683050.0,2222.0,23851910.0,-3.0,-32090.0,-39.0,-416970.0,0.0,0.0,0.0,0.0,27.0,280200.0,1408.0,15058160.0,5.0,54350.0
068270,셀트리온,유가,기초 의약물질 제조업,"램시마, 트룩시마, 허쥬마",194100.0,484272.0,95444351350.0,0.0,6997264450.0,5.690000057220459,47409.0,9201085650.0,73522.0,14561026600.0,-119484.0,-23473798250.0,-76943.0,-15090245850.0,225.0,44151450.0,-32898.0,-6496351550.0,-10.0,-1986000.0,-10293.0,-2013774550.0,3807.0,762013600.0,-1415.0,-281786950.0,-32.0,-6527050.0
336370,솔루스첨단소재,유가,전자부품 제조업,"동박, 유압기기 등",7420.0,63283.0,469779165.0,0.949999988079071,51658820.0,8.390000343322754,9319.0,68345520.0,5392.0,40313625.0,-14111.0,-104279725.0,3259.0,24156920.0,0.0,0.0,-17261.0,-127622285.0,0.0,0.0,0.0,0.0,-109.0,-814360.0,0.0,0.0,-600.0,-4379420.0
33637K,솔루스첨단소재1우,KOSPI,기타/미분류,기타/미분류,1484.0,56698.0,83183725.0,-0.7400000095367432,0.0,0.0,3548.0,5218014.0,-3548.0,-5218014.0,0.0,0.0,0.0,0.0,0.0,0.0,0.0,0.0,0.0,0.0,0.0,0.0,0.0,0.0,0.0,0.0,0.0,0.0
33637L,솔루스첨단소재2우B,KOSPI,기타/미분류,기타/미분류,2435.0,1353.0,3274275.0,1.6699999570846558,113520.0,3.4700000286102295,38.0,90495.0,-38.0,-90495.0,0.0,0.0,0.0,0.0,0.0,0.0,0.0,0.0,0.0,0.0,0.0,0.0,0.0,0.0,0.0,0.0,0.0,0.0
248070,솔루엠,유가,전자부품 제조업,"POWER, 3in1 Board, ESL 등",13400.0,89170.0,1185511250.0,0.75,129992370.0,8.5,23488.0,310490840.0,-15908.0,-211036130.0,-7658.0,-100471420.0,14920.0,199188660.0,-33.0,-439120.0,-34.0,-446540.0,0.0,0.0,-20384.0,-270543520.0,-2127.0,-28230900.0,68.0,884690.0,10.0,132020.0
004430,송원산업,유가,기타 화학제품 제조업,"폴리머첨가제(PVC안정제,산화방지제),폴리우레탄수지,프라스틱첨가제 제조",11110.0,124339.0,1392828940.0,-0.09000000357627869,16497810.0,1.1799999475479126,10993.0,120541120.0,1638.0,20455725.0,-12639.0,-141079425.0,440.0,4862970.0,0.0,0.0,-16.0,-177520.0,0.0,0.0,-13056.0,-145683265.0,-7.0,-81610.0,8.0,82580.0,0.0,0.0
017550,수산세보틱스,유가,특수 목적용 기계 제조업,"유압브레이커,트럭크레인,플라즈마 파암장비,특장차,산업기계,건설기계 제조,도매",1777.0,107973.0,191746087.0,0.17000000178813934,14325142.0,7.46999979019165,28985.0,51460387.0,-30030.0,-53321220.0,1384.0,2461198.0,1384.0,2461977.0,0.0,0.0,0.0,0.0,0.0,0.0,0.0,0.0,0.0,-779.0,0.0,0.0,-339.0,-600365.0
126720,수산인더스트리,유가,전기 및 통신 공사업,전력발전설비 정비 용역,21150.0,23322.0,494054950.0,0.47999998927116394,30273275.0,3.880000114440918,9652.0,203644750.0,-5734.0,-120862850.0,-3918.0,-82781900.0,-278.0,-5872200.0,-2072.0,-43780650.0,17.0,359650.0,0.0,0.0,-1114.0,-23536925.0,15.0,315000.0,0.0,0.0,0.0,0.0
053210,케이티스카이라이프,유가,텔레비전 방송업,위성방송서비스,4070.0,42210.0,170911295.0,0.11999999731779099,0.0,0.0,31972.0,129370713.0,-29809.0,-120650573.0,-2193.0,-8841490.0,245.0,1020005.0,0.0,0.0,19.0,77330.0,0.0,0.0,-2500.0,-10113060.0,43.0,174235.0,30.0,121350.0,0.0,0.0
026890,스틱인베스트먼트,유가,신탁업 및 집합투자업,사모펀드(PEF),8440.0,43969.0,367926395.0,2.180000066757202,15931730.0,4.039999961853027,-10433.0,-87189290.0,-954.0,-8359860.0,11407.0,95715750.0,11350.0,95237230.0,0.0,0.0,15.0,126600.0,0.0,0.0,0.0,0.0,42.0,351920.0,-20.0,-166600.0,0.0,0.0
134790,시디즈,유가,가구 제조업,의자,19160.0,841.0,15956880.0,2.0199999809265137,56660.0,0.36000001430511475,-300.0,-5724180.0,289.0,5513710.0,26.0,496850.0,26.0,496850.0,0.0,0.0,0.0,0.0,0.0,0.0,0.0,0.0,0.0,0.0,-16.0,-305360.0,1.0,18980.0
462870,시프트업,유가,소프트웨어 개발 및 공급업,게임 소프트웨어,32850.0,45541.0,1480536475.0,3.140000104904175,97385900.0,4.690000057220459,-18850.0,-613987900.0,2373.0,77179225.0,16466.0,536451825.0,844.0,27643400.0,-108.0,-3522950.0,-289.0,-9299325.0,0.0,0.0,15353.0,499722300.0,666.0,21908400.0,11.0,356850.0,0.0,0.0
016590,신대양제지,유가,"골판지, 종이 상자 및 종이용기 제조업","골판지용 골심지,라이너지 제조,수출입",9700.0,12616.0,121860800.0,-1.6200000047683716,5711310.0,3.6600000858306885,-845.0,-8119520.0,-1743.0,-16865640.0,1318.0,12802380.0,1107.0,10789470.0,116.0,1099210.0,49.0,475300.0,0.0,0.0,0.0,0.0,46.0,438400.0,1270.0,12182780.0,0.0,0.0
029530,신도리코,유가,컴퓨터 및 주변장치 제조업,"복사기, 3D프린터, 프린터, 주변기기 제조,판매",40950.0,11168.0,453510550.0,0.0,10601800.0,2.1600000858306885,1979.0,80165200.0,-3806.0,-154367650.0,1777.0,72182450.0,239.0,9767300.0,0.0,0.0,0.0,4200.0,0.0,0.0,0.0,0.0,1538.0,62410950.0,50.0,2020000.0,0.0,0.0
004970,신라교역,유가,어로 어업,"원양어업(참치,명태,휠레트,연육,명란,새우),어획물 판매/직물 수출",9160.0,10249.0,93843230.0,-0.6499999761581421,101490.0,0.10999999940395355,404.0,3756800.0,-3480.0,-31894840.0,1076.0,9878040.0,1072.0,9841700.0,0.0,0.0,4.0,36640.0,0.0,0.0,0.0,0.0,0.0,-300.0,2000.0,18260000.0,0.0,0.0
011930,신성이엔지,유가,반도체 제조업,"태양전지, 태양광모듈 제조 및 판매, 태양광 발전설치공사, 클린룸, 자동화장비",16450.0,111518.0,1833846425.0,0.4300000071525574,61615190.0,3.359999895095825,-1830.0,-29968975.0,1616.0,26375265.0,252.0,4136340.0,195.0,3198690.0,0.0,0.0,28.0,460600.0,0.0,0.0,0.0,0.0,29.0,477050.0,-85.0,-1368630.0,47.0,826000.0
004170,신세계,유가,종합 소매업,"백화점,할인점(E마트)",404500.0,51071.0,20814022750.0,1.0,4938258500.0,20.6299991607666,-2944.0,-1210331250.0,13147.0,5361968500.0,-9544.0,-3883233750.0,-3689.0,-1498298000.0,-598.0,-243656750.0,-5172.0,-2107119000.0,0.0,0.0,-631.0,-256608500.0,616.0,250945000.0,-617.0,-251228500.0,-42.0,-17175000.0
035510,신세계I&C,유가,"컴퓨터 프로그래밍, 시스템 통합 및 관리업","IT시스템 개발, 운영 및 유지보수, IT 컨설팅, IT장비솔루션 총판, 아웃소싱, IDC, IT기기 및 휴대폰 유통, 전자상품권",13410.0,25511.0,340780480.0,2.8399999141693115,160600.0,0.05000000074505806,-1524.0,-20309180.0,1185.0,15765480.0,357.0,4784100.0,355.0,4755170.0,0.0,0.0,-10.0,-133340.0,0.0,0.0,0.0,0.0,12.0,162270.0,-25.0,-334250.0,7.0,93850.0
031430,신세계인터내셔날,유가,"섬유, 의복, 신발 및 가죽제품 소매업","섬유, 의복, 신발 및 가죽제품 소매",10270.0,122935.0,1262218285.0,0.0,27080990.0,1.6399999856948853,61828.0,634170035.0,11599.0,118813925.0,-75793.0,-777251550.0,854.0,8765800.0,-52.0,-532090.0,38.0,390320.0,0.0,0.0,-76674.0,-786294370.0,41.0,418770.0,2350.0,24103920.0,16.0,163670.0
006880,신송홀딩스,유가,산업용 농·축산물 및 동·식물 도매업,사업경영 및 관리자문,4525.0,16426.0,73470215.0,-0.10999999940395355,601095.0,0.8199999928474426,4765.0,21383955.0,-3502.0,-15751340.0,-1784.0,-7962125.0,-1784.0,-7962125.0,0.0,0.0,0.0,0.0,0.0,0.0,0.0,0.0,0.0,0.0,521.0,2329510.0,0.0,0.0
005800,신영와코루,유가,봉제의복 제조업,"여성용 내의류(화운데이션,란제리,블래지어),환자,노령자용 파자마,남성용 내의류 제조",13520.0,5071.0,67996800.0,0.2199999988079071,1646620.0,2.4200000762939453,365.0,4862600.0,-1887.0,-25319100.0,1522.0,20456500.0,1680.0,22571550.0,0.0,0.0,2.0,27040.0,0.0,0.0,0.0,0.0,-160.0,-2142090.0,0.0,0.0,0.0,0.0
001720,신영증권,유가,금융 지원 서비스업,증권업,162400.0,6703.0,1092922850.0,3.700000047683716,242833500.0,17.93000030517578,-2933.0,-478338500.0,1707.0,277655600.0,1242.0,203289600.0,-46.0,-6971200.0,-7.0,-1141800.0,133.0,21881600.0,0.0,0.0,1144.0,186573200.0,18.0,2947400.0,-16.0,-2606700.0,0.0,0.0
009270,신원,유가,봉제의복 제조업,"여성,남성의류,스웨터,의복관련 악세사리,사카린,망초 제조,판매,수출입/섬유의류 도매/신용카드업/의류전문 물류대행 및 임대사업",1107.0,1964763.0,2217356963.0,-5.949999809265137,11200405.0,0.5099999904632568,294435.0,329873054.0,6533.0,11641956.0,1869.0,2084967.0,1778.0,1984230.0,0.0,0.0,0.0,0.0,0.0,0.0,0.0,0.0,91.0,100737.0,-310445.0,-351998025.0,7608.0,8398048.0
002700,신일전자,유가,기계장비 및 관련 물품 도매업,"가정용 전기기구(선풍기,난로,세탁기),전자기구,연구기구 제조,수출입",1008.0,505162.0,507711831.0,0.699999988079071,65267614.0,12.859999656677246,-15643.0,-15888826.0,13760.0,13993235.0,1263.0,1271634.0,1263.0,1271634.0,0.0,0.0,0.0,0.0,0.0,0.0,0.0,0.0,0.0,0.0,420.0,422840.0,200.0,201117.0
002870,신풍,유가,기타 전문 도매업,"마닐라판지 제조,도소매",981.0,91541.0,88297764.0,2.7200000286102295,1954.0,0.0,-1372.0,-1446793.0,10750.0,10380972.0,-9378.0,-8934179.0,622.0,607980.0,-10000.0,-9542159.0,0.0,0.0,0.0,0.0,0.0,0.0,0.0,0.0,0.0,0.0,0.0,0.0
019170,신풍제약,유가,의약품 제조업,"의약품(항생제,혈전용해제,향정신성약품,구충제) 제조,판매",8400.0,55570.0,469603350.0,2.309999942779541,56246450.0,7.25,-4143.0,-34722280.0,3674.0,30780630.0,459.0,3857750.0,409.0,3445340.0,-12.0,-100910.0,14.0,117600.0,0.0,0.0,0.0,0.0,48.0,395720.0,0.0,0.0,10.0,83900.0
019175,신풍제약우,KOSPI,기타/미분류,기타/미분류,12700.0,1255.0,16217010.0,0.0,0.0,0.0,0.0,0.0,0.0,0.0,0.0,0.0,0.0,0.0,0.0,0.0,0.0,0.0,0.0,0.0,0.0,0.0,0.0,0.0,0.0,0.0,0.0,0.0
481850,신한글로벌액티브리츠,유가,신탁업 및 집합투자업,신탁 및 집합투자,997.0,64424.0,63670971.0,-0.20000000298023224,0.0,0.0,-5589.0,-5389676.0,-3262.0,-3284388.0,5850.0,5778064.0,5850.0,5778064.0,0.0,0.0,0.0,0.0,0.0,0.0,0.0,0.0,0.0,0.0,3000.0,2895000.0,1.0,1000.0
404990,신한서부티엔디리츠,유가,부동산 임대 및 공급업,부동산투자,4000.0,78191.0,317742345.0,-0.5,11885320.0,3.740000009536743,-4915.0,-20522055.0,195.0,407090.0,8763.0,36776895.0,-5694.0,-22119925.0,0.0,0.0,0.0,0.0,0.0,0.0,0.0,0.0,14457.0,58896820.0,-4543.0,-18649430.0,500.0,1987500.0
293940,신한알파리츠,유가,부동산 임대 및 공급업,비거주 부동산 임대 서비스업,5260.0,104266.0,544812970.0,1.149999976158142,43101070.0,7.909999847412109,20692.0,107701690.0,-54793.0,-285895025.0,19635.0,102387060.0,22363.0,116570595.0,-9.0,-47110.0,-61.0,-316900.0,0.0,0.0,-20000.0,-104578520.0,17342.0,90758995.0,14386.0,75386275.0,80.0,420000.0
055550,신한지주,유가,기타 금융업,금융지주회사,101100.0,1252468.0,128184260924.0,-3.7100000381469727,9662787650.0,7.110000133514404,121646.0,12404755500.0,93714.0,9519696350.0,-213831.0,-21767369950.0,-211840.0,-21596026500.0,-16214.0,-1663410050.0,625.0,61135550.0,0.0,0.0,-95177.0,-9727112900.0,-20725.0,-2119767900.0,-1585.0,-162928400.0,56.0,5846500.0
004080,신흥,유가,기계장비 및 관련 물품 도매업,"치과용기자재(방사선장치,전기진단장치),주사침 도소매,제조/부동산 임대",14070.0,1612.0,22652010.0,0.14000000059604645,98470.0,0.4300000071525574,-1308.0,-18390830.0,-148.0,-2074530.0,219.0,3081110.0,217.0,3052550.0,0.0,0.0,2.0,28140.0,0.0,0.0,0.0,0.0,0.0,420.0,1237.0,17384250.0,0.0,0.0
004770,써니전자,유가,전자부품 제조업,"수정진동자,수정발진기,초음파지연선,MCF,축수나사 제조,도매,수출입",1749.0,267573.0,466473226.0,1.7999999523162842,335794.0,0.07000000029802322,-53646.0,-94011247.0,14573.0,25648774.0,-7877.0,-13786263.0,-7877.0,-13786263.0,0.0,0.0,0.0,0.0,0.0,0.0,0.0,0.0,0.0,0.0,46950.0,82148736.0,0.0,0.0
403550,쏘카,유가,운송장비 임대업,"카셰어링, 모빌리티 플랫폼 등",10760.0,10726.0,112638890.0,3.559999942779541,17199260.0,11.170000076293945,740.0,7480390.0,-754.0,-7885360.0,-18.0,73170.0,-106.0,-869840.0,24.0,249120.0,36.0,387360.0,0.0,0.0,0.0,0.0,28.0,306530.0,32.0,331800.0,0.0,0.0
004920,씨아이테크,유가,영상 및 음향기기 제조업,"컴퓨터 소프트웨어,하드웨어 서버,도매",925.0,129814.0,118485359.0,-0.4300000071525574,774020.0,0.6499999761581421,-18841.0,-17197613.0,1861.0,1657241.0,-20.0,-18500.0,-20.0,-18500.0,0.0,0.0,0.0,0.0,0.0,0.0,0.0,0.0,0.0,0.0,17000.0,15558872.0,0.0,0.0
112610,씨에스윈드,유가,"구조용 금속제품, 탱크 및 증기발생기 제조업",풍력발전타워 제조,48400.0,508198.0,24336115500.0,5.329999923706055,3368679025.0,13.84000015258789,-135934.0,-6545389125.0,46486.0,2232601150.0,87116.0,4201200975.0,-26017.0,-1242925650.0,10882.0,524167175.0,30460.0,1463196075.0,0.0,0.0,68373.0,3293211300.0,3183.0,152237875.0,2462.0,117872300.0,-130.0,-6285300.0
480370,씨케이솔루션,유가,일반 목적용 기계 제조업,"드라이룸/클린룸 등 건물용 기계, 장비 설치 공사업",1366.0,117301.0,159804154.0,-5.139999866485596,223458.0,0.14000000059604645,-5273.0,-6967379.0,4930.0,6501219.0,283.0,384630.0,283.0,384630.0,0.0,0.0,0.0,0.0,0.0,0.0,0.0,0.0,0.0,0.0,0.0,0.0,60.0,81530.0
308170,씨티알모빌리티,유가,자동차 신품 부품 제조업,"이너레이스, 오디 클러치보스, 로터샤프트, 슬리브기어, 컨트롤 암, 엑슬",3600.0,1922.0,6819920.0,2.559999942779541,0.0,0.0,160.0,569915.0,-265.0,-945430.0,105.0,375515.0,105.0,375515.0,0.0,0.0,0.0,0.0,0.0,0.0,0.0,0.0,0.0,0.0,0.0,0.0,0.0,0.0
008700,아남전자,유가,영상 및 음향기기 제조업,"칼라TV,오디오,비디오 제조,도매",1246.0,264953.0,327595045.0,3.6600000858306885,5415462.0,1.649999976158142,-89961.0,-111076040.0,36576.0,45030592.0,51371.0,63584099.0,51371.0,63584099.0,0.0,0.0,0.0,0.0,0.0,0.0,0.0,0.0,0.0,0.0,15.0,18583.0,1999.0,2442766.0
090430,아모레퍼시픽,유가,기타 화학제품 제조업,"화장품,생활용품 제조, 판매",136600.0,188995.0,25728822250.0,2.630000114440918,1673496800.0,5.170000076293945,-30062.0,-4105331950.0,27437.0,3744148850.0,5466.0,747429500.0,-9757.0,-1329702050.0,-107.0,-14453050.0,4355.0,595038000.0,90.0,12289800.0,6243.0,850655900.0,4613.0,629643200.0,-2871.0,-390247800.0,30.0,4001400.0
090435,아모레퍼시픽우,KOSPI,기타/미분류,기타/미분류,44550.0,8715.0,386249725.0,2.180000066757202,4321350.0,1.1200000047683716,-1717.0,-76109475.0,1672.0,73984425.0,43.0,2035950.0,9.0,515250.0,-20.0,-885000.0,0.0,0.0,0.0,0.0,0.0,0.0,54.0,2405700.0,2.0,89100.0,0.0,0.0
002790,아모레퍼시픽홀딩스,유가,기타 화학제품 제조업,지주회사,25900.0,98772.0,2559957625.0,2.9800000190734863,562350550.0,18.760000228881836,-27707.0,-719307825.0,16696.0,432619125.0,11019.0,286897000.0,-10077.0,-260520400.0,-15.0,-363500.0,481.0,12460600.0,0.0,0.0,21020.0,545462850.0,-390.0,-10142550.0,-3.0,-77800.0,-5.0,-130500.0
00279K,아모레퍼시픽홀딩스3우C,KOSPI,기타/미분류,기타/미분류,21550.0,3400.0,73229675.0,0.4699999988079071,473650.0,0.6499999761581421,1137.0,24467700.0,-618.0,-13294600.0,-524.0,-11280350.0,-514.0,-11065100.0,-4.0,-86200.0,-6.0,-129050.0,0.0,0.0,0.0,0.0,0.0,0.0,5.0,107250.0,0.0,0.0
002795,아모레퍼시픽홀딩스우,KOSPI,기타/미분류,기타/미분류,10730.0,4552.0,48800570.0,0.1899999976158142,0.0,0.0,-502.0,-5373770.0,565.0,6061950.0,-84.0,-912970.0,-84.0,-912970.0,0.0,0.0,0.0,0.0,0.0,0.0,0.0,0.0,0.0,0.0,21.0,224790.0,0.0,0.0
002030,아세아,유가,회사 본부 및 경영 컨설팅 서비스업,"회사본부,지주회사 및 경영컨설팅 서비스업",179900.0,8409.0,1550128900.0,-1.850000023841858,18920500.0,1.1699999570846558,394.0,70161300.0,-252.0,-46992300.0,-148.0,-24237400.0,-127.0,-20442100.0,-1.0,-182900.0,-8.0,-1454100.0,0.0,0.0,0.0,25900.0,-12.0,-2184200.0,6.0,1068400.0,0.0,0.0
183190,아세아시멘트,유가,"시멘트, 석회, 플라스터 및 그 제품 제조업","시멘트, 레미콘, 몰탈",9780.0,76222.0,753002130.0,2.4100000858306885,140030130.0,14.680000305175781,-5683.0,-56628070.0,-31916.0,-314266080.0,37399.0,368927150.0,336.0,3418970.0,0.0,0.0,23574.0,232501620.0,0.0,0.0,0.0,0.0,13489.0,133006560.0,200.0,1967000.0,0.0,0.0
002310,아세아제지,유가,"골판지, 종이 상자 및 종이용기 제조업","골판지원지,석고보드원지,크라프트원지,라이나원지,라이너지 제조,판매",7700.0,70536.0,541587570.0,-1.659999966621399,16786600.0,3.0999999046325684,5082.0,38906510.0,-10073.0,-77757700.0,1041.0,8002410.0,1053.0,8093770.0,0.0,0.0,-59.0,-447800.0,0.0,0.0,0.0,0.0,47.0,356440.0,3945.0,30810160.0,5.0,38620.0
012170,아센디오,유가,"영화, 비디오물, 방송프로그램 제작 및 배급업",석탄(점결탄) 판매,748.0,0.0,0.0,0.0,0.0,0.0,0.0,0.0,0.0,0.0,0.0,0.0,0.0,0.0,0.0,0.0,0.0,0.0,0.0,0.0,0.0,0.0,0.0,0.0,0.0,0.0,0.0,0.0
267850,아시아나IDT,유가,"컴퓨터 프로그래밍, 시스템 통합 및 관리업","IT 서비스, IT 솔루션",9420.0,9133.0,85023970.0,1.2899999618530273,705920.0,0.8299999833106995,2576.0,23965720.0,-3539.0,-32941180.0,963.0,8975460.0,960.0,8947330.0,0.0,0.0,3.0,28260.0,0.0,0.0,0.0,0.0,0.0,-130.0,0.0,0.0,0.0,0.0
020560,아시아나항공,유가,항공 여객 운송업,"항공운송(여객운송,화물운송)/항공기 제조,정비수리",6910.0,37009.0,254162865.0,0.5799999833106995,5963940.0,1.690000057220459,10224.0,70016810.0,-7127.0,-48991270.0,-3669.0,-24943255.0,4485.0,30928490.0,-14.0,-95820.0,57.0,393870.0,0.0,0.0,-8384.0,-57457915.0,187.0,1288120.0,534.0,3656795.0,38.0,260920.0
122900,아이마켓코리아,유가,상품 종합 도매업,B2B 전자상거래,8010.0,52075.0,414746460.0,0.75,160100.0,0.03999999910593033,15245.0,121312190.0,-18503.0,-147157290.0,610.0,4905030.0,567.0,4560380.0,0.0,0.0,9.0,72090.0,0.0,0.0,0.0,0.0,34.0,272560.0,1839.0,14549010.0,809.0,6391060.0
010780,아이에스동서,유가,"시멘트, 석회, 플라스터 및 그 제품 제조업","타일,위생도기,콘크리트파일,P.C관,침목 제조,도매",16050.0,299080.0,4653637595.0,10.390000343322754,304929860.0,4.5,-32422.0,-535849325.0,49137.0,795764305.0,-14741.0,-228854970.0,2076.0,32044330.0,-93.0,-1483760.0,-4828.0,-71345420.0,0.0,0.0,-42873.0,-680165690.0,30977.0,492095570.0,-1788.0,-28175760.0,-186.0,-2884250.0
031820,아이티센씨티에스,유가,"컴퓨터 프로그래밍, 시스템 통합 및 관리업","시스템(네트웍) 구축/데이터통신장비(모뎀,먹스),종합네트워크시스템 제조,설치,유지보수",6150.0,79378.0,484546410.0,6.590000152587891,1536230.0,0.3199999928474426,7052.0,42800360.0,-6883.0,-41988840.0,-1010.0,-5959420.0,-1010.0,-5958700.0,0.0,0.0,0.0,0.0,0.0,0.0,0.0,0.0,0.0,-720.0,843.0,5160300.0,-2.0,-12400.0
139990,아주스틸,유가,1차 철강 제조업,"프리미엄 가전용 고품질 컬러강판, 건자재 등",2235.0,16177.0,36308416.0,-0.6700000166893005,13465.0,0.03999999910593033,210.0,458869.0,-157.0,-326544.0,-53.0,-132325.0,-63.0,-154550.0,0.0,0.0,10.0,22350.0,0.0,0.0,0.0,0.0,0.0,-125.0,0.0,0.0,0.0,0.0
009320,아진전자부품,유가,자동차 신품 부품 제조업,자동차 전장부품,1003.0,48838.0,48593108.0,1.5199999809265137,13987.0,0.029999999329447746,-4310.0,-4264944.0,3477.0,3445886.0,846.0,831898.0,846.0,831898.0,0.0,0.0,0.0,0.0,0.0,0.0,0.0,0.0,0.0,0.0,15.0,14880.0,-28.0,-27720.0
001780,알루코,유가,1차 비철금속 제조업,"알루미늄제품,샷시 제조",1721.0,270701.0,468706398.0,0.11999999731779099,9485394.0,2.0199999809265137,77457.0,133440617.0,-792.0,-1337462.0,-76982.0,-132652361.0,2188.0,3778406.0,0.0,0.0,26.0,44746.0,0.0,0.0,-77840.0,-134140010.0,-1356.0,-2335503.0,27.0,47223.0,290.0,501983.0
018250,애경산업,유가,기타 화학제품 제조업,"Age 20's,루나, 트리오, 2080치약, 순샘, 제트 등",11280.0,17795.0,200949010.0,0.36000001430511475,13499250.0,6.71999979019165,1311.0,14624010.0,-1964.0,-21986010.0,652.0,7350730.0,603.0,6800410.0,0.0,0.0,21.0,237330.0,0.0,0.0,0.0,0.0,28.0,312990.0,1.0,11270.0,0.0,0.0
161000,애경케미칼,유가,기초 화학물질 제조업,무수프탈산 등,9400.0,111705.0,1051624165.0,2.4000000953674316,240977240.0,13.649999618530273,17339.0,163183765.0,-16915.0,-159204965.0,1227.0,11521350.0,1119.0,10508710.0,0.0,0.0,57.0,535800.0,0.0,0.0,0.0,0.0,51.0,476840.0,-1562.0,-14666250.0,-89.0,-833900.0
011090,에넥스,유가,가구 제조업,"씽크상판,주방기기,목재케비넷,유해가스저감장치시설 제조,판매",2165.0,1460798.0,3032188833.0,17.65999984741211,5724766.0,0.1899999976158142,-198737.0,-408954666.0,162236.0,331459204.0,138.0,384455.0,138.0,384455.0,0.0,0.0,0.0,0.0,0.0,0.0,0.0,0.0,0.0,0.0,42608.0,89684090.0,-6245.0,-12573083.0
137310,에스디바이오센서,유가,의료용 기기 제조업,STANDARD Q 항원/항체 진단키트(COVID-19 진단키트),5940.0,191938.0,1150196670.0,-0.5,102822595.0,6.860000133514404,83925.0,502646835.0,-42033.0,-252544565.0,-41705.0,-248929160.0,-13984.0,-83632440.0,-27.0,-163160.0,-591.0,-3524910.0,0.0,0.0,-26554.0,-158309740.0,-549.0,-3298910.0,144.0,847090.0,-331.0,-2020200.0
005850,에스엘,유가,자동차 신품 부품 제조업,"자동차부품(자동차램프, 전동화부품, 전자부품) 제조, 판매",53700.0,91588.0,4957422350.0,-2.009999990463257,1312219450.0,20.0,42094.0,2274016850.0,-24699.0,-1339944650.0,-17754.0,-953530800.0,-9669.0,-521347350.0,-7998.0,-429609900.0,-519.0,-27638350.0,0.0,0.0,738.0,41528450.0,-305.0,-16410150.0,270.0,14605900.0,89.0,4852700.0
010580,에스엠벡셀,유가,자동차 신품 부품 제조업,"자동차부품(워터펌프,오일펌프,엔진헤드(GV6),프론트케이스) 제조",1533.0,51691.0,78489726.0,0.0,5955584.0,7.590000152587891,-5015.0,-7508037.0,2492.0,3646162.0,2523.0,3861875.0,2493.0,3816839.0,0.0,0.0,30.0,45990.0,0.0,0.0,0.0,0.0,0.0,-954.0,0.0,0.0,0.0,0.0
012750,에스원,유가,"경비, 경호 및 탐정업","부가통신 서비스(경비),안전관리용역,CCTV카메라",75100.0,51702.0,3892855550.0,-2.4700000286102295,725895400.0,16.780000686645508,4613.0,346081950.0,4664.0,348369650.0,-9385.0,-702488000.0,-8248.0,-617857300.0,-76.0,-5752500.0,-529.0,-39650900.0,0.0,0.0,-36.0,-2018800.0,-496.0,-37208500.0,108.0,8036400.0,0.0,0.0
023960,에쓰씨엔지니어링,유가,토목 건설업,"기술용역(건축설계) 서비스/화학플랜트 설비,기계 제작(음식료,석유화학사업관련)/유공압기기 판매",1009.0,97214.0,97497983.0,0.800000011920929,133399.0,0.14000000059604645,572.0,483520.0,-2283.0,-2201859.0,1511.0,1519339.0,1511.0,1519339.0,0.0,0.0,0.0,0.0,0.0,0.0,0.0,0.0,0.0,0.0,200.0,199000.0,0.0,0.0
298690,에어부산,유가,항공 여객 운송업,항공 여객 및 화물 운송,1462.0,56630.0,82504489.0,1.3200000524520874,1664466.0,2.0199999809265137,-2186.0,-3172435.0,1556.0,2087317.0,630.0,1085118.0,491.0,882054.0,0.0,0.0,32.0,46784.0,0.0,0.0,0.0,0.0,107.0,156280.0,0.0,0.0,0.0,0.0
078520,에이블씨엔씨,유가,기타 화학제품 제조업,"화장품 제조,도소매/소프트웨어 자문,개발,공급/전자상거래",11460.0,88260.0,999038660.0,0.699999988079071,75755710.0,4.699999809265137,32756.0,369544980.0,-36162.0,-408216540.0,1763.0,19980080.0,611.0,6958620.0,0.0,0.0,7.0,80220.0,0.0,0.0,1110.0,12541100.0,26.0,297450.0,1583.0,18009880.0,60.0,681600.0
015260,에이엔피,유가,전자부품 제조업,"전자부품(인쇄회로기판),무정전 전원공급장치 제조",274.0,3734442.0,1064126697.0,-12.180000305175781,376330.0,0.03999999910593033,352603.0,101042343.0,-409826.0,-117156420.0,-3712.0,-1105752.0,-3710.0,-1105080.0,0.0,0.0,-2.0,-672.0,0.0,0.0,0.0,0.0,0.0,0.0,0.0,0.0,60935.0,17219829.0
007460,에이프로젠,유가,의약품 제조업,"단열장치,철구조물,가열로,특수단열재(금속표면경화육성,원자로용) 제조/단열공사/부동산 임대",2345.0,92003.0,220553476.0,-1.4700000286102295,2230070.0,1.0099999904632568,9263.0,21320141.0,-9736.0,-22470291.0,473.0,1094370.0,444.0,1027695.0,0.0,0.0,5.0,11725.0,0.0,0.0,0.0,0.0,24.0,54950.0,0.0,0.0,0.0,55780.0
003060,에이프로젠바이오로직스,유가,의약품 제조업,"의약품(항생제,영양수액제,드링크제,철결핍성빈혈예방치료제,경옥동충하초) 제조,판매",1979.0,56205.0,110192856.0,3.8299999237060547,6018594.0,5.460000038146973,-9104.0,-17979283.0,7512.0,14794118.0,1592.0,3185165.0,1592.0,3185165.0,0.0,0.0,0.0,0.0,0.0,0.0,0.0,0.0,0.0,0.0,0.0,0.0,0.0,0.0
244920,에이플러스에셋,유가,보험 및 연금관련 서비스업,보험대리 및 중개업,12870.0,25776.0,334584980.0,-3.009999990463257,31360840.0,9.369999885559082,-8000.0,-104434000.0,-6213.0,-80428430.0,14216.0,184901150.0,10403.0,135408610.0,0.0,0.0,1902.0,24678950.0,0.0,0.0,0.0,0.0,1911.0,24813590.0,-3.0,-38720.0,0.0,0.0
278470,에이피알,유가,기타 화학제품 제조업,"화장품, 피부미용기기 등",386000.0,361763.0,135920409750.0,0.6499999761581421,9550288250.0,5.489999771118164,37021.0,13516680000.0,3351.0,1735509250.0,-41595.0,-15709829750.0,-7224.0,-2757221500.0,-2606.0,-975233500.0,-13217.0,-5018948500.0,0.0,0.0,-29034.0,-10900322000.0,10591.0,3980673250.0,1272.0,476663250.0,-49.0,-19022750.0
450080,에코프로머티,유가,일차전지 및 이차전지 제조업,배터리 양극재용 핵심소재 하이니켈 전구체,37000.0,280582.0,10537107325.0,0.27000001072883606,645202525.0,6.119999885559082,33504.0,1239483025.0,-1301.0,-33958275.0,-31515.0,-1179482400.0,-19375.0,-726503025.0,-62.0,-2384275.0,-1457.0,-53955225.0,0.0,0.0,-9939.0,-371242975.0,-681.0,-25359950.0,-673.0,-25431300.0,-15.0,-611050.0
019490,엑시큐어하이트론,유가,영상 및 음향기기 제조업,"영상음향기기(보안시스템,CCTV용 모니터,CRT,화상회의시스템),정보통신기기 제조",541.0,0.0,0.0,0.0,0.0,0.0,0.0,0.0,0.0,0.0,0.0,0.0,0.0,0.0,0.0,0.0,0.0,0.0,0.0,0.0,0.0,0.0,0.0,0.0,0.0,0.0,0.0,0.0
085310,엔케이,유가,"구조용 금속제품, 탱크 및 증기발생기 제조업","고압가스용기,선박용,육상용 소화설비장치,천연가스이동식충전소 제조,도매",9570.0,7710.0,73437180.0,-0.8299999833106995,3845820.0,5.239999771118164,-1305.0,-12298630.0,-819.0,-7884960.0,2124.0,20183590.0,2124.0,20183590.0,0.0,0.0,0.0,0.0,0.0,0.0,0.0,0.0,0.0,0.0,0.0,0.0,0.0,0.0
900140,엘브이엠씨,유가,자동차 판매업,지주회사,1209.0,431595.0,521752672.0,1.7699999809265137,2341701.0,0.44999998807907104,-64906.0,-78831550.0,60152.0,73064535.0,4584.0,5562405.0,4584.0,5562405.0,0.0,0.0,0.0,0.0,0.0,0.0,0.0,0.0,0.0,0.0,170.0,204610.0,0.0,0.0
066970,엘앤에프,유가,일차전지 및 이차전지 제조업,이차전지 양극활물질,108000.0,352010.0,38856123350.0,2.859999895095825,2808614550.0,5.050000190734863,27655.0,2999258450.0,-51870.0,-5677467200.0,20944.0,2316758500.0,-22560.0,-2468481600.0,-64.0,-7117900.0,27442.0,3012602550.0,0.0,0.0,11357.0,1250509800.0,4769.0,529237250.0,3112.0,343638350.0,159.0,17811900.0
097520,엠씨넥스,유가,영상 및 음향기기 제조업,"모바일 카메라모듈,전장 카메라모듈,블랙박스,IP 카메라",19980.0,43976.0,876905780.0,0.5,69911910.0,7.070000171661377,-5697.0,-113785390.0,-10769.0,-215333670.0,175.0,3641450.0,145.0,3042160.0,0.0,0.0,20.0,399530.0,0.0,0.0,0.0,0.0,10.0,199760.0,16316.0,325973860.0,-25.0,-496250.0
484870,엠앤씨솔루션,유가,특수 목적용 기계 제조업,방위산업용 유압식/전기식 부품 및 시스템,16500.0,103170.0,1730127755.0,-2.7699999809265137,2963870.0,0.11999999731779099,22160.0,370005000.0,-36277.0,-606514860.0,13746.0,230315370.0,1820.0,30517060.0,-2.0,-33240.0,12043.0,201759950.0,0.0,0.0,0.0,0.0,-115.0,-1928400.0,371.0,6194490.0,0.0,0.0
014440,영보화학,유가,플라스틱제품 제조업,"가교발포폴리에틸렌(아티론,영보드) 제조,판매",4665.0,10685.0,49579325.0,0.3199999928474426,2712205.0,5.46999979019165,2548.0,11827225.0,-2899.0,-13463135.0,353.0,1645180.0,353.0,1645180.0,0.0,0.0,0.0,0.0,0.0,0.0,0.0,0.0,0.0,0.0,0.0,0.0,-2.0,-9270.0
111770,영원무역,유가,상품 종합 도매업,스포츠의류,74300.0,137303.0,10317588600.0,-3.630000114440918,1217497500.0,10.84000015258789,36745.0,2753955150.0,-15344.0,-1161856250.0,-22850.0,-1700565450.0,-10444.0,-788570800.0,-6725.0,-498247750.0,-5095.0,-380717750.0,0.0,0.0,3033.0,238958250.0,-4470.0,-335945800.0,1449.0,108466550.0,0.0,0.0
009970,영원무역홀딩스,유가,기타 금융업,"스포츠의류(등산복,운동복,스키복) 도소매,수출,섬유봉제",165300.0,16800.0,2823724400.0,-5.269999980926514,733265100.0,23.440000534057617,6186.0,1035227550.0,15.0,2081100.0,-6203.0,-1037649750.0,-2699.0,-456978050.0,-62.0,-10316300.0,526.0,87861900.0,0.0,0.0,-3811.0,-631509700.0,-157.0,-26707600.0,2.0,341100.0,0.0,0.0
003520,영진약품,유가,의약품 제조업,"의약품(드링크제,항생제,영양수액제),의약부외품 제조,판매",1219.0,221423.0,271797247.0,0.6600000262260437,25449495.0,9.359999656677246,16858.0,20387965.0,-29990.0,-36512806.0,13125.0,16116308.0,12906.0,15849347.0,0.0,0.0,50.0,60950.0,0.0,0.0,0.0,0.0,169.0,206011.0,0.0,0.0,7.0,8533.0
000670,영풍,유가,1차 비철금속 제조업,"제1차 금속산업(아연괴,황산,카드뮴괴),건전지 제조,무역",38100.0,44235.0,1717173225.0,1.8700000047683716,359030950.0,16.959999084472656,4713.0,184224125.0,473.0,15231825.0,-5195.0,-199809650.0,-5037.0,-193799400.0,-5.0,-193700.0,-77.0,-2947850.0,0.0,0.0,-7.0,-215450.0,-69.0,-2653250.0,9.0,353700.0,0.0,0.0
012280,영화금속,유가,자동차 신품 부품 제조업,"자동차부품,건축자재(관이음쇠) 제조,판매",803.0,0.0,0.0,0.0,0.0,0.0,0.0,0.0,0.0,0.0,0.0,0.0,0.0,0.0,0.0,0.0,0.0,0.0,0.0,0.0,0.0,0.0,0.0,0.0,0.0,0.0,0.0,0.0
012160,영흥,유가,1차 철강 제조업,와이어로프 등,2585.0,49250.0,122449500.0,5.940000057220459,745185.0,0.6100000143051147,4891.0,12951360.0,-5068.0,-13393525.0,177.0,442165.0,177.0,442165.0,0.0,0.0,0.0,0.0,0.0,0.0,0.0,0.0,0.0,0.0,0.0,0.0,0.0,0.0
007310,오뚜기,유가,기타 식품 제조업,"라면,마요네즈,카레,스프,당면,소오스,토마토케첩,마가린,냉동생지(바게트,크로와상),참치캔,식초,3분짜장 제조",323500.0,6120.0,1998662250.0,1.090000033378601,901186500.0,36.61000061035156,382.0,122781250.0,9.0,878250.0,-395.0,-124979500.0,-336.0,-105920500.0,-1.0,-338500.0,-18.0,-5844500.0,0.0,0.0,-17.0,-5384000.0,-23.0,-7480000.0,-6.0,-1963000.0,10.0,3283000.0
002630,오리엔트바이오,유가,의약품 제조업,의약품 제조,943.0,158015.0,148824850.0,-0.7400000095367432,530935.0,0.36000001430511475,-10961.0,-10036327.0,10399.0,9507545.0,-22.0,-20746.0,-22.0,-20746.0,0.0,0.0,0.0,0.0,0.0,0.0,0.0,0.0,0.0,0.0,0.0,0.0,584.0,549528.0
271560,오리온,유가,기타 식품 제조업,스낵 등 과자류,124600.0,112450.0,14052330600.0,0.4000000059604645,1963255300.0,12.920000076293945,-4333.0,-549455900.0,14679.0,1832994400.0,-10366.0,-1286105500.0,-7719.0,-960472000.0,-116.0,-14453300.0,20.0,2756200.0,0.0,0.0,-1423.0,-172975850.0,-1128.0,-140960350.0,-41.0,-5087900.0,61.0,7654900.0
001800,오리온홀딩스,유가,기타 금융업,자회사 관리 지주사업 등,25500.0,97648.0,2516208575.0,0.38999998569488525,199852500.0,6.25,30503.0,784527450.0,-23226.0,-598928650.0,-8191.0,-208948900.0,-6546.0,-167087000.0,-99.0,-2562475.0,-1191.0,-30490775.0,0.0,0.0,-30.0,-486600.0,-325.0,-8322050.0,845.0,21583700.0,69.0,1766400.0
005320,온타이드,유가,생활용품 도매업,"셔츠,스웨터,파자마(섬유제품) 제조,판매,수출/부동산 임대",826.0,105092.0,86652369.0,-4.179999828338623,1325092.0,1.5299999713897705,13961.0,11638037.0,-12546.0,-10478924.0,0.0,0.0,0.0,0.0,0.0,0.0,0.0,0.0,0.0,0.0,0.0,0.0,0.0,0.0,-1018.0,-833840.0,-397.0,-325273.0
011690,와이투솔루션,유가,반도체 제조업,"혼성직접회로,통신기기 제조/화공약품,케이블 도매",3340.0,134495.0,454195191.0,-0.7400000095367432,6097970.0,1.340000033378601,-13161.0,-43415309.0,12712.0,41947784.0,449.0,1467525.0,439.0,1437605.0,0.0,0.0,10.0,33400.0,0.0,0.0,0.0,0.0,0.0,-3480.0,0.0,0.0,0.0,0.0
316140,우리금융지주,유가,기타 금융업,금융지주,31550.0,2411983.0,77381162950.0,-5.820000171661377,5115632800.0,5.25,861240.0,27675424750.0,-663510.0,-21419853375.0,-234394.0,-7424989350.0,-97676.0,-3061671500.0,-37396.0,-1198607775.0,-89158.0,-2848363475.0,-55000.0,-1773152900.0,10654.0,339159325.0,34184.0,1117707675.0,35628.0,1136397525.0,1036.0,33020450.0
006980,우성,유가,"곡물가공품, 전분 및 전분제품 제조업","배합사료,Suit-feed(맞춤 TMR(육성우,건유우,착유우) 사료),농후사료,곡류(강피류 등 부산물) 제조,판매/부동산 임대,무역",15840.0,516.0,8048090.0,1.7300000190734863,0.0,0.0,144.0,2235350.0,-209.0,-3253670.0,55.0,862620.0,55.0,862620.0,0.0,0.0,0.0,0.0,0.0,0.0,0.0,0.0,0.0,0.0,0.0,0.0,10.0,155700.0
011300,우성머티리얼스,유가,직물직조 및 직물제품 제조업,"제직,염색,폴리에스터직물,자수직물봉제 제조,판매/임대료,관리비 수입",3400.0,50132.0,165277660.0,3.9800000190734863,890465.0,0.5400000214576721,6184.0,20290285.0,-6754.0,-22151335.0,570.0,1861050.0,570.0,1861050.0,0.0,0.0,0.0,0.0,0.0,0.0,0.0,0.0,0.0,0.0,0.0,0.0,0.0,0.0
017370,우신시스템,유가,특수 목적용 기계 제조업,"자동차차체자동설비, 2차전지설비, 자동차부품",3675.0,21545.0,78906487.0,0.0,305680.0,0.38999998569488525,11187.0,40954367.0,-4624.0,-17033345.0,-6568.0,-23939172.0,432.0,1580795.0,0.0,0.0,0.0,0.0,0.0,0.0,0.0,0.0,-7000.0,-25519967.0,0.0,0.0,5.0,18150.0
105840,우진,유가,"측정, 시험, 항해, 제어 및 기타 정밀기기 제조업; 광학기기 제외",원전용계측기,12980.0,108319.0,1404648855.0,1.9600000381469727,32958170.0,2.3499999046325684,7904.0,101720150.0,-18371.0,-238251855.0,177.0,2289335.0,281.0,3638125.0,-3.0,-38790.0,-86.0,-1114350.0,0.0,0.0,-14.0,-181650.0,0.0,-1040.0,9890.0,129061370.0,400.0,5181000.0
010400,우진아이엔에스,유가,건물설비 설치 공사업,반도체/디스플레이 코팅덕트,4175.0,7852.0,32617140.0,-0.23999999463558197,182885.0,0.5600000023841858,42.0,136190.0,8.0,71805.0,-50.0,-207995.0,-50.0,-207995.0,0.0,0.0,0.0,0.0,0.0,0.0,0.0,0.0,0.0,0.0,0.0,0.0,0.0,0.0
049800,우진플라임,유가,특수 목적용 기계 제조업,"플라스틱사출성형기 제조,판매",1779.0,14271.0,25573739.0,-2.1500000953674316,7216.0,0.029999999329447746,3371.0,6011681.0,-3859.0,-6923896.0,406.0,766251.0,406.0,766251.0,0.0,0.0,0.0,0.0,0.0,0.0,0.0,0.0,0.0,0.0,80.0,142390.0,2.0,3574.0
016880,웅진,유가,기타 금융업,"교육서비스(웅진아이큐,중.고교학습,어린이마을),도서,잡지 출판/부동산 임대/인터넷관련사업",2150.0,85015.0,181264270.0,-0.23000000417232513,11862905.0,6.539999961853027,2194.0,4865030.0,-15510.0,-33396860.0,11916.0,25554375.0,2124.0,4552915.0,0.0,0.0,22.0,47300.0,0.0,0.0,9770.0,20954680.0,0.0,-520.0,1361.0,2892920.0,39.0,84535.0
095720,웅진씽크빅,유가,초등 교육기관,"기타출판 제조/서적,교구,통신판매 도소매/부동산 임대/교구렌탈,컴퓨터운용관련서비스",1254.0,26706.0,33181496.0,-0.7900000214576721,118260.0,0.36000001430511475,19619.0,24332712.0,-20488.0,-25418196.0,869.0,1085484.0,785.0,980148.0,0.0,0.0,16.0,20064.0,0.0,0.0,0.0,0.0,68.0,85272.0,0.0,0.0,0.0,0.0
005820,원림,유가,직물직조 및 직물제품 제조업,"고무,플라스틱제품,산업용포장재,PP.BAG,타포린 제조,도매/부동산 임대/주택 신축,판매/인터넷 정보통신/벤처회사 투자",15180.0,1854.0,28094680.0,-0.7200000286102295,196550.0,0.699999988079071,429.0,6526210.0,-175.0,-2666700.0,45.0,689100.0,45.0,689100.0,0.0,0.0,0.0,0.0,0.0,0.0,0.0,0.0,0.0,0.0,-299.0,-4548610.0,0.0,0.0
008600,윌비스,유가,생활용품 도매업,"스웨터,니트,셔츠 도매,제조/컴퓨터주변기기 무역,오파,임대",2620.0,0.0,0.0,0.0,0.0,0.0,0.0,0.0,0.0,0.0,0.0,0.0,0.0,0.0,0.0,0.0,0.0,0.0,0.0,0.0,0.0,0.0,0.0,0.0,0.0,0.0,0.0,0.0
033270,유나이티드,유가,의약품 제조업,"홈타민 진생연질60C(비타민제),항암제,항생제,순환기계,해열진통제,소화기계약품 제조",18160.0,17610.0,318739160.0,0.8299999833106995,30770120.0,7.840000152587891,-322.0,-5802010.0,220.0,3941560.0,69.0,1258530.0,45.0,824360.0,0.0,0.0,9.0,163440.0,0.0,0.0,0.0,0.0,15.0,270730.0,33.0,601920.0,0.0,0.0
014830,유니드,유가,기초 화학물질 제조업,"탄산칼륨,가성칼륨,가성카리,탄산카리(무기화합물),MDF(가공목재) 제조,도매",62000.0,14636.0,909971350.0,-0.3199999928474426,31043800.0,2.680000066757202,3859.0,238810200.0,3503.0,218118100.0,-7362.0,-456928300.0,196.0,12155800.0,-60.0,-3727950.0,5.0,310300.0,0.0,0.0,-7510.0,-466096450.0,7.0,430000.0,0.0,0.0,0.0,0.0
446070,유니드비티플러스,유가,제재 및 목재 가공업,MDF 등,3665.0,23066.0,84635537.0,0.0,8796365.0,10.390000343322754,-9158.0,-33683628.0,-6435.0,-23567407.0,15590.0,57240010.0,15590.0,57240010.0,0.0,0.0,0.0,0.0,0.0,0.0,0.0,0.0,0.0,0.0,0.0,0.0,3.0,11025.0
000910,유니온,유가,"시멘트, 석회, 플라스터 및 그 제품 제조업","백시멘트,타일시멘트,알루미나시멘트,용융알루미나,급결제,필터프레스,유니필터제조,도매",2895.0,19859.0,57641425.0,0.17000000178813934,2925.0,0.009999999776482582,-182.0,-487275.0,147.0,385015.0,171.0,496110.0,171.0,496110.0,0.0,0.0,0.0,0.0,0.0,0.0,0.0,0.0,0.0,0.0,0.0,0.0,-136.0,-393850.0
047400,유니온머티리얼,유가,"내화, 비내화 요업제품 제조업","페라이트,세라믹 제조,도매",962.0,243932.0,223087343.0,7.489999771118164,293944.0,0.12999999523162842,-78298.0,-73014227.0,-34064.0,-29308739.0,1073.0,1009047.0,1073.0,1009047.0,0.0,0.0,0.0,0.0,0.0,0.0,0.0,0.0,0.0,0.0,114659.0,104493166.0,-3370.0,-3179247.0
011330,유니켐,유가,자동차 신품 부품 제조업,"피혁 제조,도매,무역,부동산임대",5070.0,130137.0,664660390.0,-2.5,24060640.0,3.619999885559082,17981.0,91813930.0,-17015.0,-86808330.0,674.0,3362490.0,674.0,3362490.0,0.0,0.0,0.0,0.0,0.0,0.0,0.0,0.0,0.0,0.0,-899.0,-4584570.0,-741.0,-3783520.0
077500,유니퀘스트,유가,기계장비 및 관련 물품 도매업,"반도체직접회로 도매,무역,제조",7800.0,421474.0,3253995660.0,7.289999961853027,75851570.0,2.3299999237060547,39962.0,296515280.0,-48786.0,-364674180.0,15735.0,121836930.0,213.0,1668110.0,0.0,0.0,5.0,39000.0,0.0,0.0,15517.0,120127860.0,0.0,1960.0,-5300.0,-41235320.0,-1611.0,-12442710.0
002920,유성기업,유가,자동차 신품 부품 제조업,"철도차량부품(피스턴링,실린더라이너,발브가이드,타펫트),자동차부품,주강,주물 제조,판매",1810.0,18332.0,32646830.0,1.399999976158142,8919.0,0.029999999329447746,8087.0,14379965.0,-2029.0,-3633502.0,-6058.0,-10746463.0,-6058.0,-10746463.0,0.0,0.0,0.0,0.0,0.0,0.0,0.0,0.0,0.0,0.0,0.0,0.0,0.0,0.0
000700,유수홀딩스,유가,회사 본부 및 경영 컨설팅 서비스업,지주사업,6260.0,46186.0,288079490.0,-0.47999998927116394,5296080.0,1.840000033378601,-4502.0,-27281435.0,4801.0,29277805.0,-299.0,-1996370.0,-306.0,-2039170.0,0.0,0.0,7.0,43820.0,0.0,0.0,0.0,0.0,0.0,-1020.0,0.0,0.0,0.0,0.0
003470,유안타증권,유가,금융 지원 서비스업,"유가증권 매매,중개,대리,인수",4575.0,292147.0,1333743887.0,3.0399999618530273,122526175.0,9.1899995803833,-67440.0,-307122689.0,64329.0,292787155.0,2041.0,9445249.0,6923.0,31663350.0,-173.0,-792875.0,263.0,1203225.0,0.0,0.0,-4742.0,-21582756.0,-230.0,-1045695.0,-3.0,-13785.0,1073.0,4904070.0
003475,유안타증권우,KOSPI,기타/미분류,기타/미분류,4205.0,20306.0,85399710.0,1.0800000429153442,0.0,0.0,-1202.0,-4975385.0,2104.0,8882565.0,-2922.0,-12387230.0,-2922.0,-12387230.0,0.0,0.0,0.0,0.0,0.0,0.0,0.0,0.0,0.0,0.0,2020.0,8480050.0,0.0,0.0
072130,유엔젤,유가,"자료처리, 호스팅, 포털 및 기타 인터넷 정보매개 서비스업","소프트웨어(무선인터넷 솔루션,ASP통신사업자용 지능망솔루션 및 단문메세지센터) 개발,공급",4740.0,44269.0,209151825.0,-1.0399999618530273,2604325.0,1.25,-5193.0,-24779030.0,-10289.0,-48351310.0,234.0,1113170.0,234.0,1113170.0,0.0,0.0,0.0,0.0,0.0,0.0,0.0,0.0,0.0,0.0,15249.0,72021905.0,-1.0,-4735.0
000220,유유제약,유가,의약품 제조업,"의약품 제조,판매",3755.0,41419.0,155350385.0,1.0800000429153442,1815745.0,1.1699999570846558,5777.0,21593740.0,-2700.0,-10056060.0,300.0,1125855.0,300.0,1125855.0,0.0,0.0,0.0,0.0,0.0,0.0,0.0,0.0,0.0,0.0,-3323.0,-12459880.0,-54.0,-203655.0
000225,유유제약1우,KOSPI,기타/미분류,기타/미분류,3745.0,2189.0,8167065.0,0.6700000166893005,0.0,0.0,-947.0,-3541800.0,-251.0,-927475.0,0.0,0.0,0.0,0.0,0.0,0.0,0.0,0.0,0.0,0.0,0.0,0.0,0.0,0.0,1198.0,4469275.0,0.0,0.0
000227,유유제약2우B,KOSPI,기타/미분류,기타/미분류,7480.0,6690.0,49910830.0,-4.46999979019165,0.0,0.0,-908.0,-6967840.0,-99.0,-748150.0,0.0,0.0,0.0,0.0,0.0,0.0,0.0,0.0,0.0,0.0,0.0,0.0,0.0,0.0,997.0,7640690.0,10.0,75300.0
001200,유진증권,유가,금융 지원 서비스업,"유가증권 매매,중개,인수",4370.0,352596.0,1533969907.0,3.549999952316284,75467350.0,4.920000076293945,-46574.0,-200431682.0,48183.0,207881281.0,4073.0,17231551.0,8817.0,37841215.0,0.0,0.0,133.0,581210.0,0.0,0.0,-4989.0,-21683194.0,112.0,492320.0,0.0,0.0,-5682.0,-24681150.0
000100,유한양행,유가,의약품 제조업,"의약품(삐콤씨, 안티푸라민, 렉라자, 로수바미브, 코푸시럽 등), 생활용품(유한락스, 해피홈, 유한젠), 동물약품",83400.0,314079.0,26146436400.0,4.769999980926514,1717546000.0,4.900000095367432,-112392.0,-9378551500.0,58904.0,4913578750.0,53538.0,4471075250.0,-21631.0,-1812008650.0,6345.0,531979400.0,7846.0,658849850.0,0.0,0.0,59292.0,4953041750.0,1686.0,139212900.0,-1532.0,-128525600.0,1482.0,122423100.0
000105,유한양행우,KOSPI,기타/미분류,기타/미분류,70000.0,1372.0,95060300.0,3.700000047683716,0.0,0.0,39.0,2623200.0,-86.0,-6105700.0,47.0,3482500.0,47.0,3482500.0,0.0,0.0,0.0,0.0,0.0,0.0,0.0,0.0,0.0,0.0,0.0,0.0,0.0,0.0
003460,유화증권,유가,금융 지원 서비스업,증권업,3120.0,50304.0,156399645.0,1.9600000381469727,0.0,0.0,-1895.0,-5783070.0,10070.0,31246820.0,-6655.0,-20706205.0,202.0,630530.0,0.0,0.0,23.0,71760.0,0.0,0.0,-6880.0,-21409420.0,0.0,925.0,-4746.0,-14758145.0,3226.0,10000600.0
003465,유화증권우,KOSPI,기타/미분류,기타/미분류,3120.0,688.0,2104695.0,-0.3199999928474426,9345.0,0.4399999976158142,-17.0,-53055.0,-3.0,-9345.0,0.0,0.0,0.0,0.0,0.0,0.0,0.0,0.0,0.0,0.0,0.0,0.0,0.0,0.0,20.0,62400.0,0.0,0.0
008730,율촌화학,유가,플라스틱제품 제조업,"연포장재,필름,골판지상자,합성수지,플라스틱일반성형제품 제조",15700.0,66743.0,1048317555.0,0.0,211647940.0,13.979999542236328,12739.0,199699410.0,-21272.0,-334183860.0,8533.0,134484450.0,-292.0,-4105540.0,-9.0,-145720.0,-120.0,-1876620.0,0.0,0.0,9141.0,143544160.0,-187.0,-2931830.0,0.0,0.0,0.0,0.0
008250,이건산업,유가,나무제품 제조업,"컨테이너용합판,목재 파렛트,프레스우드 파렛트,가공목재,제재목 제조/부동산 임대",2565.0,10242.0,26258955.0,1.3799999952316284,0.0,0.0,-1175.0,-2993390.0,986.0,2508530.0,190.0,487420.0,190.0,487420.0,0.0,0.0,0.0,0.0,0.0,0.0,0.0,0.0,0.0,0.0,-1.0,-2560.0,0.0,0.0
025820,이구산업,유가,1차 비철금속 제조업,"동판.조,황동판.조,인청동판.조 제조,임가공/부동산 임대",4455.0,144807.0,649513461.0,1.25,5822400.0,0.8999999761581421,-6386.0,-28831889.0,5781.0,26151859.0,797.0,3556060.0,788.0,3516955.0,0.0,0.0,9.0,40095.0,0.0,0.0,0.0,0.0,0.0,-990.0,0.0,0.0,-192.0,-876030.0
214320,이노션,유가,광고업,광고대행 및 광고물의 제작 등,18880.0,54617.0,1033097440.0,-0.05000000074505806,57325340.0,4.829999923706055,9412.0,177131980.0,-24684.0,-465787305.0,14881.0,281257095.0,1618.0,30565030.0,-115.0,-2168780.0,-217.0,-4097735.0,0.0,0.0,13549.0,256094170.0,46.0,864410.0,391.0,7398230.0,0.0,0.0
088260,이리츠코크렙,유가,부동산 임대 및 공급업,부동산투자회사,3175.0,83808.0,264370047.0,-0.6299999952316284,209515.0,0.07999999821186066,38149.0,120340554.0,-47185.0,-148999289.0,-4873.0,-15213420.0,4754.0,15010303.0,0.0,0.0,-7843.0,-24681390.0,0.0,0.0,0.0,0.0,-1784.0,-5542333.0,13861.0,43721250.0,48.0,150905.0
139480,이마트,유가,종합 소매업,대형마트,72500.0,121806.0,8898882500.0,0.0,874966200.0,8.119999885559082,53366.0,3888618050.0,-39509.0,-2879889150.0,-13422.0,-976651100.0,-6005.0,-433643050.0,-58.0,-4261600.0,-564.0,-41128600.0,0.0,0.0,-2759.0,-200900500.0,-4037.0,-296791650.0,-461.0,-33967200.0,26.0,1889400.0
457190,이수스페셜티케미컬,유가,기초 화학물질 제조업,석유화학제품 및 정밀화학제품,63300.0,73784.0,4738162200.0,0.1599999964237213,419757700.0,6.050000190734863,1595.0,101394100.0,9190.0,583738250.0,-10873.0,-690845350.0,-8555.0,-543758950.0,-23.0,-1557900.0,-323.0,-20512500.0,0.0,0.0,-1832.0,-116017100.0,-140.0,-8998900.0,74.0,4808400.0,14.0,904600.0
007660,이수페타시스,유가,전자부품 제조업,"P.C.B(인쇄회로기판),M.L.B 제조",105000.0,635229.0,66137662150.0,0.5699999928474426,12642893100.0,13.90999984741211,72077.0,7431222050.0,-131417.0,-13724051200.0,54637.0,5803630050.0,-27062.0,-2783088350.0,1797.0,187376300.0,79496.0,8315155800.0,0.0,0.0,-21533.0,-2224062250.0,21891.0,2303260850.0,4779.0,497057300.0,-76.0,-7858200.0
005950,이수화학,유가,기초 화학물질 제조업,"등유,알킬벤젠,윤활유,노말파라핀 제조,도매",13240.0,680871.0,8907360000.0,4.010000228881836,302255480.0,3.390000104904175,-9714.0,-147197175.0,-20824.0,-270446970.0,22157.0,305333395.0,-44309.0,-575146835.0,0.0,0.0,1874.0,25023950.0,0.0,0.0,56807.0,752727435.0,7785.0,102728845.0,8370.0,112232240.0,11.0,78510.0
015020,이스타코,유가,부동산 임대 및 공급업,부동산 분양/입시학원 운영,928.0,0.0,0.0,0.0,0.0,0.0,0.0,0.0,0.0,0.0,0.0,0.0,0.0,0.0,0.0,0.0,0.0,0.0,0.0,0.0,0.0,0.0,0.0,0.0,0.0,0.0,0.0,0.0
074610,이엔플러스,유가,일반 목적용 기계 제조업,소방자동차 제조,5110.0,0.0,0.0,0.0,0.0,0.0,0.0,0.0,0.0,0.0,0.0,0.0,0.0,0.0,0.0,0.0,0.0,0.0,0.0,0.0,0.0,0.0,0.0,0.0,0.0,0.0,0.0,0.0
102460,이연제약,유가,의약품 제조업,"항생제,순환기제",10140.0,123334.0,1267949300.0,1.809999942779541,11204780.0,0.8799999952316284,342.0,5065415.0,-1786.0,-20046215.0,729.0,7514230.0,708.0,7300560.0,0.0,0.0,5.0,50700.0,0.0,0.0,0.0,0.0,16.0,162970.0,715.0,7158350.0,0.0,308220.0
084680,이월드,유가,귀금속 및 장신용품 제조업,"놀이시설 운영,입장료,식음료 소매,부동산 임대",500.0,0.0,0.0,0.0,0.0,0.0,0.0,0.0,0.0,0.0,0.0,0.0,0.0,0.0,0.0,0.0,0.0,0.0,0.0,0.0,0.0,0.0,0.0,0.0,0.0,0.0,0.0,0.0
350520,이지스레지던스리츠,유가,부동산 임대 및 공급업,"부동산투자, 취득, 매매, 임대",3365.0,26573.0,89052137.0,-0.30000001192092896,0.0,0.0,20715.0,69444907.0,-17828.0,-59724412.0,-5258.0,-17633635.0,-5291.0,-17744680.0,0.0,0.0,0.0,0.0,0.0,0.0,0.0,0.0,33.0,111045.0,2371.0,7913140.0,0.0,0.0
334890,이지스밸류플러스리츠,유가,부동산 임대 및 공급업,"부동산투자, 취득, 매매, 임대",3685.0,73547.0,269285305.0,0.0,10892055.0,4.039999961853027,5814.0,21028440.0,-9930.0,-36215675.0,1242.0,4516055.0,-5937.0,-21854035.0,0.0,0.0,0.0,0.0,0.0,0.0,0.0,0.0,7179.0,26370090.0,2874.0,10671180.0,0.0,0.0
000760,이화산업,유가,기타 전문 도매업,"염료(반응성염료,분산염료,범용염료,직접염료,산성염료),염료화성품,합성수지,고무 도매,제조",13460.0,294.0,3918220.0,5.159999847412109,0.0,0.0,-109.0,-1440010.0,33.0,409410.0,76.0,1030600.0,76.0,1030600.0,0.0,0.0,0.0,0.0,0.0,0.0,0.0,0.0,0.0,0.0,0.0,0.0,0.0,0.0
014990,인디에프,유가,봉제의복 제조업,"여성의류,남성의류,캐쥬얼웨어 제조",2765.0,3731756.0,11134171123.0,-11.09000015258789,38658860.0,0.3499999940395355,113507.0,315512282.0,-103742.0,-287551029.0,-12762.0,-36545890.0,-12762.0,-36545890.0,0.0,0.0,0.0,0.0,0.0,0.0,0.0,0.0,0.0,0.0,0.0,-103780.0,2997.0,8688417.0
101140,인바이오젠,유가,기계장비 및 관련 물품 도매업,"신발,의류,스포츠용품 도매,제조",5320.0,4160.0,22007740.0,-0.9300000071525574,201590.0,0.9200000166893005,1866.0,9949800.0,-1904.0,-10151390.0,38.0,201590.0,38.0,201590.0,0.0,0.0,0.0,0.0,0.0,0.0,0.0,0.0,0.0,0.0,0.0,0.0,0.0,0.0
023800,인지컨트롤스,유가,자동차 신품 부품 제조업,"자동차부품(터머스위치,터머스탯) 제조",5210.0,19885.0,104995620.0,-0.3799999952316284,375700.0,0.36000001430511475,4368.0,22953310.0,-4375.0,-22997130.0,1.0,12380.0,1.0,13780.0,0.0,0.0,0.0,0.0,0.0,0.0,0.0,0.0,0.0,-1400.0,0.0,0.0,6.0,31440.0
034590,인천도시가스,유가,연료용 가스 제조 및 배관공급업,도시가스 공급/가스설비공사,26700.0,925.0,24604900.0,0.0,106700.0,0.4300000071525574,367.0,9753600.0,-426.0,-11333350.0,59.0,1579750.0,59.0,1579450.0,0.0,0.0,0.0,0.0,0.0,0.0,0.0,0.0,0.0,300.0,0.0,0.0,0.0,0.0
129260,인터지스,유가,도로 화물 운송업,"화물운송,알선,하역",1958.0,7126.0,13909551.0,0.10000000149011612,109655.0,0.7900000214576721,-1076.0,-2120205.0,-1318.0,-2571579.0,531.0,1037176.0,531.0,1037176.0,0.0,0.0,0.0,0.0,0.0,0.0,0.0,0.0,0.0,0.0,1863.0,3654608.0,0.0,0.0
023810,인팩,유가,자동차 신품 부품 제조업,"자동차용 케이블,전자정보통신관련기기 제조,도매",5450.0,19064.0,100817130.0,-0.7300000190734863,2477480.0,2.4600000381469727,9185.0,48458140.0,-8339.0,-43976930.0,-850.0,-4502130.0,-850.0,-4502130.0,0.0,0.0,0.0,0.0,0.0,0.0,0.0,0.0,0.0,0.0,-1.0,-5220.0,5.0,26140.0
249420,일동제약,유가,의약품 제조업,"아로나민, 후루마린, 큐란, 라비에트, 사미온 등",14480.0,93955.0,1353449060.0,4.550000190734863,226038310.0,12.220000267028809,-7057.0,-102022250.0,5368.0,77781500.0,2002.0,28795310.0,1971.0,28348590.0,-5.0,-72350.0,9.0,130420.0,0.0,0.0,0.0,0.0,27.0,388650.0,-324.0,-4714200.0,11.0,159640.0
000230,일동홀딩스,유가,의약품 제조업,"의약품 제조,도매",6290.0,7547.0,47775300.0,2.440000057220459,223090.0,0.4699999988079071,-481.0,-3050560.0,490.0,3107800.0,-9.0,-57240.0,-11.0,-69820.0,0.0,0.0,2.0,12580.0,0.0,0.0,0.0,0.0,0.0,0.0,0.0,0.0,0.0,0.0
013360,일성건설,유가,토목 건설업,"건축공사,토목공사,전기공사",1548.0,619949.0,961962234.0,0.9800000190734863,3124286.0,0.3199999928474426,37756.0,60471379.0,-35976.0,-57743773.0,488.0,759310.0,488.0,759310.0,0.0,0.0,0.0,0.0,0.0,0.0,0.0,0.0,0.0,0.0,0.0,0.0,-2268.0,-3486916.0
003120,일성아이에스,유가,의약품 제조업,"의약품(항생제,화학료법제,항바이러스,근이완제,영양액륜) 제조,판매",20750.0,37857.0,780942185.0,3.2300000190734863,29550120.0,2.4100000858306885,278.0,5438650.0,-582.0,-12334330.0,102.0,2722030.0,88.0,2424060.0,0.0,0.0,3.0,62250.0,0.0,0.0,0.0,0.0,11.0,235720.0,101.0,2085450.0,101.0,2088200.0
003200,일신방직,유가,방적 및 가공사 제조업,"면사,P/C혼방사,P/C혼방직물,화섬사 제조,수출",10780.0,24251.0,261540330.0,-0.3700000047683716,1103640.0,0.28999999165534973,130.0,1378310.0,-578.0,-6187650.0,448.0,4809340.0,478.0,5132840.0,0.0,0.0,-52.0,-559330.0,0.0,0.0,0.0,0.0,22.0,235830.0,0.0,0.0,0.0,0.0
007110,일신석재,유가,"건축자재, 철물 및 난방장치 도매업","건축석 제조,도소매/석공예,석공사",630.0,4381123.0,2869943178.0,-10.760000228881836,20678474.0,0.7200000286102295,-107288.0,-75899274.0,102081.0,71730781.0,647.0,412648.0,647.0,412648.0,0.0,0.0,0.0,0.0,0.0,0.0,0.0,0.0,0.0,0.0,0.0,0.0,4560.0,3755845.0
007570,일양약품,유가,의약품 제조업,"일반의약품(원비디,영비천,아진탈,디세텔,노루모산),항암제(베타-이뮤난),전문의약품 제조,판매,수출입",8350.0,15522.0,130284295.0,-0.11999999731779099,2655210.0,2.0399999618530273,2775.0,23427445.0,-3271.0,-27589585.0,487.0,4087080.0,460.0,3862540.0,0.0,0.0,5.0,41750.0,0.0,0.0,0.0,0.0,22.0,182790.0,0.0,0.0,9.0,75060.0
007575,일양약품우,KOSPI,기타/미분류,기타/미분류,8220.0,18.0,147570.0,0.0,0.0,0.0,1.0,8220.0,-1.0,-8220.0,0.0,0.0,0.0,0.0,0.0,0.0,0.0,0.0,0.0,0.0,0.0,0.0,0.0,0.0,0.0,0.0,0.0,0.0
081000,일진다이아,유가,기타 화학제품 제조업,"공업용 합성다이아몬드 제조,도매,수출입",9540.0,13385.0,128324790.0,0.8500000238418579,741320.0,0.5799999833106995,1249.0,11635590.0,-1828.0,-17153900.0,575.0,5480110.0,560.0,5338720.0,0.0,0.0,3.0,28620.0,0.0,0.0,0.0,0.0,12.0,112770.0,4.0,38200.0,0.0,0.0
020760,일진디스플,유가,반도체 제조업,"박막액정표시장치(TFT-LCD) 패널,LT(리튬탄탈에이트)웨이퍼,분말야금제품(초고압용공구),보석다이아몬드 제조,판매/종합건설",902.0,0.0,0.0,0.0,0.0,0.0,0.0,0.0,0.0,0.0,0.0,0.0,0.0,0.0,0.0,0.0,0.0,0.0,0.0,0.0,0.0,0.0,0.0,0.0,0.0,0.0,0.0,0.0
103590,일진전기,유가,절연선 및 케이블 제조업,기타/미분류,70000.0,273334.0,19295123848.0,-1.5499999523162842,367276000.0,1.2699999809265137,9912.0,702868450.0,-25602.0,-1807462900.0,15400.0,1084097150.0,7986.0,561814200.0,-48.0,-3367700.0,437.0,31023100.0,0.0,0.0,9334.0,658278700.0,-2308.0,-163581550.0,312.0,22075400.0,-22.0,-1578100.0
271940,일진하이솔루스,유가,그외 기타 운송장비 제조업,"수소승용용기, 매연저감장치 등",10890.0,16298.0,177151625.0,0.46000000834465027,31560360.0,11.1899995803833,-3125.0,-33877215.0,1628.0,17610905.0,1427.0,15509510.0,1353.0,14707010.0,0.0,0.0,37.0,403250.0,0.0,0.0,0.0,0.0,37.0,399250.0,-10.0,-110000.0,80.0,866800.0
015860,일진홀딩스,유가,기타 금융업,"전기산업용기기(개폐기,차단기,배전반),자동화시스템,자동차엔진부품,절연전선,금구류,고압선,저압선 제조,판매/전기공사,가스절연차단기",6690.0,77407.0,519946390.0,-0.7400000095367432,7797240.0,1.5,10102.0,67137450.0,3764.0,25773020.0,-15700.0,-105122820.0,974.0,6596020.0,0.0,0.0,-11070.0,-74160100.0,0.0,0.0,0.0,0.0,-5604.0,-37558740.0,1875.0,12485000.0,-41.0,-272650.0
226320,잇츠한불,유가,기타 화학제품 제조업,"스킨케어 베이직, 포인트 메이크업, 스킨케어 스페셜, 베이스 메이크업 등",10720.0,58612.0,629638395.0,-4.199999809265137,78316725.0,7.96999979019165,-2689.0,-28965940.0,-516.0,-5502490.0,3205.0,34468430.0,3180.0,34201270.0,0.0,0.0,6.0,64320.0,0.0,0.0,0.0,0.0,19.0,202840.0,0.0,0.0,0.0,0.0
317400,자이에스앤디,유가,부동산 임대 및 공급업,"부동산 관리, 정보통신 공사, 아파트 AS 및 옵션 제품 공급, 건축물 시공 및 분양",10160.0,1684318.0,17462190210.0,-6.789999961853027,123542820.0,0.7099999785423279,304389.0,3154476450.0,-27706.0,-345370195.0,-185003.0,-1887639235.0,-27694.0,-297899965.0,-150.0,-1532885.0,-91269.0,-927768210.0,0.0,0.0,-13914.0,-140326375.0,-51976.0,-520111800.0,-89950.0,-904142560.0,-1730.0,-17324460.0
033240,자화전자,유가,전자부품 제조업,"Bonded magenet,플라스틱자성제품,티탄산 바륨계 반도체소자,휴대전화용 Vibration Motor,전자관,전자부품 제조",31200.0,95279.0,2906744875.0,5.230000019073486,259749600.0,5.190000057220459,-3169.0,-108621475.0,-27442.0,-834890975.0,30864.0,951160250.0,287.0,8848325.0,0.0,0.0,847.0,26160050.0,0.0,0.0,7659.0,234436475.0,22071.0,681715400.0,-163.0,-4870550.0,-90.0,-2777250.0
000950,전방,유가,방적 및 가공사 제조업,"면사,면혼방사,마혼방사,화섬사,염색사,자수사,소모사,면직물,면혼방직물,화섬직물,특수가공직물 제조,판매,수출",35350.0,12578.0,425884250.0,5.679999828338623,1011750.0,0.23999999463558197,-5676.0,-192060950.0,-2379.0,-79745100.0,12.0,332900.0,12.0,332900.0,0.0,0.0,0.0,0.0,0.0,0.0,0.0,0.0,0.0,0.0,8043.0,271473150.0,0.0,0.0
079900,전진건설로봇,유가,특수 목적용 기계 제조업,콘크리트 펌프카,33500.0,14715.0,494247925.0,1.3600000143051147,44417200.0,5.360000133514404,-1832.0,-61166225.0,1668.0,55669075.0,163.0,5463500.0,157.0,5262550.0,0.0,0.0,-3.0,-100100.0,0.0,0.0,0.0,0.0,9.0,301050.0,0.0,0.0,1.0,33650.0
348950,제이알글로벌리츠,유가,부동산 임대 및 공급업,벨기에 파이낸스 타워,1182.0,0.0,0.0,0.0,0.0,0.0,0.0,0.0,0.0,0.0,0.0,0.0,0.0,0.0,0.0,0.0,0.0,0.0,0.0,0.0,0.0,0.0,0.0,0.0,0.0,0.0,0.0,0.0
194370,제이에스코퍼레이션,유가,"가죽, 가방 및 유사제품 제조업",핸드백 및 지갑,12450.0,56630.0,702808400.0,-1.7400000095367432,36389350.0,4.199999809265137,18459.0,229046740.0,-604.0,-7884850.0,-23272.0,-288103850.0,775.0,9599590.0,-9058.0,-112114560.0,-2301.0,-28574160.0,-1862.0,-23060920.0,-13010.0,-161046360.0,2274.0,28204620.0,5181.0,63990040.0,236.0,2951920.0
030000,제일기획,유가,광고업,"광고 대행/광고물,영화 제작,인쇄,출판",18800.0,250165.0,4703068815.0,0.27000001072883606,808890550.0,15.210000038146973,-18033.0,-340526525.0,22832.0,429656325.0,-7204.0,-134320400.0,-3940.0,-73199705.0,-650.0,-12219445.0,-1661.0,-31182545.0,0.0,0.0,6350.0,119457235.0,-7303.0,-137175940.0,2369.0,44514850.0,36.0,675750.0
271980,제일약품,유가,의약품 제조업,의약품,10120.0,23259.0,234704970.0,1.399999976158142,2133560.0,0.9100000262260437,1720.0,17078780.0,-2095.0,-20788430.0,375.0,3773650.0,359.0,3614730.0,0.0,0.0,4.0,40480.0,0.0,0.0,0.0,0.0,12.0,118440.0,0.0,0.0,0.0,-64000.0
001560,제일연마,유가,기타 비금속 광물제품 제조업,"연마석,다이아몬드공구 제조,도소매/주택건설",9170.0,2665.0,23859190.0,0.9900000095367432,45450.0,0.1899999976158142,7.0,88070.0,-206.0,-1856280.0,199.0,1768210.0,199.0,1768210.0,0.0,0.0,0.0,0.0,0.0,0.0,0.0,0.0,0.0,0.0,0.0,0.0,0.0,0.0
002620,제일파마홀딩스,유가,회사 본부 및 경영 컨설팅 서비스업,"의약품(타리비드,제일파프,노엘,푸라솔) 제조,도매",7620.0,2725.0,20461690.0,2.700000047683716,53130.0,0.25999999046325684,-70.0,-476930.0,-218.0,-1713250.0,288.0,2190180.0,284.0,2158660.0,0.0,0.0,4.0,30480.0,0.0,0.0,0.0,0.0,0.0,1040.0,0.0,0.0,0.0,0.0
006220,제주은행,유가,은행 및 저축기관,"은행업무,외국환업무,신탁업무",9160.0,87432.0,801387745.0,1.659999966621399,384170.0,0.05000000074505806,-28128.0,-257597940.0,19422.0,177634450.0,9132.0,83874520.0,1330.0,12191110.0,0.0,0.0,39.0,357240.0,0.0,0.0,7726.0,70986500.0,37.0,339670.0,-420.0,-3855820.0,-6.0,-55210.0
089590,제주항공,유가,항공 여객 운송업,"여객운송서비스, 화물운송서비스",4170.0,124633.0,518853790.0,3.0899999141693115,25614940.0,4.940000057220459,-20690.0,-86430264.0,-31268.0,-130626861.0,48717.0,203515050.0,-268.0,-1077280.0,0.0,0.0,22.0,91740.0,0.0,0.0,48880.0,204152095.0,83.0,348495.0,3228.0,13488200.0,13.0,53875.0
004910,조광페인트,유가,기타 화학제품 제조업,"도료(우레탄,에나멜,락카,특수도료) 제조,도매",3535.0,7661.0,26865105.0,1.1399999856948853,28055.0,0.10000000149011612,1919.0,6784125.0,309.0,1079855.0,-2228.0,-7863980.0,-2228.0,-7863980.0,0.0,0.0,0.0,0.0,0.0,0.0,0.0,0.0,0.0,0.0,0.0,0.0,0.0,0.0
004700,조광피혁,유가,"가죽, 가방 및 유사제품 제조업","가죽(피혁원단,제화용원단,카시트용원단),가방,신발 제조,도매",64200.0,1065.0,68202800.0,-0.7699999809265137,11492000.0,16.360000610351562,-11.0,-701700.0,-145.0,-9486900.0,156.0,10188600.0,143.0,9356100.0,0.0,0.0,7.0,449400.0,0.0,0.0,0.0,0.0,6.0,383100.0,0.0,0.0,0.0,0.0
001550,조비,유가,"비료, 농약 및 살균, 살충제 제조업","복합비료(연초용,수도용,시판용,특수작물용),양액재배용 비료,완효성 비료,부직포 제조,무역",11270.0,530082.0,6165844140.0,-9.1899995803833,123065960.0,2.0,-1519.0,-22696235.0,2156.0,30239485.0,81.0,885540.0,81.0,885540.0,0.0,0.0,0.0,0.0,0.0,0.0,0.0,0.0,0.0,0.0,-150.0,-1744600.0,-568.0,-6684190.0
462520,조선내화,유가,"내화, 비내화 요업제품 제조업",내화 요업제품,13150.0,13371.0,175542090.0,-0.30000001192092896,2248140.0,1.2799999713897705,3906.0,51293870.0,-4716.0,-61916830.0,117.0,1531210.0,99.0,1294750.0,0.0,0.0,8.0,105200.0,0.0,0.0,0.0,0.0,10.0,131260.0,600.0,7872000.0,93.0,1219750.0
462520,조선내화,유가,"내화, 비내화 요업제품 제조업",내화 요업제품,13150.0,13371.0,175542090.0,-0.30000001192092896,2248140.0,1.2799999713897705,3906.0,51293870.0,-4716.0,-61916830.0,117.0,1531210.0,99.0,1294750.0,0.0,0.0,8.0,105200.0,0.0,0.0,0.0,0.0,10.0,131260.0,600.0,7872000.0,93.0,1219750.0
120030,조선선재,유가,기타 금속 가공제품 제조업,용접재료,84900.0,1254.0,106331600.0,0.11999999731779099,84800.0,0.07999999821186066,-387.0,-32816200.0,-305.0,-25846400.0,942.0,79875600.0,34.0,2886300.0,0.0,0.0,0.0,0.0,0.0,0.0,0.0,0.0,908.0,76989300.0,-250.0,-21213000.0,0.0,0.0
018470,조일알미늄,유가,1차 비철금속 제조업,"알루미늄판 제조,도매",973.0,1036352.0,1023337784.0,-1.7200000286102295,15439595.0,1.5099999904632568,68615.0,66477944.0,-71997.0,-69769556.0,46087.0,45331124.0,45975.0,45222148.0,0.0,0.0,0.0,0.0,0.0,0.0,0.0,0.0,112.0,108976.0,174.0,170812.0,-42879.0,-42210324.0
002600,조흥,유가,기타 식품 제조업,"휘핑크림,인스턴트이스트,프루츠칵테일,크림치즈,견과류,건조과일 제조,판매/주택 신축,판매",138400.0,31.0,4280700.0,0.36000001430511475,0.0,0.0,-1.0,-138500.0,1.0,138500.0,0.0,0.0,0.0,0.0,0.0,0.0,0.0,0.0,0.0,0.0,0.0,0.0,0.0,0.0,0.0,0.0,0.0,0.0
185750,종근당,유가,의약품 제조업,"딜라트렌,리피로우",67200.0,17310.0,1170054100.0,0.0,261883950.0,17.790000915527344,1862.0,125329150.0,-757.0,-50899150.0,-1114.0,-75052000.0,-3742.0,-252775200.0,-10.0,-669150.0,-145.0,-9765400.0,0.0,0.0,2939.0,198683850.0,-156.0,-10526100.0,10.0,689600.0,-1.0,-67600.0
063160,종근당바이오,유가,의약품 제조업,"의약품,원료의약품 제조",13890.0,10877.0,154193985.0,0.14000000059604645,3959160.0,2.569999933242798,948.0,15065585.0,-1091.0,-17052665.0,143.0,1987080.0,143.0,1987870.0,0.0,0.0,0.0,0.0,0.0,0.0,0.0,0.0,0.0,-1120.0,0.0,0.0,0.0,0.0
001630,종근당홀딩스,유가,의약품 제조업,"의약품(항생제,위궤양치료제,장기이식면역억제제,고지혈증치료제(로바이드)) 제조,도매",39000.0,3093.0,120151350.0,0.5199999809265137,13285200.0,8.640000343322754,83.0,3132850.0,-85.0,-3221950.0,-33.0,-1272150.0,-22.0,-845400.0,-7.0,-271950.0,-8.0,-310850.0,0.0,0.0,0.0,0.0,4.0,156050.0,35.0,1361250.0,0.0,0.0
109070,주성코퍼레이션,유가,통신 및 방송 장비 제조업,"ICS중계기, 블랙박스",1633.0,406129.0,659558537.0,0.18000000715255737,43186546.0,6.550000190734863,60051.0,96262633.0,-60071.0,-96275597.0,0.0,-19046.0,0.0,-19046.0,0.0,0.0,0.0,0.0,0.0,0.0,0.0,0.0,0.0,0.0,0.0,0.0,20.0,32010.0
044380,주연테크,유가,컴퓨터 및 주변장치 제조업,"각종컴퓨터,주변기기 제조/소프트웨어 개발",840.0,210164.0,180982557.0,-4.980000019073486,260749.0,0.14000000059604645,8751.0,7623445.0,201.0,-113302.0,0.0,0.0,0.0,0.0,0.0,0.0,0.0,0.0,0.0,0.0,0.0,0.0,0.0,0.0,-9002.0,-7551893.0,50.0,41750.0
013890,지누스,유가,가구 제조업,매트리스 및 가구제품,7420.0,29291.0,218324235.0,-2.240000009536743,67894330.0,24.639999389648438,14263.0,106398725.0,-15483.0,-115496835.0,1206.0,8995780.0,2114.0,15748510.0,0.0,0.0,-596.0,-4438940.0,0.0,0.0,0.0,0.0,-312.0,-2313790.0,12.0,87320.0,2.0,15010.0
013870,지엠비코리아,유가,자동차 신품 부품 제조업,"V/S,EWP,ITM,CVJOINT",3935.0,9867.0,38830470.0,0.6399999856948853,0.0,0.0,6127.0,24112680.0,-4901.0,-19283845.0,-1228.0,-4836685.0,-1228.0,-4836685.0,0.0,0.0,0.0,0.0,0.0,0.0,0.0,0.0,0.0,0.0,2.0,7850.0,0.0,0.0
071320,지역난방공사,유가,"증기, 냉·온수 및 공기조절 공급업","집단에너지공급 및 전기,증기 생산,판매",72900.0,10824.0,789148450.0,-0.14000000059604645,64270200.0,6.619999885559082,1701.0,123690600.0,-896.0,-65115200.0,-815.0,-59303400.0,-641.0,-46681400.0,-18.0,-1314800.0,-110.0,-8017000.0,0.0,0.0,-4.0,-230000.0,-42.0,-3060200.0,5.0,363000.0,5.0,365000.0
088790,진도,유가,기타 전문 도매업,"모피제품 제조,가공",2185.0,20250.0,43574480.0,2.819999933242798,6405.0,0.009999999776482582,933.0,1995270.0,1649.0,3554865.0,-2582.0,-5550135.0,168.0,364255.0,0.0,0.0,-2750.0,-5914390.0,0.0,0.0,0.0,0.0,0.0,0.0,0.0,0.0,0.0,0.0
003780,진양산업,유가,플라스틱제품 제조업,"합성수지,폴리우레탄스폰지 제조,도매,수출입",3885.0,24799.0,94933340.0,3.049999952316284,287490.0,0.30000001192092896,-1650.0,-6315465.0,1574.0,6019735.0,236.0,912270.0,236.0,912270.0,0.0,0.0,0.0,0.0,0.0,0.0,0.0,0.0,0.0,0.0,-160.0,-616540.0,0.0,0.0
010640,진양폴리우레탄,유가,플라스틱제품 제조업,"폴리우레탄,폴리우레탄스폰지 제조,판매",1679.0,31859.0,53579036.0,-0.11999999731779099,0.0,0.0,2677.0,4561982.0,-2836.0,-4827653.0,150.0,251280.0,150.0,251280.0,0.0,0.0,0.0,0.0,0.0,0.0,0.0,0.0,0.0,0.0,9.0,14391.0,0.0,0.0
100250,진양홀딩스,유가,플라스틱제품 제조업,"투자,경영컨설팅",3145.0,74306.0,232406952.0,0.3199999928474426,184690.0,0.07999999821186066,9675.0,30307559.0,-33466.0,-104786000.0,23791.0,74478441.0,1687.0,5250045.0,0.0,0.0,25.0,78625.0,0.0,0.0,22020.0,68964386.0,59.0,185385.0,0.0,0.0,0.0,0.0
051630,진양화학,유가,플라스틱제품 제조업,"레쟈,바닥재 제조",1030.0,53709.0,55271517.0,0.5899999737739563,0.0,0.0,4955.0,5188843.0,-5318.0,-5546693.0,363.0,357850.0,363.0,357850.0,0.0,0.0,0.0,0.0,0.0,0.0,0.0,0.0,0.0,0.0,0.0,0.0,0.0,0.0
272450,진에어,유가,항공 여객 운송업,"여객, 화물 등 항공운송",5140.0,33072.0,168935695.0,1.7799999713897705,1267680.0,0.75,3755.0,19084925.0,-4487.0,-22944085.0,631.0,3347060.0,230.0,1207700.0,0.0,0.0,5333.0,27315060.0,0.0,0.0,-4980.0,-25423440.0,48.0,247740.0,101.0,512100.0,0.0,0.0
011000,진원생명과학,유가,의약품 제조업,플라스미드,2670.0,0.0,0.0,0.0,0.0,0.0,0.0,0.0,0.0,0.0,0.0,0.0,0.0,0.0,0.0,0.0,0.0,0.0,0.0,0.0,0.0,0.0,0.0,0.0,0.0,0.0,0.0,0.0
002780,진흥기업,유가,토목 건설업,"아파트건설,토목공사,건축공사,국내도급공사",782.0,0.0,0.0,0.0,0.0,0.0,0.0,0.0,0.0,0.0,0.0,0.0,0.0,0.0,0.0,0.0,0.0,0.0,0.0,0.0,0.0,0.0,0.0,0.0,0.0,0.0,0.0,0.0
002787,진흥기업2우B,KOSPI,기타/미분류,기타/미분류,2895.0,0.0,0.0,0.0,0.0,0.0,0.0,0.0,0.0,0.0,0.0,0.0,0.0,0.0,0.0,0.0,0.0,0.0,0.0,0.0,0.0,0.0,0.0,0.0,0.0,0.0,0.0,0.0
002785,진흥기업우B,KOSPI,기타/미분류,기타/미분류,1336.0,0.0,0.0,0.0,0.0,0.0,0.0,0.0,0.0,0.0,0.0,0.0,0.0,0.0,0.0,0.0,0.0,0.0,0.0,0.0,0.0,0.0,0.0,0.0,0.0,0.0,0.0,0.0
025620,차AI헬스케어,유가,기타 화학제품 제조업,화장품 제조 판매,4810.0,3400.0,16172389.0,2.3399999141693115,28595.0,0.18000000715255737,-718.0,-3433796.0,596.0,2847701.0,157.0,752415.0,153.0,733665.0,0.0,0.0,4.0,19240.0,0.0,0.0,0.0,0.0,0.0,-490.0,0.0,0.0,-35.0,-166320.0
009310,참엔지니어링,유가,특수 목적용 기계 제조업,FPD Laser Repair 장비 등 (FPD 장비의 개발과 제조 및 판매),5330.0,0.0,0.0,0.0,0.0,0.0,0.0,0.0,0.0,0.0,0.0,0.0,0.0,0.0,0.0,0.0,0.0,0.0,0.0,0.0,0.0,0.0,0.0,0.0,0.0,0.0,0.0,0.0
000650,천일고속,유가,육상 여객 운송업,"고속버스운수(경부선,44개 노선),도로여객운수업,운수창고업,유류판매,부동산 임대",155000.0,1775.0,271605050.0,0.7099999785423279,14914300.0,5.489999771118164,268.0,40763600.0,-300.0,-45737400.0,32.0,4973800.0,32.0,4971100.0,0.0,0.0,0.0,0.0,0.0,0.0,0.0,0.0,0.0,2700.0,0.0,0.0,0.0,0.0
033250,체시스,유가,자동차 신품 부품 제조업,"자동차부품,뒷차축 제조",4015.0,32825.0,130766559.0,3.75,0.0,0.0,-10436.0,-41861726.0,10367.0,41584526.0,69.0,277200.0,69.0,277200.0,0.0,0.0,0.0,0.0,0.0,0.0,0.0,0.0,0.0,0.0,0.0,0.0,0.0,0.0
035720,카카오,유가,"자료처리, 호스팅, 포털 및 기타 인터넷 정보매개 서비스업",인터넷 서비스(인터넷 광고),38700.0,2130101.0,82672753675.0,3.4800000190734863,8081041525.0,9.770000457763672,-459827.0,-17970415850.0,608780.0,23669149300.0,-151431.0,-5786439750.0,-63511.0,-2387110525.0,481.0,18773525.0,-4520.0,-175455500.0,0.0,0.0,-72968.0,-2819751525.0,-10914.0,-422934425.0,884.0,29746025.0,1594.0,57960275.0
323410,카카오뱅크,유가,은행 및 저축기관,은행 및 금융서비스,21200.0,746292.0,16038740650.0,-1.399999976158142,3508101050.0,16.520000457763672,126082.0,2692706300.0,-33558.0,-720376925.0,-93722.0,-1997918700.0,-80913.0,-1725815750.0,1634.0,35365775.0,-1161.0,-25530525.0,28.0,596400.0,-1509.0,-30426150.0,-11801.0,-252108450.0,4.0,74275.0,1194.0,25515050.0
377300,카카오페이,유가,금융 지원 서비스업,"간편결제, 간편송금 및 기타 금융서비스",44950.0,580396.0,26326304825.0,8.970000267028809,1790820800.0,4.420000076293945,-137797.0,-6295614500.0,109991.0,5015714925.0,25962.0,1197143575.0,7065.0,327118700.0,21195.0,963277375.0,-102.0,-4189725.0,0.0,0.0,6729.0,313180175.0,-8924.0,-402196950.0,2358.0,105947550.0,-514.0,-23191550.0
006380,카프로,유가,기초 화학물질 제조업,"카프로락탐,유안비료 제조",3660.0,0.0,0.0,0.0,0.0,0.0,0.0,0.0,0.0,0.0,0.0,0.0,0.0,0.0,0.0,0.0,0.0,0.0,0.0,0.0,0.0,0.0,0.0,0.0,0.0,0.0,0.0,0.0
279570,케이뱅크,유가,은행 및 저축기관,은행 및 저축기관,5580.0,345747.0,1928668600.0,0.8999999761581421,150069305.0,7.78000020980835,-31513.0,-176358280.0,31937.0,178730045.0,1495.0,8386335.0,6437.0,35914120.0,-32.0,-177850.0,-3645.0,-20298440.0,0.0,0.0,0.0,0.0,-1265.0,-7051495.0,-3000.0,-16810000.0,1081.0,6051900.0
001620,케이비아이동국실업,유가,자동차 신품 부품 제조업,"자동차부품(에어닥트,글로벌박스,노즐,어셈블리류,핸들류) 제조,판매/공장 임대",2190.0,9677.0,20981400.0,1.149999976158142,23835.0,0.10999999940395355,485.0,1053875.0,-837.0,-1817305.0,351.0,761255.0,351.0,761255.0,0.0,0.0,0.0,0.0,0.0,0.0,0.0,0.0,0.0,0.0,0.0,0.0,1.0,2175.0
029460,케이씨,유가,"측정, 시험, 항해, 제어 및 기타 정밀기기 제조업; 광학기기 제외",가스/Chemical 공급 장치 등 제조 및 판매,35000.0,24958.0,870920350.0,1.159999966621399,23998700.0,2.109999895095825,1696.0,59279575.0,-1613.0,-56335475.0,-154.0,-5426700.0,-144.0,-5082200.0,0.0,0.0,-25.0,-869750.0,0.0,0.0,0.0,0.0,15.0,525250.0,60.0,2099000.0,11.0,383600.0
281820,케이씨텍,유가,"측정, 시험, 항해, 제어 및 기타 정밀기기 제조업; 광학기기 제외","반도체, 디스플레이 제조 장비",67800.0,134701.0,9090156350.0,1.7999999523162842,313007500.0,2.549999952316284,-11934.0,-822361100.0,29504.0,2002840800.0,-14665.0,-984350600.0,-1496.0,-95608500.0,-3258.0,-220745500.0,-163.0,-10667450.0,263.0,17985500.0,-12618.0,-851820300.0,2608.0,176573950.0,-2696.0,-182028100.0,-209.0,-14101000.0
381970,케이카,유가,자동차 판매업,오프라인 및 온라인 중고차 매매업,6170.0,214002.0,1319152250.0,-1.2799999713897705,144466220.0,7.78000020980835,91008.0,560595175.0,-14247.0,-88503900.0,-84796.0,-521572465.0,3772.0,23231730.0,-4.0,-24710.0,-4760.0,-29192420.0,0.0,0.0,-83830.0,-515745845.0,26.0,158780.0,7732.0,47620700.0,303.0,1860490.0
145270,케이탑리츠,유가,부동산 임대 및 공급업,부동산 임대,793.0,9783.0,7750490.0,-0.25,0.0,0.0,1658.0,1312613.0,-1646.0,-1303114.0,-12.0,-9499.0,-12.0,-9499.0,0.0,0.0,0.0,0.0,0.0,0.0,0.0,0.0,0.0,0.0,0.0,0.0,0.0,0.0
417310,코람코더원리츠,유가,부동산 임대 및 공급업,서울 영등포구 여의도 소재 하나금융투자 빌딩,10820.0,420173.0,4537228160.0,-0.3700000047683716,7995380.0,0.18000000715255737,-142331.0,-1536557150.0,-192818.0,-2080964060.0,70548.0,761067710.0,20379.0,220692050.0,0.0,0.0,25594.0,275939160.0,0.0,0.0,0.0,0.0,24575.0,264436500.0,264601.0,2856453500.0,0.0,0.0
357120,코람코라이프인프라리츠,유가,부동산 임대 및 공급업,부동산 투자 및 관리,4355.0,32264.0,140163792.0,0.0,273060.0,0.1899999976158142,-8672.0,-37747308.0,-1988.0,-8651407.0,13760.0,59886215.0,14244.0,61938230.0,0.0,0.0,-525.0,-2261300.0,0.0,0.0,0.0,0.0,41.0,209285.0,-3100.0,-13487500.0,0.0,0.0
007815,코리아써우,KOSPI,기타/미분류,기타/미분류,18500.0,202.0,3485090.0,6.630000114440918,0.0,0.0,0.0,-1060.0,0.0,1060.0,0.0,0.0,0.0,0.0,0.0,0.0,0.0,0.0,0.0,0.0,0.0,0.0,0.0,0.0,0.0,0.0,0.0,0.0
007810,코리아써키트,유가,전자부품 제조업,"인쇄회로기판,Module 제조/부동산(건물) 임대",61600.0,213831.0,13163318500.0,1.4800000190734863,832834700.0,3.9200000762939453,67110.0,4114753550.0,-51602.0,-3172199950.0,-20807.0,-1267567750.0,-493.0,-29907950.0,-654.0,-40091850.0,-2578.0,-157503200.0,0.0,0.0,-3921.0,-238752550.0,-13160.0,-801251200.0,5157.0,316264200.0,142.0,8749950.0
00781K,코리아써키트2우B,KOSPI,기타/미분류,기타/미분류,13690.0,1584.0,21470040.0,-0.07000000029802322,0.0,0.0,5.0,68430.0,-5.0,-68430.0,0.0,0.0,0.0,0.0,0.0,0.0,0.0,0.0,0.0,0.0,0.0,0.0,0.0,0.0,0.0,0.0,0.0,0.0
003690,코리안리,유가,재 보험업,금융보험/부동산 임대,14620.0,243151.0,3547401560.0,-2.0799999237060547,418812280.0,9.5,4731.0,68118340.0,-14031.0,-204274275.0,8934.0,130834505.0,23691.0,344697580.0,215.0,3111200.0,-3890.0,-56321740.0,0.0,0.0,-8574.0,-124177265.0,-2508.0,-36475270.0,111.0,1609730.0,255.0,3711700.0
192820,코스맥스,유가,기타 화학제품 제조업,화장품,260500.0,163728.0,42286140250.0,5.889999866485596,3788553750.0,6.670000076293945,-9292.0,-2422445250.0,-22727.0,-5899221000.0,30752.0,7996124500.0,-10950.0,-2833864500.0,2231.0,575422000.0,15460.0,4007494500.0,0.0,0.0,-3273.0,-848517000.0,27284.0,7095590500.0,1335.0,343268250.0,-68.0,-17726500.0
044820,코스맥스비티아이,유가,기타 금융업,"화장품,의약부외품 제조,도매",22900.0,43528.0,991118075.0,4.090000152587891,237918850.0,24.010000228881836,2689.0,60955900.0,-10877.0,-248062250.0,8231.0,188071550.0,9751.0,222721850.0,-9.0,-205150.0,-68.0,-1549550.0,0.0,0.0,0.0,0.0,-1443.0,-32895600.0,-44.0,-988100.0,1.0,22900.0
005070,코스모신소재,유가,기타 화학제품 제조업,"이차전지양극활물질,기능성필름",40250.0,55959.0,2248842575.0,3.5999999046325684,259308850.0,6.619999885559082,-16028.0,-646485025.0,9974.0,403471350.0,6295.0,252645875.0,2921.0,117052150.0,-5.0,-199450.0,3342.0,134310975.0,0.0,0.0,0.0,0.0,37.0,1482200.0,-162.0,-6478400.0,-79.0,-3153800.0
005420,코스모화학,유가,기타 화학제품 제조업,"이산화티타늄 및 부산물, 황산코발트 및 부산물",10500.0,75220.0,796620430.0,1.350000023841858,102861520.0,10.289999961853027,-11771.0,-125670440.0,15619.0,166024455.0,-3597.0,-37639645.0,-6634.0,-69668640.0,-19.0,-216545.0,3519.0,37076940.0,0.0,0.0,0.0,52240.0,-463.0,-4883580.0,0.0,0.0,-251.0,-2714370.0
071950,코아스,유가,가구 제조업,"사무용가구,금속가구 도매,제조",1769.0,76144.0,133664078.0,-1.7200000286102295,6128179.0,4.579999923706055,17967.0,31516403.0,8.0,-157327.0,17.0,20533.0,17.0,20533.0,0.0,0.0,0.0,0.0,0.0,0.0,0.0,0.0,0.0,0.0,-17990.0,-31376089.0,-2.0,-3520.0
002020,코오롱,유가,기타 금융업,지주회사,25250.0,88983.0,2255473450.0,-3.440000057220459,81846350.0,2.4100000858306885,1684.0,47789125.0,8263.0,203557850.0,-9987.0,-252358975.0,320.0,8122750.0,-431.0,-10974750.0,-25.0,-629750.0,0.0,0.0,-16154.0,-409111375.0,6303.0,160234150.0,20.0,510000.0,20.0,502000.0
003070,코오롱글로벌,유가,토목 건설업,"토목공사,일반건설,주택건설,해외건설,소각로설비공사/환경플랜트,폐처리기 제조",9970.0,8638.0,85412310.0,1.940000057220459,149290.0,0.17000000178813934,1348.0,13456210.0,-1987.0,-19800590.0,489.0,4855880.0,480.0,4765170.0,0.0,0.0,6.0,59820.0,0.0,0.0,0.0,0.0,3.0,30890.0,150.0,1488500.0,0.0,0.0
003075,코오롱글로벌우,KOSPI,기타/미분류,기타/미분류,13600.0,471.0,6260900.0,0.28999999165534973,185220.0,2.9600000381469727,-16.0,-215510.0,16.0,215510.0,0.0,0.0,0.0,0.0,0.0,0.0,0.0,0.0,0.0,0.0,0.0,0.0,0.0,0.0,0.0,0.0,0.0,0.0
002025,코오롱우,KOSPI,기타/미분류,기타/미분류,13180.0,12000.0,157893870.0,-2.869999885559082,91700.0,0.05999999865889549,2333.0,30812290.0,69.0,841760.0,0.0,210.0,0.0,210.0,0.0,0.0,0.0,0.0,0.0,0.0,0.0,0.0,0.0,0.0,-2402.0,-31654260.0,0.0,0.0
120110,코오롱인더,유가,화학섬유 제조업,"산업자재, 화학, 필름",54500.0,146582.0,8054144550.0,0.0,263140600.0,2.680000066757202,582.0,26394450.0,-22873.0,-1259450950.0,20804.0,1151676500.0,-15388.0,-842598100.0,10919.0,601228200.0,18539.0,1021453600.0,0.0,0.0,7229.0,398754400.0,-494.0,-27107000.0,1485.0,81270600.0,2.0,109400.0
120115,코오롱인더우,KOSPI,기타/미분류,기타/미분류,25500.0,5702.0,144272000.0,-0.20000000298023224,8402700.0,5.820000171661377,1760.0,44553300.0,-1933.0,-48897750.0,173.0,4344450.0,173.0,4344450.0,0.0,0.0,0.0,0.0,0.0,0.0,0.0,0.0,0.0,0.0,0.0,0.0,0.0,0.0
021240,코웨이,유가,그외 기타 개인 서비스업,"렌탈 서비스(정수기,비데, 필터교환 등), 가정용기기 도매,판매,제조,폐기물처리설비,수출(정수기,청정기)",93400.0,172573.0,16124535600.0,-0.10999999940395355,3227528700.0,18.920000076293945,-1911.0,-185104100.0,10122.0,929658900.0,-48492.0,-4514299700.0,-38832.0,-3620850700.0,-3443.0,-319036750.0,-2718.0,-253220200.0,0.0,0.0,-2394.0,-218242500.0,-1032.0,-96130750.0,40281.0,3769744900.0,0.0,0.0
036420,콘텐트리중앙,유가,"영화, 비디오물, 방송프로그램 제작 및 배급업","영화 및 방송프로그램 제작, 유통, 광고",1530.0,23079.0,35090107.0,0.07000000029802322,0.0,0.0,1882.0,2863252.0,-1812.0,-2757058.0,0.0,6.0,0.0,6.0,0.0,0.0,0.0,0.0,0.0,0.0,0.0,0.0,0.0,0.0,0.0,0.0,-70.0,-106200.0
024720,콜마홀딩스,유가,기타 금융업,"경영컨설팅,무역,과학및기술서비스업,도매",10280.0,53329.0,538716935.0,6.75,7064350.0,0.8199999928474426,-20354.0,-206922440.0,5710.0,57962060.0,12497.0,128039860.0,-929.0,-9158280.0,0.0,0.0,9.0,92520.0,0.0,0.0,13382.0,136738780.0,35.0,366840.0,2147.0,20920520.0,0.0,0.0
192400,쿠쿠홀딩스,유가,기타 금융업,주방용 전기기기 제조업,27400.0,21221.0,577369475.0,1.1100000143051147,29517800.0,3.6600000858306885,3347.0,89920600.0,-1773.0,-47368150.0,-1574.0,-42552450.0,436.0,12013950.0,-17.0,-462400.0,-1448.0,-39279000.0,0.0,0.0,0.0,0.0,-545.0,-14825000.0,0.0,0.0,0.0,0.0
284740,쿠쿠홈시스,유가,개인 및 가정용품 임대업,"정수기, 공기청정기 등",22200.0,11660.0,257761125.0,-0.44999998807907104,20601150.0,6.309999942779541,6022.0,132865075.0,-5225.0,-115339750.0,-862.0,-18900900.0,651.0,14376425.0,-64.0,-1408000.0,23.0,513100.0,0.0,0.0,-1497.0,-32930675.0,25.0,548250.0,64.0,1353575.0,1.0,22000.0
264900,크라운제과,유가,"떡, 빵 및 과자류 제조업","비스킷, 스낵, 당과",8150.0,9855.0,80068910.0,-0.23999999463558197,73510.0,0.09000000357627869,1753.0,14180070.0,-1414.0,-11466530.0,-339.0,-2713540.0,262.0,2140940.0,-601.0,-4853920.0,0.0,0.0,0.0,0.0,0.0,0.0,0.0,-560.0,0.0,0.0,0.0,0.0
26490K,크라운제과우,KOSPI,기타/미분류,기타/미분류,7810.0,252.0,1934780.0,0.25999999046325684,0.0,0.0,30.0,231380.0,-30.0,-231380.0,0.0,0.0,0.0,0.0,0.0,0.0,0.0,0.0,0.0,0.0,0.0,0.0,0.0,0.0,0.0,0.0,0.0,0.0
005740,크라운해태홀딩스,유가,기타 금융업,"비스켓,쵸코렛,사탕,웨이퍼 제조,도매",5740.0,28542.0,164496010.0,-2.049999952316284,1293830.0,0.7900000214576721,-7294.0,-41882030.0,7111.0,40883740.0,183.0,998890.0,183.0,999590.0,0.0,0.0,0.0,0.0,0.0,0.0,0.0,0.0,0.0,-700.0,0.0,-600.0,0.0,0.0
005745,크라운해태홀딩스우,KOSPI,기타/미분류,기타/미분류,5350.0,1714.0,9077500.0,5.940000057220459,0.0,0.0,0.0,0.0,0.0,0.0,0.0,0.0,0.0,0.0,0.0,0.0,0.0,0.0,0.0,0.0,0.0,0.0,0.0,0.0,0.0,0.0,0.0,0.0
259960,크래프톤,유가,소프트웨어 개발 및 공급업,<배틀그라운드> 등 게임 소프트웨어,222500.0,108239.0,24279849250.0,0.44999998807907104,5514877250.0,20.979999542236328,-4294.0,-968163500.0,13031.0,2906798500.0,-26685.0,-5970845250.0,-13815.0,-3094481750.0,-3030.0,-679343750.0,-2963.0,-662289000.0,0.0,0.0,-6299.0,-1405127250.0,-578.0,-129603500.0,17929.0,4027916250.0,19.0,4294000.0
020120,키다리스튜디오,유가,"자료처리, 호스팅, 포털 및 기타 인터넷 정보매개 서비스업","웹툰,웹소설 플랫폼 서비스 및 출판, 영상콘텐츠 제작 및 유통",3995.0,381725.0,1501956310.0,3.9000000953674316,50610.0,0.0,-72912.0,-287840254.0,38301.0,151593544.0,28834.0,113877050.0,28824.0,113832780.0,0.0,0.0,10.0,39950.0,0.0,0.0,0.0,0.0,0.0,4320.0,6180.0,23981665.0,-403.0,-1612005.0
039490,키움증권,유가,금융 지원 서비스업,"유가증권의 매매, 위탁, 인수, 주선",275500.0,110087.0,30167206000.0,3.7699999809265137,766958000.0,1.9600000381469727,-12929.0,-3563469750.0,13201.0,3613136000.0,-10150.0,-2770737750.0,1966.0,539801000.0,-1540.0,-421807000.0,-5037.0,-1377852250.0,0.0,0.0,-4309.0,-1173952000.0,-1229.0,-336648500.0,9885.0,2722987500.0,-7.0,-1916000.0
014580,태경비케이,유가,"시멘트, 석회, 플라스터 및 그 제품 제조업","생석회,소석회,석회비료 제조,판매/비금속광물 광업/산업폐기물 재생처리/휴게소 운영",3980.0,63733.0,252585878.0,-0.3799999952316284,1125815.0,0.44999998807907104,10508.0,41732298.0,-11144.0,-44249013.0,664.0,2633935.0,657.0,2606765.0,0.0,0.0,7.0,27860.0,0.0,0.0,0.0,0.0,0.0,-690.0,-80.0,-322800.0,52.0,205580.0
015890,태경산업,유가,기초 화학물질 제조업,"제강용 정련제(프락스),카바이드,중질탈산칼슘 제조,판매/고속도로휴게소 운영",4770.0,51089.0,244046120.0,0.20999999344348907,9550.0,0.0,27955.0,133497745.0,-25143.0,-120006700.0,-3858.0,-18509930.0,-3866.0,-18547520.0,0.0,0.0,8.0,38160.0,0.0,0.0,0.0,0.0,0.0,-570.0,1046.0,5018885.0,0.0,0.0
006890,태경케미컬,유가,기초 화학물질 제조업,"드라이아이스,액체탄산,고체탄산 제조",5160.0,22861.0,118850950.0,0.0,4637870.0,3.9000000953674316,987.0,4916600.0,-958.0,-4760680.0,-35.0,-187000.0,-35.0,-187000.0,0.0,0.0,0.0,0.0,0.0,0.0,0.0,0.0,0.0,0.0,0.0,0.0,6.0,31080.0
003240,태광산업,유가,화학섬유 제조업,"석유화학제품(PTA,AN),화섬사,직물 등",875000.0,1602.0,1419385000.0,-1.1299999952316284,125605000.0,7.699999809265137,21.0,17466000.0,63.0,53584000.0,-88.0,-74592000.0,-30.0,-23857000.0,3.0,2652000.0,-8.0,-6999000.0,0.0,0.0,-50.0,-43765000.0,-3.0,-2623000.0,4.0,3542000.0,0.0,0.0
011280,태림포장,유가,"골판지, 종이 상자 및 종이용기 제조업","골판지,골판지상자,수출용박스 제조,도매/인쇄",1707.0,13931.0,23636409.0,0.18000000715255737,1729351.0,7.320000171661377,-1558.0,-2639142.0,-308.0,-539330.0,1697.0,2891176.0,1678.0,2858698.0,0.0,0.0,19.0,32433.0,0.0,0.0,0.0,0.0,0.0,45.0,169.0,287296.0,0.0,0.0
004100,태양금속공업,유가,자동차 신품 부품 제조업,"자동차용 강력볼트,너트,전기전자제품용 나사,자전거부품,전해동박,도금도장설비 제조",2390.0,358489.0,857630188.0,4.139999866485596,3046570.0,0.36000001430511475,-38948.0,-93750963.0,25004.0,60654613.0,13944.0,33096350.0,861.0,2044235.0,0.0,0.0,0.0,0.0,0.0,0.0,0.0,0.0,13083.0,31052115.0,0.0,0.0,0.0,0.0
004105,태양금속우,KOSPI,기타/미분류,기타/미분류,2790.0,12700.0,35726765.0,1.6399999856948853,0.0,0.0,183.0,531280.0,-183.0,-531280.0,0.0,0.0,0.0,0.0,0.0,0.0,0.0,0.0,0.0,0.0,0.0,0.0,0.0,0.0,0.0,0.0,0.0,0.0
009410,태영건설,유가,토목 건설업,"종합건설업(토목공사,도로공사,건축공사,관급공사,환경공사,상하수도공사,하수종말처리공사)/부동산 임대,매매",1603.0,142817.0,229450825.0,-0.11999999731779099,13406104.0,5.840000152587891,49190.0,78850741.0,-49445.0,-79328856.0,-92.0,-78409.0,-92.0,-78409.0,0.0,0.0,0.0,0.0,0.0,0.0,0.0,0.0,0.0,0.0,0.0,0.0,347.0,556524.0
009415,태영건설우,KOSPI,기타/미분류,기타/미분류,6490.0,517.0,3350030.0,0.6200000047683716,0.0,0.0,0.0,0.0,0.0,0.0,0.0,0.0,0.0,0.0,0.0,0.0,0.0,0.0,0.0,0.0,0.0,0.0,0.0,0.0,0.0,0.0,0.0,0.0
001420,태원물산,유가,자동차 신품 부품 제조업,"자동차부품,워터펌프,인산정제석고,건축자재(불연내장재), 제조,수출입",2125.0,51663.0,110233955.0,1.190000057220459,4831075.0,4.380000114440918,-11793.0,-25451810.0,-15840.0,-33840975.0,-1207.0,-2511505.0,-1207.0,-2511505.0,0.0,0.0,0.0,0.0,0.0,0.0,0.0,0.0,0.0,0.0,30046.0,64418880.0,-1206.0,-2614590.0
055490,테이팩스,유가,플라스틱제품 제조업,"OCA, 2차전지용 테이프, 산업용 랩 등",13690.0,11527.0,158754775.0,0.0,82400.0,0.05000000074505806,2807.0,38769630.0,-2151.0,-29712590.0,-473.0,-6505830.0,-473.0,-6505830.0,0.0,0.0,0.0,0.0,0.0,0.0,0.0,0.0,0.0,0.0,0.0,0.0,-183.0,-2551210.0
078000,텔코웨어,유가,"자료처리, 호스팅, 포털 및 기타 인터넷 정보매개 서비스업","소프트웨어(핵심망솔루션,무선데이터솔루션,요소기술) 개발,유지보수,무역",13010.0,8443.0,109035170.0,1.4800000190734863,0.0,0.0,2847.0,36798880.0,-2991.0,-38667540.0,144.0,1868660.0,142.0,1841380.0,0.0,0.0,2.0,26020.0,0.0,0.0,0.0,0.0,0.0,1260.0,0.0,0.0,0.0,0.0
214420,토니모리,유가,기타 화학제품 제조업,"스킨케어 베이직, 포인트 메이크업, 스킨케어 스페셜, 베이스 메이크업 등",5410.0,73317.0,394474645.0,2.6600000858306885,7975665.0,2.0199999809265137,-11665.0,-63187355.0,4225.0,22998255.0,7413.0,40045470.0,7386.0,39898760.0,0.0,0.0,6.0,32460.0,0.0,0.0,0.0,0.0,21.0,114250.0,10.0,52220.0,17.0,91410.0
091810,트리니티항공,유가,항공 여객 운송업,저가 항공운송,626.0,0.0,0.0,0.0,0.0,0.0,0.0,0.0,0.0,0.0,0.0,0.0,0.0,0.0,0.0,0.0,0.0,0.0,0.0,0.0,0.0,0.0,0.0,0.0,0.0,0.0,0.0,0.0
019180,티에이치엔,유가,기타 전기장비 제조업,"자동차부품(전기배선장치류) 제조,도매",5520.0,77687.0,426686755.0,2.0299999713897705,5510.0,0.0,-2240.0,-12354525.0,4804.0,26432975.0,-2568.0,-14100590.0,432.0,2378590.0,0.0,0.0,0.0,0.0,0.0,0.0,-3000.0,-16479300.0,0.0,120.0,4.0,22140.0,0.0,0.0
217590,티엠씨,유가,절연선 및 케이블 제조업,"선박용케이블, 해양용케이블, 전력용케이블, 광케이블 등",12580.0,221214.0,2769013605.0,0.07999999821186066,30905940.0,1.1200000047683716,-265.0,-1829695.0,-9334.0,-118058975.0,-25.0,-303140.0,162.0,2035590.0,0.0,0.0,6.0,75480.0,0.0,0.0,0.0,0.0,-193.0,-2414210.0,6515.0,81348110.0,3109.0,38843700.0
363280,티와이홀딩스,유가,기타 금융업,지주사업,1944.0,12726.0,24527637.0,1.25,157779.0,0.6399999856948853,-1729.0,-3294667.0,3836.0,7401857.0,311.0,604924.0,311.0,604924.0,0.0,0.0,0.0,0.0,0.0,0.0,0.0,0.0,0.0,0.0,-2418.0,-4712114.0,0.0,0.0
36328K,티와이홀딩스우,KOSPI,기타/미분류,기타/미분류,2440.0,2173.0,5293900.0,0.4099999964237213,0.0,0.0,176.0,426960.0,24.0,58040.0,0.0,0.0,0.0,0.0,0.0,0.0,0.0,0.0,0.0,0.0,0.0,0.0,0.0,0.0,0.0,0.0,-200.0,-485000.0
004870,티웨이홀딩스,유가,"시멘트, 석회, 플라스터 및 그 제품 제조업","레미콘,콘크리트파일,완구 제조/미니어쳐테마파크 운영",1145.0,48644.0,55742937.0,-0.6899999976158142,6720557.0,12.0600004196167,-5333.0,-6060119.0,5908.0,6721241.0,-492.0,-564648.0,-492.0,-564648.0,0.0,0.0,0.0,0.0,0.0,0.0,0.0,0.0,0.0,0.0,0.0,0.0,-83.0,-96474.0
034230,파라다이스,유가,유원지 및 기타 오락관련 서비스업,"카지노, 호텔, 복합리조트",9480.0,399822.0,3817458750.0,0.20999999344348907,878156225.0,17.360000610351562,94452.0,901643860.0,-2032.0,-23027540.0,-104882.0,-996530000.0,-18648.0,-177191670.0,75.0,715910.0,-43620.0,-415634100.0,0.0,0.0,-41918.0,-397094850.0,-771.0,-7325290.0,9634.0,91092920.0,2828.0,26820760.0
005690,파미셀,유가,전자부품 제조업,"줄기세포치료제,화장품",11860.0,10117272.0,129434653545.0,4.21999979019165,4155485550.0,3.2100000381469727,2380051.0,29024092600.0,-2200363.0,-27072293435.0,-192374.0,-2446553665.0,7480.0,89887980.0,-2218.0,-26868225.0,-223343.0,-2815983360.0,0.0,0.0,27250.0,327041245.0,-1543.0,-20631305.0,4611.0,397401265.0,8075.0,97353235.0
036580,팜스코,유가,"곡물가공품, 전분 및 전분제품 제조업","배합사료 제조,도매",2535.0,28633.0,72072320.0,1.0,183380.0,0.25,10626.0,26824445.0,769.0,1908805.0,-4439.0,-11064850.0,-4439.0,-11064865.0,0.0,0.0,0.0,0.0,0.0,0.0,0.0,0.0,0.0,15.0,-6960.0,-17678400.0,4.0,10000.0
004720,팜젠사이언스,유가,의약품 제조업,의약품 외,3200.0,15426.0,49000070.0,0.949999988079071,1076675.0,2.200000047683716,-3923.0,-12431015.0,566.0,1782950.0,456.0,1456685.0,456.0,1456685.0,0.0,0.0,0.0,0.0,0.0,0.0,0.0,0.0,0.0,0.0,2901.0,9191380.0,0.0,0.0
028670,팬오션,유가,해상 운송업,"해상화물운송(외항,운수보관)",5770.0,3140761.0,18378112030.0,-3.990000009536743,1460857010.0,7.949999809265137,158277.0,926988615.0,-261956.0,-1529928285.0,112241.0,654896140.0,2140.0,11271075.0,-6662.0,-38708530.0,54240.0,317749265.0,0.0,0.0,41751.0,243483395.0,17854.0,104166935.0,-938.0,-6964320.0,-7624.0,-44992150.0
010820,퍼스텍,유가,무기 및 총포탄 제조업,"방위산업제품,프린터,불소화합물,자동차용 매트 제조/얼굴인식시스템 개발",6180.0,313869.0,1932811055.0,1.4800000190734863,5962340.0,0.3100000023841858,536.0,2052405.0,-731.0,-3275245.0,1269.0,7818840.0,1201.0,7396360.0,0.0,0.0,19.0,117420.0,0.0,0.0,0.0,0.0,49.0,305060.0,0.0,0.0,-1074.0,-6596000.0
016800,퍼시스,유가,가구 제조업,"사무용 가구,의자,책상,캐비넷 제조",27400.0,1191.0,32755750.0,-3.690000057220459,1322100.0,2.880000114440918,84.0,2325200.0,-751.0,-20637650.0,666.0,18284950.0,640.0,17574050.0,-1.0,-27350.0,14.0,383600.0,0.0,0.0,0.0,0.0,13.0,354650.0,0.0,0.0,1.0,27500.0
001020,페이퍼코리아,유가,"펄프, 종이 및 판지 제조업","제지(신문용지,중질지),합판 제조,건설,석유류 판매",2185.0,32473.0,69913745.0,5.809999942779541,32445.0,0.05000000074505806,10058.0,21689690.0,-9276.0,-20048875.0,-782.0,-1640815.0,-782.0,-1640815.0,0.0,0.0,0.0,0.0,0.0,0.0,0.0,0.0,0.0,0.0,0.0,0.0,0.0,0.0
090080,평화산업,유가,자동차 신품 부품 제조업,"자동차부품(방진고무,방류고무(COVER류,CUP류),호스류),장비시설용 부품 제조,판매",1079.0,696670.0,745169723.0,0.5600000023841858,19845368.0,2.6600000858306885,-331226.0,-356838851.0,-23943.0,-25264041.0,614.0,639230.0,614.0,639230.0,0.0,0.0,0.0,0.0,0.0,0.0,0.0,0.0,0.0,0.0,354120.0,381002520.0,435.0,461142.0
010770,평화홀딩스,유가,자동차 신품 부품 제조업,지주회사,3745.0,15870.0,59231445.0,0.12999999523162842,22470.0,0.03999999910593033,270.0,1117703.0,-264.0,-1095233.0,-6.0,-22470.0,-6.0,-22470.0,0.0,0.0,0.0,0.0,0.0,0.0,0.0,0.0,0.0,0.0,0.0,0.0,0.0,0.0
022100,포스코DX,유가,"건축기술, 엔지니어링 및 관련 기술 서비스업",EIC 자동화 엔지니어링 및 IT서비스,20450.0,181252.0,3711167525.0,2.869999885559082,254052400.0,4.900000095367432,-30418.0,-628255700.0,55906.0,1146049475.0,-26150.0,-531350475.0,-5107.0,-101448650.0,282.0,5723425.0,32.0,704850.0,0.0,0.0,-19671.0,-401767875.0,-1686.0,-34562225.0,584.0,11942550.0,78.0,1614150.0
058430,포스코스틸리온,유가,1차 철강 제조업,"용융아연도금강판,용융알루미늄도금강판,칼라도장강판,냉연강판 가공,제조,도매",4640.0,203762.0,943154793.0,1.5299999713897705,42788290.0,4.539999961853027,-65032.0,-301523401.0,61293.0,284188151.0,3728.0,17284480.0,3766.0,17459175.0,0.0,0.0,-112.0,-517275.0,0.0,0.0,0.0,0.0,74.0,342580.0,0.0,0.0,11.0,50770.0
047050,포스코인터내셔널,유가,상품 중개업,"영업활동의 주요 품목으로 에너지 사업내 천연가스 발전, 태양력, 풍력, 수소 등이 있으며, 트레이딩 사업은 철강 및 철강원료, 이차전지소재, 곡물, 유지, 면방, 바이오플라스틱, 친환경차부품, 인프라 및 산업 플랜트 등이 있음.",52300.0,985663.0,51468692950.0,3.1600000858306885,9558565300.0,16.049999237060547,-51931.0,-2809309750.0,16043.0,943228200.0,26397.0,1369225450.0,6867.0,348600200.0,-303.0,-15634350.0,-7857.0,-411117450.0,0.0,0.0,17512.0,916225750.0,9614.0,501539300.0,9496.0,497166150.0,-5.0,-310050.0
003670,포스코퓨처엠,유가,일차전지 및 이차전지 제조업,"내화물, 생석회, 음극재 및 양극재",163300.0,242384.0,40039401650.0,1.8700000047683716,10278121600.0,19.40999984741211,-1669.0,-321580400.0,37079.0,6088059800.0,-37080.0,-6044444600.0,-15465.0,-2515236150.0,-75.0,-12627100.0,4389.0,718591600.0,0.0,0.0,-10207.0,-1671626150.0,-15721.0,-2563379600.0,1132.0,188329900.0,538.0,89635300.0
017810,풀무원,유가,기타 식품 제조업,"두부류,생면류,나물류,냉동류,조미류,김치류,묵류,녹즙,과채음료,건강보조식품 판매,제조,생식품 수출",9400.0,21814.0,203425645.0,3.75,664960.0,0.20999999344348907,-6500.0,-60724165.0,-241.0,-2291555.0,6791.0,63484520.0,2805.0,26278660.0,-4.0,-37450.0,45.0,423000.0,0.0,0.0,3901.0,36403720.0,44.0,416590.0,0.0,0.0,-50.0,-468800.0
103140,풍산,유가,1차 비철금속 제조업,기타/미분류,79000.0,78849.0,6279105250.0,-0.25,302791850.0,3.7100000381469727,-5268.0,-425693100.0,-6181.0,-491913650.0,11094.0,890065200.0,-1182.0,-89667200.0,69.0,5463950.0,-3438.0,-271158250.0,0.0,0.0,15763.0,1254062100.0,-117.0,-8555700.0,823.0,65251550.0,-468.0,-37710000.0
005810,풍산홀딩스,유가,기타 금융업,"동판제,대,관,봉,선,소전,동파이프 제조,도매,무역",37250.0,16517.0,613527725.0,1.6399999856948853,51107400.0,6.960000038146973,-6032.0,-224223625.0,388.0,14305775.0,644.0,24114850.0,630.0,23590550.0,-18.0,-667700.0,16.0,596000.0,0.0,0.0,0.0,0.0,16.0,596000.0,5000.0,185803000.0,0.0,0.0
950210,프레스티지바이오파마,유가,자연과학 및 공학 연구개발업,바이오시밀러 및 항체의약품 신약,6310.0,38840.0,244115980.0,0.6399999856948853,184140.0,0.07999999821186066,2387.0,14715530.0,-2724.0,-16825200.0,336.0,2103460.0,336.0,2103460.0,0.0,0.0,0.0,0.0,0.0,0.0,0.0,0.0,0.0,0.0,0.0,0.0,1.0,6210.0
006490,프리티,유가,전기 통신업,"시계,스마트그리드,도소매,소프트웨어개발",898.0,0.0,0.0,0.0,0.0,0.0,0.0,0.0,0.0,0.0,0.0,0.0,0.0,0.0,0.0,0.0,0.0,0.0,0.0,0.0,0.0,0.0,0.0,0.0,0.0,0.0,0.0,0.0
009810,플레이그램,유가,기타 전문 도매업,"MRO, 영상콘텐츠",1739.0,4490.0,7779746.0,0.23000000417232513,1739.0,0.019999999552965164,2006.0,3479575.0,-941.0,-1632067.0,0.0,0.0,0.0,0.0,0.0,0.0,0.0,0.0,0.0,0.0,0.0,0.0,0.0,0.0,-1065.0,-1847508.0,0.0,0.0
086790,하나금융지주,유가,기타 금융업,기타 금융,123400.0,931998.0,116695782940.0,-3.2200000286102295,16145726322.0,13.050000190734863,56084.0,6958505000.0,60039.0,7466076100.0,-120995.0,-15035838350.0,-46488.0,-5739994550.0,-3071.0,-385746750.0,-20743.0,-2595331300.0,-10542.0,-1326202200.0,-81732.0,-10226928850.0,-7501.0,-931602250.0,4556.0,571782850.0,316.0,39474400.0
293480,하나제약,유가,의약품 제조업,완제의약품,8450.0,36578.0,307575700.0,1.2000000476837158,588470.0,0.1899999976158142,18688.0,157058740.0,-16991.0,-142790665.0,-1697.0,-14264335.0,-1717.0,-14432690.0,0.0,0.0,4.0,33800.0,0.0,0.0,0.0,0.0,16.0,134555.0,0.0,-3740.0,0.0,0.0
039130,하나투어,유가,여행사 및 기타 여행보조 서비스업,"일반여행알선,컴퓨터프로그램 개발,보급,통신판매",31650.0,15914.0,502777300.0,0.9599999785423279,13606150.0,1.909999966621399,-703.0,-22616900.0,4315.0,136588700.0,-3613.0,-114003300.0,476.0,15012450.0,-66.0,-2080350.0,-20.0,-629850.0,0.0,0.0,-4000.0,-126210600.0,-3.0,-94950.0,0.0,0.0,1.0,31500.0
352820,하이브,유가,오디오물 출판 및 원판 녹음업,"음악 기획/제작, 퍼블리싱, 아티스트 매니지먼트",173400.0,168983.0,29589845450.0,0.699999988079071,2193513900.0,5.269999980926514,-20178.0,-3577622000.0,30294.0,5309818100.0,-12811.0,-2205253600.0,3060.0,549371850.0,-272.0,-47379200.0,2.0,932050.0,0.0,0.0,-15194.0,-2637331050.0,-342.0,-59580050.0,2860.0,502025200.0,-165.0,-28967700.0
071090,하이스틸,유가,1차 철강 제조업,"강관 제조,도매",3020.0,137747.0,412362990.0,2.0299999713897705,16949310.0,4.110000133514404,-12060.0,-35862380.0,11837.0,35206935.0,223.0,655805.0,223.0,655805.0,0.0,0.0,0.0,0.0,0.0,0.0,0.0,0.0,0.0,0.0,0.0,-360.0,0.0,0.0
000080,하이트진로,유가,알코올음료 제조업,"맥주, 소주",15130.0,85271.0,1295289885.0,0.12999999523162842,136003110.0,9.289999961853027,-4812.0,-73877295.0,-4998.0,-75696215.0,9868.0,150455110.0,-4906.0,-73884390.0,-63.0,-957530.0,-488.0,-7393950.0,0.0,0.0,15915.0,241637710.0,-590.0,-8946810.0,0.0,0.0,-58.0,-881600.0
000087,하이트진로2우B,KOSPI,기타/미분류,기타/미분류,12440.0,2451.0,30203130.0,0.8899999856948853,0.0,0.0,101.0,1237550.0,87.0,1064860.0,-188.0,-2302410.0,-188.0,-2302410.0,0.0,0.0,0.0,0.0,0.0,0.0,0.0,0.0,0.0,0.0,0.0,0.0,0.0,0.0
000140,하이트진로홀딩스,유가,기타 금융업,지주회사,8080.0,10780.0,86755205.0,-0.49000000953674316,9404400.0,10.84000015258789,6228.0,50043825.0,-4452.0,-35658575.0,-2061.0,-16665250.0,-2088.0,-16882170.0,0.0,0.0,6.0,48480.0,0.0,0.0,0.0,0.0,21.0,168440.0,285.0,2280000.0,0.0,0.0
000145,하이트진로홀딩스우,KOSPI,기타/미분류,기타/미분류,9540.0,665.0,6103500.0,-1.1399999856948853,0.0,0.0,-2.0,-18750.0,2.0,18750.0,0.0,0.0,0.0,0.0,0.0,0.0,0.0,0.0,0.0,0.0,0.0,0.0,0.0,0.0,0.0,0.0,0.0,0.0
036460,한국가스공사,유가,연료용 가스 제조 및 배관공급업,"액화천연가스 공급,제조,도매,개발",36350.0,130041.0,4716606300.0,0.2800000011920929,130275250.0,2.2100000381469727,-13145.0,-478398075.0,16982.0,616585800.0,-3770.0,-135755325.0,-10273.0,-371946175.0,-43.0,-1535300.0,-465.0,-16804550.0,0.0,0.0,7609.0,276187200.0,-599.0,-21692800.0,-7.0,-253400.0,-60.0,-2179000.0
005430,한국공항,유가,기타 운송관련 서비스업,"항공기 지상조업,항공화물 상하역,장비대여,항공용역사업,항공기급유,항공화물 취급,보관,부정기헬기운송,여행알선,광업,먹는샘물 제조,농축산업",81000.0,8517.0,695604300.0,-3.4600000381469727,7124300.0,1.0199999809265137,3245.0,264991700.0,-3825.0,-312127000.0,-1431.0,-116849200.0,81.0,6594300.0,0.0,0.0,-880.0,-71738450.0,0.0,0.0,-145.0,-11993700.0,-487.0,-39711350.0,2011.0,163984500.0,0.0,0.0
071050,한국금융지주,유가,기타 금융업,금융지주회사,186800.0,214862.0,40239959400.0,2.0199999809265137,1132402900.0,2.4200000762939453,-10491.0,-1976843250.0,22605.0,4229828100.0,-9707.0,-1802690450.0,11607.0,2188512100.0,-2406.0,-450841450.0,-16476.0,-3090511650.0,50.0,9384000.0,-3762.0,-702270250.0,1310.0,248669300.0,-2120.0,-396656500.0,-287.0,-53637900.0
071055,한국금융지주우,KOSPI,기타/미분류,기타/미분류,151700.0,4901.0,741704350.0,1.6799999475479126,31738300.0,4.28000020980835,462.0,69700950.0,-541.0,-81890150.0,-104.0,-15555700.0,57.0,8620900.0,-117.0,-17616200.0,8.0,1213600.0,0.0,0.0,0.0,0.0,-52.0,-7775100.0,183.0,27744900.0,0.0,0.0
010040,한국내화,유가,"내화, 비내화 요업제품 제조업","내화벽돌,내화몰탈,축로등 제조,판매",1690.0,23368.0,39374987.0,-3.319999933242798,6770.0,0.019999999552965164,12136.0,20452683.0,-10520.0,-17736374.0,-1616.0,-2716309.0,-1616.0,-2716309.0,0.0,0.0,0.0,0.0,0.0,0.0,0.0,0.0,0.0,0.0,0.0,0.0,0.0,0.0
025540,한국단자공업,유가,"전동기, 발전기 및 전기 변환 · 공급 · 제어 장치 제조업","전기변환장치(광커넥터,통신용콘넥터,정밀압착단자설계) 제조,무역(수출)",55800.0,37903.0,2117527250.0,0.36000001430511475,63929000.0,2.4200000762939453,18682.0,1043173450.0,-3003.0,-167490900.0,-16642.0,-929433950.0,274.0,15294300.0,-4.0,-223500.0,-535.0,-29873100.0,0.0,0.0,-6587.0,-367573050.0,-9790.0,-547058600.0,853.0,47609200.0,110.0,6142200.0
010100,한국무브넥스,유가,자동차 신품 부품 제조업,"자동차부품(제동,구동장치),프랜지(관이음쇠),철구조물,산업기계 제조",3575.0,42668.0,152671546.0,-0.41999998688697815,8846280.0,5.789999961853027,-3014.0,-10759694.0,3828.0,13682859.0,684.0,2447185.0,833.0,2980900.0,0.0,0.0,8.0,28600.0,0.0,0.0,0.0,0.0,-157.0,-562315.0,0.0,0.0,-1498.0,-5370350.0
004090,한국석유공업,유가,기타 비금속 광물제품 제조업,"석유류제품(솔벤트,부로운아스팔트,방수시트몰터프라스,메타놀,빙초산) 제조,도소매/부동산 임대",11020.0,83519.0,918723075.0,1.2899999618530273,5521800.0,0.6000000238418579,-18686.0,-206342685.0,8524.0,93755015.0,14956.0,165082450.0,272.0,3003040.0,0.0,0.0,3.0,33060.0,0.0,0.0,0.0,0.0,14681.0,162046350.0,0.0,0.0,-4794.0,-52494780.0
002200,한국수출포장공업,유가,"골판지, 종이 상자 및 종이용기 제조업","골판지상자,골판지원지 제조,판매",2565.0,62732.0,159557071.0,0.20000000298023224,563275.0,0.3499999940395355,-8685.0,-22082329.0,-5768.0,-14696766.0,-1453.0,-3670090.0,-1462.0,-3693050.0,0.0,0.0,9.0,23085.0,0.0,0.0,0.0,0.0,0.0,-125.0,15902.0,40438985.0,4.0,10200.0
002960,한국쉘석유,유가,석유 정제품 제조업,"윤활유,그리스 제조,도매",509000.0,1623.0,821106000.0,0.38999998569488525,45669000.0,4.380000114440918,-248.0,-123968000.0,19.0,7820000.0,166.0,84327000.0,129.0,65517000.0,-3.0,-1518000.0,40.0,20330000.0,0.0,0.0,0.0,0.0,0.0,-2000.0,63.0,31821000.0,0.0,0.0
000240,한국앤컴퍼니,유가,기타 금융업,비금융지주회사,23600.0,104438.0,2481775325.0,-2.2799999713897705,986298600.0,32.2599983215332,51461.0,1219563450.0,-39120.0,-927872775.0,-7938.0,-187210525.0,-13827.0,-328125250.0,-295.0,-6948925.0,-813.0,-19055800.0,0.0,0.0,7373.0,175856950.0,-375.0,-8913950.0,-4412.0,-104694550.0,9.0,214400.0
123890,한국자산신탁,유가,신탁업 및 집합투자업,"부동산 신탁 서비스, REITs",2485.0,437989.0,1083755687.0,4.409999847412109,333150.0,0.029999999329447746,-211345.0,-524016523.0,98581.0,241864724.0,126045.0,314636281.0,2577.0,6509260.0,63759.0,159088985.0,49583.0,123710876.0,0.0,0.0,10000.0,25008850.0,126.0,318310.0,-257.0,-622727.0,-13024.0,-31861755.0
015760,한국전력공사,유가,전기업,"전력자원개발,발전,송전,전력용기자재확보",31800.0,1292527.0,41183554625.0,3.0799999237060547,2664631850.0,4.519999980926514,-410532.0,-13106009825.0,215014.0,6829396750.0,192398.0,6179554750.0,-8058.0,-239331450.0,-1210.0,-38525725.0,22706.0,728826600.0,-100.0,-3200000.0,-2851.0,-89351800.0,187081.0,5985907775.0,4639.0,145610500.0,-1519.0,-48552175.0
015760,한국전력공사,유가,전기업,"전력자원개발,발전,송전,전력용기자재확보",31800.0,1292527.0,41183554625.0,3.0799999237060547,2664631850.0,4.519999980926514,-410532.0,-13106009825.0,215014.0,6829396750.0,192398.0,6179554750.0,-8058.0,-239331450.0,-1210.0,-38525725.0,22706.0,728826600.0,-100.0,-3200000.0,-2851.0,-89351800.0,187081.0,5985907775.0,4639.0,145610500.0,-1519.0,-48552175.0
006200,한국전자홀딩스,유가,기타 금융업,"시장조사,경영컨설팅",1910.0,52201.0,98373406.0,-0.7300000190734863,324153.0,0.33000001311302185,8606.0,16195366.0,-8602.0,-16224446.0,-4.0,29080.0,-4.0,29080.0,0.0,0.0,0.0,0.0,0.0,0.0,0.0,0.0,0.0,0.0,0.0,0.0,0.0,0.0
027970,한국제지,유가,"펄프, 종이 및 판지 제조업","펄프, 종이 및 판지 제조업(031701)",2780.0,14973.0,41487275.0,0.5400000214576721,0.0,0.0,330.0,914455.0,-529.0,-1468280.0,248.0,690800.0,213.0,593500.0,0.0,0.0,0.0,0.0,0.0,0.0,0.0,0.0,35.0,97300.0,-50.0,-139750.0,1.0,2775.0
023350,한국종합기술,유가,"건축기술, 엔지니어링 및 관련 기술 서비스업","토목설계,건축설계,감리,측량/토목건축공사",3885.0,11774.0,45799155.0,-0.25999999046325684,39210.0,0.09000000357627869,1432.0,5597300.0,-1673.0,-6535390.0,241.0,938090.0,241.0,938090.0,0.0,0.0,0.0,0.0,0.0,0.0,0.0,0.0,0.0,0.0,0.0,0.0,0.0,0.0
025890,한국주강,유가,특수 목적용 기계 제조업,"주강,주물 제조,도매",2460.0,35033.0,85305210.0,1.2300000190734863,0.0,0.0,-11663.0,-28304530.0,10107.0,24633985.0,120.0,295010.0,120.0,295010.0,0.0,0.0,0.0,0.0,0.0,0.0,0.0,0.0,0.0,0.0,1436.0,3375535.0,0.0,0.0
000970,한국주철관공업,유가,1차 철강 제조업,"수도용주철관,강관 제조",6770.0,30997.0,208227730.0,0.0,2415210.0,1.159999966621399,6949.0,46989500.0,-9486.0,-63926040.0,860.0,5769930.0,834.0,5593910.0,0.0,0.0,6.0,40620.0,0.0,0.0,0.0,0.0,20.0,135400.0,100.0,672000.0,1577.0,10494610.0
104700,한국철강,유가,1차 철강 제조업,철근,9730.0,35111.0,338830470.0,-0.20999999344348907,19790870.0,5.5,-2989.0,-28836480.0,-22131.0,-213610730.0,25118.0,242427960.0,27086.0,261409950.0,-20.0,-192800.0,-3.0,-24660.0,0.0,0.0,-2000.0,-19299200.0,55.0,534670.0,0.0,0.0,2.0,19250.0
017960,한국카본,유가,"구조용 금속제품, 탱크 및 증기발생기 제조업","탄소섬유(카본프리프레그(낚시대,테니스라켓,골프 Shaft,스포츠레저용품)),합성수지,글라스페이퍼,LNG선박용 단열판넬 제조,도매",23450.0,254229.0,6029207175.0,-0.8500000238418579,634306425.0,7.480000019073486,15316.0,353905900.0,25230.0,600085225.0,-44231.0,-1041132825.0,-18590.0,-436391125.0,-31.0,-766025.0,2422.0,57696425.0,0.0,0.0,-27423.0,-647286900.0,-608.0,-14361800.0,3566.0,84338750.0,119.0,2802950.0
161890,한국콜마,유가,기타 화학제품 제조업,"화장품, 의약품",137800.0,411216.0,55197401700.0,7.820000171661377,2942488400.0,3.799999952316284,-63416.0,-8430148250.0,-8908.0,-1289575600.0,74900.0,10066929300.0,-1571.0,-206056100.0,1877.0,252524600.0,11352.0,1517081050.0,0.0,0.0,15021.0,2027258500.0,47871.0,6428512850.0,-1757.0,-237646700.0,-819.0,-109558750.0
161390,한국타이어앤테크놀로지,유가,고무제품 제조업,타이어 제조,66500.0,304767.0,20335075700.0,-2.3499999046325684,4158653150.0,19.079999923706055,57906.0,3858085100.0,16549.0,1098707650.0,-79854.0,-5317672850.0,-54593.0,-3638288350.0,189.0,12126950.0,-18695.0,-1245636750.0,0.0,0.0,-6344.0,-419019250.0,-411.0,-26855800.0,5362.0,358409100.0,37.0,2471000.0
034830,한국토지신탁,유가,신탁업 및 집합투자업,부동산신탁 등,1118.0,289501.0,324561846.0,-0.09000000357627869,0.0,0.0,39799.0,44409717.0,32682.0,36695486.0,-76973.0,-86126557.0,5040.0,5645272.0,-511.0,-571543.0,-1353.0,-1513312.0,0.0,0.0,0.0,0.0,-80149.0,-89686974.0,4469.0,4995611.0,23.0,25743.0
007280,한국특강,유가,1차 철강 제조업,"철강압연제품(앵글,이형형강,평철,환봉) 제조,판매",2390.0,43495.0,103497195.0,-0.41999998688697815,251515.0,0.23999999463558197,-4843.0,-11237770.0,5093.0,11793945.0,-250.0,-556175.0,-250.0,-556175.0,0.0,0.0,0.0,0.0,0.0,0.0,0.0,0.0,0.0,0.0,0.0,0.0,0.0,0.0
047810,한국항공우주,유가,"항공기,우주선 및 부품 제조업","정부방산 및 완제기 수출(T-50계열, KUH계열, KT-1계열 등), 기체부품",134700.0,219161.0,29675849900.0,-0.7400000095367432,14566446950.0,40.22999954223633,38687.0,5221846900.0,15660.0,2126026950.0,-54678.0,-7392327450.0,-38401.0,-5184998400.0,-2648.0,-358958100.0,-1494.0,-201588300.0,0.0,0.0,-5739.0,-780086150.0,-6331.0,-857897850.0,259.0,34720800.0,72.0,9732800.0
123690,한국화장품,유가,생활용품 도매업,화장품,6250.0,53368.0,337571060.0,-0.47999998927116394,5420840.0,1.6100000143051147,1723.0,10155255.0,-2292.0,-13729955.0,369.0,2314500.0,365.0,2290820.0,0.0,0.0,4.0,25000.0,0.0,0.0,0.0,0.0,0.0,-1320.0,10.0,63200.0,190.0,1197000.0
003350,한국화장품제조,유가,기타 화학제품 제조업,"화장품(OEM,ODM)",10510.0,574000.0,6035397390.0,-0.7599999904632568,1895700.0,0.029999999329447746,5857.0,75156750.0,-52898.0,-568820490.0,20021.0,209850830.0,379.0,3809200.0,0.0,0.0,6.0,63060.0,0.0,0.0,0.0,0.0,19636.0,205978570.0,26641.0,279830700.0,379.0,3982210.0
011500,한농화성,유가,기타 화학제품 제조업,"계면활성제,글리콜에테르 제조,판매",13230.0,41271.0,550925280.0,0.0,62039960.0,11.260000228881836,8402.0,112062515.0,-8896.0,-118603535.0,424.0,5613290.0,400.0,5299370.0,0.0,0.0,10.0,132300.0,0.0,0.0,0.0,0.0,14.0,181620.0,0.0,0.0,70.0,927730.0
002390,한독,유가,의약품 제조업,"의약품(소화제,크라포란,라식스)제조,도매,부동산 임대",9330.0,8367.0,77882070.0,0.4300000071525574,2423600.0,3.109999895095825,2186.0,20316420.0,-2525.0,-23478270.0,339.0,3161850.0,324.0,3022260.0,0.0,0.0,3.0,27990.0,0.0,0.0,0.0,0.0,12.0,111600.0,0.0,0.0,0.0,0.0
053690,한미글로벌,유가,"건축기술, 엔지니어링 및 관련 기술 서비스업","건축 설계,감리/건축공사,토목공사,설비공사,전기공사,안전공사",17290.0,50498.0,878361110.0,-0.5799999833106995,43145310.0,4.909999847412109,1245.0,21471430.0,3287.0,56304340.0,-4525.0,-77653200.0,2258.0,39595650.0,0.0,0.0,-310.0,-5454650.0,0.0,0.0,0.0,0.0,-2473.0,-42540810.0,0.0,0.0,-7.0,-122570.0
042700,한미반도체,유가,특수 목적용 기계 제조업,"반도체 후공정장비,반도체금형 제조/부동산 매매,임대",225500.0,645969.0,144166864500.0,2.0399999618530273,38819718000.0,19.040000915527344,61855.0,13649286500.0,49882.0,11199124500.0,-114938.0,-25530632750.0,-112555.0,-25032867250.0,-960.0,-214123500.0,-1033.0,-226196000.0,0.0,0.0,-22.0,18119750.0,-368.0,-75565750.0,3084.0,656920000.0,117.0,25301750.0
008930,한미사이언스,유가,기타 금융업,"항생제(세포탁심,세포트리악손),유산균정장제(메디락비타,메디락베베),위장관운동조절개선제(설프라이드),고혈압치료제(유니바스크),원료의약품,식품 제조,판매",44250.0,161063.0,7190597950.0,-1.9900000095367432,1383460575.0,13.84000015258789,27792.0,1225888425.0,-40183.0,-1792566075.0,12305.0,562833700.0,-26704.0,-1192149200.0,-47.0,-2034350.0,11378.0,512126375.0,283.0,12730800.0,7898.0,354951125.0,18562.0,835153750.0,52.0,2343350.0,34.0,1500600.0
128940,한미약품,유가,의약품 제조업,의약품,399000.0,94247.0,37519785500.0,2.700000047683716,1175666000.0,2.4800000190734863,-1374.0,-668300750.0,-6489.0,-2539004250.0,8111.0,3306901500.0,-3315.0,-1307751250.0,169.0,67398250.0,2297.0,954819500.0,70.0,28115500.0,-1395.0,-585513000.0,10061.0,4059887000.0,-177.0,-71159500.0,-71.0,-28437000.0
009240,한샘,유가,생활용품 도매업,"주방가구(씽크대),인테리어가구 판매,제조/주택신축판매",37650.0,47687.0,1827671400.0,-4.559999942779541,170525300.0,6.78000020980835,12476.0,475488300.0,-21983.0,-844024900.0,8920.0,346633650.0,5448.0,211074550.0,-7.0,-288900.0,-115.0,-4354850.0,0.0,0.0,3724.0,145172850.0,-130.0,-4970000.0,583.0,21751350.0,4.0,151600.0
020000,한섬,유가,봉제의복 제조업,"여성의류,금속 액세서리,신발,가방,선글라스 제조,판매",15360.0,146540.0,2246247945.0,-0.1899999976158142,26485370.0,1.0199999809265137,48310.0,740225065.0,31625.0,483515450.0,-79958.0,-1224087815.0,466.0,7140070.0,2207.0,33881140.0,1238.0,19032100.0,0.0,0.0,-84631.0,-1295786715.0,762.0,11645520.0,12.0,179430.0,11.0,167870.0
003680,한성기업,유가,수산물 가공 및 저장 처리업,"냉동식품,햄제품 제조,도매,보관/원양어업",5500.0,204121.0,1104223470.0,-1.2599999904632568,16834000.0,1.5199999809265137,18048.0,100051700.0,-19163.0,-106180385.0,104.0,541405.0,104.0,541405.0,0.0,0.0,0.0,0.0,0.0,0.0,0.0,0.0,0.0,0.0,-412.0,-2092110.0,1423.0,7679390.0
105630,한세실업,유가,봉제의복 제조업,의류 완제품,9050.0,93874.0,852811085.0,-1.9500000476837158,93652430.0,7.03000020980835,47255.0,429402480.0,-42524.0,-386708165.0,-5061.0,-45702175.0,-5179.0,-46768490.0,-65.0,-586850.0,31.0,280715.0,0.0,0.0,0.0,0.0,152.0,1372450.0,218.0,1977870.0,112.0,1029990.0
069640,한세엠케이,유가,"섬유, 의복, 신발 및 가죽제품 소매업","케주얼웨어(BUCKAROO, TBJ 등)",1484.0,42367.0,62614606.0,2.700000047683716,33465.0,0.05000000074505806,-891.0,-1195795.0,652.0,841491.0,239.0,354304.0,239.0,354304.0,0.0,0.0,0.0,0.0,0.0,0.0,0.0,0.0,0.0,0.0,0.0,0.0,0.0,0.0
016450,한세예스24홀딩스,유가,봉제의복 제조업,"의류(니트) 제조,도소매,원단 제조,부동산 임대",4540.0,17963.0,81098795.0,0.550000011920929,40455.0,0.05000000074505806,-1487.0,-6760180.0,-967.0,-4341565.0,940.0,4257805.0,935.0,4233965.0,0.0,0.0,17.0,77180.0,0.0,0.0,0.0,0.0,-12.0,-53340.0,1511.0,6830440.0,3.0,13500.0
009180,한솔로지스틱스,유가,기타 운송관련 서비스업,"지류펄프 보관창고 운영/화물취급,화물운송알선,물류컨설팅/종합쇼핑몰운영,통신판매,인터넷백화점",2735.0,30205.0,82320829.0,0.0,4794635.0,5.820000171661377,15322.0,41736472.0,-18006.0,-49051447.0,487.0,1331675.0,487.0,1331675.0,0.0,0.0,0.0,0.0,0.0,0.0,0.0,0.0,0.0,0.0,2175.0,5923075.0,22.0,60225.0
213500,한솔제지,유가,"펄프, 종이 및 판지 제조업","인쇄용지, 산업용지, 특수지 제조 및 판매",7450.0,37914.0,283182680.0,0.6800000071525574,8018890.0,2.8299999237060547,3592.0,26053590.0,-454.0,-2858170.0,-3238.0,-23938420.0,709.0,5248640.0,-17.0,-125720.0,-12.0,-88250.0,0.0,0.0,-3939.0,-29127460.0,21.0,154370.0,100.0,743000.0,0.0,0.0
014680,한솔케미칼,유가,기초 화학물질 제조업,"과산화수소,라텍스,요소수지,수소액화탄산,차아황산소다 제조,판매,디지털카메라용 인화필름 제조,수출",203000.0,47053.0,9600470250.0,0.25,1258648000.0,11.899999618530273,6622.0,1343168250.0,16198.0,3307394750.0,-23076.0,-4702644000.0,-6807.0,-1385802000.0,-613.0,-125250500.0,-13877.0,-2828301500.0,0.0,0.0,-1040.0,-212356500.0,-738.0,-150730500.0,271.0,55175000.0,-15.0,-3094000.0
004710,한솔테크닉스,유가,전자부품 제조업,"백라이트유닛,인버터,폴리바리콘,모니터,통신장비 제조",7320.0,423967.0,3139074215.0,-0.6800000071525574,44652050.0,1.4199999570846558,41231.0,305652940.0,129197.0,952738805.0,-159281.0,-1176762545.0,-53752.0,-400801680.0,-355.0,-2596590.0,-20839.0,-153189100.0,0.0,0.0,-2857.0,-21331040.0,-81478.0,-598844135.0,-11207.0,-82066600.0,60.0,437400.0
004150,한솔홀딩스,유가,기타 금융업,"지주회사,경영자문컨설팅",3350.0,72431.0,243309000.0,1.3600000143051147,8229800.0,3.380000114440918,16546.0,55587790.0,-16918.0,-56820545.0,342.0,1131955.0,331.0,1096320.0,0.0,0.0,11.0,36850.0,0.0,0.0,0.0,0.0,0.0,-1215.0,0.0,0.0,30.0,100800.0
025750,한솔홈데코,유가,제재 및 목재 가공업,"PB,MDF,바닥재,강화,재생목재,LPM,제재목 제조,도소매,무역/임업,벌목관련 사업",1852.0,11980.0,22194744.0,-0.3799999952316284,603870.0,2.7200000286102295,4612.0,8549047.0,-4801.0,-8899462.0,189.0,350415.0,189.0,350415.0,0.0,0.0,0.0,0.0,0.0,0.0,0.0,0.0,0.0,0.0,0.0,0.0,0.0,0.0
004960,한신공영,유가,건물 건설업,"토목공사,건축공사,주택건설,유통업(백화점),문화교실,주차장",10930.0,17199.0,189299980.0,0.09000000357627869,344220.0,0.18000000715255737,5158.0,56989770.0,-5254.0,-58017700.0,197.0,2147980.0,194.0,2116390.0,0.0,0.0,3.0,32790.0,0.0,0.0,0.0,0.0,0.0,-1200.0,-50.0,-556500.0,-51.0,-563550.0
011700,한신기계공업,유가,일반 목적용 기계 제조업,"공기압축기,공구류 제조,판매/오파",2370.0,57248.0,135891560.0,0.0,12076135.0,8.890000343322754,7432.0,17712253.0,-5203.0,-12469183.0,626.0,1487260.0,626.0,1488415.0,0.0,0.0,0.0,0.0,0.0,0.0,0.0,0.0,0.0,-1155.0,0.0,0.0,-2855.0,-6730330.0
001750,한양증권,유가,금융 지원 서비스업,증권업,19400.0,9805.0,190569360.0,0.0,1593110.0,0.7200000286102295,3893.0,75441160.0,-3965.0,-76839180.0,72.0,1398000.0,66.0,1281280.0,0.0,0.0,5.0,97000.0,0.0,0.0,0.0,0.0,1.0,19720.0,0.0,20.0,0.0,0.0
001755,한양증권우,KOSPI,기타/미분류,기타/미분류,19820.0,1243.0,24150510.0,1.5399999618530273,0.0,0.0,-9.0,-170120.0,9.0,170080.0,0.0,40.0,0.0,40.0,0.0,0.0,0.0,0.0,0.0,0.0,0.0,0.0,0.0,0.0,0.0,0.0,0.0,0.0
018880,한온시스템,유가,일반 목적용 기계 제조업,"자동차용부품(라디에이터,히터,에어콘,압축기,콘덴서,컴퓨레사) 제조,도매",3515.0,2543166.0,8984732631.0,0.7200000286102295,669777739.0,7.449999809265137,342394.0,1205194724.0,115388.0,409629417.0,-362194.0,-1276789066.0,-331588.0,-1169040674.0,-503.0,-1797031.0,-11821.0,-41647773.0,0.0,0.0,-12308.0,-43249691.0,-5969.0,-21036357.0,-96410.0,-340936010.0,822.0,2900935.0
009420,한올바이오파마,유가,의약품 제조업,"의약품 제조,도매/부동산 임대",62600.0,472442.0,29147349350.0,5.739999771118164,4304807550.0,11.079999923706055,-41882.0,-2679774050.0,-54776.0,-3326805650.0,96851.0,6019991900.0,-42453.0,-2627555300.0,1161.0,72381050.0,91631.0,5681843300.0,0.0,0.0,9008.0,554362600.0,37505.0,2339023050.0,-61.0,-4726100.0,-132.0,-8686100.0
014130,한익스프레스,유가,도로 화물 운송업,"특수화물 운송(유류,화학류,벌크제품 등),냉동차,탱크로리운송,복합운송 주선,임대,택배/특장차,중기 제조,판매",2460.0,13202.0,32448425.0,-0.6100000143051147,1181595.0,3.640000104904175,1104.0,2784305.0,-1908.0,-4777420.0,804.0,2004115.0,804.0,2004115.0,0.0,0.0,0.0,0.0,0.0,0.0,0.0,0.0,0.0,0.0,0.0,-11000.0,0.0,0.0
300720,한일시멘트,유가,"시멘트, 석회, 플라스터 및 그 제품 제조업","시멘트, 레미콘, 레미탈",15170.0,152040.0,2340299390.0,-0.12999999523162842,629236685.0,20.059999465942383,-39806.0,-616783255.0,3353.0,53388485.0,33610.0,519864550.0,-15337.0,-234099550.0,3671.0,56340635.0,15964.0,245992465.0,0.0,0.0,20913.0,322165410.0,8399.0,129465590.0,2846.0,43576810.0,-3.0,-46590.0
002220,한일철강,유가,1차 철강 제조업,"강관류,철판류,금속관류,건축자재,자동차부품 제조,도매",2870.0,271485.0,780849202.0,-1.0299999713897705,17781050.0,2.2799999713897705,-7740.0,-20948170.0,7029.0,19043820.0,-390.0,-1182775.0,-397.0,-1201965.0,0.0,0.0,7.0,20090.0,0.0,0.0,0.0,0.0,0.0,-900.0,0.0,0.0,1101.0,3087125.0
003300,한일홀딩스,유가,"시멘트, 석회, 플라스터 및 그 제품 제조업",지주사업,17580.0,38596.0,680046980.0,0.5699999928474426,14117660.0,1.940000057220459,-14899.0,-262564090.0,7932.0,139398730.0,7055.0,124731760.0,1955.0,34790520.0,-25.0,-438720.0,5037.0,88839320.0,0.0,0.0,0.0,0.0,88.0,1540640.0,0.0,0.0,-88.0,-1566400.0
051600,한전KPS,유가,전기 및 통신 공사업,"일반전기공사,발전설비정비공사,점검,수리,엔지니어링",44950.0,139100.0,6283639625.0,-0.7699999809265137,2659720425.0,37.279998779296875,18268.0,825847125.0,-61958.0,-2800135575.0,-29476.0,-1330888650.0,-21330.0,-963134000.0,-124.0,-5575100.0,-275.0,-12400350.0,0.0,0.0,-6483.0,-292844000.0,-1263.0,-56890250.0,73160.0,3304905750.0,6.0,271350.0
051600,한전KPS,유가,전기 및 통신 공사업,"일반전기공사,발전설비정비공사,점검,수리,엔지니어링",44950.0,139100.0,6283639625.0,-0.7699999809265137,2659720425.0,37.279998779296875,18268.0,825847125.0,-61958.0,-2800135575.0,-29476.0,-1330888650.0,-21330.0,-963134000.0,-124.0,-5575100.0,-275.0,-12400350.0,0.0,0.0,-6483.0,-292844000.0,-1263.0,-56890250.0,73160.0,3304905750.0,6.0,271350.0
052690,한전기술,유가,"건축기술, 엔지니어링 및 관련 기술 서비스업",원자력발전소 설계 등,94200.0,53557.0,5070834900.0,0.75,1325871400.0,19.06999969482422,10437.0,988985550.0,5376.0,501415650.0,-15772.0,-1486024750.0,-9551.0,-899341600.0,-30.0,-2871100.0,-325.0,-30491050.0,0.0,0.0,-3405.0,-321211500.0,-2460.0,-232016500.0,-53.0,-5523650.0,12.0,1147200.0
130660,한전산업,유가,"건축기술, 엔지니어링 및 관련 기술 서비스업","발전설비 운전·정비, 전기검침",11280.0,47858.0,536504395.0,1.7100000381469727,4892420.0,0.9100000262260437,-2472.0,-27965470.0,1741.0,19730200.0,691.0,7789860.0,623.0,7024010.0,-5.0,-56120.0,37.0,417360.0,0.0,0.0,0.0,0.0,36.0,404610.0,10.0,111300.0,30.0,334110.0
002320,한진,유가,도로 화물 운송업,"포장화물,택배산업,항만하역,고속버스사업,운수보관",15060.0,21586.0,323120895.0,0.4000000059604645,39384240.0,9.84000015258789,6820.0,101900645.0,-7514.0,-112412675.0,694.0,10512030.0,676.0,10241120.0,0.0,0.0,4.0,60650.0,0.0,0.0,0.0,0.0,14.0,210260.0,0.0,0.0,0.0,0.0
003480,한진중공업홀딩스,유가,연료용 가스 제조 및 배관공급업,지주회사,4830.0,1246416.0,6660992710.0,2.6600000858306885,78294020.0,1.1799999475479126,95220.0,563027165.0,-98462.0,-578783030.0,356.0,1995505.0,348.0,1952970.0,0.0,0.0,8.0,38640.0,0.0,0.0,0.0,0.0,0.0,3895.0,2850.0,13532230.0,36.0,228130.0
180640,한진칼,유가,기타 금융업,"지주사업, 경영자문 및 컨설팅",114500.0,75592.0,8732982200.0,-1.5499999523162842,1918988250.0,18.6200008392334,8179.0,936308900.0,-425.0,-59288000.0,-16465.0,-1880684000.0,-18519.0,-2122462900.0,-123.0,-14340600.0,-1089.0,-124984600.0,0.0,0.0,4145.0,482086900.0,-879.0,-100982800.0,8711.0,1003663100.0,0.0,0.0
18064K,한진칼우,KOSPI,기타/미분류,기타/미분류,28600.0,903.0,25971250.0,-0.8700000047683716,0.0,0.0,-147.0,-4206700.0,92.0,2636000.0,0.0,450.0,0.0,450.0,0.0,0.0,0.0,0.0,0.0,0.0,0.0,0.0,0.0,0.0,55.0,1570250.0,0.0,0.0
005110,한창,유가,기계장비 및 관련 물품 도매업,"소화기, 통신장비 유통",1254.0,0.0,0.0,0.0,0.0,0.0,0.0,0.0,0.0,0.0,0.0,0.0,0.0,0.0,0.0,0.0,0.0,0.0,0.0,0.0,0.0,0.0,0.0,0.0,0.0,0.0,0.0,0.0
009460,한창제지,유가,"펄프, 종이 및 판지 제조업","마닐라판지,고급백판지(ALL PULP) 제조,판매,수출입",3465.0,73105.0,255407988.0,1.4600000381469727,1822055.0,0.7099999785423279,-46226.0,-161798853.0,17115.0,59773113.0,136.0,471240.0,136.0,471240.0,0.0,0.0,0.0,0.0,0.0,0.0,0.0,0.0,0.0,0.0,28975.0,101554500.0,0.0,0.0
372910,한컴라이프케어,유가,의료용 기기 제조업,"공기호흡기, 방독면, 보호복 등",1833.0,55861.0,102441427.0,0.10999999940395355,201899.0,0.20000000298023224,2463.0,4535034.0,-2483.0,-4571694.0,-10.0,-18330.0,-10.0,-18330.0,0.0,0.0,0.0,0.0,0.0,0.0,0.0,0.0,0.0,0.0,0.0,0.0,30.0,54990.0
000880,한화,유가,기타 화학제품 제조업,"화약,화공품,자동선반류,공작기계 제조,전자교환기,건설,정보통신,종합무역/임직원 및 개인대상 교육,세미나 및 워크샵 중계,동영상광고",83800.0,0.0,0.0,0.0,0.0,0.0,0.0,0.0,0.0,0.0,0.0,0.0,0.0,0.0,0.0,0.0,0.0,0.0,0.0,0.0,0.0,0.0,0.0,0.0,0.0,0.0,0.0,0.0
00088K,한화3우B,KOSPI,기타/미분류,기타/미분류,29250.0,0.0,0.0,0.0,0.0,0.0,0.0,0.0,0.0,0.0,0.0,0.0,0.0,0.0,0.0,0.0,0.0,0.0,0.0,0.0,0.0,0.0,0.0,0.0,0.0,0.0,0.0,0.0
452260,한화갤러리아,유가,종합 소매업,백화점,2025.0,403705.0,816441833.0,1.9600000381469727,51163340.0,6.269999980926514,-25537.0,-51833514.0,17799.0,36097504.0,8080.0,16428485.0,7633.0,15525350.0,0.0,0.0,246.0,498150.0,0.0,0.0,0.0,0.0,201.0,404985.0,0.0,0.0,-342.0,-692475.0
45226K,한화갤러리아우,KOSPI,기타/미분류,기타/미분류,4240.0,9261.0,39465970.0,-1.0499999523162842,0.0,0.0,0.0,0.0,0.0,0.0,0.0,0.0,0.0,0.0,0.0,0.0,0.0,0.0,0.0,0.0,0.0,0.0,0.0,0.0,0.0,0.0,0.0,0.0
451800,한화리츠,유가,부동산 임대 및 공급업,부동산투자,5670.0,69764.0,393141010.0,0.5299999713897705,4203820.0,1.0700000524520874,-16337.0,-92290130.0,967.0,5351510.0,11790.0,66292120.0,8081.0,45612060.0,0.0,0.0,-26.0,-147090.0,0.0,0.0,-17730.0,-100002380.0,21465.0,120829530.0,3580.0,20646500.0,0.0,0.0
489790,한화비전,유가,통신 및 방송 장비 제조업,비금융지주회사,54700.0,348293.0,19259129250.0,4.590000152587891,1639310600.0,6.909999847412109,-56013.0,-3103838500.0,-169066.0,-9407083150.0,217038.0,12055507250.0,133098.0,7431190100.0,-4484.0,-245253000.0,36404.0,2008783800.0,0.0,0.0,50595.0,2782351800.0,1425.0,78434850.0,8228.0,465661400.0,-187.0,-10247000.0
088350,한화생명,유가,보험업,생명보험,5510.0,3330645.0,18158707495.0,3.180000066757202,1013031410.0,5.579999923706055,-305926.0,-1686844770.0,-104336.0,-563761155.0,414546.0,2273820965.0,-236993.0,-1285993510.0,34447.0,189266125.0,-1819.0,-9954280.0,0.0,0.0,574751.0,3138281875.0,31938.0,175528075.0,-4530.0,-24563670.0,246.0,1348630.0
000370,한화손해보험,유가,보험업,손해보험,7360.0,686970.0,5066090785.0,0.8199999928474426,336409510.0,6.639999866485596,-196360.0,-1451231920.0,11300.0,90817120.0,185456.0,1363532980.0,4827.0,35693250.0,0.0,0.0,47925.0,351579490.0,0.0,0.0,122806.0,903481180.0,984.0,7233500.0,-1518.0,-11430540.0,1122.0,8312360.0
009830,한화솔루션,유가,기초 화학물질 제조업,"합성수지,유화부문(LDPE,LLDPE)제품 제조,플라스틱가공품(PVC),CA,무기화학제품,부동산업",35200.0,2757000.0,98439998650.0,1.590000033378601,5945475025.0,6.039999961853027,-176025.0,-6446654200.0,350396.0,12577163000.0,-184693.0,-6505367225.0,-72447.0,-2521255775.0,-28.0,-1417050.0,-3028.0,-104153125.0,0.0,0.0,-14581.0,-513480075.0,-94606.0,-3364955800.0,12011.0,435777475.0,-1689.0,-60919050.0
009835,한화솔루션우,KOSPI,기타/미분류,기타/미분류,18260.0,5669.0,104525810.0,1.1100000143051147,2986990.0,2.859999895095825,-798.0,-14778130.0,1001.0,18560340.0,-16.0,-294240.0,-16.0,-294240.0,0.0,0.0,0.0,0.0,0.0,0.0,0.0,0.0,0.0,0.0,7.0,128190.0,-194.0,-3616160.0
272210,한화시스템,유가,전자부품 제조업,"정밀기기(육해공군관련전자제어시스템,열영상감시장비,탐지추적장치,전투지휘체계시스템) 제조",75300.0,277608.0,20931626200.0,-0.9200000166893005,4836699400.0,15.739999771118164,10694.0,798681850.0,27849.0,2106961050.0,-38571.0,-2907554100.0,-20427.0,-1540700250.0,-4843.0,-364542000.0,-3485.0,-262106300.0,0.0,0.0,-7225.0,-545377150.0,-2590.0,-194753800.0,52.0,3755200.0,-24.0,-1844000.0
012450,한화에어로스페이스,유가,"항공기,우주선 및 부품 제조업","항공기엔진,특수방산장비 제조/정비사업",1167000.0,251401.0,295896437000.0,-0.8500000238418579,25869083000.0,7.139999866485596,-18896.0,-22433999500.0,13736.0,16352109000.0,5898.0,6943722500.0,3241.0,3763651500.0,1834.0,2154503000.0,7710.0,9173254500.0,-41.0,-48384500.0,-3603.0,-4326624000.0,-3262.0,-3794985500.0,-647.0,-753774000.0,-91.0,-108058000.0
082740,한화엔진,유가,일반 목적용 기계 제조업,"대형선박용엔진,내연발전엔진",46600.0,430962.0,20268456900.0,0.5400000214576721,2941132700.0,11.140000343322754,37731.0,1751226475.0,-39191.0,-1831383175.0,-2472.0,-104776550.0,-28698.0,-1340608900.0,8325.0,388548600.0,-6930.0,-324939800.0,0.0,0.0,9513.0,445035600.0,15320.0,727280850.0,3051.0,143248200.0,881.0,41685050.0
042660,한화오션,유가,선박 및 보트 건조업,선박 제조,88500.0,597106.0,53076995450.0,0.44999998807907104,11551258000.0,13.979999542236328,89172.0,7904789150.0,105346.0,9366529950.0,-194752.0,-17292034350.0,-39504.0,-3505210400.0,-6310.0,-560346950.0,-7322.0,-649713200.0,0.0,0.0,-80163.0,-7114583400.0,-61450.0,-5461920900.0,265.0,23518400.0,-31.0,-2803150.0
003530,한화투자증권,유가,금융 지원 서비스업,"유가증권 위탁매매,자기매매,인수주선",4730.0,1617756.0,7621526954.0,7.619999885559082,594368295.0,7.800000190734863,-84835.0,-399873188.0,42188.0,199285767.0,52245.0,245429446.0,2374.0,11576590.0,-10.0,-47240.0,224.0,1060570.0,0.0,0.0,49406.0,231645951.0,251.0,1193575.0,-9970.0,-46452960.0,372.0,1610935.0
003535,한화투자증권우,KOSPI,기타/미분류,기타/미분류,6030.0,43504.0,258756270.0,6.349999904632568,2477760.0,0.9599999785423279,-1383.0,-7957040.0,1190.0,6842530.0,0.0,-30670.0,0.0,-30670.0,0.0,0.0,0.0,0.0,0.0,0.0,0.0,0.0,0.0,0.0,0.0,0.0,193.0,1145180.0
195870,해성디에스,유가,전자부품 제조업,반도체 패키지용 Substrate,56000.0,133897.0,7379749900.0,0.18000000715255737,50385150.0,0.5099999904632568,30771.0,1685654350.0,41349.0,2278303500.0,-72260.0,-3971636350.0,-267.0,-14700500.0,-4621.0,-255363850.0,-36849.0,-2025558700.0,0.0,0.0,-21586.0,-1182291600.0,-8937.0,-493721300.0,94.0,5194900.0,46.0,2483600.0
101530,해태제과식품,유가,기타 식품 제조업,"홈런볼, 오예스, 맛동산, 부라보콘 등",5650.0,32952.0,185950205.0,0.8899999856948853,1282215.0,0.6899999976158142,-13425.0,-75713985.0,12651.0,71372105.0,726.0,4072330.0,692.0,3881370.0,0.0,0.0,8.0,45200.0,0.0,0.0,0.0,0.0,26.0,145760.0,-1.0,-5720.0,49.0,275270.0
143210,핸즈코퍼레이션,유가,자동차 신품 부품 제조업,자동차 알루미늄 휠,1199.0,0.0,0.0,0.0,0.0,0.0,0.0,0.0,0.0,0.0,0.0,0.0,0.0,0.0,0.0,0.0,0.0,0.0,0.0,0.0,0.0,0.0,0.0,0.0,0.0,0.0,0.0,0.0
000720,현대건설,유가,토목 건설업,"공사수입,주택분양,건설산업부문 설계,감리 등 엔지니어링서비스",113800.0,482327.0,55348891500.0,-2.319999933242798,10800080300.0,14.489999771118164,49874.0,5672572700.0,-76700.0,-8818322000.0,27973.0,3277708300.0,-34750.0,-3960606900.0,848.0,97230700.0,40067.0,4629226400.0,0.0,0.0,20498.0,2358660900.0,1311.0,153310700.0,-778.0,-89173300.0,-369.0,-42785700.0
000725,현대건설우,KOSPI,기타/미분류,기타/미분류,52500.0,2237.0,118100650.0,0.3799999952316284,1527300.0,1.2899999618530273,530.0,27925700.0,-530.0,-27926100.0,0.0,400.0,0.0,400.0,0.0,0.0,0.0,0.0,0.0,0.0,0.0,0.0,0.0,0.0,0.0,0.0,0.0,0.0
453340,현대그린푸드,유가,종합 소매업,"푸드서비스(단체급식), 식자재유통서비스, 공산품/생식품 유통서비스",18130.0,34022.0,617785870.0,-0.05999999865889549,89853280.0,12.800000190734863,-3858.0,-70143700.0,-8522.0,-154880560.0,7068.0,128180560.0,896.0,16308720.0,0.0,0.0,28.0,507390.0,0.0,0.0,0.0,0.0,6144.0,111364460.0,5312.0,96843700.0,0.0,0.0
086280,현대글로비스,유가,기타 운송관련 서비스업,"화물운송주선,화물포장,자동차 수리/산업용 기계장비 임대",199800.0,136955.0,27474278350.0,-1.8200000524520874,1749697200.0,5.139999866485596,36122.0,7229020300.0,-8124.0,-1625553150.0,-27866.0,-5576884450.0,-9704.0,-1937655050.0,-1260.0,-252392300.0,-3513.0,-704626050.0,3.0,601500.0,-11372.0,-2277834400.0,-2019.0,-404778650.0,-159.0,-31993900.0,27.0,5411200.0
064350,현대로템,유가,그외 기타 운송장비 제조업,"철도차량, 특수중기, 산업기계",137200.0,330476.0,45491440200.0,0.6600000262260437,4475655200.0,8.449999809265137,-7161.0,-1012148500.0,62532.0,8625033500.0,-55358.0,-7612526600.0,-8110.0,-1106831000.0,-1523.0,-210219450.0,-2081.0,-286462500.0,0.0,0.0,-41658.0,-5737148800.0,-1985.0,-271728650.0,-9.0,202400.0,-4.0,-560800.0
079430,현대리바트,유가,가구 제조업,"일반목재가구(책상,침실가구),주방가구,목창호,사무용가구,선실가구 제조",6040.0,17290.0,103386825.0,1.0,4658820.0,4.510000228881836,-2565.0,-15318355.0,2541.0,15134130.0,493.0,2996530.0,488.0,2966330.0,0.0,0.0,5.0,30200.0,0.0,0.0,0.0,0.0,0.0,0.0,-470.0,-2818315.0,1.0,6010.0
012330,현대모비스,유가,자동차 신품 부품 제조업,"자동차A/S용 부품,컨테이너,특수중기,산업기계제품 생산,판매,부품모듈화,부품수출사업,환경/플랜트사업,특수중기부문(컨테이너)",507000.0,224249.0,113871940000.0,-0.38999998569488525,10778133000.0,7.170000076293945,36448.0,18447404500.0,5601.0,2848856500.0,-43134.0,-21847980500.0,-29003.0,-14680440000.0,-2400.0,-1219264500.0,-6420.0,-3267516000.0,-6.0,-3075000.0,-7521.0,-3807522000.0,2217.0,1130300000.0,943.0,479612000.0,142.0,72107500.0
069960,현대백화점,유가,종합 소매업,백화점,94500.0,124106.0,11763948500.0,-0.3199999928474426,408996400.0,2.799999952316284,23143.0,2192542350.0,3005.0,281391350.0,-24113.0,-2280843800.0,65.0,4008250.0,-544.0,-50998650.0,-12080.0,-1138193950.0,0.0,0.0,-11076.0,-1050465750.0,-252.0,-23879300.0,-1903.0,-180535700.0,-132.0,-12554200.0
004560,현대비앤지스틸,유가,1차 철강 제조업,"스텐레스냉연강판,특수강 제조",11710.0,30993.0,363570690.0,-0.25999999046325684,661440.0,0.18000000715255737,3871.0,45547380.0,-1258.0,-14933740.0,-2613.0,-30599240.0,364.0,4270870.0,0.0,0.0,10.0,117100.0,0.0,0.0,-3000.0,-35137540.0,13.0,150330.0,0.0,-14400.0,0.0,0.0
004310,현대약품,유가,의약품 제조업,"타코실, 마이녹실, 테놀민, 미에로화이바 등",6110.0,1028150.0,6482427990.0,1.659999966621399,68036300.0,1.0499999523162842,22391.0,133791450.0,-19298.0,-115150250.0,758.0,4657870.0,753.0,4631100.0,0.0,0.0,5.0,30550.0,0.0,0.0,0.0,0.0,0.0,-3780.0,-3998.0,-24439770.0,147.0,1140700.0
017800,현대엘리베이터,유가,일반 목적용 기계 제조업,"엘리베이터,에스컬레이터,공항,공정,크린룸,병원 물류시스템,수,배송센터,고속소팅시스템,주차설비 제조,판매,보수",72600.0,183519.0,13402655350.0,-2.1600000858306885,1889788350.0,8.819999694824219,30923.0,2253086450.0,-7064.0,-514475300.0,-24173.0,-1761533950.0,-4768.0,-347570400.0,-147.0,-10688100.0,-13696.0,-995928250.0,0.0,0.0,-4193.0,-307320800.0,-1369.0,-100027500.0,347.0,25321000.0,-33.0,-2398200.0
307950,현대오토에버,유가,소프트웨어 개발 및 공급업,"차량SW, 내비게이션, 스마트팩토리, AI·클라우드 기반 솔루션, 디지털 전환 컨설팅 및 IT서비스",459500.0,63108.0,28416129000.0,5.269999980926514,4749169500.0,10.09000015258789,-5661.0,-2663225500.0,3846.0,1812159000.0,427.0,219788500.0,-885.0,-405055250.0,143.0,65415750.0,-1141.0,-501280250.0,0.0,0.0,1076.0,487749750.0,1235.0,573462000.0,1160.0,525306500.0,228.0,105971500.0
011210,현대위아,유가,자동차 신품 부품 제조업,"자동차부품, 공작기계 등",61400.0,67032.0,4118330750.0,0.0,495029600.0,8.550000190734863,13239.0,811948700.0,-13956.0,-856156050.0,680.0,41935450.0,-4911.0,-301848650.0,-14.0,-850700.0,-96.0,-5882600.0,0.0,0.0,5957.0,366238700.0,-256.0,-15721700.0,15.0,919000.0,22.0,1352900.0
004020,현대제철,유가,1차 철강 제조업,"H형강,제철,제강,철근,압연,스테인레스,주강,시트파일 제조,수출입,중기부품(탱크바퀴)제조,판매",28050.0,451443.0,12885882575.0,0.0,1016929200.0,5.940000057220459,-46200.0,-1321134125.0,125039.0,3532757850.0,-30287.0,-853962150.0,-27383.0,-773653375.0,4211.0,119921225.0,-597.0,-17045300.0,0.0,0.0,-3067.0,-85536200.0,-3451.0,-97648500.0,-48550.0,-1357605475.0,-2.0,-56100.0
005440,현대지에프홀딩스,유가,기타 금융업,"백화점,여행알선,숙박,음식점/부동산 임대",11600.0,135416.0,1560122885.0,3.759999990463257,123874060.0,6.46999979019165,-22208.0,-257159185.0,-50009.0,-577819820.0,42130.0,488691895.0,10575.0,121811440.0,-312.0,-3607415.0,2338.0,27026560.0,0.0,0.0,25845.0,301081050.0,3684.0,42380260.0,30087.0,346287110.0,0.0,0.0
005380,현대자동차,유가,자동차용 엔진 및 자동차 제조업,"자동차(승용차,버스,트럭,특장차),자동차부품,자동차전착도료 제조,차량정비사업",417500.0,421243.0,176085186250.0,0.8500000238418579,13174680500.0,4.820000171661377,63475.0,26304778000.0,64600.0,27035472250.0,-111758.0,-46516531000.0,-65663.0,-27315957500.0,-2915.0,-1218706250.0,-7511.0,-3140396000.0,0.0,0.0,-35812.0,-14916830750.0,144.0,75766000.0,-16602.0,-6940922000.0,285.0,117202750.0
005387,현대차2우B,KOSPI,기타/미분류,기타/미분류,198700.0,86692.0,17298526750.0,0.05000000074505806,1430010100.0,8.270000457763672,11791.0,2345553150.0,-8696.0,-1727608250.0,-1365.0,-271925550.0,169.0,33660700.0,-559.0,-111495400.0,-426.0,-85383400.0,-19.0,-3762000.0,77.0,15428400.0,-404.0,-80170550.0,-1661.0,-332302200.0,-69.0,-13717150.0
005389,현대차3우B,KOSPI,기타/미분류,기타/미분류,193300.0,6851.0,1330687050.0,0.3100000023841858,31596000.0,2.369999885559082,967.0,187476000.0,-708.0,-136910600.0,-205.0,-40105500.0,2.0,394400.0,0.0,0.0,-202.0,-39527600.0,0.0,0.0,0.0,0.0,-5.0,-971300.0,-54.0,-10459900.0,0.0,0.0
005385,현대차우,KOSPI,기타/미분류,기타/미분류,198500.0,37468.0,7455679000.0,0.5099999904632568,381352900.0,5.110000133514404,1771.0,349704550.0,-1375.0,-271000600.0,-638.0,-126937950.0,-498.0,-99034700.0,-12.0,-2386800.0,0.0,0.0,0.0,0.0,0.0,0.0,-128.0,-25516900.0,217.0,43267650.0,25.0,4966350.0
001500,현대차증권,유가,금융 지원 서비스업,"유가증권의매매,위탁매매,유가증권의 중개,대리/부동산 임대",8020.0,104135.0,832112295.0,4.019999980926514,41408210.0,3.180000066757202,-28343.0,-227050460.0,25310.0,201743420.0,4236.0,34959040.0,-11863.0,-94066860.0,0.0,0.0,77.0,617540.0,0.0,0.0,0.0,0.0,16022.0,128408360.0,-1203.0,-9652000.0,0.0,0.0
011760,현대코퍼레이션,유가,상품 종합 도매업,"자동차,철강,기계,선박,플랜트,컴퓨터,전자제품 수출,수출입대행/자원(탄광,유전) 개발",26650.0,34584.0,916490300.0,0.3799999952316284,24361100.0,2.190000057220459,4609.0,122565350.0,11956.0,314725700.0,-17095.0,-451478550.0,340.0,9009950.0,0.0,0.0,-1.0,-21400.0,0.0,0.0,-17449.0,-460865050.0,15.0,397950.0,524.0,14026700.0,6.0,160800.0
227840,현대코퍼레이션홀딩스,유가,음·식료품 및 담배 도매업,"브랜드사업, 육류유통",12990.0,19263.0,249404905.0,0.699999988079071,725640.0,0.28999999165534973,4387.0,57102820.0,-4235.0,-55147760.0,-132.0,-1683060.0,-132.0,-1683600.0,0.0,0.0,0.0,0.0,0.0,0.0,0.0,0.0,0.0,540.0,-20.0,-272000.0,0.0,0.0
126560,현대퓨처넷,유가,전기 통신업,"디지털 사이니지, 기업 메시징 등",3185.0,67158.0,212761872.0,-0.4699999988079071,0.0,0.0,2085.0,6421098.0,-24243.0,-76683228.0,1670.0,5341295.0,2945.0,9369740.0,0.0,0.0,161.0,512785.0,0.0,0.0,0.0,0.0,-1436.0,-4541230.0,19738.0,62532085.0,750.0,2388750.0
001450,현대해상,유가,보험업,손해보험(자동차보험),48850.0,613675.0,29980056075.0,-2.299999952316284,1923497750.0,5.369999885559082,-102368.0,-5000480575.0,71816.0,3494610575.0,30479.0,1502487050.0,3933.0,187912475.0,-6369.0,-308059000.0,-17327.0,-842358225.0,0.0,0.0,47238.0,2318014100.0,1778.0,86653500.0,108.0,5101850.0,-35.0,-1718900.0
093240,형지엘리트,유가,봉제의복 제조업,"학생복,스포츠의류,작업복 제조,도매",410.0,804416.0,327019309.0,0.23999999463558197,1691524.0,0.5199999809265137,17355.0,6790234.0,55091.0,22530839.0,489.0,200022.0,489.0,200022.0,0.0,0.0,0.0,0.0,0.0,0.0,0.0,0.0,0.0,0.0,-65715.0,-26639036.0,-7220.0,-2882059.0
003010,혜인,유가,기계장비 및 관련 물품 도매업,"건설기계,산업용 기계장비(진공흡인차,세정차),스테거크레인,비상용발전기,해상용엔진 도소매/창고",10850.0,678185.0,7743790070.0,-3.559999942779541,10165850.0,0.12999999523162842,16918.0,192280080.0,-13735.0,-169106985.0,144.0,1555650.0,144.0,1555650.0,0.0,0.0,0.0,0.0,0.0,0.0,0.0,0.0,0.0,0.0,-4444.0,-36690605.0,1117.0,11961860.0
111110,호전실업,유가,봉제의복 제조업,스포츠웨어 및 아웃도어 웨어 OEM,6600.0,3696.0,24057390.0,2.4800000190734863,444590.0,1.850000023841858,2558.0,16638020.0,-1792.0,-11699890.0,-686.0,-4410210.0,151.0,994230.0,-1.0,-6460.0,-29.0,-187360.0,0.0,0.0,-800.0,-5165370.0,-7.0,-45250.0,-80.0,-527920.0,0.0,0.0
008770,호텔신라,유가,기타 상품 전문 소매업,"면세판매,관광숙박,외식사업,예식업",42550.0,158628.0,6809821675.0,0.4699999988079071,221259425.0,2.6600000858306885,41135.0,1757360000.0,15697.0,679382175.0,-57471.0,-2463972625.0,-12868.0,-550774675.0,-2941.0,-127209925.0,-968.0,-41482000.0,0.0,0.0,-40015.0,-1715450075.0,-579.0,-24800850.0,595.0,25322650.0,44.0,1907800.0
008775,호텔신라우,KOSPI,기타/미분류,기타/미분류,29500.0,378.0,11104450.0,1.0299999713897705,0.0,0.0,141.0,4145150.0,-95.0,-2797700.0,0.0,0.0,0.0,0.0,0.0,0.0,0.0,0.0,0.0,0.0,0.0,0.0,0.0,0.0,-46.0,-1347450.0,0.0,0.0
378850,화승알앤에이,유가,자동차 신품 부품 제조업,자동차용 고무제품,3085.0,55202.0,168659666.0,-0.6399999856948853,6771225.0,4.010000228881836,9330.0,28939699.0,-9570.0,-29675584.0,209.0,641785.0,209.0,641785.0,0.0,0.0,0.0,0.0,0.0,0.0,0.0,0.0,0.0,0.0,0.0,0.0,31.0,94100.0
241590,화승엔터프라이즈,유가,신발 및 신발 부분품 제조업,기타/미분류,2955.0,51985.0,153447511.0,-1.5,6154754.0,4.010000228881836,28656.0,84551289.0,-26352.0,-77793204.0,-2334.0,-6846285.0,2087.0,6164780.0,0.0,0.0,24.0,70920.0,0.0,0.0,-4500.0,-13242890.0,55.0,160910.0,30.0,88200.0,0.0,0.0
006060,화승인더스트리,유가,상품 종합 도매업,"포장용 합성수지 제조/신발,필름 판매/부동산 임대",2415.0,66665.0,159499764.0,1.6799999475479126,341500.0,0.20999999344348907,4683.0,11272585.0,-13178.0,-31569145.0,8265.0,19746760.0,3000.0,7111395.0,0.0,0.0,3233.0,7759345.0,0.0,0.0,0.0,0.0,2032.0,4876020.0,230.0,549800.0,0.0,0.0
013520,화승코퍼레이션,유가,자동차 신품 부품 제조업,"산업용 고무제품(호스시트,벨트,펜더 등) 제조, 판매",2455.0,75941.0,189103890.0,-3.1600000858306885,33020.0,0.019999999552965164,27441.0,68181920.0,-29361.0,-72938315.0,1272.0,3133165.0,1272.0,3135150.0,0.0,0.0,0.0,0.0,0.0,0.0,0.0,0.0,0.0,-1985.0,650.0,1628250.0,-2.0,-5020.0
010690,화신,유가,자동차 신품 부품 제조업,"자동차엔진부품(ARM류,C/MBR류),자동차부품 제조",8450.0,539509.0,4553055750.0,-0.8199999928474426,128249760.0,2.819999933242798,-93498.0,-787807320.0,96142.0,810326285.0,251.0,2120915.0,822.0,6963650.0,0.0,0.0,-607.0,-5149465.0,0.0,0.0,0.0,0.0,36.0,306730.0,96.0,804780.0,-2991.0,-25444660.0
133820,화인베스틸,유가,1차 철강 제조업,"조선용 형강(부등변 부등후 앵글, 부등호 앵글, 등변앵글 평철 등)",917.0,91172.0,82299935.0,-0.5400000214576721,618713.0,0.75,16043.0,14498175.0,-16364.0,-14790859.0,321.0,292684.0,321.0,292684.0,0.0,0.0,0.0,0.0,0.0,0.0,0.0,0.0,0.0,0.0,0.0,0.0,0.0,0.0
010660,화천기계,유가,특수 목적용 기계 제조업,"선반,밀링,연삭기,CNC선반,CNC밀링,머시닝센타 제조,판매/자동차부품(실린더블럭) 제조",2670.0,105697.0,281396551.0,-0.1899999976158142,351405.0,0.11999999731779099,48561.0,129464570.0,-47518.0,-126592830.0,-1319.0,-3607770.0,-1319.0,-3607140.0,0.0,0.0,0.0,0.0,0.0,0.0,0.0,0.0,0.0,-630.0,160.0,426310.0,116.0,309720.0
000850,화천기공,유가,특수 목적용 기계 제조업,"CNC선반,CNC밀링,연마기(금속공작기계),MC공작기계,COPY밀링기계,주방품 제조,도매",36750.0,14324.0,525494450.0,1.2400000095367432,15334550.0,2.9200000762939453,406.0,15632900.0,-376.0,-14543350.0,-31.0,-1125850.0,-31.0,-1125850.0,0.0,0.0,0.0,0.0,0.0,0.0,0.0,0.0,0.0,0.0,-2.0,-73200.0,3.0,109500.0
000850,화천기공,유가,특수 목적용 기계 제조업,"CNC선반,CNC밀링,연마기(금속공작기계),MC공작기계,COPY밀링기계,주방품 제조,도매",36750.0,14324.0,525494450.0,1.2400000095367432,15334550.0,2.9200000762939453,406.0,15632900.0,-376.0,-14543350.0,-31.0,-1125850.0,-31.0,-1125850.0,0.0,0.0,0.0,0.0,0.0,0.0,0.0,0.0,0.0,0.0,-2.0,-73200.0,3.0,109500.0
016580,환인제약,유가,의약품 제조업,"의약품(신경정신질환치료제,소화기관용약제,연고) 제조,도매",10000.0,43570.0,433962185.0,0.699999988079071,6793700.0,1.5700000524520874,-3033.0,-30232855.0,3254.0,32502915.0,-212.0,-2180060.0,-226.0,-2320210.0,0.0,0.0,-2.0,-19850.0,0.0,0.0,0.0,0.0,16.0,160000.0,0.0,0.0,-9.0,-90000.0
032560,황금에스티,유가,1차 비철금속 제조업,"스테인레스 냉연, 열연",5790.0,19531.0,112471020.0,0.3499999940395355,5899540.0,5.25,11845.0,68235885.0,-12137.0,-69921345.0,292.0,1685460.0,292.0,1685460.0,0.0,0.0,0.0,0.0,0.0,0.0,0.0,0.0,0.0,0.0,0.0,0.0,0.0,0.0
004800,효성,유가,기타 금융업,"스판덱스,합성원사,나일론,폴리에스터,타이어코드지,PET병,수지제품,중전기제품(변압기,차단기),사무용기계,컴퓨터 제조/건축공사",160800.0,20154.0,3234985300.0,-1.1100000143051147,675747400.0,18.350000381469727,2524.0,403298000.0,-2315.0,-370021700.0,-211.0,-33594600.0,270.0,43577700.0,-245.0,-39111300.0,6.0,980800.0,0.0,0.0,0.0,0.0,-242.0,-39045800.0,2.0,318300.0,0.0,0.0
094280,효성 ITX,유가,기타 사업지원 서비스업,"컨택센터서비스, Cloud솔루션, CDN, 프로젝터판매",12000.0,3689.0,44178530.0,0.17000000178813934,3846190.0,8.710000038146973,741.0,8891050.0,-1283.0,-15391950.0,273.0,3277420.0,287.0,3444870.0,-16.0,-191490.0,2.0,24040.0,0.0,0.0,0.0,0.0,0.0,0.0,206.0,2468110.0,63.0,755370.0
298040,효성중공업,유가,"전동기, 발전기 및 전기 변환 · 공급 · 제어 장치 제조업",-,2857000.0,32273.0,92332695000.0,-1.75,14992363000.0,12.9399995803833,11215.0,32063980500.0,-2384.0,-6830928000.0,-9204.0,-26299905000.0,-1041.0,-2971769500.0,-144.0,-411122500.0,-2388.0,-6811913500.0,6.0,17177000.0,-3237.0,-9258920000.0,-2376.0,-6795027500.0,324.0,926857000.0,49.0,139995500.0
298020,효성티앤씨,유가,화학섬유 제조업,"섬유, 산업자재, 화학, 중공업, 건설, 무역,금융 등",320500.0,18338.0,5952167000.0,-0.4699999988079071,1105441000.0,15.140000343322754,1647.0,528726750.0,-2316.0,-750689500.0,472.0,157764750.0,1072.0,351650750.0,-24.0,-7770000.0,-23.0,-7272250.0,0.0,0.0,-500.0,-161697250.0,-53.0,-17146500.0,35.0,11341500.0,162.0,52856500.0
298000,효성화학,유가,기초 화학물질 제조업,-,75700.0,50142.0,3868936950.0,2.7100000381469727,18978800.0,0.49000000953674316,-6496.0,-515835650.0,9102.0,714794050.0,-2329.0,-177458400.0,1135.0,87444700.0,0.0,0.0,-3464.0,-264903100.0,0.0,0.0,0.0,0.0,0.0,0.0,-182.0,-13977600.0,-95.0,-7522400.0
093370,후성,유가,기초 화학물질 제조업,"불소화물 제조,도매",12430.0,2083878.0,26326723760.0,-0.6399999856948853,1459157770.0,5.539999961853027,-21031.0,-227916385.0,108787.0,1341780445.0,-39879.0,-504436970.0,-26979.0,-339821915.0,-119.0,-1535215.0,6448.0,80456650.0,0.0,0.0,-18270.0,-231508600.0,-957.0,-12002960.0,-49694.0,-632517230.0,1817.0,23090140.0
005870,휴니드테크놀러지스,유가,통신 및 방송 장비 제조업,"무선통신기기,군납용무전기,위성방송수신기 제조",4520.0,29210.0,131653909.0,-0.8799999952316284,108185.0,0.07999999821186066,4423.0,19805234.0,-4648.0,-20820594.0,324.0,1460840.0,324.0,1461290.0,0.0,0.0,0.0,0.0,0.0,0.0,0.0,0.0,0.0,-450.0,0.0,0.0,-99.0,-445480.0
079980,휴비스,유가,화학섬유 제조업,"합성섬유(폴리에스테르원사,원면),재생섬유,폴리에스텔 원사,원면,고상칩 제조,도소매",1980.0,101803.0,202015512.0,0.4099999964237213,5913941.0,2.930000066757202,1505.0,2933290.0,-8088.0,-16153857.0,6581.0,13216601.0,6581.0,13217038.0,0.0,0.0,0.0,0.0,0.0,0.0,0.0,0.0,0.0,-437.0,0.0,0.0,2.0,3966.0
005010,휴스틸,유가,1차 철강 제조업,"강관(배관용,구조용,유정용) 제조,도매",3695.0,131428.0,484412283.0,2.2100000381469727,22478320.0,4.639999866485596,908.0,3752744.0,-394.0,-1835489.0,-269.0,-1017445.0,-342.0,-1287365.0,0.0,0.0,22.0,81290.0,0.0,0.0,0.0,0.0,51.0,188630.0,0.0,0.0,-245.0,-899810.0
000540,흥국화재,유가,보험업,손해보험,3400.0,39229.0,132053255.0,0.7400000095367432,1459575.0,1.1100000143051147,-3409.0,-11501164.0,348.0,1149054.0,3061.0,10352110.0,2985.0,10092990.0,0.0,0.0,17.0,57800.0,0.0,0.0,0.0,0.0,59.0,201320.0,0.0,0.0,0.0,0.0
000545,흥국화재우,KOSPI,기타/미분류,기타/미분류,5270.0,705.0,3787380.0,-2.5899999141693115,0.0,0.0,0.0,0.0,0.0,0.0,0.0,0.0,0.0,0.0,0.0,0.0,0.0,0.0,0.0,0.0,0.0,0.0,0.0,0.0,0.0,0.0,0.0,0.0
003280,흥아해운,유가,해상 운송업,외항화물운송업(케미컬탱커),1786.0,6023978.0,10661952720.0,-0.2800000011920929,45969146.0,0.4300000071525574,-654001.0,-1153860689.0,670084.0,1182606644.0,-5279.0,-9246512.0,5912.0,10535476.0,0.0,0.0,312.0,557232.0,0.0,0.0,-11755.0,-20786132.0,252.0,446912.0,8997.0,16061536.0,-19801.0,-35560979.0
060310,3S,코스닥,"측정, 시험, 항해, 제어 및 기타 정밀기기 제조업; 광학기기 제외",반도체 웨이퍼 캐리어,1102.0,105780.0,115817526.0,1.4700000286102295,2238890.0,1.9299999475479126,-17417.0,-19110159.0,14759.0,16177652.0,634.0,690778.0,634.0,690778.0,0.0,0.0,0.0,0.0,0.0,0.0,0.0,0.0,0.0,0.0,0.0,0.0,2024.0,2241729.0
054620,APS,코스닥,기타 금융업,인터넷 트래픽 솔루션,3865.0,36502.0,141078810.0,-1.2799999713897705,270950.0,0.1899999976158142,6389.0,24680980.0,-6389.0,-24680980.0,0.0,0.0,0.0,0.0,0.0,0.0,0.0,0.0,0.0,0.0,0.0,0.0,0.0,0.0,0.0,0.0,0.0,0.0
079810,APS이노베이션,코스닥,기타 전기장비 제조업,FPD공정검사장비,3280.0,38307.0,125926441.0,0.3100000023841858,1180845.0,0.9399999976158142,5262.0,17236755.0,-4228.0,-13951860.0,-1039.0,-3301245.0,-1039.0,-3301245.0,0.0,0.0,0.0,0.0,0.0,0.0,0.0,0.0,0.0,0.0,5.0,16350.0,0.0,0.0
265520,AP시스템,코스닥,특수 목적용 기계 제조업,디스플레이 제조 장비,19940.0,36026.0,717054690.0,0.550000011920929,80202850.0,8.539999961853027,11980.0,238403350.0,-3627.0,-72163610.0,-8878.0,-176628330.0,-321.0,-6375670.0,-649.0,-12899890.0,-4613.0,-91709630.0,0.0,0.0,0.0,0.0,-3295.0,-65643140.0,525.0,10388590.0,0.0,0.0
211270,AP위성,코스닥,통신 및 방송 장비 제조업,위성통신 단말기,8180.0,26499.0,214884940.0,1.4900000095367432,2400230.0,1.1200000047683716,-5523.0,-44610470.0,4493.0,36226200.0,1029.0,8376200.0,1029.0,8376200.0,0.0,0.0,0.0,0.0,0.0,0.0,0.0,0.0,0.0,0.0,0.0,0.0,1.0,8070.0
126600,BGF에코머티리얼즈,코스닥,합성고무 및 플라스틱 물질 제조업,엔지니어링 플라스틱 칩,2835.0,72278.0,204487609.0,-1.2200000286102295,5174320.0,2.5299999713897705,-6659.0,-18538154.0,9442.0,26524834.0,-83.0,-240950.0,0.0,-5625.0,0.0,0.0,-83.0,-235325.0,0.0,0.0,0.0,0.0,0.0,0.0,-2800.0,-8032730.0,100.0,287000.0
083790,CG인바이츠,코스닥,자연과학 및 공학 연구개발업,아셀렉스,845.0,539986.0,438661237.0,11.039999961853027,579959.0,0.12999999523162842,90912.0,73000103.0,-90912.0,-73009791.0,0.0,0.0,0.0,0.0,0.0,0.0,0.0,0.0,0.0,0.0,0.0,0.0,0.0,0.0,0.0,0.0,0.0,9688.0
035760,CJ ENM,코스닥,텔레비전 방송업,"의류, 생활주방, 가전제품, 보석, 기타",32600.0,79972.0,2612480225.0,1.8799999952316284,244878950.0,7.739999771118164,-13019.0,-428685125.0,16608.0,543854875.0,-3509.0,-112550750.0,-1788.0,-56583050.0,0.0,0.0,46.0,1504300.0,0.0,0.0,0.0,0.0,-1767.0,-57472350.0,-90.0,-2943000.0,10.0,324000.0
311690,CJ 바이오사이언스,코스닥,자연과학 및 공학 연구개발업,"생명정보 플랫폼, 마이크로바이옴 분석 서비스",3850.0,2840.0,10889360.0,1.4500000476837158,19535.0,0.18000000715255737,685.0,2638205.0,-685.0,-2638205.0,0.0,0.0,0.0,0.0,0.0,0.0,0.0,0.0,0.0,0.0,0.0,0.0,0.0,0.0,0.0,0.0,0.0,0.0
051500,CJ프레시웨이,코스닥,음·식료품 및 담배 도매업,"식자재유통, 단체급식",24000.0,5708.0,136881925.0,0.20999999344348907,23408700.0,13.779999732971191,-524.0,-12658375.0,-465.0,-10952725.0,937.0,22379550.0,959.0,22902050.0,-1.0,-23750.0,-13.0,-308650.0,0.0,0.0,-2.0,-47500.0,-6.0,-142600.0,50.0,1183600.0,2.0,47950.0
058820,CMG제약,코스닥,의약품 제조업,의약품,601.0,1307553.0,786003795.0,-1.4800000190734863,33008535.0,4.199999809265137,10696.0,6005108.0,-18131.0,-10483003.0,-1883.0,-1093683.0,-1883.0,-1093683.0,0.0,0.0,0.0,0.0,0.0,0.0,0.0,0.0,0.0,0.0,9003.0,5386003.0,315.0,185575.0
056730,CNT85,코스닥,건물 건설업,산업설비 제조외,1415.0,6885.0,9670304.0,2.609999895095825,0.0,0.0,654.0,890739.0,346.0,497261.0,0.0,0.0,0.0,0.0,0.0,0.0,0.0,0.0,0.0,0.0,0.0,0.0,0.0,0.0,-1000.0,-1388000.0,0.0,0.0
065770,CS,코스닥,통신 및 방송 장비 제조업,"이동통신중계기, 위성방송(DMB)중계기(Gap-Filler)",1553.0,43898.0,67947200.0,0.8399999737739563,1589.0,0.0,1063.0,1827744.0,-2863.0,-4552934.0,0.0,-14410.0,0.0,-14410.0,0.0,0.0,0.0,0.0,0.0,0.0,0.0,0.0,0.0,0.0,1800.0,2739600.0,0.0,0.0
083660,CSA 코스믹,코스닥,기타 화학제품 제조업,화장품 제조 및 판매,2860.0,0.0,0.0,0.0,0.0,0.0,0.0,0.0,0.0,0.0,0.0,0.0,0.0,0.0,0.0,0.0,0.0,0.0,0.0,0.0,0.0,0.0,0.0,0.0,0.0,0.0,0.0,0.0
477760,디비금융스팩12호,코스닥,기타 금융업,기업인수 및 합병,2055.0,268.0,550120.0,0.23999999463558197,0.0,0.0,-3.0,-6165.0,3.0,6165.0,0.0,0.0,0.0,0.0,0.0,0.0,0.0,0.0,0.0,0.0,0.0,0.0,0.0,0.0,0.0,0.0,0.0,0.0
099520,DGI,코스닥,영상 및 음향기기 제조업,"DVR,유선통신기기 제조,무역/소프트웨어 자문,연구개발,기술용역",1284.0,0.0,0.0,0.0,0.0,0.0,0.0,0.0,0.0,0.0,0.0,0.0,0.0,0.0,0.0,0.0,0.0,0.0,0.0,0.0,0.0,0.0,0.0,0.0,0.0,0.0,0.0,0.0
290120,DH오토리드,코스닥,자동차 신품 부품 제조업,자동차 스티어링휠,2355.0,16230.0,37588440.0,-0.41999998688697815,398650.0,1.059999942779541,4165.0,9712740.0,-4165.0,-9712740.0,0.0,0.0,0.0,0.0,0.0,0.0,0.0,0.0,0.0,0.0,0.0,0.0,0.0,0.0,0.0,0.0,0.0,0.0
025440,DH오토웨어,코스닥,영상 및 음향기기 제조업,"카 인포테인먼트용 영상·음향기기, 차체 자동화설비 및 조립용 지그 제조",3635.0,5033.0,17655625.0,0.6899999976158142,3475.0,0.019999999552965164,733.0,2577270.0,-733.0,-2577270.0,0.0,0.0,0.0,0.0,0.0,0.0,0.0,0.0,0.0,0.0,0.0,0.0,0.0,0.0,0.0,0.0,0.0,0.0
025440,DH오토웨어,코스닥,영상 및 음향기기 제조업,"카 인포테인먼트용 영상·음향기기, 차체 자동화설비 및 조립용 지그 제조",3635.0,5033.0,17655625.0,0.6899999976158142,3475.0,0.019999999552965164,733.0,2577270.0,-733.0,-2577270.0,0.0,0.0,0.0,0.0,0.0,0.0,0.0,0.0,0.0,0.0,0.0,0.0,0.0,0.0,0.0,0.0,0.0,0.0
068790,DMS,코스닥,특수 목적용 기계 제조업,LCD 제조장비,7650.0,96281.0,735451730.0,2.819999933242798,70012340.0,9.520000457763672,-58565.0,-448060090.0,18427.0,140095320.0,0.0,0.0,0.0,0.0,0.0,0.0,0.0,0.0,0.0,0.0,0.0,0.0,0.0,0.0,39995.0,306890700.0,143.0,1074070.0
241520,DSC인베스트먼트,코스닥,신탁업 및 집합투자업,투자조합 결성 및 투자,8080.0,85357.0,693461620.0,1.6399999856948853,1969760.0,0.2800000011920929,-2399.0,-18954490.0,1625.0,12693750.0,1.0,9800.0,1.0,9800.0,0.0,0.0,0.0,0.0,0.0,0.0,0.0,0.0,0.0,0.0,23.0,187640.0,750.0,6063300.0
180400,DXVX,코스닥,기타 과학기술 서비스업,BAC DNA CHIP,2610.0,266020.0,741227492.0,5.03000020980835,19029180.0,2.569999933242798,39582.0,104457142.0,-39582.0,-104450177.0,0.0,-6965.0,0.0,-6965.0,0.0,0.0,0.0,0.0,0.0,0.0,0.0,0.0,0.0,0.0,0.0,0.0,0.0,0.0
418620,E8,코스닥,소프트웨어 개발 및 공급업,"CFD 시뮬레이션 소프트웨어, 디지털트윈 플랫폼",514.0,265314.0,137664432.0,-3.75,210901.0,0.15000000596046448,-12842.0,-6666445.0,26493.0,13710812.0,0.0,0.0,0.0,0.0,0.0,0.0,0.0,0.0,0.0,0.0,0.0,0.0,0.0,0.0,-2.0,-1169.0,-13649.0,-7043198.0
245620,EDGC,코스닥,자연과학 및 공학 연구개발업,유전체 분석 진단 서비스,741.0,0.0,0.0,0.0,0.0,0.0,0.0,0.0,0.0,0.0,0.0,0.0,0.0,0.0,0.0,0.0,0.0,0.0,0.0,0.0,0.0,0.0,0.0,0.0,0.0,0.0,0.0,0.0
037370,EG,코스닥,기초 화학물질 제조업,"산화철, 대기수처리방지시설, 무역",3625.0,9056.0,32811540.0,-0.14000000059604645,0.0,0.0,-855.0,-3011726.0,855.0,3011726.0,0.0,0.0,0.0,0.0,0.0,0.0,0.0,0.0,0.0,0.0,0.0,0.0,0.0,0.0,0.0,0.0,0.0,0.0
037370,EG,코스닥,기초 화학물질 제조업,"산화철, 대기수처리방지시설, 무역",3625.0,9056.0,32811540.0,-0.14000000059604645,0.0,0.0,-855.0,-3011726.0,855.0,3011726.0,0.0,0.0,0.0,0.0,0.0,0.0,0.0,0.0,0.0,0.0,0.0,0.0,0.0,0.0,0.0,0.0,0.0,0.0
050120,ES큐브,코스닥,생활용품 도매업,"텐트, 원 ·부자재",3710.0,370793.0,1364339025.0,6.150000095367432,2538665.0,0.1899999976158142,-330303.0,-1215813740.0,-8160.0,-30068765.0,104309.0,375871535.0,0.0,0.0,0.0,0.0,0.0,0.0,0.0,0.0,0.0,0.0,0.0,0.0,234154.0,870010970.0,0.0,0.0
214270,FSN,코스닥,소프트웨어 개발 및 공급업,카울리,1367.0,96123.0,132262717.0,-2.9800000190734863,1048847.0,0.7900000214576721,49485.0,67748322.0,-32164.0,-44151757.0,-23147.0,-31640271.0,-147.0,-209328.0,0.0,0.0,0.0,0.0,0.0,0.0,0.0,0.0,-23000.0,-31430943.0,0.0,0.0,5826.0,8043706.0
032620,GC메디아이,코스닥,소프트웨어 개발 및 공급업,"의사랑,유팜,미소몰",3040.0,50148.0,151023017.0,1.3300000429153442,2956415.0,1.9600000381469727,19970.0,59953770.0,-18366.0,-55108410.0,-404.0,-1226440.0,-404.0,-1226440.0,0.0,0.0,0.0,0.0,0.0,0.0,0.0,0.0,0.0,0.0,0.0,-420.0,-1200.0,-3618500.0
130500,GH신소재,코스닥,기타 섬유제품 제조업,"자동차용 부직포, 폴리우레탄 폼",1873.0,8012.0,14928906.0,-1.0,1864.0,0.009999999776482582,-1792.0,-3338354.0,972.0,1800407.0,0.0,0.0,0.0,0.0,0.0,0.0,0.0,0.0,0.0,0.0,0.0,0.0,0.0,0.0,1020.0,1909547.0,-200.0,-371600.0
019570,GMI벤처,코스닥,신탁업 및 집합투자업,금융투자,2800.0,30451.0,86310490.0,5.860000133514404,0.0,0.0,-7343.0,-20634702.0,7313.0,20550102.0,0.0,0.0,0.0,0.0,0.0,0.0,0.0,0.0,0.0,0.0,0.0,0.0,0.0,0.0,0.0,0.0,30.0,84600.0
900290,GRT,코스닥,기타 금융업,"광학필름, 포장필름",3540.0,283547.0,999534471.0,4.730000019073486,89660670.0,8.970000267028809,25587.0,90046321.0,-25621.0,-90151486.0,0.0,-11655.0,0.0,-11655.0,0.0,0.0,0.0,0.0,0.0,0.0,0.0,0.0,0.0,0.0,34.0,116820.0,0.0,0.0
083450,GST,코스닥,특수 목적용 기계 제조업,"GasScrubber,Chiller",45850.0,83920.0,3872292425.0,-0.2199999988079071,339893850.0,5.269999980926514,24339.0,1121418325.0,-21618.0,-995887250.0,-5553.0,-256343175.0,301.0,14145500.0,-6412.0,-296503400.0,0.0,0.0,0.0,0.0,0.0,0.0,558.0,26014725.0,2774.0,128131150.0,58.0,2680950.0
297890,HB솔루션,코스닥,특수 목적용 기계 제조업,"디스플레이 제조용 장비(도포기, 조립기, 검사기)",1716.0,144866.0,248682334.0,1.1799999475479126,10862441.0,4.369999885559082,7683.0,12893950.0,4483.0,8056529.0,-12472.0,-21473920.0,-12472.0,-21473920.0,0.0,0.0,0.0,0.0,0.0,0.0,0.0,0.0,0.0,0.0,0.0,0.0,306.0,523441.0
440290,HB인베스트먼트,코스닥,기타 금융업,벤처투자조합 등 조합 결성 및 운영,1732.0,66234.0,114959045.0,-1.7000000476837158,13920.0,0.009999999776482582,19537.0,33844697.0,-21184.0,-36892178.0,1647.0,3047481.0,1647.0,3047481.0,0.0,0.0,0.0,0.0,0.0,0.0,0.0,0.0,0.0,0.0,0.0,0.0,0.0,0.0
078150,HB테크놀러지,코스닥,특수 목적용 기계 제조업,TFT-LCD검사장비,1986.0,615127.0,1227165416.0,0.25,54694134.0,4.460000038146973,18158.0,36097157.0,-19350.0,-38458606.0,0.0,-8128.0,0.0,-8128.0,0.0,0.0,0.0,0.0,0.0,0.0,0.0,0.0,0.0,0.0,24.0,47664.0,1168.0,2321913.0
225530,HC보광산업,코스닥,기타 비금속 광물제품 제조업,"콘크리트용 부순골재, 아스콘, 레미콘",2005.0,14853.0,30252191.0,-0.9900000095367432,1360065.0,4.5,-2060.0,-4190179.0,2060.0,4187659.0,0.0,2520.0,0.0,2520.0,0.0,0.0,0.0,0.0,0.0,0.0,0.0,0.0,0.0,0.0,0.0,0.0,0.0,0.0
060560,HC홈센타,코스닥,기타 전문 도매업,"건축자재,레미콘",1999.0,13969.0,27577969.0,1.159999966621399,15974.0,0.05999999865889549,3633.0,7218816.0,-3710.0,-7368573.0,27.0,52482.0,27.0,52482.0,0.0,0.0,0.0,0.0,0.0,0.0,0.0,0.0,0.0,0.0,50.0,97275.0,0.0,0.0
376270,HEM파마,코스닥,자연과학 및 공학 연구개발업,"맞춤형 헬스케어, LBP 디스커버리 플랫폼",41350.0,42318.0,1601343050.0,3.119999885559082,8718750.0,0.49000000953674316,-35974.0,-1341937700.0,-215.0,-8432150.0,36191.0,1350453150.0,-8.0,-329850.0,199.0,8235000.0,2890.0,107776770.0,0.0,0.0,0.0,0.0,33110.0,1234771230.0,0.0,0.0,-2.0,-83300.0
195940,HK이노엔,코스닥,의약품 제조업,"전문의약품, 숙취해소음료",42500.0,172133.0,7302309225.0,3.0299999713897705,318015250.0,3.130000114440918,-9841.0,-417773050.0,-234.0,-11869400.0,10973.0,467554575.0,4739.0,202255550.0,0.0,0.0,20044.0,849683025.0,0.0,0.0,0.0,0.0,-13810.0,-584384000.0,-1088.0,-46195300.0,190.0,8283175.0
028300,HLB,코스닥,의료용품 및 기타 의약 관련제품 제조업,"의료기기, 의약외품 등",39900.0,1695039.0,68011947475.0,-5.230000019073486,19744935750.0,20.190000534057617,386243.0,15367622700.0,-454877.0,-18194000725.0,72426.0,2976016475.0,14311.0,625354600.0,-38.0,-1535100.0,6284.0,254617525.0,0.0,0.0,-4250.0,-172362400.0,56119.0,2269941850.0,-4545.0,-178953650.0,753.0,29315200.0
278650,HLB바이오스텝,코스닥,자연과학 및 공학 연구개발업,비임상실험 유효성(약리)평가,2395.0,39399.0,95051960.0,-0.20999999344348907,340585.0,0.36000001430511475,453.0,1017815.0,-1146.0,-2700670.0,-8.0,-35615.0,-8.0,-35615.0,0.0,0.0,0.0,0.0,0.0,0.0,0.0,0.0,0.0,0.0,0.0,0.0,701.0,1718470.0
067630,HLB생명과학,코스닥,의료용품 및 기타 의약 관련제품 제조업,"ESCO 사업, 신재생에너지 사업",3035.0,350446.0,1064590459.0,-2.25,87578239.0,8.229999542236328,65890.0,195717321.0,-64260.0,-190653701.0,-8.0,-21470.0,-8.0,-21470.0,0.0,0.0,0.0,0.0,0.0,0.0,0.0,0.0,0.0,0.0,-4068.0,-12367260.0,2446.0,7325110.0
024850,HLB이노베이션,코스닥,전자부품 제조업,리드프레임,14720.0,368585.0,5413769235.0,1.7300000190734863,63503130.0,1.1699999570846558,6822.0,100222300.0,-17735.0,-263506810.0,6738.0,99071350.0,6738.0,99071350.0,0.0,0.0,0.0,0.0,0.0,0.0,0.0,0.0,0.0,0.0,4175.0,64213160.0,0.0,0.0
187420,HLB제넥스,코스닥,기초 의약물질 제조업,산업용 효소,1920.0,262300.0,495510377.0,1.0499999523162842,10013933.0,2.0199999809265137,29197.0,53520790.0,-16522.0,-31055638.0,-12675.0,-22465152.0,-12675.0,-22465152.0,0.0,0.0,0.0,0.0,0.0,0.0,0.0,0.0,0.0,0.0,0.0,0.0,0.0,0.0
047920,HLB제약,코스닥,자연과학 및 공학 연구개발업,"씨트리시메티딘정, 로자틴정",8130.0,177433.0,1447335905.0,-3.559999942779541,18233930.0,0.6499999761581421,17097.0,138238245.0,-19625.0,-159310195.0,18.0,273520.0,95.0,896810.0,-77.0,-623290.0,0.0,0.0,0.0,0.0,0.0,0.0,0.0,0.0,381.0,3139440.0,2129.0,17658990.0
115450,HLB테라퓨틱스,코스닥,기타 전문 도매업,"임베디드 GUI 미들웨어 FXUI-2D, FXUI-3D",2255.0,333547.0,754901222.0,-2.380000114440918,66452070.0,8.800000190734863,30905.0,71556410.0,-30595.0,-71216330.0,-310.0,-340080.0,-310.0,-340080.0,0.0,0.0,0.0,0.0,0.0,0.0,0.0,0.0,0.0,0.0,0.0,0.0,0.0,0.0
046210,HLB파나진,코스닥,의료용품 및 기타 의약 관련제품 제조업,의료용품및 기타 의약관련 제품 제조업,1168.0,148115.0,174377637.0,-2.3399999141693115,3093414.0,1.7699999809265137,84394.0,99514619.0,-66665.0,-78034222.0,-18489.0,-22368992.0,0.0,6763.0,0.0,0.0,0.0,0.0,0.0,0.0,0.0,0.0,0.0,0.0,0.0,0.0,760.0,888595.0
196300,HLB펩,코스닥,기초 의약물질 제조업,펩타이드 바이오소재 및 아미노산 펩타이드 신약,4795.0,11903.0,55576130.0,1.0499999523162842,2005070.0,3.609999895095825,3889.0,18344765.0,-3989.0,-18809265.0,0.0,0.0,0.0,0.0,0.0,0.0,0.0,0.0,0.0,0.0,0.0,0.0,0.0,0.0,100.0,464500.0,0.0,0.0
196300,HLB펩,코스닥,기초 의약물질 제조업,펩타이드 바이오소재 및 아미노산 펩타이드 신약,4795.0,11903.0,55576130.0,1.0499999523162842,2005070.0,3.609999895095825,3889.0,18344765.0,-3989.0,-18809265.0,0.0,0.0,0.0,0.0,0.0,0.0,0.0,0.0,0.0,0.0,0.0,0.0,0.0,0.0,100.0,464500.0,0.0,0.0
403870,HPSP,코스닥,특수 목적용 기계 제조업,고압 수소 어닐링 장비,48000.0,5280243.0,253578555300.0,5.03000020980835,22676954875.0,8.9399995803833,-524753.0,-25346883200.0,99703.0,4923769075.0,434440.0,20875564975.0,-12526.0,-587408275.0,27564.0,1326970700.0,363994.0,17474969700.0,184.0,8955150.0,44337.0,2129444875.0,23388.0,1126454025.0,-4729.0,-230240375.0,-4661.0,-222210475.0
036640,HRS,코스닥,합성고무 및 플라스틱 물질 제조업,실리콘 컴파운드제품 제조,4905.0,20181.0,99310105.0,-1.0099999904632568,4943570.0,4.980000019073486,13442.0,66098722.0,-12475.0,-61367497.0,-1067.0,-5222725.0,-1067.0,-5222725.0,0.0,0.0,0.0,0.0,0.0,0.0,0.0,0.0,0.0,0.0,100.0,491500.0,0.0,0.0
469480,IBKS제24호스팩,코스닥,금융 지원 서비스업,금융 지원 서비스업,2130.0,0.0,0.0,0.0,0.0,0.0,0.0,0.0,0.0,0.0,0.0,0.0,0.0,0.0,0.0,0.0,0.0,0.0,0.0,0.0,0.0,0.0,0.0,0.0,0.0,0.0,0.0,0.0
0099X0,IBKS제25호스팩,코스닥,금융 지원 서비스업,기업인수 및 합병,2180.0,0.0,0.0,0.0,0.0,0.0,0.0,0.0,0.0,0.0,0.0,0.0,0.0,0.0,0.0,0.0,0.0,0.0,0.0,0.0,0.0,0.0,0.0,0.0,0.0,0.0,0.0,0.0
095340,ISC,코스닥,기계장비 및 관련 물품 도매업,반도체테스트소켓,168700.0,263649.0,45003332800.0,-4.849999904632568,8112405950.0,15.34000015258789,23574.0,4006716700.0,-22739.0,-3869114750.0,-880.0,-145067150.0,-3048.0,-522371450.0,-129.0,-21978900.0,-1178.0,-196134350.0,0.0,0.0,5074.0,865447750.0,-1598.0,-269863100.0,168.0,28565000.0,-123.0,-21099800.0
950170,JTC,코스닥,종합 소매업,"식품류, 생활용품류, 화장품류 (사후면세업)",4270.0,6464.0,27674185.0,0.3499999940395355,1451380.0,5.239999771118164,3736.0,15963275.0,-3769.0,-16103855.0,0.0,0.0,0.0,0.0,0.0,0.0,0.0,0.0,0.0,0.0,0.0,0.0,0.0,0.0,0.0,0.0,33.0,140580.0
067290,JW신약,코스닥,의약품 제조업,"매니큐어세트, 손톱깎이",2295.0,9320007.0,21483237612.0,6.739999771118164,246822785.0,1.149999976158142,-513175.0,-1191556672.0,500070.0,1162850939.0,13566.0,29860228.0,13566.0,29860228.0,0.0,0.0,0.0,0.0,0.0,0.0,0.0,0.0,0.0,0.0,-1.0,-53720.0,-460.0,-1100775.0
035900,JYP Ent.,코스닥,오디오물 출판 및 원판 녹음업,오디오물 출판 및 원판 녹음 관련 제품,40100.0,277877.0,11263608100.0,0.3799999952316284,2118005675.0,12.680000305175781,-47751.0,-1951748750.0,45585.0,1858207975.0,2720.0,116456300.0,18132.0,740113850.0,7.0,286300.0,697.0,28384475.0,0.0,0.0,-2399.0,-97457725.0,-13718.0,-554912750.0,-584.0,-24127300.0,30.0,1211775.0
318000,KBG,코스닥,합성고무 및 플라스틱 물질 제조업,"실리콘 소재(실란 모노머, 실리콘 레진&폴리머, 실리콘 융합소재)",2860.0,5221.0,14771525.0,1.9600000381469727,36725.0,0.25,244.0,681265.0,-244.0,-681265.0,0.0,0.0,0.0,0.0,0.0,0.0,0.0,0.0,0.0,0.0,0.0,0.0,0.0,0.0,0.0,0.0,0.0,0.0
024840,KBI메탈,코스닥,1차 비철금속 제조업,"동ROD, 모터코어",5560.0,3714902.0,20829638260.0,-7.019999980926514,863279860.0,4.139999866485596,755092.0,4201754115.0,-873872.0,-4866809660.0,0.0,0.0,0.0,0.0,0.0,0.0,0.0,0.0,0.0,0.0,0.0,0.0,0.0,0.0,90998.0,508549465.0,27782.0,156506080.0
024120,KB오토시스,코스닥,자동차 신품 부품 제조업,브레이크패드,3150.0,9839.0,30434485.0,1.4500000476837158,3105.0,0.009999999776482582,100.0,336190.0,-1989.0,-6156065.0,1696.0,5222380.0,1696.0,5222380.0,0.0,0.0,0.0,0.0,0.0,0.0,0.0,0.0,0.0,0.0,193.0,597495.0,0.0,0.0
478390,KB제29호스팩,코스닥,금융 지원 서비스업,기업인수합병,2045.0,12872.0,26354060.0,0.0,0.0,0.0,10917.0,22345685.0,83.0,170565.0,-11000.0,-22516250.0,0.0,0.0,0.0,0.0,0.0,0.0,0.0,0.0,0.0,0.0,-11000.0,-22516250.0,0.0,0.0,0.0,0.0
486630,KB제30호스팩,코스닥,금융 지원 서비스업,기업인수합병,2030.0,5392.0,10926035.0,-0.49000000953674316,0.0,0.0,5031.0,10193115.0,-1.0,-2035.0,-5030.0,-10191080.0,0.0,0.0,0.0,0.0,0.0,0.0,0.0,0.0,0.0,0.0,-5030.0,-10191080.0,0.0,0.0,0.0,0.0
492220,KB제31호스팩,코스닥,금융 지원 서비스업,기업인수합병,2010.0,5622.0,11277435.0,-0.25,0.0,0.0,4986.0,9999535.0,0.0,0.0,-4986.0,-9999535.0,14.0,28185.0,0.0,0.0,0.0,0.0,0.0,0.0,0.0,0.0,-5000.0,-10027720.0,0.0,0.0,0.0,0.0
0037T0,KB제32호스팩,코스닥,금융 지원 서비스업,기업인수합병,1998.0,6355.0,12607964.0,-0.05000000074505806,0.0,0.0,5971.0,11846111.0,29.0,57470.0,-6000.0,-11903581.0,0.0,0.0,0.0,0.0,0.0,0.0,0.0,0.0,0.0,0.0,-6000.0,-11903581.0,0.0,0.0,0.0,0.0
0072Z0,KB제33호스팩,코스닥,금융 지원 서비스업,기업인수합병,1975.0,20237.0,39877694.0,-0.25,0.0,0.0,16367.0,32241056.0,288.0,565110.0,-16655.0,-32806166.0,2500.0,4935250.0,0.0,0.0,0.0,0.0,0.0,0.0,0.0,0.0,-19155.0,-37741416.0,0.0,0.0,0.0,0.0
021320,KCC건설,코스닥,건물 건설업,"토목 건축공사, 분양공사",5800.0,9990.0,56449405.0,0.8700000047683716,23200.0,0.03999999910593033,2992.0,16993270.0,-2989.0,-16975700.0,-4.0,-23200.0,-4.0,-23200.0,0.0,0.0,0.0,0.0,0.0,0.0,0.0,0.0,0.0,0.0,0.0,0.0,1.0,5630.0
044180,KD,코스닥,건물 건설업,건설사업(완성건물),205.0,0.0,0.0,0.0,0.0,0.0,0.0,0.0,0.0,0.0,0.0,0.0,0.0,0.0,0.0,0.0,0.0,0.0,0.0,0.0,0.0,0.0,0.0,0.0,0.0,0.0,0.0,0.0
151860,KG에코솔루션,코스닥,자동차 차체나 트레일러 제조업,"집단에너지(스팀), 산화동, 폐기물 소각",5540.0,52234.0,288351990.0,0.9100000262260437,6547220.0,2.2699999809265137,11049.0,61051240.0,-8612.0,-47523600.0,-1447.0,-8042760.0,-1366.0,-7595830.0,0.0,0.0,0.0,0.0,0.0,0.0,0.0,0.0,-81.0,-446930.0,-996.0,-5517880.0,6.0,33000.0
035600,KG이니시스,코스닥,소프트웨어 개발 및 공급업,전자지불서비스,10040.0,31860.0,320770015.0,0.30000001192092896,4462050.0,0.8700000047683716,-3224.0,-32518075.0,3339.0,33632985.0,-44.0,-390260.0,-44.0,-390260.0,0.0,0.0,0.0,0.0,0.0,0.0,0.0,0.0,0.0,0.0,-71.0,-724650.0,0.0,0.0
046440,KG파이낸셜,코스닥,소프트웨어 개발 및 공급업,유무선전화결제서비스,4060.0,77727.0,315600720.0,1.1200000047683716,17433540.0,5.519999980926514,17949.0,72802730.0,-7061.0,-28542065.0,-10838.0,-44058375.0,-10838.0,-44058375.0,0.0,0.0,0.0,0.0,0.0,0.0,0.0,0.0,0.0,0.0,0.0,0.0,-50.0,-202290.0
060720,KH바텍,코스닥,전자부품 제조업,"휴대폰부품(SHIELD, BRACKET)",10440.0,167863.0,1753235600.0,-0.10000000149011612,250231220.0,14.270000457763672,36085.0,377177755.0,12703.0,131273575.0,-49897.0,-519944040.0,103.0,1071290.0,0.0,0.0,0.0,0.0,0.0,0.0,-50000.0,-521015330.0,0.0,0.0,109.0,1172710.0,1000.0,10320000.0
058400,KNN,코스닥,텔레비전 방송업,방송프로그램 제작 및 송출,5240.0,3776.0,19551930.0,0.7699999809265137,0.0,0.0,85.0,453800.0,0.0,0.0,-85.0,-453800.0,-85.0,-453800.0,0.0,0.0,0.0,0.0,0.0,0.0,0.0,0.0,0.0,0.0,0.0,0.0,0.0,0.0
101000,KS인더스트리,코스닥,특수 목적용 기계 제조업,"선박용 크레인,선박구성부품,선박의장품,철구조물 제조/철판 도매/부동산 임대",789.0,911620.0,721175919.0,13.199999809265137,0.0,0.0,31437.0,26829321.0,-31630.0,-26993893.0,0.0,0.0,0.0,0.0,0.0,0.0,0.0,0.0,0.0,0.0,0.0,0.0,0.0,0.0,0.0,0.0,193.0,164572.0
089600,KT나스미디어,코스닥,광고업,광고매체 판매,11950.0,52674.0,636786455.0,-0.17000000178813934,36240610.0,5.690000057220459,3758.0,45334725.0,-23637.0,-286399870.0,18369.0,222729985.0,3224.0,39403520.0,0.0,0.0,0.0,0.0,0.0,0.0,0.0,0.0,15005.0,181640065.0,1427.0,17326760.0,83.0,1008400.0
418470,KT밀리의서재,코스닥,"서적, 잡지 및 기타 인쇄물 출판업",전자책 정기구독 서비스,9430.0,19810.0,187325835.0,0.10999999940395355,26863940.0,14.34000015258789,733.0,6947810.0,-698.0,-6617620.0,-35.0,-330190.0,-35.0,-330190.0,0.0,0.0,0.0,0.0,0.0,0.0,0.0,0.0,0.0,0.0,0.0,0.0,0.0,0.0
043610,KT지니뮤직,코스닥,영상·오디오물 제공 서비스업,디지털 음악 서비스 및 음원유통,1239.0,49144.0,60529722.0,1.059999942779541,19880.0,0.029999999329447746,-15291.0,-18813633.0,25306.0,31177056.0,0.0,0.0,0.0,0.0,0.0,0.0,0.0,0.0,0.0,0.0,0.0,0.0,0.0,0.0,0.0,0.0,-10015.0,-12363423.0
122450,KX,코스닥,텔레비전 방송업,방송채널사업 및 방송송출서비스,2765.0,33941.0,92856518.0,2.5999999046325684,0.0,0.0,-11016.0,-30132465.0,5057.0,13831820.0,10240.0,28001190.0,10240.0,28001190.0,0.0,0.0,0.0,0.0,0.0,0.0,0.0,0.0,0.0,0.0,-4281.0,-11700545.0,0.0,0.0
052900,KX하이텍,코스닥,플라스틱제품 제조업,TRAY(반도체Packing재료),1114.0,2563866.0,2917447274.0,-8.239999771118164,58855415.0,2.0199999809265137,15487.0,19418984.0,-99162.0,-112842403.0,-124816.0,-139989542.0,14096.0,16858720.0,0.0,0.0,-89138.0,-100661839.0,0.0,0.0,0.0,0.0,-49774.0,-56186423.0,206486.0,231194456.0,2005.0,2218505.0
036560,KZ정밀,코스닥,일반 목적용 기계 제조업,"펌프, 밸브, 주물",12120.0,1890.0,23025430.0,0.5,12180.0,0.05000000074505806,892.0,10867430.0,-892.0,-10867560.0,0.0,130.0,0.0,130.0,0.0,0.0,0.0,0.0,0.0,0.0,0.0,0.0,0.0,0.0,0.0,0.0,0.0,0.0
061970,LB세미콘,코스닥,반도체 제조업,"골드범핑, 솔더범핑 등",5220.0,1642302.0,9236301240.0,-11.970000267028809,1031652410.0,11.170000076293945,262516.0,1445705620.0,-73574.0,-383124755.0,-193580.0,-1087994290.0,-146868.0,-819015270.0,0.0,0.0,4965.0,26863150.0,0.0,0.0,-160.0,-911980.0,-51517.0,-294930190.0,4620.0,25284580.0,18.0,128845.0
309960,LB인베스트먼트,코스닥,기타 금융업,중소기업 창업투자,4390.0,22186.0,96475213.0,1.8600000143051147,1385810.0,1.440000057220459,5039.0,22031173.0,-5795.0,-25318833.0,0.0,0.0,0.0,0.0,0.0,0.0,0.0,0.0,0.0,0.0,0.0,0.0,0.0,0.0,-948.0,-4129300.0,1704.0,7416960.0
073490,LIG아큐버,코스닥,통신 및 방송 장비 제조업,통신용 시험 및 계측장비,31800.0,46766.0,1504610325.0,-0.6299999952316284,20424350.0,1.3600000143051147,10680.0,343806700.0,-9636.0,-310158900.0,-278.0,-9068700.0,-278.0,-9068700.0,0.0,0.0,0.0,0.0,0.0,0.0,0.0,0.0,0.0,0.0,-816.0,-26127600.0,50.0,1548500.0
225190,LK삼양,코스닥,사진장비 및 광학기기 제조업,디지털 카메라용 교환렌즈,991.0,1603155.0,1617909912.0,-3.690000057220459,1065.0,0.0,25257.0,25981856.0,-28009.0,-28576078.0,0.0,0.0,0.0,0.0,0.0,0.0,0.0,0.0,0.0,0.0,0.0,0.0,0.0,0.0,5980.0,6223588.0,-3228.0,-3629366.0
091970,LSK아이로봇,코스닥,플라스틱제품 제조업,투명전도성관련제품,4050.0,25547.0,102757990.0,3.5799999237060547,236975.0,0.23000000417232513,-14705.0,-59119690.0,14055.0,56586300.0,0.0,0.0,0.0,0.0,0.0,0.0,0.0,0.0,0.0,0.0,0.0,0.0,0.0,0.0,666.0,2597400.0,-16.0,-64010.0
060370,LS마린솔루션,코스닥,전기 및 통신 공사업,해저케이블등의 건설 및 유지보수 업무,32350.0,64002.0,2074400625.0,2.049999952316284,337619150.0,10.15999984741211,-8844.0,-288517400.0,629.0,21926850.0,7209.0,233735050.0,7155.0,231984625.0,-3.0,-96975.0,57.0,1847400.0,0.0,0.0,0.0,0.0,0.0,0.0,1023.0,33408000.0,-17.0,-552500.0
417200,LS머트리얼즈,코스닥,전자부품 제조업,울트라커패시터(셀 및 모듈),11720.0,260876.0,3077126760.0,2.0899999141693115,243428005.0,7.909999847412109,17656.0,204893135.0,-26939.0,-315443590.0,9258.0,110247685.0,11732.0,139212880.0,0.0,0.0,-2474.0,-28965195.0,0.0,0.0,0.0,0.0,0.0,0.0,-56.0,-655920.0,81.0,958690.0
078020,LS증권,코스닥,금융 지원 서비스업,유가증권위탁매매,6640.0,33470.0,221181640.0,2.7899999618530273,10942410.0,4.949999809265137,-1208.0,-8084230.0,3215.0,21289990.0,-150.0,-1005280.0,-150.0,-1005280.0,0.0,0.0,0.0,0.0,0.0,0.0,0.0,0.0,0.0,0.0,-1857.0,-12200480.0,0.0,0.0
322180,LS티라유텍,코스닥,소프트웨어 개발 및 공급업,스마트팩토리 솔루션,4205.0,60876.0,259445870.0,-2.440000057220459,4053135.0,1.559999942779541,6216.0,26145575.0,3244.0,13717685.0,-9616.0,-40516240.0,-9616.0,-40516240.0,0.0,0.0,0.0,0.0,0.0,0.0,0.0,0.0,0.0,0.0,150.0,627750.0,6.0,25230.0
476080,M83,코스닥,"영화, 비디오물, 방송프로그램 제작 및 배급업",VFX,4190.0,33171.0,140010610.0,0.23999999463558197,2281625.0,1.6299999952316284,1068.0,4044685.0,-1068.0,-4044685.0,0.0,0.0,0.0,0.0,0.0,0.0,0.0,0.0,0.0,0.0,0.0,0.0,0.0,0.0,0.0,0.0,0.0,0.0
086960,MDS테크,코스닥,소프트웨어 개발 및 공급업,"임베디드개발솔루션,임베디드소프트웨어",2045.0,183043.0,367188831.0,2.869999885559082,8439098.0,2.299999952316284,6338.0,12261337.0,55206.0,110894018.0,-62247.0,-124576655.0,0.0,0.0,0.0,0.0,-40193.0,-80431377.0,0.0,0.0,0.0,0.0,-22054.0,-44145278.0,0.0,0.0,703.0,1421300.0
160550,NEW,코스닥,"영화, 비디오물, 방송프로그램 제작 및 배급업",영화 투자 및 배급,1039.0,15902.0,16340758.0,1.1699999570846558,616804.0,3.7699999809265137,4115.0,4230356.0,-4115.0,-4230356.0,0.0,0.0,0.0,0.0,0.0,0.0,0.0,0.0,0.0,0.0,0.0,0.0,0.0,0.0,0.0,0.0,0.0,0.0
053290,NE능률,코스닥,"서적, 잡지 및 기타 인쇄물 출판업",영어학습교재,1840.0,20709.0,38050271.0,-1.7599999904632568,2715762.0,7.139999866485596,-6057.0,-11074206.0,-7582.0,-13938756.0,0.0,1.0,0.0,1.0,0.0,0.0,0.0,0.0,0.0,0.0,0.0,0.0,0.0,0.0,13639.0,25012961.0,0.0,0.0
060250,NHN KCP,코스닥,금융 지원 서비스업,전자결제서비스업,14760.0,865532.0,12744066070.0,9.170000076293945,862921870.0,6.769999980926514,-22712.0,-337401150.0,-23788.0,-341451920.0,45626.0,666615450.0,9785.0,142865540.0,16029.0,235036405.0,51801.0,760810930.0,0.0,0.0,-32575.0,-480677740.0,586.0,8580315.0,950.0,13365630.0,-76.0,-1128010.0
104200,NHN벅스,코스닥,기타 정보 서비스업,"디지털음원유통, 온라인음악서비스",2740.0,46097.0,119624714.0,4.380000114440918,602930.0,0.5,9215.0,24093145.0,-8415.0,-21997348.0,0.0,-7797.0,0.0,-7797.0,0.0,0.0,0.0,0.0,0.0,0.0,0.0,0.0,0.0,0.0,0.0,0.0,-800.0,-2088000.0
054050,NH농우바이오,코스닥,작물 재배업,"고추, 수박, 참외(메론), 오이, 호박, 무, 배추 등",6780.0,16823.0,113350290.0,1.350000023841858,13440.0,0.009999999776482582,5562.0,37442690.0,-1927.0,-12978000.0,-3873.0,-26073570.0,-3861.0,-25992450.0,-12.0,-81120.0,0.0,0.0,0.0,0.0,0.0,0.0,0.0,0.0,238.0,1608880.0,0.0,0.0
063570,NICE인프라,코스닥,기타 사업지원 서비스업,"ATM관리사업,CD-VAN사업",3290.0,36852.0,119869932.0,-1.0499999523162842,2320280.0,1.940000057220459,10291.0,33655817.0,-9480.0,-30952427.0,-815.0,-2716410.0,-815.0,-2716410.0,0.0,0.0,0.0,0.0,0.0,0.0,0.0,0.0,0.0,0.0,4.0,13020.0,0.0,0.0
024940,PN풍년,코스닥,생활용품 도매업,압력솥,1947.0,24771.0,48375931.0,-0.05000000074505806,193078.0,0.4000000059604645,1828.0,3570413.0,-2108.0,-4114569.0,0.0,0.0,0.0,0.0,0.0,0.0,0.0,0.0,0.0,0.0,0.0,0.0,0.0,0.0,180.0,349656.0,100.0,194500.0
332570,PS일렉트로닉스,코스닥,전자부품 제조업,전력증폭기 모듈(PAM),9550.0,8416318.0,77297288945.0,11.050000190734863,197180625.0,0.25999999046325684,72791.0,488022890.0,-118271.0,-1073528800.0,259966.0,2479892705.0,-1809.0,-16757250.0,0.0,0.0,22387.0,218929050.0,0.0,0.0,0.0,0.0,239388.0,2277720905.0,-213310.0,-1880245460.0,-1176.0,-14141335.0
218410,RFHIC,코스닥,통신 및 방송 장비 제조업,GaN 트랜지스터,50100.0,234346.0,11662235625.0,1.1100000143051147,670439100.0,3.7799999713897705,44594.0,2212313000.0,-30386.0,-1511547300.0,-13969.0,-688964000.0,8847.0,443753825.0,6.0,297450.0,1073.0,53257625.0,0.0,0.0,-20004.0,-993013350.0,-3890.0,-193208100.0,-271.0,-13384000.0,32.0,1582300.0
327260,RF머트리얼즈,코스닥,전자부품 제조업,"광통신, RF통신용 패키지",35250.0,455596.0,15990330625.0,6.820000171661377,483108450.0,3.0199999809265137,-49095.0,-1758775875.0,-8997.0,-275822100.0,55357.0,1939050975.0,-957.0,-32971100.0,-25.0,-886400.0,10345.0,362250750.0,0.0,0.0,16710.0,584594450.0,29285.0,1026098725.0,1188.0,41077500.0,1547.0,54469500.0
474610,RF시스템즈,코스닥,기타 금속 가공제품 제조업,"방산제품(레이더시스템, 안테나시스템, 환경제어시스템 등)",7240.0,52772.0,388782900.0,-0.9599999785423279,503260.0,0.12999999523162842,7975.0,59369290.0,-12975.0,-96365210.0,0.0,-4080.0,0.0,-4080.0,0.0,0.0,0.0,0.0,0.0,0.0,0.0,0.0,0.0,0.0,5000.0,37000000.0,0.0,0.0
091340,S&K폴리텍,코스닥,전자부품 제조업,고밀도폴리우레탄폼시트,2145.0,25852.0,54713315.0,3.369999885559082,135135.0,0.25,-1359.0,-2900005.0,3312.0,6984525.0,-406.0,-851295.0,-406.0,-851295.0,0.0,0.0,0.0,0.0,0.0,0.0,0.0,0.0,0.0,0.0,-1547.0,-3233225.0,0.0,0.0
419530,SAMG엔터,코스닥,"영화, 비디오물, 방송프로그램 제작 및 배급업",애니메이션 IP 기획 및 관련 제품 제작,21750.0,62956.0,1366814100.0,3.0799999237060547,39412650.0,1.8200000524520874,-14165.0,-307431600.0,-872.0,-20104050.0,14413.0,314000850.0,-1375.0,-29845750.0,160.0,3486150.0,15628.0,340360450.0,0.0,0.0,0.0,0.0,0.0,0.0,620.0,13447400.0,4.0,87400.0
019550,SBI인베스트먼트,코스닥,신탁업 및 집합투자업,벤처캐피탈,1020.0,179061.0,183207295.0,0.0,375458.0,0.20000000298023224,14121.0,14292873.0,-14630.0,-14888321.0,509.0,595448.0,509.0,595448.0,0.0,0.0,0.0,0.0,0.0,0.0,0.0,0.0,0.0,0.0,0.0,0.0,0.0,0.0
246960,SCL사이언스,코스닥,의료용품 및 기타 의약 관련제품 제조업,"의료용지혈제, 밀폐제 및 접착제",2010.0,284707.0,615338319.0,-1.2300000190734863,14773940.0,2.4000000953674316,21500.0,46907638.0,-23223.0,-50448282.0,1723.0,3533614.0,1723.0,3533614.0,0.0,0.0,0.0,0.0,0.0,0.0,0.0,0.0,0.0,0.0,0.0,0.0,0.0,7030.0
099220,SDN,코스닥,기계장비 및 관련 물품 도매업,"태양광기자재 및 선박용엔진 도매, 태양광발전시스템 구축 및 설계",511.0,972252.0,490329254.0,1.590000033378601,6378042.0,1.2999999523162842,-92262.0,-47824824.0,-110562.0,-55024268.0,0.0,0.0,0.0,0.0,0.0,0.0,0.0,0.0,0.0,0.0,0.0,0.0,0.0,0.0,212821.0,107719170.0,-9997.0,-4870078.0
056190,SFA,코스닥,특수 목적용 기계 제조업,"디스플레이, 2차전지, 반도체 제조설비 및 공장자동화기기",24950.0,79532.0,1970382050.0,2.4600000381469727,228468900.0,8.859999656677246,-1056.0,-26687975.0,-26.0,-233975.0,2472.0,61444900.0,2501.0,62160550.0,-53.0,-1314400.0,24.0,598750.0,0.0,0.0,0.0,0.0,0.0,0.0,-1408.0,-34970250.0,18.0,447300.0
222080,SFA넥셀,코스닥,특수 목적용 기계 제조업,"이차전지 전극공정 장비, 증착·검사·측정 장비",7940.0,301527.0,2413621910.0,1.399999976158142,178655490.0,7.400000095367432,10325.0,83072525.0,-21123.0,-168769405.0,11556.0,91851220.0,3536.0,28182530.0,-41.0,-325270.0,8061.0,63993960.0,0.0,0.0,0.0,0.0,0.0,0.0,0.0,0.0,-758.0,-6154340.0
036540,SFA반도체,코스닥,반도체 제조업,"반도체패키지(SOP,DIP,QFP)",6060.0,1983716.0,11921204835.0,5.940000057220459,2020173125.0,16.950000762939453,-82299.0,-515956125.0,-352346.0,-2111348010.0,435354.0,2628549035.0,-101383.0,-607860435.0,-25.0,-150110.0,341830.0,2061103025.0,0.0,0.0,114821.0,692427745.0,80111.0,483028810.0,4816.0,31128340.0,-5525.0,-32373240.0
255220,SG,코스닥,기타 비금속 광물제품 제조업,아스콘,1249.0,559680.0,698509232.0,0.3199999928474426,11934466.0,1.7100000381469727,-37033.0,-45776376.0,36363.0,44958959.0,0.0,-18603.0,0.0,-18603.0,0.0,0.0,0.0,0.0,0.0,0.0,0.0,0.0,0.0,0.0,0.0,0.0,670.0,836020.0
040610,SG&G,코스닥,자동차 신품 부품 제조업,생활정보신문,3185.0,34760.0,110177645.0,2.25,0.0,0.0,-6068.0,-19250220.0,6822.0,21631475.0,-754.0,-2381255.0,-754.0,-2381255.0,0.0,0.0,0.0,0.0,0.0,0.0,0.0,0.0,0.0,0.0,0.0,0.0,0.0,0.0
184230,SGA솔루션즈,코스닥,소프트웨어 개발 및 공급업,보안솔루션,1922.0,33725.0,64639336.0,0.8399999737739563,1428765.0,2.2100000381469727,-5240.0,-10104384.0,5240.0,10104384.0,0.0,0.0,0.0,0.0,0.0,0.0,0.0,0.0,0.0,0.0,0.0,0.0,0.0,0.0,0.0,0.0,0.0,0.0
016250,SGC E&C,코스닥,건물 건설업,"건축공사, 플랜트설비, 토목공사",11780.0,4639.0,55116680.0,-2.0,11980.0,0.019999999552965164,684.0,8033665.0,-695.0,-8163205.0,10.0,117710.0,10.0,117710.0,0.0,0.0,0.0,0.0,0.0,0.0,0.0,0.0,0.0,0.0,1.0,11830.0,0.0,0.0
357880,SKAI,코스닥,소프트웨어 개발 및 공급업,"그래프데이터베이스, 그래프분석서비스",1850.0,404391.0,753602506.0,0.6000000238418579,890836.0,0.11999999731779099,-3005.0,-5152358.0,-11563.0,-22280121.0,0.0,-15964.0,0.0,-15964.0,0.0,0.0,0.0,0.0,0.0,0.0,0.0,0.0,0.0,0.0,1220.0,2281460.0,13348.0,25166983.0
048550,SM C&C,코스닥,광고업,"영상콘텐츠 제작 및 매니지먼트, 광고, 여행",1361.0,487615.0,661613316.0,2.3299999237060547,21651083.0,3.2699999809265137,1750.0,1927475.0,8502.0,11931650.0,-9920.0,-13405613.0,-9920.0,-13405613.0,0.0,0.0,0.0,0.0,0.0,0.0,0.0,0.0,0.0,0.0,0.0,0.0,-332.0,-453512.0
063440,SM Life Design,코스닥,기록매체 복제업,"추첨식복권 제조, 일반출판 인쇄, CD ·DVD 복제",1049.0,71727.0,75010697.0,-0.5699999928474426,55547.0,0.07000000029802322,30188.0,31549779.0,-30273.0,-31637934.0,-17.0,-17833.0,-17.0,-17833.0,0.0,0.0,0.0,0.0,0.0,0.0,0.0,0.0,0.0,0.0,90.0,93550.0,12.0,12438.0
067160,SOOP,코스닥,소프트웨어 개발 및 공급업,1인미디어플랫폼,37700.0,59010.0,2244486100.0,-1.309999942779541,190517250.0,6.199999809265137,20747.0,784825900.0,-24520.0,-929376950.0,3719.0,142505900.0,3747.0,143555450.0,-20.0,-753000.0,5.0,192100.0,0.0,0.0,0.0,0.0,-13.0,-490450.0,14.0,528700.0,40.0,1516450.0
289080,SV인베스트먼트,코스닥,기타 금융업,중소/벤처기업 투자 및 육성,2110.0,223172.0,472932173.0,1.440000057220459,10358640.0,2.190000057220459,-35845.0,-75973531.0,521.0,585276.0,7.0,14915.0,7.0,14915.0,0.0,0.0,0.0,0.0,0.0,0.0,0.0,0.0,0.0,0.0,35000.0,74701600.0,317.0,671740.0
041930,SY동아,코스닥,고무제품 제조업,자동차용 고무부품,4810.0,22478.0,107720637.0,1.4800000190734863,10286000.0,9.550000190734863,-889.0,-4241683.0,-11651.0,-55896067.0,2.0,9550.0,2.0,9550.0,0.0,0.0,0.0,0.0,0.0,0.0,0.0,0.0,0.0,0.0,12538.0,60128200.0,0.0,0.0
089230,THE E&M,코스닥,기타 정보 서비스업,인터넷 개인방송 플랫폼,2140.0,330506.0,704786358.0,5.420000076293945,28684155.0,4.070000171661377,42277.0,91793319.0,-39302.0,-85560234.0,0.0,-8435.0,0.0,-8435.0,0.0,0.0,0.0,0.0,0.0,0.0,0.0,0.0,0.0,0.0,-3000.0,-6277150.0,25.0,52500.0
032540,TJ미디어,코스닥,영상 및 음향기기 제조업,영상음향반주기,3095.0,880.0,2718415.0,0.0,9280.0,0.3400000035762787,105.0,324595.0,-105.0,-324595.0,0.0,0.0,0.0,0.0,0.0,0.0,0.0,0.0,0.0,0.0,0.0,0.0,0.0,0.0,0.0,0.0,0.0,0.0
048770,TPC로보틱스,코스닥,일반 목적용 기계 제조업,"구동기기(실린더), 방향제어기(밸브)",3060.0,65447.0,202505410.0,-1.2899999618530273,2939440.0,1.4500000476837158,10061.0,31417700.0,-10022.0,-31237865.0,-41.0,-185995.0,-41.0,-185995.0,0.0,0.0,0.0,0.0,0.0,0.0,0.0,0.0,0.0,0.0,0.0,0.0,2.0,6160.0
246690,TS인베스트먼트,코스닥,신탁업 및 집합투자업,투자조합 결성 및 투자,1829.0,90806.0,163856408.0,6.340000152587891,470770.0,0.28999999165534973,-25432.0,-46018580.0,7563.0,13610963.0,23001.0,41564988.0,23001.0,41564988.0,0.0,0.0,0.0,0.0,0.0,0.0,0.0,0.0,0.0,0.0,12.0,21574.0,-5144.0,-9178945.0
317240,TS트릴리온,코스닥,기타 화학제품 제조업,기업인수합병,1205.0,100290.0,119108983.0,-0.8999999761581421,69216.0,0.05999999865889549,-27447.0,-32651691.0,13037.0,15495887.0,0.0,0.0,0.0,0.0,0.0,0.0,0.0,0.0,0.0,0.0,0.0,0.0,0.0,0.0,14410.0,17155804.0,0.0,0.0
057030,YBM넷,코스닥,교육지원 서비스업,"온라인교육, 수수료수입 등",2205.0,6311.0,13767907.0,0.0,184765.0,1.340000033378601,-613.0,-1335670.0,632.0,1377755.0,-19.0,-42085.0,-19.0,-42085.0,0.0,0.0,0.0,0.0,0.0,0.0,0.0,0.0,0.0,0.0,0.0,0.0,0.0,0.0
040300,YTN,코스닥,"영화, 비디오물, 방송프로그램 제작 및 배급업",광고/협찬 및 프로그램 제작,2045.0,8997.0,18428095.0,-0.7300000190734863,0.0,0.0,1664.0,3406825.0,-1664.0,-3406825.0,0.0,0.0,0.0,0.0,0.0,0.0,0.0,0.0,0.0,0.0,0.0,0.0,0.0,0.0,0.0,0.0,0.0,0.0
051390,YW,코스닥,상품 종합 도매업,도소매,3975.0,11567.0,45134398.0,-0.5,7890.0,0.019999999552965164,-2370.0,-9301673.0,-706.0,-2728682.0,3076.0,12030355.0,0.0,0.0,0.0,0.0,0.0,0.0,0.0,0.0,0.0,0.0,3076.0,12030355.0,0.0,0.0,0.0,0.0
052220,iMBC,코스닥,영상·오디오물 제공 서비스업,"디지털콘텐츠,웹에이젼시",1823.0,33876.0,61262732.0,1.6699999570846558,1584374.0,2.5899999141693115,-1933.0,-3508558.0,1933.0,3508558.0,0.0,0.0,0.0,0.0,0.0,0.0,0.0,0.0,0.0,0.0,0.0,0.0,0.0,0.0,0.0,0.0,0.0,0.0
079940,가비아,코스닥,소프트웨어 개발 및 공급업,"도메인,호스팅",45200.0,18878.0,855778650.0,0.0,5206800.0,0.4699999988079071,-3259.0,-148172450.0,-1324.0,-58973200.0,4585.0,207236250.0,-4133.0,-187712300.0,0.0,0.0,0.0,0.0,0.0,0.0,0.0,0.0,8718.0,394948550.0,0.0,0.0,-2.0,-90600.0
078890,가온그룹,코스닥,통신 및 방송 장비 제조업,디지털셋톱박스,4335.0,37298.0,161581691.0,1.1699999570846558,3261215.0,2.0199999809265137,-1195.0,-5025500.0,1053.0,4414830.0,1.0,4370.0,1.0,4370.0,0.0,0.0,0.0,0.0,0.0,0.0,0.0,0.0,0.0,0.0,0.0,0.0,141.0,606300.0
399720,가온칩스,코스닥,반도체 제조업,설계 솔루션 및 주문형 반도체,47150.0,98798.0,4705456550.0,5.840000152587891,506713950.0,5.78000020980835,-3380.0,-161924950.0,-1040.0,-46787025.0,4127.0,194869625.0,4109.0,194019675.0,0.0,0.0,18.0,849950.0,0.0,0.0,0.0,0.0,0.0,0.0,361.0,17130900.0,-68.0,-3288550.0
036620,감성코퍼레이션,코스닥,기타 전문 도매업,"의류, 의류디자인, 휴대폰 주변기기",3930.0,262355.0,1032888350.0,1.4199999570846558,167667590.0,14.5600004196167,2996.0,10902060.0,-122348.0,-482223170.0,119766.0,472962865.0,26966.0,105949645.0,783.0,3076760.0,49606.0,194994770.0,0.0,0.0,82047.0,324766940.0,-39636.0,-155825250.0,-414.0,-1641755.0,0.0,0.0
198440,강동씨앤엘,코스닥,"시멘트, 석회, 플라스터 및 그 제품 제조업","시멘트, 레미콘",1375.0,4501618.0,6327069266.0,8.4399995803833,12129335.0,0.1899999976158142,-219981.0,-295174551.0,217031.0,290704412.0,0.0,39175.0,0.0,39175.0,0.0,0.0,0.0,0.0,0.0,0.0,0.0,0.0,0.0,0.0,95.0,130731.0,2855.0,4300233.0
198440,강동씨앤엘,코스닥,"시멘트, 석회, 플라스터 및 그 제품 제조업","시멘트, 레미콘",1375.0,4501618.0,6327069266.0,8.4399995803833,12129335.0,0.1899999976158142,-219981.0,-295174551.0,217031.0,290704412.0,0.0,39175.0,0.0,39175.0,0.0,0.0,0.0,0.0,0.0,0.0,0.0,0.0,0.0,0.0,95.0,130731.0,2855.0,4300233.0
217730,강스템바이오텍,코스닥,기초 의약물질 제조업,줄기세포치료제,2435.0,268933.0,656487629.0,2.0999999046325684,47919130.0,7.300000190734863,-2078.0,-3766704.0,2354.0,4436299.0,-135.0,-327670.0,-135.0,-327670.0,0.0,0.0,0.0,0.0,0.0,0.0,0.0,0.0,0.0,0.0,0.0,0.0,-141.0,-341925.0
114190,강원에너지,코스닥,기타 전기장비 제조업,플랜트설비(산업용 보일러),8810.0,44131.0,389608075.0,1.850000023841858,125443810.0,16.56999969482422,7600.0,67091500.0,-7415.0,-65461170.0,-269.0,-2371890.0,-269.0,-2371890.0,0.0,0.0,0.0,0.0,0.0,0.0,0.0,0.0,0.0,0.0,0.0,0.0,84.0,741560.0
094480,갤럭시아머니트리,코스닥,소프트웨어 개발 및 공급업,전자결제,5470.0,710958.0,3868738185.0,10.0600004196167,85021910.0,2.200000047683716,-57924.0,-307586450.0,58375.0,310277700.0,-14.0,-83940.0,-14.0,-83940.0,0.0,0.0,0.0,0.0,0.0,0.0,0.0,0.0,0.0,0.0,-450.0,-2437030.0,13.0,-170280.0
039240,경남스틸,코스닥,1차 철강 제조업,"냉연강판,아연도강판, 산세코일, 열연아연도금강판, 전기아연도금강판 등",1908.0,35621.0,68208185.0,-0.7799999713897705,9579.0,0.009999999776482582,2487.0,4735514.0,-2487.0,-4735514.0,0.0,0.0,0.0,0.0,0.0,0.0,0.0,0.0,0.0,0.0,0.0,0.0,0.0,0.0,0.0,0.0,0.0,0.0
053950,경남제약,코스닥,의약품 제조업,의약품,1600.0,27632.0,43803461.0,2.1700000762939453,20576794.0,46.97999954223633,6349.0,10127530.0,6651.0,10449264.0,-13000.0,-20576794.0,-13000.0,-20576794.0,0.0,0.0,0.0,0.0,0.0,0.0,0.0,0.0,0.0,0.0,0.0,0.0,0.0,0.0
011040,경동제약,코스닥,의약품 제조업,"듀오로반정, 발디핀정, 아트로반정 등",5060.0,10264.0,51797640.0,0.800000011920929,25300.0,0.05000000074505806,1475.0,7420785.0,-675.0,-3374015.0,-700.0,-3541760.0,-700.0,-3541760.0,0.0,0.0,0.0,0.0,0.0,0.0,0.0,0.0,0.0,0.0,0.0,0.0,-100.0,-505010.0
024910,경창산업,코스닥,자동차 신품 부품 제조업,"각종 케이블, 개폐랫치, 리저브탱크, 밴드류, 페달류, 오토트랜스미션부품, 시트용 단품",1667.0,209298.0,337014018.0,2.9600000381469727,31690008.0,9.399999618530273,14015.0,22823550.0,-23180.0,-37358277.0,104.0,190710.0,104.0,190710.0,0.0,0.0,0.0,0.0,0.0,0.0,0.0,0.0,0.0,0.0,9061.0,14344017.0,0.0,0.0
049720,고려신용정보,코스닥,기타 사업지원 서비스업,"채권추심, 신용조사",9180.0,53639.0,492490605.0,-1.2899999618530273,29898670.0,6.070000171661377,10304.0,94986030.0,-17664.0,-162418300.0,80.0,699890.0,80.0,699890.0,0.0,0.0,0.0,0.0,0.0,0.0,0.0,0.0,0.0,0.0,7330.0,67190380.0,-50.0,-458000.0
014570,고려제약,코스닥,의약품 제조업,"하벤(종합감기약),뉴로메드(치매치료제)등",3400.0,2437.0,8251820.0,1.0399999618530273,0.0,0.0,-739.0,-2505220.0,738.0,2501845.0,0.0,0.0,0.0,0.0,0.0,0.0,0.0,0.0,0.0,0.0,0.0,0.0,0.0,0.0,0.0,0.0,1.0,3375.0
348150,고바이오랩,코스닥,자연과학 및 공학 연구개발업,마이크로바이옴 치료제 및 건강기능식품,3120.0,11111.0,34419590.0,4.699999809265137,21985.0,0.05999999865889549,-81.0,-210320.0,81.0,210320.0,0.0,0.0,0.0,0.0,0.0,0.0,0.0,0.0,0.0,0.0,0.0,0.0,0.0,0.0,0.0,0.0,0.0,0.0
950190,고스트스튜디오,코스닥,소프트웨어 개발 및 공급업,"캐주얼게임, 소셜카지노게임",8660.0,12902.0,110667290.0,3.2200000286102295,10023740.0,9.0600004196167,-369.0,-3134610.0,367.0,3113410.0,0.0,4580.0,0.0,4580.0,0.0,0.0,0.0,0.0,0.0,0.0,0.0,0.0,0.0,0.0,2.0,16620.0,0.0,0.0
098460,고영,코스닥,특수 목적용 기계 제조업,전자제품및반도체생산용 3차원 납도포검사장비,29900.0,878653.0,26561730025.0,2.2200000286102295,1992362975.0,7.5,87152.0,2608889175.0,-6212.0,-162172075.0,-77969.0,-2358009450.0,18854.0,571636575.0,-8912.0,-268824225.0,-81953.0,-2481766825.0,0.0,0.0,12270.0,370787350.0,-18228.0,-549842325.0,-3309.0,-98989450.0,338.0,10281800.0
035290,골드앤에스,코스닥,"서적, 잡지 및 기타 인쇄물 출판업","방과후컴퓨터상설반,교재및CD",1884.0,68493.0,127362562.0,-1.4600000381469727,0.0,0.0,-6070.0,-10675694.0,6067.0,10662281.0,0.0,0.0,0.0,0.0,0.0,0.0,0.0,0.0,0.0,0.0,0.0,0.0,0.0,0.0,0.0,0.0,3.0,13413.0
215000,골프존,코스닥,소프트웨어 개발 및 공급업,골프시뮬레이터,34900.0,24468.0,853820725.0,1.309999942779541,158855600.0,13.0,2870.0,99566300.0,-5078.0,-177246550.0,2144.0,75442050.0,2144.0,75442050.0,0.0,0.0,0.0,0.0,0.0,0.0,0.0,0.0,0.0,0.0,64.0,2238200.0,0.0,0.0
121440,골프존홀딩스,코스닥,상품 중개업,골프시뮬레이터,7530.0,89310.0,697757070.0,-5.760000228881836,504970.0,0.07000000029802322,-16226.0,-125460890.0,13728.0,106107120.0,-169.0,-1351890.0,-169.0,-1351890.0,0.0,0.0,0.0,0.0,0.0,0.0,0.0,0.0,0.0,0.0,2671.0,20736830.0,-4.0,-31170.0
029480,광무,코스닥,통신 및 방송 장비 제조업,"네트워크 통합사업,네트워크 장비, 光 전송장비, S/W 제조, 네트워크관리",1441.0,95327.0,138846390.0,-1.0299999713897705,7021055.0,5.059999942779541,3819.0,5644514.0,10007.0,14503651.0,0.0,0.0,0.0,0.0,0.0,0.0,0.0,0.0,0.0,0.0,0.0,0.0,0.0,0.0,-13950.0,-20320460.0,124.0,172295.0
026910,광진실업,코스닥,1차 철강 제조업,마봉,4010.0,31478.0,127606022.0,-2.430000066757202,8782205.0,6.880000114440918,-477.0,-1397437.0,-733.0,-3525713.0,482.0,1953150.0,482.0,1953150.0,0.0,0.0,0.0,0.0,0.0,0.0,0.0,0.0,0.0,0.0,700.0,2854500.0,28.0,115500.0
465320,교보15호스팩,코스닥,금융 지원 서비스업,기업인수합병,2130.0,105085.0,223714511.0,0.23999999463558197,0.0,0.0,25922.0,55214930.0,14293.0,30444090.0,-40214.0,-85656890.0,-214.0,-456890.0,0.0,0.0,0.0,0.0,0.0,0.0,0.0,0.0,-40000.0,-85200000.0,0.0,0.0,-1.0,-2130.0
482520,교보16호스팩,코스닥,금융 지원 서비스업,기업인수합병,2045.0,8936.0,18207460.0,0.0,0.0,0.0,4500.0,9157850.0,0.0,0.0,-4500.0,-9157850.0,0.0,0.0,0.0,0.0,0.0,0.0,0.0,0.0,0.0,0.0,-4500.0,-9157850.0,0.0,0.0,0.0,0.0
489210,교보17호스팩,코스닥,금융 지원 서비스업,기업인수합병,2035.0,1005.0,2040180.0,0.25,0.0,0.0,6.0,12210.0,0.0,0.0,-6.0,-12210.0,0.0,0.0,0.0,0.0,0.0,0.0,0.0,0.0,0.0,0.0,-6.0,-12210.0,0.0,0.0,0.0,0.0
0041B0,교보18호스팩,코스닥,금융 지원 서비스업,기업인수합병,2010.0,2535.0,5080701.0,0.0,0.0,0.0,1486.0,2972360.0,14.0,28140.0,-1500.0,-3000500.0,0.0,0.0,0.0,0.0,0.0,0.0,0.0,0.0,0.0,0.0,-1500.0,-3000500.0,0.0,0.0,0.0,0.0
0098T0,교보19호스팩,코스닥,금융 지원 서비스업,기업인수 및 합병,1994.0,39.0,77913.0,0.0,0.0,0.0,1.0,1997.0,-1.0,-1997.0,0.0,0.0,0.0,0.0,0.0,0.0,0.0,0.0,0.0,0.0,0.0,0.0,0.0,0.0,0.0,0.0,0.0,0.0
0132G0,교보20호스팩,코스닥,기타 금융업,기업 인수 및 합병,1995.0,9.0,17955.0,-0.05000000074505806,0.0,0.0,0.0,0.0,0.0,0.0,0.0,0.0,0.0,0.0,0.0,0.0,0.0,0.0,0.0,0.0,0.0,0.0,0.0,0.0,0.0,0.0,0.0,0.0
053270,구영테크,코스닥,자동차 신품 부품 제조업,엔진 브라켓(Engine Bracket) 등,2005.0,52783.0,105157639.0,0.25,739718.0,0.699999988079071,11380.0,22643799.0,-3597.0,-7169832.0,-7783.0,-15473967.0,-7783.0,-15473967.0,0.0,0.0,0.0,0.0,0.0,0.0,0.0,0.0,0.0,0.0,0.0,0.0,0.0,0.0
066620,국보디자인,코스닥,실내건축 및 건축마무리 공사업,인테리어디자인,24150.0,2361.0,56998400.0,1.2599999904632568,360650.0,0.6299999952316284,634.0,15275900.0,-1493.0,-36083550.0,859.0,20807650.0,-103.0,-2479300.0,0.0,0.0,0.0,0.0,0.0,0.0,0.0,0.0,962.0,23286950.0,0.0,0.0,0.0,0.0
043650,국순당,코스닥,알코올음료 제조업,탁주 및 약주,3565.0,20365.0,72446695.0,-0.14000000059604645,1981160.0,2.7300000190734863,-2649.0,-9402710.0,-400.0,-1416205.0,3049.0,10818915.0,3049.0,10818915.0,0.0,0.0,0.0,0.0,0.0,0.0,0.0,0.0,0.0,0.0,0.0,0.0,0.0,0.0
006050,국영지앤엠,코스닥,유리 및 유리제품 제조업,강화유리,490.0,0.0,0.0,0.0,0.0,0.0,0.0,0.0,0.0,0.0,0.0,0.0,0.0,0.0,0.0,0.0,0.0,0.0,0.0,0.0,0.0,0.0,0.0,0.0,0.0,0.0,0.0,0.0
060480,국일신동,코스닥,1차 비철금속 제조업,황동봉,1167.0,183932.0,207712977.0,11.460000038146973,15855.0,0.009999999776482582,-10963.0,-13993018.0,10962.0,13991853.0,0.0,0.0,0.0,0.0,0.0,0.0,0.0,0.0,0.0,0.0,0.0,0.0,0.0,0.0,0.0,0.0,1.0,1165.0
078130,국일제지,코스닥,기타 종이 및 판지 제품 제조업,"산업용 및 가정용 지류(강판간지, 다공지 등)",3500.0,59705.0,208342860.0,-0.7099999785423279,7690935.0,3.690000057220459,9517.0,33205995.0,-9517.0,-33205995.0,0.0,0.0,0.0,0.0,0.0,0.0,0.0,0.0,0.0,0.0,0.0,0.0,0.0,0.0,0.0,0.0,0.0,0.0
307750,국전,코스닥,의약품 제조업,기업 인수 및 합병,2195.0,86612.0,187237770.0,2.3299999237060547,37745645.0,20.15999984741211,7851.0,17141480.0,-7851.0,-17141480.0,0.0,0.0,0.0,0.0,0.0,0.0,0.0,0.0,0.0,0.0,0.0,0.0,0.0,0.0,0.0,0.0,0.0,0.0
035080,그래디언트,코스닥,무점포 소매업,전자상거래,12000.0,24888.0,298927740.0,1.7799999713897705,35520.0,0.009999999776482582,-12042.0,-144727600.0,1653.0,19843110.0,10244.0,123145040.0,10261.0,123348940.0,0.0,0.0,0.0,0.0,0.0,0.0,0.0,0.0,-17.0,-203900.0,145.0,1739450.0,0.0,0.0
318060,그래피,코스닥,합성고무 및 플라스틱 물질 제조업,"형상기억 투명교정장치, 3D프린팅 소재, 질소경화기 등",20400.0,147709.0,3077061975.0,1.2400000095367432,150159080.0,4.880000114440918,24651.0,493539870.0,-25152.0,-503311670.0,-606.0,-13282750.0,-606.0,-13282750.0,0.0,0.0,0.0,0.0,0.0,0.0,0.0,0.0,0.0,0.0,1082.0,22542800.0,25.0,511750.0
453450,그리드위즈,코스닥,"그외 기타 전문, 과학 및 기술 서비스업","수요관리 서비스, 전기차 충전기 모뎀 등",14510.0,31011.0,448854030.0,0.3499999940395355,10169810.0,2.2699999809265137,4915.0,71275890.0,-4915.0,-71275890.0,0.0,0.0,0.0,0.0,0.0,0.0,0.0,0.0,0.0,0.0,0.0,0.0,0.0,0.0,0.0,0.0,0.0,0.0
204020,그리티,코스닥,봉제의복 제조업,"내의(원더브라, 플레이텍스, 미싱도로시, 르페)",1886.0,4714.0,8887428.0,0.3199999928474426,516567.0,5.809999942779541,1780.0,3362869.0,-1778.0,-3359098.0,0.0,0.0,0.0,0.0,0.0,0.0,0.0,0.0,0.0,0.0,0.0,0.0,0.0,0.0,-2.0,-3771.0,0.0,0.0
0015G0,그린광학,코스닥,사진장비 및 광학기기 제조업,초정밀 광학 시스템 및 광학 소재,15310.0,28279.0,431626380.0,2.4100000858306885,1315820.0,0.30000001192092896,-1696.0,-26029330.0,560.0,8635610.0,1141.0,17476420.0,0.0,0.0,-7.0,-106950.0,441.0,6751110.0,0.0,0.0,-6.0,-91630.0,714.0,10939110.0,0.0,0.0,-5.0,-82700.0
402490,그린리소스,코스닥,반도체 제조업,반도체 및 디스플레이 장비 보호코팅 및 소재,6940.0,70623.0,489432300.0,0.8700000047683716,4062890.0,0.8299999833106995,10656.0,73659580.0,-8156.0,-56337000.0,0.0,0.0,0.0,0.0,0.0,0.0,0.0,0.0,0.0,0.0,0.0,0.0,0.0,0.0,-2500.0,-17322580.0,0.0,0.0
114450,그린생명과학,코스닥,기초 의약물질 제조업,의약품 중간체 등,2165.0,129528.0,282828655.0,-1.1399999856948853,2855930.0,1.0099999904632568,3895.0,8379795.0,-3895.0,-8379795.0,0.0,0.0,0.0,0.0,0.0,0.0,0.0,0.0,0.0,0.0,0.0,0.0,0.0,0.0,0.0,0.0,0.0,0.0
114450,그린생명과학,코스닥,기초 의약물질 제조업,의약품 중간체 등,2165.0,129528.0,282828655.0,-1.1399999856948853,2855930.0,1.0099999904632568,3895.0,8379795.0,-3895.0,-8379795.0,0.0,0.0,0.0,0.0,0.0,0.0,0.0,0.0,0.0,0.0,0.0,0.0,0.0,0.0,0.0,0.0,0.0,0.0
186230,그린플러스,코스닥,1차 비철금속 제조업,"첨단유리온실, 온실용자재설치공사, 알루미늄 압출/가공제품",3435.0,23158.0,78858642.0,0.0,409955.0,0.5199999809265137,4547.0,15533625.0,-3062.0,-10456933.0,-1531.0,-5234407.0,-1531.0,-5234407.0,0.0,0.0,0.0,0.0,0.0,0.0,0.0,0.0,0.0,0.0,46.0,157715.0,0.0,0.0
900070,글로벌에스엠,코스닥,기타 금융업,"자회사 제품 : IT기기용 정밀 화스너부품(스크류, 샤프트, 스프링)",1054.0,60816.0,62568727.0,5.820000171661377,39067.0,0.05999999865889549,-48449.0,-49831113.0,48450.0,49832122.0,-1.0,-1009.0,-1.0,-1009.0,0.0,0.0,0.0,0.0,0.0,0.0,0.0,0.0,0.0,0.0,0.0,0.0,0.0,0.0
204620,글로벌텍스프리,코스닥,금융 지원 서비스업,환급창구운영사업,4915.0,719428.0,3512760975.0,0.3100000023841858,75995230.0,2.1600000858306885,212192.0,1027054872.0,-102836.0,-493309117.0,-115318.0,-563073620.0,16022.0,78124825.0,0.0,0.0,-67560.0,-329184788.0,0.0,0.0,0.0,0.0,-63780.0,-312013657.0,4899.0,24108555.0,1063.0,5219310.0
019660,글로본,코스닥,상품 종합 도매업,화장품 외,1539.0,23746.0,36332412.0,-2.9600000381469727,31222.0,0.09000000357627869,168.0,312050.0,2032.0,3084226.0,0.0,0.0,0.0,0.0,0.0,0.0,0.0,0.0,0.0,0.0,0.0,0.0,0.0,0.0,-2200.0,-3396276.0,0.0,0.0
053260,금강철강,코스닥,1차 철강 제조업,"냉연압연강판, 산세코일",5770.0,1743616.0,10257541410.0,10.329999923706055,9465330.0,0.09000000357627869,-4867.0,-2979595.0,4060.0,-1779275.0,0.0,-32120.0,0.0,-32120.0,0.0,0.0,0.0,0.0,0.0,0.0,0.0,0.0,0.0,0.0,0.0,-9460.0,807.0,4800450.0
282720,금양그린파워,코스닥,전기 및 통신 공사업,"플랜트, 발전소 및 신재생에너지 발전소 공사 및 용역",7470.0,16744.0,125956900.0,0.8100000023841858,2008570.0,1.590000033378601,2427.0,18371260.0,-2396.0,-18182430.0,-217.0,-1620990.0,-217.0,-1620990.0,0.0,0.0,0.0,0.0,0.0,0.0,0.0,0.0,0.0,0.0,0.0,0.0,186.0,1432160.0
036190,금화피에스시,코스닥,전기 및 통신 공사업,"설비,철물,전기,강구조물",32600.0,5662.0,185447050.0,1.090000033378601,750600.0,0.4000000059604645,-910.0,-29718950.0,-1593.0,-52230600.0,2503.0,81949550.0,-88.0,-2817500.0,0.0,0.0,0.0,0.0,0.0,0.0,0.0,0.0,2591.0,84767050.0,0.0,0.0,0.0,0.0
049080,기가레인,코스닥,전자부품 제조업,RF통신부품 및 반도체 장비,8200.0,198074.0,1601352595.0,2.5,9538680.0,0.6000000238418579,-15274.0,-121576270.0,14294.0,113737720.0,0.0,-4800.0,0.0,-4800.0,0.0,0.0,0.0,0.0,0.0,0.0,0.0,0.0,0.0,0.0,0.0,0.0,980.0,7843350.0
420770,기가비스,코스닥,특수 목적용 기계 제조업,반도체 기판용 광학검사 및 수리장비,121600.0,131131.0,15870307900.0,-5.519999980926514,1745224850.0,8.550000190734863,23566.0,2841750600.0,-31245.0,-3770542300.0,7228.0,873531400.0,1910.0,233427150.0,1479.0,178326600.0,2750.0,331922800.0,0.0,0.0,-16823.0,-2031299900.0,17912.0,2161154750.0,150.0,18805400.0,301.0,36454900.0
035460,기산텔레콤,코스닥,통신 및 방송 장비 제조업,"광모듈, 에코 켄슬러, 중계기, VoIP Server등",2335.0,115361.0,266497290.0,0.20999999344348907,1604730.0,0.6000000238418579,-35140.0,-80866440.0,34664.0,79802070.0,781.0,1773915.0,781.0,1773915.0,0.0,0.0,0.0,0.0,0.0,0.0,0.0,0.0,0.0,0.0,0.0,0.0,-305.0,-709545.0
407400,꿈비,코스닥,가구 제조업,"놀이방매트, 유아거실가구 등",1960.0,30986.0,60399024.0,2.7799999713897705,210908.0,0.3499999940395355,2141.0,4283807.0,-2141.0,-4283807.0,0.0,0.0,0.0,0.0,0.0,0.0,0.0,0.0,0.0,0.0,0.0,0.0,0.0,0.0,0.0,0.0,0.0,0.0
187790,나노,코스닥,기초 화학물질 제조업,SCR촉매,3115.0,122847.0,395359467.0,-5.03000020980835,7835485.0,1.9800000190734863,28402.0,89592836.0,-20108.0,-62956042.0,-8394.0,-26963294.0,-80.0,-270355.0,-124.0,-390626.0,-287.0,-901962.0,0.0,0.0,-40.0,-125410.0,-7863.0,-25274941.0,0.0,0.0,100.0,326500.0
121600,나노신소재,코스닥,기타 화학제품 제조업,"인듐계 산화물 TCO Target, 반도체 CMP Slurry 등",49150.0,29959.0,1484600525.0,1.2400000095367432,207890825.0,9.5,342.0,14181325.0,-7531.0,-369992200.0,7664.0,379820325.0,4019.0,199691300.0,-3.0,-147350.0,3647.0,180227125.0,0.0,0.0,0.0,0.0,0.0,0.0,-475.0,-24010150.0,0.0,700.0
286750,나노실리칸첨단소재,코스닥,기초 화학물질 제조업,"보안응용제품(M-tag 및 M-pac), 보안소재제품(M-secuprint)",1425.0,0.0,0.0,0.0,0.0,0.0,0.0,0.0,0.0,0.0,0.0,0.0,0.0,0.0,0.0,0.0,0.0,0.0,0.0,0.0,0.0,0.0,0.0,0.0,0.0,0.0,0.0,0.0
247660,나노씨엠에스,코스닥,전자부품 제조업,"근적외선 흡수/반사 안료, 자외선 유기형광 안료, 적외선 발광체",2415.0,34183.0,82652805.0,5.0,5988160.0,7.239999771118164,4720.0,11259670.0,-4720.0,-11259670.0,0.0,0.0,0.0,0.0,0.0,0.0,0.0,0.0,0.0,0.0,0.0,0.0,0.0,0.0,0.0,0.0,0.0,0.0
039860,나노엔텍,코스닥,의료용 기기 제조업,의료기기 및 실험기기,3810.0,664210.0,2576966667.0,3.6700000762939453,105984010.0,4.110000133514404,66978.0,268478748.0,-67332.0,-270201913.0,-45.0,233365.0,-45.0,233365.0,0.0,0.0,0.0,0.0,0.0,0.0,0.0,0.0,0.0,0.0,0.0,-8380.0,399.0,1498180.0
417010,나노팀,코스닥,일반 목적용 기계 제조업,전기차용 방열제품,5270.0,110822.0,586056680.0,-0.1899999976158142,6530680.0,1.1100000143051147,13526.0,71548770.0,-12289.0,-65737280.0,-1089.0,-5012110.0,-1089.0,-5012110.0,0.0,0.0,0.0,0.0,0.0,0.0,0.0,0.0,0.0,0.0,0.0,0.0,-148.0,-799380.0
405920,나라셀라,코스닥,음·식료품 및 담배 도매업,와인 도소매,1896.0,5648.0,10497504.0,2.2100000381469727,0.0,0.0,2870.0,5318019.0,-224.0,-412396.0,0.0,0.0,0.0,0.0,0.0,0.0,0.0,0.0,0.0,0.0,0.0,0.0,0.0,0.0,-2646.0,-4905623.0,0.0,0.0
478340,나라스페이스테크놀로지,코스닥,"항공기,우주선 및 부품 제조업",초소형 인공위성 및 위성 데이터 서비스,10630.0,45676.0,482035160.0,-0.1899999976158142,1640380.0,0.3400000035762787,9504.0,99664585.0,-9336.0,-97783815.0,-203.0,-2251270.0,-203.0,-2251270.0,0.0,0.0,0.0,0.0,0.0,0.0,0.0,0.0,0.0,0.0,0.0,0.0,35.0,370500.0
051490,나라엠앤디,코스닥,특수 목적용 기계 제조업,"금형,사출 및 판금부품",2655.0,1777181.0,5275542968.0,-2.390000104904175,18677415.0,0.3499999940395355,-40815.0,-68657517.0,29705.0,38056007.0,0.0,-341245.0,0.0,-341245.0,0.0,0.0,0.0,0.0,0.0,0.0,0.0,0.0,0.0,0.0,10000.0,27333935.0,1110.0,3608820.0
137080,나래나노텍,코스닥,특수 목적용 기계 제조업,"디스플레이 장비 (포토, 코팅, 모듈 장비)",6600.0,23559.0,156517105.0,-1.4900000095367432,0.0,0.0,2180.0,14751200.0,-4100.0,-27283200.0,0.0,-4490.0,0.0,-4490.0,0.0,0.0,0.0,0.0,0.0,0.0,0.0,0.0,0.0,0.0,1910.0,12471290.0,10.0,65200.0
190510,나무가,코스닥,전자부품 제조업,"스마트폰 카메라모듈, 노트북 카메라모듈",13650.0,21572.0,292387540.0,1.940000057220459,10690920.0,2.3499999046325684,-2200.0,-30002950.0,-2448.0,-33290940.0,4664.0,63512350.0,4664.0,63512350.0,0.0,0.0,0.0,0.0,0.0,0.0,0.0,0.0,0.0,0.0,-25.0,-340750.0,9.0,122290.0
242040,나무에이엑스,코스닥,소프트웨어 개발 및 공급업,응용소프트웨어 개발 및 공급업,3415.0,284565.0,977863465.0,1.4900000095367432,30930990.0,3.1600000858306885,-4016.0,-13791322.0,3603.0,12376402.0,0.0,-5325.0,0.0,-5325.0,0.0,0.0,0.0,0.0,0.0,0.0,0.0,0.0,0.0,0.0,17.0,58310.0,396.0,1361935.0
293580,나우IB,코스닥,기타 금융업,"투자조합, PEF 결성 및 투자",1462.0,76612.0,111593842.0,0.6899999976158142,121897.0,0.10999999940395355,3277.0,4682341.0,-2839.0,-4047059.0,2.0,4408.0,2.0,4408.0,0.0,0.0,0.0,0.0,0.0,0.0,0.0,0.0,0.0,0.0,-440.0,-639690.0,0.0,0.0
459510,나우로보틱스,코스닥,특수 목적용 기계 제조업,산업용로봇 및 로봇자동화시스템,16100.0,23981.0,388134480.0,-0.3100000023841858,1957500.0,0.2800000011920929,-3432.0,-55685650.0,420.0,6930210.0,1658.0,26915590.0,1658.0,26915590.0,0.0,0.0,0.0,0.0,0.0,0.0,0.0,0.0,0.0,0.0,39.0,629850.0,1315.0,21210000.0
138610,나이벡,코스닥,의료용품 및 기타 의약 관련제품 제조업,"치아미백제,치과용 골이식재",19100.0,1607403.0,31361138455.0,19.81999969482422,653683190.0,1.1699999570846558,291417.0,5985659895.0,-40952.0,-794601060.0,-255000.0,-5286741700.0,5000.0,95253180.0,0.0,0.0,-175000.0,-3622494880.0,0.0,0.0,0.0,0.0,-85000.0,-1759500000.0,6103.0,125480350.0,-1568.0,-29797485.0
130580,나이스디앤비,코스닥,기타 사업지원 서비스업,기업신용조사 보고서,5580.0,1789.0,9969160.0,0.36000001430511475,16730.0,0.17000000178813934,620.0,3454560.0,-221.0,-1231870.0,-400.0,-2228280.0,-400.0,-2228280.0,0.0,0.0,0.0,0.0,0.0,0.0,0.0,0.0,0.0,0.0,0.0,0.0,1.0,5590.0
036800,나이스정보통신,코스닥,전기 통신업,카드 VAN사업,6700.0,318679.0,2091417645.0,0.0,57830510.0,2.130000114440918,-104833.0,-690954435.0,127539.0,836422685.0,-22363.0,-143294760.0,2192.0,14531010.0,23765.0,156391440.0,-11202.0,-73225825.0,0.0,0.0,-54685.0,-356569525.0,17009.0,111997540.0,-431.0,-2738500.0,88.0,565010.0
366030,나인앤컴퍼니,코스닥,의복 액세서리 제조업,플러스사이즈 여성용 의류 및 잡화,5630.0,101058.0,562404220.0,4.260000228881836,13437750.0,2.390000104904175,-2378.0,-13760420.0,376.0,2250950.0,0.0,-5310.0,0.0,-5310.0,0.0,0.0,0.0,0.0,0.0,0.0,0.0,0.0,0.0,0.0,2045.0,11756380.0,-43.0,-241600.0
267320,나인테크,코스닥,특수 목적용 기계 제조업,이차전지 제조 장비,2185.0,135786.0,296022437.0,2.0999999046325684,2038030.0,0.6899999976158142,-22100.0,-48345112.0,21244.0,46470087.0,0.0,0.0,0.0,0.0,0.0,0.0,0.0,0.0,0.0,0.0,0.0,0.0,0.0,0.0,0.0,0.0,856.0,1875025.0
111710,남화산업,코스닥,스포츠 서비스업,골프장 서비스,3235.0,1040457.0,3514758277.0,5.550000190734863,4906415.0,0.14000000059604645,-66243.0,-225555858.0,68724.0,233342853.0,287.0,911680.0,287.0,911680.0,0.0,0.0,0.0,0.0,0.0,0.0,0.0,0.0,0.0,0.0,-2000.0,-6154805.0,-768.0,-2543870.0
111710,남화산업,코스닥,스포츠 서비스업,골프장 서비스,3235.0,1040457.0,3514758277.0,5.550000190734863,4906415.0,0.14000000059604645,-66243.0,-225555858.0,68724.0,233342853.0,287.0,911680.0,287.0,911680.0,0.0,0.0,0.0,0.0,0.0,0.0,0.0,0.0,0.0,0.0,-2000.0,-6154805.0,-768.0,-2543870.0
091590,남화토건,코스닥,건물 건설업,"건축공사, 토목공사",6320.0,4235977.0,28742410430.0,10.880000114440918,233240.0,0.0,13579.0,188608175.0,-14063.0,-193495115.0,121.0,775000.0,121.0,775000.0,0.0,0.0,0.0,0.0,0.0,0.0,0.0,0.0,0.0,0.0,1300.0,9014650.0,-937.0,-4902710.0
091590,남화토건,코스닥,건물 건설업,"건축공사, 토목공사",6320.0,4235977.0,28742410430.0,10.880000114440918,233240.0,0.0,13579.0,188608175.0,-14063.0,-193495115.0,121.0,775000.0,121.0,775000.0,0.0,0.0,0.0,0.0,0.0,0.0,0.0,0.0,0.0,0.0,1300.0,9014650.0,-937.0,-4902710.0
168330,내츄럴엔도텍,코스닥,자연과학 및 공학 연구개발업,"백수오 여성호르몬제, 백수오등복합추출물(원료)",2120.0,10217.0,21376455.0,0.949999988079071,1313810.0,6.150000095367432,544.0,1195940.0,-1251.0,-2639865.0,708.0,1446035.0,708.0,1446035.0,0.0,0.0,0.0,0.0,0.0,0.0,0.0,0.0,0.0,0.0,0.0,0.0,-1.0,-2110.0
094860,네오리진,코스닥,소프트웨어 개발 및 공급업,게임소프트웨어 제작 및 판매,1245.0,117184.0,142946569.0,1.5499999523162842,1961559.0,1.3700000047683716,-18142.0,-22490897.0,32067.0,39519939.0,0.0,0.0,0.0,0.0,0.0,0.0,0.0,0.0,0.0,0.0,0.0,0.0,0.0,0.0,-15025.0,-18351942.0,1100.0,1322900.0
0218L0,네오뷰,코스닥,영상 및 음향기기 제조업,"카지노 모니터, 자동차 전장 모니터",15210.0,110475.0,1693804840.0,-4.400000095367432,88458810.0,5.21999979019165,42513.0,651350420.0,-33073.0,-508762030.0,-11688.0,-177187540.0,1.0,15900.0,0.0,0.0,-11100.0,-168183230.0,0.0,0.0,0.0,0.0,-589.0,-9020210.0,2200.0,33856750.0,48.0,742400.0
253590,네오셈,코스닥,특수 목적용 기계 제조업,반도체 검사장비,11150.0,268112.0,2980636025.0,1.9199999570846558,43951310.0,1.4700000286102295,-5807.0,-66548480.0,8798.0,99072290.0,5409.0,60472020.0,5338.0,59683540.0,0.0,0.0,71.0,788480.0,0.0,0.0,0.0,0.0,0.0,0.0,-8410.0,-93107230.0,10.0,111400.0
212560,네오오토,코스닥,자동차 신품 부품 제조업,"자동차부품(피니언기어, 디프어셈블리, 대형기어), 로봇 및 로봇부품, 모빌리티 부품 제조",10160.0,325573.0,3381354085.0,-6.699999809265137,98694650.0,2.9200000762939453,116016.0,1211921200.0,-117302.0,-1225129550.0,0.0,-23760.0,0.0,-23760.0,0.0,0.0,0.0,0.0,0.0,0.0,0.0,0.0,0.0,0.0,1004.0,10194720.0,282.0,3037390.0
095660,네오위즈,코스닥,소프트웨어 개발 및 공급업,"피망,스페셜포스",18210.0,45762.0,840239260.0,0.4399999976158142,33795750.0,3.7300000190734863,-3882.0,-72506410.0,361.0,7488280.0,3473.0,64140280.0,3443.0,63593760.0,0.0,0.0,43.0,783340.0,0.0,0.0,0.0,0.0,-13.0,-236820.0,-3.0,-71880.0,51.0,949730.0
042420,네오위즈홀딩스,코스닥,소프트웨어 개발 및 공급업,지주사업,23750.0,8918.0,212584950.0,0.0,17445100.0,8.210000038146973,-2273.0,-54759550.0,-2067.0,-48951050.0,4340.0,103710600.0,4340.0,103710600.0,0.0,0.0,0.0,0.0,0.0,0.0,0.0,0.0,0.0,0.0,0.0,0.0,0.0,0.0
950220,네오이뮨텍,코스닥,자연과학 및 공학 연구개발업,면역항암제,2195.0,396741.0,870846495.0,29.8799991607666,0.0,0.0,4514.0,9908230.0,-4.0,-8780.0,-5484.0,-12037380.0,-6384.0,-14012880.0,0.0,0.0,900.0,1975500.0,0.0,0.0,0.0,0.0,0.0,0.0,1900.0,4170500.0,-926.0,-2032570.0
311390,네오크레마,코스닥,기타 식품 제조업,기능성 식품 원료,2570.0,21363.0,54678400.0,-0.1899999976158142,35490.0,0.05999999865889549,7381.0,18849660.0,-7851.0,-20050510.0,0.0,0.0,0.0,0.0,0.0,0.0,0.0,0.0,0.0,0.0,0.0,0.0,0.0,0.0,0.0,0.0,470.0,1200850.0
085910,네오티스,코스닥,자동차 신품 부품 제조업,"마이크로비트,샤프트",17530.0,136158.0,2408494810.0,-2.7200000286102295,149762160.0,6.21999979019165,-14617.0,-261160660.0,8484.0,152457960.0,3443.0,61295225.0,-598.0,-10535890.0,-214.0,-3717260.0,100.0,1975990.0,0.0,0.0,-77.0,-1336510.0,4239.0,75030415.0,2607.0,45941895.0,83.0,1465580.0
092730,네오팜,코스닥,기타 화학제품 제조업,생체기능성(아토피)보습제,23050.0,71114.0,1599555100.0,-0.6499999761581421,30688650.0,1.4500000476837158,11325.0,252328100.0,22137.0,496935625.0,-33646.0,-753374775.0,-529.0,-11963300.0,-7815.0,-174818850.0,-7252.0,-162118275.0,0.0,0.0,0.0,0.0,-18050.0,-404474350.0,84.0,1881050.0,100.0,2230000.0
153460,네이블,코스닥,소프트웨어 개발 및 공급업,"유무선융합 인프라, 클라이언트 및 All-IP 통신보안",6200.0,1820.0,11250430.0,1.4700000286102295,24840.0,0.2199999988079071,-145.0,-901690.0,145.0,901690.0,0.0,0.0,0.0,0.0,0.0,0.0,0.0,0.0,0.0,0.0,0.0,0.0,0.0,0.0,0.0,0.0,0.0,0.0
007390,네이처셀,코스닥,기초 의약물질 제조업,닥터쥬크르,23400.0,343747.0,8157482800.0,3.7699999809265137,1013185100.0,6.96999979019165,-44019.0,-1065908650.0,9767.0,251173200.0,34756.0,826759450.0,33909.0,806770050.0,-24.0,-566200.0,234.0,5507900.0,0.0,0.0,0.0,0.0,637.0,15047700.0,-608.0,-14541200.0,104.0,2517200.0
033640,네패스,코스닥,반도체 제조업,반도체및TFT-LCD용현상액,19110.0,233885.0,4523851640.0,8.210000038146973,252749705.0,3.240000009536743,-40.0,-10632325.0,-13425.0,-251042250.0,13769.0,267583085.0,628.0,12224135.0,-86.0,-1643460.0,2387.0,46155080.0,0.0,0.0,0.0,0.0,10840.0,210847330.0,216.0,4100940.0,-520.0,-10009450.0
330860,네패스아크,코스닥,"그외 기타 전문, 과학 및 기술 서비스업",반도체 테스트 서비스,27250.0,230191.0,6355112475.0,1.4900000095367432,107179450.0,1.690000057220459,-13658.0,-380666675.0,35022.0,964869375.0,-19867.0,-542616850.0,-4837.0,-133456800.0,0.0,0.0,-33823.0,-934920275.0,0.0,0.0,26143.0,727569050.0,-7350.0,-201808825.0,-1234.0,-34430500.0,-263.0,-7155350.0
351320,넥사다이내믹스,코스닥,특수 목적용 기계 제조업,기업인수목적회사,1212.0,274761.0,329218745.0,3.7699999809265137,8938705.0,2.7200000286102295,2879.0,3984249.0,-28504.0,-34451078.0,0.0,-62880.0,0.0,-62880.0,0.0,0.0,0.0,0.0,0.0,0.0,0.0,0.0,0.0,0.0,25698.0,30616550.0,-73.0,-86841.0
089140,넥스턴앤롤코리아,코스닥,특수 목적용 기계 제조업,CNC자동선반,2275.0,90775.0,207185925.0,-3.4000000953674316,1692505.0,0.8199999928474426,24109.0,55496665.0,-27011.0,-62060415.0,2717.0,6138250.0,2717.0,6138250.0,0.0,0.0,0.0,0.0,0.0,0.0,0.0,0.0,0.0,0.0,0.0,0.0,185.0,425500.0
389650,넥스트바이오메디컬,코스닥,의료용 기기 제조업,"내시경용 지혈재, 혈관색전 미립구",34500.0,33096.0,1116904400.0,4.230000019073486,84949100.0,4.869999885559082,-972.0,-35652350.0,1656.0,55092475.0,-654.0,-18387475.0,3223.0,108467450.0,0.0,0.0,-6229.0,-208097625.0,0.0,0.0,0.0,0.0,2352.0,81242700.0,-38.0,-1319050.0,8.0,266400.0
137940,넥스트아이,코스닥,"측정, 시험, 항해, 제어 및 기타 정밀기기 제조업; 광학기기 제외","LCD 편광필름 검사장비, BLU 검사장비 등",2020.0,17545.0,35109714.0,1.0,462395.0,1.3200000524520874,-5323.0,-10662248.0,5323.0,10662248.0,0.0,0.0,0.0,0.0,0.0,0.0,0.0,0.0,0.0,0.0,0.0,0.0,0.0,0.0,0.0,0.0,0.0,0.0
396270,넥스트칩,코스닥,반도체 제조업,"차량 및 자율주행차용 비메모리 반도체(ISP, AHD, ADAS/AD)",2125.0,63797.0,136269830.0,-1.3899999856948853,2082355.0,1.5299999713897705,3454.0,7445350.0,-3514.0,-7573300.0,0.0,0.0,0.0,0.0,0.0,0.0,0.0,0.0,0.0,0.0,0.0,0.0,0.0,0.0,0.0,0.0,60.0,127950.0
348210,넥스틴,코스닥,특수 목적용 기계 제조업,반도체 전공정용 패턴결함 검사장비(AEGIS 등),35300.0,47905.0,1693431950.0,1.149999976158142,437641900.0,21.440000534057617,-1137.0,-39706750.0,-4644.0,-165124100.0,5790.0,205154750.0,3650.0,129374100.0,4.0,141400.0,2012.0,71245825.0,0.0,0.0,137.0,4851625.0,-13.0,-458200.0,4.0,141900.0,-13.0,-465800.0
225570,넥슨게임즈,코스닥,소프트웨어 개발 및 공급업,온라인 및 모바일 게임,9210.0,98261.0,904830380.0,0.8799999952316284,128793010.0,11.149999618530273,-44080.0,-406359970.0,37536.0,345720060.0,6689.0,61980010.0,6607.0,61225210.0,0.0,0.0,82.0,754800.0,0.0,0.0,0.0,0.0,0.0,0.0,-145.0,-1340100.0,0.0,0.0
205500,넥써쓰,코스닥,소프트웨어 개발 및 공급업,모바일게임,1732.0,214776.0,370713464.0,2.6700000762939453,3607160.0,0.9700000286102295,-79255.0,-137196572.0,81952.0,141870249.0,505.0,862706.0,505.0,862706.0,0.0,0.0,0.0,0.0,0.0,0.0,0.0,0.0,0.0,0.0,-3202.0,-5536383.0,0.0,0.0
217270,넵튠,코스닥,소프트웨어 개발 및 공급업,모바일게임,2460.0,19209.0,47611551.0,0.4099999964237213,866770.0,1.8200000524520874,6660.0,16515030.0,-6849.0,-16983090.0,-39.0,-95940.0,-39.0,-95940.0,0.0,0.0,0.0,0.0,0.0,0.0,0.0,0.0,0.0,0.0,0.0,-300.0,228.0,564300.0
104620,노랑풍선,코스닥,여행사 및 기타 여행보조 서비스업,"국내외여행 알선, 항공권 판매",3150.0,75465.0,239915215.0,-0.7900000214576721,6430.0,0.0,-7557.0,-24002865.0,7682.0,24408935.0,-184.0,-592055.0,-184.0,-592055.0,0.0,0.0,0.0,0.0,0.0,0.0,0.0,0.0,0.0,0.0,0.0,0.0,59.0,185985.0
473980,노머스,코스닥,창작 및 예술관련 서비스업,"공연기획 및 MD, Fromm 플랫폼",11490.0,9243.0,107783550.0,-0.17000000178813934,14895890.0,6.809999942779541,-706.0,-8477780.0,2866.0,33534550.0,-2842.0,-33022940.0,-1878.0,-21811270.0,0.0,0.0,0.0,0.0,0.0,0.0,0.0,0.0,-964.0,-11211670.0,682.0,7966170.0,0.0,0.0
194700,노바렉스,코스닥,기타 식품 제조업,건강기능식품 제조,11190.0,177912.0,1988974710.0,0.44999998807907104,272150440.0,8.539999961853027,77631.0,867278420.0,-80959.0,-905301280.0,1923.0,22317680.0,1821.0,20383560.0,-660.0,-7345080.0,-4871.0,-54361580.0,0.0,0.0,0.0,0.0,7433.0,83724840.0,961.0,10730870.0,444.0,4974310.0
285490,노바텍,코스닥,그외 기타 제품 제조업,"Magnet, Shield Magnet, 심재",11670.0,12498.0,146849795.0,0.8600000143051147,280080.0,0.1899999976158142,717.0,8718410.0,-687.0,-8357150.0,-12.0,-138780.0,-12.0,-138780.0,0.0,0.0,0.0,0.0,0.0,0.0,0.0,0.0,0.0,0.0,-18.0,-222480.0,0.0,0.0
145170,노브랜드,코스닥,편조의복 제조업,"Knit, Woven 의류",2820.0,26798.0,75717412.0,-1.5700000524520874,46320.0,0.05999999865889549,-5894.0,-16617648.0,5873.0,16558633.0,0.0,0.0,0.0,0.0,0.0,0.0,0.0,0.0,0.0,0.0,0.0,0.0,0.0,0.0,20.0,56200.0,1.0,2815.0
376930,노을,코스닥,의료용 기기 제조업,융복합 체외진단 플랫폼,334.0,0.0,0.0,0.0,0.0,0.0,0.0,0.0,0.0,0.0,0.0,0.0,0.0,0.0,0.0,0.0,0.0,0.0,0.0,0.0,0.0,0.0,0.0,0.0,0.0,0.0,0.0,0.0
486990,노타,코스닥,소프트웨어 개발 및 공급업,AI 최적화 및 경량화 소프트웨어,19210.0,77583.0,1498921315.0,1.6399999856948853,135497520.0,5.610000133514404,-6614.0,-128625935.0,5877.0,114197305.0,629.0,12344380.0,624.0,12247180.0,5.0,97200.0,0.0,0.0,0.0,0.0,0.0,0.0,0.0,0.0,0.0,0.0,108.0,2084250.0
142280,녹십자엠에스,코스닥,의료용품 및 기타 의약 관련제품 제조업,"혈액백, 진단시약, 혈액투석액",2710.0,579793.0,1602507910.0,4.630000114440918,4196275.0,0.25999999046325684,52263.0,139792797.0,-32263.0,-85944977.0,0.0,-6855.0,0.0,-6855.0,0.0,0.0,0.0,0.0,0.0,0.0,0.0,0.0,0.0,0.0,-20000.0,-53845205.0,0.0,4240.0
234690,녹십자웰빙,코스닥,의약품 제조업,"전문의약품, 건강기능식품",8630.0,81234.0,705332540.0,-0.5799999833106995,10947550.0,1.5499999523162842,10064.0,87815475.0,-9963.0,-86987645.0,-1.0,52070.0,-1.0,52070.0,0.0,0.0,0.0,0.0,0.0,0.0,0.0,0.0,0.0,0.0,-100.0,-879900.0,0.0,0.0
069140,누리플랜,코스닥,"구조용 금속제품, 탱크 및 증기발생기 제조업","경관조명, 경관시설",1985.0,80793.0,159162315.0,2.9600000381469727,137047.0,0.09000000357627869,-4683.0,-9151676.0,1655.0,3377095.0,-103.0,-211457.0,-103.0,-211457.0,0.0,0.0,0.0,0.0,0.0,0.0,0.0,0.0,0.0,0.0,-269.0,-671067.0,3400.0,6657105.0
040160,누리플렉스,코스닥,소프트웨어 개발 및 공급업,"지능형검침인프라(AMI),에너지관리시스템, 플랫폼 SW",6460.0,27506.0,173143770.0,5.900000095367432,896460.0,0.5199999809265137,-2206.0,-13977330.0,2207.0,13983710.0,0.0,0.0,0.0,0.0,0.0,0.0,0.0,0.0,0.0,0.0,0.0,0.0,0.0,0.0,0.0,0.0,-1.0,-6380.0
332290,누보,코스닥,"비료, 농약 및 살균, 살충제 제조업",기업 인수 및 합병,897.0,159585.0,144450947.0,0.2199999988079071,340517.0,0.23999999463558197,22439.0,20622659.0,-22802.0,-20949482.0,0.0,0.0,0.0,0.0,0.0,0.0,0.0,0.0,0.0,0.0,0.0,0.0,0.0,0.0,363.0,326823.0,0.0,0.0
348340,뉴로메카,코스닥,특수 목적용 기계 제조업,"협동로봇, 협동로봇 자동화 플랫폼, 로봇제어기 등",20100.0,288407.0,5885994550.0,-1.9500000476837158,1066563100.0,18.1200008392334,28178.0,570657600.0,8111.0,166839000.0,-36652.0,-744763650.0,-36564.0,-742973550.0,0.0,0.0,0.0,0.0,0.0,0.0,0.0,0.0,-88.0,-1790100.0,23.0,462300.0,340.0,6804750.0
380550,뉴로핏,코스닥,소프트웨어 개발 및 공급업,"Neurophet AQUA, Neurophet Scale PET, Neurophet AQUA AD",8180.0,64573.0,533023550.0,1.6100000143051147,14062370.0,2.640000104904175,-13949.0,-116858290.0,10792.0,90926480.0,3130.0,25893950.0,3130.0,25893950.0,0.0,0.0,0.0,0.0,0.0,0.0,0.0,0.0,0.0,0.0,-325.0,-2790500.0,352.0,2828360.0
060260,뉴보텍,코스닥,플라스틱제품 제조업,"고강성 PVC DC, HDPE 등",1245.0,95608.0,119524118.0,-2.119999885559082,2906358.0,2.430000066757202,11036.0,13724439.0,-12255.0,-15515982.0,785.0,1000090.0,785.0,1000090.0,0.0,0.0,0.0,0.0,0.0,0.0,0.0,0.0,0.0,0.0,434.0,791453.0,0.0,0.0
463020,뉴엔AI,코스닥,소프트웨어 개발 및 공급업,AI 빅데이터 분석 플랫폼,9420.0,105156.0,988163445.0,3.9700000286102295,230735.0,0.019999999552965164,-3948.0,-35304020.0,6192.0,56685140.0,30.0,298890.0,30.0,298890.0,0.0,0.0,0.0,0.0,0.0,0.0,0.0,0.0,0.0,0.0,-1000.0,-9600630.0,-1274.0,-12079380.0
123840,뉴온,코스닥,기타 식품 제조업,건강기능식품 및 생활용품 외,1779.0,4146.0,7427407.0,-0.5,140001.0,1.8799999952316284,-332.0,-570459.0,332.0,570459.0,0.0,0.0,0.0,0.0,0.0,0.0,0.0,0.0,0.0,0.0,0.0,0.0,0.0,0.0,0.0,0.0,0.0,0.0
012340,뉴인텍,코스닥,자동차 신품 부품 제조업,친환경 차량용 커패시터,602.0,154993.0,93816653.0,-0.5,2034320.0,2.1700000762939453,5142.0,3279627.0,9496.0,5674169.0,-14718.0,-9002756.0,-14718.0,-9002756.0,0.0,0.0,0.0,0.0,0.0,0.0,0.0,0.0,0.0,0.0,0.0,0.0,80.0,48960.0
462310,뉴키즈온,코스닥,봉제의복 제조업,유아동용 의복,3950.0,10315.0,40796110.0,0.12999999523162842,1764210.0,4.320000171661377,-3448.0,-13652780.0,-2388.0,-9454830.0,5535.0,21915125.0,5535.0,21915125.0,0.0,0.0,0.0,0.0,0.0,0.0,0.0,0.0,0.0,0.0,301.0,1192485.0,0.0,0.0
270870,뉴트리,코스닥,기타 식품 제조업,"에버콜라겐, 지노마스터 등",4070.0,13227.0,52036780.0,4.360000133514404,1281600.0,2.4600000381469727,-842.0,-3150355.0,878.0,3300205.0,0.0,0.0,0.0,0.0,0.0,0.0,0.0,0.0,0.0,0.0,0.0,0.0,0.0,0.0,-36.0,-149850.0,0.0,0.0
144960,뉴파워프라즈마,코스닥,특수 목적용 기계 제조업,플라즈마 세정기(Remote Plasma Cleaning Generator),10320.0,1194962.0,12452066625.0,-1.899999976158142,154353530.0,1.2400000095367432,237474.0,2472153855.0,84337.0,870083575.0,-314926.0,-3267891060.0,-2425.0,-23334045.0,0.0,0.0,-181536.0,-1885196600.0,0.0,0.0,0.0,0.0,-130965.0,-1359360415.0,-7178.0,-77352110.0,293.0,3005740.0
085670,뉴프렉스,코스닥,전자부품 제조업,연성인쇄회로기판,2960.0,74273.0,219855127.0,0.6800000071525574,5195295.0,2.359999895095825,-8030.0,-23955838.0,7932.0,23680108.0,-2.0,-18270.0,-2.0,-18270.0,0.0,0.0,0.0,0.0,0.0,0.0,0.0,0.0,0.0,0.0,0.0,0.0,100.0,294000.0
064260,다날,코스닥,소프트웨어 개발 및 공급업,모바일콘텐츠 및 유무선전화결제,5090.0,16555101.0,87842006039.0,9.579999923706055,249746520.0,0.2800000011920929,-61164.0,-314128202.0,75894.0,395173637.0,-8667.0,-49495550.0,-14466.0,-74701640.0,0.0,0.0,0.0,0.0,0.0,0.0,0.0,0.0,5800.0,25211290.0,-4669.0,-24636080.0,-1394.0,-6913805.0
340360,다보링크,코스닥,통신 및 방송 장비 제조업,"AP, APController 외",940.0,113031.0,104847781.0,0.10999999940395355,86415.0,0.07999999821186066,-6521.0,-6146884.0,5864.0,5529257.0,0.0,0.0,0.0,0.0,0.0,0.0,0.0,0.0,0.0,0.0,0.0,0.0,0.0,0.0,688.0,646612.0,-31.0,-28985.0
039560,다산네트웍스,코스닥,통신 및 방송 장비 제조업,네트워크 통신장비,2410.0,132887.0,323572914.0,-2.0299999713897705,1105910.0,0.3400000035762787,19699.0,48387531.0,-18931.0,-46506761.0,-768.0,-1880770.0,-768.0,-1880770.0,0.0,0.0,0.0,0.0,0.0,0.0,0.0,0.0,0.0,0.0,0.0,0.0,0.0,0.0
208860,다산디엠씨,코스닥,소프트웨어 개발 및 공급업,"Nav-Link 솔루션, BringGo 어플리케이션 등",1131.0,67814.0,74685196.0,5.5,0.0,0.0,-28953.0,-32125168.0,-11056.0,-12280983.0,0.0,-22715.0,0.0,-22715.0,0.0,0.0,0.0,0.0,0.0,0.0,0.0,0.0,0.0,0.0,39052.0,43435500.0,957.0,993366.0
154040,다산솔루에타,코스닥,전자부품 제조업,전자파 차폐소재,1020.0,143129.0,145632999.0,0.9900000095367432,0.0,0.0,-41534.0,-42241350.0,13171.0,13531157.0,0.0,0.0,0.0,0.0,0.0,0.0,0.0,0.0,0.0,0.0,0.0,0.0,0.0,0.0,28348.0,28694893.0,15.0,15300.0
032190,다우데이타,코스닥,기계장비 및 관련 물품 도매업,"Autodesk 제품군 및 보안, 백신 소프트웨어 등",19990.0,69572.0,1383699210.0,4.28000020980835,27126690.0,1.4900000095367432,-10625.0,-212749760.0,17311.0,345265940.0,-6432.0,-127434400.0,-6475.0,-128288730.0,0.0,0.0,47.0,933740.0,0.0,0.0,0.0,0.0,-4.0,-79410.0,-254.0,-5081780.0,0.0,0.0
323350,다원넥스뷰,코스닥,특수 목적용 기계 제조업,LSMB(Laser Micro Bonding System),8230.0,31883.0,261778735.0,2.359999895095825,1701570.0,0.6499999761581421,-5816.0,-47769910.0,4116.0,33727080.0,0.0,0.0,0.0,0.0,0.0,0.0,0.0,0.0,0.0,0.0,0.0,0.0,0.0,0.0,1700.0,14042830.0,0.0,0.0
068240,다원시스,코스닥,"전동기, 발전기 및 전기 변환 · 공급 · 제어 장치 제조업","핵융합 전원장치, 플라즈마 전원장치, 태양광 CVD 전원장치, 산업용 특수정류기",2530.0,0.0,0.0,0.0,0.0,0.0,0.0,0.0,0.0,0.0,0.0,0.0,0.0,0.0,0.0,0.0,0.0,0.0,0.0,0.0,0.0,0.0,0.0,0.0,0.0,0.0,0.0,0.0
290660,다이나믹솔루션,코스닥,의료용 기기 제조업,라파엘스마트글러브 외,2035.0,806124.0,1623881958.0,-1.690000057220459,41226712.0,2.5399999618530273,161343.0,328057789.0,-133367.0,-270455485.0,-144.0,-456493.0,-144.0,-456493.0,0.0,0.0,0.0,0.0,0.0,0.0,0.0,0.0,0.0,0.0,-28247.0,-58085261.0,415.0,939450.0
464580,닷밀,코스닥,"영화, 비디오물, 방송프로그램 제작 및 배급업","실감미디어 콘텐츠 및 시설 구축, 전시 및 테마파크 운영",1650.0,20453.0,33441649.0,-2.0799999237060547,121194.0,0.36000001430511475,3251.0,5475055.0,775.0,1122928.0,0.0,0.0,0.0,0.0,0.0,0.0,0.0,0.0,0.0,0.0,0.0,0.0,0.0,0.0,-4026.0,-6597983.0,0.0,0.0
020400,대동금속,코스닥,금속 주조업,"농기계 주문제품 및 상용차 실린더 헤드, 경승용차 실린더 브록 외",2930.0,33501.0,98736620.0,-3.140000104904175,256815.0,0.25999999046325684,14620.0,43089070.0,-14620.0,-43089070.0,0.0,0.0,0.0,0.0,0.0,0.0,0.0,0.0,0.0,0.0,0.0,0.0,0.0,0.0,0.0,0.0,0.0,0.0
008830,대동기어,코스닥,특수 목적용 기계 제조업,"기어, 베벨기어, 축, 엑셀, T/M, 유성감속기, 기타조립품",6020.0,719167.0,4292823785.0,0.0,163460.0,0.0,-46715.0,-276024555.0,124666.0,737730120.0,-74240.0,-440147275.0,-32859.0,-193137170.0,-306.0,-1759500.0,-3220.0,-19192810.0,0.0,0.0,-714.0,-4148340.0,-37141.0,-221909455.0,-3789.0,-22050860.0,78.0,492570.0
048470,대동스틸,코스닥,기타 전문 도매업,"열연박판, 후판, 무늬강판 외",2820.0,21209.0,59364300.0,-1.5700000524520874,2032060.0,3.4200000762939453,3113.0,8986870.0,-2263.0,-6620705.0,-764.0,-2127735.0,-764.0,-2127735.0,0.0,0.0,0.0,0.0,0.0,0.0,0.0,0.0,0.0,0.0,0.0,0.0,-86.0,-238430.0
004780,대륙제관,코스닥,기타 금속 가공제품 제조업,휴대용부탄가스 및 금속포장용기,4025.0,37253.0,148909218.0,0.6299999952316284,484400.0,0.33000001311302185,-8849.0,-35404309.0,2394.0,9637469.0,455.0,1811840.0,455.0,1811840.0,0.0,0.0,0.0,0.0,0.0,0.0,0.0,0.0,0.0,0.0,6000.0,23955000.0,0.0,0.0
017650,대림제지,코스닥,기타 종이 및 판지 제품 제조업,골판지원지,10430.0,6891.0,71077480.0,0.7699999809265137,3575560.0,5.03000020980835,1393.0,14440330.0,-1034.0,-10750390.0,-409.0,-4204940.0,-409.0,-4204940.0,0.0,0.0,0.0,0.0,0.0,0.0,0.0,0.0,0.0,0.0,50.0,515000.0,0.0,0.0
389260,대명에너지,코스닥,건물 건설업,신재생에너지 발전 공사 및 용역,13560.0,142029.0,1962364425.0,0.5899999737739563,40825545.0,2.0799999237060547,10422.0,139078925.0,-8361.0,-110847985.0,-2266.0,-31002690.0,-1960.0,-26823420.0,0.0,0.0,-306.0,-4179270.0,0.0,0.0,0.0,0.0,0.0,0.0,0.0,0.0,205.0,2771750.0
317850,대모,코스닥,특수 목적용 기계 제조업,"유압브레이커, 특수장비/부품, 퀵커플러 등",5580.0,43092.0,241395830.0,-2.109999895095825,3424780.0,1.4199999570846558,838.0,4410870.0,-842.0,-4433380.0,2.0,11230.0,2.0,11230.0,0.0,0.0,0.0,0.0,0.0,0.0,0.0,0.0,0.0,0.0,0.0,0.0,2.0,11280.0
290670,대보마그네틱,코스닥,기타 전기장비 제조업,"전자석탈철기, 자력선별기",5000.0,5850.0,29943010.0,-2.9100000858306885,1018550.0,3.4000000953674316,1154.0,6112960.0,-1534.0,-8029760.0,0.0,0.0,0.0,0.0,0.0,0.0,0.0,0.0,0.0,0.0,0.0,0.0,0.0,0.0,0.0,0.0,380.0,1916800.0
078140,대봉엘에스,코스닥,의약품 제조업,"원료의약품,화장품원료",8040.0,6565.0,52641995.0,1.1299999952316284,24120.0,0.05000000074505806,2026.0,16262845.0,-2023.0,-16238725.0,-3.0,-24120.0,-3.0,-24120.0,0.0,0.0,0.0,0.0,0.0,0.0,0.0,0.0,0.0,0.0,0.0,0.0,0.0,0.0
065150,대산F&B,코스닥,음·식료품 및 담배 도매업,"외식프랜차이즈사업,육류가공,식자재유통등",1569.0,6157.0,9709890.0,1.5499999523162842,0.0,0.0,-554.0,-847787.0,554.0,847787.0,0.0,0.0,0.0,0.0,0.0,0.0,0.0,0.0,0.0,0.0,0.0,0.0,0.0,0.0,0.0,0.0,0.0,0.0
036480,대성미생물,코스닥,의약품 제조업,"동물용 의약품, 미생물제재",6180.0,5653.0,34678860.0,1.6399999856948853,55340.0,0.1599999964237213,-2288.0,-13996060.0,-1494.0,-9171700.0,0.0,0.0,0.0,0.0,0.0,0.0,0.0,0.0,0.0,0.0,0.0,0.0,0.0,0.0,3782.0,23167760.0,0.0,0.0
027830,대성창투,코스닥,신탁업 및 집합투자업,투자서비스,982.0,32717.0,31968898.0,0.7200000286102295,0.0,0.0,12948.0,12624471.0,-12948.0,-12624471.0,0.0,0.0,0.0,0.0,0.0,0.0,0.0,0.0,0.0,0.0,0.0,0.0,0.0,0.0,0.0,0.0,0.0,0.0
129920,대성하이텍,코스닥,특수 목적용 기계 제조업,"정밀부품, 스위스턴 자동선반, 컴팩트 머시닝센터",6100.0,89937.0,539878360.0,3.2100000381469727,18837620.0,3.490000009536743,21424.0,128354410.0,-21119.0,-126488190.0,-305.0,-1866220.0,0.0,-140.0,-47.0,-287580.0,-229.0,-1401090.0,0.0,0.0,-27.0,-165170.0,0.0,0.0,0.0,0.0,0.0,0.0
471050,대신밸런스제17호스팩,코스닥,금융 지원 서비스업,금융 지원 서비스업,2105.0,0.0,0.0,0.0,0.0,0.0,0.0,0.0,0.0,0.0,0.0,0.0,0.0,0.0,0.0,0.0,0.0,0.0,0.0,0.0,0.0,0.0,0.0,0.0,0.0,0.0,0.0,0.0
482690,대신밸런스제19호스팩,코스닥,금융 지원 서비스업,기업 인수 및 합병,2055.0,19043.0,39079615.0,0.0,0.0,0.0,7276.0,14923335.0,299.0,616365.0,-7575.0,-15539700.0,4.0,8245.0,0.0,0.0,0.0,0.0,0.0,0.0,0.0,0.0,-7579.0,-15547945.0,0.0,0.0,0.0,0.0
0134X0,대신밸런스제20호스팩,코스닥,금융 지원 서비스업,금융 지원 서비스업,1978.0,16734.0,33067977.0,0.05000000074505806,0.0,0.0,5003.0,9885242.0,-3.0,-5927.0,-5000.0,-9879315.0,0.0,0.0,0.0,0.0,0.0,0.0,0.0,0.0,0.0,0.0,-5000.0,-9879315.0,0.0,0.0,0.0,0.0
020180,대신정보통신,코스닥,"컴퓨터 프로그래밍, 시스템 통합 및 관리업","디지털서비스, SI서비스, 산업용 PDA",4150.0,110938.0,462147795.0,-3.819999933242798,6547970.0,1.4199999570846558,13869.0,57364451.0,-13802.0,-57090601.0,0.0,720.0,0.0,720.0,0.0,0.0,0.0,0.0,0.0,0.0,0.0,0.0,0.0,0.0,0.0,0.0,-67.0,-274570.0
020180,대신정보통신,코스닥,"컴퓨터 프로그래밍, 시스템 통합 및 관리업","디지털서비스, SI서비스, 산업용 PDA",4150.0,110938.0,462147795.0,-3.819999933242798,6547970.0,1.4199999570846558,13869.0,57364451.0,-13802.0,-57090601.0,0.0,720.0,0.0,720.0,0.0,0.0,0.0,0.0,0.0,0.0,0.0,0.0,0.0,0.0,0.0,0.0,-67.0,-274570.0
045390,대아티아이,코스닥,기타 전기장비 제조업,철도신호제어시스템 등,3120.0,2770489.0,8897841443.0,-6.449999809265137,941164695.0,10.579999923706055,327517.0,1051783198.0,-287650.0,-926933443.0,10000.0,31527500.0,0.0,0.0,0.0,0.0,10000.0,31527500.0,0.0,0.0,0.0,0.0,0.0,0.0,-50821.0,-159473145.0,954.0,3095890.0
108380,대양전기공업,코스닥,선박 및 보트 건조업,"해상용 조명등기구, (함정용)전자시스템, 배전반류 등",18060.0,64890.0,1162344830.0,2.0899999141693115,8077880.0,0.6499999761581421,-3250.0,-58222820.0,29053.0,517797910.0,-22344.0,-397998280.0,-14337.0,-254915980.0,-7.0,-124980.0,0.0,0.0,0.0,0.0,0.0,0.0,-8000.0,-142957320.0,-3434.0,-61130560.0,-25.0,-446250.0
007680,대원,코스닥,건물 건설업,아파트 시행 및 시공,3460.0,70579.0,245976960.0,-4.550000190734863,4572165.0,1.8600000143051147,11255.0,39740525.0,-14143.0,-49724050.0,2887.0,9980035.0,2887.0,9980035.0,0.0,0.0,0.0,0.0,0.0,0.0,0.0,0.0,0.0,0.0,0.0,0.0,1.0,3490.0
048910,대원미디어,코스닥,기타 전문 도매업,"캐릭터 사업, 만화영화 제작",5460.0,26000.0,141811200.0,-0.18000000715255737,3959930.0,2.7899999618530273,7857.0,42830140.0,-7860.0,-42844170.0,-51.0,-278550.0,-51.0,-278550.0,0.0,0.0,0.0,0.0,0.0,0.0,0.0,0.0,0.0,0.0,0.0,0.0,54.0,292580.0
005710,대원산업,코스닥,자동차 신품 부품 제조업,자동차시트,11050.0,4963.0,54302425.0,-1.4299999475479126,6205625.0,8.970000267028809,480.0,5243490.0,-620.0,-6750590.0,100.0,1069500.0,-9.0,-99450.0,0.0,0.0,0.0,0.0,0.0,0.0,0.0,0.0,109.0,1168950.0,40.0,437600.0,0.0,0.0
120240,대정화금,코스닥,기초 화학물질 제조업,"시약, 원료의약품",14850.0,20201.0,302884070.0,-1.0700000524520874,12741660.0,4.210000038146973,7521.0,112979590.0,-4254.0,-63891965.0,1.0,-2635.0,1.0,-2635.0,0.0,0.0,0.0,0.0,0.0,0.0,0.0,0.0,0.0,0.0,-3278.0,-49234690.0,10.0,149700.0
003310,대주산업,코스닥,동물용 사료 및 조제식품 제조업,배합사료,1629.0,162240.0,262595410.0,1.4299999475479126,3065868.0,1.1699999570846558,-40181.0,-64970214.0,27262.0,43971949.0,12613.0,20507423.0,-122.0,-198006.0,0.0,0.0,97.0,157602.0,0.0,0.0,0.0,0.0,12638.0,20547827.0,263.0,421326.0,43.0,69516.0
078600,대주전자재료,코스닥,전자부품 제조업,"전도성페이스트,태양전지 페이스트,고분자재료,PIG,이차전지용음극재료",87300.0,83607.0,7353956600.0,0.10999999940395355,110179100.0,0.9399999976158142,15389.0,1342532750.0,-8548.0,-751075950.0,-7309.0,-632270300.0,6734.0,593574150.0,-1912.0,-166106100.0,162.0,14586100.0,0.0,0.0,-10209.0,-893696950.0,-2083.0,-180540300.0,405.0,35343200.0,63.0,5470300.0
393970,대진첨단소재,코스닥,플라스틱제품 제조업,"이차전지 공정용 대전방지트레이, 대전방지코팅액, 이차전지용 PET이형필름",2825.0,0.0,0.0,0.0,0.0,0.0,0.0,0.0,0.0,0.0,0.0,0.0,0.0,0.0,0.0,0.0,0.0,0.0,0.0,0.0,0.0,0.0,0.0,0.0,0.0,0.0,0.0,0.0
096350,대창솔루션,코스닥,"구조용 금속제품, 탱크 및 증기발생기 제조업",내연기관구조재(선박엔진용MBS),1805.0,150252.0,271676062.0,0.17000000178813934,866849.0,0.3199999928474426,-11377.0,-20349544.0,11188.0,20032945.0,-111.0,-221601.0,-111.0,-221601.0,0.0,0.0,0.0,0.0,0.0,0.0,0.0,0.0,0.0,0.0,0.0,0.0,300.0,538200.0
140520,대창스틸,코스닥,1차 철강 제조업,"냉연강판, 이중바닥재",2015.0,16008.0,31976615.0,1.7699999809265137,21929.0,0.07000000029802322,4427.0,8837498.0,-611.0,-1247680.0,-4066.0,-8086818.0,-4066.0,-8086818.0,0.0,0.0,0.0,0.0,0.0,0.0,0.0,0.0,0.0,0.0,250.0,497000.0,0.0,0.0
131220,대한과학,코스닥,기계장비 및 관련 물품 도매업,"의료, 정밀 및 연구실험기기 제조 및 유통",3610.0,16031.0,57009287.0,2.2699999809265137,0.0,0.0,-6191.0,-22165108.0,251.0,879083.0,6.0,21780.0,6.0,21780.0,0.0,0.0,0.0,0.0,0.0,0.0,0.0,0.0,0.0,0.0,5934.0,21264245.0,0.0,0.0
010170,대한광통신,코스닥,절연선 및 케이블 제조업,"광섬유, 광케이블",12650.0,3318771.0,42188541350.0,-0.38999998569488525,854001395.0,2.0199999809265137,-7917.0,-90015970.0,15287.0,182636610.0,-29784.0,-378253570.0,-1264.0,-16179160.0,-38.0,-480175.0,-1698.0,-21586770.0,0.0,0.0,0.0,0.0,-26784.0,-340007465.0,15176.0,192425010.0,7238.0,93207920.0
054670,대한뉴팜,코스닥,의약품 제조업,"동물약품,인체약품",5730.0,91814.0,541667030.0,0.17000000178813934,12704585.0,2.3499999046325684,-1563.0,-8165435.0,1603.0,8516535.0,0.0,-38700.0,0.0,-38700.0,0.0,0.0,0.0,0.0,0.0,0.0,0.0,0.0,0.0,0.0,-40.0,-312400.0,0.0,0.0
023910,대한약품,코스닥,의약품 제조업,수액제,26600.0,5271.0,139628800.0,1.7200000286102295,7705300.0,5.519999980926514,245.0,6486675.0,-245.0,-6486675.0,0.0,0.0,0.0,0.0,0.0,0.0,0.0,0.0,0.0,0.0,0.0,0.0,0.0,0.0,0.0,0.0,0.0,0.0
021040,대호특수강,코스닥,1차 철강 제조업,냉간압조용선재,991.0,15608.0,15104417.0,0.10000000149011612,0.0,0.0,-1596.0,-1522882.0,1596.0,1522882.0,0.0,0.0,0.0,0.0,0.0,0.0,0.0,0.0,0.0,0.0,0.0,0.0,0.0,0.0,0.0,0.0,0.0,0.0
021045,대호특수강우,KOSDAQ,기타/미분류,기타/미분류,2600.0,322.0,835400.0,2.7699999809265137,0.0,0.0,2.0,5160.0,0.0,0.0,0.0,0.0,0.0,0.0,0.0,0.0,0.0,0.0,0.0,0.0,0.0,0.0,0.0,0.0,0.0,0.0,-2.0,-5160.0
067080,대화제약,코스닥,의약품 제조업,"후로스판, 세파메칠 등",10620.0,119560.0,1284378255.0,1.7200000286102295,114365900.0,5.309999942779541,-1630.0,-15833740.0,1783.0,17488640.0,-30.0,-321600.0,-30.0,-321600.0,0.0,0.0,0.0,0.0,0.0,0.0,0.0,0.0,0.0,0.0,-105.0,-1139980.0,-18.0,-193320.0
298540,더네이쳐홀딩스,코스닥,의복 액세서리 제조업,"의류, 여행용 가방 및 잡화류",6700.0,20448.0,135814495.0,0.15000000596046448,1027840.0,0.7599999904632568,-1304.0,-8680285.0,-1061.0,-7094285.0,-35.0,-248100.0,-35.0,-248100.0,0.0,0.0,0.0,0.0,0.0,0.0,0.0,0.0,0.0,0.0,2400.0,16022670.0,0.0,0.0
032860,더라미,코스닥,"해체, 선별 및 원료 재생업","화장품, 철스크랩",690.0,0.0,0.0,0.0,0.0,0.0,0.0,0.0,0.0,0.0,0.0,0.0,0.0,0.0,0.0,0.0,0.0,0.0,0.0,0.0,0.0,0.0,0.0,0.0,0.0,0.0,0.0,0.0
393890,더블유씨피,코스닥,일차전지 및 이차전지 제조업,이차전지용 분리막,8960.0,149504.0,1350922235.0,0.5600000023841858,43498850.0,3.2200000286102295,2634.0,22044075.0,-29881.0,-267745770.0,27247.0,245701695.0,-1197.0,-10714630.0,0.0,0.0,46079.0,415334355.0,0.0,0.0,0.0,0.0,-17635.0,-158918030.0,0.0,0.0,0.0,0.0
299170,더블유에스아이,코스닥,생활용품 도매업,"의약품, 의료기기 도소매",1270.0,270575.0,342319618.0,2.9200000762939453,554559.0,0.1599999964237213,37183.0,46559905.0,-37464.0,-46896926.0,786.0,994262.0,786.0,994262.0,0.0,0.0,0.0,0.0,0.0,0.0,0.0,0.0,0.0,0.0,0.0,0.0,-505.0,-657241.0
462860,더즌,코스닥,전기 통신업,디지털뱅킹 솔루션(B2B 금융 서비스),2395.0,11251989.0,26450948613.0,26.049999237060547,33178205.0,0.12999999523162842,684165.0,1600199688.0,-666932.0,-1562803343.0,0.0,-64045.0,0.0,-64045.0,0.0,0.0,0.0,0.0,0.0,0.0,0.0,0.0,0.0,0.0,-19.0,-237530.0,-17214.0,-37094770.0
224060,더코디,코스닥,전자부품 제조업,"반도체 및 평판디스플레이 제조용 장비(IRIS, LOZIX, HP/CP)",3230.0,35725.0,115030435.0,4.53000020980835,1195570.0,1.0399999618530273,-15420.0,-49682620.0,14413.0,46355990.0,0.0,0.0,0.0,0.0,0.0,0.0,0.0,0.0,0.0,0.0,0.0,0.0,0.0,0.0,0.0,0.0,1007.0,3326630.0
403850,더핑크퐁컴퍼니,코스닥,"영화, 비디오물, 방송프로그램 제작 및 배급업","콘텐츠, 라이선스, MD, 기타",11480.0,64580.0,736448365.0,3.140000104904175,15940590.0,1.4900000095367432,-14006.0,-160004640.0,3634.0,41720090.0,10536.0,120134810.0,17824.0,203307050.0,0.0,0.0,-174.0,-1978410.0,0.0,0.0,0.0,0.0,-7114.0,-81193830.0,-51.0,-581250.0,-113.0,-1269010.0
213420,덕산네오룩스,코스닥,전자부품 제조업,"HTL(정공수송층), HIL(정공주입층), RED HOST",33150.0,82982.0,2760918850.0,0.9100000262260437,646555050.0,19.31999969482422,6297.0,208162450.0,-2633.0,-88822600.0,-3671.0,-119571900.0,3595.0,119567600.0,-10070.0,-334127525.0,-3880.0,-128921225.0,0.0,0.0,8593.0,286984050.0,-1909.0,-63074800.0,0.0,0.0,7.0,232050.0
317330,덕산테코피아,코스닥,기타 화학제품 제조업,"OLED 소재, 반도체 소재",10670.0,34658.0,369479355.0,2.690000057220459,15447160.0,3.200000047683716,-379.0,-3991485.0,-28.0,-726785.0,407.0,4718270.0,494.0,5638690.0,-11.0,-116220.0,-64.0,-677270.0,0.0,0.0,-11.0,-116400.0,0.0,0.0,0.0,0.0,0.0,0.0
077360,덕산하이메탈,코스닥,반도체 제조업,솔더볼(Solderball),9740.0,586763.0,5753663770.0,1.25,107868530.0,1.8700000047683716,129875.0,1250401240.0,-47347.0,-447068490.0,-84024.0,-818001440.0,-33.0,-657395.0,481.0,4654610.0,-90000.0,-876480195.0,0.0,0.0,938.0,9438080.0,4590.0,45043460.0,1470.0,14466210.0,26.0,202480.0
090410,덕신이피씨,코스닥,"구조용 금속제품, 탱크 및 증기발생기 제조업",일체형 데크플레이트 등,819.0,0.0,0.0,0.0,0.0,0.0,0.0,0.0,0.0,0.0,0.0,0.0,0.0,0.0,0.0,0.0,0.0,0.0,0.0,0.0,0.0,0.0,0.0,0.0,0.0,0.0,0.0,0.0
0001A0,덕양에너젠,코스닥,연료용 가스 제조 및 배관공급업,"수소가스, 고순도 수소가스",9170.0,81834.0,739781125.0,7.380000114440918,3714310.0,0.5,-13542.0,-121538580.0,13046.0,117054930.0,6.0,53940.0,0.0,0.0,0.0,0.0,0.0,0.0,0.0,0.0,0.0,0.0,6.0,53940.0,-150.0,-1342110.0,640.0,5771820.0
0001A0,덕양에너젠,코스닥,연료용 가스 제조 및 배관공급업,"수소가스, 고순도 수소가스",9170.0,81834.0,739781125.0,7.380000114440918,3714310.0,0.5,-13542.0,-121538580.0,13046.0,117054930.0,6.0,53940.0,0.0,0.0,0.0,0.0,0.0,0.0,0.0,0.0,0.0,0.0,6.0,53940.0,-150.0,-1342110.0,640.0,5771820.0
263600,덕우전자,코스닥,전자부품 제조업,카메라 모듈 부품,3650.0,26857.0,95995690.0,0.0,108380.0,0.10999999940395355,5181.0,18620700.0,-6712.0,-24032090.0,3.0,10640.0,3.0,10640.0,0.0,0.0,0.0,0.0,0.0,0.0,0.0,0.0,0.0,0.0,1528.0,5400750.0,0.0,0.0
194480,데브시스터즈,코스닥,소프트웨어 개발 및 공급업,모바일 게임,16620.0,71203.0,1202258985.0,-3.819999933242798,95490840.0,5.349999904632568,2459.0,40064610.0,-4874.0,-82559305.0,2387.0,42012585.0,4928.0,84871770.0,-104.0,-1765570.0,-875.0,-14753325.0,0.0,0.0,0.0,0.0,-1562.0,-26340290.0,28.0,482110.0,0.0,0.0
373160,데이원컴퍼니,코스닥,기타 교육기관,성인대상 교육서비스,2905.0,1406.0,4054000.0,-1.0199999809265137,2905.0,0.07000000029802322,238.0,683495.0,-389.0,-1117965.0,151.0,434470.0,151.0,434470.0,0.0,0.0,0.0,0.0,0.0,0.0,0.0,0.0,0.0,0.0,0.0,0.0,0.0,0.0
263800,데이타솔루션,코스닥,기계장비 및 관련 물품 도매업,"EMC스토리지, SPSS, SI",5330.0,215829.0,1148424995.0,1.7200000286102295,3805075.0,0.33000001311302185,4096.0,22133480.0,-4256.0,-23140650.0,0.0,0.0,0.0,0.0,0.0,0.0,0.0,0.0,0.0,0.0,0.0,0.0,0.0,0.0,810.0,4318790.0,-650.0,-3311620.0
206560,덱스터,코스닥,"영화, 비디오물, 방송프로그램 제작 및 배급업","시각효과(Visual Effect, VFX)",890.0,2108447.0,2000700543.0,-14.90999984741211,10882692.0,0.5400000214576721,88274.0,86051497.0,-95287.0,-92716920.0,-281.0,-323150.0,-281.0,-323150.0,0.0,0.0,0.0,0.0,0.0,0.0,0.0,0.0,0.0,0.0,0.0,102680.0,7294.0,6885893.0
261200,덴티스,코스닥,의료용 기기 제조업,임플란트외,2505.0,37148.0,93150245.0,0.20000000298023224,6284825.0,6.75,8264.0,20923125.0,-8424.0,-21315080.0,0.0,0.0,0.0,0.0,0.0,0.0,0.0,0.0,0.0,0.0,0.0,0.0,0.0,0.0,0.0,0.0,160.0,391955.0
484120,도우인시스,코스닥,전자부품 제조업,초박형 유리(UTG),20700.0,85827.0,1801682880.0,3.5,11903250.0,0.3799999952316284,16750.0,355151900.0,-15366.0,-324956350.0,2222.0,46025800.0,17.0,273750.0,-3.0,-61650.0,692.0,14383100.0,0.0,0.0,-9.0,-185400.0,1525.0,31616000.0,-3614.0,-76385000.0,8.0,163650.0
067990,도이치모터스,코스닥,자동차 판매업,수입자동차,3590.0,329129.0,1188424661.0,-2.8399999141693115,15443835.0,1.2999999523162842,93317.0,336685591.0,-25241.0,-90825084.0,-68088.0,-245903827.0,-68088.0,-245903827.0,0.0,0.0,0.0,0.0,0.0,0.0,0.0,0.0,0.0,0.0,0.0,0.0,12.0,43320.0
006620,동구바이오제약,코스닥,의약품 제조업,"피부, 비뇨기과 완제의약품",3735.0,76290.0,283961818.0,3.609999895095825,24033990.0,8.460000038146973,-36423.0,-136169963.0,-5206.0,-19658460.0,41714.0,156141833.0,41714.0,156141833.0,0.0,0.0,0.0,0.0,0.0,0.0,0.0,0.0,0.0,0.0,0.0,0.0,-85.0,-313410.0
100130,동국S&C,코스닥,"구조용 금속제품, 탱크 및 증기발생기 제조업",Wind-Tower,1380.0,273034.0,375317020.0,-2.75,13203148.0,3.5199999809265137,960.0,2094245.0,-6179.0,-9349102.0,5215.0,7249423.0,5215.0,7249423.0,0.0,0.0,0.0,0.0,0.0,0.0,0.0,0.0,0.0,0.0,0.0,0.0,4.0,5434.0
005160,동국산업,코스닥,1차 철강 제조업,"철강무역,강판제품제조",2470.0,54489.0,135944970.0,-1.2000000476837158,27670.0,0.019999999552965164,3978.0,10252025.0,-3978.0,-10252025.0,0.0,0.0,0.0,0.0,0.0,0.0,0.0,0.0,0.0,0.0,0.0,0.0,0.0,0.0,0.0,0.0,0.0,0.0
303810,동국생명과학,코스닥,의약품 제조업,"조영제 완제 및 원료, 의료기기 유통",2230.0,49776.0,111118805.0,0.8999999761581421,1032880.0,0.9300000071525574,3906.0,8734325.0,-2928.0,-6553385.0,-981.0,-2187630.0,-981.0,-2187630.0,0.0,0.0,0.0,0.0,0.0,0.0,0.0,0.0,0.0,0.0,3.0,6690.0,0.0,0.0
075970,동국알앤에스,코스닥,기타 비금속 광물제품 제조업,내화물,1586.0,9601.0,15228989.0,1.0199999809265137,20787.0,0.14000000059604645,3546.0,5624180.0,-3576.0,-5671310.0,0.0,0.0,0.0,0.0,0.0,0.0,0.0,0.0,0.0,0.0,0.0,0.0,0.0,0.0,30.0,47130.0,0.0,0.0
086450,동국제약,코스닥,의약품 제조업,"인사돌, 복합마데카솔, 파미레이",18500.0,217737.0,3998146780.0,2.7799999713897705,88398300.0,1.6100000143051147,5667.0,101489355.0,-17455.0,-318757665.0,8026.0,147712610.0,5129.0,94382360.0,335.0,6182960.0,0.0,0.0,0.0,0.0,0.0,0.0,2562.0,47147290.0,3736.0,69078520.0,26.0,477180.0
240550,동방메디컬,코스닥,의료용 기기 제조업,"필러, 한방침",5910.0,98324.0,589658835.0,-4.829999923706055,44855720.0,7.610000133514404,35617.0,213941690.0,-34188.0,-205904350.0,-1174.0,-7000770.0,0.0,-3320.0,0.0,0.0,-939.0,-5596910.0,0.0,0.0,0.0,0.0,-235.0,-1400540.0,-305.0,-1336570.0,50.0,300000.0
099410,동방선기,코스닥,선박 및 보트 건조업,"조선기자재, 선박용 배관",3295.0,48197.0,155551435.0,2.009999990463257,3807380.0,2.450000047683716,8628.0,28060115.0,-6750.0,-22028250.0,0.0,-3110.0,0.0,-3110.0,0.0,0.0,0.0,0.0,0.0,0.0,0.0,0.0,0.0,0.0,-1877.0,-6025530.0,-1.0,-3225.0
033500,동성화인텍,코스닥,기초 화학물질 제조업,초저온 보냉재,17450.0,144198.0,2535488060.0,0.4000000059604645,66658180.0,2.1600000858306885,-391.0,-14073485.0,31497.0,549128455.0,-31254.0,-537610120.0,4849.0,86905220.0,582.0,10624975.0,4489.0,79562375.0,0.0,0.0,-22288.0,-387135600.0,-18983.0,-329279970.0,150.0,2591010.0,-2.0,-35860.0
025950,동신건설,코스닥,토목 건설업,토목,10720.0,88853.0,969019030.0,-1.4700000286102295,29432440.0,3.0399999618530273,3040.0,33053950.0,-3040.0,-33053950.0,0.0,0.0,0.0,0.0,0.0,0.0,0.0,0.0,0.0,0.0,0.0,0.0,0.0,0.0,0.0,0.0,0.0,0.0
088130,동아엘텍,코스닥,특수 목적용 기계 제조업,LCD검사장비,5440.0,53175.0,286152190.0,3.819999933242798,3675560.0,1.2799999713897705,-7795.0,-41897350.0,8103.0,43558350.0,208.0,1118860.0,208.0,1118860.0,0.0,0.0,0.0,0.0,0.0,0.0,0.0,0.0,0.0,0.0,0.0,-300.0,-516.0,-2779560.0
060380,동양에스텍,코스닥,1차 철강 제조업,"열연박판, 열연후판, 무늬강판",1297.0,19144.0,24816410.0,0.07999999821186066,855932.0,3.450000047683716,2759.0,3587604.0,-2759.0,-3587604.0,0.0,0.0,0.0,0.0,0.0,0.0,0.0,0.0,0.0,0.0,0.0,0.0,0.0,0.0,0.0,0.0,0.0,0.0
079960,동양이엔피,코스닥,"전동기, 발전기 및 전기 변환 · 공급 · 제어 장치 제조업","휴대폰용,OA기기및통신장비용,디지털가전용전원공급장치",19010.0,25347.0,487819550.0,-1.4500000476837158,8033990.0,1.649999976158142,-181.0,-3396550.0,180.0,3039050.0,1.0,357500.0,1.0,357500.0,0.0,0.0,0.0,0.0,0.0,0.0,0.0,0.0,0.0,0.0,0.0,0.0,0.0,0.0
228340,동양파일,코스닥,"시멘트, 석회, 플라스터 및 그 제품 제조업",PHC파일,3240.0,3108190.0,10364539347.0,11.720000267028809,78577782.0,0.7599999904632568,-166181.0,-545660035.0,169198.0,554711167.0,0.0,-180125.0,0.0,-180125.0,0.0,0.0,0.0,0.0,0.0,0.0,0.0,0.0,0.0,0.0,4.0,13308.0,-3021.0,-8884315.0
088910,동우팜투테이블,코스닥,"도축, 육류 가공 및 저장 처리업","육계,삼계",2080.0,50803.0,104723755.0,1.2200000286102295,0.0,0.0,-10987.0,-22677390.0,3026.0,6176895.0,7961.0,16500495.0,-242.0,-508355.0,0.0,0.0,0.0,0.0,0.0,0.0,0.0,0.0,8203.0,17008850.0,0.0,0.0,0.0,0.0
094170,동운아나텍,코스닥,반도체 제조업,아날로그 반도체,33050.0,46805.0,1538788100.0,3.930000066757202,103340150.0,4.489999771118164,-4056.0,-134198075.0,768.0,26223625.0,3283.0,107812950.0,-8.0,-263750.0,-9.0,-294150.0,0.0,0.0,0.0,0.0,0.0,0.0,3300.0,108370850.0,0.0,0.0,5.0,161500.0
013120,동원개발,코스닥,건물 건설업,도급공사,2195.0,80361.0,175557333.0,1.149999976158142,3075885.0,1.75,-3640.0,-7814014.0,3819.0,8261434.0,-280.0,-668600.0,-280.0,-668600.0,0.0,0.0,0.0,0.0,0.0,0.0,0.0,0.0,0.0,0.0,100.0,219000.0,1.0,2180.0
109860,동일금속,코스닥,금속 주조업,"크롤러크레인용 트랙슈 어셈블리, 굴삭기용 아이들러 트랙슈 스프링 등",7390.0,1229.0,8981670.0,1.5099999904632568,21850.0,0.23999999463558197,116.0,845970.0,-3.0,-21830.0,-113.0,-824140.0,-613.0,-4474140.0,0.0,0.0,0.0,0.0,0.0,0.0,0.0,0.0,500.0,3650000.0,0.0,0.0,0.0,0.0
032960,동일기연,코스닥,전자부품 제조업,EMI,2015.0,6717.0,13691355.0,-1.4700000286102295,0.0,0.0,667.0,1351340.0,316.0,649065.0,-983.0,-2000405.0,-983.0,-2000405.0,0.0,0.0,0.0,0.0,0.0,0.0,0.0,0.0,0.0,0.0,0.0,0.0,0.0,0.0
023790,동일스틸럭스,코스닥,1차 철강 제조업,봉강,1403.0,88741.0,125452006.0,-0.20999999344348907,12526414.0,9.989999771118164,-3448.0,-4793856.0,2464.0,3407808.0,104.0,134498.0,104.0,134498.0,0.0,0.0,0.0,0.0,0.0,0.0,0.0,0.0,0.0,0.0,0.0,0.0,880.0,1251550.0
005290,동진쎄미켐,코스닥,기초 화학물질 제조업,"반도체,LCD용재료(감광제,봉지제),발포제",43200.0,273592.0,11845558900.0,2.369999885559082,362443700.0,1.840000033378601,47740.0,2069225350.0,-54020.0,-2341398300.0,5530.0,239799750.0,15696.0,680378575.0,-84.0,-3621900.0,-2415.0,-104444100.0,0.0,0.0,-1284.0,-56048700.0,-6382.0,-276421475.0,54.0,2322450.0,696.0,30050750.0
025900,동화기업,코스닥,나무제품 제조업,"PB, MDF, 표면재,온돌마루, 창호, 도어 등",7070.0,237683.0,1722085610.0,4.900000095367432,237105190.0,9.130000114440918,15407.0,112809130.0,-24019.0,-174719965.0,7802.0,56061205.0,7761.0,55768115.0,0.0,0.0,41.0,293090.0,0.0,0.0,0.0,0.0,0.0,0.0,812.0,5861900.0,-2.0,-12270.0
131970,두산테스나,코스닥,"그외 기타 전문, 과학 및 기술 서비스업",반도체 테스트,82100.0,332040.0,27320484300.0,7.599999904632568,3077748900.0,7.019999980926514,17364.0,1369298450.0,-31735.0,-2573218050.0,13077.0,1097864400.0,12807.0,1058959900.0,456.0,37834600.0,-581.0,-40493450.0,0.0,0.0,-6571.0,-530487300.0,7129.0,585432800.0,2458.0,202081000.0,-1164.0,-96025800.0
073190,듀오백,코스닥,가구 제조업,사무용 및 가정용 의자,1622.0,0.0,0.0,0.0,0.0,0.0,0.0,0.0,0.0,0.0,0.0,0.0,0.0,0.0,0.0,0.0,0.0,0.0,0.0,0.0,0.0,0.0,0.0,0.0,0.0,0.0,0.0,0.0
176750,듀켐바이오,코스닥,의약품 제조업,방사성의약품,6520.0,20382.0,132724350.0,0.9300000071525574,1342200.0,0.46000000834465027,-971.0,-6201760.0,244.0,1413350.0,-11.0,-65140.0,-11.0,-65140.0,0.0,0.0,0.0,0.0,0.0,0.0,0.0,0.0,0.0,0.0,738.0,4853550.0,0.0,0.0
030350,드래곤플라이,코스닥,소프트웨어 개발 및 공급업,온라인게임,973.0,0.0,0.0,0.0,0.0,0.0,0.0,0.0,0.0,0.0,0.0,0.0,0.0,0.0,0.0,0.0,0.0,0.0,0.0,0.0,0.0,0.0,0.0,0.0,0.0,0.0,0.0,0.0
203650,드림시큐리티,코스닥,소프트웨어 개발 및 공급업,정보보안솔루션,2115.0,743943.0,1550287357.0,5.960000038146973,14010670.0,0.8999999761581421,-206022.0,-427913624.0,163358.0,338505794.0,0.0,0.0,0.0,0.0,0.0,0.0,0.0,0.0,0.0,0.0,0.0,0.0,0.0,0.0,43550.0,91254860.0,-886.0,-1847030.0
223250,드림씨아이에스,코스닥,자연과학 및 공학 연구개발업,시판후조사대행(rPMS),3340.0,51071.0,173835045.0,1.059999942779541,6124225.0,3.5199999809265137,-855.0,-3540870.0,845.0,3507370.0,0.0,0.0,0.0,0.0,0.0,0.0,0.0,0.0,0.0,0.0,0.0,0.0,0.0,0.0,10.0,33500.0,0.0,0.0
060570,드림어스컴퍼니,코스닥,영상·오디오물 제공 서비스업,온라인 음악 서비스,728.0,0.0,0.0,0.0,0.0,0.0,0.0,0.0,0.0,0.0,0.0,0.0,0.0,0.0,0.0,0.0,0.0,0.0,0.0,0.0,0.0,0.0,0.0,0.0,0.0,0.0,0.0,0.0
362990,드림인사이트,코스닥,광고업,광고대행,1228.0,48375.0,59044997.0,-0.6499999761581421,17220.0,0.029999999329447746,-16625.0,-20129303.0,6625.0,7927424.0,0.0,-89544.0,0.0,-89544.0,0.0,0.0,0.0,0.0,0.0,0.0,0.0,0.0,0.0,0.0,10000.0,12291423.0,0.0,0.0
016670,디모아,코스닥,기타 전문 도매업,"h/w,s/w개발",2335.0,4584.0,10763275.0,-0.8500000238418579,0.0,0.0,482.0,1148810.0,-483.0,-1151145.0,0.0,0.0,0.0,0.0,0.0,0.0,0.0,0.0,0.0,0.0,0.0,0.0,0.0,0.0,1.0,2335.0,0.0,0.0
187870,디바이스,코스닥,특수 목적용 기계 제조업,OLED용 FM MASK 세정장비,11480.0,136648.0,1565589980.0,-0.17000000178813934,2879100.0,0.18000000715255737,27010.0,306440070.0,44703.0,509689245.0,-71025.0,-808432025.0,15.0,195550.0,0.0,0.0,-16510.0,-187901290.0,0.0,0.0,0.0,0.0,-54530.0,-620726285.0,-1113.0,-12710640.0,425.0,5013350.0
489730,디비금융제13호스팩,코스닥,기타 금융업,기업인수 및 합병,2025.0,219.0,443485.0,-0.25,0.0,0.0,0.0,0.0,0.0,0.0,0.0,0.0,0.0,0.0,0.0,0.0,0.0,0.0,0.0,0.0,0.0,0.0,0.0,0.0,0.0,0.0,0.0,0.0
0004Y0,디비금융제14호스팩,코스닥,기타 금융업,기업인수목적회사,1992.0,18.0,35865.0,0.05000000074505806,0.0,0.0,0.0,0.0,0.0,0.0,0.0,0.0,0.0,0.0,0.0,0.0,0.0,0.0,0.0,0.0,0.0,0.0,0.0,0.0,0.0,0.0,0.0,0.0
110990,디아이티,코스닥,특수 목적용 기계 제조업,반도체 제조 장비,16490.0,44271.0,725571280.0,3.130000114440918,13328180.0,1.190000057220459,2659.0,43637440.0,-2934.0,-48176420.0,-8.0,-90910.0,-5.0,-42010.0,-3.0,-48900.0,0.0,0.0,0.0,0.0,0.0,0.0,0.0,0.0,139.0,2243820.0,144.0,2386070.0
263690,디알젬,코스닥,의료용 기기 제조업,"진단용 엑스선 촬영장치 및 부분품, X-ray 제너레이터 외",5030.0,11377.0,57162842.0,0.6000000238418579,60400.0,0.10999999940395355,1222.0,6225427.0,-181.0,-938652.0,-1041.0,-5286775.0,-1041.0,-5286775.0,0.0,0.0,0.0,0.0,0.0,0.0,0.0,0.0,0.0,0.0,0.0,0.0,0.0,0.0
214680,디알텍,코스닥,의료용 기기 제조업,"X-ray Detector, X-ray System",960.0,0.0,0.0,0.0,0.0,0.0,0.0,0.0,0.0,0.0,0.0,0.0,0.0,0.0,0.0,0.0,0.0,0.0,0.0,0.0,0.0,0.0,0.0,0.0,0.0,0.0,0.0,0.0
347850,디앤디파마텍,코스닥,자연과학 및 공학 연구개발업,대사성질환 치료제 등,57800.0,1032576.0,60390252500.0,-0.5199999809265137,2580342250.0,4.269999980926514,60325.0,3459006200.0,-37740.0,-2157479900.0,-24703.0,-1425826200.0,15725.0,942528700.0,-10241.0,-596311550.0,-21408.0,-1261590050.0,0.0,0.0,0.0,0.0,-8779.0,-510453300.0,1038.0,60284100.0,1080.0,64015800.0
263720,디앤씨미디어,코스닥,"서적, 잡지 및 기타 인쇄물 출판업",웹소설 콘텐츠,7460.0,5647.0,42137790.0,0.12999999523162842,98080.0,0.23000000417232513,2772.0,20652870.0,-2872.0,-21401840.0,0.0,2970.0,0.0,2970.0,0.0,0.0,0.0,0.0,0.0,0.0,0.0,0.0,0.0,0.0,0.0,0.0,100.0,746000.0
376300,디어유,코스닥,소프트웨어 개발 및 공급업,"모바일 어플리케이션(DearU bubble, Lysn)",18820.0,36034.0,682723200.0,2.390000104904175,154293580.0,16.479999542236328,-6624.0,-126367875.0,5260.0,99820555.0,1489.0,28928710.0,1532.0,29735200.0,-4.0,-75480.0,-18.0,-336010.0,0.0,0.0,0.0,0.0,-21.0,-395000.0,-14.0,-271280.0,-111.0,-2110110.0
104040,디에스엠,코스닥,자동차 신품 부품 제조업,"자동차부품(시트,도어) 제조",2750.0,29659.0,80105760.0,1.4800000190734863,6063010.0,7.570000171661377,3364.0,8931070.0,6520.0,17689465.0,-7307.0,-19696585.0,0.0,0.0,0.0,0.0,0.0,0.0,0.0,0.0,0.0,0.0,-7307.0,-19696585.0,-2577.0,-6923950.0,0.0,0.0
109740,디에스케이,코스닥,특수 목적용 기계 제조업,"FPD(Flat Panel Display 평판디스플레이)용 Bonding System 및 In-line System, 카메라모듈장비, 이차전지장비, 메카트로닉스 사업군",4425.0,25559.0,110334085.0,-2.5299999713897705,12213135.0,11.069999694824219,2293.0,10222655.0,-2293.0,-10222655.0,0.0,0.0,0.0,0.0,0.0,0.0,0.0,0.0,0.0,0.0,0.0,0.0,0.0,0.0,0.0,0.0,0.0,0.0
031860,디에이치엑스컴퍼니,코스닥,상품 종합 도매업,FLC,6930.0,0.0,0.0,0.0,0.0,0.0,0.0,0.0,0.0,0.0,0.0,0.0,0.0,0.0,0.0,0.0,0.0,0.0,0.0,0.0,0.0,0.0,0.0,0.0,0.0,0.0,0.0,0.0
196490,디에이테크놀로지,코스닥,특수 목적용 기계 제조업,2차전지설비,6090.0,0.0,0.0,0.0,0.0,0.0,0.0,0.0,0.0,0.0,0.0,0.0,0.0,0.0,0.0,0.0,0.0,0.0,0.0,0.0,0.0,0.0,0.0,0.0,0.0,0.0,0.0,0.0
066900,디에이피,코스닥,전자부품 제조업,Build-Up PCB(인쇄회로기판),1650.0,1824.0,3124833.0,1.850000023841858,0.0,0.0,401.0,694725.0,-402.0,-696535.0,0.0,0.0,0.0,0.0,0.0,0.0,0.0,0.0,0.0,0.0,0.0,0.0,0.0,0.0,0.0,0.0,1.0,1810.0
092070,디엔에프,코스닥,기타 화학제품 제조업,반도체배선박막재료(알루미늄전구체),13050.0,9801.0,127460620.0,0.3799999952316284,1052950.0,0.8299999833106995,1638.0,21347170.0,-1540.0,-20083070.0,-98.0,-1264100.0,0.0,180.0,-98.0,-1264280.0,0.0,0.0,0.0,0.0,0.0,0.0,0.0,0.0,0.0,0.0,0.0,0.0
039840,디오,코스닥,의료용 기기 제조업,자동포장기계,11960.0,13167.0,156477210.0,1.100000023841858,10420630.0,5.170000076293945,1063.0,12631465.0,-1061.0,-12614605.0,-6.0,-64520.0,-6.0,-64520.0,0.0,0.0,0.0,0.0,0.0,0.0,0.0,0.0,0.0,0.0,4.0,47660.0,0.0,0.0
219550,디와이디,코스닥,생활용품 도매업,화장품 유통,1162.0,62076.0,70945810.0,-0.6800000071525574,514318.0,0.7200000286102295,-14646.0,-16647850.0,14646.0,16673070.0,0.0,-25220.0,0.0,-25220.0,0.0,0.0,0.0,0.0,0.0,0.0,0.0,0.0,0.0,0.0,0.0,0.0,0.0,0.0
310870,디와이씨,코스닥,자동차 신품 부품 제조업,자동차 부품,1410.0,152797.0,213838516.0,0.0,3317864.0,1.5499999523162842,-22109.0,-30389680.0,23508.0,32347869.0,401.0,565811.0,401.0,565811.0,0.0,0.0,0.0,0.0,0.0,0.0,0.0,0.0,0.0,0.0,-1800.0,-2524000.0,0.0,0.0
104460,디와이피엔에프,코스닥,일반 목적용 기계 제조업,뉴메틱 컨베잉 시스템(분체이송시스템),7760.0,11431.0,88262220.0,-0.25999999046325684,9469465.0,10.729999542236328,4404.0,34164245.0,-3606.0,-28027105.0,-823.0,-6328890.0,0.0,0.0,0.0,0.0,0.0,0.0,0.0,0.0,0.0,0.0,-823.0,-6328890.0,25.0,191750.0,0.0,0.0
113810,디젠스,코스닥,자동차 신품 부품 제조업,자동차용 소음기(머플러),2545.0,31715.0,82282690.0,-3.5999999046325684,710335.0,0.8600000143051147,-982.0,-2117805.0,982.0,2117805.0,0.0,0.0,0.0,0.0,0.0,0.0,0.0,0.0,0.0,0.0,0.0,0.0,0.0,0.0,0.0,0.0,0.0,0.0
043360,디지아이,코스닥,컴퓨터 및 주변장치 제조업,"잉크젯 플로터, 커팅 플로터",2270.0,4316.0,9847955.0,-3.200000047683716,387725.0,3.940000057220459,-79.0,-164965.0,-105.0,-268710.0,184.0,433675.0,184.0,433675.0,0.0,0.0,0.0,0.0,0.0,0.0,0.0,0.0,0.0,0.0,0.0,0.0,0.0,0.0
197140,디지캡,코스닥,소프트웨어 개발 및 공급업,"보호솔루션, 방송서비스솔루션 등",2300.0,12410.0,28388930.0,0.4399999976158142,927540.0,3.2699999809265137,-9867.0,-22598690.0,-133.0,-308880.0,10000.0,22907570.0,10000.0,22907570.0,0.0,0.0,0.0,0.0,0.0,0.0,0.0,0.0,0.0,0.0,0.0,0.0,0.0,0.0
068930,디지털대성,코스닥,일반 교습 학원,"온라인 강의, 오프라인 학원, 교재",8150.0,29174.0,235962910.0,1.8799999952316284,1227150.0,0.5199999809265137,-14359.0,-116385360.0,1727.0,13806040.0,12752.0,103553720.0,79.0,670520.0,0.0,0.0,0.0,0.0,0.0,0.0,0.0,0.0,12673.0,102883200.0,-120.0,-974400.0,0.0,0.0
033130,디지틀조선,코스닥,"자료처리, 호스팅, 포털 및 기타 인터넷 정보매개 서비스업",위성서비스,1882.0,19430.0,36735319.0,0.699999988079071,0.0,0.0,-2794.0,-5327129.0,-9374.0,-17774403.0,12168.0,23101532.0,0.0,0.0,0.0,0.0,0.0,0.0,0.0,0.0,0.0,0.0,12168.0,23101532.0,0.0,0.0,0.0,0.0
105740,디케이락,코스닥,일반 목적용 기계 제조업,계장용 피팅 및 밸브,7210.0,100094.0,730606255.0,-2.0399999618530273,574510.0,0.07999999821186066,23578.0,172866110.0,18722.0,134737835.0,-42653.0,-310130695.0,73.0,517170.0,0.0,0.0,-42726.0,-310647865.0,0.0,0.0,0.0,0.0,0.0,0.0,350.0,2505000.0,3.0,21750.0
263020,디케이앤디,코스닥,플라스틱제품 제조업,합성피혁 및 부직포,3165.0,43110.0,135813925.0,2.430000066757202,208560.0,0.15000000596046448,2346.0,7408795.0,-3346.0,-10563795.0,0.0,0.0,0.0,0.0,0.0,0.0,0.0,0.0,0.0,0.0,0.0,0.0,0.0,0.0,1000.0,3155000.0,0.0,0.0
290550,디케이티,코스닥,전자부품 제조업,스마트폰용 FPCA,17000.0,350097.0,6043310850.0,-4.010000228881836,118105240.0,1.9500000476837158,-19362.0,-327697690.0,96728.0,1653735920.0,-66739.0,-1142854320.0,-7235.0,-124192220.0,576.0,9544540.0,-11622.0,-198630670.0,20.0,341050.0,-42915.0,-734905550.0,-5563.0,-95011470.0,-9614.0,-165720200.0,-1013.0,-17463710.0
066670,디티씨,코스닥,부동산 임대 및 공급업,LCD Module,3140.0,35841.0,110701910.0,5.190000057220459,108705.0,0.10000000149011612,-5051.0,-15661405.0,2185.0,6756985.0,0.0,-5.0,0.0,-5.0,0.0,0.0,0.0,0.0,0.0,0.0,0.0,0.0,0.0,0.0,2866.0,8904425.0,0.0,0.0
187220,디티앤씨,코스닥,기타 과학기술 서비스업,전기전자규격 인증서비스,2020.0,17721.0,36259312.0,-0.9800000190734863,32800.0,0.09000000357627869,781.0,1725110.0,-1250.0,-2628950.0,469.0,903840.0,469.0,903840.0,0.0,0.0,0.0,0.0,0.0,0.0,0.0,0.0,0.0,0.0,0.0,0.0,0.0,0.0
383930,디티앤씨알오,코스닥,자연과학 및 공학 연구개발업,비임상 및 임상시험 대체 용역,1700.0,12217.0,20607690.0,1.0700000524520874,153625.0,0.75,-1346.0,-2226990.0,1346.0,2226990.0,0.0,0.0,0.0,0.0,0.0,0.0,0.0,0.0,0.0,0.0,0.0,0.0,0.0,0.0,0.0,0.0,0.0,0.0
131180,딜리,코스닥,컴퓨터 및 주변장치 제조업,디지털 UV 프린터,3690.0,6854.0,25192803.0,1.100000023841858,0.0,0.0,16.0,77540.0,-16.0,-77540.0,0.0,0.0,0.0,0.0,0.0,0.0,0.0,0.0,0.0,0.0,0.0,0.0,0.0,0.0,0.0,0.0,0.0,0.0
483350,딜리셔스,코스닥,무점포 소매업,패션 B2B 플랫폼(신상마켓),4385.0,7949176.0,33815048601.0,11.859999656677246,0.0,0.0,-721724.0,-3017334067.0,500527.0,2084843040.0,263790.0,1134107392.0,-2582.0,-11845170.0,0.0,0.0,24063.0,105122330.0,0.0,0.0,0.0,0.0,240309.0,1032221832.0,-64626.0,-279335593.0,22033.0,77719228.0
315640,딥노이드,코스닥,소프트웨어 개발 및 공급업,"의료 인공지능플랫폼, 인공지능 임상의사결정 시스템",1699.0,57138.0,95308525.0,3.3499999046325684,6644.0,0.009999999776482582,-5449.0,-9327483.0,1.0,-218671.0,0.0,-11011.0,0.0,-11011.0,0.0,0.0,0.0,0.0,0.0,0.0,0.0,0.0,0.0,0.0,9484.0,16112683.0,-4036.0,-6555518.0
900110,딥커머스,코스닥,기타 금융업,"스포츠화, 스포츠의류",1198.0,9821.0,11790543.0,-1.0700000524520874,123726.0,1.0499999523162842,3221.0,3874255.0,-1461.0,-1762431.0,0.0,0.0,0.0,0.0,0.0,0.0,0.0,0.0,0.0,0.0,0.0,0.0,0.0,0.0,0.0,0.0,-1760.0,-2111824.0
317120,라닉스,코스닥,반도체 제조업,"자동차 및 IoT 통신, 보안솔루션",1415.0,49709.0,69891583.0,1.0700000524520874,327953.0,0.4699999988079071,-11567.0,-16206340.0,11567.0,16206340.0,0.0,0.0,0.0,0.0,0.0,0.0,0.0,0.0,0.0,0.0,0.0,0.0,0.0,0.0,0.0,0.0,0.0,0.0
462510,라메디텍,코스닥,의료용 기기 제조업,초소형 레이저 의료기기 및 미용기기,2880.0,25117.0,73257055.0,0.699999988079071,364250.0,0.5,-4451.0,-13048940.0,4451.0,13048940.0,0.0,0.0,0.0,0.0,0.0,0.0,0.0,0.0,0.0,0.0,0.0,0.0,0.0,0.0,0.0,0.0,0.0,0.0
232680,라온로보틱스,코스닥,특수 목적용 기계 제조업,반도체 및 FPD용 로봇시스템,9930.0,118109.0,1169184395.0,1.2200000286102295,1114770.0,0.10000000149011612,-6902.0,-67608880.0,6851.0,67113990.0,0.0,0.0,0.0,0.0,0.0,0.0,0.0,0.0,0.0,0.0,0.0,0.0,0.0,0.0,1.0,9890.0,50.0,485000.0
042510,라온시큐어,코스닥,소프트웨어 개발 및 공급업,소프트웨어 개발 및 공급,8150.0,101471.0,807424420.0,2.9000000953674316,10427440.0,1.2899999618530273,-11284.0,-84847860.0,11346.0,85343320.0,-2.0,-27450.0,-2.0,-27450.0,0.0,0.0,0.0,0.0,0.0,0.0,0.0,0.0,0.0,0.0,0.0,0.0,-60.0,-468010.0
418420,라온텍,코스닥,전자부품 제조업,"마이크로디스플레이, 컨트롤러 IC",3970.0,84123.0,332683220.0,0.0,4870180.0,1.4600000381469727,5364.0,21764235.0,-5221.0,-21201305.0,-9.0,-35730.0,-9.0,-35730.0,0.0,0.0,0.0,0.0,0.0,0.0,0.0,0.0,0.0,0.0,0.0,0.0,-134.0,-527200.0
300120,라온피플,코스닥,소프트웨어 개발 및 공급업,"카메라 모듈 검사기, AI 머신비전, 골프센서",2345.0,75873.0,187514262.0,-4.480000019073486,383925.0,0.20000000298023224,14984.0,37185670.0,-14931.0,-37009325.0,-2.0,-4880.0,-2.0,-4880.0,0.0,0.0,0.0,0.0,0.0,0.0,0.0,0.0,0.0,0.0,0.0,0.0,-51.0,-171465.0
171120,라이온켐텍,코스닥,기타 화학제품 제조업,"합성왁스, 인조대리석",2050.0,17649.0,35965780.0,1.4900000095367432,57120.0,0.1599999964237213,2010.0,4080095.0,-987.0,-1988170.0,-1023.0,-2091925.0,-1023.0,-2091925.0,0.0,0.0,0.0,0.0,0.0,0.0,0.0,0.0,0.0,0.0,0.0,0.0,0.0,0.0
388790,라이콤,코스닥,통신 및 방송 장비 제조업,"제조업(광증폭기, 광송수신기, 광섬유레이저 외)",4105.0,188243.0,770316034.0,2.240000009536743,6314875.0,0.8199999928474426,-31603.0,-129467696.0,31296.0,128261551.0,0.0,-50165.0,0.0,-50165.0,0.0,0.0,0.0,0.0,0.0,0.0,0.0,0.0,0.0,0.0,0.0,0.0,307.0,1256310.0
214260,라파스,코스닥,기타 화학제품 제조업,"마이크로니들 패치 제품(의약품패치, 의료기기패치, 미용패치 등)",8720.0,13949.0,118513350.0,4.559999942779541,1970350.0,1.659999966621399,-3283.0,-27679020.0,3286.0,27704970.0,0.0,0.0,0.0,0.0,0.0,0.0,0.0,0.0,0.0,0.0,0.0,0.0,0.0,0.0,0.0,0.0,-3.0,-25950.0
171010,램테크놀러지,코스닥,기초 화학물질 제조업,"반도체 식각액, 박리액, 세정액 등",2735.0,12875.0,35434786.0,-2.319999933242798,186285.0,0.5299999713897705,-2865.0,-7796054.0,2765.0,7518054.0,0.0,0.0,0.0,0.0,0.0,0.0,0.0,0.0,0.0,0.0,0.0,0.0,0.0,0.0,100.0,278000.0,0.0,0.0
084650,랩지노믹스,코스닥,자연과학 및 공학 연구개발업,체외진단 서비스 및 제품,620.0,916583.0,584386558.0,1.309999942779541,18210245.0,3.119999885559082,215047.0,133322547.0,-215555.0,-133638240.0,0.0,0.0,0.0,0.0,0.0,0.0,0.0,0.0,0.0,0.0,0.0,0.0,0.0,0.0,0.0,0.0,508.0,315693.0
217500,러셀,코스닥,특수 목적용 기계 제조업,반도체장비 리퍼비시,1677.0,81349.0,133625661.0,3.069999933242798,56746.0,0.03999999910593033,-17876.0,-29391426.0,17876.0,29391426.0,0.0,0.0,0.0,0.0,0.0,0.0,0.0,0.0,0.0,0.0,0.0,0.0,0.0,0.0,0.0,0.0,0.0,0.0
038390,레드캡투어,코스닥,여행사 및 기타 여행보조 서비스업,"여행알선, 렌터카",9870.0,11201.0,110917300.0,0.30000001192092896,998570.0,0.8999999761581421,3480.0,34584090.0,-3430.0,-34091180.0,-56.0,-552280.0,-56.0,-552280.0,0.0,0.0,0.0,0.0,0.0,0.0,0.0,0.0,0.0,0.0,5.0,49500.0,1.0,9870.0
387690,레메디,코스닥,의료용 기기 제조업,의료용 휴대용 엑스선 영상촬영장치,14820.0,6218886.0,90931169560.0,15.329999923706055,15313740.0,0.019999999552965164,60283.0,960370055.0,-46639.0,-745972385.0,-10464.0,-160697955.0,999.0,14411260.0,0.0,0.0,1091.0,17054480.0,0.0,0.0,0.0,0.0,-9938.0,-154670105.0,-3061.0,-53497190.0,-119.0,-202525.0
294140,레몬,코스닥,화학섬유 제조업,"EMI Shield Can, 나노멤브레인 등",2330.0,93504.0,221177380.0,-5.480000019073486,17278740.0,7.809999942779541,25610.0,60952716.0,-25610.0,-60952716.0,0.0,0.0,0.0,0.0,0.0,0.0,0.0,0.0,0.0,0.0,0.0,0.0,0.0,0.0,0.0,0.0,0.0,0.0
365660,레몬헬스케어,코스닥,소프트웨어 개발 및 공급업,"LDB-H(스마트병원중계플랫폼), LDB-E(의료데이터-ECO 중계플랫폼), LDB-D(맞춤형 헬스데이터 중계플랫폼)",5530.0,2535980.0,13910671110.0,3.559999942779541,112035480.0,0.8100000023841858,48191.0,283258740.0,-39367.0,-234415645.0,-2067.0,-11541860.0,0.0,-17080.0,0.0,0.0,-578.0,-3205925.0,0.0,0.0,0.0,0.0,-1489.0,-8318855.0,2748.0,14625615.0,-9505.0,-51926850.0
443250,레뷰코퍼레이션,코스닥,광고업,"REVU 서비스(컨텐츠마케팅, 로컬, 에이전시)",6010.0,2792.0,16860630.0,-0.5,36360.0,0.2199999988079071,395.0,2395630.0,-86.0,-538300.0,0.0,0.0,0.0,0.0,0.0,0.0,0.0,0.0,0.0,0.0,0.0,0.0,0.0,0.0,-309.0,-1857330.0,0.0,0.0
228670,레이,코스닥,의료용 기기 제조업,"디지털 치료솔루션(CT scan 장비, 3D 프린터), 디지털 진단시스템(X-ray, CT 등)",4760.0,118628.0,579696422.0,-4.699999809265137,13760265.0,2.369999885559082,-10066.0,-50036064.0,10747.0,53380634.0,-284.0,-1374280.0,186.0,897905.0,0.0,0.0,0.0,0.0,0.0,0.0,0.0,0.0,-470.0,-2272185.0,1000.0,4770000.0,-1397.0,-6740290.0
228850,레이언스,코스닥,의료용 기기 제조업,"TFT Detector, CMOS Detector, I/O Sensor",6980.0,352834.0,2382657870.0,17.510000228881836,1741790.0,0.07000000029802322,-44233.0,-295977130.0,49090.0,329455705.0,-652.0,-5843285.0,-9285.0,-64009020.0,0.0,0.0,-5805.0,-40210545.0,0.0,0.0,0.0,0.0,14438.0,98376280.0,-4212.0,-27698910.0,7.0,63620.0
412350,레이저쎌,코스닥,특수 목적용 기계 제조업,"에어리어 레이저솔루션, LSR, LCB, LSB, BSOM 등",4370.0,127828.0,557539594.0,2.2200000286102295,13022075.0,2.3399999141693115,6991.0,31466934.0,-7627.0,-34270964.0,601.0,2647220.0,601.0,2647220.0,0.0,0.0,0.0,0.0,0.0,0.0,0.0,0.0,0.0,0.0,2.0,8865.0,33.0,147945.0
199550,레이저옵텍,코스닥,의료용 기기 제조업,레이저 기반 피부미용기기 및 질환치료기기,2670.0,39264.0,102803690.0,1.5199999809265137,0.0,0.0,3361.0,8898795.0,-3368.0,-8916585.0,0.0,-480.0,0.0,-480.0,0.0,0.0,0.0,0.0,0.0,0.0,0.0,0.0,0.0,0.0,0.0,0.0,7.0,18270.0
281740,레이크머티리얼즈,코스닥,기타 화학제품 제조업,"LED, 반도체 소재 및 석유화학촉매",12360.0,239976.0,3004770205.0,0.1599999964237213,46004560.0,1.5299999713897705,20281.0,247356595.0,-40526.0,-501412295.0,20597.0,258504690.0,18887.0,237361340.0,-15.0,-184680.0,1725.0,21328030.0,0.0,0.0,0.0,0.0,0.0,0.0,-180.0,-2317440.0,-172.0,-2131550.0
277810,레인보우로보틱스,코스닥,특수 목적용 기계 제조업,"협동로봇, 천문마운트시스템, 이족보행로봇 등",471500.0,68240.0,32124707750.0,1.9500000476837158,10691352500.0,22.40999984741211,-2756.0,-1334746750.0,10813.0,5122738000.0,-7998.0,-3759738750.0,2619.0,1236728250.0,-510.0,-240288750.0,-611.0,-288132000.0,0.0,0.0,784.0,375008750.0,-10274.0,-4840232500.0,-61.0,-29430000.0,2.0,1177500.0
215100,로보로보,코스닥,기타 전기장비 제조업,교육용로봇,4165.0,66970.0,280839281.0,1.590000033378601,7527210.0,2.680000066757202,-10454.0,-43851695.0,10463.0,43889765.0,-47.0,-197170.0,-47.0,-197170.0,0.0,0.0,0.0,0.0,0.0,0.0,0.0,0.0,0.0,0.0,5.0,20875.0,33.0,138225.0
090360,로보스타,코스닥,특수 목적용 기계 제조업,"제조용 로봇, FPD 장비, IT부품 제조장비",81300.0,94544.0,7761976200.0,-1.690000057220459,1183759900.0,8.010000228881836,-5241.0,-437082200.0,3973.0,327036400.0,1215.0,105680700.0,4158.0,344371800.0,0.0,0.0,18.0,1474050.0,0.0,0.0,0.0,0.0,-2962.0,-240248500.0,163.0,13455300.0,-110.0,-9090200.0
108490,로보티즈,코스닥,특수 목적용 기계 제조업,"솔루션(로봇 엑츄에이터 모듈과 구동 소프트웨어), 에듀테인먼트 로봇, 로봇 플랫폼",262500.0,195367.0,51551538000.0,-1.690000057220459,11442910250.0,12.59000015258789,37902.0,9971925250.0,-18146.0,-4807559750.0,-20839.0,-5451336500.0,7136.0,1899941500.0,-853.0,-224428500.0,-18827.0,-4963414000.0,0.0,0.0,-7420.0,-1944722750.0,-874.0,-218452250.0,910.0,241222500.0,173.0,45748500.0
900260,로스웰,코스닥,기타 금융업,"CAN Control Gateway, CAN기능모듈, BCM 차체제어모듈",1618.0,3009.0,4896883.0,-0.1899999976158142,3236.0,0.07000000029802322,263.0,427407.0,-263.0,-427407.0,0.0,0.0,0.0,0.0,0.0,0.0,0.0,0.0,0.0,0.0,0.0,0.0,0.0,0.0,0.0,0.0,0.0,0.0
033290,로젠,코스닥,"섬유, 의복, 신발 및 가죽제품 소매업","의복, 잡화, 콘덴서",1542.0,16167.0,24898690.0,-0.38999998569488525,0.0,0.0,6035.0,9297513.0,-3550.0,-5492589.0,-2485.0,-3804924.0,-2485.0,-3804924.0,0.0,0.0,0.0,0.0,0.0,0.0,0.0,0.0,0.0,0.0,0.0,0.0,0.0,0.0
067730,로지시스,코스닥,"컴퓨터 프로그래밍, 시스템 통합 및 관리업","전산장비 판매 및 유지보수, VAN기기 대행관리",2205.0,13416.0,29275585.0,1.3799999952316284,37215.0,0.12999999523162842,-303.0,-685325.0,1656.0,3630025.0,0.0,0.0,0.0,0.0,0.0,0.0,0.0,0.0,0.0,0.0,0.0,0.0,0.0,0.0,-1353.0,-2944700.0,0.0,0.0
071280,로체시스템즈,코스닥,특수 목적용 기계 제조업,LCD 제조용 이송장비,6970.0,165149.0,1148958020.0,2.3499999046325684,529070.0,0.05000000074505806,-2513.0,-17429540.0,14362.0,100250420.0,0.0,-20.0,0.0,-20.0,0.0,0.0,0.0,0.0,0.0,0.0,0.0,0.0,0.0,0.0,-11850.0,-82827750.0,1.0,6890.0
376900,로킷헬스케어,코스닥,의료용품 및 기타 의약 관련제품 제조업,장기 재생 플랫폼,29550.0,100159.0,2916244650.0,3.5,234093125.0,4.269999980926514,10996.0,319418825.0,-4317.0,-124520325.0,-4482.0,-131729600.0,-2906.0,-85712850.0,78.0,2290050.0,801.0,23183150.0,0.0,0.0,0.0,0.0,-2455.0,-71489950.0,-2232.0,-63933550.0,35.0,764650.0
214610,롤링스톤,코스닥,의료용 기기 제조업,체외진단용 의료기기,2290.0,0.0,0.0,0.0,0.0,0.0,0.0,0.0,0.0,0.0,0.0,0.0,0.0,0.0,0.0,0.0,0.0,0.0,0.0,0.0,0.0,0.0,0.0,0.0,0.0,0.0,0.0,0.0
328130,루닛,코스닥,소프트웨어 개발 및 공급업,Lunit INSIGHT,9710.0,506687.0,4840746075.0,7.650000095367432,356279970.0,5.170000076293945,34054.0,318113230.0,-451.0,1569170.0,-34583.0,-328815570.0,18667.0,178839170.0,39.0,383470.0,231.0,2219230.0,0.0,0.0,-50020.0,-476751680.0,-3500.0,-33505760.0,1000.0,9296540.0,-20.0,-163370.0
038060,루멘스,코스닥,반도체 제조업,LED개발 및 제조,873.0,209849.0,179501004.0,0.0,7897487.0,4.400000095367432,-8107.0,-7056414.0,6420.0,5575172.0,0.0,0.0,0.0,0.0,0.0,0.0,0.0,0.0,0.0,0.0,0.0,0.0,0.0,0.0,0.0,0.0,1687.0,1481242.0
474170,루미르,코스닥,"항공기,우주선 및 부품 제조업","인공위성 시스템 및 전장품, 위성 영상 및 정보",6560.0,34622.0,226716035.0,0.3100000023841858,14600300.0,6.440000057220459,7702.0,50466980.0,-8812.0,-57727790.0,1110.0,7260810.0,1110.0,7260810.0,0.0,0.0,0.0,0.0,0.0,0.0,0.0,0.0,0.0,0.0,0.0,0.0,0.0,0.0
195990,루트K,코스닥,특수 목적용 기계 제조업,소형 머시닝센터,1419.0,237045.0,367377177.0,7.010000228881836,42277.0,0.009999999776482582,-3804.0,-3426992.0,3804.0,3366222.0,0.0,0.0,0.0,0.0,0.0,0.0,0.0,0.0,0.0,0.0,0.0,0.0,0.0,0.0,0.0,60770.0,0.0,0.0
141080,리가켐바이오,코스닥,자연과학 및 공학 연구개발업,ADC 신약연구개발,108300.0,219126.0,23581463550.0,3.740000009536743,2305627700.0,6.360000133514404,-21745.0,-2418315800.0,5180.0,620253250.0,17046.0,1850558550.0,12297.0,1334692650.0,-997.0,-108427500.0,2130.0,229672100.0,54.0,5867900.0,1694.0,183799100.0,1822.0,199952000.0,-538.0,-58487200.0,57.0,5991200.0
058470,리노공업,코스닥,전자부품 제조업,"리노핀, 반도체 소켓 등",69500.0,343292.0,23620827600.0,2.359999895095825,3300839900.0,9.819999694824219,20733.0,1384076150.0,-71054.0,-4884000300.0,51072.0,3551881500.0,27798.0,1944360300.0,28.0,1931850.0,4144.0,286476200.0,0.0,0.0,18961.0,1309081550.0,142.0,10104500.0,-914.0,-63117050.0,163.0,11159700.0
016100,리더스코스메틱,코스닥,"골판지, 종이 상자 및 종이용기 제조업",화장품,1142.0,381162.0,437397469.0,7.429999828338623,280070.0,0.05999999865889549,18117.0,25446720.0,-18117.0,-25928502.0,0.0,441433.0,0.0,441433.0,0.0,0.0,0.0,0.0,0.0,0.0,0.0,0.0,0.0,0.0,0.0,0.0,0.0,40349.0
012700,리드코프,코스닥,기타 전문 도매업,화공약품운반,3060.0,23671.0,72102318.0,0.0,4011291.0,5.559999942779541,18565.0,56558648.0,-18449.0,-56202023.0,2.0,6105.0,2.0,6105.0,0.0,0.0,0.0,0.0,0.0,0.0,0.0,0.0,0.0,0.0,-118.0,-362730.0,0.0,0.0
302550,리메드,코스닥,의료용 기기 제조업,자기장 치료기기,2850.0,27637.0,78118665.0,0.3499999940395355,2161470.0,2.7699999809265137,2667.0,7857225.0,-2745.0,-8061460.0,0.0,-15130.0,0.0,-15130.0,0.0,0.0,0.0,0.0,0.0,0.0,0.0,0.0,0.0,0.0,78.0,218495.0,0.0,870.0
491000,리브스메드,코스닥,의료용 기기 제조업,"다관절 다자유도 복강경 수술기구인 ArtiSential, ArtiSeal, ArtiStapler, LivsCam, Stark",37100.0,180046.0,6797029050.0,-3.009999990463257,462957600.0,6.809999942779541,48528.0,1811126950.0,-34626.0,-1296236825.0,-13239.0,-490144675.0,4094.0,152744300.0,5.0,192000.0,-13566.0,-502897675.0,0.0,0.0,-3000.0,-111451650.0,-772.0,-28731650.0,-734.0,-27532850.0,71.0,2787400.0
394420,리센스메디컬,코스닥,의료용 기기 제조업,"피부 냉각마취 의료기기, 경피약물전달 의료기기, 동물용 경피약물전달 의료기기, 안구 냉각마취 의료기기",13290.0,361777.0,4717536380.0,7.090000152587891,92824460.0,1.9700000286102295,53807.0,677405880.0,-4747.0,-54495100.0,-34417.0,-433622430.0,11905.0,163267270.0,990.0,13171810.0,3756.0,49274590.0,10.0,133050.0,-21909.0,-284344750.0,8901.0,116693900.0,-14624.0,-188949690.0,-19.0,-338660.0
073570,리튬포어스,코스닥,그외 기타 제품 제조업,"휴대폰액세서리의 제조, 판매",1695.0,35906.0,60435227.0,-0.23999999463558197,0.0,0.0,1947.0,3341673.0,-2783.0,-4757502.0,0.0,0.0,0.0,0.0,0.0,0.0,0.0,0.0,0.0,0.0,0.0,0.0,0.0,0.0,836.0,1415829.0,0.0,0.0
377450,리파인,코스닥,기타 정보 서비스업,권리조사,16120.0,268155.0,4318973100.0,0.0,53962510.0,1.25,-123003.0,-1981897035.0,-21508.0,-345775355.0,144400.0,2325889640.0,94219.0,1516202220.0,0.0,0.0,50181.0,809687420.0,0.0,0.0,0.0,0.0,0.0,0.0,110.0,1766630.0,1.0,16120.0
277070,린드먼아시아,코스닥,신탁업 및 집합투자업,"투자조합, PEF 결성 및 투자",3505.0,50315.0,170840587.0,12.15999984741211,1160170.0,0.6800000071525574,-5647.0,-20129272.0,1972.0,7262622.0,0.0,0.0,0.0,0.0,0.0,0.0,0.0,0.0,0.0,0.0,0.0,0.0,0.0,0.0,662.0,2223165.0,3013.0,10643485.0
042500,링네트,코스닥,"컴퓨터 프로그래밍, 시스템 통합 및 관리업",네트워크 구축(Network Integration),4310.0,119883.0,521946236.0,1.059999942779541,3784915.0,0.7300000190734863,8873.0,38120988.0,-8877.0,-38222553.0,-14.0,22815.0,-14.0,22815.0,0.0,0.0,0.0,0.0,0.0,0.0,0.0,0.0,0.0,0.0,0.0,0.0,18.0,78750.0
193250,링크드,코스닥,전자부품 제조업,휴대폰용 진동모터,2235.0,68444.0,148192602.0,1.590000033378601,8598375.0,5.800000190734863,9834.0,20974677.0,-11522.0,-24705657.0,0.0,0.0,0.0,0.0,0.0,0.0,0.0,0.0,0.0,0.0,0.0,0.0,0.0,0.0,2004.0,4406080.0,-316.0,-675100.0
474650,링크솔루션,코스닥,특수 목적용 기계 제조업,3D 프린터 및 3D 프린팅 서비스,24700.0,20982.0,523631600.0,-0.800000011920929,8205100.0,1.5700000524520874,-152.0,-4855150.0,-130.0,-2297000.0,0.0,-4000.0,0.0,-4000.0,0.0,0.0,0.0,0.0,0.0,0.0,0.0,0.0,0.0,0.0,-1.0,-24750.0,283.0,7180900.0
219420,링크제니시스,코스닥,소프트웨어 개발 및 공급업,"반도체, 디스플레이, 자동화 S/W 및 시스템 테스트 자동화 솔루션 개발(XCOMPRO, XGEM, MAT)",3435.0,15497.0,52914050.0,0.28999999165534973,1588485.0,3.0,5912.0,20158065.0,-6204.0,-21138265.0,0.0,0.0,0.0,0.0,0.0,0.0,0.0,0.0,0.0,0.0,0.0,0.0,0.0,0.0,0.0,-12600.0,292.0,992800.0
439090,마녀공장,코스닥,기타 화학제품 제조업,자연주의 기능성 화장품,17340.0,208716.0,3580991915.0,2.240000009536743,30513870.0,0.44999998807907104,-44875.0,-767586680.0,40197.0,687308300.0,4649.0,79793500.0,4649.0,79793500.0,0.0,0.0,0.0,0.0,0.0,0.0,0.0,0.0,0.0,0.0,78.0,1316480.0,-49.0,-831600.0
195500,마니커에프앤지,코스닥,"도축, 육류 가공 및 저장 처리업","육가공품, 튀김류, 패티류, 삼계탕 등",1660.0,56639.0,92710790.0,-0.7200000286102295,1958795.0,2.109999895095825,3621.0,5751018.0,-14890.0,-24326493.0,-531.0,-868185.0,-531.0,-868185.0,0.0,0.0,0.0,0.0,0.0,0.0,0.0,0.0,0.0,0.0,11800.0,19443660.0,0.0,0.0
377480,마음AI,코스닥,소프트웨어 개발 및 공급업,종합 인공지능 엔진 및 플랫폼,10480.0,22902.0,238578570.0,3.3499999046325684,5154830.0,2.1600000858306885,-4180.0,-43221840.0,4238.0,43825510.0,0.0,0.0,0.0,0.0,0.0,0.0,0.0,0.0,0.0,0.0,0.0,0.0,0.0,0.0,0.0,0.0,-58.0,-603670.0
305090,마이크로디지탈,코스닥,의료용 기기 제조업,"바이오 분석 시스템, 메디칼 자동화 시스템",1630.0,173620.0,273681529.0,5.159999847412109,6932721.0,2.5299999713897705,-47631.0,-75148035.0,59814.0,94323315.0,-12154.0,-19129779.0,-1606.0,-2588872.0,0.0,0.0,-10548.0,-16540907.0,0.0,0.0,0.0,0.0,0.0,0.0,-29.0,-45501.0,0.0,0.0
098120,마이크로컨텍솔,코스닥,전자부품 제조업,"BGA IC Burn-In Socket,DRAM Module Socket",41400.0,384610.0,15163859050.0,-0.11999999731779099,0.0,0.0,-16354.0,-682707700.0,-19503.0,-764458625.0,37121.0,1497220775.0,255.0,10920050.0,0.0,0.0,26563.0,1070541200.0,0.0,0.0,0.0,0.0,10303.0,415759525.0,-1324.0,-52441100.0,60.0,2386650.0
424980,마이크로투나노,코스닥,반도체 제조업,메모리 테스트용 프로브 카드,7560.0,6911.0,53001310.0,-5.380000114440918,7358380.0,13.880000114440918,3038.0,23140360.0,-3038.0,-23140360.0,0.0,0.0,0.0,0.0,0.0,0.0,0.0,0.0,0.0,0.0,0.0,0.0,0.0,0.0,0.0,0.0,0.0,0.0
038290,마크로젠,코스닥,"그외 기타 전문, 과학 및 기술 서비스업","DNA Sequencing, Microarray, Genetically Engineered Mouse",12920.0,436651.0,5806861570.0,6.949999809265137,18386340.0,0.3199999928474426,6386.0,127137370.0,5706.0,36493130.0,-12244.0,-165872020.0,0.0,-101720.0,0.0,0.0,0.0,0.0,0.0,0.0,-12244.0,-165770300.0,0.0,0.0,0.0,-10130.0,152.0,2251650.0
477850,마키나락스,코스닥,소프트웨어 개발 및 공급업,Runway Platform (산업특화 인공지능 개발 및 운영 체계 구축 플랫폼),27900.0,2645734.0,71752391575.0,5.28000020980835,254165650.0,0.3499999940395355,179929.0,4371806025.0,172174.0,4889966775.0,-344912.0,-9073208225.0,-15103.0,-380548825.0,-1755.0,-43838550.0,-48577.0,-1305670225.0,-171.0,-4693950.0,-251.0,-6217175.0,-261860.0,-6890887225.0,-9673.0,-256659325.0,2482.0,68094750.0
0039P0,매드업,코스닥,광고업,"디지털 마케팅 AI 에이전트, 솔루션 기반 광고대행",8590.0,2634592.0,22352083705.0,5.53000020980835,45504120.0,0.20000000298023224,-176864.0,-1480429210.0,52889.0,426801620.0,113657.0,964574545.0,-695.0,-6010840.0,0.0,0.0,3682.0,31302860.0,0.0,0.0,0.0,0.0,109150.0,926362390.0,10458.0,90956780.0,-140.0,-1903735.0
267980,매일유업,코스닥,동·식물성 유지 및 낙농제품 제조업,"유제품(우유, 분유, 발효유, 치즈, 음료 등)",34450.0,1982.0,68212000.0,-0.14000000059604645,1959350.0,1.690000057220459,211.0,7267400.0,64.0,2189750.0,-461.0,-15829850.0,39.0,1362350.0,0.0,0.0,0.0,0.0,0.0,0.0,-500.0,-17192200.0,0.0,0.0,185.0,6338250.0,1.0,34450.0
005990,매일홀딩스,코스닥,동·식물성 유지 및 낙농제품 제조업,유제품,10780.0,2637.0,28413800.0,-0.09000000357627869,0.0,0.0,129.0,1395560.0,-129.0,-1395560.0,0.0,0.0,0.0,0.0,0.0,0.0,0.0,0.0,0.0,0.0,0.0,0.0,0.0,0.0,0.0,0.0,0.0,0.0
093520,매커스,코스닥,기계장비 및 관련 물품 도매업,자일링스(Xilinx)비메모리반도체(PLDchip)유통,28100.0,21709.0,611761200.0,0.5400000214576721,13657000.0,1.4700000286102295,-3738.0,-105730550.0,3694.0,104549900.0,-172.0,-4904150.0,-2.0,-54550.0,0.0,0.0,0.0,0.0,0.0,0.0,0.0,0.0,-170.0,-4849600.0,-80.0,-2292000.0,296.0,8376800.0
100590,머큐리,코스닥,통신 및 방송 장비 제조업,"AP 단말기, 광섬유 및 광케이블, 위성통신 전송장비",3750.0,88424.0,334732136.0,0.4000000059604645,11729100.0,3.5,-6573.0,-24569426.0,6792.0,25395831.0,-218.0,-822645.0,-218.0,-822645.0,0.0,0.0,0.0,0.0,0.0,0.0,0.0,0.0,0.0,0.0,0.0,0.0,-1.0,-3760.0
067280,멀티캠퍼스,코스닥,기타 교육기관,성인/기업전문 교육서비스,23800.0,2310.0,54635525.0,-0.41999998688697815,4035100.0,7.389999866485596,410.0,9758950.0,-414.0,-9854000.0,0.0,50.0,0.0,50.0,0.0,0.0,0.0,0.0,0.0,0.0,0.0,0.0,0.0,0.0,0.0,0.0,4.0,95000.0
072870,메가스터디,코스닥,"서적, 잡지 및 기타 인쇄물 출판업","온라인강의,교재판매",13150.0,28256.0,367550555.0,-0.15000000596046448,156540.0,0.03999999910593033,9253.0,120379110.0,-9279.0,-120733060.0,-399.0,-5181600.0,-414.0,-5376590.0,0.0,0.0,0.0,0.0,0.0,0.0,0.0,0.0,15.0,194990.0,425.0,5535550.0,0.0,0.0
215200,메가스터디교육,코스닥,일반 교습 학원,"오프라인 학원, 온라인 강의",36350.0,33812.0,1218643700.0,2.390000104904175,60539425.0,3.690000057220459,-3700.0,-136336075.0,-1384.0,-46235150.0,5036.0,180847250.0,4875.0,175071200.0,0.0,0.0,-54.0,-1958650.0,0.0,0.0,0.0,0.0,215.0,7734700.0,9.0,319000.0,39.0,1404975.0
133750,메가엠디,코스닥,일반 교습 학원,"의학, 치의학, 법학 전문대학원, 약학대학 입학시험 대비 강의",1458.0,17172.0,24800756.0,0.07000000029802322,92172.0,0.3700000047683716,-8390.0,-12145344.0,-503.0,-723086.0,5674.0,8244322.0,0.0,0.0,0.0,0.0,0.0,0.0,0.0,0.0,0.0,0.0,5674.0,8244322.0,3219.0,4624108.0,0.0,0.0
446540,메가터치,코스닥,일차전지 및 이차전지 제조업,"배터리 핀, 반도체 핀",7150.0,350761.0,2655699865.0,-8.800000190734863,31574930.0,1.190000057220459,48753.0,367909265.0,10646.0,77632465.0,-56409.0,-420110220.0,-9800.0,-73025280.0,0.0,0.0,-21647.0,-161311060.0,0.0,0.0,0.0,0.0,-24962.0,-185773880.0,-3002.0,-25522610.0,12.0,91100.0
235980,메드팩토,코스닥,자연과학 및 공학 연구개발업,항암제 신약개발,2590.0,348594.0,917665549.0,6.369999885559082,29113365.0,3.1700000762939453,19964.0,52650660.0,12110.0,31024965.0,-26135.0,-68719440.0,-26135.0,-68719440.0,0.0,0.0,0.0,0.0,0.0,0.0,0.0,0.0,0.0,0.0,-4608.0,-11523705.0,-1331.0,-3432480.0
041920,메디아나,코스닥,의료용 기기 제조업,"환자감시장치, 자동심장 제세동기(AED)",9220.0,38610.0,350308110.0,3.4800000190734863,1337830.0,0.3799999952316284,1157.0,9680230.0,-243.0,-1307360.0,-23.0,-210020.0,-23.0,-210020.0,0.0,0.0,0.0,0.0,0.0,0.0,0.0,0.0,0.0,0.0,-98.0,-900910.0,-793.0,-7261940.0
014100,메디앙스,코스닥,상품 종합 도매업,"누크, 비비생활용품, 비앙또마망, 지에닉, 닥터 아토피스",1723.0,7801.0,13317732.0,1.059999942779541,67806.0,0.5099999904632568,1851.0,3152047.0,-3475.0,-5950204.0,230.0,392150.0,230.0,392150.0,0.0,0.0,0.0,0.0,0.0,0.0,0.0,0.0,0.0,0.0,1394.0,2406007.0,0.0,0.0
054180,메디콕스,코스닥,선박 및 보트 건조업,XML/SGML 관련 제품 및 솔루션,2295.0,0.0,0.0,0.0,0.0,0.0,0.0,0.0,0.0,0.0,0.0,0.0,0.0,0.0,0.0,0.0,0.0,0.0,0.0,0.0,0.0,0.0,0.0,0.0,0.0,0.0,0.0,0.0
086900,메디톡스,코스닥,기초 의약물질 제조업,"의약품원료(A형,B형 보툴리늄독소 단백질치료제) 제조,연구,개발",71000.0,36576.0,2568143800.0,3.799999952316284,337513200.0,11.359999656677246,-391.0,-29904550.0,-2748.0,-189747000.0,3114.0,217887450.0,3445.0,241054700.0,0.0,0.0,0.0,0.0,0.0,0.0,0.0,0.0,-331.0,-23167250.0,25.0,1764100.0,0.0,0.0
078160,메디포스트,코스닥,기초 의약물질 제조업,제대혈은행,9540.0,84554.0,815057070.0,-0.6299999952316284,30221890.0,2.180000066757202,24617.0,236866730.0,-25107.0,-241472480.0,140.0,1237820.0,140.0,1237820.0,0.0,0.0,0.0,0.0,0.0,0.0,0.0,0.0,0.0,0.0,0.0,0.0,350.0,3367930.0
0088D0,메리츠제1호스팩,코스닥,금융 지원 서비스업,기업인수합병,2055.0,9312.0,19093160.0,-0.9599999785423279,0.0,0.0,746.0,1539730.0,-334.0,-693070.0,0.0,0.0,0.0,0.0,0.0,0.0,0.0,0.0,0.0,0.0,0.0,0.0,0.0,0.0,0.0,0.0,-412.0,-846660.0
0165X0,메리츠제2호스팩,코스닥,금융 지원 서비스업,금융 지원 서비스업,1946.0,7257.0,14113555.0,0.0,0.0,0.0,-588.0,-1146347.0,-2362.0,-4594353.0,3000.0,5838000.0,0.0,0.0,0.0,0.0,3000.0,5838000.0,0.0,0.0,0.0,0.0,0.0,0.0,0.0,0.0,-50.0,-97300.0
408920,메쎄이상,코스닥,기타 사업지원 서비스업,"전시주최, 컨벤션 및 행사 대행업",3125.0,8004.0,24746235.0,3.309999942779541,216395.0,0.8700000047683716,-1630.0,-5029940.0,1630.0,5029940.0,0.0,0.0,0.0,0.0,0.0,0.0,0.0,0.0,0.0,0.0,0.0,0.0,0.0,0.0,0.0,0.0,0.0,0.0
021880,메이슨캐피탈,코스닥,기타 금융업,리스수입,1281.0,35208.0,44943935.0,0.550000011920929,0.0,0.0,10593.0,13449724.0,-10593.0,-13449724.0,0.0,0.0,0.0,0.0,0.0,0.0,0.0,0.0,0.0,0.0,0.0,0.0,0.0,0.0,0.0,0.0,0.0,0.0
0088M0,메쥬,코스닥,의료용 기기 제조업,웨어러블 패치형 환자 감시장치(HiCardi),13330.0,260679.0,3434849890.0,13.930000305175781,6086650.0,0.18000000715255737,11438.0,146665200.0,-7362.0,-93355300.0,-5270.0,-70651410.0,-2487.0,-33781870.0,0.0,0.0,697.0,9265810.0,0.0,0.0,0.0,0.0,-3480.0,-46135350.0,1026.0,15058000.0,168.0,2283510.0
140410,메지온,코스닥,자연과학 및 공학 연구개발업,"발기부전증치료제, 전립선비대증치료제",63800.0,68395.0,4424010400.0,-0.7799999713897705,815860900.0,18.440000534057617,21106.0,1367225100.0,-19982.0,-1294391700.0,-881.0,-56912700.0,2.0,131900.0,0.0,0.0,1.0,65900.0,0.0,0.0,0.0,0.0,-884.0,-57110500.0,-233.0,-15280700.0,-10.0,-640000.0
241770,메카로,코스닥,반도체 제조업,반도체용 전구체 및 히터블록,36950.0,13926.0,515258600.0,-0.27000001072883606,79334700.0,13.119999885559082,1622.0,60318750.0,-1384.0,-51390650.0,-423.0,-15761400.0,-423.0,-15761400.0,0.0,0.0,0.0,0.0,0.0,0.0,0.0,0.0,0.0,0.0,0.0,0.0,185.0,6833300.0
059210,메타바이오메드,코스닥,의료용품 및 기타 의약 관련제품 제조업,"생체분해성봉합사,근관충전재",4020.0,70576.0,282919047.0,-0.25,734615.0,0.25999999046325684,23628.0,94292410.0,-23628.0,-94284410.0,0.0,0.0,0.0,0.0,0.0,0.0,0.0,0.0,0.0,0.0,0.0,0.0,0.0,0.0,0.0,-8000.0,0.0,0.0
058110,멕아이씨에스,코스닥,의료용 기기 제조업,인공호흡기,1784.0,30033.0,52525022.0,-0.6100000143051147,1955099.0,3.7200000286102295,-5686.0,-9617629.0,4700.0,7874381.0,986.0,1743248.0,986.0,1743248.0,0.0,0.0,0.0,0.0,0.0,0.0,0.0,0.0,0.0,0.0,0.0,0.0,0.0,0.0
072770,멤레이비티,코스닥,"컴퓨터 프로그래밍, 시스템 통합 및 관리업",무선인터넷플랫폼,837.0,104288.0,86122496.0,-0.5899999737739563,368667.0,0.4300000071525574,-2253.0,-1712226.0,3058.0,2381566.0,0.0,0.0,0.0,0.0,0.0,0.0,0.0,0.0,0.0,0.0,0.0,0.0,0.0,0.0,-605.0,-500940.0,-200.0,-168400.0
434480,모니터랩,코스닥,소프트웨어 개발 및 공급업,"웹방화벽,유해사이트솔루션,가시성SSL 솔루션, SASE플랫폼기반 SECaaS",2680.0,26030.0,69034270.0,2.0999999046325684,3991545.0,5.78000020980835,-12678.0,-33473605.0,13165.0,34803475.0,0.0,-34440.0,0.0,-34440.0,0.0,0.0,0.0,0.0,0.0,0.0,0.0,0.0,0.0,0.0,0.0,0.0,-487.0,-1295430.0
080420,모다이노칩,코스닥,"섬유, 의복, 신발 및 가죽제품 소매업","ESD필터,칩바리스터",1640.0,3888.0,6445985.0,-1.7400000095367432,514903.0,7.989999771118164,1155.0,1944502.0,-1155.0,-1944502.0,0.0,0.0,0.0,0.0,0.0,0.0,0.0,0.0,0.0,0.0,0.0,0.0,0.0,0.0,0.0,0.0,0.0,0.0
417970,모델솔루션,코스닥,특수 목적용 기계 제조업,"하이엔드 프로토타입 제조, 다품종 소량생산 서비스",10920.0,4188.0,45134315.0,2.5399999618530273,184990.0,0.4099999964237213,823.0,8835170.0,-828.0,-8888630.0,1.0,10700.0,1.0,10700.0,0.0,0.0,0.0,0.0,0.0,0.0,0.0,0.0,0.0,0.0,6.0,64240.0,-2.0,-21480.0
080160,모두투어,코스닥,여행사 및 기타 여행보조 서비스업,"항공권판매수수료,해외여행알선",8780.0,33356.0,295376960.0,0.6899999976158142,14877490.0,5.039999961853027,-5679.0,-50521905.0,-4318.0,-38427415.0,-1753.0,-15563080.0,-1753.0,-15563080.0,0.0,0.0,0.0,0.0,0.0,0.0,0.0,0.0,0.0,0.0,11750.0,104512400.0,0.0,0.0
087260,모바일어플라이언스,코스닥,소프트웨어 개발 및 공급업,"블랙박스, 내비게이션, HUD, ADAS",247.0,0.0,0.0,0.0,0.0,0.0,0.0,0.0,0.0,0.0,0.0,0.0,0.0,0.0,0.0,0.0,0.0,0.0,0.0,0.0,0.0,0.0,0.0,0.0,0.0,0.0,0.0,0.0
101330,모베이스,코스닥,통신 및 방송 장비 제조업,휴대전화 케이스,3470.0,54595.0,189133565.0,0.5799999833106995,101030.0,0.05000000074505806,9873.0,34004380.0,-9916.0,-34153805.0,0.0,0.0,0.0,0.0,0.0,0.0,0.0,0.0,0.0,0.0,0.0,0.0,0.0,0.0,0.0,0.0,43.0,149425.0
012860,모베이스전자,코스닥,자동차 신품 부품 제조업,"스마트키,스위치",2385.0,326449.0,780380082.0,-0.6299999952316284,1099815.0,0.14000000059604645,75005.0,179085862.0,-77731.0,-185555967.0,2226.0,5285105.0,2226.0,5285105.0,0.0,0.0,0.0,0.0,0.0,0.0,0.0,0.0,0.0,0.0,0.0,0.0,500.0,1185000.0
363260,모비데이즈,코스닥,광고업,기업인수합병,916.0,91905.0,84276604.0,3.390000104904175,45878.0,0.05000000074505806,-42557.0,-39108803.0,-10602.0,-9794451.0,55000.0,50569343.0,55000.0,50569343.0,0.0,0.0,0.0,0.0,0.0,0.0,0.0,0.0,0.0,0.0,-1842.0,-1667005.0,1.0,916.0
348030,모비릭스,코스닥,소프트웨어 개발 및 공급업,모바일 게임 개발 및 퍼블리싱,3135.0,54590.0,171031051.0,0.47999998927116394,6359165.0,3.7200000286102295,-29045.0,-92047240.0,1544.0,4905820.0,29501.0,93096025.0,29501.0,93096025.0,0.0,0.0,0.0,0.0,0.0,0.0,0.0,0.0,0.0,0.0,-2000.0,-5954605.0,0.0,0.0
250060,모비스,코스닥,"컴퓨터 프로그래밍, 시스템 통합 및 관리업",핵융합 제어솔루션 및 스마트팩토리 통합솔루션,2835.0,92849.0,262303211.0,2.7200000286102295,726690.0,0.2800000011920929,9427.0,26621400.0,-9966.0,-28151735.0,0.0,0.0,0.0,0.0,0.0,0.0,0.0,0.0,0.0,0.0,0.0,0.0,0.0,0.0,423.0,1203100.0,116.0,327235.0
288980,모아데이타,코스닥,소프트웨어 개발 및 공급업,인공지능 기반 ICT 시스템 이상탐지 및 예측 솔루션,563.0,2431709.0,1446697752.0,-29.979999542236328,2295865.0,0.1599999964237213,108607.0,72582589.0,-83201.0,-57947917.0,0.0,0.0,0.0,0.0,0.0,0.0,0.0,0.0,0.0,0.0,0.0,0.0,0.0,0.0,-29405.0,-17090218.0,3999.0,2455546.0
142760,모아라이프플러스,코스닥,자연과학 및 공학 연구개발업,"자궁경부상피이형증 치료제, 자궁경부전암 치료백신",349.0,0.0,0.0,0.0,0.0,0.0,0.0,0.0,0.0,0.0,0.0,0.0,0.0,0.0,0.0,0.0,0.0,0.0,0.0,0.0,0.0,0.0,0.0,0.0,0.0,0.0,0.0,0.0
033200,모아텍,코스닥,전자부품 제조업,위치제어용초정및소형모터,2580.0,4149.0,10682350.0,2.380000114440918,15405.0,0.14000000059604645,2915.0,7508320.0,-2910.0,-7495440.0,0.0,0.0,0.0,0.0,0.0,0.0,0.0,0.0,0.0,0.0,0.0,0.0,0.0,0.0,0.0,0.0,-5.0,-12880.0
118990,모트렉스,코스닥,자동차 신품 부품 제조업,차량용 인포테인먼트,5770.0,216206.0,1214468230.0,10.539999961853027,100364250.0,8.260000228881836,-18296.0,-107377055.0,362.0,6351260.0,17163.0,96646225.0,5320.0,30031400.0,0.0,0.0,0.0,0.0,0.0,0.0,5000.0,27750000.0,6843.0,38864825.0,790.0,4476320.0,-19.0,-96750.0
463480,모티브링크,코스닥,전자부품 제조업,"EV용 Main Transformer, EV용 Line Filter",4130.0,11556.0,47249475.0,6.309999942779541,247235.0,0.5199999809265137,-483.0,-1783370.0,483.0,1783370.0,0.0,0.0,0.0,0.0,0.0,0.0,0.0,0.0,0.0,0.0,0.0,0.0,0.0,0.0,0.0,0.0,0.0,0.0
006920,모헨즈,코스닥,"시멘트, 석회, 플라스터 및 그 제품 제조업",레미콘,3280.0,106049.0,345548585.0,2.3399999141693115,40945715.0,11.850000381469727,25792.0,84897020.0,-25792.0,-84876420.0,0.0,-20600.0,0.0,-20600.0,0.0,0.0,0.0,0.0,0.0,0.0,0.0,0.0,0.0,0.0,0.0,0.0,0.0,0.0
001810,무림SP,코스닥,"펄프, 종이 및 판지 제조업","아트지,CCP지",1190.0,19227.0,22324786.0,0.9300000071525574,0.0,0.0,-2846.0,-3270095.0,646.0,738692.0,0.0,0.0,0.0,0.0,0.0,0.0,0.0,0.0,0.0,0.0,0.0,0.0,0.0,0.0,2200.0,2531403.0,0.0,0.0
279600,미디어젠,코스닥,소프트웨어 개발 및 공급업,음성인식 소프트웨어 기술개발,3820.0,3949.0,14529300.0,1.8700000047683716,15110.0,0.10000000149011612,896.0,3316390.0,-896.0,-3316390.0,0.0,0.0,0.0,0.0,0.0,0.0,0.0,0.0,0.0,0.0,0.0,0.0,0.0,0.0,0.0,0.0,0.0,0.0
095500,미래나노텍,코스닥,플라스틱제품 제조업,LCDBLU용광학필름,6990.0,76058.0,529466140.0,2.7899999618530273,34838030.0,4.130000114440918,-12414.0,-86160915.0,14512.0,100833545.0,-2063.0,-14428160.0,-2063.0,-14428160.0,0.0,0.0,0.0,0.0,0.0,0.0,0.0,0.0,0.0,0.0,0.0,0.0,-35.0,-244470.0
254490,미래반도체,코스닥,기타 전문 도매업,반도체,16300.0,59612.0,966863150.0,3.759999990463257,8604720.0,0.8899999856948853,-9948.0,-162400615.0,9777.0,159636895.0,0.0,-50.0,0.0,-50.0,0.0,0.0,0.0,0.0,0.0,0.0,0.0,0.0,0.0,0.0,-5.0,-82150.0,176.0,2845920.0
218150,미래생명자원,코스닥,동물용 사료 및 조제식품 제조업,동물용 사료 및 조제식품 제조업,2065.0,170583.0,348949385.0,1.7200000286102295,2075010.0,0.5899999737739563,-9013.0,-18407674.0,11076.0,22589364.0,1.0,2030.0,1.0,2030.0,0.0,0.0,0.0,0.0,0.0,0.0,0.0,0.0,0.0,0.0,0.0,0.0,-2064.0,-4183720.0
100790,미래에셋벤처투자,코스닥,기타 금융업,중소기업 창업투자 관련 고유계정/투자조합 관련 수익,15730.0,360174.0,5630013850.0,1.8799999952316284,141585230.0,2.509999990463257,-25612.0,-403219140.0,21345.0,336347275.0,3351.0,52609785.0,3297.0,51762790.0,-11.0,-172210.0,65.0,1019205.0,0.0,0.0,0.0,0.0,0.0,0.0,-54.0,-847860.0,970.0,15109940.0
0097F0,미래에셋비전스팩10호,코스닥,금융 지원 서비스업,기업인수합병,1976.0,10149.0,20019788.0,-0.4000000059604645,0.0,0.0,1824.0,3598766.0,50.0,98746.0,-1874.0,-3697512.0,3126.0,6169777.0,0.0,0.0,0.0,0.0,0.0,0.0,0.0,0.0,-5000.0,-9867289.0,0.0,0.0,0.0,0.0
0099W0,미래에셋비전스팩11호,코스닥,금융 지원 서비스업,기업인수합병,1975.0,12503.0,24640953.0,-0.10000000149011612,0.0,0.0,5404.0,10649118.0,-49.0,-96647.0,-5355.0,-10552471.0,2000.0,3948391.0,0.0,0.0,0.0,0.0,0.0,0.0,0.0,0.0,-7355.0,-14500862.0,0.0,0.0,0.0,0.0
477380,미래에셋비전스팩4호,코스닥,금융 지원 서비스업,기업인수목적회사(기타금융서비스),2065.0,39907.0,82415447.0,0.0,0.0,0.0,5358.0,11064270.0,-87.0,-179655.0,-5271.0,-10884615.0,0.0,0.0,0.0,0.0,0.0,0.0,0.0,0.0,0.0,0.0,-5271.0,-10884615.0,0.0,0.0,0.0,0.0
477470,미래에셋비전스팩5호,코스닥,금융 지원 서비스업,기업인수합병,2060.0,4305.0,8866390.0,0.0,0.0,0.0,3166.0,6521960.0,-7.0,-14420.0,-3159.0,-6507540.0,0.0,0.0,0.0,0.0,0.0,0.0,0.0,0.0,0.0,0.0,-3159.0,-6507540.0,0.0,0.0,0.0,0.0
478440,미래에셋비전스팩6호,코스닥,금융 지원 서비스업,기업인수합병,2045.0,21077.0,43145700.0,0.25,0.0,0.0,15360.0,31436455.0,-6373.0,-13064600.0,-8987.0,-18371855.0,13.0,26650.0,0.0,0.0,0.0,0.0,0.0,0.0,0.0,0.0,-9000.0,-18398505.0,0.0,0.0,0.0,0.0
482680,미래에셋비전스팩7호,코스닥,금융 지원 서비스업,기업인수합병,2055.0,0.0,0.0,0.0,0.0,0.0,0.0,0.0,0.0,0.0,0.0,0.0,0.0,0.0,0.0,0.0,0.0,0.0,0.0,0.0,0.0,0.0,0.0,0.0,0.0,0.0,0.0,0.0
0093G0,미래에셋비전스팩8호,코스닥,금융 지원 서비스업,기업인수합병,1984.0,5642.0,11175520.0,-0.20000000298023224,0.0,0.0,5000.0,9903684.0,0.0,47.0,-5000.0,-9903731.0,0.0,0.0,0.0,0.0,0.0,0.0,0.0,0.0,0.0,0.0,-5000.0,-9903731.0,0.0,0.0,0.0,0.0
0096D0,미래에셋비전스팩9호,코스닥,금융 지원 서비스업,기업인수합병,1972.0,12954.0,25443206.0,-0.3499999940395355,0.0,0.0,4256.0,8356523.0,46.0,90307.0,-4302.0,-8446830.0,0.0,0.0,0.0,0.0,0.0,0.0,0.0,0.0,0.0,0.0,-4302.0,-8446830.0,0.0,0.0,0.0,0.0
049950,미래컴퍼니,코스닥,특수 목적용 기계 제조업,EdgeGrinder,11190.0,17561.0,196111445.0,0.18000000715255737,851570.0,0.4300000071525574,2934.0,32649385.0,-2933.0,-32638935.0,-1.0,-10450.0,-1.0,-10450.0,0.0,0.0,0.0,0.0,0.0,0.0,0.0,0.0,0.0,0.0,0.0,0.0,0.0,0.0
207760,미스터블루,코스닥,기타 정보 서비스업,"온라인 만화 콘텐츠 서비스 및 제공, 만화 출판",384.0,0.0,0.0,0.0,0.0,0.0,0.0,0.0,0.0,0.0,0.0,0.0,0.0,0.0,0.0,0.0,0.0,0.0,0.0,0.0,0.0,0.0,0.0,0.0,0.0,0.0,0.0,0.0
059090,미코,코스닥,반도체 제조업,반도체 및 디스플레이 부품 제조,18580.0,226502.0,4102191910.0,7.400000095367432,347020620.0,5.130000114440918,-65778.0,-1199951280.0,47335.0,864709380.0,18913.0,343656080.0,173.0,3026430.0,2324.0,42298970.0,8160.0,148556680.0,0.0,0.0,3256.0,59294780.0,5000.0,90479220.0,-162.0,-2935810.0,-308.0,-5478370.0
201490,미투온,코스닥,소프트웨어 개발 및 공급업,소셜 카지노 게임,2370.0,1720180.0,4174975281.0,6.760000228881836,139714430.0,3.3499999046325684,-49267.0,-107749083.0,48925.0,106629875.0,46.0,86075.0,46.0,86075.0,0.0,0.0,0.0,0.0,0.0,0.0,0.0,0.0,0.0,0.0,-40.0,170738.0,336.0,862395.0
475460,미트박스,코스닥,기타 정보 서비스업,축산물 도소매 판매 및 중개,6170.0,3656.0,22239900.0,0.6499999761581421,0.0,0.0,-1018.0,-6205440.0,481.0,2932740.0,0.0,0.0,0.0,0.0,0.0,0.0,0.0,0.0,0.0,0.0,0.0,0.0,0.0,0.0,537.0,3272700.0,0.0,0.0
452200,민테크,코스닥,"측정, 시험, 항해, 제어 및 기타 정밀기기 제조업; 광학기기 제외","배터리 진단시스템, 배터리 시스템, 충방전 검사장비",1600.0,58839.0,94559992.0,1.0099999904632568,1505164.0,1.590000033378601,-9360.0,-14919850.0,9370.0,14935890.0,0.0,0.0,0.0,0.0,0.0,0.0,0.0,0.0,0.0,0.0,0.0,0.0,0.0,0.0,0.0,0.0,-10.0,-16040.0
206640,바디텍메드,코스닥,의료용품 및 기타 의약 관련제품 제조업,면역진단기기 및 카트리지,10450.0,11727.0,122511510.0,2.450000047683716,5491990.0,2.7200000286102295,3193.0,33381560.0,-2941.0,-30763190.0,-336.0,-3490910.0,-32.0,-333780.0,0.0,0.0,0.0,0.0,0.0,0.0,-304.0,-3157130.0,0.0,0.0,-44.0,-468360.0,128.0,1340900.0
035620,바른손이앤에이,코스닥,"영화, 비디오물, 방송프로그램 제작 및 배급업",영화 및 콘텐츠 투자배급,728.0,266749.0,201441596.0,3.259999990463257,492766.0,0.23999999463558197,-25887.0,-19637831.0,-18307.0,-13997052.0,44194.0,33634883.0,44194.0,33634883.0,0.0,0.0,0.0,0.0,0.0,0.0,0.0,0.0,0.0,0.0,0.0,0.0,0.0,0.0
053030,바이넥스,코스닥,의약품 제조업,"정장제, 소화제",7090.0,554852.0,3925610950.0,7.909999847412109,154558400.0,2.2899999618530273,77401.0,554986860.0,-99495.0,-709297425.0,17723.0,122453285.0,80.0,555100.0,0.0,0.0,535.0,3772715.0,0.0,0.0,17108.0,118125470.0,0.0,0.0,4208.0,30708290.0,163.0,1148990.0
301300,바이브컴퍼니,코스닥,소프트웨어 개발 및 공급업,"소셜 빅데이터 기반 인공지능 서비스 (소셜메트릭스), 문제 해결 솔루션 (AI Solver)",2010.0,11379.0,23217070.0,-1.2300000190734863,1347495.0,5.800000190734863,4698.0,9645815.0,-6252.0,-12795260.0,0.0,0.0,0.0,0.0,0.0,0.0,0.0,0.0,0.0,0.0,0.0,0.0,0.0,0.0,0.0,0.0,1554.0,3149445.0
064550,바이오니아,코스닥,의료용품 및 기타 의약 관련제품 제조업,"합성유전자,시약및유전자분석장비",9500.0,2065842.0,19714443060.0,3.369999885559082,0.0,0.0,204449.0,2035773960.0,-166838.0,-1678327945.0,-67.0,-1523870.0,-180.0,-2661230.0,113.0,1137360.0,0.0,0.0,0.0,0.0,0.0,0.0,0.0,0.0,-43737.0,-415964640.0,6193.0,60042495.0
314930,바이오다인,코스닥,의료용 기기 제조업,액상세포검사 장비 및 소모품,7380.0,36789.0,266341680.0,-0.9399999976158142,9875020.0,2.2300000190734863,514.0,3904420.0,11568.0,83204110.0,-12373.0,-89225470.0,29.0,215220.0,0.0,0.0,-2968.0,-21401000.0,0.0,0.0,0.0,0.0,-9434.0,-68039690.0,101.0,730180.0,190.0,1386760.0
489460,바이오비쥬,코스닥,기타 화학제품 제조업,스킨부스터 제품 및 필러,11050.0,97121.0,1094727780.0,-2.809999942779541,19520110.0,1.7799999713897705,19518.0,220393780.0,-26299.0,-297495655.0,-950.0,-10565290.0,-950.0,-10565290.0,0.0,0.0,0.0,0.0,0.0,0.0,0.0,0.0,0.0,0.0,7731.0,87667165.0,0.0,0.0
086820,바이오솔루션,코스닥,기초 의약물질 제조업,"세포치료제, 인체조직모델 등",6970.0,80219.0,553942640.0,4.650000095367432,0.0,0.0,9698.0,67625465.0,-10196.0,-70957145.0,0.0,-9110.0,0.0,-9110.0,0.0,0.0,0.0,0.0,0.0,0.0,0.0,0.0,0.0,0.0,500.0,3354550.0,-2.0,-13760.0
038460,바이오스마트,코스닥,전자부품 제조업,"M/S 카드제조업, IC 카드제조, 카드장비판매",2625.0,102136.0,266498430.0,2.940000057220459,128815.0,0.05000000074505806,6628.0,17140260.0,-6632.0,-17150775.0,0.0,0.0,0.0,0.0,0.0,0.0,0.0,0.0,0.0,0.0,0.0,0.0,0.0,0.0,0.0,0.0,4.0,10515.0
251120,바이오에프디엔씨,코스닥,기초 의약물질 제조업,식물세포 유래 유효물질 및 약리물질,9000.0,12364.0,111867140.0,0.6700000166893005,3295620.0,2.950000047683716,5838.0,52647490.0,-5844.0,-52722360.0,4.0,57270.0,4.0,57270.0,0.0,0.0,0.0,0.0,0.0,0.0,0.0,0.0,0.0,0.0,2.0,17600.0,0.0,0.0
199730,바이오인프라,코스닥,자연과학 및 공학 연구개발업,"생동성시험, 검체 분석",1606.0,426242.0,763195029.0,2.819999933242798,10362840.0,1.3600000143051147,15363.0,36658072.0,-15423.0,-36518237.0,-440.0,-834010.0,-440.0,-834188.0,0.0,0.0,0.0,178.0,0.0,0.0,0.0,0.0,0.0,0.0,500.0,694175.0,0.0,0.0
086040,바이오톡스텍,코스닥,자연과학 및 공학 연구개발업,"안전성평가, 유효성평가",2310.0,19138.0,43469770.0,4.519999980926514,6780.0,0.019999999552965164,-2417.0,-5419935.0,2417.0,5419935.0,0.0,0.0,0.0,0.0,0.0,0.0,0.0,0.0,0.0,0.0,0.0,0.0,0.0,0.0,0.0,0.0,0.0,0.0
188040,바이오포트,코스닥,기타 식품 제조업,"후라이드오징어튀김, 유자생강차 등 스낵 및 음료",4995.0,4177.0,21266995.0,-2.440000057220459,66690.0,0.3100000023841858,244.0,1234030.0,-203.0,-1024960.0,0.0,0.0,0.0,0.0,0.0,0.0,0.0,0.0,0.0,0.0,0.0,0.0,0.0,0.0,-41.0,-209070.0,0.0,0.0
099430,바이오플러스,코스닥,기초 의약물질 제조업,"생체재료 개질 기술을 사용한 히알루론산(HA) 기반 더말필러, 유착방지제 및 그 응용제품",3475.0,302553.0,1063321458.0,-0.14000000059604645,52960230.0,4.980000019073486,91339.0,316309315.0,-16170.0,-53067780.0,-42.0,-176595.0,291.0,1017855.0,0.0,0.0,0.0,0.0,0.0,0.0,0.0,0.0,-333.0,-1194450.0,-75078.0,-262895400.0,-49.0,-169540.0
308080,바이젠셀,코스닥,자연과학 및 공학 연구개발업,"면역세포치료제 (면역항암제, 면역조절치료제 등)",5760.0,83372.0,489320980.0,0.0,3732880.0,0.7599999904632568,-9193.0,-53024430.0,9147.0,52764490.0,0.0,-6880.0,0.0,-6880.0,0.0,0.0,0.0,0.0,0.0,0.0,0.0,0.0,0.0,0.0,0.0,0.0,46.0,266820.0
043150,바텍,코스닥,의료용 기기 제조업,"치과용 디지털 X-ray기기 (파노라마, CT) 및 구강스캐너 등",19390.0,82219.0,1574330560.0,1.0399999618530273,25829850.0,1.350000023841858,18717.0,358055320.0,329.0,5691840.0,-19079.0,-364380110.0,-201.0,-3376630.0,-170.0,-3269550.0,-15.0,-289110.0,0.0,0.0,0.0,0.0,-18693.0,-357444820.0,52.0,994760.0,-19.0,-361810.0
323990,박셀바이오,코스닥,자연과학 및 공학 연구개발업,"항암면역세포치료제(자연살해세포, 수지상세포, CAR-T 및 인터루킨 기반 항암제)",4205.0,104896.0,440181057.0,4.46999979019165,30382220.0,6.900000095367432,8827.0,38946518.0,-8949.0,-39418003.0,24.0,53910.0,24.0,53910.0,0.0,0.0,0.0,0.0,0.0,0.0,0.0,0.0,0.0,0.0,0.0,0.0,98.0,417575.0
323990,박셀바이오,코스닥,자연과학 및 공학 연구개발업,"항암면역세포치료제(자연살해세포, 수지상세포, CAR-T 및 인터루킨 기반 항암제)",4205.0,104896.0,440181057.0,4.46999979019165,30382220.0,6.900000095367432,8827.0,38946518.0,-8949.0,-39418003.0,24.0,53910.0,24.0,53910.0,0.0,0.0,0.0,0.0,0.0,0.0,0.0,0.0,0.0,0.0,0.0,0.0,98.0,417575.0
267790,배럴,코스닥,봉제의복 제조업,래쉬가드 및 워터스포츠 등,3395.0,12656.0,42083100.0,2.569999933242798,247420.0,0.5899999737739563,-3145.0,-10851245.0,-432.0,-1489680.0,0.0,0.0,0.0,0.0,0.0,0.0,0.0,0.0,0.0,0.0,0.0,0.0,0.0,0.0,3577.0,12340925.0,0.0,0.0
046310,백금T&A,코스닥,통신 및 방송 장비 제조업,레이더디텍터,2335.0,47187.0,109915575.0,1.0800000429153442,5105310.0,4.639999866485596,-29196.0,-68084275.0,-8780.0,-20481500.0,37976.0,88565775.0,17976.0,41927310.0,0.0,0.0,20000.0,46638465.0,0.0,0.0,0.0,0.0,0.0,0.0,0.0,0.0,0.0,0.0
331520,밸로프,코스닥,소프트웨어 개발 및 공급업,기업인수합병,2600.0,19916.0,51330750.0,0.1899999976158142,0.0,0.0,5934.0,15287020.0,-5358.0,-13808820.0,0.0,0.0,0.0,0.0,0.0,0.0,0.0,0.0,0.0,0.0,0.0,0.0,0.0,0.0,-500.0,-1282500.0,-76.0,-195700.0
199480,뱅크웨어글로벌,코스닥,소프트웨어 개발 및 공급업,국내외 은행 및 금융기업 대상 코어뱅킹 소프트웨어,3835.0,97419.0,371978723.0,0.9200000166893005,0.0,0.0,-10926.0,-40589627.0,-6722.0,-25999258.0,0.0,0.0,0.0,0.0,0.0,0.0,0.0,0.0,0.0,0.0,0.0,0.0,0.0,0.0,18000.0,67967635.0,-352.0,-1378750.0
438700,버넥트,코스닥,소프트웨어 개발 및 공급업,산업용 XR 솔루션,1869.0,23311.0,42794450.0,2.4100000858306885,0.0,0.0,-1717.0,-3184262.0,2217.0,4102491.0,0.0,-5460.0,0.0,-5460.0,0.0,0.0,0.0,0.0,0.0,0.0,0.0,0.0,0.0,0.0,-500.0,-912769.0,0.0,0.0
066410,버킷스튜디오,코스닥,전기 통신업,DVD타이틀,1153.0,0.0,0.0,0.0,0.0,0.0,0.0,0.0,0.0,0.0,0.0,0.0,0.0,0.0,0.0,0.0,0.0,0.0,0.0,0.0,0.0,0.0,0.0,0.0,0.0,0.0,0.0,0.0
382900,범한퓨얼셀,코스닥,"전동기, 발전기 및 전기 변환 · 공급 · 제어 장치 제조업","잠수함용 연료전지모듈, 건물용 연료전지 시스템, 수소충전소 구축",17300.0,25050.0,436067185.0,-0.28999999165534973,17058320.0,2.049999952316284,-2960.0,-52192350.0,2961.0,52209380.0,-6.0,-103280.0,-6.0,-103280.0,0.0,0.0,0.0,0.0,0.0,0.0,0.0,0.0,0.0,0.0,0.0,0.0,5.0,86250.0
206400,베노티앤알,코스닥,실내건축 및 건축마무리 공사업,"웹게임, 모바일게임",980.0,57301.0,55513770.0,-2.2899999618530273,1384630.0,2.490000009536743,-7982.0,-7603597.0,7982.0,7656845.0,0.0,-53248.0,0.0,-53248.0,0.0,0.0,0.0,0.0,0.0,0.0,0.0,0.0,0.0,0.0,0.0,0.0,0.0,0.0
019010,베뉴지,코스닥,종합 소매업,"백화점,예식장업",5250.0,4214084.0,23131139960.0,1.350000023841858,272487040.0,1.1799999475479126,99763.0,548204985.0,-91709.0,-505175575.0,1660.0,8629020.0,1660.0,8629020.0,0.0,0.0,0.0,0.0,0.0,0.0,0.0,0.0,0.0,0.0,-3000.0,-16089240.0,-6714.0,-35569190.0
177350,베셀,코스닥,플라스틱제품 제조업,디스플레이 제조장비,1716.0,407225.0,682507617.0,9.229999542236328,1122046.0,0.1599999964237213,-84886.0,-144534361.0,43917.0,75448906.0,41041.0,69385998.0,41041.0,69385998.0,0.0,0.0,0.0,0.0,0.0,0.0,0.0,0.0,0.0,0.0,0.0,0.0,-72.0,-300543.0
457600,벡트,코스닥,영상 및 음향기기 제조업,"프로젝터, 전자칠판, 전자교탁 및 관련 영상 소프트웨어, 콘텐츠 등",4785.0,141225.0,660589603.0,4.360000133514404,5174965.0,0.7799999713897705,-23571.0,-112945168.0,30895.0,147085698.0,0.0,0.0,0.0,0.0,0.0,0.0,0.0,0.0,0.0,0.0,0.0,0.0,0.0,0.0,-7324.0,-34140530.0,0.0,0.0
424760,벨로크,코스닥,"컴퓨터 프로그래밍, 시스템 통합 및 관리업","보안솔루션,보안서비스",2025.0,23659.0,48006630.0,-0.49000000953674316,16490.0,0.029999999329447746,-2080.0,-4177540.0,2080.0,4177540.0,0.0,0.0,0.0,0.0,0.0,0.0,0.0,0.0,0.0,0.0,0.0,0.0,0.0,0.0,0.0,0.0,0.0,0.0
250000,보라티알,코스닥,음·식료품 및 담배 도매업,"유가공품, 소스류, 파스타류",5860.0,1464.0,8511640.0,0.3400000035762787,389430.0,4.579999923706055,747.0,4333770.0,-797.0,-4624970.0,0.0,0.0,0.0,0.0,0.0,0.0,0.0,0.0,0.0,0.0,0.0,0.0,0.0,0.0,50.0,291200.0,0.0,0.0
310210,보로노이,코스닥,자연과학 및 공학 연구개발업,표적치료제,172500.0,84388.0,14629012250.0,-2.2100000381469727,1646769000.0,8.039999961853027,24074.0,4189961950.0,-34648.0,-6022956500.0,10155.0,1760166350.0,2146.0,375210200.0,795.0,136767050.0,7663.0,1323175900.0,0.0,0.0,0.0,0.0,-449.0,-74986800.0,201.0,35358200.0,218.0,37470000.0
006910,보성파워텍,코스닥,"구조용 금속제품, 탱크 및 증기발생기 제조업",송배전용자재,7000.0,741387.0,5212753535.0,1.7400000095367432,45353260.0,0.8700000047683716,-2343.0,-14555975.0,2611.0,16570555.0,2.0,-112130.0,2.0,-112130.0,0.0,0.0,0.0,0.0,0.0,0.0,0.0,0.0,0.0,0.0,-222.0,-1564320.0,-48.0,-338130.0
0010F0,보원케미칼,코스닥,플라스틱제품 제조업,"차량 내장재용 표면소재, SPC바닥재 등",2350.0,71595.0,166715890.0,0.0,153155.0,0.09000000357627869,9551.0,22422720.0,-9559.0,-22439515.0,0.0,-1680.0,0.0,-1680.0,0.0,0.0,0.0,0.0,0.0,0.0,0.0,0.0,0.0,0.0,-1.0,-2315.0,9.0,20790.0
226340,본느,코스닥,기타 화학제품 제조업,기업인수합병,5970.0,4362424.0,26854687880.0,2.5799999237060547,39110.0,0.0,51.0,29930995.0,9755.0,29906025.0,0.0,0.0,0.0,0.0,0.0,0.0,0.0,0.0,0.0,0.0,0.0,0.0,0.0,0.0,842.0,5368140.0,-10648.0,-65205160.0
014470,부방,코스닥,부동산 임대 및 공급업,"자회사관리, 부동산임대",966.0,33317.0,32324143.0,-0.3100000023841858,38948.0,0.11999999731779099,5838.0,5672575.0,-6445.0,-6256784.0,0.0,0.0,0.0,0.0,0.0,0.0,0.0,0.0,0.0,0.0,0.0,0.0,0.0,0.0,603.0,580333.0,4.0,3876.0
008470,부스타,코스닥,"구조용 금속제품, 탱크 및 증기발생기 제조업","관류보일러,진공온수보일러,무압온수보일러,난방기 제조,판매",1755.0,29661.0,51903324.0,0.75,189987.0,0.3700000047683716,-8599.0,-15040540.0,4897.0,8582817.0,3702.0,6457723.0,3702.0,6457723.0,0.0,0.0,0.0,0.0,0.0,0.0,0.0,0.0,0.0,0.0,0.0,0.0,0.0,0.0
338220,뷰노,코스닥,소프트웨어 개발 및 공급업,"뷰노메드 음성솔루션, 뷰노메드 영상솔루션, 기타 솔루션 등",7460.0,11767.0,88598280.0,0.12999999523162842,5329880.0,3.380000114440918,59.0,312610.0,-120.0,-761100.0,-6.0,-56160.0,-6.0,-56160.0,0.0,0.0,0.0,0.0,0.0,0.0,0.0,0.0,0.0,0.0,0.0,0.0,67.0,504650.0
100120,뷰웍스,코스닥,의료용 기기 제조업,X-Ray Detector,26600.0,20328.0,539323200.0,-1.2999999523162842,6820850.0,1.2599999904632568,99.0,4904400.0,311.0,6229450.0,23.0,617300.0,32.0,855300.0,0.0,0.0,-9.0,-238000.0,0.0,0.0,0.0,0.0,0.0,0.0,-464.0,-12574600.0,31.0,823450.0
406820,뷰티스킨,코스닥,기타 화학제품 제조업,"화장품 제조, 브랜드, 유통 사업",1955.0,231357.0,443601506.0,2.7300000190734863,3597530.0,0.8100000023841858,15238.0,29270833.0,-15662.0,-30089885.0,-44.0,-85536.0,-44.0,-85536.0,0.0,0.0,0.0,0.0,0.0,0.0,0.0,0.0,0.0,0.0,0.0,0.0,468.0,904588.0
099390,브레인즈컴퍼니,코스닥,소프트웨어 개발 및 공급업,IT 인프라 통합관리 솔루션,3690.0,19280.0,69331874.0,5.880000114440918,13960.0,0.019999999552965164,5904.0,21627917.0,-6172.0,-22648912.0,268.0,1020995.0,268.0,1020995.0,0.0,0.0,0.0,0.0,0.0,0.0,0.0,0.0,0.0,0.0,0.0,0.0,0.0,0.0
064480,브리지텍,코스닥,소프트웨어 개발 및 공급업,"컨택센터솔루션,BcN솔루션,ASP서비스사업",3000.0,19182.0,57100090.0,0.33000001311302185,57270.0,0.10000000149011612,2694.0,8074130.0,-2694.0,-8074130.0,0.0,0.0,0.0,0.0,0.0,0.0,0.0,0.0,0.0,0.0,0.0,0.0,0.0,0.0,0.0,0.0,0.0,0.0
365900,브이씨,코스닥,운동 및 경기용구 제조업,골프용 거리측정기,2510.0,12259.0,31029436.0,0.800000011920929,43690.0,0.14000000059604645,-5574.0,-14166190.0,5650.0,14356190.0,-76.0,-190000.0,-76.0,-190000.0,0.0,0.0,0.0,0.0,0.0,0.0,0.0,0.0,0.0,0.0,0.0,0.0,0.0,0.0
089970,브이엠,코스닥,특수 목적용 기계 제조업,300mm Poly Etch System,62700.0,374962.0,23656124250.0,-0.6299999952316284,2359590500.0,7.019999980926514,112176.0,7080910250.0,16790.0,1037290850.0,-128650.0,-8098892100.0,-16620.0,-1039524700.0,2208.0,138626550.0,-85400.0,-5383799500.0,0.0,0.0,-152.0,-9748300.0,-28685.0,-1804382850.0,-522.0,-32356500.0,206.0,13047500.0
251630,브이원텍,코스닥,특수 목적용 기계 제조업,"LCD/OLED 압흔검사기, 2차전지 검사장비",3670.0,6892.0,24767184.0,1.940000057220459,3945140.0,15.930000305175781,1678.0,6034253.0,-1678.0,-6034253.0,0.0,0.0,0.0,0.0,0.0,0.0,0.0,0.0,0.0,0.0,0.0,0.0,0.0,0.0,0.0,0.0,0.0,0.0
018290,브이티,코스닥,기타 화학제품 제조업,"화장품, 라미네이팅필름, 라미네이팅기계",12620.0,170923.0,2148257000.0,3.359999895095825,156991180.0,5.070000171661377,-43553.0,-549899840.0,15766.0,197568220.0,7170.0,91345725.0,18156.0,228545015.0,0.0,0.0,-10971.0,-137012020.0,0.0,0.0,0.0,0.0,-15.0,-187270.0,20858.0,264051505.0,-241.0,-3065610.0
478560,블랙야크아이앤씨,코스닥,신발 및 신발 부분품 제조업,"산업용 안전화, 안전복 및 안전용품",2745.0,11311.0,30587100.0,2.0399999618530273,0.0,0.0,1371.0,3639025.0,-2167.0,-5823935.0,794.0,2179530.0,794.0,2179530.0,0.0,0.0,0.0,0.0,0.0,0.0,0.0,0.0,0.0,0.0,0.0,0.0,2.0,5380.0
439580,블루엠텍,코스닥,기타 전문 도매업,의약품 유통업,1671.0,42228.0,70538096.0,2.8299999237060547,6704.0,0.009999999776482582,-15233.0,-25408184.0,15233.0,25411628.0,0.0,-3444.0,0.0,-3444.0,0.0,0.0,0.0,0.0,0.0,0.0,0.0,0.0,0.0,0.0,0.0,0.0,0.0,0.0
033560,블루콤,코스닥,영상 및 음향기기 제조업,블루투스헤드셋,4290.0,40459.0,172498340.0,-3.9200000762939453,1679185.0,0.9700000286102295,13085.0,55614795.0,-13086.0,-55653655.0,0.0,34570.0,0.0,34570.0,0.0,0.0,0.0,0.0,0.0,0.0,0.0,0.0,0.0,0.0,0.0,0.0,1.0,4290.0
369370,블리츠웨이엔터테인먼트,코스닥,창작 및 예술관련 서비스업,창작 및 예술관련 서비스,3760.0,10754.0,40342028.0,-0.12999999523162842,11145.0,0.029999999329447746,697.0,2597916.0,3379.0,12641804.0,-4181.0,-15631195.0,0.0,715.0,0.0,0.0,0.0,0.0,0.0,0.0,0.0,0.0,-4181.0,-15631910.0,0.0,0.0,105.0,391475.0
126340,비나텍,코스닥,일차전지 및 이차전지 제조업,초고용량 커패시터(슈퍼커패시터),67100.0,41233.0,2771724750.0,4.190000057220459,106086950.0,2.319999933242798,-6317.0,-426106350.0,4763.0,321215450.0,1546.0,104397700.0,2852.0,191324500.0,-4.0,-269100.0,-1797.0,-120630100.0,0.0,0.0,-4.0,-268800.0,562.0,38479100.0,-17.0,-1161800.0,25.0,1655000.0
121800,비덴트,코스닥,통신 및 방송 장비 제조업,방송용 LCD모니터,3320.0,0.0,0.0,0.0,0.0,0.0,0.0,0.0,0.0,0.0,0.0,0.0,0.0,0.0,0.0,0.0,0.0,0.0,0.0,0.0,0.0,0.0,0.0,0.0,0.0,0.0,0.0,0.0
082800,비보존 제약,코스닥,의약품 제조업,완제의약품제조,3310.0,1268953.0,4148360275.0,-0.30000001192092896,221199635.0,5.329999923706055,7772.0,28177969.0,-5515.0,-20996784.0,0.0,70150.0,0.0,70150.0,0.0,0.0,0.0,0.0,0.0,0.0,0.0,0.0,0.0,0.0,777.0,2509845.0,-3034.0,-9761180.0
318410,비비씨,코스닥,기타 화학제품 제조업,덴탈 케어용 소재(테이퍼모 등),6830.0,5497.0,36514795.0,3.640000104904175,1519850.0,4.159999847412109,3272.0,21661520.0,-1469.0,-9720260.0,0.0,0.0,0.0,0.0,0.0,0.0,0.0,0.0,0.0,0.0,0.0,0.0,0.0,0.0,-1802.0,-11934430.0,-1.0,-6830.0
419540,비스토스,코스닥,의료용 기기 제조업,환자 및 태아감시장치,3610.0,21116.0,75673370.0,1.5499999523162842,580165.0,0.7699999809265137,-8483.0,-30683245.0,-2150.0,-7590650.0,10000.0,36017860.0,10000.0,36017860.0,0.0,0.0,0.0,0.0,0.0,0.0,0.0,0.0,0.0,0.0,632.0,2252475.0,1.0,3560.0
146320,비씨엔씨,코스닥,반도체 제조업,반도체용 합성쿼츠 포커스링,10100.0,9746.0,97746775.0,4.230000019073486,1999950.0,2.049999952316284,589.0,5771665.0,-589.0,-5771785.0,0.0,120.0,0.0,120.0,0.0,0.0,0.0,0.0,0.0,0.0,0.0,0.0,0.0,0.0,0.0,0.0,0.0,0.0
200780,비씨월드제약,코스닥,의약품 제조업,"마취통증약, 순환계약, 항생제, 기타처방약",3015.0,6773.0,20483875.0,-0.6600000262260437,0.0,0.0,2903.0,8765730.0,-2282.0,-6880725.0,-676.0,-2051105.0,-676.0,-2051105.0,0.0,0.0,0.0,0.0,0.0,0.0,0.0,0.0,0.0,0.0,0.0,0.0,55.0,166100.0
413640,비아이매트릭스,코스닥,소프트웨어 개발 및 공급업,로우코드 기반 코딩 자동화 솔루션 등,5620.0,20858.0,117309910.0,-0.5299999713897705,74060.0,0.05999999865889549,-2037.0,-11528405.0,-1341.0,-7456465.0,0.0,0.0,0.0,0.0,0.0,0.0,0.0,0.0,0.0,0.0,0.0,0.0,0.0,0.0,3558.0,19995960.0,-180.0,-1011090.0
141000,비아트론,코스닥,특수 목적용 기계 제조업,디스플레이 및 반도체 제조용 장비,8600.0,42959.0,358891200.0,1.649999976158142,243060.0,0.07000000029802322,6142.0,50197470.0,4994.0,41192880.0,-15713.0,-130275210.0,0.0,0.0,0.0,0.0,0.0,0.0,0.0,0.0,0.0,0.0,-15713.0,-130275210.0,4577.0,38884860.0,0.0,0.0
083650,비에이치아이,코스닥,일반 목적용 기계 제조업,"보일러,열교환기등",59900.0,247825.0,14997480200.0,-1.159999966621399,1538279100.0,5.909999847412109,49557.0,2970379650.0,-54135.0,-3278509400.0,4255.0,288934450.0,16740.0,1030305750.0,-855.0,-51535150.0,-3911.0,-233377950.0,0.0,0.0,-2654.0,-159342850.0,-5065.0,-297115350.0,423.0,25417200.0,-100.0,-6221900.0
0068Y0,비엔케이제3호스팩,코스닥,금융 지원 서비스업,기업인수합병,1979.0,123.0,243519.0,-0.4000000059604645,0.0,0.0,0.0,0.0,0.0,0.0,0.0,0.0,0.0,0.0,0.0,0.0,0.0,0.0,0.0,0.0,0.0,0.0,0.0,0.0,0.0,0.0,0.0,0.0
065170,비엘팜텍,코스닥,음·식료품 및 담배 도매업,건강보조식품 등,2080.0,4084242.0,8862756312.0,11.529999732971191,62160.0,0.0,193186.0,438359086.0,-196743.0,-447743946.0,0.0,0.0,0.0,0.0,0.0,0.0,0.0,0.0,0.0,0.0,0.0,0.0,0.0,0.0,2500.0,5211065.0,1057.0,4173795.0
086670,비엠티,코스닥,일반 목적용 기계 제조업,"정밀계장용피팅및밸브류,전원분배장치(MCPD)",15650.0,23167.0,362303310.0,0.25999999046325684,235340.0,0.05999999865889549,13173.0,206044460.0,-12837.0,-200755920.0,0.0,260.0,0.0,260.0,0.0,0.0,0.0,0.0,0.0,0.0,0.0,0.0,0.0,0.0,-42.0,-655630.0,-294.0,-4633170.0
488900,비츠로넥스텍,코스닥,"항공기,우주선 및 부품 제조업","로켓연소기 및 가스발생기, 초전도가속장치, 핵융합 플라즈마 대향장치 등 제조",10010.0,49423.0,493284755.0,0.20000000298023224,39522510.0,4.090000152587891,6775.0,67595035.0,-6667.0,-66514300.0,-45.0,-453455.0,-45.0,-453455.0,0.0,0.0,0.0,0.0,0.0,0.0,0.0,0.0,0.0,0.0,4.0,39880.0,-67.0,-667160.0
082920,비츠로셀,코스닥,일차전지 및 이차전지 제조업,리튬1차전지,34250.0,331546.0,11375059400.0,-1.440000057220459,673930900.0,4.619999885559082,42515.0,1455248575.0,-90697.0,-3108532175.0,47716.0,1637583925.0,18663.0,641648900.0,690.0,23596400.0,2802.0,96061700.0,0.0,0.0,-11.0,-376850.0,25573.0,876688425.0,627.0,21208800.0,-161.0,-5509125.0
054220,비츠로시스,코스닥,"전동기, 발전기 및 전기 변환 · 공급 · 제어 장치 제조업","원방감시제어시스템, 분산제어시스템",1708.0,33966.0,57279675.0,-0.28999999165534973,0.0,0.0,3129.0,5253268.0,-3813.0,-6409092.0,0.0,0.0,0.0,0.0,0.0,0.0,0.0,0.0,0.0,0.0,0.0,0.0,0.0,0.0,684.0,1155824.0,0.0,0.0
042370,비츠로테크,코스닥,기타 금융업,"차단기, 개폐기",8530.0,104972.0,903751130.0,0.7099999785423279,15012070.0,1.659999966621399,-245.0,-2747750.0,445.0,4466800.0,0.0,-6960.0,0.0,-6960.0,0.0,0.0,0.0,0.0,0.0,0.0,0.0,0.0,0.0,0.0,0.0,-90.0,-200.0,-1712000.0
050090,비케이홀딩스,코스닥,광고업,광고,608.0,58212.0,34394845.0,2.359999895095825,50064.0,0.15000000596046448,-6261.0,-3671415.0,3061.0,1768843.0,0.0,0.0,0.0,0.0,0.0,0.0,0.0,0.0,0.0,0.0,0.0,0.0,0.0,0.0,3200.0,1902572.0,0.0,0.0
148780,비큐AI,코스닥,소프트웨어 개발 및 공급업,"AIsurfer,RDPLINE 등",3645.0,216355.0,809166408.0,-2.0199999809265137,472025.0,0.05999999865889549,7180.0,26232185.0,4130.0,15526900.0,-368.0,-1536320.0,-368.0,-1536320.0,0.0,0.0,0.0,0.0,0.0,0.0,0.0,0.0,0.0,0.0,-16970.0,-62624200.0,6028.0,22401435.0
307870,비투엔,코스닥,소프트웨어 개발 및 공급업,"데이터컨설팅, 품질관리 솔루션",1017.0,638018.0,628005011.0,0.5899999737739563,16551409.0,2.640000104904175,-186996.0,-187064827.0,-56002.0,-56901110.0,-10000.0,-9576401.0,-10000.0,-9576401.0,0.0,0.0,0.0,0.0,0.0,0.0,0.0,0.0,0.0,0.0,252998.0,253542338.0,0.0,0.0
377030,비트맥스,코스닥,소프트웨어 개발 및 공급업,AR 개발 플랫폼/AR솔루션,1626.0,392843.0,685458600.0,-4.010000228881836,1628647.0,0.23999999463558197,-20785.0,-31936935.0,3560.0,3145036.0,56.0,108428.0,56.0,108428.0,0.0,0.0,0.0,0.0,0.0,0.0,0.0,0.0,0.0,0.0,15010.0,25023918.0,2159.0,3659553.0
032850,비트컴퓨터,코스닥,소프트웨어 개발 및 공급업,의료정보시스템,4070.0,15545.0,63538860.0,0.9900000095367432,12265.0,0.019999999552965164,-571.0,-2356970.0,-4540.0,-18508355.0,-1243.0,-5096730.0,-1243.0,-5096730.0,0.0,0.0,0.0,0.0,0.0,0.0,0.0,0.0,0.0,0.0,6354.0,25962055.0,0.0,0.0
049470,비트플래닛,코스닥,소프트웨어 개발 및 공급업,"SI, 소프트웨어",2020.0,270658.0,536362803.0,29.81999969482422,2297919.0,0.4300000071525574,12442.0,24728228.0,-11757.0,-23355798.0,0.0,0.0,0.0,0.0,0.0,0.0,0.0,0.0,0.0,0.0,0.0,0.0,0.0,0.0,0.0,11270.0,-685.0,-1383700.0
238200,비피도,코스닥,기타 식품 제조업,프로바이오틱스 관련 완제품 및 균주 원말 등,2705.0,12018.0,32246110.0,1.8799999952316284,42760.0,0.12999999523162842,3316.0,8909915.0,-3316.0,-8909915.0,0.0,0.0,0.0,0.0,0.0,0.0,0.0,0.0,0.0,0.0,0.0,0.0,0.0,0.0,0.0,0.0,0.0,0.0
093190,빅솔론,코스닥,컴퓨터 및 주변장치 제조업,"POS용프린터,프린팅메카니즘",8330.0,170591.0,1420439470.0,-1.7699999809265137,637980.0,0.03999999910593033,14335.0,120457735.0,-22407.0,-186246515.0,-281.0,-2744690.0,-281.0,-2744690.0,0.0,0.0,0.0,0.0,0.0,0.0,0.0,0.0,0.0,0.0,8353.0,68535270.0,0.0,-1800.0
065450,빅텍,코스닥,"측정, 시험, 항해, 제어 및 기타 정밀기기 제조업; 광학기기 제외",전자전시스템 장치류,2995.0,207650.0,622673290.0,-0.8299999833106995,1913845.0,0.3100000023841858,103312.0,309645651.0,-107721.0,-322872556.0,3.0,9005.0,3.0,9005.0,0.0,0.0,0.0,0.0,0.0,0.0,0.0,0.0,0.0,0.0,0.0,0.0,4406.0,13217900.0
044480,빌리언스,코스닥,창작 및 예술관련 서비스업,"콘돔,고무골무,의료용 장갑",820.0,0.0,0.0,0.0,0.0,0.0,0.0,0.0,0.0,0.0,0.0,0.0,0.0,0.0,0.0,0.0,0.0,0.0,0.0,0.0,0.0,0.0,0.0,0.0,0.0,0.0,0.0,0.0
069540,빛과전자,코스닥,통신 및 방송 장비 제조업,기타무선통신장비제조업,2675.0,2045880.0,5433287409.0,0.9399999976158142,1222770.0,0.019999999552965164,12480.0,32254473.0,-14650.0,-37989481.0,0.0,0.0,0.0,0.0,0.0,0.0,0.0,0.0,0.0,0.0,0.0,0.0,0.0,0.0,241.0,611815.0,1929.0,5123193.0
072950,빛샘전자,코스닥,전자부품 제조업,"전광판용 LED 모듈, LED 전광판, 광접속함체",9150.0,159950.0,1456539975.0,1.7799999713897705,12411420.0,0.8500000238418579,-2329.0,-19992755.0,3172.0,27636720.0,-37.0,-286345.0,-37.0,-286345.0,0.0,0.0,0.0,0.0,0.0,0.0,0.0,0.0,0.0,0.0,-818.0,-7467660.0,12.0,110040.0
451250,삐아,코스닥,기타 화학제품 제조업,색조화장품,7610.0,19840.0,151043920.0,1.059999942779541,379060.0,0.25,-4380.0,-33298380.0,-4428.0,-33983120.0,8808.0,67281500.0,8808.0,67281500.0,0.0,0.0,0.0,0.0,0.0,0.0,0.0,0.0,0.0,0.0,0.0,0.0,0.0,0.0
143240,사람인,코스닥,"자료처리, 호스팅, 포털 및 기타 인터넷 정보매개 서비스업","온라인 채용광고(취업포털), 인재파견, 취업지원 등",16830.0,4444.0,74735100.0,0.8999999761581421,0.0,0.0,224.0,3763290.0,-384.0,-6560740.0,172.0,2999770.0,172.0,2999770.0,0.0,0.0,0.0,0.0,0.0,0.0,0.0,0.0,0.0,0.0,-12.0,-202320.0,0.0,0.0
466410,사이냅소프트,코스닥,소프트웨어 개발 및 공급업,"웹 기반 문서뷰어, 문서필터, 웹 에디터 등",8490.0,2374.0,19827490.0,1.4299999475479126,0.0,0.0,-49.0,-376660.0,63.0,494960.0,-14.0,-118300.0,-14.0,-118300.0,0.0,0.0,0.0,0.0,0.0,0.0,0.0,0.0,0.0,0.0,0.0,0.0,0.0,0.0
223310,사토시홀딩스,코스닥,상품 종합 도매업,건강기능식품,2980.0,93817.0,278478087.0,5.670000076293945,8660770.0,3.109999895095825,-8498.0,-25644158.0,8498.0,25733373.0,0.0,-13520.0,0.0,-13520.0,0.0,0.0,0.0,0.0,0.0,0.0,0.0,0.0,0.0,0.0,0.0,0.0,0.0,-75695.0
452430,사피엔반도체,코스닥,반도체 제조업,Micro/Mini-LED Display Driver IC,26200.0,12166.0,317581375.0,0.0,25589200.0,4.489999771118164,3601.0,94025325.0,-2732.0,-71399250.0,-888.0,-23122525.0,-2.0,-52250.0,459.0,12015900.0,0.0,0.0,0.0,0.0,0.0,0.0,-1345.0,-35086175.0,15.0,392250.0,4.0,104200.0
419120,산돌,코스닥,소프트웨어 개발 및 공급업,리테일 폰트 등,2380.0,12938.0,30914445.0,-1.4500000476837158,0.0,0.0,3793.0,9067725.0,-3793.0,-9067725.0,0.0,0.0,0.0,0.0,0.0,0.0,0.0,0.0,0.0,0.0,0.0,0.0,0.0,0.0,0.0,0.0,0.0,0.0
122350,삼기,코스닥,자동차 신품 부품 제조업,자동차부품,1523.0,739390.0,1140164773.0,-1.6799999475479126,30341097.0,2.6600000858306885,-27830.0,-42370725.0,27496.0,41829442.0,1714.0,2662207.0,1714.0,2662207.0,0.0,0.0,0.0,0.0,0.0,0.0,0.0,0.0,0.0,0.0,-2031.0,-3125846.0,651.0,1004922.0
419050,삼기에너지솔루션즈,코스닥,자동차 신품 부품 제조업,배터리(이차전지) 부품 (엔드플레이트),1622.0,1111744.0,1825565752.0,-2.1700000762939453,13339714.0,0.7300000190734863,-192963.0,-312289559.0,192767.0,311977855.0,0.0,-6776.0,0.0,-6776.0,0.0,0.0,0.0,0.0,0.0,0.0,0.0,0.0,0.0,0.0,-4.0,-6520.0,200.0,325000.0
014970,삼륭물산,코스닥,"골판지, 종이 상자 및 종이용기 제조업",카톤팩,4440.0,25666.0,115286295.0,-1.0,45300.0,0.03999999910593033,-782.0,-3370685.0,785.0,3422960.0,36.0,133380.0,36.0,133380.0,0.0,0.0,0.0,0.0,0.0,0.0,0.0,0.0,0.0,0.0,0.0,-11520.0,-39.0,-174135.0
018310,삼목에스폼,코스닥,"구조용 금속제품, 탱크 및 증기발생기 제조업","갱폼,알루미늄폼,특수폼,알루미늄압출재",13700.0,26007.0,354851485.0,-0.9399999976158142,13682950.0,3.5999999046325684,-625.0,-7924885.0,-3041.0,-42294985.0,3336.0,45728790.0,3236.0,44364780.0,100.0,1364010.0,0.0,0.0,0.0,0.0,0.0,0.0,0.0,0.0,326.0,4436240.0,4.0,54840.0
012210,삼미금속,코스닥,기타 금속 가공제품 제조업,"자동차부품, 중장비부품, 선박부품, 방산부품 등",8090.0,360340.0,2954048380.0,1.8899999856948853,10493410.0,0.36000001430511475,-4149.0,-35566530.0,7058.0,59195415.0,0.0,-12740.0,0.0,-12740.0,0.0,0.0,0.0,0.0,0.0,0.0,0.0,0.0,0.0,0.0,-3001.0,-24384995.0,92.0,768850.0
053700,삼보모터스,코스닥,자동차 신품 부품 제조업,증명서 자동발급기,4205.0,221628.0,925639866.0,2.309999942779541,19930710.0,2.1500000953674316,18538.0,78099286.0,-17043.0,-71761556.0,2645.0,10879375.0,2645.0,10879375.0,0.0,0.0,0.0,0.0,0.0,0.0,0.0,0.0,0.0,0.0,-1700.0,-7068750.0,-2440.0,-10148355.0
009620,삼보산업,코스닥,1차 비철금속 제조업,알미늄괴,887.0,157108.0,138589527.0,-0.3400000035762787,0.0,0.0,-22081.0,-19295921.0,22081.0,19295921.0,0.0,0.0,0.0,0.0,0.0,0.0,0.0,0.0,0.0,0.0,0.0,0.0,0.0,0.0,0.0,0.0,0.0,0.0
023600,삼보판지,코스닥,"펄프, 종이 및 판지 제조업","골판지,골판지상자",9110.0,26698.0,243397170.0,-1.6200000047683716,774340.0,0.3199999928474426,2306.0,20984440.0,-191.0,-1762790.0,201.0,1858890.0,201.0,1858890.0,0.0,0.0,0.0,0.0,0.0,0.0,0.0,0.0,0.0,0.0,-2316.0,-21080540.0,0.0,0.0
0044K0,삼성스팩10호,코스닥,금융 지원 서비스업,기업인수합병,1988.0,8505.0,16852743.0,0.15000000596046448,0.0,0.0,5811.0,11500512.0,-11.0,-22406.0,-5800.0,-11478106.0,-800.0,-1591200.0,0.0,0.0,0.0,0.0,0.0,0.0,0.0,0.0,-5000.0,-9886906.0,0.0,0.0,0.0,0.0
0071M0,삼성스팩11호,코스닥,금융 지원 서비스업,기업인수합병,1982.0,5888.0,11646669.0,-0.44999998807907104,0.0,0.0,4906.0,9704258.0,94.0,185982.0,-5000.0,-9890240.0,0.0,0.0,0.0,0.0,0.0,0.0,0.0,0.0,0.0,0.0,-5000.0,-9890240.0,0.0,0.0,0.0,0.0
0096B0,삼성스팩12호,코스닥,기타 금융업,기업인수합병,1973.0,8153.0,16089912.0,-0.30000001192092896,0.0,0.0,7986.0,15760223.0,14.0,26956.0,-8000.0,-15787179.0,0.0,0.0,0.0,0.0,0.0,0.0,0.0,0.0,0.0,0.0,-8000.0,-15787179.0,0.0,0.0,0.0,0.0
0115H0,삼성스팩13호,코스닥,금융 지원 서비스업,기업인수합병,1984.0,22798.0,45235989.0,-0.30000001192092896,0.0,0.0,5022.0,9939063.0,-22.0,-44671.0,-5000.0,-9894392.0,0.0,0.0,0.0,0.0,0.0,0.0,0.0,0.0,0.0,0.0,-5000.0,-9894392.0,0.0,0.0,0.0,0.0
009300,삼아제약,코스닥,의약품 제조업,"노마에프, 아토크건조시럽, 코데날정, 코코시럽, 스마엘",13670.0,5078.0,69189040.0,1.409999966621399,896740.0,1.2999999523162842,1564.0,21439430.0,-1564.0,-21439500.0,0.0,70.0,0.0,70.0,0.0,0.0,0.0,0.0,0.0,0.0,0.0,0.0,0.0,0.0,0.0,0.0,0.0,0.0
482630,삼양엔씨켐,코스닥,기타 화학제품 제조업,"반도체 포토레지스트용 기초화합물(KrF PR용 소재, ArF PR용 소재, Wet Chemical)",13600.0,103413.0,1419530340.0,1.0399999618530273,40579050.0,2.859999895095825,-8604.0,-118192150.0,-8818.0,-120831645.0,15837.0,217326585.0,-1125.0,-15346860.0,5181.0,70991370.0,8852.0,121528230.0,0.0,0.0,0.0,0.0,2929.0,40153845.0,2203.0,30198830.0,-618.0,-8501620.0
484590,삼양컴텍,코스닥,무기 및 총포탄 제조업,"방위산업방탄제품(K-SAP, 유리섬유제품, 방탄헬멧, 위장망, 방탄복), 항공기부품 제조, 도매, 무역",6320.0,111828.0,707956430.0,0.47999998927116394,501460.0,0.07000000029802322,-5607.0,-35338385.0,2203.0,13916885.0,-7998.0,-50477490.0,-7963.0,-50256470.0,-35.0,-221020.0,0.0,0.0,0.0,0.0,0.0,0.0,0.0,0.0,-350.0,-2218760.0,11752.0,74117750.0
036670,삼양케이씨아이,코스닥,기타 화학제품 제조업,"폴리머,레진,계면활성제",5120.0,7244.0,36849350.0,0.7900000214576721,15300.0,0.03999999910593033,812.0,4128160.0,-578.0,-2932420.0,-184.0,-940240.0,-184.0,-940240.0,0.0,0.0,0.0,0.0,0.0,0.0,0.0,0.0,0.0,0.0,-50.0,-255500.0,0.0,0.0
361670,삼영에스앤씨,코스닥,전자부품 제조업,"칩형 온습도센서,상대습도센서,미세먼지센서, 공기질 통합센서 노드 및 트랜스미터",3630.0,21660.0,77446000.0,0.0,391345.0,0.5099999904632568,917.0,3301145.0,-917.0,-3301145.0,0.0,0.0,0.0,0.0,0.0,0.0,0.0,0.0,0.0,0.0,0.0,0.0,0.0,0.0,0.0,0.0,0.0,0.0
054540,삼영엠텍,코스닥,"구조용 금속제품, 탱크 및 증기발생기 제조업","구조용 특수장치, 교량부품",6540.0,80058.0,523727730.0,0.46000000834465027,5205160.0,0.9900000095367432,-1066.0,-7050390.0,2232.0,14727710.0,-866.0,-5723820.0,-866.0,-5723820.0,0.0,0.0,0.0,0.0,0.0,0.0,0.0,0.0,0.0,0.0,0.0,0.0,-300.0,-1953500.0
065570,삼영이엔씨,코스닥,통신 및 방송 장비 제조업,"GMDSS장비, GPS플로터 등",764.0,0.0,0.0,0.0,0.0,0.0,0.0,0.0,0.0,0.0,0.0,0.0,0.0,0.0,0.0,0.0,0.0,0.0,0.0,0.0,0.0,0.0,0.0,0.0,0.0,0.0,0.0,0.0
014950,삼익제약,코스닥,의약품 제조업,완제의약품 제조 및 CMO,5230.0,177363.0,953752895.0,0.3799999952316284,168410.0,0.019999999552965164,-4608.0,-28190890.0,4608.0,28103100.0,0.0,26160.0,0.0,26160.0,0.0,0.0,0.0,0.0,0.0,0.0,0.0,0.0,0.0,0.0,0.0,1480.0,0.0,60150.0
032280,삼일,코스닥,도로 화물 운송업,운송 및 하역수입,1365.0,61893.0,84264354.0,0.07000000029802322,235141.0,0.2800000011920929,-14149.0,-19340839.0,-13727.0,-18718780.0,0.0,0.0,0.0,0.0,0.0,0.0,0.0,0.0,0.0,0.0,0.0,0.0,0.0,0.0,27876.0,38059619.0,0.0,0.0
002290,삼일기업공사,코스닥,건물 건설업,도급공사,3315.0,8505.0,28056793.0,0.30000001192092896,593940.0,2.119999885559082,623.0,2067152.0,-1073.0,-3552002.0,440.0,1452000.0,440.0,1452000.0,0.0,0.0,0.0,0.0,0.0,0.0,0.0,0.0,0.0,0.0,0.0,0.0,10.0,32850.0
037460,삼지전자,코스닥,통신 및 방송 장비 제조업,"통신기기,정보기기,BACKLIGHTUNIT사업",31600.0,60698.0,1887457900.0,3.7799999713897705,40780700.0,2.1600000858306885,-27270.0,-847023225.0,539.0,14440050.0,25488.0,794471775.0,20723.0,646556425.0,-3.0,-94850.0,-13.0,-411550.0,0.0,0.0,-2.0,-63250.0,4783.0,148485000.0,1678.0,51748700.0,-435.0,-13637300.0
032750,삼진,코스닥,통신 및 방송 장비 제조업,리모컨,2895.0,9160.0,26313650.0,-0.6899999976158142,43050.0,0.1599999964237213,5845.0,16775140.0,-3042.0,-8746065.0,-823.0,-2353425.0,-823.0,-2353425.0,0.0,0.0,0.0,0.0,0.0,0.0,0.0,0.0,0.0,0.0,-1980.0,-5675650.0,0.0,0.0
0013V0,삼진식품,코스닥,수산물 가공 및 저장 처리업,"반찬용 어묵, 국탕용 어묵 등 어묵관련 제품 판매",5240.0,38286.0,200891490.0,1.159999966621399,0.0,0.0,10680.0,56165990.0,-10665.0,-56087470.0,-15.0,-78520.0,0.0,0.0,0.0,0.0,0.0,0.0,0.0,0.0,0.0,0.0,-15.0,-78520.0,0.0,0.0,0.0,0.0
054090,삼진엘앤디,코스닥,그외 기타 제품 제조업,"몰드프레임, TFT-LCD BLU",958.0,49580.0,47112366.0,1.0499999523162842,1005737.0,2.130000114440918,-5027.0,-4648824.0,27.0,-140241.0,5000.0,4789065.0,5000.0,4789065.0,0.0,0.0,0.0,0.0,0.0,0.0,0.0,0.0,0.0,0.0,0.0,0.0,0.0,0.0
000250,삼천당제약,코스닥,의약품 제조업,"하메론, 아토로우",182800.0,139051.0,25597779050.0,1.7799999713897705,2794199800.0,8.170000076293945,-15853.0,-2940483150.0,-14378.0,-2639875400.0,30298.0,5592945850.0,4388.0,823840350.0,518.0,95276100.0,3002.0,554238100.0,0.0,0.0,2518.0,461337300.0,19872.0,3658254300.0,41.0,7380900.0,-108.0,-19968200.0
024950,삼천리자전거,코스닥,생활용품 도매업,자전거,4560.0,112682.0,514972695.0,-0.4399999976158142,5384365.0,1.0499999523162842,-47754.0,-218271868.0,3824.0,17660711.0,43924.0,200583787.0,43924.0,200583787.0,0.0,0.0,0.0,0.0,0.0,0.0,0.0,0.0,0.0,0.0,6.0,27370.0,0.0,0.0
038500,삼표시멘트,코스닥,기타 비금속 광물제품 제조업,시멘트 제품,7530.0,311580.0,2368929985.0,2.0299999713897705,179432840.0,7.570000171661377,-21176.0,-157747460.0,10848.0,78511565.0,8592.0,66190595.0,8498.0,65476265.0,-42.0,-317220.0,136.0,1031550.0,0.0,0.0,0.0,0.0,0.0,0.0,0.0,0.0,1736.0,13045300.0
437730,삼현,코스닥,자동차 신품 부품 제조업,"스마트 액추에이터, 스마트 파워유닛",36300.0,94144.0,3438964800.0,-0.4099999964237213,234592200.0,4.199999809265137,11508.0,417404600.0,-18018.0,-657415275.0,7263.0,267524225.0,7234.0,266467700.0,-16.0,-586975.0,45.0,1643500.0,0.0,0.0,0.0,0.0,0.0,0.0,-761.0,-27802550.0,8.0,289000.0
017480,삼현철강,코스닥,1차 철강 제조업,"후판,열연후판,산세판박,무늬강판,용단철강,형강외",4825.0,2839.0,13708715.0,0.10000000149011612,0.0,0.0,867.0,4182040.0,-192.0,-919715.0,-675.0,-3262325.0,-675.0,-3262325.0,0.0,0.0,0.0,0.0,0.0,0.0,0.0,0.0,0.0,0.0,0.0,0.0,0.0,0.0
046390,삼화네트웍스,코스닥,"영화, 비디오물, 방송프로그램 제작 및 배급업",영상 콘텐츠,2045.0,6276.0,12749150.0,0.7400000095367432,441460.0,3.4600000381469727,-4766.0,-9681335.0,4341.0,8814585.0,430.0,876850.0,430.0,876850.0,0.0,0.0,0.0,0.0,0.0,0.0,0.0,0.0,0.0,0.0,0.0,0.0,-5.0,-10100.0
027580,상보,코스닥,플라스틱제품 제조업,"광학필름,윈도우필름,미디어필름",1663.0,50476.0,83457829.0,0.7300000190734863,5151439.0,6.170000076293945,-2011.0,-2964743.0,2008.0,2959784.0,0.0,0.0,0.0,0.0,0.0,0.0,0.0,0.0,0.0,0.0,0.0,0.0,0.0,0.0,0.0,0.0,3.0,4959.0
038540,상상인,코스닥,"컴퓨터 프로그래밍, 시스템 통합 및 관리업",IT 통합 솔루션,1973.0,67617.0,133823398.0,-1.0499999523162842,0.0,0.0,28733.0,56737935.0,5517.0,10696926.0,-35150.0,-69218761.0,0.0,510.0,0.0,0.0,-35150.0,-69219271.0,0.0,0.0,0.0,0.0,0.0,0.0,900.0,1783900.0,0.0,0.0
091580,상신이디피,코스닥,일차전지 및 이차전지 제조업,2차전지부품,18330.0,387903.0,7008025550.0,11.359999656677246,53333050.0,0.7599999904632568,-67641.0,-1204259910.0,21452.0,355587890.0,42155.0,780767510.0,8373.0,153801070.0,6185.0,113552765.0,-14134.0,-252431700.0,0.0,0.0,36012.0,662506780.0,5719.0,103338595.0,4111.0,69210520.0,-77.0,-1306010.0
263810,상신전자,코스닥,전자부품 제조업,"노이즈필터(48.81%), 코일(19.33%), 리액터(10.75%)",2550.0,55516.0,141003685.0,-0.38999998569488525,243635.0,0.17000000178813934,-20929.0,-53067829.0,19972.0,50622769.0,957.0,2445060.0,957.0,2445060.0,0.0,0.0,0.0,0.0,0.0,0.0,0.0,0.0,0.0,0.0,0.0,0.0,0.0,0.0
089980,상아프론테크,코스닥,플라스틱제품 제조업,"LCD부품,사무기기부품,PCB부품,2차전지부품",14540.0,27096.0,394345050.0,4.010000228881836,16254610.0,3.259999990463257,-2419.0,-35027750.0,3450.0,49566710.0,-1019.0,-14364120.0,-760.0,-11050760.0,0.0,0.0,4741.0,69262530.0,0.0,0.0,-5000.0,-72575890.0,0.0,0.0,0.0,0.0,-12.0,-174840.0
042940,상지건설,코스닥,건물 건설업,"건설업, 고급빌라 건축 및 일반 건축, 주택공급 등",6110.0,37515.0,229024250.0,2.5199999809265137,12120.0,0.009999999776482582,893.0,5076540.0,-948.0,-5414430.0,0.0,0.0,0.0,0.0,0.0,0.0,0.0,0.0,0.0,0.0,0.0,0.0,0.0,0.0,0.0,0.0,55.0,337890.0
042600,새로닉스,코스닥,전자부품 제조업,"광학시트, FFC",11160.0,4718.0,52439730.0,3.809999942779541,21524070.0,41.04999923706055,633.0,7073590.0,1062.0,11730090.0,-1695.0,-18803680.0,-1695.0,-18803680.0,0.0,0.0,0.0,0.0,0.0,0.0,0.0,0.0,0.0,0.0,0.0,0.0,0.0,0.0
107600,새빗켐,코스닥,기타 화학제품 제조업,"폐전지재활용소재, 폐산재활용",16300.0,40190.0,670842315.0,-2.0999999046325684,1647550.0,0.25,-5954.0,-98147380.0,5227.0,86376960.0,-70.0,-1149290.0,-70.0,-1149290.0,0.0,0.0,0.0,0.0,0.0,0.0,0.0,0.0,0.0,0.0,732.0,11865840.0,65.0,1053870.0
411080,샌즈랩,코스닥,소프트웨어 개발 및 공급업,사이버 위협 인텔리전스(CTI),4220.0,53458.0,220122985.0,4.070000171661377,7641680.0,3.4700000286102295,152.0,809480.0,-157.0,-830015.0,0.0,0.0,0.0,0.0,0.0,0.0,0.0,0.0,0.0,0.0,0.0,0.0,0.0,0.0,0.0,0.0,5.0,20535.0
252990,샘씨엔에스,코스닥,전자부품 제조업,세라믹 STF(다층 세라믹 기판),13890.0,237939.0,3383352540.0,-3.2100000381469727,295919740.0,8.75,-8948.0,-135443780.0,2106.0,25561610.0,4374.0,74909320.0,-15558.0,-214775090.0,0.0,0.0,-34406.0,-493918605.0,0.0,0.0,4589.0,62859360.0,49749.0,720743655.0,1427.0,19977440.0,1041.0,14995410.0
378800,샤페론,코스닥,기초 의약물질 제조업,합성신약 및 항체치료제신약 기술제품 및 기술이전,494.0,1676674.0,848480989.0,3.559999942779541,2968675.0,0.3499999940395355,-79323.0,-48791364.0,65878.0,42293913.0,0.0,0.0,0.0,0.0,0.0,0.0,0.0,0.0,0.0,0.0,0.0,0.0,0.0,0.0,0.0,0.0,13445.0,6497451.0
294630,서남,코스닥,기타 전기장비 제조업,고온초전도선재,2670.0,132894.0,357181160.0,-0.7400000095367432,657710.0,0.18000000715255737,11021.0,29770435.0,-11466.0,-30955925.0,310.0,824365.0,310.0,824365.0,0.0,0.0,0.0,0.0,0.0,0.0,0.0,0.0,0.0,0.0,0.0,0.0,135.0,361125.0
038070,서린바이오,코스닥,기타 전문 도매업,생명과학연구기기및시약,4495.0,360653.0,1718157014.0,4.78000020980835,32668530.0,1.899999976158142,19782.0,92032600.0,-15714.0,-71108600.0,-4862.0,-24547580.0,-4862.0,-24547580.0,0.0,0.0,0.0,0.0,0.0,0.0,0.0,0.0,0.0,0.0,0.0,0.0,794.0,3623580.0
006730,서부T&D,코스닥,일반 및 생활 숙박시설 운영업,석유류판매,10340.0,318167.0,3324507750.0,0.9800000190734863,164688300.0,4.949999809265137,9867.0,95422350.0,-34865.0,-358132605.0,26007.0,273331785.0,10442.0,110266420.0,876.0,9543395.0,-47379.0,-492651030.0,0.0,0.0,63741.0,663557850.0,-1673.0,-17384850.0,-1000.0,-10527200.0,-9.0,-94330.0
079650,서산,코스닥,"시멘트, 석회, 플라스터 및 그 제품 제조업","레미콘,전주,고강도파일,흄관",5380.0,11946215.0,65025295423.0,16.200000762939453,17132990.0,0.029999999329447746,-103186.0,-526311074.0,109798.0,563467302.0,5844.0,32623700.0,5844.0,32623700.0,0.0,0.0,0.0,0.0,0.0,0.0,0.0,0.0,0.0,0.0,1621.0,8580065.0,-14077.0,-78359993.0
079650,서산,코스닥,"시멘트, 석회, 플라스터 및 그 제품 제조업","레미콘,전주,고강도파일,흄관",5380.0,11946215.0,65025295423.0,16.200000762939453,17132990.0,0.029999999329447746,-103186.0,-526311074.0,109798.0,563467302.0,5844.0,32623700.0,5844.0,32623700.0,0.0,0.0,0.0,0.0,0.0,0.0,0.0,0.0,0.0,0.0,1621.0,8580065.0,-14077.0,-78359993.0
100660,서암기계공업,코스닥,일반 목적용 기계 제조업,"공작기계부품(정밀기어,척),산업기계 제조부동산 임대",3090.0,21358.0,65689820.0,0.0,9166740.0,13.949999809265137,4623.0,14242350.0,-4623.0,-14242350.0,0.0,0.0,0.0,0.0,0.0,0.0,0.0,0.0,0.0,0.0,0.0,0.0,0.0,0.0,0.0,0.0,0.0,0.0
100660,서암기계공업,코스닥,일반 목적용 기계 제조업,"공작기계부품(정밀기어,척),산업기계 제조부동산 임대",3090.0,21358.0,65689820.0,0.0,9166740.0,13.949999809265137,4623.0,14242350.0,-4623.0,-14242350.0,0.0,0.0,0.0,0.0,0.0,0.0,0.0,0.0,0.0,0.0,0.0,0.0,0.0,0.0,0.0,0.0,0.0,0.0
019770,서연탑메탈,코스닥,특수 목적용 기계 제조업,자동차금형.건설중장비 부품,3320.0,3808.0,12541180.0,0.15000000596046448,9975.0,0.07999999821186066,760.0,2506280.0,-775.0,-2555910.0,0.0,0.0,0.0,0.0,0.0,0.0,0.0,0.0,0.0,0.0,0.0,0.0,0.0,0.0,15.0,49630.0,0.0,0.0
092190,서울바이오시스,코스닥,반도체 제조업,"Visible LED, UV LED",8990.0,440934.0,3755361500.0,16.0,96070360.0,2.559999942779541,21049.0,181622535.0,-19470.0,-165867285.0,0.0,-1050.0,0.0,-1050.0,0.0,0.0,0.0,0.0,0.0,0.0,0.0,0.0,0.0,0.0,-1441.0,-14559000.0,-138.0,-1195200.0
046890,서울반도체,코스닥,반도체 제조업,"Display, Chip LED, Lamp",9930.0,205970.0,2036076150.0,4.199999809265137,151650065.0,5.489999771118164,-21301.0,-211393690.0,18761.0,185722210.0,1878.0,19105645.0,1899.0,19313665.0,0.0,0.0,-21.0,-208020.0,0.0,0.0,0.0,0.0,0.0,0.0,20.0,198800.0,642.0,6367035.0
063170,서울옥션,코스닥,상품 중개업,미술품경매,5520.0,23374.0,127815270.0,2.7899999618530273,5480.0,0.0,-8062.0,-44197230.0,2574.0,14162030.0,8.0,44300.0,8.0,44300.0,0.0,0.0,0.0,0.0,0.0,0.0,0.0,0.0,0.0,0.0,5480.0,29990900.0,0.0,0.0
027040,서울전자통신,코스닥,"전동기, 발전기 및 전기 변환 · 공급 · 제어 장치 제조업","전자변성기, 무역업(트랜스포머자재)",1945.0,90264.0,169652992.0,5.53000020980835,8035269.0,4.739999771118164,-17428.0,-32309195.0,13357.0,24701153.0,-585.0,-1101610.0,-585.0,-1101610.0,0.0,0.0,0.0,0.0,0.0,0.0,0.0,0.0,0.0,0.0,4690.0,8774390.0,-34.0,-64738.0
018680,서울제약,코스닥,의약품 제조업,"정제,연질캅셀제,경질캅셀제,연고 및 크림제 등",1990.0,10957.0,21538929.0,1.4299999475479126,11963.0,0.05999999865889549,-1435.0,-2811146.0,1435.0,2811146.0,0.0,0.0,0.0,0.0,0.0,0.0,0.0,0.0,0.0,0.0,0.0,0.0,0.0,0.0,0.0,0.0,0.0,0.0
036120,서울평가정보,코스닥,기타 정보 서비스업,"신용조회,채권추심,신용조사",1583.0,118632.0,188381696.0,-4.230000019073486,3382194.0,1.7999999523162842,63667.0,100941141.0,-41918.0,-66627332.0,-21749.0,-34313809.0,-21749.0,-34313809.0,0.0,0.0,0.0,0.0,0.0,0.0,0.0,0.0,0.0,0.0,0.0,0.0,0.0,0.0
093920,서원인텍,코스닥,통신 및 방송 장비 제조업,휴대폰용키패드및부자재,4860.0,5345.0,25856045.0,0.20999999344348907,145255.0,0.5600000023841858,2374.0,11483450.0,-677.0,-3284030.0,-1683.0,-8136440.0,-1683.0,-8136440.0,0.0,0.0,0.0,0.0,0.0,0.0,0.0,0.0,0.0,0.0,-14.0,-62980.0,0.0,0.0
189860,서전기전,코스닥,"전동기, 발전기 및 전기 변환 · 공급 · 제어 장치 제조업","수배전반, 전력기기, 전기공사",4260.0,51023.0,216694067.0,0.3499999940395355,5557485.0,2.559999942779541,-2104.0,-8290173.0,2104.0,8290173.0,0.0,0.0,0.0,0.0,0.0,0.0,0.0,0.0,0.0,0.0,0.0,0.0,0.0,0.0,0.0,0.0,0.0,0.0
178320,서진시스템,코스닥,기타 전기장비 제조업,"통신장비부품,휴대폰부품(메탈케이스 등)",38800.0,1030510.0,40531602900.0,1.440000057220459,2632960000.0,6.5,93973.0,3650747175.0,-269757.0,-10593851650.0,144563.0,5723365975.0,15356.0,607988825.0,-406.0,-16070050.0,62327.0,2470868525.0,0.0,0.0,60770.0,2401530850.0,6517.0,259086575.0,29092.0,1137576450.0,2129.0,82162050.0
122690,서진오토모티브,코스닥,자동차 신품 부품 제조업,"Clutch,Flywheel,Driveplate,Bearing,ATparts",1775.0,18547.0,32998243.0,-1.2799999713897705,46769.0,0.14000000059604645,2340.0,4162887.0,-2340.0,-4218687.0,0.0,55800.0,0.0,55800.0,0.0,0.0,0.0,0.0,0.0,0.0,0.0,0.0,0.0,0.0,0.0,0.0,0.0,0.0
140070,서플러스글로벌,코스닥,기계장비 및 관련 물품 도매업,"반도체 제조용 장비, 유휴기계설비 도소매",1831.0,124267.0,225582066.0,0.9900000095367432,0.0,0.0,4809.0,8253986.0,-4267.0,-7539787.0,-458.0,-548283.0,-458.0,-548283.0,0.0,0.0,0.0,0.0,0.0,0.0,0.0,0.0,0.0,0.0,-84.0,-165916.0,0.0,0.0
011370,서한,코스닥,건물 건설업,"건축, 토목",783.0,0.0,0.0,0.0,0.0,0.0,0.0,0.0,0.0,0.0,0.0,0.0,0.0,0.0,0.0,0.0,0.0,0.0,0.0,0.0,0.0,0.0,0.0,0.0,0.0,0.0,0.0,0.0
065710,서호전기,코스닥,"전동기, 발전기 및 전기 변환 · 공급 · 제어 장치 제조업","항만크레인,구동전기장치",44300.0,3479.0,154015750.0,0.23000000417232513,0.0,0.0,1308.0,57846300.0,-1048.0,-46371200.0,-261.0,-11519400.0,-261.0,-11519600.0,0.0,0.0,0.0,0.0,0.0,0.0,0.0,0.0,0.0,0.0,1.0,44300.0,0.0,0.0
035890,서희건설,코스닥,건물 건설업,"토목, 건축, 부동산임대업",2180.0,402828.0,867060369.0,3.809999942779541,8000255.0,0.9200000166893005,-75378.0,-163816212.0,17532.0,38889162.0,60974.0,131696090.0,4232.0,9222110.0,0.0,0.0,0.0,0.0,0.0,0.0,0.0,0.0,56742.0,122473980.0,-2128.0,-4589040.0,-1000.0,-2180000.0
357550,석경에이티,코스닥,기초 화학물질 제조업,바이오 및 전기전자 나노 소재,34250.0,3565.0,120887950.0,-0.15000000596046448,3392750.0,2.359999895095825,490.0,16686650.0,-104.0,-3594700.0,-469.0,-15915950.0,-469.0,-15915950.0,0.0,0.0,0.0,0.0,0.0,0.0,0.0,0.0,0.0,0.0,73.0,2483200.0,10.0,340800.0
003100,선광,코스닥,기타 운송관련 서비스업,"항만하역, 해사(바다모래)",20900.0,15275.0,318354900.0,0.47999998927116394,906650.0,0.2800000011920929,-261.0,-4712450.0,-572.0,-12535650.0,-174.0,-3697250.0,-174.0,-3697250.0,0.0,0.0,0.0,0.0,0.0,0.0,0.0,0.0,0.0,0.0,1004.0,20882800.0,3.0,62550.0
067370,선바이오,코스닥,의약품 제조업,"PEG유도체 제품 (62%), 기술료수입 (38%)",6130.0,18837.0,120021260.0,0.8199999928474426,911740.0,0.7599999904632568,-727.0,-3820010.0,354.0,1594780.0,-493.0,-3249370.0,-493.0,-3249370.0,0.0,0.0,0.0,0.0,0.0,0.0,0.0,0.0,0.0,0.0,0.0,0.0,866.0,5474600.0
171090,선익시스템,코스닥,특수 목적용 기계 제조업,OLED 증착장비,67100.0,26020.0,1762054500.0,3.2300000190734863,228850850.0,7.440000057220459,585.0,32403150.0,-2058.0,-132754950.0,1320.0,89876100.0,1313.0,89404500.0,-9.0,-602300.0,16.0,1073200.0,0.0,0.0,0.0,0.0,0.0,0.0,153.0,10475700.0,0.0,0.0
086710,선진뷰티사이언스,코스닥,기타 화학제품 제조업,화장품 원료,7800.0,26808.0,206176440.0,0.0,10023070.0,4.860000133514404,-10504.0,-80657630.0,4332.0,33102110.0,0.0,0.0,0.0,0.0,0.0,0.0,0.0,0.0,0.0,0.0,0.0,0.0,0.0,0.0,6172.0,47555520.0,0.0,0.0
014620,성광벤드,코스닥,1차 철강 제조업,관이음쇠,24150.0,63168.0,1536885550.0,1.0499999523162842,329672025.0,15.470000267028809,4615.0,110642200.0,-6744.0,-163752125.0,1792.0,44892250.0,4047.0,99673250.0,42.0,1023275.0,71.0,1736500.0,0.0,0.0,-2917.0,-70890650.0,550.0,13373975.0,30.0,727500.0,307.0,7490175.0
037350,성도이엔지,코스닥,"건축기술, 엔지니어링 및 관련 기술 서비스업","반도체크린룸 시공, 반도체장비제조",7800.0,100419.0,780510780.0,1.8300000429153442,12218750.0,1.5700000524520874,2875.0,22809590.0,-5323.0,-41806620.0,3422.0,26583710.0,3422.0,26583710.0,0.0,0.0,0.0,0.0,0.0,0.0,0.0,0.0,0.0,0.0,0.0,0.0,-974.0,-7586680.0
458650,성우,코스닥,일차전지 및 이차전지 제조업,"이차전지 부품(2170 Topcap Ass'y, S4623 등), 자동차 전장부품(Motor Housing, EV Relay 등)",7850.0,5154.0,40484730.0,0.0,1558770.0,3.8499999046325684,-259.0,-2013880.0,259.0,2013880.0,0.0,0.0,0.0,0.0,0.0,0.0,0.0,0.0,0.0,0.0,0.0,0.0,0.0,0.0,0.0,0.0,0.0,0.0
081580,성우전자,코스닥,통신 및 방송 장비 제조업,휴대폰금속프레스부품(전자파차단ShieldCan),2275.0,22069.0,50233490.0,0.6600000262260437,0.0,0.0,7705.0,17586525.0,-7188.0,-16403395.0,-517.0,-1183130.0,-517.0,-1183130.0,0.0,0.0,0.0,0.0,0.0,0.0,0.0,0.0,0.0,0.0,0.0,0.0,0.0,0.0
045300,성우테크론,코스닥,전자부품 제조업,"리드프레임,반도체검사장비",2550.0,48262.0,122681382.0,-0.5799999833106995,0.0,0.0,15967.0,40537955.0,-14203.0,-36074335.0,0.0,0.0,0.0,0.0,0.0,0.0,0.0,0.0,0.0,0.0,0.0,0.0,0.0,0.0,-1764.0,-4463620.0,0.0,0.0
015750,성우하이텍,코스닥,자동차 신품 부품 제조업,자동차범퍼,6050.0,173848.0,1054412245.0,2.0199999809265137,39882000.0,2.799999952316284,-36648.0,-222797865.0,23417.0,142295025.0,13227.0,80478440.0,13151.0,80015570.0,0.0,0.0,76.0,462870.0,0.0,0.0,0.0,0.0,0.0,0.0,0.0,0.0,4.0,24400.0
340930,성원에너텍,코스닥,특수 목적용 기계 제조업,2차전지 제조장비,806.0,0.0,0.0,0.0,0.0,0.0,0.0,0.0,0.0,0.0,0.0,0.0,0.0,0.0,0.0,0.0,0.0,0.0,0.0,0.0,0.0,0.0,0.0,0.0,0.0,0.0,0.0,0.0
365340,성일하이텍,코스닥,기초 화학물질 제조업,"코발트, 니켈, 리튬 등",34500.0,47472.0,1675899075.0,0.15000000596046448,45514350.0,1.9500000476837158,8799.0,301562825.0,-4459.0,-160050825.0,-4287.0,-139648950.0,409.0,14097850.0,-5904.0,-202123200.0,-3900.0,-136261050.0,0.0,0.0,-7.0,-241050.0,5418.0,195239150.0,29.0,990350.0,-82.0,-2853400.0
080470,성창오토텍,코스닥,자동차 신품 부품 제조업,"차량용 에어컨필터, 차량용인버터 등",2765.0,12771.0,35444105.0,-1.0700000524520874,8415.0,0.019999999552965164,3137.0,8769345.0,-2345.0,-6519550.0,534.0,1469945.0,534.0,1469945.0,0.0,0.0,0.0,0.0,0.0,0.0,0.0,0.0,0.0,0.0,-1326.0,-3719740.0,0.0,0.0
043260,성호전자,코스닥,전자부품 제조업,"전원공급장치,필름콘덴서",19400.0,857512.0,16628811610.0,-1.4700000286102295,826868025.0,4.96999979019165,83342.0,1607346465.0,26662.0,513557485.0,-112860.0,-2174802900.0,7911.0,157399925.0,-66.0,-1265850.0,-55879.0,-1080044140.0,0.0,0.0,-20007.0,-387318675.0,-44818.0,-863554955.0,540.0,9548130.0,2316.0,44350820.0
148150,세경하이테크,코스닥,전자부품 제조업,DECO Film 및 기타 TAPE 제조,3410.0,136443.0,461114226.0,3.9600000381469727,660455.0,0.14000000059604645,7093.0,24297495.0,-11696.0,-39905545.0,5003.0,16952850.0,5003.0,16952850.0,0.0,0.0,0.0,0.0,0.0,0.0,0.0,0.0,0.0,0.0,-400.0,-1344800.0,0.0,0.0
061090,세나테크놀로지,코스닥,통신 및 방송 장비 제조업,"메시통신제품, 스마트 헬멧",43050.0,22837.0,981070925.0,-0.46000000834465027,15818650.0,1.059999942779541,-4393.0,-188374625.0,3619.0,154945850.0,726.0,31369925.0,-21.0,-679600.0,747.0,32049525.0,0.0,0.0,0.0,0.0,0.0,0.0,0.0,0.0,61.0,2614250.0,-13.0,-555400.0
188260,세니젠,코스닥,그외 기타 제품 제조업,"Genelix, Genext, Geneka 등",2010.0,3804.0,7547845.0,1.5199999809265137,0.0,0.0,-1033.0,-2084716.0,1033.0,2084716.0,0.0,0.0,0.0,0.0,0.0,0.0,0.0,0.0,0.0,0.0,0.0,0.0,0.0,0.0,0.0,0.0,0.0,0.0
053060,세동,코스닥,자동차 신품 부품 제조업,"도어벨트, 몰딩",1358.0,88869.0,120624323.0,-0.3700000047683716,42357.0,0.03999999910593033,-15624.0,-21545781.0,-4589.0,-6160761.0,0.0,0.0,0.0,0.0,0.0,0.0,0.0,0.0,0.0,0.0,0.0,0.0,0.0,0.0,20213.0,27706542.0,0.0,0.0
340440,세림B&G,코스닥,플라스틱제품 제조업,기업인수,779.0,494928.0,404364964.0,-0.25999999046325684,468880.0,0.11999999731779099,43286.0,37776849.0,-43086.0,-37622172.0,0.0,0.0,0.0,0.0,0.0,0.0,0.0,0.0,0.0,0.0,0.0,0.0,0.0,0.0,0.0,0.0,-200.0,-154677.0
017510,세명전기,코스닥,기타 금속 가공제품 제조업,"154kV, 345kV, 765kV 송전,변전,배전용 금구류, 섬유직기용 섹셔날 빔",7400.0,79480.0,587041205.0,0.949999988079071,9326755.0,1.590000033378601,11294.0,82623180.0,-11294.0,-82623180.0,0.0,0.0,0.0,0.0,0.0,0.0,0.0,0.0,0.0,0.0,0.0,0.0,0.0,0.0,0.0,0.0,0.0,0.0
0017J0,세미티에스,코스닥,특수 목적용 기계 제조업,"클린컨베이어시스템, 질소퍼지시스템",2900.0,711047.0,2124486849.0,2.4700000286102295,10344255.0,0.49000000953674316,-6110.0,-16498366.0,5849.0,18126901.0,1031.0,3102850.0,0.0,102640.0,0.0,0.0,722.0,2101020.0,0.0,0.0,0.0,0.0,309.0,899190.0,64.0,-2197680.0,-834.0,-2533705.0
490470,세미파이브,코스닥,"건축기술, 엔지니어링 및 관련 기술 서비스업",반도체 설계 서비스,15410.0,218822.0,3375803250.0,2.7300000190734863,181557040.0,5.380000114440918,15268.0,231489735.0,44037.0,681259800.0,-59208.0,-911234285.0,-9.0,-145560.0,54.0,831600.0,0.0,0.0,-30000.0,-461572510.0,-30000.0,-461863665.0,747.0,11515850.0,-153.0,-2377810.0,56.0,862560.0
011560,세보엠이씨,코스닥,건물설비 설치 공사업,"건설관련설비,ACESS FLOOR,소음기,CHAMMBER,PFP UNIT,BY-PASS UNIT,DUCT,철구조물",23100.0,57197.0,1318049400.0,1.090000033378601,1796000.0,0.14000000059604645,17322.0,398995200.0,-12147.0,-280587900.0,-5204.0,-119083100.0,-1.0,-22200.0,0.0,0.0,-2661.0,-60937050.0,0.0,0.0,0.0,0.0,-2542.0,-58123850.0,30.0,698300.0,-1.0,-22500.0
396300,세아메카닉스,코스닥,기타 금속 가공제품 제조업,"TV스탠드, 전기 수소차 부품 등",4565.0,1083887.0,5022496785.0,-4.800000190734863,27572820.0,0.550000011920929,58459.0,267717816.0,-60072.0,-275043437.0,369.0,1683501.0,-831.0,-3869130.0,0.0,0.0,0.0,0.0,0.0,0.0,0.0,0.0,1200.0,5552631.0,-535.0,-2591010.0,1779.0,8233130.0
100700,세운메디칼,코스닥,의료용품 및 기타 의약 관련제품 제조업,"의료용구(체액배출기,도뇨관) 제조,도매,수출입",2385.0,145658.0,348024599.0,-0.8299999833106995,32998720.0,9.479999542236328,-3905.0,-9302275.0,4443.0,10606650.0,-18.0,-60630.0,-18.0,-60630.0,0.0,0.0,0.0,0.0,0.0,0.0,0.0,0.0,0.0,0.0,0.0,0.0,-520.0,-1243745.0
024830,세원물산,코스닥,자동차 신품 부품 제조업,라디에이터서포터,8960.0,1398.0,12315140.0,3.940000057220459,0.0,0.0,607.0,5356060.0,-607.0,-5356060.0,0.0,0.0,0.0,0.0,0.0,0.0,0.0,0.0,0.0,0.0,0.0,0.0,0.0,0.0,0.0,0.0,0.0,0.0
258830,세종메디칼,코스닥,의료용 기기 제조업,복강경수술용 투관침 등,412.0,0.0,0.0,0.0,0.0,0.0,0.0,0.0,0.0,0.0,0.0,0.0,0.0,0.0,0.0,0.0,0.0,0.0,0.0,0.0,0.0,0.0,0.0,0.0,0.0,0.0,0.0,0.0
036630,세종텔레콤,코스닥,전기 및 통신 공사업,WLL/GPS/위성DMB/VoIP 단말기,8040.0,16610.0,130159210.0,3.880000114440918,0.0,0.0,-4902.0,-38775140.0,-1336.0,-10209950.0,-362.0,-2863420.0,-362.0,-2863420.0,0.0,0.0,0.0,0.0,0.0,0.0,0.0,0.0,0.0,0.0,6600.0,51848510.0,0.0,0.0
039310,세중,코스닥,소프트웨어 개발 및 공급업,여행,1483.0,56950.0,83767030.0,-3.509999990463257,305785.0,0.3700000047683716,934.0,1390795.0,-934.0,-1390795.0,0.0,0.0,0.0,0.0,0.0,0.0,0.0,0.0,0.0,0.0,0.0,0.0,0.0,0.0,0.0,0.0,0.0,0.0
067770,세진티에스,코스닥,전자부품 제조업,LED/LCD용 광기능성 시트,2490.0,32334.0,78653545.0,4.179999828338623,2825410.0,3.5899999141693115,-15383.0,-37157255.0,8056.0,19721800.0,0.0,0.0,0.0,0.0,0.0,0.0,0.0,0.0,0.0,0.0,0.0,0.0,0.0,0.0,7327.0,17435455.0,0.0,0.0
053450,세코닉스,코스닥,사진장비 및 광학기기 제조업,"모바일용 카메라렌즈, 차량용 카메라 및 광학부품",3140.0,44046.0,139736734.0,-1.8799999952316284,1628085.0,1.1699999570846558,19852.0,63205384.0,-19256.0,-61297914.0,0.0,0.0,0.0,0.0,0.0,0.0,0.0,0.0,0.0,0.0,0.0,0.0,0.0,0.0,0.0,0.0,-596.0,-1907470.0
252500,세화피앤씨,코스닥,기타 화학제품 제조업,염모제 등,499.0,0.0,0.0,0.0,0.0,0.0,0.0,0.0,0.0,0.0,0.0,0.0,0.0,0.0,0.0,0.0,0.0,0.0,0.0,0.0,0.0,0.0,0.0,0.0,0.0,0.0,0.0,0.0
321370,센서뷰,코스닥,전자부품 제조업,"T&M 케이블, 초소형 전송선로",1437.0,4046398.0,5938832515.0,-7.769999980926514,18474768.0,0.3100000023841858,359553.0,527559174.0,-372353.0,-546237411.0,0.0,0.0,0.0,0.0,0.0,0.0,0.0,0.0,0.0,0.0,0.0,0.0,0.0,0.0,4900.0,7121000.0,7900.0,11557237.0
347000,센코,코스닥,"측정, 시험, 항해, 제어 및 기타 정밀기기 제조업; 광학기기 제외","가스센서 및 모듈, 휴대용 및 고정형 가스검지기, 악취 & 미세먼지 모니터링 시스템",1828.0,24956.0,45248761.0,0.1599999964237213,2838731.0,6.269999980926514,625.0,1247405.0,-624.0,-1245595.0,0.0,0.0,0.0,0.0,0.0,0.0,0.0,0.0,0.0,0.0,0.0,0.0,0.0,0.0,0.0,0.0,-1.0,-1810.0
331920,셀레믹스,코스닥,기초 의약물질 제조업,타겟캡처키트,9040.0,19041.0,172531450.0,0.5600000023841858,2962120.0,1.7200000286102295,262.0,2571000.0,638.0,5526190.0,0.0,0.0,0.0,0.0,0.0,0.0,0.0,0.0,0.0,0.0,0.0,0.0,0.0,0.0,-900.0,-8097190.0,0.0,0.0
352770,셀레스트라,코스닥,의료용품 및 기타 의약 관련제품 제조업,"Geno Series, CD-PRIME, Cancer Prime",5250.0,0.0,0.0,0.0,0.0,0.0,0.0,0.0,0.0,0.0,0.0,0.0,0.0,0.0,0.0,0.0,0.0,0.0,0.0,0.0,0.0,0.0,0.0,0.0,0.0,0.0,0.0,0.0
471820,셀로맥스사이언스,코스닥,기타 식품 제조업,건강기능식품,4080.0,1760.0,7167930.0,-1.690000057220459,12315.0,0.17000000178813934,-189.0,-770870.0,189.0,770870.0,0.0,0.0,0.0,0.0,0.0,0.0,0.0,0.0,0.0,0.0,0.0,0.0,0.0,0.0,0.0,0.0,0.0,0.0
049180,셀루메드,코스닥,기초 의약물질 제조업,"의료기기, 바이오시밀러 및 헬스케어사업",1009.0,0.0,0.0,0.0,0.0,0.0,0.0,0.0,0.0,0.0,0.0,0.0,0.0,0.0,0.0,0.0,0.0,0.0,0.0,0.0,0.0,0.0,0.0,0.0,0.0,0.0,0.0,0.0
299660,셀리드,코스닥,자연과학 및 공학 연구개발업,항암면역치료백신,1885.0,3221896.0,6195335725.0,12.739999771118164,93238389.0,1.5,160214.0,310577432.0,-168215.0,-325989169.0,0.0,-48863.0,0.0,-48863.0,0.0,0.0,0.0,0.0,0.0,0.0,0.0,0.0,0.0,0.0,-700.0,-1324400.0,8701.0,16785000.0
108860,셀바스AI,코스닥,소프트웨어 개발 및 공급업,인공지능 솔루션 등,9230.0,306723.0,2795460920.0,3.359999895095825,287064500.0,5.900000095367432,7323.0,69086205.0,-11555.0,-107609295.0,3199.0,29010660.0,3199.0,29010660.0,0.0,0.0,0.0,0.0,0.0,0.0,0.0,0.0,0.0,0.0,0.0,0.0,1033.0,9512430.0
208370,셀바스헬스케어,코스닥,의료용 기기 제조업,"체성분측정기, 혈압계, 점자정보단말기",2515.0,77330.0,195934960.0,0.6000000238418579,216910.0,0.10999999940395355,-17526.0,-44396875.0,17526.0,44398850.0,0.0,-1975.0,0.0,-1975.0,0.0,0.0,0.0,0.0,0.0,0.0,0.0,0.0,0.0,0.0,0.0,0.0,0.0,0.0
318160,셀바이오휴먼텍,코스닥,기타 섬유제품 제조업,마스크팩 섬유소재(시트),6080.0,67710.0,397736490.0,-1.1399999856948853,0.0,0.0,-17011.0,-96403820.0,21978.0,126069180.0,0.0,-40240.0,0.0,-40240.0,0.0,0.0,0.0,0.0,0.0,0.0,0.0,0.0,0.0,0.0,-5000.0,-29824580.0,33.0,199460.0
308430,셀비온,코스닥,의약품 제조업,"셀비온그린주, 셀비온메브로페닌주, 도페정 등",13620.0,10948.0,149953975.0,3.890000104904175,5578130.0,2.0299999713897705,-1105.0,-15214105.0,3956.0,54103645.0,-2841.0,-38741720.0,-31.0,-423340.0,40.0,554400.0,-2850.0,-38872780.0,0.0,0.0,0.0,0.0,0.0,0.0,-10.0,-147820.0,0.0,0.0
068760,셀트리온제약,코스닥,의약품 제조업,고덱스 캡슐 외,42950.0,65190.0,2795476075.0,4.369999885559082,396385500.0,9.989999771118164,-19172.0,-826942700.0,8320.0,360212100.0,10817.0,465231850.0,6014.0,258339650.0,-12.0,-517100.0,169.0,7244325.0,0.0,0.0,4020.0,173316850.0,626.0,26848125.0,-1.0,-42800.0,36.0,1541550.0
068940,셀피글로벌,코스닥,전자부품 제조업,신용카드 및 전자화폐 등,778.0,0.0,0.0,0.0,0.0,0.0,0.0,0.0,0.0,0.0,0.0,0.0,0.0,0.0,0.0,0.0,0.0,0.0,0.0,0.0,0.0,0.0,0.0,0.0,0.0,0.0,0.0,0.0
007720,소노스퀘어,코스닥,상품 종합 도매업,기업소모성자재 구매대행업,1500.0,25793.0,38271043.0,0.6700000166893005,149489.0,0.38999998569488525,4958.0,7306951.0,-4858.0,-7153901.0,0.0,0.0,0.0,0.0,0.0,0.0,0.0,0.0,0.0,0.0,0.0,0.0,0.0,0.0,-100.0,-153050.0,0.0,0.0
950200,소마젠,코스닥,"그외 기타 전문, 과학 및 기술 서비스업","유전체 분석 서비스 (NGS, CES 등)",3750.0,385516.0,1445685000.0,29.979999542236328,0.0,0.0,-146237.0,-548388750.0,-5000.0,-18750000.0,24.0,90000.0,24.0,90000.0,0.0,0.0,0.0,0.0,0.0,0.0,0.0,0.0,0.0,0.0,151904.0,569640000.0,-691.0,-2591250.0
032680,소프트센,코스닥,기타 정보 서비스업,전산기기 및 정보통신공사,927.0,75216.0,69526421.0,1.8700000047683716,183213.0,0.25999999046325684,-907.0,-812819.0,683.0,603474.0,0.0,0.0,0.0,0.0,0.0,0.0,0.0,0.0,0.0,0.0,0.0,0.0,0.0,0.0,0.0,0.0,224.0,209345.0
032685,소프트센우,KOSDAQ,기타/미분류,기타/미분류,8900.0,4354.0,38800100.0,-1.1100000143051147,0.0,0.0,-70.0,-624400.0,70.0,624400.0,0.0,0.0,0.0,0.0,0.0,0.0,0.0,0.0,0.0,0.0,0.0,0.0,0.0,0.0,0.0,0.0,0.0,0.0
258790,소프트캠프,코스닥,소프트웨어 개발 및 공급업,통합보안솔루션,4435.0,30504.0,133027840.0,-1.5499999523162842,3271130.0,2.4600000381469727,-2375.0,-10270215.0,2495.0,10785615.0,0.0,0.0,0.0,0.0,0.0,0.0,0.0,0.0,0.0,0.0,0.0,0.0,0.0,0.0,-120.0,-515400.0,0.0,0.0
066910,손오공,코스닥,기타 전문 도매업,"완구, 게임, 캐릭터수입수수료",1951.0,35072.0,67464622.0,0.05000000074505806,500591.0,0.7400000095367432,2611.0,5152786.0,-2611.0,-5127838.0,0.0,-24948.0,0.0,-24948.0,0.0,0.0,0.0,0.0,0.0,0.0,0.0,0.0,0.0,0.0,0.0,0.0,0.0,0.0
215090,솔디펜스,코스닥,"측정, 시험, 항해, 제어 및 기타 정밀기기 제조업; 광학기기 제외",■ 회로카드조립체(프로세서보드용),1365.0,30093.0,41176508.0,1.7899999618530273,2806.0,0.009999999776482582,913.0,1298165.0,-1522.0,-2134372.0,-245.0,-334535.0,-245.0,-334535.0,0.0,0.0,0.0,0.0,0.0,0.0,0.0,0.0,0.0,0.0,854.0,1170742.0,0.0,0.0
035610,솔본,코스닥,회사 본부 및 경영 컨설팅 서비스업,경영자문 및 지주사업,4610.0,25595.0,117327055.0,1.649999976158142,5874450.0,5.010000228881836,-7990.0,-36530920.0,-3182.0,-14293555.0,0.0,0.0,0.0,0.0,0.0,0.0,0.0,0.0,0.0,0.0,0.0,0.0,0.0,0.0,11172.0,50824475.0,0.0,0.0
357780,솔브레인,코스닥,기타 화학제품 제조업,반도체 및 디스플레이 관련 화학재료 제조ㆍ판매 등,332500.0,20729.0,6926804750.0,0.6100000143051147,1014756000.0,12.300000190734863,-2134.0,-714639500.0,2790.0,929559000.0,-674.0,-220874500.0,-1083.0,-359108500.0,-125.0,-41673000.0,-68.0,-22300500.0,0.0,0.0,-48.0,-15891250.0,650.0,218098750.0,26.0,8635000.0,-8.0,-2680000.0
036830,솔브레인홀딩스,코스닥,회사 본부 및 경영 컨설팅 서비스업,"반도체,디스플레이,2차전지 공정용 화학제품",39000.0,45432.0,1794201725.0,1.0399999618530273,254203400.0,12.119999885559082,5798.0,231098825.0,-6252.0,-249889550.0,751.0,30500025.0,-368.0,-13488150.0,8.0,315500.0,1683.0,66065825.0,0.0,0.0,0.0,0.0,-572.0,-22393150.0,-280.0,-11042900.0,-17.0,-666400.0
304100,솔트룩스,코스닥,소프트웨어 개발 및 공급업,인공지능 및 빅데이터 소프트웨어,15520.0,76197.0,1184293220.0,2.109999895095825,4657930.0,0.23000000417232513,-15960.0,-247494340.0,15912.0,246786740.0,247.0,3851100.0,247.0,3851100.0,0.0,0.0,0.0,0.0,0.0,0.0,0.0,0.0,0.0,0.0,-135.0,-2128050.0,-64.0,-1015450.0
328380,솔트웨어,코스닥,"컴퓨터 프로그래밍, 시스템 통합 및 관리업",enView,3835.0,41520.0,157677658.0,2.819999933242798,5224365.0,3.309999942779541,-7772.0,-29149596.0,5772.0,21441511.0,2000.0,7708085.0,2000.0,7708085.0,0.0,0.0,0.0,0.0,0.0,0.0,0.0,0.0,0.0,0.0,0.0,0.0,0.0,0.0
086980,쇼박스,코스닥,"영화, 비디오물, 방송프로그램 제작 및 배급업",영화투자및배급,1991.0,169936.0,340327579.0,-2.4000000953674316,17258771.0,5.070000171661377,-26390.0,-52868277.0,32582.0,65305943.0,-6292.0,-12636641.0,-6292.0,-12636641.0,0.0,0.0,0.0,0.0,0.0,0.0,0.0,0.0,0.0,0.0,100.0,198975.0,0.0,0.0
050960,수산아이앤티,코스닥,소프트웨어 개발 및 공급업,"공유단말접속관리서비스, 보안솔루션 등",9110.0,14853.0,132124100.0,2.940000057220459,1711230.0,1.2999999523162842,-3882.0,-34388000.0,3922.0,34743000.0,0.0,0.0,0.0,0.0,0.0,0.0,0.0,0.0,0.0,0.0,0.0,0.0,0.0,0.0,0.0,0.0,-40.0,-355000.0
084180,수성웹툰,코스닥,일반 목적용 기계 제조업,전동지게차,616.0,228467.0,132841877.0,0.6499999761581421,19450.0,0.009999999776482582,15447.0,9563195.0,-11937.0,-7451919.0,-1000.0,-620000.0,-1000.0,-620000.0,0.0,0.0,0.0,0.0,0.0,0.0,0.0,0.0,0.0,0.0,0.0,0.0,-2510.0,-1491276.0
253840,수젠텍,코스닥,의료용품 및 기타 의약 관련제품 제조업,체외진단 기기 및 시약,4070.0,114740.0,462097755.0,5.440000057220459,9804610.0,2.119999885559082,-13626.0,-55823425.0,12953.0,53081625.0,685.0,2789440.0,685.0,2789440.0,0.0,0.0,0.0,0.0,0.0,0.0,0.0,0.0,0.0,0.0,0.0,0.0,-12.0,-47640.0
298830,슈어소프트테크,코스닥,소프트웨어 개발 및 공급업,소프트웨어 자동화 검증 플랫폼,4300.0,131128.0,564321991.0,2.75,2199155.0,0.38999998569488525,24664.0,107395904.0,-24642.0,-107298419.0,1.0,4250.0,1.0,4250.0,0.0,0.0,0.0,0.0,0.0,0.0,0.0,0.0,0.0,0.0,23.0,97865.0,-46.0,-199600.0
236200,슈프리마,코스닥,통신 및 방송 장비 제조업,바이오인식 관련 제품,57100.0,16738.0,957674000.0,-1.3799999952316284,13505200.0,1.1200000047683716,-1259.0,-72002200.0,1072.0,61699200.0,150.0,8172700.0,1705.0,97328500.0,-128.0,-7318600.0,0.0,0.0,0.0,0.0,0.0,0.0,-1427.0,-81837200.0,37.0,2130300.0,0.0,0.0
094840,슈프리마에이치큐,코스닥,통신 및 방송 장비 제조업,지문인식솔루션및시스템,13220.0,15039.0,196318335.0,2.0799999237060547,1468810.0,0.75,-3144.0,-40873330.0,-1869.0,-24599815.0,5000.0,65309190.0,5000.0,65309190.0,0.0,0.0,0.0,0.0,0.0,0.0,0.0,0.0,0.0,0.0,1.0,13075.0,12.0,150880.0
192440,슈피겐코리아,코스닥,그외 기타 제품 제조업,"핸드폰 케이스, 액정보호필름",29700.0,10034.0,297411975.0,2.7699999809265137,0.0,0.0,-1337.0,-39740650.0,6770.0,201139700.0,-1565.0,-46180250.0,0.0,0.0,0.0,0.0,-1168.0,-34463250.0,0.0,0.0,0.0,0.0,-397.0,-11717000.0,-3841.0,-114419600.0,-27.0,-799200.0
424960,스마트레이더시스템,코스닥,"측정, 시험, 항해, 제어 및 기타 정밀기기 제조업; 광학기기 제외",모빌리티 및 비모빌리티용 4D이미징레이다,3980.0,20139.0,80208078.0,2.049999952316284,379455.0,0.4699999988079071,-8780.0,-35004443.0,8760.0,34924943.0,0.0,0.0,0.0,0.0,0.0,0.0,0.0,0.0,0.0,0.0,0.0,0.0,0.0,0.0,0.0,0.0,20.0,79500.0
099440,스맥,코스닥,특수 목적용 기계 제조업,공작기계 및 산업용로봇제조,3940.0,260175.0,1027960049.0,-0.7599999904632568,68084010.0,6.619999885559082,3348.0,13271244.0,-51121.0,-202858139.0,51.0,200740.0,51.0,200740.0,0.0,0.0,0.0,0.0,0.0,0.0,0.0,0.0,0.0,0.0,46000.0,182606685.0,1722.0,6779470.0
066590,스모트로닉,코스닥,자동차 신품 부품 제조업,"엔진, 조향 및 기아변속기 부품",2680.0,168027.0,444610880.0,1.1299999952316284,5678925.0,1.2799999713897705,-38752.0,-101686450.0,31112.0,81856900.0,7630.0,19803250.0,7630.0,19803250.0,0.0,0.0,0.0,0.0,0.0,0.0,0.0,0.0,0.0,0.0,0.0,0.0,10.0,26300.0
276040,스코넥,코스닥,소프트웨어 개발 및 공급업,"XR 교육/훈련 시스템, VR 게임 콘텐츠 등",327.0,0.0,0.0,0.0,0.0,0.0,0.0,0.0,0.0,0.0,0.0,0.0,0.0,0.0,0.0,0.0,0.0,0.0,0.0,0.0,0.0,0.0,0.0,0.0,0.0,0.0,0.0,0.0
115570,스타플렉스,코스닥,플라스틱제품 제조업,"광고용플렉스(조명용,비조명용)",2475.0,43264.0,103857875.0,2.9100000858306885,50400.0,0.05000000074505806,21551.0,51789995.0,-21551.0,-51763160.0,0.0,-26835.0,0.0,-26835.0,0.0,0.0,0.0,0.0,0.0,0.0,0.0,0.0,0.0,0.0,0.0,0.0,0.0,0.0
330730,스톤브릿지벤처스,코스닥,기타 금융업,"창업투자, 사모투자",4895.0,24963.0,121505640.0,2.4100000858306885,371145.0,0.3100000023841858,1264.0,6138315.0,-1268.0,-6157990.0,2.0,9915.0,2.0,9915.0,0.0,0.0,0.0,0.0,0.0,0.0,0.0,0.0,0.0,0.0,0.0,0.0,2.0,9760.0
352090,스톰테크,코스닥,플라스틱제품 제조업,"정수기 피팅, 밸브, 파우셋 등 부품",3595.0,32468.0,115742639.0,0.9800000190734863,5786449.0,5.0,15515.0,55460794.0,-15915.0,-56892794.0,0.0,0.0,0.0,0.0,0.0,0.0,0.0,0.0,0.0,0.0,0.0,0.0,0.0,0.0,400.0,1432000.0,0.0,0.0
253450,스튜디오드래곤,코스닥,"영화, 비디오물, 방송프로그램 제작 및 배급업","드라마 제작, 판매",21900.0,71984.0,1576589500.0,0.6899999976158142,220513200.0,10.850000381469727,13365.0,290864550.0,-16805.0,-366510475.0,3886.0,85840625.0,3837.0,84769700.0,0.0,0.0,48.0,1049125.0,0.0,0.0,0.0,0.0,0.0,0.0,274.0,6014300.0,-720.0,-16209000.0
408900,스튜디오미르,코스닥,"영화, 비디오물, 방송프로그램 제작 및 배급업",애니메이션 제작,1023.0,37988.0,38538430.0,-0.28999999165534973,350398.0,0.9100000262260437,6799.0,6826332.0,-6724.0,-6749701.0,-75.0,-76631.0,-75.0,-76631.0,0.0,0.0,0.0,0.0,0.0,0.0,0.0,0.0,0.0,0.0,0.0,0.0,0.0,0.0
415380,스튜디오삼익,코스닥,기타 생활용품 소매업,"침실가구, 거실가구, 옷장/수납, 주방가구 등",1976.0,14991.0,29452076.0,-0.05000000074505806,3895.0,0.009999999776482582,3388.0,6649095.0,-2352.0,-4619246.0,519.0,1016216.0,519.0,1016216.0,0.0,0.0,0.0,0.0,0.0,0.0,0.0,0.0,0.0,0.0,-1555.0,-3046065.0,0.0,0.0
475040,스트라드비젼,코스닥,소프트웨어 개발 및 공급업,딥러닝 기반 인공지능(AI) 카메라 영상인식 소프트웨어,3225.0,977232.0,3101077179.0,4.369999885559082,48584630.0,1.5700000524520874,-43047.0,-140634253.0,41122.0,134414913.0,3174.0,10035915.0,3174.0,10035915.0,0.0,0.0,0.0,0.0,0.0,0.0,0.0,0.0,0.0,0.0,585.0,1929355.0,-1834.0,-5745930.0
013810,스페코,코스닥,특수 목적용 기계 제조업,아스팔트믹싱플랜트,1594.0,30148.0,48161392.0,-0.6899999976158142,0.0,0.0,5109.0,8114424.0,-5109.0,-8114424.0,0.0,0.0,0.0,0.0,0.0,0.0,0.0,0.0,0.0,0.0,0.0,0.0,0.0,0.0,0.0,0.0,0.0,0.0
347700,스피어,코스닥,소프트웨어 개발 및 공급업,우주항공산업 관련 부품 등 판매 / 디지털헬스 소프트웨어 개발 및 공급,25750.0,651580.0,16706750225.0,2.5899999141693115,265929600.0,1.590000033378601,-105414.0,-2733058625.0,-18180.0,-467913700.0,121445.0,3140960425.0,3347.0,86287275.0,2169.0,56190650.0,1727.0,44459325.0,0.0,0.0,32018.0,828915525.0,82185.0,2125133400.0,2337.0,64358950.0,-188.0,-4347050.0
049830,승일,코스닥,기타 금속 가공제품 제조업,"에어졸캔,에어졸발브,일반관",6510.0,302.0,1960500.0,1.399999976158142,19890.0,1.0099999904632568,-10.0,-67140.0,10.0,67140.0,0.0,0.0,0.0,0.0,0.0,0.0,0.0,0.0,0.0,0.0,0.0,0.0,0.0,0.0,0.0,0.0,0.0,0.0
020710,시공테크,코스닥,전문디자인업,"박물관, 전시관, 엑스포, 특수영상",3450.0,102589.0,346952607.0,2.8299999237060547,12042640.0,3.4700000286102295,43105.0,146187200.0,-42987.0,-145788900.0,1.0,3325.0,1.0,3325.0,0.0,0.0,0.0,0.0,0.0,0.0,0.0,0.0,0.0,0.0,-119.0,-401625.0,0.0,0.0
033170,시그네틱스,코스닥,반도체 제조업,반도체 패키징,340.0,0.0,0.0,0.0,0.0,0.0,0.0,0.0,0.0,0.0,0.0,0.0,0.0,0.0,0.0,0.0,0.0,0.0,0.0,0.0,0.0,0.0,0.0,0.0,0.0,0.0,0.0,0.0
048870,시너지이노베이션,코스닥,의료용 기기 제조업,카메라 어플리케이션 프로세서(CAP),1650.0,497931.0,809176247.0,3.450000047683716,24608748.0,3.0399999618530273,-11166.0,-19455473.0,31087.0,51830730.0,-19919.0,-32371957.0,-19919.0,-32371957.0,0.0,0.0,0.0,0.0,0.0,0.0,0.0,0.0,0.0,0.0,0.0,0.0,-2.0,-3300.0
025320,시노펙스,코스닥,전자부품 제조업,"전자부품, 필터",4130.0,401115.0,1646850206.0,3.7699999809265137,103523057.0,4.019999980926514,-106735.0,-439245095.0,84961.0,349810785.0,21824.0,89635960.0,21588.0,88664545.0,-50.0,-205320.0,286.0,1176735.0,0.0,0.0,0.0,0.0,0.0,0.0,0.0,0.0,-50.0,-201650.0
340810,시선AI,코스닥,소프트웨어 개발 및 공급업,"AI얼굴인식 시스템, AI얼굴인증 솔루션, AI 객체인식 솔루션, AI데이터 플랫폼",3520.0,77588.0,273968976.0,0.0,1784835.0,0.6499999761581421,4385.0,15490011.0,-4107.0,-14490601.0,0.0,0.0,0.0,0.0,0.0,0.0,0.0,0.0,0.0,0.0,0.0,0.0,0.0,0.0,-278.0,-999410.0,0.0,0.0
269620,시스웍,코스닥,"측정, 시험, 항해, 제어 및 기타 정밀기기 제조업; 광학기기 제외","클린룸 제어시스템, BLDC모터, 공조장치 제어기 등",6.0,30611838.0,202740846.0,-33.33000183105469,0.0,0.0,-553216.0,-3689881.0,301912.0,1991049.0,0.0,0.0,0.0,0.0,0.0,0.0,0.0,0.0,0.0,0.0,0.0,0.0,0.0,0.0,0.0,0.0,251304.0,1698832.0
056090,시지메드텍,코스닥,의료용 기기 제조업,정형외과용 신체보정용 의료기기,1058.0,213050.0,224153235.0,-0.09000000357627869,915268.0,0.4099999964237213,51177.0,53680161.0,-62470.0,-65535281.0,0.0,0.0,0.0,0.0,0.0,0.0,0.0,0.0,0.0,0.0,0.0,0.0,0.0,0.0,11393.0,11959920.0,-100.0,-104800.0
429270,시지트로닉스,코스닥,반도체 제조업,특화반도체 소자,3500.0,32482.0,115258550.0,-0.14000000059604645,357650.0,0.3100000023841858,-7882.0,-27985115.0,7842.0,27844315.0,0.0,0.0,0.0,0.0,0.0,0.0,0.0,0.0,0.0,0.0,0.0,0.0,0.0,0.0,0.0,0.0,40.0,140800.0
418250,시큐레터,코스닥,소프트웨어 개발 및 공급업,"SLE(이메일 보안), SLF(파일 보안)",6550.0,0.0,0.0,0.0,0.0,0.0,0.0,0.0,0.0,0.0,0.0,0.0,0.0,0.0,0.0,0.0,0.0,0.0,0.0,0.0,0.0,0.0,0.0,0.0,0.0,0.0,0.0,0.0
131090,시큐브,코스닥,소프트웨어 개발 및 공급업,"시스템보안관리솔루션, 정보유출방지솔루션",4150.0,26998.0,109833410.0,3.490000009536743,24350.0,0.019999999552965164,-10137.0,-41026300.0,10181.0,41165460.0,1200.0,4854000.0,1200.0,4854000.0,0.0,0.0,0.0,0.0,0.0,0.0,0.0,0.0,0.0,0.0,-1244.0,-4993160.0,0.0,0.0
290520,신도기연,코스닥,특수 목적용 기계 제조업,"OLED용 후공정장비(라미네이터, 오토클레이브 등)",1579.0,26413.0,41429594.0,-3.309999942779541,0.0,0.0,-1198.0,-1865048.0,1198.0,1865048.0,0.0,0.0,0.0,0.0,0.0,0.0,0.0,0.0,0.0,0.0,0.0,0.0,0.0,0.0,0.0,0.0,0.0,0.0
001000,신라섬유,코스닥,부동산 임대 및 공급업,부동산,462.0,445214.0,205474447.0,-1.2799999713897705,55974.0,0.029999999329447746,-94284.0,-42971662.0,97185.0,44303108.0,0.0,0.0,0.0,0.0,0.0,0.0,0.0,0.0,0.0,0.0,0.0,0.0,0.0,0.0,0.0,0.0,-2901.0,-1331446.0
025870,신라에스지,코스닥,음·식료품 및 담배 도매업,수산물도매,2500.0,75521.0,184134295.0,-4.579999923706055,398175.0,0.2199999988079071,5388.0,11255950.0,-6337.0,-13581785.0,944.0,2313810.0,944.0,2313810.0,0.0,0.0,0.0,0.0,0.0,0.0,0.0,0.0,0.0,0.0,0.0,0.0,5.0,12025.0
215600,신라젠,코스닥,자연과학 및 공학 연구개발업,펙사벡(바이러스 항암면역치료제),2445.0,5978647.0,15069891190.0,7.0,2445.0,0.0,-51368.0,-108958434.0,37661.0,74551447.0,346.0,836015.0,346.0,836015.0,0.0,0.0,0.0,0.0,0.0,0.0,0.0,0.0,0.0,0.0,2155.0,5693467.0,11206.0,27877505.0
065350,신성델타테크,코스닥,가정용 기기 제조업,"세탁기, 자동차, 에어컨 및 LCD 부품",30000.0,90672.0,2723092000.0,2.0399999618530273,242112100.0,6.260000228881836,-3148.0,-95504100.0,-3525.0,-106478450.0,6673.0,201982550.0,6621.0,200419700.0,-15.0,-450200.0,67.0,2013050.0,0.0,0.0,0.0,0.0,0.0,0.0,0.0,0.0,0.0,0.0
416180,신성에스티,코스닥,자동차 신품 부품 제조업,전기차/2차전지 Busbar 및 배터리모듈 보호 부품 등,23300.0,20469.0,483838475.0,3.0999999046325684,31416400.0,3.9600000381469727,-5890.0,-139630575.0,838.0,19071475.0,5065.0,120864050.0,-573.0,-13332600.0,0.0,0.0,5638.0,134196650.0,0.0,0.0,0.0,0.0,0.0,0.0,-2.0,-47000.0,-11.0,-257950.0
162300,신스틸,코스닥,1차 철강 제조업,"컬러강판, 아연도금강판 등 강판류",1694.0,1276123.0,2219209421.0,2.2899999618530273,2075852.0,0.09000000357627869,27745.0,54862716.0,-30073.0,-59393141.0,138.0,555265.0,138.0,555265.0,0.0,0.0,0.0,0.0,0.0,0.0,0.0,0.0,0.0,0.0,0.0,106566.0,2190.0,3868594.0
002800,신신제약,코스닥,의약품 제조업,파스류 (신신파스 아렉스 등),4445.0,23924.0,106115360.0,-0.2199999988079071,3097335.0,2.9200000762939453,5412.0,24066775.0,-5392.0,-23978070.0,0.0,0.0,0.0,0.0,0.0,0.0,0.0,0.0,0.0,0.0,0.0,0.0,0.0,0.0,0.0,0.0,-20.0,-88705.0
472220,신영스팩10호,코스닥,금융 지원 서비스업,기업인수합병,2110.0,137223.0,289441840.0,0.0,0.0,0.0,24648.0,51909040.0,0.0,0.0,-24648.0,-51909040.0,0.0,0.0,0.0,0.0,-18132.0,-38192860.0,0.0,0.0,0.0,0.0,-6516.0,-13716180.0,0.0,0.0,0.0,0.0
0091W0,신영스팩11호,코스닥,금융 지원 서비스업,기업인수합병,2005.0,20465.0,41123330.0,-0.25,0.0,0.0,2971.0,5956135.0,29.0,58755.0,-3000.0,-6014890.0,0.0,0.0,0.0,0.0,0.0,0.0,0.0,0.0,0.0,0.0,-3000.0,-6014890.0,0.0,0.0,0.0,0.0
017000,신원종합개발,코스닥,건물 건설업,토건,2395.0,37777.0,90130560.0,-1.0299999713897705,637935.0,0.7099999785423279,5849.0,13900605.0,-6597.0,-15697320.0,306.0,731940.0,306.0,731940.0,0.0,0.0,0.0,0.0,0.0,0.0,0.0,0.0,0.0,0.0,0.0,0.0,442.0,1064775.0
012790,신일제약,코스닥,의약품 제조업,"디펜플라스타, 맥스케어, 트레스, 리피칸",5850.0,14114.0,83004930.0,-0.3400000035762787,3482770.0,4.199999809265137,-4796.0,-28297360.0,-3484.0,-20369120.0,1000.0,5858400.0,0.0,-90.0,0.0,0.0,0.0,0.0,0.0,0.0,0.0,0.0,1000.0,5858490.0,7280.0,42808080.0,0.0,0.0
138070,신진에스엠,코스닥,기타 금속 가공제품 제조업,표준 플레이트,1531.0,7643.0,11499870.0,-0.7099999785423279,0.0,0.0,23.0,34313.0,-23.0,-34313.0,0.0,0.0,0.0,0.0,0.0,0.0,0.0,0.0,0.0,0.0,0.0,0.0,0.0,0.0,0.0,0.0,0.0,0.0
226330,신테카바이오,코스닥,소프트웨어 개발 및 공급업,유전체 빅데이터 기반의 AI신약개발 및 정밀의료서비스,1255.0,1971768.0,2473284128.0,19.520000457763672,1219709.0,0.05000000074505806,-7442.0,2190200.0,-15328.0,-31931421.0,0.0,1571887.0,0.0,1571887.0,0.0,0.0,0.0,0.0,0.0,0.0,0.0,0.0,0.0,0.0,44609.0,53219506.0,-21839.0,-25050172.0
474660,신한제12호스팩,코스닥,금융 지원 서비스업,금융서비스(기업인수목적회사),2075.0,5192.0,10754755.0,0.23999999463558197,0.0,0.0,716.0,1482120.0,0.0,0.0,-716.0,-1482120.0,0.0,0.0,0.0,0.0,0.0,0.0,0.0,0.0,0.0,0.0,-716.0,-1482120.0,0.0,0.0,0.0,0.0
474930,신한제13호스팩,코스닥,금융 지원 서비스업,기타금융서비스(기업합병),2080.0,1105.0,2287915.0,0.23999999463558197,0.0,0.0,-1.0,-2085.0,1.0,2085.0,0.0,0.0,0.0,0.0,0.0,0.0,0.0,0.0,0.0,0.0,0.0,0.0,0.0,0.0,0.0,0.0,0.0,0.0
487360,신한제14호스팩,코스닥,금융 지원 서비스업,금융 지원 서비스업,2020.0,5130.0,10359120.0,-0.25,0.0,0.0,574.0,1155980.0,0.0,0.0,-574.0,-1155980.0,4426.0,8940520.0,0.0,0.0,0.0,0.0,0.0,0.0,0.0,0.0,-5000.0,-10096500.0,0.0,0.0,0.0,0.0
487830,신한제15호스팩,코스닥,금융 지원 서비스업,금융 지원 서비스업,2025.0,7725.0,15575470.0,0.0,0.0,0.0,5030.0,10135105.0,-30.0,-60600.0,-5000.0,-10074505.0,0.0,0.0,0.0,0.0,0.0,0.0,0.0,0.0,0.0,0.0,-5000.0,-10074505.0,0.0,0.0,0.0,0.0
496070,신한제16호스팩,코스닥,금융 지원 서비스업,기타금융서비스(기업합병),1993.0,7582.0,15090349.0,-0.20000000298023224,0.0,0.0,4884.0,9718204.0,-1.0,-1995.0,-4883.0,-9716209.0,1617.0,3217808.0,0.0,0.0,0.0,0.0,0.0,0.0,0.0,0.0,-6500.0,-12934017.0,0.0,0.0,0.0,0.0
0130D0,신한제17호스팩,코스닥,금융 지원 서비스업,금융지원 서비스업,1968.0,6043.0,11891390.0,-0.15000000596046448,0.0,0.0,4870.0,9581037.0,130.0,255932.0,-5000.0,-9836969.0,0.0,0.0,0.0,0.0,0.0,0.0,0.0,0.0,0.0,0.0,-5000.0,-9836969.0,0.0,0.0,0.0,0.0
0129K0,신한제18호스팩,코스닥,금융 지원 서비스업,금융 지원 서비스업,1966.0,11513.0,22628465.0,0.0,0.0,0.0,7063.0,13880316.0,-63.0,-123668.0,-7000.0,-13756648.0,0.0,0.0,0.0,0.0,0.0,0.0,0.0,0.0,0.0,0.0,-7000.0,-13756648.0,0.0,0.0,0.0,0.0
056700,신화인터텍,코스닥,플라스틱제품 제조업,디스플레이 BLU용 광학필름,1407.0,9914.0,13965792.0,-0.5699999928474426,1488568.0,10.65999984741211,225.0,315949.0,-2052.0,-2887158.0,0.0,-38.0,0.0,-38.0,0.0,0.0,0.0,0.0,0.0,0.0,0.0,0.0,0.0,0.0,1800.0,2533310.0,27.0,37937.0
187270,신화콘텍,코스닥,"전동기, 발전기 및 전기 변환 · 공급 · 제어 장치 제조업","커넥터(정보통신기기용, 디스플레이용, HDD용 등)",3080.0,9046.0,27759470.0,0.6499999761581421,839975.0,3.0299999713897705,756.0,2382670.0,-756.0,-2382670.0,0.0,0.0,0.0,0.0,0.0,0.0,0.0,0.0,0.0,0.0,0.0,0.0,0.0,0.0,0.0,0.0,0.0,0.0
095190,신화프리텍,코스닥,기타 금속 가공제품 제조업,CNC공작기계등,1879.0,97929.0,185245288.0,0.0,491527.0,0.27000001072883606,11135.0,20917834.0,-15498.0,-29341370.0,4363.0,8423536.0,4363.0,8423536.0,0.0,0.0,0.0,0.0,0.0,0.0,0.0,0.0,0.0,0.0,0.0,0.0,0.0,0.0
243840,신흥에스이씨,코스닥,일차전지 및 이차전지 제조업,"2차전지용 안전 부품(Cap Assembly, CID)",5260.0,174692.0,930317400.0,1.940000057220459,20751780.0,2.2300000190734863,17652.0,92900800.0,-29318.0,-155254120.0,11556.0,61797320.0,-1600.0,-8361300.0,0.0,0.0,13156.0,70158620.0,0.0,0.0,0.0,0.0,0.0,0.0,0.0,0.0,110.0,556000.0
257720,실리콘투,코스닥,상품 종합 도매업,화장품 유통,45950.0,1293152.0,59666560625.0,1.4299999475479126,924858950.0,1.0,-120837.0,-5603892300.0,67441.0,3136590325.0,23133.0,1071387850.0,60849.0,2824104025.0,-7362.0,-340285975.0,9542.0,435600450.0,8.0,368500.0,-36049.0,-1666457475.0,-3855.0,-181941675.0,28764.0,1326593675.0,1499.0,69320450.0
222800,심텍,코스닥,전자부품 제조업,반도체용 인쇄회로기판,114900.0,592567.0,67967890400.0,3.7899999618530273,8003234650.0,7.46999979019165,-39388.0,-4679945950.0,-11061.0,-1161322800.0,50618.0,5862194800.0,-7014.0,-792278250.0,3807.0,439110450.0,5383.0,633488300.0,0.0,0.0,23021.0,2650854650.0,25422.0,2931135150.0,-159.0,-18897550.0,-10.0,-2028500.0
036710,심텍홀딩스,코스닥,회사 본부 및 경영 컨설팅 서비스업,반도체용 인쇄회로기판,4120.0,204424.0,837923360.0,2.869999885559082,56424957.0,6.730000019073486,-12597.0,-52527666.0,10127.0,42189026.0,2999.0,12510105.0,-1.0,-31675.0,0.0,0.0,0.0,0.0,0.0,0.0,0.0,0.0,3000.0,12541780.0,0.0,0.0,-529.0,-2171465.0
444530,심플랫폼,코스닥,소프트웨어 개발 및 공급업,NUBISON AIoT(산업용 데이터 수집과 산업용 AI서비스 운영),4590.0,7570.0,34112041.0,2.0,694455.0,2.0399999618530273,-176.0,-638746.0,274.0,1076806.0,-98.0,-438060.0,-98.0,-438060.0,0.0,0.0,0.0,0.0,0.0,0.0,0.0,0.0,0.0,0.0,0.0,0.0,0.0,0.0
234030,싸이닉솔루션,코스닥,반도체 제조업,"ASIC, ASSP, 용역, 상품 등",3170.0,37437.0,119368269.0,-0.1599999964237213,2764245.0,2.319999933242798,2896.0,9183939.0,-2549.0,-8070304.0,-247.0,-791635.0,-247.0,-791635.0,0.0,0.0,0.0,0.0,0.0,0.0,0.0,0.0,0.0,0.0,0.0,0.0,-100.0,-322000.0
160980,싸이맥스,코스닥,특수 목적용 기계 제조업,"웨이퍼 이송장치(Cluster Tool, EFEM, LPM 등)",28300.0,99161.0,2862191975.0,-2.4100000858306885,50086850.0,1.75,33263.0,958094225.0,-5970.0,-170349850.0,-28084.0,-810596225.0,50.0,1492700.0,0.0,0.0,-5290.0,-152723175.0,0.0,0.0,0.0,0.0,-22844.0,-659365750.0,792.0,22881200.0,-1.0,-29350.0
356890,싸이버원,코스닥,소프트웨어 개발 및 공급업,보안관제 및 보안컨설팅 등,2375.0,19896.0,46846320.0,1.5,679350.0,1.4500000476837158,-1909.0,-4309050.0,2034.0,4612800.0,-125.0,-303750.0,-125.0,-303750.0,0.0,0.0,0.0,0.0,0.0,0.0,0.0,0.0,0.0,0.0,0.0,0.0,0.0,0.0
217330,싸이토젠,코스닥,자연과학 및 공학 연구개발업,CTC 기반 Liquid Biopsy 응용사업 및 플랫폼,3395.0,82527.0,279329337.0,0.5899999737739563,985585.0,0.3499999940395355,-16278.0,-55115048.0,15910.0,53914793.0,952.0,3284765.0,952.0,3284765.0,0.0,0.0,0.0,0.0,0.0,0.0,0.0,0.0,0.0,0.0,0.0,0.0,-584.0,-2084510.0
208640,썸에이지,코스닥,소프트웨어 개발 및 공급업,소프트웨어 개발 및 공급업,692.0,192971.0,136486767.0,-6.230000019073486,2146457.0,1.5700000524520874,50266.0,35103967.0,-54234.0,-38095860.0,0.0,0.0,0.0,0.0,0.0,0.0,0.0,0.0,0.0,0.0,0.0,0.0,0.0,0.0,0.0,0.0,3968.0,2991893.0
222420,쎄노텍,코스닥,기타 비금속 광물제품 제조업,세라믹 비드,914.0,76699.0,69716260.0,1.6699999570846558,276447.0,0.4000000059604645,-7295.0,-6569568.0,7283.0,6558540.0,0.0,0.0,0.0,0.0,0.0,0.0,0.0,0.0,0.0,0.0,0.0,0.0,0.0,0.0,0.0,0.0,12.0,11028.0
037760,쎄니트,코스닥,1차 철강 제조업,스테인레스 냉연강판,2400.0,39936.0,93108420.0,-1.2300000190734863,709350.0,0.7599999904632568,3091.0,7387945.0,-3182.0,-7590450.0,91.0,202505.0,91.0,202505.0,0.0,0.0,0.0,0.0,0.0,0.0,0.0,0.0,0.0,0.0,0.0,0.0,0.0,0.0
081180,쎄크,코스닥,일반 목적용 기계 제조업,"X-ray 검사장비, LINAC, Tabletop SEM",5410.0,42924.0,231731850.0,-1.4600000381469727,932810.0,0.4000000059604645,-1912.0,-10505930.0,1860.0,10230130.0,0.0,0.0,0.0,0.0,0.0,0.0,0.0,0.0,0.0,0.0,0.0,0.0,0.0,0.0,50.0,265000.0,2.0,10800.0
099320,쎄트렉아이,코스닥,"항공기,우주선 및 부품 제조업","인공위성시스템, 위성지상국, 위성부분품 개발 및 제조",75300.0,27439.0,2089698950.0,-2.0799999237060547,112725400.0,3.7899999618530273,4665.0,352842900.0,-7053.0,-537058200.0,2253.0,174048300.0,2324.0,179448800.0,-14.0,-1060900.0,-54.0,-4114100.0,0.0,0.0,-2.0,-150400.0,0.0,0.0,134.0,10090100.0,1.0,76900.0
049960,쎌바이오텍,코스닥,기초 의약물질 제조업,유산균 원말 및 완제품,15230.0,7834.0,118402920.0,0.12999999523162842,1155540.0,0.9800000190734863,1522.0,22990670.0,-1406.0,-21254950.0,0.0,0.0,0.0,0.0,0.0,0.0,0.0,0.0,0.0,0.0,0.0,0.0,0.0,0.0,0.0,0.0,-116.0,-1735720.0
088280,쏘닉스,코스닥,반도체 제조업,RF필터 파운드리,2410.0,63283.0,153240070.0,-4.369999885559082,721870.0,0.4699999988079071,8974.0,21670449.0,-9174.0,-22147449.0,0.0,0.0,0.0,0.0,0.0,0.0,0.0,0.0,0.0,0.0,0.0,0.0,0.0,0.0,0.0,0.0,200.0,477000.0
050890,쏠리드,코스닥,통신 및 방송 장비 제조업,"이동통신중계기,위성DMB용중계기",9500.0,339636.0,3246153320.0,1.5,113864620.0,3.509999990463257,11895.0,113063055.0,-32575.0,-311464205.0,20653.0,198142730.0,15471.0,148845525.0,-31.0,-294505.0,5213.0,49591710.0,0.0,0.0,0.0,0.0,0.0,0.0,100.0,951000.0,-73.0,-692580.0
394800,쓰리빌리언,코스닥,자연과학 및 공학 연구개발업,유전체 분석 기반 희귀 유전질환 진단 검사 서비스,5780.0,124490.0,725498075.0,-0.17000000178813934,8779120.0,0.7400000095367432,32724.0,186805745.0,-35622.0,-203683195.0,1803.0,10536600.0,1803.0,10536600.0,0.0,0.0,0.0,0.0,0.0,0.0,0.0,0.0,0.0,0.0,675.0,3904850.0,420.0,2436000.0
177900,쓰리에이로직스,코스닥,반도체 제조업,NFC/IoT SoC 및 모듈,4035.0,17562.0,70870730.0,1.3799999952316284,906245.0,1.2799999713897705,-4046.0,-16223500.0,3515.0,14111475.0,531.0,2112025.0,531.0,2112025.0,0.0,0.0,0.0,0.0,0.0,0.0,0.0,0.0,0.0,0.0,0.0,0.0,0.0,0.0
475400,씨메스로보틱스,코스닥,특수 목적용 기계 제조업,AI 기반 로봇 솔루션 및 3D 비전 솔루션,19780.0,31282.0,623008760.0,-0.949999988079071,299160.0,0.029999999329447746,13168.0,261655890.0,-4137.0,-82180600.0,-9001.0,-178883390.0,131.0,2592750.0,-24.0,-474000.0,-9093.0,-180705940.0,0.0,0.0,-14.0,-276470.0,0.0,0.0,0.0,0.0,-30.0,-591900.0
109670,씨싸이트,코스닥,봉제의복 제조업,니트류 OEM,3795.0,10431.0,39010655.0,-1.2999999523162842,0.0,0.0,-1995.0,-7417735.0,1995.0,7417735.0,0.0,0.0,0.0,0.0,0.0,0.0,0.0,0.0,0.0,0.0,0.0,0.0,0.0,0.0,0.0,0.0,0.0,0.0
066790,씨씨에스,코스닥,텔레비전 방송업,케이블TV서비스 및 초고속인터넷서비스,2205.0,0.0,0.0,0.0,0.0,0.0,0.0,0.0,0.0,0.0,0.0,0.0,0.0,0.0,0.0,0.0,0.0,0.0,0.0,0.0,0.0,0.0,0.0,0.0,0.0,0.0,0.0,0.0
352480,씨앤씨인터내셔널,코스닥,기타 화학제품 제조업,색조 화장품,21650.0,20373.0,435367350.0,4.340000152587891,71383875.0,12.890000343322754,-9107.0,-195910425.0,-913.0,-19086525.0,10023.0,215067200.0,10521.0,225657825.0,0.0,0.0,-455.0,-9673275.0,0.0,0.0,0.0,0.0,-43.0,-917350.0,-1.0,-27450.0,-2.0,-42800.0
264660,씨앤지하이테크,코스닥,특수 목적용 기계 제조업,"약액혼합공급장치, 화학약품재생장치",13480.0,16532.0,224292735.0,0.9700000286102295,5722860.0,2.549999952316284,-16.0,-344670.0,16.0,344670.0,0.0,0.0,0.0,0.0,0.0,0.0,0.0,0.0,0.0,0.0,0.0,0.0,0.0,0.0,0.0,0.0,0.0,0.0
352700,씨앤투스,코스닥,화학섬유 제조업,"에어필터, 산업용 및 보건용 마스크",1303.0,61109.0,79350662.0,-1.659999966621399,3963.0,0.0,21521.0,27873217.0,-18795.0,-24447883.0,-2726.0,-3425334.0,-2726.0,-3425334.0,0.0,0.0,0.0,0.0,0.0,0.0,0.0,0.0,0.0,0.0,0.0,0.0,0.0,0.0
458870,씨어스,코스닥,의료용 기기 제조업,심전도검사솔루션 입원환자모니터링솔루션,23050.0,128830.0,2971012500.0,1.9900000095367432,138734200.0,2.7300000190734863,8352.0,187345050.0,6524.0,156532300.0,-18435.0,-425900250.0,1747.0,40348200.0,-22.0,-506800.0,-19890.0,-459547225.0,0.0,0.0,0.0,0.0,-270.0,-6194425.0,3006.0,69294350.0,553.0,12728550.0
297090,씨에스베어링,코스닥,일반 목적용 기계 제조업,"풍력용 선회베어링, 산업용 선회베어링",3885.0,53565.0,209593255.0,2.240000009536743,31304970.0,14.9399995803833,133.0,721185.0,2190.0,8333775.0,-2183.0,-8501960.0,-2183.0,-8501960.0,0.0,0.0,0.0,0.0,0.0,0.0,0.0,0.0,0.0,0.0,-140.0,-553000.0,0.0,0.0
900120,씨엑스아이,코스닥,기타 금융업,건강보조식품,915.0,24737.0,22426768.0,-0.8700000047683716,60634.0,0.27000001072883606,-3703.0,-3370624.0,6864.0,6231329.0,0.0,0.0,0.0,0.0,0.0,0.0,0.0,0.0,0.0,0.0,0.0,0.0,0.0,0.0,-3161.0,-2860705.0,0.0,0.0
359090,씨엔알리서치,코스닥,"그외 기타 전문, 과학 및 기술 서비스업",금융 지원 서비스,1981.0,4473.0,8785017.0,-0.4000000059604645,0.0,0.0,1671.0,3282735.0,-1671.0,-3282735.0,0.0,0.0,0.0,0.0,0.0,0.0,0.0,0.0,0.0,0.0,0.0,0.0,0.0,0.0,0.0,0.0,0.0,0.0
115530,씨엔플러스,코스닥,전자부품 제조업,커넥터,2980.0,22769.0,67752825.0,0.6800000071525574,178030.0,0.25999999046325684,6917.0,20635330.0,-6917.0,-20635330.0,0.0,0.0,0.0,0.0,0.0,0.0,0.0,0.0,0.0,0.0,0.0,0.0,0.0,0.0,0.0,0.0,0.0,0.0
388210,씨엠티엑스,코스닥,전자부품 제조업,반도체 장비용 소모성 부품,74500.0,38713.0,2871479100.0,0.949999988079071,33499600.0,0.8299999833106995,5335.0,391465950.0,9173.0,680150700.0,-14883.0,-1099103250.0,117.0,8870500.0,-57.0,-4240800.0,483.0,36383400.0,0.0,0.0,-4.0,-297400.0,-15421.0,-1139744850.0,421.0,30956400.0,-46.0,-3469800.0
115480,씨유메디칼,코스닥,의료용 기기 제조업,심장제세동기,2180.0,19185.0,41290669.0,-0.6800000071525574,0.0,0.0,-2131.0,-4529451.0,2131.0,4529451.0,0.0,0.0,0.0,0.0,0.0,0.0,0.0,0.0,0.0,0.0,0.0,0.0,0.0,0.0,0.0,0.0,0.0,0.0
376290,씨유테크,코스닥,전자부품 제조업,"휴대폰, 전장 등 실장부품",2875.0,28399.0,82405695.0,-0.17000000178813934,0.0,0.0,-13497.0,-39225680.0,-6201.0,-17998680.0,19939.0,57918440.0,19939.0,57918440.0,0.0,0.0,0.0,0.0,0.0,0.0,0.0,0.0,0.0,0.0,-241.0,-694080.0,0.0,0.0
189330,씨이랩,코스닥,소프트웨어 개발 및 공급업,빅데이터플랫폼,18180.0,766019.0,13734902180.0,3.950000047683716,201726170.0,1.4700000286102295,-681.0,17302500.0,-1326.0,-50989700.0,0.0,0.0,0.0,0.0,0.0,0.0,0.0,0.0,0.0,0.0,0.0,0.0,0.0,0.0,1437.0,23637980.0,570.0,10049220.0
096530,씨젠,코스닥,의료용품 및 기타 의약 관련제품 제조업,"호흡기성 병원체 검사제품, 성감염증원인균 검사제품",31250.0,258874.0,7992911075.0,4.170000076293945,910525200.0,8.869999885559082,-31005.0,-965448150.0,36109.0,1113625850.0,-5712.0,-167111950.0,10616.0,327158675.0,0.0,0.0,-22956.0,-699478975.0,0.0,0.0,2601.0,80531250.0,4027.0,124677100.0,1137.0,35494850.0,-529.0,-16560600.0
101240,씨큐브,코스닥,기초 화학물질 제조업,진주광택안료,3530.0,36952.0,130036765.0,-1.940000057220459,459560.0,0.3499999940395355,6639.0,23352700.0,-6796.0,-23883685.0,57.0,182985.0,57.0,182985.0,0.0,0.0,0.0,0.0,0.0,0.0,0.0,0.0,0.0,0.0,0.0,0.0,100.0,348000.0
060590,씨티씨바이오,코스닥,의약품 제조업,"동물용항병원성제품, 생균효소제",3055.0,30447.0,93348275.0,2.1700000762939453,0.0,0.0,-1967.0,-6152665.0,-193.0,-449745.0,2160.0,6602410.0,2160.0,6602410.0,0.0,0.0,0.0,0.0,0.0,0.0,0.0,0.0,0.0,0.0,0.0,0.0,0.0,0.0
260930,씨티케이,코스닥,기타 화학제품 제조업,완제 화장품 (색조 및 기초),2550.0,27355.0,69612225.0,0.0,905085.0,1.2999999523162842,9218.0,23535670.0,-10220.0,-26090740.0,0.0,0.0,0.0,0.0,0.0,0.0,0.0,0.0,0.0,0.0,0.0,0.0,0.0,0.0,1001.0,2552520.0,1.0,2550.0
413630,씨피시스템,코스닥,플라스틱제품 제조업,전기재료연결부품,3475.0,399081.0,1379592082.0,2.509999990463257,13472800.0,0.9800000190734863,-51803.0,-179603312.0,52364.0,181539267.0,0.0,0.0,0.0,0.0,0.0,0.0,0.0,0.0,0.0,0.0,0.0,0.0,0.0,0.0,-52.0,-179635.0,-509.0,-1756320.0
013990,아가방컴퍼니,코스닥,생활용품 도매업,유아용 의류 및 용품,4255.0,65412.0,281869576.0,-1.7300000190734863,22405420.0,7.949999809265137,18760.0,81142730.0,-18960.0,-81998730.0,0.0,0.0,0.0,0.0,0.0,0.0,0.0,0.0,0.0,0.0,0.0,0.0,0.0,0.0,0.0,0.0,200.0,856000.0
175140,아고스,코스닥,통신 및 방송 장비 제조업,"웨어러블 디바이스, 모바일 라우터",2375.0,25109.0,58669340.0,2.809999942779541,983990.0,1.6799999475479126,-2799.0,-6550040.0,2699.0,6312540.0,0.0,0.0,0.0,0.0,0.0,0.0,0.0,0.0,0.0,0.0,0.0,0.0,0.0,0.0,100.0,237500.0,0.0,0.0
123860,아나패스,코스닥,반도체 제조업,Timing Controller(TCON),13340.0,20568.0,272576630.0,-0.6700000166893005,1301570.0,0.47999998927116394,7126.0,95086270.0,-7175.0,-95798050.0,0.0,66960.0,0.0,66960.0,0.0,0.0,0.0,0.0,0.0,0.0,0.0,0.0,0.0,0.0,0.0,0.0,49.0,644820.0
025980,아난티,코스닥,일반 및 생활 숙박시설 운영업,리조트 운영 및 분양,5220.0,11442006.0,60244313650.0,-2.430000066757202,2636267455.0,4.380000114440918,265580.0,1408752930.0,-249323.0,-1325622075.0,-12595.0,-66182965.0,-7298.0,-38963495.0,0.0,0.0,-2022.0,-10360715.0,0.0,0.0,0.0,0.0,-3275.0,-16858755.0,3638.0,20653215.0,-7300.0,-37601105.0
0015N0,아로마티카,코스닥,기타 화학제품 제조업,천연·비건 화장품,9250.0,220499.0,2010768200.0,-1.600000023841858,46915485.0,2.3299999237060547,-23311.0,-208834710.0,8311.0,75488970.0,25247.0,229446930.0,0.0,0.0,0.0,0.0,814.0,7374600.0,0.0,0.0,7746.0,69217710.0,16687.0,152854620.0,-10377.0,-98438900.0,130.0,2337710.0
261780,아리바이오LAB,코스닥,자연과학 및 공학 연구개발업,백신 및 면역증강제 등,2440.0,689063.0,1612842393.0,9.65999984741211,47851880.0,2.9700000286102295,-71199.0,-170552450.0,-19776.0,-42897220.0,0.0,-6535.0,0.0,-6535.0,0.0,0.0,0.0,0.0,0.0,0.0,0.0,0.0,0.0,0.0,89413.0,209856500.0,1562.0,3599705.0
290690,아리바이오홀딩스,코스닥,전구 및 조명장치 제조업,"실내등(형광등, LED등), 실외등, 특수등",4025.0,642622.0,2618932119.0,-1.2300000190734863,10996595.0,0.41999998688697815,59989.0,242335954.0,-63667.0,-257387354.0,0.0,-10615.0,0.0,-10615.0,0.0,0.0,0.0,0.0,0.0,0.0,0.0,0.0,0.0,0.0,2987.0,12072645.0,691.0,2989370.0
125210,아모그린텍,코스닥,전자부품 제조업,비정질 및 나노결정립을 이용한 자성부품 및 전류센서,5720.0,75849.0,432277765.0,-0.17000000178813934,3119730.0,0.7200000286102295,-496.0,-2541430.0,404.0,2019290.0,1.0,2960.0,1.0,2960.0,0.0,0.0,0.0,0.0,0.0,0.0,0.0,0.0,0.0,0.0,0.0,0.0,91.0,519180.0
357580,아모센스,코스닥,전자부품 제조업,무선충전 차폐시트,5640.0,33216.0,187988020.0,0.0,4454740.0,2.369999885559082,8189.0,46307320.0,-8310.0,-46990210.0,-149.0,-841710.0,-110.0,-621630.0,-4.0,-22540.0,-30.0,-169320.0,0.0,0.0,-4.0,-22560.0,0.0,0.0,270.0,1524600.0,0.0,0.0
052710,아모텍,코스닥,전자부품 제조업,"칩바리스터, 아몰퍼스코어",12000.0,293895.0,3525777355.0,1.7799999713897705,1126756710.0,31.959999084472656,26027.0,315456045.0,-29648.0,-358198415.0,3223.0,37922650.0,-20612.0,-247218175.0,-5.0,-59940.0,9156.0,109593140.0,0.0,0.0,14684.0,175607625.0,0.0,0.0,398.0,4825800.0,0.0,-6080.0
074430,아미노로직스,코스닥,기초 의약물질 제조업,DVR용 영상처리 칩,1220.0,358637.0,435827953.0,0.07999999821186066,44119961.0,10.119999885559082,161869.0,195884891.0,-131869.0,-160435673.0,-30000.0,-35449218.0,0.0,2389.0,0.0,0.0,0.0,0.0,0.0,0.0,0.0,0.0,-30000.0,-35451607.0,0.0,0.0,0.0,0.0
092040,아미코젠,코스닥,기타 식품 제조업,제약용 특수효소 및 효소기반 바이오신소재,1000.0,722234.0,718134526.0,2.880000114440918,20872617.0,2.9100000858306885,-82639.0,-83956699.0,81753.0,83268383.0,820.0,622514.0,820.0,622514.0,0.0,0.0,0.0,0.0,0.0,0.0,0.0,0.0,0.0,0.0,66.0,65802.0,0.0,0.0
083930,아바코,코스닥,특수 목적용 기계 제조업,평판디스플레이제조용장비,11410.0,35851.0,407860690.0,1.4199999570846558,51836910.0,12.710000038146973,7745.0,87829660.0,-8028.0,-91040800.0,-3.0,-19220.0,-3.0,-19220.0,0.0,0.0,0.0,0.0,0.0,0.0,0.0,0.0,0.0,0.0,286.0,3230360.0,0.0,0.0
149950,아바텍,코스닥,전자부품 제조업,"Glass Slimming & ITO코팅 제품, PDP필터",9020.0,78047.0,701026250.0,4.039999961853027,22602500.0,3.2200000286102295,378.0,4591140.0,-3478.0,-32865840.0,0.0,-4400.0,0.0,-4400.0,0.0,0.0,0.0,0.0,0.0,0.0,0.0,0.0,0.0,0.0,3101.0,28288100.0,-1.0,-9000.0
036010,아비코전자,코스닥,전자부품 제조업,"인덕터, 저항기",7060.0,71028.0,500345010.0,1.7300000190734863,6193770.0,1.2400000095367432,-10067.0,-71707630.0,5365.0,38818420.0,4.0,-74320.0,4.0,-74320.0,0.0,0.0,0.0,0.0,0.0,0.0,0.0,0.0,0.0,0.0,4698.0,32963530.0,0.0,0.0
050860,아세아텍,코스닥,특수 목적용 기계 제조업,"농기계(관리기,SS기, 이앙기) 제조",1636.0,40658.0,66286998.0,-0.23999999463558197,24555.0,0.03999999910593033,3986.0,6489384.0,-3986.0,-6489384.0,0.0,0.0,0.0,0.0,0.0,0.0,0.0,0.0,0.0,0.0,0.0,0.0,0.0,0.0,0.0,0.0,0.0,0.0
136410,아셈스,코스닥,플라스틱제품 제조업,핫멜트 접착 필름,4175.0,14818.0,61625305.0,0.0,0.0,0.0,606.0,2555060.0,-499.0,-2105660.0,-47.0,-197400.0,-47.0,-197400.0,0.0,0.0,0.0,0.0,0.0,0.0,0.0,0.0,0.0,0.0,-60.0,-252000.0,0.0,0.0
246720,아스타,코스닥,의료용품 및 기타 의약 관련제품 제조업,MALDI-TOF 질량분석기 기반 진단시스템,6070.0,0.0,0.0,0.0,0.0,0.0,0.0,0.0,0.0,0.0,0.0,0.0,0.0,0.0,0.0,0.0,0.0,0.0,0.0,0.0,0.0,0.0,0.0,0.0,0.0,0.0,0.0,0.0
450950,아스테라시스,코스닥,의료용 기기 제조업,"피부 미용의료기기 제조, 판매",5400.0,28783.0,154526460.0,2.4700000286102295,9667230.0,3.930000066757202,-1981.0,-10521930.0,5318.0,28220770.0,-4837.0,-25775310.0,24.0,124130.0,-28.0,-149570.0,0.0,0.0,0.0,0.0,0.0,0.0,-4833.0,-25749870.0,0.0,0.0,1500.0,8076470.0
067390,아스트,코스닥,"항공기,우주선 및 부품 제조업",항공기용 부품 제조 및 동체 조립,506.0,0.0,0.0,0.0,0.0,0.0,0.0,0.0,0.0,0.0,0.0,0.0,0.0,0.0,0.0,0.0,0.0,0.0,0.0,0.0,0.0,0.0,0.0,0.0,0.0,0.0,0.0,0.0
159010,아스플로,코스닥,일반 목적용 기계 제조업,"강관, 피팅, 밸브류 등",22400.0,105771.0,2408332450.0,-1.100000023841858,16362100.0,0.6800000071525574,30391.0,692779250.0,779.0,8815150.0,-31878.0,-717914000.0,191.0,4298950.0,0.0,0.0,-17970.0,-407010350.0,0.0,0.0,0.0,0.0,-14099.0,-315202600.0,717.0,16526600.0,-9.0,-207000.0
127710,아시아경제,코스닥,"자료처리, 호스팅, 포털 및 기타 인터넷 정보매개 서비스업",광고 및 콘텐츠,1028.0,19443.0,19718806.0,0.7799999713897705,0.0,0.0,-703.0,-706533.0,-534.0,-542623.0,237.0,235656.0,237.0,235656.0,0.0,0.0,0.0,0.0,0.0,0.0,0.0,0.0,0.0,0.0,1000.0,1013500.0,0.0,0.0
154030,아시아종묘,코스닥,작물 재배업,종자,1633.0,28976.0,47293536.0,-2.509999990463257,692646.0,1.4600000381469727,-1795.0,-2847618.0,2155.0,3434856.0,41.0,63986.0,41.0,63986.0,0.0,0.0,0.0,0.0,0.0,0.0,0.0,0.0,0.0,0.0,-401.0,-651224.0,0.0,0.0
227610,아우딘퓨쳐스,코스닥,기타 화학제품 제조업,"기초화장품, 마스크팩 등",1287.0,41048.0,52214330.0,2.309999942779541,28248.0,0.05000000074505806,-5603.0,-7102140.0,4069.0,5101813.0,1534.0,2000327.0,1534.0,2000327.0,0.0,0.0,0.0,0.0,0.0,0.0,0.0,0.0,0.0,0.0,0.0,0.0,0.0,0.0
331740,아우토크립트,코스닥,소프트웨어 개발 및 공급업,자동차 사이버보안 소프트웨어 및 솔루션,6240.0,28421.0,175261790.0,-0.7900000214576721,4131270.0,2.359999895095825,-2030.0,-12582620.0,4373.0,27126610.0,-2000.0,-12435670.0,0.0,-24640.0,0.0,0.0,0.0,0.0,0.0,0.0,-2000.0,-12411030.0,0.0,0.0,57.0,355680.0,-400.0,-2464000.0
143160,아이디스,코스닥,통신 및 방송 장비 제조업,"영상보안장치(DVR,NVR,IP-Camera 등)",16330.0,22055.0,351648640.0,5.019999980926514,65320.0,0.019999999552965164,-9658.0,-154841150.0,-6728.0,-106249340.0,-4.0,-59750.0,-4.0,-59750.0,0.0,0.0,0.0,0.0,0.0,0.0,0.0,0.0,0.0,0.0,16397.0,261264550.0,-7.0,-114310.0
054800,아이디스홀딩스,코스닥,기타 전문 서비스업,비금융지주회사,15040.0,4041.0,60183780.0,1.0099999904632568,0.0,0.0,-481.0,-7166050.0,-434.0,-6453820.0,991.0,14737460.0,0.0,0.0,0.0,0.0,0.0,0.0,0.0,0.0,0.0,0.0,0.0,0.0,-76.0,-1117590.0,0.0,0.0
332370,아이디피,코스닥,컴퓨터 및 주변장치 제조업,"카드인쇄용 프린터, 카드인쇄용 리본",5250.0,1336.0,6976495.0,-0.1899999976158142,0.0,0.0,-689.0,-3590220.0,265.0,1385360.0,0.0,0.0,0.0,0.0,0.0,0.0,0.0,0.0,0.0,0.0,0.0,0.0,0.0,0.0,424.0,2204860.0,0.0,0.0
066430,아이로보틱스,코스닥,기타 전문 도매업,"VCI,LDPE필름 외",2225.0,1269450.0,2824701966.0,-1.5499999523162842,812722.0,0.029999999329447746,-79579.0,-171077620.0,86599.0,186965195.0,0.0,-6020.0,0.0,-6020.0,0.0,0.0,0.0,0.0,0.0,0.0,0.0,0.0,0.0,0.0,-2508.0,-5845275.0,-4512.0,-10036280.0
339950,아이비김영,코스닥,일반 교습 학원,"오프라인 학원, 온라인강의",2430.0,139614.0,339996810.0,-2.0199999809265137,46675.0,0.009999999776482582,8740.0,21326320.0,-9957.0,-24309085.0,117.0,284925.0,0.0,0.0,0.0,0.0,0.0,0.0,0.0,0.0,0.0,0.0,117.0,284925.0,1100.0,2697840.0,0.0,0.0
469750,아이비젼웍스,코스닥,특수 목적용 기계 제조업,이차전지 검사시스템 및 검사시스템 설치셋업용역,950.0,96212.0,89784321.0,5.670000076293945,157200.0,0.18000000715255737,-4880.0,-4589214.0,2882.0,2696828.0,2000.0,1894267.0,2000.0,1894267.0,0.0,0.0,0.0,0.0,0.0,0.0,0.0,0.0,0.0,0.0,0.0,0.0,-2.0,-1881.0
460470,아이빔테크놀로지,코스닥,사진장비 및 광학기기 제조업,"생체현미경, CRO 서비스",3005.0,12611.0,37173295.0,3.619999885559082,797120.0,2.140000104904175,897.0,2616315.0,-900.0,-2625065.0,0.0,0.0,0.0,0.0,0.0,0.0,0.0,0.0,0.0,0.0,0.0,0.0,0.0,0.0,0.0,0.0,3.0,8750.0
099190,아이센스,코스닥,의료용 기기 제조업,"혈당측정스트립, 혈당측정기기 등",18280.0,23450.0,433720300.0,-0.2199999988079071,56203360.0,7.28000020980835,-323.0,-6896310.0,-2183.0,-39575770.0,2400.0,44527450.0,2459.0,45608210.0,-19.0,-348650.0,-40.0,-732110.0,0.0,0.0,0.0,0.0,0.0,0.0,100.0,1832000.0,6.0,112630.0
461300,아이스크림미디어,코스닥,소프트웨어 개발 및 공급업,"교육출판, 커머스, 연수",17330.0,17968.0,309449710.0,0.5799999833106995,6522350.0,2.109999895095825,-4234.0,-72486590.0,3783.0,64567360.0,620.0,10841320.0,630.0,11013850.0,0.0,0.0,0.0,0.0,0.0,0.0,0.0,0.0,-10.0,-172530.0,-166.0,-2870720.0,-3.0,-51370.0
289010,아이스크림에듀,코스닥,"서적, 잡지 및 기타 인쇄물 출판업",아이스크림홈런,921.0,42119.0,38815081.0,-0.4300000071525574,31369.0,0.07999999821186066,4192.0,3908704.0,-5363.0,-4978057.0,0.0,0.0,0.0,0.0,0.0,0.0,0.0,0.0,0.0,0.0,0.0,0.0,0.0,0.0,0.0,0.0,1171.0,1069353.0
214430,아이쓰리시스템,코스닥,전자부품 제조업,"적외선 영상센서, 엑스레이 영상센서",64200.0,22011.0,1385719100.0,1.899999976158142,26747300.0,1.2999999523162842,-3910.0,-242471600.0,3901.0,240011400.0,1466.0,94409300.0,1427.0,91961400.0,44.0,2748500.0,-5.0,-300600.0,0.0,0.0,0.0,0.0,0.0,0.0,-1460.0,-92141100.0,3.0,192000.0
040910,아이씨디,코스닥,특수 목적용 기계 제조업,"건식세정기,LCD,반도체 장비,광정보통신 부품,장비 제조,연구개발,용역 서비스,수출입",4580.0,7016.0,31949924.0,1.659999966621399,1069895.0,3.3499999046325684,-720.0,-3279371.0,750.0,3416471.0,0.0,0.0,0.0,0.0,0.0,0.0,0.0,0.0,0.0,0.0,0.0,0.0,0.0,0.0,-30.0,-137100.0,0.0,0.0
368600,아이씨에이치,코스닥,전자부품 제조업,스마트기기용 필름형 안테나,724.0,588549.0,444393931.0,-2.1600000858306885,1638738.0,0.3700000047683716,7231.0,6413563.0,-7436.0,-6675496.0,0.0,0.0,0.0,0.0,0.0,0.0,0.0,0.0,0.0,0.0,0.0,0.0,0.0,0.0,0.0,0.0,205.0,261933.0
456010,아이씨티케이,코스닥,반도체 제조업,"PUF반도체,보안솔루션(보안반도체,정보통신모듈기기,정보통신용반도체) 제조,개발",17750.0,280301.0,4872321315.0,7.579999923706055,18334240.0,0.3799999952316284,60777.0,1094248605.0,-57112.0,-1031344660.0,2.0,15865.0,2.0,15865.0,0.0,0.0,0.0,0.0,0.0,0.0,0.0,0.0,0.0,0.0,-3694.0,-63377610.0,27.0,457800.0
052860,아이앤씨,코스닥,반도체 제조업,지상파 DMB용 수신칩(모바일 TV용 SoC),5280.0,144103.0,745440015.0,10.0,368980.0,0.05000000074505806,-35911.0,-184892990.0,35821.0,184506135.0,0.0,-73710.0,0.0,-73710.0,0.0,0.0,0.0,0.0,0.0,0.0,0.0,0.0,0.0,0.0,0.0,0.0,90.0,460565.0
464500,아이언디바이스,코스닥,반도체 제조업,스마트폰용 오디오 앰프 반도체 Soc,1859.0,24219.0,44864567.0,-0.5899999737739563,2158316.0,4.809999942779541,1977.0,3793798.0,-1977.0,-3793798.0,0.0,0.0,0.0,0.0,0.0,0.0,0.0,0.0,0.0,0.0,0.0,0.0,0.0,0.0,0.0,0.0,0.0,0.0
212710,아이에스티이,코스닥,반도체 제조업,반도체 제조용 장비,7750.0,78341.0,611065015.0,-1.899999976158142,907320.0,0.15000000596046448,32137.0,250398465.0,-20000.0,-156862685.0,-2849.0,-22034490.0,0.0,-3870.0,0.0,0.0,-2407.0,-18611880.0,0.0,0.0,0.0,0.0,-442.0,-3418740.0,-11331.0,-87452720.0,2043.0,15951430.0
038880,아이에이,코스닥,전자부품 제조업,"반도체 및 모듈, 제어기",3520.0,42817.0,155665342.0,-1.809999942779541,3214140.0,2.059999942779541,6837.0,24543810.0,8469.0,32908165.0,0.0,0.0,0.0,0.0,0.0,0.0,0.0,0.0,0.0,0.0,0.0,0.0,0.0,0.0,0.0,0.0,-15306.0,-57451975.0
307180,아이엘,코스닥,전구 및 조명장치 제조업,LED용 실리콘렌즈 외,5680.0,596668.0,3239064505.0,12.25,12002610.0,0.3700000047683716,-104731.0,-565188390.0,99990.0,535817560.0,1684.0,12271280.0,1684.0,12271280.0,0.0,0.0,0.0,0.0,0.0,0.0,0.0,0.0,0.0,0.0,3225.0,17997800.0,-168.0,-898250.0
493280,아이엠바이오로직스,코스닥,자연과학 및 공학 연구개발업,"IMB-101 (OX40L/TNF 타깃 자가면역질환 치료용 이중항체), IMB-102 (OX40L 타깃 자가면역질환 치료용 단일항체)",17260.0,113401.0,1941996545.0,2.190000057220459,7625490.0,0.38999998569488525,-14887.0,-262715315.0,17821.0,313555940.0,-19.0,-164190.0,0.0,155580.0,0.0,0.0,0.0,0.0,0.0,0.0,0.0,0.0,-19.0,-319770.0,-4806.0,-82253015.0,1891.0,31576580.0
461030,아이엠비디엑스,코스닥,자연과학 및 공학 연구개발업,"알파리퀴드ⓡ 100, 알파리퀴드ⓡ HRR, 알파리퀴드ⓡ 디텍트, 알파리퀴드ⓡ 스크리닝",3110.0,39399.0,127390832.0,0.8100000023841858,0.0,0.0,-3748.0,-11349658.0,5026.0,15339293.0,-38.0,-129320.0,-38.0,-129320.0,0.0,0.0,0.0,0.0,0.0,0.0,0.0,0.0,0.0,0.0,-1490.0,-4685290.0,250.0,824975.0
451220,아이엠티,코스닥,특수 목적용 기계 제조업,건식세정 장비 및 EUV Mask Baking Laser,9200.0,33230.0,299672285.0,-0.33000001311302185,3485220.0,1.159999966621399,17767.0,159859065.0,-17765.0,-159840485.0,-2.0,-18580.0,-2.0,-18580.0,0.0,0.0,0.0,0.0,0.0,0.0,0.0,0.0,0.0,0.0,0.0,0.0,0.0,0.0
078860,아이오케이이엔엠,코스닥,"영화, 비디오물, 방송프로그램 제작 및 배급업",연예인 매니지먼트,2750.0,6136.0,16555415.0,0.36000001430511475,46085.0,0.2800000011920929,1538.0,4152635.0,-1541.0,-4160570.0,0.0,0.0,0.0,0.0,0.0,0.0,0.0,0.0,0.0,0.0,0.0,0.0,0.0,0.0,0.0,0.0,3.0,7935.0
090150,아이윈,코스닥,자동차 신품 부품 제조업,시트히터,5980.0,275826.0,1811601855.0,-11.539999961853027,644270.0,0.03999999910593033,3645.0,29612920.0,289.0,-2175620.0,-22.0,-158400.0,-22.0,-158400.0,0.0,0.0,0.0,0.0,0.0,0.0,0.0,0.0,0.0,0.0,-4000.0,-28113650.0,88.0,834750.0
031310,아이즈비전,코스닥,전기 통신업,"홈쇼핑(아이즈홈쇼핑), 국제전화(아이즈텔), 가정용유무선 전화기판매(TopPhone)",982.0,54381.0,53271578.0,-0.20000000298023224,0.0,0.0,629.0,662289.0,1240.0,1191759.0,-1869.0,-1854048.0,-1869.0,-1854048.0,0.0,0.0,0.0,0.0,0.0,0.0,0.0,0.0,0.0,0.0,0.0,0.0,0.0,0.0
462980,아이지넷,코스닥,기타 정보 서비스업,"보험 서비스 어플리케이션, 기업용 보험 솔루션",1504.0,35680.0,53707993.0,2.6600000858306885,32448.0,0.05999999865889549,1336.0,2117922.0,-1336.0,-2117922.0,0.0,0.0,0.0,0.0,0.0,0.0,0.0,0.0,0.0,0.0,0.0,0.0,0.0,0.0,0.0,0.0,0.0,0.0
185490,아이진,코스닥,자연과학 및 공학 연구개발업,"당뇨성망막병증 치료제, 욕창치료제, 대상포진백신, 코로나19 예방백신 등",2025.0,1456764.0,3039201516.0,11.569999694824219,36392183.0,1.2000000476837158,-92964.0,-170965717.0,91265.0,167404664.0,0.0,14699.0,0.0,14699.0,0.0,0.0,0.0,0.0,0.0,0.0,0.0,0.0,0.0,0.0,-79.0,-158000.0,1778.0,3704354.0
059100,아이컴포넌트,코스닥,전자부품 제조업,액정평판디스플레이용 플라스틱 박판필름 제조업,6430.0,16923.0,108871670.0,0.1599999964237213,249420.0,0.23000000417232513,-1602.0,-10311105.0,1571.0,10120985.0,31.0,190120.0,31.0,190120.0,0.0,0.0,0.0,0.0,0.0,0.0,0.0,0.0,0.0,0.0,0.0,0.0,0.0,0.0
262840,아이퀘스트,코스닥,소프트웨어 개발 및 공급업,"패키지 ERP, 구축형 ERP 등",2740.0,13659.0,37600330.0,0.18000000715255737,35425.0,0.09000000357627869,2811.0,7830140.0,-2695.0,-7510435.0,0.0,0.0,0.0,0.0,0.0,0.0,0.0,0.0,0.0,0.0,0.0,0.0,0.0,0.0,0.0,0.0,-116.0,-319705.0
175250,아이큐어,코스닥,기타 화학제품 제조업,"플라스타, 의약 및 의약외품 패취등, 마스크팩, 화장품 기초라인",2170.0,0.0,0.0,0.0,0.0,0.0,0.0,0.0,0.0,0.0,0.0,0.0,0.0,0.0,0.0,0.0,0.0,0.0,0.0,0.0,0.0,0.0,0.0,0.0,0.0,0.0,0.0,0.0
052460,아이크래프트,코스닥,"컴퓨터 프로그래밍, 시스템 통합 및 관리업","인터넷핵심망(CCR,MCR,NAS등)",7740.0,275993.0,2141178455.0,-3.369999885559082,247500.0,0.009999999776482582,46904.0,365740855.0,-47238.0,-366836210.0,0.0,0.0,0.0,0.0,0.0,0.0,0.0,0.0,0.0,0.0,0.0,0.0,0.0,0.0,-13.0,-1491995.0,347.0,2587350.0
119830,아이텍,코스닥,"그외 기타 전문, 과학 및 기술 서비스업",비메모리 반도체 테스트,6970.0,136523.0,939748845.0,1.600000023841858,7279280.0,0.7699999809265137,24834.0,170302650.0,-12959.0,-88975510.0,943.0,6394180.0,943.0,6394180.0,0.0,0.0,0.0,0.0,0.0,0.0,0.0,0.0,0.0,0.0,-3260.0,-22719810.0,-9558.0,-65001510.0
052770,아이톡시,코스닥,소프트웨어 개발 및 공급업,게임,312.0,0.0,0.0,0.0,0.0,0.0,0.0,0.0,0.0,0.0,0.0,0.0,0.0,0.0,0.0,0.0,0.0,0.0,0.0,0.0,0.0,0.0,0.0,0.0,0.0,0.0,0.0,0.0
124500,아이티센글로벌,코스닥,"컴퓨터 프로그래밍, 시스템 통합 및 관리업",시스템통합 및 IT서비스,31350.0,1556873.0,48279667150.0,22.700000762939453,680904750.0,0.7099999785423279,-9561.0,-330977225.0,-52170.0,-1580098650.0,65659.0,2032889950.0,4953.0,148026875.0,5593.0,169714500.0,25806.0,804742350.0,0.0,0.0,11619.0,365079175.0,17689.0,545358500.0,-5614.0,-174767975.0,1686.0,52953900.0
010280,아이티센엔텍,코스닥,"컴퓨터 프로그래밍, 시스템 통합 및 관리업","클라우드,시스템통합(SI),네트워크 설계 및 구축,시스템운영(SM)",5600.0,170095.0,972867585.0,4.480000019073486,3093140.0,0.3199999928474426,-46982.0,-270862700.0,22028.0,128584810.0,25066.0,142912710.0,1066.0,5894930.0,0.0,0.0,2000.0,11478320.0,0.0,0.0,0.0,0.0,22000.0,125539460.0,10.0,58900.0,-122.0,-693720.0
232830,아이티센피엔에스,코스닥,소프트웨어 개발 및 공급업,"디지털 금융 서비스 구축, 모바일 보안솔루션, 생체인증 전자서명",1853.0,15059.0,27449620.0,8.489999771118164,0.0,0.0,-2421.0,-4377764.0,1874.0,3377349.0,0.0,0.0,0.0,0.0,0.0,0.0,0.0,0.0,0.0,0.0,0.0,0.0,0.0,0.0,547.0,1000415.0,0.0,0.0
372800,아이티아이즈,코스닥,소프트웨어 개발 및 공급업,"디지털금융솔루션 제공 및 AI, Big Data 서비스, 클라우드 통합 플랫폼 (GURMWI)",3075.0,20655.0,61346093.0,-3.299999952316284,1311940.0,2.140000104904175,8120.0,24157574.0,-2932.0,-8593224.0,0.0,0.0,0.0,0.0,0.0,0.0,0.0,0.0,0.0,0.0,0.0,0.0,0.0,0.0,-5188.0,-15609350.0,0.0,45000.0
084850,아이티엠반도체,코스닥,전자부품 제조업,배터리 보호회로,8800.0,17706.0,153506255.0,1.7300000190734863,5179430.0,2.619999885559082,-3219.0,-27819570.0,5319.0,46009480.0,-400.0,-3534260.0,-400.0,-3534260.0,0.0,0.0,0.0,0.0,0.0,0.0,0.0,0.0,0.0,0.0,-1700.0,-14655650.0,0.0,0.0
309710,아이티켐,코스닥,기초 의약물질 제조업,"원료의약품, 의약품중간체 및 전자재료 등",21000.0,0.0,0.0,0.0,0.0,0.0,0.0,0.0,0.0,0.0,0.0,0.0,0.0,0.0,0.0,0.0,0.0,0.0,0.0,0.0,0.0,0.0,0.0,0.0,0.0,0.0,0.0,0.0
114840,아이패밀리에스씨,코스닥,기타 화학제품 제조업,"색조화장품 브랜드 `롬앤(Rom&nd)', IT기반 웨딩서비스 브랜드 `아이웨딩`",9010.0,70865.0,640336505.0,-3.640000104904175,56649070.0,5.179999828338623,3551.0,31267310.0,-12056.0,-108356280.0,5460.0,49557190.0,5460.0,49557190.0,0.0,0.0,0.0,0.0,0.0,0.0,0.0,0.0,0.0,0.0,3145.0,28431780.0,-100.0,-900000.0
027360,아주IB투자,코스닥,기타 금융업,기타/미분류,3675.0,2993558.0,10896153104.0,2.509999990463257,3675.0,0.0,244371.0,881716193.0,-232985.0,-839321410.0,-12611.0,-47006985.0,-267.0,-988105.0,0.0,0.0,0.0,0.0,0.0,0.0,0.0,0.0,-12344.0,-46018880.0,487.0,1840170.0,738.0,2772032.0
032080,아즈텍WB,코스닥,"섬유제품 염색, 정리 및 마무리 가공업",직물,1057.0,3822.0,3987564.0,2.130000114440918,10405.0,0.25999999046325684,-2706.0,-2817783.0,492.0,507902.0,0.0,0.0,0.0,0.0,0.0,0.0,0.0,0.0,0.0,0.0,0.0,0.0,0.0,0.0,2214.0,2309881.0,0.0,0.0
013310,아진산업,코스닥,자동차 신품 부품 제조업,자동차 차체 부품,2425.0,145862.0,356524705.0,-1.4199999570846558,12316270.0,3.450000047683716,27155.0,66335930.0,-26988.0,-65928110.0,-167.0,-407820.0,0.0,0.0,0.0,0.0,0.0,0.0,0.0,0.0,0.0,0.0,-167.0,-407820.0,0.0,0.0,0.0,0.0
059120,아진엑스텍,코스닥,반도체 제조업,"전자집적회로, 모션제어칩",6960.0,295478.0,2030680740.0,1.75,23019410.0,1.1299999952316284,4202.0,29314815.0,-6691.0,-46132125.0,1.0,4720.0,1.0,4720.0,0.0,0.0,0.0,0.0,0.0,0.0,0.0,0.0,0.0,0.0,2552.0,17248560.0,-64.0,-435970.0
0007C0,아크릴,코스닥,소프트웨어 개발 및 공급업,"통합 인공지능 플랫폼 조나단, 의료특화 인공지능 플랫폼 나디아",16750.0,24434.0,404468495.0,1.6399999856948853,22571730.0,5.579999923706055,-3462.0,-57448725.0,3271.0,54291895.0,191.0,3156830.0,-9.0,-148450.0,0.0,0.0,0.0,0.0,0.0,0.0,0.0,0.0,200.0,3305280.0,0.0,0.0,0.0,0.0
158430,아톤,코스닥,소프트웨어 개발 및 공급업,"모바일금융솔루션, mOTP 개발",4620.0,250430.0,1163018646.0,4.880000114440918,25008780.0,2.1500000953674316,6191.0,31099170.0,-10356.0,-50576535.0,2.0,9240.0,2.0,9240.0,0.0,0.0,0.0,0.0,0.0,0.0,0.0,0.0,0.0,0.0,138.0,653415.0,4025.0,18814710.0
297570,아틀라스링크,코스닥,통신 및 방송 장비 제조업,안드로이드 OTT 멀티미디어 디바이스,869.0,47054.0,40364654.0,-0.10999999940395355,0.0,0.0,-2207.0,-1830410.0,-861.0,-755187.0,0.0,0.0,0.0,0.0,0.0,0.0,0.0,0.0,0.0,0.0,0.0,0.0,0.0,0.0,3068.0,2585597.0,0.0,0.0
200350,아티스트스튜디오,코스닥,"영화, 비디오물, 방송프로그램 제작 및 배급업",드라마 제작,2335.0,5321.0,12293995.0,2.4100000858306885,0.0,0.0,-512.0,-1175805.0,512.0,1175805.0,0.0,0.0,0.0,0.0,0.0,0.0,0.0,0.0,0.0,0.0,0.0,0.0,0.0,0.0,0.0,0.0,0.0,0.0
321820,아티스트컴퍼니,코스닥,창작 및 예술관련 서비스업,빅데이터/인공지능 마케팅플랫폼 및 데이터플랫폼,2345.0,11688.0,26794715.0,-0.20999999344348907,0.0,0.0,-1152.0,-2610455.0,1152.0,2610455.0,0.0,0.0,0.0,0.0,0.0,0.0,0.0,0.0,0.0,0.0,0.0,0.0,0.0,0.0,0.0,0.0,0.0,0.0
001540,안국약품,코스닥,의약품 제조업,"그랑파제, 토비콤-S",10830.0,86344.0,943577415.0,-1.4600000381469727,7704080.0,0.8199999928474426,14239.0,154145695.0,-3581.0,-39120490.0,-11480.0,-123925975.0,320.0,3719340.0,0.0,0.0,-7529.0,-81433165.0,0.0,0.0,0.0,0.0,-4271.0,-46212150.0,684.0,7400770.0,138.0,1500000.0
053800,안랩,코스닥,소프트웨어 개발 및 공급업,바이러스백신 프로그램,57300.0,18260.0,1050120650.0,0.5299999713897705,17394100.0,1.2699999809265137,7097.0,406877450.0,-7320.0,-420471350.0,214.0,13075600.0,-133.0,-6828500.0,0.0,0.0,347.0,19904100.0,0.0,0.0,0.0,0.0,0.0,0.0,-9.0,-519300.0,18.0,1037600.0
065660,안트로젠,코스닥,기타 전문 도매업,줄기세포치료제,15670.0,25127.0,391066210.0,2.549999952316284,21504630.0,4.889999866485596,-392.0,-6725560.0,4335.0,67631690.0,-4027.0,-62200770.0,-4027.0,-62200770.0,0.0,0.0,0.0,0.0,0.0,0.0,0.0,0.0,0.0,0.0,85.0,1310430.0,-1.0,-15790.0
260660,알리코제약,코스닥,의료용품 및 기타 의약 관련제품 제조업,완제 의약품,2490.0,16925.0,41506624.0,0.0,1469970.0,3.5399999618530273,4291.0,10606565.0,-4311.0,-10644565.0,0.0,0.0,0.0,0.0,0.0,0.0,0.0,0.0,0.0,0.0,0.0,0.0,0.0,0.0,-60.0,-162800.0,80.0,200800.0
354320,알멕,코스닥,1차 비철금속 제조업,알루미늄 압출 제품,33000.0,43859.0,1425333900.0,3.450000047683716,4911900.0,0.3400000035762787,-2352.0,-76475450.0,-3770.0,-124288400.0,-49.0,-1586100.0,-49.0,-1586100.0,0.0,0.0,0.0,0.0,0.0,0.0,0.0,0.0,0.0,0.0,6171.0,202349950.0,0.0,0.0
361570,알비더블유,코스닥,오디오물 출판 및 원판 녹음업,음반 및 음원 등(콘텐츠),1710.0,90195.0,150246520.0,0.8799999952316284,246372.0,0.1599999964237213,-13564.0,-22550272.0,-6100.0,-10143381.0,19664.0,32693653.0,19664.0,32693653.0,0.0,0.0,0.0,0.0,0.0,0.0,0.0,0.0,0.0,0.0,0.0,0.0,0.0,0.0
131370,알서포트,코스닥,소프트웨어 개발 및 공급업,"원격지원,제어 솔루션",1480.0,73969.0,109176542.0,1.0199999809265137,6195327.0,5.670000076293945,6331.0,9230658.0,10150.0,15018973.0,-16481.0,-24249631.0,-16481.0,-24249631.0,0.0,0.0,0.0,0.0,0.0,0.0,0.0,0.0,0.0,0.0,0.0,0.0,0.0,0.0
140670,알에스오토메이션,코스닥,전자부품 제조업,"모션제어기, 드라이브, 에너지제어장치",10120.0,33905.0,340561200.0,0.8999999761581421,52701120.0,15.470000267028809,3249.0,32455260.0,-3998.0,-40033160.0,748.0,7565780.0,748.0,7565780.0,0.0,0.0,0.0,0.0,0.0,0.0,0.0,0.0,0.0,0.0,0.0,2070.0,1.0,10050.0
096610,알에프세미,코스닥,반도체 제조업,"ECM Chip, TVS Diode, Driver IC, LED Module, LED",2965.0,0.0,0.0,0.0,0.0,0.0,0.0,0.0,0.0,0.0,0.0,0.0,0.0,0.0,0.0,0.0,0.0,0.0,0.0,0.0,0.0,0.0,0.0,0.0,0.0,0.0,0.0,0.0
061040,알에프텍,코스닥,통신 및 방송 장비 제조업,"핸드폰 충전기, 핸즈프리",6280.0,4782.0,29643760.0,0.1599999964237213,0.0,0.0,1121.0,6972590.0,-1121.0,-6972590.0,0.0,0.0,0.0,0.0,0.0,0.0,0.0,0.0,0.0,0.0,0.0,0.0,0.0,0.0,0.0,0.0,0.0,0.0
148250,알엔투테크놀로지,코스닥,전자부품 제조업,"이동통신부품(커플러), 의료기기용기판, 파우더",1400.0,83690.0,117838077.0,-4.110000133514404,98051.0,0.07999999821186066,7156.0,10088369.0,-8329.0,-11723793.0,812.0,1136800.0,812.0,1136800.0,0.0,0.0,0.0,0.0,0.0,0.0,0.0,0.0,0.0,0.0,359.0,495779.0,2.0,2845.0
123010,알엔티엑스,코스닥,전자부품 제조업,이미지센서 패키징,2060.0,48147.0,100285590.0,-0.23999999463558197,8165835.0,8.140000343322754,9211.0,19134690.0,-8298.0,-17190110.0,0.0,-7635.0,0.0,-7635.0,0.0,0.0,0.0,0.0,0.0,0.0,0.0,0.0,0.0,0.0,0.0,0.0,-913.0,-1936945.0
476830,알지노믹스,코스닥,자연과학 및 공학 연구개발업,"인체질환치료제 및 진단제, 진단용 유전자재조합 의약품",36850.0,1794452.0,65672735650.0,16.610000610351562,861121150.0,0.7699999809265137,8046.0,267378175.0,-84387.0,-3148830450.0,76081.0,2869806000.0,8512.0,312297675.0,19118.0,705113475.0,75441.0,2771356475.0,-230000.0,-8395525275.0,158970.0,5874026375.0,43740.0,1591432875.0,-977.0,-35233375.0,1237.0,46879650.0
347860,알체라,코스닥,소프트웨어 개발 및 공급업,"얼굴인식 AI, 이상상황 감지 AI 등",1301.0,101490.0,133148010.0,0.6200000047683716,1672016.0,1.2599999904632568,-21754.0,-28298534.0,21754.0,28298534.0,0.0,0.0,0.0,0.0,0.0,0.0,0.0,0.0,0.0,0.0,0.0,0.0,0.0,0.0,0.0,0.0,0.0,0.0
196170,알테오젠,코스닥,자연과학 및 공학 연구개발업,바이오시밀러 및 바이오베터,339500.0,1019594.0,341938888250.0,11.859999656677246,26950689750.0,4.670000076293945,-265496.0,-89237350250.0,89635.0,30196941500.0,156382.0,52480977500.0,27117.0,9107919000.0,7142.0,2394225500.0,42125.0,14144664250.0,0.0,0.0,62264.0,20850063750.0,17730.0,5982856500.0,21227.0,7143668250.0,-1748.0,-584237000.0
123750,알톤,코스닥,그외 기타 운송장비 제조업,전기 및 일반자전거 등,1722.0,3565.0,6167376.0,1.1200000047683716,389924.0,6.320000171661377,-391.0,-674989.0,393.0,678447.0,0.0,0.0,0.0,0.0,0.0,0.0,0.0,0.0,0.0,0.0,0.0,0.0,0.0,0.0,0.0,0.0,-2.0,-3458.0
459550,알트,코스닥,통신 및 방송 장비 제조업,"시니어폰 및 키즈폰, 셋탑박스",2230.0,2797685.0,6512907608.0,-10.260000228881836,91261770.0,1.399999976158142,74611.0,160257960.0,-81356.0,-175556345.0,-868.0,-2036570.0,-868.0,-2036570.0,0.0,0.0,0.0,0.0,0.0,0.0,0.0,0.0,0.0,0.0,5881.0,13289780.0,1732.0,4045175.0
085810,알티캐스트,코스닥,소프트웨어 개발 및 공급업,"디지털 방송용 소프트웨어(셋톱박스용 미들웨어 등), CAS(수신제한시스템)",1718.0,10986.0,18625879.0,1.059999942779541,8575.0,0.05000000074505806,-3897.0,-6537130.0,2547.0,4278673.0,0.0,-10620.0,0.0,-10620.0,0.0,0.0,0.0,0.0,0.0,0.0,0.0,0.0,0.0,0.0,1350.0,2269077.0,0.0,0.0
043100,알파AI,코스닥,의료용 기기 제조업,"가정용 온열치료기, 의료기구",520.0,0.0,0.0,0.0,0.0,0.0,0.0,0.0,0.0,0.0,0.0,0.0,0.0,0.0,0.0,0.0,0.0,0.0,0.0,0.0,0.0,0.0,0.0,0.0,0.0,0.0,0.0,0.0
117670,알파칩스,코스닥,반도체 제조업,시스템 반도체 개발,8000.0,3016.0,24469935.0,0.6299999952316284,391760.0,1.600000023841858,517.0,4261265.0,-57.0,-583235.0,0.0,0.0,0.0,0.0,0.0,0.0,0.0,0.0,0.0,0.0,0.0,0.0,0.0,0.0,-424.0,-3393800.0,-36.0,-284230.0
314140,알피바이오,코스닥,의약품 제조업,연질캡슐 제형의 의약품 및 건강기능식품,5800.0,24335.0,141621605.0,-4.610000133514404,7000610.0,4.940000057220459,7922.0,46148820.0,-7922.0,-46148820.0,0.0,0.0,0.0,0.0,0.0,0.0,0.0,0.0,0.0,0.0,0.0,0.0,0.0,0.0,0.0,0.0,0.0,0.0
293780,압타바이오,코스닥,자연과학 및 공학 연구개발업,"용역매출, 유전자전달체, 압타머연구용시약",6210.0,47176.0,297191820.0,0.1599999964237213,14855190.0,5.0,6281.0,39236730.0,-6285.0,-39281290.0,4.0,44560.0,4.0,44560.0,0.0,0.0,0.0,0.0,0.0,0.0,0.0,0.0,0.0,0.0,0.0,0.0,0.0,0.0
310200,애니플러스,코스닥,"영화, 비디오물, 방송프로그램 제작 및 배급업",방송통신사업,2845.0,92656.0,261562150.0,0.3499999940395355,10765235.0,4.119999885559082,1394.0,3484217.0,-1200.0,-2927287.0,-194.0,-556930.0,-194.0,-556930.0,0.0,0.0,0.0,0.0,0.0,0.0,0.0,0.0,0.0,0.0,0.0,0.0,0.0,0.0
179530,애드바이오텍,코스닥,의약품 제조업,"동물용약품,영양제,단미사료(네오폐녹스),보조사료 제조,도매/식품첨가물,화장품 도소매,무역",2500.0,100052.0,251449290.0,-2.9100000858306885,34930.0,0.009999999776482582,-1735.0,-3709065.0,4053.0,9763865.0,0.0,0.0,0.0,0.0,0.0,0.0,0.0,0.0,0.0,0.0,0.0,0.0,0.0,0.0,-2000.0,-5260000.0,-318.0,-794800.0
397810,애드포러스,코스닥,광고업,모바일 광고 플랫폼,7240.0,32480.0,234296790.0,-0.2800000011920929,0.0,0.0,-17257.0,-125519980.0,-796.0,-5770280.0,17911.0,130275840.0,17911.0,130275840.0,0.0,0.0,0.0,0.0,0.0,0.0,0.0,0.0,0.0,0.0,134.0,957260.0,8.0,57160.0
0011A0,액스비스,코스닥,기타 전기장비 제조업,지능형 고출력 레이저 솔루션 등,8990.0,33342.0,302647925.0,0.6700000166893005,11894200.0,3.930000066757202,5402.0,49103945.0,-6431.0,-58334045.0,1029.0,9230100.0,1391.0,12492460.0,0.0,0.0,-95.0,-856160.0,0.0,0.0,0.0,0.0,-267.0,-2406200.0,0.0,0.0,0.0,0.0
052790,액토즈소프트,코스닥,소프트웨어 개발 및 공급업,온라인 게임 및 모바일 게임,3890.0,23402.0,89711121.0,1.0399999618530273,46105.0,0.05000000074505806,2875.0,11021976.0,-2380.0,-9121176.0,-495.0,-1900800.0,-495.0,-1900800.0,0.0,0.0,0.0,0.0,0.0,0.0,0.0,0.0,0.0,0.0,0.0,0.0,0.0,0.0
290740,액트로,코스닥,전자부품 제조업,모바일용 액츄에이터 및 조립자동화 설비,7850.0,22013.0,172679115.0,4.670000076293945,1799730.0,1.0399999618530273,3176.0,24931030.0,-2439.0,-19145580.0,-78.0,-612300.0,-78.0,-612300.0,0.0,0.0,0.0,0.0,0.0,0.0,0.0,0.0,0.0,0.0,-659.0,-5173150.0,0.0,0.0
238090,앤디포스,코스닥,플라스틱제품 제조업,"TSP용 양면 테이프, 윈도우 필름",1884.0,51764.0,93478480.0,2.390000104904175,252647.0,0.27000001072883606,-2687.0,-4589118.0,2687.0,4589118.0,0.0,0.0,0.0,0.0,0.0,0.0,0.0,0.0,0.0,0.0,0.0,0.0,0.0,0.0,0.0,0.0,0.0,0.0
138360,앤로보틱스,코스닥,특수 목적용 기계 제조업,기계제조,1818.0,534074.0,968610153.0,1.059999942779541,4993336.0,0.5199999809265137,58976.0,106827470.0,-48816.0,-88430649.0,0.0,0.0,0.0,0.0,0.0,0.0,0.0,0.0,0.0,0.0,0.0,0.0,0.0,0.0,-10290.0,-18639634.0,130.0,242813.0
092600,앤씨앤,코스닥,반도체 제조업,차량용 블랙박스 / 영상처리용 시스템반도체,1752.0,38209.0,67264098.0,-3.1500000953674316,996223.0,1.4800000190734863,-2637.0,-4416417.0,3837.0,6506117.0,0.0,0.0,0.0,0.0,0.0,0.0,0.0,0.0,0.0,0.0,0.0,0.0,0.0,0.0,0.0,0.0,-1200.0,-2089700.0
129890,앱코,코스닥,컴퓨터 및 주변장치 제조업,"게이밍기어, 뉴라이프가전 등",1006.0,296378.0,295927108.0,1.8200000524520874,979944.0,0.33000001311302185,-136551.0,-136410647.0,18442.0,18474199.0,-10621.0,-10621000.0,0.0,0.0,0.0,0.0,0.0,0.0,0.0,0.0,0.0,0.0,-10621.0,-10621000.0,128395.0,128221081.0,335.0,336367.0
174900,앱클론,코스닥,의료용품 및 기타 의약 관련제품 제조업,항체의약품,30100.0,261766.0,7807976675.0,1.1799999475479126,481036950.0,6.159999847412109,46305.0,1387897525.0,-127233.0,-3810355275.0,86451.0,2582135150.0,5100.0,152042950.0,271.0,8272350.0,4261.0,130281250.0,0.0,0.0,50000.0,1489271500.0,26819.0,802267100.0,-5639.0,-163311750.0,116.0,3634350.0
109960,앱토크롬,코스닥,기타 전문 도매업,"모바일게임 퍼블리싱, 바이오의약품 연구개발업 및 판매, 생산설비 및 연구장비의 대여 및 판매",1920.0,9802.0,18875470.0,3.5,7708.0,0.03999999910593033,-455.0,-866791.0,455.0,866791.0,0.0,0.0,0.0,0.0,0.0,0.0,0.0,0.0,0.0,0.0,0.0,0.0,0.0,0.0,0.0,0.0,0.0,0.0
270520,앱튼,코스닥,"건축기술, 엔지니어링 및 관련 기술 서비스업",지열냉난방시스템,3700.0,114246.0,424249110.0,-4.019999980926514,4655175.0,1.100000023841858,7437.0,27631755.0,-15696.0,-58146515.0,0.0,0.0,0.0,0.0,0.0,0.0,0.0,0.0,0.0,0.0,0.0,0.0,0.0,0.0,8259.0,30514760.0,0.0,0.0
255440,야스,코스닥,특수 목적용 기계 제조업,"OLED 증착기, OLED 증착원",7530.0,325310.0,2435460625.0,-3.8299999237060547,26824080.0,1.100000023841858,66597.0,501230840.0,-60440.0,-454655060.0,-11899.0,-88785960.0,0.0,0.0,0.0,0.0,-7499.0,-55949380.0,0.0,0.0,0.0,0.0,-4400.0,-32836580.0,5759.0,42629190.0,-17.0,-419010.0
030960,양지사,코스닥,인쇄 및 인쇄관련 산업,다이어리,4485.0,73084.0,329403245.0,-0.6600000262260437,1261310.0,0.3799999952316284,-19008.0,-86517285.0,18930.0,86175435.0,-39.0,-186405.0,-39.0,-186405.0,0.0,0.0,0.0,0.0,0.0,0.0,0.0,0.0,0.0,0.0,0.0,0.0,117.0,528255.0
102120,어보브반도체,코스닥,반도체 제조업,"반도체,전자제품,마이크로컨트롤라",7500.0,87755.0,662446860.0,1.4900000095367432,4016770.0,0.6100000143051147,-5017.0,-37608630.0,4890.0,36673970.0,132.0,991360.0,132.0,991360.0,0.0,0.0,0.0,0.0,0.0,0.0,0.0,0.0,0.0,0.0,0.0,0.0,-5.0,-56700.0
238120,얼라인드,코스닥,사진장비 및 광학기기 제조업,"자동세포카운팅시스템, 생체조직투명화시스템, 디지털세포이미징시스템",3085.0,6174.0,18978100.0,0.33000001311302185,43190.0,0.23000000417232513,467.0,1445095.0,-467.0,-1445095.0,0.0,0.0,0.0,0.0,0.0,0.0,0.0,0.0,0.0,0.0,0.0,0.0,0.0,0.0,0.0,0.0,0.0,0.0
019990,에너토크,코스닥,일반 목적용 기계 제조업,전동액츄에이터,4890.0,16984.0,83355377.0,1.1399999856948853,167040.0,0.20000000298023224,164.0,921440.0,-146.0,-832110.0,2.0,9870.0,2.0,9870.0,0.0,0.0,0.0,0.0,0.0,0.0,0.0,0.0,0.0,0.0,0.0,0.0,-20.0,-99200.0
435570,에르코스,코스닥,도시락 및 식사용 조리식품 제조업,"영유아식, 고령친화식품, 식물기반 대체식품",6990.0,2758.0,18885230.0,1.4500000476837158,0.0,0.0,-599.0,-4053520.0,599.0,4053520.0,0.0,0.0,0.0,0.0,0.0,0.0,0.0,0.0,0.0,0.0,0.0,0.0,0.0,0.0,0.0,0.0,0.0,0.0
270660,에브리봇,코스닥,가정용 기기 제조업,"물걸레 로봇청소기, 흡입형 로봇청소기",14220.0,21133.0,300483780.0,0.20999999344348907,53937015.0,9.1899995803833,2514.0,35691075.0,-2459.0,-34908015.0,45.0,637890.0,45.0,637890.0,0.0,0.0,0.0,0.0,0.0,0.0,0.0,0.0,0.0,0.0,-50.0,-713250.0,-50.0,-707700.0
038680,에스넷,코스닥,"컴퓨터 프로그래밍, 시스템 통합 및 관리업","네트워크장비 설치 및 납품, 유지보수",4405.0,378206.0,1647472017.0,2.9200000762939453,70793545.0,4.300000190734863,-15815.0,-66961540.0,16314.0,69194335.0,0.0,0.0,0.0,0.0,0.0,0.0,0.0,0.0,0.0,0.0,0.0,0.0,0.0,0.0,0.0,0.0,-499.0,-2232795.0
217480,에스디생명공학,코스닥,기타 화학제품 제조업,"마스크팩, 기초화장품",499.0,0.0,0.0,0.0,0.0,0.0,0.0,0.0,0.0,0.0,0.0,0.0,0.0,0.0,0.0,0.0,0.0,0.0,0.0,0.0,0.0,0.0,0.0,0.0,0.0,0.0,0.0,0.0
121890,에스디시스템,코스닥,전자부품 제조업,"요금징수시스템, 지능형교통시스템,하이패스단말기",2650.0,222085.0,566801100.0,12.289999961853027,3526665.0,0.6200000047683716,-57801.0,-149329950.0,2091.0,5453630.0,0.0,-64395.0,0.0,-64395.0,0.0,0.0,0.0,0.0,0.0,0.0,0.0,0.0,0.0,0.0,55710.0,143941675.0,0.0,-960.0
304360,에스바이오메딕스,코스닥,의약품 제조업,줄기세포 치료제 연구 및 개발,19790.0,16453.0,321620450.0,4.159999847412109,2871190.0,0.6100000143051147,-1905.0,-37497790.0,1905.0,37497840.0,0.0,-50.0,0.0,-50.0,0.0,0.0,0.0,0.0,0.0,0.0,0.0,0.0,0.0,0.0,0.0,0.0,0.0,0.0
389500,에스비비테크,코스닥,일반 목적용 기계 제조업,"베어링, 감속기",37800.0,88201.0,3345383950.0,1.340000033378601,20795125.0,0.6200000047683716,8546.0,323918450.0,-9563.0,-362283650.0,880.0,33351200.0,184.0,7020600.0,0.0,0.0,768.0,29048750.0,0.0,0.0,0.0,0.0,-72.0,-2718150.0,-20.0,-783500.0,157.0,5797500.0
042110,에스씨디,코스닥,가정용 기기 제조업,전자렌지용 MOTOR 및 냉장고용 TIMER,1061.0,274006.0,292251915.0,-1.2999999523162842,606105.0,0.20999999344348907,19597.0,20909368.0,-24655.0,-26291963.0,0.0,33923.0,0.0,33923.0,0.0,0.0,0.0,0.0,0.0,0.0,0.0,0.0,0.0,0.0,26.0,27833.0,5032.0,5320839.0
065420,에스아이리소스,코스닥,기타 화학제품 제조업,유연탄,94.0,0.0,0.0,0.0,0.0,0.0,0.0,0.0,0.0,0.0,0.0,0.0,0.0,0.0,0.0,0.0,0.0,0.0,0.0,0.0,0.0,0.0,0.0,0.0,0.0,0.0,0.0,0.0
103230,에스앤더블류,코스닥,일반 목적용 기계 제조업,"디젤엔진부품, 산업부품, 단조품",2430.0,284554.0,695243935.0,9.210000038146973,670450.0,0.10000000149011612,-50488.0,-121756180.0,48204.0,116227295.0,0.0,-119030.0,0.0,-119030.0,0.0,0.0,0.0,0.0,0.0,0.0,0.0,0.0,0.0,0.0,1284.0,3212915.0,1000.0,2435000.0
260970,에스앤디,코스닥,기타 식품 제조업,"일반기능식품소재, 건강기능식품소재",51100.0,22628.0,1164112950.0,3.859999895095825,50569150.0,4.340000152587891,-5780.0,-296767150.0,-149.0,-10208950.0,5861.0,303427400.0,2185.0,113361900.0,185.0,9563150.0,3880.0,200543850.0,0.0,0.0,0.0,0.0,-389.0,-20041500.0,68.0,3548700.0,0.0,0.0
101490,에스앤에스텍,코스닥,전자부품 제조업,블랭크마스크,43250.0,115633.0,5013769600.0,2.8499999046325684,1059670450.0,14.9399995803833,926.0,37132875.0,-18485.0,-801648050.0,17717.0,771432125.0,8881.0,386526250.0,-1216.0,-52757450.0,-840.0,-36346850.0,0.0,0.0,6138.0,267291600.0,4754.0,206718575.0,3.0,129400.0,-161.0,-7046350.0
095910,에스에너지,코스닥,"전동기, 발전기 및 전기 변환 · 공급 · 제어 장치 제조업","태양광발전시스템,태양전지모듈",665.0,379322.0,255171162.0,-2.640000104904175,12059570.0,4.730000019073486,30625.0,20648437.0,-31217.0,-21147665.0,0.0,0.0,0.0,0.0,0.0,0.0,0.0,0.0,0.0,0.0,0.0,0.0,0.0,0.0,630.0,430640.0,-38.0,68588.0
275630,에스에스알,코스닥,소프트웨어 개발 및 공급업,"취약점 진단 솔루션, 모의해킹 컨설팅",4160.0,18608.0,74217249.0,-3.0299999713897705,16680.0,0.019999999552965164,677.0,2792591.0,-677.0,-2814351.0,0.0,21760.0,0.0,21760.0,0.0,0.0,0.0,0.0,0.0,0.0,0.0,0.0,0.0,0.0,0.0,0.0,0.0,0.0
031330,에스에이엠티,코스닥,기계장비 및 관련 물품 도매업,"반도체(메모리,비메모리), CPU, TFT-LCD, 네트웍 장비, PC 및 주변기기, 이동통신수탁사업",8140.0,509713.0,4060858980.0,5.989999771118164,78950930.0,1.940000057220459,-67585.0,-540177415.0,54498.0,436549355.0,1560.0,12203030.0,3333.0,26501910.0,-1576.0,-12709430.0,-197.0,-1589450.0,0.0,0.0,0.0,0.0,0.0,0.0,12147.0,96500150.0,-620.0,-5075120.0
060540,에스에이티,코스닥,"측정, 시험, 항해, 제어 및 기타 정밀기기 제조업; 광학기기 제외","교통관련장비(고정식축중기, 이동식축중기 등)",1170.0,43784.0,51285414.0,-0.17000000178813934,8197.0,0.019999999552965164,-5912.0,-6910151.0,6690.0,7829951.0,-778.0,-919800.0,-778.0,-919800.0,0.0,0.0,0.0,0.0,0.0,0.0,0.0,0.0,0.0,0.0,0.0,0.0,0.0,0.0
0008Z0,에스엔시스,코스닥,"전동기, 발전기 및 전기 변환 · 공급 · 제어 장치 제조업","파워솔루션, 에코솔루션, 운항제어솔루션, MRO 솔루션",23250.0,12388.0,288699425.0,2.880000114440918,4307550.0,1.0399999618530273,-1780.0,-42499525.0,-2971.0,-69926450.0,-893.0,-20576125.0,-25.0,-570000.0,0.0,0.0,-755.0,-17402250.0,0.0,0.0,0.0,0.0,-113.0,-2603875.0,5644.0,133002100.0,0.0,0.0
246250,에스엘에스바이오,코스닥,"그외 기타 전문, 과학 및 기술 서비스업","의약품 품질관리, 신약개발지원, 체외진단기기",1969.0,0.0,0.0,0.0,0.0,0.0,0.0,0.0,0.0,0.0,0.0,0.0,0.0,0.0,0.0,0.0,0.0,0.0,0.0,0.0,0.0,0.0,0.0,0.0,0.0,0.0,0.0,0.0
041510,에스엠,코스닥,오디오물 출판 및 원판 녹음업,"음반(CD,MC),연예 대리",74700.0,108911.0,8187181200.0,2.609999895095825,333566500.0,3.0899999141693115,-21574.0,-1643165250.0,23127.0,1743840500.0,-357.0,-10299150.0,7010.0,532679700.0,-261.0,-19309600.0,1751.0,131857850.0,0.0,0.0,-15650.0,-1169376100.0,6793.0,513848700.0,-1116.0,-84229800.0,-80.0,-6146300.0
460870,에스엠씨지,코스닥,유리 및 유리제품 제조업,화장품 유리용기,2835.0,60706.0,167902090.0,0.8899999856948853,0.0,0.0,-16287.0,-44009105.0,16287.0,44009105.0,0.0,0.0,0.0,0.0,0.0,0.0,0.0,0.0,0.0,0.0,0.0,0.0,0.0,0.0,0.0,0.0,0.0,0.0
464080,에스오에스랩,코스닥,"측정, 시험, 항해, 제어 및 기타 정밀기기 제조업; 광학기기 제외",산업용 및 차량용 라이다(LiDAR),10250.0,239187.0,2434379890.0,0.8899999856948853,210755700.0,8.65999984741211,18846.0,192287910.0,-19207.0,-195951860.0,95.0,975100.0,95.0,975100.0,0.0,0.0,0.0,0.0,0.0,0.0,0.0,0.0,0.0,0.0,-264.0,-2737680.0,530.0,5426530.0
464080,에스오에스랩,코스닥,"측정, 시험, 항해, 제어 및 기타 정밀기기 제조업; 광학기기 제외",산업용 및 차량용 라이다(LiDAR),10250.0,239187.0,2434379890.0,0.8899999856948853,210755700.0,8.65999984741211,18846.0,192287910.0,-19207.0,-195951860.0,95.0,975100.0,95.0,975100.0,0.0,0.0,0.0,0.0,0.0,0.0,0.0,0.0,0.0,0.0,-264.0,-2737680.0,530.0,5426530.0
109610,에스와이,코스닥,"구조용 금속제품, 탱크 및 증기발생기 제조업",샌드위치 패널,1871.0,150294.0,284254548.0,0.8100000023841858,7893064.0,2.7799999713897705,16675.0,31496253.0,-16675.0,-31520230.0,0.0,23977.0,0.0,23977.0,0.0,0.0,0.0,0.0,0.0,0.0,0.0,0.0,0.0,0.0,0.0,0.0,0.0,0.0
365330,에스와이스틸텍,코스닥,"구조용 금속제품, 탱크 및 증기발생기 제조업",데크플레이트,1522.0,431473.0,661481576.0,2.3499999046325684,4901042.0,0.7400000095367432,147891.0,226582925.0,-147534.0,-226042427.0,-357.0,-540498.0,-357.0,-540498.0,0.0,0.0,0.0,0.0,0.0,0.0,0.0,0.0,0.0,0.0,0.0,0.0,0.0,0.0
306040,에스제이그룹,코스닥,"가죽, 가방 및 유사제품 제조업","캉골 가방/모자, 헬렌카민스키 모자",1834.0,23092.0,41413455.0,5.889999866485596,23537.0,0.05999999865889549,5470.0,9977769.0,-5791.0,-10532932.0,1.0,1765.0,1.0,1765.0,0.0,0.0,0.0,0.0,0.0,0.0,0.0,0.0,0.0,0.0,320.0,553398.0,0.0,0.0
398120,에스지헬스케어,코스닥,의료용 기기 제조업,의료용 영상진단기기,1993.0,35187.0,70621824.0,-0.8500000238418579,0.0,0.0,-947.0,-1856241.0,1308.0,2577880.0,-361.0,-721639.0,-361.0,-721639.0,0.0,0.0,0.0,0.0,0.0,0.0,0.0,0.0,0.0,0.0,0.0,0.0,0.0,0.0
472230,SK증권제11호스팩,코스닥,금융 지원 서비스업,기업인수목적 주식회사,2095.0,27164.0,56906070.0,0.0,0.0,0.0,-7154.0,-14987630.0,0.0,0.0,0.0,0.0,0.0,0.0,0.0,0.0,0.0,0.0,0.0,0.0,0.0,0.0,0.0,0.0,7154.0,14987630.0,0.0,0.0
473000,SK증권제12호스팩,코스닥,금융 지원 서비스업,기업인수목적 주식회사,2070.0,110.0,227155.0,0.23999999463558197,0.0,0.0,96.0,198240.0,-96.0,-198240.0,0.0,0.0,0.0,0.0,0.0,0.0,0.0,0.0,0.0,0.0,0.0,0.0,0.0,0.0,0.0,0.0,0.0,0.0
473950,SK증권제13호스팩,코스닥,금융 지원 서비스업,기업인수목적 주식회사,2040.0,6007.0,12244915.0,0.0,0.0,0.0,2155.0,4386200.0,-155.0,-316200.0,-2000.0,-4070000.0,0.0,0.0,0.0,0.0,0.0,0.0,0.0,0.0,0.0,0.0,-2000.0,-4070000.0,0.0,0.0,0.0,0.0
475660,에스켐,코스닥,기타 화학제품 제조업,OLED 유기화합물 등,3390.0,1985.0,6710070.0,1.350000023841858,0.0,0.0,403.0,1356740.0,-403.0,-1356740.0,0.0,0.0,0.0,0.0,0.0,0.0,0.0,0.0,0.0,0.0,0.0,0.0,0.0,0.0,0.0,0.0,0.0,0.0
096630,에스코넥,코스닥,통신 및 방송 장비 제조업,WaferProber,1980.0,19465.0,37897145.0,0.0,144189.0,0.3799999952316284,-488.0,-855885.0,788.0,1439910.0,0.0,-2025.0,0.0,-2025.0,0.0,0.0,0.0,0.0,0.0,0.0,0.0,0.0,0.0,0.0,0.0,0.0,-300.0,-582000.0
069510,에스텍,코스닥,영상 및 음향기기 제조업,스피커 및 스피커시스템,12840.0,3732.0,47962645.0,-0.7699999809265137,422320.0,0.8799999952316284,1432.0,18535165.0,-1430.0,-18509485.0,-2.0,-25680.0,-2.0,-25680.0,0.0,0.0,0.0,0.0,0.0,0.0,0.0,0.0,0.0,0.0,0.0,0.0,0.0,0.0
488280,에스투더블유,코스닥,소프트웨어 개발 및 공급업,"공공/정부기관용 사이버안보 빅데이터 플랫폼, 기업 및 기관용 사이버위협 인텔리전스 플랫폼, 산업용 생성형 AI 플랫폼",10420.0,71477.0,744194650.0,3.2699999809265137,25189460.0,1.909999966621399,-4631.0,-47702750.0,11731.0,120776500.0,-7699.0,-79340450.0,1.0,10420.0,0.0,0.0,0.0,0.0,-7700.0,-79350870.0,0.0,0.0,0.0,0.0,445.0,4654900.0,154.0,1611800.0
234300,에스트래픽,코스닥,"컴퓨터 프로그래밍, 시스템 통합 및 관리업","교통관련 솔루션 개발, 시스템통합 S/W 개발",2635.0,33821.0,89313835.0,0.5699999928474426,2362085.0,2.640000104904175,2303.0,6313200.0,-1653.0,-4549200.0,-500.0,-1350000.0,-500.0,-1350000.0,0.0,0.0,0.0,0.0,0.0,0.0,0.0,0.0,0.0,0.0,-150.0,-414000.0,0.0,0.0
039440,에스티아이,코스닥,특수 목적용 기계 제조업,"Chemical 중앙공급시스템(C.C.S.S), 세정·식각시스템",21100.0,75808.0,1605947900.0,1.690000057220459,53704150.0,2.180000066757202,-3016.0,-64574900.0,4090.0,87338300.0,6.0,129050.0,6.0,129050.0,0.0,0.0,0.0,0.0,0.0,0.0,0.0,0.0,0.0,0.0,-1132.0,-23990950.0,52.0,1098500.0
098660,에스티오,코스닥,봉제의복 제조업,"셔츠,자켓/바지, 타이",1568.0,16610.0,26010004.0,-1.5700000524520874,1570.0,0.009999999776482582,2766.0,4315463.0,1592.0,2501675.0,-123.0,-192266.0,-123.0,-192266.0,0.0,0.0,0.0,0.0,0.0,0.0,0.0,0.0,0.0,0.0,-4235.0,-6624872.0,0.0,0.0
052020,에스티큐브,코스닥,기계장비 및 관련 물품 도매업,"전자부품, 정보통신기기, 지능형로봇외",8400.0,184781.0,1563827190.0,-2.3299999237060547,25803740.0,1.649999976158142,12382.0,104151475.0,-12301.0,-104294735.0,0.0,0.0,0.0,0.0,0.0,0.0,0.0,0.0,0.0,0.0,0.0,0.0,0.0,0.0,375.0,4010140.0,-456.0,-3866880.0
237690,에스티팜,코스닥,의약품 제조업,원료의약품,110900.0,1411054.0,156810328850.0,11.680000305175781,10332818350.0,3.7300000190734863,311036.0,34380370700.0,-234548.0,-26111078650.0,-91862.0,-9955125300.0,20115.0,2293319450.0,7687.0,901454950.0,-64457.0,-7074488750.0,0.0,0.0,-59277.0,-6522380400.0,6145.0,685541100.0,14895.0,1634181800.0,479.0,51651450.0
458350,에스팀,코스닥,기타 사업지원 서비스업,"콘텐츠, 매니지먼트",3630.0,3683.0,13380180.0,-0.27000001072883606,7265.0,0.05000000074505806,1583.0,5750425.0,-2081.0,-7546050.0,399.0,1438245.0,340.0,1224000.0,0.0,0.0,0.0,0.0,0.0,0.0,0.0,0.0,59.0,214245.0,-1.0,-3620.0,100.0,361000.0
050760,에스폴리텍,코스닥,플라스틱제품 제조업,유무선 통신용 소프트웨어,1139.0,139035.0,158186776.0,-1.4700000286102295,4600288.0,2.9100000858306885,-16027.0,-18231738.0,16261.0,18482361.0,416.0,469331.0,416.0,469331.0,0.0,0.0,0.0,0.0,0.0,0.0,0.0,0.0,0.0,0.0,-700.0,-777304.0,50.0,57350.0
288620,에스프리즘,코스닥,"전동기, 발전기 및 전기 변환 · 공급 · 제어 장치 제조업","건물용 연료전지, 발전용 연료전지",4100.0,16805.0,68653195.0,0.0,8200.0,0.009999999776482582,-2915.0,-11962170.0,2675.0,10980920.0,240.0,981250.0,240.0,981250.0,0.0,0.0,0.0,0.0,0.0,0.0,0.0,0.0,0.0,0.0,0.0,0.0,0.0,0.0
443670,에스피소프트,코스닥,"컴퓨터 프로그래밍, 시스템 통합 및 관리업","SPLA 라이센스 총판 사업,CLOUD, gDaaS 등",3030.0,70812.0,213717068.0,0.0,13566935.0,6.349999904632568,-7301.0,-21503865.0,7791.0,22983965.0,0.0,0.0,0.0,0.0,0.0,0.0,0.0,0.0,0.0,0.0,0.0,0.0,0.0,0.0,-500.0,-1510000.0,10.0,29900.0
317830,에스피시스템스,코스닥,특수 목적용 기계 제조업,산업용 갠트리 로봇,5050.0,23878.0,120575295.0,-1.3700000047683716,66040.0,0.05000000074505806,-1907.0,-9558085.0,2797.0,14079005.0,0.0,-20.0,0.0,-20.0,0.0,0.0,0.0,0.0,0.0,0.0,0.0,0.0,0.0,0.0,-890.0,-4520900.0,0.0,0.0
058610,에스피지,코스닥,"전동기, 발전기 및 전기 변환 · 공급 · 제어 장치 제조업",소형 Geared Motor,103400.0,248355.0,25714983900.0,1.8700000047683716,3385370150.0,7.639999866485596,-22228.0,-2344935800.0,19934.0,2081906600.0,1714.0,201945950.0,4596.0,480600050.0,-2789.0,-288223700.0,1262.0,151407350.0,0.0,0.0,-396.0,-41165600.0,-941.0,-98802450.0,581.0,60836800.0,-1.0,246450.0
043340,에쎈테크,코스닥,일반 목적용 기계 제조업,LPG밸브,868.0,65358.0,56536503.0,0.5799999833106995,63941.0,0.10999999940395355,-8890.0,-7686390.0,8896.0,7691314.0,-6.0,-4924.0,-6.0,-4924.0,0.0,0.0,0.0,0.0,0.0,0.0,0.0,0.0,0.0,0.0,0.0,0.0,0.0,0.0
163280,에어레인,코스닥,일반 목적용 기계 제조업,기체분리막 모듈 및 시스템,3330.0,703080.0,2546991276.0,5.050000190734863,21963930.0,0.8600000143051147,65429.0,262232433.0,-66035.0,-264531983.0,469.0,1768520.0,469.0,1768520.0,0.0,0.0,0.0,0.0,0.0,0.0,0.0,0.0,0.0,0.0,-12.0,-61500.0,149.0,592530.0
200710,에이디테크놀로지,코스닥,반도체 제조업,주문형 반도체,27400.0,91033.0,2509248400.0,5.590000152587891,229576950.0,4.960000038146973,2349.0,64121100.0,-944.0,-25247650.0,-418.0,-11452850.0,1.0,27750.0,0.0,0.0,-419.0,-11480600.0,0.0,0.0,0.0,0.0,0.0,0.0,-237.0,-6563300.0,-750.0,-20857300.0
475580,에이럭스,코스닥,그외 기타 제품 제조업,교육용 드론/로봇 및 코딩 콘텐츠,8400.0,1733298.0,15369593000.0,12.899999618530273,99161540.0,0.6499999761581421,125256.0,1114997725.0,-126379.0,-1125645985.0,-178.0,-1490020.0,-178.0,-1490020.0,0.0,0.0,0.0,0.0,0.0,0.0,0.0,0.0,0.0,0.0,1201.0,11028480.0,100.0,1109800.0
096690,에이루트,코스닥,컴퓨터 및 주변장치 제조업,"POS프린터, Mobile프린터, Label프린터",6710.0,4444.0,30402260.0,0.30000001192092896,918810.0,3.0199999809265137,312.0,2127200.0,-312.0,-2127200.0,0.0,0.0,0.0,0.0,0.0,0.0,0.0,0.0,0.0,0.0,0.0,0.0,0.0,0.0,0.0,0.0,0.0,0.0
298380,에이비엘바이오,코스닥,기초 의약물질 제조업,항체의약품 연구개발,82500.0,272917.0,22447847300.0,3.509999990463257,2166312100.0,6.53000020980835,19946.0,1617088750.0,-69760.0,-5729970050.0,48864.0,4037198200.0,15818.0,1313157300.0,4157.0,344106900.0,15763.0,1302878250.0,0.0,0.0,10026.0,822848100.0,3101.0,254290350.0,899.0,72181400.0,51.0,3501700.0
203400,에이비온,코스닥,자연과학 및 공학 연구개발업,"표적 항암제, 바이오 베터 신약",676.0,0.0,0.0,0.0,0.0,0.0,0.0,0.0,0.0,0.0,0.0,0.0,0.0,0.0,0.0,0.0,0.0,0.0,0.0,0.0,0.0,0.0,0.0,0.0,0.0,0.0,0.0,0.0
003800,에이스침대,코스닥,가구 제조업,침대,32250.0,3123.0,101178000.0,-0.7699999809265137,0.0,0.0,651.0,21201400.0,-682.0,-22209850.0,6.0,195450.0,0.0,400.0,0.0,0.0,0.0,0.0,0.0,0.0,0.0,0.0,6.0,195050.0,25.0,813000.0,0.0,0.0
088800,에이스테크,코스닥,통신 및 방송 장비 제조업,"단말기용안테나,기지국용안테나",1920.0,126987.0,243700437.0,-0.8299999833106995,978683.0,0.4000000059604645,24667.0,47230565.0,-26261.0,-50267670.0,2.0,8729.0,2.0,8729.0,0.0,0.0,0.0,0.0,0.0,0.0,0.0,0.0,0.0,0.0,0.0,0.0,1592.0,3028376.0
241840,에이스토리,코스닥,"영화, 비디오물, 방송프로그램 제작 및 배급업",방송프로그램 제작,2420.0,22922.0,54735135.0,1.2599999904632568,450725.0,0.8199999928474426,-2196.0,-5239125.0,1215.0,2893420.0,0.0,0.0,0.0,0.0,0.0,0.0,0.0,0.0,0.0,0.0,0.0,0.0,0.0,0.0,905.0,2155935.0,76.0,189770.0
364950,에이아이코리아,코스닥,특수 목적용 기계 제조업,"2차전지 중앙 전해액 공급시스템(CESS), 프로세스파이핑, 건식세정장비",3515.0,48988.0,169883138.0,-0.14000000059604645,0.0,0.0,12166.0,42482638.0,-14704.0,-51236003.0,2539.0,8756995.0,2539.0,8756995.0,0.0,0.0,0.0,0.0,0.0,0.0,0.0,0.0,0.0,0.0,0.0,0.0,-1.0,-3630.0
453860,에이에스텍,코스닥,기타 화학제품 제조업,자외선 차단제 유기 원료,8740.0,18691.0,162566265.0,-3.9600000381469727,9523980.0,5.860000133514404,7277.0,63373470.0,-6697.0,-58360200.0,0.0,0.0,0.0,0.0,0.0,0.0,0.0,0.0,0.0,0.0,0.0,0.0,0.0,0.0,-535.0,-4615470.0,-45.0,-397800.0
312610,에이에프더블류,코스닥,1차 비철금속 제조업,음극마찰용접단자,397.0,122807.0,47723747.0,0.25,0.0,0.0,4052.0,1678343.0,-4044.0,-1675126.0,0.0,0.0,0.0,0.0,0.0,0.0,0.0,0.0,0.0,0.0,0.0,0.0,0.0,0.0,0.0,0.0,-8.0,-3217.0
172670,에이엘티,코스닥,반도체 제조업,반도체 테스트 및 패키징(반도체 후공정),11020.0,57248.0,614668900.0,6.170000076293945,19229190.0,3.130000114440918,6415.0,71079490.0,-6579.0,-72632490.0,0.0,-5700.0,0.0,-5700.0,0.0,0.0,0.0,0.0,0.0,0.0,0.0,0.0,0.0,0.0,164.0,1558700.0,0.0,0.0
481070,에이유브랜즈,코스닥,"섬유, 의복, 신발 및 가죽제품 소매업","레인부츠, 스니커즈, 겨울화, 패션잡화 등",17270.0,17011.0,294392770.0,-0.6899999976158142,558420.0,0.11999999731779099,1143.0,19582720.0,-2148.0,-37058440.0,1005.0,17475720.0,57.0,978690.0,0.0,0.0,240.0,4168920.0,0.0,0.0,0.0,0.0,708.0,12328110.0,0.0,0.0,0.0,0.0
060900,에이전트AI,코스닥,전기업,풍력 및 태양광 발전업,3770.0,11042.0,41710835.0,0.9399999976158142,0.0,0.0,-544.0,-1958650.0,-85.0,-400160.0,0.0,0.0,0.0,0.0,0.0,0.0,0.0,0.0,0.0,0.0,0.0,0.0,0.0,0.0,566.0,2122495.0,63.0,236315.0
060900,에이전트AI,코스닥,전기업,풍력 및 태양광 발전업,3770.0,11042.0,41710835.0,0.9399999976158142,0.0,0.0,-544.0,-1958650.0,-85.0,-400160.0,0.0,0.0,0.0,0.0,0.0,0.0,0.0,0.0,0.0,0.0,0.0,0.0,0.0,0.0,566.0,2122495.0,63.0,236315.0
445090,에이직랜드,코스닥,반도체 제조업,"비메모리 반도체 설계및 제조, 전자회로 연구, 설계, 레이아웃 등",21700.0,71805.0,1580562900.0,-2.25,206469700.0,7.559999942779541,39239.0,863466550.0,-34248.0,-754413500.0,-5500.0,-120400450.0,0.0,0.0,0.0,0.0,0.0,0.0,0.0,0.0,0.0,0.0,-5500.0,-120400450.0,48.0,1081550.0,461.0,10265850.0
295310,에이치브이엠,코스닥,1차 비철금속 제조업,"Ni계 합금, Fe계 합금, 스퍼터링타겟, Cu계 합금 등",48100.0,64706.0,3120220500.0,1.7999999523162842,199523750.0,4.78000020980835,-6206.0,-299321900.0,11681.0,561035500.0,-5433.0,-259653325.0,3719.0,180190200.0,-11.0,-529950.0,6314.0,304899350.0,0.0,0.0,-6.0,-288425.0,-15448.0,-743876450.0,-42.0,-2060275.0,0.0,0.0
072990,에이치시티,코스닥,기타 과학기술 서비스업,기술검사서비스,3105.0,15585.0,48351365.0,-0.47999998927116394,9360.0,0.019999999552965164,3157.0,9850315.0,-3257.0,-10156285.0,0.0,0.0,0.0,0.0,0.0,0.0,0.0,0.0,0.0,0.0,0.0,0.0,0.0,0.0,100.0,305970.0,0.0,0.0
044990,에이치엔에스하이텍,코스닥,전자부품 제조업,"ACF(이방성전도필름), 수정진동자/수정발진기",11990.0,11015.0,134098530.0,-0.41999998688697815,209540.0,0.1599999964237213,528.0,6599630.0,-1113.0,-13501200.0,485.0,5695710.0,485.0,5695710.0,0.0,0.0,0.0,0.0,0.0,0.0,0.0,0.0,0.0,0.0,100.0,1205860.0,0.0,0.0
239610,에이치엘사이언스,코스닥,기타 식품 제조업,건강기능식품 등,5320.0,362.0,1924120.0,2.109999895095825,0.0,0.0,33.0,175470.0,-33.0,-175480.0,0.0,10.0,0.0,10.0,0.0,0.0,0.0,0.0,0.0,0.0,0.0,0.0,0.0,0.0,0.0,0.0,0.0,0.0
0156T0,에이치엘지노믹스,코스닥,기초 의약물질 제조업,"원료의약품(피타바스타틴칼슘, 에스암로디핀니코틴산염, 베포타스틴베실산염 등)",9970.0,547887.0,5386557845.0,3.8499999046325684,123387005.0,2.2899999618530273,-10418.0,-104863550.0,-1049.0,-6994305.0,13209.0,129386185.0,3036.0,30436700.0,0.0,0.0,1966.0,19562920.0,0.0,0.0,0.0,0.0,8207.0,79386565.0,-488.0,-4923030.0,-1254.0,-12605300.0
036170,에이치엠넥스,코스닥,반도체 제조업,LED패키지,2565.0,283401.0,715960023.0,1.5800000429153442,32283920.0,4.510000228881836,-24738.0,-63158882.0,25439.0,64936032.0,0.0,0.0,0.0,0.0,0.0,0.0,0.0,0.0,0.0,0.0,0.0,0.0,0.0,0.0,0.0,0.0,-701.0,-1777150.0
477340,에이치엠씨제7호스팩,코스닥,금융 지원 서비스업,기타금융,2052.0,10051.0,20604652.0,0.10000000149011612,0.0,0.0,0.0,0.0,0.0,0.0,0.0,0.0,0.0,0.0,0.0,0.0,0.0,0.0,0.0,0.0,0.0,0.0,0.0,0.0,0.0,0.0,0.0,0.0
148930,에이치와이티씨,코스닥,기타 금속 가공제품 제조업,2차전지 장비 초정밀 부품,3295.0,14347.0,47469180.0,3.940000057220459,1563470.0,3.2899999618530273,-6289.0,-20874135.0,-3711.0,-12303575.0,10000.0,33177710.0,10000.0,33177710.0,0.0,0.0,0.0,0.0,0.0,0.0,0.0,0.0,0.0,0.0,0.0,0.0,0.0,0.0
044780,에이치케이,코스닥,특수 목적용 기계 제조업,레이저가공 절단기,1301.0,46628.0,59473059.0,0.5400000214576721,67028.0,0.10999999940395355,-4557.0,-5792279.0,1557.0,1969770.0,0.0,0.0,0.0,0.0,0.0,0.0,0.0,0.0,0.0,0.0,0.0,0.0,0.0,0.0,3000.0,3822509.0,0.0,0.0
357230,에이치피오,코스닥,기타 식품 제조업,"건강기능식품(유산균, 비타민 등)",2160.0,14012.0,29995105.0,0.699999988079071,1020150.0,3.4000000953674316,638.0,1419390.0,-1531.0,-3302695.0,925.0,1955275.0,925.0,1955275.0,0.0,0.0,0.0,0.0,0.0,0.0,0.0,0.0,0.0,0.0,-32.0,-71970.0,0.0,0.0
355690,에이텀,코스닥,전자부품 제조업,평판형 트랜스,4675.0,94528.0,442781851.0,-3.4100000858306885,7758245.0,1.75,36606.0,172256241.0,-26607.0,-125030981.0,0.0,0.0,0.0,0.0,0.0,0.0,0.0,0.0,0.0,0.0,0.0,0.0,0.0,0.0,-9999.0,-47225260.0,0.0,0.0
071670,에이테크솔루션,코스닥,특수 목적용 기계 제조업,"대형정밀금형(가전,자동차용 등)",5120.0,12504.0,63871475.0,-0.1899999976158142,15330.0,0.019999999552965164,-2601.0,-13342480.0,2601.0,13342440.0,0.0,40.0,0.0,40.0,0.0,0.0,0.0,0.0,0.0,0.0,0.0,0.0,0.0,0.0,0.0,0.0,0.0,0.0
045660,에이텍,코스닥,일반 목적용 기계 제조업,"PC,모니터",9740.0,94493.0,907114605.0,5.980000019073486,10907210.0,1.2000000476837158,-18043.0,-171780785.0,18065.0,171993910.0,0.0,40.0,0.0,40.0,0.0,0.0,0.0,0.0,0.0,0.0,0.0,0.0,0.0,0.0,0.0,0.0,-22.0,-213165.0
224110,에이텍모빌리티,코스닥,통신 및 방송 장비 제조업,교통카드단말기,9180.0,16034.0,147827090.0,0.33000001311302185,2331340.0,1.5800000429153442,75.0,697560.0,-476.0,-4379730.0,500.0,4590000.0,500.0,4590000.0,0.0,0.0,0.0,0.0,0.0,0.0,0.0,0.0,0.0,0.0,-99.0,-907830.0,0.0,0.0
021080,에이티넘인베스트,코스닥,신탁업 및 집합투자업,벤처캐피탈,2185.0,128910.0,283397997.0,1.8600000143051147,174785.0,0.05999999865889549,34829.0,76445717.0,-47515.0,-104343602.0,-245.0,-524135.0,-319.0,-685825.0,0.0,0.0,0.0,0.0,0.0,0.0,0.0,0.0,74.0,161690.0,12931.0,28335775.0,0.0,86245.0
200470,에이팩트,코스닥,반도체 제조업,메모리 반도체 테스트,6430.0,1824163.0,12178515820.0,6.630000114440918,182937710.0,1.5,-208149.0,-1395721035.0,100973.0,672297895.0,67394.0,454444085.0,-7273.0,-49204900.0,-21.0,-133960.0,7569.0,50949280.0,0.0,0.0,0.0,0.0,67119.0,452833665.0,40266.0,273335950.0,-484.0,-4356895.0
262260,에이프로,코스닥,기타 전기장비 제조업,"2차전지 장비 등(일반충방전기, 고온가압 충방전기 등)",3235.0,58412.0,189751125.0,4.349999904632568,14624535.0,7.710000038146973,15522.0,50826290.0,-22831.0,-74992585.0,-134.0,-432820.0,-134.0,-432820.0,0.0,0.0,0.0,0.0,0.0,0.0,0.0,0.0,0.0,0.0,7443.0,24599115.0,0.0,0.0
397030,에이프릴바이오,코스닥,자연과학 및 공학 연구개발업,항체의약품 및 재조합 단백질 의약품,21250.0,1205024.0,26020558475.0,-19.200000762939453,356593650.0,0.75,240609.0,5127833750.0,32289.0,708123925.0,-273826.0,-5855256150.0,9048.0,197850775.0,-2682.0,-58643150.0,-210916.0,-4510449350.0,0.0,0.0,-39975.0,-855738525.0,-29300.0,-628254800.0,466.0,9203950.0,462.0,10094525.0
0009K0,에임드바이오,코스닥,자연과학 및 공학 연구개발업,ADC 기반 항암제,26450.0,126370.0,3344944400.0,1.340000033378601,229191025.0,3.9800000190734863,22404.0,589701500.0,-30120.0,-795501825.0,8541.0,228031775.0,9546.0,254563750.0,-9.0,-235900.0,523.0,13815925.0,0.0,0.0,0.0,0.0,441.0,11730000.0,-337.0,-9229800.0,-488.0,-13001650.0
230240,에치에프알,코스닥,통신 및 방송 장비 제조업,유선 및 무선통신장비 제조 및 제조서비스,14220.0,102363.0,1441852860.0,1.7200000286102295,11798800.0,0.8199999928474426,13147.0,183516570.0,2442.0,34536185.0,-14833.0,-207524895.0,86.0,1882755.0,0.0,0.0,-11259.0,-158041180.0,0.0,0.0,0.0,0.0,-3660.0,-51366470.0,-777.0,-10823190.0,21.0,295330.0
159910,에코글로우,코스닥,기타 화학제품 제조업,"화장품제조,마스크",3160.0,2911.0,9129745.0,-1.100000023841858,204305.0,2.240000009536743,115.0,363670.0,-115.0,-363670.0,0.0,0.0,0.0,0.0,0.0,0.0,0.0,0.0,0.0,0.0,0.0,0.0,0.0,0.0,0.0,0.0,0.0,0.0
097780,에코볼트,코스닥,자동차 신품 부품 제조업,자동차 신품 부품,1197.0,11010.0,13070956.0,-0.07999999821186066,0.0,0.0,44.0,56806.0,-44.0,-56806.0,0.0,0.0,0.0,0.0,0.0,0.0,0.0,0.0,0.0,0.0,0.0,0.0,0.0,0.0,0.0,0.0,0.0,0.0
038870,에코심플렉스,코스닥,사업시설 유지·관리 서비스업,"판매시점정보시스템(POS), 금전등록기",1765.0,2852.0,5033107.0,0.4000000059604645,8888.0,0.18000000715255737,-43.0,-76428.0,23.0,40621.0,20.0,35807.0,20.0,35807.0,0.0,0.0,0.0,0.0,0.0,0.0,0.0,0.0,0.0,0.0,0.0,0.0,0.0,0.0
448280,에코아이,코스닥,기타 전문 서비스업,탄소배출권 및 탄소배출권 관련 컨설팅,8970.0,52591.0,473931080.0,8.329999923706055,10163290.0,1.409999966621399,7055.0,59915040.0,-6941.0,-58994540.0,-171.0,-1455210.0,-159.0,-1348320.0,-5.0,-44610.0,0.0,0.0,0.0,0.0,-7.0,-62280.0,0.0,0.0,0.0,0.0,57.0,534710.0
101360,에코앤드림,코스닥,일차전지 및 이차전지 제조업,배출가스 저감용 촉매 및 이차전지 양극활물질 전구체,7870.0,21462.0,168290690.0,3.1500000953674316,1337080.0,0.5400000214576721,1050.0,8245550.0,-1354.0,-10637050.0,504.0,3947500.0,504.0,3947500.0,0.0,0.0,0.0,0.0,0.0,0.0,0.0,0.0,0.0,0.0,0.0,0.0,-200.0,-1556000.0
128540,에코캡,코스닥,자동차 신품 부품 제조업,"자동차 부품(전선, 케이블, 벌브소켓, LED 등)",1280.0,124947.0,161558215.0,-6.840000152587891,59835.0,0.03999999910593033,-9520.0,-12245596.0,8908.0,11450608.0,612.0,794988.0,612.0,794988.0,0.0,0.0,0.0,0.0,0.0,0.0,0.0,0.0,0.0,0.0,0.0,0.0,0.0,0.0
086520,에코프로,코스닥,기타 금융업,"환경소재,화학필터,이차전지소재등",88100.0,536670.0,47574601450.0,2.200000047683716,9676007750.0,13.529999732971191,-44126.0,-3963846050.0,-9064.0,-775639150.0,52413.0,4670114500.0,36820.0,3281535450.0,-65.0,-5718450.0,14120.0,1250655450.0,0.0,0.0,1877.0,168594700.0,-339.0,-24955450.0,451.0,40829900.0,326.0,28540800.0
247540,에코프로비엠,코스닥,일차전지 및 이차전지 제조업,양극활물질,114100.0,286385.0,32708080350.0,3.9200000762939453,4296056500.0,8.489999771118164,-55039.0,-6314261550.0,19188.0,2205898700.0,34436.0,3945986050.0,23174.0,2655567800.0,20.0,2286650.0,13888.0,1587049300.0,0.0,0.0,-3213.0,-365800250.0,567.0,66883050.0,440.0,50483100.0,975.0,111893700.0
383310,에코프로에이치엔,코스닥,기타 화학제품 제조업,환경오염 방지 관련 소재 및 설비,23950.0,72193.0,1722192325.0,2.569999933242798,250723100.0,14.5600004196167,17888.0,425256600.0,-21251.0,-505668600.0,2459.0,58757800.0,2552.0,60984550.0,0.0,0.0,-69.0,-1652550.0,0.0,0.0,0.0,0.0,-24.0,-574200.0,900.0,21561300.0,4.0,92900.0
038110,에코플라스틱,코스닥,자동차 신품 부품 제조업,BUMPER 및 자동차TRIM류,1971.0,147139.0,290635819.0,-0.3499999940395355,10280971.0,3.5399999618530273,39795.0,78292813.0,-39845.0,-78390813.0,0.0,0.0,0.0,0.0,0.0,0.0,0.0,0.0,0.0,0.0,0.0,0.0,0.0,0.0,0.0,0.0,50.0,98000.0
073540,에프알텍,코스닥,통신 및 방송 장비 제조업,이동통신용중계기,2360.0,402385.0,1010736950.0,-5.599999904632568,33337520.0,3.299999952316284,76266.0,196038510.0,-77008.0,-197836645.0,2455.0,5844140.0,2455.0,5844140.0,0.0,0.0,0.0,0.0,0.0,0.0,0.0,0.0,0.0,0.0,-1508.0,-3910755.0,-205.0,-135250.0
064850,에프앤가이드,코스닥,기타 정보 서비스업,"금융정보서비스, INDEX, 펀드평가 등",17270.0,33927.0,584136855.0,2.25,12281400.0,2.0999999046325684,-13030.0,-223094950.0,7933.0,134118435.0,4946.0,86367435.0,-454.0,-7840370.0,0.0,0.0,559.0,9842520.0,0.0,0.0,0.0,0.0,4841.0,84365285.0,90.0,1545300.0,61.0,1063780.0
036810,에프에스티,코스닥,전자부품 제조업,"펠리클(반도체부품), 칠러장비, 반도체유통",23700.0,87339.0,2084318300.0,1.0700000524520874,48996450.0,1.8700000047683716,12599.0,298472825.0,17845.0,424267600.0,-30446.0,-722788225.0,4289.0,103512050.0,10.0,239850.0,-835.0,-19960200.0,0.0,0.0,0.0,0.0,-33910.0,-806579925.0,2.0,47800.0,0.0,0.0
173940,에프엔씨엔터,코스닥,창작 및 예술관련 서비스업,"콘서트, 음반/음원",2380.0,25581.0,56800295.0,7.210000038146973,714405.0,1.2599999904632568,2118.0,4403551.0,2584.0,5817285.0,-4702.0,-10220836.0,0.0,-60.0,0.0,0.0,0.0,0.0,0.0,0.0,0.0,0.0,-4702.0,-10220776.0,0.0,0.0,0.0,0.0
083500,에프엔에스테크,코스닥,특수 목적용 기계 제조업,"OLED, LCD 제조 공정 장비",12000.0,81324.0,970274455.0,-1.9600000381469727,3255760.0,0.3400000035762787,21810.0,260365265.0,-1553.0,-19725160.0,-19878.0,-236149240.0,2.0,24120.0,0.0,0.0,-9457.0,-112362760.0,0.0,0.0,-10423.0,-123810600.0,0.0,0.0,-381.0,-4514735.0,2.0,23870.0
317530,에피소드컴퍼니,코스닥,"영화, 비디오물, 방송프로그램 제작 및 배급업","영상 콘텐츠(30.05%), 공연(29.76%), 키즈카페(17.38%), 커머스(12.77%), 라이선스 및 기타(10.04%)",2910.0,3356.0,9743415.0,-0.17000000178813934,8740.0,0.09000000357627869,397.0,1142430.0,-357.0,-1026595.0,0.0,0.0,0.0,0.0,0.0,0.0,0.0,0.0,0.0,0.0,0.0,0.0,0.0,0.0,0.0,0.0,-40.0,-115835.0
054940,엑사이엔씨,코스닥,실내건축 및 건축마무리 공사업,실내건축 공사업,3325.0,145549.0,490940339.0,-3.9000000953674316,15185215.0,3.0899999141693115,18002.0,59966388.0,-19856.0,-66102208.0,0.0,-330.0,0.0,-330.0,0.0,0.0,0.0,0.0,0.0,0.0,0.0,0.0,0.0,0.0,1853.0,6111290.0,1.0,24860.0
950130,엑세스바이오,코스닥,의료용품 및 기타 의약 관련제품 제조업,"말라리아 진단키트(RDT), HIV 진단키트(RDT)",2320.0,53888.0,124008657.0,5.690000057220459,2268060.0,1.8300000429153442,4320.0,10506387.0,-4319.0,-10504072.0,0.0,0.0,0.0,0.0,0.0,0.0,0.0,0.0,0.0,0.0,0.0,0.0,0.0,0.0,-1.0,-2315.0,0.0,0.0
373110,엑셀세라퓨틱스,코스닥,기초 의약물질 제조업,CellCor SFD/CD(세포배양배지),1271.0,47098.0,59694628.0,-0.38999998569488525,0.0,0.0,-13137.0,-16348863.0,13137.0,16361838.0,0.0,-12975.0,0.0,-12975.0,0.0,0.0,0.0,0.0,0.0,0.0,0.0,0.0,0.0,0.0,0.0,0.0,0.0,0.0
205100,엑셈,코스닥,소프트웨어 개발 및 공급업,IT 시스템 성능관리 및 AI데이터 저장관리,1350.0,357935.0,486761993.0,4.650000095367432,1551038.0,0.3199999928474426,-118028.0,-160369617.0,57382.0,77522565.0,60535.0,82694937.0,5.0,6750.0,0.0,0.0,0.0,0.0,0.0,0.0,0.0,0.0,60530.0,82688187.0,-6.0,-8160.0,117.0,160275.0
356680,엑스게이트,코스닥,소프트웨어 개발 및 공급업,통합 네트워크 보안 솔루션,12120.0,369169.0,4408983160.0,4.389999866485596,30718040.0,0.699999988079071,8186.0,98235145.0,12964.0,155766865.0,0.0,0.0,0.0,0.0,0.0,0.0,0.0,0.0,0.0,0.0,0.0,0.0,0.0,0.0,-21273.0,-255572710.0,123.0,1570700.0
317770,엑스페릭스,코스닥,전자부품 제조업,"지문인식 등록, 인증 기기 및 솔루션",2620.0,63676.0,167750700.0,1.350000023841858,8803435.0,5.25,4483.0,11710740.0,-3665.0,-9556705.0,-68.0,-184395.0,-68.0,-184395.0,0.0,0.0,0.0,0.0,0.0,0.0,0.0,0.0,0.0,0.0,0.0,0.0,-750.0,-1969640.0
373200,엑스플러스,코스닥,그외 기타 제품 제조업,모바일 IT응용제품 외,1675.0,88887.0,144968126.0,-2.619999885559082,242580.0,0.17000000178813934,25528.0,41611759.0,-32995.0,-53757259.0,0.0,0.0,0.0,0.0,0.0,0.0,0.0,0.0,0.0,0.0,0.0,0.0,0.0,0.0,7467.0,12145500.0,0.0,0.0
069920,엑시온그룹,코스닥,무점포 소매업,"해외, 국내상품 소싱 및 판매대행 서비스",975.0,500085.0,513459021.0,-12.5600004196167,2655654.0,0.5199999809265137,-70098.0,-71017070.0,67085.0,68029493.0,0.0,-7840.0,0.0,-7840.0,0.0,0.0,0.0,0.0,0.0,0.0,0.0,0.0,0.0,0.0,500.0,507732.0,2513.0,2487685.0
092870,엑시콘,코스닥,특수 목적용 기계 제조업,반도체 검사장비,22800.0,239808.0,5551118750.0,-1.2999999523162842,141183600.0,2.5399999618530273,38424.0,894962900.0,-37611.0,-876545125.0,-518.0,-11920525.0,-250.0,-5812750.0,-25.0,-570175.0,-44.0,-1001250.0,0.0,0.0,-7.0,-159550.0,-191.0,-4354050.0,221.0,5113900.0,-516.0,-11611150.0
317870,엔바이오니아,코스닥,그외 기타 제품 제조업,양전하필터(정수기),6220.0,34132.0,219023625.0,2.809999942779541,12509510.0,5.710000038146973,6661.0,43206815.0,-6114.0,-39606215.0,0.0,0.0,0.0,0.0,0.0,0.0,0.0,0.0,0.0,0.0,0.0,0.0,0.0,0.0,0.0,0.0,-547.0,-3600600.0
067570,엔브이에이치코리아,코스닥,자동차 신품 부품 제조업,"헤드라이너, NVH부품",1729.0,33065.0,56877890.0,-0.5199999809265137,5604601.0,9.850000381469727,16943.0,29114681.0,-15056.0,-25894234.0,-1384.0,-2356293.0,-1384.0,-2356293.0,0.0,0.0,0.0,0.0,0.0,0.0,0.0,0.0,0.0,0.0,290.0,498220.0,-793.0,-1362374.0
0004V0,엔비알모션,코스닥,기타 금속 가공제품 제조업,강구 및 테이퍼롤러,6150.0,424358.0,2656062690.0,-5.960000038146973,33950940.0,1.2799999713897705,137064.0,858205140.0,-135736.0,-849654940.0,-446.0,-2943600.0,-446.0,-2943600.0,0.0,0.0,0.0,0.0,0.0,0.0,0.0,0.0,0.0,0.0,-231.0,-1571830.0,-651.0,-4034770.0
236810,엔비티,코스닥,광고업,모바일 포인트 광고 플랫폼,1472.0,45344.0,68704881.0,-4.230000019073486,7699622.0,11.210000038146973,-386.0,-980768.0,-17402.0,-26419427.0,0.0,-2.0,0.0,-2.0,0.0,0.0,0.0,0.0,0.0,0.0,0.0,0.0,0.0,0.0,17268.0,26632457.0,520.0,767740.0
333620,엔시스,코스닥,기타 전기장비 제조업,2차전지 머신비전 검사장비,5610.0,2760.0,15315410.0,0.18000000715255737,2457060.0,16.040000915527344,-128.0,-699530.0,128.0,699530.0,0.0,0.0,0.0,0.0,0.0,0.0,0.0,0.0,0.0,0.0,0.0,0.0,0.0,0.0,0.0,0.0,0.0,0.0
101400,엔시트론,코스닥,반도체 제조업,디지털오디오앰프칩,1870.0,238508.0,447146959.0,-3.109999895095825,1907688.0,0.4300000071525574,-18601.0,-34909485.0,-22763.0,-42900486.0,37175.0,69442221.0,37175.0,69442221.0,0.0,0.0,0.0,0.0,0.0,0.0,0.0,0.0,0.0,0.0,4189.0,8367750.0,0.0,0.0
475230,엔알비,코스닥,기타 금속 가공제품 제조업,이동형 모듈러 임대 및 판매,9490.0,482263.0,4580171420.0,17.739999771118164,10739040.0,0.23000000417232513,114.0,22694605.0,-6499.0,-83743675.0,3985.0,38023130.0,1100.0,10633130.0,0.0,0.0,2885.0,27390000.0,0.0,0.0,0.0,0.0,0.0,0.0,2511.0,23935390.0,-111.0,-909450.0
481890,엔에이치스팩31호,코스닥,금융 지원 서비스업,금융지원서비스업,2065.0,8.0,16520.0,0.0,0.0,0.0,0.0,0.0,0.0,0.0,0.0,0.0,0.0,0.0,0.0,0.0,0.0,0.0,0.0,0.0,0.0,0.0,0.0,0.0,0.0,0.0,0.0,0.0
0054V0,엔에이치스팩32호,코스닥,금융 지원 서비스업,합병,1986.0,5787.0,11490795.0,-0.44999998807907104,0.0,0.0,5000.0,9927407.0,0.0,-263.0,-5000.0,-9927144.0,0.0,0.0,0.0,0.0,0.0,0.0,0.0,0.0,0.0,0.0,-5000.0,-9927144.0,0.0,0.0,0.0,0.0
0130H0,엔에이치스팩33호,코스닥,금융 지원 서비스업,기업인수,1983.0,8740.0,17332886.0,-0.25,0.0,0.0,5403.0,10712524.0,1097.0,2176378.0,-6500.0,-12888902.0,0.0,0.0,0.0,0.0,0.0,0.0,0.0,0.0,0.0,0.0,-6500.0,-12888902.0,0.0,0.0,0.0,0.0
265740,엔에프씨,코스닥,기타 화학제품 제조업,화장품 원료 제조 및 판매,6300.0,188282.0,1174165055.0,3.7899999618530273,12969080.0,1.100000023841858,-7057.0,-44960290.0,-5843.0,-36292990.0,16400.0,103095530.0,0.0,0.0,0.0,0.0,0.0,0.0,0.0,0.0,0.0,0.0,16400.0,103095530.0,-2150.0,-13314750.0,-1350.0,-8527500.0
354200,엔젠바이오,코스닥,"그외 기타 전문, 과학 및 기술 서비스업","유전체 분야 진단시약 제조 및 유전체 분야 소프트웨어 연구,개발,판매",1790.0,61677.0,110018919.0,-3.240000009536743,437272.0,0.4000000059604645,-6001.0,-10709625.0,6001.0,10678971.0,0.0,30654.0,0.0,30654.0,0.0,0.0,0.0,0.0,0.0,0.0,0.0,0.0,0.0,0.0,0.0,0.0,0.0,0.0
455900,엔젤로보틱스,코스닥,특수 목적용 기계 제조업,"재활 전문 웨어러블 로봇, 근력 보조 무동력 웨어러블 슈트, 일상생활 보조 웨어러블 로봇 등",21700.0,32240.0,695154825.0,2.119999885559082,58886000.0,4.849999904632568,2616.0,56369600.0,-5363.0,-115767350.0,2847.0,61575750.0,2847.0,61575750.0,0.0,0.0,0.0,0.0,0.0,0.0,0.0,0.0,0.0,0.0,110.0,2366500.0,-210.0,-4544500.0
419080,엔젯,코스닥,특수 목적용 기계 제조업,"EHD 잉크젯 프린터, EHD 코터",6080.0,48037.0,293487660.0,0.0,3856590.0,1.309999942779541,18012.0,109891180.0,-17352.0,-106051850.0,-660.0,-3839330.0,-660.0,-3839330.0,0.0,0.0,0.0,0.0,0.0,0.0,0.0,0.0,0.0,0.0,0.0,0.0,0.0,0.0
183490,엔지켐생명과학,코스닥,기초 의약물질 제조업,"EC-18(신약), 원료의약품",990.0,0.0,0.0,0.0,0.0,0.0,0.0,0.0,0.0,0.0,0.0,0.0,0.0,0.0,0.0,0.0,0.0,0.0,0.0,0.0,0.0,0.0,0.0,0.0,0.0,0.0,0.0,0.0
182400,엔케이젠바이오텍코리아,코스닥,기초 의약물질 제조업,"연구용 시약, NK Vue® KIT, SuperNK",3670.0,0.0,0.0,0.0,0.0,0.0,0.0,0.0,0.0,0.0,0.0,0.0,0.0,0.0,0.0,0.0,0.0,0.0,0.0,0.0,0.0,0.0,0.0,0.0,0.0,0.0,0.0,0.0
348370,엔켐,코스닥,기초 화학물질 제조업,2차전지 전해액,21150.0,244637.0,5242103425.0,-0.9399999976158142,2299063550.0,30.920000076293945,37836.0,801828025.0,-61454.0,-1311349250.0,22031.0,475382325.0,14828.0,321983275.0,0.0,0.0,7203.0,153399050.0,0.0,0.0,0.0,0.0,0.0,0.0,1033.0,22052900.0,554.0,12086000.0
069410,엔텔스,코스닥,소프트웨어 개발 및 공급업,운용지원솔루션,2950.0,5320.0,15624163.0,-1.340000033378601,53680.0,0.3400000035762787,3167.0,9296273.0,-3167.0,-9296273.0,0.0,0.0,0.0,0.0,0.0,0.0,0.0,0.0,0.0,0.0,0.0,0.0,0.0,0.0,0.0,0.0,0.0,0.0
227950,엔투텍,코스닥,특수 목적용 기계 제조업,반도체장비 부품 제조업,1925.0,2700197.0,5032600944.0,29.979999542236328,4856125.0,0.10000000149011612,86922.0,158492277.0,-98751.0,-181259772.0,4435.0,8452833.0,4435.0,8452833.0,0.0,0.0,0.0,0.0,0.0,0.0,0.0,0.0,0.0,0.0,7361.0,14171408.0,33.0,143254.0
048830,엔피케이,코스닥,합성고무 및 플라스틱 물질 제조업,합성고무 및 플라스틱물질 제조업,1118.0,84923.0,94409247.0,5.170000076293945,31470.0,0.029999999329447746,-36527.0,-40683119.0,-9432.0,-10482945.0,44355.0,49370191.0,44355.0,49370191.0,0.0,0.0,0.0,0.0,0.0,0.0,0.0,0.0,0.0,0.0,1604.0,1795873.0,0.0,0.0
096870,엘디티,코스닥,반도체 제조업,"OLED구동IC,LED구동IC,LCD구동IC",2445.0,24529.0,59220000.0,-1.809999942779541,1777265.0,3.0,-7495.0,-17953420.0,7674.0,18386470.0,-179.0,-433050.0,-179.0,-433050.0,0.0,0.0,0.0,0.0,0.0,0.0,0.0,0.0,0.0,0.0,0.0,0.0,0.0,0.0
290650,엘앤씨바이오,코스닥,의약품 제조업,"인체조직(피부, 뼈, 연골)",53300.0,184330.0,9850006100.0,2.9000000953674316,355786800.0,2.640000104904175,-16443.0,-890448800.0,45269.0,2417803600.0,-17277.0,-914299100.0,5704.0,309447650.0,-41.0,-2166800.0,-123.0,-6472100.0,0.0,0.0,-14.0,-735650.0,-22802.0,-1214319600.0,-11641.0,-618013400.0,92.0,4957700.0
156100,엘앤케이바이오,코스닥,의료용 기기 제조업,척추 임플란트,4365.0,333896.0,1459545419.0,9.130000114440918,48666095.0,3.3299999237060547,-7229.0,-27345055.0,4113.0,12579880.0,498.0,3999420.0,498.0,3999420.0,0.0,0.0,0.0,0.0,0.0,0.0,0.0,0.0,0.0,0.0,2754.0,11527360.0,-136.0,-761605.0
0041J0,엘에스스팩1호,코스닥,금융 지원 서비스업,기업인수합병,1992.0,1040.0,2055310.0,0.0,0.0,0.0,1.0,1992.0,-1.0,-1992.0,0.0,0.0,0.0,0.0,0.0,0.0,0.0,0.0,0.0,0.0,0.0,0.0,0.0,0.0,0.0,0.0,0.0,0.0
073110,엘엠에스,코스닥,전자부품 제조업,프리즘시트,4825.0,1617.0,7845815.0,0.0,4895.0,0.05999999865889549,-122.0,-593795.0,128.0,622755.0,-6.0,-28960.0,0.0,0.0,0.0,0.0,0.0,0.0,0.0,0.0,-6.0,-28960.0,0.0,0.0,0.0,0.0,0.0,0.0
083310,엘오티베큠,코스닥,특수 목적용 기계 제조업,반도체제조용진공펌프,10030.0,117212.0,1163165590.0,1.9299999475479126,75034560.0,6.449999809265137,26899.0,269449760.0,-31139.0,-311363960.0,3103.0,30755730.0,0.0,0.0,0.0,0.0,373.0,3715440.0,0.0,0.0,0.0,0.0,2730.0,27040290.0,1125.0,11042250.0,12.0,116220.0
037950,엘컴텍,코스닥,전자부품 제조업,"BLU(Back Light Unit), CCM(Compact Camera Module), Display용 EL",2975.0,47563.0,142617687.0,3.299999952316284,23760.0,0.019999999552965164,-9085.0,-27656439.0,9333.0,28382824.0,0.0,0.0,0.0,0.0,0.0,0.0,0.0,0.0,0.0,0.0,0.0,0.0,0.0,0.0,-310.0,-917600.0,62.0,191215.0
489500,엘케이켐,코스닥,기타 화학제품 제조업,"반도체 소재(CP, PCP, DIS) 등",20500.0,13496.0,276576825.0,0.49000000953674316,3936600.0,1.4199999570846558,-2108.0,-43418925.0,2158.0,44438775.0,0.0,150.0,0.0,150.0,0.0,0.0,0.0,0.0,0.0,0.0,0.0,0.0,0.0,0.0,0.0,0.0,-50.0,-1020000.0
170920,엘티씨,코스닥,기초 화학물질 제조업,FPD(LCD/OLED) 및 반도체용 박리액,37700.0,206590.0,7758689025.0,4.289999961853027,233713750.0,3.009999990463257,-14340.0,-551681725.0,35827.0,1357574225.0,-17822.0,-668521275.0,1014.0,38282850.0,-19.0,-712500.0,-13298.0,-499540100.0,0.0,0.0,-7.0,-263350.0,-5511.0,-206250775.0,-3523.0,-131947300.0,-142.0,-5423925.0
058630,엠게임,코스닥,소프트웨어 개발 및 공급업,"온라인 게임 개발 및 퍼블리싱(열혈강호온라인,홀릭2,영웅)",4235.0,21788.0,91673393.0,-0.23999999463558197,459850.0,0.5,12320.0,51798608.0,-4425.0,-18622010.0,-8023.0,-33714643.0,-23.0,-97495.0,0.0,0.0,0.0,0.0,0.0,0.0,0.0,0.0,-8000.0,-33617148.0,128.0,538045.0,0.0,0.0
226590,엠디바이스,코스닥,전자부품 제조업,반도체기억장치,12420.0,26825.0,329444730.0,1.059999942779541,5766950.0,1.75,1577.0,19299620.0,81.0,1075450.0,-197.0,-2441790.0,-197.0,-2441790.0,0.0,0.0,0.0,0.0,0.0,0.0,0.0,0.0,0.0,0.0,-930.0,-11366190.0,-531.0,-6567090.0
058970,엠로,코스닥,소프트웨어 개발 및 공급업,"기업용 공급망관리 소프트웨어, AI 디지털혁신 소프트웨어, 공급망관리 클라우드 서비스",17040.0,34030.0,586167505.0,-0.9300000071525574,29970700.0,3.7300000190734863,3651.0,61330575.0,-11324.0,-193770235.0,8595.0,148257420.0,-76.0,-1334920.0,0.0,0.0,0.0,0.0,0.0,0.0,8671.0,149592340.0,0.0,0.0,-1027.0,-17606930.0,105.0,1789170.0
169330,엠브레인,코스닥,시장조사 및 여론조사업,온라인 및 오프라인 리서치,1340.0,10137.0,13210793.0,1.5199999809265137,152746.0,1.159999966621399,3170.0,4115023.0,-3156.0,-4096886.0,0.0,0.0,0.0,0.0,0.0,0.0,0.0,0.0,0.0,0.0,0.0,0.0,0.0,0.0,-14.0,-18137.0,0.0,0.0
373170,엠아이큐브솔루션,코스닥,소프트웨어 개발 및 공급업,"스마트팩토리 솔루션, 제조지능화 솔루션",1756.0,3525.0,6146650.0,0.0,1757.0,0.029999999329447746,-672.0,-1143570.0,473.0,801915.0,199.0,341655.0,199.0,341655.0,0.0,0.0,0.0,0.0,0.0,0.0,0.0,0.0,0.0,0.0,0.0,0.0,0.0,0.0
179290,엠아이텍,코스닥,의료용 기기 제조업,비혈관 스텐트 및 체외충격파 쇄석기,5300.0,52258.0,273139285.0,4.130000114440918,18547330.0,6.789999961853027,-1299.0,-7430010.0,-8631.0,-45512795.0,10001.0,53323515.0,1.0,4870.0,0.0,0.0,1500.0,8001900.0,0.0,0.0,0.0,0.0,8500.0,45316745.0,-61.0,-328810.0,-10.0,-51900.0
009780,엠에스씨,코스닥,기타 식품 제조업,식품첨가물,6970.0,24116.0,167143990.0,2.5,48770.0,0.029999999329447746,2489.0,17640920.0,-6118.0,-42863470.0,0.0,0.0,0.0,0.0,0.0,0.0,0.0,0.0,0.0,0.0,0.0,0.0,0.0,0.0,3642.0,25313040.0,-13.0,-90490.0
123040,엠에스오토텍,코스닥,자동차 신품 부품 제조업,자동차 차체 부품,1790.0,426491.0,771016282.0,2.5199999809265137,13982369.0,1.809999942779541,-4812.0,-7623000.0,-6747.0,-13849611.0,11059.0,20578611.0,11059.0,20578611.0,0.0,0.0,0.0,0.0,0.0,0.0,0.0,0.0,0.0,0.0,0.0,0.0,500.0,894000.0
432980,엠에프씨,코스닥,기초 의약물질 제조업,원료의약품(API) 및 핵심소재,2650.0,7441.0,20003315.0,-3.4600000381469727,8435.0,0.03999999910593033,2366.0,6363635.0,-1554.0,-4220555.0,-1050.0,-2782900.0,-1050.0,-2782900.0,0.0,0.0,0.0,0.0,0.0,0.0,0.0,0.0,0.0,0.0,0.0,0.0,238.0,639820.0
007820,엠엑스로보틱스,코스닥,일반 목적용 기계 제조업,"자동화물류서비스, 자동화공정설비",4610.0,2107668.0,9930433009.0,0.2199999988079071,55832135.0,0.5600000023841858,35757.0,167050420.0,-36486.0,-170560235.0,0.0,-81315.0,0.0,-81315.0,0.0,0.0,0.0,0.0,0.0,0.0,0.0,0.0,0.0,0.0,1195.0,5467990.0,-466.0,-1876860.0
347890,엠엑스온,코스닥,"측정, 시험, 항해, 제어 및 기타 정밀기기 제조업; 광학기기 제외","스마트HMI, 스마트SCADA, 스마트팩토리솔루션",4650.0,30367.0,140660948.0,1.75,474900.0,0.3400000035762787,-13798.0,-63764560.0,13878.0,64133310.0,0.0,50.0,0.0,50.0,0.0,0.0,0.0,0.0,0.0,0.0,0.0,0.0,0.0,0.0,0.0,0.0,-80.0,-368800.0
413390,엠오티,코스닥,특수 목적용 기계 제조업,이차전지 제조 자동화 설비,7240.0,24880.0,180052510.0,1.8300000429153442,14216100.0,7.900000095367432,-12722.0,-92379250.0,-2018.0,-14564480.0,15000.0,108826130.0,15000.0,108826130.0,0.0,0.0,0.0,0.0,0.0,0.0,0.0,0.0,0.0,0.0,0.0,0.0,-260.0,-1882400.0
032790,엠젠솔루션,코스닥,기계장비 및 관련 물품 도매업,"프린터형상기, 광통신장비, Bio이종장기, AI솔루션",910.0,20272.0,18416313.0,-1.5199999809265137,865992.0,4.699999809265137,8454.0,7654578.0,-8454.0,-7654578.0,0.0,0.0,0.0,0.0,0.0,0.0,0.0,0.0,0.0,0.0,0.0,0.0,0.0,0.0,0.0,0.0,0.0,0.0
033160,엠케이전자,코스닥,전자부품 제조업,반도체용세금선,14950.0,800471.0,12205043535.0,-1.7100000381469727,369832060.0,3.0299999713897705,54272.0,826514525.0,23918.0,353441795.0,-77547.0,-1169748920.0,-821.0,-12026490.0,0.0,0.0,-660.0,-9883015.0,0.0,0.0,0.0,0.0,-76066.0,-1147839415.0,-343.0,-5782785.0,-300.0,-4424615.0
033310,엠투엔,코스닥,전자부품 제조업,산업용자동제어반기기,1390.0,217717.0,310139712.0,0.28999999165534973,8869108.0,2.859999895095825,-17025.0,-24218569.0,12004.0,17004481.0,5021.0,7214088.0,1461.0,2179308.0,0.0,0.0,0.0,0.0,0.0,0.0,0.0,0.0,0.0,0.0,0.0,0.0,0.0,0.0
259630,엠플러스,코스닥,특수 목적용 기계 제조업,이차전지 자동화 조립설비,9390.0,96137.0,919857255.0,1.2899999618530273,31591320.0,3.430000066757202,26555.0,256763065.0,-27189.0,-262747895.0,34.0,319830.0,34.0,319830.0,0.0,0.0,0.0,0.0,0.0,0.0,0.0,0.0,0.0,0.0,600.0,5665000.0,0.0,0.0
105550,엣지파운드리,코스닥,전자부품 제조업,"자동차용 센서(APS, TPS, IAPS, SLS)",2340.0,145263.0,328380447.0,4.699999809265137,0.0,0.0,13508.0,30692543.0,-14415.0,-32809048.0,-81.0,-184680.0,-81.0,-184680.0,0.0,0.0,0.0,0.0,0.0,0.0,0.0,0.0,0.0,0.0,5.0,11025.0,983.0,2290160.0
060850,영림원소프트랩,코스닥,소프트웨어 개발 및 공급업,"ERP Package, 유지 관리 등",4640.0,14486.0,66931580.0,0.8700000047683716,4695.0,0.009999999776482582,-3268.0,-15007990.0,1972.0,9029080.0,652.0,2999200.0,652.0,2999200.0,0.0,0.0,0.0,0.0,0.0,0.0,0.0,0.0,0.0,0.0,644.0,2979710.0,0.0,0.0
143540,영우디에스피,코스닥,특수 목적용 기계 제조업,OLED/LCD 디스플레이 검사장비,1050.0,207840.0,210424843.0,7.909999847412109,761896.0,0.36000001430511475,-51405.0,-51683441.0,51405.0,51683441.0,0.0,0.0,0.0,0.0,0.0,0.0,0.0,0.0,0.0,0.0,0.0,0.0,0.0,0.0,0.0,0.0,0.0,0.0
265560,영화테크,코스닥,자동차 신품 부품 제조업,자동차 정션박스 등,7000.0,6882.0,48411530.0,-0.5699999928474426,295150.0,0.6100000143051147,1880.0,13224390.0,-1797.0,-12640520.0,0.0,0.0,0.0,0.0,0.0,0.0,0.0,0.0,0.0,0.0,0.0,0.0,0.0,0.0,0.0,0.0,-83.0,-583870.0
036000,예림당,코스닥,"서적, 잡지 및 기타 인쇄물 출판업",무선가입자망 단말기 및 차량용핸즈프리,3005.0,160212.0,469185754.0,8.09000015258789,2134350.0,0.44999998807907104,-67437.0,-197953621.0,67437.0,197953621.0,0.0,0.0,0.0,0.0,0.0,0.0,0.0,0.0,0.0,0.0,0.0,0.0,0.0,0.0,0.0,0.0,0.0,0.0
250930,예선테크,코스닥,플라스틱제품 제조업,기업인수합병,1597.0,9637.0,15466351.0,0.949999988079071,98413.0,0.6399999856948853,1919.0,3130547.0,-1909.0,-3114584.0,0.0,0.0,0.0,0.0,0.0,0.0,0.0,0.0,0.0,0.0,0.0,0.0,0.0,0.0,0.0,0.0,-10.0,-15963.0
053280,예스24,코스닥,무점포 소매업,"도서,음반/DVD,화장품",3200.0,7990.0,25541618.0,-0.7799999713897705,1488035.0,5.829999923706055,2762.0,8814847.0,-2763.0,-8818062.0,0.0,5.0,0.0,5.0,0.0,0.0,0.0,0.0,0.0,0.0,0.0,0.0,0.0,0.0,0.0,0.0,1.0,3210.0
122640,예스티,코스닥,특수 목적용 기계 제조업,반도체 및 디스플레이 제조 장비,28850.0,352553.0,10122358025.0,3.0399999618530273,465086050.0,4.590000152587891,-19998.0,-597331050.0,-68287.0,-1966442675.0,77875.0,2266643900.0,1825.0,53059500.0,6517.0,189597325.0,5408.0,157512150.0,0.0,0.0,64125.0,1866474925.0,0.0,0.0,10843.0,309692925.0,-433.0,-12563100.0
476040,오가노이드사이언스,코스닥,자연과학 및 공학 연구개발업,"오가노이드 기반 재생치료제, 오가노이드 기반 신소재평가 솔루션",7530.0,19920.0,153342820.0,0.4000000059604645,409720.0,0.27000001072883606,1251.0,9256680.0,-1251.0,-9256680.0,0.0,0.0,0.0,0.0,0.0,0.0,0.0,0.0,0.0,0.0,0.0,0.0,0.0,0.0,0.0,0.0,0.0,0.0
900300,오가닉티코스메틱,코스닥,기타 금융업,"유아용 화장품(클렌징, 여름용, 피부케어, 기능성 화장품)",2475.0,140931.0,359526390.0,-4.989999771118164,1794905.0,0.5,9513.0,25717685.0,-10370.0,-27810665.0,-1.0,-29535.0,-1.0,-29535.0,0.0,0.0,0.0,0.0,0.0,0.0,0.0,0.0,0.0,0.0,-199.0,-495510.0,1057.0,2618025.0
045060,오공,코스닥,기타 화학제품 제조업,"접착제,씰란트,광택제,연마제",2105.0,23572.0,49453715.0,-0.23999999463558197,497550.0,1.0099999904632568,13209.0,27719290.0,-3894.0,-8159260.0,-1315.0,-2766695.0,-1315.0,-2766695.0,0.0,0.0,0.0,0.0,0.0,0.0,0.0,0.0,0.0,0.0,-8000.0,-16793335.0,0.0,0.0
192410,오늘이엔엠,코스닥,통신 및 방송 장비 제조업,"지능형서비스로봇, 기지국안테나, 여행",4750.0,68227.0,322494055.0,-1.0399999618530273,0.0,0.0,6049.0,29262945.0,-10232.0,-49256675.0,0.0,-23425.0,0.0,-23425.0,0.0,0.0,0.0,0.0,0.0,0.0,0.0,0.0,0.0,0.0,4183.0,20017155.0,0.0,0.0
080520,오디텍,코스닥,반도체 제조업,"광반도체, 소자 및 모듈",2990.0,3328.0,9946720.0,0.5,35960.0,0.36000001430511475,1298.0,3867720.0,-1298.0,-3867720.0,0.0,0.0,0.0,0.0,0.0,0.0,0.0,0.0,0.0,0.0,0.0,0.0,0.0,0.0,0.0,0.0,0.0,0.0
039830,오로라,코스닥,전문디자인업,"캐릭터디자인,캐릭터완구 등",18280.0,226441.0,3973783515.0,10.789999961853027,414225420.0,10.420000076293945,-22199.0,-399153605.0,4231.0,75605925.0,21340.0,381633070.0,44.0,804320.0,0.0,0.0,-6873.0,-121593085.0,0.0,0.0,0.0,0.0,28169.0,502421835.0,-2290.0,-39142800.0,-1082.0,-18942590.0
322310,오로스테크놀로지,코스닥,특수 목적용 기계 제조업,반도체 Overlay 계측 장비,14110.0,100002.0,1423975420.0,0.7900000214576721,6741310.0,0.4699999988079071,12427.0,176972150.0,-17942.0,-256321040.0,5715.0,82178890.0,5715.0,82178890.0,0.0,0.0,0.0,0.0,0.0,0.0,0.0,0.0,0.0,0.0,0.0,0.0,-200.0,-2830000.0
046120,오르비텍,코스닥,기타 과학기술 서비스업,"방사선안전관리, 항공기 정밀부품 제조 등",4570.0,108511.0,499427869.0,0.10999999940395355,8725675.0,1.75,-824.0,-3219285.0,867.0,3415150.0,-43.0,-195865.0,-43.0,-195865.0,0.0,0.0,0.0,0.0,0.0,0.0,0.0,0.0,0.0,0.0,0.0,0.0,0.0,0.0
475830,오름테라퓨틱,코스닥,기초 의약물질 제조업,항체약물접합체(ADC) 단백질 분해제(TPD) 연구 개발,71700.0,167970.0,12015086750.0,1.9900000095367432,2017502800.0,12.680000305175781,4606.0,332703450.0,-55574.0,-3991981900.0,51973.0,3731553250.0,5440.0,394452700.0,409.0,29890600.0,71911.0,5152917600.0,-30000.0,-2146753950.0,2500.0,178802400.0,1713.0,122243900.0,-884.0,-63575900.0,-121.0,-8698900.0
014940,오리엔탈정공,코스닥,일반 목적용 기계 제조업,선박용 기계제품(크레인 등),4755.0,125472.0,600740049.0,0.3199999928474426,30870420.0,5.139999866485596,10319.0,49441462.0,-10270.0,-49206757.0,-4.0,-18930.0,-4.0,-18930.0,0.0,0.0,0.0,0.0,0.0,0.0,0.0,0.0,0.0,0.0,0.0,0.0,-45.0,-215775.0
065500,오리엔트정공,코스닥,자동차 신품 부품 제조업,"하우징, 리테이너베어링",1162.0,40213.0,46734769.0,0.4300000071525574,121010.0,0.25999999046325684,4662.0,5428238.0,-4662.0,-5428238.0,0.0,0.0,0.0,0.0,0.0,0.0,0.0,0.0,0.0,0.0,0.0,0.0,0.0,0.0,0.0,0.0,0.0,0.0
010470,오리콤,코스닥,광고업,광고대행,4760.0,4304.0,20455870.0,-0.41999998688697815,28840.0,0.14000000059604645,1005.0,4770580.0,-1047.0,-4969270.0,0.0,30.0,0.0,30.0,0.0,0.0,0.0,0.0,0.0,0.0,0.0,0.0,0.0,0.0,0.0,0.0,42.0,198660.0
417860,오브젠,코스닥,소프트웨어 개발 및 공급업,CRM 소프트웨어,6830.0,14910.0,101919400.0,0.28999999165534973,553810.0,0.5400000214576721,96.0,706560.0,-101.0,-740710.0,0.0,0.0,0.0,0.0,0.0,0.0,0.0,0.0,0.0,0.0,0.0,0.0,0.0,0.0,0.0,0.0,5.0,34150.0
352910,오비고,코스닥,"컴퓨터 프로그래밍, 시스템 통합 및 관리업",스마트카 소프트웨어 플랫폼,3410.0,16861.0,56471107.0,-0.15000000596046448,405370.0,0.7200000286102295,8280.0,27648492.0,-3730.0,-12440102.0,-4820.0,-16119640.0,-4820.0,-16119640.0,0.0,0.0,0.0,0.0,0.0,0.0,0.0,0.0,0.0,0.0,0.0,0.0,270.0,911250.0
053980,오상자이엘,코스닥,소프트웨어 개발 및 공급업,CATIA Solution,2470.0,55630.0,137416170.0,1.0199999809265137,25050.0,0.019999999552965164,-5852.0,-14277015.0,6112.0,14929615.0,-80.0,-197200.0,-80.0,-197200.0,0.0,0.0,0.0,0.0,0.0,0.0,0.0,0.0,0.0,0.0,-180.0,-455400.0,0.0,0.0
036220,오상헬스케어,코스닥,의료용 기기 제조업,"생화학 측정기 및 센서, 면역진단기기 및 마커, 분자진단기기 및 시약 등",6740.0,3520.0,23738200.0,-0.5899999737739563,1499050.0,6.309999942779541,-772.0,-5133390.0,844.0,5624520.0,0.0,0.0,0.0,0.0,0.0,0.0,0.0,0.0,0.0,0.0,0.0,0.0,0.0,0.0,0.0,0.0,-72.0,-491130.0
052420,오성첨단소재,코스닥,플라스틱제품 제조업,"보호, 기능성 필름",9190.0,22604.0,207526515.0,-1.1799999475479126,23039145.0,11.100000381469727,7244.0,66474105.0,-13277.0,-121879425.0,5993.0,55038920.0,5993.0,55038920.0,0.0,0.0,0.0,0.0,0.0,0.0,0.0,0.0,0.0,0.0,20.0,183000.0,20.0,183400.0
052300,오션인더블유,코스닥,상품 종합 도매업,운송,1330.0,162621.0,222043923.0,-2.8499999046325684,7264043.0,3.2699999809265137,8913.0,11744539.0,-3085.0,-4320750.0,-5828.0,-7423789.0,-5828.0,-7423789.0,0.0,0.0,0.0,0.0,0.0,0.0,0.0,0.0,0.0,0.0,0.0,0.0,0.0,0.0
039200,오스코텍,코스닥,의약품 제조업,신약연구개발,38850.0,153061.0,5878927350.0,1.9700000286102295,1210195650.0,15.130000114440918,11897.0,446223950.0,-45416.0,-1734599125.0,29759.0,1144714675.0,15521.0,595625175.0,-20.0,-772000.0,7209.0,280152150.0,0.0,0.0,14445.0,552899700.0,-7395.0,-283151450.0,3789.0,144783650.0,-29.0,-1123150.0
226400,오스테오닉,코스닥,의료용 기기 제조업,골접합 및 재건용 금속소재 및 생체복합재료 기반 임플란트,4345.0,42332.0,182475868.0,2.8399999141693115,892840.0,0.49000000953674316,806.0,3386712.0,-651.0,-2715752.0,0.0,0.0,0.0,0.0,0.0,0.0,0.0,0.0,0.0,0.0,0.0,0.0,0.0,0.0,-155.0,-670960.0,0.0,0.0
031510,오스템,코스닥,자동차 신품 부품 제조업,휠,1143.0,129161.0,144057231.0,4.099999904632568,2059577.0,1.4299999475479126,-38651.0,-43031145.0,8703.0,9520168.0,29948.0,33510977.0,29948.0,33510977.0,0.0,0.0,0.0,0.0,0.0,0.0,0.0,0.0,0.0,0.0,0.0,0.0,0.0,0.0
342870,오아,코스닥,가전제품 및 정보통신장비 소매업,계절/생활/주방/건강가전 및 헬스/건강식품,3605.0,3285.0,11759275.0,0.14000000059604645,14340.0,0.11999999731779099,920.0,3291890.0,-405.0,-1449455.0,54.0,191700.0,54.0,191700.0,0.0,0.0,0.0,0.0,0.0,0.0,0.0,0.0,0.0,0.0,-569.0,-2034135.0,0.0,0.0
368970,오에스피,코스닥,동물용 사료 및 조제식품 제조업,프리미엄 반려동물 사료,2375.0,35628.0,81386035.0,3.490000009536743,79855.0,0.10000000149011612,15352.0,34882725.0,6375.0,14396405.0,0.0,0.0,0.0,0.0,0.0,0.0,0.0,0.0,0.0,0.0,0.0,0.0,0.0,0.0,-21727.0,-49279130.0,0.0,0.0
138080,오이솔루션,코스닥,통신 및 방송 장비 제조업,광트랜시버,23800.0,217509.0,5111575975.0,6.489999771118164,106800800.0,2.0899999141693115,-19269.0,-450813225.0,15068.0,350811350.0,7.0,69050.0,7.0,69050.0,0.0,0.0,0.0,0.0,0.0,0.0,0.0,0.0,0.0,0.0,4581.0,109024100.0,-387.0,-9091275.0
138080,오이솔루션,코스닥,통신 및 방송 장비 제조업,광트랜시버,23800.0,217509.0,5111575975.0,6.489999771118164,106800800.0,2.0899999141693115,-19269.0,-450813225.0,15068.0,350811350.0,7.0,69050.0,7.0,69050.0,0.0,0.0,0.0,0.0,0.0,0.0,0.0,0.0,0.0,0.0,4581.0,109024100.0,-387.0,-9091275.0
080580,오킨스전자,코스닥,전자부품 제조업,반도체 검사용 소켓,18000.0,239863.0,4283290500.0,3.869999885559082,142249930.0,3.319999933242798,-4837.0,-84003910.0,16885.0,297453390.0,-13568.0,-240832250.0,574.0,10193970.0,0.0,0.0,-1300.0,-23042770.0,0.0,0.0,0.0,0.0,-12842.0,-227983450.0,1617.0,29132580.0,-97.0,-1749810.0
067170,오텍,코스닥,자동차 재제조 부품 제조업,"냉동 및 내장탑차, 앰블란스",2425.0,258252.0,619895673.0,-0.8199999928474426,38165760.0,6.159999847412109,-6262.0,-14256420.0,4472.0,10070790.0,-1167.0,-2949260.0,-1167.0,-2949260.0,0.0,0.0,0.0,0.0,0.0,0.0,0.0,0.0,0.0,0.0,2957.0,7134890.0,0.0,0.0
353590,오토앤,코스닥,자동차 부품 및 내장품 판매업,자동차 지급품 및 애프터마켓 제품,1698.0,16230.0,27513109.0,-4.070000171661377,5226.0,0.019999999552965164,-1687.0,-2811851.0,1687.0,2811851.0,0.0,0.0,0.0,0.0,0.0,0.0,0.0,0.0,0.0,0.0,0.0,0.0,0.0,0.0,0.0,0.0,0.0,0.0
173130,오파스넷,코스닥,"컴퓨터 프로그래밍, 시스템 통합 및 관리업",네트워크 구축 및 유지보수,5490.0,33130.0,182594510.0,0.18000000715255737,2148880.0,1.1799999475479126,-1633.0,-8759690.0,1633.0,8765950.0,0.0,-1860.0,0.0,-1860.0,0.0,0.0,0.0,0.0,0.0,0.0,0.0,0.0,0.0,0.0,0.0,-4400.0,0.0,0.0
440320,오픈놀,코스닥,소프트웨어 개발 및 공급업,미니인턴플랫폼(커리어 및 채용 플랫폼),2505.0,7017.0,17325955.0,3.0899999141693115,35125.0,0.20000000298023224,-1254.0,-3123300.0,1617.0,3992685.0,-363.0,-869385.0,-363.0,-869385.0,0.0,0.0,0.0,0.0,0.0,0.0,0.0,0.0,0.0,0.0,0.0,0.0,0.0,0.0
049480,오픈베이스,코스닥,"컴퓨터 프로그래밍, 시스템 통합 및 관리업","트래픽솔루션(웹스위치,트래픽서버)",1888.0,104379.0,194804569.0,2.049999952316284,2864338.0,1.4700000286102295,-8532.0,-15847763.0,7425.0,13788694.0,0.0,0.0,0.0,0.0,0.0,0.0,0.0,0.0,0.0,0.0,0.0,0.0,0.0,0.0,0.0,0.0,1107.0,2059069.0
394280,오픈엣지테크놀로지,코스닥,소프트웨어 개발 및 공급업,시스템 반도체 IP,9280.0,57864.0,534041370.0,4.039999961853027,57741660.0,7.260000228881836,-8469.0,-78143195.0,8494.0,78810635.0,207.0,1478750.0,207.0,1478750.0,0.0,0.0,0.0,0.0,0.0,0.0,0.0,0.0,0.0,0.0,0.0,0.0,-232.0,-2146190.0
476060,온코닉테라퓨틱스,코스닥,자연과학 및 공학 연구개발업,"자큐보정(Zastaprazan, 소화기질환 신약), Nesuparib(표적항암제 신약)",14730.0,324140.0,4731519200.0,5.210000038146973,105810650.0,1.2200000286102295,-2233.0,-37731445.0,27898.0,411438665.0,-36078.0,-524677015.0,2554.0,37021790.0,-1.0,-14600.0,-2670.0,-38606360.0,0.0,0.0,0.0,0.0,-35961.0,-523077845.0,10202.0,147788600.0,211.0,3181195.0
382150,온코크로스,코스닥,자연과학 및 공학 연구개발업,AI플랫폼 기반 신약개발 용역서비스,3580.0,109377.0,398655750.0,6.070000171661377,4900515.0,1.2300000190734863,-9087.0,-31362305.0,9814.0,33790070.0,0.0,3450.0,0.0,3450.0,0.0,0.0,0.0,0.0,0.0,0.0,0.0,0.0,0.0,0.0,1404.0,5094080.0,-2131.0,-7525295.0
244460,올리패스,코스닥,기초 의약물질 제조업,인공유전자 플랫폼(OliPass PNA) 기술을 활용한 RNA치료제 신약개발,1651.0,0.0,0.0,0.0,0.0,0.0,0.0,0.0,0.0,0.0,0.0,0.0,0.0,0.0,0.0,0.0,0.0,0.0,0.0,0.0,0.0,0.0,0.0,0.0,0.0,0.0,0.0,0.0
226950,올릭스,코스닥,자연과학 및 공학 연구개발업,siRNA 신약 개발,109400.0,320768.0,35585678200.0,4.789999961853027,3404880800.0,6.400000095367432,-14630.0,-1685445800.0,-75448.0,-8302788900.0,91106.0,10100050500.0,8461.0,944561900.0,4.0,458800.0,28044.0,3125558450.0,0.0,0.0,30024.0,3304795950.0,24374.0,2702703850.0,-1150.0,-125392800.0,122.0,13577000.0
057540,옴니시스템,코스닥,"측정, 시험, 항해, 제어 및 기타 정밀기기 제조업; 광학기기 제외","전자식전력량계,설비미터,원격검침시스템",667.0,100233.0,67206342.0,0.0,3600266.0,5.360000133514404,4743.0,3159611.0,-4743.0,-3159611.0,0.0,0.0,0.0,0.0,0.0,0.0,0.0,0.0,0.0,0.0,0.0,0.0,0.0,0.0,0.0,0.0,0.0,0.0
131030,옵투스제약,코스닥,의약품 제조업,티어린프리점안액,5810.0,18517.0,107275710.0,1.0399999618530273,208300.0,0.1899999976158142,1081.0,6166140.0,-1082.0,-6171900.0,0.0,0.0,0.0,0.0,0.0,0.0,0.0,0.0,0.0,0.0,0.0,0.0,0.0,0.0,0.0,0.0,1.0,5760.0
082210,옵트론텍,코스닥,사진장비 및 광학기기 제조업,"IRFilter,Grating",1726.0,33242.0,57375136.0,0.0,2035671.0,3.549999952316284,11851.0,20455848.0,-11351.0,-19593235.0,0.0,0.0,0.0,0.0,0.0,0.0,0.0,0.0,0.0,0.0,0.0,0.0,0.0,0.0,-500.0,-862613.0,0.0,0.0
109080,옵티시스,코스닥,통신 및 방송 장비 제조업,광링크 모듈 등,8770.0,4025.0,35085840.0,0.5699999928474426,0.0,0.0,173.0,1507670.0,-173.0,-1507670.0,0.0,0.0,0.0,0.0,0.0,0.0,0.0,0.0,0.0,0.0,0.0,0.0,0.0,0.0,0.0,0.0,0.0,0.0
380540,옵티코어,코스닥,마그네틱 및 광학 매체 제조업,"광트랜시버, 광다중화장치 등",8450.0,0.0,0.0,0.0,0.0,0.0,0.0,0.0,0.0,0.0,0.0,0.0,0.0,0.0,0.0,0.0,0.0,0.0,0.0,0.0,0.0,0.0,0.0,0.0,0.0,0.0,0.0,0.0
153710,옵티팜,코스닥,의료용품 및 기타 의약 관련제품 제조업,"옵티케어,메디피그 등",4800.0,9417.0,45094405.0,0.0,200030.0,0.4399999976158142,-3707.0,-17817475.0,-1465.0,-7046480.0,5159.0,24801725.0,0.0,0.0,0.0,0.0,5159.0,24801725.0,0.0,0.0,0.0,0.0,0.0,0.0,0.0,0.0,13.0,62230.0
432430,와이랩,코스닥,"영화, 비디오물, 방송프로그램 제작 및 배급업",만화출판물의 제작 및 영상물 제작,2100.0,8275.0,16986900.0,3.190000057220459,27180.0,0.1599999964237213,-294.0,-599410.0,359.0,734700.0,-65.0,-135290.0,-65.0,-135290.0,0.0,0.0,0.0,0.0,0.0,0.0,0.0,0.0,0.0,0.0,0.0,0.0,0.0,0.0
338840,와이바이오로직스,코스닥,자연과학 및 공학 연구개발업,항체의약품 및 항체후보물질 연구개발,9880.0,97033.0,954941890.0,5.21999979019165,1451960.0,0.11999999731779099,8179.0,80109260.0,33484.0,331241860.0,-41936.0,-414043200.0,505.0,4914050.0,0.0,0.0,0.0,0.0,0.0,0.0,1000.0,10000000.0,-43441.0,-428957250.0,223.0,2193670.0,50.0,498410.0
122990,와이솔,코스닥,전자부품 제조업,"SAW Filter, Wafer Chip, Duplexer",5740.0,29631.0,170247645.0,0.0,9059690.0,5.320000171661377,18658.0,107153425.0,-12798.0,-73506925.0,-5860.0,-33646500.0,-784.0,-4520290.0,-43.0,-247250.0,-33.0,-189620.0,0.0,0.0,-5000.0,-28689340.0,0.0,0.0,0.0,0.0,0.0,0.0
232140,와이씨,코스닥,특수 목적용 기계 제조업,메모리 웨이퍼 테스터,10640.0,438755.0,4645960745.0,4.010000228881836,470341570.0,10.119999885559082,-1089.0,-16246285.0,-12869.0,-133081645.0,15344.0,163657670.0,15210.0,162237080.0,-8.0,-84625.0,142.0,1505215.0,0.0,0.0,0.0,0.0,0.0,0.0,-1610.0,-16793930.0,224.0,2464190.0
112290,와이씨켐,코스닥,기타 화학제품 제조업,반도체 및 디스플레이용 화학소재,10690.0,55628.0,586534535.0,2.299999952316284,8780350.0,1.5,-946.0,-10269185.0,590.0,6524285.0,4.0,42900.0,4.0,42900.0,0.0,0.0,0.0,0.0,0.0,0.0,0.0,0.0,0.0,0.0,0.0,0.0,352.0,3702000.0
065530,와이어블,코스닥,전기 통신업,공용기지국건설/관리,1240.0,103811.0,126863067.0,2.7300000190734863,296934.0,0.23000000417232513,-17477.0,-21248466.0,17741.0,21562994.0,-11.0,5144.0,-11.0,5144.0,0.0,0.0,0.0,0.0,0.0,0.0,0.0,0.0,0.0,0.0,-250.0,-316000.0,-3.0,-3672.0
067900,와이엔텍,코스닥,폐기물 처리업,"사업장폐기물중간및최종처리,전문건설,골재제조",5980.0,15549.0,92445985.0,0.6700000166893005,1859860.0,2.009999990463257,310.0,1878060.0,-354.0,-2117040.0,-115.0,-706050.0,-115.0,-706050.0,0.0,0.0,0.0,0.0,0.0,0.0,0.0,0.0,0.0,0.0,170.0,1010590.0,-11.0,-65560.0
067900,와이엔텍,코스닥,폐기물 처리업,"사업장폐기물중간및최종처리,전문건설,골재제조",5980.0,15549.0,92445985.0,0.6700000166893005,1859860.0,2.009999990463257,310.0,1878060.0,-354.0,-2117040.0,-115.0,-706050.0,-115.0,-706050.0,0.0,0.0,0.0,0.0,0.0,0.0,0.0,0.0,0.0,0.0,170.0,1010590.0,-11.0,-65560.0
007530,와이엠,코스닥,기타 금속 가공제품 제조업,"볼트, 나사",1514.0,17933.0,26971390.0,0.12999999523162842,7518.0,0.029999999329447746,-575.0,-878876.0,-583.0,-930709.0,1158.0,1809585.0,1158.0,1809585.0,0.0,0.0,0.0,0.0,0.0,0.0,0.0,0.0,0.0,0.0,0.0,0.0,0.0,0.0
155650,와이엠씨,코스닥,전자부품 제조업,"FPD 패널용 Target, Backing Plate 등",3040.0,18385.0,55352955.0,1.159999966621399,0.0,0.0,5075.0,15272405.0,-5015.0,-15090605.0,0.0,0.0,0.0,0.0,0.0,0.0,0.0,0.0,0.0,0.0,0.0,0.0,0.0,0.0,-60.0,-181800.0,0.0,0.0
273640,와이엠텍,코스닥,"전동기, 발전기 및 전기 변환 · 공급 · 제어 장치 제조업",계전기(EV Relay),5060.0,10249.0,51680050.0,1.2999999523162842,2232365.0,4.320000171661377,730.0,3829280.0,-730.0,-3823915.0,0.0,-5365.0,0.0,-5365.0,0.0,0.0,0.0,0.0,0.0,0.0,0.0,0.0,0.0,0.0,0.0,0.0,0.0,0.0
251370,와이엠티,코스닥,기초 화학물질 제조업,"PCB, 반도체 및 디스플레이 제조용 화학소재 등",7940.0,52530.0,413250315.0,4.46999979019165,6715100.0,1.6200000047683716,-8558.0,-67621680.0,-1364.0,-10478800.0,0.0,-85540.0,0.0,-85540.0,0.0,0.0,0.0,0.0,0.0,0.0,0.0,0.0,0.0,0.0,9916.0,78138620.0,6.0,47400.0
209640,와이제이링크,코스닥,특수 목적용 기계 제조업,SMT(PCB 표면실장) 이송 및 추적장비 등 스마트 공정장비,3415.0,75264.0,256037386.0,-0.5799999833106995,515210.0,0.20000000298023224,-10835.0,-36855739.0,10635.0,36179739.0,0.0,0.0,0.0,0.0,0.0,0.0,0.0,0.0,0.0,0.0,0.0,0.0,0.0,0.0,0.0,0.0,200.0,676000.0
096250,와이즈넛,코스닥,소프트웨어 개발 및 공급업,"검색엔진, 챗봇, 클라우드서비스",6050.0,16331.0,98464755.0,-0.49000000953674316,9140020.0,9.279999732971191,4011.0,24184935.0,-4039.0,-24353555.0,0.0,0.0,0.0,0.0,0.0,0.0,0.0,0.0,0.0,0.0,0.0,0.0,0.0,0.0,0.0,0.0,28.0,168620.0
273060,와이즈버즈,코스닥,광고업,광고대행,864.0,0.0,0.0,0.0,0.0,0.0,0.0,0.0,0.0,0.0,0.0,0.0,0.0,0.0,0.0,0.0,0.0,0.0,0.0,0.0,0.0,0.0,0.0,0.0,0.0,0.0,0.0,0.0
019210,와이지-원,코스닥,기타 금속 가공제품 제조업,"엔드밀, 탭, 드릴",15420.0,832383.0,12380992935.0,0.9200000166893005,845547115.0,6.829999923706055,131369.0,1930489145.0,34575.0,528983075.0,-169567.0,-2512853900.0,-3953.0,-59234125.0,0.0,0.0,-62156.0,-916843010.0,0.0,0.0,0.0,0.0,-103458.0,-1536776765.0,3808.0,56607690.0,-185.0,-3226010.0
122870,와이지엔터테인먼트,코스닥,오디오물 출판 및 원판 녹음업,"음악 및 기타 오디오물 출판, 신인 아티스트 육성 및 매니지먼트",40300.0,93530.0,3800869500.0,2.1500000953674316,723383250.0,13.229999542236328,-22456.0,-920440175.0,19116.0,782458700.0,3426.0,141472325.0,1942.0,80794500.0,-135.0,-5463700.0,193.0,7912825.0,0.0,0.0,-18.0,-724725.0,1445.0,58993625.0,-23.0,-939500.0,-63.0,-2551350.0
079000,와토스코리아,코스닥,플라스틱제품 제조업,위생도기용부속(양변기용),4195.0,38677.0,159088510.0,-1.1799999475479126,8208020.0,5.159999847412109,2158.0,8284990.0,-1677.0,-6633790.0,-1578.0,-6112095.0,-1578.0,-6112095.0,0.0,0.0,0.0,0.0,0.0,0.0,0.0,0.0,0.0,0.0,1090.0,4432090.0,7.0,28805.0
079000,와토스코리아,코스닥,플라스틱제품 제조업,위생도기용부속(양변기용),4195.0,38677.0,159088510.0,-1.1799999475479126,8208020.0,5.159999847412109,2158.0,8284990.0,-1677.0,-6633790.0,-1578.0,-6112095.0,-1578.0,-6112095.0,0.0,0.0,0.0,0.0,0.0,0.0,0.0,0.0,0.0,0.0,1090.0,4432090.0,7.0,28805.0
403490,우듬지팜,코스닥,"과실, 채소 가공 및 저장 처리업","스테비아 토마토, 대추방울 토마토, 완숙 토마토 등",505.0,0.0,0.0,0.0,0.0,0.0,0.0,0.0,0.0,0.0,0.0,0.0,0.0,0.0,0.0,0.0,0.0,0.0,0.0,0.0,0.0,0.0,0.0,0.0,0.0,0.0,0.0,0.0
032820,우리기술,코스닥,"전동기, 발전기 및 전기 변환 · 공급 · 제어 장치 제조업","시스템사업, 정보통신사업",12190.0,2259624.0,27330124085.0,5.449999809265137,512327400.0,1.8700000047683716,-630369.0,-7611381165.0,551561.0,6662306265.0,71120.0,854591405.0,75457.0,906951315.0,-96.0,-1170790.0,-1149.0,-13853450.0,0.0,0.0,0.0,0.0,-3092.0,-37335670.0,1977.0,23734555.0,5711.0,70748940.0
041190,우리기술투자,코스닥,기타 금융업,창업자에 대한 투자 및 융자,4935.0,2373342.0,11633705228.0,11.649999618530273,851500566.0,7.320000171661377,110506.0,528088297.0,-152827.0,-738273059.0,32471.0,158973362.0,14286.0,68912562.0,0.0,0.0,185.0,900610.0,0.0,0.0,0.0,0.0,18000.0,89160190.0,25993.0,129997600.0,-16143.0,-78786200.0
115440,우리넷,코스닥,통신 및 방송 장비 제조업,"광전송장비(MSPP), 교환장비(AGW)",7320.0,41515.0,304226825.0,0.8299999833106995,10693750.0,3.5199999809265137,2095.0,15371100.0,-1906.0,-13983880.0,-189.0,-1387220.0,-189.0,-1387220.0,0.0,0.0,0.0,0.0,0.0,0.0,0.0,0.0,0.0,0.0,0.0,0.0,0.0,0.0
046970,우리로,코스닥,기타 전문 도매업,"광분배기(웨이퍼, 칩, 모듈), 광다이오드",4470.0,240147.0,1083108649.0,0.2199999988079071,20987718.0,1.940000057220459,13750.0,62376631.0,-18618.0,-84481556.0,184.0,834725.0,184.0,834725.0,0.0,0.0,0.0,0.0,0.0,0.0,0.0,0.0,0.0,0.0,3843.0,17447220.0,841.0,3822980.0
046970,우리로,코스닥,기타 전문 도매업,"광분배기(웨이퍼, 칩, 모듈), 광다이오드",4470.0,240147.0,1083108649.0,0.2199999988079071,20987718.0,1.940000057220459,13750.0,62376631.0,-18618.0,-84481556.0,184.0,834725.0,184.0,834725.0,0.0,0.0,0.0,0.0,0.0,0.0,0.0,0.0,0.0,0.0,3843.0,17447220.0,841.0,3822980.0
082850,우리바이오,코스닥,기타 식품 제조업,건강기능식품 개발 제조 및 스마트팜 연구개발,897.0,0.0,0.0,0.0,0.0,0.0,0.0,0.0,0.0,0.0,0.0,0.0,0.0,0.0,0.0,0.0,0.0,0.0,0.0,0.0,0.0,0.0,0.0,0.0,0.0,0.0,0.0,0.0
215360,우리산업,코스닥,자동차 신품 부품 제조업,ACTUATOR 등,6600.0,13066.0,85108250.0,-0.44999998807907104,672680.0,0.7900000214576721,535.0,3537690.0,-549.0,-3629520.0,0.0,0.0,0.0,0.0,0.0,0.0,0.0,0.0,0.0,0.0,0.0,0.0,0.0,0.0,0.0,0.0,14.0,91830.0
072470,우리산업홀딩스,코스닥,자동차 신품 부품 제조업,HVAC ACTUATOR (자동차 공조장치 부품 등),2500.0,4235.0,10525720.0,-1.190000057220459,2485.0,0.019999999552965164,1704.0,4234980.0,-1704.0,-4234980.0,0.0,0.0,0.0,0.0,0.0,0.0,0.0,0.0,0.0,0.0,0.0,0.0,0.0,0.0,0.0,0.0,0.0,0.0
073560,우리손에프앤지,코스닥,"도축, 육류 가공 및 저장 처리업","양돈업, 도축업",1543.0,53340.0,81287729.0,1.25,357087.0,0.4399999976158142,11947.0,18139957.0,-11747.0,-17832957.0,0.0,0.0,0.0,0.0,0.0,0.0,0.0,0.0,0.0,0.0,0.0,0.0,0.0,0.0,-200.0,-307000.0,0.0,0.0
073560,우리손에프앤지,코스닥,"도축, 육류 가공 및 저장 처리업","양돈업, 도축업",1543.0,53340.0,81287729.0,1.25,357087.0,0.4399999976158142,11947.0,18139957.0,-11747.0,-17832957.0,0.0,0.0,0.0,0.0,0.0,0.0,0.0,0.0,0.0,0.0,0.0,0.0,0.0,0.0,-200.0,-307000.0,0.0,0.0
037400,우리엔터프라이즈,코스닥,상품 종합 도매업,"변환장치 제조업 백열전구, 형광등",632.0,0.0,0.0,0.0,0.0,0.0,0.0,0.0,0.0,0.0,0.0,0.0,0.0,0.0,0.0,0.0,0.0,0.0,0.0,0.0,0.0,0.0,0.0,0.0,0.0,0.0,0.0,0.0
153490,우리이앤엘하루틴,코스닥,반도체 제조업,LED 패키지,1843.0,948639.0,2247536904.0,-8.989999771118164,25260.0,0.0,1933.0,1653577.0,-1933.0,-5258332.0,0.0,1946680.0,0.0,1946680.0,0.0,0.0,0.0,0.0,0.0,0.0,0.0,0.0,0.0,0.0,0.0,1657375.0,0.0,700.0
101170,우림피티에스,코스닥,일반 목적용 기계 제조업,"트랜스미션,감속기,기어전동축 제조",8410.0,224281.0,1950652520.0,3.319999933242798,29464500.0,1.5099999904632568,101647.0,887207960.0,-102822.0,-897308650.0,0.0,-6760.0,0.0,-6760.0,0.0,0.0,0.0,0.0,0.0,0.0,0.0,0.0,0.0,0.0,1030.0,8777320.0,145.0,1330130.0
103840,우양,코스닥,"과실, 채소 가공 및 저장 처리업","HMR, 음료 베이스, 퓨레 등",1748.0,9552.0,16706225.0,0.05999999865889549,0.0,0.0,2026.0,3536716.0,-2028.0,-3540204.0,0.0,0.0,0.0,0.0,0.0,0.0,0.0,0.0,0.0,0.0,0.0,0.0,0.0,0.0,0.0,0.0,2.0,3488.0
101970,우양에이치씨,코스닥,"구조용 금속제품, 탱크 및 증기발생기 제조업","화공 플랜트, 에너지 플랜트",10430.0,12130.0,125351870.0,1.2599999904632568,11554420.0,9.220000267028809,-2719.0,-28409220.0,-1814.0,-18494150.0,4541.0,46975280.0,4541.0,46975280.0,0.0,0.0,0.0,0.0,0.0,0.0,0.0,0.0,0.0,0.0,-295.0,-3065050.0,287.0,2993140.0
046940,우원개발,코스닥,기반조성 및 시설물 축조관련 전문공사업,토공사,2995.0,137038.0,414325154.0,-1.6399999856948853,20468075.0,4.940000057220459,-7316.0,-22225606.0,7316.0,22235526.0,0.0,-9920.0,0.0,-9920.0,0.0,0.0,0.0,0.0,0.0,0.0,0.0,0.0,0.0,0.0,0.0,0.0,0.0,0.0
065680,우주일렉트로,코스닥,전자부품 제조업,정보통신용 초정밀커넥터,24050.0,10154.0,244625450.0,0.41999998688697815,13501650.0,3.700000047683716,3010.0,72375950.0,-3114.0,-75001350.0,2035.0,48907950.0,35.0,857950.0,0.0,0.0,0.0,0.0,0.0,0.0,2000.0,48050000.0,0.0,0.0,-1942.0,-46541150.0,11.0,258600.0
018620,우진비앤지,코스닥,의약품 제조업,"슈퍼티아, 안티펜SM",2695.0,16489.0,44429200.0,0.1899999976158142,51220.0,0.11999999731779099,5898.0,15926325.0,-5898.0,-15926325.0,0.0,0.0,0.0,0.0,0.0,0.0,0.0,0.0,0.0,0.0,0.0,0.0,0.0,0.0,0.0,0.0,0.0,0.0
457550,우진엔텍,코스닥,"그외 기타 전문, 과학 및 기술 서비스업",발전소 계측제어설비 정비 서비스,13530.0,37944.0,514785995.0,0.7400000095367432,3248460.0,0.6299999952316284,5350.0,72055385.0,-9111.0,-123308495.0,-190.0,-2557330.0,-190.0,-2557330.0,0.0,0.0,0.0,0.0,0.0,0.0,0.0,0.0,0.0,0.0,0.0,0.0,3951.0,53810440.0
396470,워트,코스닥,특수 목적용 기계 제조업,초정밀 온습도 제어장비,6740.0,1450098.0,10271310380.0,-3.7100000381469727,107997020.0,1.0499999523162842,37094.0,298990585.0,-36346.0,-294540025.0,143.0,967600.0,143.0,967600.0,0.0,0.0,0.0,0.0,0.0,0.0,0.0,0.0,0.0,0.0,-100.0,-893470.0,-791.0,-4524690.0
307280,원바이오젠,코스닥,의료용품 및 기타 의약 관련제품 제조업,"창상피복제, 습윤드레싱제",6010.0,9613.0,58158040.0,-2.75,12160.0,0.019999999552965164,2629.0,15955880.0,-2362.0,-14316700.0,-267.0,-1639180.0,-267.0,-1639180.0,0.0,0.0,0.0,0.0,0.0,0.0,0.0,0.0,0.0,0.0,0.0,0.0,0.0,0.0
032940,원익,코스닥,기계장비 및 관련 물품 도매업,"Quartz, HIC, 의료기기",6030.0,46540.0,282794390.0,2.9000000953674316,480410.0,0.17000000178813934,-9929.0,-60136820.0,9890.0,59907830.0,39.0,228990.0,39.0,228990.0,0.0,0.0,0.0,0.0,0.0,0.0,0.0,0.0,0.0,0.0,0.0,0.0,0.0,0.0
240810,원익IPS,코스닥,특수 목적용 기계 제조업,반도체 제조용 기계,113900.0,536901.0,60002157400.0,4.210000038146973,11619572650.0,19.3700008392334,-43576.0,-4956323750.0,39854.0,4483283250.0,3889.0,491808600.0,-2170.0,-196138950.0,-62.0,-6983250.0,-31.0,-2219700.0,0.0,0.0,5939.0,670438400.0,213.0,26715400.0,232.0,26071800.0,-399.0,-44839900.0
074600,원익QnC,코스닥,유리 및 유리제품 제조업,반도체용 석영유리,27850.0,191912.0,5312170400.0,1.8300000429153442,62048100.0,0.8899999856948853,29782.0,820233575.0,37119.0,1021791500.0,-61163.0,-1683031725.0,-7481.0,-204627450.0,-4802.0,-132185450.0,-13934.0,-383875850.0,0.0,0.0,-33902.0,-933591200.0,-1043.0,-28724275.0,1172.0,32365100.0,-6910.0,-191358450.0
104830,원익머트리얼즈,코스닥,기초 화학물질 제조업,"저메인가스,디실란,아산화질소,암모니아 등",34050.0,58485.0,2027776175.0,-2.299999952316284,179511050.0,7.289999961853027,14496.0,500661200.0,-18447.0,-639662800.0,3718.0,130912750.0,-622.0,-21368300.0,332.0,11551875.0,-13548.0,-469498375.0,0.0,0.0,10730.0,370878225.0,6826.0,239348725.0,83.0,2883850.0,150.0,5205000.0
014190,원익큐브,코스닥,기타 전문 도매업,"MMA,BAM,PC,PP,목재,실란트,디지털인쇄기",1222.0,52007.0,63841589.0,-1.3700000047683716,29739.0,0.05000000074505806,22365.0,27525670.0,-22365.0,-27525670.0,0.0,0.0,0.0,0.0,0.0,0.0,0.0,0.0,0.0,0.0,0.0,0.0,0.0,0.0,0.0,0.0,0.0,0.0
217820,원익피앤이,코스닥,특수 목적용 기계 제조업,2차전지 자동화 설비,1953.0,334959.0,652535938.0,1.8200000524520874,45515420.0,6.980000019073486,18770.0,36152886.0,-29289.0,-57766730.0,10519.0,21613844.0,10519.0,21613844.0,0.0,0.0,0.0,0.0,0.0,0.0,0.0,0.0,0.0,0.0,0.0,0.0,0.0,0.0
030530,원익홀딩스,코스닥,기초 화학물질 제조업,가스캐비닛,20100.0,355306.0,7129245570.0,2.5999999046325684,440627165.0,6.179999828338623,-2256.0,-43467535.0,-15719.0,-317405470.0,13727.0,276134250.0,13053.0,262671955.0,-24.0,-479440.0,158.0,3164210.0,0.0,0.0,0.0,0.0,540.0,10777525.0,4345.0,86901190.0,-97.0,-2162435.0
012620,원일특강,코스닥,1차 철강 제조업,특수강,7060.0,2174.0,15290530.0,0.14000000059604645,225400.0,1.4700000286102295,-23.0,-167490.0,-176.0,-1235080.0,199.0,1402570.0,199.0,1402570.0,0.0,0.0,0.0,0.0,0.0,0.0,0.0,0.0,0.0,0.0,0.0,0.0,0.0,0.0
136150,원일티엔아이,코스닥,일반 목적용 기계 제조업,"수소저장합금, 고압연소식기화기",7580.0,6111.0,47167410.0,0.0,219420.0,0.4699999988079071,2341.0,18140850.0,-2341.0,-18140850.0,0.0,0.0,0.0,0.0,0.0,0.0,0.0,0.0,0.0,0.0,0.0,0.0,0.0,0.0,0.0,0.0,0.0,0.0
382840,원준,코스닥,특수 목적용 기계 제조업,2차전지용 열처리 장비,4940.0,43999.0,214840997.0,3.559999942779541,11324315.0,5.269999980926514,-8862.0,-43420492.0,8867.0,43445867.0,3.0,14630.0,3.0,14630.0,0.0,0.0,0.0,0.0,0.0,0.0,0.0,0.0,0.0,0.0,0.0,0.0,-8.0,-40005.0
336570,원텍,코스닥,의료용 기기 제조업,기업 인수 및 합병,4885.0,417207.0,2045426043.0,1.0299999713897705,31978652.0,1.559999942779541,-66120.0,-324963018.0,56217.0,276438559.0,8914.0,43723144.0,8964.0,43967143.0,-50.0,-243999.0,0.0,0.0,0.0,0.0,0.0,0.0,0.0,0.0,1591.0,7769695.0,-602.0,-2968380.0
376980,원티드랩,코스닥,소프트웨어 개발 및 공급업,채용 플랫폼,3435.0,30572.0,106724855.0,-1.5800000429153442,11217945.0,10.510000228881836,-16722.0,-58584625.0,-5225.0,-18179805.0,10000.0,35054875.0,10000.0,35054875.0,0.0,0.0,0.0,0.0,0.0,0.0,0.0,0.0,0.0,0.0,-1245.0,-4348360.0,13192.0,46057915.0
008370,원풍,코스닥,플라스틱제품 제조업,플라스틱 필름,5050.0,2848.0,14267125.0,0.4000000059604645,55250.0,0.38999998569488525,364.0,1823955.0,-264.0,-1320955.0,0.0,0.0,0.0,0.0,0.0,0.0,0.0,0.0,0.0,0.0,0.0,0.0,0.0,0.0,-100.0,-503000.0,0.0,0.0
008290,원풍물산,코스닥,봉제의복 제조업,남성용신사복,412.0,737818.0,307330976.0,-9.25,6940205.0,2.259999990463257,-13216.0,-4428383.0,10866.0,3382541.0,0.0,0.0,0.0,0.0,0.0,0.0,0.0,0.0,0.0,0.0,0.0,0.0,0.0,0.0,0.0,0.0,2350.0,1045842.0
101160,월덱스,코스닥,전자부품 제조업,반도체용링및전극,28700.0,54887.0,1578218650.0,1.059999942779541,195483950.0,9.770000457763672,-2645.0,-78041575.0,7678.0,222365725.0,-4742.0,-135966500.0,21.0,535750.0,0.0,0.0,-56.0,-1607600.0,0.0,0.0,0.0,0.0,-4707.0,-134894650.0,-100.0,-2885000.0,-191.0,-5472650.0
336060,웨이버스,코스닥,소프트웨어 개발 및 공급업,금융 지원 서비스,2820.0,11290.0,31944295.0,3.109999895095825,1243565.0,3.890000104904175,-16.0,-14335.0,-411.0,-1200895.0,427.0,1215230.0,427.0,1215230.0,0.0,0.0,0.0,0.0,0.0,0.0,0.0,0.0,0.0,0.0,0.0,0.0,0.0,0.0
095270,웨이브일렉트로,코스닥,"측정, 시험, 항해, 제어 및 기타 정밀기기 제조업; 광학기기 제외",이동통신중계기용전력증폭기,4010.0,63431.0,252224365.0,0.5,5027740.0,1.9900000095367432,974.0,4182599.0,-4061.0,-16515264.0,3088.0,12336610.0,3088.0,12336610.0,0.0,0.0,0.0,0.0,0.0,0.0,0.0,0.0,0.0,0.0,0.0,0.0,-1.0,-3945.0
289930,웨이비스,코스닥,반도체 제조업,"GaN RF 칩, 패키지 트랜지스터, 모듈 등",6690.0,71998.0,485149250.0,-0.44999998807907104,12509870.0,2.5799999237060547,24060.0,161234515.0,-7038.0,-47494385.0,-2370.0,-15920350.0,75.0,502740.0,0.0,0.0,0.0,0.0,0.0,0.0,0.0,0.0,-2445.0,-16423090.0,-15312.0,-101960380.0,660.0,4140600.0
065950,웰크론,코스닥,직물직조 및 직물제품 제조업,"기능성 침구용품, 크리너, 필터, 방탄·방검복",1031.0,39978.0,40853553.0,0.28999999165534973,151808.0,0.3700000047683716,1641.0,1613940.0,-1641.0,-1613940.0,0.0,0.0,0.0,0.0,0.0,0.0,0.0,0.0,0.0,0.0,0.0,0.0,0.0,0.0,0.0,0.0,0.0,0.0
076080,웰크론한텍,코스닥,건물 건설업,"에너지절감설비,자동화배합설비,환경설비",1143.0,200851.0,220352999.0,5.829999923706055,1099977.0,0.5,-42840.0,-47325171.0,-13527.0,-14936914.0,0.0,-10752.0,0.0,-10752.0,0.0,0.0,0.0,0.0,0.0,0.0,0.0,0.0,0.0,0.0,56357.0,62262463.0,10.0,10374.0
043590,웰킵스하이텍,코스닥,반도체 제조업,"DRIVER-IC,DDI Package,트랜스포머,코일",1439.0,158955.0,214128483.0,12.420000076293945,18690.0,0.009999999776482582,-71851.0,-98719821.0,16728.0,22274490.0,0.0,0.0,0.0,0.0,0.0,0.0,0.0,0.0,0.0,0.0,0.0,0.0,0.0,0.0,55437.0,76848023.0,-314.0,-402692.0
196700,웹스,코스닥,합성고무 및 플라스틱 물질 제조업,"기능성 컴파운드, 건축외장자재",1370.0,73253.0,100046943.0,-3.109999895095825,9709.0,0.009999999776482582,25236.0,34449316.0,-26035.0,-35529454.0,0.0,-4770.0,0.0,-4770.0,0.0,0.0,0.0,0.0,0.0,0.0,0.0,0.0,0.0,0.0,599.0,813048.0,200.0,271860.0
069080,웹젠,코스닥,소프트웨어 개발 및 공급업,3D 온라인게임 '뮤(MU)',11180.0,97674.0,1093913875.0,-2.950000047683716,228303825.0,17.25,26415.0,294416625.0,-26792.0,-299284795.0,334.0,4387750.0,4463.0,50664910.0,0.0,0.0,69.0,773180.0,0.0,0.0,-4198.0,-47050340.0,0.0,0.0,40.0,446800.0,3.0,33620.0
053580,웹케시,코스닥,소프트웨어 개발 및 공급업,"에스이알피, 브랜치, 인하우스",7120.0,16520.0,119117960.0,-0.5600000023841858,2986790.0,2.509999990463257,5585.0,40156220.0,-4632.0,-33370500.0,-948.0,-6727440.0,0.0,0.0,0.0,0.0,0.0,0.0,0.0,0.0,0.0,0.0,-948.0,-6727440.0,-5.0,-58280.0,0.0,0.0
479960,위너스일렉,코스닥,기타 전기장비 제조업,"배선기구(스위치, 콘센트, 멀티탭), 전기차 충전기(급속, 완속)",6440.0,6842.0,43885400.0,-0.9200000166893005,44910.0,0.10000000149011612,1160.0,7642270.0,-1200.0,-7885530.0,0.0,0.0,0.0,0.0,0.0,0.0,0.0,0.0,0.0,0.0,0.0,0.0,0.0,0.0,40.0,243260.0,0.0,0.0
044340,위닉스,코스닥,가정용 기기 제조업,일반목적용 기계제조업,3695.0,204819.0,760792726.0,-2.119999885559082,9395175.0,1.2300000190734863,-25026.0,-92828108.0,24730.0,91781688.0,0.0,-48290.0,0.0,-48290.0,0.0,0.0,0.0,0.0,0.0,0.0,0.0,0.0,0.0,0.0,60.0,220000.0,236.0,874710.0
330350,위더스제약,코스닥,의약품 제조업,의약품 제조 및 도소매(순환기용제 등),8040.0,222644.0,1755525580.0,1.899999976158142,42940950.0,2.450000047683716,18107.0,134845330.0,-25063.0,-191153010.0,15000.0,119841120.0,15000.0,119841120.0,0.0,0.0,0.0,0.0,0.0,0.0,0.0,0.0,0.0,0.0,-1539.0,-12516020.0,-6505.0,-51017420.0
348350,위드텍,코스닥,"측정, 시험, 항해, 제어 및 기타 정밀기기 제조업; 광학기기 제외","AMCs 모니터링 시스템, 공정 프로세스 모니터링 시스템, TMS",10010.0,14730.0,146901020.0,1.1100000143051147,489530.0,0.33000001311302185,-488.0,-5052820.0,1104.0,11202900.0,0.0,0.0,0.0,0.0,0.0,0.0,0.0,0.0,0.0,0.0,0.0,0.0,0.0,0.0,-616.0,-6150080.0,0.0,0.0
112040,위메이드,코스닥,소프트웨어 개발 및 공급업,"미르의전설2, 미르4",16090.0,147961.0,2374802105.0,0.5,376318600.0,10.899999618530273,-5509.0,-91042590.0,-16876.0,-269689870.0,22520.0,362888710.0,22469.0,362069440.0,-18.0,-287460.0,69.0,1106730.0,0.0,0.0,0.0,0.0,0.0,0.0,-193.0,-3083500.0,58.0,927250.0
101730,위메이드맥스,코스닥,소프트웨어 개발 및 공급업,실크로드 온라인,4850.0,926268.0,4524189834.0,0.7300000190734863,90464685.0,1.100000023841858,-43205.0,-207348123.0,40115.0,191978760.0,8591.0,42403866.0,8508.0,42001786.0,0.0,0.0,83.0,402080.0,0.0,0.0,0.0,0.0,0.0,0.0,1179.0,5736592.0,-6680.0,-32771095.0
123420,위메이드플레이,코스닥,소프트웨어 개발 및 공급업,모바일게임,6330.0,13890.0,88330505.0,-1.7100000381469727,0.0,0.0,-2626.0,-16579625.0,2643.0,16697445.0,1.0,-2980.0,1.0,-2980.0,0.0,0.0,0.0,0.0,0.0,0.0,0.0,0.0,0.0,0.0,0.0,0.0,-18.0,-114840.0
065370,위세아이텍,코스닥,소프트웨어 개발 및 공급업,"빅데이터분석, 인공지능, 데이터품질관리 솔루션",2760.0,23831.0,64665448.0,2.2200000286102295,22270.0,0.029999999329447746,4275.0,11673625.0,-4275.0,-11673625.0,0.0,0.0,0.0,0.0,0.0,0.0,0.0,0.0,0.0,0.0,0.0,0.0,0.0,0.0,0.0,0.0,0.0,0.0
038620,위즈코프,코스닥,연료 소매업,인터넷 인프라 및 응용,1855.0,35445.0,65547806.0,-1.0099999904632568,458650.0,0.699999988079071,372.0,545615.0,7628.0,14130050.0,0.0,0.0,0.0,0.0,0.0,0.0,0.0,0.0,0.0,0.0,0.0,0.0,0.0,0.0,-8000.0,-14675665.0,0.0,0.0
036090,위지트,코스닥,특수 목적용 기계 제조업,LCD 반도체,1328.0,203766.0,272902954.0,1.6100000143051147,1664742.0,0.6100000143051147,11719.0,15205808.0,-10543.0,-13602043.0,0.0,0.0,0.0,0.0,0.0,0.0,0.0,0.0,0.0,0.0,0.0,0.0,0.0,0.0,0.0,0.0,-1176.0,-1603765.0
459100,위츠,코스닥,전자부품 제조업,"무선충전소재, 부품 제조",4370.0,4500.0,19478960.0,1.2699999809265137,0.0,0.0,550.0,2354735.0,-550.0,-2354735.0,0.0,0.0,0.0,0.0,0.0,0.0,0.0,0.0,0.0,0.0,0.0,0.0,0.0,0.0,0.0,0.0,0.0,0.0
136540,윈스테크넷,코스닥,"컴퓨터 프로그래밍, 시스템 통합 및 관리업","네크워크보안장비(IPS, 안티 DDoS)",10500.0,4503.0,47355080.0,0.0,1692860.0,3.569999933242798,849.0,8909190.0,-812.0,-8521310.0,-37.0,-387880.0,-11.0,-115480.0,-30.0,-314460.0,0.0,0.0,0.0,0.0,0.0,0.0,4.0,42060.0,0.0,0.0,0.0,0.0
097800,윈팩,코스닥,반도체 제조업,반도체 패키징 및 테스트,2130.0,210413.0,435650357.0,-0.4699999988079071,360375.0,0.07999999821186066,-64196.0,-130594492.0,63803.0,129953712.0,0.0,-176630.0,0.0,-176630.0,0.0,0.0,0.0,0.0,0.0,0.0,0.0,0.0,0.0,0.0,0.0,0.0,393.0,817410.0
192390,윈하이텍,코스닥,"구조용 금속제품, 탱크 및 증기발생기 제조업",데크 플레이트(건설용거푸집),1780.0,34011.0,60448513.0,0.05999999865889549,0.0,0.0,-21325.0,-37966227.0,2064.0,3678969.0,19261.0,34287258.0,19261.0,34287258.0,0.0,0.0,0.0,0.0,0.0,0.0,0.0,0.0,0.0,0.0,0.0,0.0,0.0,0.0
335870,윙스풋,코스닥,"섬유, 의복, 신발 및 가죽제품 소매업",신발 매입 및 공급,1090.0,0.0,0.0,0.0,0.0,0.0,0.0,0.0,0.0,0.0,0.0,0.0,0.0,0.0,0.0,0.0,0.0,0.0,0.0,0.0,0.0,0.0,0.0,0.0,0.0,0.0,0.0,0.0
900340,윙입푸드,코스닥,기타 금융업,육가공 제품,1410.0,216239.0,304592617.0,-3.75,0.0,0.0,-31692.0,-44849336.0,31395.0,44441573.0,0.0,-9235.0,0.0,-9235.0,0.0,0.0,0.0,0.0,0.0,0.0,0.0,0.0,0.0,0.0,0.0,0.0,297.0,416998.0
036200,유니셈,코스닥,특수 목적용 기계 제조업,반도체장비(DryGasScrubber),9340.0,359185.0,3360573055.0,-2.200000047683716,398449500.0,7.21999979019165,40218.0,381107905.0,-43773.0,-413992235.0,-1080.0,-10116070.0,-5.0,-100180.0,0.0,0.0,-1075.0,-10015890.0,0.0,0.0,0.0,0.0,0.0,0.0,4779.0,44381220.0,-144.0,-1380820.0
018000,유니슨,코스닥,일반 목적용 기계 제조업,"풍력발전기, 풍력타워",996.0,1854778.0,1834258446.0,2.049999952316284,103822605.0,5.659999847412109,-860840.0,-855266385.0,-123071.0,-123528762.0,-681.0,-676335.0,-681.0,-676335.0,0.0,0.0,0.0,0.0,0.0,0.0,0.0,0.0,0.0,0.0,983987.0,978915632.0,605.0,555850.0
203450,유니온바이오메트릭스,코스닥,통신 및 방송 장비 제조업,지문인식출입통제기,2520.0,28962.0,72158085.0,0.4000000059604645,34990.0,0.05000000074505806,-692.0,-1712115.0,692.0,1720115.0,0.0,-8000.0,0.0,-8000.0,0.0,0.0,0.0,0.0,0.0,0.0,0.0,0.0,0.0,0.0,0.0,0.0,0.0,0.0
011320,유니크,코스닥,자동차 신품 부품 제조업,"EGR밸브, 유압솔레노이드밸브, 퓨얼벤트밸브, 퓨얼컷트밸브, 체크밸브, 케니스타 등",3780.0,26683.0,100667585.0,-2.8299999237060547,2193220.0,2.180000066757202,16216.0,61118880.0,-16216.0,-61118880.0,0.0,0.0,0.0,0.0,0.0,0.0,0.0,0.0,0.0,0.0,0.0,0.0,0.0,0.0,0.0,0.0,0.0,0.0
086390,유니테스트,코스닥,특수 목적용 기계 제조업,"반도체메모리주검사장비생산(메모리컴포넌트테스터,메모리모듈테스트)",10770.0,159168.0,1687660295.0,1.7000000476837158,183221020.0,7.860000133514404,54981.0,582596925.0,-65324.0,-692601645.0,6658.0,70698440.0,-55.0,-584560.0,6713.0,71283000.0,0.0,0.0,0.0,0.0,0.0,0.0,0.0,0.0,3238.0,34495690.0,447.0,4810590.0
241690,유니테크노,코스닥,자동차 신품 부품 제조업,"자동차 부품, 전기차 부품, 배터리 셀케이스, ESS 배터리 모듈, SBW 및 EPB, EPS 전동화 부품",2660.0,28208.0,73492675.0,2.309999942779541,278175.0,0.3799999952316284,5359.0,13848185.0,-2978.0,-7695420.0,-2381.0,-6152765.0,-2381.0,-6152765.0,0.0,0.0,0.0,0.0,0.0,0.0,0.0,0.0,0.0,0.0,0.0,0.0,0.0,0.0
142210,유니트론텍,코스닥,자동차 부품 및 내장품 판매업,"메모리/비메모리반도체, 디스플레이 모듈",6300.0,226921.0,1432268085.0,2.109999895095825,50591760.0,3.5299999713897705,12583.0,80116600.0,11915.0,73897630.0,-22498.0,-141224230.0,0.0,0.0,0.0,0.0,-14409.0,-90448120.0,0.0,0.0,0.0,0.0,-8089.0,-50776110.0,-2000.0,-12790000.0,0.0,0.0
389680,유디엠텍,코스닥,소프트웨어 개발 및 공급업,"PLC eXpert, OPTRA Black-box, OPTRA Tracker",1011.0,198447.0,199766920.0,-10.529999732971191,105615.0,0.05000000074505806,11998.0,12126045.0,-15904.0,-16035391.0,0.0,0.0,0.0,0.0,0.0,0.0,0.0,0.0,0.0,0.0,0.0,0.0,0.0,0.0,803.0,821379.0,3103.0,3087967.0
088340,유라클,코스닥,소프트웨어 개발 및 공급업,모바일 앱 개발 플랫폼,6970.0,7110.0,49265610.0,2.200000047683716,3780290.0,7.670000076293945,-512.0,-3477880.0,512.0,3477880.0,0.0,0.0,0.0,0.0,0.0,0.0,0.0,0.0,0.0,0.0,0.0,0.0,0.0,0.0,0.0,0.0,0.0,0.0
048430,유라테크,코스닥,"전동기, 발전기 및 전기 변환 · 공급 · 제어 장치 제조업","점화코일, 스파크플러그",6070.0,17506.0,106016700.0,-0.1599999964237213,4794630.0,4.519999980926514,3887.0,23708850.0,-7301.0,-44322090.0,0.0,0.0,0.0,0.0,0.0,0.0,0.0,0.0,0.0,0.0,0.0,0.0,0.0,0.0,3797.0,22930390.0,-383.0,-2317150.0
206650,유바이오로직스,코스닥,의약품 제조업,"경구용 콜레라 백신, 바이오의약품 수탁 연구 및 제조",8660.0,181595.0,1625489565.0,0.9300000071525574,121822630.0,7.489999771118164,2371.0,12907035.0,-7468.0,-57200045.0,97.0,843010.0,97.0,843010.0,0.0,0.0,0.0,0.0,0.0,0.0,0.0,0.0,0.0,0.0,5000.0,43450000.0,0.0,0.0
089850,유비벨록스,코스닥,소프트웨어 개발 및 공급업,"모바일플랫폼 및 모바일솔루션, 스마트카드 등",4080.0,21761.0,87117030.0,-1.5700000524520874,1633910.0,1.8799999952316284,-3626.0,-14596215.0,1558.0,6172010.0,-9.0,-36720.0,-9.0,-36720.0,0.0,0.0,0.0,0.0,0.0,0.0,0.0,0.0,0.0,0.0,2065.0,8412315.0,12.0,48610.0
084440,유비온,코스닥,소프트웨어 개발 및 공급업,학습관리시스템 등 에듀테크 플랫폼 (코스모스) 및 교육서비스,1094.0,25885.0,26837506.0,-1.1699999570846558,21340.0,0.07999999821186066,-4052.0,-4320885.0,4002.0,4229269.0,0.0,-10626.0,0.0,-10626.0,0.0,0.0,0.0,0.0,0.0,0.0,0.0,0.0,0.0,0.0,50.0,102242.0,0.0,0.0
264450,유비쿼스,코스닥,통신 및 방송 장비 제조업,"스위치, FTTH",10870.0,93391.0,1032716740.0,1.2999999523162842,376030.0,0.03999999910593033,21742.0,237046085.0,-9580.0,-105820105.0,-12130.0,-131029920.0,0.0,0.0,0.0,0.0,0.0,0.0,0.0,0.0,-12000.0,-129595880.0,-130.0,-1434040.0,-32.0,-391360.0,0.0,195300.0
078070,유비쿼스홀딩스,코스닥,기타 금융업,"지주회사, 자회사관리, 부동산임대",9160.0,17308.0,158552820.0,2.4600000381469727,0.0,0.0,-3059.0,-27945850.0,3212.0,29354690.0,-153.0,-1408840.0,-153.0,-1408840.0,0.0,0.0,0.0,0.0,0.0,0.0,0.0,0.0,0.0,0.0,0.0,0.0,0.0,0.0
024800,유성티엔에스,코스닥,육상 여객 운송업,"운송,C형강,차량정비",4365.0,30273.0,129979505.0,1.2799999713897705,854635.0,0.6600000262260437,-13361.0,-57412320.0,8428.0,36204750.0,4933.0,21207570.0,-69.0,-334845.0,0.0,0.0,0.0,0.0,0.0,0.0,0.0,0.0,5002.0,21542415.0,0.0,0.0,0.0,0.0
054930,유신,코스닥,"건축기술, 엔지니어링 및 관련 기술 서비스업",토목설계 및 감리,18170.0,23762.0,437370600.0,-1.840000033378601,19336210.0,4.420000076293945,6298.0,116556720.0,-1234.0,-22728350.0,-5104.0,-94553170.0,-5104.0,-94553170.0,0.0,0.0,0.0,0.0,0.0,0.0,0.0,0.0,0.0,0.0,40.0,724800.0,0.0,0.0
069330,유아이디,코스닥,전자부품 제조업,"ITO COATING, GLASS LAMINATION",1110.0,339341.0,371864080.0,6.630000114440918,829102.0,0.2199999988079071,-135942.0,-148505223.0,46651.0,50444525.0,0.0,-99147.0,0.0,-99147.0,0.0,0.0,0.0,0.0,0.0,0.0,0.0,0.0,0.0,0.0,89241.0,98105095.0,50.0,54750.0
049520,유아이엘,코스닥,전자부품 제조업,"스마트폰 기구부품(키버튼,금속부품,부자재,악세서리 등)",3685.0,114615.0,425537309.0,0.550000011920929,4130935.0,0.9700000286102295,41028.0,153521240.0,-44595.0,-166630925.0,375.0,1411865.0,375.0,1411865.0,0.0,0.0,0.0,0.0,0.0,0.0,0.0,0.0,0.0,0.0,1192.0,4387820.0,2000.0,7310000.0
473050,유안타제15호스팩,코스닥,금융 지원 서비스업,금융 지원 서비스,2100.0,141612.0,297389824.0,0.23999999463558197,0.0,0.0,-4076.0,-8528130.0,16973.0,35642330.0,-18998.0,-39895800.0,2.0,4200.0,0.0,0.0,0.0,0.0,0.0,0.0,0.0,0.0,-19000.0,-39900000.0,6100.0,12779500.0,1.0,2100.0
474490,유안타제16호스팩,코스닥,금융 지원 서비스업,금융 지원 서비스(기업인수목적회사),2075.0,21897.0,45326760.0,0.47999998927116394,0.0,0.0,0.0,0.0,0.0,0.0,0.0,0.0,0.0,0.0,0.0,0.0,0.0,0.0,0.0,0.0,0.0,0.0,0.0,0.0,0.0,0.0,0.0,0.0
493790,유안타제17호스팩,코스닥,금융 지원 서비스업,금융 지원 서비스업,2010.0,1818.0,3655155.0,0.25,0.0,0.0,809.0,1622065.0,-5.0,-10075.0,-804.0,-1611990.0,4.0,8050.0,0.0,0.0,-808.0,-1620040.0,0.0,0.0,0.0,0.0,0.0,0.0,0.0,0.0,0.0,0.0
263770,유에스티,코스닥,1차 철강 제조업,스테인레스강관,1645.0,2836.0,4693333.0,-0.8999999761581421,56440.0,1.2000000476837158,721.0,1202847.0,-721.0,-1202847.0,0.0,0.0,0.0,0.0,0.0,0.0,0.0,0.0,0.0,0.0,0.0,0.0,0.0,0.0,0.0,0.0,0.0,0.0
388720,유일로보틱스,코스닥,특수 목적용 기계 제조업,"취출로봇, 사출장비 및 자동화시스템",70300.0,11795.0,835428800.0,0.28999999165534973,124652200.0,12.079999923706055,-1268.0,-90844100.0,-2128.0,-151582300.0,3380.0,241297700.0,3361.0,239957100.0,0.0,0.0,19.0,1340600.0,0.0,0.0,0.0,0.0,0.0,0.0,9.0,634400.0,7.0,494300.0
023410,유진기업,코스닥,"시멘트, 석회, 플라스터 및 그 제품 제조업",레미콘,3315.0,273527.0,906814736.0,0.30000001192092896,27105400.0,2.990000009536743,2200.0,6584775.0,-3246.0,-10026305.0,-273.0,-919100.0,-110.0,-378865.0,0.0,0.0,0.0,0.0,0.0,0.0,0.0,0.0,-163.0,-540235.0,1331.0,4400260.0,-12.0,-39630.0
056080,유진로봇,코스닥,특수 목적용 기계 제조업,"청소로봇, 완구류외",12740.0,143117.0,1826719800.0,1.9199999570846558,340665350.0,18.649999618530273,-1923.0,-25560160.0,-11884.0,-151529380.0,13634.0,174893040.0,13512.0,173336030.0,56.0,716230.0,66.0,840780.0,0.0,0.0,0.0,0.0,0.0,0.0,0.0,-3990.0,173.0,2200490.0
468760,유진스팩10호,코스닥,금융 지원 서비스업,기업인수합병,2080.0,0.0,0.0,0.0,0.0,0.0,0.0,0.0,0.0,0.0,0.0,0.0,0.0,0.0,0.0,0.0,0.0,0.0,0.0,0.0,0.0,0.0,0.0,0.0,0.0,0.0,0.0,0.0
488060,유진스팩11호,코스닥,금융 지원 서비스업,기업인수합병,2020.0,9061.0,18342525.0,-0.49000000953674316,0.0,0.0,0.0,0.0,0.0,0.0,0.0,0.0,0.0,0.0,0.0,0.0,0.0,0.0,0.0,0.0,0.0,0.0,0.0,0.0,0.0,0.0,0.0,0.0
0105P0,유진스팩12호,코스닥,금융 지원 서비스업,합병,1986.0,1623.0,3221963.0,-0.30000001192092896,0.0,0.0,1467.0,2911747.0,31.0,61783.0,-1498.0,-2973530.0,0.0,0.0,0.0,0.0,0.0,0.0,0.0,0.0,0.0,0.0,-1498.0,-2973530.0,0.0,0.0,0.0,0.0
084370,유진테크,코스닥,특수 목적용 기계 제조업,실리콘질화막증착용LP-CVD,134600.0,146567.0,19734353900.0,3.4600000381469727,2635592200.0,11.350000381469727,-20225.0,-2712448000.0,23888.0,3201410650.0,-1446.0,-193016300.0,-3644.0,-496594300.0,-198.0,-26501000.0,-1968.0,-263960750.0,0.0,0.0,-1689.0,-224280300.0,6250.0,844545950.0,-1925.0,-256698350.0,-292.0,-39248000.0
240600,유진테크놀로지,코스닥,기타 금속 가공제품 제조업,이차전지 정밀금형 외,1870.0,23879.0,44762975.0,3.5999999046325684,9305.0,0.019999999552965164,9374.0,17645654.0,-8568.0,-16154292.0,-866.0,-1608162.0,-866.0,-1608162.0,0.0,0.0,0.0,0.0,0.0,0.0,0.0,0.0,0.0,0.0,0.0,0.0,60.0,116800.0
179900,유티아이,코스닥,전자부품 제조업,카메라 윈도우,3150.0,463232.0,1465849641.0,-6.670000076293945,45807420.0,3.119999885559082,152464.0,477104747.0,-158586.0,-497218452.0,-5362.0,-15789000.0,-1562.0,-4231595.0,-3800.0,-11557405.0,0.0,0.0,0.0,0.0,0.0,0.0,0.0,0.0,6000.0,18441395.0,5484.0,17461310.0
263050,유틸렉스,코스닥,기초 의약물질 제조업,"면역항암 세포치료제, 면역항암 항체치료제",959.0,0.0,0.0,0.0,0.0,0.0,0.0,0.0,0.0,0.0,0.0,0.0,0.0,0.0,0.0,0.0,0.0,0.0,0.0,0.0,0.0,0.0,0.0,0.0,0.0,0.0,0.0,0.0
191410,육일씨엔에쓰,코스닥,전자부품 제조업,IT용 Cover Glass,1390.0,72002.0,99418678.0,1.0199999809265137,3742132.0,3.759999990463257,3623.0,5026752.0,-1774.0,-2462885.0,705.0,965390.0,705.0,965390.0,0.0,0.0,0.0,0.0,0.0,0.0,0.0,0.0,0.0,0.0,-2554.0,-3529257.0,0.0,0.0
372170,윤성에프앤씨,코스닥,특수 목적용 기계 제조업,2차전지용 믹싱시스템,20700.0,25657.0,537405300.0,2.7300000190734863,14187150.0,1.3300000429153442,456.0,10507000.0,-642.0,-14226800.0,157.0,3124750.0,152.0,3022000.0,0.0,0.0,5.0,102750.0,0.0,0.0,0.0,0.0,0.0,0.0,0.0,0.0,29.0,595050.0
146060,율촌,코스닥,1차 철강 제조업,냉간인발강관(파이프),1095.0,35928.0,39023109.0,-0.8199999928474426,2187986.0,5.610000133514404,15107.0,16272106.0,-15101.0,-16265464.0,0.0,0.0,0.0,0.0,0.0,0.0,0.0,0.0,0.0,0.0,0.0,0.0,0.0,0.0,0.0,0.0,-6.0,-6642.0
039020,이건홀딩스,코스닥,제재 및 목재 가공업,창호,2930.0,38619.0,110759130.0,1.2100000381469727,607670.0,0.550000011920929,15244.0,43909785.0,-8930.0,-25670210.0,-6314.0,-18239575.0,-6314.0,-18239575.0,0.0,0.0,0.0,0.0,0.0,0.0,0.0,0.0,0.0,0.0,0.0,0.0,0.0,0.0
067920,이글루,코스닥,기타 정보 서비스업,"통합보안관리솔루션, 보안관제서비스",5200.0,42535.0,223512555.0,-3.5299999713897705,405190.0,0.18000000715255737,1179.0,6427355.0,-2081.0,-11254645.0,902.0,4827290.0,902.0,4827290.0,0.0,0.0,0.0,0.0,0.0,0.0,0.0,0.0,0.0,0.0,0.0,0.0,0.0,0.0
044960,이글벳,코스닥,기타 전문 도매업,"아바텍,아목사실린사 등",3065.0,11093.0,33928370.0,0.0,1069925.0,3.1500000953674316,2696.0,8259230.0,-1604.0,-4905495.0,-1092.0,-3353735.0,-1092.0,-3353735.0,0.0,0.0,0.0,0.0,0.0,0.0,0.0,0.0,0.0,0.0,0.0,0.0,0.0,0.0
303530,이노뎁,코스닥,소프트웨어 개발 및 공급업,영상인식 및 데이터플랫폼 솔루션,2775.0,15211.0,41666470.0,1.649999976158142,681825.0,1.6399999856948853,2737.0,7613660.0,-2737.0,-7601840.0,0.0,-11820.0,0.0,-11820.0,0.0,0.0,0.0,0.0,0.0,0.0,0.0,0.0,0.0,0.0,0.0,0.0,0.0,0.0
302430,이노메트리,코스닥,특수 목적용 기계 제조업,엑스레이검사 장비,5120.0,18199.0,93786160.0,-0.1899999976158142,144420.0,0.15000000596046448,5265.0,27328320.0,-4142.0,-21531960.0,0.0,0.0,0.0,0.0,0.0,0.0,0.0,0.0,0.0,0.0,0.0,0.0,0.0,0.0,11.0,56270.0,-1134.0,-5852630.0
462350,이노스페이스,코스닥,"항공기,우주선 및 부품 제조업","소형발사체, 로켓추진기관, 과학로켓, 시험평가용역",6280.0,1478326.0,9341155875.0,-22.280000686645508,294553075.0,3.1500000953674316,122848.0,765248930.0,-71257.0,-441224905.0,-61097.0,-384646845.0,5161.0,32561450.0,-6544.0,-41198705.0,-60307.0,-379808265.0,0.0,0.0,0.0,0.0,593.0,3798675.0,8470.0,54113780.0,1036.0,6509040.0
274400,이노시뮬레이션,코스닥,소프트웨어 개발 및 공급업,"스마트 모빌리티 시뮬레이터, XR 가상훈련 시스템 등",2300.0,9333.0,21288700.0,-0.6499999761581421,25240.0,0.11999999731779099,3650.0,8329285.0,-3650.0,-8329285.0,0.0,0.0,0.0,0.0,0.0,0.0,0.0,0.0,0.0,0.0,0.0,0.0,0.0,0.0,0.0,0.0,0.0,0.0
296640,이노에이엑스,코스닥,소프트웨어 개발 및 공급업,"InnoRules, InnoProduct",6500.0,17637.0,113936115.0,0.46000000834465027,916060.0,0.800000011920929,2452.0,15894980.0,-1652.0,-10688980.0,200.0,1294000.0,200.0,1294000.0,0.0,0.0,0.0,0.0,0.0,0.0,0.0,0.0,0.0,0.0,-1000.0,-6500000.0,0.0,0.0
215790,이노인스트루먼트,코스닥,통신 및 방송 장비 제조업,기업 인수 합병,702.0,949995.0,666578712.0,-0.4300000071525574,2931535.0,0.4399999976158142,-24414.0,-16533208.0,28105.0,19143273.0,0.0,0.0,0.0,0.0,0.0,0.0,0.0,0.0,0.0,0.0,0.0,0.0,0.0,0.0,0.0,0.0,-3691.0,-2610065.0
344860,이노진,코스닥,기타 화학제품 제조업,"탈모케어제품(볼빅), 피부케어제품(Dr.메디션)",1323.0,23626.0,31278227.0,-0.8199999928474426,181813.0,0.5799999833106995,1421.0,1897314.0,64.0,69804.0,-152.0,-202616.0,-152.0,-202616.0,0.0,0.0,0.0,0.0,0.0,0.0,0.0,0.0,0.0,0.0,-1333.0,-1764502.0,0.0,0.0
333050,이노테나,코스닥,소프트웨어 개발 및 공급업,"연계솔루션, 보안솔루션, APM솔루션",5000.0,12267.0,60460635.0,0.5,74720.0,0.11999999731779099,-382.0,-1738190.0,-33.0,-242420.0,415.0,1980610.0,415.0,1980610.0,0.0,0.0,0.0,0.0,0.0,0.0,0.0,0.0,0.0,0.0,0.0,0.0,0.0,0.0
469610,이노테크,코스닥,특수 목적용 기계 제조업,복합 신뢰성 환경시험 장비,16790.0,174931.0,2997468450.0,-4.059999942779541,13157490.0,0.25999999046325684,-9005.0,-157582610.0,-1074.0,-15866510.0,9774.0,168443080.0,1274.0,22041860.0,0.0,0.0,0.0,0.0,0.0,0.0,0.0,0.0,8500.0,146401220.0,82.0,1390520.0,223.0,3615520.0
088390,이녹스,코스닥,그외 기타 운송장비 제조업,지주업,7520.0,4084.0,30492620.0,1.350000023841858,793040.0,2.5999999046325684,-388.0,-2944910.0,390.0,2959930.0,0.0,0.0,0.0,0.0,0.0,0.0,0.0,0.0,0.0,0.0,0.0,0.0,0.0,0.0,-2.0,-15020.0,0.0,0.0
272290,이녹스첨단소재,코스닥,전자부품 제조업,"FPCB소재, 반도체 및 디스플레이 소재",20850.0,130574.0,2720055025.0,0.47999998927116394,345683100.0,8.960000038146973,-14320.0,-294410750.0,41512.0,860039425.0,-21484.0,-447972925.0,-21526.0,-448845975.0,0.0,0.0,42.0,873050.0,0.0,0.0,0.0,0.0,0.0,0.0,-5456.0,-112463450.0,-252.0,-5192300.0
053350,이니텍,코스닥,소프트웨어 개발 및 공급업,정보보안 및 인증솔루션,3690.0,26714.0,97567386.0,0.4099999964237213,637565.0,0.6499999761581421,3228.0,11909901.0,-3228.0,-11932106.0,0.0,22205.0,0.0,22205.0,0.0,0.0,0.0,0.0,0.0,0.0,0.0,0.0,0.0,0.0,0.0,0.0,0.0,0.0
452400,이닉스,코스닥,자동차 신품 부품 제조업,2차전지용 배터리셀 패드 등,6100.0,5053.0,30375040.0,0.6600000262260437,2387450.0,7.860000133514404,812.0,4901510.0,-812.0,-4901510.0,0.0,0.0,0.0,0.0,0.0,0.0,0.0,0.0,0.0,0.0,0.0,0.0,0.0,0.0,0.0,0.0,0.0,0.0
264850,이랜시스,코스닥,전자부품 제조업,비데도어락부품,6300.0,436730.0,2742057445.0,-0.6299999952316284,16782380.0,0.6100000143051147,46574.0,293884065.0,-46594.0,-293999215.0,0.0,0.0,0.0,0.0,0.0,0.0,0.0,0.0,0.0,0.0,0.0,0.0,0.0,0.0,200.0,1246000.0,-180.0,-1130850.0
054210,이랜텍,코스닥,전자부품 제조업,Battery Pack,7100.0,138210.0,982112905.0,1.1399999856948853,32951030.0,3.359999895095825,19870.0,139646310.0,-9794.0,-68826925.0,-10076.0,-70819385.0,654.0,4645220.0,0.0,0.0,-10730.0,-75464605.0,0.0,0.0,0.0,0.0,0.0,0.0,0.0,0.0,0.0,0.0
009730,이렘,코스닥,1차 철강 제조업,"스테인리스파이프, 슈퍼데크",2075.0,84435.0,179197645.0,-7.78000020980835,0.0,0.0,-3015.0,-5570880.0,3783.0,7225920.0,-768.0,-1655040.0,-768.0,-1655040.0,0.0,0.0,0.0,0.0,0.0,0.0,0.0,0.0,0.0,0.0,0.0,0.0,0.0,0.0
065440,이루온,코스닥,소프트웨어 개발 및 공급업,이동통신 핵심망 및 서비스망 솔루션 개발 공급,1440.0,106155.0,153568760.0,0.3499999940395355,458985.0,0.30000001192092896,-30181.0,-43149739.0,30476.0,43596917.0,-296.0,-448631.0,-296.0,-448631.0,0.0,0.0,0.0,0.0,0.0,0.0,0.0,0.0,0.0,0.0,1.0,1453.0,0.0,0.0
424870,이뮨온시아,코스닥,자연과학 및 공학 연구개발업,면역항암제 신약개발,3085.0,255910.0,795149520.0,3.869999885559082,3079225.0,0.20999999344348907,20450.0,63176695.0,-21340.0,-66020905.0,0.0,-2660.0,0.0,-2660.0,0.0,0.0,0.0,0.0,0.0,0.0,0.0,0.0,0.0,0.0,0.0,0.0,890.0,2846870.0
115610,이미지스,코스닥,반도체 제조업,"터치스크린칩, 햅틱칩",1515.0,38970.0,59141253.0,3.200000047683716,3697995.0,6.25,2500.0,4019818.0,-3042.0,-4817100.0,542.0,797282.0,542.0,797282.0,0.0,0.0,0.0,0.0,0.0,0.0,0.0,0.0,0.0,0.0,0.0,0.0,0.0,0.0
478110,이베스트스팩6호,코스닥,금융 지원 서비스업,기업인수목적 주식회사,2040.0,10039.0,20479660.0,0.0,0.0,0.0,0.0,0.0,0.0,0.0,0.0,0.0,0.0,0.0,0.0,0.0,0.0,0.0,0.0,0.0,0.0,0.0,0.0,0.0,0.0,0.0,0.0,0.0
131400,이브이첨단소재,코스닥,전자부품 제조업,연성회로기판,848.0,1100455.0,916080859.0,-0.23999999463558197,34241782.0,3.740000009536743,-146777.0,-122350440.0,154907.0,129083914.0,50.0,41400.0,0.0,0.0,0.0,0.0,50.0,41400.0,0.0,0.0,0.0,0.0,0.0,0.0,0.0,0.0,-8180.0,-6774874.0
351330,이삭엔지니어링,코스닥,"컴퓨터 프로그래밍, 시스템 통합 및 관리업",공장자동화 설비제어,3735.0,24880.0,91171652.0,-0.4000000059604645,3859940.0,4.230000019073486,5199.0,19085567.0,-5339.0,-19595747.0,0.0,0.0,0.0,0.0,0.0,0.0,0.0,0.0,0.0,0.0,0.0,0.0,0.0,0.0,148.0,539460.0,-8.0,-29280.0
080010,이상네트웍스,코스닥,상품 중개업,기업간전자상거래서비스,8010.0,6943.0,55343470.0,-0.6200000047683716,766410.0,1.3799999952316284,-6347.0,-50587730.0,-104.0,-829730.0,0.0,0.0,0.0,0.0,0.0,0.0,0.0,0.0,0.0,0.0,0.0,0.0,0.0,0.0,6451.0,51417460.0,0.0,0.0
086890,이수앱지스,코스닥,의료용품 및 기타 의약 관련제품 제조업,"항체치료제,효소치료제",3370.0,46998.0,159133625.0,2.2799999713897705,9254280.0,5.820000171661377,1190.0,3910725.0,1717.0,5638795.0,-2907.0,-9549520.0,-2907.0,-9549520.0,0.0,0.0,0.0,0.0,0.0,0.0,0.0,0.0,0.0,0.0,0.0,0.0,0.0,0.0
047560,이스트소프트,코스닥,소프트웨어 개발 및 공급업,"온라인게임(카발온라인),알툴즈S/W,스토리지S/W",7710.0,39793.0,302288840.0,5.179999828338623,8645530.0,2.859999895095825,-1335.0,-9744195.0,1361.0,9939975.0,-26.0,-195780.0,-26.0,-195780.0,0.0,0.0,0.0,0.0,0.0,0.0,0.0,0.0,0.0,0.0,0.0,0.0,0.0,0.0
239340,이스트에이드,코스닥,"자료처리, 호스팅, 포털 및 기타 인터넷 정보매개 서비스업","줌닷컴, 뉴썸 등",592.0,54788.0,33068514.0,-3.430000066757202,872305.0,2.640000104904175,-2302.0,-1347549.0,2325.0,1361694.0,0.0,0.0,0.0,0.0,0.0,0.0,0.0,0.0,0.0,0.0,0.0,0.0,0.0,0.0,0.0,0.0,-23.0,-14145.0
067010,이씨에스,코스닥,"컴퓨터 프로그래밍, 시스템 통합 및 관리업","컨택센터용교환시스템,업무용교환시스템",2425.0,161148.0,387020384.0,2.109999895095825,4238874.0,1.100000023841858,-28248.0,-67864364.0,-4752.0,-11293184.0,33362.0,80082305.0,33362.0,80082305.0,0.0,0.0,0.0,0.0,0.0,0.0,0.0,0.0,0.0,0.0,-182.0,-384022.0,-180.0,-540735.0
456070,이엔셀,코스닥,기초 의약물질 제조업,"첨단바이오의약품 위탁개발생산(CDMO) 서비스 / 차세대 세포,유전자 치료제",5950.0,49851.0,307866355.0,0.3400000035762787,3912840.0,1.2699999809265137,-1719.0,-11515620.0,2719.0,17602180.0,0.0,0.0,0.0,0.0,0.0,0.0,0.0,0.0,0.0,0.0,0.0,0.0,0.0,0.0,-1000.0,-6086560.0,0.0,0.0
102710,이엔에프테크놀로지,코스닥,기타 화학제품 제조업,LCD/반도체용 케미칼,47500.0,60148.0,2864927025.0,-0.41999998688697815,282536200.0,7.28000020980835,11380.0,538628550.0,-13093.0,-619821825.0,1959.0,92571925.0,1164.0,55471450.0,-200.0,-9452600.0,-60.0,-2851925.0,0.0,0.0,162.0,7608450.0,894.0,41843800.0,-174.0,-7960650.0,-72.0,-3418000.0
041520,이엘씨,코스닥,"측정, 시험, 항해, 제어 및 기타 정밀기기 제조업; 광학기기 제외",반도체장비용 유량계와 유량 제어장치,11990.0,32527.0,392895550.0,-3.4600000381469727,0.0,0.0,3661.0,43867890.0,-14777.0,-178612980.0,10000.0,120881330.0,10000.0,120881330.0,0.0,0.0,0.0,0.0,0.0,0.0,0.0,0.0,0.0,0.0,116.0,1433760.0,1000.0,12430000.0
063760,이엘피,코스닥,"측정, 시험, 항해, 제어 및 기타 정밀기기 제조업; 광학기기 제외",OLED 패널검사기 등,2565.0,19768.0,50229055.0,0.0,20355.0,0.03999999910593033,2611.0,6677315.0,-2611.0,-6677315.0,0.0,0.0,0.0,0.0,0.0,0.0,0.0,0.0,0.0,0.0,0.0,0.0,0.0,0.0,0.0,0.0,0.0,0.0
123570,이엠넷,코스닥,광고업,온라인 검색광고 대행,1630.0,41149.0,65580302.0,-0.6100000143051147,0.0,0.0,-12369.0,-19779541.0,-988.0,-1582829.0,12659.0,20270210.0,0.0,0.0,0.0,0.0,0.0,0.0,0.0,0.0,0.0,0.0,12659.0,20270210.0,698.0,1092160.0,0.0,0.0
083470,이엠앤아이,코스닥,기초 화학물질 제조업,OLED 유무기 소재 개발 및 판매,989.0,71865.0,71776812.0,1.9600000381469727,339389.0,0.4699999988079071,12178.0,12584026.0,-9564.0,-9237284.0,0.0,0.0,0.0,0.0,0.0,0.0,0.0,0.0,0.0,0.0,0.0,0.0,0.0,0.0,-2108.0,-2861488.0,-506.0,-485254.0
091120,이엠텍,코스닥,전자부품 제조업,"마이크로스피커,리시버",4200.0,58151.0,241756584.0,6.190000057220459,328005.0,0.14000000059604645,-13214.0,-55403891.0,14894.0,62581086.0,2.0,7845.0,2.0,7845.0,0.0,0.0,0.0,0.0,0.0,0.0,0.0,0.0,0.0,0.0,-1994.0,-8454860.0,312.0,1269820.0
039030,이오테크닉스,코스닥,특수 목적용 기계 제조업,레이저 마커 및 레이저 응용기기,415000.0,106381.0,44604118000.0,0.0,6030618500.0,11.989999771118164,564.0,241935250.0,-33265.0,-13959673500.0,33409.0,14007923750.0,10566.0,4394818500.0,-2.0,-808500.0,5293.0,2217603000.0,0.0,0.0,10041.0,4253889750.0,7511.0,3142419500.0,-693.0,-284145500.0,-15.0,-6040000.0
294090,이오플로우,코스닥,의료용 기기 제조업,웨어러블 인슐린펌프,1490.0,0.0,0.0,0.0,0.0,0.0,0.0,0.0,0.0,0.0,0.0,0.0,0.0,0.0,0.0,0.0,0.0,0.0,0.0,0.0,0.0,0.0,0.0,0.0,0.0,0.0,0.0,0.0
088290,이원컴포텍,코스닥,자동차 신품 부품 제조업,에어서스펜션 시트/일반고정형 시트/스프링서스펜션 시트,2230.0,1876.0,4178090.0,-1.9800000190734863,8920.0,0.20999999344348907,821.0,1821130.0,-821.0,-1821130.0,0.0,0.0,0.0,0.0,0.0,0.0,0.0,0.0,0.0,0.0,0.0,0.0,0.0,0.0,0.0,0.0,0.0,0.0
353810,이지바이오,코스닥,동물용 사료 및 조제식품 제조업,"자돈사료, 사료첨가제",6240.0,85916.0,535810650.0,0.3199999928474426,612610.0,0.10999999940395355,-504.0,-3425230.0,10609.0,65955490.0,-10061.0,-62243420.0,0.0,0.0,0.0,0.0,2356.0,14872230.0,0.0,0.0,-13220.0,-82096410.0,803.0,4980760.0,-44.0,-286840.0,0.0,0.0
261520,이지스,코스닥,소프트웨어 개발 및 공급업,디지털트윈 플랫폼,4130.0,19747.0,80265056.0,1.7200000286102295,5871980.0,7.320000171661377,3750.0,15148540.0,-3750.0,-15148540.0,0.0,0.0,0.0,0.0,0.0,0.0,0.0,0.0,0.0,0.0,0.0,0.0,0.0,0.0,0.0,0.0,0.0,0.0
099750,이지케어텍,코스닥,소프트웨어 개발 및 공급업,의료정보시스템,6590.0,22459.0,148563780.0,1.7000000476837158,150690.0,0.10000000149011612,2933.0,19484900.0,-3110.0,-20703980.0,177.0,1219080.0,177.0,1219080.0,0.0,0.0,0.0,0.0,0.0,0.0,0.0,0.0,0.0,0.0,0.0,0.0,0.0,0.0
377330,이지트로닉스,코스닥,"전동기, 발전기 및 전기 변환 · 공급 · 제어 장치 제조업",전력변환장치,2630.0,3269.0,8669385.0,-0.1899999976158142,7890.0,0.09000000357627869,-1059.0,-2804495.0,1259.0,3331475.0,0.0,20.0,0.0,20.0,0.0,0.0,0.0,0.0,0.0,0.0,0.0,0.0,0.0,0.0,0.0,0.0,-200.0,-527000.0
035810,이지홀딩스,코스닥,동물용 사료 및 조제식품 제조업,지주회사,4485.0,178372.0,799787827.0,0.2199999988079071,37859565.0,4.730000019073486,39590.0,175166055.0,-29739.0,-131642790.0,-10043.0,-44382445.0,4169.0,18684575.0,-294.0,-1308895.0,-25918.0,-115439125.0,0.0,0.0,12000.0,53681000.0,0.0,0.0,62.0,281130.0,130.0,578050.0
092130,이크레더블,코스닥,기타 정보 서비스업,"전자신용인증서비스(정보),소프트웨어 개발",14170.0,9888.0,140254690.0,1.649999976158142,354290.0,0.25,-1279.0,-18147080.0,1272.0,18047460.0,0.0,360.0,0.0,360.0,0.0,0.0,0.0,0.0,0.0,0.0,0.0,0.0,0.0,0.0,0.0,0.0,7.0,99260.0
134060,이퓨쳐,코스닥,"서적, 잡지 및 기타 인쇄물 출판업",Smart Phonics 등(외국어 어학교재),5460.0,3928.0,21399360.0,0.3700000047683716,5560.0,0.029999999329447746,-1699.0,-9250890.0,453.0,2464720.0,1246.0,6786170.0,1246.0,6786170.0,0.0,0.0,0.0,0.0,0.0,0.0,0.0,0.0,0.0,0.0,0.0,0.0,0.0,0.0
001840,이화공영,코스닥,건물 건설업,도급공사,2215.0,0.0,0.0,0.0,0.0,0.0,0.0,0.0,0.0,0.0,0.0,0.0,0.0,0.0,0.0,0.0,0.0,0.0,0.0,0.0,0.0,0.0,0.0,0.0,0.0,0.0,0.0,0.0
041830,인바디,코스닥,의료용 기기 제조업,정밀 체성분 분석기,62000.0,44575.0,2771416350.0,-0.6399999856948853,233629200.0,5.619999885559082,14633.0,909553950.0,-9281.0,-578807650.0,-5374.0,-332119800.0,62.0,3640500.0,-492.0,-30489950.0,-445.0,-27515800.0,0.0,0.0,0.0,0.0,-4499.0,-277754550.0,20.0,1249200.0,2.0,124300.0
352940,인바이오,코스닥,"비료, 농약 및 살균, 살충제 제조업","살균제, 살충제, 제초제 등",2090.0,16135.0,32602484.0,3.2100000381469727,769861.0,2.359999895095825,-2739.0,-5539523.0,2400.0,4849130.0,0.0,0.0,0.0,0.0,0.0,0.0,0.0,0.0,0.0,0.0,0.0,0.0,0.0,0.0,71.0,147913.0,268.0,542480.0
079950,인베니아,코스닥,특수 목적용 기계 제조업,"Dry Etcher, 진공합착기, LCD Panel 검사장비, OLED용 진공합착기",976.0,40361.0,39713890.0,-1.1100000143051147,4076973.0,10.270000457763672,6642.0,6485683.0,-6642.0,-6485683.0,0.0,0.0,0.0,0.0,0.0,0.0,0.0,0.0,0.0,0.0,0.0,0.0,0.0,0.0,0.0,0.0,0.0,0.0
0007J0,인벤테라,코스닥,자연과학 및 공학 연구개발업,철(Fe) 기반 질환 특이성 나노-MRI 조영제 신약,7970.0,5695.0,45125220.0,3.240000009536743,293720.0,0.6499999761581421,388.0,3023320.0,-269.0,-2088810.0,-118.0,-926590.0,0.0,0.0,0.0,0.0,0.0,0.0,0.0,0.0,0.0,0.0,-118.0,-926590.0,-1.0,-7920.0,0.0,0.0
389470,인벤티지랩,코스닥,자연과학 및 공학 연구개발업,마이크로/나노 입자 기반 약물전달 플랫폼 및 관련 제품,30250.0,83623.0,2596489125.0,0.5,103370600.0,2.2300000190734863,18570.0,593133075.0,-20016.0,-636949075.0,721.0,21817900.0,721.0,21817900.0,0.0,0.0,0.0,0.0,0.0,0.0,0.0,0.0,0.0,0.0,32.0,966400.0,693.0,21031700.0
277410,인산가,코스닥,기타 식품 제조업,죽염 및 죽염응용식품,5690.0,3337.0,19010500.0,-0.3499999940395355,68240.0,0.36000001430511475,765.0,4349900.0,-761.0,-4326660.0,-4.0,-23240.0,-4.0,-23240.0,0.0,0.0,0.0,0.0,0.0,0.0,0.0,0.0,0.0,0.0,0.0,0.0,0.0,0.0
060150,인선이엔티,코스닥,폐기물 처리업,건축폐기물처리,3040.0,72155.0,217444160.0,0.0,29556570.0,13.59000015258789,24566.0,74106440.0,-23636.0,-71293545.0,-630.0,-1908895.0,-630.0,-1908895.0,0.0,0.0,0.0,0.0,0.0,0.0,0.0,0.0,0.0,0.0,100.0,300000.0,-400.0,-1204000.0
033230,인성정보,코스닥,"컴퓨터 프로그래밍, 시스템 통합 및 관리업",넷트워크 관련 장비 및 솔루션,1178.0,370898.0,431797922.0,1.5499999523162842,20530385.0,4.75,-274.0,-569324.0,-32516.0,-37930432.0,0.0,0.0,0.0,0.0,0.0,0.0,0.0,0.0,0.0,0.0,0.0,0.0,0.0,0.0,32790.0,38499756.0,0.0,0.0
450520,인스웨이브,코스닥,소프트웨어 개발 및 공급업,"UI/UX 개발 솔루션, 엔터프라이즈 DX 솔루션, 금융 단말 솔루션 등",2045.0,13027.0,26592922.0,-0.23999999463558197,0.0,0.0,-2505.0,-5091565.0,-1778.0,-3604340.0,0.0,0.0,0.0,0.0,0.0,0.0,0.0,0.0,0.0,0.0,0.0,0.0,0.0,0.0,4283.0,8695905.0,0.0,0.0
465480,인스피언,코스닥,소프트웨어 개발 및 공급업,"SAP 보안 솔루션, SAP PO/CPI 컨설팅, EDI SaaS 플랫폼",3390.0,5597.0,18676100.0,1.649999976158142,97065.0,0.5199999809265137,1492.0,4975882.0,-1492.0,-4975882.0,0.0,0.0,0.0,0.0,0.0,0.0,0.0,0.0,0.0,0.0,0.0,0.0,0.0,0.0,0.0,0.0,0.0,0.0
950260,인제니아테라퓨틱스,코스닥,자연과학 및 공학 연구개발업,"IGT-427(안구망막질환 치료제), IGT-302(녹내장 치료제), IGT-303(만성신장질환치료제)",18330.0,18921625.0,297310852275.0,30.0,0.0,0.0,-660406.0,-10316594795.0,343158.0,5155108915.0,304007.0,4906407205.0,61990.0,1143397085.0,0.0,0.0,116796.0,1821855035.0,0.0,0.0,84683.0,1292952020.0,40538.0,648203065.0,20649.0,375890150.0,-7408.0,-120811475.0
037330,인지디스플레,코스닥,전자부품 제조업,"TFT-LCDCHASSIS,TFT-LCDLAMPREFLECTOR,ICLEADFRAME,TRLEADFRAME",760.0,347658.0,264752962.0,8.109999656677246,0.0,0.0,-29026.0,-21471133.0,29028.0,21465059.0,0.0,0.0,0.0,0.0,0.0,0.0,0.0,0.0,0.0,0.0,0.0,0.0,0.0,0.0,0.0,0.0,-2.0,6074.0
100030,인지소프트,코스닥,소프트웨어 개발 및 공급업,"금융솔루션,동기화솔루션",20100.0,16286.0,323937720.0,2.5,471400.0,0.15000000596046448,-2220.0,-43910190.0,97.0,1855380.0,0.0,0.0,0.0,0.0,0.0,0.0,0.0,0.0,0.0,0.0,0.0,0.0,0.0,0.0,2123.0,42054810.0,0.0,0.0
211050,인카금융서비스,코스닥,보험 및 연금관련 서비스업,보험 판매,10830.0,52501.0,565898105.0,3.0399999618530273,16523770.0,2.490000009536743,-13946.0,-150885255.0,-4607.0,-49619845.0,5494.0,59597570.0,6045.0,65535070.0,0.0,0.0,-460.0,-4958360.0,0.0,0.0,0.0,0.0,-91.0,-979140.0,13059.0,140907530.0,0.0,0.0
083640,인콘,코스닥,상품 종합 도매업,영상보안장비 및 영상보안솔루션,1087.0,87171.0,96521416.0,-0.2800000011920929,0.0,0.0,-43112.0,-47743259.0,20376.0,22739376.0,20736.0,22803883.0,20736.0,22803883.0,0.0,0.0,0.0,0.0,0.0,0.0,0.0,0.0,0.0,0.0,2000.0,2200000.0,0.0,0.0
064090,인크레더블버즈,코스닥,상품 종합 도매업,"Jayjun, Nerdy 외",798.0,0.0,0.0,0.0,0.0,0.0,0.0,0.0,0.0,0.0,0.0,0.0,0.0,0.0,0.0,0.0,0.0,0.0,0.0,0.0,0.0,0.0,0.0,0.0,0.0,0.0,0.0,0.0
216050,인크로스,코스닥,광고업,미디어렙서비스,5050.0,15450.0,78735605.0,-1.940000057220459,452200.0,0.5699999928474426,-577.0,-2743675.0,194.0,958225.0,791.0,3898670.0,791.0,3898670.0,0.0,0.0,0.0,0.0,0.0,0.0,0.0,0.0,0.0,0.0,-408.0,-2113220.0,0.0,0.0
049070,인탑스,코스닥,통신 및 방송 장비 제조업,"휴대용단말기 부품, 가전 부품, 자동차 부품, 의료기기 제품, 로봇 관련 제품 제조 등",17830.0,21842.0,385245640.0,3.299999952316284,81993360.0,11.449999809265137,-5615.0,-99097285.0,5637.0,99454305.0,10.0,210020.0,10.0,210020.0,0.0,0.0,0.0,0.0,0.0,0.0,0.0,0.0,0.0,0.0,-32.0,-567040.0,0.0,0.0
119610,인터로조,코스닥,의료용 기기 제조업,"콘텍트렌즈(소프트렌즈, 원데이렌즈, 하드렌즈 등)",14930.0,51337.0,749206615.0,3.75,21563750.0,2.880000114440918,-8135.0,-119172060.0,8445.0,123722440.0,-262.0,-3840300.0,-377.0,-5518390.0,0.0,0.0,0.0,0.0,0.0,0.0,115.0,1678090.0,0.0,0.0,-48.0,-710080.0,0.0,0.0
017250,인터엠,코스닥,영상 및 음향기기 제조업,음향기기,1007.0,40308.0,40025987.0,2.3399999141693115,9740.0,0.019999999552965164,-16735.0,-16652523.0,-3675.0,-3670661.0,0.0,0.0,0.0,0.0,0.0,0.0,0.0,0.0,0.0,0.0,0.0,0.0,0.0,0.0,20410.0,20323184.0,0.0,0.0
051370,인터플렉스,코스닥,전자부품 제조업,연성회로기판(Flexible PCB),6200.0,65949.0,411687150.0,-0.47999998927116394,7411470.0,1.7999999523162842,10623.0,65468855.0,-10602.0,-65268605.0,-205.0,-1346380.0,-205.0,-1346380.0,0.0,0.0,0.0,0.0,0.0,0.0,0.0,0.0,0.0,0.0,6.0,38090.0,178.0,1108040.0
064290,인텍플러스,코스닥,특수 목적용 기계 제조업,"LED 외관검사장비, 반도체 외관검사장비, 태양전지 외관검사장비등",35650.0,358777.0,13098937450.0,4.849999904632568,907781675.0,6.929999828338623,-11932.0,-465209050.0,-181712.0,-6648528475.0,193150.0,7096161775.0,3946.0,144675750.0,11144.0,407342925.0,66619.0,2443584475.0,0.0,0.0,34720.0,1277335950.0,76723.0,2823293925.0,477.0,17134850.0,17.0,440900.0
189300,인텔리안테크,코스닥,통신 및 방송 장비 제조업,"위성통신 안테나, 해상용 위성방송 수신안테나",68400.0,45849.0,3160969350.0,0.15000000596046448,202613700.0,5.210000038146973,8525.0,587586750.0,-4287.0,-298800150.0,-4311.0,-293731300.0,1444.0,101062300.0,-4.0,-274200.0,-3843.0,-263506700.0,0.0,0.0,0.0,0.0,-1908.0,-131012700.0,129.0,8823500.0,-56.0,-3878800.0
287840,인투셀,코스닥,자연과학 및 공학 연구개발업,ADC 링커/톡신 플랫폼 기술,22150.0,66538.0,1470469250.0,8.3100004196167,75736200.0,3.859999895095825,-12647.0,-280898125.0,-21163.0,-465901125.0,33330.0,736225500.0,671.0,14845850.0,0.0,0.0,27829.0,613828700.0,0.0,0.0,5000.0,111283050.0,-170.0,-3732100.0,476.0,10488800.0,4.0,84950.0
048530,인트론바이오,코스닥,기초 의약물질 제조업,"바이오 신약, 분자진단제품, 동물용항생제대체재",2800.0,126340.0,346558737.0,5.659999847412109,8909335.0,2.569999933242798,-33041.0,-91032840.0,28732.0,78974945.0,-1.0,-2805.0,-1.0,-2805.0,0.0,0.0,0.0,0.0,0.0,0.0,0.0,0.0,0.0,0.0,4500.0,12577500.0,-190.0,-516800.0
070590,인티큐브,코스닥,"컴퓨터 프로그래밍, 시스템 통합 및 관리업",기업통신 및 무선인터넷,1841.0,18334.0,33924792.0,-1.5499999523162842,1220562.0,3.5999999046325684,2930.0,5432067.0,-2930.0,-5432067.0,0.0,0.0,0.0,0.0,0.0,0.0,0.0,0.0,0.0,0.0,0.0,0.0,0.0,0.0,0.0,0.0,0.0,0.0
115310,인포바인,코스닥,전기 통신업,휴대폰인증서보관서비스(UBIKey),8280.0,7808.0,62635405.0,0.49000000953674316,1009960.0,1.6100000143051147,4482.0,36071475.0,-3763.0,-30267625.0,0.0,120.0,0.0,120.0,0.0,0.0,0.0,0.0,0.0,0.0,0.0,0.0,0.0,0.0,0.0,0.0,-719.0,-5803970.0
039290,인포뱅크,코스닥,기타 정보 서비스업,"모바일메시징서비스,휴대폰단말기용S/W개발용역",3905.0,10657.0,41287885.0,4.829999923706055,0.0,0.0,-4762.0,-18498250.0,-209.0,-813305.0,4971.0,19311555.0,4971.0,19311555.0,0.0,0.0,0.0,0.0,0.0,0.0,0.0,0.0,0.0,0.0,0.0,0.0,0.0,0.0
071200,인피니트헬스케어,코스닥,소프트웨어 개발 및 공급업,의료영상저장전송시스템(PACS),9540.0,48580.0,451464415.0,4.840000152587891,2168440.0,0.47999998927116394,-9862.0,-91445085.0,9878.0,91630485.0,0.0,0.0,0.0,0.0,0.0,0.0,0.0,0.0,0.0,0.0,0.0,0.0,0.0,0.0,-15.0,-173360.0,-1.0,-12040.0
101930,인화정공,코스닥,선박 및 보트 건조업,선박엔진부품,7040.0,36138.0,255773945.0,-2.630000114440918,0.0,0.0,-9804.0,-69382845.0,10085.0,71377945.0,-328.0,-2328800.0,-328.0,-2328800.0,0.0,0.0,0.0,0.0,0.0,0.0,0.0,0.0,0.0,0.0,0.0,0.0,47.0,333700.0
333430,일승,코스닥,선박 및 보트 건조업,환경장비,3830.0,115723.0,447393971.0,0.25999999046325684,10941370.0,2.450000047683716,-1398.0,-5006790.0,1418.0,5090390.0,0.0,-5200.0,0.0,-5200.0,0.0,0.0,0.0,0.0,0.0,0.0,0.0,0.0,0.0,0.0,0.0,0.0,-20.0,-78400.0
068330,일신바이오,코스닥,일반 목적용 기계 제조업,초저온냉동고및동결건조기,1020.0,368028.0,383531565.0,4.079999923706055,1143502.0,0.30000001192092896,-42310.0,-43111089.0,-34081.0,-34734786.0,0.0,0.0,0.0,0.0,0.0,0.0,0.0,0.0,0.0,0.0,0.0,0.0,0.0,0.0,76376.0,77830695.0,15.0,15180.0
178780,일월지엠엘,코스닥,상품 종합 도매업,전기 및 온수매트,2235.0,15345.0,33128735.0,3.950000047683716,58525.0,0.18000000715255737,-11503.0,-24715085.0,11503.0,24715085.0,0.0,0.0,0.0,0.0,0.0,0.0,0.0,0.0,0.0,0.0,0.0,0.0,0.0,0.0,0.0,0.0,0.0,0.0
019540,일지테크,코스닥,자동차 신품 부품 제조업,"차체(라지에타, 팩케이지, 씨트 크로스, 대쉬 판넬)",5490.0,63885.0,351047180.0,0.0,31044340.0,8.84000015258789,15963.0,87770165.0,-19165.0,-105581785.0,1601.0,8940080.0,-399.0,-2170810.0,0.0,0.0,2000.0,11110890.0,0.0,0.0,0.0,0.0,0.0,0.0,1601.0,8871540.0,0.0,0.0
094820,일진파워,코스닥,전기 및 통신 공사업,"열교환기,압력용기",11690.0,71236.0,825835425.0,1.9199999570846558,11237750.0,1.3600000143051147,16194.0,187260195.0,-16156.0,-186824705.0,-27.0,-307220.0,-27.0,-307220.0,0.0,0.0,0.0,0.0,0.0,0.0,0.0,0.0,0.0,0.0,-110.0,-1272700.0,99.0,1144430.0
950140,잉글우드랩,코스닥,기타 화학제품 제조업,화장품OEM·ODM,8330.0,18002.0,147872945.0,2.5899999141693115,188960.0,0.12999999523162842,5072.0,41826095.0,-5047.0,-41617345.0,0.0,0.0,0.0,0.0,0.0,0.0,0.0,0.0,0.0,0.0,0.0,0.0,0.0,0.0,-50.0,-413000.0,25.0,204250.0
049550,잉크테크,코스닥,기타 화학제품 제조업,"잉크젯프린터용 잉크카트리지, 재충전 잉크",3555.0,6273.0,22052720.0,-0.41999998688697815,666440.0,3.0199999809265137,1163.0,4093060.0,-1163.0,-4093060.0,0.0,0.0,0.0,0.0,0.0,0.0,0.0,0.0,0.0,0.0,0.0,0.0,0.0,0.0,0.0,0.0,0.0,0.0
389020,자람테크놀로지,코스닥,반도체 제조업,"XGSPON, 기가와이어, 광트랜시버 등",21800.0,14402.0,313819425.0,1.399999976158142,6562550.0,2.0899999141693115,-2452.0,-53153025.0,2714.0,58922725.0,-142.0,-3159700.0,-142.0,-3159700.0,0.0,0.0,0.0,0.0,0.0,0.0,0.0,0.0,0.0,0.0,-70.0,-1525000.0,-50.0,-1085000.0
254120,자비스,코스닥,특수 목적용 기계 제조업,자동엑스레이검사장비,947.0,97726.0,91180262.0,2.1600000858306885,315251.0,0.3499999940395355,-29911.0,-27980537.0,26398.0,24696049.0,0.0,0.0,0.0,0.0,0.0,0.0,0.0,0.0,0.0,0.0,0.0,0.0,0.0,0.0,13.0,11988.0,3500.0,3272500.0
043910,자연과환경,코스닥,"시멘트, 석회, 플라스터 및 그 제품 제조업","스테인레스파이프, 다공성식생블록,조경원예자재",3390.0,22302.0,74349215.0,2.7300000190734863,3364590.0,4.53000020980835,1266.0,4252110.0,-1676.0,-5619760.0,0.0,0.0,0.0,0.0,0.0,0.0,0.0,0.0,0.0,0.0,0.0,0.0,0.0,0.0,400.0,1334600.0,10.0,33050.0
234920,자이글,코스닥,가정용 기기 제조업,적외선 가열 조리기,5310.0,0.0,0.0,0.0,0.0,0.0,0.0,0.0,0.0,0.0,0.0,0.0,0.0,0.0,0.0,0.0,0.0,0.0,0.0,0.0,0.0,0.0,0.0,0.0,0.0,0.0,0.0,0.0
289220,자이언트스텝,코스닥,"영화, 비디오물, 방송프로그램 제작 및 배급업","광고VFX, 영상VFX 및 리얼타임 콘텐츠 제작",1115.0,43214.0,47586933.0,0.0,143447.0,0.30000001192092896,23257.0,25624419.0,-23121.0,-25475227.0,0.0,0.0,0.0,0.0,0.0,0.0,0.0,0.0,0.0,0.0,0.0,0.0,0.0,0.0,-136.0,-149192.0,0.0,0.0
049630,재영솔루텍,코스닥,사진장비 및 광학기기 제조업,플라스틱 사출금형,7600.0,666466.0,5129765055.0,-4.639999866485596,67564315.0,1.3200000524520874,134146.0,1034788560.0,-139992.0,-1079633460.0,3080.0,23490110.0,66.0,493290.0,0.0,0.0,0.0,0.0,0.0,0.0,0.0,0.0,3014.0,22996820.0,3518.0,27091790.0,-752.0,-5737000.0
417840,저스템,코스닥,특수 목적용 기계 제조업,반도체 습도제어 System,12760.0,631140.0,8065775705.0,-1.090000033378601,63085120.0,0.7799999713897705,59931.0,770546355.0,-11699.0,-157186190.0,-56918.0,-726210370.0,-155.0,-1945940.0,-60.0,-763440.0,-39064.0,-498254195.0,0.0,0.0,-35.0,-445630.0,-17600.0,-224750255.0,7751.0,100327550.0,935.0,12522655.0
110020,전진바이오팜,코스닥,기타 화학제품 제조업,"방충방향제, 유해동물피해감소제, 기생충피해감소제",2000.0,1576.0,3144574.0,-0.5,223583.0,7.110000133514404,-486.0,-965535.0,640.0,1275075.0,-154.0,-309540.0,-154.0,-309540.0,0.0,0.0,0.0,0.0,0.0,0.0,0.0,0.0,0.0,0.0,0.0,0.0,0.0,0.0
208140,정다운,코스닥,"도축, 육류 가공 및 저장 처리업","통오리,정육,오리털,훈연육",2270.0,4532.0,10272370.0,0.2199999988079071,1176200.0,11.449999809265137,360.0,816470.0,-348.0,-789230.0,-12.0,-27240.0,-12.0,-27240.0,0.0,0.0,0.0,0.0,0.0,0.0,0.0,0.0,0.0,0.0,0.0,0.0,0.0,0.0
208140,정다운,코스닥,"도축, 육류 가공 및 저장 처리업","통오리,정육,오리털,훈연육",2270.0,4532.0,10272370.0,0.2199999988079071,1176200.0,11.449999809265137,360.0,816470.0,-348.0,-789230.0,-12.0,-27240.0,-12.0,-27240.0,0.0,0.0,0.0,0.0,0.0,0.0,0.0,0.0,0.0,0.0,0.0,0.0,0.0,0.0
040420,정상제이엘에스,코스닥,일반 교습 학원,어학교육업,5810.0,15304.0,88900310.0,0.5199999809265137,580000.0,0.6499999761581421,8232.0,47818250.0,-7451.0,-43291350.0,-781.0,-4526900.0,0.0,20.0,0.0,0.0,-781.0,-4526920.0,0.0,0.0,0.0,0.0,0.0,0.0,0.0,0.0,0.0,0.0
045510,정원엔시스,코스닥,기계장비 및 관련 물품 도매업,"SI(시스템통합) 관련 소프트웨어, 중.대형 고속 레이져 프린터",1098.0,78439.0,85598161.0,1.4800000190734863,86749.0,0.10000000149011612,-1401.0,-1644522.0,6820.0,7618902.0,0.0,-18888.0,0.0,-18888.0,0.0,0.0,0.0,0.0,0.0,0.0,0.0,0.0,0.0,0.0,-5420.0,-5956578.0,1.0,1086.0
217190,제너셈,코스닥,특수 목적용 기계 제조업,반도체 후공정 장비,6730.0,185406.0,1249455310.0,1.659999966621399,16740260.0,1.340000033378601,39185.0,267942520.0,-39308.0,-268751310.0,0.0,-12600.0,0.0,-12600.0,0.0,0.0,0.0,0.0,0.0,0.0,0.0,0.0,0.0,0.0,0.0,0.0,123.0,821390.0
095700,제넥신,코스닥,자연과학 및 공학 연구개발업,항체융합단백질 치료제 및 유전자치료 백신개발,3000.0,3250742.0,10110823815.0,20.969999313354492,148747525.0,1.4700000286102295,73806.0,214666447.0,-153274.0,-466599425.0,71121.0,224067263.0,36790.0,114677998.0,0.0,0.0,340.0,1082335.0,0.0,0.0,0.0,0.0,33991.0,108306930.0,-1570.0,-4264495.0,9917.0,32130210.0
122310,제노레이,코스닥,의료용 기기 제조업,의료용 방사선 진단기기,3280.0,27819.0,89763040.0,2.3399999141693115,9720.0,0.009999999776482582,-10321.0,-33292190.0,10366.0,33441430.0,0.0,-1720.0,0.0,-1720.0,0.0,0.0,0.0,0.0,0.0,0.0,0.0,0.0,0.0,0.0,-50.0,-163620.0,5.0,16100.0
361390,제노코,코스닥,통신 및 방송 장비 제조업,"위성탑재체, 위성운용국, 항공전자 등",12590.0,14964.0,187990790.0,0.5600000023841858,10405270.0,5.53000020980835,3328.0,41703030.0,-3717.0,-46598800.0,339.0,4279070.0,339.0,4279070.0,0.0,0.0,0.0,0.0,0.0,0.0,0.0,0.0,0.0,0.0,0.0,0.0,50.0,616700.0
225220,제놀루션,코스닥,기초 의약물질 제조업,"핵산추출기기 및 시약, RNAi 사업 등",1394.0,54281.0,74366813.0,0.7200000286102295,83160.0,0.10999999940395355,15747.0,21566199.0,-13168.0,-18146520.0,-4479.0,-5990379.0,-4479.0,-5990379.0,0.0,0.0,0.0,0.0,0.0,0.0,0.0,0.0,0.0,0.0,1900.0,2570700.0,0.0,0.0
123330,제닉,코스닥,기타 화학제품 제조업,"하이드로겔 마스크 팩, 기타화장품",29650.0,235106.0,6800418800.0,5.519999980926514,192070200.0,2.819999933242798,-26343.0,-768915550.0,20459.0,575086350.0,5068.0,170029050.0,-13796.0,-408274175.0,-3.0,-88350.0,-25693.0,-722888450.0,0.0,0.0,18825.0,548698675.0,25344.0,741124700.0,631.0,18532400.0,185.0,5267750.0
381620,제닉스로보틱스,코스닥,특수 목적용 기계 제조업,"Stocker, AGV/AMR",6300.0,82909.0,530297665.0,-0.3199999928474426,6256430.0,1.1799999475479126,2145.0,14314010.0,-2148.0,-14323560.0,0.0,-9480.0,0.0,-9480.0,0.0,0.0,0.0,0.0,0.0,0.0,0.0,0.0,0.0,0.0,0.0,0.0,3.0,19030.0
159580,제로투세븐,코스닥,생활용품 도매업,유아동복 및 용품,2195.0,23399.0,50990405.0,-0.44999998807907104,897030.0,1.7599999904632568,-4655.0,-9997050.0,4655.0,9997050.0,0.0,0.0,0.0,0.0,0.0,0.0,0.0,0.0,0.0,0.0,0.0,0.0,0.0,0.0,0.0,0.0,0.0,0.0
147830,제룡산업,코스닥,"구조용 금속제품, 탱크 및 증기발생기 제조업",송배전 금구류 및 합성수지 제품,6890.0,174526.0,1212935705.0,-1.149999976158142,1941490.0,0.1599999964237213,15013.0,105321645.0,-1220.0,-9572070.0,-14210.0,-98664405.0,0.0,0.0,0.0,0.0,-9368.0,-65039115.0,0.0,0.0,0.0,0.0,-4842.0,-33625290.0,0.0,0.0,417.0,2914830.0
033100,제룡전기,코스닥,"전동기, 발전기 및 전기 변환 · 공급 · 제어 장치 제조업","송배전용금구류,변압기",47600.0,71178.0,3371678175.0,1.600000023841858,427864900.0,8.59000015258789,-20931.0,-993275100.0,14254.0,676473175.0,7107.0,337264225.0,7148.0,339219475.0,-7.0,-332250.0,-16.0,-767100.0,0.0,0.0,0.0,0.0,-18.0,-855900.0,-430.0,-20459000.0,0.0,-3300.0
079370,제우스,코스닥,특수 목적용 기계 제조업,LCD제조용장비,9750.0,159868.0,1525437365.0,5.289999961853027,36290590.0,2.380000114440918,-29058.0,-277111590.0,16670.0,157941905.0,1020.0,9887985.0,202.0,2043725.0,0.0,0.0,0.0,0.0,0.0,0.0,0.0,0.0,818.0,7844260.0,11368.0,109281700.0,0.0,0.0
054950,제이브이엠,코스닥,일반 목적용 기계 제조업,"전자동 정제,분류 및 포장시스템",24050.0,9941.0,238555675.0,0.8399999737739563,4030600.0,0.9700000286102295,1308.0,31392000.0,-1815.0,-43579275.0,548.0,13186775.0,263.0,6305775.0,0.0,0.0,285.0,6881000.0,0.0,0.0,0.0,0.0,0.0,0.0,-42.0,-1023300.0,1.0,23800.0
090470,제이스로보틱스,코스닥,특수 목적용 기계 제조업,기계장비(디스플레이장비),4535.0,9322.0,41962735.0,-0.33000001311302185,63210.0,0.15000000596046448,-811.0,-3685175.0,-1575.0,-7036960.0,0.0,0.0,0.0,0.0,0.0,0.0,0.0,0.0,0.0,0.0,0.0,0.0,0.0,0.0,2386.0,10722135.0,0.0,0.0
023440,제이스코홀딩스,코스닥,1차 철강 제조업,"연강선재, 경강선재, CHQ외",521.0,0.0,0.0,0.0,0.0,0.0,0.0,0.0,0.0,0.0,0.0,0.0,0.0,0.0,0.0,0.0,0.0,0.0,0.0,0.0,0.0,0.0,0.0,0.0,0.0,0.0,0.0,0.0
137950,제이씨케미칼,코스닥,기타 화학제품 제조업,"바이오디젤, 바이오중유 등",3670.0,116457.0,427436826.0,-1.2100000381469727,1614455.0,0.3799999952316284,17712.0,65102061.0,-27784.0,-102784346.0,-8.0,-29325.0,-8.0,-29325.0,0.0,0.0,0.0,0.0,0.0,0.0,0.0,0.0,0.0,0.0,10000.0,37424610.0,80.0,287000.0
033320,제이씨현시스템,코스닥,기계장비 및 관련 물품 도매업,"메인보드, 그래픽카드",3130.0,2850427.0,9575719315.0,3.130000114440918,17390970.0,0.18000000715255737,203335.0,708086146.0,-176434.0,-623182686.0,1.0,-211535.0,1.0,-211535.0,0.0,0.0,0.0,0.0,0.0,0.0,0.0,0.0,0.0,0.0,-26300.0,-82777175.0,-602.0,-1914750.0
417500,제이아이테크,코스닥,기타 화학제품 제조업,반도체 프리커서 및 쿼츠/블랭크/포토마스크용 케이스,3865.0,104207.0,403642490.0,-0.38999998569488525,11074700.0,2.740000009536743,33511.0,129457235.0,-33777.0,-130490245.0,256.0,994560.0,256.0,994560.0,0.0,0.0,0.0,0.0,0.0,0.0,0.0,0.0,0.0,0.0,0.0,0.0,10.0,38450.0
204270,제이앤티씨,코스닥,전자부품 제조업,"강화유리, 커넥터",19130.0,385734.0,7391844070.0,1.3799999952316284,283046185.0,3.8299999237060547,-33739.0,-650175610.0,25810.0,498012300.0,5978.0,115414360.0,5910.0,114112600.0,0.0,0.0,68.0,1301760.0,0.0,0.0,0.0,0.0,0.0,0.0,2675.0,50401710.0,-724.0,-13652760.0
127120,제이에스링크,코스닥,자연과학 및 공학 연구개발업,"유전체분석(EGIS), 개인유전체분석(DNAGPS)",37250.0,83321.0,3054339550.0,1.5,302200650.0,6.559999942779541,19853.0,723851950.0,-17783.0,-648447425.0,-2250.0,-81993275.0,-277.0,-10127350.0,9.0,330650.0,-665.0,-24529925.0,0.0,0.0,0.0,0.0,-2293.0,-83998150.0,8.0,282650.0,172.0,6306100.0
026040,제이에스티나,코스닥,귀금속 및 장신용품 제조업,"주얼리,가죽제품,손목시계",1980.0,538155.0,1099944692.0,-10.40999984741211,10763447.0,0.9800000190734863,-7547.0,-15366871.0,13666.0,27808378.0,-6331.0,-12889752.0,398.0,869218.0,0.0,0.0,0.0,0.0,0.0,0.0,0.0,0.0,-6729.0,-13758970.0,200.0,423545.0,12.0,24700.0
452160,제이엔비,코스닥,특수 목적용 기계 제조업,"진공 펌프용 유틸리티 장치(Stacker 등), 정밀가공 부품",3185.0,7412.0,23752044.0,-1.7000000476837158,41570.0,0.18000000715255737,1195.0,3898479.0,-1203.0,-3922169.0,8.0,23690.0,8.0,23690.0,0.0,0.0,0.0,0.0,0.0,0.0,0.0,0.0,0.0,0.0,0.0,0.0,0.0,0.0
126880,제이엔케이글로벌,코스닥,일반 목적용 기계 제조업,"산업용가열로, 수소충전소",2590.0,97932.0,253580715.0,-0.7699999809265137,28490.0,0.009999999776482582,6102.0,15898220.0,-6112.0,-15918590.0,10.0,20330.0,10.0,20330.0,0.0,0.0,0.0,0.0,0.0,0.0,0.0,0.0,0.0,0.0,0.0,0.0,0.0,40.0
322510,제이엘케이,코스닥,소프트웨어 개발 및 공급업,"인공지능 기반 의료영상 진단 플랫폼, 인공지능 기반 산업용 X-ray 판독시스템",4910.0,196298.0,972978915.0,-0.30000001192092896,4367005.0,0.44999998807907104,-72978.0,-360465625.0,62940.0,310977355.0,88.0,427270.0,88.0,427270.0,0.0,0.0,0.0,0.0,0.0,0.0,0.0,0.0,0.0,0.0,10000.0,49337500.0,-50.0,-276500.0
033050,제이엠아이,코스닥,기타 화학제품 제조업,CD복제품,821.0,28740.0,23517534.0,0.11999999731779099,42847.0,0.18000000715255737,8999.0,7406827.0,-5576.0,-4614605.0,0.0,0.0,0.0,0.0,0.0,0.0,0.0,0.0,0.0,0.0,0.0,0.0,0.0,0.0,-3423.0,-2792222.0,0.0,0.0
094970,제이엠티,코스닥,전자부품 제조업,LCD패널용PBA,2695.0,176912.0,480004971.0,0.3700000047683716,272375.0,0.05999999865889549,-33320.0,-89335184.0,24500.0,65567979.0,5355.0,14361845.0,5355.0,14361845.0,0.0,0.0,0.0,0.0,0.0,0.0,0.0,0.0,0.0,0.0,2409.0,6486180.0,1056.0,2919180.0
418550,제이오,코스닥,"건축기술, 엔지니어링 및 관련 기술 서비스업","탄소나노튜브, 금속탱크 및 유사용기",4470.0,92574.0,424609216.0,-0.33000001311302185,15009670.0,3.5299999713897705,-8826.0,-41518566.0,9185.0,42961806.0,-359.0,-1443240.0,-759.0,-3263595.0,0.0,0.0,0.0,0.0,0.0,0.0,0.0,0.0,400.0,1820355.0,0.0,0.0,0.0,0.0
060230,제이케이시냅스,코스닥,기타 화학제품 제조업,화학제품 및 전자재료,1316.0,16249.0,21226796.0,0.46000000834465027,3970849.0,18.709999084472656,6513.0,8506511.0,-6513.0,-8504711.0,0.0,-1800.0,0.0,-1800.0,0.0,0.0,0.0,0.0,0.0,0.0,0.0,0.0,0.0,0.0,0.0,0.0,0.0,0.0
420570,제이투케이바이오,코스닥,기타 화학제품 제조업,화장품 원료(천연소재 바이오소재 등),8900.0,27360.0,240902010.0,2.890000104904175,2788250.0,1.159999966621399,5702.0,50614620.0,-6912.0,-61211970.0,1378.0,12083930.0,-22.0,-196390.0,0.0,0.0,0.0,0.0,0.0,0.0,0.0,0.0,1400.0,12280320.0,-168.0,-1486580.0,0.0,0.0
089790,제이티,코스닥,특수 목적용 기계 제조업,반도체장비(Burn-in Sorter 등),4445.0,21996.0,97227830.0,2.180000066757202,1301300.0,1.340000033378601,-622.0,-2657100.0,622.0,2657100.0,0.0,0.0,0.0,0.0,0.0,0.0,0.0,0.0,0.0,0.0,0.0,0.0,0.0,0.0,0.0,0.0,0.0,0.0
0010V0,제이피아이헬스케어,코스닥,의료용 기기 제조업,"X-ray Grid, 의료영상기기 등",9050.0,8668.0,77745090.0,-2.4800000190734863,7944970.0,10.220000267028809,1876.0,17062170.0,-2316.0,-20959080.0,0.0,0.0,0.0,0.0,0.0,0.0,0.0,0.0,0.0,0.0,0.0,0.0,0.0,0.0,0.0,0.0,440.0,3896910.0
412540,제일엠앤에스,코스닥,특수 목적용 기계 제조업,2차전지 믹싱시스템,3935.0,0.0,0.0,0.0,0.0,0.0,0.0,0.0,0.0,0.0,0.0,0.0,0.0,0.0,0.0,0.0,0.0,0.0,0.0,0.0,0.0,0.0,0.0,0.0,0.0,0.0,0.0,0.0
199820,제일일렉트릭,코스닥,"전동기, 발전기 및 전기 변환 · 공급 · 제어 장치 제조업","PCB Assay, 배선기구, 분전반 등",7580.0,102031.0,767620205.0,-0.25999999046325684,25213480.0,3.2799999713897705,20748.0,156352360.0,-20720.0,-156138500.0,-28.0,-212770.0,-28.0,-212770.0,0.0,0.0,0.0,0.0,0.0,0.0,0.0,0.0,0.0,0.0,0.0,0.0,0.0,-1090.0
038010,제일테크노스,코스닥,"구조용 금속제품, 탱크 및 증기발생기 제조업",DECK PLATE,5590.0,11013.0,61007670.0,0.5400000214576721,765290.0,1.25,552.0,3094270.0,-704.0,-3932420.0,152.0,838150.0,-8.0,-49850.0,0.0,0.0,0.0,0.0,0.0,0.0,0.0,0.0,160.0,888000.0,0.0,0.0,0.0,0.0
080220,제주반도체,코스닥,반도체 제조업,"모바일용 LP DDR SDRAM, CRAM, SRAM",76500.0,1172468.0,88916520150.0,3.940000057220459,3228215200.0,3.630000114440918,-52196.0,-4057127200.0,26890.0,2116322350.0,23493.0,1803783200.0,18131.0,1388305650.0,8151.0,619434950.0,-2812.0,-206137000.0,0.0,0.0,0.0,0.0,23.0,2179600.0,1738.0,132136100.0,75.0,4885550.0
216080,제테마,코스닥,의료용품 및 기타 의약 관련제품 제조업,"히알루론산 필러(조직수복용생체재료), 피부과용 레이저 의료기기, 리프팅실 등",4310.0,270125.0,1144661699.0,6.420000076293945,10090985.0,0.8799999952316284,-3604.0,-15915389.0,21956.0,92520769.0,-4352.0,-17290310.0,-4352.0,-17290310.0,0.0,0.0,0.0,0.0,0.0,0.0,0.0,0.0,0.0,0.0,-14000.0,-59315070.0,0.0,0.0
337930,젝시믹스,코스닥,기타 정보 서비스업,"애슬레저의류, 생활/청결 용품",2955.0,45538.0,134120864.0,2.430000066757202,13891950.0,10.359999656677246,-12103.0,-35829444.0,-14879.0,-43888055.0,27500.0,81243914.0,27500.0,81243914.0,0.0,0.0,0.0,0.0,0.0,0.0,0.0,0.0,0.0,0.0,-518.0,-1526415.0,0.0,0.0
229000,젠큐릭스,코스닥,의료용품 및 기타 의약 관련제품 제조업,유방암 예후진단 및 폐암/대장암 동반진단 제품/검사서비스,1763.0,75072.0,132647061.0,1.7300000190734863,82813.0,0.05999999865889549,-6885.0,-12119815.0,7248.0,12767457.0,0.0,0.0,0.0,0.0,0.0,0.0,0.0,0.0,0.0,0.0,0.0,0.0,0.0,0.0,200.0,353500.0,-563.0,-1001142.0
082270,젬백스,코스닥,특수 목적용 기계 제조업,"ChemicalAirFilter,GasScrubber",10930.0,153847.0,1665784850.0,2.9200000762939453,200041920.0,8.899999618530273,23010.0,244356515.0,-33428.0,-357535635.0,8311.0,90595800.0,8190.0,89282390.0,0.0,0.0,121.0,1313410.0,0.0,0.0,0.0,0.0,0.0,0.0,2073.0,22222430.0,34.0,360890.0
153890,져스텍,코스닥,"전동기, 발전기 및 전기 변환 · 공급 · 제어 장치 제조업",반도체 및 디스플레이 모션시스템,12750.0,1114914.0,14616565735.0,-8.34000015258789,283130200.0,1.940000057220459,48288.0,587575210.0,-50137.0,-611315285.0,630.0,8057510.0,0.0,2660.0,0.0,0.0,754.0,9699750.0,0.0,0.0,0.0,0.0,-124.0,-1644900.0,-1276.0,-17159825.0,2495.0,32842390.0
034940,조아제약,코스닥,의약품 제조업,"의약품,의약부외품,보건보조식품,위생용품의제조판매",550.0,0.0,0.0,0.0,0.0,0.0,0.0,0.0,0.0,0.0,0.0,0.0,0.0,0.0,0.0,0.0,0.0,0.0,0.0,0.0,0.0,0.0,0.0,0.0,0.0,0.0,0.0,0.0
067000,조이시티,코스닥,소프트웨어 개발 및 공급업,온라인게임(프리스타일농구),1143.0,151150.0,171530590.0,1.149999976158142,7041538.0,4.110000133514404,7105.0,8026312.0,-3856.0,-4715269.0,-3250.0,-3312173.0,-3250.0,-3312173.0,0.0,0.0,0.0,0.0,0.0,0.0,0.0,0.0,0.0,0.0,0.0,0.0,1.0,1130.0
309930,조이웍스앤코,코스닥,기타 생활용품 소매업,기업인수합병,921.0,114291.0,103521511.0,-1.7100000381469727,37946.0,0.03999999910593033,-6659.0,-5991149.0,-11070.0,-10359159.0,0.0,0.0,0.0,0.0,0.0,0.0,0.0,0.0,0.0,0.0,0.0,0.0,0.0,0.0,17729.0,16350308.0,0.0,0.0
018700,졸스,코스닥,생활용품 도매업,지제품,1480.0,53156.0,79912591.0,0.07000000029802322,515146.0,0.6399999856948853,-13783.0,-20433282.0,13495.0,20007042.0,288.0,426240.0,288.0,426240.0,0.0,0.0,0.0,0.0,0.0,0.0,0.0,0.0,0.0,0.0,0.0,0.0,0.0,0.0
033340,좋은사람들,코스닥,봉제의복 제조업,패션내의,559.0,45689064.0,27707863528.0,0.36000001430511475,136368084.0,0.49000000953674316,2996072.0,1880119768.0,-2941418.0,-1845706201.0,-12703.0,-7367740.0,-12703.0,-7367740.0,0.0,0.0,0.0,0.0,0.0,0.0,0.0,0.0,0.0,0.0,-85876.0,-53454566.0,43925.0,26408739.0
036930,주성엔지니어링,코스닥,특수 목적용 기계 제조업,"ALG, ALD",177300.0,794960.0,139944090850.0,3.319999933242798,17668418200.0,12.630000114440918,-57986.0,-10359023200.0,33665.0,6034713500.0,24710.0,4396404350.0,4089.0,751706400.0,-34.0,-5967300.0,-1064.0,-184763250.0,0.0,0.0,24452.0,4306965200.0,-2733.0,-471534200.0,388.0,67481800.0,-777.0,-139576450.0
072020,중앙백신,코스닥,기초 의약물질 제조업,동물용백신,9260.0,2140.0,19767500.0,0.6499999761581421,27760.0,0.14000000059604645,-47.0,-431580.0,47.0,431580.0,0.0,0.0,0.0,0.0,0.0,0.0,0.0,0.0,0.0,0.0,0.0,0.0,0.0,0.0,0.0,0.0,0.0,0.0
000440,중앙에너비스,코스닥,기타 전문 도매업,석유류도소매,11980.0,11150.0,133201390.0,-0.07999999821186066,1280080.0,0.9599999785423279,4629.0,55279380.0,-4629.0,-55279480.0,0.0,100.0,0.0,100.0,0.0,0.0,0.0,0.0,0.0,0.0,0.0,0.0,0.0,0.0,0.0,0.0,0.0,0.0
051980,중앙첨단소재,코스닥,통신 및 방송 장비 제조업,통신장비 등,980.0,344868.0,340703926.0,-1.0099999904632568,18626529.0,5.46999979019165,-33185.0,-32657696.0,24067.0,23645216.0,0.0,0.0,0.0,0.0,0.0,0.0,0.0,0.0,0.0,0.0,0.0,0.0,0.0,0.0,100.0,98275.0,9018.0,8914205.0
221800,지구홀딩스,코스닥,기타 과학기술 서비스업,지주사업(자회사 지분관리 및 투자),4110.0,39614.0,161576892.0,0.8600000143051147,2073565.0,1.2799999713897705,5710.0,22281767.0,-5547.0,-21575877.0,0.0,0.0,0.0,0.0,0.0,0.0,0.0,0.0,0.0,0.0,0.0,0.0,0.0,0.0,0.0,0.0,-163.0,-705890.0
228760,지노믹트리,코스닥,자연과학 및 공학 연구개발업,암 조기진단 제품,12460.0,62525.0,765223970.0,5.590000152587891,72549420.0,7.0,-479.0,-4585110.0,611.0,6050040.0,-101.0,-1092300.0,-101.0,-1092300.0,0.0,0.0,0.0,0.0,0.0,0.0,0.0,0.0,0.0,0.0,0.0,0.0,-31.0,-372630.0
314130,지놈앤컴퍼니,코스닥,기초 의약물질 제조업,"마이크로바이옴 기반 치료제, 화장품, 건강기능식품",4415.0,324927.0,1395912910.0,4.369999885559082,118388155.0,8.479999542236328,95289.0,409573195.0,-92953.0,-400271455.0,-2324.0,-9277515.0,-2324.0,-9277515.0,0.0,0.0,0.0,0.0,0.0,0.0,0.0,0.0,0.0,0.0,0.0,0.0,-12.0,-24225.0
389030,지니너스,코스닥,자연과학 및 공학 연구개발업,"NGS기반 조직생검 암유전체 동반진단(CancerSCAN), 액체생검 암유전체 동반진단(LiquidSCAN), 단일세포분석(Celinus) 등",2220.0,447240.0,997274645.0,8.289999961853027,5076480.0,0.5099999904632568,57646.0,129318348.0,-25824.0,-58567866.0,-17030.0,-38117787.0,-17030.0,-38117787.0,0.0,0.0,0.0,0.0,0.0,0.0,0.0,0.0,0.0,0.0,-14796.0,-32641100.0,4.0,8405.0
263860,지니언스,코스닥,소프트웨어 개발 및 공급업,"네트워크 접근 제어 솔루션(NAC), 단말기반 지능형 위협 탐지 대응 솔루션(EDR)",14480.0,10413.0,150069580.0,0.5600000023841858,87120.0,0.05999999865889549,-1696.0,-24507260.0,1709.0,24694200.0,0.0,0.0,0.0,0.0,0.0,0.0,0.0,0.0,0.0,0.0,0.0,0.0,0.0,0.0,-13.0,-186940.0,0.0,0.0
303030,지니틱스,코스닥,반도체 제조업,반도체 IC,1969.0,83444.0,160446592.0,4.400000095367432,175525.0,0.10999999940395355,-21297.0,-41139113.0,21297.0,41151119.0,0.0,-12006.0,0.0,-12006.0,0.0,0.0,0.0,0.0,0.0,0.0,0.0,0.0,0.0,0.0,0.0,0.0,0.0,0.0
208350,지란지교시큐리티,코스닥,소프트웨어 개발 및 공급업,보안 소프트웨어,2895.0,4850.0,14016505.0,-0.5199999809265137,283770.0,2.0199999809265137,3101.0,8959480.0,-2648.0,-7656240.0,0.0,0.0,0.0,0.0,0.0,0.0,0.0,0.0,0.0,0.0,0.0,0.0,0.0,0.0,-453.0,-1303240.0,0.0,0.0
446840,지슨,코스닥,"측정, 시험, 항해, 제어 및 기타 정밀기기 제조업; 광학기기 제외",무선도청탐지기,3495.0,42105.0,142718995.0,-2.9200000762939453,3243540.0,2.2699999809265137,11673.0,38838975.0,-6789.0,-23776760.0,10900.0,37722285.0,0.0,-6120.0,0.0,0.0,3000.0,10199815.0,0.0,0.0,0.0,0.0,7900.0,27528590.0,-15784.0,-52784500.0,0.0,0.0
144510,지씨셀,코스닥,"그외 기타 전문, 과학 및 기술 서비스업","세포치료제, 검체검사서비스, 제대혈은행",14410.0,106108.0,1563483850.0,7.059999942779541,162546450.0,7.150000095367432,20868.0,314226840.0,-16566.0,-254931720.0,-4611.0,-63976280.0,-4576.0,-63427130.0,-35.0,-549150.0,0.0,0.0,0.0,0.0,0.0,0.0,0.0,0.0,382.0,5779150.0,-73.0,-1097990.0
340450,지씨지놈,코스닥,"그외 기타 전문, 과학 및 기술 서비스업","G-NIPT, 아이캔서치, 암패널, 희귀패널 등",5820.0,279372.0,1648442130.0,2.2799999713897705,43521180.0,2.640000104904175,207.0,-1639165.0,-26207.0,-152393700.0,26000.0,154166935.0,0.0,0.0,0.0,0.0,0.0,0.0,0.0,0.0,0.0,0.0,26000.0,154166935.0,0.0,-134070.0,0.0,0.0
306620,지아이에스,코스닥,특수 목적용 기계 제조업,기업인수합병,1845.0,430537.0,792425043.0,4.119999885559082,721884.0,0.09000000357627869,-24628.0,-45100417.0,26802.0,49040239.0,0.0,-6178.0,0.0,-6178.0,0.0,0.0,0.0,0.0,0.0,0.0,0.0,0.0,0.0,0.0,-2221.0,-4026231.0,47.0,92587.0
358570,지아이이노베이션,코스닥,자연과학 및 공학 연구개발업,면역항암제 및 알레르기 치료제,8670.0,626467.0,5469430130.0,6.380000114440918,512738260.0,5.170000076293945,116657.0,1040011295.0,-145629.0,-1294619415.0,26389.0,231503070.0,18922.0,166117560.0,42.0,392580.0,-208.0,-1804100.0,911.0,8181310.0,14466.0,126077840.0,-8138.0,-70998090.0,2060.0,18285360.0,523.0,4819690.0
382480,지아이텍,코스닥,특수 목적용 기계 제조업,"SLOT DIE, SLIT NOZZLE, REPAIR, 기타",1713.0,40351.0,68902230.0,0.3499999940395355,4825598.0,7.0,11046.0,18851493.0,-14131.0,-24100088.0,0.0,0.0,0.0,0.0,0.0,0.0,0.0,0.0,0.0,0.0,0.0,0.0,0.0,0.0,2500.0,4250000.0,585.0,998595.0
382800,지앤비에스 에코,코스닥,특수 목적용 기계 제조업,"스크러버, 트랩, 백연제거장치 등",5570.0,803144.0,4439357115.0,0.9100000262260437,151783320.0,3.4200000762939453,202755.0,1128275190.0,-184352.0,-1027360425.0,-24544.0,-134910555.0,43.0,238650.0,0.0,0.0,-24148.0,-132737435.0,0.0,0.0,0.0,0.0,-439.0,-2411770.0,447.0,2442580.0,5694.0,31553210.0
051160,지어소프트,코스닥,소프트웨어 개발 및 공급업,"Mobile Solution & Platform, Internet GIS, Mobile Service",9570.0,130301.0,1245633845.0,-4.300000190734863,38595840.0,3.0999999046325684,-5867.0,-58066160.0,-27626.0,-261536065.0,27592.0,263367670.0,-2139.0,-20536090.0,0.0,0.0,0.0,0.0,0.0,0.0,0.0,0.0,29731.0,283903760.0,5986.0,57081005.0,-85.0,-846450.0
053050,지에스이,코스닥,연료용 가스 제조 및 배관공급업,도시가스,1765.0,79606.0,138990800.0,-0.3400000035762787,230081.0,0.17000000178813934,-2179.0,-3949447.0,-13214.0,-23123906.0,15993.0,28123953.0,0.0,3.0,0.0,0.0,0.0,0.0,0.0,0.0,0.0,0.0,15993.0,28123950.0,0.0,0.0,-600.0,-1050600.0
388610,지에프씨생명과학,코스닥,기타 화학제품 제조업,"마이크로바이옴, 엑소좀 기반 바이오 소재",5540.0,11477.0,62917800.0,3.1700000762939453,96300.0,0.15000000596046448,5726.0,31448990.0,-2727.0,-15105380.0,-3000.0,-16349150.0,0.0,0.0,0.0,0.0,0.0,0.0,0.0,0.0,0.0,0.0,-3000.0,-16349150.0,0.0,0.0,1.0,5540.0
493330,지에프아이,코스닥,일반 목적용 기계 제조업,"2차전지소화안전제품, 일반소화안전제품",11210.0,19572.0,218636835.0,2.369999885559082,78660.0,0.03999999910593033,4155.0,46754325.0,2376.0,26523305.0,-2500.0,-27665990.0,0.0,0.0,0.0,0.0,0.0,0.0,0.0,0.0,0.0,0.0,-2500.0,-27665990.0,-4031.0,-45611640.0,0.0,0.0
119850,지엔씨에너지,코스닥,"전동기, 발전기 및 전기 변환 · 공급 · 제어 장치 제조업","비상발전기, 소형열병합발전설비, 바이오가스발전설비",50100.0,815876.0,42180919950.0,-8.739999771118164,600103900.0,0.8700000047683716,263991.0,13537284575.0,-107746.0,-5554667000.0,-149084.0,-7623236175.0,7288.0,381605850.0,2916.0,156959350.0,-7381.0,-360777500.0,0.0,0.0,-3829.0,-195014150.0,-148078.0,-7606009725.0,-9561.0,-483009750.0,2400.0,123628350.0
065060,지엔코,코스닥,봉제의복 제조업,"캐쥬얼의류(Thursday Island, TI FOR MEN)",3480.0,3762.0,13073665.0,1.159999966621399,240915.0,1.840000033378601,-495.0,-1717865.0,295.0,1019865.0,0.0,0.0,0.0,0.0,0.0,0.0,0.0,0.0,0.0,0.0,0.0,0.0,0.0,0.0,200.0,698000.0,0.0,0.0
204840,지엘팜텍,코스닥,생활용품 도매업,의약품 연구개발업,4015.0,24847.0,98613860.0,2.4200000762939453,686440.0,0.699999988079071,784.0,3162450.0,-784.0,-3162450.0,0.0,0.0,0.0,0.0,0.0,0.0,0.0,0.0,0.0,0.0,0.0,0.0,0.0,0.0,0.0,0.0,0.0,0.0
311320,지오엘리먼트,코스닥,전자부품 제조업,"센서, 캐니스터",8840.0,106515.0,936624570.0,2.7899999618530273,30151200.0,3.2200000286102295,30364.0,267707740.0,-26332.0,-232282850.0,-4135.0,-36315070.0,0.0,-5600.0,0.0,0.0,0.0,0.0,0.0,0.0,0.0,0.0,-4135.0,-36309470.0,0.0,0.0,103.0,890180.0
456160,지투지바이오,코스닥,의약품 제조업,장기 약효지속성 주사제 개발,40950.0,119721.0,4977282750.0,-0.23999999463558197,498597975.0,5.789999961853027,27488.0,1133220550.0,-47520.0,-1968093325.0,32704.0,1365099225.0,1256.0,52558075.0,-8.0,-328675.0,19252.0,804965400.0,204.0,8657800.0,6612.0,273853150.0,4605.0,193052625.0,-12274.0,-513510850.0,-398.0,-16715600.0
388050,지투파워,코스닥,"전동기, 발전기 및 전기 변환 · 공급 · 제어 장치 제조업","수·배전반, 태양광발전시스템, 인버터(PCS)",9320.0,4749188.0,46352619805.0,1.2999999523162842,48563000.0,0.10000000149011612,94957.0,989609910.0,-83360.0,-884103715.0,770.0,7329470.0,770.0,7329470.0,0.0,0.0,0.0,0.0,0.0,0.0,0.0,0.0,0.0,0.0,-4459.0,-44908655.0,-7908.0,-67927010.0
018120,진로발효,코스닥,알코올음료 제조업,주정,16720.0,2850.0,47474520.0,0.5400000214576721,66520.0,0.14000000059604645,40.0,659090.0,-78.0,-1298610.0,-62.0,-1032410.0,-62.0,-1032410.0,0.0,0.0,0.0,0.0,0.0,0.0,0.0,0.0,0.0,0.0,0.0,0.0,100.0,1671930.0
109820,진매트릭스,코스닥,자연과학 및 공학 연구개발업,"B형간염치료제 내성진단,C형간염바이러스 유전형진단, 자궁경부암유발바이러스 유전형진단",1451.0,18563.0,26988842.0,1.6799999475479126,442178.0,1.6399999856948853,6916.0,10072254.0,-6916.0,-10072254.0,0.0,0.0,0.0,0.0,0.0,0.0,0.0,0.0,0.0,0.0,0.0,0.0,0.0,0.0,0.0,0.0,0.0,0.0
086060,진바이오텍,코스닥,산업용 농·축산물 및 동·식물 도매업,"펩소이젠(식물성단백질),바이오스타치(가공전분),나투포멘(친환경생균제),락토케어(항생제대체형미생물제제)등",4650.0,14621.0,67946705.0,1.090000033378601,253485.0,0.3700000047683716,-1809.0,-8502105.0,-1356.0,-6330575.0,0.0,0.0,0.0,0.0,0.0,0.0,0.0,0.0,0.0,0.0,0.0,0.0,0.0,0.0,3165.0,14832680.0,0.0,0.0
036890,진성티이씨,코스닥,특수 목적용 기계 제조업,트랙롤라. 플로팅 씰,12300.0,79154.0,980676305.0,-1.600000023841858,59088340.0,4.269999980926514,30899.0,382614670.0,3664.0,43189815.0,-35636.0,-438957985.0,-2.0,-22990.0,0.0,0.0,-11683.0,-143802125.0,0.0,0.0,-23951.0,-295132870.0,0.0,0.0,234.0,2863050.0,839.0,10290450.0
363250,진시스템,코스닥,의료용 기기 제조업,분자진단기반 플랫폼 개발 및 제조·판매,4050.0,9580.0,38202908.0,1.1200000047683716,1024235.0,2.680000066757202,-2303.0,-9206138.0,1958.0,7843388.0,0.0,0.0,0.0,0.0,0.0,0.0,0.0,0.0,0.0,0.0,0.0,0.0,0.0,0.0,345.0,1362750.0,0.0,0.0
007370,진양제약,코스닥,의약품 제조업,"소부날, 옥티란",3990.0,17364.0,68571570.0,1.0099999904632568,19995.0,0.029999999329447746,-3652.0,-14449070.0,3652.0,14449070.0,0.0,0.0,0.0,0.0,0.0,0.0,0.0,0.0,0.0,0.0,0.0,0.0,0.0,0.0,0.0,0.0,0.0,0.0
285800,진영,코스닥,플라스틱제품 제조업,"가구용 ASA플라스틱 시트, 엣지밴드",733.0,214661.0,159424033.0,-0.6800000071525574,369981.0,0.23000000417232513,-4679.0,-3262852.0,2322.0,1531808.0,0.0,0.0,0.0,0.0,0.0,0.0,0.0,0.0,0.0,0.0,0.0,0.0,0.0,0.0,0.0,0.0,2357.0,1731044.0
085660,차바이오텍,코스닥,기초 의약물질 제조업,"세포치료제 개발, 제대혈 보관 등",8650.0,373828.0,3264517220.0,1.7599999904632568,535575055.0,12.90999984741211,58188.0,508882515.0,-82645.0,-725108445.0,22503.0,199322930.0,22201.0,196701770.0,33.0,289050.0,269.0,2332110.0,0.0,0.0,0.0,0.0,0.0,0.0,229.0,1953510.0,1725.0,14949490.0
351870,차이커뮤니케이션,코스닥,광고업,"광고대행, 광고물 작성",2040.0,54915.0,110810752.0,-2.630000114440918,0.0,0.0,1032.0,2576535.0,-2588.0,-5701340.0,803.0,1641185.0,803.0,1641185.0,0.0,0.0,0.0,0.0,0.0,0.0,0.0,0.0,0.0,0.0,750.0,1477500.0,3.0,6120.0
094850,참좋은여행,코스닥,여행사 및 기타 여행보조 서비스업,여행상품,4140.0,58979.0,247706165.0,-0.11999999731779099,211995.0,0.09000000357627869,-13152.0,-55291135.0,13607.0,57193035.0,-455.0,-1901900.0,-455.0,-1901900.0,0.0,0.0,0.0,0.0,0.0,0.0,0.0,0.0,0.0,0.0,0.0,0.0,0.0,0.0
004650,창해에탄올,코스닥,알코올음료 제조업,"주정(발효주정, 정제주정) 등",9370.0,18577.0,173214320.0,0.10999999940395355,624200.0,0.36000001430511475,4514.0,42071410.0,-7899.0,-73604400.0,3332.0,31040180.0,357.0,3280290.0,0.0,0.0,0.0,0.0,0.0,0.0,0.0,0.0,2975.0,27759890.0,0.0,0.0,53.0,492810.0
0011T0,채비,코스닥,"전동기, 발전기 및 전기 변환 · 공급 · 제어 장치 제조업","전기차 충전 서비스, 전기차 충전기",5030.0,97573.0,493515477.0,2.0299999713897705,3639795.0,0.7400000095367432,6538.0,33066352.0,-1627.0,-8308147.0,149.0,747945.0,0.0,0.0,0.0,0.0,0.0,0.0,0.0,0.0,0.0,0.0,149.0,747945.0,-1.0,-5040.0,-5059.0,-25501110.0
278280,천보,코스닥,기초 화학물질 제조업,"디스플레이 소재, 반도체 공정 소재, 2차전지 소재, 의약품 소재, 정밀화학 소재",36200.0,21064.0,764581800.0,1.1200000047683716,265703350.0,25.549999237060547,2571.0,91808700.0,-1345.0,-48167525.0,-1268.0,-45157625.0,-683.0,-23998125.0,-20.0,-721150.0,-555.0,-20078200.0,0.0,0.0,-9.0,-324150.0,0.0,0.0,47.0,1699200.0,-5.0,-182750.0
362320,청담글로벌,코스닥,생활용품 도매업,글로벌 화장품 유통,4715.0,87810.0,420957785.0,-2.7799999713897705,86290.0,0.019999999552965164,-9.0,259095.0,-1195.0,-6028350.0,0.0,0.0,0.0,0.0,0.0,0.0,0.0,0.0,0.0,0.0,0.0,0.0,0.0,0.0,115.0,589765.0,1089.0,5179490.0
013720,청보,코스닥,자동차 신품 부품 제조업,엔진부품,2390.0,12933.0,29639155.0,6.21999979019165,223820.0,0.7599999904632568,-3311.0,-7619140.0,3311.0,7619140.0,0.0,0.0,0.0,0.0,0.0,0.0,0.0,0.0,0.0,0.0,0.0,0.0,0.0,0.0,0.0,0.0,0.0,0.0
066360,체리부로,코스닥,"도축, 육류 가공 및 저장 처리업","육계, 사료",670.0,0.0,0.0,0.0,0.0,0.0,0.0,0.0,0.0,0.0,0.0,0.0,0.0,0.0,0.0,0.0,0.0,0.0,0.0,0.0,0.0,0.0,0.0,0.0,0.0,0.0,0.0,0.0
047820,초록뱀미디어,코스닥,"영화, 비디오물, 방송프로그램 제작 및 배급업",방송프로그램 제작 및 공급,3050.0,4027.0,12354287.0,-0.33000001311302185,1909875.0,15.460000038146973,-93.0,-288280.0,187.0,575235.0,-94.0,-286955.0,-94.0,-286955.0,0.0,0.0,0.0,0.0,0.0,0.0,0.0,0.0,0.0,0.0,0.0,0.0,0.0,0.0
291650,츌립앤사이언스,코스닥,자연과학 및 공학 연구개발업,압타머기반 신약개발 및 진단제품 개발,1990.0,65252.0,124551073.0,8.270000457763672,8312290.0,6.670000076293945,10575.0,20195343.0,-10575.0,-20200167.0,0.0,4824.0,0.0,4824.0,0.0,0.0,0.0,0.0,0.0,0.0,0.0,0.0,0.0,0.0,0.0,0.0,0.0,0.0
094360,칩스앤미디어,코스닥,반도체 제조업,비디오 IP,10730.0,30216.0,322527480.0,3.4700000286102295,33211835.0,6.050000190734863,-1817.0,-19398215.0,2121.0,22676615.0,1.0,10650.0,1.0,10650.0,0.0,0.0,0.0,0.0,0.0,0.0,0.0,0.0,0.0,0.0,-500.0,-5370000.0,195.0,2080950.0
0082N0,카나프테라퓨틱스,코스닥,자연과학 및 공학 연구개발업,항암제 및 안과 질환 치료제 개발,14920.0,87459.0,1319772510.0,0.27000001072883606,21430520.0,1.6200000047683716,-10277.0,-147668170.0,11235.0,165555360.0,215.0,13460.0,-30.0,-3897900.0,0.0,0.0,0.0,0.0,0.0,0.0,0.0,0.0,245.0,3911360.0,-1178.0,-17979600.0,5.0,78950.0
016920,카스,코스닥,기계장비 및 관련 물품 도매업,"전자저울,로드셀",1086.0,40032.0,42532478.0,-0.18000000715255737,380527.0,0.8899999856948853,12005.0,12813675.0,-11704.0,-12494959.0,0.0,-4158.0,0.0,-4158.0,0.0,0.0,0.0,0.0,0.0,0.0,0.0,0.0,0.0,0.0,624.0,659122.0,-925.0,-973680.0
284620,카이노스메드,코스닥,자연과학 및 공학 연구개발업,기업인수합병,1087.0,0.0,0.0,0.0,0.0,0.0,0.0,0.0,0.0,0.0,0.0,0.0,0.0,0.0,0.0,0.0,0.0,0.0,0.0,0.0,0.0,0.0,0.0,0.0,0.0,0.0,0.0,0.0
293490,카카오게임즈,코스닥,소프트웨어 개발 및 공급업,"모바일, PC게임 퍼블리싱",8970.0,338925.0,2976064540.0,1.3600000143051147,454327865.0,15.270000457763672,7311.0,50749445.0,-29430.0,-243917760.0,21392.0,187156315.0,16377.0,142369405.0,0.0,0.0,160.0,1403005.0,0.0,0.0,0.0,0.0,4855.0,43384225.0,303.0,2374570.0,424.0,3637430.0
140430,카티스,코스닥,"컴퓨터 프로그래밍, 시스템 통합 및 관리업",산업인프라 보안플랫폼,1805.0,44027.0,79242008.0,-1.9600000381469727,6864415.0,8.65999984741211,-1605.0,-2721976.0,2532.0,4381897.0,72.0,132624.0,72.0,132624.0,0.0,0.0,0.0,0.0,0.0,0.0,0.0,0.0,0.0,0.0,0.0,0.0,-999.0,-1792545.0
042000,카페24,코스닥,"자료처리, 호스팅, 포털 및 기타 인터넷 정보매개 서비스업","쇼핑몰솔루션, 광고솔루션, 호스팅솔루션",16900.0,40713.0,693115710.0,2.6700000762939453,218610920.0,23.920000076293945,-5423.0,-93709000.0,6296.0,107402680.0,-894.0,-14048340.0,-919.0,-14470410.0,-41.0,-694770.0,66.0,1116840.0,0.0,0.0,0.0,0.0,0.0,0.0,50.0,846500.0,-29.0,-491840.0
313760,캐리,코스닥,"전동기, 발전기 및 전기 변환 · 공급 · 제어 장치 제조업",태양광 인버터 등,468.0,0.0,0.0,0.0,0.0,0.0,0.0,0.0,0.0,0.0,0.0,0.0,0.0,0.0,0.0,0.0,0.0,0.0,0.0,0.0,0.0,0.0,0.0,0.0,0.0,0.0,0.0,0.0
071850,캐스텍코리아,코스닥,자동차 신품 부품 제조업,자동차용 터보차저 부품,1337.0,309.0,412853.0,0.0,2672.0,0.6499999761581421,-85.0,-113572.0,85.0,113572.0,0.0,0.0,0.0,0.0,0.0,0.0,0.0,0.0,0.0,0.0,0.0,0.0,0.0,0.0,0.0,0.0,0.0,0.0
198080,캐프,코스닥,전자부품 제조업,"스마트폰 OLED용 FPCA, 차량용 와이퍼",2185.0,40140.0,86863955.0,1.3899999856948853,34880.0,0.03999999910593033,2678.0,5792233.0,-1952.0,-4247888.0,-726.0,-1544345.0,-726.0,-1544345.0,0.0,0.0,0.0,0.0,0.0,0.0,0.0,0.0,0.0,0.0,0.0,0.0,0.0,0.0
210120,캔버스엔,코스닥,"영화, 비디오물, 방송프로그램 제작 및 배급업","방송영상 제작, 공급",1992.0,329582.0,588108744.0,0.05000000074505806,0.0,0.0,-10740.0,-16454395.0,31507.0,55889931.0,3.0,5609.0,3.0,5609.0,0.0,0.0,0.0,0.0,0.0,0.0,0.0,0.0,0.0,0.0,1.0,1622.0,-20771.0,-39442767.0
050110,캠시스,코스닥,전자부품 제조업,휴대폰용 카메라모듈,1050.0,103691.0,108702491.0,1.159999966621399,484429.0,0.44999998807907104,-4049.0,-4206506.0,3738.0,3886417.0,0.0,0.0,0.0,0.0,0.0,0.0,0.0,0.0,0.0,0.0,0.0,0.0,0.0,0.0,0.0,0.0,311.0,320089.0
452300,캡스톤파트너스,코스닥,기타 금융업,벤처투자조합 등 조합 결성 및 운영,2225.0,28385.0,62224652.0,0.44999998807907104,414595.0,0.6700000166893005,7157.0,15848227.0,-7313.0,-16193362.0,0.0,0.0,0.0,0.0,0.0,0.0,0.0,0.0,0.0,0.0,0.0,0.0,0.0,0.0,11.0,23960.0,145.0,321175.0
451760,컨텍,코스닥,"컴퓨터 프로그래밍, 시스템 통합 및 관리업","지상국 시스템 엔지니어링 솔루션, 위성영상 생성을 위한 데이터처리 솔루션",7520.0,68744.0,516762215.0,0.6700000166893005,8404040.0,1.6299999952316284,13591.0,102166795.0,-11922.0,-89938585.0,1267.0,9537590.0,1267.0,9537590.0,0.0,0.0,0.0,0.0,0.0,0.0,0.0,0.0,0.0,0.0,-3000.0,-22258970.0,64.0,493170.0
900310,컬러레이,코스닥,기타 금융업,화장품용 진주광택안료,2050.0,4551.0,9280070.0,2.240000009536743,0.0,0.0,-2544.0,-5173810.0,2544.0,5173810.0,0.0,0.0,0.0,0.0,0.0,0.0,0.0,0.0,0.0,0.0,0.0,0.0,0.0,0.0,0.0,0.0,0.0,0.0
078340,컴투스,코스닥,소프트웨어 개발 및 공급업,모바일게임,32250.0,43266.0,1387166650.0,-0.7699999809265137,217484400.0,12.890000343322754,3785.0,120741650.0,-4851.0,-155572925.0,1067.0,34874475.0,2606.0,84076300.0,0.0,0.0,-913.0,-29132675.0,0.0,0.0,0.0,0.0,-626.0,-20069150.0,-1.0,-43200.0,0.0,0.0
291230,컴투스엔,코스닥,기타 사업지원 서비스업,"브랜드 익스피어리언스, XR 콘텐츠, 메타버스",2320.0,44503.0,103377033.0,0.4300000071525574,0.0,0.0,11986.0,27858675.0,-11986.0,-27858675.0,0.0,0.0,0.0,0.0,0.0,0.0,0.0,0.0,0.0,0.0,0.0,0.0,0.0,0.0,0.0,0.0,0.0,0.0
063080,컴투스홀딩스,코스닥,소프트웨어 개발 및 공급업,모바일게임,12790.0,11045.0,143746840.0,3.6500000953674316,2265750.0,1.5800000429153442,799.0,10342680.0,-793.0,-10266370.0,-6.0,-76310.0,-6.0,-76310.0,0.0,0.0,0.0,0.0,0.0,0.0,0.0,0.0,0.0,0.0,0.0,0.0,0.0,0.0
307930,컴퍼니케이,코스닥,기타 금융업,중소 벤처기업 투자,6340.0,64144.0,408501700.0,1.600000023841858,3203340.0,0.7799999713897705,4371.0,27573930.0,-4380.0,-27631190.0,0.0,0.0,0.0,0.0,0.0,0.0,0.0,0.0,0.0,0.0,0.0,0.0,0.0,0.0,0.0,0.0,9.0,57260.0
079190,케스피온,코스닥,통신 및 방송 장비 제조업,휴대폰안테나,1309.0,549485.0,716755080.0,-4.940000057220459,0.0,0.0,-37702.0,-47406141.0,37288.0,46868993.0,0.0,0.0,0.0,0.0,0.0,0.0,0.0,0.0,0.0,0.0,0.0,0.0,0.0,0.0,0.0,0.0,414.0,537148.0
263700,케어랩스,코스닥,광고업,"헬스케어 미디어플랫폼, 헬스케어 디지털마케팅, 헬스케어 솔루션",1888.0,13992.0,26583214.0,-0.1599999964237213,0.0,0.0,1833.0,3463866.0,-1836.0,-3469656.0,3.0,5790.0,3.0,5790.0,0.0,0.0,0.0,0.0,0.0,0.0,0.0,0.0,0.0,0.0,0.0,0.0,0.0,0.0
214370,케어젠,코스닥,기초 의약물질 제조업,"성장인자, 바이오미메틱펩타이드 기반 안면, 두피, 바디 코스메슈티컬 제품",54000.0,146628.0,7796565700.0,0.0,479771700.0,4.409999847412109,13187.0,680464500.0,10022.0,522030600.0,-25265.0,-1344586700.0,7840.0,422941450.0,-9.0,-489000.0,-33954.0,-1813323750.0,0.0,0.0,-4.0,-215400.0,863.0,46553800.0,2040.0,141266100.0,16.0,825500.0
221980,케이디켐,코스닥,기타 화학제품 제조업,PVC 안정제,9450.0,21.0,198210.0,0.0,0.0,0.0,2.0,18740.0,-2.0,-18740.0,0.0,0.0,0.0,0.0,0.0,0.0,0.0,0.0,0.0,0.0,0.0,0.0,0.0,0.0,0.0,0.0,0.0,0.0
038530,케이바이오랩스,코스닥,생활용품 도매업,"실험용 시약, 과학기자재 등",995.0,187984.0,195070037.0,-4.230000019073486,0.0,0.0,-43826.0,-47780872.0,-17539.0,-18480858.0,-635.0,-689803.0,-635.0,-689803.0,0.0,0.0,0.0,0.0,0.0,0.0,0.0,0.0,0.0,0.0,62000.0,66951533.0,0.0,0.0
192250,케이사인,코스닥,소프트웨어 개발 및 공급업,기타/미분류,7540.0,14669.0,111603990.0,1.6200000047683716,84590.0,0.07999999821186066,-165.0,-1071670.0,355.0,2542270.0,-190.0,-1470600.0,-190.0,-1470600.0,0.0,0.0,0.0,0.0,0.0,0.0,0.0,0.0,0.0,0.0,0.0,0.0,0.0,0.0
431190,케이쓰리아이,코스닥,소프트웨어 개발 및 공급업,XR 실감형콘텐츠,3000.0,45393.0,134258170.0,7.329999923706055,102930.0,0.07999999821186066,-9199.0,-26951130.0,9199.0,26956135.0,0.0,-5005.0,0.0,-5005.0,0.0,0.0,0.0,0.0,0.0,0.0,0.0,0.0,0.0,0.0,0.0,0.0,0.0,0.0
115500,케이씨에스,코스닥,"컴퓨터 프로그래밍, 시스템 통합 및 관리업",컴퓨터시스템 통합 구축 및 철도 도로 교통인프라,9000.0,44038.0,391021265.0,3.0899999141693115,5204500.0,1.3300000429153442,-7274.0,-64356995.0,7274.0,64386595.0,0.0,-29590.0,0.0,-29590.0,0.0,0.0,0.0,0.0,0.0,0.0,0.0,0.0,0.0,0.0,0.0,0.0,0.0,-10.0
089150,케이씨티,코스닥,"컴퓨터 프로그래밍, 시스템 통합 및 관리업","금융단말시스템,복표발매기,마권발매기",1853.0,13381.0,24631757.0,3.2300000190734863,3671.0,0.009999999776482582,-3965.0,-7312086.0,3964.0,7310249.0,1.0,1837.0,1.0,1837.0,0.0,0.0,0.0,0.0,0.0,0.0,0.0,0.0,0.0,0.0,0.0,0.0,0.0,0.0
025880,케이씨피드,코스닥,동물용 사료 및 조제식품 제조업,사료,2390.0,98793.0,235056039.0,0.0,65245.0,0.029999999329447746,-8372.0,-19858240.0,13639.0,32406845.0,0.0,0.0,0.0,0.0,0.0,0.0,0.0,0.0,0.0,0.0,0.0,0.0,0.0,0.0,-5267.0,-12548605.0,0.0,0.0
093320,케이아이엔엑스,코스닥,"자료처리, 호스팅, 포털 및 기타 인터넷 정보매개 서비스업",인터넷연동서비스 등,143200.0,5537.0,787104600.0,0.9200000166893005,51356400.0,5.110000133514404,115.0,16061200.0,-1503.0,-214619400.0,1238.0,177456000.0,-44.0,-5817400.0,-5.0,-716000.0,1287.0,183989400.0,0.0,0.0,0.0,0.0,0.0,0.0,38.0,5335900.0,112.0,15766300.0
093640,케이알엠,코스닥,반도체 제조업,멀티미디어반도체,4235.0,21359.0,89993676.0,-0.11999999731779099,1997537.0,2.2200000286102295,4162.0,17548272.0,-4184.0,-17640942.0,0.0,0.0,0.0,0.0,0.0,0.0,0.0,0.0,0.0,0.0,0.0,0.0,0.0,0.0,20.0,84200.0,2.0,8470.0
487400,케이앤에스아이앤씨,코스닥,통신 및 방송 장비 제조업,"군용 위성통신안테나(잠수함용, 수상함용, 무인항공기용 등), 해상용 위성통신안테나(VSAT, TVRO), ESA 평판안테나",12400.0,2116530.0,26264564880.0,5.260000228881836,0.0,0.0,-99449.0,-1232112990.0,99499.0,1235025715.0,-361.0,-4463280.0,-16.0,-187860.0,0.0,0.0,-9.0,-109050.0,0.0,0.0,0.0,0.0,-336.0,-4166370.0,80.0,975290.0,231.0,575265.0
073010,케이에스피,코스닥,일반 목적용 기계 제조업,"선박용엔진밸브,형단조품",2970.0,167427.0,495457449.0,2.4100000858306885,9520440.0,1.9199999570846558,-69602.0,-205132932.0,69450.0,204708267.0,0.0,-31950.0,0.0,-31950.0,0.0,0.0,0.0,0.0,0.0,0.0,0.0,0.0,0.0,0.0,6.0,17560.0,146.0,439055.0
105330,케이엔더블유,코스닥,자동차 신품 부품 제조업,"Blanket, DOF, 보호필름",6600.0,9092.0,59930860.0,-1.0499999523162842,2485840.0,4.150000095367432,1728.0,11421670.0,-1728.0,-11421670.0,0.0,0.0,0.0,0.0,0.0,0.0,0.0,0.0,0.0,0.0,0.0,0.0,0.0,0.0,0.0,0.0,0.0,0.0
053080,케이엔솔,코스닥,일반 목적용 기계 제조업,클린룸 설비,9650.0,120692.0,1174682980.0,-1.0299999713897705,11556435.0,0.9800000190734863,-3382.0,-31832020.0,3530.0,33285640.0,0.0,0.0,0.0,0.0,0.0,0.0,0.0,0.0,0.0,0.0,0.0,0.0,0.0,0.0,0.0,-120.0,-148.0,-1453500.0
199430,케이엔알시스템,코스닥,"측정, 시험, 항해, 제어 및 기타 정밀기기 제조업; 광학기기 제외","특수목적 시험장비, 산업용로봇",13970.0,47587.0,663454105.0,0.6499999761581421,25192490.0,2.4000000953674316,-7164.0,-99253160.0,7377.0,102248960.0,0.0,110.0,0.0,110.0,0.0,0.0,0.0,0.0,0.0,0.0,0.0,0.0,0.0,0.0,-128.0,-1807360.0,-85.0,-1188550.0
432470,케이엔에스,코스닥,특수 목적용 기계 제조업,이차전지 자동화 설비,8520.0,1527952.0,14383168365.0,10.649999618530273,23860810.0,0.17000000178813934,72483.0,692269110.0,-70253.0,-670156995.0,0.0,-24560.0,0.0,-24560.0,0.0,0.0,0.0,0.0,0.0,0.0,0.0,0.0,0.0,0.0,-3044.0,-29401685.0,814.0,7314130.0
272110,케이엔제이,코스닥,반도체 제조업,"Edge Grinder, CVD-SiC Ring",25400.0,39945.0,1011474925.0,1.2000000476837158,13008950.0,1.2899999618530273,7119.0,179937250.0,-14279.0,-361372700.0,6383.0,161854350.0,-61.0,-1562100.0,0.0,0.0,0.0,0.0,0.0,0.0,0.0,0.0,6444.0,163416450.0,627.0,15808600.0,150.0,3772500.0
039420,케이엘넷,코스닥,전기 통신업,EC/EDI,2690.0,34434.0,93524162.0,-2.0,592205.0,0.6299999952316284,10047.0,27319548.0,4953.0,13306995.0,-15000.0,-40626543.0,0.0,0.0,0.0,0.0,-15000.0,-40626543.0,0.0,0.0,0.0,0.0,0.0,0.0,0.0,0.0,0.0,0.0
083550,케이엠,코스닥,기타 섬유제품 제조업,클린룸용Wiper,3215.0,15022.0,48812350.0,-0.46000000834465027,2107340.0,4.320000171661377,1406.0,4535310.0,-1376.0,-4438260.0,0.0,0.0,0.0,0.0,0.0,0.0,0.0,0.0,0.0,0.0,0.0,0.0,0.0,0.0,-30.0,-97050.0,0.0,0.0
032500,케이엠더블유,코스닥,통신 및 방송 장비 제조업,RF 부품 및 중계기,15500.0,90513.0,1407293450.0,1.5099999904632568,427730670.0,22.739999771118164,-11578.0,-180625505.0,10784.0,167012000.0,3579.0,57006360.0,3497.0,55733765.0,-20.0,-309895.0,102.0,1582490.0,0.0,0.0,0.0,0.0,0.0,0.0,-2795.0,-43548355.0,10.0,155500.0
225430,케이엠제약,코스닥,기타 화학제품 제조업,"구강제품, 화장품,기타 생활용품",1690.0,40909.0,69375112.0,0.47999998927116394,4232930.0,6.099999904632568,-13942.0,-23782871.0,-6919.0,-11794871.0,0.0,0.0,0.0,0.0,0.0,0.0,0.0,0.0,0.0,0.0,0.0,0.0,0.0,0.0,20761.0,35408842.0,100.0,168900.0
102370,케이옥션,코스닥,상품 중개업,미술품 경매 및 판매,3190.0,62435.0,195901952.0,5.110000133514404,3731765.0,1.899999976158142,-9017.0,-29137375.0,3616.0,11235320.0,1.0,-1630.0,1.0,-1630.0,0.0,0.0,0.0,0.0,0.0,0.0,0.0,0.0,0.0,0.0,5400.0,17903685.0,0.0,0.0
068100,케이웨더,코스닥,일반 목적용 기계 제조업,"공기개선솔루션, 기상데이터, 공기측정솔루션 등",2345.0,8072.0,18668267.0,0.0,222745.0,1.190000057220459,-5174.0,-11970673.0,-314.0,-725122.0,0.0,0.0,0.0,0.0,0.0,0.0,0.0,0.0,0.0,0.0,0.0,0.0,0.0,0.0,5488.0,12695795.0,0.0,0.0
106080,케이이엠텍,코스닥,전자부품 제조업,"IR필터 및 이차전지 부품(Can, Cap Ass'y)",1650.0,0.0,0.0,0.0,0.0,0.0,0.0,0.0,0.0,0.0,0.0,0.0,0.0,0.0,0.0,0.0,0.0,0.0,0.0,0.0,0.0,0.0,0.0,0.0,0.0,0.0,0.0,0.0
455180,케이지에이,코스닥,특수 목적용 기계 제조업,"2차전지 전극장비 (코터, 프레스, 슬리터), 덕트자동화 장비",1355.0,68775.0,89976400.0,-0.5899999737739563,51163.0,0.05999999865889549,28560.0,37266676.0,-3456.0,-4520065.0,0.0,54924.0,0.0,54924.0,0.0,0.0,0.0,0.0,0.0,0.0,0.0,0.0,0.0,0.0,-25104.0,-32799603.0,0.0,-1932.0
036030,케이티알파,코스닥,상품 중개업,"커머스, 콘텐츠, ICT",4760.0,34193.0,161809225.0,-0.6299999952316284,0.0,0.0,19304.0,91423170.0,-7754.0,-36755535.0,-11550.0,-54667635.0,-3050.0,-14608315.0,0.0,0.0,-8500.0,-40059320.0,0.0,0.0,0.0,0.0,0.0,0.0,0.0,0.0,0.0,0.0
064820,케이프,코스닥,선박 및 보트 건조업,선박엔진용실린더라이너,7840.0,36594.0,286823560.0,0.5099999904632568,69088770.0,14.0600004196167,10924.0,85556530.0,-11289.0,-88411830.0,-18.0,-141020.0,-18.0,-141020.0,0.0,0.0,0.0,0.0,0.0,0.0,0.0,0.0,0.0,0.0,0.0,0.0,383.0,2996320.0
024880,케이피에프,코스닥,기타 금속 가공제품 제조업,볼트류,3930.0,70303.0,272298468.0,1.2899999618530273,2274060.0,0.8399999737739563,-14674.0,-56537742.0,-19130.0,-74066818.0,-206.0,-799340.0,-27.0,-106110.0,0.0,0.0,0.0,0.0,0.0,0.0,0.0,0.0,-179.0,-693230.0,33945.0,131153250.0,65.0,250650.0
042040,케이피엠테크,코스닥,기타 전문 도매업,"표면처리약품, 전자동 도금설비",4710.0,25143.0,121283207.0,-1.7699999809265137,253115.0,0.20999999344348907,1389.0,6771360.0,-2365.0,-11409495.0,976.0,4638135.0,976.0,4638135.0,0.0,0.0,0.0,0.0,0.0,0.0,0.0,0.0,0.0,0.0,0.0,0.0,0.0,0.0
054410,케이피티유,코스닥,"섬유, 의복, 신발 및 가죽제품 소매업","Vacuum Treatment, Plasma Surface Treatment",3475.0,1304.0,4532530.0,-0.5699999928474426,20625.0,0.46000000834465027,83.0,288615.0,-83.0,-288615.0,0.0,0.0,0.0,0.0,0.0,0.0,0.0,0.0,0.0,0.0,0.0,0.0,0.0,0.0,0.0,0.0,0.0,0.0
288180,케이피항공산업,코스닥,"항공기,우주선 및 부품 제조업",항공기 및 우주 방산 구조물 제작,8330.0,29114.0,239872775.0,-2.0,6713720.0,2.799999952316284,3260.0,27347020.0,-3260.0,-27335320.0,0.0,-11700.0,0.0,-11700.0,0.0,0.0,0.0,0.0,0.0,0.0,0.0,0.0,0.0,0.0,0.0,0.0,0.0,0.0
258610,케일럼,코스닥,"구조용 금속제품, 탱크 및 증기발생기 제조업","지열발전설비, 항공기MRO, 항공부품제조",1183.0,43720.0,51655684.0,1.6299999952316284,137590.0,0.27000001072883606,5838.0,6843461.0,-5838.0,-6843461.0,0.0,0.0,0.0,0.0,0.0,0.0,0.0,0.0,0.0,0.0,0.0,0.0,0.0,0.0,0.0,0.0,0.0,0.0
274090,켄코아에어로스페이스,코스닥,"항공기,우주선 및 부품 제조업",항공가공품 및 조립품,10900.0,66324.0,719660490.0,0.8299999833106995,18866430.0,2.619999885559082,-5226.0,-57109320.0,3697.0,40457160.0,1306.0,14231120.0,1306.0,14231120.0,0.0,0.0,0.0,0.0,0.0,0.0,0.0,0.0,0.0,0.0,30.0,327300.0,193.0,2093740.0
089010,켐트로닉스,코스닥,기타 화학제품 제조업,"Touch IC 및 PBA, TG, EMC",22600.0,42877.0,961737725.0,2.259999990463257,36740500.0,2.3399999141693115,-299.0,-6696125.0,179.0,3990125.0,121.0,2728350.0,121.0,2728350.0,0.0,0.0,0.0,0.0,0.0,0.0,0.0,0.0,0.0,0.0,0.0,0.0,-1.0,-22350.0
220260,켐트로스,코스닥,기타 화학제품 제조업,기타화학제품 제조업,3860.0,50737.0,199088325.0,-1.909999966621399,597380.0,0.30000001192092896,1736.0,6731445.0,-1747.0,-6769530.0,6.0,18785.0,6.0,18785.0,0.0,0.0,0.0,0.0,0.0,0.0,0.0,0.0,0.0,0.0,0.0,0.0,5.0,19300.0
052400,코나아이,코스닥,소프트웨어 개발 및 공급업,"전자화폐, 단말기, 수집/정산시스템",40500.0,48847.0,1973846900.0,3.9800000190734863,82754250.0,2.4700000286102295,-17180.0,-694477900.0,15250.0,616651750.0,1895.0,76442150.0,2261.0,91249050.0,-45.0,-1828650.0,-321.0,-12978250.0,0.0,0.0,0.0,0.0,0.0,0.0,35.0,1384000.0,0.0,0.0
402030,코난테크놀로지,코스닥,소프트웨어 개발 및 공급업,"소프트웨어(인공지능,빅데이터,자연어처리,검색엔진,대화형챗봇,음성합성,음성인식) 연구개발 및 공급, 정보통신서비스",13660.0,15895.0,215889220.0,2.0199999809265137,5581010.0,1.1200000047683716,-7423.0,-100749955.0,7217.0,97991915.0,13.0,135370.0,-24.0,-360940.0,37.0,496310.0,0.0,0.0,0.0,0.0,0.0,0.0,0.0,0.0,195.0,2650070.0,-2.0,-27400.0
391710,코닉오토메이션,코스닥,특수 목적용 기계 제조업,금융 지원 서비스(SPAC),1206.0,23666.0,28768530.0,-0.8199999928474426,4876.0,0.019999999552965164,1141.0,1414854.0,-1141.0,-1414854.0,0.0,0.0,0.0,0.0,0.0,0.0,0.0,0.0,0.0,0.0,0.0,0.0,0.0,0.0,0.0,0.0,0.0,0.0
046070,코다코,코스닥,자동차 신품 부품 제조업,"Oil Pump, Throttle Body",10280.0,0.0,0.0,0.0,0.0,0.0,0.0,0.0,0.0,0.0,0.0,0.0,0.0,0.0,0.0,0.0,0.0,0.0,0.0,0.0,0.0,0.0,0.0,0.0,0.0,0.0,0.0,0.0
047770,코데즈컴바인,코스닥,봉제의복 제조업,패션의류,3515.0,2956526.0,10278255307.0,-3.299999952316284,105969590.0,1.0299999713897705,-144904.0,-497061841.0,147425.0,509507219.0,0.0,-6875.0,0.0,-6875.0,0.0,0.0,0.0,0.0,0.0,0.0,0.0,0.0,0.0,0.0,-1000.0,-7031968.0,-1521.0,-5406535.0
080530,코디,코스닥,기타 화학제품 제조업,화장품 및 용기 제조,2620.0,8706.0,21211145.0,11.25,0.0,0.0,784.0,1999345.0,-920.0,-2348145.0,0.0,1765.0,0.0,1765.0,0.0,0.0,0.0,0.0,0.0,0.0,0.0,0.0,0.0,0.0,0.0,0.0,136.0,347035.0
104540,코렌텍,코스닥,의료용 기기 제조업,"인공고관절, 인공슬관절 등",4080.0,5748.0,23396205.0,0.11999999731779099,724680.0,3.0999999046325684,2586.0,10538345.0,-2587.0,-10542445.0,0.0,0.0,0.0,0.0,0.0,0.0,0.0,0.0,0.0,0.0,0.0,0.0,0.0,0.0,1.0,4100.0,0.0,0.0
027050,코리아나,코스닥,기타 화학제품 제조업,화장품,1377.0,35859.0,50041865.0,-0.15000000596046448,66375.0,0.12999999523162842,10913.0,15254593.0,-10913.0,-15254593.0,0.0,0.0,0.0,0.0,0.0,0.0,0.0,0.0,0.0,0.0,0.0,0.0,0.0,0.0,0.0,0.0,0.0,0.0
190650,코리아에셋투자증권,코스닥,금융 지원 서비스업,"IB금융자문, 채권인수 및 매매, 투자중개, 펀드운용 등",6870.0,4160.0,28418260.0,1.7799999713897705,0.0,0.0,-117.0,-827500.0,117.0,827500.0,0.0,0.0,0.0,0.0,0.0,0.0,0.0,0.0,0.0,0.0,0.0,0.0,0.0,0.0,0.0,0.0,0.0,0.0
123410,코리아에프티,코스닥,자동차 신품 부품 제조업,"캐니스터,플라스틱필러넥,의장부품",5530.0,59955.0,331337280.0,0.18000000715255737,1966940.0,0.5899999737739563,8798.0,48820355.0,-30179.0,-166974115.0,21377.0,118145960.0,21377.0,118145960.0,0.0,0.0,0.0,0.0,0.0,0.0,0.0,0.0,0.0,0.0,0.0,-14080.0,4.0,21880.0
036690,코맥스,코스닥,통신 및 방송 장비 제조업,"홈네트워크시스템,CCTV 방송설비",2885.0,0.0,0.0,0.0,0.0,0.0,0.0,0.0,0.0,0.0,0.0,0.0,0.0,0.0,0.0,0.0,0.0,0.0,0.0,0.0,0.0,0.0,0.0,0.0,0.0,0.0,0.0,0.0
049430,코메론,코스닥,"측정, 시험, 항해, 제어 및 기타 정밀기기 제조업; 광학기기 제외","줄자, 냉간압연",20200.0,24222.0,491902625.0,-4.269999980926514,20134000.0,4.090000152587891,5291.0,107768175.0,-5697.0,-116013475.0,406.0,8245300.0,406.0,8245300.0,0.0,0.0,0.0,0.0,0.0,0.0,0.0,0.0,0.0,0.0,0.0,0.0,0.0,0.0
183300,코미코,코스닥,특수 목적용 기계 제조업,반도체 부품 세정 및 코팅,54400.0,0.0,0.0,0.0,0.0,0.0,0.0,0.0,0.0,0.0,0.0,0.0,0.0,0.0,0.0,0.0,0.0,0.0,0.0,0.0,0.0,0.0,0.0,0.0,0.0,0.0,0.0,0.0
041960,코미팜,코스닥,의약품 제조업,동물약품,9740.0,617077.0,6001880995.0,4.730000019073486,177825030.0,2.9600000381469727,-27788.0,-278931945.0,44476.0,440281965.0,5458.0,53922130.0,1637.0,16178270.0,0.0,0.0,1337.0,13208560.0,0.0,0.0,0.0,0.0,2484.0,24535300.0,-21286.0,-206851470.0,-860.0,-8420680.0
089890,코세스,코스닥,특수 목적용 기계 제조업,반도체SolderBall부착장비등,24500.0,370991.0,8745360425.0,10.109999656677246,7449250.0,0.07000000029802322,102965.0,2223692850.0,79593.0,1942473250.0,-44813.0,-1086121500.0,-1337.0,-32851250.0,0.0,0.0,-25304.0,-608126000.0,0.0,0.0,-16142.0,-395398050.0,-1608.0,-39380050.0,-141703.0,-3175483150.0,3958.0,95438550.0
360350,코셈,코스닥,"측정, 시험, 항해, 제어 및 기타 정밀기기 제조업; 광학기기 제외",주사전자현미경(SEM),6320.0,7172.0,45125640.0,1.2799999713897705,0.0,0.0,-1606.0,-9998030.0,1606.0,10010840.0,0.0,-12810.0,0.0,-12810.0,0.0,0.0,0.0,0.0,0.0,0.0,0.0,0.0,0.0,0.0,0.0,0.0,0.0,0.0
082660,코스나인,코스닥,기타 화학제품 제조업,화장품,480.0,0.0,0.0,0.0,0.0,0.0,0.0,0.0,0.0,0.0,0.0,0.0,0.0,0.0,0.0,0.0,0.0,0.0,0.0,0.0,0.0,0.0,0.0,0.0,0.0,0.0,0.0,0.0
043710,코스리거글로벌,코스닥,기타 전문 도매업,의약품 도매 및 화장품 도소매,3260.0,6724.0,22276315.0,-6.860000133514404,13480.0,0.05999999865889549,-566.0,-1846355.0,566.0,1846355.0,0.0,0.0,0.0,0.0,0.0,0.0,0.0,0.0,0.0,0.0,0.0,0.0,0.0,0.0,0.0,0.0,0.0,0.0
222040,코스맥스엔비티,코스닥,기타 식품 제조업,건강기능식품,8200.0,365424.0,2912043350.0,2.759999990463257,54783660.0,1.8799999952316284,62292.0,509438340.0,-70050.0,-573377505.0,2133.0,17643930.0,1139.0,9271330.0,0.0,0.0,-430.0,-3404720.0,0.0,0.0,0.0,0.0,1424.0,11777320.0,5673.0,46645805.0,-48.0,-350570.0
241710,코스메카코리아,코스닥,기타 화학제품 제조업,"화장품 OEM, ODM",137200.0,176449.0,23568917100.0,11.0,563133700.0,1.7699999809265137,3541.0,504794350.0,-46832.0,-6290362800.0,42978.0,5744241150.0,9033.0,1208340800.0,-412.0,-55741850.0,4284.0,571622200.0,0.0,0.0,-8348.0,-1123176100.0,38421.0,5143196100.0,259.0,34110300.0,54.0,7217000.0
439960,코스모로보틱스,코스닥,의료용 기기 제조업,웨어러블 로봇,14670.0,879119.0,12965321830.0,-0.27000001072883606,168884680.0,1.2999999523162842,-21013.0,-315590370.0,57709.0,855703970.0,-4559.0,-66935815.0,-1109.0,-16319680.0,0.0,0.0,665.0,9788085.0,0.0,0.0,0.0,0.0,-3218.0,-47282140.0,-32217.0,-474508950.0,80.0,1331165.0
355150,코스텍시스,코스닥,반도체 제조업,RF PKG. Spacer,20850.0,95873.0,2009398775.0,7.139999866485596,23338060.0,1.159999966621399,-3956.0,-79396940.0,-2178.0,-51842725.0,634.0,13323615.0,4.0,82950.0,0.0,0.0,268.0,5632140.0,0.0,0.0,362.0,7608525.0,0.0,0.0,5500.0,117916050.0,0.0,0.0
166480,코아스템켐온,코스닥,의약품 제조업,줄기세포 치료제,2015.0,45789.0,92041043.0,2.809999942779541,706072.0,0.7699999809265137,-427.0,-965527.0,427.0,969822.0,0.0,-4295.0,0.0,-4295.0,0.0,0.0,0.0,0.0,0.0,0.0,0.0,0.0,0.0,0.0,0.0,0.0,0.0,0.0
045970,코아시아,코스닥,전자부품 제조업,LED패키지,3020.0,43846.0,131644909.0,3.4200000762939453,13246035.0,10.0600004196167,4597.0,13770592.0,-14606.0,-43834492.0,10000.0,30037020.0,0.0,0.0,0.0,0.0,0.0,0.0,0.0,0.0,0.0,0.0,10000.0,30037020.0,0.0,0.0,9.0,26880.0
196450,코아시아씨엠,코스닥,사진장비 및 광학기기 제조업,휴대폰용카메라렌즈모듈제조,790.0,81795.0,63255316.0,1.2799999713897705,95217.0,0.15000000596046448,4878.0,3782270.0,-4878.0,-3782270.0,0.0,0.0,0.0,0.0,0.0,0.0,0.0,0.0,0.0,0.0,0.0,0.0,0.0,0.0,0.0,0.0,0.0,0.0
384470,코어라인소프트,코스닥,소프트웨어 개발 및 공급업,의료영상 진단보조 솔루션,2690.0,22574.0,59838085.0,0.1899999976158142,2437645.0,4.070000171661377,3618.0,9617915.0,-3618.0,-9617915.0,0.0,0.0,0.0,0.0,0.0,0.0,0.0,0.0,0.0,0.0,0.0,0.0,0.0,0.0,0.0,0.0,0.0,0.0
102940,코오롱생명과학,코스닥,기초 의약물질 제조업,"항균제, 수처리제, 원료의약 등",15840.0,380682.0,6150601420.0,-7.849999904632568,116368890.0,1.2999999523162842,76825.0,1236100265.0,-80611.0,-1302456525.0,3172.0,56561140.0,3172.0,56561140.0,0.0,0.0,0.0,0.0,0.0,0.0,0.0,0.0,0.0,0.0,660.0,10722600.0,-46.0,-927480.0
950160,코오롱티슈진,코스닥,기초 의약물질 제조업,골관절염 치료제,21650.0,8164818.0,179402972255.0,-16.40999984741211,1625432825.0,0.9100000262260437,-75244.0,-738715410.0,74968.0,742088485.0,3944.0,93698875.0,-3526.0,-77004700.0,0.0,0.0,2857.0,63524925.0,0.0,0.0,0.0,0.0,6362.0,145982700.0,-6343.0,-142799390.0,2675.0,45727440.0
056360,코위버,코스닥,통신 및 방송 장비 제조업,"가입가계 가입자계 광단국장치,SONs-51,OMS-155M,OCSU,E2 가입자 전송장비,SDS-2500 등",5320.0,21719.0,116886540.0,0.0,2512100.0,2.1500000953674316,659.0,3559890.0,-699.0,-3767700.0,40.0,207810.0,40.0,207810.0,0.0,0.0,0.0,0.0,0.0,0.0,0.0,0.0,0.0,0.0,0.0,0.0,0.0,0.0
282880,코윈테크,코스닥,특수 목적용 기계 제조업,"공정자동화설비(2차전지,석유화학,반도체,디스플레이)",9840.0,28214.0,278340775.0,0.3100000023841858,169690.0,0.05999999865889549,2824.0,27914020.0,-2825.0,-27924170.0,0.0,600.0,0.0,600.0,0.0,0.0,0.0,0.0,0.0,0.0,0.0,0.0,0.0,0.0,1.0,9550.0,0.0,0.0
121850,코이즈,코스닥,플라스틱제품 제조업,"보호필름, 도광판, 백코팅",852.0,528183.0,443044787.0,-12.699999809265137,0.0,0.0,-74112.0,-61536434.0,77030.0,64322692.0,0.0,0.0,0.0,0.0,0.0,0.0,0.0,0.0,0.0,0.0,0.0,0.0,0.0,0.0,50.0,40850.0,-2968.0,-2827108.0
448710,코츠테크놀로지,코스닥,컴퓨터 및 주변장치 제조업,"싱글보드컴퓨터(SBC), 군용 전시기 등",11640.0,34277.0,393328630.0,3.369999885559082,2670460.0,0.6800000071525574,-490.0,-5466450.0,1072.0,12144000.0,-610.0,-6996810.0,0.0,0.0,0.0,0.0,0.0,0.0,0.0,0.0,0.0,0.0,-610.0,-6996810.0,-72.0,-834960.0,100.0,1154220.0
126730,코칩,코스닥,전자부품 제조업,소형 및 초소형 슈퍼커패시터,19410.0,428889.0,8656809465.0,-3.9100000858306885,17479150.0,0.20000000298023224,-17883.0,-342838380.0,18114.0,347298220.0,0.0,-4830.0,0.0,-4830.0,0.0,0.0,0.0,0.0,0.0,0.0,0.0,0.0,0.0,0.0,100.0,1991760.0,-331.0,-6446770.0
015710,코콤,코스닥,통신 및 방송 장비 제조업,비디오도어폰,2980.0,36265.0,110939085.0,0.6800000071525574,60400.0,0.05000000074505806,-3359.0,-10093645.0,3359.0,10093645.0,0.0,0.0,0.0,0.0,0.0,0.0,0.0,0.0,0.0,0.0,0.0,0.0,0.0,0.0,0.0,0.0,0.0,0.0
052330,코텍,코스닥,영상 및 음향기기 제조업,산업용 모니터,11980.0,17949.0,213173120.0,-0.17000000178813934,179100.0,0.07999999821186066,8364.0,99594990.0,-10248.0,-121791870.0,8.0,132790.0,8.0,132790.0,0.0,0.0,0.0,0.0,0.0,0.0,0.0,0.0,0.0,0.0,1876.0,22064090.0,0.0,0.0
322780,코퍼스코리아,코스닥,"영화, 비디오물, 방송프로그램 제작 및 배급업",콘텐츠 배급 및 제작,2010.0,47055.0,93706738.0,-1.9500000476837158,4044797.0,4.320000171661377,-137.0,-259627.0,137.0,274627.0,0.0,-15000.0,0.0,-15000.0,0.0,0.0,0.0,0.0,0.0,0.0,0.0,0.0,0.0,0.0,0.0,0.0,0.0,0.0
215380,콜마바이오텍,코스닥,자연과학 및 공학 연구개발업,"동물실험,CRO서비스,사육장비,세척장비등",2210.0,55810.0,121384385.0,2.549999952316284,4868355.0,4.010000228881836,8544.0,18262035.0,-8454.0,-18063585.0,-90.0,-198450.0,-90.0,-198450.0,0.0,0.0,0.0,0.0,0.0,0.0,0.0,0.0,0.0,0.0,0.0,0.0,0.0,0.0
200130,콜마비앤에이치,코스닥,기초 의약물질 제조업,건강기능식품,9440.0,75066.0,700943920.0,2.609999895095825,161173900.0,18.6299991607666,-930.0,-8487930.0,21.0,-388390.0,873.0,8543370.0,873.0,8543370.0,0.0,0.0,0.0,0.0,0.0,0.0,0.0,0.0,0.0,0.0,16.0,147360.0,20.0,185590.0
294570,쿠콘,코스닥,기타 정보 서비스업,"페이먼트서비스(65.2%), 데이터서비스(29.1%) 등",21800.0,37619.0,818261225.0,5.829999923706055,53231700.0,3.4800000190734863,-3236.0,-69690100.0,2137.0,45813700.0,1202.0,26091950.0,999.0,21678650.0,0.0,0.0,0.0,0.0,0.0,0.0,0.0,0.0,203.0,4413300.0,-81.0,-1734200.0,-22.0,-481350.0
464490,쿼드메디슨,코스닥,기초 의약물질 제조업,마이크로니들 의약품,5500.0,13555.0,75084500.0,1.850000023841858,517780.0,0.6899999976158142,-1537.0,-8716620.0,1748.0,9825350.0,-611.0,-3360180.0,0.0,0.0,0.0,0.0,0.0,0.0,0.0,0.0,0.0,0.0,-611.0,-3360180.0,400.0,2251450.0,0.0,0.0
317690,퀀타매트릭스,코스닥,의료용 기기 제조업,신속항균제검사 장비 및 키트,2515.0,74483.0,185458185.0,2.6500000953674316,9178785.0,4.949999809265137,38460.0,96176945.0,-38460.0,-96145995.0,0.0,0.0,0.0,0.0,0.0,0.0,0.0,0.0,0.0,0.0,0.0,0.0,0.0,0.0,0.0,0.0,0.0,-30950.0
070300,퀀텀레일,코스닥,소프트웨어 개발 및 공급업,"USIM카드, 금융카드",2000.0,3814300.0,7661271544.0,9.890000343322754,8760163.0,0.10999999940395355,-135234.0,-280714148.0,388451.0,780903039.0,0.0,375018.0,0.0,375018.0,0.0,0.0,0.0,0.0,0.0,0.0,0.0,0.0,0.0,0.0,-252314.0,-498754312.0,-903.0,-1809597.0
432720,퀄리타스반도체,코스닥,반도체 제조업,초고속 통신용 반도체 IP,9160.0,68319.0,625309290.0,3.740000009536743,11992070.0,1.9199999570846558,3949.0,35799185.0,-8901.0,-81016745.0,5000.0,45655270.0,5000.0,45655270.0,0.0,0.0,0.0,0.0,0.0,0.0,0.0,0.0,0.0,0.0,0.0,0.0,-48.0,-437710.0
365270,큐라클,코스닥,자연과학 및 공학 연구개발업,혈관질환치료제 등,11670.0,162418.0,1812627390.0,7.159999847412109,23750720.0,1.309999942779541,-28547.0,-317346235.0,23016.0,256316400.0,6206.0,68854110.0,6206.0,68854110.0,0.0,0.0,0.0,0.0,0.0,0.0,0.0,0.0,0.0,0.0,-828.0,-9484005.0,153.0,1659730.0
348080,큐라티스,코스닥,자연과학 및 공학 연구개발업,"백신 및 면역증강제 개발제조업, CMO/CDMO",2885.0,271370.0,814593562.0,7.25,5231690.0,0.6399999856948853,13175.0,41544548.0,-13179.0,-41558233.0,0.0,0.0,0.0,0.0,0.0,0.0,0.0,0.0,0.0,0.0,0.0,0.0,0.0,0.0,0.0,0.0,4.0,13685.0
060280,큐렉소,코스닥,기타 상품 전문 소매업,"만화단행본, 정기간행물",9010.0,121287.0,1104179460.0,0.33000001311302185,76901150.0,6.960000038146973,1375.0,9978445.0,-11607.0,-103489745.0,10198.0,93200930.0,10096.0,92277060.0,0.0,0.0,102.0,923870.0,0.0,0.0,0.0,0.0,0.0,0.0,1.0,9080.0,33.0,301290.0
372320,큐로셀,코스닥,자연과학 및 공학 연구개발업,CAR-T 세포치료제,25100.0,18122.0,457608000.0,1.6200000047683716,42605950.0,5.489999771118164,2452.0,62544400.0,-2433.0,-61946200.0,-42.0,-1173150.0,-42.0,-1173150.0,0.0,0.0,0.0,0.0,0.0,0.0,0.0,0.0,0.0,0.0,3.0,74950.0,20.0,500000.0
051780,큐로홀딩스,코스닥,음·식료품 및 담배 소매업,"DTIS, Probe Card, H.F PCB",2855.0,2572.0,7333540.0,-1.8899999856948853,120290.0,1.6399999856948853,457.0,1303080.0,-457.0,-1303080.0,0.0,0.0,0.0,0.0,0.0,0.0,0.0,0.0,0.0,0.0,0.0,0.0,0.0,0.0,0.0,0.0,0.0,0.0
115180,큐리언트,코스닥,자연과학 및 공학 연구개발업,저분자 혁신신약,26050.0,120511.0,3142419700.0,3.1700000762939453,779054150.0,16.459999084472656,11972.0,302347075.0,-38998.0,-1008944125.0,25534.0,667410700.0,-600.0,-16334200.0,0.0,0.0,25445.0,665287700.0,0.0,0.0,0.0,0.0,689.0,18457200.0,1155.0,30119300.0,337.0,9067050.0
494120,큐리오시스,코스닥,사진장비 및 광학기기 제조업,라이브셀 이미징 기기 등,10730.0,108106.0,1161218240.0,2.880000114440918,10297210.0,0.6800000071525574,12966.0,136995620.0,-9988.0,-104522260.0,-3232.0,-35197870.0,-3051.0,-33271860.0,-45.0,-479490.0,-120.0,-1276480.0,0.0,0.0,-15.0,-159380.0,0.0,0.0,0.0,0.0,254.0,2724510.0
445680,큐리옥스바이오시스템즈,코스닥,의료용 기기 제조업,세포 전처리 자동화기기 등,44750.0,116058.0,5351447850.0,3.2300000190734863,360559350.0,4.300000190734863,30409.0,1379638250.0,-34195.0,-1555219700.0,3604.0,167657500.0,3552.0,165326475.0,0.0,0.0,52.0,2331025.0,0.0,0.0,0.0,0.0,0.0,0.0,4.0,168400.0,178.0,7755550.0
182360,큐브엔터,코스닥,오디오물 출판 및 원판 녹음업,"음반음원, 콘서트, 아티스트매니지먼트",5680.0,7981.0,45203945.0,2.7100000381469727,1214140.0,2.690000057220459,3078.0,17479070.0,-3188.0,-18093630.0,-193.0,-1094360.0,-193.0,-1094360.0,0.0,0.0,0.0,0.0,0.0,0.0,0.0,0.0,0.0,0.0,0.0,0.0,303.0,1708920.0
405100,큐알티,코스닥,"그외 기타 전문, 과학 및 기술 서비스업",반도체 신뢰성 검사 및 종합분석,10370.0,114150.0,1181595800.0,-1.8899999856948853,4000580.0,0.3400000035762787,-19476.0,-200529300.0,17392.0,178910920.0,632.0,6504070.0,0.0,0.0,0.0,0.0,228.0,2346060.0,0.0,0.0,0.0,0.0,404.0,4157900.0,1452.0,15114310.0,0.0,0.0
066310,큐에스아이,코스닥,반도체 제조업,레이저다이오드(LaserDiode),7350.0,22528.0,165788350.0,0.550000011920929,2163730.0,1.309999942779541,-1313.0,-9677810.0,1313.0,9677810.0,0.0,0.0,0.0,0.0,0.0,0.0,0.0,0.0,0.0,0.0,0.0,0.0,0.0,0.0,0.0,0.0,0.0,0.0
377460,큐에이드,코스닥,개인 및 가정용품 수리업,"전자제품 소매, 물류주선, 서비스대행",4080.0,0.0,0.0,0.0,0.0,0.0,0.0,0.0,0.0,0.0,0.0,0.0,0.0,0.0,0.0,0.0,0.0,0.0,0.0,0.0,0.0,0.0,0.0,0.0,0.0,0.0,0.0,0.0
377460,큐에이드,코스닥,개인 및 가정용품 수리업,"전자제품 소매, 물류주선, 서비스대행",4080.0,0.0,0.0,0.0,0.0,0.0,0.0,0.0,0.0,0.0,0.0,0.0,0.0,0.0,0.0,0.0,0.0,0.0,0.0,0.0,0.0,0.0,0.0,0.0,0.0,0.0,0.0,0.0
016600,큐캐피탈,코스닥,기타 금융업,"사모투자(PEF),벤처투자",2495.0,86206.0,216244210.0,5.269999980926514,1612300.0,0.75,-19866.0,-49629475.0,6176.0,15126635.0,8190.0,20769650.0,8190.0,20769650.0,0.0,0.0,0.0,0.0,0.0,0.0,0.0,0.0,0.0,0.0,5500.0,13733190.0,0.0,0.0
355390,크라우드웍스,코스닥,소프트웨어 개발 및 공급업,인공지능 데이터 구축 서비스,1677.0,213837.0,363142858.0,-5.840000152587891,2170261.0,0.6000000238418579,982.0,2194589.0,-280.0,-972870.0,-702.0,-1221719.0,-702.0,-1221719.0,0.0,0.0,0.0,0.0,0.0,0.0,0.0,0.0,0.0,0.0,0.0,0.0,0.0,0.0
096240,크레버스,코스닥,일반 교습 학원,청담어학원,8470.0,4208.0,35525420.0,-0.3499999940395355,3895100.0,10.960000038146973,854.0,7244070.0,-583.0,-4950970.0,-272.0,-2301570.0,-272.0,-2301570.0,0.0,0.0,0.0,0.0,0.0,0.0,0.0,0.0,0.0,0.0,0.0,0.0,1.0,8470.0
040350,크레오에스지,코스닥,"컴퓨터 프로그래밍, 시스템 통합 및 관리업","시스템통합, 지능형교통시스템",7020.0,184990.0,1351083505.0,0.7200000286102295,24555910.0,1.8200000524520874,19250.0,144468900.0,4925.0,31176730.0,-28.0,-195940.0,-28.0,-195940.0,0.0,0.0,0.0,0.0,0.0,0.0,0.0,0.0,0.0,0.0,-23900.0,-173523090.0,-247.0,-1926600.0
110790,크리스에프앤씨,코스닥,봉제의복 제조업,골프웨어,2950.0,9000.0,26049130.0,3.869999885559082,0.0,0.0,3696.0,10655820.0,-3632.0,-10468435.0,0.0,0.0,0.0,0.0,0.0,0.0,0.0,0.0,0.0,0.0,0.0,0.0,0.0,0.0,-64.0,-187385.0,0.0,0.0
900250,크리스탈신소재,코스닥,기타 금융업,"합성운모 플레이크, 파우더, 테이프",1159.0,85594.0,98026304.0,2.569999933242798,32157.0,0.029999999329447746,-3431.0,-3977747.0,601.0,723247.0,0.0,0.0,0.0,0.0,0.0,0.0,0.0,0.0,0.0,0.0,0.0,0.0,0.0,0.0,0.0,0.0,2830.0,3254500.0
045520,크린앤사이언스,코스닥,일반 목적용 기계 제조업,자동차용 여과지,2510.0,20023.0,49836660.0,1.409999966621399,776585.0,1.559999942779541,-4139.0,-10227835.0,4139.0,10227835.0,0.0,0.0,0.0,0.0,0.0,0.0,0.0,0.0,0.0,0.0,0.0,0.0,0.0,0.0,0.0,0.0,0.0,0.0
214150,클래시스,코스닥,의료용 기기 제조업,미용의료기기,33600.0,521647.0,17496498600.0,0.6000000238418579,1222590350.0,5.809999942779541,39828.0,1329617350.0,-39881.0,-1338366275.0,1554.0,57986275.0,56915.0,1913730450.0,-3785.0,-126914500.0,-627.0,-20992275.0,0.0,0.0,-53912.0,-1807422200.0,2963.0,99584800.0,-3733.0,-124085550.0,2232.0,74848200.0
466100,클로봇,코스닥,소프트웨어 개발 및 공급업,"로봇 소프트웨어(카멜레온, 크롬스)",29450.0,513806.0,15139259075.0,-4.539999961853027,3271856500.0,12.15999984741211,207910.0,6123785300.0,-132810.0,-3906280800.0,-75367.0,-2225478525.0,-66666.0,-1970229400.0,224.0,6769625.0,75.0,2205900.0,0.0,0.0,0.0,0.0,-9000.0,-264224650.0,172.0,5058100.0,95.0,2915925.0
237880,클리오,코스닥,기타 화학제품 제조업,"색조화장품, 기초화장품",13040.0,140355.0,1808575455.0,0.9300000071525574,86909720.0,3.0299999713897705,-17762.0,-225989050.0,13614.0,172180095.0,3670.0,47612395.0,4150.0,53827040.0,0.0,0.0,-480.0,-6214645.0,0.0,0.0,0.0,0.0,0.0,0.0,413.0,5355400.0,65.0,841160.0
139670,키네마스터,코스닥,소프트웨어 개발 및 공급업,"NexMFW, NexPlayer EMB",1917.0,29864.0,56619458.0,4.639999866485596,1370829.0,2.4200000762939453,592.0,1103816.0,1220.0,2354345.0,0.0,0.0,0.0,0.0,0.0,0.0,0.0,0.0,0.0,0.0,0.0,0.0,0.0,0.0,-947.0,-1787391.0,-865.0,-1670770.0
475430,키스트론,코스닥,절연선 및 케이블 제조업,"전자부품용 와이어, 케이블용 와이어 등",4545.0,153341.0,694999995.0,-0.33000001311302185,5506650.0,0.7900000214576721,22772.0,102523607.0,-21786.0,-98049017.0,0.0,0.0,0.0,0.0,0.0,0.0,0.0,0.0,0.0,0.0,0.0,0.0,0.0,0.0,0.0,0.0,-986.0,-4474590.0
487720,키움제10호스팩,코스닥,금융 지원 서비스업,기업 인수합병,2015.0,18673.0,37578680.0,0.0,0.0,0.0,-6655.0,-13456955.0,6.0,12120.0,6649.0,13444835.0,12433.0,25052495.0,0.0,0.0,0.0,0.0,0.0,0.0,0.0,0.0,-5784.0,-11607660.0,0.0,0.0,0.0,0.0
489480,키움제11호스팩,코스닥,금융 지원 서비스업,기업 인수합병,2030.0,110.0,223330.0,0.0,0.0,0.0,0.0,0.0,0.0,0.0,0.0,0.0,0.0,0.0,0.0,0.0,0.0,0.0,0.0,0.0,0.0,0.0,0.0,0.0,0.0,0.0,0.0,0.0
466690,키움히어로제1호스팩,코스닥,금융 지원 서비스업,다른 회사와 인수합병,2005.0,2829.0,5673328.0,0.25,0.0,0.0,-1889.0,-3787400.0,0.0,0.0,1889.0,3787400.0,1889.0,3787400.0,0.0,0.0,0.0,0.0,0.0,0.0,0.0,0.0,0.0,0.0,0.0,0.0,0.0,0.0
0131D0,키움히어로제2호스팩,코스닥,금융 지원 서비스업,기업 인수 합병,1963.0,8345.0,16350632.0,-0.10000000149011612,0.0,0.0,7105.0,13920679.0,-105.0,-206227.0,-7000.0,-13714452.0,0.0,0.0,0.0,0.0,0.0,0.0,0.0,0.0,0.0,0.0,-7000.0,-13714452.0,0.0,0.0,0.0,0.0
054780,키이스트,코스닥,"영화, 비디오물, 방송프로그램 제작 및 배급업",멀티미디어 SI,1300.0,9199.0,11810938.0,0.6200000047683716,77744.0,0.6600000262260437,58.0,97131.0,-49.0,-85431.0,-9.0,-11700.0,-9.0,-11700.0,0.0,0.0,0.0,0.0,0.0,0.0,0.0,0.0,0.0,0.0,0.0,0.0,0.0,0.0
256940,킵스파마,코스닥,의약품 제조업,OLED 마스크 인장기,5650.0,22519.0,127153160.0,0.18000000715255737,8570080.0,6.739999771118164,6002.0,33974750.0,-6045.0,-34210220.0,42.0,237400.0,42.0,237400.0,0.0,0.0,0.0,0.0,0.0,0.0,0.0,0.0,0.0,0.0,1.0,5630.0,0.0,-7560.0
219130,타이거일렉,코스닥,전자부품 제조업,인쇄회로기판 제조업,67300.0,57852.0,3905102550.0,-5.739999771118164,384498400.0,9.850000381469727,8066.0,536937450.0,-5771.0,-381738500.0,-6679.0,-449000850.0,-2406.0,-163029000.0,-25.0,-1670500.0,-1049.0,-69821400.0,0.0,0.0,-1033.0,-70754150.0,-2166.0,-143725800.0,4363.0,292335500.0,21.0,1466400.0
336680,탑런토탈솔루션,코스닥,전자부품 제조업,전장디스플레이 및 pOLED 부품,2590.0,4992.0,12926857.0,0.7799999713897705,0.0,0.0,-145.0,-378300.0,145.0,378300.0,0.0,0.0,0.0,0.0,0.0,0.0,0.0,0.0,0.0,0.0,0.0,0.0,0.0,0.0,0.0,0.0,0.0,0.0
360070,탑머티리얼,코스닥,일차전지 및 이차전지 제조업,"이차전지 시스템 엔지니어링, 전극소재, 양극소재",8550.0,38172.0,324931040.0,4.269999980926514,13921150.0,4.28000020980835,1447.0,12352260.0,-252.0,-1861340.0,-1220.0,-10702200.0,-1220.0,-10702200.0,0.0,0.0,0.0,0.0,0.0,0.0,0.0,0.0,0.0,0.0,0.0,0.0,25.0,211280.0
065130,탑엔지니어링,코스닥,특수 목적용 기계 제조업,LCD Cell Line 자동화 장치,3045.0,22517.0,68359180.0,0.33000001311302185,5624525.0,8.229999542236328,11543.0,35118460.0,-11543.0,-35118460.0,0.0,0.0,0.0,0.0,0.0,0.0,0.0,0.0,0.0,0.0,0.0,0.0,0.0,0.0,0.0,0.0,0.0,0.0
134580,탑코미디어,코스닥,"자료처리, 호스팅, 포털 및 기타 인터넷 정보매개 서비스업","웹툰, 만화",2160.0,513955.0,1082134665.0,15.199999809265137,5547755.0,0.5099999904632568,-154491.0,-330905830.0,93910.0,200651767.0,0.0,0.0,0.0,0.0,0.0,0.0,0.0,0.0,0.0,0.0,0.0,0.0,0.0,0.0,50171.0,107894300.0,10410.0,22359763.0
023160,태광,코스닥,1차 철강 제조업,"각종 배관자재, 관이음쇠류 제조 및 판매",21250.0,71529.0,1537785100.0,-1.159999966621399,119359500.0,5.059999942779541,42277.0,908789175.0,-38441.0,-826275500.0,-4652.0,-99906475.0,365.0,7839350.0,-39.0,-826100.0,-1374.0,-29634600.0,0.0,0.0,-18.0,-382050.0,-3585.0,-76881875.0,721.0,15373800.0,95.0,2019000.0
323280,태성,코스닥,특수 목적용 기계 제조업,PCB 자동화 설비,53100.0,209828.0,11016894600.0,2.309999942779541,1779191300.0,8.989999771118164,10983.0,556542100.0,-24910.0,-1295444200.0,13993.0,743269500.0,12894.0,685534200.0,-6.0,-314200.0,307.0,16145200.0,0.0,0.0,0.0,0.0,798.0,41904300.0,-164.0,-9398000.0,98.0,5030600.0
053620,태양,코스닥,기타 금속 가공제품 제조업,"휴대용 부탄가스, 에어졸캔, 외주수탁품",6760.0,8749.0,59312110.0,0.75,74220.0,0.12999999523162842,-1783.0,-12131330.0,-679.0,-4598020.0,0.0,0.0,0.0,0.0,0.0,0.0,0.0,0.0,0.0,0.0,0.0,0.0,0.0,0.0,2462.0,16729350.0,0.0,0.0
044490,태웅,코스닥,기타 금속 가공제품 제조업,자유형단조품,30150.0,76348.0,2326078700.0,-1.6299999952316284,60107600.0,1.559999942779541,9826.0,299836750.0,1927.0,56884000.0,-11688.0,-354760300.0,-388.0,-11724250.0,-10339.0,-313931350.0,-961.0,-29104700.0,0.0,0.0,0.0,0.0,0.0,0.0,-120.0,-3624000.0,55.0,1663550.0
124560,태웅로직스,코스닥,기타 운송관련 서비스업,"3자물류주선 (복합운송, 프로젝트운송, CIS운송 등)",1941.0,21391.0,40821117.0,1.5700000524520874,22792.0,0.05999999865889549,-4866.0,-9222760.0,-132.0,-273402.0,0.0,0.0,0.0,0.0,0.0,0.0,0.0,0.0,0.0,0.0,0.0,0.0,0.0,0.0,5000.0,9500000.0,-2.0,-3838.0
191420,테고사이언스,코스닥,기초 의약물질 제조업,피부세포치료제,7810.0,3093.0,24621890.0,-3.4600000381469727,0.0,0.0,1287.0,10281410.0,-1287.0,-10281410.0,0.0,0.0,0.0,0.0,0.0,0.0,0.0,0.0,0.0,0.0,0.0,0.0,0.0,0.0,0.0,0.0,0.0,0.0
950250,테라뷰,코스닥,기타 금융업,테라헤르츠 전자기파 발생 및 응용 검사장비,2430.0,51632.0,126131292.0,1.6699999570846558,105125.0,0.07999999821186066,-1899.0,-4606997.0,1814.0,4401572.0,0.0,0.0,0.0,0.0,0.0,0.0,0.0,0.0,0.0,0.0,0.0,0.0,0.0,0.0,0.0,0.0,85.0,205425.0
073640,테라사이언스,코스닥,기타 금속 가공제품 제조업,유압용 관이음쇠,654.0,0.0,0.0,0.0,0.0,0.0,0.0,0.0,0.0,0.0,0.0,0.0,0.0,0.0,0.0,0.0,0.0,0.0,0.0,0.0,0.0,0.0,0.0,0.0,0.0,0.0,0.0,0.0
066700,테라젠이텍스,코스닥,의약품 제조업,"Loading/Unloading System, PCB Bonding System",2175.0,690803.0,1550843831.0,5.579999923706055,10460450.0,0.6700000166893005,22824.0,57308525.0,-23392.0,-59696285.0,563.0,2234985.0,563.0,2234985.0,0.0,0.0,0.0,0.0,0.0,0.0,0.0,0.0,0.0,0.0,0.0,0.0,5.0,152775.0
095610,테스,코스닥,특수 목적용 기계 제조업,반도체장비(화학증착장비),142200.0,303713.0,43531842550.0,-1.25,4354010850.0,6.659999847412109,95399.0,13639014650.0,-26361.0,-3801882250.0,-69979.0,-9974493500.0,-1.0,15947300.0,-1185.0,-167487850.0,-44679.0,-6384466150.0,0.0,0.0,-12806.0,-1816642050.0,-10971.0,-1573889900.0,775.0,113589600.0,166.0,23771500.0
064520,테크엘,코스닥,반도체 제조업,"메모리 카드, 스마트 카드 등",1478.0,14817.0,21563070.0,-0.07000000029802322,5804.0,0.029999999329447746,-59.0,-35019.0,59.0,35019.0,0.0,0.0,0.0,0.0,0.0,0.0,0.0,0.0,0.0,0.0,0.0,0.0,0.0,0.0,0.0,0.0,0.0,0.0
089030,테크윙,코스닥,특수 목적용 기계 제조업,"반도체테스트핸들러,C.O.K(Change Over Kit)",51100.0,550473.0,27892010150.0,4.610000133514404,3448498875.0,12.359999656677246,-109546.0,-5602088675.0,88455.0,4513481000.0,21475.0,1108511325.0,13376.0,695009225.0,9988.0,509025000.0,47.0,2387300.0,0.0,0.0,3095.0,157622200.0,-5031.0,-255532400.0,-519.0,-26655300.0,135.0,6751650.0
054450,텔레칩스,코스닥,반도체 제조업,"디지털미디어프로세서,발신자정보표시칩",9630.0,35459.0,342535110.0,1.899999976158142,622140.0,0.18000000715255737,618.0,6191625.0,-618.0,-6191705.0,0.0,80.0,0.0,80.0,0.0,0.0,0.0,0.0,0.0,0.0,0.0,0.0,0.0,0.0,0.0,0.0,0.0,0.0
200230,텔콘RF제약,코스닥,의약품 제조업,"RF 통신부품(케이블 어셈블리, 커넥터 등)",2285.0,159893.0,393316853.0,-0.6499999761581421,7539830.0,1.9199999570846558,-15583.0,-41422792.0,15468.0,41061082.0,64.0,483635.0,64.0,483635.0,0.0,0.0,0.0,0.0,0.0,0.0,0.0,0.0,0.0,0.0,0.0,0.0,51.0,-121925.0
393210,토마토시스템,코스닥,소프트웨어 개발 및 공급업,"UI/UX솔루션, 대학정보화사업 SW",2485.0,23663.0,57367475.0,2.049999952316284,1998670.0,3.4800000190734863,-4696.0,-11288200.0,4696.0,11288200.0,0.0,0.0,0.0,0.0,0.0,0.0,0.0,0.0,0.0,0.0,0.0,0.0,0.0,0.0,0.0,0.0,0.0,0.0
475960,토모큐브,코스닥,사진장비 및 광학기기 제조업,"홀로토모그래피 HT-X1, HT-2H",30800.0,51390.0,1611967975.0,-2.380000114440918,156735875.0,5.46999979019165,17297.0,533683000.0,-13564.0,-418510375.0,-3803.0,-117394475.0,297.0,9219850.0,0.0,0.0,0.0,0.0,0.0,0.0,0.0,0.0,-4100.0,-126614325.0,0.0,0.0,70.0,2221850.0
215480,토박스코리아,코스닥,"섬유, 의복, 신발 및 가죽제품 소매업",유아동 신발,2175.0,15816.0,34234360.0,4.070000171661377,43660.0,0.12999999523162842,-5697.0,-12447450.0,-4203.0,-9035105.0,9900.0,21482555.0,9900.0,21482555.0,0.0,0.0,0.0,0.0,0.0,0.0,0.0,0.0,0.0,0.0,0.0,0.0,0.0,0.0
051360,토비스,코스닥,영상 및 음향기기 제조업,Gaming모니터,11310.0,30319.0,342077875.0,-0.8799999952316284,43921090.0,10.0600004196167,882.0,9774050.0,-8163.0,-92221930.0,7406.0,83859310.0,-507.0,-5736690.0,-5.0,-56450.0,-3239.0,-36419650.0,0.0,0.0,0.0,0.0,11157.0,126072100.0,-125.0,-1411430.0,0.0,0.0
045340,토탈소프트,코스닥,소프트웨어 개발 및 공급업,해운물류소프트웨어 (CATOS 등),6580.0,16693.0,109239490.0,0.30000001192092896,5870650.0,5.369999885559082,2544.0,16693050.0,-2788.0,-18290400.0,0.0,0.0,0.0,0.0,0.0,0.0,0.0,0.0,0.0,0.0,0.0,0.0,0.0,0.0,244.0,1597350.0,0.0,0.0
108230,톱텍,코스닥,특수 목적용 기계 제조업,디스플레이 자동화설비,2890.0,59928.0,171859100.0,0.0,2216495.0,1.2899999618530273,15866.0,45319840.0,-18821.0,-53785755.0,0.0,54655.0,0.0,54655.0,0.0,0.0,0.0,0.0,0.0,0.0,0.0,0.0,0.0,0.0,2955.0,8411260.0,0.0,0.0
079970,투비소프트,코스닥,소프트웨어 개발 및 공급업,"MiPlatform, X Platform",596.0,0.0,0.0,0.0,0.0,0.0,0.0,0.0,0.0,0.0,0.0,0.0,0.0,0.0,0.0,0.0,0.0,0.0,0.0,0.0,0.0,0.0,0.0,0.0,0.0,0.0,0.0,0.0
199800,툴젠,코스닥,자연과학 및 공학 연구개발업,유전자교정 플랫폼 관련 제품,37750.0,22545.0,859016550.0,3.4200000762939453,23737700.0,1.8899999856948853,-575.0,-23278000.0,524.0,21037700.0,51.0,2240300.0,51.0,2240300.0,0.0,0.0,0.0,0.0,0.0,0.0,0.0,0.0,0.0,0.0,0.0,0.0,0.0,0.0
417790,트루엔,코스닥,영상 및 음향기기 제조업,"IP 카메라, 영상스트리밍솔루션, IoT기기 및 서비스",6620.0,13131.0,86632820.0,0.46000000834465027,9851630.0,11.369999885559082,-148.0,-1113950.0,-4198.0,-27606700.0,4846.0,32020650.0,4846.0,32020650.0,0.0,0.0,0.0,0.0,0.0,0.0,0.0,0.0,0.0,0.0,-500.0,-3300000.0,0.0,0.0
290090,트윔,코스닥,소프트웨어 개발 및 공급업,AI 기반 스마트팩토리 검사 소프트웨어 및 설비,4245.0,1602.0,6580405.0,0.11999999731779099,8210.0,0.11999999731779099,-280.0,-1146375.0,280.0,1146375.0,0.0,0.0,0.0,0.0,0.0,0.0,0.0,0.0,0.0,0.0,0.0,0.0,0.0,0.0,0.0,0.0,0.0,0.0
026150,특수건설,코스닥,토목 건설업,보링,3845.0,20303.0,77589080.0,1.3200000524520874,2265960.0,2.9200000762939453,-175.0,-500950.0,174.0,497085.0,1.0,3865.0,1.0,3865.0,0.0,0.0,0.0,0.0,0.0,0.0,0.0,0.0,0.0,0.0,0.0,0.0,0.0,0.0
464280,티디에스팜,코스닥,의약품 제조업,"경피약물전달시스템(습포제, 첩부제)",5910.0,41859.0,248145760.0,1.899999976158142,684210.0,0.2800000011920929,-9299.0,-55171990.0,9299.0,55171990.0,0.0,0.0,0.0,0.0,0.0,0.0,0.0,0.0,0.0,0.0,0.0,0.0,0.0,0.0,0.0,0.0,0.0,0.0
117730,티로보틱스,코스닥,특수 목적용 기계 제조업,"중대형 시스템, 중대형 로봇",13650.0,35364.0,484920830.0,0.2199999988079071,44892790.0,5.349999904632568,-3290.0,-45257275.0,1759.0,24162345.0,1542.0,21241030.0,1542.0,21241030.0,0.0,0.0,0.0,0.0,0.0,0.0,0.0,0.0,0.0,0.0,4.0,54350.0,-15.0,-200450.0
033830,티비씨,코스닥,텔레비전 방송업,"텔레비젼 방송,문화서비스,광고/출판,음반 제작,도매",1631.0,9179.0,14865475.0,-0.11999999731779099,0.0,0.0,161.0,263376.0,0.0,0.0,-161.0,-263376.0,-161.0,-263376.0,0.0,0.0,0.0,0.0,0.0,0.0,0.0,0.0,0.0,0.0,0.0,0.0,0.0,0.0
057680,티사이언티픽,코스닥,소프트웨어 개발 및 공급업,모바일쿠폰,1468.0,20893.0,30902419.0,-0.14000000059604645,26937.0,0.09000000357627869,5645.0,8439596.0,-5645.0,-8439596.0,0.0,0.0,0.0,0.0,0.0,0.0,0.0,0.0,0.0,0.0,0.0,0.0,0.0,0.0,0.0,0.0,0.0,0.0
204610,티쓰리,코스닥,소프트웨어 개발 및 공급업,온라인 및 모바일 게임 등,3315.0,106407.0,351194630.0,0.7599999904632568,18508680.0,5.269999980926514,-10692.0,-35965730.0,-36493.0,-119902470.0,-2815.0,-9303300.0,-402.0,-1330510.0,0.0,0.0,0.0,0.0,0.0,0.0,0.0,0.0,-2413.0,-7972790.0,50000.0,165171500.0,0.0,0.0
125020,티씨머티리얼즈,코스닥,절연선 및 케이블 제조업,"에나멜동선, 초고압케이블, 각동선, CTC 등",5360.0,833628.0,4473204190.0,-0.9200000166893005,11582910.0,0.25999999046325684,116272.0,610384000.0,-187328.0,-993332670.0,71381.0,385672740.0,0.0,-24430.0,0.0,0.0,73627.0,397664910.0,0.0,0.0,0.0,0.0,-2246.0,-11967740.0,-903.0,-5301110.0,578.0,2577040.0
064760,티씨케이,코스닥,기타 비금속 광물제품 제조업,반도체 제조공정용 고순도 흑연제품,229500.0,71635.0,16550765500.0,-0.8600000143051147,3757464500.0,18.540000915527344,12213.0,2805041750.0,-16341.0,-3782462500.0,4145.0,981282750.0,1464.0,333251000.0,913.0,211090750.0,8923.0,2083938500.0,0.0,0.0,-8441.0,-1946856250.0,1286.0,299858750.0,-13.0,-2943000.0,-4.0,-919000.0
246710,티앤알바이오팹,코스닥,기초 의약물질 제조업,"생분해성 의료기기, 3D 바이오프린팅 시스템, 바이오잉크, 3D 오가노이드, 3D 세포치료제",2510.0,95966.0,236062054.0,4.369999885559082,6769335.0,2.869999885559082,-5692.0,-13834694.0,17406.0,42640069.0,-8964.0,-22169130.0,-8964.0,-22169130.0,0.0,0.0,0.0,0.0,0.0,0.0,0.0,0.0,0.0,0.0,-3500.0,-8470000.0,750.0,1833755.0
340570,티앤엘,코스닥,의료용품 및 기타 의약 관련제품 제조업,"창상치료재, 정형외과용 고정재",30300.0,53425.0,1633981125.0,0.17000000178813934,174014550.0,6.929999828338623,17473.0,539642600.0,-13616.0,-422271400.0,-3858.0,-117401650.0,-2472.0,-75221650.0,-425.0,-12901300.0,0.0,0.0,0.0,0.0,0.0,0.0,-961.0,-29278700.0,2.0,61200.0,-1.0,-30750.0
043220,티에스넥스젠,코스닥,특수 목적용 기계 제조업,"발전설비 Damper, 전력설비 Busway",1710.0,0.0,0.0,0.0,0.0,0.0,0.0,0.0,0.0,0.0,0.0,0.0,0.0,0.0,0.0,0.0,0.0,0.0,0.0,0.0,0.0,0.0,0.0,0.0,0.0,0.0,0.0,0.0
277880,티에스아이,코스닥,특수 목적용 기계 제조업,"2차전지 장비(믹싱시스템, 믹싱제작품, 믹싱 공사, 코터건조시스템)",3550.0,42607.0,150686700.0,1.0,1772585.0,1.1799999475479126,23573.0,83413640.0,-23573.0,-83413640.0,0.0,0.0,0.0,0.0,0.0,0.0,0.0,0.0,0.0,0.0,0.0,0.0,0.0,0.0,0.0,0.0,0.0,0.0
131290,티에스이,코스닥,"측정, 시험, 항해, 제어 및 기타 정밀기기 제조업; 광학기기 제외","Probe Card, Test Interface Board, OLED Test Equipment, Test Socket",242000.0,149992.0,36473850750.0,-5.46999979019165,1175174500.0,2.5999999046325684,8260.0,2016176250.0,34409.0,8319857500.0,-42225.0,-10228657000.0,2146.0,523562250.0,-569.0,-136207500.0,-6210.0,-1501479750.0,0.0,0.0,-40831.0,-9905534250.0,3238.0,790725250.0,-273.0,-65943000.0,-171.0,-41433750.0
425420,티에프이,코스닥,전자부품 제조업,"COK, Board, Test Socket",40600.0,125385.0,5001377925.0,6.980000019073486,259204050.0,3.7899999618530273,-18483.0,-766886300.0,-30870.0,-1239305050.0,49497.0,2011208450.0,1613.0,62141900.0,-3.0,-121300.0,28694.0,1166784025.0,0.0,0.0,10577.0,434127500.0,8616.0,348276325.0,-96.0,-3068900.0,-48.0,-1948200.0
484810,티엑스알로보틱스,코스닥,일반 목적용 기계 제조업,"물류자동화, 로봇자동화, AMR/AGV",15740.0,664754.0,10292220530.0,-3.9700000286102295,38516280.0,0.27000001072883606,115996.0,1853686990.0,79135.0,1272947920.0,-198107.0,-3174334920.0,-199964.0,-3203619820.0,1857.0,29284900.0,0.0,0.0,0.0,0.0,0.0,0.0,0.0,0.0,2651.0,42579230.0,325.0,5120780.0
131100,티엔엔터테인먼트,코스닥,"영화, 비디오물, 방송프로그램 제작 및 배급업","연예인 매니지먼트, 계육, 식음료",450.0,0.0,0.0,0.0,0.0,0.0,0.0,0.0,0.0,0.0,0.0,0.0,0.0,0.0,0.0,0.0,0.0,0.0,0.0,0.0,0.0,0.0,0.0,0.0,0.0,0.0,0.0,0.0
356860,티엘비,코스닥,전자부품 제조업,SSD Module / DRAM Module PCB,34600.0,441876.0,15181044300.0,2.2200000286102295,1042355550.0,4.579999923706055,67332.0,2307558900.0,-123726.0,-4249929100.0,55195.0,1901218475.0,-4360.0,-149290450.0,-193.0,-6012175.0,-1193.0,-36984000.0,0.0,0.0,13288.0,456192050.0,47653.0,1637313050.0,194.0,6516500.0,1005.0,34635225.0
321550,티움바이오,코스닥,자연과학 및 공학 연구개발업,"특발성폐섬유증 치료제, 면역항암제, 자궁내막증치료제, 혈우병치료제",4380.0,77009.0,338649335.0,1.149999976158142,18201080.0,5.369999885559082,1366.0,6148375.0,-15169.0,-66260260.0,12446.0,54212155.0,12446.0,54212155.0,0.0,0.0,0.0,0.0,0.0,0.0,0.0,0.0,0.0,0.0,1287.0,5595930.0,70.0,303800.0
425040,티이엠씨,코스닥,기초 화학물질 제조업,반도체용 특수가스,9400.0,97670.0,919088530.0,1.7300000190734863,45854220.0,4.989999771118164,3445.0,33291880.0,-1254.0,-12760270.0,-130.0,-1210570.0,-42.0,-384280.0,0.0,0.0,0.0,0.0,0.0,0.0,0.0,0.0,-88.0,-826290.0,-2066.0,-19368140.0,5.0,47100.0
241790,티이엠씨씨엔에스,코스닥,특수 목적용 기계 제조업,"반도체 케미칼 및 특수가스, 반도체 장비",5770.0,33911.0,193005020.0,2.6700000762939453,11417650.0,5.920000076293945,2312.0,13379460.0,-2312.0,-13379460.0,0.0,0.0,0.0,0.0,0.0,0.0,0.0,0.0,0.0,0.0,0.0,0.0,0.0,0.0,0.0,0.0,0.0,0.0
022220,티케이지애강,코스닥,플라스틱제품 제조업,"PB/CPVC 파이프, 연결구",604.0,7599.0,4557557.0,0.6700000166893005,0.0,0.0,-1660.0,-990478.0,1660.0,990478.0,0.0,0.0,0.0,0.0,0.0,0.0,0.0,0.0,0.0,0.0,0.0,0.0,0.0,0.0,0.0,0.0,0.0,0.0
104480,티케이케미칼,코스닥,화학섬유 제조업,"수지, 폴리에스터, 스판덱스",1669.0,233611.0,394857214.0,-2.109999895095825,2313457.0,0.5899999737739563,114562.0,193306077.0,-114434.0,-193105904.0,-105.0,-161412.0,-105.0,-161412.0,0.0,0.0,0.0,0.0,0.0,0.0,0.0,0.0,0.0,0.0,0.0,0.0,-23.0,-38761.0
081150,티플랙스,코스닥,1차 비철금속 제조업,"스텐레스봉,판(열간제품) 제조,도매",2625.0,54632.0,142824759.0,0.5699999928474426,5128875.0,3.5899999141693115,16024.0,41905444.0,-16024.0,-41901614.0,0.0,-3830.0,0.0,-3830.0,0.0,0.0,0.0,0.0,0.0,0.0,0.0,0.0,0.0,0.0,0.0,0.0,0.0,0.0
130740,티피씨글로벌,코스닥,자동차 신품 부품 제조업,"정밀인발강관, 정밀강관, Water pipe, Filler Neck 등",2135.0,39300.0,82949457.0,0.4699999988079071,180680.0,0.2199999988079071,-2232.0,-4630732.0,-1441.0,-3121788.0,3673.0,7752520.0,3673.0,7752520.0,0.0,0.0,0.0,0.0,0.0,0.0,0.0,0.0,0.0,0.0,0.0,0.0,0.0,0.0
084730,팅크웨어,코스닥,통신 및 방송 장비 제조업,"내비게이션,블랙박스,태블릿 및 위치정보서비스",6300.0,7141.0,44460705.0,0.800000011920929,312730.0,0.699999988079071,549.0,3429115.0,-314.0,-1972115.0,0.0,0.0,0.0,0.0,0.0,0.0,0.0,0.0,0.0,0.0,0.0,0.0,0.0,0.0,0.0,0.0,-235.0,-1457000.0
440110,파두,코스닥,반도체 제조업,SSD 컨트롤러,65900.0,342173.0,22152063200.0,3.130000114440918,805890900.0,3.640000104904175,19201.0,1209556850.0,-61017.0,-3943261950.0,28992.0,1908911950.0,13387.0,884383600.0,-388.0,-25160550.0,-3789.0,-245432500.0,0.0,0.0,0.0,0.0,19782.0,1295121400.0,4778.0,309249100.0,8046.0,515544050.0
290560,파라택시스이더리움,코스닥,소프트웨어 개발 및 공급업,DB보안솔루션 등,1048.0,292179.0,314288466.0,5.96999979019165,0.0,0.0,-6662.0,-8412712.0,8259.0,10090487.0,0.0,0.0,0.0,0.0,0.0,0.0,0.0,0.0,0.0,0.0,0.0,0.0,0.0,0.0,3.0,3120.0,-1600.0,-1680895.0
288330,파라택시스코리아,코스닥,"그외 기타 전문, 과학 및 기술 서비스업","펠리노-1 단백질 저해제, 오토택신 저해제",416.0,0.0,0.0,0.0,0.0,0.0,0.0,0.0,0.0,0.0,0.0,0.0,0.0,0.0,0.0,0.0,0.0,0.0,0.0,0.0,0.0,0.0,0.0,0.0,0.0,0.0,0.0,0.0
033540,파라텍,코스닥,특수 목적용 기계 제조업,소방기기,3410.0,12250.0,41678555.0,-0.28999999165534973,3494720.0,8.380000114440918,1383.0,4743365.0,-1383.0,-4743365.0,0.0,0.0,0.0,0.0,0.0,0.0,0.0,0.0,0.0,0.0,0.0,0.0,0.0,0.0,0.0,0.0,0.0,0.0
388870,파로스아이바이오,코스닥,자연과학 및 공학 연구개발업,PHI-101 급성골수성백혈병 치료제 및 재발성난소암 치료제,5670.0,73017.0,409237820.0,5.590000152587891,9144790.0,2.2300000190734863,4379.0,24046500.0,4866.0,26889520.0,-9245.0,-50936020.0,-9245.0,-50936020.0,0.0,0.0,0.0,0.0,0.0,0.0,0.0,0.0,0.0,0.0,0.0,0.0,0.0,0.0
043200,파루,코스닥,"전동기, 발전기 및 전기 변환 · 공급 · 제어 장치 제조업","온습도 조절기(에어쿨), 무인방제기(야호)",512.0,0.0,0.0,0.0,0.0,0.0,0.0,0.0,0.0,0.0,0.0,0.0,0.0,0.0,0.0,0.0,0.0,0.0,0.0,0.0,0.0,0.0,0.0,0.0,0.0,0.0,0.0,0.0
214450,파마리서치,코스닥,의료용품 및 기타 의약 관련제품 제조업,재생의약품,413500.0,156013.0,63822280750.0,5.75,7769768500.0,8.859999656677246,-59305.0,-24334370250.0,62304.0,25485073500.0,-2491.0,-942618250.0,5999.0,2455146250.0,121.0,49671250.0,-9795.0,-3976695000.0,1200.0,496058000.0,9307.0,3843140500.0,-9332.0,-3813647750.0,-393.0,-160644000.0,-115.0,-47441000.0
177830,파버나인,코스닥,전자부품 제조업,"알루미늄 소재 TV 외관재(프레임, 스탠드)",2300.0,58114.0,132150605.0,-1.5,32225.0,0.019999999552965164,5402.0,12230060.0,6198.0,14111940.0,0.0,0.0,0.0,0.0,0.0,0.0,0.0,0.0,0.0,0.0,0.0,0.0,0.0,0.0,-11600.0,-26342000.0,0.0,0.0
037070,파세코,코스닥,가정용 기기 제조업,"창문형에어컨,석유스토브",5450.0,241983.0,1309679095.0,0.0,4421400.0,0.3400000035762787,-11128.0,-60521930.0,11161.0,60687030.0,1.0,5470.0,1.0,5470.0,0.0,0.0,0.0,0.0,0.0,0.0,0.0,0.0,0.0,0.0,0.0,0.0,-34.0,-170570.0
150900,파수AI,코스닥,소프트웨어 개발 및 공급업,기업용 문서보안 솔루션,3630.0,51183.0,183131000.0,1.1100000143051147,342945.0,0.1899999976158142,-16443.0,-58292855.0,16438.0,58275055.0,0.0,0.0,0.0,0.0,0.0,0.0,0.0,0.0,0.0,0.0,0.0,0.0,0.0,0.0,0.0,0.0,5.0,17800.0
037030,파워넷,코스닥,"전동기, 발전기 및 전기 변환 · 공급 · 제어 장치 제조업",전력변환장치,3430.0,241543.0,831146193.0,1.3300000429153442,32055755.0,3.859999895095825,71042.0,243991653.0,-70977.0,-243767903.0,0.0,-800.0,0.0,-800.0,0.0,0.0,0.0,0.0,0.0,0.0,0.0,0.0,0.0,0.0,0.0,0.0,-65.0,-222950.0
047310,파워로직스,코스닥,"전동기, 발전기 및 전기 변환 · 공급 · 제어 장치 제조업","2차전지 보호회로 및 배터리팩, 카메라모듈",3055.0,43580.0,133262835.0,0.0,2541030.0,1.909999966621399,8818.0,26872120.0,-9218.0,-28104080.0,0.0,15.0,0.0,15.0,0.0,0.0,0.0,0.0,0.0,0.0,0.0,0.0,0.0,0.0,0.0,0.0,400.0,1231945.0
368770,파이버프로,코스닥,"측정, 시험, 항해, 제어 및 기타 정밀기기 제조업; 광학기기 제외",광섬유 관성센서 및 관성 측정장치,14370.0,169818.0,2408557910.0,3.2300000190734863,43669010.0,1.809999942779541,-21778.0,-318767390.0,-2170.0,-24870410.0,23995.0,344322420.0,19923.0,285533240.0,0.0,0.0,2271.0,32807150.0,0.0,0.0,0.0,0.0,1801.0,25982030.0,-32.0,-477920.0,-15.0,-206700.0
170790,파이오링크,코스닥,통신 및 방송 장비 제조업,"ADC(서버부하 분산장치), 보안스위치, 웹방화벽",8300.0,10759.0,89134780.0,-1.190000057220459,392570.0,0.4399999976158142,1579.0,13174980.0,-1793.0,-14957120.0,182.0,1527160.0,182.0,1527160.0,0.0,0.0,0.0,0.0,0.0,0.0,0.0,0.0,0.0,0.0,32.0,254980.0,0.0,0.0
900100,파이온엑스,코스닥,자동차 부품 및 내장품 판매업,의류판매,1926.0,18448.0,35563453.0,-0.4699999988079071,1534258.0,4.309999942779541,5461.0,10545484.0,-3461.0,-6671476.0,0.0,0.0,0.0,0.0,0.0,0.0,0.0,0.0,0.0,0.0,0.0,0.0,0.0,0.0,0.0,0.0,-2000.0,-3874008.0
049120,파인디앤씨,코스닥,전자부품 제조업,"CHASSIS , 금형",2650.0,42779.0,110558130.0,3.9200000762939453,141510.0,0.12999999523162842,-684.0,-1504950.0,684.0,1553090.0,0.0,-48140.0,0.0,-48140.0,0.0,0.0,0.0,0.0,0.0,0.0,0.0,0.0,0.0,0.0,0.0,0.0,0.0,0.0
038950,파인디지털,코스닥,통신 및 방송 장비 제조업,"원격 RF 감시장치, 디지털 광 중계기, 노드분배기",3080.0,516.0,1583875.0,-0.47999998927116394,0.0,0.0,-181.0,-554865.0,186.0,570255.0,-6.0,-18455.0,-6.0,-18455.0,0.0,0.0,0.0,0.0,0.0,0.0,0.0,0.0,0.0,0.0,0.0,0.0,1.0,3065.0
387570,파인메딕스,코스닥,의료용 기기 제조업,"인젝터, 스네어, 나이프, 포셉 등 내시경용 시술기구",6180.0,12329.0,72780350.0,3.0,4222900.0,5.800000190734863,2273.0,13490170.0,-2274.0,-13496200.0,0.0,0.0,0.0,0.0,0.0,0.0,0.0,0.0,0.0,0.0,0.0,0.0,0.0,0.0,1.0,6030.0,0.0,0.0
441270,파인엠텍,코스닥,전자부품 제조업,IT부품,7120.0,476405.0,3342632615.0,0.41999998688697815,271989110.0,5.699999809265137,212584.0,1489952130.0,-221689.0,-1553582200.0,3068.0,21509650.0,-1895.0,-13326300.0,0.0,0.0,4963.0,34835950.0,0.0,0.0,0.0,0.0,0.0,0.0,6599.0,46112760.0,-562.0,-3992340.0
106240,파인테크닉스,코스닥,전구 및 조명장치 제조업,LED조명기기,1258.0,22807.0,28904075.0,-3.75,3338273.0,11.550000190734863,-1943.0,-2447459.0,1700.0,2138296.0,0.0,0.0,0.0,0.0,0.0,0.0,0.0,0.0,0.0,0.0,0.0,0.0,0.0,0.0,200.0,253000.0,43.0,56163.0
131760,파인텍,코스닥,특수 목적용 기계 제조업,OLED 제조장비,1810.0,63038.0,113984764.0,-0.6600000262260437,568907.0,0.5,-3007.0,-5402475.0,-353.0,-658357.0,0.0,-4642.0,0.0,-4642.0,0.0,0.0,0.0,0.0,0.0,0.0,0.0,0.0,0.0,0.0,3339.0,6027565.0,21.0,37909.0
065690,파커스,코스닥,고무제품 제조업,"프린터 부품, LED 조명기기,및 헬스케어 제품 제조업체",1717.0,54773.0,94186488.0,1.059999942779541,13672.0,0.009999999776482582,-17619.0,-30347552.0,5987.0,10198206.0,11700.0,20265270.0,11700.0,20265270.0,0.0,0.0,0.0,0.0,0.0,0.0,0.0,0.0,0.0,0.0,-68.0,-115924.0,0.0,0.0
140860,파크시스템스,코스닥,"측정, 시험, 항해, 제어 및 기타 정밀기기 제조업; 광학기기 제외",연구용 및 산업용 원자현미경,267500.0,27266.0,7398095250.0,-1.649999976158142,951149000.0,11.630000114440918,2809.0,753679000.0,-5353.0,-1453235750.0,2545.0,699848250.0,1418.0,390842750.0,-15.0,-4029500.0,832.0,228297500.0,0.0,0.0,218.0,59544000.0,93.0,25459500.0,2.0,545000.0,-3.0,-836500.0
091700,파트론,코스닥,전자부품 제조업,"카메라모듈, 안테나, 센서류 등",5580.0,69643.0,386171345.0,1.4500000476837158,23320360.0,6.039999961853027,10684.0,59138630.0,-14222.0,-78666430.0,-757.0,-4235670.0,-757.0,-4235670.0,0.0,0.0,0.0,0.0,0.0,0.0,0.0,0.0,0.0,0.0,4289.0,23730170.0,6.0,33300.0
032800,판타지오,코스닥,창작 및 예술관련 서비스업,서비스,1565.0,13355.0,20898069.0,1.0299999713897705,37368.0,0.18000000715255737,-3318.0,-5195138.0,3318.0,5195138.0,0.0,0.0,0.0,0.0,0.0,0.0,0.0,0.0,0.0,0.0,0.0,0.0,0.0,0.0,0.0,0.0,0.0,0.0
318010,팜스빌,코스닥,기타 식품 제조업,다이어트 제품 및 건강기능 관련 제품,3660.0,2191.0,7986850.0,-0.14000000059604645,0.0,0.0,709.0,2580015.0,-706.0,-2569020.0,0.0,0.0,0.0,0.0,0.0,0.0,0.0,0.0,0.0,0.0,0.0,0.0,0.0,0.0,0.0,0.0,-3.0,-10995.0
027710,팜스토리,코스닥,동물용 사료 및 조제식품 제조업,사료,1064.0,227379.0,240810438.0,0.6600000262260437,2400644.0,1.0,74633.0,78954602.0,-75726.0,-80106300.0,85.0,89345.0,-122.0,-129881.0,0.0,0.0,0.0,0.0,0.0,0.0,0.0,0.0,207.0,219226.0,-292.0,-311747.0,1300.0,1374100.0
225590,패션플랫폼,코스닥,봉제의복 제조업,여성복,3245.0,17505.0,56614615.0,-0.3100000023841858,0.0,0.0,3922.0,12783305.0,-3897.0,-12685305.0,0.0,-15500.0,0.0,-15500.0,0.0,0.0,0.0,0.0,0.0,0.0,0.0,0.0,0.0,0.0,-25.0,-82500.0,0.0,0.0
054300,팬스타엔터프라이즈,코스닥,일반 목적용 기계 제조업,자동차 정비용 리프트,1082.0,287117.0,310492695.0,-2.609999895095825,5550287.0,1.7899999618530273,10729.0,11921325.0,-9621.0,-10723434.0,0.0,-10175.0,0.0,-10175.0,0.0,0.0,0.0,0.0,0.0,0.0,0.0,0.0,0.0,0.0,0.0,0.0,-1108.0,-1187716.0
068050,팬엔터테인먼트,코스닥,"영화, 비디오물, 방송프로그램 제작 및 배급업","방송영상물,음반",1202.0,26768.0,31800260.0,1.5199999809265137,147553.0,0.46000000834465027,-10522.0,-12534822.0,-472.0,-615205.0,10994.0,13150027.0,10994.0,13150027.0,0.0,0.0,0.0,0.0,0.0,0.0,0.0,0.0,0.0,0.0,0.0,0.0,0.0,0.0
222110,팬젠,코스닥,의약품 제조업,"바이오시밀러 의약품 개발, 바이오의약품 개발 기술이전 서비스 등",4900.0,1699.0,8294245.0,0.10000000149011612,98110.0,1.1799999475479126,-947.0,-4622900.0,579.0,2822075.0,0.0,0.0,0.0,0.0,0.0,0.0,0.0,0.0,0.0,0.0,0.0,0.0,0.0,0.0,0.0,0.0,368.0,1800825.0
271830,팸텍,코스닥,특수 목적용 기계 제조업,"카메라모듈 검사장비, 반도체 검사장비",1158.0,776460.0,929890835.0,-3.740000009536743,10877666.0,1.1699999570846558,15364.0,20829394.0,-9111.0,-13451469.0,-6183.0,-7296064.0,-6183.0,-7296064.0,0.0,0.0,0.0,0.0,0.0,0.0,0.0,0.0,0.0,0.0,0.0,0.0,-70.0,-81861.0
263750,펄어비스,코스닥,소프트웨어 개발 및 공급업,게임 개발 서비스(검은사막 및 붉은사막),32050.0,614007.0,19547695175.0,4.400000095367432,1555956725.0,5.309999942779541,-329911.0,-10485613475.0,76256.0,2408580300.0,254522.0,8104520925.0,256624.0,8173064275.0,-11.0,-350500.0,-392.0,-12493350.0,0.0,0.0,600.0,18121400.0,-2299.0,-73820900.0,-188.0,-5973850.0,-679.0,-21513900.0
251970,펌텍코리아,코스닥,플라스틱제품 제조업,화장품 용기,57100.0,80600.0,4577468000.0,3.069999933242798,238863400.0,4.090000152587891,1181.0,67086400.0,-6622.0,-383477250.0,4872.0,284445750.0,8015.0,455460900.0,150.0,8488500.0,-9055.0,-509008650.0,0.0,0.0,0.0,0.0,5762.0,329505000.0,551.0,30914100.0,18.0,1031000.0
187660,페니트리움바이오,코스닥,자연과학 및 공학 연구개발업,임상 CRO 서비스,3700.0,570513.0,2159028602.0,-3.009999990463257,14056255.0,0.6499999761581421,152014.0,569590053.0,-152294.0,-570629508.0,0.0,-11695.0,0.0,-11695.0,0.0,0.0,0.0,0.0,0.0,0.0,0.0,0.0,0.0,0.0,250.0,940000.0,30.0,111150.0
0015S0,페스카로,코스닥,"그외 기타 전문, 과학 및 기술 서비스업","임베디드 보안 솔루션, 차량전장 소프트웨어",7060.0,9220.0,65659760.0,0.4300000071525574,265660.0,0.4000000059604645,-1977.0,-14059070.0,2025.0,14397730.0,-48.0,-341700.0,0.0,0.0,0.0,0.0,0.0,0.0,0.0,0.0,0.0,0.0,-48.0,-341700.0,0.0,0.0,0.0,3040.0
168360,펨트론,코스닥,특수 목적용 기계 제조업,3D 정밀측정 검사장비,13400.0,78057.0,1046114065.0,3.0799999237060547,11728760.0,0.9200000166893005,-4461.0,-60285720.0,5472.0,73934050.0,0.0,0.0,0.0,0.0,0.0,0.0,0.0,0.0,0.0,0.0,0.0,0.0,0.0,0.0,-1016.0,-13715680.0,5.0,67350.0
087010,펩트론,코스닥,기초 의약물질 제조업,약효지속성 의약품 및 펩타이드 소재,185900.0,115593.0,21786894300.0,0.0,4172018450.0,12.789999961853027,-4325.0,-864406700.0,-3656.0,-658785200.0,8277.0,1580758000.0,8796.0,1678065950.0,-1.0,-185900.0,57.0,10793250.0,0.0,0.0,0.0,0.0,-575.0,-107915300.0,189.0,34708900.0,-485.0,-92275000.0
064800,포니링크,코스닥,"섬유, 의복, 신발 및 가죽제품 소매업",의류제품,2720.0,138751.0,376340911.0,-0.18000000715255737,9471655.0,2.5199999809265137,20964.0,56586059.0,-20783.0,-56091069.0,-3.0,-8160.0,-3.0,-8160.0,0.0,0.0,0.0,0.0,0.0,0.0,0.0,0.0,0.0,0.0,0.0,0.0,-178.0,-486830.0
119500,포메탈,코스닥,기타 금속 가공제품 제조업,"자동차,풍력,방위산업,산업기계,농기계등의 단조부품",2495.0,20526.0,51084280.0,0.20000000298023224,0.0,0.0,4388.0,10879855.0,-4388.0,-10879865.0,0.0,10.0,0.0,10.0,0.0,0.0,0.0,0.0,0.0,0.0,0.0,0.0,0.0,0.0,0.0,0.0,0.0,0.0
389140,포바이포,코스닥,"영화, 비디오물, 방송프로그램 제작 및 배급업",광고영화 및 비디오물 제작업,4985.0,38087.0,190592565.0,-2.25,10588855.0,5.559999942779541,7922.0,39645585.0,-7874.0,-39406190.0,-59.0,-294390.0,-59.0,-294390.0,0.0,0.0,0.0,0.0,0.0,0.0,0.0,0.0,0.0,0.0,1.0,4995.0,10.0,50000.0
105760,포스뱅크,코스닥,일반 목적용 기계 제조업,"POS 단말기, KIOSK 단말기",4860.0,22245.0,107985913.0,0.20999999344348907,262335.0,0.23999999463558197,4810.0,23331669.0,-4810.0,-23330769.0,0.0,-900.0,0.0,-900.0,0.0,0.0,0.0,0.0,0.0,0.0,0.0,0.0,0.0,0.0,0.0,0.0,0.0,0.0
009520,포스코엠텍,코스닥,1차 철강 제조업,철강포장용역 및 Al탈산제 생산,12030.0,255136.0,3119527530.0,3.7100000381469727,360857140.0,6.78000020980835,35254.0,427997325.0,-40103.0,-487637775.0,4755.0,58532520.0,4712.0,58024810.0,0.0,0.0,73.0,880710.0,0.0,0.0,-30.0,-373000.0,0.0,0.0,8.0,100710.0,86.0,1007220.0
189690,포시에스,코스닥,소프트웨어 개발 및 공급업,기업용 리포팅 소프트웨어 솔루션(OZ-Report 등),1544.0,32506.0,49532631.0,2.4600000381469727,1505.0,0.0,2340.0,3644153.0,-2340.0,-3644153.0,0.0,0.0,0.0,0.0,0.0,0.0,0.0,0.0,0.0,0.0,0.0,0.0,0.0,0.0,0.0,0.0,0.0,0.0
318020,포인트모바일,코스닥,컴퓨터 및 주변장치 제조업,산업용 PDA,2810.0,35021.0,99076870.0,-5.550000190734863,7688070.0,7.760000228881836,12090.0,34448510.0,-12360.0,-35207410.0,0.0,0.0,0.0,0.0,0.0,0.0,0.0,0.0,0.0,0.0,0.0,0.0,0.0,0.0,0.0,0.0,270.0,758900.0
256630,포인트엔지니어링,코스닥,기타 금속 가공제품 제조업,디스플레이 및 반도체 장비 부품,4340.0,854.0,3686790.0,-0.3400000035762787,8710.0,0.23999999463558197,193.0,833850.0,-93.0,-405595.0,0.0,0.0,0.0,0.0,0.0,0.0,0.0,0.0,0.0,0.0,0.0,0.0,0.0,0.0,-100.0,-428255.0,0.0,0.0
331380,포커스에이아이,코스닥,영상 및 음향기기 제조업,영상저장장치 및 카메라,1994.0,49537.0,99184122.0,0.15000000596046448,2818788.0,2.8399999141693115,10149.0,20199164.0,-10149.0,-20225210.0,0.0,-28544.0,0.0,-28544.0,0.0,0.0,0.0,0.0,0.0,0.0,0.0,0.0,0.0,0.0,0.0,54590.0,0.0,0.0
208710,포톤,코스닥,전자부품 제조업,모바일용 카메라모듈 부품외,3000.0,145771.0,436941190.0,1.8700000047683716,1677015.0,0.3799999952316284,5187.0,15682825.0,-3194.0,-9693450.0,0.0,-4875.0,0.0,-4875.0,0.0,0.0,0.0,0.0,0.0,0.0,0.0,0.0,0.0,0.0,0.0,0.0,-1993.0,-5984500.0
472850,폰드그룹,코스닥,"섬유, 의복, 신발 및 가죽제품 소매업","의류(언더웨어, 의복, 잡화, 코스메틱 등)",4730.0,33041.0,156307932.0,-0.9399999976158142,539455.0,0.25,8975.0,42389687.0,-12931.0,-60957518.0,4126.0,19381241.0,4999.0,23495295.0,0.0,0.0,-873.0,-4114054.0,0.0,0.0,0.0,0.0,0.0,0.0,-169.0,-808665.0,-1.0,-4745.0
039980,폴라리스AI,코스닥,"컴퓨터 프로그래밍, 시스템 통합 및 관리업","TRS통신, Kipling Bag외",5410.0,147976.0,801745775.0,0.1899999976158142,24369320.0,3.0399999618530273,-6732.0,-35560845.0,6972.0,36860765.0,0.0,0.0,0.0,0.0,0.0,0.0,0.0,0.0,0.0,0.0,0.0,0.0,0.0,0.0,0.0,0.0,-240.0,-1299920.0
041910,폴라리스AI파마,코스닥,의약품 제조업,원료의약품,5200.0,11759.0,61012940.0,1.3600000143051147,233550.0,0.3799999952316284,-2259.0,-11692140.0,2220.0,11488560.0,0.0,0.0,0.0,0.0,0.0,0.0,0.0,0.0,0.0,0.0,0.0,0.0,0.0,0.0,0.0,0.0,39.0,203580.0
220180,폴라리스AI핸디,코스닥,소프트웨어 개발 및 공급업,"그룹웨어, 협업솔루션",1445.0,3157.0,4526086.0,-0.14000000059604645,2852.0,0.05999999865889549,984.0,1421975.0,-984.0,-1421975.0,0.0,0.0,0.0,0.0,0.0,0.0,0.0,0.0,0.0,0.0,0.0,0.0,0.0,0.0,0.0,0.0,0.0,0.0
234100,폴라리스세원,코스닥,자동차 신품 부품 제조업,자동차 공조장치 부품,2670.0,10191.0,26378070.0,2.690000057220459,233110.0,0.8799999952316284,-427.0,-1035270.0,427.0,1035270.0,0.0,0.0,0.0,0.0,0.0,0.0,0.0,0.0,0.0,0.0,0.0,0.0,0.0,0.0,0.0,0.0,0.0,0.0
041020,폴라리스오피스,코스닥,소프트웨어 개발 및 공급업,시스템 소프트웨어,3000.0,140897.0,416603293.0,3.450000047683716,35743100.0,8.579999923706055,-26985.0,-79052085.0,26985.0,79052085.0,0.0,0.0,0.0,0.0,0.0,0.0,0.0,0.0,0.0,0.0,0.0,0.0,0.0,0.0,0.0,0.0,0.0,0.0
114630,폴라리스우노,코스닥,화학섬유 제조업,"PVC가발사, 난연고열사",1487.0,50450.0,75023245.0,-1.2599999904632568,26857.0,0.03999999910593033,642.0,1022501.0,910.0,1351963.0,-1552.0,-2374464.0,-1552.0,-2374464.0,0.0,0.0,0.0,0.0,0.0,0.0,0.0,0.0,0.0,0.0,0.0,0.0,0.0,0.0
487580,폴레드,코스닥,가정용 기기 제조업,"유아용품(카시트 및 관련 악세서리, 유아가전 등)",3380.0,324953.0,1107410301.0,-3.430000066757202,5428135.0,0.49000000953674316,65676.0,225443595.0,-3271.0,-13848779.0,-60121.0,-203821971.0,-2260.0,-7632600.0,0.0,0.0,-907.0,-3066935.0,0.0,0.0,0.0,0.0,-26476.0,-89636287.0,-4474.0,-15206005.0,2190.0,7433160.0
290720,푸드나무,코스닥,무점포 소매업,기타/미분류,3000.0,15960.0,46974085.0,0.5,2247695.0,4.78000020980835,8864.0,26076450.0,-8864.0,-26062770.0,0.0,-13680.0,0.0,-13680.0,0.0,0.0,0.0,0.0,0.0,0.0,0.0,0.0,0.0,0.0,0.0,0.0,0.0,0.0
005670,푸드웰,코스닥,"과실, 채소 가공 및 저장 처리업","깐밤, 통조림류, 딸기시럽류, 음료제품 등",6190.0,22298.0,137228310.0,-0.3199999928474426,0.0,0.0,2079.0,12951870.0,-1999.0,-12399930.0,0.0,-41800.0,0.0,-41800.0,0.0,0.0,0.0,0.0,0.0,0.0,0.0,0.0,0.0,0.0,-80.0,-510140.0,0.0,0.0
094940,푸른로보틱스,코스닥,컴퓨터 및 주변장치 제조업,"금융자동화기기모듈,역무자동화기기모듈,특수단말시스템",7180.0,534468.0,3908308170.0,-7.590000152587891,32502860.0,0.8299999833106995,116157.0,850959285.0,-115913.0,-849064665.0,135.0,917890.0,135.0,917890.0,0.0,0.0,0.0,0.0,0.0,0.0,0.0,0.0,0.0,0.0,-1.0,-7770.0,-378.0,-2804740.0
007330,푸른저축은행,코스닥,은행 및 저축기관,대출이자,10000.0,8055.0,80597470.0,-0.20000000298023224,0.0,0.0,6120.0,61200530.0,-6087.0,-60880470.0,-58.0,-570040.0,-58.0,-570040.0,0.0,0.0,0.0,0.0,0.0,0.0,0.0,0.0,0.0,0.0,25.0,249980.0,0.0,0.0
093380,풍강,코스닥,기타 금속 가공제품 제조업,자동차용너트류,2965.0,26966.0,78679332.0,1.7200000286102295,147500.0,0.1899999976158142,-11257.0,-32711662.0,4108.0,11835072.0,-1424.0,-4258615.0,-1424.0,-4258615.0,0.0,0.0,0.0,0.0,0.0,0.0,0.0,0.0,0.0,0.0,8573.0,25135205.0,0.0,0.0
023900,풍국주정,코스닥,알코올음료 제조업,발효주정,7420.0,6742.0,49349700.0,-0.800000011920929,1787150.0,3.619999885559082,2177.0,15928440.0,-2187.0,-16000980.0,-12.0,-89040.0,-12.0,-89040.0,0.0,0.0,0.0,0.0,0.0,0.0,0.0,0.0,0.0,0.0,15.0,109500.0,7.0,52080.0
371950,풍원정밀,코스닥,전자부품 제조업,OLED 증착용 Metal Mask,3915.0,82715.0,324029095.0,0.3799999952316284,15240740.0,4.699999809265137,10015.0,39539895.0,-10671.0,-42113470.0,0.0,0.0,0.0,0.0,0.0,0.0,0.0,0.0,0.0,0.0,0.0,0.0,0.0,0.0,0.0,0.0,656.0,2573575.0
298060,풍전약품,코스닥,의약품 제조업,세포치료제,2560.0,8605.0,21535165.0,0.0,25395.0,0.11999999731779099,613.0,1561985.0,-613.0,-1561985.0,0.0,0.0,0.0,0.0,0.0,0.0,0.0,0.0,0.0,0.0,0.0,0.0,0.0,0.0,0.0,0.0,0.0,0.0
370090,퓨런티어,코스닥,"측정, 시험, 항해, 제어 및 기타 정밀기기 제조업; 광학기기 제외","전장카메라모듈장비, 모바일카메라모듈장비, PC및 광원",6330.0,14505.0,91910815.0,0.47999998927116394,4516350.0,4.909999847412109,4825.0,30734275.0,-5142.0,-32732895.0,1.0,6320.0,0.0,30.0,0.0,0.0,0.0,0.0,0.0,0.0,0.0,0.0,0.0,0.0,0.0,0.0,316.0,1992300.0
445180,퓨릿,코스닥,기초 화학물질 제조업,"반도체용 케미컬, 디스플레이용 케미컬, 산업용 케미컬",8800.0,26681.0,234613530.0,0.3400000035762787,484650.0,0.20999999344348907,2136.0,18871290.0,-4987.0,-43925920.0,-1000.0,-8900000.0,0.0,0.0,0.0,0.0,-1000.0,-8900000.0,0.0,0.0,0.0,0.0,0.0,0.0,3851.0,33954630.0,0.0,0.0
220100,퓨쳐켐,코스닥,의약품 제조업,"PET 방사성의약품, 자동합성장치, 합성시약 및 전구체",8040.0,65134.0,516348405.0,8.649999618530273,2797920.0,0.3400000035762787,383.0,4454075.0,1386.0,10081250.0,-1853.0,-15132285.0,-353.0,-2832280.0,0.0,0.0,-1500.0,-12300005.0,0.0,0.0,0.0,0.0,0.0,0.0,0.0,810.0,84.0,596150.0
035200,프럼파스트,코스닥,플라스틱제품 제조업,주택건설용 플라스틱 배관,2830.0,22561.0,63043297.0,0.0,0.0,0.0,10153.0,28363112.0,-10153.0,-28363112.0,0.0,0.0,0.0,0.0,0.0,0.0,0.0,0.0,0.0,0.0,0.0,0.0,0.0,0.0,0.0,0.0,0.0,0.0
334970,프레스티지바이오로직스,코스닥,의약품 제조업,바이오시밀러 제조,1778.0,291071.0,516745745.0,-0.10999999940395355,26160196.0,5.059999942779541,30368.0,53728220.0,14283.0,24839571.0,-44807.0,-78844567.0,-44807.0,-78844567.0,0.0,0.0,0.0,0.0,0.0,0.0,0.0,0.0,0.0,0.0,56.0,99176.0,100.0,177600.0
321260,프로이천,코스닥,반도체 제조업,반도체검사장치 Probe Card,1700.0,55451.0,94473443.0,1.1299999952316284,332593.0,0.3499999940395355,-17583.0,-29969772.0,17583.0,29977416.0,0.0,-7644.0,0.0,-7644.0,0.0,0.0,0.0,0.0,0.0,0.0,0.0,0.0,0.0,0.0,0.0,0.0,0.0,0.0
053610,프로텍,코스닥,특수 목적용 기계 제조업,"Dispenser, Tray Feeder, 공압실린더",63400.0,22726.0,1438042050.0,-0.3100000023841858,36847400.0,1.5700000524520874,6401.0,406072950.0,-1154.0,-74358600.0,-5249.0,-331840950.0,-1618.0,-102450500.0,-2108.0,-133147150.0,0.0,0.0,0.0,0.0,-1523.0,-96243300.0,0.0,0.0,1.0,63400.0,1.0,63200.0
468530,프로티나,코스닥,자연과학 및 공학 연구개발업,단백질간 상호작용 바이오마커 개발 및 분석서비스,35600.0,192995.0,6726434450.0,3.940000057220459,947203050.0,9.020000457763672,52549.0,1825699025.0,-40931.0,-1424798675.0,-12092.0,-417168900.0,498.0,16950650.0,-1.0,-35900.0,26565.0,941236850.0,-40000.0,-1407353950.0,0.0,0.0,847.0,32069300.0,927.0,32010450.0,-453.0,-15741900.0
303360,프로티아,코스닥,의료용 기기 제조업,알레르기 진단 제품,4775.0,10500.0,49796095.0,0.5299999713897705,393525.0,0.7900000214576721,-2263.0,-10691860.0,2264.0,10697700.0,0.0,0.0,0.0,0.0,0.0,0.0,0.0,0.0,0.0,0.0,0.0,0.0,0.0,0.0,0.0,0.0,-1.0,-5840.0
377220,프롬바이오,코스닥,기타 식품 제조업,개별인정형 건강기능식품,3065.0,39625.0,117920385.0,0.8199999928474426,492525.0,0.41999998688697815,2243.0,6838960.0,-2246.0,-6847855.0,3.0,8895.0,3.0,8895.0,0.0,0.0,0.0,0.0,0.0,0.0,0.0,0.0,0.0,0.0,0.0,0.0,0.0,0.0
335810,프리시젼바이오,코스닥,의료용 기기 제조업,체외진단 기기 및 시약,1470.0,3154.0,4524968.0,2.0799999237060547,0.0,0.0,1551.0,2220326.0,-1051.0,-1504326.0,0.0,0.0,0.0,0.0,0.0,0.0,0.0,0.0,0.0,0.0,0.0,0.0,0.0,0.0,0.0,0.0,-500.0,-716000.0
053160,프리엠스,코스닥,"전동기, 발전기 및 전기 변환 · 공급 · 제어 장치 제조업","건설장비용 전장품,제어기",9120.0,20775.0,194027870.0,-2.4600000381469727,1057390.0,0.5400000214576721,-11455.0,-107031110.0,-8545.0,-79773720.0,0.0,10.0,0.0,10.0,0.0,0.0,0.0,0.0,0.0,0.0,0.0,0.0,0.0,0.0,20000.0,186804820.0,0.0,0.0
405000,플라즈맵,코스닥,의료용 기기 제조업,플라즈마 멸균기 및 표면처리기기,4055.0,4287.0,17164195.0,3.440000057220459,531665.0,3.0999999046325684,-384.0,-1516875.0,834.0,3314585.0,0.0,0.0,0.0,0.0,0.0,0.0,0.0,0.0,0.0,0.0,0.0,0.0,0.0,0.0,-550.0,-2207210.0,100.0,409500.0
041590,플래스크,코스닥,실내건축 및 건축마무리 공사업,실내건축 등,2370.0,0.0,0.0,0.0,0.0,0.0,0.0,0.0,0.0,0.0,0.0,0.0,0.0,0.0,0.0,0.0,0.0,0.0,0.0,0.0,0.0,0.0,0.0,0.0,0.0,0.0,0.0,0.0
367000,플래티어,코스닥,소프트웨어 개발 및 공급업,E-Commerce Platform 구축,3340.0,3212.0,10932810.0,-1.7599999904632568,751465.0,6.869999885559082,511.0,1775650.0,-511.0,-1775650.0,0.0,0.0,0.0,0.0,0.0,0.0,0.0,0.0,0.0,0.0,0.0,0.0,0.0,0.0,0.0,0.0,0.0,0.0
075130,플랜티넷,코스닥,"컴퓨터 프로그래밍, 시스템 통합 및 관리업",유해사이트차단서비스,2050.0,13789.0,27991805.0,0.0,22445.0,0.07999999821186066,2797.0,5715760.0,-2797.0,-5715760.0,0.0,0.0,0.0,0.0,0.0,0.0,0.0,0.0,0.0,0.0,0.0,0.0,0.0,0.0,0.0,0.0,0.0,0.0
237820,플레이디,코스닥,광고업,온라인 광고 대행,2330.0,2567894.0,6696464859.0,0.0,3718025.0,0.05999999865889549,68632.0,194194566.0,-60892.0,-174277561.0,0.0,35655.0,0.0,35655.0,0.0,0.0,0.0,0.0,0.0,0.0,0.0,0.0,0.0,0.0,-8277.0,-21620985.0,537.0,1668325.0
023770,플레이위드,코스닥,소프트웨어 개발 및 공급업,게임소프트웨어,2330.0,16645.0,38521320.0,-0.4300000071525574,783525.0,2.0299999713897705,-6156.0,-14265950.0,-3664.0,-8475260.0,0.0,-6420.0,0.0,-6420.0,0.0,0.0,0.0,0.0,0.0,0.0,0.0,0.0,0.0,0.0,3321.0,7703970.0,6499.0,15043660.0
300080,플리토,코스닥,"자료처리, 호스팅, 포털 및 기타 인터넷 정보매개 서비스업",언어 데이터 구축 및 판매,8640.0,47045.0,404570065.0,4.099999904632568,7006190.0,1.1100000143051147,-20282.0,-174488355.0,19878.0,171007585.0,550.0,4739340.0,550.0,4739340.0,0.0,0.0,0.0,0.0,0.0,0.0,0.0,0.0,0.0,0.0,-108.0,-927720.0,-38.0,-330850.0
033790,피노,코스닥,일차전지 및 이차전지 제조업,"전구체, 관련 소재",6050.0,546126.0,3409763620.0,-2.7300000190734863,64002875.0,1.8799999952316284,91623.0,573739970.0,-79733.0,-500055560.0,0.0,-180.0,0.0,-180.0,0.0,0.0,0.0,0.0,0.0,0.0,0.0,0.0,0.0,0.0,-13152.0,-81417840.0,1262.0,7733610.0
032580,피델릭스,코스닥,반도체 제조업,PSRAM 및 LPSDRAM,4280.0,853257.0,3548960035.0,6.46999979019165,110620785.0,3.119999885559082,24394.0,90895610.0,12157.0,61123662.0,-31315.0,-130884152.0,-545.0,-2292985.0,0.0,0.0,-647.0,-2649667.0,0.0,0.0,0.0,0.0,-30123.0,-125941500.0,-5726.0,-23108505.0,490.0,1973385.0
0117P0,피스피스스튜디오,코스닥,"섬유, 의복, 신발 및 가죽제품 소매업","의류, 모자, 신발, 액세서리, 기타, 여자용 겉옷",5370.0,159948.0,857390785.0,-2.190000057220459,42309440.0,4.929999828338623,22388.0,119703485.0,-61284.0,-328415865.0,27069.0,145147800.0,27700.0,148519540.0,0.0,0.0,0.0,0.0,0.0,0.0,0.0,0.0,-631.0,-3371740.0,11827.0,63564580.0,0.0,0.0
051380,피씨디렉트,코스닥,기계장비 및 관련 물품 도매업,"스토리지(HDD), 프로세서(CPU), Memory, Monitor등",1576.0,57612.0,90586935.0,-0.6299999952316284,0.0,0.0,2325.0,3568490.0,14810.0,23259805.0,0.0,11.0,0.0,11.0,0.0,0.0,0.0,0.0,0.0,0.0,0.0,0.0,0.0,0.0,-17135.0,-26828306.0,0.0,0.0
241820,피씨엘,코스닥,의료용품 및 기타 의약 관련제품 제조업,"다중 체외진단 제품, 플랫폼서비스",6040.0,0.0,0.0,0.0,0.0,0.0,0.0,0.0,0.0,0.0,0.0,0.0,0.0,0.0,0.0,0.0,0.0,0.0,0.0,0.0,0.0,0.0,0.0,0.0,0.0,0.0,0.0,0.0
452450,피아이이,코스닥,특수 목적용 기계 제조업,AI 비전 솔루션 및 스마트팩토리 솔루션,3270.0,26518.0,87794950.0,1.0800000429153442,2343395.0,2.6700000762939453,-2230.0,-7373415.0,2230.0,7373415.0,0.0,0.0,0.0,0.0,0.0,0.0,0.0,0.0,0.0,0.0,0.0,0.0,0.0,0.0,0.0,0.0,0.0,0.0
237750,피앤씨테크,코스닥,"전동기, 발전기 및 전기 변환 · 공급 · 제어 장치 제조업",배전자동화단말장치,3615.0,4755.0,17100345.0,0.699999988079071,0.0,0.0,-518.0,-1861555.0,519.0,1865165.0,0.0,0.0,0.0,0.0,0.0,0.0,0.0,0.0,0.0,0.0,0.0,0.0,0.0,0.0,0.0,0.0,-1.0,-3610.0
460940,피앤에스로보틱스,코스닥,의료용 기기 제조업,보행재활로봇 시스템,5370.0,55810.0,300877940.0,0.3700000047683716,31639140.0,10.520000457763672,-174.0,-1330970.0,-154.0,-422370.0,0.0,-1800.0,0.0,-1800.0,0.0,0.0,0.0,0.0,0.0,0.0,0.0,0.0,0.0,0.0,-1.0,-5330.0,329.0,1760470.0
319660,피에스케이,코스닥,특수 목적용 기계 제조업,"드라이스트립, 드라이클리닝",130100.0,193152.0,25149400100.0,0.7699999809265137,3412476300.0,10.279999732971191,28361.0,3656630700.0,-15092.0,-1955112750.0,-11898.0,-1523732050.0,-14351.0,-1859504600.0,-338.0,-43724250.0,909.0,124331300.0,0.0,0.0,-7402.0,-964768050.0,9458.0,1242531850.0,-1202.0,-155942200.0,-169.0,-21843700.0
031980,피에스케이홀딩스,코스닥,특수 목적용 기계 제조업,"Descum, Reflow",115400.0,142683.0,16583826400.0,2.8499999046325684,2544885600.0,12.050000190734863,6942.0,781781550.0,-55458.0,-6443971700.0,48758.0,5689939350.0,5987.0,695762500.0,2302.0,268640200.0,8439.0,983991400.0,0.0,0.0,11055.0,1289774950.0,20976.0,2451886100.0,-199.0,-22715000.0,-43.0,-5034200.0
002230,피에스텍,코스닥,"측정, 시험, 항해, 제어 및 기타 정밀기기 제조업; 광학기기 제외","적산계기, 전기차충전기, 신재생에너지 발전소 설치",5270.0,53658.0,278346335.0,4.150000095367432,83390.0,0.029999999329447746,-3486.0,-17567955.0,3158.0,15836585.0,349.0,1839310.0,349.0,1839310.0,0.0,0.0,0.0,0.0,0.0,0.0,0.0,0.0,0.0,0.0,0.0,0.0,-21.0,-107940.0
043370,피에이치에이,코스닥,자동차 신품 부품 제조업,"자동차용 도어랫치, 도어힌지",10930.0,22370.0,245954245.0,-0.27000001072883606,7180680.0,2.7200000286102295,-5401.0,-59544955.0,-6857.0,-75299780.0,12058.0,132646735.0,0.0,120.0,2874.0,31666780.0,1723.0,19000770.0,0.0,0.0,-4000.0,-44048575.0,11461.0,126027640.0,200.0,2198000.0,0.0,0.0
239890,피엔에이치테크,코스닥,기초 화학물질 제조업,OLED 소재,3275.0,11809.0,38995720.0,0.6100000143051147,0.0,0.0,4557.0,15041915.0,444.0,1345840.0,-5001.0,-16387755.0,-132.0,-446820.0,0.0,0.0,0.0,0.0,0.0,0.0,0.0,0.0,0.0,0.0,0.0,0.0,0.0,0.0
347740,피엔케이피부임상연구센타,코스닥,"그외 기타 전문, 과학 및 기술 서비스업",피부인체적용시험,1928.0,23635.0,45115553.0,-1.7300000190734863,907877.0,2.009999990463257,1586.0,3112424.0,-1656.0,-3248334.0,0.0,0.0,0.0,0.0,0.0,0.0,0.0,0.0,0.0,0.0,0.0,0.0,0.0,0.0,0.0,0.0,70.0,135910.0
137400,피엔티,코스닥,특수 목적용 기계 제조업,2차전지 및 전자소재용 Roll-to-Roll 장비,29850.0,106977.0,3214401250.0,0.0,487721400.0,9.569999694824219,37122.0,1113809600.0,-42195.0,-1266625725.0,5041.0,151853775.0,2066.0,63240700.0,-12.0,-356725.0,2807.0,83589250.0,0.0,0.0,0.0,0.0,180.0,5380550.0,26.0,784250.0,6.0,178100.0
257370,피엔티엠에스,코스닥,특수 목적용 기계 제조업,"2차전지 분리막 제조설비, 디스플레이용 생산설비",2050.0,18003.0,37553780.0,-2.380000114440918,2170.0,0.009999999776482582,-3106.0,-6474990.0,2619.0,5474260.0,0.0,0.0,0.0,0.0,0.0,0.0,0.0,0.0,0.0,0.0,0.0,0.0,0.0,0.0,-83.0,-173470.0,570.0,1174200.0
147760,피엠티,코스닥,"측정, 시험, 항해, 제어 및 기타 정밀기기 제조업; 광학기기 제외",반도체 검사용 프로브카드,3385.0,55066.0,186074819.0,-1.4600000381469727,2629275.0,1.409999966621399,18176.0,61290351.0,-10238.0,-34648746.0,-7988.0,-26812005.0,-7988.0,-26812005.0,0.0,0.0,0.0,0.0,0.0,0.0,0.0,0.0,0.0,0.0,0.0,0.0,50.0,170400.0
128660,피제이메탈,코스닥,1차 비철금속 제조업,"탈산제, 조재제",2990.0,89204.0,266359644.0,-0.33000001311302185,296370.0,0.10999999940395355,12207.0,36410483.0,-13450.0,-40080458.0,1243.0,3669975.0,1243.0,3669975.0,0.0,0.0,0.0,0.0,0.0,0.0,0.0,0.0,0.0,0.0,0.0,0.0,0.0,0.0
006140,피제이전자,코스닥,의료용 기기 제조업,EMS Business(의료용기기제조외),4775.0,31492.0,151597305.0,-1.850000023841858,189520.0,0.12999999523162842,1007.0,4943155.0,878.0,4241350.0,-1885.0,-9184505.0,-1885.0,-9184505.0,0.0,0.0,0.0,0.0,0.0,0.0,0.0,0.0,0.0,0.0,0.0,0.0,0.0,0.0
376180,피코그램,코스닥,그외 기타 제품 제조업,"정수기, 정수기 필터",1584.0,23990.0,37451183.0,1.0800000429153442,1267997.0,3.390000104904175,12354.0,19247748.0,-12354.0,-19247748.0,0.0,0.0,0.0,0.0,0.0,0.0,0.0,0.0,0.0,0.0,0.0,0.0,0.0,0.0,0.0,0.0,0.0,0.0
304840,피플바이오,코스닥,의료용품 및 기타 의약 관련제품 제조업,올리고머화 베타-아밀로이드 검사제품(알츠하이머병 진단),561.0,0.0,0.0,0.0,0.0,0.0,0.0,0.0,0.0,0.0,0.0,0.0,0.0,0.0,0.0,0.0,0.0,0.0,0.0,0.0,0.0,0.0,0.0,0.0,0.0,0.0,0.0,0.0
087600,픽셀플러스,코스닥,전자부품 제조업,CMOS 이미지센서 및 칩셋,3820.0,23664.0,88606160.0,-0.7799999713897705,0.0,0.0,2191.0,8069440.0,2339.0,8752090.0,-4114.0,-15282330.0,-4114.0,-15282330.0,0.0,0.0,0.0,0.0,0.0,0.0,0.0,0.0,0.0,0.0,-416.0,-1539200.0,0.0,0.0
291810,핀텔,코스닥,소프트웨어 개발 및 공급업,AI 영상 분석 솔루션 및 소프트웨어,1343.0,144794.0,192553080.0,0.30000001192092896,234591.0,0.11999999731779099,-9372.0,-12337796.0,28454.0,37780822.0,-19782.0,-26365026.0,-19782.0,-26365026.0,0.0,0.0,0.0,0.0,0.0,0.0,0.0,0.0,0.0,0.0,700.0,922000.0,0.0,0.0
378340,필에너지,코스닥,특수 목적용 기계 제조업,2차전지 제조장비,10430.0,24448.0,255207310.0,2.559999942779541,20456380.0,5.309999942779541,-4823.0,-50203700.0,5426.0,56520050.0,0.0,0.0,0.0,0.0,0.0,0.0,0.0,0.0,0.0,0.0,0.0,0.0,0.0,0.0,-600.0,-6285000.0,-3.0,-31350.0
161580,필옵틱스,코스닥,특수 목적용 기계 제조업,디스플레이 및 반도체 제조공정용 제작,27950.0,67429.0,1890778850.0,2.759999990463257,600297950.0,23.690000534057617,2825.0,78605675.0,-12204.0,-343091675.0,9378.0,264459350.0,9329.0,263089600.0,-12.0,-333750.0,61.0,1703500.0,0.0,0.0,0.0,0.0,0.0,0.0,6.0,166850.0,-5.0,-140200.0
347770,핌스,코스닥,전자부품 제조업,OLED Metal Mask,959.0,183242.0,178611219.0,-4.0,7261713.0,4.070000171661377,1882.0,2314561.0,-25474.0,-25009139.0,0.0,0.0,0.0,0.0,0.0,0.0,0.0,0.0,0.0,0.0,0.0,0.0,0.0,0.0,23592.0,22694578.0,0.0,0.0
163730,핑거,코스닥,소프트웨어 개발 및 공급업,"스마트 금융 플랫폼, 핀테크 금융 솔루션",10400.0,506860.0,5504060295.0,11.829999923706055,52882550.0,0.9599999785423279,19211.0,239776590.0,-15715.0,-202392260.0,-3286.0,-35381500.0,714.0,8218500.0,0.0,0.0,-4000.0,-43600000.0,0.0,0.0,0.0,0.0,0.0,0.0,-327.0,-3269410.0,117.0,1266580.0
417180,핑거스토리,코스닥,기타 정보 서비스업,"웹툰, 디지털 만화, 웹소설",3860.0,7386.0,28306060.0,0.6499999761581421,0.0,0.0,2053.0,7871635.0,-2053.0,-7865475.0,0.0,-6160.0,0.0,-6160.0,0.0,0.0,0.0,0.0,0.0,0.0,0.0,0.0,0.0,0.0,0.0,0.0,0.0,0.0
469900,하나31호스팩,코스닥,금융 지원 서비스업,기업인수합병,2092.0,120401.0,251984864.0,-0.14000000059604645,0.0,0.0,-64268.0,-134439620.0,-8430.0,-17618700.0,-47000.0,-98455000.0,0.0,0.0,0.0,0.0,0.0,0.0,0.0,0.0,0.0,0.0,-47000.0,-98455000.0,119698.0,250513320.0,0.0,0.0
475240,하나32호스팩,코스닥,금융 지원 서비스업,기업인수합병,2090.0,653.0,1357128.0,0.47999998927116394,0.0,0.0,0.0,0.0,0.0,0.0,0.0,0.0,0.0,0.0,0.0,0.0,0.0,0.0,0.0,0.0,0.0,0.0,0.0,0.0,0.0,0.0,0.0,0.0
475250,하나33호스팩,코스닥,금융 지원 서비스업,기업인수합병,2070.0,4978.0,10302300.0,0.0,0.0,0.0,0.0,0.0,0.0,0.0,0.0,0.0,0.0,0.0,0.0,0.0,0.0,0.0,0.0,0.0,0.0,0.0,0.0,0.0,0.0,0.0,0.0,0.0
484130,하나34호스팩,코스닥,금융 지원 서비스업,기업인수목적,2020.0,10122.0,20445660.0,0.0,0.0,0.0,10006.0,20211180.0,-1.0,-2030.0,-10005.0,-20209150.0,0.0,0.0,0.0,0.0,0.0,0.0,0.0,0.0,0.0,0.0,-10005.0,-20209150.0,0.0,0.0,0.0,0.0
0041L0,하나35호스팩,코스닥,금융 지원 서비스업,기업인수합병,1993.0,5104.0,10136220.0,-0.30000001192092896,0.0,0.0,5000.0,9929524.0,0.0,-59.0,-5000.0,-9929465.0,0.0,0.0,0.0,0.0,0.0,0.0,0.0,0.0,0.0,0.0,-5000.0,-9929465.0,0.0,0.0,0.0,0.0
0101C0,하나36호스팩,코스닥,금융 지원 서비스업,기업인수합병,1977.0,12684.0,25016834.0,-0.6000000238418579,0.0,0.0,5953.0,11743138.0,47.0,92660.0,-6000.0,-11835798.0,0.0,0.0,0.0,0.0,0.0,0.0,0.0,0.0,0.0,0.0,-6000.0,-11835798.0,0.0,0.0,0.0,0.0
299030,하나기술,코스닥,특수 목적용 기계 제조업,이차전지 양산 자동화 설비 제조,14070.0,37205.0,521720585.0,3.9100000858306885,30252710.0,4.570000171661377,-2643.0,-36617315.0,1532.0,20530245.0,1117.0,16174210.0,312.0,4940030.0,0.0,0.0,805.0,11234180.0,0.0,0.0,0.0,0.0,0.0,0.0,-6.0,-87140.0,0.0,0.0
067310,하나마이크론,코스닥,반도체 제조업,"반도체패키징,IOT",36900.0,1535497.0,57034648175.0,0.8199999928474426,3804379500.0,6.670000076293945,232635.0,8633216550.0,-236216.0,-8766163900.0,3813.0,142693075.0,40244.0,1489408350.0,-437.0,-16028200.0,-34688.0,-1282771175.0,0.0,0.0,-2926.0,-107336475.0,1620.0,59420575.0,2931.0,107777500.0,-3163.0,-117523225.0
166090,하나머티리얼즈,코스닥,반도체 제조업,"실리콘부품, 세라믹부품, 특수가스",55800.0,110674.0,6178739650.0,0.7200000286102295,516654600.0,6.010000228881836,11230.0,624063050.0,-14691.0,-818944100.0,3166.0,178338750.0,2108.0,119061250.0,1045.0,58170700.0,23.0,1665600.0,0.0,0.0,-9.0,-502900.0,0.0,0.0,294.0,16484800.0,1.0,57500.0
136480,하림,코스닥,"도축, 육류 가공 및 저장 처리업","육계, 육계가공식품",2650.0,188118.0,499116136.0,0.5699999928474426,25054305.0,5.019999980926514,25579.0,67492218.0,-25506.0,-67299223.0,-63.0,-166950.0,-63.0,-166950.0,0.0,0.0,0.0,0.0,0.0,0.0,0.0,0.0,0.0,0.0,0.0,0.0,-10.0,-26045.0
003380,하림지주,코스닥,기타 금융업,지주사업,10710.0,526601.0,5737694755.0,0.3700000047683716,358910015.0,6.260000228881836,16820.0,178509025.0,-58521.0,-634415650.0,41442.0,453237775.0,16816.0,184740970.0,0.0,0.0,29293.0,318406070.0,0.0,0.0,-30.0,-328100.0,-4637.0,-49581165.0,108.0,1038780.0,151.0,1630070.0
450330,하스,코스닥,의료용품 및 기타 의약 관련제품 제조업,"리튬디실리케이트 수복소재(Amber block, Amber Ingot 등), 지르코니아 유치관",5090.0,22053.0,110858785.0,0.9900000095367432,849020.0,0.7699999809265137,-4913.0,-24971850.0,1841.0,9345895.0,2829.0,14414115.0,2829.0,14414115.0,0.0,0.0,0.0,0.0,0.0,0.0,0.0,0.0,0.0,0.0,243.0,1211840.0,0.0,0.0
101670,하이드로리튬,코스닥,"구조용 금속제품, 탱크 및 증기발생기 제조업","영구앵커,교량용케이블,타이케이블",585.0,925689.0,546001891.0,-5.03000020980835,18617033.0,3.4100000858306885,150424.0,88713023.0,-150847.0,-88984557.0,0.0,0.0,0.0,0.0,0.0,0.0,0.0,0.0,0.0,0.0,0.0,0.0,0.0,0.0,-2100.0,-1218349.0,2523.0,1489883.0
365590,하이딥,코스닥,반도체 제조업,UIUX Solution,783.0,0.0,0.0,0.0,0.0,0.0,0.0,0.0,0.0,0.0,0.0,0.0,0.0,0.0,0.0,0.0,0.0,0.0,0.0,0.0,0.0,0.0,0.0,0.0,0.0,0.0,0.0,0.0
149980,하이로닉,코스닥,의료용 기기 제조업,피부미용 의료기기,4960.0,23835.0,118853885.0,0.6100000143051147,353650.0,0.30000001192092896,6288.0,31654375.0,-5023.0,-25343105.0,-942.0,-4691160.0,-942.0,-4691160.0,0.0,0.0,0.0,0.0,0.0,0.0,0.0,0.0,0.0,0.0,-303.0,-1519610.0,-20.0,-100500.0
013030,하이록코리아,코스닥,1차 철강 제조업,관이음쇠,30800.0,21875.0,680497000.0,-0.8100000023841858,9913300.0,1.100000023841858,11523.0,356470625.0,-9884.0,-305660725.0,-2419.0,-74953000.0,32.0,1015500.0,-57.0,-1744450.0,0.0,0.0,0.0,0.0,-2394.0,-74224050.0,0.0,0.0,769.0,23797450.0,11.0,345650.0
126700,하이비젼시스템,코스닥,사진장비 및 광학기기 제조업,카메라모듈 제조검사용 장비,10460.0,78733.0,817246150.0,1.059999942779541,21065250.0,2.5799999237060547,-7574.0,-78111480.0,4075.0,40087870.0,3499.0,38023610.0,0.0,150.0,0.0,0.0,-15500.0,-159780920.0,0.0,0.0,0.0,0.0,18999.0,197804380.0,0.0,0.0,0.0,0.0
160190,하이젠알앤엠,코스닥,"전동기, 발전기 및 전기 변환 · 공급 · 제어 장치 제조업","전동기 및 발전기 (범용모터, 서보모터)",19810.0,116792.0,2291805340.0,2.5399999618530273,84938605.0,3.7100000381469727,2307.0,46192430.0,-8001.0,-158149815.0,6686.0,131392375.0,6773.0,133100440.0,0.0,0.0,0.0,0.0,0.0,0.0,0.0,0.0,-87.0,-1708065.0,-800.0,-15685960.0,-192.0,-3749030.0
221840,하이즈항공,코스닥,"항공기,우주선 및 부품 제조업",B787 날개구조물 등,2025.0,2936.0,5914357.0,1.0,2005.0,0.029999999329447746,-406.0,-813332.0,406.0,813332.0,0.0,0.0,0.0,0.0,0.0,0.0,0.0,0.0,0.0,0.0,0.0,0.0,0.0,0.0,0.0,0.0,0.0,0.0
106190,하이텍팜,코스닥,기초 의약물질 제조업,주사제용 무균 원료의약품(Sterile Imipenem 외),12300.0,42689.0,523102920.0,0.4099999964237213,12739800.0,2.440000057220459,579.0,7180740.0,-825.0,-10133670.0,246.0,2971680.0,246.0,2971680.0,0.0,0.0,0.0,0.0,0.0,0.0,0.0,0.0,0.0,0.0,0.0,-18750.0,0.0,0.0
065650,하이퍼코퍼레이션,코스닥,기계장비 및 관련 물품 도매업,음반재킷 제작,1684.0,14930.0,25225184.0,-0.30000001192092896,0.0,0.0,-1242.0,-2090598.0,1288.0,2167924.0,-46.0,-77326.0,-46.0,-77326.0,0.0,0.0,0.0,0.0,0.0,0.0,0.0,0.0,0.0,0.0,0.0,0.0,0.0,0.0
066130,하츠,코스닥,가정용 기기 제조업,"레인지후드, 빌트인 기기 등",3380.0,55511.0,188764321.0,-2.869999885559082,31020.0,0.019999999552965164,5979.0,20509956.0,-6614.0,-22617316.0,485.0,1601110.0,485.0,1601110.0,0.0,0.0,0.0,0.0,0.0,0.0,0.0,0.0,0.0,0.0,150.0,506250.0,0.0,0.0
004590,한국가구,코스닥,기타 상품 전문 소매업,소파,4925.0,43272.0,213484530.0,-0.9100000262260437,4197865.0,1.9700000286102295,13842.0,68330495.0,-4228.0,-20932340.0,-9618.0,-47417955.0,-865.0,-4281915.0,0.0,0.0,-6262.0,-30858475.0,0.0,0.0,0.0,0.0,-2491.0,-12277565.0,0.0,0.0,4.0,19800.0
039340,한국경제TV,코스닥,텔레비전 방송업,"광고수입, 협찬수입",4965.0,7205.0,35281400.0,1.3300000429153442,0.0,0.0,959.0,4683050.0,-112.0,-542235.0,-847.0,-4140815.0,-847.0,-4140815.0,0.0,0.0,0.0,0.0,0.0,0.0,0.0,0.0,0.0,0.0,0.0,0.0,0.0,0.0
034950,한국기업평가,코스닥,기타 사업지원 서비스업,"신용평가, 컨설팅, 위험관리솔루션",101400.0,564.0,57376300.0,-0.20000000298023224,0.0,0.0,287.0,29175100.0,-303.0,-30829100.0,1.0,130500.0,1.0,130500.0,0.0,0.0,0.0,0.0,0.0,0.0,0.0,0.0,0.0,0.0,15.0,1523500.0,0.0,0.0
222980,한국맥널티,코스닥,기타 식품 제조업,커피 및 의약품,2180.0,6084.0,13232370.0,0.0,0.0,0.0,-36.0,-77745.0,137.0,296910.0,-1.0,-2165.0,-1.0,-2165.0,0.0,0.0,0.0,0.0,0.0,0.0,0.0,0.0,0.0,0.0,0.0,0.0,-100.0,-217000.0
256840,한국비엔씨,코스닥,기초 의약물질 제조업,필러 등 생체재료의료물질 개발,2480.0,380892.0,957494221.0,2.2699999809265137,111752495.0,11.670000076293945,51308.0,127809581.0,-51177.0,-127486061.0,-93.0,-229325.0,-93.0,-229325.0,0.0,0.0,0.0,0.0,0.0,0.0,0.0,0.0,0.0,0.0,14.0,34090.0,-52.0,-128285.0
219750,한국비티비,코스닥,의료용 기기 제조업,의료기기 및 미용기기,1689.0,1624.0,2715919.0,1.0800000429153442,0.0,0.0,128.0,212380.0,-128.0,-212380.0,0.0,0.0,0.0,0.0,0.0,0.0,0.0,0.0,0.0,0.0,0.0,0.0,0.0,0.0,0.0,0.0,0.0,0.0
025550,한국선재,코스닥,1차 철강 제조업,철강선재류,2185.0,37760.0,82236439.0,0.46000000834465027,94900.0,0.11999999731779099,9204.0,19981099.0,-9194.0,-19959299.0,0.0,0.0,0.0,0.0,0.0,0.0,0.0,0.0,0.0,0.0,0.0,0.0,0.0,0.0,0.0,0.0,-10.0,-21800.0
017890,한국알콜,코스닥,기타 화학제품 제조업,주정,13360.0,46207.0,622593440.0,-2.049999952316284,30475760.0,4.889999866485596,7686.0,104649780.0,-7653.0,-104235525.0,-418.0,-5601515.0,-26.0,-346980.0,0.0,0.0,-392.0,-5254535.0,0.0,0.0,0.0,0.0,0.0,0.0,480.0,6472000.0,-95.0,-1284740.0
080720,한국유니온제약,코스닥,의약품 제조업,"항생제, 순환기계, 근골격계, 소화기계류 완제의약품",2725.0,0.0,0.0,0.0,0.0,0.0,0.0,0.0,0.0,0.0,0.0,0.0,0.0,0.0,0.0,0.0,0.0,0.0,0.0,0.0,0.0,0.0,0.0,0.0,0.0,0.0,0.0,0.0
041460,한국전자인증,코스닥,소프트웨어 개발 및 공급업,"개인용이메일 보안,인증업무,전자상거래관련 인증서비스/기업용 인증솔루션 제공",3380.0,31145.0,105013315.0,2.890000104904175,238060.0,0.23000000417232513,-4361.0,-14762177.0,2294.0,7769635.0,2019.0,6830302.0,6.0,20255.0,0.0,0.0,0.0,0.0,0.0,0.0,0.0,0.0,2013.0,6810047.0,0.0,0.0,48.0,162240.0
101680,한국정밀기계,코스닥,특수 목적용 기계 제조업,"금속절삭가공기계(수치제어식 수평보링머신,오면가공기,수직선반,플로우보링머신),산업기계(전용기,공작기계부품) 제조,판매",2725.0,10339.0,27967715.0,-0.18000000715255737,127555.0,0.46000000834465027,-4689.0,-12667155.0,-287.0,-768295.0,0.0,0.0,0.0,0.0,0.0,0.0,0.0,0.0,0.0,0.0,0.0,0.0,0.0,0.0,4976.0,13435450.0,0.0,0.0
039740,한국정보공학,코스닥,기타 전문 도매업,"그룹웨어, 자료관리시스템",3070.0,23213.0,70377155.0,2.3299999237060547,0.0,0.0,-1674.0,-4879460.0,1674.0,4879460.0,0.0,0.0,0.0,0.0,0.0,0.0,0.0,0.0,0.0,0.0,0.0,0.0,0.0,0.0,0.0,0.0,0.0,0.0
053300,한국정보인증,코스닥,소프트웨어 개발 및 공급업,"공인인증서, PKI솔루션 등",4795.0,188748.0,881109275.0,8.979999542236328,3741310.0,0.41999998688697815,-8938.0,-40476245.0,8022.0,36007910.0,1500.0,7182500.0,1500.0,7182500.0,0.0,0.0,0.0,0.0,0.0,0.0,0.0,0.0,0.0,0.0,-595.0,-2766230.0,11.0,52065.0
025770,한국정보통신,코스닥,전기 통신업,"신용카드부가통신업(VAN),전자지급결제대행업(PG)",7690.0,15831.0,122311055.0,2.119999885559082,200380.0,0.1599999964237213,-7.0,-96055.0,6.0,80975.0,0.0,7370.0,0.0,7370.0,0.0,0.0,0.0,0.0,0.0,0.0,0.0,0.0,0.0,0.0,0.0,0.0,1.0,7710.0
479880,한국제15호스팩,코스닥,금융 지원 서비스업,기업인수합병,2055.0,6870.0,14080159.0,0.0,0.0,0.0,5024.0,10295800.0,0.0,0.0,-5024.0,-10295800.0,12.0,24660.0,0.0,0.0,0.0,0.0,0.0,0.0,0.0,0.0,-5036.0,-10320460.0,0.0,0.0,0.0,0.0
0164H0,한국제16호스팩,코스닥,금융 지원 서비스업,기업인수합병,1950.0,10652.0,20759233.0,0.0,0.0,0.0,5326.0,10380680.0,-2045.0,-3985584.0,-3271.0,-6375616.0,0.0,0.0,0.0,0.0,0.0,0.0,0.0,0.0,0.0,0.0,-3271.0,-6375616.0,0.0,0.0,-10.0,-19480.0
062970,한국첨단소재,코스닥,통신 및 방송 장비 제조업,"데이터센터용 AWG, 통신용 AWG, 스플리터, 계측기 등",2415.0,3533365.0,8808273002.0,6.619999885559082,82501079.0,0.9399999976158142,205076.0,528476840.0,-216694.0,-554712745.0,0.0,-48525.0,0.0,-48525.0,0.0,0.0,0.0,0.0,0.0,0.0,0.0,0.0,0.0,0.0,9896.0,24315930.0,1722.0,1968500.0
062970,한국첨단소재,코스닥,통신 및 방송 장비 제조업,"데이터센터용 AWG, 통신용 AWG, 스플리터, 계측기 등",2415.0,3533365.0,8808273002.0,6.619999885559082,82501079.0,0.9399999976158142,205076.0,528476840.0,-216694.0,-554712745.0,0.0,-48525.0,0.0,-48525.0,0.0,0.0,0.0,0.0,0.0,0.0,0.0,0.0,0.0,0.0,9896.0,24315930.0,1722.0,1968500.0
023760,한국캐피탈,코스닥,기타 금융업,리스수수료,670.0,0.0,0.0,0.0,0.0,0.0,0.0,0.0,0.0,0.0,0.0,0.0,0.0,0.0,0.0,0.0,0.0,0.0,0.0,0.0,0.0,0.0,0.0,0.0,0.0,0.0,0.0,0.0
054040,한국컴퓨터,코스닥,전자부품 제조업,PCB Assembly (PBA),4535.0,39686.0,180818570.0,0.7799999713897705,5485095.0,3.0299999713897705,6552.0,30024522.0,-9069.0,-41488397.0,-3.0,-13605.0,-3.0,-13605.0,0.0,0.0,0.0,0.0,0.0,0.0,0.0,0.0,0.0,0.0,2520.0,11477480.0,0.0,0.0
021650,한국큐빅,코스닥,플라스틱제품 제조업,Curl Fit(표면처리사업),2050.0,2022.0,4112385.0,0.0,18270.0,0.4399999976158142,-34.0,-70000.0,34.0,70000.0,0.0,0.0,0.0,0.0,0.0,0.0,0.0,0.0,0.0,0.0,0.0,0.0,0.0,0.0,0.0,0.0,0.0,0.0
032300,한국파마,코스닥,의약품 제조업,"완제의약품(정신신경계, 소화기계, 순환기계, 항생항균, 기타)",7840.0,3192.0,24890200.0,1.159999966621399,0.0,0.0,-1143.0,-8891000.0,1233.0,9592160.0,1.0,7730.0,1.0,7730.0,0.0,0.0,0.0,0.0,0.0,0.0,0.0,0.0,0.0,0.0,0.0,0.0,-91.0,-708890.0
037230,한국팩키지,코스닥,"골판지, 종이 상자 및 종이용기 제조업","카톤팩, 골판지 상자",1364.0,64412.0,87473847.0,0.0,41022.0,0.05000000074505806,6569.0,8866536.0,-8721.0,-11834579.0,2152.0,2968043.0,2152.0,2968043.0,0.0,0.0,0.0,0.0,0.0,0.0,0.0,0.0,0.0,0.0,0.0,0.0,0.0,0.0
448900,한국피아이엠,코스닥,자동차 신품 부품 제조업,"내연기관 부품(터보차저, DCT변속기), IT 부품(스마트워치/스마트링), 자율주행 부품(카메라 모듈 케이스)",57900.0,63826.0,3747452400.0,-1.190000057220459,3024100.0,0.07999999821186066,17416.0,1028117150.0,-1096.0,-65690800.0,-18522.0,-1088127850.0,180.0,10647500.0,0.0,0.0,-5656.0,-332122850.0,0.0,0.0,0.0,0.0,-13046.0,-766652500.0,1963.0,111875200.0,239.0,13826300.0
052600,한네트,코스닥,전기 통신업,"현금서비스, 예금인출",2985.0,19771.0,58515050.0,1.0199999809265137,54120.0,0.09000000357627869,5442.0,16195900.0,-5263.0,-15661960.0,-130.0,-387185.0,-130.0,-387185.0,0.0,0.0,0.0,0.0,0.0,0.0,0.0,0.0,0.0,0.0,-49.0,-146755.0,0.0,0.0
256150,한독크린텍,코스닥,일반 목적용 기계 제조업,정수기 필터,4840.0,1276.0,6149515.0,1.6799999475479126,4815.0,0.07999999821186066,555.0,2677845.0,-280.0,-1349985.0,0.0,0.0,0.0,0.0,0.0,0.0,0.0,0.0,0.0,0.0,0.0,0.0,0.0,0.0,-275.0,-1327860.0,0.0,0.0
092460,한라IMS,코스닥,선박 및 보트 건조업,"선용원격자동측정시스템,선용원격자동경보시스템",17700.0,16071.0,285285345.0,-0.8399999737739563,6336090.0,1.25,1730.0,30783880.0,-1858.0,-33055860.0,-1.0,-17340.0,-1.0,-17340.0,0.0,0.0,0.0,0.0,0.0,0.0,0.0,0.0,0.0,0.0,129.0,2289320.0,0.0,0.0
125490,한라캐스트,코스닥,자동차 신품 부품 제조업,"마그네슘 및 알루미늄 다이캐스팅 제품(차량, 가전용 경량화 소재 부품)",12020.0,1305444.0,15684131715.0,-0.7400000095367432,308246250.0,1.9700000286102295,-2653.0,-23417185.0,-2961.0,-44157645.0,7441.0,89684480.0,7015.0,84567375.0,-64.0,-768760.0,33.0,400485.0,0.0,0.0,-30.0,-360420.0,490.0,5881850.0,233.0,2752000.0,-2060.0,-24861650.0
452190,한빛레이저,코스닥,특수 목적용 기계 제조업,산업용 레이저 가공장비,3690.0,65475.0,240726310.0,0.8199999928474426,2476415.0,1.0299999713897705,-2217.0,-7958525.0,9419.0,34335835.0,-53.0,-196365.0,-53.0,-196365.0,0.0,0.0,0.0,0.0,0.0,0.0,0.0,0.0,0.0,0.0,-7159.0,-26217545.0,10.0,36600.0
047080,한빛소프트,코스닥,소프트웨어 개발 및 공급업,"게임(스타크래프트 등), 교육, 솔루션",935.0,183081.0,167983215.0,1.0800000429153442,37092.0,0.019999999552965164,28108.0,25629197.0,-26940.0,-24557325.0,0.0,0.0,0.0,0.0,0.0,0.0,0.0,0.0,0.0,0.0,0.0,0.0,0.0,0.0,-1238.0,-1135462.0,70.0,63590.0
452280,한선엔지니어링,코스닥,기타 금속 가공제품 제조업,"계장용 피팅 및 밸브, 모듈",10840.0,152740.0,1662022990.0,1.2100000381469727,8397150.0,0.5099999904632568,13314.0,146572915.0,-14671.0,-162245405.0,687.0,8405310.0,1093.0,11837850.0,0.0,0.0,-6607.0,-71178940.0,0.0,0.0,0.0,0.0,6201.0,67746400.0,180.0,1949340.0,490.0,5317840.0
066980,한성크린텍,코스닥,"건축기술, 엔지니어링 및 관련 기술 서비스업",수처리설비EPC,1700.0,683767.0,1179106861.0,-1.6200000047683716,2836670.0,0.23999999463558197,13758.0,22508965.0,-12337.0,-20111709.0,0.0,0.0,0.0,0.0,0.0,0.0,0.0,0.0,0.0,0.0,0.0,0.0,0.0,0.0,0.0,0.0,-1421.0,-2397256.0
114810,한솔아이원스,코스닥,특수 목적용 기계 제조업,"반도체 장비 부품 제조 및 세정, LCD 장비 부품 제조",12570.0,215385.0,2703241420.0,5.360000133514404,120994400.0,3.430000066757202,30862.0,389229990.0,-39953.0,-504576730.0,2666.0,34627840.0,551.0,7835260.0,-10.0,-125560.0,2137.0,27068840.0,0.0,0.0,-11.0,-138150.0,0.0,0.0,6995.0,87863180.0,-570.0,-7144280.0
042520,한스바이오메드,코스닥,의료용품 및 기타 의약 관련제품 제조업,"인체이식용조직(인조피부,인조뼈),의료용시술재료(가슴보형물)",19500.0,126714.0,2478216735.0,2.309999942779541,24629150.0,0.8100000023841858,5614.0,107360545.0,44355.0,868330655.0,-52381.0,-1023190770.0,-9836.0,-192747850.0,-3908.0,-76574605.0,-12730.0,-248126050.0,0.0,0.0,-30907.0,-603781980.0,5000.0,98039715.0,2360.0,46503390.0,52.0,996180.0
430690,한싹,코스닥,소프트웨어 개발 및 공급업,망간자료전송,2620.0,96607.0,244258188.0,4.380000114440918,136510.0,0.05999999865889549,-7126.0,-17717309.0,7135.0,17750394.0,0.0,-10170.0,0.0,-10170.0,0.0,0.0,0.0,0.0,0.0,0.0,0.0,0.0,0.0,0.0,0.0,0.0,-9.0,-22915.0
078350,한양디지텍,코스닥,반도체 제조업,메모리 모듈,22700.0,88110.0,2003755700.0,0.8899999856948853,140746700.0,4.710000038146973,-24673.0,-560083050.0,12536.0,284775775.0,11576.0,262255225.0,1335.0,29770100.0,-8.0,-179650.0,10281.0,233382850.0,0.0,0.0,-9.0,-202300.0,-22.0,-493425.0,561.0,13052050.0,0.0,0.0
045100,한양이엔지,코스닥,"건축기술, 엔지니어링 및 관련 기술 서비스업",반도체배관설비,30400.0,79219.0,2423594425.0,0.1599999964237213,97068600.0,2.9000000953674316,4349.0,137454575.0,-11326.0,-349183175.0,-5184.0,-157319300.0,212.0,6517650.0,-24.0,-728400.0,0.0,0.0,0.0,0.0,0.0,0.0,-5372.0,-163108550.0,12161.0,369047900.0,0.0,0.0
320000,한울반도체,코스닥,특수 목적용 기계 제조업,비전검사장비,10410.0,66463.0,693236515.0,1.3600000143051147,41700.0,0.009999999776482582,-14357.0,-149367230.0,15111.0,157255580.0,1.0,10630.0,1.0,10630.0,0.0,0.0,0.0,0.0,0.0,0.0,0.0,0.0,0.0,0.0,1.0,11350.0,-756.0,-7910330.0
091440,한울소재과학,코스닥,통신 및 방송 장비 제조업,광전송장비,3110.0,129698.0,392589135.0,3.6700000762939453,69478000.0,17.700000762939453,15915.0,48394340.0,-3894.0,-12562485.0,-12021.0,-35831855.0,0.0,0.0,0.0,0.0,0.0,0.0,0.0,0.0,0.0,0.0,-12021.0,-35831855.0,0.0,0.0,0.0,0.0
276730,한울앤제주,코스닥,알코올음료 제조업,맥주,11470.0,0.0,0.0,0.0,0.0,0.0,0.0,0.0,0.0,0.0,0.0,0.0,0.0,0.0,0.0,0.0,0.0,0.0,0.0,0.0,0.0,0.0,0.0,0.0,0.0,0.0,0.0,0.0
024740,한일단조,코스닥,자동차 신품 부품 제조업,단조품,2120.0,57462.0,122170634.0,-0.9300000071525574,362385.0,0.30000001192092896,21537.0,45774724.0,-21557.0,-45817784.0,0.0,0.0,0.0,0.0,0.0,0.0,0.0,0.0,0.0,0.0,0.0,0.0,0.0,0.0,0.0,0.0,20.0,43060.0
005860,한일사료,코스닥,동물용 사료 및 조제식품 제조업,배합사료,2385.0,276507.0,656375518.0,0.8500000238418579,29285345.0,4.460000038146973,-61472.0,-146015155.0,63113.0,149868425.0,1.0,2350.0,1.0,2350.0,0.0,0.0,0.0,0.0,0.0,0.0,0.0,0.0,0.0,0.0,-293.0,-691515.0,-1349.0,-3164105.0
007770,한일화학,코스닥,기초 화학물질 제조업,산화아연,7570.0,2143.0,15871740.0,1.2000000476837158,961440.0,6.059999942779541,-18.0,-85005.0,18.0,85005.0,0.0,0.0,0.0,0.0,0.0,0.0,0.0,0.0,0.0,0.0,0.0,0.0,0.0,0.0,0.0,0.0,0.0,0.0
198940,한주라이트메탈,코스닥,1차 비철금속 제조업,알루미늄 기반 경량화 자동차 부품,1353.0,54336.0,73366522.0,-0.3700000047683716,44598.0,0.05999999865889549,-6414.0,-8685481.0,5688.0,7709241.0,716.0,962790.0,716.0,962790.0,0.0,0.0,0.0,0.0,0.0,0.0,0.0,0.0,0.0,0.0,0.0,0.0,10.0,13450.0
058450,한주에이알티,코스닥,"영화, 비디오물, 방송프로그램 제작 및 배급업","컴퓨터, 복사기 등의 부품",2175.0,108423.0,227659616.0,-2.680000066757202,709100.0,0.3100000023841858,-32916.0,-68883350.0,8356.0,17138535.0,0.0,-46585.0,0.0,-46585.0,0.0,0.0,0.0,0.0,0.0,0.0,0.0,0.0,0.0,0.0,22000.0,46403100.0,2560.0,5388300.0
107640,한중엔시에스,코스닥,"전동기, 발전기 및 전기 변환 · 공급 · 제어 장치 제조업","수냉식 냉각시스템 ESS Parts, 공랭식 ESS Module Parts, EV Module 및 내연기관 Parts",35800.0,109840.0,3944641400.0,4.679999828338623,292193600.0,4.96999979019165,-3877.0,-145182925.0,34550.0,1245011600.0,-30411.0,-1090278650.0,-3326.0,-119241875.0,-679.0,-24414400.0,-17451.0,-626169775.0,0.0,0.0,-12937.0,-463821100.0,3982.0,143368500.0,2.0,69700.0,-264.0,-9619725.0
079170,한창산업,코스닥,1차 비철금속 제조업,"아연말,리튬브로마이드,산화망간,인산아연",5730.0,4647.0,26573360.0,1.059999942779541,57070.0,0.20999999344348907,-1522.0,-8695980.0,-1106.0,-6329910.0,2292.0,13106650.0,2292.0,13106650.0,0.0,0.0,0.0,0.0,0.0,0.0,0.0,0.0,0.0,0.0,336.0,1919240.0,0.0,0.0
030520,한컴,코스닥,소프트웨어 개발 및 공급업,오피스소프트웨어,17520.0,111983.0,1966653305.0,2.4000000953674316,201646950.0,9.15999984741211,-10511.0,-184150555.0,3479.0,59026430.0,7532.0,133969025.0,7478.0,133022315.0,0.0,0.0,54.0,946710.0,0.0,0.0,0.0,0.0,0.0,0.0,-634.0,-11190700.0,134.0,2345800.0
054920,한컴위드,코스닥,소프트웨어 개발 및 공급업,전자상거래 보안 솔루션,3625.0,172849.0,629552776.0,2.690000057220459,15179930.0,2.4100000858306885,-2286.0,-8471910.0,2286.0,8471910.0,0.0,0.0,0.0,0.0,0.0,0.0,0.0,0.0,0.0,0.0,0.0,0.0,0.0,0.0,0.0,0.0,0.0,0.0
457370,한켐,코스닥,기초 화학물질 제조업,OLED 발광층 소재 등,9600.0,3072170.0,30956512965.0,-5.880000114440918,114001805.0,0.3700000047683716,-98182.0,-890886905.0,114382.0,1060109885.0,-5117.0,-53539340.0,-5117.0,-53539340.0,0.0,0.0,0.0,0.0,0.0,0.0,0.0,0.0,0.0,0.0,-5498.0,-55874280.0,-5585.0,-59809360.0
002680,한탑,코스닥,"곡물가공품, 전분 및 전분제품 제조업","소맥분(밀가루),배합사료",2315.0,491528.0,1177462437.0,-0.2199999988079071,1496485.0,0.12999999523162842,4045.0,10604153.0,-4006.0,-10612995.0,0.0,0.0,0.0,0.0,0.0,0.0,0.0,0.0,0.0,0.0,0.0,0.0,0.0,0.0,0.0,0.0,-39.0,8842.0
098070,한텍,코스닥,"구조용 금속제품, 탱크 및 증기발생기 제조업","열교환기 등 화공기기, 저장용 탱크",24750.0,36691.0,920844650.0,0.4099999964237213,110911900.0,7.510000228881836,5289.0,132288800.0,-5356.0,-134028450.0,91.0,2342050.0,-158.0,-3911600.0,0.0,0.0,38.0,956300.0,0.0,0.0,0.0,0.0,211.0,5297350.0,-24.0,-602400.0,0.0,0.0
408470,한패스,코스닥,기타 금융업,"디지털 송금 서비스, 전자지갑 서비스, 선불카드 서비스",5560.0,85700.0,487221735.0,3.7300000190734863,1977270.0,0.4099999964237213,2498.0,12661175.0,7925.0,45007205.0,-10342.0,-57198530.0,0.0,0.0,0.0,0.0,0.0,0.0,-10000.0,-55304340.0,0.0,0.0,-342.0,-1894190.0,-1.0,-5500.0,-80.0,-464350.0
498390,한화플러스제5호스팩,코스닥,금융 지원 서비스업,-,2035.0,0.0,0.0,0.0,0.0,0.0,0.0,0.0,0.0,0.0,0.0,0.0,0.0,0.0,0.0,0.0,0.0,0.0,0.0,0.0,0.0,0.0,0.0,0.0,0.0,0.0,0.0,0.0
034810,해성산업,코스닥,기타 금융업,시설관리 용역 및 부동산 임대,5940.0,52582.0,312988930.0,0.6800000071525574,0.0,0.0,-19319.0,-115062475.0,13353.0,79457535.0,5513.0,32929650.0,0.0,-6720.0,0.0,0.0,157.0,938290.0,0.0,0.0,0.0,0.0,5356.0,31998080.0,-40.0,-248000.0,493.0,2923290.0
03481K,해성산업1우,KOSDAQ,기타/미분류,기타/미분류,6120.0,286.0,1730500.0,-0.1599999964237213,0.0,0.0,15.0,90660.0,-15.0,-90660.0,0.0,0.0,0.0,0.0,0.0,0.0,0.0,0.0,0.0,0.0,0.0,0.0,0.0,0.0,0.0,0.0,0.0,0.0
059270,해성에어로보틱스,코스닥,기타 금속 가공제품 제조업,기어 및 동력전달장치,5910.0,53154.0,308458885.0,-0.6700000166893005,10007050.0,3.240000009536743,21803.0,126651845.0,-21503.0,-124891025.0,0.0,0.0,0.0,0.0,0.0,0.0,0.0,0.0,0.0,0.0,0.0,0.0,0.0,0.0,0.0,0.0,-300.0,-1760820.0
076610,해성옵틱스,코스닥,사진장비 및 광학기기 제조업,휴대폰용 렌즈모듈 및 카메라모듈,1471.0,1644612.0,2530375525.0,-4.789999961853027,3870531.0,0.15000000596046448,188689.0,298970323.0,-180937.0,-287326107.0,-115.0,-120497.0,-115.0,-120497.0,0.0,0.0,0.0,0.0,0.0,0.0,0.0,0.0,0.0,0.0,-6996.0,-10911460.0,-641.0,-612259.0
900270,헝셩그룹,코스닥,기타 금융업,자회사 제품 : 아동용 완구 및 아동복 등,420.0,0.0,0.0,0.0,0.0,0.0,0.0,0.0,0.0,0.0,0.0,0.0,0.0,0.0,0.0,0.0,0.0,0.0,0.0,0.0,0.0,0.0,0.0,0.0,0.0,0.0,0.0,0.0
214180,헥토이노베이션,코스닥,기타 정보 서비스업,휴대폰부가서비스,14580.0,124016.0,1829256055.0,4.889999866485596,44778550.0,2.450000047683716,-7093.0,-103963080.0,7601.0,110708550.0,-235.0,-2708610.0,-235.0,-2708610.0,0.0,0.0,0.0,0.0,0.0,0.0,0.0,0.0,0.0,0.0,-273.0,-4054260.0,0.0,17400.0
234340,헥토파이낸셜,코스닥,금융 지원 서비스업,"가상계좌중계, 간편현금결제",21450.0,1443996.0,31083995970.0,15.630000114440918,1196126150.0,3.8499999046325684,17943.0,439775925.0,-19972.0,-483687950.0,-6.0,-126700.0,-6.0,-126700.0,0.0,0.0,0.0,0.0,0.0,0.0,0.0,0.0,0.0,0.0,185.0,4022450.0,1850.0,40016275.0
084990,헬릭스미스,코스닥,자연과학 및 공학 연구개발업,"바이오신약, 천연물신약 연구개발",3145.0,86410.0,272501708.0,0.3199999928474426,1300125.0,0.47999998927116394,-8279.0,-26237392.0,12422.0,39432677.0,-1151.0,-3741535.0,-1151.0,-3741535.0,0.0,0.0,0.0,0.0,0.0,0.0,0.0,0.0,0.0,0.0,30.0,94050.0,-3022.0,-9547800.0
170030,현대공업,코스닥,자동차 신품 부품 제조업,"시트패드, 암레스트, 헤드레스트",4980.0,14597.0,72609485.0,-0.6000000238418579,1076255.0,1.4800000190734863,1328.0,6665635.0,-3544.0,-17662045.0,2216.0,10996410.0,-12.0,-59760.0,0.0,0.0,0.0,0.0,0.0,0.0,0.0,0.0,2228.0,11056170.0,0.0,0.0,0.0,0.0
319400,현대무벡스,코스닥,일반 목적용 기계 제조업,"물류자동화, IT서비스",24000.0,809481.0,19593678050.0,0.41999998688697815,1971641200.0,10.0600004196167,106747.0,2583677875.0,-92725.0,-2251424625.0,-16695.0,-397686550.0,24620.0,601090075.0,-36.0,-868175.0,-2970.0,-71554125.0,0.0,0.0,0.0,0.0,-38309.0,-926354325.0,2969.0,72383300.0,-296.0,-6950000.0
048410,현대바이오,코스닥,기타 화학제품 제조업,화장품 및 화장품원료,7090.0,637889.0,4581048355.0,-0.9800000190734863,240015845.0,5.239999771118164,23998.0,169349650.0,-43586.0,-310614705.0,29349.0,214202565.0,29038.0,211993175.0,0.0,0.0,311.0,2209390.0,0.0,0.0,0.0,0.0,0.0,0.0,-9218.0,-68634210.0,-543.0,-4303300.0
052260,현대바이오랜드,코스닥,기타 화학제품 제조업,"천연물질 추출물, 미생물 배양제품",4005.0,36483.0,144162300.0,2.559999942779541,23660.0,0.019999999552965164,4302.0,16992430.0,-1963.0,-7774525.0,-2359.0,-9297105.0,-2359.0,-9297105.0,0.0,0.0,0.0,0.0,0.0,0.0,0.0,0.0,0.0,0.0,0.0,0.0,20.0,79200.0
016790,현대사료,코스닥,동물용 사료 및 조제식품 제조업,"양계, 양돈 배합사료",994.0,0.0,0.0,0.0,0.0,0.0,0.0,0.0,0.0,0.0,0.0,0.0,0.0,0.0,0.0,0.0,0.0,0.0,0.0,0.0,0.0,0.0,0.0,0.0,0.0,0.0,0.0,0.0
041440,현대에버다임,코스닥,특수 목적용 기계 제조업,"콘크리트펌프트럭, 중장비개량사업",6200.0,36770.0,228490725.0,1.1399999856948853,9926610.0,4.340000152587891,-1615.0,-9984865.0,1613.0,9972425.0,2.0,12440.0,2.0,12440.0,0.0,0.0,0.0,0.0,0.0,0.0,0.0,0.0,0.0,0.0,0.0,0.0,0.0,0.0
039010,현대에이치티,코스닥,통신 및 방송 장비 제조업,스마트홈 제조,7300.0,53149.0,377984400.0,1.809999942779541,11072980.0,2.930000066757202,13342.0,94445050.0,-13292.0,-94047220.0,0.0,-7050.0,0.0,-7050.0,0.0,0.0,0.0,0.0,0.0,0.0,0.0,0.0,0.0,0.0,-50.0,-390780.0,0.0,0.0
090850,현대이지웰,코스닥,소프트웨어 개발 및 공급업,선택적복리후생서비스,5030.0,97387.0,490945075.0,-1.7599999904632568,4345540.0,0.8899999856948853,52468.0,264596185.0,-52705.0,-265786815.0,0.0,0.0,0.0,0.0,0.0,0.0,0.0,0.0,0.0,0.0,0.0,0.0,0.0,0.0,200.0,1003770.0,37.0,186860.0
460930,현대힘스,코스닥,선박 및 보트 건조업,"선박기자재 (선박 블록, 보강재, 도장 등)",14450.0,169816.0,2467376505.0,-0.6200000047683716,132722415.0,2.7799999713897705,15232.0,220699510.0,-15148.0,-219454460.0,-9.0,-129160.0,11.0,160660.0,-20.0,-289820.0,0.0,0.0,0.0,0.0,0.0,0.0,0.0,0.0,231.0,3347000.0,-306.0,-4462890.0
092300,현우산업,코스닥,전자부품 제조업,인쇄회로판(PCB),2825.0,120118.0,341379587.0,-3.0899999141693115,9144400.0,2.680000066757202,63301.0,180440945.0,-42217.0,-120921835.0,-21634.0,-61085610.0,0.0,0.0,0.0,0.0,-15305.0,-43223984.0,0.0,0.0,0.0,0.0,-6329.0,-17861626.0,500.0,1425000.0,50.0,141500.0
011080,형지I&C,코스닥,봉제의복 제조업,"의복, 악세사리",846.0,223803.0,187087342.0,0.36000001430511475,2568699.0,1.3700000047683716,-16508.0,-13438808.0,16254.0,13224895.0,0.0,0.0,0.0,0.0,0.0,0.0,0.0,0.0,0.0,0.0,0.0,0.0,0.0,0.0,0.0,0.0,254.0,213913.0
308100,형지글로벌,코스닥,"섬유, 의복, 신발 및 가죽제품 소매업",골프의류 및 골프잡화,397.0,541122.0,213045920.0,-4.110000133514404,170729.0,0.07999999821186066,57930.0,22494912.0,-57958.0,-22505608.0,0.0,0.0,0.0,0.0,0.0,0.0,0.0,0.0,0.0,0.0,0.0,0.0,0.0,0.0,0.0,0.0,28.0,10696.0
064240,홈캐스트,코스닥,기타 전문 도매업,디지털 셋톱박스,1547.0,33948.0,51597295.0,3.4100000858306885,1414033.0,2.740000009536743,-5805.0,-8741066.0,6114.0,9201167.0,-309.0,-460101.0,-309.0,-460101.0,0.0,0.0,0.0,0.0,0.0,0.0,0.0,0.0,0.0,0.0,0.0,0.0,0.0,0.0
039610,화성밸브,코스닥,일반 목적용 기계 제조업,"가스밸브, 매몰용접용 볼밸브, 온수분배기",5360.0,29390.0,158079410.0,-1.8300000429153442,1802260.0,1.1399999856948853,6028.0,32360490.0,-6028.0,-32360510.0,0.0,20.0,0.0,20.0,0.0,0.0,0.0,0.0,0.0,0.0,0.0,0.0,0.0,0.0,0.0,0.0,0.0,0.0
126640,화신정공,코스닥,자동차 신품 부품 제조업,자동차부품,4535.0,8334253.0,40398695975.0,-15.710000038146973,40210.0,0.0,449850.0,2229036332.0,-429649.0,-2108265894.0,13374.0,61919360.0,13374.0,61919360.0,0.0,0.0,0.0,0.0,0.0,0.0,0.0,0.0,0.0,0.0,-43020.0,-228829535.0,9445.0,46139737.0
127980,화인써키트,코스닥,전자부품 제조업,인쇄회로기판(PCB),2915.0,13229.0,38723865.0,-1.0199999809265137,0.0,0.0,4311.0,12747890.0,-4311.0,-12922635.0,0.0,0.0,0.0,0.0,0.0,0.0,0.0,0.0,0.0,0.0,0.0,0.0,0.0,0.0,0.0,0.0,0.0,174745.0
061250,화일약품,코스닥,의약품 제조업,의약품 원료,7990.0,3982.0,31782490.0,-0.75,1518320.0,4.78000020980835,945.0,7537000.0,-945.0,-7537000.0,0.0,0.0,0.0,0.0,0.0,0.0,0.0,0.0,0.0,0.0,0.0,0.0,0.0,0.0,0.0,0.0,0.0,0.0
097870,효성오앤비,코스닥,"비료, 농약 및 살균, 살충제 제조업","혼합유박비료,유기복합비료,혼합유기질비료",4680.0,55998.0,263314259.0,-3.309999942779541,23637175.0,8.979999542236328,-9511.0,-44787637.0,4620.0,21555112.0,429.0,2012195.0,429.0,2012195.0,0.0,0.0,0.0,0.0,0.0,0.0,0.0,0.0,0.0,0.0,0.0,0.0,4462.0,21220330.0
290270,휴네시온,코스닥,소프트웨어 개발 및 공급업,망간자료전송(i-oneNet),2790.0,29323.0,79887615.0,5.880000114440918,130225.0,0.1599999964237213,12002.0,32679010.0,-10628.0,-28870240.0,0.0,0.0,0.0,0.0,0.0,0.0,0.0,0.0,0.0,0.0,0.0,0.0,0.0,0.0,-1374.0,-3808770.0,0.0,0.0
353190,휴럼,코스닥,기타 식품 제조업,금융지원 서비스,2775.0,3559.0,9694855.0,-0.36000001430511475,362435.0,3.740000009536743,422.0,1146390.0,-422.0,-1146390.0,0.0,0.0,0.0,0.0,0.0,0.0,0.0,0.0,0.0,0.0,0.0,0.0,0.0,0.0,0.0,0.0,0.0,0.0
090710,휴림로봇,코스닥,특수 목적용 기계 제조업,제조업용로봇및서비스로봇,6890.0,580146.0,4034392820.0,1.0299999713897705,169574150.0,4.199999809265137,-56265.0,-394184400.0,18571.0,129845255.0,38288.0,268463175.0,37870.0,265563660.0,0.0,0.0,418.0,2899515.0,0.0,0.0,0.0,0.0,0.0,0.0,-907.0,-6334070.0,313.0,2210040.0
078590,휴림에이텍,코스닥,자동차 신품 부품 제조업,자동차내장카페트,3070.0,63234.0,195194980.0,0.1599999964237213,1864745.0,0.9599999785423279,-2573.0,-7759450.0,2552.0,7693390.0,0.0,0.0,0.0,0.0,0.0,0.0,0.0,0.0,0.0,0.0,0.0,0.0,0.0,0.0,0.0,0.0,21.0,66060.0
205470,휴마시스,코스닥,의료용품 및 기타 의약 관련제품 제조업,체외진단키트,2875.0,91342.0,265425019.0,3.049999952316284,294390.0,0.10999999940395355,-56187.0,-164172625.0,-2292.0,-6265150.0,0.0,-25.0,0.0,-25.0,0.0,0.0,0.0,0.0,0.0,0.0,0.0,0.0,0.0,0.0,58479.0,170437800.0,0.0,0.0
115160,휴맥스,코스닥,기계장비 및 관련 물품 도매업,셋톱박스,5000.0,14111.0,71041250.0,-2.3399999141693115,2487500.0,3.5,3501.0,17634675.0,-267.0,-1353470.0,565.0,2732175.0,565.0,2732175.0,0.0,0.0,0.0,0.0,0.0,0.0,0.0,0.0,0.0,0.0,-3800.0,-19018430.0,1.0,5050.0
028080,휴맥스홀딩스,코스닥,"컴퓨터 프로그래밍, 시스템 통합 및 관리업","지주사업, IT서비스사업",4460.0,7167.0,31999680.0,4.210000038146973,0.0,0.0,-678.0,-3128485.0,729.0,3346565.0,-47.0,-199280.0,-47.0,-199280.0,0.0,0.0,0.0,0.0,0.0,0.0,0.0,0.0,0.0,0.0,0.0,0.0,-4.0,-18800.0
200670,휴메딕스,코스닥,의약품 제조업,"히알루론산 관절염치료제, 히알루론산 더말필러",26450.0,15670.0,410419900.0,3.5199999809265137,46775200.0,7.570000171661377,2380.0,62872850.0,-1642.0,-43451450.0,-714.0,-18792000.0,47.0,1255150.0,0.0,0.0,0.0,0.0,0.0,0.0,-261.0,-6822300.0,-500.0,-13225000.0,-24.0,-629400.0,0.0,0.0
065510,휴비츠,코스닥,의료용 기기 제조업,"자동검안기, 자동렌즈미터",6780.0,85593.0,577272920.0,1.0399999618530273,8245130.0,1.4299999475479126,-57087.0,-384885720.0,52008.0,350803890.0,5024.0,33713880.0,3598.0,24061080.0,0.0,0.0,0.0,0.0,0.0,0.0,0.0,0.0,1426.0,9652800.0,55.0,367950.0,0.0,0.0
263920,휴엠앤씨,코스닥,그외 기타 제품 제조업,"유리용기, 화장용 스펀지, 퍼프",3340.0,2576.0,8506650.0,-0.6000000238418579,26600.0,0.3100000023841858,-107.0,-352765.0,107.0,352765.0,0.0,0.0,0.0,0.0,0.0,0.0,0.0,0.0,0.0,0.0,0.0,0.0,0.0,0.0,0.0,0.0,0.0,0.0
243070,휴온스,코스닥,의약품 제조업,"전문의약품, 일반의약품",25400.0,23874.0,609063100.0,-0.7799999713897705,3926950.0,0.4699999988079071,-4552.0,-115811725.0,4994.0,127309625.0,-204.0,-5362000.0,-204.0,-5362000.0,0.0,0.0,0.0,0.0,0.0,0.0,0.0,0.0,0.0,0.0,-238.0,-6135900.0,0.0,0.0
084110,휴온스글로벌,코스닥,의약품 제조업,의약품제조업,23500.0,26917.0,627368025.0,1.2899999618530273,35406950.0,3.690000057220459,7491.0,174381750.0,-7157.0,-166319050.0,-340.0,-8190150.0,-340.0,-8190150.0,0.0,0.0,0.0,0.0,0.0,0.0,0.0,0.0,0.0,0.0,0.0,-12000.0,6.0,139450.0
145020,휴젤,코스닥,기초 의약물질 제조업,"보툴리눔톡신, 필러",249000.0,34361.0,8496100250.0,0.8100000023841858,989515000.0,9.1899995803833,2972.0,728262000.0,57.0,15442500.0,-3045.0,-747485000.0,1779.0,442679750.0,-5.0,-1229250.0,-2448.0,-603953000.0,0.0,0.0,-1378.0,-339972000.0,-992.0,-244761500.0,-26.0,-6502000.0,42.0,10282500.0
024060,흥구석유,코스닥,기타 전문 도매업,휘발유등,10510.0,627191.0,6603682740.0,-1.2200000286102295,219128215.0,3.319999933242798,-47970.0,-503989320.0,46832.0,492281580.0,7.0,73980.0,7.0,73980.0,0.0,0.0,0.0,0.0,0.0,0.0,0.0,0.0,0.0,0.0,6.0,63480.0,1125.0,11570280.0
010240,흥국,코스닥,특수 목적용 기계 제조업,굴삭기 Roller 및 형단조품,5550.0,26941.0,149067760.0,0.5400000214576721,3696910.0,2.4800000190734863,7731.0,42491330.0,-6975.0,-38308610.0,-746.0,-4122390.0,-746.0,-4122390.0,0.0,0.0,0.0,0.0,0.0,0.0,0.0,0.0,0.0,0.0,0.0,-5500.0,-10.0,-54830.0
189980,흥국에프엔비,코스닥,비알코올음료 및 얼음 제조업,"과일음료(에이드베이스, 스무디, 착즙쥬스 등)",1138.0,22505.0,25548929.0,0.0,19355.0,0.07999999821186066,6387.0,7237927.0,-6387.0,-7237927.0,0.0,0.0,0.0,0.0,0.0,0.0,0.0,0.0,0.0,0.0,0.0,0.0,0.0,0.0,0.0,0.0,0.0,0.0
037440,희림,코스닥,"건축기술, 엔지니어링 및 관련 기술 서비스업",설계 및 감리용역,4085.0,128523.0,524563031.0,-0.23999999463558197,1553870.0,0.30000001192092896,-17364.0,-70565589.0,16264.0,66109989.0,0.0,-400.0,0.0,-400.0,0.0,0.0,0.0,0.0,0.0,0.0,0.0,0.0,0.0,0.0,0.0,0.0,1100.0,4456000.0
238490,힘스,코스닥,특수 목적용 기계 제조업,"OLED Mask 인장기, OLED Mask 검사기 등",2235.0,11154.0,24873457.0,0.44999998807907104,0.0,0.0,1487.0,3302132.0,-1487.0,-3302132.0,0.0,0.0,0.0,0.0,0.0,0.0,0.0,0.0,0.0,0.0,0.0,0.0,0.0,0.0,0.0,0.0,0.0,0.0
091160,KODEX 반도체,ETF,ETF,ETF,127070.0,1692854.0,212630727945.0,7.579999923706055,0.0,0.0,-56271.0,-7073292559.0,-50.0,3632026.0,67061.0,8433047141.0,-7945.0,-1127160337.0,-9196.0,-1156128554.0,70328.0,8952262924.0,-14690.0,-1859003437.0,0.0,0.0,28564.0,3623076545.0,-10547.0,-1338741798.0,-193.0,-24644810.0
305720,KODEX 2차전지산업,ETF,ETF,ETF,14310.0,1690428.0,24446123509.0,0.8100000023841858,0.0,0.0,8193.0,112392545.0,104417.0,1507898437.0,-100317.0,-1444078870.0,-122596.0,-1765849084.0,2192.0,31967208.0,0.0,0.0,20441.0,294907036.0,0.0,0.0,-354.0,-5104030.0,-12398.0,-177735112.0,105.0,1523000.0
449450,PLUS K방산,ETF,ETF,ETF,55950.0,225055.0,12622146416.0,0.30000001192092896,0.0,0.0,894.0,47708166.0,3907.0,215521729.0,-4133.0,-225785681.0,-6762.0,-372554191.0,105.0,5901035.0,0.0,0.0,2624.0,146466210.0,0.0,0.0,-100.0,-5598735.0,-679.0,-38064110.0,11.0,619896.0
0115D0,KODEX 조선TOP10,ETF,ETF,ETF,7880.0,904484.0,7165819149.0,0.3799999952316284,0.0,0.0,28692.0,227058912.0,53948.0,427695946.0,-82345.0,-652447073.0,-63771.0,-505653901.0,-15891.0,-125511312.0,0.0,0.0,378.0,2991870.0,0.0,0.0,-3061.0,-24273730.0,-182.0,-1411615.0,-113.0,-896170.0
091180,KODEX 자동차,ETF,ETF,ETF,29335.0,143865.0,4226890199.0,-0.8600000143051147,0.0,0.0,6820.0,200283821.0,-2202.0,-67491199.0,-9035.0,-262529977.0,-15133.0,-442295142.0,986.0,28911655.0,0.0,0.0,6025.0,177781672.0,0.0,0.0,-913.0,-26928162.0,4364.0,128185780.0,53.0,1551575.0
228790,TIGER 화장품,ETF,ETF,ETF,4560.0,6985654.0,31310215666.0,4.590000152587891,0.0,0.0,401116.0,1792818588.0,-134906.0,-626381277.0,-216849.0,-947445532.0,-1134927.0,-5098437959.0,-854.0,-3684465.0,993120.0,4487945443.0,-83988.0,-377623431.0,0.0,0.0,9800.0,44354880.0,-50468.0,-224001679.0,1107.0,5009900.0
244580,KODEX 바이오,ETF,ETF,ETF,8725.0,962749.0,8423764493.0,2.1700000762939453,0.0,0.0,99434.0,871466737.0,-23680.0,-217075408.0,-66832.0,-573335729.0,-89736.0,-773656997.0,5883.0,51667765.0,0.0,0.0,7309.0,63858502.0,8782.0,76667721.0,930.0,8127280.0,-9045.0,-82155035.0,123.0,1099435.0
