corp_code,corp_name,stock_code,corp_cls,report_nm,rcept_no,flr_nm,rcept_dt,rm
00407814,CG인바이츠,083790,K,[첨부추가]주요사항보고서(회사합병결정),20240516002308,CG인바이츠,20240516,
00159810,카프로,006380,Y,[기재정정]주요사항보고서(유상증자결정),20240516002366,카프로,20240516,
01602638,한싹,430690,K,주식등의대량보유상황보고서(일반),20240516002362,이주도,20240516,
00297448,플래스크,041590,K,불성실공시법인지정              (공시번복 4건),20240516902521,코스닥시장본부,20240516,코
00141671,오리콤,010470,K,[기재정정]분기보고서 (2024.03),20240516002360,오리콤,20240516,
00159810,카프로,006380,Y,[기재정정]주요사항보고서(유상증자결정),20240516002358,카프로,20240516,정
00155735,피제이전자,006140,K,분기보고서 (2024.03),20240516002359,피제이전자,20240516,
00152880,코오롱글로벌,003070,Y,분기보고서 (2024.03),20240516002354,코오롱글로벌,20240516,
00159810,카프로,006380,Y,[기재정정]유상증자또는주식관련사채등의발행결과(자율공시)              ,20240516802523,카프로,20240516,유
01353024,TS트릴리온,317240,K,주권매매거래정지              (불성실공시법인 지정),20240516902518,코스닥시장본부,20240516,코
01353024,TS트릴리온,317240,K,불성실공시법인지정              (공시변경 3건),20240516902514,코스닥시장본부,20240516,코
00442561,에프알텍,073540,K,[기재정정]분기보고서 (2024.03),20240516002347,에프알텍,20240516,
01205709,HD현대,267250,Y,타법인주식및출자증권처분결정(자회사의 주요경영사항)              ,20240516802435,HD현대,20240516,유정
00867478,아시아종묘,154030,K,반기보고서 (2024.03),20240516002344,아시아종묘,20240516,
00765462,씨에스베어링,297090,K,분기보고서 (2024.03),20240516002343,씨에스베어링,20240516,정
00605124,알파칩스,117670,K,불성실공시법인지정              (공시변경),20240516902491,코스닥시장본부,20240516,코
01205851,HD현대일렉트릭,267260,Y,[첨부추가]분기보고서 (2024.03),20240516001738,HD현대일렉트릭,20240516,
00203315,콘텐트리중앙,036420,Y,분기보고서 (2024.03),20240516002341,콘텐트리중앙,20240516,
01032404,콜마비앤에이치,200130,K,[기재정정]분기보고서 (2024.03),20240516002340,콜마비앤에이치,20240516,
00542898,케이이엠텍,106080,K,분기보고서 (2024.03),20240516002339,케이이엠텍,20240516,정
00313649,현대바이오,048410,K,주요사항보고서(전환사채권발행결정),20240516002252,현대바이오,20240516,
00809429,뉴온,123840,K,분기보고서 (2024.03),20240516002338,뉴온,20240516,
00442826,대봉엘에스,078140,K,분기보고서 (2024.03),20240516002337,대봉엘에스,20240516,
00365624,아이윈,090150,K,[기재정정]분기보고서 (2023.03),20240516002336,아이윈,20240516,
00683007,엑스큐어,070300,K,분기보고서 (2024.03),20240516002335,엑스큐어,20240516,
00160302,코스모화학,005420,Y,주식등의대량보유상황보고서(일반),20240516002334,코스모앤컴퍼니,20240516,
01514698,엑스플러스,373200,K,단기차입금증가결정              ,20240516902436,엑스플러스,20240516,코
00127042,SYTS,002170,Y,분기보고서 (2024.03),20240516002330,SYTS,20240516,
00160302,코스모화학,005420,Y,[기재정정]분기보고서 (2024.03),20240516002329,코스모화학,20240516,
00583026,멤레이비티,072770,K,[기재정정]분기보고서 (2024.03),20240516002328,멤레이비티,20240516,
00313649,현대바이오,048410,K,[기재정정]주요사항보고서(타법인주식및출자증권양수결정),20240516002207,현대바이오,20240516,
00554352,아이큐어,175250,K,분기보고서 (2024.03),20240516002325,아이큐어,20240516,
00164724,현대엘리베이터,017800,Y,분기보고서 (2024.03),20240516002324,현대엘리베이터,20240516,
00537832,푸른로보틱스,094940,K,분기보고서 (2024.03),20240516002322,푸른로보틱스,20240516,
00980122,JB금융지주,175330,Y,[기재정정]일괄신고서,20240516002321,JB금융지주,20240516,
00365624,아이윈,090150,K,[기재정정]분기보고서 (2023.03),20240516002320,아이윈,20240516,정
00115612,동부건설,005960,Y,투자판단관련주요경영사항              ,20240516802432,동부건설,20240516,유
00870481,에코캡,128540,K,분기보고서 (2024.03),20240516002317,에코캡,20240516,
00389998,한성크린텍,066980,K,분기보고서 (2024.03),20240516002316,한성크린텍,20240516,
00397289,오텍,067170,K,[기재정정]분기보고서 (2024.03),20240516002314,오텍,20240516,
01416235,고스트스튜디오,950190,K,분기보고서 (2024.03),20240516002312,고스트스튜디오,20240516,정
00391197,하이퍼코퍼레이션,065650,K,분기보고서 (2024.03),20240516002310,하이퍼코퍼레이션,20240516,
01762569,이수스페셜티케미컬,457190,Y,분기보고서 (2024.03),20240516002309,이수스페셜티케미컬,20240516,
00980122,JB금융지주,175330,Y,분기보고서 (2024.03),20240516002307,JB금융지주,20240516,
00153126,크라운해태홀딩스,005740,Y,분기보고서 (2024.03),20240516002306,크라운해태홀딩스,20240516,
00362292,씨티씨바이오,060590,K,주식등의대량보유상황보고서(일반),20240516002305,이민구,20240516,
00153126,크라운해태홀딩스,005740,Y,[기재정정]사업보고서 (2019.12),20240516002302,크라운해태홀딩스,20240516,연
01203312,케이뱅크,279570,Y,분기보고서 (2024.03),20240516002299,케이뱅크,20240516,정
00164830,HD한국조선해양,009540,Y,타법인주식및출자증권처분결정              ,20240516802379,HD한국조선해양,20240516,유정
00153126,크라운해태홀딩스,005740,Y,[기재정정]사업보고서 (2018.12),20240516002296,크라운해태홀딩스,20240516,연
01276327,위지윅스튜디오,299900,K,분기보고서 (2024.03),20240516002295,위지윅스튜디오,20240516,
00563545,두산테스나,131970,K,[기재정정]분기보고서 (2024.03),20240516002294,두산테스나,20240516,
00249441,씨씨에스,066790,K,분기보고서 (2024.03),20240516002292,씨씨에스,20240516,
00153126,크라운해태홀딩스,005740,Y,[기재정정]사업보고서 (2017.12),20240516002289,크라운해태홀딩스,20240516,연
00101220,KG케미칼,001390,Y,분기보고서 (2024.03),20240516002288,KG케미칼,20240516,
00191588,삼원강재,023000,Y,분기보고서 (2024.03),20240516002285,삼원강재,20240516,
00148276,제일기획,030000,Y,[기재정정]분기보고서 (2024.03),20240516002284,제일기획,20240516,
00131850,SK증권,001510,Y,[기재정정]일괄신고서(기타파생결합사채),20240516002169,SK증권,20240516,정
00683007,엑스큐어,070300,K,전환가액의조정              (제2회차),20240516902398,엑스큐어,20240516,코
00153126,크라운해태홀딩스,005740,Y,[기재정정]사업보고서 (2016.12),20240516002281,크라운해태홀딩스,20240516,연
00428321,해태제과식품,101530,Y,분기보고서 (2024.03),20240516002280,해태제과식품,20240516,
00796994,조선선재,120030,Y,분기보고서 (2024.03),20240516002278,조선선재,20240516,
00131850,SK증권,001510,Y,[기재정정]일괄신고서(기타파생결합증권),20240516002133,SK증권,20240516,정
00126308,삼성E&A,028050,Y,분기보고서 (2024.03),20240516002270,삼성E&A,20240516,
00556615,모바일어플라이언스,087260,K,[기재정정]분기보고서 (2024.03),20240516002269,모바일어플라이언스,20240516,
00535746,컴투스홀딩스,063080,K,분기보고서 (2024.03),20240516002266,컴투스홀딩스,20240516,
01284751,시지트로닉스,429270,K,주식등의대량보유상황보고서(약식),20240516002267,메디치인베스트먼트,20240516,
00688996,KB금융,105560,Y,분기보고서 (2024.03),20240516002265,KB금융,20240516,
00111722,미래에셋증권,006800,Y,[기재정정]일괄신고서(기타파생결합사채),20240516002259,미래에셋증권,20240516,
01357765,큐라티스,348080,K,분기보고서 (2024.03),20240516002263,큐라티스,20240516,정
00111722,미래에셋증권,006800,Y,[기재정정]일괄신고서(기타파생결합증권),20240516002237,미래에셋증권,20240516,
00131850,SK증권,001510,Y,[기재정정]일괄신고서(파생결합사채-주가연계파생결합사채),20240516002075,SK증권,20240516,정
00374020,이엘피,063760,K,분기보고서 (2024.03),20240516002262,이엘피,20240516,
00965813,미투온,201490,K,분기보고서 (2024.03),20240516002260,미투온,20240516,
00159616,두산에너빌리티,034020,Y,분기보고서 (2024.03),20240516002258,두산에너빌리티,20240516,
01152586,유일로보틱스,388720,K,파생상품거래손실발생              ,20240516902293,유일로보틱스,20240516,코
00372688,티사이언티픽,057680,K,분기보고서 (2024.03),20240516002256,티사이언티픽,20240516,
00155124,평화홀딩스,010770,Y,분기보고서 (2024.03),20240516002254,평화홀딩스,20240516,
00476498,컴투스,078340,K,분기보고서 (2024.03),20240516002251,컴투스,20240516,
00604426,인터로조,119610,K,분기보고서 (2024.03),20240516002250,인터로조,20240516,
01058101,라파스,214260,K,분기보고서 (2024.03),20240516002246,라파스,20240516,
00596260,투비소프트,079970,K,[기재정정]회생절차개시신청(종속회사의주요경영사항)              ,20240516902313,투비소프트,20240516,코
00628189,웅진씽크빅,095720,Y,분기보고서 (2024.03),20240516002244,웅진씽크빅,20240516,
00519252,THE E&M,089230,K,주요사항보고서(유상증자결정),20240516002131,THE E&M,20240516,
00244455,케이티앤지,033780,Y,분기보고서 (2024.03),20240516002242,케이티앤지,20240516,
00378363,3S,060310,K,기타시장안내(최대주주의의무보유관련)              (최대주주의 의무보유 이행 관련),20240516902275,코스닥시장본부,20240516,코
01031229,한국비티비,219750,K,분기보고서 (2024.03),20240516002241,한국비티비,20240516,
00573579,평화산업,090080,Y,분기보고서 (2024.03),20240516002238,평화산업,20240516,
00599151,SV인베스트먼트,289080,K,현금ㆍ현물배당결정              ,20240516902170,SV인베스트먼트,20240516,코
00359395,헬릭스미스,084990,K,분기보고서 (2024.03),20240516002236,헬릭스미스,20240516,
00241209,모아텍,033200,K,매출액또는손익구조30%(대규모법인은15%)이상변동              ,20240516902153,모아텍,20240516,코
00766106,엣지파운드리,105550,K,분기보고서 (2024.03),20240516002233,엣지파운드리,20240516,
00111722,미래에셋증권,006800,Y,[기재정정]일괄신고서(파생결합사채-주가연계파생결합사채),20240516002213,미래에셋증권,20240516,
00241209,모아텍,033200,K,주주총회소집결의              ,20240516902145,모아텍,20240516,코
01152470,펄어비스,263750,K,분기보고서 (2024.03),20240516002232,펄어비스,20240516,
00104810,소노스퀘어,007720,K,분기보고서 (2024.03),20240516002231,소노스퀘어,20240516,
00219486,신세계I&C,035510,Y,분기보고서 (2024.03),20240516002230,신세계I&C,20240516,
01535150,SK리츠,395400,Y,[기재정정]부동산투자회사자금차입              ,20240516802319,SK리츠,20240516,유정
01259311,푸드나무,290720,K,분기보고서 (2024.03),20240516002229,푸드나무,20240516,
01105621,엔투텍,227950,K,분기보고서 (2024.03),20240516002228,엔투텍,20240516,
00233653,한국토지신탁,034830,Y,분기보고서 (2024.03),20240516002227,한국토지신탁,20240516,
00599151,SV인베스트먼트,289080,K,매출액또는손익구조30%(대규모법인은15%)이상변동              ,20240516902034,SV인베스트먼트,20240516,코
00674498,골프존홀딩스,121440,K,임원ㆍ주요주주특정증권등소유상황보고서,20240516002226,김원일,20240516,
00693554,티케이케미칼,104480,K,분기보고서 (2024.03),20240516002225,티케이케미칼,20240516,
00428321,해태제과식품,101530,Y,[기재정정]사업보고서 (2019.12),20240516002223,해태제과식품,20240516,연
00158325,NICE평가정보,030190,Y,분기보고서 (2024.03),20240516002220,NICE평가정보,20240516,
00108135,녹십자홀딩스,005250,Y,분기보고서 (2024.03),20240516002219,녹십자홀딩스,20240516,
00359395,헬릭스미스,084990,K,[기재정정]사업보고서 (2023.12),20240516002214,헬릭스미스,20240516,연
00111722,미래에셋증권,006800,Y,[기재정정]일괄신고서(파생결합증권-주식워런트증권),20240516002196,미래에셋증권,20240516,
00298377,아이씨디,040910,K,분기보고서 (2024.03),20240516002212,아이씨디,20240516,
00878915,iM금융지주,139130,Y,기타경영사항(자율공시)              ,20240516801917,iM금융지주,20240516,유
00608699,탑코미디어,134580,K,분기보고서 (2024.03),20240516002210,탑코미디어,20240516,
00159616,두산에너빌리티,034020,Y,[기재정정]사업보고서 (2020.12),20240516002209,두산에너빌리티,20240516,연
00159500,한국종합기술,023350,Y,분기보고서 (2024.03),20240516002205,한국종합기술,20240516,
00660121,디에이테크놀로지,196490,K,소송등의판결ㆍ결정(일정금액이상의청구)              (채권압류 및 추심명령),20240516902295,디에이테크놀로지,20240516,코
00428321,해태제과식품,101530,Y,[기재정정]사업보고서 (2018.12),20240516002204,해태제과식품,20240516,연
00111722,미래에셋증권,006800,Y,[기재정정]일괄신고서(파생결합증권-상장지수증권),20240516002175,미래에셋증권,20240516,
00402110,시큐브,131090,K,분기보고서 (2024.03),20240516002202,시큐브,20240516,
00111722,미래에셋증권,006800,Y,[기재정정]일괄신고서(파생결합증권-주가연계증권),20240516001981,미래에셋증권,20240516,
00159193,한국전력공사,015760,Y,분기보고서 (2024.03),20240516002201,한국전력공사,20240516,
00111722,미래에셋증권,006800,Y,[기재정정]일괄신고서,20240516002198,미래에셋증권,20240516,정
00165680,호텔신라,008770,Y,기업설명회(IR)개최(안내공시)              ,20240516802354,호텔신라,20240516,유
00362292,씨티씨바이오,060590,K,투자판단관련주요경영사항              (조루증 치료 복합제 CDFR0812-15/50mg의 식품의약품안전처 국내 품목 허가 승인),20240516902274,씨티씨바이오,20240516,코
00308559,코디,080530,K,분기보고서 (2024.03),20240516002194,코디,20240516,
00113410,CJ대한통운,000120,Y,분기보고서 (2024.03),20240516002192,CJ대한통운,20240516,
01075126,사토시홀딩스,223310,K,분기보고서 (2024.03),20240516002191,사토시홀딩스,20240516,
00428321,해태제과식품,101530,Y,[기재정정]사업보고서 (2017.12),20240516002189,해태제과식품,20240516,연
00206686,케이피엠테크,042040,K,분기보고서 (2024.03),20240516002188,케이피엠테크,20240516,
00620868,아이티센글로벌,124500,K,분기보고서 (2024.03),20240516002186,아이티센글로벌,20240516,정
01562589,LX홀딩스,383800,Y,분기보고서 (2024.03),20240516002185,LX홀딩스,20240516,
00103592,광동제약,009290,Y,분기보고서 (2024.03),20240516002184,광동제약,20240516,
00108746,DKME,015590,Y,소송등의제기ㆍ신청(경영권분쟁소송)              ,20240516802341,DKME,20240516,유
00153126,크라운해태홀딩스,005740,Y,[기재정정]감사보고서제출              ,20240516802308,크라운해태홀딩스,20240516,유
00660291,옵티시스,109080,K,분기보고서 (2024.03),20240516002180,옵티시스,20240516,
00149354,종근당홀딩스,001630,Y,분기보고서 (2024.03),20240516002179,종근당홀딩스,20240516,
00103176,흥국화재,000540,Y,분기보고서 (2024.03),20240516002177,흥국화재,20240516,정
00149026,CS홀딩스,000590,Y,분기보고서 (2024.03),20240516002171,CS홀딩스,20240516,
00259590,바른손이앤에이,035620,K,분기보고서 (2024.03),20240516002170,바른손이앤에이,20240516,
01493535,모비데이즈,363260,K,분기보고서 (2024.03),20240516002168,모비데이즈,20240516,
00428321,해태제과식품,101530,Y,[기재정정]사업보고서 (2016.12),20240516002167,해태제과식품,20240516,연
00357935,HDC현대EP,089470,Y,분기보고서 (2024.03),20240516002166,HDC현대EP,20240516,
00153126,크라운해태홀딩스,005740,Y,[기재정정]감사보고서제출              ,20240516802300,크라운해태홀딩스,20240516,유
00153126,크라운해태홀딩스,005740,Y,[기재정정]감사보고서제출              ,20240516802282,크라운해태홀딩스,20240516,유
01194689,HD현대마린솔루션,443060,Y,주식등의대량보유상황보고서(일반),20240516002164,HD현대,20240516,
00160232,KSS해운,044450,Y,분기보고서 (2024.03),20240516002163,KSS해운,20240516,
00674498,골프존홀딩스,121440,K,분기보고서 (2024.03),20240516002162,골프존홀딩스,20240516,
00110884,엠젠솔루션,032790,K,분기보고서 (2024.03),20240516002161,엠젠솔루션,20240516,
00983916,HLB제넥스,187420,K,주식등의대량보유상황보고서(일반),20240516002160,김의중,20240516,
00258360,위지트,036090,K,분기보고서 (2024.03),20240516002159,위지트,20240516,
01188378,시스웍,269620,K,분기보고서 (2024.03),20240516002158,시스웍,20240516,
00544577,브이엠,089970,K,분기보고서 (2024.03),20240516002157,브이엠,20240516,
00442145,아바코,083930,K,[기재정정]분기보고서 (2024.03),20240516002155,아바코,20240516,
00126362,삼성SDI,006400,Y,분기보고서 (2024.03),20240516002154,삼성SDI,20240516,
00164973,현대해상,001450,Y,분기보고서 (2024.03),20240516002153,현대해상,20240516,정
01587056,엔젯,419080,K,분기보고서 (2024.03),20240516002152,엔젯,20240516,
01089378,디와이디,219550,K,분기보고서 (2024.03),20240516002151,디와이디,20240516,
00497631,티플랙스,081150,K,분기보고서 (2024.03),20240516002149,티플랙스,20240516,
01583953,티엘엔지니어링,413300,N,임시주주총회결과              ,20240516602229,티엘엔지니어링,20240516,넥
01310269,IPARK현대산업개발,294870,Y,분기보고서 (2024.03),20240516002148,IPARK현대산업개발,20240516,
00367844,자이에스앤디,317400,Y,주주명부폐쇄기간또는기준일설정              ,20240516802288,자이에스앤디,20240516,유
00569691,디엔에프,092070,K,분기보고서 (2024.03),20240516002143,디엔에프,20240516,
01049167,롤링스톤,214610,K,분기보고서 (2024.03),20240516002140,롤링스톤,20240516,
00378220,버킷스튜디오,066410,K,분기보고서 (2024.03),20240516002139,버킷스튜디오,20240516,
00157991,한국석유공업,004090,Y,분기보고서 (2024.03),20240516002136,한국석유공업,20240516,
01435489,범한퓨얼셀,382900,K,분기보고서 (2024.03),20240516002135,범한퓨얼셀,20240516,
00852087,시디즈,134790,Y,분기보고서 (2024.03),20240516002134,시디즈,20240516,
00670340,씨에스윈드,112610,Y,분기보고서 (2024.03),20240516002130,씨에스윈드,20240516,
01152470,펄어비스,263750,K,기업설명회(IR)개최              ,20240516902284,펄어비스,20240516,코
01062867,디알텍,214680,K,분기보고서 (2024.03),20240516002128,디알텍,20240516,
00153524,태림포장,011280,Y,분기보고서 (2024.03),20240516002125,태림포장,20240516,
00163691,유수홀딩스,000700,Y,분기보고서 (2024.03),20240516002124,유수홀딩스,20240516,
00124504,포스코인터내셔널,047050,Y,분기보고서 (2024.03),20240516002122,포스코인터내셔널,20240516,
01555215,스마트레이더시스템,424960,K,분기보고서 (2024.03),20240516002120,스마트레이더시스템,20240516,
01583953,티엘엔지니어링,413300,N,사외이사의선임ㆍ해임또는중도퇴임에관한신고,20240516002119,티엘엔지니어링,20240516,
00143226,엠투엔,033310,K,분기보고서 (2024.03),20240516002118,엠투엔,20240516,
00104856,삼성증권,016360,Y,[기재정정]일괄신고서(기타파생결합사채),20240516001568,삼성증권,20240516,정
00249894,테라젠이텍스,066700,K,분기보고서 (2024.03),20240516002116,테라젠이텍스,20240516,
00858364,BNK금융지주,138930,Y,[기재정정]일괄신고서,20240516002115,BNK금융지주,20240516,정
00271501,코아시아,045970,K,분기보고서 (2024.03),20240516002114,코아시아,20240516,
00808068,앤로보틱스,138360,K,분기보고서 (2024.03),20240516002113,앤로보틱스,20240516,
00113243,대한제분,001130,Y,분기보고서 (2024.03),20240516002112,대한제분,20240516,
00596260,투비소프트,079970,K,분기보고서 (2024.03),20240516002111,투비소프트,20240516,
00181943,에스제이엠홀딩스,025530,Y,분기보고서 (2024.03),20240516002108,에스제이엠홀딩스,20240516,
00367844,자이에스앤디,317400,Y,주요사항보고서(회사합병결정),20240516002010,자이에스앤디,20240516,정
00164478,현대건설,000720,Y,분기보고서 (2024.03),20240516002107,현대건설,20240516,
01152470,펄어비스,263750,K,주식등의대량보유상황보고서(일반),20240516002106,김대일,20240516,
01583953,티엘엔지니어링,413300,N,기업설명회(IR)개최결과              ,20240516602186,티엘엔지니어링,20240516,넥
00136721,신영증권,001720,Y,투자설명서(일괄신고),20240516002102,신영증권,20240516,
00160302,코스모화학,005420,Y,분기보고서 (2024.03),20240516002099,코스모화학,20240516,정
01472930,오브젠,417860,K,분기보고서 (2024.03),20240516002098,오브젠,20240516,
00508344,SK디앤디,210980,Y,기업설명회(IR)개최(안내공시)              ,20240516802250,SK디앤디,20240516,유
00113261,대한광통신,010170,K,분기보고서 (2024.03),20240516002096,대한광통신,20240516,
00248974,하나제약,293480,Y,분기보고서 (2024.03),20240516002094,하나제약,20240516,
00173999,유성티엔에스,024800,K,분기보고서 (2024.03),20240516002093,유성티엔에스,20240516,
00104856,삼성증권,016360,Y,[기재정정]일괄신고서(파생결합사채-주가연계파생결합사채),20240516001520,삼성증권,20240516,정
00441304,가온그룹,078890,K,분기보고서 (2024.03),20240516002091,가온그룹,20240516,
00120562,롯데지주,004990,Y,분기보고서 (2024.03),20240516002090,롯데지주,20240516,
01364297,코퍼스코리아,322780,K,분기보고서 (2024.03),20240516002089,코퍼스코리아,20240516,
00155531,풍산홀딩스,005810,Y,분기보고서 (2024.03),20240516002088,풍산홀딩스,20240516,
00309503,한국항공우주,047810,Y,분기보고서 (2024.03),20240516002087,한국항공우주,20240516,
00151368,인터지스,129260,Y,분기보고서 (2024.03),20240516002085,인터지스,20240516,
01032404,콜마비앤에이치,200130,K,분기보고서 (2024.03),20240516002083,콜마비앤에이치,20240516,정
00126779,삼아알미늄,006110,Y,분기보고서 (2024.03),20240516002082,삼아알미늄,20240516,
00104856,삼성증권,016360,Y,[기재정정]일괄신고서(파생결합증권-상장지수증권),20240516001478,삼성증권,20240516,정
00120076,LX인터내셔널,001120,Y,분기보고서 (2024.03),20240516002080,LX인터내셔널,20240516,
01497869,티와이홀딩스,363280,Y,분기보고서 (2024.03),20240516002079,티와이홀딩스,20240516,
00155319,POSCO홀딩스,005490,Y,분기보고서 (2024.03),20240516002077,POSCO홀딩스,20240516,
00136721,신영증권,001720,Y,투자설명서(일괄신고),20240516002078,신영증권,20240516,
00153126,크라운해태홀딩스,005740,Y,[기재정정]감사보고서제출              ,20240516802215,크라운해태홀딩스,20240516,유
00104856,삼성증권,016360,Y,[기재정정]일괄신고서(기타파생결합증권),20240516001462,삼성증권,20240516,정
00130587,서울전자통신,027040,K,분기보고서 (2024.03),20240516002074,서울전자통신,20240516,
00153126,크라운해태홀딩스,005740,Y,[기재정정]감사보고서제출(자회사의 주요경영사항)              ,20240516802207,크라운해태홀딩스,20240516,유
00267854,메디앙스,014100,K,분기보고서 (2024.03),20240516002073,메디앙스,20240516,
00153126,크라운해태홀딩스,005740,Y,[기재정정]감사보고서제출(자회사의 주요경영사항)              ,20240516802180,크라운해태홀딩스,20240516,유
01258710,이노메트리,302430,K,주주총회소집공고,20240516002071,이노메트리,20240516,
00153126,크라운해태홀딩스,005740,Y,[기재정정]감사보고서제출(자회사의 주요경영사항)              ,20240516802178,크라운해태홀딩스,20240516,유
00136721,신영증권,001720,Y,투자설명서(일괄신고),20240516002070,신영증권,20240516,
00143651,웅진,016880,Y,분기보고서 (2024.03),20240516002066,웅진,20240516,
00606664,케이엔더블유,105330,K,분기보고서 (2024.03),20240516002065,케이엔더블유,20240516,
00141556,오로라,039830,K,기업설명회(IR)개최              ,20240516902216,오로라,20240516,코
00118804,동진쎄미켐,005290,K,분기보고서 (2024.03),20240516002064,동진쎄미켐,20240516,
01109070,비피도,238200,K,분기보고서 (2024.03),20240516002063,비피도,20240516,
00136721,신영증권,001720,Y,일괄신고추가서류(파생결합사채-주가연계파생결합사채),20240516002062,신영증권,20240516,
00104856,삼성증권,016360,Y,[기재정정]일괄신고서(파생결합증권-주가연계증권),20240516001430,삼성증권,20240516,정
00428321,해태제과식품,101530,Y,[기재정정]감사보고서제출              ,20240516802025,해태제과식품,20240516,유
00351454,더테크놀로지,043090,K,분기보고서 (2024.03),20240516002057,더테크놀로지,20240516,
00131850,SK증권,001510,Y,[기재정정]일괄신고서(파생결합증권-주가연계증권),20240516001993,SK증권,20240516,정
00148531,제이스코홀딩스,023440,K,분기보고서 (2024.03),20240516002055,제이스코홀딩스,20240516,
00377018,기가레인,049080,K,분기보고서 (2024.03),20240516002054,기가레인,20240516,
00117188,효성,004800,Y,타법인주식및출자증권취득결정(자회사의 주요경영사항)              ,20240516802110,효성,20240516,유정
00983916,HLB제넥스,187420,K,분기보고서 (2024.03),20240516002053,HLB제넥스,20240516,
00153393,태광산업,003240,Y,분기보고서 (2024.03),20240516002051,태광산업,20240516,
00392691,포니링크,064800,K,분기보고서 (2024.03),20240516002050,포니링크,20240516,
00362201,세운메디칼,100700,K,분기보고서 (2024.03),20240516002048,세운메디칼,20240516,
00163114,서연,007860,Y,분기보고서 (2024.03),20240516002047,서연,20240516,
00161426,한미사이언스,008930,Y,분기보고서 (2024.03),20240516002046,한미사이언스,20240516,
00136721,신영증권,001720,Y,일괄신고추가서류(기타파생결합사채),20240516002043,신영증권,20240516,
00134723,페이퍼코리아,001020,Y,분기보고서 (2024.03),20240516002044,페이퍼코리아,20240516,
00160843,DB하이텍,000990,Y,분기보고서 (2024.03),20240516002042,DB하이텍,20240516,
01497869,티와이홀딩스,363280,Y,[기재정정]사업보고서 (2023.12),20240516002040,티와이홀딩스,20240516,정연
00665676,아시아경제,127710,K,분기보고서 (2024.03),20240516002039,아시아경제,20240516,
00131939,선도전기,007610,Y,분기보고서 (2024.03),20240516002038,선도전기,20240516,
01008762,데브시스터즈,194480,K,분기보고서 (2024.03),20240516002037,데브시스터즈,20240516,
00904672,넷마블,251270,Y,분기보고서 (2024.03),20240516002036,넷마블,20240516,
00269852,폴라리스오피스,041020,K,분기보고서 (2024.03),20240516002035,폴라리스오피스,20240516,
00428321,해태제과식품,101530,Y,[기재정정]감사보고서제출              ,20240516802011,해태제과식품,20240516,유
01067516,골프존,215000,K,분기보고서 (2024.03),20240516002033,골프존,20240516,
00428321,해태제과식품,101530,Y,[기재정정]감사보고서제출              ,20240516802003,해태제과식품,20240516,유
00148531,제이스코홀딩스,023440,K,[기재정정]최대주주변경을수반하는주식담보제공계약체결              ,20240516902120,제이스코홀딩스,20240516,코
00136721,신영증권,001720,Y,일괄신고추가서류(파생결합증권-주가연계증권),20240516002031,신영증권,20240516,
00136165,스페코,013810,K,분기보고서 (2024.03),20240516002030,스페코,20240516,
01110678,유틸렉스,263050,K,분기보고서 (2024.03),20240516002028,유틸렉스,20240516,정
00125974,삼부토건,001470,Y,분기보고서 (2024.03),20240516002027,삼부토건,20240516,
00428321,해태제과식품,101530,Y,[기재정정]감사보고서제출              ,20240516801994,해태제과식품,20240516,유
00122898,벽산,007210,Y,분기보고서 (2024.03),20240516002025,벽산,20240516,
00126371,삼성전기,009150,Y,분기보고서 (2024.03),20240516002024,삼성전기,20240516,
01205329,크라운제과,264900,Y,분기보고서 (2024.03),20240516002022,크라운제과,20240516,
00617998,폴라리스세원,234100,K,분기보고서 (2024.03),20240516002021,폴라리스세원,20240516,
00113544,대한화섬,003830,Y,분기보고서 (2024.03),20240516002018,대한화섬,20240516,
00440712,리튬포어스,073570,K,분기보고서 (2024.03),20240516002017,리튬포어스,20240516,
00159810,카프로,006380,Y,분기보고서 (2024.03),20240516002015,카프로,20240516,
00236863,희림,037440,K,분기보고서 (2024.03),20240516002014,희림,20240516,
00113535,대한해운,005880,Y,분기보고서 (2024.03),20240516002013,대한해운,20240516,
00157539,KB오토시스,024120,K,분기보고서 (2024.03),20240516002011,KB오토시스,20240516,
00663669,폴라리스우노,114630,K,분기보고서 (2024.03),20240516002009,폴라리스우노,20240516,
00126414,삼성제약,001360,Y,분기보고서 (2024.03),20240516002006,삼성제약,20240516,
00360595,현대글로비스,086280,Y,분기보고서 (2024.03),20240516002002,현대글로비스,20240516,
00115612,동부건설,005960,Y,분기보고서 (2024.03),20240516002000,동부건설,20240516,
00591441,어보브반도체,102120,K,분기보고서 (2024.03),20240516001998,어보브반도체,20240516,
00587457,갤럭시아머니트리,094480,K,분기보고서 (2024.03),20240516001996,갤럭시아머니트리,20240516,
00384887,에이테크솔루션,071670,K,분기보고서 (2024.03),20240516001992,에이테크솔루션,20240516,
00369213,폴라리스AI,039980,K,분기보고서 (2024.03),20240516001991,폴라리스AI,20240516,
00580199,메디톡스,086900,K,분기보고서 (2024.03),20240516001990,메디톡스,20240516,
00209780,케이씨,029460,Y,분기보고서 (2024.03),20240516001987,케이씨,20240516,
01226270,스톰테크,352090,K,분기보고서 (2024.03),20240516001986,스톰테크,20240516,정
01153105,비비씨,318410,K,주식등의대량보유상황보고서(일반),20240516001988,강기태,20240516,
00117212,두산,000150,Y,분기보고서 (2024.03),20240516001983,두산,20240516,
00146861,자화전자,033240,Y,분기보고서 (2024.03),20240516001982,자화전자,20240516,
00684714,풍산,103140,Y,분기보고서 (2024.03),20240516001980,풍산,20240516,
00161976,한세예스24홀딩스,016450,Y,분기보고서 (2024.03),20240516001979,한세예스24홀딩스,20240516,
00200910,아이즈비전,031310,K,분기보고서 (2024.03),20240516001977,아이즈비전,20240516,
01116502,아티스트컴퍼니,321820,K,분기보고서 (2024.03),20240516001975,아티스트컴퍼니,20240516,
00593032,LF,093050,Y,최대주주등소유주식변동신고서              ,20240516802122,LF,20240516,유
00266961,NAVER,035420,Y,분기보고서 (2024.03),20240516001974,NAVER,20240516,
01182550,EDGC,245620,K,분기보고서 (2024.03),20240516001973,EDGC,20240516,
00313649,현대바이오,048410,K,분기보고서 (2024.03),20240516001972,현대바이오,20240516,
00528791,제일엠앤에스,412540,K,연결재무제표기준영업(잠정)실적(공정공시)              ,20240516901932,제일엠앤에스,20240516,코
00412597,현대홈쇼핑,057050,Y,분기보고서 (2024.03),20240516001969,현대홈쇼핑,20240516,
00126955,삼양식품,003230,Y,분기보고서 (2024.03),20240516001968,삼양식품,20240516,
01316227,효성티앤씨,298020,Y,타법인주식및출자증권취득결정              ,20240516802049,효성티앤씨,20240516,유정
00261443,NC,036570,Y,분기보고서 (2024.03),20240516001966,NC,20240516,
00129554,갤럭시아에스엠,011420,Y,분기보고서 (2024.03),20240516001965,갤럭시아에스엠,20240516,
01405451,알체라,347860,K,[기재정정]주요사항보고서(자기주식처분결정),20240516001933,알체라,20240516,
00137997,현대차증권,001500,Y,[기재정정]일괄신고서(기타파생결합증권),20240516001601,현대차증권,20240516,정
01011526,엔켐,348370,K,분기보고서 (2024.03),20240516001964,엔켐,20240516,
00137997,현대차증권,001500,Y,[기재정정]일괄신고서(파생결합사채-주가연계파생결합사채),20240516001569,현대차증권,20240516,
00105952,LS,006260,Y,분기보고서 (2024.03),20240516001963,LS,20240516,
00137997,현대차증권,001500,Y,[기재정정]일괄신고서(기타파생결합사채),20240516001529,현대차증권,20240516,
00137997,현대차증권,001500,Y,[기재정정]일괄신고서(파생결합증권-주가연계증권),20240516001490,현대차증권,20240516,정
00390860,대산F&B,065150,K,분기보고서 (2024.03),20240516001961,대산F&B,20240516,
00113191,코리안리,003690,Y,분기보고서 (2024.03),20240516001960,코리안리,20240516,정
00184667,유진기업,023410,K,분기보고서 (2024.03),20240516001958,유진기업,20240516,
00247975,솔브레인홀딩스,036830,K,분기보고서 (2024.03),20240516001957,솔브레인홀딩스,20240516,
00378628,KH바텍,060720,K,분기보고서 (2024.03),20240516001956,KH바텍,20240516,
00170877,진로발효,018120,K,분기보고서 (2024.03),20240516001955,진로발효,20240516,
01036446,서연이화,200880,Y,분기보고서 (2024.03),20240516001954,서연이화,20240516,
00158501,에스원,012750,Y,분기보고서 (2024.03),20240516001952,에스원,20240516,
00115287,동방,004140,Y,분기보고서 (2024.03),20240516001951,동방,20240516,
01353848,이노벡스,279060,N,소송등의제기ㆍ신청(일정금액이상의청구)              ,20240516602059,이노벡스,20240516,넥정
00126937,삼양홀딩스,000070,Y,증권신고서(채무증권),20240516001949,삼양홀딩스,20240516,정
01440153,넥사다이내믹스,351320,K,분기보고서 (2024.03),20240516001948,넥사다이내믹스,20240516,
00904672,넷마블,251270,Y,최대주주등소유주식변동신고서              ,20240516802089,넷마블,20240516,유
01489648,솔브레인,357780,K,분기보고서 (2024.03),20240516001945,솔브레인,20240516,
01516456,인벤티지랩,389470,K,분기보고서 (2024.03),20240516001943,인벤티지랩,20240516,
00363769,NICE인프라,063570,K,분기보고서 (2024.03),20240516001942,NICE인프라,20240516,
01128622,이스트에이드,239340,K,분기보고서 (2024.03),20240516001940,이스트에이드,20240516,
00126478,삼성중공업,010140,Y,분기보고서 (2024.03),20240516001939,삼성중공업,20240516,
01118281,피플바이오,304840,K,분기보고서 (2024.03),20240516001938,피플바이오,20240516,
00877059,삼성바이오로직스,207940,Y,분기보고서 (2024.03),20240516001936,삼성바이오로직스,20240516,
00132804,성신양회,004980,Y,분기보고서 (2024.03),20240516001935,성신양회,20240516,
01047840,미스터블루,207760,K,분기보고서 (2024.03),20240516001934,미스터블루,20240516,
00828497,한미약품,128940,Y,분기보고서 (2024.03),20240516001928,한미약품,20240516,
00126201,삼성공조,006660,Y,분기보고서 (2024.03),20240516001927,삼성공조,20240516,
00152862,코오롱,002020,Y,분기보고서 (2024.03),20240516001926,코오롱,20240516,
01535150,SK리츠,395400,Y,[발행조건확정]증권신고서(채무증권),20240516001925,SK리츠,20240516,정
00540429,휴림로봇,090710,K,분기보고서 (2024.03),20240516001924,휴림로봇,20240516,
00657002,에이디테크놀로지,200710,K,분기보고서 (2024.03),20240516001920,에이디테크놀로지,20240516,
01265251,압타머사이언스,291650,K,분기보고서 (2024.03),20240516001919,압타머사이언스,20240516,
00492894,젬백스,082270,K,분기보고서 (2024.03),20240516001918,젬백스,20240516,
00181712,SK,034730,Y,분기보고서 (2024.03),20240516001917,SK,20240516,
00609324,뷰웍스,100120,K,분기보고서 (2024.03),20240516001916,뷰웍스,20240516,
00111722,미래에셋증권,006800,Y,분기보고서 (2024.03),20240516001912,미래에셋증권,20240516,정
00101044,에이프로젠바이오로직스,003060,Y,[첨부정정]증권신고서(지분증권),20240516001913,에이프로젠바이오로직스,20240516,정
00618410,KS인더스트리,101000,K,분기보고서 (2024.03),20240516001910,KS인더스트리,20240516,
00963976,SG,255220,K,분기보고서 (2024.03),20240516001909,SG,20240516,
00140168,HS애드,035000,Y,분기보고서 (2024.03),20240516001908,HS애드,20240516,
00107598,남양유업,003920,Y,분기보고서 (2024.03),20240516001907,남양유업,20240516,
01573284,코닉오토메이션,391710,K,분기보고서 (2024.03),20240516001905,코닉오토메이션,20240516,
00112332,미래에셋생명,085620,Y,분기보고서 (2024.03),20240516001903,미래에셋생명,20240516,정
00112970,대한방직,001070,Y,분기보고서 (2024.03),20240516001902,대한방직,20240516,
01290381,피엔케이피부임상연구센타,347740,K,분기보고서 (2024.03),20240516001901,피엔케이피부임상연구센타,20240516,
00530121,디에스케이,109740,K,분기보고서 (2024.03),20240516001900,디에스케이,20240516,
00463342,폴라리스AI파마,041910,K,분기보고서 (2024.03),20240516001899,폴라리스AI파마,20240516,
00103042,케이씨티시,009070,Y,분기보고서 (2024.03),20240516001898,케이씨티시,20240516,
00145109,유한양행,000100,Y,분기보고서 (2024.03),20240516001894,유한양행,20240516,
01208885,경동도시가스,267290,Y,분기보고서 (2024.03),20240516001893,경동도시가스,20240516,
00178851,동양에스텍,060380,K,분기보고서 (2024.03),20240516001892,동양에스텍,20240516,
00492894,젬백스,082270,K,[기재정정]최대주주변경을수반하는주식담보제공계약체결              ,20240516901900,젬백스,20240516,코정
00761059,펌텍코리아,251970,K,기업설명회(IR)개최              ,20240516902032,펌텍코리아,20240516,코
00681249,씨유메디칼,115480,K,분기보고서 (2024.03),20240516001891,씨유메디칼,20240516,
01259418,대보마그네틱,290670,K,분기보고서 (2024.03),20240516001890,대보마그네틱,20240516,
00105138,파라텍,033540,K,의결권대리행사권유참고서류,20240516001889,파라텍,20240516,
00113562,롯데손해보험,000400,Y,분기보고서 (2024.03),20240516001888,롯데손해보험,20240516,정
00552992,진매트릭스,109820,K,분기보고서 (2024.03),20240516001887,진매트릭스,20240516,
00872984,이마트,139480,Y,기업설명회(IR)개최(안내공시)              ,20240516802026,이마트,20240516,유
00919966,신라젠,215600,K,분기보고서 (2024.03),20240516001885,신라젠,20240516,
00129420,까뮤이앤씨,013700,Y,분기보고서 (2024.03),20240516001884,까뮤이앤씨,20240516,
00605522,소룩스,290690,K,분기보고서 (2024.03),20240516001883,소룩스,20240516,
00114808,동국제약,086450,K,분기보고서 (2024.03),20240516001882,동국제약,20240516,
00145668,이화공영,001840,K,분기보고서 (2024.03),20240516001881,이화공영,20240516,
00447502,바이오톡스텍,086040,K,분기보고서 (2024.03),20240516001880,바이오톡스텍,20240516,
00595191,후성,093370,Y,분기보고서 (2024.03),20240516001879,후성,20240516,
00234412,신세계인터내셔날,031430,Y,분기보고서 (2024.03),20240516001878,신세계인터내셔날,20240516,
00302926,현대로템,064350,Y,분기보고서 (2024.03),20240516001877,현대로템,20240516,
00160047,한국앤컴퍼니,000240,Y,분기보고서 (2024.03),20240516001876,한국앤컴퍼니,20240516,
01309388,LS티라유텍,322180,K,분기보고서 (2024.03),20240516001875,LS티라유텍,20240516,
00939687,동일고무벨트,163560,Y,[기재정정]분기보고서 (2024.03),20240516001871,동일고무벨트,20240516,
00155948,로젠,033290,K,[기재정정]분기보고서 (2024.03),20240516001870,로젠,20240516,
01235296,셀리드,299660,K,분기보고서 (2024.03),20240516001864,셀리드,20240516,
01535150,SK리츠,395400,Y,[기재정정]증권신고서(채무증권),20240516001867,SK리츠,20240516,정
00295857,코다코,046070,K,분기보고서 (2024.03),20240516001863,코다코,20240516,
00493185,제이스로보틱스,090470,K,분기보고서 (2024.03),20240516001862,제이스로보틱스,20240516,
01170962,GRT,900290,K,외국지주회사의자회사편입ㆍ탈퇴              ,20240516901648,GRT,20240516,코
00164742,현대자동차,005380,Y,분기보고서 (2024.03),20240516001860,현대자동차,20240516,
01170962,GRT,900290,K,타법인주식및출자증권취득결정              ,20240516901593,GRT,20240516,코
00458234,아시아나IDT,267850,Y,분기보고서 (2024.03),20240516001857,아시아나IDT,20240516,
01170962,GRT,900290,K,외국지주회사의자회사편입ㆍ탈퇴              ,20240516901540,GRT,20240516,코
00269922,인바디,041830,K,분기보고서 (2024.03),20240516001856,인바디,20240516,
00409681,아스트,067390,K,분기보고서 (2024.03),20240516001854,아스트,20240516,
00296078,APS,054620,K,분기보고서 (2024.03),20240516001853,APS,20240516,
00306162,상상인,038540,K,교환사채(해외교환사채포함)발행후만기전사채취득              ,20240516901989,상상인,20240516,코
00536523,로보스타,090360,K,분기보고서 (2024.03),20240516001852,로보스타,20240516,
00265421,인지디스플레,037330,K,분기보고서 (2024.03),20240516001850,인지디스플레,20240516,
00181299,상아프론테크,089980,K,타인에대한채무보증결정              ,20240516901985,상아프론테크,20240516,코
00226316,호전실업,111110,Y,분기보고서 (2024.03),20240516001849,호전실업,20240516,
00657987,KX,122450,K,분기보고서 (2024.03),20240516001847,KX,20240516,
00140061,티케이지애강,022220,K,분기보고서 (2024.03),20240516001845,티케이지애강,20240516,
00479787,인텍플러스,064290,K,분기보고서 (2024.03),20240516001844,인텍플러스,20240516,
01205709,HD현대,267250,Y,분기보고서 (2024.03),20240516001843,HD현대,20240516,정
00111874,대원산업,005710,K,분기보고서 (2024.03),20240516001841,대원산업,20240516,
00127936,삼일기업공사,002290,K,분기보고서 (2024.03),20240516001840,삼일기업공사,20240516,
00140858,와이엠,007530,K,분기보고서 (2024.03),20240516001839,와이엠,20240516,
00106881,인디에프,014990,Y,분기보고서 (2024.03),20240516001834,인디에프,20240516,
00442835,메타랩스,090370,Y,분기보고서 (2024.03),20240516001833,메타랩스,20240516,
00153861,태영건설,009410,Y,분기보고서 (2024.03),20240516001831,태영건설,20240516,
00216434,체리부로,066360,K,분기보고서 (2024.03),20240516001828,체리부로,20240516,
00137252,사조동아원,008040,Y,단기차입금증가결정              ,20240516801962,사조동아원,20240516,유
00602136,디와이피엔에프,104460,K,[기재정정]단일판매ㆍ공급계약체결              ,20240516901875,디와이피엔에프,20240516,코정
01512575,코어라인소프트,384470,K,분기보고서 (2024.03),20240516001827,코어라인소프트,20240516,
00299002,HL홀딩스,060980,Y,분기보고서 (2024.03),20240516001825,HL홀딩스,20240516,
01350869,우리금융지주,316140,Y,[기재정정]일괄신고서,20240516001826,우리금융지주,20240516,
00530121,디에스케이,109740,K,[기재정정]단일판매ㆍ공급계약체결              ,20240516901830,디에스케이,20240516,코
01515864,넥스트칩,396270,K,기업설명회(IR)개최              ,20240516901869,넥스트칩,20240516,코
00525679,차바이오텍,085660,K,증권발행결과(자율공시)              ,20240516901959,차바이오텍,20240516,코
00977650,엔케이젠바이오텍코리아,182400,K,분기보고서 (2024.03),20240516001824,엔케이젠바이오텍코리아,20240516,
00382199,신한지주,055550,Y,[기재정정]일괄신고서,20240516001823,신한지주,20240516,정
00125150,SGC에너지,005090,Y,분기보고서 (2024.03),20240516001822,SGC에너지,20240516,
01498974,큐리옥스바이오시스템즈,445680,K,분기보고서 (2024.03),20240516001820,큐리옥스바이오시스템즈,20240516,
00106641,기아,000270,Y,분기보고서 (2024.03),20240516001819,기아,20240516,
00397252,조이시티,067000,K,분기보고서 (2024.03),20240516001818,조이시티,20240516,
00118266,DRB동일,004840,Y,[기재정정]분기보고서 (2024.03),20240516001817,DRB동일,20240516,
00525679,차바이오텍,085660,K,증권발행결과(자율공시)              ,20240516901950,차바이오텍,20240516,코
00180865,디에이치엑스컴퍼니,031860,K,분기보고서 (2024.03),20240516001814,디에이치엑스컴퍼니,20240516,
00525679,차바이오텍,085660,K,증권발행결과(자율공시)              ,20240516901944,차바이오텍,20240516,코
00410997,누리플랜,069140,K,분기보고서 (2024.03),20240516001811,누리플랜,20240516,
00858364,BNK금융지주,138930,Y,분기보고서 (2024.03),20240516001809,BNK금융지주,20240516,
00494546,오비고,352910,K,분기보고서 (2024.03),20240516001807,오비고,20240516,
00115676,KG스틸,016380,Y,분기보고서 (2024.03),20240516001805,KG스틸,20240516,
00367844,자이에스앤디,317400,Y,주요사항보고서(자기주식취득신탁계약체결결정),20240516001776,자이에스앤디,20240516,
00367844,자이에스앤디,317400,Y,특수관계인으로부터주식의취득,20240516001810,자이에스앤디,20240516,공
00547583,하나금융지주,086790,Y,[기재정정]일괄신고서,20240516001808,하나금융지주,20240516,정
00608802,텔콘RF제약,200230,K,분기보고서 (2024.03),20240516001801,텔콘RF제약,20240516,
00560122,한울소재과학,091440,K,분기보고서 (2024.03),20240516001800,한울소재과학,20240516,
00641393,엔시트론,101400,K,주식등의대량보유상황보고서(약식),20240516001806,HLB글로벌,20240516,
00139889,SKC,011790,Y,분기보고서 (2024.03),20240516001799,SKC,20240516,
00795135,코오롱인더,120110,Y,분기보고서 (2024.03),20240516001798,코오롱인더,20240516,
01068737,에이치피오,357230,K,분기보고서 (2024.03),20240516001797,에이치피오,20240516,
00165413,롯데케미칼,011170,Y,분기보고서 (2024.03),20240516001796,롯데케미칼,20240516,
00360674,코위버,056360,K,분기보고서 (2024.03),20240516001795,코위버,20240516,
00112332,미래에셋생명,085620,Y,최대주주등소유주식변동신고서              ,20240516801925,미래에셋생명,20240516,유
00409681,아스트,067390,K,타법인주식및출자증권취득결정              ,20240516901707,아스트,20240516,코
00409681,아스트,067390,K,유상증자결정(종속회사의주요경영사항)              ,20240516901863,아스트,20240516,코
01316227,효성티앤씨,298020,Y,유상증자결정(종속회사의주요경영사항)              ,20240516801803,효성티앤씨,20240516,유정
00105138,파라텍,033540,K,주주총회소집공고,20240516001794,파라텍,20240516,
00349811,오션인더블유,052300,K,분기보고서 (2024.03),20240516001792,오션인더블유,20240516,
01101041,패션플랫폼,225590,K,분기보고서 (2024.03),20240516001790,패션플랫폼,20240516,
01364747,가온칩스,399720,K,분기보고서 (2024.03),20240516001788,가온칩스,20240516,
00593032,LF,093050,Y,분기보고서 (2024.03),20240516001787,LF,20240516,
01358463,현대무벡스,319400,K,분기보고서 (2024.03),20240516001786,현대무벡스,20240516,
00143314,에이엔피,015260,Y,분기보고서 (2024.03),20240516001785,에이엔피,20240516,
00415628,세진중공업,075580,Y,분기보고서 (2024.03),20240516001783,세진중공업,20240516,
00159564,한국주강,025890,Y,분기보고서 (2024.03),20240516001782,한국주강,20240516,정
00365934,코세스,089890,K,분기보고서 (2024.03),20240516001781,코세스,20240516,
00109268,대동스틸,048470,K,[기재정정]분기보고서 (2024.03),20240516001780,대동스틸,20240516,
01046391,싸이토젠,217330,K,분기보고서 (2024.03),20240516001779,싸이토젠,20240516,
00229021,인성정보,033230,K,[기재정정]증권신고서(지분증권),20240516001778,인성정보,20240516,정
00227333,네패스,033640,K,분기보고서 (2024.03),20240516001777,네패스,20240516,
00131054,유진증권,001200,Y,[기재정정]일괄신고서(기타파생결합증권),20240516001704,유진증권,20240516,정
00131054,유진증권,001200,Y,[기재정정]일괄신고서(기타파생결합사채),20240516001668,유진증권,20240516,정
00265324,CJ ENM,035760,K,분기보고서 (2024.03),20240516001775,CJ ENM,20240516,
00131054,유진증권,001200,Y,[기재정정]일괄신고서(파생결합사채-주가연계파생결합사채),20240516001474,유진증권,20240516,정
00131054,유진증권,001200,Y,[기재정정]일괄신고서(파생결합증권-주가연계증권),20240516001387,유진증권,20240516,정
00172291,더존비즈온,012510,Y,분기보고서 (2024.03),20240516001771,더존비즈온,20240516,
00156488,휴스틸,005010,Y,분기보고서 (2024.03),20240516001769,휴스틸,20240516,
00301422,스모트로닉,066590,K,분기보고서 (2024.03),20240516001768,스모트로닉,20240516,
00307028,경남제약,053950,K,분기보고서 (2024.03),20240516001767,경남제약,20240516,
00105466,KCC건설,021320,K,[기재정정]타인에대한채무보증결정              ,20240516901887,KCC건설,20240516,코
01524093,DL이앤씨,375500,Y,[기재정정]분기보고서 (2024.03),20240516001766,DL이앤씨,20240516,
00135050,팜젠사이언스,004720,Y,주식등의대량보유상황보고서(일반),20240516001770,에이치디투자조합,20240516,
00187725,코콤,015710,K,분기보고서 (2024.03),20240516001764,코콤,20240516,
00356370,LG생활건강,051900,Y,기업설명회(IR)개최(안내공시)              ,20240516801348,LG생활건강,20240516,유
00547583,하나금융지주,086790,Y,분기보고서 (2024.03),20240516001763,하나금융지주,20240516,
01196313,유에스티,263770,K,분기보고서 (2024.03),20240516001761,유에스티,20240516,
00138792,아시아나항공,020560,Y,분기보고서 (2024.03),20240516001760,아시아나항공,20240516,
00126292,삼성카드,029780,Y,[기재정정]일괄신고서,20240516001759,삼성카드,20240516,정
00121507,무림SP,001810,K,분기보고서 (2024.03),20240516001758,무림SP,20240516,
00872984,이마트,139480,Y,분기보고서 (2024.03),20240516001757,이마트,20240516,
00306162,상상인,038540,K,분기보고서 (2024.03),20240516001755,상상인,20240516,
00770312,마니커에프앤지,195500,K,분기보고서 (2024.03),20240516001754,마니커에프앤지,20240516,
00131850,SK증권,001510,Y,분기보고서 (2024.03),20240516001752,SK증권,20240516,
00405506,삼영에스앤씨,361670,K,분기보고서 (2024.03),20240516001751,삼영에스앤씨,20240516,
00190321,케이티,030200,Y,분기보고서 (2024.03),20240516001750,케이티,20240516,
00229030,알멕,354320,K,분기보고서 (2024.03),20240516001749,알멕,20240516,
00264228,위즈코프,038620,K,분기보고서 (2024.03),20240516001748,위즈코프,20240516,
00267942,큐캐피탈,016600,K,분기보고서 (2024.03),20240516001746,큐캐피탈,20240516,
00136086,무림페이퍼,009200,Y,분기보고서 (2024.03),20240516001745,무림페이퍼,20240516,
00137359,신풍제약,019170,Y,분기보고서 (2024.03),20240516001744,신풍제약,20240516,
01350869,우리금융지주,316140,Y,분기보고서 (2024.03),20240516001742,우리금융지주,20240516,
00101664,경보제약,214390,Y,분기보고서 (2024.03),20240516001741,경보제약,20240516,
00180795,인팩,023810,Y,분기보고서 (2024.03),20240516001740,인팩,20240516,
00145552,이수화학,005950,Y,분기보고서 (2024.03),20240516001739,이수화학,20240516,
00165680,호텔신라,008770,Y,분기보고서 (2024.03),20240516001732,호텔신라,20240516,
00109693,DL,000210,Y,계열회사변경(자율공시)              ,20240516801847,DL,20240516,유
01275665,리메드,302550,K,분기보고서 (2024.03),20240516001731,리메드,20240516,
00763473,코스메카코리아,241710,K,분기보고서 (2024.03),20240516001730,코스메카코리아,20240516,
00124090,한국특강,007280,Y,분기보고서 (2024.03),20240516001729,한국특강,20240516,
00861997,휴먼테크놀로지,175140,K,분기보고서 (2024.03),20240516001728,휴먼테크놀로지,20240516,
01035678,링크드,193250,K,분기보고서 (2024.03),20240516001727,링크드,20240516,
00937324,한국타이어앤테크놀로지,161390,Y,분기보고서 (2024.03),20240516001725,한국타이어앤테크놀로지,20240516,
00258801,카카오,035720,Y,특수관계인에대한출자,20240516001726,카카오,20240516,공
00135111,수산세보틱스,017550,Y,분기보고서 (2024.03),20240516001724,수산세보틱스,20240516,
01068737,에이치피오,357230,K,[기재정정]사업보고서 (2023.12),20240516001723,에이치피오,20240516,연
00139764,에넥스,011090,Y,분기보고서 (2024.03),20240516001721,에넥스,20240516,
00229021,인성정보,033230,K,분기보고서 (2024.03),20240516001720,인성정보,20240516,
00125822,삼보산업,009620,K,[기재정정]투자설명서,20240516001719,삼보산업,20240516,정
01147487,뷰티스킨,406820,K,분기보고서 (2024.03),20240516001718,뷰티스킨,20240516,
00102618,계양전기,012200,Y,분기보고서 (2024.03),20240516001717,계양전기,20240516,
00232007,상지건설,042940,K,분기보고서 (2024.03),20240516001716,상지건설,20240516,
01217865,프롬바이오,377220,K,분기보고서 (2024.03),20240516001714,프롬바이오,20240516,
00300405,오리엔트정공,065500,K,분기보고서 (2024.03),20240516001713,오리엔트정공,20240516,
00392691,포니링크,064800,K,[기재정정]금전대여결정              ,20240516901785,포니링크,20240516,코정
00620558,루트K,195990,K,분기보고서 (2024.03),20240516001712,루트K,20240516,
00131197,서원,021050,Y,분기보고서 (2024.03),20240516001711,서원,20240516,
00106119,금양,001570,Y,분기보고서 (2024.03),20240516001709,금양,20240516,
00654272,램테크놀러지,171010,K,분기보고서 (2024.03),20240516001707,램테크놀러지,20240516,
00347062,현대바이오랜드,052260,K,권리락              (무상증자),20240516901807,코스닥시장본부,20240516,코
00108038,엔피씨,004250,Y,분기보고서 (2024.03),20240516001703,엔피씨,20240516,
00127802,삼익THK,004380,Y,[기재정정]분기보고서 (2024.03),20240516001702,삼익THK,20240516,
00362159,웰크론,065950,K,분기보고서 (2024.03),20240516001701,웰크론,20240516,
00366137,KG에코솔루션,151860,K,분기보고서 (2024.03),20240516001698,KG에코솔루션,20240516,
01226410,씨앤씨인터내셔널,352480,K,분기보고서 (2024.03),20240516001696,씨앤씨인터내셔널,20240516,
00547583,하나금융지주,086790,Y,[기재정정]사업보고서 (2023.12),20240516001695,하나금융지주,20240516,연
01559637,블루엠텍,439580,K,주주명부폐쇄기간또는기준일설정              ,20240516901743,블루엠텍,20240516,코
00860332,메리츠금융지주,138040,Y,분기보고서 (2024.03),20240516001693,메리츠금융지주,20240516,정
00141671,오리콤,010470,K,분기보고서 (2024.03),20240516001691,오리콤,20240516,정
00469799,이엔플러스,074610,Y,분기보고서 (2024.03),20240516001690,이엔플러스,20240516,
00545114,랩지노믹스,084650,K,기업설명회(IR)개최              ,20240516901806,랩지노믹스,20240516,코정
00125822,삼보산업,009620,K,[기재정정]증권신고서(지분증권),20240516001692,삼보산업,20240516,정
01179617,한국비엔씨,256840,K,분기보고서 (2024.03),20240516001689,한국비엔씨,20240516,
01559637,블루엠텍,439580,K,주주총회소집결의              (임시주주총회),20240516901728,블루엠텍,20240516,코
00126256,삼성생명,032830,Y,분기보고서 (2024.03),20240516001688,삼성생명,20240516,정
00132992,성우하이텍,015750,K,분기보고서 (2024.03),20240516001686,성우하이텍,20240516,
00660033,씨엔플러스,115530,K,분기보고서 (2024.03),20240516001683,씨엔플러스,20240516,
01071041,CJ 바이오사이언스,311690,K,분기보고서 (2024.03),20240516001684,CJ 바이오사이언스,20240516,
01480780,NH올원리츠,400760,Y,반기보고서 (2024.03),20240516001682,NH올원리츠,20240516,
00126186,삼성에스디에스,018260,Y,분기보고서 (2024.03),20240516001677,삼성에스디에스,20240516,
00239639,삼표시멘트,038500,K,분기보고서 (2024.03),20240516001675,삼표시멘트,20240516,
00154055,태원물산,001420,Y,분기보고서 (2024.03),20240516001674,태원물산,20240516,
00109693,DL,000210,Y,[기재정정]분기보고서 (2024.03),20240516001673,DL,20240516,
00105299,금강공업,014280,Y,분기보고서 (2024.03),20240516001672,금강공업,20240516,
00203290,콜마홀딩스,024720,Y,분기보고서 (2024.03),20240516001671,콜마홀딩스,20240516,
01136977,마녀공장,439090,K,기업설명회(IR)개최              ,20240516901702,마녀공장,20240516,코
00486097,KT나스미디어,089600,K,분기보고서 (2024.03),20240516001670,KT나스미디어,20240516,정
00135050,팜젠사이언스,004720,Y,임원ㆍ주요주주특정증권등소유상황보고서,20240516001669,한의상,20240516,
01080687,아우딘퓨쳐스,227610,K,전환가액의조정              (제5회차),20240516901685,아우딘퓨쳐스,20240516,코
00641393,엔시트론,101400,K,분기보고서 (2024.03),20240516001667,엔시트론,20240516,
00122205,졸스,018700,K,분기보고서 (2024.03),20240516001665,졸스,20240516,
01436628,이지스레지던스리츠,350520,Y,반기보고서 (2024.03),20240516001662,이지스레지던스리츠,20240516,
01784394,STX그린로지스,465770,Y,분기보고서 (2024.03),20240516001659,STX그린로지스,20240516,
00146296,일신석재,007110,Y,분기보고서 (2024.03),20240516001657,일신석재,20240516,
00684802,에이플러스에셋,244920,Y,분기보고서 (2024.03),20240516001656,에이플러스에셋,20240516,
00105280,현대지에프홀딩스,005440,Y,분기보고서 (2024.03),20240516001652,현대지에프홀딩스,20240516,
00382199,신한지주,055550,Y,분기보고서 (2024.03),20240516001651,신한지주,20240516,
01194689,HD현대마린솔루션,443060,Y,임원ㆍ주요주주특정증권등소유상황보고서,20240516001653,"GlobalVesselSolutions,L.P.",20240516,
00366942,미코,059090,K,분기보고서 (2024.03),20240516001649,미코,20240516,
00800145,서진오토모티브,122690,K,전환가액의조정              (제10회차),20240516901712,서진오토모티브,20240516,코
00660121,디에이테크놀로지,196490,K,분기보고서 (2024.03),20240516001647,디에이테크놀로지,20240516,
01153105,비비씨,318410,K,분기보고서 (2024.03),20240516001646,비비씨,20240516,정
00939331,한국콜마,161890,Y,분기보고서 (2024.03),20240516001645,한국콜마,20240516,
00918222,엘앤케이바이오,156100,K,분기보고서 (2024.03),20240516001644,엘앤케이바이오,20240516,
00318662,CNT85,056730,K,단일판매ㆍ공급계약해지(자율공시)              ,20240516901493,CNT85,20240516,코
01442115,소마젠,950200,K,분기보고서 (2024.03),20240516001642,소마젠,20240516,
00238782,다우데이타,032190,K,분기보고서 (2024.03),20240516001641,다우데이타,20240516,
00608839,에이루트,096690,K,분기보고서 (2024.03),20240516001640,에이루트,20240516,
00173591,세원물산,024830,K,분기보고서 (2024.03),20240516001639,세원물산,20240516,
00164779,SK하이닉스,000660,Y,분기보고서 (2024.03),20240516001638,SK하이닉스,20240516,
00159102,DB손해보험,005830,Y,분기보고서 (2024.03),20240516001637,DB손해보험,20240516,정
00139834,LG씨엔에스,064400,Y,분기보고서 (2024.03),20240516001636,LG씨엔에스,20240516,
00119672,두올,016740,Y,분기보고서 (2024.03),20240516001635,두올,20240516,
00173449,빌리언스,044480,K,분기보고서 (2024.03),20240516001634,빌리언스,20240516,
00219574,코스맥스비티아이,044820,Y,분기보고서 (2024.03),20240516001633,코스맥스비티아이,20240516,
01051092,피씨엘,241820,K,분기보고서 (2024.03),20240516001632,피씨엘,20240516,
00134316,세원정공,021820,Y,분기보고서 (2024.03),20240516001631,세원정공,20240516,
00560982,바이오솔루션,086820,K,분기보고서 (2024.03),20240516001630,바이오솔루션,20240516,
00800145,서진오토모티브,122690,K,분기보고서 (2024.03),20240516001629,서진오토모티브,20240516,
01114586,셀레믹스,331920,K,분기보고서 (2024.03),20240516001628,셀레믹스,20240516,정
00571483,오이솔루션,138080,K,연결재무제표기준영업실적등에대한전망(공정공시)              ,20240516901688,오이솔루션,20240516,코
00231354,파워넷,037030,K,분기보고서 (2024.03),20240516001627,파워넷,20240516,
00219097,BGF,027410,Y,분기보고서 (2024.03),20240516001626,BGF,20240516,
00109824,대림통상,006570,Y,분기보고서 (2024.03),20240516001624,대림통상,20240516,
00228536,현대에버다임,041440,K,분기보고서 (2024.03),20240516001623,현대에버다임,20240516,
00624518,다산솔루에타,154040,K,분기보고서 (2024.03),20240516001621,다산솔루에타,20240516,
00113614,대현,016090,Y,분기보고서 (2024.03),20240516001620,대현,20240516,
00119007,무림P&P,009580,Y,분기보고서 (2024.03),20240516001619,무림P&P,20240516,
00862880,새빗켐,107600,K,분기보고서 (2024.03),20240516001617,새빗켐,20240516,
00599595,BGF에코머티리얼즈,126600,K,분기보고서 (2024.03),20240516001614,BGF에코머티리얼즈,20240516,
00125974,삼부토건,001470,Y,거래처와의거래중단              ,20240516801721,삼부토건,20240516,유정
01288827,HPSP,403870,K,분기보고서 (2024.03),20240516001612,HPSP,20240516,
00106368,금호석유화학,011780,Y,분기보고서 (2024.03),20240516001611,금호석유화학,20240516,
00406037,CSA 코스믹,083660,K,분기보고서 (2024.03),20240516001610,CSA 코스믹,20240516,
00106395,금호전기,001210,Y,분기보고서 (2024.03),20240516001609,금호전기,20240516,
00587466,KPX홀딩스,092230,Y,분기보고서 (2024.03),20240516001608,KPX홀딩스,20240516,
00200275,YTN,040300,K,분기보고서 (2024.03),20240516001607,YTN,20240516,
00131832,SK디스커버리,006120,Y,분기보고서 (2024.03),20240516001606,SK디스커버리,20240516,
01204056,하이브,352820,Y,분기보고서 (2024.03),20240516001604,하이브,20240516,
01063954,수젠텍,253840,K,분기보고서 (2024.03),20240516001603,수젠텍,20240516,
00372873,KTis,058860,Y,분기보고서 (2024.03),20240516001602,KTis,20240516,
01219155,네오크레마,311390,K,분기보고서 (2024.03),20240516001600,네오크레마,20240516,
00129679,녹십자,006280,Y,분기보고서 (2024.03),20240516001599,녹십자,20240516,
00148540,CJ,001040,Y,분기보고서 (2024.03),20240516001598,CJ,20240516,
01135640,이삭엔지니어링,351330,K,분기보고서 (2024.03),20240516001597,이삭엔지니어링,20240516,
00120021,LG,003550,Y,분기보고서 (2024.03),20240516001596,LG,20240516,
00131780,SK네트웍스,001740,Y,분기보고서 (2024.03),20240516001595,SK네트웍스,20240516,
00545734,아미코젠,092040,K,분기보고서 (2024.03),20240516001594,아미코젠,20240516,
00267881,보성파워텍,006910,K,분기보고서 (2024.03),20240516001593,보성파워텍,20240516,
00547583,하나금융지주,086790,Y,기업설명회(IR)개최(안내공시)              ,20240516801694,하나금융지주,20240516,유
00326731,바이오니아,064550,K,분기보고서 (2024.03),20240516001592,바이오니아,20240516,
01159853,휴온스,243070,K,분기보고서 (2024.03),20240516001590,휴온스,20240516,
00135777,신대양제지,016590,Y,분기보고서 (2024.03),20240516001589,신대양제지,20240516,
00361381,제이브이엠,054950,K,분기보고서 (2024.03),20240516001588,제이브이엠,20240516,
01205842,HD건설기계,267270,Y,분기보고서 (2024.03),20240516001587,HD건설기계,20240516,
00164618,현대사료,016790,K,분기보고서 (2024.03),20240516001585,현대사료,20240516,
00493325,에이엘티,172670,K,분기보고서 (2024.03),20240516001584,에이엘티,20240516,
00163345,DB,012030,Y,분기보고서 (2024.03),20240516001582,DB,20240516,
00267906,베뉴지,019010,K,주식등의대량보유상황보고서(일반),20240516001581,김만진,20240516,
00117267,동양생명,082640,Y,분기보고서 (2024.03),20240516001580,동양생명,20240516,정
00162993,한일홀딩스,003300,Y,분기보고서 (2024.03),20240516001579,한일홀딩스,20240516,
00122694,범양건영,002410,Y,분기보고서 (2024.03),20240516001578,범양건영,20240516,
01181807,형지글로벌,308100,K,분기보고서 (2024.03),20240516001577,형지글로벌,20240516,
00659161,싸이맥스,160980,K,분기보고서 (2024.03),20240516001576,싸이맥스,20240516,
00193328,수산인더스트리,126720,Y,분기보고서 (2024.03),20240516001575,수산인더스트리,20240516,
01245062,코오롱티슈진,950160,K,분기보고서 (2024.03),20240516001574,코오롱티슈진,20240516,
00173351,삼진,032750,K,분기보고서 (2024.03),20240516001573,삼진,20240516,
00519252,THE E&M,089230,K,분기보고서 (2024.03),20240516001572,THE E&M,20240516,
01297898,마음AI,377480,K,전환가액의조정              (제1회차),20240516901523,마음AI,20240516,코
01394377,이지스밸류플러스리츠,334890,Y,의결권대리행사권유참고서류,20240516001571,이지스밸류플러스리츠,20240516,정
00547583,하나금융지주,086790,Y,기업설명회(IR)개최(안내공시)              ,20240516801667,하나금융지주,20240516,유
00563545,두산테스나,131970,K,분기보고서 (2024.03),20240516001570,두산테스나,20240516,정
01230255,한울앤제주,276730,K,분기보고서 (2024.03),20240516001567,한울앤제주,20240516,
01274329,성일하이텍,365340,K,분기보고서 (2024.03),20240516001566,성일하이텍,20240516,
01596425,SK스퀘어,402340,Y,분기보고서 (2024.03),20240516001564,SK스퀘어,20240516,
00297989,오르비텍,046120,K,소액공모실적보고서,20240516001563,오르비텍,20240516,
01319808,한일시멘트,300720,Y,분기보고서 (2024.03),20240516001562,한일시멘트,20240516,
00267979,한일화학,007770,K,임원ㆍ주요주주특정증권등소유상황보고서,20240516001561,박향아,20240516,
01169267,세화피앤씨,252500,K,분기보고서 (2024.03),20240516001560,세화피앤씨,20240516,
01344336,신테카바이오,226330,K,분기보고서 (2024.03),20240516001559,신테카바이오,20240516,
01566248,에코프로에이치엔,383310,K,분기보고서 (2024.03),20240516001557,에코프로에이치엔,20240516,정
00123772,부국증권,001270,Y,분기보고서 (2024.03),20240516001554,부국증권,20240516,
00547510,툴젠,199800,K,분기보고서 (2024.03),20240516001552,툴젠,20240516,
00351579,비트플래닛,049470,K,분기보고서 (2024.03),20240516001548,비트플래닛,20240516,
00571483,오이솔루션,138080,K,분기보고서 (2024.03),20240516001546,오이솔루션,20240516,
00269940,하나투어,039130,Y,분기보고서 (2024.03),20240516001544,하나투어,20240516,
00144021,원풍물산,008290,K,분기보고서 (2024.03),20240516001543,원풍물산,20240516,
00480367,SK오션플랜트,100090,Y,기업설명회(IR)개최(안내공시)              ,20240516801572,SK오션플랜트,20240516,유
00632845,노랑풍선,104620,K,분기보고서 (2024.03),20240516001541,노랑풍선,20240516,
01065679,이노인스트루먼트,215790,K,주식등의대량보유상황보고서(일반),20240516001540,조봉일,20240516,
00863038,캐리,313760,K,분기보고서 (2024.03),20240516001539,캐리,20240516,
00487546,웰크론한텍,076080,K,분기보고서 (2024.03),20240516001538,웰크론한텍,20240516,
00128175,원익큐브,014190,K,분기보고서 (2024.03),20240516001535,원익큐브,20240516,
01204056,하이브,352820,Y,주식등의대량보유상황보고서(일반),20240516001537,방시혁,20240516,
01264438,자이언트스텝,289220,K,분기보고서 (2024.03),20240516001534,자이언트스텝,20240516,
01476219,코스텍시스,355150,K,주식등의대량보유상황보고서(약식),20240516001536,교보증권,20240516,
00205687,더라미,032860,K,분기보고서 (2024.03),20240516001532,더라미,20240516,
00761059,펌텍코리아,251970,K,분기보고서 (2024.03),20240516001531,펌텍코리아,20240516,
01080687,아우딘퓨쳐스,227610,K,분기보고서 (2024.03),20240516001530,아우딘퓨쳐스,20240516,
00365758,아이앤씨,052860,K,분기보고서 (2024.03),20240516001528,아이앤씨,20240516,
00163196,한일철강,002220,Y,분기보고서 (2024.03),20240516001527,한일철강,20240516,
00137207,유니켐,011330,Y,분기보고서 (2024.03),20240516001526,유니켐,20240516,
00242378,이지홀딩스,035810,K,분기보고서 (2024.03),20240516001523,이지홀딩스,20240516,
00888347,휴젤,145020,K,신탁계약에의한취득상황보고서,20240516001524,휴젤,20240516,
00608316,대한과학,131220,K,분기보고서 (2024.03),20240516001521,대한과학,20240516,
00126292,삼성카드,029780,Y,분기보고서 (2024.03),20240516001518,삼성카드,20240516,
00101044,에이프로젠바이오로직스,003060,Y,[첨부정정]증권신고서(지분증권),20240516001519,에이프로젠바이오로직스,20240516,정
00660459,나노씨엠에스,247660,K,[기재정정]분기보고서 (2024.03),20240516001517,나노씨엠에스,20240516,
00191472,KPX케미칼,025000,Y,분기보고서 (2024.03),20240516001514,KPX케미칼,20240516,
01480568,이지바이오,353810,K,분기보고서 (2024.03),20240516001513,이지바이오,20240516,
00346911,아이톡시,052770,K,분기보고서 (2024.03),20240516001512,아이톡시,20240516,
00791209,메타케어,118000,Y,분기보고서 (2024.03),20240516001511,메타케어,20240516,
00148832,제주은행,006220,Y,분기보고서 (2024.03),20240516001510,제주은행,20240516,
00762377,씨앗,103660,N,기업설명회(IR)개최결과              ,20240516601461,씨앗,20240516,넥
00141149,영진약품,003520,Y,분기보고서 (2024.03),20240516001508,영진약품,20240516,
00962223,지니언스,263860,K,분기보고서 (2024.03),20240516001506,지니언스,20240516,
00370006,iMBC,052220,K,분기보고서 (2024.03),20240516001505,iMBC,20240516,
01394377,이지스밸류플러스리츠,334890,Y,주주총회소집공고,20240516001504,이지스밸류플러스리츠,20240516,정
00123541,보해양조,000890,Y,분기보고서 (2024.03),20240516001502,보해양조,20240516,
00415868,펩트론,087010,K,분기보고서 (2024.03),20240516001500,펩트론,20240516,
00536541,에코프로,086520,K,분기보고서 (2024.03),20240516001499,에코프로,20240516,
01011526,엔켐,348370,K,주식등의대량보유상황보고서(일반),20240516001501,오정강,20240516,
01263022,BGF리테일,282330,Y,분기보고서 (2024.03),20240516001498,BGF리테일,20240516,
01368637,성원에너텍,340930,K,분기보고서 (2024.03),20240516001497,성원에너텍,20240516,
00120924,매일홀딩스,005990,K,분기보고서 (2024.03),20240516001496,매일홀딩스,20240516,
00220109,알파AI,043100,K,분기보고서 (2024.03),20240516001495,알파AI,20240516,
00100939,강남제비스코,000860,Y,분기보고서 (2024.03),20240516001494,강남제비스코,20240516,
00172936,동일산업,004890,Y,분기보고서 (2024.03),20240516001493,동일산업,20240516,
00888347,휴젤,145020,K,신탁계약해지결과보고서,20240516001492,휴젤,20240516,
00226866,인탑스,049070,K,분기보고서 (2024.03),20240516001491,인탑스,20240516,
01078178,RFHIC,218410,K,분기보고서 (2024.03),20240516001487,RFHIC,20240516,
00105466,KCC건설,021320,K,분기보고서 (2024.03),20240516001486,KCC건설,20240516,
00129280,삼화전자공업,011230,Y,분기보고서 (2024.03),20240516001485,삼화전자공업,20240516,
00111838,대원,007680,K,분기보고서 (2024.03),20240516001484,대원,20240516,
00116426,이렘,009730,K,분기보고서 (2024.03),20240516001483,이렘,20240516,
00576789,디젠스,113810,K,분기보고서 (2024.03),20240516001482,디젠스,20240516,
00145880,현대제철,004020,Y,분기보고서 (2024.03),20240516001479,현대제철,20240516,
01584183,퀄리타스반도체,432720,K,단일판매ㆍ공급계약체결              ,20240516901484,퀄리타스반도체,20240516,코정
01205709,HD현대,267250,Y,최대주주등소유주식변동신고서              ,20240516801569,HD현대,20240516,유
01592049,엔젤로보틱스,455900,K,분기보고서 (2024.03),20240516001477,엔젤로보틱스,20240516,
01817081,SK이터닉스,475150,Y,기업설명회(IR)개최(안내공시)              ,20240516801420,SK이터닉스,20240516,유
01175499,큐에이드,377460,K,분기보고서 (2024.03),20240516001476,큐에이드,20240516,
01065679,이노인스트루먼트,215790,K,분기보고서 (2024.03),20240516001475,이노인스트루먼트,20240516,
00107066,남광토건,001260,Y,[기재정정]단일판매ㆍ공급계약체결              ,20240516801454,남광토건,20240516,유정
00158015,한국선재,025550,K,분기보고서 (2024.03),20240516001473,한국선재,20240516,
01350869,우리금융지주,316140,Y,[기재정정]사업보고서 (2023.12),20240516001472,우리금융지주,20240516,연
00297989,오르비텍,046120,K,증권발행결과(자율공시)              ,20240516901563,오르비텍,20240516,코
00565154,이노션,214320,Y,분기보고서 (2024.03),20240516001471,이노션,20240516,
00276834,KX하이텍,052900,K,분기보고서 (2024.03),20240516001470,KX하이텍,20240516,
00111847,대원강업,000430,Y,분기보고서 (2024.03),20240516001467,대원강업,20240516,
00166519,화천기공,000850,Y,분기보고서 (2024.03),20240516001466,화천기공,20240516,
00946030,로보티즈,108490,K,분기보고서 (2024.03),20240516001465,로보티즈,20240516,
01315042,시선AI,340810,K,주식매수선택권행사              ,20240516901472,시선AI,20240516,코정
00156691,한국공항,005430,Y,분기보고서 (2024.03),20240516001463,한국공항,20240516,
01534577,청담글로벌,362320,K,분기보고서 (2024.03),20240516001461,청담글로벌,20240516,
01686427,에스오에스랩,464080,K,[기재정정]증권신고서(지분증권),20240516001460,에스오에스랩,20240516,정
00445841,MDS테크,086960,K,분기보고서 (2024.03),20240516001459,MDS테크,20240516,
00525642,코오롱생명과학,102940,K,분기보고서 (2024.03),20240516001457,코오롱생명과학,20240516,
00164788,현대모비스,012330,Y,분기보고서 (2024.03),20240516001455,현대모비스,20240516,
00161116,HL D&I,014790,Y,분기보고서 (2024.03),20240516001454,HL D&I,20240516,
00672603,케이엔알시스템,199430,K,분기보고서 (2024.03),20240516001452,케이엔알시스템,20240516,
00533191,비보존 제약,082800,K,임원ㆍ주요주주특정증권등소유상황보고서,20240516001453,이두현,20240516,
00428251,현대백화점,069960,Y,분기보고서 (2024.03),20240516001451,현대백화점,20240516,
01602638,한싹,430690,K,임원ㆍ주요주주특정증권등소유상황보고서,20240516001450,배성기,20240516,
00490179,플랜티넷,075130,K,분기보고서 (2024.03),20240516001448,플랜티넷,20240516,
01335851,박셀바이오,323990,K,분기보고서 (2024.03),20250828000404,박셀바이오,20240516,
00139205,안국약품,001540,K,분기보고서 (2024.03),20240516001444,안국약품,20240516,
01012066,HK이노엔,195940,K,분기보고서 (2024.03),20240516001443,HK이노엔,20240516,
00201432,비츠로시스,054220,K,분기보고서 (2024.03),20240516001442,비츠로시스,20240516,
01027794,브이원텍,251630,K,분기보고서 (2024.03),20240516001441,브이원텍,20240516,
00155212,포스코DX,022100,Y,[기재정정]분기보고서 (2024.03),20240516001435,포스코DX,20240516,
00961774,유티아이,179900,K,분기보고서 (2024.03),20240516001434,유티아이,20240516,
00988364,SGA솔루션즈,184230,K,분기보고서 (2024.03),20240516001433,SGA솔루션즈,20240516,
00243757,인포뱅크,039290,K,분기보고서 (2024.03),20240516001432,인포뱅크,20240516,
00125521,에스엘,005850,Y,분기보고서 (2024.03),20240516001429,에스엘,20240516,
01234507,매일유업,267980,K,분기보고서 (2024.03),20240516001428,매일유업,20240516,
00109587,대륙제관,004780,K,분기보고서 (2024.03),20240516001426,대륙제관,20240516,
00105271,케이씨씨,002380,Y,기업설명회(IR)개최(안내공시)              ,20240516801516,케이씨씨,20240516,유
00148522,퍼스텍,010820,Y,분기보고서 (2024.03),20240516001424,퍼스텍,20240516,
00113234,대한제당,001790,Y,분기보고서 (2024.03),20240516001422,대한제당,20240516,
01204056,하이브,352820,Y,임원ㆍ주요주주특정증권등소유상황보고서,20240516001423,넷마블,20240516,
00126380,삼성전자,005930,Y,분기보고서 (2024.03),20240516001421,삼성전자,20240516,
00162072,한신기계공업,011700,Y,분기보고서 (2024.03),20240516001420,한신기계공업,20240516,정
00876865,네오오토,212560,K,분기보고서 (2024.03),20240516001419,네오오토,20240516,
00428729,대호에이엘,069460,Y,분기보고서 (2024.03),20240516001418,대호에이엘,20240516,
01586455,꿈비,407400,K,분기보고서 (2024.03),20240516001417,꿈비,20240516,
00959229,세종메디칼,258830,K,분기보고서 (2024.03),20240516001416,세종메디칼,20240516,정
00491938,GH신소재,130500,K,분기보고서 (2024.03),20240516001413,GH신소재,20240516,
00103130,플레이그램,009810,Y,분기보고서 (2024.03),20240516001412,플레이그램,20240516,
00351427,와이즈넛,096250,K,분기보고서 (2024.03),20240516001411,와이즈넛,20240516,
00126487,F&F 홀딩스,007700,Y,분기보고서 (2024.03),20240516001408,F&F 홀딩스,20240516,
00125646,삼목에스폼,018310,K,분기보고서 (2024.03),20240516001407,삼목에스폼,20240516,
00602172,와이엠티,251370,K,주식등의대량보유상황보고서(일반),20240516001406,전성욱,20240516,
00761183,신성에스티,416180,K,[기재정정]분기보고서 (2024.03),20240516001405,신성에스티,20240516,
01568413,F&F,383220,Y,분기보고서 (2024.03),20240516001404,F&F,20240516,
00173032,동화기업,025900,K,분기보고서 (2024.03),20240516001402,동화기업,20240516,
00351092,삼보모터스,053700,K,분기보고서 (2024.03),20240516001401,삼보모터스,20240516,정
00180263,리더스코스메틱,016100,K,분기보고서 (2024.03),20240516001400,리더스코스메틱,20240516,
01042711,글로벌텍스프리,204620,K,분기보고서 (2024.03),20240516001398,글로벌텍스프리,20240516,
00145598,이연제약,102460,Y,분기보고서 (2024.03),20240516001396,이연제약,20240516,
00390055,종근당바이오,063160,Y,분기보고서 (2024.03),20240516001395,종근당바이오,20240516,
00814786,티엔엔터테인먼트,131100,K,분기보고서 (2024.03),20240516001394,티엔엔터테인먼트,20240516,
00403632,현대퓨처넷,126560,Y,분기보고서 (2024.03),20240516001393,현대퓨처넷,20240516,
00633835,HJ중공업,097230,Y,분기보고서 (2024.03),20240516001392,HJ중공업,20240516,정
00124540,대우건설,047040,Y,분기보고서 (2024.03),20240516001391,대우건설,20240516,
01189438,HLB바이오스텝,278650,K,분기보고서 (2024.03),20240516001389,HLB바이오스텝,20240516,
01302853,아이씨에이치,368600,K,분기보고서 (2024.03),20240516001388,아이씨에이치,20240516,
01360875,탑머티리얼,360070,K,분기보고서 (2024.03),20240516001386,탑머티리얼,20240516,
00480367,SK오션플랜트,100090,Y,분기보고서 (2024.03),20240516001385,SK오션플랜트,20240516,
00128111,포스코엠텍,009520,K,분기보고서 (2024.03),20240516001384,포스코엠텍,20240516,
00105271,케이씨씨,002380,Y,분기보고서 (2024.03),20240516001383,케이씨씨,20240516,정
00825959,하이비젼시스템,126700,K,분기보고서 (2024.03),20240516001382,하이비젼시스템,20240516,
00115931,디오,039840,K,분기보고서 (2024.03),20240516001381,디오,20240516,
00128546,삼천당제약,000250,K,분기보고서 (2024.03),20240516001380,삼천당제약,20240516,
00459871,농심홀딩스,072710,Y,분기보고서 (2024.03),20240516001379,농심홀딩스,20240516,
00128661,에스에이엠티,031330,K,분기보고서 (2024.03),20240516001378,에스에이엠티,20240516,
00442570,제우스,079370,K,분기보고서 (2024.03),20240516001377,제우스,20240516,
00122472,PKC,001340,Y,분기보고서 (2024.03),20240516001376,PKC,20240516,
00104856,삼성증권,016360,Y,분기보고서 (2024.03),20240516001375,삼성증권,20240516,
00145437,아센디오,012170,Y,분기보고서 (2024.03),20240516001374,아센디오,20240516,
00454399,이상네트웍스,080010,K,분기보고서 (2024.03),20240516001373,이상네트웍스,20240516,
00117300,TCC스틸,002710,Y,분기보고서 (2024.03),20240516001372,TCC스틸,20240516,
01065013,우정바이오,215380,K,분기보고서 (2024.03),20240516001370,우정바이오,20240516,
00974927,NEW,160550,K,분기보고서 (2024.03),20240516001369,NEW,20240516,
00135795,신도리코,029530,Y,분기보고서 (2024.03),20240516001368,신도리코,20240516,
01584183,퀄리타스반도체,432720,K,분기보고서 (2024.03),20240516001367,퀄리타스반도체,20240516,
00573269,에스코넥,096630,K,분기보고서 (2024.03),20240516001366,에스코넥,20240516,
01014055,에스트래픽,234300,K,분기보고서 (2024.03),20240516001364,에스트래픽,20240516,
01721809,현대그린푸드,453340,Y,분기보고서 (2024.03),20240516001363,현대그린푸드,20240516,
00132725,SB성보,003080,Y,분기보고서 (2024.03),20240516001361,SB성보,20240516,
00129989,코스모신소재,005070,Y,주식등의대량보유상황보고서(일반),20240516001362,코스모화학,20240516,
01497373,아이엠비디엑스,461030,K,분기보고서 (2024.03),20240516001360,아이엠비디엑스,20240516,
00132354,쿠쿠홀딩스,192400,Y,분기보고서 (2024.03),20240516001359,쿠쿠홀딩스,20240516,정
00303192,디에이피,066900,K,분기보고서 (2024.03),20240516001358,디에이피,20240516,
00983934,아이스크림에듀,289010,K,분기보고서 (2024.03),20240516001356,아이스크림에듀,20240516,정
00175623,ES큐브,050120,K,분기보고서 (2024.03),20240516001355,ES큐브,20240516,
00602172,와이엠티,251370,K,분기보고서 (2024.03),20240516001353,와이엠티,20240516,
01569102,라이콤,388790,K,분기보고서 (2024.03),20240516001352,라이콤,20240516,
00993931,동양파일,228340,K,분기보고서 (2024.03),20240516001351,동양파일,20240516,
00373021,테라사이언스,073640,K,분기보고서 (2024.03),20240516001350,테라사이언스,20240516,
00989664,코아스템켐온,166480,K,분기보고서 (2024.03),20240516001349,코아스템켐온,20240516,
00220561,광주신세계,037710,Y,분기보고서 (2024.03),20240516001347,광주신세계,20240516,
01013694,인카금융서비스,211050,K,분기보고서 (2024.03),20240516001344,인카금융서비스,20240516,
00149655,삼성물산,028260,Y,분기보고서 (2024.03),20240516001343,삼성물산,20240516,
00432102,한국금융지주,071050,Y,분기보고서 (2024.03),20240516001341,한국금융지주,20240516,
00119195,동화약품,000020,Y,분기보고서 (2024.03),20240516001340,동화약품,20240516,
00186452,광무,029480,K,분기보고서 (2024.03),20240516001338,광무,20240516,
00250137,와이어블,065530,K,주식등의대량보유상황보고서(일반),20240516001337,장병권,20240516,
00103662,광명전기,017040,Y,분기보고서 (2024.03),20240516001335,광명전기,20240516,
00363510,제이케이시냅스,060230,K,분기보고서 (2024.03),20240516001332,제이케이시냅스,20240516,정
01559637,블루엠텍,439580,K,분기보고서 (2024.03),20240516001331,블루엠텍,20240516,
00158316,NICE,034310,Y,분기보고서 (2024.03),20240516001330,NICE,20240516,
00799177,삼기,122350,K,분기보고서 (2024.03),20240516001329,삼기,20240516,
00217743,화성밸브,039610,K,분기보고서 (2024.03),20240516001328,화성밸브,20240516,
00364306,성우전자,081580,K,분기보고서 (2024.03),20240516001327,성우전자,20240516,
00155355,풀무원,017810,Y,분기보고서 (2024.03),20240516001326,풀무원,20240516,
00160205,한국내화,010040,Y,분기보고서 (2024.03),20240516001325,한국내화,20240516,
00992871,종근당,185750,Y,분기보고서 (2024.03),20240516001324,종근당,20240516,
00163761,한창제지,009460,Y,분기보고서 (2024.03),20240516001323,한창제지,20240516,
00831428,옵투스제약,131030,K,분기보고서 (2024.03),20240516001322,옵투스제약,20240516,
00139214,삼성화재해상보험,000810,Y,분기보고서 (2024.03),20240516001321,삼성화재해상보험,20240516,정
00372882,KTcs,058850,Y,분기보고서 (2024.03),20240516001320,KTcs,20240516,정
00107066,남광토건,001260,Y,분기보고서 (2024.03),20240516001319,남광토건,20240516,
00210980,원익,032940,K,분기보고서 (2024.03),20240516001318,원익,20240516,
00111193,대양전기공업,108380,K,분기보고서 (2024.03),20240516001317,대양전기공업,20240516,
00267906,베뉴지,019010,K,임원ㆍ주요주주특정증권등소유상황보고서,20240516001316,정도진흥기업,20240516,
00234227,유진로봇,056080,K,분기보고서 (2024.03),20240516001315,유진로봇,20240516,
01526806,삼기에너지솔루션즈,419050,K,분기보고서 (2024.03),20240516001314,삼기에너지솔루션즈,20240516,
00108746,DKME,015590,Y,분기보고서 (2024.03),20240516001313,DKME,20240516,
01201970,셀레스트라,352770,K,주식등의대량보유상황보고서(약식),20240516001312,송기동,20240516,
00531917,톱텍,108230,K,분기보고서 (2024.03),20240516001311,톱텍,20240516,
00204208,마니커,027740,Y,분기보고서 (2024.03),20240516001310,마니커,20240516,
01267684,쿠쿠홈시스,284740,Y,분기보고서 (2024.03),20240516001309,쿠쿠홈시스,20240516,
00556615,모바일어플라이언스,087260,K,분기보고서 (2024.03),20240516001307,모바일어플라이언스,20240516,정
00693651,비덴트,121800,K,분기보고서 (2024.03),20240516001306,비덴트,20240516,
00125822,삼보산업,009620,K,분기보고서 (2024.03),20240516001304,삼보산업,20240516,
01579570,시큐레터,418250,K,분기보고서 (2024.03),20240516001303,시큐레터,20240516,
01190124,미디어젠,279600,K,주식등의대량보유상황보고서(일반),20240516001305,앨터스투자자문,20240516,
00109781,대림제지,017650,K,분기보고서 (2024.03),20240516001302,대림제지,20240516,
00149646,기업은행,024110,Y,분기보고서 (2024.03),20240516001300,기업은행,20240516,정
00541437,코렌텍,104540,K,분기보고서 (2024.03),20240516001299,코렌텍,20240516,정
00216647,원익홀딩스,030530,K,분기보고서 (2024.03),20240516001298,원익홀딩스,20240516,
00335076,오픈베이스,049480,K,분기보고서 (2024.03),20240516001297,오픈베이스,20240516,정
01073678,얼라인드,238120,K,분기보고서 (2024.03),20240516001296,얼라인드,20240516,
01187494,덴티스,261200,K,분기보고서 (2024.03),20240516001295,덴티스,20240516,
00977377,에이비온,203400,K,분기보고서 (2024.03),20240516001294,에이비온,20240516,
01228515,앱튼,270520,K,분기보고서 (2024.03),20240516001293,앱튼,20240516,
00500254,GS,078930,Y,분기보고서 (2024.03),20240516001292,GS,20240516,
01817081,SK이터닉스,475150,Y,분기보고서 (2024.03),20240516001290,SK이터닉스,20240516,
00813389,베셀,177350,K,분기보고서 (2024.03),20240516001289,베셀,20240516,
00268251,다산네트웍스,039560,K,분기보고서 (2024.03),20240516001288,다산네트웍스,20240516,
00158112,한국수출포장공업,002200,Y,분기보고서 (2024.03),20240516001287,한국수출포장공업,20240516,
00961507,케일럼,258610,K,분기보고서 (2024.03),20240516001286,케일럼,20240516,
00122579,BYC,001460,Y,분기보고서 (2024.03),20240516001285,BYC,20240516,
00136378,신세계,004170,Y,분기보고서 (2024.03),20240516001283,신세계,20240516,
00192499,팜스토리,027710,K,분기보고서 (2024.03),20240516001281,팜스토리,20240516,
00120030,GS건설,006360,Y,특수관계인에대한주식의처분,20240516001282,GS건설,20240516,공
00109161,태경케미컬,006890,Y,분기보고서 (2024.03),20240516001280,태경케미컬,20240516,
00871833,에스티팜,237690,K,분기보고서 (2024.03),20240516001279,에스티팜,20240516,
00268118,코맥스,036690,K,분기보고서 (2024.03),20240516001278,코맥스,20240516,
00541349,셀트리온제약,068760,K,분기보고서 (2024.03),20240516001276,셀트리온제약,20240516,
00532855,한국유니온제약,080720,K,분기보고서 (2024.03),20240516001275,한국유니온제약,20240516,
01596656,메쎄이상,408920,K,분기보고서 (2024.03),20240516001273,메쎄이상,20240516,
00120562,롯데지주,004990,Y,최대주주등소유주식변동신고서              ,20240516801338,롯데지주,20240516,유
00165583,E1,017940,Y,분기보고서 (2024.03),20240516001272,E1,20240516,
00260930,에스엠,041510,K,분기보고서 (2024.03),20240516001271,에스엠,20240516,
00158219,시그네틱스,033170,K,분기보고서 (2024.03),20240516001270,시그네틱스,20240516,
00568461,HC보광산업,225530,K,분기보고서 (2024.03),20240516001269,HC보광산업,20240516,
01091054,쎄노텍,222420,K,분기보고서 (2024.03),20240516001268,쎄노텍,20240516,
00118275,디아이,003160,Y,분기보고서 (2024.03),20240516001266,디아이,20240516,
00158501,에스원,012750,Y,동일인등출자계열회사와의상품ㆍ용역거래변경,20240516001267,에스원,20240516,공
00261957,한국정보공학,039740,K,분기보고서 (2024.03),20240516001264,한국정보공학,20240516,
00131054,유진증권,001200,Y,분기보고서 (2024.03),20240516001263,유진증권,20240516,
00956930,동아에스티,170900,Y,분기보고서 (2024.03),20240516001262,동아에스티,20240516,
00103644,비츠로테크,042370,K,분기보고서 (2024.03),20240516001261,비츠로테크,20240516,
00157681,롯데정밀화학,004000,Y,분기보고서 (2024.03),20240516001260,롯데정밀화학,20240516,
00413417,우리손에프앤지,073560,K,분기보고서 (2024.03),20240516001259,우리손에프앤지,20240516,
00255275,HB테크놀러지,078150,K,분기보고서 (2024.03),20240516001257,HB테크놀러지,20240516,
00390408,인크레더블버즈,064090,K,분기보고서 (2024.03),20240516001256,인크레더블버즈,20240516,
00491415,인포바인,115310,K,분기보고서 (2024.03),20240516001255,인포바인,20240516,
00367482,빛과전자,069540,K,분기보고서 (2024.03),20240516001254,빛과전자,20240516,
00350048,오성첨단소재,052420,K,분기보고서 (2024.03),20240516001253,오성첨단소재,20240516,
00530413,더코디,224060,K,분기보고서 (2024.03),20240516001252,더코디,20240516,
00114686,동구바이오제약,006620,K,분기보고서 (2024.03),20240516001251,동구바이오제약,20240516,
00540571,엘디티,096870,K,분기보고서 (2024.03),20240516001250,엘디티,20240516,정
01074862,메가스터디교육,215200,K,분기보고서 (2024.03),20240516001249,메가스터디교육,20240516,
00879020,유니트론텍,142210,K,분기보고서 (2024.03),20240516001246,유니트론텍,20240516,
00442154,제이엔케이글로벌,126880,K,분기보고서 (2024.03),20240516001245,제이엔케이글로벌,20240516,
00164636,HDC,012630,Y,분기보고서 (2024.03),20240516001244,HDC,20240516,
00350312,HDC랩스,039570,Y,분기보고서 (2024.03),20240516001243,HDC랩스,20240516,
01336373,메드팩토,235980,K,분기보고서 (2024.03),20240516001242,메드팩토,20240516,
00117726,DYP,092780,Y,분기보고서 (2024.03),20240516001241,DYP,20240516,
00116824,동아쏘시오홀딩스,000640,Y,분기보고서 (2024.03),20240516001240,동아쏘시오홀딩스,20240516,
00599106,네오리진,094860,K,분기보고서 (2024.03),20240516001239,네오리진,20240516,정
00356370,LG생활건강,051900,Y,분기보고서 (2024.03),20240516001238,LG생활건강,20240516,
00268002,세종텔레콤,036630,K,분기보고서 (2024.03),20240516001237,세종텔레콤,20240516,
00869272,서전기전,189860,K,분기보고서 (2024.03),20240516001236,서전기전,20240516,
00542074,LSK아이로봇,091970,K,분기보고서 (2024.03),20240516001235,LSK아이로봇,20240516,정
00123523,창해에탄올,004650,K,분기보고서 (2024.03),20240516001234,창해에탄올,20240516,
00317487,티에스넥스젠,043220,K,분기보고서 (2024.03),20240516001233,티에스넥스젠,20240516,
00125576,체시스,033250,Y,분기보고서 (2024.03),20240516001231,체시스,20240516,
00535481,에스와이,109610,K,분기보고서 (2024.03),20240516001230,에스와이,20240516,
01454341,플래티어,367000,K,분기보고서 (2024.03),20240516001229,플래티어,20240516,
01043853,베노티앤알,206400,K,분기보고서 (2024.03),20240516001227,베노티앤알,20240516,
00148939,조광피혁,004700,Y,분기보고서 (2024.03),20240516001226,조광피혁,20240516,
00172680,동국산업,005160,K,분기보고서 (2024.03),20240516001225,동국산업,20240516,
01137295,프리시젼바이오,335810,K,분기보고서 (2024.03),20240516001224,프리시젼바이오,20240516,
00416654,유엔젤,072130,Y,분기보고서 (2024.03),20240516001223,유엔젤,20240516,
00288495,HC홈센타,060560,K,분기보고서 (2024.03),20240516001221,HC홈센타,20240516,
01263527,카이노스메드,284620,K,분기보고서 (2024.03),20240516001220,카이노스메드,20240516,
01144028,씨티케이,260930,K,분기보고서 (2024.03),20240516001219,씨티케이,20240516,
00651901,에어부산,298690,Y,분기보고서 (2024.03),20240516001217,에어부산,20240516,
01042429,넥써쓰,205500,K,분기보고서 (2024.03),20240516001216,넥써쓰,20240516,
00156600,한주라이트메탈,198940,K,[기재정정]분기보고서 (2024.03),20240516001215,한주라이트메탈,20240516,정
00413046,셀트리온,068270,Y,분기보고서 (2024.03),20240516001214,셀트리온,20240516,
00636656,바이오플러스,099430,K,분기보고서 (2024.03),20240516001213,바이오플러스,20240516,정
01275665,리메드,302550,K,[첨부정정]사업보고서 (2023.12),20240516001212,리메드,20240516,연
00447007,알리코제약,260660,K,분기보고서 (2024.03),20240516001211,알리코제약,20240516,
00138260,SIMPAC,009160,Y,분기보고서 (2024.03),20240516001210,SIMPAC,20240516,
00172945,동일스틸럭스,023790,K,분기보고서 (2024.03),20240516001209,동일스틸럭스,20240516,
00222532,LG헬로비전,037560,Y,분기보고서 (2024.03),20240516001207,LG헬로비전,20240516,
00253985,국보디자인,066620,K,분기보고서 (2024.03),20240516001206,국보디자인,20240516,
00144252,유니온,000910,Y,분기보고서 (2024.03),20240516001205,유니온,20240516,
00456218,모두투어,080160,K,분기보고서 (2024.03),20240516001204,모두투어,20240516,
00347062,현대바이오랜드,052260,K,분기보고서 (2024.03),20240516001203,현대바이오랜드,20240516,
01415892,제이알글로벌리츠,348950,Y,반기보고서 (2024.03),20240516001202,제이알글로벌리츠,20240516,
00111999,대원제약,003220,Y,분기보고서 (2024.03),20240516001200,대원제약,20240516,
01026157,쏘카,403550,Y,주식등의대량보유상황보고서(일반),20240516001201,에스오큐알아이,20240516,
00585538,에스에너지,095910,K,분기보고서 (2024.03),20240516001199,에스에너지,20240516,
00975290,에이스토리,241840,K,분기보고서 (2024.03),20240516001198,에이스토리,20240516,
00117708,리드코프,012700,K,분기보고서 (2024.03),20240516001197,리드코프,20240516,
00129615,상보,027580,K,분기보고서 (2024.03),20240516001196,상보,20240516,
00273110,에스티큐브,052020,K,분기보고서 (2024.03),20240516001195,에스티큐브,20240516,
00365624,아이윈,090150,K,분기보고서 (2024.03),20240516001194,아이윈,20240516,
00508344,SK디앤디,210980,Y,분기보고서 (2024.03),20240516001193,SK디앤디,20240516,
00539274,대상홀딩스,084690,Y,분기보고서 (2024.03),20240516001192,대상홀딩스,20240516,
00161709,퍼시스,016800,Y,분기보고서 (2024.03),20240516001191,퍼시스,20240516,
00667425,에이팩트,200470,K,분기보고서 (2024.03),20240516001190,에이팩트,20240516,
01050738,솔트룩스,304100,K,분기보고서 (2024.03),20240516001188,솔트룩스,20240516,
00264671,세중,039310,K,분기보고서 (2024.03),20240516001187,세중,20240516,
00127167,삼영무역,002810,Y,[기재정정]분기보고서 (2024.03),20240516001186,삼영무역,20240516,
00545716,롯데렌탈,089860,Y,분기보고서 (2024.03),20240516001184,롯데렌탈,20240516,
00226352,케이엠더블유,032500,K,분기보고서 (2024.03),20240516001183,케이엠더블유,20240516,
00828789,대성산업,128820,Y,분기보고서 (2024.03),20240516001181,대성산업,20240516,
00101044,에이프로젠바이오로직스,003060,Y,[기재정정]투자설명서,20240516001179,에이프로젠바이오로직스,20240516,정
00137997,현대차증권,001500,Y,분기보고서 (2024.03),20240516001178,현대차증권,20240516,
01214743,더네이쳐홀딩스,298540,K,분기보고서 (2024.03),20240516001177,더네이쳐홀딩스,20240516,
00123143,보령,003850,Y,분기보고서 (2024.03),20240516001175,보령,20240516,
00223434,에프에스티,036810,K,분기보고서 (2024.03),20240516001174,에프에스티,20240516,
00146454,일양약품,007570,Y,분기보고서 (2024.03),20240516001173,일양약품,20240516,
00838962,알서포트,131370,K,본점소재지변경              ,20240516901237,알서포트,20240516,코
01381391,에스피소프트,443670,K,사외이사의선임ㆍ해임또는중도퇴임에관한신고,20240516001172,에스피소프트,20240516,
01042775,HL만도,204320,Y,분기보고서 (2024.03),20240516001170,HL만도,20240516,
01571107,오픈엣지테크놀로지,394280,K,주식매수선택권부여에관한신고,20240516001171,오픈엣지테크놀로지,20240516,정
00964595,엔바이오니아,317870,K,분기보고서 (2024.03),20240516001169,엔바이오니아,20240516,
01406265,와이랩,432430,K,기타경영사항(자율공시)              (신주인수권 행사),20240516901115,와이랩,20240516,코
00133618,세기상사,002420,Y,분기보고서 (2024.03),20240516001168,세기상사,20240516,
01023318,센코,347000,K,분기보고서 (2024.03),20240516001167,센코,20240516,
00153755,태양금속공업,004100,Y,분기보고서 (2024.03),20240516001166,태양금속공업,20240516,
00261373,마크로젠,038290,K,분기보고서 (2024.03),20240516001165,마크로젠,20240516,
00363510,제이케이시냅스,060230,K,[기재정정]주주총회소집결의              ,20240516901139,제이케이시냅스,20240516,코정
00101044,에이프로젠바이오로직스,003060,Y,[기재정정]증권신고서(지분증권),20240516001161,에이프로젠바이오로직스,20240516,정
00405959,스타플렉스,115570,K,분기보고서 (2024.03),20240516001160,스타플렉스,20240516,
00838962,알서포트,131370,K,분기보고서 (2024.03),20240516001158,알서포트,20240516,
00130383,서부T&D,006730,K,분기보고서 (2024.03),20240516001157,서부T&D,20240516,
00244561,그래디언트,035080,K,분기보고서 (2024.03),20240516001156,그래디언트,20240516,
00543204,아이오케이이엔엠,078860,K,분기보고서 (2024.03),20240516001155,아이오케이이엔엠,20240516,정
01394377,이지스밸류플러스리츠,334890,Y,주주총회소집결의              ,20240516801125,이지스밸류플러스리츠,20240516,유정
00858124,알에스오토메이션,140670,K,분기보고서 (2024.03),20240516001154,알에스오토메이션,20240516,
00642541,제이에스링크,127120,K,분기보고서 (2024.03),20240516001153,제이에스링크,20240516,
00629212,딜리,131180,K,분기보고서 (2024.03),20240516001151,딜리,20240516,
01165739,잉글우드랩,950140,K,분기보고서 (2024.03),20240516001150,잉글우드랩,20240516,
01165155,모비스,250060,K,분기보고서 (2024.03),20240516001149,모비스,20240516,
00468374,원익QnC,074600,K,분기보고서 (2024.03),20240516001147,원익QnC,20240516,
00408266,유니온바이오메트릭스,203450,K,분기보고서 (2024.03),20240516001146,유니온바이오메트릭스,20240516,정
00142661,우성,006980,Y,분기보고서 (2024.03),20240516001144,우성,20240516,
00385336,홈캐스트,064240,K,분기보고서 (2024.03),20240516001143,홈캐스트,20240516,
00400121,유아이디,069330,K,분기보고서 (2024.03),20240516001142,유아이디,20240516,
00398701,엘앤에프,066970,Y,분기보고서 (2024.03),20240516001141,엘앤에프,20240516,
01511558,네오이뮨텍,950220,K,분기보고서 (2024.03),20240516001140,네오이뮨텍,20240516,
01267222,에피소드컴퍼니,317530,K,분기보고서 (2024.03),20240516001139,에피소드컴퍼니,20240516,
00243067,부방,014470,K,[기재정정]분기보고서 (2024.03),20240516001138,부방,20240516,
00121941,대상,001680,Y,분기보고서 (2024.03),20240516001137,대상,20240516,
00109268,대동스틸,048470,K,분기보고서 (2024.03),20240516001136,대동스틸,20240516,정
00108913,대교,019680,Y,분기보고서 (2024.03),20240516001135,대교,20240516,
00543204,아이오케이이엔엠,078860,K,[기재정정]분기보고서 (2023.03),20240516001133,아이오케이이엔엠,20240516,
00571298,덕우전자,263600,K,분기보고서 (2024.03),20240516001132,덕우전자,20240516,
00140566,한탑,002680,K,분기보고서 (2024.03),20240516001131,한탑,20240516,
00828761,레이,228670,K,분기보고서 (2024.03),20240516001129,레이,20240516,
00145260,율촌화학,008730,Y,분기보고서 (2024.03),20240516001128,율촌화학,20240516,
00626011,아이텍,119830,K,분기보고서 (2024.03),20240516001127,아이텍,20240516,
00364467,드림어스컴퍼니,060570,K,분기보고서 (2024.03),20240516001125,드림어스컴퍼니,20240516,
00577016,수산아이앤티,050960,K,임원ㆍ주요주주특정증권등소유상황보고서,20240516001126,수산인더스트리,20240516,
00219361,해성산업,034810,K,분기보고서 (2024.03),20240516001124,해성산업,20240516,
00962393,포인트모바일,318020,K,분기보고서 (2024.03),20240516001123,포인트모바일,20240516,
00495086,픽셀플러스,087600,K,분기보고서 (2024.03),20240516001122,픽셀플러스,20240516,
00399694,SOOP,067160,K,분기보고서 (2024.03),20240516001121,SOOP,20240516,
01135941,원익IPS,240810,K,분기보고서 (2024.03),20240516001120,원익IPS,20240516,
00605328,씨앤지하이테크,264660,K,분기보고서 (2024.03),20240516001119,씨앤지하이테크,20240516,
00309831,알에프텍,061040,K,분기보고서 (2024.03),20240516001117,알에프텍,20240516,
00396925,엠로,058970,K,분기보고서 (2024.03),20240516001116,엠로,20240516,
01394377,이지스밸류플러스리츠,334890,Y,부동산투자회사금전배당결정              ,20240516800989,이지스밸류플러스리츠,20240516,유
00522007,크리스에프앤씨,110790,K,분기보고서 (2024.03),20240516001114,크리스에프앤씨,20240516,
00146427,한주에이알티,058450,K,분기보고서 (2024.03),20240516001113,한주에이알티,20240516,
00172185,남성,004270,Y,분기보고서 (2024.03),20240516001112,남성,20240516,
00127954,CJ프레시웨이,051500,K,분기보고서 (2024.03),20240516001111,CJ프레시웨이,20240516,
01135057,녹십자웰빙,234690,K,분기보고서 (2024.03),20240516001110,녹십자웰빙,20240516,
01571107,오픈엣지테크놀로지,394280,K,기업설명회(IR)개최              ,20240516901107,오픈엣지테크놀로지,20240516,코
00152686,코리아써키트,007810,Y,분기보고서 (2024.03),20240516001108,코리아써키트,20240516,
00113508,노루홀딩스,000320,Y,단일판매ㆍ공급계약체결(자회사의 주요경영사항)              ,20240516800981,노루홀딩스,20240516,유
00116268,동성제약,002210,Y,분기보고서 (2024.03),20240516001107,동성제약,20240516,
01571107,오픈엣지테크놀로지,394280,K,기업설명회(IR)개최              ,20240516901086,오픈엣지테크놀로지,20240516,코
00260745,서울평가정보,036120,K,분기보고서 (2024.03),20240516001106,서울평가정보,20240516,
01571107,오픈엣지테크놀로지,394280,K,기업설명회(IR)개최              ,20240516901100,오픈엣지테크놀로지,20240516,코
00146269,일신방직,003200,Y,분기보고서 (2024.03),20240516001104,일신방직,20240516,정
00243067,부방,014470,K,[기재정정]분기보고서 (2024.03),20240516001103,부방,20240516,정
01301623,비씨엔씨,146320,K,분기보고서 (2024.03),20240516001102,비씨엔씨,20240516,
00765569,기가비스,420770,K,분기보고서 (2024.03),20240516001101,기가비스,20240516,
00540447,유니테스트,086390,K,분기보고서 (2024.03),20240516001100,유니테스트,20240516,정
00552859,HLB테라퓨틱스,115450,K,분기보고서 (2024.03),20240516001099,HLB테라퓨틱스,20240516,
00373571,스타코링크,060240,K,주주총회소집결의              (임시주주총회),20240516901127,스타코링크,20240516,코정
00332927,제이에스코퍼레이션,194370,Y,분기보고서 (2024.03),20240516001098,제이에스코퍼레이션,20240516,
00148920,조광페인트,004910,Y,분기보고서 (2024.03),20240516001097,조광페인트,20240516,
00965318,이노시뮬레이션,274400,K,분기보고서 (2024.03),20240516001096,이노시뮬레이션,20240516,
01084294,오토앤,353590,K,분기보고서 (2024.03),20240516001095,오토앤,20240516,
00426068,엑시온그룹,069920,K,분기보고서 (2024.03),20240516001094,엑시온그룹,20240516,
00222532,LG헬로비전,037560,Y,최대주주등소유주식변동신고서(최대주주변경시)              ,20240516801160,LG헬로비전,20240516,유
01351080,지아이이노베이션,358570,K,분기보고서 (2024.03),20240516001092,지아이이노베이션,20240516,
00363510,제이케이시냅스,060230,K,주식분할결정              ,20240516901155,제이케이시냅스,20240516,코정
00349097,케이티스카이라이프,053210,Y,분기보고서 (2024.03),20240516001090,케이티스카이라이프,20240516,
00133335,성창기업지주,000180,Y,주식등의대량보유상황보고서(일반),20240516001088,정해린,20240516,
00550082,캔버스엔,210120,K,분기보고서 (2024.03),20240516001087,캔버스엔,20240516,
00168331,온타이드,005320,Y,분기보고서 (2024.03),20240516001085,온타이드,20240516,
00161693,한샘,009240,Y,주식등의대량보유상황보고서(약식),20240516001086,"TetonCapitalPartners,L.P.",20240516,
00153339,태경산업,015890,Y,분기보고서 (2024.03),20240516001084,태경산업,20240516,
01141942,액트로,290740,K,분기보고서 (2024.03),20240516001083,액트로,20240516,
00152589,코리아나,027050,K,분기보고서 (2024.03),20240516001082,코리아나,20240516,
00153278,서연탑메탈,019770,K,분기보고서 (2024.03),20240516001080,서연탑메탈,20240516,
00475718,이엠앤아이,083470,K,기업설명회(IR)개최              ,20240516901092,이엠앤아이,20240516,코
00155586,HLB이노베이션,024850,K,분기보고서 (2024.03),20240516001079,HLB이노베이션,20240516,
00602136,디와이피엔에프,104460,K,분기보고서 (2024.03),20240516001078,디와이피엔에프,20240516,
01022902,애드바이오텍,179530,K,분기보고서 (2024.03),20240516001077,애드바이오텍,20240516,
00148443,제일파마홀딩스,002620,Y,분기보고서 (2024.03),20240516001076,제일파마홀딩스,20240516,
00299464,초록뱀미디어,047820,K,분기보고서 (2024.03),20240516001074,초록뱀미디어,20240516,정
00615723,알엔티엑스,123010,K,의결권대리행사권유참고서류,20240516001073,알엔티엑스,20240516,
00308896,셀피글로벌,068940,K,분기보고서 (2024.03),20240516001072,셀피글로벌,20240516,
00373571,스타코링크,060240,K,주주명부폐쇄기간또는기준일설정              ,20240516901132,스타코링크,20240516,코
00127255,삼영,003720,Y,분기보고서 (2024.03),20240516001071,삼영,20240516,
00118451,동일제강,002690,Y,신탁계약해지결과보고서,20240516001070,동일제강,20240516,
01818682,한국제15호스팩,479880,K,증권신고서(지분증권),20240516001068,한국제15호스팩,20240516,정
01532603,화승알앤에이,378850,Y,분기보고서 (2024.03),20240516001067,화승알앤에이,20240516,
01105153,두산로보틱스,454910,Y,기업설명회(IR)개최(안내공시)              ,20240516801040,두산로보틱스,20240516,유
00118451,동일제강,002690,Y,주요사항보고서(자기주식취득신탁계약해지결정),20240516000976,동일제강,20240516,
00152260,카스,016920,K,분기보고서 (2024.03),20240516001066,카스,20240516,
00399694,SOOP,067160,K,신탁계약에의한취득상황보고서,20240516001065,SOOP,20240516,
00384762,파커스,065690,K,단기차입금증가결정              ,20240516900929,파커스,20240516,코
01251489,라온피플,300120,K,분기보고서 (2024.03),20240516001063,라온피플,20240516,
00112059,상상인증권,001290,Y,분기보고서 (2024.03),20240516001062,상상인증권,20240516,
00525934,LX세미콘,108320,Y,분기보고서 (2024.03),20240516001061,LX세미콘,20240516,
00134723,페이퍼코리아,001020,Y,주주총회소집결의              ,20240516800991,페이퍼코리아,20240516,유
00134723,페이퍼코리아,001020,Y,주주명부폐쇄기간또는기준일설정              ,20240516800976,페이퍼코리아,20240516,유
00133335,성창기업지주,000180,Y,최대주주등소유주식변동신고서              ,20240516801117,성창기업지주,20240516,유
01042775,HL만도,204320,Y,[기재정정]사업보고서 (2023.12),20240516001059,HL만도,20240516,연
00136776,차AI헬스케어,025620,Y,분기보고서 (2024.03),20240516001058,차AI헬스케어,20240516,
00357607,케이피티유,054410,K,분기보고서 (2024.03),20240516001057,케이피티유,20240516,
00543107,오킨스전자,080580,K,분기보고서 (2024.03),20240516001056,오킨스전자,20240516,
01011395,레몬,294140,K,분기보고서 (2024.03),20240516001055,레몬,20240516,
00122481,태경비케이,014580,Y,분기보고서 (2024.03),20240516001053,태경비케이,20240516,
00122825,프리티,006490,Y,분기보고서 (2024.03),20240516001052,프리티,20240516,
01335930,티움바이오,321550,K,분기보고서 (2024.03),20240516001051,티움바이오,20240516,
01303029,알비더블유,361570,K,분기보고서 (2024.03),20240516001050,알비더블유,20240516,
00113508,노루홀딩스,000320,Y,분기보고서 (2024.03),20240516001049,노루홀딩스,20240516,
01236897,제일약품,271980,Y,분기보고서 (2024.03),20240516001048,제일약품,20240516,
00118266,DRB동일,004840,Y,분기보고서 (2024.03),20240516001046,DRB동일,20240516,정
00490151,파트론,091700,K,분기보고서 (2024.03),20240516001045,파트론,20240516,
00138598,아비코전자,036010,K,분기보고서 (2024.03),20240516001044,아비코전자,20240516,
00240857,바이오스마트,038460,K,분기보고서 (2024.03),20240516001043,바이오스마트,20240516,
00159218,한전KPS,051600,Y,[기재정정]단일판매ㆍ공급계약체결              ,20240516800974,한전KPS,20240516,유정
01070149,올리패스,244460,K,[기재정정]주요사항보고서(전환사채권발행결정),20240516000893,올리패스,20240516,정
00615723,알엔티엑스,123010,K,주주총회소집공고,20240516001042,알엔티엑스,20240516,
00133335,성창기업지주,000180,Y,자기주식처분결과보고서,20240516001041,성창기업지주,20240516,
00765569,기가비스,420770,K,[기재정정]사업보고서 (2023.12),20240516001040,기가비스,20240516,
00118521,진원생명과학,011000,Y,분기보고서 (2024.03),20240516001039,진원생명과학,20240516,
00611912,아모그린텍,125210,K,분기보고서 (2024.03),20240516001037,아모그린텍,20240516,
00112022,대원화성,024890,Y,분기보고서 (2024.03),20240516001036,대원화성,20240516,
00347734,진양화학,051630,Y,분기보고서 (2024.03),20240516001034,진양화학,20240516,
01047415,정다운,208140,K,분기보고서 (2024.03),20240516001033,정다운,20240516,
01359815,한울반도체,320000,K,분기보고서 (2024.03),20240516001032,한울반도체,20240516,
01257872,에스프리즘,288620,K,분기보고서 (2024.03),20240516001031,에스프리즘,20240516,
01009789,코스맥스,192820,Y,분기보고서 (2024.03),20240516001029,코스맥스,20240516,
01368354,네패스아크,330860,K,분기보고서 (2024.03),20240516001028,네패스아크,20240516,
01068348,러셀,217500,K,분기보고서 (2024.03),20240516001027,러셀,20240516,
00159740,KISCO홀딩스,001940,Y,분기보고서 (2024.03),20240516001025,KISCO홀딩스,20240516,
00258102,지엔코,065060,K,분기보고서 (2024.03),20240516001024,지엔코,20240516,
00423690,삼성출판사,068290,Y,분기보고서 (2024.03),20240516001023,삼성출판사,20240516,
00186799,태웅,044490,K,분기보고서 (2024.03),20240516001022,태웅,20240516,
00310156,셀루메드,049180,K,분기보고서 (2024.03),20240516001020,셀루메드,20240516,
00579980,아이티엠반도체,084850,K,기업설명회(IR)개최              ,20240516901074,아이티엠반도체,20240516,코
01323032,케이카,381970,Y,분기보고서 (2024.03),20240516001019,케이카,20240516,
00186939,특수건설,026150,K,분기보고서 (2024.03),20240516001018,특수건설,20240516,
00156895,아주IB투자,027360,K,분기보고서 (2024.03),20240516001017,아주IB투자,20240516,
00765569,기가비스,420770,K,[기재정정]분기보고서 (2023.09),20240516001016,기가비스,20240516,
00939687,동일고무벨트,163560,Y,분기보고서 (2024.03),20240516001015,동일고무벨트,20240516,정
00922304,아셈스,136410,K,분기보고서 (2024.03),20240516001013,아셈스,20240516,
00615723,알엔티엑스,123010,K,분기보고서 (2024.03),20240516001012,알엔티엑스,20240516,
00198192,한국팩키지,037230,K,분기보고서 (2024.03),20240516001010,한국팩키지,20240516,
00111458,대영포장,014160,Y,분기보고서 (2024.03),20240516001009,대영포장,20240516,
00147222,전방,000950,Y,분기보고서 (2024.03),20240516001007,전방,20240516,
01571107,오픈엣지테크놀로지,394280,K,분기보고서 (2024.03),20240516001006,오픈엣지테크놀로지,20240516,
00112165,디아이씨,092200,Y,분기보고서 (2024.03),20240516001005,디아이씨,20240516,
00579980,아이티엠반도체,084850,K,분기보고서 (2024.03),20240516001004,아이티엠반도체,20240516,
00360142,아이마켓코리아,122900,Y,분기보고서 (2024.03),20240516001002,아이마켓코리아,20240516,
00336297,고려신용정보,049720,K,분기보고서 (2024.03),20240516001001,고려신용정보,20240516,
00206039,경남스틸,039240,K,분기보고서 (2024.03),20240516001000,경남스틸,20240516,
00579980,아이티엠반도체,084850,K,단기차입금증가결정              ,20240516901054,아이티엠반도체,20240516,코
01222113,인스웨이브,450520,K,분기보고서 (2024.03),20240516000997,인스웨이브,20240516,
00162063,한신공영,004960,Y,분기보고서 (2024.03),20240516000996,한신공영,20240516,
00178790,동양이엔피,079960,K,분기보고서 (2024.03),20240516000995,동양이엔피,20240516,
00303794,쇼박스,086980,K,분기보고서 (2024.03),20240516000994,쇼박스,20240516,
00140177,GS리테일,007070,Y,분기보고서 (2024.03),20240516000993,GS리테일,20240516,정
00155692,우리엔터프라이즈,037400,K,분기보고서 (2024.03),20240516000991,우리엔터프라이즈,20240516,
00506294,가비아,079940,K,분기보고서 (2024.03),20240516000990,가비아,20240516,
00260958,케이티알파,036030,K,분기보고서 (2024.03),20240516000989,케이티알파,20240516,
00369833,유니온머티리얼,047400,Y,분기보고서 (2024.03),20240516000988,유니온머티리얼,20240516,
00579980,아이티엠반도체,084850,K,타인에대한채무보증결정              ,20240516901041,아이티엠반도체,20240516,코
01070149,올리패스,244460,K,[기재정정]주요사항보고서(유상증자결정),20240516000879,올리패스,20240516,정
01409022,페니트리움바이오,187660,K,분기보고서 (2024.03),20240516000986,페니트리움바이오,20240516,
00384717,비엘팜텍,065170,K,분기보고서 (2024.03),20240516000985,비엘팜텍,20240516,정
01025644,강스템바이오텍,217730,K,[기재정정]분기보고서 (2024.03),20240516000984,강스템바이오텍,20240516,
00144720,와이투솔루션,011690,Y,분기보고서 (2024.03),20240516000981,와이투솔루션,20240516,
00146649,일진홀딩스,015860,Y,분기보고서 (2024.03),20240516000980,일진홀딩스,20240516,
00579999,고영,098460,K,분기보고서 (2024.03),20240516000979,고영,20240516,
00139719,와이지-원,019210,K,분기보고서 (2024.03),20240516000975,와이지-원,20240516,
00127158,씨아이테크,004920,Y,분기보고서 (2024.03),20240516000972,씨아이테크,20240516,
00971726,옵티팜,153710,K,분기보고서 (2024.03),20240516000973,옵티팜,20240516,
00265005,옴니시스템,057540,K,분기보고서 (2024.03),20240516000971,옴니시스템,20240516,
01350869,우리금융지주,316140,Y,기업설명회(IR)개최(안내공시)              ,20240516800984,우리금융지주,20240516,유
00384762,파커스,065690,K,분기보고서 (2024.03),20240516000968,파커스,20240516,
00266952,네오위즈홀딩스,042420,K,분기보고서 (2024.03),20240516000967,네오위즈홀딩스,20240516,
00346610,시지메드텍,056090,K,분기보고서 (2024.03),20240516000966,시지메드텍,20240516,
00159731,글로본,019660,K,분기보고서 (2024.03),20240516000965,글로본,20240516,
01297898,마음AI,377480,K,분기보고서 (2024.03),20240516000964,마음AI,20240516,
01010110,더블유게임즈,192080,Y,분기보고서 (2024.03),20240516000963,더블유게임즈,20240516,
00540447,유니테스트,086390,K,단일판매ㆍ공급계약체결(자율공시)              ,20240516900918,유니테스트,20240516,코
00255619,강원랜드,035250,Y,분기보고서 (2024.03),20240516000962,강원랜드,20240516,
00583442,노루페인트,090350,Y,분기보고서 (2024.03),20240516000961,노루페인트,20240516,
00296324,큐로홀딩스,051780,K,분기보고서 (2024.03),20240516000960,큐로홀딩스,20240516,
00141556,오로라,039830,K,분기보고서 (2024.03),20240516000958,오로라,20240516,
01012987,아모센스,357580,K,분기보고서 (2024.03),20240516000957,아모센스,20240516,
00486705,아주스틸,139990,Y,분기보고서 (2024.03),20240516000956,아주스틸,20240516,
01182578,DH오토리드,290120,K,분기보고서 (2024.03),20240516000954,DH오토리드,20240516,
00107677,비비안,002070,Y,분기보고서 (2024.03),20240516000953,비비안,20240516,
00243979,수성웹툰,084180,K,분기보고서 (2024.03),20240516000952,수성웹툰,20240516,
00116949,DN오토모티브,007340,Y,분기보고서 (2024.03),20240516000951,DN오토모티브,20240516,
00351375,뉴보텍,060260,K,분기보고서 (2024.03),20240516000950,뉴보텍,20240516,
01181515,엘앤씨바이오,290650,K,기업설명회(IR)개최              ,20240516900998,엘앤씨바이오,20240516,코
00219848,서희건설,035890,K,[기재정정]사업보고서 (2023.12),20240516000947,서희건설,20240516,연
00397289,오텍,067170,K,분기보고서 (2024.03),20240516000946,오텍,20240516,정
00147152,유니크,011320,K,분기보고서 (2024.03),20240516000945,유니크,20240516,
00362441,현대오토에버,307950,Y,분기보고서 (2024.03),20240516000943,현대오토에버,20240516,
00628860,네오위즈,095660,K,분기보고서 (2024.03),20240516000942,네오위즈,20240516,
00441243,형지엘리트,093240,Y,분기보고서 (2024.03),20240516000941,형지엘리트,20240516,
00140131,키다리스튜디오,020120,Y,분기보고서 (2024.03),20240516000940,키다리스튜디오,20240516,
00133812,세방,004360,Y,분기보고서 (2024.03),20240516000937,세방,20240516,
01419135,이노진,344860,K,분기보고서 (2024.03),20240516000936,이노진,20240516,
00367385,효성오앤비,097870,K,분기보고서 (2024.03),20240516000935,효성오앤비,20240516,
00687711,한국철강,104700,Y,분기보고서 (2024.03),20240516000934,한국철강,20240516,
00583442,노루페인트,090350,Y,단일판매ㆍ공급계약체결              ,20240516800938,노루페인트,20240516,유
00162416,한양증권,001750,Y,분기보고서 (2024.03),20240516000930,한양증권,20240516,
00346407,크레오에스지,040350,K,분기보고서 (2024.03),20240516000929,크레오에스지,20240516,
00118451,동일제강,002690,Y,분기보고서 (2024.03),20240516000928,동일제강,20240516,
00666204,제너셈,217190,K,[기재정정]분기보고서 (2024.03),20240516000927,제너셈,20240516,
00298447,아모텍,052710,K,분기보고서 (2024.03),20240516000926,아모텍,20240516,
00141413,영화금속,012280,Y,분기보고서 (2024.03),20240516000925,영화금속,20240516,
01373709,아이씨티케이,456010,K,분기보고서 (2024.03),20240516000923,아이씨티케이,20240516,
00372226,티에스이,131290,K,분기보고서 (2024.03),20240516000922,티에스이,20240516,
01576102,미래에셋글로벌리츠,396690,Y,임원ㆍ주요주주특정증권등소유상황보고서,20240516000921,미래에셋자산운용,20240516,
00138747,아세아텍,050860,K,분기보고서 (2024.03),20240516000919,아세아텍,20240516,
01437292,미래에셋맵스리츠,357250,Y,임원ㆍ주요주주특정증권등소유상황보고서,20240516000920,미래에셋자산운용,20240516,
00264732,파인디지털,038950,K,분기보고서 (2024.03),20240516000918,파인디지털,20240516,
00580667,S&K폴리텍,091340,K,분기보고서 (2024.03),20240516000917,S&K폴리텍,20240516,
00567897,에스비비테크,389500,K,분기보고서 (2024.03),20240516000915,에스비비테크,20240516,
01669226,한화리츠,451800,Y,임원ㆍ주요주주특정증권등소유상황보고서,20240516000916,미래에셋자산운용,20240516,
00134510,SJG세종,033530,Y,분기보고서 (2024.03),20240516000914,SJG세종,20240516,
00114093,덕성,004830,Y,분기보고서 (2024.03),20240516000911,덕성,20240516,
01430475,코람코라이프인프라리츠,357120,Y,임원ㆍ주요주주특정증권등소유상황보고서,20240516000912,미래에셋자산운용,20240516,
01016479,오로스테크놀로지,322310,K,단일판매ㆍ공급계약체결              ,20240516900922,오로스테크놀로지,20240516,코
00141307,영풍,000670,Y,분기보고서 (2024.03),20240516000910,영풍,20240516,
00121686,엠케이전자,033160,K,기업설명회(IR)개최              ,20240516900955,엠케이전자,20240516,코
00156600,한주라이트메탈,198940,K,[기재정정]증권신고서(지분증권),20240516000908,한주라이트메탈,20240516,정
01152586,유일로보틱스,388720,K,분기보고서 (2024.03),20240516000907,유일로보틱스,20240516,
00103510,인지컨트롤스,023800,Y,분기보고서 (2024.03),20240516000906,인지컨트롤스,20240516,
00218575,황금에스티,032560,Y,분기보고서 (2024.03),20240516000905,황금에스티,20240516,
00363246,우원개발,046940,K,분기보고서 (2024.03),20240516000904,우원개발,20240516,
01181515,엘앤씨바이오,290650,K,분기보고서 (2024.03),20240516000903,엘앤씨바이오,20240516,
00104698,LS네트웍스,000680,Y,분기보고서 (2024.03),20240516000902,LS네트웍스,20240516,
00104537,국영지앤엠,006050,K,분기보고서 (2024.03),20240516000901,국영지앤엠,20240516,
01243161,인산가,277410,K,분기보고서 (2024.03),20240516000900,인산가,20240516,
00137289,이엘씨,041520,K,분기보고서 (2024.03),20240516000899,이엘씨,20240516,
00651017,나우IB,293580,K,분기보고서 (2024.03),20240516000897,나우IB,20240516,
00159795,한국카본,017960,Y,분기보고서 (2024.03),20240516000896,한국카본,20240516,
01514005,크라우드웍스,355390,K,분기보고서 (2024.03),20240516000895,크라우드웍스,20240516,
01168684,스튜디오드래곤,253450,K,분기보고서 (2024.03),20240516000894,스튜디오드래곤,20240516,
00219440,휴맥스홀딩스,028080,K,분기보고서 (2024.03),20240516000892,휴맥스홀딩스,20240516,
00957373,펨트론,168360,K,분기보고서 (2024.03),20240516000890,펨트론,20240516,
01495180,파로스아이바이오,388870,K,분기보고서 (2024.03),20240516000889,파로스아이바이오,20240516,정
00288343,삼영이엔씨,065570,K,분기보고서 (2024.03),20240516000888,삼영이엔씨,20240516,
00439965,나노신소재,121600,K,분기보고서 (2024.03),20240516000887,나노신소재,20240516,
00495633,율촌,146060,K,분기보고서 (2024.03),20240516000886,율촌,20240516,
00351995,지에스이,053050,K,분기보고서 (2024.03),20240516000885,지에스이,20240516,
00246417,이오테크닉스,039030,K,분기보고서 (2024.03),20240516000884,이오테크닉스,20240516,
01497869,티와이홀딩스,363280,Y,풍문또는보도에대한해명(미확정)              ,20240516800913,티와이홀딩스,20240516,유
00156150,엑시큐어하이트론,019490,Y,분기보고서 (2024.03),20240516000881,엑시큐어하이트론,20240516,
00787057,휴맥스,115160,K,분기보고서 (2024.03),20240516000880,휴맥스,20240516,
01033591,큐알티,405100,K,분기보고서 (2024.03),20240516000878,큐알티,20240516,
01390344,HD현대중공업,329180,Y,분기보고서 (2024.03),20240516000877,HD현대중공업,20240516,
00266934,파루,043200,K,분기보고서 (2024.03),20240516000876,파루,20240516,
00403793,바이브컴퍼니,301300,K,[기재정정]단일판매ㆍ공급계약체결              ,20240516900788,바이브컴퍼니,20240516,코정
00159209,한전기술,052690,Y,분기보고서 (2024.03),20240516000874,한전기술,20240516,
00144650,유신,054930,K,분기보고서 (2024.03),20240516000873,유신,20240516,
00130763,서울반도체,046890,K,분기보고서 (2024.03),20240516000872,서울반도체,20240516,
00188797,포메탈,119500,K,분기보고서 (2024.03),20240516000869,포메탈,20240516,
00617314,타이거일렉,219130,K,분기보고서 (2024.03),20240516000868,타이거일렉,20240516,
01394669,누보,332290,K,분기보고서 (2024.03),20240516000866,누보,20240516,
00411446,큐에스아이,066310,K,분기보고서 (2024.03),20240516000865,큐에스아이,20240516,
00624378,마이크로투나노,424980,K,분기보고서 (2024.03),20240516000864,마이크로투나노,20240516,
00129013,CJ씨푸드,011150,Y,분기보고서 (2024.03),20240516000862,CJ씨푸드,20240516,
00151128,모토닉,009680,Y,분기보고서 (2024.03),20240516000861,모토닉,20240516,
00148832,제주은행,006220,Y,[기재정정]사업보고서 (2023.12),20240516000858,제주은행,20240516,연
00877819,데이타솔루션,263800,K,분기보고서 (2024.03),20240516000857,데이타솔루션,20240516,
01021949,덱스터,206560,K,분기보고서 (2024.03),20240516000856,덱스터,20240516,
00347716,중앙첨단소재,051980,K,분기보고서 (2024.03),20240516000855,중앙첨단소재,20240516,
00267979,한일화학,007770,K,분기보고서 (2024.03),20240516000852,한일화학,20240516,
00939942,포시에스,189690,K,분기보고서 (2024.03),20240516000851,포시에스,20240516,
00174208,진성티이씨,036890,K,분기보고서 (2024.03),20240516000848,진성티이씨,20240516,
00365989,모나용평,070960,Y,최대주주등소유주식변동신고서              ,20240516800890,모나용평,20240516,유
01343665,RF머트리얼즈,327260,K,분기보고서 (2024.03),20240516000847,RF머트리얼즈,20240516,정
00264945,나이스정보통신,036800,K,분기보고서 (2024.03),20240516000846,나이스정보통신,20240516,
00369107,우리바이오,082850,K,분기보고서 (2024.03),20240516000845,우리바이오,20240516,
00815369,에스제이엠,123700,Y,분기보고서 (2024.03),20240516000844,에스제이엠,20240516,
00108241,농심,004370,Y,분기보고서 (2024.03),20240516000843,농심,20240516,
01325979,세아제강,306200,Y,분기보고서 (2024.03),20240516000842,세아제강,20240516,
00158024,KBI메탈,024840,K,전환청구권행사              ,20240516900882,KBI메탈,20240516,코
00181299,상아프론테크,089980,K,분기보고서 (2024.03),20240516000839,상아프론테크,20240516,
00426086,티케이지휴켐스,069260,Y,분기보고서 (2024.03),20240516000838,티케이지휴켐스,20240516,
00150536,진양제약,007370,K,분기보고서 (2024.03),20240516000837,진양제약,20240516,
00365989,모나용평,070960,Y,임원ㆍ주요주주특정증권등소유상황보고서,20240516000836,이규복,20240516,
01047169,지란지교시큐리티,208350,K,분기보고서 (2024.03),20240516000835,지란지교시큐리티,20240516,
00101433,경농,002100,Y,분기보고서 (2024.03),20240516000834,경농,20240516,
00807555,메가엠디,133750,K,분기보고서 (2024.03),20240516000832,메가엠디,20240516,
00641171,인지소프트,100030,K,분기보고서 (2024.03),20240516000831,인지소프트,20240516,
00367695,에이전트AI,060900,K,분기보고서 (2024.03),20240516000829,에이전트AI,20240516,
00107987,남해화학,025860,Y,분기보고서 (2024.03),20240516000825,남해화학,20240516,
00259934,예림당,036000,K,분기보고서 (2024.03),20240516000822,예림당,20240516,
01423916,온코크로스,382150,K,분기보고서 (2024.03),20240516000821,온코크로스,20240516,
00300548,현대리바트,079430,Y,분기보고서 (2024.03),20240516000820,현대리바트,20240516,
00599285,서플러스글로벌,140070,K,분기보고서 (2024.03),20240516000819,서플러스글로벌,20240516,
00124726,빙그레,005180,Y,분기보고서 (2024.03),20240516000818,빙그레,20240516,
00148276,제일기획,030000,Y,분기보고서 (2024.03),20240516000814,제일기획,20240516,정
00156600,한주라이트메탈,198940,K,분기보고서 (2024.03),20240516000812,한주라이트메탈,20240516,정
01032413,해성디에스,195870,Y,분기보고서 (2024.03),20240516000811,해성디에스,20240516,
00124197,세아제강지주,003030,Y,분기보고서 (2024.03),20240516000808,세아제강지주,20240516,
00114792,동국홀딩스,001230,Y,분기보고서 (2024.03),20240516000807,동국홀딩스,20240516,
01199550,HD현대에너지솔루션,322000,Y,분기보고서 (2024.03),20240516000806,HD현대에너지솔루션,20240516,
00140964,영원무역홀딩스,009970,Y,분기보고서 (2024.03),20240516000805,영원무역홀딩스,20240516,
00172228,엔케이,085310,Y,분기보고서 (2024.03),20240516000804,엔케이,20240516,
00220057,GC메디아이,032620,K,분기보고서 (2024.03),20240516000803,GC메디아이,20240516,
01676642,사피엔반도체,452430,K,분기보고서 (2024.03),20240516000801,사피엔반도체,20240516,
00854997,에스디바이오센서,137310,Y,기업설명회(IR)개최(안내공시)              ,20240516800808,에스디바이오센서,20240516,유
00118345,디아이동일,001530,Y,분기보고서 (2024.03),20240516000799,디아이동일,20240516,
00125725,디모아,016670,K,분기보고서 (2024.03),20240516000798,디모아,20240516,
00244783,한네트,052600,K,분기보고서 (2024.03),20240516000797,한네트,20240516,
01208821,팡스카이,266350,N,분기보고서 (2024.03),20240516000796,팡스카이,20240516,
00601988,코난테크놀로지,402030,K,분기보고서 (2024.03),20240516000795,코난테크놀로지,20240516,
00160588,한화,000880,Y,임시주주총회결과              ,20240516800802,한화,20240516,유
00609661,티쓰리,204610,K,분기보고서 (2024.03),20240516000794,티쓰리,20240516,
00872656,금양그린파워,282720,K,분기보고서 (2024.03),20240516000793,금양그린파워,20240516,
00423177,텔레칩스,054450,K,분기보고서 (2024.03),20240516000790,텔레칩스,20240516,
00155258,포스코스틸리온,058430,Y,분기보고서 (2024.03),20240516000788,포스코스틸리온,20240516,
00488402,서울바이오시스,092190,K,분기보고서 (2024.03),20240516000787,서울바이오시스,20240516,
00776820,영원무역,111770,Y,분기보고서 (2024.03),20240516000786,영원무역,20240516,
00441447,케이씨티,089150,K,분기보고서 (2024.03),20240516000785,케이씨티,20240516,
00256715,국순당,043650,K,분기보고서 (2024.03),20240516000783,국순당,20240516,
00145862,인천도시가스,034590,Y,분기보고서 (2024.03),20240516000782,인천도시가스,20240516,
01042085,엑셈,205100,K,분기보고서 (2024.03),20240516000780,엑셈,20240516,
00303873,CJ CGV,079160,Y,분기보고서 (2024.03),20240516000779,CJ CGV,20240516,
00441650,케이씨에스,115500,K,분기보고서 (2024.03),20240516000778,케이씨에스,20240516,
00256502,에이텍,045660,K,분기보고서 (2024.03),20240516000777,에이텍,20240516,
00115384,동방아그로,007590,Y,분기보고서 (2024.03),20240516000776,동방아그로,20240516,
00842619,리가켐바이오,141080,K,[기재정정]분기보고서 (2024.03),20240516000775,리가켐바이오,20240516,
00348292,한빛소프트,047080,K,분기보고서 (2024.03),20240516000774,한빛소프트,20240516,
01085026,유진테크놀로지,240600,K,분기보고서 (2024.03),20240516000773,유진테크놀로지,20240516,
00166500,화천기계,010660,Y,분기보고서 (2024.03),20240516000772,화천기계,20240516,
01264438,자이언트스텝,289220,K,[기재정정]주식매수선택권부여에관한신고,20240516000771,자이언트스텝,20240516,정
00132211,SUN&L,002820,Y,분기보고서 (2024.03),20240516000770,SUN&L,20240516,
01063990,로보로보,215100,K,분기보고서 (2024.03),20240516000768,로보로보,20240516,
00128412,삼진제약,005500,Y,분기보고서 (2024.03),20240516000765,삼진제약,20240516,
00135962,신라교역,004970,Y,분기보고서 (2024.03),20240516000763,신라교역,20240516,
00466428,아미노로직스,074430,K,분기보고서 (2024.03),20240516000761,아미노로직스,20240516,
01516890,E8,418620,K,분기보고서 (2024.03),20240516000759,E8,20240516,
00365989,모나용평,070960,Y,[기재정정]의결권대리행사권유참고서류,20240516000760,모나용평,20240516,
00161860,한성기업,003680,Y,분기보고서 (2024.03),20240516000758,한성기업,20240516,
00172079,HLB파나진,046210,K,분기보고서 (2024.03),20240516000757,HLB파나진,20240516,
00111218,KD,044180,K,분기보고서 (2024.03),20240516000756,KD,20240516,
00141529,오뚜기,007310,Y,분기보고서 (2024.03),20240516000754,오뚜기,20240516,
00401731,LG전자,066570,Y,분기보고서 (2024.03),20240516000752,LG전자,20240516,
00815095,우리이앤엘하루틴,153490,K,분기보고서 (2024.03),20240516000751,우리이앤엘하루틴,20240516,
00622787,바이오노트,377740,Y,분기보고서 (2024.03),20240516000750,바이오노트,20240516,
00168401,금비,008870,Y,반기보고서 (2024.03),20240516000749,금비,20240516,
00121686,엠케이전자,033160,K,분기보고서 (2024.03),20240516000748,엠케이전자,20240516,
00129509,한익스프레스,014130,Y,분기보고서 (2024.03),20240516000745,한익스프레스,20240516,
00109806,삼일씨엔에스,004440,Y,분기보고서 (2024.03),20240516000744,삼일씨엔에스,20240516,
00101488,경동나비엔,009450,Y,분기보고서 (2024.03),20240516000743,경동나비엔,20240516,
00654175,피엠티,147760,K,분기보고서 (2024.03),20240516000742,피엠티,20240516,정
01513440,파이버프로,368770,K,[기재정정]분기보고서 (2024.03),20240516000741,파이버프로,20240516,
00146649,일진홀딩스,015860,Y,단일판매ㆍ공급계약체결(자회사의 주요경영사항)              ,20240516800735,일진홀딩스,20240516,유
00619640,에코앤드림,101360,K,[기재정정]분기보고서 (2024.03),20240516000740,에코앤드림,20240516,
00114765,케이비아이동국실업,001620,Y,타인에대한채무보증결정              ,20240516800774,케이비아이동국실업,20240516,유
01307335,나인앤컴퍼니,366030,K,분기보고서 (2024.03),20240516000738,나인앤컴퍼니,20240516,
00327396,옵트론텍,082210,K,[기재정정]분기보고서 (2024.03),20240516000737,옵트론텍,20240516,
00118965,티에이치엔,019180,Y,분기보고서 (2024.03),20240516000735,티에이치엔,20240516,
00145464,이구산업,025820,Y,분기보고서 (2024.03),20240516000734,이구산업,20240516,
00359623,우리산업홀딩스,072470,K,분기보고서 (2024.03),20240516000732,우리산업홀딩스,20240516,
00127909,삼일,032280,K,분기보고서 (2024.03),20240516000730,삼일,20240516,
00238001,블루콤,033560,K,분기보고서 (2024.03),20240516000729,블루콤,20240516,
00159698,지역난방공사,071320,Y,[기재정정]일괄신고서,20240516000728,지역난방공사,20240516,
01095704,케이엠제약,225430,K,분기보고서 (2024.03),20240516000727,케이엠제약,20240516,
00412348,LB세미콘,061970,K,[기재정정]분기보고서 (2024.03),20240516000726,LB세미콘,20240516,
00652423,인바이오젠,101140,Y,분기보고서 (2024.03),20240516000724,인바이오젠,20240516,
00121288,모나미,005360,Y,분기보고서 (2024.03),20240516000722,모나미,20240516,
00206659,이랜텍,054210,K,분기보고서 (2024.03),20240516000721,이랜텍,20240516,
00173795,신흥,004080,Y,분기보고서 (2024.03),20240516000720,신흥,20240516,
01514698,엑스플러스,373200,K,분기보고서 (2024.03),20240516000718,엑스플러스,20240516,
00961570,신도기연,290520,K,분기보고서 (2024.03),20240516000714,신도기연,20240516,
00815767,위메이드플레이,123420,K,분기보고서 (2024.03),20240516000713,위메이드플레이,20240516,
00161462,에이티넘인베스트,021080,K,분기보고서 (2024.03),20240516000711,에이티넘인베스트,20240516,
00207375,대한뉴팜,054670,K,주식등의대량보유상황보고서(일반),20240516000709,이완진,20240516,
00104856,삼성증권,016360,Y,증권발행실적보고서,20240516000707,삼성증권,20240516,
00158307,롯데하이마트,071840,Y,분기보고서 (2024.03),20240516000705,롯데하이마트,20240516,
00136226,신성델타테크,065350,K,분기보고서 (2024.03),20240516000703,신성델타테크,20240516,정
00317681,메타바이오메드,059210,K,분기보고서 (2024.03),20240516000701,메타바이오메드,20240516,
01077577,우리산업,215360,K,분기보고서 (2024.03),20240516000700,우리산업,20240516,
00683469,일진전기,103590,Y,단일판매ㆍ공급계약체결              ,20240516800697,일진전기,20240516,유
00184889,이건홀딩스,039020,K,분기보고서 (2024.03),20240516000694,이건홀딩스,20240516,
00142713,형지I&C,011080,K,분기보고서 (2024.03),20240516000691,형지I&C,20240516,
00145446,이건산업,008250,Y,분기보고서 (2024.03),20240516000688,이건산업,20240516,
00123781,부국철강,026940,Y,분기보고서 (2024.03),20240516000687,부국철강,20240516,
00165060,하이록코리아,013030,K,분기보고서 (2024.03),20240516000686,하이록코리아,20240516,
00305668,새론오토모티브,075180,Y,분기보고서 (2024.03),20240516000685,새론오토모티브,20240516,
00238199,로지시스,067730,K,분기보고서 (2024.03),20240516000683,로지시스,20240516,
00652007,메카로,241770,K,기업설명회(IR)개최              ,20240516900698,메카로,20240516,코
00412348,LB세미콘,061970,K,주식등의대량보유상황보고서(일반),20240516000682,구본천,20240516,
00143907,원일특강,012620,K,분기보고서 (2024.03),20240516000681,원일특강,20240516,
00808086,HLB펩,196300,K,분기보고서 (2024.03),20240516000680,HLB펩,20240516,
00263371,한국경제TV,039340,K,분기보고서 (2024.03),20240516000677,한국경제TV,20240516,
00646732,진양홀딩스,100250,Y,분기보고서 (2024.03),20240516000676,진양홀딩스,20240516,
00367844,자이에스앤디,317400,Y,타법인주식및출자증권취득결정              ,20240516800677,자이에스앤디,20240516,유
00761183,신성에스티,416180,K,분기보고서 (2024.03),20240516000675,신성에스티,20240516,정
00261285,한국가스공사,036460,Y,분기보고서 (2024.03),20240516000674,한국가스공사,20240516,
00595182,아톤,158430,K,분기보고서 (2024.03),20240516000673,아톤,20240516,
00107066,남광토건,001260,Y,[기재정정]단일판매ㆍ공급계약체결              ,20240516800693,남광토건,20240516,유정
00133557,PN풍년,024940,K,분기보고서 (2024.03),20240516000670,PN풍년,20240516,
00147860,에스엠벡셀,010580,Y,분기보고서 (2024.03),20240516000668,에스엠벡셀,20240516,
00295547,디지아이,043360,K,분기보고서 (2024.03),20240516000667,디지아이,20240516,
00480455,STX엔진,077970,Y,분기보고서 (2024.03),20240516000665,STX엔진,20240516,
01299203,그리드위즈,453450,K,[기재정정]증권신고서(지분증권),20240516000663,그리드위즈,20240516,정
00309460,HB인베스트먼트,440290,K,분기보고서 (2024.03),20240516000662,HB인베스트먼트,20240516,
00148948,조비,001550,Y,분기보고서 (2024.03),20240516000661,조비,20240516,
00447928,네오티스,085910,K,분기보고서 (2024.03),20240516000660,네오티스,20240516,
01540815,스튜디오삼익,415380,K,[기재정정]분기보고서 (2024.03),20240516000658,스튜디오삼익,20240516,
00112457,대주산업,003310,K,분기보고서 (2024.03),20240516000657,대주산업,20240516,
00137997,현대차증권,001500,Y,증권발행실적보고서,20240516000656,현대차증권,20240516,
00159698,지역난방공사,071320,Y,분기보고서 (2024.03),20240516000653,지역난방공사,20240516,
00635134,CJ제일제당,097950,Y,분기보고서 (2024.03),20240516000652,CJ제일제당,20240516,
00155319,POSCO홀딩스,005490,Y,기업설명회(IR)개최(안내공시)              ,20240516800684,POSCO홀딩스,20240516,유
00120289,제이에스티나,026040,K,분기보고서 (2024.03),20240516000649,제이에스티나,20240516,
00359580,아이디스홀딩스,054800,K,분기보고서 (2024.03),20240516000647,아이디스홀딩스,20240516,
00116301,NI스틸,008260,Y,분기보고서 (2024.03),20240516000646,NI스틸,20240516,
00883980,아이디스,143160,K,분기보고서 (2024.03),20240516000645,아이디스,20240516,
00414601,유니퀘스트,077500,Y,분기보고서 (2024.03),20240516000644,유니퀘스트,20240516,
00267906,베뉴지,019010,K,분기보고서 (2024.03),20240516000643,베뉴지,20240516,
00897752,천보,278280,K,분기보고서 (2024.03),20240516000642,천보,20240516,
00136004,신라에스지,025870,K,분기보고서 (2024.03),20240516000641,신라에스지,20240516,
00133511,SG세계물산,004060,Y,분기보고서 (2024.03),20240516000640,SG세계물산,20240516,
00121570,문배철강,008420,Y,분기보고서 (2024.03),20240516000639,문배철강,20240516,
00151298,DSR제강,069730,Y,[기재정정]분기보고서 (2024.03),20240516000636,DSR제강,20240516,
00361169,한국전자인증,041460,K,분기보고서 (2024.03),20240516000635,한국전자인증,20240516,
00219848,서희건설,035890,K,분기보고서 (2024.03),20240516000632,서희건설,20240516,
00160375,진양폴리우레탄,010640,Y,분기보고서 (2024.03),20240516000630,진양폴리우레탄,20240516,
00173102,모나리자,012690,Y,분기보고서 (2024.03),20240516000628,모나리자,20240516,
01136977,마녀공장,439090,K,주주명부폐쇄기간또는기준일설정              ,20240516900662,마녀공장,20240516,코
00407771,듀오백,073190,K,분기보고서 (2024.03),20240516000626,듀오백,20240516,
00264714,SG&G,040610,K,분기보고서 (2024.03),20240516000625,SG&G,20240516,
00371740,디티씨,066670,K,분기보고서 (2024.03),20240516000624,디티씨,20240516,
00595182,아톤,158430,K,[기재정정]사업보고서 (2023.12),20240516000621,아톤,20240516,연
00141477,영흥,012160,Y,분기보고서 (2024.03),20240516000620,영흥,20240516,
00156354,지엠비코리아,013870,Y,분기보고서 (2024.03),20240516000619,지엠비코리아,20240516,
00154462,아모레퍼시픽홀딩스,002790,Y,분기보고서 (2024.03),20240516000617,아모레퍼시픽홀딩스,20240516,
01136977,마녀공장,439090,K,주주총회소집결의              (임시주주총회),20240516900650,마녀공장,20240516,코
00137997,현대차증권,001500,Y,증권발행실적보고서,20240516000616,현대차증권,20240516,
00208444,피에스케이홀딩스,031980,K,분기보고서 (2024.03),20240516000613,피에스케이홀딩스,20240516,
00145686,이화산업,000760,Y,분기보고서 (2024.03),20240516000612,이화산업,20240516,
00135999,신라섬유,001000,K,분기보고서 (2024.03),20240516000611,신라섬유,20240516,
00166272,화승코퍼레이션,013520,Y,분기보고서 (2024.03),20240516000608,화승코퍼레이션,20240516,
00164830,HD한국조선해양,009540,Y,분기보고서 (2024.03),20240516000606,HD한국조선해양,20240516,
00513948,녹십자엠에스,142280,K,분기보고서 (2024.03),20240516000605,녹십자엠에스,20240516,
00843900,육일씨엔에쓰,191410,K,분기보고서 (2024.03),20240516000604,육일씨엔에쓰,20240516,
00583424,아모레퍼시픽,090430,Y,분기보고서 (2024.03),20240516000601,아모레퍼시픽,20240516,
00257732,한국정밀기계,101680,K,분기보고서 (2024.03),20240516000600,한국정밀기계,20240516,
00293886,위닉스,044340,K,분기보고서 (2024.03),20240516000599,위닉스,20240516,
00104999,윌비스,008600,Y,분기보고서 (2024.03),20240516000595,윌비스,20240516,
00127802,삼익THK,004380,Y,분기보고서 (2024.03),20240516000593,삼익THK,20240516,정
01540453,에이직랜드,445090,K,분기보고서 (2024.03),20240516000590,에이직랜드,20240516,
00611736,엑시콘,092870,K,[기재정정]증권신고서(지분증권),20240516000589,엑시콘,20240516,정
00991298,씨이랩,189330,K,단일판매ㆍ공급계약체결              ,20240516900569,씨이랩,20240516,코
01158632,진코스텍,250030,N,분기보고서 (2024.03),20240516000586,진코스텍,20240516,정
01231786,엑스페릭스,317770,K,분기보고서 (2024.03),20240516000585,엑스페릭스,20240516,
00137058,신일제약,012790,K,분기보고서 (2024.03),20240516000584,신일제약,20240516,
00486370,성창오토텍,080470,K,분기보고서 (2024.03),20240516000583,성창오토텍,20240516,
00442561,에프알텍,073540,K,분기보고서 (2024.03),20240516000582,에프알텍,20240516,정
00403766,한국첨단소재,062970,K,[기재정정]분기보고서 (2024.03),20240516000580,한국첨단소재,20240516,정
00104573,국일제지,078130,K,분기보고서 (2024.03),20240516000579,국일제지,20240516,정
01365825,피에스케이,319660,K,분기보고서 (2024.03),20240516000578,피에스케이,20240516,
00132628,성문전자,014910,Y,분기보고서 (2024.03),20240516000577,성문전자,20240516,
01381391,에스피소프트,443670,K,분기보고서 (2024.03),20240516000574,에스피소프트,20240516,
00652007,메카로,241770,K,분기보고서 (2024.03),20240516000573,메카로,20240516,
00494476,이녹스,088390,K,분기보고서 (2024.03),20240516000571,이녹스,20240516,
00150439,진양산업,003780,Y,분기보고서 (2024.03),20240516000569,진양산업,20240516,
00353878,다스코,058730,Y,분기보고서 (2024.03),20240516000568,다스코,20240516,
00145473,이글벳,044960,K,분기보고서 (2024.03),20240516000567,이글벳,20240516,
01251595,압타바이오,293780,K,분기보고서 (2024.03),20240516000566,압타바이오,20240516,
00875237,씨앤투스,352700,K,분기보고서 (2024.03),20240516000565,씨앤투스,20240516,
00231363,LG유플러스,032640,Y,분기보고서 (2024.03),20240516000563,LG유플러스,20240516,
01231786,엑스페릭스,317770,K,[기재정정]주식매수선택권부여에관한신고,20240516000562,엑스페릭스,20240516,정
00428251,현대백화점,069960,Y,기업설명회(IR)개최(안내공시)              ,20240516800602,현대백화점,20240516,유
00132318,성광벤드,014620,K,분기보고서 (2024.03),20240516000561,성광벤드,20240516,
01099861,에이텍모빌리티,224110,K,분기보고서 (2024.03),20240516000559,에이텍모빌리티,20240516,
01213586,아이디피,332370,K,분기보고서 (2024.03),20240516000558,아이디피,20240516,
00161125,한온시스템,018880,Y,분기보고서 (2024.03),20240516000554,한온시스템,20240516,
00875307,야스,255440,K,분기보고서 (2024.03),20240516000551,야스,20240516,
00221728,하츠,066130,K,분기보고서 (2024.03),20240516000549,하츠,20240516,
00174004,유성기업,002920,Y,분기보고서 (2024.03),20240516000548,유성기업,20240516,
00159971,KC그린홀딩스,009440,Y,분기보고서 (2024.03),20240516000547,KC그린홀딩스,20240516,
00327396,옵트론텍,082210,K,분기보고서 (2024.03),20240516000546,옵트론텍,20240516,정
01540815,스튜디오삼익,415380,K,분기보고서 (2024.03),20240516000545,스튜디오삼익,20240516,정
01035368,티에프이,425420,K,분기보고서 (2024.03),20240516000544,티에프이,20240516,
00155638,피에스텍,002230,K,분기보고서 (2024.03),20240516000543,피에스텍,20240516,
01157235,아스타,246720,K,분기보고서 (2024.03),20240516000542,아스타,20240516,
00475718,이엠앤아이,083470,K,분기보고서 (2024.03),20240516000541,이엠앤아이,20240516,
00137997,현대차증권,001500,Y,증권발행실적보고서,20240516000540,현대차증권,20240516,
00108001,남화토건,091590,K,분기보고서 (2024.03),20240516000537,남화토건,20240516,
00102113,경인양행,012610,Y,분기보고서 (2024.03),20240516000536,경인양행,20240516,
00761952,아나패스,123860,K,분기보고서 (2024.03),20240516000535,아나패스,20240516,
00377610,세아홀딩스,058650,Y,타법인주식및출자증권취득결정(자회사의 주요경영사항)              ,20240516800567,세아홀딩스,20240516,유
00210856,코아스,071950,Y,분기보고서 (2024.03),20240516000534,코아스,20240516,
00816544,토니모리,214420,Y,분기보고서 (2024.03),20240516000533,토니모리,20240516,
01408999,웨이버스,336060,K,분기보고서 (2024.03),20240516000531,웨이버스,20240516,
00157070,한국단자공업,025540,Y,분기보고서 (2024.03),20240516000530,한국단자공업,20240516,
00249247,YG PLUS,037270,Y,분기보고서 (2024.03),20240516000529,YG PLUS,20240516,
00377610,세아홀딩스,058650,Y,타법인주식및출자증권취득결정(자회사의 주요경영사항)              ,20240516800559,세아홀딩스,20240516,유정
00106669,세아베스틸지주,001430,Y,타법인주식및출자증권취득결정(자회사의 주요경영사항)              ,20240516800519,세아베스틸지주,20240516,유
00359076,브리지텍,064480,K,분기보고서 (2024.03),20240516000528,브리지텍,20240516,
00105873,LG디스플레이,034220,Y,분기보고서 (2024.03),20240516000527,LG디스플레이,20240516,
00797364,KC코트렐,119650,Y,분기보고서 (2024.03),20240516000525,KC코트렐,20240516,
01596920,알지노믹스,476830,K,분기보고서 (2024.03),20240516000524,알지노믹스,20240516,
00113128,대한약품,023910,K,분기보고서 (2024.03),20240516000522,대한약품,20240516,
00106669,세아베스틸지주,001430,Y,타법인주식및출자증권취득결정              ,20240516800513,세아베스틸지주,20240516,유정
00153375,태광,023160,K,분기보고서 (2024.03),20240516000521,태광,20240516,
00422895,세이브존I&C,067830,Y,분기보고서 (2024.03),20240516000519,세이브존I&C,20240516,
01237540,이녹스첨단소재,272290,K,분기보고서 (2024.03),20240516000517,이녹스첨단소재,20240516,
00390903,우주일렉트로,065680,K,분기보고서 (2024.03),20240516000516,우주일렉트로,20240516,
00303396,한국컴퓨터,054040,K,분기보고서 (2024.03),20240516000515,한국컴퓨터,20240516,
00447487,제주반도체,080220,K,분기보고서 (2024.03),20240516000513,제주반도체,20240516,
00352064,프리엠스,053160,K,분기보고서 (2024.03),20240516000512,프리엠스,20240516,
00337296,원포유,122830,N,분기보고서 (2024.03),20240516000511,원포유,20240516,
01203376,유비쿼스,264450,K,분기보고서 (2024.03),20240516000506,유비쿼스,20240516,
00411385,유비쿼스홀딩스,078070,K,분기보고서 (2024.03),20240516000505,유비쿼스홀딩스,20240516,
00442905,디에스엠,104040,K,분기보고서 (2024.03),20240516000503,디에스엠,20240516,
00167031,흥국,010240,K,분기보고서 (2024.03),20240516000502,흥국,20240516,
01402995,케이엔에스,432470,K,분기보고서 (2024.03),20240516000501,케이엔에스,20240516,
00102751,고려산업,002140,Y,분기보고서 (2024.03),20240516000500,고려산업,20240516,
00174527,HS화성,002460,Y,분기보고서 (2024.03),20240516000499,HS화성,20240516,
00364740,머큐리,100590,K,전환사채(해외전환사채포함)발행후만기전사채취득              ,20240516900536,머큐리,20240516,코
00125974,삼부토건,001470,Y,[기재정정]단일판매ㆍ공급계약체결              ,20240516800515,삼부토건,20240516,유정
01190568,에이피알,278470,Y,임원ㆍ주요주주특정증권등소유상황보고서,20240516000498,정재훈,20240516,
00142865,WISCOM,024070,Y,분기보고서 (2024.03),20240516000497,WISCOM,20240516,
00872984,이마트,139480,Y,영업(잠정)실적(공정공시)              ,20240516800471,이마트,20240516,유
01190568,에이피알,278470,Y,최대주주등소유주식변동신고서              ,20240516800532,에이피알,20240516,유
00521390,뉴파워프라즈마,144960,K,분기보고서 (2024.03),20240516000495,뉴파워프라즈마,20240516,
00297989,오르비텍,046120,K,분기보고서 (2024.03),20240516000494,오르비텍,20240516,
00113207,대한전선,001440,Y,분기보고서 (2024.03),20240516000493,대한전선,20240516,
01436558,신한서부티엔디리츠,404990,Y,반기보고서 (2024.03),20240516000492,신한서부티엔디리츠,20240516,
01436479,토마토시스템,393210,K,분기보고서 (2024.03),20240516000491,토마토시스템,20240516,
00136271,신성이엔지,011930,Y,분기보고서 (2024.03),20240516000490,신성이엔지,20240516,
00129387,SP삼화,000390,Y,분기보고서 (2024.03),20240516000484,SP삼화,20240516,
00821607,알톤,123750,K,분기보고서 (2024.03),20240516000483,알톤,20240516,
00220622,서호전기,065710,K,분기보고서 (2024.03),20240516000482,서호전기,20240516,
01135057,녹십자웰빙,234690,K,[기재정정]합병등종료보고서(분할),20240516000481,녹십자웰빙,20240516,
00143794,원림,005820,Y,분기보고서 (2024.03),20240516000479,원림,20240516,
00126089,DH오토넥스,000300,Y,분기보고서 (2024.03),20240516000478,DH오토넥스,20240516,
00264255,바텍,043150,K,분기보고서 (2024.03),20240516000477,바텍,20240516,
00115694,DB증권,016610,Y,분기보고서 (2024.03),20240516000476,DB증권,20240516,
00125938,삼보판지,023600,K,분기보고서 (2024.03),20240516000475,삼보판지,20240516,
01259232,노바텍,285490,K,분기보고서 (2024.03),20240516000474,노바텍,20240516,
01459212,원준,382840,K,분기보고서 (2024.03),20240516000471,원준,20240516,
00516246,알에프세미,096610,K,분기보고서 (2024.03),20240516000470,알에프세미,20240516,
00403766,한국첨단소재,062970,K,분기보고서 (2024.03),20240516000469,한국첨단소재,20240516,정
00242934,케이엠,083550,K,분기보고서 (2024.03),20240516000468,케이엠,20240516,
00577335,대성하이텍,129920,K,분기보고서 (2024.03),20240516000466,대성하이텍,20240516,
00190756,와이엔텍,067900,K,분기보고서 (2024.03),20240516000465,와이엔텍,20240516,
00878696,에스케이바이오팜,326030,Y,분기보고서 (2024.03),20240516000464,에스케이바이오팜,20240516,
00148595,제일테크노스,038010,K,분기보고서 (2024.03),20240516000463,제일테크노스,20240516,
00478900,빅솔론,093190,K,분기보고서 (2024.03),20240516000457,빅솔론,20240516,
01180118,코람코더원리츠,417310,Y,정기주주총회결과              ,20240516800455,코람코더원리츠,20240516,유
00338170,이닉스,452400,K,[기재정정]분기보고서 (2024.03),20240516000456,이닉스,20240516,
00204642,티비씨,033830,K,분기보고서 (2024.03),20240516000455,티비씨,20240516,
00357360,한세엠케이,069640,Y,분기보고서 (2024.03),20240516000454,한세엠케이,20240516,
00287812,에코심플렉스,038870,K,분기보고서 (2024.03),20240516000453,에코심플렉스,20240516,
01135057,녹십자웰빙,234690,K,[기재정정]합병등종료보고서(분할),20240516000449,녹십자웰빙,20240516,정
01023822,메디젠휴먼케어,236340,N,주주총회소집공고,20240516000446,메디젠휴먼케어,20240516,
00579139,한국맥널티,222980,K,분기보고서 (2024.03),20240516000444,한국맥널티,20240516,
00163318,모헨즈,006920,K,분기보고서 (2024.03),20240516000439,모헨즈,20240516,
00352064,프리엠스,053160,K,대표이사변경              ,20240516900470,프리엠스,20240516,코
00136457,SH에너지화학,002360,Y,분기보고서 (2024.03),20240516000438,SH에너지화학,20240516,
00352064,프리엠스,053160,K,임시주주총회결과              ,20240516900466,프리엠스,20240516,코
00259545,엠에스오토텍,123040,K,분기보고서 (2024.03),20240516000437,엠에스오토텍,20240516,
00173698,신일전자,002700,Y,분기보고서 (2024.03),20240516000436,신일전자,20240516,
00194947,한전산업,130660,Y,분기보고서 (2024.03),20240516000434,한전산업,20240516,
00118026,동원산업,006040,Y,분기보고서 (2024.03),20240516000433,동원산업,20240516,
01135084,에스와이스틸텍,365330,K,분기보고서 (2024.03),20240516000432,에스와이스틸텍,20240516,
00660121,디에이테크놀로지,196490,K,회생절차개시결정              ,20240516900449,디에이테크놀로지,20240516,코정
00660121,디에이테크놀로지,196490,K,주권매매거래정지기간변경              (회생절차 개시결정),20240516900464,코스닥시장본부,20240516,코
00131896,선광,003100,K,분기보고서 (2024.03),20240516000430,선광,20240516,
00130684,서울도시가스,017390,Y,분기보고서 (2024.03),20240516000429,서울도시가스,20240516,
00872984,이마트,139480,Y,연결재무제표기준영업(잠정)실적(공정공시)              ,20240516800452,이마트,20240516,유
01117413,바이오다인,314930,K,분기보고서 (2024.03),20240516000424,바이오다인,20240516,
01010642,지씨셀,144510,K,분기보고서 (2024.03),20240516000423,지씨셀,20240516,
00535676,테크윙,089030,K,주식등의대량보유상황보고서(일반),20240516000422,나윤성,20240516,정
00159023,SK텔레콤,017670,Y,분기보고서 (2024.03),20240516000420,SK텔레콤,20240516,
00121932,미원상사,002840,Y,최대주주등소유주식변동신고서              ,20240516800457,미원상사,20240516,유
01201970,셀레스트라,352770,K,분기보고서 (2024.03),20240516000419,셀레스트라,20240516,정
01593668,센서뷰,321370,K,분기보고서 (2024.03),20240516000417,센서뷰,20240516,
00535676,테크윙,089030,K,임원ㆍ주요주주특정증권등소유상황보고서,20240516000416,나윤성,20240516,
00557933,진도,088790,Y,분기보고서 (2024.03),20240516000413,진도,20240516,
00404701,한국자산신탁,123890,Y,분기보고서 (2024.03),20240516000412,한국자산신탁,20240516,
00159573,한국주철관공업,000970,Y,분기보고서 (2024.03),20240516000411,한국주철관공업,20240516,
01573381,레이저쎌,412350,K,분기보고서 (2024.03),20240516000409,레이저쎌,20240516,
00105156,극동유화,014530,Y,분기보고서 (2024.03),20240516000408,극동유화,20240516,
00325112,프로텍,053610,K,분기보고서 (2024.03),20240516000406,프로텍,20240516,정
00249502,골드앤에스,035290,K,분기보고서 (2024.03),20240516000405,골드앤에스,20240516,
00664048,우리넷,115440,K,분기보고서 (2024.03),20240516000404,우리넷,20240516,
00137997,현대차증권,001500,Y,증권발행실적보고서,20240516000402,현대차증권,20240516,
00325112,프로텍,053610,K,[기재정정]사업보고서 (2023.12),20240516000401,프로텍,20240516,연
00107224,남선알미늄,008350,Y,분기보고서 (2024.03),20240516000400,남선알미늄,20240516,
00339391,한화시스템,272210,Y,[기재정정]사업보고서 (2023.12),20240516000399,한화시스템,20240516,연
01109937,티앤알바이오팹,246710,K,분기보고서 (2024.03),20240516000398,티앤알바이오팹,20240516,
01274310,이오플로우,294090,K,분기보고서 (2024.03),20240516000397,이오플로우,20240516,정
00317210,성호전자,043260,K,분기보고서 (2024.03),20240516000396,성호전자,20240516,
00864338,웹스,196700,K,분기보고서 (2024.03),20240516000394,웹스,20240516,
01398151,밸로프,331520,K,분기보고서 (2024.03),20240516000393,밸로프,20240516,
00526872,이수앱지스,086890,K,분기보고서 (2024.03),20240516000391,이수앱지스,20240516,
00409371,인베니아,079950,K,분기보고서 (2024.03),20240516000390,인베니아,20240516,
00357430,쎌바이오텍,049960,K,분기보고서 (2024.03),20240516000388,쎌바이오텍,20240516,
00108612,DS단석,017860,Y,분기보고서 (2024.03),20240516000387,DS단석,20240516,
01012640,슈어소프트테크,298830,K,분기보고서 (2024.03),20240516000386,슈어소프트테크,20240516,
00608440,티앤엘,340570,K,분기보고서 (2024.03),20240516000385,티앤엘,20240516,
00261656,잉크테크,049550,K,분기보고서 (2024.03),20240516000384,잉크테크,20240516,
00220969,오공,045060,K,분기보고서 (2024.03),20240516000383,오공,20240516,
00235183,에이치케이,044780,K,분기보고서 (2024.03),20240516000382,에이치케이,20240516,
00410915,서울옥션,063170,K,분기보고서 (2024.03),20240516000381,서울옥션,20240516,
00613318,와이지엔터테인먼트,122870,K,분기보고서 (2024.03),20240516000380,와이지엔터테인먼트,20240516,
00138242,KG모빌리티,003620,Y,분기보고서 (2024.03),20240516000378,KG모빌리티,20240516,
00160418,한국무브넥스,010100,Y,분기보고서 (2024.03),20240516000377,한국무브넥스,20240516,
00367844,자이에스앤디,317400,Y,분기보고서 (2024.03),20240516000376,자이에스앤디,20240516,
01146822,아이퀘스트,262840,K,분기보고서 (2024.03),20240516000375,아이퀘스트,20240516,
00274933,신세계푸드,031440,Y,분기보고서 (2024.03),20240516000374,신세계푸드,20240516,
01034730,크로넥스,215570,N,주주총회소집공고,20240516000372,크로넥스,20240516,
01208849,나인테크,267320,K,분기보고서 (2024.03),20240516000371,나인테크,20240516,
00657783,모델솔루션,417970,K,단기차입금증가결정              ,20240516900359,모델솔루션,20240516,코
00370918,케이디켐,221980,K,분기보고서 (2024.03),20240516000370,케이디켐,20240516,
00483735,해성옵틱스,076610,K,분기보고서 (2024.03),20240516000369,해성옵틱스,20240516,정
01318261,더블유에스아이,299170,K,분기보고서 (2024.03),20240516000367,더블유에스아이,20240516,
01393721,포커스에이아이,331380,K,분기보고서 (2024.03),20240516000365,포커스에이아이,20240516,
01391103,젝시믹스,337930,K,분기보고서 (2024.03),20240516000363,젝시믹스,20240516,
00210740,대화제약,067080,K,분기보고서 (2024.03),20240516000361,대화제약,20240516,
00104856,삼성증권,016360,Y,기업설명회(IR)개최(안내공시)              ,20240516800386,삼성증권,20240516,유
00108746,DKME,015590,Y,주식등의대량보유상황보고서(일반),20240516000357,케이아이비패밀리블라인드,20240516,
00144818,유유제약,000220,Y,분기보고서 (2024.03),20240516000351,유유제약,20240516,
00158565,한국알콜,017890,K,분기보고서 (2024.03),20240516000349,한국알콜,20240516,
00945457,아이진,185490,K,분기보고서 (2024.03),20240516000348,아이진,20240516,
00242712,엘컴텍,037950,K,분기보고서 (2024.03),20240516000346,엘컴텍,20240516,
00530185,이엔에프테크놀로지,102710,K,분기보고서 (2024.03),20240516000345,이엔에프테크놀로지,20240516,
00807397,코이즈,121850,K,분기보고서 (2024.03),20240516000341,코이즈,20240516,
00273420,이스트소프트,047560,K,분기보고서 (2024.03),20240516000339,이스트소프트,20240516,
01387164,샤페론,378800,K,[기재정정]분기보고서 (2024.03),20240516000338,샤페론,20240516,
00657783,모델솔루션,417970,K,분기보고서 (2024.03),20240516000337,모델솔루션,20240516,
00125488,삼륭물산,014970,K,분기보고서 (2024.03),20240516000334,삼륭물산,20240516,
01806951,폰드그룹,472850,K,분기보고서 (2024.03),20240516000333,폰드그룹,20240516,정
00276083,피노,033790,K,분기보고서 (2024.03),20240516000332,피노,20240516,
01497124,캡스톤파트너스,452300,K,분기보고서 (2024.03),20240516000331,캡스톤파트너스,20240516,
00362238,휴비스,079980,Y,분기보고서 (2024.03),20240516000330,휴비스,20240516,
00422284,메가스터디,072870,K,분기보고서 (2024.03),20240516000329,메가스터디,20240516,
01468061,레뷰코퍼레이션,443250,K,[기재정정]분기보고서 (2024.03),20240516000327,레뷰코퍼레이션,20240516,
01416642,다보링크,340360,K,분기보고서 (2024.03),20240516000326,다보링크,20240516,
01201970,셀레스트라,352770,K,주식등의대량보유상황보고서(약식),20240516000324,다온기술,20240516,
00149646,기업은행,024110,Y,기업설명회(IR)개최(안내공시)              ,20240516800346,기업은행,20240516,유
00250997,대정화금,120240,K,분기보고서 (2024.03),20240516000323,대정화금,20240516,
00493510,뉴프렉스,085670,K,분기보고서 (2024.03),20240516000318,뉴프렉스,20240516,
00129642,상신브레이크,041650,Y,분기보고서 (2024.03),20240516000315,상신브레이크,20240516,
00121154,엠에스씨,009780,K,분기보고서 (2024.03),20240516000313,엠에스씨,20240516,
00130408,서산,079650,K,분기보고서 (2024.03),20240516000311,서산,20240516,
00130091,샘표,007540,Y,분기보고서 (2024.03),20240516000310,샘표,20240516,
00303217,우진플라임,049800,Y,분기보고서 (2024.03),20240516000308,우진플라임,20240516,
00163716,한창,005110,Y,분기보고서 (2024.03),20240516000306,한창,20240516,
01453670,휴럼,353190,K,분기보고서 (2024.03),20240516000305,휴럼,20240516,
00530556,예스티,122640,K,분기보고서 (2024.03),20240516000304,예스티,20240516,
01167056,샘표식품,248170,Y,분기보고서 (2024.03),20240516000303,샘표식품,20240516,
00142883,우신시스템,017370,Y,분기보고서 (2024.03),20240516000300,우신시스템,20240516,
01796858,신영스팩10호,472220,K,분기보고서 (2024.03),20240516000299,신영스팩10호,20240516,
01409022,페니트리움바이오,187660,K,[기재정정]최대주주변경을수반하는주식양수도계약체결              ,20240516900304,페니트리움바이오,20240516,코
00156442,한국가구,004590,K,분기보고서 (2024.03),20240516000298,한국가구,20240516,
00147772,정원엔시스,045510,K,분기보고서 (2024.03),20240516000297,정원엔시스,20240516,
00270113,멕아이씨에스,058110,K,분기보고서 (2024.03),20240516000295,멕아이씨에스,20240516,
00134565,이스타코,015020,Y,분기보고서 (2024.03),20240516000293,이스타코,20240516,
00540605,이월드,084680,Y,분기보고서 (2024.03),20240516000292,이월드,20240516,
00231707,비트컴퓨터,032850,K,분기보고서 (2024.03),20240516000291,비트컴퓨터,20240516,
00140779,영보화학,014440,Y,분기보고서 (2024.03),20240516000290,영보화학,20240516,
00365989,모나용평,070960,Y,분기보고서 (2024.03),20240516000288,모나용평,20240516,
00223513,제이씨현시스템,033320,K,분기보고서 (2024.03),20240516000287,제이씨현시스템,20240516,
00480783,상신이디피,091580,K,분기보고서 (2024.03),20240516000285,상신이디피,20240516,
01112700,에스엘에스바이오,246250,K,분기보고서 (2024.03),20240516000284,에스엘에스바이오,20240516,
00117966,동원개발,013120,K,분기보고서 (2024.03),20240516000283,동원개발,20240516,
00108649,TPC로보틱스,048770,K,분기보고서 (2024.03),20240516000280,TPC로보틱스,20240516,
00298270,안랩,053800,K,분기보고서 (2024.03),20240516000279,안랩,20240516,
00407036,선바이오,067370,K,분기보고서 (2024.03),20240516000278,선바이오,20240516,
00155319,POSCO홀딩스,005490,Y,[기재정정]임원ㆍ주요주주특정증권등소유상황보고서,20240516000277,김광복,20240516,
00155151,피에이치에이,043370,K,분기보고서 (2024.03),20240516000273,피에이치에이,20240516,
00305297,코텍,052330,K,분기보고서 (2024.03),20240516000272,코텍,20240516,
00404288,아진엑스텍,059120,K,분기보고서 (2024.03),20240516000270,아진엑스텍,20240516,
00186559,아이티센씨티에스,031820,Y,분기보고서 (2024.03),20240516000269,아이티센씨티에스,20240516,
00122348,방림,003610,Y,반기보고서 (2024.03),20240516000268,방림,20240516,
00868705,윈스테크넷,136540,K,분기보고서 (2024.03),20240516000266,윈스테크넷,20240516,
00603348,케이아이엔엑스,093320,K,분기보고서 (2024.03),20240516000265,케이아이엔엑스,20240516,
00367710,동인기연,111380,Y,기타안내사항(안내공시)              ,20240516800284,동인기연,20240516,유
00243067,부방,014470,K,분기보고서 (2024.03),20240516000262,부방,20240516,정
00167192,넥센,005720,Y,분기보고서 (2024.03),20240516000261,넥센,20240516,
00982023,실리콘투,257720,K,임원ㆍ주요주주특정증권등소유상황보고서,20240516000260,손인호,20240516,
01113499,아이티센피엔에스,232830,K,분기보고서 (2024.03),20240516000259,아이티센피엔에스,20240516,
00982023,실리콘투,257720,K,임원ㆍ주요주주특정증권등소유상황보고서,20240516000257,최진호,20240516,
01353024,TS트릴리온,317240,K,분기보고서 (2024.03),20240516000255,TS트릴리온,20240516,
00409672,티비에이치글로벌,084870,Y,분기보고서 (2024.03),20240516000254,티비에이치글로벌,20240516,
00788773,씨젠,096530,K,분기보고서 (2024.03),20240516000253,씨젠,20240516,
00307222,YBM넷,057030,K,분기보고서 (2024.03),20240516000252,YBM넷,20240516,
00169215,에너토크,019990,K,분기보고서 (2024.03),20240516000251,에너토크,20240516,
00117027,알루코,001780,Y,분기보고서 (2024.03),20240516000250,알루코,20240516,
00447609,비에이치,090460,Y,분기보고서 (2024.03),20240516000249,비에이치,20240516,
00258421,기산텔레콤,035460,K,분기보고서 (2024.03),20240516000248,기산텔레콤,20240516,
01116265,카티스,140430,K,분기보고서 (2024.03),20240516000247,카티스,20240516,
01368637,성원에너텍,340930,K,주요사항보고서(전환사채권발행결정),20240516000222,성원에너텍,20240516,
01110058,바이오인프라,199730,K,분기보고서 (2024.03),20240516000244,바이오인프라,20240516,
01255652,레이크머티리얼즈,281740,K,분기보고서 (2024.03),20240516000242,레이크머티리얼즈,20240516,
00536286,윈팩,097800,K,유상증자또는주식관련사채등의청약결과(자율공시)              ,20240516900260,윈팩,20240516,코
00445799,서원인텍,093920,K,분기보고서 (2024.03),20240516000240,서원인텍,20240516,
00120872,만호제강,001080,Y,분기보고서 (2024.03),20240516000239,만호제강,20240516,
00104722,국제약품,002720,Y,분기보고서 (2024.03),20240516000236,국제약품,20240516,
00110583,DH오토웨어,025440,K,분기보고서 (2024.03),20240516000235,DH오토웨어,20240516,
00129235,삼화왕관,004450,Y,분기보고서 (2024.03),20240516000234,삼화왕관,20240516,
00491053,진바이오텍,086060,K,분기보고서 (2024.03),20240516000232,진바이오텍,20240516,
00159500,한국종합기술,023350,Y,[기재정정]단일판매ㆍ공급계약체결              ,20240516800215,한국종합기술,20240516,유정
01259311,푸드나무,290720,K,신탁계약해지결과보고서,20240516000230,푸드나무,20240516,
00137012,에스앤더블류,103230,K,분기보고서 (2024.03),20240516000228,에스앤더블류,20240516,
01137903,디케이티,290550,K,분기보고서 (2024.03),20240516000227,디케이티,20240516,
01070149,올리패스,244460,K,분기보고서 (2024.03),20240516000226,올리패스,20240516,
00258801,카카오,035720,Y,분기보고서 (2024.03),20240516000225,카카오,20240516,정
00137997,현대차증권,001500,Y,증권발행실적보고서,20240516000224,현대차증권,20240516,
00117577,오리온홀딩스,001800,Y,분기보고서 (2024.03),20240516000220,오리온홀딩스,20240516,
00370255,테크엘,064520,K,분기보고서 (2024.03),20240516000218,테크엘,20240516,
00128227,삼정펄프,009770,Y,분기보고서 (2024.03),20240516000215,삼정펄프,20240516,
00103015,고려제약,014570,K,분기보고서 (2024.03),20240516000213,고려제약,20240516,
00111722,미래에셋증권,006800,Y,증권발행실적보고서,20240516000212,미래에셋증권,20240516,
00353610,이니텍,053350,K,분기보고서 (2024.03),20240516000206,이니텍,20240516,
00606886,엔지켐생명과학,183490,K,분기보고서 (2024.03),20240516000205,엔지켐생명과학,20240516,
00220686,에스피지,058610,K,분기보고서 (2024.03),20240516000202,에스피지,20240516,
00101628,경방,000050,Y,분기보고서 (2024.03),20240516000200,경방,20240516,
00899459,레이언스,228850,K,분기보고서 (2024.03),20240516000198,레이언스,20240516,
00592653,유비벨록스,089850,K,기업설명회(IR)개최              ,20240516900220,유비벨록스,20240516,코
00634728,이크레더블,092130,K,분기보고서 (2024.03),20240516000197,이크레더블,20240516,
00104856,삼성증권,016360,Y,증권발행실적보고서,20240516000196,삼성증권,20240516,
00438036,팅크웨어,084730,K,기업설명회(IR)개최              ,20240516900212,팅크웨어,20240516,코
01089350,켐트로스,220260,K,분기보고서 (2024.03),20240516000192,켐트로스,20240516,
00245472,티씨케이,064760,K,분기보고서 (2024.03),20240516000188,티씨케이,20240516,
01165155,모비스,250060,K,[기재정정]주요사항보고서(타법인주식및출자증권양도결정),20240516000147,모비스,20240516,
01027828,퓨릿,445180,K,분기보고서 (2024.03),20240516000183,퓨릿,20240516,
01468061,레뷰코퍼레이션,443250,K,분기보고서 (2024.03),20240516000182,레뷰코퍼레이션,20240516,정
00367482,빛과전자,069540,K,주식등의대량보유상황보고서(약식),20240516000179,바로저축은행,20240516,
00397058,엠게임,058630,K,분기보고서 (2024.03),20240516000178,엠게임,20240516,
00503668,LIG디펜스앤에어로스페이스,079550,Y,분기보고서 (2024.03),20240516000174,LIG디펜스앤에어로스페이스,20240516,
00398808,디지털대성,068930,K,수시공시의무관련사항(공정공시)              (2024년 사업연도(제25기) 현금배당 계획),20240516900187,디지털대성,20240516,코
00104856,삼성증권,016360,Y,증권발행실적보고서,20240516000172,삼성증권,20240516,
00413523,한미글로벌,053690,Y,분기보고서 (2024.03),20240516000171,한미글로벌,20240516,
00137809,SHD,001770,Y,분기보고서 (2024.03),20240516000169,SHD,20240516,
01359815,한울반도체,320000,K,주식등의대량보유상황보고서(약식),20240516000166,바로저축은행,20240516,
01130849,파라택시스이더리움,290560,K,분기보고서 (2024.03),20240516000165,파라택시스이더리움,20240516,
00537337,앤씨앤,092600,K,분기보고서 (2024.03),20240516000164,앤씨앤,20240516,
00128980,삼호개발,010960,Y,분기보고서 (2024.03),20240516000163,삼호개발,20240516,
00579971,칩스앤미디어,094360,K,분기보고서 (2024.03),20240516000158,칩스앤미디어,20240516,
01238169,오리온,271560,Y,분기보고서 (2024.03),20240516000155,오리온,20240516,
01585155,오픈놀,440320,K,분기보고서 (2024.03),20240516000154,오픈놀,20240516,
00109310,대동기어,008830,K,분기보고서 (2024.03),20240516000153,대동기어,20240516,
00338170,이닉스,452400,K,분기보고서 (2024.03),20240516000152,이닉스,20240516,정
00104768,가온전선,000500,Y,분기보고서 (2024.03),20240516000149,가온전선,20240516,
00112378,KR모터스,000040,Y,분기보고서 (2024.03),20240516000144,KR모터스,20240516,
01160974,바이오에프디엔씨,251120,K,분기보고서 (2024.03),20240516000142,바이오에프디엔씨,20240516,
00228059,휴온스글로벌,084110,K,분기보고서 (2024.03),20240516000140,휴온스글로벌,20240516,
00659976,영화테크,265560,K,분기보고서 (2024.03),20240516000139,영화테크,20240516,
00398808,디지털대성,068930,K,분기보고서 (2024.03),20240516000138,디지털대성,20240516,
00359261,빛샘전자,072950,K,분기보고서 (2024.03),20240516000137,빛샘전자,20240516,
00161781,아난티,025980,K,주식소각결정              ,20240516900150,아난티,20240516,코
00425351,멀티캠퍼스,067280,K,분기보고서 (2024.03),20240516000135,멀티캠퍼스,20240516,
00989619,알테오젠,196170,K,분기보고서 (2024.03),20240516000132,알테오젠,20240516,
00185222,크린앤사이언스,045520,K,분기보고서 (2024.03),20240516000131,크린앤사이언스,20240516,
00370200,아이로보틱스,066430,K,분기보고서 (2024.03),20240516000128,아이로보틱스,20240516,
00692254,아이패밀리에스씨,114840,K,기업설명회(IR)개최              ,20240516900127,아이패밀리에스씨,20240516,코
01032583,강동씨앤엘,198440,K,분기보고서 (2024.03),20240516000123,강동씨앤엘,20240516,
00867849,오파스넷,173130,K,분기보고서 (2024.03),20240516000120,오파스넷,20240516,
00155212,포스코DX,022100,Y,분기보고서 (2024.03),20240516000118,포스코DX,20240516,정
00146861,자화전자,033240,Y,자기주식처분결과보고서,20240516000116,자화전자,20240516,
00111722,미래에셋증권,006800,Y,증권발행실적보고서,20240516000114,미래에셋증권,20240516,
00604028,피코그램,376180,K,분기보고서 (2024.03),20240516000113,피코그램,20240516,
00627029,DGI,099520,K,분기보고서 (2024.03),20240516000112,DGI,20240516,
00390365,토비스,051360,K,분기보고서 (2024.03),20240516000110,토비스,20240516,
00149239,조일알미늄,018470,Y,분기보고서 (2024.03),20240516000109,조일알미늄,20240516,
01791561,하나31호스팩,469900,K,분기보고서 (2024.03),20240516000108,하나31호스팩,20240516,
00526696,웨이브일렉트로,095270,K,분기보고서 (2024.03),20240516000107,웨이브일렉트로,20240516,
01064069,토박스코리아,215480,K,분기보고서 (2024.03),20240516000105,토박스코리아,20240516,
01372782,엑스게이트,356680,K,분기보고서 (2024.03),20240516000104,엑스게이트,20240516,
00535676,테크윙,089030,K,분기보고서 (2024.03),20240516000102,테크윙,20240516,
01702017,유니드비티플러스,446070,Y,분기보고서 (2024.03),20240516000101,유니드비티플러스,20240516,
01335453,조이웍스앤코,309930,K,분기보고서 (2024.03),20240516000100,조이웍스앤코,20240516,
00166528,서암기계공업,100660,K,분기보고서 (2024.03),20240516000099,서암기계공업,20240516,
00170026,시공테크,020710,K,분기보고서 (2024.03),20240516000098,시공테크,20240516,
00124027,부산산업,011390,Y,분기보고서 (2024.03),20240516000093,부산산업,20240516,
00261355,레드캡투어,038390,K,분기보고서 (2024.03),20240516000091,레드캡투어,20240516,
00231044,우리기술,032820,K,분기보고서 (2024.03),20240516000090,우리기술,20240516,
00526951,신화프리텍,095190,K,분기보고서 (2024.03),20240516000089,신화프리텍,20240516,
00385363,빅텍,065450,K,분기보고서 (2024.03),20240516000088,빅텍,20240516,
01135057,녹십자웰빙,234690,K,[기재정정]합병등종료보고서(분할),20240516000086,녹십자웰빙,20240516,정
01414422,아이비김영,339950,K,분기보고서 (2024.03),20240516000078,아이비김영,20240516,
00201131,아즈텍WB,032080,K,분기보고서 (2024.03),20240516000076,아즈텍WB,20240516,
00155276,포스코퓨처엠,003670,Y,임원ㆍ주요주주특정증권등소유상황보고서,20240516000073,정연수,20240516,
00445160,APS이노베이션,079810,K,분기보고서 (2024.03),20240516000071,APS이노베이션,20240516,
00631518,SK이노베이션,096770,Y,풍문또는보도에대한해명(미확정)              ,20240516800101,SK이노베이션,20240516,유
00167208,흥아해운,003280,Y,분기보고서 (2024.03),20240516000066,흥아해운,20240516,
00524786,비엠티,086670,K,분기보고서 (2024.03),20240516000063,비엠티,20240516,
01258710,이노메트리,302430,K,분기보고서 (2024.03),20240516000062,이노메트리,20240516,
00136624,신영와코루,005800,Y,분기보고서 (2024.03),20240516000060,신영와코루,20240516,
00260611,웰킵스하이텍,043590,K,분기보고서 (2024.03),20240516000056,웰킵스하이텍,20240516,
00532129,영림원소프트랩,060850,K,분기보고서 (2024.03),20240516000051,영림원소프트랩,20240516,
00133876,세보엠이씨,011560,K,분기보고서 (2024.03),20240516000050,세보엠이씨,20240516,
00572905,ISC,095340,K,분기보고서 (2024.03),20240516000049,ISC,20240516,
00397191,팬엔터테인먼트,068050,K,분기보고서 (2024.03),20240516000047,팬엔터테인먼트,20240516,
00109037,대성창투,027830,K,분기보고서 (2024.03),20240516000046,대성창투,20240516,
01016479,오로스테크놀로지,322310,K,기업설명회(IR)개최              ,20240516900064,오로스테크놀로지,20240516,코
00128926,삼현철강,017480,K,분기보고서 (2024.03),20240516000045,삼현철강,20240516,
01538528,에이에스텍,453860,K,분기보고서 (2024.03),20240516000044,에이에스텍,20240516,
00482426,인화정공,101930,K,분기보고서 (2024.03),20240516000043,인화정공,20240516,
00369569,비케이홀딩스,050090,K,분기보고서 (2024.03),20240516000040,비케이홀딩스,20240516,
00152039,SG글로벌,001380,Y,분기보고서 (2024.03),20240516000039,SG글로벌,20240516,
01336762,스피어,347700,K,분기보고서 (2024.03),20240516000036,스피어,20240516,
00131054,유진증권,001200,Y,증권발행실적보고서,20240516000035,유진증권,20240516,
00139685,양지사,030960,K,분기보고서 (2024.03),20240516000033,양지사,20240516,
00352499,링네트,042500,K,분기보고서 (2024.03),20240516000030,링네트,20240516,
00111689,아진전자부품,009320,Y,분기보고서 (2024.03),20240516000027,아진전자부품,20240516,
00671978,그리티,204020,K,[기재정정]분기보고서 (2024.03),20240516000020,그리티,20240516,
00126256,삼성생명,032830,Y,연결재무제표기준영업(잠정)실적(공정공시)              ,20240516800043,삼성생명,20240516,유
00104120,광진실업,026910,K,분기보고서 (2024.03),20240516000015,광진실업,20240516,
00116408,동신건설,025950,K,분기보고서 (2024.03),20240516000013,동신건설,20240516,
01199189,이랜시스,264850,K,분기보고서 (2024.03),20240516000012,이랜시스,20240516,
01693922,지슨,446840,K,[기재정정]기업인수목적회사의예치ㆍ신탁계약내용변경              ,20240516900038,지슨,20240516,코
00178754,동아지질,028100,Y,분기보고서 (2024.03),20240516000009,동아지질,20240516,
00136721,신영증권,001720,Y,[기재정정]투자설명서(일괄신고),20240516000008,신영증권,20240516,
00136721,신영증권,001720,Y,[기재정정]일괄신고추가서류(파생결합사채-주가연계파생결합사채),20240516000006,신영증권,20240516,
01693922,지슨,446840,K,기업인수목적회사의예치ㆍ신탁계약내용변경              ,20240516900026,지슨,20240516,코정
00158149,한국쉘석유,002960,Y,분기보고서 (2024.03),20240516000001,한국쉘석유,20240516,
00232007,상지건설,042940,K,[기재정정]단일판매ㆍ공급계약체결              ,20240516900005,상지건설,20240516,코정
00120182,NH투자증권,005940,Y,[기재정정]일괄신고서(파생결합증권-상장지수증권),20240514001696,NH투자증권,20240516,정
01135057,녹십자웰빙,234690,K,합병등종료보고서(분할),20240514001701,녹십자웰빙,20240516,정
01246034,다이나믹솔루션,290660,K,분기보고서 (2024.03),20240514001715,다이나믹솔루션,20240516,
00110893,대신증권,003540,Y,[기재정정]일괄신고서(기타파생결합사채),20240514001699,대신증권,20240516,정
00110893,대신증권,003540,Y,[기재정정]일괄신고서(기타파생결합증권),20240514001698,대신증권,20240516,정
01765265,동국제강,460860,Y,임원ㆍ주요주주특정증권등소유상황보고서,20240514001692,국민연금공단,20240516,
00367710,동인기연,111380,Y,[기재정정]분기보고서 (2024.03),20240514001708,동인기연,20240516,
00415646,드림텍,192650,Y,분기보고서 (2024.03),20240514001706,드림텍,20240516,
01397620,루닛,328130,K,임원ㆍ주요주주특정증권등소유상황보고서,20240514001690,옥찬영,20240516,
00128607,삼천리자전거,024950,K,[기재정정]분기보고서 (2024.03),20240514001688,삼천리자전거,20240516,
00670340,씨에스윈드,112610,Y,임원ㆍ주요주주특정증권등소유상황보고서,20240514001697,국민연금공단,20240516,
01513699,포바이포,389140,K,[기재정정]분기보고서 (2024.03),20240514001704,포바이포,20240516,
