KOSPI_종가,KOSPI_등락률,KOSDAQ_종가,KOSDAQ_등락률,USD_KRW_환율
6307.27,3.66999999999999,1188.15,1.97,1439.989990234375
