KOSPI_종가,KOSPI_등락률,KOSDAQ_종가,KOSDAQ_등락률,USD_KRW_환율
7981.41,1.7500000000000002,1191.09,1.2,1492.989990234375
