KOSPI_종가,KOSPI_등락률,KOSDAQ_종가,KOSDAQ_등락률,USD_KRW_환율
5532.59,5.35,1137.68,3.2099999999999995,1483.8900146484375
