KOSPI_종가,KOSPI_등락률,KOSDAQ_종가,KOSDAQ_등락률,USD_KRW_환율
7763.95,0.43,996.93,4.75999999999999,1525.81005859375
