KOSPI_종가,KOSPI_등락률,KOSDAQ_종가,KOSDAQ_등락률,USD_KRW_환율
9052.42,-0.13,966.59,-3.4299999999999997,1525.4200439453125
