KOSPI_종가,KOSPI_등락률,KOSDAQ_종가,KOSDAQ_등락률,USD_KRW_환율
4909.93,0.49,951.29,-2.56999999999999,1471.52001953125
