KOSPI_종가,KOSPI_등락률,KOSDAQ_종가,KOSDAQ_등락률,USD_KRW_환율
7484.41,-8.28999999999999,911.39,-9.08,1554.47998046875
