KOSPI_종가,KOSPI_등락률,KOSDAQ_종가,KOSDAQ_등락률,USD_KRW_환율
4840.74,0.8999999999999999,954.59,0.36,1462.9000244140625
