KOSPI_종가,KOSPI_등락률,KOSDAQ_종가,KOSDAQ_등락률,USD_KRW_환율
4552.37,0.03,944.06,-0.34999999999999,1444.9599609375
