KOSPI_종가,KOSPI_등락률,KOSDAQ_종가,KOSDAQ_등락률,USD_KRW_환율
5460.46,-3.2199999999999998,1136.64,-1.9799999999999902,1497.31005859375
