티커,Name,Market,Sector,Industry,종가,거래량,거래대금,등락률,공매도거래대금,공매도비중,개인_순매수량,개인_순매수대금,외국인_순매수량,외국인_순매수대금,기관합계_순매수량,기관합계_순매수대금,금융투자_순매수량,금융투자_순매수대금,보험_순매수량,보험_순매수대금,투신_순매수량,투신_순매수대금,은행_순매수량,은행_순매수대금,연기금_순매수량,연기금_순매수대금,사모_순매수량,사모_순매수대금,기타법인_순매수량,기타법인_순매수대금,기타외국인_순매수량,기타외국인_순매수대금
095570,AJ네트웍스,유가,산업용 기계 및 장비 임대업,"렌탈(파렛트, OA장비, 건설장비)",4165.0,128211.0,536692391.0,0.11999999731779099,859990.0,0.1599999964237213,18199.0,75785686.0,-18297.0,-76103715.0,11018.0,46281634.0,-124.0,-516565.0,-1293.0,-5397857.0,-573.0,-2392609.0,0.0,0.0,0.0,0.0,13008.0,54588665.0,-10920.0,-45963605.0,0.0,0.0
006840,AK홀딩스,유가,기타 금융업,지주사업,7270.0,11843.0,86497045.0,-1.090000033378601,225690.0,0.25999999046325684,1915.0,13974685.0,-3268.0,-23829035.0,1353.0,9854350.0,1353.0,9854350.0,0.0,0.0,0.0,0.0,0.0,0.0,0.0,0.0,0.0,0.0,0.0,0.0,0.0,0.0
027410,BGF,유가,기타 금융업,지주회사,4010.0,80714.0,320740930.0,1.649999976158142,8725185.0,2.7200000286102295,-14867.0,-58816960.0,19026.0,75390510.0,-4159.0,-16573550.0,-1250.0,-5003685.0,-1667.0,-6635600.0,-682.0,-2714605.0,-579.0,-2294985.0,0.0,0.0,19.0,75325.0,0.0,0.0,0.0,0.0
282330,BGF리테일,유가,종합 소매업,체인화 편의점,122300.0,103223.0,12727915800.0,-2.390000104904175,1578976500.0,12.210000038146973,5017.0,616372100.0,31997.0,3940790600.0,-37122.0,-4570507300.0,-2639.0,-326636050.0,-12989.0,-1587392350.0,-6188.0,-764620750.0,0.0,0.0,-13378.0,-1653407500.0,-1928.0,-238450650.0,103.0,12726600.0,5.0,618000.0
138930,BNK금융지주,유가,기타 금융업,금융지주회사,14940.0,1275743.0,19198465890.0,-1.1299999952316284,2029811810.0,9.109999656677246,318331.0,4784629920.0,-272761.0,-4098098990.0,-45001.0,-677771660.0,19261.0,294356440.0,-19208.0,-289189720.0,-36005.0,-542294420.0,0.0,0.0,-106622.0,-1603888945.0,-87427.0,-1318287465.0,-570.0,-8774270.0,1.0,15000.0
001460,BYC,유가,봉제의복 제조업,"메리야스,란제리 제조,도매/건축공사/부동산 임대,분양,공급",35300.0,9891.0,346491050.0,0.8600000143051147,492850.0,0.11999999731779099,-1691.0,-58917950.0,1072.0,36485600.0,352.0,13048900.0,-61.0,-1543500.0,245.0,8656200.0,168.0,5936200.0,0.0,0.0,0.0,0.0,0.0,0.0,270.0,9489350.0,-3.0,-105900.0
001465,BYC우,KOSPI,기타/미분류,기타/미분류,23950.0,241.0,5841550.0,0.6299999952316284,0.0,0.0,17.0,407550.0,-16.0,-383950.0,-1.0,-23600.0,-1.0,-23600.0,0.0,0.0,0.0,0.0,0.0,0.0,0.0,0.0,0.0,0.0,0.0,0.0,0.0,0.0
001040,CJ,유가,기타 금융업,지주회사,137800.0,138862.0,19007536200.0,4.389999866485596,270867900.0,1.2400000095367432,-11506.0,-1575782850.0,24975.0,3398456150.0,-13001.0,-1758750200.0,-15527.0,-2125733600.0,8391.0,1152238000.0,9138.0,1259386650.0,129.0,17585200.0,-9699.0,-1322673550.0,-5403.0,-735473500.0,-402.0,-54858200.0,-66.0,-9064900.0
079160,CJ CGV,유가,"영화, 비디오물, 방송프로그램 제작 및 배급업","영화상영,영화관 운영",5140.0,375772.0,1941050710.0,-0.9599999785423279,412854445.0,21.270000457763672,37365.0,188677275.0,-26196.0,-131510320.0,-12379.0,-63389905.0,-12411.0,-63558340.0,-17.0,-86870.0,16.0,82160.0,0.0,0.0,0.0,0.0,33.0,173145.0,1105.0,5687600.0,105.0,535350.0
00104K,CJ4우(전환),KOSPI,기타/미분류,기타/미분류,128100.0,10087.0,1303801050.0,0.8700000047683716,17316900.0,1.3300000429153442,1693.0,220566700.0,-1969.0,-257300200.0,276.0,36733500.0,280.0,37251650.0,-4.0,-518150.0,0.0,0.0,0.0,0.0,0.0,0.0,0.0,0.0,0.0,0.0,0.0,0.0
000120,CJ대한통운,유가,도로 화물 운송업,"Contract Logistics, 포워딩, 항만하역, 해운, 택배국제특송, SCM Consulting",76900.0,58896.0,4535518300.0,1.1799999475479126,555698100.0,10.100000381469727,-12046.0,-931872800.0,-4444.0,-341857300.0,16539.0,1277534800.0,-3300.0,-254661500.0,-39.0,-2946300.0,10901.0,842962450.0,0.0,0.0,4462.0,343047150.0,4514.0,349055300.0,-3.0,-233700.0,-46.0,-3571000.0
011150,CJ씨푸드,유가,기타 식품 제조업,"수산물(어묵,맛살)가공품 도매,원양수산업,수출입",2005.0,45308.0,91247653.0,0.25,552700.0,0.6100000143051147,8171.0,16349818.0,-8147.0,-16301698.0,-24.0,-48120.0,-24.0,-48120.0,0.0,0.0,0.0,0.0,0.0,0.0,0.0,0.0,0.0,0.0,0.0,0.0,0.0,0.0
011155,CJ씨푸드1우,KOSPI,기타/미분류,기타/미분류,7370.0,7791.0,59097550.0,-1.4700000286102295,22440.0,0.03999999910593033,11.0,92120.0,-3.0,-22440.0,-10.0,-84800.0,-10.0,-84800.0,0.0,0.0,0.0,0.0,0.0,0.0,0.0,0.0,0.0,0.0,0.0,0.0,2.0,15120.0
001045,CJ우,KOSPI,기타/미분류,기타/미분류,70200.0,2895.0,201061200.0,3.8499999046325684,1367300.0,0.6800000071525574,-1233.0,-85423800.0,1236.0,85678800.0,-3.0,-255000.0,-3.0,-255000.0,0.0,0.0,0.0,0.0,0.0,0.0,0.0,0.0,0.0,0.0,0.0,0.0,0.0,0.0
097950,CJ제일제당,유가,기타 식품 제조업,"설탕,소맥분,조미식품,육가공식품(돈육,돼지비계,돼지식용설육),대두가공식품,사료,의약품,생활화학제품 제조,도매,무역/통신판매",197500.0,57646.0,11430562500.0,1.2300000190734863,366280600.0,2.7100000381469727,-8974.0,-1787264650.0,-13715.0,-2724767950.0,22580.0,4490421700.0,-3200.0,-634558200.0,450.0,89621500.0,5911.0,1175743200.0,0.0,0.0,13584.0,2700008200.0,5834.0,1159407200.0,102.0,20249100.0,7.0,1361800.0
097955,CJ제일제당 우,KOSPI,기타/미분류,기타/미분류,126300.0,4781.0,603412250.0,0.7200000286102295,23081200.0,3.8299999237060547,-1368.0,-172743100.0,1324.0,167228850.0,44.0,5514250.0,43.0,5388550.0,0.0,0.0,0.0,0.0,0.0,0.0,0.0,0.0,0.0,0.0,0.0,0.0,0.0,0.0
000480,시알홀딩스,유가,"내화, 비내화 요업제품 제조업","내화연와(정형,부정형,S/N,CCN),단열벽돌,스라이딩노즐,연주용 특수내화물 제조",4615.0,14458.0,66718290.0,0.0,626765.0,0.9399999976158142,2215.0,10128530.0,-235.0,-1028320.0,-1980.0,-9100210.0,-147.0,-678235.0,-1314.0,-6037235.0,-519.0,-2384740.0,0.0,0.0,0.0,0.0,0.0,0.0,0.0,0.0,0.0,0.0
000480,시알홀딩스,유가,"내화, 비내화 요업제품 제조업","내화연와(정형,부정형,S/N,CCN),단열벽돌,스라이딩노즐,연주용 특수내화물 제조",4615.0,14458.0,66718290.0,0.0,626765.0,0.9399999976158142,2215.0,10128530.0,-235.0,-1028320.0,-1980.0,-9100210.0,-147.0,-678235.0,-1314.0,-6037235.0,-519.0,-2384740.0,0.0,0.0,0.0,0.0,0.0,0.0,0.0,0.0,0.0,0.0
000590,CS홀딩스,유가,기타 금융업,"브랜드 수익, 자회사 배당",66200.0,772.0,50697200.0,0.9100000262260437,66200.0,0.12999999523162842,-134.0,-8800400.0,85.0,5563200.0,49.0,3237200.0,49.0,3237200.0,0.0,0.0,0.0,0.0,0.0,0.0,0.0,0.0,0.0,0.0,0.0,0.0,0.0,0.0
012030,DB,유가,"컴퓨터 프로그래밍, 시스템 통합 및 관리업","컴퓨터 프로그래밍, 시스템 통합 및 관리",1487.0,608922.0,916212420.0,2.9800000190734863,23268723.0,2.5399999618530273,28410.0,41017486.0,-31791.0,-46063647.0,3381.0,5046161.0,-696.0,-1042122.0,0.0,0.0,839.0,1255100.0,0.0,0.0,0.0,0.0,3238.0,4833183.0,0.0,0.0,0.0,0.0
005830,DB손해보험,유가,보험업,"자동차보험,화재보험,해상보험,특종보험,장기보험",155600.0,196176.0,30644535800.0,0.5199999809265137,2269798800.0,7.170000076293945,-3414.0,-545728450.0,35225.0,5464567650.0,-33838.0,-5233307400.0,34950.0,5489725100.0,-13145.0,-2051696950.0,-8277.0,-1294154250.0,0.0,0.0,-45995.0,-7164139700.0,-1371.0,-213041600.0,2017.0,312888100.0,10.0,1580100.0
016610,DB증권,유가,금융 지원 서비스업,"유가증권,위탁매매,인수,자기매매",9140.0,51029.0,468792890.0,2.240000009536743,18032610.0,3.3299999237060547,1435.0,13310110.0,961.0,8555730.0,-971.0,-8888560.0,-1079.0,-9877060.0,-5.0,-45660.0,113.0,1034160.0,0.0,0.0,0.0,0.0,0.0,0.0,-1425.0,-12977280.0,0.0,0.0
000990,DB하이텍,유가,반도체 제조업,반도체 제조,90000.0,655375.0,59738027900.0,5.880000114440918,8308080800.0,8.920000076293945,168475.0,15413117300.0,-200348.0,-18345047150.0,29974.0,2756660650.0,10214.0,917133850.0,972.0,91680150.0,3614.0,359596350.0,66.0,6177300.0,11241.0,1029665900.0,3440.0,312260500.0,1423.0,131222200.0,476.0,44047000.0
000300,DH오토넥스,유가,자동차 신품 부품 제조업,자동차부품제조,4200.0,0.0,0.0,0.0,0.0,0.0,0.0,0.0,0.0,0.0,0.0,0.0,0.0,0.0,0.0,0.0,0.0,0.0,0.0,0.0,0.0,0.0,0.0,0.0,0.0,0.0,0.0,0.0
001530,디아이동일,유가,상품 중개업,"면사,화섬사,면포,혼방포,스포츠웨어용 신합섬 제조,도매,수출",24350.0,15240.0,373613850.0,0.0,33063625.0,6.650000095367432,-1595.0,-39824775.0,1763.0,44150725.0,725.0,17980200.0,-180.0,-4465150.0,0.0,0.0,57.0,1386000.0,0.0,0.0,848.0,21059350.0,0.0,0.0,-894.0,-22331100.0,1.0,24950.0
015590,DKME,유가,일반 목적용 기계 제조업,"열교환기,압력용기,저장탱크,산업용보일러 제조",1686.0,54909.0,91932080.0,-0.11999999731779099,7833163.0,8.520000457763672,13838.0,23157838.0,-13837.0,-23156152.0,-1.0,-1686.0,-1.0,-1686.0,0.0,0.0,0.0,0.0,0.0,0.0,0.0,0.0,0.0,0.0,0.0,0.0,0.0,0.0
000210,DL,유가,기초 화학물질 제조업,지주회사,51200.0,104450.0,5380743450.0,-1.350000023841858,397256100.0,6.570000171661377,-11179.0,-576988350.0,-23570.0,-1213753950.0,34749.0,1790785100.0,6886.0,355766650.0,-11.0,-409950.0,26808.0,1380360450.0,0.0,0.0,461.0,23038800.0,605.0,32029050.0,-4.0,-247400.0,4.0,204600.0
000215,DL우,KOSPI,기타/미분류,기타/미분류,22900.0,711.0,16320700.0,-0.6499999761581421,0.0,0.0,110.0,2543250.0,-161.0,-3723550.0,51.0,1180300.0,0.0,17500.0,0.0,0.0,51.0,1162800.0,0.0,0.0,0.0,0.0,0.0,0.0,0.0,0.0,0.0,0.0
375500,DL이앤씨,유가,토목 건설업,토목 건설 사업,70900.0,462885.0,32255474650.0,7.420000076293945,1431426000.0,4.440000057220459,-144015.0,-10111407950.0,54679.0,3840047450.0,90716.0,6367926900.0,35082.0,2457523100.0,-31.0,-1943300.0,23659.0,1669667550.0,0.0,0.0,24812.0,1735432650.0,7194.0,507246900.0,-738.0,-51829900.0,-642.0,-44736500.0
37550L,DL이앤씨2우(전환),KOSPI,기타/미분류,기타/미분류,46950.0,5980.0,274112000.0,6.949999809265137,0.0,0.0,-4054.0,-185850000.0,454.0,19862100.0,3600.0,165987900.0,3600.0,165987900.0,0.0,0.0,0.0,0.0,0.0,0.0,0.0,0.0,0.0,0.0,0.0,0.0,0.0,0.0
37550K,DL이앤씨우,KOSPI,기타/미분류,기타/미분류,24000.0,4935.0,118034300.0,1.2699999809265137,0.0,0.0,-774.0,-18494250.0,773.0,18470400.0,1.0,23850.0,1.0,23850.0,0.0,0.0,0.0,0.0,0.0,0.0,0.0,0.0,0.0,0.0,0.0,0.0,0.0,0.0
007340,DN오토모티브,유가,일차전지 및 이차전지 제조업,자동차용 밧데리,46400.0,171370.0,7837816600.0,8.279999732971191,1739931325.0,16.729999542236328,-40694.0,-1861496475.0,13463.0,610562800.0,27397.0,1258551675.0,277.0,14990200.0,-440.0,-20122225.0,13133.0,602461750.0,0.0,0.0,2905.0,132635175.0,11522.0,528586775.0,-317.0,-14538550.0,151.0,6920550.0
004840,DRB동일,유가,고무제품 제조업,"고무벨트(V벨트,콘베이어벨트,평벨트),프라스틱제품 제조,판매",4385.0,124087.0,546186900.0,0.0,274680.0,0.05000000074505806,114053.0,501702125.0,-14368.0,-64596325.0,-99662.0,-437002140.0,338.0,1497860.0,0.0,0.0,0.0,0.0,0.0,0.0,0.0,0.0,0.0,0.0,-23.0,-103660.0,0.0,0.0
155660,DSR,유가,1차 비철금속 제조업,합섬섬유로프,4565.0,21106.0,95213092.0,2.009999990463257,474855.0,0.5,-1918.0,-8479357.0,310.0,1179402.0,-229.0,-999370.0,-229.0,-999370.0,0.0,0.0,0.0,0.0,0.0,0.0,0.0,0.0,0.0,0.0,1837.0,8299325.0,0.0,0.0
069730,DSR제강,유가,1차 철강 제조업,"와이어로프,각종 경강선,철선제품,PC강선,아연도 강연선 제조",5680.0,79804.0,450053350.0,3.4600000381469727,290980.0,0.05999999865889549,2594.0,15700160.0,-4586.0,-26919980.0,-8.0,-27290.0,-8.0,-27290.0,0.0,0.0,0.0,0.0,0.0,0.0,0.0,0.0,0.0,0.0,2000.0,11247110.0,0.0,0.0
069730,DSR제강,유가,1차 철강 제조업,"와이어로프,각종 경강선,철선제품,PC강선,아연도 강연선 제조",5680.0,79804.0,450053350.0,3.4600000381469727,290980.0,0.05999999865889549,2594.0,15700160.0,-4586.0,-26919980.0,-8.0,-27290.0,-8.0,-27290.0,0.0,0.0,0.0,0.0,0.0,0.0,0.0,0.0,0.0,0.0,2000.0,11247110.0,0.0,0.0
017860,DS단석,유가,기타 화학제품 제조업,바이오에너지,11440.0,78617.0,902244260.0,1.7799999713897705,58469060.0,6.480000019073486,16884.0,194251425.0,-17614.0,-202571695.0,673.0,7659710.0,-369.0,-4246880.0,701.0,8008670.0,338.0,3863420.0,0.0,0.0,0.0,0.0,3.0,34500.0,50.0,579840.0,7.0,80720.0
092780,DYP,유가,자동차용 엔진 및 자동차 제조업,자동차엔진용 피스톤,3275.0,8448.0,27673055.0,3.309999942779541,228130.0,0.8199999928474426,582.0,1887505.0,-952.0,-3136285.0,372.0,1255690.0,372.0,1255690.0,0.0,0.0,0.0,0.0,0.0,0.0,0.0,0.0,0.0,0.0,-2.0,-6910.0,0.0,0.0
017940,E1,유가,기타 전문 도매업,"LPG(프로판,부탄가스),가스기기판매",84200.0,3439.0,290315800.0,0.36000001430511475,10856700.0,3.0399999618530273,950.0,80243100.0,-371.0,-31538700.0,-584.0,-49123900.0,-4.0,-258900.0,-160.0,-13422500.0,-132.0,-11073000.0,-43.0,-3630300.0,-246.0,-20823300.0,1.0,84100.0,5.0,419500.0,0.0,0.0
365550,ESR켄달스퀘어리츠,유가,부동산 임대 및 공급업,부동산투자,3210.0,212538.0,681787808.0,0.4699999988079071,223767415.0,32.81999969482422,17559.0,56166495.0,-31267.0,-100053626.0,7171.0,22953556.0,59866.0,192035005.0,0.0,0.0,-7999.0,-25639662.0,0.0,0.0,-37583.0,-120635747.0,-7113.0,-22806040.0,3537.0,11333575.0,3000.0,9600000.0
383220,F&F,유가,봉제의복 제조업,"MLB, MLB KIDS, DISCOVERY 등 패션의류제품",65000.0,155070.0,10082208750.0,2.690000057220459,1172342100.0,8.989999771118164,-8106.0,-531034750.0,23140.0,1505061550.0,-15101.0,-978513800.0,4356.0,271265750.0,-17883.0,-1162756850.0,-5412.0,-354813450.0,0.0,0.0,-5459.0,-336062850.0,9275.0,602454400.0,38.0,2594300.0,29.0,1892700.0
007700,F&F 홀딩스,유가,기타 금융업,지주회사,14250.0,13209.0,188210930.0,-0.41999998688697815,4071780.0,1.840000033378601,3877.0,54824710.0,-4358.0,-61701580.0,326.0,4694080.0,1077.0,15330950.0,-446.0,-6318090.0,-313.0,-4434160.0,0.0,0.0,0.0,0.0,8.0,115380.0,-94.0,-1346800.0,249.0,3529590.0
114090,GKL,유가,유원지 및 기타 오락관련 서비스업,카지노,9270.0,147592.0,1382981510.0,-0.9599999785423279,142414810.0,8.399999618530273,51641.0,482648530.0,-61315.0,-573113800.0,9225.0,86217710.0,-12156.0,-113853110.0,241.0,2077300.0,21127.0,197870300.0,0.0,0.0,0.0,0.0,13.0,123220.0,455.0,4304400.0,-6.0,-56840.0
078930,GS,유가,기타 금융업,지주회사/부동산 임대,95000.0,532973.0,51398984600.0,-1.9600000381469727,4098328900.0,7.110000133514404,14450.0,1477982000.0,-92219.0,-9026322050.0,81427.0,7898436700.0,8267.0,822531000.0,2080.0,204134700.0,10325.0,1021509000.0,-116.0,-11188000.0,12602.0,1223270450.0,48269.0,4638179550.0,-3550.0,-339895550.0,-108.0,-10201100.0
006360,GS건설,유가,건물 건설업,"토목공사,건축공사,주택공사,산업플랜트공사,리모델링공사,시설물유지관리공사/산업설비설계,감리 용역,수출입/에너지관리 진단,연구개발",31150.0,4588128.0,143143568400.0,8.350000381469727,4378173350.0,3.059999942779541,-599204.0,-19028408600.0,281565.0,8989674025.0,318499.0,10077578375.0,-58697.0,-1824021550.0,8741.0,272242750.0,-9402.0,-283270325.0,0.0,0.0,296054.0,9340539650.0,79625.0,2504154100.0,-373.0,-21808400.0,-487.0,-17035400.0
001250,GS글로벌,유가,상품 종합 도매업,"수출입업(시멘트,철강금속,전기전자,섬유,기계화학),상품중개,광업,채석업/하수처리 서비스/부동산 임대",2800.0,807684.0,2258223734.0,6.260000228881836,76611750.0,3.390000104904175,-110460.0,-309095390.0,94165.0,263139249.0,9454.0,26560636.0,-129.0,-361200.0,3077.0,8623264.0,1807.0,5067092.0,0.0,0.0,4699.0,13231480.0,0.0,0.0,3190.0,9097085.0,3651.0,10298420.0
007070,GS리테일,유가,종합 소매업,"체인화 편의점,슈퍼마켓,마트,전자상거래/부동산(빌딩) 임대",24800.0,238369.0,5937497650.0,-1.0,492686650.0,7.739999771118164,-4666.0,-117739275.0,99193.0,2465204975.0,-94565.0,-2348397150.0,-1845.0,-45421975.0,-3530.0,-87407825.0,-9978.0,-248199800.0,0.0,0.0,-71921.0,-1787139425.0,-7291.0,-180228125.0,7.0,157000.0,31.0,774450.0
078935,GS우,KOSPI,기타/미분류,기타/미분류,58200.0,6295.0,365796600.0,-0.3400000035762787,0.0,0.0,3060.0,177688000.0,-1433.0,-83478500.0,56.0,3242500.0,0.0,100.0,0.0,0.0,56.0,3242400.0,0.0,0.0,0.0,0.0,0.0,0.0,-1687.0,-97684800.0,4.0,232800.0
499790,GS피앤엘,유가,기타 금융업,지주회사,44500.0,274471.0,12248911825.0,10.5600004196167,641325925.0,3.869999885559082,-48084.0,-2167870175.0,33094.0,1498344250.0,4292.0,190583075.0,-4837.0,-221420175.0,-9912.0,-441803425.0,8699.0,388398900.0,0.0,0.0,-6886.0,-302777075.0,17228.0,768184850.0,9093.0,408520750.0,1605.0,70422100.0
012630,HDC,유가,기타 금융업,지주회사,22200.0,80893.0,1756118375.0,5.710000038146973,563615900.0,27.719999313354492,2076.0,42199225.0,-2694.0,-56442000.0,1901.0,41867025.0,1316.0,29000800.0,-433.0,-9440600.0,-5274.0,-114089450.0,0.0,0.0,0.0,0.0,6292.0,136396275.0,-1283.0,-27624250.0,0.0,0.0
039570,HDC랩스,유가,전기 및 통신 공사업,"기계설비공사, 스마트홈, 지능형 빌딩, SOC, 인테리어, 조경, 시설관리",7510.0,10417.0,78219000.0,1.0800000429153442,585840.0,0.75,2209.0,16585570.0,-867.0,-6507790.0,-1302.0,-9776980.0,311.0,2319850.0,-984.0,-7378850.0,-629.0,-4717980.0,0.0,0.0,0.0,0.0,0.0,0.0,-40.0,-300800.0,0.0,0.0
089470,HDC현대EP,유가,기타 화학제품 제조업,"합성수지(PP컴파운딩가공,자동차범퍼,내장제) 제조,도소매",4150.0,538455.0,2210392316.0,0.0,26242806.0,1.190000057220459,12535.0,58497284.0,2488.0,3663317.0,-15130.0,-62574626.0,-16306.0,-67376701.0,1176.0,4802075.0,0.0,0.0,0.0,0.0,0.0,0.0,0.0,0.0,107.0,414025.0,0.0,0.0
267270,HD건설기계,유가,특수 목적용 기계 제조업,"굴삭기, 지게차, 휠로더 등",141900.0,476031.0,65915463400.0,11.640000343322754,2148236900.0,2.440000057220459,-56582.0,-7950698000.0,-60623.0,-8523497900.0,115944.0,16307663750.0,2514.0,374783400.0,10698.0,1487443700.0,70792.0,9864656050.0,326.0,45729700.0,28337.0,4031075600.0,2873.0,446225800.0,782.0,99990050.0,479.0,66542100.0
009540,HD한국조선해양,유가,기타 금융업,"선박,해양구조물,엔진,펌프 전동기,중전기,중장비 제조/자동창고,물류시스템",396000.0,183602.0,72103471750.0,5.880000114440918,11505898500.0,13.399999618530273,-14947.0,-5946637000.0,-23897.0,-9425740250.0,39706.0,15710770750.0,14237.0,5602396500.0,1085.0,432279750.0,13855.0,5501360750.0,20.0,7869750.0,2198.0,866332750.0,7698.0,3056938750.0,-646.0,-252739500.0,-216.0,-85654000.0
267250,HD현대,유가,기타 금융업,지주회사,219000.0,137389.0,29695130000.0,5.039999961853027,1018987500.0,3.009999990463257,-1562.0,-365129500.0,-18430.0,-3948745750.0,19356.0,4179834250.0,7132.0,1532887750.0,-396.0,-83799750.0,1609.0,348335500.0,4.0,880500.0,8485.0,1834701500.0,2325.0,504403500.0,489.0,103211500.0,147.0,30829500.0
443060,HD현대마린솔루션,유가,"건축기술, 엔지니어링 및 관련 기술 서비스업","AM(After Market) 솔루션, 친환경 Retrofit, 디지털 제어",193100.0,86147.0,16636442550.0,4.429999828338623,1267841500.0,6.739999771118164,-5781.0,-1126564550.0,1494.0,282185500.0,3984.0,785034450.0,3859.0,751381450.0,-3519.0,-679912800.0,-1629.0,-315083350.0,0.0,0.0,3473.0,678486600.0,1800.0,350162550.0,200.0,39098000.0,103.0,20246600.0
071970,HD현대마린엔진,유가,일반 목적용 기계 제조업,"조선기자재, 기계부품",59200.0,314369.0,18235209450.0,12.550000190734863,620972050.0,2.25,-68892.0,-4001167800.0,233.0,-51880900.0,71421.0,4216413200.0,2434.0,137698450.0,30855.0,1827975700.0,17257.0,1022374850.0,0.0,0.0,16063.0,950541350.0,4812.0,277822850.0,-2863.0,-169464350.0,101.0,6099850.0
322000,HD현대에너지솔루션,유가,반도체 제조업,"태양광 셀·모듈, PV시스템, ESS",135900.0,422972.0,57216992150.0,5.349999904632568,540069600.0,0.9399999976158142,8091.0,1016601300.0,11037.0,1414914650.0,-19117.0,-2429120300.0,-5076.0,-649946750.0,2845.0,395349950.0,-4090.0,-533461500.0,-516.0,-68644500.0,11997.0,1653507850.0,-24277.0,-3225925350.0,-540.0,-72666100.0,529.0,70270450.0
267260,HD현대일렉트릭,유가,"전동기, 발전기 및 전기 변환 · 공급 · 제어 장치 제조업","변압기, 고압차단기, 회전기, 배전반 등",772000.0,164443.0,125960933500.0,7.820000171661377,14299195500.0,9.579999923706055,-4212.0,-3234196000.0,16207.0,12403732000.0,-11194.0,-8561821500.0,-12804.0,-9788905000.0,-88.0,-66640000.0,3493.0,2678449500.0,0.0,0.0,-2632.0,-2025438000.0,816.0,624684500.0,-871.0,-661263000.0,70.0,53548500.0
329180,HD현대중공업,유가,선박 및 보트 건조업,"선박, 해양플랜트 및 엔진기계 등",509000.0,261380.0,131856349750.0,5.380000114440918,54959041250.0,35.75,9306.0,4654166500.0,-16160.0,-8126333000.0,6424.0,3258825000.0,-11631.0,-5919606000.0,387.0,198328750.0,12985.0,6603691000.0,19.0,9602000.0,1065.0,556410500.0,3457.0,1738243250.0,388.0,192033000.0,42.0,21308500.0
097230,HJ중공업,유가,토목 건설업,"선박건조,기계플랜트 제조/토목공사,건축공사,조경공사,전기공사,가스공사,준설공사,기계설비공사",17200.0,394464.0,6817471395.0,3.799999952316284,361452860.0,5.300000190734863,-52533.0,-905356780.0,57718.0,995439350.0,-2291.0,-39999710.0,-421.0,-7668980.0,-92.0,-1575610.0,92.0,1557650.0,0.0,0.0,-8.0,-138220.0,-1862.0,-32174550.0,-3200.0,-55336550.0,306.0,5253690.0
014790,HL D&I,유가,토목 건설업,"토목,건축,전기,환경사업,준설공사,포장공사,주택,중기임대",2470.0,65084.0,162636380.0,0.6100000143051147,210690.0,0.12999999523162842,10926.0,27178480.0,-2098.0,-5180370.0,1172.0,2870570.0,1172.0,2870570.0,0.0,0.0,0.0,0.0,0.0,0.0,0.0,0.0,0.0,0.0,-10000.0,-24868680.0,0.0,0.0
003580,HLB글로벌,유가,종합 소매업,"미디어커머스(카밈, 스파알), 식음료(콤부차, 잼시럽), 화장품(퍼플리쉬, 엘리샤코이) 등",1446.0,195467.0,279959879.0,4.630000114440918,147055.0,0.05000000074505806,-22639.0,-32244913.0,25567.0,35789118.0,-2924.0,-3538510.0,-2924.0,-3538510.0,0.0,0.0,0.0,0.0,0.0,0.0,0.0,0.0,0.0,0.0,0.0,0.0,-4.0,-5695.0
204320,HL만도,유가,자동차 신품 부품 제조업,"제동장치, 조향장치, 현가장치",50600.0,823523.0,41521748425.0,3.7899999618530273,6856617550.0,16.510000228881836,-156578.0,-7953678025.0,147825.0,7473622775.0,15994.0,838452950.0,3467.0,179067250.0,1432.0,72508100.0,29813.0,1515645850.0,0.0,0.0,41991.0,2129457950.0,-60709.0,-3058225600.0,-7153.0,-353706900.0,-88.0,-4690800.0
060980,HL홀딩스,유가,기타 금융업,지주회사 및 경영컨설팅 서비스업,39150.0,8651.0,337163575.0,1.8200000524520874,44670300.0,9.720000267028809,275.0,10656325.0,-1155.0,-45158425.0,888.0,34812500.0,1376.0,53761100.0,-389.0,-15108575.0,-159.0,-6174625.0,0.0,0.0,58.0,2256750.0,2.0,77850.0,-8.0,-310400.0,0.0,0.0
011200,HMM,유가,해상 운송업,"정기,부정기,전용선,콘테이너선,자동차선,LNG선 해운",21100.0,1195460.0,25258456500.0,-0.4699999988079071,3163271050.0,8.479999542236328,95200.0,1973945050.0,146939.0,3104406775.0,-241707.0,-5068333650.0,-24972.0,-520712050.0,-9418.0,-198203325.0,-70738.0,-1488331075.0,0.0,0.0,-140257.0,-2939526550.0,4501.0,95906325.0,-1252.0,-27367000.0,820.0,17348825.0
035000,HS애드,유가,광고업,광고,6560.0,59461.0,388759440.0,0.0,2577530.0,0.6600000262260437,-5897.0,-37962860.0,5224.0,33786340.0,-2966.0,-19588400.0,-1731.0,-11495610.0,0.0,0.0,-1219.0,-7987860.0,0.0,0.0,0.0,0.0,-16.0,-104930.0,3639.0,23764920.0,0.0,0.0
002460,HS화성,유가,건물 건설업,아파트 건설,11550.0,13417.0,153441215.0,1.3200000524520874,600430.0,0.38999998569488525,4004.0,45645075.0,-1151.0,-13196985.0,-3453.0,-39301420.0,-3453.0,-39301420.0,0.0,0.0,0.0,0.0,0.0,0.0,0.0,0.0,0.0,0.0,600.0,6853330.0,0.0,0.0
487570,HS효성,유가,기타 금융업,지주사업,44850.0,8639.0,387643800.0,3.3399999141693115,14261150.0,3.680000066757202,-1230.0,-55131250.0,1045.0,46790900.0,-191.0,-8520250.0,-69.0,-3068300.0,-85.0,-3798550.0,-37.0,-1653400.0,0.0,0.0,0.0,0.0,0.0,0.0,376.0,16860600.0,0.0,0.0
298050,HS효성첨단소재,유가,화학섬유 제조업,PET타이어코드,175400.0,23832.0,4142803150.0,6.429999828338623,247869800.0,4.71999979019165,-5565.0,-968353500.0,239.0,37774450.0,5337.0,932505050.0,-133.0,-22459950.0,29.0,5077100.0,154.0,26904900.0,0.0,0.0,5262.0,918627400.0,25.0,4355600.0,-3.0,-526900.0,-8.0,-1399100.0
015360,INVENI,유가,회사 본부 및 경영 컨설팅 서비스업,지주사업,14040.0,22908.0,324356520.0,0.07000000029802322,1900140.0,0.47999998927116394,2128.0,29527615.0,-2850.0,-39746515.0,714.0,10105880.0,205.0,2932960.0,384.0,5410410.0,233.0,3283450.0,0.0,0.0,0.0,0.0,-108.0,-1520940.0,1.0,14040.0,7.0,98980.0
294870,IPARK현대산업개발,유가,건물 건설업,"외주주택, 자체공사, 일반건축, 토목 등",21700.0,261923.0,5706998950.0,2.119999885559082,861247700.0,12.640000343322754,-127643.0,-2786279675.0,103321.0,2257459100.0,17129.0,372801525.0,-4798.0,-104936600.0,-2441.0,-53138550.0,1150.0,25193075.0,0.0,0.0,23529.0,512449700.0,-311.0,-6766100.0,7193.0,156019050.0,0.0,0.0
175330,JB금융지주,유가,기타 금융업,금융지주 회사,27800.0,232503.0,6431986525.0,2.7699999809265137,809237650.0,10.670000076293945,-20617.0,-575796575.0,31377.0,866535850.0,-17573.0,-479112875.0,-12056.0,-328728750.0,-1136.0,-31187775.0,-4041.0,-111472225.0,0.0,0.0,199.0,7139650.0,-539.0,-14863675.0,6812.0,188345900.0,1.0,27700.0
234080,JW생명과학,유가,의약품 제조업,"기초수액, TPN, 특수수액, HEMO, 영양수액 등",11340.0,18688.0,210971600.0,1.5199999809265137,294520.0,0.14000000059604645,-3396.0,-38337730.0,2464.0,27792970.0,931.0,10533470.0,-21.0,-238880.0,576.0,6517910.0,376.0,4254440.0,0.0,0.0,0.0,0.0,0.0,0.0,1.0,11290.0,0.0,0.0
001060,JW중외제약,유가,의약품 제조업,"수액제,이상지질혈증치료제,혈우병치료제,소화기궤양치료제,항생제,도매",24350.0,27042.0,663498050.0,0.6200000047683716,6085400.0,0.5899999737739563,1568.0,37726400.0,-1473.0,-35402450.0,-99.0,-2421800.0,-68.0,-1664200.0,0.0,0.0,-36.0,-879700.0,0.0,0.0,0.0,0.0,5.0,122100.0,0.0,0.0,4.0,97850.0
001067,JW중외제약2우B,KOSPI,기타/미분류,기타/미분류,43700.0,1.0,43700.0,0.0,0.0,0.0,0.0,0.0,0.0,0.0,0.0,0.0,0.0,0.0,0.0,0.0,0.0,0.0,0.0,0.0,0.0,0.0,0.0,0.0,0.0,0.0,0.0,0.0
001065,JW중외제약우,KOSPI,기타/미분류,기타/미분류,21700.0,7.0,151800.0,0.0,0.0,0.0,0.0,0.0,0.0,0.0,0.0,0.0,0.0,0.0,0.0,0.0,0.0,0.0,0.0,0.0,0.0,0.0,0.0,0.0,0.0,0.0,0.0,0.0
096760,JW홀딩스,유가,기타 금융업,의약품 수출입업,3810.0,49094.0,187789002.0,0.25999999046325684,901185.0,0.47999998927116394,-4961.0,-18796958.0,8331.0,31629578.0,-3383.0,-12881955.0,-909.0,-3475590.0,-1746.0,-6638475.0,-728.0,-2767890.0,0.0,0.0,0.0,0.0,0.0,0.0,13.0,49335.0,0.0,0.0
008970,KBI동양철관,유가,1차 철강 제조업,"수도용 도복장 강관,주물(강관말뚝),가스관 제조/아파트건설",1155.0,396391.0,457583855.0,2.5799999237060547,704575.0,0.15000000596046448,-134815.0,-155366902.0,135330.0,155968377.0,-65.0,-75075.0,-65.0,-75075.0,0.0,0.0,0.0,0.0,0.0,0.0,0.0,0.0,0.0,0.0,0.0,0.0,-450.0,-526400.0
105560,KB금융,유가,기타 금융업,-,170700.0,834785.0,143901967400.0,1.1299999952316284,7362301200.0,4.420000076293945,-68986.0,-12100657350.0,134679.0,23323091600.0,-65517.0,-11195830100.0,31043.0,5341617450.0,-7659.0,-1318423350.0,-88177.0,-15139640950.0,15.0,2513200.0,-7763.0,-1289353700.0,7068.0,1215134650.0,-133.0,-19153900.0,-43.0,-7450250.0
415640,KB발해인프라,유가,신탁업 및 집합투자업,기타/미분류,10410.0,71139.0,743263450.0,-2.5299999713897705,4517880.0,0.6100000143051147,14448.0,150784430.0,7288.0,76072490.0,-21740.0,-226898920.0,18843.0,196979070.0,21.0,219420.0,-36225.0,-378370840.0,0.0,0.0,0.0,0.0,-4326.0,-45160530.0,4.0,42000.0,0.0,0.0
432320,KB스타리츠,유가,부동산 임대 및 공급업,"벨기에 North Galaxy Towers, 영국 Samsung Europe HQ",1367.0,278057.0,378150737.0,0.8899999856948853,452164.0,0.11999999731779099,91435.0,123952763.0,-107694.0,-146173984.0,15257.0,20868505.0,15257.0,20868505.0,0.0,0.0,0.0,0.0,0.0,0.0,0.0,0.0,0.0,0.0,1000.0,1350000.0,2.0,2716.0
002380,케이씨씨,유가,기타 화학제품 제조업,"건축용단열재,내외장재,스레트,밤라이트,암면,석고보드,판유리 제조",432000.0,27391.0,11527134250.0,8.949999809265137,891200500.0,5.900000095367432,-4257.0,-1788219250.0,3875.0,1638809500.0,97.0,40271750.0,417.0,160827500.0,-1.0,-21750.0,77.0,35503250.0,0.0,0.0,-258.0,-99243750.0,-138.0,-56795000.0,282.0,107842500.0,3.0,1295500.0
344820,케이씨씨글라스,유가,유리 및 유리제품 제조업,판유리 등,23050.0,7553.0,175122625.0,1.100000023841858,2246250.0,0.949999988079071,-2323.0,-53888450.0,1756.0,40782150.0,566.0,13082850.0,376.0,8677100.0,116.0,2692400.0,71.0,1643700.0,0.0,0.0,0.0,0.0,3.0,69650.0,-1.0,-23150.0,2.0,46600.0
009070,케이씨티시,유가,도로 화물 운송업,"화물자동차운송,항만하역,창고보관,컨테이너조작,중량물해상운송",3945.0,171126.0,675399670.0,1.6799999475479126,23190275.0,3.430000066757202,-17418.0,-69265445.0,12295.0,48963690.0,3453.0,13664585.0,3455.0,13672475.0,0.0,0.0,-2.0,-7890.0,0.0,0.0,0.0,0.0,0.0,0.0,-87.0,-344330.0,1757.0,6981500.0
009440,KC그린홀딩스,유가,기타 금융업,기타금융업,756.0,0.0,0.0,0.0,0.0,0.0,0.0,0.0,0.0,0.0,0.0,0.0,0.0,0.0,0.0,0.0,0.0,0.0,0.0,0.0,0.0,0.0,0.0,0.0,0.0,0.0,0.0,0.0
119650,KC코트렐,유가,일반 목적용 기계 제조업,전기집진기 등,918.0,0.0,0.0,0.0,0.0,0.0,0.0,0.0,0.0,0.0,0.0,0.0,0.0,0.0,0.0,0.0,0.0,0.0,0.0,0.0,0.0,0.0,0.0,0.0,0.0,0.0,0.0,0.0
092220,KEC,유가,반도체 제조업,반도체 제조,2720.0,397776.0,1077579381.0,5.21999979019165,6581780.0,0.6100000143051147,34866.0,94424321.0,-38689.0,-104698671.0,276.0,682485.0,268.0,660955.0,0.0,0.0,0.0,0.0,0.0,0.0,0.0,0.0,8.0,21530.0,0.0,0.0,3547.0,9591865.0
003620,KG모빌리티,유가,자동차용 엔진 및 자동차 제조업,"자동차,자동차부품,차륜,정비 제조/도소매",2900.0,411964.0,1198525115.0,1.5800000429153442,62408530.0,5.210000038146973,15189.0,45194807.0,-19698.0,-58288346.0,3580.0,10432664.0,-2703.0,-7863715.0,-1441.0,-4188800.0,-1232.0,-3581745.0,0.0,0.0,8901.0,25907424.0,0.0,0.0,-729.0,-2125035.0,1658.0,4785910.0
016380,KG스틸,유가,1차 철강 제조업,"철강재(냉연강판,아연도강판,칼라강판,석도강판,선재류,강관,형강,봉강),비철금속 제조,도매",5650.0,266121.0,1503801350.0,1.25,101062140.0,6.71999979019165,-80813.0,-457545770.0,85246.0,482477910.0,11215.0,63476700.0,384.0,2171480.0,207.0,1168780.0,186.0,1050570.0,0.0,0.0,11598.0,65629710.0,-1160.0,-6543840.0,-15005.0,-84806900.0,-643.0,-3601940.0
001390,KG케미칼,유가,기초 화학물질 제조업,"콘크리트혼화제, 비료, 친환경농자재, 수처리제",4245.0,111734.0,475345057.0,1.7999999523162842,21138745.0,4.449999809265137,-14378.0,-61145055.0,7499.0,31903525.0,847.0,3600005.0,168.0,713400.0,347.0,1474970.0,319.0,1356330.0,0.0,0.0,0.0,0.0,13.0,55305.0,5192.0,22094480.0,840.0,3547045.0
001940,KISCO홀딩스,유가,1차 철강 제조업,지주사업,26500.0,17876.0,488127950.0,-5.690000057220459,15197950.0,2.809999942779541,1264.0,32952600.0,-2413.0,-64914325.0,1147.0,31913025.0,713.0,19049350.0,0.0,0.0,0.0,0.0,0.0,0.0,2203.0,60660950.0,-1769.0,-47797275.0,10.0,267500.0,-8.0,-218800.0
025000,KPX케미칼,유가,기초 화학물질 제조업,"PPG,PU RESIN,우레탄수지,대향막박리재,반도체 CM PAD,Polyether Polyol,산업용기초화학제품,화공약품 제조,판매",49450.0,2848.0,140848450.0,0.9200000166893005,494650.0,0.3499999940395355,419.0,20781100.0,-304.0,-15109550.0,-119.0,-5870650.0,-7.0,-347050.0,-44.0,-2170300.0,-13.0,-640350.0,-55.0,-2712950.0,0.0,0.0,0.0,0.0,4.0,199100.0,0.0,0.0
092230,KPX홀딩스,유가,기초 화학물질 제조업,지주회사,86000.0,1571.0,135756000.0,0.5799999833106995,1904100.0,1.059999942779541,101.0,8708200.0,-160.0,-13793400.0,57.0,4912400.0,11.0,938800.0,27.0,2332100.0,18.0,1555100.0,0.0,0.0,0.0,0.0,1.0,86400.0,2.0,172800.0,0.0,0.0
000040,KR모터스,유가,그외 기타 운송장비 제조업,"이륜차(오토바이) 제조,도매",1247.0,40785.0,50672852.0,-0.07999999821186066,0.0,0.0,-1752.0,-2190401.0,2626.0,3271831.0,0.0,0.0,0.0,0.0,0.0,0.0,0.0,0.0,0.0,0.0,0.0,0.0,0.0,0.0,0.0,0.0,-874.0,-1081430.0
044450,KSS해운,유가,해상 운송업,"특수화물해상운송(액화가스,LPG,암모니아,VCM,석유화학제품 등), 선박대여",10040.0,21896.0,221319580.0,-0.10000000149011612,9164410.0,4.139999866485596,-4929.0,-50218980.0,3406.0,35032050.0,1736.0,17361650.0,1748.0,17484420.0,-127.0,-1276080.0,115.0,1153310.0,0.0,0.0,0.0,0.0,0.0,0.0,-214.0,-2184760.0,1.0,10040.0
030200,케이티,유가,전기 통신업,"유무선통신사업,공중전기통신사업,인터넷,전자상거래,네트워크(전용회선,데이터통신,초고속사업 등)",52500.0,556321.0,29367058108.0,0.3799999952316284,2613175100.0,8.149999618530273,-60537.0,-3211730750.0,-3258.0,-169263300.0,47227.0,2504688700.0,37771.0,2003600500.0,-6861.0,-362034450.0,25082.0,1330073850.0,-61.0,-3220600.0,-12583.0,-668818200.0,3879.0,205087250.0,16573.0,876577750.0,-5.0,-272400.0
033780,케이티앤지,유가,담배 제조업,"잎담배,제조담배,홍삼,홍삼제품 제조,판매",176000.0,268437.0,47199266634.0,0.23000000417232513,4003107000.0,7.610000133514404,4440.0,760427950.0,31635.0,5574671400.0,-36297.0,-6374108900.0,12571.0,2211994900.0,-4343.0,-761219850.0,-5813.0,-1017225700.0,0.0,0.0,-25395.0,-4457133550.0,-13377.0,-2361066900.0,259.0,45525850.0,-37.0,-6516300.0
058850,KTcs,유가,기타 정보 서비스업,전화번호검색 데이타제공/콜센터 운영,2230.0,104208.0,232516710.0,0.6800000071525574,2819920.0,1.2100000381469727,4120.0,9176013.0,-2358.0,-5247062.0,-56.0,-124880.0,-56.0,-124880.0,0.0,0.0,0.0,0.0,0.0,0.0,0.0,0.0,0.0,0.0,-1734.0,-3866570.0,28.0,62499.0
058860,KTis,유가,기타 정보 서비스업,"114전화번호안내, 고객센터",2525.0,59658.0,150696743.0,0.20000000298023224,2757365.0,1.8300000429153442,-3237.0,-8476043.0,-16129.0,-40600767.0,-22.0,-55550.0,-22.0,-55550.0,0.0,0.0,0.0,0.0,0.0,0.0,0.0,0.0,0.0,0.0,19386.0,49127330.0,2.0,5030.0
093050,LF,유가,봉제의복 제조업,"기성복, 의류, 잡화, 제조",21750.0,33669.0,736769050.0,-0.46000000834465027,18155900.0,2.2100000381469727,-5740.0,-126371050.0,-2156.0,-46649900.0,8134.0,178215750.0,-28.0,-631200.0,-979.0,-21428850.0,-393.0,-8589250.0,-141.0,-3078050.0,-3660.0,-79904250.0,13335.0,291847350.0,-238.0,-5194800.0,0.0,0.0
003550,LG,유가,기타 금융업,지주회사,106800.0,238735.0,25350526150.0,4.710000038146973,3245222050.0,10.789999961853027,-64101.0,-6794644400.0,43096.0,4551446200.0,25205.0,2686330500.0,16337.0,1743876550.0,4162.0,442470650.0,1912.0,203436400.0,163.0,17397400.0,-2607.0,-277194050.0,5237.0,556238350.0,-3186.0,-335507300.0,-1014.0,-107625000.0
034220,LG디스플레이,유가,전자부품 제조업,"고화질, 초대형, 폴더블 고부가가치 디스플레이 제품 개발, 제조",9800.0,4510710.0,44141068035.0,2.8299999237060547,15318028670.0,34.70000076293945,-215964.0,-2137100100.0,430415.0,4234842600.0,-214133.0,-2094025880.0,-1561.0,-14672565.0,-94.0,-889875.0,-20881.0,-203499470.0,0.0,0.0,-48044.0,-468289100.0,-143552.0,-1406665190.0,-261.0,-2740260.0,-57.0,-976360.0
051900,LG생활건강,유가,기타 화학제품 제조업,"화장품,생활용품 제조,도매",292500.0,108556.0,32275637500.0,0.3400000035762787,3643844500.0,8.279999732971191,-26596.0,-7955555500.0,27047.0,8072447250.0,877.0,277370000.0,-3985.0,-1179127000.0,-1929.0,-572170000.0,1286.0,393028000.0,0.0,0.0,6162.0,1832651000.0,-657.0,-197018000.0,-1298.0,-385199750.0,-30.0,-9062000.0
051905,LG생활건강우,KOSPI,기타/미분류,기타/미분류,109900.0,11338.0,1254536050.0,1.100000023841858,769300.0,0.05999999865889549,1801.0,201273550.0,-1716.0,-191992100.0,-241.0,-26610550.0,-3.0,-278200.0,-171.0,-18924900.0,-67.0,-7407450.0,0.0,0.0,0.0,0.0,0.0,0.0,39.0,4295700.0,117.0,13033400.0
064400,LG씨엔에스,유가,"컴퓨터 프로그래밍, 시스템 통합 및 관리업","컨설팅, 시스템 구축/운영, 토탈 아웃소싱 및 AI, 클라우드·스마트팩토리 등 IT신기술 기반의 DX사업",73300.0,1448581.0,104077431150.0,7.639999866485596,3448751500.0,3.309999942779541,-213406.0,-15635254250.0,76003.0,5642946300.0,134950.0,9819868200.0,16319.0,1174836700.0,13446.0,982451400.0,25969.0,1894697100.0,327.0,23560800.0,91033.0,6640249300.0,-12144.0,-895927100.0,3448.0,244596400.0,-995.0,-72156650.0
373220,LG에너지솔루션,유가,일차전지 및 이차전지 제조업,"2차전지 (소형,ESS,자동차전지)",335500.0,286160.0,96003973250.0,2.130000114440918,24601548000.0,20.799999237060547,-39880.0,-13513607000.0,40343.0,13568200500.0,1009.0,445863250.0,28981.0,9716377250.0,334.0,110511000.0,1403.0,472193750.0,0.0,0.0,-32264.0,-10715459250.0,2359.0,797044500.0,-1404.0,-477447500.0,-68.0,-23009250.0
003555,LG우,KOSPI,기타/미분류,기타/미분류,67200.0,5590.0,373615500.0,3.2300000190734863,14779000.0,3.9600000381469727,-1517.0,-101365950.0,1592.0,106132550.0,305.0,20454400.0,305.0,20454400.0,0.0,0.0,0.0,0.0,0.0,0.0,0.0,0.0,0.0,0.0,-130.0,-8671000.0,-250.0,-16550000.0
032640,LG유플러스,유가,전기 통신업,"개인휴대통신서비스,음성서비스,데이터서비스,부가통신/단말기 도소매/프로그램 개발,자료제공",14920.0,897720.0,13525322120.0,-0.07000000029802322,383025220.0,2.5,-16889.0,-270802045.0,-64022.0,-956555540.0,80570.0,1222447885.0,36843.0,561523175.0,-8085.0,-121984925.0,-2684.0,-40231485.0,-227.0,-3432600.0,69009.0,1042291670.0,-14286.0,-215717970.0,838.0,12463850.0,-497.0,-7554150.0
011070,LG이노텍,유가,전자부품 제조업,기타 전자부품 제조업,601000.0,339241.0,204369878000.0,14.479999542236328,25365234500.0,8.100000381469727,27107.0,16195718500.0,-83842.0,-50419066500.0,54833.0,33081760500.0,-10813.0,-6495898000.0,2791.0,1683008500.0,7977.0,4806363500.0,0.0,0.0,35776.0,21585446000.0,19102.0,11502835500.0,1882.0,1129501500.0,20.0,12086000.0
066570,LG전자,유가,통신 및 방송 장비 제조업,"이동통신단말기,C-TV,V.C.R.,컴퓨터,완전평면 TV,플라즈마 디스플레이 패널 TV,전자제품(세탁기외),CDMA(코드분할다중접속)이동통신,전자교환기,전송기기",179500.0,1343478.0,237737997900.0,8.460000038146973,12467338400.0,3.2699999809265137,-257455.0,-45499929650.0,1839.0,47996450.0,255705.0,45483711000.0,8883.0,1563908050.0,25178.0,4487748600.0,33939.0,6025721000.0,0.0,0.0,178740.0,31768789900.0,9765.0,1775358350.0,143.0,10773250.0,-232.0,-42551050.0
066575,LG전자우,KOSPI,기타/미분류,기타/미분류,63900.0,129212.0,8141319000.0,5.449999809265137,191833600.0,2.359999895095825,-14483.0,-917155300.0,14243.0,901356300.0,-481.0,-30422750.0,16.0,981500.0,-360.0,-22768850.0,-136.0,-8570100.0,0.0,0.0,0.0,0.0,0.0,0.0,117.0,7841200.0,604.0,38380550.0
037560,LG헬로비전,유가,텔레비전 방송업,"케이블TV, 인터넷서비스 등",1706.0,249462.0,426121562.0,1.4900000095367432,194484.0,0.05000000074505806,-25705.0,-43338727.0,25817.0,43558882.0,-108.0,-213299.0,-108.0,-213299.0,0.0,0.0,0.0,0.0,0.0,0.0,0.0,0.0,0.0,0.0,0.0,0.0,-4.0,-6856.0
051910,LG화학,유가,기초 화학물질 제조업,"유화/기능/합성수지,재생섬유소,산업재,리튬이온전지,평광판,PVC 제조,도매",255500.0,172045.0,44441118250.0,-0.38999998569488525,2227899500.0,3.9600000381469727,16681.0,4287883000.0,-2988.0,-795202750.0,-14188.0,-3620597250.0,7380.0,1902313500.0,-1249.0,-320312500.0,-5810.0,-1491496250.0,0.0,0.0,-12767.0,-3264226000.0,-1742.0,-446876750.0,483.0,124818000.0,12.0,3099000.0
051915,LG화학우,KOSPI,기타/미분류,기타/미분류,122000.0,18047.0,2189138100.0,0.8299999833106995,58057900.0,2.6500000953674316,12.0,-2225350.0,258.0,34913150.0,-274.0,-33168300.0,-16.0,-1944850.0,-186.0,-22476550.0,-72.0,-8746900.0,0.0,0.0,0.0,0.0,0.0,0.0,-7.0,-843000.0,11.0,1323500.0
079550,LIG디펜스앤에어로스페이스,유가,무기 및 총포탄 제조업,정밀유도무기 등,798000.0,101538.0,81352850000.0,-0.3700000047683716,4193883000.0,4.130000114440918,3747.0,2986758000.0,8359.0,6637773000.0,-11749.0,-9335285000.0,-3576.0,-2844739000.0,304.0,244991500.0,-2098.0,-1663458000.0,37.0,29592000.0,-648.0,-501747000.0,-5768.0,-4599912500.0,-274.0,-222828000.0,-83.0,-66418000.0
006260,LS,유가,기타 금융업,"전력용전선,일반전선,통신케이블,동선,알루미늄선,공조기,프라스틱사출성형기 제조,도매",329000.0,176261.0,57336610750.0,9.479999542236328,4988628500.0,6.769999980926514,20897.0,6697878500.0,-25911.0,-8365098750.0,4659.0,1554794000.0,-4114.0,-1325901500.0,-4601.0,-1506873250.0,4657.0,1521055500.0,0.0,0.0,11493.0,3764842750.0,-2839.0,-918876250.0,276.0,86913000.0,79.0,25513250.0
010120,엘에스일렉트릭,유가,"전동기, 발전기 및 전기 변환 · 공급 · 제어 장치 제조업","고압기기,저압기기,변압기,배전반,PLC,인버터,빌딩설비,공조기,건축배관,자동화기기 제조,동가공",212000.0,652833.0,137209626500.0,7.610000133514404,16145347000.0,6.889999866485596,-155418.0,-32793397250.0,85430.0,18056328250.0,69712.0,14688564750.0,41329.0,8702544000.0,3422.0,718621750.0,-9216.0,-1929161500.0,130.0,27358250.0,36223.0,7625872250.0,-2489.0,-522459750.0,534.0,103418250.0,-258.0,-54914000.0
000680,LS네트웍스,유가,상품 종합 도매업,"혁화,의류,등산용품 도매,제조/부동산 임대",2865.0,42532.0,123492280.0,0.5299999713897705,9434225.0,7.639999866485596,3451.0,10073693.0,-2241.0,-6526543.0,-110.0,-315150.0,-110.0,-315150.0,0.0,0.0,0.0,0.0,0.0,0.0,0.0,0.0,0.0,0.0,-1000.0,-2940000.0,-100.0,-292000.0
229640,LS에코에너지,유가,기타 금융업,기타/미분류,47600.0,156481.0,7402385650.0,7.690000057220459,627506900.0,5.730000019073486,11313.0,526065200.0,-54719.0,-2593038350.0,40827.0,1945193800.0,9651.0,455403450.0,15557.0,743874300.0,6759.0,323057425.0,0.0,0.0,8828.0,421336725.0,32.0,1521900.0,2597.0,122656750.0,-18.0,-877400.0
108320,LX세미콘,유가,반도체 제조업,Display Driver IC,35450.0,62131.0,2208773400.0,1.5800000429153442,835268700.0,28.110000610351562,-3529.0,-126464650.0,-3648.0,-129479700.0,6063.0,216351050.0,-1528.0,-54157550.0,677.0,24034400.0,6910.0,246331050.0,0.0,0.0,0.0,0.0,4.0,143100.0,1113.0,39557900.0,1.0,35400.0
001120,LX인터내셔널,유가,상품 중개업,"전자,기계,화공,유류.금속,의류 수출입,도소매",37150.0,101468.0,3755721100.0,0.27000001072883606,380206600.0,7.519999980926514,5190.0,187363450.0,-35382.0,-1311304100.0,28808.0,1073003250.0,7084.0,262905650.0,-560.0,-20800500.0,-554.0,-20164600.0,0.0,0.0,334.0,12300550.0,22499.0,838579750.0,1242.0,45698950.0,142.0,5238450.0
108670,LX하우시스,유가,플라스틱제품 제조업,"창호재, 자동차부품 등",33900.0,25949.0,880779200.0,1.649999976158142,2408150.0,0.18000000715255737,-6061.0,-205766450.0,13040.0,442108050.0,-6937.0,-234903900.0,211.0,7064650.0,-429.0,-14515800.0,-168.0,-5687450.0,0.0,0.0,-6551.0,-221765300.0,0.0,0.0,-45.0,-1539250.0,3.0,101550.0
108675,LX하우시스우,KOSPI,기타/미분류,기타/미분류,16940.0,2962.0,49868110.0,1.5,0.0,0.0,-22.0,-389400.0,7.0,117980.0,15.0,271420.0,15.0,271420.0,0.0,0.0,0.0,0.0,0.0,0.0,0.0,0.0,0.0,0.0,0.0,0.0,0.0,0.0
383800,LX홀딩스,유가,기타 금융업,지주회사,7830.0,94203.0,734517625.0,1.559999942779541,7298340.0,0.7300000190734863,8779.0,67900880.0,-8865.0,-68641055.0,-1308.0,-10135625.0,717.0,5586780.0,-1201.0,-9324140.0,-839.0,-6515605.0,0.0,0.0,0.0,0.0,15.0,117340.0,1445.0,11271000.0,-51.0,-395200.0
38380K,LX홀딩스1우,KOSPI,기타/미분류,기타/미분류,7270.0,540.0,3914950.0,0.0,21770.0,0.5600000023841858,-204.0,-1475690.0,-4.0,-29020.0,208.0,1504710.0,208.0,1504710.0,0.0,0.0,0.0,0.0,0.0,0.0,0.0,0.0,0.0,0.0,0.0,0.0,0.0,0.0
023150,MH에탄올,유가,알코올음료 제조업,"주정,탄산가스 제조",4055.0,3506.0,14241454.0,0.11999999731779099,227520.0,1.600000023841858,-228.0,-930735.0,455.0,1852510.0,-227.0,-921775.0,-214.0,-868990.0,0.0,0.0,-13.0,-52785.0,0.0,0.0,0.0,0.0,0.0,0.0,0.0,0.0,0.0,0.0
035420,NAVER,유가,"자료처리, 호스팅, 포털 및 기타 인터넷 정보매개 서비스업",포털 서비스 및 온라인 광고,229000.0,1090483.0,250317809250.0,1.100000023841858,13300850500.0,2.990000009536743,-255291.0,-59095069750.0,91550.0,21199884250.0,164321.0,38011368500.0,27417.0,6357988750.0,9592.0,2210629500.0,35889.0,8268438000.0,553.0,127572000.0,73404.0,16999865750.0,17276.0,4003066000.0,278.0,82414750.0,-858.0,-198597750.0
036570,NC,유가,소프트웨어 개발 및 공급업,"인터넷머그게임(리니지),그룹웨어,인터넷커뮤니티 개발,유지,공급",235000.0,68032.0,16103940750.0,-2.2899999618530273,1999956000.0,10.359999656677246,12703.0,2996221000.0,9632.0,2282672750.0,-22591.0,-5339528750.0,-68.0,-9432750.0,-372.0,-87939750.0,-3475.0,-820555000.0,0.0,0.0,-16839.0,-3987745500.0,-1838.0,-434091750.0,155.0,36656000.0,101.0,23979000.0
181710,NHN,유가,소프트웨어 개발 및 공급업,한게임,42800.0,154066.0,6793129425.0,-2.059999942779541,551391300.0,6.039999961853027,-20022.0,-885320175.0,5994.0,236457125.0,14637.0,675374250.0,-9991.0,-441702900.0,-1439.0,-62143550.0,8053.0,363715950.0,0.0,0.0,13031.0,588618400.0,4983.0,226886350.0,-562.0,-24414350.0,-47.0,-2096850.0
400760,NH올원리츠,유가,부동산 임대 및 공급업,부동산투자,2950.0,126174.0,370404072.0,-0.17000000178813934,1498795.0,0.4000000059604645,49024.0,143264357.0,-68937.0,-202098864.0,16288.0,48191882.0,20288.0,59930265.0,0.0,0.0,-4000.0,-11738383.0,0.0,0.0,0.0,0.0,0.0,0.0,400.0,1170000.0,3225.0,9472625.0
005940,NH투자증권,유가,금융 지원 서비스업,"증권업,종합금융",28250.0,528697.0,14876223450.0,1.440000057220459,1024175900.0,5.389999866485596,3924.0,93048225.0,104057.0,2926729200.0,-100919.0,-2821437900.0,31369.0,885847200.0,-41285.0,-1156675475.0,-20334.0,-570743675.0,0.0,0.0,-62398.0,-1747963450.0,-8271.0,-231902300.0,-7110.0,-199684725.0,48.0,1345200.0
005945,NH투자증권우,KOSPI,기타/미분류,기타/미분류,25300.0,54123.0,1368338575.0,1.0,55719300.0,4.070000171661377,-13792.0,-349593550.0,16348.0,413837450.0,-4009.0,-100858700.0,-4009.0,-100858700.0,0.0,0.0,0.0,0.0,0.0,0.0,0.0,0.0,0.0,0.0,1452.0,36589550.0,1.0,25250.0
338100,NH프라임리츠,유가,부동산 임대 및 공급업,부동산 투자,3740.0,61357.0,231074662.0,-2.859999895095825,2050330.0,0.8899999856948853,46908.0,176607233.0,-39114.0,-147234639.0,4905.0,18412301.0,4567.0,17144801.0,0.0,0.0,0.0,0.0,0.0,0.0,0.0,0.0,338.0,1267500.0,-12700.0,-47788685.0,1.0,3790.0
034310,NICE,유가,회사 본부 및 경영 컨설팅 서비스업,"기업신용분석,유가증권등급평정,기업정보,긍융정보,경제정보,소비자신용정보 제공,시장조사,사회여론조사,점외 CD/ATM사업",12790.0,28453.0,362894290.0,0.07999999821186066,30587040.0,7.519999980926514,5646.0,71655940.0,-13098.0,-167183120.0,7833.0,100397810.0,8655.0,110835380.0,-588.0,-7466710.0,-241.0,-3060290.0,0.0,0.0,0.0,0.0,7.0,89430.0,-381.0,-4870630.0,0.0,0.0
030190,NICE평가정보,유가,기타 정보 서비스업,"개인 및 기업정보, 솔루션",14360.0,30862.0,443531270.0,-0.2800000011920929,18096580.0,3.680000066757202,2705.0,38645090.0,-2301.0,-32861350.0,-379.0,-5421240.0,-166.0,-2378760.0,-250.0,-3579480.0,30.0,435270.0,0.0,0.0,0.0,0.0,7.0,101730.0,-25.0,-362500.0,0.0,0.0
008260,NI스틸,유가,1차 철강 제조업,"스틸파이프,철강재임가공 제조,도매",3210.0,72577.0,234070842.0,0.4699999988079071,9355680.0,4.0,-12681.0,-40909343.0,9323.0,30076538.0,3541.0,11424920.0,3541.0,11424920.0,0.0,0.0,0.0,0.0,0.0,0.0,0.0,0.0,0.0,0.0,-160.0,-517600.0,-23.0,-74515.0
004250,엔피씨,유가,플라스틱제품 제조업,"산업용기프라스틱제품(플라스틱 파렛트,시트 파렛트) 제조,판매",2805.0,20463.0,57506810.0,1.6299999952316284,446980.0,0.7799999713897705,7153.0,20141430.0,-7085.0,-19950875.0,-68.0,-190555.0,-68.0,-190555.0,0.0,0.0,0.0,0.0,0.0,0.0,0.0,0.0,0.0,0.0,0.0,0.0,0.0,0.0
004255,NPC우,KOSPI,기타/미분류,기타/미분류,1890.0,6897.0,12794937.0,2.440000057220459,0.0,0.0,85.0,158079.0,-83.0,-154388.0,-2.0,-3691.0,-2.0,-3691.0,0.0,0.0,0.0,0.0,0.0,0.0,0.0,0.0,0.0,0.0,0.0,0.0,0.0,0.0
456040,OCI,유가,기초 화학물질 제조업,"폴리실리콘,타르제품,카본블랙,무수프탈산,농약원제,석탄화학제품,정밀화학제품,플라스틱창호재 제조,판매",76600.0,61285.0,4692785250.0,5.510000228881836,201907400.0,2.7699999809265137,-7973.0,-611679350.0,-4661.0,-363376150.0,13101.0,1010732300.0,-1416.0,-108224250.0,444.0,34333900.0,-148.0,-11343600.0,4.0,309200.0,2208.0,169884800.0,12009.0,925772250.0,-260.0,-19736400.0,-207.0,-15940400.0
010060,OCI홀딩스,유가,기타 금융업,"타르제품,카본블랙,무수프탈산,농약원제,석탄화학제품,정밀화학제품,플라스틱창호재 제조,판매",246000.0,415641.0,102282593250.0,9.329999923706055,11686554500.0,7.130000114440918,-3875.0,-1268819750.0,-45023.0,-10873611750.0,50329.0,12508798500.0,-21887.0,-5381950250.0,-1828.0,-460754500.0,34106.0,8427610250.0,520.0,128602500.0,-7985.0,-1964600750.0,47417.0,11763338750.0,-1516.0,-386195500.0,85.0,19828500.0
178920,PI첨단소재,유가,플라스틱제품 제조업,PI(Polyimide)제품,18830.0,72424.0,1355057545.0,2.619999885559082,130157940.0,7.480000019073486,4236.0,78754915.0,-4930.0,-91759400.0,689.0,12910235.0,-34.0,-640830.0,-409.0,-7620245.0,1.0,44350.0,0.0,0.0,1125.0,21014400.0,6.0,112560.0,0.0,0.0,5.0,94250.0
001340,PKC,유가,기초 화학물질 제조업,"가성소다,합성염산 제조,판매",5060.0,140562.0,702404115.0,4.550000190734863,40969185.0,5.829999923706055,-17207.0,-86272270.0,16785.0,84161130.0,738.0,3687320.0,423.0,2112100.0,0.0,0.0,306.0,1530295.0,0.0,0.0,0.0,0.0,9.0,44925.0,-17.0,-84630.0,-299.0,-1491550.0
005490,POSCO홀딩스,유가,1차 철강 제조업,"열연코일,냉연강판,후판,선재,스테인리스 제조",317000.0,230639.0,73326842750.0,1.2799999713897705,12156597250.0,11.699999809265137,6376.0,1978991000.0,8929.0,2839201750.0,-14131.0,-4444383250.0,10417.0,3329143750.0,-3636.0,-1154323250.0,647.0,209752500.0,42.0,13530000.0,-32612.0,-10354719500.0,11011.0,3512220000.0,328.0,104584000.0,-1502.0,-478393500.0
010950,S-Oil,유가,석유 정제품 제조업,"석유제품,가스,윤활기유,윤활유,그리스,석유화학제품 제조,도매",122500.0,445466.0,54882348400.0,-2.619999885559082,3610745000.0,5.75,104857.0,12899952000.0,92225.0,11250268550.0,-198700.0,-24351722700.0,-10791.0,-1306954100.0,-21821.0,-2666729500.0,-69415.0,-8517777400.0,0.0,0.0,-87223.0,-10697863400.0,-9588.0,-1179242200.0,1552.0,193317150.0,66.0,8185000.0
010955,S-Oil우,KOSPI,기타/미분류,기타/미분류,61000.0,12838.0,787028750.0,-1.1299999952316284,35239000.0,4.480000019073486,1128.0,69088300.0,-5753.0,-352696850.0,4621.0,283364150.0,4751.0,291341400.0,-94.0,-5767850.0,-37.0,-2270300.0,0.0,0.0,0.0,0.0,0.0,0.0,0.0,0.0,4.0,244400.0
034120,SBS,유가,텔레비전 방송업,"TV,라디오방송,광고",11490.0,5463.0,62294055.0,2.2200000286102295,11340.0,0.009999999776482582,-793.0,-9101490.0,0.0,0.0,593.0,6803850.0,486.0,5577830.0,0.0,0.0,103.0,1180670.0,0.0,0.0,0.0,0.0,4.0,45350.0,200.0,2297640.0,0.0,0.0
003080,SB성보,유가,"비료, 농약 및 살균, 살충제 제조업","완제농약(해비치과립,카스텔란),원제농약(슈퍼유나니,다이아톤) 제조,도매",2235.0,9460.0,21042027.0,1.1299999952316284,24585.0,0.11999999731779099,2048.0,4579073.0,-174.0,-390693.0,-1874.0,-4188380.0,-1874.0,-4188380.0,0.0,0.0,0.0,0.0,0.0,0.0,0.0,0.0,0.0,0.0,0.0,0.0,0.0,0.0
005090,SGC에너지,유가,전기업,"증기, 전기, REC(신재생에너지공급인증서)",51400.0,98983.0,5129685900.0,1.9800000190734863,865226700.0,11.069999694824219,4329.0,238880100.0,-11902.0,-636278900.0,7054.0,370345000.0,1446.0,75100550.0,-308.0,-15852450.0,-5217.0,-269060250.0,0.0,0.0,2314.0,119684100.0,8896.0,464446250.0,580.0,30191400.0,-61.0,-3137600.0
001380,SG글로벌,유가,자동차 신품 부품 제조업,자동차시트 및 자동차시트커버(Seat Trim Cover),1383.0,45782.0,63546560.0,1.6200000047683716,165224.0,0.25999999046325684,14709.0,20390417.0,-14693.0,-20368259.0,-16.0,-22158.0,-16.0,-22158.0,0.0,0.0,0.0,0.0,0.0,0.0,0.0,0.0,0.0,0.0,0.0,0.0,0.0,0.0
004060,SG세계물산,유가,상품 종합 도매업,"피복류,봉제품,P.E제품 수출입,도매,제조/조경사업",2560.0,149331.0,378888430.0,-0.9700000286102295,12870435.0,3.4000000953674316,10542.0,27338835.0,-6746.0,-17609795.0,-3797.0,-9731565.0,-3797.0,-9731565.0,0.0,0.0,0.0,0.0,0.0,0.0,0.0,0.0,0.0,0.0,1.0,2525.0,0.0,0.0
001770,SHD,유가,1차 철강 제조업,"석도강판,표면처리강판 제조,임가공,판매",6950.0,134197.0,1074349315.0,1.7599999904632568,113150.0,0.009999999776482582,3746.0,30612805.0,-3387.0,-27374675.0,-2.0,-14750.0,-2.0,-14750.0,0.0,0.0,0.0,0.0,0.0,0.0,0.0,0.0,0.0,0.0,-28.0,-307910.0,-329.0,-2915470.0
002360,SH에너지화학,유가,기초 화학물질 제조업,"합성수지(PS/EPS,ABS수지) 제조",1996.0,0.0,0.0,0.0,0.0,0.0,0.0,0.0,0.0,0.0,0.0,0.0,0.0,0.0,0.0,0.0,0.0,0.0,0.0,0.0,0.0,0.0,0.0,0.0,0.0,0.0,0.0,0.0
009160,SIMPAC,유가,1차 철강 제조업,"프레스, 합금철",4700.0,96711.0,448961635.0,1.1799999475479126,5985555.0,1.3300000429153442,23991.0,110728060.0,-23947.0,-110727370.0,-44.0,-690.0,223.0,1231125.0,-297.0,-1371600.0,17.0,79020.0,0.0,0.0,0.0,0.0,13.0,60765.0,0.0,0.0,0.0,0.0
033530,SJG세종,유가,자동차 신품 부품 제조업,"자동차부품,자동차소음기(머플러),배기가스정화기,배기계통부품 제조",6810.0,82778.0,557222140.0,2.869999885559082,30515850.0,5.480000019073486,6624.0,45025385.0,-4827.0,-32974780.0,-1992.0,-13345715.0,-42.0,-303870.0,-1812.0,-12118245.0,-128.0,-856300.0,0.0,0.0,0.0,0.0,0.0,0.0,188.0,1248280.0,7.0,46830.0
123700,에스제이엠,유가,자동차 신품 부품 제조업,자동차및산업용Bellows,3415.0,11795.0,39994493.0,2.0899999141693115,40875.0,0.10000000149011612,-2078.0,-7026080.0,1916.0,6451015.0,162.0,575065.0,162.0,575065.0,0.0,0.0,0.0,0.0,0.0,0.0,0.0,0.0,0.0,0.0,0.0,0.0,0.0,0.0
025530,에스제이엠홀딩스,유가,자동차 부품 및 내장품 판매업,지주회사및경영자문,3505.0,14382.0,50364925.0,0.14000000059604645,38555.0,0.07999999821186066,-90.0,-311030.0,319.0,1114815.0,-237.0,-831800.0,-237.0,-831800.0,0.0,0.0,0.0,0.0,0.0,0.0,0.0,0.0,0.0,0.0,8.0,28015.0,0.0,0.0
034730,SK,유가,기타 금융업,"지주회사, 시스템통합(SI), 정보통신사업 관련 컨설팅,조사용역,정보통신기술 연구개발/정보통신기기,소프트웨어 개발,도매",562000.0,191224.0,106889383000.0,8.489999771118164,5689510000.0,4.480000019073486,-35943.0,-20103313000.0,48184.0,26939644000.0,-10910.0,-6091949500.0,-15642.0,-8766720500.0,619.0,347597000.0,1712.0,968245000.0,-4.0,-2188000.0,-1810.0,-1016092000.0,4215.0,2377209000.0,-1314.0,-734744500.0,-17.0,-9637000.0
011790,SKC,유가,기타 화학제품 제조업,"기초화학원료(PO, PG), 전지용 동박 등을 제조ㆍ판매하는 사업",81400.0,194074.0,15717317750.0,4.230000019073486,2811185400.0,12.65999984741211,-419.0,-39774050.0,-10446.0,-846585700.0,8819.0,721938650.0,8473.0,691392350.0,-63.0,-5118950.0,661.0,53917050.0,0.0,0.0,-143.0,-9390950.0,-109.0,-8861950.0,2262.0,181917600.0,-216.0,-17496500.0
018670,SK가스,유가,기타 전문 도매업,"액화석유가스,가스기기 판매,수입,저장",213500.0,11970.0,2590133500.0,0.0,536622000.0,15.449999809265137,-3702.0,-805484500.0,768.0,167141500.0,3002.0,652994000.0,3907.0,847603500.0,-253.0,-54615500.0,-1050.0,-226170000.0,0.0,0.0,-98.0,-21265500.0,497.0,107660000.0,-54.0,-11644000.0,-14.0,-3007000.0
001740,SK네트웍스,유가,기타 전문 도매업,"정보통신 유통, 자동차 관리, 글로벌 트레이딩, 호텔&리조트",7900.0,1291516.0,10110305300.0,4.769999980926514,693206880.0,6.860000133514404,33458.0,253587535.0,-38460.0,-293542235.0,-4383.0,-33876090.0,-2831.0,-21889740.0,836.0,6607530.0,308.0,2434970.0,0.0,0.0,-2737.0,-21345225.0,41.0,316375.0,7698.0,60668610.0,1687.0,13162180.0
006120,SK디스커버리,유가,기타 금융업,"화섬사(폴리에스테르원사(폴리에스터F,폴리에스터SF),폴리에스터직물,아세테이트),석유화학부문(TPA,DMT),섬유원료,직물,BOTTLE용CHIP,접착제,폴리우레탄 제조,",54800.0,22236.0,1207060250.0,4.78000020980835,289335500.0,19.43000030517578,309.0,16206650.0,-235.0,-12310300.0,-57.0,-2981350.0,-216.0,-11776800.0,-78.0,-4216450.0,233.0,12796100.0,0.0,0.0,0.0,0.0,4.0,215800.0,-17.0,-915000.0,0.0,0.0
006125,SK디스커버리우,KOSPI,기타/미분류,기타/미분류,39200.0,824.0,32114350.0,1.690000057220459,0.0,0.0,-74.0,-2874000.0,74.0,2873950.0,0.0,50.0,0.0,50.0,0.0,0.0,0.0,0.0,0.0,0.0,0.0,0.0,0.0,0.0,0.0,0.0,0.0,0.0
210980,SK디앤디,유가,부동산 임대 및 공급업,"비주거용 부동산개발 및 임대(오피스, 지식산업센터, 호텔 등)",4575.0,58717.0,269242455.0,0.9900000095367432,8949945.0,3.319999933242798,4812.0,21778659.0,-2753.0,-12166904.0,-1174.0,-5271860.0,-100.0,-465000.0,-424.0,-1897785.0,-650.0,-2909075.0,0.0,0.0,0.0,0.0,0.0,0.0,-1149.0,-5559020.0,264.0,1219125.0
395400,SK리츠,유가,부동산 임대 및 공급업,서울 중구 소재 SK서린빌딩 및 전국 116개 주유소 임대 운영,5570.0,128740.0,711404580.0,1.090000033378601,36109790.0,5.079999923706055,-12791.0,-71018450.0,32452.0,179197215.0,-22356.0,-122992265.0,45700.0,252618905.0,-30001.0,-165491310.0,-9372.0,-51659095.0,0.0,0.0,-24600.0,-135926090.0,-4083.0,-22534675.0,2695.0,14813500.0,0.0,0.0
302440,SK바이오사이언스,유가,기초 의약물질 제조업,백신 제품 및 제제,34600.0,110026.0,3832880600.0,-0.14000000059604645,379046375.0,7.739999771118164,17773.0,618038700.0,-12934.0,-449865850.0,-4213.0,-146346750.0,280.0,10843650.0,397.0,13771675.0,1505.0,52385200.0,0.0,0.0,-19695.0,-685895050.0,13300.0,462547725.0,-607.0,-21165850.0,-19.0,-660250.0
326030,에스케이바이오팜,유가,자연과학 및 공학 연구개발업,신경질환 및 정신질환을 포함한 중추신경 관련 신약 개발,82000.0,196091.0,16294164250.0,2.759999990463257,1077244100.0,4.630000114440918,6436.0,494568550.0,-33678.0,-2775252600.0,28267.0,2366898650.0,6096.0,517566200.0,-244.0,-20250800.0,9977.0,832771650.0,0.0,0.0,13366.0,1114234500.0,-928.0,-77423800.0,-935.0,-78718300.0,-90.0,-7496300.0
402340,SK스퀘어,유가,기타 금융업,지주회사,1119000.0,675010.0,761429792020.0,5.570000171661377,31688860500.0,3.2300000190734863,-20577.0,-23467300000.0,10304.0,12190698500.0,12520.0,13838129000.0,-86.0,-339685500.0,3285.0,3699965000.0,13308.0,15055548000.0,15.0,16555500.0,8795.0,9801776500.0,-12851.0,-14456736000.0,-1783.0,-2037947500.0,-464.0,-523580000.0
361610,SK아이이테크놀로지,유가,일차전지 및 이차전지 제조업,2차전지용 습식 분리막 및 폴더블 커버 윈도우,13920.0,170925.0,2425918730.0,-1.7599999904632568,969566100.0,27.1200008392334,50387.0,713336615.0,-22274.0,-314601490.0,-28026.0,-397519155.0,7733.0,109654750.0,1218.0,17072895.0,-1986.0,-27788305.0,0.0,0.0,-18757.0,-266055205.0,-16234.0,-230403290.0,1.0,14070.0,-88.0,-1230040.0
100090,SK오션플랜트,유가,1차 철강 제조업,해상풍력 하부구조물,13820.0,1299653.0,18013574015.0,4.78000020980835,215613100.0,1.2000000476837158,-57522.0,-782031100.0,80270.0,1096659305.0,-23071.0,-319231905.0,991.0,13850920.0,-1240.0,-17215840.0,392.0,5507995.0,0.0,0.0,0.0,0.0,-23214.0,-321374980.0,-850.0,-11897460.0,1173.0,16501160.0
03473K,SK우,KOSPI,기타/미분류,기타/미분류,350500.0,1503.0,518792750.0,7.519999980926514,0.0,0.0,-248.0,-85864750.0,246.0,85197750.0,1.0,339000.0,0.0,-7000.0,0.0,0.0,1.0,346000.0,0.0,0.0,0.0,0.0,0.0,0.0,0.0,0.0,1.0,328000.0
096770,SK이노베이션,유가,석유 정제품 제조업,"석유정제,석유화학제품,윤활유제품,아스팔트제품,의약중간체 제조,판매,유전개발,대체에너지사업",109200.0,832094.0,91085278100.0,-1.8899999856948853,5944205900.0,4.789999961853027,342003.0,37222688450.0,-76308.0,-8317362400.0,-279990.0,-30491641700.0,-1354.0,-117182150.0,-18386.0,-2002337200.0,-43649.0,-4759661100.0,0.0,0.0,-191990.0,-20927530700.0,-24983.0,-2726322550.0,13807.0,1532093650.0,488.0,54222000.0
096775,SK이노베이션우,KOSPI,기타/미분류,기타/미분류,60900.0,1365.0,83833400.0,-0.6499999761581421,0.0,0.0,36.0,2055300.0,-22.0,-1201000.0,1.0,61700.0,1.0,61700.0,0.0,0.0,0.0,0.0,0.0,0.0,0.0,0.0,0.0,0.0,-17.0,-1038000.0,2.0,122000.0
475150,SK이터닉스,유가,건물 건설업,부동산 개발,57700.0,6662053.0,388722955600.0,3.4100000858306885,2980622100.0,0.7699999809265137,455861.0,26797280250.0,-456708.0,-26978540050.0,14295.0,952554400.0,7217.0,417689800.0,21292.0,1247490750.0,-8226.0,-453208850.0,0.0,0.0,-268.0,-14823600.0,-5720.0,-244593700.0,-17881.0,-1042164700.0,4433.0,270870100.0
001510,SK증권,유가,금융 지원 서비스업,"증권업,부동산 임대",2230.0,2565886.0,5688312153.0,5.940000057220459,87467465.0,1.5399999618530273,-217198.0,-476972940.0,200957.0,440815894.0,7490.0,16665876.0,-229.0,-532670.0,4760.0,10605554.0,2912.0,6489890.0,0.0,0.0,0.0,0.0,47.0,103102.0,4200.0,9346000.0,4551.0,10145170.0
001515,SK증권우,KOSPI,기타/미분류,기타/미분류,4000.0,6927.0,27473880.0,3.759999990463257,0.0,0.0,134.0,527000.0,0.0,0.0,0.0,0.0,0.0,0.0,0.0,0.0,0.0,0.0,0.0,0.0,0.0,0.0,0.0,0.0,0.0,0.0,-134.0,-527000.0
285130,SK케미칼,유가,합성고무 및 플라스틱 물질 제조업,"PETG 수지, PET 수지, 바이오디젤, 백신",41900.0,46008.0,1937815875.0,-1.1799999475479126,282941675.0,12.420000076293945,529.0,20718375.0,-3597.0,-151107325.0,3174.0,134919000.0,3490.0,147692500.0,1911.0,80461375.0,-485.0,-20324325.0,0.0,0.0,-137.0,-5539450.0,-1605.0,-67371100.0,-92.0,-3936750.0,-14.0,-593300.0
28513K,SK케미칼우,KOSPI,기타/미분류,기타/미분류,22300.0,2042.0,45718500.0,0.6800000071525574,0.0,0.0,411.0,9167850.0,-411.0,-9167850.0,0.0,0.0,0.0,0.0,0.0,0.0,0.0,0.0,0.0,0.0,0.0,0.0,0.0,0.0,0.0,0.0,0.0,0.0
017670,SK텔레콤,유가,전기 통신업,"이동전화,무선호출서비스,부가통신",93000.0,1928895.0,181864365150.0,1.75,15512421800.0,6.059999942779541,158236.0,14862031000.0,-286593.0,-27036909350.0,128406.0,12160719200.0,-122663.0,-11509720250.0,7211.0,682102600.0,111450.0,10457395450.0,0.0,0.0,21040.0,1918709350.0,111391.0,10614378950.0,416.0,63250450.0,-465.0,-49091300.0
000660,SK하이닉스,유가,반도체 제조업,"반도체,컴퓨터,통신기기 제조,도매",1668000.0,3945674.0,6621650676150.0,5.769999980926514,194175229500.0,2.0399999618530273,-361605.0,-614669652500.0,390905.0,659557897000.0,-28260.0,-43095219500.0,9235.0,19180199500.0,3448.0,5787490500.0,16559.0,27376634000.0,807.0,1360713500.0,-18361.0,-29792150000.0,-39433.0,-66138155500.0,61.0,76701000.0,-1101.0,-1869726000.0
003570,SNT다이내믹스,유가,자동차 신품 부품 제조업,"자동차부품(동력전달장치 등),공작기계(CNC선반 등),사출성형기 제조",31350.0,123499.0,3851866650.0,1.1299999952316284,112615900.0,2.430000066757202,23836.0,739117375.0,55421.0,1728231875.0,-79199.0,-2465520750.0,-9818.0,-305969125.0,-93.0,-2887025.0,-17174.0,-534633450.0,0.0,0.0,-24162.0,-751018350.0,-27952.0,-871012800.0,-56.0,-1766400.0,-2.0,-62100.0
064960,SNT모티브,유가,자동차 신품 부품 제조업,"자동차부품(서스펜션모듈,전장품,속옵서버,에어백,트로틀바디,너클),방산품(총포) 제조,도매",27200.0,71815.0,1962864800.0,-0.3700000047683716,212255200.0,8.75,12320.0,335312750.0,-6544.0,-178064425.0,-329.0,-8517875.0,207.0,5596150.0,618.0,16834875.0,-1074.0,-28768925.0,-82.0,-2236275.0,-3.0,-81600.0,5.0,137900.0,-5487.0,-149818450.0,40.0,1088000.0
100840,SNT에너지,유가,일반 목적용 기계 제조업,"공냉식 열교환장치,폐열회수장치 제조",28450.0,111545.0,3138063075.0,2.7100000381469727,312644900.0,6.150000095367432,-825.0,-24148950.0,4757.0,133672575.0,-3886.0,-108201775.0,3535.0,100274975.0,-187.0,-5297350.0,-139.0,-3936400.0,0.0,0.0,-7099.0,-199354700.0,4.0,111700.0,-46.0,-1321850.0,0.0,0.0
036530,SNT홀딩스,유가,기타 금융업,"지배,경영지도,정리,육성",48500.0,6804.0,330033000.0,0.6200000047683716,15604600.0,3.1700000762939453,-153.0,-7722650.0,-359.0,-17062850.0,-209.0,-10099100.0,-299.0,-14497000.0,-79.0,-3816250.0,165.0,8019500.0,0.0,0.0,0.0,0.0,4.0,194650.0,721.0,34884600.0,0.0,0.0
000390,SP삼화,유가,기타 화학제품 제조업,"건축용페인트,공업용페인트,분체도료 등 제조",6040.0,57630.0,349575405.0,0.5,20099560.0,5.75,-6626.0,-40122820.0,6832.0,41430770.0,-207.0,-1314060.0,-38.0,-293020.0,-213.0,-1287600.0,44.0,266560.0,0.0,0.0,0.0,0.0,0.0,0.0,0.0,0.0,1.0,6110.0
011810,STX,유가,상품 종합 도매업,"에너지 원료(석탄,석유),산업기자재(기계부품) 도매",3530.0,0.0,0.0,0.0,0.0,0.0,0.0,0.0,0.0,0.0,0.0,0.0,0.0,0.0,0.0,0.0,0.0,0.0,0.0,0.0,0.0,0.0,0.0,0.0,0.0,0.0,0.0,0.0
465770,STX그린로지스,유가,해상 운송업,해상운송업 및 물류업,2720.0,682839.0,1882192564.0,-2.680000066757202,6822400.0,0.36000001430511475,-7293.0,-17851258.0,7497.0,18478828.0,0.0,-82670.0,0.0,-82670.0,0.0,0.0,0.0,0.0,0.0,0.0,0.0,0.0,0.0,0.0,0.0,0.0,-204.0,-544900.0
077970,STX엔진,유가,일반 목적용 기계 제조업,"엔진,터빈,내연기관 제조,도매",28100.0,364669.0,9970609850.0,15.15999984741211,465619050.0,2.75,-36038.0,-982537225.0,-26146.0,-728547200.0,58213.0,1600810875.0,12002.0,329289750.0,5238.0,145215550.0,6924.0,191065650.0,0.0,0.0,18871.0,514804275.0,15100.0,418261900.0,4083.0,114068200.0,-112.0,-3794650.0
002820,SUN&L,유가,플라스틱제품 제조업,"펌프 디스펜서, 스프레이 트리거",2220.0,21521.0,48436705.0,0.0,133060.0,0.27000001072883606,-254.0,-575500.0,-822.0,-1887860.0,3027.0,6829645.0,27.0,55835.0,0.0,0.0,0.0,0.0,0.0,0.0,0.0,0.0,3000.0,6773810.0,-1951.0,-4366285.0,0.0,0.0
002170,SYTS,유가,"가죽, 가방 및 유사제품 제조업","피혁원단,혁제운동화,혁제장갑,혁제스포츠용품 제조,상품중개,무역",55000.0,5912.0,324172500.0,1.4800000190734863,490200.0,0.15000000596046448,-846.0,-47366000.0,-3380.0,-184897900.0,4226.0,232263900.0,3721.0,204675400.0,140.0,7660600.0,365.0,19927900.0,0.0,0.0,0.0,0.0,0.0,0.0,0.0,0.0,0.0,0.0
084870,티비에이치글로벌,유가,봉제의복 제조업,"캐주얼의류,여성의류,남성의류 제조,도소매",2040.0,67533.0,137199638.0,1.2400000095367432,653130.0,0.47999998927116394,-22563.0,-45832290.0,-5417.0,-11079995.0,36318.0,73926905.0,36318.0,73926905.0,0.0,0.0,0.0,0.0,0.0,0.0,0.0,0.0,0.0,0.0,-8318.0,-16973720.0,-20.0,-40900.0
002710,TCC스틸,유가,1차 철강 제조업,"석도강판,표면처리강판 제조,판매",9570.0,69094.0,655574060.0,5.75,76467640.0,8.020000457763672,-1631.0,-15806400.0,2402.0,23091640.0,-468.0,-4418140.0,105.0,1004990.0,-483.0,-4570890.0,-95.0,-899250.0,0.0,0.0,0.0,0.0,5.0,47010.0,-2.0,-18720.0,-301.0,-2848380.0
069260,티케이지휴켐스,유가,기타 화학제품 제조업,"화합물,화학제품 제조",15270.0,52523.0,803905620.0,1.659999966621399,60322330.0,6.320000171661377,-8394.0,-129237985.0,14184.0,217300045.0,-5830.0,-88667460.0,-2555.0,-38779330.0,-6464.0,-98913565.0,2671.0,41031635.0,0.0,0.0,189.0,2932170.0,329.0,5061630.0,90.0,1374900.0,-50.0,-769500.0
007980,TP,유가,봉제의복 제조업,"봉제의류(자켓,파카,코트),침구 제조,우모가공,생활용품 도소매,무역",1723.0,156893.0,268981317.0,2.930000066757202,1122059.0,0.41999998688697815,-59906.0,-102554247.0,58477.0,100093452.0,-30.0,-51690.0,-30.0,-51690.0,0.0,0.0,0.0,0.0,0.0,0.0,0.0,0.0,0.0,0.0,1467.0,2526189.0,-8.0,-13704.0
002900,TYM,유가,특수 목적용 기계 제조업,"농기계,연초용필터,금속제양식기,철강압연 제조,도매,수출입/신문서적 수출입,판매",6570.0,343137.0,2231271980.0,5.800000190734863,9691100.0,0.4300000071525574,-44762.0,-280071640.0,122436.0,790485700.0,-77204.0,-507377380.0,-75.0,-492750.0,505.0,3307240.0,5366.0,35118130.0,0.0,0.0,0.0,0.0,0.0,0.0,-320.0,-2055680.0,-150.0,-981000.0
024070,WISCOM,유가,플라스틱제품 제조업,"플라스틱제품(PVC컴파운드,ABS,PS가공) 제조,도매,임가공",1903.0,21528.0,41159065.0,-1.909999966621399,7632.0,0.019999999552965164,-2062.0,-3966794.0,3047.0,5830971.0,0.0,0.0,0.0,0.0,0.0,0.0,0.0,0.0,0.0,0.0,0.0,0.0,0.0,0.0,-985.0,-1864177.0,0.0,0.0
037270,YG PLUS,유가,"자료처리, 호스팅, 포털 및 기타 인터넷 정보매개 서비스업","광고대행,광고물 제작",3400.0,272076.0,919904969.0,1.6399999856948853,9538495.0,1.0399999618530273,3038.0,9142132.0,-9782.0,-31937657.0,7330.0,24795130.0,3435.0,11643455.0,2440.0,8238125.0,1442.0,4869600.0,0.0,0.0,0.0,0.0,13.0,43950.0,-12.0,-40585.0,-574.0,-1959020.0
139130,iM금융지주,유가,기타 금융업,지주회사,17290.0,478769.0,8302704920.0,0.23000000417232513,279434675.0,3.2300000190734863,-15200.0,-267909075.0,-71871.0,-1247545575.0,91071.0,1585727990.0,43937.0,765071905.0,-2068.0,-35792250.0,-9722.0,-164271940.0,0.0,0.0,-8370.0,-145151330.0,67294.0,1165871605.0,-4000.0,-70273340.0,0.0,0.0
000500,가온전선,유가,절연선 및 케이블 제조업,"전력선,통신케이블 제조,도매,수출입",158900.0,210462.0,32786520800.0,8.460000038146973,2948941700.0,4.579999923706055,-21024.0,-3341919550.0,-3756.0,-538719700.0,26658.0,4175846900.0,5327.0,828453500.0,-78.0,-12234350.0,608.0,94703650.0,0.0,0.0,15687.0,2448860700.0,5114.0,816063400.0,-1712.0,-269392100.0,-166.0,-25815550.0
000860,강남제비스코,유가,기타 화학제품 제조업,"도료(페인트,락카,신나,에나멜,바니쉬),안료 제조,판매",12300.0,5845.0,72139070.0,0.07999999821186066,517340.0,0.7200000286102295,1508.0,18577790.0,-1426.0,-17565920.0,-82.0,-1011870.0,-82.0,-1011870.0,0.0,0.0,0.0,0.0,0.0,0.0,0.0,0.0,0.0,0.0,0.0,0.0,0.0,0.0
035250,강원랜드,유가,유원지 및 기타 오락관련 서비스업,"카지노,관광호텔,골프장,스키장,체육시설 운영",14180.0,723432.0,10374822470.0,-2.2100000381469727,2413121220.0,17.959999084472656,412954.0,5907163805.0,-372526.0,-5323008685.0,-46063.0,-664986530.0,-62318.0,-892527195.0,-366.0,-5271895.0,-6120.0,-87759660.0,0.0,0.0,-6947.0,-98370290.0,-19812.0,-284197510.0,3617.0,51940815.0,2018.0,28890595.0
011420,갤럭시아에스엠,유가,스포츠 서비스업,"스포츠중계권,스포츠마케팅,광고",1460.0,59256.0,87109633.0,-0.5400000214576721,2092896.0,2.4000000953674316,-6850.0,-10121363.0,7203.0,10640555.0,-19.0,-27740.0,-19.0,-27740.0,0.0,0.0,0.0,0.0,0.0,0.0,0.0,0.0,0.0,0.0,-34.0,-49852.0,-300.0,-441600.0
002100,경농,유가,"비료, 농약 및 살균, 살충제 제조업","완제농약(잡초약,살충제,살균제) 제조",9190.0,31948.0,293858145.0,0.4399999976158142,4379620.0,1.4900000095367432,-971.0,-8584370.0,1257.0,11208550.0,268.0,2461540.0,-18.0,-174890.0,138.0,1271930.0,148.0,1364500.0,0.0,0.0,0.0,0.0,0.0,0.0,-554.0,-5085720.0,0.0,0.0
009450,경동나비엔,유가,가정용 기기 제조업,"가정용기름보일러,입형,횡형 온수보일러,가스보일러,버너,흡수식 냉온수기,전기보일러,진공온수보일러,태양열보일러 제조,판매",68600.0,20836.0,1432181700.0,0.15000000596046448,140211700.0,6.960000038146973,-4489.0,-309485000.0,5343.0,367768000.0,546.0,37617600.0,265.0,18192400.0,21.0,1477300.0,-42.0,-2884500.0,0.0,0.0,299.0,20625600.0,3.0,206800.0,-1399.0,-95831700.0,-1.0,-68900.0
267290,경동도시가스,유가,연료용 가스 제조 및 배관공급업,도시가스,20150.0,5823.0,117703250.0,-0.49000000953674316,161200.0,0.14000000059604645,3108.0,62808900.0,-3053.0,-61692500.0,-8.0,-160600.0,-7.0,-140450.0,0.0,0.0,-1.0,-20150.0,0.0,0.0,0.0,0.0,0.0,0.0,-47.0,-955800.0,0.0,0.0
012320,경동인베스트,유가,기타 금융업,지주회사,45750.0,4238.0,195329750.0,1.100000023841858,1847850.0,0.949999988079071,-666.0,-30590300.0,670.0,30774000.0,-3.0,-137250.0,-3.0,-137250.0,0.0,0.0,0.0,0.0,0.0,0.0,0.0,0.0,0.0,0.0,-1.0,-46450.0,0.0,0.0
000050,경방,유가,종합 소매업,"섬유류(면사,면혼방사,면직물,면혼방직물,화섬사,화섬직물) 제조,도매,수출입",8770.0,68193.0,596136830.0,3.180000066757202,1960540.0,0.33000001311302185,20790.0,182445400.0,-8074.0,-71084780.0,-12374.0,-108364700.0,-129.0,-1129430.0,-496.0,-4321170.0,-149.0,-1298220.0,0.0,0.0,-2000.0,-17423880.0,0.0,0.0,-342.0,-2995920.0,0.0,0.0
214390,경보제약,유가,기초 의약물질 제조업,"아토르바스타틴, 세프티족심, 세프트리약손",5200.0,21377.0,111221810.0,-0.5699999928474426,4948940.0,4.449999809265137,1939.0,10077420.0,-2003.0,-10393230.0,-122.0,-643590.0,-122.0,-643590.0,0.0,0.0,0.0,0.0,0.0,0.0,0.0,0.0,0.0,0.0,0.0,0.0,186.0,959400.0
012610,경인양행,유가,기초 화학물질 제조업,"반응성염료,직접염료,산성염료,삼원색원료 제조,수출입",3060.0,194604.0,593725004.0,3.7300000190734863,21630065.0,3.640000104904175,-7535.0,-22634197.0,6234.0,18668535.0,-1536.0,-4715268.0,-1536.0,-4715268.0,0.0,0.0,0.0,0.0,0.0,0.0,0.0,0.0,0.0,0.0,0.0,0.0,2837.0,8680930.0
009140,경인전자,유가,전자부품 제조업,"스위치,리모콘,배선기구,섬머스타트,게임기,전자부품 제조,판매",21700.0,4500.0,96739125.0,4.329999923706055,1547700.0,1.600000023841858,1869.0,40372625.0,-1868.0,-40330275.0,-1.0,-42350.0,-1.0,-42350.0,0.0,0.0,0.0,0.0,0.0,0.0,0.0,0.0,0.0,0.0,0.0,0.0,0.0,0.0
013580,계룡건설산업,유가,토목 건설업,"건축공사,주택공사,토목공사,포장공사,전기공사",19730.0,46997.0,926685880.0,2.390000104904175,58038250.0,6.260000228881836,-4497.0,-88914980.0,6478.0,127892330.0,-1207.0,-23744410.0,-424.0,-8371440.0,-551.0,-10817970.0,-232.0,-4555000.0,0.0,0.0,0.0,0.0,0.0,0.0,38.0,750600.0,-812.0,-15983540.0
012200,계양전기,유가,일반 목적용 기계 제조업,"전동공구(그라인더,드릴,커팅머신 등), 엔진, 자동차용 모터 제조",4115.0,494901.0,2005454097.0,9.010000228881836,29016575.0,1.4500000476837158,-22514.0,-87186263.0,22900.0,88875183.0,-50.0,-244145.0,-50.0,-244145.0,0.0,0.0,0.0,0.0,0.0,0.0,0.0,0.0,0.0,0.0,745.0,3069135.0,-1081.0,-4513910.0
012205,계양전기우,KOSPI,기타/미분류,기타/미분류,6470.0,20955.0,134321840.0,6.409999847412109,0.0,0.0,94.0,605200.0,0.0,0.0,0.0,0.0,0.0,0.0,0.0,0.0,0.0,0.0,0.0,0.0,0.0,0.0,0.0,0.0,-4.0,-25600.0,-90.0,-579600.0
002140,고려산업,유가,"곡물가공품, 전분 및 전분제품 제조업","배합사료,플라스틱용기 제조/부동산 임대",2195.0,1422966.0,3110466544.0,1.6200000047683716,9594660.0,0.3100000023841858,-18989.0,-38605245.0,20125.0,41153885.0,-16.0,-135190.0,-16.0,-135190.0,0.0,0.0,0.0,0.0,0.0,0.0,0.0,0.0,0.0,0.0,0.0,45000.0,-1120.0,-2458450.0
010130,고려아연,유가,1차 비철금속 제조업,"연,아연괴 제조,판매",1095000.0,15546.0,16980299500.0,4.889999866485596,630713000.0,3.0,-1476.0,-1638778500.0,-2489.0,-2757562000.0,3896.0,4319573500.0,-149.0,-171570000.0,846.0,937709500.0,623.0,714726000.0,0.0,0.0,1605.0,1763523500.0,968.0,1071921500.0,80.0,88747000.0,-11.0,-11980000.0
002240,고려제강,유가,1차 철강 제조업,"PC강선,선재 2차제품,와이어로프,비드와이어,SC(Surpass Coat) Stand,각종선재 제조,도매",17140.0,17384.0,298915520.0,0.7099999785423279,18244570.0,4.929999828338623,-1826.0,-31443490.0,571.0,9789190.0,1378.0,23775250.0,1101.0,19014170.0,246.0,4228040.0,26.0,446810.0,0.0,0.0,0.0,0.0,5.0,86230.0,-121.0,-2086290.0,-2.0,-34660.0
009290,광동제약,유가,의약품 제조업,"의약품,식음료 제조,도매",6180.0,140500.0,879609830.0,0.1599999964237213,45881840.0,5.21999979019165,-9538.0,-59611555.0,9003.0,56371385.0,555.0,3365310.0,481.0,2903580.0,0.0,0.0,64.0,398940.0,0.0,0.0,0.0,0.0,10.0,62790.0,0.0,0.0,-20.0,-125140.0
017040,광명전기,유가,"전동기, 발전기 및 전기 변환 · 공급 · 제어 장치 제조업","수배전반,가스절연개폐장치,빌딩자동화시스템,중앙감시반,자동제어반 제조,도소매,무역",932.0,0.0,0.0,0.0,0.0,0.0,0.0,0.0,0.0,0.0,0.0,0.0,0.0,0.0,0.0,0.0,0.0,0.0,0.0,0.0,0.0,0.0,0.0,0.0,0.0,0.0,0.0,0.0
017900,광전자,유가,반도체 제조업,"트랜지스터,SMD TR,발광소자,리모콘모듈,발광다이오드(L.E.D),다이오드용웨이퍼팹(Fab) 제조,판매",7060.0,14450546.0,100747486350.0,21.309999465942383,571928280.0,0.5699999928474426,957084.0,6306814460.0,-922764.0,-6056521345.0,-5763.0,-37263875.0,-11551.0,-78738135.0,314.0,2268485.0,1851.0,13342485.0,0.0,0.0,0.0,570.0,3623.0,25862720.0,-25529.0,-186342760.0,-3028.0,-26686480.0
037710,광주신세계,유가,종합 소매업,백화점,39200.0,137637.0,5465752300.0,2.75,104119475.0,0.949999988079071,15723.0,630301075.0,-14900.0,-596630275.0,-367.0,-15599100.0,268.0,9612700.0,-93.0,-3681200.0,0.0,0.0,0.0,0.0,-541.0,-21490700.0,-1.0,-39900.0,1.0,39750.0,-457.0,-18111450.0
037710,광주신세계,유가,종합 소매업,백화점,39200.0,137637.0,5465752300.0,2.75,104119475.0,0.949999988079071,15723.0,630301075.0,-14900.0,-596630275.0,-367.0,-15599100.0,268.0,9612700.0,-93.0,-3681200.0,0.0,0.0,0.0,0.0,-541.0,-21490700.0,-1.0,-39900.0,1.0,39750.0,-457.0,-18111450.0
030610,교보증권,유가,금융 지원 서비스업,"유가증권 매매,중개,대리,인수",9790.0,40277.0,396111800.0,1.4500000476837158,26390370.0,3.9600000381469727,4433.0,43299445.0,5870.0,57908490.0,-10303.0,-101207935.0,44.0,472530.0,-704.0,-6878560.0,-470.0,-4590930.0,0.0,0.0,-9196.0,-90437365.0,23.0,226390.0,0.0,0.0,0.0,0.0
339770,교촌에프앤비,유가,음·식료품 및 담배 도매업,치킨 프랜차이즈,3745.0,92182.0,343466373.0,0.9399999976158142,3987470.0,1.159999966621399,27507.0,102463490.0,-31003.0,-115554364.0,559.0,2093304.0,900.0,3359030.0,-365.0,-1354950.0,24.0,89224.0,0.0,0.0,0.0,0.0,0.0,0.0,300.0,1116000.0,2637.0,9881570.0
007690,국도화학,유가,기초 화학물질 제조업,"에폭시수지,폴리아마이드수지,아염소산소다 제조,도소매",38700.0,21445.0,837174900.0,0.0,5930100.0,0.5299999713897705,-2682.0,-107493050.0,5408.0,212698775.0,-3582.0,-138332925.0,5317.0,206853350.0,-5.0,-192950.0,-9.0,-347750.0,0.0,0.0,-8887.0,-344724575.0,2.0,79000.0,856.0,33127200.0,0.0,0.0
002720,국제약품,유가,의약품 제조업,"항생제,안약,제약 제조,도매",3275.0,43586.0,143603995.0,0.3100000023841858,896580.0,0.6200000047683716,14267.0,46884925.0,-14148.0,-46487760.0,-13.0,-42575.0,-13.0,-42575.0,0.0,0.0,0.0,0.0,0.0,0.0,0.0,0.0,0.0,0.0,-6.0,-20040.0,-100.0,-334550.0
083420,그린케미칼,유가,기타 화학제품 제조업,"비이온계면활성제 제조,도매",4990.0,49617.0,245468291.0,1.2200000286102295,1271185.0,0.5199999809265137,-9339.0,-46021159.0,7386.0,36369819.0,-34.0,-234730.0,-34.0,-234730.0,0.0,0.0,0.0,0.0,0.0,0.0,0.0,0.0,0.0,0.0,1987.0,9886070.0,0.0,0.0
014530,극동유화,유가,석유 정제품 제조업,"윤활유,유동파라핀,왁스,방수용시트,아스팔트 제조/수입자동차,부품 도매/가스충전,산업설비 청소",3135.0,53592.0,169038994.0,-0.1599999964237213,150480.0,0.09000000357627869,13893.0,43797639.0,-14036.0,-44250629.0,-48.0,-150480.0,-48.0,-150480.0,0.0,0.0,0.0,0.0,0.0,0.0,0.0,0.0,0.0,0.0,191.0,603470.0,0.0,0.0
014280,금강공업,유가,1차 철강 제조업,"건설가설재,강관,거푸집 제조,판매",4060.0,32752.0,133885769.0,0.5,4137375.0,3.0899999141693115,-9419.0,-38625826.0,9524.0,39054206.0,-101.0,-411895.0,-101.0,-411895.0,0.0,0.0,0.0,0.0,0.0,0.0,0.0,0.0,0.0,0.0,0.0,0.0,-4.0,-16485.0
014285,금강공업우,KOSPI,기타/미분류,기타/미분류,5290.0,1339.0,7016620.0,-0.1899999976158142,0.0,0.0,1.0,5230.0,-1.0,-5230.0,0.0,0.0,0.0,0.0,0.0,0.0,0.0,0.0,0.0,0.0,0.0,0.0,0.0,0.0,0.0,0.0,0.0,0.0
008870,금비,유가,유리 및 유리제품 제조업,"유리제품(주류병) 제조/화장품 도소매,수입(병제조기기)",38350.0,87.0,3330900.0,-0.12999999523162842,76700.0,2.299999952316284,11.0,421350.0,4.0,153250.0,-14.0,-536100.0,-14.0,-536100.0,0.0,0.0,0.0,0.0,0.0,0.0,0.0,0.0,0.0,0.0,-1.0,-38500.0,0.0,0.0
001570,금양,유가,기초 화학물질 제조업,"발포제,사카린,OPTSA,베나졸,TCA 제조",9900.0,0.0,0.0,0.0,0.0,0.0,0.0,0.0,0.0,0.0,0.0,0.0,0.0,0.0,0.0,0.0,0.0,0.0,0.0,0.0,0.0,0.0,0.0,0.0,0.0,0.0,0.0,0.0
002990,금호건설,유가,건물 건설업,"종합건설/여객운송,관광/부동산 임대,분양",9770.0,5671969.0,57708215545.0,1.659999966621399,472307795.0,0.8199999928474426,94112.0,971899730.0,-95701.0,-984941655.0,-5987.0,-63843400.0,-5999.0,-63961280.0,0.0,0.0,12.0,117880.0,0.0,0.0,0.0,0.0,0.0,0.0,1240.0,14394900.0,6336.0,62490425.0
002990,금호건설,유가,건물 건설업,"종합건설/여객운송,관광/부동산 임대,분양",9770.0,5671969.0,57708215545.0,1.659999966621399,472307795.0,0.8199999928474426,94112.0,971899730.0,-95701.0,-984941655.0,-5987.0,-63843400.0,-5999.0,-63961280.0,0.0,0.0,12.0,117880.0,0.0,0.0,0.0,0.0,0.0,0.0,1240.0,14394900.0,6336.0,62490425.0
002995,금호건설우,KOSPI,기타/미분류,기타/미분류,18900.0,25624.0,491800770.0,-0.25999999046325684,76360.0,0.019999999552965164,225.0,4367050.0,-225.0,-4367050.0,0.0,0.0,0.0,0.0,0.0,0.0,0.0,0.0,0.0,0.0,0.0,0.0,0.0,0.0,0.0,0.0,0.0,0.0
011780,금호석유화학,유가,기초 화학물질 제조업,"합성고무 SBR(스티렌부타디엔러버),BR(폴리부타디엔러버),합성수지,BD,라텍스 제조,도소매",119800.0,70253.0,8332471450.0,2.390000104904175,115123900.0,1.190000057220459,-1826.0,-219765700.0,18470.0,2192816350.0,-16677.0,-1976965150.0,1626.0,191216700.0,-3632.0,-430603200.0,-10552.0,-1248001800.0,0.0,0.0,-4551.0,-541057700.0,441.0,52550750.0,27.0,3207700.0,6.0,706800.0
011785,금호석유화학우,KOSPI,기타/미분류,기타/미분류,49500.0,3000.0,148126475.0,0.20000000298023224,495000.0,0.33000001311302185,-556.0,-27377875.0,490.0,24094175.0,65.0,3234250.0,63.0,3135400.0,2.0,98850.0,0.0,0.0,0.0,0.0,0.0,0.0,0.0,0.0,1.0,49450.0,0.0,0.0
214330,금호에이치티,유가,자동차 신품 부품 제조업,자동차용 전구 및 LED모듈,5170.0,47360.0,247561780.0,-1.5199999809265137,27858750.0,11.25,-2550.0,-13082940.0,561.0,2781020.0,2188.0,11341650.0,2188.0,11341650.0,0.0,0.0,0.0,0.0,0.0,0.0,0.0,0.0,0.0,0.0,0.0,0.0,-199.0,-1039730.0
001210,금호전기,유가,전구 및 조명장치 제조업,"형광등,백열전구,전구식현광등,실드빔(차량용전조) 제조,판매",3690.0,1758465.0,6574216989.0,0.6800000071525574,48104770.0,0.7300000190734863,-35085.0,-132073072.0,32632.0,122955075.0,-7.0,-146170.0,-7.0,-146170.0,0.0,0.0,0.0,0.0,0.0,0.0,0.0,0.0,0.0,0.0,0.0,-10220.0,2460.0,9274387.0
073240,금호타이어,유가,고무제품 제조업,"타이어,튜브 제조,도매,무역",7380.0,7629558.0,56877859505.0,5.730000019073486,1380189230.0,1.2999999523162842,-545221.0,-4108685015.0,762255.0,5722808660.0,-201261.0,-1493643315.0,51972.0,384835130.0,-2525.0,-18824705.0,-6321.0,-47198640.0,-250000.0,-1853498730.0,12382.0,91714205.0,-6769.0,-50670575.0,-2061.0,-17594940.0,-13712.0,-102885390.0
073240,금호타이어,유가,고무제품 제조업,"타이어,튜브 제조,도매,무역",7380.0,7629558.0,56877859505.0,5.730000019073486,1380189230.0,1.2999999523162842,-545221.0,-4108685015.0,762255.0,5722808660.0,-201261.0,-1493643315.0,51972.0,384835130.0,-2525.0,-18824705.0,-6321.0,-47198640.0,-250000.0,-1853498730.0,12382.0,91714205.0,-6769.0,-50670575.0,-2061.0,-17594940.0,-13712.0,-102885390.0
092440,기신정기,유가,특수 목적용 기계 제조업,"몰드베이스,금형부품,정밀기계기구 제조,도매,무역",1874.0,66149.0,123524884.0,0.3700000047683716,581862.0,0.4699999988079071,5551.0,10200554.0,-7258.0,-13535093.0,1707.0,3334539.0,1707.0,3334539.0,0.0,0.0,0.0,0.0,0.0,0.0,0.0,0.0,0.0,0.0,0.0,0.0,0.0,0.0
000270,기아,유가,자동차용 엔진 및 자동차 제조업,"승용차,중대형버스,트럭,민수특수차량,군수차량 제조,판매,정비",133000.0,850555.0,113104301200.0,2.619999885559082,2299014400.0,1.7599999904632568,-79142.0,-10563512250.0,126143.0,16799766700.0,-46808.0,-6213191250.0,10460.0,1403888900.0,-8140.0,-1082786850.0,-38793.0,-5161549150.0,90.0,12040750.0,-9860.0,-1309536050.0,-227.0,-30192200.0,-372.0,-46775300.0,179.0,23712100.0
024110,기업은행,유가,은행 및 저축기관,은행업,20200.0,830671.0,16882340075.0,-0.7400000095367432,2524335800.0,11.050000190734863,242309.0,4883387200.0,-156148.0,-3142128950.0,-90581.0,-1831028950.0,-10367.0,-204756750.0,-1876.0,-38041275.0,-35721.0,-724703475.0,0.0,0.0,-6687.0,-134202950.0,-35930.0,-729324525.0,4444.0,90289400.0,-24.0,-518700.0
013700,까뮤이앤씨,유가,건물 건설업,"토목공사,건축공사/부동산 임대",1494.0,255568.0,386629676.0,0.8799999952316284,464817.0,0.11999999731779099,-70946.0,-107559755.0,66368.0,100639427.0,1220.0,1827063.0,1220.0,1827063.0,0.0,0.0,0.0,0.0,0.0,0.0,0.0,0.0,0.0,0.0,4630.0,7012270.0,-1272.0,-1919005.0
004540,깨끗한나라,유가,"펄프, 종이 및 판지 제조업","펄프,판지원지,화장지 제조,수출입",1180.0,87778.0,102962301.0,2.7899999618530273,31794.0,0.029999999329447746,-36005.0,-42199063.0,36178.0,42402953.0,-23.0,-27140.0,-23.0,-27140.0,0.0,0.0,0.0,0.0,0.0,0.0,0.0,0.0,0.0,0.0,0.0,0.0,-150.0,-176750.0
004545,깨끗한나라우,KOSPI,기타/미분류,기타/미분류,4480.0,6197.0,28773250.0,0.0,0.0,0.0,-20.0,-93200.0,0.0,0.0,20.0,93200.0,20.0,93200.0,0.0,0.0,0.0,0.0,0.0,0.0,0.0,0.0,0.0,0.0,0.0,0.0,0.0,0.0
001260,남광토건,유가,토목 건설업,"토목공사,건축공사,기전공사,측량설계시공,용역/철구조물 제조",7600.0,47197.0,357753800.0,2.430000066757202,45600.0,0.009999999776482582,-7112.0,-53968635.0,7119.0,54021795.0,-6.0,-45600.0,-6.0,-45600.0,0.0,0.0,0.0,0.0,0.0,0.0,0.0,0.0,0.0,0.0,0.0,0.0,-1.0,-7560.0
008350,남선알미늄,유가,1차 비철금속 제조업,알미늄샷시 제조/환경사업,1048.0,789764.0,833428466.0,-0.28999999165534973,24350855.0,2.9200000762939453,178517.0,188492350.0,-164266.0,-173530071.0,-15081.0,-15839443.0,-81.0,-84888.0,0.0,0.0,0.0,0.0,0.0,0.0,-15000.0,-15754555.0,0.0,0.0,487.0,517974.0,343.0,359190.0
008355,남선알미우,KOSPI,기타/미분류,기타/미분류,7040.0,433.0,3034200.0,-0.5600000023841858,0.0,0.0,-83.0,-580960.0,-1.0,-7040.0,0.0,0.0,0.0,0.0,0.0,0.0,0.0,0.0,0.0,0.0,0.0,0.0,0.0,0.0,0.0,0.0,84.0,588000.0
004270,남성,유가,기타 전문 도매업,"수출입(카오디오)/통신기기 제조,판매/이동통신,유선방송,정보통신/생활필수품,식품 판매/부동산 임대",6150.0,17287.0,105630640.0,2.5,1935790.0,1.8300000429153442,1507.0,9041570.0,-169.0,-993160.0,-1276.0,-7663760.0,-1238.0,-7432960.0,0.0,0.0,-38.0,-230800.0,0.0,0.0,0.0,0.0,0.0,0.0,-62.0,-384650.0,0.0,0.0
003920,남양유업,유가,동·식물성 유지 및 낙농제품 제조업,"시유,조제분유,발효유,이유밀,치즈,프렌치까페 제조,도매",43550.0,2063.0,89920850.0,0.6899999976158142,4793550.0,4.789999961853027,-15.0,-642800.0,-25.0,-1101300.0,40.0,1744100.0,42.0,1830750.0,-2.0,-86650.0,0.0,0.0,0.0,0.0,0.0,0.0,0.0,0.0,0.0,0.0,0.0,0.0
003925,남양유업우,KOSPI,기타/미분류,기타/미분류,30950.0,3412.0,105373950.0,0.3199999928474426,0.0,0.0,-98.0,-3129800.0,95.0,3037500.0,0.0,0.0,0.0,0.0,0.0,0.0,0.0,0.0,0.0,0.0,0.0,0.0,0.0,0.0,0.0,0.0,3.0,92300.0
025860,남해화학,유가,"비료, 농약 및 살균, 살충제 제조업","비료(요소,복합비료),공업제품원료 제조,도매",5700.0,208107.0,1184875445.0,1.4199999570846558,74720330.0,6.309999942779541,-37034.0,-211805325.0,31507.0,180323020.0,5658.0,32226985.0,1152.0,6568245.0,2924.0,16647160.0,1572.0,8954530.0,0.0,0.0,0.0,0.0,10.0,57050.0,-71.0,-403280.0,-60.0,-341400.0
005720,넥센,유가,고무제품 제조업,"자동차용 재생타이어튜브,솔리드타이어,고무부품,골프볼,와이어로프소재,특수강선,열처리도금선,건자재 제조,판매,수출입",5960.0,32361.0,190518425.0,2.049999952316284,530440.0,0.2800000011920929,-6097.0,-35895650.0,4163.0,24662400.0,2077.0,12075520.0,2952.0,17202360.0,-681.0,-3990170.0,-194.0,-1136670.0,0.0,0.0,0.0,0.0,0.0,0.0,-143.0,-842270.0,0.0,0.0
005725,넥센우,KOSPI,기타/미분류,기타/미분류,4295.0,22.0,94490.0,0.23000000417232513,0.0,0.0,0.0,0.0,0.0,0.0,0.0,0.0,0.0,0.0,0.0,0.0,0.0,0.0,0.0,0.0,0.0,0.0,0.0,0.0,0.0,0.0,0.0,0.0
002350,넥센타이어,유가,고무제품 제조업,"타이어,후랩,고무제타이어(승용자동차용,래디알구조) 제조",6460.0,71191.0,459303565.0,1.100000023841858,34185250.0,7.440000057220459,9802.0,62799175.0,9818.0,63672060.0,-20730.0,-133580735.0,-1111.0,-7207490.0,40.0,257370.0,-235.0,-1505830.0,0.0,0.0,-19443.0,-125248235.0,19.0,123450.0,1110.0,7109500.0,0.0,0.0
002355,넥센타이어1우B,KOSPI,기타/미분류,기타/미분류,3830.0,3599.0,13754050.0,0.12999999523162842,0.0,0.0,1786.0,6805450.0,119.0,455420.0,-1905.0,-7260870.0,-1905.0,-7260870.0,0.0,0.0,0.0,0.0,0.0,0.0,0.0,0.0,0.0,0.0,0.0,0.0,0.0,0.0
092790,넥스틸,유가,1차 철강 제조업,"OCTG Pipe, Line Pipe, Standard Pipe, 일반관",12100.0,211206.0,2521206400.0,7.559999942779541,26319690.0,1.0399999618530273,-2084.0,-21057160.0,2039.0,20605605.0,60.0,537455.0,-1833.0,-22046030.0,0.0,0.0,107.0,1290270.0,0.0,0.0,1834.0,21870235.0,-48.0,-577020.0,-314.0,-3673250.0,299.0,3587350.0
251270,넷마블,유가,소프트웨어 개발 및 공급업,온라인·모바일 게임 소프트웨어 개발 및 공급,37950.0,170047.0,6564783725.0,-3.440000057220459,1050479400.0,13.899999618530273,60605.0,2331395650.0,-31381.0,-1210365600.0,-29258.0,-1122329750.0,-20957.0,-800285725.0,-733.0,-28277200.0,-5319.0,-207077250.0,0.0,0.0,-135.0,-4836350.0,-2114.0,-81853225.0,23.0,868900.0,11.0,430800.0
090350,노루페인트,유가,기타 화학제품 제조업,페인트 제조,7660.0,26140.0,199830755.0,0.38999998569488525,866220.0,0.4300000071525574,22.0,56840.0,-876.0,-6584020.0,854.0,6527180.0,854.0,6527180.0,0.0,0.0,0.0,0.0,0.0,0.0,0.0,0.0,0.0,0.0,0.0,0.0,0.0,0.0
090355,노루페인트우,KOSPI,기타/미분류,기타/미분류,10780.0,100.0,1083060.0,-0.550000011920929,0.0,0.0,0.0,0.0,0.0,0.0,0.0,0.0,0.0,0.0,0.0,0.0,0.0,0.0,0.0,0.0,0.0,0.0,0.0,0.0,0.0,0.0,0.0,0.0
000320,노루홀딩스,유가,기타 금융업,지주사업,16000.0,9194.0,145453850.0,3.2300000190734863,320000.0,0.1599999964237213,-1242.0,-19471340.0,2270.0,35771190.0,-406.0,-6430540.0,-20.0,-336640.0,-275.0,-4341760.0,-111.0,-1752140.0,0.0,0.0,0.0,0.0,0.0,0.0,-2.0,-32260.0,-620.0,-9837050.0
000325,노루홀딩스우,KOSPI,기타/미분류,기타/미분류,22150.0,280.0,6046150.0,3.0199999809265137,0.0,0.0,6.0,132950.0,-6.0,-132950.0,0.0,0.0,0.0,0.0,0.0,0.0,0.0,0.0,0.0,0.0,0.0,0.0,0.0,0.0,0.0,0.0,0.0,0.0
006280,녹십자,유가,의약품 제조업,"알부민외 제조,판매",122300.0,41286.0,5086740750.0,1.9199999570846558,1342376800.0,23.34000015258789,-6621.0,-821034000.0,6382.0,789103350.0,271.0,36044750.0,839.0,106393000.0,-38.0,-4714400.0,-185.0,-22854700.0,0.0,0.0,-23.0,-2903300.0,-323.0,-39998750.0,-24.0,-3124400.0,-8.0,-989700.0
005250,녹십자홀딩스,유가,회사 본부 및 경영 컨설팅 서비스업,"알부민,유로키나제,간염백신,유행성출혈열백신 제조",10060.0,81644.0,818759115.0,2.130000114440918,92183590.0,8.670000076293945,4486.0,45045300.0,-3332.0,-33458135.0,-1254.0,-12587165.0,-829.0,-8325350.0,-264.0,-2643955.0,-101.0,-1013100.0,0.0,0.0,-70.0,-704520.0,10.0,99760.0,100.0,1000000.0,0.0,0.0
005257,녹십자홀딩스2우,KOSPI,기타/미분류,기타/미분류,15290.0,92.0,1390850.0,-0.07000000029802322,0.0,0.0,0.0,0.0,0.0,0.0,0.0,0.0,0.0,0.0,0.0,0.0,0.0,0.0,0.0,0.0,0.0,0.0,0.0,0.0,0.0,0.0,0.0,0.0
004370,농심,유가,기타 식품 제조업,"라면,스낵,유지 제조,도매,수출입",376500.0,14732.0,5569397750.0,0.0,422255500.0,6.289999961853027,700.0,260944250.0,936.0,353088000.0,-1658.0,-622330750.0,-1244.0,-466521250.0,-498.0,-187794000.0,-5.0,-1877750.0,0.0,0.0,107.0,40669500.0,-18.0,-6812250.0,16.0,6054500.0,6.0,2244000.0
072710,농심홀딩스,유가,기타 금융업,"지주회사,투자자문,경영컨설팅 서비스",88300.0,8669.0,763594100.0,-1.340000033378601,11271600.0,0.949999988079071,2108.0,184794600.0,-2071.0,-181585000.0,-49.0,-4263900.0,-37.0,-3266200.0,-77.0,-6771100.0,65.0,5772600.0,0.0,0.0,0.0,0.0,0.0,0.0,10.0,877000.0,2.0,177300.0
058730,다스코,유가,"구조용 금속제품, 탱크 및 증기발생기 제조업","데크플레이트,도로안전시설물(가드레일,강재방호책),건축용단열재보드(경질우레탄보드),신재생에너지사업",3220.0,1389920.0,4566356135.0,0.7799999713897705,44641435.0,0.9800000190734863,-78077.0,-255134175.0,50692.0,164596470.0,6288.0,20914500.0,6288.0,20914500.0,0.0,0.0,0.0,0.0,0.0,0.0,0.0,0.0,0.0,0.0,755.0,2435275.0,20342.0,67187930.0
058730,다스코,유가,"구조용 금속제품, 탱크 및 증기발생기 제조업","데크플레이트,도로안전시설물(가드레일,강재방호책),건축용단열재보드(경질우레탄보드),신재생에너지사업",3220.0,1389920.0,4566356135.0,0.7799999713897705,44641435.0,0.9800000190734863,-78077.0,-255134175.0,50692.0,164596470.0,6288.0,20914500.0,6288.0,20914500.0,0.0,0.0,0.0,0.0,0.0,0.0,0.0,0.0,0.0,0.0,755.0,2435275.0,20342.0,67187930.0
030210,다올투자증권,유가,금융 지원 서비스업,"금융업, 서비스, 부동산",3550.0,99034.0,350597240.0,2.5999999046325684,9942605.0,2.8399999141693115,-22831.0,-79819540.0,11819.0,40917130.0,11012.0,38902410.0,11015.0,38913060.0,0.0,0.0,-3.0,-10650.0,0.0,0.0,0.0,0.0,0.0,0.0,0.0,0.0,0.0,0.0
023590,다우기술,유가,"자료처리, 호스팅, 포털 및 기타 인터넷 정보매개 서비스업","인터넷솔루션 개발,도매,IT컨설팅,시스템 설계,자문,인터넷관련서비스/부동산분양,개발,임대",39000.0,34255.0,1339271000.0,1.2999999523162842,504880600.0,30.639999389648438,6648.0,259901400.0,-3881.0,-151815500.0,-6693.0,-261588800.0,-331.0,-12922250.0,-196.0,-7639250.0,-175.0,-6830900.0,0.0,0.0,-3.0,-116750.0,-5988.0,-234079650.0,3926.0,153502900.0,0.0,0.0
145210,다이나믹디자인,유가,특수 목적용 기계 제조업,"타이어 금형, 타이어 제조설비",2240.0,0.0,0.0,0.0,0.0,0.0,0.0,0.0,0.0,0.0,0.0,0.0,0.0,0.0,0.0,0.0,0.0,0.0,0.0,0.0,0.0,0.0,0.0,0.0,0.0,0.0,0.0,0.0
145210,다이나믹디자인,유가,특수 목적용 기계 제조업,"타이어 금형, 타이어 제조설비",2240.0,0.0,0.0,0.0,0.0,0.0,0.0,0.0,0.0,0.0,0.0,0.0,0.0,0.0,0.0,0.0,0.0,0.0,0.0,0.0,0.0,0.0,0.0,0.0,0.0,0.0,0.0,0.0
483650,달바글로벌,유가,기타 화학제품 제조업,"기초 화장품, 건강기능식품 등",232000.0,103468.0,24245636750.0,-3.130000114440918,601944500.0,1.6200000047683716,13394.0,3101441750.0,3841.0,918053250.0,-17626.0,-4114227500.0,-579.0,-129717000.0,-803.0,-188278500.0,-4124.0,-963416750.0,0.0,0.0,-6984.0,-1635632250.0,-5136.0,-1197183000.0,855.0,202574000.0,-464.0,-107841500.0
019680,대교,유가,초등 교육기관,"학습지,참고서 출판/건설업/종합유선방송 프로그램공급,디지털학원",976.0,120967.0,113421650.0,9.050000190734863,122877.0,0.10999999940395355,-41915.0,-39564357.0,26966.0,25422269.0,-51.0,-49776.0,-51.0,-49776.0,0.0,0.0,0.0,0.0,0.0,0.0,0.0,0.0,0.0,0.0,15000.0,14191864.0,0.0,0.0
019685,대교우B,KOSPI,기타/미분류,기타/미분류,720.0,16751.0,11967128.0,1.409999966621399,0.0,0.0,3283.0,2370588.0,483.0,344061.0,-3766.0,-2714649.0,-3766.0,-2714649.0,0.0,0.0,0.0,0.0,0.0,0.0,0.0,0.0,0.0,0.0,0.0,0.0,0.0,0.0
006370,대구백화점,유가,종합 소매업,"백화점운영,임대사업(백화점 코너)",4685.0,33205.0,158917325.0,-4.090000152587891,62205.0,0.03999999910593033,9494.0,45262010.0,-5819.0,-27488760.0,-7.0,17555.0,-7.0,17555.0,0.0,0.0,0.0,0.0,0.0,0.0,0.0,0.0,0.0,0.0,-7300.0,-35143185.0,3632.0,17352380.0
008060,대덕,유가,기타 금융업,"산업용 인쇄회로기판,다층 인쇄회로기판,빌드업기판,반도체패키지기판,메모리모듈기판 제조",15000.0,91539.0,1362365380.0,7.300000190734863,55476220.0,2.7899999618530273,-318.0,-2728775.0,-1511.0,-24863630.0,-748.0,-10958725.0,-105.0,-1289355.0,-699.0,-10514660.0,-180.0,-2692490.0,0.0,0.0,0.0,0.0,236.0,3537780.0,1453.0,21766930.0,1124.0,16784200.0
00806K,대덕1우,KOSPI,기타/미분류,기타/미분류,10890.0,3286.0,35504400.0,2.450000047683716,129180.0,0.36000001430511475,204.0,2213620.0,-205.0,-2224480.0,1.0,10860.0,1.0,10860.0,0.0,0.0,0.0,0.0,0.0,0.0,0.0,0.0,0.0,0.0,0.0,0.0,0.0,0.0
353200,대덕전자,유가,전자부품 제조업,"PCB(Printed Circuit Board, 인쇄회로기판)의 제조 및 판매",106300.0,1261985.0,132269103850.0,8.6899995803833,6634448300.0,5.019999980926514,-108751.0,-11510327150.0,-273569.0,-29015976450.0,365520.0,38782783550.0,12287.0,1268641500.0,-5809.0,-608169550.0,62535.0,6618801000.0,0.0,0.0,-47912.0,-5072850800.0,344567.0,36592088250.0,7711.0,821262050.0,9089.0,922258000.0
35320K,대덕전자1우,KOSPI,기타/미분류,기타/미분류,22700.0,16019.0,361627100.0,6.070000171661377,0.0,0.0,1375.0,33155750.0,-1175.0,-28347550.0,0.0,-28200.0,0.0,-28200.0,0.0,0.0,0.0,0.0,0.0,0.0,0.0,0.0,0.0,0.0,-200.0,-4780000.0,0.0,0.0
000490,대동,유가,특수 목적용 기계 제조업,"경운기,트랙터,이앙기,바인더,수확기(콤바인),농업용엔진 및 부품 제조,판매",6790.0,70449.0,477600085.0,2.569999933242798,20177805.0,4.21999979019165,-13537.0,-91617850.0,13672.0,92535650.0,-133.0,-904340.0,-132.0,-897570.0,0.0,0.0,-1.0,-6770.0,0.0,0.0,0.0,0.0,0.0,0.0,0.0,0.0,-2.0,-13460.0
005750,대림바스,유가,"내화, 비내화 요업제품 제조업","위생도기,내장타일,조립식욕실제품 제조,판매/부동산 임대",4475.0,25186.0,110899865.0,2.1700000762939453,3536705.0,3.190000057220459,4410.0,19532990.0,-2756.0,-12383205.0,-1664.0,-7193435.0,-1664.0,-7193435.0,0.0,0.0,0.0,0.0,0.0,0.0,0.0,0.0,0.0,0.0,0.0,0.0,10.0,43650.0
006570,대림통상,유가,기타 금속 가공제품 제조업,"수전금구,비데,위생도기,샤워부스,타일,양식기,무역",1994.0,6585.0,13145433.0,-1.0399999618530273,171494.0,1.2999999523162842,218.0,423679.0,201.0,401893.0,-419.0,-825572.0,-419.0,-825572.0,0.0,0.0,0.0,0.0,0.0,0.0,0.0,0.0,0.0,0.0,0.0,0.0,0.0,0.0
001680,대상,유가,기타 식품 제조업,"전분,라이신,물엿,과당,포도당,MSG및 사료,조미료,항생제,핵산,커피 제조,도매/토목공사,건축공사",17710.0,69451.0,1237402950.0,-0.17000000178813934,185823130.0,12.399999618530273,11920.0,211559655.0,1800.0,32507895.0,-13696.0,-243629730.0,-7801.0,-138748070.0,-1901.0,-33837735.0,-1655.0,-29479990.0,0.0,0.0,-954.0,-16865885.0,-1385.0,-24698050.0,-24.0,-437820.0,0.0,0.0
001685,대상우,KOSPI,기타/미분류,기타/미분류,14250.0,779.0,11109765.0,0.41999998688697815,0.0,0.0,-155.0,-2208220.0,155.0,2208070.0,0.0,150.0,0.0,150.0,0.0,0.0,0.0,0.0,0.0,0.0,0.0,0.0,0.0,0.0,0.0,0.0,0.0,0.0
084690,대상홀딩스,유가,기타 금융업,지주회사,7650.0,26157.0,200721910.0,0.0,2054670.0,0.5699999928474426,340.0,2403940.0,69.0,706330.0,-1298.0,-9918900.0,-50.0,-382720.0,-868.0,-6632570.0,-387.0,-2957550.0,0.0,0.0,0.0,0.0,7.0,53940.0,889.0,6808630.0,0.0,0.0
084695,대상홀딩스우,KOSPI,기타/미분류,기타/미분류,11260.0,864.0,9614355.0,3.0199999809265137,0.0,0.0,251.0,2805310.0,-251.0,-2805310.0,0.0,0.0,0.0,0.0,0.0,0.0,0.0,0.0,0.0,0.0,0.0,0.0,0.0,0.0,0.0,0.0,0.0,0.0
128820,대성산업,유가,연료 소매업,"주요소운영,기계판매 등",4170.0,137865.0,572405920.0,0.8500000238418579,20227870.0,3.5299999713897705,19266.0,79619088.0,-20480.0,-84628233.0,1615.0,6680770.0,-63.0,-262710.0,1010.0,4178890.0,668.0,2764590.0,0.0,0.0,0.0,0.0,0.0,0.0,-401.0,-1671625.0,0.0,0.0
117580,대성에너지,유가,연료용 가스 제조 및 배관공급업,천연가스,6690.0,68880.0,465530935.0,-0.8899999856948853,16639080.0,3.569999933242798,29188.0,196928940.0,-29511.0,-199101670.0,294.0,1976700.0,-32.0,-213590.0,170.0,1141550.0,156.0,1048740.0,0.0,0.0,0.0,0.0,0.0,0.0,0.0,0.0,29.0,196030.0
016710,대성홀딩스,유가,회사 본부 및 경영 컨설팅 서비스업,"도시가스,일반가스 공급/가스기기,차량용 연료 판매/해외자원개발,부동산 임대",6930.0,24384.0,167976040.0,0.5799999833106995,5517260.0,3.2799999713897705,13549.0,93308760.0,-7413.0,-50967400.0,-22.0,-155350.0,-22.0,-155350.0,0.0,0.0,0.0,0.0,0.0,0.0,0.0,0.0,0.0,0.0,-6114.0,-42186010.0,0.0,0.0
0030R0,대신밸류리츠,유가,신탁업 및 집합투자업,부동산 임대,3815.0,9253.0,35403495.0,0.38999998569488525,114885.0,0.3199999928474426,1343.0,5174360.0,-2454.0,-9508925.0,1111.0,4334565.0,3420.0,13085415.0,0.0,0.0,0.0,0.0,0.0,0.0,0.0,0.0,-2309.0,-8750850.0,0.0,0.0,0.0,0.0
003540,대신증권,유가,금융 지원 서비스업,"유가증권 위탁매매,인수주선,자기매매 기타 금융서비스",26450.0,24296.0,645179125.0,0.949999988079071,151322200.0,14.5,1321.0,34492175.0,-969.0,-25427550.0,-371.0,-9570875.0,307.0,8317950.0,-380.0,-10027125.0,-298.0,-7864650.0,0.0,0.0,-9.0,-237650.0,9.0,240600.0,-31.0,-823750.0,50.0,1330000.0
003547,대신증권2우B,KOSPI,기타/미분류,기타/미분류,19300.0,16596.0,319746360.0,1.5800000429153442,0.0,0.0,-6732.0,-129805455.0,6927.0,133566955.0,0.0,100.0,0.0,100.0,0.0,0.0,0.0,0.0,0.0,0.0,0.0,0.0,0.0,0.0,0.0,0.0,-195.0,-3761600.0
003545,대신증권우,KOSPI,기타/미분류,기타/미분류,20200.0,48549.0,977770390.0,1.7100000381469727,13615600.0,1.3899999856948853,-23130.0,-465852610.0,23838.0,480117920.0,-738.0,-14868310.0,-738.0,-14868310.0,0.0,0.0,0.0,0.0,0.0,0.0,0.0,0.0,0.0,0.0,29.0,582900.0,1.0,20100.0
009190,대양금속,유가,1차 철강 제조업,스테인레스 냉연강판 제조,1753.0,360158.0,638059988.0,0.9200000166893005,31953983.0,5.010000228881836,118802.0,210316598.0,-120306.0,-212869328.0,2241.0,3930745.0,2241.0,3930745.0,0.0,0.0,0.0,0.0,0.0,0.0,0.0,0.0,0.0,0.0,0.0,0.0,-737.0,-1378015.0
014160,대영포장,유가,"골판지, 종이 상자 및 종이용기 제조업","골판지원단,골판지상자 제조",708.0,217070.0,154476709.0,1.2899999618530273,5214675.0,3.380000114440918,-87094.0,-61928649.0,86875.0,61773445.0,-68.0,-48144.0,-68.0,-48144.0,0.0,0.0,0.0,0.0,0.0,0.0,0.0,0.0,0.0,0.0,0.0,0.0,287.0,203348.0
047040,대우건설,유가,건물 건설업,"아파트건설,토목공사,건축공사,포장공사,전기공사,무역/중장비 대여",16230.0,9518791.0,153208506035.0,6.78000020980835,8634110255.0,5.639999866485596,803211.0,12519736795.0,-917074.0,-14383309575.0,75172.0,1239788040.0,-62089.0,-974231460.0,16078.0,259768780.0,57864.0,933518675.0,0.0,0.0,79980.0,1294206890.0,-16407.0,-269344530.0,37066.0,597815120.0,1625.0,25969620.0
003090,대웅,유가,의약품 제조업,"지주회사/의약품,화공약품,농예약품,위생용품,의료용구,식품,전기전자기구,부품 제조,판매",17070.0,43067.0,742975020.0,-0.23000000417232513,114703890.0,12.390000343322754,1332.0,21583520.0,1149.0,20785245.0,-2508.0,-42820355.0,-2181.0,-36836095.0,-1204.0,-20689170.0,3072.0,52511210.0,0.0,0.0,-179.0,-2944845.0,-2016.0,-34861455.0,-1.0,-17550.0,28.0,469140.0
069620,대웅제약,유가,의약품 제조업,"양약,의료기기 제조/화장품,의약부의품 도소매/부동산 임대",124500.0,28518.0,3579159900.0,0.7300000190734863,222074300.0,5.380000114440918,-6849.0,-861874400.0,8285.0,1040374900.0,-1436.0,-178500100.0,3355.0,422534700.0,17.0,2119000.0,-2716.0,-340710500.0,0.0,0.0,-1639.0,-205589000.0,-452.0,-56729300.0,0.0,-400.0,0.0,0.0
000430,대원강업,유가,자동차 신품 부품 제조업,차랑용 스프링 및 시트,3715.0,58157.0,215232725.0,2.7699999809265137,6981320.0,3.240000009536743,-9685.0,-35680932.0,7764.0,28578957.0,1923.0,7109465.0,-43.0,-163200.0,1169.0,4324675.0,797.0,2947990.0,0.0,0.0,0.0,0.0,0.0,0.0,-2.0,-7490.0,0.0,0.0
006340,대원전선,유가,절연선 및 케이블 제조업,"전선,통신케이블,무선통신장비,합성수지 제조,도매/부동산 매매,임대",15450.0,43599264.0,684655960655.0,12.039999961853027,4366698125.0,0.6399999856948853,-421006.0,-6214256465.0,347938.0,5085256960.0,87435.0,1370645660.0,32032.0,501189160.0,786.0,12273790.0,7306.0,114122945.0,0.0,0.0,26004.0,409852765.0,21307.0,333207000.0,-7470.0,-129412185.0,-6897.0,-112233970.0
006345,대원전선우,KOSPI,기타/미분류,기타/미분류,10890.0,540211.0,6032402905.0,6.869999885559082,6888970.0,0.10999999940395355,6886.0,79772970.0,-6907.0,-79768530.0,0.0,-89030.0,0.0,-89030.0,0.0,0.0,0.0,0.0,0.0,0.0,0.0,0.0,0.0,0.0,0.0,-10830.0,21.0,95420.0
003220,대원제약,유가,의약품 제조업,"의약품(해열소염진통제,진해거담제,동맥경화용제,혈압강하제 등), 건강기능식품(프로바이오틱스 등)",7760.0,23392.0,181386720.0,0.9100000262260437,19654090.0,5.440000057220459,7070.0,54893140.0,-5660.0,-44020460.0,-1347.0,-10382090.0,-30.0,-232750.0,-937.0,-7220500.0,-380.0,-2928840.0,0.0,0.0,0.0,0.0,0.0,0.0,-63.0,-490590.0,0.0,0.0
024890,대원화성,유가,플라스틱제품 제조업,"합성피혁,벽지,DMF(폐용수)정제,방수투습원단,화공약 임가공,제조,도매,수출입",2895.0,18964.0,55113645.0,2.119999885559082,0.0,0.0,-3292.0,-9613270.0,3435.0,9976160.0,-143.0,-362890.0,258.0,799380.0,0.0,0.0,-401.0,-1162270.0,0.0,0.0,0.0,0.0,0.0,0.0,0.0,0.0,0.0,0.0
012800,대창,유가,1차 비철금속 제조업,"황동봉,동합금괴 제조,판매",1180.0,746430.0,872446081.0,5.639999866485596,35353196.0,4.050000190734863,-195574.0,-228324272.0,193576.0,225989832.0,1998.0,2335640.0,1998.0,2335640.0,0.0,0.0,0.0,0.0,0.0,0.0,0.0,0.0,0.0,0.0,0.0,0.0,0.0,-1200.0
015230,대창단조,유가,자동차 신품 부품 제조업,"자동차,중장비 부품(크랭크샤프트,트랙링크조립체,커넥팅로드,중장비롤러류),기어,동력전달장치,단조가공품,단조품 제조",5910.0,44887.0,262977730.0,3.140000104904175,1024920.0,0.38999998569488525,-6104.0,-35513470.0,4364.0,25316610.0,1822.0,10666520.0,-118.0,-728290.0,0.0,0.0,1940.0,11394810.0,0.0,0.0,0.0,0.0,0.0,0.0,-82.0,-469660.0,0.0,0.0
001070,대한방직,유가,직물직조 및 직물제품 제조업,"면사,화섬사,면직물 제조,판매,건설",6130.0,1663.0,10140130.0,0.6600000262260437,42810.0,0.41999998688697815,884.0,5386850.0,-880.0,-5362480.0,2.0,12260.0,2.0,12260.0,0.0,0.0,0.0,0.0,0.0,0.0,0.0,0.0,0.0,0.0,-6.0,-36630.0,0.0,0.0
006650,대한유화,유가,기초 화학물질 제조업,"폴리프로필렌,고밀도폴리에틸렌,나프타분해유분,올레핀류,혼합C4류,분해가솔린 제조",89900.0,31356.0,2823229300.0,0.2199999988079071,110726500.0,2.990000009536743,8579.0,770360050.0,3944.0,354537950.0,-12528.0,-1125344500.0,-856.0,-77062500.0,-131.0,-11703150.0,-312.0,-27964500.0,0.0,0.0,-9545.0,-857469000.0,-1684.0,-151145350.0,5.0,446500.0,0.0,0.0
001440,대한전선,유가,절연선 및 케이블 제조업,"전력선,통신케이블,적산계기,스텐레스압연제품,광케이블,초고압선,알루미늄 제조,도매/전기공사",28450.0,3673623.0,102161446850.0,11.569999694824219,2553368150.0,2.5,68481.0,1740152875.0,-125138.0,-3341929675.0,43282.0,1229664450.0,6726.0,212239500.0,763.0,21843075.0,53166.0,1487734900.0,7.0,199100.0,-56541.0,-1584082050.0,39161.0,1091729925.0,10250.0,284842950.0,3125.0,87269400.0
084010,대한제강,유가,1차 철강 제조업,"제강,철재,철근,환봉,마환봉,빌레트 제조",8270.0,32718.0,268171015.0,2.0999999046325684,9064820.0,1.840000033378601,926.0,7525375.0,-6695.0,-54698480.0,-500.0,-4065885.0,99.0,825430.0,-343.0,-2800030.0,-70.0,-571360.0,-193.0,-1577205.0,0.0,0.0,7.0,57280.0,6244.0,51032490.0,25.0,206500.0
001790,대한제당,유가,"곡물가공품, 전분 및 전분제품 제조업","제당,가축용 배합사료,설탕,기능성감미료(자일로올리고당),외식산 제조,도소매/부동산 임대",2695.0,213919.0,579314058.0,-0.1899999976158142,16519995.0,2.8499999046325684,-9306.0,-25103987.0,-109533.0,-296058848.0,114928.0,310603265.0,119878.0,323975145.0,-2723.0,-7345355.0,-1188.0,-3204645.0,-1039.0,-2821880.0,0.0,0.0,0.0,0.0,-8.0,-21730.0,3919.0,10581300.0
001795,대한제당우,KOSPI,기타/미분류,기타/미분류,2100.0,15560.0,32356895.0,1.4500000476837158,0.0,0.0,-144.0,-294010.0,144.0,294010.0,0.0,0.0,0.0,0.0,0.0,0.0,0.0,0.0,0.0,0.0,0.0,0.0,0.0,0.0,0.0,0.0,0.0,0.0
001130,대한제분,유가,"곡물가공품, 전분 및 전분제품 제조업","소맥분,토코밀,프리믹스,밀가루조제품,제분부산물 제조/파스타 수입,판매",11480.0,10127.0,116026190.0,0.4399999976158142,2754430.0,1.5,2933.0,33568750.0,-6634.0,-75933130.0,798.0,9117260.0,266.0,3028470.0,330.0,3776820.0,202.0,2311970.0,0.0,0.0,0.0,0.0,0.0,0.0,2903.0,33247120.0,0.0,0.0
439260,대한조선,유가,선박 및 보트 건조업,선박 및 보트 건조업,50700.0,74696.0,3784953850.0,4.110000133514404,79443200.0,1.3600000143051147,-7031.0,-354741800.0,14265.0,719228250.0,-6939.0,-349557850.0,2842.0,144022500.0,2558.0,130544500.0,3256.0,166445400.0,0.0,0.0,1017.0,51961050.0,-16686.0,-846313900.0,-24.0,-1211300.0,-271.0,-13717300.0
439260,대한조선,유가,선박 및 보트 건조업,선박 및 보트 건조업,50700.0,74696.0,3784953850.0,4.110000133514404,79443200.0,1.3600000143051147,-7031.0,-354741800.0,14265.0,719228250.0,-6939.0,-349557850.0,2842.0,144022500.0,2558.0,130544500.0,3256.0,166445400.0,0.0,0.0,1017.0,51961050.0,-16686.0,-846313900.0,-24.0,-1211300.0,-271.0,-13717300.0
003490,대한항공,유가,항공 여객 운송업,"여객운송,화물운송,항공기 제조,판매,정비수리/기내식 제조판매,면세품 판매",26900.0,3845447.0,104664318675.0,3.069999933242798,1228742900.0,1.1699999570846558,-885956.0,-24260714900.0,765752.0,20909690300.0,267162.0,7311054275.0,124283.0,3420669400.0,1748.0,47133500.0,17571.0,479249925.0,0.0,0.0,54162.0,1489196000.0,69652.0,1881625650.0,-137669.0,-3708848775.0,-9289.0,-251180900.0
003495,대한항공우,KOSPI,기타/미분류,기타/미분류,21400.0,1340.0,28567150.0,1.1799999475479126,0.0,0.0,24.0,538850.0,-24.0,-539450.0,0.0,600.0,0.0,600.0,0.0,0.0,0.0,0.0,0.0,0.0,0.0,0.0,0.0,0.0,0.0,0.0,0.0,0.0
005880,대한해운,유가,해상 운송업,"외항화물운송,국제해운대리점",1998.0,2575027.0,5116598233.0,4.230000019073486,196520893.0,3.8399999141693115,-758174.0,-1506645421.0,757085.0,1504224067.0,19585.0,38964024.0,2307.0,4549082.0,-5603.0,-11148281.0,1307.0,2606653.0,0.0,0.0,10766.0,21420926.0,10808.0,21535644.0,-660.0,-1316240.0,-17836.0,-35226430.0
003830,대한화섬,유가,화학섬유 제조업,"화학섬유원사(FY,PTY,S.FIBER)제조",112500.0,73.0,8196800.0,-0.7099999785423279,112500.0,1.3700000047683716,-5.0,-561700.0,4.0,450000.0,-1.0,-112500.0,-1.0,-112500.0,0.0,0.0,0.0,0.0,0.0,0.0,0.0,0.0,0.0,0.0,2.0,224200.0,0.0,0.0
016090,대현,유가,봉제의복 제조업,"여성의류 및 악세사리류 제조,도매,유통(백화점)",1505.0,47224.0,70831010.0,0.0,129392.0,0.18000000715255737,14021.0,21050009.0,-12267.0,-18438404.0,-1756.0,-2614609.0,-1756.0,-2614609.0,0.0,0.0,0.0,0.0,0.0,0.0,0.0,0.0,0.0,0.0,2.0,3004.0,0.0,0.0
069460,대호에이엘,유가,1차 비철금속 제조업,"알루미늄 환절판 제조,도매,무역",2660.0,0.0,0.0,0.0,0.0,0.0,0.0,0.0,0.0,0.0,0.0,0.0,0.0,0.0,0.0,0.0,0.0,0.0,0.0,0.0,0.0,0.0,0.0,0.0,0.0,0.0,0.0,0.0
475560,더본코리아,유가,상품 종합 도매업,프랜차이즈,13790.0,9145.0,125053880.0,1.7000000476837158,1389250.0,0.7799999713897705,1516.0,20828730.0,-1514.0,-20799400.0,-42.0,-571730.0,-21.0,-289570.0,-79.0,-1077240.0,55.0,754020.0,0.0,0.0,0.0,0.0,3.0,41060.0,50.0,678300.0,-10.0,-135900.0
192080,더블유게임즈,유가,소프트웨어 개발 및 공급업,모바일게임,60900.0,43215.0,2630072850.0,-0.9800000190734863,149939200.0,5.099999904632568,8059.0,489045050.0,7867.0,477589050.0,-15779.0,-957643300.0,780.0,47480300.0,-7176.0,-435994800.0,-8297.0,-503929200.0,0.0,0.0,964.0,59010150.0,-2050.0,-124209750.0,-208.0,-12706500.0,61.0,3715700.0
004830,덕성,유가,플라스틱제품 제조업,"플라스틱레쟈,합성수지,합성피혁 제조,도매",3270.0,45826.0,149879350.0,1.5499999523162842,1197455.0,0.800000011920929,-1463.0,-4733140.0,1493.0,4831835.0,-10.0,-32695.0,-10.0,-32695.0,0.0,0.0,0.0,0.0,0.0,0.0,0.0,0.0,0.0,0.0,0.0,0.0,-20.0,-66000.0
004835,덕성우,KOSPI,기타/미분류,기타/미분류,4010.0,7840.0,31432640.0,3.75,0.0,0.0,-1504.0,-5936090.0,1504.0,5936090.0,0.0,0.0,0.0,0.0,0.0,0.0,0.0,0.0,0.0,0.0,0.0,0.0,0.0,0.0,0.0,0.0,0.0,0.0
145720,덴티움,유가,의료용 기기 제조업,치과용 기기 제조업,40650.0,19285.0,783659500.0,3.299999952316284,33054550.0,3.130000114440918,-910.0,-34168900.0,967.0,36187000.0,-45.0,-1531500.0,-264.0,-10719650.0,-902.0,-36256050.0,1120.0,45404100.0,0.0,0.0,0.0,0.0,2.0,80000.0,-12.0,-486600.0,0.0,0.0
002150,도화엔지니어링,유가,"건축기술, 엔지니어링 및 관련 기술 서비스업","토목설계,건축설계,종합감리전문업,종합기술용역,엔지니어링",5100.0,38319.0,194229180.0,1.190000057220459,15262550.0,7.860000133514404,-4203.0,-20974850.0,4576.0,22943060.0,-348.0,-1841820.0,-98.0,-572570.0,-268.0,-1360880.0,18.0,91630.0,0.0,0.0,0.0,0.0,0.0,0.0,-30.0,-151800.0,5.0,25410.0
460850,동국씨엠,유가,1차 철강 제조업,"냉연강판, 칼라강판",5290.0,52700.0,277782465.0,2.119999885559082,1466870.0,0.5299999713897705,-7590.0,-39696180.0,8946.0,46828000.0,-484.0,-2561440.0,-481.0,-2545750.0,0.0,0.0,-3.0,-15690.0,0.0,0.0,0.0,0.0,0.0,0.0,-50.0,-263100.0,-822.0,-4307280.0
460860,동국제강,유가,1차 철강 제조업,"봉강,형강,후판,냉연강판,칼라강판",9830.0,241666.0,2350519685.0,6.849999904632568,40648510.0,0.8899999856948853,-57199.0,-552508480.0,47038.0,454103295.0,7812.0,75156725.0,2406.0,23726570.0,1199.0,11837010.0,625.0,6173040.0,0.0,0.0,3572.0,33325655.0,10.0,94450.0,2535.0,25025840.0,-186.0,-1777380.0
001230,동국홀딩스,유가,기타 금융업,"후판,철근,강판,형강,앵글,찬넬,평철 제조,판매",1757.0,354341.0,621036118.0,2.630000114440918,4693325.0,0.7599999904632568,-86500.0,-151579986.0,107025.0,187507080.0,-20511.0,-35902454.0,-165.0,-248259.0,-5744.0,-10058678.0,-2547.0,-4460464.0,0.0,0.0,-12055.0,-21135053.0,0.0,0.0,-14.0,-24640.0,0.0,0.0
023450,동남합성,유가,기초 화학물질 제조업,"계면활성제,정밀화학품 제조,도매/부동산 임대",28800.0,1022.0,29451400.0,0.17000000178813934,115200.0,0.38999998569488525,-269.0,-7714250.0,-5.0,-122500.0,-226.0,-6538250.0,-226.0,-6538250.0,0.0,0.0,0.0,0.0,0.0,0.0,0.0,0.0,0.0,0.0,500.0,14375000.0,0.0,0.0
004140,동방,유가,기타 운송관련 서비스업,"육상운송,해상운송,항만화물하역,보관,창고,물류사업",1840.0,161839.0,298303317.0,1.2699999809265137,1841064.0,0.6200000047683716,17652.0,32511720.0,-17299.0,-31862840.0,-67.0,-123280.0,-67.0,-123280.0,0.0,0.0,0.0,0.0,0.0,0.0,0.0,0.0,0.0,0.0,-188.0,-345388.0,-98.0,-180212.0
007590,동방아그로,유가,"비료, 농약 및 살균, 살충제 제조업","농약(잡초발생전 토양처리형 밭잡초약,부메랑,주움,그라목손) 제조,도매",5640.0,4195.0,23836210.0,0.0,107160.0,0.44999998807907104,266.0,1514120.0,9.0,48030.0,-275.0,-1562150.0,-275.0,-1562150.0,0.0,0.0,0.0,0.0,0.0,0.0,0.0,0.0,0.0,0.0,0.0,0.0,0.0,0.0
005960,동부건설,유가,토목 건설업,"건축공사,토목공사,전기공사,기계설비공사/비금속,철구조물 제조,판매/여객,자동차 운송,항만하역",6770.0,36214.0,243020940.0,2.890000104904175,927150.0,0.3799999952316284,-82.0,-422550.0,10462.0,69786930.0,-10379.0,-69357660.0,-1316.0,-8859180.0,0.0,0.0,0.0,0.0,0.0,0.0,-9063.0,-60498480.0,0.0,0.0,0.0,0.0,-1.0,-6720.0
005965,동부건설우,KOSPI,기타/미분류,기타/미분류,16500.0,567.0,9564690.0,0.0,0.0,0.0,-11.0,-181500.0,11.0,181500.0,0.0,0.0,0.0,0.0,0.0,0.0,0.0,0.0,0.0,0.0,0.0,0.0,0.0,0.0,0.0,0.0,0.0,0.0
026960,동서,유가,음·식료품 및 담배 도매업,"식품 유통, 다류 및 연포장재 제조 등",25200.0,53569.0,1355406025.0,-0.7900000214576721,100176250.0,5.880000114440918,17984.0,453493000.0,1849.0,46897575.0,-19833.0,-500390575.0,-7353.0,-185049300.0,225.0,5685800.0,5.0,149475.0,0.0,0.0,-12724.0,-321534450.0,44.0,1118900.0,0.0,0.0,0.0,0.0
002210,동성제약,유가,의약품 제조업,"의약품,화장품 제조,도매",1686.0,333771.0,569165548.0,-2.200000047683716,35511437.0,6.239999771118164,38685.0,64743361.0,-53825.0,-91355652.0,-26.0,36691.0,-26.0,36691.0,0.0,0.0,0.0,0.0,0.0,0.0,0.0,0.0,0.0,0.0,14026.0,24617350.0,1140.0,1958250.0
102260,동성케미컬,유가,합성고무 및 플라스틱 물질 제조업,기타/미분류,3710.0,93286.0,343424529.0,2.3399999141693115,1315520.0,0.3799999952316284,6168.0,23034977.0,-10141.0,-37725413.0,3982.0,14723491.0,2263.0,8367493.0,1043.0,3856102.0,676.0,2499896.0,0.0,0.0,0.0,0.0,0.0,0.0,-9.0,-33055.0,0.0,0.0
000640,동아쏘시오홀딩스,유가,기타 금융업,"의약품(피로회복제/박카스,병원용의약품),비의약품(의료기기,염모제,가글제) 제조,도소매/화장품 생산",87500.0,25749.0,2251072650.0,-0.5699999928474426,17150700.0,0.7300000190734863,2091.0,182212050.0,5632.0,491893900.0,-7618.0,-664922550.0,-1692.0,-148109600.0,-230.0,-20076500.0,1155.0,101119500.0,0.0,0.0,808.0,70745950.0,-3409.0,-297543400.0,-106.0,-9270500.0,1.0,87100.0
170900,동아에스티,유가,의약품 제조업,"스티렌, 자이데나",37200.0,6805.0,251872250.0,-0.12999999523162842,2604400.0,0.6299999952316284,-1934.0,-71036300.0,2096.0,77003900.0,-162.0,-5967600.0,12.0,465800.0,-149.0,-5509800.0,-27.0,-998500.0,0.0,0.0,0.0,0.0,2.0,74900.0,0.0,0.0,0.0,0.0
028100,동아지질,유가,기반조성 및 시설물 축조관련 전문공사업,"보링그라우팅공사,토공사,철근콘크리트공사,상하수도공사,비계구조물해체공사,수중공사/지질조사,시공감리",17870.0,44232.0,789202400.0,1.8799999952316284,8856540.0,1.1200000047683716,-30323.0,-541152860.0,14117.0,251546970.0,16219.0,289837990.0,16289.0,291089430.0,-78.0,-1394830.0,11.0,196900.0,0.0,0.0,0.0,0.0,-3.0,-53510.0,-3.0,-53200.0,-10.0,-178900.0
001520,동양,유가,"시멘트, 석회, 플라스터 및 그 제품 제조업",레미콘/건설공사/산업용 송풍기,1092.0,189490.0,206670411.0,1.6799999475479126,357746.0,0.17000000178813934,-39414.0,-42625873.0,41673.0,45098188.0,-2274.0,-2488710.0,-74.0,-80808.0,0.0,0.0,0.0,0.0,-2200.0,-2407902.0,0.0,0.0,0.0,0.0,0.0,0.0,15.0,16395.0
001527,동양2우B,KOSPI,기타/미분류,기타/미분류,6840.0,5454.0,37669400.0,-2.2899999618530273,0.0,0.0,69.0,470770.0,-69.0,-470770.0,0.0,0.0,0.0,0.0,0.0,0.0,0.0,0.0,0.0,0.0,0.0,0.0,0.0,0.0,0.0,0.0,0.0,0.0
084670,동양고속,유가,육상 여객 운송업,고속버스 운송/부동산 임대,24350.0,28498.0,690590350.0,5.409999847412109,33661350.0,4.869999885559082,-1739.0,-40840650.0,1832.0,43031550.0,-1.0,-24550.0,-1.0,-24550.0,0.0,0.0,0.0,0.0,0.0,0.0,0.0,0.0,0.0,0.0,0.0,0.0,-92.0,-2166350.0
082640,동양생명,유가,보험업,생명보험,8250.0,98916.0,826078800.0,0.6100000143051147,65031620.0,7.869999885559082,-19244.0,-163735825.0,-2574.0,-20014755.0,21805.0,183642290.0,28142.0,235126080.0,252.0,2093800.0,-101.0,-838740.0,0.0,0.0,-2379.0,-18719190.0,-4109.0,-34019660.0,0.0,0.0,13.0,108290.0
001525,동양우,KOSPI,기타/미분류,기타/미분류,8800.0,74.0,652790.0,0.0,0.0,0.0,5.0,45230.0,0.0,0.0,0.0,0.0,0.0,0.0,0.0,0.0,0.0,0.0,0.0,0.0,0.0,0.0,0.0,0.0,0.0,0.0,-5.0,-45230.0
018500,동원모빌리티,유가,자동차 신품 부품 제조업,"자동차부품(도어후레임,머플러,임팩트빔),강관 제조,판매",1445.0,97384.0,140883236.0,1.2599999904632568,405883.0,0.28999999165534973,-31563.0,-45634533.0,31596.0,45702014.0,-33.0,-67481.0,-33.0,-67481.0,0.0,0.0,0.0,0.0,0.0,0.0,0.0,0.0,0.0,0.0,0.0,0.0,0.0,0.0
006040,동원산업,유가,기타 금융업,지주회사,36200.0,44427.0,1624883250.0,-2.0299999713897705,302399900.0,13.380000114440918,12017.0,433967875.0,-7149.0,-257612925.0,-4438.0,-160270100.0,4585.0,168505925.0,-1168.0,-42455225.0,-1873.0,-68309150.0,0.0,0.0,-304.0,-10934300.0,-5678.0,-207077350.0,-431.0,-16121050.0,1.0,36200.0
030720,동원수산,유가,어로 어업,"원양어업/수산물 제조,가공/참치어류 냉동냉장업",6190.0,157357.0,929017495.0,11.130000114440918,9435130.0,1.0199999809265137,-8692.0,-52136075.0,11830.0,70099985.0,-1757.0,-9903750.0,-1744.0,-9827360.0,0.0,0.0,-13.0,-76390.0,0.0,0.0,0.0,0.0,0.0,0.0,-1381.0,-8060160.0,0.0,0.0
014820,동원시스템즈,유가,플라스틱제품 제조업,포장용 플라스틱제품 제조 외,21500.0,28335.0,607787300.0,1.649999976158142,60137750.0,8.390000343322754,-443.0,-9848050.0,-6698.0,-144159850.0,7173.0,154697500.0,7429.0,160189600.0,-239.0,-5130475.0,-694.0,-14896800.0,0.0,0.0,1892.0,40612100.0,-1215.0,-26076925.0,-32.0,-689600.0,0.0,0.0
014825,동원시스템즈우,KOSPI,기타/미분류,기타/미분류,13490.0,1.0,13490.0,0.9700000286102295,0.0,0.0,0.0,0.0,0.0,0.0,0.0,0.0,0.0,0.0,0.0,0.0,0.0,0.0,0.0,0.0,0.0,0.0,0.0,0.0,0.0,0.0,0.0,0.0
111380,동인기연,유가,"가죽, 가방 및 유사제품 제조업","스포츠용품(등산용가방,골프백),금속압형제품,유아용품 제조,도소매,통신 판매/부동산 임대",12640.0,5910.0,74262640.0,0.5600000023841858,0.0,0.0,-373.0,-4706510.0,409.0,5121010.0,-6.0,-35000.0,-6.0,-35000.0,0.0,0.0,0.0,0.0,0.0,0.0,0.0,0.0,0.0,0.0,-30.0,-379500.0,0.0,0.0
163560,동일고무벨트,유가,고무제품 제조업,"산업용고무제품, 종합고무부품",5810.0,66355.0,385768870.0,0.5199999809265137,3101060.0,0.800000011920929,57504.0,334141800.0,-4067.0,-23672830.0,-53437.0,-310468970.0,-9.0,-52290.0,0.0,0.0,0.0,0.0,0.0,0.0,0.0,0.0,0.0,0.0,0.0,0.0,0.0,0.0
004890,동일산업,유가,1차 철강 제조업,"봉강,합금철,철근,마봉강,냉간압조용선재,주조,지선,주강,다이아몬드공구 제조,도매",34200.0,1918.0,65711200.0,-0.7300000190734863,34200.0,0.05000000074505806,-83.0,-2932750.0,80.0,2732400.0,3.0,200350.0,3.0,200350.0,0.0,0.0,0.0,0.0,0.0,0.0,0.0,0.0,0.0,0.0,0.0,0.0,0.0,0.0
002690,동일제강,유가,1차 철강 제조업,"PC강연선, 경강선, 도금선, 마봉강",1459.0,32594.0,47800281.0,-0.14000000059604645,21905.0,0.05000000074505806,-3653.0,-5320421.0,5596.0,8104772.0,740.0,1139832.0,806.0,1236185.0,0.0,0.0,-66.0,-96353.0,0.0,0.0,0.0,0.0,0.0,0.0,-2683.0,-3924183.0,0.0,0.0
000020,동화약품,유가,의약품 제조업,"의약품 제조,판매,수출입",4920.0,143035.0,706692671.0,0.10000000149011612,10828370.0,1.5299999713897705,-27169.0,-134941569.0,29878.0,148394829.0,-801.0,-4036430.0,-801.0,-4036430.0,0.0,0.0,0.0,0.0,0.0,0.0,0.0,0.0,0.0,0.0,-11.0,-54450.0,-1897.0,-9362380.0
000150,두산,유가,전자부품 제조업,"동박적층판 등 제조 및 판매, 유압기기 등 제조 및 판매, 지게차 제조 및 판매, IT 시스템 개발/운영 서비스 등, 연료전지 등",1260000.0,76549.0,97346717000.0,-1.100000023841858,7386392000.0,5.559999942779541,17585.0,22349384500.0,-21178.0,-26943200500.0,2806.0,3569616000.0,-2661.0,-3395024500.0,123.0,159424000.0,-608.0,-755643500.0,17.0,21570500.0,4934.0,6257322500.0,981.0,1256561000.0,751.0,978582000.0,36.0,45618000.0
000157,두산2우B,KOSPI,기타/미분류,기타/미분류,350000.0,258.0,91206250.0,1.4500000476837158,8826000.0,9.680000305175781,-2.0,-576000.0,5.0,1635500.0,0.0,-500.0,0.0,-500.0,0.0,0.0,0.0,0.0,0.0,0.0,0.0,0.0,0.0,0.0,-3.0,-1059000.0,0.0,0.0
454910,두산로보틱스,유가,특수 목적용 기계 제조업,협동로봇,73000.0,585651.0,41868826100.0,6.570000171661377,3208669750.0,7.659999847412109,-77440.0,-5595896900.0,25348.0,1836481650.0,53442.0,3856714350.0,22055.0,1580127200.0,37.0,2702600.0,30980.0,2247304200.0,0.0,0.0,358.0,22908600.0,12.0,3671750.0,69.0,5784600.0,-1419.0,-103083700.0
241560,두산밥캣,유가,특수 목적용 기계 제조업,"Compact Equipment, Heavy Equipment, Portable Power",64300.0,153183.0,9906776800.0,2.549999952316284,539242200.0,4.659999847412109,-25433.0,-1649369550.0,35548.0,2303701350.0,-9824.0,-635431600.0,4854.0,317200150.0,-78.0,-4981900.0,-4149.0,-269373250.0,0.0,0.0,-9756.0,-633234350.0,-695.0,-45042250.0,-285.0,-18508500.0,-6.0,-391700.0
034020,두산에너빌리티,유가,일반 목적용 기계 제조업,"기관,터어빈,선박용엔진,주단조품,제강제품 제조/종합건설",77000.0,2227898.0,169199549750.0,5.480000019073486,11117484100.0,4.03000020980835,-172584.0,-13599250100.0,-52182.0,-3627067250.0,187425.0,14369447900.0,-30261.0,-2223675100.0,11168.0,850469500.0,22744.0,1730847600.0,0.0,0.0,128517.0,9793940500.0,53420.0,4076339050.0,39745.0,3042742000.0,-2404.0,-185872550.0
000155,두산우,KOSPI,기타/미분류,기타/미분류,469000.0,6874.0,3257125250.0,0.9700000286102295,101374500.0,3.109999895095825,288.0,137304000.0,-179.0,-85925000.0,-95.0,-44803500.0,-94.0,-44334000.0,-1.0,-469500.0,0.0,0.0,0.0,0.0,0.0,0.0,0.0,0.0,-9.0,-4232000.0,-5.0,-2343500.0
336260,두산퓨얼셀,유가,"전동기, 발전기 및 전기 변환 · 공급 · 제어 장치 제조업",연료전지,34600.0,2799090.0,94723958525.0,20.979999542236328,3705436100.0,2.2899999618530273,446410.0,14269116475.0,-818188.0,-27426956875.0,369797.0,13102300325.0,77172.0,2711148000.0,36014.0,1310502550.0,110556.0,3823088375.0,753.0,27027500.0,-67142.0,-2196243325.0,212444.0,7426777225.0,-749.0,-32136625.0,2730.0,87676700.0
33626K,두산퓨얼셀1우,KOSPI,기타/미분류,기타/미분류,5250.0,210249.0,1129935477.0,8.359999656677246,15929715.0,1.409999966621399,32523.0,185789973.0,-32523.0,-185757113.0,0.0,-32860.0,0.0,-32860.0,0.0,0.0,0.0,0.0,0.0,0.0,0.0,0.0,0.0,0.0,0.0,0.0,0.0,0.0
33626L,두산퓨얼셀2우B,KOSPI,기타/미분류,기타/미분류,7600.0,26320.0,204186690.0,7.800000190734863,1142160.0,0.5600000023841858,131.0,1782380.0,-131.0,-1782380.0,0.0,0.0,0.0,0.0,0.0,0.0,0.0,0.0,0.0,0.0,0.0,0.0,0.0,0.0,0.0,0.0,0.0,0.0
016740,두올,유가,자동차 신품 부품 제조업,시트 커버 및 시트 원단,3360.0,37793.0,125970965.0,2.440000057220459,754340.0,0.6000000238418579,-8137.0,-26886790.0,6348.0,20870790.0,2045.0,6871120.0,2045.0,6871120.0,0.0,0.0,0.0,0.0,0.0,0.0,0.0,0.0,0.0,0.0,-107.0,-358205.0,-149.0,-496915.0
192650,드림텍,유가,전자부품 제조업,"모바일 PBA, 지문인식 모듈, 전장 LED 모듈 등",4575.0,242487.0,1102454548.0,3.1600000858306885,119361775.0,10.829999923706055,-19773.0,-89785268.0,-7367.0,-34258205.0,27489.0,125627963.0,27618.0,126213797.0,-267.0,-1214160.0,125.0,569596.0,0.0,0.0,0.0,0.0,13.0,58730.0,18.0,79855.0,-367.0,-1664345.0
024090,디씨엠,유가,1차 철강 제조업,"PCM(칼라강판),라미네이트강판,산업용필름 제조,판매",11110.0,2726.0,30305450.0,0.8199999928474426,177760.0,0.5899999737739563,-1407.0,-15628470.0,1024.0,11381450.0,383.0,4247020.0,383.0,4247020.0,0.0,0.0,0.0,0.0,0.0,0.0,0.0,0.0,0.0,0.0,0.0,0.0,0.0,0.0
003160,디아이,유가,"측정, 시험, 항해, 제어 및 기타 정밀기기 제조업; 광학기기 제외","반도체검사장비,전자부품,레저용품,석제품 제조,판매,오파,부동산임대업",23800.0,321099.0,7554898200.0,5.079999923706055,422265950.0,3.6700000762939453,-44145.0,-1042145950.0,-5216.0,-121917925.0,48435.0,1142516350.0,-1508.0,-35842050.0,-123.0,-2923250.0,49958.0,1178843200.0,0.0,0.0,-8.0,-190250.0,116.0,2628700.0,851.0,19774100.0,75.0,1773425.0
092200,디아이씨,유가,자동차 신품 부품 제조업,"자동차부품(트란스밋숀,프런트액슬,기어,전동축),변속동력전달장치,특수공구,농기계 및 산업기계부품 제조,무역",5430.0,644352.0,3409773010.0,3.430000066757202,73187800.0,2.1500000953674316,2199.0,18497310.0,-65.0,-7295280.0,3476.0,18583330.0,-2.0,-90750.0,2170.0,11650945.0,1308.0,7023135.0,0.0,0.0,0.0,0.0,0.0,0.0,-5922.0,-31417120.0,312.0,1631760.0
377190,디앤디플랫폼리츠,유가,부동산 임대 및 공급업,부동산 투자 및 관리,2065.0,206951.0,423958952.0,0.23999999463558197,559540.0,0.12999999523162842,40848.0,83217010.0,-104659.0,-213797949.0,51792.0,105911864.0,64792.0,132502625.0,0.0,0.0,-13000.0,-26590761.0,0.0,0.0,0.0,0.0,0.0,0.0,12019.0,24669075.0,0.0,0.0
013570,디와이,유가,기타 금융업,"자동차부품,유공압기기,소각로,자동세차기,하훼유통,발효기,모터 제조",4175.0,60723.0,254631875.0,-0.47999998927116394,242620.0,0.10000000149011612,-3392.0,-14458915.0,8272.0,34850205.0,110.0,468895.0,112.0,477255.0,0.0,0.0,-2.0,-8360.0,0.0,0.0,0.0,0.0,0.0,0.0,-5000.0,-20902085.0,10.0,41900.0
024900,디와이덕양,유가,자동차 신품 부품 제조업,"자동차부품(CRASH PAD,TRIM PANEL) 제조,판매",1717.0,65900.0,114300105.0,0.11999999731779099,413466.0,0.36000001430511475,-1192.0,-2171917.0,2271.0,3899454.0,-1063.0,-1699787.0,-1063.0,-1699787.0,0.0,0.0,0.0,0.0,0.0,0.0,0.0,0.0,0.0,0.0,-16.0,-27750.0,0.0,0.0
002880,디와이에이,유가,자동차 신품 부품 제조업,자동차부품(자동차용 시트)제조,779.0,154308.0,120653120.0,0.5199999809265137,1199836.0,0.9900000095367432,-16052.0,-12660890.0,5907.0,4803724.0,-3198.0,-2503222.0,-3198.0,-2503222.0,0.0,0.0,0.0,0.0,0.0,0.0,0.0,0.0,0.0,0.0,13093.0,10165889.0,250.0,194499.0
002880,디와이에이,유가,자동차 신품 부품 제조업,자동차부품(자동차용 시트)제조,779.0,154308.0,120653120.0,0.5199999809265137,1199836.0,0.9900000095367432,-16052.0,-12660890.0,5907.0,4803724.0,-3198.0,-2503222.0,-3198.0,-2503222.0,0.0,0.0,0.0,0.0,0.0,0.0,0.0,0.0,0.0,0.0,13093.0,10165889.0,250.0,194499.0
210540,디와이파워,유가,특수 목적용 기계 제조업,유공압기기 등,11260.0,32643.0,365770225.0,3.299999952316284,2244890.0,0.6100000143051147,-3559.0,-39956475.0,2976.0,33414015.0,287.0,3217120.0,-713.0,-8026080.0,0.0,0.0,1000.0,11243200.0,0.0,0.0,0.0,0.0,0.0,0.0,-115.0,-1278950.0,411.0,4604290.0
032350,롯데관광개발,유가,여행사 및 기타 여행보조 서비스업,"국내외여행알선,관광개발,전세운수,항공권매매대행",12280.0,321442.0,3969094565.0,0.5699999928474426,589860010.0,12.5,23204.0,284761730.0,-163182.0,-2012379065.0,133543.0,1647637735.0,9867.0,122104475.0,-2244.0,-27812540.0,35008.0,433208030.0,0.0,0.0,-16748.0,-206693660.0,107407.0,1323696760.0,6629.0,82351390.0,-194.0,-2371790.0
089860,롯데렌탈,유가,운송장비 임대업,"렌터카, 카셰어링(그린카), 중고차매매, 일반렌탈(측정기,OA, 리프트 등)",39400.0,52863.0,2068129575.0,0.0,146557800.0,5.570000171661377,12611.0,492391900.0,-3405.0,-133060875.0,-6663.0,-259787925.0,81.0,3188200.0,-722.0,-28151700.0,-217.0,-8451400.0,0.0,0.0,-10915.0,-425825075.0,5610.0,219152050.0,-2486.0,-97311750.0,-57.0,-2231350.0
330590,롯데리츠,유가,부동산 임대 및 공급업,부동산투자,3620.0,129828.0,474618975.0,-0.14000000059604645,48468330.0,10.210000038146973,-30057.0,-110117025.0,-14121.0,-51831680.0,44699.0,163871350.0,55443.0,203167150.0,27.0,98970.0,-757.0,-2773350.0,0.0,0.0,-16388.0,-59898560.0,6374.0,23277140.0,178.0,624700.0,-699.0,-2547345.0
000400,롯데손해보험,유가,보험업,손해보험업,1959.0,286251.0,558981126.0,1.1399999856948853,165111607.0,29.540000915527344,64117.0,124642411.0,-59466.0,-115496589.0,-4666.0,-9175248.0,-5493.0,-10789510.0,871.0,1699389.0,-106.0,-206746.0,0.0,0.0,0.0,0.0,62.0,121619.0,0.0,0.0,15.0,29426.0
023530,롯데쇼핑,유가,종합 소매업,"백화점(의류,식품 및 잡화),할인점 운영/전자상거래",114300.0,206125.0,23488613650.0,-0.3499999940395355,1340879700.0,4.650000095367432,5676.0,637647150.0,36788.0,4183279450.0,-42308.0,-4794485000.0,1154.0,130220600.0,-4745.0,-539292700.0,-17122.0,-1950733550.0,0.0,0.0,-24763.0,-2798447850.0,3168.0,363769000.0,-246.0,-36598100.0,90.0,10156500.0
020150,롯데에너지머티리얼즈,유가,전자부품 제조업,"인쇄회로기판(PCB)용 전해동박(ACF,UCF),에폭시용 동박,전해콘덴서용 알루미늄박 제조,판매",31250.0,156784.0,4913520775.0,2.630000114440918,738151350.0,10.270000457763672,1839.0,57680950.0,-44141.0,-1386570350.0,42230.0,1326717400.0,15130.0,475800600.0,-83.0,-2601000.0,4043.0,126930950.0,0.0,0.0,-678.0,-21264200.0,23817.0,747819750.0,67.0,2017550.0,5.0,154450.0
280360,롯데웰푸드,유가,기타 식품 제조업,"껌,캔디,초코,비스켓,빙과",101800.0,15722.0,1626532050.0,-1.4500000476837158,46309900.0,2.569999933242798,3105.0,318585050.0,-2008.0,-207915400.0,-1145.0,-115645050.0,1145.0,120232500.0,-239.0,-24676250.0,-370.0,-38273700.0,0.0,0.0,-1181.0,-121059700.0,-500.0,-51868400.0,48.0,4948400.0,0.0,27000.0
286940,롯데이노베이트,유가,"컴퓨터 프로그래밍, 시스템 통합 및 관리업","SM, SI",18280.0,16706.0,308828250.0,-0.33000001311302185,31709510.0,8.739999771118164,-6516.0,-120800970.0,5449.0,101074450.0,1068.0,19745120.0,-21.0,-417820.0,361.0,6645930.0,725.0,13461240.0,0.0,0.0,0.0,0.0,3.0,55770.0,0.0,0.0,-1.0,-18600.0
004000,롯데정밀화학,유가,기초 화학물질 제조업,"염소·셀룰로스계열, 암모니아 계열, 전자재료 등 화학제품 제조",47000.0,40024.0,1875089050.0,2.509999990463257,82480450.0,3.3299999237060547,-10339.0,-486080725.0,12809.0,600827525.0,-2458.0,-114182900.0,420.0,20077600.0,-980.0,-45879650.0,-1449.0,-67833275.0,0.0,0.0,1487.0,69939800.0,-1936.0,-90487375.0,-10.0,-470000.0,-2.0,-93900.0
004990,롯데지주,유가,기타 금융업,지주회사,22850.0,168659.0,3862237700.0,0.8799999952316284,513706775.0,10.90999984741211,8581.0,190562725.0,30594.0,703329250.0,-39179.0,-893982875.0,682.0,17890850.0,-1103.0,-25171700.0,-2177.0,-49708625.0,0.0,0.0,-44211.0,-1011667600.0,7630.0,174673900.0,11.0,252450.0,-7.0,-161550.0
00499K,롯데지주우,KOSPI,기타/미분류,기타/미분류,22400.0,203.0,4503275.0,1.8200000524520874,0.0,0.0,103.0,2277275.0,-103.0,-2277325.0,0.0,50.0,0.0,50.0,0.0,0.0,0.0,0.0,0.0,0.0,0.0,0.0,0.0,0.0,0.0,0.0,0.0,0.0
005300,롯데칠성음료,유가,비알코올음료 및 얼음 제조업,"청량음료,과채류음료,곡류음료,주류 제조,판매/자동차정비,연수원",100300.0,21971.0,2226181100.0,-2.3399999141693115,378110950.0,12.699999809265137,11958.0,1207007700.0,-7914.0,-799810250.0,-4181.0,-421167550.0,-1627.0,-162848000.0,-293.0,-29688850.0,-2109.0,-213311850.0,0.0,0.0,-6.0,-493500.0,-52.0,-5289000.0,119.0,12141900.0,18.0,1828200.0
005305,롯데칠성우,KOSPI,기타/미분류,기타/미분류,70800.0,567.0,40115700.0,-0.14000000059604645,0.0,0.0,-183.0,-12984200.0,161.0,11447100.0,22.0,1537100.0,22.0,1537100.0,0.0,0.0,0.0,0.0,0.0,0.0,0.0,0.0,0.0,0.0,0.0,0.0,0.0,0.0
011170,롯데케미칼,유가,기초 화학물질 제조업,"폴리프로필렌,고밀도폴리에틸렌,에틸렌글리콜,벤젠,에틸렌옥사이드,합성지,부산물 제조",57700.0,96728.0,5628402300.0,0.0,698638500.0,9.579999923706055,24698.0,1426796900.0,8998.0,529926650.0,-33691.0,-1956435550.0,-4893.0,-283810600.0,-45.0,-2632350.0,-17743.0,-1030134200.0,-75.0,-4365650.0,-6366.0,-369932050.0,-4569.0,-265560700.0,0.0,0.0,-5.0,-288000.0
071840,롯데하이마트,유가,가전제품 및 정보통신장비 소매업,"가전제품,잡화 도소매/부동산 임대",6400.0,20437.0,129834220.0,0.1599999964237213,6153160.0,4.739999771118164,614.0,3862620.0,-1609.0,-10121340.0,995.0,6258720.0,995.0,6258720.0,0.0,0.0,0.0,0.0,0.0,0.0,0.0,0.0,0.0,0.0,0.0,0.0,0.0,0.0
027740,마니커,유가,"도축, 육류 가공 및 저장 처리업","닭고기,햄,계육가공제품,계육,육가공제품 제조,판매,유통/양계관련사업/부동산임대/수출입대행",1140.0,213718.0,240990072.0,4.010000228881836,1984280.0,0.8199999928474426,-43219.0,-48884707.0,42118.0,47649539.0,-11.0,-12540.0,-11.0,-12540.0,0.0,0.0,0.0,0.0,0.0,0.0,0.0,0.0,0.0,0.0,100.0,114956.0,1012.0,1132752.0
357430,마스턴프리미어리츠,유가,부동산 임대 및 공급업,"프랑스 파리 소재 크리스탈파크, 프랑스 아마존 라스트마일 물류센터, 인천 항동 스마트물류센터",895.0,33933.0,30249165.0,-0.6700000166893005,0.0,0.0,370.0,344326.0,-307.0,-307122.0,-62.0,-36320.0,-62.0,-36320.0,0.0,0.0,0.0,0.0,0.0,0.0,0.0,0.0,0.0,0.0,0.0,0.0,-1.0,-884.0
001080,만호제강,유가,1차 철강 제조업,"와이어로프,합성섬유로프,특수강선 제조,수출,임대",4025.0,5395.0,21243300.0,2.4200000762939453,1067940.0,5.03000020980835,-1517.0,-5969948.0,1806.0,7123223.0,-289.0,-1153275.0,-289.0,-1153275.0,0.0,0.0,0.0,0.0,0.0,0.0,0.0,0.0,0.0,0.0,0.0,0.0,0.0,0.0
088980,맥쿼리인프라,유가,신탁업 및 집합투자업,증권투자회사,9970.0,1422307.0,14158557575.0,0.9100000262260437,810100445.0,5.71999979019165,-311017.0,-3096068995.0,109031.0,1083464830.0,134259.0,1337110640.0,-22119.0,-219856230.0,32.0,319105.0,-346053.0,-3445828030.0,0.0,0.0,502302.0,5001510935.0,97.0,964860.0,66137.0,659662955.0,1590.0,15830570.0
094800,맵스리얼티,유가,신탁업 및 집합투자업,기타/미분류,6250.0,70258.0,433833810.0,1.7899999618530273,5780620.0,1.3300000429153442,-24610.0,-151605650.0,-696.0,-5733520.0,26299.0,163506300.0,10375.0,64465520.0,0.0,0.0,15924.0,99040780.0,0.0,0.0,0.0,0.0,0.0,0.0,-1000.0,-6210000.0,7.0,42870.0
138040,메리츠금융지주,유가,기타 금융업,투자사업,120400.0,256893.0,31240584000.0,0.75,5425688700.0,15.649999618530273,-38484.0,-4724956850.0,3440.0,431477850.0,36263.0,4443136800.0,27070.0,3305700650.0,-5836.0,-706267600.0,-5952.0,-721765150.0,0.0,0.0,19747.0,2415726250.0,1160.0,140777100.0,-1203.0,-147702600.0,-16.0,-1955200.0
090370,메타랩스,유가,봉제의복 제조업,"여성용 의류(캐쥬얼티셔츠,바지) 제조",1099.0,25703.0,27902782.0,2.7100000381469727,19782.0,0.07000000029802322,452.0,497766.0,2995.0,3236278.0,-3336.0,-3612956.0,-3336.0,-3612956.0,0.0,0.0,0.0,0.0,0.0,0.0,0.0,0.0,0.0,0.0,0.0,0.0,-111.0,-121088.0
118000,메타케어,유가,기계장비 및 관련 물품 도매업,"의약품, 의료소모품, 의료기기 도매",1330.0,8953.0,11774429.0,2.7799999713897705,0.0,0.0,-16.0,-24280.0,118.0,159798.0,0.0,0.0,0.0,0.0,0.0,0.0,0.0,0.0,0.0,0.0,0.0,0.0,0.0,0.0,-2.0,-2613.0,-100.0,-132905.0
017180,명문제약,유가,의약품 제조업,"의약품(ROBAXIN 주사,KIMITE패취) 제조,판매",1158.0,63299.0,73074327.0,1.940000057220459,632130.0,0.8700000047683716,-6034.0,-6958213.0,-1633.0,-1941457.0,-21.0,-24318.0,-21.0,-24318.0,0.0,0.0,0.0,0.0,0.0,0.0,0.0,0.0,0.0,0.0,8000.0,9284864.0,-312.0,-360876.0
009900,명신산업,유가,자동차 신품 부품 제조업,자동차차체부품,7000.0,104034.0,731708540.0,3.549999952316284,153032780.0,13.720000267028809,11997.0,83940330.0,-14663.0,-102547810.0,2602.0,18159840.0,-382.0,-2720080.0,1906.0,13336130.0,1068.0,7473150.0,0.0,0.0,0.0,0.0,10.0,70640.0,-13.0,-91590.0,77.0,539230.0
317450,명인제약,유가,의약품 제조업,"신경정신계열, 구강계열 완제의약품",43400.0,8348.0,363691800.0,0.11999999731779099,6118900.0,0.9900000095367432,1729.0,75194550.0,-1670.0,-72631650.0,-114.0,-5013150.0,5.0,173000.0,87.0,3786600.0,-44.0,-1911300.0,0.0,0.0,0.0,0.0,-162.0,-7061450.0,197.0,8654150.0,-142.0,-6203900.0
012690,모나리자,유가,기타 종이 및 판지 제품 제조업,"화장지,미용티슈 제조,도매",1442.0,337793.0,492433463.0,0.07000000029802322,9962444.0,2.0199999809265137,35082.0,50031896.0,-35061.0,-50001656.0,-24.0,-34608.0,-24.0,-34608.0,0.0,0.0,0.0,0.0,0.0,0.0,0.0,0.0,0.0,0.0,0.0,0.0,3.0,4368.0
005360,모나미,유가,생활용품 도매업,"BP153(BALL POINT PEN), P-3000(PLUS PEN), 유성매직, 보드마카, 네임펜, PARKER, WARTERMAN, 색연필",1647.0,2173224.0,3566202373.0,1.9800000190734863,88585530.0,2.4800000190734863,-166788.0,-270679960.0,190411.0,309650882.0,427.0,672515.0,427.0,672515.0,0.0,0.0,0.0,0.0,0.0,0.0,0.0,0.0,0.0,0.0,-32463.0,-53423275.0,8413.0,13779838.0
070960,모나용평,유가,일반 및 생활 숙박시설 운영업,"리조트 운영, 콘도 분양",2145.0,24598.0,54363017.0,0.4699999988079071,1418775.0,2.609999895095825,8324.0,18469137.0,-7385.0,-16420407.0,-934.0,-2022560.0,-934.0,-2022560.0,0.0,0.0,0.0,0.0,0.0,0.0,0.0,0.0,0.0,0.0,-7.0,-15960.0,2.0,-10210.0
009680,모토닉,유가,자동차 신품 부품 제조업,"자동차용 부품(연료펌프,LPI SYSTEM, FCEV) 제조,판매",10210.0,12539.0,127349430.0,2.4100000858306885,2539860.0,1.2699999809265137,-2347.0,-23852705.0,287.0,2881125.0,1956.0,19911820.0,45.0,469460.0,-138.0,-1400920.0,-14.0,-142110.0,0.0,0.0,2070.0,21056600.0,-7.0,-71210.0,104.0,1059760.0,0.0,0.0
009580,무림P&P,유가,"펄프, 종이 및 판지 제조업","표백화학펄프(B.K.P) 제조,목재가공,조림사업",1671.0,51630.0,86647852.0,0.11999999731779099,3126643.0,3.609999895095825,8462.0,14166837.0,-8375.0,-14021460.0,-87.0,-145377.0,-87.0,-145377.0,0.0,0.0,0.0,0.0,0.0,0.0,0.0,0.0,0.0,0.0,0.0,0.0,0.0,0.0
009200,무림페이퍼,유가,"펄프, 종이 및 판지 제조업","지류,아트지,백상지 제조",1527.0,21170.0,32291734.0,0.0,1460182.0,4.519999980926514,-458.0,-755286.0,615.0,995600.0,-27.0,-41229.0,-27.0,-41229.0,0.0,0.0,0.0,0.0,0.0,0.0,0.0,0.0,0.0,0.0,-140.0,-214410.0,10.0,15325.0
033920,무학,유가,알코올음료 제조업,소주,7500.0,28686.0,215583180.0,0.0,1605730.0,0.7400000095367432,5623.0,42289115.0,-5748.0,-43221545.0,-663.0,-4984570.0,111.0,836750.0,-178.0,-1332860.0,14.0,105050.0,0.0,0.0,0.0,0.0,0.0,0.0,788.0,5917000.0,0.0,0.0
008420,문배철강,유가,1차 철강 제조업,"철강재중 판재류(후판,박판,무늬강판) 제조,도매",2090.0,28702.0,59653324.0,1.4600000381469727,112805.0,0.1899999976158142,-2188.0,-4539605.0,5199.0,10788995.0,-11.0,-22990.0,-11.0,-22990.0,0.0,0.0,0.0,0.0,0.0,0.0,0.0,0.0,0.0,0.0,-3000.0,-6226400.0,0.0,0.0
025560,미래산업,유가,"측정, 시험, 항해, 제어 및 기타 정밀기기 제조업; 광학기기 제외","PCB마운터,반도체검사장비(반도체테스트핸들러),LCD 검사장비,리드프레임매가진 제조,도매,무역",6840.0,582086.0,4040679045.0,0.0,57465880.0,1.4199999570846558,107859.0,741392615.0,-113704.0,-781046835.0,3983.0,27339290.0,203.0,1269290.0,1600.0,11034270.0,1452.0,10015720.0,0.0,0.0,0.0,0.0,728.0,5020010.0,2.0,-465750.0,1860.0,12780680.0
007120,미래아이앤지,유가,"컴퓨터 프로그래밍, 시스템 통합 및 관리업","CCTV, DVR제조, 금융솔루션, 방산제품",1190.0,13166.0,15691191.0,1.100000023841858,62930.0,0.4000000059604645,671.0,804999.0,-738.0,-883879.0,-18.0,-21420.0,-18.0,-21420.0,0.0,0.0,0.0,0.0,0.0,0.0,0.0,0.0,0.0,0.0,0.0,0.0,85.0,100300.0
396690,미래에셋글로벌리츠,유가,부동산 임대 및 공급업,부동산 임대업,1634.0,61987.0,100707989.0,-1.2699999809265137,52020.0,0.05000000074505806,29903.0,48396883.0,-22987.0,-37347991.0,-9916.0,-15923892.0,-6646.0,-10637948.0,0.0,0.0,0.0,0.0,0.0,0.0,0.0,0.0,-3270.0,-5285944.0,3000.0,4875000.0,0.0,0.0
357250,미래에셋맵스리츠,유가,부동산 임대 및 공급업,부동산 임대업,1817.0,29740.0,53825275.0,0.05999999865889549,0.0,0.0,13411.0,24233614.0,-8732.0,-15809293.0,-5679.0,-10229321.0,-5679.0,-10229321.0,0.0,0.0,0.0,0.0,0.0,0.0,0.0,0.0,0.0,0.0,1000.0,1805000.0,0.0,0.0
085620,미래에셋생명,유가,보험업,생명보험상품,16830.0,260078.0,4297213405.0,10.869999885559082,385838760.0,8.979999542236328,-21178.0,-340338155.0,-25899.0,-438436310.0,47356.0,783402975.0,-8839.0,-148552410.0,155.0,2609675.0,67.0,1129260.0,0.0,0.0,55946.0,927781460.0,27.0,434990.0,-179.0,-2991080.0,-100.0,-1637430.0
006800,미래에셋증권,유가,금융 지원 서비스업,"유가증권매매,유가증권위탁매매,유가증권인수",35200.0,1244761.0,43584378950.0,3.380000114440918,4447811600.0,6.75,-19905.0,-707084775.0,160558.0,5628866950.0,-142396.0,-4982768600.0,-88619.0,-3101335725.0,-1821.0,-63685950.0,-27637.0,-967228200.0,0.0,0.0,1270.0,44303700.0,-25589.0,-894822575.0,1487.0,52342400.0,256.0,8644025.0
00680K,미래에셋증권2우B,KOSPI,기타/미분류,기타/미분류,11340.0,202296.0,2293427805.0,2.619999885559082,220410180.0,9.609999656677246,21572.0,242606530.0,-13828.0,-155010655.0,-6627.0,-74799625.0,-8948.0,-101303070.0,202.0,2281565.0,-249.0,-2640745.0,0.0,0.0,7850.0,88874110.0,-5482.0,-62011485.0,-1158.0,-13260350.0,41.0,464100.0
006805,미래에셋증권우,KOSPI,기타/미분류,기타/미분류,12750.0,55445.0,711333410.0,2.819999933242798,17702220.0,2.490000009536743,-26368.0,-339104630.0,12473.0,160487630.0,-1669.0,-21380390.0,1.0,12740.0,0.0,0.0,0.0,0.0,0.0,0.0,0.0,0.0,-1670.0,-21393130.0,15564.0,199997390.0,0.0,0.0
081660,미스토홀딩스,유가,생활용품 도매업,"스포츠의류,신발,가방,시계,골프장비,화장품,가죽제품(지갑,키홀더) 도매,수출입",44050.0,91142.0,4043013600.0,-0.7900000214576721,1051885250.0,25.469999313354492,30.0,558825.0,8246.0,365977825.0,-14277.0,-631369100.0,-2771.0,-120824250.0,-4602.0,-204390900.0,-6389.0,-283614150.0,0.0,0.0,-2.0,304225.0,-513.0,-22844025.0,6000.0,264787900.0,1.0,44550.0
002840,미원상사,유가,기타 화학제품 제조업,"계면활성제,분황,황산,도료첨가제,프라스틱첨가제 제조",118400.0,5829.0,703982750.0,-1.3300000429153442,197689900.0,26.8700008392334,-242.0,-29919250.0,-132.0,-15922000.0,-326.0,-38158750.0,-354.0,-41510500.0,-6.0,-735450.0,91.0,10969000.0,0.0,0.0,-67.0,-8091400.0,10.0,1209600.0,700.0,84000000.0,0.0,0.0
268280,미원에스씨,유가,기초 화학물질 제조업,에너지경화수지,115300.0,3108.0,356891350.0,-0.3499999940395355,30309400.0,7.78000020980835,56.0,5886250.0,-328.0,-37840750.0,-230.0,-26126700.0,-209.0,-23727050.0,-18.0,-2074100.0,1.0,126700.0,0.0,0.0,0.0,8850.0,-4.0,-461100.0,500.0,57850000.0,2.0,231200.0
107590,미원홀딩스,유가,기타 금융업,도료첨가제,52500.0,17521.0,919898600.0,-0.5699999928474426,210000.0,0.019999999552965164,-17158.0,-900782700.0,0.0,0.0,-4.0,-210000.0,-4.0,-210000.0,0.0,0.0,0.0,0.0,0.0,0.0,0.0,0.0,0.0,0.0,17203.0,903157500.0,-41.0,-2164800.0
134380,미원화학,유가,기타 화학제품 제조업,"계면활성제, 황산및분황",10360.0,3833.0,39330150.0,2.4700000286102295,310800.0,0.7900000214576721,-1889.0,-19411440.0,-12.0,-125480.0,1922.0,19750700.0,-30.0,-310800.0,1728.0,17771930.0,889.0,9098360.0,0.0,0.0,-665.0,-6808790.0,0.0,0.0,0.0,0.0,-21.0,-213780.0
003650,미창석유공업,유가,석유 정제품 제조업,"윤활유,고무배합유,전기절연유 제조,판매,수출입",144000.0,1665.0,235572100.0,3.450000047683716,4386100.0,1.8600000143051147,-663.0,-93751900.0,342.0,47819300.0,321.0,45932600.0,1.0,204800.0,94.0,13444100.0,48.0,6865000.0,0.0,0.0,-148.0,-20852700.0,326.0,46271400.0,0.0,0.0,0.0,0.0
377740,바이오노트,유가,의료용품 및 기타 의약 관련제품 제조업,"Rapid 반제품 및 완제품, 동물용신속진단 키트",4625.0,79680.0,367092500.0,2.319999933242798,1959490.0,0.5299999713897705,-14094.0,-65303065.0,23875.0,110195095.0,-9581.0,-43971030.0,-7117.0,-32728705.0,-1431.0,-6529990.0,-1053.0,-4804935.0,0.0,0.0,0.0,0.0,20.0,92600.0,0.0,0.0,-200.0,-921000.0
003610,방림,유가,직물직조 및 직물제품 제조업,"P/C혼방직물,면방적,각종사류,직물류 제조,도소매",5590.0,149009.0,821351340.0,3.140000104904175,268220.0,0.029999999329447746,-77425.0,-426181770.0,43665.0,240542280.0,33760.0,185639490.0,30157.0,165651140.0,1780.0,9874850.0,1823.0,10113500.0,0.0,0.0,0.0,0.0,0.0,0.0,0.0,0.0,0.0,0.0
035150,백산,유가,플라스틱제품 제조업,"P.U.인조피혁,부직포인공피혁 제조,무역",10060.0,10362.0,103813650.0,0.30000001192092896,3061400.0,2.200000047683716,3437.0,34388320.0,-711.0,-7165240.0,-2664.0,-26589530.0,-312.0,-3103680.0,-1656.0,-16534580.0,-709.0,-7080750.0,0.0,0.0,0.0,0.0,13.0,129480.0,-62.0,-633550.0,0.0,0.0
002410,범양건영,유가,건물 건설업,"토목공사,주택건설,건축공사,난방공사,전기공사,포장공사",1935.0,0.0,0.0,0.0,0.0,0.0,0.0,0.0,0.0,0.0,0.0,0.0,0.0,0.0,0.0,0.0,0.0,0.0,0.0,0.0,0.0,0.0,0.0,0.0,0.0,0.0,0.0,0.0
007210,벽산,유가,기타 비금속 광물제품 제조업,"단열재, 천장재, 외장재, 내장재, 외단열, 바닥재 등",1484.0,180656.0,266064357.0,2.3399999141693115,629327.0,0.23999999463558197,-42022.0,-62149481.0,42230.0,62460191.0,-208.0,-310710.0,-208.0,-310710.0,0.0,0.0,0.0,0.0,0.0,0.0,0.0,0.0,0.0,0.0,0.0,0.0,0.0,0.0
002760,보락,유가,기타 화학제품 제조업,"식품향료,식품첨가물,화학제품,껌베이스(자일리톨,에리스리톨),담배향료 제조,판매",987.0,95259.0,94099789.0,1.75,523732.0,0.5600000023841858,-15436.0,-15355943.0,-4549.0,-4439847.0,19961.0,19772200.0,19961.0,19772200.0,0.0,0.0,0.0,0.0,0.0,0.0,0.0,0.0,0.0,0.0,13.0,12766.0,11.0,10824.0
003850,보령,유가,의약품 제조업,"의약품(제산제(겔포스),구심,용각산,고혈압치료제(카프릴),소염진통제(멘소레담),항생제(듀리세프),혈전치료제(아스트릭스)) 제조",8690.0,64517.0,552566710.0,4.070000171661377,64748740.0,7.400000095367432,-14469.0,-123753530.0,2159.0,18289680.0,2708.0,23410000.0,-594.0,-5079000.0,2337.0,20164600.0,948.0,8180980.0,0.0,0.0,0.0,0.0,17.0,143420.0,9677.0,82696400.0,-75.0,-642550.0
000890,보해양조,유가,알코올음료 제조업,"주류(소주,매취,실비우스,위스키) 제조,음료 도매",1375.0,397092.0,545998486.0,2.609999895095825,10638820.0,1.9500000476837158,-39671.0,-54398269.0,39290.0,53881394.0,-19.0,-26125.0,-19.0,-26125.0,0.0,0.0,0.0,0.0,0.0,0.0,0.0,0.0,0.0,0.0,700.0,957300.0,-300.0,-414300.0
000890,보해양조,유가,알코올음료 제조업,"주류(소주,매취,실비우스,위스키) 제조,음료 도매",1375.0,397092.0,545998486.0,2.609999895095825,10638820.0,1.9500000476837158,-39671.0,-54398269.0,39290.0,53881394.0,-19.0,-26125.0,-19.0,-26125.0,0.0,0.0,0.0,0.0,0.0,0.0,0.0,0.0,0.0,0.0,700.0,957300.0,-300.0,-414300.0
003000,부광약품,유가,의약품 제조업,"의약품,치약,의약부외품(부광탁스,레가론,부광안티프라그) 제조",4260.0,292061.0,1259363418.0,-0.5799999833106995,80149560.0,6.360000133514404,38710.0,166537535.0,-38381.0,-165244855.0,-3419.0,-14627520.0,-2480.0,-10613870.0,0.0,0.0,2391.0,10262775.0,0.0,0.0,-3350.0,-14362810.0,20.0,86385.0,0.0,0.0,3090.0,13334840.0
001270,부국증권,유가,금융 지원 서비스업,"유가증권 매매,위탁매매,인수,주선",55100.0,2600.0,142914700.0,4.550000190734863,14271800.0,8.25,-864.0,-47347500.0,470.0,25538000.0,408.0,22584000.0,63.0,3442700.0,129.0,7173600.0,14.0,779200.0,0.0,0.0,200.0,11080900.0,2.0,107600.0,-14.0,-774500.0,0.0,0.0
001275,부국증권우,KOSPI,기타/미분류,기타/미분류,30350.0,2138.0,64280150.0,1.1699999570846558,0.0,0.0,-363.0,-10939000.0,0.0,0.0,0.0,0.0,0.0,0.0,0.0,0.0,0.0,0.0,0.0,0.0,0.0,0.0,0.0,0.0,363.0,10939000.0,0.0,0.0
026940,부국철강,유가,1차 철강 제조업,철강,1942.0,139308.0,270184420.0,2.259999990463257,971580.0,0.36000001430511475,6312.0,12306192.0,-6301.0,-12284830.0,-11.0,-21362.0,-11.0,-21362.0,0.0,0.0,0.0,0.0,0.0,0.0,0.0,0.0,0.0,0.0,0.0,0.0,0.0,0.0
026940,부국철강,유가,1차 철강 제조업,철강,1942.0,139308.0,270184420.0,2.259999990463257,971580.0,0.36000001430511475,6312.0,12306192.0,-6301.0,-12284830.0,-11.0,-21362.0,-11.0,-21362.0,0.0,0.0,0.0,0.0,0.0,0.0,0.0,0.0,0.0,0.0,0.0,0.0,0.0,0.0
011390,부산산업,유가,"시멘트, 석회, 플라스터 및 그 제품 제조업","레미콘 제조,판매",40100.0,1420.0,56751075.0,2.819999933242798,40100.0,0.07000000029802322,628.0,25105975.0,-632.0,-25266225.0,-1.0,-40100.0,-1.0,-40100.0,0.0,0.0,0.0,0.0,0.0,0.0,0.0,0.0,0.0,0.0,5.0,200350.0,0.0,0.0
005030,부산주공,유가,자동차 신품 부품 제조업,"자동차부품(엔진부품,조향장치부품,브레이장치부품,오토미셧부품) 제조,도매/부동산 임대",486.0,0.0,0.0,0.0,0.0,0.0,0.0,0.0,0.0,0.0,0.0,0.0,0.0,0.0,0.0,0.0,0.0,0.0,0.0,0.0,0.0,0.0,0.0,0.0,0.0,0.0,0.0,0.0
006740,블루산업개발,유가,"골판지, 종이 상자 및 종이용기 제조업","골판지원지,지관원지,라이나원지 제조",1052.0,0.0,0.0,0.0,0.0,0.0,0.0,0.0,0.0,0.0,0.0,0.0,0.0,0.0,0.0,0.0,0.0,0.0,0.0,0.0,0.0,0.0,0.0,0.0,0.0,0.0,0.0,0.0
002070,비비안,유가,봉제의복 제조업,"여성내의류(스타킹,화운데이숀,란제리),카바링사 제조,수출입/부동산 매매,임대",6030.0,381518.0,2490005560.0,-10.529999732971191,2122580.0,0.09000000357627869,5474.0,36416770.0,-5750.0,-37754360.0,623.0,3742320.0,623.0,3742320.0,0.0,0.0,0.0,0.0,0.0,0.0,0.0,0.0,0.0,0.0,0.0,11240.0,-347.0,-2415970.0
100220,비상교육,유가,"서적, 잡지 및 기타 인쇄물 출판업","참고서 출판/소프트웨어 개발,공급",4985.0,76136.0,382134713.0,1.2200000286102295,537680.0,0.14000000059604645,-5072.0,-26072375.0,5569.0,28574780.0,-7.0,-34895.0,-7.0,-34895.0,0.0,0.0,0.0,0.0,0.0,0.0,0.0,0.0,0.0,0.0,-172.0,-858470.0,-318.0,-1609040.0
090460,비에이치,유가,전자부품 제조업,FPCB (연성인쇄회로기판),14690.0,1316588.0,19118843735.0,-3.359999895095825,783560605.0,2.740000009536743,216490.0,3092868320.0,-41198.0,-593209070.0,-156381.0,-2224920540.0,-6036.0,-88062520.0,67175.0,984191505.0,-23142.0,-322086300.0,0.0,0.0,-181913.0,-2617983800.0,-12465.0,-180979425.0,-18167.0,-263897220.0,-744.0,-10841490.0
005180,빙그레,유가,동·식물성 유지 및 낙농제품 제조업,"아이스크림,우유,스낵,유산균(욥닥터캡슐) 제조",67800.0,19344.0,1314610950.0,-0.15000000596046448,54368800.0,2.880000114440918,-4491.0,-306050750.0,4891.0,333224050.0,-400.0,-27171800.0,-145.0,-9846000.0,-145.0,-9854100.0,-110.0,-7472200.0,0.0,0.0,-2.0,-135600.0,2.0,136100.0,0.0,0.0,0.0,-1500.0
003960,사조대림,유가,수산물 가공 및 저장 처리업,"게맛살,어육연제품,식용류,배합사료 제조",30800.0,4097.0,125267750.0,0.8199999928474426,11171750.0,6.550000190734863,-156.0,-4853450.0,-1521.0,-46439650.0,666.0,20456050.0,452.0,13916050.0,113.0,3453000.0,101.0,3087000.0,0.0,0.0,0.0,0.0,0.0,0.0,1000.0,30500000.0,11.0,337050.0
008040,사조동아원,유가,"곡물가공품, 전분 및 전분제품 제조업","제분, 배합사료 제조",706.0,232254.0,164906637.0,-0.699999988079071,716549.0,0.4300000071525574,43039.0,30521957.0,-43228.0,-30657088.0,-90.0,-63540.0,-90.0,-63540.0,0.0,0.0,0.0,0.0,0.0,0.0,0.0,0.0,0.0,0.0,216.0,152712.0,63.0,45959.0
007160,사조산업,유가,수산물 가공 및 저장 처리업,"원양어업(참치,명태,오징어),육가공,참치통조림,장류 제조/냉동냉장 창고운영/부동산 임대/컴퓨터,소프트웨어 개발,도매/팝콘,구운김 도매",52900.0,7097.0,372672900.0,1.7300000190734863,21117400.0,4.210000038146973,-1635.0,-85288800.0,1348.0,70248700.0,287.0,15040100.0,-7.0,-370500.0,166.0,8699100.0,128.0,6711500.0,0.0,0.0,0.0,0.0,0.0,0.0,0.0,0.0,0.0,0.0
014710,사조씨푸드,유가,수산물 가공 및 저장 처리업,횟감용 참치 및 기타 일반수산물,10900.0,30666.0,330013155.0,-0.7300000190734863,283100.0,0.09000000357627869,2921.0,31946390.0,827.0,7617510.0,-3998.0,-42246900.0,-24.0,-261590.0,763.0,8293600.0,902.0,9808830.0,0.0,0.0,-5639.0,-60087740.0,0.0,0.0,250.0,2683000.0,0.0,0.0
006090,사조오양,유가,수산물 가공 및 저장 처리업,"원양어업/수산물가공(게맛살) 제조,수출입/냉동 및 냉장보관/부동산 임대",8500.0,3123.0,26499190.0,0.11999999731779099,153040.0,0.5799999833106995,-1173.0,-9938790.0,-75.0,-631290.0,-16.0,-136000.0,-16.0,-136000.0,0.0,0.0,0.0,0.0,0.0,0.0,0.0,0.0,0.0,0.0,1264.0,10706080.0,0.0,0.0
062040,산일전기,유가,"전동기, 발전기 및 전기 변환 · 공급 · 제어 장치 제조업","유입, 몰드, 주상, 건식 변압기 등",167200.0,177555.0,29241100750.0,9.350000381469727,2651407700.0,5.590000152587891,6000.0,973732700.0,-29453.0,-4852622250.0,23534.0,3891485450.0,8755.0,1442946400.0,336.0,56373250.0,5163.0,849191750.0,0.0,0.0,9020.0,1501819400.0,260.0,41154650.0,-130.0,-21011600.0,49.0,8415700.0
005610,삼립,유가,기타 식품 제조업,"빵,아이스크림,과자,케익,유산균음료,인스턴트식품,병조림,면류,식용유 제조,판매",38900.0,4402.0,172397400.0,-0.25999999046325684,2520650.0,1.2400000095367432,1115.0,43588950.0,-829.0,-32427800.0,-286.0,-11161150.0,-85.0,-3337300.0,-135.0,-5254850.0,-68.0,-2647950.0,0.0,0.0,0.0,0.0,2.0,78950.0,0.0,0.0,0.0,0.0
001470,삼부토건,유가,토목 건설업,"토목공사,건축공사,포장공사,건설업,분양사업/건설자재 제조",347.0,0.0,0.0,0.0,0.0,0.0,0.0,0.0,0.0,0.0,0.0,0.0,0.0,0.0,0.0,0.0,0.0,0.0,0.0,0.0,0.0,0.0,0.0,0.0,0.0,0.0,0.0,0.0
028050,삼성E&A,유가,"건축기술, 엔지니어링 및 관련 기술 서비스업","산업설비,건물,구축물,토목시설의 설계,시공,공사감리",49100.0,2451641.0,119721176825.0,2.8299999237060547,2963139250.0,2.4800000190734863,-295048.0,-14550622400.0,64145.0,3196144475.0,231464.0,11381537625.0,36223.0,1754041300.0,-22970.0,-1119934200.0,-6528.0,-308690350.0,6.0,295225.0,174676.0,8599142950.0,49058.0,2407602325.0,-284.0,-13580450.0,-277.0,-13479250.0
448730,삼성FN리츠,유가,부동산 임대 및 공급업,대치타워 및 에스원빌딩,5530.0,18084.0,99657130.0,0.0,1526370.0,1.5299999713897705,-4259.0,-23544465.0,-1965.0,-10805975.0,6224.0,34350440.0,6583.0,36327090.0,0.0,0.0,0.0,0.0,0.0,0.0,0.0,0.0,-359.0,-1976650.0,0.0,0.0,0.0,0.0
006400,삼성SDI,유가,일차전지 및 이차전지 제조업,"2차전지, 전자재료 제조 판매",429000.0,301925.0,129031583250.0,2.259999990463257,6327271750.0,3.569999933242798,3507.0,1384908000.0,-4753.0,-1995533250.0,2065.0,956948000.0,13254.0,5701375250.0,-1974.0,-843513500.0,-11643.0,-4961532750.0,0.0,0.0,-254.0,-89537000.0,2661.0,1141199000.0,-754.0,-317927250.0,-65.0,-28395500.0
006405,삼성SDI우,KOSPI,기타/미분류,기타/미분류,198000.0,7148.0,1381116750.0,7.320000171661377,19274200.0,1.399999976158142,-1375.0,-268663400.0,1579.0,308290900.0,109.0,20819900.0,147.0,28197500.0,-30.0,-5836100.0,-8.0,-1541500.0,0.0,0.0,0.0,0.0,0.0,0.0,-255.0,-49444400.0,-58.0,-11003000.0
006660,삼성공조,유가,자동차 신품 부품 제조업,"자동차부품(라디에터,오일쿨러) 제조,판매",11380.0,225597.0,2572390420.0,1.8799999952316284,61822140.0,2.4000000953674316,-2303.0,-26198335.0,3792.0,43231360.0,-1565.0,-17899635.0,-10.0,-141920.0,0.0,0.0,0.0,0.0,0.0,0.0,-1555.0,-17757715.0,0.0,0.0,0.0,840.0,76.0,865770.0
028260,삼성물산,유가,기타 전문 도매업,"도소매, 건설, 남자용 정장 제조업 등",347500.0,339053.0,116600045500.0,7.75,7551091750.0,5.019999980926514,-81170.0,-27927978000.0,105729.0,36395982000.0,-23028.0,-7944663750.0,-17987.0,-6223772500.0,2939.0,1013925500.0,3849.0,1322224500.0,-8.0,-2709500.0,-11891.0,-4080062500.0,70.0,25730750.0,-1273.0,-434621500.0,-258.0,-88718750.0
02826K,삼성물산우B,KOSPI,기타/미분류,기타/미분류,214000.0,7533.0,1596537750.0,7.480000019073486,194554500.0,12.1899995803833,-3128.0,-661296250.0,3258.0,686515250.0,-127.0,-24568500.0,-481.0,-101408000.0,0.0,0.0,49.0,10651500.0,0.0,0.0,0.0,0.0,305.0,66188000.0,0.0,0.0,-3.0,-650500.0
207940,삼성바이오로직스,유가,기초 의약물질 제조업,바이오의약품,1491000.0,52180.0,77867523000.0,1.0199999809265137,11126835000.0,11.75,-4839.0,-7269725500.0,14700.0,21956649500.0,-9717.0,-14472125000.0,20.0,39006500.0,-1872.0,-2788893500.0,-1189.0,-1767707000.0,-1.0,-1485000.0,-5891.0,-8784786000.0,-781.0,-1163768000.0,-147.0,-219252000.0,3.0,4453000.0
032830,삼성생명,유가,보험업,"생명보험,부동산 임대",294000.0,636762.0,183077762549.0,5.760000228881836,4800301000.0,2.309999942779541,-18754.0,-5666909000.0,22928.0,7079727000.0,-4530.0,-1516916500.0,15189.0,4249307250.0,-111.0,-30996000.0,-8970.0,-2583360750.0,3.0,861000.0,-10160.0,-2991637250.0,-481.0,-161090750.0,347.0,101694000.0,9.0,2404500.0
018260,삼성에스디에스,유가,"컴퓨터 프로그래밍, 시스템 통합 및 관리업","IT서비스, 물류BPO",230500.0,375539.0,85224047750.0,5.010000228881836,7258814000.0,5.349999904632568,-92079.0,-21210499250.0,13430.0,3182081250.0,80822.0,18480742500.0,-930.0,-208235000.0,12342.0,2817069250.0,30942.0,7071192000.0,34.0,7758000.0,30706.0,7029591000.0,7794.0,1778890000.0,-1824.0,-372115000.0,-349.0,-80209500.0
0126Z0,삼성에피스홀딩스,유가,기타 금융업,지주회사,389000.0,47521.0,18437963250.0,0.7799999713897705,2383208000.0,10.1899995803833,769.0,283306750.0,32.0,26224500.0,-700.0,-271082750.0,42.0,17333250.0,-377.0,-146608000.0,-194.0,-75298500.0,0.0,0.0,8.0,3033500.0,-179.0,-69545000.0,-110.0,-41880000.0,9.0,3431500.0
009150,삼성전기,유가,전자부품 제조업,"수동소자 (MLCC, Inductor, Chip Resistor 등), 모듈(카메라모듈, 통신모듈), 반도체패키지 기판",1356000.0,1023094.0,1364762760000.0,14.430000305175781,68686292000.0,3.25,-24175.0,-32460831500.0,7228.0,10483575500.0,17663.0,22889599000.0,-33658.0,-45276836000.0,2261.0,3004520000.0,15141.0,20162121500.0,125.0,167106000.0,8317.0,10830099500.0,25381.0,33874709000.0,-532.0,-663280000.0,-184.0,-249063000.0
009155,삼성전기우,KOSPI,기타/미분류,기타/미분류,472500.0,59722.0,28093618000.0,7.260000228881836,1499802000.0,5.340000152587891,7457.0,3526890250.0,-9562.0,-4510458000.0,1938.0,905333750.0,1943.0,907694750.0,0.0,0.0,0.0,0.0,0.0,0.0,0.0,0.0,-5.0,-2361000.0,143.0,66590000.0,24.0,11644000.0
005930,삼성전자,유가,통신 및 방송 장비 제조업,"통신 및 방송 장비 제조(무선) 제품, 반도체 제조(메모리) 제품, 전자부품 제조(디스플레이) 제품, 영상 및 음향기기 제조(영상기기) 제품 등",246000.0,22577128.0,5610076087593.0,2.5,288943789000.0,3.5899999141693115,-222721.0,-60218351000.0,2301069.0,577806657500.0,-2078706.0,-517404372750.0,507170.0,125534655250.0,-63536.0,-15747328750.0,12734.0,2886847000.0,7057.0,1751477750.0,-221349.0,-56408479000.0,-2327958.0,-577201096000.0,2850.0,445918750.0,-2492.0,-629852500.0
005935,삼성전자우,KOSPI,기타/미분류,기타/미분류,183900.0,2270420.0,416777047013.0,4.25,3600391550.0,0.8600000143051147,-363557.0,-66966751000.0,403588.0,74238834400.0,-46236.0,-8411386100.0,-11935.0,-2189827850.0,-2979.0,-542575200.0,10129.0,1848607350.0,-2185.0,-397865800.0,-20995.0,-3828726900.0,-21415.0,-3878192650.0,9263.0,1701261300.0,-3058.0,-561958600.0
001360,삼성제약,유가,의약품 제조업,"의약품(까스명수,쓸기담,에프킬라에어졸,액체우황청심원) 제조,도매",1309.0,425985.0,563049982.0,-0.8299999833106995,8433333.0,1.5,-72402.0,-95832512.0,69857.0,92489811.0,-66.0,-86394.0,-66.0,-86394.0,0.0,0.0,0.0,0.0,0.0,0.0,0.0,0.0,0.0,0.0,5000.0,6600000.0,-2389.0,-3170905.0
010140,삼성중공업,유가,선박 및 보트 건조업,"선박(벌크선,원유운반선),철구조물,에너지플랜트 생산,판매/토목건축업",22200.0,2847757.0,62860490850.0,2.5399999618530273,3761455950.0,3.759999990463257,265160.0,5765445275.0,-474759.0,-10435495725.0,193674.0,4318701425.0,132812.0,2964679250.0,11683.0,259452700.0,9780.0,220159200.0,0.0,0.0,67270.0,1490617075.0,-28325.0,-626258450.0,5092.0,112508250.0,10833.0,238840775.0
016360,삼성증권,유가,금융 지원 서비스업,"유가증권의 매매,위탁매매,인수주선",97600.0,660743.0,64333634350.0,-1.0099999904632568,2722446650.0,2.9800000190734863,218548.0,21225999300.0,-119822.0,-11637850800.0,-94979.0,-9218204550.0,-33355.0,-3235444100.0,-17001.0,-1648660800.0,-18746.0,-1821538900.0,3.0,293400.0,10968.0,1068241800.0,-38685.0,-3759098100.0,-4226.0,-416756650.0,479.0,46812700.0
068290,삼성출판사,유가,"서적, 잡지 및 기타 인쇄물 출판업","서적 출판,인쇄,소매/부동산 임대",6210.0,8426.0,52802415.0,-2.6600000858306885,859180.0,1.6299999952316284,3357.0,20996220.0,-1832.0,-11477390.0,-1530.0,-9550080.0,-6.0,-37240.0,0.0,0.0,0.0,0.0,0.0,0.0,0.0,0.0,-1524.0,-9512840.0,0.0,0.0,5.0,31250.0
029780,삼성카드,유가,기타 금융업,"신용카드업,상품신용판매,현금서비스,카드론,리스,기업대출,여행업무,통신판매",46550.0,83974.0,3927973025.0,0.0,281138550.0,6.070000171661377,23381.0,1085320100.0,-9344.0,-431378625.0,-14010.0,-652651325.0,-3601.0,-166689375.0,453.0,21092350.0,-6700.0,-312734975.0,-84.0,-3938050.0,-4038.0,-188508175.0,-40.0,-1873100.0,10.0,465500.0,-37.0,-1755650.0
000810,삼성화재해상보험,유가,보험업,"손해보험의 원수,재보험,운용자산의 투자활동",637000.0,48484.0,30714971000.0,2.740000009536743,3475424000.0,10.460000038146973,-3300.0,-2097779500.0,10705.0,6786348500.0,-7203.0,-4559897000.0,-3188.0,-2025091000.0,-239.0,-150876000.0,-525.0,-330289500.0,0.0,0.0,-3130.0,-1977928500.0,-121.0,-75707000.0,-201.0,-128039000.0,-1.0,-633000.0
000815,삼성화재우,KOSPI,기타/미분류,기타/미분류,400000.0,11209.0,4433074000.0,2.0399999618530273,42905000.0,0.9700000286102295,-5033.0,-1998706000.0,5331.0,2116999750.0,-286.0,-113595250.0,-3.0,-1210500.0,-29.0,-11451250.0,-544.0,-215349500.0,0.0,0.0,0.0,0.0,290.0,114419000.0,0.0,-500.0,-12.0,-4698000.0
006110,삼아알미늄,유가,1차 비철금속 제조업,"알루미늄박지,은박지,은박가공품,알페이스트 제조,도매,수출",39450.0,114822.0,4477391500.0,0.7699999809265137,298322700.0,4.369999885559082,19494.0,766632750.0,-9499.0,-378356550.0,-9716.0,-377480350.0,1860.0,73088050.0,-6575.0,-255926050.0,-2854.0,-111313050.0,0.0,0.0,-527.0,-20392700.0,-1619.0,-62897500.0,267.0,10328100.0,-546.0,-21123950.0
0120G0,삼양바이오팜,유가,의약품 제조업,의료기기 및 의약품,44250.0,16478.0,727302475.0,-0.5600000023841858,69586800.0,6.789999961853027,-2046.0,-90177425.0,1510.0,66850475.0,707.0,30812300.0,94.0,3795050.0,412.0,18155650.0,201.0,8861600.0,0.0,0.0,0.0,0.0,0.0,0.0,0.0,0.0,-171.0,-7485350.0
145990,삼양사,유가,기타 식품 제조업,설탕,45300.0,16361.0,733958625.0,3.5399999618530273,100368850.0,12.220000267028809,-4642.0,-208518525.0,-4186.0,-189011500.0,8828.0,397530025.0,60.0,3184350.0,-149.0,-6688450.0,925.0,41917900.0,0.0,0.0,0.0,0.0,7992.0,359116225.0,0.0,0.0,0.0,0.0
145995,삼양사우,KOSPI,기타/미분류,기타/미분류,32950.0,145.0,4731750.0,0.6100000143051147,0.0,0.0,2.0,65550.0,-2.0,-65550.0,0.0,0.0,0.0,0.0,0.0,0.0,0.0,0.0,0.0,0.0,0.0,0.0,0.0,0.0,0.0,0.0,0.0,0.0
003230,삼양식품,유가,기타 식품 제조업,"라면,스낵,유제품,장유,식용유,사료,향신료,건강음료(루이보스 티) 제조,도매",1210000.0,52138.0,63237733000.0,-0.7400000095367432,2159359000.0,2.5999999046325684,2443.0,2878577500.0,12476.0,15097069500.0,-14700.0,-17707010500.0,1765.0,2138657000.0,-1173.0,-1409882500.0,-3591.0,-4354697500.0,0.0,0.0,1382.0,1710603500.0,-13100.0,-15812297000.0,-151.0,-185708500.0,-68.0,-82928000.0
272550,삼양패키징,유가,플라스틱제품 제조업,PET 용기 및 아셉틱 OEM,9320.0,41220.0,385198190.0,0.8700000047683716,6611060.0,1.7200000286102295,3853.0,35916785.0,-3916.0,-36593685.0,130.0,1303840.0,130.0,1303840.0,0.0,0.0,0.0,0.0,0.0,0.0,0.0,0.0,0.0,0.0,-67.0,-626940.0,0.0,0.0
000070,삼양홀딩스,유가,기타 금융업,"지주회사,경영자문컨설팅",58300.0,4657.0,271749600.0,0.3400000035762787,1753600.0,0.5299999713897705,930.0,53914800.0,-1911.0,-111415400.0,982.0,57558800.0,-37.0,-2161900.0,14.0,815400.0,1004.0,58846800.0,0.0,0.0,0.0,0.0,1.0,58500.0,-1.0,-58200.0,0.0,0.0
003720,삼영,유가,플라스틱제품 제조업,"합성수지(BOPP,캐파시타),PPC,랩,종이상자(카톤팩) 제조",7300.0,417098.0,2969428785.0,6.260000228881836,138433630.0,4.659999847412109,81636.0,584905865.0,-113627.0,-815305285.0,34512.0,248675900.0,-25.0,-182700.0,256.0,1806620.0,881.0,6308350.0,0.0,0.0,0.0,0.0,33400.0,240743630.0,-2317.0,-16844100.0,-204.0,-1432380.0
002810,삼영무역,유가,기타 전문 도매업,"화공약품, 안경렌즈",23350.0,62061.0,1391065375.0,8.100000381469727,3352250.0,0.20999999344348907,-13671.0,-314893125.0,-1671.0,-49144500.0,12750.0,299605600.0,-60.0,-1500900.0,444.0,10033550.0,-2789.0,-60154675.0,0.0,0.0,1396.0,34650300.0,2402.0,55258075.0,3351.0,77015575.0,-759.0,-12583550.0
005680,삼영전자공업,유가,전자부품 제조업,"전자부품(알루미늄 전해콘덴서),전기이중층콘덴서,센서 제조,도매",13790.0,31500.0,429587360.0,3.5299999713897705,9105690.0,2.119999885559082,-12340.0,-168495450.0,10366.0,141364980.0,1162.0,16036000.0,-215.0,-2852670.0,719.0,9839090.0,770.0,10572460.0,-116.0,-1576630.0,0.0,0.0,4.0,53750.0,812.0,11094470.0,0.0,0.0
023000,삼원강재,유가,자동차 신품 부품 제조업,"열간압연제품(평강,봉강,특수이형강,환강,자동차용 겹판스프링) 제조,판매",2220.0,26475.0,58575891.0,-0.2199999988079071,55500.0,0.09000000357627869,-6173.0,-13613747.0,-1943.0,-4307701.0,8116.0,17921448.0,8116.0,17921448.0,0.0,0.0,0.0,0.0,0.0,0.0,0.0,0.0,0.0,0.0,0.0,0.0,0.0,0.0
004380,삼익THK,유가,일반 목적용 기계 제조업,"직선운동시스템,메카트로시스템,기타정밀 자동화기기 제조,판매/전자상거래,인터넷 관련 s/w,h/w 개발,판매,유지보수",8630.0,42889.0,369182305.0,3.7300000190734863,610420.0,0.17000000178813934,-6892.0,-59268430.0,6921.0,59504830.0,-28.0,-241670.0,-28.0,-241670.0,0.0,0.0,0.0,0.0,0.0,0.0,0.0,0.0,0.0,0.0,-1.0,-8670.0,0.0,13940.0
002450,삼익악기,유가,악기 제조업,"피아노,기타,현악기,전자악기,동 부분품 제조,임대,도매",1120.0,189060.0,212248978.0,0.0,3035797.0,1.4299999475479126,23548.0,26256348.0,-25096.0,-28223755.0,1548.0,1967407.0,1548.0,1967407.0,0.0,0.0,0.0,0.0,0.0,0.0,0.0,0.0,0.0,0.0,0.0,0.0,0.0,0.0
004440,삼일씨엔에스,유가,"시멘트, 석회, 플라스터 및 그 제품 제조업","PHC파일, 강교, PC",4830.0,19309.0,94270135.0,-1.2300000190734863,1184735.0,1.2599999904632568,-1401.0,-6725255.0,1237.0,5982095.0,14.0,18660.0,14.0,18660.0,0.0,0.0,0.0,0.0,0.0,0.0,0.0,0.0,0.0,0.0,0.0,0.0,150.0,724500.0
000520,삼일제약,유가,의약품 제조업,"양약(부루펜,액티피드,포리부틴) 제조,도매",7010.0,70359.0,489537185.0,4.320000171661377,29886755.0,6.110000133514404,-7489.0,-51693790.0,7528.0,51968010.0,0.0,0.0,0.0,0.0,0.0,0.0,0.0,0.0,0.0,0.0,0.0,0.0,0.0,0.0,0.0,0.0,-39.0,-274220.0
009770,삼정펄프,유가,"펄프, 종이 및 판지 제조업","지류화장지,안면용,위생용 티슈 제조,판매",27400.0,3820.0,103370375.0,1.2899999618530273,27400.0,0.029999999329447746,-142.0,-3977500.0,-105.0,-2949650.0,247.0,6927150.0,247.0,6927150.0,0.0,0.0,0.0,0.0,0.0,0.0,0.0,0.0,0.0,0.0,0.0,0.0,0.0,0.0
005500,삼진제약,유가,의약품 제조업,"의약품(게보린,세트라졸,염산나록손) 제조,판매,수출입,약초재배",18250.0,23446.0,425328260.0,2.240000009536743,44930700.0,6.519999980926514,-1082.0,-19488470.0,1991.0,35953990.0,-911.0,-16501370.0,-370.0,-6675530.0,-391.0,-7101550.0,-150.0,-2724290.0,0.0,0.0,0.0,0.0,0.0,0.0,2.0,35850.0,0.0,0.0
004690,삼천리,유가,연료용 가스 제조 및 배관공급업,도시가스 공급/부동산 임대,119800.0,7448.0,887160900.0,0.7599999904632568,43547700.0,4.190000057220459,1681.0,199408500.0,287.0,34513900.0,-1919.0,-227726700.0,-22.0,-2457800.0,-77.0,-9110400.0,-1821.0,-216277500.0,0.0,0.0,0.0,0.0,1.0,119000.0,-45.0,-5716100.0,-4.0,-479600.0
010960,삼호개발,유가,기반조성 및 시설물 축조관련 전문공사업,"토공사,철근콘크리트공사,포장공사,미장방수공사,상하수도공사,수중공사,비계구조물해체공사/골재,아스콘 제조,판매,중기임대",3055.0,215712.0,663391424.0,1.3300000429153442,1894897.0,0.28999999165534973,38316.0,117807992.0,-39301.0,-120686867.0,-15.0,-171125.0,-15.0,-171125.0,0.0,0.0,0.0,0.0,0.0,0.0,0.0,0.0,0.0,0.0,1000.0,3050000.0,0.0,0.0
004450,삼화왕관,유가,기타 금속 가공제품 제조업,"납세용 일반병마개,알루미늄캡,플라스틱캡 제조,판매,금속인쇄,수출",25500.0,773.0,19621100.0,2.200000047683716,25500.0,0.12999999523162842,-73.0,-1847750.0,-1.0,-26150.0,74.0,1873900.0,74.0,1873900.0,0.0,0.0,0.0,0.0,0.0,0.0,0.0,0.0,0.0,0.0,0.0,0.0,0.0,0.0
009470,삼화전기,유가,전자부품 제조업,"콘덴서 제조,판매",24000.0,61561.0,1472227675.0,5.03000020980835,46375600.0,3.1500000953674316,-3408.0,-81738525.0,3449.0,82717475.0,92.0,2213050.0,-7.0,-167650.0,0.0,0.0,99.0,2380700.0,0.0,0.0,0.0,0.0,0.0,0.0,-135.0,-3240000.0,2.0,48000.0
011230,삼화전자공업,유가,영상 및 음향기기 제조업,"전자부품(페라이트 코어,SMPS,편향요크(DY),고압변성기(FBT)용코어) 제조,판매",2875.0,1162900.0,3352929947.0,5.699999809265137,37375.0,0.0,-92900.0,-268765458.0,90467.0,261764758.0,-13.0,-37375.0,-13.0,-37375.0,0.0,0.0,0.0,0.0,0.0,0.0,0.0,0.0,0.0,0.0,60.0,173400.0,2386.0,6864675.0
001820,삼화콘덴서공업,유가,전자부품 제조업,콘덴서(축전기) 제조,80800.0,484579.0,39494583550.0,3.990000009536743,1591184300.0,4.03000020980835,117474.0,9604255050.0,-118832.0,-9723698550.0,-5347.0,-429623050.0,225.0,18404350.0,31.0,2498600.0,436.0,35330950.0,0.0,0.0,-9142.0,-737549700.0,3103.0,251692750.0,7340.0,601519500.0,-635.0,-52452950.0
001290,상상인증권,유가,금융 지원 서비스업,유가증권 매매,713.0,280149.0,199874621.0,3.0299999713897705,8421466.0,4.210000038146973,63587.0,45931113.0,-63583.0,-45928367.0,-80.0,-57040.0,-80.0,-57040.0,0.0,0.0,0.0,0.0,0.0,0.0,0.0,0.0,0.0,0.0,0.0,0.0,76.0,54294.0
041650,상신브레이크,유가,자동차 신품 부품 제조업,"자동차 브레이크 슈 어셈블리,브레이크패드 제조/군납업,무역/부동산 임대",2250.0,28684.0,63906373.0,2.2699999809265137,291395.0,0.46000000834465027,-1181.0,-2571141.0,1613.0,3577071.0,-432.0,-1005930.0,-432.0,-1005930.0,0.0,0.0,0.0,0.0,0.0,0.0,0.0,0.0,0.0,0.0,0.0,0.0,0.0,0.0
075180,새론오토모티브,유가,자동차 신품 부품 제조업,"자동차부품(브레이크패드,라이닝)",2960.0,29021.0,85942525.0,0.0,166395.0,0.1899999976158142,-4291.0,-12952655.0,-143.0,-423140.0,4228.0,12767895.0,4228.0,12767895.0,0.0,0.0,0.0,0.0,0.0,0.0,0.0,0.0,0.0,0.0,206.0,607900.0,0.0,0.0
007540,샘표,유가,기타 금융업,"간장,된장,고추장 제조,가공,판매,무역",44200.0,3675.0,162561000.0,0.3400000035762787,443450.0,0.27000001072883606,-183.0,-8028200.0,151.0,6661800.0,32.0,1366400.0,32.0,1366400.0,0.0,0.0,0.0,0.0,0.0,0.0,0.0,0.0,0.0,0.0,0.0,0.0,0.0,0.0
248170,샘표식품,유가,기타 식품 제조업,간장,22800.0,7771.0,178666375.0,-1.2999999523162842,1385750.0,0.7799999713897705,2006.0,46009125.0,-2002.0,-45918325.0,-6.0,-136700.0,-6.0,-136700.0,0.0,0.0,0.0,0.0,0.0,0.0,0.0,0.0,0.0,0.0,0.0,0.0,2.0,45900.0
007860,서연,유가,기타 금융업,"자동차부품(승용차내장품-도어트림,헤드라이닝,승용차시트) 제조,도매",7880.0,35204.0,279892950.0,0.5099999904632568,666510.0,0.23999999463558197,3503.0,28007020.0,-3727.0,-29783960.0,335.0,2658730.0,-71.0,-559890.0,222.0,1759090.0,184.0,1459530.0,0.0,0.0,0.0,0.0,0.0,0.0,-111.0,-881790.0,0.0,0.0
200880,서연이화,유가,자동차 신품 부품 제조업,자동차 도어 트림 및 시트,12040.0,121013.0,1444185590.0,6.269999980926514,23956210.0,0.9800000190734863,9086.0,112152895.0,-8864.0,-109559885.0,-265.0,-3138510.0,-3.0,-42140.0,-197.0,-2327930.0,-70.0,-826960.0,0.0,0.0,0.0,0.0,5.0,58520.0,56.0,698640.0,-13.0,-153140.0
017390,서울도시가스,유가,연료용 가스 제조 및 배관공급업,"도시가스공급,가스공급설비공사",54500.0,3645.0,198517650.0,0.550000011920929,11397600.0,4.46999979019165,-212.0,-11744400.0,178.0,9820700.0,-1074.0,-58404250.0,-113.0,-6122250.0,19.0,1034900.0,60.0,3268900.0,0.0,0.0,0.0,0.0,-1040.0,-56585800.0,1109.0,60382450.0,-1.0,-54500.0
031210,서울보증보험,유가,보험업,"보증보험, 신용보험 등",42950.0,17925.0,768685850.0,0.9399999976158142,134558750.0,13.970000267028809,-64.0,-4245525.0,3561.0,153928675.0,-3495.0,-149595350.0,-2149.0,-92068900.0,-238.0,-10152275.0,-942.0,-40273900.0,0.0,0.0,0.0,0.0,-166.0,-7100275.0,10.0,427000.0,-12.0,-514800.0
004410,서울식품공업,유가,기타 식품 제조업,"빵,스넥,마아가린,유지류,사료 제조,도매",1058.0,131854.0,139340975.0,0.5699999928474426,58078.0,0.03999999910593033,-24113.0,-25545257.0,23690.0,25103088.0,-27.0,-28566.0,-27.0,-28566.0,0.0,0.0,0.0,0.0,0.0,0.0,0.0,0.0,0.0,0.0,0.0,0.0,450.0,470735.0
004415,서울식품우,KOSPI,기타/미분류,기타/미분류,4895.0,5031.0,24962480.0,1.0299999713897705,0.0,0.0,-12.0,-58905.0,12.0,58905.0,0.0,0.0,0.0,0.0,0.0,0.0,0.0,0.0,0.0,0.0,0.0,0.0,0.0,0.0,0.0,0.0,0.0,0.0
021050,서원,유가,금속 주조업,"비철금속(황동 빌레트,인코트) 제조,재생원료생산",991.0,495086.0,486850924.0,3.7699999809265137,772366.0,0.1599999964237213,146073.0,143986554.0,9639.0,9587034.0,-29.0,-28739.0,-29.0,-28739.0,0.0,0.0,0.0,0.0,0.0,0.0,0.0,0.0,0.0,0.0,-162553.0,-160302364.0,6870.0,6757515.0
008490,서흥,유가,기타 화학제품 제조업,"의약품(하드캅셀,건강보조식품,소프트캅셀),건강보조식품,인삼제품 제조,판매",22100.0,30360.0,683158425.0,-0.8999999761581421,16363500.0,1.8200000524520874,4585.0,101938150.0,-2650.0,-59370550.0,-2002.0,-44106350.0,-33.0,-740300.0,-224.0,-4922700.0,-124.0,-2723850.0,0.0,0.0,0.0,0.0,-1621.0,-35719500.0,59.0,1352200.0,8.0,186550.0
007610,선도전기,유가,"전동기, 발전기 및 전기 변환 · 공급 · 제어 장치 제조업","수배전반,중전기기 제조,도매/전기공사",4670.0,2905915.0,13766282642.0,16.600000381469727,31631620.0,0.23000000417232513,80686.0,405324822.0,-83130.0,-418485285.0,-1503.0,-6155745.0,-1503.0,-6155745.0,0.0,0.0,0.0,0.0,0.0,0.0,0.0,0.0,0.0,0.0,90.0,395310.0,3857.0,18920898.0
136490,선진,유가,동물용 사료 및 조제식품 제조업,조제동물사료,10100.0,101559.0,1023379410.0,3.1700000762939453,4161940.0,0.4099999964237213,-25344.0,-255141245.0,26482.0,266619000.0,-1038.0,-10473255.0,-439.0,-4414030.0,-434.0,-4390000.0,-165.0,-1669225.0,0.0,0.0,0.0,0.0,0.0,0.0,-100.0,-1004500.0,0.0,0.0
014910,성문전자,유가,전자부품 제조업,"콘덴서용 증착필름,압력분무식 플러스자동도포기 제조,판매",1760.0,523890.0,908882426.0,7.510000228881836,6012175.0,0.6600000262260437,-50212.0,-85950364.0,54780.0,93865530.0,-13.0,-131077.0,-13.0,-131077.0,0.0,0.0,0.0,0.0,0.0,0.0,0.0,0.0,0.0,0.0,-3661.0,-6231022.0,-894.0,-1553067.0
014915,성문전자우,KOSPI,기타/미분류,기타/미분류,4350.0,198.0,867345.0,0.11999999731779099,0.0,0.0,0.0,0.0,0.0,0.0,0.0,0.0,0.0,0.0,0.0,0.0,0.0,0.0,0.0,0.0,0.0,0.0,0.0,0.0,0.0,0.0,0.0,0.0
004980,성신양회,유가,"시멘트, 석회, 플라스터 및 그 제품 제조업","시멘트,레미콘 제조",7940.0,70945.0,564993935.0,2.450000047683716,63786440.0,7.010000228881836,-27634.0,-220516290.0,27920.0,222776080.0,-212.0,-1673550.0,-114.0,-900350.0,-164.0,-1296880.0,66.0,523680.0,0.0,0.0,0.0,0.0,0.0,0.0,0.0,0.0,-74.0,-586240.0
004985,성신양회우,KOSPI,기타/미분류,기타/미분류,8370.0,1056.0,8820140.0,2.700000047683716,0.0,0.0,44.0,365290.0,-44.0,-365290.0,0.0,0.0,0.0,0.0,0.0,0.0,0.0,0.0,0.0,0.0,0.0,0.0,0.0,0.0,0.0,0.0,0.0,0.0
000180,성창기업지주,유가,회사 본부 및 경영 컨설팅 서비스업,"합판, 마루, 파티클보드, 우드칩, 포르말린 등 제조",5280.0,9621.0,51051665.0,1.7300000190734863,58320.0,0.10999999940395355,-19.0,-7915.0,1676.0,8836535.0,-1657.0,-8828620.0,-1657.0,-8828620.0,0.0,0.0,0.0,0.0,0.0,0.0,0.0,0.0,0.0,0.0,0.0,0.0,0.0,0.0
002420,세기상사,유가,연료 소매업,"극장(영화상영)/극영화,만화영화 제조/음식료품,일용잡화 소매/부동산 임대",5760.0,20297.0,115714260.0,3.4100000858306885,85450.0,0.07000000029802322,1252.0,7268840.0,-1894.0,-10895130.0,642.0,3626290.0,642.0,3626290.0,0.0,0.0,0.0,0.0,0.0,0.0,0.0,0.0,0.0,0.0,0.0,0.0,0.0,0.0
004360,세방,유가,도로 화물 운송업,"도로운송,항만하역,창고,지게차 임대",12900.0,32358.0,419964570.0,0.0,2116570.0,0.3799999952316284,-9320.0,-121650190.0,7759.0,101372460.0,-346.0,-4431350.0,9.0,137440.0,-322.0,-4151480.0,-114.0,-1470160.0,0.0,0.0,0.0,0.0,81.0,1052850.0,1907.0,24709080.0,0.0,0.0
004365,세방우,KOSPI,기타/미분류,기타/미분류,9180.0,11152.0,101595610.0,0.7699999809265137,0.0,0.0,-31.0,-283390.0,643.0,5856840.0,-612.0,-5573450.0,-612.0,-5573450.0,0.0,0.0,0.0,0.0,0.0,0.0,0.0,0.0,0.0,0.0,0.0,0.0,0.0,0.0
004490,세방전지,유가,일차전지 및 이차전지 제조업,"자동차용 및 산업용 축전지(연축전지) 제조,판매",53200.0,24253.0,1289949250.0,2.109999895095825,116146600.0,7.440000057220459,-1172.0,-62749950.0,238.0,12760400.0,985.0,52710750.0,1131.0,60427900.0,-249.0,-13216750.0,112.0,5978900.0,0.0,0.0,-11.0,-586300.0,2.0,107000.0,-51.0,-2721200.0,0.0,0.0
001430,세아베스틸지주,유가,1차 철강 제조업,"특수강,철도용품,자동차부품 제조,수출입",40800.0,189406.0,7597233925.0,7.789999961853027,619400450.0,6.050000190734863,-32380.0,-1300545125.0,-40541.0,-1639612775.0,73002.0,2943420750.0,216.0,10100725.0,4644.0,188072375.0,23976.0,968967925.0,60.0,2472675.0,41166.0,1653096800.0,2873.0,117995550.0,-58.0,-2328750.0,-23.0,-934100.0
306200,세아제강,유가,1차 철강 제조업,강관,129200.0,8173.0,1048406050.0,2.130000114440918,35700400.0,2.2699999809265137,-1747.0,-224970550.0,2153.0,276699250.0,-429.0,-54639700.0,196.0,25268100.0,-99.0,-12661700.0,-527.0,-67372600.0,0.0,0.0,0.0,0.0,1.0,126500.0,0.0,0.0,23.0,2911000.0
003030,세아제강지주,유가,기타 금융업,경영컨설팅업,107500.0,15310.0,1654035600.0,0.75,49791400.0,2.559999942779541,-245.0,-26015800.0,1952.0,209921500.0,-1709.0,-184122500.0,707.0,76851300.0,-35.0,-3834700.0,-208.0,-22560500.0,-20.0,-2166000.0,-193.0,-20831800.0,-1960.0,-211580800.0,2.0,216800.0,0.0,0.0
058650,세아홀딩스,유가,1차 철강 제조업,지주회사/투자 및 경영컨설팅/부동산 임대,120800.0,326.0,39446100.0,0.0,1086400.0,2.75,-7.0,-845200.0,42.0,5062600.0,-40.0,-4821400.0,-5.0,-603000.0,6.0,723500.0,-42.0,-5063100.0,0.0,0.0,0.0,0.0,1.0,121200.0,5.0,604000.0,0.0,0.0
013000,세우글로벌,유가,기타 전문 도매업,"화공약품.엔지니어링 플라스틱,페놀계제품,석유화학제품 판매/철재가구,사무목재가구 제조/교육사업",1224.0,24231.0,29420142.0,0.4099999964237213,118257.0,0.4000000059604645,4769.0,5774547.0,-4936.0,-5974159.0,-33.0,-42488.0,202.0,242430.0,0.0,0.0,0.0,0.0,0.0,0.0,0.0,0.0,-235.0,-284918.0,0.0,0.0,200.0,242100.0
021820,세원정공,유가,자동차 신품 부품 제조업,"자동차부품(차체류,램프류) 제조",10490.0,8684.0,91946040.0,-0.5699999928474426,221060.0,0.23999999463558197,2652.0,27995000.0,-876.0,-9242580.0,-1776.0,-18752420.0,-1776.0,-18752420.0,0.0,0.0,0.0,0.0,0.0,0.0,0.0,0.0,0.0,0.0,0.0,0.0,0.0,0.0
067830,세이브존I&C,유가,종합 소매업,"대형할인점(백화점)/부동산 임대/주차장,문화센터 운영",2300.0,96930.0,221881487.0,0.2199999988079071,364665.0,0.1599999964237213,16677.0,38138448.0,-26298.0,-60333808.0,-379.0,-786990.0,-379.0,-786990.0,0.0,0.0,0.0,0.0,0.0,0.0,0.0,0.0,0.0,0.0,10000.0,22982350.0,0.0,0.0
075580,세진중공업,유가,선박 및 보트 건조업,"선박 Deck House, LPG Tank, Upper Deck Unit, 해양플랜트 Living Quarter",11210.0,223193.0,2444300640.0,6.96999979019165,74032570.0,1.9500000476837158,-2516.0,-31956610.0,9032.0,102538565.0,-6965.0,-75539695.0,3213.0,35583675.0,-230.0,-2521285.0,-454.0,-4981250.0,0.0,0.0,-7184.0,-78301855.0,-2310.0,-25318980.0,11.0,273240.0,438.0,4684500.0
068270,셀트리온,유가,기초 의약물질 제조업,"램시마, 트룩시마, 허쥬마",190300.0,617748.0,117669966250.0,2.4200000762939453,6289387800.0,3.9200000762939453,-194320.0,-37143045800.0,172044.0,32838681800.0,23898.0,4613090800.0,1945.0,389746550.0,-1041.0,-198091350.0,-5068.0,-966324650.0,2810.0,537448200.0,-6580.0,-1227671200.0,31350.0,5985869400.0,-855.0,-163540800.0,-767.0,-145186000.0
336370,솔루스첨단소재,유가,전자부품 제조업,"동박, 유압기기 등",7060.0,78604.0,550879150.0,4.28000020980835,82244800.0,9.430000305175781,-15660.0,-109955070.0,14373.0,100990060.0,1220.0,8494060.0,-611.0,-4336060.0,1225.0,8583755.0,591.0,4141545.0,0.0,0.0,0.0,0.0,15.0,104820.0,65.0,456950.0,2.0,14000.0
33637K,솔루스첨단소재1우,KOSPI,기타/미분류,기타/미분류,1520.0,8457.0,12701493.0,0.25999999046325684,0.0,0.0,1741.0,2618653.0,-2240.0,-3371913.0,499.0,753260.0,499.0,753260.0,0.0,0.0,0.0,0.0,0.0,0.0,0.0,0.0,0.0,0.0,0.0,0.0,0.0,0.0
33637L,솔루스첨단소재2우B,KOSPI,기타/미분류,기타/미분류,2165.0,5383.0,10850456.0,11.3100004196167,0.0,0.0,-1155.0,-2389190.0,155.0,309190.0,0.0,0.0,0.0,0.0,0.0,0.0,0.0,0.0,0.0,0.0,0.0,0.0,0.0,0.0,0.0,0.0,1000.0,2080000.0
248070,솔루엠,유가,전자부품 제조업,"POWER, 3in1 Board, ESL 등",14780.0,118765.0,1756209525.0,3.140000104904175,69205230.0,2.7699999809265137,-11004.0,-162820350.0,39416.0,583233760.0,-31025.0,-458839080.0,-35449.0,-524375120.0,-337.0,-4967230.0,4751.0,70355670.0,0.0,0.0,0.0,0.0,10.0,147600.0,2727.0,40068060.0,-114.0,-1642390.0
004430,송원산업,유가,기타 화학제품 제조업,"폴리머첨가제(PVC안정제,산화방지제),폴리우레탄수지,프라스틱첨가제 제조",11560.0,154320.0,1804016205.0,0.5199999809265137,9350480.0,0.5199999809265137,-19737.0,-231068425.0,35173.0,411424635.0,-7447.0,-86431660.0,117.0,1439250.0,-7728.0,-89780465.0,164.0,1909555.0,0.0,0.0,0.0,0.0,0.0,0.0,-8000.0,-94053570.0,11.0,129020.0
017550,수산세보틱스,유가,특수 목적용 기계 제조업,"유압브레이커,트럭크레인,플라즈마 파암장비,특장차,산업기계,건설기계 제조,도매",1780.0,378317.0,667699998.0,6.079999923706055,230859.0,0.029999999329447746,-83164.0,-146550727.0,83308.0,146784714.0,-88.0,-165595.0,-88.0,-165595.0,0.0,0.0,0.0,0.0,0.0,0.0,0.0,0.0,0.0,0.0,0.0,0.0,-56.0,-68392.0
126720,수산인더스트리,유가,전기 및 통신 공사업,전력발전설비 정비 용역,22550.0,15443.0,347940550.0,1.809999942779541,4054500.0,0.6700000166893005,-3391.0,-76599950.0,3045.0,68658400.0,690.0,15640500.0,326.0,7371900.0,613.0,13857600.0,-252.0,-5656700.0,0.0,0.0,0.0,0.0,3.0,67700.0,157.0,3554700.0,-501.0,-11253650.0
053210,케이티스카이라이프,유가,텔레비전 방송업,위성방송서비스,4145.0,24019.0,99224845.0,0.9700000286102295,323310.0,0.33000001311302185,4151.0,17122083.0,-5666.0,-23400394.0,1520.0,6298786.0,-627.0,-2586750.0,1592.0,6584435.0,968.0,4003565.0,-413.0,-1702464.0,0.0,0.0,0.0,0.0,10.0,41250.0,-15.0,-61725.0
026890,스틱인베스트먼트,유가,신탁업 및 집합투자업,사모펀드(PEF),7950.0,28179.0,225150930.0,0.3799999952316284,23300800.0,7.869999885559082,-63.0,-569270.0,-9787.0,-78329270.0,9742.0,78041200.0,9669.0,77458560.0,0.0,0.0,65.0,518620.0,0.0,0.0,0.0,0.0,8.0,64020.0,-18.0,-144360.0,126.0,1001700.0
134790,시디즈,유가,가구 제조업,의자,19500.0,661.0,12912680.0,-0.25999999046325684,624860.0,4.840000152587891,325.0,6351130.0,-324.0,-6331530.0,-2.0,-39000.0,-2.0,-39000.0,0.0,0.0,0.0,0.0,0.0,0.0,0.0,0.0,0.0,0.0,0.0,0.0,1.0,19400.0
462870,시프트업,유가,소프트웨어 개발 및 공급업,게임 소프트웨어,32300.0,53893.0,1747999875.0,-1.0700000524520874,522711700.0,20.8700008392334,-5034.0,-165298950.0,-2439.0,-76089675.0,7488.0,241899825.0,86.0,2763000.0,-13.0,-417150.0,1472.0,47378600.0,0.0,0.0,632.0,20643250.0,5311.0,171532125.0,-23.0,-767200.0,8.0,256000.0
016590,신대양제지,유가,"골판지, 종이 상자 및 종이용기 제조업","골판지용 골심지,라이너지 제조,수출입",10030.0,13141.0,130769630.0,0.30000001192092896,592410.0,0.3700000047683716,2210.0,21850120.0,-3630.0,-35999120.0,1269.0,12643770.0,-49.0,-417170.0,845.0,8369930.0,473.0,4691010.0,0.0,0.0,0.0,0.0,0.0,0.0,111.0,1106800.0,40.0,398430.0
029530,신도리코,유가,컴퓨터 및 주변장치 제조업,"복사기, 3D프린터, 프린터, 주변기기 제조,판매",40800.0,13795.0,563660650.0,2.259999990463257,7725100.0,1.25,727.0,29679750.0,-3378.0,-138289600.0,2219.0,90877950.0,-321.0,-13033600.0,85.0,3483150.0,-105.0,-4286150.0,-73.0,-2976400.0,0.0,0.0,3648.0,149357450.0,432.0,17731900.0,0.0,0.0
004970,신라교역,유가,어로 어업,"원양어업(참치,명태,휠레트,연육,명란,새우),어획물 판매/직물 수출",9160.0,9893.0,90577980.0,-1.399999976158142,1925340.0,2.130000114440918,3240.0,29539690.0,-2231.0,-20292470.0,-1009.0,-9247220.0,-841.0,-7709090.0,0.0,0.0,0.0,0.0,-168.0,-1538130.0,0.0,0.0,0.0,0.0,0.0,0.0,0.0,0.0
011930,신성이엔지,유가,반도체 제조업,"태양전지, 태양광모듈 제조 및 판매, 태양광 발전설치공사, 클린룸, 자동화장비",16690.0,296954.0,4853833880.0,6.650000095367432,153819710.0,3.1700000762939453,-107906.0,-1744826360.0,104880.0,1693901385.0,4839.0,80055855.0,-14.0,-245260.0,114.0,1893270.0,56.0,930305.0,0.0,0.0,4679.0,77412560.0,4.0,64980.0,-1458.0,-23466800.0,-355.0,-5664080.0
004170,신세계,유가,종합 소매업,"백화점,할인점(E마트)",430000.0,155932.0,67241835500.0,1.059999942779541,6792124000.0,9.119999885559082,4126.0,1779495500.0,5185.0,2142027750.0,-9079.0,-3821563250.0,-12789.0,-5508037000.0,-1804.0,-772690250.0,10746.0,4680518500.0,123.0,51162250.0,-5341.0,-2290676000.0,-8.0,20717250.0,-267.0,-114795000.0,35.0,14835000.0
035510,신세계I&C,유가,"컴퓨터 프로그래밍, 시스템 통합 및 관리업","IT시스템 개발, 운영 및 유지보수, IT 컨설팅, IT장비솔루션 총판, 아웃소싱, IDC, IT기기 및 휴대폰 유통, 전자상품권",13020.0,51737.0,675880745.0,0.15000000596046448,32267930.0,4.769999980926514,2016.0,25652455.0,-1199.0,-15005355.0,-703.0,-9108090.0,-51.0,-667390.0,-495.0,-6408040.0,-157.0,-2032660.0,0.0,0.0,0.0,0.0,0.0,0.0,310.0,4020850.0,-424.0,-5559860.0
031430,신세계인터내셔날,유가,"섬유, 의복, 신발 및 가죽제품 소매업","섬유, 의복, 신발 및 가죽제품 소매",11030.0,70785.0,777605440.0,1.0099999904632568,3455110.0,0.36000001430511475,6581.0,71818360.0,19433.0,213408180.0,-27500.0,-301478260.0,-129.0,-1431090.0,-1410.0,-15455560.0,-12256.0,-134376930.0,0.0,0.0,-13712.0,-150292250.0,7.0,77570.0,1486.0,16251720.0,0.0,0.0
031440,신세계푸드,유가,음식점업,"단체급식, 식자재유통, 외식",38150.0,0.0,0.0,0.0,0.0,0.0,0.0,0.0,0.0,0.0,0.0,0.0,0.0,0.0,0.0,0.0,0.0,0.0,0.0,0.0,0.0,0.0,0.0,0.0,0.0,0.0,0.0,0.0
006880,신송홀딩스,유가,산업용 농·축산물 및 동·식물 도매업,사업경영 및 관리자문,4395.0,15592.0,68635034.0,1.850000023841858,70375.0,0.10000000149011612,1090.0,4839808.0,-773.0,-3421283.0,-2008.0,-8855160.0,-2008.0,-8855160.0,0.0,0.0,0.0,0.0,0.0,0.0,0.0,0.0,0.0,0.0,1691.0,7436635.0,0.0,0.0
005800,신영와코루,유가,봉제의복 제조업,"여성용 내의류(화운데이션,란제리,블래지어),환자,노령자용 파자마,남성용 내의류 제조",13410.0,5451.0,73410920.0,-0.5199999809265137,1214480.0,1.649999976158142,-1056.0,-14270390.0,-181.0,-2425860.0,1237.0,16696250.0,1237.0,16696250.0,0.0,0.0,0.0,0.0,0.0,0.0,0.0,0.0,0.0,0.0,0.0,0.0,0.0,0.0
001720,신영증권,유가,금융 지원 서비스업,증권업,147100.0,5233.0,771270000.0,3.2300000190734863,84681200.0,8.229999542236328,-1065.0,-157067300.0,-157.0,-23840900.0,1222.0,180908200.0,496.0,73636100.0,134.0,19788700.0,-93.0,-13665200.0,0.0,0.0,682.0,100704900.0,3.0,443700.0,0.0,0.0,0.0,0.0
009270,신원,유가,봉제의복 제조업,"여성,남성의류,스웨터,의복관련 악세사리,사카린,망초 제조,판매,수출입/섬유의류 도매/신용카드업/의류전문 물류대행 및 임대사업",1029.0,303106.0,313374334.0,-0.38999998569488525,16233353.0,5.179999828338623,-45231.0,-46599327.0,-57985.0,-59831442.0,-8199.0,-8440092.0,-199.0,-204771.0,0.0,0.0,0.0,0.0,0.0,0.0,-8000.0,-8235321.0,0.0,0.0,110932.0,114369024.0,483.0,501837.0
002700,신일전자,유가,기계장비 및 관련 물품 도매업,"가정용 전기기구(선풍기,난로,세탁기),전자기구,연구기구 제조,수출입",1097.0,1745299.0,1931073650.0,0.3700000047683716,135661774.0,7.03000020980835,45153.0,49298973.0,-53914.0,-59045186.0,-43.0,-47171.0,-43.0,-47171.0,0.0,0.0,0.0,0.0,0.0,0.0,0.0,0.0,0.0,0.0,-1000.0,-1109505.0,9804.0,10902889.0
002870,신풍,유가,기타 전문 도매업,"마닐라판지 제조,도소매",994.0,93984.0,93311379.0,-1.090000033378601,99400.0,0.10999999940395355,30129.0,29787902.0,-15805.0,-15730121.0,-16324.0,-16051781.0,-91.0,-90454.0,-16233.0,-15961327.0,0.0,0.0,0.0,0.0,0.0,0.0,0.0,0.0,2000.0,1994000.0,0.0,0.0
019170,신풍제약,유가,의약품 제조업,"의약품(항생제,혈전용해제,향정신성약품,구충제) 제조,판매",8140.0,48452.0,395460320.0,1.2400000095367432,37550790.0,5.449999809265137,-1813.0,-15512200.0,1836.0,15696070.0,-2.0,-12860.0,-8.0,-62370.0,-4.0,-32460.0,0.0,0.0,0.0,0.0,0.0,0.0,10.0,81970.0,-1.0,-8210.0,-20.0,-162800.0
019175,신풍제약우,KOSPI,기타/미분류,기타/미분류,12250.0,3341.0,40874050.0,3.0299999713897705,0.0,0.0,0.0,0.0,0.0,0.0,0.0,0.0,0.0,0.0,0.0,0.0,0.0,0.0,0.0,0.0,0.0,0.0,0.0,0.0,0.0,0.0,0.0,0.0
481850,신한글로벌액티브리츠,유가,신탁업 및 집합투자업,신탁 및 집합투자,992.0,37911.0,37264817.0,0.10000000149011612,0.0,0.0,-12720.0,-12456170.0,-230.0,-237975.0,10950.0,10794145.0,10950.0,10794145.0,0.0,0.0,0.0,0.0,0.0,0.0,0.0,0.0,0.0,0.0,2000.0,1900000.0,0.0,0.0
404990,신한서부티엔디리츠,유가,부동산 임대 및 공급업,부동산투자,4115.0,35311.0,145273540.0,-0.11999999731779099,700180.0,0.47999998927116394,-6875.0,-28297945.0,641.0,2605790.0,6234.0,25692155.0,8412.0,34746315.0,0.0,0.0,6.0,24665.0,0.0,0.0,0.0,0.0,-2184.0,-9078825.0,0.0,0.0,0.0,0.0
293940,신한알파리츠,유가,부동산 임대 및 공급업,비거주 부동산 임대 서비스업,5220.0,183002.0,951357845.0,-0.3799999952316284,12927700.0,1.3600000143051147,27972.0,144774480.0,-32492.0,-168190565.0,3705.0,19189855.0,26113.0,135681655.0,-8.0,-41480.0,11.0,57190.0,0.0,0.0,-30435.0,-158262880.0,8024.0,41755370.0,815.0,4226230.0,0.0,0.0
055550,신한지주,유가,기타 금융업,금융지주회사,103600.0,850493.0,88635731850.0,1.2699999809265137,4922193000.0,5.079999923706055,-61287.0,-6454120850.0,72974.0,7632989700.0,-10215.0,-1025882750.0,-117140.0,-12153478500.0,-8267.0,-863226750.0,6971.0,723205800.0,-349.0,-36819500.0,-33509.0,-3469779050.0,11527.0,1198722550.0,-1256.0,-130500100.0,-216.0,-22486000.0
004080,신흥,유가,기계장비 및 관련 물품 도매업,"치과용기자재(방사선장치,전기진단장치),주사침 도소매,제조/부동산 임대",14030.0,2051.0,28734350.0,-0.14000000059604645,182390.0,0.6299999952316284,-1154.0,-16174720.0,-27.0,-379990.0,-13.0,-182940.0,-13.0,-182940.0,0.0,0.0,0.0,0.0,0.0,0.0,0.0,0.0,0.0,0.0,1194.0,16737650.0,0.0,0.0
004770,써니전자,유가,전자부품 제조업,"수정진동자,수정발진기,초음파지연선,MCF,축수나사 제조,도매,수출입",1692.0,249457.0,423071226.0,0.8299999833106995,257515.0,0.05999999865889549,-61135.0,-103924572.0,74286.0,126610124.0,-15511.0,-26531450.0,30489.0,51620748.0,0.0,0.0,-46000.0,-78152198.0,0.0,0.0,0.0,0.0,0.0,0.0,2896.0,4757158.0,-536.0,-911260.0
403550,쏘카,유가,운송장비 임대업,"카셰어링, 모빌리티 플랫폼 등",10600.0,25549.0,269468620.0,3.109999895095825,9700100.0,2.6500000953674316,-6155.0,-64836660.0,-1205.0,-13229940.0,7276.0,77207210.0,7266.0,77101990.0,0.0,0.0,0.0,0.0,0.0,0.0,0.0,0.0,10.0,105220.0,9.0,95020.0,75.0,764370.0
004920,씨아이테크,유가,영상 및 음향기기 제조업,"컴퓨터 소프트웨어,하드웨어 서버,도매",930.0,172824.0,159778782.0,0.3199999928474426,544247.0,0.3400000035762787,-20673.0,-19177920.0,153.0,164354.0,-39.0,-36270.0,-39.0,-36270.0,0.0,0.0,0.0,0.0,0.0,0.0,0.0,0.0,0.0,0.0,20559.0,19049836.0,0.0,0.0
112610,씨에스윈드,유가,"구조용 금속제품, 탱크 및 증기발생기 제조업",풍력발전타워 제조,41000.0,321389.0,13183512150.0,2.890000104904175,925889750.0,7.019999980926514,-51774.0,-2123325475.0,42094.0,1725145950.0,12652.0,520648575.0,7908.0,324406925.0,312.0,12840975.0,6530.0,269382775.0,0.0,0.0,-457.0,-18807525.0,-1640.0,-67133375.0,-1900.0,-78367750.0,-1072.0,-44101300.0
480370,씨케이솔루션,유가,일반 목적용 기계 제조업,"드라이룸/클린룸 등 건물용 기계, 장비 설치 공사업",1338.0,96137.0,128635437.0,3.880000114440918,47040.0,0.03999999910593033,17656.0,23988538.0,-17633.0,-23946159.0,-23.0,-42379.0,-23.0,-42379.0,0.0,0.0,0.0,0.0,0.0,0.0,0.0,0.0,0.0,0.0,0.0,0.0,0.0,0.0
308170,씨티알모빌리티,유가,자동차 신품 부품 제조업,"이너레이스, 오디 클러치보스, 로터샤프트, 슬리브기어, 컨트롤 암, 엑슬",3580.0,11086.0,39617910.0,0.0,28650.0,0.07000000029802322,-1744.0,-6292225.0,1434.0,5193685.0,310.0,1098540.0,310.0,1098540.0,0.0,0.0,0.0,0.0,0.0,0.0,0.0,0.0,0.0,0.0,0.0,0.0,0.0,0.0
008700,아남전자,유가,영상 및 음향기기 제조업,"칼라TV,오디오,비디오 제조,도매",1236.0,505752.0,631885876.0,-1.6699999570846558,69568.0,0.009999999776482582,-44183.0,-54571621.0,-1701.0,-2665257.0,47598.0,59349028.0,49952.0,62333009.0,0.0,0.0,0.0,0.0,0.0,0.0,0.0,0.0,-2354.0,-2983981.0,-128.0,-159730.0,-1586.0,-1952420.0
090430,아모레퍼시픽,유가,기타 화학제품 제조업,"화장품,생활용품 제조, 판매",131300.0,376033.0,49908550500.0,-0.44999998807907104,4631513000.0,7.809999942779541,-21595.0,-2911960500.0,90804.0,12054587500.0,-69709.0,-9208888650.0,4972.0,671112950.0,-2576.0,-344161500.0,-3559.0,-470374100.0,0.0,0.0,-54717.0,-7236949800.0,-13903.0,-1838298650.0,-113.0,-14834850.0,613.0,81096500.0
090435,아모레퍼시픽우,KOSPI,기타/미분류,기타/미분류,44750.0,8910.0,399530675.0,-0.10999999940395355,50823650.0,12.720000267028809,-69.0,-3707975.0,2113.0,95047975.0,-2264.0,-101152000.0,-883.0,-39384000.0,-200.0,-8922700.0,-53.0,-2366850.0,0.0,0.0,0.0,0.0,-1128.0,-50478450.0,0.0,0.0,220.0,9812000.0
002790,아모레퍼시픽홀딩스,유가,기타 화학제품 제조업,지주회사,26100.0,113584.0,2976844425.0,0.7699999809265137,227398825.0,6.429999828338623,-13633.0,-357248200.0,31927.0,835144500.0,-18119.0,-473269100.0,-12820.0,-334416750.0,-700.0,-18313800.0,-405.0,-10622750.0,0.0,0.0,-326.0,-8540575.0,-3868.0,-101375225.0,-10.0,-262700.0,-165.0,-4364500.0
00279K,아모레퍼시픽홀딩스3우C,KOSPI,기타/미분류,기타/미분류,21500.0,5247.0,112383200.0,1.649999976158142,43000.0,0.03999999910593033,-1628.0,-34943450.0,456.0,9757000.0,1172.0,25186450.0,1025.0,22035500.0,-3.0,-64050.0,0.0,0.0,0.0,0.0,0.0,0.0,150.0,3215000.0,0.0,0.0,0.0,0.0
002795,아모레퍼시픽홀딩스우,KOSPI,기타/미분류,기타/미분류,11060.0,7058.0,77986240.0,0.27000001072883606,0.0,0.0,441.0,4858335.0,-433.0,-4795965.0,-8.0,-62370.0,-8.0,-62370.0,0.0,0.0,0.0,0.0,0.0,0.0,0.0,0.0,0.0,0.0,0.0,0.0,0.0,0.0
002030,아세아,유가,회사 본부 및 경영 컨설팅 서비스업,"회사본부,지주회사 및 경영컨설팅 서비스업",180500.0,9034.0,1662257300.0,-1.850000023841858,43926000.0,2.380000114440918,565.0,98851900.0,-921.0,-164527450.0,356.0,65675550.0,934.0,170980850.0,-94.0,-17088900.0,-154.0,-28055100.0,0.0,0.0,-29.0,-5284400.0,-301.0,-54876900.0,0.0,0.0,0.0,0.0
183190,아세아시멘트,유가,"시멘트, 석회, 플라스터 및 그 제품 제조업","시멘트, 레미콘, 몰탈",9190.0,22503.0,207453510.0,1.100000023841858,48038790.0,15.319999694824219,5534.0,50973560.0,-4320.0,-39836070.0,-1224.0,-11229790.0,321.0,2934040.0,-1094.0,-10029390.0,-458.0,-4199300.0,0.0,0.0,0.0,0.0,7.0,64860.0,0.0,0.0,10.0,92300.0
002310,아세아제지,유가,"골판지, 종이 상자 및 종이용기 제조업","골판지원지,석고보드원지,크라프트원지,라이나원지,라이너지 제조,판매",7530.0,78135.0,587361160.0,-0.4000000059604645,61332900.0,10.4399995803833,-7883.0,-59266060.0,-5077.0,-38071980.0,6368.0,48003550.0,5402.0,40730440.0,549.0,4133010.0,409.0,3079430.0,0.0,0.0,0.0,0.0,8.0,60670.0,6589.0,49311940.0,3.0,22550.0
012170,아센디오,유가,"영화, 비디오물, 방송프로그램 제작 및 배급업",석탄(점결탄) 판매,748.0,672830.0,543783788.0,-11.15999984741211,241844.0,0.03999999910593033,-49443.0,-41381519.0,51195.0,42787227.0,-17.0,-13566.0,-17.0,-13566.0,0.0,0.0,0.0,0.0,0.0,0.0,0.0,0.0,0.0,0.0,0.0,0.0,-1735.0,-1392142.0
267850,아시아나IDT,유가,"컴퓨터 프로그래밍, 시스템 통합 및 관리업","IT 서비스, IT 솔루션",9310.0,5470.0,51300340.0,-0.4300000071525574,224290.0,0.4399999976158142,955.0,8921090.0,-985.0,-9207040.0,30.0,285950.0,30.0,285950.0,0.0,0.0,0.0,0.0,0.0,0.0,0.0,0.0,0.0,0.0,0.0,0.0,0.0,0.0
020560,아시아나항공,유가,항공 여객 운송업,"항공운송(여객운송,화물운송)/항공기 제조,정비수리",7230.0,156921.0,1142081385.0,3.2899999618530273,17951260.0,1.1200000047683716,-119018.0,-866939690.0,18688.0,136143150.0,100943.0,735264680.0,100914.0,735051540.0,-13.0,-94070.0,0.0,0.0,0.0,0.0,0.0,0.0,42.0,307210.0,0.0,0.0,-613.0,-4468140.0
122900,아이마켓코리아,유가,상품 종합 도매업,B2B 전자상거래,7370.0,43388.0,318279580.0,1.100000023841858,493630.0,0.1599999964237213,-4057.0,-29716765.0,13823.0,101365105.0,-479.0,-3469670.0,1500.0,11043170.0,-1376.0,-10090940.0,-603.0,-4421900.0,0.0,0.0,0.0,0.0,0.0,0.0,-9488.0,-69660040.0,201.0,1481370.0
010780,아이에스동서,유가,"시멘트, 석회, 플라스터 및 그 제품 제조업","타일,위생도기,콘크리트파일,P.C관,침목 제조,도매",19510.0,57899.0,1121227740.0,1.7699999809265137,3864150.0,0.25999999046325684,5802.0,111557110.0,21043.0,406414450.0,-28785.0,-556026530.0,427.0,8323320.0,-485.0,-9358380.0,-285.0,-5498700.0,0.0,0.0,-28448.0,-549609060.0,6.0,116290.0,1934.0,37939190.0,6.0,115780.0
031820,아이티센씨티에스,유가,"컴퓨터 프로그래밍, 시스템 통합 및 관리업","시스템(네트웍) 구축/데이터통신장비(모뎀,먹스),종합네트워크시스템 제조,설치,유지보수",5730.0,21525.0,123131835.0,-0.17000000178813934,2499380.0,2.0299999713897705,-1296.0,-7419850.0,-844.0,-4825950.0,487.0,2767470.0,487.0,2767470.0,0.0,0.0,0.0,0.0,0.0,0.0,0.0,0.0,0.0,0.0,1653.0,9478330.0,0.0,0.0
139990,아주스틸,유가,1차 철강 제조업,"프리미엄 가전용 고품질 컬러강판, 건자재 등",2225.0,36263.0,80921592.0,0.0,3441650.0,4.25,4012.0,9093975.0,-3507.0,-7923525.0,-505.0,-1170450.0,-505.0,-1170450.0,0.0,0.0,0.0,0.0,0.0,0.0,0.0,0.0,0.0,0.0,0.0,0.0,0.0,0.0
009320,아진전자부품,유가,자동차 신품 부품 제조업,자동차 전장부품,1015.0,106247.0,107440110.0,1.909999966621399,47492.0,0.03999999910593033,-60665.0,-61372743.0,19256.0,19471670.0,-31.0,-32277.0,-31.0,-32277.0,0.0,0.0,0.0,0.0,0.0,0.0,0.0,0.0,0.0,0.0,41640.0,42135750.0,-200.0,-202400.0
001780,알루코,유가,1차 비철금속 제조업,"알루미늄제품,샷시 제조",1732.0,495895.0,853959516.0,3.8399999141693115,10852306.0,1.2699999809265137,-70028.0,-118936952.0,74166.0,126072106.0,-2608.0,-4518225.0,880.0,1511043.0,-2297.0,-3970487.0,-1191.0,-2058781.0,0.0,0.0,0.0,0.0,0.0,0.0,-24.0,-40365.0,-1506.0,-2576564.0
018250,애경산업,유가,기타 화학제품 제조업,"Age 20's,루나, 트리오, 2080치약, 순샘, 제트 등",11600.0,38053.0,440216615.0,1.4900000095367432,1191840.0,0.27000001072883606,-3592.0,-41510420.0,3561.0,41151220.0,29.0,336080.0,-33.0,-382370.0,0.0,0.0,57.0,660990.0,0.0,0.0,0.0,0.0,5.0,57460.0,2.0,23120.0,0.0,0.0
161000,애경케미칼,유가,기초 화학물질 제조업,무수프탈산 등,8900.0,94667.0,834814460.0,3.9700000286102295,26473760.0,1.9900000095367432,4105.0,35987775.0,-7278.0,-63977485.0,2944.0,25965370.0,-103.0,-915260.0,1938.0,17095180.0,1099.0,9697260.0,0.0,0.0,0.0,0.0,10.0,88190.0,21.0,184940.0,208.0,1839400.0
011090,에넥스,유가,가구 제조업,"씽크상판,주방기기,목재케비넷,유해가스저감장치시설 제조,판매",1668.0,565027.0,980838480.0,-6.710000038146973,62078132.0,6.329999923706055,86164.0,152521870.0,-71666.0,-127631790.0,-310.0,-542412.0,-8.0,-13724.0,0.0,0.0,-302.0,-528688.0,0.0,0.0,0.0,0.0,0.0,0.0,-11800.0,-20184262.0,-2388.0,-4163406.0
137310,에스디바이오센서,유가,의료용 기기 제조업,STANDARD Q 항원/항체 진단키트(COVID-19 진단키트),6400.0,133421.0,864264810.0,-2.740000009536743,106545320.0,9.890000343322754,51726.0,333237985.0,-34221.0,-221421180.0,-18653.0,-119062335.0,-1112.0,-5994095.0,-1700.0,-10986180.0,-5229.0,-33738590.0,0.0,0.0,-859.0,-5392555.0,-9753.0,-62950915.0,3002.0,19202870.0,-1854.0,-11957340.0
005850,에스엘,유가,자동차 신품 부품 제조업,"자동차부품(자동차램프, 전동화부품, 전자부품) 제조, 판매",56100.0,93035.0,5204637200.0,3.700000047683716,1125037100.0,17.260000228881836,-3739.0,-210197850.0,17215.0,960951950.0,-13428.0,-748111000.0,2710.0,152385400.0,-4217.0,-235953750.0,-15114.0,-843833450.0,0.0,0.0,189.0,10625050.0,3004.0,168665750.0,71.0,3982900.0,-119.0,-6626000.0
010580,에스엠벡셀,유가,자동차 신품 부품 제조업,"자동차부품(워터펌프,오일펌프,엔진헤드(GV6),프론트케이스) 제조",1520.0,43532.0,66565711.0,1.3300000429153442,1148694.0,1.7300000190734863,2598.0,3982330.0,-2444.0,-3748250.0,-154.0,-234080.0,-154.0,-234080.0,0.0,0.0,0.0,0.0,0.0,0.0,0.0,0.0,0.0,0.0,0.0,0.0,0.0,0.0
012750,에스원,유가,"경비, 경호 및 탐정업","부가통신 서비스(경비),안전관리용역,CCTV카메라",73600.0,32697.0,2408629000.0,1.7999999523162842,520214200.0,19.950000762939453,-4122.0,-305004550.0,8142.0,598903050.0,-4008.0,-293012900.0,-3610.0,-264006850.0,102.0,7533000.0,-349.0,-25714850.0,0.0,0.0,10.0,1056500.0,-161.0,-11880700.0,-12.0,-885600.0,0.0,0.0
023960,에쓰씨엔지니어링,유가,토목 건설업,"기술용역(건축설계) 서비스/화학플랜트 설비,기계 제작(음식료,석유화학사업관련)/유공압기기 판매",980.0,38873.0,38230835.0,0.6200000047683716,27440.0,0.07000000029802322,12653.0,12520148.0,-12625.0,-12492708.0,-28.0,-27440.0,-28.0,-27440.0,0.0,0.0,0.0,0.0,0.0,0.0,0.0,0.0,0.0,0.0,0.0,0.0,0.0,0.0
298690,에어부산,유가,항공 여객 운송업,항공 여객 및 화물 운송,1548.0,154081.0,239819389.0,1.440000057220459,3570724.0,1.4900000095367432,-25942.0,-40307323.0,28814.0,44513881.0,-2872.0,-4206558.0,-2872.0,-4206558.0,0.0,0.0,0.0,0.0,0.0,0.0,0.0,0.0,0.0,0.0,0.0,0.0,0.0,0.0
078520,에이블씨엔씨,유가,기타 화학제품 제조업,"화장품 제조,도소매/소프트웨어 자문,개발,공급/전자상거래",11230.0,141000.0,1580616310.0,2.8399999141693115,73984970.0,2.9200000762939453,-16237.0,-183144820.0,-3655.0,-40664700.0,21804.0,244993680.0,523.0,5777580.0,729.0,8217240.0,410.0,4623350.0,0.0,0.0,-12482.0,-139973610.0,32624.0,366349120.0,-1912.0,-21184160.0,0.0,0.0
015260,에이엔피,유가,전자부품 제조업,"전자부품(인쇄회로기판),무정전 전원공급장치 제조",373.0,1036295.0,394741275.0,-0.5299999713897705,4087866.0,1.0399999618530273,55306.0,20938980.0,-59230.0,-22412698.0,-33.0,-12309.0,-33.0,-12309.0,0.0,0.0,0.0,0.0,0.0,0.0,0.0,0.0,0.0,0.0,0.0,0.0,3957.0,1486027.0
007460,에이프로젠,유가,의약품 제조업,"단열장치,철구조물,가열로,특수단열재(금속표면경화육성,원자로용) 제조/단열공사/부동산 임대",2640.0,108079.0,288325759.0,1.9299999475479126,12366150.0,4.289999961853027,-12957.0,-34740800.0,12020.0,32253105.0,-32.0,-84480.0,-32.0,-84480.0,0.0,0.0,0.0,0.0,0.0,0.0,0.0,0.0,0.0,0.0,0.0,0.0,969.0,2572175.0
003060,에이프로젠바이오로직스,유가,의약품 제조업,"의약품(항생제,영양수액제,드링크제,철결핍성빈혈예방치료제,경옥동충하초) 제조,판매",2255.0,88600.0,201870840.0,-0.2199999988079071,77825.0,0.03999999910593033,-12824.0,-29069200.0,12499.0,28302905.0,315.0,743045.0,315.0,743045.0,0.0,0.0,0.0,0.0,0.0,0.0,0.0,0.0,0.0,0.0,0.0,0.0,10.0,23250.0
244920,에이플러스에셋,유가,보험 및 연금관련 서비스업,보험대리 및 중개업,12290.0,32758.0,405756615.0,0.1599999964237213,26604980.0,6.559999942779541,-14787.0,-182893295.0,5170.0,63417670.0,12533.0,155408985.0,9684.0,120385530.0,136.0,1685385.0,2092.0,25887030.0,0.0,0.0,0.0,0.0,621.0,7451040.0,-2916.0,-35933360.0,0.0,0.0
278470,에이피알,유가,기타 화학제품 제조업,"화장품, 피부미용기기 등",357500.0,723829.0,257542027250.0,-0.5600000023841858,4621989000.0,1.25,68457.0,22558652250.0,-154846.0,-53902574750.0,79594.0,28977253000.0,-9826.0,-3109159000.0,-5827.0,-2063223250.0,21430.0,7601503500.0,-25.0,-9250000.0,15559.0,5695275750.0,57946.0,20741477000.0,6562.0,2278582500.0,233.0,88087000.0
450080,에코프로머티,유가,일차전지 및 이차전지 제조업,배터리 양극재용 핵심소재 하이니켈 전구체,33900.0,393305.0,13370737300.0,3.509999990463257,910220575.0,6.809999942779541,-35088.0,-1211787075.0,37917.0,1306416550.0,-2544.0,-84722975.0,-34029.0,-1155494425.0,-1262.0,-43003625.0,3076.0,104759325.0,0.0,0.0,15962.0,542362275.0,13709.0,466653475.0,131.0,4473250.0,-416.0,-14379750.0
019490,엑시큐어하이트론,유가,영상 및 음향기기 제조업,"영상음향기기(보안시스템,CCTV용 모니터,CRT,화상회의시스템),정보통신기기 제조",541.0,0.0,0.0,0.0,0.0,0.0,0.0,0.0,0.0,0.0,0.0,0.0,0.0,0.0,0.0,0.0,0.0,0.0,0.0,0.0,0.0,0.0,0.0,0.0,0.0,0.0,0.0,0.0
085310,엔케이,유가,"구조용 금속제품, 탱크 및 증기발생기 제조업","고압가스용기,선박용,육상용 소화설비장치,천연가스이동식충전소 제조,도매",8970.0,12083.0,106733130.0,4.550000190734863,139800.0,0.12999999523162842,-4262.0,-37489080.0,4699.0,41346670.0,-47.0,-413420.0,-47.0,-413420.0,0.0,0.0,0.0,0.0,0.0,0.0,0.0,0.0,0.0,0.0,-390.0,-3444170.0,0.0,0.0
900140,엘브이엠씨,유가,자동차 판매업,지주회사,1225.0,540928.0,660920073.0,0.1599999964237213,2071197.0,0.3100000023841858,68583.0,83427925.0,-63754.0,-77520896.0,-4979.0,-6089279.0,-4979.0,-6089279.0,0.0,0.0,0.0,0.0,0.0,0.0,0.0,0.0,0.0,0.0,150.0,182250.0,0.0,0.0
066970,엘앤에프,유가,일차전지 및 이차전지 제조업,이차전지 양극활물질,79800.0,208750.0,16744986600.0,2.9700000286102295,3042211900.0,12.699999809265137,58363.0,4673301350.0,-40796.0,-3268868450.0,-19333.0,-1546461900.0,-17532.0,-1400055800.0,-1099.0,-88103800.0,-2704.0,-214751950.0,0.0,0.0,2928.0,230689450.0,-926.0,-74241200.0,1754.0,141091200.0,12.0,937800.0
097520,엠씨넥스,유가,영상 및 음향기기 제조업,"모바일 카메라모듈,전장 카메라모듈,블랙박스,IP 카메라",19450.0,25789.0,500417930.0,2.5799999237060547,33284210.0,4.409999847412109,-6277.0,-121728325.0,6439.0,124772975.0,-62.0,-1102100.0,30.0,675060.0,-65.0,-1256160.0,-31.0,-598950.0,0.0,0.0,0.0,0.0,4.0,77950.0,-105.0,-2039050.0,5.0,96500.0
484870,엠앤씨솔루션,유가,특수 목적용 기계 제조업,방위산업용 유압식/전기식 부품 및 시스템,17100.0,67013.0,1136418255.0,6.150000095367432,65225450.0,3.9800000190734863,5589.0,94576660.0,832.0,14604680.0,-6615.0,-112476630.0,-2232.0,-38048150.0,-3198.0,-54370150.0,-1263.0,-21378660.0,0.0,0.0,0.0,0.0,78.0,1320330.0,123.0,2082750.0,71.0,1212540.0
014440,영보화학,유가,플라스틱제품 제조업,"가교발포폴리에틸렌(아티론,영보드) 제조,판매",4535.0,10136.0,45903000.0,0.4399999976158142,77120.0,0.17000000178813934,-1672.0,-7584775.0,1684.0,7639195.0,-12.0,-54420.0,-12.0,-54420.0,0.0,0.0,0.0,0.0,0.0,0.0,0.0,0.0,0.0,0.0,0.0,0.0,0.0,0.0
111770,영원무역,유가,상품 종합 도매업,스포츠의류,88200.0,88261.0,7761169900.0,-1.1200000047683716,194908300.0,2.390000104904175,4336.0,376509950.0,37845.0,3326847800.0,-42200.0,-3705023850.0,2528.0,221770500.0,-1187.0,-104248950.0,-14330.0,-1255853800.0,0.0,0.0,-27327.0,-2401397000.0,-1872.0,-164238500.0,18.0,1574400.0,1.0,91700.0
009970,영원무역홀딩스,유가,기타 금융업,"스포츠의류(등산복,운동복,스키복) 도소매,수출,섬유봉제",189900.0,11429.0,2202265950.0,-0.5199999809265137,167131800.0,7.099999904632568,-479.0,-93746800.0,1636.0,306274050.0,-1154.0,-211939550.0,378.0,74312300.0,-148.0,-28725700.0,-232.0,-45201200.0,0.0,0.0,-725.0,-129070150.0,-427.0,-83254800.0,-3.0,-587700.0,0.0,0.0
003520,영진약품,유가,의약품 제조업,"의약품(드링크제,항생제,영양수액제),의약부외품 제조,판매",1209.0,250196.0,301223605.0,1.600000023841858,11611190.0,3.8499999046325684,39497.0,47619452.0,-54787.0,-65986176.0,15290.0,18366724.0,15253.0,18322173.0,0.0,0.0,0.0,0.0,0.0,0.0,0.0,0.0,37.0,44551.0,0.0,0.0,0.0,0.0
000670,영풍,유가,1차 비철금속 제조업,"제1차 금속산업(아연괴,황산,카드뮴괴),건전지 제조,무역",37250.0,43713.0,1596750650.0,6.429999828338623,6322800.0,0.3499999940395355,-819.0,-30344550.0,-1687.0,-62260350.0,2500.0,92388900.0,2129.0,77952550.0,15.0,681575.0,-785.0,-28469700.0,0.0,0.0,5316.0,194271300.0,-4175.0,-152046825.0,6.0,216000.0,0.0,0.0
012280,영화금속,유가,자동차 신품 부품 제조업,"자동차부품,건축자재(관이음쇠) 제조,판매",799.0,135667.0,108508595.0,-0.5,25571.0,0.019999999552965164,-14911.0,-11932894.0,8758.0,7039755.0,2091.0,1614954.0,2091.0,1614954.0,0.0,0.0,0.0,0.0,0.0,0.0,0.0,0.0,0.0,0.0,3952.0,3190735.0,110.0,87450.0
012160,영흥,유가,1차 철강 제조업,와이어로프 등,2455.0,24646.0,60506865.0,-0.6100000143051147,2043030.0,3.380000114440918,-574.0,-1483315.0,579.0,1497950.0,-11.0,-29545.0,-11.0,-29545.0,0.0,0.0,0.0,0.0,0.0,0.0,0.0,0.0,0.0,0.0,0.0,0.0,6.0,14910.0
007310,오뚜기,유가,기타 식품 제조업,"라면,마요네즈,카레,스프,당면,소오스,토마토케첩,마가린,냉동생지(바게트,크로와상),참치캔,식초,3분짜장 제조",323500.0,3190.0,1034119000.0,0.3100000023841858,123446500.0,9.479999542236328,361.0,116624250.0,-185.0,-59890000.0,-176.0,-56734250.0,-287.0,-92816000.0,-7.0,-2270000.0,21.0,6789000.0,0.0,0.0,115.0,37405750.0,-18.0,-5843000.0,0.0,0.0,0.0,0.0
002630,오리엔트바이오,유가,의약품 제조업,의약품 제조,1070.0,2964427.0,3155867972.0,18.6299991607666,827820.0,0.029999999329447746,-101383.0,-104683438.0,116710.0,121733922.0,-4545.0,-4998150.0,-4545.0,-4998150.0,0.0,0.0,0.0,0.0,0.0,0.0,0.0,0.0,0.0,0.0,-10750.0,-11801716.0,-32.0,-250618.0
271560,오리온,유가,기타 식품 제조업,스낵 등 과자류,130300.0,165968.0,21686683400.0,-1.809999942779541,1579435700.0,6.71999979019165,23043.0,2999775600.0,47766.0,6233594250.0,-70835.0,-9236688850.0,4590.0,601688750.0,70.0,9092100.0,-1039.0,-133905650.0,0.0,0.0,-5197.0,-675995000.0,-69259.0,-9037569150.0,22.0,2795600.0,4.0,523400.0
001800,오리온홀딩스,유가,기타 금융업,자회사 관리 지주사업 등,25850.0,76572.0,1990749525.0,1.7699999809265137,95642850.0,4.090000152587891,-20522.0,-535269875.0,28333.0,736205400.0,-7855.0,-202072525.0,3858.0,101067050.0,1109.0,29046425.0,-8607.0,-222755325.0,0.0,0.0,-312.0,-8087775.0,-3903.0,-101342900.0,40.0,1032000.0,4.0,105000.0
005320,온타이드,유가,생활용품 도매업,"셔츠,스웨터,파자마(섬유제품) 제조,판매,수출/부동산 임대",756.0,34653.0,25881502.0,3.140000104904175,0.0,0.0,-8076.0,-6000189.0,10583.0,7875253.0,-1247.0,-931971.0,0.0,0.0,0.0,0.0,-1247.0,-931971.0,0.0,0.0,0.0,0.0,0.0,0.0,-1260.0,-943093.0,0.0,0.0
011690,와이투솔루션,유가,반도체 제조업,"혼성직접회로,통신기기 제조/화공약품,케이블 도매",3370.0,167324.0,566795916.0,3.690000057220459,2655590.0,0.4699999988079071,-26423.0,-89891255.0,37877.0,128473240.0,0.0,0.0,0.0,0.0,0.0,0.0,0.0,0.0,0.0,0.0,0.0,0.0,0.0,0.0,-12471.0,-42059625.0,1017.0,3477640.0
316140,우리금융지주,유가,기타 금융업,금융지주,33350.0,1566346.0,52754787975.0,0.44999998807907104,3696287150.0,5.409999847412109,-193847.0,-6654355525.0,136978.0,4672475500.0,65688.0,2282726050.0,49947.0,1736052100.0,-16947.0,-569530725.0,-8726.0,-286522000.0,0.0,0.0,21183.0,720773200.0,20231.0,681953150.0,-8741.0,-298167200.0,-78.0,-2678825.0
006980,우성,유가,"곡물가공품, 전분 및 전분제품 제조업","배합사료,Suit-feed(맞춤 TMR(육성우,건유우,착유우) 사료),농후사료,곡류(강피류 등 부산물) 제조,판매/부동산 임대,무역",16140.0,1075.0,17629900.0,2.3499999046325684,403230.0,2.2899999618530273,435.0,7174475.0,-381.0,-6269085.0,-2.0,-32280.0,-2.0,-32280.0,0.0,0.0,0.0,0.0,0.0,0.0,0.0,0.0,0.0,0.0,-52.0,-873110.0,0.0,0.0
011300,우성머티리얼스,유가,직물직조 및 직물제품 제조업,"제직,염색,폴리에스터직물,자수직물봉제 제조,판매/임대료,관리비 수입",2940.0,32038.0,95978720.0,-1.840000033378601,5058235.0,5.269999980926514,7373.0,21708090.0,-9992.0,-29823080.0,-75.0,-232125.0,-75.0,-232125.0,0.0,0.0,0.0,0.0,0.0,0.0,0.0,0.0,0.0,0.0,2694.0,8347115.0,0.0,0.0
017370,우신시스템,유가,특수 목적용 기계 제조업,"자동차차체자동설비, 2차전지설비, 자동차부품",3980.0,12053.0,48150951.0,0.25,1347745.0,2.799999952316284,7859.0,31410494.0,-4344.0,-17289214.0,-25.0,-99500.0,-25.0,-99500.0,0.0,0.0,0.0,0.0,0.0,0.0,0.0,0.0,0.0,0.0,0.0,0.0,-3490.0,-14021780.0
105840,우진,유가,"측정, 시험, 항해, 제어 및 기타 정밀기기 제조업; 광학기기 제외",원전용계측기,14830.0,122550.0,1830701205.0,0.20000000298023224,91158930.0,4.980000019073486,2272.0,34648920.0,-6653.0,-100064620.0,3242.0,48515640.0,1718.0,25790920.0,1011.0,15070800.0,523.0,7802630.0,0.0,0.0,-10.0,-148710.0,0.0,0.0,0.0,0.0,1139.0,16900060.0
010400,우진아이엔에스,유가,건물설비 설치 공사업,반도체/디스플레이 코팅덕트,4090.0,14742.0,61213840.0,-2.7300000190734863,33050.0,0.05000000074505806,4825.0,19946425.0,-4703.0,-19476833.0,-122.0,-469592.0,-122.0,-469592.0,0.0,0.0,0.0,0.0,0.0,0.0,0.0,0.0,0.0,0.0,0.0,0.0,0.0,0.0
049800,우진플라임,유가,특수 목적용 기계 제조업,"플라스틱사출성형기 제조,판매",1786.0,43275.0,78468357.0,-2.0299999713897705,21432.0,0.029999999329447746,-2287.0,-4099454.0,4129.0,7434937.0,1406.0,2648161.0,1406.0,2648161.0,0.0,0.0,0.0,0.0,0.0,0.0,0.0,0.0,0.0,0.0,-3248.0,-5983644.0,0.0,0.0
016880,웅진,유가,기타 금융업,"교육서비스(웅진아이큐,중.고교학습,어린이마을),도서,잡지 출판/부동산 임대/인터넷관련사업",2075.0,296920.0,621654358.0,1.4700000286102295,16310740.0,2.619999885559082,-49855.0,-106456369.0,7886.0,17747464.0,41969.0,88708905.0,-2283.0,-4721800.0,0.0,0.0,-6456.0,-13379610.0,-30000.0,-62455500.0,0.0,0.0,80708.0,169265815.0,0.0,0.0,0.0,0.0
095720,웅진씽크빅,유가,초등 교육기관,"기타출판 제조/서적,교구,통신판매 도소매/부동산 임대/교구렌탈,컴퓨터운용관련서비스",1220.0,16660.0,20218701.0,1.409999966621399,67097.0,0.33000001311302185,2428.0,2963513.0,-2389.0,-2910704.0,-39.0,-52809.0,-39.0,-52809.0,0.0,0.0,0.0,0.0,0.0,0.0,0.0,0.0,0.0,0.0,0.0,0.0,0.0,0.0
005820,원림,유가,직물직조 및 직물제품 제조업,"고무,플라스틱제품,산업용포장재,PP.BAG,타포린 제조,도매/부동산 임대/주택 신축,판매/인터넷 정보통신/벤처회사 투자",13770.0,455.0,6247800.0,0.6600000262260437,13770.0,0.2199999988079071,59.0,806960.0,-58.0,-793840.0,-1.0,-13120.0,-1.0,-13120.0,0.0,0.0,0.0,0.0,0.0,0.0,0.0,0.0,0.0,0.0,0.0,0.0,0.0,0.0
008600,윌비스,유가,생활용품 도매업,"스웨터,니트,셔츠 도매,제조/컴퓨터주변기기 무역,오파,임대",2620.0,0.0,0.0,0.0,0.0,0.0,0.0,0.0,0.0,0.0,0.0,0.0,0.0,0.0,0.0,0.0,0.0,0.0,0.0,0.0,0.0,0.0,0.0,0.0,0.0,0.0,0.0,0.0
033270,유나이티드,유가,의약품 제조업,"홈타민 진생연질60C(비타민제),항암제,항생제,순환기계,해열진통제,소화기계약품 제조",17780.0,32273.0,575986960.0,-0.5600000023841858,36167720.0,5.28000020980835,1527.0,27064290.0,-1012.0,-17803140.0,-591.0,-10595230.0,-95.0,-1754580.0,-363.0,-6470520.0,-136.0,-2424210.0,0.0,0.0,0.0,0.0,3.0,54080.0,76.0,1334080.0,0.0,0.0
014830,유니드,유가,기초 화학물질 제조업,"탄산칼륨,가성칼륨,가성카리,탄산카리(무기화합물),MDF(가공목재) 제조,도매",61700.0,10507.0,645078400.0,2.490000009536743,36214700.0,3.5899999141693115,-2362.0,-145557000.0,3083.0,189753600.0,-452.0,-27667300.0,12.0,758900.0,-316.0,-19360400.0,-150.0,-9188800.0,0.0,0.0,0.0,0.0,2.0,123000.0,-263.0,-16162100.0,-6.0,-367200.0
446070,유니드비티플러스,유가,제재 및 목재 가공업,MDF 등,3460.0,51943.0,177999105.0,3.440000057220459,8314095.0,4.670000076293945,-16988.0,-58297380.0,-2205.0,-7845915.0,19993.0,68888795.0,19993.0,68888795.0,0.0,0.0,0.0,0.0,0.0,0.0,0.0,0.0,0.0,0.0,0.0,0.0,-800.0,-2745500.0
000910,유니온,유가,"시멘트, 석회, 플라스터 및 그 제품 제조업","백시멘트,타일시멘트,알루미나시멘트,용융알루미나,급결제,필터프레스,유니필터제조,도매",2780.0,32004.0,88799530.0,0.18000000715255737,27800.0,0.029999999329447746,6117.0,17032133.0,-6108.0,-17007118.0,-9.0,-25015.0,-9.0,-25015.0,0.0,0.0,0.0,0.0,0.0,0.0,0.0,0.0,0.0,0.0,0.0,0.0,0.0,0.0
047400,유니온머티리얼,유가,"내화, 비내화 요업제품 제조업","페라이트,세라믹 제조,도매",910.0,76775.0,70208515.0,1.2200000286102295,22750.0,0.029999999329447746,7150.0,6582960.0,-7125.0,-6560210.0,-25.0,-22750.0,-25.0,-22750.0,0.0,0.0,0.0,0.0,0.0,0.0,0.0,0.0,0.0,0.0,0.0,0.0,0.0,0.0
011330,유니켐,유가,자동차 신품 부품 제조업,"피혁 제조,도매,무역,부동산임대",3500.0,43970.0,155411570.0,1.4500000476837158,7274375.0,4.679999828338623,12174.0,42595995.0,-6585.0,-22999565.0,-5589.0,-19596430.0,-5589.0,-19596430.0,0.0,0.0,0.0,0.0,0.0,0.0,0.0,0.0,0.0,0.0,0.0,0.0,0.0,0.0
077500,유니퀘스트,유가,기계장비 및 관련 물품 도매업,"반도체직접회로 도매,무역,제조",5420.0,84172.0,450763240.0,5.860000133514404,16933420.0,3.759999990463257,-1369.0,-7488000.0,7515.0,40365710.0,-31.0,-135910.0,-31.0,-135910.0,0.0,0.0,0.0,0.0,0.0,0.0,0.0,0.0,0.0,0.0,-5715.0,-30605800.0,-400.0,-2136000.0
002920,유성기업,유가,자동차 신품 부품 제조업,"철도차량부품(피스턴링,실린더라이너,발브가이드,타펫트),자동차부품,주강,주물 제조,판매",1854.0,8744.0,16204850.0,0.27000001072883606,27810.0,0.17000000178813934,-392.0,-732735.0,449.0,831813.0,-944.0,-1745885.0,-944.0,-1745885.0,0.0,0.0,0.0,0.0,0.0,0.0,0.0,0.0,0.0,0.0,0.0,0.0,887.0,1646807.0
000700,유수홀딩스,유가,회사 본부 및 경영 컨설팅 서비스업,지주사업,6500.0,106605.0,694771895.0,1.8799999952316284,574650.0,0.07999999821186066,-35802.0,-232685530.0,35897.0,233318720.0,-34.0,-233730.0,-34.0,-233730.0,0.0,0.0,0.0,0.0,0.0,0.0,0.0,0.0,0.0,0.0,-50.0,-327500.0,-11.0,-71960.0
003470,유안타증권,유가,금융 지원 서비스업,"유가증권 매매,중개,대리,인수",4590.0,378901.0,1745785132.0,2.799999952316284,55788345.0,3.200000047683716,-70260.0,-323641021.0,124501.0,571331189.0,-53763.0,-245476418.0,23556.0,109281335.0,-1107.0,-5065836.0,-79024.0,-362710434.0,0.0,0.0,2773.0,12840002.0,39.0,178515.0,25.0,114125.0,-503.0,-2327875.0
003475,유안타증권우,KOSPI,기타/미분류,기타/미분류,4220.0,27640.0,116228375.0,1.9299999475479126,0.0,0.0,3268.0,13758230.0,-408.0,-1736740.0,-2860.0,-12021490.0,-2860.0,-12021490.0,0.0,0.0,0.0,0.0,0.0,0.0,0.0,0.0,0.0,0.0,0.0,0.0,0.0,0.0
072130,유엔젤,유가,"자료처리, 호스팅, 포털 및 기타 인터넷 정보매개 서비스업","소프트웨어(무선인터넷 솔루션,ASP통신사업자용 지능망솔루션 및 단문메세지센터) 개발,공급",4910.0,25670.0,125804410.0,0.3100000023841858,342435.0,0.27000001072883606,8335.0,40417630.0,-8682.0,-42079010.0,-7.0,-34370.0,-7.0,-34370.0,0.0,0.0,0.0,0.0,0.0,0.0,0.0,0.0,0.0,0.0,1000.0,4845000.0,-646.0,-3149250.0
000220,유유제약,유가,의약품 제조업,"의약품 제조,판매",3660.0,50015.0,182902389.0,0.8299999833106995,3636000.0,1.9900000095367432,1737.0,6411242.0,10651.0,38879898.0,-9.0,-32965.0,-9.0,-32965.0,0.0,0.0,0.0,0.0,0.0,0.0,0.0,0.0,0.0,0.0,-12210.0,-44638160.0,-169.0,-620015.0
000225,유유제약1우,KOSPI,기타/미분류,기타/미분류,3765.0,6578.0,24738210.0,-0.5299999713897705,63785.0,0.25999999046325684,-1485.0,-5586480.0,-1230.0,-4650340.0,0.0,0.0,0.0,0.0,0.0,0.0,0.0,0.0,0.0,0.0,0.0,0.0,0.0,0.0,2715.0,10236820.0,0.0,0.0
000227,유유제약2우B,KOSPI,기타/미분류,기타/미분류,7390.0,2999.0,22126830.0,2.2100000381469727,0.0,0.0,-1546.0,-11599990.0,-33.0,-252100.0,0.0,0.0,0.0,0.0,0.0,0.0,0.0,0.0,0.0,0.0,0.0,0.0,0.0,0.0,1579.0,11852090.0,0.0,0.0
001200,유진증권,유가,금융 지원 서비스업,"유가증권 매매,중개,인수",4320.0,464303.0,2011015749.0,3.3499999046325684,16515985.0,0.8199999928474426,-100089.0,-434249088.0,92522.0,401284998.0,14445.0,62728725.0,15916.0,69084800.0,-1109.0,-4791980.0,-362.0,-1564095.0,0.0,0.0,0.0,0.0,0.0,0.0,-466.0,-2027560.0,-6412.0,-27737075.0
000100,유한양행,유가,의약품 제조업,"의약품(삐콤씨, 안티푸라민, 렉라자, 로수바미브, 코푸시럽 등), 생활용품(유한락스, 해피홈, 유한젠), 동물약품",75100.0,238250.0,18032989500.0,0.4000000059604645,3321181750.0,13.25,-2620.0,-211004050.0,7874.0,600617250.0,-6781.0,-505700600.0,2161.0,172617950.0,-141.0,-10688250.0,-1185.0,-89058400.0,0.0,0.0,-7471.0,-567634800.0,-145.0,-10938100.0,1556.0,118302500.0,-29.0,-2215100.0
000105,유한양행우,KOSPI,기타/미분류,기타/미분류,65000.0,1144.0,74640950.0,1.559999942779541,0.0,0.0,-63.0,-4168550.0,75.0,4948950.0,0.0,1000.0,0.0,1000.0,0.0,0.0,0.0,0.0,0.0,0.0,0.0,0.0,0.0,0.0,0.0,0.0,-12.0,-781400.0
003460,유화증권,유가,금융 지원 서비스업,증권업,3090.0,55325.0,171881460.0,1.809999942779541,7106525.0,4.130000114440918,14194.0,44533960.0,-11608.0,-36528025.0,-3136.0,-9705685.0,-239.0,-760880.0,-2081.0,-6425175.0,-816.0,-2519630.0,0.0,0.0,0.0,0.0,0.0,0.0,550.0,1699750.0,0.0,0.0
003465,유화증권우,KOSPI,기타/미분류,기타/미분류,3085.0,951.0,2899135.0,0.1599999964237213,0.0,0.0,-9.0,-27670.0,-1.0,-3080.0,0.0,0.0,0.0,0.0,0.0,0.0,0.0,0.0,0.0,0.0,0.0,0.0,0.0,0.0,10.0,30750.0,0.0,0.0
008730,율촌화학,유가,플라스틱제품 제조업,"연포장재,필름,골판지상자,합성수지,플라스틱일반성형제품 제조",14220.0,47906.0,677872615.0,3.119999885559082,58702060.0,6.53000020980835,-4393.0,-61808580.0,3856.0,54279540.0,538.0,7543120.0,1157.0,16329735.0,-115.0,-1631460.0,-239.0,-3391005.0,0.0,0.0,-203.0,-2881920.0,-62.0,-882230.0,-1.0,-14080.0,0.0,0.0
008250,이건산업,유가,나무제품 제조업,"컨테이너용합판,목재 파렛트,프레스우드 파렛트,가공목재,제재목 제조/부동산 임대",2630.0,18212.0,47683933.0,0.3799999952316284,31535.0,0.07000000029802322,-3736.0,-9752821.0,4010.0,10470576.0,-274.0,-717755.0,-7.0,-18410.0,0.0,0.0,-267.0,-699345.0,0.0,0.0,0.0,0.0,0.0,0.0,0.0,0.0,0.0,0.0
025820,이구산업,유가,1차 비철금속 제조업,"동판.조,황동판.조,인청동판.조 제조,임가공/부동산 임대",4425.0,540523.0,2387480188.0,7.010000228881836,7102335.0,0.30000001192092896,-92259.0,-405350312.0,83417.0,365828542.0,9353.0,41971060.0,9353.0,41971060.0,0.0,0.0,0.0,0.0,0.0,0.0,0.0,0.0,0.0,0.0,193.0,860110.0,-704.0,-3309400.0
214320,이노션,유가,광고업,광고대행 및 광고물의 제작 등,19320.0,89726.0,1709861090.0,1.6799999475479126,25492340.0,1.1299999952316284,376.0,5874215.0,8138.0,156156220.0,-9219.0,-175375975.0,-1117.0,-21414870.0,-1710.0,-32529480.0,-598.0,-11278635.0,0.0,0.0,-10076.0,-191584330.0,4282.0,81431340.0,702.0,13288960.0,3.0,56580.0
088260,이리츠코크렙,유가,부동산 임대 및 공급업,부동산투자회사,2825.0,285100.0,805346228.0,-3.0899999141693115,4096230.0,0.5099999904632568,57308.0,162769296.0,-71774.0,-202177461.0,19588.0,55079810.0,31588.0,88892850.0,0.0,0.0,-12000.0,-33813040.0,0.0,0.0,0.0,0.0,0.0,0.0,-5227.0,-15974570.0,105.0,302925.0
139480,이마트,유가,종합 소매업,대형마트,79700.0,87577.0,7020567700.0,-0.5,790309550.0,8.270000457763672,28713.0,2289947400.0,-17762.0,-1414201200.0,-11259.0,-900394750.0,-3182.0,-251391000.0,-288.0,-23050500.0,-3643.0,-294550950.0,0.0,0.0,-5669.0,-452750150.0,1351.0,108776750.0,264.0,21143050.0,44.0,3505500.0
457190,이수스페셜티케미컬,유가,기초 화학물질 제조업,석유화학제품 및 정밀화학제품,60200.0,110904.0,6632728450.0,3.9700000286102295,354917400.0,3.4100000858306885,-2785.0,-170801350.0,-3780.0,-226053550.0,6658.0,402441900.0,2303.0,138726050.0,59.0,3550800.0,920.0,55286550.0,0.0,0.0,-2237.0,-133528900.0,5613.0,338407400.0,-92.0,-5527300.0,-1.0,-59700.0
007660,이수페타시스,유가,전자부품 제조업,"P.C.B(인쇄회로기판),M.L.B 제조",84700.0,626295.0,52617165250.0,6.409999847412109,4717816250.0,6.789999961853027,-11901.0,-1016695700.0,-191549.0,-16077642350.0,207200.0,17408341100.0,38010.0,3215013350.0,7568.0,635340900.0,22595.0,1892316250.0,2.0,170100.0,135558.0,11375216800.0,3467.0,290283700.0,-3426.0,-287048600.0,-324.0,-26954450.0
005950,이수화학,유가,기초 화학물질 제조업,"등유,알킬벤젠,윤활유,노말파라핀 제조,도매",13250.0,338714.0,4587569175.0,-2.569999933242798,275767190.0,6.010000228881836,25455.0,337903010.0,-5387.0,-68352740.0,-11701.0,-155391160.0,-121.0,-1607580.0,0.0,0.0,733.0,9985580.0,0.0,0.0,-11832.0,-157376655.0,-481.0,-6392505.0,-8444.0,-114763100.0,77.0,603990.0
015020,이스타코,유가,부동산 임대 및 공급업,부동산 분양/입시학원 운영,928.0,0.0,0.0,0.0,0.0,0.0,0.0,0.0,0.0,0.0,0.0,0.0,0.0,0.0,0.0,0.0,0.0,0.0,0.0,0.0,0.0,0.0,0.0,0.0,0.0,0.0,0.0,0.0
074610,이엔플러스,유가,일반 목적용 기계 제조업,소방자동차 제조,5110.0,0.0,0.0,0.0,0.0,0.0,0.0,0.0,0.0,0.0,0.0,0.0,0.0,0.0,0.0,0.0,0.0,0.0,0.0,0.0,0.0,0.0,0.0,0.0,0.0,0.0,0.0,0.0
102460,이연제약,유가,의약품 제조업,"항생제,순환기제",9960.0,40257.0,401689330.0,0.10000000149011612,1202570.0,0.30000001192092896,561.0,4923830.0,271.0,3255710.0,-482.0,-4653640.0,-482.0,-4653640.0,0.0,0.0,0.0,0.0,0.0,0.0,0.0,0.0,0.0,0.0,-350.0,-3525960.0,0.0,60.0
084680,이월드,유가,귀금속 및 장신용품 제조업,"놀이시설 운영,입장료,식음료 소매,부동산 임대",545.0,157295.0,86369315.0,1.2999999523162842,2810267.0,3.25,38133.0,20993016.0,-41128.0,-22642491.0,-5.0,-2725.0,-5.0,-2725.0,0.0,0.0,0.0,0.0,0.0,0.0,0.0,0.0,0.0,0.0,3000.0,1652200.0,0.0,0.0
350520,이지스레지던스리츠,유가,부동산 임대 및 공급업,"부동산투자, 취득, 매매, 임대",3295.0,39390.0,128464305.0,0.30000001192092896,0.0,0.0,-5269.0,-17161075.0,-9553.0,-31230880.0,11822.0,38608400.0,12128.0,39613785.0,0.0,0.0,0.0,0.0,0.0,0.0,0.0,0.0,-306.0,-1005385.0,3000.0,9783555.0,0.0,0.0
334890,이지스밸류플러스리츠,유가,부동산 임대 및 공급업,"부동산투자, 취득, 매매, 임대",3380.0,64563.0,217429056.0,0.44999998807907104,966680.0,0.4399999976158142,14548.0,48811512.0,-24547.0,-82583014.0,8999.0,30411502.0,15999.0,53931632.0,0.0,0.0,-7000.0,-23520130.0,0.0,0.0,0.0,0.0,0.0,0.0,1000.0,3360000.0,0.0,0.0
000760,이화산업,유가,기타 전문 도매업,"염료(반응성염료,분산염료,범용염료,직접염료,산성염료),염료화성품,합성수지,고무 도매,제조",13120.0,455.0,5892060.0,0.6100000143051147,844010.0,14.319999694824219,51.0,649880.0,-50.0,-636760.0,-1.0,-13120.0,-1.0,-13120.0,0.0,0.0,0.0,0.0,0.0,0.0,0.0,0.0,0.0,0.0,0.0,0.0,0.0,0.0
014990,인디에프,유가,봉제의복 제조업,"여성의류,남성의류,캐쥬얼웨어 제조",1902.0,6682.0,12755578.0,-0.10999999940395355,211877.0,1.659999966621399,1604.0,3046042.0,-1623.0,-3082120.0,19.0,36078.0,19.0,36078.0,0.0,0.0,0.0,0.0,0.0,0.0,0.0,0.0,0.0,0.0,0.0,0.0,0.0,0.0
101140,인바이오젠,유가,기계장비 및 관련 물품 도매업,"신발,의류,스포츠용품 도매,제조",5230.0,3272.0,17166450.0,0.0,57450.0,0.33000001311302185,-804.0,-4250410.0,811.0,4287020.0,-7.0,-36610.0,-7.0,-36610.0,0.0,0.0,0.0,0.0,0.0,0.0,0.0,0.0,0.0,0.0,0.0,0.0,0.0,0.0
023800,인지컨트롤스,유가,자동차 신품 부품 제조업,"자동차부품(터머스위치,터머스탯) 제조",5290.0,33222.0,176015220.0,2.119999885559082,713750.0,0.4099999964237213,3957.0,20902710.0,-5258.0,-27858010.0,1281.0,6849700.0,1281.0,6849700.0,0.0,0.0,0.0,0.0,0.0,0.0,0.0,0.0,0.0,0.0,20.0,105600.0,0.0,0.0
034590,인천도시가스,유가,연료용 가스 제조 및 배관공급업,도시가스 공급/가스설비공사,26400.0,3097.0,81633475.0,0.5699999928474426,395400.0,0.47999998927116394,663.0,17454650.0,-14.0,-369400.0,-649.0,-17085250.0,-649.0,-17085250.0,0.0,0.0,0.0,0.0,0.0,0.0,0.0,0.0,0.0,0.0,0.0,0.0,0.0,0.0
129260,인터지스,유가,도로 화물 운송업,"화물운송,알선,하역",1916.0,28565.0,54788228.0,0.4699999988079071,80603.0,0.15000000596046448,-3684.0,-7057233.0,3735.0,7155104.0,-20.0,-38320.0,-20.0,-38320.0,0.0,0.0,0.0,0.0,0.0,0.0,0.0,0.0,0.0,0.0,-31.0,-59551.0,0.0,0.0
023810,인팩,유가,자동차 신품 부품 제조업,"자동차용 케이블,전자정보통신관련기기 제조,도매",5020.0,12286.0,61537025.0,1.0099999904632568,1207860.0,1.9600000381469727,-1991.0,-9988220.0,3309.0,16561130.0,-1315.0,-6557780.0,-1315.0,-6557780.0,0.0,0.0,0.0,0.0,0.0,0.0,0.0,0.0,0.0,0.0,-3.0,-15130.0,0.0,0.0
249420,일동제약,유가,의약품 제조업,"아로나민, 후루마린, 큐란, 라비에트, 사미온 등",14990.0,82536.0,1237814575.0,1.559999942779541,201891690.0,10.180000305175781,9631.0,145789965.0,-9617.0,-145597775.0,-35.0,-506890.0,-41.0,-597200.0,-4.0,-59800.0,3.0,44890.0,0.0,0.0,0.0,0.0,7.0,105220.0,0.0,0.0,21.0,314700.0
000230,일동홀딩스,유가,의약품 제조업,"의약품 제조,도매",6400.0,13033.0,83347540.0,0.7900000214576721,57600.0,0.07000000029802322,-1160.0,-7504100.0,1178.0,7620100.0,-8.0,-51200.0,-8.0,-51200.0,0.0,0.0,0.0,0.0,0.0,0.0,0.0,0.0,0.0,0.0,0.0,0.0,-10.0,-64800.0
013360,일성건설,유가,토목 건설업,"건축공사,토목공사,전기공사",1445.0,764251.0,1126296582.0,2.4100000858306885,8092717.0,0.7200000286102295,-1038.0,1027536.0,2597.0,1248356.0,-37.0,-70058.0,-37.0,-70058.0,0.0,0.0,0.0,0.0,0.0,0.0,0.0,0.0,0.0,0.0,0.0,0.0,-1522.0,-2205834.0
003120,일성아이에스,유가,의약품 제조업,"의약품(항생제,화학료법제,항바이러스,근이완제,영양액륜) 제조,판매",20050.0,13670.0,272588500.0,-0.25,2651760.0,0.9100000262260437,2675.0,53127120.0,-3236.0,-64611290.0,411.0,8476670.0,411.0,8476670.0,0.0,0.0,0.0,0.0,0.0,0.0,0.0,0.0,0.0,0.0,150.0,3007500.0,0.0,0.0
003200,일신방직,유가,방적 및 가공사 제조업,"면사,P/C혼방사,P/C혼방직물,화섬사 제조,수출",10380.0,26543.0,276707900.0,1.0700000524520874,1797560.0,0.47999998927116394,-4164.0,-43483480.0,4361.0,45518130.0,-196.0,-2024110.0,708.0,7330630.0,-634.0,-6560910.0,-270.0,-2793830.0,0.0,0.0,0.0,0.0,0.0,0.0,-1.0,-10540.0,0.0,0.0
007110,일신석재,유가,"건축자재, 철물 및 난방장치 도매업","건축석 제조,도소매/석공예,석공사",763.0,276992.0,213272824.0,2.140000104904175,7504944.0,3.5199999809265137,-27535.0,-21044506.0,27594.0,21089623.0,-49.0,-37387.0,-49.0,-37387.0,0.0,0.0,0.0,0.0,0.0,0.0,0.0,0.0,0.0,0.0,0.0,0.0,-10.0,-7730.0
007570,일양약품,유가,의약품 제조업,"일반의약품(원비디,영비천,아진탈,디세텔,노루모산),항암제(베타-이뮤난),전문의약품 제조,판매,수출입",8450.0,20833.0,174897435.0,-0.11999999731779099,1526850.0,0.8700000047683716,8273.0,69485420.0,-8301.0,-69718350.0,-25.0,-211380.0,-25.0,-211380.0,0.0,0.0,0.0,0.0,0.0,0.0,0.0,0.0,0.0,0.0,7.0,58310.0,46.0,386000.0
007575,일양약품우,KOSPI,기타/미분류,기타/미분류,7480.0,52.0,384970.0,1.0800000429153442,0.0,0.0,0.0,0.0,0.0,0.0,0.0,0.0,0.0,0.0,0.0,0.0,0.0,0.0,0.0,0.0,0.0,0.0,0.0,0.0,0.0,0.0,0.0,0.0
081000,일진다이아,유가,기타 화학제품 제조업,"공업용 합성다이아몬드 제조,도매,수출입",8740.0,12705.0,110737620.0,1.75,0.0,0.0,1814.0,15719530.0,-1873.0,-16212300.0,19.0,144370.0,19.0,144370.0,0.0,0.0,0.0,0.0,0.0,0.0,0.0,0.0,0.0,0.0,40.0,348400.0,0.0,0.0
020760,일진디스플,유가,반도체 제조업,"박막액정표시장치(TFT-LCD) 패널,LT(리튬탄탈에이트)웨이퍼,분말야금제품(초고압용공구),보석다이아몬드 제조,판매/종합건설",902.0,0.0,0.0,0.0,0.0,0.0,0.0,0.0,0.0,0.0,0.0,0.0,0.0,0.0,0.0,0.0,0.0,0.0,0.0,0.0,0.0,0.0,0.0,0.0,0.0,0.0,0.0,0.0
103590,일진전기,유가,절연선 및 케이블 제조업,기타/미분류,61100.0,317013.0,19186694200.0,8.90999984741211,1116344000.0,3.930000066757202,53064.0,3196626050.0,25927.0,1586782050.0,-78319.0,-4741966200.0,16407.0,995204800.0,11.0,670600.0,-49173.0,-2978493250.0,0.0,0.0,4497.0,272174150.0,-50061.0,-3031522500.0,-279.0,-17475400.0,-393.0,-23966500.0
271940,일진하이솔루스,유가,그외 기타 운송장비 제조업,"수소승용용기, 매연저감장치 등",10800.0,35336.0,376434220.0,3.450000047683716,19869090.0,3.9000000953674316,-8687.0,-92188655.0,9467.0,100541145.0,-676.0,-7241520.0,-683.0,-7315580.0,0.0,0.0,0.0,0.0,0.0,0.0,0.0,0.0,7.0,74060.0,-104.0,-1110970.0,0.0,0.0
015860,일진홀딩스,유가,기타 금융업,"전기산업용기기(개폐기,차단기,배전반),자동화시스템,자동차엔진부품,절연전선,금구류,고압선,저압선 제조,판매/전기공사,가스절연차단기",6190.0,116743.0,720171915.0,4.920000076293945,48366360.0,6.71999979019165,-13436.0,-83272305.0,10679.0,66286520.0,2957.0,18227785.0,245.0,1479285.0,1741.0,10751010.0,971.0,5997490.0,0.0,0.0,0.0,0.0,0.0,0.0,-200.0,-1242000.0,0.0,0.0
226320,잇츠한불,유가,기타 화학제품 제조업,"스킨케어 베이직, 포인트 메이크업, 스킨케어 스페셜, 베이스 메이크업 등",9660.0,16234.0,157013110.0,2.109999895095825,25406170.0,12.550000190734863,-572.0,-5540770.0,1812.0,17389860.0,-1238.0,-11829610.0,-1918.0,-18447860.0,397.0,3863370.0,283.0,2754880.0,0.0,0.0,0.0,0.0,0.0,0.0,-2.0,-19480.0,0.0,0.0
317400,자이에스앤디,유가,부동산 임대 및 공급업,"부동산 관리, 정보통신 공사, 아파트 AS 및 옵션 제품 공급, 건축물 시공 및 분양",7530.0,1797868.0,14412125620.0,-1.8300000429153442,175283230.0,1.2200000286102295,-30504.0,-254929295.0,93139.0,694812900.0,-49148.0,-335191110.0,-1016.0,-351850.0,-1453.0,-10887230.0,21747.0,187305820.0,0.0,0.0,24739.0,191515715.0,-93165.0,-702773565.0,-14134.0,-107268070.0,647.0,2575575.0
033240,자화전자,유가,전자부품 제조업,"Bonded magenet,플라스틱자성제품,티탄산 바륨계 반도체소자,휴대전화용 Vibration Motor,전자관,전자부품 제조",26800.0,139768.0,3822185175.0,1.5199999809265137,367878150.0,6.889999866485596,16243.0,450714550.0,-13014.0,-366358200.0,-3175.0,-82868950.0,-2361.0,-63456500.0,247.0,6678850.0,2063.0,57631900.0,0.0,0.0,0.0,0.0,-3124.0,-83723200.0,339.0,9458100.0,-393.0,-10945500.0
000950,전방,유가,방적 및 가공사 제조업,"면사,면혼방사,마혼방사,화섬사,염색사,자수사,소모사,면직물,면혼방직물,화섬직물,특수가공직물 제조,판매,수출",31500.0,10056.0,307530150.0,6.599999904632568,31500.0,0.009999999776482582,-615.0,-18995600.0,1979.0,60544650.0,37.0,1287850.0,37.0,1287850.0,0.0,0.0,0.0,0.0,0.0,0.0,0.0,0.0,0.0,0.0,-1401.0,-42836900.0,0.0,0.0
079900,전진건설로봇,유가,특수 목적용 기계 제조업,콘크리트 펌프카,34700.0,50721.0,1739445000.0,6.769999980926514,66562200.0,2.0899999141693115,12783.0,440311175.0,-13335.0,-459204125.0,480.0,16396850.0,-162.0,-5585150.0,0.0,0.0,-43.0,-1485100.0,0.0,0.0,0.0,0.0,685.0,23467100.0,4.0,136600.0,68.0,2359500.0
348950,제이알글로벌리츠,유가,부동산 임대 및 공급업,벨기에 파이낸스 타워,1182.0,0.0,0.0,0.0,0.0,0.0,0.0,0.0,0.0,0.0,0.0,0.0,0.0,0.0,0.0,0.0,0.0,0.0,0.0,0.0,0.0,0.0,0.0,0.0,0.0,0.0,0.0,0.0
194370,제이에스코퍼레이션,유가,"가죽, 가방 및 유사제품 제조업",핸드백 및 지갑,13390.0,56386.0,751113335.0,0.6800000071525574,44634270.0,4.949999809265137,-8105.0,-108633075.0,-941.0,-12068350.0,-3160.0,-41965435.0,171.0,2244830.0,-546.0,-7238960.0,-12484.0,-166066870.0,0.0,0.0,931.0,12409620.0,8768.0,116685945.0,12206.0,162666860.0,0.0,0.0
030000,제일기획,유가,광고업,"광고 대행/광고물,영화 제작,인쇄,출판",18700.0,217982.0,4086048885.0,-0.1599999964237213,918243105.0,17.8700008392334,71968.0,1345578570.0,-30690.0,-573582800.0,-41285.0,-772127390.0,-9600.0,-179310300.0,-1513.0,-28343810.0,-16419.0,-306857010.0,0.0,0.0,-13841.0,-259270340.0,88.0,1654070.0,6.0,112800.0,1.0,18820.0
271980,제일약품,유가,의약품 제조업,의약품,10390.0,16721.0,170590835.0,2.1600000858306885,679100.0,0.4000000059604645,-276.0,-2219610.0,306.0,2528790.0,-21.0,-218190.0,-21.0,-218190.0,0.0,0.0,0.0,0.0,0.0,0.0,0.0,0.0,0.0,0.0,0.0,0.0,-9.0,-90990.0
001560,제일연마,유가,기타 비금속 광물제품 제조업,"연마석,다이아몬드공구 제조,도소매/주택건설",8480.0,2172.0,18533680.0,0.0,42400.0,0.23000000417232513,695.0,5937820.0,-99.0,-840080.0,-596.0,-5097740.0,-596.0,-5097740.0,0.0,0.0,0.0,0.0,0.0,0.0,0.0,0.0,0.0,0.0,0.0,0.0,0.0,0.0
002620,제일파마홀딩스,유가,회사 본부 및 경영 컨설팅 서비스업,"의약품(타리비드,제일파프,노엘,푸라솔) 제조,도매",7240.0,3825.0,27868300.0,0.8399999737739563,421350.0,1.5099999904632568,277.0,2091960.0,-249.0,-1886730.0,-23.0,-167630.0,-23.0,-167630.0,0.0,0.0,0.0,0.0,0.0,0.0,0.0,0.0,0.0,0.0,0.0,0.0,-5.0,-37600.0
006220,제주은행,유가,은행 및 저축기관,"은행업무,외국환업무,신탁업무",9100.0,98011.0,892043470.0,1.0,11999950.0,1.350000023841858,7606.0,69172805.0,-15762.0,-143155525.0,186.0,1694470.0,65.0,592070.0,0.0,0.0,113.0,1029480.0,0.0,0.0,0.0,0.0,8.0,72920.0,7970.0,72288250.0,0.0,0.0
089590,제주항공,유가,항공 여객 운송업,"여객운송서비스, 화물운송서비스",4375.0,235860.0,1027329726.0,2.700000047683716,4412650.0,0.4300000071525574,-56103.0,-244152624.0,55318.0,240725454.0,5001.0,21726500.0,4978.0,21625875.0,0.0,0.0,7.0,30650.0,0.0,0.0,0.0,0.0,16.0,69975.0,-4360.0,-18924575.0,144.0,625245.0
004910,조광페인트,유가,기타 화학제품 제조업,"도료(우레탄,에나멜,락카,특수도료) 제조,도매",3575.0,25742.0,91601460.0,0.699999988079071,3565.0,0.0,-3269.0,-11760630.0,2103.0,7415780.0,-847.0,-2823445.0,-847.0,-2823445.0,0.0,0.0,0.0,0.0,0.0,0.0,0.0,0.0,0.0,0.0,2013.0,7168295.0,0.0,0.0
004700,조광피혁,유가,"가죽, 가방 및 유사제품 제조업","가죽(피혁원단,제화용원단,카시트용원단),가방,신발 제조,도매",61900.0,1264.0,78685900.0,-1.1200000047683716,3309400.0,3.2899999618530273,140.0,8649000.0,-409.0,-25530600.0,269.0,16881600.0,88.0,5564000.0,120.0,7502600.0,61.0,3815000.0,0.0,0.0,0.0,0.0,0.0,0.0,0.0,0.0,0.0,0.0
001550,조비,유가,"비료, 농약 및 살균, 살충제 제조업","복합비료(연초용,수도용,시판용,특수작물용),양액재배용 비료,완효성 비료,부직포 제조,무역",9840.0,11612.0,114367620.0,1.1299999952316284,6303360.0,5.510000228881836,5442.0,53546190.0,-5438.0,-53506890.0,-4.0,-39300.0,-4.0,-39300.0,0.0,0.0,0.0,0.0,0.0,0.0,0.0,0.0,0.0,0.0,0.0,0.0,0.0,0.0
462520,조선내화,유가,"내화, 비내화 요업제품 제조업",내화 요업제품,13910.0,8940.0,124766405.0,-0.28999999165534973,250400.0,0.20000000298023224,-429.0,-6086405.0,-335.0,-4626800.0,764.0,10713205.0,-193.0,-2649585.0,581.0,8111845.0,376.0,5250945.0,0.0,0.0,0.0,0.0,0.0,0.0,0.0,0.0,0.0,0.0
462520,조선내화,유가,"내화, 비내화 요업제품 제조업",내화 요업제품,13910.0,8940.0,124766405.0,-0.28999999165534973,250400.0,0.20000000298023224,-429.0,-6086405.0,-335.0,-4626800.0,764.0,10713205.0,-193.0,-2649585.0,581.0,8111845.0,376.0,5250945.0,0.0,0.0,0.0,0.0,0.0,0.0,0.0,0.0,0.0,0.0
120030,조선선재,유가,기타 금속 가공제품 제조업,용접재료,84700.0,1126.0,95149900.0,0.4699999988079071,422200.0,0.4399999976158142,-188.0,-15926700.0,239.0,20224700.0,-1.0,-84300.0,-1.0,-84300.0,0.0,0.0,0.0,0.0,0.0,0.0,0.0,0.0,0.0,0.0,-50.0,-4213700.0,0.0,0.0
018470,조일알미늄,유가,1차 비철금속 제조업,"알루미늄판 제조,도매",1031.0,728364.0,757900135.0,-0.5799999833106995,148315.0,0.019999999552965164,131129.0,136267499.0,-103202.0,-107202380.0,-589.0,-611852.0,-80.0,-82480.0,0.0,0.0,0.0,0.0,0.0,0.0,0.0,0.0,-509.0,-529372.0,-21756.0,-22582191.0,-5582.0,-5871076.0
002600,조흥,유가,기타 식품 제조업,"휘핑크림,인스턴트이스트,프루츠칵테일,크림치즈,견과류,건조과일 제조,판매/주택 신축,판매",136100.0,33.0,4491900.0,1.1100000143051147,0.0,0.0,0.0,300.0,0.0,0.0,0.0,-300.0,0.0,-300.0,0.0,0.0,0.0,0.0,0.0,0.0,0.0,0.0,0.0,0.0,0.0,0.0,0.0,0.0
185750,종근당,유가,의약품 제조업,"딜라트렌,리피로우",67500.0,16804.0,1145541750.0,0.0,149254300.0,9.289999961853027,-80.0,-7980250.0,-1418.0,-94322550.0,1330.0,90735350.0,128.0,9214150.0,-37.0,-2530650.0,604.0,40972450.0,0.0,0.0,-9.0,-549550.0,644.0,43628950.0,0.0,0.0,168.0,11567450.0
063160,종근당바이오,유가,의약품 제조업,"의약품,원료의약품 제조",13530.0,16548.0,226633095.0,-1.1699999570846558,10115890.0,4.460000038146973,1948.0,26952345.0,-1970.0,-27250415.0,-8.0,-108130.0,-8.0,-108130.0,0.0,0.0,0.0,0.0,0.0,0.0,0.0,0.0,0.0,0.0,0.0,0.0,30.0,406200.0
001630,종근당홀딩스,유가,의약품 제조업,"의약품(항생제,위궤양치료제,장기이식면역억제제,고지혈증치료제(로바이드)) 제조,도매",39250.0,3977.0,157079175.0,0.25999999046325684,1618050.0,0.8700000047683716,895.0,35311175.0,-605.0,-24051100.0,-290.0,-11260075.0,51.0,2042550.0,-361.0,-14161600.0,20.0,858975.0,0.0,0.0,0.0,0.0,0.0,0.0,0.0,0.0,0.0,0.0
109070,주성코퍼레이션,유가,통신 및 방송 장비 제조업,"ICS중계기, 블랙박스",1418.0,182660.0,266027661.0,0.0,0.0,0.0,-45013.0,-65370596.0,44913.0,65302828.0,0.0,-76032.0,0.0,-76032.0,0.0,0.0,0.0,0.0,0.0,0.0,0.0,0.0,0.0,0.0,0.0,0.0,100.0,143800.0
044380,주연테크,유가,컴퓨터 및 주변장치 제조업,"각종컴퓨터,주변기기 제조/소프트웨어 개발",780.0,326630.0,263348916.0,-6.590000152587891,9600.0,0.0,73424.0,59563674.0,-82562.0,-66851947.0,0.0,0.0,0.0,0.0,0.0,0.0,0.0,0.0,0.0,0.0,0.0,0.0,0.0,0.0,0.0,0.0,9138.0,7288273.0
013890,지누스,유가,가구 제조업,매트리스 및 가구제품,8240.0,106332.0,891078375.0,-8.140000343322754,208241330.0,16.899999618530273,67972.0,568383370.0,-47979.0,-401603845.0,-20066.0,-167400645.0,4873.0,40798300.0,0.0,0.0,-283.0,-2364340.0,0.0,0.0,-3151.0,-26380915.0,-21505.0,-179453690.0,66.0,562430.0,7.0,58690.0
013870,지엠비코리아,유가,자동차 신품 부품 제조업,"V/S,EWP,ITM,CVJOINT",3880.0,21323.0,83087930.0,0.5199999809265137,132955.0,0.1599999964237213,-5504.0,-21435790.0,4625.0,18030630.0,876.0,3393505.0,876.0,3393505.0,0.0,0.0,0.0,0.0,0.0,0.0,0.0,0.0,0.0,0.0,3.0,11655.0,0.0,0.0
071320,지역난방공사,유가,"증기, 냉·온수 및 공기조절 공급업","집단에너지공급 및 전기,증기 생산,판매",64300.0,17917.0,1151545400.0,0.1599999964237213,36778100.0,2.5,9301.0,595960150.0,-2680.0,-171507900.0,-6634.0,-425285550.0,-159.0,-10236300.0,-1306.0,-83740050.0,-731.0,-46811050.0,0.0,0.0,-2756.0,-176652950.0,-1682.0,-107845200.0,0.0,0.0,13.0,833300.0
088790,진도,유가,기타 전문 도매업,"모피제품 제조,가공",2260.0,24545.0,55954599.0,-1.9500000476837158,18080.0,0.029999999329447746,10548.0,24121333.0,-9620.0,-21992758.0,-46.0,-104400.0,-8.0,-18080.0,0.0,0.0,-38.0,-86320.0,0.0,0.0,0.0,0.0,0.0,0.0,-883.0,-2026475.0,1.0,2300.0
003780,진양산업,유가,플라스틱제품 제조업,"합성수지,폴리우레탄스폰지 제조,도매,수출입",3850.0,63595.0,244439725.0,1.1799999475479126,697035.0,0.28999999165534973,565.0,1981690.0,-533.0,-1858675.0,-7.0,-26940.0,-7.0,-26940.0,0.0,0.0,0.0,0.0,0.0,0.0,0.0,0.0,0.0,0.0,-163.0,-627945.0,138.0,531870.0
010640,진양폴리우레탄,유가,플라스틱제품 제조업,"폴리우레탄,폴리우레탄스폰지 제조,판매",1647.0,55823.0,92693517.0,3.0,1295305.0,1.399999976158142,-7025.0,-11538468.0,7815.0,12848629.0,-738.0,-1223376.0,-349.0,-581085.0,0.0,0.0,-389.0,-642291.0,0.0,0.0,0.0,0.0,0.0,0.0,-52.0,-86785.0,0.0,0.0
100250,진양홀딩스,유가,플라스틱제품 제조업,"투자,경영컨설팅",2960.0,68156.0,202461805.0,0.3400000035762787,830960.0,0.4099999964237213,-18792.0,-55767920.0,-2578.0,-7786875.0,21720.0,64593495.0,-160.0,-510035.0,475.0,1416310.0,417.0,1243905.0,0.0,0.0,20988.0,62443315.0,0.0,0.0,-350.0,-1038700.0,0.0,0.0
051630,진양화학,유가,플라스틱제품 제조업,"레쟈,바닥재 제조",1011.0,243209.0,248797059.0,-1.75,14154.0,0.009999999776482582,10524.0,11086955.0,-11743.0,-12272093.0,1219.0,1185138.0,1219.0,1185138.0,0.0,0.0,0.0,0.0,0.0,0.0,0.0,0.0,0.0,0.0,0.0,0.0,0.0,0.0
272450,진에어,유가,항공 여객 운송업,"여객, 화물 등 항공운송",5470.0,94186.0,514536060.0,3.2100000381469727,2417020.0,0.4699999988079071,-27196.0,-148000465.0,25968.0,141260240.0,4097.0,22385525.0,-652.0,-3596760.0,3054.0,16709205.0,1685.0,9218460.0,0.0,0.0,0.0,0.0,10.0,54620.0,1131.0,6157300.0,-4000.0,-21802600.0
011000,진원생명과학,유가,의약품 제조업,플라스미드,2670.0,0.0,0.0,0.0,0.0,0.0,0.0,0.0,0.0,0.0,0.0,0.0,0.0,0.0,0.0,0.0,0.0,0.0,0.0,0.0,0.0,0.0,0.0,0.0,0.0,0.0,0.0,0.0
002780,진흥기업,유가,토목 건설업,"아파트건설,토목공사,건축공사,국내도급공사",804.0,1292650.0,1041138631.0,1.7699999809265137,53663495.0,5.150000095367432,-114206.0,-90617114.0,107742.0,85437113.0,2913.0,2315501.0,2913.0,2315501.0,0.0,0.0,0.0,0.0,0.0,0.0,0.0,0.0,0.0,0.0,0.0,0.0,3551.0,2864500.0
002787,진흥기업2우B,KOSPI,기타/미분류,기타/미분류,3025.0,13373.0,40391235.0,-0.49000000953674316,6080.0,0.019999999552965164,-1.0,-2965.0,1.0,2965.0,0.0,0.0,0.0,0.0,0.0,0.0,0.0,0.0,0.0,0.0,0.0,0.0,0.0,0.0,0.0,0.0,0.0,0.0
002785,진흥기업우B,KOSPI,기타/미분류,기타/미분류,1339.0,13434.0,18143183.0,-0.07000000029802322,0.0,0.0,0.0,0.0,0.0,0.0,0.0,0.0,0.0,0.0,0.0,0.0,0.0,0.0,0.0,0.0,0.0,0.0,0.0,0.0,0.0,0.0,0.0,0.0
025620,차AI헬스케어,유가,기타 화학제품 제조업,화장품 제조 판매,4710.0,9998.0,47152606.0,0.5299999713897705,2830240.0,6.0,2066.0,9546264.0,-2018.0,-9321444.0,-27.0,-127170.0,-27.0,-127170.0,0.0,0.0,0.0,0.0,0.0,0.0,0.0,0.0,0.0,0.0,0.0,0.0,-21.0,-97650.0
009310,참엔지니어링,유가,특수 목적용 기계 제조업,FPD Laser Repair 장비 등 (FPD 장비의 개발과 제조 및 판매),5330.0,0.0,0.0,0.0,0.0,0.0,0.0,0.0,0.0,0.0,0.0,0.0,0.0,0.0,0.0,0.0,0.0,0.0,0.0,0.0,0.0,0.0,0.0,0.0,0.0,0.0,0.0,0.0
000650,천일고속,유가,육상 여객 운송업,"고속버스운수(경부선,44개 노선),도로여객운수업,운수창고업,유류판매,부동산 임대",147000.0,2811.0,415203900.0,2.5799999237060547,585000.0,0.14000000059604645,-169.0,-23025100.0,160.0,21739300.0,-2.0,-294500.0,-2.0,-294500.0,0.0,0.0,0.0,0.0,0.0,0.0,0.0,0.0,0.0,0.0,0.0,0.0,11.0,1580300.0
033250,체시스,유가,자동차 신품 부품 제조업,"자동차부품,뒷차축 제조",4700.0,90208.0,405394202.0,20.360000610351562,1285275.0,0.3199999928474426,-60941.0,-284883295.0,2037.0,7963820.0,-73.0,-303425.0,-73.0,-303425.0,0.0,0.0,0.0,0.0,0.0,0.0,0.0,0.0,0.0,0.0,59027.0,277426900.0,-50.0,-204000.0
035720,카카오,유가,"자료처리, 호스팅, 포털 및 기타 인터넷 정보매개 서비스업",인터넷 서비스(인터넷 광고),38150.0,2573345.0,99169539075.0,0.6600000262260437,15895122125.0,16.030000686645508,247079.0,9392334150.0,18072.0,719336400.0,-265761.0,-10131967525.0,-42704.0,-1599482150.0,-1538.0,-59108575.0,-23955.0,-919845600.0,0.0,0.0,-61476.0,-2356278625.0,-136090.0,-5197331125.0,153.0,3241350.0,457.0,17055625.0
323410,카카오뱅크,유가,은행 및 저축기관,은행 및 금융서비스,21550.0,1226921.0,26735870250.0,-1.3700000047683716,8607241025.0,23.59000015258789,284277.0,6152657175.0,-171372.0,-3716270750.0,-119839.0,-2589250950.0,62912.0,1365889500.0,746.0,15573675.0,-6902.0,-151541750.0,0.0,0.0,-3157.0,-65493775.0,-173438.0,-3753678600.0,6070.0,134237900.0,864.0,18626625.0
377300,카카오페이,유가,금융 지원 서비스업,"간편결제, 간편송금 및 기타 금융서비스",41550.0,896010.0,38422519125.0,-5.139999866485596,11621817975.0,21.709999084472656,436581.0,18521450175.0,-320402.0,-13624899900.0,-120935.0,-5098297350.0,-30652.0,-1320143825.0,-841.0,-36093250.0,-265.0,-10474475.0,0.0,0.0,41096.0,1767815325.0,-130630.0,-5515256575.0,3193.0,135766600.0,1563.0,65980475.0
006380,카프로,유가,기초 화학물질 제조업,"카프로락탐,유안비료 제조",3660.0,0.0,0.0,0.0,0.0,0.0,0.0,0.0,0.0,0.0,0.0,0.0,0.0,0.0,0.0,0.0,0.0,0.0,0.0,0.0,0.0,0.0,0.0,0.0,0.0,0.0,0.0,0.0
279570,케이뱅크,유가,은행 및 저축기관,은행 및 저축기관,5680.0,655153.0,3717383555.0,1.0700000524520874,138758510.0,3.7300000190734863,-13498.0,-77101070.0,30888.0,175728820.0,-10803.0,-61241905.0,-7825.0,-44434110.0,9.0,51030.0,-5666.0,-32074865.0,0.0,0.0,0.0,0.0,2679.0,15216040.0,-6587.0,-37379895.0,0.0,-5950.0
001620,케이비아이동국실업,유가,자동차 신품 부품 제조업,"자동차부품(에어닥트,글로벌박스,노즐,어셈블리류,핸들류) 제조,판매/공장 임대",2135.0,26876.0,56964545.0,2.1500000953674316,42550.0,0.07000000029802322,663.0,1402545.0,1689.0,3513740.0,-2252.0,-4702585.0,-1328.0,-2749230.0,0.0,0.0,0.0,0.0,0.0,0.0,0.0,0.0,-924.0,-1953355.0,-100.0,-213700.0,0.0,0.0
029460,케이씨,유가,"측정, 시험, 항해, 제어 및 기타 정밀기기 제조업; 광학기기 제외",가스/Chemical 공급 장치 등 제조 및 판매,31850.0,44618.0,1392547100.0,10.399999618530273,30769850.0,1.5499999523162842,-19990.0,-625082400.0,22826.0,710754100.0,-327.0,-10100950.0,-244.0,-7481300.0,-59.0,-1859950.0,-27.0,-850950.0,0.0,0.0,0.0,0.0,3.0,91250.0,2253.0,70898300.0,-4762.0,-146469050.0
281820,케이씨텍,유가,"측정, 시험, 항해, 제어 및 기타 정밀기기 제조업; 광학기기 제외","반도체, 디스플레이 제조 장비",70700.0,225401.0,16380161600.0,0.7099999785423279,1430041100.0,6.75,-10418.0,-699873650.0,-17389.0,-1349964700.0,29634.0,2183958550.0,-3957.0,-287610700.0,1172.0,85771100.0,7597.0,570169300.0,132.0,9663400.0,11185.0,818675000.0,13574.0,992361150.0,-1915.0,-140596800.0,88.0,6476600.0
381970,케이카,유가,자동차 판매업,오프라인 및 온라인 중고차 매매업,7600.0,42472.0,323578210.0,0.6600000262260437,30523680.0,5.46999979019165,23234.0,176928095.0,-11548.0,-88120775.0,-11586.0,-88037820.0,-1208.0,-9178910.0,-154.0,-1164990.0,-217.0,-1641610.0,0.0,0.0,-10017.0,-76129160.0,10.0,76850.0,0.0,0.0,-100.0,-769500.0
145270,케이탑리츠,유가,부동산 임대 및 공급업,부동산 임대,819.0,7296.0,5936482.0,-0.36000001430511475,35860.0,0.6000000238418579,-1879.0,-1529073.0,-651.0,-530261.0,2529.0,2058521.0,2529.0,2058521.0,0.0,0.0,0.0,0.0,0.0,0.0,0.0,0.0,0.0,0.0,0.0,0.0,1.0,813.0
417310,코람코더원리츠,유가,부동산 임대 및 공급업,서울 영등포구 여의도 소재 하나금융투자 빌딩,10750.0,289844.0,3110563500.0,0.75,1798780.0,0.05999999865889549,-175943.0,-1890437700.0,62034.0,664761420.0,-59526.0,-637758810.0,-61734.0,-661430610.0,0.0,0.0,25.0,268500.0,0.0,0.0,0.0,0.0,2183.0,23403300.0,173435.0,1863435090.0,0.0,0.0
357120,코람코라이프인프라리츠,유가,부동산 임대 및 공급업,부동산 투자 및 관리,4240.0,28908.0,122875167.0,0.4699999988079071,1666675.0,1.3600000143051147,-17886.0,-76052930.0,-3214.0,-13675855.0,21100.0,89728785.0,15447.0,65677623.0,0.0,0.0,-22.0,-93288.0,0.0,0.0,0.0,0.0,5675.0,24144450.0,0.0,0.0,0.0,0.0
007815,코리아써우,KOSPI,기타/미분류,기타/미분류,16030.0,7141.0,119788770.0,14.579999923706055,162150.0,0.14000000059604645,741.0,12094800.0,-751.0,-12254800.0,0.0,0.0,0.0,0.0,0.0,0.0,0.0,0.0,0.0,0.0,0.0,0.0,0.0,0.0,0.0,0.0,10.0,160000.0
007810,코리아써키트,유가,전자부품 제조업,"인쇄회로기판,Module 제조/부동산(건물) 임대",55400.0,555243.0,30582980950.0,14.9399995803833,993397750.0,2.200000047683716,42362.0,2377799250.0,-102040.0,-5663341500.0,46250.0,2541492250.0,3885.0,205922600.0,500.0,27980800.0,23883.0,1317573750.0,0.0,0.0,12821.0,707904400.0,5161.0,282110700.0,2315.0,132801100.0,11113.0,611248900.0
00781K,코리아써키트2우B,KOSPI,기타/미분류,기타/미분류,12740.0,5566.0,70280990.0,12.25,0.0,0.0,6.0,78000.0,-6.0,-78000.0,0.0,0.0,0.0,0.0,0.0,0.0,0.0,0.0,0.0,0.0,0.0,0.0,0.0,0.0,0.0,0.0,0.0,0.0
003690,코리안리,유가,재 보험업,금융보험/부동산 임대,13830.0,258859.0,3589720140.0,0.6600000262260437,325673050.0,8.119999885559082,-18743.0,-261397775.0,51015.0,705338610.0,-32417.0,-445927445.0,-8244.0,-113895540.0,-16831.0,-233432530.0,-386.0,-3853435.0,-386.0,-5347540.0,-37555.0,-520046390.0,30985.0,430647990.0,138.0,1889900.0,7.0,96710.0
192820,코스맥스,유가,기타 화학제품 제조업,화장품,195000.0,106704.0,21076487800.0,-0.10000000149011612,1450632900.0,5.320000171661377,-18228.0,-3616798050.0,7500.0,1494911200.0,19119.0,3775253450.0,-12855.0,-2542031300.0,4521.0,891491000.0,3376.0,666353350.0,0.0,0.0,-3.0,-338000.0,24081.0,4759979400.0,-7372.0,-1449600500.0,-1019.0,-203766100.0
044820,코스맥스비티아이,유가,기타 금융업,"화장품,의약부외품 제조,도매",21900.0,39530.0,862120775.0,4.039999961853027,284700.0,0.029999999329447746,-4216.0,-92922275.0,778.0,16956750.0,-380.0,-8288775.0,-101.0,-2198675.0,-377.0,-8244050.0,98.0,2153950.0,0.0,0.0,0.0,0.0,0.0,0.0,3818.0,84254300.0,0.0,0.0
005070,코스모신소재,유가,기타 화학제품 제조업,"이차전지양극활물질,기능성필름",36000.0,110532.0,3947639475.0,5.110000133514404,441960550.0,7.179999828338623,-27547.0,-988127000.0,36820.0,1318077225.0,-5821.0,-206553275.0,619.0,22176050.0,-23.0,-815150.0,6752.0,243068450.0,0.0,0.0,-10968.0,-391899125.0,-2201.0,-79083500.0,0.0,0.0,-3452.0,-123396950.0
005420,코스모화학,유가,기타 화학제품 제조업,"이산화티타늄 및 부산물, 황산코발트 및 부산물",9770.0,88671.0,868439210.0,3.1700000762939453,106697925.0,8.390000343322754,-4677.0,-46167665.0,-4146.0,-40909485.0,9707.0,95779380.0,3473.0,34648790.0,-42.0,-410995.0,5779.0,56632145.0,0.0,0.0,155.0,1542280.0,342.0,3367160.0,0.0,0.0,-884.0,-8702230.0
071950,코아스,유가,가구 제조업,"사무용가구,금속가구 도매,제조",2100.0,973411.0,1928763740.0,2.190000057220459,24020979.0,1.25,7597.0,18535957.0,-8783.0,-20757381.0,1.0,2100.0,1.0,2100.0,0.0,0.0,0.0,0.0,0.0,0.0,0.0,0.0,0.0,0.0,1000.0,1836167.0,185.0,383157.0
002020,코오롱,유가,기타 금융업,지주회사,25950.0,182793.0,4839997900.0,2.369999885559082,172461850.0,2.259999990463257,3660.0,114733925.0,-5851.0,-177089425.0,657.0,22447200.0,-97.0,-2547425.0,0.0,0.0,754.0,19709550.0,0.0,0.0,-3.0,-78100.0,3.0,5363175.0,1665.0,43352000.0,-131.0,-3443700.0
003070,코오롱글로벌,유가,토목 건설업,"토목공사,일반건설,주택건설,해외건설,소각로설비공사/환경플랜트,폐처리기 제조",8750.0,18414.0,162320930.0,0.5699999928474426,3812710.0,2.3499999046325684,-2069.0,-17770420.0,2629.0,22714710.0,-560.0,-4943260.0,-35.0,-348250.0,-417.0,-3649950.0,-108.0,-945060.0,0.0,0.0,0.0,0.0,0.0,0.0,-9.0,-79780.0,9.0,78750.0
003075,코오롱글로벌우,KOSPI,기타/미분류,기타/미분류,12670.0,29.0,362150.0,-0.1599999964237213,0.0,0.0,0.0,0.0,0.0,0.0,0.0,0.0,0.0,0.0,0.0,0.0,0.0,0.0,0.0,0.0,0.0,0.0,0.0,0.0,0.0,0.0,0.0,0.0
002025,코오롱우,KOSPI,기타/미분류,기타/미분류,13720.0,6281.0,86756310.0,2.390000104904175,0.0,0.0,932.0,12847295.0,-942.0,-12984735.0,0.0,0.0,0.0,0.0,0.0,0.0,0.0,0.0,0.0,0.0,0.0,0.0,0.0,0.0,10.0,137440.0,0.0,0.0
120110,코오롱인더,유가,화학섬유 제조업,"산업자재, 화학, 필름",53800.0,58316.0,3137008100.0,3.259999990463257,206297800.0,4.380000114440918,10705.0,575761350.0,-15239.0,-820870550.0,4320.0,233514900.0,2211.0,119315300.0,283.0,15287400.0,1532.0,82694700.0,0.0,0.0,860.0,46662600.0,-566.0,-30445300.0,157.0,8517800.0,57.0,3076500.0
120115,코오롱인더우,KOSPI,기타/미분류,기타/미분류,24200.0,5187.0,125897450.0,0.8299999833106995,0.0,0.0,228.0,5613600.0,799.0,19385750.0,-1008.0,-24539550.0,67.0,1541700.0,0.0,0.0,-1075.0,-26081250.0,0.0,0.0,0.0,0.0,0.0,0.0,-19.0,-459800.0,0.0,0.0
021240,코웨이,유가,그외 기타 개인 서비스업,"렌탈 서비스(정수기,비데, 필터교환 등), 가정용기기 도매,판매,제조,폐기물처리설비,수출(정수기,청정기)",92800.0,217437.0,20354331900.0,-1.590000033378601,136575100.0,0.6299999952316284,7319.0,676071150.0,76958.0,7196663350.0,-84240.0,-7869451500.0,-484.0,-43014650.0,-2053.0,-193045600.0,-41829.0,-3888709450.0,0.0,0.0,-29515.0,-2770107300.0,-10359.0,-974576400.0,-54.0,-4882700.0,17.0,1599700.0
036420,콘텐트리중앙,유가,"영화, 비디오물, 방송프로그램 제작 및 배급업","영화 및 방송프로그램 제작, 유통, 광고",1742.0,107671.0,186739000.0,3.380000114440918,0.0,0.0,7592.0,13619588.0,-7343.0,-13198098.0,1.0,1728.0,1.0,1728.0,0.0,0.0,0.0,0.0,0.0,0.0,0.0,0.0,0.0,0.0,-250.0,-425650.0,0.0,2432.0
024720,콜마홀딩스,유가,기타 금융업,"경영컨설팅,무역,과학및기술서비스업,도매",9480.0,40562.0,382231960.0,1.6100000143051147,9650400.0,1.7100000381469727,-15025.0,-141687585.0,4636.0,43479405.0,-757.0,-7138440.0,-48.0,-453520.0,-514.0,-4845730.0,-202.0,-1904380.0,0.0,0.0,0.0,0.0,7.0,65190.0,11146.0,105346620.0,0.0,0.0
192400,쿠쿠홀딩스,유가,기타 금융업,주방용 전기기기 제조업,26250.0,24162.0,635583200.0,-2.049999952316284,17677000.0,2.069999933242798,11278.0,296456500.0,-8180.0,-214999275.0,-3046.0,-80062325.0,468.0,12317000.0,-480.0,-12568700.0,248.0,6521325.0,0.0,0.0,0.0,0.0,-3282.0,-86331950.0,-52.0,-1394900.0,0.0,0.0
284740,쿠쿠홈시스,유가,개인 및 가정용품 임대업,"정수기, 공기청정기 등",21500.0,8318.0,178790400.0,-0.23000000417232513,2262850.0,0.9599999785423279,3286.0,70582400.0,-1400.0,-30048450.0,-1444.0,-31018000.0,36.0,704400.0,-1041.0,-22312850.0,-444.0,-9517800.0,0.0,0.0,0.0,0.0,5.0,108250.0,0.0,-2250.0,-442.0,-9513700.0
264900,크라운제과,유가,"떡, 빵 및 과자류 제조업","비스킷, 스낵, 당과",8100.0,1091.0,8817855.0,0.25,598400.0,6.789999961853027,77.0,619200.0,70.0,565270.0,-147.0,-1184470.0,60.0,482890.0,-207.0,-1667360.0,0.0,0.0,0.0,0.0,0.0,0.0,0.0,0.0,0.0,0.0,0.0,0.0
26490K,크라운제과우,KOSPI,기타/미분류,기타/미분류,7580.0,294.0,2219030.0,0.0,0.0,0.0,15.0,113250.0,-15.0,-113250.0,0.0,0.0,0.0,0.0,0.0,0.0,0.0,0.0,0.0,0.0,0.0,0.0,0.0,0.0,0.0,0.0,0.0,0.0
005740,크라운해태홀딩스,유가,기타 금융업,"비스켓,쵸코렛,사탕,웨이퍼 제조,도매",5690.0,10257.0,58440590.0,0.7099999785423279,176760.0,0.30000001192092896,2173.0,12498200.0,-2135.0,-12233740.0,-22.0,-170930.0,-22.0,-170930.0,0.0,0.0,0.0,0.0,0.0,0.0,0.0,0.0,0.0,0.0,0.0,0.0,-16.0,-93530.0
005745,크라운해태홀딩스우,KOSPI,기타/미분류,기타/미분류,5330.0,1757.0,9190640.0,1.7200000286102295,0.0,0.0,3.0,15990.0,-3.0,-15990.0,0.0,0.0,0.0,0.0,0.0,0.0,0.0,0.0,0.0,0.0,0.0,0.0,0.0,0.0,0.0,0.0,0.0,0.0
259960,크래프톤,유가,소프트웨어 개발 및 공급업,<배틀그라운드> 등 게임 소프트웨어,229000.0,150714.0,35195667250.0,-3.7799999713897705,7977740250.0,19.600000381469727,40656.0,9332123750.0,-14283.0,-3307175500.0,-43378.0,-10000537250.0,2661.0,626428750.0,-2042.0,-477044250.0,-24242.0,-5572235750.0,4.0,916000.0,-17192.0,-3977969500.0,-2567.0,-600632500.0,16989.0,3971890000.0,16.0,3699000.0
020120,키다리스튜디오,유가,"자료처리, 호스팅, 포털 및 기타 인터넷 정보매개 서비스업","웹툰,웹소설 플랫폼 서비스 및 출판, 영상콘텐츠 제작 및 유통",3635.0,64862.0,234756820.0,2.25,39345.0,0.019999999552965164,-6225.0,-22244520.0,4240.0,15140650.0,1988.0,7114800.0,1988.0,7114800.0,0.0,0.0,0.0,0.0,0.0,0.0,0.0,0.0,0.0,0.0,0.0,0.0,-3.0,-10930.0
039490,키움증권,유가,금융 지원 서비스업,"유가증권의 매매, 위탁, 인수, 주선",292500.0,125188.0,36689538500.0,2.990000009536743,4782203500.0,11.34000015258789,-6108.0,-1815391250.0,34463.0,10105556250.0,-28328.0,-8282367000.0,-7589.0,-2221553000.0,2348.0,692730250.0,1811.0,539635750.0,0.0,0.0,-12491.0,-3662402000.0,-12518.0,-3663335000.0,-12.0,-3553000.0,-15.0,-4245000.0
014580,태경비케이,유가,"시멘트, 석회, 플라스터 및 그 제품 제조업","생석회,소석회,석회비료 제조,판매/비금속광물 광업/산업폐기물 재생처리/휴게소 운영",4025.0,23732.0,95162555.0,1.6399999856948853,852025.0,0.8999999761581421,4584.0,18411179.0,-4299.0,-17265804.0,-91.0,-366275.0,-91.0,-366275.0,0.0,0.0,0.0,0.0,0.0,0.0,0.0,0.0,0.0,0.0,-160.0,-642400.0,-34.0,-136700.0
015890,태경산업,유가,기초 화학물질 제조업,"제강용 정련제(프락스),카바이드,중질탈산칼슘 제조,판매/고속도로휴게소 운영",4660.0,68284.0,315743917.0,0.7599999904632568,524170.0,0.17000000178813934,21072.0,97250205.0,-21014.0,-96976400.0,-62.0,-292325.0,-62.0,-292325.0,0.0,0.0,0.0,0.0,0.0,0.0,0.0,0.0,0.0,0.0,4.0,18520.0,0.0,0.0
006890,태경케미컬,유가,기초 화학물질 제조업,"드라이아이스,액체탄산,고체탄산 제조",5770.0,38905.0,225628575.0,-0.17000000178813934,115880.0,0.05000000074505806,-6575.0,-38146095.0,7619.0,44262515.0,-8.0,-64270.0,-8.0,-64270.0,0.0,0.0,0.0,0.0,0.0,0.0,0.0,0.0,0.0,0.0,-1061.0,-6196900.0,25.0,144750.0
003240,태광산업,유가,화학섬유 제조업,"석유화학제품(PTA,AN),화섬사,직물 등",904000.0,1981.0,1777106000.0,2.7300000190734863,52120000.0,2.619999885559082,-293.0,-265179000.0,116.0,102103000.0,177.0,163076000.0,43.0,41374000.0,0.0,92000.0,-24.0,-21382000.0,0.0,0.0,190.0,171496000.0,-32.0,-28504000.0,0.0,0.0,0.0,0.0
011280,태림포장,유가,"골판지, 종이 상자 및 종이용기 제조업","골판지,골판지상자,수출용박스 제조,도매/인쇄",1749.0,119550.0,202923412.0,5.869999885559082,4791277.0,2.359999895095825,-44744.0,-75666647.0,33798.0,56943087.0,-99.0,-173151.0,-99.0,-173151.0,0.0,0.0,0.0,0.0,0.0,0.0,0.0,0.0,0.0,0.0,10945.0,18730411.0,100.0,166300.0
004100,태양금속공업,유가,자동차 신품 부품 제조업,"자동차용 강력볼트,너트,전기전자제품용 나사,자전거부품,전해동박,도금도장설비 제조",2430.0,271845.0,662136569.0,1.6699999570846558,13169630.0,1.9900000095367432,-64284.0,-156388770.0,64684.0,157371270.0,-50.0,-121500.0,-50.0,-121500.0,0.0,0.0,0.0,0.0,0.0,0.0,0.0,0.0,0.0,0.0,0.0,0.0,-350.0,-861000.0
004105,태양금속우,KOSPI,기타/미분류,기타/미분류,2895.0,21915.0,62585245.0,1.5800000429153442,0.0,0.0,-740.0,-2105240.0,600.0,1706240.0,0.0,0.0,0.0,0.0,0.0,0.0,0.0,0.0,0.0,0.0,0.0,0.0,0.0,0.0,40.0,114000.0,100.0,285000.0
009410,태영건설,유가,토목 건설업,"종합건설업(토목공사,도로공사,건축공사,관급공사,환경공사,상하수도공사,하수종말처리공사)/부동산 임대,매매",1628.0,186091.0,304962750.0,0.3100000023841858,19167612.0,6.289999961853027,-5696.0,-9872850.0,5887.0,10103865.0,-191.0,-231015.0,-191.0,-231015.0,0.0,0.0,0.0,0.0,0.0,0.0,0.0,0.0,0.0,0.0,0.0,0.0,0.0,0.0
009415,태영건설우,KOSPI,기타/미분류,기타/미분류,6460.0,1487.0,9652770.0,1.8899999856948853,0.0,0.0,0.0,0.0,0.0,0.0,0.0,0.0,0.0,0.0,0.0,0.0,0.0,0.0,0.0,0.0,0.0,0.0,0.0,0.0,0.0,0.0,0.0,0.0
001420,태원물산,유가,자동차 신품 부품 제조업,"자동차부품,워터펌프,인산정제석고,건축자재(불연내장재), 제조,수출입",2735.0,27182.0,72793637.0,1.1100000143051147,873930.0,1.2000000476837158,-5953.0,-16204890.0,1339.0,3502420.0,647.0,2048785.0,647.0,2048785.0,0.0,0.0,0.0,0.0,0.0,0.0,0.0,0.0,0.0,0.0,3967.0,10653685.0,0.0,0.0
055490,테이팩스,유가,플라스틱제품 제조업,"OCA, 2차전지용 테이프, 산업용 랩 등",13140.0,8496.0,111726340.0,0.0,1072830.0,0.9599999785423279,-427.0,-5518190.0,369.0,4798410.0,58.0,719780.0,58.0,719780.0,0.0,0.0,0.0,0.0,0.0,0.0,0.0,0.0,0.0,0.0,0.0,0.0,0.0,0.0
078000,텔코웨어,유가,"자료처리, 호스팅, 포털 및 기타 인터넷 정보매개 서비스업","소프트웨어(핵심망솔루션,무선데이터솔루션,요소기술) 개발,유지보수,무역",12880.0,2066.0,26229600.0,2.7899999618530273,180080.0,0.6899999976158142,-85.0,-1072250.0,98.0,1239690.0,-13.0,-167440.0,-13.0,-167440.0,0.0,0.0,0.0,0.0,0.0,0.0,0.0,0.0,0.0,0.0,0.0,0.0,0.0,0.0
214420,토니모리,유가,기타 화학제품 제조업,"스킨케어 베이직, 포인트 메이크업, 스킨케어 스페셜, 베이스 메이크업 등",5370.0,92408.0,491768095.0,1.899999976158142,30299680.0,6.159999847412109,5950.0,31928205.0,-3166.0,-17091595.0,-4246.0,-22709970.0,-4246.0,-22709970.0,0.0,0.0,0.0,0.0,0.0,0.0,0.0,0.0,0.0,0.0,1634.0,8791070.0,-172.0,-917710.0
091810,트리니티항공,유가,항공 여객 운송업,저가 항공운송,635.0,648484.0,411204505.0,4.789999961853027,2540.0,0.0,136310.0,86718461.0,-134047.0,-85282021.0,-2431.0,-1542288.0,613.0,389255.0,0.0,0.0,0.0,0.0,0.0,0.0,0.0,0.0,-3044.0,-1931543.0,200.0,126200.0,-32.0,-20352.0
019180,티에이치엔,유가,기타 전기장비 제조업,"자동차부품(전기배선장치류) 제조,도매",6000.0,109262.0,651037155.0,3.450000047683716,2343850.0,0.36000001430511475,-471.0,-2296225.0,4597.0,26883975.0,-4126.0,-24587750.0,-126.0,-761050.0,0.0,0.0,0.0,0.0,0.0,0.0,-4000.0,-23826700.0,0.0,0.0,0.0,0.0,0.0,0.0
217590,티엠씨,유가,절연선 및 케이블 제조업,"선박용케이블, 해양용케이블, 전력용케이블, 광케이블 등",13750.0,3560372.0,50669178910.0,10.800000190734863,64663140.0,0.12999999523162842,319823.0,4593876175.0,-198060.0,-2854754420.0,-1761.0,-26765230.0,-4707.0,-68289510.0,2045.0,28830050.0,1196.0,16898940.0,0.0,0.0,0.0,0.0,-295.0,-4204710.0,-117375.0,-1676447335.0,-2627.0,-35909190.0
363280,티와이홀딩스,유가,기타 금융업,지주사업,1841.0,35919.0,65828680.0,2.049999952316284,1038209.0,1.5800000429153442,69.0,146662.0,6582.0,12045782.0,-30.0,-55230.0,-30.0,-55230.0,0.0,0.0,0.0,0.0,0.0,0.0,0.0,0.0,0.0,0.0,-6621.0,-12137214.0,0.0,0.0
36328K,티와이홀딩스우,KOSPI,기타/미분류,기타/미분류,2495.0,231.0,576760.0,0.8100000023841858,0.0,0.0,76.0,189085.0,-76.0,-189085.0,0.0,0.0,0.0,0.0,0.0,0.0,0.0,0.0,0.0,0.0,0.0,0.0,0.0,0.0,0.0,0.0,0.0,0.0
004870,티웨이홀딩스,유가,"시멘트, 석회, 플라스터 및 그 제품 제조업","레미콘,콘크리트파일,완구 제조/미니어쳐테마파크 운영",1357.0,911980.0,1252534236.0,-3.759999990463257,4487009.0,0.36000001430511475,-390.0,2107651.0,-10860.0,-17511471.0,0.0,0.0,0.0,0.0,0.0,0.0,0.0,0.0,0.0,0.0,0.0,0.0,0.0,0.0,13004.0,17753981.0,-1754.0,-2350161.0
034230,파라다이스,유가,유원지 및 기타 오락관련 서비스업,"카지노, 호텔, 복합리조트",9780.0,556886.0,5522243525.0,-2.299999952316284,298432640.0,4.03000020980835,180621.0,1780251740.0,28752.0,280488655.0,-212472.0,-2091102385.0,-18548.0,-183536930.0,-5565.0,-54425030.0,-2958.0,-28737375.0,0.0,0.0,-150145.0,-1476943960.0,-35256.0,-347459330.0,2851.0,27900940.0,248.0,2461050.0
005690,파미셀,유가,전자부품 제조업,"줄기세포치료제,화장품",11420.0,388260.0,4404423440.0,3.069999933242798,491899660.0,11.170000076293945,-21164.0,-239606545.0,-1379.0,-16907095.0,16351.0,186261570.0,-745.0,-8484905.0,2385.0,27091040.0,28092.0,319298460.0,0.0,0.0,-5463.0,-61871360.0,-7918.0,-89771665.0,6111.0,69332630.0,81.0,919440.0
036580,팜스코,유가,"곡물가공품, 전분 및 전분제품 제조업","배합사료 제조,도매",2520.0,20610.0,51845970.0,1.0,825205.0,1.590000033378601,815.0,2066325.0,882.0,2202655.0,-1697.0,-4268980.0,-1697.0,-4268980.0,0.0,0.0,0.0,0.0,0.0,0.0,0.0,0.0,0.0,0.0,0.0,0.0,0.0,0.0
004720,팜젠사이언스,유가,의약품 제조업,의약품 외,3245.0,28042.0,92212600.0,-2.4100000858306885,1463660.0,1.590000033378601,3252.0,10643825.0,-5247.0,-17107550.0,-15.0,-48675.0,-15.0,-48675.0,0.0,0.0,0.0,0.0,0.0,0.0,0.0,0.0,0.0,0.0,2010.0,6512400.0,0.0,0.0
028670,팬오션,유가,해상 운송업,"해상화물운송(외항,운수보관)",5860.0,4679437.0,27243439140.0,3.9000000953674316,1986475355.0,7.289999961853027,-867010.0,-5059528840.0,871713.0,5081085185.0,-10624.0,-55748655.0,135744.0,790116575.0,-10784.0,-62404245.0,1411.0,9059270.0,36.0,211280.0,-92065.0,-530510870.0,-46828.0,-273126405.0,7714.0,45057370.0,-1793.0,-10865060.0
010820,퍼스텍,유가,무기 및 총포탄 제조업,"방위산업제품,프린터,불소화합물,자동차용 매트 제조/얼굴인식시스템 개발",6200.0,674682.0,4140958770.0,7.639999866485596,42721840.0,1.0299999713897705,-99316.0,-607981990.0,47683.0,288981915.0,51844.0,320420385.0,-976.0,-6007200.0,1760.0,10869130.0,1010.0,6239530.0,0.0,0.0,0.0,0.0,50050.0,309318925.0,519.0,3131660.0,-730.0,-4551970.0
016800,퍼시스,유가,가구 제조업,"사무용 가구,의자,책상,캐비넷 제조",26300.0,390.0,10201850.0,1.5399999618530273,500300.0,3.9100000858306885,131.0,3426500.0,-53.0,-1400250.0,-78.0,-2026250.0,-17.0,-447350.0,-50.0,-1303100.0,25.0,655800.0,-36.0,-931600.0,0.0,0.0,0.0,0.0,0.0,0.0,0.0,0.0
001020,페이퍼코리아,유가,"펄프, 종이 및 판지 제조업","제지(신문용지,중질지),합판 제조,건설,석유류 판매",1895.0,12215.0,23432274.0,0.5799999833106995,49270.0,0.20999999344348907,-539.0,-987502.0,-3165.0,-6240866.0,3704.0,7228368.0,3704.0,7228368.0,0.0,0.0,0.0,0.0,0.0,0.0,0.0,0.0,0.0,0.0,0.0,0.0,0.0,0.0
090080,평화산업,유가,자동차 신품 부품 제조업,"자동차부품(방진고무,방류고무(COVER류,CUP류),호스류),장비시설용 부품 제조,판매",1009.0,286105.0,286956694.0,0.20000000298023224,10656635.0,3.7100000381469727,-164544.0,-165329114.0,-28875.0,-29101350.0,-38.0,-74270.0,-38.0,-74270.0,0.0,0.0,0.0,0.0,0.0,0.0,0.0,0.0,0.0,0.0,193457.0,194504734.0,0.0,0.0
010770,평화홀딩스,유가,자동차 신품 부품 제조업,지주회사,3790.0,63662.0,239888535.0,-0.9200000166893005,329975.0,0.14000000059604645,19641.0,73550800.0,-13920.0,-52075615.0,-5614.0,-21074890.0,-5.0,-18950.0,0.0,0.0,0.0,0.0,0.0,0.0,0.0,0.0,-5609.0,-21055940.0,-107.0,-400295.0,0.0,0.0
022100,포스코DX,유가,"건축기술, 엔지니어링 및 관련 기술 서비스업",EIC 자동화 엔지니어링 및 IT서비스,20850.0,202321.0,4207211900.0,2.7100000381469727,633666425.0,9.630000114440918,-17889.0,-373684725.0,14.0,120525.0,17887.0,373806850.0,9217.0,192181625.0,-133.0,-2756800.0,59.0,1226650.0,0.0,0.0,-719.0,-14561075.0,9463.0,197716450.0,25.0,518250.0,-37.0,-760900.0
058430,포스코스틸리온,유가,1차 철강 제조업,"용융아연도금강판,용융알루미늄도금강판,칼라도장강판,냉연강판 가공,제조,도매",4645.0,187521.0,868546380.0,3.680000066757202,40622570.0,4.679999828338623,-37985.0,-175999189.0,36749.0,170262019.0,1168.0,5426275.0,326.0,1514825.0,383.0,1778845.0,459.0,2132605.0,0.0,0.0,0.0,0.0,0.0,0.0,-40.0,-186650.0,108.0,497545.0
047050,포스코인터내셔널,유가,상품 중개업,"영업활동의 주요 품목으로 에너지 사업내 천연가스 발전, 태양력, 풍력, 수소 등이 있으며, 트레이딩 사업은 철강 및 철강원료, 이차전지소재, 곡물, 유지, 면방, 바이오플라스틱, 친환경차부품, 인프라 및 산업 플랜트 등이 있음.",54400.0,331282.0,17984705550.0,0.7400000095367432,2096707300.0,8.529999732971191,45238.0,2437917350.0,-34451.0,-1859813750.0,-10932.0,-585957700.0,13237.0,718412700.0,-10877.0,-586681750.0,-2135.0,-116254050.0,0.0,0.0,8362.0,453417000.0,-19520.0,-1054906100.0,101.0,5477500.0,44.0,2376600.0
003670,포스코퓨처엠,유가,일차전지 및 이차전지 제조업,"내화물, 생석회, 음극재 및 양극재",146200.0,139772.0,20408423650.0,2.380000114440918,3837461050.0,14.3100004196167,7177.0,1038149050.0,-12071.0,-1762532400.0,4940.0,731289950.0,1319.0,197084650.0,-139.0,-20237850.0,2881.0,422054650.0,0.0,0.0,-3195.0,-462312800.0,4074.0,594706750.0,-115.0,-16896900.0,69.0,9990300.0
017810,풀무원,유가,기타 식품 제조업,"두부류,생면류,나물류,냉동류,조미류,김치류,묵류,녹즙,과채음료,건강보조식품 판매,제조,생식품 수출",8960.0,22643.0,204993070.0,0.0,8773500.0,2.809999942779541,3616.0,32672380.0,-4663.0,-42200790.0,1132.0,10302910.0,-296.0,-2652405.0,882.0,7999015.0,538.0,4883580.0,0.0,0.0,0.0,0.0,8.0,72720.0,3.0,27050.0,-88.0,-801550.0
103140,풍산,유가,1차 비철금속 제조업,기타/미분류,80700.0,417613.0,33333219750.0,14.470000267028809,778089600.0,1.6699999570846558,-181653.0,-14456483400.0,21743.0,1563514400.0,161653.0,13033073500.0,8629.0,677688900.0,19936.0,1613426950.0,65110.0,5271713250.0,0.0,0.0,28425.0,2288326150.0,39553.0,3181918250.0,-575.0,-46475900.0,-1168.0,-93628600.0
005810,풍산홀딩스,유가,기타 금융업,"동판제,대,관,봉,선,소전,동파이프 제조,도매,무역",36650.0,38908.0,1435036250.0,3.390000104904175,87562800.0,3.859999895095825,-11728.0,-431701700.0,5659.0,206128750.0,1135.0,43324750.0,34.0,1241050.0,-147.0,-5389200.0,2375.0,88991500.0,0.0,0.0,-1130.0,-41627050.0,3.0,108450.0,4945.0,182654100.0,-11.0,-405900.0
950210,프레스티지바이오파마,유가,자연과학 및 공학 연구개발업,바이오시밀러 및 항체의약품 신약,6500.0,61943.0,393962425.0,2.5199999809265137,5475000.0,1.3899999856948853,8857.0,55696905.0,-9803.0,-61632185.0,566.0,3564080.0,566.0,3564080.0,0.0,0.0,0.0,0.0,0.0,0.0,0.0,0.0,0.0,0.0,380.0,2371200.0,0.0,0.0
006490,프리티,유가,전기 통신업,"시계,스마트그리드,도소매,소프트웨어개발",895.0,83941.0,75944945.0,-1.649999976158142,19690.0,0.029999999329447746,-21753.0,-19747903.0,22359.0,20296138.0,-22.0,-19690.0,-22.0,-19690.0,0.0,0.0,0.0,0.0,0.0,0.0,0.0,0.0,0.0,0.0,-584.0,-528545.0,0.0,0.0
009810,플레이그램,유가,기타 전문 도매업,"MRO, 영상콘텐츠",1936.0,10567.0,20550305.0,1.409999966621399,0.0,0.0,344.0,630347.0,-144.0,-245770.0,0.0,0.0,0.0,0.0,0.0,0.0,0.0,0.0,0.0,0.0,0.0,0.0,0.0,0.0,0.0,0.0,-200.0,-384577.0
086790,하나금융지주,유가,기타 금융업,기타 금융,128600.0,562616.0,72951754942.0,0.7799999713897705,7032625400.0,8.789999961853027,-174.0,-164900650.0,-5883.0,-692518050.0,6174.0,872788300.0,-38010.0,-4879941450.0,-2140.0,-277888700.0,-3865.0,-496455700.0,38.0,4883000.0,-4639.0,-582901000.0,4896.0,634236550.0,-127.0,-16714000.0,10.0,1344400.0
293480,하나제약,유가,의약품 제조업,완제의약품,8750.0,29339.0,258823565.0,-1.4600000381469727,739900.0,0.28999999165534973,-1825.0,-15954175.0,582.0,5024220.0,693.0,6087915.0,693.0,6087915.0,0.0,0.0,0.0,0.0,0.0,0.0,0.0,0.0,0.0,0.0,550.0,4842040.0,0.0,0.0
039130,하나투어,유가,여행사 및 기타 여행보조 서비스업,"일반여행알선,컴퓨터프로그램 개발,보급,통신판매",31500.0,24146.0,763518400.0,2.109999895095825,39459200.0,3.359999895095825,-1124.0,-35696225.0,1078.0,34218925.0,-114.0,-3577700.0,-240.0,-7561700.0,108.0,3415650.0,15.0,473350.0,0.0,0.0,0.0,0.0,4.0,126500.0,159.0,5023450.0,1.0,31550.0
352820,하이브,유가,오디오물 출판 및 원판 녹음업,"음악 기획/제작, 퍼블리싱, 아티스트 매니지먼트",181000.0,280714.0,50870025350.0,0.0,2590444100.0,3.9200000762939453,50772.0,9164378000.0,392.0,82249300.0,-49277.0,-8903344950.0,13742.0,2488758100.0,-6232.0,-1129312650.0,11014.0,2006493500.0,0.0,0.0,-60861.0,-11012424000.0,-6872.0,-1244541000.0,-2074.0,-377210250.0,187.0,33927900.0
071090,하이스틸,유가,1차 철강 제조업,"강관 제조,도매",3090.0,132074.0,405059755.0,4.920000076293945,1119385.0,0.2800000011920929,-33814.0,-103611294.0,31334.0,95930124.0,-14.0,-43260.0,-14.0,-43260.0,0.0,0.0,0.0,0.0,0.0,0.0,0.0,0.0,0.0,0.0,2494.0,7724430.0,0.0,0.0
000080,하이트진로,유가,알코올음료 제조업,"맥주, 소주",15050.0,138727.0,2103091500.0,-0.5299999713897705,270536600.0,9.890000343322754,38232.0,573651870.0,-24824.0,-373260825.0,-13539.0,-202362765.0,-12171.0,-181758480.0,-282.0,-4264230.0,-586.0,-8846050.0,0.0,0.0,3.0,118245.0,-503.0,-7612320.0,21.0,314220.0,110.0,1657500.0
000087,하이트진로2우B,KOSPI,기타/미분류,기타/미분류,12420.0,1426.0,17585830.0,1.059999942779541,0.0,0.0,-53.0,-657760.0,53.0,652030.0,0.0,5730.0,0.0,5730.0,0.0,0.0,0.0,0.0,0.0,0.0,0.0,0.0,0.0,0.0,0.0,0.0,0.0,0.0
000140,하이트진로홀딩스,유가,기타 금융업,지주회사,8030.0,17342.0,140138985.0,-1.1100000143051147,8284030.0,5.909999847412109,-1009.0,-8237920.0,-5978.0,-48343970.0,-1707.0,-13747990.0,-581.0,-4671390.0,-810.0,-6529020.0,-316.0,-2547580.0,0.0,0.0,0.0,0.0,0.0,0.0,8694.0,70329880.0,0.0,0.0
000145,하이트진로홀딩스우,KOSPI,기타/미분류,기타/미분류,9280.0,41.0,381660.0,-0.75,0.0,0.0,0.0,0.0,0.0,0.0,0.0,0.0,0.0,0.0,0.0,0.0,0.0,0.0,0.0,0.0,0.0,0.0,0.0,0.0,0.0,0.0,0.0,0.0
036460,한국가스공사,유가,연료용 가스 제조 및 배관공급업,"액화천연가스 공급,제조,도매,개발",33950.0,131774.0,4509860425.0,-0.4399999976158142,244254200.0,3.5899999141693115,57648.0,1968604300.0,-37721.0,-1289340325.0,-19668.0,-670419350.0,-12101.0,-411512975.0,-3335.0,-114164050.0,-2064.0,-70634050.0,0.0,0.0,1081.0,37225750.0,-3249.0,-111334025.0,-329.0,-11233600.0,70.0,2388975.0
005430,한국공항,유가,기타 운송관련 서비스업,"항공기 지상조업,항공화물 상하역,장비대여,항공용역사업,항공기급유,항공화물 취급,보관,부정기헬기운송,여행알선,광업,먹는샘물 제조,농축산업",91800.0,6533.0,603918850.0,0.6600000262260437,13211700.0,2.190000057220459,119.0,10867900.0,702.0,63847000.0,-555.0,-50670400.0,-3.0,-272200.0,-35.0,-3181100.0,33.0,3010500.0,0.0,0.0,-550.0,-50227600.0,0.0,0.0,-276.0,-24966500.0,10.0,922000.0
071050,한국금융지주,유가,기타 금융업,금융지주회사,209500.0,183833.0,38488733500.0,3.4600000381469727,2706161750.0,6.090000152587891,-32480.0,-6836455500.0,28205.0,5896432750.0,6712.0,1448326250.0,-10333.0,-2161007500.0,2502.0,526856000.0,9843.0,2063263000.0,83.0,17476250.0,-7247.0,-1522787750.0,11864.0,2524526250.0,-2368.0,-493906500.0,-69.0,-14397000.0
071055,한국금융지주우,KOSPI,기타/미분류,기타/미분류,152000.0,25517.0,3878811050.0,1.4700000286102295,15514100.0,0.4000000059604645,-14339.0,-2181186550.0,13064.0,1986313200.0,-812.0,-122867150.0,-10.0,-1518600.0,5.0,761700.0,-798.0,-120761100.0,0.0,0.0,0.0,0.0,41.0,6245850.0,2080.0,316682600.0,7.0,1057900.0
010040,한국내화,유가,"내화, 비내화 요업제품 제조업","내화벽돌,내화몰탈,축로등 제조,판매",1612.0,32128.0,51924286.0,1.3799999952316284,48460.0,0.09000000357627869,8790.0,14222483.0,-13097.0,-21156443.0,4307.0,6933960.0,4307.0,6933960.0,0.0,0.0,0.0,0.0,0.0,0.0,0.0,0.0,0.0,0.0,0.0,0.0,0.0,0.0
025540,한국단자공업,유가,"전동기, 발전기 및 전기 변환 · 공급 · 제어 장치 제조업","전기변환장치(광커넥터,통신용콘넥터,정밀압착단자설계) 제조,무역(수출)",63300.0,19530.0,1228638000.0,2.430000066757202,3274900.0,0.2199999988079071,-75.0,-5747800.0,3515.0,222134200.0,-3436.0,-216134400.0,55.0,3482600.0,161.0,10155100.0,-221.0,-13910200.0,0.0,0.0,-3433.0,-215987100.0,2.0,125200.0,-4.0,-252000.0,0.0,0.0
010100,한국무브넥스,유가,자동차 신품 부품 제조업,"자동차부품(제동,구동장치),프랜지(관이음쇠),철구조물,산업기계 제조",3700.0,72512.0,268528959.0,1.090000033378601,11705315.0,4.360000133514404,-1696.0,-6565909.0,1743.0,6739769.0,-47.0,-173860.0,-45.0,-166500.0,0.0,0.0,-2.0,-7360.0,0.0,0.0,0.0,0.0,0.0,0.0,0.0,0.0,0.0,0.0
004090,한국석유공업,유가,기타 비금속 광물제품 제조업,"석유류제품(솔벤트,부로운아스팔트,방수시트몰터프라스,메타놀,빙초산) 제조,도소매/부동산 임대",10590.0,139816.0,1482262470.0,-0.8399999737739563,90589870.0,6.110000133514404,6621.0,69047675.0,-6178.0,-64314055.0,-6.0,-93450.0,-6.0,-93450.0,0.0,0.0,0.0,0.0,0.0,0.0,0.0,0.0,0.0,0.0,0.0,0.0,-437.0,-4640170.0
002200,한국수출포장공업,유가,"골판지, 종이 상자 및 종이용기 제조업","골판지상자,골판지원지 제조,판매",2345.0,42888.0,100566925.0,0.0,2461985.0,2.450000047683716,-6553.0,-15496200.0,-8305.0,-19300335.0,-96.0,-224975.0,-96.0,-224975.0,0.0,0.0,0.0,0.0,0.0,0.0,0.0,0.0,0.0,0.0,14952.0,35016840.0,2.0,4670.0
002960,한국쉘석유,유가,석유 정제품 제조업,"윤활유,그리스 제조,도매",499500.0,927.0,461368250.0,0.0,36852500.0,5.590000152587891,366.0,181493250.0,-191.0,-94677750.0,-173.0,-85815500.0,-59.0,-29326000.0,-20.0,-9939500.0,-135.0,-66993000.0,0.0,0.0,41.0,20443000.0,0.0,0.0,0.0,0.0,-2.0,-1000000.0
000240,한국앤컴퍼니,유가,기타 금융업,비금융지주회사,25450.0,84221.0,2164495075.0,1.600000023841858,264816750.0,10.350000381469727,-13464.0,-348982250.0,13397.0,343463625.0,15106.0,391107625.0,3097.0,82142350.0,-5161.0,-132367325.0,-1708.0,-43811950.0,0.0,0.0,21218.0,545384525.0,-2340.0,-60239975.0,-15272.0,-391658650.0,233.0,6069650.0
123890,한국자산신탁,유가,신탁업 및 집합투자업,"부동산 신탁 서비스, REITs",2310.0,71241.0,164005900.0,0.4300000071525574,7872540.0,4.800000190734863,17296.0,39658440.0,-16130.0,-37043540.0,-2258.0,-5136510.0,3760.0,8666770.0,-4308.0,-9879465.0,-1735.0,-3981735.0,0.0,0.0,0.0,0.0,25.0,57920.0,1032.0,2383310.0,60.0,138300.0
015760,한국전력공사,유가,전기업,"전력자원개발,발전,송전,전력용기자재확보",35700.0,1083486.0,38978827425.0,1.559999942779541,138290050.0,0.27000001072883606,-9593.0,-387014875.0,79064.0,2860750250.0,-63739.0,-2265884875.0,-40617.0,-1438382775.0,-996.0,-35911650.0,-16003.0,-574531525.0,-83.0,-3024400.0,-41723.0,-1487937975.0,34663.0,1237409150.0,327.0,11805900.0,-6059.0,-219656400.0
015760,한국전력공사,유가,전기업,"전력자원개발,발전,송전,전력용기자재확보",35700.0,1083486.0,38978827425.0,1.559999942779541,138290050.0,0.27000001072883606,-9593.0,-387014875.0,79064.0,2860750250.0,-63739.0,-2265884875.0,-40617.0,-1438382775.0,-996.0,-35911650.0,-16003.0,-574531525.0,-83.0,-3024400.0,-41723.0,-1487937975.0,34663.0,1237409150.0,327.0,11805900.0,-6059.0,-219656400.0
006200,한국전자홀딩스,유가,기타 금융업,"시장조사,경영컨설팅",2080.0,147674.0,308936960.0,-1.649999976158142,110635.0,0.03999999910593033,-25886.0,-53990015.0,25647.0,53910910.0,232.0,64485.0,309.0,224020.0,0.0,0.0,-77.0,-159535.0,0.0,0.0,0.0,0.0,0.0,0.0,7.0,14620.0,0.0,0.0
027970,한국제지,유가,"펄프, 종이 및 판지 제조업","펄프, 종이 및 판지 제조업(031701)",536.0,0.0,0.0,0.0,0.0,0.0,0.0,0.0,0.0,0.0,0.0,0.0,0.0,0.0,0.0,0.0,0.0,0.0,0.0,0.0,0.0,0.0,0.0,0.0,0.0,0.0,0.0,0.0
023350,한국종합기술,유가,"건축기술, 엔지니어링 및 관련 기술 서비스업","토목설계,건축설계,감리,측량/토목건축공사",3855.0,81313.0,314896199.0,-1.909999966621399,766995.0,0.23999999463558197,35571.0,137730055.0,-35563.0,-137699200.0,-8.0,-30840.0,-8.0,-30840.0,0.0,0.0,0.0,0.0,0.0,0.0,0.0,0.0,0.0,0.0,0.0,0.0,0.0,-15.0
025890,한국주강,유가,특수 목적용 기계 제조업,"주강,주물 제조,도매",2405.0,69941.0,164502854.0,5.25,26095.0,0.019999999552965164,-3810.0,-8833650.0,3821.0,8860045.0,-8.0,-19240.0,-8.0,-19240.0,0.0,0.0,0.0,0.0,0.0,0.0,0.0,0.0,0.0,0.0,0.0,0.0,-3.0,-7155.0
000970,한국주철관공업,유가,1차 철강 제조업,"수도용주철관,강관 제조",6600.0,15818.0,104049755.0,0.9200000166893005,640010.0,0.6200000047683716,-1478.0,-9709955.0,1520.0,9987155.0,-42.0,-277200.0,-42.0,-277200.0,0.0,0.0,0.0,0.0,0.0,0.0,0.0,0.0,0.0,0.0,0.0,0.0,0.0,0.0
104700,한국철강,유가,1차 철강 제조업,철근,9570.0,10778.0,103386070.0,-0.5199999809265137,8459010.0,5.889999866485596,-2501.0,-23981900.0,238.0,2243330.0,2253.0,21643670.0,395.0,3763730.0,1322.0,12716420.0,724.0,6960610.0,-325.0,-3110660.0,129.0,1236750.0,8.0,76820.0,10.0,94900.0,0.0,0.0
017960,한국카본,유가,"구조용 금속제품, 탱크 및 증기발생기 제조업","탄소섬유(카본프리프레그(낚시대,테니스라켓,골프 Shaft,스포츠레저용품)),합성수지,글라스페이퍼,LNG선박용 단열판넬 제조,도매",23250.0,206821.0,4772862450.0,4.730000019073486,20507000.0,0.30000001192092896,24266.0,558447175.0,21891.0,505102375.0,-46326.0,-1067393000.0,8300.0,192688550.0,-7997.0,-184557500.0,-1464.0,-33676625.0,0.0,0.0,-44311.0,-1022160850.0,-854.0,-19686575.0,237.0,5432450.0,-68.0,-1589000.0
161890,한국콜마,유가,기타 화학제품 제조업,"화장품, 의약품",102300.0,124624.0,12725004750.0,0.9900000095367432,1039849700.0,5.75,-9553.0,-971013650.0,16412.0,1667914350.0,-7027.0,-714167700.0,7154.0,735629700.0,-2355.0,-240625350.0,-9191.0,-939831150.0,0.0,0.0,-3381.0,-345997100.0,697.0,71639400.0,183.0,18806200.0,-15.0,-1539200.0
161390,한국타이어앤테크놀로지,유가,고무제품 제조업,타이어 제조,67700.0,400026.0,27485551550.0,0.0,3852139000.0,13.260000228881836,10122.0,670174350.0,37647.0,2506817200.0,-47547.0,-3161478150.0,17655.0,1214137250.0,-11946.0,-814498000.0,-55490.0,-3755041150.0,0.0,0.0,-28759.0,-1970598950.0,30993.0,2164522700.0,-417.0,-29099200.0,195.0,13585800.0
034830,한국토지신탁,유가,신탁업 및 집합투자업,부동산신탁 등,1116.0,585227.0,656838290.0,-0.6200000047683716,456623.0,0.07000000029802322,180287.0,200812415.0,-154301.0,-171611627.0,-49386.0,-55307825.0,563.0,652202.0,0.0,0.0,0.0,0.0,0.0,0.0,0.0,0.0,-49949.0,-55960027.0,23323.0,26021137.0,77.0,85900.0
007280,한국특강,유가,1차 철강 제조업,"철강압연제품(앵글,이형형강,평철,환봉) 제조,판매",1825.0,8334.0,15162018.0,0.8299999833106995,52925.0,0.3499999940395355,-1396.0,-2550135.0,1415.0,2580393.0,-19.0,-30258.0,-19.0,-30258.0,0.0,0.0,0.0,0.0,0.0,0.0,0.0,0.0,0.0,0.0,0.0,0.0,0.0,0.0
047810,한국항공우주,유가,"항공기,우주선 및 부품 제조업","정부방산 및 완제기 수출(T-50계열, KUH계열, KT-1계열 등), 기체부품",146500.0,423884.0,60993796700.0,6.550000190734863,26574170200.0,33.59000015258789,-43070.0,-6261967550.0,-34128.0,-4890153550.0,-58725.0,-8466872650.0,1067.0,172611750.0,-268.0,-38085300.0,-4079.0,-585034100.0,0.0,0.0,-32574.0,-4702407300.0,-22871.0,-3313954850.0,136007.0,19631157850.0,-84.0,-12164100.0
123690,한국화장품,유가,생활용품 도매업,화장품,6180.0,67500.0,417062470.0,1.4800000190734863,925900.0,0.2199999988079071,12803.0,79414680.0,-12700.0,-78777720.0,-22.0,-135960.0,-22.0,-135960.0,0.0,0.0,0.0,0.0,0.0,0.0,0.0,0.0,0.0,0.0,-82.0,-507160.0,1.0,6160.0
003350,한국화장품제조,유가,기타 화학제품 제조업,"화장품(OEM,ODM)",8440.0,101930.0,866380530.0,-0.8199999928474426,23152980.0,2.6700000762939453,-5571.0,-47421110.0,5196.0,44286230.0,381.0,3186680.0,-1182.0,-10129730.0,983.0,8373130.0,580.0,4943280.0,0.0,0.0,0.0,0.0,0.0,0.0,-6.0,-51000.0,0.0,-800.0
011500,한농화성,유가,기타 화학제품 제조업,"계면활성제,글리콜에테르 제조,판매",12450.0,70987.0,880009115.0,2.9800000190734863,9973600.0,1.1299999952316284,1320.0,16665875.0,-1348.0,-17019845.0,86.0,1066770.0,-20.0,-249040.0,0.0,0.0,103.0,1278360.0,0.0,0.0,0.0,0.0,3.0,37450.0,0.0,0.0,-58.0,-712800.0
002390,한독,유가,의약품 제조업,"의약품(소화제,크라포란,라식스)제조,도매,부동산 임대",9300.0,13565.0,124852940.0,0.10999999940395355,8018010.0,6.420000076293945,2758.0,25389990.0,-2890.0,-26595910.0,4.0,37280.0,4.0,37280.0,0.0,0.0,0.0,0.0,0.0,0.0,0.0,0.0,0.0,0.0,0.0,0.0,128.0,1168640.0
053690,한미글로벌,유가,"건축기술, 엔지니어링 및 관련 기술 서비스업","건축 설계,감리/건축공사,토목공사,설비공사,전기공사,안전공사",18330.0,93866.0,1717447120.0,-0.10999999940395355,207558700.0,12.09000015258789,14730.0,270933070.0,-17693.0,-325258075.0,2619.0,47992855.0,597.0,10901485.0,596.0,10936590.0,287.0,5274270.0,0.0,0.0,0.0,0.0,1139.0,20880510.0,14.0,284360.0,330.0,6047790.0
042700,한미반도체,유가,특수 목적용 기계 제조업,"반도체 후공정장비,반도체금형 제조/부동산 매매,임대",209000.0,626113.0,130720205500.0,2.9600000381469727,39112174000.0,17.1200008392334,6799.0,1520725750.0,-6223.0,-1325245000.0,2768.0,503950250.0,48199.0,10024070000.0,-206.0,-42968250.0,1181.0,246523750.0,-31.0,-6479000.0,4292.0,854154500.0,-50667.0,-10571350750.0,-3040.0,-636804250.0,-304.0,-62626750.0
008930,한미사이언스,유가,기타 금융업,"항생제(세포탁심,세포트리악손),유산균정장제(메디락비타,메디락베베),위장관운동조절개선제(설프라이드),고혈압치료제(유니바스크),원료의약품,식품 제조,판매",40350.0,224225.0,8994528875.0,2.930000066757202,1473434350.0,10.630000114440918,-101697.0,-4084767675.0,13043.0,521661725.0,89933.0,3614670450.0,-6510.0,-264261450.0,-216.0,-8623375.0,7507.0,303328600.0,0.0,0.0,-54.0,-2539175.0,89206.0,3586765850.0,-1277.0,-51484000.0,-2.0,-80500.0
128940,한미약품,유가,의약품 제조업,의약품,380000.0,97816.0,37389024000.0,0.5299999713897705,2486373250.0,5.929999828338623,-5838.0,-2261505000.0,-4137.0,-1608324500.0,9949.0,3859865500.0,-5368.0,-2063466250.0,-474.0,-181069000.0,1016.0,393417500.0,0.0,0.0,-7567.0,-2870692500.0,22342.0,8581675750.0,26.0,9951500.0,0.0,12500.0
009240,한샘,유가,생활용품 도매업,"주방가구(씽크대),인테리어가구 판매,제조/주택신축판매",38650.0,27056.0,1059232400.0,-0.8999999761581421,186150350.0,14.8100004196167,-5939.0,-233896350.0,-2499.0,-97101275.0,8443.0,331197525.0,9335.0,366189350.0,-197.0,-7714750.0,65.0,2382625.0,0.0,0.0,-22.0,-763350.0,-738.0,-28896350.0,-9.0,-356750.0,4.0,156850.0
020000,한섬,유가,봉제의복 제조업,"여성의류,금속 액세서리,신발,가방,선글라스 제조,판매",16310.0,269482.0,4395506390.0,-0.9700000286102295,146534280.0,2.380000114440918,47966.0,778717100.0,30146.0,494496440.0,-78726.0,-1283225710.0,1170.0,19181170.0,8281.0,135295445.0,-70929.0,-1157310575.0,0.0,0.0,-581.0,-8314960.0,-16667.0,-272076790.0,593.0,9670660.0,21.0,341510.0
003680,한성기업,유가,수산물 가공 및 저장 처리업,"냉동식품,햄제품 제조,도매,보관/원양어업",6440.0,383783.0,2486546100.0,-0.6200000047683716,74316390.0,2.990000009536743,-4918.0,-31025310.0,2732.0,17032460.0,-4.0,-47400.0,-4.0,-47400.0,0.0,0.0,0.0,0.0,0.0,0.0,0.0,0.0,0.0,0.0,726.0,4692160.0,1464.0,9348090.0
105630,한세실업,유가,봉제의복 제조업,의류 완제품,9210.0,25931.0,240067085.0,-0.2199999988079071,11279910.0,3.640000104904175,5110.0,46951850.0,-1033.0,-9427530.0,-4077.0,-37524320.0,-845.0,-7783400.0,111.0,1019880.0,-3323.0,-30576300.0,0.0,0.0,0.0,0.0,-20.0,-184500.0,0.0,0.0,0.0,0.0
069640,한세엠케이,유가,"섬유, 의복, 신발 및 가죽제품 소매업","케주얼웨어(BUCKAROO, TBJ 등)",1453.0,138386.0,200915402.0,2.759999990463257,48812.0,0.019999999552965164,-1703.0,-2522011.0,1719.0,2545259.0,-16.0,-23248.0,-16.0,-23248.0,0.0,0.0,0.0,0.0,0.0,0.0,0.0,0.0,0.0,0.0,0.0,0.0,0.0,0.0
016450,한세예스24홀딩스,유가,봉제의복 제조업,"의류(니트) 제조,도소매,원단 제조,부동산 임대",4300.0,20322.0,88458475.0,-1.0399999618530273,1325255.0,1.5,5902.0,25694640.0,-2743.0,-11955520.0,-3164.0,-13760935.0,-56.0,-240800.0,-2987.0,-12995485.0,-335.0,-1457670.0,0.0,0.0,0.0,0.0,214.0,933020.0,5.0,21815.0,0.0,0.0
009180,한솔로지스틱스,유가,기타 운송관련 서비스업,"지류펄프 보관창고 운영/화물취급,화물운송알선,물류컨설팅/종합쇼핑몰운영,통신판매,인터넷백화점",2785.0,29953.0,83219899.0,0.5400000214576721,2804940.0,3.369999885559082,-8867.0,-24545155.0,4636.0,12843625.0,-16.0,-44560.0,-16.0,-44560.0,0.0,0.0,0.0,0.0,0.0,0.0,0.0,0.0,0.0,0.0,4247.0,11746090.0,0.0,0.0
213500,한솔제지,유가,"펄프, 종이 및 판지 제조업","인쇄용지, 산업용지, 특수지 제조 및 판매",7600.0,103211.0,778041970.0,2.9800000190734863,1540510.0,0.20000000298023224,-14339.0,-107732565.0,9369.0,70109085.0,5115.0,38717080.0,1914.0,14549620.0,1051.0,7924830.0,1799.0,13577700.0,0.0,0.0,-11.0,-83280.0,362.0,2748210.0,0.0,0.0,-145.0,-1093600.0
014680,한솔케미칼,유가,기초 화학물질 제조업,"과산화수소,라텍스,요소수지,수소액화탄산,차아황산소다 제조,판매,디지털카메라용 인화필름 제조,수출",225500.0,25163.0,5662212500.0,5.130000114440918,1309576500.0,19.540000915527344,-2300.0,-521709250.0,-1344.0,-307104250.0,3641.0,828318000.0,-445.0,-96175250.0,-565.0,-127079250.0,3245.0,733101250.0,71.0,16000750.0,29.0,6571000.0,1306.0,295904500.0,47.0,10645500.0,-44.0,-10150000.0
004710,한솔테크닉스,유가,전자부품 제조업,"백라이트유닛,인버터,폴리바리콘,모니터,통신장비 제조",7730.0,1263948.0,9600719910.0,0.9100000262260437,584308680.0,6.090000152587891,190931.0,1427699930.0,-162658.0,-1235180660.0,-31398.0,-215859840.0,-9271.0,-69929040.0,232.0,1761700.0,-23284.0,-171180040.0,0.0,0.0,62919.0,489088055.0,-61994.0,-465600515.0,1232.0,9055540.0,1893.0,14285030.0
004150,한솔홀딩스,유가,기타 금융업,"지주회사,경영자문컨설팅",3255.0,65141.0,211254335.0,1.2400000095367432,227850.0,0.10999999940395355,-21625.0,-70218535.0,27848.0,90437865.0,-6223.0,-20219330.0,196.0,579305.0,0.0,0.0,0.0,0.0,0.0,0.0,-6419.0,-20798635.0,0.0,0.0,0.0,0.0,0.0,0.0
025750,한솔홈데코,유가,제재 및 목재 가공업,"PB,MDF,바닥재,강화,재생목재,LPM,제재목 제조,도소매,무역/임업,벌목관련 사업",1904.0,12327.0,23261282.0,1.0099999904632568,110466.0,0.4699999988079071,70.0,147077.0,-70.0,-147077.0,0.0,0.0,0.0,0.0,0.0,0.0,0.0,0.0,0.0,0.0,0.0,0.0,0.0,0.0,0.0,0.0,0.0,0.0
004960,한신공영,유가,건물 건설업,"토목공사,건축공사,주택건설,유통업(백화점),문화교실,주차장",10440.0,28725.0,302738800.0,0.9700000286102295,188050.0,0.05999999865889549,-12658.0,-133630860.0,12716.0,134238670.0,-18.0,-188010.0,-17.0,-177480.0,0.0,0.0,-1.0,-10530.0,0.0,0.0,0.0,0.0,0.0,0.0,-40.0,-419800.0,0.0,0.0
011700,한신기계공업,유가,일반 목적용 기계 제조업,"공기압축기,공구류 제조,판매/오파",2500.0,133784.0,333691115.0,4.820000171661377,5796970.0,1.7400000095367432,-41753.0,-104226215.0,41788.0,104313485.0,-46.0,-115000.0,-46.0,-115000.0,0.0,0.0,0.0,0.0,0.0,0.0,0.0,0.0,0.0,0.0,0.0,0.0,11.0,27730.0
001750,한양증권,유가,금융 지원 서비스업,증권업,19700.0,6698.0,132945960.0,0.5099999904632568,354600.0,0.1899999976158142,-729.0,-14608150.0,-344.0,-6740670.0,768.0,15285920.0,-18.0,-354600.0,77.0,1518540.0,77.0,1518920.0,0.0,0.0,632.0,12603060.0,0.0,0.0,305.0,6062900.0,0.0,0.0
001755,한양증권우,KOSPI,기타/미분류,기타/미분류,19950.0,223.0,4426890.0,0.8100000023841858,19800.0,0.44999998807907104,48.0,956830.0,-48.0,-956830.0,0.0,0.0,0.0,0.0,0.0,0.0,0.0,0.0,0.0,0.0,0.0,0.0,0.0,0.0,0.0,0.0,0.0,0.0
018880,한온시스템,유가,일반 목적용 기계 제조업,"자동차용부품(라디에이터,히터,에어콘,압축기,콘덴서,컴퓨레사) 제조,도매",3530.0,7001177.0,24471871836.0,4.75,844437995.0,3.450000047683716,-682396.0,-2425848116.0,217911.0,783932161.0,477108.0,1686421568.0,-22743.0,-79696244.0,54132.0,190865164.0,197245.0,695894572.0,0.0,0.0,160157.0,567315886.0,88317.0,312042190.0,-12051.0,-42197650.0,-572.0,-2307963.0
009420,한올바이오파마,유가,의약품 제조업,"의약품 제조,도매/부동산 임대",53100.0,238054.0,12762407400.0,2.119999885559082,1872225900.0,10.289999961853027,-24299.0,-1285611000.0,1393.0,56873900.0,18200.0,977517900.0,5753.0,307675950.0,155.0,8288250.0,6863.0,369598700.0,0.0,0.0,-7223.0,-386599600.0,12652.0,678554600.0,3296.0,177919300.0,1410.0,73299900.0
014130,한익스프레스,유가,도로 화물 운송업,"특수화물 운송(유류,화학류,벌크제품 등),냉동차,탱크로리운송,복합운송 주선,임대,택배/특장차,중기 제조,판매",2535.0,35626.0,87944755.0,2.009999990463257,945600.0,1.0800000429153442,3300.0,8219650.0,-2833.0,-7085090.0,-98.0,-196180.0,-98.0,-196180.0,0.0,0.0,0.0,0.0,0.0,0.0,0.0,0.0,0.0,0.0,-369.0,-938380.0,0.0,0.0
300720,한일시멘트,유가,"시멘트, 석회, 플라스터 및 그 제품 제조업","시멘트, 레미콘, 레미탈",14230.0,49424.0,705516945.0,1.5700000524520874,33689190.0,3.4100000858306885,-15871.0,-226842350.0,16467.0,234941600.0,-591.0,-8027950.0,-243.0,-3239090.0,-1357.0,-19345925.0,735.0,10594805.0,0.0,0.0,89.0,1311540.0,185.0,2650720.0,0.0,0.0,-5.0,-71300.0
002220,한일철강,유가,1차 철강 제조업,"강관류,철판류,금속관류,건축자재,자동차부품 제조,도매",3835.0,361555.0,1368918532.0,8.180000305175781,16031045.0,1.1699999570846558,17753.0,71134957.0,-17776.0,-71315492.0,-37.0,-47765.0,-37.0,-47765.0,0.0,0.0,0.0,0.0,0.0,0.0,0.0,0.0,0.0,0.0,0.0,0.0,60.0,228300.0
003300,한일홀딩스,유가,"시멘트, 석회, 플라스터 및 그 제품 제조업",지주사업,17660.0,6554.0,116248490.0,-0.2800000011920929,4876575.0,3.0999999046325684,-1144.0,-20365780.0,1044.0,18592210.0,90.0,1597570.0,380.0,6729100.0,-240.0,-4243880.0,-50.0,-887650.0,0.0,0.0,0.0,0.0,0.0,0.0,0.0,0.0,10.0,176000.0
051600,한전KPS,유가,전기 및 통신 공사업,"일반전기공사,발전설비정비공사,점검,수리,엔지니어링",46600.0,89019.0,4172054425.0,1.75,1331499350.0,24.790000915527344,-4881.0,-231280650.0,2999.0,139165050.0,1835.0,89821150.0,3418.0,163852000.0,-385.0,-18022800.0,-824.0,-38480575.0,0.0,0.0,-3.0,-94250.0,-371.0,-17433225.0,47.0,2294450.0,0.0,0.0
051600,한전KPS,유가,전기 및 통신 공사업,"일반전기공사,발전설비정비공사,점검,수리,엔지니어링",46600.0,89019.0,4172054425.0,1.75,1331499350.0,24.790000915527344,-4881.0,-231280650.0,2999.0,139165050.0,1835.0,89821150.0,3418.0,163852000.0,-385.0,-18022800.0,-824.0,-38480575.0,0.0,0.0,-3.0,-94250.0,-371.0,-17433225.0,47.0,2294450.0,0.0,0.0
052690,한전기술,유가,"건축기술, 엔지니어링 및 관련 기술 서비스업",원자력발전소 설계 등,102500.0,111648.0,11388745894.0,3.5399999618530273,704360100.0,4.46999979019165,-18528.0,-1894810550.0,7138.0,734598450.0,12289.0,1252179100.0,5029.0,511708350.0,117.0,11999750.0,1572.0,159707550.0,0.0,0.0,6249.0,638125450.0,-678.0,-69359300.0,-875.0,-89473900.0,-24.0,-2493100.0
130660,한전산업,유가,"건축기술, 엔지니어링 및 관련 기술 서비스업","발전설비 운전·정비, 전기검침",11490.0,145063.0,1657052605.0,3.509999990463257,14991850.0,0.8999999761581421,-14693.0,-167227410.0,11554.0,131403110.0,3072.0,35056780.0,2066.0,23584340.0,636.0,7251480.0,364.0,4152760.0,0.0,0.0,0.0,0.0,6.0,68200.0,0.0,0.0,67.0,767520.0
002320,한진,유가,도로 화물 운송업,"포장화물,택배산업,항만하역,고속버스사업,운수보관",15380.0,28688.0,439389560.0,1.1799999475479126,26831550.0,5.599999904632568,-3660.0,-56223810.0,2937.0,45017370.0,689.0,10683860.0,1.0,166310.0,432.0,6604360.0,256.0,3913190.0,0.0,0.0,0.0,0.0,0.0,0.0,34.0,522580.0,0.0,0.0
003480,한진중공업홀딩스,유가,연료용 가스 제조 및 배관공급업,지주회사,4765.0,14267.0,67957801.0,0.0,324490.0,0.47999998927116394,866.0,4062486.0,-646.0,-3020316.0,-42.0,-200130.0,-42.0,-200130.0,0.0,0.0,0.0,0.0,0.0,0.0,0.0,0.0,0.0,0.0,-178.0,-842040.0,0.0,0.0
180640,한진칼,유가,기타 금융업,"지주사업, 경영자문 및 컨설팅",122500.0,121901.0,15532516400.0,1.7400000095367432,905977800.0,4.139999866485596,-27821.0,-3653774300.0,18903.0,2461368650.0,9204.0,1231921600.0,-6611.0,-808342200.0,-111.0,-14165150.0,279.0,37557750.0,0.0,0.0,2948.0,373852100.0,12698.0,1642894600.0,-288.0,-39774750.0,2.0,258800.0
18064K,한진칼우,KOSPI,기타/미분류,기타/미분류,28900.0,5153.0,150459650.0,0.5199999809265137,29250.0,0.019999999552965164,-109.0,-3147100.0,-416.0,-12164100.0,300.0,8861100.0,300.0,8861100.0,0.0,0.0,0.0,0.0,0.0,0.0,0.0,0.0,0.0,0.0,225.0,6450100.0,0.0,0.0
005110,한창,유가,기계장비 및 관련 물품 도매업,"소화기, 통신장비 유통",1254.0,0.0,0.0,0.0,0.0,0.0,0.0,0.0,0.0,0.0,0.0,0.0,0.0,0.0,0.0,0.0,0.0,0.0,0.0,0.0,0.0,0.0,0.0,0.0,0.0,0.0,0.0,0.0
009460,한창제지,유가,"펄프, 종이 및 판지 제조업","마닐라판지,고급백판지(ALL PULP) 제조,판매,수출입",3100.0,37232.0,117979360.0,-3.430000066757202,4301590.0,3.6500000953674316,-16562.0,-52597545.0,-3441.0,-10942340.0,-8.0,-24800.0,-8.0,-24800.0,0.0,0.0,0.0,0.0,0.0,0.0,0.0,0.0,0.0,0.0,20000.0,63529265.0,11.0,35420.0
372910,한컴라이프케어,유가,의료용 기기 제조업,"공기호흡기, 방독면, 보호복 등",1808.0,82457.0,148284350.0,2.7899999618530273,270182.0,0.18000000715255737,-18497.0,-33242825.0,17540.0,31517017.0,-23.0,-41578.0,-23.0,-41578.0,0.0,0.0,0.0,0.0,0.0,0.0,0.0,0.0,0.0,0.0,980.0,1767386.0,0.0,0.0
000880,한화,유가,기타 화학제품 제조업,"화약,화공품,자동선반류,공작기계 제조,전자교환기,건설,정보통신,종합무역/임직원 및 개인대상 교육,세미나 및 워크샵 중계,동영상광고",83800.0,0.0,0.0,0.0,0.0,0.0,0.0,0.0,0.0,0.0,0.0,0.0,0.0,0.0,0.0,0.0,0.0,0.0,0.0,0.0,0.0,0.0,0.0,0.0,0.0,0.0,0.0,0.0
00088K,한화3우B,KOSPI,기타/미분류,기타/미분류,29250.0,0.0,0.0,0.0,0.0,0.0,0.0,0.0,0.0,0.0,0.0,0.0,0.0,0.0,0.0,0.0,0.0,0.0,0.0,0.0,0.0,0.0,0.0,0.0,0.0,0.0,0.0,0.0
452260,한화갤러리아,유가,종합 소매업,백화점,2040.0,968847.0,1981994043.0,3.130000114440918,114967235.0,5.800000190734863,-119848.0,-243351570.0,117493.0,238541034.0,2355.0,4810371.0,476.0,976800.0,887.0,1809452.0,953.0,1944349.0,0.0,0.0,0.0,0.0,39.0,79770.0,0.0,0.0,0.0,165.0
45226K,한화갤러리아우,KOSPI,기타/미분류,기타/미분류,4370.0,17071.0,76533495.0,0.10999999940395355,0.0,0.0,0.0,600.0,0.0,0.0,0.0,0.0,0.0,0.0,0.0,0.0,0.0,0.0,0.0,0.0,0.0,0.0,0.0,0.0,0.0,0.0,0.0,-600.0
451800,한화리츠,유가,부동산 임대 및 공급업,부동산투자,5130.0,48667.0,248847650.0,1.7899999618530273,30569000.0,12.279999732971191,-4967.0,-25371900.0,-13722.0,-70479370.0,18689.0,95851270.0,35118.0,179826200.0,0.0,0.0,0.0,0.0,0.0,0.0,-11925.0,-60975570.0,-4504.0,-22999360.0,0.0,0.0,0.0,0.0
489790,한화비전,유가,통신 및 방송 장비 제조업,비금융지주회사,49000.0,358974.0,17513763175.0,9.619999885559082,850462600.0,3.190000057220459,-56509.0,-2792713600.0,-55266.0,-2684563375.0,110169.0,5401393825.0,4486.0,220171200.0,-36.0,-1745000.0,55001.0,2692744275.0,0.0,0.0,46909.0,2302826750.0,3809.0,187396600.0,1786.0,84697000.0,-180.0,-8813850.0
088350,한화생명,유가,보험업,생명보험,4355.0,2621348.0,11496371465.0,1.0399999618530273,488908495.0,4.25,215993.0,911902784.0,197698.0,884795775.0,-416781.0,-1810140720.0,-62383.0,-266736331.0,-5127.0,-22328224.0,-10609.0,-46230543.0,0.0,0.0,-324932.0,-1414954365.0,-13730.0,-59891257.0,1160.0,5028450.0,1930.0,8413711.0
000370,한화손해보험,유가,보험업,손해보험,5900.0,290715.0,1717686875.0,2.430000066757202,124768910.0,7.260000228881836,-95335.0,-565026905.0,101781.0,603034440.0,-9173.0,-54063665.0,-6317.0,-37270520.0,-1758.0,-10338280.0,-1121.0,-6591630.0,0.0,0.0,0.0,0.0,23.0,136765.0,2699.0,15890070.0,28.0,166060.0
009830,한화솔루션,유가,기초 화학물질 제조업,"합성수지,유화부문(LDPE,LLDPE)제품 제조,플라스틱가공품(PVC),CA,무기화학제품,부동산업",30150.0,7823531.0,238114335725.0,12.5,25990958675.0,10.920000076293945,-488003.0,-15243267975.0,-623356.0,-19198781550.0,1119644.0,34684376200.0,58218.0,1928118525.0,21424.0,655261325.0,117330.0,3587117800.0,0.0,0.0,708157.0,21898471725.0,214355.0,6610463125.0,-3286.0,-94466600.0,-4999.0,-147860075.0
009835,한화솔루션우,KOSPI,기타/미분류,기타/미분류,17170.0,28669.0,505646005.0,3.369999885559082,4552740.0,0.8999999761581421,6369.0,113426245.0,-6362.0,-113304125.0,0.0,320.0,0.0,320.0,0.0,0.0,0.0,0.0,0.0,0.0,0.0,0.0,0.0,0.0,1.0,17740.0,-8.0,-140180.0
272210,한화시스템,유가,전자부품 제조업,"정밀기기(육해공군관련전자제어시스템,열영상감시장비,탐지추적장치,전투지휘체계시스템) 제조",72400.0,413131.0,29693751950.0,4.78000020980835,5393103400.0,11.890000343322754,-98317.0,-7103565850.0,83752.0,6043982650.0,13450.0,978292200.0,4097.0,304226250.0,80.0,5896050.0,1650.0,119459450.0,0.0,0.0,14421.0,1038278050.0,-6796.0,-489423400.0,1483.0,107922900.0,-368.0,-26631900.0
012450,한화에어로스페이스,유가,"항공기,우주선 및 부품 제조업","항공기엔진,특수방산장비 제조/정비사업",1007000.0,92287.0,93062889000.0,0.30000001192092896,4169494500.0,3.7899999618530273,94.0,73877000.0,4785.0,4804140000.0,-5026.0,-5026443000.0,-2232.0,-2243595000.0,-410.0,-411318000.0,-2880.0,-2896160500.0,0.0,0.0,2134.0,2171954500.0,-1638.0,-1647304000.0,109.0,110154000.0,38.0,38272000.0
082740,한화엔진,유가,일반 목적용 기계 제조업,"대형선박용엔진,내연발전엔진",46050.0,1004658.0,44804453275.0,13.010000228881836,806532800.0,1.1699999570846558,-141621.0,-6373312300.0,47707.0,2116893375.0,108498.0,4907466750.0,-6938.0,-314092025.0,11932.0,533074500.0,68881.0,3123730725.0,0.0,0.0,-1012.0,-57462425.0,35635.0,1622215975.0,-11284.0,-502765975.0,-3300.0,-148281850.0
042660,한화오션,유가,선박 및 보트 건조업,선박 제조,91900.0,1126310.0,101921482500.0,5.03000020980835,7244784400.0,4.099999904632568,-318678.0,-29059100250.0,166249.0,15144536850.0,154367.0,14094690000.0,63447.0,5838500700.0,5571.0,512676000.0,23263.0,2129901250.0,13.0,1181000.0,44355.0,3992699850.0,17717.0,1619645700.0,70.0,1609600.0,-2008.0,-181736200.0
003530,한화투자증권,유가,금융 지원 서비스업,"유가증권 위탁매매,자기매매,인수주선",4420.0,868568.0,3877784988.0,2.0799999237060547,266141590.0,6.860000133514404,-59423.0,-273317853.0,42812.0,199444869.0,16720.0,74376039.0,8175.0,36564584.0,5875.0,25994845.0,2627.0,11624910.0,0.0,0.0,0.0,0.0,43.0,191700.0,50.0,222750.0,-159.0,-725805.0
003535,한화투자증권우,KOSPI,기타/미분류,기타/미분류,5780.0,15854.0,91284125.0,1.5800000429153442,103080.0,0.10999999940395355,-710.0,-3889790.0,710.0,3889790.0,0.0,0.0,0.0,0.0,0.0,0.0,0.0,0.0,0.0,0.0,0.0,0.0,0.0,0.0,0.0,0.0,0.0,0.0
195870,해성디에스,유가,전자부품 제조업,반도체 패키지용 Substrate,52200.0,166374.0,8772122050.0,5.03000020980835,858193800.0,7.320000171661377,-34573.0,-1827266200.0,-26086.0,-1389459700.0,60456.0,3205224450.0,109.0,5831900.0,2777.0,149325000.0,10400.0,556273200.0,0.0,0.0,6983.0,374869700.0,40187.0,2118924650.0,139.0,8141150.0,64.0,3360300.0
101530,해태제과식품,유가,기타 식품 제조업,"홈런볼, 오예스, 맛동산, 부라보콘 등",5540.0,36690.0,204627950.0,-0.5400000214576721,2320710.0,1.1299999952316284,-5561.0,-31053040.0,5571.0,31122290.0,-10.0,-69250.0,-10.0,-69250.0,0.0,0.0,0.0,0.0,0.0,0.0,0.0,0.0,0.0,0.0,0.0,0.0,0.0,0.0
143210,핸즈코퍼레이션,유가,자동차 신품 부품 제조업,자동차 알루미늄 휠,1199.0,0.0,0.0,0.0,0.0,0.0,0.0,0.0,0.0,0.0,0.0,0.0,0.0,0.0,0.0,0.0,0.0,0.0,0.0,0.0,0.0,0.0,0.0,0.0,0.0,0.0,0.0,0.0
000720,현대건설,유가,토목 건설업,"공사수입,주택분양,건설산업부문 설계,감리 등 엔지니어링서비스",110100.0,732453.0,79645289050.0,8.470000267028809,6205461500.0,5.880000114440918,-88273.0,-9679359300.0,42784.0,4718927250.0,43584.0,4758322700.0,-27554.0,-3019954350.0,10572.0,1160081650.0,14729.0,1607789400.0,0.0,0.0,47437.0,5170715150.0,-1600.0,-160310750.0,250.0,25942500.0,1655.0,176166850.0
000725,현대건설우,KOSPI,기타/미분류,기타/미분류,51500.0,3200.0,163879150.0,3.4100000858306885,1857200.0,1.1299999952316284,-1200.0,-61048400.0,1200.0,61047800.0,0.0,600.0,0.0,600.0,0.0,0.0,0.0,0.0,0.0,0.0,0.0,0.0,0.0,0.0,0.0,0.0,0.0,0.0
453340,현대그린푸드,유가,종합 소매업,"푸드서비스(단체급식), 식자재유통서비스, 공산품/생식품 유통서비스",18900.0,93607.0,1765207605.0,1.559999942779541,69246650.0,3.4700000286102295,-27333.0,-516964940.0,-2.0,191190.0,22310.0,420952980.0,-556.0,-9800250.0,-619.0,-11660200.0,-310.0,-5839610.0,0.0,0.0,10891.0,205234200.0,12904.0,243018840.0,5025.0,95820770.0,0.0,0.0
086280,현대글로비스,유가,기타 운송관련 서비스업,"화물운송주선,화물포장,자동차 수리/산업용 기계장비 임대",205500.0,119076.0,24484826250.0,2.75,2030350000.0,6.519999980926514,-14922.0,-3092004000.0,14136.0,2908319500.0,2456.0,529282000.0,1195.0,251106250.0,-629.0,-128537750.0,-314.0,-53831750.0,87.0,18077750.0,1252.0,264547750.0,475.0,97756750.0,-791.0,-163279000.0,-879.0,-182318500.0
064350,현대로템,유가,그외 기타 운송장비 제조업,"철도차량, 특수중기, 산업기계",147700.0,406442.0,59445517950.0,5.579999923706055,11096649350.0,15.880000114440918,-47920.0,-7025594000.0,83346.0,12198093150.0,-36048.0,-5264037450.0,165.0,29483100.0,-1153.0,-167793600.0,-10070.0,-1470344300.0,0.0,0.0,-12305.0,-1800370350.0,-12685.0,-1855000500.0,619.0,91111400.0,3.0,426900.0
079430,현대리바트,유가,가구 제조업,"일반목재가구(책상,침실가구),주방가구,목창호,사무용가구,선실가구 제조",5970.0,65705.0,393321180.0,3.2899999618530273,10956870.0,2.7899999618530273,-29582.0,-177454000.0,24580.0,147504910.0,5022.0,30078090.0,-25.0,-220250.0,0.0,0.0,-1.0,-5900.0,0.0,0.0,0.0,0.0,5048.0,30304240.0,-30.0,-189300.0,10.0,60300.0
012330,현대모비스,유가,자동차 신품 부품 제조업,"자동차A/S용 부품,컨테이너,특수중기,산업기계제품 생산,판매,부품모듈화,부품수출사업,환경/플랜트사업,특수중기부문(컨테이너)",503000.0,270626.0,136480189250.0,4.46999979019165,3914484500.0,2.059999942779541,-71069.0,-35814661750.0,73050.0,36828620500.0,439.0,207887250.0,27259.0,13768969000.0,1754.0,889293000.0,-39024.0,-19703563500.0,-30.0,-15180000.0,2006.0,983179750.0,8285.0,4189412500.0,-1933.0,-977348000.0,-487.0,-244498000.0
069960,현대백화점,유가,종합 소매업,백화점,110100.0,456795.0,50922042100.0,-7.010000228881836,2661052100.0,4.130000114440918,100747.0,11049446850.0,-15499.0,-1445039700.0,-84160.0,-9476565150.0,834.0,88877550.0,-2351.0,-265164950.0,-27722.0,-3130298050.0,0.0,-947400.0,-40502.0,-4580618450.0,-14372.0,-1583065950.0,-1135.0,-132499300.0,47.0,4657300.0
004560,현대비앤지스틸,유가,1차 철강 제조업,"스텐레스냉연강판,특수강 제조",11610.0,88994.0,1028354130.0,2.559999942779541,1624850.0,0.1599999964237213,-8872.0,-102778430.0,43320.0,498821270.0,-34378.0,-395216090.0,23.0,241080.0,-343.0,-3941130.0,-34058.0,-391516040.0,0.0,0.0,0.0,0.0,0.0,0.0,-70.0,-826750.0,0.0,0.0
004310,현대약품,유가,의약품 제조업,"타코실, 마이녹실, 테놀민, 미에로화이바 등",5850.0,1901548.0,11203099155.0,4.460000038146973,2642380.0,0.019999999552965164,-36967.0,-187588085.0,16432.0,66002520.0,10550.0,61882545.0,9959.0,58410090.0,292.0,1715090.0,299.0,1757365.0,0.0,0.0,0.0,0.0,0.0,0.0,11784.0,70474120.0,-1799.0,-10771100.0
017800,현대엘리베이터,유가,일반 목적용 기계 제조업,"엘리베이터,에스컬레이터,공항,공정,크린룸,병원 물류시스템,수,배송센터,고속소팅시스템,주차설비 제조,판매,보수",71200.0,87398.0,6245781050.0,2.890000104904175,43092100.0,0.5099999904632568,-25979.0,-1862885250.0,43457.0,3106228250.0,-16430.0,-1168133400.0,3390.0,245383550.0,-1053.0,-75101050.0,-1749.0,-124707000.0,0.0,0.0,-16811.0,-1198835650.0,-207.0,-14872550.0,-998.0,-71629600.0,-50.0,-3580000.0
307950,현대오토에버,유가,소프트웨어 개발 및 공급업,"차량SW, 내비게이션, 스마트팩토리, AI·클라우드 기반 솔루션, 디지털 전환 컨설팅 및 IT서비스",414500.0,107240.0,44208831000.0,5.199999809265137,6822157250.0,10.149999618530273,-4799.0,-2095537500.0,-20879.0,-8669993500.0,26796.0,11214708000.0,-402.0,-179851250.0,1037.0,434833750.0,25878.0,10833027000.0,0.0,0.0,-1394.0,-577733000.0,1677.0,704438000.0,-1181.0,-474869500.0,63.0,25692500.0
011210,현대위아,유가,자동차 신품 부품 제조업,"자동차부품, 공작기계 등",62300.0,54436.0,3388250350.0,3.490000009536743,231165400.0,4.300000190734863,-20509.0,-1279292400.0,19480.0,1213875850.0,-228.0,-13138050.0,876.0,54781600.0,-92.0,-5726850.0,-1149.0,-70807000.0,0.0,0.0,655.0,40926600.0,-518.0,-32312500.0,1242.0,77620100.0,15.0,934500.0
004020,현대제철,유가,1차 철강 제조업,"H형강,제철,제강,철근,압연,스테인레스,주강,시트파일 제조,수출입,중기부품(탱크바퀴)제조,판매",27650.0,627398.0,17275032950.0,4.539999961853027,1745225500.0,7.360000133514404,-2319.0,-99375775.0,-98218.0,-2695520225.0,113277.0,3141017500.0,26991.0,748535800.0,13519.0,374084175.0,19778.0,553545125.0,0.0,0.0,48485.0,1339222700.0,4505.0,125657450.0,-12605.0,-342371850.0,-135.0,-3749650.0
005440,현대지에프홀딩스,유가,기타 금융업,"백화점,여행알선,숙박,음식점/부동산 임대",12060.0,346452.0,4189433040.0,0.5,434116370.0,8.930000305175781,-5706.0,-71715760.0,5195.0,63412480.0,10264.0,126398680.0,20603.0,249640960.0,-2354.0,-28556470.0,7386.0,89647810.0,0.0,0.0,-13801.0,-165364640.0,-1317.0,-15906110.0,-9834.0,-118987050.0,81.0,891650.0
005380,현대자동차,유가,자동차용 엔진 및 자동차 제조업,"자동차(승용차,버스,트럭,특장차),자동차부품,자동차전착도료 제조,차량정비사업",404500.0,545657.0,221508528000.0,3.059999942779541,33065462500.0,10.09000015258789,-93745.0,-38220337250.0,57435.0,23379749000.0,38992.0,15924805750.0,9534.0,3915589500.0,-1975.0,-801352000.0,23604.0,9596500250.0,-21.0,-8487500.0,-7734.0,-3109380250.0,15582.0,6331112250.0,-2731.0,-1103436750.0,49.0,19219250.0
005387,현대차2우B,KOSPI,기타/미분류,기타/미분류,204500.0,83018.0,16867513050.0,3.2300000190734863,312124000.0,1.850000023841858,-26163.0,-5318812300.0,29525.0,6002333300.0,-2266.0,-460116000.0,-401.0,-81984500.0,294.0,60113000.0,-2203.0,-447214500.0,0.0,0.0,-6.0,-1220500.0,50.0,10187500.0,-987.0,-201118000.0,-109.0,-22287000.0
005389,현대차3우B,KOSPI,기타/미분류,기타/미분류,196800.0,7636.0,1491426300.0,3.0399999618530273,2121600.0,0.14000000059604645,-1912.0,-374771150.0,1944.0,381060250.0,1.0,196300.0,2.0,392800.0,0.0,0.0,0.0,0.0,0.0,0.0,0.0,0.0,0.0,0.0,-35.0,-6877500.0,2.0,392100.0
005385,현대차우,KOSPI,기타/미분류,기타/미분류,203000.0,77627.0,15647897805.0,3.569999933242798,391206300.0,2.5,1334.0,257709350.0,4629.0,940194450.0,-5697.0,-1144581700.0,174.0,35387800.0,-121.0,-24296250.0,-5750.0,-1155673250.0,0.0,0.0,0.0,0.0,0.0,0.0,-272.0,-54537100.0,6.0,1215000.0
001500,현대차증권,유가,금융 지원 서비스업,"유가증권의매매,위탁매매,유가증권의 중개,대리/부동산 임대",7890.0,84705.0,669505835.0,2.5999999046325684,20518010.0,1.9700000286102295,-5023.0,-39755695.0,19155.0,151115500.0,-14058.0,-110781425.0,1373.0,10836680.0,-791.0,-6205690.0,-298.0,-2337785.0,0.0,0.0,-14342.0,-113074630.0,0.0,0.0,200.0,1578000.0,-274.0,-2156380.0
011760,현대코퍼레이션,유가,상품 종합 도매업,"자동차,철강,기계,선박,플랜트,컴퓨터,전자제품 수출,수출입대행/자원(탄광,유전) 개발",26800.0,22793.0,607068375.0,3.880000114440918,30151800.0,2.9100000858306885,-8214.0,-218144300.0,9410.0,249950050.0,-1128.0,-30002900.0,-279.0,-7422750.0,125.0,3344500.0,-1199.0,-31896400.0,0.0,0.0,0.0,0.0,225.0,5971750.0,-68.0,-1802850.0,0.0,0.0
227840,현대코퍼레이션홀딩스,유가,음·식료품 및 담배 도매업,"브랜드사업, 육류유통",12460.0,9731.0,121518065.0,0.47999998927116394,298910.0,0.25,560.0,7030200.0,-570.0,-7138570.0,-50.0,-637630.0,-50.0,-637630.0,0.0,0.0,0.0,0.0,0.0,0.0,0.0,0.0,0.0,0.0,-40.0,-500000.0,100.0,1246000.0
126560,현대퓨처넷,유가,전기 통신업,"디지털 사이니지, 기업 메시징 등",3200.0,65067.0,208487821.0,0.4699999988079071,489600.0,0.23000000417232513,-24563.0,-78755826.0,5303.0,16971586.0,-724.0,-2322225.0,-324.0,-1039675.0,-455.0,-1458710.0,46.0,147565.0,0.0,0.0,0.0,0.0,9.0,28595.0,19952.0,64003745.0,32.0,102720.0
001450,현대해상,유가,보험업,손해보험(자동차보험),36700.0,442571.0,16317206500.0,-0.27000001072883606,1343506500.0,6.889999866485596,31466.0,1141073800.0,93166.0,3438688475.0,-126777.0,-4658915175.0,28586.0,1057479150.0,-5292.0,-194843125.0,-30041.0,-1106132025.0,0.0,0.0,-90329.0,-3323572125.0,-29702.0,-1091883900.0,2040.0,75340375.0,105.0,3812525.0
093240,형지엘리트,유가,봉제의복 제조업,"학생복,스포츠의류,작업복 제조,도매",438.0,711793.0,315468209.0,-0.8999999761581421,986814.0,0.3100000023841858,102884.0,44826893.0,-105194.0,-45842558.0,-1776.0,-784353.0,-41.0,-17958.0,0.0,0.0,-1735.0,-766395.0,0.0,0.0,0.0,0.0,0.0,0.0,56.0,24389.0,4030.0,1775629.0
003010,혜인,유가,기계장비 및 관련 물품 도매업,"건설기계,산업용 기계장비(진공흡인차,세정차),스테거크레인,비상용발전기,해상용엔진 도소매/창고",4600.0,94659.0,435052686.0,2.559999942779541,4939920.0,1.1399999856948853,-2283.0,-9983219.0,3142.0,14099215.0,-9.0,-56450.0,-9.0,-56450.0,0.0,0.0,0.0,0.0,0.0,0.0,0.0,0.0,0.0,0.0,983.0,4497240.0,-1833.0,-8556786.0
111110,호전실업,유가,봉제의복 제조업,스포츠웨어 및 아웃도어 웨어 OEM,6640.0,4373.0,29167000.0,-0.30000001192092896,192560.0,0.6600000262260437,-1365.0,-9128890.0,1119.0,7499060.0,-34.0,-225770.0,-29.0,-192560.0,0.0,0.0,-5.0,-33210.0,0.0,0.0,0.0,0.0,0.0,0.0,280.0,1855600.0,0.0,0.0
008770,호텔신라,유가,기타 상품 전문 소매업,"면세판매,관광숙박,외식사업,예식업",42100.0,363681.0,15333834350.0,1.4500000476837158,607449800.0,2.869999885559082,51927.0,2164879725.0,97072.0,4102202650.0,-149993.0,-6308786625.0,4552.0,193460650.0,-14072.0,-591782975.0,-126008.0,-5303990750.0,0.0,0.0,-7640.0,-321140125.0,-6824.0,-285290825.0,991.0,41577950.0,3.0,126300.0
008775,호텔신라우,KOSPI,기타/미분류,기타/미분류,29200.0,1553.0,45175850.0,0.6899999976158142,0.0,0.0,961.0,27886200.0,-41.0,-1200700.0,0.0,0.0,0.0,0.0,0.0,0.0,0.0,0.0,0.0,0.0,0.0,0.0,0.0,0.0,-920.0,-26685500.0,0.0,0.0
378850,화승알앤에이,유가,자동차 신품 부품 제조업,자동차용 고무제품,2760.0,11320.0,31160255.0,0.7300000190734863,131590.0,0.41999998688697815,1563.0,4322885.0,-1267.0,-3508775.0,-11.0,-30360.0,-11.0,-30360.0,0.0,0.0,0.0,0.0,0.0,0.0,0.0,0.0,0.0,0.0,-309.0,-849750.0,24.0,66000.0
241590,화승엔터프라이즈,유가,신발 및 신발 부분품 제조업,기타/미분류,3230.0,39521.0,127201095.0,-0.9200000166893005,5377210.0,4.230000019073486,21611.0,69398245.0,-19963.0,-64139201.0,-1619.0,-5161679.0,-79.0,-255185.0,-1415.0,-4523769.0,-125.0,-382725.0,0.0,0.0,0.0,0.0,0.0,0.0,-35.0,-116850.0,6.0,19485.0
006060,화승인더스트리,유가,상품 종합 도매업,"포장용 합성수지 제조/신발,필름 판매/부동산 임대",2510.0,45258.0,113374951.0,-0.5899999737739563,1692715.0,1.4900000095367432,18667.0,46681625.0,-18565.0,-46430860.0,-344.0,-857460.0,-340.0,-847440.0,0.0,0.0,-4.0,-10020.0,0.0,0.0,0.0,0.0,0.0,0.0,242.0,606695.0,0.0,0.0
013520,화승코퍼레이션,유가,자동차 신품 부품 제조업,"산업용 고무제품(호스시트,벨트,펜더 등) 제조, 판매",2710.0,245758.0,659793110.0,4.630000114440918,498015.0,0.07999999821186066,-80839.0,-215728780.0,80008.0,213475395.0,1157.0,3130325.0,1160.0,3138440.0,0.0,0.0,-3.0,-8115.0,0.0,0.0,0.0,0.0,0.0,0.0,-326.0,-876940.0,0.0,0.0
010690,화신,유가,자동차 신품 부품 제조업,"자동차엔진부품(ARM류,C/MBR류),자동차부품 제조",8190.0,338743.0,2762017205.0,5.269999980926514,73065950.0,2.6500000953674316,-23410.0,-189261650.0,18092.0,145804740.0,4112.0,33572370.0,-62.0,-519310.0,2037.0,16622955.0,1130.0,9221755.0,0.0,0.0,0.0,0.0,1007.0,8246970.0,84.0,692440.0,1122.0,9192100.0
133820,화인베스틸,유가,1차 철강 제조업,"조선용 형강(부등변 부등후 앵글, 부등호 앵글, 등변앵글 평철 등)",961.0,54700.0,52927942.0,-0.6200000047683716,247803.0,0.4699999988079071,-7244.0,-7053048.0,7346.0,7152438.0,-26.0,-24986.0,-26.0,-24986.0,0.0,0.0,0.0,0.0,0.0,0.0,0.0,0.0,0.0,0.0,0.0,0.0,-76.0,-74404.0
010660,화천기계,유가,특수 목적용 기계 제조업,"선반,밀링,연삭기,CNC선반,CNC밀링,머시닝센타 제조,판매/자동차부품(실린더블럭) 제조",2765.0,138638.0,384194545.0,0.550000011920929,110900.0,0.029999999329447746,-30457.0,-84288465.0,30285.0,83837025.0,-28.0,-106560.0,-28.0,-106560.0,0.0,0.0,0.0,0.0,0.0,0.0,0.0,0.0,0.0,0.0,0.0,0.0,200.0,558000.0
000850,화천기공,유가,특수 목적용 기계 제조업,"CNC선반,CNC밀링,연마기(금속공작기계),MC공작기계,COPY밀링기계,주방품 제조,도매",33350.0,8361.0,277239550.0,1.9900000095367432,19713000.0,7.110000133514404,-1790.0,-59271150.0,2107.0,69745400.0,-317.0,-10474250.0,-317.0,-10474250.0,0.0,0.0,0.0,0.0,0.0,0.0,0.0,0.0,0.0,0.0,0.0,0.0,0.0,0.0
000850,화천기공,유가,특수 목적용 기계 제조업,"CNC선반,CNC밀링,연마기(금속공작기계),MC공작기계,COPY밀링기계,주방품 제조,도매",33350.0,8361.0,277239550.0,1.9900000095367432,19713000.0,7.110000133514404,-1790.0,-59271150.0,2107.0,69745400.0,-317.0,-10474250.0,-317.0,-10474250.0,0.0,0.0,0.0,0.0,0.0,0.0,0.0,0.0,0.0,0.0,0.0,0.0,0.0,0.0
016580,환인제약,유가,의약품 제조업,"의약품(신경정신질환치료제,소화기관용약제,연고) 제조,도매",10070.0,29625.0,297023810.0,0.5,11213570.0,3.7799999713897705,-2534.0,-25514830.0,3498.0,35056850.0,-939.0,-9289270.0,-575.0,-5654600.0,-258.0,-2576240.0,-106.0,-1058430.0,0.0,0.0,0.0,0.0,0.0,0.0,-25.0,-252750.0,0.0,0.0
032560,황금에스티,유가,1차 비철금속 제조업,"스테인레스 냉연, 열연",5340.0,7868.0,42092045.0,0.3799999952316284,2439890.0,5.800000190734863,-1171.0,-6252235.0,1639.0,8752965.0,-468.0,-2500730.0,-468.0,-2500730.0,0.0,0.0,0.0,0.0,0.0,0.0,0.0,0.0,0.0,0.0,0.0,0.0,0.0,0.0
004800,효성,유가,기타 금융업,"스판덱스,합성원사,나일론,폴리에스터,타이어코드지,PET병,수지제품,중전기제품(변압기,차단기),사무용기계,컴퓨터 제조/건축공사",161800.0,32133.0,5170352600.0,9.100000381469727,892861700.0,14.569999694824219,-6525.0,-1049355250.0,-1631.0,-265086600.0,8336.0,1343573450.0,-25.0,-4010100.0,-9.0,-1482900.0,1694.0,269796400.0,51.0,8316100.0,5923.0,959688050.0,499.0,78293600.0,-4.0,-627900.0,-176.0,-28503700.0
094280,효성 ITX,유가,기타 사업지원 서비스업,"컨택센터서비스, Cloud솔루션, CDN, 프로젝터판매",12130.0,5608.0,67985500.0,0.25,5067040.0,7.449999809265137,719.0,8689620.0,-336.0,-4048510.0,-283.0,-3429010.0,-16.0,-194060.0,-162.0,-1962890.0,-105.0,-1272060.0,0.0,0.0,0.0,0.0,0.0,0.0,0.0,0.0,-100.0,-1212100.0
298040,효성중공업,유가,"전동기, 발전기 및 전기 변환 · 공급 · 제어 장치 제조업",-,2985000.0,60133.0,177055736000.0,12.430000305175781,8748024500.0,3.5,-7220.0,-21430690500.0,-7.0,200855000.0,7668.0,22515164000.0,3062.0,8965841000.0,457.0,1347076000.0,1840.0,5405790500.0,4.0,11940000.0,2044.0,6020896500.0,250.0,731272500.0,-370.0,-1074780500.0,-71.0,-210548000.0
298020,효성티앤씨,유가,화학섬유 제조업,"섬유, 산업자재, 화학, 중공업, 건설, 무역,금융 등",330000.0,20221.0,6716608750.0,2.9600000381469727,568076500.0,5.920000076293945,-3533.0,-1179717250.0,5681.0,1889604750.0,-1871.0,-618239250.0,136.0,46626000.0,-1757.0,-580835750.0,175.0,58258500.0,0.0,0.0,27.0,8303000.0,-452.0,-150591000.0,-274.0,-90641500.0,-3.0,-1006750.0
298000,효성화학,유가,기초 화학물질 제조업,-,65600.0,97348.0,6157627900.0,2.9800000190734863,444351100.0,7.21999979019165,10257.0,651478950.0,-9613.0,-610308150.0,-1023.0,-64714500.0,4.0,200600.0,0.0,0.0,-1027.0,-64915100.0,0.0,0.0,0.0,0.0,0.0,0.0,5.0,311300.0,374.0,23232400.0
093370,후성,유가,기초 화학물질 제조업,"불소화물 제조,도매",10230.0,2789673.0,28216818120.0,5.460000038146973,483819120.0,1.7100000381469727,-228350.0,-2335702295.0,156523.0,1598012450.0,66896.0,687808940.0,-13215.0,-133709045.0,1756.0,17806070.0,11165.0,113516725.0,0.0,0.0,361.0,3547505.0,66829.0,686647685.0,-533.0,-5438520.0,5464.0,55319425.0
005870,휴니드테크놀러지스,유가,통신 및 방송 장비 제조업,"무선통신기기,군납용무전기,위성방송수신기 제조",4360.0,52574.0,230695389.0,1.6299999952316284,87855.0,0.03999999910593033,-1946.0,-8610725.0,1947.0,8615110.0,1.0,4400.0,1.0,4400.0,0.0,0.0,0.0,0.0,0.0,0.0,0.0,0.0,0.0,0.0,0.0,0.0,-2.0,-8785.0
079980,휴비스,유가,화학섬유 제조업,"합성섬유(폴리에스테르원사,원면),재생섬유,폴리에스텔 원사,원면,고상칩 제조,도소매",1988.0,112993.0,224045643.0,-0.44999998807907104,3399250.0,1.5199999809265137,42426.0,83713900.0,-41531.0,-81880100.0,-1395.0,-2836300.0,-1395.0,-2836300.0,0.0,0.0,0.0,0.0,0.0,0.0,0.0,0.0,0.0,0.0,500.0,1002500.0,0.0,0.0
005010,휴스틸,유가,1차 철강 제조업,"강관(배관용,구조용,유정용) 제조,도매",3610.0,238987.0,865450060.0,1.399999976158142,75367410.0,8.710000038146973,49112.0,177996620.0,-48092.0,-174252690.0,-1020.0,-3743930.0,-4597.0,-16673170.0,2204.0,7965645.0,1373.0,4963595.0,0.0,0.0,0.0,0.0,0.0,0.0,0.0,0.0,0.0,0.0
000540,흥국화재,유가,보험업,손해보험,3195.0,31816.0,101859373.0,-0.4699999988079071,617300.0,0.6100000143051147,-12152.0,-38853525.0,12269.0,39240915.0,-89.0,-296670.0,-89.0,-296670.0,0.0,0.0,0.0,0.0,0.0,0.0,0.0,0.0,0.0,0.0,0.0,0.0,-28.0,-90720.0
000545,흥국화재우,KOSPI,기타/미분류,기타/미분류,5040.0,1203.0,6055780.0,-1.3700000047683716,0.0,0.0,0.0,0.0,0.0,0.0,0.0,0.0,0.0,0.0,0.0,0.0,0.0,0.0,0.0,0.0,0.0,0.0,0.0,0.0,0.0,0.0,0.0,0.0
003280,흥아해운,유가,해상 운송업,외항화물운송업(케미컬탱커),1684.0,4165020.0,6986740940.0,1.8799999952316284,77037659.0,1.100000023841858,-9652.0,-17464927.0,12739.0,22722964.0,368.0,614447.0,-75.0,-126035.0,27.0,45139.0,416.0,695343.0,0.0,0.0,0.0,0.0,0.0,0.0,-400.0,-671200.0,-3055.0,-5201284.0
060310,3S,코스닥,"측정, 시험, 항해, 제어 및 기타 정밀기기 제조업; 광학기기 제외",반도체 웨이퍼 캐리어,1152.0,161843.0,183920135.0,9.300000190734863,3602741.0,1.9600000381469727,-46294.0,-52507260.0,46511.0,52752965.0,0.0,0.0,0.0,0.0,0.0,0.0,0.0,0.0,0.0,0.0,0.0,0.0,0.0,0.0,0.0,0.0,-217.0,-245705.0
054620,APS,코스닥,기타 금융업,인터넷 트래픽 솔루션,4300.0,29005.0,124319480.0,2.630000114440918,680100.0,0.550000011920929,-5218.0,-22163170.0,6418.0,27287750.0,0.0,0.0,0.0,0.0,0.0,0.0,0.0,0.0,0.0,0.0,0.0,0.0,0.0,0.0,-1200.0,-5124580.0,0.0,0.0
079810,APS이노베이션,코스닥,기타 전기장비 제조업,FPD공정검사장비,3230.0,148966.0,481523459.0,3.190000057220459,2871305.0,0.6000000238418579,-18171.0,-58158040.0,13773.0,44009155.0,2595.0,8205360.0,2595.0,8205360.0,0.0,0.0,0.0,0.0,0.0,0.0,0.0,0.0,0.0,0.0,2104.0,6915770.0,-301.0,-972245.0
265520,AP시스템,코스닥,특수 목적용 기계 제조업,디스플레이 제조 장비,20450.0,34877.0,710743200.0,4.440000057220459,86228650.0,7.039999961853027,-5409.0,-110085000.0,5498.0,111913025.0,355.0,7197425.0,105.0,2095500.0,250.0,5101925.0,0.0,0.0,0.0,0.0,0.0,0.0,0.0,0.0,-120.0,-2432050.0,-324.0,-6593400.0
211270,AP위성,코스닥,통신 및 방송 장비 제조업,위성통신 단말기,8090.0,83228.0,665420745.0,6.449999809265137,7794570.0,1.1699999570846558,-1556.0,-11784700.0,1016.0,7473130.0,530.0,4239210.0,531.0,4247320.0,0.0,0.0,0.0,0.0,0.0,0.0,0.0,0.0,0.0,0.0,0.0,0.0,10.0,72360.0
126600,BGF에코머티리얼즈,코스닥,합성고무 및 플라스틱 물질 제조업,엔지니어링 플라스틱 칩,2900.0,29039.0,84139385.0,0.8700000047683716,1707855.0,2.0299999713897705,17824.0,51653548.0,-17824.0,-51653548.0,0.0,0.0,0.0,0.0,0.0,0.0,0.0,0.0,0.0,0.0,0.0,0.0,0.0,0.0,0.0,0.0,0.0,0.0
083790,CG인바이츠,코스닥,자연과학 및 공학 연구개발업,아셀렉스,895.0,78395.0,69088967.0,4.070000171661377,869.0,0.0,17937.0,15761269.0,-18137.0,-15937269.0,0.0,0.0,0.0,0.0,0.0,0.0,0.0,0.0,0.0,0.0,0.0,0.0,0.0,0.0,0.0,0.0,200.0,176000.0
035760,CJ ENM,코스닥,텔레비전 방송업,"의류, 생활주방, 가전제품, 보석, 기타",32150.0,124755.0,4063876800.0,-5.159999847412109,710316825.0,13.619999885559082,83860.0,2729645650.0,-56166.0,-1828199950.0,-27975.0,-910560100.0,-20929.0,-681688300.0,0.0,0.0,-40.0,-1308950.0,0.0,0.0,0.0,0.0,-7006.0,-227565100.0,0.0,2250.0,281.0,9112150.0
311690,CJ 바이오사이언스,코스닥,자연과학 및 공학 연구개발업,"생명정보 플랫폼, 마이크로바이옴 분석 서비스",3700.0,8971.0,32516165.0,2.7799999713897705,0.0,0.0,-3134.0,-11392715.0,2634.0,9592715.0,0.0,0.0,0.0,0.0,0.0,0.0,0.0,0.0,0.0,0.0,0.0,0.0,0.0,0.0,0.0,0.0,500.0,1800000.0
051500,CJ프레시웨이,코스닥,음·식료품 및 담배 도매업,"식자재유통, 단체급식",23250.0,4497.0,104055900.0,0.4300000071525574,7456700.0,4.659999847412109,1671.0,38623075.0,-1635.0,-37800750.0,121.0,2800250.0,27.0,607400.0,98.0,2285450.0,-2.0,-46300.0,0.0,0.0,-2.0,-46300.0,0.0,0.0,-166.0,-3831225.0,9.0,208650.0
058820,CMG제약,코스닥,의약품 제조업,의약품,739.0,451164.0,339110095.0,-0.9399999976158142,13583973.0,4.010000228881836,51293.0,38042945.0,-47400.0,-35203405.0,-9472.0,-6869105.0,-9472.0,-6869105.0,0.0,0.0,0.0,0.0,0.0,0.0,0.0,0.0,0.0,0.0,5008.0,3622994.0,571.0,406571.0
056730,CNT85,코스닥,건물 건설업,산업설비 제조외,1402.0,26398.0,36513154.0,-1.409999966621399,68226.0,0.1899999976158142,-1227.0,-1711326.0,1227.0,1711326.0,0.0,0.0,0.0,0.0,0.0,0.0,0.0,0.0,0.0,0.0,0.0,0.0,0.0,0.0,0.0,0.0,0.0,0.0
065770,CS,코스닥,통신 및 방송 장비 제조업,"이동통신중계기, 위성방송(DMB)중계기(Gap-Filler)",1664.0,4641751.0,8664300297.0,8.6899995803833,6198072.0,0.07000000029802322,96475.0,170869095.0,-97688.0,-175438112.0,0.0,-36072.0,0.0,-36072.0,0.0,0.0,0.0,0.0,0.0,0.0,0.0,0.0,0.0,0.0,200.0,2058427.0,1013.0,2546662.0
083660,CSA 코스믹,코스닥,기타 화학제품 제조업,화장품 제조 및 판매,3110.0,55575.0,176196532.0,2.130000114440918,0.0,0.0,-12279.0,-38616568.0,12084.0,37944803.0,243.0,832655.0,243.0,832655.0,0.0,0.0,0.0,0.0,0.0,0.0,0.0,0.0,0.0,0.0,0.0,0.0,-48.0,-160890.0
477760,디비금융스팩12호,코스닥,기타 금융업,기업인수 및 합병,2055.0,1333.0,2727535.0,0.23999999463558197,0.0,0.0,1056.0,2160590.0,0.0,0.0,-1056.0,-2160590.0,0.0,0.0,0.0,0.0,0.0,0.0,0.0,0.0,0.0,0.0,-1056.0,-2160590.0,0.0,0.0,0.0,0.0
099520,DGI,코스닥,영상 및 음향기기 제조업,"DVR,유선통신기기 제조,무역/소프트웨어 자문,연구개발,기술용역",1284.0,0.0,0.0,0.0,0.0,0.0,0.0,0.0,0.0,0.0,0.0,0.0,0.0,0.0,0.0,0.0,0.0,0.0,0.0,0.0,0.0,0.0,0.0,0.0,0.0,0.0,0.0,0.0
290120,DH오토리드,코스닥,자동차 신품 부품 제조업,자동차 스티어링휠,2345.0,7226.0,16699030.0,0.8600000143051147,18560.0,0.10999999940395355,-2832.0,-6483220.0,2832.0,6483220.0,0.0,0.0,0.0,0.0,0.0,0.0,0.0,0.0,0.0,0.0,0.0,0.0,0.0,0.0,0.0,0.0,0.0,0.0
025440,DH오토웨어,코스닥,영상 및 음향기기 제조업,"카 인포테인먼트용 영상·음향기기, 차체 자동화설비 및 조립용 지그 제조",3455.0,5949.0,20391400.0,-0.8600000143051147,1080790.0,5.300000190734863,548.0,1899955.0,-551.0,-1910230.0,0.0,0.0,0.0,0.0,0.0,0.0,0.0,0.0,0.0,0.0,0.0,0.0,0.0,0.0,0.0,0.0,3.0,10275.0
025440,DH오토웨어,코스닥,영상 및 음향기기 제조업,"카 인포테인먼트용 영상·음향기기, 차체 자동화설비 및 조립용 지그 제조",3455.0,5949.0,20391400.0,-0.8600000143051147,1080790.0,5.300000190734863,548.0,1899955.0,-551.0,-1910230.0,0.0,0.0,0.0,0.0,0.0,0.0,0.0,0.0,0.0,0.0,0.0,0.0,0.0,0.0,0.0,0.0,3.0,10275.0
068790,DMS,코스닥,특수 목적용 기계 제조업,LCD 제조장비,8120.0,137799.0,1109294260.0,0.25,33935980.0,3.059999942779541,-55635.0,-450521100.0,6559.0,53959310.0,0.0,0.0,0.0,0.0,0.0,0.0,0.0,0.0,0.0,0.0,0.0,0.0,0.0,0.0,49071.0,396521820.0,5.0,39970.0
241520,DSC인베스트먼트,코스닥,신탁업 및 집합투자업,투자조합 결성 및 투자,8250.0,228569.0,1876324030.0,3.25,20441010.0,1.090000033378601,620.0,11242945.0,-566.0,-10789755.0,0.0,0.0,0.0,0.0,0.0,0.0,0.0,0.0,0.0,0.0,0.0,0.0,0.0,0.0,0.0,-4370.0,-54.0,-448820.0
180400,DXVX,코스닥,기타 과학기술 서비스업,BAC DNA CHIP,2550.0,66923.0,174023195.0,0.0,16109900.0,9.260000228881836,-1367.0,-3259110.0,1367.0,3259110.0,0.0,0.0,0.0,0.0,0.0,0.0,0.0,0.0,0.0,0.0,0.0,0.0,0.0,0.0,0.0,0.0,0.0,0.0
418620,E8,코스닥,소프트웨어 개발 및 공급업,"CFD 시뮬레이션 소프트웨어, 디지털트윈 플랫폼",725.0,1901385.0,1434229366.0,13.100000381469727,373189.0,0.029999999329447746,1092.0,7649151.0,-5102.0,-10059435.0,0.0,0.0,0.0,0.0,0.0,0.0,0.0,0.0,0.0,0.0,0.0,0.0,0.0,0.0,2909.0,2146020.0,1101.0,264264.0
245620,EDGC,코스닥,자연과학 및 공학 연구개발업,유전체 분석 진단 서비스,741.0,0.0,0.0,0.0,0.0,0.0,0.0,0.0,0.0,0.0,0.0,0.0,0.0,0.0,0.0,0.0,0.0,0.0,0.0,0.0,0.0,0.0,0.0,0.0,0.0,0.0,0.0,0.0
037370,EG,코스닥,기초 화학물질 제조업,"산화철, 대기수처리방지시설, 무역",3085.0,19918.0,61974948.0,1.149999976158142,115010.0,0.1899999976158142,-285.0,-868089.0,285.0,868089.0,0.0,0.0,0.0,0.0,0.0,0.0,0.0,0.0,0.0,0.0,0.0,0.0,0.0,0.0,0.0,0.0,0.0,0.0
037370,EG,코스닥,기초 화학물질 제조업,"산화철, 대기수처리방지시설, 무역",3085.0,19918.0,61974948.0,1.149999976158142,115010.0,0.1899999976158142,-285.0,-868089.0,285.0,868089.0,0.0,0.0,0.0,0.0,0.0,0.0,0.0,0.0,0.0,0.0,0.0,0.0,0.0,0.0,0.0,0.0,0.0,0.0
050120,ES큐브,코스닥,생활용품 도매업,"텐트, 원 ·부자재",3000.0,22231.0,66303200.0,1.8700000047683716,14775.0,0.019999999552965164,-1766.0,-5273235.0,1766.0,5273235.0,0.0,0.0,0.0,0.0,0.0,0.0,0.0,0.0,0.0,0.0,0.0,0.0,0.0,0.0,0.0,0.0,0.0,0.0
214270,FSN,코스닥,소프트웨어 개발 및 공급업,카울리,1380.0,59529.0,81618491.0,0.0,4065543.0,4.980000019073486,22744.0,31206002.0,-18073.0,-24745809.0,0.0,0.0,0.0,0.0,0.0,0.0,0.0,0.0,0.0,0.0,0.0,0.0,0.0,0.0,-4681.0,-6473823.0,10.0,13630.0
032620,GC메디아이,코스닥,소프트웨어 개발 및 공급업,"의사랑,유팜,미소몰",2985.0,57482.0,171895135.0,0.17000000178813934,2142435.0,1.25,14204.0,42299150.0,-14171.0,-42186200.0,-33.0,-112950.0,-33.0,-112950.0,0.0,0.0,0.0,0.0,0.0,0.0,0.0,0.0,0.0,0.0,0.0,0.0,0.0,0.0
130500,GH신소재,코스닥,기타 섬유제품 제조업,"자동차용 부직포, 폴리우레탄 폼",1858.0,6274.0,11567547.0,0.9800000190734863,5514.0,0.05000000074505806,-535.0,-963539.0,535.0,963539.0,0.0,0.0,0.0,0.0,0.0,0.0,0.0,0.0,0.0,0.0,0.0,0.0,0.0,0.0,0.0,0.0,0.0,0.0
019570,GMI벤처,코스닥,신탁업 및 집합투자업,금융투자,2515.0,34439.0,84066104.0,6.340000152587891,0.0,0.0,4162.0,10012169.0,-3362.0,-8082654.0,-1.0,-2380.0,-1.0,-2380.0,0.0,0.0,0.0,0.0,0.0,0.0,0.0,0.0,0.0,0.0,0.0,0.0,-799.0,-1927135.0
900290,GRT,코스닥,기타 금융업,"광학필름, 포장필름",3810.0,584025.0,2237365061.0,2.009999990463257,46727435.0,2.0899999141693115,29097.0,112619271.0,-28726.0,-111164991.0,0.0,0.0,0.0,0.0,0.0,0.0,0.0,0.0,0.0,0.0,0.0,0.0,0.0,0.0,-23.0,-87280.0,-348.0,-1367000.0
083450,GST,코스닥,특수 목적용 기계 제조업,"GasScrubber,Chiller",47600.0,120619.0,5737648400.0,4.389999866485596,304255925.0,3.359999895095825,-9284.0,-451141375.0,11654.0,558442725.0,-2720.0,-123772000.0,3574.0,171190200.0,0.0,0.0,2453.0,116552500.0,0.0,0.0,-10842.0,-511442400.0,2096.0,99975000.0,395.0,18604000.0,-45.0,-2133350.0
297890,HB솔루션,코스닥,특수 목적용 기계 제조업,"디스플레이 제조용 장비(도포기, 조립기, 검사기)",1831.0,344747.0,625857350.0,2.9800000190734863,30433441.0,4.860000133514404,-44677.0,-81071405.0,58503.0,105536768.0,-23967.0,-42970145.0,-23967.0,-42970145.0,0.0,0.0,0.0,0.0,0.0,0.0,0.0,0.0,0.0,0.0,0.0,0.0,10141.0,18504782.0
440290,HB인베스트먼트,코스닥,기타 금융업,벤처투자조합 등 조합 결성 및 운영,1684.0,19331.0,32323027.0,2.25,1307673.0,4.050000190734863,-5799.0,-9696044.0,5999.0,9990818.0,-200.0,-294774.0,-200.0,-294774.0,0.0,0.0,0.0,0.0,0.0,0.0,0.0,0.0,0.0,0.0,0.0,0.0,0.0,0.0
078150,HB테크놀러지,코스닥,특수 목적용 기계 제조업,TFT-LCD검사장비,2035.0,837084.0,1690765018.0,4.949999809265137,36167794.0,2.140000104904175,-12532.0,-25929223.0,13295.0,27448908.0,-4.0,-8140.0,-4.0,-8140.0,0.0,0.0,0.0,0.0,0.0,0.0,0.0,0.0,0.0,0.0,-860.0,-1733550.0,101.0,222005.0
225530,HC보광산업,코스닥,기타 비금속 광물제품 제조업,"콘크리트용 부순골재, 아스콘, 레미콘",1944.0,14212.0,27358065.0,0.7300000190734863,1521597.0,5.559999942779541,-2976.0,-5752071.0,2778.0,5369566.0,0.0,1740.0,0.0,1740.0,0.0,0.0,0.0,0.0,0.0,0.0,0.0,0.0,0.0,0.0,205.0,394345.0,-7.0,-13580.0
060560,HC홈센타,코스닥,기타 전문 도매업,"건축자재,레미콘",1824.0,1864.0,3379389.0,1.6699999570846558,5500.0,0.1599999964237213,-1049.0,-1892941.0,1049.0,1892941.0,0.0,0.0,0.0,0.0,0.0,0.0,0.0,0.0,0.0,0.0,0.0,0.0,0.0,0.0,0.0,0.0,0.0,0.0
376270,HEM파마,코스닥,자연과학 및 공학 연구개발업,"맞춤형 헬스케어, LBP 디스커버리 플랫폼",44500.0,8824.0,387473350.0,1.4800000190734863,44500.0,0.009999999776482582,1721.0,74625350.0,1600.0,70488000.0,-3202.0,-139825700.0,-1.0,-44500.0,0.0,0.0,-201.0,-8709100.0,0.0,0.0,0.0,0.0,-3000.0,-131072100.0,-122.0,-5416800.0,3.0,129150.0
195940,HK이노엔,코스닥,의약품 제조업,"전문의약품, 숙취해소음료",40500.0,179911.0,7238546975.0,4.110000133514404,508255875.0,5.570000171661377,-34005.0,-1375432300.0,-8626.0,-359850700.0,44193.0,1798675600.0,-19537.0,-787092000.0,738.0,29943200.0,15280.0,619803200.0,0.0,0.0,35322.0,1434570550.0,12391.0,501491100.0,-1246.0,-50464650.0,-316.0,-12927950.0
028300,HLB,코스닥,의료용품 및 기타 의약 관련제품 제조업,"의료기기, 의약외품 등",34900.0,1033308.0,36474367525.0,1.600000023841858,3785669900.0,6.730000019073486,48542.0,1665438350.0,83509.0,2984054175.0,-136635.0,-4809197400.0,-129481.0,-4556723625.0,-37.0,-1290400.0,140.0,4983675.0,0.0,0.0,3175.0,112970050.0,-10432.0,-369137100.0,4661.0,162501600.0,-77.0,-2796725.0
278650,HLB바이오스텝,코스닥,자연과학 및 공학 연구개발업,비임상실험 유효성(약리)평가,1981.0,66163.0,134604046.0,0.05000000074505806,12060.0,0.009999999776482582,2432.0,5000879.0,-3077.0,-6290879.0,0.0,0.0,0.0,0.0,0.0,0.0,0.0,0.0,0.0,0.0,0.0,0.0,0.0,0.0,0.0,0.0,645.0,1290000.0
067630,HLB생명과학,코스닥,의료용품 및 기타 의약 관련제품 제조업,"ESCO 사업, 신재생에너지 사업",2290.0,386704.0,874693678.0,5.53000020980835,49336055.0,5.639999866485596,-41452.0,-93443873.0,41416.0,93362468.0,9.0,20110.0,9.0,20110.0,0.0,0.0,0.0,0.0,0.0,0.0,0.0,0.0,0.0,0.0,2.0,4590.0,25.0,56705.0
024850,HLB이노베이션,코스닥,전자부품 제조업,리드프레임,10900.0,155930.0,1634056465.0,11.569999694824219,217969755.0,13.34000015258789,-3116.0,-32603935.0,598.0,6155365.0,-383.0,-3702930.0,-383.0,-3702930.0,0.0,0.0,0.0,0.0,0.0,0.0,0.0,0.0,0.0,0.0,0.0,0.0,2901.0,30151500.0
187420,HLB제넥스,코스닥,기초 의약물질 제조업,산업용 효소,1607.0,122695.0,199673748.0,0.4399999976158142,1406570.0,0.699999988079071,-5321.0,-8646481.0,-266.0,-847679.0,5587.0,9494160.0,5587.0,9494160.0,0.0,0.0,0.0,0.0,0.0,0.0,0.0,0.0,0.0,0.0,0.0,0.0,0.0,0.0
047920,HLB제약,코스닥,자연과학 및 공학 연구개발업,"씨트리시메티딘정, 로자틴정",8380.0,183585.0,1541984345.0,1.7000000476837158,5070000.0,0.17000000178813934,-19863.0,-169018340.0,24200.0,205506565.0,15.0,123665.0,40.0,334180.0,-25.0,-210515.0,0.0,0.0,0.0,0.0,0.0,0.0,0.0,0.0,-1093.0,-9229500.0,-3259.0,-27382390.0
115450,HLB테라퓨틱스,코스닥,기타 전문 도매업,"임베디드 GUI 미들웨어 FXUI-2D, FXUI-3D",1967.0,345390.0,679186807.0,3.359999895095825,37023181.0,5.449999809265137,-11465.0,-22494371.0,11437.0,22229014.0,230.0,648065.0,230.0,648065.0,0.0,0.0,0.0,0.0,0.0,0.0,0.0,0.0,0.0,0.0,1.0,1942.0,-203.0,-384650.0
046210,HLB파나진,코스닥,의료용품 및 기타 의약 관련제품 제조업,의료용품및 기타 의약관련 제품 제조업,1125.0,129852.0,146182385.0,1.899999976158142,2188486.0,1.5,-22967.0,-25826737.0,22958.0,25816612.0,0.0,0.0,0.0,0.0,0.0,0.0,0.0,0.0,0.0,0.0,0.0,0.0,0.0,0.0,0.0,0.0,9.0,10125.0
196300,HLB펩,코스닥,기초 의약물질 제조업,펩타이드 바이오소재 및 아미노산 펩타이드 신약,4300.0,5997.0,25570820.0,1.2999999523162842,120000.0,0.4699999988079071,1791.0,7685985.0,-1791.0,-7685985.0,0.0,0.0,0.0,0.0,0.0,0.0,0.0,0.0,0.0,0.0,0.0,0.0,0.0,0.0,0.0,0.0,0.0,0.0
196300,HLB펩,코스닥,기초 의약물질 제조업,펩타이드 바이오소재 및 아미노산 펩타이드 신약,4300.0,5997.0,25570820.0,1.2999999523162842,120000.0,0.4699999988079071,1791.0,7685985.0,-1791.0,-7685985.0,0.0,0.0,0.0,0.0,0.0,0.0,0.0,0.0,0.0,0.0,0.0,0.0,0.0,0.0,0.0,0.0,0.0,0.0
403870,HPSP,코스닥,특수 목적용 기계 제조업,고압 수소 어닐링 장비,36600.0,2521025.0,92058854450.0,3.390000104904175,6639472625.0,7.210000038146973,243076.0,8667783775.0,-200957.0,-7152774875.0,-53950.0,-1944306775.0,-28286.0,-1023639425.0,194.0,7111600.0,27696.0,1021149950.0,0.0,0.0,-57275.0,-2085750475.0,3721.0,136822225.0,10512.0,381566250.0,1319.0,47731625.0
036640,HRS,코스닥,합성고무 및 플라스틱 물질 제조업,실리콘 컴파운드제품 제조,4840.0,43651.0,211750255.0,0.0,293250.0,0.14000000059604645,297.0,1535925.0,-2447.0,-11891900.0,2330.0,11230275.0,2330.0,11230275.0,0.0,0.0,0.0,0.0,0.0,0.0,0.0,0.0,0.0,0.0,-180.0,-874300.0,0.0,0.0
469480,IBKS제24호스팩,코스닥,금융 지원 서비스업,금융 지원 서비스업,2130.0,0.0,0.0,0.0,0.0,0.0,0.0,0.0,0.0,0.0,0.0,0.0,0.0,0.0,0.0,0.0,0.0,0.0,0.0,0.0,0.0,0.0,0.0,0.0,0.0,0.0,0.0,0.0
0099X0,IBKS제25호스팩,코스닥,금융 지원 서비스업,기업인수 및 합병,2180.0,0.0,0.0,0.0,0.0,0.0,0.0,0.0,0.0,0.0,0.0,0.0,0.0,0.0,0.0,0.0,0.0,0.0,0.0,0.0,0.0,0.0,0.0,0.0,0.0,0.0,0.0,0.0
095340,ISC,코스닥,기계장비 및 관련 물품 도매업,반도체테스트소켓,140200.0,217056.0,30694319800.0,6.619999885559082,6705768250.0,15.680000305175781,50497.0,7086169300.0,-61616.0,-8688905350.0,8810.0,1277350350.0,-22855.0,-3234106750.0,-40.0,-5736400.0,32356.0,4602207450.0,0.0,0.0,-5280.0,-744126600.0,3827.0,545422950.0,1397.0,198344500.0,912.0,127041200.0
950170,JTC,코스닥,종합 소매업,"식품류, 생활용품류, 화장품류 (사후면세업)",4320.0,25481.0,110447200.0,-2.1500000953674316,11601225.0,10.5,16980.0,73579720.0,-16980.0,-73579720.0,0.0,0.0,0.0,0.0,0.0,0.0,0.0,0.0,0.0,0.0,0.0,0.0,0.0,0.0,0.0,0.0,0.0,0.0
067290,JW신약,코스닥,의약품 제조업,"매니큐어세트, 손톱깎이",2005.0,11140849.0,22503587411.0,3.4000000953674316,125870035.0,0.5600000023841858,-131233.0,-244570042.0,138674.0,264642616.0,2322.0,-799520.0,2322.0,-799520.0,0.0,0.0,0.0,0.0,0.0,0.0,0.0,0.0,0.0,0.0,310.0,582670.0,-10073.0,-19855724.0
035900,JYP Ent.,코스닥,오디오물 출판 및 원판 녹음업,오디오물 출판 및 원판 녹음 관련 제품,46100.0,136755.0,6330610525.0,-0.3199999928474426,716799900.0,8.670000076293945,14523.0,667602475.0,5387.0,242304325.0,-26256.0,-1204981450.0,-22656.0,-1040282750.0,-383.0,-17577750.0,-736.0,-33815400.0,0.0,0.0,-4244.0,-194691300.0,1762.0,81339250.0,6346.0,295076200.0,0.0,-1550.0
318000,KBG,코스닥,합성고무 및 플라스틱 물질 제조업,"실리콘 소재(실란 모노머, 실리콘 레진&폴리머, 실리콘 융합소재)",2835.0,7178.0,20513670.0,0.18000000715255737,0.0,0.0,1878.0,5417110.0,-1878.0,-5417110.0,0.0,0.0,0.0,0.0,0.0,0.0,0.0,0.0,0.0,0.0,0.0,0.0,0.0,0.0,0.0,0.0,0.0,0.0
024840,KBI메탈,코스닥,1차 비철금속 제조업,"동ROD, 모터코어",4985.0,11067275.0,51561605266.0,29.989999771118164,181499047.0,0.3499999940395355,-196064.0,-997580330.0,126731.0,653789282.0,40489.0,194933917.0,27517.0,130792287.0,0.0,0.0,0.0,0.0,0.0,0.0,0.0,0.0,12972.0,64141630.0,24402.0,124700760.0,4442.0,24156371.0
024120,KB오토시스,코스닥,자동차 신품 부품 제조업,브레이크패드,3035.0,12545.0,38118102.0,-0.49000000953674316,69915.0,0.18000000715255737,2436.0,7380035.0,-1874.0,-5672545.0,-562.0,-1707490.0,-562.0,-1707490.0,0.0,0.0,0.0,0.0,0.0,0.0,0.0,0.0,0.0,0.0,0.0,0.0,0.0,0.0
478390,KB제29호스팩,코스닥,금융 지원 서비스업,기업인수합병,2050.0,30600.0,62475120.0,0.0,0.0,0.0,30000.0,61247862.0,0.0,0.0,-30000.0,-61247862.0,0.0,0.0,0.0,0.0,-30000.0,-61247862.0,0.0,0.0,0.0,0.0,0.0,0.0,0.0,0.0,0.0,0.0
486630,KB제30호스팩,코스닥,금융 지원 서비스업,기업인수합병,2025.0,20119.0,40488585.0,-0.25,0.0,0.0,20000.0,40248505.0,0.0,0.0,-20000.0,-40248505.0,0.0,0.0,0.0,0.0,-18000.0,-36227675.0,0.0,0.0,0.0,0.0,-2000.0,-4020830.0,0.0,0.0,0.0,0.0
492220,KB제31호스팩,코스닥,금융 지원 서비스업,기업인수합병,2005.0,5882.0,11748540.0,-0.25,0.0,0.0,2497.0,4978061.0,0.0,0.0,-2497.0,-4978061.0,3.0,6030.0,0.0,0.0,0.0,0.0,0.0,0.0,0.0,0.0,-2500.0,-4984091.0,0.0,0.0,0.0,0.0
0037T0,KB제32호스팩,코스닥,금융 지원 서비스업,기업인수합병,1997.0,3538.0,7053782.0,0.15000000596046448,0.0,0.0,3306.0,6592164.0,0.0,0.0,-3326.0,-6632044.0,0.0,0.0,0.0,0.0,0.0,0.0,0.0,0.0,0.0,0.0,-3326.0,-6632044.0,0.0,0.0,20.0,39880.0
0072Z0,KB제33호스팩,코스닥,금융 지원 서비스업,기업인수합병,1985.0,1747.0,3461279.0,0.25,0.0,0.0,-821.0,-1628043.0,0.0,0.0,801.0,1588383.0,801.0,1588383.0,0.0,0.0,0.0,0.0,0.0,0.0,0.0,0.0,0.0,0.0,0.0,0.0,20.0,39660.0
021320,KCC건설,코스닥,건물 건설업,"토목 건축공사, 분양공사",5580.0,26584.0,148004000.0,2.390000104904175,161740.0,0.10999999940395355,-2070.0,-11354690.0,1082.0,5841610.0,-10.0,-55800.0,-10.0,-55800.0,0.0,0.0,0.0,0.0,0.0,0.0,0.0,0.0,0.0,0.0,1000.0,5580000.0,-2.0,-11120.0
044180,KD,코스닥,건물 건설업,건설사업(완성건물),205.0,0.0,0.0,0.0,0.0,0.0,0.0,0.0,0.0,0.0,0.0,0.0,0.0,0.0,0.0,0.0,0.0,0.0,0.0,0.0,0.0,0.0,0.0,0.0,0.0,0.0,0.0,0.0
151860,KG에코솔루션,코스닥,자동차 차체나 트레일러 제조업,"집단에너지(스팀), 산화동, 폐기물 소각",5580.0,47426.0,263915475.0,1.2699999809265137,10899300.0,4.130000114440918,-6800.0,-38028960.0,6144.0,34391660.0,404.0,2225110.0,409.0,2252910.0,0.0,0.0,-5.0,-27800.0,0.0,0.0,0.0,0.0,0.0,0.0,-41.0,-221960.0,293.0,1634150.0
035600,KG이니시스,코스닥,소프트웨어 개발 및 공급업,전자지불서비스,9920.0,187618.0,1864700850.0,1.3300000429153442,16142330.0,0.5799999833106995,-3031.0,-24870210.0,9041.0,84729890.0,-3320.0,-32956760.0,-3319.0,-32946820.0,0.0,0.0,-1.0,-9940.0,0.0,0.0,0.0,0.0,0.0,0.0,-2720.0,-27200620.0,30.0,297700.0
046440,KG파이낸셜,코스닥,소프트웨어 개발 및 공급업,유무선전화결제서비스,4200.0,1173763.0,5019235563.0,4.480000019073486,33955520.0,0.6800000071525574,143066.0,611536765.0,-128714.0,-551920498.0,-16382.0,-67947127.0,-16987.0,-70472592.0,0.0,0.0,0.0,0.0,0.0,0.0,0.0,0.0,605.0,2525465.0,-64.0,-271720.0,2094.0,8602580.0
060720,KH바텍,코스닥,전자부품 제조업,"휴대폰부품(SHIELD, BRACKET)",10750.0,162536.0,1752028395.0,-1.0099999904632568,152139960.0,8.680000305175781,-34875.0,-376925315.0,32495.0,351462235.0,1506.0,16154440.0,1506.0,16154440.0,0.0,0.0,0.0,0.0,0.0,0.0,0.0,0.0,0.0,0.0,977.0,10422920.0,-103.0,-1114280.0
058400,KNN,코스닥,텔레비전 방송업,방송프로그램 제작 및 송출,4615.0,11838.0,54554158.0,0.5400000214576721,0.0,0.0,2609.0,12037378.0,0.0,0.0,-2609.0,-12037378.0,-2609.0,-12037378.0,0.0,0.0,0.0,0.0,0.0,0.0,0.0,0.0,0.0,0.0,0.0,0.0,0.0,0.0
101000,KS인더스트리,코스닥,특수 목적용 기계 제조업,"선박용 크레인,선박구성부품,선박의장품,철구조물 제조/철판 도매/부동산 임대",311.0,0.0,0.0,0.0,0.0,0.0,0.0,0.0,0.0,0.0,0.0,0.0,0.0,0.0,0.0,0.0,0.0,0.0,0.0,0.0,0.0,0.0,0.0,0.0,0.0,0.0,0.0,0.0
089600,KT나스미디어,코스닥,광고업,광고매체 판매,10260.0,11008.0,113486235.0,-0.5799999833106995,3747120.0,3.299999952316284,2063.0,21293065.0,2008.0,20792235.0,-4055.0,-41919700.0,295.0,2993120.0,41.0,422290.0,-4391.0,-45335110.0,0.0,0.0,0.0,0.0,0.0,0.0,-16.0,-165600.0,0.0,0.0
418470,KT밀리의서재,코스닥,"서적, 잡지 및 기타 인쇄물 출판업",전자책 정기구독 서비스,10330.0,23430.0,242075850.0,0.49000000953674316,11560640.0,4.78000020980835,-1599.0,-16572480.0,1666.0,17284670.0,45.0,464850.0,45.0,464850.0,0.0,0.0,0.0,0.0,0.0,0.0,0.0,0.0,0.0,0.0,-212.0,-2206040.0,100.0,1029000.0
043610,KT지니뮤직,코스닥,영상·오디오물 제공 서비스업,디지털 음악 서비스 및 음원유통,1247.0,145988.0,181373381.0,1.7999999523162842,223125.0,0.11999999731779099,-36172.0,-44813522.0,26172.0,32463522.0,0.0,0.0,0.0,0.0,0.0,0.0,0.0,0.0,0.0,0.0,0.0,0.0,0.0,0.0,0.0,0.0,10000.0,12350000.0
122450,KX,코스닥,텔레비전 방송업,방송채널사업 및 방송송출서비스,2615.0,35421.0,92755340.0,0.3799999952316284,0.0,0.0,-20532.0,-53606100.0,17022.0,44343610.0,3610.0,9527740.0,3610.0,9527740.0,0.0,0.0,0.0,0.0,0.0,0.0,0.0,0.0,0.0,0.0,-100.0,-265250.0,0.0,0.0
052900,KX하이텍,코스닥,플라스틱제품 제조업,TRAY(반도체Packing재료),1125.0,761906.0,844466356.0,6.840000152587891,19690465.0,2.3299999237060547,-71026.0,-77857970.0,69672.0,76447053.0,1354.0,1410917.0,1354.0,1410917.0,0.0,0.0,0.0,0.0,0.0,0.0,0.0,0.0,0.0,0.0,0.0,0.0,0.0,0.0
036560,KZ정밀,코스닥,일반 목적용 기계 제조업,"펌프, 밸브, 주물",11680.0,11142.0,130948910.0,0.7799999713897705,1364470.0,1.0399999618530273,1728.0,20340080.0,-1628.0,-19166420.0,0.0,170.0,0.0,170.0,0.0,0.0,0.0,0.0,0.0,0.0,0.0,0.0,0.0,0.0,0.0,0.0,-100.0,-1173830.0
061970,LB세미콘,코스닥,반도체 제조업,"골드범핑, 솔더범핑 등",4115.0,1216685.0,4963559578.0,10.029999732971191,526504400.0,10.609999656677246,-129185.0,-538301293.0,-12124.0,-59370912.0,145260.0,614154570.0,-119455.0,-476726900.0,0.0,0.0,27855.0,115768410.0,0.0,0.0,0.0,0.0,236860.0,975113060.0,1936.0,7935650.0,-5887.0,-24418015.0
309960,LB인베스트먼트,코스닥,기타 금융업,중소기업 창업투자,4450.0,26942.0,120405525.0,0.6800000071525574,4148420.0,3.450000047683716,1199.0,5412210.0,-1019.0,-4597530.0,0.0,0.0,0.0,0.0,0.0,0.0,0.0,0.0,0.0,0.0,0.0,0.0,0.0,0.0,-180.0,-814680.0,0.0,0.0
073490,LIG아큐버,코스닥,통신 및 방송 장비 제조업,통신용 시험 및 계측장비,32000.0,123906.0,4026448375.0,2.4000000953674316,95775150.0,2.380000114440918,-7706.0,-249179525.0,7585.0,246042825.0,-96.0,-3871500.0,126.0,3410100.0,0.0,0.0,0.0,0.0,0.0,0.0,0.0,0.0,-222.0,-7281600.0,217.0,7008200.0,0.0,0.0
225190,LK삼양,코스닥,사진장비 및 광학기기 제조업,디지털 카메라용 교환렌즈,704.0,7581014.0,5571006416.0,0.14000000059604645,21250971.0,0.3799999952316284,1267991.0,937511148.0,-1295302.0,-956530458.0,-263.0,-189623.0,-263.0,-189623.0,0.0,0.0,0.0,0.0,0.0,0.0,0.0,0.0,0.0,0.0,230.0,-55567.0,27344.0,19264500.0
091970,LSK아이로봇,코스닥,플라스틱제품 제조업,투명전도성관련제품,4365.0,48709.0,213989505.0,-0.3400000035762787,899915.0,0.41999998688697815,-8404.0,-36576205.0,8454.0,36781280.0,0.0,0.0,0.0,0.0,0.0,0.0,0.0,0.0,0.0,0.0,0.0,0.0,0.0,0.0,0.0,0.0,-50.0,-205075.0
060370,LS마린솔루션,코스닥,전기 및 통신 공사업,해저케이블등의 건설 및 유지보수 업무,31400.0,210358.0,6598607300.0,6.619999885559082,337423400.0,3.2100000381469727,-47913.0,-1521144700.0,7997.0,260597275.0,40769.0,1287885125.0,-3065.0,-94658650.0,0.0,0.0,15171.0,478360475.0,0.0,0.0,6587.0,207713300.0,22076.0,696470000.0,-172.0,-5684400.0,-681.0,-21653300.0
417200,LS머트리얼즈,코스닥,전자부품 제조업,울트라커패시터(셀 및 모듈),12000.0,512811.0,6129936145.0,4.440000057220459,506802930.0,8.270000457763672,14673.0,168570280.0,49602.0,594694450.0,-64993.0,-772168460.0,-34850.0,-413359590.0,-6693.0,-79800110.0,7213.0,86482100.0,0.0,0.0,-30464.0,-363118840.0,0.0,0.0,798.0,9841040.0,-80.0,-937310.0
078020,LS증권,코스닥,금융 지원 서비스업,유가증권위탁매매,6450.0,77155.0,493064180.0,3.369999885559082,7020810.0,1.4199999570846558,-19001.0,-120317590.0,17229.0,109072520.0,1772.0,11245070.0,1772.0,11245070.0,0.0,0.0,0.0,0.0,0.0,0.0,0.0,0.0,0.0,0.0,0.0,0.0,0.0,0.0
322180,LS티라유텍,코스닥,소프트웨어 개발 및 공급업,스마트팩토리 솔루션,4260.0,122320.0,525751698.0,2.2799999713897705,37905.0,0.009999999776482582,3315.0,15165007.0,-13391.0,-58360007.0,10076.0,43195000.0,10076.0,43195000.0,0.0,0.0,0.0,0.0,0.0,0.0,0.0,0.0,0.0,0.0,0.0,0.0,0.0,0.0
476080,M83,코스닥,"영화, 비디오물, 방송프로그램 제작 및 배급업",VFX,3785.0,68886.0,263795125.0,-1.1699999570846558,0.0,0.0,1958.0,7567395.0,-1951.0,-7540610.0,0.0,0.0,0.0,0.0,0.0,0.0,0.0,0.0,0.0,0.0,0.0,0.0,0.0,0.0,0.0,0.0,-7.0,-26785.0
086960,MDS테크,코스닥,소프트웨어 개발 및 공급업,"임베디드개발솔루션,임베디드소프트웨어",2030.0,206684.0,416317096.0,3.4700000286102295,519760.0,0.11999999731779099,-32806.0,-65831918.0,32796.0,65811868.0,0.0,0.0,0.0,0.0,0.0,0.0,0.0,0.0,0.0,0.0,0.0,0.0,0.0,0.0,0.0,0.0,10.0,20050.0
160550,NEW,코스닥,"영화, 비디오물, 방송프로그램 제작 및 배급업",영화 투자 및 배급,1046.0,52214.0,53673493.0,2.3499999046325684,49220.0,0.09000000357627869,6804.0,7097877.0,-7055.0,-7351586.0,0.0,0.0,0.0,0.0,0.0,0.0,0.0,0.0,0.0,0.0,0.0,0.0,0.0,0.0,251.0,253709.0,0.0,0.0
053290,NE능률,코스닥,"서적, 잡지 및 기타 인쇄물 출판업",영어학습교재,1715.0,34654.0,59954614.0,-0.5799999833106995,156099.0,0.25999999046325684,-10210.0,-17641754.0,-19686.0,-34047512.0,-100.0,-176598.0,-100.0,-176598.0,0.0,0.0,0.0,0.0,0.0,0.0,0.0,0.0,0.0,0.0,29996.0,51865864.0,0.0,0.0
060250,NHN KCP,코스닥,금융 지원 서비스업,전자결제서비스업,13270.0,407523.0,5431302170.0,-0.07999999821186066,176388560.0,3.25,47840.0,636709885.0,-20774.0,-277225390.0,-27572.0,-366139325.0,-27740.0,-368360315.0,0.0,0.0,18.0,239490.0,0.0,0.0,0.0,0.0,150.0,1981500.0,-45.0,-697380.0,551.0,7352210.0
104200,NHN벅스,코스닥,기타 정보 서비스업,"디지털음원유통, 온라인음악서비스",2895.0,70712.0,200686910.0,3.5799999237060547,1595335.0,0.7900000214576721,-11083.0,-31404370.0,11083.0,31404385.0,0.0,-15.0,0.0,-15.0,0.0,0.0,0.0,0.0,0.0,0.0,0.0,0.0,0.0,0.0,0.0,0.0,0.0,0.0
054050,NH농우바이오,코스닥,작물 재배업,"고추, 수박, 참외(메론), 오이, 호박, 무, 배추 등",6850.0,15055.0,103000330.0,1.1799999475479126,1335960.0,1.2999999523162842,3783.0,25900720.0,-3620.0,-24787080.0,-159.0,-1086480.0,2.0,13750.0,-116.0,-792230.0,-45.0,-308000.0,0.0,0.0,0.0,0.0,0.0,0.0,-4.0,-27160.0,0.0,0.0
063570,NICE인프라,코스닥,기타 사업지원 서비스업,"ATM관리사업,CD-VAN사업",3190.0,15247.0,48457877.0,0.3100000023841858,1383310.0,2.8499999046325684,2088.0,6645738.0,-2231.0,-7089378.0,143.0,443640.0,143.0,443640.0,0.0,0.0,0.0,0.0,0.0,0.0,0.0,0.0,0.0,0.0,0.0,0.0,0.0,0.0
024940,PN풍년,코스닥,생활용품 도매업,압력솥,1962.0,42871.0,84326600.0,0.7699999809265137,106380.0,0.12999999523162842,9778.0,19232734.0,-6363.0,-12566725.0,0.0,0.0,0.0,0.0,0.0,0.0,0.0,0.0,0.0,0.0,0.0,0.0,0.0,0.0,-3416.0,-6667986.0,1.0,1977.0
332570,PS일렉트로닉스,코스닥,전자부품 제조업,전력증폭기 모듈(PAM),9400.0,6800898.0,62726164725.0,14.079999923706055,234028070.0,0.3700000047683716,-317310.0,-3011540625.0,262221.0,2508285510.0,54565.0,507087030.0,38991.0,359623820.0,0.0,0.0,971.0,9160370.0,0.0,0.0,0.0,0.0,14603.0,138302840.0,-955.0,-9457950.0,1479.0,5626035.0
218410,RFHIC,코스닥,통신 및 방송 장비 제조업,GaN 트랜지스터,52300.0,1107371.0,59475130450.0,7.28000020980835,2429557650.0,2.440000057220459,461667.0,25024206900.0,-391833.0,-21279399250.0,-73722.0,-3955306450.0,-35400.0,-1975904050.0,2228.0,121364250.0,41299.0,2200656000.0,4663.0,256232700.0,-94159.0,-4966415650.0,7203.0,384588600.0,2946.0,159103450.0,942.0,51395350.0
327260,RF머트리얼즈,코스닥,전자부품 제조업,"광통신, RF통신용 패키지",33750.0,723477.0,25230040400.0,12.6899995803833,106779050.0,0.41999998688697815,-23271.0,-779571450.0,9535.0,281445650.0,7873.0,297900050.0,8845.0,304926750.0,-1924.0,-65368400.0,-15710.0,-540178100.0,0.0,0.0,-7.0,-235775.0,16669.0,598755575.0,5613.0,191804600.0,250.0,8421150.0
474610,RF시스템즈,코스닥,기타 금속 가공제품 제조업,"방산제품(레이더시스템, 안테나시스템, 환경제어시스템 등)",7140.0,176849.0,1270861000.0,7.690000057220459,6612740.0,0.5199999809265137,5478.0,37544025.0,-18981.0,-134784985.0,3546.0,25621560.0,227.0,1583890.0,0.0,0.0,3319.0,24037670.0,0.0,0.0,0.0,0.0,0.0,0.0,10000.0,71924740.0,-43.0,-305340.0
091340,S&K폴리텍,코스닥,전자부품 제조업,고밀도폴리우레탄폼시트,2015.0,17289.0,34471002.0,1.8200000524520874,24060.0,0.07000000029802322,2202.0,4397206.0,964.0,1927118.0,-3166.0,-6324324.0,-3166.0,-6324324.0,0.0,0.0,0.0,0.0,0.0,0.0,0.0,0.0,0.0,0.0,0.0,0.0,0.0,0.0
419530,SAMG엔터,코스닥,"영화, 비디오물, 방송프로그램 제작 및 배급업",애니메이션 IP 기획 및 관련 제품 제작,27250.0,229728.0,6248541100.0,-3.369999885559082,188220075.0,2.2200000286102295,110907.0,3017968400.0,-17840.0,-514962825.0,-89604.0,-2404138225.0,-14894.0,-399823450.0,-545.0,-14617100.0,-16243.0,-435011450.0,0.0,0.0,-20000.0,-536940000.0,-37924.0,-1017801225.0,-3453.0,-98523350.0,-10.0,-344000.0
019550,SBI인베스트먼트,코스닥,신탁업 및 집합투자업,벤처캐피탈,1004.0,109855.0,110457938.0,0.4000000059604645,1134116.0,1.0299999713897705,13846.0,13751001.0,-17348.0,-17229108.0,3502.0,3478107.0,3502.0,3478107.0,0.0,0.0,0.0,0.0,0.0,0.0,0.0,0.0,0.0,0.0,0.0,0.0,0.0,0.0
246960,SCL사이언스,코스닥,의료용품 및 기타 의약 관련제품 제조업,"의료용지혈제, 밀폐제 및 접착제",1677.0,65861.0,112240008.0,-1.9900000095367432,3425000.0,3.049999952316284,8756.0,14729987.0,-8193.0,-14068325.0,-563.0,-661662.0,-563.0,-661662.0,0.0,0.0,0.0,0.0,0.0,0.0,0.0,0.0,0.0,0.0,0.0,0.0,0.0,0.0
099220,SDN,코스닥,기계장비 및 관련 물품 도매업,"태양광기자재 및 선박용엔진 도매, 태양광발전시스템 구축 및 설계",655.0,192125.0,127048502.0,0.7699999809265137,128633.0,0.10000000149011612,-2975.0,-1827847.0,5346.0,3381097.0,0.0,0.0,0.0,0.0,0.0,0.0,0.0,0.0,0.0,0.0,0.0,0.0,0.0,0.0,0.0,5.0,-2371.0,-1553255.0
056190,SFA,코스닥,특수 목적용 기계 제조업,"디스플레이, 2차전지, 반도체 제조설비 및 공장자동화기기",21750.0,122872.0,2648659875.0,2.3499999046325684,348317800.0,10.619999885559082,24766.0,533434125.0,-15103.0,-326469525.0,-11944.0,-256361000.0,-11122.0,-238669600.0,-598.0,-12867900.0,-224.0,-4823500.0,0.0,0.0,0.0,0.0,0.0,0.0,-59.0,-1264600.0,2340.0,50661000.0
222080,SFA넥셀,코스닥,특수 목적용 기계 제조업,"이차전지 전극공정 장비, 증착·검사·측정 장비",7480.0,515651.0,3848719965.0,3.1700000762939453,246665365.0,6.409999847412109,-239.0,-2149325.0,37521.0,277951460.0,-38763.0,-286865555.0,-44563.0,-330383690.0,-14.0,-104500.0,6060.0,45444925.0,0.0,0.0,0.0,0.0,-246.0,-1822290.0,590.0,4421500.0,891.0,6641920.0
036540,SFA반도체,코스닥,반도체 제조업,"반도체패키지(SOP,DIP,QFP)",5240.0,1347406.0,7078729050.0,4.170000076293945,833298385.0,11.770000457763672,17889.0,92145820.0,11527.0,60699585.0,-23979.0,-124192165.0,-81461.0,-427676970.0,-8.0,-42200.0,45088.0,238072830.0,0.0,0.0,0.0,0.0,12402.0,65454175.0,-4743.0,-25055610.0,-694.0,-3597630.0
255220,SG,코스닥,기타 비금속 광물제품 제조업,아스콘,1372.0,1049939.0,1441534103.0,2.619999885559082,29248335.0,2.0299999713897705,-39659.0,-55845893.0,40814.0,57448043.0,0.0,-19116.0,0.0,-19116.0,0.0,0.0,0.0,0.0,0.0,0.0,0.0,0.0,0.0,0.0,-979.0,-1339272.0,-176.0,-243762.0
040610,SG&G,코스닥,자동차 신품 부품 제조업,생활정보신문,3200.0,21125.0,67070088.0,1.1100000143051147,3041195.0,4.53000020980835,6939.0,22025221.0,-6903.0,-21923136.0,-36.0,-102085.0,-36.0,-102085.0,0.0,0.0,0.0,0.0,0.0,0.0,0.0,0.0,0.0,0.0,0.0,0.0,0.0,0.0
184230,SGA솔루션즈,코스닥,소프트웨어 개발 및 공급업,보안솔루션,1985.0,47104.0,90813957.0,5.809999942779541,1037924.0,1.1399999856948853,-5695.0,-10717324.0,5725.0,10774864.0,0.0,0.0,0.0,0.0,0.0,0.0,0.0,0.0,0.0,0.0,0.0,0.0,0.0,0.0,0.0,0.0,-30.0,-57540.0
016250,SGC E&C,코스닥,건물 건설업,"건축공사, 플랜트설비, 토목공사",11500.0,4441.0,50928170.0,2.0399999618530273,2025230.0,3.9800000190734863,1203.0,13958770.0,-504.0,-5916050.0,-621.0,-7148840.0,-621.0,-7148840.0,0.0,0.0,0.0,0.0,0.0,0.0,0.0,0.0,0.0,0.0,-78.0,-893880.0,0.0,0.0
357880,SKAI,코스닥,소프트웨어 개발 및 공급업,"그래프데이터베이스, 그래프분석서비스",2180.0,792338.0,1757294513.0,2.8299999237060547,3603960.0,0.20999999344348907,15747.0,33629981.0,-21884.0,-47082365.0,0.0,-8985.0,0.0,-8985.0,0.0,0.0,0.0,0.0,0.0,0.0,0.0,0.0,0.0,0.0,-519.0,-1133515.0,6656.0,14594884.0
048550,SM C&C,코스닥,광고업,"영상콘텐츠 제작 및 매니지먼트, 광고, 여행",1690.0,2070684.0,3348881932.0,-2.990000009536743,60644952.0,1.809999942779541,313855.0,493290185.0,-205952.0,-318359345.0,10329.0,17229746.0,10329.0,17229746.0,0.0,0.0,0.0,0.0,0.0,0.0,0.0,0.0,0.0,0.0,-103386.0,-168434880.0,-14846.0,-23725706.0
063440,SM Life Design,코스닥,기록매체 복제업,"추첨식복권 제조, 일반출판 인쇄, CD ·DVD 복제",1120.0,120049.0,133801569.0,0.0,619260.0,0.46000000834465027,17583.0,19745849.0,-18122.0,-20333769.0,139.0,147920.0,139.0,147920.0,0.0,0.0,0.0,0.0,0.0,0.0,0.0,0.0,0.0,0.0,0.0,0.0,400.0,440000.0
067160,SOOP,코스닥,소프트웨어 개발 및 공급업,1인미디어플랫폼,42700.0,47371.0,2040513200.0,-0.699999988079071,237813950.0,9.800000190734863,3347.0,139806400.0,6433.0,276584950.0,-9760.0,-415508750.0,-9474.0,-403166850.0,-209.0,-9012050.0,-77.0,-3329850.0,0.0,0.0,0.0,0.0,0.0,0.0,-29.0,-1267750.0,9.0,385150.0
289080,SV인베스트먼트,코스닥,기타 금융업,중소/벤처기업 투자 및 육성,1941.0,219625.0,427383239.0,3.190000057220459,1260295.0,0.28999999165534973,3989.0,8041326.0,-4040.0,-8140773.0,0.0,0.0,0.0,0.0,0.0,0.0,0.0,0.0,0.0,0.0,0.0,0.0,0.0,0.0,0.0,0.0,51.0,99447.0
041930,SY동아,코스닥,고무제품 제조업,자동차용 고무부품,4595.0,17695.0,81274098.0,1.7699999809265137,1747620.0,2.1500000953674316,-364.0,-1670813.0,-2788.0,-12816617.0,2.0,9270.0,2.0,9270.0,0.0,0.0,0.0,0.0,0.0,0.0,0.0,0.0,0.0,0.0,3150.0,14478160.0,0.0,0.0
089230,THE E&M,코스닥,기타 정보 서비스업,인터넷 개인방송 플랫폼,1800.0,296174.0,538171213.0,3.0299999713897705,32656129.0,6.070000171661377,33710.0,61058701.0,-16197.0,-29333307.0,0.0,-49988.0,0.0,-49988.0,0.0,0.0,0.0,0.0,0.0,0.0,0.0,0.0,0.0,0.0,-17000.0,-30777128.0,-513.0,-898278.0
032540,TJ미디어,코스닥,영상 및 음향기기 제조업,영상음향반주기,3135.0,495.0,1547845.0,0.3199999928474426,3135.0,0.20000000298023224,55.0,170325.0,-55.0,-170370.0,0.0,45.0,0.0,45.0,0.0,0.0,0.0,0.0,0.0,0.0,0.0,0.0,0.0,0.0,0.0,0.0,0.0,0.0
048770,TPC로보틱스,코스닥,일반 목적용 기계 제조업,"구동기기(실린더), 방향제어기(밸브)",3160.0,135853.0,419799465.0,7.119999885559082,51000.0,0.009999999776482582,-30743.0,-95025785.0,31178.0,96560115.0,-452.0,-1588350.0,-452.0,-1588350.0,0.0,0.0,0.0,0.0,0.0,0.0,0.0,0.0,0.0,0.0,0.0,0.0,17.0,54020.0
246690,TS인베스트먼트,코스닥,신탁업 및 집합투자업,투자조합 결성 및 투자,1740.0,107861.0,187234175.0,2.9600000381469727,9034529.0,4.829999923706055,-22173.0,-38473293.0,0.0,-428038.0,22000.0,38599876.0,22000.0,38599876.0,0.0,0.0,0.0,0.0,0.0,0.0,0.0,0.0,0.0,0.0,173.0,301455.0,0.0,0.0
317240,TS트릴리온,코스닥,기타 화학제품 제조업,기업인수합병,1134.0,184622.0,207213224.0,1.7000000476837158,1299144.0,0.6299999952316284,-53405.0,-60233543.0,-39485.0,-44608266.0,0.0,-7020.0,0.0,-7020.0,0.0,0.0,0.0,0.0,0.0,0.0,0.0,0.0,0.0,0.0,92890.0,104848829.0,0.0,0.0
057030,YBM넷,코스닥,교육지원 서비스업,"온라인교육, 수수료수입 등",2235.0,4028.0,8918065.0,0.8999999761581421,275510.0,3.0899999141693115,649.0,1455445.0,-649.0,-1454600.0,0.0,-845.0,0.0,-845.0,0.0,0.0,0.0,0.0,0.0,0.0,0.0,0.0,0.0,0.0,0.0,0.0,0.0,0.0
040300,YTN,코스닥,"영화, 비디오물, 방송프로그램 제작 및 배급업",광고/협찬 및 프로그램 제작,2040.0,32940.0,67989335.0,-1.2100000381469727,0.0,0.0,3173.0,6538850.0,-2990.0,-6162785.0,0.0,0.0,0.0,0.0,0.0,0.0,0.0,0.0,0.0,0.0,0.0,0.0,0.0,0.0,0.0,0.0,-183.0,-376065.0
051390,YW,코스닥,상품 종합 도매업,도소매,4150.0,3098.0,12756155.0,1.4700000286102295,0.0,0.0,-1558.0,-6392245.0,1558.0,6392245.0,0.0,0.0,0.0,0.0,0.0,0.0,0.0,0.0,0.0,0.0,0.0,0.0,0.0,0.0,0.0,0.0,0.0,0.0
052220,iMBC,코스닥,영상·오디오물 제공 서비스업,"디지털콘텐츠,웹에이젼시",1747.0,28168.0,49030969.0,3.369999885559082,1459003.0,2.9800000190734863,5044.0,8803599.0,-5044.0,-8803599.0,0.0,0.0,0.0,0.0,0.0,0.0,0.0,0.0,0.0,0.0,0.0,0.0,0.0,0.0,0.0,0.0,0.0,0.0
079940,가비아,코스닥,소프트웨어 개발 및 공급업,"도메인,호스팅",46500.0,6511.0,303432200.0,-0.4300000071525574,6617100.0,1.3899999856948853,-1953.0,-91052200.0,-96.0,-4403350.0,2049.0,95455550.0,2049.0,95455550.0,0.0,0.0,0.0,0.0,0.0,0.0,0.0,0.0,0.0,0.0,0.0,0.0,0.0,0.0
078890,가온그룹,코스닥,통신 및 방송 장비 제조업,디지털셋톱박스,4420.0,151629.0,669579955.0,4.0,2657175.0,0.4000000059604645,-15904.0,-69679557.0,15012.0,65703937.0,892.0,3975620.0,892.0,3975620.0,0.0,0.0,0.0,0.0,0.0,0.0,0.0,0.0,0.0,0.0,0.0,0.0,0.0,0.0
399720,가온칩스,코스닥,반도체 제조업,설계 솔루션 및 주문형 반도체,48100.0,145499.0,7029534800.0,0.8399999737739563,54931650.0,0.4000000059604645,24325.0,1183939550.0,-13188.0,-648399350.0,-11013.0,-529696400.0,-8196.0,-394455575.0,-3847.0,-185032175.0,909.0,43923500.0,0.0,0.0,0.0,0.0,121.0,5867850.0,273.0,13173650.0,-397.0,-19017450.0
036620,감성코퍼레이션,코스닥,기타 전문 도매업,"의류, 의류디자인, 휴대폰 주변기기",4185.0,434990.0,1860854955.0,-3.4600000381469727,50109925.0,2.259999990463257,48178.0,201366245.0,45672.0,191919815.0,-93837.0,-393200375.0,-76626.0,-323299520.0,-861.0,-3636125.0,-15317.0,-62594465.0,0.0,0.0,87967.0,376031020.0,-89000.0,-379701285.0,-211.0,-918115.0,198.0,832430.0
198440,강동씨앤엘,코스닥,"시멘트, 석회, 플라스터 및 그 제품 제조업","시멘트, 레미콘",1100.0,723671.0,817845783.0,2.609999895095825,27266627.0,3.3299999237060547,77363.0,88145531.0,-88738.0,-100770827.0,0.0,51774.0,0.0,51774.0,0.0,0.0,0.0,0.0,0.0,0.0,0.0,0.0,0.0,0.0,0.0,0.0,11375.0,12573522.0
198440,강동씨앤엘,코스닥,"시멘트, 석회, 플라스터 및 그 제품 제조업","시멘트, 레미콘",1100.0,723671.0,817845783.0,2.609999895095825,27266627.0,3.3299999237060547,77363.0,88145531.0,-88738.0,-100770827.0,0.0,51774.0,0.0,51774.0,0.0,0.0,0.0,0.0,0.0,0.0,0.0,0.0,0.0,0.0,0.0,0.0,11375.0,12573522.0
217730,강스템바이오텍,코스닥,기초 의약물질 제조업,줄기세포치료제,2295.0,676461.0,1548392986.0,4.789999961853027,48548350.0,3.140000104904175,-129556.0,-294546410.0,131375.0,298773845.0,-23.0,-108675.0,-23.0,-108675.0,0.0,0.0,0.0,0.0,0.0,0.0,0.0,0.0,0.0,0.0,-1324.0,-3023720.0,-472.0,-1095040.0
114190,강원에너지,코스닥,기타 전기장비 제조업,플랜트설비(산업용 보일러),8200.0,57798.0,469640420.0,3.799999952316284,25735330.0,3.2899999618530273,-18672.0,-152464230.0,17930.0,146398630.0,-113.0,-933510.0,-113.0,-933510.0,0.0,0.0,0.0,0.0,0.0,0.0,0.0,0.0,0.0,0.0,855.0,6999110.0,0.0,0.0
094480,갤럭시아머니트리,코스닥,소프트웨어 개발 및 공급업,전자결제,5130.0,218246.0,1112753020.0,0.9800000190734863,11548365.0,1.0399999618530273,-5276.0,-26984065.0,5300.0,27113965.0,24.0,121920.0,24.0,121920.0,0.0,0.0,0.0,0.0,0.0,0.0,0.0,0.0,0.0,0.0,-50.0,-262000.0,2.0,10180.0
039240,경남스틸,코스닥,1차 철강 제조업,"냉연강판,아연도강판, 산세코일, 열연아연도금강판, 전기아연도금강판 등",1875.0,126126.0,237469718.0,-0.949999988079071,438795.0,0.18000000715255737,27576.0,51621623.0,-32203.0,-60285235.0,0.0,0.0,0.0,0.0,0.0,0.0,0.0,0.0,0.0,0.0,0.0,0.0,0.0,0.0,0.0,0.0,4627.0,8663612.0
053950,경남제약,코스닥,의약품 제조업,의약품,1610.0,28486.0,45737414.0,1.2599999904632568,562248.0,1.2300000190734863,-6667.0,-10663506.0,6657.0,10647486.0,0.0,0.0,0.0,0.0,0.0,0.0,0.0,0.0,0.0,0.0,0.0,0.0,0.0,0.0,0.0,0.0,10.0,16020.0
011040,경동제약,코스닥,의약품 제조업,"듀오로반정, 발디핀정, 아트로반정 등",4945.0,16418.0,80980650.0,0.10000000149011612,227345.0,0.2800000011920929,6799.0,33525130.0,-6638.0,-32695750.0,-161.0,-829380.0,-161.0,-829380.0,0.0,0.0,0.0,0.0,0.0,0.0,0.0,0.0,0.0,0.0,0.0,0.0,0.0,0.0
024910,경창산업,코스닥,자동차 신품 부품 제조업,"각종 케이블, 개폐랫치, 리저브탱크, 밴드류, 페달류, 오토트랜스미션부품, 시트용 단품",1411.0,47056.0,66354873.0,3.6700000762939453,232059.0,0.3499999940395355,4729.0,6738773.0,-4729.0,-6742515.0,0.0,3742.0,0.0,3742.0,0.0,0.0,0.0,0.0,0.0,0.0,0.0,0.0,0.0,0.0,0.0,0.0,0.0,0.0
049720,고려신용정보,코스닥,기타 사업지원 서비스업,"채권추심, 신용조사",9210.0,53010.0,488734570.0,0.2199999988079071,8580880.0,1.7599999904632568,-4317.0,-39869020.0,3666.0,34037650.0,21.0,65970.0,21.0,65970.0,0.0,0.0,0.0,0.0,0.0,0.0,0.0,0.0,0.0,0.0,630.0,5765400.0,0.0,0.0
014570,고려제약,코스닥,의약품 제조업,"하벤(종합감기약),뉴로메드(치매치료제)등",3370.0,6693.0,22727155.0,-0.30000001192092896,13645.0,0.05999999865889549,1053.0,3595445.0,-1031.0,-3519875.0,0.0,0.0,0.0,0.0,0.0,0.0,0.0,0.0,0.0,0.0,0.0,0.0,0.0,0.0,0.0,0.0,-22.0,-75570.0
348150,고바이오랩,코스닥,자연과학 및 공학 연구개발업,마이크로바이옴 치료제 및 건강기능식품,3140.0,24264.0,74318902.0,2.950000047683716,2776310.0,3.740000009536743,338.0,1032587.0,-338.0,-1032587.0,0.0,0.0,0.0,0.0,0.0,0.0,0.0,0.0,0.0,0.0,0.0,0.0,0.0,0.0,0.0,0.0,0.0,0.0
950190,고스트스튜디오,코스닥,소프트웨어 개발 및 공급업,"캐주얼게임, 소셜카지노게임",9630.0,39704.0,380588620.0,0.0,2579730.0,0.6800000071525574,-19349.0,-185513000.0,28026.0,268642640.0,0.0,-7210.0,0.0,-7210.0,0.0,0.0,0.0,0.0,0.0,0.0,0.0,0.0,0.0,0.0,-8676.0,-83112880.0,-1.0,-9550.0
098460,고영,코스닥,특수 목적용 기계 제조업,전자제품및반도체생산용 3차원 납도포검사장비,31000.0,1116241.0,34264098525.0,3.680000066757202,774743775.0,2.259999990463257,-262369.0,-8133852300.0,211156.0,6541569500.0,49255.0,1533878775.0,13094.0,413120075.0,2455.0,75804075.0,28154.0,873918975.0,0.0,0.0,8271.0,254277750.0,-2719.0,-83242100.0,2568.0,77138100.0,-610.0,-18734075.0
035290,골드앤에스,코스닥,"서적, 잡지 및 기타 인쇄물 출판업","방과후컴퓨터상설반,교재및CD",1653.0,58335.0,96298075.0,8.819999694824219,5924.0,0.009999999776482582,12307.0,20653804.0,-12367.0,-20752113.0,0.0,0.0,0.0,0.0,0.0,0.0,0.0,0.0,0.0,0.0,0.0,0.0,0.0,0.0,0.0,0.0,60.0,98309.0
215000,골프존,코스닥,소프트웨어 개발 및 공급업,골프시뮬레이터,37050.0,21483.0,801183650.0,-0.6700000166893005,18594550.0,1.8899999856948853,7577.0,280315750.0,-4576.0,-168729050.0,-3586.0,-133301900.0,-3486.0,-129603650.0,0.0,0.0,-100.0,-3698250.0,0.0,0.0,0.0,0.0,0.0,0.0,585.0,21715200.0,0.0,0.0
121440,골프존홀딩스,코스닥,상품 중개업,골프시뮬레이터,6630.0,312564.0,2066220930.0,-0.15000000596046448,5592320.0,0.27000001072883606,173646.0,1148176810.0,-244708.0,-1617550520.0,70072.0,462829760.0,70072.0,462829760.0,0.0,0.0,0.0,0.0,0.0,0.0,0.0,0.0,0.0,0.0,1000.0,6610000.0,-10.0,-66050.0
029480,광무,코스닥,통신 및 방송 장비 제조업,"네트워크 통합사업,네트워크 장비, 光 전송장비, S/W 제조, 네트워크관리",1422.0,90742.0,127192493.0,3.4200000762939453,1300038.0,1.0199999809265137,-8354.0,-11610221.0,1334.0,1743069.0,-283.0,-417764.0,-283.0,-417764.0,0.0,0.0,0.0,0.0,0.0,0.0,0.0,0.0,0.0,0.0,7305.0,10296890.0,-2.0,-11974.0
026910,광진실업,코스닥,1차 철강 제조업,마봉,4600.0,21439.0,101043590.0,-3.7699999809265137,8568940.0,8.479999542236328,4399.0,20882850.0,-4100.0,-19428155.0,0.0,0.0,0.0,0.0,0.0,0.0,0.0,0.0,0.0,0.0,0.0,0.0,0.0,0.0,-299.0,-1454695.0,0.0,0.0
465320,교보15호스팩,코스닥,금융 지원 서비스업,기업인수합병,2110.0,204856.0,432124955.0,0.23999999463558197,0.0,0.0,21425.0,45206816.0,-314.0,-662606.0,-21111.0,-44544210.0,-21111.0,-44544210.0,0.0,0.0,0.0,0.0,0.0,0.0,0.0,0.0,0.0,0.0,0.0,0.0,0.0,0.0
482520,교보16호스팩,코스닥,금융 지원 서비스업,기업인수합병,2050.0,106396.0,217363200.0,0.0,0.0,0.0,66941.0,136656905.0,0.0,0.0,-66941.0,-136656905.0,-28941.0,-59184345.0,0.0,0.0,-33000.0,-67222560.0,0.0,0.0,0.0,0.0,-5000.0,-10250000.0,0.0,0.0,0.0,0.0
489210,교보17호스팩,코스닥,금융 지원 서비스업,기업인수합병,2025.0,16261.0,32755910.0,0.0,0.0,0.0,15412.0,31049265.0,-412.0,-832235.0,-15000.0,-30217030.0,0.0,0.0,0.0,0.0,-15000.0,-30217030.0,0.0,0.0,0.0,0.0,0.0,0.0,0.0,0.0,0.0,0.0
0041B0,교보18호스팩,코스닥,금융 지원 서비스업,기업인수합병,2007.0,2538.0,5088757.0,0.10000000149011612,0.0,0.0,2499.0,5010495.0,0.0,0.0,-2499.0,-5010495.0,0.0,0.0,0.0,0.0,0.0,0.0,0.0,0.0,0.0,0.0,-2499.0,-5010495.0,0.0,0.0,0.0,0.0
0098T0,교보19호스팩,코스닥,금융 지원 서비스업,기업인수 및 합병,1995.0,2677.0,5340389.0,0.0,0.0,0.0,2572.0,5130924.0,-72.0,-143424.0,-2500.0,-4987500.0,0.0,0.0,0.0,0.0,0.0,0.0,0.0,0.0,0.0,0.0,-2500.0,-4987500.0,0.0,0.0,0.0,0.0
0132G0,교보20호스팩,코스닥,기타 금융업,기업 인수 및 합병,1997.0,6642.0,13270684.0,0.05000000074505806,0.0,0.0,-6087.0,-12161893.0,87.0,173893.0,6000.0,11988000.0,6000.0,11988000.0,0.0,0.0,0.0,0.0,0.0,0.0,0.0,0.0,0.0,0.0,0.0,0.0,0.0,0.0
053270,구영테크,코스닥,자동차 신품 부품 제조업,엔진 브라켓(Engine Bracket) 등,1918.0,62615.0,119422010.0,2.680000066757202,370139.0,0.3100000023841858,5852.0,11092221.0,-3249.0,-6186984.0,-2823.0,-5326837.0,-2823.0,-5326837.0,0.0,0.0,0.0,0.0,0.0,0.0,0.0,0.0,0.0,0.0,0.0,0.0,220.0,421600.0
066620,국보디자인,코스닥,실내건축 및 건축마무리 공사업,인테리어디자인,24050.0,3673.0,88087250.0,2.3399999141693115,3273600.0,3.7200000286102295,-2563.0,-61482650.0,2130.0,51118250.0,-15.0,-363900.0,-15.0,-363900.0,0.0,0.0,0.0,0.0,0.0,0.0,0.0,0.0,0.0,0.0,448.0,10728300.0,0.0,0.0
043650,국순당,코스닥,알코올음료 제조업,탁주 및 약주,3525.0,60326.0,212502715.0,0.2800000011920929,638560.0,0.30000001192092896,-12214.0,-42935365.0,9842.0,34781885.0,1872.0,6408480.0,1872.0,6408480.0,0.0,0.0,0.0,0.0,0.0,0.0,0.0,0.0,0.0,0.0,0.0,0.0,500.0,1745000.0
006050,국영지앤엠,코스닥,유리 및 유리제품 제조업,강화유리,499.0,484186.0,243319358.0,-1.190000057220459,1157329.0,0.47999998927116394,96805.0,48615151.0,-96805.0,-48615151.0,0.0,0.0,0.0,0.0,0.0,0.0,0.0,0.0,0.0,0.0,0.0,0.0,0.0,0.0,0.0,0.0,0.0,0.0
060480,국일신동,코스닥,1차 비철금속 제조업,황동봉,1090.0,46973.0,50216441.0,8.460000038146973,1055.0,0.0,-6122.0,-6506999.0,6022.0,6446950.0,0.0,-46151.0,0.0,-46151.0,0.0,0.0,0.0,0.0,0.0,0.0,0.0,0.0,0.0,0.0,0.0,0.0,100.0,106200.0
078130,국일제지,코스닥,기타 종이 및 판지 제품 제조업,"산업용 및 가정용 지류(강판간지, 다공지 등)",3670.0,192618.0,705948344.0,-0.14000000059604645,84985.0,0.009999999776482582,7462.0,26402929.0,12135.0,44528566.0,-1000.0,-2784735.0,0.0,0.0,0.0,0.0,0.0,0.0,0.0,0.0,0.0,0.0,-1000.0,-2784735.0,50.0,185500.0,-18647.0,-68332260.0
307750,국전,코스닥,의약품 제조업,기업 인수 및 합병,2175.0,90175.0,195852273.0,0.9300000071525574,92050.0,0.05000000074505806,10315.0,22298853.0,-5316.0,-11508113.0,0.0,0.0,0.0,0.0,0.0,0.0,0.0,0.0,0.0,0.0,0.0,0.0,0.0,0.0,0.0,0.0,-4999.0,-10790740.0
035080,그래디언트,코스닥,무점포 소매업,전자상거래,9810.0,42430.0,406223830.0,2.2899999618530273,436210.0,0.10999999940395355,-2419.0,-21286000.0,1404.0,12004630.0,1015.0,9281370.0,1017.0,9300550.0,0.0,0.0,-2.0,-19180.0,0.0,0.0,0.0,0.0,0.0,0.0,0.0,0.0,0.0,0.0
318060,그래피,코스닥,합성고무 및 플라스틱 물질 제조업,"형상기억 투명교정장치, 3D프린팅 소재, 질소경화기 등",19000.0,91271.0,1720268910.0,1.9299999475479126,110444660.0,6.420000076293945,14093.0,269857610.0,-797.0,-18964290.0,-14898.0,-280749060.0,-1893.0,-35300950.0,0.0,0.0,-582.0,-10861960.0,0.0,0.0,0.0,0.0,-12423.0,-234586150.0,-553.0,-10421610.0,2155.0,40277350.0
453450,그리드위즈,코스닥,"그외 기타 전문, 과학 및 기술 서비스업","수요관리 서비스, 전기차 충전기 모뎀 등",14040.0,60642.0,840514310.0,6.28000020980835,7682820.0,0.9100000262260437,-6248.0,-89066720.0,8203.0,115852990.0,-1940.0,-26583470.0,0.0,-37920.0,0.0,0.0,-1489.0,-20372320.0,0.0,0.0,0.0,0.0,-451.0,-6173230.0,70.0,984200.0,-85.0,-1187000.0
204020,그리티,코스닥,봉제의복 제조업,"내의(원더브라, 플레이텍스, 미싱도로시, 르페)",1802.0,37343.0,67118511.0,-0.8799999952316284,1834.0,0.0,2599.0,4745766.0,-2554.0,-4662933.0,-50.0,-91950.0,-50.0,-91950.0,0.0,0.0,0.0,0.0,0.0,0.0,0.0,0.0,0.0,0.0,5.0,9117.0,0.0,0.0
0015G0,그린광학,코스닥,사진장비 및 광학기기 제조업,초정밀 광학 시스템 및 광학 소재,15500.0,67349.0,1033770460.0,4.659999847412109,15913210.0,1.5399999618530273,5244.0,78642570.0,-2348.0,-34345145.0,-2882.0,-44044185.0,-1620.0,-24809030.0,0.0,0.0,304.0,4814400.0,0.0,0.0,-5.0,-76990.0,-1561.0,-23972565.0,0.0,0.0,-14.0,-253240.0
402490,그린리소스,코스닥,반도체 제조업,반도체 및 디스플레이 장비 보호코팅 및 소재,7310.0,227429.0,1609059550.0,10.59000015258789,3701340.0,0.23000000417232513,10534.0,76777730.0,-7811.0,-57575460.0,-600.0,-4257690.0,0.0,0.0,0.0,0.0,0.0,0.0,0.0,0.0,0.0,0.0,-600.0,-4257690.0,-2135.0,-14896210.0,12.0,-48370.0
114450,그린생명과학,코스닥,기초 의약물질 제조업,의약품 중간체 등,2315.0,116832.0,270698122.0,-0.6399999856948853,1291310.0,0.47999998927116394,13854.0,32410862.0,-8032.0,-19003317.0,0.0,0.0,0.0,0.0,0.0,0.0,0.0,0.0,0.0,0.0,0.0,0.0,0.0,0.0,-5822.0,-13407545.0,0.0,0.0
114450,그린생명과학,코스닥,기초 의약물질 제조업,의약품 중간체 등,2315.0,116832.0,270698122.0,-0.6399999856948853,1291310.0,0.47999998927116394,13854.0,32410862.0,-8032.0,-19003317.0,0.0,0.0,0.0,0.0,0.0,0.0,0.0,0.0,0.0,0.0,0.0,0.0,0.0,0.0,-5822.0,-13407545.0,0.0,0.0
186230,그린플러스,코스닥,1차 비철금속 제조업,"첨단유리온실, 온실용자재설치공사, 알루미늄 압출/가공제품",3285.0,61084.0,195137656.0,6.829999923706055,1289980.0,0.6600000262260437,-8781.0,-28497337.0,10951.0,34900607.0,-2304.0,-6856320.0,-2304.0,-6856320.0,0.0,0.0,0.0,0.0,0.0,0.0,0.0,0.0,0.0,0.0,256.0,830030.0,-122.0,-376980.0
900070,글로벌에스엠,코스닥,기타 금융업,"자회사 제품 : IT기기용 정밀 화스너부품(스크류, 샤프트, 스프링)",1028.0,91496.0,90230176.0,10.539999961853027,11544.0,0.009999999776482582,-37304.0,-37648904.0,37363.0,37705511.0,0.0,0.0,0.0,0.0,0.0,0.0,0.0,0.0,0.0,0.0,0.0,0.0,0.0,0.0,-59.0,-56607.0,0.0,0.0
204620,글로벌텍스프리,코스닥,금융 지원 서비스업,환급창구운영사업,5070.0,455321.0,2295875060.0,0.0,17828490.0,0.7799999713897705,-20753.0,-105083960.0,217204.0,1094750160.0,-194876.0,-981741090.0,-1917.0,-9719750.0,-427.0,-2138065.0,-26813.0,-134978735.0,0.0,0.0,0.0,0.0,-165719.0,-834904540.0,-1425.0,-7168910.0,-150.0,-756200.0
019660,글로본,코스닥,상품 종합 도매업,화장품 외,1545.0,8972.0,13761872.0,0.0,0.0,0.0,-161.0,-250310.0,161.0,250310.0,0.0,0.0,0.0,0.0,0.0,0.0,0.0,0.0,0.0,0.0,0.0,0.0,0.0,0.0,0.0,0.0,0.0,0.0
053260,금강철강,코스닥,1차 철강 제조업,"냉연압연강판, 산세코일",4750.0,14871.0,70997260.0,0.0,1039025.0,1.4600000381469727,2679.0,12805770.0,-2679.0,-12805770.0,0.0,0.0,0.0,0.0,0.0,0.0,0.0,0.0,0.0,0.0,0.0,0.0,0.0,0.0,0.0,0.0,0.0,0.0
282720,금양그린파워,코스닥,전기 및 통신 공사업,"플랜트, 발전소 및 신재생에너지 발전소 공사 및 용역",8100.0,44866.0,357257120.0,5.190000057220459,12277850.0,3.440000057220459,-5269.0,-41924470.0,5058.0,40221770.0,206.0,1663000.0,206.0,1663000.0,0.0,0.0,0.0,0.0,0.0,0.0,0.0,0.0,0.0,0.0,0.0,0.0,5.0,39700.0
036190,금화피에스시,코스닥,전기 및 통신 공사업,"설비,철물,전기,강구조물",32250.0,4593.0,147422700.0,-0.3100000023841858,6325200.0,4.289999961853027,-1131.0,-36292300.0,621.0,19897950.0,499.0,16038300.0,-56.0,-1777200.0,0.0,0.0,0.0,0.0,0.0,0.0,0.0,0.0,555.0,17815500.0,0.0,0.0,11.0,356050.0
049080,기가레인,코스닥,전자부품 제조업,RF통신부품 및 반도체 장비,10990.0,3223718.0,34499943270.0,21.84000015258789,566191210.0,1.6399999856948853,-130831.0,-1380598160.0,130243.0,1374794055.0,0.0,-14160.0,0.0,-14160.0,0.0,0.0,0.0,0.0,0.0,0.0,0.0,0.0,0.0,0.0,1009.0,9351330.0,-421.0,-3533065.0
420770,기가비스,코스닥,특수 목적용 기계 제조업,반도체 기판용 광학검사 및 수리장비,116400.0,87579.0,10207478500.0,1.3899999856948853,1369841000.0,10.539999961853027,9099.0,1060534850.0,-28026.0,-3266862100.0,18453.0,2150399750.0,-5949.0,-694191700.0,1161.0,135249100.0,1811.0,212937300.0,73.0,8507300.0,-6.0,-719500.0,20855.0,2429337550.0,335.0,39567200.0,139.0,16360300.0
035460,기산텔레콤,코스닥,통신 및 방송 장비 제조업,"광모듈, 에코 켄슬러, 중계기, VoIP Server등",2340.0,195696.0,445155289.0,9.600000381469727,330880.0,0.07000000029802322,-17464.0,-38835310.0,17690.0,39472530.0,0.0,-110760.0,0.0,-110760.0,0.0,0.0,0.0,0.0,0.0,0.0,0.0,0.0,0.0,0.0,0.0,0.0,-226.0,-526460.0
407400,꿈비,코스닥,가구 제조업,"놀이방매트, 유아거실가구 등",1949.0,34534.0,66953223.0,4.110000133514404,300964.0,0.44999998807907104,-798.0,-1555711.0,787.0,1534283.0,0.0,0.0,0.0,0.0,0.0,0.0,0.0,0.0,0.0,0.0,0.0,0.0,0.0,0.0,0.0,0.0,11.0,21428.0
187790,나노,코스닥,기초 화학물질 제조업,SCR촉매,2890.0,325174.0,937299995.0,3.0299999713897705,41025460.0,4.380000114440918,-31748.0,-91027629.0,-26184.0,-78670751.0,57998.0,169892205.0,-397.0,-1149205.0,-19517.0,-55655110.0,-28.0,-81445.0,0.0,0.0,-32.0,-92990.0,77972.0,226870955.0,0.0,0.0,-66.0,-193825.0
121600,나노신소재,코스닥,기타 화학제품 제조업,"인듐계 산화물 TCO Target, 반도체 CMP Slurry 등",44100.0,49309.0,2175775000.0,0.23000000417232513,396309650.0,12.550000190734863,11951.0,525851850.0,-4330.0,-191484400.0,-7436.0,-326150750.0,-10368.0,-455645100.0,0.0,0.0,2931.0,129450100.0,0.0,0.0,0.0,0.0,0.0,0.0,-35.0,-1564200.0,-150.0,-6652500.0
286750,나노실리칸첨단소재,코스닥,기초 화학물질 제조업,"보안응용제품(M-tag 및 M-pac), 보안소재제품(M-secuprint)",1425.0,0.0,0.0,0.0,0.0,0.0,0.0,0.0,0.0,0.0,0.0,0.0,0.0,0.0,0.0,0.0,0.0,0.0,0.0,0.0,0.0,0.0,0.0,0.0,0.0,0.0,0.0,0.0
247660,나노씨엠에스,코스닥,전자부품 제조업,"근적외선 흡수/반사 안료, 자외선 유기형광 안료, 적외선 발광체",2855.0,56212.0,165115456.0,-1.5499999523162842,162295.0,0.10000000149011612,-3991.0,-12332827.0,3991.0,11744722.0,0.0,588105.0,0.0,588105.0,0.0,0.0,0.0,0.0,0.0,0.0,0.0,0.0,0.0,0.0,0.0,0.0,0.0,0.0
039860,나노엔텍,코스닥,의료용 기기 제조업,의료기기 및 실험기기,3730.0,284167.0,1060958797.0,2.049999952316284,39938585.0,3.759999990463257,-1415.0,-5096400.0,1745.0,6328605.0,-5.0,-18640.0,-5.0,-18640.0,0.0,0.0,0.0,0.0,0.0,0.0,0.0,0.0,0.0,0.0,0.0,0.0,-325.0,-1213565.0
417010,나노팀,코스닥,일반 목적용 기계 제조업,전기차용 방열제품,4975.0,122861.0,593349604.0,8.619999885559082,0.0,0.0,14070.0,68343484.0,-20800.0,-101240164.0,6708.0,32800175.0,-292.0,-1469970.0,0.0,0.0,0.0,0.0,0.0,0.0,0.0,0.0,7000.0,34270145.0,0.0,0.0,22.0,96505.0
405920,나라셀라,코스닥,음·식료품 및 담배 도매업,와인 도소매,1777.0,11920.0,20819186.0,0.4000000059604645,0.0,0.0,-584.0,-980729.0,584.0,980729.0,0.0,0.0,0.0,0.0,0.0,0.0,0.0,0.0,0.0,0.0,0.0,0.0,0.0,0.0,0.0,0.0,0.0,0.0
478340,나라스페이스테크놀로지,코스닥,"항공기,우주선 및 부품 제조업",초소형 인공위성 및 위성 데이터 서비스,10300.0,66653.0,699143460.0,-0.9599999785423279,11845510.0,1.690000057220459,3985.0,42217740.0,-4038.0,-42777950.0,0.0,0.0,0.0,0.0,0.0,0.0,0.0,0.0,0.0,0.0,0.0,0.0,0.0,0.0,0.0,0.0,53.0,560210.0
051490,나라엠앤디,코스닥,특수 목적용 기계 제조업,"금형,사출 및 판금부품",2720.0,9130.0,24925510.0,0.550000011920929,276270.0,1.1100000143051147,2495.0,6870545.0,-2495.0,-6870545.0,0.0,0.0,0.0,0.0,0.0,0.0,0.0,0.0,0.0,0.0,0.0,0.0,0.0,0.0,0.0,0.0,0.0,0.0
137080,나래나노텍,코스닥,특수 목적용 기계 제조업,"디스플레이 장비 (포토, 코팅, 모듈 장비)",5400.0,6223.0,33221625.0,1.309999942779541,1372660.0,4.130000114440918,-1038.0,-5523425.0,334.0,1779845.0,-1427.0,-7618340.0,0.0,0.0,0.0,0.0,0.0,0.0,0.0,0.0,0.0,0.0,-1427.0,-7618340.0,2131.0,11361920.0,0.0,0.0
190510,나무가,코스닥,전자부품 제조업,"스마트폰 카메라모듈, 노트북 카메라모듈",14050.0,48157.0,674336145.0,2.7799999713897705,13387120.0,1.3600000143051147,-8901.0,-124278155.0,806.0,10329025.0,8175.0,115084640.0,8175.0,115084640.0,0.0,0.0,0.0,0.0,0.0,0.0,0.0,0.0,0.0,0.0,-75.0,-1064000.0,-5.0,-71510.0
242040,나무에이엑스,코스닥,소프트웨어 개발 및 공급업,응용소프트웨어 개발 및 공급업,3815.0,286093.0,1080309322.0,3.6700000762939453,33719955.0,3.119999885559082,37734.0,140620907.0,-36691.0,-136657117.0,0.0,0.0,0.0,0.0,0.0,0.0,0.0,0.0,0.0,0.0,0.0,0.0,0.0,0.0,0.0,950.0,-1043.0,-3964740.0
293580,나우IB,코스닥,기타 금융업,"투자조합, PEF 결성 및 투자",1461.0,177092.0,257677396.0,2.6700000762939453,3664421.0,1.4199999570846558,749.0,1188600.0,2128.0,3012773.0,0.0,0.0,0.0,0.0,0.0,0.0,0.0,0.0,0.0,0.0,0.0,0.0,0.0,0.0,100.0,143100.0,-2977.0,-4344473.0
459510,나우로보틱스,코스닥,특수 목적용 기계 제조업,산업용로봇 및 로봇자동화시스템,17380.0,215536.0,3609650305.0,3.2100000381469727,104011760.0,1.4800000190734863,11547.0,194306305.0,-14045.0,-236713805.0,743.0,12461490.0,143.0,2446090.0,0.0,0.0,0.0,0.0,0.0,0.0,0.0,0.0,600.0,10015400.0,2572.0,43640140.0,-817.0,-13694130.0
138610,나이벡,코스닥,의료용품 및 기타 의약 관련제품 제조업,"치아미백제,치과용 골이식재",15240.0,9058.0,138118300.0,1.600000023841858,11359080.0,4.420000076293945,5234.0,79841830.0,-5189.0,-79155820.0,-45.0,-686010.0,-45.0,-686010.0,0.0,0.0,0.0,0.0,0.0,0.0,0.0,0.0,0.0,0.0,0.0,0.0,0.0,0.0
130580,나이스디앤비,코스닥,기타 사업지원 서비스업,기업신용조사 보고서,5610.0,4812.0,26522410.0,1.4500000476837158,0.0,0.0,90.0,515900.0,397.0,2176850.0,-433.0,-2392160.0,-433.0,-2392160.0,0.0,0.0,0.0,0.0,0.0,0.0,0.0,0.0,0.0,0.0,-54.0,-300590.0,0.0,0.0
036800,나이스정보통신,코스닥,전기 통신업,카드 VAN사업,28150.0,0.0,0.0,0.0,0.0,0.0,0.0,0.0,0.0,0.0,0.0,0.0,0.0,0.0,0.0,0.0,0.0,0.0,0.0,0.0,0.0,0.0,0.0,0.0,0.0,0.0,0.0,0.0
366030,나인앤컴퍼니,코스닥,의복 액세서리 제조업,플러스사이즈 여성용 의류 및 잡화,4410.0,102879.0,448471321.0,3.1600000858306885,1514205.0,0.3400000035762787,-31254.0,-136250010.0,31583.0,137747380.0,0.0,-23050.0,0.0,-23050.0,0.0,0.0,0.0,0.0,0.0,0.0,0.0,0.0,0.0,0.0,-329.0,-1474320.0,0.0,0.0
267320,나인테크,코스닥,특수 목적용 기계 제조업,이차전지 제조 장비,2020.0,297452.0,596249715.0,5.320000171661377,903721.0,0.15000000596046448,-48971.0,-98001765.0,48108.0,96258408.0,0.0,0.0,0.0,0.0,0.0,0.0,0.0,0.0,0.0,0.0,0.0,0.0,0.0,0.0,0.0,0.0,863.0,1743357.0
111710,남화산업,코스닥,스포츠 서비스업,골프장 서비스,2915.0,76710.0,223845665.0,1.3899999856948853,7973070.0,3.559999942779541,-469.0,-1614474.0,407.0,1434364.0,0.0,0.0,0.0,0.0,0.0,0.0,0.0,0.0,0.0,0.0,0.0,0.0,0.0,0.0,0.0,0.0,62.0,180110.0
111710,남화산업,코스닥,스포츠 서비스업,골프장 서비스,2915.0,76710.0,223845665.0,1.3899999856948853,7973070.0,3.559999942779541,-469.0,-1614474.0,407.0,1434364.0,0.0,0.0,0.0,0.0,0.0,0.0,0.0,0.0,0.0,0.0,0.0,0.0,0.0,0.0,0.0,0.0,62.0,180110.0
091590,남화토건,코스닥,건물 건설업,"건축공사, 토목공사",4500.0,383402.0,1726927357.0,2.859999895095825,15569874.0,0.8999999761581421,-29523.0,-133457131.0,29160.0,131906831.0,0.0,0.0,0.0,0.0,0.0,0.0,0.0,0.0,0.0,0.0,0.0,0.0,0.0,0.0,-212.0,-972760.0,575.0,2523060.0
091590,남화토건,코스닥,건물 건설업,"건축공사, 토목공사",4500.0,383402.0,1726927357.0,2.859999895095825,15569874.0,0.8999999761581421,-29523.0,-133457131.0,29160.0,131906831.0,0.0,0.0,0.0,0.0,0.0,0.0,0.0,0.0,0.0,0.0,0.0,0.0,0.0,0.0,-212.0,-972760.0,575.0,2523060.0
168330,내츄럴엔도텍,코스닥,자연과학 및 공학 연구개발업,"백수오 여성호르몬제, 백수오등복합추출물(원료)",1885.0,12041.0,22638796.0,-0.05000000074505806,1896.0,0.009999999776482582,-745.0,-1404300.0,1121.0,2105504.0,-376.0,-701204.0,-376.0,-701204.0,0.0,0.0,0.0,0.0,0.0,0.0,0.0,0.0,0.0,0.0,0.0,0.0,0.0,0.0
094860,네오리진,코스닥,소프트웨어 개발 및 공급업,게임소프트웨어 제작 및 판매,1350.0,66842.0,87408787.0,6.300000190734863,7770.0,0.009999999776482582,-14386.0,-19077039.0,9435.0,12180465.0,0.0,0.0,0.0,0.0,0.0,0.0,0.0,0.0,0.0,0.0,0.0,0.0,0.0,0.0,5451.0,7553574.0,-500.0,-657000.0
0218L0,네오뷰,코스닥,영상 및 음향기기 제조업,"카지노 모니터, 자동차 전장 모니터",16990.0,145235.0,2391207310.0,10.039999961853027,194931670.0,8.149999618530273,-27991.0,-459254755.0,28489.0,467403145.0,-331.0,-5451080.0,0.0,-19800.0,0.0,0.0,0.0,0.0,0.0,0.0,0.0,0.0,-331.0,-5431280.0,-12.0,-195000.0,-155.0,-2502310.0
253590,네오셈,코스닥,특수 목적용 기계 제조업,반도체 검사장비,9290.0,335061.0,3121518500.0,4.619999885559082,70408585.0,2.259999990463257,-26074.0,-247226090.0,3813.0,33031065.0,21693.0,208857605.0,-28107.0,-261388150.0,1485.0,13932970.0,48300.0,456172085.0,15.0,140700.0,0.0,0.0,0.0,0.0,342.0,3212540.0,226.0,2124880.0
212560,네오오토,코스닥,자동차 신품 부품 제조업,"자동차부품(피니언기어, 디프어셈블리, 대형기어), 로봇 및 로봇부품, 모빌리티 부품 제조",10690.0,72555.0,761213450.0,4.389999866485596,51587320.0,6.78000020980835,-14305.0,-149879920.0,15890.0,166680570.0,-1500.0,-15921100.0,-1500.0,-15921100.0,0.0,0.0,0.0,0.0,0.0,0.0,0.0,0.0,0.0,0.0,-125.0,-1293750.0,40.0,414200.0
095660,네오위즈,코스닥,소프트웨어 개발 및 공급업,"피망,스페셜포스",18780.0,80506.0,1521372960.0,-2.490000009536743,102072200.0,5.900000095367432,18940.0,357851410.0,-633.0,-14402705.0,-18747.0,-351765565.0,-14827.0,-278110670.0,0.0,0.0,-970.0,-18220910.0,0.0,0.0,0.0,0.0,-2950.0,-55433985.0,440.0,8316860.0,0.0,0.0
042420,네오위즈홀딩스,코스닥,소프트웨어 개발 및 공급업,지주사업,23800.0,8980.0,213257400.0,-0.20999999344348907,3931600.0,1.840000033378601,-1590.0,-38094950.0,-2354.0,-55893950.0,3944.0,93988900.0,4899.0,116615700.0,0.0,0.0,0.0,0.0,0.0,0.0,0.0,0.0,-955.0,-22626800.0,0.0,0.0,0.0,0.0
950220,네오이뮨텍,코스닥,자연과학 및 공학 연구개발업,면역항암제,1373.0,178610.0,243633016.0,-0.4399999976158142,4743497.0,1.9500000476837158,-24752.0,-33780485.0,20113.0,27422091.0,0.0,-9523.0,0.0,-9523.0,0.0,0.0,0.0,0.0,0.0,0.0,0.0,0.0,0.0,0.0,0.0,0.0,4639.0,6367917.0
311390,네오크레마,코스닥,기타 식품 제조업,기능성 식품 원료,2410.0,16853.0,40057850.0,3.430000066757202,74595.0,0.1899999976158142,-728.0,-1614715.0,728.0,1614715.0,0.0,0.0,0.0,0.0,0.0,0.0,0.0,0.0,0.0,0.0,0.0,0.0,0.0,0.0,0.0,0.0,0.0,0.0
085910,네오티스,코스닥,자동차 신품 부품 제조업,"마이크로비트,샤프트",17550.0,133032.0,2359056595.0,0.75,137908290.0,5.849999904632568,-1919.0,-41584935.0,-16071.0,-297556510.0,23570.0,436084025.0,-2146.0,-37690960.0,-10.0,-182850.0,30570.0,556930050.0,0.0,0.0,-9219.0,-162687945.0,4375.0,79715730.0,-5580.0,-96942580.0,0.0,0.0
092730,네오팜,코스닥,기타 화학제품 제조업,생체기능성(아토피)보습제,20150.0,53707.0,1083313000.0,0.75,2526100.0,0.1599999964237213,-20682.0,-416431655.0,7865.0,156682240.0,12477.0,252897835.0,12479.0,252937985.0,-2.0,-40150.0,0.0,0.0,0.0,0.0,0.0,0.0,0.0,0.0,340.0,6851280.0,0.0,300.0
153460,네이블,코스닥,소프트웨어 개발 및 공급업,"유무선융합 인프라, 클라이언트 및 All-IP 통신보안",6610.0,7558.0,49499555.0,2.799999952316284,117110.0,0.23999999463558197,-1199.0,-7838105.0,1245.0,8141825.0,0.0,0.0,0.0,0.0,0.0,0.0,0.0,0.0,0.0,0.0,0.0,0.0,0.0,0.0,0.0,0.0,-46.0,-303720.0
007390,네이처셀,코스닥,기초 의약물질 제조업,닥터쥬크르,22150.0,535546.0,11782555675.0,0.9100000262260437,1744572775.0,9.770000457763672,69907.0,1520146600.0,-28379.0,-609266175.0,-37567.0,-824222075.0,-38598.0,-846998875.0,-8.0,-176250.0,39.0,858200.0,0.0,0.0,1000.0,22094850.0,0.0,0.0,-3464.0,-75705950.0,-497.0,-10952400.0
033640,네패스,코스닥,반도체 제조업,반도체및TFT-LCD용현상액,16700.0,111834.0,1861939300.0,6.440000057220459,250927620.0,8.319999694824219,909.0,13568810.0,-8492.0,-140063455.0,7122.0,118718635.0,7122.0,118718635.0,0.0,0.0,0.0,0.0,0.0,0.0,0.0,0.0,0.0,0.0,594.0,9961380.0,-133.0,-2185370.0
330860,네패스아크,코스닥,"그외 기타 전문, 과학 및 기술 서비스업",반도체 테스트 서비스,27300.0,229399.0,6176592150.0,10.079999923706055,554643850.0,8.979999542236328,-648.0,-28888075.0,-66187.0,-1792604725.0,66254.0,1805951250.0,418.0,11087550.0,0.0,0.0,-856.0,-23488350.0,0.0,0.0,64237.0,1751214925.0,0.0,0.0,551.0,14723100.0,30.0,818450.0
351320,넥사다이내믹스,코스닥,특수 목적용 기계 제조업,기업인수목적회사,944.0,58147.0,54044625.0,-1.6699999570846558,1071110.0,1.9800000190734863,7907.0,7199395.0,2093.0,1928755.0,0.0,0.0,0.0,0.0,0.0,0.0,0.0,0.0,0.0,0.0,0.0,0.0,0.0,0.0,-10000.0,-9128150.0,0.0,0.0
089140,넥스턴앤롤코리아,코스닥,특수 목적용 기계 제조업,CNC자동선반,2320.0,36191.0,82946705.0,2.200000047683716,27680.0,0.029999999329447746,-6512.0,-14942985.0,6260.0,14373465.0,0.0,0.0,0.0,0.0,0.0,0.0,0.0,0.0,0.0,0.0,0.0,0.0,0.0,0.0,0.0,0.0,252.0,569520.0
389650,넥스트바이오메디컬,코스닥,의료용 기기 제조업,"내시경용 지혈재, 혈관색전 미립구",40500.0,28295.0,1136772675.0,0.25,64670650.0,4.46999979019165,-1366.0,-54495350.0,-6305.0,-255021950.0,7667.0,309357700.0,-176.0,-7030950.0,0.0,0.0,-746.0,-29754350.0,0.0,0.0,0.0,0.0,8589.0,346143000.0,4.0,159600.0,0.0,0.0
137940,넥스트아이,코스닥,"측정, 시험, 항해, 제어 및 기타 정밀기기 제조업; 광학기기 제외","LCD 편광필름 검사장비, BLU 검사장비 등",2065.0,68978.0,143278330.0,-2.359999895095825,4253065.0,2.9700000286102295,-7927.0,-16085461.0,7927.0,16102341.0,0.0,-16880.0,0.0,-16880.0,0.0,0.0,0.0,0.0,0.0,0.0,0.0,0.0,0.0,0.0,0.0,0.0,0.0,0.0
396270,넥스트칩,코스닥,반도체 제조업,"차량 및 자율주행차용 비메모리 반도체(ISP, AHD, ADAS/AD)",2140.0,150305.0,319789840.0,4.650000095367432,98670.0,0.029999999329447746,4808.0,10840720.0,-5308.0,-11871970.0,0.0,-18750.0,0.0,-18750.0,0.0,0.0,0.0,0.0,0.0,0.0,0.0,0.0,0.0,0.0,0.0,0.0,500.0,1050000.0
348210,넥스틴,코스닥,특수 목적용 기계 제조업,반도체 전공정용 패턴결함 검사장비(AEGIS 등),32400.0,70097.0,2281913225.0,0.3100000023841858,303765550.0,10.420000076293945,13811.0,447971300.0,9969.0,321489150.0,-24227.0,-784197000.0,-7537.0,-245485450.0,-5956.0,-191770150.0,1543.0,50119200.0,0.0,0.0,-12277.0,-397060600.0,0.0,0.0,406.0,13401000.0,41.0,1335550.0
225570,넥슨게임즈,코스닥,소프트웨어 개발 및 공급업,온라인 및 모바일 게임,9000.0,218681.0,1986888160.0,-5.159999847412109,258754480.0,9.5600004196167,135003.0,1221020960.0,-107841.0,-974707430.0,-27364.0,-248172490.0,-27383.0,-248344830.0,0.0,0.0,19.0,172340.0,0.0,0.0,0.0,0.0,0.0,0.0,0.0,0.0,202.0,1858960.0
205500,넥써쓰,코스닥,소프트웨어 개발 및 공급업,모바일게임,1676.0,308956.0,516246051.0,-1.2999999523162842,15842388.0,3.069999933242798,63940.0,107275285.0,18124.0,29819088.0,1730.0,2883444.0,1730.0,2883444.0,0.0,0.0,0.0,0.0,0.0,0.0,0.0,0.0,0.0,0.0,-83800.0,-139987807.0,6.0,9990.0
217270,넵튠,코스닥,소프트웨어 개발 및 공급업,모바일게임,2420.0,41853.0,101257605.0,-0.8199999928474426,51375.0,0.05000000074505806,9736.0,24036281.0,-8761.0,-21656871.0,30.0,72640.0,30.0,72640.0,0.0,0.0,0.0,0.0,0.0,0.0,0.0,0.0,0.0,0.0,-1000.0,-2440000.0,-5.0,-12050.0
104620,노랑풍선,코스닥,여행사 및 기타 여행보조 서비스업,"국내외여행 알선, 항공권 판매",3050.0,31431.0,95370112.0,2.3499999046325684,3065030.0,3.2100000381469727,-1075.0,-3176757.0,1075.0,3176757.0,0.0,0.0,0.0,0.0,0.0,0.0,0.0,0.0,0.0,0.0,0.0,0.0,0.0,0.0,0.0,0.0,0.0,0.0
473980,노머스,코스닥,창작 및 예술관련 서비스업,"공연기획 및 MD, Fromm 플랫폼",10870.0,13964.0,151495190.0,0.6499999761581421,10488270.0,4.840000152587891,812.0,8736850.0,-3203.0,-34619190.0,2575.0,27872290.0,2670.0,28901450.0,0.0,0.0,0.0,0.0,0.0,0.0,0.0,0.0,-95.0,-1029160.0,-184.0,-1989950.0,0.0,0.0
194700,노바렉스,코스닥,기타 식품 제조업,건강기능식품 제조,14450.0,93767.0,1364110980.0,-3.1500000953674316,428582710.0,24.5,44277.0,643685685.0,-44586.0,-648222740.0,291.0,4270625.0,11697.0,170294340.0,0.0,0.0,-14406.0,-209582380.0,0.0,0.0,0.0,0.0,3000.0,43558665.0,15.0,222180.0,3.0,44250.0
285490,노바텍,코스닥,그외 기타 제품 제조업,"Magnet, Shield Magnet, 심재",11580.0,24608.0,283222770.0,3.2100000381469727,357050.0,0.12999999523162842,3699.0,42575280.0,-4947.0,-57049810.0,8.0,92680.0,8.0,92680.0,0.0,0.0,0.0,0.0,0.0,0.0,0.0,0.0,0.0,0.0,1240.0,14381850.0,0.0,0.0
145170,노브랜드,코스닥,편조의복 제조업,"Knit, Woven 의류",2865.0,14234.0,40975140.0,1.4199999570846558,382655.0,0.9300000071525574,-2421.0,-6941047.0,2416.0,6926747.0,0.0,0.0,0.0,0.0,0.0,0.0,0.0,0.0,0.0,0.0,0.0,0.0,0.0,0.0,0.0,0.0,5.0,14300.0
376930,노을,코스닥,의료용 기기 제조업,융복합 체외진단 플랫폼,625.0,105120.0,65457594.0,0.9700000286102295,58619.0,0.09000000357627869,8860.0,5509499.0,-15494.0,-9649195.0,0.0,0.0,0.0,0.0,0.0,0.0,0.0,0.0,0.0,0.0,0.0,0.0,0.0,0.0,0.0,6.0,6634.0,4139690.0
486990,노타,코스닥,소프트웨어 개발 및 공급업,AI 최적화 및 경량화 소프트웨어,21000.0,206697.0,4308428425.0,3.190000057220459,73863600.0,0.949999988079071,-13873.0,-289810200.0,15068.0,315288225.0,-170.0,-3900575.0,-170.0,-3900575.0,0.0,0.0,0.0,0.0,0.0,0.0,0.0,0.0,0.0,0.0,-853.0,-17968350.0,-172.0,-3609100.0
142280,녹십자엠에스,코스닥,의료용품 및 기타 의약 관련제품 제조업,"혈액백, 진단시약, 혈액투석액",2685.0,264832.0,706362571.0,2.680000066757202,2273705.0,0.3199999928474426,62766.0,167908139.0,-53890.0,-144298409.0,1124.0,3002770.0,1124.0,3002770.0,0.0,0.0,0.0,0.0,0.0,0.0,0.0,0.0,0.0,0.0,-10000.0,-26612500.0,0.0,0.0
234690,녹십자웰빙,코스닥,의약품 제조업,"전문의약품, 건강기능식품",8600.0,63598.0,549242630.0,2.0199999809265137,2294290.0,0.41999998688697815,-10649.0,-90910540.0,10721.0,91521450.0,0.0,18370.0,0.0,18370.0,0.0,0.0,0.0,0.0,0.0,0.0,0.0,0.0,0.0,0.0,-72.0,-629280.0,0.0,0.0
069140,누리플랜,코스닥,"구조용 금속제품, 탱크 및 증기발생기 제조업","경관조명, 경관시설",1807.0,23933.0,42626799.0,2.259999990463257,0.0,0.0,-4571.0,-8144647.0,5521.0,9850569.0,0.0,0.0,0.0,0.0,0.0,0.0,0.0,0.0,0.0,0.0,0.0,0.0,0.0,0.0,-950.0,-1705922.0,0.0,0.0
040160,누리플렉스,코스닥,소프트웨어 개발 및 공급업,"지능형검침인프라(AMI),에너지관리시스템, 플랫폼 SW",4805.0,29713.0,142277424.0,8.960000038146973,4445.0,0.0,-870.0,-4435273.0,903.0,4593058.0,0.0,0.0,0.0,0.0,0.0,0.0,0.0,0.0,0.0,0.0,0.0,0.0,0.0,0.0,-33.0,-157785.0,0.0,0.0
332290,누보,코스닥,"비료, 농약 및 살균, 살충제 제조업",기업 인수 및 합병,954.0,280585.0,263492290.0,5.650000095367432,2178621.0,0.8299999833106995,-20296.0,-18607904.0,-6974.0,-7311742.0,20000.0,18961123.0,0.0,0.0,0.0,0.0,20000.0,18961123.0,0.0,0.0,0.0,0.0,0.0,0.0,7520.0,7194523.0,-250.0,-236000.0
348340,뉴로메카,코스닥,특수 목적용 기계 제조업,"협동로봇, 협동로봇 자동화 플랫폼, 로봇제어기 등",21500.0,358419.0,7913467600.0,2.380000114440918,153913375.0,1.940000057220459,145610.0,3206692825.0,-141789.0,-3125917875.0,-3926.0,-83485725.0,-3926.0,-83485725.0,0.0,0.0,0.0,0.0,0.0,0.0,0.0,0.0,0.0,0.0,7.0,154950.0,98.0,2555825.0
380550,뉴로핏,코스닥,소프트웨어 개발 및 공급업,"Neurophet AQUA, Neurophet Scale PET, Neurophet AQUA AD",8430.0,58258.0,482731185.0,4.199999809265137,14150570.0,2.930000066757202,2539.0,21143895.0,-3003.0,-24979645.0,449.0,3710550.0,449.0,3710550.0,0.0,0.0,0.0,0.0,0.0,0.0,0.0,0.0,0.0,0.0,0.0,0.0,15.0,125200.0
060260,뉴보텍,코스닥,플라스틱제품 제조업,"고강성 PVC DC, HDPE 등",1304.0,949327.0,1249773643.0,11.449999809265137,11227541.0,0.8999999761581421,11856.0,22051902.0,1578.0,-6481279.0,-38.0,-75250.0,-38.0,-75250.0,0.0,0.0,0.0,0.0,0.0,0.0,0.0,0.0,0.0,0.0,-13396.0,-15743371.0,0.0,247998.0
463020,뉴엔AI,코스닥,소프트웨어 개발 및 공급업,AI 빅데이터 분석 플랫폼,10330.0,3092760.0,32436504085.0,14.020000457763672,102557700.0,0.3199999928474426,-2653.0,-7043570.0,2034.0,-5033165.0,-2789.0,-27809440.0,581.0,5828000.0,0.0,0.0,0.0,0.0,0.0,0.0,0.0,0.0,-3370.0,-33637440.0,-2000.0,-21561210.0,5408.0,61447385.0
123840,뉴온,코스닥,기타 식품 제조업,건강기능식품 및 생활용품 외,1816.0,18877.0,33161321.0,3.4800000190734863,0.0,0.0,-494.0,-788880.0,494.0,793627.0,0.0,-4747.0,0.0,-4747.0,0.0,0.0,0.0,0.0,0.0,0.0,0.0,0.0,0.0,0.0,0.0,0.0,0.0,0.0
012340,뉴인텍,코스닥,자동차 신품 부품 제조업,친환경 차량용 커패시터,917.0,430237.0,389087401.0,3.619999885559082,25955.0,0.009999999776482582,23100.0,20558398.0,11283.0,10343157.0,-34362.0,-30882760.0,-34362.0,-30882760.0,0.0,0.0,0.0,0.0,0.0,0.0,0.0,0.0,0.0,0.0,0.0,0.0,-21.0,-18795.0
462310,뉴키즈온,코스닥,봉제의복 제조업,유아동용 의복,3625.0,11542.0,40436005.0,0.6899999976158142,14690.0,0.03999999910593033,6099.0,21231500.0,-99.0,-416960.0,-6000.0,-20814540.0,0.0,0.0,0.0,0.0,0.0,0.0,0.0,0.0,0.0,0.0,0.0,0.0,0.0,0.0,0.0,0.0
270870,뉴트리,코스닥,기타 식품 제조업,"에버콜라겐, 지노마스터 등",4510.0,15507.0,70357085.0,-1.4199999570846558,5667770.0,8.0600004196167,-2954.0,-13394095.0,-2046.0,-9314725.0,5000.0,22713035.0,5000.0,22713035.0,0.0,0.0,0.0,0.0,0.0,0.0,0.0,0.0,0.0,0.0,0.0,-4215.0,0.0,0.0
144960,뉴파워프라즈마,코스닥,특수 목적용 기계 제조업,플라즈마 세정기(Remote Plasma Cleaning Generator),10490.0,1071255.0,11104905280.0,2.8399999141693115,136984150.0,1.2300000190734863,-22402.0,-228302080.0,3031.0,29146575.0,19294.0,198526665.0,-3989.0,-41778250.0,0.0,0.0,2069.0,21081520.0,0.0,0.0,-11507.0,-118079620.0,32721.0,337303015.0,-785.0,-8264040.0,862.0,8892880.0
085670,뉴프렉스,코스닥,전자부품 제조업,연성인쇄회로기판,3075.0,239392.0,732254005.0,3.0199999809265137,14278495.0,1.9500000476837158,-30353.0,-91881184.0,30381.0,92220589.0,0.0,-254225.0,0.0,-254225.0,0.0,0.0,0.0,0.0,0.0,0.0,0.0,0.0,0.0,0.0,14.0,43120.0,-42.0,-128300.0
064260,다날,코스닥,소프트웨어 개발 및 공급업,모바일콘텐츠 및 유무선전화결제,4875.0,4468513.0,21649880691.0,1.4600000381469727,587131390.0,2.7100000381469727,-33490.0,-113653978.0,40919.0,149556323.0,-1.0,-86195.0,-1.0,-86195.0,0.0,0.0,0.0,0.0,0.0,0.0,0.0,0.0,0.0,0.0,-2769.0,-13605105.0,-4659.0,-22211045.0
340360,다보링크,코스닥,통신 및 방송 장비 제조업,"AP, APController 외",862.0,287017.0,242569328.0,6.949999809265137,406187.0,0.17000000178813934,28263.0,24630958.0,-28262.0,-24630086.0,0.0,0.0,0.0,0.0,0.0,0.0,0.0,0.0,0.0,0.0,0.0,0.0,0.0,0.0,0.0,0.0,-1.0,-872.0
039560,다산네트웍스,코스닥,통신 및 방송 장비 제조업,네트워크 통신장비,2530.0,200301.0,507286347.0,5.199999809265137,4703145.0,0.9300000071525574,-705.0,-945217.0,2034.0,4381117.0,1147.0,2901840.0,1147.0,2901840.0,0.0,0.0,0.0,0.0,0.0,0.0,0.0,0.0,0.0,0.0,0.0,0.0,-2476.0,-6337740.0
208860,다산디엠씨,코스닥,소프트웨어 개발 및 공급업,"Nav-Link 솔루션, BringGo 어플리케이션 등",995.0,134877.0,133297120.0,10.3100004196167,58394.0,0.03999999910593033,-52549.0,-52003230.0,15966.0,15842167.0,0.0,0.0,0.0,0.0,0.0,0.0,0.0,0.0,0.0,0.0,0.0,0.0,0.0,0.0,36583.0,36161063.0,0.0,0.0
154040,다산솔루에타,코스닥,전자부품 제조업,전자파 차폐소재,983.0,887187.0,855949024.0,18.43000030517578,1049288.0,0.11999999731779099,-249466.0,-241228883.0,21970.0,21033327.0,0.0,0.0,0.0,0.0,0.0,0.0,0.0,0.0,0.0,0.0,0.0,0.0,0.0,0.0,235315.0,228023083.0,-7819.0,-7827527.0
032190,다우데이타,코스닥,기계장비 및 관련 물품 도매업,"Autodesk 제품군 및 보안, 백신 소프트웨어 등",19250.0,62401.0,1211633610.0,0.05000000074505806,46616820.0,3.069999933242798,2139.0,39851170.0,20468.0,396651480.0,-18357.0,-354654080.0,-18366.0,-354829470.0,0.0,0.0,9.0,175390.0,0.0,0.0,0.0,0.0,0.0,0.0,-4249.0,-81829320.0,-1.0,-19250.0
323350,다원넥스뷰,코스닥,특수 목적용 기계 제조업,LSMB(Laser Micro Bonding System),7650.0,69446.0,552140895.0,7.289999961853027,4944420.0,0.8999999761581421,5691.0,49196560.0,-7212.0,-62255030.0,1510.0,12975310.0,0.0,0.0,0.0,0.0,1510.0,12975310.0,0.0,0.0,0.0,0.0,0.0,0.0,0.0,0.0,11.0,83160.0
068240,다원시스,코스닥,"전동기, 발전기 및 전기 변환 · 공급 · 제어 장치 제조업","핵융합 전원장치, 플라즈마 전원장치, 태양광 CVD 전원장치, 산업용 특수정류기",2530.0,0.0,0.0,0.0,0.0,0.0,0.0,0.0,0.0,0.0,0.0,0.0,0.0,0.0,0.0,0.0,0.0,0.0,0.0,0.0,0.0,0.0,0.0,0.0,0.0,0.0,0.0,0.0
290660,다이나믹솔루션,코스닥,의료용 기기 제조업,라파엘스마트글러브 외,1593.0,596092.0,959617825.0,-1.6699999570846558,32327806.0,3.369999885559082,-4230.0,-8124914.0,-6657.0,-9412890.0,3647.0,6214271.0,3647.0,6214271.0,0.0,0.0,0.0,0.0,0.0,0.0,0.0,0.0,0.0,0.0,1838.0,2937448.0,5402.0,8386085.0
464580,닷밀,코스닥,"영화, 비디오물, 방송프로그램 제작 및 배급업","실감미디어 콘텐츠 및 시설 구축, 전시 및 테마파크 운영",1676.0,30405.0,50223538.0,0.18000000715255737,1262097.0,2.509999990463257,3362.0,5604419.0,-3746.0,-6214873.0,0.0,-33981.0,0.0,-33981.0,0.0,0.0,0.0,0.0,0.0,0.0,0.0,0.0,0.0,0.0,389.0,652665.0,-5.0,-8230.0
020400,대동금속,코스닥,금속 주조업,"농기계 주문제품 및 상용차 실린더 헤드, 경승용차 실린더 브록 외",2865.0,37214.0,105909430.0,3.990000009536743,14025.0,0.009999999776482582,9484.0,27480615.0,-9984.0,-28904525.0,0.0,0.0,0.0,0.0,0.0,0.0,0.0,0.0,0.0,0.0,0.0,0.0,0.0,0.0,500.0,1423910.0,0.0,0.0
008830,대동기어,코스닥,특수 목적용 기계 제조업,"기어, 베벨기어, 축, 엑셀, T/M, 유성감속기, 기타조립품",7530.0,88223.0,668863205.0,0.27000001072883606,259580.0,0.03999999910593033,25289.0,190840930.0,-25089.0,-189274920.0,0.0,-19430.0,0.0,-19430.0,0.0,0.0,0.0,0.0,0.0,0.0,0.0,0.0,0.0,0.0,20.0,151800.0,-220.0,-1698380.0
048470,대동스틸,코스닥,기타 전문 도매업,"열연박판, 후판, 무늬강판 외",2580.0,19959.0,51090660.0,3.200000047683716,321840.0,0.6299999952316284,3211.0,8275225.0,-3215.0,-8265770.0,4.0,-9455.0,4.0,-9455.0,0.0,0.0,0.0,0.0,0.0,0.0,0.0,0.0,0.0,0.0,0.0,0.0,0.0,0.0
004780,대륙제관,코스닥,기타 금속 가공제품 제조업,휴대용부탄가스 및 금속포장용기,4000.0,57849.0,232053445.0,-2.319999933242798,9100900.0,3.9200000762939453,18886.0,75720990.0,1700.0,6578690.0,-23686.0,-94664680.0,-14558.0,-58139765.0,0.0,0.0,0.0,0.0,0.0,0.0,0.0,0.0,-9128.0,-36524915.0,3100.0,12365000.0,0.0,0.0
017650,대림제지,코스닥,기타 종이 및 판지 제품 제조업,골판지원지,9820.0,29952.0,288340560.0,2.940000057220459,4091020.0,1.4199999570846558,-6489.0,-62924920.0,2396.0,23110450.0,-148.0,-1407060.0,-148.0,-1407060.0,0.0,0.0,0.0,0.0,0.0,0.0,0.0,0.0,0.0,0.0,4241.0,41221530.0,0.0,0.0
389260,대명에너지,코스닥,건물 건설업,신재생에너지 발전 공사 및 용역,14540.0,501819.0,7104904785.0,12.279999732971191,103522815.0,1.4600000381469727,-101176.0,-1413502560.0,58777.0,805657300.0,42594.0,609911290.0,-459.0,-6666935.0,0.0,0.0,38669.0,553238740.0,0.0,0.0,0.0,0.0,4384.0,63339485.0,1000.0,14741470.0,-1195.0,-16807500.0
317850,대모,코스닥,특수 목적용 기계 제조업,"유압브레이커, 특수장비/부품, 퀵커플러 등",5920.0,23960.0,141016380.0,4.590000152587891,99710.0,0.07000000029802322,-46.0,-179120.0,44.0,167340.0,2.0,11780.0,2.0,11780.0,0.0,0.0,0.0,0.0,0.0,0.0,0.0,0.0,0.0,0.0,0.0,0.0,0.0,0.0
290670,대보마그네틱,코스닥,기타 전기장비 제조업,"전자석탈철기, 자력선별기",5150.0,12636.0,63917665.0,5.420000076293945,10140.0,0.019999999552965164,-2244.0,-11180800.0,3243.0,16275710.0,0.0,-10.0,0.0,-10.0,0.0,0.0,0.0,0.0,0.0,0.0,0.0,0.0,0.0,0.0,0.0,0.0,-999.0,-5094900.0
078140,대봉엘에스,코스닥,의약품 제조업,"원료의약품,화장품원료",8140.0,11656.0,95311130.0,1.1200000047683716,195960.0,0.20999999344348907,126.0,1133270.0,-423.0,-3566040.0,-9.0,-73260.0,-9.0,-73260.0,0.0,0.0,0.0,0.0,0.0,0.0,0.0,0.0,0.0,0.0,309.0,2530690.0,-3.0,-24660.0
065150,대산F&B,코스닥,음·식료품 및 담배 도매업,"외식프랜차이즈사업,육류가공,식자재유통등",1543.0,15784.0,24453047.0,0.6499999761581421,343478.0,1.399999976158142,-9160.0,-14193950.0,5935.0,9195200.0,0.0,0.0,0.0,0.0,0.0,0.0,0.0,0.0,0.0,0.0,0.0,0.0,0.0,0.0,3225.0,4998750.0,0.0,0.0
036480,대성미생물,코스닥,의약품 제조업,"동물용 의약품, 미생물제재",6230.0,6017.0,37805250.0,0.1599999964237213,1540310.0,4.070000171661377,361.0,2282730.0,-361.0,-2282730.0,0.0,0.0,0.0,0.0,0.0,0.0,0.0,0.0,0.0,0.0,0.0,0.0,0.0,0.0,0.0,0.0,0.0,0.0
027830,대성창투,코스닥,신탁업 및 집합투자업,투자서비스,997.0,65360.0,64973011.0,1.3200000524520874,1983.0,0.0,-5777.0,-5733571.0,7077.0,7032280.0,0.0,0.0,0.0,0.0,0.0,0.0,0.0,0.0,0.0,0.0,0.0,0.0,0.0,0.0,0.0,0.0,-1300.0,-1298709.0
129920,대성하이텍,코스닥,특수 목적용 기계 제조업,"정밀부품, 스위스턴 자동선반, 컴팩트 머시닝센터",6000.0,360846.0,2104042510.0,5.630000114440918,26207760.0,1.25,81747.0,480118890.0,-76845.0,-449368580.0,-8758.0,-52623370.0,-89.0,-612240.0,-2.0,-11900.0,-22.0,-130580.0,0.0,0.0,-23.0,-136650.0,-8622.0,-51732000.0,3856.0,21873060.0,0.0,0.0
471050,대신밸런스제17호스팩,코스닥,금융 지원 서비스업,금융 지원 서비스업,2100.0,11130.0,23320415.0,0.23999999463558197,0.0,0.0,4.0,8400.0,-4.0,-8400.0,0.0,0.0,0.0,0.0,0.0,0.0,0.0,0.0,0.0,0.0,0.0,0.0,0.0,0.0,0.0,0.0,0.0,0.0
482690,대신밸런스제19호스팩,코스닥,금융 지원 서비스업,기업 인수 및 합병,2105.0,17658.0,36636625.0,0.23999999463558197,0.0,0.0,-2.0,-4200.0,0.0,0.0,2.0,4200.0,2.0,4200.0,0.0,0.0,0.0,0.0,0.0,0.0,0.0,0.0,0.0,0.0,0.0,0.0,0.0,0.0
0134X0,대신밸런스제20호스팩,코스닥,금융 지원 서비스업,금융 지원 서비스업,1975.0,19520.0,38503423.0,0.0,66980.0,0.17000000178813934,89.0,171911.0,-36.0,-70922.0,-73.0,-140469.0,2403.0,4741119.0,0.0,0.0,-2476.0,-4881588.0,0.0,0.0,0.0,0.0,0.0,0.0,0.0,0.0,20.0,39480.0
020180,대신정보통신,코스닥,"컴퓨터 프로그래밍, 시스템 통합 및 관리업","디지털서비스, SI서비스, 산업용 PDA",836.0,0.0,0.0,0.0,0.0,0.0,0.0,0.0,0.0,0.0,0.0,0.0,0.0,0.0,0.0,0.0,0.0,0.0,0.0,0.0,0.0,0.0,0.0,0.0,0.0,0.0,0.0,0.0
020180,대신정보통신,코스닥,"컴퓨터 프로그래밍, 시스템 통합 및 관리업","디지털서비스, SI서비스, 산업용 PDA",836.0,0.0,0.0,0.0,0.0,0.0,0.0,0.0,0.0,0.0,0.0,0.0,0.0,0.0,0.0,0.0,0.0,0.0,0.0,0.0,0.0,0.0,0.0,0.0,0.0,0.0,0.0,0.0
045390,대아티아이,코스닥,기타 전기장비 제조업,철도신호제어시스템 등,2640.0,376109.0,988773235.0,3.7300000190734863,28842615.0,2.9200000762939453,-88528.0,-232048352.0,88228.0,231252837.0,0.0,0.0,0.0,0.0,0.0,0.0,0.0,0.0,0.0,0.0,0.0,0.0,0.0,0.0,0.0,0.0,300.0,795515.0
108380,대양전기공업,코스닥,선박 및 보트 건조업,"해상용 조명등기구, (함정용)전자시스템, 배전반류 등",17520.0,32988.0,575735780.0,3.0,21215340.0,3.119999885559082,-7497.0,-130488380.0,5059.0,87999510.0,2809.0,48951610.0,2809.0,48951610.0,0.0,0.0,0.0,0.0,0.0,0.0,0.0,0.0,0.0,0.0,-72.0,-1251120.0,-299.0,-5211620.0
007680,대원,코스닥,건물 건설업,아파트 시행 및 시공,3460.0,14778.0,51401865.0,1.6200000047683716,4823990.0,9.380000114440918,-2800.0,-9623515.0,255.0,751750.0,2545.0,8871765.0,2545.0,8871765.0,0.0,0.0,0.0,0.0,0.0,0.0,0.0,0.0,0.0,0.0,0.0,0.0,0.0,0.0
048910,대원미디어,코스닥,기타 전문 도매업,"캐릭터 사업, 만화영화 제작",4695.0,23692.0,110568595.0,2.619999885559082,3544825.0,3.2100000381469727,9074.0,42301330.0,-9130.0,-42564075.0,53.0,248825.0,53.0,248825.0,0.0,0.0,0.0,0.0,0.0,0.0,0.0,0.0,0.0,0.0,0.0,0.0,3.0,13920.0
005710,대원산업,코스닥,자동차 신품 부품 제조업,자동차시트,11530.0,5956.0,68625320.0,-0.09000000357627869,9010990.0,8.960000038146973,-219.0,-2548035.0,281.0,3268495.0,-22.0,-253660.0,-22.0,-253660.0,0.0,0.0,0.0,0.0,0.0,0.0,0.0,0.0,0.0,0.0,-40.0,-466800.0,0.0,0.0
120240,대정화금,코스닥,기초 화학물질 제조업,"시약, 원료의약품",14600.0,13559.0,197381210.0,1.600000023841858,1750770.0,0.8899999856948853,1756.0,25578830.0,-1662.0,-24203850.0,-64.0,-938180.0,-64.0,-938180.0,0.0,0.0,0.0,0.0,0.0,0.0,0.0,0.0,0.0,0.0,-30.0,-436800.0,0.0,0.0
003310,대주산업,코스닥,동물용 사료 및 조제식품 제조업,배합사료,1596.0,246866.0,395095988.0,2.309999942779541,267295.0,0.07000000029802322,-28103.0,-44855577.0,25446.0,40661826.0,0.0,-13662.0,0.0,-13662.0,0.0,0.0,0.0,0.0,0.0,0.0,0.0,0.0,0.0,0.0,0.0,0.0,2657.0,4207413.0
078600,대주전자재료,코스닥,전자부품 제조업,"전도성페이스트,태양전지 페이스트,고분자재료,PIG,이차전지용음극재료",85400.0,194841.0,16660416800.0,0.23000000417232513,1616348800.0,5.789999961853027,25895.0,2201491100.0,-23768.0,-2023405750.0,-1885.0,-157633150.0,-11555.0,-981725750.0,471.0,40231700.0,6914.0,590944650.0,233.0,19849650.0,3115.0,266110000.0,-1063.0,-93043400.0,-75.0,-6339800.0,-167.0,-14112400.0
393970,대진첨단소재,코스닥,플라스틱제품 제조업,"이차전지 공정용 대전방지트레이, 대전방지코팅액, 이차전지용 PET이형필름",2825.0,0.0,0.0,0.0,0.0,0.0,0.0,0.0,0.0,0.0,0.0,0.0,0.0,0.0,0.0,0.0,0.0,0.0,0.0,0.0,0.0,0.0,0.0,0.0,0.0,0.0,0.0,0.0
096350,대창솔루션,코스닥,"구조용 금속제품, 탱크 및 증기발생기 제조업",내연기관구조재(선박엔진용MBS),1799.0,113244.0,203253635.0,4.289999961853027,70800.0,0.029999999329447746,-27698.0,-49313386.0,27724.0,49361013.0,0.0,-1188.0,0.0,-1188.0,0.0,0.0,0.0,0.0,0.0,0.0,0.0,0.0,0.0,0.0,-20.0,-35657.0,-6.0,-10782.0
140520,대창스틸,코스닥,1차 철강 제조업,"냉연강판, 이중바닥재",1930.0,45499.0,87126629.0,0.7300000190734863,0.0,0.0,125.0,145407.0,2627.0,5029710.0,-2752.0,-5175117.0,-2752.0,-5175117.0,0.0,0.0,0.0,0.0,0.0,0.0,0.0,0.0,0.0,0.0,0.0,0.0,0.0,0.0
131220,대한과학,코스닥,기계장비 및 관련 물품 도매업,"의료, 정밀 및 연구실험기기 제조 및 유통",3440.0,21972.0,76206517.0,-2.2699999809265137,3470.0,0.0,14310.0,49652275.0,-14717.0,-51067115.0,7.0,24340.0,7.0,24340.0,0.0,0.0,0.0,0.0,0.0,0.0,0.0,0.0,0.0,0.0,0.0,0.0,400.0,1390500.0
010170,대한광통신,코스닥,절연선 및 케이블 제조업,"광섬유, 광케이블",12070.0,40407421.0,486189659695.0,18.56999969482422,2244217680.0,0.46000000834465027,2633435.0,31338072530.0,-3619045.0,-43477120175.0,953951.0,11749984535.0,-30800.0,-378564005.0,-74.0,-893580.0,503471.0,6247513355.0,0.0,0.0,0.0,-625.0,480305.0,5869648390.0,37378.0,465677945.0,-5719.0,-76614835.0
054670,대한뉴팜,코스닥,의약품 제조업,"동물약품,인체약품",5650.0,14561.0,82123200.0,0.36000001430511475,62220.0,0.07999999821186066,-1869.0,-10704910.0,1874.0,10733660.0,1.0,5650.0,1.0,5650.0,0.0,0.0,0.0,0.0,0.0,0.0,0.0,0.0,0.0,0.0,-6.0,-34400.0,0.0,0.0
023910,대한약품,코스닥,의약품 제조업,수액제,26400.0,6698.0,176599275.0,0.3799999952316284,105600.0,0.05999999865889549,2112.0,55683800.0,-1903.0,-50183075.0,-207.0,-5446125.0,-57.0,-1504350.0,-150.0,-3941775.0,0.0,0.0,0.0,0.0,0.0,0.0,0.0,0.0,-2.0,-54600.0,0.0,0.0
021040,대호특수강,코스닥,1차 철강 제조업,냉간압조용선재,862.0,17342.0,14916153.0,0.5799999833106995,2605.0,0.019999999552965164,1478.0,1279734.0,-1436.0,-1242312.0,0.0,0.0,0.0,0.0,0.0,0.0,0.0,0.0,0.0,0.0,0.0,0.0,0.0,0.0,0.0,0.0,-42.0,-37422.0
021045,대호특수강우,KOSDAQ,기타/미분류,기타/미분류,2410.0,868.0,2020885.0,0.0,0.0,0.0,0.0,0.0,0.0,0.0,0.0,0.0,0.0,0.0,0.0,0.0,0.0,0.0,0.0,0.0,0.0,0.0,0.0,0.0,0.0,0.0,0.0,0.0
067080,대화제약,코스닥,의약품 제조업,"후로스판, 세파메칠 등",9330.0,35190.0,330379100.0,0.6499999761581421,16547430.0,3.0,356.0,3229750.0,46.0,527290.0,-399.0,-3728580.0,-399.0,-3728580.0,0.0,0.0,0.0,0.0,0.0,0.0,0.0,0.0,0.0,0.0,0.0,-20.0,-3.0,-28440.0
298540,더네이쳐홀딩스,코스닥,의복 액세서리 제조업,"의류, 여행용 가방 및 잡화류",6560.0,21452.0,140742200.0,-0.30000001192092896,5246180.0,3.7300000190734863,1577.0,10382050.0,-2467.0,-16192680.0,8.0,52410.0,8.0,52410.0,0.0,0.0,0.0,0.0,0.0,0.0,0.0,0.0,0.0,0.0,879.0,5738490.0,3.0,19730.0
032860,더라미,코스닥,"해체, 선별 및 원료 재생업","화장품, 철스크랩",694.0,85023.0,56510969.0,1.909999966621399,53469.0,0.09000000357627869,-42823.0,-28677534.0,12712.0,8314012.0,0.0,0.0,0.0,0.0,0.0,0.0,0.0,0.0,0.0,0.0,0.0,0.0,0.0,0.0,30110.0,20362870.0,1.0,652.0
393890,더블유씨피,코스닥,일차전지 및 이차전지 제조업,이차전지용 분리막,7350.0,188860.0,1374548875.0,3.6700000762939453,129196240.0,9.399999618530273,30273.0,221291555.0,-11907.0,-87825120.0,-18348.0,-133338355.0,779.0,5741665.0,-24539.0,-179040695.0,5412.0,39960675.0,0.0,0.0,0.0,0.0,0.0,0.0,0.0,4140.0,-18.0,-132220.0
299170,더블유에스아이,코스닥,생활용품 도매업,"의약품, 의료기기 도소매",1306.0,134694.0,175058708.0,1.2400000095367432,82797.0,0.05000000074505806,11017.0,14780320.0,-10954.0,-14698049.0,0.0,0.0,0.0,0.0,0.0,0.0,0.0,0.0,0.0,0.0,0.0,0.0,0.0,0.0,0.0,0.0,-63.0,-82271.0
462860,더즌,코스닥,전기 통신업,디지털뱅킹 솔루션(B2B 금융 서비스),2000.0,108801.0,216288087.0,2.200000047683716,92096.0,0.03999999910593033,-19466.0,-38140571.0,14466.0,28210758.0,0.0,-9232.0,0.0,-9232.0,0.0,0.0,0.0,0.0,0.0,0.0,0.0,0.0,0.0,0.0,0.0,0.0,5000.0,9939045.0
224060,더코디,코스닥,전자부품 제조업,"반도체 및 평판디스플레이 제조용 장비(IRIS, LOZIX, HP/CP)",3455.0,17311.0,59378345.0,0.28999999165534973,24160.0,0.03999999910593033,-3033.0,-10432435.0,3328.0,11434340.0,0.0,0.0,0.0,0.0,0.0,0.0,0.0,0.0,0.0,0.0,0.0,0.0,0.0,0.0,-295.0,-1001905.0,0.0,0.0
043090,더테크놀로지,코스닥,기타 전문 도매업,"바이오리엑터(Bioreactor, 생물반응기)",269.0,605754.0,158816290.0,8.029999732971191,0.0,0.0,-140718.0,-36920732.0,0.0,0.0,0.0,0.0,0.0,0.0,0.0,0.0,0.0,0.0,0.0,0.0,0.0,0.0,0.0,0.0,140596.0,36902085.0,122.0,18647.0
403850,더핑크퐁컴퍼니,코스닥,"영화, 비디오물, 방송프로그램 제작 및 배급업","콘텐츠, 라이선스, MD, 기타",11960.0,68701.0,816175865.0,-0.5799999833106995,34933260.0,3.1600000858306885,7396.0,86030835.0,-12719.0,-149496020.0,5213.0,62158865.0,11946.0,141804500.0,0.0,0.0,254.0,2989370.0,0.0,0.0,0.0,0.0,-6987.0,-82635005.0,59.0,704660.0,51.0,601660.0
213420,덕산네오룩스,코스닥,전자부품 제조업,"HTL(정공수송층), HIL(정공주입층), RED HOST",31700.0,142808.0,4523930200.0,1.1200000047683716,679668700.0,12.039999961853027,11228.0,353138475.0,-33651.0,-1068060550.0,22959.0,731945225.0,-13816.0,-436543225.0,11203.0,355458325.0,22462.0,714033575.0,0.0,0.0,1.0,32100.0,3109.0,98964450.0,-536.0,-17023150.0,0.0,0.0
317330,덕산테코피아,코스닥,기타 화학제품 제조업,"OLED 소재, 반도체 소재",10440.0,59942.0,623742130.0,5.449999809265137,24079000.0,2.4100000858306885,13014.0,135734200.0,-13193.0,-137744080.0,48.0,653830.0,63.0,810410.0,0.0,0.0,-6.0,-62640.0,0.0,0.0,-9.0,-93940.0,0.0,0.0,131.0,1356050.0,0.0,0.0
077360,덕산하이메탈,코스닥,반도체 제조업,솔더볼(Solderball),9780.0,448870.0,4426986215.0,3.930000066757202,66818535.0,1.5099999904632568,78457.0,773636475.0,6160.0,61077950.0,-64931.0,-637788485.0,4891.0,48167920.0,-6461.0,-63957490.0,-45314.0,-444189020.0,0.0,0.0,-7462.0,-73054900.0,-10585.0,-104754995.0,478.0,4666830.0,-20164.0,-201592770.0
090410,덕신이피씨,코스닥,"구조용 금속제품, 탱크 및 증기발생기 제조업",일체형 데크플레이트 등,780.0,186994.0,140962275.0,7.590000152587891,1515.0,0.0,-18928.0,-14384862.0,18928.0,14384862.0,0.0,0.0,0.0,0.0,0.0,0.0,0.0,0.0,0.0,0.0,0.0,0.0,0.0,0.0,0.0,0.0,0.0,0.0
0001A0,덕양에너젠,코스닥,연료용 가스 제조 및 배관공급업,"수소가스, 고순도 수소가스",8380.0,53406.0,442484220.0,2.069999933242798,60837220.0,13.75,3157.0,25762700.0,-3253.0,-26552540.0,-22.0,-179870.0,48.0,399870.0,0.0,0.0,0.0,0.0,0.0,0.0,0.0,0.0,-70.0,-579740.0,-50.0,-420750.0,168.0,1390460.0
0001A0,덕양에너젠,코스닥,연료용 가스 제조 및 배관공급업,"수소가스, 고순도 수소가스",8380.0,53406.0,442484220.0,2.069999933242798,60837220.0,13.75,3157.0,25762700.0,-3253.0,-26552540.0,-22.0,-179870.0,48.0,399870.0,0.0,0.0,0.0,0.0,0.0,0.0,0.0,0.0,-70.0,-579740.0,-50.0,-420750.0,168.0,1390460.0
263600,덕우전자,코스닥,전자부품 제조업,카메라 모듈 부품,3540.0,39297.0,137829525.0,4.269999980926514,249385.0,0.18000000715255737,-12424.0,-43545920.0,12736.0,44641015.0,3.0,10555.0,3.0,10555.0,0.0,0.0,0.0,0.0,0.0,0.0,0.0,0.0,0.0,0.0,0.0,0.0,-315.0,-1105650.0
194480,데브시스터즈,코스닥,소프트웨어 개발 및 공급업,모바일 게임,20150.0,56863.0,1172255325.0,-4.28000020980835,73990600.0,3.940000057220459,9043.0,184762500.0,-3714.0,-77518300.0,-5323.0,-107107750.0,-9692.0,-197816750.0,0.0,0.0,6.0,123800.0,0.0,0.0,5427.0,112957900.0,-1064.0,-22372700.0,-6.0,-136450.0,0.0,0.0
373160,데이원컴퍼니,코스닥,기타 교육기관,성인대상 교육서비스,3165.0,5181.0,16217710.0,3.5999999046325684,77250.0,0.47999998927116394,-2224.0,-6959540.0,569.0,1792890.0,1655.0,5166650.0,1655.0,5166650.0,0.0,0.0,0.0,0.0,0.0,0.0,0.0,0.0,0.0,0.0,0.0,0.0,0.0,0.0
263800,데이타솔루션,코스닥,기계장비 및 관련 물품 도매업,"EMC스토리지, SPSS, SI",5370.0,1170993.0,6312306595.0,5.5,21933000.0,0.3499999940395355,-194260.0,-1030045585.0,195587.0,1037464825.0,0.0,-208910.0,0.0,-208910.0,0.0,0.0,0.0,0.0,0.0,0.0,0.0,0.0,0.0,0.0,-1400.0,-7581280.0,73.0,370950.0
206560,덱스터,코스닥,"영화, 비디오물, 방송프로그램 제작 및 배급업","시각효과(Visual Effect, VFX)",1085.0,0.0,0.0,0.0,0.0,0.0,0.0,0.0,0.0,0.0,0.0,0.0,0.0,0.0,0.0,0.0,0.0,0.0,0.0,0.0,0.0,0.0,0.0,0.0,0.0,0.0,0.0,0.0
261200,덴티스,코스닥,의료용 기기 제조업,임플란트외,2655.0,24274.0,63574030.0,3.509999990463257,261700.0,0.4099999964237213,-2064.0,-5386805.0,2064.0,5393910.0,0.0,-7105.0,0.0,-7105.0,0.0,0.0,0.0,0.0,0.0,0.0,0.0,0.0,0.0,0.0,0.0,0.0,0.0,0.0
484120,도우인시스,코스닥,전자부품 제조업,초박형 유리(UTG),17850.0,31696.0,565531100.0,4.079999923706055,5217900.0,0.5600000023841858,-10181.0,-181996840.0,8425.0,150131840.0,-13.0,-230360.0,0.0,0.0,0.0,0.0,-7.0,-124040.0,0.0,0.0,-6.0,-106320.0,0.0,0.0,1955.0,35412740.0,-186.0,-3317380.0
067990,도이치모터스,코스닥,자동차 판매업,수입자동차,3820.0,82739.0,317375165.0,0.0,631370.0,0.20000000298023224,31576.0,120802205.0,-27983.0,-106880245.0,-3643.0,-14112960.0,-3641.0,-14105320.0,0.0,0.0,-2.0,-7640.0,0.0,0.0,0.0,0.0,0.0,0.0,0.0,0.0,50.0,191000.0
006620,동구바이오제약,코스닥,의약품 제조업,"피부, 비뇨기과 완제의약품",3880.0,65191.0,255060376.0,-1.7699999809265137,100875.0,0.03999999910593033,5660.0,22100375.0,-9814.0,-38168481.0,4021.0,15570861.0,4041.0,15648985.0,0.0,0.0,0.0,0.0,0.0,0.0,0.0,0.0,-20.0,-78124.0,0.0,0.0,133.0,497245.0
100130,동국S&C,코스닥,"구조용 금속제품, 탱크 및 증기발생기 제조업",Wind-Tower,1494.0,75298.0,111877905.0,1.9800000190734863,2718014.0,2.430000066757202,-10572.0,-15651546.0,12024.0,17762947.0,-1451.0,-2109920.0,-1451.0,-2109920.0,0.0,0.0,0.0,0.0,0.0,0.0,0.0,0.0,0.0,0.0,0.0,0.0,-1.0,-1481.0
005160,동국산업,코스닥,1차 철강 제조업,"철강무역,강판제품제조",2540.0,74427.0,186516058.0,2.4200000762939453,65170.0,0.029999999329447746,19179.0,47918433.0,-19179.0,-47918433.0,0.0,0.0,0.0,0.0,0.0,0.0,0.0,0.0,0.0,0.0,0.0,0.0,0.0,0.0,0.0,0.0,0.0,0.0
303810,동국생명과학,코스닥,의약품 제조업,"조영제 완제 및 원료, 의료기기 유통",2445.0,75166.0,182746985.0,0.4099999964237213,3056215.0,1.6699999570846558,-14623.0,-35636155.0,14490.0,35312300.0,133.0,323855.0,133.0,323855.0,0.0,0.0,0.0,0.0,0.0,0.0,0.0,0.0,0.0,0.0,0.0,0.0,0.0,0.0
075970,동국알앤에스,코스닥,기타 비금속 광물제품 제조업,내화물,1615.0,17214.0,27761115.0,0.5,3236.0,0.009999999776482582,4202.0,6773233.0,-4202.0,-6773233.0,0.0,0.0,0.0,0.0,0.0,0.0,0.0,0.0,0.0,0.0,0.0,0.0,0.0,0.0,0.0,0.0,0.0,0.0
086450,동국제약,코스닥,의약품 제조업,"인사돌, 복합마데카솔, 파미레이",18320.0,168875.0,3106430705.0,0.49000000953674316,178659030.0,4.110000133514404,2586.0,45977425.0,15865.0,291707850.0,-18018.0,-329675045.0,-4069.0,-74898755.0,-2434.0,-44758110.0,-7999.0,-147051775.0,0.0,0.0,-5131.0,-94372530.0,1615.0,31406125.0,0.0,0.0,-433.0,-8010230.0
240550,동방메디컬,코스닥,의료용 기기 제조업,"필러, 한방침",5870.0,40938.0,238334390.0,1.3799999952316284,3200960.0,1.340000033378601,-7442.0,-43649170.0,4728.0,27027810.0,2919.0,17836730.0,0.0,0.0,0.0,0.0,-835.0,-4777830.0,0.0,0.0,0.0,0.0,3754.0,22614560.0,-235.0,-1391330.0,30.0,175960.0
099410,동방선기,코스닥,선박 및 보트 건조업,"조선기자재, 선박용 배관",3105.0,44680.0,139222118.0,2.4800000190734863,609460.0,0.4399999976158142,-8198.0,-25590907.0,9464.0,29525017.0,0.0,0.0,0.0,0.0,0.0,0.0,0.0,0.0,0.0,0.0,0.0,0.0,0.0,0.0,-1277.0,-3968540.0,11.0,34430.0
033500,동성화인텍,코스닥,기초 화학물질 제조업,초저온 보냉재,17070.0,96862.0,1655192780.0,1.7300000190734863,64811830.0,2.809999942779541,31679.0,539244395.0,2868.0,48743110.0,-33193.0,-564651890.0,-21867.0,-371931405.0,-51.0,-870845.0,109.0,1862680.0,0.0,0.0,-13.0,-220760.0,-11371.0,-193491560.0,-1353.0,-23318285.0,-1.0,-17330.0
025950,동신건설,코스닥,토목 건설업,토목,10580.0,97396.0,1052973895.0,2.619999885559082,20995720.0,1.9900000095367432,21304.0,235554340.0,-21316.0,-235921340.0,1.0,10650.0,1.0,10650.0,0.0,0.0,0.0,0.0,0.0,0.0,0.0,0.0,0.0,0.0,0.0,0.0,11.0,356350.0
088130,동아엘텍,코스닥,특수 목적용 기계 제조업,LCD검사장비,5540.0,97550.0,542754585.0,4.730000019073486,0.0,0.0,-25654.0,-142597935.0,25869.0,143834165.0,-579.0,-3251030.0,-579.0,-3251030.0,0.0,0.0,0.0,0.0,0.0,0.0,0.0,0.0,0.0,0.0,288.0,1611920.0,76.0,402880.0
060380,동양에스텍,코스닥,1차 철강 제조업,"열연박판, 열연후판, 무늬강판",1187.0,6204.0,7346779.0,1.0199999809265137,2369.0,0.029999999329447746,-1718.0,-2029134.0,1718.0,2029134.0,0.0,0.0,0.0,0.0,0.0,0.0,0.0,0.0,0.0,0.0,0.0,0.0,0.0,0.0,0.0,0.0,0.0,0.0
079960,동양이엔피,코스닥,"전동기, 발전기 및 전기 변환 · 공급 · 제어 장치 제조업","휴대폰용,OA기기및통신장비용,디지털가전용전원공급장치",20750.0,14558.0,300857950.0,1.7200000286102295,311250.0,0.10000000149011612,-1027.0,-21131800.0,4853.0,100012850.0,74.0,1493950.0,37.0,726850.0,37.0,767100.0,0.0,0.0,0.0,0.0,0.0,0.0,0.0,0.0,-3900.0,-80375000.0,0.0,0.0
228340,동양파일,코스닥,"시멘트, 석회, 플라스터 및 그 제품 제조업",PHC파일,2450.0,309091.0,762793033.0,1.2400000095367432,0.0,0.0,-85269.0,-209880043.0,84793.0,208758353.0,0.0,-52175.0,0.0,-52175.0,0.0,0.0,0.0,0.0,0.0,0.0,0.0,0.0,0.0,0.0,448.0,1104740.0,28.0,69125.0
088910,동우팜투테이블,코스닥,"도축, 육류 가공 및 저장 처리업","육계,삼계",2150.0,26859.0,57773221.0,0.699999988079071,113985.0,0.20000000298023224,1979.0,4260303.0,-1975.0,-4251698.0,-4.0,-8605.0,-4.0,-8605.0,0.0,0.0,0.0,0.0,0.0,0.0,0.0,0.0,0.0,0.0,0.0,0.0,0.0,0.0
094170,동운아나텍,코스닥,반도체 제조업,아날로그 반도체,32000.0,204968.0,6458847000.0,15.520000457763672,280272250.0,2.5,-5703.0,-161368000.0,3867.0,101688125.0,1575.0,50945575.0,-22.0,-706350.0,-3.0,-97500.0,0.0,0.0,0.0,0.0,0.0,0.0,1600.0,51749425.0,266.0,8895650.0,-5.0,-161350.0
013120,동원개발,코스닥,건물 건설업,도급공사,2145.0,231811.0,495366237.0,0.699999988079071,38935684.0,7.860000133514404,79874.0,170105455.0,-14075.0,-29132544.0,-63524.0,-136110956.0,-1381.0,-2959080.0,0.0,0.0,0.0,0.0,-1021.0,-2174236.0,0.0,0.0,-61122.0,-130977640.0,-2276.0,-4864080.0,1.0,2125.0
109860,동일금속,코스닥,금속 주조업,"크롤러크레인용 트랙슈 어셈블리, 굴삭기용 아이들러 트랙슈 스프링 등",7350.0,20913.0,155481075.0,-0.9399999976158142,29400.0,0.019999999552965164,-14810.0,-110176210.0,17.0,124150.0,-8.0,-67280.0,-8.0,-67280.0,0.0,0.0,0.0,0.0,0.0,0.0,0.0,0.0,0.0,0.0,19801.0,147319340.0,-5000.0,-37200000.0
032960,동일기연,코스닥,전자부품 제조업,EMI,2005.0,3154.0,6342650.0,2.559999942779541,0.0,0.0,0.0,0.0,0.0,0.0,0.0,0.0,0.0,0.0,0.0,0.0,0.0,0.0,0.0,0.0,0.0,0.0,0.0,0.0,0.0,0.0,0.0,0.0
023790,동일스틸럭스,코스닥,1차 철강 제조업,봉강,1536.0,237505.0,358501845.0,6.889999866485596,643584.0,0.18000000715255737,2063.0,3354991.0,24168.0,35760770.0,-21.0,-62208.0,-21.0,-62208.0,0.0,0.0,0.0,0.0,0.0,0.0,0.0,0.0,0.0,0.0,331.0,503120.0,-26541.0,-39556673.0
005290,동진쎄미켐,코스닥,기초 화학물질 제조업,"반도체,LCD용재료(감광제,봉지제),발포제",41800.0,410340.0,17115342475.0,3.0799999237060547,657037125.0,2.680000066757202,120100.0,5006676225.0,-73383.0,-3047793150.0,-47918.0,-2009017525.0,-46319.0,-1943352450.0,-5304.0,-221588975.0,2516.0,105478900.0,15.0,627700.0,1434.0,60606500.0,-260.0,-10789200.0,1427.0,59625900.0,-226.0,-9491450.0
025900,동화기업,코스닥,나무제품 제조업,"PB, MDF, 표면재,온돌마루, 창호, 도어 등",6150.0,72508.0,449915560.0,0.8199999928474426,14935170.0,2.549999952316284,-3478.0,-22263040.0,17909.0,110934210.0,-14435.0,-88695600.0,-14444.0,-88751430.0,0.0,0.0,9.0,55830.0,0.0,0.0,0.0,0.0,0.0,0.0,0.0,0.0,4.0,24430.0
131970,두산테스나,코스닥,"그외 기타 전문, 과학 및 기술 서비스업",반도체 테스트,69100.0,237479.0,16534531250.0,2.2200000286102295,612939100.0,2.369999885559082,40986.0,2830959400.0,-42659.0,-2961330600.0,152.0,23873400.0,-18642.0,-1290117350.0,-509.0,-35353300.0,8905.0,618973350.0,97.0,6730800.0,10239.0,719081000.0,-608.0,-42144300.0,1472.0,102930800.0,49.0,3567000.0
073190,듀오백,코스닥,가구 제조업,사무용 및 가정용 의자,1261.0,149501.0,185273852.0,5.349999904632568,0.0,0.0,50511.0,61384067.0,-19876.0,-24729064.0,-1236.0,-1516572.0,-1236.0,-1516572.0,0.0,0.0,0.0,0.0,0.0,0.0,0.0,0.0,0.0,0.0,-29400.0,-35139644.0,1.0,1213.0
176750,듀켐바이오,코스닥,의약품 제조업,방사성의약품,6560.0,50571.0,330151480.0,0.15000000596046448,1866530.0,0.3199999928474426,-10867.0,-70835870.0,10339.0,67424170.0,0.0,-33480.0,0.0,-33480.0,0.0,0.0,0.0,0.0,0.0,0.0,0.0,0.0,0.0,0.0,528.0,3445180.0,0.0,0.0
030350,드래곤플라이,코스닥,소프트웨어 개발 및 공급업,온라인게임,973.0,0.0,0.0,0.0,0.0,0.0,0.0,0.0,0.0,0.0,0.0,0.0,0.0,0.0,0.0,0.0,0.0,0.0,0.0,0.0,0.0,0.0,0.0,0.0,0.0,0.0,0.0,0.0
203650,드림시큐리티,코스닥,소프트웨어 개발 및 공급업,정보보안솔루션,2030.0,1629409.0,3263557232.0,7.349999904632568,169651898.0,5.199999809265137,-173442.0,-343593644.0,112174.0,219561526.0,0.0,-29550.0,0.0,-29550.0,0.0,0.0,0.0,0.0,0.0,0.0,0.0,0.0,0.0,0.0,50909.0,103225075.0,10359.0,20836593.0
223250,드림씨아이에스,코스닥,자연과학 및 공학 연구개발업,시판후조사대행(rPMS),3260.0,53047.0,172559300.0,0.0,4384425.0,2.5399999618530273,17121.0,55681825.0,-18121.0,-58915115.0,0.0,0.0,0.0,0.0,0.0,0.0,0.0,0.0,0.0,0.0,0.0,0.0,0.0,0.0,0.0,0.0,1000.0,3233290.0
060570,드림어스컴퍼니,코스닥,영상·오디오물 제공 서비스업,온라인 음악 서비스,728.0,0.0,0.0,0.0,0.0,0.0,0.0,0.0,0.0,0.0,0.0,0.0,0.0,0.0,0.0,0.0,0.0,0.0,0.0,0.0,0.0,0.0,0.0,0.0,0.0,0.0,0.0,0.0
362990,드림인사이트,코스닥,광고업,광고대행,1209.0,70368.0,84920681.0,-1.6299999952316284,2408.0,0.0,30397.0,36223602.0,-40397.0,-48453523.0,0.0,-3520.0,0.0,-3520.0,0.0,0.0,0.0,0.0,0.0,0.0,0.0,0.0,0.0,0.0,10000.0,12233441.0,0.0,0.0
016670,디모아,코스닥,기타 전문 도매업,"h/w,s/w개발",2555.0,4751.0,12021770.0,3.0199999809265137,0.0,0.0,-2530.0,-6410705.0,1320.0,3341605.0,0.0,0.0,0.0,0.0,0.0,0.0,0.0,0.0,0.0,0.0,0.0,0.0,0.0,0.0,1210.0,3069100.0,0.0,0.0
187870,디바이스,코스닥,특수 목적용 기계 제조업,OLED용 FM MASK 세정장비,11690.0,98595.0,1149000990.0,4.099999904632568,5212060.0,0.44999998807907104,921.0,8713680.0,-124.0,351600.0,-578.0,-6572390.0,1692.0,19783980.0,0.0,0.0,0.0,0.0,0.0,0.0,-2270.0,-26356370.0,0.0,0.0,230.0,2702500.0,-449.0,-5195390.0
489730,디비금융제13호스팩,코스닥,기타 금융업,기업인수 및 합병,2030.0,19649.0,39547935.0,0.5,0.0,0.0,17564.0,35335795.0,0.0,0.0,-17564.0,-35335795.0,2.0,4060.0,0.0,0.0,-15066.0,-30289855.0,0.0,0.0,0.0,0.0,-2500.0,-5050000.0,0.0,0.0,0.0,0.0
0004Y0,디비금융제14호스팩,코스닥,기타 금융업,기업인수목적회사,2000.0,5100.0,10154996.0,0.25,0.0,0.0,4063.0,8090000.0,0.0,0.0,-4063.0,-8090000.0,0.0,0.0,0.0,0.0,0.0,0.0,0.0,0.0,0.0,0.0,-4063.0,-8090000.0,0.0,0.0,0.0,0.0
110990,디아이티,코스닥,특수 목적용 기계 제조업,반도체 제조 장비,16120.0,49762.0,798411580.0,4.0,815220.0,0.05999999865889549,-5271.0,-85211350.0,5277.0,85265230.0,187.0,3071940.0,187.0,3071940.0,0.0,0.0,0.0,0.0,0.0,0.0,0.0,0.0,0.0,0.0,-203.0,-3287020.0,10.0,161200.0
263690,디알젬,코스닥,의료용 기기 제조업,"진단용 엑스선 촬영장치 및 부분품, X-ray 제너레이터 외",5110.0,8854.0,45105340.0,0.7900000214576721,30460.0,0.07000000029802322,1705.0,8698300.0,-1824.0,-9300580.0,224.0,1137780.0,224.0,1137780.0,0.0,0.0,0.0,0.0,0.0,0.0,0.0,0.0,0.0,0.0,-70.0,-357000.0,-35.0,-178500.0
214680,디알텍,코스닥,의료용 기기 제조업,"X-ray Detector, X-ray System",832.0,93085.0,77664681.0,0.9700000286102295,3841046.0,4.949999809265137,4841.0,4021771.0,-4861.0,-4038691.0,0.0,0.0,0.0,0.0,0.0,0.0,0.0,0.0,0.0,0.0,0.0,0.0,0.0,0.0,0.0,0.0,20.0,16920.0
347850,디앤디파마텍,코스닥,자연과학 및 공학 연구개발업,대사성질환 치료제 등,53100.0,7194198.0,377861956900.0,-18.059999465942383,16213810750.0,4.289999961853027,668712.0,34541748400.0,-734383.0,-38310744650.0,86025.0,4805797100.0,85585.0,4655515300.0,-18494.0,-964076150.0,55777.0,2979550925.0,1678.0,87470000.0,-147320.0,-7609376375.0,108695.0,5651259200.0,12683.0,690133300.0,-33037.0,-1726934150.0
263720,디앤씨미디어,코스닥,"서적, 잡지 및 기타 인쇄물 출판업",웹소설 콘텐츠,6950.0,14394.0,99815050.0,-0.7099999785423279,3225510.0,3.2300000190734863,3096.0,21440615.0,-1545.0,-10732445.0,-4.0,-30180.0,-4.0,-30180.0,0.0,0.0,0.0,0.0,0.0,0.0,0.0,0.0,0.0,0.0,-1547.0,-10677990.0,0.0,0.0
376300,디어유,코스닥,소프트웨어 개발 및 공급업,"모바일 어플리케이션(DearU bubble, Lysn)",20000.0,196577.0,4008475240.0,-8.470000267028809,608704450.0,10.029999732971191,131661.0,2683220515.0,-85986.0,-1756104545.0,-45784.0,-929354720.0,-12933.0,-262334145.0,-2022.0,-41105700.0,-6509.0,-132229175.0,0.0,0.0,-16040.0,-324382900.0,0.0,0.0,84.0,1738200.0,25.0,500550.0
104040,디에스엠,코스닥,자동차 신품 부품 제조업,"자동차부품(시트,도어) 제조",2700.0,38792.0,104205780.0,2.2699999809265137,8055.0,0.009999999776482582,7658.0,20262635.0,-2753.0,-7238595.0,-49.0,-135240.0,-49.0,-135240.0,0.0,0.0,0.0,0.0,0.0,0.0,0.0,0.0,0.0,0.0,160.0,429880.0,-5016.0,-13318680.0
109740,디에스케이,코스닥,특수 목적용 기계 제조업,"FPD(Flat Panel Display 평판디스플레이)용 Bonding System 및 In-line System, 카메라모듈장비, 이차전지장비, 메카트로닉스 사업군",4235.0,15688.0,66610375.0,0.8299999833106995,9227220.0,13.850000381469727,3858.0,16319635.0,-3858.0,-16319635.0,0.0,0.0,0.0,0.0,0.0,0.0,0.0,0.0,0.0,0.0,0.0,0.0,0.0,0.0,0.0,0.0,0.0,0.0
031860,디에이치엑스컴퍼니,코스닥,상품 종합 도매업,FLC,693.0,0.0,0.0,0.0,0.0,0.0,0.0,0.0,0.0,0.0,0.0,0.0,0.0,0.0,0.0,0.0,0.0,0.0,0.0,0.0,0.0,0.0,0.0,0.0,0.0,0.0,0.0,0.0
196490,디에이테크놀로지,코스닥,특수 목적용 기계 제조업,2차전지설비,6090.0,0.0,0.0,0.0,0.0,0.0,0.0,0.0,0.0,0.0,0.0,0.0,0.0,0.0,0.0,0.0,0.0,0.0,0.0,0.0,0.0,0.0,0.0,0.0,0.0,0.0,0.0,0.0
066900,디에이피,코스닥,전자부품 제조업,Build-Up PCB(인쇄회로기판),1725.0,6465.0,11293418.0,0.28999999165534973,52220.0,0.46000000834465027,-62.0,-106369.0,54.0,92241.0,0.0,0.0,0.0,0.0,0.0,0.0,0.0,0.0,0.0,0.0,0.0,0.0,0.0,0.0,0.0,0.0,8.0,14128.0
092070,디엔에프,코스닥,기타 화학제품 제조업,반도체배선박막재료(알루미늄전구체),13500.0,20862.0,280743740.0,3.930000066757202,988270.0,0.3499999940395355,535.0,7605090.0,-33.0,-753990.0,-2.0,-36100.0,0.0,-9120.0,-2.0,-26980.0,0.0,0.0,0.0,0.0,0.0,0.0,0.0,0.0,-500.0,-6815000.0,0.0,0.0
039840,디오,코스닥,의료용 기기 제조업,자동포장기계,12400.0,24249.0,299132720.0,1.559999942779541,12802030.0,3.309999942779541,-5328.0,-65656790.0,3006.0,36990770.0,2322.0,28666020.0,2322.0,28666020.0,0.0,0.0,0.0,0.0,0.0,0.0,0.0,0.0,0.0,0.0,0.0,0.0,0.0,0.0
219550,디와이디,코스닥,생활용품 도매업,화장품 유통,1425.0,45075.0,63788908.0,-1.1799999475479126,3347615.0,5.25,-14048.0,-19626900.0,7048.0,9687393.0,0.0,-493.0,0.0,-493.0,0.0,0.0,0.0,0.0,0.0,0.0,0.0,0.0,0.0,0.0,0.0,0.0,7000.0,9940000.0
310870,디와이씨,코스닥,자동차 신품 부품 제조업,자동차 부품,1325.0,215066.0,286673101.0,-3.2799999713897705,3700183.0,1.2899999618530273,6475.0,8626896.0,-5219.0,-6950364.0,-1254.0,-1673868.0,-1254.0,-1673868.0,0.0,0.0,0.0,0.0,0.0,0.0,0.0,0.0,0.0,0.0,0.0,0.0,-2.0,-2664.0
104460,디와이피엔에프,코스닥,일반 목적용 기계 제조업,뉴메틱 컨베잉 시스템(분체이송시스템),8500.0,4863.0,41495760.0,1.309999942779541,43000.0,0.10000000149011612,-717.0,-6111130.0,767.0,6537880.0,0.0,0.0,0.0,0.0,0.0,0.0,0.0,0.0,0.0,0.0,0.0,0.0,0.0,0.0,-50.0,-426750.0,0.0,0.0
113810,디젠스,코스닥,자동차 신품 부품 제조업,자동차용 소음기(머플러),2060.0,11182.0,22886225.0,1.2300000190734863,0.0,0.0,-628.0,-1288950.0,628.0,1288950.0,0.0,0.0,0.0,0.0,0.0,0.0,0.0,0.0,0.0,0.0,0.0,0.0,0.0,0.0,0.0,0.0,0.0,0.0
043360,디지아이,코스닥,컴퓨터 및 주변장치 제조업,"잉크젯 플로터, 커팅 플로터",2355.0,1041.0,2429395.0,0.6399999856948853,226045.0,9.300000190734863,104.0,243145.0,-102.0,-238450.0,-2.0,-4695.0,-2.0,-4695.0,0.0,0.0,0.0,0.0,0.0,0.0,0.0,0.0,0.0,0.0,0.0,0.0,0.0,0.0
197140,디지캡,코스닥,소프트웨어 개발 및 공급업,"보호솔루션, 방송서비스솔루션 등",2080.0,17226.0,35677358.0,0.0,0.0,0.0,-8411.0,-17440406.0,-1589.0,-3297229.0,10000.0,20737635.0,10000.0,20737635.0,0.0,0.0,0.0,0.0,0.0,0.0,0.0,0.0,0.0,0.0,0.0,0.0,0.0,0.0
068930,디지털대성,코스닥,일반 교습 학원,"온라인 강의, 오프라인 학원, 교재",8110.0,21240.0,172689430.0,1.1200000047683716,2943690.0,1.7000000476837158,1806.0,14845920.0,-1501.0,-12387820.0,-185.0,-1483700.0,-185.0,-1483700.0,0.0,0.0,0.0,0.0,0.0,0.0,0.0,0.0,0.0,0.0,-120.0,-974400.0,0.0,0.0
033130,디지틀조선,코스닥,"자료처리, 호스팅, 포털 및 기타 인터넷 정보매개 서비스업",위성서비스,1944.0,4850.0,9432943.0,0.9300000071525574,0.0,0.0,2636.0,5111060.0,-2636.0,-5111060.0,0.0,0.0,0.0,0.0,0.0,0.0,0.0,0.0,0.0,0.0,0.0,0.0,0.0,0.0,0.0,0.0,0.0,0.0
105740,디케이락,코스닥,일반 목적용 기계 제조업,계장용 피팅 및 밸브,6980.0,37074.0,258142130.0,1.75,9450410.0,3.6600000858306885,4616.0,32270075.0,-513.0,-3752955.0,-3.0,-20940.0,-3.0,-20940.0,0.0,0.0,0.0,0.0,0.0,0.0,0.0,0.0,0.0,0.0,-4100.0,-28496180.0,0.0,0.0
263020,디케이앤디,코스닥,플라스틱제품 제조업,합성피혁 및 부직포,3010.0,30017.0,91029530.0,-1.6299999952316284,122465.0,0.12999999523162842,5310.0,16026695.0,-5310.0,-16026695.0,0.0,0.0,0.0,0.0,0.0,0.0,0.0,0.0,0.0,0.0,0.0,0.0,0.0,0.0,0.0,0.0,0.0,0.0
290550,디케이티,코스닥,전자부품 제조업,스마트폰용 FPCA,18390.0,522334.0,9122417310.0,1.2100000381469727,130105800.0,1.4299999475479126,15377.0,240288170.0,16784.0,327098580.0,-51271.0,-906881580.0,6419.0,115342920.0,-599.0,-10811970.0,-1649.0,-28320200.0,0.0,0.0,-25831.0,-456893470.0,-29611.0,-526198860.0,19224.0,341583320.0,-114.0,-2088490.0
066670,디티씨,코스닥,부동산 임대 및 공급업,LCD Module,2740.0,16941.0,45923265.0,3.5899999141693115,184275.0,0.4000000059604645,-378.0,-997090.0,378.0,997085.0,0.0,5.0,0.0,5.0,0.0,0.0,0.0,0.0,0.0,0.0,0.0,0.0,0.0,0.0,0.0,0.0,0.0,0.0
187220,디티앤씨,코스닥,기타 과학기술 서비스업,전기전자규격 인증서비스,2125.0,12737.0,26742420.0,3.6600000858306885,12430.0,0.05000000074505806,-2501.0,-5232435.0,2501.0,5232435.0,0.0,0.0,0.0,0.0,0.0,0.0,0.0,0.0,0.0,0.0,0.0,0.0,0.0,0.0,0.0,0.0,0.0,0.0
383930,디티앤씨알오,코스닥,자연과학 및 공학 연구개발업,비임상 및 임상시험 대체 용역,1843.0,19523.0,35671124.0,1.149999976158142,125379.0,0.3499999940395355,1380.0,2553634.0,-1430.0,-2643634.0,0.0,0.0,0.0,0.0,0.0,0.0,0.0,0.0,0.0,0.0,0.0,0.0,0.0,0.0,0.0,0.0,50.0,90000.0
131180,딜리,코스닥,컴퓨터 및 주변장치 제조업,디지털 UV 프린터,3590.0,4859.0,17468200.0,0.2800000011920929,46620.0,0.27000001072883606,211.0,755930.0,-211.0,-755930.0,0.0,0.0,0.0,0.0,0.0,0.0,0.0,0.0,0.0,0.0,0.0,0.0,0.0,0.0,0.0,0.0,0.0,0.0
315640,딥노이드,코스닥,소프트웨어 개발 및 공급업,"의료 인공지능플랫폼, 인공지능 임상의사결정 시스템",1647.0,554815.0,889113698.0,2.549999952316284,75728150.0,8.520000457763672,21619.0,35791417.0,-23294.0,-38469271.0,0.0,-2670.0,0.0,-2670.0,0.0,0.0,0.0,0.0,0.0,0.0,0.0,0.0,0.0,0.0,0.0,0.0,1675.0,2680524.0
900110,딥커머스,코스닥,기타 금융업,"스포츠화, 스포츠의류",1137.0,39646.0,42895153.0,4.119999885559082,0.0,0.0,7335.0,7625665.0,-5375.0,-5560859.0,0.0,0.0,0.0,0.0,0.0,0.0,0.0,0.0,0.0,0.0,0.0,0.0,0.0,0.0,0.0,0.0,-1960.0,-2064806.0
317120,라닉스,코스닥,반도체 제조업,"자동차 및 IoT 통신, 보안솔루션",1474.0,51599.0,75596037.0,4.170000076293945,1983100.0,2.619999885559082,-6869.0,-9873928.0,6788.0,9753777.0,0.0,0.0,0.0,0.0,0.0,0.0,0.0,0.0,0.0,0.0,0.0,0.0,0.0,0.0,0.0,0.0,81.0,120151.0
462510,라메디텍,코스닥,의료용 기기 제조업,초소형 레이저 의료기기 및 미용기기,2785.0,15688.0,43278425.0,0.9100000262260437,19535.0,0.05000000074505806,-3916.0,-10814005.0,1414.0,3907825.0,0.0,0.0,0.0,0.0,0.0,0.0,0.0,0.0,0.0,0.0,0.0,0.0,0.0,0.0,-449.0,-1248580.0,2951.0,8154760.0
232680,라온로보틱스,코스닥,특수 목적용 기계 제조업,반도체 및 FPD용 로봇시스템,9570.0,185505.0,1749773185.0,5.159999847412109,7651500.0,0.4399999976158142,-21494.0,-202967765.0,23250.0,219573065.0,-1.0,-9300.0,-1.0,-9300.0,0.0,0.0,0.0,0.0,0.0,0.0,0.0,0.0,0.0,0.0,-1800.0,-17009170.0,45.0,413170.0
042510,라온시큐어,코스닥,소프트웨어 개발 및 공급업,소프트웨어 개발 및 공급,8230.0,70582.0,583970540.0,1.600000023841858,622260.0,0.10999999940395355,-11008.0,-91658790.0,14157.0,117402900.0,-4149.0,-34161740.0,-6.0,-49380.0,0.0,0.0,0.0,0.0,0.0,0.0,0.0,0.0,-4143.0,-34112360.0,1000.0,8407520.0,0.0,10110.0
418420,라온텍,코스닥,전자부품 제조업,"마이크로디스플레이, 컨트롤러 IC",3790.0,193101.0,724309119.0,9.220000267028809,29682330.0,4.099999904632568,38269.0,144757611.0,-39413.0,-149072521.0,1129.0,4259065.0,19.0,72010.0,0.0,0.0,1110.0,4187055.0,0.0,0.0,0.0,0.0,0.0,0.0,0.0,0.0,15.0,55845.0
300120,라온피플,코스닥,소프트웨어 개발 및 공급업,"카메라 모듈 검사기, AI 머신비전, 골프센서",491.0,0.0,0.0,0.0,0.0,0.0,0.0,0.0,0.0,0.0,0.0,0.0,0.0,0.0,0.0,0.0,0.0,0.0,0.0,0.0,0.0,0.0,0.0,0.0,0.0,0.0,0.0,0.0
171120,라이온켐텍,코스닥,기타 화학제품 제조업,"합성왁스, 인조대리석",2035.0,38946.0,78873167.0,1.2400000095367432,1000800.0,1.2699999809265137,-7549.0,-15256165.0,13551.0,27469255.0,-5542.0,-11286190.0,-5542.0,-11286190.0,0.0,0.0,0.0,0.0,0.0,0.0,0.0,0.0,0.0,0.0,40.0,80600.0,-500.0,-1007500.0
388790,라이콤,코스닥,통신 및 방송 장비 제조업,"제조업(광증폭기, 광송수신기, 광섬유레이저 외)",4150.0,3703549.0,16129431232.0,4.670000076293945,135623141.0,0.8399999737739563,96764.0,454068744.0,-198297.0,-890599009.0,98062.0,420407970.0,0.0,-43560.0,0.0,0.0,61975.0,264067045.0,0.0,0.0,0.0,0.0,36087.0,156384485.0,1723.0,7258725.0,1748.0,8863570.0
214260,라파스,코스닥,기타 화학제품 제조업,"마이크로니들 패치 제품(의약품패치, 의료기기패치, 미용패치 등)",9090.0,8770.0,79423960.0,1.340000033378601,407100.0,0.5099999904632568,-2263.0,-20515295.0,2263.0,20515295.0,0.0,0.0,0.0,0.0,0.0,0.0,0.0,0.0,0.0,0.0,0.0,0.0,0.0,0.0,0.0,0.0,0.0,0.0
171010,램테크놀러지,코스닥,기초 화학물질 제조업,"반도체 식각액, 박리액, 세정액 등",2815.0,13720.0,38912150.0,1.6200000047683716,51210.0,0.12999999523162842,-4172.0,-11812500.0,4182.0,11840800.0,0.0,0.0,0.0,0.0,0.0,0.0,0.0,0.0,0.0,0.0,0.0,0.0,0.0,0.0,0.0,0.0,-10.0,-28300.0
084650,랩지노믹스,코스닥,자연과학 및 공학 연구개발업,체외진단 서비스 및 제품,825.0,8366527.0,6868131299.0,9.850000381469727,159937195.0,2.3299999237060547,117439.0,90987004.0,-109630.0,-85622698.0,-1.0,-626.0,4.0,3239.0,0.0,0.0,-5.0,-3865.0,0.0,0.0,0.0,0.0,0.0,0.0,-26098.0,-20173754.0,18290.0,14810074.0
217500,러셀,코스닥,특수 목적용 기계 제조업,반도체장비 리퍼비시,1593.0,57989.0,91346139.0,3.240000009536743,43568.0,0.05000000074505806,-10775.0,-16895364.0,10775.0,16895364.0,0.0,0.0,0.0,0.0,0.0,0.0,0.0,0.0,0.0,0.0,0.0,0.0,0.0,0.0,0.0,0.0,0.0,0.0
038390,레드캡투어,코스닥,여행사 및 기타 여행보조 서비스업,"여행알선, 렌터카",9860.0,17285.0,171561805.0,-0.4000000059604645,1183500.0,0.6899999976158142,-1108.0,-11535680.0,1228.0,12726360.0,-82.0,-808820.0,-82.0,-808820.0,0.0,0.0,0.0,0.0,0.0,0.0,0.0,0.0,0.0,0.0,-40.0,-401600.0,2.0,19740.0
387690,레메디,코스닥,의료용 기기 제조업,의료용 휴대용 엑스선 영상촬영장치,9210.0,937607.0,8564797155.0,8.350000381469727,0.0,0.0,-20301.0,-179680635.0,22786.0,202717915.0,-2731.0,-24923075.0,0.0,0.0,0.0,0.0,0.0,0.0,0.0,0.0,0.0,0.0,-2731.0,-24923075.0,-686.0,-6997040.0,932.0,8882835.0
294140,레몬,코스닥,화학섬유 제조업,"EMI Shield Can, 나노멤브레인 등",1928.0,7566.0,14485053.0,6.519999980926514,0.0,0.0,-1758.0,-3361298.0,1608.0,3072598.0,0.0,0.0,0.0,0.0,0.0,0.0,0.0,0.0,0.0,0.0,0.0,0.0,0.0,0.0,0.0,0.0,150.0,288700.0
365660,레몬헬스케어,코스닥,소프트웨어 개발 및 공급업,"LDB-H(스마트병원중계플랫폼), LDB-E(의료데이터-ECO 중계플랫폼), LDB-D(맞춤형 헬스데이터 중계플랫폼)",6100.0,7592645.0,47768891645.0,3.2100000381469727,0.0,0.0,129917.0,845738315.0,-119909.0,-779228010.0,-1296.0,-8033270.0,0.0,0.0,0.0,0.0,0.0,0.0,0.0,0.0,0.0,0.0,-1296.0,-8033270.0,-14729.0,-94126500.0,6017.0,35649465.0
443250,레뷰코퍼레이션,코스닥,광고업,"REVU 서비스(컨텐츠마케팅, 로컬, 에이전시)",5800.0,10116.0,58517230.0,0.3499999940395355,2683480.0,4.590000152587891,-3437.0,-19838210.0,2836.0,16383870.0,328.0,1889280.0,328.0,1889280.0,0.0,0.0,0.0,0.0,0.0,0.0,0.0,0.0,0.0,0.0,273.0,1565060.0,0.0,0.0
228670,레이,코스닥,의료용 기기 제조업,"디지털 치료솔루션(CT scan 장비, 3D 프린터), 디지털 진단시스템(X-ray, CT 등)",5940.0,144244.0,813670725.0,4.760000228881836,36940120.0,4.539999961853027,46724.0,262659425.0,-51394.0,-290395985.0,1.0,5570.0,1.0,5570.0,0.0,0.0,0.0,0.0,0.0,0.0,0.0,0.0,0.0,0.0,-214.0,-1204820.0,4883.0,28935810.0
228850,레이언스,코스닥,의료용 기기 제조업,"TFT Detector, CMOS Detector, I/O Sensor",6530.0,24306.0,154157070.0,3.819999933242798,19210.0,0.009999999776482582,-9525.0,-59750840.0,-316.0,-2146590.0,-153.0,-1014580.0,-153.0,-1014580.0,0.0,0.0,0.0,0.0,0.0,0.0,0.0,0.0,0.0,0.0,9994.0,62912010.0,0.0,0.0
412350,레이저쎌,코스닥,특수 목적용 기계 제조업,"에어리어 레이저솔루션, LSR, LCB, LSB, BSOM 등",4140.0,270650.0,1113363933.0,6.150000095367432,42554987.0,3.819999933242798,-19743.0,-80790660.0,19743.0,80790660.0,0.0,0.0,0.0,0.0,0.0,0.0,0.0,0.0,0.0,0.0,0.0,0.0,0.0,0.0,0.0,0.0,0.0,0.0
199550,레이저옵텍,코스닥,의료용 기기 제조업,레이저 기반 피부미용기기 및 질환치료기기,2255.0,49862.0,113849875.0,-0.2199999988079071,206180.0,0.18000000715255737,-11894.0,-27261860.0,11820.0,27121215.0,53.0,92920.0,53.0,92920.0,0.0,0.0,0.0,0.0,0.0,0.0,0.0,0.0,0.0,0.0,0.0,0.0,21.0,47725.0
281740,레이크머티리얼즈,코스닥,기타 화학제품 제조업,"LED, 반도체 소재 및 석유화학촉매",12250.0,343787.0,4207362810.0,3.380000114440918,395564430.0,9.399999618530273,48758.0,596524980.0,-22192.0,-275302685.0,-25739.0,-310949455.0,-38133.0,-463083030.0,-63.0,-769330.0,-182.0,-2168460.0,0.0,0.0,0.0,0.0,12639.0,155071365.0,-611.0,-7638680.0,-216.0,-2634160.0
277810,레인보우로보틱스,코스닥,특수 목적용 기계 제조업,"협동로봇, 천문마운트시스템, 이족보행로봇 등",484000.0,143565.0,68003003500.0,3.640000104904175,7356537000.0,6.28000020980835,-20662.0,-9902665500.0,25313.0,12082233250.0,-5667.0,-2663873000.0,-938.0,-456374750.0,479.0,228362750.0,-3040.0,-1419724500.0,0.0,0.0,207.0,97290000.0,-2391.0,-1120946500.0,1055.0,503770000.0,-39.0,-19464750.0
215100,로보로보,코스닥,기타 전기장비 제조업,교육용로봇,4280.0,663042.0,2868032922.0,5.809999942779541,42212830.0,1.4700000286102295,-34754.0,-133481726.0,33854.0,129700086.0,-146.0,-639595.0,-146.0,-639595.0,0.0,0.0,0.0,0.0,0.0,0.0,0.0,0.0,0.0,0.0,0.0,-5635.0,1046.0,4426870.0
090360,로보스타,코스닥,특수 목적용 기계 제조업,"제조용 로봇, FPD 장비, IT부품 제조장비",76800.0,237817.0,17662457350.0,10.029999732971191,966259800.0,2.9700000286102295,-20527.0,-1485872350.0,20274.0,1450258900.0,3134.0,259523350.0,-6474.0,-475673050.0,0.0,0.0,2008.0,153304900.0,0.0,0.0,0.0,0.0,7600.0,581891300.0,-3175.0,-247240900.0,294.0,23331000.0
108490,로보티즈,코스닥,특수 목적용 기계 제조업,"솔루션(로봇 엑츄에이터 모듈과 구동 소프트웨어), 에듀테인먼트 로봇, 로봇 플랫폼",242000.0,217683.0,51431250000.0,4.090000152587891,5057481000.0,5.929999828338623,62.0,-65793750.0,937.0,214413500.0,-2323.0,-460261750.0,-11332.0,-2669662250.0,2689.0,637701500.0,5432.0,1334966500.0,119.0,28338750.0,527.0,127446750.0,219.0,75404000.0,1294.0,304773500.0,30.0,6868500.0
900260,로스웰,코스닥,기타 금융업,"CAN Control Gateway, CAN기능모듈, BCM 차체제어모듈",1730.0,25636.0,43783384.0,2.9800000190734863,0.0,0.0,-15117.0,-25851113.0,14717.0,25159113.0,0.0,0.0,0.0,0.0,0.0,0.0,0.0,0.0,0.0,0.0,0.0,0.0,0.0,0.0,0.0,0.0,400.0,692000.0
033290,로젠,코스닥,"섬유, 의복, 신발 및 가죽제품 소매업","의복, 잡화, 콘덴서",1595.0,22228.0,35368983.0,2.9000000953674316,715172.0,2.0199999809265137,-3214.0,-5124042.0,-1626.0,-2594193.0,5340.0,8517235.0,5340.0,8517235.0,0.0,0.0,0.0,0.0,0.0,0.0,0.0,0.0,0.0,0.0,0.0,0.0,-500.0,-799000.0
067730,로지시스,코스닥,"컴퓨터 프로그래밍, 시스템 통합 및 관리업","전산장비 판매 및 유지보수, VAN기기 대행관리",2125.0,43465.0,92183535.0,-0.23000000417232513,4270.0,0.0,-4780.0,-10064410.0,4780.0,10064410.0,0.0,0.0,0.0,0.0,0.0,0.0,0.0,0.0,0.0,0.0,0.0,0.0,0.0,0.0,0.0,0.0,0.0,0.0
071280,로체시스템즈,코스닥,특수 목적용 기계 제조업,LCD 제조용 이송장비,6570.0,155587.0,1024179485.0,2.0199999809265137,145060.0,0.009999999776482582,-81422.0,-531498575.0,82438.0,538303795.0,714.0,4639780.0,714.0,4639780.0,0.0,0.0,0.0,0.0,0.0,0.0,0.0,0.0,0.0,0.0,-1730.0,-11445000.0,0.0,0.0
376900,로킷헬스케어,코스닥,의료용품 및 기타 의약 관련제품 제조업,장기 재생 플랫폼,36050.0,113124.0,4099058975.0,0.14000000059604645,138414800.0,2.0199999809265137,-7404.0,-261184250.0,7297.0,257320600.0,33.0,1330200.0,-154.0,-5576750.0,-43.0,-1568350.0,230.0,8475300.0,0.0,0.0,0.0,0.0,0.0,0.0,-41.0,-1526250.0,115.0,4059700.0
214610,롤링스톤,코스닥,의료용 기기 제조업,체외진단용 의료기기,2290.0,0.0,0.0,0.0,0.0,0.0,0.0,0.0,0.0,0.0,0.0,0.0,0.0,0.0,0.0,0.0,0.0,0.0,0.0,0.0,0.0,0.0,0.0,0.0,0.0,0.0,0.0,0.0
328130,루닛,코스닥,소프트웨어 개발 및 공급업,Lunit INSIGHT,10760.0,367333.0,3970926740.0,0.09000000357627869,400488320.0,7.28000020980835,107949.0,1170573450.0,-23443.0,-265184800.0,-84927.0,-909912800.0,-83423.0,-893690350.0,-104.0,-1120670.0,52.0,562830.0,0.0,0.0,0.0,0.0,-1452.0,-15664610.0,100.0,1064470.0,321.0,3459680.0
038060,루멘스,코스닥,반도체 제조업,LED개발 및 제조,999.0,1840942.0,1801408353.0,18.510000228881836,1946213.0,0.10999999940395355,-49406.0,-39369327.0,51319.0,41212559.0,0.0,0.0,0.0,0.0,0.0,0.0,0.0,0.0,0.0,0.0,0.0,0.0,0.0,0.0,0.0,0.0,-1913.0,-1843232.0
474170,루미르,코스닥,"항공기,우주선 및 부품 제조업","인공위성 시스템 및 전장품, 위성 영상 및 정보",6160.0,73492.0,447804060.0,2.5,6200010.0,1.3799999952316284,6644.0,41046935.0,-5543.0,-34799655.0,-3062.0,-18135750.0,3770.0,23122250.0,0.0,0.0,-6832.0,-41258000.0,0.0,0.0,0.0,0.0,0.0,0.0,1916.0,11610820.0,45.0,277650.0
195990,루트K,코스닥,특수 목적용 기계 제조업,소형 머시닝센터,1265.0,17001.0,21430048.0,3.690000057220459,1652243.0,7.710000038146973,-553.0,-674047.0,2057.0,2579011.0,-4.0,-5060.0,-4.0,-5060.0,0.0,0.0,0.0,0.0,0.0,0.0,0.0,0.0,0.0,0.0,0.0,0.0,-1500.0,-1899904.0
141080,리가켐바이오,코스닥,자연과학 및 공학 연구개발업,ADC 신약연구개발,109500.0,364168.0,40235260550.0,-0.36000001430511475,3468207100.0,6.679999828338623,6068.0,713988700.0,-50489.0,-5670044450.0,20132.0,2257741350.0,-33303.0,-3663149700.0,2446.0,271275150.0,15075.0,1671047650.0,0.0,0.0,-1312.0,-155437250.0,37226.0,4134005500.0,24460.0,2717188500.0,-171.0,-18874100.0
058470,리노공업,코스닥,전자부품 제조업,"리노핀, 반도체 소켓 등",66900.0,587527.0,38955018200.0,3.880000114440918,3246358950.0,6.130000114440918,107603.0,7105777200.0,-35047.0,-2325831450.0,-72939.0,-4805374550.0,-36783.0,-2413175100.0,-10687.0,-708755700.0,14011.0,934781950.0,3.0,200500.0,-2760.0,-182945800.0,-36723.0,-2435480500.0,433.0,28588700.0,-50.0,-3159900.0
016100,리더스코스메틱,코스닥,"골판지, 종이 상자 및 종이용기 제조업",화장품,1057.0,7885.0,8238648.0,0.7599999904632568,2090.0,0.029999999329447746,-822.0,-860632.0,822.0,860632.0,0.0,0.0,0.0,0.0,0.0,0.0,0.0,0.0,0.0,0.0,0.0,0.0,0.0,0.0,0.0,0.0,0.0,0.0
012700,리드코프,코스닥,기타 전문 도매업,화공약품운반,3030.0,21791.0,66581280.0,0.17000000178813934,3510745.0,5.269999980926514,6864.0,21000050.0,-6312.0,-19302260.0,2.0,6190.0,2.0,6190.0,0.0,0.0,0.0,0.0,0.0,0.0,0.0,0.0,0.0,0.0,-554.0,-1703980.0,0.0,0.0
302550,리메드,코스닥,의료용 기기 제조업,자기장 치료기기,2965.0,171944.0,501775180.0,4.769999980926514,1214200.0,0.23999999463558197,-107968.0,-315046960.0,73960.0,214942300.0,31353.0,92339580.0,31353.0,92339580.0,0.0,0.0,0.0,0.0,0.0,0.0,0.0,0.0,0.0,0.0,2657.0,7770970.0,-2.0,-5890.0
491000,리브스메드,코스닥,의료용 기기 제조업,"다관절 다자유도 복강경 수술기구인 ArtiSential, ArtiSeal, ArtiStapler, LivsCam, Stark",47350.0,185225.0,8637725525.0,5.340000152587891,1212208000.0,14.029999732971191,757.0,33258975.0,-14318.0,-674483450.0,690.0,38482225.0,-800.0,-35693650.0,-1177.0,-54960750.0,-332.0,-15517875.0,0.0,0.0,0.0,0.0,2999.0,144654500.0,12869.0,602664250.0,2.0,78000.0
394420,리센스메디컬,코스닥,의료용 기기 제조업,"피부 냉각마취 의료기기, 경피약물전달 의료기기, 동물용 경피약물전달 의료기기, 안구 냉각마취 의료기기",10890.0,88896.0,958956485.0,3.319999933242798,25828910.0,2.690000057220459,-2852.0,-30994010.0,-9603.0,-104740015.0,10622.0,116210185.0,33.0,194860.0,1645.0,18087670.0,10446.0,114292425.0,0.0,0.0,0.0,0.0,-1502.0,-16364770.0,1835.0,19544900.0,-2.0,-21060.0
073570,리튬포어스,코스닥,그외 기타 제품 제조업,"휴대폰액세서리의 제조, 판매",1600.0,44419.0,71213148.0,1.590000033378601,0.0,0.0,-11662.0,-18579270.0,11591.0,18463648.0,271.0,434142.0,271.0,434142.0,0.0,0.0,0.0,0.0,0.0,0.0,0.0,0.0,0.0,0.0,0.0,0.0,-200.0,-318520.0
377450,리파인,코스닥,기타 정보 서비스업,권리조사,13180.0,61716.0,810585430.0,2.009999990463257,30313820.0,3.740000009536743,11826.0,155902465.0,-9483.0,-125217775.0,-2401.0,-31754110.0,-2001.0,-26512970.0,0.0,0.0,0.0,0.0,0.0,0.0,0.0,0.0,-400.0,-5241140.0,58.0,1069420.0,0.0,0.0
277070,린드먼아시아,코스닥,신탁업 및 집합투자업,"투자조합, PEF 결성 및 투자",3010.0,2477.0,7413247.0,0.0,0.0,0.0,-201.0,-602217.0,201.0,602217.0,0.0,0.0,0.0,0.0,0.0,0.0,0.0,0.0,0.0,0.0,0.0,0.0,0.0,0.0,0.0,0.0,0.0,0.0
042500,링네트,코스닥,"컴퓨터 프로그래밍, 시스템 통합 및 관리업",네트워크 구축(Network Integration),4435.0,188443.0,831110285.0,3.619999885559082,33974845.0,4.090000152587891,52103.0,230729320.0,-51806.0,-229391620.0,-353.0,-1585500.0,-353.0,-1585500.0,0.0,0.0,0.0,0.0,0.0,0.0,0.0,0.0,0.0,0.0,0.0,0.0,56.0,247800.0
193250,링크드,코스닥,전자부품 제조업,휴대폰용 진동모터,1589.0,11336.0,17958396.0,1.2100000381469727,1585.0,0.009999999776482582,2429.0,3847761.0,-2429.0,-3847761.0,0.0,0.0,0.0,0.0,0.0,0.0,0.0,0.0,0.0,0.0,0.0,0.0,0.0,0.0,0.0,0.0,0.0,0.0
474650,링크솔루션,코스닥,특수 목적용 기계 제조업,3D 프린터 및 3D 프린팅 서비스,23750.0,51430.0,1196155150.0,3.7100000381469727,6942100.0,0.5799999833106995,11700.0,272493800.0,-15285.0,-357262450.0,0.0,-15250.0,0.0,-15250.0,0.0,0.0,0.0,0.0,0.0,0.0,0.0,0.0,0.0,0.0,2630.0,62584350.0,955.0,22199550.0
219420,링크제니시스,코스닥,소프트웨어 개발 및 공급업,"반도체, 디스플레이, 자동화 S/W 및 시스템 테스트 자동화 솔루션 개발(XCOMPRO, XGEM, MAT)",3495.0,46399.0,162019295.0,-0.14000000059604645,916640.0,0.5699999928474426,-5646.0,-19625960.0,-397.0,-1432985.0,629.0,2201360.0,629.0,2201360.0,0.0,0.0,0.0,0.0,0.0,0.0,0.0,0.0,0.0,0.0,5414.0,18857585.0,0.0,0.0
439090,마녀공장,코스닥,기타 화학제품 제조업,자연주의 기능성 화장품,16550.0,180597.0,2986484015.0,1.350000023841858,86254930.0,1.5099999904632568,-57898.0,-956950740.0,42425.0,699877130.0,15936.0,264571240.0,15936.0,264571240.0,0.0,0.0,0.0,0.0,0.0,0.0,0.0,0.0,0.0,0.0,25.0,493750.0,-488.0,-7991380.0
195500,마니커에프앤지,코스닥,"도축, 육류 가공 및 저장 처리업","육가공품, 튀김류, 패티류, 삼계탕 등",1667.0,39394.0,65019200.0,1.0299999713897705,33377.0,0.05000000074505806,-7393.0,-12181995.0,7043.0,11622023.0,0.0,-18478.0,0.0,-18478.0,0.0,0.0,0.0,0.0,0.0,0.0,0.0,0.0,0.0,0.0,250.0,411750.0,100.0,166700.0
377480,마음AI,코스닥,소프트웨어 개발 및 공급업,종합 인공지능 엔진 및 플랫폼,11510.0,438129.0,5191358755.0,-0.6000000238418579,2663730.0,0.05000000074505806,18137.0,228026165.0,-20009.0,-250640285.0,-437.0,-5242690.0,-437.0,-5242690.0,0.0,0.0,0.0,0.0,0.0,0.0,0.0,0.0,0.0,0.0,0.0,-4350.0,2309.0,27861160.0
305090,마이크로디지탈,코스닥,의료용 기기 제조업,"바이오 분석 시스템, 메디칼 자동화 시스템",1925.0,116283.0,223271235.0,0.5699999928474426,6717214.0,3.009999990463257,-11115.0,-21482308.0,11115.0,21495664.0,0.0,-13356.0,0.0,-13356.0,0.0,0.0,0.0,0.0,0.0,0.0,0.0,0.0,0.0,0.0,0.0,0.0,0.0,0.0
098120,마이크로컨텍솔,코스닥,전자부품 제조업,"BGA IC Burn-In Socket,DRAM Module Socket",24600.0,47454.0,1147371125.0,9.09000015258789,74817950.0,6.519999980926514,3327.0,79043175.0,-4895.0,-117740125.0,2493.0,60962450.0,-1.0,-24200.0,0.0,0.0,0.0,0.0,0.0,0.0,0.0,0.0,2494.0,60986650.0,-775.0,-18725500.0,-150.0,-3540000.0
424980,마이크로투나노,코스닥,반도체 제조업,메모리 테스트용 프로브 카드,6800.0,8768.0,59942260.0,3.6600000858306885,1655210.0,2.759999990463257,-707.0,-4757305.0,897.0,6060695.0,-190.0,-1303390.0,-190.0,-1303390.0,0.0,0.0,0.0,0.0,0.0,0.0,0.0,0.0,0.0,0.0,0.0,0.0,0.0,0.0
038290,마크로젠,코스닥,"그외 기타 전문, 과학 및 기술 서비스업","DNA Sequencing, Microarray, Genetically Engineered Mouse",11960.0,23398.0,278253485.0,0.7599999904632568,4265730.0,1.5299999713897705,-1154.0,-13402485.0,1150.0,13354725.0,1.0,11970.0,1.0,11970.0,0.0,0.0,0.0,0.0,0.0,0.0,0.0,0.0,0.0,0.0,0.0,0.0,3.0,35790.0
477850,마키나락스,코스닥,소프트웨어 개발 및 공급업,Runway Platform (산업특화 인공지능 개발 및 운영 체계 구축 플랫폼),29800.0,4593593.0,132411736225.0,29.850000381469727,5090450.0,0.0,-569365.0,-16303284150.0,671011.0,19351093700.0,-57054.0,-1848883050.0,10161.0,270993650.0,5081.0,141225925.0,6782.0,182234950.0,0.0,0.0,3000.0,74400000.0,28790.0,784528825.0,-42692.0,-1143101525.0,-1900.0,-55824975.0
0039P0,매드업,코스닥,광고업,"디지털 마케팅 AI 에이전트, 솔루션 기반 광고대행",7650.0,6733694.0,53498924210.0,4.510000228881836,10455490.0,0.019999999552965164,13937.0,178734995.0,35631.0,217616450.0,-42499.0,-341756545.0,806.0,6053640.0,0.0,0.0,-478.0,-3944300.0,0.0,0.0,0.0,0.0,-42817.0,-343784585.0,-1808.0,-15450440.0,-5261.0,-39144460.0
267980,매일유업,코스닥,동·식물성 유지 및 낙농제품 제조업,"유제품(우유, 분유, 발효유, 치즈, 음료 등)",34400.0,2807.0,96356950.0,1.1799999475479126,2545250.0,1.850000023841858,116.0,4032075.0,-27.0,-976475.0,-90.0,-3089900.0,-90.0,-3089900.0,0.0,0.0,0.0,0.0,0.0,0.0,0.0,0.0,0.0,0.0,0.0,0.0,1.0,34300.0
005990,매일홀딩스,코스닥,동·식물성 유지 및 낙농제품 제조업,유제품,10770.0,2200.0,23624220.0,0.2800000011920929,107250.0,0.44999998807907104,40.0,430230.0,-40.0,-430230.0,0.0,0.0,0.0,0.0,0.0,0.0,0.0,0.0,0.0,0.0,0.0,0.0,0.0,0.0,0.0,0.0,0.0,0.0
093520,매커스,코스닥,기계장비 및 관련 물품 도매업,자일링스(Xilinx)비메모리반도체(PLDchip)유통,23150.0,58750.0,1386769050.0,3.5799999237060547,62023775.0,2.3499999046325684,-21150.0,-502225250.0,21337.0,506693000.0,-4.0,-93700.0,-4.0,-93700.0,0.0,0.0,0.0,0.0,0.0,0.0,0.0,0.0,0.0,0.0,-183.0,-4374050.0,0.0,0.0
100590,머큐리,코스닥,통신 및 방송 장비 제조업,"AP 단말기, 광섬유 및 광케이블, 위성통신 전송장비",3565.0,677990.0,2421824735.0,8.520000457763672,67964615.0,2.809999942779541,39240.0,138902964.0,-41406.0,-146609079.0,90.0,317535.0,90.0,317535.0,0.0,0.0,0.0,0.0,0.0,0.0,0.0,0.0,0.0,0.0,0.0,-3000.0,2076.0,7391580.0
067280,멀티캠퍼스,코스닥,기타 교육기관,성인/기업전문 교육서비스,25250.0,4257.0,106671100.0,0.800000011920929,6894000.0,6.460000038146973,938.0,23486125.0,-923.0,-23108000.0,0.0,100.0,0.0,100.0,0.0,0.0,0.0,0.0,0.0,0.0,0.0,0.0,0.0,0.0,-16.0,-403200.0,1.0,24975.0
072870,메가스터디,코스닥,"서적, 잡지 및 기타 인쇄물 출판업","온라인강의,교재판매",13070.0,17201.0,225111530.0,1.159999966621399,3172150.0,1.409999966621399,-6387.0,-83665890.0,6264.0,82058860.0,256.0,3338910.0,259.0,3378150.0,0.0,0.0,0.0,0.0,0.0,0.0,0.0,0.0,-3.0,-39240.0,-133.0,-1731880.0,0.0,0.0
215200,메가스터디교육,코스닥,일반 교습 학원,"오프라인 학원, 온라인 강의",41450.0,26226.0,1095319500.0,-0.47999998927116394,39024850.0,3.2799999713897705,-661.0,-28154750.0,5731.0,236737550.0,-5079.0,-208949050.0,-4880.0,-200597450.0,-200.0,-8392950.0,5.0,209000.0,0.0,0.0,0.0,0.0,-4.0,-167650.0,9.0,366250.0,0.0,0.0
133750,메가엠디,코스닥,일반 교습 학원,"의학, 치의학, 법학 전문대학원, 약학대학 입학시험 대비 강의",1352.0,18732.0,24861177.0,1.809999942779541,0.0,0.0,-2376.0,-3139608.0,2276.0,3006808.0,0.0,0.0,0.0,0.0,0.0,0.0,0.0,0.0,0.0,0.0,0.0,0.0,0.0,0.0,100.0,132800.0,0.0,0.0
446540,메가터치,코스닥,일차전지 및 이차전지 제조업,"배터리 핀, 반도체 핀",6550.0,158368.0,1022809190.0,7.199999809265137,5308280.0,0.5199999809265137,-15642.0,-101752270.0,3019.0,18691500.0,13345.0,87816310.0,2.0,12890.0,0.0,0.0,12843.0,84608970.0,0.0,0.0,0.0,0.0,500.0,3194450.0,-572.0,-3758040.0,-150.0,-997500.0
235980,메드팩토,코스닥,자연과학 및 공학 연구개발업,항암제 신약개발,2650.0,125092.0,328249858.0,1.149999976158142,9274470.0,2.8299999237060547,-22555.0,-58438051.0,18211.0,47175521.0,1847.0,4695610.0,1847.0,4695610.0,0.0,0.0,0.0,0.0,0.0,0.0,0.0,0.0,0.0,0.0,2470.0,6496575.0,27.0,70345.0
041920,메디아나,코스닥,의료용 기기 제조업,"환자감시장치, 자동심장 제세동기(AED)",9190.0,64118.0,589423145.0,1.3200000524520874,4546130.0,0.7699999809265137,13982.0,129153935.0,-12698.0,-117181425.0,-4.0,-54320.0,-4.0,-54320.0,0.0,0.0,0.0,0.0,0.0,0.0,0.0,0.0,0.0,0.0,-1280.0,-11918190.0,0.0,0.0
014100,메디앙스,코스닥,상품 종합 도매업,"누크, 비비생활용품, 비앙또마망, 지에닉, 닥터 아토피스",1873.0,28531.0,53210338.0,-1.3700000047683716,160820.0,0.30000001192092896,-3426.0,-6259219.0,2323.0,4131398.0,-500.0,-921000.0,-500.0,-921000.0,0.0,0.0,0.0,0.0,0.0,0.0,0.0,0.0,0.0,0.0,1601.0,3045023.0,2.0,3798.0
054180,메디콕스,코스닥,선박 및 보트 건조업,XML/SGML 관련 제품 및 솔루션,2295.0,0.0,0.0,0.0,0.0,0.0,0.0,0.0,0.0,0.0,0.0,0.0,0.0,0.0,0.0,0.0,0.0,0.0,0.0,0.0,0.0,0.0,0.0,0.0,0.0,0.0,0.0,0.0
086900,메디톡스,코스닥,기초 의약물질 제조업,"의약품원료(A형,B형 보툴리늄독소 단백질치료제) 제조,연구,개발",76800.0,24087.0,1869859000.0,-0.12999999523162842,224573200.0,8.199999809265137,175.0,10306500.0,-4903.0,-380126000.0,774.0,59804200.0,1120.0,86513900.0,-272.0,-21020500.0,-74.0,-5689300.0,0.0,0.0,0.0,0.0,0.0,0.0,3944.0,309243300.0,10.0,772000.0
078160,메디포스트,코스닥,기초 의약물질 제조업,제대혈은행,9710.0,93286.0,914977275.0,-1.5199999809265137,35515840.0,2.130000114440918,-12958.0,-126797730.0,12491.0,122234910.0,500.0,4883910.0,500.0,4883910.0,0.0,0.0,0.0,0.0,0.0,0.0,0.0,0.0,0.0,0.0,0.0,0.0,-33.0,-321090.0
0088D0,메리츠제1호스팩,코스닥,금융 지원 서비스업,기업인수합병,2105.0,5232.0,10928540.0,0.0,54730.0,0.5,3357.0,6988785.0,-357.0,-749815.0,-3000.0,-6238970.0,0.0,0.0,0.0,0.0,0.0,0.0,0.0,0.0,0.0,0.0,-3000.0,-6238970.0,0.0,0.0,0.0,0.0
0165X0,메리츠제2호스팩,코스닥,금융 지원 서비스업,금융 지원 서비스업,1946.0,20854.0,40533986.0,-0.05000000074505806,93373.0,0.23000000417232513,-3291.0,-6399528.0,-3014.0,-5862916.0,6413.0,12472180.0,3413.0,6637372.0,0.0,0.0,3000.0,5834808.0,0.0,0.0,0.0,0.0,0.0,0.0,0.0,0.0,-108.0,-209736.0
408920,메쎄이상,코스닥,기타 사업지원 서비스업,"전시주최, 컨벤션 및 행사 대행업",3155.0,16430.0,52369635.0,-1.25,22190.0,0.03999999910593033,-825.0,-2736050.0,774.0,2573870.0,0.0,0.0,0.0,0.0,0.0,0.0,0.0,0.0,0.0,0.0,0.0,0.0,0.0,0.0,51.0,162180.0,0.0,0.0
021880,메이슨캐피탈,코스닥,기타 금융업,리스수입,1212.0,61185.0,74171110.0,0.8299999833106995,8451.0,0.009999999776482582,-16646.0,-20136782.0,16380.0,19815920.0,0.0,0.0,0.0,0.0,0.0,0.0,0.0,0.0,0.0,0.0,0.0,0.0,0.0,0.0,100.0,120500.0,166.0,200362.0
0088M0,메쥬,코스닥,의료용 기기 제조업,웨어러블 패치형 환자 감시장치(HiCardi),13440.0,47834.0,644566860.0,-0.7400000095367432,7657560.0,1.190000057220459,3109.0,40335620.0,-1252.0,-15427160.0,-1633.0,-21751860.0,284.0,3832560.0,0.0,0.0,-426.0,-5689800.0,0.0,0.0,0.0,0.0,-1491.0,-19894620.0,-201.0,-2847710.0,-23.0,-308890.0
140410,메지온,코스닥,자연과학 및 공학 연구개발업,"발기부전증치료제, 전립선비대증치료제",56900.0,158124.0,8975965950.0,4.599999904632568,0.0,0.0,11301.0,619894100.0,-2951.0,-148010100.0,-9999.0,-564428700.0,1.0,60500.0,0.0,0.0,0.0,0.0,0.0,0.0,0.0,0.0,0.0,0.0,1365.0,76400200.0,284.0,16144500.0
241770,메카로,코스닥,반도체 제조업,반도체용 전구체 및 히터블록,37150.0,16405.0,605931400.0,5.989999771118164,36044250.0,3.8499999046325684,498.0,18321450.0,3312.0,122153200.0,169.0,6561800.0,-131.0,-4610200.0,0.0,0.0,0.0,0.0,0.0,0.0,0.0,0.0,300.0,11172000.0,-4000.0,-147805050.0,21.0,768600.0
059210,메타바이오메드,코스닥,의료용품 및 기타 의약 관련제품 제조업,"생체분해성봉합사,근관충전재",3885.0,112123.0,430065670.0,1.2999999523162842,1135045.0,0.25999999046325684,9991.0,38211635.0,1242.0,4580920.0,-13313.0,-50841315.0,0.0,0.0,0.0,0.0,0.0,0.0,0.0,0.0,0.0,0.0,-13313.0,-50841315.0,-530.0,-2053010.0,2610.0,10101770.0
058110,멕아이씨에스,코스닥,의료용 기기 제조업,인공호흡기,1638.0,26912.0,43583691.0,5.070000171661377,1555269.0,3.569999933242798,-9510.0,-15277370.0,11215.0,18049736.0,-1705.0,-2772366.0,121.0,195657.0,0.0,0.0,0.0,0.0,0.0,0.0,0.0,0.0,-1826.0,-2968023.0,0.0,0.0,0.0,0.0
072770,멤레이비티,코스닥,"컴퓨터 프로그래밍, 시스템 통합 및 관리업",무선인터넷플랫폼,790.0,165966.0,130855820.0,0.12999999523162842,19020.0,0.009999999776482582,27921.0,21981179.0,34805.0,27484506.0,0.0,0.0,0.0,0.0,0.0,0.0,0.0,0.0,0.0,0.0,0.0,0.0,0.0,0.0,-62731.0,-49469599.0,5.0,3914.0
434480,모니터랩,코스닥,소프트웨어 개발 및 공급업,"웹방화벽,유해사이트솔루션,가시성SSL 솔루션, SASE플랫폼기반 SECaaS",2350.0,27025.0,62688544.0,1.7300000190734863,721080.0,1.149999976158142,6876.0,16049370.0,-6876.0,-16042230.0,0.0,-7140.0,0.0,-7140.0,0.0,0.0,0.0,0.0,0.0,0.0,0.0,0.0,0.0,0.0,0.0,0.0,0.0,0.0
080420,모다이노칩,코스닥,"섬유, 의복, 신발 및 가죽제품 소매업","ESD필터,칩바리스터",1795.0,34239.0,59734932.0,12.119999885559082,0.0,0.0,11125.0,19938261.0,-11769.0,-20972477.0,644.0,1034216.0,644.0,1034216.0,0.0,0.0,0.0,0.0,0.0,0.0,0.0,0.0,0.0,0.0,0.0,0.0,0.0,0.0
417970,모델솔루션,코스닥,특수 목적용 기계 제조업,"하이엔드 프로토타입 제조, 다품종 소량생산 서비스",11490.0,22792.0,258063335.0,4.449999809265137,1798750.0,0.699999988079071,-11147.0,-125076795.0,11226.0,125979045.0,1.0,11350.0,1.0,11350.0,0.0,0.0,0.0,0.0,0.0,0.0,0.0,0.0,0.0,0.0,-80.0,-913600.0,0.0,0.0
080160,모두투어,코스닥,여행사 및 기타 여행보조 서비스업,"항공권판매수수료,해외여행알선",8890.0,26328.0,233698105.0,0.6800000071525574,17664740.0,7.559999942779541,-4642.0,-41228265.0,-4110.0,-36439975.0,-105.0,-936810.0,-151.0,-1346260.0,40.0,356040.0,6.0,53410.0,0.0,0.0,0.0,0.0,0.0,0.0,9055.0,80357350.0,-198.0,-1752300.0
087260,모바일어플라이언스,코스닥,소프트웨어 개발 및 공급업,"블랙박스, 내비게이션, HUD, ADAS",247.0,0.0,0.0,0.0,0.0,0.0,0.0,0.0,0.0,0.0,0.0,0.0,0.0,0.0,0.0,0.0,0.0,0.0,0.0,0.0,0.0,0.0,0.0,0.0,0.0,0.0,0.0,0.0
101330,모베이스,코스닥,통신 및 방송 장비 제조업,휴대전화 케이스,3550.0,61546.0,216750270.0,4.110000133514404,2716790.0,1.25,-24912.0,-87163782.0,24618.0,86122217.0,0.0,-2835.0,0.0,-2835.0,0.0,0.0,0.0,0.0,0.0,0.0,0.0,0.0,0.0,0.0,60.0,218050.0,234.0,826350.0
012860,모베이스전자,코스닥,자동차 신품 부품 제조업,"스마트키,스위치",2450.0,514931.0,1251659206.0,4.480000019073486,10566920.0,0.8399999737739563,-87864.0,-212457993.0,90980.0,220147878.0,-3570.0,-8786925.0,-3570.0,-8786925.0,0.0,0.0,0.0,0.0,0.0,0.0,0.0,0.0,0.0,0.0,0.0,0.0,454.0,1097040.0
363260,모비데이즈,코스닥,광고업,기업인수합병,815.0,68323.0,55163467.0,3.1600000858306885,0.0,0.0,-8264.0,-6657849.0,8264.0,6657849.0,0.0,0.0,0.0,0.0,0.0,0.0,0.0,0.0,0.0,0.0,0.0,0.0,0.0,0.0,0.0,0.0,0.0,0.0
348030,모비릭스,코스닥,소프트웨어 개발 및 공급업,모바일 게임 개발 및 퍼블리싱,3115.0,82980.0,257668654.0,0.6499999761581421,12074340.0,4.690000057220459,5262.0,15430838.0,-15570.0,-48663133.0,29501.0,92425160.0,29501.0,92425160.0,0.0,0.0,0.0,0.0,0.0,0.0,0.0,0.0,0.0,0.0,-19200.0,-59214530.0,7.0,21665.0
250060,모비스,코스닥,"컴퓨터 프로그래밍, 시스템 통합 및 관리업",핵융합 제어솔루션 및 스마트팩토리 통합솔루션,2860.0,181512.0,511374397.0,5.539999961853027,647525.0,0.12999999523162842,-51954.0,-146636664.0,51897.0,146472264.0,0.0,0.0,0.0,0.0,0.0,0.0,0.0,0.0,0.0,0.0,0.0,0.0,0.0,0.0,-3.0,-8400.0,60.0,172800.0
288980,모아데이타,코스닥,소프트웨어 개발 및 공급업,인공지능 기반 ICT 시스템 이상탐지 및 예측 솔루션,728.0,173477.0,124879843.0,4.599999904632568,3068970.0,2.4600000381469727,15221.0,11322991.0,-15728.0,-11682454.0,0.0,0.0,0.0,0.0,0.0,0.0,0.0,0.0,0.0,0.0,0.0,0.0,0.0,0.0,0.0,0.0,507.0,359463.0
142760,모아라이프플러스,코스닥,자연과학 및 공학 연구개발업,"자궁경부상피이형증 치료제, 자궁경부전암 치료백신",418.0,288426.0,120928783.0,-2.7899999618530273,435.0,0.0,16055.0,7159428.0,-16417.0,-7311587.0,0.0,0.0,0.0,0.0,0.0,0.0,0.0,0.0,0.0,0.0,0.0,0.0,0.0,0.0,0.0,0.0,362.0,152159.0
033200,모아텍,코스닥,전자부품 제조업,위치제어용초정및소형모터,2600.0,11204.0,29044255.0,1.9600000381469727,0.0,0.0,-354.0,-910760.0,374.0,962220.0,0.0,0.0,0.0,0.0,0.0,0.0,0.0,0.0,0.0,0.0,0.0,0.0,0.0,0.0,0.0,0.0,-20.0,-51460.0
118990,모트렉스,코스닥,자동차 신품 부품 제조업,차량용 인포테인먼트,5060.0,43934.0,223416060.0,1.2000000476837158,60960.0,0.029999999329447746,-1580.0,-7869300.0,1777.0,8878270.0,0.0,-7840.0,0.0,-7840.0,0.0,0.0,0.0,0.0,0.0,0.0,0.0,0.0,0.0,0.0,-205.0,-1041870.0,8.0,40740.0
463480,모티브링크,코스닥,전자부품 제조업,"EV용 Main Transformer, EV용 Line Filter",4010.0,19698.0,77716460.0,6.079999923706055,1465455.0,1.8899999856948853,-1611.0,-6126885.0,1582.0,6010885.0,29.0,116000.0,29.0,116000.0,0.0,0.0,0.0,0.0,0.0,0.0,0.0,0.0,0.0,0.0,0.0,0.0,0.0,0.0
006920,모헨즈,코스닥,"시멘트, 석회, 플라스터 및 그 제품 제조업",레미콘,3230.0,69776.0,224915265.0,1.8899999856948853,15411090.0,6.849999904632568,74.0,274875.0,-68.0,-255555.0,0.0,0.0,0.0,0.0,0.0,0.0,0.0,0.0,0.0,0.0,0.0,0.0,0.0,0.0,0.0,0.0,-6.0,-19320.0
001810,무림SP,코스닥,"펄프, 종이 및 판지 제조업","아트지,CCP지",1219.0,20636.0,24947343.0,1.25,0.0,0.0,2032.0,2462294.0,-1882.0,-2276942.0,0.0,0.0,0.0,0.0,0.0,0.0,0.0,0.0,0.0,0.0,0.0,0.0,0.0,0.0,-150.0,-185352.0,0.0,0.0
279600,미디어젠,코스닥,소프트웨어 개발 및 공급업,음성인식 소프트웨어 기술개발,3570.0,1978.0,7199185.0,0.41999998688697815,92305.0,1.2799999713897705,-402.0,-1469860.0,402.0,1469860.0,0.0,0.0,0.0,0.0,0.0,0.0,0.0,0.0,0.0,0.0,0.0,0.0,0.0,0.0,0.0,0.0,0.0,0.0
095500,미래나노텍,코스닥,플라스틱제품 제조업,LCDBLU용광학필름,7050.0,95134.0,668450770.0,3.069999933242798,44965980.0,3.75,-19194.0,-134948060.0,20320.0,143006120.0,-276.0,-2064860.0,-276.0,-2064860.0,0.0,0.0,0.0,0.0,0.0,0.0,0.0,0.0,0.0,0.0,-895.0,-6309750.0,45.0,316550.0
254490,미래반도체,코스닥,기타 전문 도매업,반도체,15820.0,115633.0,1816277570.0,6.679999828338623,230450880.0,12.6899995803833,810.0,11494795.0,14590.0,230564045.0,-14737.0,-231568080.0,-82.0,-1317270.0,0.0,0.0,0.0,0.0,0.0,0.0,0.0,0.0,-14655.0,-230250810.0,-600.0,-9505410.0,-63.0,-985350.0
218150,미래생명자원,코스닥,동물용 사료 및 조제식품 제조업,동물용 사료 및 조제식품 제조업,2010.0,333360.0,670737241.0,3.180000066757202,4655215.0,0.6899999976158142,-49268.0,-98175528.0,50838.0,101418348.0,1.0,2020.0,1.0,2020.0,0.0,0.0,0.0,0.0,0.0,0.0,0.0,0.0,0.0,0.0,0.0,0.0,-1571.0,-3244840.0
100790,미래에셋벤처투자,코스닥,기타 금융업,중소기업 창업투자 관련 고유계정/투자조합 관련 수익,14650.0,465275.0,6892673525.0,1.100000023841858,326355735.0,4.730000019073486,40036.0,586528290.0,-2758.0,-37708360.0,-38961.0,-573999620.0,-24669.0,-362201020.0,-3.0,-43930.0,1503.0,21984550.0,0.0,0.0,0.0,0.0,-15792.0,-233739220.0,172.0,2576950.0,1511.0,22602740.0
0097F0,미래에셋비전스팩10호,코스닥,금융 지원 서비스업,기업인수합병,1990.0,1218.0,2420486.0,-0.25,3980.0,0.1599999964237213,-894.0,-1775551.0,-4.0,-7956.0,898.0,1783507.0,898.0,1783507.0,0.0,0.0,0.0,0.0,0.0,0.0,0.0,0.0,0.0,0.0,0.0,0.0,0.0,0.0
0099W0,미래에셋비전스팩11호,코스닥,금융 지원 서비스업,기업인수합병,1982.0,1910.0,3785927.0,0.0,19814.0,0.5199999809265137,61.0,120882.0,-68.0,-134770.0,0.0,0.0,0.0,0.0,0.0,0.0,0.0,0.0,0.0,0.0,0.0,0.0,0.0,0.0,0.0,0.0,7.0,13888.0
477380,미래에셋비전스팩4호,코스닥,금융 지원 서비스업,기업인수목적회사(기타금융서비스),2055.0,28835.0,59005525.0,0.23999999463558197,0.0,0.0,10001.0,20452055.0,-1.0,-2055.0,-10000.0,-20450000.0,0.0,0.0,0.0,0.0,0.0,0.0,0.0,0.0,0.0,0.0,-10000.0,-20450000.0,0.0,0.0,0.0,0.0
477470,미래에셋비전스팩5호,코스닥,금융 지원 서비스업,기업인수합병,2060.0,23228.0,47656145.0,0.23999999463558197,0.0,0.0,2503.0,5131165.0,-3.0,-6165.0,-2500.0,-5125000.0,0.0,0.0,0.0,0.0,0.0,0.0,0.0,0.0,0.0,0.0,-2500.0,-5125000.0,0.0,0.0,0.0,0.0
478440,미래에셋비전스팩6호,코스닥,금융 지원 서비스업,기업인수합병,2045.0,9309.0,18957875.0,0.0,0.0,0.0,4999.0,10172955.0,-2.0,-4080.0,-4997.0,-10168875.0,3.0,6125.0,0.0,0.0,0.0,0.0,0.0,0.0,0.0,0.0,-5000.0,-10175000.0,0.0,0.0,0.0,0.0
482680,미래에셋비전스팩7호,코스닥,금융 지원 서비스업,기업인수합병,2055.0,0.0,0.0,0.0,0.0,0.0,0.0,0.0,0.0,0.0,0.0,0.0,0.0,0.0,0.0,0.0,0.0,0.0,0.0,0.0,0.0,0.0,0.0,0.0,0.0,0.0,0.0,0.0
0093G0,미래에셋비전스팩8호,코스닥,금융 지원 서비스업,기업인수합병,1989.0,2075.0,4126592.0,0.10000000149011612,0.0,0.0,-1769.0,-3519164.0,-89.0,-176398.0,1858.0,3695562.0,1858.0,3695562.0,0.0,0.0,0.0,0.0,0.0,0.0,0.0,0.0,0.0,0.0,0.0,0.0,0.0,0.0
0096D0,미래에셋비전스팩9호,코스닥,금융 지원 서비스업,기업인수합병,1985.0,2557.0,5067992.0,0.15000000596046448,0.0,0.0,1125.0,2229750.0,1.0,1982.0,-1126.0,-2231732.0,1374.0,2723268.0,0.0,0.0,0.0,0.0,0.0,0.0,0.0,0.0,-2500.0,-4955000.0,0.0,0.0,0.0,0.0
049950,미래컴퍼니,코스닥,특수 목적용 기계 제조업,EdgeGrinder,10090.0,19233.0,193569515.0,1.309999942779541,1933400.0,1.0,-1914.0,-19496200.0,1943.0,19785015.0,0.0,5395.0,0.0,5395.0,0.0,0.0,0.0,0.0,0.0,0.0,0.0,0.0,0.0,0.0,0.0,0.0,-29.0,-294210.0
207760,미스터블루,코스닥,기타 정보 서비스업,"온라인 만화 콘텐츠 서비스 및 제공, 만화 출판",384.0,0.0,0.0,0.0,0.0,0.0,0.0,0.0,0.0,0.0,0.0,0.0,0.0,0.0,0.0,0.0,0.0,0.0,0.0,0.0,0.0,0.0,0.0,0.0,0.0,0.0,0.0,0.0
059090,미코,코스닥,반도체 제조업,반도체 및 디스플레이 부품 제조,16320.0,128592.0,2083696095.0,2.640000104904175,365211480.0,12.369999885559082,-23672.0,-384154855.0,18090.0,293517645.0,3955.0,64212290.0,3955.0,64259860.0,0.0,0.0,0.0,0.0,0.0,0.0,0.0,0.0,0.0,-47570.0,350.0,5749500.0,1277.0,20675420.0
201490,미투온,코스닥,소프트웨어 개발 및 공급업,소셜 카지노 게임,2220.0,274913.0,603826387.0,2.7799999713897705,20699625.0,3.430000066757202,-59009.0,-129368620.0,58936.0,129195180.0,74.0,164280.0,74.0,164280.0,0.0,0.0,0.0,0.0,0.0,0.0,0.0,0.0,0.0,0.0,-7.0,-15365.0,6.0,24525.0
475460,미트박스,코스닥,기타 정보 서비스업,축산물 도소매 판매 및 중개,5790.0,3095.0,17977765.0,-0.3400000035762787,5800.0,0.029999999329447746,81.0,481495.0,-1148.0,-6660040.0,0.0,0.0,0.0,0.0,0.0,0.0,0.0,0.0,0.0,0.0,0.0,0.0,0.0,0.0,1067.0,6178545.0,0.0,0.0
452200,민테크,코스닥,"측정, 시험, 항해, 제어 및 기타 정밀기기 제조업; 광학기기 제외","배터리 진단시스템, 배터리 시스템, 충방전 검사장비",1355.0,149426.0,204466942.0,1.190000057220459,2254039.0,1.100000023841858,43727.0,59501165.0,2858.0,3941323.0,-46592.0,-63452015.0,0.0,0.0,0.0,0.0,-46592.0,-63452015.0,0.0,0.0,0.0,0.0,0.0,0.0,0.0,0.0,7.0,9527.0
206640,바디텍메드,코스닥,의료용품 및 기타 의약 관련제품 제조업,면역진단기기 및 카트리지,11260.0,38737.0,436676185.0,-0.27000001072883606,102600.0,0.019999999552965164,-14112.0,-159152195.0,134.0,1855450.0,10957.0,122827345.0,10012.0,112101290.0,0.0,0.0,950.0,10782500.0,0.0,0.0,0.0,0.0,-5.0,-56445.0,3001.0,34241200.0,20.0,228200.0
035620,바른손이앤에이,코스닥,"영화, 비디오물, 방송프로그램 제작 및 배급업",영화 및 콘텐츠 투자배급,780.0,331031.0,273866045.0,-11.859999656677246,6008442.0,2.190000057220459,-38547.0,-32245123.0,3142.0,3122408.0,32405.0,26797715.0,32405.0,26797715.0,0.0,0.0,0.0,0.0,0.0,0.0,0.0,0.0,0.0,0.0,0.0,0.0,3000.0,2325000.0
053030,바이넥스,코스닥,의약품 제조업,"정장제, 소화제",6990.0,68883.0,483955690.0,2.0399999618530273,2725940.0,0.3499999940395355,10705.0,75240985.0,-9588.0,-67253715.0,37.0,258190.0,37.0,258190.0,0.0,0.0,0.0,0.0,0.0,0.0,0.0,0.0,0.0,0.0,0.0,0.0,-1154.0,-8245460.0
301300,바이브컴퍼니,코스닥,소프트웨어 개발 및 공급업,"소셜 빅데이터 기반 인공지능 서비스 (소셜메트릭스), 문제 해결 솔루션 (AI Solver)",2510.0,212026.0,522261176.0,1.6200000047683716,740455.0,0.14000000059604645,15669.0,42108105.0,-27353.0,-70471730.0,0.0,0.0,0.0,0.0,0.0,0.0,0.0,0.0,0.0,0.0,0.0,0.0,0.0,0.0,0.0,0.0,11684.0,28363625.0
064550,바이오니아,코스닥,의료용품 및 기타 의약 관련제품 제조업,"합성유전자,시약및유전자분석장비",6940.0,64579.0,450555850.0,1.7599999904632568,42801260.0,5.739999771118164,-1027.0,-7259500.0,964.0,6849690.0,103.0,689810.0,103.0,689810.0,0.0,0.0,0.0,0.0,0.0,0.0,0.0,0.0,0.0,0.0,0.0,0.0,-40.0,-280000.0
314930,바이오다인,코스닥,의료용 기기 제조업,액상세포검사 장비 및 소모품,8510.0,17582.0,149193395.0,-0.4699999988079071,7216660.0,3.5799999237060547,9596.0,81121915.0,-9940.0,-84019895.0,25.0,214090.0,25.0,214090.0,0.0,0.0,0.0,0.0,0.0,0.0,0.0,0.0,0.0,0.0,319.0,2683890.0,0.0,0.0
489460,바이오비쥬,코스닥,기타 화학제품 제조업,스킨부스터 제품 및 필러,10500.0,246538.0,2566379270.0,-4.809999942779541,89611620.0,3.490000009536743,18972.0,198392875.0,-1880.0,-22323740.0,-15298.0,-158487205.0,-298.0,-3141280.0,0.0,0.0,0.0,0.0,0.0,0.0,0.0,0.0,-15000.0,-155345925.0,2496.0,26162410.0,-4290.0,-43744340.0
086820,바이오솔루션,코스닥,기초 의약물질 제조업,"세포치료제, 인체조직모델 등",6050.0,43545.0,264541425.0,0.17000000178813934,7634350.0,2.890000104904175,10639.0,64236565.0,-10129.0,-61054725.0,-510.0,-3181840.0,-510.0,-3181840.0,0.0,0.0,0.0,0.0,0.0,0.0,0.0,0.0,0.0,0.0,0.0,0.0,0.0,0.0
038460,바이오스마트,코스닥,전자부품 제조업,"M/S 카드제조업, IC 카드제조, 카드장비판매",2865.0,200946.0,574863185.0,2.319999933242798,2344715.0,0.4099999964237213,-21774.0,-61978820.0,21774.0,61971320.0,0.0,0.0,0.0,0.0,0.0,0.0,0.0,0.0,0.0,0.0,0.0,0.0,0.0,0.0,0.0,0.0,0.0,7500.0
251120,바이오에프디엔씨,코스닥,기초 의약물질 제조업,식물세포 유래 유효물질 및 약리물질,8120.0,9187.0,74304590.0,0.7400000095367432,372440.0,0.5,920.0,7449200.0,-917.0,-7426870.0,3.0,26580.0,3.0,26580.0,0.0,0.0,0.0,0.0,0.0,0.0,0.0,0.0,0.0,0.0,-16.0,-129810.0,10.0,80900.0
199730,바이오인프라,코스닥,자연과학 및 공학 연구개발업,"생동성시험, 검체 분석",1716.0,131555.0,230876650.0,-0.17000000178813934,1061488.0,0.46000000834465027,-5361.0,-9389303.0,6471.0,11237533.0,-24.0,-43054.0,-24.0,-43054.0,0.0,0.0,0.0,0.0,0.0,0.0,0.0,0.0,0.0,0.0,0.0,0.0,-1086.0,-1805176.0
086040,바이오톡스텍,코스닥,자연과학 및 공학 연구개발업,"안전성평가, 유효성평가",2260.0,31226.0,70152445.0,2.490000009536743,8920.0,0.009999999776482582,-712.0,-1551670.0,259.0,562510.0,453.0,989160.0,453.0,989160.0,0.0,0.0,0.0,0.0,0.0,0.0,0.0,0.0,0.0,0.0,0.0,0.0,0.0,0.0
188040,바이오포트,코스닥,기타 식품 제조업,"후라이드오징어튀김, 유자생강차 등 스낵 및 음료",4865.0,26055.0,125755535.0,2.2100000381469727,681535.0,0.5400000214576721,353.0,1757775.0,-353.0,-1757775.0,0.0,0.0,0.0,0.0,0.0,0.0,0.0,0.0,0.0,0.0,0.0,0.0,0.0,0.0,0.0,0.0,0.0,0.0
099430,바이오플러스,코스닥,기초 의약물질 제조업,"생체재료 개질 기술을 사용한 히알루론산(HA) 기반 더말필러, 유착방지제 및 그 응용제품",3660.0,282819.0,1030538532.0,0.6899999976158142,7222925.0,0.699999988079071,29059.0,105734735.0,25732.0,93823470.0,-291.0,-1065290.0,-291.0,-1065290.0,0.0,0.0,0.0,0.0,0.0,0.0,0.0,0.0,0.0,0.0,-54600.0,-198859915.0,100.0,367000.0
308080,바이젠셀,코스닥,자연과학 및 공학 연구개발업,"면역세포치료제 (면역항암제, 면역조절치료제 등)",5330.0,96042.0,509510295.0,3.700000047683716,12868370.0,2.5299999713897705,4998.0,28403565.0,-4998.0,-28403605.0,0.0,40.0,0.0,40.0,0.0,0.0,0.0,0.0,0.0,0.0,0.0,0.0,0.0,0.0,0.0,0.0,0.0,0.0
043150,바텍,코스닥,의료용 기기 제조업,"치과용 디지털 X-ray기기 (파노라마, CT) 및 구강스캐너 등",17880.0,25122.0,448479425.0,0.6800000071525574,1964640.0,0.33000001311302185,-9969.0,-178150600.0,6624.0,118440200.0,3345.0,59710400.0,3345.0,59710400.0,0.0,0.0,0.0,0.0,0.0,0.0,0.0,0.0,0.0,0.0,0.0,0.0,0.0,0.0
323990,박셀바이오,코스닥,자연과학 및 공학 연구개발업,"항암면역세포치료제(자연살해세포, 수지상세포, CAR-T 및 인터루킨 기반 항암제)",4255.0,63062.0,268410155.0,0.11999999731779099,22426640.0,8.359999656677246,3957.0,17135995.0,-3980.0,-17233985.0,15.0,64010.0,15.0,64010.0,0.0,0.0,0.0,0.0,0.0,0.0,0.0,0.0,0.0,0.0,0.0,0.0,8.0,33980.0
323990,박셀바이오,코스닥,자연과학 및 공학 연구개발업,"항암면역세포치료제(자연살해세포, 수지상세포, CAR-T 및 인터루킨 기반 항암제)",4255.0,63062.0,268410155.0,0.11999999731779099,22426640.0,8.359999656677246,3957.0,17135995.0,-3980.0,-17233985.0,15.0,64010.0,15.0,64010.0,0.0,0.0,0.0,0.0,0.0,0.0,0.0,0.0,0.0,0.0,0.0,0.0,8.0,33980.0
267790,배럴,코스닥,봉제의복 제조업,래쉬가드 및 워터스포츠 등,3100.0,6443.0,19787595.0,1.1399999856948853,1165810.0,5.889999866485596,593.0,1809970.0,-760.0,-2334335.0,-2039.0,-6250615.0,0.0,0.0,0.0,0.0,0.0,0.0,0.0,0.0,0.0,0.0,-2039.0,-6250615.0,2256.0,6928480.0,-50.0,-153500.0
046310,백금T&A,코스닥,통신 및 방송 장비 제조업,레이더디텍터,2290.0,35101.0,79453117.0,2.4600000381469727,86480.0,0.10999999940395355,-13236.0,-29913132.0,-7852.0,-17892130.0,21072.0,47768942.0,10907.0,24693362.0,0.0,0.0,10165.0,23075580.0,0.0,0.0,0.0,0.0,0.0,0.0,16.0,36320.0,0.0,0.0
331520,밸로프,코스닥,소프트웨어 개발 및 공급업,기업인수합병,2060.0,12432.0,25580052.0,0.49000000953674316,0.0,0.0,176.0,363406.0,224.0,465094.0,0.0,0.0,0.0,0.0,0.0,0.0,0.0,0.0,0.0,0.0,0.0,0.0,0.0,0.0,-400.0,-828500.0,0.0,0.0
199480,뱅크웨어글로벌,코스닥,소프트웨어 개발 및 공급업,국내외 은행 및 금융기업 대상 코어뱅킹 소프트웨어,2700.0,37045.0,96140662.0,3.8499999046325684,199825.0,0.20999999344348907,19839.0,51746537.0,-19839.0,-51741797.0,0.0,-4740.0,0.0,-4740.0,0.0,0.0,0.0,0.0,0.0,0.0,0.0,0.0,0.0,0.0,0.0,0.0,0.0,0.0
438700,버넥트,코스닥,소프트웨어 개발 및 공급업,산업용 XR 솔루션,1734.0,13781.0,23860523.0,4.139999866485596,0.0,0.0,4433.0,7691331.0,-3433.0,-5965122.0,0.0,0.0,0.0,0.0,0.0,0.0,0.0,0.0,0.0,0.0,0.0,0.0,0.0,0.0,-1000.0,-1726209.0,0.0,0.0
066410,버킷스튜디오,코스닥,전기 통신업,DVD타이틀,1153.0,0.0,0.0,0.0,0.0,0.0,0.0,0.0,0.0,0.0,0.0,0.0,0.0,0.0,0.0,0.0,0.0,0.0,0.0,0.0,0.0,0.0,0.0,0.0,0.0,0.0,0.0,0.0
382900,범한퓨얼셀,코스닥,"전동기, 발전기 및 전기 변환 · 공급 · 제어 장치 제조업","잠수함용 연료전지모듈, 건물용 연료전지 시스템, 수소충전소 구축",16210.0,109787.0,1781110935.0,6.860000133514404,17052680.0,0.46000000834465027,-19582.0,-314055785.0,19397.0,311123075.0,124.0,1957560.0,124.0,1957560.0,0.0,0.0,0.0,0.0,0.0,0.0,0.0,0.0,0.0,0.0,25.0,406530.0,36.0,568620.0
206400,베노티앤알,코스닥,실내건축 및 건축마무리 공사업,"웹게임, 모바일게임",850.0,39300.0,33268239.0,1.309999942779541,4215.0,0.009999999776482582,-5352.0,-4540624.0,5352.0,4540624.0,0.0,0.0,0.0,0.0,0.0,0.0,0.0,0.0,0.0,0.0,0.0,0.0,0.0,0.0,0.0,0.0,0.0,0.0
019010,베뉴지,코스닥,종합 소매업,"백화점,예식장업",3840.0,204332.0,793536295.0,1.0499999523162842,8896805.0,1.1200000047683716,44581.0,173389000.0,-6199.0,-24042950.0,-38367.0,-149286715.0,-7732.0,-31901525.0,0.0,0.0,0.0,0.0,0.0,0.0,0.0,0.0,-30635.0,-117385190.0,0.0,0.0,-15.0,-59335.0
177350,베셀,코스닥,플라스틱제품 제조업,디스플레이 제조장비,695.0,0.0,0.0,0.0,0.0,0.0,0.0,0.0,0.0,0.0,0.0,0.0,0.0,0.0,0.0,0.0,0.0,0.0,0.0,0.0,0.0,0.0,0.0,0.0,0.0,0.0,0.0,0.0
457600,벡트,코스닥,영상 및 음향기기 제조업,"프로젝터, 전자칠판, 전자교탁 및 관련 영상 소프트웨어, 콘텐츠 등",3690.0,176598.0,677595982.0,0.27000001072883606,3740.0,0.0,1676.0,5374705.0,-504.0,-806550.0,0.0,-16300.0,0.0,-16300.0,0.0,0.0,0.0,0.0,0.0,0.0,0.0,0.0,0.0,0.0,-1181.0,-4543950.0,9.0,-7905.0
424760,벨로크,코스닥,"컴퓨터 프로그래밍, 시스템 통합 및 관리업","보안솔루션,보안서비스",2180.0,50530.0,109901935.0,1.159999966621399,17560.0,0.019999999552965164,-2704.0,-5574010.0,2704.0,5574010.0,0.0,0.0,0.0,0.0,0.0,0.0,0.0,0.0,0.0,0.0,0.0,0.0,0.0,0.0,0.0,0.0,0.0,0.0
250000,보라티알,코스닥,음·식료품 및 담배 도매업,"유가공품, 소스류, 파스타류",5440.0,6786.0,36420960.0,0.0,0.0,0.0,-354.0,-1896670.0,353.0,1897530.0,1.0,5410.0,1.0,5410.0,0.0,0.0,0.0,0.0,0.0,0.0,0.0,0.0,0.0,0.0,0.0,-6270.0,0.0,0.0
310210,보로노이,코스닥,자연과학 및 공학 연구개발업,표적치료제,147500.0,124835.0,17946559750.0,7.269999980926514,1262900700.0,5.409999847412109,22456.0,3243565250.0,-17112.0,-2470066450.0,-6036.0,-873248900.0,-20564.0,-2980206700.0,-369.0,-53114800.0,8632.0,1248749800.0,0.0,0.0,0.0,0.0,6265.0,911322800.0,761.0,109402900.0,-69.0,-9652800.0
006910,보성파워텍,코스닥,"구조용 금속제품, 탱크 및 증기발생기 제조업",송배전용자재,6850.0,892793.0,6024243095.0,7.03000020980835,1765410.0,0.029999999329447746,-131562.0,-877524630.0,136019.0,907935955.0,4.0,27215.0,4.0,27215.0,0.0,0.0,0.0,0.0,0.0,0.0,0.0,0.0,0.0,0.0,-100.0,-679100.0,-4361.0,-29759440.0
0010F0,보원케미칼,코스닥,플라스틱제품 제조업,"차량 내장재용 표면소재, SPC바닥재 등",2345.0,64214.0,149756190.0,1.5199999809265137,170950.0,0.10999999940395355,18246.0,42636870.0,-18270.0,-42693150.0,0.0,0.0,0.0,0.0,0.0,0.0,0.0,0.0,0.0,0.0,0.0,0.0,0.0,0.0,0.0,0.0,24.0,56280.0
226340,본느,코스닥,기타 화학제품 제조업,기업인수합병,3675.0,372644.0,1369466700.0,29.860000610351562,0.0,0.0,876.0,3219300.0,-656.0,-2410800.0,910.0,3344250.0,910.0,3344250.0,0.0,0.0,0.0,0.0,0.0,0.0,0.0,0.0,0.0,0.0,-900.0,-3307500.0,-230.0,-845250.0
014470,부방,코스닥,부동산 임대 및 공급업,"자회사관리, 부동산임대",999.0,128777.0,127917047.0,-0.10000000149011612,0.0,0.0,60900.0,60646136.0,-60818.0,-60563611.0,0.0,0.0,0.0,0.0,0.0,0.0,0.0,0.0,0.0,0.0,0.0,0.0,0.0,0.0,0.0,0.0,-82.0,-82525.0
008470,부스타,코스닥,"구조용 금속제품, 탱크 및 증기발생기 제조업","관류보일러,진공온수보일러,무압온수보일러,난방기 제조,판매",2075.0,22606.0,46348123.0,-1.190000057220459,4410210.0,9.520000457763672,7432.0,15237162.0,-1942.0,-3988675.0,-5491.0,-11250475.0,-5491.0,-11250475.0,0.0,0.0,0.0,0.0,0.0,0.0,0.0,0.0,0.0,0.0,1.0,1988.0,0.0,0.0
338220,뷰노,코스닥,소프트웨어 개발 및 공급업,"뷰노메드 음성솔루션, 뷰노메드 영상솔루션, 기타 솔루션 등",8060.0,24223.0,197291420.0,-0.3700000047683716,10415250.0,2.5999999046325684,-2300.0,-18712880.0,4726.0,38485950.0,-2329.0,-18984020.0,96.0,783520.0,0.0,0.0,0.0,0.0,0.0,0.0,0.0,0.0,-2425.0,-19767540.0,-107.0,-870850.0,10.0,81800.0
100120,뷰웍스,코스닥,의료용 기기 제조업,X-Ray Detector,25550.0,28296.0,734490275.0,0.5899999737739563,18862300.0,2.569999933242798,-4083.0,-105484725.0,7087.0,182629575.0,-31.0,-792050.0,-31.0,-792050.0,0.0,0.0,0.0,0.0,0.0,0.0,0.0,0.0,0.0,0.0,-2670.0,-68509750.0,-303.0,-7843050.0
406820,뷰티스킨,코스닥,기타 화학제품 제조업,"화장품 제조, 브랜드, 유통 사업",1850.0,218159.0,396477774.0,4.579999923706055,1771645.0,0.44999998807907104,-47027.0,-85167383.0,45966.0,83213740.0,0.0,-12492.0,0.0,-12492.0,0.0,0.0,0.0,0.0,0.0,0.0,0.0,0.0,0.0,0.0,-215.0,-387014.0,1276.0,2353149.0
099390,브레인즈컴퍼니,코스닥,소프트웨어 개발 및 공급업,IT 인프라 통합관리 솔루션,3390.0,35372.0,117858477.0,4.46999979019165,3250.0,0.0,7557.0,25036592.0,-3839.0,-13062867.0,1181.0,4047085.0,1181.0,4047085.0,0.0,0.0,0.0,0.0,0.0,0.0,0.0,0.0,0.0,0.0,0.0,0.0,-4899.0,-16020810.0
064480,브리지텍,코스닥,소프트웨어 개발 및 공급업,"컨택센터솔루션,BcN솔루션,ASP서비스사업",2730.0,32179.0,87508625.0,1.1100000143051147,569015.0,0.6499999761581421,-2408.0,-6560120.0,2241.0,6105050.0,0.0,-5.0,0.0,-5.0,0.0,0.0,0.0,0.0,0.0,0.0,0.0,0.0,0.0,0.0,0.0,0.0,167.0,455075.0
365900,브이씨,코스닥,운동 및 경기용구 제조업,골프용 거리측정기,2360.0,8505.0,20551379.0,-5.599999904632568,0.0,0.0,417.0,1157235.0,-417.0,-1157235.0,0.0,0.0,0.0,0.0,0.0,0.0,0.0,0.0,0.0,0.0,0.0,0.0,0.0,0.0,0.0,0.0,0.0,0.0
089970,브이엠,코스닥,특수 목적용 기계 제조업,300mm Poly Etch System,68200.0,531860.0,36751773550.0,1.940000057220459,4115107100.0,7.800000190734863,165157.0,11439633700.0,-140573.0,-9764095050.0,-29889.0,-2043001700.0,-14672.0,-1015275000.0,384.0,25863950.0,31586.0,2177650900.0,0.0,0.0,-36405.0,-2496264900.0,-10544.0,-718625650.0,5223.0,361617400.0,82.0,5845650.0
251630,브이원텍,코스닥,특수 목적용 기계 제조업,"LCD/OLED 압흔검사기, 2차전지 검사장비",3830.0,37545.0,141967735.0,4.079999923706055,14895.0,0.009999999776482582,-3918.0,-14861340.0,3593.0,13612545.0,0.0,0.0,0.0,0.0,0.0,0.0,0.0,0.0,0.0,0.0,0.0,0.0,0.0,0.0,0.0,0.0,325.0,1248795.0
018290,브이티,코스닥,기타 화학제품 제조업,"화장품, 라미네이팅필름, 라미네이팅기계",13140.0,188167.0,2448898570.0,2.180000066757202,238438810.0,6.909999847412109,9800.0,125047610.0,1736.0,23799890.0,-11548.0,-149001860.0,-36218.0,-470960370.0,0.0,0.0,-602.0,-7744790.0,0.0,0.0,0.0,0.0,25272.0,329703300.0,-48.0,-629440.0,60.0,783800.0
478560,블랙야크아이앤씨,코스닥,신발 및 신발 부분품 제조업,"산업용 안전화, 안전복 및 안전용품",2700.0,12481.0,33304335.0,2.4700000286102295,2116270.0,6.349999904632568,6006.0,16017980.0,-4993.0,-13329350.0,-1013.0,-2688630.0,-1013.0,-2688630.0,0.0,0.0,0.0,0.0,0.0,0.0,0.0,0.0,0.0,0.0,0.0,0.0,0.0,0.0
439580,블루엠텍,코스닥,기타 전문 도매업,의약품 유통업,1685.0,48521.0,81702034.0,1.940000057220459,3143619.0,3.8499999046325684,9812.0,16584399.0,-10126.0,-17112274.0,0.0,0.0,0.0,0.0,0.0,0.0,0.0,0.0,0.0,0.0,0.0,0.0,0.0,0.0,0.0,0.0,314.0,527875.0
033560,블루콤,코스닥,영상 및 음향기기 제조업,블루투스헤드셋,5270.0,58773.0,304519350.0,0.7599999904632568,5371610.0,1.7599999904632568,-3658.0,-19125540.0,3658.0,19121640.0,0.0,3900.0,0.0,3900.0,0.0,0.0,0.0,0.0,0.0,0.0,0.0,0.0,0.0,0.0,0.0,0.0,0.0,0.0
369370,블리츠웨이엔터테인먼트,코스닥,창작 및 예술관련 서비스업,창작 및 예술관련 서비스,750.0,0.0,0.0,0.0,0.0,0.0,0.0,0.0,0.0,0.0,0.0,0.0,0.0,0.0,0.0,0.0,0.0,0.0,0.0,0.0,0.0,0.0,0.0,0.0,0.0,0.0,0.0,0.0
126340,비나텍,코스닥,일차전지 및 이차전지 제조업,초고용량 커패시터(슈퍼커패시터),71000.0,149495.0,10332922250.0,11.640000343322754,434357000.0,2.8299999237060547,1367.0,82685300.0,-57602.0,-4005992300.0,57505.0,4012306200.0,106.0,7048500.0,4891.0,348523600.0,39406.0,2749793950.0,0.0,0.0,-2619.0,-183104950.0,15603.0,1082040050.0,-1227.0,-85965200.0,-43.0,-3034000.0
121800,비덴트,코스닥,통신 및 방송 장비 제조업,방송용 LCD모니터,3320.0,0.0,0.0,0.0,0.0,0.0,0.0,0.0,0.0,0.0,0.0,0.0,0.0,0.0,0.0,0.0,0.0,0.0,0.0,0.0,0.0,0.0,0.0,0.0,0.0,0.0,0.0,0.0
082800,비보존 제약,코스닥,의약품 제조업,완제의약품제조,2635.0,154031.0,400381660.0,5.400000095367432,11488210.0,2.869999885559082,-10760.0,-27373134.0,10760.0,27400084.0,0.0,-26950.0,0.0,-26950.0,0.0,0.0,0.0,0.0,0.0,0.0,0.0,0.0,0.0,0.0,0.0,0.0,0.0,0.0
318410,비비씨,코스닥,기타 화학제품 제조업,덴탈 케어용 소재(테이퍼모 등),5700.0,6785.0,38542170.0,0.8799999952316284,5690.0,0.009999999776482582,4.0,26120.0,33.0,186770.0,-12.0,-68640.0,-12.0,-68640.0,0.0,0.0,0.0,0.0,0.0,0.0,0.0,0.0,0.0,0.0,-25.0,-144250.0,0.0,0.0
419540,비스토스,코스닥,의료용 기기 제조업,환자 및 태아감시장치,3030.0,13875.0,41582195.0,1.6799999475479126,3015855.0,7.25,-3291.0,-9962670.0,-1709.0,-5103495.0,5000.0,15066165.0,5000.0,15066165.0,0.0,0.0,0.0,0.0,0.0,0.0,0.0,0.0,0.0,0.0,0.0,0.0,0.0,0.0
146320,비씨엔씨,코스닥,반도체 제조업,반도체용 합성쿼츠 포커스링,10000.0,35642.0,354762070.0,5.929999828338623,8287930.0,2.3399999141693115,-10404.0,-103437260.0,10404.0,103437300.0,0.0,-40.0,0.0,-40.0,0.0,0.0,0.0,0.0,0.0,0.0,0.0,0.0,0.0,0.0,0.0,0.0,0.0,0.0
200780,비씨월드제약,코스닥,의약품 제조업,"마취통증약, 순환계약, 항생제, 기타처방약",3190.0,12881.0,40849169.0,0.1599999964237213,0.0,0.0,-1602.0,-5130505.0,-35.0,-119670.0,1595.0,5119435.0,1595.0,5119435.0,0.0,0.0,0.0,0.0,0.0,0.0,0.0,0.0,0.0,0.0,0.0,0.0,42.0,130740.0
413640,비아이매트릭스,코스닥,소프트웨어 개발 및 공급업,로우코드 기반 코딩 자동화 솔루션 등,6480.0,13383.0,85505790.0,1.25,680300.0,0.800000011920929,-1688.0,-10719420.0,1288.0,8135170.0,0.0,0.0,0.0,0.0,0.0,0.0,0.0,0.0,0.0,0.0,0.0,0.0,0.0,0.0,400.0,2584250.0,0.0,0.0
141000,비아트론,코스닥,특수 목적용 기계 제조업,디스플레이 및 반도체 제조용 장비,8620.0,25203.0,215392190.0,3.859999895095825,726600.0,0.3400000035762787,-7450.0,-63055670.0,9363.0,79529980.0,0.0,0.0,0.0,0.0,0.0,0.0,0.0,0.0,0.0,0.0,0.0,0.0,0.0,0.0,-1913.0,-16474310.0,0.0,0.0
083650,비에이치아이,코스닥,일반 목적용 기계 제조업,"보일러,열교환기등",50500.0,464583.0,23711059900.0,1.2999999523162842,703109250.0,2.109999895095825,29650.0,1474331200.0,-62865.0,-3223183900.0,36053.0,1895389950.0,-23353.0,-1185709800.0,17452.0,900506050.0,35534.0,1827543750.0,0.0,0.0,20185.0,1039753550.0,-13765.0,-686703600.0,-4582.0,-234684850.0,1744.0,88147600.0
0068Y0,비엔케이제3호스팩,코스닥,금융 지원 서비스업,기업인수합병,1990.0,3514.0,6970738.0,0.5099999904632568,0.0,0.0,-3100.0,-6152106.0,-24.0,-47520.0,3124.0,6199626.0,3124.0,6199626.0,0.0,0.0,0.0,0.0,0.0,0.0,0.0,0.0,0.0,0.0,0.0,0.0,0.0,0.0
065170,비엘팜텍,코스닥,음·식료품 및 담배 도매업,건강보조식품 등,2420.0,680496.0,1665164063.0,4.090000152587891,18017065.0,1.0800000429153442,-63344.0,-157364493.0,63343.0,157362023.0,0.0,0.0,0.0,0.0,0.0,0.0,0.0,0.0,0.0,0.0,0.0,0.0,0.0,0.0,0.0,0.0,1.0,2470.0
086670,비엠티,코스닥,일반 목적용 기계 제조업,"정밀계장용피팅및밸브류,전원분배장치(MCPD)",16180.0,43055.0,697098660.0,1.8899999856948853,1605690.0,0.23000000417232513,2859.0,43972840.0,10203.0,164725150.0,-12062.0,-192795190.0,-62.0,-995970.0,0.0,0.0,-1800.0,-28763220.0,0.0,0.0,0.0,0.0,-10200.0,-163036000.0,-1000.0,-15902800.0,0.0,0.0
488900,비츠로넥스텍,코스닥,"항공기,우주선 및 부품 제조업","로켓연소기 및 가스발생기, 초전도가속장치, 핵융합 플라즈마 대향장치 등 제조",8750.0,70755.0,615541810.0,3.549999952316284,15337340.0,1.3600000143051147,-19233.0,-167780450.0,20366.0,177379950.0,0.0,64990.0,0.0,64990.0,0.0,0.0,0.0,0.0,0.0,0.0,0.0,0.0,0.0,0.0,0.0,0.0,-1133.0,-9664490.0
082920,비츠로셀,코스닥,일차전지 및 이차전지 제조업,리튬1차전지,32050.0,404117.0,12643045275.0,3.390000104904175,490276600.0,3.0199999809265137,62614.0,1924788225.0,-22032.0,-677548250.0,-39526.0,-1229059125.0,-50814.0,-1591375850.0,961.0,31051400.0,4395.0,137152075.0,10.0,322850.0,12792.0,408411500.0,-6869.0,-214590400.0,-1433.0,-29918100.0,377.0,11737250.0
054220,비츠로시스,코스닥,"전동기, 발전기 및 전기 변환 · 공급 · 제어 장치 제조업","원방감시제어시스템, 분산제어시스템",1409.0,53944.0,76155028.0,0.2800000011920929,0.0,0.0,8275.0,11648542.0,-5470.0,-7620554.0,0.0,0.0,0.0,0.0,0.0,0.0,0.0,0.0,0.0,0.0,0.0,0.0,0.0,0.0,-2805.0,-4027988.0,0.0,0.0
042370,비츠로테크,코스닥,기타 금융업,"차단기, 개폐기",8900.0,124254.0,1105363440.0,3.25,24000960.0,2.1700000762939453,-27552.0,-245601945.0,26601.0,237290215.0,0.0,0.0,0.0,0.0,0.0,0.0,0.0,0.0,0.0,0.0,0.0,0.0,0.0,0.0,0.0,0.0,951.0,8311730.0
050090,비케이홀딩스,코스닥,광고업,광고,479.0,1253074.0,600482430.0,18.270000457763672,1978642.0,0.33000001311302185,5779.0,4280852.0,-1621.0,-2432695.0,-76.0,-36860.0,-76.0,-36860.0,0.0,0.0,0.0,0.0,0.0,0.0,0.0,0.0,0.0,0.0,0.0,0.0,-4082.0,-1811297.0
148780,비큐AI,코스닥,소프트웨어 개발 및 공급업,"AIsurfer,RDPLINE 등",3885.0,1459872.0,5457695189.0,29.93000030517578,45420.0,0.0,49317.0,186988305.0,-50518.0,-190944770.0,0.0,-165965.0,0.0,-165965.0,0.0,0.0,0.0,0.0,0.0,0.0,0.0,0.0,0.0,0.0,1.0,14895.0,1200.0,4107535.0
307870,비투엔,코스닥,소프트웨어 개발 및 공급업,"데이터컨설팅, 품질관리 솔루션",984.0,696316.0,666534056.0,7.309999942779541,11497851.0,1.7300000190734863,195751.0,188764338.0,-155083.0,-151356271.0,0.0,0.0,0.0,0.0,0.0,0.0,0.0,0.0,0.0,0.0,0.0,0.0,0.0,0.0,-40849.0,-37584831.0,181.0,176764.0
377030,비트맥스,코스닥,소프트웨어 개발 및 공급업,AR 개발 플랫폼/AR솔루션,1519.0,22835.0,34292134.0,2.5,0.0,0.0,-3854.0,-5741052.0,3858.0,5714964.0,0.0,0.0,0.0,0.0,0.0,0.0,0.0,0.0,0.0,0.0,0.0,0.0,0.0,0.0,-2691.0,-4054036.0,2687.0,4080124.0
032850,비트컴퓨터,코스닥,소프트웨어 개발 및 공급업,의료정보시스템,4130.0,40036.0,164422264.0,2.0999999046325684,106330.0,0.05999999865889549,-6141.0,-25189192.0,3182.0,12967382.0,0.0,-56270.0,0.0,-56270.0,0.0,0.0,0.0,0.0,0.0,0.0,0.0,0.0,0.0,0.0,2958.0,12274025.0,1.0,4055.0
049470,비트플래닛,코스닥,소프트웨어 개발 및 공급업,"SI, 소프트웨어",1489.0,34337.0,51424601.0,0.3400000035762787,0.0,0.0,-4261.0,-6227128.0,4263.0,6230172.0,0.0,0.0,0.0,0.0,0.0,0.0,0.0,0.0,0.0,0.0,0.0,0.0,0.0,0.0,0.0,0.0,-2.0,-3044.0
238200,비피도,코스닥,기타 식품 제조업,프로바이오틱스 관련 완제품 및 균주 원말 등,2605.0,14599.0,38356510.0,1.3600000143051147,0.0,0.0,1988.0,5228905.0,-1988.0,-5228905.0,0.0,0.0,0.0,0.0,0.0,0.0,0.0,0.0,0.0,0.0,0.0,0.0,0.0,0.0,0.0,0.0,0.0,0.0
093190,빅솔론,코스닥,컴퓨터 및 주변장치 제조업,"POS용프린터,프린팅메카니즘",8590.0,22531.0,191758760.0,-0.23000000417232513,2636580.0,1.3700000047683716,4580.0,38796010.0,-2850.0,-24324590.0,-2885.0,-24392660.0,-158.0,-1309690.0,0.0,0.0,-2727.0,-23082970.0,0.0,0.0,0.0,0.0,0.0,0.0,1299.0,11138040.0,-144.0,-1216800.0
065450,빅텍,코스닥,"측정, 시험, 항해, 제어 및 기타 정밀기기 제조업; 광학기기 제외",전자전시스템 장치류,2965.0,232583.0,695790673.0,0.3400000035762787,15600785.0,2.240000009536743,36434.0,108331719.0,-38144.0,-113382209.0,3.0,9060.0,3.0,9060.0,0.0,0.0,0.0,0.0,0.0,0.0,0.0,0.0,0.0,0.0,-330.0,-991800.0,2037.0,6033230.0
044480,빌리언스,코스닥,창작 및 예술관련 서비스업,"콘돔,고무골무,의료용 장갑",877.0,32857.0,28417015.0,2.0999999046325684,0.0,0.0,-8978.0,-7788100.0,8982.0,7791548.0,0.0,0.0,0.0,0.0,0.0,0.0,0.0,0.0,0.0,0.0,0.0,0.0,0.0,0.0,0.0,0.0,-4.0,-3448.0
069540,빛과전자,코스닥,통신 및 방송 장비 제조업,기타무선통신장비제조업,2890.0,29351396.0,81373313963.0,29.889999389648438,2670.0,0.0,-2045853.0,-6077764427.0,1898081.0,5649565140.0,48834.0,140506440.0,48832.0,140500660.0,0.0,0.0,2.0,5780.0,0.0,0.0,0.0,0.0,0.0,0.0,88654.0,255631810.0,10284.0,32061037.0
072950,빛샘전자,코스닥,전자부품 제조업,"전광판용 LED 모듈, LED 전광판, 광접속함체",8550.0,2660573.0,23474610780.0,13.100000381469727,165574830.0,0.7099999785423279,234439.0,2091964140.0,-234122.0,-2088191560.0,164.0,852155.0,164.0,852155.0,0.0,0.0,0.0,0.0,0.0,0.0,0.0,0.0,0.0,0.0,-2125.0,-18885410.0,1644.0,14260675.0
451250,삐아,코스닥,기타 화학제품 제조업,색조화장품,7410.0,12132.0,90143030.0,0.14000000059604645,2020460.0,2.240000009536743,-1046.0,-7755050.0,1036.0,7680950.0,0.0,0.0,0.0,0.0,0.0,0.0,0.0,0.0,0.0,0.0,0.0,0.0,0.0,0.0,0.0,0.0,10.0,74100.0
143240,사람인,코스닥,"자료처리, 호스팅, 포털 및 기타 인터넷 정보매개 서비스업","온라인 채용광고(취업포털), 인재파견, 취업지원 등",16610.0,8571.0,141972270.0,0.11999999731779099,0.0,0.0,3014.0,49974385.0,-2327.0,-38606565.0,-685.0,-11332640.0,-685.0,-11332640.0,0.0,0.0,0.0,0.0,0.0,0.0,0.0,0.0,0.0,0.0,-12.0,-200280.0,10.0,165100.0
466410,사이냅소프트,코스닥,소프트웨어 개발 및 공급업,"웹 기반 문서뷰어, 문서필터, 웹 에디터 등",8480.0,4639.0,39246950.0,0.36000001430511475,8630.0,0.019999999552965164,174.0,1471850.0,-174.0,-1470350.0,0.0,0.0,0.0,0.0,0.0,0.0,0.0,0.0,0.0,0.0,0.0,0.0,0.0,0.0,0.0,-700.0,0.0,-800.0
223310,사토시홀딩스,코스닥,상품 종합 도매업,건강기능식품,4255.0,6312.0,26385060.0,3.7799999713897705,0.0,0.0,968.0,4038005.0,-968.0,-4038005.0,0.0,0.0,0.0,0.0,0.0,0.0,0.0,0.0,0.0,0.0,0.0,0.0,0.0,0.0,0.0,0.0,0.0,0.0
452430,사피엔반도체,코스닥,반도체 제조업,Micro/Mini-LED Display Driver IC,30000.0,50902.0,1507561500.0,4.900000095367432,388082600.0,16.34000015258789,11355.0,334819850.0,-10160.0,-301270900.0,-1063.0,-29594050.0,31.0,920700.0,-6211.0,-184472100.0,0.0,0.0,0.0,0.0,0.0,0.0,4942.0,148784850.0,-232.0,-6878850.0,100.0,2923950.0
419120,산돌,코스닥,소프트웨어 개발 및 공급업,리테일 폰트 등,2355.0,44066.0,102600073.0,1.7300000190734863,2365.0,0.0,689.0,1718574.0,-1189.0,-2841404.0,0.0,-58220.0,0.0,-58220.0,0.0,0.0,0.0,0.0,0.0,0.0,0.0,0.0,0.0,0.0,500.0,1181050.0,0.0,0.0
122350,삼기,코스닥,자동차 신품 부품 제조업,자동차부품,1594.0,16197307.0,27930263267.0,-4.210000038146973,120524750.0,0.4300000071525574,185001.0,357933690.0,-199723.0,-385996808.0,-2.0,-808.0,0.0,0.0,0.0,0.0,-2.0,-3400.0,0.0,0.0,0.0,2592.0,0.0,0.0,0.0,-12300.0,14724.0,28076226.0
419050,삼기에너지솔루션즈,코스닥,자동차 신품 부품 제조업,배터리(이차전지) 부품 (엔드플레이트),1577.0,19081848.0,31488164780.0,8.829999923706055,41456170.0,0.12999999523162842,120770.0,227403146.0,-121755.0,-228070627.0,-2829.0,-4384950.0,-2829.0,-4384950.0,0.0,0.0,0.0,0.0,0.0,0.0,0.0,0.0,0.0,0.0,630.0,1025310.0,3184.0,4027121.0
014970,삼륭물산,코스닥,"골판지, 종이 상자 및 종이용기 제조업",카톤팩,4310.0,40986.0,176852635.0,2.380000114440918,4235.0,0.0,10463.0,45519710.0,-11270.0,-49024295.0,0.0,-8965.0,0.0,-8965.0,0.0,0.0,0.0,0.0,0.0,0.0,0.0,0.0,0.0,0.0,-192.0,-827520.0,999.0,4341070.0
018310,삼목에스폼,코스닥,"구조용 금속제품, 탱크 및 증기발생기 제조업","갱폼,알루미늄폼,특수폼,알루미늄압출재",13990.0,5100.0,71055590.0,1.6699999570846558,139470.0,0.18000000715255737,908.0,12613270.0,-1635.0,-22727600.0,750.0,10437710.0,222.0,3105560.0,0.0,0.0,0.0,0.0,0.0,0.0,0.0,0.0,528.0,7332150.0,-23.0,-323380.0,0.0,0.0
012210,삼미금속,코스닥,기타 금속 가공제품 제조업,"자동차부품, 중장비부품, 선박부품, 방산부품 등",6690.0,106849.0,716163745.0,0.75,24096020.0,3.359999895095825,-13357.0,-88738630.0,16177.0,107592860.0,0.0,0.0,0.0,0.0,0.0,0.0,0.0,0.0,0.0,0.0,0.0,0.0,0.0,0.0,-2810.0,-18772230.0,-10.0,-82000.0
053700,삼보모터스,코스닥,자동차 신품 부품 제조업,증명서 자동발급기,4165.0,131782.0,550833944.0,1.7100000381469727,148810.0,0.029999999329447746,-17680.0,-73691237.0,18748.0,78284027.0,-118.0,-662750.0,-116.0,-654470.0,0.0,0.0,-2.0,-8280.0,0.0,0.0,0.0,0.0,0.0,0.0,-1000.0,-4140040.0,50.0,210000.0
009620,삼보산업,코스닥,1차 비철금속 제조업,알미늄괴,815.0,235328.0,194533694.0,-1.9299999475479126,9654717.0,4.960000038146973,41709.0,34879431.0,-45645.0,-38091300.0,0.0,0.0,0.0,0.0,0.0,0.0,0.0,0.0,0.0,0.0,0.0,0.0,0.0,0.0,-802.0,-668868.0,4738.0,3880737.0
023600,삼보판지,코스닥,"펄프, 종이 및 판지 제조업","골판지,골판지상자",8610.0,2297.0,19694805.0,0.23000000417232513,858130.0,4.360000133514404,-519.0,-4453785.0,541.0,4639505.0,-22.0,-185720.0,-22.0,-185720.0,0.0,0.0,0.0,0.0,0.0,0.0,0.0,0.0,0.0,0.0,0.0,0.0,0.0,0.0
0044K0,삼성스팩10호,코스닥,금융 지원 서비스업,기업인수합병,1984.0,7907.0,15695412.0,-0.10000000149011612,0.0,0.0,2553.0,5070205.0,-53.0,-105205.0,-2500.0,-4965000.0,0.0,0.0,0.0,0.0,0.0,0.0,0.0,0.0,0.0,0.0,-2500.0,-4965000.0,0.0,0.0,0.0,0.0
0071M0,삼성스팩11호,코스닥,금융 지원 서비스업,기업인수합병,1984.0,4065.0,8059979.0,0.10000000149011612,0.0,0.0,1598.0,3168811.0,-19.0,-37654.0,-1579.0,-3131157.0,332.0,658356.0,0.0,0.0,0.0,0.0,0.0,0.0,0.0,0.0,-1911.0,-3789513.0,0.0,0.0,0.0,0.0
0096B0,삼성스팩12호,코스닥,기타 금융업,기업인수합병,1990.0,17445.0,34596301.0,0.8100000023841858,0.0,0.0,-3928.0,-7777487.0,0.0,48.0,3928.0,7777439.0,3928.0,7777439.0,0.0,0.0,0.0,0.0,0.0,0.0,0.0,0.0,0.0,0.0,0.0,0.0,0.0,0.0
0115H0,삼성스팩13호,코스닥,금융 지원 서비스업,기업인수합병,1992.0,5837.0,11604676.0,0.6600000262260437,0.0,0.0,-163.0,-323770.0,17.0,33084.0,146.0,290686.0,146.0,290686.0,0.0,0.0,0.0,0.0,0.0,0.0,0.0,0.0,0.0,0.0,0.0,0.0,0.0,0.0
009300,삼아제약,코스닥,의약품 제조업,"노마에프, 아토크건조시럽, 코데날정, 코코시럽, 스마엘",12480.0,2830.0,35206300.0,0.6499999761581421,0.0,0.0,-163.0,-2011860.0,163.0,2011790.0,0.0,70.0,0.0,70.0,0.0,0.0,0.0,0.0,0.0,0.0,0.0,0.0,0.0,0.0,0.0,0.0,0.0,0.0
482630,삼양엔씨켐,코스닥,기타 화학제품 제조업,"반도체 포토레지스트용 기초화합물(KrF PR용 소재, ArF PR용 소재, Wet Chemical)",12840.0,123599.0,1600480535.0,-0.38999998569488525,97759430.0,6.110000133514404,26067.0,337831995.0,-25704.0,-333212340.0,-3506.0,-45202785.0,-42.0,-423330.0,0.0,0.0,-711.0,-9193160.0,0.0,0.0,0.0,0.0,-2753.0,-35586295.0,769.0,10055190.0,2374.0,30527940.0
484590,삼양컴텍,코스닥,무기 및 총포탄 제조업,"방위산업방탄제품(K-SAP, 유리섬유제품, 방탄헬멧, 위장망, 방탄복), 항공기부품 제조, 도매, 무역",6530.0,166740.0,1088986605.0,5.320000171661377,11326470.0,1.0399999618530273,-14226.0,-94049130.0,11943.0,79002850.0,2243.0,14804720.0,-1227.0,-8010200.0,0.0,0.0,1939.0,12774680.0,0.0,0.0,0.0,0.0,1531.0,10040240.0,0.0,0.0,40.0,241560.0
036670,삼양케이씨아이,코스닥,기타 화학제품 제조업,"폴리머,레진,계면활성제",5000.0,10633.0,53163649.0,0.0,4985.0,0.009999999776482582,-1770.0,-8868906.0,1696.0,8498916.0,72.0,360000.0,72.0,360000.0,0.0,0.0,0.0,0.0,0.0,0.0,0.0,0.0,0.0,0.0,0.0,0.0,2.0,9990.0
361670,삼영에스앤씨,코스닥,전자부품 제조업,"칩형 온습도센서,상대습도센서,미세먼지센서, 공기질 통합센서 노드 및 트랜스미터",3605.0,22781.0,81703082.0,0.699999988079071,822690.0,1.0099999904632568,1468.0,5260935.0,-1468.0,-5260935.0,0.0,0.0,0.0,0.0,0.0,0.0,0.0,0.0,0.0,0.0,0.0,0.0,0.0,0.0,0.0,0.0,0.0,0.0
054540,삼영엠텍,코스닥,"구조용 금속제품, 탱크 및 증기발생기 제조업","구조용 특수장치, 교량부품",6830.0,198971.0,1347077010.0,6.71999979019165,9156410.0,0.6800000071525574,-26049.0,-174265945.0,26050.0,174281905.0,1.0,-5000.0,1.0,-5000.0,0.0,0.0,0.0,0.0,0.0,0.0,0.0,0.0,0.0,0.0,0.0,0.0,-2.0,-10960.0
065570,삼영이엔씨,코스닥,통신 및 방송 장비 제조업,"GMDSS장비, GPS플로터 등",764.0,0.0,0.0,0.0,0.0,0.0,0.0,0.0,0.0,0.0,0.0,0.0,0.0,0.0,0.0,0.0,0.0,0.0,0.0,0.0,0.0,0.0,0.0,0.0,0.0,0.0,0.0,0.0
014950,삼익제약,코스닥,의약품 제조업,완제의약품 제조 및 CMO,5350.0,1916055.0,10300063300.0,15.050000190734863,7915420.0,0.07999999821186066,59518.0,377870310.0,-59371.0,-377296775.0,0.0,-166350.0,0.0,-166350.0,0.0,0.0,0.0,0.0,0.0,0.0,0.0,0.0,0.0,0.0,0.0,-6930.0,-147.0,-400255.0
032280,삼일,코스닥,도로 화물 운송업,운송 및 하역수입,1313.0,12913.0,16994227.0,0.0,0.0,0.0,-3295.0,-4328143.0,3863.0,5073101.0,0.0,-90.0,0.0,-90.0,0.0,0.0,0.0,0.0,0.0,0.0,0.0,0.0,0.0,0.0,-568.0,-744868.0,0.0,0.0
002290,삼일기업공사,코스닥,건물 건설업,도급공사,3165.0,34388.0,109147141.0,-0.4699999988079071,28640.0,0.029999999329447746,26080.0,82764646.0,-26279.0,-83394486.0,199.0,629840.0,199.0,629840.0,0.0,0.0,0.0,0.0,0.0,0.0,0.0,0.0,0.0,0.0,0.0,0.0,0.0,0.0
037460,삼지전자,코스닥,통신 및 방송 장비 제조업,"통신기기,정보기기,BACKLIGHTUNIT사업",35800.0,197898.0,6958635725.0,3.9200000762939453,130534750.0,1.8799999952316284,-54136.0,-1901549050.0,57353.0,2015861500.0,4748.0,165027300.0,5297.0,184289700.0,0.0,0.0,-3.0,-106450.0,0.0,0.0,-3.0,-106550.0,-543.0,-19049400.0,-6536.0,-229322150.0,-1429.0,-50017600.0
032750,삼진,코스닥,통신 및 방송 장비 제조업,리모컨,2990.0,10101.0,30032140.0,1.0099999904632568,0.0,0.0,595.0,1809930.0,751.0,2226985.0,-1346.0,-4036915.0,-1346.0,-4036915.0,0.0,0.0,0.0,0.0,0.0,0.0,0.0,0.0,0.0,0.0,0.0,0.0,0.0,0.0
0013V0,삼진식품,코스닥,수산물 가공 및 저장 처리업,"반찬용 어묵, 국탕용 어묵 등 어묵관련 제품 판매",4915.0,10813.0,53112965.0,1.5499999523162842,68690.0,0.12999999523162842,-397.0,-1930455.0,575.0,2805700.0,-178.0,-875245.0,0.0,0.0,0.0,0.0,-100.0,-493000.0,0.0,0.0,0.0,0.0,-78.0,-382245.0,0.0,0.0,0.0,0.0
054090,삼진엘앤디,코스닥,그외 기타 제품 제조업,"몰드프레임, TFT-LCD BLU",960.0,69932.0,66903432.0,-2.3399999141693115,66358.0,0.10000000149011612,-1475.0,-1387951.0,-3525.0,-3422253.0,5000.0,4810204.0,5000.0,4810204.0,0.0,0.0,0.0,0.0,0.0,0.0,0.0,0.0,0.0,0.0,0.0,0.0,0.0,0.0
000250,삼천당제약,코스닥,의약품 제조업,"하메론, 아토로우",166600.0,173530.0,29225235700.0,-0.41999998688697815,2958045000.0,7.099999904632568,13457.0,2177925500.0,-2201.0,-349265700.0,-11816.0,-1922892000.0,-3377.0,-528506750.0,-10.0,-1685600.0,-95.0,-15887900.0,0.0,0.0,5289.0,904811450.0,-13623.0,-2281621500.0,572.0,96378700.0,-12.0,-2146500.0
024950,삼천리자전거,코스닥,생활용품 도매업,자전거,3830.0,37270.0,141203874.0,3.0999999046325684,4730830.0,3.3499999046325684,2453.0,9470565.0,-2427.0,-9368205.0,-1.0,-3760.0,-1.0,-3760.0,0.0,0.0,0.0,0.0,0.0,0.0,0.0,0.0,0.0,0.0,-25.0,-98600.0,0.0,0.0
038500,삼표시멘트,코스닥,기타 비금속 광물제품 제조업,시멘트 제품,7870.0,759280.0,5982624670.0,4.929999828338623,310975800.0,5.199999809265137,-16170.0,-137647385.0,49038.0,393551755.0,-32832.0,-255431410.0,-45775.0,-358081360.0,-14.0,-110220.0,29.0,229380.0,0.0,0.0,12928.0,102530790.0,0.0,0.0,1296.0,10202730.0,-1332.0,-10675690.0
437730,삼현,코스닥,자동차 신품 부품 제조업,"스마트 액추에이터, 스마트 파워유닛",38650.0,437941.0,16492585825.0,2.380000114440918,290823900.0,1.7599999904632568,-25136.0,-991289275.0,-25435.0,-959016275.0,51220.0,1974048775.0,-8584.0,-326201650.0,-5.0,-189925.0,60009.0,2307843050.0,0.0,0.0,0.0,0.0,-200.0,-7402700.0,-4.0,-253550.0,-645.0,-23489675.0
017480,삼현철강,코스닥,1차 철강 제조업,"후판,열연후판,산세판박,무늬강판,용단철강,형강외",4750.0,9114.0,43164295.0,0.6399999856948853,19000.0,0.03999999910593033,2136.0,10104265.0,-732.0,-3451910.0,-1404.0,-6652355.0,-1404.0,-6652355.0,0.0,0.0,0.0,0.0,0.0,0.0,0.0,0.0,0.0,0.0,0.0,0.0,0.0,0.0
046390,삼화네트웍스,코스닥,"영화, 비디오물, 방송프로그램 제작 및 배급업",영상 콘텐츠,2060.0,15825.0,32750655.0,-0.7200000286102295,164810.0,0.5,-300.0,-576860.0,-700.0,-1497640.0,1000.0,2074500.0,1000.0,2074500.0,0.0,0.0,0.0,0.0,0.0,0.0,0.0,0.0,0.0,0.0,0.0,0.0,0.0,0.0
027580,상보,코스닥,플라스틱제품 제조업,"광학필름,윈도우필름,미디어필름",1806.0,220455.0,374932583.0,20.239999771118164,2095755.0,0.5600000023841858,-913.0,-107406.0,833.0,-84892.0,0.0,-9513.0,0.0,-9513.0,0.0,0.0,0.0,0.0,0.0,0.0,0.0,0.0,0.0,0.0,0.0,0.0,80.0,201811.0
038540,상상인,코스닥,"컴퓨터 프로그래밍, 시스템 통합 및 관리업",IT 통합 솔루션,2040.0,33444.0,67483496.0,0.25,202155.0,0.30000001192092896,-45.0,-37840.0,-4657.0,-9482510.0,4601.0,9330330.0,4601.0,9330330.0,0.0,0.0,0.0,0.0,0.0,0.0,0.0,0.0,0.0,0.0,101.0,190045.0,0.0,-25.0
091580,상신이디피,코스닥,일차전지 및 이차전지 제조업,2차전지부품,14390.0,108501.0,1531206265.0,2.4200000762939453,6426400.0,0.41999998688697815,32350.0,456032085.0,7609.0,105072175.0,-39970.0,-561259540.0,-38723.0,-543718500.0,0.0,0.0,-547.0,-7693950.0,0.0,0.0,0.0,0.0,-700.0,-9847090.0,10.0,141100.0,1.0,14180.0
263810,상신전자,코스닥,전자부품 제조업,"노이즈필터(48.81%), 코일(19.33%), 리액터(10.75%)",2595.0,23736.0,61252015.0,1.9600000381469727,36025.0,0.05999999865889549,-780.0,-2006725.0,780.0,2006725.0,0.0,0.0,0.0,0.0,0.0,0.0,0.0,0.0,0.0,0.0,0.0,0.0,0.0,0.0,0.0,0.0,0.0,0.0
089980,상아프론테크,코스닥,플라스틱제품 제조업,"LCD부품,사무기기부품,PCB부품,2차전지부품",13890.0,31076.0,429970730.0,3.890000104904175,22560230.0,3.359999895095825,6779.0,93590690.0,-6619.0,-91382860.0,22.0,305290.0,22.0,305290.0,0.0,0.0,0.0,0.0,0.0,0.0,0.0,0.0,0.0,0.0,-154.0,-2126590.0,-28.0,-386530.0
042940,상지건설,코스닥,건물 건설업,"건설업, 고급빌라 건축 및 일반 건축, 주택공급 등",6230.0,336053.0,2115406195.0,6.860000133514404,34375960.0,1.6299999952316284,-2848.0,-17939970.0,2682.0,16798270.0,0.0,-2380.0,0.0,-2380.0,0.0,0.0,0.0,0.0,0.0,0.0,0.0,0.0,0.0,0.0,0.0,5900.0,166.0,1138180.0
042600,새로닉스,코스닥,전자부품 제조업,"광학시트, FFC",9020.0,4125.0,36983120.0,2.619999885559082,2011120.0,5.440000057220459,1459.0,13107330.0,-1538.0,-13812630.0,79.0,709300.0,79.0,709300.0,0.0,0.0,0.0,0.0,0.0,0.0,0.0,0.0,0.0,0.0,0.0,-4000.0,0.0,0.0
107600,새빗켐,코스닥,기타 화학제품 제조업,"폐전지재활용소재, 폐산재활용",13900.0,14204.0,196236515.0,6.599999904632568,4375630.0,2.2300000190734863,-414.0,-5450505.0,-261.0,-3940525.0,115.0,1555260.0,115.0,1555260.0,0.0,0.0,0.0,0.0,0.0,0.0,0.0,0.0,0.0,0.0,555.0,7765640.0,5.0,70130.0
411080,샌즈랩,코스닥,소프트웨어 개발 및 공급업,사이버 위협 인텔리전스(CTI),4005.0,67916.0,275041361.0,2.1700000762939453,9489820.0,3.450000047683716,4897.0,20114485.0,-4309.0,-17756530.0,-603.0,-2418030.0,-603.0,-2418030.0,0.0,0.0,0.0,0.0,0.0,0.0,0.0,0.0,0.0,0.0,0.0,0.0,15.0,60075.0
252990,샘씨엔에스,코스닥,전자부품 제조업,세라믹 STF(다층 세라믹 기판),13300.0,744376.0,10143010890.0,4.71999979019165,474005795.0,4.670000076293945,-58005.0,-795754430.0,-26675.0,-362316925.0,78425.0,1072816675.0,13041.0,179214445.0,8618.0,115927425.0,2486.0,40430815.0,0.0,0.0,49060.0,663687780.0,5220.0,73556210.0,4991.0,68348810.0,1264.0,16905870.0
378800,샤페론,코스닥,기초 의약물질 제조업,합성신약 및 항체치료제신약 기술제품 및 기술이전,491.0,4080575.0,2072769681.0,0.0,19523580.0,0.9399999976158142,450315.0,227316670.0,-317177.0,-163951084.0,-136365.0,-64877710.0,0.0,0.0,0.0,0.0,0.0,0.0,0.0,0.0,0.0,0.0,0.0,0.0,0.0,0.0,3227.0,1512124.0
294630,서남,코스닥,기타 전기장비 제조업,고온초전도선재,2840.0,181414.0,515065287.0,3.2699999809265137,9110900.0,1.7699999809265137,-41379.0,-117318739.0,41224.0,116908924.0,0.0,-25220.0,0.0,-25220.0,0.0,0.0,0.0,0.0,0.0,0.0,0.0,0.0,0.0,0.0,100.0,277000.0,55.0,158035.0
038070,서린바이오,코스닥,기타 전문 도매업,생명과학연구기기및시약,4340.0,12796.0,55290100.0,3.2100000381469727,4385.0,0.009999999776482582,-2404.0,-10363930.0,1647.0,7068540.0,0.0,-1815.0,0.0,-1815.0,0.0,0.0,0.0,0.0,0.0,0.0,0.0,0.0,0.0,0.0,0.0,0.0,757.0,3297205.0
006730,서부T&D,코스닥,일반 및 생활 숙박시설 운영업,석유류판매,10370.0,771901.0,8298594335.0,2.369999885559082,228410460.0,2.75,16288.0,147074570.0,42542.0,462703330.0,-75518.0,-787837570.0,-47261.0,-495685485.0,48.0,496280.0,2019.0,25919305.0,0.0,0.0,19509.0,206694550.0,-49648.0,-523275320.0,17028.0,181778840.0,-340.0,-3719170.0
079650,서산,코스닥,"시멘트, 석회, 플라스터 및 그 제품 제조업","레미콘,전주,고강도파일,흄관",4410.0,2621891.0,11886862208.0,2.559999942779541,221540417.0,1.8600000143051147,-133527.0,-612754027.0,128557.0,591388794.0,3000.0,13534540.0,3000.0,13534540.0,0.0,0.0,0.0,0.0,0.0,0.0,0.0,0.0,0.0,0.0,450.0,2153415.0,1520.0,5677278.0
079650,서산,코스닥,"시멘트, 석회, 플라스터 및 그 제품 제조업","레미콘,전주,고강도파일,흄관",4410.0,2621891.0,11886862208.0,2.559999942779541,221540417.0,1.8600000143051147,-133527.0,-612754027.0,128557.0,591388794.0,3000.0,13534540.0,3000.0,13534540.0,0.0,0.0,0.0,0.0,0.0,0.0,0.0,0.0,0.0,0.0,450.0,2153415.0,1520.0,5677278.0
100660,서암기계공업,코스닥,일반 목적용 기계 제조업,"공작기계부품(정밀기어,척),산업기계 제조부동산 임대",2940.0,27413.0,80068652.0,3.1600000858306885,1068230.0,1.3300000429153442,-342.0,-939967.0,5447.0,15837282.0,0.0,0.0,0.0,0.0,0.0,0.0,0.0,0.0,0.0,0.0,0.0,0.0,0.0,0.0,-5011.0,-14621895.0,-94.0,-275420.0
100660,서암기계공업,코스닥,일반 목적용 기계 제조업,"공작기계부품(정밀기어,척),산업기계 제조부동산 임대",2940.0,27413.0,80068652.0,3.1600000858306885,1068230.0,1.3300000429153442,-342.0,-939967.0,5447.0,15837282.0,0.0,0.0,0.0,0.0,0.0,0.0,0.0,0.0,0.0,0.0,0.0,0.0,0.0,0.0,-5011.0,-14621895.0,-94.0,-275420.0
019770,서연탑메탈,코스닥,특수 목적용 기계 제조업,자동차금형.건설중장비 부품,3410.0,37228.0,127400570.0,2.7100000381469727,3450.0,0.0,826.0,2866675.0,-1913.0,-6577465.0,0.0,5.0,0.0,5.0,0.0,0.0,0.0,0.0,0.0,0.0,0.0,0.0,0.0,0.0,1087.0,3710785.0,0.0,0.0
092190,서울바이오시스,코스닥,반도체 제조업,"Visible LED, UV LED",5940.0,309256.0,1796408725.0,14.229999542236328,50957620.0,2.8399999141693115,104060.0,607150060.0,-104020.0,-606910580.0,0.0,-90.0,0.0,-90.0,0.0,0.0,0.0,0.0,0.0,0.0,0.0,0.0,0.0,0.0,0.0,-3480.0,-40.0,-235910.0
046890,서울반도체,코스닥,반도체 제조업,"Display, Chip LED, Lamp",9360.0,857855.0,8120029850.0,6.730000019073486,1858939940.0,13.949999809265137,401354.0,3819577220.0,-325332.0,-3102676885.0,-74927.0,-706924850.0,-74927.0,-706924850.0,0.0,0.0,0.0,0.0,0.0,0.0,0.0,0.0,0.0,0.0,-1435.0,-13178420.0,340.0,3202935.0
063170,서울옥션,코스닥,상품 중개업,미술품경매,5240.0,31835.0,166667875.0,1.75,15510.0,0.009999999776482582,-634.0,-2985715.0,1025.0,5039865.0,4.0,20910.0,4.0,20910.0,0.0,0.0,0.0,0.0,0.0,0.0,0.0,0.0,0.0,0.0,-100.0,-524390.0,-295.0,-1550670.0
027040,서울전자통신,코스닥,"전동기, 발전기 및 전기 변환 · 공급 · 제어 장치 제조업","전자변성기, 무역업(트랜스포머자재)",1967.0,771502.0,1502366172.0,17.93000030517578,20708356.0,1.3799999952316284,-59251.0,-104571038.0,43219.0,73386957.0,0.0,-4392.0,0.0,-4392.0,0.0,0.0,0.0,0.0,0.0,0.0,0.0,0.0,0.0,0.0,15999.0,31115222.0,33.0,73251.0
018680,서울제약,코스닥,의약품 제조업,"정제,연질캅셀제,경질캅셀제,연고 및 크림제 등",1997.0,3638.0,7263731.0,0.5,2000.0,0.029999999329447746,-539.0,-1075065.0,539.0,1075065.0,0.0,0.0,0.0,0.0,0.0,0.0,0.0,0.0,0.0,0.0,0.0,0.0,0.0,0.0,0.0,0.0,0.0,0.0
036120,서울평가정보,코스닥,기타 정보 서비스업,"신용조회,채권추심,신용조사",1547.0,68581.0,105499413.0,1.6399999856948853,1897043.0,1.7999999523162842,-9281.0,-14264586.0,14224.0,21843027.0,-4937.0,-7569189.0,-4937.0,-7569189.0,0.0,0.0,0.0,0.0,0.0,0.0,0.0,0.0,0.0,0.0,0.0,0.0,-6.0,-9252.0
093920,서원인텍,코스닥,통신 및 방송 장비 제조업,휴대폰용키패드및부자재,4890.0,11552.0,56284000.0,0.7200000286102295,663125.0,1.1799999475479126,-447.0,-2209220.0,1433.0,7025840.0,-786.0,-3844620.0,-786.0,-3844620.0,0.0,0.0,0.0,0.0,0.0,0.0,0.0,0.0,0.0,0.0,-200.0,-972000.0,0.0,0.0
189860,서전기전,코스닥,"전동기, 발전기 및 전기 변환 · 공급 · 제어 장치 제조업","수배전반, 전력기기, 전기공사",4325.0,107796.0,462221446.0,5.489999771118164,0.0,0.0,-28263.0,-120427565.0,28854.0,122972150.0,0.0,0.0,0.0,0.0,0.0,0.0,0.0,0.0,0.0,0.0,0.0,0.0,0.0,0.0,0.0,0.0,-591.0,-2544585.0
178320,서진시스템,코스닥,기타 전기장비 제조업,"통신장비부품,휴대폰부품(메탈케이스 등)",37500.0,596041.0,22346692600.0,1.899999976158142,1940603950.0,8.680000305175781,97272.0,3646881125.0,-45098.0,-1701336175.0,-52802.0,-1967409700.0,-60809.0,-2264309750.0,3037.0,113737450.0,10603.0,396764675.0,0.0,0.0,4827.0,179412775.0,-10550.0,-396386200.0,-1020.0,-39552100.0,1648.0,61416850.0
122690,서진오토모티브,코스닥,자동차 신품 부품 제조업,"Clutch,Flywheel,Driveplate,Bearing,ATparts",1777.0,38389.0,68042090.0,1.659999966621399,36765.0,0.05000000074505806,990.0,1748082.0,-811.0,-1454722.0,-179.0,-293360.0,-179.0,-293360.0,0.0,0.0,0.0,0.0,0.0,0.0,0.0,0.0,0.0,0.0,0.0,0.0,0.0,0.0
140070,서플러스글로벌,코스닥,기계장비 및 관련 물품 도매업,"반도체 제조용 장비, 유휴기계설비 도소매",1683.0,71165.0,117642234.0,5.579999923706055,1019317.0,0.8700000047683716,-12851.0,-21353140.0,11473.0,18937199.0,1889.0,3254660.0,1889.0,3254660.0,0.0,0.0,0.0,0.0,0.0,0.0,0.0,0.0,0.0,0.0,-511.0,-838719.0,0.0,0.0
011370,서한,코스닥,건물 건설업,"건축, 토목",785.0,102385.0,79709857.0,2.2100000381469727,4058508.0,5.090000152587891,5420.0,4212824.0,-4921.0,-3821361.0,0.0,0.0,0.0,0.0,0.0,0.0,0.0,0.0,0.0,0.0,0.0,0.0,0.0,0.0,0.0,0.0,-499.0,-391463.0
065710,서호전기,코스닥,"전동기, 발전기 및 전기 변환 · 공급 · 제어 장치 제조업","항만크레인,구동전기장치",44000.0,4677.0,204766350.0,2.3299999237060547,613100.0,0.30000001192092896,-1183.0,-51803150.0,1473.0,64351350.0,-300.0,-12987700.0,-300.0,-12987850.0,0.0,0.0,0.0,0.0,0.0,0.0,0.0,0.0,0.0,0.0,10.0,439500.0,0.0,0.0
035890,서희건설,코스닥,건물 건설업,"토목, 건축, 부동산임대업",2020.0,324758.0,650044095.0,3.319999933242798,66893863.0,10.289999961853027,-133979.0,-267525612.0,102850.0,205011794.0,32077.0,64397292.0,9209.0,18586465.0,0.0,0.0,22868.0,45810827.0,0.0,0.0,0.0,0.0,0.0,0.0,6.0,12210.0,-954.0,-1895684.0
357550,석경에이티,코스닥,기초 화학물질 제조업,바이오 및 전기전자 나노 소재,34000.0,7402.0,252611900.0,3.0299999713897705,303650.0,0.10999999940395355,-1364.0,-46808250.0,911.0,31274700.0,356.0,12234050.0,356.0,12234050.0,0.0,0.0,0.0,0.0,0.0,0.0,0.0,0.0,0.0,0.0,59.0,2007700.0,38.0,1291800.0
003100,선광,코스닥,기타 운송관련 서비스업,"항만하역, 해사(바다모래)",20250.0,17665.0,352421570.0,1.4500000476837158,260180.0,0.07000000029802322,5594.0,111658050.0,-5465.0,-109195350.0,-1034.0,-20596680.0,-1034.0,-20596680.0,0.0,0.0,0.0,0.0,0.0,0.0,0.0,0.0,0.0,0.0,905.0,18133980.0,0.0,0.0
067370,선바이오,코스닥,의약품 제조업,"PEG유도체 제품 (62%), 기술료수입 (38%)",6490.0,13321.0,84734890.0,0.0,3005150.0,3.549999952316284,-6892.0,-44032430.0,1309.0,8243940.0,0.0,0.0,0.0,0.0,0.0,0.0,0.0,0.0,0.0,0.0,0.0,0.0,0.0,0.0,20.0,126200.0,5563.0,35662290.0
171090,선익시스템,코스닥,특수 목적용 기계 제조업,OLED 증착장비,66100.0,54761.0,3632066800.0,2.640000104904175,322645500.0,6.230000019073486,-3800.0,-257088000.0,2590.0,167814600.0,1851.0,131803900.0,-1982.0,-125546200.0,-3.0,-197700.0,4.0,264900.0,0.0,0.0,0.0,0.0,3832.0,257282900.0,-691.0,-45795500.0,50.0,3265000.0
086710,선진뷰티사이언스,코스닥,기타 화학제품 제조업,화장품 원료,7690.0,15560.0,119750645.0,0.38999998569488525,8267560.0,6.900000095367432,-2564.0,-19691235.0,-1805.0,-13864755.0,0.0,0.0,0.0,0.0,0.0,0.0,0.0,0.0,0.0,0.0,0.0,0.0,0.0,0.0,4369.0,33555990.0,0.0,0.0
014620,성광벤드,코스닥,1차 철강 제조업,관이음쇠,27450.0,188870.0,5144772675.0,3.200000047683716,149065450.0,2.309999942779541,18578.0,502973400.0,67759.0,1850435975.0,-85291.0,-2325275325.0,-16919.0,-459225400.0,-4865.0,-132759500.0,-13039.0,-356466725.0,0.0,0.0,-49393.0,-1347509250.0,-1075.0,-29314450.0,-814.0,-21867350.0,-232.0,-6266700.0
037350,성도이엔지,코스닥,"건축기술, 엔지니어링 및 관련 기술 서비스업","반도체크린룸 시공, 반도체장비제조",7770.0,161415.0,1236241320.0,6.440000057220459,2262970.0,0.18000000715255737,9087.0,70947200.0,-11793.0,-92120690.0,1472.0,11693780.0,1472.0,11693780.0,0.0,0.0,0.0,0.0,0.0,0.0,0.0,0.0,0.0,0.0,1010.0,7770590.0,224.0,1709120.0
458650,성우,코스닥,일차전지 및 이차전지 제조업,"이차전지 부품(2170 Topcap Ass'y, S4623 등), 자동차 전장부품(Motor Housing, EV Relay 등)",8200.0,12118.0,98039960.0,3.140000104904175,1924430.0,1.9600000381469727,-656.0,-5439890.0,1771.0,14442110.0,-1100.0,-8880730.0,0.0,0.0,0.0,0.0,0.0,0.0,0.0,0.0,0.0,0.0,-1100.0,-8880730.0,-15.0,-121490.0,0.0,0.0
081580,성우전자,코스닥,통신 및 방송 장비 제조업,휴대폰금속프레스부품(전자파차단ShieldCan),2410.0,26092.0,63077155.0,1.0499999523162842,114210.0,0.18000000715255737,4817.0,11733080.0,-4899.0,-11930955.0,82.0,197875.0,82.0,197875.0,0.0,0.0,0.0,0.0,0.0,0.0,0.0,0.0,0.0,0.0,0.0,0.0,0.0,0.0
045300,성우테크론,코스닥,전자부품 제조업,"리드프레임,반도체검사장비",2435.0,8565.0,20509930.0,2.9600000381469727,33560.0,0.1599999964237213,2120.0,5110510.0,-2120.0,-5110510.0,0.0,0.0,0.0,0.0,0.0,0.0,0.0,0.0,0.0,0.0,0.0,0.0,0.0,0.0,0.0,0.0,0.0,0.0
015750,성우하이텍,코스닥,자동차 신품 부품 제조업,자동차범퍼,6000.0,234088.0,1410156350.0,2.2100000381469727,111047270.0,5.340000152587891,18298.0,109086925.0,40375.0,242817210.0,-58666.0,-351852770.0,-58698.0,-352046120.0,0.0,0.0,32.0,193350.0,0.0,0.0,0.0,0.0,0.0,0.0,-156.0,-945370.0,149.0,894005.0
340930,성원에너텍,코스닥,특수 목적용 기계 제조업,2차전지 제조장비,806.0,0.0,0.0,0.0,0.0,0.0,0.0,0.0,0.0,0.0,0.0,0.0,0.0,0.0,0.0,0.0,0.0,0.0,0.0,0.0,0.0,0.0,0.0,0.0,0.0,0.0,0.0,0.0
365340,성일하이텍,코스닥,기초 화학물질 제조업,"코발트, 니켈, 리튬 등",31550.0,36216.0,1133269725.0,3.7799999713897705,42358650.0,2.8399999141693115,4054.0,126113675.0,-693.0,-21214975.0,-3382.0,-105557800.0,-369.0,-11723300.0,-1.0,-31100.0,10357.0,324491400.0,0.0,0.0,-13369.0,-418294750.0,0.0,0.0,20.0,628000.0,1.0,31100.0
080470,성창오토텍,코스닥,자동차 신품 부품 제조업,"차량용 에어컨필터, 차량용인버터 등",2915.0,11364.0,33194880.0,-1.690000057220459,906740.0,2.7300000190734863,-784.0,-2220445.0,-1554.0,-4556035.0,2312.0,6706590.0,2312.0,6706590.0,0.0,0.0,0.0,0.0,0.0,0.0,0.0,0.0,0.0,0.0,26.0,69890.0,0.0,0.0
043260,성호전자,코스닥,전자부품 제조업,"전원공급장치,필름콘덴서",19000.0,5755458.0,110009572105.0,13.029999732971191,1296688755.0,1.1799999475479126,551446.0,10482105610.0,-627229.0,-11952718615.0,80436.0,1567838215.0,-46569.0,-874914755.0,79591.0,1537680600.0,70088.0,1339498050.0,0.0,0.0,77478.0,1481323100.0,-100152.0,-1915748780.0,-11462.0,-230490990.0,6809.0,133265780.0
148150,세경하이테크,코스닥,전자부품 제조업,DECO Film 및 기타 TAPE 제조,3150.0,94861.0,295791690.0,2.440000057220459,1693390.0,0.5699999928474426,5806.0,18084475.0,-8667.0,-26997455.0,5.0,6760.0,5.0,6760.0,0.0,0.0,0.0,0.0,0.0,0.0,0.0,0.0,0.0,0.0,-350.0,-1096500.0,3206.0,10002720.0
061090,세나테크놀로지,코스닥,통신 및 방송 장비 제조업,"메시통신제품, 스마트 헬멧",46900.0,32538.0,1502912375.0,4.920000076293945,161457150.0,6.059999942779541,-5006.0,-230846950.0,5901.0,272370550.0,-1184.0,-54775800.0,10.0,486600.0,-1367.0,-63462550.0,0.0,0.0,0.0,0.0,0.0,0.0,173.0,8200150.0,279.0,12791700.0,10.0,460500.0
188260,세니젠,코스닥,그외 기타 제품 제조업,"Genelix, Genext, Geneka 등",1966.0,10457.0,20609408.0,-1.649999976158142,1993.0,0.009999999776482582,-2752.0,-5415402.0,2752.0,5444891.0,0.0,-29489.0,0.0,-29489.0,0.0,0.0,0.0,0.0,0.0,0.0,0.0,0.0,0.0,0.0,0.0,0.0,0.0,0.0
053060,세동,코스닥,자동차 신품 부품 제조업,"도어벨트, 몰딩",1381.0,18952.0,26242460.0,0.0,15233.0,0.05999999865889549,-659.0,-919083.0,-879.0,-1209582.0,0.0,0.0,0.0,0.0,0.0,0.0,0.0,0.0,0.0,0.0,0.0,0.0,0.0,0.0,-27.0,-37530.0,1565.0,2166195.0
340440,세림B&G,코스닥,플라스틱제품 제조업,기업인수,840.0,247735.0,209468101.0,2.940000057220459,345313.0,0.1599999964237213,-62274.0,-52310893.0,63216.0,53100875.0,0.0,0.0,0.0,0.0,0.0,0.0,0.0,0.0,0.0,0.0,0.0,0.0,0.0,0.0,0.0,0.0,-942.0,-789982.0
017510,세명전기,코스닥,기타 금속 가공제품 제조업,"154kV, 345kV, 765kV 송전,변전,배전용 금구류, 섬유직기용 섹셔날 빔",7410.0,2337750.0,17855366070.0,15.420000076293945,160708300.0,0.8999999761581421,218656.0,1710238660.0,-190607.0,-1503007990.0,-29447.0,-218638730.0,-28430.0,-211067150.0,0.0,0.0,0.0,0.0,0.0,0.0,0.0,0.0,-1017.0,-7571580.0,1176.0,8353550.0,222.0,3054510.0
0017J0,세미티에스,코스닥,특수 목적용 기계 제조업,"클린컨베이어시스템, 질소퍼지시스템",3195.0,951728.0,3072848833.0,7.940000057220459,10249990.0,0.33000001311302185,-162419.0,-523549711.0,149780.0,482901001.0,11607.0,37212170.0,1989.0,6242595.0,0.0,0.0,0.0,0.0,0.0,0.0,0.0,0.0,9618.0,30969575.0,1040.0,3468755.0,-8.0,-32215.0
490470,세미파이브,코스닥,"건축기술, 엔지니어링 및 관련 기술 서비스업",반도체 설계 서비스,17490.0,193875.0,3447463645.0,1.5099999904632568,22566900.0,0.6499999761581421,29805.0,523601760.0,-31255.0,-549653285.0,-256.0,-3888385.0,-8.0,-158330.0,-29.0,-515760.0,914.0,16344920.0,0.0,0.0,0.0,0.0,-1133.0,-19559215.0,1500.0,26273000.0,206.0,3666910.0
011560,세보엠이씨,코스닥,건물설비 설치 공사업,"건설관련설비,ACESS FLOOR,소음기,CHAMMBER,PFP UNIT,BY-PASS UNIT,DUCT,철구조물",21100.0,27228.0,568076475.0,2.430000066757202,315200.0,0.05999999865889549,-3760.0,-78852725.0,4630.0,96849950.0,-1420.0,-29549825.0,-30.0,-641200.0,0.0,0.0,0.0,0.0,0.0,0.0,-4752.0,-99156975.0,3362.0,70248350.0,549.0,11531500.0,1.0,21100.0
396300,세아메카닉스,코스닥,기타 금속 가공제품 제조업,"TV스탠드, 전기 수소차 부품 등",4315.0,2641159.0,11301141202.0,4.730000019073486,34959250.0,0.3100000023841858,-86923.0,-348555628.0,90430.0,363231622.0,0.0,-7965.0,0.0,-7965.0,0.0,0.0,0.0,0.0,0.0,0.0,0.0,0.0,0.0,0.0,1.0,6015.0,-3508.0,-14674044.0
100700,세운메디칼,코스닥,의료용품 및 기타 의약 관련제품 제조업,"의료용구(체액배출기,도뇨관) 제조,도매,수출입",2340.0,35592.0,82755505.0,0.0,9937525.0,12.010000228881836,14971.0,34834235.0,-15921.0,-37028810.0,950.0,2194575.0,950.0,2194575.0,0.0,0.0,0.0,0.0,0.0,0.0,0.0,0.0,0.0,0.0,0.0,0.0,0.0,0.0
024830,세원물산,코스닥,자동차 신품 부품 제조업,라디에이터서포터,8770.0,5888.0,52002760.0,-1.6799999475479126,35230.0,0.07000000029802322,842.0,7396270.0,-842.0,-7396270.0,0.0,0.0,0.0,0.0,0.0,0.0,0.0,0.0,0.0,0.0,0.0,0.0,0.0,0.0,0.0,0.0,0.0,0.0
258830,세종메디칼,코스닥,의료용 기기 제조업,복강경수술용 투관침 등,412.0,0.0,0.0,0.0,0.0,0.0,0.0,0.0,0.0,0.0,0.0,0.0,0.0,0.0,0.0,0.0,0.0,0.0,0.0,0.0,0.0,0.0,0.0,0.0,0.0,0.0,0.0,0.0
036630,세종텔레콤,코스닥,전기 및 통신 공사업,WLL/GPS/위성DMB/VoIP 단말기,7300.0,6945.0,50670485.0,3.549999952316284,0.0,0.0,-2037.0,-14868430.0,2709.0,19753600.0,-30.0,-218700.0,-30.0,-218700.0,0.0,0.0,0.0,0.0,0.0,0.0,0.0,0.0,0.0,0.0,-642.0,-4666470.0,0.0,0.0
039310,세중,코스닥,소프트웨어 개발 및 공급업,여행,1102.0,103412.0,112213894.0,4.849999904632568,0.0,0.0,-78534.0,-85457264.0,71881.0,78534133.0,0.0,-60608.0,0.0,-60608.0,0.0,0.0,0.0,0.0,0.0,0.0,0.0,0.0,0.0,0.0,6653.0,6983739.0,0.0,0.0
067770,세진티에스,코스닥,전자부품 제조업,LED/LCD용 광기능성 시트,2230.0,85868.0,188717900.0,4.940000057220459,0.0,0.0,-52539.0,-115330925.0,18163.0,39887225.0,0.0,0.0,0.0,0.0,0.0,0.0,0.0,0.0,0.0,0.0,0.0,0.0,0.0,0.0,34376.0,75443700.0,0.0,0.0
053450,세코닉스,코스닥,사진장비 및 광학기기 제조업,"모바일용 카메라렌즈, 차량용 카메라 및 광학부품",3500.0,41822.0,144773350.0,4.010000228881836,701745.0,0.47999998927116394,-3525.0,-12206500.0,4509.0,15579210.0,0.0,0.0,0.0,0.0,0.0,0.0,0.0,0.0,0.0,0.0,0.0,0.0,0.0,0.0,-1000.0,-3427990.0,16.0,55280.0
252500,세화피앤씨,코스닥,기타 화학제품 제조업,염모제 등,480.0,46021.0,21976932.0,3.2300000190734863,325750.0,1.4800000190734863,-5915.0,-2807680.0,5915.0,2807680.0,0.0,0.0,0.0,0.0,0.0,0.0,0.0,0.0,0.0,0.0,0.0,0.0,0.0,0.0,0.0,0.0,0.0,0.0
321370,센서뷰,코스닥,전자부품 제조업,"T&M 케이블, 초소형 전송선로",1371.0,867903.0,1188854287.0,5.619999885559082,1851766.0,0.1599999964237213,-48497.0,-66884066.0,43469.0,59893800.0,0.0,-30890.0,0.0,-30890.0,0.0,0.0,0.0,0.0,0.0,0.0,0.0,0.0,0.0,0.0,-100.0,-140000.0,5128.0,7161156.0
347000,센코,코스닥,"측정, 시험, 항해, 제어 및 기타 정밀기기 제조업; 광학기기 제외","가스센서 및 모듈, 휴대용 및 고정형 가스검지기, 악취 & 미세먼지 모니터링 시스템",1702.0,46673.0,79493558.0,1.5499999523162842,3922088.0,4.929999828338623,-15115.0,-25608199.0,15026.0,25460582.0,0.0,-3744.0,0.0,-3744.0,0.0,0.0,0.0,0.0,0.0,0.0,0.0,0.0,0.0,0.0,0.0,0.0,89.0,151361.0
331920,셀레믹스,코스닥,기초 의약물질 제조업,타겟캡처키트,9950.0,29178.0,287243815.0,5.289999961853027,2867010.0,1.0,-9164.0,-90712410.0,9978.0,98844270.0,0.0,0.0,0.0,0.0,0.0,0.0,0.0,0.0,0.0,0.0,0.0,0.0,0.0,0.0,-814.0,-8131860.0,0.0,0.0
352770,셀레스트라,코스닥,의료용품 및 기타 의약 관련제품 제조업,"Geno Series, CD-PRIME, Cancer Prime",5250.0,0.0,0.0,0.0,0.0,0.0,0.0,0.0,0.0,0.0,0.0,0.0,0.0,0.0,0.0,0.0,0.0,0.0,0.0,0.0,0.0,0.0,0.0,0.0,0.0,0.0,0.0,0.0
471820,셀로맥스사이언스,코스닥,기타 식품 제조업,건강기능식품,4080.0,1358.0,5567945.0,0.3700000047683716,0.0,0.0,286.0,1181535.0,-336.0,-1385535.0,50.0,204000.0,50.0,204000.0,0.0,0.0,0.0,0.0,0.0,0.0,0.0,0.0,0.0,0.0,0.0,0.0,0.0,0.0
049180,셀루메드,코스닥,기초 의약물질 제조업,"의료기기, 바이오시밀러 및 헬스케어사업",1009.0,0.0,0.0,0.0,0.0,0.0,0.0,0.0,0.0,0.0,0.0,0.0,0.0,0.0,0.0,0.0,0.0,0.0,0.0,0.0,0.0,0.0,0.0,0.0,0.0,0.0,0.0,0.0
299660,셀리드,코스닥,자연과학 및 공학 연구개발업,항암면역치료백신,1707.0,990572.0,1710734989.0,0.0,961614.0,0.05999999865889549,-29549.0,-48560283.0,31081.0,51239994.0,-165.0,-288751.0,-165.0,-288751.0,0.0,0.0,0.0,0.0,0.0,0.0,0.0,0.0,0.0,0.0,-280.0,-460080.0,-1087.0,-1930880.0
108860,셀바스AI,코스닥,소프트웨어 개발 및 공급업,인공지능 솔루션 등,10940.0,2039402.0,22492197065.0,0.3700000047683716,320290080.0,0.6600000262260437,-7797.0,-71171955.0,2812.0,16241310.0,-1233.0,-13429210.0,-809.0,-8788250.0,0.0,0.0,-424.0,-4640960.0,0.0,0.0,0.0,0.0,0.0,0.0,9535.0,104769810.0,-3317.0,-36409955.0
208370,셀바스헬스케어,코스닥,의료용 기기 제조업,"체성분측정기, 혈압계, 점자정보단말기",2695.0,129651.0,351653692.0,-0.550000011920929,3576215.0,1.0199999809265137,130.0,432832.0,852.0,2235928.0,0.0,0.0,0.0,0.0,0.0,0.0,0.0,0.0,0.0,0.0,0.0,0.0,0.0,0.0,-600.0,-1641000.0,-382.0,-1027760.0
318160,셀바이오휴먼텍,코스닥,기타 섬유제품 제조업,마스크팩 섬유소재(시트),6440.0,33084.0,208543590.0,2.549999952316284,18570.0,0.009999999776482582,-4128.0,-26594610.0,8576.0,54618450.0,-4448.0,-28023840.0,0.0,-21690.0,0.0,0.0,0.0,0.0,0.0,0.0,0.0,0.0,-4448.0,-28002150.0,0.0,0.0,0.0,0.0
308430,셀비온,코스닥,의약품 제조업,"셀비온그린주, 셀비온메브로페닌주, 도페정 등",13470.0,27239.0,371819260.0,-4.329999923706055,16530830.0,2.549999952316284,10040.0,137140080.0,-7621.0,-104344110.0,-2420.0,-32809980.0,-5.0,-80110.0,-3685.0,-50214840.0,1270.0,17484970.0,0.0,0.0,0.0,0.0,0.0,0.0,0.0,0.0,1.0,14010.0
068760,셀트리온제약,코스닥,의약품 제조업,고덱스 캡슐 외,42000.0,86934.0,3681160900.0,0.7200000286102295,396569850.0,7.989999771118164,9990.0,417326425.0,6766.0,285980775.0,-17567.0,-737623900.0,-24890.0,-1046685750.0,-5.0,-210700.0,-19.0,-798600.0,0.0,0.0,0.0,0.0,7347.0,310071150.0,663.0,27997350.0,148.0,6319350.0
068940,셀피글로벌,코스닥,전자부품 제조업,신용카드 및 전자화폐 등,778.0,0.0,0.0,0.0,0.0,0.0,0.0,0.0,0.0,0.0,0.0,0.0,0.0,0.0,0.0,0.0,0.0,0.0,0.0,0.0,0.0,0.0,0.0,0.0,0.0,0.0,0.0,0.0
007720,소노스퀘어,코스닥,상품 종합 도매업,기업소모성자재 구매대행업,1335.0,64399.0,85439159.0,0.30000001192092896,9464.0,0.009999999776482582,-391.0,-374546.0,1141.0,1365179.0,-750.0,-990633.0,-750.0,-990633.0,0.0,0.0,0.0,0.0,0.0,0.0,0.0,0.0,0.0,0.0,0.0,0.0,0.0,0.0
950200,소마젠,코스닥,"그외 기타 전문, 과학 및 기술 서비스업","유전체 분석 서비스 (NGS, CES 등)",2845.0,11702.0,33268950.0,1.6100000143051147,206765.0,0.6200000047683716,-1398.0,-3934760.0,1398.0,3934760.0,0.0,0.0,0.0,0.0,0.0,0.0,0.0,0.0,0.0,0.0,0.0,0.0,0.0,0.0,0.0,0.0,0.0,0.0
032680,소프트센,코스닥,기타 정보 서비스업,전산기기 및 정보통신공사,897.0,3966613.0,3990760019.0,8.199999809265137,404428.0,0.009999999776482582,177262.0,185411266.0,-148085.0,-157153080.0,0.0,0.0,0.0,0.0,0.0,0.0,0.0,0.0,0.0,0.0,0.0,0.0,0.0,0.0,0.0,0.0,-29177.0,-28258186.0
032685,소프트센우,KOSDAQ,기타/미분류,기타/미분류,11300.0,27416.0,322420220.0,4.630000114440918,0.0,0.0,0.0,0.0,0.0,0.0,0.0,0.0,0.0,0.0,0.0,0.0,0.0,0.0,0.0,0.0,0.0,0.0,0.0,0.0,0.0,0.0,0.0,0.0
258790,소프트캠프,코스닥,소프트웨어 개발 및 공급업,통합보안솔루션,4795.0,17121.0,80455717.0,5.730000019073486,82935.0,0.10000000149011612,-7233.0,-34006880.0,7233.0,34006880.0,0.0,0.0,0.0,0.0,0.0,0.0,0.0,0.0,0.0,0.0,0.0,0.0,0.0,0.0,0.0,0.0,0.0,0.0
066910,손오공,코스닥,기타 전문 도매업,"완구, 게임, 캐릭터수입수수료",2010.0,86489.0,171983692.0,2.759999990463257,63319.0,0.03999999910593033,-28929.0,-57339463.0,31639.0,62993299.0,0.0,0.0,0.0,0.0,0.0,0.0,0.0,0.0,0.0,0.0,0.0,0.0,0.0,0.0,-2734.0,-5646944.0,24.0,-6892.0
215090,솔디펜스,코스닥,"측정, 시험, 항해, 제어 및 기타 정밀기기 제조업; 광학기기 제외",■ 회로카드조립체(프로세서보드용),1400.0,38498.0,53904041.0,0.7900000214576721,9849.0,0.019999999552965164,8073.0,11351126.0,-8073.0,-11351126.0,0.0,0.0,0.0,0.0,0.0,0.0,0.0,0.0,0.0,0.0,0.0,0.0,0.0,0.0,0.0,0.0,0.0,0.0
035610,솔본,코스닥,회사 본부 및 경영 컨설팅 서비스업,경영자문 및 지주사업,4920.0,106163.0,520122905.0,2.5,27457555.0,5.28000020980835,-70482.0,-347026795.0,-5517.0,-26823810.0,0.0,0.0,0.0,0.0,0.0,0.0,0.0,0.0,0.0,0.0,0.0,0.0,0.0,0.0,76120.0,374433510.0,-121.0,-582905.0
357780,솔브레인,코스닥,기타 화학제품 제조업,반도체 및 디스플레이 관련 화학재료 제조ㆍ판매 등,285500.0,34079.0,9681257000.0,5.550000190734863,660746000.0,5.519999980926514,1031.0,281029000.0,-7810.0,-2227452250.0,6758.0,1940353750.0,1161.0,340528500.0,124.0,35483000.0,297.0,85769500.0,0.0,0.0,2253.0,643178750.0,2923.0,835395500.0,14.0,4074000.0,7.0,1995500.0
036830,솔브레인홀딩스,코스닥,회사 본부 및 경영 컨설팅 서비스업,"반도체,디스플레이,2차전지 공정용 화학제품",34400.0,49306.0,1690527400.0,2.5299999713897705,259343100.0,12.359999656677246,8872.0,303935850.0,-9475.0,-327186700.0,-5596.0,-190516050.0,-6091.0,-207476750.0,-2.0,-67850.0,433.0,14835050.0,0.0,0.0,0.0,0.0,64.0,2193500.0,192.0,6534500.0,6007.0,207232400.0
304100,솔트룩스,코스닥,소프트웨어 개발 및 공급업,인공지능 및 빅데이터 소프트웨어,18600.0,1239054.0,23208028515.0,9.40999984741211,757392830.0,1.5399999618530273,73821.0,1406832840.0,-87087.0,-1650939425.0,8276.0,152531575.0,425.0,7971120.0,0.0,0.0,1007.0,18595250.0,0.0,0.0,0.0,0.0,6844.0,125965205.0,4535.0,83650430.0,455.0,7924580.0
328380,솔트웨어,코스닥,"컴퓨터 프로그래밍, 시스템 통합 및 관리업",enView,3425.0,18905.0,64808425.0,-0.7200000286102295,1977700.0,3.049999952316284,-4943.0,-16965700.0,-77.0,-344785.0,5000.0,17242085.0,5000.0,17242085.0,0.0,0.0,0.0,0.0,0.0,0.0,0.0,0.0,0.0,0.0,0.0,0.0,20.0,68400.0
086980,쇼박스,코스닥,"영화, 비디오물, 방송프로그램 제작 및 배급업",영화투자및배급,2060.0,121592.0,249228846.0,1.4800000190734863,6919260.0,2.7799999713897705,1556.0,3186617.0,-8161.0,-16728739.0,6605.0,13542122.0,6605.0,13542122.0,0.0,0.0,0.0,0.0,0.0,0.0,0.0,0.0,0.0,0.0,0.0,0.0,0.0,0.0
050960,수산아이앤티,코스닥,소프트웨어 개발 및 공급업,"공유단말접속관리서비스, 보안솔루션 등",8280.0,3344.0,27390700.0,1.600000023841858,164800.0,0.6000000238418579,-280.0,-2309600.0,280.0,2309600.0,0.0,0.0,0.0,0.0,0.0,0.0,0.0,0.0,0.0,0.0,0.0,0.0,0.0,0.0,0.0,0.0,0.0,0.0
084180,수성웹툰,코스닥,일반 목적용 기계 제조업,전동지게차,533.0,64519.0,35207504.0,-3.440000057220459,5049.0,0.009999999776482582,2993.0,1649612.0,-4513.0,-2481612.0,0.0,0.0,0.0,0.0,0.0,0.0,0.0,0.0,0.0,0.0,0.0,0.0,0.0,0.0,0.0,0.0,1520.0,832000.0
253840,수젠텍,코스닥,의료용품 및 기타 의약 관련제품 제조업,체외진단 기기 및 시약,4415.0,303725.0,1315394276.0,5.369999885559082,1320320.0,0.10000000149011612,35318.0,156795731.0,-35321.0,-156750071.0,0.0,-31560.0,0.0,-31560.0,0.0,0.0,0.0,0.0,0.0,0.0,0.0,0.0,0.0,0.0,0.0,0.0,3.0,-14100.0
298830,슈어소프트테크,코스닥,소프트웨어 개발 및 공급업,소프트웨어 자동화 검증 플랫폼,4120.0,263889.0,1084387554.0,1.9800000190734863,3045620.0,0.2800000011920929,-30137.0,-124016662.0,36107.0,148495092.0,-10.0,-41615.0,-10.0,-41615.0,0.0,0.0,0.0,0.0,0.0,0.0,0.0,0.0,0.0,0.0,0.0,0.0,-5960.0,-24436815.0
236200,슈프리마,코스닥,통신 및 방송 장비 제조업,바이오인식 관련 제품,57300.0,40658.0,2251287750.0,8.729999542236328,19377600.0,0.5799999833106995,-18477.0,-1016242050.0,14716.0,804788800.0,5952.0,335189850.0,867.0,48291750.0,86.0,4704400.0,-260.0,-14898000.0,0.0,0.0,1099.0,62045200.0,427.0,24235750.0,-2190.0,-123683000.0,-1.0,-53600.0
094840,슈프리마에이치큐,코스닥,통신 및 방송 장비 제조업,지문인식솔루션및시스템,14840.0,23814.0,347586275.0,2.4200000762939453,3807180.0,1.100000023841858,-4011.0,-59015975.0,3590.0,52778425.0,-1.0,-14640.0,-1.0,-14640.0,0.0,0.0,0.0,0.0,0.0,0.0,0.0,0.0,0.0,0.0,0.0,0.0,422.0,6252190.0
192440,슈피겐코리아,코스닥,그외 기타 제품 제조업,"핸드폰 케이스, 액정보호필름",29100.0,5783.0,169738600.0,-0.6800000071525574,0.0,0.0,491.0,14715550.0,1207.0,35600300.0,-2000.0,-59188050.0,0.0,300.0,0.0,0.0,-2000.0,-59188350.0,0.0,0.0,0.0,0.0,0.0,0.0,302.0,8872200.0,0.0,0.0
424960,스마트레이더시스템,코스닥,"측정, 시험, 항해, 제어 및 기타 정밀기기 제조업; 광학기기 제외",모빌리티 및 비모빌리티용 4D이미징레이다,3775.0,25913.0,96490675.0,5.590000152587891,226170.0,0.23000000417232513,-5573.0,-20799075.0,5563.0,20761825.0,0.0,0.0,0.0,0.0,0.0,0.0,0.0,0.0,0.0,0.0,0.0,0.0,0.0,0.0,10.0,37250.0,0.0,0.0
099440,스맥,코스닥,특수 목적용 기계 제조업,공작기계 및 산업용로봇제조,3920.0,459697.0,1825877295.0,1.8200000524520874,53233370.0,2.9200000762939453,-66813.0,-269905743.0,16604.0,69824538.0,7.0,27425.0,7.0,27425.0,0.0,0.0,0.0,0.0,0.0,0.0,0.0,0.0,0.0,0.0,50000.0,199256640.0,202.0,797140.0
066590,스모트로닉,코스닥,자동차 신품 부품 제조업,"엔진, 조향 및 기아변속기 부품",2650.0,411479.0,1083315659.0,6.210000038146973,31443140.0,2.9000000953674316,-93437.0,-246605102.0,94159.0,248791367.0,-654.0,-2006970.0,-654.0,-2006970.0,0.0,0.0,0.0,0.0,0.0,0.0,0.0,0.0,0.0,0.0,-1.0,-2650.0,-67.0,-176645.0
276040,스코넥,코스닥,소프트웨어 개발 및 공급업,"XR 교육/훈련 시스템, VR 게임 콘텐츠 등",327.0,0.0,0.0,0.0,0.0,0.0,0.0,0.0,0.0,0.0,0.0,0.0,0.0,0.0,0.0,0.0,0.0,0.0,0.0,0.0,0.0,0.0,0.0,0.0,0.0,0.0,0.0,0.0
115570,스타플렉스,코스닥,플라스틱제품 제조업,"광고용플렉스(조명용,비조명용)",2155.0,39681.0,84248650.0,2.859999895095825,0.0,0.0,-4585.0,-9696911.0,5499.0,11677851.0,-914.0,-1980940.0,-914.0,-1980940.0,0.0,0.0,0.0,0.0,0.0,0.0,0.0,0.0,0.0,0.0,0.0,0.0,0.0,0.0
330730,스톤브릿지벤처스,코스닥,기타 금융업,"창업투자, 사모투자",4900.0,58002.0,280429285.0,3.1600000858306885,375350.0,0.12999999523162842,5993.0,28503505.0,-5840.0,-27773635.0,-153.0,-729870.0,-153.0,-729870.0,0.0,0.0,0.0,0.0,0.0,0.0,0.0,0.0,0.0,0.0,0.0,0.0,0.0,0.0
352090,스톰테크,코스닥,플라스틱제품 제조업,"정수기 피팅, 밸브, 파우셋 등 부품",3620.0,25811.0,93040164.0,0.9800000190734863,144500.0,0.1599999964237213,5058.0,18265604.0,-3659.0,-13222735.0,-1500.0,-5405974.0,0.0,0.0,0.0,0.0,0.0,0.0,0.0,0.0,0.0,0.0,-1500.0,-5405974.0,100.0,359500.0,1.0,3605.0
253450,스튜디오드래곤,코스닥,"영화, 비디오물, 방송프로그램 제작 및 배급업","드라마 제작, 판매",22200.0,74611.0,1668167650.0,-2.8399999141693115,388124150.0,19.549999237060547,40361.0,900480400.0,-22942.0,-514239175.0,-17461.0,-387142225.0,-15674.0,-347474375.0,0.0,0.0,-1789.0,-39713250.0,0.0,0.0,0.0,0.0,0.0,0.0,42.0,901000.0,0.0,0.0
408900,스튜디오미르,코스닥,"영화, 비디오물, 방송프로그램 제작 및 배급업",애니메이션 제작,1041.0,62793.0,65177232.0,2.869999885559082,0.0,0.0,6669.0,7043308.0,-6764.0,-7142203.0,95.0,98895.0,95.0,98895.0,0.0,0.0,0.0,0.0,0.0,0.0,0.0,0.0,0.0,0.0,0.0,0.0,0.0,0.0
415380,스튜디오삼익,코스닥,기타 생활용품 소매업,"침실가구, 거실가구, 옷장/수납, 주방가구 등",1925.0,6325.0,12012681.0,1.0,189275.0,1.5800000429153442,227.0,437261.0,-196.0,-378483.0,0.0,0.0,0.0,0.0,0.0,0.0,0.0,0.0,0.0,0.0,0.0,0.0,0.0,0.0,-31.0,-58778.0,0.0,0.0
475040,스트라드비젼,코스닥,소프트웨어 개발 및 공급업,딥러닝 기반 인공지능(AI) 카메라 영상인식 소프트웨어,3125.0,1462165.0,4558483632.0,6.110000133514404,113261261.0,2.4800000190734863,-78486.0,-234852195.0,74417.0,222446830.0,-8651.0,-27504760.0,-5851.0,-18369725.0,0.0,0.0,200.0,366005.0,0.0,0.0,0.0,0.0,-3000.0,-9501040.0,3113.0,9610985.0,9607.0,30299140.0
013810,스페코,코스닥,특수 목적용 기계 제조업,아스팔트믹싱플랜트,1630.0,57299.0,92335164.0,3.299999952316284,413321.0,0.44999998807907104,2413.0,3956310.0,-2413.0,-3956310.0,0.0,0.0,0.0,0.0,0.0,0.0,0.0,0.0,0.0,0.0,0.0,0.0,0.0,0.0,0.0,0.0,0.0,0.0
347700,스피어,코스닥,소프트웨어 개발 및 공급업,우주항공산업 관련 부품 등 판매 / 디지털헬스 소프트웨어 개발 및 공급,19250.0,1449031.0,28330515210.0,-2.2300000190734863,1346411210.0,4.75,120935.0,2372202115.0,-38957.0,-776667880.0,-68012.0,-1319889785.0,9914.0,193508715.0,3945.0,76462365.0,-19920.0,-387069460.0,0.0,0.0,40690.0,788596970.0,-102641.0,-1991388375.0,-11542.0,-223662090.0,-2424.0,-51982360.0
049830,승일,코스닥,기타 금속 가공제품 제조업,"에어졸캔,에어졸발브,일반관",6440.0,7197.0,46309830.0,2.380000114440918,6480.0,0.009999999776482582,-7.0,-57520.0,161.0,1024680.0,-154.0,-967160.0,-154.0,-967160.0,0.0,0.0,0.0,0.0,0.0,0.0,0.0,0.0,0.0,0.0,0.0,0.0,0.0,0.0
020710,시공테크,코스닥,전문디자인업,"박물관, 전시관, 엑스포, 특수영상",3725.0,578336.0,2175386177.0,3.3299999237060547,17001020.0,0.7799999713897705,78517.0,299760801.0,-78448.0,-299354056.0,0.0,-151430.0,0.0,-151430.0,0.0,0.0,0.0,0.0,0.0,0.0,0.0,0.0,0.0,0.0,-569.0,-2124945.0,500.0,1869630.0
033170,시그네틱스,코스닥,반도체 제조업,반도체 패키징,340.0,0.0,0.0,0.0,0.0,0.0,0.0,0.0,0.0,0.0,0.0,0.0,0.0,0.0,0.0,0.0,0.0,0.0,0.0,0.0,0.0,0.0,0.0,0.0,0.0,0.0,0.0,0.0
048870,시너지이노베이션,코스닥,의료용 기기 제조업,카메라 어플리케이션 프로세서(CAP),1650.0,332293.0,551590464.0,1.2300000190734863,4181016.0,0.7599999904632568,3348.0,5857865.0,-52332.0,-87636499.0,56050.0,93524004.0,56050.0,93524004.0,0.0,0.0,0.0,0.0,0.0,0.0,0.0,0.0,0.0,0.0,-6066.0,-10087870.0,-1000.0,-1657500.0
025320,시노펙스,코스닥,전자부품 제조업,"전자부품, 필터",3910.0,890208.0,3473082655.0,0.5099999904632568,685450746.0,11.510000228881836,228782.0,892755963.0,-136582.0,-533609656.0,-102341.0,-398463902.0,-102387.0,-398643277.0,-17.0,-66360.0,63.0,245735.0,0.0,0.0,0.0,0.0,0.0,0.0,9777.0,37886075.0,364.0,1431520.0
340810,시선AI,코스닥,소프트웨어 개발 및 공급업,"AI얼굴인식 시스템, AI얼굴인증 솔루션, AI 객체인식 솔루션, AI데이터 플랫폼",3255.0,373270.0,1230871326.0,1.2400000095367432,0.0,0.0,-49383.0,-160145458.0,52949.0,171886968.0,-3040.0,-9960670.0,-3040.0,-9960670.0,0.0,0.0,0.0,0.0,0.0,0.0,0.0,0.0,0.0,0.0,0.0,0.0,-526.0,-1780840.0
269620,시스웍,코스닥,"측정, 시험, 항해, 제어 및 기타 정밀기기 제조업; 광학기기 제외","클린룸 제어시스템, BLDC모터, 공조장치 제어기 등",889.0,0.0,0.0,0.0,0.0,0.0,0.0,0.0,0.0,0.0,0.0,0.0,0.0,0.0,0.0,0.0,0.0,0.0,0.0,0.0,0.0,0.0,0.0,0.0,0.0,0.0,0.0,0.0
056090,시지메드텍,코스닥,의료용 기기 제조업,정형외과용 신체보정용 의료기기,1067.0,467115.0,494073039.0,5.849999904632568,7674196.0,1.5499999523162842,5673.0,5888899.0,-5673.0,-5886513.0,0.0,-2386.0,0.0,-2386.0,0.0,0.0,0.0,0.0,0.0,0.0,0.0,0.0,0.0,0.0,0.0,0.0,0.0,0.0
429270,시지트로닉스,코스닥,반도체 제조업,특화반도체 소자,3455.0,61609.0,209640115.0,8.819999694824219,26055.0,0.009999999776482582,-12067.0,-40367185.0,12444.0,41588030.0,0.0,0.0,0.0,0.0,0.0,0.0,0.0,0.0,0.0,0.0,0.0,0.0,0.0,0.0,0.0,0.0,-377.0,-1220845.0
418250,시큐레터,코스닥,소프트웨어 개발 및 공급업,"SLE(이메일 보안), SLF(파일 보안)",6550.0,0.0,0.0,0.0,0.0,0.0,0.0,0.0,0.0,0.0,0.0,0.0,0.0,0.0,0.0,0.0,0.0,0.0,0.0,0.0,0.0,0.0,0.0,0.0,0.0,0.0,0.0,0.0
131090,시큐브,코스닥,소프트웨어 개발 및 공급업,"시스템보안관리솔루션, 정보유출방지솔루션",3845.0,8210.0,31642125.0,0.12999999523162842,7690.0,0.019999999552965164,-2780.0,-10716795.0,902.0,3484385.0,1700.0,6548000.0,1700.0,6548000.0,0.0,0.0,0.0,0.0,0.0,0.0,0.0,0.0,0.0,0.0,0.0,0.0,178.0,684410.0
290520,신도기연,코스닥,특수 목적용 기계 제조업,"OLED용 후공정장비(라미네이터, 오토클레이브 등)",1639.0,10935.0,17916146.0,0.8600000143051147,634343.0,3.5399999618530273,-1607.0,-2653184.0,1702.0,2809259.0,-98.0,-161040.0,0.0,0.0,0.0,0.0,0.0,0.0,0.0,0.0,0.0,0.0,-98.0,-161040.0,3.0,4965.0,0.0,0.0
001000,신라섬유,코스닥,부동산 임대 및 공급업,부동산,598.0,1185517.0,737879714.0,-7.139999866485596,12141.0,0.0,192794.0,122316673.0,-194322.0,-123230137.0,0.0,0.0,0.0,0.0,0.0,0.0,0.0,0.0,0.0,0.0,0.0,0.0,0.0,0.0,0.0,0.0,1528.0,913464.0
025870,신라에스지,코스닥,음·식료품 및 담배 도매업,수산물도매,2820.0,29343.0,82588245.0,4.059999942779541,1024565.0,1.2400000095367432,-3258.0,-9059420.0,3258.0,9100365.0,0.0,-40945.0,0.0,-40945.0,0.0,0.0,0.0,0.0,0.0,0.0,0.0,0.0,0.0,0.0,0.0,0.0,0.0,0.0
215600,신라젠,코스닥,자연과학 및 공학 연구개발업,펙사벡(바이러스 항암면역치료제),2260.0,375167.0,851511501.0,1.350000023841858,30586250.0,3.5899999141693115,17497.0,39946621.0,-18766.0,-42825666.0,271.0,608605.0,271.0,608605.0,0.0,0.0,0.0,0.0,0.0,0.0,0.0,0.0,0.0,0.0,0.0,0.0,998.0,2270440.0
065350,신성델타테크,코스닥,가정용 기기 제조업,"세탁기, 자동차, 에어컨 및 LCD 부품",31850.0,148554.0,4759057900.0,-1.2400000095367432,689533750.0,9.270000457763672,45940.0,1467224150.0,-12596.0,-403031475.0,-33728.0,-1076422375.0,-26471.0,-844306125.0,-5.0,-159150.0,-37.0,-1202400.0,0.0,0.0,0.0,0.0,-7215.0,-230754700.0,93.0,2976450.0,291.0,9253250.0
416180,신성에스티,코스닥,자동차 신품 부품 제조업,전기차/2차전지 Busbar 및 배터리모듈 보호 부품 등,19240.0,7985.0,154881810.0,1.5299999713897705,11034200.0,3.369999885559082,784.0,15182235.0,-145.0,-2811575.0,-386.0,-7440560.0,-386.0,-7440560.0,0.0,0.0,0.0,0.0,0.0,0.0,0.0,0.0,0.0,0.0,-253.0,-4930100.0,0.0,0.0
162300,신스틸,코스닥,1차 철강 제조업,"컬러강판, 아연도금강판 등 강판류",1440.0,10788.0,15637782.0,0.0,1656174.0,10.59000015258789,3864.0,5607945.0,-3864.0,-5607945.0,0.0,0.0,0.0,0.0,0.0,0.0,0.0,0.0,0.0,0.0,0.0,0.0,0.0,0.0,0.0,0.0,0.0,0.0
002800,신신제약,코스닥,의약품 제조업,파스류 (신신파스 아렉스 등),4300.0,20040.0,86436565.0,0.699999988079071,1914250.0,2.2100000381469727,3012.0,12791260.0,-3004.0,-12756100.0,0.0,0.0,0.0,0.0,0.0,0.0,0.0,0.0,0.0,0.0,0.0,0.0,0.0,0.0,0.0,0.0,-8.0,-35160.0
472220,신영스팩10호,코스닥,금융 지원 서비스업,기업인수합병,2100.0,94789.0,198491530.0,0.23999999463558197,0.0,0.0,1197.0,2507715.0,0.0,0.0,-1197.0,-2507715.0,0.0,0.0,0.0,0.0,0.0,0.0,0.0,0.0,0.0,0.0,-1197.0,-2507715.0,0.0,0.0,0.0,0.0
0091W0,신영스팩11호,코스닥,금융 지원 서비스업,기업인수합병,2020.0,5666.0,11430835.0,0.0,0.0,0.0,2510.0,5070150.0,-10.0,-20150.0,-2500.0,-5050000.0,0.0,0.0,0.0,0.0,0.0,0.0,0.0,0.0,0.0,0.0,-2500.0,-5050000.0,0.0,0.0,0.0,0.0
017000,신원종합개발,코스닥,건물 건설업,토건,2295.0,62414.0,139518410.0,6.0,341810.0,0.23999999463558197,1991.0,4892865.0,-1991.0,-4895560.0,0.0,2695.0,0.0,2695.0,0.0,0.0,0.0,0.0,0.0,0.0,0.0,0.0,0.0,0.0,0.0,0.0,0.0,0.0
012790,신일제약,코스닥,의약품 제조업,"디펜플라스타, 맥스케어, 트레스, 리피칸",5260.0,5075.0,26877280.0,0.0,461320.0,1.7200000286102295,1635.0,8648795.0,-845.0,-4453585.0,-700.0,-3716050.0,-700.0,-3716050.0,0.0,0.0,0.0,0.0,0.0,0.0,0.0,0.0,0.0,0.0,0.0,0.0,-90.0,-479160.0
138070,신진에스엠,코스닥,기타 금속 가공제품 제조업,표준 플레이트,1542.0,27702.0,42832756.0,0.46000000834465027,0.0,0.0,2086.0,3222353.0,-1403.0,-2160288.0,-683.0,-1062065.0,-683.0,-1062065.0,0.0,0.0,0.0,0.0,0.0,0.0,0.0,0.0,0.0,0.0,0.0,0.0,0.0,0.0
226330,신테카바이오,코스닥,소프트웨어 개발 및 공급업,유전체 빅데이터 기반의 AI신약개발 및 정밀의료서비스,1589.0,228395.0,363909023.0,-0.6899999976158142,4337165.0,1.190000057220459,-19675.0,-31788793.0,21007.0,33968026.0,-1364.0,-2230781.0,-1364.0,-2230781.0,0.0,0.0,0.0,0.0,0.0,0.0,0.0,0.0,0.0,0.0,0.0,0.0,32.0,51548.0
474660,신한제12호스팩,코스닥,금융 지원 서비스업,금융서비스(기업인수목적회사),2065.0,9183.0,18900475.0,0.49000000953674316,0.0,0.0,4121.0,8468655.0,-12.0,-24660.0,-4109.0,-8443995.0,0.0,0.0,0.0,0.0,0.0,0.0,0.0,0.0,0.0,0.0,-4109.0,-8443995.0,0.0,0.0,0.0,0.0
474930,신한제13호스팩,코스닥,금융 지원 서비스업,기타금융서비스(기업합병),2085.0,69.0,143760.0,0.0,0.0,0.0,1.0,2065.0,-1.0,-2065.0,0.0,0.0,0.0,0.0,0.0,0.0,0.0,0.0,0.0,0.0,0.0,0.0,0.0,0.0,0.0,0.0,0.0,0.0
487360,신한제14호스팩,코스닥,금융 지원 서비스업,금융 지원 서비스업,2015.0,5514.0,11078281.0,0.0,0.0,0.0,3000.0,6015000.0,0.0,0.0,-3000.0,-6015000.0,0.0,0.0,0.0,0.0,0.0,0.0,0.0,0.0,0.0,0.0,-3000.0,-6015000.0,0.0,0.0,0.0,0.0
487830,신한제15호스팩,코스닥,금융 지원 서비스업,금융 지원 서비스업,2020.0,4315.0,8715735.0,0.0,0.0,0.0,1942.0,3922830.0,-2.0,-4030.0,-1940.0,-3918800.0,0.0,0.0,0.0,0.0,0.0,0.0,0.0,0.0,0.0,0.0,-1940.0,-3918800.0,0.0,0.0,0.0,0.0
496070,신한제16호스팩,코스닥,금융 지원 서비스업,기타금융서비스(기업합병),1998.0,2346.0,4691323.0,-0.10000000149011612,0.0,0.0,2009.0,4017987.0,-2.0,-3987.0,-2007.0,-4014000.0,0.0,0.0,0.0,0.0,0.0,0.0,0.0,0.0,0.0,0.0,-2007.0,-4014000.0,0.0,0.0,0.0,0.0
0130D0,신한제17호스팩,코스닥,금융 지원 서비스업,금융지원 서비스업,1979.0,4448.0,8803567.0,0.20000000298023224,0.0,0.0,-3657.0,-7239315.0,-28.0,-55300.0,3685.0,7294615.0,3685.0,7294615.0,0.0,0.0,0.0,0.0,0.0,0.0,0.0,0.0,0.0,0.0,0.0,0.0,0.0,0.0
0129K0,신한제18호스팩,코스닥,금융 지원 서비스업,금융 지원 서비스업,1970.0,12645.0,24906706.0,0.0,0.0,0.0,-2658.0,-5236263.0,1.0,1973.0,2637.0,5194890.0,2637.0,5194890.0,0.0,0.0,0.0,0.0,0.0,0.0,0.0,0.0,0.0,0.0,0.0,0.0,20.0,39400.0
056700,신화인터텍,코스닥,플라스틱제품 제조업,디스플레이 BLU용 광학필름,1425.0,69608.0,98342932.0,0.41999998688697815,1231386.0,1.25,792.0,1140503.0,-792.0,-1140716.0,0.0,213.0,0.0,213.0,0.0,0.0,0.0,0.0,0.0,0.0,0.0,0.0,0.0,0.0,0.0,0.0,0.0,0.0
187270,신화콘텍,코스닥,"전동기, 발전기 및 전기 변환 · 공급 · 제어 장치 제조업","커넥터(정보통신기기용, 디스플레이용, HDD용 등)",2840.0,13780.0,38738960.0,3.2699999809265137,0.0,0.0,-983.0,-2764995.0,983.0,2764995.0,0.0,0.0,0.0,0.0,0.0,0.0,0.0,0.0,0.0,0.0,0.0,0.0,0.0,0.0,0.0,0.0,0.0,0.0
095190,신화프리텍,코스닥,기타 금속 가공제품 제조업,CNC공작기계등,1912.0,119308.0,230287368.0,0.3700000047683716,7268777.0,3.1600000858306885,18627.0,35904996.0,-21479.0,-41718859.0,2862.0,5833283.0,2862.0,5833283.0,0.0,0.0,0.0,0.0,0.0,0.0,0.0,0.0,0.0,0.0,0.0,0.0,-10.0,-19420.0
243840,신흥에스이씨,코스닥,일차전지 및 이차전지 제조업,"2차전지용 안전 부품(Cap Assembly, CID)",4500.0,119471.0,538482546.0,1.690000057220459,21200985.0,3.940000057220459,2608.0,11596426.0,-1796.0,-7913316.0,-591.0,-2681400.0,-591.0,-2681400.0,0.0,0.0,0.0,0.0,0.0,0.0,0.0,0.0,0.0,0.0,0.0,0.0,-221.0,-1001710.0
257720,실리콘투,코스닥,상품 종합 도매업,화장품 유통,37100.0,453122.0,16757224025.0,-0.6700000166893005,608626000.0,2.630000114440918,121804.0,4487304575.0,137217.0,5073430325.0,-266748.0,-9845776600.0,-37948.0,-1395016450.0,464.0,17229625.0,-96437.0,-3568264500.0,0.0,0.0,-19891.0,-732045300.0,-112936.0,-4167679975.0,7709.0,284363350.0,18.0,678350.0
222800,심텍,코스닥,전자부품 제조업,반도체용 인쇄회로기판,103000.0,705855.0,70864555300.0,6.079999923706055,12158128500.0,12.109999656677246,129642.0,12762435200.0,-210701.0,-21090592950.0,79567.0,8178154250.0,-38207.0,-3854094450.0,3102.0,309500800.0,45248.0,4623201700.0,199.0,20264400.0,19168.0,1929430750.0,50057.0,5149851050.0,987.0,99799900.0,505.0,50203600.0
036710,심텍홀딩스,코스닥,회사 본부 및 경영 컨설팅 서비스업,반도체용 인쇄회로기판,3390.0,266251.0,906817287.0,5.28000020980835,36894135.0,4.070000171661377,-41224.0,-140301320.0,37645.0,127540665.0,2070.0,7673615.0,2070.0,7673615.0,0.0,0.0,0.0,0.0,0.0,0.0,0.0,0.0,0.0,0.0,0.0,0.0,1509.0,5087040.0
444530,심플랫폼,코스닥,소프트웨어 개발 및 공급업,NUBISON AIoT(산업용 데이터 수집과 산업용 AI서비스 운영),4750.0,21018.0,98007812.0,8.199999809265137,87930.0,0.09000000357627869,3119.0,14446662.0,-3169.0,-14676912.0,0.0,0.0,0.0,0.0,0.0,0.0,0.0,0.0,0.0,0.0,0.0,0.0,0.0,0.0,0.0,0.0,50.0,230250.0
234030,싸이닉솔루션,코스닥,반도체 제조업,"ASIC, ASSP, 용역, 상품 등",3190.0,57559.0,184035610.0,3.069999933242798,15825.0,0.009999999776482582,-8821.0,-27649145.0,8726.0,27348470.0,0.0,0.0,0.0,0.0,0.0,0.0,0.0,0.0,0.0,0.0,0.0,0.0,0.0,0.0,0.0,0.0,95.0,300675.0
160980,싸이맥스,코스닥,특수 목적용 기계 제조업,"웨이퍼 이송장치(Cluster Tool, EFEM, LPM 등)",32000.0,153297.0,4718902175.0,8.65999984741211,308047350.0,6.53000020980835,-12255.0,-411504375.0,23477.0,741037650.0,-11481.0,-337991025.0,-484.0,-13253600.0,0.0,0.0,-11366.0,-338522975.0,0.0,0.0,0.0,0.0,369.0,13785550.0,337.0,10908450.0,-78.0,-2450700.0
356890,싸이버원,코스닥,소프트웨어 개발 및 공급업,보안관제 및 보안컨설팅 등,2390.0,18190.0,42856430.0,3.0199999809265137,1373440.0,3.200000047683716,-3110.0,-7303820.0,3110.0,7307545.0,0.0,-3725.0,0.0,-3725.0,0.0,0.0,0.0,0.0,0.0,0.0,0.0,0.0,0.0,0.0,0.0,0.0,0.0,0.0
217330,싸이토젠,코스닥,자연과학 및 공학 연구개발업,CTC 기반 Liquid Biopsy 응용사업 및 플랫폼,3420.0,59422.0,200996760.0,3.1700000762939453,2980955.0,1.4800000190734863,-2260.0,-7703750.0,1629.0,5567680.0,131.0,436070.0,131.0,436070.0,0.0,0.0,0.0,0.0,0.0,0.0,0.0,0.0,0.0,0.0,0.0,0.0,500.0,1700000.0
208640,썸에이지,코스닥,소프트웨어 개발 및 공급업,소프트웨어 개발 및 공급업,1154.0,682167.0,806505380.0,-6.409999847412109,34459046.0,4.269999980926514,13402.0,16773859.0,-13019.0,-16324176.0,0.0,15795.0,0.0,15795.0,0.0,0.0,0.0,0.0,0.0,0.0,0.0,0.0,0.0,0.0,0.0,0.0,-383.0,-465478.0
222420,쎄노텍,코스닥,기타 비금속 광물제품 제조업,세라믹 비드,976.0,90837.0,87795076.0,1.8799999952316284,420575.0,0.47999998927116394,1290.0,1375134.0,-1290.0,-1375134.0,0.0,0.0,0.0,0.0,0.0,0.0,0.0,0.0,0.0,0.0,0.0,0.0,0.0,0.0,0.0,0.0,0.0,0.0
037760,쎄니트,코스닥,1차 철강 제조업,스테인레스 냉연강판,2395.0,27299.0,65488565.0,0.20999999344348907,19170.0,0.029999999329447746,372.0,891300.0,-372.0,-891300.0,0.0,0.0,0.0,0.0,0.0,0.0,0.0,0.0,0.0,0.0,0.0,0.0,0.0,0.0,0.0,0.0,0.0,0.0
081180,쎄크,코스닥,일반 목적용 기계 제조업,"X-ray 검사장비, LINAC, Tabletop SEM",5840.0,65662.0,381730150.0,5.420000076293945,34260.0,0.009999999776482582,20065.0,116789640.0,4703.0,27200380.0,0.0,0.0,0.0,0.0,0.0,0.0,0.0,0.0,0.0,0.0,0.0,0.0,0.0,0.0,-24761.0,-143949490.0,-7.0,-40530.0
099320,쎄트렉아이,코스닥,"항공기,우주선 및 부품 제조업","인공위성시스템, 위성지상국, 위성부분품 개발 및 제조",73800.0,58628.0,4294736450.0,0.6800000071525574,322417200.0,5.309999942779541,-11191.0,-819547450.0,20423.0,1493675550.0,-9853.0,-720156000.0,-7954.0,-583232400.0,-3916.0,-287630900.0,-1857.0,-136360100.0,0.0,0.0,-2.0,-147200.0,3876.0,287214600.0,615.0,45592000.0,6.0,435900.0
049960,쎌바이오텍,코스닥,기초 의약물질 제조업,유산균 원말 및 완제품,15750.0,10508.0,165043415.0,-0.8799999952316284,349580.0,0.20999999344348907,-1155.0,-18231255.0,719.0,11429665.0,436.0,6801590.0,436.0,6801590.0,0.0,0.0,0.0,0.0,0.0,0.0,0.0,0.0,0.0,0.0,0.0,0.0,0.0,0.0
088280,쏘닉스,코스닥,반도체 제조업,RF필터 파운드리,2770.0,135761.0,369844328.0,12.149999618530273,650830.0,0.18000000715255737,33826.0,92186560.0,-33746.0,-91936205.0,0.0,-29655.0,0.0,-29655.0,0.0,0.0,0.0,0.0,0.0,0.0,0.0,0.0,0.0,0.0,-50.0,-138500.0,-30.0,-82200.0
050890,쏠리드,코스닥,통신 및 방송 장비 제조업,"이동통신중계기,위성DMB용중계기",10070.0,2394096.0,24264601830.0,4.570000171661377,1083709340.0,4.46999979019165,447943.0,4526224555.0,-375165.0,-3783715310.0,-75804.0,-773272335.0,-86790.0,-883788940.0,-53.0,-543540.0,-536.0,-5372745.0,0.0,0.0,98.0,997120.0,11477.0,115435770.0,509.0,4252800.0,2517.0,26510290.0
394800,쓰리빌리언,코스닥,자연과학 및 공학 연구개발업,유전체 분석 기반 희귀 유전질환 진단 검사 서비스,6180.0,136245.0,832875650.0,3.5199999809265137,10308440.0,0.7900000214576721,12311.0,74197210.0,-13398.0,-82740430.0,1029.0,8196080.0,412.0,2506010.0,868.0,5299540.0,29749.0,183426060.0,0.0,0.0,-30000.0,-183035530.0,0.0,0.0,58.0,352640.0,0.0,-5500.0
177900,쓰리에이로직스,코스닥,반도체 제조업,NFC/IoT SoC 및 모듈,4100.0,86904.0,362505125.0,5.670000076293945,119710.0,0.029999999329447746,4479.0,21249148.0,-2651.0,-13619353.0,-2125.0,-8853835.0,-2125.0,-8853835.0,0.0,0.0,0.0,0.0,0.0,0.0,0.0,0.0,0.0,0.0,-3.0,-12960.0,300.0,1237000.0
475400,씨메스로보틱스,코스닥,특수 목적용 기계 제조업,AI 기반 로봇 솔루션 및 3D 비전 솔루션,21300.0,165250.0,3434134685.0,3.6500000953674316,180938680.0,2.8499999046325684,-3497.0,-57422355.0,-5362.0,-124814535.0,8524.0,175033540.0,216.0,4505890.0,881.0,18058650.0,3912.0,80196000.0,0.0,0.0,1893.0,38806500.0,1549.0,31970000.0,175.0,3833050.0,160.0,3370300.0
109670,씨싸이트,코스닥,봉제의복 제조업,니트류 OEM,3980.0,33429.0,126449940.0,13.710000038146973,433685.0,0.3400000035762787,1317.0,4527415.0,-1317.0,-4527415.0,0.0,0.0,0.0,0.0,0.0,0.0,0.0,0.0,0.0,0.0,0.0,0.0,0.0,0.0,0.0,0.0,0.0,0.0
066790,씨씨에스,코스닥,텔레비전 방송업,케이블TV서비스 및 초고속인터넷서비스,2205.0,0.0,0.0,0.0,0.0,0.0,0.0,0.0,0.0,0.0,0.0,0.0,0.0,0.0,0.0,0.0,0.0,0.0,0.0,0.0,0.0,0.0,0.0,0.0,0.0,0.0,0.0,0.0
352480,씨앤씨인터내셔널,코스닥,기타 화학제품 제조업,색조 화장품,19400.0,16084.0,314664615.0,0.20999999344348907,30569330.0,7.849999904632568,2900.0,56337295.0,586.0,11423075.0,-4968.0,-96630550.0,-5470.0,-106499570.0,0.0,0.0,3.0,58680.0,0.0,0.0,0.0,0.0,499.0,9810340.0,1482.0,28870180.0,0.0,0.0
264660,씨앤지하이테크,코스닥,특수 목적용 기계 제조업,"약액혼합공급장치, 화학약품재생장치",13100.0,21487.0,281925445.0,1.7100000381469727,12075150.0,4.28000020980835,1083.0,14101390.0,-1083.0,-14101390.0,0.0,0.0,0.0,0.0,0.0,0.0,0.0,0.0,0.0,0.0,0.0,0.0,0.0,0.0,0.0,0.0,0.0,0.0
352700,씨앤투스,코스닥,화학섬유 제조업,"에어필터, 산업용 및 보건용 마스크",1380.0,32310.0,44285277.0,1.7699999809265137,35497.0,0.07999999821186066,12249.0,16819094.0,-174.0,-236364.0,-12075.0,-16582730.0,-12075.0,-16582730.0,0.0,0.0,0.0,0.0,0.0,0.0,0.0,0.0,0.0,0.0,0.0,0.0,0.0,0.0
458870,씨어스,코스닥,의료용 기기 제조업,심전도검사솔루션 입원환자모니터링솔루션,28350.0,151618.0,4234012975.0,-0.8700000047683716,128324300.0,1.8300000429153442,40532.0,1129598950.0,-5790.0,-173775500.0,-36220.0,-998956550.0,1109.0,31241850.0,-3525.0,-98007800.0,-1520.0,-42466625.0,0.0,0.0,-36334.0,-1006129475.0,4050.0,116405500.0,1399.0,40957000.0,79.0,2176100.0
297090,씨에스베어링,코스닥,일반 목적용 기계 제조업,"풍력용 선회베어링, 산업용 선회베어링",3830.0,68748.0,262167073.0,3.7899999618530273,13759490.0,5.25,10818.0,41214435.0,-11893.0,-45305625.0,1457.0,5541390.0,1457.0,5541390.0,0.0,0.0,0.0,0.0,0.0,0.0,0.0,0.0,0.0,0.0,-382.0,-1450200.0,0.0,0.0
900120,씨엑스아이,코스닥,기타 금융업,건강보조식품,787.0,113409.0,89030829.0,-4.489999771118164,3212.0,0.0,-4184.0,-2986111.0,4184.0,2986111.0,0.0,0.0,0.0,0.0,0.0,0.0,0.0,0.0,0.0,0.0,0.0,0.0,0.0,0.0,0.0,0.0,0.0,0.0
359090,씨엔알리서치,코스닥,"그외 기타 전문, 과학 및 기술 서비스업",금융 지원 서비스,1886.0,14951.0,28328222.0,0.4300000071525574,30115.0,0.10999999940395355,3097.0,5809807.0,-2968.0,-5562772.0,0.0,0.0,0.0,0.0,0.0,0.0,0.0,0.0,0.0,0.0,0.0,0.0,0.0,0.0,-129.0,-247035.0,0.0,0.0
115530,씨엔플러스,코스닥,전자부품 제조업,커넥터,2550.0,101610.0,246325168.0,14.859999656677246,1132860.0,0.46000000834465027,-1572.0,-3059284.0,1619.0,3171894.0,0.0,-750.0,0.0,-750.0,0.0,0.0,0.0,0.0,0.0,0.0,0.0,0.0,0.0,0.0,0.0,0.0,-47.0,-111860.0
388210,씨엠티엑스,코스닥,전자부품 제조업,반도체 장비용 소모성 부품,79000.0,57407.0,4528795050.0,4.909999847412109,196296400.0,3.1500000953674316,-5180.0,-412147450.0,-10496.0,-826568000.0,15019.0,1186692950.0,411.0,30322900.0,4.0,304400.0,11445.0,904701500.0,0.0,0.0,1242.0,98196100.0,1917.0,153168050.0,634.0,50248700.0,23.0,1773800.0
115480,씨유메디칼,코스닥,의료용 기기 제조업,심장제세동기,1889.0,6254.0,11692117.0,2.549999952316284,18593.0,0.1599999964237213,432.0,817503.0,-432.0,-817503.0,0.0,0.0,0.0,0.0,0.0,0.0,0.0,0.0,0.0,0.0,0.0,0.0,0.0,0.0,0.0,0.0,0.0,0.0
376290,씨유테크,코스닥,전자부품 제조업,"휴대폰, 전장 등 실장부품",2540.0,1256.0,3217115.0,-0.5899999737739563,366160.0,11.380000114440918,525.0,1343585.0,-525.0,-1343585.0,0.0,0.0,0.0,0.0,0.0,0.0,0.0,0.0,0.0,0.0,0.0,0.0,0.0,0.0,0.0,0.0,0.0,0.0
189330,씨이랩,코스닥,소프트웨어 개발 및 공급업,빅데이터플랫폼,10990.0,747227.0,8177914120.0,-0.27000001072883606,15821540.0,0.1899999976158142,-58093.0,-639630035.0,74311.0,810112845.0,-12054.0,-131494800.0,0.0,59840.0,0.0,0.0,-12054.0,-131554640.0,0.0,0.0,0.0,0.0,0.0,0.0,-12866.0,-133919090.0,8702.0,94931080.0
096530,씨젠,코스닥,의료용품 및 기타 의약 관련제품 제조업,"호흡기성 병원체 검사제품, 성감염증원인균 검사제품",28050.0,165226.0,4650743325.0,0.36000001430511475,123546250.0,2.0,10457.0,290296775.0,25278.0,710428275.0,-35964.0,-1007118200.0,-35712.0,-1000055350.0,-168.0,-4699950.0,-5.0,-139650.0,0.0,0.0,0.0,0.0,-79.0,-2223250.0,534.0,14952550.0,-305.0,-8559400.0
101240,씨큐브,코스닥,기초 화학물질 제조업,진주광택안료,3110.0,53962.0,168052445.0,1.1399999856948853,43695.0,0.029999999329447746,23272.0,72425065.0,-24195.0,-75298410.0,0.0,0.0,0.0,0.0,0.0,0.0,0.0,0.0,0.0,0.0,0.0,0.0,0.0,0.0,923.0,2873345.0,0.0,0.0
060590,씨티씨바이오,코스닥,의약품 제조업,"동물용항병원성제품, 생균효소제",3050.0,30667.0,93125295.0,0.33000001311302185,1882165.0,2.0199999809265137,3260.0,9913065.0,-3165.0,-9602025.0,-95.0,-311040.0,-95.0,-311040.0,0.0,0.0,0.0,0.0,0.0,0.0,0.0,0.0,0.0,0.0,0.0,0.0,0.0,0.0
260930,씨티케이,코스닥,기타 화학제품 제조업,완제 화장품 (색조 및 기초),2565.0,12488.0,32011260.0,2.5999999046325684,1210235.0,3.7799999713897705,-925.0,-2317665.0,925.0,2317665.0,0.0,0.0,0.0,0.0,0.0,0.0,0.0,0.0,0.0,0.0,0.0,0.0,0.0,0.0,0.0,0.0,0.0,0.0
413630,씨피시스템,코스닥,플라스틱제품 제조업,전기재료연결부품,4335.0,5677523.0,24717481413.0,1.6399999856948853,0.0,0.0,68493.0,328211454.0,-81898.0,-386728559.0,0.0,0.0,0.0,0.0,0.0,0.0,0.0,0.0,0.0,0.0,0.0,0.0,0.0,0.0,11166.0,48748028.0,2239.0,9769077.0
013990,아가방컴퍼니,코스닥,생활용품 도매업,유아용 의류 및 용품,4685.0,141690.0,671200315.0,-1.4700000286102295,22813300.0,3.4000000953674316,-69189.0,-328141600.0,-2180.0,-9586495.0,0.0,0.0,0.0,0.0,0.0,0.0,0.0,0.0,0.0,0.0,0.0,0.0,0.0,0.0,70968.0,335831320.0,401.0,1896775.0
175140,아고스,코스닥,통신 및 방송 장비 제조업,"웨어러블 디바이스, 모바일 라우터",2600.0,56536.0,146230380.0,8.789999961853027,12440.0,0.009999999776482582,1212.0,3368995.0,-892.0,-2545375.0,-488.0,-1251720.0,-488.0,-1251720.0,0.0,0.0,0.0,0.0,0.0,0.0,0.0,0.0,0.0,0.0,168.0,428100.0,0.0,0.0
123860,아나패스,코스닥,반도체 제조업,Timing Controller(TCON),14630.0,30786.0,435751100.0,8.130000114440918,11319970.0,2.5999999046325684,-182.0,-3272205.0,1152.0,17233395.0,0.0,13210.0,0.0,13210.0,0.0,0.0,0.0,0.0,0.0,0.0,0.0,0.0,0.0,0.0,-2.0,-28340.0,-968.0,-13946060.0
025980,아난티,코스닥,일반 및 생활 숙박시설 운영업,리조트 운영 및 분양,3860.0,471790.0,1827334163.0,1.309999942779541,101531220.0,5.559999942779541,81972.0,316876927.0,11718.0,43140091.0,-91677.0,-352250688.0,-91730.0,-352456250.0,0.0,0.0,53.0,205562.0,0.0,0.0,0.0,0.0,0.0,0.0,-2000.0,-7716215.0,-13.0,-50115.0
0015N0,아로마티카,코스닥,기타 화학제품 제조업,천연·비건 화장품,6890.0,2878108.0,18935723140.0,25.049999237060547,5239070.0,0.029999999329447746,-43938.0,-320120910.0,-30653.0,-194177465.0,73939.0,511254620.0,61501.0,422690840.0,0.0,0.0,17364.0,119432810.0,0.0,0.0,0.0,0.0,-4926.0,-30869030.0,688.0,3681170.0,-36.0,-637415.0
261780,아리바이오LAB,코스닥,자연과학 및 공학 연구개발업,백신 및 면역증강제 등,2090.0,255557.0,533512345.0,1.2100000381469727,36058195.0,6.760000228881836,23530.0,48945779.0,-23540.0,-48964129.0,0.0,0.0,0.0,0.0,0.0,0.0,0.0,0.0,0.0,0.0,0.0,0.0,0.0,0.0,0.0,0.0,10.0,18350.0
290690,아리바이오홀딩스,코스닥,전구 및 조명장치 제조업,"실내등(형광등, LED등), 실외등, 특수등",4220.0,283893.0,1196775303.0,1.3200000524520874,2221145.0,0.1899999976158142,53411.0,224299748.0,-52562.0,-220695988.0,0.0,0.0,0.0,0.0,0.0,0.0,0.0,0.0,0.0,0.0,0.0,0.0,0.0,0.0,0.0,0.0,-849.0,-3603760.0
125210,아모그린텍,코스닥,전자부품 제조업,비정질 및 나노결정립을 이용한 자성부품 및 전류센서,5930.0,52855.0,309471720.0,4.960000038146973,3031050.0,0.9800000190734863,11134.0,65588630.0,-11294.0,-66506080.0,-111.0,-657170.0,-111.0,-657170.0,0.0,0.0,0.0,0.0,0.0,0.0,0.0,0.0,0.0,0.0,200.0,1164000.0,71.0,410620.0
357580,아모센스,코스닥,전자부품 제조업,무선충전 차폐시트,6160.0,94799.0,580220460.0,9.609999656677246,4987510.0,0.8600000143051147,15574.0,95180090.0,-15839.0,-96808005.0,-222.0,-1371175.0,-216.0,-1334050.0,0.0,0.0,-3.0,-18575.0,0.0,0.0,-3.0,-18550.0,0.0,0.0,0.0,0.0,487.0,2999090.0
052710,아모텍,코스닥,전자부품 제조업,"칩바리스터, 아몰퍼스코어",13780.0,366752.0,5023402150.0,3.609999895095825,124018050.0,2.4700000286102295,-6009.0,-83039570.0,4694.0,64836465.0,1641.0,22558445.0,2016.0,27707115.0,0.0,0.0,0.0,0.0,0.0,0.0,-5.0,-68570.0,-370.0,-5080100.0,-408.0,-5540650.0,82.0,1185310.0
074430,아미노로직스,코스닥,기초 의약물질 제조업,DVR용 영상처리 칩,1020.0,67227.0,68848770.0,-0.6800000071525574,63382.0,0.09000000357627869,3348.0,3351833.0,-13387.0,-13611418.0,0.0,0.0,0.0,0.0,0.0,0.0,0.0,0.0,0.0,0.0,0.0,0.0,0.0,0.0,10039.0,10259585.0,0.0,0.0
092040,아미코젠,코스닥,기타 식품 제조업,제약용 특수효소 및 효소기반 바이오신소재,1118.0,2166280.0,2426851133.0,-9.109999656677246,111738760.0,4.599999904632568,458844.0,511829129.0,-379090.0,-423374447.0,-79835.0,-88667507.0,-79835.0,-88667507.0,0.0,0.0,0.0,0.0,0.0,0.0,0.0,0.0,0.0,0.0,0.0,0.0,81.0,212825.0
083930,아바코,코스닥,특수 목적용 기계 제조업,평판디스플레이제조용장비,11040.0,37495.0,414033865.0,2.7899999618530273,30489830.0,7.360000133514404,-1737.0,-19212755.0,2803.0,30805365.0,-132.0,-1432760.0,-132.0,-1432760.0,0.0,0.0,0.0,0.0,0.0,0.0,0.0,0.0,0.0,0.0,-934.0,-10159850.0,0.0,0.0
149950,아바텍,코스닥,전자부품 제조업,"Glass Slimming & ITO코팅 제품, PDP필터",8720.0,48005.0,416415945.0,5.190000057220459,11220020.0,2.690000057220459,3143.0,27337635.0,2011.0,17380015.0,-1500.0,-13305000.0,-1500.0,-13305000.0,0.0,0.0,0.0,0.0,0.0,0.0,0.0,0.0,0.0,0.0,-3654.0,-31412650.0,0.0,0.0
036010,아비코전자,코스닥,전자부품 제조업,"인덕터, 저항기",6260.0,145780.0,898589880.0,7.380000114440918,61554650.0,6.849999904632568,-24674.0,-151192495.0,-8142.0,-54647255.0,33321.0,208959990.0,2.0,12170.0,0.0,0.0,0.0,0.0,0.0,0.0,33319.0,208947820.0,0.0,0.0,-500.0,-3089000.0,-5.0,-31240.0
050860,아세아텍,코스닥,특수 목적용 기계 제조업,"농기계(관리기,SS기, 이앙기) 제조",1648.0,6851.0,11280417.0,0.3700000047683716,114075.0,1.0099999904632568,-1398.0,-2301411.0,1398.0,2301411.0,0.0,0.0,0.0,0.0,0.0,0.0,0.0,0.0,0.0,0.0,0.0,0.0,0.0,0.0,0.0,0.0,0.0,0.0
136410,아셈스,코스닥,플라스틱제품 제조업,핫멜트 접착 필름,4765.0,5489.0,25664075.0,5.070000171661377,55895.0,0.2199999988079071,1179.0,5557660.0,-906.0,-4285810.0,0.0,0.0,0.0,0.0,0.0,0.0,0.0,0.0,0.0,0.0,0.0,0.0,0.0,0.0,-273.0,-1271850.0,0.0,0.0
246720,아스타,코스닥,의료용품 및 기타 의약 관련제품 제조업,MALDI-TOF 질량분석기 기반 진단시스템,6070.0,0.0,0.0,0.0,0.0,0.0,0.0,0.0,0.0,0.0,0.0,0.0,0.0,0.0,0.0,0.0,0.0,0.0,0.0,0.0,0.0,0.0,0.0,0.0,0.0,0.0,0.0,0.0
450950,아스테라시스,코스닥,의료용 기기 제조업,"피부 미용의료기기 제조, 판매",6030.0,16661.0,99519070.0,3.430000066757202,616690.0,0.4099999964237213,-3944.0,-23485820.0,3890.0,23160890.0,52.0,312970.0,54.0,324950.0,-2.0,-11980.0,0.0,0.0,0.0,0.0,0.0,0.0,0.0,0.0,0.0,0.0,2.0,11960.0
067390,아스트,코스닥,"항공기,우주선 및 부품 제조업",항공기용 부품 제조 및 동체 조립,503.0,853975.0,428650195.0,3.930000066757202,4905271.0,1.1399999856948853,-67111.0,-33731732.0,68485.0,34435721.0,-1281.0,-647083.0,-1281.0,-647083.0,0.0,0.0,0.0,0.0,0.0,0.0,0.0,0.0,0.0,0.0,0.0,0.0,-93.0,-56906.0
159010,아스플로,코스닥,일반 목적용 기계 제조업,"강관, 피팅, 밸브류 등",16500.0,102829.0,1643214465.0,10.520000457763672,93563260.0,5.690000057220459,-4479.0,-80906825.0,-19651.0,-316755615.0,21381.0,353473270.0,-64.0,-1090360.0,0.0,0.0,664.0,10590130.0,0.0,0.0,0.0,0.0,20781.0,343973500.0,1100.0,18449130.0,1649.0,25740040.0
127710,아시아경제,코스닥,"자료처리, 호스팅, 포털 및 기타 인터넷 정보매개 서비스업",광고 및 콘텐츠,1028.0,6574.0,6630553.0,0.10000000149011612,0.0,0.0,321.0,325652.0,-321.0,-325652.0,0.0,0.0,0.0,0.0,0.0,0.0,0.0,0.0,0.0,0.0,0.0,0.0,0.0,0.0,0.0,0.0,0.0,0.0
154030,아시아종묘,코스닥,작물 재배업,종자,1650.0,28902.0,47463347.0,2.799999952316284,0.0,0.0,4510.0,7451184.0,-4510.0,-7451184.0,0.0,0.0,0.0,0.0,0.0,0.0,0.0,0.0,0.0,0.0,0.0,0.0,0.0,0.0,0.0,0.0,0.0,0.0
227610,아우딘퓨쳐스,코스닥,기타 화학제품 제조업,"기초화장품, 마스크팩 등",1026.0,77137.0,78364712.0,-4.650000095367432,54060.0,0.07000000029802322,-8910.0,-9009547.0,8910.0,9009547.0,0.0,0.0,0.0,0.0,0.0,0.0,0.0,0.0,0.0,0.0,0.0,0.0,0.0,0.0,0.0,0.0,0.0,0.0
331740,아우토크립트,코스닥,소프트웨어 개발 및 공급업,자동차 사이버보안 소프트웨어 및 솔루션,6670.0,23244.0,155352445.0,2.619999885559082,32810.0,0.019999999552965164,-1395.0,-9241335.0,-96.0,-900965.0,1491.0,10142300.0,0.0,0.0,0.0,0.0,1491.0,10142300.0,0.0,0.0,0.0,0.0,0.0,0.0,0.0,0.0,0.0,0.0
143160,아이디스,코스닥,통신 및 방송 장비 제조업,"영상보안장치(DVR,NVR,IP-Camera 등)",15170.0,10386.0,156756910.0,-0.6499999761581421,3164650.0,2.0199999809265137,407.0,6177890.0,-398.0,-6047730.0,-11.0,-160450.0,-11.0,-160450.0,0.0,0.0,0.0,0.0,0.0,0.0,0.0,0.0,0.0,0.0,0.0,0.0,2.0,30290.0
054800,아이디스홀딩스,코스닥,기타 전문 서비스업,비금융지주회사,15040.0,2234.0,33329960.0,0.9399999976158142,0.0,0.0,-521.0,-7778780.0,481.0,7180530.0,0.0,0.0,0.0,0.0,0.0,0.0,0.0,0.0,0.0,0.0,0.0,0.0,0.0,0.0,40.0,598250.0,0.0,0.0
332370,아이디피,코스닥,컴퓨터 및 주변장치 제조업,"카드인쇄용 프린터, 카드인쇄용 리본",5500.0,7137.0,39435680.0,-1.4299999475479126,0.0,0.0,-2282.0,-12526960.0,2282.0,12535980.0,0.0,0.0,0.0,0.0,0.0,0.0,0.0,0.0,0.0,0.0,0.0,0.0,0.0,0.0,0.0,-9020.0,0.0,0.0
066430,아이로보틱스,코스닥,기타 전문 도매업,"VCI,LDPE필름 외",2290.0,1388802.0,3115455377.0,4.570000171661377,508475.0,0.019999999552965164,-138607.0,-311301522.0,136842.0,307576322.0,0.0,0.0,0.0,0.0,0.0,0.0,0.0,0.0,0.0,0.0,0.0,0.0,0.0,0.0,1701.0,3826950.0,64.0,-101750.0
339950,아이비김영,코스닥,일반 교습 학원,"오프라인 학원, 온라인강의",2960.0,140399.0,418024145.0,-1.3300000429153442,7432930.0,1.7799999713897705,31948.0,95456618.0,-37805.0,-112844763.0,-143.0,-424355.0,0.0,0.0,0.0,0.0,0.0,0.0,0.0,0.0,0.0,0.0,-143.0,-424355.0,6000.0,17812500.0,0.0,0.0
469750,아이비젼웍스,코스닥,특수 목적용 기계 제조업,이차전지 검사시스템 및 검사시스템 설치셋업용역,1137.0,2115207.0,2189964537.0,19.809999465942383,7469667.0,0.3400000035762787,-128572.0,-136027521.0,-167844.0,-177069328.0,193926.0,215681533.0,227676.0,249193897.0,0.0,0.0,-33750.0,-33512364.0,0.0,0.0,0.0,0.0,0.0,0.0,101094.0,96147662.0,1396.0,1267654.0
460470,아이빔테크놀로지,코스닥,사진장비 및 광학기기 제조업,"생체현미경, CRO 서비스",3030.0,17433.0,52089210.0,3.059999942779541,131195.0,0.25,-3305.0,-9884765.0,3314.0,9911855.0,0.0,0.0,0.0,0.0,0.0,0.0,0.0,0.0,0.0,0.0,0.0,0.0,0.0,0.0,0.0,0.0,-9.0,-27090.0
099190,아이센스,코스닥,의료용 기기 제조업,"혈당측정스트립, 혈당측정기기 등",18600.0,72493.0,1343323235.0,2.759999990463257,110152800.0,5.679999828338623,-17300.0,-320617495.0,11064.0,204238900.0,6041.0,112813615.0,-349.0,-6478430.0,379.0,7058020.0,6011.0,112234025.0,0.0,0.0,0.0,0.0,0.0,0.0,193.0,3527900.0,2.0,37080.0
461300,아이스크림미디어,코스닥,소프트웨어 개발 및 공급업,"교육출판, 커머스, 연수",16620.0,15056.0,248825170.0,2.5299999713897705,628540.0,0.25,-884.0,-14572240.0,1590.0,26140670.0,-726.0,-11899430.0,12.0,224330.0,0.0,0.0,-738.0,-12123760.0,0.0,0.0,0.0,0.0,0.0,0.0,0.0,0.0,20.0,331000.0
289010,아이스크림에듀,코스닥,"서적, 잡지 및 기타 인쇄물 출판업",아이스크림홈런,823.0,138140.0,114787708.0,2.240000009536743,3292.0,0.0,-41126.0,-34192327.0,41126.0,34192327.0,0.0,0.0,0.0,0.0,0.0,0.0,0.0,0.0,0.0,0.0,0.0,0.0,0.0,0.0,0.0,0.0,0.0,0.0
214430,아이쓰리시스템,코스닥,전자부품 제조업,"적외선 영상센서, 엑스레이 영상센서",66500.0,21622.0,1437307500.0,-0.75,37415300.0,1.6100000143051147,7578.0,503404200.0,-2488.0,-168500100.0,-5840.0,-385104100.0,-6034.0,-397937100.0,-1.0,-66300.0,195.0,12899300.0,0.0,0.0,0.0,0.0,0.0,0.0,750.0,50200000.0,0.0,0.0
040910,아이씨디,코스닥,특수 목적용 기계 제조업,"건식세정기,LCD,반도체 장비,광정보통신 부품,장비 제조,연구개발,용역 서비스,수출입",4245.0,9869.0,42114705.0,2.4100000858306885,80845.0,0.1899999976158142,-4175.0,-17804065.0,3835.0,16365215.0,0.0,0.0,0.0,0.0,0.0,0.0,0.0,0.0,0.0,0.0,0.0,0.0,0.0,0.0,-90.0,-382500.0,430.0,1821350.0
368600,아이씨에이치,코스닥,전자부품 제조업,스마트기기용 필름형 안테나,958.0,1034192.0,986760365.0,0.3100000023841858,5611294.0,0.5699999928474426,5052.0,5043904.0,-5116.0,-5104248.0,0.0,0.0,0.0,0.0,0.0,0.0,0.0,0.0,0.0,0.0,0.0,0.0,0.0,0.0,-4.0,-3814.0,68.0,64158.0
456010,아이씨티케이,코스닥,반도체 제조업,"PUF반도체,보안솔루션(보안반도체,정보통신모듈기기,정보통신용반도체) 제조,개발",15450.0,259308.0,3930510205.0,10.119999885559082,105554020.0,2.690000057220459,-25595.0,-384822260.0,24358.0,366076640.0,1901.0,29059470.0,-99.0,-1451890.0,0.0,0.0,0.0,0.0,0.0,0.0,0.0,0.0,2000.0,30511360.0,-987.0,-15197600.0,323.0,4883750.0
052860,아이앤씨,코스닥,반도체 제조업,지상파 DMB용 수신칩(모바일 TV용 SoC),4225.0,24793.0,102401505.0,6.019999980926514,508845.0,0.5,-9178.0,-37781315.0,9203.0,37885955.0,0.0,0.0,0.0,0.0,0.0,0.0,0.0,0.0,0.0,0.0,0.0,0.0,0.0,0.0,0.0,0.0,-25.0,-104640.0
464500,아이언디바이스,코스닥,반도체 제조업,스마트폰용 오디오 앰프 반도체 Soc,1750.0,21002.0,36647769.0,3.549999952316284,927886.0,2.5299999713897705,-1320.0,-2246659.0,1320.0,2246659.0,0.0,0.0,0.0,0.0,0.0,0.0,0.0,0.0,0.0,0.0,0.0,0.0,0.0,0.0,0.0,0.0,0.0,0.0
212710,아이에스티이,코스닥,반도체 제조업,반도체 제조용 장비,7880.0,47597.0,377269980.0,3.2799999713897705,7531580.0,2.0,11573.0,91694700.0,-11027.0,-87388180.0,-1246.0,-9897270.0,-523.0,-4199690.0,0.0,0.0,0.0,0.0,0.0,0.0,0.0,0.0,-723.0,-5697580.0,-300.0,-2383000.0,1000.0,7973750.0
038880,아이에이,코스닥,전자부품 제조업,"반도체 및 모듈, 제어기",3670.0,27480.0,99255178.0,2.799999952316284,1265749.0,1.2799999713897705,1097.0,4234233.0,-1097.0,-4149393.0,0.0,-84840.0,0.0,-84840.0,0.0,0.0,0.0,0.0,0.0,0.0,0.0,0.0,0.0,0.0,0.0,0.0,0.0,0.0
307180,아이엘,코스닥,전구 및 조명장치 제조업,LED용 실리콘렌즈 외,4610.0,250452.0,1151219097.0,0.7699999809265137,25520045.0,2.2200000286102295,-17812.0,-82451393.0,11471.0,53648393.0,5328.0,24143685.0,5328.0,24143685.0,0.0,0.0,0.0,0.0,0.0,0.0,0.0,0.0,0.0,0.0,0.0,0.0,1013.0,4659315.0
493280,아이엠바이오로직스,코스닥,자연과학 및 공학 연구개발업,"IMB-101 (OX40L/TNF 타깃 자가면역질환 치료용 이중항체), IMB-102 (OX40L 타깃 자가면역질환 치료용 단일항체)",18250.0,54076.0,964364190.0,5.309999942779541,22829050.0,2.369999885559082,6394.0,115710680.0,800.0,13751180.0,-876.0,-15840060.0,81.0,1437880.0,0.0,0.0,10.0,174200.0,0.0,0.0,0.0,0.0,-967.0,-17452140.0,-6267.0,-112691180.0,-51.0,-930620.0
461030,아이엠비디엑스,코스닥,자연과학 및 공학 연구개발업,"알파리퀴드ⓡ 100, 알파리퀴드ⓡ HRR, 알파리퀴드ⓡ 디텍트, 알파리퀴드ⓡ 스크리닝",3210.0,24457.0,78502020.0,0.1599999964237213,19260.0,0.019999999552965164,-8747.0,-28103880.0,8747.0,28103880.0,0.0,0.0,0.0,0.0,0.0,0.0,0.0,0.0,0.0,0.0,0.0,0.0,0.0,0.0,0.0,0.0,0.0,0.0
451220,아이엠티,코스닥,특수 목적용 기계 제조업,건식세정 장비 및 EUV Mask Baking Laser,10000.0,93992.0,912240570.0,13.640000343322754,2550050.0,0.2800000011920929,-19934.0,-193412035.0,22434.0,217800935.0,0.0,0.0,0.0,0.0,0.0,0.0,0.0,0.0,0.0,0.0,0.0,0.0,0.0,0.0,-70.0,-786120.0,-2430.0,-23602780.0
078860,아이오케이이엔엠,코스닥,"영화, 비디오물, 방송프로그램 제작 및 배급업",연예인 매니지먼트,3110.0,34995.0,107564840.0,1.6299999952316284,3110.0,0.0,-4322.0,-13158245.0,2940.0,8901685.0,1382.0,4256560.0,1382.0,4256560.0,0.0,0.0,0.0,0.0,0.0,0.0,0.0,0.0,0.0,0.0,0.0,0.0,0.0,0.0
090150,아이윈,코스닥,자동차 신품 부품 제조업,시트히터,499.0,0.0,0.0,0.0,0.0,0.0,0.0,0.0,0.0,0.0,0.0,0.0,0.0,0.0,0.0,0.0,0.0,0.0,0.0,0.0,0.0,0.0,0.0,0.0,0.0,0.0,0.0,0.0
031310,아이즈비전,코스닥,전기 통신업,"홈쇼핑(아이즈홈쇼핑), 국제전화(아이즈텔), 가정용유무선 전화기판매(TopPhone)",1020.0,88444.0,90391492.0,0.10000000149011612,0.0,0.0,-1052.0,-1103683.0,-1094.0,-1079799.0,0.0,0.0,0.0,0.0,0.0,0.0,0.0,0.0,0.0,0.0,0.0,0.0,0.0,0.0,531.0,540794.0,1615.0,1642688.0
462980,아이지넷,코스닥,기타 정보 서비스업,"보험 서비스 어플리케이션, 기업용 보험 솔루션",1320.0,25042.0,32936314.0,1.9299999475479126,1315.0,0.0,2101.0,2767574.0,-2101.0,-2767574.0,0.0,0.0,0.0,0.0,0.0,0.0,0.0,0.0,0.0,0.0,0.0,0.0,0.0,0.0,0.0,0.0,0.0,0.0
185490,아이진,코스닥,자연과학 및 공학 연구개발업,"당뇨성망막병증 치료제, 욕창치료제, 대상포진백신, 코로나19 예방백신 등",1630.0,144602.0,232797060.0,4.489999771118164,1022476.0,0.4399999976158142,-4974.0,-7622471.0,975.0,1177710.0,4000.0,6446368.0,4000.0,6446368.0,0.0,0.0,0.0,0.0,0.0,0.0,0.0,0.0,0.0,0.0,0.0,0.0,-1.0,-1607.0
059100,아이컴포넌트,코스닥,전자부품 제조업,액정평판디스플레이용 플라스틱 박판필름 제조업,5200.0,14501.0,74979660.0,0.5799999833106995,507020.0,0.6800000071525574,1465.0,7611220.0,-1599.0,-8304850.0,114.0,590230.0,114.0,590230.0,0.0,0.0,0.0,0.0,0.0,0.0,0.0,0.0,0.0,0.0,0.0,0.0,20.0,103400.0
262840,아이퀘스트,코스닥,소프트웨어 개발 및 공급업,"패키지 ERP, 구축형 ERP 등",2890.0,10048.0,28624350.0,0.5199999809265137,5780.0,0.019999999552965164,-4017.0,-11458825.0,4017.0,11507445.0,0.0,-48620.0,0.0,-48620.0,0.0,0.0,0.0,0.0,0.0,0.0,0.0,0.0,0.0,0.0,0.0,0.0,0.0,0.0
175250,아이큐어,코스닥,기타 화학제품 제조업,"플라스타, 의약 및 의약외품 패취등, 마스크팩, 화장품 기초라인",2170.0,0.0,0.0,0.0,0.0,0.0,0.0,0.0,0.0,0.0,0.0,0.0,0.0,0.0,0.0,0.0,0.0,0.0,0.0,0.0,0.0,0.0,0.0,0.0,0.0,0.0,0.0,0.0
052460,아이크래프트,코스닥,"컴퓨터 프로그래밍, 시스템 통합 및 관리업","인터넷핵심망(CCR,MCR,NAS등)",5710.0,730513.0,4259509210.0,-6.849999904632568,29063930.0,0.6800000071525574,29568.0,178996370.0,-47297.0,-286929230.0,-883.0,-5181620.0,-883.0,-5181620.0,0.0,0.0,0.0,0.0,0.0,0.0,0.0,0.0,0.0,0.0,18601.0,113066530.0,11.0,47950.0
119830,아이텍,코스닥,"그외 기타 전문, 과학 및 기술 서비스업",비메모리 반도체 테스트,5110.0,166449.0,864017215.0,0.20000000298023224,9117660.0,1.059999942779541,-19077.0,-96701675.0,23955.0,123570645.0,-183.0,-2688010.0,-183.0,-2688010.0,0.0,0.0,0.0,0.0,0.0,0.0,0.0,0.0,0.0,0.0,-4800.0,-24713010.0,105.0,532050.0
052770,아이톡시,코스닥,소프트웨어 개발 및 공급업,게임,312.0,0.0,0.0,0.0,0.0,0.0,0.0,0.0,0.0,0.0,0.0,0.0,0.0,0.0,0.0,0.0,0.0,0.0,0.0,0.0,0.0,0.0,0.0,0.0,0.0,0.0,0.0,0.0
124500,아이티센글로벌,코스닥,"컴퓨터 프로그래밍, 시스템 통합 및 관리업",시스템통합 및 IT서비스,23450.0,165963.0,3878362550.0,0.6399999856948853,86150300.0,1.409999966621399,-22451.0,-520589150.0,47272.0,1100513600.0,-22822.0,-533034800.0,-22829.0,-533198800.0,-6.0,-139950.0,13.0,303950.0,0.0,0.0,0.0,0.0,0.0,0.0,-2061.0,-48340450.0,62.0,1450800.0
010280,아이티센엔텍,코스닥,"컴퓨터 프로그래밍, 시스템 통합 및 관리업","클라우드,시스템통합(SI),네트워크 설계 및 구축,시스템운영(SM)",4950.0,27211.0,134783383.0,1.2300000190734863,160690.0,0.11999999731779099,-2891.0,-14707418.0,9891.0,48983353.0,0.0,0.0,0.0,0.0,0.0,0.0,0.0,0.0,0.0,0.0,0.0,0.0,0.0,0.0,-7000.0,-34275935.0,0.0,0.0
232830,아이티센피엔에스,코스닥,소프트웨어 개발 및 공급업,"디지털 금융 서비스 구축, 모바일 보안솔루션, 생체인증 전자서명",1647.0,49610.0,78297053.0,12.119999885559082,1685.0,0.0,-6232.0,-9554397.0,5757.0,8844676.0,0.0,0.0,0.0,0.0,0.0,0.0,0.0,0.0,0.0,0.0,0.0,0.0,0.0,0.0,475.0,703335.0,0.0,6386.0
372800,아이티아이즈,코스닥,소프트웨어 개발 및 공급업,"디지털금융솔루션 제공 및 AI, Big Data 서비스, 클라우드 통합 플랫폼 (GURMWI)",2895.0,19304.0,55942195.0,0.5199999809265137,0.0,0.0,1053.0,2922535.0,3540.0,10477970.0,0.0,0.0,0.0,0.0,0.0,0.0,0.0,0.0,0.0,0.0,0.0,0.0,0.0,0.0,-4593.0,-13400505.0,0.0,0.0
084850,아이티엠반도체,코스닥,전자부품 제조업,배터리 보호회로,8580.0,45954.0,384104960.0,5.800000190734863,14773340.0,2.7200000286102295,-7575.0,-62871900.0,8027.0,66790240.0,-567.0,-4865430.0,-567.0,-4865430.0,0.0,0.0,0.0,0.0,0.0,0.0,0.0,0.0,0.0,0.0,121.0,998250.0,-6.0,-51160.0
309710,아이티켐,코스닥,기초 의약물질 제조업,"원료의약품, 의약품중간체 및 전자재료 등",21000.0,0.0,0.0,0.0,0.0,0.0,0.0,0.0,0.0,0.0,0.0,0.0,0.0,0.0,0.0,0.0,0.0,0.0,0.0,0.0,0.0,0.0,0.0,0.0,0.0,0.0,0.0,0.0
114840,아이패밀리에스씨,코스닥,기타 화학제품 제조업,"색조화장품 브랜드 `롬앤(Rom&nd)', IT기반 웨딩서비스 브랜드 `아이웨딩`",8170.0,23311.0,190468670.0,0.7400000095367432,51435740.0,22.079999923706055,7658.0,62508870.0,-4276.0,-34947030.0,-3377.0,-27520290.0,-3377.0,-27520290.0,0.0,0.0,0.0,0.0,0.0,0.0,0.0,0.0,0.0,0.0,-3.0,-24930.0,-2.0,-16620.0
027360,아주IB투자,코스닥,기타 금융업,기타/미분류,3270.0,902007.0,2970734043.0,0.7699999809265137,202740155.0,6.820000171661377,23778.0,78905463.0,-25864.0,-85746483.0,31.0,102885.0,31.0,102885.0,0.0,0.0,0.0,0.0,0.0,0.0,0.0,0.0,0.0,0.0,-7.0,-22785.0,2062.0,6760920.0
032080,아즈텍WB,코스닥,"섬유제품 염색, 정리 및 마무리 가공업",직물,1032.0,10605.0,10732058.0,3.609999895095825,75637.0,0.699999988079071,-5502.0,-5579705.0,1985.0,2027846.0,0.0,0.0,0.0,0.0,0.0,0.0,0.0,0.0,0.0,0.0,0.0,0.0,0.0,0.0,3517.0,3551859.0,0.0,0.0
013310,아진산업,코스닥,자동차 신품 부품 제조업,자동차 차체 부품,2680.0,182158.0,489926752.0,2.490000009536743,2675.0,0.0,-11100.0,-30558022.0,11232.0,30911122.0,-132.0,-353100.0,-132.0,-353100.0,0.0,0.0,0.0,0.0,0.0,0.0,0.0,0.0,0.0,0.0,0.0,0.0,0.0,0.0
059120,아진엑스텍,코스닥,반도체 제조업,"전자집적회로, 모션제어칩",6980.0,5911313.0,41395993060.0,11.680000305175781,193785305.0,0.4699999988079071,122350.0,847689915.0,-120766.0,-831667275.0,1.0,-14400.0,1.0,-13200.0,0.0,0.0,0.0,0.0,0.0,0.0,0.0,-1200.0,0.0,0.0,-830.0,-10688040.0,-755.0,-5320200.0
0007C0,아크릴,코스닥,소프트웨어 개발 및 공급업,"통합 인공지능 플랫폼 조나단, 의료특화 인공지능 플랫폼 나디아",16750.0,74976.0,1272683410.0,1.8899999856948853,73480900.0,5.769999980926514,-218.0,-571390.0,490.0,5258710.0,-204.0,-3507690.0,-204.0,-3507690.0,0.0,0.0,0.0,0.0,0.0,0.0,0.0,0.0,0.0,0.0,-8.0,-138630.0,-60.0,-1041000.0
158430,아톤,코스닥,소프트웨어 개발 및 공급업,"모바일금융솔루션, mOTP 개발",4415.0,165807.0,731208792.0,2.6700000762939453,198510.0,0.029999999329447746,-37092.0,-163495165.0,37962.0,167352000.0,-28.0,-123620.0,-28.0,-123620.0,0.0,0.0,0.0,0.0,0.0,0.0,0.0,0.0,0.0,0.0,-326.0,-1454855.0,-516.0,-2278360.0
297570,아틀라스링크,코스닥,통신 및 방송 장비 제조업,안드로이드 OTT 멀티미디어 디바이스,825.0,14820.0,12154363.0,1.7300000190734863,21242.0,0.17000000178813934,3183.0,2619493.0,-3183.0,-2619493.0,0.0,0.0,0.0,0.0,0.0,0.0,0.0,0.0,0.0,0.0,0.0,0.0,0.0,0.0,0.0,0.0,0.0,0.0
200350,아티스트스튜디오,코스닥,"영화, 비디오물, 방송프로그램 제작 및 배급업",드라마 제작,2500.0,26858.0,64008904.0,3.0899999141693115,1646860.0,2.569999933242798,-1573.0,-3620850.0,1495.0,3434430.0,0.0,0.0,0.0,0.0,0.0,0.0,0.0,0.0,0.0,0.0,0.0,0.0,0.0,0.0,0.0,0.0,78.0,186420.0
321820,아티스트컴퍼니,코스닥,창작 및 예술관련 서비스업,빅데이터/인공지능 마케팅플랫폼 및 데이터플랫폼,2400.0,24999.0,59760630.0,4.800000190734863,0.0,0.0,155.0,566625.0,-155.0,-560665.0,0.0,-5960.0,0.0,-5960.0,0.0,0.0,0.0,0.0,0.0,0.0,0.0,0.0,0.0,0.0,0.0,0.0,0.0,0.0
001540,안국약품,코스닥,의약품 제조업,"그랑파제, 토비콤-S",11020.0,82961.0,915580720.0,-0.09000000357627869,764170.0,0.07999999821186066,-515.0,-6042900.0,-2514.0,-27112790.0,3029.0,33155690.0,3029.0,33155690.0,0.0,0.0,0.0,0.0,0.0,0.0,0.0,0.0,0.0,0.0,0.0,0.0,0.0,0.0
053800,안랩,코스닥,소프트웨어 개발 및 공급업,바이러스백신 프로그램,56500.0,25299.0,1433556800.0,0.36000001430511475,110703900.0,5.03000020980835,-1895.0,-109077100.0,8585.0,486729000.0,-6690.0,-377651900.0,-6834.0,-385800900.0,0.0,0.0,144.0,8149000.0,0.0,0.0,0.0,0.0,0.0,0.0,0.0,0.0,0.0,0.0
065660,안트로젠,코스닥,기타 전문 도매업,줄기세포치료제,17700.0,36675.0,647123540.0,2.8499999046325684,35105380.0,4.570000171661377,-2668.0,-46843110.0,-706.0,-12782890.0,1925.0,34355440.0,1925.0,34355440.0,0.0,0.0,0.0,0.0,0.0,0.0,0.0,0.0,0.0,0.0,1449.0,25270560.0,0.0,0.0
260660,알리코제약,코스닥,의료용품 및 기타 의약 관련제품 제조업,완제 의약품,2495.0,13864.0,34403295.0,0.4000000059604645,2356635.0,6.849999904632568,958.0,2395450.0,-848.0,-2120865.0,0.0,0.0,0.0,0.0,0.0,0.0,0.0,0.0,0.0,0.0,0.0,0.0,0.0,0.0,-60.0,-150600.0,-50.0,-123985.0
354320,알멕,코스닥,1차 비철금속 제조업,알루미늄 압출 제품,26700.0,140441.0,3844649450.0,-4.980000019073486,110346400.0,2.869999885559082,51993.0,1439458475.0,-52688.0,-1456799900.0,-1242.0,-33737275.0,565.0,14519000.0,0.0,0.0,-71.0,-1860300.0,0.0,0.0,0.0,0.0,-1736.0,-46395975.0,1811.0,48532850.0,126.0,2545850.0
361570,알비더블유,코스닥,오디오물 출판 및 원판 녹음업,음반 및 음원 등(콘텐츠),1384.0,32348.0,44638843.0,0.7300000190734863,0.0,0.0,-12562.0,-17349894.0,5376.0,7430520.0,7186.0,9919374.0,7186.0,9919374.0,0.0,0.0,0.0,0.0,0.0,0.0,0.0,0.0,0.0,0.0,0.0,0.0,0.0,0.0
131370,알서포트,코스닥,소프트웨어 개발 및 공급업,"원격지원,제어 솔루션",1530.0,140314.0,215414686.0,0.8600000143051147,296821.0,0.14000000059604645,-8583.0,-13239850.0,13212.0,20249109.0,-4954.0,-7508459.0,-4954.0,-7508459.0,0.0,0.0,0.0,0.0,0.0,0.0,0.0,0.0,0.0,0.0,0.0,0.0,325.0,499200.0
140670,알에스오토메이션,코스닥,전자부품 제조업,"모션제어기, 드라이브, 에너지제어장치",10130.0,68445.0,681393145.0,4.869999885559082,5155750.0,0.7599999904632568,-18194.0,-181713290.0,17519.0,174929890.0,385.0,3910970.0,385.0,3910970.0,0.0,0.0,0.0,0.0,0.0,0.0,0.0,0.0,0.0,0.0,0.0,0.0,290.0,2872430.0
096610,알에프세미,코스닥,반도체 제조업,"ECM Chip, TVS Diode, Driver IC, LED Module, LED",2965.0,0.0,0.0,0.0,0.0,0.0,0.0,0.0,0.0,0.0,0.0,0.0,0.0,0.0,0.0,0.0,0.0,0.0,0.0,0.0,0.0,0.0,0.0,0.0,0.0,0.0,0.0,0.0
061040,알에프텍,코스닥,통신 및 방송 장비 제조업,"핸드폰 충전기, 핸즈프리",6600.0,92019.0,635081150.0,7.139999866485596,0.0,0.0,-7509.0,-50603850.0,7886.0,53130550.0,0.0,0.0,0.0,0.0,0.0,0.0,0.0,0.0,0.0,0.0,0.0,0.0,0.0,0.0,-677.0,-4494700.0,300.0,1968000.0
148250,알엔투테크놀로지,코스닥,전자부품 제조업,"이동통신부품(커플러), 의료기기용기판, 파우더",1851.0,44597.0,81869049.0,1.7000000476837158,0.0,0.0,-21605.0,-39674236.0,21555.0,39583086.0,0.0,0.0,0.0,0.0,0.0,0.0,0.0,0.0,0.0,0.0,0.0,0.0,0.0,0.0,0.0,0.0,50.0,91150.0
123010,알엔티엑스,코스닥,전자부품 제조업,이미지센서 패키징,2160.0,287398.0,626154291.0,-3.359999895095825,0.0,0.0,24517.0,51745094.0,6259.0,15418841.0,0.0,-10590.0,0.0,-10590.0,0.0,0.0,0.0,0.0,0.0,0.0,0.0,0.0,0.0,0.0,-31414.0,-68547375.0,638.0,1394030.0
476830,알지노믹스,코스닥,자연과학 및 공학 연구개발업,"인체질환치료제 및 진단제, 진단용 유전자재조합 의약품",32000.0,296417.0,9462296375.0,1.590000033378601,614432700.0,4.21999979019165,41619.0,1300636400.0,-57056.0,-1808981550.0,12489.0,414206300.0,17922.0,580364125.0,-2875.0,-91195550.0,39.0,1105750.0,0.0,0.0,-37180.0,-1186085550.0,34583.0,1110017525.0,2872.0,91720500.0,76.0,2418350.0
347860,알체라,코스닥,소프트웨어 개발 및 공급업,"얼굴인식 AI, 이상상황 감지 AI 등",1550.0,162945.0,252304908.0,1.309999942779541,600289.0,0.23999999463558197,-6209.0,-9869382.0,5314.0,8491611.0,0.0,-1476.0,0.0,-1476.0,0.0,0.0,0.0,0.0,0.0,0.0,0.0,0.0,0.0,0.0,0.0,0.0,895.0,1379247.0
196170,알테오젠,코스닥,자연과학 및 공학 연구개발업,바이오시밀러 및 바이오베터,277000.0,637092.0,177858214500.0,3.75,46394766750.0,17.3700008392334,256164.0,71480095000.0,-153318.0,-42922595000.0,-112347.0,-31214375500.0,-98253.0,-27353619500.0,435.0,133976000.0,-11310.0,-3132753500.0,0.0,0.0,-481.0,-140597250.0,-2736.0,-720842750.0,9226.0,2581027000.0,275.0,75848500.0
123750,알톤,코스닥,그외 기타 운송장비 제조업,전기 및 일반자전거 등,1807.0,15043.0,26784425.0,2.0299999713897705,4727753.0,17.649999618530273,2577.0,4631983.0,-2577.0,-4631983.0,0.0,0.0,0.0,0.0,0.0,0.0,0.0,0.0,0.0,0.0,0.0,0.0,0.0,0.0,0.0,0.0,0.0,0.0
459550,알트,코스닥,통신 및 방송 장비 제조업,"시니어폰 및 키즈폰, 셋탑박스",1823.0,17650178.0,34925340471.0,2.240000009536743,159207794.0,0.46000000834465027,124434.0,299891638.0,-102024.0,-253753942.0,-1118.0,-2036002.0,-1118.0,-2036002.0,0.0,0.0,0.0,0.0,0.0,0.0,0.0,0.0,0.0,0.0,-25617.0,-52771920.0,4325.0,8670226.0
085810,알티캐스트,코스닥,소프트웨어 개발 및 공급업,"디지털 방송용 소프트웨어(셋톱박스용 미들웨어 등), CAS(수신제한시스템)",1697.0,5847.0,9776313.0,2.4100000858306885,256785.0,2.630000114440918,-292.0,-501098.0,292.0,501098.0,0.0,0.0,0.0,0.0,0.0,0.0,0.0,0.0,0.0,0.0,0.0,0.0,0.0,0.0,0.0,0.0,0.0,0.0
043100,알파AI,코스닥,의료용 기기 제조업,"가정용 온열치료기, 의료기구",520.0,0.0,0.0,0.0,0.0,0.0,0.0,0.0,0.0,0.0,0.0,0.0,0.0,0.0,0.0,0.0,0.0,0.0,0.0,0.0,0.0,0.0,0.0,0.0,0.0,0.0,0.0,0.0
117670,알파칩스,코스닥,반도체 제조업,시스템 반도체 개발,9490.0,9794.0,89969510.0,3.7200000286102295,9230.0,0.009999999776482582,349.0,3417950.0,1171.0,10735810.0,0.0,0.0,0.0,0.0,0.0,0.0,0.0,0.0,0.0,0.0,0.0,0.0,0.0,0.0,-1520.0,-14153760.0,0.0,0.0
314140,알피바이오,코스닥,의약품 제조업,연질캡슐 제형의 의약품 및 건강기능식품,6190.0,11300.0,69081710.0,0.0,4890730.0,7.079999923706055,1257.0,7708220.0,-1257.0,-7708220.0,0.0,0.0,0.0,0.0,0.0,0.0,0.0,0.0,0.0,0.0,0.0,0.0,0.0,0.0,0.0,0.0,0.0,0.0
291650,압타머사이언스,코스닥,자연과학 및 공학 연구개발업,압타머기반 신약개발 및 진단제품 개발,950.0,0.0,0.0,0.0,0.0,0.0,0.0,0.0,0.0,0.0,0.0,0.0,0.0,0.0,0.0,0.0,0.0,0.0,0.0,0.0,0.0,0.0,0.0,0.0,0.0,0.0,0.0,0.0
293780,압타바이오,코스닥,자연과학 및 공학 연구개발업,"용역매출, 유전자전달체, 압타머연구용시약",5420.0,51194.0,280834560.0,-1.809999942779541,8228410.0,2.930000066757202,4459.0,24892505.0,-4469.0,-24945025.0,8.0,41480.0,8.0,41480.0,0.0,0.0,0.0,0.0,0.0,0.0,0.0,0.0,0.0,0.0,0.0,0.0,2.0,11040.0
310200,애니플러스,코스닥,"영화, 비디오물, 방송프로그램 제작 및 배급업",방송통신사업,2625.0,224607.0,597086132.0,-2.7799999713897705,23134440.0,3.869999885559082,47240.0,126107314.0,-47323.0,-126202102.0,-385.0,-1109012.0,615.0,1549230.0,-1000.0,-2658242.0,0.0,0.0,0.0,0.0,0.0,0.0,0.0,0.0,320.0,811200.0,148.0,392600.0
179530,애드바이오텍,코스닥,의약품 제조업,"동물용약품,영양제,단미사료(네오폐녹스),보조사료 제조,도매/식품첨가물,화장품 도소매,무역",2325.0,146645.0,327729094.0,6.650000095367432,822915.0,0.25,12526.0,26982324.0,6241.0,13535295.0,-1399.0,-2999815.0,-1399.0,-2999815.0,0.0,0.0,0.0,0.0,0.0,0.0,0.0,0.0,0.0,0.0,-16993.0,-36698144.0,-375.0,-819660.0
397810,애드포러스,코스닥,광고업,모바일 광고 플랫폼,4285.0,13205.0,56883520.0,-1.8300000429153442,0.0,0.0,3306.0,14386485.0,-446.0,-2109425.0,-2860.0,-12277060.0,0.0,-5070.0,0.0,0.0,0.0,0.0,0.0,0.0,0.0,0.0,-2860.0,-12271990.0,0.0,0.0,0.0,0.0
0011A0,액스비스,코스닥,기타 전기장비 제조업,지능형 고출력 레이저 솔루션 등,8940.0,50918.0,447804890.0,4.559999942779541,24542580.0,5.480000019073486,1125.0,9613330.0,3006.0,26787670.0,-3631.0,-31936000.0,-1663.0,-14639740.0,0.0,0.0,0.0,0.0,0.0,0.0,0.0,0.0,-1968.0,-17296260.0,0.0,0.0,-500.0,-4465000.0
052790,액토즈소프트,코스닥,소프트웨어 개발 및 공급업,온라인 게임 및 모바일 게임,4090.0,33365.0,135576500.0,-0.9700000286102295,310945.0,0.23000000417232513,-9668.0,-39255890.0,9217.0,37445810.0,451.0,1810080.0,451.0,1810080.0,0.0,0.0,0.0,0.0,0.0,0.0,0.0,0.0,0.0,0.0,0.0,0.0,0.0,0.0
290740,액트로,코스닥,전자부품 제조업,모바일용 액츄에이터 및 조립자동화 설비,8000.0,49192.0,392553505.0,5.119999885559082,1065950.0,0.27000001072883606,2318.0,19089555.0,-2496.0,-20510635.0,78.0,622080.0,78.0,622080.0,0.0,0.0,0.0,0.0,0.0,0.0,0.0,0.0,0.0,0.0,0.0,0.0,100.0,799000.0
238090,앤디포스,코스닥,플라스틱제품 제조업,"TSP용 양면 테이프, 윈도우 필름",2230.0,29234.0,63886615.0,3.0,434065.0,0.6800000071525574,2310.0,4830655.0,-2279.0,-4760885.0,0.0,0.0,0.0,0.0,0.0,0.0,0.0,0.0,0.0,0.0,0.0,0.0,0.0,0.0,-31.0,-69770.0,0.0,0.0
138360,앤로보틱스,코스닥,특수 목적용 기계 제조업,기계제조,2035.0,1002082.0,1988697542.0,5.440000057220459,0.0,0.0,11769.0,27260109.0,-7587.0,-18933564.0,0.0,-9900.0,0.0,-9900.0,0.0,0.0,0.0,0.0,0.0,0.0,0.0,0.0,0.0,0.0,-4846.0,-9618650.0,664.0,1302005.0
092600,앤씨앤,코스닥,반도체 제조업,차량용 블랙박스 / 영상처리용 시스템반도체,1918.0,40063.0,77221502.0,2.0199999809265137,397577.0,0.5099999904632568,-9155.0,-17512306.0,9530.0,18251431.0,0.0,0.0,0.0,0.0,0.0,0.0,0.0,0.0,0.0,0.0,0.0,0.0,0.0,0.0,0.0,0.0,-375.0,-739125.0
129890,앱코,코스닥,컴퓨터 및 주변장치 제조업,"게이밍기어, 뉴라이프가전 등",933.0,83966.0,78057105.0,1.7400000095367432,83810.0,0.10999999940395355,-18275.0,-17003173.0,13275.0,12332828.0,5000.0,4670345.0,5000.0,4670345.0,0.0,0.0,0.0,0.0,0.0,0.0,0.0,0.0,0.0,0.0,0.0,0.0,0.0,0.0
174900,앱클론,코스닥,의료용품 및 기타 의약 관련제품 제조업,항체의약품,26200.0,184558.0,4906251025.0,-1.1299999952316284,330973700.0,6.75,35485.0,955432575.0,-59163.0,-1588676300.0,20990.0,561395825.0,36.0,935250.0,0.0,0.0,22586.0,602975025.0,0.0,0.0,0.0,0.0,-1632.0,-42514450.0,2646.0,70689500.0,42.0,1158400.0
109960,앱토크롬,코스닥,기타 전문 도매업,"모바일게임 퍼블리싱, 바이오의약품 연구개발업 및 판매, 생산설비 및 연구장비의 대여 및 판매",1664.0,3722.0,6138486.0,0.8500000238418579,0.0,0.0,535.0,887737.0,-535.0,-887737.0,0.0,0.0,0.0,0.0,0.0,0.0,0.0,0.0,0.0,0.0,0.0,0.0,0.0,0.0,0.0,0.0,0.0,0.0
270520,앱튼,코스닥,"건축기술, 엔지니어링 및 관련 기술 서비스업",지열냉난방시스템,3730.0,266947.0,966826662.0,5.519999980926514,19821825.0,2.049999952316284,5643.0,17741325.0,-126.0,3887670.0,0.0,0.0,0.0,0.0,0.0,0.0,0.0,0.0,0.0,0.0,0.0,0.0,0.0,0.0,-5378.0,-21131375.0,-139.0,-497620.0
255440,야스,코스닥,특수 목적용 기계 제조업,"OLED 증착기, OLED 증착원",6740.0,773233.0,5057924915.0,11.960000038146973,25639450.0,0.5099999904632568,-13299.0,-89624465.0,33968.0,226113095.0,-24035.0,-159845475.0,-30825.0,-204693250.0,0.0,0.0,49.0,323775.0,0.0,0.0,0.0,0.0,6741.0,44524000.0,5776.0,38973945.0,-2410.0,-15617100.0
030960,양지사,코스닥,인쇄 및 인쇄관련 산업,다이어리,4520.0,31432.0,142426955.0,0.7799999713897705,8736685.0,6.130000114440918,3731.0,16895360.0,-4031.0,-18242860.0,300.0,1347500.0,300.0,1347500.0,0.0,0.0,0.0,0.0,0.0,0.0,0.0,0.0,0.0,0.0,0.0,0.0,0.0,0.0
102120,어보브반도체,코스닥,반도체 제조업,"반도체,전자제품,마이크로컨트롤라",7350.0,118078.0,861777640.0,5.909999847412109,34007570.0,3.950000047683716,1953.0,13632845.0,-1908.0,-13301085.0,0.0,40.0,0.0,40.0,0.0,0.0,0.0,0.0,0.0,0.0,0.0,0.0,0.0,0.0,0.0,0.0,-45.0,-331800.0
238120,얼라인드,코스닥,사진장비 및 광학기기 제조업,"자동세포카운팅시스템, 생체조직투명화시스템, 디지털세포이미징시스템",2900.0,420409.0,1234919348.0,3.0199999809265137,10179075.0,0.8199999928474426,43154.0,136350646.0,-41746.0,-132147306.0,-1408.0,-4203340.0,-1408.0,-4203340.0,0.0,0.0,0.0,0.0,0.0,0.0,0.0,0.0,0.0,0.0,0.0,0.0,0.0,0.0
019990,에너토크,코스닥,일반 목적용 기계 제조업,전동액츄에이터,4870.0,41747.0,203333765.0,1.6699999570846558,53615.0,0.029999999329447746,15600.0,76081270.0,-15600.0,-76081260.0,0.0,-10.0,0.0,-10.0,0.0,0.0,0.0,0.0,0.0,0.0,0.0,0.0,0.0,0.0,0.0,0.0,0.0,0.0
435570,에르코스,코스닥,도시락 및 식사용 조리식품 제조업,"영유아식, 고령친화식품, 식물기반 대체식품",6990.0,4365.0,30410220.0,0.5799999833106995,0.0,0.0,-606.0,-4211150.0,606.0,4211150.0,0.0,0.0,0.0,0.0,0.0,0.0,0.0,0.0,0.0,0.0,0.0,0.0,0.0,0.0,0.0,0.0,0.0,0.0
270660,에브리봇,코스닥,가정용 기기 제조업,"물걸레 로봇청소기, 흡입형 로봇청소기",15560.0,440625.0,6752413880.0,2.1700000762939453,20431670.0,0.1599999964237213,-15311.0,-232082745.0,14473.0,219140855.0,357.0,5573570.0,357.0,5573570.0,0.0,0.0,0.0,0.0,0.0,0.0,0.0,0.0,0.0,0.0,268.0,4157360.0,213.0,3210960.0
038680,에스넷,코스닥,"컴퓨터 프로그래밍, 시스템 통합 및 관리업","네트워크장비 설치 및 납품, 유지보수",3865.0,216347.0,843417045.0,4.739999771118164,2780605.0,0.33000001311302185,-52215.0,-201695975.0,55214.0,213210895.0,2.0,-50730.0,2.0,-50730.0,0.0,0.0,0.0,0.0,0.0,0.0,0.0,0.0,0.0,0.0,-3000.0,-11460380.0,-1.0,-3810.0
217480,에스디생명공학,코스닥,기타 화학제품 제조업,"마스크팩, 기초화장품",499.0,0.0,0.0,0.0,0.0,0.0,0.0,0.0,0.0,0.0,0.0,0.0,0.0,0.0,0.0,0.0,0.0,0.0,0.0,0.0,0.0,0.0,0.0,0.0,0.0,0.0,0.0,0.0
121890,에스디시스템,코스닥,전자부품 제조업,"요금징수시스템, 지능형교통시스템,하이패스단말기",1945.0,9518.0,18786469.0,-2.109999895095825,5823.0,0.029999999329447746,85.0,138898.0,-206.0,-373033.0,121.0,234135.0,121.0,234135.0,0.0,0.0,0.0,0.0,0.0,0.0,0.0,0.0,0.0,0.0,0.0,0.0,0.0,0.0
304360,에스바이오메딕스,코스닥,의약품 제조업,줄기세포 치료제 연구 및 개발,18940.0,24073.0,452806990.0,2.490000009536743,21506300.0,3.140000104904175,1770.0,32392410.0,-999.0,-18070690.0,-751.0,-13956120.0,-373.0,-6933140.0,0.0,0.0,-247.0,-4592750.0,0.0,0.0,0.0,0.0,-131.0,-2430230.0,0.0,0.0,-20.0,-365600.0
389500,에스비비테크,코스닥,일반 목적용 기계 제조업,"베어링, 감속기",37900.0,102071.0,3769127125.0,7.519999980926514,45322300.0,1.2000000476837158,1491.0,62894100.0,-1949.0,-79922500.0,275.0,10337750.0,275.0,10337750.0,0.0,0.0,0.0,0.0,0.0,0.0,0.0,0.0,0.0,0.0,-40.0,-1474000.0,223.0,8164650.0
042110,에스씨디,코스닥,가정용 기기 제조업,전자렌지용 MOTOR 및 냉장고용 TIMER,1174.0,337728.0,395675293.0,1.7300000190734863,17674374.0,4.46999979019165,-11654.0,-13524043.0,12416.0,14416449.0,0.0,1558.0,0.0,1558.0,0.0,0.0,0.0,0.0,0.0,0.0,0.0,0.0,0.0,0.0,-12.0,-14100.0,-750.0,-879864.0
065420,에스아이리소스,코스닥,기타 화학제품 제조업,유연탄,94.0,0.0,0.0,0.0,0.0,0.0,0.0,0.0,0.0,0.0,0.0,0.0,0.0,0.0,0.0,0.0,0.0,0.0,0.0,0.0,0.0,0.0,0.0,0.0,0.0,0.0,0.0,0.0
103230,에스앤더블류,코스닥,일반 목적용 기계 제조업,"디젤엔진부품, 산업부품, 단조품",2585.0,25855.0,63946915.0,10.0,2425.0,0.0,-7697.0,-19002075.0,7697.0,19026175.0,0.0,-24100.0,0.0,-24100.0,0.0,0.0,0.0,0.0,0.0,0.0,0.0,0.0,0.0,0.0,0.0,0.0,0.0,0.0
260970,에스앤디,코스닥,기타 식품 제조업,"일반기능식품소재, 건강기능식품소재",53200.0,14226.0,745433800.0,3.0999999046325684,2446200.0,0.33000001311302185,-1197.0,-61684450.0,2629.0,136035150.0,-1852.0,-96166500.0,0.0,0.0,-294.0,-15442750.0,-1397.0,-73198600.0,0.0,0.0,-915.0,-48064800.0,754.0,40539650.0,202.0,10226000.0,218.0,11589800.0
101490,에스앤에스텍,코스닥,전자부품 제조업,블랭크마스크,44150.0,188077.0,8251068250.0,5.369999885559082,909418850.0,7.989999771118164,53557.0,2341869175.0,-43166.0,-1892389750.0,-10346.0,-447500425.0,-22057.0,-967888250.0,-16.0,-705400.0,9311.0,415027500.0,0.0,0.0,2745.0,120331050.0,-329.0,-14265325.0,-11.0,-522550.0,-34.0,-1456450.0
095910,에스에너지,코스닥,"전동기, 발전기 및 전기 변환 · 공급 · 제어 장치 제조업","태양광발전시스템,태양전지모듈",711.0,702120.0,503785295.0,4.559999942779541,0.0,0.0,-12077.0,-7667000.0,-11165.0,-8721474.0,0.0,0.0,0.0,0.0,0.0,0.0,0.0,0.0,0.0,0.0,0.0,0.0,0.0,0.0,8696.0,6287506.0,14546.0,10100968.0
275630,에스에스알,코스닥,소프트웨어 개발 및 공급업,"취약점 진단 솔루션, 모의해킹 컨설팅",3620.0,6775.0,25091225.0,-6.099999904632568,51775.0,0.20999999344348907,1270.0,4746105.0,-1270.0,-4746105.0,0.0,0.0,0.0,0.0,0.0,0.0,0.0,0.0,0.0,0.0,0.0,0.0,0.0,0.0,0.0,0.0,0.0,0.0
031330,에스에이엠티,코스닥,기계장비 및 관련 물품 도매업,"반도체(메모리,비메모리), CPU, TFT-LCD, 네트웍 장비, PC 및 주변기기, 이동통신수탁사업",10070.0,1066062.0,10280710750.0,12.770000457763672,1044433870.0,10.15999984741211,136398.0,1351780090.0,-138016.0,-1379223675.0,1436.0,24823465.0,-1729.0,-13595915.0,0.0,0.0,-13880.0,-132890250.0,0.0,0.0,0.0,0.0,17045.0,171309630.0,609.0,6601570.0,-427.0,-3981450.0
060540,에스에이티,코스닥,"측정, 시험, 항해, 제어 및 기타 정밀기기 제조업; 광학기기 제외","교통관련장비(고정식축중기, 이동식축중기 등)",1120.0,9081.0,10111888.0,1.8200000524520874,1115.0,0.009999999776482582,-38.0,-35413.0,-16.0,-23987.0,54.0,59400.0,54.0,59400.0,0.0,0.0,0.0,0.0,0.0,0.0,0.0,0.0,0.0,0.0,0.0,0.0,0.0,0.0
0008Z0,에스엔시스,코스닥,"전동기, 발전기 및 전기 변환 · 공급 · 제어 장치 제조업","파워솔루션, 에코솔루션, 운항제어솔루션, MRO 솔루션",24150.0,34895.0,831708800.0,8.300000190734863,31512700.0,2.4100000858306885,-7639.0,-180240300.0,6044.0,141584550.0,1751.0,42401650.0,328.0,7799700.0,0.0,0.0,0.0,0.0,0.0,0.0,0.0,0.0,1423.0,34601950.0,-68.0,-1628500.0,-88.0,-2117400.0
246250,에스엘에스바이오,코스닥,"그외 기타 전문, 과학 및 기술 서비스업","의약품 품질관리, 신약개발지원, 체외진단기기",1969.0,0.0,0.0,0.0,0.0,0.0,0.0,0.0,0.0,0.0,0.0,0.0,0.0,0.0,0.0,0.0,0.0,0.0,0.0,0.0,0.0,0.0,0.0,0.0,0.0,0.0,0.0,0.0
041510,에스엠,코스닥,오디오물 출판 및 원판 녹음업,"음반(CD,MC),연예 대리",73700.0,106871.0,8013255550.0,-3.9100000858306885,1395083100.0,13.550000190734863,35079.0,2621287800.0,-15094.0,-1131443450.0,-19243.0,-1434349650.0,-17433.0,-1298196600.0,-201.0,-14768050.0,2998.0,224569250.0,0.0,0.0,3412.0,256555400.0,-8019.0,-602517450.0,-763.0,-57064800.0,21.0,1570100.0
460870,에스엠씨지,코스닥,유리 및 유리제품 제조업,화장품 유리용기,2950.0,130921.0,379241155.0,6.119999885559082,72020.0,0.019999999552965164,7354.0,21260800.0,-13724.0,-39804030.0,922.0,2640620.0,922.0,2640620.0,0.0,0.0,0.0,0.0,0.0,0.0,0.0,0.0,0.0,0.0,5448.0,15902610.0,0.0,0.0
464080,에스오에스랩,코스닥,"측정, 시험, 항해, 제어 및 기타 정밀기기 제조업; 광학기기 제외",산업용 및 차량용 라이다(LiDAR),9130.0,83540.0,748232955.0,5.670000076293945,13786550.0,1.840000033378601,-11268.0,-100058485.0,16439.0,145854175.0,774.0,7005550.0,774.0,7005550.0,0.0,0.0,0.0,0.0,0.0,0.0,0.0,0.0,0.0,0.0,-5300.0,-47368500.0,-645.0,-5432740.0
464080,에스오에스랩,코스닥,"측정, 시험, 항해, 제어 및 기타 정밀기기 제조업; 광학기기 제외",산업용 및 차량용 라이다(LiDAR),9130.0,83540.0,748232955.0,5.670000076293945,13786550.0,1.840000033378601,-11268.0,-100058485.0,16439.0,145854175.0,774.0,7005550.0,774.0,7005550.0,0.0,0.0,0.0,0.0,0.0,0.0,0.0,0.0,0.0,0.0,-5300.0,-47368500.0,-645.0,-5432740.0
109610,에스와이,코스닥,"구조용 금속제품, 탱크 및 증기발생기 제조업",샌드위치 패널,1870.0,191657.0,356639616.0,3.0899999141693115,425653.0,0.11999999731779099,-9395.0,-17619703.0,9295.0,17433403.0,0.0,0.0,0.0,0.0,0.0,0.0,0.0,0.0,0.0,0.0,0.0,0.0,0.0,0.0,0.0,0.0,100.0,186300.0
365330,에스와이스틸텍,코스닥,"구조용 금속제품, 탱크 및 증기발생기 제조업",데크플레이트,1442.0,414187.0,599955672.0,4.119999885559082,1766286.0,0.28999999165534973,41323.0,59982554.0,-41655.0,-60464155.0,0.0,0.0,0.0,0.0,0.0,0.0,0.0,0.0,0.0,0.0,0.0,0.0,0.0,0.0,-62.0,-88929.0,394.0,570530.0
306040,에스제이그룹,코스닥,"가죽, 가방 및 유사제품 제조업","캉골 가방/모자, 헬렌카민스키 모자",1681.0,42623.0,71589620.0,5.130000114440918,0.0,0.0,-20008.0,-33488722.0,20087.0,33625988.0,1.0,1694.0,1.0,1694.0,0.0,0.0,0.0,0.0,0.0,0.0,0.0,0.0,0.0,0.0,-80.0,-138960.0,0.0,0.0
398120,에스지헬스케어,코스닥,의료용 기기 제조업,의료용 영상진단기기,1999.0,13734.0,27407264.0,2.940000057220459,13978.0,0.05000000074505806,-563.0,-1139473.0,563.0,1152198.0,0.0,-12725.0,0.0,-12725.0,0.0,0.0,0.0,0.0,0.0,0.0,0.0,0.0,0.0,0.0,0.0,0.0,0.0,0.0
472230,SK증권제11호스팩,코스닥,금융 지원 서비스업,기업인수목적 주식회사,2085.0,34563.0,72062295.0,0.23999999463558197,0.0,0.0,10.0,20820.0,-10.0,-20820.0,0.0,0.0,0.0,0.0,0.0,0.0,0.0,0.0,0.0,0.0,0.0,0.0,0.0,0.0,0.0,0.0,0.0,0.0
473000,SK증권제12호스팩,코스닥,금융 지원 서비스업,기업인수목적 주식회사,2060.0,3015.0,6180810.0,0.49000000953674316,0.0,0.0,0.0,0.0,0.0,0.0,0.0,0.0,0.0,0.0,0.0,0.0,0.0,0.0,0.0,0.0,0.0,0.0,0.0,0.0,0.0,0.0,0.0,0.0
473950,SK증권제13호스팩,코스닥,금융 지원 서비스업,기업인수목적 주식회사,2030.0,4311.0,8725940.0,0.0,0.0,0.0,2039.0,4118780.0,-39.0,-78780.0,-2000.0,-4040000.0,0.0,0.0,0.0,0.0,0.0,0.0,0.0,0.0,0.0,0.0,-2000.0,-4040000.0,0.0,0.0,0.0,0.0
475660,에스켐,코스닥,기타 화학제품 제조업,OLED 유기화합물 등,3390.0,1999.0,6827215.0,1.350000023841858,0.0,0.0,369.0,1252480.0,-383.0,-1299080.0,0.0,0.0,0.0,0.0,0.0,0.0,0.0,0.0,0.0,0.0,0.0,0.0,0.0,0.0,0.0,0.0,14.0,46600.0
096630,에스코넥,코스닥,통신 및 방송 장비 제조업,WaferProber,1994.0,29883.0,58819486.0,2.8399999141693115,95472.0,0.1599999964237213,-6208.0,-12129787.0,5631.0,10987656.0,0.0,0.0,0.0,0.0,0.0,0.0,0.0,0.0,0.0,0.0,0.0,0.0,0.0,0.0,577.0,1142131.0,0.0,0.0
069510,에스텍,코스닥,영상 및 음향기기 제조업,스피커 및 스피커시스템,12490.0,6053.0,76033630.0,-0.8700000047683716,2961590.0,3.9000000953674316,489.0,6123010.0,-1276.0,-16039650.0,-4.0,-49960.0,-4.0,-49960.0,0.0,0.0,0.0,0.0,0.0,0.0,0.0,0.0,0.0,0.0,791.0,9966600.0,0.0,0.0
488280,에스투더블유,코스닥,소프트웨어 개발 및 공급업,"공공/정부기관용 사이버안보 빅데이터 플랫폼, 기업 및 기관용 사이버위협 인텔리전스 플랫폼, 산업용 생성형 AI 플랫폼",11240.0,119717.0,1323053440.0,1.350000023841858,114068900.0,4.230000019073486,-5599.0,-61544730.0,5242.0,57574080.0,357.0,3971000.0,3.0,33720.0,0.0,0.0,354.0,3937280.0,0.0,0.0,0.0,0.0,0.0,0.0,0.0,0.0,0.0,-350.0
234300,에스트래픽,코스닥,"컴퓨터 프로그래밍, 시스템 통합 및 관리업","교통관련 솔루션 개발, 시스템통합 S/W 개발",2725.0,74925.0,205235324.0,1.2999999523162842,91015.0,0.03999999910593033,23170.0,63516120.0,-23213.0,-63625745.0,343.0,934625.0,343.0,934625.0,0.0,0.0,0.0,0.0,0.0,0.0,0.0,0.0,0.0,0.0,-300.0,-825000.0,0.0,0.0
039440,에스티아이,코스닥,특수 목적용 기계 제조업,"Chemical 중앙공급시스템(C.C.S.S), 세정·식각시스템",22500.0,61720.0,1395254775.0,2.740000009536743,34271300.0,1.3899999856948853,6582.0,148173375.0,-6724.0,-151357775.0,136.0,3074850.0,5.0,114250.0,39.0,881600.0,92.0,2079000.0,0.0,0.0,0.0,0.0,0.0,0.0,6.0,134550.0,0.0,-25000.0
098660,에스티오,코스닥,봉제의복 제조업,"셔츠,자켓/바지, 타이",1718.0,4316.0,7791760.0,0.9399999976158142,0.0,0.0,45.0,77247.0,-45.0,-77247.0,0.0,0.0,0.0,0.0,0.0,0.0,0.0,0.0,0.0,0.0,0.0,0.0,0.0,0.0,0.0,0.0,0.0,0.0
052020,에스티큐브,코스닥,기계장비 및 관련 물품 도매업,"전자부품, 정보통신기기, 지능형로봇외",8400.0,153263.0,1285816420.0,-0.9399999976158142,27111990.0,2.109999895095825,31877.0,266839975.0,-29370.0,-246334825.0,0.0,0.0,0.0,0.0,0.0,0.0,0.0,0.0,0.0,0.0,0.0,0.0,0.0,0.0,-2628.0,-21525230.0,121.0,1020080.0
237690,에스티팜,코스닥,의약품 제조업,원료의약품,100800.0,99316.0,10028393550.0,0.10000000149011612,1111143150.0,8.720000267028809,4065.0,407648550.0,32622.0,3277771200.0,-36621.0,-3678661650.0,-16047.0,-1609413350.0,-1046.0,-104657450.0,-911.0,-91293250.0,0.0,0.0,-16942.0,-1703858600.0,-1675.0,-169439000.0,-82.0,-8349400.0,16.0,1591300.0
458350,에스팀,코스닥,기타 사업지원 서비스업,"콘텐츠, 매니지먼트",3550.0,23964.0,86029825.0,-1.1100000143051147,14520.0,0.019999999552965164,-2639.0,-9642400.0,5482.0,19818990.0,-2843.0,-10176590.0,0.0,0.0,0.0,0.0,0.0,0.0,0.0,0.0,0.0,0.0,-2843.0,-10176590.0,0.0,0.0,0.0,0.0
050760,에스폴리텍,코스닥,플라스틱제품 제조업,유무선 통신용 소프트웨어,1082.0,359539.0,391229780.0,-1.100000023841858,3431253.0,0.8799999952316284,-87721.0,-95105141.0,80238.0,87434372.0,7565.0,7760969.0,7565.0,7760969.0,0.0,0.0,0.0,0.0,0.0,0.0,0.0,0.0,0.0,0.0,0.0,0.0,-82.0,-90200.0
288620,에스프리즘,코스닥,"전동기, 발전기 및 전기 변환 · 공급 · 제어 장치 제조업","건물용 연료전지, 발전용 연료전지",4115.0,32339.0,132983710.0,2.359999895095825,0.0,0.0,-8978.0,-36736790.0,8971.0,36708055.0,7.0,28735.0,7.0,28735.0,0.0,0.0,0.0,0.0,0.0,0.0,0.0,0.0,0.0,0.0,0.0,0.0,0.0,0.0
443670,에스피소프트,코스닥,"컴퓨터 프로그래밍, 시스템 통합 및 관리업","SPLA 라이센스 총판 사업,CLOUD, gDaaS 등",3230.0,92186.0,296434019.0,2.2200000286102295,4119565.0,1.3899999856948853,8772.0,28362300.0,-8717.0,-28195010.0,0.0,0.0,0.0,0.0,0.0,0.0,0.0,0.0,0.0,0.0,0.0,0.0,0.0,0.0,0.0,0.0,-55.0,-167290.0
317830,에스피시스템스,코스닥,특수 목적용 기계 제조업,산업용 갠트리 로봇,4970.0,39478.0,192883122.0,4.849999904632568,1375015.0,0.7099999785423279,-6326.0,-30596971.0,6326.0,30644176.0,0.0,-47205.0,0.0,-47205.0,0.0,0.0,0.0,0.0,0.0,0.0,0.0,0.0,0.0,0.0,0.0,0.0,0.0,0.0
058610,에스피지,코스닥,"전동기, 발전기 및 전기 변환 · 공급 · 제어 장치 제조업",소형 Geared Motor,108900.0,630874.0,66954974800.0,0.09000000357627869,2685436300.0,2.0899999141693115,-26748.0,-2832837200.0,22198.0,2346887250.0,4711.0,513138250.0,-8686.0,-927984200.0,989.0,97592750.0,14682.0,1557520900.0,0.0,0.0,-6.0,-653600.0,-2268.0,-213337600.0,249.0,20020900.0,-410.0,-47209200.0
043340,에쎈테크,코스닥,일반 목적용 기계 제조업,LPG밸브,958.0,253321.0,228088545.0,15.420000076293945,693222.0,0.30000001192092896,-161656.0,-147117303.0,-3966.0,-3683791.0,0.0,21604.0,0.0,21604.0,0.0,0.0,0.0,0.0,0.0,0.0,0.0,0.0,0.0,0.0,165626.0,150786007.0,-4.0,-6517.0
163280,에어레인,코스닥,일반 목적용 기계 제조업,기체분리막 모듈 및 시스템,3295.0,35062.0,113879712.0,3.940000057220459,239635.0,0.20999999344348907,-8296.0,-26728334.0,8326.0,26829029.0,-20.0,-67695.0,-20.0,-67695.0,0.0,0.0,0.0,0.0,0.0,0.0,0.0,0.0,0.0,0.0,-10.0,-33000.0,0.0,0.0
200710,에이디테크놀로지,코스닥,반도체 제조업,주문형 반도체,29800.0,152937.0,4557982375.0,2.940000057220459,505666700.0,6.510000228881836,20503.0,613146975.0,-24766.0,-740617475.0,167.0,5110100.0,750.0,22192000.0,0.0,0.0,-583.0,-17081900.0,0.0,0.0,0.0,0.0,0.0,0.0,3777.0,112828950.0,319.0,9531450.0
475580,에이럭스,코스닥,그외 기타 제품 제조업,교육용 드론/로봇 및 코딩 콘텐츠,7220.0,44620.0,320826610.0,3.440000057220459,8827790.0,2.75,-4481.0,-31937385.0,4507.0,32165265.0,0.0,-27740.0,0.0,-27740.0,0.0,0.0,0.0,0.0,0.0,0.0,0.0,0.0,0.0,0.0,0.0,0.0,-26.0,-200140.0
096690,에이루트,코스닥,컴퓨터 및 주변장치 제조업,"POS프린터, Mobile프린터, Label프린터",5460.0,5242.0,28936920.0,-1.090000033378601,3001780.0,10.369999885559082,95.0,526930.0,-95.0,-526930.0,0.0,0.0,0.0,0.0,0.0,0.0,0.0,0.0,0.0,0.0,0.0,0.0,0.0,0.0,0.0,0.0,0.0,0.0
298380,에이비엘바이오,코스닥,기초 의약물질 제조업,항체의약품 연구개발,80200.0,346218.0,27850052550.0,-0.25,1733521000.0,4.050000190734863,39331.0,3169988550.0,-32173.0,-2638565600.0,-8927.0,-675012750.0,-51923.0,-4157014800.0,1769.0,143600150.0,17604.0,1424313800.0,0.0,0.0,6835.0,553042300.0,16836.0,1364916100.0,1016.0,83066900.0,753.0,60522900.0
203400,에이비온,코스닥,자연과학 및 공학 연구개발업,"표적 항암제, 바이오 베터 신약",688.0,853148.0,602069399.0,-4.309999942779541,48307.0,0.009999999776482582,-37073.0,-27711133.0,28905.0,22011878.0,0.0,0.0,0.0,0.0,0.0,0.0,0.0,0.0,0.0,0.0,0.0,0.0,0.0,0.0,6100.0,4251900.0,2068.0,1447355.0
003800,에이스침대,코스닥,가구 제조업,침대,33200.0,1281.0,42238525.0,1.2200000286102295,197750.0,0.4699999988079071,480.0,15848650.0,-471.0,-15552600.0,-9.0,-296050.0,-1.0,-32500.0,0.0,0.0,0.0,0.0,0.0,0.0,0.0,0.0,-8.0,-263550.0,0.0,0.0,0.0,0.0
088800,에이스테크,코스닥,통신 및 방송 장비 제조업,"단말기용안테나,기지국용안테나",2080.0,1396187.0,2984598886.0,15.5600004196167,1578528.0,0.05000000074505806,221098.0,485330221.0,-240371.0,-526366060.0,1.0,2105.0,1.0,2105.0,0.0,0.0,0.0,0.0,0.0,0.0,0.0,0.0,0.0,0.0,2600.0,5790700.0,16672.0,35243034.0
241840,에이스토리,코스닥,"영화, 비디오물, 방송프로그램 제작 및 배급업",방송프로그램 제작,2325.0,27884.0,63901968.0,1.75,2290.0,0.0,-3702.0,-8556053.0,3708.0,8569803.0,0.0,0.0,0.0,0.0,0.0,0.0,0.0,0.0,0.0,0.0,0.0,0.0,0.0,0.0,-6.0,-13750.0,0.0,0.0
364950,에이아이코리아,코스닥,특수 목적용 기계 제조업,"2차전지 중앙 전해액 공급시스템(CESS), 프로세스파이핑, 건식세정장비",4025.0,9858.0,39665372.0,0.11999999731779099,8075.0,0.019999999552965164,863.0,3511982.0,-767.0,-3125607.0,-93.0,-374325.0,-93.0,-374325.0,0.0,0.0,0.0,0.0,0.0,0.0,0.0,0.0,0.0,0.0,-3.0,-12050.0,0.0,0.0
453860,에이에스텍,코스닥,기타 화학제품 제조업,자외선 차단제 유기 원료,9310.0,5254.0,48300780.0,0.5400000214576721,974680.0,2.0199999809265137,918.0,8471260.0,-917.0,-8462140.0,-1.0,-9120.0,-1.0,-9120.0,0.0,0.0,0.0,0.0,0.0,0.0,0.0,0.0,0.0,0.0,0.0,0.0,0.0,0.0
312610,에이에프더블류,코스닥,1차 비철금속 제조업,음극마찰용접단자,383.0,32814.0,12565038.0,-0.5199999809265137,0.0,0.0,6292.0,2413038.0,-6304.0,-2417603.0,0.0,0.0,0.0,0.0,0.0,0.0,0.0,0.0,0.0,0.0,0.0,0.0,0.0,0.0,0.0,0.0,12.0,4565.0
172670,에이엘티,코스닥,반도체 제조업,반도체 테스트 및 패키징(반도체 후공정),10970.0,89181.0,957513480.0,12.979999542236328,20134750.0,2.0999999046325684,7335.0,78093795.0,-7335.0,-78093765.0,0.0,0.0,0.0,0.0,0.0,0.0,0.0,0.0,0.0,0.0,0.0,0.0,0.0,0.0,0.0,0.0,0.0,-30.0
481070,에이유브랜즈,코스닥,"섬유, 의복, 신발 및 가죽제품 소매업","레인부츠, 스니커즈, 겨울화, 패션잡화 등",17870.0,13625.0,242030660.0,-0.9399999976158142,2934860.0,0.6399999856948853,5551.0,99213150.0,-5421.0,-96913670.0,0.0,0.0,0.0,0.0,0.0,0.0,0.0,0.0,0.0,0.0,0.0,0.0,0.0,0.0,-130.0,-2299480.0,0.0,0.0
060900,에이전트AI,코스닥,전기업,풍력 및 태양광 발전업,4370.0,18552.0,80952000.0,-0.46000000834465027,5538990.0,6.840000152587891,-1878.0,-8040680.0,1054.0,4622095.0,0.0,0.0,0.0,0.0,0.0,0.0,0.0,0.0,0.0,0.0,0.0,0.0,0.0,0.0,824.0,3418585.0,0.0,0.0
060900,에이전트AI,코스닥,전기업,풍력 및 태양광 발전업,4370.0,18552.0,80952000.0,-0.46000000834465027,5538990.0,6.840000152587891,-1878.0,-8040680.0,1054.0,4622095.0,0.0,0.0,0.0,0.0,0.0,0.0,0.0,0.0,0.0,0.0,0.0,0.0,0.0,0.0,824.0,3418585.0,0.0,0.0
445090,에이직랜드,코스닥,반도체 제조업,"비메모리 반도체 설계및 제조, 전자회로 연구, 설계, 레이아웃 등",19300.0,45962.0,884501060.0,7.639999866485596,1853140.0,0.14000000059604645,-8575.0,-166983030.0,3986.0,77611500.0,4583.0,89249950.0,0.0,160.0,0.0,0.0,-417.0,-7917980.0,0.0,0.0,0.0,0.0,5000.0,97167770.0,0.0,0.0,6.0,121580.0
295310,에이치브이엠,코스닥,1차 비철금속 제조업,"Ni계 합금, Fe계 합금, 스퍼터링타겟, Cu계 합금 등",43300.0,203359.0,8973167925.0,-4.840000152587891,277590750.0,2.2799999713897705,67005.0,2951912850.0,14778.0,636692300.0,-83657.0,-3671784850.0,-9626.0,-422770625.0,2.0,59450.0,-870.0,-38496000.0,0.0,0.0,-42712.0,-1871220425.0,-29037.0,-1277409975.0,1817.0,80690450.0,57.0,2489250.0
072990,에이치시티,코스닥,기타 과학기술 서비스업,기술검사서비스,3405.0,61040.0,207198625.0,-2.7100000381469727,1272330.0,0.6100000143051147,8010.0,27464795.0,-9513.0,-32564020.0,1579.0,5364025.0,1579.0,5364025.0,0.0,0.0,0.0,0.0,0.0,0.0,0.0,0.0,0.0,0.0,124.0,409200.0,-200.0,-674000.0
044990,에이치엔에스하이텍,코스닥,전자부품 제조업,"ACF(이방성전도필름), 수정진동자/수정발진기",12080.0,10170.0,121292770.0,2.369999885559082,11820.0,0.009999999776482582,-326.0,-3834290.0,950.0,11387690.0,-624.0,-7553400.0,-624.0,-7553400.0,0.0,0.0,0.0,0.0,0.0,0.0,0.0,0.0,0.0,0.0,0.0,0.0,0.0,0.0
239610,에이치엘사이언스,코스닥,기타 식품 제조업,건강기능식품 등,5300.0,1646.0,8653630.0,1.340000033378601,10870.0,0.12999999523162842,-93.0,-483930.0,93.0,483900.0,0.0,30.0,0.0,30.0,0.0,0.0,0.0,0.0,0.0,0.0,0.0,0.0,0.0,0.0,0.0,0.0,0.0,0.0
0156T0,에이치엘지노믹스,코스닥,기초 의약물질 제조업,"원료의약품(피타바스타틴칼슘, 에스암로디핀니코틴산염, 베포타스틴베실산염 등)",10160.0,479334.0,4917157495.0,1.7999999523162842,14510160.0,0.30000001192092896,7871.0,79350400.0,-10383.0,-105035020.0,2583.0,26539790.0,-34.0,-350200.0,0.0,0.0,2448.0,25176820.0,0.0,0.0,0.0,0.0,169.0,1713170.0,-673.0,-7008650.0,602.0,6153480.0
036170,에이치엠넥스,코스닥,반도체 제조업,LED패키지,2900.0,536251.0,1493126654.0,12.84000015258789,14212075.0,0.949999988079071,68767.0,204901305.0,-67446.0,-200993400.0,0.0,0.0,0.0,0.0,0.0,0.0,0.0,0.0,0.0,0.0,0.0,0.0,0.0,0.0,-1900.0,-5528070.0,579.0,1620165.0
477340,에이치엠씨제7호스팩,코스닥,금융 지원 서비스업,기타금융,2045.0,2532.0,5162840.0,0.0,0.0,0.0,0.0,0.0,0.0,0.0,0.0,0.0,0.0,0.0,0.0,0.0,0.0,0.0,0.0,0.0,0.0,0.0,0.0,0.0,0.0,0.0,0.0,0.0
148930,에이치와이티씨,코스닥,기타 금속 가공제품 제조업,2차전지 장비 초정밀 부품,3330.0,40877.0,136066506.0,1.9900000095367432,5466980.0,4.019999980926514,-27447.0,-91821831.0,212.0,606451.0,29600.0,98919000.0,29600.0,98919000.0,0.0,0.0,0.0,0.0,0.0,0.0,0.0,0.0,0.0,0.0,-2365.0,-7703620.0,0.0,0.0
044780,에이치케이,코스닥,특수 목적용 기계 제조업,레이저가공 절단기,1340.0,55872.0,76233364.0,-2.549999952316284,8071.0,0.009999999776482582,-7372.0,-10074363.0,-135.0,-164252.0,2352.0,3198720.0,2352.0,3198720.0,0.0,0.0,0.0,0.0,0.0,0.0,0.0,0.0,0.0,0.0,0.0,0.0,5155.0,7039895.0
357230,에이치피오,코스닥,기타 식품 제조업,"건강기능식품(유산균, 비타민 등)",2175.0,34042.0,73579865.0,2.3499999046325684,19355.0,0.029999999329447746,-7467.0,-16150255.0,7053.0,15318875.0,454.0,918180.0,454.0,918180.0,0.0,0.0,0.0,0.0,0.0,0.0,0.0,0.0,0.0,0.0,-74.0,-160580.0,34.0,73780.0
355690,에이텀,코스닥,전자부품 제조업,평판형 트랜스,4305.0,51122.0,220032344.0,-0.3499999940395355,514110.0,0.23000000417232513,-2279.0,-9524619.0,1102.0,4510454.0,1177.0,5014165.0,1177.0,5014165.0,0.0,0.0,0.0,0.0,0.0,0.0,0.0,0.0,0.0,0.0,0.0,0.0,0.0,0.0
071670,에이테크솔루션,코스닥,특수 목적용 기계 제조업,"대형정밀금형(가전,자동차용 등)",5250.0,24381.0,126993280.0,2.5399999618530273,99110.0,0.07999999821186066,2210.0,11592030.0,-686.0,-3624780.0,0.0,-80.0,0.0,-80.0,0.0,0.0,0.0,0.0,0.0,0.0,0.0,0.0,0.0,0.0,-1524.0,-7967170.0,0.0,0.0
045660,에이텍,코스닥,일반 목적용 기계 제조업,"PC,모니터",8420.0,16879.0,141162400.0,1.4500000476837158,16740.0,0.009999999776482582,-4373.0,-36647270.0,4489.0,37593190.0,2.0,16860.0,2.0,16860.0,0.0,0.0,0.0,0.0,0.0,0.0,0.0,0.0,0.0,0.0,-116.0,-946000.0,-2.0,-16780.0
224110,에이텍모빌리티,코스닥,통신 및 방송 장비 제조업,교통카드단말기,9030.0,21204.0,189336330.0,2.7300000190734863,241770.0,0.12999999523162842,-9636.0,-85901600.0,5047.0,44793160.0,4900.0,43888160.0,4900.0,43888160.0,0.0,0.0,0.0,0.0,0.0,0.0,0.0,0.0,0.0,0.0,-203.0,-1822960.0,-108.0,-956760.0
021080,에이티넘인베스트,코스닥,신탁업 및 집합투자업,벤처캐피탈,2340.0,395058.0,922056675.0,2.630000114440918,2817960.0,0.3100000023841858,3345.0,7089870.0,1312.0,3717715.0,1943.0,4455460.0,2272.0,5225300.0,0.0,0.0,0.0,0.0,0.0,0.0,0.0,0.0,-329.0,-769840.0,-6600.0,-15263045.0,0.0,0.0
200470,에이팩트,코스닥,반도체 제조업,메모리 반도체 테스트,5500.0,794081.0,4313098145.0,7.0,74154320.0,1.7200000286102295,-2733.0,-13520240.0,2699.0,13202210.0,-19.0,-104940.0,0.0,0.0,0.0,0.0,-19.0,-104940.0,0.0,0.0,0.0,0.0,0.0,0.0,1661.0,9094400.0,-1608.0,-8671430.0
262260,에이프로,코스닥,기타 전기장비 제조업,"2차전지 장비 등(일반충방전기, 고온가압 충방전기 등)",2850.0,146946.0,406971992.0,7.139999866485596,122080.0,0.029999999329447746,14640.0,40427762.0,37413.0,100627563.0,129.0,363540.0,129.0,363540.0,0.0,0.0,0.0,0.0,0.0,0.0,0.0,0.0,0.0,0.0,-52251.0,-141614265.0,69.0,195400.0
397030,에이프릴바이오,코스닥,자연과학 및 공학 연구개발업,항체의약품 및 재조합 단백질 의약품,26550.0,202477.0,5289531750.0,4.53000020980835,346712750.0,3.700000047683716,-15871.0,-412910725.0,16601.0,431157275.0,-940.0,-23811800.0,1099.0,28646200.0,-1367.0,-35893550.0,-1278.0,-32928700.0,0.0,0.0,-3.0,-79250.0,609.0,16443500.0,62.0,1621800.0,148.0,3943450.0
0009K0,에임드바이오,코스닥,자연과학 및 공학 연구개발업,ADC 기반 항암제,24300.0,186010.0,4487596550.0,0.4099999964237213,979348700.0,15.470000267028809,66098.0,1591345625.0,-32033.0,-773007200.0,-35741.0,-858917775.0,-35721.0,-857891550.0,-35.0,-842900.0,-2534.0,-60531850.0,0.0,0.0,6480.0,156669750.0,-3931.0,-96321225.0,1862.0,44923800.0,-186.0,-4344450.0
230240,에치에프알,코스닥,통신 및 방송 장비 제조업,유선 및 무선통신장비 제조 및 제조서비스,16100.0,191178.0,3110920445.0,5.019999980926514,68978560.0,2.2200000286102295,53882.0,875444940.0,-46405.0,-752710145.0,-7458.0,-121866655.0,-7815.0,-127689895.0,0.0,0.0,0.0,0.0,0.0,0.0,0.0,0.0,358.0,5839510.0,-1160.0,-19047190.0,1141.0,18179050.0
159910,에코글로우,코스닥,기타 화학제품 제조업,"화장품제조,마스크",3165.0,4187.0,13213976.0,0.0,194790.0,1.4700000286102295,-92.0,-273335.0,92.0,273335.0,0.0,0.0,0.0,0.0,0.0,0.0,0.0,0.0,0.0,0.0,0.0,0.0,0.0,0.0,0.0,0.0,0.0,0.0
097780,에코볼트,코스닥,자동차 신품 부품 제조업,자동차 신품 부품,1188.0,25308.0,30410896.0,-0.8299999833106995,0.0,0.0,-145.0,-192272.0,-2865.0,-3427776.0,0.0,0.0,0.0,0.0,0.0,0.0,0.0,0.0,0.0,0.0,0.0,0.0,0.0,0.0,3010.0,3620048.0,0.0,0.0
038870,에코심플렉스,코스닥,사업시설 유지·관리 서비스업,"판매시점정보시스템(POS), 금전등록기",1742.0,13520.0,23362390.0,2.049999952316284,2675703.0,11.449999809265137,4348.0,7552087.0,-4369.0,-7587805.0,21.0,35718.0,21.0,35718.0,0.0,0.0,0.0,0.0,0.0,0.0,0.0,0.0,0.0,0.0,0.0,0.0,0.0,0.0
448280,에코아이,코스닥,기타 전문 서비스업,탄소배출권 및 탄소배출권 관련 컨설팅,7000.0,3481.0,24370835.0,1.7400000095367432,1276920.0,1.7400000095367432,-305.0,-2129585.0,251.0,1739605.0,-6.0,-42020.0,0.0,0.0,0.0,0.0,0.0,0.0,0.0,0.0,-6.0,-42020.0,0.0,0.0,60.0,432000.0,0.0,0.0
101360,에코앤드림,코스닥,일차전지 및 이차전지 제조업,배출가스 저감용 촉매 및 이차전지 양극활물질 전구체,6980.0,36851.0,257608030.0,3.0999999046325684,2288780.0,0.5699999928474426,9382.0,65800940.0,-9298.0,-65216810.0,-78.0,-542250.0,-78.0,-542250.0,0.0,0.0,0.0,0.0,0.0,0.0,0.0,0.0,0.0,0.0,-6.0,-41880.0,0.0,0.0
128540,에코캡,코스닥,자동차 신품 부품 제조업,"자동차 부품(전선, 케이블, 벌브소켓, LED 등)",1196.0,31292.0,37189749.0,1.8700000047683716,0.0,0.0,-4287.0,-5100128.0,4287.0,5100128.0,0.0,0.0,0.0,0.0,0.0,0.0,0.0,0.0,0.0,0.0,0.0,0.0,0.0,0.0,0.0,0.0,0.0,0.0
086520,에코프로,코스닥,기타 금융업,"환경소재,화학필터,이차전지소재등",82300.0,776125.0,64200932500.0,0.3700000047683716,8494128050.0,8.329999923706055,74070.0,6098069250.0,14598.0,1164083950.0,-88761.0,-7269390050.0,-66630.0,-5451145750.0,32.0,2593950.0,-2004.0,-164007250.0,0.0,0.0,-21713.0,-1784538000.0,1553.0,127623100.0,124.0,10454500.0,-31.0,-3217650.0
247540,에코프로비엠,코스닥,일차전지 및 이차전지 제조업,양극활물질,101700.0,454007.0,46431281650.0,-0.7799999713897705,14764569050.0,23.459999084472656,146524.0,14954463000.0,-102149.0,-10438552800.0,-46536.0,-4735018250.0,-37024.0,-3758666700.0,0.0,-50550.0,-511.0,-52229100.0,0.0,0.0,-10209.0,-1047699350.0,1209.0,123729650.0,2056.0,208318700.0,105.0,10789350.0
383310,에코프로에이치엔,코스닥,기타 화학제품 제조업,환경오염 방지 관련 소재 및 설비,23750.0,167612.0,4031045175.0,-0.6299999952316284,228769500.0,5.679999828338623,38864.0,931244875.0,-37921.0,-907937900.0,-188.0,-4739925.0,-1825.0,-43870900.0,0.0,0.0,1637.0,39130975.0,0.0,0.0,0.0,0.0,0.0,0.0,-1000.0,-24400000.0,245.0,5832950.0
038110,에코플라스틱,코스닥,자동차 신품 부품 제조업,BUMPER 및 자동차TRIM류,1950.0,168431.0,327505505.0,2.25,3393425.0,1.0399999618530273,-18278.0,-35461233.0,19034.0,36923461.0,0.0,0.0,0.0,0.0,0.0,0.0,0.0,0.0,0.0,0.0,0.0,0.0,0.0,0.0,0.0,0.0,-756.0,-1462228.0
073540,에프알텍,코스닥,통신 및 방송 장비 제조업,이동통신용중계기,2400.0,86534.0,207026775.0,5.03000020980835,0.0,0.0,-8051.0,-18906970.0,7851.0,18445305.0,-800.0,-1920635.0,-800.0,-1920635.0,0.0,0.0,0.0,0.0,0.0,0.0,0.0,0.0,0.0,0.0,1000.0,2382200.0,0.0,100.0
064850,에프앤가이드,코스닥,기타 정보 서비스업,"금융정보서비스, INDEX, 펀드평가 등",17570.0,21685.0,381877250.0,-0.7300000190734863,790650.0,0.20999999344348907,5643.0,99050910.0,-7762.0,-136375810.0,2119.0,37324900.0,330.0,5818820.0,0.0,0.0,1789.0,31506080.0,0.0,0.0,0.0,0.0,0.0,0.0,0.0,0.0,0.0,0.0
036810,에프에스티,코스닥,전자부품 제조업,"펠리클(반도체부품), 칠러장비, 반도체유통",21100.0,130892.0,2743117975.0,6.03000020980835,160910200.0,4.789999961853027,28295.0,589914875.0,34703.0,724965600.0,-63110.0,-1317241275.0,-20587.0,-429010400.0,-31.0,-649600.0,12.0,251350.0,0.0,0.0,0.0,0.0,-42504.0,-887832625.0,100.0,2105000.0,12.0,255800.0
173940,에프엔씨엔터,코스닥,창작 및 예술관련 서비스업,"콘서트, 음반/음원",2360.0,14515.0,33894199.0,-1.2599999904632568,11775.0,0.029999999329447746,5516.0,12835873.0,-926.0,-2166028.0,-4590.0,-10669845.0,0.0,0.0,0.0,0.0,-461.0,-1074280.0,0.0,0.0,0.0,0.0,-4129.0,-9595565.0,0.0,0.0,0.0,0.0
083500,에프엔에스테크,코스닥,특수 목적용 기계 제조업,"OLED, LCD 제조 공정 장비",13000.0,39550.0,512623940.0,4.5,37556850.0,7.329999923706055,-475.0,-6686840.0,511.0,7179320.0,114.0,1437420.0,114.0,1437420.0,0.0,0.0,0.0,0.0,0.0,0.0,0.0,0.0,0.0,0.0,-150.0,-1929900.0,0.0,0.0
317530,에피소드컴퍼니,코스닥,"영화, 비디오물, 방송프로그램 제작 및 배급업","영상 콘텐츠(30.05%), 공연(29.76%), 키즈카페(17.38%), 커머스(12.77%), 라이선스 및 기타(10.04%)",2915.0,39791.0,115173295.0,0.5199999809265137,310665.0,0.27000001072883606,11897.0,34816995.0,-10398.0,-30559835.0,-1499.0,-4257160.0,-1499.0,-4257160.0,0.0,0.0,0.0,0.0,0.0,0.0,0.0,0.0,0.0,0.0,0.0,0.0,0.0,0.0
054940,엑사이엔씨,코스닥,실내건축 및 건축마무리 공사업,실내건축 공사업,760.0,0.0,0.0,0.0,0.0,0.0,0.0,0.0,0.0,0.0,0.0,0.0,0.0,0.0,0.0,0.0,0.0,0.0,0.0,0.0,0.0,0.0,0.0,0.0,0.0,0.0,0.0,0.0
950130,엑세스바이오,코스닥,의료용품 및 기타 의약 관련제품 제조업,"말라리아 진단키트(RDT), HIV 진단키트(RDT)",2315.0,28701.0,67492150.0,-0.4300000071525574,145375.0,0.2199999988079071,1029.0,2549170.0,-1020.0,-2527795.0,0.0,0.0,0.0,0.0,0.0,0.0,0.0,0.0,0.0,0.0,0.0,0.0,0.0,0.0,0.0,0.0,-9.0,-21375.0
373110,엑셀세라퓨틱스,코스닥,기초 의약물질 제조업,CellCor SFD/CD(세포배양배지),1184.0,25651.0,30351871.0,0.8500000238418579,143103.0,0.4699999988079071,-2368.0,-2790857.0,2368.0,2790857.0,0.0,0.0,0.0,0.0,0.0,0.0,0.0,0.0,0.0,0.0,0.0,0.0,0.0,0.0,0.0,0.0,0.0,0.0
205100,엑셈,코스닥,소프트웨어 개발 및 공급업,IT 시스템 성능관리 및 AI데이터 저장관리,1400.0,308144.0,429946730.0,0.7900000214576721,39302726.0,9.140000343322754,23631.0,32895182.0,7478.0,10462576.0,-31096.0,-43339611.0,17.0,23800.0,0.0,0.0,0.0,0.0,0.0,0.0,0.0,0.0,-31113.0,-43363411.0,-13.0,-18147.0,0.0,0.0
356680,엑스게이트,코스닥,소프트웨어 개발 및 공급업,통합 네트워크 보안 솔루션,11370.0,2486857.0,28955650995.0,7.869999885559082,156693460.0,0.5400000214576721,-29146.0,-218740390.0,29841.0,226143880.0,-301.0,-3362820.0,-301.0,-3362820.0,0.0,0.0,0.0,0.0,0.0,0.0,0.0,0.0,0.0,0.0,-262.0,-2877440.0,-132.0,-1163230.0
070300,엑스큐어,코스닥,소프트웨어 개발 및 공급업,"USIM카드, 금융카드",1556.0,166934.0,249330176.0,8.130000114440918,5141557.0,2.059999942779541,2114.0,2604023.0,17961.0,27025152.0,0.0,0.0,0.0,0.0,0.0,0.0,0.0,0.0,0.0,0.0,0.0,0.0,0.0,0.0,-20075.0,-29629175.0,0.0,0.0
317770,엑스페릭스,코스닥,전자부품 제조업,"지문인식 등록, 인증 기기 및 솔루션",2885.0,565985.0,1566951053.0,3.9600000381469727,4446800.0,0.2800000011920929,-64416.0,-173958689.0,65147.0,176033529.0,0.0,13810.0,0.0,13810.0,0.0,0.0,0.0,0.0,0.0,0.0,0.0,0.0,0.0,0.0,249.0,660250.0,-980.0,-2748900.0
373200,엑스플러스,코스닥,그외 기타 제품 제조업,모바일 IT응용제품 외,1724.0,23264.0,39878791.0,-0.6299999952316284,1993113.0,5.0,11196.0,19228944.0,-10226.0,-17576834.0,0.0,0.0,0.0,0.0,0.0,0.0,0.0,0.0,0.0,0.0,0.0,0.0,0.0,0.0,0.0,0.0,-970.0,-1652110.0
069920,엑시온그룹,코스닥,무점포 소매업,"해외, 국내상품 소싱 및 판매대행 서비스",1066.0,246053.0,261895083.0,-2.9100000858306885,0.0,0.0,-990.0,-1067226.0,-2447.0,-2503719.0,0.0,0.0,0.0,0.0,0.0,0.0,0.0,0.0,0.0,0.0,0.0,0.0,0.0,0.0,0.0,0.0,3437.0,3570945.0
092870,엑시콘,코스닥,특수 목적용 기계 제조업,반도체 검사장비,16100.0,230724.0,3646949185.0,11.420000076293945,133327080.0,3.6600000858306885,16216.0,253670375.0,-18342.0,-286340255.0,-10.0,-161130.0,0.0,0.0,-2.0,-32290.0,-3.0,-48330.0,0.0,0.0,-5.0,-80510.0,0.0,0.0,2324.0,35781500.0,-188.0,-2950490.0
317870,엔바이오니아,코스닥,그외 기타 제품 제조업,양전하필터(정수기),4395.0,6421.0,28142905.0,-0.10999999940395355,126665.0,0.44999998807907104,2159.0,9421350.0,-2204.0,-9613400.0,0.0,0.0,0.0,0.0,0.0,0.0,0.0,0.0,0.0,0.0,0.0,0.0,0.0,0.0,0.0,0.0,45.0,192050.0
067570,엔브이에이치코리아,코스닥,자동차 신품 부품 제조업,"헤드라이너, NVH부품",1734.0,76252.0,133005588.0,0.28999999165534973,19735736.0,14.84000015258789,12839.0,22291180.0,-14493.0,-25418379.0,1654.0,3127199.0,1654.0,3127199.0,0.0,0.0,0.0,0.0,0.0,0.0,0.0,0.0,0.0,0.0,0.0,0.0,0.0,0.0
0004V0,엔비알모션,코스닥,기타 금속 가공제품 제조업,강구 및 테이퍼롤러,5920.0,258069.0,1550306995.0,-1.3300000429153442,50156260.0,3.240000009536743,58308.0,349883075.0,30025.0,181391610.0,-88224.0,-530599325.0,0.0,0.0,0.0,0.0,-14024.0,-82538245.0,0.0,0.0,0.0,0.0,-14641.0,-86306395.0,-269.0,-1621260.0,160.0,945900.0
236810,엔비티,코스닥,광고업,모바일 포인트 광고 플랫폼,1443.0,82633.0,114775492.0,1.690000057220459,511663.0,0.44999998807907104,5309.0,7542668.0,-5314.0,-7549543.0,0.0,0.0,0.0,0.0,0.0,0.0,0.0,0.0,0.0,0.0,0.0,0.0,0.0,0.0,0.0,0.0,5.0,6875.0
333620,엔시스,코스닥,기타 전기장비 제조업,2차전지 머신비전 검사장비,5450.0,16198.0,87557040.0,3.0199999809265137,4489250.0,5.130000114440918,-165.0,-863310.0,165.0,863300.0,0.0,10.0,0.0,10.0,0.0,0.0,0.0,0.0,0.0,0.0,0.0,0.0,0.0,0.0,0.0,0.0,0.0,0.0
101400,엔시트론,코스닥,반도체 제조업,디지털오디오앰프칩,1823.0,328132.0,583225113.0,4.110000133514404,10584.0,0.0,2220.0,3978201.0,24280.0,41723040.0,-4541.0,-6232386.0,-4541.0,-6232386.0,0.0,0.0,0.0,0.0,0.0,0.0,0.0,0.0,0.0,0.0,-21959.0,-39468855.0,0.0,0.0
475230,엔알비,코스닥,기타 금속 가공제품 제조업,이동형 모듈러 임대 및 판매,7560.0,30774.0,231406160.0,0.27000001072883606,365310.0,0.1599999964237213,12286.0,92207680.0,-9666.0,-72697990.0,-1293.0,-9698830.0,0.0,0.0,0.0,0.0,-1293.0,-9698830.0,0.0,0.0,0.0,0.0,0.0,0.0,-1327.0,-9810860.0,0.0,0.0
481890,엔에이치스팩31호,코스닥,금융 지원 서비스업,금융지원서비스업,2075.0,14033.0,28910450.0,0.0,0.0,0.0,14003.0,28848320.0,-1.0,-2075.0,-14002.0,-28846245.0,0.0,0.0,0.0,0.0,-11000.0,-22659575.0,0.0,0.0,0.0,0.0,-3002.0,-6186670.0,0.0,0.0,0.0,0.0
0054V0,엔에이치스팩32호,코스닥,금융 지원 서비스업,합병,2005.0,4541.0,9103705.0,0.0,0.0,0.0,2260.0,4531300.0,50.0,100250.0,-2310.0,-4631550.0,0.0,0.0,0.0,0.0,0.0,0.0,0.0,0.0,0.0,0.0,-2310.0,-4631550.0,0.0,0.0,0.0,0.0
0130H0,엔에이치스팩33호,코스닥,금융 지원 서비스업,기업인수,1991.0,1192.0,2372343.0,0.20000000298023224,0.0,0.0,-775.0,-1543069.0,-42.0,-83578.0,817.0,1626647.0,817.0,1626647.0,0.0,0.0,0.0,0.0,0.0,0.0,0.0,0.0,0.0,0.0,0.0,0.0,0.0,0.0
265740,엔에프씨,코스닥,기타 화학제품 제조업,화장품 원료 제조 및 판매,6020.0,74985.0,452047560.0,0.6700000166893005,135930.0,0.029999999329447746,3103.0,18998740.0,-764.0,-5110480.0,-1929.0,-11471680.0,-1929.0,-11471680.0,0.0,0.0,0.0,0.0,0.0,0.0,0.0,0.0,0.0,0.0,5090.0,30748420.0,-5500.0,-33165000.0
354200,엔젠바이오,코스닥,"그외 기타 전문, 과학 및 기술 서비스업","유전체 분야 진단시약 제조 및 유전체 분야 소프트웨어 연구,개발,판매",1738.0,48419.0,83834458.0,-0.5199999809265137,133074.0,0.1599999964237213,-15465.0,-26770031.0,8670.0,15037669.0,0.0,0.0,0.0,0.0,0.0,0.0,0.0,0.0,0.0,0.0,0.0,0.0,0.0,0.0,0.0,0.0,6795.0,11732362.0
455900,엔젤로보틱스,코스닥,특수 목적용 기계 제조업,"재활 전문 웨어러블 로봇, 근력 보조 무동력 웨어러블 슈트, 일상생활 보조 웨어러블 로봇 등",23000.0,193899.0,4363730500.0,2.2200000286102295,61600250.0,0.7099999785423279,-45.0,2923875.0,-3857.0,-91888625.0,3852.0,87871150.0,3852.0,87871150.0,0.0,0.0,0.0,0.0,0.0,0.0,0.0,0.0,0.0,0.0,52.0,1178050.0,-2.0,-84450.0
419080,엔젯,코스닥,특수 목적용 기계 제조업,"EHD 잉크젯 프린터, EHD 코터",5030.0,34417.0,169458399.0,5.559999942779541,3296795.0,1.9500000476837158,-6527.0,-32212703.0,7248.0,35713378.0,-719.0,-3490615.0,-719.0,-3490615.0,0.0,0.0,0.0,0.0,0.0,0.0,0.0,0.0,0.0,0.0,0.0,0.0,-2.0,-10060.0
183490,엔지켐생명과학,코스닥,기초 의약물질 제조업,"EC-18(신약), 원료의약품",990.0,0.0,0.0,0.0,0.0,0.0,0.0,0.0,0.0,0.0,0.0,0.0,0.0,0.0,0.0,0.0,0.0,0.0,0.0,0.0,0.0,0.0,0.0,0.0,0.0,0.0,0.0,0.0
182400,엔케이젠바이오텍코리아,코스닥,기초 의약물질 제조업,"연구용 시약, NK Vue® KIT, SuperNK",3670.0,0.0,0.0,0.0,0.0,0.0,0.0,0.0,0.0,0.0,0.0,0.0,0.0,0.0,0.0,0.0,0.0,0.0,0.0,0.0,0.0,0.0,0.0,0.0,0.0,0.0,0.0,0.0
348370,엔켐,코스닥,기초 화학물질 제조업,2차전지 전해액,21150.0,320859.0,6805924100.0,2.9200000762939453,80048000.0,0.7400000095367432,29729.0,663727200.0,-13802.0,-323566450.0,-18190.0,-387832750.0,-23603.0,-502506550.0,974.0,20015700.0,5499.0,117102900.0,0.0,0.0,0.0,0.0,-1060.0,-22444800.0,714.0,14961100.0,1549.0,32710900.0
069410,엔텔스,코스닥,소프트웨어 개발 및 공급업,운용지원솔루션,2845.0,30775.0,86467665.0,4.599999904632568,0.0,0.0,-2036.0,-5704050.0,2524.0,7063130.0,-488.0,-1359080.0,-488.0,-1359080.0,0.0,0.0,0.0,0.0,0.0,0.0,0.0,0.0,0.0,0.0,0.0,0.0,0.0,0.0
227950,엔투텍,코스닥,특수 목적용 기계 제조업,반도체장비 부품 제조업,1262.0,56018.0,70267200.0,2.5999999046325684,0.0,0.0,-9533.0,-11700791.0,7167.0,8732840.0,1716.0,2155321.0,1716.0,2155321.0,0.0,0.0,0.0,0.0,0.0,0.0,0.0,0.0,0.0,0.0,650.0,812630.0,0.0,0.0
291230,엔피,코스닥,기타 사업지원 서비스업,"브랜드 익스피어리언스, XR 콘텐츠, 메타버스",588.0,0.0,0.0,0.0,0.0,0.0,0.0,0.0,0.0,0.0,0.0,0.0,0.0,0.0,0.0,0.0,0.0,0.0,0.0,0.0,0.0,0.0,0.0,0.0,0.0,0.0,0.0,0.0
048830,엔피케이,코스닥,합성고무 및 플라스틱 물질 제조업,합성고무 및 플라스틱물질 제조업,1029.0,27261.0,28262402.0,-0.9599999785423279,2058.0,0.009999999776482582,754.0,853207.0,-749.0,-848037.0,0.0,0.0,0.0,0.0,0.0,0.0,0.0,0.0,0.0,0.0,0.0,0.0,0.0,0.0,-7.0,-7260.0,2.0,2090.0
096870,엘디티,코스닥,반도체 제조업,"OLED구동IC,LED구동IC,LCD구동IC",2270.0,14017.0,31588665.0,0.8899999856948853,1610425.0,5.099999904632568,-1879.0,-4049150.0,1879.0,4049150.0,0.0,0.0,0.0,0.0,0.0,0.0,0.0,0.0,0.0,0.0,0.0,0.0,0.0,0.0,0.0,0.0,0.0,0.0
290650,엘앤씨바이오,코스닥,의약품 제조업,"인체조직(피부, 뼈, 연골)",57800.0,194832.0,11301847950.0,-1.5299999713897705,459054900.0,2.6700000762939453,16128.0,930825400.0,21199.0,1221723350.0,-22278.0,-1279695550.0,-24095.0,-1389702100.0,-19.0,-1105300.0,107.0,8068050.0,0.0,0.0,-9.0,-519600.0,1738.0,103563400.0,-15090.0,-875238200.0,41.0,2385000.0
156100,엘앤케이바이오,코스닥,의료용 기기 제조업,척추 임플란트,3515.0,163642.0,563331977.0,2.930000066757202,14094525.0,2.5,-27015.0,-93562878.0,24807.0,85452533.0,2208.0,8110345.0,2208.0,8110345.0,0.0,0.0,0.0,0.0,0.0,0.0,0.0,0.0,0.0,0.0,0.0,0.0,0.0,0.0
0041J0,엘에스스팩1호,코스닥,금융 지원 서비스업,기업인수합병,1994.0,4964.0,9868402.0,0.05000000074505806,0.0,0.0,1401.0,2794995.0,0.0,0.0,-1401.0,-2794995.0,0.0,0.0,0.0,0.0,0.0,0.0,0.0,0.0,0.0,0.0,-1401.0,-2794995.0,0.0,0.0,0.0,0.0
073110,엘엠에스,코스닥,전자부품 제조업,프리즘시트,4890.0,2157.0,10604280.0,-0.4099999964237213,490150.0,4.619999885559082,303.0,1487165.0,-307.0,-1507035.0,-8.0,-39130.0,0.0,0.0,0.0,0.0,0.0,0.0,0.0,0.0,-8.0,-39130.0,0.0,0.0,0.0,0.0,12.0,59000.0
083310,엘오티베큠,코스닥,특수 목적용 기계 제조업,반도체제조용진공펌프,8510.0,64736.0,550084880.0,3.6500000953674316,11866740.0,2.1600000858306885,-7466.0,-63804830.0,7351.0,62770860.0,-60.0,-508730.0,-60.0,-508730.0,0.0,0.0,0.0,0.0,0.0,0.0,0.0,0.0,0.0,0.0,-125.0,-1060750.0,300.0,2603450.0
037950,엘컴텍,코스닥,전자부품 제조업,"BLU(Back Light Unit), CCM(Compact Camera Module), Display용 EL",2790.0,9263.0,25640395.0,0.7200000286102295,237900.0,0.9300000071525574,2516.0,6983245.0,-2523.0,-7002530.0,0.0,0.0,0.0,0.0,0.0,0.0,0.0,0.0,0.0,0.0,0.0,0.0,0.0,0.0,0.0,0.0,7.0,19285.0
489500,엘케이켐,코스닥,기타 화학제품 제조업,"반도체 소재(CP, PCP, DIS) 등",19700.0,12502.0,245670760.0,2.2300000190734863,8454030.0,3.440000057220459,-60.0,-1274810.0,60.0,1275830.0,0.0,0.0,0.0,0.0,0.0,0.0,0.0,0.0,0.0,0.0,0.0,0.0,0.0,0.0,0.0,0.0,0.0,-1020.0
170920,엘티씨,코스닥,기초 화학물질 제조업,FPD(LCD/OLED) 및 반도체용 박리액,38550.0,353431.0,13636893250.0,6.489999771118164,798520450.0,5.860000133514404,96491.0,3743473575.0,-131141.0,-5085882450.0,27214.0,1050909725.0,3014.0,116013000.0,-2.0,-77500.0,12401.0,479792250.0,0.0,0.0,-5.0,-193850.0,11806.0,455375825.0,7107.0,278629000.0,329.0,12870150.0
058630,엠게임,코스닥,소프트웨어 개발 및 공급업,"온라인 게임 개발 및 퍼블리싱(열혈강호온라인,홀릭2,영웅)",4300.0,48800.0,209121956.0,-1.4900000095367432,6761860.0,3.2300000190734863,19358.0,82838496.0,-18278.0,-78261486.0,-6787.0,-29031475.0,21.0,90310.0,0.0,0.0,0.0,0.0,0.0,0.0,0.0,0.0,-6808.0,-29121785.0,5940.0,25441220.0,-233.0,-986755.0
226590,엠디바이스,코스닥,전자부품 제조업,반도체기억장치,11810.0,24644.0,287002270.0,5.070000171661377,1699230.0,0.5899999737739563,-5944.0,-68845640.0,5807.0,67229180.0,-70.0,-819850.0,-70.0,-819850.0,0.0,0.0,0.0,0.0,0.0,0.0,0.0,0.0,0.0,0.0,207.0,2436310.0,0.0,0.0
058970,엠로,코스닥,소프트웨어 개발 및 공급업,"기업용 공급망관리 소프트웨어, AI 디지털혁신 소프트웨어, 공급망관리 클라우드 서비스",15800.0,20811.0,332550435.0,-1.25,20199540.0,3.490000009536743,5176.0,82732890.0,-4348.0,-69637205.0,-829.0,-13111635.0,75.0,1196660.0,0.0,0.0,-904.0,-14308295.0,0.0,0.0,0.0,0.0,0.0,0.0,1.0,15950.0,0.0,0.0
169330,엠브레인,코스닥,시장조사 및 여론조사업,온라인 및 오프라인 리서치,1290.0,10246.0,12865555.0,0.1599999964237213,2573.0,0.019999999552965164,1034.0,1341658.0,-961.0,-1250627.0,-73.0,-91031.0,-73.0,-91031.0,0.0,0.0,0.0,0.0,0.0,0.0,0.0,0.0,0.0,0.0,0.0,0.0,0.0,0.0
373170,엠아이큐브솔루션,코스닥,소프트웨어 개발 및 공급업,"스마트팩토리 솔루션, 제조지능화 솔루션",1588.0,13162.0,21506855.0,-2.2799999713897705,3288.0,0.019999999552965164,-2956.0,-4856562.0,2426.0,3962828.0,0.0,0.0,0.0,0.0,0.0,0.0,0.0,0.0,0.0,0.0,0.0,0.0,0.0,0.0,500.0,843454.0,30.0,50280.0
179290,엠아이텍,코스닥,의료용 기기 제조업,비혈관 스텐트 및 체외충격파 쇄석기,4995.0,39520.0,196127975.0,0.10000000149011612,14362790.0,7.320000171661377,12758.0,63332458.0,-12759.0,-63337393.0,1.0,4935.0,1.0,4935.0,0.0,0.0,0.0,0.0,0.0,0.0,0.0,0.0,0.0,0.0,0.0,0.0,0.0,0.0
009780,엠에스씨,코스닥,기타 식품 제조업,식품첨가물,6220.0,15537.0,97161870.0,-0.9599999785423279,2437670.0,2.509999990463257,-4182.0,-26113080.0,3378.0,21094580.0,804.0,5025000.0,804.0,5025000.0,0.0,0.0,0.0,0.0,0.0,0.0,0.0,0.0,0.0,0.0,0.0,-6500.0,0.0,0.0
123040,엠에스오토텍,코스닥,자동차 신품 부품 제조업,자동차 차체 부품,1621.0,163823.0,267378274.0,1.9500000476837158,9243537.0,3.4600000381469727,9203.0,14989893.0,-11357.0,-18723942.0,2154.0,3734049.0,2154.0,3734049.0,0.0,0.0,0.0,0.0,0.0,0.0,0.0,0.0,0.0,0.0,0.0,0.0,0.0,0.0
432980,엠에프씨,코스닥,기초 의약물질 제조업,원료의약품(API) 및 핵심소재,2620.0,1247.0,3221370.0,0.7699999809265137,465720.0,14.460000038146973,185.0,477620.0,-228.0,-589885.0,0.0,0.0,0.0,0.0,0.0,0.0,0.0,0.0,0.0,0.0,0.0,0.0,0.0,0.0,0.0,0.0,43.0,112265.0
007820,엠엑스로보틱스,코스닥,일반 목적용 기계 제조업,"자동화물류서비스, 자동화공정설비",3250.0,64809.0,208661554.0,4.840000152587891,2433760.0,1.1699999570846558,-10646.0,-34053016.0,10722.0,34296216.0,0.0,0.0,0.0,0.0,0.0,0.0,0.0,0.0,0.0,0.0,0.0,0.0,0.0,0.0,0.0,0.0,-76.0,-243200.0
347890,엠엑스온,코스닥,"측정, 시험, 항해, 제어 및 기타 정밀기기 제조업; 광학기기 제외","스마트HMI, 스마트SCADA, 스마트팩토리솔루션",4380.0,27648.0,119966531.0,2.819999933242798,13129.0,0.009999999776482582,-10133.0,-43925042.0,10137.0,43943052.0,1.0,4365.0,1.0,4365.0,0.0,0.0,0.0,0.0,0.0,0.0,0.0,0.0,0.0,0.0,-5.0,-22375.0,0.0,0.0
413390,엠오티,코스닥,특수 목적용 기계 제조업,이차전지 제조 자동화 설비,6770.0,18333.0,123528200.0,2.109999895095825,7160920.0,5.800000190734863,-6298.0,-42466485.0,-3702.0,-25009805.0,10000.0,67476290.0,10000.0,67476290.0,0.0,0.0,0.0,0.0,0.0,0.0,0.0,0.0,0.0,0.0,0.0,0.0,0.0,0.0
032790,엠젠솔루션,코스닥,기계장비 및 관련 물품 도매업,"프린터형상기, 광통신장비, Bio이종장기, AI솔루션",940.0,163673.0,150269229.0,2.2899999618530273,1247625.0,0.8299999833106995,-36068.0,-33669222.0,38512.0,35895781.0,0.0,0.0,0.0,0.0,0.0,0.0,0.0,0.0,0.0,0.0,0.0,0.0,0.0,0.0,0.0,0.0,-2444.0,-2226559.0
033160,엠케이전자,코스닥,전자부품 제조업,반도체용세금선,17040.0,2175656.0,38191234385.0,11.010000228881836,1140612840.0,2.990000009536743,-69380.0,-1156160480.0,-88432.0,-1632379110.0,35012.0,630880250.0,8033.0,141251615.0,0.0,0.0,-13176.0,-233544820.0,0.0,0.0,-3789.0,-68025860.0,43944.0,791199315.0,117921.0,2069486500.0,4879.0,88172840.0
033310,엠투엔,코스닥,전자부품 제조업,산업용자동제어반기기,1323.0,48390.0,64542685.0,-0.6800000071525574,1671410.0,2.5899999141693115,-3762.0,-5038686.0,-3968.0,-5246042.0,7730.0,10284728.0,0.0,0.0,0.0,0.0,0.0,0.0,0.0,0.0,0.0,0.0,0.0,0.0,0.0,0.0,0.0,0.0
259630,엠플러스,코스닥,특수 목적용 기계 제조업,이차전지 자동화 조립설비,9400.0,47412.0,447964940.0,2.7300000190734863,5220610.0,1.1699999570846558,-2022.0,-18763190.0,2674.0,24906690.0,-62.0,-584110.0,-62.0,-584110.0,0.0,0.0,0.0,0.0,0.0,0.0,0.0,0.0,0.0,0.0,-590.0,-5559400.0,0.0,10.0
105550,엣지파운드리,코스닥,전자부품 제조업,"자동차용 센서(APS, TPS, IAPS, SLS)",397.0,0.0,0.0,0.0,0.0,0.0,0.0,0.0,0.0,0.0,0.0,0.0,0.0,0.0,0.0,0.0,0.0,0.0,0.0,0.0,0.0,0.0,0.0,0.0,0.0,0.0,0.0,0.0
060850,영림원소프트랩,코스닥,소프트웨어 개발 및 공급업,"ERP Package, 유지 관리 등",5190.0,6367.0,32457670.0,1.3700000047683716,0.0,0.0,-475.0,-2411790.0,462.0,2357270.0,0.0,0.0,0.0,0.0,0.0,0.0,0.0,0.0,0.0,0.0,0.0,0.0,0.0,0.0,13.0,54520.0,0.0,0.0
143540,영우디에스피,코스닥,특수 목적용 기계 제조업,OLED/LCD 디스플레이 검사장비,1048.0,83217.0,88146740.0,0.1899999976158142,97796.0,0.10999999940395355,4484.0,4657633.0,2911.0,3166509.0,0.0,0.0,0.0,0.0,0.0,0.0,0.0,0.0,0.0,0.0,0.0,0.0,0.0,0.0,-7394.0,-7823093.0,-1.0,-1049.0
265560,영화테크,코스닥,자동차 신품 부품 제조업,자동차 정션박스 등,7200.0,14431.0,103327160.0,1.2699999809265137,338630.0,0.33000001311302185,1077.0,7811890.0,-1090.0,-7871420.0,0.0,-34200.0,0.0,-34200.0,0.0,0.0,0.0,0.0,0.0,0.0,0.0,0.0,0.0,0.0,13.0,93730.0,0.0,0.0
036000,예림당,코스닥,"서적, 잡지 및 기타 인쇄물 출판업",무선가입자망 단말기 및 차량용핸즈프리,2870.0,26403.0,75352345.0,0.0,1188560.0,1.5800000429153442,-7280.0,-20737090.0,7468.0,21279080.0,0.0,0.0,0.0,0.0,0.0,0.0,0.0,0.0,0.0,0.0,0.0,0.0,0.0,0.0,0.0,0.0,-188.0,-541990.0
250930,예선테크,코스닥,플라스틱제품 제조업,기업인수합병,1655.0,13208.0,21293940.0,0.36000001430511475,19255.0,0.09000000357627869,-1073.0,-1561796.0,1073.0,1568664.0,0.0,-6868.0,0.0,-6868.0,0.0,0.0,0.0,0.0,0.0,0.0,0.0,0.0,0.0,0.0,0.0,0.0,0.0,0.0
053280,예스24,코스닥,무점포 소매업,"도서,음반/DVD,화장품",3210.0,15057.0,48283935.0,0.6299999952316284,48000.0,0.10000000149011612,1558.0,5020615.0,-1558.0,-5020615.0,0.0,0.0,0.0,0.0,0.0,0.0,0.0,0.0,0.0,0.0,0.0,0.0,0.0,0.0,0.0,0.0,0.0,0.0
122640,예스티,코스닥,특수 목적용 기계 제조업,반도체 및 디스플레이 제조 장비,22450.0,410227.0,9242420225.0,5.900000095367432,1090994300.0,11.800000190734863,-6906.0,-166466600.0,-9722.0,-209575775.0,16622.0,375911325.0,-999.0,-22625300.0,11819.0,267537175.0,2379.0,53875800.0,0.0,0.0,0.0,0.0,3423.0,77123650.0,-384.0,-8658000.0,390.0,8789050.0
476040,오가노이드사이언스,코스닥,자연과학 및 공학 연구개발업,"오가노이드 기반 재생치료제, 오가노이드 기반 신소재평가 솔루션",8420.0,24765.0,208628335.0,-0.9399999976158142,2613330.0,1.25,8940.0,75281975.0,-8413.0,-70845535.0,-527.0,-4436440.0,0.0,0.0,0.0,0.0,-346.0,-2912320.0,0.0,0.0,0.0,0.0,-181.0,-1524120.0,0.0,0.0,0.0,0.0
900300,오가닉티코스메틱,코스닥,기타 금융업,"유아용 화장품(클렌징, 여름용, 피부케어, 기능성 화장품)",1897.0,98326.0,184597740.0,3.8299999237060547,0.0,0.0,-24678.0,-46260703.0,24349.0,45617269.0,-14.0,-25886.0,-14.0,-25886.0,0.0,0.0,0.0,0.0,0.0,0.0,0.0,0.0,0.0,0.0,0.0,-8000.0,343.0,677320.0
045060,오공,코스닥,기타 화학제품 제조업,"접착제,씰란트,광택제,연마제",2125.0,15941.0,33838179.0,1.190000057220459,19120.0,0.05999999865889549,-7317.0,-15427139.0,1748.0,3693884.0,-1428.0,-3060375.0,-1428.0,-3060375.0,0.0,0.0,0.0,0.0,0.0,0.0,0.0,0.0,0.0,0.0,6997.0,14793630.0,0.0,0.0
192410,오늘이엔엠,코스닥,통신 및 방송 장비 제조업,"지능형서비스로봇, 기지국안테나, 여행",4120.0,131278.0,551984205.0,-1.6699999570846558,62445.0,0.009999999776482582,4395.0,16592275.0,2831.0,13716755.0,76.0,308680.0,76.0,308680.0,0.0,0.0,0.0,0.0,0.0,0.0,0.0,0.0,0.0,0.0,-7352.0,-30828460.0,50.0,210750.0
080520,오디텍,코스닥,반도체 제조업,"광반도체, 소자 및 모듈",3055.0,12009.0,36430310.0,0.1599999964237213,18645.0,0.05000000074505806,-1632.0,-4981775.0,1632.0,4981775.0,0.0,0.0,0.0,0.0,0.0,0.0,0.0,0.0,0.0,0.0,0.0,0.0,0.0,0.0,0.0,0.0,0.0,0.0
039830,오로라,코스닥,전문디자인업,"캐릭터디자인,캐릭터완구 등",23650.0,145917.0,3485911400.0,3.2799999713897705,99789325.0,2.859999895095825,-17855.0,-438219975.0,46688.0,1116859825.0,-26727.0,-628215200.0,-29.0,-695400.0,0.0,0.0,-1218.0,-28558800.0,0.0,0.0,0.0,0.0,-25480.0,-598961000.0,-2002.0,-47932500.0,-104.0,-2492150.0
322310,오로스테크놀로지,코스닥,특수 목적용 기계 제조업,반도체 Overlay 계측 장비,14750.0,71686.0,1068188710.0,3.2200000286102295,61737890.0,5.78000020980835,1127.0,16420305.0,-589.0,-8559650.0,-541.0,-7905375.0,-541.0,-7905375.0,0.0,0.0,0.0,0.0,0.0,0.0,0.0,0.0,0.0,0.0,0.0,0.0,3.0,44720.0
046120,오르비텍,코스닥,기타 과학기술 서비스업,"방사선안전관리, 항공기 정밀부품 제조 등",4775.0,424916.0,2037333647.0,-0.41999998688697815,33029615.0,1.6200000047683716,72176.0,345326142.0,3413.0,16202888.0,-59837.0,-286188815.0,-16422.0,-79835510.0,0.0,0.0,0.0,0.0,0.0,0.0,0.0,0.0,-43415.0,-206353305.0,-15899.0,-76054750.0,147.0,714535.0
475830,오름테라퓨틱,코스닥,기초 의약물질 제조업,항체약물접합체(ADC) 단백질 분해제(TPD) 연구 개발,59000.0,159215.0,9350537600.0,1.899999976158142,1135709900.0,9.520000457763672,18805.0,1093519050.0,-41503.0,-2455264550.0,22738.0,1363987100.0,-20407.0,-1195192600.0,-891.0,-52893400.0,14651.0,870180500.0,0.0,0.0,10067.0,595868100.0,19318.0,1146024500.0,-39.0,-2182600.0,-1.0,-59000.0
014940,오리엔탈정공,코스닥,일반 목적용 기계 제조업,선박용 기계제품(크레인 등),4850.0,317889.0,1526070920.0,6.829999923706055,20784540.0,1.3600000143051147,-72046.0,-346213147.0,75081.0,360801712.0,-35.0,-172610.0,-35.0,-172610.0,0.0,0.0,0.0,0.0,0.0,0.0,0.0,0.0,0.0,0.0,-3000.0,-14415010.0,0.0,-945.0
065500,오리엔트정공,코스닥,자동차 신품 부품 제조업,"하우징, 리테이너베어링",1225.0,520438.0,645098771.0,2.5999999046325684,3714052.0,0.5799999833106995,41695.0,52547129.0,-46720.0,-58751131.0,0.0,-77248.0,0.0,-77248.0,0.0,0.0,0.0,0.0,0.0,0.0,0.0,0.0,0.0,0.0,0.0,0.0,5025.0,6281250.0
010470,오리콤,코스닥,광고업,광고대행,4750.0,3732.0,17810935.0,0.5299999713897705,166810.0,0.9399999976158142,1606.0,7680575.0,-579.0,-2733030.0,-1027.0,-4947545.0,-1027.0,-4947545.0,0.0,0.0,0.0,0.0,0.0,0.0,0.0,0.0,0.0,0.0,0.0,0.0,0.0,0.0
417860,오브젠,코스닥,소프트웨어 개발 및 공급업,CRM 소프트웨어,8140.0,85463.0,710262790.0,-1.090000033378601,22521375.0,3.1700000762939453,1549.0,12476860.0,-1602.0,-12933310.0,71.0,607110.0,71.0,607110.0,0.0,0.0,0.0,0.0,0.0,0.0,0.0,0.0,0.0,0.0,0.0,0.0,-18.0,-150660.0
352910,오비고,코스닥,"컴퓨터 프로그래밍, 시스템 통합 및 관리업",스마트카 소프트웨어 플랫폼,3380.0,5791.0,19594855.0,0.6000000238418579,357005.0,1.8200000524520874,-1323.0,-4487810.0,1466.0,4970110.0,-137.0,-462080.0,-137.0,-462080.0,0.0,0.0,0.0,0.0,0.0,0.0,0.0,0.0,0.0,0.0,-6.0,-20220.0,0.0,0.0
053980,오상자이엘,코스닥,소프트웨어 개발 및 공급업,CATIA Solution,2505.0,34681.0,86342000.0,0.4000000059604645,3481610.0,4.03000020980835,520.0,1332520.0,-340.0,-872620.0,0.0,0.0,0.0,0.0,0.0,0.0,0.0,0.0,0.0,0.0,0.0,0.0,0.0,0.0,-180.0,-459900.0,0.0,0.0
036220,오상헬스케어,코스닥,의료용 기기 제조업,"생화학 측정기 및 센서, 면역진단기기 및 마커, 분자진단기기 및 시약 등",6810.0,26597.0,179425575.0,3.809999942779541,66980.0,0.03999999910593033,3202.0,22061045.0,-3196.0,-22021205.0,0.0,0.0,0.0,0.0,0.0,0.0,0.0,0.0,0.0,0.0,0.0,0.0,0.0,0.0,-6.0,-39840.0,0.0,0.0
052420,오성첨단소재,코스닥,플라스틱제품 제조업,"보호, 기능성 필름",9270.0,32416.0,301469195.0,0.7599999904632568,12858600.0,4.269999980926514,-9294.0,-86219120.0,-773.0,-7350310.0,10270.0,95465390.0,10270.0,95465390.0,0.0,0.0,0.0,0.0,0.0,0.0,0.0,0.0,0.0,0.0,-203.0,-1895960.0,0.0,0.0
052300,오션인더블유,코스닥,상품 종합 도매업,운송,1475.0,95288.0,138675643.0,2.930000066757202,9322598.0,6.71999979019165,-2254.0,-3336586.0,2696.0,3596051.0,-442.0,-259465.0,-442.0,-259465.0,0.0,0.0,0.0,0.0,0.0,0.0,0.0,0.0,0.0,0.0,0.0,0.0,0.0,0.0
039200,오스코텍,코스닥,의약품 제조업,신약연구개발,33600.0,143128.0,4888275500.0,-2.890000104904175,537235450.0,8.510000228881836,31302.0,1064660550.0,9540.0,319557900.0,-43137.0,-1461988100.0,-40302.0,-1365539150.0,-1474.0,-50229125.0,-1074.0,-36383425.0,0.0,0.0,-6.0,-201950.0,-281.0,-9634450.0,2293.0,77701900.0,2.0,67750.0
226400,오스테오닉,코스닥,의료용 기기 제조업,골접합 및 재건용 금속소재 및 생체복합재료 기반 임플란트,5000.0,123957.0,629926540.0,-0.9900000095367432,6653720.0,1.059999942779541,9364.0,45979645.0,-4022.0,-19032305.0,-5471.0,-27571540.0,0.0,-116760.0,0.0,0.0,0.0,0.0,0.0,0.0,0.0,0.0,-5471.0,-27454780.0,427.0,2140060.0,-298.0,-1515860.0
031510,오스템,코스닥,자동차 신품 부품 제조업,휠,1181.0,109657.0,128544561.0,1.9900000095367432,106281.0,0.07999999821186066,-30775.0,-36143451.0,9259.0,10803165.0,30000.0,35284758.0,30000.0,35284758.0,0.0,0.0,0.0,0.0,0.0,0.0,0.0,0.0,0.0,0.0,-4139.0,-4835920.0,-4345.0,-5108552.0
342870,오아,코스닥,가전제품 및 정보통신장비 소매업,계절/생활/주방/건강가전 및 헬스/건강식품,3965.0,2550.0,10206145.0,2.990000009536743,0.0,0.0,-684.0,-2728185.0,684.0,2728185.0,0.0,0.0,0.0,0.0,0.0,0.0,0.0,0.0,0.0,0.0,0.0,0.0,0.0,0.0,0.0,0.0,0.0,0.0
368970,오에스피,코스닥,동물용 사료 및 조제식품 제조업,프리미엄 반려동물 사료,2315.0,14889.0,34465460.0,-0.4300000071525574,2911680.0,8.449999809265137,942.0,2215410.0,-916.0,-2154225.0,0.0,0.0,0.0,0.0,0.0,0.0,0.0,0.0,0.0,0.0,0.0,0.0,0.0,0.0,-26.0,-61185.0,0.0,0.0
138080,오이솔루션,코스닥,통신 및 방송 장비 제조업,광트랜시버,25150.0,153694.0,3863418400.0,29.84000015258789,23577500.0,0.6100000143051147,20074.0,504619250.0,-17102.0,-429977850.0,-2128.0,-53423300.0,484.0,12145500.0,670.0,16817000.0,809.0,20298300.0,0.0,0.0,0.0,0.0,-4091.0,-102684100.0,-204.0,-5122100.0,-640.0,-16096000.0
138080,오이솔루션,코스닥,통신 및 방송 장비 제조업,광트랜시버,25150.0,153694.0,3863418400.0,29.84000015258789,23577500.0,0.6100000143051147,20074.0,504619250.0,-17102.0,-429977850.0,-2128.0,-53423300.0,484.0,12145500.0,670.0,16817000.0,809.0,20298300.0,0.0,0.0,0.0,0.0,-4091.0,-102684100.0,-204.0,-5122100.0,-640.0,-16096000.0
080580,오킨스전자,코스닥,전자부품 제조업,반도체 검사용 소켓,13300.0,303316.0,3994361645.0,12.8100004196167,154550370.0,3.869999885559082,53774.0,711407980.0,-49186.0,-651361930.0,3182.0,42870450.0,4545.0,60746770.0,0.0,0.0,-349.0,-4432220.0,0.0,0.0,0.0,0.0,-1014.0,-13444100.0,-7818.0,-103547240.0,48.0,630740.0
067170,오텍,코스닥,자동차 재제조 부품 제조업,"냉동 및 내장탑차, 앰블란스",2055.0,214478.0,439788599.0,1.7300000190734863,3476680.0,0.7900000214576721,10477.0,21271320.0,-8696.0,-17623985.0,0.0,0.0,0.0,0.0,0.0,0.0,0.0,0.0,0.0,0.0,0.0,0.0,0.0,0.0,-1900.0,-3890000.0,119.0,242665.0
353590,오토앤,코스닥,자동차 부품 및 내장품 판매업,자동차 지급품 및 애프터마켓 제품,1654.0,10726.0,17718765.0,2.4100000858306885,0.0,0.0,105.0,165152.0,-105.0,-165152.0,0.0,0.0,0.0,0.0,0.0,0.0,0.0,0.0,0.0,0.0,0.0,0.0,0.0,0.0,0.0,0.0,0.0,0.0
173130,오파스넷,코스닥,"컴퓨터 프로그래밍, 시스템 통합 및 관리업",네트워크 구축 및 유지보수,6030.0,33509.0,201051510.0,1.8600000143051147,0.0,0.0,3300.0,19614720.0,-3220.0,-19135120.0,0.0,0.0,0.0,0.0,0.0,0.0,0.0,0.0,0.0,0.0,0.0,0.0,0.0,0.0,-80.0,-479600.0,0.0,0.0
440320,오픈놀,코스닥,소프트웨어 개발 및 공급업,미니인턴플랫폼(커리어 및 채용 플랫폼),2250.0,32324.0,71014567.0,8.960000038146973,6555.0,0.009999999776482582,776.0,1628962.0,-776.0,-1628962.0,0.0,0.0,0.0,0.0,0.0,0.0,0.0,0.0,0.0,0.0,0.0,0.0,0.0,0.0,0.0,0.0,0.0,0.0
049480,오픈베이스,코스닥,"컴퓨터 프로그래밍, 시스템 통합 및 관리업","트래픽솔루션(웹스위치,트래픽서버)",1901.0,171169.0,326382522.0,1.3899999856948853,6952828.0,2.130000114440918,-48245.0,-92053829.0,47984.0,91574317.0,0.0,-18863.0,0.0,-18863.0,0.0,0.0,0.0,0.0,0.0,0.0,0.0,0.0,0.0,0.0,261.0,498375.0,0.0,0.0
394280,오픈엣지테크놀로지,코스닥,소프트웨어 개발 및 공급업,시스템 반도체 IP,10200.0,72656.0,738236380.0,4.619999885559082,23650050.0,2.25,-1727.0,-17729575.0,12676.0,128554600.0,-11523.0,-116747565.0,-7.0,-9500.0,-12516.0,-126903465.0,0.0,0.0,0.0,0.0,0.0,0.0,1000.0,10165400.0,1000.0,10250000.0,-426.0,-4327460.0
476060,온코닉테라퓨틱스,코스닥,자연과학 및 공학 연구개발업,"자큐보정(Zastaprazan, 소화기질환 신약), Nesuparib(표적항암제 신약)",13030.0,350568.0,4529823955.0,3.0,180401515.0,2.009999990463257,-57700.0,-744132095.0,55314.0,713113435.0,-275.0,-3642020.0,-267.0,-3538140.0,-8.0,-103880.0,0.0,0.0,0.0,0.0,0.0,0.0,0.0,0.0,2262.0,29446820.0,399.0,5213860.0
382150,온코크로스,코스닥,자연과학 및 공학 연구개발업,AI플랫폼 기반 신약개발 용역서비스,3440.0,59624.0,204823185.0,3.930000066757202,2130880.0,1.0399999618530273,14751.0,51619305.0,-18223.0,-63498640.0,-18.0,-60750.0,-18.0,-60750.0,0.0,0.0,0.0,0.0,0.0,0.0,0.0,0.0,0.0,0.0,3500.0,11973515.0,-10.0,-33430.0
244460,올리패스,코스닥,기초 의약물질 제조업,인공유전자 플랫폼(OliPass PNA) 기술을 활용한 RNA치료제 신약개발,1651.0,0.0,0.0,0.0,0.0,0.0,0.0,0.0,0.0,0.0,0.0,0.0,0.0,0.0,0.0,0.0,0.0,0.0,0.0,0.0,0.0,0.0,0.0,0.0,0.0,0.0,0.0,0.0
226950,올릭스,코스닥,자연과학 및 공학 연구개발업,siRNA 신약 개발,121500.0,227478.0,27829965600.0,1.4199999570846558,4768872050.0,11.800000190734863,-19695.0,-2354159400.0,2874.0,243414550.0,15834.0,1988974050.0,-31159.0,-3767058850.0,1861.0,227086550.0,39685.0,4875615600.0,0.0,0.0,0.0,400.0,5447.0,653330350.0,967.0,119177700.0,20.0,2593100.0
057540,옴니시스템,코스닥,"측정, 시험, 항해, 제어 및 기타 정밀기기 제조업; 광학기기 제외","전자식전력량계,설비미터,원격검침시스템",773.0,231980.0,179989994.0,0.0,14758920.0,8.199999809265137,5733.0,4276412.0,-12760.0,-9730326.0,0.0,0.0,0.0,0.0,0.0,0.0,0.0,0.0,0.0,0.0,0.0,0.0,0.0,0.0,7027.0,5453914.0,0.0,0.0
131030,옵투스제약,코스닥,의약품 제조업,티어린프리점안액,5840.0,33740.0,198403610.0,0.8600000143051147,1404080.0,0.7099999785423279,-4434.0,-26479890.0,4433.0,26474040.0,0.0,0.0,0.0,0.0,0.0,0.0,0.0,0.0,0.0,0.0,0.0,0.0,0.0,0.0,1.0,5850.0,0.0,0.0
082210,옵트론텍,코스닥,사진장비 및 광학기기 제조업,"IRFilter,Grating",2070.0,111099.0,230038421.0,1.9700000286102295,16229143.0,7.050000190734863,14103.0,30874517.0,5733.0,10183747.0,0.0,-9485.0,0.0,-9485.0,0.0,0.0,0.0,0.0,0.0,0.0,0.0,0.0,0.0,0.0,-19836.0,-41048779.0,0.0,0.0
109080,옵티시스,코스닥,통신 및 방송 장비 제조업,광링크 모듈 등,9070.0,41473.0,373287755.0,8.880000114440918,1202100.0,0.3199999928474426,-5161.0,-45762865.0,5458.0,48392295.0,0.0,0.0,0.0,0.0,0.0,0.0,0.0,0.0,0.0,0.0,0.0,0.0,0.0,0.0,-288.0,-2547330.0,-9.0,-82100.0
380540,옵티코어,코스닥,마그네틱 및 광학 매체 제조업,"광트랜시버, 광다중화장치 등",8450.0,0.0,0.0,0.0,0.0,0.0,0.0,0.0,0.0,0.0,0.0,0.0,0.0,0.0,0.0,0.0,0.0,0.0,0.0,0.0,0.0,0.0,0.0,0.0,0.0,0.0,0.0,0.0
153710,옵티팜,코스닥,의료용품 및 기타 의약 관련제품 제조업,"옵티케어,메디피그 등",4740.0,5324.0,24968225.0,0.6399999856948853,160500.0,0.6399999856948853,27.0,129895.0,-27.0,-129895.0,0.0,0.0,0.0,0.0,0.0,0.0,0.0,0.0,0.0,0.0,0.0,0.0,0.0,0.0,0.0,0.0,0.0,0.0
432430,와이랩,코스닥,"영화, 비디오물, 방송프로그램 제작 및 배급업",만화출판물의 제작 및 영상물 제작,2030.0,10149.0,20418721.0,1.5,0.0,0.0,-297.0,-583930.0,297.0,583930.0,0.0,0.0,0.0,0.0,0.0,0.0,0.0,0.0,0.0,0.0,0.0,0.0,0.0,0.0,0.0,0.0,0.0,0.0
338840,와이바이오로직스,코스닥,자연과학 및 공학 연구개발업,항체의약품 및 항체후보물질 연구개발,10060.0,64106.0,647703460.0,-1.0800000429153442,8311080.0,0.8999999761581421,15270.0,155096130.0,-15212.0,-154500210.0,132.0,1350460.0,132.0,1350460.0,0.0,0.0,0.0,0.0,0.0,0.0,0.0,0.0,0.0,0.0,0.0,0.0,-190.0,-1946380.0
122990,와이솔,코스닥,전자부품 제조업,"SAW Filter, Wafer Chip, Duplexer",5790.0,63925.0,368858890.0,2.6600000858306885,1607690.0,0.4399999976158142,-3211.0,-18570105.0,3997.0,23099665.0,-708.0,-4078260.0,6.0,32130.0,-496.0,-2854840.0,-218.0,-1255550.0,0.0,0.0,0.0,0.0,0.0,0.0,-78.0,-451300.0,0.0,0.0
232140,와이씨,코스닥,특수 목적용 기계 제조업,메모리 웨이퍼 테스터,9590.0,578610.0,5496498975.0,4.809999942779541,720943380.0,13.119999885559082,85435.0,804977550.0,-27422.0,-255628650.0,-61100.0,-578488520.0,-58353.0,-554423310.0,-2.0,-19110.0,23993.0,230882900.0,0.0,0.0,-26092.0,-248883160.0,-646.0,-6045840.0,3423.0,32339520.0,-336.0,-3199900.0
112290,와이씨켐,코스닥,기타 화학제품 제조업,반도체 및 디스플레이용 화학소재,10470.0,140385.0,1407354390.0,9.75,28779700.0,2.0399999618530273,-4335.0,-42484285.0,6350.0,62588825.0,28.0,293930.0,28.0,293930.0,0.0,0.0,0.0,0.0,0.0,0.0,0.0,0.0,0.0,0.0,-492.0,-5062020.0,-1551.0,-15336450.0
065530,와이어블,코스닥,전기 통신업,공용기지국건설/관리,1292.0,350408.0,459680693.0,1.649999976158142,0.0,0.0,20669.0,26680039.0,50988.0,67250496.0,-67914.0,-89007001.0,-50696.0,-66453517.0,0.0,0.0,0.0,0.0,0.0,0.0,0.0,0.0,-17218.0,-22553484.0,-3743.0,-4923534.0,0.0,0.0
067900,와이엔텍,코스닥,폐기물 처리업,"사업장폐기물중간및최종처리,전문건설,골재제조",5930.0,32595.0,192775520.0,0.5099999904632568,11373560.0,5.900000095367432,10122.0,59639090.0,-10600.0,-62403480.0,-23.0,-128430.0,-23.0,-128430.0,0.0,0.0,0.0,0.0,0.0,0.0,0.0,0.0,0.0,0.0,501.0,2892820.0,0.0,0.0
067900,와이엔텍,코스닥,폐기물 처리업,"사업장폐기물중간및최종처리,전문건설,골재제조",5930.0,32595.0,192775520.0,0.5099999904632568,11373560.0,5.900000095367432,10122.0,59639090.0,-10600.0,-62403480.0,-23.0,-128430.0,-23.0,-128430.0,0.0,0.0,0.0,0.0,0.0,0.0,0.0,0.0,0.0,0.0,501.0,2892820.0,0.0,0.0
007530,와이엠,코스닥,기타 금속 가공제품 제조업,"볼트, 나사",1567.0,8798.0,13618556.0,3.299999952316284,60021.0,0.4399999976158142,-1101.0,-1711658.0,1101.0,1711658.0,0.0,0.0,0.0,0.0,0.0,0.0,0.0,0.0,0.0,0.0,0.0,0.0,0.0,0.0,0.0,0.0,0.0,0.0
155650,와이엠씨,코스닥,전자부품 제조업,"FPD 패널용 Target, Backing Plate 등",3165.0,129919.0,406142979.0,6.929999828338623,2364175.0,0.5799999833106995,-26895.0,-83990358.0,27155.0,84788908.0,0.0,0.0,0.0,0.0,0.0,0.0,0.0,0.0,0.0,0.0,0.0,0.0,0.0,0.0,-260.0,-798550.0,0.0,0.0
273640,와이엠텍,코스닥,"전동기, 발전기 및 전기 변환 · 공급 · 제어 장치 제조업",계전기(EV Relay),4985.0,8678.0,43245527.0,3.0999999046325684,691570.0,1.600000023841858,1096.0,5490052.0,-1106.0,-5540037.0,0.0,-15.0,0.0,-15.0,0.0,0.0,0.0,0.0,0.0,0.0,0.0,0.0,0.0,0.0,0.0,0.0,10.0,50000.0
251370,와이엠티,코스닥,기초 화학물질 제조업,"PCB, 반도체 및 디스플레이 제조용 화학소재 등",8360.0,55782.0,465786750.0,3.5899999141693115,4704720.0,1.0099999904632568,2534.0,21034300.0,-2206.0,-18182680.0,0.0,-102980.0,0.0,-102980.0,0.0,0.0,0.0,0.0,0.0,0.0,0.0,0.0,0.0,0.0,-328.0,-2748640.0,0.0,0.0
209640,와이제이링크,코스닥,특수 목적용 기계 제조업,SMT(PCB 표면실장) 이송 및 추적장비 등 스마트 공정장비,3395.0,160390.0,543588785.0,4.460000038146973,0.0,0.0,-15407.0,-51851435.0,15135.0,50940485.0,0.0,-11790.0,0.0,-11790.0,0.0,0.0,0.0,0.0,0.0,0.0,0.0,0.0,0.0,0.0,0.0,0.0,272.0,922740.0
096250,와이즈넛,코스닥,소프트웨어 개발 및 공급업,"검색엔진, 챗봇, 클라우드서비스",6610.0,48419.0,313470650.0,5.590000152587891,454600.0,0.15000000596046448,-10226.0,-65422160.0,10227.0,65428870.0,0.0,0.0,0.0,0.0,0.0,0.0,0.0,0.0,0.0,0.0,0.0,0.0,0.0,0.0,0.0,0.0,-1.0,-6710.0
273060,와이즈버즈,코스닥,광고업,광고대행,908.0,80760.0,71516108.0,4.730000019073486,0.0,0.0,7967.0,6948770.0,-7969.0,-6950570.0,0.0,0.0,0.0,0.0,0.0,0.0,0.0,0.0,0.0,0.0,0.0,0.0,0.0,0.0,0.0,0.0,2.0,1800.0
019210,와이지-원,코스닥,기타 금속 가공제품 제조업,"엔드밀, 탭, 드릴",18890.0,681613.0,12944528415.0,5.590000152587891,671101555.0,5.179999828338623,31524.0,568289885.0,-53916.0,-1004145725.0,24098.0,468202110.0,2444.0,46460350.0,-17571.0,-335041855.0,22342.0,432221215.0,0.0,0.0,37.0,707070.0,16846.0,323855330.0,-1804.0,-34270480.0,98.0,1924210.0
122870,와이지엔터테인먼트,코스닥,오디오물 출판 및 원판 녹음업,"음악 및 기타 오디오물 출판, 신인 아티스트 육성 및 매니지먼트",40100.0,86796.0,3508333825.0,-1.600000023841858,236525150.0,5.369999885559082,27614.0,1114268700.0,-9678.0,-392362950.0,-17970.0,-723272150.0,-12886.0,-517411525.0,586.0,23556750.0,-3.0,-115750.0,0.0,0.0,-5668.0,-229342825.0,0.0,0.0,32.0,1285850.0,2.0,80550.0
079000,와토스코리아,코스닥,플라스틱제품 제조업,위생도기용부속(양변기용),4290.0,19048.0,81198835.0,2.140000104904175,325640.0,0.4000000059604645,-5728.0,-24393605.0,6094.0,25952375.0,-366.0,-1558770.0,-366.0,-1558770.0,0.0,0.0,0.0,0.0,0.0,0.0,0.0,0.0,0.0,0.0,0.0,0.0,0.0,0.0
079000,와토스코리아,코스닥,플라스틱제품 제조업,위생도기용부속(양변기용),4290.0,19048.0,81198835.0,2.140000104904175,325640.0,0.4000000059604645,-5728.0,-24393605.0,6094.0,25952375.0,-366.0,-1558770.0,-366.0,-1558770.0,0.0,0.0,0.0,0.0,0.0,0.0,0.0,0.0,0.0,0.0,0.0,0.0,0.0,0.0
403490,우듬지팜,코스닥,"과실, 채소 가공 및 저장 처리업","스테비아 토마토, 대추방울 토마토, 완숙 토마토 등",505.0,144861.0,73143773.0,0.800000011920929,35387.0,0.05000000074505806,625.0,342839.0,-945.0,-501909.0,0.0,0.0,0.0,0.0,0.0,0.0,0.0,0.0,0.0,0.0,0.0,0.0,0.0,0.0,150.0,73650.0,170.0,85420.0
032820,우리기술,코스닥,"전동기, 발전기 및 전기 변환 · 공급 · 제어 장치 제조업","시스템사업, 정보통신사업",11730.0,4709694.0,54665775010.0,8.210000038146973,4853498940.0,8.880000114440918,152460.0,1687286850.0,151742.0,1854169355.0,-299977.0,-3492615510.0,-184188.0,-2136479045.0,-32.0,-375090.0,4018.0,44567325.0,0.0,0.0,0.0,0.0,-119775.0,-1400328700.0,6230.0,73385450.0,-10455.0,-122226145.0
041190,우리기술투자,코스닥,기타 금융업,창업자에 대한 투자 및 융자,4635.0,403607.0,1863503338.0,2.0899999141693115,56410330.0,3.0299999713897705,-4299.0,-21122233.0,71334.0,329433903.0,-67473.0,-310350337.0,-67513.0,-310535397.0,0.0,0.0,40.0,185060.0,0.0,0.0,0.0,0.0,0.0,0.0,-70.0,-324350.0,508.0,2363017.0
115440,우리넷,코스닥,통신 및 방송 장비 제조업,"광전송장비(MSPP), 교환장비(AGW)",7660.0,311330.0,2363477460.0,7.429999828338623,24278880.0,1.0299999713897705,-21365.0,-160985335.0,21347.0,160544225.0,80.0,617900.0,80.0,617900.0,0.0,0.0,0.0,0.0,0.0,0.0,0.0,0.0,0.0,0.0,131.0,1323760.0,-193.0,-1500550.0
046970,우리로,코스닥,기타 전문 도매업,"광분배기(웨이퍼, 칩, 모듈), 광다이오드",4795.0,3744302.0,18539778904.0,8.239999771118164,228078120.0,1.2300000190734863,668934.0,3331616963.0,-615518.0,-3058366878.0,-54624.0,-279150855.0,-51016.0,-261293580.0,0.0,0.0,0.0,0.0,0.0,0.0,0.0,0.0,-3608.0,-17857275.0,-1289.0,-6657190.0,2497.0,12557960.0
046970,우리로,코스닥,기타 전문 도매업,"광분배기(웨이퍼, 칩, 모듈), 광다이오드",4795.0,3744302.0,18539778904.0,8.239999771118164,228078120.0,1.2300000190734863,668934.0,3331616963.0,-615518.0,-3058366878.0,-54624.0,-279150855.0,-51016.0,-261293580.0,0.0,0.0,0.0,0.0,0.0,0.0,0.0,0.0,-3608.0,-17857275.0,-1289.0,-6657190.0,2497.0,12557960.0
082850,우리바이오,코스닥,기타 식품 제조업,건강기능식품 개발 제조 및 스마트팜 연구개발,953.0,101455.0,97893496.0,-0.7300000190734863,3848.0,0.0,28200.0,27070405.0,-28200.0,-27070405.0,0.0,0.0,0.0,0.0,0.0,0.0,0.0,0.0,0.0,0.0,0.0,0.0,0.0,0.0,0.0,0.0,0.0,0.0
215360,우리산업,코스닥,자동차 신품 부품 제조업,ACTUATOR 등,6480.0,13302.0,85534460.0,3.180000066757202,4535390.0,5.300000190734863,-4202.0,-27069610.0,3797.0,24461410.0,0.0,0.0,0.0,0.0,0.0,0.0,0.0,0.0,0.0,0.0,0.0,0.0,0.0,0.0,405.0,2608200.0,0.0,0.0
072470,우리산업홀딩스,코스닥,자동차 신품 부품 제조업,HVAC ACTUATOR (자동차 공조장치 부품 등),2505.0,25674.0,63701675.0,3.509999990463257,1686055.0,2.6500000953674316,7402.0,18326680.0,-7402.0,-18326680.0,0.0,0.0,0.0,0.0,0.0,0.0,0.0,0.0,0.0,0.0,0.0,0.0,0.0,0.0,0.0,0.0,0.0,0.0
073560,우리손에프앤지,코스닥,"도축, 육류 가공 및 저장 처리업","양돈업, 도축업",1486.0,135249.0,200749579.0,-0.27000001072883606,253758.0,0.12999999523162842,19243.0,28475692.0,-19243.0,-28475692.0,0.0,0.0,0.0,0.0,0.0,0.0,0.0,0.0,0.0,0.0,0.0,0.0,0.0,0.0,0.0,0.0,0.0,0.0
073560,우리손에프앤지,코스닥,"도축, 육류 가공 및 저장 처리업","양돈업, 도축업",1486.0,135249.0,200749579.0,-0.27000001072883606,253758.0,0.12999999523162842,19243.0,28475692.0,-19243.0,-28475692.0,0.0,0.0,0.0,0.0,0.0,0.0,0.0,0.0,0.0,0.0,0.0,0.0,0.0,0.0,0.0,0.0,0.0,0.0
037400,우리엔터프라이즈,코스닥,상품 종합 도매업,"변환장치 제조업 백열전구, 형광등",724.0,39029.0,28165625.0,2.4000000953674316,2856.0,0.009999999776482582,1610.0,1213370.0,-126.0,-107983.0,-2179.0,-1605092.0,-2179.0,-1605092.0,0.0,0.0,0.0,0.0,0.0,0.0,0.0,0.0,0.0,0.0,0.0,0.0,695.0,499705.0
153490,우리이앤엘하루틴,코스닥,반도체 제조업,LED 패키지,405.0,0.0,0.0,0.0,0.0,0.0,0.0,0.0,0.0,0.0,0.0,0.0,0.0,0.0,0.0,0.0,0.0,0.0,0.0,0.0,0.0,0.0,0.0,0.0,0.0,0.0,0.0,0.0
101170,우림피티에스,코스닥,일반 목적용 기계 제조업,"트랜스미션,감속기,기어전동축 제조",8470.0,117273.0,986361965.0,5.21999979019165,484290.0,0.05000000074505806,-24798.0,-205661795.0,24793.0,205663735.0,0.0,-42780.0,0.0,-42780.0,0.0,0.0,0.0,0.0,0.0,0.0,0.0,0.0,0.0,0.0,0.0,0.0,5.0,40840.0
103840,우양,코스닥,"과실, 채소 가공 및 저장 처리업","HMR, 음료 베이스, 퓨레 등",1800.0,42050.0,75724726.0,-0.05999999865889549,28816.0,0.03999999910593033,5446.0,9842059.0,-6028.0,-10895551.0,982.0,1773492.0,982.0,1773492.0,0.0,0.0,0.0,0.0,0.0,0.0,0.0,0.0,0.0,0.0,-400.0,-720000.0,0.0,0.0
101970,우양에이치씨,코스닥,"구조용 금속제품, 탱크 및 증기발생기 제조업","화공 플랜트, 에너지 플랜트",9250.0,18470.0,171362315.0,-0.2199999988079071,30280640.0,17.670000076293945,3249.0,30408145.0,-876.0,-8474045.0,-2373.0,-21934100.0,-267.0,-2467750.0,0.0,0.0,0.0,0.0,0.0,0.0,0.0,0.0,-2106.0,-19466350.0,0.0,0.0,0.0,0.0
046940,우원개발,코스닥,기반조성 및 시설물 축조관련 전문공사업,토공사,2960.0,108355.0,320259975.0,1.5399999618530273,31365065.0,9.789999961853027,5702.0,16851305.0,-5878.0,-17369390.0,0.0,0.0,0.0,0.0,0.0,0.0,0.0,0.0,0.0,0.0,0.0,0.0,0.0,0.0,105.0,307925.0,71.0,210160.0
065680,우주일렉트로,코스닥,전자부품 제조업,정보통신용 초정밀커넥터,23500.0,18525.0,425195250.0,8.289999961853027,6672500.0,1.2599999904632568,2045.0,47222800.0,1985.0,40775400.0,0.0,-62500.0,0.0,-62500.0,0.0,0.0,0.0,0.0,0.0,0.0,0.0,0.0,0.0,0.0,-4029.0,-87911750.0,-1.0,-23950.0
018620,우진비앤지,코스닥,의약품 제조업,"슈퍼티아, 안티펜SM",2645.0,18746.0,49070315.0,1.7300000190734863,277500.0,0.5699999928474426,-371.0,-1007065.0,127.0,394405.0,-506.0,-1335840.0,-506.0,-1335840.0,0.0,0.0,0.0,0.0,0.0,0.0,0.0,0.0,0.0,0.0,750.0,1948500.0,0.0,0.0
457550,우진엔텍,코스닥,"그외 기타 전문, 과학 및 기술 서비스업",발전소 계측제어설비 정비 서비스,14880.0,79209.0,1169000725.0,3.619999885559082,5649360.0,0.47999998927116394,9354.0,135442180.0,-3779.0,-53761840.0,-4600.0,-67522680.0,400.0,5940260.0,0.0,0.0,-5000.0,-73462940.0,0.0,0.0,0.0,0.0,0.0,0.0,0.0,0.0,-975.0,-14157660.0
396470,워트,코스닥,특수 목적용 기계 제조업,초정밀 온습도 제어장비,5710.0,54434.0,309661020.0,4.199999809265137,1968220.0,0.6399999856948853,-12023.0,-68184680.0,12353.0,70074800.0,-300.0,-1718520.0,-300.0,-1718520.0,0.0,0.0,0.0,0.0,0.0,0.0,0.0,0.0,0.0,0.0,0.0,0.0,-30.0,-171600.0
307280,원바이오젠,코스닥,의료용품 및 기타 의약 관련제품 제조업,"창상피복제, 습윤드레싱제",5490.0,32639.0,178108140.0,0.9200000166893005,409550.0,0.23000000417232513,-5035.0,-27493760.0,4850.0,26495000.0,185.0,998760.0,185.0,998760.0,0.0,0.0,0.0,0.0,0.0,0.0,0.0,0.0,0.0,0.0,0.0,0.0,0.0,0.0
032940,원익,코스닥,기계장비 및 관련 물품 도매업,"Quartz, HIC, 의료기기",6020.0,151666.0,910263860.0,3.0799999237060547,19537860.0,2.1500000953674316,-58576.0,-351399370.0,59176.0,355021380.0,0.0,0.0,0.0,0.0,0.0,0.0,0.0,0.0,0.0,0.0,0.0,0.0,0.0,0.0,-400.0,-2408010.0,-200.0,-1214000.0
240810,원익IPS,코스닥,특수 목적용 기계 제조업,반도체 제조용 기계,97700.0,1281260.0,125538884800.0,1.2400000095367432,19592846550.0,15.609999656677246,209028.0,20507764250.0,-173814.0,-17063399400.0,-38534.0,-3767439100.0,-52474.0,-5133672750.0,-53.0,-5259700.0,14116.0,1383636550.0,0.0,0.0,580.0,55320450.0,-703.0,-67463650.0,2664.0,260515000.0,656.0,62559250.0
074600,원익QnC,코스닥,유리 및 유리제품 제조업,반도체용 석영유리,27900.0,180991.0,5075855700.0,4.489999771118164,253067800.0,3.7300000190734863,-2272.0,-68594150.0,8862.0,246554550.0,-6328.0,-170618300.0,-15126.0,-418900775.0,1313.0,36566200.0,-964.0,-25826525.0,11.0,306250.0,-7.0,-194450.0,8445.0,237431250.0,-241.0,-6741600.0,-21.0,-600500.0
104830,원익머트리얼즈,코스닥,기초 화학물질 제조업,"저메인가스,디실란,아산화질소,암모니아 등",32350.0,134212.0,4341724450.0,3.190000057220459,20457250.0,0.4099999964237213,25918.0,835416050.0,-9848.0,-317910450.0,-18815.0,-606209300.0,2794.0,90670550.0,-126.0,-4090700.0,-21565.0,-695452800.0,0.0,0.0,82.0,2663300.0,0.0,0.0,45.0,1418700.0,2700.0,87285000.0
014190,원익큐브,코스닥,기타 전문 도매업,"MMA,BAM,PC,PP,목재,실란트,디지털인쇄기",1213.0,61032.0,74961716.0,-0.25,0.0,0.0,6881.0,8546464.0,-6881.0,-8546464.0,0.0,0.0,0.0,0.0,0.0,0.0,0.0,0.0,0.0,0.0,0.0,0.0,0.0,0.0,0.0,0.0,0.0,0.0
217820,원익피앤이,코스닥,특수 목적용 기계 제조업,2차전지 자동화 설비,1981.0,298067.0,589434337.0,4.150000095367432,7970744.0,1.350000023841858,6512.0,12751406.0,-1428.0,-3934888.0,-380.0,450510.0,-380.0,450510.0,0.0,0.0,0.0,0.0,0.0,0.0,0.0,0.0,0.0,0.0,0.0,0.0,-4704.0,-9267028.0
030530,원익홀딩스,코스닥,기초 화학물질 제조업,가스캐비닛,20900.0,1819499.0,37091881940.0,2.450000047683716,1847390610.0,4.980000019073486,-107342.0,-2175439405.0,122659.0,2478397340.0,-19892.0,-399591405.0,-47554.0,-968054245.0,-8.0,-164400.0,11624.0,239230040.0,0.0,0.0,0.0,0.0,16046.0,329397200.0,4092.0,85457985.0,483.0,11175485.0
012620,원일특강,코스닥,1차 철강 제조업,특수강,6910.0,3626.0,25078990.0,0.4399999976158142,0.0,0.0,354.0,2437290.0,-345.0,-2379850.0,-9.0,-57440.0,-9.0,-57440.0,0.0,0.0,0.0,0.0,0.0,0.0,0.0,0.0,0.0,0.0,0.0,0.0,0.0,0.0
136150,원일티엔아이,코스닥,일반 목적용 기계 제조업,"수소저장합금, 고압연소식기화기",7160.0,7819.0,56175180.0,2.140000104904175,0.0,0.0,39.0,254870.0,-39.0,-254870.0,0.0,0.0,0.0,0.0,0.0,0.0,0.0,0.0,0.0,0.0,0.0,0.0,0.0,0.0,0.0,0.0,0.0,0.0
382840,원준,코스닥,특수 목적용 기계 제조업,2차전지용 열처리 장비,4695.0,41100.0,189640794.0,6.949999809265137,2898355.0,1.5299999713897705,-511.0,-2338151.0,-488.0,-2273294.0,2.0,9160.0,2.0,9160.0,0.0,0.0,0.0,0.0,0.0,0.0,0.0,0.0,0.0,0.0,-4.0,-18640.0,1001.0,4620925.0
336570,원텍,코스닥,의료용 기기 제조업,기업 인수 및 합병,5230.0,586650.0,3053115250.0,0.3799999952316284,189430450.0,6.199999809265137,127602.0,664788975.0,-119894.0,-624883515.0,-4065.0,-21171230.0,-3452.0,-17995360.0,-17.0,-88070.0,-596.0,-3087800.0,0.0,0.0,0.0,0.0,0.0,0.0,-5450.0,-28200210.0,1807.0,9465980.0
376980,원티드랩,코스닥,소프트웨어 개발 및 공급업,채용 플랫폼,3165.0,64004.0,200531809.0,4.980000019073486,22648055.0,11.289999961853027,-1711.0,-6279321.0,-10927.0,-34138221.0,16331.0,51973267.0,16331.0,51973267.0,0.0,0.0,0.0,0.0,0.0,0.0,0.0,0.0,0.0,0.0,-3526.0,-11041760.0,-167.0,-513965.0
008370,원풍,코스닥,플라스틱제품 제조업,플라스틱 필름,4815.0,4401.0,21018170.0,0.10000000149011612,9670.0,0.05000000074505806,-130.0,-619845.0,130.0,619845.0,0.0,0.0,0.0,0.0,0.0,0.0,0.0,0.0,0.0,0.0,0.0,0.0,0.0,0.0,0.0,0.0,0.0,0.0
008290,원풍물산,코스닥,봉제의복 제조업,남성용신사복,401.0,883197.0,360871879.0,-4.519999980926514,0.0,0.0,5972.0,2708169.0,-2713.0,-1283775.0,0.0,0.0,0.0,0.0,0.0,0.0,0.0,0.0,0.0,0.0,0.0,0.0,0.0,0.0,0.0,0.0,-3259.0,-1424394.0
101160,월덱스,코스닥,전자부품 제조업,반도체용링및전극,28950.0,86622.0,2539372975.0,0.17000000178813934,75619000.0,2.190000057220459,-12430.0,-365182225.0,-12256.0,-359935375.0,24585.0,722133500.0,20389.0,599594575.0,-200.0,-5883275.0,0.0,0.0,0.0,0.0,0.0,0.0,4404.0,128653800.0,1.0,29100.0,100.0,2955000.0
336060,웨이버스,코스닥,소프트웨어 개발 및 공급업,금융 지원 서비스,590.0,0.0,0.0,0.0,0.0,0.0,0.0,0.0,0.0,0.0,0.0,0.0,0.0,0.0,0.0,0.0,0.0,0.0,0.0,0.0,0.0,0.0,0.0,0.0,0.0,0.0,0.0,0.0
095270,웨이브일렉트로,코스닥,"측정, 시험, 항해, 제어 및 기타 정밀기기 제조업; 광학기기 제외",이동통신중계기용전력증폭기,4385.0,88124.0,385595706.0,3.4200000762939453,0.0,0.0,-22175.0,-96794935.0,22952.0,100187655.0,707.0,3122280.0,707.0,3122280.0,0.0,0.0,0.0,0.0,0.0,0.0,0.0,0.0,0.0,0.0,-1514.0,-6646800.0,30.0,131800.0
289930,웨이비스,코스닥,반도체 제조업,"GaN RF 칩, 패키지 트랜지스터, 모듈 등",7340.0,87913.0,641960210.0,4.559999942779541,4438610.0,0.6899999976158142,5655.0,41555320.0,-6444.0,-48586960.0,595.0,4462330.0,-100.0,-734000.0,0.0,0.0,0.0,0.0,0.0,0.0,0.0,0.0,0.0,0.0,-5806.0,-41581270.0,6000.0,44150580.0
065950,웰크론,코스닥,직물직조 및 직물제품 제조업,"기능성 침구용품, 크리너, 필터, 방탄·방검복",989.0,69784.0,67595018.0,2.380000114440918,79958.0,0.11999999731779099,-11397.0,-10890474.0,11797.0,11277674.0,0.0,0.0,0.0,0.0,0.0,0.0,0.0,0.0,0.0,0.0,0.0,0.0,0.0,0.0,0.0,0.0,-400.0,-387200.0
076080,웰크론한텍,코스닥,건물 건설업,"에너지절감설비,자동화배합설비,환경설비",930.0,307771.0,274820825.0,-1.059999942779541,0.0,0.0,-17210.0,-15728803.0,22649.0,20515123.0,0.0,0.0,0.0,0.0,0.0,0.0,0.0,0.0,0.0,0.0,0.0,0.0,0.0,0.0,0.0,0.0,-5439.0,-4786320.0
043590,웰킵스하이텍,코스닥,반도체 제조업,"DRIVER-IC,DDI Package,트랜스포머,코일",1148.0,44383.0,50964632.0,3.140000104904175,4580.0,0.009999999776482582,26951.0,31330258.0,-26951.0,-31330258.0,0.0,0.0,0.0,0.0,0.0,0.0,0.0,0.0,0.0,0.0,0.0,0.0,0.0,0.0,0.0,0.0,0.0,0.0
196700,웹스,코스닥,합성고무 및 플라스틱 물질 제조업,"기능성 컴파운드, 건축외장자재",1384.0,120618.0,162734686.0,8.720000267028809,8499834.0,5.21999979019165,-1564.0,-1671939.0,3467.0,4216097.0,0.0,-1230.0,0.0,-1230.0,0.0,0.0,0.0,0.0,0.0,0.0,0.0,0.0,0.0,0.0,-2280.0,-3041322.0,377.0,498394.0
069080,웹젠,코스닥,소프트웨어 개발 및 공급업,3D 온라인게임 '뮤(MU)',11830.0,75859.0,905234090.0,-3.190000057220459,120226120.0,11.789999961853027,35112.0,417954900.0,-14953.0,-178885970.0,-20246.0,-240091280.0,-20266.0,-240330130.0,4.0,47520.0,16.0,191330.0,0.0,0.0,0.0,0.0,0.0,0.0,87.0,1022350.0,0.0,0.0
053580,웹케시,코스닥,소프트웨어 개발 및 공급업,"에스이알피, 브랜치, 인하우스",6790.0,31235.0,213540020.0,0.8899999856948853,81490.0,0.03999999910593033,-7353.0,-50241820.0,-12568.0,-86065490.0,19999.0,136838730.0,19999.0,136838730.0,0.0,0.0,0.0,0.0,0.0,0.0,0.0,0.0,0.0,0.0,-78.0,-531420.0,0.0,0.0
479960,위너스일렉,코스닥,기타 전기장비 제조업,"배선기구(스위치, 콘센트, 멀티탭), 전기차 충전기(급속, 완속)",5700.0,4543.0,25583900.0,2.3299999237060547,0.0,0.0,-533.0,-3008320.0,613.0,3460320.0,0.0,0.0,0.0,0.0,0.0,0.0,0.0,0.0,0.0,0.0,0.0,0.0,0.0,0.0,-80.0,-452000.0,0.0,0.0
044340,위닉스,코스닥,가정용 기기 제조업,일반목적용 기계제조업,5800.0,2074220.0,11921983685.0,-0.6800000071525574,3046330.0,0.029999999329447746,-41896.0,-231184165.0,59220.0,329980615.0,0.0,-56250.0,0.0,-56250.0,0.0,0.0,0.0,0.0,0.0,0.0,0.0,0.0,0.0,0.0,20.0,74840.0,-17344.0,-98815040.0
330350,위더스제약,코스닥,의약품 제조업,의약품 제조 및 도소매(순환기용제 등),7000.0,81192.0,567324805.0,2.490000009536743,11146380.0,1.9600000381469727,-6712.0,-46284310.0,5786.0,39883340.0,0.0,-36080.0,0.0,-36080.0,0.0,0.0,0.0,0.0,0.0,0.0,0.0,0.0,0.0,0.0,0.0,0.0,926.0,6437050.0
348350,위드텍,코스닥,"측정, 시험, 항해, 제어 및 기타 정밀기기 제조업; 광학기기 제외","AMCs 모니터링 시스템, 공정 프로세스 모니터링 시스템, TMS",8950.0,32728.0,291336880.0,3.109999895095825,758180.0,0.25999999046325684,-13146.0,-117032640.0,-1469.0,-14057250.0,-200.0,-1768300.0,-200.0,-1768300.0,0.0,0.0,0.0,0.0,0.0,0.0,0.0,0.0,0.0,0.0,14815.0,132858190.0,0.0,0.0
112040,위메이드,코스닥,소프트웨어 개발 및 공급업,"미르의전설2, 미르4",15810.0,155866.0,2509927275.0,-3.4800000190734863,430065330.0,13.5600004196167,67422.0,1078539635.0,-36820.0,-590074145.0,-30838.0,-492228830.0,-30848.0,-492391100.0,-6.0,-94740.0,16.0,257010.0,0.0,0.0,0.0,0.0,0.0,0.0,150.0,2394120.0,86.0,1369220.0
101730,위메이드맥스,코스닥,소프트웨어 개발 및 공급업,실크로드 온라인,3315.0,146730.0,496212755.0,-3.3499999046325684,73138610.0,10.210000038146973,78721.0,264468720.0,-51963.0,-174730025.0,-26732.0,-89673535.0,-26748.0,-89727790.0,0.0,0.0,16.0,54255.0,0.0,0.0,0.0,0.0,0.0,0.0,0.0,0.0,-26.0,-65160.0
123420,위메이드플레이,코스닥,소프트웨어 개발 및 공급업,모바일게임,5990.0,10922.0,65050115.0,-0.33000001311302185,6696070.0,10.289999961853027,1559.0,9195830.0,-1560.0,-9201760.0,1.0,5930.0,1.0,5930.0,0.0,0.0,0.0,0.0,0.0,0.0,0.0,0.0,0.0,0.0,0.0,0.0,0.0,0.0
065370,위세아이텍,코스닥,소프트웨어 개발 및 공급업,"빅데이터분석, 인공지능, 데이터품질관리 솔루션",3165.0,27566.0,87938724.0,-1.090000033378601,22485.0,0.029999999329447746,-751.0,-2325750.0,-250.0,-882495.0,0.0,0.0,0.0,0.0,0.0,0.0,0.0,0.0,0.0,0.0,0.0,0.0,0.0,0.0,0.0,0.0,1001.0,3208245.0
038620,위즈코프,코스닥,연료 소매업,인터넷 인프라 및 응용,1758.0,9291.0,16273324.0,1.6799999475479126,321437.0,1.9800000190734863,-1000.0,-1702094.0,1000.0,1702094.0,0.0,0.0,0.0,0.0,0.0,0.0,0.0,0.0,0.0,0.0,0.0,0.0,0.0,0.0,0.0,0.0,0.0,0.0
299900,위지윅스튜디오,코스닥,"영화, 비디오물, 방송프로그램 제작 및 배급업","VFX, 뉴미디어 등 특수영상 컨텐츠 제작",233.0,0.0,0.0,0.0,0.0,0.0,0.0,0.0,0.0,0.0,0.0,0.0,0.0,0.0,0.0,0.0,0.0,0.0,0.0,0.0,0.0,0.0,0.0,0.0,0.0,0.0,0.0,0.0
036090,위지트,코스닥,특수 목적용 기계 제조업,LCD 반도체,1312.0,157178.0,205303159.0,2.259999990463257,3387669.0,1.649999976158142,5711.0,7582610.0,-5995.0,-7952292.0,0.0,0.0,0.0,0.0,0.0,0.0,0.0,0.0,0.0,0.0,0.0,0.0,0.0,0.0,0.0,0.0,284.0,369682.0
459100,위츠,코스닥,전자부품 제조업,"무선충전소재, 부품 제조",4180.0,29116.0,120466050.0,4.5,0.0,0.0,-1081.0,-4168845.0,1081.0,4168845.0,0.0,0.0,0.0,0.0,0.0,0.0,0.0,0.0,0.0,0.0,0.0,0.0,0.0,0.0,0.0,0.0,0.0,0.0
136540,윈스테크넷,코스닥,"컴퓨터 프로그래밍, 시스템 통합 및 관리업","네크워크보안장비(IPS, 안티 DDoS)",10640.0,12432.0,132350270.0,-0.2800000011920929,10592970.0,8.0,-2434.0,-25898730.0,-601.0,-6390560.0,3067.0,32631630.0,-1.0,-10640.0,-333.0,-3545620.0,3435.0,36550130.0,0.0,0.0,0.0,0.0,-34.0,-362240.0,-30.0,-321000.0,-2.0,-21340.0
097800,윈팩,코스닥,반도체 제조업,반도체 패키징 및 테스트,1729.0,47422.0,81008631.0,4.090000152587891,8894900.0,10.979999542236328,-2124.0,-3671066.0,1858.0,3241120.0,-305.0,-519110.0,-305.0,-519110.0,0.0,0.0,0.0,0.0,0.0,0.0,0.0,0.0,0.0,0.0,0.0,0.0,571.0,949056.0
192390,윈하이텍,코스닥,"구조용 금속제품, 탱크 및 증기발생기 제조업",데크 플레이트(건설용거푸집),1807.0,10191.0,18215427.0,2.8499999046325684,8798.0,0.05000000074505806,-3447.0,-6144540.0,-813.0,-1496752.0,5260.0,9452292.0,5260.0,9452292.0,0.0,0.0,0.0,0.0,0.0,0.0,0.0,0.0,0.0,0.0,0.0,0.0,-1000.0,-1811000.0
335870,윙스풋,코스닥,"섬유, 의복, 신발 및 가죽제품 소매업",신발 매입 및 공급,1200.0,81466.0,94434680.0,15.9399995803833,16416.0,0.019999999552965164,3559.0,4118840.0,-3748.0,-4315400.0,0.0,0.0,0.0,0.0,0.0,0.0,0.0,0.0,0.0,0.0,0.0,0.0,0.0,0.0,0.0,0.0,189.0,196560.0
900340,윙입푸드,코스닥,기타 금융업,육가공 제품,1159.0,48187.0,54392354.0,7.309999942779541,0.0,0.0,-18861.0,-21600729.0,18861.0,21600729.0,0.0,0.0,0.0,0.0,0.0,0.0,0.0,0.0,0.0,0.0,0.0,0.0,0.0,0.0,0.0,0.0,0.0,0.0
036200,유니셈,코스닥,특수 목적용 기계 제조업,반도체장비(DryGasScrubber),7820.0,136299.0,1072666525.0,2.890000104904175,78669610.0,4.5,6688.0,52002865.0,-6959.0,-54132775.0,-1.0,-14610.0,-1.0,-14610.0,0.0,0.0,0.0,0.0,0.0,0.0,0.0,0.0,0.0,0.0,272.0,2144520.0,0.0,0.0
018000,유니슨,코스닥,일반 목적용 기계 제조업,"풍력발전기, 풍력타워",855.0,1885767.0,1558827549.0,9.760000228881836,32486139.0,2.0799999237060547,-466321.0,-388118295.0,47115.0,37619014.0,711.0,582271.0,711.0,582271.0,0.0,0.0,0.0,0.0,0.0,0.0,0.0,0.0,0.0,0.0,420100.0,351221156.0,-1605.0,-1304146.0
203450,유니온바이오메트릭스,코스닥,통신 및 방송 장비 제조업,지문인식출입통제기,2460.0,20135.0,48225885.0,3.799999952316284,944375.0,1.9600000381469727,-2792.0,-6612045.0,2896.0,6858525.0,-104.0,-246480.0,-104.0,-246480.0,0.0,0.0,0.0,0.0,0.0,0.0,0.0,0.0,0.0,0.0,0.0,0.0,0.0,0.0
011320,유니크,코스닥,자동차 신품 부품 제조업,"EGR밸브, 유압솔레노이드밸브, 퓨얼벤트밸브, 퓨얼컷트밸브, 체크밸브, 케니스타 등",3755.0,8487.0,31667905.0,0.8100000023841858,379660.0,1.2000000476837158,691.0,2599760.0,-691.0,-2599760.0,0.0,0.0,0.0,0.0,0.0,0.0,0.0,0.0,0.0,0.0,0.0,0.0,0.0,0.0,0.0,0.0,0.0,0.0
086390,유니테스트,코스닥,특수 목적용 기계 제조업,"반도체메모리주검사장비생산(메모리컴포넌트테스터,메모리모듈테스트)",9040.0,116509.0,1050375315.0,4.630000114440918,86962660.0,4.920000076293945,140.0,1017375.0,-71.0,-409135.0,1092.0,9863980.0,529.0,4781070.0,563.0,5082910.0,0.0,0.0,0.0,0.0,0.0,0.0,0.0,0.0,-1161.0,-10472220.0,0.0,0.0
241690,유니테크노,코스닥,자동차 신품 부품 제조업,"자동차 부품, 전기차 부품, 배터리 셀케이스, ESS 배터리 모듈, SBW 및 EPB, EPS 전동화 부품",2475.0,24766.0,61274285.0,1.0199999809265137,636165.0,1.0399999618530273,541.0,1435120.0,-1334.0,-3351560.0,793.0,1916440.0,793.0,1916440.0,0.0,0.0,0.0,0.0,0.0,0.0,0.0,0.0,0.0,0.0,0.0,0.0,0.0,0.0
142210,유니트론텍,코스닥,자동차 부품 및 내장품 판매업,"메모리/비메모리반도체, 디스플레이 모듈",5700.0,131034.0,741136995.0,2.890000104904175,28779680.0,3.880000114440918,-41922.0,-237000195.0,51798.0,293108665.0,-50.0,-298090.0,-50.0,-298090.0,0.0,0.0,0.0,0.0,0.0,0.0,0.0,0.0,0.0,0.0,-9826.0,-55810380.0,0.0,0.0
389680,유디엠텍,코스닥,소프트웨어 개발 및 공급업,"PLC eXpert, OPTRA Black-box, OPTRA Tracker",1299.0,149276.0,198276447.0,0.5400000214576721,2770.0,0.0,-29566.0,-38948869.0,28392.0,37452190.0,-458.0,-642654.0,-458.0,-642654.0,0.0,0.0,0.0,0.0,0.0,0.0,0.0,0.0,0.0,0.0,100.0,130100.0,1532.0,2009233.0
088340,유라클,코스닥,소프트웨어 개발 및 공급업,모바일 앱 개발 플랫폼,6990.0,14866.0,102140330.0,3.559999942779541,628110.0,0.6100000143051147,-5067.0,-34682740.0,5067.0,34682740.0,0.0,0.0,0.0,0.0,0.0,0.0,0.0,0.0,0.0,0.0,0.0,0.0,0.0,0.0,0.0,0.0,0.0,0.0
048430,유라테크,코스닥,"전동기, 발전기 및 전기 변환 · 공급 · 제어 장치 제조업","점화코일, 스파크플러그",5680.0,9848.0,56353720.0,-1.3899999856948853,2139850.0,3.799999952316284,1855.0,10572600.0,-1795.0,-10218600.0,0.0,0.0,0.0,0.0,0.0,0.0,0.0,0.0,0.0,0.0,0.0,0.0,0.0,0.0,-60.0,-354000.0,0.0,0.0
206650,유바이오로직스,코스닥,의약품 제조업,"경구용 콜레라 백신, 바이오의약품 수탁 연구 및 제조",8400.0,98003.0,835967480.0,0.7200000286102295,52743240.0,6.309999942779541,17651.0,150653760.0,-17526.0,-149521290.0,-154.0,-1339740.0,-154.0,-1339740.0,0.0,0.0,0.0,0.0,0.0,0.0,0.0,0.0,0.0,0.0,346.0,2917620.0,-317.0,-2710350.0
089850,유비벨록스,코스닥,소프트웨어 개발 및 공급업,"모바일플랫폼 및 모바일솔루션, 스마트카드 등",4350.0,20764.0,90242842.0,1.2799999713897705,113260.0,0.12999999523162842,-6958.0,-29889843.0,3794.0,16090373.0,-22.0,-95700.0,-22.0,-95700.0,0.0,0.0,0.0,0.0,0.0,0.0,0.0,0.0,0.0,0.0,3186.0,13895170.0,0.0,0.0
084440,유비온,코스닥,소프트웨어 개발 및 공급업,학습관리시스템 등 에듀테크 플랫폼 (코스모스) 및 교육서비스,1124.0,110262.0,125557442.0,-2.259999990463257,684607.0,0.550000011920929,-71294.0,-81950920.0,7284.0,8563681.0,0.0,0.0,0.0,0.0,0.0,0.0,0.0,0.0,0.0,0.0,0.0,0.0,0.0,0.0,64000.0,73376189.0,10.0,11050.0
264450,유비쿼스,코스닥,통신 및 방송 장비 제조업,"스위치, FTTH",10460.0,34517.0,361671040.0,3.359999895095825,0.0,0.0,-14492.0,-151903900.0,14652.0,153580700.0,0.0,0.0,0.0,0.0,0.0,0.0,0.0,0.0,0.0,0.0,0.0,0.0,0.0,0.0,-160.0,-1676800.0,0.0,0.0
078070,유비쿼스홀딩스,코스닥,기타 금융업,"지주회사, 자회사관리, 부동산임대",9110.0,31533.0,288856790.0,3.049999952316284,0.0,0.0,-6142.0,-56434170.0,5944.0,54600620.0,0.0,8870.0,0.0,8870.0,0.0,0.0,0.0,0.0,0.0,0.0,0.0,0.0,0.0,0.0,200.0,1843040.0,-2.0,-18360.0
024800,유성티엔에스,코스닥,육상 여객 운송업,"운송,C형강,차량정비",4270.0,37963.0,159859975.0,2.2799999713897705,4423480.0,2.7699999809265137,-13918.0,-58578980.0,10819.0,45597230.0,3389.0,14220050.0,190.0,820850.0,0.0,0.0,0.0,0.0,0.0,0.0,0.0,0.0,3199.0,13399200.0,-290.0,-1238300.0,0.0,0.0
054930,유신,코스닥,"건축기술, 엔지니어링 및 관련 기술 서비스업",토목설계 및 감리,17360.0,9353.0,160380110.0,4.889999866485596,1489570.0,0.9300000071525574,-2061.0,-35522630.0,2053.0,35198950.0,108.0,2020680.0,108.0,2020680.0,0.0,0.0,0.0,0.0,0.0,0.0,0.0,0.0,0.0,0.0,-100.0,-1697000.0,0.0,0.0
069330,유아이디,코스닥,전자부품 제조업,"ITO COATING, GLASS LAMINATION",1010.0,31348.0,32470441.0,-3.809999942779541,1065.0,0.0,516.0,618268.0,-526.0,-628858.0,0.0,0.0,0.0,0.0,0.0,0.0,0.0,0.0,0.0,0.0,0.0,0.0,0.0,0.0,0.0,0.0,10.0,10590.0
049520,유아이엘,코스닥,전자부품 제조업,"스마트폰 기구부품(키버튼,금속부품,부자재,악세서리 등)",3800.0,70981.0,268770102.0,1.059999942779541,250710.0,0.09000000357627869,-15422.0,-58403290.0,13533.0,51378955.0,403.0,1476715.0,403.0,1476715.0,0.0,0.0,0.0,0.0,0.0,0.0,0.0,0.0,0.0,0.0,-1610.0,-6076430.0,3096.0,11624050.0
473050,유안타제15호스팩,코스닥,금융 지원 서비스업,금융 지원 서비스,2080.0,12648.0,26310520.0,0.0,0.0,0.0,-526.0,-1094100.0,0.0,0.0,526.0,1094100.0,4.0,8340.0,0.0,0.0,0.0,0.0,0.0,0.0,0.0,0.0,522.0,1085760.0,0.0,0.0,0.0,0.0
474490,유안타제16호스팩,코스닥,금융 지원 서비스업,금융 지원 서비스(기업인수목적회사),2060.0,17736.0,36458960.0,0.23999999463558197,0.0,0.0,3407.0,6984355.0,0.0,0.0,-3407.0,-6984355.0,0.0,0.0,0.0,0.0,0.0,0.0,0.0,0.0,0.0,0.0,-3407.0,-6984355.0,0.0,0.0,0.0,0.0
493790,유안타제17호스팩,코스닥,금융 지원 서비스업,금융 지원 서비스업,2005.0,7333.0,14698410.0,-0.25,0.0,0.0,5930.0,11885230.0,-839.0,-1677315.0,-5091.0,-10207915.0,2.0,4015.0,0.0,0.0,0.0,0.0,0.0,0.0,0.0,0.0,-5093.0,-10211930.0,0.0,0.0,0.0,0.0
263770,유에스티,코스닥,1차 철강 제조업,스테인레스강관,1554.0,2913.0,4506398.0,0.25999999046325684,3102.0,0.07000000029802322,-263.0,-402119.0,263.0,402119.0,0.0,0.0,0.0,0.0,0.0,0.0,0.0,0.0,0.0,0.0,0.0,0.0,0.0,0.0,0.0,0.0,0.0,0.0
388720,유일로보틱스,코스닥,특수 목적용 기계 제조업,"취출로봇, 사출장비 및 자동화시스템",73300.0,38133.0,2740706750.0,4.119999885559082,278083900.0,6.889999866485596,-6333.0,-456928000.0,16353.0,1175990600.0,-9821.0,-704532400.0,-6826.0,-488281300.0,0.0,0.0,5.0,357700.0,0.0,0.0,-3000.0,-216608800.0,0.0,0.0,-199.0,-14530200.0,0.0,0.0
023410,유진기업,코스닥,"시멘트, 석회, 플라스터 및 그 제품 제조업",레미콘,3355.0,355735.0,1193217300.0,2.2899999618530273,67193445.0,5.630000114440918,-73388.0,-246230801.0,73739.0,247467343.0,226.0,712208.0,228.0,718898.0,0.0,0.0,-2.0,-6690.0,0.0,0.0,0.0,0.0,0.0,0.0,-500.0,-1690000.0,-77.0,-258750.0
056080,유진로봇,코스닥,특수 목적용 기계 제조업,"청소로봇, 완구류외",14260.0,591987.0,7962384330.0,15.1899995803833,304087070.0,3.819999933242798,-29062.0,-398934610.0,56190.0,765799390.0,-21119.0,-283660280.0,-21306.0,-286296610.0,-42.0,-544960.0,83.0,1148650.0,0.0,0.0,0.0,0.0,146.0,2032640.0,-5224.0,-72919770.0,-785.0,-10284730.0
468760,유진스팩10호,코스닥,금융 지원 서비스업,기업인수합병,2080.0,0.0,0.0,0.0,0.0,0.0,0.0,0.0,0.0,0.0,0.0,0.0,0.0,0.0,0.0,0.0,0.0,0.0,0.0,0.0,0.0,0.0,0.0,0.0,0.0,0.0,0.0,0.0
488060,유진스팩11호,코스닥,금융 지원 서비스업,기업인수합병,2020.0,4801.0,9702550.0,0.0,0.0,0.0,0.0,0.0,0.0,0.0,0.0,0.0,0.0,0.0,0.0,0.0,0.0,0.0,0.0,0.0,0.0,0.0,0.0,0.0,0.0,0.0,0.0,0.0
0105P0,유진스팩12호,코스닥,금융 지원 서비스업,합병,1995.0,848.0,1688961.0,0.8100000023841858,0.0,0.0,56.0,111664.0,-56.0,-111664.0,0.0,0.0,0.0,0.0,0.0,0.0,0.0,0.0,0.0,0.0,0.0,0.0,0.0,0.0,0.0,0.0,0.0,0.0
084370,유진테크,코스닥,특수 목적용 기계 제조업,실리콘질화막증착용LP-CVD,123300.0,160146.0,19940243050.0,4.139999866485596,6574467650.0,28.040000915527344,8638.0,1079743700.0,-17883.0,-2247281450.0,9143.0,1155009650.0,-17615.0,-2179014800.0,-458.0,-56878800.0,1870.0,231699950.0,0.0,0.0,19266.0,2396747700.0,6080.0,762455600.0,37.0,4495800.0,65.0,8032300.0
240600,유진테크놀로지,코스닥,기타 금속 가공제품 제조업,이차전지 정밀금형 외,1975.0,31892.0,63681585.0,0.25,207150.0,0.33000001311302185,-6974.0,-13856708.0,7166.0,14241668.0,-192.0,-384960.0,-192.0,-384960.0,0.0,0.0,0.0,0.0,0.0,0.0,0.0,0.0,0.0,0.0,0.0,0.0,0.0,0.0
179900,유티아이,코스닥,전자부품 제조업,카메라 윈도우,2665.0,847310.0,2066996752.0,30.0,50507350.0,2.440000057220459,107889.0,268943941.0,-102333.0,-256914661.0,-5798.0,-12564682.0,-5798.0,-12564682.0,0.0,0.0,0.0,0.0,0.0,0.0,0.0,0.0,0.0,0.0,0.0,-61285.0,242.0,596687.0
263050,유틸렉스,코스닥,기초 의약물질 제조업,"면역항암 세포치료제, 면역항암 항체치료제",959.0,0.0,0.0,0.0,0.0,0.0,0.0,0.0,0.0,0.0,0.0,0.0,0.0,0.0,0.0,0.0,0.0,0.0,0.0,0.0,0.0,0.0,0.0,0.0,0.0,0.0,0.0,0.0
191410,육일씨엔에쓰,코스닥,전자부품 제조업,IT용 Cover Glass,1402.0,114437.0,158706359.0,1.8200000524520874,6941.0,0.0,-27603.0,-38457389.0,-3390.0,-4470754.0,1058.0,1513695.0,1058.0,1513695.0,0.0,0.0,0.0,0.0,0.0,0.0,0.0,0.0,0.0,0.0,29935.0,41414448.0,0.0,0.0
372170,윤성에프앤씨,코스닥,특수 목적용 기계 제조업,2차전지용 믹싱시스템,20500.0,2195.0,44997500.0,29.989999771118164,0.0,0.0,58.0,1189000.0,-53.0,-1086500.0,-5.0,-102500.0,-4.0,-82000.0,0.0,0.0,0.0,0.0,0.0,0.0,0.0,0.0,0.0,0.0,0.0,0.0,0.0,0.0
146060,율촌,코스닥,1차 철강 제조업,냉간인발강관(파이프),1032.0,66937.0,68616920.0,1.3799999952316284,537450.0,0.7799999713897705,-20988.0,-21551276.0,20788.0,21344845.0,200.0,206431.0,200.0,206431.0,0.0,0.0,0.0,0.0,0.0,0.0,0.0,0.0,0.0,0.0,0.0,0.0,0.0,0.0
039020,이건홀딩스,코스닥,제재 및 목재 가공업,창호,2450.0,54417.0,131449701.0,1.659999966621399,0.0,0.0,-2550.0,-6046441.0,15221.0,36732206.0,-12671.0,-30685765.0,-12671.0,-30685765.0,0.0,0.0,0.0,0.0,0.0,0.0,0.0,0.0,0.0,0.0,0.0,0.0,0.0,0.0
067920,이글루,코스닥,기타 정보 서비스업,"통합보안관리솔루션, 보안관제서비스",5500.0,82274.0,451438410.0,1.100000023841858,750810.0,0.17000000178813934,-7285.0,-39661670.0,10870.0,59308440.0,-3585.0,-19646770.0,-3585.0,-19646770.0,0.0,0.0,0.0,0.0,0.0,0.0,0.0,0.0,0.0,0.0,0.0,0.0,0.0,0.0
044960,이글벳,코스닥,기타 전문 도매업,"아바텍,아목사실린사 등",3070.0,33381.0,102050135.0,0.49000000953674316,15275.0,0.009999999776482582,-2375.0,-7260390.0,5659.0,17312725.0,-3284.0,-10052335.0,-3284.0,-10052335.0,0.0,0.0,0.0,0.0,0.0,0.0,0.0,0.0,0.0,0.0,0.0,0.0,0.0,0.0
303530,이노뎁,코스닥,소프트웨어 개발 및 공급업,영상인식 및 데이터플랫폼 솔루션,2730.0,17061.0,45702830.0,0.0,2488090.0,5.440000057220459,777.0,2131640.0,-748.0,-2053880.0,0.0,5.0,0.0,5.0,0.0,0.0,0.0,0.0,0.0,0.0,0.0,0.0,0.0,0.0,0.0,0.0,-29.0,-77765.0
302430,이노메트리,코스닥,특수 목적용 기계 제조업,엑스레이검사 장비,5020.0,23346.0,116816430.0,2.759999990463257,549550.0,0.4699999988079071,-3255.0,-16153505.0,3192.0,15836165.0,0.0,0.0,0.0,0.0,0.0,0.0,0.0,0.0,0.0,0.0,0.0,0.0,0.0,0.0,0.0,0.0,63.0,317340.0
462350,이노스페이스,코스닥,"항공기,우주선 및 부품 제조업","소형발사체, 로켓추진기관, 과학로켓, 시험평가용역",6760.0,227125.0,1515425895.0,6.289999961853027,2854120.0,0.1899999976158142,41717.0,279034475.0,-22599.0,-151377330.0,-14104.0,-94269955.0,4064.0,27570180.0,0.0,0.0,-8448.0,-56406520.0,0.0,0.0,0.0,0.0,-9720.0,-65433615.0,-5200.0,-34624910.0,186.0,1237720.0
274400,이노시뮬레이션,코스닥,소프트웨어 개발 및 공급업,"스마트 모빌리티 시뮬레이터, XR 가상훈련 시스템 등",2320.0,10511.0,24237865.0,-0.2199999988079071,154610.0,0.6399999856948853,3845.0,8892625.0,-3845.0,-8892625.0,0.0,0.0,0.0,0.0,0.0,0.0,0.0,0.0,0.0,0.0,0.0,0.0,0.0,0.0,0.0,0.0,0.0,0.0
296640,이노에이엑스,코스닥,소프트웨어 개발 및 공급업,"InnoRules, InnoProduct",4260.0,9276.0,39401785.0,2.4000000953674316,38630.0,0.10000000149011612,681.0,2880380.0,-681.0,-2880380.0,0.0,0.0,0.0,0.0,0.0,0.0,0.0,0.0,0.0,0.0,0.0,0.0,0.0,0.0,0.0,0.0,0.0,0.0
215790,이노인스트루먼트,코스닥,통신 및 방송 장비 제조업,기업 인수 합병,988.0,11068292.0,10729461695.0,30.0,25279880.0,0.23999999463558197,-325253.0,-305314928.0,354738.0,332615323.0,14860.0,14371642.0,14856.0,14367690.0,0.0,0.0,4.0,3952.0,0.0,0.0,0.0,0.0,0.0,0.0,-14000.0,-13042135.0,-30345.0,-28629902.0
344860,이노진,코스닥,기타 화학제품 제조업,"탈모케어제품(볼빅), 피부케어제품(Dr.메디션)",1333.0,22734.0,29080194.0,5.960000038146973,0.0,0.0,-546.0,-655680.0,546.0,655680.0,0.0,0.0,0.0,0.0,0.0,0.0,0.0,0.0,0.0,0.0,0.0,0.0,0.0,0.0,0.0,0.0,0.0,0.0
333050,이노테나,코스닥,소프트웨어 개발 및 공급업,"연계솔루션, 보안솔루션, APM솔루션",4900.0,8005.0,38983160.0,-1.7999999523162842,259110.0,0.6600000262260437,-864.0,-4140920.0,864.0,4144000.0,0.0,-3080.0,0.0,-3080.0,0.0,0.0,0.0,0.0,0.0,0.0,0.0,0.0,0.0,0.0,0.0,0.0,0.0,0.0
469610,이노테크,코스닥,특수 목적용 기계 제조업,복합 신뢰성 환경시험 장비,12830.0,36360.0,467018140.0,2.069999933242798,7776120.0,1.1100000143051147,-1807.0,-22848350.0,2079.0,26498200.0,-242.0,-3264350.0,-242.0,-3264350.0,0.0,0.0,0.0,0.0,0.0,0.0,0.0,0.0,0.0,0.0,0.0,0.0,-30.0,-385500.0
088390,이녹스,코스닥,그외 기타 운송장비 제조업,지주업,7360.0,4729.0,34883650.0,2.0799999237060547,0.0,0.0,-1203.0,-8873310.0,1415.0,10452310.0,-42.0,-313900.0,-42.0,-313900.0,0.0,0.0,0.0,0.0,0.0,0.0,0.0,0.0,0.0,0.0,-170.0,-1265100.0,0.0,0.0
272290,이녹스첨단소재,코스닥,전자부품 제조업,"FPCB소재, 반도체 및 디스플레이 소재",20800.0,124804.0,2590361625.0,-0.47999998927116394,503755525.0,11.489999771118164,40892.0,848584950.0,-25075.0,-521063875.0,-15774.0,-326588125.0,-15696.0,-324977625.0,0.0,0.0,10.0,207350.0,0.0,0.0,0.0,0.0,-88.0,-1817850.0,-62.0,-1329900.0,19.0,396950.0
053350,이니텍,코스닥,소프트웨어 개발 및 공급업,정보보안 및 인증솔루션,3680.0,86353.0,314884125.0,0.14000000059604645,247830.0,0.07999999821186066,-5473.0,-19785985.0,6203.0,22460695.0,-730.0,-2674710.0,-730.0,-2674710.0,0.0,0.0,0.0,0.0,0.0,0.0,0.0,0.0,0.0,0.0,0.0,0.0,0.0,0.0
452400,이닉스,코스닥,자동차 신품 부품 제조업,2차전지용 배터리셀 패드 등,5870.0,7773.0,45185370.0,1.3799999952316284,549530.0,1.2200000286102295,194.0,1165260.0,-197.0,-1182420.0,0.0,0.0,0.0,0.0,0.0,0.0,0.0,0.0,0.0,0.0,0.0,0.0,0.0,0.0,0.0,0.0,3.0,17160.0
264850,이랜시스,코스닥,전자부품 제조업,비데도어락부품,6530.0,10743583.0,64683538785.0,29.81999969482422,2965660.0,0.0,146231.0,821131590.0,-187503.0,-1091383120.0,34285.0,223870260.0,34285.0,223874110.0,0.0,0.0,0.0,0.0,0.0,0.0,0.0,-3850.0,0.0,0.0,-5172.0,-31772710.0,12159.0,78153980.0
054210,이랜텍,코스닥,전자부품 제조업,Battery Pack,7740.0,145777.0,1104595250.0,6.320000171661377,57831750.0,5.239999771118164,-13723.0,-99838250.0,7462.0,51800720.0,10262.0,78410530.0,-1081.0,-8407090.0,0.0,0.0,11343.0,86817620.0,0.0,0.0,0.0,0.0,0.0,0.0,-4000.0,-30365280.0,-1.0,-7720.0
009730,이렘,코스닥,1차 철강 제조업,"스테인리스파이프, 슈퍼데크",1943.0,61781.0,116917415.0,5.139999866485596,0.0,0.0,-6619.0,-12376703.0,6619.0,12376703.0,0.0,0.0,0.0,0.0,0.0,0.0,0.0,0.0,0.0,0.0,0.0,0.0,0.0,0.0,0.0,0.0,0.0,0.0
065440,이루온,코스닥,소프트웨어 개발 및 공급업,이동통신 핵심망 및 서비스망 솔루션 개발 공급,1608.0,776277.0,1263171909.0,7.340000152587891,25999102.0,2.059999942779541,-1510.0,-1041133.0,209.0,-1057627.0,0.0,-15328.0,0.0,-15328.0,0.0,0.0,0.0,0.0,0.0,0.0,0.0,0.0,0.0,0.0,0.0,0.0,1301.0,2114088.0
424870,이뮨온시아,코스닥,자연과학 및 공학 연구개발업,면역항암제 신약개발,3020.0,257341.0,780620645.0,-0.17000000178813934,22096000.0,1.6399999856948853,82283.0,248613890.0,-21763.0,-66596190.0,-60625.0,-182335595.0,0.0,0.0,0.0,0.0,-28591.0,-85886350.0,0.0,0.0,0.0,0.0,-32034.0,-96449245.0,0.0,0.0,105.0,317895.0
115610,이미지스,코스닥,반도체 제조업,"터치스크린칩, 햅틱칩",1741.0,425841.0,733179518.0,14.390000343322754,6214319.0,0.8500000238418579,-61634.0,-103800472.0,46534.0,77841483.0,0.0,-93004.0,0.0,-93004.0,0.0,0.0,0.0,0.0,0.0,0.0,0.0,0.0,0.0,0.0,15500.0,26743727.0,-400.0,-691734.0
478110,이베스트스팩6호,코스닥,금융 지원 서비스업,기업인수목적 주식회사,2035.0,6505.0,13219635.0,0.0,0.0,0.0,0.0,0.0,0.0,0.0,0.0,0.0,0.0,0.0,0.0,0.0,0.0,0.0,0.0,0.0,0.0,0.0,0.0,0.0,0.0,0.0,0.0,0.0
131400,이브이첨단소재,코스닥,전자부품 제조업,연성회로기판,695.0,525741.0,361665086.0,3.2699999809265137,4998332.0,1.3799999952316284,-21987.0,-15182057.0,18778.0,12954642.0,0.0,0.0,0.0,0.0,0.0,0.0,0.0,0.0,0.0,0.0,0.0,0.0,0.0,0.0,0.0,0.0,3209.0,2227415.0
351330,이삭엔지니어링,코스닥,"컴퓨터 프로그래밍, 시스템 통합 및 관리업",공장자동화 설비제어,3610.0,15962.0,57791735.0,1.5499999523162842,3655.0,0.009999999776482582,-497.0,-1529320.0,497.0,1529320.0,0.0,0.0,0.0,0.0,0.0,0.0,0.0,0.0,0.0,0.0,0.0,0.0,0.0,0.0,0.0,0.0,0.0,0.0
080010,이상네트웍스,코스닥,상품 중개업,기업간전자상거래서비스,8010.0,13818.0,110260970.0,0.5,0.0,0.0,137.0,1067040.0,3863.0,30584120.0,0.0,0.0,0.0,0.0,0.0,0.0,0.0,0.0,0.0,0.0,0.0,0.0,0.0,0.0,-4000.0,-31651160.0,0.0,0.0
086890,이수앱지스,코스닥,의료용품 및 기타 의약 관련제품 제조업,"항체치료제,효소치료제",3330.0,78616.0,261469200.0,0.44999998807907104,7676630.0,2.940000057220459,32586.0,108481165.0,-30390.0,-101196170.0,-2194.0,-7277690.0,-2194.0,-7277690.0,0.0,0.0,0.0,0.0,0.0,0.0,0.0,0.0,0.0,0.0,-5.0,-16925.0,3.0,9620.0
047560,이스트소프트,코스닥,소프트웨어 개발 및 공급업,"온라인게임(카발온라인),알툴즈S/W,스토리지S/W",8570.0,69476.0,606137315.0,-1.7200000286102295,36309770.0,5.989999771118164,10662.0,93365760.0,-10210.0,-89195200.0,-753.0,-6762410.0,-753.0,-6762410.0,0.0,0.0,0.0,0.0,0.0,0.0,0.0,0.0,0.0,0.0,0.0,0.0,301.0,2591850.0
239340,이스트에이드,코스닥,"자료처리, 호스팅, 포털 및 기타 인터넷 정보매개 서비스업","줌닷컴, 뉴썸 등",714.0,1422527.0,1074121154.0,-5.429999828338623,6364814.0,0.5899999737739563,147953.0,112811514.0,-168842.0,-128708211.0,-1.0,-878.0,-1.0,-878.0,0.0,0.0,0.0,0.0,0.0,0.0,0.0,0.0,0.0,0.0,21152.0,15534984.0,-262.0,362591.0
067010,이씨에스,코스닥,"컴퓨터 프로그래밍, 시스템 통합 및 관리업","컨택센터용교환시스템,업무용교환시스템",1905.0,24913.0,47583581.0,0.0,1081586.0,2.2699999809265137,-4.0,-5091.0,4.0,5091.0,0.0,0.0,0.0,0.0,0.0,0.0,0.0,0.0,0.0,0.0,0.0,0.0,0.0,0.0,0.0,0.0,0.0,0.0
456070,이엔셀,코스닥,기초 의약물질 제조업,"첨단바이오의약품 위탁개발생산(CDMO) 서비스 / 차세대 세포,유전자 치료제",6300.0,24183.0,150955050.0,2.609999895095825,1533030.0,1.0199999809265137,4900.0,30519770.0,-4900.0,-30519770.0,0.0,0.0,0.0,0.0,0.0,0.0,0.0,0.0,0.0,0.0,0.0,0.0,0.0,0.0,0.0,0.0,0.0,0.0
102710,이엔에프테크놀로지,코스닥,기타 화학제품 제조업,LCD/반도체용 케미칼,46150.0,96564.0,4433106575.0,8.329999923706055,116310950.0,2.059999942779541,-9811.0,-452859900.0,-13476.0,-616467450.0,24033.0,1103709450.0,3637.0,165504100.0,54.0,2489850.0,10500.0,478823800.0,0.0,0.0,17066.0,790095300.0,-7224.0,-333203600.0,-696.0,-32057100.0,-50.0,-2325000.0
041520,이엘씨,코스닥,"측정, 시험, 항해, 제어 및 기타 정밀기기 제조업; 광학기기 제외",반도체장비용 유량계와 유량 제어장치,10960.0,32809.0,361221580.0,4.480000019073486,42760.0,0.009999999776482582,-6607.0,-72576790.0,-3566.0,-39727820.0,9940.0,109778210.0,9940.0,109778210.0,0.0,0.0,0.0,0.0,0.0,0.0,0.0,0.0,0.0,0.0,-2.0,-22090.0,235.0,2548490.0
063760,이엘피,코스닥,"측정, 시험, 항해, 제어 및 기타 정밀기기 제조업; 광학기기 제외",OLED 패널검사기 등,2500.0,13106.0,32462625.0,0.20000000298023224,0.0,0.0,-1161.0,-2895240.0,1089.0,2711460.0,0.0,0.0,0.0,0.0,0.0,0.0,0.0,0.0,0.0,0.0,0.0,0.0,0.0,0.0,572.0,1416280.0,-500.0,-1232500.0
123570,이엠넷,코스닥,광고업,온라인 검색광고 대행,1628.0,2514.0,4109782.0,-0.11999999731779099,0.0,0.0,-576.0,-935512.0,736.0,1199512.0,0.0,0.0,0.0,0.0,0.0,0.0,0.0,0.0,0.0,0.0,0.0,0.0,0.0,0.0,-160.0,-264000.0,0.0,0.0
083470,이엠앤아이,코스닥,기초 화학물질 제조업,OLED 유무기 소재 개발 및 판매,1010.0,1018051.0,1013049318.0,6.769999980926514,1206736.0,0.11999999731779099,46967.0,46737403.0,73513.0,74071990.0,0.0,0.0,0.0,0.0,0.0,0.0,0.0,0.0,0.0,0.0,0.0,0.0,0.0,0.0,-123161.0,-123393142.0,2681.0,2583749.0
091120,이엠텍,코스닥,전자부품 제조업,"마이크로스피커,리시버",4200.0,43324.0,179555885.0,5.130000114440918,753395.0,0.41999998688697815,-11791.0,-49032230.0,10976.0,45631755.0,0.0,50.0,0.0,50.0,0.0,0.0,0.0,0.0,0.0,0.0,0.0,0.0,0.0,0.0,315.0,1292925.0,500.0,2107500.0
039030,이오테크닉스,코스닥,특수 목적용 기계 제조업,레이저 마커 및 레이저 응용기기,327000.0,87640.0,28603558750.0,5.829999923706055,1982628500.0,5.769999980926514,-6502.0,-2164036250.0,-8009.0,-2621656250.0,14104.0,4653321000.0,-3040.0,-985860500.0,2667.0,876266000.0,7552.0,2486727500.0,0.0,0.0,5788.0,1901036500.0,1137.0,375149500.0,407.0,132332000.0,0.0,39500.0
294090,이오플로우,코스닥,의료용 기기 제조업,웨어러블 인슐린펌프,1490.0,0.0,0.0,0.0,0.0,0.0,0.0,0.0,0.0,0.0,0.0,0.0,0.0,0.0,0.0,0.0,0.0,0.0,0.0,0.0,0.0,0.0,0.0,0.0,0.0,0.0,0.0,0.0
088290,이원컴포텍,코스닥,자동차 신품 부품 제조업,에어서스펜션 시트/일반고정형 시트/스프링서스펜션 시트,2570.0,11044.0,28041250.0,-0.9599999785423279,48290.0,0.17000000178813934,-38.0,-90895.0,38.0,90895.0,0.0,0.0,0.0,0.0,0.0,0.0,0.0,0.0,0.0,0.0,0.0,0.0,0.0,0.0,0.0,0.0,0.0,0.0
353810,이지바이오,코스닥,동물용 사료 및 조제식품 제조업,"자돈사료, 사료첨가제",6110.0,136714.0,835866625.0,0.6600000262260437,379230.0,0.05000000074505806,-58543.0,-358142345.0,29737.0,181927015.0,28256.0,172871350.0,0.0,-5580.0,0.0,0.0,-2.0,-12160.0,0.0,0.0,0.0,0.0,28258.0,172889090.0,550.0,3343980.0,0.0,0.0
261520,이지스,코스닥,소프트웨어 개발 및 공급업,디지털트윈 플랫폼,4185.0,39393.0,164730840.0,4.630000114440918,0.0,0.0,-12062.0,-50284475.0,12075.0,50341215.0,-20.0,-86175.0,-20.0,-86175.0,0.0,0.0,0.0,0.0,0.0,0.0,0.0,0.0,0.0,0.0,0.0,0.0,7.0,29435.0
099750,이지케어텍,코스닥,소프트웨어 개발 및 공급업,의료정보시스템,6710.0,10041.0,67284640.0,0.0,6760.0,0.009999999776482582,1579.0,10638320.0,-367.0,-2474400.0,-1212.0,-8163920.0,-1212.0,-8163920.0,0.0,0.0,0.0,0.0,0.0,0.0,0.0,0.0,0.0,0.0,0.0,0.0,0.0,0.0
377330,이지트로닉스,코스닥,"전동기, 발전기 및 전기 변환 · 공급 · 제어 장치 제조업",전력변환장치,2705.0,4406.0,12286570.0,0.0,13825.0,0.10999999940395355,-1429.0,-3991405.0,1477.0,4126355.0,2.0,5650.0,2.0,5650.0,0.0,0.0,0.0,0.0,0.0,0.0,0.0,0.0,0.0,0.0,0.0,0.0,-50.0,-140600.0
035810,이지홀딩스,코스닥,동물용 사료 및 조제식품 제조업,지주회사,4330.0,110124.0,475121211.0,1.409999966621399,3045780.0,0.6399999856948853,-12661.0,-54385054.0,12361.0,53147104.0,294.0,1212115.0,297.0,1225045.0,0.0,0.0,-3.0,-12930.0,0.0,0.0,0.0,0.0,0.0,0.0,22.0,95040.0,-16.0,-69205.0
092130,이크레더블,코스닥,기타 정보 서비스업,"전자신용인증서비스(정보),소프트웨어 개발",14350.0,2081.0,29916040.0,0.41999998688697815,718580.0,2.4000000953674316,110.0,1580250.0,-3.0,-38150.0,3.0,43210.0,3.0,43210.0,0.0,0.0,0.0,0.0,0.0,0.0,0.0,0.0,0.0,0.0,-190.0,-2734600.0,80.0,1149290.0
134060,이퓨쳐,코스닥,"서적, 잡지 및 기타 인쇄물 출판업",Smart Phonics 등(외국어 어학교재),4955.0,1831.0,9049239.0,0.30000001192092896,0.0,0.0,-1347.0,-6655739.0,94.0,465100.0,1253.0,6190639.0,1253.0,6190639.0,0.0,0.0,0.0,0.0,0.0,0.0,0.0,0.0,0.0,0.0,0.0,0.0,0.0,0.0
001840,이화공영,코스닥,건물 건설업,도급공사,2215.0,0.0,0.0,0.0,0.0,0.0,0.0,0.0,0.0,0.0,0.0,0.0,0.0,0.0,0.0,0.0,0.0,0.0,0.0,0.0,0.0,0.0,0.0,0.0,0.0,0.0,0.0,0.0
041830,인바디,코스닥,의료용 기기 제조업,정밀 체성분 분석기,56700.0,99835.0,5612810500.0,-1.2200000286102295,157329500.0,2.3499999046325684,21710.0,1225009500.0,987.0,48742350.0,-17301.0,-971149750.0,-37.0,-2438100.0,-137.0,-7674100.0,-13421.0,-753109800.0,0.0,0.0,0.0,0.0,-3706.0,-207927750.0,-5390.0,-302266900.0,-6.0,-335200.0
352940,인바이오,코스닥,"비료, 농약 및 살균, 살충제 제조업","살균제, 살충제, 제초제 등",1993.0,2757.0,5513035.0,-0.6000000238418579,0.0,0.0,-413.0,-824888.0,413.0,824888.0,0.0,0.0,0.0,0.0,0.0,0.0,0.0,0.0,0.0,0.0,0.0,0.0,0.0,0.0,0.0,0.0,0.0,0.0
079950,인베니아,코스닥,특수 목적용 기계 제조업,"Dry Etcher, 진공합착기, LCD Panel 검사장비, OLED용 진공합착기",1167.0,435945.0,492295623.0,0.17000000178813934,1169.0,0.0,-1591.0,-1089498.0,2091.0,1907277.0,0.0,0.0,0.0,0.0,0.0,0.0,0.0,0.0,0.0,0.0,0.0,0.0,0.0,0.0,-2692.0,-3001909.0,2192.0,2184130.0
0007J0,인벤테라,코스닥,자연과학 및 공학 연구개발업,철(Fe) 기반 질환 특이성 나노-MRI 조영제 신약,8050.0,15996.0,126923060.0,3.869999885559082,311360.0,0.25,5477.0,43396130.0,-4656.0,-36907940.0,-821.0,-6488190.0,0.0,0.0,0.0,0.0,-320.0,-2524320.0,0.0,0.0,0.0,0.0,-501.0,-3963870.0,0.0,0.0,0.0,0.0
389470,인벤티지랩,코스닥,자연과학 및 공학 연구개발업,마이크로/나노 입자 기반 약물전달 플랫폼 및 관련 제품,32100.0,36374.0,1157190675.0,2.559999942779541,33248300.0,1.5499999523162842,-1549.0,-49303325.0,4463.0,141891325.0,-1274.0,-40565100.0,676.0,21694250.0,0.0,0.0,-1725.0,-55075750.0,0.0,0.0,0.0,0.0,-225.0,-7183600.0,-1640.0,-52022900.0,0.0,0.0
277410,인산가,코스닥,기타 식품 제조업,죽염 및 죽염응용식품,5620.0,3489.0,19166290.0,4.659999847412109,71390.0,0.3700000047683716,-883.0,-4869850.0,883.0,4869850.0,0.0,0.0,0.0,0.0,0.0,0.0,0.0,0.0,0.0,0.0,0.0,0.0,0.0,0.0,0.0,0.0,0.0,0.0
060150,인선이엔티,코스닥,폐기물 처리업,건축폐기물처리,2995.0,77343.0,232573180.0,-0.33000001311302185,9545580.0,4.099999904632568,16154.0,48389360.0,-16169.0,-48411965.0,15.0,22605.0,15.0,22605.0,0.0,0.0,0.0,0.0,0.0,0.0,0.0,0.0,0.0,0.0,0.0,0.0,0.0,0.0
033230,인성정보,코스닥,"컴퓨터 프로그래밍, 시스템 통합 및 관리업",넷트워크 관련 장비 및 솔루션,1004.0,178895.0,180078497.0,-0.20000000298023224,3587556.0,1.9900000095367432,35182.0,35333441.0,-35182.0,-35333441.0,0.0,0.0,0.0,0.0,0.0,0.0,0.0,0.0,0.0,0.0,0.0,0.0,0.0,0.0,0.0,0.0,0.0,0.0
450520,인스웨이브,코스닥,소프트웨어 개발 및 공급업,"UI/UX 개발 솔루션, 엔터프라이즈 DX 솔루션, 금융 단말 솔루션 등",1793.0,18523.0,32702475.0,3.880000114440918,0.0,0.0,-103.0,-153225.0,103.0,172719.0,0.0,-19494.0,0.0,-19494.0,0.0,0.0,0.0,0.0,0.0,0.0,0.0,0.0,0.0,0.0,0.0,0.0,0.0,0.0
465480,인스피언,코스닥,소프트웨어 개발 및 공급업,"SAP 보안 솔루션, SAP PO/CPI 컨설팅, EDI SaaS 플랫폼",3050.0,17497.0,52731626.0,1.6699999570846558,0.0,0.0,-1216.0,-3624646.0,1216.0,3624646.0,0.0,0.0,0.0,0.0,0.0,0.0,0.0,0.0,0.0,0.0,0.0,0.0,0.0,0.0,0.0,0.0,0.0,0.0
037330,인지디스플레,코스닥,전자부품 제조업,"TFT-LCDCHASSIS,TFT-LCDLAMPREFLECTOR,ICLEADFRAME,TRLEADFRAME",795.0,58943.0,46826663.0,1.5299999713897705,7980.0,0.019999999552965164,-5945.0,-4709354.0,4895.0,3878504.0,0.0,0.0,0.0,0.0,0.0,0.0,0.0,0.0,0.0,0.0,0.0,0.0,0.0,0.0,0.0,0.0,1050.0,830850.0
100030,인지소프트,코스닥,소프트웨어 개발 및 공급업,"금융솔루션,동기화솔루션",18500.0,7874.0,145685470.0,1.649999976158142,3700340.0,2.5399999618530273,-2734.0,-50613890.0,2689.0,49780770.0,0.0,0.0,0.0,0.0,0.0,0.0,0.0,0.0,0.0,0.0,0.0,0.0,0.0,0.0,45.0,833120.0,0.0,0.0
211050,인카금융서비스,코스닥,보험 및 연금관련 서비스업,보험 판매,10360.0,124307.0,1275611230.0,0.10000000149011612,71283210.0,5.0,-3653.0,-37599300.0,30370.0,308826760.0,-51631.0,-528634750.0,-37192.0,-380996020.0,0.0,0.0,20.0,204760.0,0.0,0.0,0.0,0.0,-14459.0,-147843490.0,24914.0,257407290.0,0.0,0.0
083640,인콘,코스닥,상품 종합 도매업,영상보안장비 및 영상보안솔루션,1216.0,51319.0,62064267.0,3.8399999141693115,0.0,0.0,-11615.0,-14016192.0,13066.0,15621949.0,-1451.0,-1605757.0,-1451.0,-1605757.0,0.0,0.0,0.0,0.0,0.0,0.0,0.0,0.0,0.0,0.0,0.0,0.0,0.0,0.0
064090,인크레더블버즈,코스닥,상품 종합 도매업,"Jayjun, Nerdy 외",798.0,0.0,0.0,0.0,0.0,0.0,0.0,0.0,0.0,0.0,0.0,0.0,0.0,0.0,0.0,0.0,0.0,0.0,0.0,0.0,0.0,0.0,0.0,0.0,0.0,0.0,0.0,0.0
216050,인크로스,코스닥,광고업,미디어렙서비스,4790.0,20171.0,96557850.0,1.4800000190734863,14380.0,0.009999999776482582,-5624.0,-26863360.0,6769.0,32396660.0,-1095.0,-5295200.0,-1095.0,-5295200.0,0.0,0.0,0.0,0.0,0.0,0.0,0.0,0.0,0.0,0.0,-50.0,-238100.0,0.0,0.0
049070,인탑스,코스닥,통신 및 방송 장비 제조업,"휴대용단말기 부품, 가전 부품, 자동차 부품, 의료기기 제품, 로봇 관련 제품 제조 등",19000.0,102023.0,1891553250.0,6.03000020980835,70649230.0,2.259999990463257,-49801.0,-925650250.0,49920.0,927874270.0,5.0,75080.0,5.0,75080.0,0.0,0.0,0.0,0.0,0.0,0.0,0.0,0.0,0.0,0.0,-41.0,-745740.0,-83.0,-1553360.0
119610,인터로조,코스닥,의료용 기기 제조업,"콘텍트렌즈(소프트렌즈, 원데이렌즈, 하드렌즈 등)",14070.0,47391.0,659641550.0,2.4000000953674316,84150.0,0.009999999776482582,7331.0,101998230.0,2240.0,30345960.0,2810.0,38438670.0,2810.0,38438670.0,0.0,0.0,0.0,0.0,0.0,0.0,0.0,0.0,0.0,0.0,-12381.0,-170782860.0,0.0,0.0
017250,인터엠,코스닥,영상 및 음향기기 제조업,음향기기,956.0,5816.0,5618379.0,1.4900000095367432,984.0,0.019999999552965164,775.0,749266.0,-916.0,-885359.0,0.0,0.0,0.0,0.0,0.0,0.0,0.0,0.0,0.0,0.0,0.0,0.0,0.0,0.0,141.0,136093.0,0.0,0.0
051370,인터플렉스,코스닥,전자부품 제조업,연성회로기판(Flexible PCB),7120.0,99413.0,699638845.0,2.890000104904175,7251960.0,1.0399999618530273,-10332.0,-72536455.0,14871.0,104540295.0,-4538.0,-31995370.0,-4538.0,-31995370.0,0.0,0.0,0.0,0.0,0.0,0.0,0.0,0.0,0.0,0.0,-11.0,-79370.0,10.0,70900.0
064290,인텍플러스,코스닥,특수 목적용 기계 제조업,"LED 외관검사장비, 반도체 외관검사장비, 태양전지 외관검사장비등",29600.0,359453.0,10503038125.0,9.020000457763672,161141200.0,1.5299999713897705,39989.0,1156513450.0,-120119.0,-3512896650.0,80307.0,2361970050.0,535.0,16585700.0,16872.0,504246850.0,64934.0,1904646400.0,0.0,0.0,-15.0,-446550.0,-2019.0,-63062350.0,-136.0,-3904050.0,-41.0,-1682800.0
189300,인텔리안테크,코스닥,통신 및 방송 장비 제조업,"위성통신 안테나, 해상용 위성방송 수신안테나",70200.0,91395.0,6394804150.0,0.28999999165534973,645065000.0,7.889999866485596,20784.0,1455188050.0,6325.0,438468250.0,-27649.0,-1931368600.0,-24418.0,-1707945800.0,-7.0,-492000.0,-1450.0,-100608200.0,0.0,0.0,1257.0,88558400.0,-3031.0,-210881000.0,573.0,40012500.0,-33.0,-2300200.0
287840,인투셀,코스닥,자연과학 및 공학 연구개발업,ADC 링커/톡신 플랫폼 기술,18430.0,44887.0,818309580.0,-0.9700000286102295,52568740.0,3.2100000381469727,7174.0,130801820.0,-7636.0,-139358510.0,462.0,8556690.0,462.0,8556690.0,0.0,0.0,0.0,0.0,0.0,0.0,0.0,0.0,0.0,0.0,0.0,0.0,0.0,0.0
048530,인트론바이오,코스닥,기초 의약물질 제조업,"바이오 신약, 분자진단제품, 동물용항생제대체재",2640.0,71089.0,185868850.0,-0.9399999976158142,17576650.0,9.460000038146973,17061.0,44735835.0,-25875.0,-67635820.0,0.0,-19285.0,0.0,-19285.0,0.0,0.0,0.0,0.0,0.0,0.0,0.0,0.0,0.0,0.0,5000.0,12850000.0,3814.0,10069270.0
070590,인티큐브,코스닥,"컴퓨터 프로그래밍, 시스템 통합 및 관리업",기업통신 및 무선인터넷,1709.0,18748.0,32029181.0,0.0,1715.0,0.009999999776482582,11081.0,18924388.0,-11081.0,-18924388.0,0.0,0.0,0.0,0.0,0.0,0.0,0.0,0.0,0.0,0.0,0.0,0.0,0.0,0.0,0.0,0.0,0.0,0.0
115310,인포바인,코스닥,전기 통신업,휴대폰인증서보관서비스(UBIKey),7110.0,3593.0,25627150.0,-0.9700000286102295,0.0,0.0,823.0,5945180.0,-820.0,-5923370.0,0.0,30.0,0.0,30.0,0.0,0.0,0.0,0.0,0.0,0.0,0.0,0.0,0.0,0.0,-3.0,-21840.0,0.0,0.0
039290,인포뱅크,코스닥,기타 정보 서비스업,"모바일메시징서비스,휴대폰단말기용S/W개발용역",3540.0,11187.0,39762980.0,-0.14000000059604645,0.0,0.0,-4202.0,-15095260.0,-801.0,-2865740.0,5003.0,17961000.0,5003.0,17961000.0,0.0,0.0,0.0,0.0,0.0,0.0,0.0,0.0,0.0,0.0,0.0,0.0,0.0,0.0
071200,인피니트헬스케어,코스닥,소프트웨어 개발 및 공급업,의료영상저장전송시스템(PACS),9410.0,68731.0,648991675.0,0.0,17972260.0,2.7699999809265137,-22546.0,-213943985.0,18308.0,174020625.0,0.0,0.0,0.0,0.0,0.0,0.0,0.0,0.0,0.0,0.0,0.0,0.0,0.0,0.0,3704.0,34852640.0,534.0,5070720.0
101930,인화정공,코스닥,선박 및 보트 건조업,선박엔진부품,7440.0,17948.0,131305250.0,9.569999694824219,7498070.0,3.930000066757202,1879.0,13751440.0,-2905.0,-21379680.0,0.0,0.0,0.0,0.0,0.0,0.0,0.0,0.0,0.0,0.0,0.0,0.0,0.0,0.0,26.0,188240.0,1000.0,7440000.0
333430,일승,코스닥,선박 및 보트 건조업,환경장비,4420.0,4409890.0,19387304288.0,7.800000190734863,42916480.0,0.2199999988079071,-112733.0,-470717306.0,115406.0,482279906.0,0.0,0.0,0.0,0.0,0.0,0.0,0.0,0.0,0.0,0.0,0.0,0.0,0.0,0.0,-246.0,-1090685.0,-2427.0,-10471915.0
068330,일신바이오,코스닥,일반 목적용 기계 제조업,초저온냉동고및동결건조기,918.0,70827.0,65946744.0,0.6600000262260437,244338.0,0.3700000047683716,13983.0,13090181.0,-13975.0,-13082757.0,0.0,0.0,0.0,0.0,0.0,0.0,0.0,0.0,0.0,0.0,0.0,0.0,0.0,0.0,0.0,0.0,-8.0,-7424.0
178780,일월지엠엘,코스닥,상품 종합 도매업,전기 및 온수매트,2200.0,2474.0,5385581.0,0.23000000417232513,213040.0,3.9600000381469727,358.0,778775.0,-358.0,-778775.0,0.0,0.0,0.0,0.0,0.0,0.0,0.0,0.0,0.0,0.0,0.0,0.0,0.0,0.0,0.0,0.0,0.0,0.0
019540,일지테크,코스닥,자동차 신품 부품 제조업,"차체(라지에타, 팩케이지, 씨트 크로스, 대쉬 판넬)",6610.0,56000.0,366984520.0,4.090000152587891,45990.0,0.009999999776482582,-28066.0,-183862855.0,28145.0,184382635.0,-73.0,-495540.0,-73.0,-495540.0,0.0,0.0,0.0,0.0,0.0,0.0,0.0,0.0,0.0,0.0,-6.0,-24240.0,0.0,0.0
094820,일진파워,코스닥,전기 및 통신 공사업,"열교환기,압력용기",11900.0,99458.0,1167210180.0,5.96999979019165,24867540.0,2.130000114440918,-10206.0,-120291875.0,14388.0,168890345.0,829.0,9768750.0,829.0,9768750.0,0.0,0.0,0.0,0.0,0.0,0.0,0.0,0.0,0.0,0.0,290.0,3428840.0,-5301.0,-61796060.0
950140,잉글우드랩,코스닥,기타 화학제품 제조업,화장품OEM·ODM,8900.0,9697.0,85535890.0,2.059999942779541,237510.0,0.2800000011920929,1036.0,9179765.0,-746.0,-6609025.0,0.0,0.0,0.0,0.0,0.0,0.0,0.0,0.0,0.0,0.0,0.0,0.0,0.0,0.0,-90.0,-796500.0,-200.0,-1774240.0
049550,잉크테크,코스닥,기타 화학제품 제조업,"잉크젯프린터용 잉크카트리지, 재충전 잉크",3410.0,8169.0,27670100.0,2.4000000953674316,3375.0,0.009999999776482582,-170.0,-551475.0,170.0,551475.0,0.0,0.0,0.0,0.0,0.0,0.0,0.0,0.0,0.0,0.0,0.0,0.0,0.0,0.0,0.0,0.0,0.0,0.0
389020,자람테크놀로지,코스닥,반도체 제조업,"XGSPON, 기가와이어, 광트랜시버 등",22000.0,70643.0,1537605925.0,10.65999984741211,81379425.0,5.289999961853027,4182.0,90100000.0,-6147.0,-133025450.0,-2.0,440850.0,2062.0,45194700.0,0.0,0.0,-2064.0,-44753850.0,0.0,0.0,0.0,0.0,0.0,0.0,0.0,0.0,1967.0,42484600.0
254120,자비스,코스닥,특수 목적용 기계 제조업,자동엑스레이검사장비,954.0,185269.0,178485155.0,-4.599999904632568,1411084.0,0.7900000214576721,-8437.0,-7996159.0,8323.0,7885387.0,0.0,0.0,0.0,0.0,0.0,0.0,0.0,0.0,0.0,0.0,0.0,0.0,0.0,0.0,14.0,13472.0,100.0,97300.0
043910,자연과환경,코스닥,"시멘트, 석회, 플라스터 및 그 제품 제조업","스테인레스파이프, 다공성식생블록,조경원예자재",2915.0,29681.0,87546015.0,-1.190000057220459,38325.0,0.03999999910593033,-1159.0,-3609155.0,-2374.0,-6945450.0,0.0,0.0,0.0,0.0,0.0,0.0,0.0,0.0,0.0,0.0,0.0,0.0,0.0,0.0,3517.0,10506205.0,16.0,48400.0
234920,자이글,코스닥,가정용 기기 제조업,적외선 가열 조리기,5310.0,0.0,0.0,0.0,0.0,0.0,0.0,0.0,0.0,0.0,0.0,0.0,0.0,0.0,0.0,0.0,0.0,0.0,0.0,0.0,0.0,0.0,0.0,0.0,0.0,0.0,0.0,0.0
289220,자이언트스텝,코스닥,"영화, 비디오물, 방송프로그램 제작 및 배급업","광고VFX, 영상VFX 및 리얼타임 콘텐츠 제작",1182.0,47517.0,55648376.0,-2.2300000190734863,0.0,0.0,9253.0,11062413.0,-9253.0,-11062413.0,0.0,0.0,0.0,0.0,0.0,0.0,0.0,0.0,0.0,0.0,0.0,0.0,0.0,0.0,0.0,0.0,0.0,0.0
049630,재영솔루텍,코스닥,사진장비 및 광학기기 제조업,플라스틱 사출금형,6340.0,183180.0,1163621060.0,3.5899999141693115,32099600.0,2.759999990463257,-12761.0,-80895060.0,12374.0,78535240.0,0.0,0.0,0.0,0.0,0.0,0.0,0.0,0.0,0.0,0.0,0.0,0.0,0.0,0.0,0.0,0.0,387.0,2359820.0
417840,저스템,코스닥,특수 목적용 기계 제조업,반도체 습도제어 System,10130.0,866365.0,8544310505.0,8.0,164834610.0,1.9299999475479126,78000.0,765536180.0,-116675.0,-1148073125.0,39459.0,389609575.0,904.0,9073370.0,-2.0,-20000.0,11497.0,112866375.0,0.0,0.0,-38.0,-378115.0,27098.0,268067945.0,-26.0,47070.0,-758.0,-7119700.0
110020,전진바이오팜,코스닥,기타 화학제품 제조업,"방충방향제, 유해동물피해감소제, 기생충피해감소제",1874.0,6420.0,11765472.0,4.869999885559082,180434.0,1.5299999713897705,-385.0,-691384.0,385.0,691384.0,0.0,0.0,0.0,0.0,0.0,0.0,0.0,0.0,0.0,0.0,0.0,0.0,0.0,0.0,0.0,0.0,0.0,0.0
208140,정다운,코스닥,"도축, 육류 가공 및 저장 처리업","통오리,정육,오리털,훈연육",2235.0,14396.0,31987012.0,0.2199999988079071,290240.0,0.9100000262260437,1671.0,3711717.0,-1283.0,-2847437.0,-28.0,-62580.0,-28.0,-62580.0,0.0,0.0,0.0,0.0,0.0,0.0,0.0,0.0,0.0,0.0,140.0,310800.0,-500.0,-1112500.0
208140,정다운,코스닥,"도축, 육류 가공 및 저장 처리업","통오리,정육,오리털,훈연육",2235.0,14396.0,31987012.0,0.2199999988079071,290240.0,0.9100000262260437,1671.0,3711717.0,-1283.0,-2847437.0,-28.0,-62580.0,-28.0,-62580.0,0.0,0.0,0.0,0.0,0.0,0.0,0.0,0.0,0.0,0.0,140.0,310800.0,-500.0,-1112500.0
040420,정상제이엘에스,코스닥,일반 교습 학원,어학교육업,5770.0,19253.0,111059510.0,0.0,17370.0,0.019999999552965164,-6582.0,-37975835.0,7401.0,42704180.0,-817.0,-4716825.0,0.0,0.0,0.0,0.0,-817.0,-4716825.0,0.0,0.0,0.0,0.0,0.0,0.0,0.0,0.0,-2.0,-11520.0
045510,정원엔시스,코스닥,기계장비 및 관련 물품 도매업,"SI(시스템통합) 관련 소프트웨어, 중.대형 고속 레이져 프린터",1007.0,66755.0,66901073.0,-0.4000000059604645,1011485.0,1.5099999904632568,-5396.0,-5493547.0,5570.0,5667554.0,0.0,0.0,0.0,0.0,0.0,0.0,0.0,0.0,0.0,0.0,0.0,0.0,0.0,0.0,-174.0,-174007.0,0.0,0.0
217190,제너셈,코스닥,특수 목적용 기계 제조업,반도체 후공정 장비,5080.0,66904.0,340519275.0,6.389999866485596,134980.0,0.03999999910593033,-19563.0,-100013725.0,22803.0,116386195.0,0.0,0.0,0.0,0.0,0.0,0.0,0.0,0.0,0.0,0.0,0.0,0.0,0.0,0.0,10.0,49400.0,-3250.0,-16421870.0
095700,제넥신,코스닥,자연과학 및 공학 연구개발업,항체융합단백질 치료제 및 유전자치료 백신개발,2670.0,95908.0,258261914.0,1.1399999856948853,14792230.0,5.730000019073486,8568.0,22342685.0,-4664.0,-11828348.0,-3703.0,-9973662.0,-3703.0,-9973662.0,0.0,0.0,0.0,0.0,0.0,0.0,0.0,0.0,0.0,0.0,0.0,0.0,-201.0,-540675.0
122310,제노레이,코스닥,의료용 기기 제조업,의료용 방사선 진단기기,3485.0,28382.0,98446820.0,1.899999976158142,510850.0,0.5199999809265137,-2224.0,-7443855.0,2337.0,7839875.0,0.0,0.0,0.0,0.0,0.0,0.0,0.0,0.0,0.0,0.0,0.0,0.0,0.0,0.0,-113.0,-396020.0,0.0,0.0
361390,제노코,코스닥,통신 및 방송 장비 제조업,"위성탑재체, 위성운용국, 항공전자 등",13360.0,42115.0,566162295.0,5.110000133514404,33357520.0,5.889999866485596,10339.0,139767185.0,-9254.0,-125400175.0,-1166.0,-15595990.0,-1166.0,-15595990.0,0.0,0.0,0.0,0.0,0.0,0.0,0.0,0.0,0.0,0.0,0.0,0.0,81.0,1228980.0
225220,제놀루션,코스닥,기초 의약물질 제조업,"핵산추출기기 및 시약, RNAi 사업 등",1303.0,28585.0,37122982.0,0.23000000417232513,3912.0,0.009999999776482582,9639.0,12493327.0,-8987.0,-11706304.0,-652.0,-787023.0,-652.0,-787023.0,0.0,0.0,0.0,0.0,0.0,0.0,0.0,0.0,0.0,0.0,0.0,0.0,0.0,0.0
123330,제닉,코스닥,기타 화학제품 제조업,"하이드로겔 마스크 팩, 기타화장품",25950.0,155222.0,3965077800.0,8.579999923706055,54664600.0,1.3799999952316284,-50653.0,-1294481800.0,37064.0,943861475.0,16316.0,421124825.0,-426.0,-10069700.0,0.0,0.0,-2979.0,-77457875.0,0.0,0.0,-2.0,-51800.0,19723.0,508704200.0,-2767.0,-71669400.0,40.0,1164900.0
381620,제닉스로보틱스,코스닥,특수 목적용 기계 제조업,"Stocker, AGV/AMR",6440.0,220972.0,1393716355.0,6.980000019073486,8285630.0,0.5899999737739563,-50043.0,-310517055.0,51010.0,316462785.0,0.0,-19710.0,0.0,-19710.0,0.0,0.0,0.0,0.0,0.0,0.0,0.0,0.0,0.0,0.0,8.0,50320.0,-975.0,-5976340.0
159580,제로투세븐,코스닥,생활용품 도매업,유아동복 및 용품,2165.0,16344.0,35168795.0,1.8799999952316284,40885.0,0.11999999731779099,3610.0,7795630.0,-3650.0,-7880815.0,0.0,-15.0,0.0,-15.0,0.0,0.0,0.0,0.0,0.0,0.0,0.0,0.0,0.0,0.0,0.0,0.0,40.0,85200.0
147830,제룡산업,코스닥,"구조용 금속제품, 탱크 및 증기발생기 제조업",송배전 금구류 및 합성수지 제품,6850.0,1248850.0,8583509675.0,11.020000457763672,57580620.0,0.6700000166893005,41511.0,311446670.0,-39468.0,-297570435.0,0.0,-105930.0,0.0,-105930.0,0.0,0.0,0.0,0.0,0.0,0.0,0.0,0.0,0.0,0.0,-771.0,-5196565.0,-1272.0,-8573740.0
033100,제룡전기,코스닥,"전동기, 발전기 및 전기 변환 · 공급 · 제어 장치 제조업","송배전용금구류,변압기",47400.0,294560.0,13929792025.0,6.039999961853027,2384526825.0,9.5,30671.0,1446576725.0,-31811.0,-1501602225.0,2333.0,110393550.0,-1271.0,-59739325.0,-2.0,-95500.0,369.0,17460600.0,0.0,0.0,0.0,0.0,3237.0,152767775.0,23.0,868600.0,-1216.0,-56236650.0
079370,제우스,코스닥,특수 목적용 기계 제조업,LCD제조용장비,9120.0,168968.0,1544542855.0,1.899999976158142,46840330.0,3.0299999713897705,35865.0,328249455.0,7848.0,70940295.0,-43611.0,-398253340.0,-46.0,-358700.0,0.0,0.0,0.0,0.0,0.0,0.0,0.0,0.0,-43565.0,-397894640.0,32.0,290110.0,-134.0,-1226520.0
054950,제이브이엠,코스닥,일반 목적용 기계 제조업,"전자동 정제,분류 및 포장시스템",24150.0,12204.0,295801575.0,2.109999895095825,74027450.0,13.279999732971191,1319.0,31733250.0,-1465.0,-35279400.0,186.0,4521150.0,186.0,4521150.0,0.0,0.0,0.0,0.0,0.0,0.0,0.0,0.0,0.0,0.0,-40.0,-975000.0,0.0,0.0
090470,제이스로보틱스,코스닥,특수 목적용 기계 제조업,기계장비(디스플레이장비),4415.0,23943.0,105839752.0,2.0799999237060547,601140.0,0.5699999928474426,1785.0,7940797.0,-5670.0,-25231702.0,0.0,0.0,0.0,0.0,0.0,0.0,0.0,0.0,0.0,0.0,0.0,0.0,0.0,0.0,4025.0,17923005.0,-140.0,-632100.0
023440,제이스코홀딩스,코스닥,1차 철강 제조업,"연강선재, 경강선재, CHQ외",521.0,0.0,0.0,0.0,0.0,0.0,0.0,0.0,0.0,0.0,0.0,0.0,0.0,0.0,0.0,0.0,0.0,0.0,0.0,0.0,0.0,0.0,0.0,0.0,0.0,0.0,0.0,0.0
137950,제이씨케미칼,코스닥,기타 화학제품 제조업,"바이오디젤, 바이오중유 등",2795.0,55175.0,152318565.0,3.7100000381469727,4351625.0,2.859999895095825,2430.0,6847245.0,-2438.0,-6869470.0,8.0,22225.0,8.0,22225.0,0.0,0.0,0.0,0.0,0.0,0.0,0.0,0.0,0.0,0.0,0.0,0.0,0.0,0.0
033320,제이씨현시스템,코스닥,기계장비 및 관련 물품 도매업,"메인보드, 그래픽카드",2820.0,57962.0,164579000.0,0.18000000715255737,5452165.0,3.309999942779541,6259.0,17648785.0,-6259.0,-17626695.0,0.0,-22090.0,0.0,-22090.0,0.0,0.0,0.0,0.0,0.0,0.0,0.0,0.0,0.0,0.0,0.0,0.0,0.0,0.0
417500,제이아이테크,코스닥,기타 화학제품 제조업,반도체 프리커서 및 쿼츠/블랭크/포토마스크용 케이스,3270.0,128271.0,424082155.0,1.8700000047683716,336920.0,0.07999999821186066,-69943.0,-230735535.0,69843.0,230403210.0,0.0,-175.0,0.0,-175.0,0.0,0.0,0.0,0.0,0.0,0.0,0.0,0.0,0.0,0.0,0.0,0.0,100.0,332500.0
204270,제이앤티씨,코스닥,전자부품 제조업,"강화유리, 커넥터",15190.0,191895.0,2927676210.0,0.8600000143051147,378539030.0,12.930000305175781,6240.0,92082980.0,20932.0,319800300.0,-24478.0,-370887990.0,-24493.0,-371117140.0,0.0,0.0,15.0,229150.0,0.0,0.0,0.0,0.0,0.0,0.0,-3140.0,-47775190.0,446.0,6779900.0
127120,제이에스링크,코스닥,자연과학 및 공학 연구개발업,"유전체분석(EGIS), 개인유전체분석(DNAGPS)",35350.0,214258.0,7600415975.0,7.449999809265137,662539275.0,5.489999771118164,-11969.0,-426284925.0,10364.0,376460825.0,-1709.0,-65549775.0,-1.0,1983400.0,-49.0,-1735350.0,5407.0,186345600.0,0.0,0.0,-11157.0,-397766700.0,0.0,0.0,3379.0,117791125.0,-65.0,-2417250.0
026040,제이에스티나,코스닥,귀금속 및 장신용품 제조업,"주얼리,가죽제품,손목시계",1774.0,18888.0,33551417.0,1.2000000476837158,271280.0,0.8100000023841858,-2503.0,-4479589.0,2877.0,5155781.0,-374.0,-676192.0,-374.0,-676192.0,0.0,0.0,0.0,0.0,0.0,0.0,0.0,0.0,0.0,0.0,0.0,0.0,0.0,0.0
452160,제이엔비,코스닥,특수 목적용 기계 제조업,"진공 펌프용 유틸리티 장치(Stacker 등), 정밀가공 부품",3200.0,14427.0,46225769.0,3.9000000953674316,0.0,0.0,-4425.0,-14119809.0,4404.0,14052134.0,0.0,0.0,0.0,0.0,0.0,0.0,0.0,0.0,0.0,0.0,0.0,0.0,0.0,0.0,6.0,19000.0,15.0,48675.0
126880,제이엔케이글로벌,코스닥,일반 목적용 기계 제조업,"산업용가열로, 수소충전소",2650.0,70545.0,186498891.0,0.7599999904632568,7423470.0,3.9800000190734863,-217.0,-527454.0,236.0,598274.0,-19.0,-70820.0,-19.0,-70820.0,0.0,0.0,0.0,0.0,0.0,0.0,0.0,0.0,0.0,0.0,0.0,0.0,0.0,0.0
322510,제이엘케이,코스닥,소프트웨어 개발 및 공급업,"인공지능 기반 의료영상 진단 플랫폼, 인공지능 기반 산업용 X-ray 판독시스템",5480.0,115112.0,636085915.0,0.7400000095367432,27334880.0,4.300000190734863,-7551.0,-42013340.0,7400.0,41196760.0,681.0,3723680.0,681.0,3723680.0,0.0,0.0,0.0,0.0,0.0,0.0,0.0,0.0,0.0,0.0,0.0,0.0,-530.0,-2907100.0
033050,제이엠아이,코스닥,기타 화학제품 제조업,CD복제품,933.0,17339.0,16277543.0,0.9700000286102295,948.0,0.009999999776482582,5676.0,5357298.0,-5676.0,-5357298.0,0.0,0.0,0.0,0.0,0.0,0.0,0.0,0.0,0.0,0.0,0.0,0.0,0.0,0.0,0.0,0.0,0.0,0.0
094970,제이엠티,코스닥,전자부품 제조업,LCD패널용PBA,3210.0,815440.0,2717605552.0,4.21999979019165,9220115.0,0.3400000035762787,-64658.0,-202976903.0,52294.0,162021576.0,12334.0,41119657.0,12334.0,41119657.0,0.0,0.0,0.0,0.0,0.0,0.0,0.0,0.0,0.0,0.0,0.0,3470.0,30.0,-167800.0
418550,제이오,코스닥,"건축기술, 엔지니어링 및 관련 기술 서비스업","탄소나노튜브, 금속탱크 및 유사용기",4265.0,96555.0,415096273.0,3.0199999809265137,14661705.0,3.5299999713897705,1963.0,8271721.0,-17911.0,-77218286.0,-117.0,-508835.0,-117.0,-508835.0,0.0,0.0,0.0,0.0,0.0,0.0,0.0,0.0,0.0,0.0,16065.0,69455400.0,0.0,0.0
060230,제이케이시냅스,코스닥,기타 화학제품 제조업,화학제품 및 전자재료,1419.0,123471.0,172338897.0,0.5699999928474426,723284.0,0.41999998688697815,-18380.0,-25646216.0,10659.0,14624129.0,0.0,96256.0,0.0,96256.0,0.0,0.0,0.0,0.0,0.0,0.0,0.0,0.0,0.0,0.0,621.0,782149.0,7100.0,10143682.0
420570,제이투케이바이오,코스닥,기타 화학제품 제조업,화장품 원료(천연소재 바이오소재 등),9530.0,14596.0,137612390.0,2.0299999713897705,6783760.0,4.929999828338623,2244.0,21132690.0,-2225.0,-20950670.0,-19.0,-182020.0,-19.0,-182020.0,0.0,0.0,0.0,0.0,0.0,0.0,0.0,0.0,0.0,0.0,0.0,0.0,0.0,0.0
089790,제이티,코스닥,특수 목적용 기계 제조업,반도체장비(Burn-in Sorter 등),4080.0,27360.0,111682978.0,2.380000114440918,3083740.0,2.759999990463257,-9312.0,-37964801.0,9312.0,37964801.0,0.0,0.0,0.0,0.0,0.0,0.0,0.0,0.0,0.0,0.0,0.0,0.0,0.0,0.0,0.0,0.0,0.0,0.0
0010V0,제이피아이헬스케어,코스닥,의료용 기기 제조업,"X-ray Grid, 의료영상기기 등",9200.0,17539.0,159183760.0,2.3399999141693115,2949750.0,1.850000023841858,-5943.0,-53967120.0,-2211.0,-20188700.0,8165.0,74256040.0,8165.0,74256040.0,0.0,0.0,0.0,0.0,0.0,0.0,0.0,0.0,0.0,0.0,-12.0,-109090.0,1.0,8870.0
412540,제일엠앤에스,코스닥,특수 목적용 기계 제조업,2차전지 믹싱시스템,3935.0,0.0,0.0,0.0,0.0,0.0,0.0,0.0,0.0,0.0,0.0,0.0,0.0,0.0,0.0,0.0,0.0,0.0,0.0,0.0,0.0,0.0,0.0,0.0,0.0,0.0,0.0,0.0
199820,제일일렉트릭,코스닥,"전동기, 발전기 및 전기 변환 · 공급 · 제어 장치 제조업","PCB Assay, 배선기구, 분전반 등",7710.0,1122784.0,8715423700.0,11.739999771118164,202344730.0,2.319999933242798,59250.0,508468210.0,-79404.0,-661710725.0,19901.0,151230615.0,-6.0,-51590.0,0.0,0.0,2244.0,16959675.0,0.0,0.0,0.0,0.0,17663.0,134322530.0,4.0,16040.0,249.0,1995860.0
038010,제일테크노스,코스닥,"구조용 금속제품, 탱크 및 증기발생기 제조업",DECK PLATE,5260.0,8069.0,42073740.0,1.940000057220459,360880.0,0.8600000143051147,-1161.0,-5996130.0,935.0,4834820.0,385.0,1988930.0,385.0,1988930.0,0.0,0.0,0.0,0.0,0.0,0.0,0.0,0.0,0.0,0.0,-159.0,-827620.0,0.0,0.0
080220,제주반도체,코스닥,반도체 제조업,"모바일용 LP DDR SDRAM, CRAM, SRAM",75500.0,1886220.0,140342078650.0,7.860000133514404,4537356600.0,3.2300000190734863,128772.0,9375712350.0,-128602.0,-9345688350.0,-11398.0,-868989650.0,-37366.0,-2809348950.0,-33.0,-2504250.0,25683.0,1932245400.0,0.0,0.0,-11438.0,-862861250.0,11756.0,873479400.0,9510.0,714632050.0,1718.0,124333600.0
216080,제테마,코스닥,의료용품 및 기타 의약 관련제품 제조업,"히알루론산 필러(조직수복용생체재료), 피부과용 레이저 의료기기, 리프팅실 등",4375.0,68615.0,302012713.0,0.0,0.0,0.0,-18599.0,-81590650.0,16572.0,72666770.0,1099.0,4854820.0,1099.0,4854820.0,0.0,0.0,0.0,0.0,0.0,0.0,0.0,0.0,0.0,0.0,928.0,4069060.0,0.0,0.0
337930,젝시믹스,코스닥,기타 정보 서비스업,"애슬레저의류, 생활/청결 용품",2895.0,43728.0,127587378.0,0.699999988079071,3424550.0,2.680000066757202,11767.0,34226005.0,-11769.0,-34231865.0,2.0,5860.0,2.0,5860.0,0.0,0.0,0.0,0.0,0.0,0.0,0.0,0.0,0.0,0.0,0.0,0.0,0.0,0.0
229000,젠큐릭스,코스닥,의료용품 및 기타 의약 관련제품 제조업,유방암 예후진단 및 폐암/대장암 동반진단 제품/검사서비스,1710.0,113178.0,193390680.0,3.950000047683716,9273899.0,4.800000190734863,-2874.0,-5086224.0,-6996.0,-11924657.0,-56.0,-95704.0,-56.0,-95704.0,0.0,0.0,0.0,0.0,0.0,0.0,0.0,0.0,0.0,0.0,10326.0,17792635.0,-400.0,-686050.0
082270,젬백스,코스닥,특수 목적용 기계 제조업,"ChemicalAirFilter,GasScrubber",11530.0,219546.0,2603704845.0,-5.260000228881836,208833440.0,5.78000020980835,106752.0,1264568215.0,-60546.0,-722595800.0,-47245.0,-553965785.0,-42389.0,-496520405.0,0.0,0.0,27.0,318830.0,0.0,0.0,0.0,0.0,-4883.0,-57764210.0,1019.0,11758270.0,20.0,235100.0
153890,져스텍,코스닥,"전동기, 발전기 및 전기 변환 · 공급 · 제어 장치 제조업",반도체 및 디스플레이 모션시스템,8470.0,3777850.0,31564741370.0,24.190000534057617,24859840.0,0.07999999821186066,22822.0,223553595.0,-36346.0,-346662055.0,14386.0,123971420.0,14400.0,125796930.0,0.0,0.0,1073.0,7466810.0,0.0,0.0,0.0,0.0,-1059.0,-9044520.0,-552.0,-611055.0,-310.0,-251905.0
034940,조아제약,코스닥,의약품 제조업,"의약품,의약부외품,보건보조식품,위생용품의제조판매",550.0,0.0,0.0,0.0,0.0,0.0,0.0,0.0,0.0,0.0,0.0,0.0,0.0,0.0,0.0,0.0,0.0,0.0,0.0,0.0,0.0,0.0,0.0,0.0,0.0,0.0,0.0,0.0
067000,조이시티,코스닥,소프트웨어 개발 및 공급업,온라인게임(프리스타일농구),1090.0,1396443.0,1568237902.0,-11.449999809265137,51798764.0,3.299999952316284,596984.0,667597388.0,-651445.0,-727976566.0,57.0,161554.0,57.0,161554.0,0.0,0.0,0.0,0.0,0.0,0.0,0.0,0.0,0.0,0.0,51335.0,56783539.0,3069.0,3434085.0
309930,조이웍스앤코,코스닥,기타 생활용품 소매업,기업인수합병,938.0,203014.0,192036434.0,-2.390000104904175,17343.0,0.009999999776482582,28063.0,27233980.0,-29272.0,-28333417.0,0.0,0.0,0.0,0.0,0.0,0.0,0.0,0.0,0.0,0.0,0.0,0.0,0.0,0.0,1509.0,1394637.0,-300.0,-295200.0
018700,졸스,코스닥,생활용품 도매업,지제품,1419.0,22376.0,31547655.0,2.5299999713897705,1559579.0,4.940000057220459,975.0,1454777.0,-975.0,-1454777.0,0.0,0.0,0.0,0.0,0.0,0.0,0.0,0.0,0.0,0.0,0.0,0.0,0.0,0.0,0.0,0.0,0.0,0.0
033340,좋은사람들,코스닥,봉제의복 제조업,패션내의,333.0,758751.0,253034212.0,2.1500000953674316,68555.0,0.029999999329447746,-97808.0,-32232546.0,89805.0,29514093.0,0.0,0.0,0.0,0.0,0.0,0.0,0.0,0.0,0.0,0.0,0.0,0.0,0.0,0.0,0.0,0.0,8003.0,2718453.0
036930,주성엔지니어링,코스닥,특수 목적용 기계 제조업,LP CVD,142900.0,1052882.0,148429167250.0,5.070000171661377,6589844350.0,4.440000057220459,108899.0,15090719200.0,-110851.0,-15413130050.0,-692.0,-52401900.0,-6500.0,-906677150.0,-103.0,-14635350.0,14274.0,2045628400.0,0.0,0.0,2181.0,308386250.0,-10534.0,-1483693050.0,1351.0,194797900.0,1293.0,180014850.0
072020,중앙백신,코스닥,기초 의약물질 제조업,동물용백신,9190.0,11243.0,103693560.0,-0.4300000071525574,193320.0,0.1899999976158142,1003.0,9300570.0,-1235.0,-11426430.0,0.0,0.0,0.0,0.0,0.0,0.0,0.0,0.0,0.0,0.0,0.0,0.0,0.0,0.0,232.0,2125860.0,0.0,0.0
000440,중앙에너비스,코스닥,기타 전문 도매업,석유류도소매,12090.0,72466.0,867520570.0,-2.740000009536743,2552190.0,0.28999999165534973,-22584.0,-270923945.0,22328.0,267820155.0,244.0,2960770.0,244.0,2960770.0,0.0,0.0,0.0,0.0,0.0,0.0,0.0,0.0,0.0,0.0,0.0,0.0,12.0,143020.0
051980,중앙첨단소재,코스닥,통신 및 방송 장비 제조업,통신장비 등,999.0,772741.0,776853069.0,4.28000020980835,0.0,0.0,-70137.0,-70493001.0,70867.0,71243498.0,0.0,0.0,0.0,0.0,0.0,0.0,0.0,0.0,0.0,0.0,0.0,0.0,0.0,0.0,135.0,124175.0,-865.0,-874672.0
221800,지구홀딩스,코스닥,기타 과학기술 서비스업,"체외진단검사서비스, 의료IT솔루션",3920.0,87819.0,350283390.0,-2.490000009536743,4021230.0,1.149999976158142,11068.0,44217525.0,-11103.0,-44403490.0,34.0,181850.0,34.0,181850.0,0.0,0.0,0.0,0.0,0.0,0.0,0.0,0.0,0.0,0.0,0.0,0.0,1.0,4115.0
228760,지노믹트리,코스닥,자연과학 및 공학 연구개발업,암 조기진단 제품,13190.0,64414.0,842595905.0,3.2100000381469727,35589700.0,3.0,8814.0,116120970.0,-8878.0,-117781350.0,-1179.0,-14905310.0,-1179.0,-14905310.0,0.0,0.0,0.0,0.0,0.0,0.0,0.0,0.0,0.0,0.0,1044.0,13966700.0,199.0,2598990.0
314130,지놈앤컴퍼니,코스닥,기초 의약물질 제조업,"마이크로바이옴 기반 치료제, 화장품, 건강기능식품",3580.0,480370.0,1752937085.0,-1.9199999570846558,13472465.0,0.7699999809265137,126828.0,459841245.0,-9383.0,-35524830.0,24492.0,88201905.0,29005.0,104840140.0,0.0,0.0,0.0,0.0,0.0,0.0,0.0,0.0,0.0,0.0,-142200.0,-513466190.0,263.0,947870.0
389030,지니너스,코스닥,자연과학 및 공학 연구개발업,"NGS기반 조직생검 암유전체 동반진단(CancerSCAN), 액체생검 암유전체 동반진단(LiquidSCAN), 단일세포분석(Celinus) 등",2195.0,132130.0,288139110.0,1.149999976158142,469750.0,0.1599999964237213,17490.0,38038435.0,-16434.0,-35578980.0,-646.0,-1559505.0,-646.0,-1559505.0,0.0,0.0,0.0,0.0,0.0,0.0,0.0,0.0,0.0,0.0,0.0,0.0,-410.0,-899950.0
263860,지니언스,코스닥,소프트웨어 개발 및 공급업,"네트워크 접근 제어 솔루션(NAC), 단말기반 지능형 위협 탐지 대응 솔루션(EDR)",14900.0,49658.0,742639970.0,2.190000057220459,26687740.0,3.5899999141693115,-6509.0,-93991560.0,1318.0,16935890.0,2506.0,37422040.0,6.0,90750.0,0.0,0.0,2500.0,37331290.0,0.0,0.0,0.0,0.0,0.0,0.0,2695.0,39781730.0,-10.0,-148100.0
303030,지니틱스,코스닥,반도체 제조업,반도체 IC,1880.0,56286.0,104603553.0,2.7300000190734863,1157385.0,1.1100000143051147,-5205.0,-9358463.0,6985.0,12637432.0,0.0,0.0,0.0,0.0,0.0,0.0,0.0,0.0,0.0,0.0,0.0,0.0,0.0,0.0,-1785.0,-3288307.0,5.0,9338.0
208350,지란지교시큐리티,코스닥,소프트웨어 개발 및 공급업,보안 소프트웨어,2765.0,4588.0,12679820.0,-0.18000000715255737,0.0,0.0,-1455.0,-3976795.0,1455.0,3976795.0,0.0,0.0,0.0,0.0,0.0,0.0,0.0,0.0,0.0,0.0,0.0,0.0,0.0,0.0,0.0,0.0,0.0,0.0
446840,지슨,코스닥,"측정, 시험, 항해, 제어 및 기타 정밀기기 제조업; 광학기기 제외",무선도청탐지기,3150.0,11674.0,36240260.0,0.3199999928474426,664540.0,1.8300000429153442,1191.0,3767300.0,464.0,1388275.0,904.0,2761450.0,0.0,0.0,0.0,0.0,608.0,1846780.0,0.0,0.0,0.0,0.0,296.0,914670.0,-2000.0,-6150535.0,-559.0,-1766490.0
144510,지씨셀,코스닥,"그외 기타 전문, 과학 및 기술 서비스업","세포치료제, 검체검사서비스, 제대혈은행",14340.0,42518.0,612036495.0,0.07000000029802322,22845760.0,3.25,-8033.0,-115538870.0,6201.0,88633750.0,1867.0,27400810.0,1867.0,27400810.0,0.0,0.0,0.0,0.0,0.0,0.0,0.0,0.0,0.0,0.0,-198.0,-2841990.0,163.0,2346300.0
340450,지씨지놈,코스닥,"그외 기타 전문, 과학 및 기술 서비스업","G-NIPT, 아이캔서치, 암패널, 희귀패널 등",5230.0,135985.0,717912180.0,2.549999952316284,3994910.0,0.5600000023841858,-6420.0,-34249250.0,4775.0,25860240.0,4595.0,24144090.0,2200.0,11352520.0,0.0,0.0,2395.0,12791570.0,0.0,0.0,0.0,0.0,0.0,0.0,-3000.0,-16025080.0,50.0,270000.0
306620,지아이에스,코스닥,특수 목적용 기계 제조업,기업인수합병,1684.0,349047.0,592897666.0,5.78000020980835,15143951.0,2.549999952316284,54571.0,93661344.0,-55541.0,-95322466.0,1000.0,1699872.0,1000.0,1699872.0,0.0,0.0,0.0,0.0,0.0,0.0,0.0,0.0,0.0,0.0,0.0,0.0,-30.0,-38750.0
358570,지아이이노베이션,코스닥,자연과학 및 공학 연구개발업,면역항암제 및 알레르기 치료제,8190.0,772328.0,6227164410.0,-4.210000038146973,385192090.0,4.489999771118164,297437.0,2371318900.0,89914.0,718153600.0,-390960.0,-3118759620.0,-80616.0,-652675020.0,-36690.0,-292216480.0,-15272.0,-119841220.0,0.0,0.0,-220209.0,-1752324690.0,-38173.0,-301702210.0,3385.0,27567190.0,224.0,1719930.0
382480,지아이텍,코스닥,특수 목적용 기계 제조업,"SLOT DIE, SLIT NOZZLE, REPAIR, 기타",1800.0,73685.0,133392449.0,1.409999966621399,411978.0,0.3100000023841858,-8651.0,-15790137.0,8651.0,15790137.0,0.0,0.0,0.0,0.0,0.0,0.0,0.0,0.0,0.0,0.0,0.0,0.0,0.0,0.0,0.0,0.0,0.0,0.0
382800,지앤비에스 에코,코스닥,특수 목적용 기계 제조업,"스크러버, 트랩, 백연제거장치 등",4665.0,335930.0,1575708747.0,4.599999904632568,36776955.0,2.3299999237060547,51479.0,243918799.0,-37939.0,-182552679.0,-15558.0,-71038820.0,-4674.0,-21134330.0,0.0,0.0,-3054.0,-13787770.0,0.0,0.0,0.0,0.0,-7830.0,-36116720.0,111.0,516900.0,1907.0,9155800.0
051160,지어소프트,코스닥,소프트웨어 개발 및 공급업,"Mobile Solution & Platform, Internet GIS, Mobile Service",10000.0,596804.0,5825900450.0,7.869999885559082,58518010.0,1.0,-173227.0,-1731100715.0,123559.0,1231401590.0,9077.0,90601850.0,376.0,3404010.0,0.0,0.0,0.0,0.0,0.0,0.0,0.0,0.0,8801.0,88212840.0,38524.0,388064155.0,2067.0,21033120.0
053050,지에스이,코스닥,연료용 가스 제조 및 배관공급업,도시가스,1682.0,115955.0,196736367.0,-1.2899999618530273,26629745.0,13.539999961853027,41027.0,69756311.0,-41027.0,-69756311.0,0.0,0.0,0.0,0.0,0.0,0.0,0.0,0.0,0.0,0.0,0.0,0.0,0.0,0.0,0.0,0.0,0.0,0.0
388610,지에프씨생명과학,코스닥,기타 화학제품 제조업,"마이크로바이옴, 엑소좀 기반 바이오 소재",5980.0,4919.0,29507830.0,1.3600000143051147,126250.0,0.4300000071525574,260.0,1601340.0,-260.0,-1601340.0,0.0,0.0,0.0,0.0,0.0,0.0,0.0,0.0,0.0,0.0,0.0,0.0,0.0,0.0,0.0,0.0,0.0,0.0
493330,지에프아이,코스닥,일반 목적용 기계 제조업,"2차전지소화안전제품, 일반소화안전제품",10060.0,38223.0,386172705.0,-0.4000000059604645,0.0,0.0,10599.0,108176930.0,-9619.0,-98418130.0,-944.0,-9392790.0,0.0,141900.0,0.0,0.0,0.0,0.0,0.0,0.0,0.0,0.0,-944.0,-9534690.0,-23.0,-235750.0,-13.0,-130260.0
119850,지엔씨에너지,코스닥,"전동기, 발전기 및 전기 변환 · 공급 · 제어 장치 제조업","비상발전기, 소형열병합발전설비, 바이오가스발전설비",50000.0,1057153.0,53758088425.0,-2.3399999141693115,924694500.0,1.0099999904632568,-47111.0,-2484849425.0,43847.0,2204807425.0,6718.0,462377550.0,24481.0,1262315825.0,-1681.0,-84293900.0,-27754.0,-1401679775.0,0.0,0.0,-9850.0,-494767550.0,21522.0,1180802950.0,-2809.0,-148359650.0,-645.0,-33975900.0
065060,지엔코,코스닥,봉제의복 제조업,"캐쥬얼의류(Thursday Island, TI FOR MEN)",3480.0,10771.0,36878180.0,-2.930000066757202,1837870.0,4.980000019073486,-77.0,-233830.0,-3073.0,-10545600.0,0.0,0.0,0.0,0.0,0.0,0.0,0.0,0.0,0.0,0.0,0.0,0.0,0.0,0.0,3120.0,10676280.0,30.0,103150.0
204840,지엘팜텍,코스닥,생활용품 도매업,의약품 연구개발업,814.0,0.0,0.0,0.0,0.0,0.0,0.0,0.0,0.0,0.0,0.0,0.0,0.0,0.0,0.0,0.0,0.0,0.0,0.0,0.0,0.0,0.0,0.0,0.0,0.0,0.0,0.0,0.0
311320,지오엘리먼트,코스닥,전자부품 제조업,"센서, 캐니스터",7090.0,54923.0,387236485.0,4.570000171661377,25010760.0,6.460000038146973,-3542.0,-25284830.0,3543.0,25291870.0,-1.0,-7040.0,-1.0,-7040.0,0.0,0.0,0.0,0.0,0.0,0.0,0.0,0.0,0.0,0.0,0.0,0.0,0.0,0.0
456160,지투지바이오,코스닥,의약품 제조업,장기 약효지속성 주사제 개발,36850.0,150833.0,5557138375.0,0.550000011920929,319938850.0,4.110000133514404,30291.0,1116756575.0,-21269.0,-799660025.0,4123.0,154323450.0,741.0,27730500.0,217.0,8069350.0,6231.0,231652925.0,0.0,0.0,-165.0,-6207300.0,-2901.0,-106922025.0,-13236.0,-474786500.0,91.0,3366500.0
388050,지투파워,코스닥,"전동기, 발전기 및 전기 변환 · 공급 · 제어 장치 제조업","수·배전반, 태양광발전시스템, 인버터(PCS)",7860.0,240646.0,1859872505.0,6.650000095367432,76030120.0,4.090000152587891,-19041.0,-147878815.0,17673.0,137305200.0,3660.0,28420965.0,391.0,3047870.0,0.0,0.0,0.0,0.0,0.0,0.0,0.0,0.0,3269.0,25373095.0,-2200.0,-17133560.0,-92.0,-713790.0
018120,진로발효,코스닥,알코올음료 제조업,주정,16650.0,894.0,14924660.0,0.6000000238418579,16700.0,0.10999999940395355,98.0,1638950.0,-93.0,-1555750.0,-4.0,-66430.0,-4.0,-66430.0,0.0,0.0,0.0,0.0,0.0,0.0,0.0,0.0,0.0,0.0,0.0,0.0,-1.0,-16770.0
109820,진매트릭스,코스닥,자연과학 및 공학 연구개발업,"B형간염치료제 내성진단,C형간염바이러스 유전형진단, 자궁경부암유발바이러스 유전형진단",1498.0,28317.0,41370762.0,3.6700000762939453,26244.0,0.05999999865889549,1014.0,1460896.0,-1014.0,-1460896.0,0.0,0.0,0.0,0.0,0.0,0.0,0.0,0.0,0.0,0.0,0.0,0.0,0.0,0.0,0.0,0.0,0.0,0.0
086060,진바이오텍,코스닥,산업용 농·축산물 및 동·식물 도매업,"펩소이젠(식물성단백질),바이오스타치(가공전분),나투포멘(친환경생균제),락토케어(항생제대체형미생물제제)등",4760.0,57032.0,270839875.0,-0.6299999952316284,430280.0,0.1599999964237213,-20750.0,-98042855.0,8808.0,41578355.0,842.0,3999500.0,842.0,3999500.0,0.0,0.0,0.0,0.0,0.0,0.0,0.0,0.0,0.0,0.0,11100.0,52465000.0,0.0,0.0
036890,진성티이씨,코스닥,특수 목적용 기계 제조업,트랙롤라. 플로팅 씰,14520.0,82692.0,1181389750.0,8.199999809265137,48077020.0,2.4600000381469727,-48645.0,-697234300.0,43781.0,626981960.0,5034.0,72630580.0,18.0,254870.0,0.0,0.0,5016.0,72375710.0,0.0,0.0,0.0,0.0,0.0,0.0,-170.0,-2377700.0,0.0,-540.0
363250,진시스템,코스닥,의료용 기기 제조업,분자진단기반 플랫폼 개발 및 제조·판매,4500.0,10428.0,46554204.0,-0.8799999952316284,1105620.0,2.369999885559082,-1826.0,-8142190.0,2226.0,9942190.0,0.0,0.0,0.0,0.0,0.0,0.0,0.0,0.0,0.0,0.0,0.0,0.0,0.0,0.0,-400.0,-1800000.0,0.0,0.0
007370,진양제약,코스닥,의약품 제조업,"소부날, 옥티란",3910.0,31368.0,122370505.0,0.6399999856948853,2000945.0,1.6399999856948853,-16218.0,-63323805.0,16218.0,63323805.0,0.0,0.0,0.0,0.0,0.0,0.0,0.0,0.0,0.0,0.0,0.0,0.0,0.0,0.0,0.0,0.0,0.0,0.0
285800,진영,코스닥,플라스틱제품 제조업,"가구용 ASA플라스틱 시트, 엣지밴드",794.0,192285.0,152937972.0,2.9800000190734863,35775.0,0.019999999552965164,-13025.0,-10231046.0,6626.0,5197371.0,0.0,0.0,0.0,0.0,0.0,0.0,0.0,0.0,0.0,0.0,0.0,0.0,0.0,0.0,0.0,0.0,6399.0,5033675.0
085660,차바이오텍,코스닥,기초 의약물질 제조업,"세포치료제 개발, 제대혈 보관 등",9110.0,446444.0,4123421595.0,-4.110000133514404,290913060.0,4.5,99780.0,911627805.0,-13359.0,-117615575.0,-86597.0,-795389540.0,-86582.0,-795241120.0,-69.0,-644820.0,54.0,496400.0,0.0,0.0,0.0,0.0,0.0,0.0,206.0,1659910.0,-30.0,-282600.0
351870,차이커뮤니케이션,코스닥,광고업,"광고대행, 광고물 작성",1711.0,8176.0,13937924.0,3.450000047683716,6724.0,0.05000000074505806,2994.0,5122950.0,-2994.0,-5122950.0,0.0,0.0,0.0,0.0,0.0,0.0,0.0,0.0,0.0,0.0,0.0,0.0,0.0,0.0,0.0,0.0,0.0,0.0
094850,참좋은여행,코스닥,여행사 및 기타 여행보조 서비스업,여행상품,4235.0,13598.0,57792745.0,0.5899999737739563,2187425.0,3.7799999713897705,3141.0,13381915.0,-3141.0,-13381915.0,0.0,0.0,0.0,0.0,0.0,0.0,0.0,0.0,0.0,0.0,0.0,0.0,0.0,0.0,0.0,0.0,0.0,0.0
004650,창해에탄올,코스닥,알코올음료 제조업,"주정(발효주정, 정제주정) 등",9290.0,25986.0,241490680.0,0.0,742650.0,0.3100000023841858,-3188.0,-29792310.0,2174.0,20383900.0,514.0,4758410.0,514.0,4758410.0,0.0,0.0,0.0,0.0,0.0,0.0,0.0,0.0,0.0,0.0,0.0,0.0,500.0,4650000.0
0011T0,채비,코스닥,"전동기, 발전기 및 전기 변환 · 공급 · 제어 장치 제조업","전기차 충전 서비스, 전기차 충전기",4850.0,190458.0,907120585.0,5.78000020980835,8074280.0,0.8899999856948853,10869.0,50494283.0,-8570.0,-39405453.0,-2505.0,-12072300.0,0.0,0.0,0.0,0.0,-2087.0,-10099310.0,0.0,0.0,0.0,0.0,-418.0,-1972990.0,0.0,0.0,206.0,983470.0
278280,천보,코스닥,기초 화학물질 제조업,"디스플레이 소재, 반도체 공정 소재, 2차전지 소재, 의약품 소재, 정밀화학 소재",34000.0,26003.0,891751650.0,1.340000033378601,84152700.0,7.610000133514404,5488.0,187130125.0,3560.0,121037000.0,-9134.0,-311102925.0,-7741.0,-263661725.0,-2.0,-68150.0,-1384.0,-47134700.0,0.0,0.0,-7.0,-238350.0,0.0,0.0,56.0,1906800.0,30.0,1029000.0
362320,청담글로벌,코스닥,생활용품 도매업,글로벌 화장품 유통,5020.0,55492.0,278762640.0,-0.4000000059604645,0.0,0.0,3949.0,20039765.0,-3983.0,-20158605.0,0.0,-45490.0,0.0,-45490.0,0.0,0.0,0.0,0.0,0.0,0.0,0.0,0.0,0.0,0.0,34.0,164330.0,0.0,0.0
013720,청보,코스닥,자동차 신품 부품 제조업,엔진부품,2295.0,15446.0,35104575.0,3.1500000953674316,2039095.0,5.809999942779541,1220.0,2731360.0,-1220.0,-2731360.0,0.0,0.0,0.0,0.0,0.0,0.0,0.0,0.0,0.0,0.0,0.0,0.0,0.0,0.0,0.0,0.0,0.0,0.0
066360,체리부로,코스닥,"도축, 육류 가공 및 저장 처리업","육계, 사료",670.0,93484.0,62286365.0,0.0,2676.0,0.0,-21938.0,-14605983.0,21938.0,14605983.0,0.0,0.0,0.0,0.0,0.0,0.0,0.0,0.0,0.0,0.0,0.0,0.0,0.0,0.0,0.0,0.0,0.0,0.0
047820,초록뱀미디어,코스닥,"영화, 비디오물, 방송프로그램 제작 및 배급업",방송프로그램 제작 및 공급,3245.0,13186.0,42389640.0,5.360000133514404,361270.0,0.8500000238418579,-483.0,-1499639.0,386.0,1184874.0,97.0,314765.0,97.0,314765.0,0.0,0.0,0.0,0.0,0.0,0.0,0.0,0.0,0.0,0.0,0.0,0.0,0.0,0.0
094360,칩스앤미디어,코스닥,반도체 제조업,비디오 IP,10380.0,84401.0,881298555.0,-0.5699999928474426,163915120.0,11.210000038146973,6722.0,68951270.0,-6978.0,-71662930.0,0.0,420.0,0.0,420.0,0.0,0.0,0.0,0.0,0.0,0.0,0.0,0.0,0.0,0.0,481.0,5113540.0,-225.0,-2402300.0
0082N0,카나프테라퓨틱스,코스닥,자연과학 및 공학 연구개발업,항암제 및 안과 질환 치료제 개발,14260.0,112209.0,1548751400.0,14.079999923706055,23838880.0,1.5399999618530273,48913.0,682527040.0,-45587.0,-634657370.0,-2818.0,-36406690.0,-1469.0,-19315890.0,0.0,0.0,-1113.0,-14190420.0,0.0,0.0,0.0,0.0,-236.0,-2900380.0,-650.0,-13286040.0,142.0,1823060.0
016920,카스,코스닥,기계장비 및 관련 물품 도매업,"전자저울,로드셀",1044.0,203969.0,209994029.0,1.659999966621399,26956.0,0.009999999776482582,-50780.0,-52136100.0,1056.0,365270.0,0.0,-66017.0,0.0,-66017.0,0.0,0.0,0.0,0.0,0.0,0.0,0.0,0.0,0.0,0.0,49724.0,51836847.0,0.0,0.0
284620,카이노스메드,코스닥,자연과학 및 공학 연구개발업,기업인수합병,1087.0,0.0,0.0,0.0,0.0,0.0,0.0,0.0,0.0,0.0,0.0,0.0,0.0,0.0,0.0,0.0,0.0,0.0,0.0,0.0,0.0,0.0,0.0,0.0,0.0,0.0,0.0,0.0
293490,카카오게임즈,코스닥,소프트웨어 개발 및 공급업,"모바일, PC게임 퍼블리싱",7770.0,744706.0,5911526885.0,-6.829999923706055,699044565.0,11.829999923706055,341684.0,2701468385.0,-284066.0,-2243626560.0,-71039.0,-562046695.0,-71067.0,-562270080.0,-3.0,-23385.0,31.0,246770.0,0.0,0.0,0.0,0.0,0.0,0.0,13560.0,105384500.0,-139.0,-1179630.0
140430,카티스,코스닥,"컴퓨터 프로그래밍, 시스템 통합 및 관리업",산업인프라 보안플랫폼,1870.0,58073.0,107528763.0,4.820000171661377,11118.0,0.009999999776482582,-6702.0,-12217938.0,6714.0,12240119.0,0.0,0.0,0.0,0.0,0.0,0.0,0.0,0.0,0.0,0.0,0.0,0.0,0.0,0.0,0.0,0.0,-12.0,-22181.0
042000,카페24,코스닥,"자료처리, 호스팅, 포털 및 기타 인터넷 정보매개 서비스업","쇼핑몰솔루션, 광고솔루션, 호스팅솔루션",17870.0,73254.0,1332385540.0,-2.990000009536743,166386590.0,9.1899995803833,23969.0,434159140.0,141.0,669870.0,-23707.0,-427542810.0,-23716.0,-427708860.0,-6.0,-108020.0,15.0,274070.0,0.0,0.0,0.0,0.0,0.0,0.0,-97.0,-1793360.0,-306.0,-5492840.0
313760,캐리,코스닥,"전동기, 발전기 및 전기 변환 · 공급 · 제어 장치 제조업",태양광 인버터 등,468.0,0.0,0.0,0.0,0.0,0.0,0.0,0.0,0.0,0.0,0.0,0.0,0.0,0.0,0.0,0.0,0.0,0.0,0.0,0.0,0.0,0.0,0.0,0.0,0.0,0.0,0.0,0.0
071850,캐스텍코리아,코스닥,자동차 신품 부품 제조업,자동차용 터보차저 부품,1380.0,6887.0,9450202.0,4.550000190734863,137016.0,1.4500000476837158,-4983.0,-6871471.0,-1105.0,-1505868.0,0.0,0.0,0.0,0.0,0.0,0.0,0.0,0.0,0.0,0.0,0.0,0.0,0.0,0.0,6088.0,8377339.0,0.0,0.0
198080,캐프,코스닥,전자부품 제조업,스마트폰 OLED용 FPCA,2350.0,63000.0,143947835.0,5.150000095367432,239030.0,0.17000000178813934,14105.0,32169545.0,1767.0,3958105.0,-5869.0,-13340560.0,-5869.0,-13340560.0,0.0,0.0,0.0,0.0,0.0,0.0,0.0,0.0,0.0,0.0,-10000.0,-22780100.0,-3.0,-6990.0
210120,캔버스엔,코스닥,"영화, 비디오물, 방송프로그램 제작 및 배급업","방송영상 제작, 공급",930.0,0.0,0.0,0.0,0.0,0.0,0.0,0.0,0.0,0.0,0.0,0.0,0.0,0.0,0.0,0.0,0.0,0.0,0.0,0.0,0.0,0.0,0.0,0.0,0.0,0.0,0.0,0.0
050110,캠시스,코스닥,전자부품 제조업,휴대폰용 카메라모듈,964.0,225579.0,215568333.0,0.3100000023841858,597511.0,0.2800000011920929,7633.0,7341423.0,-7633.0,-7325142.0,0.0,0.0,0.0,0.0,0.0,0.0,0.0,0.0,0.0,0.0,0.0,0.0,0.0,0.0,0.0,0.0,0.0,-16281.0
452300,캡스톤파트너스,코스닥,기타 금융업,벤처투자조합 등 조합 결성 및 운영,2180.0,47985.0,103200875.0,2.3499999046325684,352165.0,0.3400000035762787,8390.0,17769390.0,-8604.0,-18229485.0,0.0,0.0,0.0,0.0,0.0,0.0,0.0,0.0,0.0,0.0,0.0,0.0,0.0,0.0,0.0,0.0,214.0,460095.0
451760,컨텍,코스닥,"컴퓨터 프로그래밍, 시스템 통합 및 관리업","지상국 시스템 엔지니어링 솔루션, 위성영상 생성을 위한 데이터처리 솔루션",7620.0,160772.0,1222396480.0,3.390000104904175,13616110.0,1.1100000143051147,2127.0,17860140.0,-4450.0,-35458140.0,2323.0,17597300.0,2323.0,17597300.0,0.0,0.0,0.0,0.0,0.0,0.0,0.0,0.0,0.0,0.0,0.0,700.0,0.0,0.0
900310,컬러레이,코스닥,기타 금융업,화장품용 진주광택안료,1999.0,3409.0,6819928.0,0.0,0.0,0.0,1928.0,3856359.0,-1806.0,-3610415.0,0.0,0.0,0.0,0.0,0.0,0.0,0.0,0.0,0.0,0.0,0.0,0.0,0.0,0.0,0.0,0.0,-122.0,-245944.0
078340,컴투스,코스닥,소프트웨어 개발 및 공급업,모바일게임,30950.0,59634.0,1841873625.0,-2.6700000762939453,387016900.0,16.100000381469727,17558.0,539689250.0,-10801.0,-331470200.0,-11807.0,-363325400.0,-11013.0,-338916600.0,0.0,0.0,6.0,185100.0,0.0,0.0,0.0,0.0,-800.0,-24593900.0,5002.0,153638900.0,48.0,1467450.0
063080,컴투스홀딩스,코스닥,소프트웨어 개발 및 공급업,모바일게임,12850.0,3384.0,42883640.0,0.38999998569488525,826140.0,1.9299999475479126,1102.0,13989900.0,-1107.0,-14051590.0,5.0,61690.0,5.0,61690.0,0.0,0.0,0.0,0.0,0.0,0.0,0.0,0.0,0.0,0.0,0.0,0.0,0.0,0.0
307930,컴퍼니케이,코스닥,기타 금융업,중소 벤처기업 투자,6470.0,111119.0,722114645.0,1.7300000190734863,1853060.0,0.25999999046325684,-38596.0,-250600170.0,38002.0,246739710.0,594.0,3860460.0,594.0,3860460.0,0.0,0.0,0.0,0.0,0.0,0.0,0.0,0.0,0.0,0.0,0.0,0.0,0.0,0.0
079190,케스피온,코스닥,통신 및 방송 장비 제조업,휴대폰안테나,1063.0,187350.0,196297028.0,2.2100000381469727,358274.0,0.18000000715255737,-18672.0,-19559955.0,14197.0,14944914.0,0.0,-7323.0,0.0,-7323.0,0.0,0.0,0.0,0.0,0.0,0.0,0.0,0.0,0.0,0.0,7014.0,7306399.0,-2539.0,-2684035.0
263700,케어랩스,코스닥,광고업,"헬스케어 미디어플랫폼, 헬스케어 디지털마케팅, 헬스케어 솔루션",1860.0,11611.0,21893166.0,4.03000020980835,591085.0,2.700000047683716,541.0,1105601.0,-517.0,-1061627.0,-24.0,-43974.0,-24.0,-43974.0,0.0,0.0,0.0,0.0,0.0,0.0,0.0,0.0,0.0,0.0,0.0,0.0,0.0,0.0
214370,케어젠,코스닥,기초 의약물질 제조업,"성장인자, 바이오미메틱펩타이드 기반 안면, 두피, 바디 코스메슈티컬 제품",63600.0,72888.0,4640347350.0,-1.090000033378601,820162500.0,13.960000038146973,21444.0,1363069650.0,-7164.0,-464895250.0,-14586.0,-917362200.0,-19527.0,-1233886200.0,-12.0,-769000.0,-299.0,-19201500.0,0.0,0.0,5443.0,348766100.0,-191.0,-12271600.0,129.0,8088100.0,177.0,11099700.0
221980,케이디켐,코스닥,기타 화학제품 제조업,PVC 안정제,9380.0,719.0,6712890.0,-0.7400000095367432,9380.0,0.14000000059604645,24.0,226780.0,-24.0,-226780.0,0.0,0.0,0.0,0.0,0.0,0.0,0.0,0.0,0.0,0.0,0.0,0.0,0.0,0.0,0.0,0.0,0.0,0.0
038530,케이바이오랩스,코스닥,생활용품 도매업,"실험용 시약, 과학기자재 등",1001.0,267016.0,265948516.0,1.3200000524520874,664759.0,0.25,-159726.0,-159275596.0,-21633.0,-21543230.0,0.0,0.0,0.0,0.0,0.0,0.0,0.0,0.0,0.0,0.0,0.0,0.0,0.0,0.0,181359.0,180818826.0,0.0,0.0
192250,케이사인,코스닥,소프트웨어 개발 및 공급업,기타/미분류,7610.0,96276.0,736764320.0,4.25,11061500.0,1.5,-4287.0,-31444795.0,3997.0,29280595.0,0.0,-14630.0,0.0,-14630.0,0.0,0.0,0.0,0.0,0.0,0.0,0.0,0.0,0.0,0.0,0.0,0.0,290.0,2178830.0
431190,케이쓰리아이,코스닥,소프트웨어 개발 및 공급업,XR 실감형콘텐츠,3045.0,128862.0,344442170.0,27.40999984741211,38290.0,0.009999999776482582,3690.0,9149265.0,-3690.0,-9149265.0,0.0,0.0,0.0,0.0,0.0,0.0,0.0,0.0,0.0,0.0,0.0,0.0,0.0,0.0,0.0,0.0,0.0,0.0
115500,케이씨에스,코스닥,"컴퓨터 프로그래밍, 시스템 통합 및 관리업",컴퓨터시스템 통합 구축 및 철도 도로 교통인프라,8710.0,122286.0,1069816915.0,5.579999923706055,11032420.0,1.0299999713897705,-7388.0,-63883205.0,7584.0,65601675.0,0.0,0.0,0.0,0.0,0.0,0.0,0.0,0.0,0.0,0.0,0.0,0.0,0.0,0.0,0.0,-5720.0,-196.0,-1712750.0
089150,케이씨티,코스닥,"컴퓨터 프로그래밍, 시스템 통합 및 관리업","금융단말시스템,복표발매기,마권발매기",1836.0,68865.0,124890548.0,6.309999942779541,5340.0,0.0,-7728.0,-13520122.0,6402.0,11167479.0,1026.0,1814743.0,1026.0,1814743.0,0.0,0.0,0.0,0.0,0.0,0.0,0.0,0.0,0.0,0.0,300.0,537900.0,0.0,0.0
025880,케이씨피드,코스닥,동물용 사료 및 조제식품 제조업,사료,2530.0,12356.0,31159613.0,0.800000011920929,40300.0,0.12999999523162842,-951.0,-2398318.0,951.0,2398318.0,0.0,0.0,0.0,0.0,0.0,0.0,0.0,0.0,0.0,0.0,0.0,0.0,0.0,0.0,0.0,0.0,0.0,0.0
093320,케이아이엔엑스,코스닥,"자료처리, 호스팅, 포털 및 기타 인터넷 정보매개 서비스업",인터넷연동서비스 등,140500.0,12113.0,1648251550.0,4.929999828338623,128833500.0,5.650000095367432,-1440.0,-203442450.0,1717.0,239691950.0,72.0,10917400.0,73.0,11058700.0,-1.0,-141300.0,0.0,0.0,0.0,0.0,0.0,0.0,0.0,0.0,-344.0,-46497700.0,-5.0,-669200.0
093640,케이알엠,코스닥,반도체 제조업,멀티미디어반도체,3975.0,76490.0,303691525.0,2.7100000381469727,9132865.0,3.009999990463257,-4679.0,-18666250.0,4178.0,16668265.0,0.0,0.0,0.0,0.0,0.0,0.0,0.0,0.0,0.0,0.0,0.0,0.0,0.0,0.0,501.0,1997985.0,0.0,0.0
073010,케이에스피,코스닥,일반 목적용 기계 제조업,"선박용엔진밸브,형단조품",2760.0,147392.0,400099190.0,4.550000190734863,1590465.0,0.4000000059604645,62378.0,170221620.0,-62284.0,-169958100.0,0.0,0.0,0.0,0.0,0.0,0.0,0.0,0.0,0.0,0.0,0.0,0.0,0.0,0.0,-6.0,-16680.0,-88.0,-246840.0
105330,케이엔더블유,코스닥,자동차 신품 부품 제조업,"Blanket, DOF, 보호필름",6900.0,29948.0,198434945.0,7.980000019073486,1015560.0,0.5099999904632568,806.0,6446135.0,-1006.0,-7625985.0,0.0,-186150.0,0.0,-186150.0,0.0,0.0,0.0,0.0,0.0,0.0,0.0,0.0,0.0,0.0,0.0,0.0,200.0,1366000.0
053080,케이엔솔,코스닥,일반 목적용 기계 제조업,클린룸 설비,8800.0,86898.0,754984490.0,4.639999866485596,15848280.0,2.0999999046325684,-28887.0,-250022825.0,28828.0,249508945.0,0.0,20.0,0.0,20.0,0.0,0.0,0.0,0.0,0.0,0.0,0.0,0.0,0.0,0.0,-5.0,-42780.0,64.0,556640.0
199430,케이엔알시스템,코스닥,"측정, 시험, 항해, 제어 및 기타 정밀기기 제조업; 광학기기 제외","특수목적 시험장비, 산업용로봇",15310.0,262047.0,3925341510.0,0.8600000143051147,55058830.0,1.399999976158142,-5841.0,-86123740.0,7489.0,110870740.0,-167.0,-2449200.0,-167.0,-2449200.0,0.0,0.0,0.0,0.0,0.0,0.0,0.0,0.0,0.0,0.0,-819.0,-12276080.0,-662.0,-10021720.0
432470,케이엔에스,코스닥,특수 목적용 기계 제조업,이차전지 자동화 설비,8080.0,55654.0,441283115.0,5.619999885559082,46400.0,0.009999999776482582,-5706.0,-43950835.0,5706.0,43950285.0,0.0,0.0,0.0,0.0,0.0,0.0,0.0,0.0,0.0,0.0,0.0,0.0,0.0,0.0,0.0,0.0,0.0,550.0
272110,케이엔제이,코스닥,반도체 제조업,"Edge Grinder, CVD-SiC Ring",27800.0,93257.0,2585456800.0,6.309999942779541,66250400.0,2.559999942779541,27853.0,773147150.0,-26689.0,-740331750.0,-489.0,-13874750.0,611.0,16651750.0,0.0,0.0,0.0,0.0,0.0,0.0,0.0,0.0,-1100.0,-30526500.0,-726.0,-20343100.0,51.0,1402450.0
039420,케이엘넷,코스닥,전기 통신업,EC/EDI,2785.0,32202.0,89088691.0,1.090000033378601,179690.0,0.20000000298023224,-13440.0,-37180055.0,13440.0,37180055.0,0.0,0.0,0.0,0.0,0.0,0.0,0.0,0.0,0.0,0.0,0.0,0.0,0.0,0.0,0.0,0.0,0.0,0.0
083550,케이엠,코스닥,기타 섬유제품 제조업,클린룸용Wiper,2760.0,29613.0,81431415.0,4.150000095367432,162295.0,0.20000000298023224,1251.0,3457095.0,-1101.0,-3040695.0,0.0,0.0,0.0,0.0,0.0,0.0,0.0,0.0,0.0,0.0,0.0,0.0,0.0,0.0,-150.0,-416400.0,0.0,0.0
032500,케이엠더블유,코스닥,통신 및 방송 장비 제조업,RF 부품 및 중계기,17090.0,347997.0,6050846340.0,5.170000076293945,1053259265.0,10.640000343322754,155610.0,2716197945.0,-120931.0,-2119562330.0,-37818.0,-651869025.0,-36103.0,-622510715.0,-32.0,-565210.0,669.0,11651650.0,0.0,0.0,0.0,0.0,-2352.0,-40444750.0,3207.0,56315860.0,-68.0,-1082450.0
225430,케이엠제약,코스닥,기타 화학제품 제조업,"구강제품, 화장품,기타 생활용품",1783.0,63082.0,114576367.0,-0.7799999713897705,3788.0,0.0,-6948.0,-12708899.0,7123.0,13068299.0,0.0,0.0,0.0,0.0,0.0,0.0,0.0,0.0,0.0,0.0,0.0,0.0,0.0,0.0,0.0,0.0,-175.0,-359400.0
102370,케이옥션,코스닥,상품 중개업,미술품 경매 및 판매,3125.0,49086.0,153094400.0,-0.47999998927116394,3023185.0,1.9700000286102295,3237.0,9505960.0,2739.0,8499410.0,-7326.0,-22848925.0,0.0,0.0,0.0,0.0,0.0,0.0,0.0,0.0,0.0,0.0,-7326.0,-22848925.0,-10200.0,-31536450.0,11550.0,36380005.0
068100,케이웨더,코스닥,일반 목적용 기계 제조업,"공기개선솔루션, 기상데이터, 공기측정솔루션 등",2295.0,11571.0,26192870.0,0.0,2755860.0,10.520000457763672,-977.0,-2197460.0,-1878.0,-4303950.0,0.0,-3180.0,0.0,-3180.0,0.0,0.0,0.0,0.0,0.0,0.0,0.0,0.0,0.0,0.0,2855.0,6504590.0,0.0,0.0
106080,케이이엠텍,코스닥,전자부품 제조업,"IR필터 및 이차전지 부품(Can, Cap Ass'y)",1650.0,0.0,0.0,0.0,0.0,0.0,0.0,0.0,0.0,0.0,0.0,0.0,0.0,0.0,0.0,0.0,0.0,0.0,0.0,0.0,0.0,0.0,0.0,0.0,0.0,0.0,0.0,0.0
455180,케이지에이,코스닥,특수 목적용 기계 제조업,"2차전지 전극장비 (코터, 프레스, 슬리터), 덕트자동화 장비",1711.0,50940.0,88555043.0,-3.7100000381469727,1791.0,0.0,7137.0,12333974.0,-286.0,-502538.0,-146.0,-249660.0,-146.0,-249660.0,0.0,0.0,0.0,0.0,0.0,0.0,0.0,0.0,0.0,0.0,-6600.0,-11393946.0,-105.0,-187830.0
036030,케이티알파,코스닥,상품 중개업,"커머스, 콘텐츠, ICT",4660.0,40687.0,189034025.0,0.8700000047683716,0.0,0.0,3362.0,16019595.0,-4330.0,-20379445.0,968.0,4359850.0,968.0,4359850.0,0.0,0.0,0.0,0.0,0.0,0.0,0.0,0.0,0.0,0.0,0.0,0.0,0.0,0.0
064820,케이프,코스닥,선박 및 보트 건조업,선박엔진용실린더라이너,8970.0,84957.0,752991550.0,6.659999847412109,84798800.0,6.519999980926514,-30746.0,-272002520.0,30636.0,271025710.0,-35.0,-302460.0,-35.0,-302460.0,0.0,0.0,0.0,0.0,0.0,0.0,0.0,0.0,0.0,0.0,-100.0,-897000.0,245.0,2176270.0
024880,케이피에프,코스닥,기타 금속 가공제품 제조업,볼트류,3850.0,36887.0,141458825.0,2.259999990463257,2712785.0,1.9199999570846558,-2331.0,-8731040.0,4680.0,17783150.0,-132.0,-504295.0,-132.0,-504295.0,0.0,0.0,0.0,0.0,0.0,0.0,0.0,0.0,0.0,0.0,-2217.0,-8547815.0,0.0,0.0
042040,케이피엠테크,코스닥,기타 전문 도매업,"표면처리약품, 전자동 도금설비",4320.0,16646.0,70716445.0,3.7200000286102295,3099440.0,4.380000114440918,799.0,3391450.0,1721.0,7170720.0,-2475.0,-10363145.0,-2475.0,-10363145.0,0.0,0.0,0.0,0.0,0.0,0.0,0.0,0.0,0.0,0.0,0.0,0.0,-45.0,-199025.0
054410,케이피티유,코스닥,"섬유, 의복, 신발 및 가죽제품 소매업","Vacuum Treatment, Plasma Surface Treatment",3445.0,10054.0,35046865.0,-4.309999942779541,0.0,0.0,738.0,2651965.0,-941.0,-3338280.0,200.0,689000.0,200.0,689000.0,0.0,0.0,0.0,0.0,0.0,0.0,0.0,0.0,0.0,0.0,0.0,0.0,3.0,-2685.0
288180,케이피항공산업,코스닥,"항공기,우주선 및 부품 제조업",항공기 및 우주 방산 구조물 제작,7490.0,49389.0,370727390.0,0.5400000214576721,0.0,0.0,1630.0,12073230.0,16955.0,125810710.0,-18585.0,-137883940.0,429.0,3234530.0,0.0,0.0,-9507.0,-70412350.0,0.0,0.0,0.0,0.0,-9507.0,-70706120.0,0.0,0.0,0.0,0.0
258610,케일럼,코스닥,"구조용 금속제품, 탱크 및 증기발생기 제조업","지열발전설비, 항공기MRO, 항공부품제조",999.0,33805.0,33564796.0,-1.5800000429153442,1013.0,0.0,-1468.0,-1439761.0,1700.0,1695781.0,0.0,0.0,0.0,0.0,0.0,0.0,0.0,0.0,0.0,0.0,0.0,0.0,0.0,0.0,-232.0,-256020.0,0.0,0.0
274090,켄코아에어로스페이스,코스닥,"항공기,우주선 및 부품 제조업",항공가공품 및 조립품,10190.0,166759.0,1682214670.0,5.380000114440918,31686000.0,1.8799999952316284,-4473.0,-44270955.0,4182.0,41299935.0,239.0,2429710.0,239.0,2429710.0,0.0,0.0,0.0,0.0,0.0,0.0,0.0,0.0,0.0,0.0,0.0,0.0,52.0,541310.0
089010,켐트로닉스,코스닥,기타 화학제품 제조업,"Touch IC 및 PBA, TG, EMC",21750.0,48318.0,1046662925.0,2.109999895095825,78335200.0,4.039999961853027,-1767.0,-38965500.0,932.0,20840475.0,697.0,15137675.0,697.0,15137675.0,0.0,0.0,0.0,0.0,0.0,0.0,0.0,0.0,0.0,0.0,124.0,2684600.0,14.0,302750.0
220260,켐트로스,코스닥,기타 화학제품 제조업,기타화학제품 제조업,3495.0,116889.0,409165530.0,3.0999999046325684,14298000.0,3.490000009536743,-23292.0,-81405363.0,23327.0,81557723.0,2.0,-22940.0,2.0,-22940.0,0.0,0.0,0.0,0.0,0.0,0.0,0.0,0.0,0.0,0.0,0.0,0.0,-37.0,-129420.0
052400,코나아이,코스닥,소프트웨어 개발 및 공급업,"전자화폐, 단말기, 수집/정산시스템",41750.0,42371.0,1769717475.0,1.7100000381469727,77483650.0,3.119999885559082,8417.0,349678825.0,5154.0,215178125.0,-13390.0,-557314300.0,-10309.0,-428657900.0,-4818.0,-201459300.0,324.0,13562850.0,0.0,0.0,1413.0,59240050.0,0.0,0.0,-81.0,-3427650.0,-100.0,-4115000.0
402030,코난테크놀로지,코스닥,소프트웨어 개발 및 공급업,"소프트웨어(인공지능,빅데이터,자연어처리,검색엔진,대화형챗봇,음성합성,음성인식) 연구개발 및 공급, 정보통신서비스",16690.0,130328.0,2150035125.0,-0.05999999865889549,2160180.0,0.05000000074505806,-1355.0,-20900575.0,1036.0,15572105.0,195.0,3286970.0,195.0,3286970.0,0.0,0.0,0.0,0.0,0.0,0.0,0.0,0.0,0.0,0.0,183.0,3059100.0,-59.0,-1017600.0
391710,코닉오토메이션,코스닥,특수 목적용 기계 제조업,금융 지원 서비스(SPAC),1270.0,223634.0,289392608.0,4.349999904632568,4457902.0,1.5399999618530273,17929.0,25067433.0,-17526.0,-24519778.0,-16.0,-53538.0,-16.0,-53538.0,0.0,0.0,0.0,0.0,0.0,0.0,0.0,0.0,0.0,0.0,0.0,0.0,-387.0,-494117.0
046070,코다코,코스닥,자동차 신품 부품 제조업,"Oil Pump, Throttle Body",10280.0,0.0,0.0,0.0,0.0,0.0,0.0,0.0,0.0,0.0,0.0,0.0,0.0,0.0,0.0,0.0,0.0,0.0,0.0,0.0,0.0,0.0,0.0,0.0,0.0,0.0,0.0,0.0
047770,코데즈컴바인,코스닥,봉제의복 제조업,패션의류,2725.0,345317.0,928752112.0,6.239999771118164,1001845.0,0.10999999940395355,-22814.0,-60622837.0,22814.0,60642907.0,0.0,-20070.0,0.0,-20070.0,0.0,0.0,0.0,0.0,0.0,0.0,0.0,0.0,0.0,0.0,0.0,0.0,0.0,0.0
080530,코디,코스닥,기타 화학제품 제조업,화장품 및 용기 제조,2065.0,37260.0,76770030.0,0.0,8310.0,0.009999999776482582,-8511.0,-17475770.0,8793.0,18068645.0,-297.0,-623700.0,-297.0,-623700.0,0.0,0.0,0.0,0.0,0.0,0.0,0.0,0.0,0.0,0.0,0.0,0.0,15.0,30825.0
104540,코렌텍,코스닥,의료용 기기 제조업,"인공고관절, 인공슬관절 등",4140.0,13026.0,53944055.0,2.0999999046325684,16430.0,0.029999999329447746,-3892.0,-16109635.0,2892.0,11969635.0,0.0,0.0,0.0,0.0,0.0,0.0,0.0,0.0,0.0,0.0,0.0,0.0,0.0,0.0,1000.0,4140000.0,0.0,0.0
027050,코리아나,코스닥,기타 화학제품 제조업,화장품,1387.0,61369.0,85321062.0,1.690000057220459,41400.0,0.05000000074505806,-15833.0,-22047803.0,16034.0,22342350.0,0.0,-14175.0,0.0,-14175.0,0.0,0.0,0.0,0.0,0.0,0.0,0.0,0.0,0.0,0.0,0.0,0.0,-201.0,-280372.0
190650,코리아에셋투자증권,코스닥,금융 지원 서비스업,"IB금융자문, 채권인수 및 매매, 투자중개, 펀드운용 등",6700.0,6185.0,41300040.0,0.75,316220.0,0.7699999809265137,-101.0,-604440.0,99.0,591000.0,0.0,0.0,0.0,0.0,0.0,0.0,0.0,0.0,0.0,0.0,0.0,0.0,0.0,0.0,2.0,13440.0,0.0,0.0
123410,코리아에프티,코스닥,자동차 신품 부품 제조업,"캐니스터,플라스틱필러넥,의장부품",5700.0,66203.0,378767510.0,1.059999942779541,366930.0,0.10000000149011612,408.0,2352210.0,-16693.0,-95531760.0,16413.0,93912990.0,21277.0,121806980.0,0.0,0.0,0.0,0.0,0.0,0.0,-4000.0,-22888780.0,-864.0,-5005210.0,-128.0,-733440.0,0.0,0.0
036690,코맥스,코스닥,통신 및 방송 장비 제조업,"홈네트워크시스템,CCTV 방송설비",2885.0,0.0,0.0,0.0,0.0,0.0,0.0,0.0,0.0,0.0,0.0,0.0,0.0,0.0,0.0,0.0,0.0,0.0,0.0,0.0,0.0,0.0,0.0,0.0,0.0,0.0,0.0,0.0
049430,코메론,코스닥,"측정, 시험, 항해, 제어 및 기타 정밀기기 제조업; 광학기기 제외","줄자, 냉간압연",20000.0,57573.0,1145098690.0,1.1100000143051147,5401510.0,0.4699999988079071,-25746.0,-513028350.0,8477.0,170443080.0,17269.0,342585270.0,17269.0,342585270.0,0.0,0.0,0.0,0.0,0.0,0.0,0.0,0.0,0.0,0.0,0.0,0.0,0.0,0.0
183300,코미코,코스닥,특수 목적용 기계 제조업,반도체 부품 세정 및 코팅,54400.0,0.0,0.0,0.0,0.0,0.0,0.0,0.0,0.0,0.0,0.0,0.0,0.0,0.0,0.0,0.0,0.0,0.0,0.0,0.0,0.0,0.0,0.0,0.0,0.0,0.0,0.0,0.0
041960,코미팜,코스닥,의약품 제조업,동물약품,7640.0,183767.0,1390369400.0,3.240000009536743,183975080.0,13.229999542236328,-15309.0,-114250930.0,31562.0,237742010.0,-14953.0,-113676080.0,47.0,299340.0,0.0,0.0,0.0,0.0,0.0,0.0,0.0,0.0,-15000.0,-113975420.0,-300.0,-2235000.0,-1000.0,-7580000.0
089890,코세스,코스닥,특수 목적용 기계 제조업,반도체SolderBall부착장비등,22000.0,268292.0,5770151550.0,3.5299999713897705,54323750.0,0.6600000262260437,-25861.0,-544090250.0,14878.0,305137425.0,35462.0,764839725.0,2091.0,41886450.0,0.0,0.0,0.0,0.0,0.0,0.0,32792.0,710521250.0,0.0,0.0,-24500.0,-526330000.0,21.0,443100.0
360350,코셈,코스닥,"측정, 시험, 항해, 제어 및 기타 정밀기기 제조업; 광학기기 제외",주사전자현미경(SEM),6750.0,4611.0,31096520.0,5.630000114440918,297810.0,0.9599999785423279,1491.0,10156830.0,-1491.0,-10156830.0,0.0,0.0,0.0,0.0,0.0,0.0,0.0,0.0,0.0,0.0,0.0,0.0,0.0,0.0,0.0,0.0,0.0,0.0
082660,코스나인,코스닥,기타 화학제품 제조업,화장품,480.0,0.0,0.0,0.0,0.0,0.0,0.0,0.0,0.0,0.0,0.0,0.0,0.0,0.0,0.0,0.0,0.0,0.0,0.0,0.0,0.0,0.0,0.0,0.0,0.0,0.0,0.0,0.0
043710,코스리거글로벌,코스닥,기타 전문 도매업,의약품 도매 및 화장품 도소매,3440.0,5441.0,18405330.0,0.28999999165534973,987115.0,5.360000133514404,1514.0,5222785.0,-1515.0,-5226225.0,0.0,0.0,0.0,0.0,0.0,0.0,0.0,0.0,0.0,0.0,0.0,0.0,0.0,0.0,1.0,3440.0,0.0,0.0
222040,코스맥스엔비티,코스닥,기타 식품 제조업,건강기능식품,7770.0,89659.0,698027655.0,3.740000009536743,16239460.0,2.3299999237060547,18161.0,141948635.0,-18160.0,-142019695.0,7.0,133070.0,7.0,133070.0,0.0,0.0,0.0,0.0,0.0,0.0,0.0,0.0,0.0,0.0,-8.0,-62010.0,0.0,0.0
241710,코스메카코리아,코스닥,기타 화학제품 제조업,"화장품 OEM, ODM",86600.0,57113.0,4954667150.0,0.699999988079071,304999800.0,4.909999847412109,1174.0,99939050.0,14261.0,1232531750.0,-15544.0,-1341696200.0,-7793.0,-670644500.0,-1674.0,-144909800.0,-11035.0,-958863950.0,0.0,0.0,660.0,58873400.0,4178.0,363446650.0,115.0,9735500.0,-6.0,-510100.0
439960,코스모로보틱스,코스닥,의료용 기기 제조업,웨어러블 로봇,19000.0,8289547.0,153204924590.0,5.670000076293945,457804710.0,0.30000001192092896,139275.0,2642289280.0,11649.0,138811705.0,-99241.0,-1844112320.0,437.0,8390160.0,1293.0,24179100.0,51.0,922970.0,0.0,0.0,-100000.0,-1860988330.0,-1022.0,-16616220.0,-53992.0,-980354410.0,2309.0,43365745.0
355150,코스텍시스,코스닥,반도체 제조업,RF PKG. Spacer,19030.0,279957.0,5511396440.0,12.010000228881836,68737265.0,1.25,50265.0,985112415.0,-37236.0,-734193430.0,-16318.0,-315994750.0,-22669.0,-440602020.0,0.0,0.0,2372.0,46547030.0,0.0,0.0,0.0,0.0,3979.0,78060240.0,3201.0,63363760.0,88.0,1712005.0
166480,코아스템켐온,코스닥,의약품 제조업,줄기세포 치료제,2005.0,141222.0,289247235.0,0.699999988079071,9182710.0,3.1700000762939453,-13950.0,-28619352.0,13850.0,28414852.0,0.0,0.0,0.0,0.0,0.0,0.0,0.0,0.0,0.0,0.0,0.0,0.0,0.0,0.0,100.0,204500.0,0.0,0.0
045970,코아시아,코스닥,전자부품 제조업,LED패키지,2715.0,70097.0,189713068.0,3.430000066757202,8012600.0,4.21999979019165,-10747.0,-28997047.0,10747.0,28997047.0,0.0,0.0,0.0,0.0,0.0,0.0,0.0,0.0,0.0,0.0,0.0,0.0,0.0,0.0,0.0,0.0,0.0,0.0
196450,코아시아씨엠,코스닥,사진장비 및 광학기기 제조업,휴대폰용카메라렌즈모듈제조,1049.0,62636.0,61424780.0,16.81999969482422,27993.0,0.05000000074505806,2987.0,2760768.0,-2937.0,-2714818.0,0.0,0.0,0.0,0.0,0.0,0.0,0.0,0.0,0.0,0.0,0.0,0.0,0.0,0.0,0.0,0.0,-50.0,-45950.0
384470,코어라인소프트,코스닥,소프트웨어 개발 및 공급업,의료영상 진단보조 솔루션,2565.0,31791.0,81513555.0,-0.7699999809265137,1534815.0,1.8799999952316284,2499.0,6495055.0,-2072.0,-5411845.0,252.0,655235.0,252.0,655235.0,0.0,0.0,0.0,0.0,0.0,0.0,0.0,0.0,0.0,0.0,0.0,0.0,-679.0,-1738445.0
102940,코오롱생명과학,코스닥,기초 의약물질 제조업,"항균제, 수처리제, 원료의약 등",16280.0,1174864.0,20092080600.0,5.369999885559082,543899770.0,1.5199999809265137,177339.0,3102742470.0,-179485.0,-3135095140.0,285.0,-11990.0,1286.0,18866920.0,0.0,0.0,0.0,0.0,0.0,0.0,0.0,0.0,-1001.0,-18878910.0,991.0,17540200.0,870.0,14824460.0
950160,코오롱티슈진,코스닥,기초 의약물질 제조업,골관절염 치료제,18660.0,9996523.0,187544829485.0,17.209999084472656,560734400.0,0.30000001192092896,469661.0,9568099640.0,-450336.0,-9188365590.0,-13895.0,-287062240.0,-14000.0,-288458320.0,0.0,0.0,-81.0,-1582760.0,0.0,0.0,0.0,0.0,-637.0,-13258950.0,6545.0,134544800.0,-11975.0,-227216610.0
056360,코위버,코스닥,통신 및 방송 장비 제조업,"가입가계 가입자계 광단국장치,SONs-51,OMS-155M,OCSU,E2 가입자 전송장비,SDS-2500 등",5960.0,165856.0,999853520.0,4.929999828338623,1814370.0,0.18000000715255737,17519.0,108628280.0,-4760.0,-32694395.0,-13154.0,-78210060.0,-13154.0,-78210060.0,0.0,0.0,0.0,0.0,0.0,0.0,0.0,0.0,0.0,0.0,277.0,1559430.0,118.0,716745.0
282880,코윈테크,코스닥,특수 목적용 기계 제조업,"공정자동화설비(2차전지,석유화학,반도체,디스플레이)",9590.0,37374.0,358357245.0,2.569999933242798,497410.0,0.14000000059604645,-231.0,-2398415.0,2770.0,26732205.0,-1737.0,-16653140.0,0.0,180.0,0.0,0.0,0.0,0.0,0.0,0.0,0.0,0.0,-1737.0,-16653320.0,-800.0,-7661500.0,-2.0,-19150.0
121850,코이즈,코스닥,플라스틱제품 제조업,"보호필름, 도광판, 백코팅",1177.0,31437.0,37850580.0,-0.9300000071525574,2374.0,0.009999999776482582,-4763.0,-5782693.0,4766.0,5785748.0,0.0,0.0,0.0,0.0,0.0,0.0,0.0,0.0,0.0,0.0,0.0,0.0,0.0,0.0,0.0,0.0,-3.0,-3055.0
448710,코츠테크놀로지,코스닥,컴퓨터 및 주변장치 제조업,"싱글보드컴퓨터(SBC), 군용 전시기 등",11300.0,23066.0,260752425.0,3.390000104904175,880350.0,0.3400000035762787,-6778.0,-76318315.0,7158.0,80630095.0,0.0,0.0,0.0,0.0,0.0,0.0,0.0,0.0,0.0,0.0,0.0,0.0,0.0,0.0,-140.0,-1581300.0,-240.0,-2730480.0
126730,코칩,코스닥,전자부품 제조업,소형 및 초소형 슈퍼커패시터,13370.0,72532.0,965386975.0,6.110000133514404,2139920.0,0.2199999988079071,5423.0,72726500.0,10033.0,132190830.0,-15461.0,-205001690.0,-3865.0,-51279250.0,0.0,0.0,-11596.0,-153722440.0,0.0,0.0,0.0,0.0,0.0,0.0,0.0,0.0,5.0,84360.0
015710,코콤,코스닥,통신 및 방송 장비 제조업,비디오도어폰,2640.0,9288.0,24663760.0,-0.1899999976158142,524600.0,2.130000114440918,631.0,1661925.0,-631.0,-1661925.0,0.0,0.0,0.0,0.0,0.0,0.0,0.0,0.0,0.0,0.0,0.0,0.0,0.0,0.0,0.0,0.0,0.0,0.0
052330,코텍,코스닥,영상 및 음향기기 제조업,산업용 모니터,12250.0,7776.0,95018130.0,1.2400000095367432,110250.0,0.11999999731779099,-1052.0,-12856300.0,1437.0,17559740.0,-407.0,-4962740.0,-8.0,-97440.0,0.0,0.0,0.0,0.0,-349.0,-4255800.0,0.0,0.0,0.0,0.0,22.0,259300.0,0.0,0.0
322780,코퍼스코리아,코스닥,"영화, 비디오물, 방송프로그램 제작 및 배급업",콘텐츠 배급 및 제작,2015.0,44327.0,88427221.0,0.5,1985806.0,2.25,-4523.0,-8702346.0,4523.0,8732542.0,0.0,-30196.0,0.0,-30196.0,0.0,0.0,0.0,0.0,0.0,0.0,0.0,0.0,0.0,0.0,0.0,0.0,0.0,0.0
215380,콜마바이오텍,코스닥,자연과학 및 공학 연구개발업,"동물실험,CRO서비스,사육장비,세척장비등",2390.0,13034.0,31533445.0,-0.20999999344348907,935260.0,2.9700000286102295,60.0,177990.0,-60.0,-175590.0,0.0,-2400.0,0.0,-2400.0,0.0,0.0,0.0,0.0,0.0,0.0,0.0,0.0,0.0,0.0,0.0,0.0,0.0,0.0
200130,콜마비앤에이치,코스닥,기초 의약물질 제조업,건강기능식품,8590.0,45997.0,399858365.0,-0.3499999940395355,192520.0,0.029999999329447746,11540.0,99964130.0,-6965.0,-60340930.0,-4630.0,-40094900.0,-4372.0,-37868220.0,-6.0,-52340.0,-252.0,-2174340.0,0.0,0.0,0.0,0.0,0.0,0.0,-15.0,-132900.0,70.0,604600.0
294570,쿠콘,코스닥,기타 정보 서비스업,"페이먼트서비스(65.2%), 데이터서비스(29.1%) 등",18330.0,5999.0,109860095.0,2.4000000953674316,0.0,0.0,-1805.0,-33085400.0,1910.0,35004570.0,4.0,73480.0,4.0,73480.0,0.0,0.0,0.0,0.0,0.0,0.0,0.0,0.0,0.0,0.0,-109.0,-1992650.0,0.0,0.0
464490,쿼드메디슨,코스닥,기초 의약물질 제조업,마이크로니들 의약품,5870.0,28825.0,171880520.0,0.3400000035762787,2564050.0,1.4900000095367432,3399.0,19889860.0,-3696.0,-21695240.0,-28.0,-166390.0,0.0,0.0,0.0,0.0,0.0,0.0,0.0,0.0,0.0,0.0,-28.0,-166390.0,300.0,1823020.0,25.0,148750.0
317690,퀀타매트릭스,코스닥,의료용 기기 제조업,신속항균제검사 장비 및 키트,2345.0,74747.0,175514035.0,1.0800000429153442,6990.0,0.0,22080.0,51956890.0,-22080.0,-51956890.0,0.0,0.0,0.0,0.0,0.0,0.0,0.0,0.0,0.0,0.0,0.0,0.0,0.0,0.0,0.0,0.0,0.0,0.0
432720,퀄리타스반도체,코스닥,반도체 제조업,초고속 통신용 반도체 IP,8540.0,121371.0,1022581725.0,7.019999980926514,22474390.0,2.200000047683716,-11279.0,-95195045.0,11520.0,97226945.0,0.0,0.0,0.0,0.0,0.0,0.0,0.0,0.0,0.0,0.0,0.0,0.0,0.0,0.0,-1.0,-8550.0,-240.0,-2023350.0
365270,큐라클,코스닥,자연과학 및 공학 연구개발업,혈관질환치료제 등,9610.0,113779.0,1113441320.0,3.559999942779541,107967880.0,9.699999809265137,28543.0,277317080.0,-18851.0,-181445840.0,-11998.0,-118538680.0,-889.0,-8730870.0,0.0,0.0,-152.0,-1489770.0,0.0,0.0,0.0,0.0,-10957.0,-108318040.0,1547.0,14974090.0,759.0,7693350.0
348080,큐라티스,코스닥,자연과학 및 공학 연구개발업,"백신 및 면역증강제 개발제조업, CMO/CDMO",2990.0,88156.0,262804405.0,30.0,164920.0,0.05999999865889549,-6157.0,-18418765.0,126.0,386075.0,6031.0,18032690.0,6031.0,18032690.0,0.0,0.0,0.0,0.0,0.0,0.0,0.0,0.0,0.0,0.0,0.0,0.0,0.0,0.0
060280,큐렉소,코스닥,기타 상품 전문 소매업,"만화단행본, 정기간행물",9060.0,179510.0,1629329025.0,1.2300000190734863,103086060.0,6.329999923706055,13042.0,117542410.0,22419.0,202189560.0,-36414.0,-328473640.0,-36437.0,-328683010.0,0.0,0.0,23.0,209370.0,0.0,0.0,0.0,0.0,0.0,0.0,1516.0,13886630.0,-563.0,-5144960.0
372320,큐로셀,코스닥,자연과학 및 공학 연구개발업,CAR-T 세포치료제,27150.0,20677.0,563366450.0,-0.18000000715255737,26073500.0,3.069999933242798,-1638.0,-44095400.0,1197.0,32434550.0,5.0,-198700.0,5.0,-198700.0,0.0,0.0,0.0,0.0,0.0,0.0,0.0,0.0,0.0,0.0,0.0,0.0,436.0,11859550.0
051780,큐로홀딩스,코스닥,음·식료품 및 담배 소매업,"DTIS, Probe Card, H.F PCB",2910.0,5697.0,16311145.0,5.239999771118164,5800.0,0.03999999910593033,1671.0,4816935.0,-981.0,-2814935.0,0.0,0.0,0.0,0.0,0.0,0.0,0.0,0.0,0.0,0.0,0.0,0.0,0.0,0.0,-590.0,-1712000.0,-100.0,-290000.0
115180,큐리언트,코스닥,자연과학 및 공학 연구개발업,저분자 혁신신약,21600.0,141687.0,3070923825.0,-1.3700000047683716,355326800.0,8.609999656677246,39622.0,860626725.0,-40017.0,-868539925.0,-1174.0,-26988400.0,-1807.0,-40762100.0,0.0,0.0,633.0,13773700.0,0.0,0.0,0.0,0.0,0.0,0.0,-151.0,-3332600.0,1720.0,38234200.0
494120,큐리오시스,코스닥,사진장비 및 광학기기 제조업,라이브셀 이미징 기기 등,11250.0,73397.0,836423420.0,1.9900000095367432,195814150.0,17.899999618530273,-1108.0,-13636640.0,12792.0,145595710.0,-14820.0,-167619520.0,-5418.0,-59887170.0,-2.0,-22870.0,-521.0,-5677630.0,0.0,0.0,-13.0,-148310.0,-8866.0,-101883540.0,3237.0,36838510.0,-101.0,-1178060.0
445680,큐리옥스바이오시스템즈,코스닥,의료용 기기 제조업,세포 전처리 자동화기기 등,42050.0,66319.0,2802706650.0,0.23999999463558197,229667050.0,6.329999923706055,14416.0,606729350.0,-6182.0,-264394650.0,-8239.0,-342546700.0,-8251.0,-343054750.0,0.0,0.0,12.0,508050.0,0.0,0.0,0.0,0.0,0.0,0.0,0.0,0.0,5.0,212000.0
182360,큐브엔터,코스닥,오디오물 출판 및 원판 녹음업,"음반음원, 콘서트, 아티스트매니지먼트",5690.0,20290.0,115668700.0,0.5299999713897705,11148100.0,9.640000343322754,3934.0,22595840.0,-3445.0,-19825320.0,-489.0,-2770520.0,-489.0,-2770520.0,0.0,0.0,0.0,0.0,0.0,0.0,0.0,0.0,0.0,0.0,0.0,0.0,0.0,0.0
405100,큐알티,코스닥,"그외 기타 전문, 과학 및 기술 서비스업",반도체 신뢰성 검사 및 종합분석,10810.0,40608.0,434743670.0,4.550000190734863,1567400.0,0.36000001430511475,-5959.0,-63751190.0,6341.0,67854480.0,0.0,-6080.0,0.0,-6080.0,0.0,0.0,0.0,0.0,0.0,0.0,0.0,0.0,0.0,0.0,-132.0,-1414710.0,-250.0,-2682500.0
066310,큐에스아이,코스닥,반도체 제조업,레이저다이오드(LaserDiode),7460.0,86389.0,639284750.0,7.03000020980835,490000.0,0.07999999821186066,-17129.0,-125785940.0,16800.0,123330050.0,-2.0,-14890.0,-2.0,-14890.0,0.0,0.0,0.0,0.0,0.0,0.0,0.0,0.0,0.0,0.0,0.0,0.0,331.0,2470780.0
377460,큐에이드,코스닥,개인 및 가정용품 수리업,"전자제품 소매, 물류주선, 서비스대행",4080.0,0.0,0.0,0.0,0.0,0.0,0.0,0.0,0.0,0.0,0.0,0.0,0.0,0.0,0.0,0.0,0.0,0.0,0.0,0.0,0.0,0.0,0.0,0.0,0.0,0.0,0.0,0.0
377460,큐에이드,코스닥,개인 및 가정용품 수리업,"전자제품 소매, 물류주선, 서비스대행",4080.0,0.0,0.0,0.0,0.0,0.0,0.0,0.0,0.0,0.0,0.0,0.0,0.0,0.0,0.0,0.0,0.0,0.0,0.0,0.0,0.0,0.0,0.0,0.0,0.0,0.0,0.0,0.0
016600,큐캐피탈,코스닥,기타 금융업,"사모투자(PEF),벤처투자",2250.0,13814.0,31097650.0,0.6700000166893005,152590.0,0.49000000953674316,1014.0,2226315.0,-156.0,-300075.0,-858.0,-1926240.0,-858.0,-1926240.0,0.0,0.0,0.0,0.0,0.0,0.0,0.0,0.0,0.0,0.0,0.0,0.0,0.0,0.0
355390,크라우드웍스,코스닥,소프트웨어 개발 및 공급업,인공지능 데이터 구축 서비스,1982.0,1921576.0,4003101425.0,-6.289999961853027,11210473.0,0.2800000011920929,129993.0,271021319.0,-127607.0,-266095329.0,-33.0,-71280.0,-33.0,-71280.0,0.0,0.0,0.0,0.0,0.0,0.0,0.0,0.0,0.0,0.0,0.0,9470.0,-2353.0,-4864180.0
096240,크레버스,코스닥,일반 교습 학원,청담어학원,8470.0,8135.0,68757910.0,-0.5899999737739563,8750040.0,12.729999542236328,2892.0,24473120.0,-2066.0,-17485840.0,-826.0,-6987280.0,-826.0,-6987280.0,0.0,0.0,0.0,0.0,0.0,0.0,0.0,0.0,0.0,0.0,0.0,0.0,0.0,0.0
040350,크레오에스지,코스닥,"컴퓨터 프로그래밍, 시스템 통합 및 관리업","시스템통합, 지능형교통시스템",7320.0,88267.0,637311440.0,-0.14000000059604645,17393630.0,2.7300000190734863,932.0,6848910.0,-932.0,-6815490.0,0.0,-33420.0,0.0,-33420.0,0.0,0.0,0.0,0.0,0.0,0.0,0.0,0.0,0.0,0.0,0.0,0.0,0.0,0.0
110790,크리스에프앤씨,코스닥,봉제의복 제조업,골프웨어,3005.0,9582.0,28836510.0,2.740000009536743,318150.0,1.100000023841858,1040.0,3112220.0,-944.0,-2824760.0,0.0,0.0,0.0,0.0,0.0,0.0,0.0,0.0,0.0,0.0,0.0,0.0,0.0,0.0,-96.0,-287460.0,0.0,0.0
900250,크리스탈신소재,코스닥,기타 금융업,"합성운모 플레이크, 파우더, 테이프",1060.0,126721.0,132586375.0,2.7100000381469727,0.0,0.0,-2867.0,-2981569.0,2535.0,2628230.0,388.0,410378.0,388.0,410378.0,0.0,0.0,0.0,0.0,0.0,0.0,0.0,0.0,0.0,0.0,0.0,0.0,-56.0,-57039.0
045520,크린앤사이언스,코스닥,일반 목적용 기계 제조업,자동차용 여과지,2840.0,18256.0,51157151.0,-0.3499999940395355,723990.0,1.4199999570846558,-3165.0,-8733134.0,3165.0,8733134.0,0.0,0.0,0.0,0.0,0.0,0.0,0.0,0.0,0.0,0.0,0.0,0.0,0.0,0.0,0.0,0.0,0.0,0.0
214150,클래시스,코스닥,의료용 기기 제조업,미용의료기기,44900.0,151042.0,6803846700.0,-1.100000023841858,1854781450.0,24.040000915527344,7878.0,351932600.0,15519.0,694725025.0,-25634.0,-1146731725.0,-26128.0,-1170260125.0,-29.0,-1293650.0,-1281.0,-57735150.0,0.0,0.0,-652.0,-29504250.0,2456.0,112061450.0,2381.0,106644250.0,-144.0,-6570150.0
466100,클로봇,코스닥,소프트웨어 개발 및 공급업,"로봇 소프트웨어(카멜레온, 크롬스)",28400.0,383019.0,10638478325.0,5.579999923706055,221984450.0,1.1200000047683716,36721.0,1043265425.0,-1966.0,-81555150.0,-36323.0,-1005636475.0,-37740.0,-1044792625.0,-5.0,-139600.0,336.0,9291150.0,0.0,0.0,0.0,0.0,1086.0,30004600.0,951.0,26880450.0,617.0,17045750.0
237880,클리오,코스닥,기타 화학제품 제조업,"색조화장품, 기초화장품",10850.0,48751.0,531302775.0,-0.09000000357627869,97295240.0,13.1899995803833,18893.0,205753395.0,-8179.0,-89579305.0,-10714.0,-116170130.0,-2714.0,-29595420.0,0.0,0.0,0.0,0.0,0.0,0.0,-8000.0,-86574710.0,0.0,0.0,0.0,-3960.0,0.0,0.0
139670,키네마스터,코스닥,소프트웨어 개발 및 공급업,"NexMFW, NexPlayer EMB",1617.0,7419.0,11931814.0,2.4100000858306885,26860.0,0.23000000417232513,-67.0,-92447.0,67.0,92447.0,0.0,0.0,0.0,0.0,0.0,0.0,0.0,0.0,0.0,0.0,0.0,0.0,0.0,0.0,0.0,0.0,0.0,0.0
475430,키스트론,코스닥,절연선 및 케이블 제조업,"전자부품용 와이어, 케이블용 와이어 등",4205.0,260203.0,1082743227.0,3.8299999237060547,10088430.0,0.9300000071525574,-35158.0,-145391175.0,35154.0,145393015.0,0.0,-19100.0,0.0,-19100.0,0.0,0.0,0.0,0.0,0.0,0.0,0.0,0.0,0.0,0.0,0.0,0.0,4.0,17260.0
487720,키움제10호스팩,코스닥,금융 지원 서비스업,기업 인수합병,2015.0,4300.0,8656295.0,0.0,0.0,0.0,2597.0,5232955.0,-97.0,-195455.0,-2500.0,-5037500.0,0.0,0.0,0.0,0.0,0.0,0.0,0.0,0.0,0.0,0.0,-2500.0,-5037500.0,0.0,0.0,0.0,0.0
489480,키움제11호스팩,코스닥,금융 지원 서비스업,기업 인수합병,2020.0,3750.0,7556520.0,0.0,0.0,0.0,35.0,70525.0,0.0,0.0,-35.0,-70525.0,0.0,0.0,0.0,0.0,3465.0,6981975.0,0.0,0.0,0.0,0.0,-3500.0,-7052500.0,0.0,0.0,0.0,0.0
466690,키움히어로제1호스팩,코스닥,금융 지원 서비스업,다른 회사와 인수합병,1998.0,555.0,1108266.0,0.0,0.0,0.0,-5.0,-9991.0,3.0,5994.0,2.0,3997.0,2.0,3997.0,0.0,0.0,0.0,0.0,0.0,0.0,0.0,0.0,0.0,0.0,0.0,0.0,0.0,0.0
0131D0,키움히어로제2호스팩,코스닥,금융 지원 서비스업,기업 인수 합병,1965.0,4086.0,8020564.0,-0.10000000149011612,0.0,0.0,-91.0,-178437.0,91.0,178437.0,0.0,0.0,0.0,0.0,0.0,0.0,0.0,0.0,0.0,0.0,0.0,0.0,0.0,0.0,0.0,0.0,0.0,0.0
054780,키이스트,코스닥,"영화, 비디오물, 방송프로그램 제작 및 배급업",멀티미디어 SI,1308.0,10285.0,13450722.0,2.9100000858306885,11762.0,0.09000000357627869,-2576.0,-3363766.0,2523.0,3294442.0,53.0,69324.0,53.0,69324.0,0.0,0.0,0.0,0.0,0.0,0.0,0.0,0.0,0.0,0.0,0.0,0.0,0.0,0.0
256940,킵스파마,코스닥,의약품 제조업,OLED 마스크 인장기,6150.0,35406.0,216499280.0,3.7100000381469727,176300.0,0.07999999821186066,-17228.0,-104959980.0,16850.0,102658570.0,6.0,36800.0,6.0,36800.0,0.0,0.0,0.0,0.0,0.0,0.0,0.0,0.0,0.0,0.0,372.0,2264610.0,0.0,0.0
219130,타이거일렉,코스닥,전자부품 제조업,인쇄회로기판 제조업,73100.0,93692.0,6639330050.0,14.039999961853027,560108000.0,8.4399995803833,5406.0,394576750.0,-2839.0,-232879450.0,2107.0,192221300.0,-16.0,-499100.0,1989.0,138356800.0,-6085.0,-405101300.0,0.0,0.0,1669.0,120332900.0,4550.0,339132000.0,-4691.0,-355162900.0,17.0,1244300.0
336680,탑런토탈솔루션,코스닥,전자부품 제조업,전장디스플레이 및 pOLED 부품,2490.0,4614.0,11407095.0,1.6299999952316284,274600.0,2.4100000858306885,-862.0,-2138355.0,682.0,1695695.0,0.0,0.0,0.0,0.0,0.0,0.0,0.0,0.0,0.0,0.0,0.0,0.0,0.0,0.0,0.0,0.0,180.0,442660.0
360070,탑머티리얼,코스닥,일차전지 및 이차전지 제조업,"이차전지 시스템 엔지니어링, 전극소재, 양극소재",8330.0,18737.0,156293010.0,3.0899999141693115,410210.0,0.25999999046325684,500.0,4204360.0,-1113.0,-9603150.0,607.0,5348930.0,607.0,5348930.0,0.0,0.0,0.0,0.0,0.0,0.0,0.0,0.0,0.0,0.0,0.0,0.0,6.0,49860.0
065130,탑엔지니어링,코스닥,특수 목적용 기계 제조업,LCD Cell Line 자동화 장치,2770.0,47109.0,132009928.0,0.0,490070.0,0.3700000047683716,23933.0,67072728.0,-16039.0,-44999616.0,-7894.0,-22073112.0,0.0,0.0,0.0,0.0,0.0,0.0,0.0,0.0,0.0,0.0,-7894.0,-22073112.0,0.0,0.0,0.0,0.0
134580,탑코미디어,코스닥,"자료처리, 호스팅, 포털 및 기타 인터넷 정보매개 서비스업","웹툰, 만화",1304.0,86712.0,112127004.0,5.590000152587891,713477.0,0.6399999856948853,-3221.0,-3911066.0,3319.0,4053754.0,0.0,0.0,0.0,0.0,0.0,0.0,0.0,0.0,0.0,0.0,0.0,0.0,0.0,0.0,200.0,249400.0,-298.0,-392088.0
023160,태광,코스닥,1차 철강 제조업,"각종 배관자재, 관이음쇠류 제조 및 판매",23600.0,73916.0,1729185525.0,4.420000076293945,27203850.0,1.0800000429153442,9675.0,225949350.0,7477.0,173864500.0,-16519.0,-385245300.0,2900.0,68353750.0,-879.0,-20540525.0,-18531.0,-432847725.0,0.0,0.0,-9.0,-210800.0,0.0,0.0,20.0,718150.0,-653.0,-15286700.0
323280,태성,코스닥,특수 목적용 기계 제조업,PCB 자동화 설비,44800.0,494447.0,21395965350.0,11.859999656677246,4784357700.0,13.09000015258789,43688.0,1921928050.0,-17173.0,-800697400.0,-28071.0,-1190414250.0,-30969.0,-1326359500.0,-1.0,-42800.0,12962.0,574847500.0,0.0,0.0,3618.0,153332550.0,-13681.0,-592192000.0,2575.0,112196000.0,-1019.0,-43012400.0
053620,태양,코스닥,기타 금속 가공제품 제조업,"휴대용 부탄가스, 에어졸캔, 외주수탁품",6580.0,7585.0,49435540.0,0.9200000166893005,0.0,0.0,-163.0,-1043170.0,213.0,1379070.0,0.0,-400.0,0.0,-400.0,0.0,0.0,0.0,0.0,0.0,0.0,0.0,0.0,0.0,0.0,-50.0,-335500.0,0.0,0.0
044490,태웅,코스닥,기타 금속 가공제품 제조업,자유형단조품,28800.0,170436.0,4882850250.0,4.349999904632568,288944550.0,3.440000057220459,-17528.0,-516190275.0,-1300.0,-29139475.0,19644.0,568446150.0,1119.0,31922375.0,-2809.0,-80754550.0,14410.0,417510275.0,0.0,0.0,3928.0,113601700.0,2996.0,86166350.0,-824.0,-23352850.0,8.0,236450.0
124560,태웅로직스,코스닥,기타 운송관련 서비스업,"3자물류주선 (복합운송, 프로젝트운송, CIS운송 등)",1792.0,32086.0,57674098.0,-0.2199999988079071,2258886.0,3.9200000762939453,16195.0,29016528.0,-16197.0,-29020128.0,1.0,1804.0,1.0,1804.0,0.0,0.0,0.0,0.0,0.0,0.0,0.0,0.0,0.0,0.0,0.0,0.0,1.0,1796.0
191420,테고사이언스,코스닥,기초 의약물질 제조업,피부세포치료제,6410.0,1839.0,11867630.0,-1.840000033378601,58580.0,0.49000000953674316,1083.0,6969960.0,-1083.0,-6969960.0,0.0,0.0,0.0,0.0,0.0,0.0,0.0,0.0,0.0,0.0,0.0,0.0,0.0,0.0,0.0,0.0,0.0,0.0
950250,테라뷰,코스닥,기타 금융업,테라헤르츠 전자기파 발생 및 응용 검사장비,2380.0,222005.0,527098381.0,8.180000305175781,3049270.0,0.5799999833106995,-17134.0,-38829805.0,17264.0,39143075.0,0.0,0.0,0.0,0.0,0.0,0.0,0.0,0.0,0.0,0.0,0.0,0.0,0.0,0.0,0.0,0.0,-130.0,-313270.0
073640,테라사이언스,코스닥,기타 금속 가공제품 제조업,유압용 관이음쇠,654.0,0.0,0.0,0.0,0.0,0.0,0.0,0.0,0.0,0.0,0.0,0.0,0.0,0.0,0.0,0.0,0.0,0.0,0.0,0.0,0.0,0.0,0.0,0.0,0.0,0.0,0.0,0.0
066700,테라젠이텍스,코스닥,의약품 제조업,"Loading/Unloading System, PCB Bonding System",2195.0,76248.0,166611079.0,-0.23000000417232513,1556855.0,0.9300000071525574,2580.0,5989939.0,-4741.0,-10595904.0,2161.0,4605965.0,2161.0,4605965.0,0.0,0.0,0.0,0.0,0.0,0.0,0.0,0.0,0.0,0.0,0.0,0.0,0.0,0.0
095610,테스,코스닥,특수 목적용 기계 제조업,반도체장비(화학증착장비),136000.0,475826.0,65599993650.0,2.7200000286102295,5483476550.0,5.460000038146973,137192.0,18945812000.0,-188881.0,-26063491950.0,52103.0,7172204950.0,-8338.0,-1154918250.0,2098.0,287665750.0,8343.0,1152656950.0,70.0,9618800.0,43803.0,6034354700.0,6127.0,842827000.0,106.0,17916800.0,-520.0,-72441800.0
064520,테크엘,코스닥,반도체 제조업,"메모리 카드, 스마트 카드 등",1489.0,8654.0,13212591.0,-0.4000000059604645,344196.0,2.609999895095825,1425.0,2111600.0,-1425.0,-2111600.0,0.0,0.0,0.0,0.0,0.0,0.0,0.0,0.0,0.0,0.0,0.0,0.0,0.0,0.0,0.0,0.0,0.0,0.0
089030,테크윙,코스닥,특수 목적용 기계 제조업,"반도체테스트핸들러,C.O.K(Change Over Kit)",47900.0,633776.0,30766836300.0,-0.41999998688697815,2836504675.0,9.220000267028809,52752.0,2567427675.0,-71675.0,-3493792950.0,21478.0,1047912150.0,-25412.0,-1223319025.0,-2517.0,-121183225.0,50258.0,2433490375.0,0.0,0.0,0.0,0.0,-851.0,-41075975.0,-659.0,-31704450.0,-1896.0,-89842425.0
054450,텔레칩스,코스닥,반도체 제조업,"디지털미디어프로세서,발신자정보표시칩",9770.0,112194.0,1091149730.0,7.71999979019165,20774120.0,1.899999976158142,-17427.0,-169906540.0,15566.0,151356120.0,1.0,9820.0,1.0,9820.0,0.0,0.0,0.0,0.0,0.0,0.0,0.0,0.0,0.0,0.0,2000.0,19860000.0,-140.0,-1319400.0
200230,텔콘RF제약,코스닥,의약품 제조업,"RF 통신부품(케이블 어셈블리, 커넥터 등)",2180.0,32324.0,71335195.0,0.23000000417232513,6696635.0,9.390000343322754,-10025.0,-22172160.0,10030.0,22183085.0,0.0,0.0,0.0,0.0,0.0,0.0,0.0,0.0,0.0,0.0,0.0,0.0,0.0,0.0,0.0,0.0,-5.0,-10925.0
393210,토마토시스템,코스닥,소프트웨어 개발 및 공급업,"UI/UX솔루션, 대학정보화사업 SW",2300.0,24631.0,56341110.0,0.2199999988079071,84730.0,0.15000000596046448,-1073.0,-2471545.0,1064.0,2451025.0,0.0,0.0,0.0,0.0,0.0,0.0,0.0,0.0,0.0,0.0,0.0,0.0,0.0,0.0,0.0,0.0,9.0,20520.0
475960,토모큐브,코스닥,사진장비 및 광학기기 제조업,"홀로토모그래피 HT-X1, HT-2H",35950.0,32413.0,1179460925.0,-1.3700000047683716,250590700.0,14.720000267028809,4968.0,181729525.0,-729.0,-28456825.0,-3727.0,-134888850.0,259.0,9316150.0,-1396.0,-50606225.0,-1207.0,-43626550.0,0.0,0.0,0.0,0.0,-1383.0,-49972225.0,-512.0,-18383850.0,0.0,0.0
215480,토박스코리아,코스닥,"섬유, 의복, 신발 및 가죽제품 소매업",유아동 신발,1882.0,28257.0,53881196.0,2.2799999713897705,1581764.0,2.940000057220459,-10715.0,-20438898.0,-593.0,-1126889.0,11316.0,21580926.0,11316.0,21580926.0,0.0,0.0,0.0,0.0,0.0,0.0,0.0,0.0,0.0,0.0,-8.0,-15139.0,0.0,0.0
051360,토비스,코스닥,영상 및 음향기기 제조업,Gaming모니터,12270.0,54675.0,656643565.0,5.590000152587891,48861810.0,5.510000228881836,-13286.0,-160032855.0,-7457.0,-89029350.0,-200.0,-2379480.0,-200.0,-2379480.0,0.0,0.0,0.0,0.0,0.0,0.0,0.0,0.0,0.0,0.0,20955.0,251887385.0,-12.0,-445700.0
045340,토탈소프트,코스닥,소프트웨어 개발 및 공급업,해운물류소프트웨어 (CATOS 등),6570.0,12858.0,84121720.0,1.7000000476837158,257360.0,0.3100000023841858,-3216.0,-20825520.0,3416.0,22138020.0,0.0,0.0,0.0,0.0,0.0,0.0,0.0,0.0,0.0,0.0,0.0,0.0,0.0,0.0,-210.0,-1378300.0,10.0,65800.0
108230,톱텍,코스닥,특수 목적용 기계 제조업,디스플레이 자동화설비,3170.0,79328.0,251393330.0,1.7699999809265137,1462365.0,0.5799999833106995,-9860.0,-31147275.0,9344.0,29435795.0,516.0,1711480.0,516.0,1711480.0,0.0,0.0,0.0,0.0,0.0,0.0,0.0,0.0,0.0,0.0,0.0,0.0,0.0,0.0
079970,투비소프트,코스닥,소프트웨어 개발 및 공급업,"MiPlatform, X Platform",596.0,0.0,0.0,0.0,0.0,0.0,0.0,0.0,0.0,0.0,0.0,0.0,0.0,0.0,0.0,0.0,0.0,0.0,0.0,0.0,0.0,0.0,0.0,0.0,0.0,0.0,0.0,0.0
199800,툴젠,코스닥,자연과학 및 공학 연구개발업,유전자교정 플랫폼 관련 제품,43250.0,17946.0,780737225.0,-0.3499999940395355,1351150.0,0.12999999523162842,-5669.0,-246894050.0,5216.0,227343950.0,504.0,21773700.0,504.0,21773700.0,0.0,0.0,0.0,0.0,0.0,0.0,0.0,0.0,0.0,0.0,-51.0,-2223600.0,0.0,0.0
417790,트루엔,코스닥,영상 및 음향기기 제조업,"IP 카메라, 영상스트리밍솔루션, IoT기기 및 서비스",5720.0,7107.0,40762340.0,0.8799999952316284,486200.0,1.190000057220459,-3673.0,-21094420.0,2053.0,11781120.0,1620.0,9313300.0,2620.0,15042070.0,0.0,0.0,0.0,0.0,0.0,0.0,0.0,0.0,-1000.0,-5728770.0,0.0,0.0,0.0,0.0
290090,트윔,코스닥,소프트웨어 개발 및 공급업,AI 기반 스마트팩토리 검사 소프트웨어 및 설비,4045.0,942.0,3751235.0,4.25,0.0,0.0,-48.0,-192330.0,48.0,192330.0,0.0,0.0,0.0,0.0,0.0,0.0,0.0,0.0,0.0,0.0,0.0,0.0,0.0,0.0,0.0,0.0,0.0,0.0
026150,특수건설,코스닥,토목 건설업,보링,3880.0,36806.0,140608235.0,4.300000190734863,4200760.0,2.990000009536743,4926.0,18921040.0,-4927.0,-18924865.0,1.0,3825.0,1.0,3825.0,0.0,0.0,0.0,0.0,0.0,0.0,0.0,0.0,0.0,0.0,0.0,0.0,0.0,0.0
464280,티디에스팜,코스닥,의약품 제조업,"경피약물전달시스템(습포제, 첩부제)",5250.0,53802.0,285358880.0,-2.2300000190734863,184080.0,0.05999999865889549,24665.0,130823470.0,-24665.0,-130823470.0,0.0,0.0,0.0,0.0,0.0,0.0,0.0,0.0,0.0,0.0,0.0,0.0,0.0,0.0,0.0,0.0,0.0,0.0
117730,티로보틱스,코스닥,특수 목적용 기계 제조업,"중대형 시스템, 중대형 로봇",14600.0,193521.0,2707826810.0,8.470000267028809,54997160.0,1.1100000143051147,-64350.0,-896598960.0,63928.0,890352850.0,241.0,3496460.0,241.0,3496460.0,0.0,0.0,0.0,0.0,0.0,0.0,0.0,0.0,0.0,0.0,335.0,4854040.0,-154.0,-2104390.0
033830,티비씨,코스닥,텔레비전 방송업,"텔레비젼 방송,문화서비스,광고/출판,음반 제작,도매",1587.0,5262.0,8373943.0,0.05999999865889549,0.0,0.0,-1247.0,-1985871.0,0.0,0.0,1247.0,1985871.0,1247.0,1985871.0,0.0,0.0,0.0,0.0,0.0,0.0,0.0,0.0,0.0,0.0,0.0,0.0,0.0,0.0
057680,티사이언티픽,코스닥,소프트웨어 개발 및 공급업,모바일쿠폰,1750.0,34921.0,60218512.0,5.360000133514404,440663.0,0.7300000190734863,12146.0,20879107.0,-4995.0,-8608806.0,-7151.0,-12270301.0,-7151.0,-12270301.0,0.0,0.0,0.0,0.0,0.0,0.0,0.0,0.0,0.0,0.0,0.0,0.0,0.0,0.0
204610,티쓰리,코스닥,소프트웨어 개발 및 공급업,온라인 및 모바일 게임 등,3100.0,136516.0,421220740.0,0.3199999928474426,841835.0,0.20000000298023224,-16080.0,-49665735.0,-48565.0,-149598575.0,-7.0,-21685.0,-7.0,-21685.0,0.0,0.0,0.0,0.0,0.0,0.0,0.0,0.0,0.0,0.0,64645.0,199264330.0,7.0,21665.0
125020,티씨머티리얼즈,코스닥,절연선 및 케이블 제조업,"에나멜동선, 초고압케이블, 각동선, CTC 등",5340.0,616324.0,3270951960.0,8.649999618530273,14730020.0,0.44999998807907104,-3778.0,-10262495.0,11657.0,51839175.0,-4250.0,-22665050.0,0.0,-7500.0,0.0,0.0,-3230.0,-17219620.0,0.0,0.0,0.0,0.0,-1020.0,-5437930.0,-3611.0,-18749920.0,-18.0,-161710.0
064760,티씨케이,코스닥,기타 비금속 광물제품 제조업,반도체 제조공정용 고순도 흑연제품,183500.0,78482.0,14595053300.0,3.6700000762939453,1867964700.0,11.010000228881836,-575.0,-112009500.0,6189.0,1135167300.0,-5608.0,-1022034400.0,-7894.0,-1451618000.0,-124.0,-23088100.0,2148.0,400094700.0,0.0,0.0,0.0,0.0,262.0,52577000.0,-4.0,-756900.0,-2.0,-366500.0
246710,티앤알바이오팹,코스닥,기초 의약물질 제조업,"생분해성 의료기기, 3D 바이오프린팅 시스템, 바이오잉크, 3D 오가노이드, 3D 세포치료제",2830.0,401862.0,1160183847.0,1.25,43615125.0,3.759999990463257,-349.0,-7296188.0,-3610.0,-3979163.0,3376.0,9577521.0,3376.0,9577521.0,0.0,0.0,0.0,0.0,0.0,0.0,0.0,0.0,0.0,0.0,0.0,0.0,583.0,1697830.0
340570,티앤엘,코스닥,의료용품 및 기타 의약 관련제품 제조업,"창상치료재, 정형외과용 고정재",65600.0,101623.0,6661877500.0,3.309999942779541,117956300.0,1.2300000190734863,-50804.0,-3334723250.0,25134.0,1649240150.0,28052.0,1842752900.0,22223.0,1455355800.0,4856.0,322127600.0,2937.0,193173650.0,0.0,0.0,0.0,0.0,-1964.0,-127904150.0,-2089.0,-138083500.0,-293.0,-19186300.0
043220,티에스넥스젠,코스닥,특수 목적용 기계 제조업,"발전설비 Damper, 전력설비 Busway",1710.0,0.0,0.0,0.0,0.0,0.0,0.0,0.0,0.0,0.0,0.0,0.0,0.0,0.0,0.0,0.0,0.0,0.0,0.0,0.0,0.0,0.0,0.0,0.0,0.0,0.0,0.0,0.0
277880,티에스아이,코스닥,특수 목적용 기계 제조업,"2차전지 장비(믹싱시스템, 믹싱제작품, 믹싱 공사, 코터건조시스템)",3080.0,39057.0,119789255.0,4.050000190734863,5686515.0,4.75,-2746.0,-8351030.0,2746.0,8351030.0,0.0,0.0,0.0,0.0,0.0,0.0,0.0,0.0,0.0,0.0,0.0,0.0,0.0,0.0,0.0,0.0,0.0,0.0
131290,티에스이,코스닥,"측정, 시험, 항해, 제어 및 기타 정밀기기 제조업; 광학기기 제외","Probe Card, Test Interface Board, OLED Test Equipment, Test Socket",200500.0,84256.0,17014007650.0,1.8300000429153442,710397800.0,3.140000104904175,5800.0,1150895050.0,-17958.0,-3635024350.0,11110.0,2271971200.0,-6761.0,-1363660150.0,275.0,55640500.0,7665.0,1560967000.0,0.0,0.0,6304.0,1284465300.0,3627.0,734558550.0,178.0,35873100.0,870.0,176285000.0
425420,티에프이,코스닥,전자부품 제조업,"COK, Board, Test Socket",32400.0,45525.0,1489029150.0,4.349999904632568,24876200.0,0.949999988079071,13798.0,455021400.0,-11742.0,-387235200.0,-2314.0,-76104850.0,-3162.0,-103976650.0,53.0,1720850.0,0.0,0.0,0.0,0.0,0.0,0.0,795.0,26150950.0,269.0,8695200.0,-11.0,-376550.0
484810,티엑스알로보틱스,코스닥,일반 목적용 기계 제조업,"물류자동화, 로봇자동화, AMR/AGV",17830.0,1104164.0,19083564920.0,3.9700000286102295,2490150.0,0.009999999776482582,64.0,-12160415.0,-16069.0,-269564335.0,12620.0,224291220.0,246.0,4392020.0,0.0,0.0,4258.0,74809390.0,0.0,0.0,0.0,0.0,8116.0,145089810.0,3829.0,65282050.0,-444.0,-7848520.0
131100,티엔엔터테인먼트,코스닥,"영화, 비디오물, 방송프로그램 제작 및 배급업","연예인 매니지먼트, 계육, 식음료",450.0,0.0,0.0,0.0,0.0,0.0,0.0,0.0,0.0,0.0,0.0,0.0,0.0,0.0,0.0,0.0,0.0,0.0,0.0,0.0,0.0,0.0,0.0,0.0,0.0,0.0,0.0,0.0
356860,티엘비,코스닥,전자부품 제조업,SSD Module / DRAM Module PCB,28050.0,310025.0,8657004500.0,6.860000133514404,173088300.0,1.3300000429153442,73889.0,2066242650.0,-94391.0,-2638442975.0,14988.0,415485975.0,-12903.0,-359243300.0,-5173.0,-144506325.0,24334.0,677764375.0,0.0,0.0,12586.0,350993525.0,-3856.0,-109522300.0,5357.0,152331500.0,157.0,4382850.0
321550,티움바이오,코스닥,자연과학 및 공학 연구개발업,"특발성폐섬유증 치료제, 면역항암제, 자궁내막증치료제, 혈우병치료제",4595.0,135777.0,622898160.0,2.799999952316284,4587200.0,0.7400000095367432,16372.0,75379275.0,-25009.0,-115613705.0,10133.0,47175995.0,4145.0,19729595.0,1488.0,6867595.0,0.0,0.0,0.0,0.0,4500.0,20578805.0,0.0,0.0,-1496.0,-6941565.0,0.0,0.0
425040,티이엠씨,코스닥,기초 화학물질 제조업,반도체용 특수가스,9350.0,300440.0,2730248750.0,10.130000114440918,16773240.0,0.6100000143051147,31802.0,285062150.0,-48470.0,-437176250.0,7487.0,68057220.0,3875.0,35156000.0,0.0,0.0,0.0,0.0,0.0,0.0,0.0,0.0,3612.0,32901220.0,-29.0,-232700.0,9210.0,84289580.0
241790,티이엠씨씨엔에스,코스닥,특수 목적용 기계 제조업,"반도체 케미칼 및 특수가스, 반도체 장비",4935.0,49436.0,242576485.0,4.110000133514404,14625.0,0.009999999776482582,-16703.0,-81720960.0,16703.0,81722815.0,0.0,-1855.0,0.0,-1855.0,0.0,0.0,0.0,0.0,0.0,0.0,0.0,0.0,0.0,0.0,0.0,0.0,0.0,0.0
022220,티케이지애강,코스닥,플라스틱제품 제조업,"PB/CPVC 파이프, 연결구",676.0,73349.0,47673126.0,5.789999961853027,459580.0,0.9599999785423279,-31156.0,-20273656.0,1156.0,773672.0,0.0,0.0,0.0,0.0,0.0,0.0,0.0,0.0,0.0,0.0,0.0,0.0,0.0,0.0,30000.0,19499984.0,0.0,0.0
104480,티케이케미칼,코스닥,화학섬유 제조업,"수지, 폴리에스터, 스판덱스",1612.0,259103.0,416435574.0,0.9399999976158142,22589474.0,5.420000076293945,45463.0,73030393.0,-36093.0,-57968345.0,5.0,-8327.0,5.0,-8327.0,0.0,0.0,0.0,0.0,0.0,0.0,0.0,0.0,0.0,0.0,-9375.0,-15053721.0,0.0,0.0
081150,티플랙스,코스닥,1차 비철금속 제조업,"스텐레스봉,판(열간제품) 제조,도매",2650.0,63852.0,168678907.0,1.5299999713897705,20083815.0,11.90999984741211,1847.0,5003170.0,-1847.0,-4995610.0,0.0,-7560.0,0.0,-7560.0,0.0,0.0,0.0,0.0,0.0,0.0,0.0,0.0,0.0,0.0,0.0,0.0,0.0,0.0
130740,티피씨글로벌,코스닥,자동차 신품 부품 제조업,"정밀인발강관, 정밀강관, Water pipe, Filler Neck 등",1914.0,22228.0,42840093.0,0.05000000074505806,52399.0,0.11999999731779099,-2687.0,-5208665.0,-1313.0,-2545253.0,4000.0,7753918.0,4000.0,7753918.0,0.0,0.0,0.0,0.0,0.0,0.0,0.0,0.0,0.0,0.0,0.0,0.0,0.0,0.0
084730,팅크웨어,코스닥,통신 및 방송 장비 제조업,"내비게이션,블랙박스,태블릿 및 위치정보서비스",6540.0,26112.0,168996420.0,2.6700000762939453,89960.0,0.05000000074505806,-9629.0,-62098380.0,2004.0,12923480.0,0.0,0.0,0.0,0.0,0.0,0.0,0.0,0.0,0.0,0.0,0.0,0.0,0.0,0.0,7625.0,49174900.0,0.0,0.0
440110,파두,코스닥,반도체 제조업,SSD 컨트롤러,66500.0,529113.0,34513798450.0,7.429999828338623,1382817400.0,4.010000228881836,-7715.0,-499296800.0,-60094.0,-3982556650.0,62977.0,4161382550.0,-1606.0,-103457750.0,5036.0,331350800.0,24340.0,1617928050.0,0.0,0.0,35317.0,2323177600.0,-110.0,-7616150.0,2929.0,193543200.0,1903.0,126927700.0
290560,파라택시스이더리움,코스닥,소프트웨어 개발 및 공급업,DB보안솔루션 등,959.0,49869.0,47208581.0,4.349999904632568,0.0,0.0,1212.0,1202979.0,-1212.0,-1202979.0,0.0,0.0,0.0,0.0,0.0,0.0,0.0,0.0,0.0,0.0,0.0,0.0,0.0,0.0,0.0,0.0,0.0,0.0
288330,파라택시스코리아,코스닥,"그외 기타 전문, 과학 및 기술 서비스업","펠리노-1 단백질 저해제, 오토택신 저해제",416.0,0.0,0.0,0.0,0.0,0.0,0.0,0.0,0.0,0.0,0.0,0.0,0.0,0.0,0.0,0.0,0.0,0.0,0.0,0.0,0.0,0.0,0.0,0.0,0.0,0.0,0.0,0.0
033540,파라텍,코스닥,특수 목적용 기계 제조업,소방기기,787.0,0.0,0.0,0.0,0.0,0.0,0.0,0.0,0.0,0.0,0.0,0.0,0.0,0.0,0.0,0.0,0.0,0.0,0.0,0.0,0.0,0.0,0.0,0.0,0.0,0.0,0.0,0.0
388870,파로스아이바이오,코스닥,자연과학 및 공학 연구개발업,PHI-101 급성골수성백혈병 치료제 및 재발성난소암 치료제,5390.0,34554.0,187181330.0,0.0,5361490.0,2.859999895095825,6102.0,32996460.0,-7178.0,-38837180.0,-3369.0,-18366980.0,-3369.0,-18366980.0,0.0,0.0,0.0,0.0,0.0,0.0,0.0,0.0,0.0,0.0,0.0,0.0,4445.0,24207700.0
043200,파루,코스닥,"전동기, 발전기 및 전기 변환 · 공급 · 제어 장치 제조업","온습도 조절기(에어쿨), 무인방제기(야호)",512.0,0.0,0.0,0.0,0.0,0.0,0.0,0.0,0.0,0.0,0.0,0.0,0.0,0.0,0.0,0.0,0.0,0.0,0.0,0.0,0.0,0.0,0.0,0.0,0.0,0.0,0.0,0.0
214450,파마리서치,코스닥,의료용품 및 기타 의약 관련제품 제조업,재생의약품,378000.0,200641.0,76166191250.0,-1.690000057220459,3033876500.0,3.130000114440918,-59398.0,-22493856250.0,95926.0,36367462000.0,-33611.0,-12773700000.0,1039.0,402521000.0,-1214.0,-459500750.0,-21744.0,-8262821250.0,13.0,4927000.0,-9905.0,-3778293750.0,-1801.0,-680918250.0,-2407.0,-906977250.0,-510.0,-192928500.0
177830,파버나인,코스닥,전자부품 제조업,"알루미늄 소재 TV 외관재(프레임, 스탠드)",2400.0,13482.0,31768150.0,0.6299999952316284,2380.0,0.009999999776482582,-6131.0,-14537145.0,3424.0,8100660.0,0.0,0.0,0.0,0.0,0.0,0.0,0.0,0.0,0.0,0.0,0.0,0.0,0.0,0.0,2707.0,6436485.0,0.0,0.0
037070,파세코,코스닥,가정용 기기 제조업,"창문형에어컨,석유스토브",7200.0,978153.0,6950938580.0,3.1500000953674316,20573840.0,0.30000001192092896,2952.0,17973080.0,-1455.0,-7335320.0,1.0,-3160.0,1.0,-3160.0,0.0,0.0,0.0,0.0,0.0,0.0,0.0,0.0,0.0,0.0,288.0,2019540.0,-1786.0,-12654140.0
150900,파수AI,코스닥,소프트웨어 개발 및 공급업,기업용 문서보안 솔루션,3745.0,45663.0,170849304.0,1.350000023841858,2726010.0,1.600000023841858,-7840.0,-29169922.0,7865.0,29229912.0,393.0,1453245.0,393.0,1453245.0,0.0,0.0,0.0,0.0,0.0,0.0,0.0,0.0,0.0,0.0,-1000.0,-3680290.0,582.0,2167055.0
037030,파워넷,코스닥,"전동기, 발전기 및 전기 변환 · 공급 · 제어 장치 제조업",전력변환장치,3780.0,400791.0,1509999781.0,7.079999923706055,28710545.0,1.899999976158142,-12973.0,-47020914.0,2452.0,8434754.0,1048.0,3955500.0,1048.0,3955500.0,0.0,0.0,0.0,0.0,0.0,0.0,0.0,0.0,0.0,0.0,0.0,0.0,9473.0,34630660.0
047310,파워로직스,코스닥,"전동기, 발전기 및 전기 변환 · 공급 · 제어 장치 제조업","2차전지 보호회로 및 배터리팩, 카메라모듈",3075.0,174117.0,534455372.0,2.5,7644180.0,1.4299999475479126,-34012.0,-104754628.0,33956.0,104574918.0,-186.0,-565435.0,-186.0,-565435.0,0.0,0.0,0.0,0.0,0.0,0.0,0.0,0.0,0.0,0.0,0.0,0.0,242.0,745145.0
368770,파이버프로,코스닥,"측정, 시험, 항해, 제어 및 기타 정밀기기 제조업; 광학기기 제외",광섬유 관성센서 및 관성 측정장치,13200.0,576556.0,7729510240.0,5.599999904632568,121629740.0,1.5700000524520874,65039.0,917733700.0,-70507.0,-986290540.0,5190.0,67934560.0,3774.0,49269920.0,0.0,0.0,1416.0,18664640.0,0.0,0.0,0.0,0.0,0.0,0.0,25.0,-2986380.0,253.0,3608660.0
170790,파이오링크,코스닥,통신 및 방송 장비 제조업,"ADC(서버부하 분산장치), 보안스위치, 웹방화벽",8620.0,25971.0,220085790.0,3.859999895095825,6490760.0,2.950000047683716,-772.0,-6395210.0,900.0,7463470.0,0.0,29400.0,0.0,29400.0,0.0,0.0,0.0,0.0,0.0,0.0,0.0,0.0,0.0,0.0,-128.0,-1097660.0,0.0,0.0
900100,파이온엑스,코스닥,자동차 부품 및 내장품 판매업,의류판매,1965.0,86047.0,164731163.0,0.5099999904632568,2683376.0,1.6299999952316284,1368.0,2669190.0,-1368.0,-2616730.0,0.0,0.0,0.0,0.0,0.0,0.0,0.0,0.0,0.0,0.0,0.0,0.0,0.0,0.0,0.0,0.0,0.0,-52460.0
049120,파인디앤씨,코스닥,전자부품 제조업,"CHASSIS , 금형",2115.0,11215.0,22983675.0,4.440000057220459,6250.0,0.029999999329447746,-1826.0,-3753540.0,1826.0,3753540.0,0.0,0.0,0.0,0.0,0.0,0.0,0.0,0.0,0.0,0.0,0.0,0.0,0.0,0.0,0.0,0.0,0.0,0.0
038950,파인디지털,코스닥,통신 및 방송 장비 제조업,"원격 RF 감시장치, 디지털 광 중계기, 노드분배기",2860.0,816.0,2352430.0,0.3499999940395355,0.0,0.0,30.0,84660.0,-157.0,-451925.0,-41.0,-118255.0,-41.0,-118255.0,0.0,0.0,0.0,0.0,0.0,0.0,0.0,0.0,0.0,0.0,0.0,0.0,168.0,485520.0
387570,파인메딕스,코스닥,의료용 기기 제조업,"인젝터, 스네어, 나이프, 포셉 등 내시경용 시술기구",4865.0,14241.0,68487905.0,3.619999885559082,0.0,0.0,-1870.0,-9120065.0,-3091.0,-14797350.0,5000.0,24104945.0,5000.0,24104945.0,0.0,0.0,0.0,0.0,0.0,0.0,0.0,0.0,0.0,0.0,-39.0,-187530.0,0.0,0.0
441270,파인엠텍,코스닥,전자부품 제조업,IT부품,8470.0,404129.0,3345157400.0,6.139999866485596,475966060.0,8.859999656677246,-43311.0,-361106570.0,20760.0,174130585.0,20731.0,171875085.0,-22649.0,-188524790.0,426.0,3595790.0,-3654.0,-29347120.0,0.0,0.0,0.0,0.0,46608.0,386151205.0,988.0,8242160.0,832.0,6858740.0
106240,파인테크닉스,코스닥,전구 및 조명장치 제조업,LED조명기기,1303.0,15421.0,19757695.0,2.5999999046325684,1422211.0,7.199999809265137,-1336.0,-1681645.0,1618.0,2035713.0,-491.0,-621115.0,-491.0,-621115.0,0.0,0.0,0.0,0.0,0.0,0.0,0.0,0.0,0.0,0.0,210.0,268341.0,-1.0,-1294.0
131760,파인텍,코스닥,특수 목적용 기계 제조업,OLED 제조장비,1757.0,243174.0,420533053.0,8.1899995803833,139416.0,0.029999999329447746,-51269.0,-87554343.0,48195.0,82215700.0,2967.0,5150712.0,2967.0,5150712.0,0.0,0.0,0.0,0.0,0.0,0.0,0.0,0.0,0.0,0.0,100.0,175800.0,7.0,12131.0
065690,파커스,코스닥,고무제품 제조업,"프린터 부품, LED 조명기기,및 헬스케어 제품 제조업체",1318.0,22030.0,29512712.0,-0.5299999713897705,66950.0,0.23000000417232513,-3599.0,-4842495.0,-2026.0,-2728859.0,4912.0,6600029.0,4912.0,6600029.0,0.0,0.0,0.0,0.0,0.0,0.0,0.0,0.0,0.0,0.0,713.0,971325.0,0.0,0.0
140860,파크시스템스,코스닥,"측정, 시험, 항해, 제어 및 기타 정밀기기 제조업; 광학기기 제외",연구용 및 산업용 원자현미경,253000.0,23000.0,5830261500.0,0.4000000059604645,356118500.0,5.199999809265137,1370.0,336622750.0,6715.0,1690782750.0,-8105.0,-2032605500.0,-4563.0,-1142880250.0,-1055.0,-264055250.0,-195.0,-49327750.0,0.0,0.0,-916.0,-229018500.0,-1330.0,-335817750.0,20.0,5200000.0,0.0,0.0
091700,파트론,코스닥,전자부품 제조업,"카메라모듈, 안테나, 센서류 등",5490.0,256403.0,1416247545.0,-0.36000001430511475,296479850.0,20.93000030517578,130022.0,717226570.0,-107302.0,-592516490.0,-42068.0,-232074940.0,295.0,1612510.0,0.0,0.0,-317.0,-1755440.0,0.0,0.0,0.0,0.0,-42046.0,-231932010.0,20500.0,113769500.0,-1152.0,-6404640.0
032800,판타지오,코스닥,창작 및 예술관련 서비스업,서비스,1644.0,35422.0,57373901.0,1.6699999570846558,312877.0,0.550000011920929,-1799.0,-2913727.0,1799.0,2913727.0,0.0,0.0,0.0,0.0,0.0,0.0,0.0,0.0,0.0,0.0,0.0,0.0,0.0,0.0,0.0,0.0,0.0,0.0
318010,팜스빌,코스닥,기타 식품 제조업,다이어트 제품 및 건강기능 관련 제품,3665.0,8089.0,29450022.0,0.8299999833106995,14630.0,0.05000000074505806,-5933.0,-21641645.0,-67.0,-242850.0,0.0,0.0,0.0,0.0,0.0,0.0,0.0,0.0,0.0,0.0,0.0,0.0,0.0,0.0,6000.0,21884495.0,0.0,0.0
027710,팜스토리,코스닥,동물용 사료 및 조제식품 제조업,사료,1064.0,272042.0,289935602.0,-0.09000000357627869,8490326.0,2.930000066757202,84752.0,90096300.0,-72623.0,-77174077.0,-202.0,-215290.0,2.0,2128.0,0.0,0.0,0.0,0.0,0.0,0.0,0.0,0.0,-204.0,-217418.0,-20.0,-21320.0,-11907.0,-12685613.0
225590,패션플랫폼,코스닥,봉제의복 제조업,여성복,2800.0,103973.0,288719919.0,-5.079999923706055,2950.0,0.0,-19037.0,-52479453.0,14585.0,40237428.0,383.0,996510.0,383.0,996510.0,0.0,0.0,0.0,0.0,0.0,0.0,0.0,0.0,0.0,0.0,4069.0,11245515.0,0.0,0.0
054300,팬스타엔터프라이즈,코스닥,일반 목적용 기계 제조업,자동차 정비용 리프트,1001.0,169601.0,170312880.0,0.10000000149011612,1001.0,0.0,-48831.0,-49057139.0,49260.0,49534527.0,-430.0,-478399.0,-430.0,-478399.0,0.0,0.0,0.0,0.0,0.0,0.0,0.0,0.0,0.0,0.0,0.0,0.0,1.0,1011.0
068050,팬엔터테인먼트,코스닥,"영화, 비디오물, 방송프로그램 제작 및 배급업","방송영상물,음반",1130.0,29814.0,33463981.0,1.159999966621399,593768.0,1.7699999809265137,-5874.0,-6600045.0,-2753.0,-3090398.0,8582.0,9640178.0,8582.0,9640178.0,0.0,0.0,0.0,0.0,0.0,0.0,0.0,0.0,0.0,0.0,0.0,0.0,45.0,50265.0
222110,팬젠,코스닥,의약품 제조업,"바이오시밀러 의약품 개발, 바이오의약품 개발 기술이전 서비스 등",5060.0,2087.0,10439260.0,1.2000000476837158,129960.0,1.2400000095367432,-1125.0,-5633915.0,101.0,504060.0,0.0,0.0,0.0,0.0,0.0,0.0,0.0,0.0,0.0,0.0,0.0,0.0,0.0,0.0,2.0,10120.0,1022.0,5119735.0
271830,팸텍,코스닥,특수 목적용 기계 제조업,"카메라모듈 검사장비, 반도체 검사장비",1021.0,166115.0,170121988.0,3.549999952316284,1711787.0,1.0099999904632568,-22144.0,-22773279.0,19840.0,20409282.0,1303.0,1335965.0,1303.0,1335965.0,0.0,0.0,0.0,0.0,0.0,0.0,0.0,0.0,0.0,0.0,0.0,0.0,1001.0,1028032.0
263750,펄어비스,코스닥,소프트웨어 개발 및 공급업,게임 개발 서비스(검은사막 및 붉은사막),34650.0,233115.0,8196680475.0,-2.6700000762939453,441737400.0,3.8399999141693115,74152.0,2609348825.0,-23440.0,-831025225.0,-47202.0,-1654245600.0,-44620.0,-1563034075.0,154.0,5385250.0,-1311.0,-46269250.0,0.0,0.0,760.0,26620650.0,-2185.0,-76948175.0,-3785.0,-133700600.0,275.0,9622600.0
251970,펌텍코리아,코스닥,플라스틱제품 제조업,화장품 용기,46750.0,65468.0,3084854075.0,-3.4100000858306885,361105400.0,10.239999771118164,16242.0,764378550.0,18951.0,891861075.0,-35026.0,-1648421675.0,-5867.0,-275901100.0,3555.0,167139475.0,-10706.0,-501663200.0,0.0,0.0,-2847.0,-133446400.0,-19161.0,-904550450.0,-167.0,-7817950.0,0.0,0.0
187660,페니트리움바이오,코스닥,자연과학 및 공학 연구개발업,임상 CRO 서비스,4090.0,973429.0,3976128236.0,0.11999999731779099,597474730.0,15.029999732971191,5838.0,9041668.0,-11229.0,-30917868.0,3000.0,11988925.0,3000.0,11988925.0,0.0,0.0,0.0,0.0,0.0,0.0,0.0,0.0,0.0,0.0,0.0,0.0,2391.0,9887275.0
0015S0,페스카로,코스닥,"그외 기타 전문, 과학 및 기술 서비스업","임베디드 보안 솔루션, 차량전장 소프트웨어",6450.0,30650.0,197405685.0,2.380000114440918,220320.0,0.10999999940395355,7389.0,47622915.0,-965.0,-6105915.0,-6424.0,-41517000.0,-5868.0,-37943600.0,0.0,0.0,0.0,0.0,0.0,0.0,0.0,0.0,-556.0,-3573400.0,0.0,0.0,0.0,0.0
168360,펨트론,코스닥,특수 목적용 기계 제조업,3D 정밀측정 검사장비,11860.0,108559.0,1296844780.0,1.0199999809265137,168432420.0,9.239999771118164,6024.0,71923620.0,-6135.0,-72923120.0,877.0,10441060.0,170.0,2070750.0,0.0,0.0,0.0,0.0,0.0,0.0,0.0,0.0,707.0,8370310.0,-1191.0,-14491320.0,425.0,5049760.0
087010,펩트론,코스닥,기초 의약물질 제조업,약효지속성 의약품 및 펩타이드 소재,171500.0,226894.0,39042724900.0,-1.3200000524520874,9184687900.0,15.520000457763672,62208.0,10713361000.0,-2245.0,-363998350.0,-58063.0,-10025444250.0,-24178.0,-4188366700.0,3.0,514200.0,-1662.0,-285688150.0,0.0,0.0,1000.0,171436000.0,-33226.0,-5723339600.0,-1885.0,-321035000.0,-15.0,-2883400.0
064800,포니링크,코스닥,"섬유, 의복, 신발 및 가죽제품 소매업",의류제품,2060.0,50845.0,107075765.0,-1.440000057220459,75775.0,0.07000000029802322,48.0,418875.0,-1242.0,-2872555.0,1194.0,2453680.0,1194.0,2453680.0,0.0,0.0,0.0,0.0,0.0,0.0,0.0,0.0,0.0,0.0,0.0,0.0,0.0,0.0
119500,포메탈,코스닥,기타 금속 가공제품 제조업,"자동차,풍력,방위산업,산업기계,농기계등의 단조부품",2500.0,31946.0,79069998.0,3.0899999141693115,491065.0,0.6200000047683716,-3938.0,-9649113.0,3938.0,9649113.0,0.0,0.0,0.0,0.0,0.0,0.0,0.0,0.0,0.0,0.0,0.0,0.0,0.0,0.0,0.0,0.0,0.0,0.0
389140,포바이포,코스닥,"영화, 비디오물, 방송프로그램 제작 및 배급업",광고영화 및 비디오물 제작업,5230.0,83580.0,437800800.0,2.75,1047040.0,0.23999999463558197,-9704.0,-50813145.0,10005.0,52367915.0,88.0,460250.0,88.0,460250.0,0.0,0.0,0.0,0.0,0.0,0.0,0.0,0.0,0.0,0.0,0.0,0.0,-389.0,-2015020.0
105760,포스뱅크,코스닥,일반 목적용 기계 제조업,"POS 단말기, KIOSK 단말기",3875.0,23681.0,90041734.0,4.170000076293945,412447.0,0.46000000834465027,-4227.0,-15987786.0,4227.0,15987786.0,0.0,0.0,0.0,0.0,0.0,0.0,0.0,0.0,0.0,0.0,0.0,0.0,0.0,0.0,0.0,0.0,0.0,0.0
009520,포스코엠텍,코스닥,1차 철강 제조업,철강포장용역 및 Al탈산제 생산,11330.0,182617.0,2050773215.0,4.039999961853027,246854450.0,9.569999694824219,-16172.0,-183429335.0,11214.0,124418355.0,4962.0,59055340.0,-30785.0,-345330410.0,0.0,0.0,17.0,190600.0,0.0,0.0,4753.0,53204080.0,30977.0,350991070.0,0.0,0.0,-4.0,-44360.0
189690,포시에스,코스닥,소프트웨어 개발 및 공급업,기업용 리포팅 소프트웨어 솔루션(OZ-Report 등),1480.0,35034.0,51418134.0,1.2999999523162842,1465.0,0.0,-8719.0,-12725323.0,8719.0,12732891.0,0.0,-7568.0,0.0,-7568.0,0.0,0.0,0.0,0.0,0.0,0.0,0.0,0.0,0.0,0.0,0.0,0.0,0.0,0.0
318020,포인트모바일,코스닥,컴퓨터 및 주변장치 제조업,산업용 PDA,2160.0,23408.0,50394030.0,0.23000000417232513,0.0,0.0,-5824.0,-12224740.0,5734.0,12034190.0,0.0,0.0,0.0,0.0,0.0,0.0,0.0,0.0,0.0,0.0,0.0,0.0,0.0,0.0,0.0,0.0,90.0,190550.0
256630,포인트엔지니어링,코스닥,기타 금속 가공제품 제조업,디스플레이 및 반도체 장비 부품,4320.0,4124.0,17538430.0,1.8899999856948853,1033960.0,5.900000095367432,140.0,596795.0,-200.0,-851195.0,0.0,0.0,0.0,0.0,0.0,0.0,0.0,0.0,0.0,0.0,0.0,0.0,0.0,0.0,60.0,254400.0,0.0,0.0
331380,포커스에이아이,코스닥,영상 및 음향기기 제조업,영상저장장치 및 카메라,2160.0,122827.0,265515080.0,4.099999904632568,328220.0,0.11999999731779099,-71876.0,-155705120.0,28710.0,62890805.0,1856.0,3981980.0,1856.0,3981980.0,0.0,0.0,0.0,0.0,0.0,0.0,0.0,0.0,0.0,0.0,41310.0,88832335.0,0.0,0.0
208710,포톤,코스닥,전자부품 제조업,모바일용 카메라모듈 부품외,2635.0,530833.0,1387181202.0,0.1899999976158142,8977940.0,0.6499999761581421,-127164.0,-327845394.0,128975.0,332796374.0,0.0,-118245.0,0.0,-118245.0,0.0,0.0,0.0,0.0,0.0,0.0,0.0,0.0,0.0,0.0,-309.0,-809625.0,-1502.0,-4023110.0
472850,폰드그룹,코스닥,"섬유, 의복, 신발 및 가죽제품 소매업","의류(언더웨어, 의복, 잡화, 코스메틱 등)",5430.0,171487.0,912932520.0,8.380000114440918,24622720.0,1.5299999713897705,-28785.0,-154370530.0,28439.0,152416710.0,1572.0,8424760.0,-528.0,-2822800.0,0.0,0.0,0.0,0.0,0.0,0.0,0.0,0.0,2100.0,11247560.0,-707.0,-3676380.0,-519.0,-2794560.0
039980,폴라리스AI,코스닥,"컴퓨터 프로그래밍, 시스템 통합 및 관리업","TRS통신, Kipling Bag외",5610.0,4054897.0,23783755585.0,5.25,21000760.0,0.09000000357627869,38706.0,269597895.0,-39593.0,-275128015.0,-702.0,-4100340.0,-702.0,-4100340.0,0.0,0.0,0.0,0.0,0.0,0.0,0.0,0.0,0.0,0.0,-111.0,-588340.0,1700.0,10218800.0
041910,폴라리스AI파마,코스닥,의약품 제조업,원료의약품,5410.0,46044.0,248542620.0,2.0799999237060547,0.0,0.0,15300.0,82921170.0,-15614.0,-84630290.0,0.0,0.0,0.0,0.0,0.0,0.0,0.0,0.0,0.0,0.0,0.0,0.0,0.0,0.0,0.0,0.0,314.0,1709120.0
220180,폴라리스AI핸디,코스닥,소프트웨어 개발 및 공급업,"그룹웨어, 협업솔루션",1407.0,20931.0,29292706.0,0.07000000029802322,0.0,0.0,-760.0,-1052359.0,760.0,1052359.0,0.0,0.0,0.0,0.0,0.0,0.0,0.0,0.0,0.0,0.0,0.0,0.0,0.0,0.0,0.0,0.0,0.0,0.0
234100,폴라리스세원,코스닥,자동차 신품 부품 제조업,자동차 공조장치 부품,2700.0,16955.0,45330905.0,5.46999979019165,2625.0,0.009999999776482582,-571.0,-1461135.0,386.0,963485.0,0.0,0.0,0.0,0.0,0.0,0.0,0.0,0.0,0.0,0.0,0.0,0.0,0.0,0.0,0.0,0.0,185.0,497650.0
041020,폴라리스오피스,코스닥,소프트웨어 개발 및 공급업,시스템 소프트웨어,3130.0,624171.0,1965574921.0,1.1299999952316284,399705.0,0.019999999552965164,26047.0,81594506.0,-26047.0,-81609926.0,0.0,-50.0,0.0,-50.0,0.0,0.0,0.0,0.0,0.0,0.0,0.0,0.0,0.0,0.0,0.0,-1685.0,0.0,17155.0
114630,폴라리스우노,코스닥,화학섬유 제조업,"PVC가발사, 난연고열사",1550.0,70671.0,108733807.0,0.9800000190734863,7750.0,0.009999999776482582,2157.0,3310975.0,-7285.0,-11284571.0,5128.0,7973596.0,5128.0,7973596.0,0.0,0.0,0.0,0.0,0.0,0.0,0.0,0.0,0.0,0.0,0.0,0.0,0.0,0.0
487580,폴레드,코스닥,가정용 기기 제조업,"유아용품(카시트 및 관련 악세서리, 유아가전 등)",3630.0,299188.0,1063914280.0,7.880000114440918,3859830.0,0.36000001430511475,-44179.0,-154088905.0,42913.0,149981478.0,-109.0,-718078.0,2000.0,6999495.0,0.0,0.0,-3160.0,-11443248.0,0.0,0.0,0.0,0.0,1051.0,3725675.0,843.0,2945230.0,532.0,1880275.0
290720,푸드나무,코스닥,무점포 소매업,기타/미분류,3145.0,96674.0,289131090.0,2.7799999713897705,8026565.0,2.7799999713897705,25257.0,76847300.0,-25257.0,-76841750.0,0.0,-5550.0,0.0,-5550.0,0.0,0.0,0.0,0.0,0.0,0.0,0.0,0.0,0.0,0.0,0.0,0.0,0.0,0.0
005670,푸드웰,코스닥,"과실, 채소 가공 및 저장 처리업","깐밤, 통조림류, 딸기시럽류, 음료제품 등",6290.0,11192.0,70361800.0,0.800000011920929,0.0,0.0,16.0,200260.0,-1031.0,-6465220.0,1275.0,7917750.0,0.0,0.0,0.0,0.0,0.0,0.0,0.0,0.0,0.0,0.0,1275.0,7917750.0,-260.0,-1652790.0,0.0,0.0
094940,푸른로보틱스,코스닥,컴퓨터 및 주변장치 제조업,"금융자동화기기모듈,역무자동화기기모듈,특수단말시스템",6450.0,66989.0,419936980.0,7.139999866485596,1050140.0,0.25,-11900.0,-72872975.0,11900.0,72872975.0,0.0,0.0,0.0,0.0,0.0,0.0,0.0,0.0,0.0,0.0,0.0,0.0,0.0,0.0,0.0,0.0,0.0,0.0
007330,푸른저축은행,코스닥,은행 및 저축기관,대출이자,10120.0,13298.0,134370370.0,1.0,0.0,0.0,-1033.0,-10477830.0,1023.0,10377740.0,10.0,100090.0,10.0,100090.0,0.0,0.0,0.0,0.0,0.0,0.0,0.0,0.0,0.0,0.0,0.0,0.0,0.0,0.0
093380,풍강,코스닥,기타 금속 가공제품 제조업,자동차용너트류,2605.0,7367.0,19208340.0,0.0,425240.0,2.2100000381469727,4905.0,12788030.0,-1150.0,-2998610.0,-3295.0,-8592235.0,-3295.0,-8592235.0,0.0,0.0,0.0,0.0,0.0,0.0,0.0,0.0,0.0,0.0,-460.0,-1197185.0,0.0,0.0
023900,풍국주정,코스닥,알코올음료 제조업,발효주정,7340.0,9322.0,67657470.0,2.0899999141693115,6363800.0,9.40999984741211,2270.0,16578700.0,-2244.0,-16387860.0,-26.0,-190840.0,-26.0,-190840.0,0.0,0.0,0.0,0.0,0.0,0.0,0.0,0.0,0.0,0.0,0.0,0.0,0.0,0.0
371950,풍원정밀,코스닥,전자부품 제조업,OLED 증착용 Metal Mask,4980.0,10645.0,53528559.0,2.569999933242798,15330.0,0.029999999329447746,1549.0,7885894.0,-1184.0,-6105294.0,-789.0,-3976920.0,-789.0,-3976920.0,0.0,0.0,0.0,0.0,0.0,0.0,0.0,0.0,0.0,0.0,0.0,0.0,424.0,2196320.0
298060,풍전약품,코스닥,의약품 제조업,세포치료제,2580.0,12495.0,32437665.0,-0.7699999809265137,617670.0,1.899999976158142,4679.0,12151125.0,-4889.0,-12691275.0,0.0,0.0,0.0,0.0,0.0,0.0,0.0,0.0,0.0,0.0,0.0,0.0,0.0,0.0,210.0,540150.0,0.0,0.0
370090,퓨런티어,코스닥,"측정, 시험, 항해, 제어 및 기타 정밀기기 제조업; 광학기기 제외","전장카메라모듈장비, 모바일카메라모듈장비, PC및 광원",6300.0,27417.0,172228380.0,2.109999895095825,7421570.0,4.309999942779541,-350.0,-2119870.0,340.0,2057890.0,0.0,-20.0,0.0,-20.0,0.0,0.0,0.0,0.0,0.0,0.0,0.0,0.0,0.0,0.0,0.0,0.0,10.0,62000.0
445180,퓨릿,코스닥,기초 화학물질 제조업,"반도체용 케미컬, 디스플레이용 케미컬, 산업용 케미컬",7390.0,34994.0,254828370.0,4.380000114440918,0.0,0.0,-1092.0,-7656280.0,5023.0,36229280.0,-3645.0,-26467660.0,0.0,0.0,0.0,0.0,0.0,0.0,0.0,0.0,0.0,0.0,-3645.0,-26467660.0,-226.0,-1661340.0,-60.0,-444000.0
220100,퓨쳐켐,코스닥,의약품 제조업,"PET 방사성의약품, 자동합성장치, 합성시약 및 전구체",8960.0,39139.0,349203895.0,-0.550000011920929,0.0,0.0,17957.0,160574290.0,-18013.0,-161076050.0,56.0,501760.0,56.0,501760.0,0.0,0.0,0.0,0.0,0.0,0.0,0.0,0.0,0.0,0.0,0.0,0.0,0.0,0.0
035200,프럼파스트,코스닥,플라스틱제품 제조업,주택건설용 플라스틱 배관,2590.0,20837.0,54196360.0,0.1899999976158142,15480.0,0.029999999329447746,3907.0,10009605.0,-2606.0,-6633120.0,-1301.0,-3376485.0,0.0,0.0,0.0,0.0,0.0,0.0,0.0,0.0,0.0,0.0,-1301.0,-3376485.0,0.0,0.0,0.0,0.0
334970,프레스티지바이오로직스,코스닥,의약품 제조업,바이오시밀러 제조,1856.0,210086.0,386187596.0,1.4800000190734863,1316396.0,0.3400000035762787,-11150.0,-20476361.0,32104.0,59448811.0,-20954.0,-38972450.0,-20954.0,-38972450.0,0.0,0.0,0.0,0.0,0.0,0.0,0.0,0.0,0.0,0.0,0.0,0.0,0.0,0.0
321260,프로이천,코스닥,반도체 제조업,반도체검사장치 Probe Card,1703.0,152856.0,257844426.0,4.989999771118164,7552700.0,2.930000066757202,64.0,226504.0,-91.0,-271466.0,0.0,-1608.0,0.0,-1608.0,0.0,0.0,0.0,0.0,0.0,0.0,0.0,0.0,0.0,0.0,0.0,0.0,27.0,46570.0
053610,프로텍,코스닥,특수 목적용 기계 제조업,"Dispenser, Tray Feeder, 공압실린더",64800.0,27283.0,1745712850.0,9.640000343322754,141041600.0,5.599999904632568,-3914.0,-250280550.0,-1198.0,-78085100.0,5112.0,328366150.0,-242.0,-15656900.0,4328.0,278287000.0,1639.0,105123550.0,0.0,0.0,0.0,0.0,-613.0,-39387500.0,0.0,-500.0,0.0,0.0
468530,프로티나,코스닥,자연과학 및 공학 연구개발업,단백질간 상호작용 바이오마커 개발 및 분석서비스,26100.0,72342.0,1791605525.0,13.229999542236328,31883700.0,1.1399999856948853,16746.0,432162675.0,-19814.0,-509495475.0,1518.0,37910500.0,518.0,13305850.0,0.0,0.0,0.0,0.0,0.0,0.0,0.0,0.0,1000.0,24604650.0,1074.0,26525600.0,476.0,12896700.0
303360,프로티아,코스닥,의료용 기기 제조업,알레르기 진단 제품,5020.0,14146.0,70943000.0,0.0,1554320.0,2.190000057220459,-5917.0,-29383255.0,1127.0,5540695.0,0.0,0.0,0.0,0.0,0.0,0.0,0.0,0.0,0.0,0.0,0.0,0.0,0.0,0.0,4795.0,23867720.0,-5.0,-25160.0
377220,프롬바이오,코스닥,기타 식품 제조업,개별인정형 건강기능식품,513.0,0.0,0.0,0.0,0.0,0.0,0.0,0.0,0.0,0.0,0.0,0.0,0.0,0.0,0.0,0.0,0.0,0.0,0.0,0.0,0.0,0.0,0.0,0.0,0.0,0.0,0.0,0.0
335810,프리시젼바이오,코스닥,의료용 기기 제조업,체외진단 기기 및 시약,1337.0,20330.0,27644294.0,2.059999942779541,0.0,0.0,1146.0,1819911.0,-1524.0,-2331764.0,0.0,0.0,0.0,0.0,0.0,0.0,0.0,0.0,0.0,0.0,0.0,0.0,0.0,0.0,0.0,0.0,378.0,511853.0
053160,프리엠스,코스닥,"전동기, 발전기 및 전기 변환 · 공급 · 제어 장치 제조업","건설장비용 전장품,제어기",9090.0,58893.0,533270345.0,-1.840000033378601,0.0,0.0,20926.0,189003215.0,-41928.0,-379595275.0,1002.0,8942060.0,1002.0,8942060.0,0.0,0.0,0.0,0.0,0.0,0.0,0.0,0.0,0.0,0.0,20000.0,181650000.0,0.0,0.0
405000,플라즈맵,코스닥,의료용 기기 제조업,플라즈마 멸균기 및 표면처리기기,4570.0,8441.0,39310871.0,-1.7200000286102295,352245.0,0.8999999761581421,-355.0,-1661597.0,346.0,1619402.0,0.0,0.0,0.0,0.0,0.0,0.0,0.0,0.0,0.0,0.0,0.0,0.0,0.0,0.0,9.0,42195.0,0.0,0.0
041590,플래스크,코스닥,실내건축 및 건축마무리 공사업,실내건축 등,2370.0,0.0,0.0,0.0,0.0,0.0,0.0,0.0,0.0,0.0,0.0,0.0,0.0,0.0,0.0,0.0,0.0,0.0,0.0,0.0,0.0,0.0,0.0,0.0,0.0,0.0,0.0,0.0
367000,플래티어,코스닥,소프트웨어 개발 및 공급업,E-Commerce Platform 구축,3015.0,5280.0,15581155.0,1.0099999904632568,134735.0,0.8600000143051147,32.0,104750.0,-18.0,-63760.0,0.0,0.0,0.0,0.0,0.0,0.0,0.0,0.0,0.0,0.0,0.0,0.0,0.0,0.0,0.0,0.0,-14.0,-40990.0
075130,플랜티넷,코스닥,"컴퓨터 프로그래밍, 시스템 통합 및 관리업",유해사이트차단서비스,2160.0,60922.0,128734197.0,0.23000000417232513,819895.0,0.6399999856948853,-6373.0,-13546070.0,-6372.0,-13586000.0,1000.0,2105000.0,1000.0,2105000.0,0.0,0.0,0.0,0.0,0.0,0.0,0.0,0.0,0.0,0.0,11745.0,25027070.0,0.0,0.0
237820,플레이디,코스닥,광고업,온라인 광고 대행,2465.0,15962.0,38888105.0,3.569999933242798,203855.0,0.5199999809265137,-3933.0,-9604040.0,4419.0,10786340.0,-34.0,-81600.0,-34.0,-81600.0,0.0,0.0,0.0,0.0,0.0,0.0,0.0,0.0,0.0,0.0,-452.0,-1100700.0,0.0,0.0
023770,플레이위드,코스닥,소프트웨어 개발 및 공급업,게임소프트웨어,2485.0,21205.0,51942660.0,0.20000000298023224,2410.0,0.0,-6155.0,-15151625.0,-361.0,-932240.0,-1354.0,-3364690.0,-1354.0,-3364690.0,0.0,0.0,0.0,0.0,0.0,0.0,0.0,0.0,0.0,0.0,7870.0,19448555.0,0.0,0.0
300080,플리토,코스닥,"자료처리, 호스팅, 포털 및 기타 인터넷 정보매개 서비스업",언어 데이터 구축 및 판매,8570.0,91817.0,776013375.0,-0.3499999940395355,24235080.0,1.6100000143051147,1710.0,16075755.0,-986.0,-9825285.0,-373.0,-3197020.0,-373.0,-3197020.0,0.0,0.0,0.0,0.0,0.0,0.0,0.0,0.0,0.0,0.0,-121.0,-1050690.0,-230.0,-2002760.0
033790,피노,코스닥,일차전지 및 이차전지 제조업,"전구체, 관련 소재",5540.0,389296.0,2160701560.0,1.090000033378601,40350420.0,1.8700000047683716,40104.0,224447195.0,-38021.0,-212704985.0,0.0,-7220.0,0.0,-7220.0,0.0,0.0,0.0,0.0,0.0,0.0,0.0,0.0,0.0,0.0,-2536.0,-14225070.0,453.0,2490080.0
032580,피델릭스,코스닥,반도체 제조업,PSRAM 및 LPSDRAM,4480.0,1662819.0,7128469213.0,18.520000457763672,527534614.0,7.400000095367432,371506.0,1614135190.0,-386956.0,-1683173220.0,0.0,-105855.0,0.0,-105855.0,0.0,0.0,0.0,0.0,0.0,0.0,0.0,0.0,0.0,0.0,15331.0,68747135.0,119.0,396750.0
0117P0,피스피스스튜디오,코스닥,"섬유, 의복, 신발 및 가죽제품 소매업","의류, 모자, 신발, 액세서리, 기타, 여자용 겉옷",5530.0,156755.0,863211645.0,1.2799999713897705,11846080.0,1.3700000047683716,-35732.0,-196785255.0,14882.0,82523695.0,19035.0,104341610.0,18969.0,103978370.0,0.0,0.0,0.0,0.0,0.0,0.0,0.0,0.0,66.0,363240.0,1811.0,9898080.0,4.0,21870.0
051380,피씨디렉트,코스닥,기계장비 및 관련 물품 도매업,"스토리지(HDD), 프로세서(CPU), Memory, Monitor등",1608.0,20546.0,32818376.0,1.3899999856948853,3210.0,0.009999999776482582,-8713.0,-13898518.0,8713.0,13898518.0,0.0,0.0,0.0,0.0,0.0,0.0,0.0,0.0,0.0,0.0,0.0,0.0,0.0,0.0,0.0,0.0,0.0,0.0
241820,피씨엘,코스닥,의료용품 및 기타 의약 관련제품 제조업,"다중 체외진단 제품, 플랫폼서비스",6040.0,0.0,0.0,0.0,0.0,0.0,0.0,0.0,0.0,0.0,0.0,0.0,0.0,0.0,0.0,0.0,0.0,0.0,0.0,0.0,0.0,0.0,0.0,0.0,0.0,0.0,0.0,0.0
452450,피아이이,코스닥,특수 목적용 기계 제조업,AI 비전 솔루션 및 스마트팩토리 솔루션,3100.0,61269.0,190636415.0,2.6500000953674316,2313545.0,1.2100000381469727,-1027.0,-3120517.0,1026.0,3117442.0,0.0,0.0,0.0,0.0,0.0,0.0,0.0,0.0,0.0,0.0,0.0,0.0,0.0,0.0,0.0,0.0,1.0,3075.0
237750,피앤씨테크,코스닥,"전동기, 발전기 및 전기 변환 · 공급 · 제어 장치 제조업",배전자동화단말장치,4050.0,8811.0,35182740.0,3.180000066757202,68115.0,0.1899999976158142,-994.0,-3757010.0,994.0,3757010.0,0.0,0.0,0.0,0.0,0.0,0.0,0.0,0.0,0.0,0.0,0.0,0.0,0.0,0.0,0.0,0.0,0.0,0.0
460940,피앤에스로보틱스,코스닥,의료용 기기 제조업,보행재활로봇 시스템,5010.0,83324.0,414132131.0,3.509999990463257,58710.0,0.009999999776482582,-12982.0,-64021050.0,12982.0,64050100.0,0.0,-29050.0,0.0,-29050.0,0.0,0.0,0.0,0.0,0.0,0.0,0.0,0.0,0.0,0.0,0.0,0.0,0.0,0.0
319660,피에스케이,코스닥,특수 목적용 기계 제조업,"드라이스트립, 드라이클리닝",127700.0,408201.0,52165516000.0,1.350000023841858,6674437600.0,8.680000305175781,91089.0,11639851350.0,-92345.0,-11798996600.0,1342.0,166735100.0,-31005.0,-3968022050.0,3324.0,424519900.0,13676.0,1747988550.0,0.0,0.0,17868.0,2283319400.0,-2369.0,-301773000.0,362.0,49968650.0,-448.0,-57558500.0
031980,피에스케이홀딩스,코스닥,특수 목적용 기계 제조업,"Descum, Reflow",104600.0,141792.0,14882040200.0,1.5499999523162842,1943803200.0,10.390000343322754,19292.0,2004899100.0,-33922.0,-3567342300.0,13290.0,1419464700.0,-5700.0,-596896900.0,4661.0,490046700.0,14972.0,1587196450.0,0.0,0.0,9999.0,1053675600.0,-10642.0,-1114557150.0,1320.0,140918100.0,20.0,2060400.0
002230,피에스텍,코스닥,"측정, 시험, 항해, 제어 및 기타 정밀기기 제조업; 광학기기 제외","적산계기, 전기차충전기, 신재생에너지 발전소 설치",5280.0,70964.0,373381340.0,1.7300000190734863,0.0,0.0,-11176.0,-58504920.0,11193.0,58641320.0,36.0,144770.0,36.0,144770.0,0.0,0.0,0.0,0.0,0.0,0.0,0.0,0.0,0.0,0.0,-56.0,-297070.0,3.0,15900.0
043370,피에이치에이,코스닥,자동차 신품 부품 제조업,"자동차용 도어랫치, 도어힌지",11450.0,9758.0,108724650.0,5.630000114440918,11180.0,0.009999999776482582,-1989.0,-21558660.0,2032.0,22036510.0,0.0,-100.0,0.0,-100.0,0.0,0.0,0.0,0.0,0.0,0.0,0.0,0.0,0.0,0.0,-43.0,-477750.0,0.0,0.0
239890,피엔에이치테크,코스닥,기초 화학물질 제조업,OLED 소재,3570.0,6340.0,22473845.0,2.0,434805.0,1.9299999475479126,1898.0,6701220.0,-1898.0,-6701220.0,0.0,0.0,0.0,0.0,0.0,0.0,0.0,0.0,0.0,0.0,0.0,0.0,0.0,0.0,0.0,0.0,0.0,0.0
347740,피엔케이피부임상연구센타,코스닥,"그외 기타 전문, 과학 및 기술 서비스업",피부인체적용시험,1782.0,18454.0,33039545.0,0.7300000190734863,2613362.0,7.909999847412109,3267.0,5837400.0,-6273.0,-11245098.0,0.0,0.0,0.0,0.0,0.0,0.0,0.0,0.0,0.0,0.0,0.0,0.0,0.0,0.0,3000.0,5397000.0,6.0,10698.0
137400,피엔티,코스닥,특수 목적용 기계 제조업,2차전지 및 전자소재용 Roll-to-Roll 장비,31050.0,135084.0,4248136100.0,-0.6399999856948853,1113323300.0,19.549999237060547,39903.0,1248763175.0,-28279.0,-894014575.0,-28327.0,-884669650.0,-22632.0,-705777875.0,-3.0,-93300.0,1942.0,60243775.0,0.0,0.0,0.0,0.0,-7634.0,-239042250.0,16102.0,510969600.0,601.0,18951450.0
257370,피엔티엠에스,코스닥,특수 목적용 기계 제조업,"2차전지 분리막 제조설비, 디스플레이용 생산설비",2000.0,10541.0,20985025.0,-0.5,359473.0,1.7100000381469727,-633.0,-1261375.0,667.0,1329001.0,0.0,0.0,0.0,0.0,0.0,0.0,0.0,0.0,0.0,0.0,0.0,0.0,0.0,0.0,0.0,0.0,-34.0,-67626.0
147760,피엠티,코스닥,"측정, 시험, 항해, 제어 및 기타 정밀기기 제조업; 광학기기 제외",반도체 검사용 프로브카드,3150.0,141293.0,424980615.0,12.899999618530273,4427290.0,1.0399999618530273,30083.0,90099421.0,-32463.0,-97506706.0,2200.0,6837585.0,2200.0,6837585.0,0.0,0.0,0.0,0.0,0.0,0.0,0.0,0.0,0.0,0.0,0.0,0.0,180.0,569700.0
128660,피제이메탈,코스닥,1차 비철금속 제조업,"탈산제, 조재제",2755.0,27868.0,76182810.0,1.2899999618530273,3927905.0,5.159999847412109,4555.0,12487578.0,-4550.0,-12473828.0,0.0,0.0,0.0,0.0,0.0,0.0,0.0,0.0,0.0,0.0,0.0,0.0,0.0,0.0,-5.0,-13750.0,0.0,0.0
006140,피제이전자,코스닥,의료용 기기 제조업,EMS Business(의료용기기제조외),4895.0,27921.0,135493359.0,3.049999952316284,9650.0,0.009999999776482582,-181.0,-804329.0,-107.0,-710966.0,-742.0,-3485355.0,-742.0,-3485355.0,0.0,0.0,0.0,0.0,0.0,0.0,0.0,0.0,0.0,0.0,0.0,0.0,1030.0,5000650.0
376180,피코그램,코스닥,그외 기타 제품 제조업,"정수기, 정수기 필터",1410.0,47447.0,65864810.0,2.7699999809265137,107509.0,0.1599999964237213,-10579.0,-14619822.0,10611.0,14664663.0,0.0,0.0,0.0,0.0,0.0,0.0,0.0,0.0,0.0,0.0,0.0,0.0,0.0,0.0,0.0,0.0,-32.0,-44841.0
304840,피플바이오,코스닥,의료용품 및 기타 의약 관련제품 제조업,올리고머화 베타-아밀로이드 검사제품(알츠하이머병 진단),561.0,0.0,0.0,0.0,0.0,0.0,0.0,0.0,0.0,0.0,0.0,0.0,0.0,0.0,0.0,0.0,0.0,0.0,0.0,0.0,0.0,0.0,0.0,0.0,0.0,0.0,0.0,0.0
087600,픽셀플러스,코스닥,전자부품 제조업,CMOS 이미지센서 및 칩셋,4055.0,1628.0,6572965.0,0.8700000047683716,0.0,0.0,-157.0,-635005.0,145.0,586435.0,0.0,0.0,0.0,0.0,0.0,0.0,0.0,0.0,0.0,0.0,0.0,0.0,0.0,0.0,0.0,0.0,12.0,48570.0
291810,핀텔,코스닥,소프트웨어 개발 및 공급업,AI 영상 분석 솔루션 및 소프트웨어,1145.0,426431.0,493826836.0,-3.5399999618530273,1511844.0,0.3100000023841858,25610.0,30606738.0,-35793.0,-42723623.0,7573.0,9131185.0,7573.0,9131185.0,0.0,0.0,0.0,0.0,0.0,0.0,0.0,0.0,0.0,0.0,2600.0,2974200.0,10.0,11500.0
378340,필에너지,코스닥,특수 목적용 기계 제조업,2차전지 제조장비,10120.0,21260.0,213717875.0,4.119999885559082,14498300.0,3.6500000953674316,2059.0,20843635.0,-2052.0,-20773065.0,3.0,30320.0,3.0,30320.0,0.0,0.0,0.0,0.0,0.0,0.0,0.0,0.0,0.0,0.0,0.0,0.0,-10.0,-100890.0
161580,필옵틱스,코스닥,특수 목적용 기계 제조업,디스플레이 및 반도체 제조공정용 제작,26750.0,97622.0,2608187575.0,1.3300000429153442,563780850.0,14.289999961853027,15094.0,401022275.0,-3201.0,-87341275.0,-11951.0,-315252650.0,-22232.0,-591833700.0,-3.0,-80350.0,10284.0,276661400.0,0.0,0.0,0.0,0.0,0.0,0.0,-1.0,-26800.0,59.0,1598450.0
347770,핌스,코스닥,전자부품 제조업,OLED Metal Mask,940.0,30940.0,28407961.0,2.619999885559082,239834.0,0.8399999737739563,-4774.0,-4401544.0,4738.0,4367704.0,0.0,0.0,0.0,0.0,0.0,0.0,0.0,0.0,0.0,0.0,0.0,0.0,0.0,0.0,0.0,0.0,36.0,33840.0
163730,핑거,코스닥,소프트웨어 개발 및 공급업,"스마트 금융 플랫폼, 핀테크 금융 솔루션",10000.0,218513.0,2171797805.0,1.8300000429153442,167960090.0,7.730000019073486,32264.0,322858915.0,-34866.0,-349154915.0,4030.0,40602530.0,30.0,215690.0,0.0,0.0,4000.0,40386840.0,0.0,0.0,0.0,0.0,0.0,0.0,-1419.0,-14216750.0,-9.0,-89780.0
417180,핑거스토리,코스닥,기타 정보 서비스업,"웹툰, 디지털 만화, 웹소설",4670.0,84571.0,391245545.0,2.299999952316284,9140.0,0.0,-2860.0,-13449165.0,2860.0,13449165.0,0.0,0.0,0.0,0.0,0.0,0.0,0.0,0.0,0.0,0.0,0.0,0.0,0.0,0.0,0.0,0.0,0.0,0.0
469900,하나31호스팩,코스닥,금융 지원 서비스업,기업인수합병,2077.0,9703.0,20150796.0,0.3400000035762787,0.0,0.0,-1509.0,-3131175.0,0.0,0.0,1509.0,3131175.0,3974.0,8246050.0,0.0,0.0,0.0,0.0,0.0,0.0,0.0,0.0,-2465.0,-5114875.0,0.0,0.0,0.0,0.0
475240,하나32호스팩,코스닥,금융 지원 서비스업,기업인수합병,2080.0,32070.0,66292255.0,0.0,0.0,0.0,15346.0,31756725.0,0.0,0.0,-15346.0,-31756725.0,0.0,0.0,0.0,0.0,-32000.0,-66147190.0,0.0,0.0,0.0,0.0,16654.0,34390465.0,0.0,0.0,0.0,0.0
475250,하나33호스팩,코스닥,금융 지원 서비스업,기업인수합병,2060.0,7944.0,16290970.0,0.0,0.0,0.0,7793.0,15980660.0,0.0,0.0,-7793.0,-15980660.0,0.0,0.0,0.0,0.0,-6793.0,-13925660.0,0.0,0.0,0.0,0.0,-1000.0,-2055000.0,0.0,0.0,0.0,0.0
484130,하나34호스팩,코스닥,금융 지원 서비스업,기업인수목적,2020.0,40121.0,80546835.0,0.0,0.0,0.0,37000.0,74243495.0,0.0,0.0,-37000.0,-74243495.0,0.0,0.0,0.0,0.0,-37000.0,-74243495.0,0.0,0.0,0.0,0.0,0.0,0.0,0.0,0.0,0.0,0.0
0041L0,하나35호스팩,코스닥,금융 지원 서비스업,기업인수합병,1999.0,4419.0,8791643.0,0.0,0.0,0.0,614.0,1227463.0,-16.0,-31981.0,-618.0,-1235382.0,0.0,0.0,0.0,0.0,0.0,0.0,0.0,0.0,0.0,0.0,-618.0,-1235382.0,0.0,0.0,20.0,39900.0
0101C0,하나36호스팩,코스닥,금융 지원 서비스업,기업인수합병,1984.0,2039.0,4045163.0,0.0,0.0,0.0,1805.0,3581120.0,11.0,21824.0,-1816.0,-3602944.0,0.0,0.0,0.0,0.0,0.0,0.0,0.0,0.0,0.0,0.0,-1816.0,-3602944.0,0.0,0.0,0.0,0.0
299030,하나기술,코스닥,특수 목적용 기계 제조업,이차전지 양산 자동화 설비 제조,13310.0,34937.0,461527360.0,4.46999979019165,3627470.0,0.6899999976158142,3796.0,50265030.0,-7837.0,-103804030.0,4212.0,55780490.0,293.0,3867620.0,0.0,0.0,3920.0,51926040.0,0.0,0.0,0.0,0.0,0.0,0.0,-82.0,-1081820.0,-89.0,-1159670.0
067310,하나마이크론,코스닥,반도체 제조업,"반도체패키징,IOT",31900.0,1168821.0,37220267650.0,2.9000000953674316,2502241600.0,6.71999979019165,171922.0,5429784475.0,-137690.0,-4345518025.0,-55819.0,-1771172625.0,-63963.0,-2033984775.0,-6210.0,-198008775.0,34761.0,1111185475.0,0.0,0.0,-26008.0,-829195200.0,5601.0,178830650.0,20875.0,664906575.0,712.0,21999600.0
166090,하나머티리얼즈,코스닥,반도체 제조업,"실리콘부품, 세라믹부품, 특수가스",55900.0,136672.0,7684340950.0,1.8200000524520874,478583600.0,4.869999885559082,43792.0,2460921900.0,-45454.0,-2561217100.0,1356.0,83092650.0,-16339.0,-913635050.0,-80.0,-4487500.0,13062.0,736758900.0,0.0,0.0,-5.0,-280100.0,4718.0,264736400.0,322.0,18095300.0,-16.0,-892750.0
136480,하림,코스닥,"도축, 육류 가공 및 저장 처리업","육계, 육계가공식품",2680.0,363191.0,975267378.0,0.0,34732090.0,3.559999942779541,90897.0,243925101.0,-91011.0,-244229671.0,1.0,2515.0,1.0,2515.0,0.0,0.0,0.0,0.0,0.0,0.0,0.0,0.0,0.0,0.0,0.0,0.0,113.0,302055.0
003380,하림지주,코스닥,기타 금융업,지주사업,10870.0,498526.0,5443263600.0,2.069999933242798,497710630.0,9.140000343322754,-29847.0,-326205985.0,29946.0,320792205.0,-830.0,-2276300.0,-34977.0,-374925200.0,0.0,0.0,5029.0,54482930.0,0.0,0.0,-450.0,-4910440.0,29568.0,323076410.0,2513.0,27385120.0,-1782.0,-19695040.0
450330,하스,코스닥,의료용품 및 기타 의약 관련제품 제조업,"리튬디실리케이트 수복소재(Amber block, Amber Ingot 등), 지르코니아 유치관",4210.0,4033.0,17105835.0,1.5700000524520874,657340.0,3.8399999141693115,1330.0,5687380.0,-1310.0,-5602380.0,0.0,0.0,0.0,0.0,0.0,0.0,0.0,0.0,0.0,0.0,0.0,0.0,0.0,0.0,0.0,0.0,-20.0,-85000.0
101670,하이드로리튬,코스닥,"구조용 금속제품, 탱크 및 증기발생기 제조업","영구앵커,교량용케이블,타이케이블",844.0,318203.0,269397984.0,1.690000057220459,524162.0,0.1899999976158142,42833.0,36079908.0,-44052.0,-37115281.0,0.0,0.0,0.0,0.0,0.0,0.0,0.0,0.0,0.0,0.0,0.0,0.0,0.0,0.0,-3000.0,-2550000.0,4219.0,3585373.0
365590,하이딥,코스닥,반도체 제조업,UIUX Solution,918.0,68069.0,62849848.0,2.3399999141693115,317004.0,0.5,-9767.0,-8916020.0,19637.0,18196415.0,-9870.0,-9280095.0,-9870.0,-9280095.0,0.0,0.0,0.0,0.0,0.0,0.0,0.0,0.0,0.0,0.0,0.0,0.0,0.0,-300.0
149980,하이로닉,코스닥,의료용 기기 제조업,피부미용 의료기기,4945.0,21583.0,108807230.0,-0.5,5040.0,0.0,-194.0,-1176900.0,230.0,1358210.0,0.0,-40.0,0.0,-40.0,0.0,0.0,0.0,0.0,0.0,0.0,0.0,0.0,0.0,0.0,-36.0,-181270.0,0.0,0.0
013030,하이록코리아,코스닥,1차 철강 제조업,관이음쇠,33050.0,20426.0,671851600.0,2.4800000190734863,6288100.0,0.7099999785423279,-6907.0,-227370400.0,7727.0,254455525.0,-702.0,-23224625.0,-9.0,-352850.0,-506.0,-16708175.0,-187.0,-6163600.0,0.0,0.0,0.0,0.0,0.0,0.0,-118.0,-3860500.0,0.0,0.0
126700,하이비젼시스템,코스닥,사진장비 및 광학기기 제조업,카메라모듈 제조검사용 장비,10400.0,44965.0,470499325.0,0.47999998927116394,4464450.0,0.949999988079071,14635.0,152651980.0,-10981.0,-114449950.0,1094.0,11434680.0,284.0,2976250.0,0.0,0.0,0.0,0.0,0.0,0.0,0.0,0.0,811.0,8468900.0,-9.0,-95170.0,-4739.0,-49541540.0
160190,하이젠알앤엠,코스닥,"전동기, 발전기 및 전기 변환 · 공급 · 제어 장치 제조업","전동기 및 발전기 (범용모터, 서보모터)",17650.0,206014.0,3558837095.0,13.0,155637600.0,4.369999885559082,27968.0,487029775.0,-29729.0,-517232855.0,1565.0,26695080.0,1565.0,26695080.0,0.0,0.0,0.0,0.0,0.0,0.0,0.0,0.0,0.0,0.0,-151.0,-2525930.0,347.0,6033930.0
221840,하이즈항공,코스닥,"항공기,우주선 및 부품 제조업",B787 날개구조물 등,1938.0,6637.0,12875373.0,0.5199999809265137,1943.0,0.019999999552965164,-1060.0,-2058262.0,1060.0,2058262.0,0.0,0.0,0.0,0.0,0.0,0.0,0.0,0.0,0.0,0.0,0.0,0.0,0.0,0.0,0.0,0.0,0.0,0.0
106190,하이텍팜,코스닥,기초 의약물질 제조업,주사제용 무균 원료의약품(Sterile Imipenem 외),11060.0,17508.0,194578600.0,1.940000057220459,144590.0,0.07000000029802322,6817.0,75658300.0,-6742.0,-74820080.0,0.0,30.0,0.0,30.0,0.0,0.0,0.0,0.0,0.0,0.0,0.0,0.0,0.0,0.0,-75.0,-838250.0,0.0,0.0
065650,하이퍼코퍼레이션,코스닥,기계장비 및 관련 물품 도매업,음반재킷 제작,1819.0,5683.0,10124382.0,2.940000057220459,0.0,0.0,211.0,381687.0,-211.0,-381687.0,0.0,0.0,0.0,0.0,0.0,0.0,0.0,0.0,0.0,0.0,0.0,0.0,0.0,0.0,0.0,0.0,0.0,0.0
066130,하츠,코스닥,가정용 기기 제조업,"레인지후드, 빌트인 기기 등",3460.0,38885.0,134440245.0,0.0,237025.0,0.18000000715255737,6883.0,23928365.0,-5068.0,-17575940.0,-1666.0,-5837630.0,-1666.0,-5837630.0,0.0,0.0,0.0,0.0,0.0,0.0,0.0,0.0,0.0,0.0,0.0,0.0,-149.0,-514795.0
004590,한국가구,코스닥,기타 상품 전문 소매업,소파,5120.0,29104.0,150583050.0,-0.5799999833106995,975490.0,0.6499999761581421,-5633.0,-29009765.0,6212.0,32004775.0,-379.0,-1959010.0,-379.0,-1959010.0,0.0,0.0,0.0,0.0,0.0,0.0,0.0,0.0,0.0,0.0,-200.0,-1036000.0,0.0,0.0
039340,한국경제TV,코스닥,텔레비전 방송업,"광고수입, 협찬수입",4880.0,2214.0,10723545.0,0.9300000071525574,0.0,0.0,60.0,288735.0,89.0,427365.0,-149.0,-716100.0,-149.0,-716100.0,0.0,0.0,0.0,0.0,0.0,0.0,0.0,0.0,0.0,0.0,0.0,0.0,0.0,0.0
034950,한국기업평가,코스닥,기타 사업지원 서비스업,"신용평가, 컨설팅, 위험관리솔루션",101600.0,1339.0,136365750.0,0.0,305100.0,0.17000000178813934,-529.0,-53969400.0,403.0,41118900.0,1.0,133400.0,1.0,133200.0,0.0,0.0,0.0,0.0,0.0,0.0,0.0,0.0,0.0,0.0,125.0,12717100.0,0.0,0.0
222980,한국맥널티,코스닥,기타 식품 제조업,커피 및 의약품,2005.0,12276.0,24980555.0,-1.4700000286102295,94785.0,0.3799999952316284,1598.0,3470540.0,-1628.0,-3490430.0,0.0,-41160.0,0.0,-41160.0,0.0,0.0,0.0,0.0,0.0,0.0,0.0,0.0,0.0,0.0,30.0,61050.0,0.0,0.0
256840,한국비엔씨,코스닥,기초 의약물질 제조업,필러 등 생체재료의료물질 개발,2650.0,295080.0,783018004.0,2.509999990463257,45922200.0,5.860000133514404,35580.0,94207934.0,-35621.0,-94303869.0,27.0,63940.0,27.0,63940.0,0.0,0.0,0.0,0.0,0.0,0.0,0.0,0.0,0.0,0.0,-44.0,-116905.0,58.0,148900.0
219750,한국비티비,코스닥,의료용 기기 제조업,의료기기 및 미용기기,1730.0,21356.0,36634705.0,0.8700000047683716,13752.0,0.03999999910593033,8539.0,14655876.0,5157.0,8849164.0,0.0,0.0,0.0,0.0,0.0,0.0,0.0,0.0,0.0,0.0,0.0,0.0,0.0,0.0,-13696.0,-23505040.0,0.0,0.0
025550,한국선재,코스닥,1차 철강 제조업,철강선재류,2210.0,55595.0,122094867.0,3.0299999713897705,417970.0,0.3400000035762787,-5422.0,-11787985.0,5412.0,11766135.0,0.0,0.0,0.0,0.0,0.0,0.0,0.0,0.0,0.0,0.0,0.0,0.0,0.0,0.0,0.0,0.0,10.0,21850.0
017890,한국알콜,코스닥,기타 화학제품 제조업,주정,13480.0,48981.0,656458715.0,2.9000000953674316,23200030.0,3.5299999713897705,-22281.0,-298497955.0,23605.0,316294415.0,-3.0,-40450.0,-3.0,-40450.0,0.0,0.0,0.0,0.0,0.0,0.0,0.0,0.0,0.0,0.0,-1321.0,-17756010.0,0.0,0.0
080720,한국유니온제약,코스닥,의약품 제조업,"항생제, 순환기계, 근골격계, 소화기계류 완제의약품",2725.0,0.0,0.0,0.0,0.0,0.0,0.0,0.0,0.0,0.0,0.0,0.0,0.0,0.0,0.0,0.0,0.0,0.0,0.0,0.0,0.0,0.0,0.0,0.0,0.0,0.0,0.0,0.0
041460,한국전자인증,코스닥,소프트웨어 개발 및 공급업,"개인용이메일 보안,인증업무,전자상거래관련 인증서비스/기업용 인증솔루션 제공",3360.0,26319.0,87832040.0,0.75,2998685.0,3.4100000858306885,9794.0,32616495.0,-3228.0,-10752905.0,-6568.0,-21870245.0,256.0,847555.0,0.0,0.0,0.0,0.0,0.0,0.0,0.0,0.0,-6824.0,-22717800.0,0.0,0.0,2.0,6655.0
101680,한국정밀기계,코스닥,특수 목적용 기계 제조업,"금속절삭가공기계(수치제어식 수평보링머신,오면가공기,수직선반,플로우보링머신),산업기계(전용기,공작기계부품) 제조,판매",2600.0,7173.0,18700395.0,-0.1899999976158142,465715.0,2.490000009536743,1824.0,4772950.0,-1824.0,-4772950.0,0.0,0.0,0.0,0.0,0.0,0.0,0.0,0.0,0.0,0.0,0.0,0.0,0.0,0.0,0.0,0.0,0.0,0.0
039740,한국정보공학,코스닥,기타 전문 도매업,"그룹웨어, 자료관리시스템",3245.0,23920.0,77425361.0,2.690000057220459,653110.0,0.8399999737739563,-1359.0,-4421756.0,1359.0,4421756.0,0.0,0.0,0.0,0.0,0.0,0.0,0.0,0.0,0.0,0.0,0.0,0.0,0.0,0.0,0.0,0.0,0.0,0.0
053300,한국정보인증,코스닥,소프트웨어 개발 및 공급업,"공인인증서, PKI솔루션 등",4510.0,64673.0,293791292.0,0.7799999713897705,13680.0,0.0,-4603.0,-20764465.0,4780.0,21570335.0,0.0,0.0,0.0,0.0,0.0,0.0,0.0,0.0,0.0,0.0,0.0,0.0,0.0,0.0,-177.0,-805870.0,0.0,0.0
025770,한국정보통신,코스닥,전기 통신업,"신용카드부가통신업(VAN),전자지급결제대행업(PG)",8080.0,53883.0,435803290.0,0.8700000047683716,23236960.0,5.329999923706055,-7980.0,-64567450.0,7964.0,64435220.0,4.0,34890.0,4.0,34890.0,0.0,0.0,0.0,0.0,0.0,0.0,0.0,0.0,0.0,0.0,0.0,0.0,12.0,97340.0
479880,한국제15호스팩,코스닥,금융 지원 서비스업,기업인수합병,2050.0,15048.0,30699965.0,0.0,0.0,0.0,15023.0,30648695.0,0.0,0.0,-15023.0,-30648695.0,2.0,4105.0,0.0,0.0,-13188.0,-26903900.0,0.0,0.0,0.0,0.0,-1837.0,-3748900.0,0.0,0.0,0.0,0.0
0164H0,한국제16호스팩,코스닥,금융 지원 서비스업,기업인수합병,1950.0,15273.0,29734907.0,-0.05000000074505806,105114.0,0.3499999940395355,574.0,1114363.0,-5731.0,-11156657.0,2893.0,5629778.0,2893.0,5629778.0,0.0,0.0,0.0,0.0,0.0,0.0,0.0,0.0,0.0,0.0,2244.0,4373556.0,20.0,38960.0
062970,한국첨단소재,코스닥,통신 및 방송 장비 제조업,"데이터센터용 AWG, 통신용 AWG, 스플리터, 계측기 등",1162.0,0.0,0.0,0.0,0.0,0.0,0.0,0.0,0.0,0.0,0.0,0.0,0.0,0.0,0.0,0.0,0.0,0.0,0.0,0.0,0.0,0.0,0.0,0.0,0.0,0.0,0.0,0.0
062970,한국첨단소재,코스닥,통신 및 방송 장비 제조업,"데이터센터용 AWG, 통신용 AWG, 스플리터, 계측기 등",1162.0,0.0,0.0,0.0,0.0,0.0,0.0,0.0,0.0,0.0,0.0,0.0,0.0,0.0,0.0,0.0,0.0,0.0,0.0,0.0,0.0,0.0,0.0,0.0,0.0,0.0,0.0,0.0
023760,한국캐피탈,코스닥,기타 금융업,리스수수료,670.0,0.0,0.0,0.0,0.0,0.0,0.0,0.0,0.0,0.0,0.0,0.0,0.0,0.0,0.0,0.0,0.0,0.0,0.0,0.0,0.0,0.0,0.0,0.0,0.0,0.0,0.0,0.0
054040,한국컴퓨터,코스닥,전자부품 제조업,PCB Assembly (PBA),5160.0,23256.0,119522510.0,0.9800000190734863,97850.0,0.07999999821186066,-2340.0,-12047690.0,2428.0,12498570.0,-8.0,-41280.0,-8.0,-41280.0,0.0,0.0,0.0,0.0,0.0,0.0,0.0,0.0,0.0,0.0,-80.0,-409600.0,0.0,0.0
021650,한국큐빅,코스닥,플라스틱제품 제조업,Curl Fit(표면처리사업),2000.0,1243.0,2521930.0,-1.7200000286102295,0.0,0.0,68.0,139730.0,-68.0,-139730.0,0.0,0.0,0.0,0.0,0.0,0.0,0.0,0.0,0.0,0.0,0.0,0.0,0.0,0.0,0.0,0.0,0.0,0.0
032300,한국파마,코스닥,의약품 제조업,"완제의약품(정신신경계, 소화기계, 순환기계, 항생항균, 기타)",7820.0,12418.0,96975070.0,0.38999998569488525,7800.0,0.009999999776482582,1770.0,13830830.0,-1773.0,-13854140.0,0.0,80.0,0.0,80.0,0.0,0.0,0.0,0.0,0.0,0.0,0.0,0.0,0.0,0.0,-2.0,-15620.0,5.0,38850.0
037230,한국팩키지,코스닥,"골판지, 종이 상자 및 종이용기 제조업","카톤팩, 골판지 상자",1389.0,68136.0,93522173.0,2.740000009536743,1262897.0,1.350000023841858,-21235.0,-29065563.0,26589.0,36501724.0,-5354.0,-7436161.0,-5354.0,-7436161.0,0.0,0.0,0.0,0.0,0.0,0.0,0.0,0.0,0.0,0.0,0.0,0.0,0.0,0.0
448900,한국피아이엠,코스닥,자동차 신품 부품 제조업,"내연기관 부품(터보차저, DCT변속기), IT 부품(스마트워치/스마트링), 자율주행 부품(카메라 모듈 케이스)",65200.0,88246.0,5663342950.0,2.680000066757202,48105000.0,0.44999998807907104,3245.0,205129450.0,-5590.0,-363543750.0,2285.0,154390000.0,-1658.0,-106941550.0,-796.0,-50642300.0,-56.0,-1368350.0,0.0,0.0,0.0,0.0,4795.0,313342200.0,15.0,1067000.0,45.0,2957300.0
052600,한네트,코스닥,전기 통신업,"현금서비스, 예금인출",3045.0,17588.0,53696099.0,0.5,3045.0,0.009999999776482582,-414.0,-1272644.0,414.0,1272649.0,0.0,-5.0,0.0,-5.0,0.0,0.0,0.0,0.0,0.0,0.0,0.0,0.0,0.0,0.0,0.0,0.0,0.0,0.0
256150,한독크린텍,코스닥,일반 목적용 기계 제조업,정수기 필터,4565.0,2626.0,11922385.0,0.4399999976158142,49665.0,0.41999998688697815,1255.0,5704090.0,-1204.0,-5471945.0,0.0,0.0,0.0,0.0,0.0,0.0,0.0,0.0,0.0,0.0,0.0,0.0,0.0,0.0,-35.0,-159425.0,-16.0,-72720.0
092460,한라IMS,코스닥,선박 및 보트 건조업,"선용원격자동측정시스템,선용원격자동경보시스템",17740.0,37764.0,674770840.0,0.5099999904632568,20270440.0,1.6399999856948853,-4846.0,-87184920.0,7533.0,135171780.0,-2684.0,-47927310.0,-17.0,-301230.0,0.0,0.0,0.0,0.0,0.0,0.0,0.0,0.0,-2667.0,-47626080.0,-60.0,-1071300.0,57.0,1011750.0
125490,한라캐스트,코스닥,자동차 신품 부품 제조업,"마그네슘 및 알루미늄 다이캐스팅 제품(차량, 가전용 경량화 소재 부품)",8830.0,576485.0,5057535205.0,4.130000114440918,137176240.0,2.7100000381469727,-67418.0,-597044320.0,78624.0,693875950.0,-10181.0,-87664820.0,-28867.0,-252101690.0,5199.0,45751080.0,2801.0,24648990.0,0.0,0.0,2222.0,19553600.0,8293.0,72978400.0,753.0,6775470.0,-1778.0,-15942280.0
452190,한빛레이저,코스닥,특수 목적용 기계 제조업,산업용 레이저 가공장비,3775.0,189803.0,706570571.0,7.860000133514404,480465.0,0.07000000029802322,-10118.0,-36382249.0,10078.0,36341534.0,0.0,-62295.0,0.0,-62295.0,0.0,0.0,0.0,0.0,0.0,0.0,0.0,0.0,0.0,0.0,0.0,-13700.0,40.0,116710.0
047080,한빛소프트,코스닥,소프트웨어 개발 및 공급업,"게임(스타크래프트 등), 교육, 솔루션",1010.0,100029.0,102061647.0,-1.2699999809265137,52842.0,0.05000000074505806,-15141.0,-15477951.0,13585.0,13883359.0,1456.0,1491092.0,1456.0,1491092.0,0.0,0.0,0.0,0.0,0.0,0.0,0.0,0.0,0.0,0.0,0.0,0.0,100.0,103500.0
452280,한선엔지니어링,코스닥,기타 금속 가공제품 제조업,"계장용 피팅 및 밸브, 모듈",13040.0,262434.0,3339156520.0,4.650000095367432,133556390.0,4.0,71327.0,910043090.0,-35699.0,-456979785.0,-39147.0,-498814645.0,1142.0,14614770.0,0.0,0.0,-6257.0,-79051055.0,0.0,0.0,0.0,0.0,-34032.0,-434378360.0,4044.0,52367100.0,-525.0,-6615760.0
066980,한성크린텍,코스닥,"건축기술, 엔지니어링 및 관련 기술 서비스업",수처리설비EPC,1410.0,444733.0,622171820.0,3.75,7985820.0,1.2799999713897705,-26068.0,-36747055.0,27325.0,38506291.0,0.0,-27236.0,0.0,-27236.0,0.0,0.0,0.0,0.0,0.0,0.0,0.0,0.0,0.0,0.0,-2500.0,-3467500.0,1243.0,1735500.0
114810,한솔아이원스,코스닥,특수 목적용 기계 제조업,"반도체 장비 부품 제조 및 세정, LCD 장비 부품 제조",9400.0,151703.0,1422701090.0,3.299999952316284,34781050.0,1.7000000476837158,15170.0,143520770.0,8119.0,75491430.0,-23388.0,-219949800.0,-112.0,-1128630.0,146.0,1371450.0,-13414.0,-125667490.0,0.0,0.0,-8.0,-75590.0,-10000.0,-94449540.0,1006.0,9446000.0,-907.0,-8508400.0
042520,한스바이오메드,코스닥,의료용품 및 기타 의약 관련제품 제조업,"인체이식용조직(인조피부,인조뼈),의료용시술재료(가슴보형물)",20100.0,82816.0,1669203925.0,-0.7400000095367432,25921050.0,1.1100000143051147,-6450.0,-131233485.0,20980.0,423560565.0,691.0,13267520.0,2151.0,42731560.0,-65.0,-1305880.0,-695.0,-14013450.0,0.0,0.0,0.0,0.0,-700.0,-14144710.0,-13675.0,-273859850.0,-1546.0,-31734750.0
430690,한싹,코스닥,소프트웨어 개발 및 공급업,망간자료전송,2340.0,113486.0,269996309.0,0.4300000071525574,117390.0,0.03999999910593033,-17902.0,-41693200.0,19794.0,46238295.0,0.0,-32865.0,0.0,-32865.0,0.0,0.0,0.0,0.0,0.0,0.0,0.0,0.0,0.0,0.0,0.0,0.0,-1892.0,-4512230.0
078350,한양디지텍,코스닥,반도체 제조업,메모리 모듈,20600.0,126074.0,2611778535.0,8.880000114440918,117538780.0,3.190000057220459,-16437.0,-342739240.0,-13923.0,-291819400.0,30246.0,632136240.0,1412.0,28512850.0,0.0,0.0,24617.0,515524640.0,0.0,0.0,-6.0,-123100.0,4223.0,88221850.0,112.0,2380000.0,2.0,42400.0
045100,한양이엔지,코스닥,"건축기술, 엔지니어링 및 관련 기술 서비스업",반도체배관설비,30000.0,63069.0,1904597175.0,1.690000057220459,22794250.0,0.7200000286102295,-6997.0,-209836825.0,6836.0,204819475.0,151.0,4726850.0,521.0,15872750.0,-263.0,-7918500.0,-107.0,-3227400.0,0.0,0.0,0.0,0.0,0.0,0.0,10.0,290500.0,0.0,0.0
320000,한울반도체,코스닥,특수 목적용 기계 제조업,비전검사장비,11730.0,237635.0,2812211735.0,2.0899999141693115,0.0,0.0,-1252.0,-14565090.0,26.0,129250.0,0.0,-20.0,0.0,-20.0,0.0,0.0,0.0,0.0,0.0,0.0,0.0,0.0,0.0,0.0,259.0,3160270.0,967.0,11275590.0
091440,한울소재과학,코스닥,통신 및 방송 장비 제조업,광전송장비,2860.0,382908.0,1105194023.0,2.140000104904175,23786580.0,2.1500000953674316,2166.0,6307530.0,-15141.0,-43041030.0,0.0,0.0,0.0,0.0,0.0,0.0,0.0,0.0,0.0,0.0,0.0,0.0,0.0,0.0,12975.0,36733500.0,0.0,0.0
276730,한울앤제주,코스닥,알코올음료 제조업,맥주,11470.0,0.0,0.0,0.0,0.0,0.0,0.0,0.0,0.0,0.0,0.0,0.0,0.0,0.0,0.0,0.0,0.0,0.0,0.0,0.0,0.0,0.0,0.0,0.0,0.0,0.0,0.0,0.0
024740,한일단조,코스닥,자동차 신품 부품 제조업,단조품,2120.0,133870.0,284337289.0,1.9199999570846558,10327690.0,3.630000114440918,15118.0,31900241.0,-15136.0,-31938321.0,0.0,0.0,0.0,0.0,0.0,0.0,0.0,0.0,0.0,0.0,0.0,0.0,0.0,0.0,0.0,0.0,18.0,38080.0
005860,한일사료,코스닥,동물용 사료 및 조제식품 제조업,배합사료,2380.0,594333.0,1405514532.0,3.4800000190734863,31921650.0,2.2699999809265137,-59627.0,-141842020.0,41304.0,98131045.0,8601.0,20514240.0,8601.0,20514240.0,0.0,0.0,0.0,0.0,0.0,0.0,0.0,0.0,0.0,0.0,10967.0,26178060.0,-1245.0,-2981325.0
007770,한일화학,코스닥,기초 화학물질 제조업,산화아연,6290.0,935.0,5900090.0,0.0,0.0,0.0,-59.0,-372070.0,59.0,372070.0,0.0,0.0,0.0,0.0,0.0,0.0,0.0,0.0,0.0,0.0,0.0,0.0,0.0,0.0,0.0,0.0,0.0,0.0
198940,한주라이트메탈,코스닥,1차 비철금속 제조업,알루미늄 기반 경량화 자동차 부품,1340.0,140866.0,191535232.0,0.3700000047683716,1634830.0,0.8500000238418579,35056.0,48497340.0,-35247.0,-48739298.0,0.0,-15461.0,0.0,-15461.0,0.0,0.0,0.0,0.0,0.0,0.0,0.0,0.0,0.0,0.0,0.0,0.0,191.0,257419.0
058450,한주에이알티,코스닥,"영화, 비디오물, 방송프로그램 제작 및 배급업","컴퓨터, 복사기 등의 부품",3820.0,22362.0,85329310.0,-4.019999980926514,559765.0,0.6600000262260437,-1441.0,-5320060.0,1530.0,5668960.0,0.0,0.0,0.0,0.0,0.0,0.0,0.0,0.0,0.0,0.0,0.0,0.0,0.0,0.0,0.0,0.0,-89.0,-348900.0
107640,한중엔시에스,코스닥,"전동기, 발전기 및 전기 변환 · 공급 · 제어 장치 제조업","수냉식 냉각시스템 ESS Parts, 공랭식 ESS Module Parts, EV Module 및 내연기관 Parts",33050.0,100914.0,3320828550.0,2.9600000381469727,8353450.0,0.1899999976158142,8649.0,283166625.0,15775.0,518503600.0,-24158.0,-793004625.0,14321.0,472081000.0,0.0,0.0,-24000.0,-788760925.0,0.0,0.0,2776.0,91457400.0,-17255.0,-567782100.0,47.0,1540750.0,-313.0,-10206350.0
079170,한창산업,코스닥,1차 비철금속 제조업,"아연말,리튬브로마이드,산화망간,인산아연",5290.0,32494.0,168645915.0,5.800000190734863,15360.0,0.009999999776482582,-21155.0,-109986195.0,2176.0,11286260.0,17951.0,93355965.0,17951.0,93355965.0,0.0,0.0,0.0,0.0,0.0,0.0,0.0,0.0,0.0,0.0,1028.0,5343970.0,0.0,0.0
030520,한컴,코스닥,소프트웨어 개발 및 공급업,오피스소프트웨어,18610.0,90688.0,1692718980.0,0.2199999988079071,117994620.0,5.28000020980835,5846.0,107866150.0,2933.0,53855860.0,-8863.0,-163286510.0,-8875.0,-163510290.0,0.0,0.0,12.0,223780.0,0.0,0.0,0.0,0.0,0.0,0.0,-3.0,-58260.0,87.0,1622760.0
054920,한컴위드,코스닥,소프트웨어 개발 및 공급업,전자상거래 보안 솔루션,4095.0,279715.0,1128055783.0,3.4100000858306885,9935045.0,0.8799999952316284,-86885.0,-349310073.0,43749.0,175355978.0,-1.0,-49750.0,-1.0,-49750.0,0.0,0.0,0.0,0.0,0.0,0.0,0.0,0.0,0.0,0.0,43387.0,175005095.0,-250.0,-1001250.0
457370,한켐,코스닥,기초 화학물질 제조업,OLED 발광층 소재 등,6820.0,117739.0,796798845.0,5.409999847412109,2383220.0,0.30000001192092896,-8704.0,-58231505.0,9171.0,61397435.0,0.0,0.0,0.0,0.0,0.0,0.0,0.0,0.0,0.0,0.0,0.0,0.0,0.0,0.0,0.0,0.0,-467.0,-3165930.0
002680,한탑,코스닥,"곡물가공품, 전분 및 전분제품 제조업","소맥분(밀가루),배합사료",1718.0,85004.0,148000025.0,0.8199999928474426,2472734.0,1.6699999570846558,7412.0,13100069.0,-2568.0,-4455608.0,0.0,0.0,0.0,0.0,0.0,0.0,0.0,0.0,0.0,0.0,0.0,0.0,0.0,0.0,0.0,0.0,-4844.0,-8644461.0
098070,한텍,코스닥,"구조용 금속제품, 탱크 및 증기발생기 제조업","열교환기 등 화공기기, 저장용 탱크",25000.0,63809.0,1602822525.0,0.6000000238418579,134160150.0,5.210000038146973,7466.0,187037775.0,-275.0,-6752350.0,-7192.0,-180310750.0,-1386.0,-34599300.0,-3018.0,-75882700.0,-1338.0,-33672800.0,0.0,0.0,0.0,0.0,-1450.0,-36155950.0,0.0,0.0,1.0,25325.0
408470,한패스,코스닥,기타 금융업,"디지털 송금 서비스, 전자지갑 서비스, 선불카드 서비스",5430.0,39113.0,212748210.0,1.690000057220459,3356970.0,1.5800000429153442,-2362.0,-12800605.0,8465.0,46049755.0,-6103.0,-33249150.0,-5084.0,-27834770.0,0.0,0.0,900.0,4953920.0,0.0,0.0,0.0,0.0,-1919.0,-10368300.0,0.0,0.0,0.0,0.0
498390,한화플러스제5호스팩,코스닥,금융 지원 서비스업,-,2035.0,0.0,0.0,0.0,0.0,0.0,0.0,0.0,0.0,0.0,0.0,0.0,0.0,0.0,0.0,0.0,0.0,0.0,0.0,0.0,0.0,0.0,0.0,0.0,0.0,0.0,0.0,0.0
034810,해성산업,코스닥,기타 금융업,시설관리 용역 및 부동산 임대,6490.0,58030.0,379848750.0,0.7799999713897705,4012840.0,1.059999942779541,-4986.0,-32013010.0,4482.0,28751610.0,-2.0,-12920.0,0.0,0.0,0.0,0.0,-2.0,-12920.0,0.0,0.0,0.0,0.0,0.0,0.0,0.0,-16000.0,506.0,3290320.0
03481K,해성산업1우,KOSDAQ,기타/미분류,기타/미분류,6120.0,1518.0,9269590.0,0.49000000953674316,0.0,0.0,-247.0,-1507140.0,247.0,1507140.0,0.0,0.0,0.0,0.0,0.0,0.0,0.0,0.0,0.0,0.0,0.0,0.0,0.0,0.0,0.0,0.0,0.0,0.0
059270,해성에어로보틱스,코스닥,기타 금속 가공제품 제조업,기어 및 동력전달장치,6060.0,77565.0,456995140.0,5.570000171661377,11237135.0,2.4600000381469727,2874.0,17970970.0,-2772.0,-17375760.0,0.0,0.0,0.0,0.0,0.0,0.0,0.0,0.0,0.0,0.0,0.0,0.0,0.0,0.0,-104.0,-607210.0,2.0,12000.0
076610,해성옵틱스,코스닥,사진장비 및 광학기기 제조업,휴대폰용 렌즈모듈 및 카메라모듈,1160.0,1726532.0,1964720562.0,4.980000019073486,24820316.0,1.2599999904632568,-221835.0,-251214652.0,217569.0,246378103.0,0.0,0.0,0.0,0.0,0.0,0.0,0.0,0.0,0.0,0.0,0.0,0.0,0.0,0.0,0.0,0.0,4266.0,4836549.0
900270,헝셩그룹,코스닥,기타 금융업,자회사 제품 : 아동용 완구 및 아동복 등,420.0,0.0,0.0,0.0,0.0,0.0,0.0,0.0,0.0,0.0,0.0,0.0,0.0,0.0,0.0,0.0,0.0,0.0,0.0,0.0,0.0,0.0,0.0,0.0,0.0,0.0,0.0,0.0
214180,헥토이노베이션,코스닥,기타 정보 서비스업,휴대폰부가서비스,14560.0,26581.0,388801840.0,1.1100000143051147,612840.0,0.1599999964237213,-2267.0,-33133580.0,-268.0,-3887350.0,2610.0,38123760.0,2610.0,38123760.0,0.0,0.0,0.0,0.0,0.0,0.0,0.0,0.0,0.0,0.0,-75.0,-1102830.0,0.0,0.0
234340,헥토파이낸셜,코스닥,금융 지원 서비스업,"가상계좌중계, 간편현금결제",18780.0,150478.0,2783250100.0,4.21999979019165,102056350.0,3.6700000762939453,-33771.0,-617155025.0,35691.0,653042385.0,41.0,767530.0,-13.0,-239630.0,54.0,1007160.0,0.0,0.0,0.0,0.0,0.0,0.0,0.0,0.0,-2082.0,-38906570.0,121.0,2251680.0
084990,헬릭스미스,코스닥,자연과학 및 공학 연구개발업,"바이오신약, 천연물신약 연구개발",3425.0,90016.0,309919559.0,3.1600000858306885,7101820.0,2.2899999618530273,589.0,2135284.0,-3838.0,-13377014.0,-2523.0,-8632980.0,-2523.0,-8632980.0,0.0,0.0,0.0,0.0,0.0,0.0,0.0,0.0,0.0,0.0,0.0,0.0,5772.0,19874710.0
170030,현대공업,코스닥,자동차 신품 부품 제조업,"시트패드, 암레스트, 헤드레스트",4845.0,21978.0,106083070.0,1.25,324530.0,0.3100000023841858,-135.0,-656770.0,163.0,792415.0,-28.0,-135645.0,-28.0,-135645.0,0.0,0.0,0.0,0.0,0.0,0.0,0.0,0.0,0.0,0.0,0.0,0.0,0.0,0.0
319400,현대무벡스,코스닥,일반 목적용 기계 제조업,"물류자동화, IT서비스",24450.0,2021900.0,49003990525.0,3.1600000858306885,1462069975.0,2.9800000190734863,-30049.0,-775079375.0,106350.0,2618279400.0,-74772.0,-1806887875.0,-66866.0,-1613917450.0,-12.0,-293200.0,-141.0,-3446725.0,0.0,0.0,-4060.0,-99500000.0,-3693.0,-89730500.0,-164.0,-3805050.0,-1365.0,-32507100.0
048410,현대바이오,코스닥,기타 화학제품 제조업,화장품 및 화장품원료,6810.0,877195.0,5898535775.0,4.769999980926514,224685150.0,3.809999942779541,99682.0,672861735.0,14631.0,94278315.0,-113000.0,-758146220.0,-117188.0,-786615785.0,0.0,0.0,764.0,5199105.0,0.0,0.0,0.0,0.0,3424.0,23270460.0,0.0,0.0,-1313.0,-8993830.0
052260,현대바이오랜드,코스닥,기타 화학제품 제조업,"천연물질 추출물, 미생물 배양제품",3620.0,40129.0,145141470.0,0.41999998688697815,2022575.0,1.3899999856948853,-2234.0,-8091025.0,2148.0,7777185.0,81.0,295640.0,81.0,295640.0,0.0,0.0,0.0,0.0,0.0,0.0,0.0,0.0,0.0,0.0,0.0,0.0,5.0,18200.0
016790,현대사료,코스닥,동물용 사료 및 조제식품 제조업,"양계, 양돈 배합사료",994.0,0.0,0.0,0.0,0.0,0.0,0.0,0.0,0.0,0.0,0.0,0.0,0.0,0.0,0.0,0.0,0.0,0.0,0.0,0.0,0.0,0.0,0.0,0.0,0.0,0.0,0.0,0.0
041440,현대에버다임,코스닥,특수 목적용 기계 제조업,"콘크리트펌프트럭, 중장비개량사업",6480.0,136928.0,882863405.0,3.8499999046325684,9770120.0,1.1100000143051147,-17944.0,-113851530.0,19131.0,121601230.0,1.0,-50430.0,1.0,-50430.0,0.0,0.0,0.0,0.0,0.0,0.0,0.0,0.0,0.0,0.0,-1188.0,-7699270.0,0.0,0.0
039010,현대에이치티,코스닥,통신 및 방송 장비 제조업,스마트홈 제조,7360.0,72456.0,528245010.0,6.820000171661377,144810.0,0.029999999329447746,855.0,7369760.0,-467.0,-4576300.0,-37.0,-261590.0,-37.0,-261590.0,0.0,0.0,0.0,0.0,0.0,0.0,0.0,0.0,0.0,0.0,-350.0,-2524500.0,-1.0,-7370.0
090850,현대이지웰,코스닥,소프트웨어 개발 및 공급업,선택적복리후생서비스,5570.0,176310.0,992984445.0,-7.010000228881836,50658500.0,5.099999904632568,51006.0,286535190.0,-30747.0,-171763370.0,-20606.0,-116717930.0,-20606.0,-116717930.0,0.0,0.0,0.0,0.0,0.0,0.0,0.0,0.0,0.0,0.0,341.0,1942390.0,6.0,3720.0
460930,현대힘스,코스닥,선박 및 보트 건조업,"선박기자재 (선박 블록, 보강재, 도장 등)",14620.0,891528.0,12698580800.0,6.400000095367432,134946920.0,0.5400000214576721,-50709.0,-693467600.0,48273.0,658104250.0,-19.0,-276280.0,-13.0,-190580.0,-6.0,-85700.0,0.0,0.0,0.0,0.0,0.0,0.0,0.0,0.0,2874.0,41518640.0,-419.0,-5879010.0
092300,현우산업,코스닥,전자부품 제조업,인쇄회로판(PCB),2495.0,116933.0,290840212.0,4.179999828338623,1044950.0,0.36000001430511475,2035.0,4832281.0,-1994.0,-4732046.0,0.0,0.0,0.0,0.0,0.0,0.0,0.0,0.0,0.0,0.0,0.0,0.0,0.0,0.0,-37.0,-90220.0,-4.0,-10015.0
011080,형지I&C,코스닥,봉제의복 제조업,"의복, 악세사리",928.0,320173.0,301663471.0,-1.690000057220459,9175116.0,3.0399999618530273,43376.0,40408929.0,-48655.0,-45312610.0,0.0,0.0,0.0,0.0,0.0,0.0,0.0,0.0,0.0,0.0,0.0,0.0,0.0,0.0,140.0,129710.0,5139.0,4773971.0
308100,형지글로벌,코스닥,"섬유, 의복, 신발 및 가죽제품 소매업",골프의류 및 골프잡화,433.0,607183.0,264116919.0,0.9300000071525574,172050.0,0.07000000029802322,17338.0,7822108.0,-18427.0,-8274700.0,0.0,0.0,0.0,0.0,0.0,0.0,0.0,0.0,0.0,0.0,0.0,0.0,0.0,0.0,0.0,0.0,1089.0,452592.0
064240,홈캐스트,코스닥,기타 전문 도매업,디지털 셋톱박스,1499.0,38672.0,57754651.0,5.789999961853027,519014.0,0.8999999761581421,11653.0,17453053.0,-11853.0,-17752253.0,0.0,0.0,0.0,0.0,0.0,0.0,0.0,0.0,0.0,0.0,0.0,0.0,0.0,0.0,0.0,0.0,200.0,299200.0
039610,화성밸브,코스닥,일반 목적용 기계 제조업,"가스밸브, 매몰용접용 볼밸브, 온수분배기",5280.0,30191.0,159026860.0,2.9200000762939453,1313460.0,0.8299999833106995,-5047.0,-26391070.0,5047.0,26391030.0,0.0,40.0,0.0,40.0,0.0,0.0,0.0,0.0,0.0,0.0,0.0,0.0,0.0,0.0,0.0,0.0,0.0,0.0
126640,화신정공,코스닥,자동차 신품 부품 제조업,자동차부품,4450.0,1993068.0,8806050309.0,6.710000038146973,11170030.0,0.12999999523162842,-70046.0,-322496878.0,61730.0,285838098.0,-179.0,-784915.0,-179.0,-784915.0,0.0,0.0,0.0,0.0,0.0,0.0,0.0,0.0,0.0,0.0,9382.0,41364105.0,-887.0,-3920410.0
127980,화인써키트,코스닥,전자부품 제조업,인쇄회로기판(PCB),3025.0,7466.0,22228910.0,2.890000104904175,0.0,0.0,-621.0,-1835805.0,1038.0,3076380.0,0.0,0.0,0.0,0.0,0.0,0.0,0.0,0.0,0.0,0.0,0.0,0.0,0.0,0.0,0.0,0.0,-417.0,-1240575.0
061250,화일약품,코스닥,의약품 제조업,의약품 원료,8790.0,1959.0,17370230.0,-1.899999976158142,2336730.0,13.449999809265137,633.0,5605960.0,-633.0,-5605960.0,0.0,0.0,0.0,0.0,0.0,0.0,0.0,0.0,0.0,0.0,0.0,0.0,0.0,0.0,0.0,0.0,0.0,0.0
097870,효성오앤비,코스닥,"비료, 농약 및 살균, 살충제 제조업","혼합유박비료,유기복합비료,혼합유기질비료",4520.0,13177.0,59143715.0,0.8899999856948853,4237035.0,7.159999847412109,-883.0,-3952075.0,380.0,1692130.0,3.0,13485.0,3.0,13485.0,0.0,0.0,0.0,0.0,0.0,0.0,0.0,0.0,0.0,0.0,0.0,0.0,500.0,2246460.0
290270,휴네시온,코스닥,소프트웨어 개발 및 공급업,망간자료전송(i-oneNet),2700.0,11247.0,30526610.0,-0.18000000715255737,0.0,0.0,661.0,1846300.0,-561.0,-1561640.0,0.0,-2160.0,0.0,-2160.0,0.0,0.0,0.0,0.0,0.0,0.0,0.0,0.0,0.0,0.0,-100.0,-282500.0,0.0,0.0
353190,휴럼,코스닥,기타 식품 제조업,금융지원 서비스,2855.0,10819.0,30680814.0,0.7099999785423279,0.0,0.0,201.0,563344.0,-201.0,-563344.0,0.0,0.0,0.0,0.0,0.0,0.0,0.0,0.0,0.0,0.0,0.0,0.0,0.0,0.0,0.0,0.0,0.0,0.0
090710,휴림로봇,코스닥,특수 목적용 기계 제조업,제조업용로봇및서비스로봇,7640.0,2902488.0,21760085440.0,8.0600004196167,570411655.0,2.619999885559082,-399042.0,-3041619520.0,682229.0,5165119075.0,-271890.0,-2037246135.0,-153032.0,-1142150825.0,-75.0,-550540.0,-102885.0,-774580205.0,0.0,0.0,0.0,0.0,-15898.0,-119964565.0,-14262.0,-108806225.0,2965.0,22552805.0
078590,휴림에이텍,코스닥,자동차 신품 부품 제조업,자동차내장카페트,3310.0,565722.0,1953003679.0,-5.019999980926514,2219870.0,0.10999999940395355,9176.0,31743006.0,-582.0,-2992316.0,0.0,0.0,0.0,0.0,0.0,0.0,0.0,0.0,0.0,0.0,0.0,0.0,0.0,0.0,0.0,-13095.0,-8594.0,-28737595.0
205470,휴마시스,코스닥,의료용품 및 기타 의약 관련제품 제조업,체외진단키트,2300.0,44294.0,101253010.0,3.8399999141693115,1153155.0,1.1399999856948853,1695.0,3930955.0,-1696.0,-3933230.0,1.0,2275.0,1.0,2275.0,0.0,0.0,0.0,0.0,0.0,0.0,0.0,0.0,0.0,0.0,0.0,0.0,0.0,0.0
115160,휴맥스,코스닥,기계장비 및 관련 물품 도매업,셋톱박스,5660.0,13894.0,76449255.0,4.039999961853027,0.0,0.0,-1939.0,-10462415.0,2068.0,11083675.0,-119.0,-566090.0,-119.0,-566090.0,0.0,0.0,0.0,0.0,0.0,0.0,0.0,0.0,0.0,0.0,0.0,0.0,-10.0,-55170.0
028080,휴맥스홀딩스,코스닥,"컴퓨터 프로그래밍, 시스템 통합 및 관리업","지주사업, IT서비스사업",4660.0,6600.0,30992666.0,-3.5199999809265137,0.0,0.0,-463.0,-2087273.0,463.0,2123773.0,0.0,-36500.0,0.0,-36500.0,0.0,0.0,0.0,0.0,0.0,0.0,0.0,0.0,0.0,0.0,0.0,0.0,0.0,0.0
200670,휴메딕스,코스닥,의약품 제조업,"히알루론산 관절염치료제, 히알루론산 더말필러",28350.0,56339.0,1558691850.0,11.609999656677246,30078325.0,1.159999966621399,-18415.0,-511463975.0,4173.0,116196000.0,882.0,26104825.0,-60.0,-1700400.0,0.0,0.0,0.0,0.0,0.0,0.0,0.0,0.0,943.0,27833475.0,13357.0,369080700.0,3.0,82450.0
065510,휴비츠,코스닥,의료용 기기 제조업,"자동검안기, 자동렌즈미터",6930.0,18491.0,128335505.0,-0.4300000071525574,4452630.0,3.4700000286102295,5532.0,38215320.0,659.0,4606760.0,-1191.0,-8281420.0,-1191.0,-8281420.0,0.0,0.0,0.0,0.0,0.0,0.0,0.0,0.0,0.0,0.0,-5000.0,-34540660.0,0.0,0.0
263920,휴엠앤씨,코스닥,그외 기타 제품 제조업,"유리용기, 화장용 스펀지, 퍼프",3555.0,2714.0,9337365.0,3.490000009536743,0.0,0.0,36.0,124255.0,-36.0,-124255.0,0.0,0.0,0.0,0.0,0.0,0.0,0.0,0.0,0.0,0.0,0.0,0.0,0.0,0.0,0.0,0.0,0.0,0.0
243070,휴온스,코스닥,의약품 제조업,"전문의약품, 일반의약품",27350.0,13242.0,355161700.0,2.240000009536743,5413000.0,0.8299999833106995,1502.0,40693950.0,-1755.0,-47458700.0,253.0,6764750.0,254.0,6791800.0,-1.0,-27050.0,0.0,0.0,0.0,0.0,0.0,0.0,0.0,0.0,0.0,0.0,0.0,0.0
084110,휴온스글로벌,코스닥,의약품 제조업,의약품제조업,25300.0,18787.0,475813000.0,2.0199999809265137,19530050.0,2.950000047683716,478.0,12301950.0,-926.0,-23638500.0,500.0,12626050.0,455.0,11475750.0,12.0,306450.0,33.0,843850.0,0.0,0.0,0.0,0.0,0.0,0.0,383.0,9669800.0,-435.0,-10959300.0
145020,휴젤,코스닥,기초 의약물질 제조업,"보툴리눔톡신, 필러",260000.0,38984.0,10139455750.0,0.7799999713897705,1386491000.0,11.029999732971191,3045.0,782852750.0,3836.0,993159000.0,-6845.0,-1766549750.0,-6308.0,-1633395000.0,-10.0,-2582000.0,-1321.0,-343271250.0,0.0,0.0,-2500.0,-649895000.0,3295.0,862852500.0,3.0,766000.0,-39.0,-10228000.0
024060,흥구석유,코스닥,기타 전문 도매업,휘발유등,10230.0,1379254.0,14136512210.0,-2.940000057220459,361827620.0,2.559999942779541,37073.0,389392215.0,-40726.0,-426056040.0,8.0,55360.0,8.0,55360.0,0.0,0.0,0.0,0.0,0.0,0.0,0.0,0.0,0.0,0.0,-3525.0,-36219060.0,7170.0,72827525.0
010240,흥국,코스닥,특수 목적용 기계 제조업,굴삭기 Roller 및 형단조품,5500.0,23760.0,129959200.0,0.0,1082840.0,0.8299999833106995,-5391.0,-29440300.0,4745.0,25891860.0,646.0,3548550.0,646.0,3548550.0,0.0,0.0,0.0,0.0,0.0,0.0,0.0,0.0,0.0,0.0,0.0,-110.0,0.0,0.0
189980,흥국에프엔비,코스닥,비알코올음료 및 얼음 제조업,"과일음료(에이드베이스, 스무디, 착즙쥬스 등)",1101.0,32493.0,35842104.0,0.550000011920929,34118.0,0.10000000149011612,5522.0,6089504.0,-6687.0,-7377973.0,0.0,0.0,0.0,0.0,0.0,0.0,0.0,0.0,0.0,0.0,0.0,0.0,0.0,0.0,0.0,0.0,1165.0,1288469.0
037440,희림,코스닥,"건축기술, 엔지니어링 및 관련 기술 서비스업",설계 및 감리용역,4035.0,212272.0,847346931.0,5.079999923706055,3274865.0,0.38999998569488525,-43152.0,-171873060.0,56966.0,227346550.0,0.0,-51360.0,0.0,-51360.0,0.0,0.0,0.0,0.0,0.0,0.0,0.0,0.0,0.0,0.0,-5024.0,-20147340.0,-8790.0,-35274790.0
238490,힘스,코스닥,특수 목적용 기계 제조업,"OLED Mask 인장기, OLED Mask 검사기 등",2350.0,13241.0,30474495.0,4.440000057220459,264160.0,0.8700000047683716,-2326.0,-5361920.0,2326.0,5361920.0,0.0,0.0,0.0,0.0,0.0,0.0,0.0,0.0,0.0,0.0,0.0,0.0,0.0,0.0,0.0,0.0,0.0,0.0
091160,KODEX 반도체,ETF,ETF,ETF,119410.0,1427652.0,170435435852.0,4.300000190734863,0.0,0.0,-25989.0,-3077998457.0,-27681.0,-3313094208.0,57699.0,6889007567.0,-78755.0,-9334670983.0,-21082.0,-2521814610.0,159824.0,19021218634.0,-2188.0,-263746734.0,0.0,0.0,-100.0,-11978740.0,-4099.0,-506282007.0,70.0,8367105.0
305720,KODEX 2차전지산업,ETF,ETF,ETF,13120.0,3013754.0,39751436224.0,0.8500000238418579,0.0,0.0,-165724.0,-2167390042.0,144194.0,1899512341.0,8208.0,91887162.0,-680969.0,-8978582978.0,503.0,6704715.0,637010.0,8384026520.0,38902.0,512524720.0,0.0,0.0,12762.0,167214185.0,13320.0,175961174.0,2.0,29365.0
449450,PLUS K방산,ETF,ETF,ETF,55795.0,342761.0,18915280296.0,3.7100000381469727,0.0,0.0,-5128.0,-283710962.0,-28.0,-1774941.0,5192.0,287747538.0,7076.0,391294342.0,-1288.0,-71449785.0,0.0,0.0,-596.0,-32097019.0,0.0,0.0,0.0,0.0,63.0,3219985.0,-99.0,-5481620.0
0115D0,KODEX 조선TOP10,ETF,ETF,ETF,8315.0,1743241.0,14279856151.0,5.449999809265137,0.0,0.0,21679.0,178824928.0,23480.0,194639523.0,-22927.0,-186910727.0,-24068.0,-196033307.0,767.0,6144570.0,0.0,0.0,374.0,2993790.0,0.0,0.0,0.0,-15780.0,-22277.0,-186925409.0,45.0,371685.0
091180,KODEX 자동차,ETF,ETF,ETF,29170.0,269673.0,7856610812.0,3.130000114440918,0.0,0.0,-10101.0,-292257213.0,11500.0,329312603.0,-6195.0,-176800680.0,-2904.0,-84228970.0,157.0,4575495.0,4715.0,137631235.0,-9512.0,-274122000.0,0.0,0.0,1349.0,39343560.0,4736.0,137995590.0,60.0,1749700.0
228790,TIGER 화장품,ETF,ETF,ETF,3930.0,3909376.0,15365487697.0,0.25999999046325684,0.0,0.0,-671710.0,-2640502555.0,41244.0,154638152.0,695521.0,2742596098.0,720486.0,2840911779.0,-4319.0,-16959708.0,-12265.0,-47485614.0,-6992.0,-28402778.0,0.0,0.0,-1389.0,-5467581.0,-26864.0,-106640840.0,-38191.0,-150090855.0
244580,KODEX 바이오,ETF,ETF,ETF,8545.0,648229.0,5512510524.0,0.8299999833106995,0.0,0.0,15662.0,135195060.0,-156706.0,-1335972231.0,178949.0,1524777466.0,107147.0,913983826.0,1941.0,16473275.0,16120.0,137353518.0,23377.0,198274197.0,0.0,0.0,30364.0,258692650.0,-40437.0,-345188440.0,2532.0,21188145.0
