KOSPI_종가,KOSPI_등락률,KOSDAQ_종가,KOSDAQ_등락률,USD_KRW_환율
5858.87,1.39999999999999,1093.63,1.6399999999999901,1477.5999755859375
