KOSPI_종가,KOSPI_등락률,KOSDAQ_종가,KOSDAQ_등락률,USD_KRW_환율
4108.62,-0.21,915.2,-0.46999999999999,1476.8399658203125
