KOSPI_종가,KOSPI_등락률,KOSDAQ_종가,KOSDAQ_등락률,USD_KRW_환율
8123.62,4.63,1029.05,3.2199999999999998,1525.050048828125
