KOSPI_종가,KOSPI_등락률,KOSDAQ_종가,KOSDAQ_등락률,USD_KRW_환율
5507.01,-0.27999999999999997,1106.08,-1.77,1444.18994140625
