KOSPI_종가,KOSPI_등락률,KOSDAQ_종가,KOSDAQ_등락률,USD_KRW_환율
8411.21,-5.81,851.37,-4.09999999999999,1542.760009765625
