KOSPI_종가,KOSPI_등락률,KOSDAQ_종가,KOSDAQ_등락률,USD_KRW_환율
4990.07,0.76,993.93,2.4299999999999997,1464.8299560546875
