KOSPI_종가,KOSPI_등락률,KOSDAQ_종가,KOSDAQ_등락률,USD_KRW_환율
8788.38,3.6799999999999997,1050.03,-2.3,1506.8399658203125
