2026-06-27 00:00:01,186 - INFO - Scraping TrendForce main news page...
2026-06-27 00:00:01,355 - INFO - Found 5 articles on page.
2026-06-27 00:00:01,355 - INFO - No new articles detected.
2026-06-27 00:30:01,496 - INFO - Scraping TrendForce main news page...
2026-06-27 00:30:01,674 - INFO - Found 5 articles on page.
2026-06-27 00:30:01,674 - INFO - No new articles detected.
2026-06-27 01:00:01,939 - INFO - Scraping TrendForce main news page...
2026-06-27 01:00:02,124 - INFO - Found 5 articles on page.
2026-06-27 01:00:02,125 - INFO - No new articles detected.
2026-06-27 01:30:01,318 - INFO - Scraping TrendForce main news page...
2026-06-27 01:30:01,485 - INFO - Found 5 articles on page.
2026-06-27 01:30:01,485 - INFO - No new articles detected.
2026-06-27 02:00:01,641 - INFO - Scraping TrendForce main news page...
2026-06-27 02:00:01,864 - INFO - Found 5 articles on page.
2026-06-27 02:00:01,864 - INFO - No new articles detected.
2026-06-27 02:30:01,804 - INFO - Scraping TrendForce main news page...
2026-06-27 02:30:01,994 - INFO - Found 5 articles on page.
2026-06-27 02:30:01,994 - INFO - No new articles detected.
2026-06-27 03:00:01,857 - INFO - Scraping TrendForce main news page...
2026-06-27 03:00:02,024 - INFO - Found 5 articles on page.
2026-06-27 03:00:02,024 - INFO - No new articles detected.
2026-06-27 03:30:01,728 - INFO - Scraping TrendForce main news page...
2026-06-27 03:30:01,908 - INFO - Found 5 articles on page.
2026-06-27 03:30:01,908 - INFO - No new articles detected.
2026-06-27 04:00:01,479 - INFO - Scraping TrendForce main news page...
2026-06-27 04:00:01,683 - INFO - Found 5 articles on page.
2026-06-27 04:00:01,683 - INFO - No new articles detected.
2026-06-27 04:30:01,494 - INFO - Scraping TrendForce main news page...
2026-06-27 04:30:01,669 - INFO - Found 5 articles on page.
2026-06-27 04:30:01,669 - INFO - No new articles detected.
2026-06-27 05:00:01,641 - INFO - Scraping TrendForce main news page...
2026-06-27 05:00:01,811 - INFO - Found 5 articles on page.
2026-06-27 05:00:01,811 - INFO - No new articles detected.
2026-06-27 05:30:01,389 - INFO - Scraping TrendForce main news page...
2026-06-27 05:30:01,567 - INFO - Found 5 articles on page.
2026-06-27 05:30:01,568 - INFO - No new articles detected.
2026-06-27 06:00:01,168 - INFO - Scraping TrendForce main news page...
2026-06-27 06:00:01,340 - INFO - Found 5 articles on page.
2026-06-27 06:00:01,340 - INFO - No new articles detected.
2026-06-27 06:30:01,116 - INFO - Scraping TrendForce main news page...
2026-06-27 06:30:01,291 - INFO - Found 5 articles on page.
2026-06-27 06:30:01,291 - INFO - No new articles detected.
2026-06-27 07:00:01,974 - INFO - Scraping TrendForce main news page...
2026-06-27 07:00:02,150 - INFO - Found 5 articles on page.
2026-06-27 07:00:02,151 - INFO - No new articles detected.
2026-06-27 07:30:01,908 - INFO - Scraping TrendForce main news page...
2026-06-27 07:30:02,081 - INFO - Found 5 articles on page.
2026-06-27 07:30:02,082 - INFO - No new articles detected.
2026-06-27 08:00:01,239 - INFO - Scraping TrendForce main news page...
2026-06-27 08:00:01,445 - INFO - Found 5 articles on page.
2026-06-27 08:00:01,445 - INFO - No new articles detected.
2026-06-27 08:30:01,235 - INFO - Scraping TrendForce main news page...
2026-06-27 08:30:01,417 - INFO - Found 5 articles on page.
2026-06-27 08:30:01,417 - INFO - No new articles detected.
2026-06-27 09:00:01,870 - INFO - Scraping TrendForce main news page...
2026-06-27 09:00:02,077 - INFO - Found 5 articles on page.
2026-06-27 09:00:02,077 - INFO - No new articles detected.
2026-06-27 09:30:02,048 - INFO - Scraping TrendForce main news page...
2026-06-27 09:30:02,220 - INFO - Found 5 articles on page.
2026-06-27 09:30:02,220 - INFO - No new articles detected.
2026-06-27 10:00:01,631 - INFO - Scraping TrendForce main news page...
2026-06-27 10:00:01,804 - INFO - Found 5 articles on page.
2026-06-27 10:00:01,804 - INFO - No new articles detected.
2026-06-27 10:30:01,303 - INFO - Scraping TrendForce main news page...
2026-06-27 10:30:01,474 - INFO - Found 5 articles on page.
2026-06-27 10:30:01,474 - INFO - No new articles detected.
2026-06-27 11:00:01,786 - INFO - Scraping TrendForce main news page...
2026-06-27 11:00:01,954 - INFO - Found 5 articles on page.
2026-06-27 11:00:01,954 - INFO - No new articles detected.
2026-06-27 11:30:01,745 - INFO - Scraping TrendForce main news page...
2026-06-27 11:30:01,955 - INFO - Found 5 articles on page.
2026-06-27 11:30:01,956 - INFO - No new articles detected.
2026-06-27 12:00:01,951 - INFO - Scraping TrendForce main news page...
2026-06-27 12:00:02,061 - ERROR - Failed to fetch main news page. HTTP 502
2026-06-27 12:00:02,061 - ERROR - No articles found on main news page.
2026-06-27 12:30:01,650 - INFO - Scraping TrendForce main news page...
2026-06-27 12:30:01,823 - INFO - Found 5 articles on page.
2026-06-27 12:30:01,823 - INFO - No new articles detected.
2026-06-27 13:00:01,243 - INFO - Scraping TrendForce main news page...
2026-06-27 13:00:01,418 - INFO - Found 5 articles on page.
2026-06-27 13:00:01,418 - INFO - No new articles detected.
2026-06-27 13:30:01,258 - INFO - Scraping TrendForce main news page...
2026-06-27 13:30:01,431 - INFO - Found 5 articles on page.
2026-06-27 13:30:01,431 - INFO - No new articles detected.
2026-06-27 14:00:01,489 - INFO - Scraping TrendForce main news page...
2026-06-27 14:00:01,661 - INFO - Found 5 articles on page.
2026-06-27 14:00:01,661 - INFO - No new articles detected.
2026-06-27 14:30:01,762 - INFO - Scraping TrendForce main news page...
2026-06-27 14:30:01,975 - INFO - Found 5 articles on page.
2026-06-27 14:30:01,975 - INFO - No new articles detected.
2026-06-27 15:00:01,948 - INFO - Scraping TrendForce main news page...
2026-06-27 15:00:02,134 - INFO - Found 5 articles on page.
2026-06-27 15:00:02,135 - INFO - No new articles detected.
2026-06-27 15:30:02,067 - INFO - Scraping TrendForce main news page...
2026-06-27 15:30:02,245 - INFO - Found 5 articles on page.
2026-06-27 15:30:02,245 - INFO - No new articles detected.
2026-06-27 16:00:01,176 - INFO - Scraping TrendForce main news page...
2026-06-27 16:00:01,346 - INFO - Found 5 articles on page.
2026-06-27 16:00:01,346 - INFO - No new articles detected.
2026-06-27 16:30:01,973 - INFO - Scraping TrendForce main news page...
2026-06-27 16:30:02,171 - INFO - Found 5 articles on page.
2026-06-27 16:30:02,171 - INFO - No new articles detected.
2026-06-27 17:00:01,469 - INFO - Scraping TrendForce main news page...
2026-06-27 17:00:01,637 - INFO - Found 5 articles on page.
2026-06-27 17:00:01,637 - INFO - No new articles detected.
2026-06-27 17:30:01,988 - INFO - Scraping TrendForce main news page...
2026-06-27 17:30:02,204 - INFO - Found 5 articles on page.
2026-06-27 17:30:02,204 - INFO - No new articles detected.
2026-06-27 18:00:02,052 - INFO - Scraping TrendForce main news page...
2026-06-27 18:00:02,224 - INFO - Found 5 articles on page.
2026-06-27 18:00:02,224 - INFO - No new articles detected.
2026-06-27 18:30:01,341 - INFO - Scraping TrendForce main news page...
2026-06-27 18:30:01,516 - INFO - Found 5 articles on page.
2026-06-27 18:30:01,516 - INFO - No new articles detected.
2026-06-27 19:00:01,646 - INFO - Scraping TrendForce main news page...
2026-06-27 19:00:01,816 - INFO - Found 5 articles on page.
2026-06-27 19:00:01,816 - INFO - No new articles detected.
2026-06-27 19:30:01,116 - INFO - Scraping TrendForce main news page...
2026-06-27 19:30:01,285 - INFO - Found 5 articles on page.
2026-06-27 19:30:01,285 - INFO - No new articles detected.
2026-06-27 20:00:01,841 - INFO - Scraping TrendForce main news page...
2026-06-27 20:00:02,044 - INFO - Found 5 articles on page.
2026-06-27 20:00:02,044 - INFO - No new articles detected.
2026-06-27 20:30:01,167 - INFO - Scraping TrendForce main news page...
2026-06-27 20:30:01,346 - INFO - Found 5 articles on page.
2026-06-27 20:30:01,346 - INFO - No new articles detected.
2026-06-27 21:00:01,464 - INFO - Scraping TrendForce main news page...
2026-06-27 21:00:01,665 - INFO - Found 5 articles on page.
2026-06-27 21:00:01,665 - INFO - No new articles detected.
2026-06-27 21:30:02,081 - INFO - Scraping TrendForce main news page...
2026-06-27 21:30:02,258 - INFO - Found 5 articles on page.
2026-06-27 21:30:02,258 - INFO - No new articles detected.
2026-06-27 22:00:01,123 - INFO - Scraping TrendForce main news page...
2026-06-27 22:00:01,292 - INFO - Found 5 articles on page.
2026-06-27 22:00:01,292 - INFO - No new articles detected.
2026-06-27 22:30:01,413 - INFO - Scraping TrendForce main news page...
2026-06-27 22:30:01,586 - INFO - Found 5 articles on page.
2026-06-27 22:30:01,586 - INFO - No new articles detected.
2026-06-27 23:00:01,124 - INFO - Scraping TrendForce main news page...
2026-06-27 23:00:01,295 - INFO - Found 5 articles on page.
2026-06-27 23:00:01,295 - INFO - No new articles detected.
2026-06-27 23:30:01,502 - INFO - Scraping TrendForce main news page...
2026-06-27 23:30:01,705 - INFO - Found 5 articles on page.
2026-06-27 23:30:01,705 - INFO - No new articles detected.
2026-06-28 00:00:01,366 - INFO - Scraping TrendForce main news page...
2026-06-28 00:00:01,535 - INFO - Found 5 articles on page.
2026-06-28 00:00:01,535 - INFO - No new articles detected.
2026-06-28 00:30:01,991 - INFO - Scraping TrendForce main news page...
2026-06-28 00:30:02,164 - INFO - Found 5 articles on page.
2026-06-28 00:30:02,164 - INFO - No new articles detected.
2026-06-28 01:00:02,097 - INFO - Scraping TrendForce main news page...
2026-06-28 01:00:02,299 - INFO - Found 5 articles on page.
2026-06-28 01:00:02,299 - INFO - No new articles detected.
2026-06-28 01:30:01,388 - INFO - Scraping TrendForce main news page...
2026-06-28 01:30:01,566 - INFO - Found 5 articles on page.
2026-06-28 01:30:01,567 - INFO - No new articles detected.
2026-06-28 02:00:01,335 - INFO - Scraping TrendForce main news page...
2026-06-28 02:00:01,539 - INFO - Found 5 articles on page.
2026-06-28 02:00:01,539 - INFO - No new articles detected.
2026-06-28 02:30:01,577 - INFO - Scraping TrendForce main news page...
2026-06-28 02:30:01,761 - INFO - Found 5 articles on page.
2026-06-28 02:30:01,761 - INFO - No new articles detected.
2026-06-28 03:00:01,664 - INFO - Scraping TrendForce main news page...
2026-06-28 03:00:01,830 - INFO - Found 5 articles on page.
2026-06-28 03:00:01,830 - INFO - No new articles detected.
2026-06-28 03:30:01,919 - INFO - Scraping TrendForce main news page...
2026-06-28 03:30:02,086 - INFO - Found 5 articles on page.
2026-06-28 03:30:02,086 - INFO - No new articles detected.
2026-06-28 04:00:01,470 - INFO - Scraping TrendForce main news page...
2026-06-28 04:00:01,643 - INFO - Found 5 articles on page.
2026-06-28 04:00:01,643 - INFO - No new articles detected.
2026-06-28 04:30:01,432 - INFO - Scraping TrendForce main news page...
2026-06-28 04:30:01,691 - INFO - Found 5 articles on page.
2026-06-28 04:30:01,692 - INFO - No new articles detected.
2026-06-28 05:00:01,193 - INFO - Scraping TrendForce main news page...
2026-06-28 05:00:01,360 - INFO - Found 5 articles on page.
2026-06-28 05:00:01,360 - INFO - No new articles detected.
2026-06-28 05:30:02,086 - INFO - Scraping TrendForce main news page...
2026-06-28 05:30:02,265 - INFO - Found 5 articles on page.
2026-06-28 05:30:02,265 - INFO - No new articles detected.
2026-06-28 06:00:01,255 - INFO - Scraping TrendForce main news page...
2026-06-28 06:00:01,464 - INFO - Found 5 articles on page.
2026-06-28 06:00:01,464 - INFO - No new articles detected.
2026-06-28 06:30:01,495 - INFO - Scraping TrendForce main news page...
2026-06-28 06:30:01,672 - INFO - Found 5 articles on page.
2026-06-28 06:30:01,672 - INFO - No new articles detected.
2026-06-28 07:00:02,076 - INFO - Scraping TrendForce main news page...
2026-06-28 07:00:02,249 - INFO - Found 5 articles on page.
2026-06-28 07:00:02,249 - INFO - No new articles detected.
2026-06-28 07:30:01,202 - INFO - Scraping TrendForce main news page...
2026-06-28 07:30:01,428 - INFO - Found 5 articles on page.
2026-06-28 07:30:01,428 - INFO - No new articles detected.
2026-06-28 08:00:01,901 - INFO - Scraping TrendForce main news page...
2026-06-28 08:00:02,140 - INFO - Found 5 articles on page.
2026-06-28 08:00:02,141 - INFO - No new articles detected.
2026-06-28 08:30:01,146 - INFO - Scraping TrendForce main news page...
2026-06-28 08:30:01,322 - INFO - Found 5 articles on page.
2026-06-28 08:30:01,322 - INFO - No new articles detected.
2026-06-28 09:00:02,061 - INFO - Scraping TrendForce main news page...
2026-06-28 09:00:02,264 - INFO - Found 5 articles on page.
2026-06-28 09:00:02,264 - INFO - No new articles detected.
2026-06-28 09:30:01,764 - INFO - Scraping TrendForce main news page...
2026-06-28 09:30:01,963 - INFO - Found 5 articles on page.
2026-06-28 09:30:01,963 - INFO - No new articles detected.
2026-06-28 10:00:01,297 - INFO - Scraping TrendForce main news page...
2026-06-28 10:00:01,471 - INFO - Found 5 articles on page.
2026-06-28 10:00:01,471 - INFO - No new articles detected.
2026-06-28 10:30:01,410 - INFO - Scraping TrendForce main news page...
2026-06-28 10:30:01,605 - INFO - Found 5 articles on page.
2026-06-28 10:30:01,605 - INFO - No new articles detected.
2026-06-28 11:00:01,390 - INFO - Scraping TrendForce main news page...
2026-06-28 11:00:01,598 - INFO - Found 5 articles on page.
2026-06-28 11:00:01,598 - INFO - No new articles detected.
2026-06-28 11:30:01,931 - INFO - Scraping TrendForce main news page...
2026-06-28 11:30:02,103 - INFO - Found 5 articles on page.
2026-06-28 11:30:02,103 - INFO - No new articles detected.
2026-06-28 12:00:01,549 - INFO - Scraping TrendForce main news page...
2026-06-28 12:00:01,662 - ERROR - Failed to fetch main news page. HTTP 502
2026-06-28 12:00:01,662 - ERROR - No articles found on main news page.
2026-06-28 12:30:02,055 - INFO - Scraping TrendForce main news page...
2026-06-28 12:30:02,231 - INFO - Found 5 articles on page.
2026-06-28 12:30:02,231 - INFO - No new articles detected.
2026-06-28 13:00:01,555 - INFO - Scraping TrendForce main news page...
2026-06-28 13:00:01,725 - INFO - Found 5 articles on page.
2026-06-28 13:00:01,726 - INFO - No new articles detected.
2026-06-28 13:30:01,136 - INFO - Scraping TrendForce main news page...
2026-06-28 13:30:01,350 - INFO - Found 5 articles on page.
2026-06-28 13:30:01,350 - INFO - No new articles detected.
2026-06-28 14:00:01,861 - INFO - Scraping TrendForce main news page...
2026-06-28 14:00:02,062 - INFO - Found 5 articles on page.
2026-06-28 14:00:02,062 - INFO - No new articles detected.
2026-06-28 14:30:01,329 - INFO - Scraping TrendForce main news page...
2026-06-28 14:30:01,498 - INFO - Found 5 articles on page.
2026-06-28 14:30:01,498 - INFO - No new articles detected.
2026-06-28 15:00:01,992 - INFO - Scraping TrendForce main news page...
2026-06-28 15:00:02,162 - INFO - Found 5 articles on page.
2026-06-28 15:00:02,162 - INFO - No new articles detected.
2026-06-28 15:30:01,984 - INFO - Scraping TrendForce main news page...
2026-06-28 15:30:02,195 - INFO - Found 5 articles on page.
2026-06-28 15:30:02,195 - INFO - No new articles detected.
2026-06-28 16:00:01,449 - INFO - Scraping TrendForce main news page...
2026-06-28 16:00:01,621 - INFO - Found 5 articles on page.
2026-06-28 16:00:01,621 - INFO - No new articles detected.
2026-06-28 16:30:01,409 - INFO - Scraping TrendForce main news page...
2026-06-28 16:30:01,615 - INFO - Found 5 articles on page.
2026-06-28 16:30:01,615 - INFO - No new articles detected.
2026-06-28 17:00:01,797 - INFO - Scraping TrendForce main news page...
2026-06-28 17:00:01,967 - INFO - Found 5 articles on page.
2026-06-28 17:00:01,967 - INFO - No new articles detected.
2026-06-28 17:30:01,148 - INFO - Scraping TrendForce main news page...
2026-06-28 17:30:01,316 - INFO - Found 5 articles on page.
2026-06-28 17:30:01,316 - INFO - No new articles detected.
2026-06-28 18:00:01,229 - INFO - Scraping TrendForce main news page...
2026-06-28 18:00:01,404 - INFO - Found 5 articles on page.
2026-06-28 18:00:01,404 - INFO - No new articles detected.
2026-06-28 18:30:01,525 - INFO - Scraping TrendForce main news page...
2026-06-28 18:30:01,735 - INFO - Found 5 articles on page.
2026-06-28 18:30:01,735 - INFO - No new articles detected.
2026-06-28 19:00:02,067 - INFO - Scraping TrendForce main news page...
2026-06-28 19:00:02,238 - INFO - Found 5 articles on page.
2026-06-28 19:00:02,238 - INFO - No new articles detected.
2026-06-28 19:30:01,223 - INFO - Scraping TrendForce main news page...
2026-06-28 19:30:01,421 - INFO - Found 5 articles on page.
2026-06-28 19:30:01,421 - INFO - No new articles detected.
2026-06-28 20:00:01,568 - INFO - Scraping TrendForce main news page...
2026-06-28 20:00:01,735 - INFO - Found 5 articles on page.
2026-06-28 20:00:01,736 - INFO - No new articles detected.
2026-06-28 20:30:01,751 - INFO - Scraping TrendForce main news page...
2026-06-28 20:30:01,923 - INFO - Found 5 articles on page.
2026-06-28 20:30:01,923 - INFO - No new articles detected.
2026-06-28 21:00:02,077 - INFO - Scraping TrendForce main news page...
2026-06-28 21:00:02,250 - INFO - Found 5 articles on page.
2026-06-28 21:00:02,250 - INFO - No new articles detected.
2026-06-28 21:30:01,285 - INFO - Scraping TrendForce main news page...
2026-06-28 21:30:01,462 - INFO - Found 5 articles on page.
2026-06-28 21:30:01,462 - INFO - No new articles detected.
2026-06-28 22:00:01,356 - INFO - Scraping TrendForce main news page...
2026-06-28 22:00:01,542 - INFO - Found 5 articles on page.
2026-06-28 22:00:01,542 - INFO - No new articles detected.
2026-06-28 22:30:01,385 - INFO - Scraping TrendForce main news page...
2026-06-28 22:30:01,568 - INFO - Found 5 articles on page.
2026-06-28 22:30:01,568 - INFO - No new articles detected.
2026-06-28 23:00:02,021 - INFO - Scraping TrendForce main news page...
2026-06-28 23:00:02,197 - INFO - Found 5 articles on page.
2026-06-28 23:00:02,197 - INFO - No new articles detected.
2026-06-28 23:30:01,491 - INFO - Scraping TrendForce main news page...
2026-06-28 23:30:01,667 - INFO - Found 5 articles on page.
2026-06-28 23:30:01,667 - INFO - No new articles detected.
2026-06-29 00:00:01,940 - INFO - Scraping TrendForce main news page...
2026-06-29 00:00:02,113 - INFO - Found 5 articles on page.
2026-06-29 00:00:02,113 - INFO - No new articles detected.
2026-06-29 00:30:01,772 - INFO - Scraping TrendForce main news page...
2026-06-29 00:30:01,949 - INFO - Found 5 articles on page.
2026-06-29 00:30:01,949 - INFO - No new articles detected.
2026-06-29 01:00:01,923 - INFO - Scraping TrendForce main news page...
2026-06-29 01:00:02,094 - INFO - Found 5 articles on page.
2026-06-29 01:00:02,094 - INFO - No new articles detected.
2026-06-29 01:30:01,209 - INFO - Scraping TrendForce main news page...
2026-06-29 01:30:01,381 - INFO - Found 5 articles on page.
2026-06-29 01:30:01,381 - INFO - No new articles detected.
2026-06-29 02:00:01,926 - INFO - Scraping TrendForce main news page...
2026-06-29 02:00:02,095 - INFO - Found 5 articles on page.
2026-06-29 02:00:02,095 - INFO - No new articles detected.
2026-06-29 02:30:01,653 - INFO - Scraping TrendForce main news page...
2026-06-29 02:30:01,871 - INFO - Found 5 articles on page.
2026-06-29 02:30:01,871 - INFO - No new articles detected.
2026-06-29 03:00:01,520 - INFO - Scraping TrendForce main news page...
2026-06-29 03:00:01,700 - INFO - Found 5 articles on page.
2026-06-29 03:00:01,700 - INFO - No new articles detected.
2026-06-29 03:30:01,315 - INFO - Scraping TrendForce main news page...
2026-06-29 03:30:01,482 - INFO - Found 5 articles on page.
2026-06-29 03:30:01,482 - INFO - No new articles detected.
2026-06-29 04:00:01,817 - INFO - Scraping TrendForce main news page...
2026-06-29 04:00:01,992 - INFO - Found 5 articles on page.
2026-06-29 04:00:01,992 - INFO - No new articles detected.
2026-06-29 04:30:01,151 - INFO - Scraping TrendForce main news page...
2026-06-29 04:30:01,327 - INFO - Found 5 articles on page.
2026-06-29 04:30:01,327 - INFO - No new articles detected.
2026-06-29 05:00:01,163 - INFO - Scraping TrendForce main news page...
2026-06-29 05:00:01,333 - INFO - Found 5 articles on page.
2026-06-29 05:00:01,333 - INFO - No new articles detected.
2026-06-29 05:30:01,932 - INFO - Scraping TrendForce main news page...
2026-06-29 05:30:02,115 - INFO - Found 5 articles on page.
2026-06-29 05:30:02,115 - INFO - No new articles detected.
2026-06-29 06:00:01,460 - INFO - Scraping TrendForce main news page...
2026-06-29 06:00:01,633 - INFO - Found 5 articles on page.
2026-06-29 06:00:01,633 - INFO - No new articles detected.
2026-06-29 06:30:01,456 - INFO - Scraping TrendForce main news page...
2026-06-29 06:30:01,627 - INFO - Found 5 articles on page.
2026-06-29 06:30:01,627 - INFO - No new articles detected.
2026-06-29 07:00:01,197 - INFO - Scraping TrendForce main news page...
2026-06-29 07:00:01,372 - INFO - Found 5 articles on page.
2026-06-29 07:00:01,372 - INFO - No new articles detected.
2026-06-29 07:30:01,233 - INFO - Scraping TrendForce main news page...
2026-06-29 07:30:01,400 - INFO - Found 5 articles on page.
2026-06-29 07:30:01,401 - INFO - No new articles detected.
2026-06-29 08:00:01,717 - INFO - Scraping TrendForce main news page...
2026-06-29 08:00:01,924 - INFO - Found 5 articles on page.
2026-06-29 08:00:01,925 - INFO - No new articles detected.
2026-06-29 08:30:01,215 - INFO - Scraping TrendForce main news page...
2026-06-29 08:30:01,407 - INFO - Found 5 articles on page.
2026-06-29 08:30:01,407 - INFO - No new articles detected.
2026-06-29 09:00:01,632 - INFO - Scraping TrendForce main news page...
2026-06-29 09:00:01,901 - INFO - Found 5 articles on page.
2026-06-29 09:00:01,901 - INFO - Processing new article: [News] Asian Memory Makers Turn to U.S. Capital Markets: SK hynix and Kioxia Advance ADR Plans
2026-06-29 09:00:15,757 - INFO - Sending full-text alert to Telegram chat -1003843549676...
2026-06-29 09:00:16,870 - INFO - Telegram alert sent successfully.
2026-06-29 09:00:18,870 - INFO - State saved. Added 1 articles to seen list (processed 1).
2026-06-29 09:30:01,438 - INFO - Scraping TrendForce main news page...
2026-06-29 09:30:01,927 - INFO - Found 5 articles on page.
2026-06-29 09:30:01,927 - INFO - Processing new article: [News] Mapping the Micro LED Optical Interconnect Ecosystem
2026-06-29 09:30:31,314 - INFO - Sending full-text alert to Telegram chat -1003843549676...
2026-06-29 09:30:36,709 - INFO - Telegram alert sent successfully.
2026-06-29 09:30:38,709 - INFO - State saved. Added 1 articles to seen list (processed 1).
2026-06-29 10:00:01,619 - INFO - Scraping TrendForce main news page...
2026-06-29 10:00:01,840 - INFO - Found 5 articles on page.
2026-06-29 10:00:01,840 - INFO - No new articles detected.
2026-06-29 10:30:01,991 - INFO - Scraping TrendForce main news page...
2026-06-29 10:30:02,321 - INFO - Found 5 articles on page.
2026-06-29 10:30:02,321 - INFO - Processing new article: [Sponsored Content] Where Do You Stand as AI Reshapes Industries?
2026-06-29 10:30:21,956 - INFO - Sending full-text alert to Telegram chat -1003843549676...
2026-06-29 10:30:23,379 - INFO - Telegram alert sent successfully.
2026-06-29 10:30:25,380 - INFO - State saved. Added 1 articles to seen list (processed 1).
2026-06-29 11:00:01,733 - INFO - Scraping TrendForce main news page...
2026-06-29 11:00:02,107 - INFO - Found 5 articles on page.
2026-06-29 11:00:02,107 - INFO - Processing new article: [News] TSMCŌĆÖs 2Q Margins Reportedly Near 70% amid Strong 3/5nm Demand, 3Q Revenue Seen Growing Over 10%
2026-06-29 11:00:13,902 - INFO - Sending full-text alert to Telegram chat -1003843549676...
2026-06-29 11:00:14,959 - INFO - Telegram alert sent successfully.
2026-06-29 11:00:16,959 - INFO - State saved. Added 1 articles to seen list (processed 1).
2026-06-29 11:30:02,007 - INFO - Scraping TrendForce main news page...
2026-06-29 11:30:02,338 - INFO - Found 5 articles on page.
2026-06-29 11:30:02,338 - INFO - No new articles detected.
2026-06-29 12:00:01,108 - INFO - Scraping TrendForce main news page...
2026-06-29 12:00:01,278 - ERROR - Failed to fetch main news page. HTTP 502
2026-06-29 12:00:01,279 - ERROR - No articles found on main news page.
2026-06-29 12:30:01,414 - INFO - Scraping TrendForce main news page...
2026-06-29 12:30:01,733 - INFO - Found 5 articles on page.
2026-06-29 12:30:01,734 - INFO - No new articles detected.
2026-06-29 13:00:01,476 - INFO - Scraping TrendForce main news page...
2026-06-29 13:00:01,775 - INFO - Found 5 articles on page.
2026-06-29 13:00:01,775 - INFO - No new articles detected.
2026-06-29 13:30:01,697 - INFO - Scraping TrendForce main news page...
2026-06-29 13:30:02,076 - INFO - Found 5 articles on page.
2026-06-29 13:30:02,076 - INFO - No new articles detected.
2026-06-29 14:00:02,039 - INFO - Scraping TrendForce main news page...
2026-06-29 14:00:02,355 - INFO - Found 5 articles on page.
2026-06-29 14:00:02,355 - INFO - No new articles detected.
2026-06-29 14:30:01,872 - INFO - Scraping TrendForce main news page...
2026-06-29 14:30:02,176 - INFO - Found 5 articles on page.
2026-06-29 14:30:02,176 - INFO - No new articles detected.
2026-06-29 15:00:01,894 - INFO - Scraping TrendForce main news page...
2026-06-29 15:00:02,160 - INFO - Found 5 articles on page.
2026-06-29 15:00:02,161 - INFO - No new articles detected.
2026-06-29 15:30:01,793 - INFO - Scraping TrendForce main news page...
2026-06-29 15:30:02,160 - INFO - Found 5 articles on page.
2026-06-29 15:30:02,160 - INFO - No new articles detected.
2026-06-29 16:00:02,003 - INFO - Scraping TrendForce main news page...
2026-06-29 16:00:02,339 - INFO - Found 5 articles on page.
2026-06-29 16:00:02,339 - INFO - No new articles detected.
2026-06-29 16:30:01,351 - INFO - Scraping TrendForce main news page...
2026-06-29 16:30:01,688 - INFO - Found 5 articles on page.
2026-06-29 16:30:01,689 - INFO - Processing new article: [News] Korea’s High-Purity COŌéé Inventory Reportedly Falls Below One Month; Samsung, SK hynix Under Pressure
2026-06-29 16:30:12,211 - INFO - Sending full-text alert to Telegram chat -1003843549676...
2026-06-29 16:30:13,282 - INFO - Telegram alert sent successfully.
2026-06-29 16:30:15,282 - INFO - State saved. Added 1 articles to seen list (processed 1).
2026-06-29 17:00:01,293 - INFO - Scraping TrendForce main news page...
2026-06-29 17:00:01,630 - INFO - Found 5 articles on page.
2026-06-29 17:00:01,630 - INFO - No new articles detected.
2026-06-29 17:30:01,497 - INFO - Scraping TrendForce main news page...
2026-06-29 17:30:01,843 - INFO - Found 5 articles on page.
2026-06-29 17:30:01,843 - INFO - No new articles detected.
2026-06-29 18:00:01,189 - INFO - Scraping TrendForce main news page...
2026-06-29 18:00:01,497 - INFO - Found 5 articles on page.
2026-06-29 18:00:01,497 - INFO - No new articles detected.
2026-06-29 18:30:01,124 - INFO - Scraping TrendForce main news page...
2026-06-29 18:30:01,396 - INFO - Found 5 articles on page.
2026-06-29 18:30:01,396 - INFO - Processing new article: [News] Samsung, SK hynix, Micron Face U.S. Class-Action Lawsuit Over Alleged DRAM Supply Manipulation
2026-06-29 18:30:10,206 - INFO - Sending full-text alert to Telegram chat -1003843549676...
2026-06-29 18:30:11,273 - INFO - Telegram alert sent successfully.
2026-06-29 18:30:13,274 - INFO - State saved. Added 1 articles to seen list (processed 1).
2026-06-29 19:00:01,114 - INFO - Scraping TrendForce main news page...
2026-06-29 19:00:01,373 - INFO - Found 5 articles on page.
2026-06-29 19:00:01,373 - INFO - No new articles detected.
2026-06-29 19:30:01,719 - INFO - Scraping TrendForce main news page...
2026-06-29 19:30:02,049 - INFO - Found 5 articles on page.
2026-06-29 19:30:02,049 - INFO - No new articles detected.
2026-06-29 20:00:01,322 - INFO - Scraping TrendForce main news page...
2026-06-29 20:00:01,567 - INFO - Found 5 articles on page.
2026-06-29 20:00:01,567 - INFO - No new articles detected.
2026-06-29 20:30:01,196 - INFO - Scraping TrendForce main news page...
2026-06-29 20:30:01,463 - INFO - Found 5 articles on page.
2026-06-29 20:30:01,463 - INFO - No new articles detected.
2026-06-29 21:00:01,367 - INFO - Scraping TrendForce main news page...
2026-06-29 21:00:01,656 - INFO - Found 5 articles on page.
2026-06-29 21:00:01,656 - INFO - No new articles detected.
2026-06-29 21:30:01,939 - INFO - Scraping TrendForce main news page...
2026-06-29 21:30:02,204 - INFO - Found 5 articles on page.
2026-06-29 21:30:02,204 - INFO - No new articles detected.
2026-06-29 22:00:01,425 - INFO - Scraping TrendForce main news page...
2026-06-29 22:00:01,688 - INFO - Found 5 articles on page.
2026-06-29 22:00:01,688 - INFO - No new articles detected.
2026-06-29 22:30:02,032 - INFO - Scraping TrendForce main news page...
2026-06-29 22:30:02,325 - INFO - Found 5 articles on page.
2026-06-29 22:30:02,325 - INFO - No new articles detected.
2026-06-29 23:00:01,897 - INFO - Scraping TrendForce main news page...
2026-06-29 23:00:02,151 - INFO - Found 5 articles on page.
2026-06-29 23:00:02,151 - INFO - No new articles detected.
2026-06-29 23:30:01,155 - INFO - Scraping TrendForce main news page...
2026-06-29 23:30:01,463 - INFO - Found 5 articles on page.
2026-06-29 23:30:01,463 - INFO - No new articles detected.
2026-06-30 00:00:01,360 - INFO - Scraping TrendForce main news page...
2026-06-30 00:00:01,609 - INFO - Found 5 articles on page.
2026-06-30 00:00:01,609 - INFO - No new articles detected.
2026-06-30 00:30:01,207 - INFO - Scraping TrendForce main news page...
2026-06-30 00:30:01,474 - INFO - Found 5 articles on page.
2026-06-30 00:30:01,474 - INFO - No new articles detected.
2026-06-30 01:00:01,747 - INFO - Scraping TrendForce main news page...
2026-06-30 01:00:02,146 - INFO - Found 5 articles on page.
2026-06-30 01:00:02,146 - INFO - No new articles detected.
2026-06-30 01:30:01,129 - INFO - Scraping TrendForce main news page...
2026-06-30 01:30:01,421 - INFO - Found 5 articles on page.
2026-06-30 01:30:01,421 - INFO - No new articles detected.
2026-06-30 02:00:01,608 - INFO - Scraping TrendForce main news page...
2026-06-30 02:00:01,861 - INFO - Found 5 articles on page.
2026-06-30 02:00:01,861 - INFO - No new articles detected.
2026-06-30 02:30:02,044 - INFO - Scraping TrendForce main news page...
2026-06-30 02:30:02,352 - INFO - Found 5 articles on page.
2026-06-30 02:30:02,352 - INFO - No new articles detected.
2026-06-30 03:00:01,988 - INFO - Scraping TrendForce main news page...
2026-06-30 03:00:02,252 - INFO - Found 5 articles on page.
2026-06-30 03:00:02,252 - INFO - No new articles detected.
2026-06-30 03:30:01,664 - INFO - Scraping TrendForce main news page...
2026-06-30 03:30:01,927 - INFO - Found 5 articles on page.
2026-06-30 03:30:01,927 - INFO - No new articles detected.
2026-06-30 04:00:01,131 - INFO - Scraping TrendForce main news page...
2026-06-30 04:00:01,424 - INFO - Found 5 articles on page.
2026-06-30 04:00:01,424 - INFO - No new articles detected.
2026-06-30 04:30:01,860 - INFO - Scraping TrendForce main news page...
2026-06-30 04:30:02,134 - INFO - Found 5 articles on page.
2026-06-30 04:30:02,134 - INFO - No new articles detected.
2026-06-30 05:00:01,214 - INFO - Scraping TrendForce main news page...
2026-06-30 05:00:01,477 - INFO - Found 5 articles on page.
2026-06-30 05:00:01,477 - INFO - No new articles detected.
2026-06-30 05:30:01,193 - INFO - Scraping TrendForce main news page...
2026-06-30 05:30:01,482 - INFO - Found 5 articles on page.
2026-06-30 05:30:01,482 - INFO - No new articles detected.
2026-06-30 06:00:01,766 - INFO - Scraping TrendForce main news page...
2026-06-30 06:00:02,025 - INFO - Found 5 articles on page.
2026-06-30 06:00:02,025 - INFO - No new articles detected.
2026-06-30 06:30:01,305 - INFO - Scraping TrendForce main news page...
2026-06-30 06:30:01,588 - INFO - Found 5 articles on page.
2026-06-30 06:30:01,589 - INFO - No new articles detected.
2026-06-30 07:00:01,742 - INFO - Scraping TrendForce main news page...
2026-06-30 07:00:02,022 - INFO - Found 5 articles on page.
2026-06-30 07:00:02,022 - INFO - No new articles detected.
2026-06-30 07:30:02,014 - INFO - Scraping TrendForce main news page...
2026-06-30 07:30:02,264 - INFO - Found 5 articles on page.
2026-06-30 07:30:02,264 - INFO - No new articles detected.
2026-06-30 08:00:01,364 - INFO - Scraping TrendForce main news page...
2026-06-30 08:00:01,705 - INFO - Found 5 articles on page.
2026-06-30 08:00:01,705 - INFO - No new articles detected.
2026-06-30 08:30:01,390 - INFO - Scraping TrendForce main news page...
2026-06-30 08:30:01,712 - INFO - Found 5 articles on page.
2026-06-30 08:30:01,712 - INFO - No new articles detected.
2026-06-30 09:00:01,645 - INFO - Scraping TrendForce main news page...
2026-06-30 09:00:01,948 - INFO - Found 5 articles on page.
2026-06-30 09:00:01,948 - INFO - Processing new article: [News] China Signs First Domestic Ultra Wide Bandgap Semiconductor Full-Chain Project
2026-06-30 09:00:11,476 - INFO - Sending full-text alert to Telegram chat -1003843549676...
2026-06-30 09:00:12,562 - INFO - Telegram alert sent successfully.
2026-06-30 09:00:14,562 - INFO - State saved. Added 1 articles to seen list (processed 1).
2026-06-30 09:30:01,999 - INFO - Scraping TrendForce main news page...
2026-06-30 09:30:02,332 - INFO - Found 5 articles on page.
2026-06-30 09:30:02,332 - INFO - No new articles detected.
2026-06-30 10:00:01,839 - INFO - Scraping TrendForce main news page...
2026-06-30 10:00:02,226 - INFO - Found 5 articles on page.
2026-06-30 10:00:02,227 - INFO - Processing new article: [News] Goertek-Backed 12-Inch AR Optical Wafer Fab Commenced Production
2026-06-30 10:00:17,136 - INFO - Sending full-text alert to Telegram chat -1003843549676...
2026-06-30 10:00:18,244 - INFO - Telegram alert sent successfully.
2026-06-30 10:00:20,245 - INFO - State saved. Added 1 articles to seen list (processed 1).
2026-06-30 10:30:01,800 - INFO - Scraping TrendForce main news page...
2026-06-30 10:30:02,074 - INFO - Found 5 articles on page.
2026-06-30 10:30:02,074 - INFO - No new articles detected.
2026-06-30 11:00:01,590 - INFO - Scraping TrendForce main news page...
2026-06-30 11:00:01,844 - INFO - Found 5 articles on page.
2026-06-30 11:00:01,844 - INFO - No new articles detected.
2026-06-30 11:30:02,028 - INFO - Scraping TrendForce main news page...
2026-06-30 11:30:02,288 - INFO - Found 5 articles on page.
2026-06-30 11:30:02,289 - INFO - Processing new article: [News] Samsung, SK hynix 800 Trillion Won Expansion Strains Chipmaking Tool Supply, Potentially Pressures TSMC, Intel
2026-06-30 11:30:17,220 - INFO - Sending full-text alert to Telegram chat -1003843549676...
2026-06-30 11:30:18,263 - INFO - Telegram alert sent successfully.
2026-06-30 11:30:20,263 - INFO - State saved. Added 1 articles to seen list (processed 1).
2026-06-30 12:00:01,346 - INFO - Scraping TrendForce main news page...
2026-06-30 12:00:01,559 - INFO - Found 5 articles on page.
2026-06-30 12:00:01,559 - INFO - No new articles detected.
2026-06-30 12:30:02,084 - INFO - Scraping TrendForce main news page...
2026-06-30 12:30:02,277 - INFO - Found 5 articles on page.
2026-06-30 12:30:02,277 - INFO - Processing new article: [News] ByteDance Reportedly Eyes Next-Gen In-House CPU for 2H27 Mass Production; May Partner With Qualcomm
2026-06-30 12:30:17,846 - INFO - Sending full-text alert to Telegram chat -1003843549676...
2026-06-30 12:30:18,951 - INFO - Telegram alert sent successfully.
2026-06-30 12:30:20,951 - INFO - State saved. Added 1 articles to seen list (processed 1).
2026-06-30 13:00:01,245 - INFO - Scraping TrendForce main news page...
2026-06-30 13:00:01,441 - INFO - Found 5 articles on page.
2026-06-30 13:00:01,441 - INFO - Processing new article: [News] Samsung Reportedly Restarts 1.4nm Push, Targets 2029 Mass Production to Close Gap with TSMC, Intel
2026-06-30 13:00:12,341 - INFO - Sending full-text alert to Telegram chat -1003843549676...
2026-06-30 13:00:13,433 - INFO - Telegram alert sent successfully.
2026-06-30 13:00:15,433 - INFO - State saved. Added 1 articles to seen list (processed 1).
2026-06-30 13:30:01,847 - INFO - Scraping TrendForce main news page...
2026-06-30 13:30:02,045 - INFO - Found 5 articles on page.
2026-06-30 13:30:02,045 - INFO - No new articles detected.
2026-06-30 14:00:01,730 - INFO - Scraping TrendForce main news page...
2026-06-30 14:00:01,994 - INFO - Found 5 articles on page.
2026-06-30 14:00:01,994 - INFO - No new articles detected.
2026-06-30 14:30:01,699 - INFO - Scraping TrendForce main news page...
2026-06-30 14:30:01,904 - INFO - Found 5 articles on page.
2026-06-30 14:30:01,904 - INFO - No new articles detected.
2026-06-30 15:00:01,224 - INFO - Scraping TrendForce main news page...
2026-06-30 15:00:01,460 - INFO - Found 5 articles on page.
2026-06-30 15:00:01,460 - INFO - No new articles detected.
2026-06-30 15:30:01,278 - INFO - Scraping TrendForce main news page...
2026-06-30 15:30:01,487 - INFO - Found 5 articles on page.
2026-06-30 15:30:01,487 - INFO - No new articles detected.
2026-06-30 16:00:01,576 - INFO - Scraping TrendForce main news page...
2026-06-30 16:00:01,753 - INFO - Found 5 articles on page.
2026-06-30 16:00:01,753 - INFO - No new articles detected.
2026-06-30 16:30:01,322 - INFO - Scraping TrendForce main news page...
2026-06-30 16:30:01,492 - INFO - Found 5 articles on page.
2026-06-30 16:30:01,492 - INFO - No new articles detected.
2026-06-30 17:00:01,749 - INFO - Scraping TrendForce main news page...
2026-06-30 17:00:01,923 - INFO - Found 5 articles on page.
2026-06-30 17:00:01,923 - INFO - Processing new article: [News] Raw Material Inflation Deepens: FULLTECH Hikes Glass Fiber Cloth Prices Up to 30%; VPEC Adjusts Epi Wafer Prices
2026-06-30 17:00:10,119 - INFO - Sending full-text alert to Telegram chat -1003843549676...
2026-06-30 17:00:11,158 - INFO - Telegram alert sent successfully.
2026-06-30 17:00:13,158 - INFO - State saved. Added 1 articles to seen list (processed 1).
2026-06-30 17:30:01,497 - INFO - Scraping TrendForce main news page...
2026-06-30 17:30:01,716 - INFO - Found 5 articles on page.
2026-06-30 17:30:01,716 - INFO - No new articles detected.
2026-06-30 18:00:01,476 - INFO - Scraping TrendForce main news page...
2026-06-30 18:00:01,650 - INFO - Found 5 articles on page.
2026-06-30 18:00:01,650 - INFO - No new articles detected.
2026-06-30 18:30:01,576 - INFO - Scraping TrendForce main news page...
2026-06-30 18:30:01,756 - INFO - Found 5 articles on page.
2026-06-30 18:30:01,756 - INFO - No new articles detected.
2026-06-30 19:00:01,639 - INFO - Scraping TrendForce main news page...
2026-06-30 19:00:01,846 - INFO - Found 5 articles on page.
2026-06-30 19:00:01,846 - INFO - No new articles detected.
2026-06-30 19:30:01,503 - INFO - Scraping TrendForce main news page...
2026-06-30 19:30:01,726 - INFO - Found 5 articles on page.
2026-06-30 19:30:01,726 - INFO - No new articles detected.
2026-06-30 20:00:01,188 - INFO - Scraping TrendForce main news page...
2026-06-30 20:00:01,382 - INFO - Found 5 articles on page.
2026-06-30 20:00:01,382 - INFO - No new articles detected.
2026-06-30 20:30:01,608 - INFO - Scraping TrendForce main news page...
2026-06-30 20:30:01,832 - INFO - Found 5 articles on page.
2026-06-30 20:30:01,832 - INFO - No new articles detected.
2026-06-30 21:00:01,686 - INFO - Scraping TrendForce main news page...
2026-06-30 21:00:01,886 - INFO - Found 5 articles on page.
2026-06-30 21:00:01,886 - INFO - No new articles detected.
2026-06-30 21:30:01,733 - INFO - Scraping TrendForce main news page...
2026-06-30 21:30:01,906 - INFO - Found 5 articles on page.
2026-06-30 21:30:01,906 - INFO - No new articles detected.
2026-06-30 22:00:02,079 - INFO - Scraping TrendForce main news page...
2026-06-30 22:00:02,249 - INFO - Found 5 articles on page.
2026-06-30 22:00:02,249 - INFO - No new articles detected.
2026-06-30 22:30:01,652 - INFO - Scraping TrendForce main news page...
2026-06-30 22:30:01,859 - INFO - Found 5 articles on page.
2026-06-30 22:30:01,859 - INFO - No new articles detected.
2026-06-30 23:00:01,323 - INFO - Scraping TrendForce main news page...
2026-06-30 23:00:01,498 - INFO - Found 5 articles on page.
2026-06-30 23:00:01,498 - INFO - No new articles detected.
2026-06-30 23:30:02,023 - INFO - Scraping TrendForce main news page...
2026-06-30 23:30:02,205 - INFO - Found 5 articles on page.
2026-06-30 23:30:02,206 - INFO - No new articles detected.
2026-07-01 00:00:01,247 - INFO - Scraping TrendForce main news page...
2026-07-01 00:00:01,416 - INFO - Found 5 articles on page.
2026-07-01 00:00:01,416 - INFO - No new articles detected.
2026-07-01 00:30:01,198 - INFO - Scraping TrendForce main news page...
2026-07-01 00:30:01,408 - INFO - Found 5 articles on page.
2026-07-01 00:30:01,409 - INFO - No new articles detected.
2026-07-01 01:00:01,357 - INFO - Scraping TrendForce main news page...
2026-07-01 01:00:01,541 - INFO - Found 5 articles on page.
2026-07-01 01:00:01,541 - INFO - No new articles detected.
2026-07-01 01:30:01,761 - INFO - Scraping TrendForce main news page...
2026-07-01 01:30:01,962 - INFO - Found 5 articles on page.
2026-07-01 01:30:01,962 - INFO - No new articles detected.
2026-07-01 02:00:01,499 - INFO - Scraping TrendForce main news page...
2026-07-01 02:00:01,704 - INFO - Found 5 articles on page.
2026-07-01 02:00:01,704 - INFO - No new articles detected.
2026-07-01 02:30:01,301 - INFO - Scraping TrendForce main news page...
2026-07-01 02:30:01,474 - INFO - Found 5 articles on page.
2026-07-01 02:30:01,475 - INFO - No new articles detected.
2026-07-01 03:00:01,652 - INFO - Scraping TrendForce main news page...
2026-07-01 03:00:01,816 - INFO - Found 5 articles on page.
2026-07-01 03:00:01,816 - INFO - No new articles detected.
2026-07-01 03:30:01,615 - INFO - Scraping TrendForce main news page...
2026-07-01 03:30:01,816 - INFO - Found 5 articles on page.
2026-07-01 03:30:01,816 - INFO - No new articles detected.
2026-07-01 04:00:01,163 - INFO - Scraping TrendForce main news page...
2026-07-01 04:00:01,334 - INFO - Found 5 articles on page.
2026-07-01 04:00:01,334 - INFO - No new articles detected.
2026-07-01 04:30:01,546 - INFO - Scraping TrendForce main news page...
2026-07-01 04:30:01,720 - INFO - Found 5 articles on page.
2026-07-01 04:30:01,720 - INFO - No new articles detected.
2026-07-01 05:00:01,785 - INFO - Scraping TrendForce main news page...
2026-07-01 05:00:01,956 - INFO - Found 5 articles on page.
2026-07-01 05:00:01,956 - INFO - No new articles detected.
2026-07-01 05:30:01,944 - INFO - Scraping TrendForce main news page...
2026-07-01 05:30:02,237 - INFO - Found 5 articles on page.
2026-07-01 05:30:02,237 - INFO - No new articles detected.
2026-07-01 06:00:01,692 - INFO - Scraping TrendForce main news page...
2026-07-01 06:00:01,997 - INFO - Found 5 articles on page.
2026-07-01 06:00:01,997 - INFO - No new articles detected.
2026-07-01 06:30:02,083 - INFO - Scraping TrendForce main news page...
2026-07-01 06:30:02,290 - INFO - Found 5 articles on page.
2026-07-01 06:30:02,290 - INFO - No new articles detected.
2026-07-01 07:00:01,716 - INFO - Scraping TrendForce main news page...
2026-07-01 07:00:01,893 - INFO - Found 5 articles on page.
2026-07-01 07:00:01,893 - INFO - No new articles detected.
2026-07-01 07:30:02,079 - INFO - Scraping TrendForce main news page...
2026-07-01 07:30:02,310 - INFO - Found 5 articles on page.
2026-07-01 07:30:02,311 - INFO - No new articles detected.
2026-07-01 08:00:01,395 - INFO - Scraping TrendForce main news page...
2026-07-01 08:00:01,636 - INFO - Found 5 articles on page.
2026-07-01 08:00:01,636 - INFO - No new articles detected.
2026-07-01 08:30:01,831 - INFO - Scraping TrendForce main news page...
2026-07-01 08:30:02,038 - INFO - Found 5 articles on page.
2026-07-01 08:30:02,038 - INFO - No new articles detected.
2026-07-01 09:00:01,438 - INFO - Scraping TrendForce main news page...
2026-07-01 09:00:01,703 - INFO - Found 5 articles on page.
2026-07-01 09:00:01,703 - INFO - Processing new article: [News] Samsung Electro-Mechanics Lands KRW 450B 1-Year MLCC Contract as AI Spurs Long-Term Agreements
2026-07-01 09:00:09,563 - INFO - Sending full-text alert to Telegram chat -1003843549676...
2026-07-01 09:00:10,652 - INFO - Telegram alert sent successfully.
2026-07-01 09:00:12,652 - INFO - State saved. Added 1 articles to seen list (processed 1).
2026-07-01 09:30:01,427 - INFO - Scraping TrendForce main news page...
2026-07-01 09:30:01,631 - INFO - Found 5 articles on page.
2026-07-01 09:30:01,631 - INFO - No new articles detected.
2026-07-01 10:00:02,050 - INFO - Scraping TrendForce main news page...
2026-07-01 10:00:02,219 - INFO - Found 5 articles on page.
2026-07-01 10:00:02,219 - INFO - Processing new article: [News] World’s First Mass-Production Line for 6-/8-Inch Homoepitaxial Gallium Oxide Wafers Comes Online
2026-07-01 10:00:13,264 - INFO - Sending full-text alert to Telegram chat -1003843549676...
2026-07-01 10:00:14,293 - INFO - Telegram alert sent successfully.
2026-07-01 10:00:16,293 - INFO - State saved. Added 1 articles to seen list (processed 1).
2026-07-01 10:30:02,096 - INFO - Scraping TrendForce main news page...
2026-07-01 10:30:02,317 - INFO - Found 5 articles on page.
2026-07-01 10:30:02,317 - INFO - No new articles detected.
2026-07-01 11:00:01,634 - INFO - Scraping TrendForce main news page...
2026-07-01 11:00:01,809 - INFO - Found 5 articles on page.
2026-07-01 11:00:01,809 - INFO - No new articles detected.
2026-07-01 11:30:01,762 - INFO - Scraping TrendForce main news page...
2026-07-01 11:30:01,928 - INFO - Found 5 articles on page.
2026-07-01 11:30:01,928 - INFO - No new articles detected.
2026-07-01 12:00:02,033 - INFO - Scraping TrendForce main news page...
2026-07-01 12:00:02,148 - ERROR - Failed to fetch main news page. HTTP 502
2026-07-01 12:00:02,148 - ERROR - No articles found on main news page.
2026-07-01 12:30:01,226 - INFO - Scraping TrendForce main news page...
2026-07-01 12:30:01,393 - INFO - Found 5 articles on page.
2026-07-01 12:30:01,393 - INFO - Detected 3 new articles. Limiting to the 2 most recent ones to avoid spam.
2026-07-01 12:30:01,393 - INFO - Processing new article: [News] Passive Component Prices Rise as YAGEO Reportedly Begins Broadest Capacitor Hike in Years on July 1
2026-07-01 12:30:13,904 - INFO - Sending full-text alert to Telegram chat -1003843549676...
2026-07-01 12:30:14,963 - INFO - Telegram alert sent successfully.
2026-07-01 12:30:16,963 - INFO - Processing new article: [Insights] Memory Spot Price Update: DRAM Spot Prices See Gains in Low-Density DDR4 and DDR3 Amid Sideways Market
2026-07-01 12:30:21,661 - INFO - Sending full-text alert to Telegram chat -1003843549676...
2026-07-01 12:30:22,717 - INFO - Telegram alert sent successfully.
2026-07-01 12:30:24,717 - INFO - State saved. Added 3 articles to seen list (processed 2).
2026-07-01 13:00:02,084 - INFO - Scraping TrendForce main news page...
2026-07-01 13:00:02,287 - INFO - Found 5 articles on page.
2026-07-01 13:00:02,287 - INFO - No new articles detected.
2026-07-01 13:30:01,406 - INFO - Scraping TrendForce main news page...
2026-07-01 13:30:01,572 - INFO - Found 5 articles on page.
2026-07-01 13:30:01,572 - INFO - No new articles detected.
2026-07-01 14:00:02,085 - INFO - Scraping TrendForce main news page...
2026-07-01 14:00:02,288 - INFO - Found 5 articles on page.
2026-07-01 14:00:02,288 - INFO - No new articles detected.
2026-07-01 14:30:01,777 - INFO - Scraping TrendForce main news page...
2026-07-01 14:30:01,987 - INFO - Found 5 articles on page.
2026-07-01 14:30:01,988 - INFO - No new articles detected.
2026-07-01 15:00:01,999 - INFO - Scraping TrendForce main news page...
2026-07-01 15:00:02,225 - INFO - Found 5 articles on page.
2026-07-01 15:00:02,225 - INFO - No new articles detected.
2026-07-01 15:30:01,746 - INFO - Scraping TrendForce main news page...
2026-07-01 15:30:01,933 - INFO - Found 5 articles on page.
2026-07-01 15:30:01,933 - INFO - Processing new article: [News] Musk’s TeraFab Lands First Major Hire as 18-Year Intel Veteran With 18A Experience Joins as Director
2026-07-01 15:30:11,894 - INFO - Sending full-text alert to Telegram chat -1003843549676...
2026-07-01 15:30:12,942 - INFO - Telegram alert sent successfully.
2026-07-01 15:30:14,943 - INFO - State saved. Added 1 articles to seen list (processed 1).
2026-07-01 16:00:01,861 - INFO - Scraping TrendForce main news page...
2026-07-01 16:00:02,061 - INFO - Found 5 articles on page.
2026-07-01 16:00:02,061 - INFO - No new articles detected.
2026-07-01 16:30:02,066 - INFO - Scraping TrendForce main news page...
2026-07-01 16:30:02,298 - INFO - Found 5 articles on page.
2026-07-01 16:30:02,298 - INFO - No new articles detected.
2026-07-01 17:00:01,178 - INFO - Scraping TrendForce main news page...
2026-07-01 17:00:01,348 - INFO - Found 5 articles on page.
2026-07-01 17:00:01,348 - INFO - No new articles detected.
2026-07-01 17:30:01,981 - INFO - Scraping TrendForce main news page...
2026-07-01 17:30:02,161 - INFO - Found 5 articles on page.
2026-07-01 17:30:02,161 - INFO - Processing new article: [News] ASE Reportedly Raises Advanced Packaging Quotes by More Than 20% in Latest AI-Driven Price Hike
2026-07-01 17:30:13,517 - INFO - Sending full-text alert to Telegram chat -1003843549676...
2026-07-01 17:30:14,712 - INFO - Telegram alert sent successfully.
2026-07-01 17:30:16,713 - INFO - State saved. Added 1 articles to seen list (processed 1).
2026-07-01 18:00:01,514 - INFO - Scraping TrendForce main news page...
2026-07-01 18:00:01,686 - INFO - Found 5 articles on page.
2026-07-01 18:00:01,686 - INFO - No new articles detected.
2026-07-01 18:30:01,385 - INFO - Scraping TrendForce main news page...
2026-07-01 18:30:01,553 - INFO - Found 5 articles on page.
2026-07-01 18:30:01,553 - INFO - No new articles detected.
2026-07-01 19:00:01,414 - INFO - Scraping TrendForce main news page...
2026-07-01 19:00:01,614 - INFO - Found 5 articles on page.
2026-07-01 19:00:01,614 - INFO - No new articles detected.
2026-07-01 19:30:01,732 - INFO - Scraping TrendForce main news page...
2026-07-01 19:30:01,912 - INFO - Found 5 articles on page.
2026-07-01 19:30:01,912 - INFO - No new articles detected.
2026-07-01 20:00:01,166 - INFO - Scraping TrendForce main news page...
2026-07-01 20:00:01,334 - INFO - Found 5 articles on page.
2026-07-01 20:00:01,334 - INFO - No new articles detected.
2026-07-01 20:30:01,275 - INFO - Scraping TrendForce main news page...
2026-07-01 20:30:01,613 - INFO - Found 5 articles on page.
2026-07-01 20:30:01,613 - INFO - No new articles detected.
2026-07-01 21:00:02,038 - INFO - Scraping TrendForce main news page...
2026-07-01 21:00:02,245 - INFO - Found 5 articles on page.
2026-07-01 21:00:02,245 - INFO - No new articles detected.
2026-07-01 21:30:02,062 - INFO - Scraping TrendForce main news page...
2026-07-01 21:30:02,235 - INFO - Found 5 articles on page.
2026-07-01 21:30:02,235 - INFO - No new articles detected.
2026-07-01 22:00:01,349 - INFO - Scraping TrendForce main news page...
2026-07-01 22:00:01,526 - INFO - Found 5 articles on page.
2026-07-01 22:00:01,526 - INFO - No new articles detected.
2026-07-01 22:30:01,768 - INFO - Scraping TrendForce main news page...
2026-07-01 22:30:01,954 - INFO - Found 5 articles on page.
2026-07-01 22:30:01,954 - INFO - No new articles detected.
2026-07-01 23:00:01,836 - INFO - Scraping TrendForce main news page...
2026-07-01 23:00:02,017 - INFO - Found 5 articles on page.
2026-07-01 23:00:02,017 - INFO - No new articles detected.
2026-07-01 23:30:02,047 - INFO - Scraping TrendForce main news page...
2026-07-01 23:30:02,229 - INFO - Found 5 articles on page.
2026-07-01 23:30:02,229 - INFO - No new articles detected.
2026-07-02 00:00:02,016 - INFO - Scraping TrendForce main news page...
2026-07-02 00:00:02,346 - INFO - Found 5 articles on page.
2026-07-02 00:00:02,346 - INFO - No new articles detected.
2026-07-02 00:30:01,519 - INFO - Scraping TrendForce main news page...
2026-07-02 00:30:01,702 - INFO - Found 5 articles on page.
2026-07-02 00:30:01,702 - INFO - No new articles detected.
2026-07-02 01:00:01,481 - INFO - Scraping TrendForce main news page...
2026-07-02 01:00:01,659 - INFO - Found 5 articles on page.
2026-07-02 01:00:01,659 - INFO - No new articles detected.
2026-07-02 01:30:01,277 - INFO - Scraping TrendForce main news page...
2026-07-02 01:30:01,558 - INFO - Found 5 articles on page.
2026-07-02 01:30:01,558 - INFO - No new articles detected.
2026-07-02 02:00:01,226 - INFO - Scraping TrendForce main news page...
2026-07-02 02:00:01,394 - INFO - Found 5 articles on page.
2026-07-02 02:00:01,394 - INFO - No new articles detected.
2026-07-02 02:30:01,778 - INFO - Scraping TrendForce main news page...
2026-07-02 02:30:01,970 - INFO - Found 5 articles on page.
2026-07-02 02:30:01,970 - INFO - No new articles detected.
2026-07-02 03:00:02,008 - INFO - Scraping TrendForce main news page...
2026-07-02 03:00:02,191 - INFO - Found 5 articles on page.
2026-07-02 03:00:02,191 - INFO - No new articles detected.
2026-07-02 03:30:01,171 - INFO - Scraping TrendForce main news page...
2026-07-02 03:30:01,342 - INFO - Found 5 articles on page.
2026-07-02 03:30:01,342 - INFO - No new articles detected.
2026-07-02 04:00:01,697 - INFO - Scraping TrendForce main news page...
2026-07-02 04:00:01,870 - INFO - Found 5 articles on page.
2026-07-02 04:00:01,870 - INFO - No new articles detected.
2026-07-02 04:30:02,008 - INFO - Scraping TrendForce main news page...
2026-07-02 04:30:02,185 - INFO - Found 5 articles on page.
2026-07-02 04:30:02,185 - INFO - No new articles detected.
2026-07-02 05:00:01,559 - INFO - Scraping TrendForce main news page...
2026-07-02 05:00:01,736 - INFO - Found 5 articles on page.
2026-07-02 05:00:01,736 - INFO - No new articles detected.
2026-07-02 05:30:01,885 - INFO - Scraping TrendForce main news page...
2026-07-02 05:30:02,063 - INFO - Found 5 articles on page.
2026-07-02 05:30:02,064 - INFO - No new articles detected.
2026-07-02 06:00:01,318 - INFO - Scraping TrendForce main news page...
2026-07-02 06:00:01,489 - INFO - Found 5 articles on page.
2026-07-02 06:00:01,489 - INFO - No new articles detected.
2026-07-02 06:30:01,755 - INFO - Scraping TrendForce main news page...
2026-07-02 06:30:01,928 - INFO - Found 5 articles on page.
2026-07-02 06:30:01,928 - INFO - No new articles detected.
2026-07-02 07:00:01,236 - INFO - Scraping TrendForce main news page...
2026-07-02 07:00:01,444 - INFO - Found 5 articles on page.
2026-07-02 07:00:01,444 - INFO - No new articles detected.
2026-07-02 07:30:01,445 - INFO - Scraping TrendForce main news page...
2026-07-02 07:30:01,635 - INFO - Found 5 articles on page.
2026-07-02 07:30:01,635 - INFO - No new articles detected.
2026-07-02 08:00:01,290 - INFO - Scraping TrendForce main news page...
2026-07-02 08:00:01,508 - INFO - Found 5 articles on page.
2026-07-02 08:00:01,508 - INFO - No new articles detected.
2026-07-02 08:30:01,657 - INFO - Scraping TrendForce main news page...
2026-07-02 08:30:01,843 - INFO - Found 5 articles on page.
2026-07-02 08:30:01,843 - INFO - No new articles detected.
2026-07-02 09:00:01,605 - INFO - Scraping TrendForce main news page...
2026-07-02 09:00:01,778 - INFO - Found 5 articles on page.
2026-07-02 09:00:01,778 - INFO - Processing new article: [News] Samsung Files New HBM Dummy Die Patent to Enhance High-Stack Reliability; Seen as Aimed at 16-Layer HBM5
2026-07-02 09:00:12,308 - INFO - Sending full-text alert to Telegram chat -1003843549676...
2026-07-02 09:00:13,336 - INFO - Telegram alert sent successfully.
2026-07-02 09:00:15,345 - INFO - State saved. Added 1 articles to seen list (processed 1).
2026-07-02 09:30:01,331 - INFO - Scraping TrendForce main news page...
2026-07-02 09:30:01,512 - INFO - Found 5 articles on page.
2026-07-02 09:30:01,512 - INFO - No new articles detected.
2026-07-02 10:00:02,044 - INFO - Scraping TrendForce main news page...
2026-07-02 10:00:02,249 - INFO - Found 5 articles on page.
2026-07-02 10:00:02,249 - INFO - Processing new article: [News] DDR4 Kits Reportedly See Nearly 50% Discount in Promotional Sale in Japan, Hit Lowest Level Since Late 2025
2026-07-02 10:00:12,334 - INFO - Sending full-text alert to Telegram chat -1003843549676...
2026-07-02 10:00:13,390 - INFO - Telegram alert sent successfully.
2026-07-02 10:00:15,391 - INFO - State saved. Added 1 articles to seen list (processed 1).
2026-07-02 10:30:01,246 - INFO - Scraping TrendForce main news page...
2026-07-02 10:30:01,451 - INFO - Found 5 articles on page.
2026-07-02 10:30:01,451 - INFO - No new articles detected.
2026-07-02 11:00:01,582 - INFO - Scraping TrendForce main news page...
2026-07-02 11:00:01,752 - INFO - Found 5 articles on page.
2026-07-02 11:00:01,752 - INFO - Processing new article: [News] Samsung Reportedly Expands 2nm Portfolio Ahead of 2029 SF1.4 Mass Production; SF2P+ Targets 2027–28
2026-07-02 11:00:14,136 - INFO - Sending full-text alert to Telegram chat -1003843549676...
2026-07-02 11:00:15,191 - INFO - Telegram alert sent successfully.
2026-07-02 11:00:17,192 - INFO - State saved. Added 1 articles to seen list (processed 1).
2026-07-02 11:30:01,380 - INFO - Scraping TrendForce main news page...
2026-07-02 11:30:01,578 - INFO - Found 5 articles on page.
2026-07-02 11:30:01,578 - INFO - No new articles detected.
2026-07-02 12:00:01,883 - INFO - Scraping TrendForce main news page...
2026-07-02 12:00:01,992 - ERROR - Failed to fetch main news page. HTTP 502
2026-07-02 12:00:01,992 - ERROR - No articles found on main news page.
2026-07-02 12:30:01,597 - INFO - Scraping TrendForce main news page...
2026-07-02 12:30:01,769 - INFO - Found 5 articles on page.
2026-07-02 12:30:01,769 - INFO - Processing new article: [News] Huawei Reportedly Plans 4Q26 Korea Launch of Ascend AI Chips and Atlas 950 SuperPod as NVIDIA Alternative
2026-07-02 12:30:13,779 - INFO - Sending full-text alert to Telegram chat -1003843549676...
2026-07-02 12:30:14,864 - INFO - Telegram alert sent successfully.
2026-07-02 12:30:16,864 - INFO - State saved. Added 1 articles to seen list (processed 1).
2026-07-02 13:00:01,240 - INFO - Scraping TrendForce main news page...
2026-07-02 13:00:01,412 - INFO - Found 5 articles on page.
2026-07-02 13:00:01,412 - INFO - Processing new article: [News] SK hynix Reportedly Removes Price Cap in Memory Long-Term Agreements, Diverging from Micron
2026-07-02 13:00:13,656 - INFO - Sending full-text alert to Telegram chat -1003843549676...
2026-07-02 13:00:14,828 - INFO - Telegram alert sent successfully.
2026-07-02 13:00:16,828 - INFO - State saved. Added 1 articles to seen list (processed 1).
2026-07-02 13:30:01,946 - INFO - Scraping TrendForce main news page...
2026-07-02 13:30:02,249 - INFO - Found 5 articles on page.
2026-07-02 13:30:02,249 - INFO - No new articles detected.
2026-07-02 14:00:01,344 - INFO - Scraping TrendForce main news page...
2026-07-02 14:00:01,523 - INFO - Found 5 articles on page.
2026-07-02 14:00:01,523 - INFO - No new articles detected.
2026-07-02 14:30:02,022 - INFO - Scraping TrendForce main news page...
2026-07-02 14:30:02,222 - INFO - Found 5 articles on page.
2026-07-02 14:30:02,222 - INFO - No new articles detected.
2026-07-02 15:00:01,990 - INFO - Scraping TrendForce main news page...
2026-07-02 15:00:02,179 - INFO - Found 5 articles on page.
2026-07-02 15:00:02,179 - INFO - No new articles detected.
2026-07-02 15:30:01,572 - INFO - Scraping TrendForce main news page...
2026-07-02 15:30:01,788 - INFO - Found 5 articles on page.
2026-07-02 15:30:01,788 - INFO - No new articles detected.
2026-07-02 16:00:01,257 - INFO - Scraping TrendForce main news page...
2026-07-02 16:00:01,516 - INFO - Found 5 articles on page.
2026-07-02 16:00:01,516 - INFO - Processing new article: [News] SK hynix Unveils KRW 100T Cheongju Investment, Including KRW 80T for New NAND Fab Targeting 1H29 Operations
2026-07-02 16:00:08,102 - INFO - Sending full-text alert to Telegram chat -1003843549676...
2026-07-02 16:00:09,158 - INFO - Telegram alert sent successfully.
2026-07-02 16:00:11,166 - INFO - State saved. Added 1 articles to seen list (processed 1).
2026-07-02 16:30:02,101 - INFO - Scraping TrendForce main news page...
2026-07-02 16:30:02,290 - INFO - Found 5 articles on page.
2026-07-02 16:30:02,290 - INFO - No new articles detected.
2026-07-02 17:00:01,743 - INFO - Scraping TrendForce main news page...
2026-07-02 17:00:01,922 - INFO - Found 5 articles on page.
2026-07-02 17:00:01,923 - INFO - No new articles detected.
2026-07-02 17:30:02,000 - INFO - Scraping TrendForce main news page...
2026-07-02 17:30:02,185 - INFO - Found 5 articles on page.
2026-07-02 17:30:02,185 - INFO - No new articles detected.
2026-07-02 18:00:02,073 - INFO - Scraping TrendForce main news page...
2026-07-02 18:00:02,246 - INFO - Found 5 articles on page.
2026-07-02 18:00:02,246 - INFO - No new articles detected.
2026-07-02 18:30:01,323 - INFO - Scraping TrendForce main news page...
2026-07-02 18:30:01,498 - INFO - Found 5 articles on page.
2026-07-02 18:30:01,498 - INFO - No new articles detected.
2026-07-02 19:00:01,667 - INFO - Scraping TrendForce main news page...
2026-07-02 19:00:01,842 - INFO - Found 5 articles on page.
2026-07-02 19:00:01,842 - INFO - No new articles detected.
2026-07-02 19:30:01,418 - INFO - Scraping TrendForce main news page...
2026-07-02 19:30:01,603 - INFO - Found 5 articles on page.
2026-07-02 19:30:01,603 - INFO - No new articles detected.
2026-07-02 20:00:01,513 - INFO - Scraping TrendForce main news page...
2026-07-02 20:00:01,689 - INFO - Found 5 articles on page.
2026-07-02 20:00:01,689 - INFO - No new articles detected.
2026-07-02 20:30:01,538 - INFO - Scraping TrendForce main news page...
2026-07-02 20:30:01,742 - INFO - Found 5 articles on page.
2026-07-02 20:30:01,742 - INFO - No new articles detected.
2026-07-02 21:00:02,051 - INFO - Scraping TrendForce main news page...
2026-07-02 21:00:02,224 - INFO - Found 5 articles on page.
2026-07-02 21:00:02,224 - INFO - No new articles detected.
2026-07-02 21:30:01,269 - INFO - Scraping TrendForce main news page...
2026-07-02 21:30:01,452 - INFO - Found 5 articles on page.
2026-07-02 21:30:01,452 - INFO - No new articles detected.
2026-07-02 22:00:01,395 - INFO - Scraping TrendForce main news page...
2026-07-02 22:00:01,574 - INFO - Found 5 articles on page.
2026-07-02 22:00:01,574 - INFO - No new articles detected.
2026-07-02 22:30:01,730 - INFO - Scraping TrendForce main news page...
2026-07-02 22:30:01,995 - INFO - Found 5 articles on page.
2026-07-02 22:30:01,995 - INFO - No new articles detected.
2026-07-02 23:00:01,907 - INFO - Scraping TrendForce main news page...
2026-07-02 23:00:02,553 - INFO - Found 5 articles on page.
2026-07-02 23:00:02,553 - INFO - No new articles detected.
2026-07-02 23:30:01,849 - INFO - Scraping TrendForce main news page...
2026-07-02 23:30:02,150 - INFO - Found 5 articles on page.
2026-07-02 23:30:02,150 - INFO - No new articles detected.
2026-07-03 00:00:01,767 - INFO - Scraping TrendForce main news page...
2026-07-03 00:00:01,976 - INFO - Found 5 articles on page.
2026-07-03 00:00:01,977 - INFO - No new articles detected.
2026-07-03 00:30:01,443 - INFO - Scraping TrendForce main news page...
2026-07-03 00:30:01,653 - INFO - Found 5 articles on page.
2026-07-03 00:30:01,653 - INFO - No new articles detected.
2026-07-03 01:00:01,740 - INFO - Scraping TrendForce main news page...
2026-07-03 01:00:01,942 - INFO - Found 5 articles on page.
2026-07-03 01:00:01,942 - INFO - No new articles detected.
2026-07-03 01:30:01,198 - INFO - Scraping TrendForce main news page...
2026-07-03 01:30:01,390 - INFO - Found 5 articles on page.
2026-07-03 01:30:01,390 - INFO - No new articles detected.
2026-07-03 02:00:01,234 - INFO - Scraping TrendForce main news page...
2026-07-03 02:00:01,414 - INFO - Found 5 articles on page.
2026-07-03 02:00:01,415 - INFO - No new articles detected.
2026-07-03 02:30:01,110 - INFO - Scraping TrendForce main news page...
2026-07-03 02:30:01,321 - INFO - Found 5 articles on page.
2026-07-03 02:30:01,321 - INFO - No new articles detected.
2026-07-03 03:00:01,119 - INFO - Scraping TrendForce main news page...
2026-07-03 03:00:01,298 - INFO - Found 5 articles on page.
2026-07-03 03:00:01,299 - INFO - No new articles detected.
2026-07-03 03:30:02,091 - INFO - Scraping TrendForce main news page...
2026-07-03 03:30:02,336 - INFO - Found 5 articles on page.
2026-07-03 03:30:02,336 - INFO - No new articles detected.
2026-07-03 04:00:01,227 - INFO - Scraping TrendForce main news page...
2026-07-03 04:00:01,404 - INFO - Found 5 articles on page.
2026-07-03 04:00:01,404 - INFO - No new articles detected.
2026-07-03 04:30:01,384 - INFO - Scraping TrendForce main news page...
2026-07-03 04:30:01,742 - INFO - Found 5 articles on page.
2026-07-03 04:30:01,742 - INFO - No new articles detected.
2026-07-03 05:00:01,840 - INFO - Scraping TrendForce main news page...
2026-07-03 05:00:02,101 - INFO - Found 5 articles on page.
2026-07-03 05:00:02,102 - INFO - No new articles detected.
2026-07-03 05:30:01,311 - INFO - Scraping TrendForce main news page...
2026-07-03 05:30:01,517 - INFO - Found 5 articles on page.
2026-07-03 05:30:01,518 - INFO - No new articles detected.
2026-07-03 06:00:01,320 - INFO - Scraping TrendForce main news page...
2026-07-03 06:00:01,549 - INFO - Found 5 articles on page.
2026-07-03 06:00:01,550 - INFO - No new articles detected.
2026-07-03 06:30:01,195 - INFO - Scraping TrendForce main news page...
2026-07-03 06:30:01,375 - INFO - Found 5 articles on page.
2026-07-03 06:30:01,375 - INFO - No new articles detected.
2026-07-03 07:00:01,258 - INFO - Scraping TrendForce main news page...
2026-07-03 07:00:01,450 - INFO - Found 5 articles on page.
2026-07-03 07:00:01,450 - INFO - No new articles detected.
2026-07-03 07:30:01,202 - INFO - Scraping TrendForce main news page...
2026-07-03 07:30:01,407 - INFO - Found 5 articles on page.
2026-07-03 07:30:01,407 - INFO - No new articles detected.
2026-07-03 08:00:01,223 - INFO - Scraping TrendForce main news page...
2026-07-03 08:00:01,417 - INFO - Found 5 articles on page.
2026-07-03 08:00:01,417 - INFO - No new articles detected.
2026-07-03 08:30:02,034 - INFO - Scraping TrendForce main news page...
2026-07-03 08:30:02,250 - INFO - Found 5 articles on page.
2026-07-03 08:30:02,250 - INFO - No new articles detected.
2026-07-03 09:00:01,864 - INFO - Scraping TrendForce main news page...
2026-07-03 09:00:02,088 - INFO - Found 5 articles on page.
2026-07-03 09:00:02,088 - INFO - Processing new article: [News] AMD Reportedly Raises GPU-GDDR Kit Prices by ~10% for AIB Partners, Effective Jul. 2026
2026-07-03 09:00:11,812 - INFO - Sending full-text alert to Telegram chat -1003843549676...
2026-07-03 09:00:12,939 - INFO - Telegram alert sent successfully.
2026-07-03 09:00:14,939 - INFO - State saved. Added 1 articles to seen list (processed 1).
2026-07-03 09:30:01,264 - INFO - Scraping TrendForce main news page...
2026-07-03 09:30:01,506 - INFO - Found 5 articles on page.
2026-07-03 09:30:01,506 - INFO - No new articles detected.
2026-07-03 10:00:01,964 - INFO - Scraping TrendForce main news page...
2026-07-03 10:00:02,296 - INFO - Found 5 articles on page.
2026-07-03 10:00:02,296 - INFO - Processing new article: [News] Musk Shares Tesla Optimus Production Team Photo, Says Initial Robot Output Will Be “Extremely Slow”
2026-07-03 10:00:09,603 - INFO - Sending full-text alert to Telegram chat -1003843549676...
2026-07-03 10:00:10,671 - INFO - Telegram alert sent successfully.
2026-07-03 10:00:12,672 - INFO - State saved. Added 1 articles to seen list (processed 1).
2026-07-03 10:30:01,573 - INFO - Scraping TrendForce main news page...
2026-07-03 10:30:01,756 - INFO - Found 5 articles on page.
2026-07-03 10:30:01,756 - INFO - No new articles detected.
2026-07-03 11:00:01,318 - INFO - Scraping TrendForce main news page...
2026-07-03 11:00:01,514 - INFO - Found 5 articles on page.
2026-07-03 11:00:01,514 - INFO - No new articles detected.
2026-07-03 11:30:01,581 - INFO - Scraping TrendForce main news page...
2026-07-03 11:30:01,776 - INFO - Found 5 articles on page.
2026-07-03 11:30:01,776 - INFO - Processing new article: [News] Intel Raises Arrow Lake Refresh Core Ultra 200S Plus Prices by $30–$50 Shortly After Launch
2026-07-03 11:30:16,674 - INFO - Sending full-text alert to Telegram chat -1003843549676...
2026-07-03 11:30:19,139 - INFO - Telegram alert sent successfully.
2026-07-03 11:30:21,139 - INFO - State saved. Added 1 articles to seen list (processed 1).
2026-07-03 12:00:01,722 - INFO - Scraping TrendForce main news page...
2026-07-03 12:00:01,996 - ERROR - Failed to fetch main news page. HTTP 502
2026-07-03 12:00:01,997 - ERROR - No articles found on main news page.
2026-07-03 12:30:01,640 - INFO - Scraping TrendForce main news page...
2026-07-03 12:30:01,862 - INFO - Found 5 articles on page.
2026-07-03 12:30:01,862 - INFO - Processing new article: [News] Anthropic Reportedly Eyes Custom AI Chip; in Talks with Samsung for 2nm Foundry and Advanced Packaging
2026-07-03 12:30:10,329 - INFO - Sending full-text alert to Telegram chat -1003843549676...
2026-07-03 12:30:19,600 - INFO - Telegram alert sent successfully.
2026-07-03 12:30:21,601 - INFO - State saved. Added 1 articles to seen list (processed 1).
2026-07-03 13:00:01,897 - INFO - Scraping TrendForce main news page...
2026-07-03 13:00:02,352 - INFO - Found 5 articles on page.
2026-07-03 13:00:02,353 - INFO - Processing new article: [News] Kioxia Begins BiCS 10 NAND Sampling, Reportedly Targets 2027 Mass Production at Kitakami Fab
2026-07-03 13:00:15,261 - INFO - Sending full-text alert to Telegram chat -1003843549676...
2026-07-03 13:00:16,361 - INFO - Telegram alert sent successfully.
2026-07-03 13:00:18,361 - INFO - State saved. Added 1 articles to seen list (processed 1).
2026-07-03 13:30:01,266 - INFO - Scraping TrendForce main news page...
2026-07-03 13:30:01,453 - INFO - Found 5 articles on page.
2026-07-03 13:30:01,454 - INFO - No new articles detected.
2026-07-03 14:00:01,572 - INFO - Scraping TrendForce main news page...
2026-07-03 14:00:01,768 - INFO - Found 5 articles on page.
2026-07-03 14:00:01,769 - INFO - No new articles detected.
2026-07-03 14:30:01,596 - INFO - Scraping TrendForce main news page...
2026-07-03 14:30:01,779 - INFO - Found 5 articles on page.
2026-07-03 14:30:01,779 - INFO - No new articles detected.
2026-07-03 15:00:01,833 - INFO - Scraping TrendForce main news page...
2026-07-03 15:00:02,041 - INFO - Found 5 articles on page.
2026-07-03 15:00:02,041 - INFO - No new articles detected.
2026-07-03 15:30:01,845 - INFO - Scraping TrendForce main news page...
2026-07-03 15:30:02,068 - INFO - Found 5 articles on page.
2026-07-03 15:30:02,068 - INFO - No new articles detected.
2026-07-03 16:00:01,550 - INFO - Scraping TrendForce main news page...
2026-07-03 16:00:01,725 - INFO - Found 5 articles on page.
2026-07-03 16:00:01,726 - INFO - No new articles detected.
2026-07-03 16:30:01,864 - INFO - Scraping TrendForce main news page...
2026-07-03 16:30:02,096 - INFO - Found 5 articles on page.
2026-07-03 16:30:02,096 - INFO - No new articles detected.
2026-07-03 17:00:01,646 - INFO - Scraping TrendForce main news page...
2026-07-03 17:00:01,829 - INFO - Found 5 articles on page.
2026-07-03 17:00:01,829 - INFO - Processing new article: [News] China’s Chip Material Suppliers Challenge Japanese Dominance; Guangyuan Invests US$1B in T-Glass
2026-07-03 17:00:10,521 - INFO - Sending full-text alert to Telegram chat -1003843549676...
2026-07-03 17:00:11,586 - INFO - Telegram alert sent successfully.
2026-07-03 17:00:13,587 - INFO - State saved. Added 1 articles to seen list (processed 1).
2026-07-03 17:30:01,148 - INFO - Scraping TrendForce main news page...
2026-07-03 17:30:01,328 - INFO - Found 5 articles on page.
2026-07-03 17:30:01,328 - INFO - No new articles detected.
2026-07-03 18:00:01,651 - INFO - Scraping TrendForce main news page...
2026-07-03 18:00:01,910 - INFO - Found 5 articles on page.
2026-07-03 18:00:01,910 - INFO - Processing new article: [News] Samsung Reportedly Seeks Up to 20% 3Q26 DRAM Price Increase; LPDDR Hikes May Exceed 20%
2026-07-03 18:00:10,456 - INFO - Sending full-text alert to Telegram chat -1003843549676...
2026-07-03 18:00:11,637 - INFO - Telegram alert sent successfully.
2026-07-03 18:00:13,637 - INFO - State saved. Added 1 articles to seen list (processed 1).
2026-07-03 18:30:01,900 - INFO - Scraping TrendForce main news page...
2026-07-03 18:30:02,131 - INFO - Found 5 articles on page.
2026-07-03 18:30:02,131 - INFO - No new articles detected.
2026-07-03 19:00:02,028 - INFO - Scraping TrendForce main news page...
2026-07-03 19:00:02,255 - INFO - Found 5 articles on page.
2026-07-03 19:00:02,256 - INFO - No new articles detected.
2026-07-03 19:30:01,106 - INFO - Scraping TrendForce main news page...
2026-07-03 19:30:01,305 - INFO - Found 5 articles on page.
2026-07-03 19:30:01,306 - INFO - No new articles detected.
2026-07-03 20:00:01,928 - INFO - Scraping TrendForce main news page...
2026-07-03 20:00:02,111 - INFO - Found 5 articles on page.
2026-07-03 20:00:02,111 - INFO - No new articles detected.
2026-07-03 20:30:01,352 - INFO - Scraping TrendForce main news page...
2026-07-03 20:30:01,535 - INFO - Found 5 articles on page.
2026-07-03 20:30:01,535 - INFO - No new articles detected.
2026-07-03 21:00:01,712 - INFO - Scraping TrendForce main news page...
2026-07-03 21:00:02,079 - INFO - Found 5 articles on page.
2026-07-03 21:00:02,079 - INFO - No new articles detected.
2026-07-03 21:30:01,687 - INFO - Scraping TrendForce main news page...
2026-07-03 21:30:01,934 - INFO - Found 5 articles on page.
2026-07-03 21:30:01,934 - INFO - No new articles detected.
2026-07-03 22:00:01,902 - INFO - Scraping TrendForce main news page...
2026-07-03 22:00:02,146 - INFO - Found 5 articles on page.
2026-07-03 22:00:02,146 - INFO - No new articles detected.
2026-07-03 22:30:01,496 - INFO - Scraping TrendForce main news page...
2026-07-03 22:30:01,701 - INFO - Found 5 articles on page.
2026-07-03 22:30:01,701 - INFO - No new articles detected.
2026-07-03 23:00:01,634 - INFO - Scraping TrendForce main news page...
2026-07-03 23:00:01,819 - INFO - Found 5 articles on page.
2026-07-03 23:00:01,819 - INFO - No new articles detected.
2026-07-03 23:30:02,035 - INFO - Scraping TrendForce main news page...
2026-07-03 23:30:02,690 - INFO - Found 5 articles on page.
2026-07-03 23:30:02,690 - INFO - No new articles detected.
2026-07-04 00:00:01,941 - INFO - Scraping TrendForce main news page...
2026-07-04 00:00:02,194 - INFO - Found 5 articles on page.
2026-07-04 00:00:02,194 - INFO - No new articles detected.
2026-07-04 00:30:02,054 - INFO - Scraping TrendForce main news page...
2026-07-04 00:30:02,237 - INFO - Found 5 articles on page.
2026-07-04 00:30:02,237 - INFO - No new articles detected.
2026-07-04 01:00:01,923 - INFO - Scraping TrendForce main news page...
2026-07-04 01:00:02,229 - INFO - Found 5 articles on page.
2026-07-04 01:00:02,229 - INFO - No new articles detected.
2026-07-04 01:30:01,388 - INFO - Scraping TrendForce main news page...
2026-07-04 01:30:01,566 - INFO - Found 5 articles on page.
2026-07-04 01:30:01,566 - INFO - No new articles detected.
2026-07-04 02:00:01,238 - INFO - Scraping TrendForce main news page...
2026-07-04 02:00:01,561 - INFO - Found 5 articles on page.
2026-07-04 02:00:01,561 - INFO - No new articles detected.
2026-07-04 02:30:01,100 - INFO - Scraping TrendForce main news page...
2026-07-04 02:30:01,275 - INFO - Found 5 articles on page.
2026-07-04 02:30:01,275 - INFO - No new articles detected.
2026-07-04 03:00:01,347 - INFO - Scraping TrendForce main news page...
2026-07-04 03:00:01,551 - INFO - Found 5 articles on page.
2026-07-04 03:00:01,552 - INFO - No new articles detected.
2026-07-04 03:30:01,446 - INFO - Scraping TrendForce main news page...
2026-07-04 03:30:01,915 - INFO - Found 5 articles on page.
2026-07-04 03:30:01,915 - INFO - No new articles detected.
2026-07-04 04:00:01,348 - INFO - Scraping TrendForce main news page...
2026-07-04 04:00:01,541 - INFO - Found 5 articles on page.
2026-07-04 04:00:01,541 - INFO - No new articles detected.
2026-07-04 04:30:01,868 - INFO - Scraping TrendForce main news page...
2026-07-04 04:30:02,170 - INFO - Found 5 articles on page.
2026-07-04 04:30:02,171 - INFO - No new articles detected.
2026-07-04 05:00:01,302 - INFO - Scraping TrendForce main news page...
2026-07-04 05:00:01,600 - INFO - Found 5 articles on page.
2026-07-04 05:00:01,600 - INFO - No new articles detected.
2026-07-04 05:30:01,566 - INFO - Scraping TrendForce main news page...
2026-07-04 05:30:01,952 - INFO - Found 5 articles on page.
2026-07-04 05:30:01,952 - INFO - No new articles detected.
2026-07-04 06:00:01,444 - INFO - Scraping TrendForce main news page...
2026-07-04 06:00:01,629 - INFO - Found 5 articles on page.
2026-07-04 06:00:01,629 - INFO - No new articles detected.
2026-07-04 06:30:02,054 - INFO - Scraping TrendForce main news page...
2026-07-04 06:30:02,310 - INFO - Found 5 articles on page.
2026-07-04 06:30:02,310 - INFO - No new articles detected.
2026-07-04 07:00:01,976 - INFO - Scraping TrendForce main news page...
2026-07-04 07:00:02,244 - INFO - Found 5 articles on page.
2026-07-04 07:00:02,244 - INFO - No new articles detected.
2026-07-04 07:30:01,884 - INFO - Scraping TrendForce main news page...
2026-07-04 07:30:02,101 - INFO - Found 5 articles on page.
2026-07-04 07:30:02,101 - INFO - No new articles detected.
2026-07-04 08:00:01,173 - INFO - Scraping TrendForce main news page...
2026-07-04 08:00:01,357 - INFO - Found 5 articles on page.
2026-07-04 08:00:01,358 - INFO - No new articles detected.
2026-07-04 08:30:02,053 - INFO - Scraping TrendForce main news page...
2026-07-04 08:30:02,278 - INFO - Found 5 articles on page.
2026-07-04 08:30:02,278 - INFO - No new articles detected.
2026-07-04 09:00:02,084 - INFO - Scraping TrendForce main news page...
2026-07-04 09:00:02,270 - INFO - Found 5 articles on page.
2026-07-04 09:00:02,270 - INFO - No new articles detected.
2026-07-04 09:30:01,464 - INFO - Scraping TrendForce main news page...
2026-07-04 09:30:01,668 - INFO - Found 5 articles on page.
2026-07-04 09:30:01,668 - INFO - No new articles detected.
2026-07-04 10:00:01,635 - INFO - Scraping TrendForce main news page...
2026-07-04 10:00:01,888 - INFO - Found 5 articles on page.
2026-07-04 10:00:01,889 - INFO - No new articles detected.
2026-07-04 10:30:02,086 - INFO - Scraping TrendForce main news page...
2026-07-04 10:30:02,300 - INFO - Found 5 articles on page.
2026-07-04 10:30:02,300 - INFO - No new articles detected.
2026-07-04 11:00:01,923 - INFO - Scraping TrendForce main news page...
2026-07-04 11:00:02,215 - INFO - Found 5 articles on page.
2026-07-04 11:00:02,216 - INFO - No new articles detected.
2026-07-04 11:30:01,937 - INFO - Scraping TrendForce main news page...
2026-07-04 11:30:02,237 - INFO - Found 5 articles on page.
2026-07-04 11:30:02,238 - INFO - No new articles detected.
2026-07-04 12:00:01,555 - INFO - Scraping TrendForce main news page...
2026-07-04 12:00:01,693 - ERROR - Failed to fetch main news page. HTTP 502
2026-07-04 12:00:01,693 - ERROR - No articles found on main news page.
2026-07-04 12:30:01,761 - INFO - Scraping TrendForce main news page...
2026-07-04 12:30:01,967 - INFO - Found 5 articles on page.
2026-07-04 12:30:01,967 - INFO - No new articles detected.
2026-07-04 13:00:01,476 - INFO - Scraping TrendForce main news page...
2026-07-04 13:00:01,665 - INFO - Found 5 articles on page.
2026-07-04 13:00:01,666 - INFO - No new articles detected.
2026-07-04 13:30:01,107 - INFO - Scraping TrendForce main news page...
2026-07-04 13:30:01,315 - INFO - Found 5 articles on page.
2026-07-04 13:30:01,315 - INFO - No new articles detected.
2026-07-04 14:00:01,225 - INFO - Scraping TrendForce main news page...
2026-07-04 14:00:01,488 - INFO - Found 5 articles on page.
2026-07-04 14:00:01,488 - INFO - No new articles detected.
2026-07-04 14:30:01,720 - INFO - Scraping TrendForce main news page...
2026-07-04 14:30:01,911 - INFO - Found 5 articles on page.
2026-07-04 14:30:01,912 - INFO - No new articles detected.
2026-07-04 15:00:01,122 - INFO - Scraping TrendForce main news page...
2026-07-04 15:00:01,318 - INFO - Found 5 articles on page.
2026-07-04 15:00:01,318 - INFO - No new articles detected.
2026-07-04 15:30:01,297 - INFO - Scraping TrendForce main news page...
2026-07-04 15:30:01,471 - INFO - Found 5 articles on page.
2026-07-04 15:30:01,471 - INFO - No new articles detected.
2026-07-04 16:00:01,995 - INFO - Scraping TrendForce main news page...
2026-07-04 16:00:02,259 - INFO - Found 5 articles on page.
2026-07-04 16:00:02,259 - INFO - No new articles detected.
2026-07-04 16:30:01,467 - INFO - Scraping TrendForce main news page...
2026-07-04 16:30:01,640 - INFO - Found 5 articles on page.
2026-07-04 16:30:01,641 - INFO - No new articles detected.
2026-07-04 17:00:01,198 - INFO - Scraping TrendForce main news page...
2026-07-04 17:00:01,398 - INFO - Found 5 articles on page.
2026-07-04 17:00:01,398 - INFO - No new articles detected.
2026-07-04 17:30:01,518 - INFO - Scraping TrendForce main news page...
2026-07-04 17:30:01,706 - INFO - Found 5 articles on page.
2026-07-04 17:30:01,706 - INFO - No new articles detected.
2026-07-04 18:00:01,328 - INFO - Scraping TrendForce main news page...
2026-07-04 18:00:01,501 - INFO - Found 5 articles on page.
2026-07-04 18:00:01,501 - INFO - No new articles detected.
2026-07-04 18:30:01,713 - INFO - Scraping TrendForce main news page...
2026-07-04 18:30:01,941 - INFO - Found 5 articles on page.
2026-07-04 18:30:01,942 - INFO - No new articles detected.
2026-07-04 19:00:01,388 - INFO - Scraping TrendForce main news page...
2026-07-04 19:00:01,562 - INFO - Found 5 articles on page.
2026-07-04 19:00:01,562 - INFO - No new articles detected.
2026-07-04 19:30:01,893 - INFO - Scraping TrendForce main news page...
2026-07-04 19:30:02,169 - INFO - Found 5 articles on page.
2026-07-04 19:30:02,169 - INFO - No new articles detected.
2026-07-04 20:00:01,560 - INFO - Scraping TrendForce main news page...
2026-07-04 20:00:01,739 - INFO - Found 5 articles on page.
2026-07-04 20:00:01,739 - INFO - No new articles detected.
2026-07-04 20:30:01,533 - INFO - Scraping TrendForce main news page...
2026-07-04 20:30:01,721 - INFO - Found 5 articles on page.
2026-07-04 20:30:01,721 - INFO - No new articles detected.
2026-07-04 21:00:01,908 - INFO - Scraping TrendForce main news page...
2026-07-04 21:00:02,134 - INFO - Found 5 articles on page.
2026-07-04 21:00:02,134 - INFO - No new articles detected.
2026-07-04 21:30:01,433 - INFO - Scraping TrendForce main news page...
2026-07-04 21:30:01,674 - INFO - Found 5 articles on page.
2026-07-04 21:30:01,674 - INFO - No new articles detected.
2026-07-04 22:00:01,946 - INFO - Scraping TrendForce main news page...
2026-07-04 22:00:02,235 - INFO - Found 5 articles on page.
2026-07-04 22:00:02,235 - INFO - No new articles detected.
2026-07-04 22:30:01,341 - INFO - Scraping TrendForce main news page...
2026-07-04 22:30:01,535 - INFO - Found 5 articles on page.
2026-07-04 22:30:01,535 - INFO - No new articles detected.
2026-07-04 23:00:01,150 - INFO - Scraping TrendForce main news page...
2026-07-04 23:00:01,334 - INFO - Found 5 articles on page.
2026-07-04 23:00:01,334 - INFO - No new articles detected.
2026-07-04 23:30:02,030 - INFO - Scraping TrendForce main news page...
2026-07-04 23:30:02,289 - INFO - Found 5 articles on page.
2026-07-04 23:30:02,289 - INFO - No new articles detected.
2026-07-05 00:00:01,425 - INFO - Scraping TrendForce main news page...
2026-07-05 00:00:01,675 - INFO - Found 5 articles on page.
2026-07-05 00:00:01,676 - INFO - No new articles detected.
2026-07-05 00:30:01,521 - INFO - Scraping TrendForce main news page...
2026-07-05 00:30:01,707 - INFO - Found 5 articles on page.
2026-07-05 00:30:01,707 - INFO - No new articles detected.
2026-07-05 01:00:01,266 - INFO - Scraping TrendForce main news page...
2026-07-05 01:00:01,467 - INFO - Found 5 articles on page.
2026-07-05 01:00:01,467 - INFO - No new articles detected.
2026-07-05 01:30:01,787 - INFO - Scraping TrendForce main news page...
2026-07-05 01:30:02,057 - INFO - Found 5 articles on page.
2026-07-05 01:30:02,058 - INFO - No new articles detected.
2026-07-05 02:00:01,300 - INFO - Scraping TrendForce main news page...
2026-07-05 02:00:01,517 - INFO - Found 5 articles on page.
2026-07-05 02:00:01,517 - INFO - No new articles detected.
2026-07-05 02:30:01,982 - INFO - Scraping TrendForce main news page...
2026-07-05 02:30:02,212 - INFO - Found 5 articles on page.
2026-07-05 02:30:02,212 - INFO - No new articles detected.
2026-07-05 03:00:02,055 - INFO - Scraping TrendForce main news page...
2026-07-05 03:00:02,389 - INFO - Found 5 articles on page.
2026-07-05 03:00:02,389 - INFO - No new articles detected.
2026-07-05 03:30:01,448 - INFO - Scraping TrendForce main news page...
2026-07-05 03:30:01,665 - INFO - Found 5 articles on page.
2026-07-05 03:30:01,666 - INFO - No new articles detected.
2026-07-05 04:00:02,059 - INFO - Scraping TrendForce main news page...
2026-07-05 04:00:02,289 - INFO - Found 5 articles on page.
2026-07-05 04:00:02,289 - INFO - No new articles detected.
2026-07-05 04:30:01,388 - INFO - Scraping TrendForce main news page...
2026-07-05 04:30:01,590 - INFO - Found 5 articles on page.
2026-07-05 04:30:01,590 - INFO - No new articles detected.
2026-07-05 05:00:01,482 - INFO - Scraping TrendForce main news page...
2026-07-05 05:00:01,696 - INFO - Found 5 articles on page.
2026-07-05 05:00:01,696 - INFO - No new articles detected.
2026-07-05 05:30:02,061 - INFO - Scraping TrendForce main news page...
2026-07-05 05:30:02,380 - INFO - Found 5 articles on page.
2026-07-05 05:30:02,380 - INFO - No new articles detected.
2026-07-05 06:00:01,425 - INFO - Scraping TrendForce main news page...
2026-07-05 06:00:01,602 - INFO - Found 5 articles on page.
2026-07-05 06:00:01,602 - INFO - No new articles detected.
2026-07-05 06:30:01,188 - INFO - Scraping TrendForce main news page...
2026-07-05 06:30:01,362 - INFO - Found 5 articles on page.
2026-07-05 06:30:01,362 - INFO - No new articles detected.
2026-07-05 07:00:01,933 - INFO - Scraping TrendForce main news page...
2026-07-05 07:00:02,188 - INFO - Found 5 articles on page.
2026-07-05 07:00:02,188 - INFO - No new articles detected.
2026-07-05 07:30:01,330 - INFO - Scraping TrendForce main news page...
2026-07-05 07:30:01,547 - INFO - Found 5 articles on page.
2026-07-05 07:30:01,548 - INFO - No new articles detected.
2026-07-05 08:00:01,374 - INFO - Scraping TrendForce main news page...
2026-07-05 08:00:01,549 - INFO - Found 5 articles on page.
2026-07-05 08:00:01,549 - INFO - No new articles detected.
2026-07-05 08:30:01,390 - INFO - Scraping TrendForce main news page...
2026-07-05 08:30:01,564 - INFO - Found 5 articles on page.
2026-07-05 08:30:01,565 - INFO - No new articles detected.
2026-07-05 09:00:01,813 - INFO - Scraping TrendForce main news page...
2026-07-05 09:00:02,021 - INFO - Found 5 articles on page.
2026-07-05 09:00:02,021 - INFO - No new articles detected.
2026-07-05 09:30:01,840 - INFO - Scraping TrendForce main news page...
2026-07-05 09:30:02,050 - INFO - Found 5 articles on page.
2026-07-05 09:30:02,050 - INFO - No new articles detected.
2026-07-05 10:00:01,268 - INFO - Scraping TrendForce main news page...
2026-07-05 10:00:01,474 - INFO - Found 5 articles on page.
2026-07-05 10:00:01,474 - INFO - No new articles detected.
2026-07-05 10:30:01,186 - INFO - Scraping TrendForce main news page...
2026-07-05 10:30:01,378 - INFO - Found 5 articles on page.
2026-07-05 10:30:01,378 - INFO - No new articles detected.
2026-07-05 11:00:01,266 - INFO - Scraping TrendForce main news page...
2026-07-05 11:00:01,468 - INFO - Found 5 articles on page.
2026-07-05 11:00:01,468 - INFO - No new articles detected.
2026-07-05 11:30:02,063 - INFO - Scraping TrendForce main news page...
2026-07-05 11:30:02,252 - INFO - Found 5 articles on page.
2026-07-05 11:30:02,252 - INFO - No new articles detected.
2026-07-05 12:00:01,556 - INFO - Scraping TrendForce main news page...
2026-07-05 12:00:01,738 - INFO - Found 5 articles on page.
2026-07-05 12:00:01,738 - INFO - No new articles detected.
2026-07-05 12:30:02,034 - INFO - Scraping TrendForce main news page...
2026-07-05 12:30:02,276 - INFO - Found 5 articles on page.
2026-07-05 12:30:02,276 - INFO - No new articles detected.
2026-07-05 13:00:01,867 - INFO - Scraping TrendForce main news page...
2026-07-05 13:00:02,096 - INFO - Found 5 articles on page.
2026-07-05 13:00:02,096 - INFO - No new articles detected.
2026-07-05 13:30:01,966 - INFO - Scraping TrendForce main news page...
2026-07-05 13:30:02,202 - INFO - Found 5 articles on page.
2026-07-05 13:30:02,202 - INFO - No new articles detected.
2026-07-05 14:00:01,460 - INFO - Scraping TrendForce main news page...
2026-07-05 14:00:01,645 - INFO - Found 5 articles on page.
2026-07-05 14:00:01,645 - INFO - No new articles detected.
2026-07-05 14:30:01,162 - INFO - Scraping TrendForce main news page...
2026-07-05 14:30:01,333 - INFO - Found 5 articles on page.
2026-07-05 14:30:01,334 - INFO - No new articles detected.
2026-07-05 15:00:01,463 - INFO - Scraping TrendForce main news page...
2026-07-05 15:00:01,638 - INFO - Found 5 articles on page.
2026-07-05 15:00:01,638 - INFO - No new articles detected.
2026-07-05 15:30:01,252 - INFO - Scraping TrendForce main news page...
2026-07-05 15:30:01,427 - INFO - Found 5 articles on page.
2026-07-05 15:30:01,427 - INFO - No new articles detected.
2026-07-05 16:00:01,324 - INFO - Scraping TrendForce main news page...
2026-07-05 16:00:01,499 - INFO - Found 5 articles on page.
2026-07-05 16:00:01,499 - INFO - No new articles detected.
2026-07-05 16:30:01,106 - INFO - Scraping TrendForce main news page...
2026-07-05 16:30:01,286 - INFO - Found 5 articles on page.
2026-07-05 16:30:01,286 - INFO - No new articles detected.
2026-07-05 17:00:01,717 - INFO - Scraping TrendForce main news page...
2026-07-05 17:00:01,936 - INFO - Found 5 articles on page.
2026-07-05 17:00:01,936 - INFO - No new articles detected.
2026-07-05 17:30:01,566 - INFO - Scraping TrendForce main news page...
2026-07-05 17:30:01,764 - INFO - Found 5 articles on page.
2026-07-05 17:30:01,764 - INFO - No new articles detected.
2026-07-05 18:00:01,675 - INFO - Scraping TrendForce main news page...
2026-07-05 18:00:01,888 - INFO - Found 5 articles on page.
2026-07-05 18:00:01,888 - INFO - No new articles detected.
2026-07-05 18:30:01,639 - INFO - Scraping TrendForce main news page...
2026-07-05 18:30:01,815 - INFO - Found 5 articles on page.
2026-07-05 18:30:01,815 - INFO - No new articles detected.
2026-07-05 19:00:01,232 - INFO - Scraping TrendForce main news page...
2026-07-05 19:00:01,414 - INFO - Found 5 articles on page.
2026-07-05 19:00:01,414 - INFO - No new articles detected.
2026-07-05 19:30:01,258 - INFO - Scraping TrendForce main news page...
2026-07-05 19:30:01,451 - INFO - Found 5 articles on page.
2026-07-05 19:30:01,452 - INFO - No new articles detected.
2026-07-05 20:00:02,074 - INFO - Scraping TrendForce main news page...
2026-07-05 20:00:02,293 - INFO - Found 5 articles on page.
2026-07-05 20:00:02,293 - INFO - No new articles detected.
2026-07-05 20:30:01,507 - INFO - Scraping TrendForce main news page...
2026-07-05 20:30:01,809 - INFO - Found 5 articles on page.
2026-07-05 20:30:01,809 - INFO - No new articles detected.
2026-07-05 21:00:01,291 - INFO - Scraping TrendForce main news page...
2026-07-05 21:00:01,651 - INFO - Found 5 articles on page.
2026-07-05 21:00:01,651 - INFO - No new articles detected.
2026-07-05 21:30:01,630 - INFO - Scraping TrendForce main news page...
2026-07-05 21:30:01,952 - INFO - Found 5 articles on page.
2026-07-05 21:30:01,952 - INFO - No new articles detected.
2026-07-05 22:00:01,737 - INFO - Scraping TrendForce main news page...
2026-07-05 22:00:01,973 - INFO - Found 5 articles on page.
2026-07-05 22:00:01,973 - INFO - No new articles detected.
2026-07-05 22:30:01,232 - INFO - Scraping TrendForce main news page...
2026-07-05 22:30:01,480 - INFO - Found 5 articles on page.
2026-07-05 22:30:01,480 - INFO - No new articles detected.
2026-07-05 23:00:01,582 - INFO - Scraping TrendForce main news page...
2026-07-05 23:00:01,886 - INFO - Found 5 articles on page.
2026-07-05 23:00:01,886 - INFO - No new articles detected.
2026-07-05 23:30:01,758 - INFO - Scraping TrendForce main news page...
2026-07-05 23:30:01,992 - INFO - Found 5 articles on page.
2026-07-05 23:30:01,993 - INFO - No new articles detected.
2026-07-06 00:00:01,697 - INFO - Scraping TrendForce main news page...
2026-07-06 00:00:01,941 - INFO - Found 5 articles on page.
2026-07-06 00:00:01,941 - INFO - No new articles detected.
2026-07-06 00:30:01,529 - INFO - Scraping TrendForce main news page...
2026-07-06 00:30:01,735 - INFO - Found 5 articles on page.
2026-07-06 00:30:01,735 - INFO - No new articles detected.
2026-07-06 01:00:01,655 - INFO - Scraping TrendForce main news page...
2026-07-06 01:00:01,874 - INFO - Found 5 articles on page.
2026-07-06 01:00:01,874 - INFO - No new articles detected.
2026-07-06 01:30:01,420 - INFO - Scraping TrendForce main news page...
2026-07-06 01:30:01,630 - INFO - Found 5 articles on page.
2026-07-06 01:30:01,630 - INFO - No new articles detected.
2026-07-06 02:00:01,322 - INFO - Scraping TrendForce main news page...
2026-07-06 02:00:01,497 - INFO - Found 5 articles on page.
2026-07-06 02:00:01,497 - INFO - No new articles detected.
2026-07-06 02:30:01,564 - INFO - Scraping TrendForce main news page...
2026-07-06 02:30:01,778 - INFO - Found 5 articles on page.
2026-07-06 02:30:01,778 - INFO - No new articles detected.
2026-07-06 03:00:01,770 - INFO - Scraping TrendForce main news page...
2026-07-06 03:00:01,996 - INFO - Found 5 articles on page.
2026-07-06 03:00:01,996 - INFO - No new articles detected.
2026-07-06 03:30:01,921 - INFO - Scraping TrendForce main news page...
2026-07-06 03:30:02,178 - INFO - Found 5 articles on page.
2026-07-06 03:30:02,178 - INFO - No new articles detected.
2026-07-06 04:00:01,322 - INFO - Scraping TrendForce main news page...
2026-07-06 04:00:01,535 - INFO - Found 5 articles on page.
2026-07-06 04:00:01,535 - INFO - No new articles detected.
2026-07-06 04:30:01,311 - INFO - Scraping TrendForce main news page...
2026-07-06 04:30:01,488 - INFO - Found 5 articles on page.
2026-07-06 04:30:01,488 - INFO - No new articles detected.
2026-07-06 05:00:01,997 - INFO - Scraping TrendForce main news page...
2026-07-06 05:00:02,365 - INFO - Found 5 articles on page.
2026-07-06 05:00:02,365 - INFO - No new articles detected.
2026-07-06 05:30:01,341 - INFO - Scraping TrendForce main news page...
2026-07-06 05:30:01,523 - INFO - Found 5 articles on page.
2026-07-06 05:30:01,523 - INFO - No new articles detected.
2026-07-06 06:00:01,527 - INFO - Scraping TrendForce main news page...
2026-07-06 06:00:01,748 - INFO - Found 5 articles on page.
2026-07-06 06:00:01,749 - INFO - No new articles detected.
2026-07-06 06:30:01,490 - INFO - Scraping TrendForce main news page...
2026-07-06 06:30:01,719 - INFO - Found 5 articles on page.
2026-07-06 06:30:01,719 - INFO - No new articles detected.
2026-07-06 07:00:01,160 - INFO - Scraping TrendForce main news page...
2026-07-06 07:00:01,526 - INFO - Found 5 articles on page.
2026-07-06 07:00:01,527 - INFO - No new articles detected.
2026-07-06 07:30:01,933 - INFO - Scraping TrendForce main news page...
2026-07-06 07:30:02,286 - INFO - Found 5 articles on page.
2026-07-06 07:30:02,286 - INFO - No new articles detected.
2026-07-06 08:00:01,137 - INFO - Scraping TrendForce main news page...
2026-07-06 08:00:01,325 - INFO - Found 5 articles on page.
2026-07-06 08:00:01,325 - INFO - No new articles detected.
2026-07-06 08:30:01,969 - INFO - Scraping TrendForce main news page...
2026-07-06 08:30:02,220 - INFO - Found 5 articles on page.
2026-07-06 08:30:02,221 - INFO - No new articles detected.
2026-07-06 09:00:01,816 - INFO - Scraping TrendForce main news page...
2026-07-06 09:00:02,097 - INFO - Found 5 articles on page.
2026-07-06 09:00:02,097 - INFO - Processing new article: [News] Samsung Electro-Mechanics Reportedly to Form Glass Core JV with Sumitomo Unit, Targeting 2H27 Production
2026-07-06 09:00:11,408 - INFO - Sending full-text alert to Telegram chat -1003843549676...
2026-07-06 09:00:12,479 - INFO - Telegram alert sent successfully.
2026-07-06 09:00:14,479 - INFO - State saved. Added 1 articles to seen list (processed 1).
2026-07-06 09:30:01,902 - INFO - Scraping TrendForce main news page...
2026-07-06 09:30:02,157 - INFO - Found 5 articles on page.
2026-07-06 09:30:02,158 - INFO - No new articles detected.
2026-07-06 10:00:01,488 - INFO - Scraping TrendForce main news page...
2026-07-06 10:00:01,794 - INFO - Found 5 articles on page.
2026-07-06 10:00:01,794 - INFO - Processing new article: [News] China Breaks Into Panel-level Packaging: CFMEE’s 510×515mm PLP System Passes Validation
2026-07-06 10:00:12,216 - INFO - Sending full-text alert to Telegram chat -1003843549676...
2026-07-06 10:00:13,301 - INFO - Telegram alert sent successfully.
2026-07-06 10:00:15,301 - INFO - State saved. Added 1 articles to seen list (processed 1).
2026-07-06 10:30:01,962 - INFO - Scraping TrendForce main news page...
2026-07-06 10:30:02,169 - INFO - Found 5 articles on page.
2026-07-06 10:30:02,169 - INFO - No new articles detected.
2026-07-06 11:00:01,536 - INFO - Scraping TrendForce main news page...
2026-07-06 11:00:01,806 - INFO - Found 5 articles on page.
2026-07-06 11:00:01,806 - INFO - No new articles detected.
2026-07-06 11:30:01,500 - INFO - Scraping TrendForce main news page...
2026-07-06 11:30:01,742 - INFO - Found 5 articles on page.
2026-07-06 11:30:01,742 - INFO - Processing new article: [News] Micron Breaks Ground on Hiroshima Fab Expansion, Scaling 1γ DRAM and HBM Output as Equipment Set for 2H28
2026-07-06 11:30:12,984 - INFO - Sending full-text alert to Telegram chat -1003843549676...
2026-07-06 11:30:14,058 - INFO - Telegram alert sent successfully.
2026-07-06 11:30:16,059 - INFO - State saved. Added 1 articles to seen list (processed 1).
2026-07-06 12:00:02,005 - INFO - Scraping TrendForce main news page...
2026-07-06 12:00:02,131 - ERROR - Failed to fetch main news page. HTTP 502
2026-07-06 12:00:02,131 - ERROR - No articles found on main news page.
2026-07-06 12:30:01,531 - INFO - Scraping TrendForce main news page...
2026-07-06 12:30:01,715 - INFO - Found 5 articles on page.
2026-07-06 12:30:01,715 - INFO - No new articles detected.
2026-07-06 13:00:01,682 - INFO - Scraping TrendForce main news page...
2026-07-06 13:00:02,152 - INFO - Found 5 articles on page.
2026-07-06 13:00:02,152 - INFO - Processing new article: [News] Intel Reportedly Weighs Dual-Side Power Delivery for 14A2 to Boost Chip Density in Race With TSMC, Samsung
2026-07-06 13:00:13,084 - INFO - Sending full-text alert to Telegram chat -1003843549676...
2026-07-06 13:00:14,418 - INFO - Telegram alert sent successfully.
2026-07-06 13:00:16,418 - INFO - State saved. Added 1 articles to seen list (processed 1).
2026-07-06 13:30:01,808 - INFO - Scraping TrendForce main news page...
2026-07-06 13:30:02,052 - INFO - Found 5 articles on page.
2026-07-06 13:30:02,053 - INFO - No new articles detected.
2026-07-06 14:00:01,340 - INFO - Scraping TrendForce main news page...
2026-07-06 14:00:01,617 - INFO - Found 5 articles on page.
2026-07-06 14:00:01,617 - INFO - No new articles detected.
2026-07-06 14:30:01,142 - INFO - Scraping TrendForce main news page...
2026-07-06 14:30:01,457 - INFO - Found 5 articles on page.
2026-07-06 14:30:01,457 - INFO - No new articles detected.
2026-07-06 15:00:01,836 - INFO - Scraping TrendForce main news page...
2026-07-06 15:00:02,163 - INFO - Found 5 articles on page.
2026-07-06 15:00:02,163 - INFO - No new articles detected.
2026-07-06 15:30:01,799 - INFO - Scraping TrendForce main news page...
2026-07-06 15:30:02,047 - INFO - Found 5 articles on page.
2026-07-06 15:30:02,047 - INFO - No new articles detected.
2026-07-06 16:00:02,091 - INFO - Scraping TrendForce main news page...
2026-07-06 16:00:02,324 - INFO - Found 5 articles on page.
2026-07-06 16:00:02,324 - INFO - Processing new article: [News] Samsung, SK hynix Reportedly Look Beyond Chinese Tool and Component Suppliers Amid Supply Chain Risks
2026-07-06 16:00:12,248 - INFO - Sending full-text alert to Telegram chat -1003843549676...
2026-07-06 16:00:13,489 - INFO - Telegram alert sent successfully.
2026-07-06 16:00:15,489 - INFO - State saved. Added 1 articles to seen list (processed 1).
2026-07-06 16:30:01,613 - INFO - Scraping TrendForce main news page...
2026-07-06 16:30:01,843 - INFO - Found 5 articles on page.
2026-07-06 16:30:01,843 - INFO - Processing new article: [News] Huawei Expands Tau Scaling Law V2 Paper, Highlighting LogicFolding Path to Ascend AI Chips in 2030
2026-07-06 16:30:13,781 - INFO - Sending full-text alert to Telegram chat -1003843549676...
2026-07-06 16:30:14,889 - INFO - Telegram alert sent successfully.
2026-07-06 16:30:16,890 - INFO - State saved. Added 1 articles to seen list (processed 1).
2026-07-06 17:00:02,042 - INFO - Scraping TrendForce main news page...
2026-07-06 17:00:02,809 - INFO - Found 5 articles on page.
2026-07-06 17:00:02,810 - INFO - No new articles detected.
2026-07-06 17:30:01,705 - INFO - Scraping TrendForce main news page...
2026-07-06 17:30:01,940 - INFO - Found 5 articles on page.
2026-07-06 17:30:01,941 - INFO - No new articles detected.
2026-07-06 18:00:01,237 - INFO - Scraping TrendForce main news page...
2026-07-06 18:00:01,448 - INFO - Found 5 articles on page.
2026-07-06 18:00:01,449 - INFO - No new articles detected.
2026-07-06 18:30:01,526 - INFO - Scraping TrendForce main news page...
2026-07-06 18:30:01,726 - INFO - Found 5 articles on page.
2026-07-06 18:30:01,726 - INFO - No new articles detected.
2026-07-06 19:00:01,934 - INFO - Scraping TrendForce main news page...
2026-07-06 19:00:02,163 - INFO - Found 5 articles on page.
2026-07-06 19:00:02,163 - INFO - No new articles detected.
2026-07-06 19:30:01,826 - INFO - Scraping TrendForce main news page...
2026-07-06 19:30:02,227 - INFO - Found 5 articles on page.
2026-07-06 19:30:02,227 - INFO - No new articles detected.
2026-07-06 20:00:01,746 - INFO - Scraping TrendForce main news page...
2026-07-06 20:00:01,928 - INFO - Found 5 articles on page.
2026-07-06 20:00:01,928 - INFO - No new articles detected.
2026-07-06 20:30:01,913 - INFO - Scraping TrendForce main news page...
2026-07-06 20:30:02,613 - INFO - Found 5 articles on page.
2026-07-06 20:30:02,613 - INFO - No new articles detected.
