KOSPI_종가,KOSPI_등락률,KOSDAQ_종가,KOSDAQ_등락률,USD_KRW_환율
5969.64,2.10999999999999,1165.0,1.13,1443.43994140625
