KOSPI_종가,KOSPI_등락률,KOSDAQ_종가,KOSDAQ_등락률,USD_KRW_환율
4949.59,-0.8099999999999999,1064.41,7.090000000000001,1444.81005859375
