corp_code,corp_name,stock_code,corp_cls,report_nm,rcept_no,flr_nm,rcept_dt,rm
00133858,세방전지,004490,Y,[첨부추가]사업보고서 (2024.12),20250312000986,세방전지,20250312,연
00150536,진양제약,007370,K,[첨부추가]사업보고서 (2024.12),20250312001044,진양제약,20250312,정
00442048,아바텍,149950,K,[첨부추가]사업보고서 (2024.12),20250312000750,아바텍,20250312,정
00146649,일진홀딩스,015860,Y,[첨부추가]사업보고서 (2024.12),20250312000667,일진홀딩스,20250312,정연
01309388,LS티라유텍,322180,K,사업보고서 (2024.12),20250312001153,LS티라유텍,20250312,연
00158307,롯데하이마트,071840,Y,[첨부정정]사업보고서 (2024.12),20250312001152,롯데하이마트,20250312,
00983040,한진칼,180640,Y,감사보고서제출(자회사의 주요경영사항)              ,20250312801939,한진칼,20250312,유
00113526,대한항공,003490,Y,감사보고서제출              ,20250312801903,대한항공,20250312,유
00164742,현대자동차,005380,Y,사업보고서 (2024.12),20250312001148,현대자동차,20250312,연
01357765,큐라티스,348080,K,최대주주변경              ,20250312901934,큐라티스,20250312,코
00356839,메디콕스,054180,K,기타시장안내(최대주주의의무보유관련)              ,20250312901931,코스닥시장본부,20250312,코
01309388,LS티라유텍,322180,K,감사보고서제출              ,20250312901912,LS티라유텍,20250312,코
01261644,레인보우로보틱스,277810,K,[기재정정]최대주주변경              ,20250312901930,레인보우로보틱스,20250312,코정
00141307,영풍,000670,Y,주주총회집중일개최사유신고              ,20250312801927,영풍,20250312,유
00141307,영풍,000670,Y,주주총회소집결의              ,20250312801923,영풍,20250312,유정
01157235,아스타,246720,K,매출액또는손익구조30%(대규모법인은15%)이상변동              ,20250312901910,아스타,20250312,코
00173449,빌리언스,044480,K,감사보고서제출              ,20250312901916,빌리언스,20250312,코
01276026,지놈앤컴퍼니,314130,K,주주총회집중일개최사유신고              ,20250312901896,지놈앤컴퍼니,20250312,코
01276026,지놈앤컴퍼니,314130,K,주주총회소집결의              ,20250312901894,지놈앤컴퍼니,20250312,코
00367400,모티브링크,463480,K,주주총회소집결의              ,20250312901874,모티브링크,20250312,코
00145109,유한양행,000100,Y,사업보고서 (2024.12),20250312001137,유한양행,20250312,연
00219440,휴맥스홀딩스,028080,K,주주총회집중일개최사유신고              ,20250312901437,휴맥스홀딩스,20250312,코
00219440,휴맥스홀딩스,028080,K,주주총회소집결의              ,20250312901907,휴맥스홀딩스,20250312,코
00302236,태양3C,052960,N,주주총회집중일개최사유신고              ,20250312601911,태양3C,20250312,넥
00141307,영풍,000670,Y,[기재정정]현금ㆍ현물배당결정              ,20250312801914,영풍,20250312,유
00302236,태양3C,052960,N,현금ㆍ현물배당을위한주주명부폐쇄(기준일)결정              ,20250312601843,태양3C,20250312,넥
00154329,TP,007980,Y,주주총회집중일개최사유신고              ,20250312801909,TP,20250312,유
01261644,레인보우로보틱스,277810,K,최대주주변경              ,20250312901901,레인보우로보틱스,20250312,코정
00403632,현대퓨처넷,126560,Y,감사보고서제출              ,20250312801898,현대퓨처넷,20250312,유
00302236,태양3C,052960,N,주주총회소집결의              ,20250312601871,태양3C,20250312,넥
01068737,에이치피오,357230,K,주주총회소집결의              ,20250312901872,에이치피오,20250312,코
00130587,서울전자통신,027040,K,주주총회집중일개최사유신고              ,20250312901877,서울전자통신,20250312,코정
00141307,영풍,000670,Y,현금ㆍ현물배당결정              ,20250312801908,영풍,20250312,유정
00130587,서울전자통신,027040,K,주주총회소집결의              ,20250312901873,서울전자통신,20250312,코정
01013311,헥토이노베이션,214180,K,주주총회집중일개최사유신고              ,20250312901902,헥토이노베이션,20250312,코
01011526,엔켐,348370,K,[기재정정]최대주주변경을수반하는주식담보제공계약체결              ,20250312901897,엔켐,20250312,코정
00112022,대원화성,024890,Y,[기재정정]주주총회소집결의              ,20250312801895,대원화성,20250312,유
00432102,한국금융지주,071050,Y,[기재정정]매출액또는손익구조30%(대규모법인은15%)이상변경(자회사의 주요경영사항)              ,20250312801848,한국금융지주,20250312,유
01013311,헥토이노베이션,214180,K,타법인주식및출자증권취득결정              ,20250312901797,헥토이노베이션,20250312,코
00523307,다원시스,068240,K,[기재정정]거래처와의거래중단              ,20250312901869,다원시스,20250312,코정
01316236,효성화학,298000,Y,기타시장안내              (상장적격성 실질심사 사유 발생),20250312801882,유가증권시장본부,20250312,유
00238153,파세코,037070,K,[기재정정]매출액또는손익구조30%(대규모법인은15%)이상변동              ,20250312901858,파세코,20250312,코
00163345,DB,012030,Y,[기재정정]매출액또는손익구조30%(대규모법인은15%)이상변경(자회사의 주요경영사항)              ,20250312801852,DB,20250312,유
00302582,캐스텍코리아,071850,K,주주총회소집결의              ,20250312901803,캐스텍코리아,20250312,코
00508344,SK디앤디,210980,Y,감사보고서제출              ,20250312801831,SK디앤디,20250312,유
00154329,TP,007980,Y,주주총회소집결의              ,20250312801851,TP,20250312,유
00150165,브이티,018290,K,[첨부정정]주주총회소집결의              ,20250312901847,브이티,20250312,코
01316236,효성화학,298000,Y,기타경영사항(자율공시)              ,20250312801861,효성화학,20250312,유
01316236,효성화학,298000,Y,감사보고서제출              ,20250312801866,효성화학,20250312,유
00155586,HLB이노베이션,024850,K,감사보고서제출              ,20250312901778,HLB이노베이션,20250312,코
00917861,슈피겐코리아,192440,K,주주총회집중일개최사유신고              ,20250312901827,슈피겐코리아,20250312,코
01853214,신한제14호스팩,487360,K,사업보고서 (2024.12),20250312001122,신한제14호스팩,20250312,
00136721,신영증권,001720,Y,투자설명서(일괄신고),20250312001118,신영증권,20250312,
00141389,KZ정밀,036560,K,사업보고서 (2024.12),20250312001117,KZ정밀,20250312,
00136378,신세계,004170,Y,사업보고서 (2024.12),20250312001128,신세계,20250312,연
00497631,티플랙스,081150,K,소송등의제기ㆍ신청(경영권분쟁소송)              (의안상정 가처분 신청),20250312901815,티플랙스,20250312,코
00205003,좋은사람들,033340,K,주주총회소집결의              ,20250312901813,좋은사람들,20250312,코
01409022,페니트리움바이오,187660,K,사업보고서 (2024.12),20250312001116,페니트리움바이오,20250312,정연
00160843,DB하이텍,000990,Y,[기재정정]매출액또는손익구조30%(대규모법인은15%)이상변경              ,20250312801768,DB하이텍,20250312,유
01809569,신한제12호스팩,474660,K,사업보고서 (2024.12),20250312001114,신한제12호스팩,20250312,
00540571,엘디티,096870,K,주주총회소집공고,20250312001115,엘디티,20250312,
00158307,롯데하이마트,071840,Y,사업보고서 (2024.12),20250312001113,롯데하이마트,20250312,정
00141389,KZ정밀,036560,K,감사보고서제출              ,20250312901838,KZ정밀,20250312,코
00163345,DB,012030,Y,감사보고서제출(자회사의 주요경영사항)              ,20250312801833,DB,20250312,유
00142713,형지I&C,011080,K,감사보고서제출              ,20250312901819,형지I&C,20250312,코
00154329,TP,007980,Y,주주총회소집공고,20250312001110,TP,20250312,
00565154,이노션,214320,Y,사업보고서 (2024.12),20250312001108,이노션,20250312,정연
01276026,지놈앤컴퍼니,314130,K,투자판단관련주요경영사항(임상시험계획자진취하등)              ,20250312901777,지놈앤컴퍼니,20250312,코
00141307,영풍,000670,Y,주주총회소집공고,20250312001109,영풍,20250312,정
00219440,휴맥스홀딩스,028080,K,[기재정정]매출액또는손익구조30%(대규모법인은15%)이상변동              ,20250312901742,휴맥스홀딩스,20250312,코
00808086,HLB펩,196300,K,주주총회소집결의              ,20250312901762,HLB펩,20250312,코
00526836,미래나노텍,095500,K,사업보고서 (2024.12),20250312001106,미래나노텍,20250312,연
00302236,태양3C,052960,N,현금ㆍ현물배당결정              ,20250312601796,태양3C,20250312,넥
00526836,미래나노텍,095500,K,감사보고서제출              ,20250312901709,미래나노텍,20250312,코
01233465,동국생명과학,303810,K,사업보고서 (2024.12),20250312001105,동국생명과학,20250312,
01867758,한화비전,489790,Y,감사보고서제출(자회사의 주요경영사항)              ,20250312801801,한화비전,20250312,유
00545734,아미코젠,092040,K,의결권대리행사권유참고서류,20250312001104,아미코젠,20250312,정
00150633,지누스,013890,Y,감사보고서제출              ,20250312801757,지누스,20250312,유
00126308,삼성E&A,028050,Y,사업보고서 (2024.12),20250312001103,삼성E&A,20250312,정연
00415707,엔텔스,069410,K,사업보고서 (2024.12),20250312001102,엔텔스,20250312,연
00157681,롯데정밀화학,004000,Y,사업보고서 (2024.12),20250312001101,롯데정밀화학,20250312,정연
00442154,제이엔케이글로벌,126880,K,주주총회집중일개최사유신고              ,20250312901758,제이엔케이글로벌,20250312,코
00205003,좋은사람들,033340,K,주주총회집중일개최사유신고              ,20250312901671,좋은사람들,20250312,코
00160843,DB하이텍,000990,Y,감사보고서제출              ,20250312801754,DB하이텍,20250312,유
00205003,좋은사람들,033340,K,매출액또는손익구조30%(대규모법인은15%)이상변동              ,20250312901690,좋은사람들,20250312,코
00128661,에스에이엠티,031330,K,사업보고서 (2024.12),20250312001100,에스에이엠티,20250312,연
00540571,엘디티,096870,K,주주총회집중일개최사유신고              ,20250312901814,엘디티,20250312,코
00858364,BNK금융지주,138930,Y,[기재정정]주주총회소집공고,20250312001099,BNK금융지주,20250312,
00897752,천보,278280,K,사업보고서 (2024.12),20250312001097,천보,20250312,정연
00463342,폴라리스AI파마,041910,K,감사보고서제출              ,20250312901612,폴라리스AI파마,20250312,코
01809569,신한제12호스팩,474660,K,감사보고서제출              ,20250312901802,신한제12호스팩,20250312,코
01351080,지아이이노베이션,358570,K,[기재정정]주식등의대량보유상황보고서(일반),20250312001096,장명호,20250312,
01263022,BGF리테일,282330,Y,주식등의대량보유상황보고서(일반),20250312001095,BGF,20250312,
01316254,HS효성첨단소재,298050,Y,사업보고서 (2024.12),20250312001093,HS효성첨단소재,20250312,연
00348034,액토즈소프트,052790,K,주주총회소집공고,20250312001094,액토즈소프트,20250312,
01854408,신한제15호스팩,487830,K,사업보고서 (2024.12),20250312001092,신한제15호스팩,20250312,
00125150,SGC에너지,005090,Y,사업보고서 (2024.12),20250312001090,SGC에너지,20250312,연
00416654,유엔젤,072130,Y,[첨부정정]의결권대리행사권유참고서류,20250312001091,더원엠티에스,20250312,정
00128661,에스에이엠티,031330,K,감사보고서제출              ,20250312901780,에스에이엠티,20250312,코
01854763,HS효성,487570,Y,타인에대한채무보증결정(자회사의 주요경영사항)              ,20250312801772,HS효성,20250312,유
00173102,모나리자,012690,Y,최대주주인명목회사의최대주주변경              ,20250312801820,모나리자,20250312,유
00141307,영풍,000670,Y,주식등의대량보유상황보고서(일반),20250312001089,KZ정밀,20250312,
00186939,특수건설,026150,K,주주총회집중일개최사유신고              ,20250312901751,특수건설,20250312,코
00917861,슈피겐코리아,192440,K,주주총회소집공고,20250312001088,슈피겐코리아,20250312,
00348034,액토즈소프트,052790,K,주주총회집중일개최사유신고              ,20250312901788,액토즈소프트,20250312,코
00150633,지누스,013890,Y,사업보고서 (2024.12),20250312001147,지누스,20250312,정연
00164478,현대건설,000720,Y,사업보고서 (2024.12),20250312001136,현대건설,20250312,정연
00118345,디아이동일,001530,Y,[기재정정]의결권대리행사권유참고서류,20250312001085,디아이동일,20250312,
00491053,진바이오텍,086060,K,의결권대리행사권유참고서류,20250312001084,진바이오텍,20250312,
00150165,브이티,018290,K,[기재정정]주주총회소집공고,20250312001082,브이티,20250312,
00249441,씨씨에스,066790,K,의결권대리행사권유참고서류,20250312001081,씨씨에스,20250312,정
00363510,제이케이시냅스,060230,K,증권발행결과(자율공시)              (제3자배정 유상증자),20250312901761,제이케이시냅스,20250312,코
00679314,동성케미컬,102260,Y,주주총회집중일개최사유신고              ,20250312801789,동성케미컬,20250312,유
00141307,영풍,000670,Y,임원ㆍ주요주주특정증권등소유상황보고서,20250312001079,SunMetalsHoldingsLimited,20250312,
00414850,효성 ITX,094280,Y,감사보고서제출              ,20250312801653,효성 ITX,20250312,유
00555874,제주항공,089590,Y,주식등의대량보유상황보고서(일반),20250312001078,AK홀딩스,20250312,
00664853,제이씨케미칼,137950,K,사업보고서 (2024.12),20250312001076,제이씨케미칼,20250312,연
00141307,영풍,000670,Y,임원ㆍ주요주주특정증권등소유상황보고서,20250312001075,SunMetalsCorporationPtyLtd,20250312,
01263022,BGF리테일,282330,Y,최대주주등소유주식변동신고서              ,20250312801791,BGF리테일,20250312,유
00141307,영풍,000670,Y,주식분할결정              ,20250312801790,영풍,20250312,유정
00638487,파수AI,150900,K,의결권대리행사권유참고서류,20250312001074,파수AI,20250312,
01032413,해성디에스,195870,Y,[기재정정]의결권대리행사권유참고서류,20250312001073,해성디에스,20250312,
00442154,제이엔케이글로벌,126880,K,현금ㆍ현물배당결정              ,20250312901658,제이엔케이글로벌,20250312,코
00131850,SK증권,001510,Y,투자설명서(일괄신고),20250312001072,SK증권,20250312,
00403632,현대퓨처넷,126560,Y,사업보고서 (2024.12),20250312001070,현대퓨처넷,20250312,정연
01693922,지슨,446840,K,주주총회소집공고,20250312001071,지슨,20250312,
01807747,신한제13호스팩,474930,K,사업보고서 (2024.12),20250312001069,신한제13호스팩,20250312,
00983040,한진칼,180640,Y,[기재정정]타인에대한담보제공결정(자회사의 주요경영사항)              ,20250312801740,한진칼,20250312,유
01262032,롯데이노베이트,286940,Y,감사보고서제출              ,20250312801683,롯데이노베이트,20250312,유
00348034,액토즈소프트,052790,K,주주총회소집결의              ,20250312901734,액토즈소프트,20250312,코
00679314,동성케미컬,102260,Y,의결권대리행사권유참고서류,20250312001068,동성케미컬,20250312,
00115676,KG스틸,016380,Y,[기재정정]주주총회소집공고,20250312001067,KG스틸,20250312,정
00266952,네오위즈홀딩스,042420,K,[기재정정]주주총회소집공고,20250312001065,네오위즈홀딩스,20250312,
01316254,HS효성첨단소재,298050,Y,타인에대한채무보증결정              ,20250312801662,HS효성첨단소재,20250312,유
00793155,핸디소프트,220180,K,주주총회소집공고,20250312001064,핸디소프트,20250312,
00442154,제이엔케이글로벌,126880,K,주주총회소집결의              ,20250312901642,제이엔케이글로벌,20250312,코
00126256,삼성생명,032830,Y,사업보고서 (2024.12),20250312001063,삼성생명,20250312,정연
00219097,BGF,027410,Y,최대주주등소유주식변동신고서              ,20250312801769,BGF,20250312,유
00442154,제이엔케이글로벌,126880,K,매출액또는손익구조30%(대규모법인은15%)이상변동              ,20250312901635,제이엔케이글로벌,20250312,코
00118345,디아이동일,001530,Y,소송등의제기ㆍ신청(경영권분쟁소송)              ,20250312801607,디아이동일,20250312,유
00525934,LX세미콘,108320,Y,[기재정정]사업보고서 (2024.12),20250312001059,LX세미콘,20250312,연
01409022,페니트리움바이오,187660,K,감사보고서제출              ,20250312901576,페니트리움바이오,20250312,코
00118345,디아이동일,001530,Y,[기재정정]의결권대리행사권유참고서류,20250312001058,신민석,20250312,
00793155,핸디소프트,220180,K,매출액또는손익구조30%(대규모법인은15%)이상변동              ,20250312901716,핸디소프트,20250312,코
01181515,엘앤씨바이오,290650,K,의결권대리행사권유참고서류,20250312001055,엘앤씨바이오,20250312,정
00403766,한국첨단소재,062970,K,사업보고서 (2024.12),20250312001054,한국첨단소재,20250312,
00348034,액토즈소프트,052790,K,[기재정정]매출액또는손익구조30%(대규모법인은15%)이상변동              ,20250312901707,액토즈소프트,20250312,코
00679314,동성케미컬,102260,Y,주주총회소집공고,20250312001053,동성케미컬,20250312,
00540571,엘디티,096870,K,주주총회소집결의              ,20250312901710,엘디티,20250312,코
01181515,엘앤씨바이오,290650,K,주주총회소집공고,20250312001051,엘앤씨바이오,20250312,정
01497373,아이엠비디엑스,461030,K,주주총회집중일개최사유신고              ,20250312901647,아이엠비디엑스,20250312,코
00302582,캐스텍코리아,071850,K,소송등의판결ㆍ결정              ,20250312901752,캐스텍코리아,20250312,코
01497373,아이엠비디엑스,461030,K,주주총회소집결의              ,20250312901620,아이엠비디엑스,20250312,코
00150828,진흥기업,002780,Y,사업보고서 (2024.12),20250312001050,진흥기업,20250312,정
00516246,알에프세미,096610,K,불성실공시법인지정              (공시번복),20250312901657,코스닥시장본부,20250312,코정
00164973,현대해상,001450,Y,감사보고서제출              ,20250312801689,현대해상,20250312,유
00793155,핸디소프트,220180,K,주주총회집중일개최사유신고              ,20250312901736,핸디소프트,20250312,코
00793155,핸디소프트,220180,K,주주총회소집결의              ,20250312901684,핸디소프트,20250312,코
00205003,좋은사람들,033340,K,주주총회소집공고,20250312001049,좋은사람들,20250312,
00203023,시노펙스,025320,K,불성실공시법인미지정              (지정유예),20250312901578,코스닥시장본부,20250312,코
00126478,삼성중공업,010140,Y,사업보고서 (2024.12),20250312001048,삼성중공업,20250312,정연
01316236,효성화학,298000,Y,사업보고서 (2024.12),20250312001129,효성화학,20250312,연
00187770,한국파마,032300,K,주주총회집중일개최사유신고              ,20250312901611,한국파마,20250312,코
00117179,디와이,013570,Y,사업보고서 (2024.12),20250312001047,디와이,20250312,연
00415707,엔텔스,069410,K,감사보고서제출              ,20250312901627,엔텔스,20250312,코
00113526,대한항공,003490,Y,[기재정정]타인에대한담보제공결정              ,20250312801739,대한항공,20250312,유
00102432,계룡건설산업,013580,Y,[기재정정]단일판매ㆍ공급계약체결              ,20250312801580,계룡건설산업,20250312,유정
01535150,SK리츠,395400,Y,사업보고서 (2024.12),20250312001045,SK리츠,20250312,연
00187770,한국파마,032300,K,주주총회소집공고,20250312001042,한국파마,20250312,
01571107,오픈엣지테크놀로지,394280,K,의결권대리행사권유참고서류,20250312001041,오픈엣지테크놀로지,20250312,
01059605,디와이파워,210540,Y,사업보고서 (2024.12),20250312001039,디와이파워,20250312,연
01311286,퀀타매트릭스,317690,K,주주총회소집결의              ,20250312901619,퀀타매트릭스,20250312,코
00260611,웰킵스하이텍,043590,K,임원ㆍ주요주주특정증권등소유상황보고서,20250312001038,웰킵스홀딩스,20250312,
00219097,BGF,027410,Y,주식등의대량보유상황보고서(일반),20250312001037,홍석조,20250312,
00139205,안국약품,001540,K,주주총회소집공고,20250312001036,안국약품,20250312,
01311286,퀀타매트릭스,317690,K,파생상품거래손실발생              ,20250312901723,퀀타매트릭스,20250312,코
00402110,시큐브,131090,K,[첨부정정]의결권대리행사권유참고서류,20250312001034,시큐브,20250312,
00435312,하이스틸,071090,Y,[기재정정]사업보고서 (2024.12),20250312001033,하이스틸,20250312,연
01075126,사토시홀딩스,223310,K,기타시장안내              (상장적격성 실질심사 사유 발생 ),20250312901688,코스닥시장본부,20250312,코
01075126,사토시홀딩스,223310,K,감사보고서제출              ,20250312901650,사토시홀딩스,20250312,코정
01075126,사토시홀딩스,223310,K,주권매매거래정지              (상장적격성 실질심사 대상 (사유발생)),20250312901685,코스닥시장본부,20250312,코
00139205,안국약품,001540,K,주주총회집중일개최사유신고              ,20250312901630,안국약품,20250312,코
00463342,폴라리스AI파마,041910,K,사업보고서 (2024.12),20250312001029,폴라리스AI파마,20250312,
00136721,신영증권,001720,Y,일괄신고추가서류(파생결합사채-주가연계파생결합사채),20250312001028,신영증권,20250312,
00130684,서울도시가스,017390,Y,사업보고서 (2024.12),20250312001027,서울도시가스,20250312,정연
00150536,진양제약,007370,K,감사보고서제출              ,20250312901649,진양제약,20250312,코
01032413,해성디에스,195870,Y,[기재정정]주주총회소집공고,20250312001026,해성디에스,20250312,
01068737,에이치피오,357230,K,의결권대리행사권유참고서류,20250312001025,에이치피오,20250312,
00403766,한국첨단소재,062970,K,감사보고서제출              ,20250312901573,한국첨단소재,20250312,코
00122825,프리티,006490,Y,주요사항보고서(자기전환사채만기전취득결정),20250312001007,프리티,20250312,
00265324,CJ ENM,035760,K,주주총회집중일개최사유신고              ,20250312901652,CJ ENM,20250312,코
00982023,실리콘투,257720,K,주주총회소집공고,20250312001021,실리콘투,20250312,
00106395,금호전기,001210,Y,불성실공시법인지정              ,20250312801598,유가증권시장본부,20250312,유
00252135,주성엔지니어링,036930,K,감사보고서제출              ,20250312901628,주성엔지니어링,20250312,코
00218575,황금에스티,032560,Y,[기재정정]의결권대리행사권유참고서류,20250312001019,황금에스티,20250312,
00155319,POSCO홀딩스,005490,Y,사업보고서 (2024.12),20250312001016,POSCO홀딩스,20250312,연
01013694,인카금융서비스,211050,K,주식등의대량보유상황보고서(일반),20250312001017,최병채,20250312,
00347062,현대바이오랜드,052260,K,[기재정정]감사보고서제출              ,20250312901639,현대바이오랜드,20250312,코
00405278,KG파이낸셜,046440,K,사업보고서 (2024.12),20250312001015,KG파이낸셜,20250312,정연
00362292,씨티씨바이오,060590,K,매출액또는손익구조30%(대규모법인은15%)이상변동              ,20250312901585,씨티씨바이오,20250312,코
00765462,씨에스베어링,297090,K,의결권대리행사권유참고서류,20250312001013,씨에스베어링,20250312,
01068737,에이치피오,357230,K,주주총회소집공고,20250312001012,에이치피오,20250312,
00679314,동성케미컬,102260,Y,[첨부추가]주주총회소집결의              ,20250312801459,동성케미컬,20250312,유
00171265,파라다이스,034230,Y,투자판단관련주요경영사항              ,20250312801656,파라다이스,20250312,유
00158307,롯데하이마트,071840,Y,감사보고서제출              ,20250312801632,롯데하이마트,20250312,유
00126292,삼성카드,029780,Y,[기재정정]일괄신고서,20250312001011,삼성카드,20250312,정
00131197,서원,021050,Y,주주총회집중일개최사유신고              ,20250312801631,서원,20250312,유
00136925,신원종합개발,017000,K,[첨부정정]의결권대리행사권유참고서류,20250312001010,신원종합개발,20250312,
01109070,비피도,238200,K,사업보고서 (2024.12),20250312001009,비피도,20250312,연
00982023,실리콘투,257720,K,주주총회집중일개최사유신고              ,20250312901641,실리콘투,20250312,코
01181515,엘앤씨바이오,290650,K,주주총회소집결의              ,20250312901629,엘앤씨바이오,20250312,코정
00152686,코리아써키트,007810,Y,[기재정정]매출액또는손익구조30%(대규모법인은15%)이상변경              ,20250312801609,코리아써키트,20250312,유
00148364,하림지주,003380,K,주식등의대량보유상황보고서(일반),20250312001004,김홍국,20250312,
00264547,KG이니시스,035600,K,사업보고서 (2024.12),20250312001002,KG이니시스,20250312,정연
00186939,특수건설,026150,K,의결권대리행사권유참고서류,20250312001003,특수건설,20250312,
01236532,와이즈버즈,273060,K,사업보고서 (2024.12),20250312001001,와이즈버즈,20250312,연
01353848,이노벡스,279060,N,주주총회소집공고,20250312001000,이노벡스,20250312,
01853214,신한제14호스팩,487360,K,감사보고서제출              ,20250312901474,신한제14호스팩,20250312,코
00143527,경동인베스트,012320,Y,주주총회집중일개최사유신고              ,20250312801604,경동인베스트,20250312,유
00120021,LG,003550,Y,감사보고서제출(자회사의 주요경영사항)              ,20250312801606,LG,20250312,유
00111704,한화오션,042660,Y,사업보고서 (2024.12),20250312000998,한화오션,20250312,정연
00171265,파라다이스,034230,Y,신규시설투자등              ,20250312801602,파라다이스,20250312,유
00126478,삼성중공업,010140,Y,감사보고서제출              ,20250312801588,삼성중공업,20250312,유
00234412,신세계인터내셔날,031430,Y,사업보고서 (2024.12),20250312000996,신세계인터내셔날,20250312,정연
00155212,포스코DX,022100,Y,감사보고서제출              ,20250312801587,포스코DX,20250312,유
00982023,실리콘투,257720,K,주주총회소집결의              ,20250312901572,실리콘투,20250312,코
01109070,비피도,238200,K,감사보고서제출              ,20250312901464,비피도,20250312,코
00117179,디와이,013570,Y,감사보고서제출              ,20250312801559,디와이,20250312,유
00633835,HJ중공업,097230,Y,임원ㆍ주요주주특정증권등소유상황보고서,20250312000994,에코프라임마린퍼시픽,20250312,
00350048,오성첨단소재,052420,K,의결권대리행사권유참고서류,20250312000993,오성첨단소재,20250312,
00140177,GS리테일,007070,Y,사업보고서 (2024.12),20250312000991,GS리테일,20250312,연
00203290,콜마홀딩스,024720,Y,의결권대리행사권유참고서류,20250312000992,콜마홀딩스,20250312,정
01854763,HS효성,487570,Y,사업보고서 (2024.12),20250312000990,HS효성,20250312,연
00125150,SGC에너지,005090,Y,감사보고서제출              ,20250312801589,SGC에너지,20250312,유
01047840,미스터블루,207760,K,사업보고서 (2024.12),20250312000988,미스터블루,20250312,연
00131197,서원,021050,Y,의결권대리행사권유참고서류,20250312000989,서원,20250312,
01325979,세아제강,306200,Y,사업보고서 (2024.12),20250312000987,세아제강,20250312,연
00126292,삼성카드,029780,Y,감사보고서제출              ,20250312801517,삼성카드,20250312,유
00917861,슈피겐코리아,192440,K,현금ㆍ현물배당결정              ,20250312901561,슈피겐코리아,20250312,코
00917861,슈피겐코리아,192440,K,주주총회소집결의              ,20250312901470,슈피겐코리아,20250312,코
01181515,엘앤씨바이오,290650,K,[기재정정]매출액또는손익구조30%(대규모법인은15%)이상변동              ,20250312901560,엘앤씨바이오,20250312,코
00918222,엘앤케이바이오,156100,K,감사보고서제출              ,20250312901473,엘앤케이바이오,20250312,코
01099667,에스디생명공학,217480,K,주주총회집중일개최사유신고              ,20250312901586,에스디생명공학,20250312,코
00664853,제이씨케미칼,137950,K,감사보고서제출              ,20250312901568,제이씨케미칼,20250312,코
00158501,에스원,012750,Y,사업보고서 (2024.12),20250312000984,에스원,20250312,연
00187770,한국파마,032300,K,주주총회소집결의              ,20250312901546,한국파마,20250312,코
00520887,비상교육,100220,Y,주주총회집중일개최사유신고              ,20250312801593,비상교육,20250312,유
00401731,LG전자,066570,Y,감사보고서제출              ,20250312801558,LG전자,20250312,유
01137383,카카오게임즈,293490,K,[기재정정]매출액또는손익구조30%(대규모법인은15%)이상변동              ,20250312901549,카카오게임즈,20250312,코정
00174527,HS화성,002460,Y,[기재정정]주주총회소집결의              ,20250312801388,HS화성,20250312,유
00164742,현대자동차,005380,Y,특수관계인으로부터기타유가증권매수,20250312000980,현대자동차,20250312,공
00249894,테라젠이텍스,066700,K,[첨부정정]의결권대리행사권유참고서류,20250312000977,테라젠이텍스,20250312,
01792791,IBKS제24호스팩,469480,K,[기재정정]주주총회소집공고,20250312000976,IBKS제24호스팩,20250312,
01316254,HS효성첨단소재,298050,Y,불성실공시법인지정예고              ,20250312801577,유가증권시장본부,20250312,유
00143527,경동인베스트,012320,Y,의결권대리행사권유참고서류,20250312000975,경동인베스트,20250312,
00828789,대성산업,128820,Y,주주총회소집공고,20250312000974,대성산업,20250312,정
00143527,경동인베스트,012320,Y,주주총회소집공고,20250312000972,경동인베스트,20250312,
00131197,서원,021050,Y,주주총회소집공고,20250312000971,서원,20250312,
01316245,효성중공업,298040,Y,사업보고서 (2024.12),20250312000970,효성중공업,20250312,정연
00143527,경동인베스트,012320,Y,주주총회소집결의              ,20250312801523,경동인베스트,20250312,유
01714997,신한글로벌액티브리츠,481850,Y,기업설명회(IR)개최(안내공시)              ,20250312801529,신한글로벌액티브리츠,20250312,유
00350048,오성첨단소재,052420,K,주주총회소집공고,20250312000968,오성첨단소재,20250312,
00140131,키다리스튜디오,020120,Y,주주총회집중일개최사유신고              ,20250312801507,키다리스튜디오,20250312,유
00132804,성신양회,004980,Y,감사보고서제출              ,20250312801564,성신양회,20250312,유
00203290,콜마홀딩스,024720,Y,주주총회소집공고,20250312000967,콜마홀딩스,20250312,정
00400857,에이블씨엔씨,078520,Y,주식등의대량보유상황보고서(일반),20250312000966,리프앤바인,20250312,
00144164,SK가스,018670,Y,사업보고서 (2024.12),20250312000964,SK가스,20250312,연
00520887,비상교육,100220,Y,주주총회소집공고,20250312000965,비상교육,20250312,
01020269,탈로스,434190,N,주요사항보고서(유형자산양수결정),20250312000880,탈로스,20250312,정
00140779,영보화학,014440,Y,사업보고서 (2024.12),20250312000962,영보화학,20250312,연
00787057,휴맥스,115160,K,의결권대리행사권유참고서류,20250312000961,휴맥스,20250312,
00838005,서진시스템,178320,K,의결권대리행사권유참고서류,20250312000960,서진시스템,20250312,
00115676,KG스틸,016380,Y,[기재정정]주주총회소집결의              ,20250312801541,KG스틸,20250312,유
00204226,소프트센,032680,K,의결권대리행사권유참고서류,20250312000959,소프트센,20250312,정
00124799,사조산업,007160,Y,감사보고서제출              ,20250312801530,사조산업,20250312,유
00565154,이노션,214320,Y,감사보고서제출              ,20250312801528,이노션,20250312,유
00274933,신세계푸드,031440,Y,감사보고서제출              ,20250312801535,신세계푸드,20250312,유
00136004,신라에스지,025870,K,[기재정정]주주총회소집공고,20250312000958,신라에스지,20250312,
00787057,휴맥스,115160,K,주주총회소집공고,20250312000957,휴맥스,20250312,
00186939,특수건설,026150,K,주주총회소집공고,20250312000956,특수건설,20250312,
00203290,콜마홀딩스,024720,Y,주주총회소집결의              ,20250312801427,콜마홀딩스,20250312,유
00117188,효성,004800,Y,감사보고서제출(자회사의 주요경영사항)              ,20250312801540,효성,20250312,유
00366137,KG에코솔루션,151860,K,주주총회집중일개최사유신고              ,20250312901455,KG에코솔루션,20250312,코
00480455,STX엔진,077970,Y,주주총회소집결의              ,20250312801491,STX엔진,20250312,유정
00132804,성신양회,004980,Y,사업보고서 (2024.12),20250312000954,성신양회,20250312,연
00140131,키다리스튜디오,020120,Y,의결권대리행사권유참고서류,20250312000955,키다리스튜디오,20250312,정
01817249,미래에셋비전스팩5호,477470,K,사업보고서 (2024.12),20250312000953,미래에셋비전스팩5호,20250312,
00638487,파수AI,150900,K,주주총회소집공고,20250312000952,파수AI,20250312,
00679314,동성케미컬,102260,Y,매출액또는손익구조30%(대규모법인은15%)이상변경              ,20250312801411,동성케미컬,20250312,유
00117601,유안타증권,003470,Y,임원ㆍ주요주주특정증권등소유상황보고서,20250312000951,유안타씨큐리티즈아시아파이낸셜서비시스프라이빗리미티드,20250312,
01099667,에스디생명공학,217480,K,주주총회소집공고,20250312000950,에스디생명공학,20250312,
00554352,아이큐어,175250,K,주식등의대량보유상황보고서(일반),20250312000949,최영권,20250312,
00265324,CJ ENM,035760,K,동일인등출자계열회사와의상품ㆍ용역거래,20250312000948,CJ ENM,20250312,공
00148364,하림지주,003380,K,의결권대리행사권유참고서류,20250312000947,하림지주,20250312,
00118965,티에이치엔,019180,Y,주주총회소집공고,20250312000946,티에이치엔,20250312,
00140779,영보화학,014440,Y,감사보고서제출              ,20250312801406,영보화학,20250312,유
01316245,효성중공업,298040,Y,감사보고서제출              ,20250312801516,효성중공업,20250312,유
00428729,대호에이엘,069460,Y,[기재정정]주요사항보고서(회사분할결정),20250312000924,대호에이엘,20250312,
00220613,넥스틸,092790,Y,최대주주등소유주식변동신고서              ,20250312801538,넥스틸,20250312,유
01535150,SK리츠,395400,Y,감사보고서제출              ,20250312801378,SK리츠,20250312,유
01867758,한화비전,489790,Y,감사보고서제출(자회사의 주요경영사항)              ,20250312801511,한화비전,20250312,유
00113508,노루홀딩스,000320,Y,감사보고서제출(자회사의 주요경영사항)              ,20250312801419,노루홀딩스,20250312,유
01344336,신테카바이오,226330,K,주식등의대량보유상황보고서(일반),20250312000940,정종선,20250312,
01157235,아스타,246720,K,주주총회집중일개최사유신고              ,20250312901499,아스타,20250312,코
00113058,한화생명,088350,Y,사업보고서 (2024.12),20250312000939,한화생명,20250312,정연
00265324,CJ ENM,035760,K,의결권대리행사권유참고서류,20250312000937,CJ ENM,20250312,
00583026,멤레이비티,072770,K,주식등의대량보유상황보고서(일반),20250312000936,이엔플러스,20250312,
00173351,삼진,032750,K,주주총회소집공고,20250312000935,삼진,20250312,
01497373,아이엠비디엑스,461030,K,주식매수선택권부여에관한신고,20250312000933,아이엠비디엑스,20250312,
01335143,로킷헬스케어,376900,K,[기재정정]증권신고서(지분증권),20250312000932,로킷헬스케어,20250312,정
00219574,코스맥스비티아이,044820,Y,의결권대리행사권유참고서류,20250312000929,코스맥스비티아이,20250312,
00155319,POSCO홀딩스,005490,Y,감사보고서제출              ,20250312801488,POSCO홀딩스,20250312,유
00438036,팅크웨어,084730,K,주주총회집중일개최사유신고              ,20250312901449,팅크웨어,20250312,코
00220613,넥스틸,092790,Y,임원ㆍ주요주주특정증권등소유상황보고서,20250312000928,임황빈,20250312,정
00136004,신라에스지,025870,K,사업보고서 (2024.12),20250312000927,신라에스지,20250312,연
01353848,이노벡스,279060,N,주주총회집중일개최사유신고              ,20250312601396,이노벡스,20250312,넥
00136925,신원종합개발,017000,K,의결권대리행사권유참고서류,20250312000926,신원종합개발,20250312,정
01353848,이노벡스,279060,N,주주총회소집결의              ,20250312601385,이노벡스,20250312,넥
00148364,하림지주,003380,K,주주총회소집공고,20250312000922,하림지주,20250312,
00633835,HJ중공업,097230,Y,최대주주등소유주식변동신고서              ,20250312801514,HJ중공업,20250312,유
00126292,삼성카드,029780,Y,사업보고서 (2024.12),20250312000920,삼성카드,20250312,연
00862312,포스뱅크,105760,K,의결권대리행사권유참고서류,20250312000921,포스뱅크,20250312,
00264547,KG이니시스,035600,K,타인에대한채무보증결정              ,20250312901512,KG이니시스,20250312,코정
00138729,아세아제지,002310,Y,사업보고서 (2024.12),20250312000916,아세아제지,20250312,연
00219574,코스맥스비티아이,044820,Y,주주총회소집공고,20250312000917,코스맥스비티아이,20250312,
01316236,효성화학,298000,Y,타인에대한채무보증결정              ,20250312801314,효성화학,20250312,유
00127954,CJ프레시웨이,051500,K,의결권대리행사권유참고서류,20250312000915,CJ프레시웨이,20250312,정
01074862,메가스터디교육,215200,K,주주총회소집공고,20250312000914,메가스터디교육,20250312,
00148531,제이스코홀딩스,023440,K,전환청구권행사              ,20250312901503,제이스코홀딩스,20250312,코
00350048,오성첨단소재,052420,K,주주총회집중일개최사유신고              ,20250312901458,오성첨단소재,20250312,코
00140131,키다리스튜디오,020120,Y,주주총회소집공고,20250312000912,키다리스튜디오,20250312,정
00204226,소프트센,032680,K,주주총회소집공고,20250312000911,소프트센,20250312,정
00407036,선바이오,067370,K,감사보고서제출              ,20250312901445,선바이오,20250312,코
00165680,호텔신라,008770,Y,사업보고서 (2024.12),20250312000909,호텔신라,20250312,정연
00346407,크레오에스지,040350,K,주주총회집중일개최사유신고              ,20250312901438,크레오에스지,20250312,코
00129509,한익스프레스,014130,Y,주주총회집중일개최사유신고              ,20250312801279,한익스프레스,20250312,유
00136004,신라에스지,025870,K,[기재정정]주주총회소집결의              ,20250312901417,신라에스지,20250312,코
00219574,코스맥스비티아이,044820,Y,[기재정정]매출액또는손익구조30%(대규모법인은15%)이상변경              ,20250312801269,코스맥스비티아이,20250312,유
00105873,LG디스플레이,034220,Y,사업보고서 (2024.12),20250312000906,LG디스플레이,20250312,연
00787057,휴맥스,115160,K,[기재정정]매출액또는손익구조30%(대규모법인은15%)이상변동              ,20250312901410,휴맥스,20250312,코
00679314,동성케미컬,102260,Y,현금ㆍ현물배당결정              ,20250312801494,동성케미컬,20250312,유
00145598,이연제약,102460,Y,주식등의대량보유상황보고서(일반),20250312000905,정순옥,20250312,
00140131,키다리스튜디오,020120,Y,주주총회소집결의              ,20250312801262,키다리스튜디오,20250312,유
00131197,서원,021050,Y,주주총회소집결의              ,20250312801373,서원,20250312,유
00706715,미원홀딩스,107590,Y,감사보고서제출(자회사의 주요경영사항)              ,20250312801479,미원홀딩스,20250312,유
00165583,E1,017940,Y,주주총회집중일개최사유신고              ,20250312801484,E1,20250312,유
00265324,CJ ENM,035760,K,주주총회소집공고,20250312000904,CJ ENM,20250312,
00124799,사조산업,007160,Y,사업보고서 (2024.12),20250312000903,사조산업,20250312,연
01234297,미원에스씨,268280,Y,사업보고서 (2024.12),20250312000902,미원에스씨,20250312,연
00138729,아세아제지,002310,Y,감사보고서제출              ,20250312801259,아세아제지,20250312,유
00787057,휴맥스,115160,K,주식등의대량보유상황보고서(약식),20250312000901,시너지아이비투자,20250312,
01112889,피엔에이치테크,239890,K,[기재정정]매출액또는손익구조30%(대규모법인은15%)이상변동              ,20250312901453,피엔에이치테크,20250312,코
01363818,롯데리츠,330590,Y,기타경영사항(자율공시)              ,20250312801242,롯데리츠,20250312,유
00577335,대성하이텍,129920,K,주주총회소집결의              ,20250312901380,대성하이텍,20250312,코정
00204226,소프트센,032680,K,주주총회집중일개최사유신고              ,20250312901428,소프트센,20250312,코
00204226,소프트센,032680,K,주주총회소집결의              ,20250312901415,소프트센,20250312,코
00134723,페이퍼코리아,001020,Y,주주총회소집결의              ,20250312801241,페이퍼코리아,20250312,유정
01267684,쿠쿠홈시스,284740,Y,주주총회집중일개최사유신고              ,20250312801471,쿠쿠홈시스,20250312,유
00838005,서진시스템,178320,K,주주총회소집공고,20250312000898,서진시스템,20250312,
01234297,미원에스씨,268280,Y,감사보고서제출              ,20250312801217,미원에스씨,20250312,유
01351080,지아이이노베이션,358570,K,주식등의대량보유상황보고서(일반),20250312000894,장명호,20250312,정
00117179,디와이,013570,Y,감사보고서제출(자회사의 주요경영사항)              ,20250312801360,디와이,20250312,유
00136721,신영증권,001720,Y,일괄신고추가서류(파생결합사채-주가연계파생결합사채),20250312000893,신영증권,20250312,
00109718,사조대림,003960,Y,사업보고서 (2024.12),20250312000891,사조대림,20250312,연
00165583,E1,017940,Y,의결권대리행사권유참고서류,20250312000890,E1,20250312,
01205842,HD건설기계,267270,Y,감사보고서제출              ,20250312801397,HD건설기계,20250312,유
00307028,경남제약,053950,K,사업보고서 (2024.12),20250312000888,경남제약,20250312,연
00787057,휴맥스,115160,K,주주총회집중일개최사유신고              ,20250312901435,휴맥스,20250312,코
00878915,iM금융지주,139130,Y,투자설명서(일괄신고),20250312000886,iM금융지주,20250312,
00417167,풍원정밀,371950,K,주식등의대량보유상황보고서(일반),20250312000885,유명훈,20250312,
00787057,휴맥스,115160,K,주주총회소집결의              ,20250312901387,휴맥스,20250312,코
00165583,E1,017940,Y,주주총회소집결의              ,20250312801423,E1,20250312,유
00838005,서진시스템,178320,K,주주총회집중일개최사유신고              ,20250312901436,서진시스템,20250312,코
00173351,삼진,032750,K,주주총회집중일개최사유신고              ,20250312901404,삼진,20250312,코
01074862,메가스터디교육,215200,K,주주총회집중일개최사유신고              ,20250312901372,메가스터디교육,20250312,코
01074862,메가스터디교육,215200,K,주주총회소집결의              ,20250312901362,메가스터디교육,20250312,코
01261644,레인보우로보틱스,277810,K,[기재정정]최대주주변경을수반하는주식양수도계약체결              ,20250312901434,레인보우로보틱스,20250312,코
01074862,메가스터디교육,215200,K,현금ㆍ현물배당결정              ,20250312901430,메가스터디교육,20250312,코
00145109,유한양행,000100,Y,감사보고서제출              ,20250312801333,유한양행,20250312,유
00130684,서울도시가스,017390,Y,[첨부정정]감사보고서제출              ,20250312801394,서울도시가스,20250312,유
01267684,쿠쿠홈시스,284740,Y,주주총회소집공고,20250312000877,쿠쿠홈시스,20250312,
01728167,아이지넷,462980,K,[첨부정정]주주총회소집결의              ,20250312901422,아이지넷,20250312,코
00287788,정상제이엘에스,040420,K,사업보고서 (2024.12),20250312000876,정상제이엘에스,20250312,연
00405278,KG파이낸셜,046440,K,감사보고서제출              ,20250312901367,KG파이낸셜,20250312,코
00127954,CJ프레시웨이,051500,K,주주총회소집공고,20250312000875,CJ프레시웨이,20250312,정
00220622,서호전기,065710,K,사업보고서 (2024.12),20250312000874,서호전기,20250312,연
00165583,E1,017940,Y,주주총회소집공고,20250312000873,E1,20250312,
00828789,대성산업,128820,Y,주주총회집중일개최사유신고              ,20250312801432,대성산업,20250312,유
00143527,경동인베스트,012320,Y,현금ㆍ현물배당결정              ,20250312801386,경동인베스트,20250312,유
01074862,메가스터디교육,215200,K,감사보고서제출              ,20250312901336,메가스터디교육,20250312,코
00633835,HJ중공업,097230,Y,주식등의대량보유상황보고서(일반),20250312000871,에코프라임마린퍼시픽,20250312,
00990165,아세아시멘트,183190,Y,사업보고서 (2024.12),20250312000868,아세아시멘트,20250312,정연
00980122,JB금융지주,175330,Y,임원ㆍ주요주주특정증권등소유상황보고서,20250312000869,최진석,20250312,
00124197,세아제강지주,003030,Y,감사보고서제출(자회사의 주요경영사항)              ,20250312801361,세아제강지주,20250312,유
00878915,iM금융지주,139130,Y,일괄신고추가서류,20250312000865,iM금융지주,20250312,
00132354,쿠쿠홀딩스,192400,Y,현금ㆍ현물배당결정(자회사의 주요경영사항)              ,20250312801347,쿠쿠홀딩스,20250312,유
00266952,네오위즈홀딩스,042420,K,주요사항보고서(자기주식취득신탁계약체결결정),20250312000843,네오위즈홀딩스,20250312,
00346407,크레오에스지,040350,K,주주총회소집공고,20250312000863,크레오에스지,20250312,정
00199076,동일기연,032960,K,임원ㆍ주요주주특정증권등소유상황보고서,20250312000862,아침해,20250312,
00838005,서진시스템,178320,K,주주총회소집결의              ,20250312901392,서진시스템,20250312,코
00104856,삼성증권,016360,Y,투자설명서(일괄신고),20250312000861,삼성증권,20250312,
00124726,빙그레,005180,Y,사업보고서 (2024.12),20250312000859,빙그레,20250312,연
00173351,삼진,032750,K,매출액또는손익구조30%(대규모법인은15%)이상변동              ,20250312901352,삼진,20250312,코
00260657,오상헬스케어,036220,K,주주총회집중일개최사유신고              ,20250312901389,오상헬스케어,20250312,코
00265324,CJ ENM,035760,K,주주총회소집결의              ,20250312901371,CJ ENM,20250312,코
00838005,서진시스템,178320,K,매출액또는손익구조30%(대규모법인은15%)이상변동              ,20250312901356,서진시스템,20250312,코
00350048,오성첨단소재,052420,K,주주총회소집결의              ,20250312901365,오성첨단소재,20250312,코
00136925,신원종합개발,017000,K,주주총회소집공고,20250312000858,신원종합개발,20250312,
00579971,칩스앤미디어,094360,K,사업보고서 (2024.12),20250312000857,칩스앤미디어,20250312,연
00111704,한화오션,042660,Y,감사보고서제출              ,20250312801310,한화오션,20250312,유
00599106,네오리진,094860,K,의결권대리행사권유참고서류,20250312000856,네오리진,20250312,
00579971,칩스앤미디어,094360,K,감사보고서제출              ,20250312901298,칩스앤미디어,20250312,코
00143314,에이엔피,015260,Y,주주총회소집결의              ,20250312801364,에이엔피,20250312,유
00113191,코리안리,003690,Y,주주총회집중일개최사유신고              ,20250312801376,코리안리,20250312,유
00599106,네오리진,094860,K,주주총회소집공고,20250312000854,네오리진,20250312,
00828789,대성산업,128820,Y,주주총회소집결의              ,20250312801357,대성산업,20250312,유정
00862312,포스뱅크,105760,K,주주총회소집공고,20250312000853,포스뱅크,20250312,
00105952,LS,006260,Y,파생상품거래손실발생(자회사의 주요경영사항)              ,20250312801398,LS,20250312,유
00366137,KG에코솔루션,151860,K,주주총회소집공고,20250312000852,KG에코솔루션,20250312,
00173351,삼진,032750,K,주주총회소집결의              ,20250312901317,삼진,20250312,코
00220622,서호전기,065710,K,감사보고서제출              ,20250312901277,서호전기,20250312,코
00599106,네오리진,094860,K,주주총회집중일개최사유신고              ,20250312901383,네오리진,20250312,코
00136925,신원종합개발,017000,K,주주총회소집결의              ,20250312901287,신원종합개발,20250312,코
00173351,삼진,032750,K,현금ㆍ현물배당결정              ,20250312901375,삼진,20250312,코
01147487,뷰티스킨,406820,K,주주총회소집공고,20250312000851,뷰티스킨,20250312,
00587925,모아라이프플러스,142760,K,주주총회소집공고,20250312000850,모아라이프플러스,20250312,
00438036,팅크웨어,084730,K,주주총회소집공고,20250312000849,팅크웨어,20250312,
00170877,진로발효,018120,K,의결권대리행사권유참고서류,20250312000848,진로발효,20250312,
00188973,화일약품,061250,K,감사보고서제출              ,20250312901299,화일약품,20250312,코
00684714,풍산,103140,Y,최대주주등소유주식변동신고서              ,20250312801382,풍산,20250312,유
01175499,큐에이드,377460,K,기타경영사항(자율공시)              ,20250312901363,큐에이드,20250312,코정
00980122,JB금융지주,175330,Y,임원ㆍ주요주주특정증권등소유상황보고서,20250312000847,이광호,20250312,
01142260,에스엠씨지,460870,K,주주총회집중일개최사유신고              ,20250312901339,에스엠씨지,20250312,코
00599106,네오리진,094860,K,매출액또는손익구조30%(대규모법인은15%)이상변동              ,20250312901332,네오리진,20250312,코
00599106,네오리진,094860,K,주주총회소집결의              ,20250312901195,네오리진,20250312,코
01142260,에스엠씨지,460870,K,주주총회소집결의              ,20250312901305,에스엠씨지,20250312,코
00445841,MDS테크,086960,K,주주총회소집공고,20250312000844,MDS테크,20250312,
00128315,삼지전자,037460,K,감사보고서제출              ,20250312901239,삼지전자,20250312,코
01549472,대진첨단소재,393970,K,주식등의대량보유상황보고서(일반),20250312000842,유성준,20250312,
00445841,MDS테크,086960,K,주주총회집중일개최사유신고              ,20250312901338,MDS테크,20250312,코
01325979,세아제강,306200,Y,감사보고서제출              ,20250312801306,세아제강,20250312,유
00127954,CJ프레시웨이,051500,K,주주총회집중일개최사유신고              ,20250312901337,CJ프레시웨이,20250312,코
00118804,동진쎄미켐,005290,K,의결권대리행사권유참고서류,20250312000840,동진쎄미켐,20250312,
01290248,스코넥,276040,K,[기재정정]주주총회소집결의              ,20250312901311,스코넥,20250312,코정
01549472,대진첨단소재,393970,K,임원ㆍ주요주주특정증권등소유상황보고서,20250312000838,곽윤창,20250312,
00106119,금양,001570,Y,임원ㆍ주요주주특정증권등소유상황보고서,20250312000835,장석영,20250312,
00977377,에이비온,203400,K,주주총회집중일개최사유신고              ,20250312901256,에이비온,20250312,코
00977377,에이비온,203400,K,주주총회소집결의              ,20250312901250,에이비온,20250312,코
01327746,보로노이,310210,K,주주총회집중일개최사유신고              ,20250312901312,보로노이,20250312,코
00104856,삼성증권,016360,Y,일괄신고추가서류(파생결합증권-주가연계증권),20250312000833,삼성증권,20250312,
01267684,쿠쿠홈시스,284740,Y,현금ㆍ현물배당결정              ,20250312801289,쿠쿠홈시스,20250312,유
00113191,코리안리,003690,Y,의결권대리행사권유참고서류,20250312000832,코리안리,20250312,
01187494,덴티스,261200,K,주주총회소집공고,20250312000831,덴티스,20250312,
00110893,대신증권,003540,Y,증권발행실적보고서,20250312000830,대신증권,20250312,
00438036,팅크웨어,084730,K,주주총회소집결의              ,20250312901227,팅크웨어,20250312,코
01549472,대진첨단소재,393970,K,임원ㆍ주요주주특정증권등소유상황보고서,20250312000829,김관영,20250312,
00587925,모아라이프플러스,142760,K,의결권대리행사권유참고서류,20250312000828,모아라이프플러스,20250312,
00980122,JB금융지주,175330,Y,임원ㆍ주요주주특정증권등소유상황보고서,20250312000827,박종춘,20250312,
00127857,삼익악기,002450,Y,주주총회소집공고,20250312000826,삼익악기,20250312,
00872984,이마트,139480,Y,[기재정정]의결권대리행사권유참고서류,20250312000824,컨두잇,20250312,
00346407,크레오에스지,040350,K,주주총회소집결의              ,20250312901304,크레오에스지,20250312,코
00220561,광주신세계,037710,Y,영업(잠정)실적(공정공시)              ,20250312801200,광주신세계,20250312,유
00577335,대성하이텍,129920,K,매출액또는손익구조30%(대규모법인은15%)이상변동              ,20250312901274,대성하이텍,20250312,코
00435312,하이스틸,071090,Y,사업보고서 (2024.12),20250312000822,하이스틸,20250312,정연
00435312,하이스틸,071090,Y,감사보고서제출              ,20250312801295,하이스틸,20250312,유
00867973,서남,294630,K,[기재정정]매출액또는손익구조30%(대규모법인은15%)이상변동              ,20250312901174,서남,20250312,코
01187494,덴티스,261200,K,주주총회소집결의              ,20250312901210,덴티스,20250312,코
00110750,플루토스,019570,K,주주총회소집공고,20250312000820,플루토스,20250312,
01663569,하스,450330,K,사업보고서 (2024.12),20250312000818,하스,20250312,연
00266952,네오위즈홀딩스,042420,K,주주총회집중일개최사유신고              ,20250312901267,네오위즈홀딩스,20250312,코
01047840,미스터블루,207760,K,감사보고서제출              ,20250312901296,미스터블루,20250312,코
00106119,금양,001570,Y,주식등의대량보유상황보고서(일반),20250312000817,류광지,20250312,
00129387,SP삼화,000390,Y,사업보고서 (2024.12),20250312000816,SP삼화,20250312,연
00223513,제이씨현시스템,033320,K,사업보고서 (2024.12),20250312000813,제이씨현시스템,20250312,연
00131850,SK증권,001510,Y,일괄신고추가서류(파생결합사채-주가연계파생결합사채),20250312000812,SK증권,20250312,
00445841,MDS테크,086960,K,주주총회소집결의              ,20250312901189,MDS테크,20250312,코
00601191,하나기술,299030,K,주주총회소집결의              ,20250312901167,하나기술,20250312,코
01549472,대진첨단소재,393970,K,임원ㆍ주요주주특정증권등소유상황보고서,20250312000809,유성준,20250312,
00226352,케이엠더블유,032500,K,주주총회소집공고,20250312000808,케이엠더블유,20250312,정
01063884,솔디펜스,215090,K,주식등의대량보유상황보고서(약식),20250312000806,전지윤,20250312,
00862853,플레이디,237820,K,의결권대리행사권유참고서류,20250312000805,플레이디,20250312,정
00148470,제일일렉트릭,199820,K,주주총회소집결의              ,20250312901172,제일일렉트릭,20250312,코
00110750,플루토스,019570,K,주주총회집중일개최사유신고              ,20250312901064,플루토스,20250312,코
00110750,플루토스,019570,K,주주총회소집결의              ,20250312901166,플루토스,20250312,코
00308559,코디,080530,K,전환청구권행사              ,20250312901315,코디,20250312,코
00127954,CJ프레시웨이,051500,K,주주총회소집결의              ,20250312901127,CJ프레시웨이,20250312,코
00166519,화천기공,000850,Y,사업보고서 (2024.12),20250312000803,화천기공,20250312,연
00106119,금양,001570,Y,최대주주등소유주식변동신고서              ,20250312801309,금양,20250312,유
00225742,LS마린솔루션,060370,K,[기재정정]주주총회소집공고,20250312000801,LS마린솔루션,20250312,
01327746,보로노이,310210,K,주주총회소집결의              ,20250312901116,보로노이,20250312,코
01256864,에이비엘바이오,298380,K,감사보고서제출              ,20250312901213,에이비엘바이오,20250312,코
00260657,오상헬스케어,036220,K,주주총회소집공고,20250312000799,오상헬스케어,20250312,
00287788,정상제이엘에스,040420,K,감사보고서제출              ,20250312901170,정상제이엘에스,20250312,코
00136004,신라에스지,025870,K,감사보고서제출              ,20250312901053,신라에스지,20250312,코
01428203,케이씨씨글라스,344820,Y,[기재정정]의결권대리행사권유참고서류,20250312000796,케이씨씨글라스,20250312,
00109754,대림바스,005750,Y,주식등의대량보유상황보고서(일반),20250312000795,이해영,20250312,
00113191,코리안리,003690,Y,주주총회소집공고,20250312000794,코리안리,20250312,
00862853,플레이디,237820,K,주주총회소집공고,20250312000793,플레이디,20250312,정
00369833,유니온머티리얼,047400,Y,주주총회집중일개최사유신고              ,20250312801266,유니온머티리얼,20250312,유
00349811,오션인더블유,052300,K,소송등의판결ㆍ결정              ,20250312901290,오션인더블유,20250312,코
00126414,삼성제약,001360,Y,주주총회집중일개최사유신고              ,20250312801264,삼성제약,20250312,유
00980122,JB금융지주,175330,Y,임원ㆍ주요주주특정증권등소유상황보고서,20250312000792,이승국,20250312,
00115977,아이에스동서,010780,Y,주주총회소집결의              ,20250312801221,아이에스동서,20250312,유
00413046,셀트리온,068270,Y,임원ㆍ주요주주특정증권등소유상황보고서,20250312000790,장지미,20250312,
00138701,아세아,002030,Y,사업보고서 (2024.12),20250312000788,아세아,20250312,연
01124680,보라티알,250000,K,주주총회집중일개최사유신고              ,20250312901181,보라티알,20250312,코
00109718,사조대림,003960,Y,감사보고서제출              ,20250312801149,사조대림,20250312,유
01243161,인산가,277410,K,감사보고서제출              ,20250312901228,인산가,20250312,코
00493510,뉴프렉스,085670,K,주주총회집중일개최사유신고              ,20250312901144,뉴프렉스,20250312,코
00115977,아이에스동서,010780,Y,주주총회소집공고,20250312000785,아이에스동서,20250312,
00156895,아주IB투자,027360,K,의결권대리행사권유참고서류,20250312000784,아주IB투자,20250312,
00587925,모아라이프플러스,142760,K,주주총회집중일개최사유신고              ,20250312901141,모아라이프플러스,20250312,코
00413046,셀트리온,068270,Y,임원ㆍ주요주주특정증권등소유상황보고서,20250312000783,박재휘,20250312,
00587925,모아라이프플러스,142760,K,주주총회소집결의              ,20250312901124,모아라이프플러스,20250312,코
01168684,스튜디오드래곤,253450,K,주주총회집중일개최사유신고              ,20250312901121,스튜디오드래곤,20250312,코
00994994,나노,187790,K,타법인주식및출자증권취득결정              ,20250312901113,나노,20250312,코
00266952,네오위즈홀딩스,042420,K,주주총회소집공고,20250312000780,네오위즈홀딩스,20250312,정
01267684,쿠쿠홈시스,284740,Y,주주총회소집결의              ,20250312801218,쿠쿠홈시스,20250312,유
00862853,플레이디,237820,K,주식등의대량보유상황보고서(일반),20250312000779,SOOP,20250312,
01428203,케이씨씨글라스,344820,Y,[기재정정]주주총회소집공고,20250312000778,케이씨씨글라스,20250312,
00129509,한익스프레스,014130,Y,주주총회소집공고,20250312000777,한익스프레스,20250312,
00118804,동진쎄미켐,005290,K,주주총회소집공고,20250312000776,동진쎄미켐,20250312,
00266952,네오위즈홀딩스,042420,K,주주총회소집결의              ,20250312901010,네오위즈홀딩스,20250312,코
00126414,삼성제약,001360,Y,의결권대리행사권유참고서류,20250312000775,삼성제약,20250312,
00113191,코리안리,003690,Y,주주총회소집결의              ,20250312801193,코리안리,20250312,유
01242241,샌즈랩,411080,K,사업보고서 (2024.12),20250312000774,샌즈랩,20250312,정
00155319,POSCO홀딩스,005490,Y,감사보고서제출(자회사의 주요경영사항)              ,20250312801196,POSCO홀딩스,20250312,유
00156895,아주IB투자,027360,K,주주총회소집공고,20250312000773,아주IB투자,20250312,
00126414,삼성제약,001360,Y,주주총회소집공고,20250312000772,삼성제약,20250312,
01293388,무진메디,322970,N,주주총회소집공고,20250312000771,무진메디,20250312,
01372782,엑스게이트,356680,K,주주총회소집공고,20250312000770,엑스게이트,20250312,
01311310,지아이텍,382480,K,사업보고서 (2024.12),20250312000769,지아이텍,20250312,정연
01242241,샌즈랩,411080,K,감사보고서제출              ,20250312900946,샌즈랩,20250312,코
01428203,케이씨씨글라스,344820,Y,[기재정정]주주총회소집결의              ,20250312801187,케이씨씨글라스,20250312,유
01363818,롯데리츠,330590,Y,사업보고서 (2024.12),20250312000767,롯데리츠,20250312,
00763701,헥토파이낸셜,234340,K,주주총회집중일개최사유신고              ,20250312901224,헥토파이낸셜,20250312,코
00980122,JB금융지주,175330,Y,임원ㆍ주요주주특정증권등소유상황보고서,20250312000765,방극봉,20250312,
00115977,아이에스동서,010780,Y,주주총회집중일개최사유신고              ,20250312801185,아이에스동서,20250312,유
00153861,태영건설,009410,Y,주주총회소집공고,20250312000764,태영건설,20250312,
00147860,에스엠벡셀,010580,Y,최대주주등소유주식변동신고서              ,20250312801236,에스엠벡셀,20250312,유
01854763,HS효성,487570,Y,감사보고서제출              ,20250312801178,HS효성,20250312,유
01169267,세화피앤씨,252500,K,주주총회소집공고,20250312000763,세화피앤씨,20250312,
00156895,아주IB투자,027360,K,감사보고서제출              ,20250312901163,아주IB투자,20250312,코
00939687,동일고무벨트,163560,Y,사업보고서 (2024.12),20250312000762,동일고무벨트,20250312,연
00172185,남성,004270,Y,의결권대리행사권유참고서류,20250312000760,남성,20250312,정
00375931,인선이엔티,060150,K,주주총회소집결의              ,20250312901157,인선이엔티,20250312,코
00536286,윈팩,097800,K,의결권대리행사권유참고서류,20250312000759,윈팩,20250312,
00860332,메리츠금융지주,138040,Y,임원ㆍ주요주주특정증권등소유상황보고서,20250312000758,은상영,20250312,
00356361,LG화학,051910,Y,[기재정정]타법인주식및출자증권취득결정(종속회사의주요경영사항)              ,20250312801223,LG화학,20250312,유
00828789,대성산업,128820,Y,매출액또는손익구조30%(대규모법인은15%)이상변경              ,20250312801143,대성산업,20250312,유
01124680,보라티알,250000,K,의결권대리행사권유참고서류,20250312000757,보라티알,20250312,정
00683007,엑스큐어,070300,K,감사보고서제출              ,20250312900938,엑스큐어,20250312,코
00124504,포스코인터내셔널,047050,Y,감사보고서제출              ,20250312801134,포스코인터내셔널,20250312,유
00536286,윈팩,097800,K,주주총회소집공고,20250312000756,윈팩,20250312,
01293388,무진메디,322970,N,의결권대리행사권유참고서류,20250312000755,무진메디,20250312,
01462739,비아이매트릭스,413640,K,주주총회소집공고,20250312000754,비아이매트릭스,20250312,
00980122,JB금융지주,175330,Y,임원ㆍ주요주주특정증권등소유상황보고서,20250312000753,송종근,20250312,
00763701,헥토파이낸셜,234340,K,주주총회소집공고,20250312000751,헥토파이낸셜,20250312,
00860332,메리츠금융지주,138040,Y,감사보고서제출              ,20250312801112,메리츠금융지주,20250312,유
00172185,남성,004270,Y,주주총회소집공고,20250312000749,남성,20250312,정
01549472,대진첨단소재,393970,K,주식등의대량보유상황보고서(약식),20250312000748,코너스톤 윈윈2호 신기술조합,20250312,
00155531,풍산홀딩스,005810,Y,최대주주등소유주식변동신고서              ,20250312801201,풍산홀딩스,20250312,유
00860332,메리츠금융지주,138040,Y,감사보고서제출(자회사의 주요경영사항)              ,20250312801100,메리츠금융지주,20250312,유
00141875,사조오양,006090,Y,사업보고서 (2024.12),20250312000747,사조오양,20250312,정
00369833,유니온머티리얼,047400,Y,주주총회소집공고,20250312000746,유니온머티리얼,20250312,
01358463,현대무벡스,319400,K,신탁계약에의한취득상황보고서,20250312000745,현대무벡스,20250312,
00105952,LS,006260,Y,주주총회집중일개최사유신고              ,20250312801179,LS,20250312,유
00141875,사조오양,006090,Y,감사보고서제출              ,20250312801078,사조오양,20250312,유
00309503,한국항공우주,047810,Y,[기재정정]단일판매ㆍ공급계약체결(자율공시)              ,20250312801192,한국항공우주,20250312,유
00252269,아이에이,038880,K,주주총회소집공고,20250312000743,아이에이,20250312,
01124680,보라티알,250000,K,주주총회소집공고,20250312000741,보라티알,20250312,
01854408,신한제15호스팩,487830,K,감사보고서제출              ,20250312901145,신한제15호스팩,20250312,코
00466428,아미노로직스,074430,K,주주총회소집공고,20250312000740,아미노로직스,20250312,
01141942,액트로,290740,K,주주총회소집공고,20250312000739,액트로,20250312,
00484682,엘오티베큠,083310,K,의결권대리행사권유참고서류,20250312000738,엘오티베큠,20250312,
00862853,플레이디,237820,K,주식등의대량보유상황보고서(일반),20250312000736,KT나스미디어,20250312,
00129989,코스모신소재,005070,Y,감사보고서제출              ,20250312801082,코스모신소재,20250312,유
01124680,보라티알,250000,K,현금ㆍ현물배당결정              ,20250312901061,보라티알,20250312,코
01358463,현대무벡스,319400,K,의결권대리행사권유참고서류,20250312000735,현대무벡스,20250312,
00369833,유니온머티리얼,047400,Y,주주총회소집결의              ,20250312801092,유니온머티리얼,20250312,유
00111838,대원,007680,K,배당락              ,20250312901169,코스닥시장본부,20250312,코
00309460,HB인베스트먼트,440290,K,주주총회소집공고,20250312000733,HB인베스트먼트,20250312,
01124680,보라티알,250000,K,주주총회소집결의              ,20250312901021,보라티알,20250312,코
00860332,메리츠금융지주,138040,Y,감사보고서제출(자회사의 주요경영사항)              ,20250312801073,메리츠금융지주,20250312,유
01784914,클로봇,466100,K,[기재정정]의결권대리행사권유참고서류,20250312000732,클로봇,20250312,
00138701,아세아,002030,Y,[기재정정]매출액또는손익구조30%(대규모법인은15%)이상변경              ,20250312801072,아세아,20250312,유
00138701,아세아,002030,Y,감사보고서제출              ,20250312801046,아세아,20250312,유
00809429,뉴온,123840,K,주주총회집중일개최사유신고              ,20250312901111,뉴온,20250312,코
00148896,OCI홀딩스,010060,Y,타법인주식및출자증권취득결정(자회사의 주요경영사항)              ,20250312801140,OCI홀딩스,20250312,유
01498576,유디엠텍,389680,K,주주총회소집공고,20250312000731,유디엠텍,20250312,
00809429,뉴온,123840,K,주주총회소집결의              ,20250312901084,뉴온,20250312,코정
00309460,HB인베스트먼트,440290,K,주주총회집중일개최사유신고              ,20250312901153,HB인베스트먼트,20250312,코
00309503,한국항공우주,047810,Y,[기재정정]단일판매ㆍ공급계약체결              ,20250312801108,한국항공우주,20250312,유
00809429,뉴온,123840,K,매출액또는손익구조30%(대규모법인은15%)이상변동              ,20250312901057,뉴온,20250312,코
00260657,오상헬스케어,036220,K,[기재정정]매출액또는손익구조30%(대규모법인은15%)이상변동              ,20250312901104,오상헬스케어,20250312,코
00763701,헥토파이낸셜,234340,K,주주총회소집결의              ,20250312901065,헥토파이낸셜,20250312,코
00526696,웨이브일렉트로,095270,K,의결권대리행사권유참고서류,20250312000728,웨이브일렉트로,20250312,
00626011,아이텍,119830,K,사업보고서 (2024.12),20250312000727,아이텍,20250312,연
00985686,큐브엔터,182360,K,주주총회소집공고,20250312000725,큐브엔터,20250312,
00170877,진로발효,018120,K,주주총회집중일개최사유신고              ,20250312901093,진로발효,20250312,코
00531917,톱텍,108230,K,주주총회집중일개최사유신고              ,20250312901126,톱텍,20250312,코
00105952,LS,006260,Y,의결권대리행사권유참고서류,20250312000724,LS,20250312,
00556907,에이스테크,088800,K,매출액또는손익구조30%(대규모법인은15%)이상변동              ,20250312900975,에이스테크,20250312,코
01276327,위지윅스튜디오,299900,K,의결권대리행사권유참고서류,20250312000723,위지윅스튜디오,20250312,
01663569,하스,450330,K,감사보고서제출              ,20250312900925,하스,20250312,코
01456011,디어유,376300,K,사업보고서 (2024.12),20250312000720,디어유,20250312,연
01276327,위지윅스튜디오,299900,K,주주총회소집공고,20250312000721,위지윅스튜디오,20250312,
00675594,디티앤씨,187220,K,주주총회소집결의              ,20250312901086,디티앤씨,20250312,코
00587466,KPX홀딩스,092230,Y,감사보고서제출(자회사의 주요경영사항)              ,20250312801135,KPX홀딩스,20250312,유
00113544,대한화섬,003830,Y,주주총회소집공고,20250312000719,대한화섬,20250312,
00136378,신세계,004170,Y,영업(잠정)실적(공정공시)              ,20250312801106,신세계,20250312,유
01428203,케이씨씨글라스,344820,Y,감사보고서제출              ,20250312801045,케이씨씨글라스,20250312,유
00974927,NEW,160550,K,주주총회집중일개최사유신고              ,20250312901052,NEW,20250312,코
00367695,에이전트AI,060900,K,[기재정정]의결권대리행사권유참고서류,20250312000718,김인수,20250312,정
00862312,포스뱅크,105760,K,주주총회집중일개최사유신고              ,20250312901117,포스뱅크,20250312,코
01358463,현대무벡스,319400,K,주주총회소집공고,20250312000717,현대무벡스,20250312,
01157235,아스타,246720,K,의결권대리행사권유참고서류,20250312000716,아스타,20250312,
01784914,클로봇,466100,K,[기재정정]주주총회소집공고,20250312000715,클로봇,20250312,정
00191472,KPX케미칼,025000,Y,감사보고서제출              ,20250312801038,KPX케미칼,20250312,유
00151605,청보,013720,K,주요사항보고서(전환사채권발행결정),20250312000656,청보,20250312,정
00219097,BGF,027410,Y,감사보고서제출(자회사의 주요경영사항)              ,20250312801017,BGF,20250312,유
01866926,KB제31호스팩,492220,K,사업보고서 (2024.12),20250312000713,KB제31호스팩,20250312,
00123772,부국증권,001270,Y,주주총회소집공고,20250312000712,부국증권,20250312,
00108241,농심,004370,Y,사업보고서 (2024.12),20250312000711,농심,20250312,연
01397903,엔젠바이오,354200,K,의결권대리행사권유참고서류,20250312000710,엔젠바이오,20250312,
00264547,KG이니시스,035600,K,감사보고서제출              ,20250312900909,KG이니시스,20250312,코
00171265,파라다이스,034230,Y,주주총회소집결의              ,20250312801114,파라다이스,20250312,유
00252269,아이에이,038880,K,[기재정정]의결권대리행사권유참고서류,20250312000709,아이에이,20250312,
00608802,텔콘RF제약,200230,K,교환가액의조정              ,20250312901125,텔콘RF제약,20250312,코
00372882,KTcs,058850,Y,의결권대리행사권유참고서류,20250312000708,KTcs,20250312,
00484682,엘오티베큠,083310,K,주주총회소집공고,20250312000707,엘오티베큠,20250312,
01276327,위지윅스튜디오,299900,K,[기재정정]매출액또는손익구조30%(대규모법인은15%)이상변동              ,20250312901049,위지윅스튜디오,20250312,코
00219574,코스맥스비티아이,044820,Y,주주총회집중일개최사유신고              ,20250312801103,코스맥스비티아이,20250312,유
00442048,아바텍,149950,K,감사보고서제출              ,20250312900943,아바텍,20250312,코
00896285,삼양사,145990,Y,주주총회집중일개최사유신고              ,20250312801022,삼양사,20250312,유
00131054,유진증권,001200,Y,투자설명서(일괄신고),20250312000705,유진증권,20250312,
01456011,디어유,376300,K,감사보고서제출              ,20250312901024,디어유,20250312,코
00531917,톱텍,108230,K,의결권대리행사권유참고서류,20250312000702,톱텍,20250312,
00628860,네오위즈,095660,K,주주총회집중일개최사유신고              ,20250312901000,네오위즈,20250312,코
01168684,스튜디오드래곤,253450,K,의결권대리행사권유참고서류,20250312000701,스튜디오드래곤,20250312,
00347734,진양화학,051630,Y,대표이사(대표집행임원)변경(안내공시)              ,20250312801107,진양화학,20250312,유
00990165,아세아시멘트,183190,Y,감사보고서제출              ,20250312801036,아세아시멘트,20250312,유
00809429,뉴온,123840,K,의결권대리행사권유참고서류,20250312000700,뉴온,20250312,정
00155124,평화홀딩스,010770,Y,감사보고서제출(자회사의 주요경영사항)              ,20250312801058,평화홀딩스,20250312,유
00372882,KTcs,058850,Y,주주총회소집공고,20250312000699,KTcs,20250312,
00608802,텔콘RF제약,200230,K,[기재정정]의결권대리행사권유참고서류,20250312000698,텔콘RF제약,20250312,
00112332,미래에셋생명,085620,Y,최대주주등소유주식변동신고서              ,20250312801098,미래에셋생명,20250312,유
00126414,삼성제약,001360,Y,주주총회소집결의              ,20250312801026,삼성제약,20250312,유
00470829,인티큐브,070590,K,사업보고서 (2024.12),20250312000696,인티큐브,20250312,연
00138367,플레이위드,023770,K,주주총회소집공고,20250312000697,플레이위드,20250312,정
01397903,엔젠바이오,354200,K,주주총회소집공고,20250312000695,엔젠바이오,20250312,
00809429,뉴온,123840,K,주주총회소집공고,20250312000693,뉴온,20250312,
00493510,뉴프렉스,085670,K,주주총회소집결의              ,20250312900966,뉴프렉스,20250312,코
01157235,아스타,246720,K,주주총회소집공고,20250312000692,아스타,20250312,
00347734,진양화학,051630,Y,사외이사의선임ㆍ해임또는중도퇴임에관한신고,20250312000690,진양화학,20250312,
00108038,엔피씨,004250,Y,주주총회소집공고,20250312000689,엔피씨,20250312,정
00110750,플루토스,019570,K,[기재정정]주주총회소집결의              ,20250312901056,플루토스,20250312,코정
01061497,FSN,214270,K,주식등의대량보유상황보고서(일반),20250312000687,제이투비,20250312,
00526696,웨이브일렉트로,095270,K,주주총회집중일개최사유신고              ,20250312901027,웨이브일렉트로,20250312,코
00102140,경인전자,009140,Y,사업보고서 (2024.12),20250312000686,경인전자,20250312,연
00788773,씨젠,096530,K,주요사항보고서(자기주식처분결정),20250312000579,씨젠,20250312,
00632845,노랑풍선,104620,K,주주총회소집공고,20250312000685,노랑풍선,20250312,
00867098,티로보틱스,117730,K,주주총회집중일개최사유신고              ,20250312901023,티로보틱스,20250312,코
00108038,엔피씨,004250,Y,주주총회소집결의              ,20250312800962,엔피씨,20250312,유
00260958,케이티알파,036030,K,감사보고서제출              ,20250312900974,케이티알파,20250312,코
00608802,텔콘RF제약,200230,K,[기재정정]주주총회소집공고,20250312000684,텔콘RF제약,20250312,
00632845,노랑풍선,104620,K,신주인수권부사채(해외신주인수권부사채포함)발행후만기전사채취득              (제2회차),20250312901031,노랑풍선,20250312,코
00347734,진양화학,051630,Y,정기주주총회결과              ,20250312800930,진양화학,20250312,유
00876643,캐프,198080,K,사업보고서 (2024.12),20250312000683,캐프,20250312,연
00484682,엘오티베큠,083310,K,주주총회소집결의              ,20250312901016,엘오티베큠,20250312,코
00862312,포스뱅크,105760,K,주주총회소집결의              ,20250312901006,포스뱅크,20250312,코
00137997,현대차증권,001500,Y,임원ㆍ주요주주특정증권등소유상황보고서,20250312000681,케이클라비스자산운용,20250312,정
00372882,KTcs,058850,Y,주주총회집중일개최사유신고              ,20250312801037,KTcs,20250312,유
00155124,평화홀딩스,010770,Y,감사보고서제출(자회사의 주요경영사항)              ,20250312801008,평화홀딩스,20250312,유
01009789,코스맥스,192820,Y,의결권대리행사권유참고서류,20250312000680,코스맥스,20250312,
00117179,디와이,013570,Y,감사보고서제출(자회사의 주요경영사항)              ,20250312800988,디와이,20250312,유
00803425,코리아에프티,123410,K,기업설명회(IR)개최              ,20250312901067,코리아에프티,20250312,코
00547510,툴젠,199800,K,의결권대리행사권유참고서류,20250312000679,툴젠,20250312,
01363818,롯데리츠,330590,Y,감사보고서제출              ,20250312800899,롯데리츠,20250312,유
00170877,진로발효,018120,K,주주총회소집공고,20250312000678,진로발효,20250312,
00158501,에스원,012750,Y,감사보고서제출              ,20250312800957,에스원,20250312,유
00158112,한국수출포장공업,002200,Y,사업보고서 (2024.12),20250312000675,한국수출포장공업,20250312,연
00117300,TCC스틸,002710,Y,감사보고서제출              ,20250312800897,TCC스틸,20250312,유
00542898,케이이엠텍,106080,K,주식등의대량보유상황보고서(일반),20250312000673,에이치에스홀딩스,20250312,
00632845,노랑풍선,104620,K,전환사채(해외전환사채포함)발행후만기전사채취득              (제1회차),20250312901014,노랑풍선,20250312,코
00763701,헥토파이낸셜,234340,K,현금ㆍ현물배당결정              ,20250312901030,헥토파이낸셜,20250312,코
00606664,케이엔더블유,105330,K,감사보고서제출              ,20250312900981,케이엔더블유,20250312,코
00860332,메리츠금융지주,138040,Y,의결권대리행사권유참고서류,20250312000671,메리츠금융지주,20250312,
00129420,까뮤이앤씨,013700,Y,현금ㆍ현물배당결정              ,20250312801047,까뮤이앤씨,20250312,유
00138367,플레이위드,023770,K,주주총회소집결의              ,20250312900813,플레이위드,20250312,코
00861076,케이탑리츠,145270,Y,사업보고서 (2024.12),20250312000670,케이탑리츠,20250312,연
01011395,레몬,294140,K,주주총회집중일개최사유신고              ,20250312900995,레몬,20250312,코
01016479,오로스테크놀로지,322310,K,사업보고서 (2024.12),20250312000665,오로스테크놀로지,20250312,연
00974927,NEW,160550,K,주주총회소집결의              ,20250312900972,NEW,20250312,코
00787057,휴맥스,115160,K,[기재정정]주식매수선택권부여에관한신고,20250312000664,휴맥스,20250312,
00135962,신라교역,004970,Y,사업보고서 (2024.12),20250312000661,신라교역,20250312,정연
01344202,뷰노,338220,K,의결권대리행사권유참고서류,20250312000662,뷰노,20250312,정
00162063,한신공영,004960,Y,주주총회집중일개최사유신고              ,20250312800960,한신공영,20250312,유
01168684,스튜디오드래곤,253450,K,주주총회소집공고,20250312000659,스튜디오드래곤,20250312,
01515323,LG에너지솔루션,373220,Y,[기재정정]타법인주식및출자증권취득결정              ,20250312800918,LG에너지솔루션,20250312,유
00131850,SK증권,001510,Y,증권발행실적보고서,20250312000657,SK증권,20250312,
00879020,유니트론텍,142210,K,주주총회집중일개최사유신고              ,20250312901009,유니트론텍,20250312,코
00939687,동일고무벨트,163560,Y,감사보고서제출              ,20250312800867,동일고무벨트,20250312,유
00576789,디젠스,113810,K,주주총회집중일개최사유신고              ,20250312900985,디젠스,20250312,코
00599595,BGF에코머티리얼즈,126600,K,감사보고서제출              ,20250312900882,BGF에코머티리얼즈,20250312,코
00131939,선도전기,007610,Y,주주총회소집결의              ,20250312800937,선도전기,20250312,유
00147860,에스엠벡셀,010580,Y,주식등의대량보유상황보고서(일반),20250312000655,에스엠하이플러스,20250312,
01263527,카이노스메드,284620,K,[기재정정]주요사항보고서(유상증자결정),20250312000573,카이노스메드,20250312,정
01236532,와이즈버즈,273060,K,감사보고서제출              ,20250312900886,와이즈버즈,20250312,코
00372882,KTcs,058850,Y,주주총회소집결의              ,20250312800863,KTcs,20250312,유
00153375,태광,023160,K,의결권대리행사권유참고서류,20250312000654,태광,20250312,
00260745,서울평가정보,036120,K,[기재정정]매출액또는손익구조30%(대규모법인은15%)이상변동              ,20250312900959,서울평가정보,20250312,코
00985686,큐브엔터,182360,K,주주총회집중일개최사유신고              ,20250312900980,큐브엔터,20250312,코
00129420,까뮤이앤씨,013700,Y,주주총회소집결의              ,20250312800831,까뮤이앤씨,20250312,유
01069736,한독크린텍,256150,K,감사보고서제출              ,20250312900884,한독크린텍,20250312,코
01669226,한화리츠,451800,Y,임원ㆍ주요주주특정증권등소유상황보고서,20250312000652,미래에셋자산운용,20250312,
00133858,세방전지,004490,Y,[기재정정]주주총회소집결의              ,20250312800888,세방전지,20250312,유
01180118,코람코더원리츠,417310,Y,임원ㆍ주요주주특정증권등소유상황보고서,20250312000650,미래에셋자산운용,20250312,
00229021,인성정보,033230,K,의결권대리행사권유참고서류,20250312000649,인성정보,20250312,
01475609,디앤디플랫폼리츠,377190,Y,임원ㆍ주요주주특정증권등소유상황보고서,20250312000648,미래에셋자산운용,20250312,
00879020,유니트론텍,142210,K,주주총회소집공고,20250312000647,유니트론텍,20250312,
01437292,미래에셋맵스리츠,357250,Y,임원ㆍ주요주주특정증권등소유상황보고서,20250312000646,미래에셋자산운용,20250312,
00229021,인성정보,033230,K,주주총회소집공고,20250312000645,인성정보,20250312,
00150828,진흥기업,002780,Y,감사보고서제출              ,20250312800825,진흥기업,20250312,유
00693651,비덴트,121800,K,주주총회소집결의              ,20250312900908,비덴트,20250312,코
01335930,티움바이오,321550,K,의결권대리행사권유참고서류,20250312000644,티움바이오,20250312,
01116344,이비테크,208850,N,주주총회소집공고,20250312000643,이비테크,20250312,
00693651,비덴트,121800,K,매출액또는손익구조30%(대규모법인은15%)이상변동              ,20250312900896,비덴트,20250312,코
01430475,코람코라이프인프라리츠,357120,Y,임원ㆍ주요주주특정증권등소유상황보고서,20250312000642,미래에셋자산운용,20250312,
00508274,일진다이아,081000,Y,사업보고서 (2024.12),20250312000641,일진다이아,20250312,연
01276594,신한알파리츠,293940,Y,임원ㆍ주요주주특정증권등소유상황보고서,20250312000640,미래에셋자산운용,20250312,
00113544,대한화섬,003830,Y,주주총회집중일개최사유신고              ,20250312800804,대한화섬,20250312,유
00544452,이리츠코크렙,088260,Y,임원ㆍ주요주주특정증권등소유상황보고서,20250312000639,미래에셋자산운용,20250312,
00157681,롯데정밀화학,004000,Y,감사보고서제출              ,20250312800799,롯데정밀화학,20250312,유
00122579,BYC,001460,Y,의결권대리행사권유참고서류,20250312000638,BYC,20250312,
01259232,노바텍,285490,K,자기주식취득결과보고서,20250312000637,노바텍,20250312,
00150165,브이티,018290,K,주주총회소집공고,20250312000636,브이티,20250312,정
00252269,아이에이,038880,K,[기재정정]의결권대리행사권유참고서류,20250312000634,아이에이,20250312,정
00861076,케이탑리츠,145270,Y,감사보고서제출              ,20250312800780,케이탑리츠,20250312,유
00423177,텔레칩스,054450,K,의결권대리행사권유참고서류,20250312000633,텔레칩스,20250312,
00543204,아이오케이이엔엠,078860,K,주주총회소집공고,20250312000632,아이오케이이엔엠,20250312,
00576789,디젠스,113810,K,주주총회소집공고,20250312000630,디젠스,20250312,정
00130879,서울식품공업,004410,Y,주주총회소집결의              ,20250312800775,서울식품공업,20250312,유
01492217,엑셀세라퓨틱스,373110,K,의결권대리행사권유참고서류,20250312000628,엑셀세라퓨틱스,20250312,
01179617,한국비엔씨,256840,K,의결권대리행사권유참고서류,20250312000627,한국비엔씨,20250312,
00121534,MH에탄올,023150,Y,사업보고서 (2024.12),20250312000625,MH에탄올,20250312,연
00159786,유니드,014830,Y,사업보고서 (2024.12),20250312000624,유니드,20250312,정연
00147860,에스엠벡셀,010580,Y,임원ㆍ주요주주특정증권등소유상황보고서,20250312000623,에스엠하이플러스,20250312,
01335930,티움바이오,321550,K,주주총회소집공고,20250312000620,티움바이오,20250312,
00260958,케이티알파,036030,K,의결권대리행사권유참고서류,20250312000618,케이티알파,20250312,
01011395,레몬,294140,K,의결권대리행사권유참고서류,20250312000617,레몬,20250312,
00985686,큐브엔터,182360,K,주주총회소집결의              ,20250312900914,큐브엔터,20250312,코
01227039,파라택시스코리아,288330,K,주식등의대량보유상황보고서(약식),20250312000616,SV인베스트먼트,20250312,
00423177,텔레칩스,054450,K,주주총회소집공고,20250312000615,텔레칩스,20250312,
01182240,배럴,267790,K,의결권대리행사권유참고서류,20250312000614,배럴,20250312,
00879020,유니트론텍,142210,K,주주총회소집결의              ,20250312900872,유니트론텍,20250312,코
00628860,네오위즈,095660,K,주주총회소집공고,20250312000613,네오위즈,20250312,정
00162063,한신공영,004960,Y,주주총회소집공고,20250312000612,한신공영,20250312,
00122579,BYC,001460,Y,주주총회소집공고,20250312000611,BYC,20250312,
00872984,이마트,139480,Y,의결권대리행사권유참고서류,20250312000610,컨두잇,20250312,정
00974927,NEW,160550,K,의결권대리행사권유참고서류,20250312000608,NEW,20250312,
00260958,케이티알파,036030,K,주주총회소집공고,20250312000607,케이티알파,20250312,
00105952,LS,006260,Y,주주총회소집결의              ,20250312800864,LS,20250312,유
00131054,유진증권,001200,Y,일괄신고추가서류(파생결합사채-주가연계파생결합사채),20250312000606,유진증권,20250312,
01016479,오로스테크놀로지,322310,K,감사보고서제출              ,20250312900870,오로스테크놀로지,20250312,코
01179617,한국비엔씨,256840,K,주주총회소집공고,20250312000605,한국비엔씨,20250312,
00116408,동신건설,025950,K,주주총회소집공고,20250312000604,동신건설,20250312,
00105952,LS,006260,Y,주주총회소집공고,20250312000603,LS,20250312,
00606293,나이스디앤비,130580,K,감사보고서제출              ,20250312900832,나이스디앤비,20250312,코
01136001,나노실리칸첨단소재,286750,K,의결권대리행사권유참고서류,20250312000602,나노실리칸첨단소재,20250312,정
00409681,아스트,067390,K,주주총회소집공고,20250312000600,아스트,20250312,
00150165,브이티,018290,K,주주총회집중일개최사유신고              ,20250312900874,브이티,20250312,코
00111722,미래에셋증권,006800,Y,투자설명서(일괄신고),20250312000599,미래에셋증권,20250312,
00150165,브이티,018290,K,[기재정정]매출액또는손익구조30%(대규모법인은15%)이상변동              ,20250312900885,브이티,20250312,코
00150165,브이티,018290,K,주주총회소집결의              ,20250312900810,브이티,20250312,코정
00133858,세방전지,004490,Y,[기재정정]주주총회소집공고,20250312000598,세방전지,20250312,
00359395,헬릭스미스,084990,K,의결권대리행사권유참고서류,20250312000596,헬릭스미스,20250312,정
01142260,에스엠씨지,460870,K,주식등의대량보유상황보고서(약식),20250312000595,키움증권,20250312,
00104856,삼성증권,016360,Y,투자설명서(일괄신고),20250312000593,삼성증권,20250312,
00491415,인포바인,115310,K,감사보고서제출              ,20250312900812,인포바인,20250312,코
00230911,HRS,036640,K,감사보고서제출              ,20250312900823,HRS,20250312,코
01335930,티움바이오,321550,K,주주총회집중일개최사유신고              ,20250312900826,티움바이오,20250312,코
00347716,중앙첨단소재,051980,K,주식등의대량보유상황보고서(일반),20250312000590,아틀라스팔천,20250312,정
00239514,삼진엘앤디,054090,K,의결권대리행사권유참고서류,20250312000589,삼진엘앤디,20250312,
00877819,데이타솔루션,263800,K,사업보고서 (2024.12),20250312000588,데이타솔루션,20250312,
00271501,코아시아,045970,K,주주총회집중일개최사유신고              ,20250312900833,코아시아,20250312,코
00162911,한일사료,005860,K,사업보고서 (2024.12),20250312000585,한일사료,20250312,연
00474588,한중엔시에스,107640,K,주주총회소집공고,20250312000584,한중엔시에스,20250312,
00137368,신풍,002870,Y,주주총회소집공고,20250312000583,신풍,20250312,
00122579,BYC,001460,Y,주주총회집중일개최사유신고              ,20250312800850,BYC,20250312,유
01108442,에치에프알,230240,K,주주총회소집공고,20250312000582,에치에프알,20250312,
00359395,헬릭스미스,084990,K,주주총회집중일개최사유신고              ,20250312900887,헬릭스미스,20250312,코
00121534,MH에탄올,023150,Y,감사보고서제출              ,20250312800784,MH에탄올,20250312,유
00175173,오스템,031510,K,주주총회소집공고,20250312000580,오스템,20250312,
00260958,케이티알파,036030,K,주주총회집중일개최사유신고              ,20250312900857,케이티알파,20250312,코
00153375,태광,023160,K,주주총회소집공고,20250312000578,태광,20250312,
00974927,NEW,160550,K,주주총회소집공고,20250312000577,NEW,20250312,
00526696,웨이브일렉트로,095270,K,주주총회소집공고,20250312000576,웨이브일렉트로,20250312,
00896285,삼양사,145990,Y,의결권대리행사권유참고서류,20250312000575,삼양사,20250312,정
00117267,동양생명,082640,Y,주주총회소집공고,20250312000574,동양생명,20250312,
00153375,태광,023160,K,주주총회집중일개최사유신고              ,20250312900777,태광,20250312,코
00153375,태광,023160,K,주주총회소집결의              ,20250312900861,태광,20250312,코
01344202,뷰노,338220,K,주주총회소집공고,20250312000572,뷰노,20250312,
00130879,서울식품공업,004410,Y,[기재정정]주주총회소집공고,20250312000571,서울식품공업,20250312,
00483735,해성옵틱스,076610,K,[기재정정]증권신고서(지분증권),20250312000570,해성옵틱스,20250312,정
00113544,대한화섬,003830,Y,현금ㆍ현물배당결정              ,20250312800898,대한화섬,20250312,유
00148522,퍼스텍,010820,Y,사업보고서 (2024.12),20250312000567,퍼스텍,20250312,
00167031,흥국,010240,K,사업보고서 (2024.12),20250312000566,흥국,20250312,연
01108442,에치에프알,230240,K,주주총회집중일개최사유신고              ,20250312900848,에치에프알,20250312,코
00542074,LSK아이로봇,091970,K,의결권대리행사권유참고서류,20250312000565,LSK아이로봇,20250312,
00162911,한일사료,005860,K,감사보고서제출              ,20250312900795,한일사료,20250312,코
00105475,금강철강,053260,K,주주총회소집공고,20250312000564,금강철강,20250312,
01276327,위지윅스튜디오,299900,K,주주총회집중일개최사유신고              ,20250312900793,위지윅스튜디오,20250312,코
00156600,한주라이트메탈,198940,K,주주총회소집공고,20250312000563,한주라이트메탈,20250312,
00133858,세방전지,004490,Y,[기재정정]매출액또는손익구조30%(대규모법인은15%)이상변경              ,20250312800866,세방전지,20250312,유
00136721,신영증권,001720,Y,일괄신고추가서류(파생결합사채-주가연계파생결합사채),20250312000562,신영증권,20250312,
01276327,위지윅스튜디오,299900,K,주주총회소집결의              ,20250312900792,위지윅스튜디오,20250312,코
00194947,한전산업,130660,Y,단일판매ㆍ공급계약체결(자율공시)              ,20250312800841,한전산업,20250312,유
01157235,아스타,246720,K,[기재정정]주식등의대량보유상황보고서(일반),20250312000561,조응준,20250312,정
00531917,톱텍,108230,K,주주총회소집공고,20250312000560,톱텍,20250312,
00108038,엔피씨,004250,Y,현금ㆍ현물배당결정              ,20250312800880,엔피씨,20250312,유
00470829,인티큐브,070590,K,[기재정정]의결권대리행사권유참고서류,20250312000558,인티큐브,20250312,
00415868,펩트론,087010,K,[기재정정]의결권대리행사권유참고서류,20250312000557,펩트론,20250312,
00362122,나래나노텍,137080,K,주주총회집중일개최사유신고              ,20250312900852,나래나노텍,20250312,코
00359395,헬릭스미스,084990,K,주주총회소집공고,20250312000556,헬릭스미스,20250312,
00111722,미래에셋증권,006800,Y,일괄신고추가서류(파생결합증권-주식워런트증권),20250312000555,미래에셋증권,20250312,
00435969,인피니트헬스케어,071200,K,주주총회소집공고,20250312000553,인피니트헬스케어,20250312,
00155258,포스코스틸리온,058430,Y,감사보고서제출              ,20250312800830,포스코스틸리온,20250312,유
00628860,네오위즈,095660,K,주주총회소집결의              ,20250312900817,네오위즈,20250312,코
00149804,디와이에이,002880,Y,의결권대리행사권유참고서류,20250312000552,디와이에이,20250312,
01136001,나노실리칸첨단소재,286750,K,주주총회소집공고,20250312000551,나노실리칸첨단소재,20250312,정
00788773,씨젠,096530,K,의결권대리행사권유참고서류,20250312000550,씨젠,20250312,
00462121,LIG아큐버,073490,K,의결권대리행사권유참고서류,20250312000549,LIG아큐버,20250312,
00159971,KC그린홀딩스,009440,Y,[기재정정]매출액또는손익구조30%(대규모법인은15%)이상변경              ,20250312800732,KC그린홀딩스,20250312,유
00657224,아이스크림미디어,461300,K,매출액또는손익구조30%(대규모법인은15%)이상변동              ,20250312900818,아이스크림미디어,20250312,코
00133858,세방전지,004490,Y,감사보고서제출              ,20250312800798,세방전지,20250312,유
01305249,스톤브릿지벤처스,330730,K,의결권대리행사권유참고서류,20250312000546,스톤브릿지벤처스,20250312,
00267942,큐캐피탈,016600,K,[기재정정]주주총회소집결의              ,20250312900779,큐캐피탈,20250312,코
00531014,유진테크,084370,K,의결권대리행사권유참고서류,20250312000545,유진테크,20250312,
00104856,삼성증권,016360,Y,일괄신고추가서류(파생결합증권-주가연계증권),20250312000544,삼성증권,20250312,
01009789,코스맥스,192820,Y,주주총회소집공고,20250312000543,코스맥스,20250312,
01011395,레몬,294140,K,주주총회소집공고,20250312000542,레몬,20250312,
01506848,비스토스,419540,K,신탁계약에의한취득상황보고서,20250312000541,비스토스,20250312,
00535375,키네마스터,139670,K,주주총회소집공고,20250312000540,키네마스터,20250312,
00260958,케이티알파,036030,K,주주총회소집결의              ,20250312900773,케이티알파,20250312,코
00788773,씨젠,096530,K,주주총회소집공고,20250312000539,씨젠,20250312,
00474588,한중엔시에스,107640,K,임원ㆍ주요주주특정증권등소유상황보고서,20250312000538,손태문,20250312,
00667425,에이팩트,200470,K,[기재정정]매출액또는손익구조30%(대규모법인은15%)이상변동              ,20250312900800,에이팩트,20250312,코
01063237,플럼라인생명과학,222670,N,[기재정정]주요사항보고서(유상증자결정),20250312000455,플럼라인생명과학,20250312,
01013311,헥토이노베이션,214180,K,주주총회소집공고,20250312000537,헥토이노베이션,20250312,
00867098,티로보틱스,117730,K,주주총회소집결의              ,20250312900769,티로보틱스,20250312,코
00470829,인티큐브,070590,K,[기재정정]주주총회소집공고,20250312000536,인티큐브,20250312,
00483735,해성옵틱스,076610,K,[기재정정]주요사항보고서(유상증자결정),20250312000469,해성옵틱스,20250312,정
00423177,텔레칩스,054450,K,주주총회소집결의              ,20250312900761,텔레칩스,20250312,코
00249982,솔본,035610,K,주주총회소집공고,20250312000535,솔본,20250312,
00125646,삼목에스폼,018310,K,의결권대리행사권유참고서류,20250312000533,삼목에스폼,20250312,
01305249,스톤브릿지벤처스,330730,K,주주총회소집공고,20250312000532,스톤브릿지벤처스,20250312,
00788773,씨젠,096530,K,중간(분기)배당을위한주주명부폐쇄(기준일)결정              ,20250312900835,씨젠,20250312,코
00176835,NH농우바이오,054050,K,의결권대리행사권유참고서류,20250312000531,NH농우바이오,20250312,정
01009789,코스맥스,192820,Y,주주총회집중일개최사유신고              ,20250312800815,코스맥스,20250312,유
00560849,에스앤디,260970,K,사업보고서 (2024.12),20250312000529,에스앤디,20250312,
00535375,키네마스터,139670,K,주주총회집중일개최사유신고              ,20250312900764,키네마스터,20250312,코
00788773,씨젠,096530,K,주주총회집중일개최사유신고              ,20250312900809,씨젠,20250312,코
00657224,아이스크림미디어,461300,K,주주총회소집공고,20250312000528,아이스크림미디어,20250312,
01108442,에치에프알,230240,K,주주총회소집결의              ,20250312900811,에치에프알,20250312,코
00362122,나래나노텍,137080,K,주주총회소집공고,20250312000527,나래나노텍,20250312,
01305249,스톤브릿지벤처스,330730,K,주주총회집중일개최사유신고              ,20250312900801,스톤브릿지벤처스,20250312,코
00149345,조흥,002600,Y,사업보고서 (2024.12),20250312000526,조흥,20250312,연
00972503,일진하이솔루스,271940,Y,사업보고서 (2024.12),20250312000525,일진하이솔루스,20250312,
00535375,키네마스터,139670,K,주주총회소집결의              ,20250312900758,키네마스터,20250312,코
00462121,LIG아큐버,073490,K,주주총회소집공고,20250312000524,LIG아큐버,20250312,
00175173,오스템,031510,K,주주총회집중일개최사유신고              ,20250312900791,오스템,20250312,코
00175623,ES큐브,050120,K,임원ㆍ주요주주특정증권등소유상황보고서,20250312000523,와이엔케이인베스트먼트,20250312,
00118451,동일제강,002690,Y,주주총회집중일개최사유신고              ,20250312800814,동일제강,20250312,유
00125646,삼목에스폼,018310,K,[기재정정]매출액또는손익구조30%(대규모법인은15%)이상변동              ,20250312900741,삼목에스폼,20250312,코
00137252,사조동아원,008040,Y,사업보고서 (2024.12),20250312000522,사조동아원,20250312,
00118451,동일제강,002690,Y,주주총회소집결의              ,20250312800790,동일제강,20250312,유
00657224,아이스크림미디어,461300,K,주주총회집중일개최사유신고              ,20250312900772,아이스크림미디어,20250312,코
00141149,영진약품,003520,Y,주주총회집중일개최사유신고              ,20250312800768,영진약품,20250312,유
00531014,유진테크,084370,K,주주총회소집공고,20250312000521,유진테크,20250312,
00117267,동양생명,082640,Y,주주총회집중일개최사유신고              ,20250312800731,동양생명,20250312,유
00148522,퍼스텍,010820,Y,감사보고서제출              ,20250312800726,퍼스텍,20250312,유
00657224,아이스크림미디어,461300,K,주주총회소집결의              ,20250312900762,아이스크림미디어,20250312,코
00113058,한화생명,088350,Y,감사보고서제출              ,20250312800724,한화생명,20250312,유
01335930,티움바이오,321550,K,주식매수선택권부여에관한신고,20250312000519,티움바이오,20250312,정
00244747,파크시스템스,140860,K,주주총회소집공고,20250312000518,파크시스템스,20250312,
01335790,바이젠셀,308080,K,주주총회소집공고,20250312000517,바이젠셀,20250312,
00596677,매커스,093520,K,주주총회소집공고,20250312000516,매커스,20250312,
00177199,디씨엠,024090,Y,사업보고서 (2024.12),20250312000515,디씨엠,20250312,정
00657224,아이스크림미디어,461300,K,현금ㆍ현물배당결정              ,20250312900747,아이스크림미디어,20250312,코정
01027794,브이원텍,251630,K,전환사채(해외전환사채포함)발행후만기전사채취득              ,20250312900797,브이원텍,20250312,코
00803425,코리아에프티,123410,K,주주총회소집공고,20250312000514,코리아에프티,20250312,
00788773,씨젠,096530,K,주주총회소집결의              ,20250312900770,씨젠,20250312,코
01335930,티움바이오,321550,K,[기재정정]주식매수선택권부여에관한신고,20250312000513,티움바이오,20250312,정
00146649,일진홀딩스,015860,Y,감사보고서제출              ,20250312800642,일진홀딩스,20250312,유
00761059,펌텍코리아,251970,K,주주총회소집공고,20250312000509,펌텍코리아,20250312,
00125646,삼목에스폼,018310,K,주주총회소집공고,20250312000507,삼목에스폼,20250312,
00175623,ES큐브,050120,K,주식등의대량보유상황보고서(일반),20250312000506,지에프금융산업제1호,20250312,
00660459,나노씨엠에스,247660,K,주주총회집중일개최사유신고              ,20250312900723,나노씨엠에스,20250312,코
00249982,솔본,035610,K,주주총회집중일개최사유신고              ,20250312900719,솔본,20250312,코
00249982,솔본,035610,K,주주총회소집결의              ,20250312900717,솔본,20250312,코
00435969,인피니트헬스케어,071200,K,주주총회집중일개최사유신고              ,20250312900767,인피니트헬스케어,20250312,코
00896285,삼양사,145990,Y,주주총회소집공고,20250312000502,삼양사,20250312,
00366845,탑엔지니어링,065130,K,사업보고서 (2024.12),20250312000500,탑엔지니어링,20250312,정연
01335930,티움바이오,321550,K,[기재정정]주식매수선택권부여에관한신고,20250312000501,티움바이오,20250312,정
00974927,NEW,160550,K,[기재정정]매출액또는손익구조30%(대규모법인은15%)이상변동              ,20250312900711,NEW,20250312,코
00351579,비트플래닛,049470,K,주주총회소집결의              ,20250312900729,비트플래닛,20250312,코
00660459,나노씨엠에스,247660,K,주주총회소집결의              ,20250312900703,나노씨엠에스,20250312,코
00118451,동일제강,002690,Y,주주총회소집공고,20250312000499,동일제강,20250312,
01335930,티움바이오,321550,K,[기재정정]주식매수선택권부여에관한신고,20250312000497,티움바이오,20250312,정
00366845,탑엔지니어링,065130,K,감사보고서제출              ,20250312900625,탑엔지니어링,20250312,코
00453929,메디포스트,078160,K,유상증자결정(종속회사의주요경영사항)              ,20250312900765,메디포스트,20250312,코
00148470,제일일렉트릭,199820,K,현금ㆍ현물배당결정              ,20250312900696,제일일렉트릭,20250312,코정
01335930,티움바이오,321550,K,[기재정정]주식매수선택권부여에관한신고,20250312000495,티움바이오,20250312,정
01258020,에스바이오메딕스,304360,K,의결권대리행사권유참고서류,20250312000493,에스바이오메딕스,20250312,정
00435969,인피니트헬스케어,071200,K,주주총회소집결의              ,20250312900715,인피니트헬스케어,20250312,코
00380429,CMG제약,058820,K,주주총회집중일개최사유신고              ,20250312900739,CMG제약,20250312,코
00132628,성문전자,014910,Y,[기재정정]주주총회소집결의              ,20250312800737,성문전자,20250312,유
00659161,싸이맥스,160980,K,사업보고서 (2024.12),20250312000491,싸이맥스,20250312,연
00239514,삼진엘앤디,054090,K,주주총회소집공고,20250312000490,삼진엘앤디,20250312,
01335930,티움바이오,321550,K,[기재정정]주식매수선택권부여에관한신고,20250312000487,티움바이오,20250312,
00429694,파버나인,177830,K,신탁계약해지결과보고서,20250312000486,파버나인,20250312,
00788773,씨젠,096530,K,현금ㆍ현물배당결정              ,20250312900716,씨젠,20250312,코
00683469,일진전기,103590,Y,사업보고서 (2024.12),20250312000485,일진전기,20250312,연
00159971,KC그린홀딩스,009440,Y,[기재정정]의결권대리행사권유참고서류,20250312000484,KC그린홀딩스,20250312,
01326279,아이엘,307180,K,의결권대리행사권유참고서류,20250312000483,아이엘,20250312,
01227039,파라택시스코리아,288330,K,[기재정정]주주총회소집공고,20250312000482,파라택시스코리아,20250312,
01335930,티움바이오,321550,K,[기재정정]주식매수선택권부여에관한신고,20250312000481,티움바이오,20250312,
00176835,NH농우바이오,054050,K,주주총회소집공고,20250312000480,NH농우바이오,20250312,정
01866926,KB제31호스팩,492220,K,감사보고서제출              ,20250312900673,KB제31호스팩,20250312,코
00828789,대성산업,128820,Y,주요사항보고서(감자결정),20250312000430,대성산업,20250312,
00828789,대성산업,128820,Y,매매거래정지및정지해제(중요내용공시)              ,20250312800689,유가증권시장본부,20250312,유
00144650,유신,054930,K,[기재정정]타인에대한담보제공결정              ,20250312900735,유신,20250312,코정
00141149,영진약품,003520,Y,의결권대리행사권유참고서류,20250312000479,영진약품,20250312,
01335930,티움바이오,321550,K,[기재정정]주식매수선택권부여에관한신고,20250312000478,티움바이오,20250312,정
00380429,CMG제약,058820,K,주주총회소집공고,20250312000477,CMG제약,20250312,
00359395,헬릭스미스,084990,K,주주총회소집결의              ,20250312900664,헬릭스미스,20250312,코
01814233,미래에셋비전스팩4호,477380,K,정기주주총회결과              ,20250312900701,미래에셋비전스팩4호,20250312,코
01227039,파라택시스코리아,288330,K,[기재정정]의결권대리행사권유참고서류,20250312000476,파라택시스코리아,20250312,
00176835,NH농우바이오,054050,K,주주총회집중일개최사유신고              ,20250312900695,NH농우바이오,20250312,코
01078178,RFHIC,218410,K,주식매수선택권부여에관한신고,20250312000475,RFHIC,20250312,
01013311,헥토이노베이션,214180,K,주주총회소집결의              ,20250312900626,헥토이노베이션,20250312,코
00113544,대한화섬,003830,Y,주주총회소집결의              ,20250312800659,대한화섬,20250312,유
00659161,싸이맥스,160980,K,감사보고서제출              ,20250312900683,싸이맥스,20250312,코
00164788,현대모비스,012330,Y,의결권대리행사권유참고서류,20250312000474,컨두잇,20250312,정
01344202,뷰노,338220,K,[기재정정]타법인주식및출자증권취득결정              ,20250312900706,뷰노,20250312,코
00923826,일월지엠엘,178780,K,의결권대리행사권유참고서류,20250312000472,일월지엠엘,20250312,
01335930,티움바이오,321550,K,[기재정정]주식매수선택권부여에관한신고,20250312000471,티움바이오,20250312,
00683469,일진전기,103590,Y,감사보고서제출              ,20250312800636,일진전기,20250312,유
00176835,NH농우바이오,054050,K,주주총회소집결의              ,20250312900691,NH농우바이오,20250312,코
00176835,NH농우바이오,054050,K,현금ㆍ현물배당결정              ,20250312900679,NH농우바이오,20250312,코
01335930,티움바이오,321550,K,주주총회소집결의              ,20250312900601,티움바이오,20250312,코
00380429,CMG제약,058820,K,주주총회소집결의              ,20250312900687,CMG제약,20250312,코
01593668,센서뷰,321370,K,의결권대리행사권유참고서류,20250312000466,센서뷰,20250312,
00141149,영진약품,003520,Y,주주총회소집공고,20250312000464,영진약품,20250312,
00125646,삼목에스폼,018310,K,주주총회집중일개최사유신고              ,20250312900657,삼목에스폼,20250312,코
00126256,삼성생명,032830,Y,감사보고서제출              ,20250312800627,삼성생명,20250312,유
00144650,유신,054930,K,[기재정정]타인에대한담보제공결정              ,20250312900705,유신,20250312,코정
00125646,삼목에스폼,018310,K,주주총회소집결의              ,20250312900650,삼목에스폼,20250312,코
00877819,데이타솔루션,263800,K,감사보고서제출              ,20250312900677,데이타솔루션,20250312,코
00159193,한국전력공사,015760,Y,의결권대리행사권유참고서류,20250312000463,컨두잇,20250312,
01335930,티움바이오,321550,K,[기재정정]주식매수선택권부여에관한신고,20250312000462,티움바이오,20250312,정
00923826,일월지엠엘,178780,K,주주총회소집공고,20250312000461,일월지엠엘,20250312,
01307335,나인앤컴퍼니,366030,K,주주총회소집공고,20250312000460,나인앤컴퍼니,20250312,
01343665,RF머트리얼즈,327260,K,주주총회소집공고,20250312000459,RF머트리얼즈,20250312,
00136776,차AI헬스케어,025620,Y,주주총회소집공고,20250312000457,차AI헬스케어,20250312,
01305249,스톤브릿지벤처스,330730,K,주주총회소집결의              ,20250312900660,스톤브릿지벤처스,20250312,코
01336762,스피어,347700,K,주식등의대량보유상황보고서(약식),20250312000454,위드윈인베스트먼트,20250312,
01593668,센서뷰,321370,K,주주총회소집공고,20250312000452,센서뷰,20250312,
00136776,차AI헬스케어,025620,Y,주주총회집중일개최사유신고              ,20250312800680,차AI헬스케어,20250312,유
00271501,코아시아,045970,K,의결권대리행사권유참고서류,20250312000449,코아시아,20250312,
00603348,케이아이엔엑스,093320,K,의결권대리행사권유참고서류,20250312000448,케이아이엔엑스,20250312,
00149345,조흥,002600,Y,감사보고서제출              ,20250312800649,조흥,20250312,유
00137368,신풍,002870,Y,주주총회소집결의              ,20250312800631,신풍,20250312,유
00166519,화천기공,000850,Y,감사보고서제출              ,20250312800603,화천기공,20250312,유
00626011,아이텍,119830,K,감사보고서제출              ,20250312900640,아이텍,20250312,코
00170026,시공테크,020710,K,신탁계약해지결과보고서,20250312000444,시공테크,20250312,
00105466,KCC건설,021320,K,감사보고서제출              ,20250312900653,KCC건설,20250312,코정
01336762,스피어,347700,K,주식등의대량보유상황보고서(약식),20250312000442,위드윈투자조합78호,20250312,
00532059,그린생명과학,114450,K,의결권대리행사권유참고서류,20250312000441,그린생명과학,20250312,
00173698,신일전자,002700,Y,주주총회집중일개최사유신고              ,20250312800620,신일전자,20250312,유
00136776,차AI헬스케어,025620,Y,주주총회소집결의              ,20250312800590,차AI헬스케어,20250312,유
00413046,셀트리온,068270,Y,의결권대리행사권유참고서류,20250312000440,컨두잇,20250312,
00923826,일월지엠엘,178780,K,주주총회집중일개최사유신고              ,20250312900634,일월지엠엘,20250312,코
00923826,일월지엠엘,178780,K,주주총회소집결의              ,20250312900632,일월지엠엘,20250312,코
00603348,케이아이엔엑스,093320,K,주주총회소집공고,20250312000438,케이아이엔엑스,20250312,
01326279,아이엘,307180,K,주주총회소집공고,20250312000437,아이엘,20250312,
00155276,포스코퓨처엠,003670,Y,[기재정정]주주총회소집공고,20250312000436,포스코퓨처엠,20250312,
01563922,엠오티,413390,K,의결권대리행사권유참고서류,20250312000435,엠오티,20250312,정
00292434,인트론바이오,048530,K,신탁계약에의한취득상황보고서,20250312000433,인트론바이오,20250312,
00108490,엔피케이,048830,K,주주총회소집공고,20250312000432,엔피케이,20250312,
00305297,코텍,052330,K,주요사항보고서(자기주식취득결정),20250312000395,코텍,20250312,
01807747,신한제13호스팩,474930,K,감사보고서제출              ,20250312900597,신한제13호스팩,20250312,코
01512575,코어라인소프트,384470,K,주요사항보고서(유상증자결정),20250312000386,코어라인소프트,20250312,
00363510,제이케이시냅스,060230,K,[기재정정]주요사항보고서(전환사채권발행결정),20250312000417,제이케이시냅스,20250312,정
00363510,제이케이시냅스,060230,K,[기재정정]주요사항보고서(전환사채권발행결정),20250312000402,제이케이시냅스,20250312,정
00321204,지에이이노더스,076340,N,주주총회집중일개최사유신고              ,20250312600584,지에이이노더스,20250312,넥
00147994,새로닉스,042600,K,[기재정정]의결권대리행사권유참고서류,20250312000426,새로닉스,20250312,
00114765,케이비아이동국실업,001620,Y,[기재정정]매출액또는손익구조30%(대규모법인은15%)이상변경              ,20250312800606,케이비아이동국실업,20250312,유
01792791,IBKS제24호스팩,469480,K,감사보고서제출              ,20250312900577,IBKS제24호스팩,20250312,코
01293485,제닉스로보틱스,381620,K,사업보고서 (2024.12),20250312000424,제닉스로보틱스,20250312,정
00159616,두산에너빌리티,034020,Y,의결권대리행사권유참고서류,20250312000423,컨두잇,20250312,
00404288,아진엑스텍,059120,K,[기재정정]주주총회소집공고,20250312000422,아진엑스텍,20250312,
00660291,옵티시스,109080,K,주주총회소집공고,20250312000421,옵티시스,20250312,
01311310,지아이텍,382480,K,감사보고서제출              ,20250312900540,지아이텍,20250312,코
00113544,대한화섬,003830,Y,[기재정정]매출액또는손익구조30%(대규모법인은15%)이상변경              ,20250312800572,대한화섬,20250312,유
01344202,뷰노,338220,K,타법인주식및출자증권취득결정              ,20250312900610,뷰노,20250312,코정
00128980,삼호개발,010960,Y,[기재정정]단일판매ㆍ공급계약체결              ,20250312800553,삼호개발,20250312,유정
01013311,헥토이노베이션,214180,K,현금ㆍ현물배당결정              ,20250312900607,헥토이노베이션,20250312,코
00115931,디오,039840,K,신탁계약해지결과보고서,20250312000420,디오,20250312,
00125664,삼미금속,012210,K,사업보고서 (2024.12),20250312000418,삼미금속,20250312,정
00365758,아이앤씨,052860,K,주주총회소집공고,20250312000419,아이앤씨,20250312,
00135962,신라교역,004970,Y,감사보고서제출              ,20250312800593,신라교역,20250312,유
01436558,신한서부티엔디리츠,404990,Y,사업보고서 (2024.12),20250312000416,신한서부티엔디리츠,20250312,연
01326279,아이엘,307180,K,주주총회집중일개최사유신고              ,20250312900599,아이엘,20250312,코
00173698,신일전자,002700,Y,의결권대리행사권유참고서류,20250312000410,신일전자,20250312,
00164779,SK하이닉스,000660,Y,의결권대리행사권유참고서류,20250312000408,컨두잇,20250312,
00271501,코아시아,045970,K,주주총회소집공고,20250312000407,코아시아,20250312,
01515323,LG에너지솔루션,373220,Y,사업보고서 (2024.12),20250312000405,LG에너지솔루션,20250312,연
00532059,그린생명과학,114450,K,주주총회집중일개최사유신고              ,20250312900580,그린생명과학,20250312,코
00603348,케이아이엔엑스,093320,K,현금ㆍ현물배당결정              ,20250312900570,케이아이엔엑스,20250312,코
00603348,케이아이엔엑스,093320,K,주주총회집중일개최사유신고              ,20250312900564,케이아이엔엑스,20250312,코
00404288,아진엑스텍,059120,K,[기재정정]주주총회소집결의              ,20250312900562,아진엑스텍,20250312,코
00114765,케이비아이동국실업,001620,Y,주주총회집중일개최사유신고              ,20250312800586,케이비아이동국실업,20250312,유
00114765,케이비아이동국실업,001620,Y,의결권대리행사권유참고서류,20250312000401,케이비아이동국실업,20250312,정
00173698,신일전자,002700,Y,주주총회소집공고,20250312000400,신일전자,20250312,
00114765,케이비아이동국실업,001620,Y,주주총회소집공고,20250312000399,케이비아이동국실업,20250312,정
00606886,엔지켐생명과학,183490,K,신탁계약에의한취득상황보고서,20250312000397,엔지켐생명과학,20250312,
00181712,SK,034730,Y,의결권대리행사권유참고서류,20250312000396,컨두잇,20250312,
00526696,웨이브일렉트로,095270,K,주주총회소집결의              ,20250312900554,웨이브일렉트로,20250312,코
00603348,케이아이엔엑스,093320,K,주주총회소집결의              ,20250312900561,케이아이엔엑스,20250312,코
01326279,아이엘,307180,K,주주총회소집결의              ,20250312900560,아이엘,20250312,코
00114765,케이비아이동국실업,001620,Y,주주총회소집결의              ,20250312800552,케이비아이동국실업,20250312,유
01571107,오픈엣지테크놀로지,394280,K,주주총회집중일개최사유신고              ,20250312900565,오픈엣지테크놀로지,20250312,코
01113718,올릭스,226950,K,"투자판단관련주요경영사항(임상시험계획승인신청)              (안드로겐성 탈모가 있는 건강한 남성을 대상으로 OLX72021의 안전성과 유효성을 평가하기 위한 다기관, 무작위 배정, 이중 눈가림, 위약 대조, 다중 상승 용량 제1b/2a상 임상시험 계획 승인신청)",20250312900532,올릭스,20250312,코
00980122,JB금융지주,175330,Y,증권발행실적보고서,20250312000391,JB금융지주,20250312,
01381391,에스피소프트,443670,K,주주총회집중일개최사유신고              ,20250312900530,에스피소프트,20250312,코
01390399,솔트웨어,328380,K,주주총회소집공고,20250312000388,솔트웨어,20250312,
00404288,아진엑스텍,059120,K,주주총회집중일개최사유신고              ,20250312900489,아진엑스텍,20250312,코
00131832,SK디스커버리,006120,Y,감사보고서제출(자회사의 주요경영사항)              ,20250312800568,SK디스커버리,20250312,유
00876643,캐프,198080,K,감사보고서제출              ,20250312900525,캐프,20250312,코
00766106,엣지파운드리,105550,K,합병등종료보고서(합병),20250312000385,엣지파운드리,20250312,
00531829,엠아이텍,179290,K,의결권대리행사권유참고서류,20250312000384,엠아이텍,20250312,
00532059,그린생명과학,114450,K,주주총회소집공고,20250312000383,그린생명과학,20250312,
00244455,케이티앤지,033780,Y,의결권대리행사권유참고서류,20250312000382,컨두잇,20250312,
00103547,우진비앤지,018620,K,의결권대리행사권유참고서류,20250312000381,우진비앤지,20250312,
00130879,서울식품공업,004410,Y,주주총회집중일개최사유신고              ,20250312800535,서울식품공업,20250312,유
00144164,SK가스,018670,Y,감사보고서제출              ,20250312800523,SK가스,20250312,유
00328191,케이에스피,073010,K,감사보고서제출              ,20250312900518,케이에스피,20250312,코
01492217,엑셀세라퓨틱스,373110,K,주주총회소집공고,20250312000378,엑셀세라퓨틱스,20250312,
00972503,일진하이솔루스,271940,Y,감사보고서제출              ,20250312800501,일진하이솔루스,20250312,유
01159233,솔루엠,248070,Y,주식소각결정              ,20250312800462,솔루엠,20250312,유
01208849,나인테크,267320,K,의결권대리행사권유참고서류,20250312000374,나인테크,20250312,
01242241,샌즈랩,411080,K,[기재정정]매출액또는손익구조30%(대규모법인은15%)이상변동              ,20250312900541,샌즈랩,20250312,코
01182240,배럴,267790,K,주주총회소집공고,20250312000373,배럴,20250312,
01571107,오픈엣지테크놀로지,394280,K,주주총회소집결의              ,20250312900529,오픈엣지테크놀로지,20250312,코
00531829,엠아이텍,179290,K,주주총회소집공고,20250312000371,엠아이텍,20250312,
00164645,HMM,011200,Y,의결권대리행사권유참고서류,20250312000370,컨두잇,20250312,
00120906,에스아이리소스,065420,K,의결권대리행사권유참고서류,20250312000369,에스아이리소스,20250312,
00560849,에스앤디,260970,K,감사보고서제출              ,20250312900478,에스앤디,20250312,코
00159254,한국전자홀딩스,006200,Y,주주총회소집공고,20250312000364,한국전자홀딩스,20250312,
00306870,손오공,066910,K,유상증자또는주식관련사채등의청약결과(자율공시)              ,20250312900543,손오공,20250312,코
01208849,나인테크,267320,K,주주총회소집공고,20250312000363,나인테크,20250312,
00352064,프리엠스,053160,K,감사보고서제출              ,20250312900368,프리엠스,20250312,코
00165583,E1,017940,Y,약관에의한금융거래시계열금융회사의거래상대방의공시,20250312000361,E1,20250312,공
00988364,SGA솔루션즈,184230,K,주주총회집중일개최사유신고              ,20250312900506,SGA솔루션즈,20250312,코
00870065,쓰리에이로직스,177900,K,주주총회집중일개최사유신고              ,20250312900522,쓰리에이로직스,20250312,코
00525934,LX세미콘,108320,Y,사업보고서 (2024.12),20250312000356,LX세미콘,20250312,정연
01563922,엠오티,413390,K,[기재정정]주주총회소집공고,20250312000357,엠오티,20250312,
00252269,아이에이,038880,K,[기재정정]주주총회소집결의              ,20250312900502,아이에이,20250312,코
00407294,유라클,088340,K,주식등의대량보유상황보고서(일반),20250312000354,조준희,20250312,
00155319,POSCO홀딩스,005490,Y,의결권대리행사권유참고서류,20250312000351,컨두잇,20250312,정
00104856,삼성증권,016360,Y,투자설명서(일괄신고),20250312000350,삼성증권,20250312,
00459871,농심홀딩스,072710,Y,감사보고서제출(자회사의 주요경영사항)              ,20250312800496,농심홀딩스,20250312,유
01182578,DH오토리드,290120,K,기타주요경영사항(종속회사의주요경영사항)              (회사분할 결정(종속회사의 주요경영사항) 철회),20250312900497,DH오토리드,20250312,코
01444380,에이텀,355690,K,[기재정정]주주총회소집결의              ,20250312900507,에이텀,20250312,코
00235183,에이치케이,044780,K,[첨부정정]의결권대리행사권유참고서류,20250312000347,에이치케이,20250312,
01381391,에스피소프트,443670,K,주주총회소집결의              ,20250312900471,에스피소프트,20250312,코정
00167031,흥국,010240,K,감사보고서제출              ,20250312900495,흥국,20250312,코
00161383,한미반도체,042700,Y,임원ㆍ주요주주특정증권등소유상황보고서,20250312000346,곽동신,20250312,
00120906,에스아이리소스,065420,K,주주총회소집공고,20250312000344,에스아이리소스,20250312,
01061558,덕산네오룩스,213420,K,의결권대리행사권유참고서류,20250312000343,덕산네오룩스,20250312,
01297898,마음AI,377480,K,의결권대리행사권유참고서류,20250312000340,마음AI,20250312,
01281541,에피바이오텍,446440,N,[기재정정]주요사항보고서(유상증자결정),20250312000317,에피바이오텍,20250312,
01046391,싸이토젠,217330,K,사외이사의선임ㆍ해임또는중도퇴임에관한신고,20250312000338,싸이토젠,20250312,
00130879,서울식품공업,004410,Y,의결권대리행사권유참고서류,20250312000337,서울식품공업,20250312,
00117601,유안타증권,003470,Y,증권발행실적보고서,20250312000336,유안타증권,20250312,
00453929,메디포스트,078160,K,주주총회집중일개최사유신고              ,20250312900480,메디포스트,20250312,코
00453929,메디포스트,078160,K,주주총회소집결의              ,20250312900473,메디포스트,20250312,코
01335453,조이웍스앤코,309930,K,의결권대리행사권유참고서류,20250312000335,조이웍스앤코,20250312,정
00108241,농심,004370,Y,감사보고서제출              ,20250312800441,농심,20250312,유
00988364,SGA솔루션즈,184230,K,주주총회소집결의              ,20250312900449,SGA솔루션즈,20250312,코
00159218,한전KPS,051600,Y,[기재정정]단일판매ㆍ공급계약체결              ,20250312800435,한전KPS,20250312,유정
00102751,고려산업,002140,Y,사업보고서 (2024.12),20250312000333,고려산업,20250312,연
00130879,서울식품공업,004410,Y,[기재정정]매출액또는손익구조30%(대규모법인은15%)이상변경              ,20250312800430,서울식품공업,20250312,유
00911955,잇츠한불,226320,Y,주주총회소집공고,20250312000332,잇츠한불,20250312,
01182578,DH오토리드,290120,K,[기재정정]회사분할결정(종속회사의주요경영사항)              ,20250312900491,DH오토리드,20250312,코
00102751,고려산업,002140,Y,감사보고서제출              ,20250312800425,고려산업,20250312,유
01515323,LG에너지솔루션,373220,Y,의결권대리행사권유참고서류,20250312000330,컨두잇,20250312,
01381391,에스피소프트,443670,K,의결권대리행사권유참고서류,20250312000327,에스피소프트,20250312,
01251577,휴네시온,290270,K,주주총회소집공고,20250312000326,휴네시온,20250312,
00911955,잇츠한불,226320,Y,현금ㆍ현물배당결정              ,20250312800428,잇츠한불,20250312,유
00531829,엠아이텍,179290,K,주주총회집중일개최사유신고              ,20250312900440,엠아이텍,20250312,코
00531829,엠아이텍,179290,K,주주총회소집결의              ,20250312900432,엠아이텍,20250312,코
01381391,에스피소프트,443670,K,주주총회소집공고,20250312000323,에스피소프트,20250312,정
00104856,삼성증권,016360,Y,일괄신고추가서류(파생결합증권-주가연계증권),20250312000322,삼성증권,20250312,
00125725,디모아,016670,K,주주총회소집공고,20250312000320,디모아,20250312,
00146427,한주에이알티,058450,K,주주총회소집공고,20250312000319,한주에이알티,20250312,
00528791,제일엠앤에스,412540,K,주주총회소집결의              ,20250312900407,제일엠앤에스,20250312,코
00870065,쓰리에이로직스,177900,K,주주총회소집공고,20250312000318,쓰리에이로직스,20250312,
01444380,에이텀,355690,K,주주총회집중일개최사유신고              ,20250312900460,에이텀,20250312,코
01061558,덕산네오룩스,213420,K,주주총회소집공고,20250312000315,덕산네오룩스,20250312,
00223513,제이씨현시스템,033320,K,감사보고서제출              ,20250312900455,제이씨현시스템,20250312,코
01851650,KB제30호스팩,486630,K,사업보고서 (2024.12),20250312000313,KB제30호스팩,20250312,
00202839,한창산업,079170,K,주주총회집중일개최사유신고              ,20250312900457,한창산업,20250312,코
00166500,화천기계,010660,Y,사업보고서 (2024.12),20250312000312,화천기계,20250312,정
01343665,RF머트리얼즈,327260,K,주주총회집중일개최사유신고              ,20250312900418,RF머트리얼즈,20250312,코
00130879,서울식품공업,004410,Y,주주총회소집공고,20250312000311,서울식품공업,20250312,정
01408999,웨이버스,336060,K,주주총회소집공고,20250312000310,웨이버스,20250312,
00401731,LG전자,066570,Y,의결권대리행사권유참고서류,20250312000309,컨두잇,20250312,
00624509,디바이스,187870,K,주주총회소집공고,20250312000308,디바이스,20250312,
01159233,솔루엠,248070,Y,의결권대리행사권유참고서류,20250312000307,솔루엠,20250312,
01444380,에이텀,355690,K,의결권대리행사권유참고서류,20250312000305,에이텀,20250312,
00911955,잇츠한불,226320,Y,주주총회소집결의              ,20250312800421,잇츠한불,20250312,유
00870065,쓰리에이로직스,177900,K,주주총회소집결의              ,20250312900423,쓰리에이로직스,20250312,코
01258020,에스바이오메딕스,304360,K,기업설명회(IR)개최              ,20250312900454,에스바이오메딕스,20250312,코
00155586,HLB이노베이션,024850,K,기업설명회(IR)개최              ,20250312900452,HLB이노베이션,20250312,코
00384717,비엘팜텍,065170,K,단일판매ㆍ공급계약체결              ,20250312900438,비엘팜텍,20250312,코정
01444380,에이텀,355690,K,주주총회소집공고,20250312000297,에이텀,20250312,정
00125725,디모아,016670,K,주주총회집중일개최사유신고              ,20250312900413,디모아,20250312,코
00428729,대호에이엘,069460,Y,[기재정정]주요사항보고서(회사분할결정),20250312000283,대호에이엘,20250312,정
00202839,한창산업,079170,K,주주총회소집공고,20250312000296,한창산업,20250312,
00453929,메디포스트,078160,K,[기재정정]주식매수선택권부여에관한신고,20250312000294,메디포스트,20250312,
01845534,대신밸런스제19호스팩,482690,K,주주총회소집공고,20250312000293,대신밸런스제19호스팩,20250312,
00125725,디모아,016670,K,주주총회소집결의              ,20250312900410,디모아,20250312,코
00103547,우진비앤지,018620,K,주주총회소집공고,20250312000289,우진비앤지,20250312,
00453929,메디포스트,078160,K,[기재정정]주식매수선택권부여에관한신고,20250312000288,메디포스트,20250312,
00545734,아미코젠,092040,K,[기재정정]주주총회소집공고,20250312000287,아미코젠,20250312,
00271501,코아시아,045970,K,주주총회소집결의              ,20250312900420,코아시아,20250312,코
01409095,비트맥스,377030,K,[첨부정정]주요사항보고서(전환사채권발행결정),20250312000259,비트맥스,20250312,정
01297898,마음AI,377480,K,주주총회소집공고,20250312000284,마음AI,20250312,
00109037,대성창투,027830,K,주주총회소집공고,20250312000282,대성창투,20250312,
00543204,아이오케이이엔엠,078860,K,주주총회집중일개최사유신고              ,20250312900347,아이오케이이엔엠,20250312,코
00155586,HLB이노베이션,024850,K,임원ㆍ주요주주특정증권등소유상황보고서,20250312000278,표창민,20250312,
00364467,드림어스컴퍼니,060570,K,[기재정정]감사보고서제출              ,20250312900406,드림어스컴퍼니,20250312,코
00142865,WISCOM,024070,Y,임원ㆍ주요주주특정증권등소유상황보고서,20250312000277,구조웅,20250312,
00166500,화천기계,010660,Y,감사보고서제출              ,20250312800372,화천기계,20250312,유
00358271,SFA,056190,K,신탁계약해지결과보고서,20250312000273,SFA,20250312,
00575106,씨유테크,376290,K,주주총회소집공고,20250312000268,씨유테크,20250312,
00260408,팜스코,036580,Y,[첨부정정]의결권대리행사권유참고서류,20250312000267,팜스코,20250312,
00142865,WISCOM,024070,Y,최대주주등소유주식변동신고서              ,20250312800411,WISCOM,20250312,유
00155586,HLB이노베이션,024850,K,임원ㆍ주요주주특정증권등소유상황보고서,20250312000266,김홍철,20250312,
01343665,RF머트리얼즈,327260,K,주주총회소집결의              ,20250312900395,RF머트리얼즈,20250312,코
00575106,씨유테크,376290,K,주주총회소집결의              ,20250312900386,씨유테크,20250312,코
00159795,한국카본,017960,Y,의결권대리행사권유참고서류,20250312000264,한국카본,20250312,
00589127,KEC,092220,Y,주주총회소집공고,20250312000263,KEC,20250312,
00146427,한주에이알티,058450,K,의결권대리행사권유참고서류,20250312000260,한주에이알티,20250312,
01251577,휴네시온,290270,K,주주총회집중일개최사유신고              ,20250312900387,휴네시온,20250312,코
01250374,에스에스알,275630,K,주주총회집중일개최사유신고              ,20250312900383,에스에스알,20250312,코
01297898,마음AI,377480,K,주주총회소집결의              ,20250312900389,마음AI,20250312,코
01250374,에스에스알,275630,K,주주총회소집결의              ,20250312900382,에스에스알,20250312,코
01669226,한화리츠,451800,Y,부동산투자회사부동산임대              ,20250312800380,한화리츠,20250312,유
01251577,휴네시온,290270,K,주주총회소집결의              ,20250312900379,휴네시온,20250312,코
01669226,한화리츠,451800,Y,부동산투자회사부동산임대              ,20250312800378,한화리츠,20250312,유
00159795,한국카본,017960,Y,주주총회소집공고,20250312000257,한국카본,20250312,
00126292,삼성카드,029780,Y,증권발행실적보고서,20250312000256,삼성카드,20250312,
00356361,LG화학,051910,Y,의결권대리행사권유참고서류,20250312000255,컨두잇,20250312,
00367710,동인기연,111380,Y,주주총회집중일개최사유신고              ,20250312800367,동인기연,20250312,유
00164478,현대건설,000720,Y,감사보고서제출              ,20250312800353,현대건설,20250312,유
00112378,KR모터스,000040,Y,주주총회소집공고,20250312000251,KR모터스,20250312,정
01159233,솔루엠,248070,Y,주주총회소집공고,20250312000250,솔루엠,20250312,
01258020,에스바이오메딕스,304360,K,주주총회집중일개최사유신고              ,20250312900339,에스바이오메딕스,20250312,코
00356802,큐렉소,060280,K,기업설명회(IR)개최              ,20250312900388,큐렉소,20250312,코
01258020,에스바이오메딕스,304360,K,주주총회소집결의              ,20250312900360,에스바이오메딕스,20250312,코
00166528,서암기계공업,100660,K,사업보고서 (2024.12),20250312000249,서암기계공업,20250312,
01050738,솔트룩스,304100,K,주주총회집중일개최사유신고              ,20250312900345,솔트룩스,20250312,코
00231044,우리기술,032820,K,의결권대리행사권유참고서류,20250312000248,우리기술,20250312,
01050738,솔트룩스,304100,K,주주총회소집결의              ,20250312900369,솔트룩스,20250312,코
00624378,마이크로투나노,424980,K,주주총회소집공고,20250312000246,마이크로투나노,20250312,
01046391,싸이토젠,217330,K,임시주주총회결과              ,20250312900344,싸이토젠,20250312,코
01159233,솔루엠,248070,Y,주주총회집중일개최사유신고              ,20250312800343,솔루엠,20250312,유
00194947,한전산업,130660,Y,매출액또는손익구조30%(대규모법인은15%)이상변경              ,20250312800341,한전산업,20250312,유
00103547,우진비앤지,018620,K,주주총회집중일개최사유신고              ,20250312900364,우진비앤지,20250312,코
00624378,마이크로투나노,424980,K,주주총회집중일개최사유신고              ,20250312900349,마이크로투나노,20250312,코
00367710,동인기연,111380,Y,의결권대리행사권유참고서류,20250312000235,동인기연,20250312,
01518506,타조이엔터테인먼트,476710,N,주주총회소집공고,20250312000234,타조이엔터테인먼트,20250312,
00453488,다이나믹디자인,145210,Y,조회공시요구(현저한시황변동)에대한답변(중요공시대상없음)              ,20250312800351,다이나믹디자인,20250312,유
01288410,셀바이오휴먼텍,318160,K,임원ㆍ주요주주특정증권등소유상황보고서,20250312000231,이권선,20250312,
00164742,현대자동차,005380,Y,의결권대리행사권유참고서류,20250312000230,컨두잇,20250312,
00367710,동인기연,111380,Y,주주총회소집공고,20250312000229,동인기연,20250312,
01851650,KB제30호스팩,486630,K,감사보고서제출              ,20250312900336,KB제30호스팩,20250312,코
00411808,제이오,418550,K,주주총회소집공고,20250312000227,제이오,20250312,
00359580,아이디스홀딩스,054800,K,감사보고서제출              ,20250312900320,아이디스홀딩스,20250312,코
01070149,올리패스,244460,K,의결권대리행사권유참고서류,20250312000225,올리패스,20250312,
00159795,한국카본,017960,Y,주주총회집중일개최사유신고              ,20250312800323,한국카본,20250312,유
01336443,디와이씨,310870,K,주주총회소집공고,20250312000224,디와이씨,20250312,
00161046,한독,002390,Y,사업보고서 (2024.12),20250312000222,한독,20250312,연
00159795,한국카본,017960,Y,주주총회소집결의              ,20250312800321,한국카본,20250312,유
01516456,인벤티지랩,389470,K,증권발행결과(자율공시)              (제3자배정 유상증자),20250312900309,인벤티지랩,20250312,코
01444380,에이텀,355690,K,주주총회소집결의              ,20250312900329,에이텀,20250312,코정
01159233,솔루엠,248070,Y,주주총회소집결의              ,20250312800316,솔루엠,20250312,유
01728167,아이지넷,462980,K,주주총회소집결의              ,20250312900315,아이지넷,20250312,코정
00321204,지에이이노더스,076340,N,주주총회소집결의              ,20250312600306,지에이이노더스,20250312,넥
00146427,한주에이알티,058450,K,주주총회집중일개최사유신고              ,20250312900330,한주에이알티,20250312,코
00146427,한주에이알티,058450,K,주주총회소집결의              ,20250312900326,한주에이알티,20250312,코
01237434,플리토,300080,K,단일판매ㆍ공급계약체결              ,20250312900319,플리토,20250312,코정
00411808,제이오,418550,K,주주총회소집결의              ,20250312900311,제이오,20250312,코
01050738,솔트룩스,304100,K,주주총회소집공고,20250312000214,솔트룩스,20250312,
01492217,엑셀세라퓨틱스,373110,K,주주총회집중일개최사유신고              ,20250312900313,엑셀세라퓨틱스,20250312,코
01213586,아이디피,332370,K,사업보고서 (2024.12),20250312000210,아이디피,20250312,연
01492217,엑셀세라퓨틱스,373110,K,주주총회소집결의              ,20250312900310,엑셀세라퓨틱스,20250312,코
00378220,버킷스튜디오,066410,K,매출액또는손익구조30%(대규모법인은15%)이상변동              ,20250312900299,버킷스튜디오,20250312,코
00652423,인바이오젠,101140,Y,주주총회소집결의              ,20250312800305,인바이오젠,20250312,유정
00652423,인바이오젠,101140,Y,[기재정정]매출액또는손익구조30%(대규모법인은15%)이상변경              ,20250312800300,인바이오젠,20250312,유
00872984,이마트,139480,Y,영업(잠정)실적(공정공시)              ,20250312800297,이마트,20250312,유
00462121,LIG아큐버,073490,K,주주총회집중일개최사유신고              ,20250312900298,LIG아큐버,20250312,코
00132628,성문전자,014910,Y,의결권대리행사권유참고서류,20250312000207,성문전자,20250312,정
00405959,스타플렉스,115570,K,주주총회소집공고,20250312000206,스타플렉스,20250312,
00493185,제이스로보틱스,090470,K,의결권대리행사권유참고서류,20250312000204,제이스로보틱스,20250312,
00493185,제이스로보틱스,090470,K,주주총회소집공고,20250312000202,제이스로보틱스,20250312,
01098792,본느,226340,K,[기재정정]주주총회소집공고,20250312000200,본느,20250312,
01258020,에스바이오메딕스,304360,K,주식매수선택권부여에관한신고,20250312000198,에스바이오메딕스,20250312,
00176835,NH농우바이오,054050,K,약관에의한금융거래시계열금융회사의거래상대방의공시,20250312000197,NH농우바이오,20250312,공
00624378,마이크로투나노,424980,K,주주총회소집결의              ,20250312900288,마이크로투나노,20250312,코
00239514,삼진엘앤디,054090,K,주주총회집중일개최사유신고              ,20250312900285,삼진엘앤디,20250312,코
00378220,버킷스튜디오,066410,K,주주총회소집결의              ,20250312900283,버킷스튜디오,20250312,코
00446901,코칩,126730,K,주주총회소집공고,20250312000193,코칩,20250312,
00537832,푸른로보틱스,094940,K,주주총회집중일개최사유신고              ,20250312900284,푸른로보틱스,20250312,코
00159254,한국전자홀딩스,006200,Y,[기재정정]매출액또는손익구조30%(대규모법인은15%)이상변경              ,20250312800279,한국전자홀딩스,20250312,유
01335453,조이웍스앤코,309930,K,주주총회소집공고,20250312000189,조이웍스앤코,20250312,
00156442,한국가구,004590,K,사업보고서 (2024.12),20250312000186,한국가구,20250312,연
00159254,한국전자홀딩스,006200,Y,[기재정정]매출액또는손익구조30%(대규모법인은15%)이상변경(자회사의 주요경영사항)              ,20250312800277,한국전자홀딩스,20250312,유
00112378,KR모터스,000040,Y,주주총회집중일개최사유신고              ,20250312800276,KR모터스,20250312,유
00112378,KR모터스,000040,Y,주주총회소집결의              ,20250312800275,KR모터스,20250312,유
00589127,KEC,092220,Y,[기재정정]매출액또는손익구조30%(대규모법인은15%)이상변경              ,20250312800274,KEC,20250312,유
01513699,포바이포,389140,K,단일판매ㆍ공급계약체결(자율공시)              ,20250312900269,포바이포,20250312,코정
01513699,포바이포,389140,K,수시공시의무관련사항(공정공시)              (김해시립김영원미술관 전시체험시설 등 연출 설계 및 제작·설치 용역 낙찰),20250312900262,포바이포,20250312,코
00627029,DGI,099520,K,감사보고서제출              ,20250312900267,DGI,20250312,코
00575106,씨유테크,376290,K,[기재정정]현금ㆍ현물배당결정              ,20250312900271,씨유테크,20250312,코
01159233,솔루엠,248070,Y,타인에대한채무보증결정              ,20250312800270,솔루엠,20250312,유
00118804,동진쎄미켐,005290,K,주주총회집중일개최사유신고              ,20250312900265,동진쎄미켐,20250312,코
00132628,성문전자,014910,Y,주주총회소집결의              ,20250312800263,성문전자,20250312,유정
01159233,솔루엠,248070,Y,타인에대한채무보증결정              ,20250312800261,솔루엠,20250312,유
00118804,동진쎄미켐,005290,K,주주총회소집결의              ,20250312900257,동진쎄미켐,20250312,코
01031229,한국비티비,219750,K,주주총회소집공고,20250312000178,한국비티비,20250312,
01354740,브이씨,365900,K,주주총회소집공고,20250312000175,브이씨,20250312,
00102113,경인양행,012610,Y,주주총회집중일개최사유신고              ,20250312800258,경인양행,20250312,유
00983916,HLB제넥스,187420,K,주식등의대량보유상황보고서(일반),20250312000173,HLB,20250312,
01354740,브이씨,365900,K,주주총회집중일개최사유신고              ,20250312900259,브이씨,20250312,코
01354740,브이씨,365900,K,주주총회소집결의              ,20250312900254,브이씨,20250312,코
00103547,우진비앤지,018620,K,주주총회소집결의              ,20250312900252,우진비앤지,20250312,코
01258020,에스바이오메딕스,304360,K,주주총회소집공고,20250312000171,에스바이오메딕스,20250312,정
00118804,동진쎄미켐,005290,K,현금ㆍ현물배당결정              ,20250312900253,동진쎄미켐,20250312,코
01012640,슈어소프트테크,298830,K,주주총회소집공고,20250312000170,슈어소프트테크,20250312,
00578538,티피씨글로벌,130740,K,[기재정정]주주총회소집공고,20250312000169,티피씨글로벌,20250312,
01702017,유니드비티플러스,446070,Y,주주총회집중일개최사유신고              ,20250312800230,유니드비티플러스,20250312,유
00540863,GST,083450,K,[기재정정]주주총회소집결의              ,20250312900244,GST,20250312,코
00102113,경인양행,012610,Y,주주총회소집결의              ,20250312800228,경인양행,20250312,유
01357765,큐라티스,348080,K,증권발행결과(자율공시)              ,20250312900242,큐라티스,20250312,코
00226866,인탑스,049070,K,주주총회소집공고,20250312000168,인탑스,20250312,
01357765,큐라티스,348080,K,증권발행결과(자율공시)              ,20250312900240,큐라티스,20250312,코
00159786,유니드,014830,Y,감사보고서제출              ,20250312800217,유니드,20250312,유
00706715,미원홀딩스,107590,Y,주주총회집중일개최사유신고              ,20250312800247,미원홀딩스,20250312,유
00540863,GST,083450,K,[기재정정]주주총회소집공고,20250312000163,GST,20250312,
00506294,가비아,079940,K,주요사항보고서(자기주식처분결정),20250312000150,가비아,20250312,
00113225,대한제강,084010,Y,주식등의대량보유상황보고서(일반),20250312000158,오치훈,20250312,
00103547,우진비앤지,018620,K,매출액또는손익구조30%(대규모법인은15%)이상변동              ,20250312900209,우진비앤지,20250312,코
01354740,브이씨,365900,K,매출액또는손익구조30%(대규모법인은15%)이상변동              ,20250312900232,브이씨,20250312,코
00266961,NAVER,035420,Y,의결권대리행사권유참고서류,20250312000157,컨두잇,20250312,
00321204,지에이이노더스,076340,N,주주총회소집공고,20250312000156,지에이이노더스,20250312,
00613318,와이지엔터테인먼트,122870,K,[기재정정]주주총회소집결의              ,20250312900220,와이지엔터테인먼트,20250312,코
01258507,롯데웰푸드,280360,Y,풍문또는보도에대한해명              ,20250312800202,롯데웰푸드,20250312,유
01487446,씨엔알리서치,359090,K,주주총회소집공고,20250312000151,씨엔알리서치,20250312,
00706715,미원홀딩스,107590,Y,주주총회소집공고,20250312000149,미원홀딩스,20250312,
00132318,성광벤드,014620,K,기업설명회(IR)개최              ,20250312900219,성광벤드,20250312,코
01012640,슈어소프트테크,298830,K,주주총회집중일개최사유신고              ,20250312900206,슈어소프트테크,20250312,코
00155586,HLB이노베이션,024850,K,주식등의대량보유상황보고서(일반),20250312000146,HLB,20250312,
00983916,HLB제넥스,187420,K,임원ㆍ주요주주특정증권등소유상황보고서,20250312000145,김의중,20250312,
01702017,유니드비티플러스,446070,Y,주주총회소집공고,20250312000144,유니드비티플러스,20250312,
00459871,농심홀딩스,072710,Y,[기재정정]현금ㆍ현물배당결정(자회사의 주요경영사항)              ,20250312800185,농심홀딩스,20250312,유
00132318,성광벤드,014620,K,의결권대리행사권유참고서류,20250312000142,성광벤드,20250312,
00447609,비에이치,090460,Y,신탁계약에의한취득상황보고서,20250312000139,비에이치,20250312,
01415892,제이알글로벌리츠,348950,Y,기업설명회(IR)개최(안내공시)              ,20250312800168,제이알글로벌리츠,20250312,유
01012640,슈어소프트테크,298830,K,주주총회소집결의              ,20250312900194,슈어소프트테크,20250312,코
01187458,에스알바이오텍,270210,N,주주총회소집공고,20250312000138,에스알바이오텍,20250312,
01815764,이베스트스팩6호,478110,K,주주총회소집공고,20250312000137,이베스트스팩6호,20250312,
00132318,성광벤드,014620,K,주주총회소집공고,20250312000135,성광벤드,20250312,
00533508,제이엠티,094970,K,주주총회소집공고,20250312000134,제이엠티,20250312,
00983916,HLB제넥스,187420,K,임원ㆍ주요주주특정증권등소유상황보고서,20250312000133,김도연,20250312,
01189438,HLB바이오스텝,278650,K,주식등의대량보유상황보고서(일반),20250312000131,HLB,20250312,
01010110,더블유게임즈,192080,Y,[기재정정]의결권대리행사권유참고서류,20250312000130,더블유게임즈,20250312,
01309421,제이엔비,452160,K,주주총회집중일개최사유신고              ,20250312900190,제이엔비,20250312,코
00155586,HLB이노베이션,024850,K,임원ㆍ주요주주특정증권등소유상황보고서,20250312000129,진양곤,20250312,
01335453,조이웍스앤코,309930,K,주주총회집중일개최사유신고              ,20250312900186,조이웍스앤코,20250312,코
01189438,HLB바이오스텝,278650,K,[기재정정]임원ㆍ주요주주특정증권등소유상황보고서,20250312000128,진양곤,20250312,
00132318,성광벤드,014620,K,주주총회집중일개최사유신고              ,20250312900183,성광벤드,20250312,코
00108241,농심,004370,Y,[기재정정]현금ㆍ현물배당결정              ,20250312800184,농심,20250312,유
01309421,제이엔비,452160,K,주주총회소집결의              ,20250312900177,제이엔비,20250312,코
01335453,조이웍스앤코,309930,K,주주총회소집결의              ,20250312900165,조이웍스앤코,20250312,코
00219848,서희건설,035890,K,[기재정정]타인에대한채무보증결정              ,20250312900182,서희건설,20250312,코정
00263654,오스코텍,039200,K,[기재정정]의결권대리행사권유참고서류,20250312000126,이진화,20250312,정
00219848,서희건설,035890,K,[기재정정]타인에대한채무보증결정              ,20250312900179,서희건설,20250312,코정
00258801,카카오,035720,Y,의결권대리행사권유참고서류,20250312000123,컨두잇,20250312,
00545734,아미코젠,092040,K,임원ㆍ주요주주특정증권등소유상황보고서,20250312000118,소지성,20250312,
00108241,농심,004370,Y,[기재정정]주주총회소집공고,20250312000117,농심,20250312,
01316227,효성티앤씨,298020,Y,사업보고서 (2024.12),20250312000116,효성티앤씨,20250312,연
00132318,성광벤드,014620,K,주주총회소집결의              ,20250312900142,성광벤드,20250312,코
00157636,케이피에프,024880,K,주주총회소집공고,20250312000115,케이피에프,20250312,
00108241,농심,004370,Y,[기재정정]주주총회소집결의              ,20250312800113,농심,20250312,유
00767460,PI첨단소재,178920,Y,주주총회집중일개최사유신고              ,20250312800116,PI첨단소재,20250312,유
00104856,삼성증권,016360,Y,투자설명서(일괄신고),20250312000113,삼성증권,20250312,
00537832,푸른로보틱스,094940,K,의결권대리행사권유참고서류,20250312000110,푸른로보틱스,20250312,
00921916,석경에이티,357550,K,주주총회소집공고,20250312000109,석경에이티,20250312,정
00816696,큐엠씨,136660,N,주주총회소집결의              ,20250312600146,큐엠씨,20250312,넥
00102113,경인양행,012610,Y,주주총회소집공고,20250312000107,경인양행,20250312,
01042085,엑셈,205100,K,자기주식취득결과보고서,20250312000105,엑셈,20250312,
00450995,대모,317850,K,주주총회소집공고,20250312000104,대모,20250312,
00172680,동국산업,005160,K,[기재정정]주주총회소집공고,20250312000103,동국산업,20250312,
00405959,스타플렉스,115570,K,주주총회소집결의              ,20250312900135,스타플렉스,20250312,코
00110884,엠젠솔루션,032790,K,전환가액의조정              (제21회차),20250312900137,엠젠솔루션,20250312,코
00578538,티피씨글로벌,130740,K,[기재정정]주주총회소집결의              ,20250312900132,티피씨글로벌,20250312,코
01011438,에이치엘사이언스,239610,K,[첨부정정]의결권대리행사권유참고서류,20250312000100,에이치엘사이언스,20250312,
00405959,스타플렉스,115570,K,매출액또는손익구조30%(대규모법인은15%)이상변동              ,20250312900133,스타플렉스,20250312,코
01813377,에이치엠씨제7호스팩,477340,K,사업보고서 (2024.12),20250312000099,에이치엠씨제7호스팩,20250312,
00537832,푸른로보틱스,094940,K,주주총회소집공고,20250312000095,푸른로보틱스,20250312,
01728167,아이지넷,462980,K,[기재정정]매출액또는손익구조30%(대규모법인은15%)이상변동              ,20250312900127,아이지넷,20250312,코
00869272,서전기전,189860,K,주주총회소집공고,20250312000092,서전기전,20250312,
01115044,안지오랩,251280,N,주주총회소집공고,20250312000089,안지오랩,20250312,
01013311,헥토이노베이션,214180,K,기업설명회(IR)개최              ,20250312900130,헥토이노베이션,20250312,코
00869272,서전기전,189860,K,주주총회집중일개최사유신고              ,20250312900124,서전기전,20250312,코
01309421,제이엔비,452160,K,주주총회소집공고,20250312000088,제이엔비,20250312,
00163691,유수홀딩스,000700,Y,임원ㆍ주요주주특정증권등소유상황보고서,20250312000087,TheMiriStrategicEmergingMarketsFundLP,20250312,
00869272,서전기전,189860,K,주주총회소집결의              ,20250312900119,서전기전,20250312,코
00869272,서전기전,189860,K,[기재정정]단일판매ㆍ공급계약체결              ,20250312900115,서전기전,20250312,코
01108248,지노믹트리,228760,K,[기재정정]주주총회소집공고,20250312000084,지노믹트리,20250312,
00158024,KBI메탈,024840,K,의결권대리행사권유참고서류,20250312000083,KBI메탈,20250312,
00156910,SBI인베스트먼트,019550,K,주주총회집중일개최사유신고              ,20250312900107,SBI인베스트먼트,20250312,코
00104856,삼성증권,016360,Y,일괄신고추가서류(파생결합증권-주가연계증권),20250312000082,삼성증권,20250312,
00301112,삼화네트웍스,046390,K,주주총회소집공고,20250312000081,삼화네트웍스,20250312,
00130684,서울도시가스,017390,Y,감사보고서제출              ,20250312800105,서울도시가스,20250312,유정
00158024,KBI메탈,024840,K,주주총회소집공고,20250312000079,KBI메탈,20250312,
00389110,지어소프트,051160,K,의결권대리행사권유참고서류,20250312000076,지어소프트,20250312,
00158024,KBI메탈,024840,K,주주총회집중일개최사유신고              ,20250312900100,KBI메탈,20250312,코
00389110,지어소프트,051160,K,주주총회소집공고,20250312000071,지어소프트,20250312,
01792825,대신밸런스제17호스팩,471050,K,주주총회소집공고,20250312000069,대신밸런스제17호스팩,20250312,
00506294,가비아,079940,K,의결권대리행사권유참고서류,20250312000068,가비아,20250312,
00651017,나우IB,293580,K,의결권대리행사권유참고서류,20250312000067,나우IB,20250312,
01291317,더블유씨피,393890,K,임원ㆍ주요주주특정증권등소유상황보고서,20250312000066,한수진,20250312,
00158024,KBI메탈,024840,K,주주총회소집결의              ,20250312900093,KBI메탈,20250312,코
00819374,나무가,190510,K,주주총회집중일개최사유신고              ,20250312900090,나무가,20250312,코
00651017,나우IB,293580,K,주주총회소집공고,20250312000063,나우IB,20250312,
00389110,지어소프트,051160,K,주주총회집중일개최사유신고              ,20250312900089,지어소프트,20250312,코
00389110,지어소프트,051160,K,주주총회소집결의              ,20250312900086,지어소프트,20250312,코
01341630,이노에이엑스,296640,K,주주총회소집공고,20250312000061,이노에이엑스,20250312,
00204642,티비씨,033830,K,의결권대리행사권유참고서류,20250312000060,티비씨,20250312,
00357430,쎌바이오텍,049960,K,의결권대리행사권유참고서류,20250312000058,쎌바이오텍,20250312,정
01326279,아이엘,307180,K,대표이사변경              ,20250312900063,아이엘,20250312,코
01022142,엠디바이스,226590,K,임원ㆍ주요주주특정증권등소유상황보고서,20250312000057,옐로씨펀드,20250312,
00156910,SBI인베스트먼트,019550,K,주주총회소집공고,20250312000053,SBI인베스트먼트,20250312,
00357430,쎌바이오텍,049960,K,주주총회소집공고,20250312000052,쎌바이오텍,20250312,정
00155586,HLB이노베이션,024850,K,주식등의대량보유상황보고서(일반),20250312000049,HLB,20250312,
00184667,유진기업,023410,K,의결권대리행사권유참고서류,20250312000048,유진기업,20250312,
01408999,웨이버스,336060,K,[기재정정]주주총회소집결의              ,20250312900062,웨이버스,20250312,코
01373709,아이씨티케이,456010,K,의결권대리행사권유참고서류,20250312000046,아이씨티케이,20250312,
00152039,SG글로벌,001380,Y,의결권대리행사권유참고서류,20250312000045,SG글로벌,20250312,
00617314,타이거일렉,219130,K,주주총회소집공고,20250312000043,타이거일렉,20250312,
00152039,SG글로벌,001380,Y,주주총회소집공고,20250312000040,SG글로벌,20250312,
01189438,HLB바이오스텝,278650,K,임원ㆍ주요주주특정증권등소유상황보고서,20250312000039,진양곤,20250312,정
00152039,SG글로벌,001380,Y,주주총회집중일개최사유신고              ,20250312800068,SG글로벌,20250312,유
00204642,티비씨,033830,K,주주총회소집공고,20250312000038,티비씨,20250312,
00164478,현대건설,000720,Y,임원ㆍ주요주주특정증권등소유상황보고서,20250312000036,노재학,20250312,
01373709,아이씨티케이,456010,K,주주총회소집공고,20250312000034,아이씨티케이,20250312,
00164478,현대건설,000720,Y,임원ㆍ주요주주특정증권등소유상황보고서,20250312000030,정준택,20250312,
00164478,현대건설,000720,Y,임원ㆍ주요주주특정증권등소유상황보고서,20250312000028,박상준,20250312,
00106641,기아,000270,Y,기업설명회(IR)개최(안내공시)              ,20250312800057,기아,20250312,유
00819374,나무가,190510,K,주주총회소집공고,20250312000024,나무가,20250312,
00164478,현대건설,000720,Y,임원ㆍ주요주주특정증권등소유상황보고서,20250312000022,고현봉,20250312,
00106641,기아,000270,Y,기업설명회(IR)개최(안내공시)              ,20250312800053,기아,20250312,유
00131054,유진증권,001200,Y,증권발행실적보고서,20250312000017,유진증권,20250312,
01187148,케어랩스,263700,K,의결권대리행사권유참고서류,20250312000015,케어랩스,20250312,
00488402,서울바이오시스,092190,K,의결권대리행사권유참고서류,20250312000013,서울바이오시스,20250312,
01187148,케어랩스,263700,K,주주총회소집공고,20250312000011,케어랩스,20250312,
00488402,서울바이오시스,092190,K,주주총회소집공고,20250312000009,서울바이오시스,20250312,
00488402,서울바이오시스,092190,K,주주총회집중일개최사유신고              ,20250312900005,서울바이오시스,20250312,코
00102858,고려아연,010130,Y,소송등의제기ㆍ신청(경영권분쟁소송)              ,20250312800007,고려아연,20250312,유
00488402,서울바이오시스,092190,K,주주총회소집결의              ,20250312900004,서울바이오시스,20250312,코
00111111,대양금속,009190,Y,[기재정정]소송등의제기ㆍ신청(경영권분쟁소송)              ,20250312800003,대양금속,20250312,유
00488402,서울바이오시스,092190,K,[기재정정]매출액또는손익구조30%(대규모법인은15%)이상변동              ,20250312900006,서울바이오시스,20250312,코
00545716,롯데렌탈,089860,Y,투자판단관련주요경영사항              ,20250312800001,롯데렌탈,20250312,유정
00231105,동성화인텍,033500,K,의결권대리행사권유참고서류,20250311001316,동성화인텍,20250312,정
00231105,동성화인텍,033500,K,주주총회소집공고,20250311001314,동성화인텍,20250312,정
00605522,소룩스,290690,K,[기재정정]임원ㆍ주요주주특정증권등소유상황보고서,20250311001318,정재준,20250312,
00605522,소룩스,290690,K,주주총회소집공고,20250311001304,소룩스,20250312,
00520610,씨큐브,101240,K,의결권대리행사권유참고서류,20250311001315,씨큐브,20250312,
00520610,씨큐브,101240,K,주주총회소집공고,20250311001313,씨큐브,20250312,
00161462,에이티넘인베스트,021080,K,사업보고서 (2024.12),20250311001310,에이티넘인베스트,20250312,
00939331,한국콜마,161890,Y,의결권대리행사권유참고서류,20250311001312,한국콜마,20250312,
00137997,현대차증권,001500,Y,주식등의대량보유상황보고서(약식),20250311001306,케이클라비스자산운용,20250312,
