KOSPI_종가,KOSPI_등락률,KOSDAQ_종가,KOSDAQ_등락률,USD_KRW_환율
7847.71,0.40999999999999,1161.13,4.99,1499.77001953125
