KOSPI_종가,KOSPI_등락률,KOSDAQ_종가,KOSDAQ_등락률,USD_KRW_환율
5494.78,0.81999999999999,1036.73,-1.02,1509.260009765625
