KOSPI_종가,KOSPI_등락률,KOSDAQ_종가,KOSDAQ_등락률,USD_KRW_환율
5522.27,3.1300000000000003,1125.99,1.0,1455.3299560546875
