KOSPI_종가,KOSPI_등락률,KOSDAQ_종가,KOSDAQ_등락률,USD_KRW_환율
5553.92,2.74,1121.44,2.2399999999999998,1504.2099609375
