KOSPI_종가,KOSPI_등락률,KOSDAQ_종가,KOSDAQ_등락률,USD_KRW_환율
5677.25,3.08999999999999,1160.71,4.9399999999999995,1439.969970703125
