KOSPI_종가,KOSPI_등락률,KOSDAQ_종가,KOSDAQ_등락률,USD_KRW_환율
4952.53,0.8699999999999999,970.35,2.0,1477.780029296875
