KOSPI_종가,KOSPI_등락률,KOSDAQ_종가,KOSDAQ_등락률,USD_KRW_환율
8394.65,-0.2,920.57,8.129999999999999,1542.9000244140625
