KOSPI_종가,KOSPI_등락률,KOSDAQ_종가,KOSDAQ_등락률,USD_KRW_환율
7493.18,-6.12,1129.82,-5.13999999999999,1489.8399658203125
