KOSPI_종가,KOSPI_등락률,KOSDAQ_종가,KOSDAQ_등락률,USD_KRW_환율
5846.09,0.65,1151.99,-0.16999999999999998,1443.43994140625
