KOSPI_종가,KOSPI_등락률,KOSDAQ_종가,KOSDAQ_등락률,USD_KRW_환율
4586.32,0.75,947.92,0.40999999999999,1446.1400146484375
