KOSPI_종가,KOSPI_등락률,KOSDAQ_종가,KOSDAQ_등락률,USD_KRW_환율
4885.75,-0.38999999999999996,976.37,0.83,1471.5799560546875
