티커,공매도잔고,상장주식수,공매도금액,시가총액,비중,시장
095570,149277,45252759,649354950,196849501650.0,0.33,KOSPI
006840,0,13247561,0,101873744090.0,0.0,KOSPI
027410,26505,95716791,104429700,377124156540.0,0.03,KOSPI
282330,51989,17283906,7585195100,2521721885400.0,0.3,KOSPI
138930,103308,310327033,1483502880,4456296193880.0,0.03,KOSPI
001460,6211,6246150,232912500,234230625000.0,0.1,KOSPI
001465,0,2153850,0,57615487500.0,0.0,KOSPI
001040,430748,29176998,54791145600,3711314145600.0,1.48,KOSPI
079160,2562083,165582797,13476556580,870965512220.0,1.55,KOSPI
00104K,2201,4226512,270062700,518593022400.0,0.05,KOSPI
000120,39709,22812344,2934495100,1685832221600.0,0.17,KOSPI
011150,168274,35930773,342437590,73119123055.0,0.47,KOSPI
011155,0,200000,0,1330000000.0,0.0,KOSPI
001045,0,2260223,0,159345721500.0,0.0,KOSPI
097950,90563,15054186,17170744800,2854273665600.0,0.6,KOSPI
097955,2987,1327433,377258100,167654787900.0,0.23,KOSPI
000480,0,46890490,0,211476109900.0,0.0,KOSPI
000590,0,1154482,0,78389327800.0,0.0,KOSPI
012030,529008,201173933,758597472,288483419922.0,0.26,KOSPI
005830,0,65500349,0,11822812994500.0,0.0,KOSPI
016610,17912,42446389,166223360,393902489920.0,0.04,KOSPI
000990,389408,43504588,33917436800,3789249614800.0,0.9,KOSPI
000300,0,41437055,0,174035631000.0,0.0,KOSPI
001530,399011,20715621,10055077200,522033649200.0,1.93,KOSPI
015590,456087,53396308,669991803,78439176452.0,0.85,KOSPI
000210,12715,20955884,596333500,982830959600.0,0.06,KOSPI
000215,0,1686115,0,38949256500.0,0.0,KOSPI
375500,630197,38693623,43231514200,2654382537800.0,1.63,KOSPI
37550L,0,2111951,0,95565782750.0,0.0,KOSPI
37550K,0,2113885,0,52107265250.0,0.0,KOSPI
007340,246293,58510865,11772805400,2796819347000.0,0.42,KOSPI
004840,0,19272364,0,81522099720.0,0.0,KOSPI
155660,0,16000000,0,69040000000.0,0.0,KOSPI
069730,0,14400000,0,78480000000.0,0.0,KOSPI
017860,191955,17759139,2218999800,205295646840.0,1.08,KOSPI
092780,0,13168460,0,44180183300.0,0.0,KOSPI
017940,0,6860000,0,634550000000.0,0.0,KOSPI
365550,4000819,246089000,12062469285,741958335000.0,1.63,KOSPI
383220,134437,38307075,8536749500,2432499262500.0,0.35,KOSPI
007700,0,39114367,0,549556856350.0,0.0,KOSPI
114090,173339,61855670,1599918970,570927834100.0,0.28,KOSPI
078930,14297,92895495,1638436200,10645823727000.0,0.02,KOSPI
006360,3051943,85581490,103460867700,2901212511000.0,3.57,KOSPI
001250,224482,82533764,582530790,214175117580.0,0.27,KOSPI
007070,206144,83607415,5565888000,2257400205000.0,0.25,KOSPI
078935,0,1779676,0,111229750000.0,0.0,KOSPI
499790,35112,19830841,1371123600,774394341050.0,0.18,KOSPI
012630,19699,59741721,418603750,1269511571250.0,0.03,KOSPI
039570,0,25957601,0,196239463560.0,0.0,KOSPI
089470,0,31900000,0,122336500000.0,0.0,KOSPI
267270,23811,47921897,3026378100,6090873108700.0,0.05,KOSPI
009540,181799,70773116,64265946500,25018296506000.0,0.26,KOSPI
267250,0,78993085,0,16746534020000.0,0.0,KOSPI
443060,128663,44833460,26568909500,9258109490000.0,0.29,KOSPI
071970,24183,33921495,1211568300,1699466899500.0,0.07,KOSPI
322000,232410,11200000,29004768000,1397760000000.0,2.08,KOSPI
267260,110064,36047135,79246080000,25953937200000.0,0.31,KOSPI
329180,2073971,104961225,944693790500,47809837987500.0,1.98,KOSPI
097230,1573102,90295344,26443844620,1517864732640.0,1.74,KOSPI
014790,0,37858601,0,94078623485.0,0.0,KOSPI
003580,105257,50663505,163464121,78680423265.0,0.21,KOSPI
204320,361631,46957120,18479344100,2399508832000.0,0.77,KOSPI
060980,15368,9078847,604730800,357252629450.0,0.17,KOSPI
011200,5974785,943237970,136523837250,21552987614500.0,0.63,KOSPI
035000,0,16207644,0,108753291240.0,0.0,KOSPI
002460,0,10150000,0,105560000000.0,0.0,KOSPI
487570,22724,3725927,1028261000,168598196750.0,0.61,KOSPI
298050,110507,4479948,18288908500,741431394000.0,2.47,KOSPI
015360,28518,27250000,397826100,380137500000.0,0.1,KOSPI
294870,53748,65907330,1177081200,1443370527000.0,0.08,KOSPI
175330,1037075,186521824,28260293750,5082719704000.0,0.56,KOSPI
234080,43816,15834554,491177360,177505350340.0,0.28,KOSPI
001060,19921,23285930,549819600,642691668000.0,0.09,KOSPI
001067,0,209973,0,9826736400.0,0.0,KOSPI
001065,0,341951,0,7830677900.0,0.0,KOSPI
096760,0,73924942,0,298656765680.0,0.0,KOSPI
008970,446651,103766907,459603879,106776147303.0,0.43,KOSPI
105560,16995,354687734,2771884500,57849569415400.0,0.0,KOSPI
415640,0,122545548,0,1243837312200.0,0.0,KOSPI
432320,72350,150764285,103388150,215442163265.0,0.05,KOSPI
002380,0,8592896,0,3883988992000.0,0.0,KOSPI
344820,25824,15970512,643017600,397665748800.0,0.16,KOSPI
009070,123980,30000000,492200600,119100000000.0,0.41,KOSPI
009440,0,23239141,0,17568790596.0,0.0,KOSPI
119650,0,109785309,0,100782913662.0,0.0,KOSPI
092220,471216,40152628,1159191360,98775464880.0,1.17,KOSPI
003620,911502,202374912,2438267850,541352889600.0,0.45,KOSPI
016380,270284,100008897,1470344960,544048399680.0,0.27,KOSPI
001390,137012,66403636,590521720,286199671160.0,0.21,KOSPI
001940,23175,14176380,625725000,382762260000.0,0.16,KOSPI
025000,0,4378709,0,236450286000.0,0.0,KOSPI
092230,0,4224646,0,413170378800.0,0.0,KOSPI
000040,0,17275036,0,22785772484.0,0.0,KOSPI
044450,110546,22577525,1113198220,227355676750.0,0.49,KOSPI
030200,1774218,252021685,93146445000,13231138462500.0,0.7,KOSPI
033780,11818,103810456,2046877600,17979970979200.0,0.01,KOSPI
058850,52851,41404450,116272200,91089790000.0,0.13,KOSPI
058860,0,34802000,0,88571090000.0,0.0,KOSPI
093050,20428,29240000,480058000,687140000000.0,0.07,KOSPI
003550,2240439,151192004,254289826500,17160292454000.0,1.48,KOSPI
034220,28065666,500000000,268027110300,4775000000000.0,5.61,KOSPI
051900,79799,14975523,25216484000,4732265268000.0,0.53,KOSPI
051905,1057,2096259,115741500,229540360500.0,0.05,KOSPI
064400,590656,96885948,42704428800,7004854040400.0,0.61,KOSPI
373220,3883457,234000000,1405811434000,84708000000000.0,1.66,KOSPI
003555,0,3011199,0,209579450400.0,0.0,KOSPI
032640,3235128,424427732,48106353360,6311240374840.0,0.76,KOSPI
011070,85580,23667107,48780600000,13490250990000.0,0.36,KOSPI
066570,1880219,162884638,375667756200,32544350672400.0,1.15,KOSPI
066575,0,17181299,0,1183791501100.0,0.0,KOSPI
037560,0,77446865,0,124457112055.0,0.0,KOSPI
051910,19125,70592343,5221125000,19271709639000.0,0.03,KOSPI
051915,0,7688800,0,950335680000.0,0.0,KOSPI
079550,124423,22000000,89211291000,15774000000000.0,0.57,KOSPI
006260,0,31200000,0,9001200000000.0,0.0,KOSPI
010120,1141558,150000000,219521603400,28845000000000.0,0.76,KOSPI
000680,50830,78803016,149440200,231680867040.0,0.06,KOSPI
229640,43051,30624879,1846887900,1313807309100.0,0.14,KOSPI
108320,269263,16264300,9841562650,594460165000.0,1.66,KOSPI
001120,8347,38760000,318438050,1478694000000.0,0.02,KOSPI
108670,4204,8967670,144827800,308936231500.0,0.05,KOSPI
108675,0,1032330,0,19304571000.0,0.0,KOSPI
383800,347888,76280690,2835287200,621687623500.0,0.46,KOSPI
38380K,0,1465285,0,11033596050.0,0.0,KOSPI
023150,48000,7378526,195600000,30067493450.0,0.65,KOSPI
035420,1135443,152076491,253771510500,33989095738500.0,0.75,KOSPI
036570,73880,21544022,16696880000,4868948972000.0,0.34,KOSPI
181710,58226,32753139,4075820000,2292719730000.0,0.18,KOSPI
400760,0,54929275,0,157097726500.0,0.0,KOSPI
005940,1671980,369206105,43387881000,9580898424750.0,0.45,KOSPI
005945,0,18870968,0,439693554400.0,0.0,KOSPI
338100,0,18660000,0,68948700000.0,0.0,KOSPI
034310,111233,36757157,1464938610,484091757690.0,0.3,KOSPI
030190,392024,58911527,6150856560,924321858630.0,0.67,KOSPI
008260,62422,28600117,215980120,98956404820.0,0.22,KOSPI
004250,0,36720000,0,106855200000.0,0.0,KOSPI
004255,0,5280000,0,9715200000.0,0.0,KOSPI
456040,11006,8952495,882681200,717990099000.0,0.12,KOSPI
010060,816202,18670232,219558338000,5022292408000.0,4.37,KOSPI
178920,66984,29366322,1249251600,547681905300.0,0.23,KOSPI
001340,831852,45028089,4150941480,224690164110.0,1.85,KOSPI
005490,28775,79241527,9423812500,25951600092500.0,0.04,KOSPI
010950,308507,112582792,43561188400,15896690230400.0,0.27,KOSPI
010955,0,4021927,0,269469109000.0,0.0,KOSPI
034120,0,18551238,0,228736764540.0,0.0,KOSPI
003080,0,20020000,0,44744700000.0,0.0,KOSPI
005090,260178,14409333,15870858000,878969313000.0,1.81,KOSPI
001380,0,22482071,0,28979389519.0,0.0,KOSPI
004060,56041,20242496,123570405,44634703680.0,0.28,KOSPI
001770,0,1214878,0,13679526280.0,0.0,KOSPI
002360,0,11113373,0,17425768864.0,0.0,KOSPI
009160,0,65370968,0,319010323840.0,0.0,KOSPI
033530,126237,27052299,844525530,180979880310.0,0.47,KOSPI
123700,89751,15604898,306948420,53368751160.0,0.58,KOSPI
025530,0,14934008,0,53538418680.0,0.0,KOSPI
034730,38078,72502703,20904822000,39803983947000.0,0.05,KOSPI
011790,887284,49598298,75507868400,4220815159800.0,1.79,KOSPI
018670,90412,9269244,21156408000,2169003096000.0,0.98,KOSPI
001740,2605945,200593889,17668307100,1360026567420.0,1.3,KOSPI
006120,194755,17413751,9932505000,888101301000.0,1.12,KOSPI
006125,0,1231705,0,48098080250.0,0.0,KOSPI
210980,71913,18617382,319653285,82754262990.0,0.39,KOSPI
395400,1457254,301017620,8277202720,1709780081600.0,0.48,KOSPI
302440,1001601,78456553,38361318300,3004885979900.0,1.28,KOSPI
326030,174702,78313250,15094252800,6766264800000.0,0.22,KOSPI
402340,118998,131923998,128041848000,141950221848000.0,0.09,KOSPI
361610,2039272,81787100,31221254320,1252160501000.0,2.49,KOSPI
100090,2450575,62478129,31857475000,812215677000.0,3.92,KOSPI
03473K,758,566135,271743000,202959397500.0,0.13,KOSPI
096770,51731,169052788,6730203100,21993767718800.0,0.03,KOSPI
096775,0,1248426,0,84393597600.0,0.0,KOSPI
475150,940432,34067004,50030982400,1812364612800.0,2.76,KOSPI
001510,9256886,231295085,24715885620,617557876950.0,4.0,KOSPI
001515,0,1956257,0,8803156500.0,0.0,KOSPI
285130,177989,17298766,8863852200,861478546800.0,1.03,KOSPI
28513K,0,2115429,0,48549095550.0,0.0,KOSPI
017670,414273,214790053,42380127900,21973022421900.0,0.19,KOSPI
000660,473475,730492365,791176725000,1220652741915000.0,0.06,KOSPI
003570,170087,33252697,5077096950,992593005450.0,0.51,KOSPI
064960,144769,26540272,3829140050,701990194400.0,0.55,KOSPI
100840,108164,20680783,2877162400,550108827800.0,0.52,KOSPI
036530,42431,16303886,1926367400,740196424400.0,0.26,KOSPI
000390,210297,27203469,1314356250,170021681250.0,0.77,KOSPI
011810,43226,31017927,152587780,109493282310.0,0.14,KOSPI
465770,68873,7218380,237611850,24903411000.0,0.95,KOSPI
077970,7491,40148063,175289400,939464674200.0,0.02,KOSPI
002820,0,12063204,0,17141812884.0,0.0,KOSPI
002170,4696,3000000,263445600,168300000000.0,0.16,KOSPI
084870,0,20458256,0,48486066720.0,0.0,KOSPI
002710,258882,26213697,2692372800,272622448800.0,0.99,KOSPI
069260,0,40878588,0,653239836240.0,0.0,KOSPI
007980,108000,46897350,189108000,82117259850.0,0.23,KOSPI
002900,58995,41400000,408835350,286902000000.0,0.14,KOSPI
024070,0,15326438,0,30882772570.0,0.0,KOSPI
037270,116267,63663110,372054400,203721952000.0,0.18,KOSPI
139130,1252326,158363408,21427297860,2709597910880.0,0.79,KOSPI
000500,240058,29777607,37809135000,4689973102500.0,0.81,KOSPI
000860,0,13000000,0,162500000000.0,0.0,KOSPI
035250,2496017,213940500,36167286330,3099997845000.0,1.17,KOSPI
011420,321753,27549644,477803205,40911221340.0,1.17,KOSPI
002100,13995,19522575,129173850,180193367250.0,0.07,KOSPI
009450,197631,14568592,12628620900,930933028800.0,1.36,KOSPI
267290,21696,5895406,467548800,127045999300.0,0.37,KOSPI
012320,13011,2365023,594602700,108081551100.0,0.55,KOSPI
000050,30758,27415270,252215600,224805214000.0,0.11,KOSPI
214390,129290,23906860,669722200,123837534800.0,0.54,KOSPI
012610,195961,41616365,613357930,130259222450.0,0.47,KOSPI
009140,0,1570797,0,34007755050.0,0.0,KOSPI
013580,74063,8930907,1636792300,197373044700.0,0.83,KOSPI
012200,140712,27222829,545962560,105624576520.0,0.52,KOSPI
012205,0,1169079,0,6897566100.0,0.0,KOSPI
002140,79321,24939425,162608050,51125821250.0,0.32,KOSPI
010130,100643,20872969,135264192000,28053270336000.0,0.48,KOSPI
002240,50812,27000000,857706560,455760000000.0,0.19,KOSPI
009290,500698,49799808,3104327600,308758809600.0,1.01,KOSPI
017040,481043,43337615,448332076,40390657180.0,1.11,KOSPI
017900,351522,57943763,2650475880,436895973020.0,0.61,KOSPI
037710,131417,7627172,4809862200,279154495200.0,1.72,KOSPI
030610,155811,113962961,1558110000,1139629610000.0,0.14,KOSPI
339770,93102,49965080,352856580,189367653200.0,0.19,KOSPI
007690,9588,9260832,360029400,347744241600.0,0.1,KOSPI
002720,51402,21159832,174509790,71837629640.0,0.24,KOSPI
083420,93543,24000000,445732395,114360000000.0,0.39,KOSPI
014530,0,34869420,0,113325615000.0,0.0,KOSPI
014280,59422,29329357,258188590,127436056165.0,0.2,KOSPI
014285,0,589875,0,3214818750.0,0.0,KOSPI
008870,0,1000000,0,39400000000.0,0.0,KOSPI
001570,77613,63967196,768368700,633275240400.0,0.12,KOSPI
002990,526222,37259974,7819658920,553683213640.0,1.41,KOSPI
002995,0,292266,0,6035292900.0,0.0,KOSPI
011780,25929,25157325,3111480000,3018879000000.0,0.1,KOSPI
011785,0,3023486,0,154802483200.0,0.0,KOSPI
214330,80382,10456929,528913560,68806592820.0,0.77,KOSPI
001210,79877,12376016,694929900,107671339200.0,0.65,KOSPI
073240,5736347,287260287,41244334930,2065401463530.0,2.0,KOSPI
092440,0,29200000,0,58078800000.0,0.0,KOSPI
000270,141428,390412998,18597782000,51339309237000.0,0.04,KOSPI
024110,1071047,797425869,21635149400,16108002553800.0,0.13,KOSPI
013700,0,59750830,0,97812108710.0,0.0,KOSPI
004540,124072,37240693,149382688,44837794372.0,0.33,KOSPI
004545,0,366160,0,1611104000.0,0.0,KOSPI
001260,13952,9832572,105337600,74235918600.0,0.14,KOSPI
008350,733613,129079090,732879387,128950010910.0,0.57,KOSPI
008355,0,307890,0,2367674100.0,0.0,KOSPI
004270,0,4560128,0,21957016320.0,0.0,KOSPI
003920,10073,5673447,431628050,243107203950.0,0.18,KOSPI
003925,0,1891149,0,56734470000.0,0.0,KOSPI
025860,652339,49678843,3816183150,290621231550.0,1.31,KOSPI
005720,0,52543977,0,325772657400.0,0.0,KOSPI
005725,0,3600600,0,15464577000.0,0.0,KOSPI
002350,0,97667877,0,637771236810.0,0.0,KOSPI
002355,0,6500000,0,25317500000.0,0.0,KOSPI
092790,212706,26002000,2526947280,308903760000.0,0.82,KOSPI
251270,36381,83158425,1378839900,3151704307500.0,0.04,KOSPI
090350,44660,20000000,364872200,163400000000.0,0.22,KOSPI
090355,0,463126,0,5353736560.0,0.0,KOSPI
000320,0,13291151,0,221563487170.0,0.0,KOSPI
000325,0,243559,0,6551737100.0,0.0,KOSPI
006280,118444,11686538,15433253200,1522755901400.0,1.01,KOSPI
005250,149346,47028210,1538263800,484390563000.0,0.32,KOSPI
005257,0,845990,0,15481617000.0,0.0,KOSPI
004370,46352,6082642,21113336000,2770643431000.0,0.76,KOSPI
072710,15586,4637790,1477552800,439662492000.0,0.34,KOSPI
058730,470552,20251251,1449300160,62373853080.0,2.32,KOSPI
030210,35017,60911106,133940025,232984980450.0,0.06,KOSPI
023590,89202,43287312,3403056300,1651410952800.0,0.21,KOSPI
145210,0,4223666,0,9461011840.0,0.0,KOSPI
483650,417661,12493915,97106182500,2904835237500.0,3.34,KOSPI
019680,0,80467700,0,80467700000.0,0.0,KOSPI
019685,0,19426990,0,11617340020.0,0.0,KOSPI
006370,0,10821611,0,48102060895.0,0.0,KOSPI
008060,59534,31287098,918609620,482759922140.0,0.19,KOSPI
00806K,0,1212357,0,13154073450.0,0.0,KOSPI
353200,47448,49416925,4963060800,5169010355000.0,0.1,KOSPI
35320K,0,2095519,0,47149177500.0,0.0,KOSPI
000490,600754,28826865,4565730400,219084174000.0,2.08,KOSPI
005750,0,16592240,0,72259205200.0,0.0,KOSPI
006570,80700,15225000,148488000,28014000000.0,0.53,KOSPI
001680,167308,34648025,3016563240,624703890750.0,0.48,KOSPI
001685,0,1370223,0,20073766950.0,0.0,KOSPI
084690,128598,36212538,972200880,273766787280.0,0.36,KOSPI
084695,0,913482,0,10943514360.0,0.0,KOSPI
128820,105301,45235478,421204000,180941912000.0,0.23,KOSPI
117580,87053,27500000,584996160,184800000000.0,0.32,KOSPI
016710,42591,16089459,296859270,112143529230.0,0.26,KOSPI
0030R0,0,59780000,0,228658500000.0,0.0,KOSPI
003540,86712,47666126,2250176400,1236935969700.0,0.18,KOSPI
003547,0,9606666,0,187426053660.0,0.0,KOSPI
003545,0,24383334,0,488885846700.0,0.0,KOSPI
009190,404191,43986275,580014085,63120304625.0,0.92,KOSPI
014160,383541,108394549,265026831,74900633359.0,0.35,KOSPI
047040,3662311,410907638,57718021360,6475904374880.0,0.89,KOSPI
003090,335653,58141980,5729596710,992483598600.0,0.58,KOSPI
069620,39015,11586575,4861269000,1443687245000.0,0.34,KOSPI
000430,94684,62000000,379682840,248620000000.0,0.15,KOSPI
006340,3107097,78414416,40019409360,1009977678080.0,3.96,KOSPI
006345,21660,2621200,213784200,25871244000.0,0.83,KOSPI
003220,150276,22427583,1173655560,175159423230.0,0.67,KOSPI
024890,0,8249830,0,15072439410.0,0.0,KOSPI
012800,0,91140499,0,107363507822.0,0.0,KOSPI
015230,0,27143620,0,165847518200.0,0.0,KOSPI
001070,39917,5300000,240300340,31906000000.0,0.75,KOSPI
006650,5962,6500000,494249800,538850000000.0,0.09,KOSPI
001440,168210,195992596,4491207000,5233002313200.0,0.09,KOSPI
084010,51603,34371596,401471340,267411016880.0,0.15,KOSPI
001790,199507,86241915,560614670,242339781150.0,0.23,KOSPI
001795,0,6482760,0,13678623600.0,0.0,KOSPI
001130,22376,16900000,260904160,197054000000.0,0.13,KOSPI
439260,126838,38088730,6170668700,1853016714500.0,0.33,KOSPI
003490,730401,368220661,18990426000,9573737186000.0,0.2,KOSPI
003495,0,1110794,0,23882071000.0,0.0,KOSPI
005880,0,322747340,0,684224360800.0,0.0,KOSPI
003830,0,1328000,0,153251200000.0,0.0,KOSPI
016090,0,44282310,0,65493536490.0,0.0,KOSPI
069460,56552,17414390,150428320,46322277400.0,0.32,KOSPI
475560,57243,14827970,1099065600,284697024000.0,0.39,KOSPI
192080,62844,21173468,3695227200,1244999918400.0,0.3,KOSPI
004830,105958,15680000,342774130,50724800000.0,0.68,KOSPI
004835,0,1392000,0,6083040000.0,0.0,KOSPI
145720,18463,8623891,680361550,317790383350.0,0.21,KOSPI
002150,0,33720000,0,172309200000.0,0.0,KOSPI
460850,119424,29898656,621004800,155473011200.0,0.4,KOSPI
460860,279042,49608017,2589509760,460362397760.0,0.56,KOSPI
001230,474409,155507715,920353460,301684967100.0,0.31,KOSPI
023450,5496,3500000,174223200,110950000000.0,0.16,KOSPI
004140,759846,47971766,1387478796,87596444716.0,1.58,KOSPI
007590,0,13617577,0,75713728120.0,0.0,KOSPI
005960,59025,22946663,433833750,168657973050.0,0.26,KOSPI
005965,0,225732,0,3860017200.0,0.0,KOSPI
026960,1671982,99700000,43889527500,2617125000000.0,1.68,KOSPI
002210,87317,96619507,127308186,140871241206.0,0.09,KOSPI
102260,0,50669591,0,183170571465.0,0.0,KOSPI
000640,0,6732527,0,620738989400.0,0.0,KOSPI
170900,7987,9727881,302707300,368686689900.0,0.08,KOSPI
028100,23879,11222117,415255810,195152614630.0,0.21,KOSPI
001520,155627,107122032,166209636,114406330176.0,0.15,KOSPI
001527,0,205705,0,1332968400.0,0.0,KOSPI
084670,37958,2895569,910992000,69493656000.0,1.31,KOSPI
082640,0,156062581,0,1287516293250.0,0.0,KOSPI
001525,0,262615,0,2353030400.0,0.0,KOSPI
018500,0,46754933,0,67747897917.0,0.0,KOSPI
006040,196597,44140819,7529665100,1690593367700.0,0.45,KOSPI
030720,22396,4653805,130120760,27038607050.0,0.48,KOSPI
014820,58011,28991282,1247236500,623312563000.0,0.2,KOSPI
014825,0,264111,0,3697554000.0,0.0,KOSPI
111380,18163,6128000,241567900,81502400000.0,0.3,KOSPI
163560,0,13900000,0,78396000000.0,0.0,KOSPI
004890,0,2425215,0,87307740000.0,0.0,KOSPI
002690,0,20300360,0,28603207240.0,0.0,KOSPI
000020,42706,27931470,219935900,143847070500.0,0.15,KOSPI
000150,15262,16193835,16559270000,17570310975000.0,0.09,KOSPI
000157,331,893038,107906000,291130388000.0,0.04,KOSPI
454910,904518,64819980,63044904600,4517952606000.0,1.4,KOSPI
241560,48315,95856065,2898900000,5751363900000.0,0.05,KOSPI
034020,2735664,640561146,199703472000,46760963658000.0,0.43,KOSPI
000155,0,3996462,0,1598584800000.0,0.0,KOSPI
336260,1923282,65493726,75296490300,2564079372900.0,2.94,KOSPI
33626K,0,13364200,0,69493840000.0,0.0,KOSPI
33626L,0,2986300,0,21919442000.0,0.0,KOSPI
016740,62413,28674024,205962900,94624279200.0,0.22,KOSPI
192650,234008,65886829,1104517760,310985832880.0,0.36,KOSPI
024090,0,11400000,0,128136000000.0,0.0,KOSPI
003160,0,28300000,0,643825000000.0,0.0,KOSPI
092200,1154602,38888569,6985342100,235275842450.0,2.97,KOSPI
377190,0,88400000,0,190502000000.0,0.0,KOSPI
013570,102121,26319633,438099090,112911225570.0,0.39,KOSPI
024900,0,32564980,0,55067381180.0,0.0,KOSPI
002880,0,46773995,0,35220818235.0,0.0,KOSPI
210540,0,11041708,0,125875471200.0,0.0,KOSPI
032350,253029,79725458,3284316420,1034836444840.0,0.32,KOSPI
089860,525470,36309388,24276714000,1677493725600.0,1.45,KOSPI
330590,2002554,288968884,7870037220,1135647714120.0,0.69,KOSPI
000400,1281853,310336320,2516277439,609190196160.0,0.41,KOSPI
023530,28854,28288755,2775754800,2721378231000.0,0.1,KOSPI
020150,386987,52365463,12519029450,1694022728050.0,0.74,KOSPI
280360,33237,9204574,4324133700,1197515077400.0,0.36,KOSPI
286940,56646,15129367,1042286400,278380352800.0,0.37,KOSPI
004000,9578,25800000,436756800,1176480000000.0,0.04,KOSPI
004990,266742,99663776,6161740200,2302233225600.0,0.27,KOSPI
00499K,0,805603,0,19978954400.0,0.0,KOSPI
005300,13330,9278884,1306340000,909330632000.0,0.14,KOSPI
005305,0,775310,0,52023301000.0,0.0,KOSPI
011170,84766,42775419,4679083200,2361203128800.0,0.2,KOSPI
071840,0,23607712,0,149672894080.0,0.0,KOSPI
027740,0,31755614,0,42107944164.0,0.0,KOSPI
357430,0,30505307,0,26692143625.0,0.0,KOSPI
001080,0,35114960,0,139581966000.0,0.0,KOSPI
088980,1889357,478921993,18477911460,4683857091540.0,0.39,KOSPI
094800,34864,92834331,251020800,668407183200.0,0.04,KOSPI
138040,1892116,167347273,218350186400,19311875304200.0,1.13,KOSPI
090370,0,27304689,0,30608556369.0,0.0,KOSPI
118000,0,22055785,0,29113636200.0,0.0,KOSPI
017180,240413,33953454,292101795,41253446610.0,0.71,KOSPI
009900,1919022,52470133,15544078200,425008077300.0,3.66,KOSPI
317450,15367,14600000,705345300,670140000000.0,0.11,KOSPI
012690,168971,36571255,243149269,52626035945.0,0.46,KOSPI
005360,239731,18897307,317883306,25057829082.0,1.27,KOSPI
070960,323156,48133333,702864300,104689999275.0,0.67,KOSPI
009680,0,21733094,0,220373573160.0,0.0,KOSPI
009580,360259,62368324,591905537,102471156332.0,0.58,KOSPI
009200,248430,41609310,377613600,63246151200.0,0.6,KOSPI
033920,0,28500000,0,218025000000.0,0.0,KOSPI
008420,0,20503505,0,43980018225.0,0.0,KOSPI
025560,279988,27778678,2010313840,199450908040.0,1.01,KOSPI
007120,0,27323114,0,32131982064.0,0.0,KOSPI
396690,0,39605940,0,61904084220.0,0.0,KOSPI
357250,0,24995105,0,47465704395.0,0.0,KOSPI
085620,806449,135180000,21048318900,3528198000000.0,0.6,KOSPI
006800,6926329,559566880,240689932750,19444949080000.0,1.24,KOSPI
00680K,0,136500000,0,1511055000000.0,0.0,KOSPI
006805,0,14075750,0,172287180000.0,0.0,KOSPI
081660,25152,53091840,1063929600,2245784832000.0,0.05,KOSPI
002840,12289,4500000,1619690200,593100000000.0,0.27,KOSPI
268280,947,5000000,125856300,664500000000.0,0.02,KOSPI
107590,3699,2320000,226378800,141984000000.0,0.16,KOSPI
134380,9995,21992680,109045450,239940138800.0,0.05,KOSPI
003650,1598,1739672,241298000,262690472000.0,0.09,KOSPI
377740,30270,101886048,149987850,504845367840.0,0.03,KOSPI
003610,0,32110778,0,176609279000.0,0.0,KOSPI
035150,110889,19771079,1177641180,209968858980.0,0.56,KOSPI
002410,0,27479820,0,53173451700.0,0.0,KOSPI
007210,164192,65360000,238735168,95033440000.0,0.25,KOSPI
002760,409536,59900000,411174144,60139600000.0,0.68,KOSPI
003850,227452,85787207,2047068000,772084863000.0,0.27,KOSPI
000890,93331,27624025,117690391,34833895525.0,0.34,KOSPI
003000,0,98664671,0,409951708005.0,0.0,KOSPI
001270,15426,10369886,843802200,567232764200.0,0.15,KOSPI
001275,0,3000000,0,90600000000.0,0.0,KOSPI
026940,0,20000000,0,41900000000.0,0.0,KOSPI
011390,4845,1056000,234982500,51216000000.0,0.46,KOSPI
005030,0,92782988,0,45092532168.0,0.0,KOSPI
006740,0,23739825,0,24974295900.0,0.0,KOSPI
002070,0,4801800,0,21800172000.0,0.0,KOSPI
100220,0,12996741,0,63813998310.0,0.0,KOSPI
090460,525271,33711538,8493632070,545115569460.0,1.56,KOSPI
005180,20406,9269031,1795728000,815674728000.0,0.22,KOSPI
003960,30916,9164467,949121200,281349136900.0,0.34,KOSPI
008040,175428,141144600,114729912,92308568400.0,0.12,KOSPI
007160,17313,5000000,850933950,245750000000.0,0.35,KOSPI
014710,16594,17218543,160298040,166331125380.0,0.1,KOSPI
006090,23378,9422739,204089940,82260511470.0,0.25,KOSPI
062040,414485,30642850,68431473500,5059134535000.0,1.35,KOSPI
005610,7216,8629009,284310400,339982954600.0,0.08,KOSPI
001470,0,229681824,0,79699592928.0,0.0,KOSPI
028050,446972,196000000,20024345600,8780800000000.0,0.23,KOSPI
448730,0,91050000,0,489849000000.0,0.0,KOSPI
006400,4163,80585530,2143945000,41501547950000.0,0.01,KOSPI
006405,0,1617896,0,335713420000.0,0.0,KOSPI
006660,70770,8126314,944779500,108486291900.0,0.87,KOSPI
028260,113931,162167581,41527849500,59110083274500.0,0.07,KOSPI
02826K,0,1467590,0,346351240000.0,0.0,KOSPI
207940,299654,46290951,471355742000,72815665923000.0,0.65,KOSPI
032830,103116,200000000,29439618000,57100000000000.0,0.05,KOSPI
018260,1354249,77377800,308768772000,17642138400000.0,1.75,KOSPI
0126Z0,510676,24883049,188184106000,9169403556500.0,2.05,KOSPI
009150,104236,74693696,137383048000,98446291328000.0,0.14,KOSPI
009155,6082,2906984,2809884000,1343026608000.0,0.21,KOSPI
005930,7842104,5846278608,2015420728000,1502493602256000.0,0.13,KOSPI
005935,1756853,802371203,332572272900,151888868727900.0,0.22,KOSPI
001360,818216,94162079,1039134320,119585840330.0,0.87,KOSPI
010140,4931293,880000000,99118989300,17688000000000.0,0.56,KOSPI
016360,80185,89300000,6944021000,7733380000000.0,0.09,KOSPI
068290,0,10000000,0,62600000000.0,0.0,KOSPI
029780,54555,115858891,2525896500,5364266653300.0,0.05,KOSPI
000810,73218,44647473,46566648000,28395792828000.0,0.16,KOSPI
000815,2036,3007020,824580000,1217843100000.0,0.07,KOSPI
006110,23748,15123455,1394007600,887746808500.0,0.16,KOSPI
0120G0,167811,7435870,10421063100,461767527000.0,2.26,KOSPI
145990,41136,10313449,1861404000,466683567250.0,0.4,KOSPI
145995,0,370070,0,12212310000.0,0.0,KOSPI
003230,289390,7533015,406303560000,10576353060000.0,3.84,KOSPI
272550,32960,15068406,327622400,149779955640.0,0.22,KOSPI
000070,2021,7763191,120653700,463462502700.0,0.03,KOSPI
003720,232237,34000000,1511862870,221340000000.0,0.68,KOSPI
002810,4913,18466948,115209850,433049930600.0,0.03,KOSPI
005680,55936,20000000,684097280,244600000000.0,0.28,KOSPI
023000,0,39739956,0,88818801660.0,0.0,KOSPI
004380,52023,20700000,431270670,171603000000.0,0.25,KOSPI
002450,0,90530915,0,98859759180.0,0.0,KOSPI
004440,45897,12731947,223977360,62131901360.0,0.36,KOSPI
000520,168174,21691811,1049405760,135356900640.0,0.78,KOSPI
009770,0,2499971,0,70624180750.0,0.0,KOSPI
005500,77601,13320000,1399922040,240292800000.0,0.58,KOSPI
004690,4120,3626777,535600000,471481010000.0,0.11,KOSPI
010960,195084,24120000,594030780,73445400000.0,0.81,KOSPI
004450,0,2154379,0,55367540300.0,0.0,KOSPI
009470,64358,6613820,1422311800,146165422000.0,0.97,KOSPI
011230,231677,19165785,600043430,49639383150.0,1.21,KOSPI
001820,472297,10395000,43640242800,960498000000.0,4.54,KOSPI
001290,367629,108337120,371305290,109420491200.0,0.34,KOSPI
041650,0,21471450,0,47129832750.0,0.0,KOSPI
075180,0,19200000,0,57024000000.0,0.0,KOSPI
007540,0,2875800,0,127829310000.0,0.0,KOSPI
248170,6359,4568286,147846750,106212649500.0,0.14,KOSPI
007860,29295,23479844,227915100,182673186320.0,0.12,KOSPI
200880,280328,27028437,3425608160,330287500140.0,1.04,KOSPI
017390,3925,4950000,213520000,269280000000.0,0.08,KOSPI
031210,35098,69821598,1500439500,2984873314500.0,0.05,KOSPI
004410,223450,39455013,281323550,49673861367.0,0.57,KOSPI
004415,0,222450,0,1170087000.0,0.0,KOSPI
021050,0,47474590,0,53029117030.0,0.0,KOSPI
008490,26690,11569113,601859500,260883498150.0,0.23,KOSPI
007610,332883,18000000,1296579285,70110000000.0,1.85,KOSPI
136490,48774,23779604,511151520,249210249920.0,0.21,KOSPI
014910,165287,21857257,311731282,41222786702.0,0.76,KOSPI
014915,0,600000,0,2643000000.0,0.0,KOSPI
004980,228323,24516073,1853982760,199070512760.0,0.93,KOSPI
004985,0,735645,0,6039645450.0,0.0,KOSPI
000180,0,13950320,0,73797192800.0,0.0,KOSPI
002420,0,5969948,0,33312309840.0,0.0,KOSPI
004360,51518,19115603,682098320,253090583720.0,0.27,KOSPI
004365,0,3689250,0,34346917500.0,0.0,KOSPI
004490,21580,13860000,1232218000,791406000000.0,0.16,KOSPI
001430,0,35862119,0,1499036574200.0,0.0,KOSPI
306200,7282,2836300,1004916000,391409400000.0,0.26,KOSPI
003030,2900,4141657,292610000,417893191300.0,0.07,KOSPI
058650,5908,4242236,783400800,562520493600.0,0.14,KOSPI
013000,0,28705031,0,34130281859.0,0.0,KOSPI
021820,0,10000000,0,100000000000.0,0.0,KOSPI
067830,0,41040895,0,100139783800.0,0.0,KOSPI
075580,538885,56849456,5448127350,574748000160.0,0.95,KOSPI
068270,375393,232617176,72826242000,45127732144000.0,0.16,KOSPI
336370,860161,70212298,6339386570,517464636260.0,1.23,KOSPI
33637K,0,16907094,0,24650543052.0,0.0,KOSPI
33637L,0,3777892,0,9066940800.0,0.0,KOSPI
248070,348322,47816236,4521219560,620654743280.0,0.73,KOSPI
004430,48946,24000000,550642500,270000000000.0,0.2,KOSPI
017550,415699,62399130,736202929,110508859230.0,0.67,KOSPI
126720,35370,14286000,741001500,299291700000.0,0.25,KOSPI
053210,0,47522955,0,192230352975.0,0.0,KOSPI
026890,237473,38770837,1971025900,321797947100.0,0.61,KOSPI
134790,0,2000000,0,39560000000.0,0.0,KOSPI
462870,429046,58741890,13643662800,1867992102000.0,0.73,KOSPI
016590,114492,40297820,1117441920,393306723200.0,0.28,KOSPI
029530,0,9715729,0,400288034800.0,0.0,KOSPI
004970,0,16000000,0,147840000000.0,0.0,KOSPI
011930,113272,20306182,1797626640,322259108340.0,0.56,KOSPI
004170,10966,9445181,4391883000,3782794990500.0,0.12,KOSPI
035510,101329,13980900,1336529510,184408071000.0,0.72,KOSPI
031430,32119,34986000,330825700,360355800000.0,0.09,KOSPI
006880,0,11828858,0,52342696650.0,0.0,KOSPI
005800,0,9000000,0,120870000000.0,0.0,KOSPI
001720,81511,16440000,12642356100,2549844000000.0,0.5,KOSPI
009270,579252,114770393,628488420,124525876405.0,0.5,KOSPI
002700,1873005,68547521,1816814850,66491095370.0,2.73,KOSPI
002870,0,34958700,0,33735145500.0,0.0,KOSPI
019170,529081,52418522,5581804550,553015407100.0,1.01,KOSPI
019175,0,1991230,0,31600820100.0,0.0,KOSPI
481850,0,43477664,0,43173320352.0,0.0,KOSPI
404990,44598,61627860,170810340,236034703800.0,0.07,KOSPI
293940,32804,120940123,174845320,644610855590.0,0.03,KOSPI
055550,113026,469450239,11675585800,48494209688700.0,0.02,KOSPI
004080,0,9300000,0,131130000000.0,0.0,KOSPI
004770,78549,35507438,137539299,62173523938.0,0.22,KOSPI
403550,54031,37939942,595961930,418477560260.0,0.14,KOSPI
004920,0,52179872,0,48005482240.0,0.0,KOSPI
112610,1201955,42171403,56672178250,1988381651450.0,2.85,KOSPI
480370,0,32481408,0,43817419392.0,0.0,KOSPI
308170,27995,8610000,102881625,31641750000.0,0.33,KOSPI
008700,809659,77124820,971590800,92549784000.0,1.05,KOSPI
090430,799120,58492759,111796888000,8183136984100.0,1.37,KOSPI
090435,0,10557830,0,477741807500.0,0.0,KOSPI
002790,320758,76458180,8500087000,2026141770000.0,0.42,KOSPI
00279K,0,7092200,0,154609960000.0,0.0,KOSPI
002795,0,6381172,0,68469975560.0,0.0,KOSPI
002030,4480,2058852,859264000,394887813600.0,0.22,KOSPI
183190,152812,35978272,1534232480,361221850880.0,0.42,KOSPI
002310,210448,39449510,1635180960,306522692700.0,0.53,KOSPI
012170,0,20250194,0,15147145112.0,0.0,KOSPI
267850,0,11100000,0,103674000000.0,0.0,KOSPI
020560,188419,205990711,1332122330,1456354326770.0,0.09,KOSPI
122900,14684,33428840,117912520,268433585200.0,0.04,KOSPI
010780,43390,30186976,697711200,485406574080.0,0.14,KOSPI
031820,0,12105146,0,75051905200.0,0.0,KOSPI
139990,0,38755414,0,85455687870.0,0.0,KOSPI
009320,119200,49299770,117054400,48412374140.0,0.24,KOSPI
001780,442215,96830132,724790385,158704586348.0,0.46,KOSPI
018250,127697,26409935,1457022770,301337358350.0,0.48,KOSPI
161000,368322,48648709,3517475100,464595170950.0,0.76,KOSPI
011090,50788,11857054,117828160,27508365280.0,0.43,KOSPI
137310,1333057,120749102,8624878790,781246689940.0,1.1,KOSPI
005850,302728,46448520,16195948000,2484995820000.0,0.65,KOSPI
010580,0,111251760,0,168657668160.0,0.0,KOSPI
012750,436897,37999178,34645932100,3013334815400.0,1.15,KOSPI
023960,0,38035975,0,38150082925.0,0.0,KOSPI
298690,0,162914872,0,256265093656.0,0.0,KOSPI
078520,65835,26014161,753810750,297862143450.0,0.25,KOSPI
015260,0,47116894,0,13381197896.0,0.0,KOSPI
007460,51393,23594933,118460865,54386320565.0,0.22,KOSPI
003060,0,15717431,0,30994773932.0,0.0,KOSPI
244920,86276,22607693,1133666640,297065086020.0,0.38,KOSPI
278470,649418,37438155,265936671000,15330924472500.0,1.73,KOSPI
450080,975195,70813870,36423533250,2644898044500.0,1.38,KOSPI
019490,269500,76432270,145799500,41349858070.0,0.35,KOSPI
085310,16577,7418074,156321110,69952437820.0,0.22,KOSPI
900140,87197,193240432,108473068,240391097408.0,0.05,KOSPI
066970,819689,40684662,99674182400,4947254899200.0,2.01,KOSPI
097520,66830,17401500,1326575500,345419775000.0,0.38,KOSPI
484870,0,27461700,0,412749351000.0,0.0,KOSPI
014440,0,20000000,0,93000000000.0,0.0,KOSPI
111770,130884,44311468,9934095600,3363240421200.0,0.3,KOSPI
009970,124247,12953817,21370484000,2228056524000.0,0.96,KOSPI
003520,2048293,182892731,2459999893,219654169931.0,1.12,KOSPI
000670,9329,18410683,368029050,726301444350.0,0.05,KOSPI
012280,0,49524505,0,39768177515.0,0.0,KOSPI
012160,0,15620703,0,39988999680.0,0.0,KOSPI
007310,58694,4007830,19545102000,1334607390000.0,1.46,KOSPI
002630,650578,59291502,609591586,55556137374.0,1.1,KOSPI
271560,144337,39528788,18518437100,5071543500400.0,0.37,KOSPI
001800,184640,60156652,4736016000,1543018123800.0,0.31,KOSPI
005320,0,34187845,0,25162253920.0,0.0,KOSPI
011690,0,36704394,0,114517709280.0,0.0,KOSPI
316140,1194023,728089682,38149034850,23262465339900.0,0.16,KOSPI
006980,0,3090000,0,47925900000.0,0.0,KOSPI
011300,47755,17238905,153771100,55509274100.0,0.28,KOSPI
017370,0,18314054,0,67578859260.0,0.0,KOSPI
105840,129695,20197670,1548558300,241160179800.0,0.64,KOSPI
010400,0,7622000,0,31707520000.0,0.0,KOSPI
049800,0,20000000,0,35820000000.0,0.0,KOSPI
016880,215437,79927080,448108960,166248326400.0,0.27,KOSPI
095720,0,56827085,0,70295104145.0,0.0,KOSPI
005820,6595,2297970,100309950,34952123700.0,0.29,KOSPI
008600,0,6723603,0,17615839860.0,0.0,KOSPI
033270,115733,15910775,2090137980,287348596500.0,0.73,KOSPI
014830,13140,6767600,815994000,420267960000.0,0.19,KOSPI
446070,96732,10611215,357424740,39208439425.0,0.91,KOSPI
000910,57500,15611619,171925000,46678740810.0,0.37,KOSPI
047400,207640,42000000,203487200,41160000000.0,0.49,KOSPI
011330,30409,10018783,144442750,47589219250.0,0.3,KOSPI
077500,83444,21600102,574929160,148824702780.0,0.39,KOSPI
002920,0,25947500,0,45537862500.0,0.0,KOSPI
000700,16700,26041812,107548000,167709269280.0,0.06,KOSPI
003470,84422,192680102,384120100,876694464100.0,0.04,KOSPI
003475,0,12811370,0,53551526600.0,0.0,KOSPI
072130,0,12695454,0,62080770060.0,0.0,KOSPI
000220,0,15747462,0,59367931740.0,0.0,KOSPI
000225,0,2266930,0,8274294500.0,0.0,KOSPI
000227,0,322960,0,2212276000.0,0.0,KOSPI
001200,134846,96866418,570398580,409744948140.0,0.14,KOSPI
000100,2172256,79647601,183121180800,6714292764300.0,2.73,KOSPI
000105,1636,1180940,115174400,83138176000.0,0.14,KOSPI
003460,0,56702415,0,174643438200.0,0.0,KOSPI
003465,0,17476425,0,53740006875.0,0.0,KOSPI
008730,76485,24800000,1158747750,375720000000.0,0.31,KOSPI
008250,53185,10952635,142003950,29243535450.0,0.49,KOSPI
025820,154993,33442000,694368640,149820160000.0,0.46,KOSPI
214320,16215,40000000,306463500,756000000000.0,0.04,KOSPI
088260,0,63341590,0,200159424400.0,0.0,KOSPI
139480,223520,27595819,16227552000,2003456459400.0,0.81,KOSPI
457190,642591,30218872,41254342200,1940051582400.0,2.13,KOSPI
007660,671616,73409219,67564569600,7384967431400.0,0.91,KOSPI
005950,305311,26294169,3682050660,317107678140.0,1.16,KOSPI
015020,0,21425800,0,19883142400.0,0.0,KOSPI
074610,0,8770137,0,44815400070.0,0.0,KOSPI
102460,196908,18586811,1971049080,186053978110.0,1.06,KOSPI
084680,0,141806193,0,63670980657.0,0.0,KOSPI
350520,0,36866202,0,123501776700.0,0.0,KOSPI
334890,157594,69448683,593341410,261474291495.0,0.23,KOSPI
000760,0,2800000,0,40152000000.0,0.0,KOSPI
014990,0,15022599,0,50175480660.0,0.0,KOSPI
101140,0,10044216,0,53435229120.0,0.0,KOSPI
023800,0,15809197,0,83630652130.0,0.0,KOSPI
034590,0,4374754,0,116368456400.0,0.0,KOSPI
129260,92564,29747874,176426984,56699447844.0,0.31,KOSPI
023810,40584,10000000,213877680,52700000000.0,0.41,KOSPI
249420,302073,31638252,4576405950,479319517800.0,0.95,KOSPI
000230,18063,11540400,118673910,75820428000.0,0.16,KOSPI
013360,281229,54024880,412000485,79146449200.0,0.52,KOSPI
003120,5647,13300000,116045850,273315000000.0,0.04,KOSPI
003200,16141,22960000,175129850,249116000000.0,0.07,KOSPI
007110,196794,77456610,106465554,41904026010.0,0.25,KOSPI
007570,51380,19085664,426454000,158411011200.0,0.27,KOSPI
007575,0,445080,0,3498328800.0,0.0,KOSPI
081000,22473,14202975,207425790,131093459250.0,0.16,KOSPI
020760,0,61533781,0,55503470462.0,0.0,KOSPI
103590,29836,47685390,1972159600,3152004279000.0,0.06,KOSPI
271940,201449,36313190,2123272460,382741022600.0,0.55,KOSPI
015860,0,49347483,0,342965006850.0,0.0,KOSPI
226320,119935,21929315,1246124650,227845582850.0,0.55,KOSPI
317400,147476,38782520,1514578520,398296480400.0,0.38,KOSPI
033240,13700,21605502,408945000,644924234700.0,0.06,KOSPI
000950,5419,1680000,188852150,58548000000.0,0.32,KOSPI
079900,51908,14592545,1715559400,482283612250.0,0.36,KOSPI
348950,285392,197376000,337333344,233298432000.0,0.14,KOSPI
194370,140385,29016758,1806754950,373445675460.0,0.48,KOSPI
030000,1647219,115041225,31478355090,2198437809750.0,1.43,KOSPI
271980,10270,14704872,103727000,148519207200.0,0.07,KOSPI
001560,0,7600000,0,69616000000.0,0.0,KOSPI
002620,0,15973355,0,119800162500.0,0.0,KOSPI
006220,161391,37798557,1499322390,351148594530.0,0.43,KOSPI
089590,71492,80640985,305628300,344740210875.0,0.09,KOSPI
004910,0,12800000,0,46144000000.0,0.0,KOSPI
004700,1690,6649138,110864000,436183452800.0,0.03,KOSPI
001550,25306,5192239,269761960,55349267740.0,0.49,KOSPI
462520,13496,11855168,176122800,154709942400.0,0.11,KOSPI
120030,0,1257651,0,104888093400.0,0.0,KOSPI
018470,654369,126631721,636701037,123212664533.0,0.52,KOSPI
002600,0,600000,0,81240000000.0,0.0,KOSPI
185750,229790,13802780,15878489000,953772098000.0,1.66,KOSPI
063160,37627,5485962,523767840,76364591040.0,0.69,KOSPI
001630,0,5009861,0,195384579000.0,0.0,KOSPI
109070,247231,52810230,396311293,84654798690.0,0.47,KOSPI
044380,0,13896316,0,11520045964.0,0.0,KOSPI
013890,227798,21925813,1681149240,161812499940.0,1.04,KOSPI
013870,0,19072280,0,73523639400.0,0.0,KOSPI
071320,10310,11578744,751599000,844090437600.0,0.09,KOSPI
088790,74700,12447744,157243500,26202501120.0,0.6,KOSPI
003780,77968,13000000,294719040,49140000000.0,0.6,KOSPI
010640,0,16700000,0,28022600000.0,0.0,KOSPI
100250,55000,63900000,171600000,199368000000.0,0.09,KOSPI
051630,0,21200000,0,21645200000.0,0.0,KOSPI
272450,0,52200000,0,298584000000.0,0.0,KOSPI
011000,283436,18176581,756774120,48531471270.0,1.56,KOSPI
002780,921687,145471745,720759234,113758904590.0,0.63,KOSPI
002787,0,294808,0,853469160.0,0.0,KOSPI
002785,0,857218,0,1145243248.0,0.0,KOSPI
025620,33296,18203973,163316880,89290487565.0,0.18,KOSPI
009310,0,4377014,0,23329484620.0,0.0,KOSPI
000650,1638,1429220,246191400,214811766000.0,0.11,KOSPI
033250,0,6400000,0,25568000000.0,0.0,KOSPI
035720,2736496,442981070,97966556800,15858722306000.0,0.62,KOSPI
323410,7728113,477120437,166927240800,10305801439200.0,1.62,KOSPI
377300,202168,135272685,9057126400,6060216288000.0,0.15,KOSPI
006380,0,168999996,0,618539985360.0,0.0,KOSPI
279570,2427959,405695151,13475172450,2251608088050.0,0.6,KOSPI
001620,0,22258606,0,47744709870.0,0.0,KOSPI
029460,10096,11020535,353360000,385718725000.0,0.09,KOSPI
281820,175774,19798661,11425310000,1286912965000.0,0.89,KOSPI
381970,247530,48820848,1509933000,297807172800.0,0.51,KOSPI
145270,0,48060774,0,37727707590.0,0.0,KOSPI
417310,0,40400000,0,436724000000.0,0.0,KOSPI
357120,138051,97335354,589477770,415621961580.0,0.14,KOSPI
007815,0,2964690,0,51585606000.0,0.0,KOSPI
007810,87547,23982620,4841349100,1326238886000.0,0.37,KOSPI
00781K,0,783699,0,10501566600.0,0.0,KOSPI
003690,23900,176721031,343682000,2541248425780.0,0.01,KOSPI
192820,64794,11349509,18531084000,3245959574000.0,0.57,KOSPI
044820,5697,9603921,133024950,224251555350.0,0.06,KOSPI
005070,660274,33214571,26377946300,1326922111450.0,1.99,KOSPI
005420,760978,38408228,8226172180,415192944680.0,1.98,KOSPI
071950,80992,14459195,130883072,23366059120.0,0.56,KOSPI
002020,21225,12907680,517890000,314947392000.0,0.16,KOSPI
003070,49924,25423959,487757480,248392079430.0,0.2,KOSPI
003075,0,740737,0,10036986350.0,0.0,KOSPI
002025,0,1160437,0,14841989230.0,0.0,KOSPI
120110,72545,29946032,3649013500,1506285409600.0,0.24,KOSPI
120115,0,2767860,0,68227749000.0,0.0,KOSPI
021240,8765,70767426,854587500,6899824035000.0,0.01,KOSPI
036420,0,19262308,0,30838955108.0,0.0,KOSPI
024720,100307,34296259,1011094560,345706290720.0,0.29,KOSPI
192400,11833,35562185,332507300,999297398500.0,0.03,KOSPI
284740,23266,22437330,531628100,512692990500.0,0.1,KOSPI
264900,15237,12523850,123876810,101818900500.0,0.12,KOSPI
26490K,0,773560,0,5971883200.0,0.0,KOSPI
005740,57000,14847347,324330000,84481404430.0,0.38,KOSPI
005745,0,600726,0,3177840540.0,0.0,KOSPI
259960,527069,46137833,118063456000,10334874592000.0,1.14,KOSPI
020120,81624,37063766,416282400,189025206600.0,0.22,KOSPI
039490,16456,26228316,4401980000,7016074530000.0,0.06,KOSPI
014580,37729,27583100,145068005,106057019500.0,0.14,KOSPI
015890,67387,29228750,319077445,138398131250.0,0.23,KOSPI
006890,68283,11600000,351657450,59740000000.0,0.59,KOSPI
003240,2226,1113400,1987818000,994266200000.0,0.2,KOSPI
011280,310967,70805940,524912296,119520426720.0,0.44,KOSPI
004100,0,36700000,0,91566500000.0,0.0,KOSPI
004105,0,3300000,0,9586500000.0,0.0,KOSPI
009410,335071,297590078,537788955,477632075190.0,0.11,KOSPI
009415,0,649974,0,4205331780.0,0.0,KOSPI
001420,0,7600000,0,19190000000.0,0.0,KOSPI
055490,0,4786650,0,63997510500.0,0.0,KOSPI
078000,0,9240077,0,121691814090.0,0.0,KOSPI
214420,139421,24054799,744508140,128452626660.0,0.58,KOSPI
091810,0,510530459,0,319592067334.0,0.0,KOSPI
019180,66305,18000000,354731750,96300000000.0,0.37,KOSPI
217590,97012,24094225,1094295360,271782858000.0,0.4,KOSPI
363280,66297,45497333,126958755,87127392695.0,0.15,KOSPI
36328K,0,1174949,0,2843376580.0,0.0,KOSPI
004870,191610,22632698,218435400,25801275720.0,0.85,KOSPI
034230,50874,92629382,480250560,874421366080.0,0.05,KOSPI
005690,630714,60004014,7007232540,666644595540.0,1.05,KOSPI
036580,0,36727943,0,95492651800.0,0.0,KOSPI
004720,153403,22654365,497792735,73513414425.0,0.68,KOSPI
028670,99096,534569512,626286720,3378479315840.0,0.02,KOSPI
010820,114310,48771938,659568700,281414082260.0,0.23,KOSPI
016800,0,11500000,0,311650000000.0,0.0,KOSPI
001020,0,35596662,0,87567788520.0,0.0,KOSPI
090080,144924,54902259,150431112,56988544842.0,0.26,KOSPI
010770,0,14625466,0,53382950900.0,0.0,KOSPI
022100,2783237,152034729,57334682200,3131915417400.0,1.83,KOSPI
058430,207798,60000000,955870800,276000000000.0,0.35,KOSPI
047050,1381213,175922788,74033016800,9429461436800.0,0.79,KOSPI
003670,2944429,88946220,503202916100,15200908998000.0,3.31,KOSPI
017810,105724,38120542,1022351080,368625641140.0,0.28,KOSPI
103140,140170,28024278,11521974000,2303595651600.0,0.5,KOSPI
005810,40630,14417292,1537845500,545694502200.0,0.28,KOSPI
950210,0,60096155,0,368389430150.0,0.0,KOSPI
006490,185690,29577223,166749620,26560346254.0,0.63,KOSPI
009810,0,15749602,0,29577752556.0,0.0,KOSPI
086790,333390,274367748,42907293000,35311129167600.0,0.12,KOSPI
293480,58447,17772946,494461620,150359123160.0,0.33,KOSPI
039130,190826,15489932,6125514600,497226817200.0,1.23,KOSPI
352820,672530,43106836,117423738000,7526453565600.0,1.56,KOSPI
071090,72217,20191471,217734255,60877285065.0,0.36,KOSPI
000080,1662299,70133611,25765634500,1087070970500.0,2.37,KOSPI
000087,0,1130138,0,13957204300.0,0.0,KOSPI
000140,21000,23206765,169260000,187046525900.0,0.09,KOSPI
000145,0,470810,0,4472695000.0,0.0,KOSPI
036460,197848,92313000,7221452000,3369424500000.0,0.21,KOSPI
005430,7111,3166355,579546500,258057932500.0,0.22,KOSPI
071050,201799,55725992,36989756700,10214574333600.0,0.36,KOSPI
071055,1810,5858251,267156000,864677847600.0,0.03,KOSPI
010040,0,41067062,0,66117969820.0,0.0,KOSPI
025540,6577,10115000,364365800,560371000000.0,0.07,KOSPI
010100,249234,30450420,878549850,107337730500.0,0.82,KOSPI
004090,102156,12694120,1133931600,140904732000.0,0.8,KOSPI
002200,0,33499941,0,86262348075.0,0.0,KOSPI
002960,9309,1300000,4719663000,659100000000.0,0.72,KOSPI
000240,800646,94935240,19135439400,2268952236000.0,0.84,KOSPI
123890,212765,122373926,544678400,313277250560.0,0.17,KOSPI
015760,1736059,641964077,54685858500,20221868425500.0,0.27,KOSPI
006200,0,9360627,0,17120586783.0,0.0,KOSPI
027970,0,38030144,0,105153348160.0,0.0,KOSPI
023350,0,10950000,0,41883750000.0,0.0,KOSPI
025890,0,11144616,0,27527201520.0,0.0,KOSPI
000970,0,22800500,0,153447365000.0,0.0,KOSPI
104700,74651,36450000,740537920,361584000000.0,0.2,KOSPI
017960,173200,51676486,3940300000,1175640056500.0,0.34,KOSPI
161890,102698,23605077,14716623400,3382607534100.0,0.44,KOSPI
161390,380680,123875069,25429424000,8274854609200.0,0.31,KOSPI
034830,0,252489230,0,284050383750.0,0.0,KOSPI
007280,0,28646540,0,64884413100.0,0.0,KOSPI
047810,6048273,97475107,790509281100,12739996484900.0,6.2,KOSPI
123690,166118,16068000,1053188120,101871120000.0,1.03,KOSPI
003350,111425,22660000,1305901000,265575200000.0,0.49,KOSPI
011500,34674,15637042,447988080,202030582640.0,0.22,KOSPI
002390,22456,13763533,210188160,128826668880.0,0.16,KOSPI
053690,127498,10957550,2092242180,179813395500.0,1.16,KOSPI
042700,5541751,95312200,1158225959000,19920249800000.0,5.81,KOSPI
008930,1559501,68391550,88111806500,3864122575000.0,2.28,KOSPI
128940,50008,12810991,27004320000,6917935140000.0,0.39,KOSPI
009240,463476,23533928,18145085400,921353281200.0,1.97,KOSPI
020000,0,21476994,0,334396796580.0,0.0,KOSPI
003680,0,6209515,0,31233860450.0,0.0,KOSPI
105630,118190,40000000,1069619500,362000000000.0,0.3,KOSPI
069640,0,21735481,0,31842479665.0,0.0,KOSPI
016450,0,40000000,0,181600000000.0,0.0,KOSPI
009180,38533,28155825,105965750,77428518750.0,0.14,KOSPI
213500,74573,23800576,556314580,177552296960.0,0.31,KOSPI
014680,219458,10794036,44988890000,2212777380000.0,2.03,KOSPI
004710,47686,53119817,323311080,360152359260.0,0.09,KOSPI
004150,108919,41026620,363789460,137028910800.0,0.27,KOSPI
025750,0,16113029,0,29889668795.0,0.0,KOSPI
004960,74176,11570702,797392000,124385046500.0,0.64,KOSPI
011700,182584,32446151,411726920,73166070505.0,0.56,KOSPI
001750,23356,15109486,454741320,294181692420.0,0.15,KOSPI
001755,0,472870,0,9315539000.0,0.0,KOSPI
018880,361588,1026262552,1274597700,3617575495800.0,0.04,KOSPI
009420,1259951,52240638,75345069800,3123990152400.0,2.41,KOSPI
014130,0,11817883,0,28953813350.0,0.0,KOSPI
300720,1090721,73545209,17680587410,1192167837890.0,1.48,KOSPI
002220,162189,26697460,454129200,74752888000.0,0.61,KOSPI
003300,110413,30831444,2007308340,560515651920.0,0.36,KOSPI
051600,884684,45000000,39058798600,1986750000000.0,1.97,KOSPI
052690,55565,38220000,5017519500,3451266000000.0,0.15,KOSPI
130660,201007,32600000,2180925950,353710000000.0,0.62,KOSPI
002320,46653,15518616,703993770,234175915440.0,0.3,KOSPI
003480,40000,29529812,183800000,135689486140.0,0.14,KOSPI
180640,231959,66762279,28183018500,8111616898500.0,0.35,KOSPI
18064K,0,536766,0,15727243800.0,0.0,KOSPI
005110,0,21106407,0,26467434378.0,0.0,KOSPI
009460,0,11933497,0,39499875070.0,0.0,KOSPI
372910,185322,27674406,340621836,50865558228.0,0.67,KOSPI
000880,30159,70507919,2527324200,5908563612200.0,0.04,KOSPI
00088K,0,19404441,0,567579899250.0,0.0,KOSPI
452260,814515,193859610,1584231675,377056941450.0,0.42,KOSPI
45226K,0,2904470,0,11908327000.0,0.0,KOSPI
451800,286309,179600000,1583288770,993188000000.0,0.16,KOSPI
489790,218372,50488390,10984111600,2539566017000.0,0.43,KOSPI
088350,3019810,868530000,15823804400,4551097200000.0,0.35,KOSPI
000370,139754,116738915,995048480,831181074800.0,0.12,KOSPI
009830,727797,224892536,23398673550,7230295032400.0,0.32,KOSPI
009835,10702,2544616,180970820,43029456560.0,0.42,KOSPI
272210,1985570,188919389,139188457000,13243249168900.0,1.05,KOSPI
012450,2659,51563401,2938195000,56977558105000.0,0.01,KOSPI
082740,119077,83447142,5346557300,3746776675800.0,0.14,KOSPI
042660,2227202,306413394,185748646800,25554877059600.0,0.73,KOSPI
003530,1754753,214547775,8510552050,1040556708750.0,0.82,KOSPI
003535,0,4800000,0,30720000000.0,0.0,KOSPI
195870,30584,17000000,1611776800,895900000000.0,0.18,KOSPI
101530,25450,29116822,142011000,162471866760.0,0.09,KOSPI
143210,0,27999783,0,33571739817.0,0.0,KOSPI
000720,995785,111355765,105154896000,11759168784000.0,0.89,KOSPI
000725,0,1054693,0,56742483400.0,0.0,KOSPI
453340,7705,32471587,147473700,621506175180.0,0.02,KOSPI
086280,137157,75000000,27266811600,14910000000000.0,0.18,KOSPI
064350,105794,109142293,14197554800,14646895720600.0,0.1,KOSPI
079430,93104,20114202,557692960,120484069980.0,0.46,KOSPI
012330,186531,90732583,92985703500,45230192625500.0,0.21,KOSPI
069960,28706,21564912,2689752200,2020632254400.0,0.13,KOSPI
004560,57535,15078811,655323650,171747657290.0,0.38,KOSPI
004310,472887,32000000,2790033300,188800000000.0,1.48,KOSPI
017800,132623,39092385,9747790500,2873290297500.0,0.34,KOSPI
307950,209597,27423982,95890627500,12546471765000.0,0.76,KOSPI
011210,131923,27195083,7968149200,1642583013200.0,0.49,KOSPI
004020,46290,133445785,1296120000,3736481980000.0,0.03,KOSPI
005440,174806,183397199,2043482140,2143913256310.0,0.1,KOSPI
005380,2841782,204757766,1176497748000,84769715124000.0,1.39,KOSPI
005387,0,34963930,0,6824959136000.0,0.0,KOSPI
005389,1889,2327452,361365700,445241567600.0,0.08,KOSPI
005385,6787,23340960,1330252000,4574828160000.0,0.03,KOSPI
001500,127105,61833044,991419000,482297743200.0,0.21,KOSPI
011760,19779,13228966,507331350,339322977900.0,0.15,KOSPI
227840,0,9100836,0,117855826200.0,0.0,KOSPI
126560,0,109201040,0,352719359200.0,0.0,KOSPI
001450,328191,85248250,16606464600,4313561450000.0,0.38,KOSPI
093240,354071,61390259,138087690,23942201010.0,0.58,KOSPI
003010,110012,12712747,1191429960,137679050010.0,0.87,KOSPI
111110,0,9066000,0,59563620000.0,0.0,KOSPI
008770,197147,39248121,8359032800,1664120330400.0,0.5,KOSPI
008775,0,751879,0,22030054700.0,0.0,KOSPI
378850,0,18993623,0,57740613920.0,0.0,KOSPI
241590,350996,60589276,1016133420,175405954020.0,0.58,KOSPI
006060,0,55320000,0,136087200000.0,0.0,KOSPI
013520,0,50051252,0,122625567400.0,0.0,KOSPI
010690,545735,34920410,4453197600,284950545600.0,1.56,KOSPI
133820,0,37114502,0,33365937298.0,0.0,KOSPI
010660,103516,22000000,278458040,59180000000.0,0.47,KOSPI
000850,8219,2200000,299582550,80190000000.0,0.37,KOSPI
016580,0,18600070,0,186744702800.0,0.0,KOSPI
032560,26403,17000000,151817250,97750000000.0,0.16,KOSPI
004800,67059,16740407,10394145000,2594763085000.0,0.4,KOSPI
094280,23760,11558200,284882400,138582818000.0,0.21,KOSPI
298040,13800,9324548,38529600000,26034138016000.0,0.15,KOSPI
298020,9703,4327682,3080702500,1374039035000.0,0.22,KOSPI
298000,42661,3791811,2615119300,232438014300.0,1.13,KOSPI
093370,1617269,107255330,19763027180,1310660132600.0,1.51,KOSPI
005870,57158,14116015,251495200,62110466000.0,0.4,KOSPI
079980,75905,34500000,148166560,67344000000.0,0.22,KOSPI
005010,347331,56188075,1266021495,204805533375.0,0.62,KOSPI
000540,70937,64242645,244377965,221315912025.0,0.11,KOSPI
000545,0,768000,0,4208640000.0,0.0,KOSPI
003280,1634587,240424899,2922641556,429879719412.0,0.68,KOSPI
060310,665659,53059040,713586448,56879290880.0,1.25,KOSDAQ
054620,93962,18394221,356585790,69806068695.0,0.51,KOSDAQ
079810,153941,21528094,502617365,70289226910.0,0.72,KOSDAQ
265520,14885,15050821,280879950,284008992270.0,0.1,KOSDAQ
211270,290196,15082304,2257724880,117340325120.0,1.92,KOSDAQ
126600,259447,62766899,735532245,177944158665.0,0.41,KOSDAQ
083790,165984,76894182,142248288,65898313974.0,0.22,KOSDAQ
035760,72355,21929154,2366008500,717083335800.0,0.33,KOSDAQ
311690,0,13065462,0,50889974490.0,0.0,KOSDAQ
051500,21986,11871586,530961900,286698801900.0,0.19,KOSDAQ
058820,332386,148123556,184474230,82208573580.0,0.22,KOSDAQ
056730,0,14822237,0,20113775609.0,0.0,KOSDAQ
065770,0,10515064,0,16477105288.0,0.0,KOSDAQ
083660,0,7109265,0,20332497900.0,0.0,KOSDAQ
477760,0,5840000,0,12059600000.0,0.0,KOSDAQ
099520,0,45281824,0,58141862016.0,0.0,KOSDAQ
290120,46900,15825177,105290500,35527522365.0,0.3,KOSDAQ
025440,0,9756244,0,33805385460.0,0.0,KOSDAQ
068790,112741,22570224,857959010,171759404640.0,0.5,KOSDAQ
241520,69205,26600000,577861750,222110000000.0,0.26,KOSDAQ
180400,102281,98429432,268999030,258869406160.0,0.1,KOSDAQ
418620,0,19850477,0,9270172759.0,0.0,KOSDAQ
245620,0,225531114,0,167118555474.0,0.0,KOSDAQ
037370,0,8624972,0,30316776580.0,0.0,KOSDAQ
050120,48588,13564086,160340400,44761483800.0,0.36,KOSDAQ
214270,0,45251636,0,59234391524.0,0.0,KOSDAQ
032620,78896,52197139,239054880,158157331170.0,0.15,KOSDAQ
130500,0,14545052,0,26457449588.0,0.0,KOSDAQ
019570,0,9545004,0,25819235820.0,0.0,KOSDAQ
900290,125087,83510544,500973435,334459728720.0,0.15,KOSDAQ
083450,31196,18430000,1392901400,822899500000.0,0.17,KOSDAQ
297890,203402,73140914,333172476,119804817132.0,0.28,KOSDAQ
440290,0,27506430,0,46403347410.0,0.0,KOSDAQ
078150,465258,94921798,861657816,175795169896.0,0.49,KOSDAQ
225530,164641,36338727,326812385,72132373095.0,0.45,KOSDAQ
060560,69800,25388001,137506000,50014361970.0,0.27,KOSDAQ
376270,5445,7219147,211810500,280824818300.0,0.08,KOSDAQ
195940,22847,28329891,1008695050,1250764687650.0,0.08,KOSDAQ
028300,11008083,133198223,416655941550,5041552740550.0,8.26,KOSDAQ
278650,132009,17432396,306260880,40443158720.0,0.76,KOSDAQ
067630,1676622,121917058,4719690930,343196518270.0,1.38,KOSDAQ
024850,94828,31753544,1263108960,422957206080.0,0.3,KOSDAQ
187420,84690,32644947,159725340,61568370042.0,0.26,KOSDAQ
047920,241781,32799356,1832699980,248619118480.0,0.74,KOSDAQ
115450,642110,88580109,1284220000,177160218000.0,0.72,KOSDAQ
046210,0,45527960,0,49579948440.0,0.0,KOSDAQ
196300,0,9376439,0,41350095990.0,0.0,KOSDAQ
403870,1903007,82300000,83637157650,3617085000000.0,2.31,KOSDAQ
036640,0,16354800,0,80465616000.0,0.0,KOSDAQ
469480,0,4230000,0,9009900000.0,0.0,KOSDAQ
0099X0,0,5980000,0,13036400000.0,0.0,KOSDAQ
095340,59112,21197058,9115070400,3268586343600.0,0.28,KOSDAQ
950170,98801,51746348,428796340,224579150320.0,0.19,KOSDAQ
067290,1382536,56037103,2771984680,112354391515.0,2.47,KOSDAQ
035900,716239,35532492,28255628550,1401756809400.0,2.02,KOSDAQ
318000,50995,8740223,145590725,24953336665.0,0.58,KOSDAQ
024840,640606,43159888,3331151200,224431417600.0,1.48,KOSDAQ
024120,0,11500000,0,35995000000.0,0.0,KOSDAQ
478390,0,6220000,0,12813200000.0,0.0,KOSDAQ
486630,0,5310000,0,10805850000.0,0.0,KOSDAQ
492220,0,6210000,0,12513150000.0,0.0,KOSDAQ
0037T0,0,6330000,0,12615690000.0,0.0,KOSDAQ
0072Z0,0,7885000,0,15628070000.0,0.0,KOSDAQ
021320,36706,21400000,202617120,118128000000.0,0.17,KOSDAQ
044180,0,26717799,0,5477148795.0,0.0,KOSDAQ
151860,117992,47603002,643056400,259436360900.0,0.25,KOSDAQ
035600,157689,27554434,1576890000,275544340000.0,0.57,KOSDAQ
046440,67706,38010802,273532240,153563640080.0,0.18,KOSDAQ
060720,689962,23677442,6934118100,237958292100.0,2.91,KOSDAQ
058400,0,13242972,0,68201305800.0,0.0,KOSDAQ
101000,0,9910487,0,7512149146.0,0.0,KOSDAQ
089600,40774,11568163,525169120,148997939440.0,0.35,KOSDAQ
418470,91585,8565789,862730700,80689732380.0,1.07,KOSDAQ
043610,93400,58115438,111799800,69564179286.0,0.16,KOSDAQ
122450,0,44819834,0,125271436030.0,0.0,KOSDAQ
052900,756832,76668090,756075168,76591421910.0,0.99,KOSDAQ
036560,0,15750000,0,197977500000.0,0.0,KOSDAQ
061970,361171,58083006,1654163180,266020167480.0,0.62,KOSDAQ
309960,26426,23217239,115349490,101343248235.0,0.11,KOSDAQ
073490,16877,7603846,502934600,226594610800.0,0.22,KOSDAQ
225190,1157192,70468440,974355664,59334426480.0,1.64,KOSDAQ
091970,0,7534780,0,30628880700.0,0.0,KOSDAQ
060370,609099,52238854,18638429400,1598508932400.0,1.17,KOSDAQ
417200,113779,67652659,1256120160,746885355360.0,0.17,KOSDAQ
078020,50466,55481190,331561620,364511418300.0,0.09,KOSDAQ
322180,87318,21496106,361496520,88993878840.0,0.41,KOSDAQ
476080,35446,8077000,147632590,33640705000.0,0.44,KOSDAQ
086960,203937,42528670,386664552,80634358320.0,0.48,KOSDAQ
123010,0,20215767,0,40835849340.0,0.0,KOSDAQ
160550,0,27906106,0,28045636530.0,0.0,KOSDAQ
053290,69793,16526307,125069056,29615142144.0,0.42,KOSDAQ
060250,237908,40160611,3656645960,617268591070.0,0.59,KOSDAQ
104200,0,14827550,0,38774043250.0,0.0,KOSDAQ
054050,0,16030561,0,107725369920.0,0.0,KOSDAQ
063570,0,34147728,0,111663070560.0,0.0,KOSDAQ
024940,0,10000000,0,19140000000.0,0.0,KOSDAQ
332570,1068652,46711563,9265212840,404989251210.0,2.29,KOSDAQ
218410,0,26575442,0,1227785420400.0,0.0,KOSDAQ
327260,6646,17988839,227625500,616117735750.0,0.04,KOSDAQ
474610,37333,14415220,251624420,97158582800.0,0.26,KOSDAQ
091340,0,11703721,0,25163000150.0,0.0,KOSDAQ
419530,238347,10207337,4862278800,208229674800.0,2.34,KOSDAQ
019550,0,81033287,0,83464285610.0,0.0,KOSDAQ
246960,0,34017047,0,68884520175.0,0.0,KOSDAQ
099220,593520,62944350,303288720,32164562850.0,0.94,KOSDAQ
056190,94758,35908760,2226813000,843855860000.0,0.26,KOSDAQ
222080,522783,77780144,4114302210,612129733280.0,0.67,KOSDAQ
036540,3571957,164460303,19252848230,886441033170.0,2.17,KOSDAQ
255220,374843,109563302,448312228,131037709192.0,0.34,KOSDAQ
040610,0,17043598,0,54028205660.0,0.0,KOSDAQ
184230,69009,18887979,128356740,35131640940.0,0.37,KOSDAQ
016250,0,5036986,0,56514982920.0,0.0,KOSDAQ
357880,697654,54182120,1192988340,92651425200.0,1.29,KOSDAQ
048550,676525,96714620,864598950,123601284360.0,0.7,KOSDAQ
063440,108837,45319364,111775599,46542986828.0,0.24,KOSDAQ
067160,121881,11494767,4661948250,439674837750.0,1.06,KOSDAQ
289080,163919,60138233,430287375,157862861625.0,0.27,KOSDAQ
041930,31995,15200000,150856425,71668000000.0,0.21,KOSDAQ
089230,574023,39421354,1351824165,92837288670.0,1.46,KOSDAQ
032540,0,20897413,0,64677493235.0,0.0,KOSDAQ
048770,98516,15697991,282248340,44974744215.0,0.63,KOSDAQ
246690,55809,23778174,103246650,43989621900.0,0.23,KOSDAQ
317240,0,29176711,0,34516049113.0,0.0,KOSDAQ
057030,58930,16312697,129646000,35887933400.0,0.36,KOSDAQ
040300,0,47676980,0,94781836240.0,0.0,KOSDAQ
051390,0,11355368,0,44853703600.0,0.0,KOSDAQ
052220,0,23000000,0,41308000000.0,0.0,KOSDAQ
079940,3869,13420684,175652600,609299053600.0,0.03,KOSDAQ
078890,81204,18424943,340244760,77200511170.0,0.44,KOSDAQ
399720,355424,11858844,15603113600,520603251600.0,3.0,KOSDAQ
036620,262554,89862944,1009520130,345523019680.0,0.29,KOSDAQ
198440,464134,60931896,582488170,76469529480.0,0.76,KOSDAQ
217730,1331847,94054149,3056588865,215854271955.0,1.42,KOSDAQ
114190,433712,26123038,3699563360,222829514140.0,1.66,KOSDAQ
094480,235489,39229838,1403514440,233809834480.0,0.6,KOSDAQ
039240,0,26979604,0,51504064036.0,0.0,KOSDAQ
053950,0,19619649,0,32078126115.0,0.0,KOSDAQ
011040,0,30768766,0,156920706600.0,0.0,KOSDAQ
024910,234995,35819005,395966575,60355023425.0,0.66,KOSDAQ
049720,11977,14300000,110667480,132132000000.0,0.08,KOSDAQ
014570,0,11000000,0,37620000000.0,0.0,KOSDAQ
348150,137766,19418889,426385770,60101461455.0,0.71,KOSDAQ
950190,0,13017059,0,112727730940.0,0.0,KOSDAQ
098460,568701,68204213,15497102250,1858564804250.0,0.83,KOSDAQ
035290,0,4767648,0,11776090560.0,0.0,KOSDAQ
215000,88746,6275415,3088360800,218384442000.0,1.41,KOSDAQ
121440,16095,42836818,121356300,322989607720.0,0.04,KOSDAQ
029480,316363,59719132,502384444,94833981616.0,0.53,KOSDAQ
026910,81120,7928326,281892000,27550932850.0,1.02,KOSDAQ
465320,0,3810000,0,8115300000.0,0.0,KOSDAQ
482520,0,6100000,0,12535500000.0,0.0,KOSDAQ
489210,0,5180000,0,10567200000.0,0.0,KOSDAQ
0041B0,0,5040000,0,10105200000.0,0.0,KOSDAQ
0098T0,0,5400000,0,10794600000.0,0.0,KOSDAQ
0132G0,0,5970000,0,11916120000.0,0.0,KOSDAQ
053270,0,27410405,0,53888856230.0,0.0,KOSDAQ
066620,0,7500000,0,190125000000.0,0.0,KOSDAQ
043650,0,17858304,0,64557768960.0,0.0,KOSDAQ
006050,0,34895243,0,17098669070.0,0.0,KOSDAQ
060480,0,11090000,0,15082400000.0,0.0,KOSDAQ
078130,346075,112740587,1214723250,395719460370.0,0.31,KOSDAQ
307750,322713,53986288,693832950,116070519200.0,0.6,KOSDAQ
035080,8500,11431284,100640000,135346402560.0,0.07,KOSDAQ
318060,185194,11187177,3524241820,212891978310.0,1.66,KOSDAQ
453450,86777,7942750,1175828350,107624262500.0,1.09,KOSDAQ
204020,0,19450832,0,35614473392.0,0.0,KOSDAQ
0015G0,100804,11702541,1408231880,163484497770.0,0.86,KOSDAQ
402490,64423,16935217,403287980,106014458420.0,0.38,KOSDAQ
114450,273644,20000000,596543920,43600000000.0,1.37,KOSDAQ
186230,0,10920188,0,37620047660.0,0.0,KOSDAQ
900070,0,26871984,0,27543783600.0,0.0,KOSDAQ
204620,256883,70283330,1289552660,352822316600.0,0.37,KOSDAQ
019660,0,13944333,0,19940396190.0,0.0,KOSDAQ
053260,45629,18720000,240921120,98841600000.0,0.24,KOSDAQ
282720,53416,12119500,379787760,86169645000.0,0.44,KOSDAQ
036190,5411,6000000,185056200,205200000000.0,0.09,KOSDAQ
049080,144399,8488334,1082992500,63662505000.0,1.7,KOSDAQ
420770,23433,12675758,2451091800,1325884286800.0,0.18,KOSDAQ
282620,0,5860707,0,91485636270.0,0.0,KOSDAQ
035460,0,14920340,0,34540587100.0,0.0,KOSDAQ
407400,0,14634534,0,27937325406.0,0.0,KOSDAQ
187790,102735,30840830,300499875,90209427750.0,0.33,KOSDAQ
121600,153802,12262191,7582438600,604526016300.0,1.25,KOSDAQ
286750,80688,32028857,114980400,45641121225.0,0.25,KOSDAQ
247660,0,4343920,0,11641705600.0,0.0,KOSDAQ
039860,299256,38093053,1140165360,145134531930.0,0.79,KOSDAQ
417010,128996,20172728,641110120,100258458160.0,0.64,KOSDAQ
405920,0,12878076,0,22304827632.0,0.0,KOSDAQ
478340,85887,11570133,829668420,111767484780.0,0.74,KOSDAQ
051490,0,14200000,0,38056000000.0,0.0,KOSDAQ
137080,20996,10709949,135004280,68864972070.0,0.2,KOSDAQ
190510,88710,14085317,1166536500,185221918550.0,0.63,KOSDAQ
242040,102703,34606264,328649600,110740044800.0,0.3,KOSDAQ
293580,202894,94929950,294196300,137648427500.0,0.21,KOSDAQ
459510,225556,12978382,3344995480,192469405060.0,1.74,KOSDAQ
138610,43155,11367793,720256950,189728465170.0,0.38,KOSDAQ
130580,0,15400000,0,86240000000.0,0.0,KOSDAQ
036800,90126,45500000,662426100,334425000000.0,0.2,KOSDAQ
366030,124897,22653850,603876995,109531364750.0,0.55,KOSDAQ
267320,776900,57415295,1600414000,118275507700.0,1.35,KOSDAQ
111710,40066,20588000,124204600,63822800000.0,0.19,KOSDAQ
091590,172177,11740000,1091602180,74431600000.0,1.47,KOSDAQ
168330,0,31754900,0,68431809500.0,0.0,KOSDAQ
094860,0,53110014,0,70848758676.0,0.0,KOSDAQ
0218L0,8604,5276175,119939760,73549879500.0,0.16,KOSDAQ
253590,74819,43869164,754923710,442639864760.0,0.17,KOSDAQ
212560,159248,13486348,1488968800,126097353800.0,1.18,KOSDAQ
095660,0,21636459,0,394865376750.0,0.0,KOSDAQ
042420,13825,8142283,325578750,191750764650.0,0.17,KOSDAQ
950220,64000,34211840,195200000,104346112000.0,0.19,KOSDAQ
311390,0,12653789,0,31571203555.0,0.0,KOSDAQ
085910,116829,13794818,1938193110,228856030620.0,0.85,KOSDAQ
092730,19279,16027989,452092550,375856342050.0,0.12,KOSDAQ
153460,0,6530014,0,38200581900.0,0.0,KOSDAQ
007390,3145353,64435056,74230330800,1520667321600.0,4.88,KOSDAQ
033640,57669,23059202,1105514730,442044902340.0,0.25,KOSDAQ
330860,72817,12184045,1816784150,303991922750.0,0.6,KOSDAQ
351320,103000,29698642,162225000,46775361150.0,0.35,KOSDAQ
089140,0,15316234,0,32164091400.0,0.0,KOSDAQ
389650,55390,8277286,1841717500,275219759500.0,0.67,KOSDAQ
137940,0,9812067,0,18652739367.0,0.0,KOSDAQ
396270,108190,32887431,210321360,63933165864.0,0.33,KOSDAQ
348210,107514,10477005,3580216200,348884266500.0,1.03,KOSDAQ
225570,1242459,65860174,11542444110,611841016460.0,1.89,KOSDAQ
205500,1724778,81385045,2885553594,136157180285.0,2.12,KOSDAQ
217270,0,46735643,0,114034968920.0,0.0,KOSDAQ
104620,99801,16810552,311878125,52532975000.0,0.59,KOSDAQ
473980,240116,10882752,2754130520,124825165440.0,2.21,KOSDAQ
194700,0,18254848,0,203176458240.0,0.0,KOSDAQ
285490,0,10575831,0,124160255940.0,0.0,KOSDAQ
145170,44936,16908405,124697400,46920823875.0,0.27,KOSDAQ
376930,0,51291323,0,17131301882.0,0.0,KOSDAQ
486990,294151,21392430,5380021790,391267544700.0,1.38,KOSDAQ
142280,105715,23963031,334059400,75723177960.0,0.44,KOSDAQ
234690,78369,17963290,674757090,154663926900.0,0.44,KOSDAQ
069140,65316,15095804,127039620,29361338780.0,0.43,KOSDAQ
040160,41740,12055535,266718600,77034868650.0,0.35,KOSDAQ
332290,0,39696247,0,35607533559.0,0.0,KOSDAQ
348340,373117,15605616,7141459380,298691490240.0,2.39,KOSDAQ
380550,27178,12198866,208727040,93687290880.0,0.22,KOSDAQ
060260,0,13342356,0,14503140972.0,0.0,KOSDAQ
463020,126525,8987200,1074197250,76301328000.0,1.41,KOSDAQ
123840,0,15553050,0,26922329550.0,0.0,KOSDAQ
012340,0,22044793,0,12631666389.0,0.0,KOSDAQ
462310,0,7898605,0,31436447900.0,0.0,KOSDAQ
270870,0,8994846,0,36069332460.0,0.0,KOSDAQ
144960,87152,43692624,835787680,419012264160.0,0.2,KOSDAQ
085670,127218,24500761,363843480,70072176460.0,0.52,KOSDAQ
417030,0,5777556,0,165526979400.0,0.0,KOSDAQ
064260,4732880,75645457,24847620000,397138649250.0,6.26,KOSDAQ
340360,0,52062772,0,46856494800.0,0.0,KOSDAQ
039560,261009,42888468,601625745,98857918740.0,0.61,KOSDAQ
208860,0,33949973,0,43082515737.0,0.0,KOSDAQ
154040,0,21615614,0,23063860138.0,0.0,KOSDAQ
032190,49090,38300000,961182200,749914000000.0,0.13,KOSDAQ
323350,19004,8010772,155452720,65528114960.0,0.24,KOSDAQ
068240,1271273,38163437,3216320690,96553495610.0,3.33,KOSDAQ
290660,669637,42837888,1392844960,89102807040.0,1.56,KOSDAQ
464580,0,18406089,0,30167579871.0,0.0,KOSDAQ
020400,0,6073532,0,16762948320.0,0.0,KOSDAQ
008830,58249,19181916,336679220,110871474480.0,0.3,KOSDAQ
048470,0,9650000,0,26344500000.0,0.0,KOSDAQ
004780,0,15903199,0,65203115900.0,0.0,KOSDAQ
017650,0,8785000,0,93999500000.0,0.0,KOSDAQ
389260,179240,17916325,2285310000,228433143750.0,1.0,KOSDAQ
317850,32105,8324420,168551250,43703205000.0,0.39,KOSDAQ
290670,0,7857660,0,39288300000.0,0.0,KOSDAQ
078140,61632,11086579,488125440,87805705680.0,0.56,KOSDAQ
065150,0,15938240,0,24210186560.0,0.0,KOSDAQ
036480,0,3800000,0,23560000000.0,0.0,KOSDAQ
027830,0,54000000,0,51408000000.0,0.0,KOSDAQ
129920,0,16248696,0,95217358560.0,0.0,KOSDAQ
471050,0,6060000,0,12786600000.0,0.0,KOSDAQ
482690,0,5615000,0,11594975000.0,0.0,KOSDAQ
0134X0,0,6740000,0,13345200000.0,0.0,KOSDAQ
020180,0,7685783,0,30896847660.0,0.0,KOSDAQ
045390,2283975,70473377,6714886500,207191728380.0,3.24,KOSDAQ
108380,21742,9567333,378745640,166662940860.0,0.23,KOSDAQ
007680,0,13222738,0,43635035400.0,0.0,KOSDAQ
048910,73820,12578946,407486400,69435781920.0,0.59,KOSDAQ
005710,34575,20037600,378596250,219411720000.0,0.17,KOSDAQ
120240,0,7190391,0,107136825900.0,0.0,KOSDAQ
003310,0,35392350,0,57583353450.0,0.0,KOSDAQ
078600,65079,15704138,5700920400,1375682488800.0,0.41,KOSDAQ
393970,102420,17850820,289336500,50428566500.0,0.57,KOSDAQ
096350,173311,36854762,328424345,69839773990.0,0.47,KOSDAQ
140520,0,21109243,0,42324032215.0,0.0,KOSDAQ
131220,0,7454490,0,27246160950.0,0.0,KOSDAQ
010170,1561636,155485660,20535513400,2044636429000.0,1.0,KOSDAQ
054670,108387,14354920,615638160,81535945600.0,0.76,KOSDAQ
023910,0,6000000,0,159000000000.0,0.0,KOSDAQ
021040,0,21704774,0,20988516458.0,0.0,KOSDAQ
021045,0,848492,0,2244261340.0,0.0,KOSDAQ
067080,232381,18616650,2486476700,199198155000.0,1.25,KOSDAQ
298540,87669,14486386,582998850,96334466900.0,0.61,KOSDAQ
032860,0,40395863,0,27873145470.0,0.0,KOSDAQ
393890,310028,33843144,2793352280,304926727440.0,0.92,KOSDAQ
299170,214993,41511288,264871376,51141906816.0,0.52,KOSDAQ
462860,190625,71756523,538515625,202712177475.0,0.27,KOSDAQ
224060,0,5160722,0,15327344340.0,0.0,KOSDAQ
403850,29379,14351010,336977130,164606084700.0,0.2,KOSDAQ
213420,280925,24831179,8905322500,787148374300.0,1.13,KOSDAQ
317330,122449,20476584,1253877760,209680220160.0,0.6,KOSDAQ
077360,388391,45437002,3670294950,429379668900.0,0.85,KOSDAQ
090410,0,46084095,0,37742873805.0,0.0,KOSDAQ
0001A0,42841,25468962,363291680,215976797760.0,0.17,KOSDAQ
263600,0,15930310,0,55676433450.0,0.0,KOSDAQ
194480,296534,12129150,4436148640,181452084000.0,2.44,KOSDAQ
373160,35000,13807469,100450000,39627436030.0,0.25,KOSDAQ
263800,74864,16225380,371325440,80477884800.0,0.46,KOSDAQ
206560,162996,25411736,136264656,21244211296.0,0.64,KOSDAQ
261200,166487,15809700,412887760,39208056000.0,1.05,KOSDAQ
484120,37835,10957422,707136150,204794217180.0,0.35,KOSDAQ
067990,0,29181550,0,106804473000.0,0.0,KOSDAQ
006620,55201,28464992,204519705,105462795360.0,0.19,KOSDAQ
100130,78398,57143000,104974922,76514477000.0,0.14,KOSDAQ
005160,0,54244482,0,134255092950.0,0.0,KOSDAQ
303810,69836,31984140,156432640,71644473600.0,0.22,KOSDAQ
075970,0,18400000,0,29182400000.0,0.0,KOSDAQ
086450,151728,45230420,2914694880,868876368200.0,0.34,KOSDAQ
240550,42597,20933940,245358720,120579494400.0,0.2,KOSDAQ
099410,51585,14000000,162750675,44170000000.0,0.37,KOSDAQ
033500,46619,29989494,796252520,512220557520.0,0.16,KOSDAQ
025950,36382,8400000,366366740,84588000000.0,0.43,KOSDAQ
088130,157644,17485314,819748800,90923632800.0,0.9,KOSDAQ
060380,0,19700000,0,25610000000.0,0.0,KOSDAQ
079960,7090,7551658,132724800,141367037760.0,0.09,KOSDAQ
228340,165235,20000000,483312375,58500000000.0,0.83,KOSDAQ
088910,103347,25721764,214961760,53501269120.0,0.4,KOSDAQ
094170,51262,20909936,1732655600,706755836800.0,0.25,KOSDAQ
013120,163905,90808100,354854325,196599536500.0,0.18,KOSDAQ
109860,0,9100000,0,66066000000.0,0.0,KOSDAQ
032960,0,17592975,0,36329493375.0,0.0,KOSDAQ
023790,83364,13069808,115125684,18049404848.0,0.64,KOSDAQ
005290,105722,50970126,4440324000,2140745292000.0,0.21,KOSDAQ
025900,664985,50557285,4821141250,366540316250.0,1.32,KOSDAQ
131970,37541,19327238,2819329100,1451475573800.0,0.19,KOSDAQ
073190,0,11968040,0,19412160880.0,0.0,KOSDAQ
176750,16452,28488720,102660480,177769612800.0,0.06,KOSDAQ
030350,0,15592079,0,15171092867.0,0.0,KOSDAQ
203650,595208,101704484,1202320160,205443057680.0,0.59,KOSDAQ
223250,57733,24600444,193982880,82657491840.0,0.23,KOSDAQ
060570,0,74101573,0,53945945144.0,0.0,KOSDAQ
362990,0,16800574,0,20631104872.0,0.0,KOSDAQ
016670,0,10194234,0,23548680540.0,0.0,KOSDAQ
187870,21695,13770060,235173800,149267450400.0,0.16,KOSDAQ
489730,0,6332000,0,12885620000.0,0.0,KOSDAQ
0004Y0,0,5315000,0,10619370000.0,0.0,KOSDAQ
110990,17884,18900000,279884600,295785000000.0,0.09,KOSDAQ
263690,0,11325610,0,57081074400.0,0.0,KOSDAQ
214680,240008,83477056,230407680,80137973760.0,0.29,KOSDAQ
347850,940624,45837609,53897755200,2626494995700.0,2.05,KOSDAQ
263720,0,12412591,0,89991284750.0,0.0,KOSDAQ
376300,46689,23738406,854875590,434650213860.0,0.2,KOSDAQ
104040,43600,26813565,114668000,70519675950.0,0.16,KOSDAQ
109740,179001,25710390,739274130,106183910700.0,0.7,KOSDAQ
031860,0,2700542,0,18714756060.0,0.0,KOSDAQ
196490,0,11351645,0,69131518050.0,0.0,KOSDAQ
066900,0,22744503,0,38097042525.0,0.0,KOSDAQ
092070,18300,11571858,236070000,149276968200.0,0.16,KOSDAQ
039840,160541,13415828,1828561990,152806280920.0,1.2,KOSDAQ
219550,0,38673256,0,42927314160.0,0.0,KOSDAQ
310870,0,21922602,0,28872066834.0,0.0,KOSDAQ
104460,0,10518101,0,79622024570.0,0.0,KOSDAQ
113810,0,6525610,0,16281396950.0,0.0,KOSDAQ
043360,0,9000000,0,19710000000.0,0.0,KOSDAQ
197140,0,13013154,0,29865188430.0,0.0,KOSDAQ
068930,0,27675342,0,230535598860.0,0.0,KOSDAQ
033130,0,37115267,0,70667468368.0,0.0,KOSDAQ
105740,0,10168513,0,71484646390.0,0.0,KOSDAQ
263020,0,13836146,0,42892052600.0,0.0,KOSDAQ
290550,44323,20001230,714486760,322419827600.0,0.22,KOSDAQ
066670,37000,18691918,116550000,58879541700.0,0.2,KOSDAQ
187220,82063,11524933,163469496,22957666536.0,0.71,KOSDAQ
383930,0,12784128,0,20365115904.0,0.0,KOSDAQ
131180,55679,5870000,206847485,21807050000.0,0.95,KOSDAQ
483350,59000,21878960,205615000,76248175600.0,0.27,KOSDAQ
315640,86877,29372232,148820301,50314633416.0,0.3,KOSDAQ
900110,0,18437131,0,21866437366.0,0.0,KOSDAQ
317120,0,15260000,0,21165620000.0,0.0,KOSDAQ
462510,0,8802965,0,26100791225.0,0.0,KOSDAQ
232680,66561,13257500,613026810,122101575000.0,0.5,KOSDAQ
042510,110822,11105828,857762280,85959108720.0,1.0,KOSDAQ
418420,143069,30774558,527924610,113558119020.0,0.46,KOSDAQ
300120,0,9900803,0,20148134105.0,0.0,KOSDAQ
171120,0,35901760,0,72342046400.0,0.0,KOSDAQ
388790,122999,30614160,492610995,122609710800.0,0.4,KOSDAQ
214260,32999,8922463,278841550,75394812350.0,0.37,KOSDAQ
171010,0,14298752,0,37534224000.0,0.0,KOSDAQ
084650,2187641,74239990,1341023933,45509113870.0,2.95,KOSDAQ
217500,76974,31812000,121541946,50231148000.0,0.24,KOSDAQ
038390,23997,16720822,239010120,166539387120.0,0.14,KOSDAQ
387690,21733,7625791,260144010,91280718270.0,0.28,KOSDAQ
294140,69136,24914818,152790560,55061747780.0,0.28,KOSDAQ
365660,140189,13455559,694636495,66672294845.0,1.04,KOSDAQ
443250,0,10809817,0,64858902000.0,0.0,KOSDAQ
228670,176274,15640021,805572180,71474895970.0,1.13,KOSDAQ
228850,38896,16591014,283551840,120948492060.0,0.23,KOSDAQ
412350,166240,14603043,673272000,59142324150.0,1.14,KOSDAQ
199550,0,14845791,0,42904335990.0,0.0,KOSDAQ
281740,157971,65730548,1883014320,783508132160.0,0.24,KOSDAQ
277810,698271,19399858,310381459500,8623236881000.0,3.6,KOSDAQ
215100,171390,20348454,688130850,81699042810.0,0.84,KOSDAQ
090360,455891,9750000,35559498000,760500000000.0,4.68,KOSDAQ
108490,629288,14661028,155748780000,3628604430000.0,4.29,KOSDAQ
900260,0,46029706,0,76363282254.0,0.0,KOSDAQ
033290,0,56156301,0,85357577520.0,0.0,KOSDAQ
067730,0,9673922,0,21379367620.0,0.0,KOSDAQ
071280,0,15296603,0,99733851560.0,0.0,KOSDAQ
376900,400513,17409290,10693697100,464828043000.0,2.3,KOSDAQ
214610,0,8383322,0,19197807380.0,0.0,KOSDAQ
328130,1434467,74458180,13283164420,689482746800.0,1.93,KOSDAQ
038060,208000,48103069,172432000,39877444201.0,0.43,KOSDAQ
474170,193291,17817696,1179075100,108687945600.0,1.08,KOSDAQ
195990,126700,16287874,177380000,22803023600.0,0.78,KOSDAQ
141080,20361,37019418,2095146900,3809298112200.0,0.06,KOSDAQ
058470,275602,76211850,17803889200,4923285510000.0,0.36,KOSDAQ
016100,0,19100894,0,21010983400.0,0.0,KOSDAQ
012700,64500,26194852,194145000,78846504520.0,0.25,KOSDAQ
302550,189937,30907150,522326750,84994662500.0,0.61,KOSDAQ
491000,199429,25255271,6989986450,885197248550.0,0.79,KOSDAQ
394420,16527,10999701,195514410,130126462830.0,0.15,KOSDAQ
073570,0,12037328,0,18754157024.0,0.0,KOSDAQ
377450,0,17330000,0,288024600000.0,0.0,KOSDAQ
277070,0,13692000,0,49291200000.0,0.0,KOSDAQ
042500,0,22291144,0,95406096320.0,0.0,KOSDAQ
193250,0,13368933,0,31082769225.0,0.0,KOSDAQ
474650,39627,5752032,988693650,143513198400.0,0.69,KOSDAQ
219420,50622,11469507,168571260,38193458310.0,0.44,KOSDAQ
439090,308481,16393260,5296618770,281472274200.0,1.88,KOSDAQ
195500,0,15978000,0,26827062000.0,0.0,KOSDAQ
377480,142265,7110275,1490937200,74515682000.0,2.0,KOSDAQ
305090,0,18749834,0,29399739712.0,0.0,KOSDAQ
098120,18059,8312766,701592150,322950959100.0,0.22,KOSDAQ
424980,22361,5918890,162117250,42911952500.0,0.38,KOSDAQ
038290,37759,10841400,471609910,135409086000.0,0.35,KOSDAQ
477850,91815,17754736,2456051250,474939188000.0,0.52,KOSDAQ
0039P0,88838,18807400,644075500,136353650000.0,0.47,KOSDAQ
267980,11920,7663638,409452000,263245965300.0,0.16,KOSDAQ
005990,0,13298304,0,139898158080.0,0.0,KOSDAQ
093520,56331,11901837,1416724650,299331200550.0,0.47,KOSDAQ
100590,0,17139545,0,60588291575.0,0.0,KOSDAQ
067280,7295,5926779,173985750,141353679150.0,0.12,KOSDAQ
072870,0,11920959,0,156999030030.0,0.0,KOSDAQ
215200,3415,10365216,124476750,377812123200.0,0.03,KOSDAQ
133750,0,23407077,0,34502031498.0,0.0,KOSDAQ
446540,76832,29079111,545507200,206461688100.0,0.26,KOSDAQ
235980,417382,34275121,1091453930,89629441415.0,1.22,KOSDAQ
041920,0,18598223,0,165524184700.0,0.0,KOSDAQ
014100,0,11800000,0,20473000000.0,0.0,KOSDAQ
054180,0,5527981,0,12686716395.0,0.0,KOSDAQ
086900,108444,7298497,7309125600,491918697800.0,1.49,KOSDAQ
078160,118696,39204603,1044524800,345000506400.0,0.3,KOSDAQ
0088D0,0,5795000,0,11937700000.0,0.0,KOSDAQ
0165X0,0,7240000,0,14103520000.0,0.0,KOSDAQ
408920,0,43232455,0,134885259600.0,0.0,KOSDAQ
021880,0,21218440,0,26671579080.0,0.0,KOSDAQ
0088M0,22001,9881750,288653120,129648560000.0,0.22,KOSDAQ
140410,222070,30605994,14367929000,1980207811800.0,0.73,KOSDAQ
241770,18100,10192640,641645000,361329088000.0,0.18,KOSDAQ
059210,291360,27171445,1136304000,105968635500.0,1.07,KOSDAQ
058110,97473,16050530,163949586,26996991460.0,0.61,KOSDAQ
072770,267459,41512098,236433756,36696694632.0,0.64,KOSDAQ
434480,63153,12310300,160408620,31268162000.0,0.51,KOSDAQ
080420,0,79721622,0,131540676300.0,0.0,KOSDAQ
417970,31752,6396700,323870400,65246340000.0,0.5,KOSDAQ
080160,142804,18900000,1283807960,169911000000.0,0.76,KOSDAQ
087260,0,32552861,0,8040556667.0,0.0,KOSDAQ
101330,146919,23147029,493647840,77774017440.0,0.63,KOSDAQ
012860,210916,73233457,485106800,168436951100.0,0.29,KOSDAQ
363260,138853,32163769,127189348,29462012404.0,0.43,KOSDAQ
348030,0,9603800,0,32364806000.0,0.0,KOSDAQ
250060,316530,32171314,876788100,89114539780.0,0.98,KOSDAQ
288980,0,36381379,0,10077641983.0,0.0,KOSDAQ
142760,0,42166980,0,14716276020.0,0.0,KOSDAQ
033200,0,9204529,0,23425526305.0,0.0,KOSDAQ
118990,201075,24537371,1113955500,135937035340.0,0.82,KOSDAQ
463480,27934,12390358,112434350,49871190950.0,0.23,KOSDAQ
006920,60005,10920000,189015750,34398000000.0,0.55,KOSDAQ
001810,0,22137500,0,26144387500.0,0.0,KOSDAQ
279600,0,4684781,0,17450809225.0,0.0,KOSDAQ
095500,665102,31009999,4582552780,213658893110.0,2.14,KOSDAQ
254490,36649,14438000,556331820,219168840000.0,0.25,KOSDAQ
218150,49450,20415802,101372500,41852394100.0,0.24,KOSDAQ
100790,271709,53120578,4314738920,843554778640.0,0.51,KOSDAQ
0097F0,0,6500000,0,12857000000.0,0.0,KOSDAQ
0099W0,0,7000000,0,13839000000.0,0.0,KOSDAQ
477380,0,8100000,0,16767000000.0,0.0,KOSDAQ
477470,0,5480000,0,11343600000.0,0.0,KOSDAQ
478440,0,6930000,0,14275800000.0,0.0,KOSDAQ
482680,0,8215000,0,16881825000.0,0.0,KOSDAQ
0093G0,0,6400000,0,12646400000.0,0.0,KOSDAQ
0096D0,0,5500000,0,10868000000.0,0.0,KOSDAQ
049950,15316,8817884,165412800,95233147200.0,0.17,KOSDAQ
207760,0,83079783,0,31902636672.0,0.0,KOSDAQ
059090,383081,33416778,6627301300,578110259400.0,1.15,KOSDAQ
201490,465457,32723726,1170624355,82300170890.0,1.42,KOSDAQ
475460,29406,5646525,179376600,34443802500.0,0.52,KOSDAQ
452200,0,24332800,0,36499200000.0,0.0,KOSDAQ
206640,10027,21907921,103378370,225870665510.0,0.05,KOSDAQ
035620,0,18609918,0,13287481452.0,0.0,KOSDAQ
053030,381143,32684188,2713738160,232711418560.0,1.17,KOSDAQ
301300,0,13154712,0,25717461960.0,0.0,KOSDAQ
064550,361110,25810291,3235545600,231260207360.0,1.4,KOSDAQ
314930,50083,29764103,372617520,221444926320.0,0.17,KOSDAQ
489460,90474,14753287,962643360,156974973680.0,0.61,KOSDAQ
086820,70914,25924085,504907680,184579485200.0,0.27,KOSDAQ
038460,176983,25274542,476969185,68114890690.0,0.7,KOSDAQ
251120,0,8695700,0,77652601000.0,0.0,KOSDAQ
199730,0,4864367,0,7680835493.0,0.0,KOSDAQ
086040,55300,15958247,131614000,37980627860.0,0.35,KOSDAQ
188040,0,4679308,0,23583712320.0,0.0,KOSDAQ
099430,197403,61640722,672157215,209886658410.0,0.32,KOSDAQ
308080,150523,20499260,856475870,116640789400.0,0.73,KOSDAQ
043150,39250,14854256,761450000,288172566400.0,0.26,KOSDAQ
323990,521570,23257345,2081064300,92796806550.0,2.24,KOSDAQ
267790,0,7689309,0,24644235345.0,0.0,KOSDAQ
046310,0,16418641,0,38501713145.0,0.0,KOSDAQ
331520,0,9801186,0,24306941280.0,0.0,KOSDAQ
199480,43389,10196588,163142640,38339170880.0,0.43,KOSDAQ
438700,0,11144890,0,19180355690.0,0.0,KOSDAQ
066410,0,138453818,0,159637252154.0,0.0,KOSDAQ
382900,101979,8761000,1647980640,141577760000.0,1.16,KOSDAQ
206400,0,37510158,0,36422363418.0,0.0,KOSDAQ
019010,196058,48200000,860694620,211598000000.0,0.41,KOSDAQ
177350,0,9915851,0,15458811709.0,0.0,KOSDAQ
457600,23878,13707500,111510260,64014025000.0,0.17,KOSDAQ
424760,0,10054368,0,20561182560.0,0.0,KOSDAQ
250000,0,6750733,0,39221758730.0,0.0,KOSDAQ
310210,180311,18443093,30220123600,3091062386800.0,0.98,KOSDAQ
006910,482486,49129824,3203707040,326222031360.0,0.98,KOSDAQ
0010F0,48989,11143601,110715140,25184538260.0,0.44,KOSDAQ
226340,0,8390484,0,42204134520.0,0.0,KOSDAQ
014470,0,60052260,0,55848601800.0,0.0,KOSDAQ
008470,0,16809600,0,28576320000.0,0.0,KOSDAQ
338220,83045,14001823,606228500,102213307900.0,0.59,KOSDAQ
100120,22746,8971411,602769000,237742391500.0,0.25,KOSDAQ
406820,60363,14136157,112818447,26420477433.0,0.43,KOSDAQ
099390,38995,8208283,152665425,32135427945.0,0.48,KOSDAQ
064480,49028,11952500,144387460,35200112500.0,0.41,KOSDAQ
365900,0,7310300,0,18677816500.0,0.0,KOSDAQ
089970,229935,26326765,13451197500,1540115752500.0,0.87,KOSDAQ
251630,0,15942886,0,55720386570.0,0.0,KOSDAQ
018290,218586,34941838,2738882580,437821230140.0,0.63,KOSDAQ
478560,0,25830298,0,72453985890.0,0.0,KOSDAQ
439580,58369,33846547,102204119,59265303797.0,0.17,KOSDAQ
033560,83752,17100000,384840440,78574500000.0,0.49,KOSDAQ
369370,0,9974382,0,37104701040.0,0.0,KOSDAQ
126340,59333,7180414,3761712200,455238247600.0,0.83,KOSDAQ
121800,192167,77201611,637994440,256309348520.0,0.25,KOSDAQ
082800,859237,60719666,2491787300,176087031400.0,1.42,KOSDAQ
318410,17696,5555243,115908800,36386841650.0,0.32,KOSDAQ
419540,0,5958253,0,19006827070.0,0.0,KOSDAQ
146320,58569,12797923,575733270,125803583090.0,0.46,KOSDAQ
200780,0,10665661,0,32210296220.0,0.0,KOSDAQ
413640,0,7206940,0,41223696800.0,0.0,KOSDAQ
141000,0,12114710,0,104186506000.0,0.0,KOSDAQ
083650,4078,30944375,227552400,1726696125000.0,0.01,KOSDAQ
0068Y0,0,4310000,0,8555350000.0,0.0,KOSDAQ
065170,301471,27913793,599927290,55548448070.0,1.08,KOSDAQ
086670,15652,9925885,236501720,149980122350.0,0.16,KOSDAQ
488900,175309,28976443,1628620610,269191155470.0,0.61,KOSDAQ
082920,0,45139477,0,1381267996200.0,0.0,KOSDAQ
054220,0,12590616,0,19452501720.0,0.0,KOSDAQ
042370,50815,26200025,408552600,210648201000.0,0.19,KOSDAQ
050090,0,23534735,0,16215432415.0,0.0,KOSDAQ
148780,31944,6289145,105894360,20848515675.0,0.51,KOSDAQ
307870,1284306,74299285,1271462940,73556292150.0,1.73,KOSDAQ
377030,82039,14291702,134954155,23509849790.0,0.57,KOSDAQ
032850,114723,16623293,457744770,66326939070.0,0.69,KOSDAQ
049470,0,23544899,0,50621532850.0,0.0,KOSDAQ
238200,38700,8180000,107199000,22658600000.0,0.47,KOSDAQ
093190,0,19238905,0,159298133400.0,0.0,KOSDAQ
065450,175767,29495803,508845465,85390349685.0,0.6,KOSDAQ
044480,0,33250916,0,27265751120.0,0.0,KOSDAQ
069540,1544708,112691897,4332905940,316100771085.0,1.37,KOSDAQ
072950,52676,8052610,449853040,68769289400.0,0.65,KOSDAQ
451250,59962,10225877,443718800,75671489800.0,0.59,KOSDAQ
143240,0,10732731,0,187178828640.0,0.0,KOSDAQ
466410,0,5037023,0,42814695500.0,0.0,KOSDAQ
223310,0,5204642,0,15613926000.0,0.0,KOSDAQ
452430,14164,8255421,369680400,215466488100.0,0.17,KOSDAQ
419120,0,14223089,0,33282028260.0,0.0,KOSDAQ
122350,993821,38339428,1470855080,56742353440.0,2.59,KOSDAQ
419050,625720,57196240,984257560,89969685520.0,1.09,KOSDAQ
014970,0,14825000,0,64414625000.0,0.0,KOSDAQ
018310,0,14700000,0,198303000000.0,0.0,KOSDAQ
012210,76398,23051579,555413460,167584979330.0,0.33,KOSDAQ
053700,100768,26715757,409118080,108465973420.0,0.38,KOSDAQ
009620,148512,17473048,134254848,15795635392.0,0.85,KOSDAQ
023600,76133,16008300,701946260,147596526000.0,0.48,KOSDAQ
0044K0,0,7520000,0,14927200000.0,0.0,KOSDAQ
0071M0,0,5760000,0,11393280000.0,0.0,KOSDAQ
0096B0,0,6580000,0,13008660000.0,0.0,KOSDAQ
0115H0,0,7350000,0,14575050000.0,0.0,KOSDAQ
009300,15020,6370000,209829400,88988900000.0,0.24,KOSDAQ
482630,74625,21888280,981318750,287830882000.0,0.34,KOSDAQ
484590,274019,41210450,1660555140,249735327000.0,0.66,KOSDAQ
036670,53904,10760200,276527520,55199826000.0,0.5,KOSDAQ
361670,0,5667658,0,20686951700.0,0.0,KOSDAQ
054540,87350,13000000,536329000,79820000000.0,0.67,KOSDAQ
065570,0,16093838,0,12295692232.0,0.0,KOSDAQ
014950,89110,10067588,431292400,48727125920.0,0.89,KOSDAQ
032280,0,16213590,0,21985628040.0,0.0,KOSDAQ
002290,0,12400000,0,40920000000.0,0.0,KOSDAQ
037460,71648,16318522,2271241600,517297147400.0,0.44,KOSDAQ
032750,0,9031122,0,26009631360.0,0.0,KOSDAQ
0013V0,29892,9918656,153644880,50981891840.0,0.3,KOSDAQ
054090,155716,24959232,152601680,24460047360.0,0.62,KOSDAQ
000250,211095,23457472,35907259500,3990115987200.0,0.9,KOSDAQ
024950,29048,12400000,132168400,56420000000.0,0.23,KOSDAQ
038500,257816,107916306,1887213120,789947359920.0,0.24,KOSDAQ
437730,469716,31707567,15101369400,1019398279050.0,1.48,KOSDAQ
017480,0,15442890,0,74511944250.0,0.0,KOSDAQ
046390,64612,17269173,141500280,37819488870.0,0.37,KOSDAQ
027580,0,11836255,0,18961680510.0,0.0,KOSDAQ
038540,275333,55328313,550390667,110601297687.0,0.5,KOSDAQ
091580,0,13328219,0,251103645960.0,0.0,KOSDAQ
263810,54338,15924825,137475140,40289807250.0,0.34,KOSDAQ
089980,108152,15989037,1554144240,229762461690.0,0.68,KOSDAQ
042940,34564,6828712,203927600,40289400800.0,0.51,KOSDAQ
042600,56502,12423574,688194360,151319131320.0,0.45,KOSDAQ
107600,34338,5650054,566577000,93225891000.0,0.61,KOSDAQ
411080,68460,15267638,274866900,61299566570.0,0.45,KOSDAQ
252990,113870,60217889,1517887100,802704460370.0,0.19,KOSDAQ
378800,245217,46243031,113780688,21456766384.0,0.53,KOSDAQ
294630,261227,26499179,675271795,68500377715.0,0.99,KOSDAQ
038070,37825,9300676,167564750,41201994680.0,0.41,KOSDAQ
006730,671336,64276923,6834200480,654339076140.0,1.04,KOSDAQ
079650,106505,20000000,506431275,95100000000.0,0.53,KOSDAQ
100660,0,12600000,0,38871000000.0,0.0,KOSDAQ
019770,32000,11650000,105280000,38328500000.0,0.27,KOSDAQ
092190,110476,45868383,983236400,408228608700.0,0.24,KOSDAQ
046890,354264,58305400,3347794800,550986030000.0,0.61,KOSDAQ
063170,73396,17774267,400742160,97047497820.0,0.41,KOSDAQ
027040,0,13917769,0,26081899106.0,0.0,KOSDAQ
018680,0,11659319,0,23050473663.0,0.0,KOSDAQ
036120,0,35145000,0,55247940000.0,0.0,KOSDAQ
093920,0,18600000,0,89745000000.0,0.0,KOSDAQ
189860,58369,9698780,233476000,38795120000.0,0.6,KOSDAQ
178320,616122,63650737,23505054300,2428275616550.0,0.97,KOSDAQ
122690,0,23079166,0,40065432176.0,0.0,KOSDAQ
140070,0,36988000,0,67651052000.0,0.0,KOSDAQ
011370,208922,100894865,163585926,79000679295.0,0.21,KOSDAQ
065710,20781,5150000,906051600,224540000000.0,0.4,KOSDAQ
035890,1042468,207588536,2241306200,446315352400.0,0.5,KOSDAQ
357550,0,5455000,0,180560500000.0,0.0,KOSDAQ
003100,0,6600000,0,137940000000.0,0.0,KOSDAQ
067370,32295,12213841,193770000,73283046000.0,0.26,KOSDAQ
171090,187514,10127626,12000896000,648168064000.0,1.85,KOSDAQ
086710,29526,12203280,235026960,97138108800.0,0.24,KOSDAQ
014620,225760,26557364,5463392000,642688208800.0,0.85,KOSDAQ
037350,110976,15210000,796807680,109207800000.0,0.73,KOSDAQ
458650,43045,15045670,328002900,114648005400.0,0.29,KOSDAQ
081580,54600,15508143,123942000,35203484610.0,0.35,KOSDAQ
045300,59380,10547012,151122100,26842145540.0,0.56,KOSDAQ
015750,1230372,80000000,7357624560,478400000000.0,1.54,KOSDAQ
340930,1089223,68875785,877913738,55513882710.0,1.58,KOSDAQ
365340,12411,12921115,446796000,465160140000.0,0.1,KOSDAQ
080470,0,7300000,0,20476500000.0,0.0,KOSDAQ
043260,262768,73433552,4714057920,1317397922880.0,0.36,KOSDAQ
148150,131419,35542818,446167505,120667867110.0,0.37,KOSDAQ
061090,38294,5467550,1581542200,225809815000.0,0.7,KOSDAQ
188260,0,13901318,0,27469004368.0,0.0,KOSDAQ
053060,0,17657419,0,23925802745.0,0.0,KOSDAQ
340440,0,28378364,0,21312151364.0,0.0,KOSDAQ
017510,139812,15246000,989868960,107941680000.0,0.92,KOSDAQ
0017J0,67371,30136623,178533150,79862050950.0,0.22,KOSDAQ
490470,209267,34025440,2975776740,483841756800.0,0.62,KOSDAQ
011560,50189,10084872,1089101300,218841722400.0,0.5,KOSDAQ
396300,268125,26489500,1158300000,114434640000.0,1.01,KOSDAQ
100700,209430,43800000,489019050,102273000000.0,0.48,KOSDAQ
024830,0,8350000,0,75651000000.0,0.0,KOSDAQ
258830,0,75786351,0,31223976612.0,0.0,KOSDAQ
036630,0,14000000,0,116480000000.0,0.0,KOSDAQ
039310,0,18121667,0,25660280472.0,0.0,KOSDAQ
067770,0,8396593,0,21117431395.0,0.0,KOSDAQ
053450,115158,14792803,348928740,44822193090.0,0.78,KOSDAQ
252500,218000,41486390,108782000,20701708610.0,0.53,KOSDAQ
321370,1043781,51664906,1372572015,67939351390.0,2.02,KOSDAQ
347000,279306,37810846,515040264,69723200024.0,0.74,KOSDAQ
331920,47861,11181555,425962900,99515839500.0,0.43,KOSDAQ
352770,0,2592407,0,13610136750.0,0.0,KOSDAQ
471820,30000,11302879,123150000,46398318295.0,0.27,KOSDAQ
049180,541162,83226192,546032458,83975227728.0,0.65,KOSDAQ
299660,610770,29502977,1395609450,67414302445.0,2.07,KOSDAQ
108860,1347745,26914790,12668803000,252999026000.0,5.01,KOSDAQ
208370,95647,25740564,234813385,63193084620.0,0.37,KOSDAQ
318160,0,9337513,0,59479957810.0,0.0,KOSDAQ
308430,30571,12905251,397423000,167768263000.0,0.24,KOSDAQ
068760,86550,44402332,3704340000,1900419809600.0,0.19,KOSDAQ
068940,0,45912716,0,35720093048.0,0.0,KOSDAQ
007720,0,20160090,0,29756292840.0,0.0,KOSDAQ
950200,0,19236053,0,73385542195.0,0.0,KOSDAQ
032680,161137,20855881,157269712,20355339856.0,0.77,KOSDAQ
032685,0,71362,0,641544380.0,0.0,KOSDAQ
258790,0,4998256,0,22017317680.0,0.0,KOSDAQ
066910,68119,15386632,129971052,29357693856.0,0.44,KOSDAQ
215090,0,23155661,0,28921420589.0,0.0,KOSDAQ
035610,32981,27345997,161936710,134268845270.0,0.12,KOSDAQ
357780,36382,7778566,12006060000,2566926780000.0,0.47,KOSDAQ
036830,53645,20503981,2392567000,914477552600.0,0.26,KOSDAQ
304100,378048,12593855,6653644800,221651848000.0,3.0,KOSDAQ
328380,41512,6852555,162934600,26896278375.0,0.61,KOSDAQ
086980,242863,62438000,476982932,122628232000.0,0.39,KOSDAQ
050960,0,6751000,0,60488960000.0,0.0,KOSDAQ
084180,0,18074283,0,11115684045.0,0.0,KOSDAQ
253840,160566,16743200,775533780,80869656000.0,0.96,KOSDAQ
298830,140472,53458499,582958800,221852770850.0,0.26,KOSDAQ
236200,8539,6974311,485015200,396140864800.0,0.12,KOSDAQ
094840,47809,9806109,619126550,126989111550.0,0.49,KOSDAQ
192440,17037,6216363,505147050,184315162950.0,0.27,KOSDAQ
424960,73156,16485110,280919040,63302822400.0,0.44,KOSDAQ
099440,418014,68243394,1659515580,270926274180.0,0.61,KOSDAQ
066590,236537,38677937,620909625,101529584625.0,0.61,KOSDAQ
276040,0,21630335,0,7073119545.0,0.0,KOSDAQ
115570,0,7984508,0,19641889680.0,0.0,KOSDAQ
330730,0,18217830,0,88174297200.0,0.0,KOSDAQ
352090,63527,26872998,228697200,96742792800.0,0.24,KOSDAQ
253450,425249,30058498,9121591050,644754782100.0,1.41,KOSDAQ
408900,0,32752929,0,31246294266.0,0.0,KOSDAQ
415380,0,11442975,0,22062055800.0,0.0,KOSDAQ
475040,380282,53770438,1137043180,160773609620.0,0.71,KOSDAQ
013810,86419,14655470,135850668,23038398840.0,0.59,KOSDAQ
347700,434828,51551362,10022785400,1188258894100.0,0.84,KOSDAQ
049830,27239,6132112,173784820,39122874560.0,0.44,KOSDAQ
020710,29270,20047970,102737700,70368374700.0,0.15,KOSDAQ
033170,0,85728319,0,29147628460.0,0.0,KOSDAQ
048870,0,88106963,0,146257558580.0,0.0,KOSDAQ
025320,4981635,92162453,19478192850,360355191230.0,5.41,KOSDAQ
340810,30566,13644976,108814960,48576114560.0,0.22,KOSDAQ
269620,0,148582691,0,148582691.0,0.0,KOSDAQ
056090,507403,103259036,547487837,111416499844.0,0.49,KOSDAQ
429270,0,6449231,0,21088985370.0,0.0,KOSDAQ
418250,0,7271605,0,47629012750.0,0.0,KOSDAQ
131090,24502,7658221,100090670,31283832785.0,0.32,KOSDAQ
290520,0,15736164,0,24391054200.0,0.0,KOSDAQ
001000,0,24277540,0,11216223480.0,0.0,KOSDAQ
025870,0,4000000,0,10140000000.0,0.0,KOSDAQ
215600,1046331,138553564,2385634680,315902125920.0,0.76,KOSDAQ
065350,694250,27483948,20376237500,806653873800.0,2.53,KOSDAQ
416180,39544,9039778,895671600,204750971700.0,0.44,KOSDAQ
162300,0,41471382,0,64363584864.0,0.0,KOSDAQ
002800,35602,15170500,155936760,66446790000.0,0.23,KOSDAQ
472220,0,4690000,0,9895900000.0,0.0,KOSDAQ
0091W0,0,6068000,0,12196680000.0,0.0,KOSDAQ
017000,0,11668027,0,27478203585.0,0.0,KOSDAQ
012790,39410,11986415,234489500,71319169250.0,0.33,KOSDAQ
138070,123456,17503204,187653120,26604870080.0,0.71,KOSDAQ
226330,0,24258475,0,27412076750.0,0.0,KOSDAQ
474660,0,5520000,0,11509200000.0,0.0,KOSDAQ
474930,0,3620000,0,7547700000.0,0.0,KOSDAQ
487360,0,5640000,0,11421000000.0,0.0,KOSDAQ
487830,0,4350000,0,8830500000.0,0.0,KOSDAQ
496070,0,5620000,0,11240000000.0,0.0,KOSDAQ
0130D0,0,5340000,0,10525140000.0,0.0,KOSDAQ
0129K0,0,5620000,0,11082640000.0,0.0,KOSDAQ
056700,0,29135091,0,41138748492.0,0.0,KOSDAQ
187270,0,10143845,0,31192323375.0,0.0,KOSDAQ
095190,410958,65260462,752464098,119491905922.0,0.63,KOSDAQ
243840,0,38558235,0,195104669100.0,0.0,KOSDAQ
257720,2426791,65576252,120004814950,3242745661400.0,3.7,KOSDAQ
222800,766556,37463931,80641691200,3941205541200.0,2.05,KOSDAQ
036710,182984,52827754,728276320,210254460920.0,0.35,KOSDAQ
444530,0,6431786,0,27849633380.0,0.0,KOSDAQ
234030,96920,23605000,289790800,70578950000.0,0.41,KOSDAQ
160980,145792,10924243,3673958400,275290923600.0,1.33,KOSDAQ
356890,155982,11953825,347839860,26657029750.0,1.3,KOSDAQ
217330,101662,23129547,327351640,74477141340.0,0.44,KOSDAQ
208640,0,13924025,0,9705045425.0,0.0,KOSDAQ
222420,257501,48418523,233038405,43818763315.0,0.53,KOSDAQ
037760,0,33832921,0,81029845795.0,0.0,KOSDAQ
081180,39140,8825535,196482800,44304185700.0,0.44,KOSDAQ
099320,86521,10951278,6151643100,778635865800.0,0.79,KOSDAQ
049960,32035,9400000,487893050,143162000000.0,0.34,KOSDAQ
088280,0,17306490,0,39545329650.0,0.0,KOSDAQ
050890,63190,60756534,572501400,550454198040.0,0.1,KOSDAQ
394800,0,31822553,0,173114688320.0,0.0,KOSDAQ
177900,64872,9627600,247811040,36777432000.0,0.67,KOSDAQ
475400,90156,11806894,1627315800,213114436700.0,0.76,KOSDAQ
109670,0,5836602,0,23579872080.0,0.0,KOSDAQ
066790,0,44152039,0,97355245995.0,0.0,KOSDAQ
352480,140652,13629901,3080278800,298494831900.0,1.03,KOSDAQ
264660,62131,9721172,823235750,128805529000.0,0.64,KOSDAQ
352700,0,26276899,0,34527845286.0,0.0,KOSDAQ
458870,46448,38059740,977730400,801157527000.0,0.12,KOSDAQ
297090,71642,27270000,270090340,102807900000.0,0.26,KOSDAQ
900120,0,16669660,0,17336446400.0,0.0,KOSDAQ
359090,0,11494143,0,22241166705.0,0.0,KOSDAQ
115530,0,8582055,0,26218178025.0,0.0,KOSDAQ
388210,9363,9654438,655410000,675810660000.0,0.1,KOSDAQ
115480,0,12124911,0,28432916295.0,0.0,KOSDAQ
376290,42300,17657500,126054000,52619350000.0,0.24,KOSDAQ
189330,80413,9382284,1214236300,141672488400.0,0.86,KOSDAQ
096530,18788,52225994,604034200,1679065707100.0,0.04,KOSDAQ
101240,0,11357052,0,38784332580.0,0.0,KOSDAQ
060590,0,24181020,0,72905775300.0,0.0,KOSDAQ
260930,67309,19341591,172647585,49611180915.0,0.35,KOSDAQ
413630,61762,36436605,202270550,119329881375.0,0.17,KOSDAQ
013990,269084,32887536,1138225320,139114277280.0,0.82,KOSDAQ
175140,107095,24944253,246318500,57371781900.0,0.43,KOSDAQ
123860,36998,12123415,490963460,160877717050.0,0.31,KOSDAQ
025980,3018687,97300990,15395303700,496235049000.0,3.1,KOSDAQ
0015N0,0,12576922,0,111934605800.0,0.0,KOSDAQ
261780,643573,28955976,1502742955,67612203960.0,2.22,KOSDAQ
290690,28142,52959427,109894510,206806562435.0,0.05,KOSDAQ
125210,27498,16496790,152063940,91227248700.0,0.17,KOSDAQ
357580,0,11789762,0,61306762400.0,0.0,KOSDAQ
052710,158854,14612546,1788696040,164537267960.0,1.09,KOSDAQ
074430,256000,88140322,314112000,108148175094.0,0.29,KOSDAQ
092040,529044,70655387,529044000,70655387000.0,0.75,KOSDAQ
083930,88086,14677249,1001537820,166880321130.0,0.6,KOSDAQ
149950,31266,13667703,265761000,116175475500.0,0.23,KOSDAQ
036010,53044,13292934,350090400,87733364400.0,0.4,KOSDAQ
050860,0,22500000,0,36675000000.0,0.0,KOSDAQ
136410,0,11019106,0,46059863080.0,0.0,KOSDAQ
246720,0,16381300,0,99434491000.0,0.0,KOSDAQ
450950,205125,37627592,1105623750,202812720880.0,0.55,KOSDAQ
067390,0,421157579,0,213105734974.0,0.0,KOSDAQ
159010,37367,13334739,746966330,266561432610.0,0.28,KOSDAQ
127710,0,44049210,0,44621849730.0,0.0,KOSDAQ
154030,0,12061867,0,19564348274.0,0.0,KOSDAQ
227610,0,19374571,0,24605705170.0,0.0,KOSDAQ
331740,49266,9750991,300029940,59383535190.0,0.51,KOSDAQ
143160,0,10716390,0,172426715100.0,0.0,KOSDAQ
054800,34550,10347756,513067500,153664176600.0,0.33,KOSDAQ
332370,45000,13273726,236250000,69687061500.0,0.34,KOSDAQ
066430,516774,39153476,1061970570,80460393180.0,1.32,KOSDAQ
339950,0,44946655,0,114164503700.0,0.0,KOSDAQ
469750,118307,34456481,113811334,33147134722.0,0.34,KOSDAQ
460470,0,15119370,0,43392591900.0,0.0,KOSDAQ
099190,58479,28757309,1050282840,516481269640.0,0.2,KOSDAQ
461300,6422,13333933,118614340,246277742510.0,0.05,KOSDAQ
289010,0,13945256,0,12467058864.0,0.0,KOSDAQ
214430,25554,7307215,1523018400,435510014000.0,0.35,KOSDAQ
040910,63606,18174275,278912310,79694195875.0,0.35,KOSDAQ
368600,0,25795415,0,18237358405.0,0.0,KOSDAQ
456010,111739,14502350,1812406580,235228117000.0,0.77,KOSDAQ
052860,60848,17866854,333447040,97910359920.0,0.34,KOSDAQ
464500,0,13993263,0,23900493204.0,0.0,KOSDAQ
212710,30094,9714978,238645420,77039775540.0,0.31,KOSDAQ
038880,0,7514423,0,23557716105.0,0.0,KOSDAQ
307180,447333,36915676,2701891320,222970683040.0,1.21,KOSDAQ
493280,8179,14836549,122930370,222993331470.0,0.06,KOSDAQ
461030,39716,14334517,118750840,42860205830.0,0.28,KOSDAQ
451220,35494,7874611,302763820,67170431830.0,0.45,KOSDAQ
078860,0,6177188,0,16678407600.0,0.0,KOSDAQ
090150,0,4187529,0,23785164720.0,0.0,KOSDAQ
031310,0,29746651,0,28080838544.0,0.0,KOSDAQ
462980,0,18234437,0,26476402524.0,0.0,KOSDAQ
185490,376063,43229784,714519700,82136589600.0,0.87,KOSDAQ
059100,0,7070860,0,43344371800.0,0.0,KOSDAQ
262840,0,10566952,0,28847778960.0,0.0,KOSDAQ
175250,150717,37558368,327055890,81501658560.0,0.4,KOSDAQ
052460,17700,14607936,111864000,92322155520.0,0.12,KOSDAQ
119830,166590,26538536,1199448000,191077459200.0,0.63,KOSDAQ
052770,0,14568774,0,4545457488.0,0.0,KOSDAQ
124500,254931,23204527,9661884900,879451573300.0,1.1,KOSDAQ
010280,39583,13024757,219685650,72287401350.0,0.3,KOSDAQ
232830,0,16533726,0,31877023728.0,0.0,KOSDAQ
372800,0,7037189,0,20618963770.0,0.0,KOSDAQ
084850,201142,22682934,1703672740,192124450980.0,0.89,KOSDAQ
309710,40482,12783001,850122000,268443021000.0,0.32,KOSDAQ
114840,65861,16681385,591431780,149798837300.0,0.39,KOSDAQ
027360,578484,121145406,1923459300,402808474950.0,0.48,KOSDAQ
032080,0,21491029,0,22501107363.0,0.0,KOSDAQ
013310,354806,38806582,856856490,93717895530.0,0.91,KOSDAQ
059120,386028,18310066,2451277800,116268919100.0,2.11,KOSDAQ
0007C0,31940,8030324,484210400,121739711840.0,0.4,KOSDAQ
158430,81817,24482092,368176500,110169414000.0,0.33,KOSDAQ
297570,0,34621218,0,30085838442.0,0.0,KOSDAQ
200350,0,9996025,0,23390698500.0,0.0,KOSDAQ
321820,0,15591376,0,36171992320.0,0.0,KOSDAQ
001540,0,13042420,0,139814742400.0,0.0,KOSDAQ
053800,28690,11126506,1632461000,633098191400.0,0.26,KOSDAQ
065660,29977,10006100,449355230,149991439000.0,0.3,KOSDAQ
260660,0,15327021,0,36248404665.0,0.0,KOSDAQ
354320,20881,6391381,632694300,193658844300.0,0.33,KOSDAQ
361570,0,28743291,0,48259985589.0,0.0,KOSDAQ
131370,155727,53267083,229074417,78355879093.0,0.29,KOSDAQ
140670,111387,12839840,1064859720,122748870400.0,0.87,KOSDAQ
096610,0,17386411,0,51550708615.0,0.0,KOSDAQ
061040,0,9048223,0,56551393750.0,0.0,KOSDAQ
148250,72123,13610704,100178847,18905267856.0,0.53,KOSDAQ
476830,135537,28055436,4242308100,878135146800.0,0.48,KOSDAQ
347860,871043,42153647,1147163631,55516353099.0,2.07,KOSDAQ
196170,1291935,53586343,414065167500,17174422931500.0,2.41,KOSDAQ
123750,0,13819259,0,23161078084.0,0.0,KOSDAQ
459550,255374,25220761,575868370,56872816055.0,1.01,KOSDAQ
085810,0,14136953,0,24513476502.0,0.0,KOSDAQ
043100,0,20110080,0,10457241600.0,0.0,KOSDAQ
117670,0,6661742,0,55159223760.0,0.0,KOSDAQ
314140,0,8666361,0,50091566580.0,0.0,KOSDAQ
293780,102964,28093405,636317520,173617242900.0,0.37,KOSDAQ
310200,44821,52162836,121913120,141882913920.0,0.09,KOSDAQ
179530,141499,26950299,352332510,67106244510.0,0.53,KOSDAQ
397810,0,5160770,0,37673621000.0,0.0,KOSDAQ
0011A0,0,9333740,0,79336790000.0,0.0,KOSDAQ
052790,0,10924547,0,42332619625.0,0.0,KOSDAQ
290740,0,10065011,0,75386932390.0,0.0,KOSDAQ
238090,0,30490440,0,54882792000.0,0.0,KOSDAQ
138360,450418,87973934,763458510,149115818130.0,0.51,KOSDAQ
092600,0,5016703,0,9235750223.0,0.0,KOSDAQ
129890,118500,45545602,119329500,45864421214.0,0.26,KOSDAQ
174900,31741,19952129,956991150,601556689350.0,0.16,KOSDAQ
109960,0,15132233,0,28872300564.0,0.0,KOSDAQ
270520,289456,23158914,1060856240,84877419810.0,1.25,KOSDAQ
255440,23096,13058000,164443520,92972960000.0,0.18,KOSDAQ
030960,33805,15980000,152291525,71989900000.0,0.21,KOSDAQ
102120,50346,17780753,352422000,124465271000.0,0.28,KOSDAQ
238120,0,14218274,0,43010278850.0,0.0,KOSDAQ
019990,88850,9756088,415818000,45658491840.0,0.91,KOSDAQ
435570,0,7616983,0,53395050830.0,0.0,KOSDAQ
270660,278499,12690583,3804296340,173353363780.0,2.19,KOSDAQ
038680,110549,19912642,464858545,83732659610.0,0.56,KOSDAQ
217480,0,109733141,0,54756837359.0,0.0,KOSDAQ
121890,0,13291446,0,32298213780.0,0.0,KOSDAQ
304360,34438,12385128,661553980,237918308880.0,0.28,KOSDAQ
389500,49597,6663472,1812770350,243549901600.0,0.74,KOSDAQ
042110,360890,48329564,370994920,49682791792.0,0.75,KOSDAQ
065420,0,77482810,0,7283384140.0,0.0,KOSDAQ
103230,0,7200000,0,16704000000.0,0.0,KOSDAQ
260970,15524,2892754,839848400,156497991400.0,0.54,KOSDAQ
101490,45151,21334879,1846675900,872596551100.0,0.21,KOSDAQ
095910,256685,37296909,161198180,23422458852.0,0.69,KOSDAQ
275630,0,5253808,0,21015232000.0,0.0,KOSDAQ
031330,521206,99995067,4060194740,778961571930.0,0.52,KOSDAQ
060540,0,26132934,0,30601665714.0,0.0,KOSDAQ
0008Z0,64061,9436564,1447778600,213266346400.0,0.68,KOSDAQ
246250,52028,15348206,102443132,30220617614.0,0.34,KOSDAQ
041510,359399,22894690,25840788100,1646128211000.0,1.57,KOSDAQ
460870,103300,20073304,284075000,55201586000.0,0.51,KOSDAQ
464080,306049,17947045,2895223540,169779045700.0,1.71,KOSDAQ
109610,343956,48907400,607082340,86321561000.0,0.7,KOSDAQ
365330,356563,50171000,510954779,71895043000.0,0.71,KOSDAQ
306040,0,9287044,0,16252327000.0,0.0,KOSDAQ
398120,0,11841511,0,21646282108.0,0.0,KOSDAQ
472230,0,4155000,0,8725500000.0,0.0,KOSDAQ
473000,0,3310000,0,6851700000.0,0.0,KOSDAQ
473950,0,4420000,0,9038900000.0,0.0,KOSDAQ
475660,0,7929835,0,26564947250.0,0.0,KOSDAQ
096630,65820,15876323,121240440,29244186966.0,0.41,KOSDAQ
069510,0,10910000,0,136593200000.0,0.0,KOSDAQ
488280,122550,10825486,1187509500,104898959340.0,1.13,KOSDAQ
234300,0,27207780,0,73461006000.0,0.0,KOSDAQ
039440,65356,15507047,1261370800,299286007100.0,0.42,KOSDAQ
098660,0,12500976,0,20789123088.0,0.0,KOSDAQ
052020,31300,67983291,250400000,543866328000.0,0.05,KOSDAQ
237690,10568,20876638,1164593600,2300605507600.0,0.05,KOSDAQ
458350,0,8683200,0,30304368000.0,0.0,KOSDAQ
050760,0,16334678,0,18768545022.0,0.0,KOSDAQ
288620,0,6979316,0,25823469200.0,0.0,KOSDAQ
443670,0,24010564,0,69390529960.0,0.0,KOSDAQ
317830,39382,10773818,185686130,50798551870.0,0.37,KOSDAQ
058610,1251645,22177360,117654630000,2084671840000.0,5.64,KOSDAQ
043340,0,47500000,0,41230000000.0,0.0,KOSDAQ
163280,0,13603078,0,42985726480.0,0.0,KOSDAQ
200710,361369,13462007,8853540500,329819171500.0,2.68,KOSDAQ
475580,116215,13624900,857666700,100551762000.0,0.85,KOSDAQ
096690,0,4022842,0,27717381380.0,0.0,KOSDAQ
298380,93059,55987463,7053872200,4243849695400.0,0.17,KOSDAQ
203400,0,90101304,0,60908481504.0,0.0,KOSDAQ
003800,0,11090000,0,363752000000.0,0.0,KOSDAQ
088800,391752,75506434,684390744,131909740198.0,0.52,KOSDAQ
241840,0,9539994,0,22418985900.0,0.0,KOSDAQ
364950,0,8296445,0,28166430775.0,0.0,KOSDAQ
453860,0,6444423,0,54133153200.0,0.0,KOSDAQ
312610,0,20256888,0,7110167688.0,0.0,KOSDAQ
172670,49657,8960259,491604300,88706564100.0,0.55,KOSDAQ
481070,0,14330250,0,254505240000.0,0.0,KOSDAQ
060900,31839,4883930,116849130,17924023100.0,0.65,KOSDAQ
445090,164800,10925658,3378400000,223975989000.0,1.51,KOSDAQ
295310,256707,12274440,11526144300,551122356000.0,2.09,KOSDAQ
072990,0,14498206,0,44654474480.0,0.0,KOSDAQ
044990,17704,7685425,197930720,85923051500.0,0.23,KOSDAQ
239610,0,5392115,0,29171342150.0,0.0,KOSDAQ
0156T0,61499,7782161,547956090,69339054510.0,0.79,KOSDAQ
036170,91000,61365626,213850000,144209221100.0,0.15,KOSDAQ
477340,0,7510000,0,15470600000.0,0.0,KOSDAQ
148930,29800,10175213,101916000,34799228460.0,0.29,KOSDAQ
044780,0,18505787,0,24113040461.0,0.0,KOSDAQ
357230,0,41293476,0,88161571260.0,0.0,KOSDAQ
355690,0,9570389,0,41152672700.0,0.0,KOSDAQ
071670,0,10000000,0,48400000000.0,0.0,KOSDAQ
045660,22649,8260000,211315170,77065800000.0,0.27,KOSDAQ
224110,23339,5080386,208650660,45418650840.0,0.46,KOSDAQ
021080,0,48000000,0,104880000000.0,0.0,KOSDAQ
200470,354238,42362093,2090004200,249936348700.0,0.84,KOSDAQ
262260,45077,15077660,148754100,49756278000.0,0.3,KOSDAQ
397030,31872,27509282,635527680,548535083080.0,0.12,KOSDAQ
0009K0,306707,64671161,7959046650,1678216627950.0,0.47,KOSDAQ
230240,24640,13309000,321059200,173416270000.0,0.19,KOSDAQ
159910,0,10467097,0,33285368460.0,0.0,KOSDAQ
097780,0,20293089,0,24087896643.0,0.0,KOSDAQ
038870,150219,14014949,260780184,24329951464.0,1.07,KOSDAQ
448280,70278,29631129,638827020,269346962610.0,0.24,KOSDAQ
101360,31619,17786114,239988210,134996605260.0,0.18,KOSDAQ
128540,0,26690460,0,33549908220.0,0.0,KOSDAQ
086520,9828011,135776152,863882166900,11934723760800.0,7.24,KOSDAQ
247540,3936053,97830434,460518201000,11446160778000.0,4.02,KOSDAQ
383310,253748,20974932,6001140200,496057141800.0,1.21,KOSDAQ
038110,459063,41169370,874515015,78427649850.0,1.12,KOSDAQ
073540,0,11400000,0,25194000000.0,0.0,KOSDAQ
064850,6437,11410332,107176050,189982027800.0,0.06,KOSDAQ
036810,11385,21649789,257301000,489285231400.0,0.05,KOSDAQ
173940,120000,15392808,270000000,34633818000.0,0.78,KOSDAQ
083500,31969,8306377,366684430,95274144190.0,0.38,KOSDAQ
317530,52356,17494882,152355960,50910106620.0,0.3,KOSDAQ
054940,0,6634709,0,21761845520.0,0.0,KOSDAQ
950130,0,35173834,0,84593070770.0,0.0,KOSDAQ
373110,0,17294394,0,20372796132.0,0.0,KOSDAQ
205100,0,67539374,0,91178154900.0,0.0,KOSDAQ
356680,79408,28543492,908427520,326537548480.0,0.28,KOSDAQ
317770,730978,36644144,1849374340,92709684320.0,1.99,KOSDAQ
373200,68629,25043237,129365665,47206501745.0,0.27,KOSDAQ
069920,0,14393455,0,14249520450.0,0.0,KOSDAQ
092870,14824,13050797,302409600,266236258800.0,0.11,KOSDAQ
317870,0,8841895,0,50221963600.0,0.0,KOSDAQ
067570,0,42170000,0,70761260000.0,0.0,KOSDAQ
0004V0,49527,11010384,275865390,61327838880.0,0.45,KOSDAQ
236810,0,16975426,0,25581966982.0,0.0,KOSDAQ
333620,47856,10997910,253636800,58288923000.0,0.44,KOSDAQ
101400,0,11741788,0,21135218400.0,0.0,KOSDAQ
475230,22320,10898683,199764000,97543212850.0,0.2,KOSDAQ
481890,0,6345000,0,13102425000.0,0.0,KOSDAQ
0054V0,0,6216500,0,12408134000.0,0.0,KOSDAQ
0130H0,0,7700000,0,15269100000.0,0.0,KOSDAQ
265740,161730,17863600,1059331500,117006580000.0,0.91,KOSDAQ
354200,0,8936583,0,15022396023.0,0.0,KOSDAQ
455900,345598,15392981,6946519800,309398918100.0,2.25,KOSDAQ
419080,22528,10871817,138321920,66752956380.0,0.21,KOSDAQ
183490,0,84640235,0,83793832650.0,0.0,KOSDAQ
182400,356950,72342431,1310006500,265496721770.0,0.49,KOSDAQ
348370,2078858,21910994,37814427020,398560980860.0,9.49,KOSDAQ
069410,0,10244824,0,28685507200.0,0.0,KOSDAQ
227950,121770,34508209,165485430,46896656031.0,0.35,KOSDAQ
048830,0,18723923,0,19660119150.0,0.0,KOSDAQ
096870,0,8347999,0,19784757630.0,0.0,KOSDAQ
290650,171328,26969704,8669196800,1364667022400.0,0.64,KOSDAQ
156100,85978,22351153,350790240,91192704240.0,0.38,KOSDAQ
0041J0,0,4110000,0,8154240000.0,0.0,KOSDAQ
073110,0,8895755,0,42922017875.0,0.0,KOSDAQ
083310,25472,17810033,232814080,162783701620.0,0.14,KOSDAQ
037950,61411,16889503,179627175,49401796275.0,0.36,KOSDAQ
489500,23924,6391238,478480000,127824760000.0,0.37,KOSDAQ
170920,40644,10564126,1426604400,370800822600.0,0.38,KOSDAQ
058630,55880,18772574,227431600,76404376180.0,0.3,KOSDAQ
226590,55929,10716784,637590600,122171337600.0,0.52,KOSDAQ
058970,20210,12362794,312850800,191376051120.0,0.16,KOSDAQ
169330,80000,18316918,105600000,24178331760.0,0.44,KOSDAQ
373170,63314,15113790,108900080,25995718800.0,0.42,KOSDAQ
179290,83902,32365678,434612360,167654212040.0,0.26,KOSDAQ
009780,0,17600000,0,124080000000.0,0.0,KOSDAQ
123040,451796,62628299,783414264,108597470466.0,0.72,KOSDAQ
432980,0,8591742,0,21651189840.0,0.0,KOSDAQ
007820,425571,20033946,1755480375,82640027250.0,2.12,KOSDAQ
347890,0,17013204,0,75963955860.0,0.0,KOSDAQ
413390,67370,11580180,491801000,84535314000.0,0.58,KOSDAQ
032790,255877,25680106,230289300,23112095400.0,1.0,KOSDAQ
033160,243474,24194466,3432983400,341141970600.0,1.01,KOSDAQ
033310,220900,39972456,298656800,54042760512.0,0.55,KOSDAQ
259630,31811,12222396,291388760,111957147360.0,0.26,KOSDAQ
105550,0,15661410,0,32967268050.0,0.0,KOSDAQ
060850,0,8131000,0,38784870000.0,0.0,KOSDAQ
143540,263486,44599895,292469460,49505883450.0,0.59,KOSDAQ
265560,15996,10690180,110372400,73762242000.0,0.15,KOSDAQ
036000,0,23034277,0,72442801165.0,0.0,KOSDAQ
250930,0,6600088,0,10599741328.0,0.0,KOSDAQ
053280,70238,25000000,223005650,79375000000.0,0.28,KOSDAQ
122640,50753,21651325,1443922850,615980196250.0,0.23,KOSDAQ
476040,22734,6585760,160729380,46561323200.0,0.35,KOSDAQ
900300,29800,20580097,100873000,69663628345.0,0.14,KOSDAQ
045060,0,16941974,0,36001694750.0,0.0,KOSDAQ
192410,25826,25185909,130679560,127440699540.0,0.1,KOSDAQ
080520,0,11322417,0,32778397215.0,0.0,KOSDAQ
039830,232250,10762890,4141017500,191902328700.0,2.16,KOSDAQ
322310,64112,9366542,847560640,123825685240.0,0.68,KOSDAQ
046120,0,33855433,0,141515709940.0,0.0,KOSDAQ
475830,242080,21719590,17550800000,1574670275000.0,1.11,KOSDAQ
014940,257483,45573661,1194721120,211461787040.0,0.56,KOSDAQ
065500,200697,35742912,232206429,41354549184.0,0.56,KOSDAQ
010470,65821,11975050,308042280,56043234000.0,0.55,KOSDAQ
417860,36339,4706906,247105200,32006960800.0,0.77,KOSDAQ
352910,0,12637802,0,43410849870.0,0.0,KOSDAQ
053980,69000,18982783,172845000,47551871415.0,0.36,KOSDAQ
036220,53637,14309416,362586120,96731652160.0,0.37,KOSDAQ
052420,31753,9742009,288952300,88652281900.0,0.33,KOSDAQ
052300,0,16244128,0,21929572800.0,0.0,KOSDAQ
039200,153203,38258176,5860014750,1463375232000.0,0.4,KOSDAQ
226400,101900,20661601,427980000,86778724200.0,0.49,KOSDAQ
031510,0,28000000,0,31500000000.0,0.0,KOSDAQ
342870,0,5450197,0,19239195410.0,0.0,KOSDAQ
368970,0,10196965,0,24472716000.0,0.0,KOSDAQ
138080,104647,12377758,2469669200,292115088800.0,0.85,KOSDAQ
080580,40374,21090955,652847580,341040742350.0,0.19,KOSDAQ
067170,341994,27460845,854985000,68652112500.0,1.25,KOSDAQ
353590,0,12875570,0,21244690500.0,0.0,KOSDAQ
173130,38720,13046473,215283200,72538389880.0,0.3,KOSDAQ
440320,0,9980000,0,24251400000.0,0.0,KOSDAQ
049480,80274,31422383,147623886,57785762337.0,0.26,KOSDAQ
394280,321906,26346530,2893934940,236855304700.0,1.22,KOSDAQ
476060,748537,45407840,10868757240,659321836800.0,1.65,KOSDAQ
382150,45612,13046354,160782300,45988397850.0,0.35,KOSDAQ
244460,0,8125511,0,13415218661.0,0.0,KOSDAQ
226950,674472,21062850,68931038400,2152623270000.0,3.2,KOSDAQ
057540,792315,59394268,496781505,37240206036.0,1.33,KOSDAQ
131030,38879,17646590,221221510,100409097100.0,0.22,KOSDAQ
082210,288606,34963330,475622688,57619567840.0,0.83,KOSDAQ
109080,14566,5636000,121917420,47173320000.0,0.26,KOSDAQ
380540,263347,24456583,2225282150,206658126350.0,1.08,KOSDAQ
153710,30000,14669958,139650000,68288654490.0,0.2,KOSDAQ
432430,0,16508320,0,35327804800.0,0.0,KOSDAQ
338840,77451,15366681,727264890,144293134590.0,0.5,KOSDAQ
122990,0,26639081,0,153707497370.0,0.0,KOSDAQ
232140,63508,82045350,624283640,806505790500.0,0.08,KOSDAQ
112290,43925,20221090,437053750,201199845500.0,0.22,KOSDAQ
065530,0,47838759,0,56688929415.0,0.0,KOSDAQ
067900,0,18199659,0,109925940360.0,0.0,KOSDAQ
007530,0,22254231,0,33492617655.0,0.0,KOSDAQ
155650,129385,18974358,387508075,56828202210.0,0.68,KOSDAQ
273640,0,10966000,0,54117210000.0,0.0,KOSDAQ
251370,14606,18013213,109398940,134918965370.0,0.08,KOSDAQ
209640,183458,28443146,570554380,88458184060.0,0.64,KOSDAQ
096250,39118,11814881,222581420,67226672890.0,0.33,KOSDAQ
273060,0,49144280,0,42460657920.0,0.0,KOSDAQ
019210,67773,37193728,968476170,531498373120.0,0.18,KOSDAQ
122870,118125,18691049,4654125000,736427330600.0,0.63,KOSDAQ
079000,0,7200000,0,28224000000.0,0.0,KOSDAQ
403490,0,45932464,0,23195894320.0,0.0,KOSDAQ
032820,4744662,172784612,55987011600,2038858421600.0,2.75,KOSDAQ
041190,1489491,84000000,8743312170,493080000000.0,1.77,KOSDAQ
115440,23475,10794292,165029250,75883872760.0,0.22,KOSDAQ
046970,603698,43824999,2583827440,187570995720.0,1.38,KOSDAQ
082850,0,48456578,0,43465550466.0,0.0,KOSDAQ
215360,16396,9132163,104278560,58080556680.0,0.18,KOSDAQ
072470,0,18887341,0,45612928515.0,0.0,KOSDAQ
073560,81800,69237643,125481200,106210544362.0,0.12,KOSDAQ
037400,0,26223346,0,16573154672.0,0.0,KOSDAQ
153490,0,10296000,0,17915040000.0,0.0,KOSDAQ
101170,47756,13500000,415477200,117450000000.0,0.35,KOSDAQ
103840,66612,16366428,114639252,28166622588.0,0.41,KOSDAQ
101970,13664,14790009,145248320,157217795670.0,0.09,KOSDAQ
046940,88407,18074350,256822335,52505986750.0,0.49,KOSDAQ
065680,59459,9240471,1287287350,200056197150.0,0.64,KOSDAQ
018620,0,6932982,0,18580391760.0,0.0,KOSDAQ
457550,115628,9318958,1496226320,120587316520.0,1.24,KOSDAQ
396470,126795,16120000,783593100,99621600000.0,0.79,KOSDAQ
307280,0,7094627,0,43915741130.0,0.0,KOSDAQ
032940,0,18193181,0,102609540840.0,0.0,KOSDAQ
240810,1103763,49083901,117440383200,5222527066400.0,2.25,KOSDAQ
074600,9218,26288000,240589800,686116800000.0,0.04,KOSDAQ
104830,0,12608000,0,412912000000.0,0.0,KOSDAQ
014190,88043,35395071,101337493,40739726721.0,0.25,KOSDAQ
217820,344979,47454559,658909890,90638207690.0,0.73,KOSDAQ
030530,1380984,77237981,26583942000,1486831134250.0,1.79,KOSDAQ
012620,0,4400000,0,30800000000.0,0.0,KOSDAQ
136150,15329,8381030,109908930,60091985100.0,0.18,KOSDAQ
382840,214272,15271581,1026362880,73150872990.0,1.4,KOSDAQ
336570,1203508,89280646,5494014020,407566148990.0,1.35,KOSDAQ
376980,104991,9766394,361169040,33596395360.0,1.08,KOSDAQ
008370,40000,12000000,197800000,59340000000.0,0.33,KOSDAQ
008290,0,20346839,0,14141053105.0,0.0,KOSDAQ
101160,144324,16510993,3961693800,453226757850.0,0.87,KOSDAQ
336060,0,9631040,0,26629825600.0,0.0,KOSDAQ
095270,39323,14372406,154539390,56483555580.0,0.27,KOSDAQ
289930,0,13149010,0,85337074900.0,0.0,KOSDAQ
065950,0,28231302,0,31139126106.0,0.0,KOSDAQ
076080,131100,22594156,143685600,24763194976.0,0.58,KOSDAQ
043590,0,13568381,0,20013361975.0,0.0,KOSDAQ
196700,0,14364144,0,18874485216.0,0.0,KOSDAQ
069080,397464,30966575,4300560480,335058341500.0,1.28,KOSDAQ
053580,21312,12954436,147052800,89385608400.0,0.16,KOSDAQ
479960,22685,7126000,132934100,41758360000.0,0.32,KOSDAQ
044340,256839,17873425,896368110,62378253250.0,1.44,KOSDAQ
330350,119045,13199680,1049976900,116421177600.0,0.9,KOSDAQ
348350,27154,9773600,262036100,94315240000.0,0.28,KOSDAQ
112040,1457427,33948483,22677564120,528238395480.0,4.29,KOSDAQ
101730,901258,83803286,3807815050,354068883350.0,1.08,KOSDAQ
123420,116739,10401041,735455700,65526558300.0,1.12,KOSDAQ
065370,0,7383954,0,19198280400.0,0.0,KOSDAQ
038620,0,15145893,0,28550008305.0,0.0,KOSDAQ
036090,130412,42550514,180359796,58847360862.0,0.31,KOSDAQ
459100,0,13466100,0,57769569000.0,0.0,KOSDAQ
136540,52550,12279746,547045500,127832155860.0,0.43,KOSDAQ
097800,63334,27290045,123754636,53324747930.0,0.23,KOSDAQ
192390,0,11967246,0,21768420474.0,0.0,KOSDAQ
335870,0,16750473,0,18258015570.0,0.0,KOSDAQ
900340,0,12582732,0,18244961400.0,0.0,KOSDAQ
036200,233212,30664223,2061594080,271071731320.0,0.76,KOSDAQ
018000,8117585,259498284,7744176090,247561362936.0,3.13,KOSDAQ
203450,0,14079007,0,35549492675.0,0.0,KOSDAQ
011320,0,19320695,0,72839020150.0,0.0,KOSDAQ
086390,55691,21134126,542430340,205846387240.0,0.26,KOSDAQ
241690,82309,24470706,216472670,64357956780.0,0.34,KOSDAQ
142210,111571,20751403,649343220,120773165460.0,0.54,KOSDAQ
389680,0,8320693,0,8046110131.0,0.0,KOSDAQ
088340,16724,4364368,116231800,30332357600.0,0.38,KOSDAQ
048430,18165,11520000,109171650,69235200000.0,0.16,KOSDAQ
206650,246215,36752307,2220859300,331505809140.0,0.67,KOSDAQ
089850,53714,14730199,219958830,60320164905.0,0.36,KOSDAQ
084440,0,19132421,0,20184704155.0,0.0,KOSDAQ
264450,101236,14665493,1046780240,151641197620.0,0.69,KOSDAQ
078070,29346,17058843,262646700,152676644850.0,0.17,KOSDAQ
024800,34549,35225370,151324620,154287120600.0,0.1,KOSDAQ
054930,0,3000000,0,53850000000.0,0.0,KOSDAQ
069330,0,16952574,0,19953179598.0,0.0,KOSDAQ
049520,0,30842625,0,113346646875.0,0.0,KOSDAQ
473050,0,7010000,0,14756050000.0,0.0,KOSDAQ
474490,0,5510000,0,11378150000.0,0.0,KOSDAQ
493790,0,5310000,0,10726200000.0,0.0,KOSDAQ
263770,0,23700172,0,37375171244.0,0.0,KOSDAQ
388720,217737,11781345,14479510500,783459442500.0,1.85,KOSDAQ
023410,598120,77310863,1940899400,250873750435.0,0.77,KOSDAQ
056080,241466,38235486,2851713460,451561089660.0,0.63,KOSDAQ
468760,0,4240000,0,8819200000.0,0.0,KOSDAQ
488060,0,4720000,0,9581600000.0,0.0,KOSDAQ
0105P0,0,5660000,0,11269060000.0,0.0,KOSDAQ
084370,567290,22916042,76981253000,3109706899400.0,2.48,KOSDAQ
240600,0,6928151,0,12034198287.0,0.0,KOSDAQ
179900,99000,19790412,254430000,50861358840.0,0.5,KOSDAQ
263050,114100,36834856,109421900,35324626904.0,0.31,KOSDAQ
191410,0,11204255,0,13915684710.0,0.0,KOSDAQ
372170,39832,7979048,812572800,162772579200.0,0.5,KOSDAQ
146060,0,24015595,0,24832125230.0,0.0,KOSDAQ
039020,37246,22584709,108013400,65495656100.0,0.16,KOSDAQ
067920,0,10996119,0,57399741180.0,0.0,KOSDAQ
044960,0,12641883,0,38241696075.0,0.0,KOSDAQ
303530,0,7339299,0,20329858230.0,0.0,KOSDAQ
302430,0,9833208,0,62047542480.0,0.0,KOSDAQ
462350,482880,33881572,2795875200,196174301880.0,1.43,KOSDAQ
274400,47796,9086493,108018960,20535474180.0,0.53,KOSDAQ
296640,0,5178252,0,33503290440.0,0.0,KOSDAQ
215790,531088,40283149,344676112,26143763701.0,1.32,KOSDAQ
344860,0,14430000,0,18686850000.0,0.0,KOSDAQ
333050,0,4924420,0,24868321000.0,0.0,KOSDAQ
469610,181388,8942900,2793375200,137720660000.0,2.03,KOSDAQ
088390,20395,9385844,152962500,70393830000.0,0.22,KOSDAQ
272290,586111,19937509,11898053300,404731432700.0,2.94,KOSDAQ
053350,44996,22021065,174134520,85221521550.0,0.2,KOSDAQ
452400,0,9071428,0,54791425120.0,0.0,KOSDAQ
264850,421774,30294612,2437853720,175102857360.0,1.39,KOSDAQ
054210,130720,25291210,895432000,173244788500.0,0.52,KOSDAQ
009730,0,7975503,0,16270026120.0,0.0,KOSDAQ
065440,194946,27275020,267270966,37394052420.0,0.71,KOSDAQ
424870,0,91337509,0,272642464365.0,0.0,KOSDAQ
115610,83658,11818769,117121200,16546276600.0,0.71,KOSDAQ
478110,0,5020000,0,10291000000.0,0.0,KOSDAQ
131400,1713907,59591882,1328277925,46183708550.0,2.88,KOSDAQ
351330,0,8288520,0,28636836600.0,0.0,KOSDAQ
080010,0,9835071,0,75730046700.0,0.0,KOSDAQ
086890,0,40774942,0,137615429250.0,0.0,KOSDAQ
047560,53466,11753082,398321700,87560460900.0,0.45,KOSDAQ
239340,0,26979634,0,14595981994.0,0.0,KOSDAQ
067010,0,10888500,0,26459055000.0,0.0,KOSDAQ
456070,0,11029517,0,65074150300.0,0.0,KOSDAQ
102710,13008,14287836,578856000,635808702000.0,0.09,KOSDAQ
041520,38279,12188730,417623890,132979044300.0,0.31,KOSDAQ
063760,0,9325130,0,23779081500.0,0.0,KOSDAQ
123570,0,22276078,0,36488215764.0,0.0,KOSDAQ
083470,0,21340329,0,20166610905.0,0.0,KOSDAQ
091120,30054,17132936,130584630,74442606920.0,0.18,KOSDAQ
039030,22274,12319550,8642312000,4779985400000.0,0.18,KOSDAQ
294090,340151,41809105,506824990,62295566450.0,0.81,KOSDAQ
088290,0,7976072,0,16949153000.0,0.0,KOSDAQ
353810,19537,33081920,123278470,208746915200.0,0.06,KOSDAQ
261520,0,10277800,0,42138980000.0,0.0,KOSDAQ
099750,0,13659173,0,90696908720.0,0.0,KOSDAQ
377330,0,8139954,0,20838282240.0,0.0,KOSDAQ
035810,0,64516185,0,287419604175.0,0.0,KOSDAQ
092130,16203,12043600,228462300,169814760000.0,0.13,KOSDAQ
134060,43000,4769250,233920000,25944720000.0,0.9,KOSDAQ
001840,107603,28256809,238340645,62588831935.0,0.38,KOSDAQ
041830,32653,13480882,2053873700,847947477800.0,0.24,KOSDAQ
352940,0,10867730,0,22007153250.0,0.0,KOSDAQ
079950,0,13799100,0,13122944100.0,0.0,KOSDAQ
0007J0,20309,7865714,161456550,62532426300.0,0.26,KOSDAQ
389470,66348,13307708,1983805200,397900469200.0,0.5,KOSDAQ
277410,0,3841150,0,21472028500.0,0.0,KOSDAQ
060150,429173,45563612,1302540055,138285562420.0,0.94,KOSDAQ
033230,450704,50515380,525971568,58951448460.0,0.89,KOSDAQ
450520,54138,14704578,108276000,29409156000.0,0.37,KOSDAQ
465480,0,10137772,0,33099825580.0,0.0,KOSDAQ
950260,0,49444607,0,749085796050.0,0.0,KOSDAQ
037330,0,43885224,0,32913918000.0,0.0,KOSDAQ
100030,0,3283714,0,65411582880.0,0.0,KOSDAQ
211050,159561,49263657,1673794890,516775761930.0,0.32,KOSDAQ
083640,0,22958343,0,24955718841.0,0.0,KOSDAQ
064090,0,49742745,0,39694710510.0,0.0,KOSDAQ
216050,0,12198622,0,63554820620.0,0.0,KOSDAQ
049070,351352,15742300,6008119200,269193330000.0,2.23,KOSDAQ
119610,23538,11413747,325295160,157737983540.0,0.21,KOSDAQ
017250,0,21045467,0,21466376340.0,0.0,KOSDAQ
051370,0,23327472,0,136465711200.0,0.0,KOSDAQ
064290,124248,12957578,4062909600,423712800600.0,0.96,KOSDAQ
189300,107180,10737497,7009572000,702232303800.0,1.0,KOSDAQ
287840,0,15021960,0,288421632000.0,0.0,KOSDAQ
048530,290363,30891758,827534550,88041510300.0,0.94,KOSDAQ
070590,107700,13879521,207214800,26704198404.0,0.78,KOSDAQ
115310,0,14831549,0,123546803170.0,0.0,KOSDAQ
039290,0,8693978,0,32558947610.0,0.0,KOSDAQ
071200,52878,24396458,497053200,229326705200.0,0.22,KOSDAQ
101930,72537,45694671,493976970,311180709510.0,0.16,KOSDAQ
333430,278995,30726747,1029491550,113381696430.0,0.91,KOSDAQ
068330,100147,44216140,101949646,45012030520.0,0.23,KOSDAQ
178780,0,18639195,0,44081696175.0,0.0,KOSDAQ
019540,36223,13513500,200313190,74729655000.0,0.27,KOSDAQ
094820,168235,15078709,1853949700,166167373180.0,1.12,KOSDAQ
950140,0,19867866,0,161724429240.0,0.0,KOSDAQ
049550,53000,19606277,187355000,69308189195.0,0.27,KOSDAQ
389020,6668,6905082,135693800,140518418700.0,0.1,KOSDAQ
254120,176038,30754270,166884024,29155047960.0,0.57,KOSDAQ
043910,0,11339145,0,37135699875.0,0.0,KOSDAQ
234920,32451,13530910,172314810,71849132100.0,0.24,KOSDAQ
289220,0,22312221,0,23360895387.0,0.0,KOSDAQ
049630,163737,23365139,1131422670,161453110490.0,0.7,KOSDAQ
417840,298447,22869381,3444078380,263912656740.0,1.31,KOSDAQ
110020,0,9058762,0,18072230190.0,0.0,KOSDAQ
208140,159814,32684246,361978710,74029817190.0,0.49,KOSDAQ
040420,0,15677552,0,90929801600.0,0.0,KOSDAQ
045510,0,31479957,0,34155753345.0,0.0,KOSDAQ
217190,69042,13153761,441178380,84052532790.0,0.52,KOSDAQ
095700,676234,45540494,2130137100,143452556100.0,1.48,KOSDAQ
122310,0,14553844,0,47736608320.0,0.0,KOSDAQ
361390,102800,9736381,1222292000,115765570090.0,1.06,KOSDAQ
225220,0,19190021,0,26539799043.0,0.0,KOSDAQ
123330,160732,7968680,4588898600,227505814000.0,2.02,KOSDAQ
381620,128444,13117920,762957360,77920444800.0,0.98,KOSDAQ
159580,123076,20032636,254767320,41467556520.0,0.61,KOSDAQ
147830,0,20000000,0,132000000000.0,0.0,KOSDAQ
033100,1659109,16062409,76982657600,745295777600.0,10.33,KOSDAQ
079370,0,31016990,0,298383443800.0,0.0,KOSDAQ
054950,9474,12089892,230218200,293784375600.0,0.08,KOSDAQ
090470,69902,17476594,302675660,75673652020.0,0.4,KOSDAQ
023440,573813,90142761,298956573,46964378481.0,0.64,KOSDAQ
137950,167877,22267814,607714740,80609486680.0,0.75,KOSDAQ
033320,81610,19114432,244830000,57343296000.0,0.43,KOSDAQ
417500,63319,32784744,225732235,116877612360.0,0.19,KOSDAQ
204270,1167755,57848466,21685210350,1074246013620.0,2.02,KOSDAQ
127120,258421,36635567,8863840300,1256599948100.0,0.71,KOSDAQ
026040,154736,16503790,325719280,34740477950.0,0.94,KOSDAQ
452160,0,9617527,0,29573895525.0,0.0,KOSDAQ
126880,170076,23204903,421788480,57548159440.0,0.73,KOSDAQ
322510,581243,25725892,2833559625,125413723500.0,2.26,KOSDAQ
033050,0,31839328,0,26108248960.0,0.0,KOSDAQ
094970,0,16748240,0,45722695200.0,0.0,KOSDAQ
418550,91264,32017673,395173120,138636524090.0,0.29,KOSDAQ
060230,0,14359271,0,17819855311.0,0.0,KOSDAQ
420570,0,5847483,0,53855318430.0,0.0,KOSDAQ
089790,32995,10315513,131980000,41262052000.0,0.32,KOSDAQ
0010V0,0,5105400,0,45233844000.0,0.0,KOSDAQ
412540,0,20600665,0,81063616775.0,0.0,KOSDAQ
199820,44398,22220000,314337840,157317600000.0,0.2,KOSDAQ
038010,0,9000000,0,49770000000.0,0.0,KOSDAQ
080220,1343024,34442833,97772147200,2507438242400.0,3.9,KOSDAQ
216080,40471,37287099,210449200,193892914800.0,0.11,KOSDAQ
337930,140963,29676475,404563810,85171483250.0,0.47,KOSDAQ
229000,276050,23428165,515109300,43716955890.0,1.18,KOSDAQ
082270,1197516,44269203,12250588680,452873946690.0,2.71,KOSDAQ
153890,62371,12050305,830158010,160389559550.0,0.52,KOSDAQ
034940,0,30979827,0,17038904850.0,0.0,KOSDAQ
067000,200898,69903446,225608454,78501569858.0,0.29,KOSDAQ
309930,0,19255889,0,16560064540.0,0.0,KOSDAQ
018700,0,11706586,0,17220388006.0,0.0,KOSDAQ
033340,654907,96950558,337277105,49929537370.0,0.68,KOSDAQ
036930,2003987,46481121,332661842000,7715866086000.0,4.31,KOSDAQ
072020,53523,9256781,494552520,85532656440.0,0.58,KOSDAQ
000440,0,6227130,0,72795149700.0,0.0,KOSDAQ
051980,1061026,111091709,1024951116,107314590894.0,0.96,KOSDAQ
221800,27629,16318851,109825275,64867432725.0,0.17,KOSDAQ
228760,68871,24859202,842292330,304028040460.0,0.28,KOSDAQ
314130,80896,52299425,342999040,221749562000.0,0.15,KOSDAQ
389030,84480,39392271,171916800,80163271485.0,0.21,KOSDAQ
263860,17164,9079600,238751240,126297236000.0,0.19,KOSDAQ
303030,0,9157476,0,18314952000.0,0.0,KOSDAQ
208350,0,8101570,0,23129982350.0,0.0,KOSDAQ
446840,46400,11016616,159616000,37897159040.0,0.42,KOSDAQ
144510,229702,15800344,3176778660,218518757520.0,1.45,KOSDAQ
340450,67402,23650793,363296780,127477774270.0,0.28,KOSDAQ
306620,245450,47942184,420455850,82124961192.0,0.51,KOSDAQ
358570,1589128,64516006,12967284480,526450608960.0,2.46,KOSDAQ
382480,0,39357140,0,65883852360.0,0.0,KOSDAQ
382800,130688,31831041,673043200,163929861150.0,0.41,KOSDAQ
051160,65260,15474430,578203600,137103449800.0,0.42,KOSDAQ
053050,86434,29987597,152037406,52748183123.0,0.29,KOSDAQ
388610,0,5325383,0,29449367990.0,0.0,KOSDAQ
493330,0,8039513,0,90042545600.0,0.0,KOSDAQ
119850,258637,16448909,12673213000,805996541000.0,1.57,KOSDAQ
065060,0,5990386,0,20457168190.0,0.0,KOSDAQ
204840,24600,15509801,104058000,65606458230.0,0.16,KOSDAQ
311320,13190,12614560,117918600,112774166400.0,0.1,KOSDAQ
456160,230015,16629426,8729069250,631086716700.0,1.38,KOSDAQ
388050,271636,18709437,2338785960,161088252570.0,1.45,KOSDAQ
018120,0,6621120,0,109447113600.0,0.0,KOSDAQ
109820,97169,20393640,155470400,32629824000.0,0.48,KOSDAQ
086060,0,8610587,0,40469758900.0,0.0,KOSDAQ
036890,25146,22032623,307787040,269679305520.0,0.11,KOSDAQ
363250,0,8508382,0,34331321370.0,0.0,KOSDAQ
007370,0,14134587,0,56962385610.0,0.0,KOSDAQ
285800,0,17968911,0,13171211763.0,0.0,KOSDAQ
085660,504238,92972846,4089370180,754009781060.0,0.54,KOSDAQ
351870,0,11160642,0,23325741780.0,0.0,KOSDAQ
094850,0,14000000,0,60760000000.0,0.0,KOSDAQ
004650,11253,9190885,105328080,86026683600.0,0.12,KOSDAQ
0011T0,131919,46949591,614082945,218550346105.0,0.28,KOSDAQ
278280,212397,12253025,7731250800,446010110000.0,1.73,KOSDAQ
362320,178240,20692917,843966400,97980961995.0,0.86,KOSDAQ
013720,57870,12165628,141781500,29805788600.0,0.48,KOSDAQ
066360,0,47952015,0,32127850050.0,0.0,KOSDAQ
047820,142482,24453930,438844560,75318104400.0,0.58,KOSDAQ
291650,86682,30519621,170590176,60062614128.0,0.28,KOSDAQ
094360,251502,21355274,2577895500,218891558500.0,1.18,KOSDAQ
0082N0,18297,13300580,248839200,180887888000.0,0.14,KOSDAQ
016920,0,25698732,0,27677534364.0,0.0,KOSDAQ
284620,0,33086953,0,35965517911.0,0.0,KOSDAQ
293490,2930914,106745265,25381715240,924413994900.0,2.75,KOSDAQ
140430,0,10689507,0,18118714365.0,0.0,KOSDAQ
042000,26515,24178169,441739900,402808295540.0,0.11,KOSDAQ
313760,0,11207186,0,5244963048.0,0.0,KOSDAQ
071850,280764,24260938,374819940,32388352230.0,1.16,KOSDAQ
198080,0,21535185,0,45977619975.0,0.0,KOSDAQ
210120,0,9694991,0,12516233381.0,0.0,KOSDAQ
050110,107209,29224823,106994582,29166373354.0,0.37,KOSDAQ
452300,54137,14169505,126139210,33014946650.0,0.38,KOSDAQ
451760,195901,16507774,1361511950,114729029300.0,1.19,KOSDAQ
900310,0,12808335,0,26769420150.0,0.0,KOSDAQ
078340,0,12091313,0,383899187750.0,0.0,KOSDAQ
291230,0,24011231,0,57146729780.0,0.0,KOSDAQ
063080,38645,6595192,499679850,85275832560.0,0.59,KOSDAQ
307930,0,15610000,0,94752700000.0,0.0,KOSDAQ
079190,0,9588878,0,12235408328.0,0.0,KOSDAQ
263700,0,19414200,0,37100536200.0,0.0,KOSDAQ
214370,516260,53715000,27981292000,2911353000000.0,0.96,KOSDAQ
221980,0,4034800,0,37241204000.0,0.0,KOSDAQ
038530,150720,25890122,153734400,26407924440.0,0.58,KOSDAQ
192250,17323,7067125,129922500,53003437500.0,0.25,KOSDAQ
431190,0,7486442,0,19689342460.0,0.0,KOSDAQ
115500,49353,12000000,425422860,103440000000.0,0.41,KOSDAQ
089150,129836,17150000,240196600,31727500000.0,0.76,KOSDAQ
025880,99601,16715858,235556365,39533004170.0,0.6,KOSDAQ
093320,8541,4880000,1270046700,725656000000.0,0.18,KOSDAQ
093640,303761,32843716,1306172300,141227978800.0,0.92,KOSDAQ
487400,13299,10260882,116366250,89782717500.0,0.13,KOSDAQ
073010,152850,40191250,427215750,112334543750.0,0.38,KOSDAQ
105330,34235,16019520,231770950,108452150400.0,0.21,KOSDAQ
053080,224758,12999807,1993603460,115308288090.0,1.73,KOSDAQ
199430,125584,11197043,1562264960,139291214920.0,1.12,KOSDAQ
432470,51167,8771556,450269600,77189692800.0,0.58,KOSDAQ
272110,19808,8025395,489257600,198227256500.0,0.25,KOSDAQ
039420,0,22946994,0,62760028590.0,0.0,KOSDAQ
083550,79650,13556165,259659000,44193097900.0,0.59,KOSDAQ
032500,1517254,42191701,22242943640,618530336660.0,3.6,KOSDAQ
225430,0,6485675,0,9864711675.0,0.0,KOSDAQ
102370,144038,25888290,454439890,81677554950.0,0.56,KOSDAQ
068100,0,11927536,0,27850796560.0,0.0,KOSDAQ
106080,0,5761817,0,9506998050.0,0.0,KOSDAQ
455180,0,14699056,0,19299860528.0,0.0,KOSDAQ
036030,0,49019141,0,228919388470.0,0.0,KOSDAQ
064820,384993,30860215,2902847220,232686021100.0,1.25,KOSDAQ
024880,94212,19941624,355179240,75179922480.0,0.47,KOSDAQ
042040,0,8670991,0,38195715355.0,0.0,KOSDAQ
054410,0,5726444,0,19956657340.0,0.0,KOSDAQ
288180,26913,7393262,200501850,55079801900.0,0.36,KOSDAQ
258610,112000,36485063,130928000,42651038647.0,0.31,KOSDAQ
274090,246589,13774207,2421503980,135262712740.0,1.79,KOSDAQ
089010,205098,16770027,4430116800,362232583200.0,1.22,KOSDAQ
220260,158693,32072055,589544495,119147684325.0,0.49,KOSDAQ
052400,136781,14563291,5389171400,573793665400.0,0.94,KOSDAQ
402030,110527,12517488,1754063490,198652534560.0,0.88,KOSDAQ
391710,192191,42620470,218521167,48459474390.0,0.45,KOSDAQ
046070,0,15486089,0,159196994920.0,0.0,KOSDAQ
047770,265876,37842602,822886220,117122853190.0,0.7,KOSDAQ
080530,113880,11071684,282991800,27513134740.0,1.03,KOSDAQ
104540,44322,13407410,177066390,53562602950.0,0.33,KOSDAQ
027050,452976,40000000,632807472,55880000000.0,1.13,KOSDAQ
190650,0,6388000,0,42927360000.0,0.0,KOSDAQ
123410,61406,27841064,339575180,153961083920.0,0.22,KOSDAQ
036690,0,43567455,0,125692107675.0,0.0,KOSDAQ
049430,78328,9048000,1574392800,181864800000.0,0.87,KOSDAQ
183300,116079,51363275,2948406600,1304627185000.0,0.23,KOSDAQ
041960,1268701,73886495,12433269800,724087651000.0,1.72,KOSDAQ
089890,60710,16584962,1393294500,380624877900.0,0.37,KOSDAQ
360350,34195,5437970,191492000,30452632000.0,0.63,KOSDAQ
082660,0,99640869,0,47827617120.0,0.0,KOSDAQ
043710,0,17312502,0,49946568270.0,0.0,KOSDAQ
222040,75866,20628000,630446460,171418680000.0,0.37,KOSDAQ
241710,15062,10680000,2108680000,1495200000000.0,0.14,KOSDAQ
439960,382376,32450626,4990006800,423480669300.0,1.18,KOSDAQ
355150,7496,7797350,143773280,149553173000.0,0.1,KOSDAQ
166480,374585,52870376,756661700,106798159520.0,0.71,KOSDAQ
045970,149520,26314876,441084000,77628884200.0,0.57,KOSDAQ
196450,0,45320000,0,35802800000.0,0.0,KOSDAQ
384470,205509,17946692,545626395,47648467260.0,1.15,KOSDAQ
102940,0,13090603,0,199369883690.0,0.0,KOSDAQ
950160,59702,84970160,1214935700,1729142756000.0,0.07,KOSDAQ
056360,91948,9796800,474451680,50551488000.0,0.94,KOSDAQ
282880,131039,11694082,1256664010,112146246380.0,1.12,KOSDAQ
121850,0,5056999,0,2685266469.0,0.0,KOSDAQ
448710,35763,5285292,396611670,58613888280.0,0.68,KOSDAQ
126730,49050,8770126,875542500,156546749100.0,0.56,KOSDAQ
015710,57168,17530500,164929680,50575492500.0,0.33,KOSDAQ
052330,44047,17761589,511826140,206389664180.0,0.25,KOSDAQ
322780,130747,8974830,265416410,18218904900.0,1.46,KOSDAQ
215380,0,16829576,0,36772623560.0,0.0,KOSDAQ
200130,139801,29415558,1302945320,274153000560.0,0.48,KOSDAQ
294570,76514,10091732,2031446700,267935484600.0,0.76,KOSDAQ
464490,40597,11482113,212728280,60166272120.0,0.35,KOSDAQ
317690,118158,20135029,294213420,50136222210.0,0.59,KOSDAQ
070300,154542,35524729,285439074,65614174463.0,0.44,KOSDAQ
432720,77322,14187572,657237000,120594362000.0,0.54,KOSDAQ
365270,273462,22156992,2994408900,242619062400.0,1.23,KOSDAQ
348080,0,12827753,0,38803952825.0,0.0,KOSDAQ
060280,421167,41259790,3622036200,354834194000.0,1.02,KOSDAQ
372320,41456,15227152,986652800,362406217600.0,0.27,KOSDAQ
051780,0,6335615,0,17296228950.0,0.0,KOSDAQ
115180,272898,37512401,7190862300,988451766350.0,0.73,KOSDAQ
494120,73019,15259764,694410690,145120355640.0,0.48,KOSDAQ
445680,136389,17203255,7324089300,923814793500.0,0.79,KOSDAQ
182360,0,15544586,0,84717993700.0,0.0,KOSDAQ
405100,21826,12289301,247506840,139360673340.0,0.18,KOSDAQ
066310,44162,9271621,311342100,65364928050.0,0.48,KOSDAQ
377460,0,62055687,0,253187202960.0,0.0,KOSDAQ
016600,0,13961601,0,34275730455.0,0.0,KOSDAQ
355390,256863,15874344,388890582,24033756816.0,1.62,KOSDAQ
096240,87204,10238180,734257680,86205475600.0,0.85,KOSDAQ
040350,129425,19856196,904680750,138794810040.0,0.65,KOSDAQ
110790,60143,23430960,179526855,69941415600.0,0.26,KOSDAQ
900250,119533,35815001,138658280,41545401160.0,0.33,KOSDAQ
045520,55695,6500000,139237500,16250000000.0,0.86,KOSDAQ
214150,941713,65235659,31453214200,2178871010600.0,1.44,KOSDAQ
466100,1391949,25459239,37304233200,682307605200.0,5.47,KOSDAQ
237880,39890,18071353,510990900,231494031930.0,0.22,KOSDAQ
139670,0,14118810,0,27418729020.0,0.0,KOSDAQ
475430,85077,17848110,361577250,75854467500.0,0.48,KOSDAQ
487720,0,4230000,0,8565750000.0,0.0,KOSDAQ
489480,0,6600000,0,13563000000.0,0.0,KOSDAQ
466690,0,5095000,0,10215475000.0,0.0,KOSDAQ
0131D0,0,6310000,0,12386530000.0,0.0,KOSDAQ
054780,0,19657793,0,25417526349.0,0.0,KOSDAQ
256940,194256,20078147,1097546400,113441530550.0,0.97,KOSDAQ
219130,56319,6314290,3564992700,399694557000.0,0.89,KOSDAQ
336680,0,39145558,0,103148545330.0,0.0,KOSDAQ
360070,0,8192043,0,67420513890.0,0.0,KOSDAQ
065130,70000,16004000,200900000,45931480000.0,0.44,KOSDAQ
134580,201719,49294149,561787415,137284204965.0,0.41,KOSDAQ
023160,6247,25867242,133685800,553558978800.0,0.02,KOSDAQ
323280,1653707,30537980,78881823900,1456661646000.0,5.42,KOSDAQ
053620,0,8600000,0,58394000000.0,0.0,KOSDAQ
044490,383589,20007381,10740492000,560206668000.0,1.92,KOSDAQ
124560,142919,38720811,284408810,77054413890.0,0.37,KOSDAQ
191420,0,8108834,0,60005371600.0,0.0,KOSDAQ
950250,0,35517731,0,81513192645.0,0.0,KOSDAQ
073640,0,116378770,0,76111715580.0,0.0,KOSDAQ
066700,47646,37152376,102915360,80249132160.0,0.13,KOSDAQ
095610,484800,19360000,64672320000,2582624000000.0,2.5,KOSDAQ
064520,0,22351062,0,33258380256.0,0.0,KOSDAQ
089030,1809472,37053645,84411868800,1728552539250.0,4.88,KOSDAQ
054450,68894,15144233,646225720,142052905540.0,0.45,KOSDAQ
200230,0,9482269,0,20576523730.0,0.0,KOSDAQ
393210,0,15614544,0,37474905600.0,0.0,KOSDAQ
475960,85543,13476174,2780147500,437975655000.0,0.63,KOSDAQ
215480,0,10740000,0,22017000000.0,0.0,KOSDAQ
051360,27842,9641668,314893020,109047265080.0,0.29,KOSDAQ
045340,20154,8558040,135031800,57338868000.0,0.24,KOSDAQ
108230,139477,38023245,414246690,112929037650.0,0.37,KOSDAQ
079970,0,12829234,0,7646223464.0,0.0,KOSDAQ
199800,44599,8997629,1627863500,328413458500.0,0.5,KOSDAQ
417790,0,10468391,0,69196064510.0,0.0,KOSDAQ
290090,0,7440568,0,31250385600.0,0.0,KOSDAQ
026150,143833,17546331,536497090,65447814630.0,0.82,KOSDAQ
464280,0,5530000,0,33124700000.0,0.0,KOSDAQ
117730,546627,22558043,7062420840,291449915560.0,2.42,KOSDAQ
033830,0,18907130,0,30629550600.0,0.0,KOSDAQ
057680,0,15792909,0,27479661660.0,0.0,KOSDAQ
204610,50000,55561220,164250000,182518607700.0,0.09,KOSDAQ
125020,209445,35038550,1158230850,193763181500.0,0.6,KOSDAQ
064760,174131,11179416,39614802500,2543317140000.0,1.56,KOSDAQ
246710,130730,47664504,317673900,115824744720.0,0.27,KOSDAQ
340570,54585,8128000,1703052000,253593600000.0,0.67,KOSDAQ
043220,0,16486023,0,28191099330.0,0.0,KOSDAQ
277880,0,19843212,0,69252809880.0,0.0,KOSDAQ
131290,35637,11061429,8748883500,2715580819500.0,0.32,KOSDAQ
425420,60790,12347181,2553180000,518581602000.0,0.49,KOSDAQ
484810,159454,15450915,2178141640,211059498900.0,1.03,KOSDAQ
131100,0,6449344,0,14994724800.0,0.0,KOSDAQ
356860,105659,23701260,3565991250,799917525000.0,0.45,KOSDAQ
321550,0,30038475,0,123157747500.0,0.0,KOSDAQ
425040,98607,21922898,862811250,191825357500.0,0.45,KOSDAQ
241790,55750,10002634,311085000,55814697720.0,0.56,KOSDAQ
022220,0,51794579,0,30973158242.0,0.0,KOSDAQ
104480,420246,90895434,718620660,155431192140.0,0.46,KOSDAQ
081150,67077,24268402,182784825,66131395450.0,0.28,KOSDAQ
130740,0,11276679,0,23455492320.0,0.0,KOSDAQ
084730,47620,11109424,296672600,69211711520.0,0.43,KOSDAQ
440110,0,50111027,0,3106883674000.0,0.0,KOSDAQ
290560,0,22362730,0,30055509120.0,0.0,KOSDAQ
288330,255650,106080948,106350400,44129674368.0,0.24,KOSDAQ
033540,0,10449266,0,34064607160.0,0.0,KOSDAQ
388870,89879,12945932,477257490,68742898920.0,0.69,KOSDAQ
043200,255623,41804315,130878976,21403809280.0,0.61,KOSDAQ
214450,146938,10389648,61126208000,4322093568000.0,1.41,KOSDAQ
177830,0,11325993,0,25936523970.0,0.0,KOSDAQ
037070,160645,20000000,856237850,106600000000.0,0.8,KOSDAQ
150900,56783,11703922,199024415,41022246610.0,0.49,KOSDAQ
037030,0,25512992,0,81641574400.0,0.0,KOSDAQ
047310,105604,36610755,304667540,105622028175.0,0.29,KOSDAQ
368770,439763,32854225,5901619460,440903699500.0,1.34,KOSDAQ
170790,0,6397335,0,52714040400.0,0.0,KOSDAQ
900100,0,5276050,0,9929526100.0,0.0,KOSDAQ
049120,0,10601663,0,27564323800.0,0.0,KOSDAQ
038950,68000,10210765,212500000,31908640625.0,0.67,KOSDAQ
387570,0,5625900,0,34036695000.0,0.0,KOSDAQ
441270,737597,42079799,4949275870,282355451290.0,1.75,KOSDAQ
106240,0,26581914,0,32429935080.0,0.0,KOSDAQ
131760,0,8686316,0,14957836152.0,0.0,KOSDAQ
065690,58000,12014507,100340000,20785097110.0,0.48,KOSDAQ
140860,441798,7002469,117076470000,1855654285000.0,6.31,KOSDAQ
091700,0,50000000,0,276500000000.0,0.0,KOSDAQ
032800,0,12461522,0,19577051062.0,0.0,KOSDAQ
318010,0,7929338,0,28783496940.0,0.0,KOSDAQ
027710,363993,111416600,389836503,119327178600.0,0.33,KOSDAQ
225590,0,5121376,0,15722624320.0,0.0,KOSDAQ
054300,99593,57870945,110747416,64352490840.0,0.17,KOSDAQ
068050,0,27694076,0,32872868212.0,0.0,KOSDAQ
222110,42087,13514509,200334120,64329062840.0,0.31,KOSDAQ
271830,112112,29490202,118726608,31230123918.0,0.38,KOSDAQ
263750,1568121,62843910,50493496200,2023573902000.0,2.5,KOSDAQ
251970,125829,12400000,7977558600,786160000000.0,1.01,KOSDAQ
187660,585181,55466253,1998393115,189417253995.0,1.06,KOSDAQ
0015S0,37700,9866730,258622000,67685767800.0,0.38,KOSDAQ
168360,0,22392557,0,272293493120.0,0.0,KOSDAQ
087010,1287136,23317350,235417174400,4264743315000.0,5.52,KOSDAQ
064800,48355,25561459,132492700,70038397660.0,0.19,KOSDAQ
119500,0,11847232,0,28729537600.0,0.0,KOSDAQ
389140,164668,14269735,822516660,71277326325.0,1.15,KOSDAQ
105760,0,10190887,0,49986300735.0,0.0,KOSDAQ
009520,648094,41642703,7835456460,503460279270.0,1.56,KOSDAQ
189690,0,27321969,0,41829934539.0,0.0,KOSDAQ
318020,0,12301272,0,34320548880.0,0.0,KOSDAQ
256630,0,11599414,0,49993474340.0,0.0,KOSDAQ
331380,307845,36560866,649552950,77143427260.0,0.84,KOSDAQ
208710,0,13180132,0,36113561680.0,0.0,KOSDAQ
472850,28398,57571652,139292190,282388953060.0,0.05,KOSDAQ
039980,324179,14381214,1912656100,84849162600.0,2.25,KOSDAQ
041910,185164,13283350,986924120,70800255500.0,1.39,KOSDAQ
220180,0,23930842,0,34173242376.0,0.0,KOSDAQ
234100,0,14601636,0,39059376300.0,0.0,KOSDAQ
041020,423953,49683793,1227343935,143834580735.0,0.85,KOSDAQ
114630,0,17235248,0,24818757120.0,0.0,KOSDAQ
487580,68626,25182861,218230680,80081497980.0,0.27,KOSDAQ
290720,80716,38149273,232865660,110060652605.0,0.21,KOSDAQ
005670,21122,10000000,130745180,61900000000.0,0.21,KOSDAQ
094940,90750,8361386,570817500,52593117940.0,1.09,KOSDAQ
007330,12414,15082800,125008980,151883796000.0,0.08,KOSDAQ
093380,0,9879313,0,29341559610.0,0.0,KOSDAQ
023900,19303,12600000,138402510,90342000000.0,0.15,KOSDAQ
371950,106086,22779670,353796810,75970199450.0,0.47,KOSDAQ
298060,0,9637447,0,24189991970.0,0.0,KOSDAQ
370090,0,8556830,0,52624504500.0,0.0,KOSDAQ
445180,49572,17189188,417396240,144732962960.0,0.29,KOSDAQ
220100,13700,22427420,111381000,182334924600.0,0.06,KOSDAQ
035200,0,9219981,0,25216648035.0,0.0,KOSDAQ
334970,0,77752637,0,136300372661.0,0.0,KOSDAQ
321260,74376,28192084,120489120,45671176080.0,0.26,KOSDAQ
053610,2086,9000000,122031000,526500000000.0,0.02,KOSDAQ
468530,51113,11035208,1755731550,379059394800.0,0.46,KOSDAQ
303360,0,12879715,0,61822632000.0,0.0,KOSDAQ
377220,0,5662000,0,16986000000.0,0.0,KOSDAQ
335810,0,21949506,0,32156026290.0,0.0,KOSDAQ
053160,13580,6000000,127244600,56220000000.0,0.23,KOSDAQ
405000,0,5373532,0,19479053500.0,0.0,KOSDAQ
041590,0,48972158,0,116064014460.0,0.0,KOSDAQ
367000,0,8388207,0,28603785870.0,0.0,KOSDAQ
075130,98555,16122320,199573875,32647698000.0,0.61,KOSDAQ
237820,0,12827140,0,27899029500.0,0.0,KOSDAQ
023770,0,8946495,0,20845333350.0,0.0,KOSDAQ
300080,166638,16505451,1403091960,138975897420.0,1.01,KOSDAQ
033790,94922,83321887,570481220,500764540870.0,0.11,KOSDAQ
032580,142579,33132064,530393880,123251278080.0,0.43,KOSDAQ
0117P0,48219,14168911,247363470,72686513430.0,0.34,KOSDAQ
051380,0,15340072,0,23991872608.0,0.0,KOSDAQ
241820,0,2782098,0,16803871920.0,0.0,KOSDAQ
452450,187584,36028500,587137920,112769205000.0,0.52,KOSDAQ
237750,0,6496600,0,23095413000.0,0.0,KOSDAQ
460940,115690,13455280,576136200,67007294400.0,0.86,KOSDAQ
319660,536535,28966714,67227835500,3629529264200.0,1.85,KOSDAQ
031980,107300,21562395,11824460000,2376175929000.0,0.5,KOSDAQ
002230,102399,18421070,515066970,92657982100.0,0.56,KOSDAQ
043370,0,21000000,0,232470000000.0,0.0,KOSDAQ
239890,42296,9935755,134501280,31595700900.0,0.43,KOSDAQ
347740,0,30010576,0,56719988640.0,0.0,KOSDAQ
137400,918764,23690728,27425105400,707168230800.0,3.88,KOSDAQ
257370,0,12504861,0,23359080348.0,0.0,KOSDAQ
147760,0,20000000,0,64100000000.0,0.0,KOSDAQ
128660,99852,24803369,297558960,73914039620.0,0.4,KOSDAQ
006140,0,14865000,0,69791175000.0,0.0,KOSDAQ
376180,0,18561038,0,28008606342.0,0.0,KOSDAQ
304840,0,24320660,0,13643890260.0,0.0,KOSDAQ
087600,0,8166558,0,31032920400.0,0.0,KOSDAQ
291810,0,11368712,0,14756588176.0,0.0,KOSDAQ
378340,161949,21643882,1672933170,223581301060.0,0.75,KOSDAQ
161580,817338,23442247,21332521800,611842646700.0,3.49,KOSDAQ
347770,0,22659702,0,19510003422.0,0.0,KOSDAQ
163730,0,12015717,0,118114498110.0,0.0,KOSDAQ
417180,0,4309215,0,17193767850.0,0.0,KOSDAQ
469900,0,5605000,0,11742475000.0,0.0,KOSDAQ
475240,0,3200000,0,6672000000.0,0.0,KOSDAQ
475250,0,3700000,0,7677500000.0,0.0,KOSDAQ
484130,0,4520000,0,9130400000.0,0.0,KOSDAQ
0041L0,0,6030000,0,12053970000.0,0.0,KOSDAQ
0101C0,0,7740000,0,15325200000.0,0.0,KOSDAQ
299030,138893,7994910,1890333730,108810725100.0,1.74,KOSDAQ
067310,86755,66490869,2993047500,2293934980500.0,0.13,KOSDAQ
166090,44870,19777674,2283883000,1006683606600.0,0.23,KOSDAQ
136480,613207,106209702,1621932515,280924661790.0,0.58,KOSDAQ
003380,1001789,112005621,10959571660,1225341493740.0,0.89,KOSDAQ
450330,39057,8186843,196847280,41261688720.0,0.48,KOSDAQ
101670,918936,56777187,510928416,31568115972.0,1.62,KOSDAQ
365590,0,36814550,0,28825792650.0,0.0,KOSDAQ
149980,49538,17199046,245213100,85135277700.0,0.29,KOSDAQ
013030,0,11768144,0,364224056800.0,0.0,KOSDAQ
126700,0,14942112,0,171834288000.0,0.0,KOSDAQ
160190,121356,30888000,2223241920,565868160000.0,0.39,KOSDAQ
221840,0,18700561,0,37401122000.0,0.0,KOSDAQ
106190,31096,10633173,362890320,124089128910.0,0.29,KOSDAQ
065650,0,10945987,0,18159392433.0,0.0,KOSDAQ
066130,0,12800000,0,43776000000.0,0.0,KOSDAQ
004590,0,15000000,0,72750000000.0,0.0,KOSDAQ
039340,0,22000000,0,106370000000.0,0.0,KOSDAQ
034950,0,4540514,0,463586479400.0,0.0,KOSDAQ
222980,0,11031483,0,24269262600.0,0.0,KOSDAQ
256840,887636,68394886,2165831840,166883521840.0,1.3,KOSDAQ
219750,0,13085377,0,21289908379.0,0.0,KOSDAQ
025550,113810,25514004,247536750,55492958700.0,0.45,KOSDAQ
017890,36804,20673506,491701440,276198040160.0,0.18,KOSDAQ
080720,0,7912828,0,21562456300.0,0.0,KOSDAQ
041460,151763,19000000,529652870,66310000000.0,0.8,KOSDAQ
101680,0,8404000,0,22984940000.0,0.0,KOSDAQ
039740,0,8018397,0,24215558940.0,0.0,KOSDAQ
053300,59671,40591096,284332315,193416572440.0,0.15,KOSDAQ
025770,0,37444271,0,295809740900.0,0.0,KOSDAQ
479880,0,6870000,0,14186550000.0,0.0,KOSDAQ
0164H0,0,6750000,0,13189500000.0,0.0,KOSDAQ
062970,309389,28544307,723970260,66793678380.0,1.08,KOSDAQ
023760,0,315609576,0,211458415920.0,0.0,KOSDAQ
054040,0,16071290,0,72561874350.0,0.0,KOSDAQ
021650,0,16350563,0,33191642890.0,0.0,KOSDAQ
032300,0,10906701,0,86162937900.0,0.0,KOSDAQ
037230,0,29800327,0,39574834256.0,0.0,KOSDAQ
448900,94907,6074457,4802294200,307367524200.0,1.56,KOSDAQ
052600,60812,11563700,184868480,35153648000.0,0.53,KOSDAQ
256150,58871,8395000,276693700,39456500000.0,0.7,KOSDAQ
092460,140461,17109680,2495991970,304039013600.0,0.82,KOSDAQ
125490,803037,36502352,8753103300,397875636800.0,2.2,KOSDAQ
452190,122873,23920557,417768200,81329893800.0,0.51,KOSDAQ
047080,0,24822362,0,23109619022.0,0.0,KOSDAQ
452280,98784,19247670,1030317120,200753198100.0,0.51,KOSDAQ
066980,568080,53638752,884500560,83515536864.0,1.06,KOSDAQ
114810,68851,28143174,895063000,365861262000.0,0.24,KOSDAQ
042520,131785,14261367,2431433250,263122221150.0,0.92,KOSDAQ
430690,0,10895304,0,26203206120.0,0.0,KOSDAQ
078350,0,15244382,0,320132022000.0,0.0,KOSDAQ
045100,71377,17500000,2055657600,504000000000.0,0.41,KOSDAQ
320000,13201,6913670,123957390,64919361300.0,0.19,KOSDAQ
091440,420489,34510967,1225725435,100599468805.0,1.22,KOSDAQ
276730,0,22577400,0,27905666400.0,0.0,KOSDAQ
024740,68667,32897049,144200700,69083802900.0,0.21,KOSDAQ
005860,342811,39403685,819318290,94174807150.0,0.87,KOSDAQ
007770,0,3510000,0,25798500000.0,0.0,KOSDAQ
198940,0,19909760,0,25126117120.0,0.0,KOSDAQ
058450,0,5397972,0,11578649940.0,0.0,KOSDAQ
107640,75602,9064946,2736792400,328151045200.0,0.83,KOSDAQ
079170,0,5200000,0,29900000000.0,0.0,KOSDAQ
030520,354742,24179744,6112204660,416616989120.0,1.47,KOSDAQ
054920,301826,28217081,1154484450,107930334825.0,1.07,KOSDAQ
457370,156375,8067134,1372972500,70829436520.0,1.94,KOSDAQ
002680,0,6463359,0,13993172235.0,0.0,KOSDAQ
098070,75518,11121141,1812432000,266907384000.0,0.68,KOSDAQ
408470,24841,10572000,127682740,54340080000.0,0.23,KOSDAQ
498390,0,4960000,0,10093600000.0,0.0,KOSDAQ
034810,53126,31580152,322474820,191691522640.0,0.17,KOSDAQ
03481K,0,1377453,0,8416237830.0,0.0,KOSDAQ
059270,99640,11165299,548020000,61409144500.0,0.89,KOSDAQ
076610,491694,59236180,700172256,84352320320.0,0.83,KOSDAQ
900270,0,25561441,0,10735805220.0,0.0,KOSDAQ
214180,24014,12993367,347482580,188014020490.0,0.18,KOSDAQ
234340,263251,13970656,5462458250,289891112000.0,1.88,KOSDAQ
084990,268706,46092797,783277990,134360503255.0,0.58,KOSDAQ
170030,93010,15340000,450633450,74322300000.0,0.61,KOSDAQ
319400,1213872,111376039,27797668800,2550511293100.0,1.09,KOSDAQ
048410,2224068,96505572,14812292880,642727109520.0,2.3,KOSDAQ
052260,0,30000000,0,123750000000.0,0.0,KOSDAQ
016790,196108,188471729,194931352,187340898626.0,0.1,KOSDAQ
041440,129617,17841712,794552210,109369694560.0,0.73,KOSDAQ
039010,34019,8625000,253101360,64170000000.0,0.39,KOSDAQ
090850,162650,22477903,831141500,114862084330.0,0.72,KOSDAQ
460930,516274,35510671,6845793240,470871497460.0,1.45,KOSDAQ
092300,0,20149871,0,53497907505.0,0.0,KOSDAQ
011080,0,7096262,0,5804742316.0,0.0,KOSDAQ
308100,0,25819998,0,9269379282.0,0.0,KOSDAQ
064240,167200,34694251,260999200,54157725811.0,0.48,KOSDAQ
039610,46526,10410400,246587800,55175120000.0,0.45,KOSDAQ
126640,131914,35055910,573825900,152493208500.0,0.38,KOSDAQ
127980,0,11840684,0,32265863900.0,0.0,KOSDAQ
061250,0,8417584,0,65657155200.0,0.0,KOSDAQ
097870,0,8490000,0,38756850000.0,0.0,KOSDAQ
290270,0,9607672,0,26901481600.0,0.0,KOSDAQ
353190,0,7875684,0,21421860480.0,0.0,KOSDAQ
090710,3687146,119559029,24113934840,781916049660.0,3.08,KOSDAQ
078590,0,9991819,0,28576602340.0,0.0,KOSDAQ
205470,122204,24675001,376388320,75999003080.0,0.5,KOSDAQ
115160,0,4307533,0,21451514340.0,0.0,KOSDAQ
028080,0,2530346,0,11500422570.0,0.0,KOSDAQ
200670,7588,11229930,190079400,281309746500.0,0.07,KOSDAQ
065510,23695,10877895,159230400,73099454400.0,0.22,KOSDAQ
263920,0,9809026,0,32762146840.0,0.0,KOSDAQ
243070,33745,11979665,838563250,297694675250.0,0.28,KOSDAQ
084110,37241,12659812,849094800,288643713600.0,0.29,KOSDAQ
145020,2802,12515173,701901000,3135050836500.0,0.02,KOSDAQ
024060,114039,15000000,1152934290,151650000000.0,0.76,KOSDAQ
010240,0,11706000,0,62510040000.0,0.0,KOSDAQ
189980,0,40137827,0,45235331029.0,0.0,KOSDAQ
037440,93099,13922475,364948080,54576102000.0,0.67,KOSDAQ
238490,57500,11312236,124487500,24490990940.0,0.51,KOSDAQ
