티커,공매도잔고,상장주식수,공매도금액,시가총액,비중,시장
095570,54300,45252759,251680500,209746537965.0,0.12,KOSPI
006840,0,13247561,0,102668597750.0,0.0,KOSPI
027410,73530,95716791,340811550,443647326285.0,0.08,KOSPI
282330,8668,17283906,1152844000,2298759498000.0,0.05,KOSPI
138930,57285,310327033,956659500,5182461451100.0,0.02,KOSPI
001460,6211,6246150,263346400,264836760000.0,0.1,KOSPI
001465,0,2153850,0,62569342500.0,0.0,KOSPI
001040,346110,29176998,57973425000,4887147165000.0,1.19,KOSPI
079160,1085931,165582385,5125594320,781548857200.0,0.66,KOSPI
00104K,0,4226512,0,646233684800.0,0.0,KOSPI
000120,62526,22812344,5358478200,1955017880800.0,0.27,KOSPI
011150,421489,35930773,998928930,85155932010.0,1.17,KOSPI
011155,0,200000,0,2590000000.0,0.0,KOSPI
001045,0,2260223,0,180139773100.0,0.0,KOSPI
097950,49078,15054186,10502692000,3221595804000.0,0.33,KOSPI
097955,0,1327433,0,172699033300.0,0.0,KOSPI
000480,0,46890490,0,223667637300.0,0.0,KOSPI
000590,0,1154482,0,87740632000.0,0.0,KOSPI
012030,820976,201173933,1548360736,379414037638.0,0.41,KOSPI
005830,6578,65500349,1028141400,10237704548700.0,0.01,KOSPI
016610,12046,42446389,137806240,485586690160.0,0.03,KOSPI
000990,1559925,43504588,252707850000,7047743256000.0,3.59,KOSPI
000300,0,41437055,0,174035631000.0,0.0,KOSPI
001530,315964,20715621,9004974000,590395198500.0,1.53,KOSPI
015590,208492,47396308,527484760,119912659240.0,0.44,KOSPI
000210,19073,20955884,1008961700,1108566263600.0,0.09,KOSPI
000215,0,1686115,0,40466760000.0,0.0,KOSPI
375500,661008,38693623,49178995200,2878805551200.0,1.71,KOSPI
37550L,0,2111951,0,94087417050.0,0.0,KOSPI
37550K,0,2113885,0,51050322750.0,0.0,KOSPI
007340,347359,58510865,15474843450,2606659035750.0,0.59,KOSPI
004840,0,19272364,0,89520130780.0,0.0,KOSPI
155660,0,16000000,0,68560000000.0,0.0,KOSPI
069730,0,14400000,0,76464000000.0,0.0,KOSPI
017860,298489,17759139,5268330850,313448803350.0,1.68,KOSPI
092780,0,13168460,0,63208608000.0,0.0,KOSPI
017940,7552,6860000,675148800,613284000000.0,0.11,KOSPI
365550,3053129,246089000,12533094545,1010195345000.0,1.24,KOSPI
383220,13713,38307075,1053158400,2941983360000.0,0.04,KOSPI
007700,0,39114367,0,679807698460.0,0.0,KOSPI
114090,391473,61855670,4501939500,711340205000.0,0.63,KOSPI
078930,0,92915378,0,6866446434200.0,0.0,KOSPI
006360,4813122,85581490,139580538000,2481863210000.0,5.62,KOSPI
001250,307906,82533764,1094605830,293407531020.0,0.37,KOSPI
007070,27957,83607415,733871250,2194694643750.0,0.03,KOSPI
078935,0,1784826,0,99593290800.0,0.0,KOSPI
499790,4500,19830841,209475000,923125648550.0,0.02,KOSPI
012630,64232,59741721,1416315600,1317304948050.0,0.11,KOSPI
039570,13573,25957601,106005130,202728863810.0,0.05,KOSPI
089470,0,31900000,0,136053500000.0,0.0,KOSPI
267270,0,47921897,0,7360803379200.0,0.0,KOSPI
009540,157686,70773116,62916714000,28238473284000.0,0.22,KOSPI
267250,0,78993085,0,20459209015000.0,0.0,KOSPI
443060,378360,44833460,83995920000,9953028120000.0,0.84,KOSPI
071970,4663,33921495,344129400,2503406331000.0,0.01,KOSPI
322000,101904,11200000,18240816000,2004800000000.0,0.91,KOSPI
267260,200781,36047135,214032546000,38426245910000.0,0.56,KOSPI
329180,2797741,104961225,1779363276000,66755339100000.0,2.67,KOSPI
097230,297865,90295344,6255165000,1896202224000.0,0.33,KOSPI
014790,0,37858601,0,101082464670.0,0.0,KOSPI
003580,0,50663505,0,88914451275.0,0.0,KOSPI
204320,681584,46957120,35851318400,2469944512000.0,1.45,KOSPI
060980,0,9078847,0,389028593950.0,0.0,KOSPI
011200,7843948,943237970,154290457160,18553490869900.0,0.83,KOSPI
035000,0,16207644,0,116695036800.0,0.0,KOSPI
002460,0,10150000,0,122713500000.0,0.0,KOSPI
487570,9370,3725927,512539000,203808206900.0,0.25,KOSPI
298050,63275,4479948,13351025000,945269028000.0,1.41,KOSPI
015360,12420,27250000,200210400,439270000000.0,0.05,KOSPI
294870,187741,65907330,3839303450,1347804898500.0,0.28,KOSPI
175330,59300,188253584,1479535000,4696926920800.0,0.03,KOSPI
204210,0,7826815,0,15927568525.0,0.0,KOSPI
234080,43174,15834554,504704060,185105936260.0,0.27,KOSPI
001060,19921,23285930,564760350,660156115500.0,0.09,KOSPI
001067,0,209973,0,10834606800.0,0.0,KOSPI
001065,0,341951,0,8548775000.0,0.0,KOSPI
096760,0,73924942,0,281284404310.0,0.0,KOSPI
008970,2209223,103766907,3249767033,152641120197.0,2.13,KOSPI
105560,122499,372850455,18583098300,56561414023500.0,0.03,KOSPI
415640,0,122545548,0,1205848192320.0,0.0,KOSPI
432320,0,150764285,0,237906041730.0,0.0,KOSPI
002380,6999,8592896,3380517000,4150368768000.0,0.08,KOSPI
344820,21984,15970512,562790400,408845107200.0,0.14,KOSPI
009070,156545,30000000,806206750,154500000000.0,0.52,KOSPI
009440,0,23239141,0,17568790596.0,0.0,KOSPI
119650,0,109785309,0,100782913662.0,0.0,KOSPI
092220,574437,40152628,3699374280,258582924320.0,1.43,KOSPI
003620,985393,202374912,3439021570,706288442880.0,0.49,KOSPI
016380,96522,100008897,634149540,657058453290.0,0.1,KOSPI
001390,207117,67233030,1043869680,338854471200.0,0.31,KOSPI
001940,0,14176380,0,324639102000.0,0.0,KOSPI
025000,0,4378709,0,221562675400.0,0.0,KOSPI
092230,0,4224646,0,355292728600.0,0.0,KOSPI
000040,0,86375184,0,31872442896.0,0.0,KOSPI
044450,145349,23085880,1563955240,248404068800.0,0.63,KOSPI
030200,842476,252021685,47010160800,14062810023000.0,0.33,KOSPI
033780,6368,103810456,1134777600,18499023259200.0,0.01,KOSPI
058850,311273,41404450,795302515,105788369750.0,0.75,KOSPI
058860,54520,34802000,146386200,93443370000.0,0.16,KOSPI
093050,0,29240000,0,690064000000.0,0.0,KOSPI
003550,1904188,154221585,196321782800,15900245413500.0,1.23,KOSPI
034220,16116157,500000000,202418931920,6280000000000.0,3.22,KOSPI
051900,101946,15291262,25333581000,3799878607000.0,0.67,KOSPI
051905,0,2096259,0,216962806500.0,0.0,KOSPI
064400,695062,96885948,49488414400,6898279497600.0,0.72,KOSPI
373220,3092651,234000000,1189124309500,89973000000000.0,1.32,KOSPI
003555,0,3011199,0,213494009100.0,0.0,KOSPI
032640,2482255,429828355,37879211300,6559180697300.0,0.58,KOSPI
011070,21027,23667107,15980520000,17987001320000.0,0.09,KOSPI
066570,1867698,162884638,338053338000,29482119478000.0,1.15,KOSPI
066575,0,17181299,0,1170046461900.0,0.0,KOSPI
037560,0,77446865,0,166510759750.0,0.0,KOSPI
051910,28348,70592343,9411536000,23436657876000.0,0.04,KOSPI
051915,0,7688800,0,1219443680000.0,0.0,KOSPI
079550,12366,22000000,10300878000,18326000000000.0,0.06,KOSPI
006260,2009,31200000,1004500000,15600000000000.0,0.01,KOSPI
010120,337022,150000000,80379747000,35775000000000.0,0.22,KOSPI
000680,0,78803016,0,283690857600.0,0.0,KOSPI
229640,6000,30624879,447600000,2284615973400.0,0.02,KOSPI
108320,177241,16264300,9216532000,845743600000.0,1.09,KOSPI
001120,8347,38760000,363511850,1687998000000.0,0.02,KOSPI
108670,8558,8967670,292683600,306694314000.0,0.1,KOSPI
108675,0,1032330,0,17301850800.0,0.0,KOSPI
383800,458195,76280690,4178738400,695679892800.0,0.6,KOSPI
38380K,0,1465285,0,11942072750.0,0.0,KOSPI
023150,48000,7378526,186960000,28739358770.0,0.65,KOSPI
035420,507039,156873776,97097968500,30041328104000.0,0.32,KOSPI
036570,26625,21544022,6935812500,5612217731000.0,0.12,KOSPI
181710,67459,32753139,2509474800,1218416770800.0,0.21,KOSPI
400760,0,54929275,0,170006106125.0,0.0,KOSPI
005940,1216504,356344369,37042546800,10850686036050.0,0.34,KOSPI
005945,0,18870968,0,468000006400.0,0.0,KOSPI
338100,0,18660000,0,82663800000.0,0.0,KOSPI
034310,48189,36757157,624529440,476372754720.0,0.13,KOSPI
030190,282737,58911527,4108168610,855984487310.0,0.48,KOSPI
008260,106196,28600117,364252280,98098401310.0,0.37,KOSPI
004250,0,36720000,0,123562800000.0,0.0,KOSPI
004255,0,5280000,0,12170400000.0,0.0,KOSPI
456040,30460,8952495,3381060000,993726945000.0,0.34,KOSPI
010060,263916,18670232,73236690000,5180989380000.0,1.41,KOSPI
178920,133375,29366322,3321037500,731221417800.0,0.45,KOSPI
001340,74223,44973248,411937650,249601526400.0,0.17,KOSPI
005490,30409,79241527,12680553000,33043716759000.0,0.04,KOSPI
010950,306998,112582792,34015378400,12474173353600.0,0.27,KOSPI
010955,0,4021927,0,219597214200.0,0.0,KOSPI
034120,0,18551238,0,252296836800.0,0.0,KOSPI
003080,0,20020000,0,48048000000.0,0.0,KOSPI
005090,37605,14409333,1799399250,689486584050.0,0.26,KOSPI
001380,0,22482071,0,40670066439.0,0.0,KOSPI
004060,39938,20242496,129798500,65788112000.0,0.2,KOSPI
001770,0,1214878,0,18939948020.0,0.0,KOSPI
002360,0,111133730,0,39785875340.0,0.0,KOSPI
009160,0,65370968,0,353003227200.0,0.0,KOSPI
033530,252552,27820961,2050722240,225906203320.0,0.91,KOSPI
123700,89751,15604898,324001110,56333681780.0,0.58,KOSPI
025530,0,14934008,0,54285119080.0,0.0,KOSPI
034730,2870,72502703,1509620000,38136421778000.0,0.0,KOSPI
011790,961698,37868298,118192684200,4654013824200.0,2.54,KOSPI
018670,50401,9257244,12020638500,2207852694000.0,0.54,KOSPI
001740,1275530,200593889,9949134000,1564632334200.0,0.64,KOSPI
006120,52390,17413751,2624739000,872428925100.0,0.3,KOSPI
006125,0,1231705,0,49083444250.0,0.0,KOSPI
210980,21268,18617382,258618880,226387365120.0,0.11,KOSPI
395400,1121078,301017620,6278036800,1685698672000.0,0.37,KOSPI
302440,1231441,78456553,49503928200,3153953430600.0,1.57,KOSPI
326030,1370073,78313250,124676643000,7126505750000.0,1.75,KOSPI
402340,44161,131958386,45441669000,135785179194000.0,0.03,KOSPI
361610,1708470,81787100,32785539300,1569494449000.0,2.09,KOSPI
100090,1738585,62478129,30772954500,1105862883300.0,2.78,KOSPI
03473K,397,566135,147882500,210885287500.0,0.07,KOSPI
096770,165581,169052788,19124605500,19525597014000.0,0.1,KOSPI
096775,0,1248426,0,87015292200.0,0.0,KOSPI
475150,283790,34067004,11720527000,1406967265200.0,0.83,KOSPI
001510,7864204,231295085,29215517860,859261240775.0,3.4,KOSPI
001515,0,1956257,0,13635111290.0,0.0,KOSPI
285130,82544,17298766,3574155200,749036567800.0,0.48,KOSPI
28513K,0,2115429,0,49501038600.0,0.0,KOSPI
017670,162301,214790053,15921728100,21070904199300.0,0.08,KOSPI
000660,43942,712702365,76678790000,1243665626925000.0,0.01,KOSPI
003570,195204,33252697,8998904400,1532949331700.0,0.59,KOSPI
064960,75639,26540272,2250260250,789573092000.0,0.28,KOSPI
100840,124201,20680783,5079820900,845844024700.0,0.6,KOSPI
036530,6168,16303886,309016800,816824688600.0,0.04,KOSPI
000390,506704,27203469,3785078880,203209913430.0,1.86,KOSPI
011810,43226,31017927,152587780,109493282310.0,0.14,KOSPI
465770,49291,7171032,168328765,24489074280.0,0.69,KOSPI
077970,49911,40148063,2081288700,1674174227100.0,0.12,KOSPI
002820,0,12607989,0,29376614370.0,0.0,KOSPI
002170,4696,3000000,259219200,165600000000.0,0.16,KOSPI
084870,0,20856819,0,41817922095.0,0.0,KOSPI
002710,398724,26213697,5917064160,389011263480.0,1.52,KOSPI
069260,391594,40878588,6766744320,706382000640.0,0.96,KOSPI
007980,108000,46897350,200016000,86853892200.0,0.23,KOSPI
002900,58995,41400000,481989150,338238000000.0,0.14,KOSPI
024070,0,15326438,0,30392326554.0,0.0,KOSPI
037270,795292,63663110,3284555960,262928644300.0,1.25,KOSPI
139130,32054,160624583,578254160,2897667477320.0,0.02,KOSPI
000500,84375,16543115,29489062500,5781818692500.0,0.51,KOSPI
000860,0,13000000,0,190320000000.0,0.0,KOSPI
035250,1755156,213940500,26994299280,3290404890000.0,0.82,KOSPI
011420,353790,27549644,586583820,45677309752.0,1.28,KOSPI
002100,26519,19522575,246096320,181169496000.0,0.14,KOSPI
009450,189669,14568592,12954392700,995034833600.0,1.3,KOSPI
267290,21696,5895406,487075200,132351864700.0,0.37,KOSPI
012320,18071,2365023,974026900,127474739700.0,0.76,KOSPI
000050,0,27415270,0,266750577100.0,0.0,KOSPI
214390,110115,23906860,648577350,140811405400.0,0.46,KOSPI
012610,210039,41616365,1165716450,230970825750.0,0.5,KOSPI
009140,0,1570797,0,42097359600.0,0.0,KOSPI
013580,32824,8930907,728692800,198266135400.0,0.37,KOSPI
012200,233216,27222829,1926364160,224860567540.0,0.86,KOSPI
012205,0,1169079,0,14788849350.0,0.0,KOSPI
002140,69027,24939425,163248855,58981740125.0,0.28,KOSPI
010130,87276,20872969,114680664000,27427081266000.0,0.42,KOSPI
002240,40257,27000000,845397000,567000000000.0,0.15,KOSPI
009290,345033,49799808,2442833640,352582640640.0,0.69,KOSPI
017040,481043,43337615,448332076,40390657180.0,1.11,KOSPI
017900,444617,57943763,5535481650,721399849350.0,0.77,KOSPI
037710,0,7627172,0,276484985000.0,0.0,KOSPI
030610,200289,113962961,2363410200,1344762939800.0,0.18,KOSPI
339770,52427,49965080,214688565,204607002600.0,0.1,KOSPI
007690,0,9260832,0,320424787200.0,0.0,KOSPI
002720,51402,21159832,205608000,84639328000.0,0.24,KOSPI
083420,168676,24000000,866994640,123360000000.0,0.7,KOSPI
014530,0,34869420,0,124483829400.0,0.0,KOSPI
014280,322625,29329357,1546986875,140634266815.0,1.1,KOSPI
014285,0,589875,0,4105530000.0,0.0,KOSPI
008870,0,1000000,0,43850000000.0,0.0,KOSPI
001570,77613,63967196,768368700,633275240400.0,0.12,KOSPI
002990,0,37259974,0,154256292360.0,0.0,KOSPI
002995,0,292266,0,4158945180.0,0.0,KOSPI
011780,92450,25157325,12147930000,3305672505000.0,0.37,KOSPI
011785,0,3023486,0,170222261800.0,0.0,KOSPI
214330,0,21804651,0,69665859945.0,0.0,KOSPI
001210,182936,61880083,137933744,46657582582.0,0.3,KOSPI
073240,1496354,287260287,7085236190,1360177458945.0,0.52,KOSPI
092440,0,29200000,0,61028000000.0,0.0,KOSPI
000270,139995,390412998,20915253000,58327701901200.0,0.04,KOSPI
024110,1387103,797425869,28158190900,16187745140700.0,0.17,KOSPI
013700,0,59750830,0,78871095600.0,0.0,KOSPI
004540,186847,37240693,342490551,68262190269.0,0.5,KOSPI
004545,0,366160,0,3588368000.0,0.0,KOSPI
001260,33552,9832572,268751520,78758901720.0,0.34,KOSPI
008350,2185331,129079090,3649502770,215562080300.0,1.69,KOSPI
008355,0,307890,0,3971781000.0,0.0,KOSPI
004270,0,3621216,0,25710633600.0,0.0,KOSPI
003920,15271,6000000,718500550,282300000000.0,0.25,KOSPI
003925,0,2000000,0,72200000000.0,0.0,KOSPI
025860,430145,49678843,3307815050,382030302670.0,0.87,KOSPI
005720,0,52543977,0,349942886820.0,0.0,KOSPI
005725,0,3600600,0,16094682000.0,0.0,KOSPI
002350,30116,97667877,193344720,627027770340.0,0.03,KOSPI
002355,0,6500000,0,26585000000.0,0.0,KOSPI
092790,427578,26002000,7580957940,461015460000.0,1.64,KOSPI
251270,293032,81934571,12292692400,3437155253450.0,0.36,KOSPI
090350,31054,20000000,246258220,158600000000.0,0.16,KOSPI
090355,0,463126,0,5594562080.0,0.0,KOSPI
000320,14269,13291151,262692290,244690089910.0,0.11,KOSPI
000325,0,243559,0,6904897650.0,0.0,KOSPI
006280,120912,11686538,15670195200,1514575324800.0,1.03,KOSPI
005250,838109,47028210,13719844330,769851797700.0,1.78,KOSPI
005257,0,845990,0,24322212500.0,0.0,KOSPI
004370,58032,6082642,22806576000,2390478306000.0,0.95,KOSPI
072710,18200,4637790,1668940000,425285343000.0,0.39,KOSPI
058730,144505,19948221,423399650,58448287530.0,0.72,KOSPI
030210,43861,60911106,166671800,231462202800.0,0.07,KOSPI
023590,150711,43287312,6246970950,1794259082400.0,0.35,KOSPI
145210,0,42236668,0,9461013632.0,0.0,KOSPI
483650,151686,12421540,32688333000,2676841870000.0,1.22,KOSPI
019680,85187,84702850,103587392,102998665600.0,0.1,KOSPI
019685,0,19426990,0,18533348460.0,0.0,KOSPI
006370,0,10821611,0,56380593310.0,0.0,KOSPI
008060,7323,31287098,141626820,605092475320.0,0.02,KOSPI
00806K,0,1212357,0,14984732520.0,0.0,KOSPI
353200,0,49416925,0,6572451025000.0,0.0,KOSPI
35320K,0,2095519,0,79524946050.0,0.0,KOSPI
000490,479367,28826865,4275953640,257135635800.0,1.66,KOSPI
005750,74220,16592240,372584400,83293044800.0,0.45,KOSPI
006570,80700,15225000,161319300,30434775000.0,0.53,KOSPI
001680,356288,34648025,6833603840,664549119500.0,1.03,KOSPI
001685,0,1370223,0,21567310020.0,0.0,KOSPI
084690,64978,36212538,595198480,331706848080.0,0.18,KOSPI
084695,0,913482,0,11866131180.0,0.0,KOSPI
128820,446615,45235478,2782411450,281817027940.0,0.99,KOSPI
117580,116286,27500000,917496540,216975000000.0,0.42,KOSPI
016710,42591,16089459,337320720,127428515280.0,0.26,KOSPI
0030R0,0,59780000,0,253467200000.0,0.0,KOSPI
003540,201672,49219763,6231664800,1520890676700.0,0.41,KOSPI
003547,0,9803333,0,199007659900.0,0.0,KOSPI
003545,0,25191667,0,534063340400.0,0.0,KOSPI
009190,304718,43192625,393695656,55804871500.0,0.71,KOSPI
014160,545195,108394549,544104610,108177759902.0,0.5,KOSPI
047040,9537106,410907638,254163874900,10950688552700.0,2.32,KOSPI
003090,146950,58141980,2894915000,1145397006000.0,0.25,KOSPI
069620,32280,11586575,4218996000,1514365352500.0,0.28,KOSPI
000430,94684,62000000,391518340,256370000000.0,0.15,KOSPI
006340,1414124,78414416,19147238960,1061731192640.0,1.8,KOSPI
006345,27760,2621200,392248800,37037556000.0,1.06,KOSPI
003220,160824,22427583,1497271440,208800797730.0,0.72,KOSPI
024890,0,41249152,0,37371731712.0,0.0,KOSPI
012800,0,91140499,0,137986715486.0,0.0,KOSPI
015230,0,27143620,0,174262040400.0,0.0,KOSPI
001070,39917,5300000,241497850,32065000000.0,0.75,KOSPI
006650,15684,6500000,2018530800,836550000000.0,0.24,KOSPI
001440,447685,195992596,23279620000,10191614992000.0,0.23,KOSPI
084010,142107,34371596,1442386050,348871699400.0,0.41,KOSPI
001790,136010,89696580,362466650,239041385700.0,0.15,KOSPI
001795,0,6482760,0,14813106600.0,0.0,KOSPI
001130,17835,16900000,228823050,216827000000.0,0.11,KOSPI
439260,73846,38526312,4829528400,2519620804800.0,0.19,KOSPI
003490,1157672,368220661,28710265600,9131872392800.0,0.31,KOSPI
003495,0,1110794,0,25381642900.0,0.0,KOSPI
005880,1141751,322747340,2791581195,789117246300.0,0.35,KOSPI
003830,0,1328000,0,156438400000.0,0.0,KOSPI
016090,0,44282310,0,73242940740.0,0.0,KOSPI
069460,282762,87071952,150429384,46322278464.0,0.32,KOSPI
475560,52285,14827970,946358500,268386257000.0,0.35,KOSPI
192080,9535,21173468,580681500,1289464201200.0,0.05,KOSPI
012510,0,31477993,0,3777359160000.0,0.0,KOSPI
004830,98346,15680000,384041130,61230400000.0,0.63,KOSPI
004835,0,1392000,0,8560800000.0,0.0,KOSPI
145720,4219,8623891,195761600,400148542400.0,0.05,KOSPI
002150,0,33720000,0,196250400000.0,0.0,KOSPI
460850,23080,29898656,131786800,170721325760.0,0.08,KOSPI
460860,541212,49608017,6121107720,561066672270.0,1.09,KOSPI
001230,35156,31800483,400778400,362525506200.0,0.11,KOSPI
023450,5496,3500000,162681600,103600000000.0,0.16,KOSPI
004140,1178055,47971766,2680075125,109135767650.0,2.46,KOSPI
007590,17100,13617577,102600000,81705462000.0,0.13,KOSPI
005960,56803,22946663,408981600,165215973600.0,0.25,KOSPI
005965,0,225732,0,4006743000.0,0.0,KOSPI
026960,1455382,99700000,36748395500,2517425000000.0,1.46,KOSPI
002210,0,96619507,0,94010780311.0,0.0,KOSPI
102260,0,50669591,0,203185059910.0,0.0,KOSPI
000640,0,6732527,0,594482134100.0,0.0,KOSPI
170900,22044,9727819,886168800,391058323800.0,0.23,KOSPI
028100,14899,13389502,228848640,205662750720.0,0.11,KOSPI
001520,753150,238684063,468459300,148461487186.0,0.32,KOSPI
001527,0,308569,0,2351295780.0,0.0,KOSPI
084670,45335,2895569,2203281000,140724653400.0,1.57,KOSPI
082640,0,161358585,0,1221484488450.0,0.0,KOSPI
001525,0,617731,0,2829207980.0,0.0,KOSPI
018500,70351,46754933,114038971,75789746393.0,0.15,KOSPI
006040,243453,44140819,8533027650,1547135705950.0,0.55,KOSPI
030720,22396,4653805,134823920,28015906100.0,0.48,KOSPI
014820,89083,28991282,2035546550,662450793700.0,0.31,KOSPI
014825,0,264111,0,4254828210.0,0.0,KOSPI
111380,18164,6128000,244669080,82544160000.0,0.3,KOSPI
163560,0,13900000,0,94659000000.0,0.0,KOSPI
004890,0,2425215,0,87792783000.0,0.0,KOSPI
002690,0,20300360,0,30775345760.0,0.0,KOSPI
000020,0,27931470,0,165912931800.0,0.0,KOSPI
000150,12188,16193835,18013864000,23934488130000.0,0.08,KOSPI
000157,422,893038,204248000,432230392000.0,0.05,KOSPI
454910,1386525,64819980,132413137500,6190308090000.0,2.14,KOSPI
241560,96126,95856065,6161676600,6144373766500.0,0.1,KOSPI
034020,479393,640561146,48562510900,64888844089800.0,0.07,KOSPI
000155,0,3996462,0,2182068252000.0,0.0,KOSPI
336260,258897,65493726,20038627800,5069214392400.0,0.4,KOSPI
33626K,0,13364200,0,132973790000.0,0.0,KOSPI
33626L,0,2986300,0,33416697000.0,0.0,KOSPI
016740,62413,28674024,298646205,137205204840.0,0.22,KOSPI
192650,0,68974199,0,372460674600.0,0.0,KOSPI
024090,0,11400000,0,131784000000.0,0.0,KOSPI
003160,116008,28300000,3346830800,816455000000.0,0.41,KOSPI
092200,513079,38888569,3175959010,240720242110.0,1.32,KOSPI
377190,0,88400000,0,234702000000.0,0.0,KOSPI
013570,102121,26319633,443715745,114358805385.0,0.39,KOSPI
024900,0,32564980,0,61678072120.0,0.0,KOSPI
002880,0,46773995,0,39570799770.0,0.0,KOSPI
210540,0,11041708,0,148621389680.0,0.0,KOSPI
032350,64112,79601474,1207870080,1499691770160.0,0.08,KOSPI
089860,182725,36309388,5746701250,1141930252600.0,0.5,KOSPI
330590,1864256,288968884,7074851520,1096636914780.0,0.65,KOSPI
000400,373516,310336320,818000040,679636540800.0,0.12,KOSPI
023530,267975,28288755,41026972500,4331008390500.0,0.95,KOSPI
020150,385737,52365463,20752650600,2817261909400.0,0.74,KOSPI
280360,25135,9204574,2935768000,1075094243200.0,0.27,KOSPI
286940,39438,15129367,784027440,300771815960.0,0.26,KOSPI
004000,9188,25800000,472263200,1326120000000.0,0.04,KOSPI
004990,575078,99663776,15038289700,2606207742400.0,0.58,KOSPI
00499K,0,805603,0,21509600100.0,0.0,KOSPI
005300,31996,9278884,3618747600,1049441780400.0,0.34,KOSPI
005305,0,775310,0,60474180000.0,0.0,KOSPI
011170,68217,42775419,5389143000,3379258101000.0,0.16,KOSPI
071840,0,23607712,0,160768518720.0,0.0,KOSPI
027740,0,31755614,0,48363800122.0,0.0,KOSPI
357430,0,30505307,0,26082037485.0,0.0,KOSPI
001080,0,41500000,0,211650000000.0,0.0,KOSPI
088980,338751,478921993,3736423530,5282509582790.0,0.07,KOSPI
094800,0,92834331,0,510588820500.0,0.0,KOSPI
138040,1899209,167347273,205494413800,18106974938600.0,1.13,KOSPI
090370,0,24904689,0,31778383164.0,0.0,KOSPI
118000,0,17177736,0,30919924800.0,0.0,KOSPI
017180,240233,33953454,381249771,53884131498.0,0.71,KOSPI
009900,1429716,52470133,14225674200,522077823350.0,2.72,KOSPI
317450,24592,14600000,1195171200,709560000000.0,0.17,KOSPI
012690,242579,36571255,483945105,72959653725.0,0.66,KOSPI
005360,93633,18897307,141198564,28497138956.0,0.5,KOSPI
070960,341234,48133333,948630520,133810665740.0,0.71,KOSPI
009680,0,21733094,0,224068199140.0,0.0,KOSPI
009580,513982,62368324,1153889590,140016887380.0,0.82,KOSPI
009200,410409,41609310,708776343,71859278370.0,0.99,KOSPI
033920,0,28500000,0,227715000000.0,0.0,KOSPI
008420,47960,20503505,110308000,47158061500.0,0.23,KOSPI
025560,22265,5090828,592249000,135416024800.0,0.44,KOSPI
007120,0,28878608,0,42047253248.0,0.0,KOSPI
396690,0,39605940,0,61349601060.0,0.0,KOSPI
357250,0,24995105,0,51739867350.0,0.0,KOSPI
085620,804257,135180000,11476747390,1929018600000.0,0.59,KOSPI
006800,16172323,559566880,1002684026000,34693146560000.0,2.89,KOSPI
00680K,146189,136500000,2451589530,2289105000000.0,0.11,KOSPI
006805,0,14075750,0,255193347500.0,0.0,KOSPI
081660,10432,53091840,408412800,2078545536000.0,0.02,KOSPI
002840,5251,4750000,666877000,603250000000.0,0.11,KOSPI
268280,0,5000000,0,548500000000.0,0.0,KOSPI
107590,3699,2320000,213432300,133864000000.0,0.16,KOSPI
134380,9995,21992680,114942500,252915820000.0,0.05,KOSPI
003650,1598,1739672,193358000,210500312000.0,0.09,KOSPI
377740,0,101886048,0,508920809760.0,0.0,KOSPI
003610,0,36202158,0,191871437400.0,0.0,KOSPI
035150,103655,20028841,1150570500,222320135100.0,0.52,KOSPI
002410,0,27479820,0,53173451700.0,0.0,KOSPI
007210,321276,65360000,539743680,109804800000.0,0.49,KOSPI
002760,1005405,59900000,1010432025,60199500000.0,1.68,KOSPI
003850,21434,85787207,198264500,793531664750.0,0.02,KOSPI
000890,93331,27624025,156329425,46270241875.0,0.34,KOSPI
003000,0,98664671,0,508123055650.0,0.0,KOSPI
001270,39518,10369886,2450116000,642932932000.0,0.38,KOSPI
001275,0,3000000,0,94800000000.0,0.0,KOSPI
026940,0,20000000,0,45500000000.0,0.0,KOSPI
011390,0,1056000,0,59875200000.0,0.0,KOSPI
005030,0,92782988,0,45092532168.0,0.0,KOSPI
006740,0,56975588,0,33558621332.0,0.0,KOSPI
002070,0,2404344,0,21566965680.0,0.0,KOSPI
100220,0,12996741,0,78630283050.0,0.0,KOSPI
090460,61901,33711538,1996307250,1087197100500.0,0.18,KOSPI
005180,159635,9269031,11717209000,680346875400.0,1.72,KOSPI
003960,54453,9164467,1579137000,265769543000.0,0.59,KOSPI
008040,678014,141144600,683438112,142273756800.0,0.48,KOSPI
007160,5328,5000000,249084000,233750000000.0,0.11,KOSPI
014710,26066,17218543,184286620,121735099010.0,0.15,KOSPI
006090,27378,9422739,224225820,77172232410.0,0.29,KOSPI
062040,80402,30615850,19738691000,7516191175000.0,0.26,KOSPI
005610,24889,8629009,1101338250,381833648250.0,0.29,KOSPI
001470,0,229681824,0,79699592928.0,0.0,KOSPI
028050,727459,196000000,34481556600,9290400000000.0,0.37,KOSPI
448730,0,91050000,0,463444500000.0,0.0,KOSPI
006400,38904,80585530,22175280000,45933752100000.0,0.05,KOSPI
006405,2186,1617896,629568000,465954048000.0,0.14,KOSPI
006660,59350,8126314,669468000,91664821920.0,0.73,KOSPI
028260,185359,162167581,68675509500,60083088760500.0,0.11,KOSPI
02826K,0,1467590,0,316265645000.0,0.0,KOSPI
207940,116325,46290951,155526525000,61891001487000.0,0.25,KOSPI
032830,509456,200000000,158950272000,62400000000000.0,0.25,KOSPI
018260,926762,77377800,152730377600,12751861440000.0,1.2,KOSPI
0126Z0,432135,24883049,200726707500,11558176260500.0,1.74,KOSPI
009150,97828,74693696,103795508000,79250011456000.0,0.13,KOSPI
009155,0,2906984,0,1110467888000.0,0.0,KOSPI
005930,94881,5846278608,26187156000,1613572895808000.0,0.0,KOSPI
005935,0,802371203,0,142661599893400.0,0.0,KOSPI
001360,876515,94162079,1384893700,148776084820.0,0.93,KOSPI
010140,5199885,880000000,143776820250,24332000000000.0,0.59,KOSPI
016360,75762,89300000,8538377400,10064110000000.0,0.08,KOSPI
068290,0,10000000,0,73000000000.0,0.0,KOSPI
029780,61048,115858891,2951670800,5601777379850.0,0.05,KOSPI
000810,53065,44647473,28814295000,24243577839000.0,0.12,KOSPI
000815,2237,3007020,837756500,1126128990000.0,0.07,KOSPI
006110,4547,15123455,377855700,1256759110500.0,0.03,KOSPI
0120G0,114081,7435870,6742187100,439459917000.0,1.53,KOSPI
145990,16749,10313449,722719350,445025324350.0,0.16,KOSPI
145995,0,370070,0,11897750500.0,0.0,KOSPI
003230,351137,7533015,476492909000,10222301355000.0,4.66,KOSPI
272550,132717,15068406,1313898300,149177219400.0,0.88,KOSPI
000070,0,7763191,0,452594035300.0,0.0,KOSPI
003720,190697,34000000,1914597880,341360000000.0,0.56,KOSPI
002810,0,18466948,0,384112518400.0,0.0,KOSPI
005680,55935,20000000,712611900,254800000000.0,0.28,KOSPI
023000,0,39739956,0,88620101880.0,0.0,KOSPI
004380,86717,20700000,1165476480,278208000000.0,0.42,KOSPI
002450,0,90530915,0,120496647865.0,0.0,KOSPI
004440,20147,12731947,120882000,76391682000.0,0.16,KOSPI
000520,370980,21691811,2908483200,170063798240.0,1.71,KOSPI
009770,0,2499971,0,71499170600.0,0.0,KOSPI
005500,76719,13320000,1657130400,287712000000.0,0.58,KOSPI
004690,1017,3626777,125294400,446818926400.0,0.03,KOSPI
010960,0,24120000,0,83817000000.0,0.0,KOSPI
004450,0,2154379,0,58383670900.0,0.0,KOSPI
009470,43180,6613820,1472438000,225531262000.0,0.65,KOSPI
011230,54861,19165785,112465050,39289859250.0,0.29,KOSPI
001820,289870,10395000,22783782000,817047000000.0,2.79,KOSPI
001290,508842,108337120,553620096,117870786560.0,0.47,KOSPI
041650,40675,21471450,102297625,54000696750.0,0.19,KOSPI
075180,0,19200000,0,56256000000.0,0.0,KOSPI
007540,0,2875800,0,133149540000.0,0.0,KOSPI
248170,0,4568286,0,114663978600.0,0.0,KOSPI
007860,29295,23479844,248714550,199343875560.0,0.12,KOSPI
200880,375515,27028437,4810347150,346234277970.0,1.39,KOSPI
017390,0,4950000,0,296010000000.0,0.0,KOSPI
031210,19993,69821598,912680450,3187355948700.0,0.03,KOSPI
004410,2270249,394550136,358699342,62338921488.0,0.58,KOSPI
004415,0,2224500,0,2653828500.0,0.0,KOSPI
021050,80749,47474590,115551819,67936138290.0,0.17,KOSPI
008490,25947,11569113,590294250,263197320750.0,0.22,KOSPI
007610,208823,18000000,1848083550,159300000000.0,1.16,KOSPI
136490,32996,23779604,343488360,247545677640.0,0.14,KOSPI
014910,152218,21857257,475681250,68303928125.0,0.7,KOSPI
014915,0,600000,0,3852000000.0,0.0,KOSPI
004980,234322,24516073,2137016640,223586585760.0,0.96,KOSPI
004985,0,735645,0,7812549900.0,0.0,KOSPI
000180,0,13950320,0,82585894400.0,0.0,KOSPI
002420,0,5969948,0,36237584360.0,0.0,KOSPI
004360,40442,19115603,565783580,267427285970.0,0.21,KOSPI
004365,0,3689250,0,34310025000.0,0.0,KOSPI
004490,108958,13860000,6123439600,778932000000.0,0.79,KOSPI
001430,691029,35862119,41945460300,2176830623300.0,1.93,KOSPI
306200,25668,2836300,3801430800,420056030000.0,0.9,KOSPI
003030,7812,4141657,1311634800,695384210300.0,0.19,KOSPI
058650,5897,4242236,918752600,660940368800.0,0.14,KOSPI
013000,0,28705031,0,41765820105.0,0.0,KOSPI
021820,0,10000000,0,126000000000.0,0.0,KOSPI
067830,0,41040895,0,110810416500.0,0.0,KOSPI
075580,312581,56849456,4754357010,864680225760.0,0.55,KOSPI
068270,237130,222122341,42541122000,39848747975400.0,0.11,KOSPI
336370,391081,70217344,3930364050,705684307200.0,0.56,KOSPI
33637K,0,16908766,0,34493882640.0,0.0,KOSPI
33637L,0,3778296,0,11712717600.0,0.0,KOSPI
248070,568435,47816236,11135641650,936720063240.0,1.19,KOSPI
004430,25226,24000000,290099000,276000000000.0,0.11,KOSPI
017550,314205,62399130,804364800,159741772800.0,0.5,KOSPI
126720,37745,14286000,1041762000,394293600000.0,0.26,KOSPI
053210,0,47522955,0,209576231550.0,0.0,KOSPI
026890,124540,38770837,1038663600,323348780580.0,0.32,KOSPI
134790,0,2000000,0,38460000000.0,0.0,KOSPI
462870,612131,58654340,17476340050,1674581407000.0,1.04,KOSPI
016590,208177,40297820,2156713720,417485415200.0,0.52,KOSPI
029530,4469,9715729,188815250,410489550250.0,0.05,KOSPI
004970,0,16000000,0,144640000000.0,0.0,KOSPI
011930,383768,20584815,10246605600,549614560500.0,1.86,KOSPI
004170,1586,9445181,784277000,4670642004500.0,0.02,KOSPI
035510,103958,13980900,1670605060,224673063000.0,0.74,KOSPI
031430,22119,34986000,307454100,486305400000.0,0.06,KOSPI
031440,0,3872480,0,172325360000.0,0.0,KOSPI
006880,20367,11828858,123424020,71682879480.0,0.17,KOSPI
005800,0,9000000,0,126270000000.0,0.0,KOSPI
001720,93510,16440000,15887349000,2793156000000.0,0.57,KOSPI
009270,210684,114770393,239969076,130723477627.0,0.18,KOSPI
002700,493117,70047521,656338727,93233250451.0,0.7,KOSPI
002870,0,34958700,0,41181348600.0,0.0,KOSPI
019170,825705,52418522,8702930700,552491221880.0,1.58,KOSPI
019175,0,1991230,0,34229243700.0,0.0,KOSPI
481850,0,43477664,0,42912454368.0,0.0,KOSPI
404990,0,61232584,0,225335909120.0,0.0,KOSPI
293940,147128,120940123,782720960,643401454360.0,0.12,KOSPI
055550,184754,474654361,17366876000,44617509934000.0,0.04,KOSPI
004080,0,9400000,0,130660000000.0,0.0,KOSPI
004770,162598,35507438,268449298,58622780138.0,0.46,KOSPI
403550,0,32841902,0,411509032060.0,0.0,KOSPI
004920,0,52179872,0,53536548672.0,0.0,KOSPI
112610,282856,42171403,14001372000,2087484448500.0,0.67,KOSPI
480370,0,32481408,0,65450037120.0,0.0,KOSPI
308170,27995,8610000,124577750,38314500000.0,0.33,KOSPI
008700,733334,77124820,916667500,96406025000.0,0.95,KOSPI
090430,1080612,58492759,125459053200,6791009319900.0,1.85,KOSPI
090435,0,10557830,0,422841091500.0,0.0,KOSPI
002790,228987,76458180,5415542550,1808235957000.0,0.3,KOSPI
00279K,0,7092200,0,148936200000.0,0.0,KOSPI
002795,0,6381172,0,68597599000.0,0.0,KOSPI
002030,4518,2058852,1045917000,476624238000.0,0.22,KOSPI
183190,105002,36506428,1075220480,373825822720.0,0.29,KOSPI
002310,257617,39449510,2094426210,320724516300.0,0.65,KOSPI
012170,0,19393296,0,20576287056.0,0.0,KOSPI
267850,10238,11100000,100946680,109446000000.0,0.09,KOSPI
020560,250431,205990711,1748008380,1437815162780.0,0.12,KOSPI
122900,15023,33428840,108315830,241021936400.0,0.04,KOSPI
010780,38691,30186976,1075609800,839197932800.0,0.13,KOSPI
031820,0,12105146,0,87762308500.0,0.0,KOSPI
139990,74427,38755414,221048190,115103579580.0,0.19,KOSPI
009320,119200,49299770,116220000,48067275750.0,0.24,KOSPI
001780,1028965,96830132,2490095300,234328919440.0,1.06,KOSPI
018250,310114,26409935,3904335260,332501081650.0,1.17,KOSPI
161000,746850,48648709,10836793500,705892767590.0,1.54,KOSPI
011090,0,11998328,0,21836956960.0,0.0,KOSPI
137310,1695666,120749102,13650111300,972030271100.0,1.4,KOSPI
005850,524278,46448520,30879974200,2735817828000.0,1.13,KOSPI
010580,269348,111251760,544082960,224728555200.0,0.24,KOSPI
012750,272353,37999178,18874062900,2633343035400.0,0.72,KOSPI
023960,0,38035975,0,45262810250.0,0.0,KOSPI
298690,0,116640000,0,218700000000.0,0.0,KOSPI
140910,0,4463032,0,13969290160.0,0.0,KOSPI
078520,134218,26014161,1782415040,345468058080.0,0.52,KOSPI
015260,0,47116894,0,27233564732.0,0.0,KOSPI
007460,184035,21953668,748102275,89241660420.0,0.84,KOSPI
003060,0,13227189,0,42459276690.0,0.0,KOSPI
244920,41321,22607693,485521750,265640392750.0,0.18,KOSPI
278470,183709,37438155,71646510000,14600880450000.0,0.49,KOSPI
450080,995206,70705607,58916195200,4185771934400.0,1.41,KOSPI
019490,269500,76432270,145799500,41349858070.0,0.35,KOSPI
085310,566552,74180743,662299288,86717288567.0,0.76,KOSPI
900140,436769,193240432,659084421,291599811888.0,0.23,KOSPI
066970,479093,40455487,71145310500,6007639819500.0,1.18,KOSPI
097520,76801,17401500,1589780700,360211050000.0,0.44,KOSPI
484870,0,9153900,0,746958240000.0,0.0,KOSPI
014440,26974,20000000,125429100,93000000000.0,0.13,KOSPI
111770,107682,44311468,9099129000,3744319046000.0,0.24,KOSPI
009970,76187,13499237,14886939800,2637750909800.0,0.56,KOSPI
003520,2696808,182892731,3975094992,269583885494.0,1.47,KOSPI
000670,9328,18410683,491585600,970242994100.0,0.05,KOSPI
012280,0,51664505,0,48719628215.0,0.0,KOSPI
012160,0,101310372,0,41030700660.0,0.0,KOSPI
007310,49253,4007830,16893779000,1374685690000.0,1.23,KOSPI
002630,931589,118583005,449957487,57275591415.0,0.79,KOSPI
271560,37132,39536132,4997967200,5321563367200.0,0.09,KOSPI
001800,47583,62645422,1165783500,1534812839000.0,0.08,KOSPI
005320,0,34187845,0,38187822865.0,0.0,KOSPI
011690,62537,36704394,358962380,210683221560.0,0.17,KOSPI
316140,170501,734076320,5132080100,22095697232000.0,0.02,KOSPI
006980,6757,3090000,147302600,67362000000.0,0.22,KOSPI
011300,0,15856381,0,37817468685.0,0.0,KOSPI
017370,30009,18314054,146443920,89372583520.0,0.16,KOSPI
105840,163456,20197670,3301811200,407992934000.0,0.81,KOSPI
010400,0,7622000,0,27515420000.0,0.0,KOSPI
049800,0,20000000,0,44900000000.0,0.0,KOSPI
016880,122800,79927080,275686000,179436294600.0,0.15,KOSPI
095720,0,56827085,0,96378736160.0,0.0,KOSPI
005820,8596,2297970,126275240,33757179300.0,0.37,KOSPI
008600,0,6723603,0,17615839860.0,0.0,KOSPI
033270,72688,15910775,1381798880,302463832750.0,0.46,KOSPI
014830,33002,6767600,2369543600,485913680000.0,0.49,KOSPI
446070,96732,10611215,261176400,28650280500.0,0.91,KOSPI
000910,57500,15611619,219362500,59558326485.0,0.37,KOSPI
047400,409616,42000000,624664400,64050000000.0,0.98,KOSPI
011330,200000,90187837,108200000,48791619817.0,0.22,KOSPI
077500,74534,21600102,508321880,147312695640.0,0.35,KOSPI
002920,0,25947500,0,46627657500.0,0.0,KOSPI
000700,0,26041812,0,145834147200.0,0.0,KOSPI
003470,200595,199596576,1119320100,1113748894080.0,0.1,KOSPI
003475,0,12912212,0,55135145240.0,0.0,KOSPI
072130,0,12695454,0,60557315580.0,0.0,KOSPI
000220,0,17032351,0,65319066085.0,0.0,KOSPI
000225,0,2266930,0,9158397200.0,0.0,KOSPI
000227,0,325560,0,3470469600.0,0.0,KOSPI
001200,467134,96866418,2312313300,479488769100.0,0.48,KOSPI
000100,857022,79647601,69847293000,6491279481500.0,1.08,KOSPI
000105,1823,1180940,126698500,82075330000.0,0.15,KOSPI
003460,75348,56702415,232071840,174643438200.0,0.13,KOSPI
003465,0,17476425,0,55575031500.0,0.0,KOSPI
008730,90633,24800000,1867039800,510880000000.0,0.37,KOSPI
008250,53185,10952635,176308275,36307985025.0,0.49,KOSPI
025820,174282,33442000,941122800,180586800000.0,0.52,KOSPI
214320,11000,40000000,226050000,822000000000.0,0.03,KOSPI
088260,0,63341590,0,266034678000.0,0.0,KOSPI
139480,229362,27595819,20298537000,2442229981500.0,0.83,KOSPI
457190,737972,30218872,67376843600,2758983013600.0,2.44,KOSPI
007660,13816,73409219,1680025600,8926561030400.0,0.02,KOSPI
005950,166110,26294169,2338828800,370221899520.0,0.63,KOSPI
015020,0,42851600,0,19883142400.0,0.0,KOSPI
074610,0,8770137,0,44815400070.0,0.0,KOSPI
102460,179793,18586811,2062225710,213190722170.0,0.97,KOSPI
084680,355034,141806193,562018822,224479203519.0,0.25,KOSPI
350520,0,36866202,0,126266741850.0,0.0,KOSPI
334890,130388,69448683,516988420,275364028095.0,0.19,KOSPI
000760,0,2800000,0,42028000000.0,0.0,KOSPI
014990,0,75112995,0,42814407150.0,0.0,KOSPI
101140,0,10044216,0,65990499120.0,0.0,KOSPI
006490,2287832,145886117,862512664,54999066109.0,1.57,KOSPI
023800,0,15809197,0,110032011120.0,0.0,KOSPI
034590,0,4374754,0,115274767900.0,0.0,KOSPI
129260,92564,29747874,199938240,64255407840.0,0.31,KOSPI
023810,40584,10000000,249591600,61500000000.0,0.41,KOSPI
249420,282609,31638252,5793484500,648584166000.0,0.89,KOSPI
000230,40826,11540400,322933660,91284564000.0,0.35,KOSPI
013360,269798,54024880,401729222,80443046320.0,0.5,KOSPI
003120,11247,13300000,222690600,263340000000.0,0.08,KOSPI
003200,13539,22960000,144867300,245672000000.0,0.06,KOSPI
007110,441347,77456610,546387586,95891283180.0,0.57,KOSPI
007570,11169,19085664,107222400,183222374400.0,0.06,KOSPI
007575,0,445080,0,4032424800.0,0.0,KOSPI
008500,0,6000000,0,12450000000.0,0.0,KOSPI
081000,31590,14202975,380975400,171287878500.0,0.22,KOSPI
020760,0,56523761,0,50984432422.0,0.0,KOSPI
103590,113288,47685390,11340128800,4773307539000.0,0.24,KOSPI
271940,116925,36313190,1667350500,517826089400.0,0.32,KOSPI
015860,0,49347483,0,521602895310.0,0.0,KOSPI
226320,108692,21929315,1234741120,249117018400.0,0.5,KOSPI
317400,0,38782520,0,152415303600.0,0.0,KOSPI
033240,38341,21605502,1725345000,972247590000.0,0.18,KOSPI
000950,5418,1680000,150891300,46788000000.0,0.32,KOSPI
079900,94148,14592545,5140480800,796752957000.0,0.65,KOSPI
348950,285392,197376000,337333344,233298432000.0,0.14,KOSPI
194370,44457,29016758,520591470,339786236180.0,0.15,KOSPI
030000,654004,115041225,12203714640,2146669258500.0,0.57,KOSPI
271980,0,14704872,0,190428092400.0,0.0,KOSPI
001560,0,7600000,0,77140000000.0,0.0,KOSPI
002620,0,15973355,0,136891652350.0,0.0,KOSPI
006220,141932,37798557,1504479200,400664704200.0,0.38,KOSPI
089590,259409,80640985,1230895705,382641473825.0,0.32,KOSPI
004910,30653,12800000,123071795,51392000000.0,0.24,KOSPI
004700,4065,6649138,244306500,399613193800.0,0.06,KOSPI
001550,9466,5192239,117851700,64643375550.0,0.18,KOSPI
462520,13495,11855168,190954250,167750627200.0,0.11,KOSPI
120030,0,1257651,0,113440120200.0,0.0,KOSPI
018470,1447897,126631721,1999545757,174878406701.0,1.14,KOSPI
002600,0,600000,0,85260000000.0,0.0,KOSPI
185750,96004,13802780,7536314000,1083518230000.0,0.7,KOSPI
063160,57949,5485962,1018163930,96388352340.0,1.06,KOSPI
001630,0,5009861,0,227698182450.0,0.0,KOSPI
109070,112684,52810230,163617168,76680453960.0,0.21,KOSPI
044380,0,12896316,0,21278921400.0,0.0,KOSPI
013890,229426,21925813,2594808060,247980945030.0,1.05,KOSPI
013870,0,19072280,0,81438635600.0,0.0,KOSPI
071320,13357,11578744,960368300,832511693600.0,0.12,KOSPI
088790,74700,12447744,205051500,34169057280.0,0.6,KOSPI
003780,90340,13000000,486932600,70070000000.0,0.69,KOSPI
010640,0,16700000,0,35070000000.0,0.0,KOSPI
100250,55000,63900000,164450000,191061000000.0,0.09,KOSPI
051630,0,21200000,0,39622800000.0,0.0,KOSPI
272450,37315,52200000,215307550,301194000000.0,0.07,KOSPI
011000,3491279,90882907,5704749886,148502670038.0,3.84,KOSPI
002780,842983,145471745,908735674,156818541110.0,0.58,KOSPI
002787,0,294808,0,2358464000.0,0.0,KOSPI
002785,0,857218,0,2357349500.0,0.0,KOSPI
025620,62689,18203973,435688550,126517612350.0,0.34,KOSPI
009310,0,4377014,0,23329484620.0,0.0,KOSPI
000650,3094,1429220,714714000,330149820000.0,0.22,KOSPI
033250,0,6400000,0,25280000000.0,0.0,KOSPI
035720,1458857,441690614,58573108550,17733878152100.0,0.33,KOSPI
323410,9646329,477120437,211736921550,10472793592150.0,2.02,KOSPI
377300,562337,135256275,25501982950,6133872071250.0,0.42,KOSPI
006380,0,168999996,0,618539985360.0,0.0,KOSPI
279570,2290235,405695151,12184050200,2158298203320.0,0.56,KOSPI
001620,0,22258606,0,58317547720.0,0.0,KOSPI
029460,11474,11020535,370036500,355412253750.0,0.1,KOSPI
281820,45302,19798661,2989932000,1306711626000.0,0.23,KOSPI
381970,100044,48820848,974428560,475515059520.0,0.2,KOSPI
145270,0,48060774,0,39265652358.0,0.0,KOSPI
417310,0,40400000,0,410464000000.0,0.0,KOSPI
357120,88026,97335354,388194660,429248911140.0,0.09,KOSPI
007815,0,2964690,0,56595932100.0,0.0,KOSPI
007810,35181,23982620,3148699500,2146444490000.0,0.15,KOSPI
00781K,0,783699,0,14333854710.0,0.0,KOSPI
003690,23900,176721031,332449000,2458189541210.0,0.01,KOSPI
192820,457605,11349509,79165665000,1963465057000.0,4.03,KOSPI
044820,0,9603921,0,185547753720.0,0.0,KOSPI
005070,876580,33214571,40848628000,1547799008600.0,2.64,KOSPI
005420,738128,38408228,10038540800,522351900800.0,1.92,KOSPI
071950,0,12459195,0,19224537885.0,0.0,KOSPI
002020,20811,12907680,1321498500,819637680000.0,0.16,KOSPI
003070,20000,25423959,193000000,245341204350.0,0.08,KOSPI
003075,0,740737,0,10096245310.0,0.0,KOSPI
002025,0,1160437,0,34406957050.0,0.0,KOSPI
120110,179133,29946032,12718443000,2126168272000.0,0.6,KOSPI
120115,0,2767860,0,71964360000.0,0.0,KOSPI
021240,0,70767426,0,6241686973200.0,0.0,KOSPI
036420,33732,19262308,189236520,108061547880.0,0.18,KOSPI
024720,209153,34296259,1924207600,315525582800.0,0.61,KOSPI
192400,9205,35562185,241631250,933507356250.0,0.03,KOSPI
284740,12618,22437330,283274100,503718058500.0,0.06,KOSPI
264900,12741,12523850,105368070,103572239500.0,0.1,KOSPI
26490K,0,773560,0,6923362000.0,0.0,KOSPI
005740,23500,14847347,152515000,96359282030.0,0.16,KOSPI
005745,0,600726,0,4301198160.0,0.0,KOSPI
259960,144366,46132393,38329173000,12248150341500.0,0.31,KOSPI
020120,27910,37063766,100196900,133058919940.0,0.08,KOSPI
039490,0,26228316,0,9533992866000.0,0.0,KOSPI
014580,172766,27583100,747212950,119296907500.0,0.63,KOSPI
015890,46408,29228750,226703080,142782443750.0,0.16,KOSPI
006890,118945,11600000,918255400,89552000000.0,1.03,KOSPI
003240,4279,1113400,4146351000,1078884600000.0,0.38,KOSPI
011280,524071,70805940,944375942,127592303880.0,0.74,KOSPI
004100,121650,36700000,324197250,97805500000.0,0.33,KOSPI
004105,0,3300000,0,11929500000.0,0.0,KOSPI
009410,366389,297590078,626525190,508879033380.0,0.12,KOSPI
009415,0,649974,0,4744810200.0,0.0,KOSPI
001420,0,7600000,0,21394000000.0,0.0,KOSPI
055490,0,4769650,0,87332291500.0,0.0,KOSPI
078000,0,9240077,0,141188376560.0,0.0,KOSPI
214420,252878,24054799,1613361640,153469617620.0,1.05,KOSPI
091810,503996,412969485,416804692,341525764095.0,0.12,KOSPI
019180,39843,18000000,281690010,127260000000.0,0.22,KOSPI
217590,107772,24094225,2834403600,633678117500.0,0.45,KOSPI
363280,62259,45497333,152223255,111240979185.0,0.14,KOSPI
36328K,0,1174949,0,4394309260.0,0.0,KOSPI
004870,0,113163494,0,45265397600.0,0.0,KOSPI
034230,1444716,92629382,20457178560,1311632049120.0,1.56,KOSPI
005690,477381,60016964,7222774530,908056665320.0,0.8,KOSPI
036580,0,36727943,0,103021880115.0,0.0,KOSPI
004720,110941,21954502,396614075,78487344650.0,0.51,KOSPI
028670,474170,534569512,2740702600,3089811779360.0,0.09,KOSPI
010820,410678,48771938,4484603760,532589562960.0,0.84,KOSPI
016800,0,11500000,0,347300000000.0,0.0,KOSPI
001020,0,177983313,0,119960752962.0,0.0,KOSPI
090080,162942,54902259,151861944,51168905388.0,0.3,KOSPI
010770,0,14625466,0,62596994480.0,0.0,KOSPI
022100,3540049,152034729,104962452850,4507829714850.0,2.33,KOSPI
058430,332926,60000000,2040836380,367800000000.0,0.55,KOSPI
047050,1447306,175922788,98706269200,11997934141600.0,0.82,KOSPI
003670,2703286,88946220,585261419000,19256856630000.0,3.04,KOSPI
017810,150894,38120542,1620601560,409414621080.0,0.4,KOSPI
103140,405746,28024278,34285537000,2368051491000.0,1.45,KOSPI
005810,96721,14417292,3820479500,569483034000.0,0.67,KOSPI
950210,0,60096155,0,440504816150.0,0.0,KOSPI
009810,0,15188750,0,32200150000.0,0.0,KOSPI
086790,22123,274367748,2557418800,31716911668800.0,0.01,KOSPI
293480,71790,17772946,705695700,174708059180.0,0.4,KOSPI
039130,264692,15489932,9873011600,577774463600.0,1.71,KOSPI
352820,1085892,43102249,245954538000,9762659398500.0,2.52,KOSPI
071090,99156,20191471,367868760,74910357410.0,0.49,KOSPI
000080,2283318,70133611,38154243780,1171932639810.0,3.26,KOSPI
000087,0,1130138,0,15539397500.0,0.0,KOSPI
000140,15068,23206765,128379360,197721637800.0,0.06,KOSPI
000145,0,470810,0,5014126500.0,0.0,KOSPI
036460,298508,92313000,11059721400,3420196650000.0,0.32,KOSPI
005430,4168,3166355,310099200,235576812000.0,0.13,KOSPI
071050,26404,55725992,6138930000,12956293140000.0,0.05,KOSPI
071055,4889,5858251,786151200,942006760800.0,0.08,KOSPI
010040,58800,41067062,104193600,72770833864.0,0.14,KOSPI
025540,3400,10115000,269620000,802119500000.0,0.03,KOSPI
010100,554478,30450420,2350986720,129109780800.0,1.82,KOSPI
004090,7972,12694120,106984240,170355090400.0,0.06,KOSPI
002200,48720,38000000,124236000,96900000000.0,0.13,KOSPI
002960,7976,1300000,4458584000,726700000000.0,0.61,KOSPI
000240,154251,94935240,3455222400,2126549376000.0,0.16,KOSPI
123890,196619,122373926,466970125,290638074250.0,0.16,KOSPI
015760,1740660,641964077,64230354000,23688474441300.0,0.27,KOSPI
006200,0,9360627,0,27613849650.0,0.0,KOSPI
027970,0,190150720,0,136528216960.0,0.0,KOSPI
023350,0,10950000,0,54093000000.0,0.0,KOSPI
025890,0,11144616,0,20985311928.0,0.0,KOSPI
000970,0,22800500,0,153219360000.0,0.0,KOSPI
104700,87840,36450000,807249600,334975500000.0,0.24,KOSPI
017960,255109,52278600,9030858600,1850662440000.0,0.49,KOSPI
161890,57825,23605077,5157990000,2105572868400.0,0.24,KOSPI
161390,32511,123875069,1927902300,7345791591700.0,0.03,KOSPI
034830,505617,252489230,710897502,354999857380.0,0.2,KOSPI
007280,0,30406655,0,73736138375.0,0.0,KOSPI
047810,2753104,97475107,434990432000,15401066906000.0,2.82,KOSPI
123690,362968,16068000,2773075520,122759520000.0,2.26,KOSPI
003350,113774,22660000,1012588600,201674000000.0,0.5,KOSPI
011500,178095,15637042,3278728950,287877943220.0,1.14,KOSPI
002390,48387,13763533,435483000,123871797000.0,0.35,KOSPI
053690,81111,10957550,1739830950,235039447500.0,0.74,KOSPI
042700,6270776,95312200,1802848100000,27402257500000.0,6.58,KOSPI
008930,215623,68391550,6716656450,2130396782500.0,0.32,KOSPI
128940,35500,12810991,14714750000,5310155769500.0,0.28,KOSPI
009240,345111,23533928,10870996500,741318732000.0,1.47,KOSPI
020000,0,21476994,0,529407902100.0,0.0,KOSPI
003680,0,6209515,0,30023005025.0,0.0,KOSPI
105630,92875,40000000,860022500,370400000000.0,0.23,KOSPI
069640,0,22403251,0,29661904324.0,0.0,KOSPI
016450,0,40000000,0,169400000000.0,0.0,KOSPI
009180,38533,28155825,113672350,83059683750.0,0.14,KOSPI
213500,29303,23800576,203362820,165175997440.0,0.12,KOSPI
014680,297397,11370195,82230270500,3143858917500.0,2.62,KOSPI
004710,122581,31417517,1714908190,439531062830.0,0.39,KOSPI
004150,125147,41026620,454909345,149131763700.0,0.31,KOSPI
025750,0,16113029,0,38590704455.0,0.0,KOSPI
004960,121768,11570702,1546453600,146947915400.0,1.05,KOSPI
011700,298732,32446151,1063485920,115508297560.0,0.92,KOSPI
001750,17596,12728534,415265600,300393402400.0,0.14,KOSPI
001755,0,525000,0,13308750000.0,0.0,KOSPI
018880,3279853,1026262552,14283759815,4469373413960.0,0.32,KOSPI
009420,824901,52240638,32336119200,2047833009600.0,1.58,KOSPI
014130,0,12000000,0,29940000000.0,0.0,KOSPI
300720,995579,73545209,14933685000,1103178135000.0,1.35,KOSPI
002220,58411,26697460,265770050,121473443000.0,0.22,KOSPI
003300,103628,30832884,1717115960,510900887880.0,0.34,KOSPI
051600,330914,45000000,17372985000,2362500000000.0,0.74,KOSPI
052690,68635,38220000,9300042500,5178810000000.0,0.18,KOSPI
130660,281603,32600000,4108587770,475634000000.0,0.86,KOSPI
002320,38439,15518616,676526400,273127641600.0,0.25,KOSPI
003480,40000,29529812,218400000,161232773520.0,0.14,KOSPI
180640,1664835,66762279,181799982000,7290440866800.0,2.49,KOSPI
18064K,0,536766,0,15673567200.0,0.0,KOSPI
005110,0,21106407,0,26467434378.0,0.0,KOSPI
009460,0,11933497,0,27447043100.0,0.0,KOSPI
372910,289007,27674406,637260435,61022065230.0,1.04,KOSPI
000880,283590,70507919,34881570000,8672474037000.0,0.4,KOSPI
00088K,19215,19404441,875243250,883872287550.0,0.1,KOSPI
452260,1374392,193859610,3958248960,558315676800.0,0.71,KOSPI
45226K,0,2904470,0,19227591400.0,0.0,KOSPI
451800,108229,179600000,538980420,894408000000.0,0.06,KOSPI
489790,1130479,50488390,74385518200,3322136062000.0,2.24,KOSPI
088350,8296968,868530000,43973930400,4603209000000.0,0.96,KOSPI
000370,197004,116738915,1434189120,849859301200.0,0.17,KOSPI
009830,937753,171892536,37463232350,6867106813200.0,0.55,KOSPI
009835,8730,2575349,200353500,59104259550.0,0.34,KOSPI
272210,2709287,188919389,275263559200,19194209922400.0,1.43,KOSPI
012450,41900,51563401,52333100000,64402687849000.0,0.08,KOSPI
082740,105325,83447142,7330620000,5807921083200.0,0.13,KOSPI
042660,2819968,306413394,311606464000,33858680037000.0,0.92,KOSPI
003530,3074968,214547775,19310799040,1347360027000.0,1.43,KOSPI
003535,0,4800000,0,35856000000.0,0.0,KOSPI
195870,35741,17000000,2812816700,1337900000000.0,0.21,KOSPI
101530,0,29116822,0,183435978600.0,0.0,KOSPI
143210,0,21875747,0,26229020653.0,0.0,KOSPI
000720,1259769,111355765,171580537800,15166655193000.0,1.13,KOSPI
000725,0,1054693,0,62859702800.0,0.0,KOSPI
453340,0,32471587,0,586436861220.0,0.0,KOSPI
086280,198521,75000000,41788670500,15787500000000.0,0.26,KOSPI
064350,42678,109142293,8130159000,20791606816500.0,0.04,KOSPI
079430,105629,20114202,691869950,131748023100.0,0.53,KOSPI
012330,192801,90732583,103148535000,48541931905000.0,0.21,KOSPI
069960,45376,21564912,4710028800,2238437865600.0,0.21,KOSPI
004560,181861,15078811,2738826660,227086893660.0,1.21,KOSPI
004310,230335,32000000,1669928750,232000000000.0,0.72,KOSPI
017800,4859,39092385,394550800,3174301662000.0,0.01,KOSPI
307950,259606,27423982,144860148000,15302581956000.0,0.95,KOSPI
011210,320969,27195083,24907194400,2110338440800.0,1.18,KOSPI
004020,434674,133445785,15822133600,4857426574000.0,0.33,KOSPI
005440,3190666,155904301,43393057600,2120298493600.0,2.05,KOSPI
005380,4074081,204757766,2411855952000,121216597472000.0,1.99,KOSPI
005387,0,34963930,0,8671054640000.0,0.0,KOSPI
005389,920,2327452,223100000,564407110000.0,0.04,KOSPI
005385,8092,23340960,2006816000,5788558080000.0,0.03,KOSPI
001500,591278,61833044,5889128880,615857118240.0,0.96,KOSPI
011760,10869,13228966,288028500,350567599000.0,0.08,KOSPI
227840,0,9100836,0,116672717520.0,0.0,KOSPI
126560,0,109201040,0,324873094000.0,0.0,KOSPI
001450,64593,85248250,2370563100,3128610775000.0,0.08,KOSPI
057050,0,12000000,0,968400000000.0,0.0,KOSPI
093240,441909,61390259,364574925,50646963675.0,0.72,KOSPI
003010,18187,12712747,103847770,72589785370.0,0.14,KOSPI
111110,14200,9376000,103234000,68163520000.0,0.15,KOSPI
008770,347444,39248121,19595841600,2213594024400.0,0.89,KOSPI
008775,0,751879,0,26090201300.0,0.0,KOSPI
378850,0,18993623,0,66477680500.0,0.0,KOSPI
241590,372527,60589276,1490108000,242357104000.0,0.61,KOSPI
006060,83598,55320000,252465960,167066400000.0,0.15,KOSPI
013520,0,50051252,0,145649143320.0,0.0,KOSPI
010690,607868,34920410,6589289120,378537244400.0,1.74,KOSPI
133820,0,37114502,0,45242577938.0,0.0,KOSPI
010660,114371,22000000,501516835,96470000000.0,0.52,KOSPI
000850,8219,2200000,283144550,75790000000.0,0.37,KOSPI
016580,0,18600070,0,201438758100.0,0.0,KOSPI
032560,26156,17000000,153797280,99960000000.0,0.15,KOSPI
004800,48322,16740407,9384132400,3250987039400.0,0.29,KOSPI
094280,11896,11558200,145131200,141010040000.0,0.1,KOSPI
298040,2442,9324548,8715498000,33279311812000.0,0.03,KOSPI
298020,5399,4327682,2073216000,1661829888000.0,0.12,KOSPI
298000,0,3791811,0,147501447900.0,0.0,KOSPI
093370,1647237,107255330,18416109660,1199114589400.0,1.54,KOSPI
005870,32284,14116015,224373800,98106304250.0,0.23,KOSPI
079980,0,34500000,0,87285000000.0,0.0,KOSPI
005010,555640,56188075,3044907200,307910651000.0,0.99,KOSPI
000540,65240,64242645,251500200,247655396475.0,0.1,KOSPI
000545,0,768000,0,4999680000.0,0.0,KOSPI
003280,1219333,240424899,2999559180,591445251540.0,0.51,KOSPI
060310,432569,53059040,605596600,74282656000.0,0.82,KOSDAQ
054620,86714,18394221,458717060,97305429090.0,0.47,KOSDAQ
079810,219455,21528094,1040216700,102043165560.0,1.02,KOSDAQ
265520,26011,15050821,637269500,368745114500.0,0.17,KOSDAQ
211270,102840,15082304,1562139600,229100197760.0,0.68,KOSDAQ
126600,336359,62766899,1185665475,221253318975.0,0.54,KOSDAQ
083790,165984,76894182,185902080,86121483840.0,0.22,KOSDAQ
035760,129511,21929154,5348804300,905674060200.0,0.59,KOSDAQ
311690,0,13065462,0,79176699720.0,0.0,KOSDAQ
051500,8758,11871586,211505700,286698801900.0,0.07,KOSDAQ
058820,249456,147842183,343999824,203874370357.0,0.17,KOSDAQ
056730,0,14822237,0,33127699695.0,0.0,KOSDAQ
065770,0,19411130,0,30747229920.0,0.0,KOSDAQ
083660,0,62829459,0,18471860946.0,0.0,KOSDAQ
477760,0,5840000,0,13023200000.0,0.0,KOSDAQ
099520,0,45281824,0,58141862016.0,0.0,KOSDAQ
290120,46900,15824249,121002000,40826562420.0,0.3,KOSDAQ
025440,0,48781224,0,36293230656.0,0.0,KOSDAQ
068790,0,22570224,0,154154629920.0,0.0,KOSDAQ
241520,280328,26600000,3462050800,328510000000.0,1.05,KOSDAQ
180400,176864,98429432,572155040,318419212520.0,0.18,KOSDAQ
418620,0,19850477,0,26401134410.0,0.0,KOSDAQ
245620,0,138493951,0,57474989665.0,0.0,KOSDAQ
037370,24668,8624972,109525920,38294875680.0,0.29,KOSDAQ
050120,48662,13564086,138200080,38522004240.0,0.36,KOSDAQ
214270,0,45254585,0,66614749120.0,0.0,KOSDAQ
032620,64608,52197139,228712320,184777872060.0,0.12,KOSDAQ
130500,0,14545052,0,33671795380.0,0.0,KOSDAQ
900290,0,81800000,0,257261000000.0,0.0,KOSDAQ
083450,36050,18430000,1957515000,1000749000000.0,0.2,KOSDAQ
297890,282760,73140914,623485800,161275715370.0,0.39,KOSDAQ
440290,0,27506430,0,53610032070.0,0.0,KOSDAQ
078150,1451353,92715916,5123276090,327287183480.0,1.57,KOSDAQ
225530,136804,36338727,410412000,109016181000.0,0.38,KOSDAQ
060560,69800,25388001,204863000,74513782935.0,0.27,KOSDAQ
376270,4061,7186187,234319700,414642989900.0,0.06,KOSDAQ
195940,13516,28329891,590649200,1238016236700.0,0.05,KOSDAQ
028300,7367726,133183277,350703757600,6339523985200.0,5.53,KOSDAQ
278650,101696,17432396,389495680,66766076680.0,0.58,KOSDAQ
067630,861580,121917058,2869061400,405983803140.0,0.71,KOSDAQ
024850,108466,31733098,1966488580,575321066740.0,0.34,KOSDAQ
187420,0,32554286,0,75688714950.0,0.0,KOSDAQ
047920,271708,32799356,3532204000,426391628000.0,0.83,KOSDAQ
115450,206108,88580109,602865900,259096818825.0,0.23,KOSDAQ
046210,66008,45527960,105612800,72844736000.0,0.14,KOSDAQ
196300,0,9376439,0,57383806680.0,0.0,KOSDAQ
403870,1261232,82300000,61043628800,3983320000000.0,1.53,KOSDAQ
036640,0,16354800,0,80138520000.0,0.0,KOSDAQ
467930,0,4230000,0,8883000000.0,0.0,KOSDAQ
469480,0,4230000,0,9982800000.0,0.0,KOSDAQ
0099X0,0,5980000,0,12707500000.0,0.0,KOSDAQ
095340,237666,21197058,46202270400,4120708075200.0,1.12,KOSDAQ
950170,73149,51746348,345263280,244242762560.0,0.14,KOSDAQ
067290,438058,56037103,691255524,88426548534.0,0.78,KOSDAQ
035900,277741,35532492,16525589500,2114183274000.0,0.78,KOSDAQ
318000,50995,8740223,196585725,33693559665.0,0.58,KOSDAQ
024840,177727,37285777,941953100,197614618100.0,0.48,KOSDAQ
024120,0,11500000,0,41342500000.0,0.0,KOSDAQ
464680,0,12905000,0,27165025000.0,0.0,KOSDAQ
478390,0,6220000,0,12844300000.0,0.0,KOSDAQ
486630,0,5310000,0,10991700000.0,0.0,KOSDAQ
492220,0,6210000,0,12730500000.0,0.0,KOSDAQ
0037T0,0,6330000,0,12723300000.0,0.0,KOSDAQ
0072Z0,0,7885000,0,15770000000.0,0.0,KOSDAQ
021320,54575,21400000,321446750,126046000000.0,0.26,KOSDAQ
044180,0,26717799,0,5477148795.0,0.0,KOSDAQ
151860,42978,47603002,258727560,286570072040.0,0.09,KOSDAQ
035600,153953,27554434,1550306710,277473150380.0,0.56,KOSDAQ
046440,27684,38010802,120010140,164776826670.0,0.07,KOSDAQ
060720,394746,23677442,4567211220,273948003940.0,1.67,KOSDAQ
058400,0,132429720,0,86079318000.0,0.0,KOSDAQ
101000,267265,39641948,183076525,27154734380.0,0.67,KOSDAQ
089600,40726,11568163,456131200,129563425600.0,0.35,KOSDAQ
418470,31997,8565789,335968500,89940784500.0,0.37,KOSDAQ
043610,93400,58115438,151214600,94088894122.0,0.16,KOSDAQ
122450,0,44819834,0,131098014450.0,0.0,KOSDAQ
052900,1061494,69481232,1877782886,122912299408.0,1.53,KOSDAQ
036560,0,15750000,0,202702500000.0,0.0,KOSDAQ
061970,164331,58083006,880814160,311324912160.0,0.28,KOSDAQ
309960,0,23217239,0,115041419245.0,0.0,KOSDAQ
073490,54409,7603846,2200844050,307575570700.0,0.72,KOSDAQ
225190,1283437,70468440,2420562182,132903477840.0,1.82,KOSDAQ
060370,363666,52238854,11928244800,1713434411200.0,0.7,KOSDAQ
417200,37232,67652659,748363200,1359818445900.0,0.06,KOSDAQ
078020,57297,55481190,385035840,372833596800.0,0.1,KOSDAQ
322180,48961,20921984,343216610,146663107840.0,0.23,KOSDAQ
476080,45333,8077000,246158190,43858110000.0,0.56,KOSDAQ
086960,972729,41076968,3492097110,147466315120.0,2.37,KOSDAQ
160550,105604,27906106,158300396,41831252894.0,0.38,KOSDAQ
053290,0,16526307,0,27846827295.0,0.0,KOSDAQ
060250,281339,40160611,4698361300,670682203700.0,0.7,KOSDAQ
104200,66050,14827550,253962250,57011929750.0,0.45,KOSDAQ
054050,0,16030561,0,117183400910.0,0.0,KOSDAQ
063570,0,34147728,0,135054264240.0,0.0,KOSDAQ
222160,0,9894439,0,79551289560.0,0.0,KOSDAQ
024940,0,10000000,0,27800000000.0,0.0,KOSDAQ
332570,410689,46711563,4521685890,514294308630.0,0.88,KOSDAQ
218410,5142,26553442,472549800,2440261319800.0,0.02,KOSDAQ
327260,8545,8495135,807502500,802790257500.0,0.1,KOSDAQ
474610,44386,14307648,564146060,181850206080.0,0.31,KOSDAQ
091340,0,11703721,0,29259302500.0,0.0,KOSDAQ
419530,244885,10029487,6146613500,251740123700.0,2.44,KOSDAQ
019550,225536,162066575,143891968,103398474850.0,0.14,KOSDAQ
246960,63968,34017047,116549696,61979059634.0,0.19,KOSDAQ
099220,437570,64944350,476951300,70789341500.0,0.67,KOSDAQ
036540,1336486,164460303,10397861080,1279501157340.0,0.81,KOSDAQ
255220,1987302,109563302,4203143730,231726383730.0,1.81,KOSDAQ
040610,27187,17043598,100184095,62805658630.0,0.16,KOSDAQ
184230,35630,18887979,110453000,58552734900.0,0.19,KOSDAQ
016250,0,5036986,0,68452639740.0,0.0,KOSDAQ
357880,634251,51997604,2559202785,209810332140.0,1.22,KOSDAQ
048550,928032,96714620,943808544,98358768540.0,0.96,KOSDAQ
063440,189701,45319364,239592363,57238356732.0,0.42,KOSDAQ
067160,102081,11494767,5134674300,578186780100.0,0.89,KOSDAQ
289080,421029,60138233,1288348740,184022992980.0,0.7,KOSDAQ
041930,31995,15200000,217885950,103512000000.0,0.21,KOSDAQ
013720,289351,60828143,152777328,32117259504.0,0.48,KOSDAQ
089230,304606,37421354,924479210,113573809390.0,0.81,KOSDAQ
032540,0,20897413,0,73558893760.0,0.0,KOSDAQ
048770,97570,15697991,530780800,85397071040.0,0.62,KOSDAQ
246690,342679,47438344,434174293,60104381848.0,0.72,KOSDAQ
317240,0,29176711,0,33319803962.0,0.0,KOSDAQ
057030,58874,16312697,141297600,39150472800.0,0.36,KOSDAQ
040300,0,47676980,0,135879393000.0,0.0,KOSDAQ
051390,0,11355368,0,50588164440.0,0.0,KOSDAQ
052220,40061,23000000,104358905,59915000000.0,0.17,KOSDAQ
079940,10917,13420684,347706450,427448785400.0,0.08,KOSDAQ
078890,142312,18424943,1213921360,157164763790.0,0.77,KOSDAQ
399720,279655,11838844,15492887000,655871957600.0,2.36,KOSDAQ
036620,20218,90503771,104122700,466094420650.0,0.02,KOSDAQ
198440,191600,60931896,195048800,62028670128.0,0.31,KOSDAQ
217730,644777,94054149,1956898195,285454342215.0,0.69,KOSDAQ
114190,524129,26123038,5964588020,297280172440.0,2.01,KOSDAQ
094480,323256,39229838,2136722160,259309229180.0,0.82,KOSDAQ
039240,52064,26979604,128077440,66369825840.0,0.19,KOSDAQ
053950,86037,15629471,233160270,42355866410.0,0.55,KOSDAQ
011040,0,30768766,0,162766772140.0,0.0,KOSDAQ
024910,235932,35819005,434114880,65906969200.0,0.66,KOSDAQ
049720,0,14300000,0,140855000000.0,0.0,KOSDAQ
014570,0,11000000,0,41030000000.0,0.0,KOSDAQ
348150,206998,19418889,885951440,83112844920.0,1.07,KOSDAQ
950190,0,13017059,0,94894360110.0,0.0,KOSDAQ
098460,641736,68654755,21722763600,2323963456750.0,0.93,KOSDAQ
035290,0,23838240,0,18140900640.0,0.0,KOSDAQ
215000,195287,6275415,8719564550,280197279750.0,3.11,KOSDAQ
121440,163466,42836818,760116900,199191203700.0,0.38,KOSDAQ
366030,79187,22653850,443447200,126861560000.0,0.35,KOSDAQ
029480,312087,59719132,603264171,115437082156.0,0.52,KOSDAQ
026910,48000,6405405,101760000,13579458600.0,0.75,KOSDAQ
465320,0,3810000,0,8896350000.0,0.0,KOSDAQ
482520,0,6100000,0,12444000000.0,0.0,KOSDAQ
489210,0,5180000,0,10774400000.0,0.0,KOSDAQ
0041B0,0,5040000,0,10130400000.0,0.0,KOSDAQ
0098T0,0,5400000,0,10881000000.0,0.0,KOSDAQ
0132G0,0,5970000,0,11892240000.0,0.0,KOSDAQ
053270,0,27410405,0,58384162650.0,0.0,KOSDAQ
066620,0,7500000,0,177750000000.0,0.0,KOSDAQ
043650,0,17858304,0,70004551680.0,0.0,KOSDAQ
006050,0,34895243,0,35244195430.0,0.0,KOSDAQ
060480,0,11090000,0,18742100000.0,0.0,KOSDAQ
078130,270063,112740587,1049194755,437997180495.0,0.24,KOSDAQ
307750,370593,53986288,1109926035,161688932560.0,0.69,KOSDAQ
035080,0,11431284,0,113512650120.0,0.0,KOSDAQ
318060,73154,11173177,1934923300,295530531650.0,0.65,KOSDAQ
453450,41462,7942750,746316000,142969500000.0,0.52,KOSDAQ
204020,0,19450832,0,42208305440.0,0.0,KOSDAQ
0015G0,104413,11702541,2411940300,270328697100.0,0.89,KOSDAQ
402490,102002,16830840,1581031000,260878020000.0,0.61,KOSDAQ
114450,455992,20000000,1367976000,60000000000.0,2.28,KOSDAQ
186230,0,10920188,0,44117559520.0,0.0,KOSDAQ
900070,0,53743968,0,32783820480.0,0.0,KOSDAQ
204620,751711,70283330,3893862980,364067649400.0,1.07,KOSDAQ
019660,0,13944333,0,28446439320.0,0.0,KOSDAQ
053260,22356,18720000,117145440,98092800000.0,0.12,KOSDAQ
282720,24399,12119500,265217130,131738965000.0,0.2,KOSDAQ
036190,0,6000000,0,192000000000.0,0.0,KOSDAQ
049080,920752,84883347,1378365744,127070370459.0,1.08,KOSDAQ
420770,0,12675758,0,1533766718000.0,0.0,KOSDAQ
035460,66230,14920340,230480400,51922783200.0,0.44,KOSDAQ
407400,127234,14634534,414782840,47708580840.0,0.87,KOSDAQ
187790,122055,30840830,805563000,203549478000.0,0.4,KOSDAQ
121600,140549,12253691,9065410500,790363069500.0,1.15,KOSDAQ
286750,0,32028857,0,43303014664.0,0.0,KOSDAQ
247660,0,4343920,0,21328647200.0,0.0,KOSDAQ
039860,313378,38093053,1601361580,194655500830.0,0.82,KOSDAQ
091970,0,37673903,0,28519144571.0,0.0,KOSDAQ
417010,233816,20172728,2242295440,193456461520.0,1.16,KOSDAQ
405920,0,12878076,0,30971772780.0,0.0,KOSDAQ
478340,169792,11533591,4448550400,302180084200.0,1.47,KOSDAQ
051490,0,14200000,0,48280000000.0,0.0,KOSDAQ
137080,20996,11059422,112118640,59057313480.0,0.19,KOSDAQ
190510,218414,14085317,3710853860,239309535830.0,1.55,KOSDAQ
242040,473801,34606264,2046820320,149499060480.0,1.37,KOSDAQ
293580,398311,94929950,800605110,190809199500.0,0.42,KOSDAQ
459510,190084,12978382,4638049600,316672520800.0,1.46,KOSDAQ
138610,22751,11367793,472083250,235881704750.0,0.2,KOSDAQ
130580,0,15400000,0,81466000000.0,0.0,KOSDAQ
036800,25467,10000000,711802650,279500000000.0,0.25,KOSDAQ
267320,1586120,57415295,4702845800,170236349675.0,2.76,KOSDAQ
111710,0,20588000,0,76484420000.0,0.0,KOSDAQ
091590,35795,11740000,129935850,42616200000.0,0.3,KOSDAQ
168330,0,31754900,0,80816220500.0,0.0,KOSDAQ
094860,72790,25110014,105399920,36359300272.0,0.29,KOSDAQ
253590,315679,43869164,4479485010,622503437160.0,0.72,KOSDAQ
212560,35827,11812241,427057840,140801912720.0,0.3,KOSDAQ
095660,25618,21636459,511847640,432296450820.0,0.12,KOSDAQ
042420,0,8142283,0,183201367500.0,0.0,KOSDAQ
950220,301873,167639400,151238373,83987339400.0,0.18,KOSDAQ
311390,0,12653789,0,46755750355.0,0.0,KOSDAQ
085910,135788,13934818,3530488000,362305268000.0,0.97,KOSDAQ
092730,21884,16027989,396100400,290106600900.0,0.14,KOSDAQ
153460,0,6530014,0,52631912840.0,0.0,KOSDAQ
007390,2132724,64435056,38474340960,1162408410240.0,3.31,KOSDAQ
033640,127243,23059202,3766392800,682552379200.0,0.55,KOSDAQ
330860,36930,12184045,1403340000,462993710000.0,0.3,KOSDAQ
351320,103000,29698642,145848000,42053277072.0,0.35,KOSDAQ
089140,0,15316234,0,33695714800.0,0.0,KOSDAQ
389650,38329,8277286,1801463000,389032442000.0,0.46,KOSDAQ
137940,435235,85368992,114466805,22452044896.0,0.51,KOSDAQ
396270,75180,32887431,381914400,167068149480.0,0.23,KOSDAQ
348210,161944,10477005,9587084800,620238696000.0,1.55,KOSDAQ
225570,1245089,65860174,13633724550,721168905300.0,1.89,KOSDAQ
205500,1116488,64112099,1674732000,96168148500.0,1.74,KOSDAQ
217270,0,46735643,0,144413136870.0,0.0,KOSDAQ
104620,91978,16810552,375730130,68671104920.0,0.55,KOSDAQ
473980,379278,11059322,5590557720,163014406280.0,3.43,KOSDAQ
194700,0,18254848,0,319459840000.0,0.0,KOSDAQ
285490,0,10575831,0,193326190680.0,0.0,KOSDAQ
145170,127510,16908405,571244800,75749654400.0,0.75,KOSDAQ
106520,0,38695952,0,15904036272.0,0.0,KOSDAQ
376930,286155,51291323,304755075,54625258995.0,0.56,KOSDAQ
486990,235389,21346230,6273116850,568877029500.0,1.1,KOSDAQ
142280,301464,21741926,1878120720,135452198980.0,1.39,KOSDAQ
234690,27258,17963290,274215480,180710697400.0,0.15,KOSDAQ
069140,65316,15095804,114956160,26568615040.0,0.43,KOSDAQ
040160,31059,12055535,434826000,168777490000.0,0.26,KOSDAQ
332290,0,39904404,0,43615513572.0,0.0,KOSDAQ
348340,164924,12362151,9186266800,688571810700.0,1.33,KOSDAQ
380550,426086,12091835,6740680520,191292829700.0,3.52,KOSDAQ
060260,0,13342356,0,16464467304.0,0.0,KOSDAQ
463020,47188,8879200,475183160,89413544000.0,0.53,KOSDAQ
123840,0,6365430,0,25684510050.0,0.0,KOSDAQ
012340,0,11300312,0,13842882200.0,0.0,KOSDAQ
462310,0,8185121,0,29916617255.0,0.0,KOSDAQ
270870,0,9200224,0,36800896000.0,0.0,KOSDAQ
144960,0,43692624,0,412895296800.0,0.0,KOSDAQ
085670,105632,24500761,551399040,127893972420.0,0.43,KOSDAQ
064260,4144211,75645457,25362571320,462950196840.0,5.48,KOSDAQ
340360,257161,52062772,384455695,77833844140.0,0.49,KOSDAQ
039560,299159,42888468,1225056105,175628276460.0,0.7,KOSDAQ
208860,0,33949973,0,36869670678.0,0.0,KOSDAQ
154040,0,17950094,0,18219345410.0,0.0,KOSDAQ
032190,146456,38300000,2987702400,781320000000.0,0.38,KOSDAQ
323350,30086,8010772,652866200,173833752400.0,0.38,KOSDAQ
068240,1271273,38163437,3216320690,96553495610.0,3.33,KOSDAQ
290660,1246459,84549017,1387308867,94103055921.0,1.47,KOSDAQ
464580,0,18406089,0,32873274954.0,0.0,KOSDAQ
020400,0,6378332,0,24173878280.0,0.0,KOSDAQ
008830,132800,8987520,2245648000,151978963200.0,1.48,KOSDAQ
048470,0,9650000,0,29722000000.0,0.0,KOSDAQ
004780,0,15903199,0,61227316150.0,0.0,KOSDAQ
017650,12979,8785000,123300500,83457500000.0,0.15,KOSDAQ
389260,139780,17916325,2395829200,307085810500.0,0.78,KOSDAQ
317850,64191,8324420,469878120,60934754400.0,0.77,KOSDAQ
290670,24145,7857660,201127850,65454307800.0,0.31,KOSDAQ
078140,68214,11086579,670543620,108981071570.0,0.62,KOSDAQ
065150,0,159382405,0,23110448725.0,0.0,KOSDAQ
036480,0,3800000,0,25270000000.0,0.0,KOSDAQ
027830,77718,54000000,104452992,72576000000.0,0.14,KOSDAQ
129920,0,16248696,0,142501063920.0,0.0,KOSDAQ
471050,0,6060000,0,12726000000.0,0.0,KOSDAQ
482690,0,5615000,0,12016100000.0,0.0,KOSDAQ
020180,0,38428915,0,43386245035.0,0.0,KOSDAQ
045390,1378052,70473377,4520010560,231152676560.0,1.96,KOSDAQ
108380,0,9567333,0,216700092450.0,0.0,KOSDAQ
007680,0,13446474,0,53382501780.0,0.0,KOSDAQ
048910,54937,12578946,326875150,74844728700.0,0.44,KOSDAQ
005710,15971,20037600,182229110,228629016000.0,0.08,KOSDAQ
120240,0,7190391,0,97933125420.0,0.0,KOSDAQ
003310,0,35392350,0,98921618250.0,0.0,KOSDAQ
078600,337570,15577468,45842006000,2115420154400.0,2.17,KOSDAQ
393970,102420,17850820,289336500,50428566500.0,0.57,KOSDAQ
096350,211941,36854762,491703120,85503047840.0,0.58,KOSDAQ
140520,0,21109243,0,42197376757.0,0.0,KOSDAQ
131220,0,7454490,0,31197040650.0,0.0,KOSDAQ
010170,1083741,155485660,24817668900,3560621614000.0,0.7,KOSDAQ
054670,143813,14354920,890202470,88856954800.0,1.0,KOSDAQ
023910,0,6000000,0,162600000000.0,0.0,KOSDAQ
021040,0,21704774,0,24200823010.0,0.0,KOSDAQ
021045,0,848492,0,2248503800.0,0.0,KOSDAQ
067080,363103,18616650,4647718400,238293120000.0,1.95,KOSDAQ
298540,98029,14486386,705808800,104301979200.0,0.68,KOSDAQ
032860,0,40395863,0,39143591247.0,0.0,KOSDAQ
393890,442496,33843144,6588765440,503924414160.0,1.31,KOSDAQ
299170,355548,41511288,707896068,82648974408.0,0.86,KOSDAQ
462860,152387,71895526,425921665,200947995170.0,0.21,KOSDAQ
224060,19000,5160722,102600000,27867898800.0,0.37,KOSDAQ
043090,0,4139425,0,4718944500.0,0.0,KOSDAQ
403850,32800,14351010,404752000,177091463400.0,0.23,KOSDAQ
213420,43080,24831179,1815822000,1046634194850.0,0.17,KOSDAQ
317330,93072,20476584,1880054400,413626996800.0,0.45,KOSDAQ
077360,426293,45437002,6790847490,723811441860.0,0.94,KOSDAQ
090410,97581,46084095,108510072,51245513640.0,0.21,KOSDAQ
0001A0,125159,24791195,1755980770,347820465850.0,0.5,KOSDAQ
263600,20996,15930310,111278800,84430643000.0,0.13,KOSDAQ
194480,247794,12129150,4150549500,203163262500.0,2.04,KOSDAQ
373160,35000,13807469,164500000,64895104300.0,0.25,KOSDAQ
263800,116137,16225380,523777870,73176463800.0,0.72,KOSDAQ
206560,162996,25411736,307736448,47977357568.0,0.64,KOSDAQ
261200,53636,15809700,187457820,55254901500.0,0.34,KOSDAQ
484120,39371,10957422,770096760,214327174320.0,0.36,KOSDAQ
067990,0,29181550,0,138758270250.0,0.0,KOSDAQ
006620,40592,28464992,184287680,129231063680.0,0.14,KOSDAQ
100130,59166,57143000,116734518,112743139000.0,0.1,KOSDAQ
005160,0,54244482,0,151070882370.0,0.0,KOSDAQ
303810,303254,31984140,903696920,95312737200.0,0.95,KOSDAQ
075970,0,18400000,0,36984000000.0,0.0,KOSDAQ
086450,341925,45230420,7129136250,943054257000.0,0.76,KOSDAQ
240550,29914,20933940,232431780,162656713800.0,0.14,KOSDAQ
099410,28247,14000000,123580625,61250000000.0,0.2,KOSDAQ
033500,36865,29989494,798127250,649272545100.0,0.12,KOSDAQ
025950,45488,8400000,629099040,116172000000.0,0.54,KOSDAQ
088130,242712,17485314,1970821440,141980749680.0,1.39,KOSDAQ
060380,0,19700000,0,25610000000.0,0.0,KOSDAQ
079960,0,7860000,0,181959000000.0,0.0,KOSDAQ
228340,58653,20000000,116543511,39740000000.0,0.29,KOSDAQ
088910,189954,25831764,433095120,58896421920.0,0.74,KOSDAQ
094170,43674,20909936,1899819000,909582216000.0,0.21,KOSDAQ
013120,0,90808100,0,226112169000.0,0.0,KOSDAQ
109860,0,9100000,0,66430000000.0,0.0,KOSDAQ
032960,0,3518595,0,41026817700.0,0.0,KOSDAQ
023790,0,26139617,0,32648381633.0,0.0,KOSDAQ
005290,24453,50970126,1362032100,2839036018200.0,0.05,KOSDAQ
025900,336232,50557285,2881508240,433275932450.0,0.67,KOSDAQ
131970,94296,19327238,15615417600,3200590612800.0,0.49,KOSDAQ
073190,0,11968040,0,11788519400.0,0.0,KOSDAQ
176750,0,28488720,0,220217805600.0,0.0,KOSDAQ
030350,0,15592079,0,15171092867.0,0.0,KOSDAQ
203650,1019590,101097320,3165826950,313907178600.0,1.01,KOSDAQ
223250,91412,24600444,500937760,134810433120.0,0.37,KOSDAQ
060570,0,74101573,0,66469110981.0,0.0,KOSDAQ
362990,0,16800574,0,25251262722.0,0.0,KOSDAQ
016670,0,10194234,0,38177406330.0,0.0,KOSDAQ
187870,27276,7036609,643713600,166063972400.0,0.39,KOSDAQ
489730,0,6332000,0,12853960000.0,0.0,KOSDAQ
0004Y0,0,5315000,0,10709725000.0,0.0,KOSDAQ
110990,21361,18900000,512664000,453600000000.0,0.11,KOSDAQ
263690,0,11325610,0,60138989100.0,0.0,KOSDAQ
214680,154585,83477056,248881850,134398060160.0,0.19,KOSDAQ
347850,551062,43804147,32402445600,2575683843600.0,1.26,KOSDAQ
263720,44974,12412591,459634280,126856680020.0,0.36,KOSDAQ
376300,82200,23738406,2124870000,613637795100.0,0.35,KOSDAQ
104040,0,26813565,0,68374590750.0,0.0,KOSDAQ
109740,77021,25710390,346594500,115696755000.0,0.3,KOSDAQ
031860,0,27005423,0,18714758139.0,0.0,KOSDAQ
196490,0,5951645,0,36245518050.0,0.0,KOSDAQ
066900,0,22744503,0,40871871891.0,0.0,KOSDAQ
092070,18300,11571858,380640000,240694646400.0,0.16,KOSDAQ
039840,137463,13415828,2112806310,206201276360.0,1.02,KOSDAQ
219550,0,38672257,0,62184989256.0,0.0,KOSDAQ
310870,0,20687271,0,40443614805.0,0.0,KOSDAQ
104460,0,10518101,0,111702232620.0,0.0,KOSDAQ
113810,0,32628051,0,21469257558.0,0.0,KOSDAQ
043360,0,9000000,0,25605000000.0,0.0,KOSDAQ
197140,0,13013154,0,25961242230.0,0.0,KOSDAQ
068930,0,27675342,0,227768064660.0,0.0,KOSDAQ
033130,0,37115267,0,69145742421.0,0.0,KOSDAQ
105740,0,10168513,0,85618879460.0,0.0,KOSDAQ
263020,0,13836146,0,48149788080.0,0.0,KOSDAQ
290550,51061,20001230,1256100600,492030258000.0,0.26,KOSDAQ
066670,37000,18691918,102675000,51870072450.0,0.2,KOSDAQ
187220,131587,11524933,373707080,32730809720.0,1.14,KOSDAQ
383930,0,12784128,0,29595256320.0,0.0,KOSDAQ
131180,55679,5870000,240533280,25358400000.0,0.95,KOSDAQ
315640,395258,29372232,1067196600,79305026400.0,1.35,KOSDAQ
900110,0,36874745,0,26291693185.0,0.0,KOSDAQ
317120,121940,15260000,264609800,33114200000.0,0.8,KOSDAQ
462510,0,8802965,0,34815726575.0,0.0,KOSDAQ
232680,63288,13115949,891095040,184672561920.0,0.48,KOSDAQ
042510,76336,11205174,842749440,123705120960.0,0.68,KOSDAQ
418420,118858,30700933,1063779100,274773350350.0,0.39,KOSDAQ
300120,0,49504016,0,39256684688.0,0.0,KOSDAQ
171120,144042,35901760,337778490,84189627200.0,0.4,KOSDAQ
388790,89797,30614160,400045635,136386082800.0,0.29,KOSDAQ
214260,38484,8922463,296326800,68702965100.0,0.43,KOSDAQ
171010,27937,14298752,101970050,52190444800.0,0.2,KOSDAQ
084650,1853615,74239990,2539452550,101708786300.0,2.5,KOSDAQ
217500,234071,31812000,589858920,80166240000.0,0.74,KOSDAQ
038390,36752,16720822,368255040,167542636440.0,0.22,KOSDAQ
294140,38646,22414818,104344200,60520008600.0,0.17,KOSDAQ
443250,0,11137760,0,82196668800.0,0.0,KOSDAQ
228670,53604,15640021,357538680,104318940070.0,0.34,KOSDAQ
228850,38896,16591014,258658400,110330243100.0,0.23,KOSDAQ
412350,119317,14435282,1296975790,156911515340.0,0.83,KOSDAQ
199550,0,14845791,0,60793514145.0,0.0,KOSDAQ
281740,583179,65730548,10380586200,1170003754400.0,0.89,KOSDAQ
277810,198428,19399858,126597064000,12377109404000.0,1.02,KOSDAQ
215100,314312,20348454,1867013280,120869816760.0,1.54,KOSDAQ
090360,288002,9750000,20246540600,685425000000.0,2.95,KOSDAQ
108490,148993,14657028,38514690500,3788841738000.0,1.02,KOSDAQ
900260,0,46029706,0,72358697832.0,0.0,KOSDAQ
033290,0,56156301,0,101025185499.0,0.0,KOSDAQ
067730,0,9673922,0,26796763940.0,0.0,KOSDAQ
071280,14096,15296603,116292000,126196974750.0,0.09,KOSDAQ
376900,600644,15873789,36278897600,958776855600.0,3.78,KOSDAQ
214610,0,8383322,0,19197807380.0,0.0,KOSDAQ
328130,1227443,37191318,20792884420,630020926920.0,3.3,KOSDAQ
038060,216000,48103069,308232000,68643079463.0,0.45,KOSDAQ
474170,67716,17817696,811237680,213455998080.0,0.38,KOSDAQ
141080,195179,37019418,26973737800,5116083567600.0,0.53,KOSDAQ
058470,1778476,76211850,171978629200,7369685895000.0,2.33,KOSDAQ
016100,0,19100894,0,29186166032.0,0.0,KOSDAQ
012700,34500,26194852,111090000,84347423440.0,0.13,KOSDAQ
302550,248494,30907150,695783200,86540020000.0,0.8,KOSDAQ
491000,20723,25004391,1305549000,1575276633000.0,0.08,KOSDAQ
394420,29256,10934938,788449200,294696579100.0,0.27,KOSDAQ
073570,42148,12037328,139720620,39903742320.0,0.35,KOSDAQ
377450,19628,17330000,207271680,183004800000.0,0.11,KOSDAQ
277070,0,13692000,0,53261880000.0,0.0,KOSDAQ
042500,102022,22291144,482564060,105437111120.0,0.46,KOSDAQ
193250,0,66844667,0,26470488132.0,0.0,KOSDAQ
474650,67661,5747107,3298473750,280171466250.0,1.18,KOSDAQ
219420,110871,11469507,532180800,55053633600.0,0.97,KOSDAQ
439090,273436,16393260,4435131920,265898677200.0,1.67,KOSDAQ
195500,0,15978000,0,41702580000.0,0.0,KOSDAQ
377480,121297,7110275,1567157240,91864753000.0,1.71,KOSDAQ
305090,40920,18595055,158155800,71869887575.0,0.22,KOSDAQ
098120,74899,8312766,2505371550,278062022700.0,0.9,KOSDAQ
424980,22362,5918890,268344000,71026680000.0,0.38,KOSDAQ
038290,37428,10841400,511640760,148201938000.0,0.35,KOSDAQ
477850,0,17541640,0,1052498400000.0,0.0,KOSDAQ
267980,13560,7663638,463074000,261713237700.0,0.18,KOSDAQ
005990,0,13298304,0,139499208960.0,0.0,KOSDAQ
093520,60632,11901837,1421820400,279098077650.0,0.51,KOSDAQ
100590,115734,17139545,833284800,123404724000.0,0.68,KOSDAQ
067280,7295,5926779,184563500,149947508700.0,0.12,KOSDAQ
072870,0,11920959,0,151396179300.0,0.0,KOSDAQ
215200,66840,10365216,2827332000,438448636800.0,0.64,KOSDAQ
133750,0,23407077,0,38808933666.0,0.0,KOSDAQ
446540,86280,25963749,686788800,206671442040.0,0.33,KOSDAQ
235980,307254,34275121,1229016000,137100484000.0,0.9,KOSDAQ
041920,79665,18598223,1298539500,303151034900.0,0.43,KOSDAQ
014100,0,11800000,0,18632200000.0,0.0,KOSDAQ
054180,0,5527981,0,12686716395.0,0.0,KOSDAQ
086900,118016,7298497,11494758400,710873607800.0,1.62,KOSDAQ
078160,107280,39204603,1500847200,548472395970.0,0.27,KOSDAQ
0088D0,0,5795000,0,12546175000.0,0.0,KOSDAQ
408920,0,43232455,0,150881267950.0,0.0,KOSDAQ
021880,400000,212184408,109600000,58138527792.0,0.19,KOSDAQ
0088M0,22927,9881750,573175000,247043750000.0,0.23,KOSDAQ
140410,117896,30392167,8240930400,2124412473300.0,0.39,KOSDAQ
241770,5338,10192640,195637700,373560256000.0,0.05,KOSDAQ
059210,297451,27171445,1192778510,108957494450.0,1.09,KOSDAQ
058110,250025,16050530,613811375,39404051150.0,1.56,KOSDAQ
072770,358516,83024196,253470812,58698106572.0,0.43,KOSDAQ
434480,127274,12310300,444186260,42962947000.0,1.03,KOSDAQ
080420,0,79721622,0,135686200644.0,0.0,KOSDAQ
417970,41454,6396700,691452720,106696956000.0,0.65,KOSDAQ
080160,49036,18900000,480552800,185220000000.0,0.26,KOSDAQ
087260,469897,32552861,504669378,34961772714.0,1.44,KOSDAQ
101330,246518,23147029,1072353300,100689576150.0,1.07,KOSDAQ
012860,704136,73233457,2936247120,305383515690.0,0.96,KOSDAQ
363260,139048,32163769,170611896,39464944563.0,0.43,KOSDAQ
348030,0,9603800,0,20888265000.0,0.0,KOSDAQ
250060,329175,32171314,1313408250,128363542860.0,1.02,KOSDAQ
288980,268242,36381379,245441430,33288961785.0,0.74,KOSDAQ
142760,324898,42166980,224179620,29095216200.0,0.77,KOSDAQ
033200,0,9204529,0,34885164910.0,0.0,KOSDAQ
118990,354608,24537371,2776580640,192127614930.0,1.45,KOSDAQ
463480,72299,12390358,480788350,82395880700.0,0.58,KOSDAQ
006920,65600,10920000,246000000,40950000000.0,0.6,KOSDAQ
001810,0,22137500,0,30594025000.0,0.0,KOSDAQ
279600,0,4684781,0,21245481835.0,0.0,KOSDAQ
095500,625999,31009999,5227091650,258933491650.0,2.02,KOSDAQ
254490,41112,14438000,1282694400,450465600000.0,0.28,KOSDAQ
218150,80743,20415802,208720655,52774848170.0,0.4,KOSDAQ
100790,207239,53124634,11211629900,2874042699400.0,0.39,KOSDAQ
0097F0,0,6500000,0,13000000000.0,0.0,KOSDAQ
0099W0,0,7000000,0,13972000000.0,0.0,KOSDAQ
477380,0,8100000,0,16726500000.0,0.0,KOSDAQ
477470,0,5480000,0,11371000000.0,0.0,KOSDAQ
478440,0,6930000,0,14310450000.0,0.0,KOSDAQ
482680,0,8215000,0,16881825000.0,0.0,KOSDAQ
0093G0,0,6400000,0,12780800000.0,0.0,KOSDAQ
0096D0,0,5500000,0,10972500000.0,0.0,KOSDAQ
049950,15316,8817884,214577160,123538554840.0,0.17,KOSDAQ
207760,350791,83079783,290454948,68790060324.0,0.42,KOSDAQ
059090,313267,33416778,5933276980,632913775320.0,0.94,KOSDAQ
201490,859658,32593810,2273795410,86210627450.0,2.64,KOSDAQ
475460,29407,5613025,226139830,43164162250.0,0.52,KOSDAQ
452200,89065,24232800,319743350,86995752000.0,0.37,KOSDAQ
206640,58257,21907921,637914150,239891734950.0,0.27,KOSDAQ
035620,0,18609918,0,19019336196.0,0.0,KOSDAQ
053030,1522737,32684188,13765542480,295465059520.0,4.66,KOSDAQ
301300,0,13154712,0,25388594160.0,0.0,KOSDAQ
064550,453305,25810291,4555715250,259393424550.0,1.76,KOSDAQ
314930,86618,29764103,836729880,287521234980.0,0.29,KOSDAQ
489460,0,15044430,0,95983463400.0,0.0,KOSDAQ
086820,21996,25924085,185866200,219058518250.0,0.08,KOSDAQ
038460,230882,25274542,791925260,86691679060.0,0.91,KOSDAQ
251120,0,8695700,0,100174464000.0,0.0,KOSDAQ
199730,0,4864367,0,17414433860.0,0.0,KOSDAQ
086040,55300,15958247,161752500,46677872475.0,0.35,KOSDAQ
188040,0,4679308,0,24051643120.0,0.0,KOSDAQ
099430,922858,61640722,4725032960,315600496640.0,1.5,KOSDAQ
032980,0,30388995,0,18354952980.0,0.0,KOSDAQ
308080,212569,20499260,1981143080,191053103200.0,1.04,KOSDAQ
043150,93876,14854256,1847479680,292331758080.0,0.63,KOSDAQ
323990,428333,23257345,2535731360,137683482400.0,1.84,KOSDAQ
267790,0,7689309,0,26566562595.0,0.0,KOSDAQ
046310,0,16418641,0,42113814165.0,0.0,KOSDAQ
331520,0,10172878,0,26703804750.0,0.0,KOSDAQ
199480,52271,10196588,218492780,42621737840.0,0.51,KOSDAQ
438700,0,11144890,0,29533958500.0,0.0,KOSDAQ
066410,0,138453818,0,159637252154.0,0.0,KOSDAQ
382900,35431,8761000,901718950,222967450000.0,0.4,KOSDAQ
206400,105086,37510158,107187720,38260361160.0,0.28,KOSDAQ
019010,53128,48200000,269890240,244856000000.0,0.11,KOSDAQ
177350,0,19653767,0,21599489933.0,0.0,KOSDAQ
457600,0,13707500,0,23343872500.0,0.0,KOSDAQ
424760,0,9889158,0,30211377690.0,0.0,KOSDAQ
250000,0,6750733,0,47390145660.0,0.0,KOSDAQ
310210,127647,18402171,30890574000,4453325382000.0,0.69,KOSDAQ
006910,835669,49129824,8532180490,501615503040.0,1.7,KOSDAQ
0010F0,69188,11143601,264990040,42679991830.0,0.62,KOSDAQ
226340,233692,41952420,151198724,27143215740.0,0.56,KOSDAQ
014470,0,60052260,0,71942607480.0,0.0,KOSDAQ
008470,0,8404800,0,29921088000.0,0.0,KOSDAQ
338220,71122,14001823,708375120,139458157080.0,0.51,KOSDAQ
100120,52853,8971411,1548592900,262862342300.0,0.59,KOSDAQ
406820,50554,14136157,175169610,48981784005.0,0.36,KOSDAQ
099390,38995,8208283,158124725,33284587565.0,0.48,KOSDAQ
064480,49028,11952500,182384160,44463300000.0,0.41,KOSDAQ
365900,0,7310300,0,20761252000.0,0.0,KOSDAQ
089970,15159,24771995,792815700,1295575338500.0,0.06,KOSDAQ
251630,20590,15942886,117568900,91033879060.0,0.13,KOSDAQ
018290,409944,34941838,5772011520,491981079040.0,1.17,KOSDAQ
478560,0,25830298,0,78782408900.0,0.0,KOSDAQ
439580,83200,33846547,210912000,85800996645.0,0.25,KOSDAQ
033560,83752,17100000,267587640,54634500000.0,0.49,KOSDAQ
369370,196597,49871911,213897536,54260639168.0,0.39,KOSDAQ
126340,0,7143528,0,1028668032000.0,0.0,KOSDAQ
121800,192167,77201611,637994440,256309348520.0,0.25,KOSDAQ
082800,180786,60719666,479986830,161210713230.0,0.3,KOSDAQ
318410,17696,5555243,129357760,40608826330.0,0.32,KOSDAQ
419540,0,22992511,0,20164432147.0,0.0,KOSDAQ
146320,46482,12797923,679566840,187105634260.0,0.36,KOSDAQ
200780,0,10665661,0,43409240270.0,0.0,KOSDAQ
413640,0,7206940,0,53043078400.0,0.0,KOSDAQ
141000,11449,12114710,112200200,118724158000.0,0.09,KOSDAQ
083650,5293,30944375,386389000,2258939375000.0,0.02,KOSDAQ
0068Y0,0,4310000,0,8620000000.0,0.0,KOSDAQ
065170,57077,27913793,118149390,57781551510.0,0.2,KOSDAQ
086670,37797,9925885,563553270,147994945350.0,0.38,KOSDAQ
230980,0,93320557,0,21370407553.0,0.0,KOSDAQ
488900,157077,28976443,2407990410,444208871190.0,0.54,KOSDAQ
082920,0,45339477,0,2443797810300.0,0.0,KOSDAQ
054220,0,12590616,0,25495997400.0,0.0,KOSDAQ
042370,85318,26200025,1162884340,357106340750.0,0.33,KOSDAQ
050090,0,19784735,0,13631682415.0,0.0,KOSDAQ
148780,0,31445725,0,30974039125.0,0.0,KOSDAQ
307870,1199720,74299285,1391675200,86187170600.0,1.61,KOSDAQ
377030,62903,10694360,154426865,26254653800.0,0.59,KOSDAQ
032850,228052,16623293,1046758680,76300914870.0,1.37,KOSDAQ
049470,0,23544899,0,44546948908.0,0.0,KOSDAQ
238200,38700,8180000,106812000,22576800000.0,0.47,KOSDAQ
093190,0,19238905,0,145061343700.0,0.0,KOSDAQ
065450,237030,29495803,1019229000,126831952900.0,0.8,KOSDAQ
044480,0,33250916,0,43525449044.0,0.0,KOSDAQ
069540,631277,97901539,3244763780,503213910460.0,0.64,KOSDAQ
072950,75134,8052610,1057886720,113380748800.0,0.93,KOSDAQ
451250,88762,10225877,678141680,78125700280.0,0.87,KOSDAQ
143240,0,10732731,0,170435768280.0,0.0,KOSDAQ
466410,24225,5037023,254847000,52989481960.0,0.48,KOSDAQ
223310,27788,5204642,278157880,52098466420.0,0.53,KOSDAQ
452430,8300,8218046,376820000,373099288400.0,0.1,KOSDAQ
419120,0,14718362,0,49968838990.0,0.0,KOSDAQ
122350,200964,38339428,239750052,45738937604.0,0.52,KOSDAQ
419050,174042,57196240,268024680,88082209600.0,0.3,KOSDAQ
014970,25105,14825000,151885250,89691250000.0,0.17,KOSDAQ
018310,23502,14700000,506468100,316785000000.0,0.16,KOSDAQ
012210,94558,22192012,1016498500,238564129000.0,0.43,KOSDAQ
053700,126543,25443768,642838440,129254341440.0,0.5,KOSDAQ
009620,0,17473048,0,13471720008.0,0.0,KOSDAQ
023600,104917,16008300,959990550,146475945000.0,0.66,KOSDAQ
0044K0,0,7520000,0,15040000000.0,0.0,KOSDAQ
0071M0,0,5760000,0,11577600000.0,0.0,KOSDAQ
0096B0,0,6580000,0,13153420000.0,0.0,KOSDAQ
0115H0,0,7350000,0,14700000000.0,0.0,KOSDAQ
009300,15020,6370000,234462200,99435700000.0,0.24,KOSDAQ
482630,58156,21888280,1102637760,415001788800.0,0.27,KOSDAQ
484590,563611,41210450,5331760060,389850857000.0,1.37,KOSDAQ
036670,37216,11270000,206920960,62661200000.0,0.33,KOSDAQ
361670,0,5667658,0,17229680320.0,0.0,KOSDAQ
054540,218122,13000000,2179038780,129870000000.0,1.68,KOSDAQ
065570,0,16093838,0,12295692232.0,0.0,KOSDAQ
014950,37183,10007588,271064070,72955316520.0,0.37,KOSDAQ
032280,0,16213590,0,20493977760.0,0.0,KOSDAQ
002290,0,12400000,0,46376000000.0,0.0,KOSDAQ
037460,89744,16318522,4200019200,763706829600.0,0.55,KOSDAQ
032750,0,9031122,0,29125368450.0,0.0,KOSDAQ
0013V0,37616,9918656,232466880,61297294080.0,0.38,KOSDAQ
054090,348371,24959232,360563985,25832805120.0,1.4,KOSDAQ
000250,35498,23457472,12317806000,8139742784000.0,0.15,KOSDAQ
024950,38838,12400000,167585970,53506000000.0,0.31,KOSDAQ
038500,602030,107916306,7380887800,1323053911560.0,0.56,KOSDAQ
437730,106685,31707567,5440935000,1617085917000.0,0.34,KOSDAQ
017480,0,15702890,0,75138328650.0,0.0,KOSDAQ
046390,117082,43172933,116028262,42784376603.0,0.27,KOSDAQ
027580,0,11836255,0,23909235100.0,0.0,KOSDAQ
038540,292448,55328313,606829600,114806249475.0,0.53,KOSDAQ
091580,0,13328219,0,282558242800.0,0.0,KOSDAQ
263810,0,15924825,0,44191389375.0,0.0,KOSDAQ
089980,197023,15989037,4216292200,342165391800.0,1.23,KOSDAQ
042940,82538,6828712,671033940,55517428560.0,1.21,KOSDAQ
042600,17214,12423574,295908660,213561237060.0,0.14,KOSDAQ
107600,61630,5640954,1399001000,128049655800.0,1.09,KOSDAQ
411080,124254,15267638,787770360,96796824920.0,0.81,KOSDAQ
252990,12907,60217889,153206090,714786342430.0,0.02,KOSDAQ
378800,399350,46243031,533531600,61780689416.0,0.86,KOSDAQ
294630,120176,26366319,435037120,95446074780.0,0.46,KOSDAQ
038070,43408,9300676,249161920,53385880240.0,0.47,KOSDAQ
006730,116586,64926923,1366387920,760943537560.0,0.18,KOSDAQ
079650,0,20000000,0,23880000000.0,0.0,KOSDAQ
100660,61777,12600000,240003645,48951000000.0,0.49,KOSDAQ
019770,0,11650000,0,42697250000.0,0.0,KOSDAQ
092190,139289,45868383,2085156330,686649693510.0,0.3,KOSDAQ
046890,2013670,58305400,29077394800,841929976000.0,3.45,KOSDAQ
063170,88898,17774267,526276160,105223660640.0,0.5,KOSDAQ
027040,0,69588847,0,33402646560.0,0.0,KOSDAQ
018680,0,11659319,0,30430822590.0,0.0,KOSDAQ
036120,0,35145000,0,63155565000.0,0.0,KOSDAQ
093920,51898,18600000,259490000,93000000000.0,0.28,KOSDAQ
189860,58369,9698780,397492890,66048691800.0,0.6,KOSDAQ
178320,344582,63577747,22639037400,4177057977900.0,0.54,KOSDAQ
122690,0,23079166,0,45004373700.0,0.0,KOSDAQ
140070,0,36988000,0,81373600000.0,0.0,KOSDAQ
011370,208922,100894865,189701176,91612537420.0,0.21,KOSDAQ
065710,2513,5150000,104540800,214240000000.0,0.05,KOSDAQ
035890,1401348,229808457,2823716220,463064040855.0,0.61,KOSDAQ
357550,4040,5455000,190486000,257203250000.0,0.07,KOSDAQ
003100,0,6600000,0,147510000000.0,0.0,KOSDAQ
067370,32295,12193555,211209300,79745849700.0,0.26,KOSDAQ
171090,90031,10102626,6743321900,756686687400.0,0.89,KOSDAQ
086710,0,12203280,0,108121060800.0,0.0,KOSDAQ
014620,31464,26557364,1049324400,885688089400.0,0.12,KOSDAQ
037350,48667,15210000,466229860,145711800000.0,0.32,KOSDAQ
458650,60570,15045670,806792400,200408324400.0,0.4,KOSDAQ
081580,54600,15508143,166530000,47299836150.0,0.35,KOSDAQ
045300,59380,10547012,192688100,34225053940.0,0.56,KOSDAQ
015750,2492776,80000000,18446542400,592000000000.0,3.12,KOSDAQ
365340,125227,12272701,7613801600,746180220800.0,1.02,KOSDAQ
080470,0,7300000,0,26791000000.0,0.0,KOSDAQ
043260,45276,70922823,1783874400,2794359226200.0,0.06,KOSDAQ
148150,54832,35542818,220972960,143237556540.0,0.15,KOSDAQ
061090,50112,5587050,1994457600,222364590000.0,0.9,KOSDAQ
188260,0,7228470,0,14283456720.0,0.0,KOSDAQ
053060,0,17657419,0,24791016276.0,0.0,KOSDAQ
340440,0,28378364,0,44298626204.0,0.0,KOSDAQ
017510,140426,15246000,1551707300,168468300000.0,0.92,KOSDAQ
490470,132783,33999890,4647405000,1189996150000.0,0.39,KOSDAQ
011560,50189,10350000,1169403700,241155000000.0,0.48,KOSDAQ
396300,122272,26489500,671273280,145427355000.0,0.46,KOSDAQ
100700,170500,43800000,422840000,108624000000.0,0.39,KOSDAQ
024830,0,8350000,0,87675000000.0,0.0,KOSDAQ
258830,0,75786351,0,31223976612.0,0.0,KOSDAQ
036630,0,10000000,0,102000000000.0,0.0,KOSDAQ
039310,0,18121667,0,26167687148.0,0.0,KOSDAQ
067770,0,8396593,0,17716811230.0,0.0,KOSDAQ
053450,316073,14792803,1515570035,70931490385.0,2.14,KOSDAQ
252500,218000,41486390,167642000,31903033910.0,0.53,KOSDAQ
321370,525522,51664906,1728967380,169977540740.0,1.02,KOSDAQ
347000,335626,37810846,686355170,77323180070.0,0.89,KOSDAQ
331920,129687,8164148,1828586700,115114486800.0,1.59,KOSDAQ
352770,0,2592407,0,13610136750.0,0.0,KOSDAQ
471820,30000,11302879,142800000,53801704040.0,0.27,KOSDAQ
049180,541162,83226192,546032458,83975227728.0,0.65,KOSDAQ
299660,627379,29502977,1963696270,92344318010.0,2.13,KOSDAQ
108860,1102896,26914790,11359828800,277222337000.0,4.1,KOSDAQ
208370,310553,25740564,1133518450,93953058600.0,1.21,KOSDAQ
318160,0,9341201,0,56607678060.0,0.0,KOSDAQ
308430,27473,12831510,700561500,327203505000.0,0.21,KOSDAQ
068760,351294,44402332,16510818000,2086909604000.0,0.79,KOSDAQ
068940,0,45912716,0,35720093048.0,0.0,KOSDAQ
007720,0,100800450,0,37900969200.0,0.0,KOSDAQ
290690,0,49337244,0,244219357800.0,0.0,KOSDAQ
950200,0,19236053,0,58862322180.0,0.0,KOSDAQ
032680,559468,104279408,149937424,27946881344.0,0.54,KOSDAQ
032685,0,356813,0,2237217510.0,0.0,KOSDAQ
258790,0,24991284,0,42935025912.0,0.0,KOSDAQ
066910,340599,66933164,231607320,45514551520.0,0.51,KOSDAQ
215090,178033,23155661,374759465,48742666405.0,0.77,KOSDAQ
035610,68084,27345997,236591900,95027339575.0,0.25,KOSDAQ
357780,157960,7778566,61920320000,3049197872000.0,2.03,KOSDAQ
036830,28258,20503981,1441158000,1045703031000.0,0.14,KOSDAQ
304100,294086,12593855,5161209300,221022155250.0,2.34,KOSDAQ
328380,54112,6852555,168288320,21311446050.0,0.79,KOSDAQ
086980,308433,62638000,820431780,166617080000.0,0.49,KOSDAQ
050960,0,6751000,0,57315990000.0,0.0,KOSDAQ
084180,0,18074283,0,19176814263.0,0.0,KOSDAQ
253840,404708,16743200,3087922040,127750616000.0,2.42,KOSDAQ
298830,294813,53458499,1827840600,331442693800.0,0.55,KOSDAQ
236200,0,6974311,0,305126106250.0,0.0,KOSDAQ
094840,51101,9806109,540137570,103650572130.0,0.52,KOSDAQ
192440,17036,6216363,497451200,181517799600.0,0.27,KOSDAQ
424960,65909,16485110,395454000,98910660000.0,0.4,KOSDAQ
099440,569521,68243394,2104380095,252159340830.0,0.83,KOSDAQ
066590,189958,38677937,454949410,92633659115.0,0.49,KOSDAQ
276040,0,21630335,0,7073119545.0,0.0,KOSDAQ
060240,0,5821060,0,11502414560.0,0.0,KOSDAQ
115570,0,7984508,0,22715925260.0,0.0,KOSDAQ
330730,0,18217830,0,117869360100.0,0.0,KOSDAQ
352090,63527,26872998,233144090,98623902660.0,0.24,KOSDAQ
253450,397383,30058498,11047247400,835626244400.0,1.32,KOSDAQ
408900,104253,32752929,211633590,66488445870.0,0.32,KOSDAQ
415380,0,11442975,0,24087462375.0,0.0,KOSDAQ
013810,86419,14655470,192714370,32681698100.0,0.59,KOSDAQ
347700,207413,50814305,8306890650,2035112915250.0,0.41,KOSDAQ
049830,27239,6132112,191762560,43170068480.0,0.44,KOSDAQ
020710,35820,20047970,145071000,81194278500.0,0.18,KOSDAQ
033170,0,85728319,0,61038563128.0,0.0,KOSDAQ
048870,209606,88106963,373937104,157182821992.0,0.24,KOSDAQ
025320,2409914,92162453,11519388920,440536525340.0,2.61,KOSDAQ
340810,97451,13644976,284069665,39775105040.0,0.71,KOSDAQ
269620,0,148582691,0,132090012299.0,0.0,KOSDAQ
056090,0,103259036,0,162116686520.0,0.0,KOSDAQ
429270,16657,6449231,116099290,44951140070.0,0.26,KOSDAQ
418250,0,7271605,0,47629012750.0,0.0,KOSDAQ
131090,0,7658221,0,27875924440.0,0.0,KOSDAQ
290520,58000,15929362,139200000,38230468800.0,0.36,KOSDAQ
001000,0,24277540,0,33575837820.0,0.0,KOSDAQ
025870,0,4000000,0,15120000000.0,0.0,KOSDAQ
215600,310262,138553564,909067660,405961942520.0,0.22,KOSDAQ
065350,937228,27483948,41753507400,1224409883400.0,3.41,KOSDAQ
416180,75505,9039778,2193420250,262605550900.0,0.84,KOSDAQ
162300,0,41471382,0,65815083234.0,0.0,KOSDAQ
002800,48255,15170500,251891100,79190010000.0,0.32,KOSDAQ
472220,0,4690000,0,10318000000.0,0.0,KOSDAQ
0091W0,0,6068000,0,12530420000.0,0.0,KOSDAQ
017000,0,11668027,0,30511890605.0,0.0,KOSDAQ
012790,38353,11986415,216310920,67603380600.0,0.32,KOSDAQ
138070,123456,17503204,206788800,29317866700.0,0.71,KOSDAQ
226330,0,24258475,0,57007416250.0,0.0,KOSDAQ
474660,0,5520000,0,11343600000.0,0.0,KOSDAQ
474930,0,3620000,0,7602000000.0,0.0,KOSDAQ
487360,0,5640000,0,11449200000.0,0.0,KOSDAQ
487830,0,4350000,0,8874000000.0,0.0,KOSDAQ
496070,0,5620000,0,11268100000.0,0.0,KOSDAQ
0130D0,0,5340000,0,10663980000.0,0.0,KOSDAQ
0129K0,0,5620000,0,11206280000.0,0.0,KOSDAQ
056700,62500,29135091,105000000,48946952880.0,0.21,KOSDAQ
187270,0,10143845,0,35604895950.0,0.0,KOSDAQ
095190,177477,65260462,408197100,150099062600.0,0.27,KOSDAQ
243840,0,38558235,0,289186762500.0,0.0,KOSDAQ
257720,2543455,65576252,96396944500,2485339950800.0,3.88,KOSDAQ
222800,117110,37463931,12132596000,3881263251600.0,0.31,KOSDAQ
036710,85728,52827754,336482400,207348934450.0,0.16,KOSDAQ
444530,17240,6418644,187226400,69706473840.0,0.27,KOSDAQ
234030,398951,23605000,2098482260,124162300000.0,1.69,KOSDAQ
160980,140387,10924243,4478345300,348483351700.0,1.29,KOSDAQ
356890,214510,11953825,688577100,38371778250.0,1.79,KOSDAQ
217330,208595,23129547,956408075,106048972995.0,0.9,KOSDAQ
208640,0,139240254,0,23670843180.0,0.0,KOSDAQ
222420,278511,48418523,359557701,62508313193.0,0.58,KOSDAQ
037760,0,33832921,0,80860681190.0,0.0,KOSDAQ
081180,9851,8825535,106981860,95845310100.0,0.11,KOSDAQ
099320,8154,10951278,1139929200,1530988664400.0,0.07,KOSDAQ
049960,32034,9400000,565400100,165910000000.0,0.34,KOSDAQ
088280,45536,17306490,206278080,78398399700.0,0.26,KOSDAQ
050890,1002262,60756534,14823454980,898589137860.0,1.65,KOSDAQ
394800,14327,31761476,132238210,293158423480.0,0.05,KOSDAQ
177900,31958,9627600,200057080,60268776000.0,0.33,KOSDAQ
475400,67141,11756062,1755737150,307421021300.0,0.57,KOSDAQ
109670,0,5836602,0,23638238100.0,0.0,KOSDAQ
066790,0,65152039,0,97271994227.0,0.0,KOSDAQ
222080,2170222,77780144,26563517280,952028962560.0,2.79,KOSDAQ
352480,148678,13629901,3040465100,278731475450.0,1.09,KOSDAQ
264660,21839,9721172,383929620,170898203760.0,0.22,KOSDAQ
352700,0,26276899,0,48480878655.0,0.0,KOSDAQ
458870,12000,38059740,420000000,1332090900000.0,0.03,KOSDAQ
297090,61721,27270000,347489230,153530100000.0,0.23,KOSDAQ
900120,0,37348303,0,14603186473.0,0.0,KOSDAQ
359090,0,57470717,0,35287020238.0,0.0,KOSDAQ
115530,0,78843818,0,26491522848.0,0.0,KOSDAQ
388210,0,9634438,0,1065568842800.0,0.0,KOSDAQ
115480,0,12124911,0,27038551530.0,0.0,KOSDAQ
376290,42300,17657500,113998500,47586962500.0,0.24,KOSDAQ
189330,37673,9382284,272375790,67833913320.0,0.4,KOSDAQ
096530,96530,52225994,2886247000,1561557220600.0,0.18,KOSDAQ
101240,0,11357052,0,41396454540.0,0.0,KOSDAQ
060590,0,24181020,0,87293482200.0,0.0,KOSDAQ
260930,116830,19341591,385539000,63827250300.0,0.6,KOSDAQ
413630,139738,36436626,429694350,112042624950.0,0.38,KOSDAQ
013990,511430,32887536,2511121300,161477801760.0,1.56,KOSDAQ
123860,0,12123415,0,228526372750.0,0.0,KOSDAQ
025980,1055648,97300990,5647716800,520560296500.0,1.08,KOSDAQ
0015N0,15903,12715050,113547420,90785457000.0,0.13,KOSDAQ
125210,27498,16496790,315677040,189383149200.0,0.17,KOSDAQ
357580,112944,11717567,1499896320,155609289760.0,0.96,KOSDAQ
052710,109367,14615109,1934702230,258541278210.0,0.75,KOSDAQ
074430,169000,87826844,205673000,106885269148.0,0.19,KOSDAQ
092040,384491,70655387,722843080,132832127560.0,0.54,KOSDAQ
083930,36425,14677249,483724000,194913866720.0,0.25,KOSDAQ
149950,0,13667703,0,172896442950.0,0.0,KOSDAQ
036010,34204,13292934,286287480,111261857580.0,0.26,KOSDAQ
050860,0,22500000,0,42277500000.0,0.0,KOSDAQ
136410,0,11019106,0,65233107520.0,0.0,KOSDAQ
246720,0,16381300,0,99434491000.0,0.0,KOSDAQ
450950,306661,37627592,2821281200,346173846400.0,0.81,KOSDAQ
067390,387152,415157579,247777280,265700850560.0,0.09,KOSDAQ
159010,37442,13334739,602816200,214689297900.0,0.28,KOSDAQ
127710,0,44049210,0,51581624910.0,0.0,KOSDAQ
154030,0,12061867,0,21783731802.0,0.0,KOSDAQ
227610,0,38047246,0,30209513324.0,0.0,KOSDAQ
331740,105857,9749691,1158075580,106661619540.0,1.09,KOSDAQ
143160,0,10716390,0,176820435000.0,0.0,KOSDAQ
054800,34221,10347756,535558650,161942381400.0,0.33,KOSDAQ
332370,45000,13273726,235800000,69554324240.0,0.34,KOSDAQ
066430,420162,39153476,1537792920,143301722160.0,1.07,KOSDAQ
339950,0,44946655,0,125401167450.0,0.0,KOSDAQ
469750,152307,34456481,167842314,37971042062.0,0.44,KOSDAQ
460470,0,15119370,0,61687029600.0,0.0,KOSDAQ
099190,45155,28757309,795631100,506703784580.0,0.16,KOSDAQ
461300,9064,13323933,160432800,235833614100.0,0.07,KOSDAQ
289010,111262,13945256,180578226,22633150488.0,0.8,KOSDAQ
214430,32093,7307215,2589905100,589692250500.0,0.44,KOSDAQ
040910,20296,18174275,102900720,92143574250.0,0.11,KOSDAQ
368600,0,25538346,0,21886362522.0,0.0,KOSDAQ
456010,78188,13901854,1774867600,315572085800.0,0.56,KOSDAQ
052860,17171,17862854,104571390,108784780860.0,0.1,KOSDAQ
464500,0,13993263,0,43379115300.0,0.0,KOSDAQ
212710,0,9622978,0,99020443620.0,0.0,KOSDAQ
038880,131586,37572117,117637884,33589472598.0,0.35,KOSDAQ
307180,366988,34713473,2414781040,228414652340.0,1.06,KOSDAQ
101390,0,16914354,0,6698084184.0,0.0,KOSDAQ
493280,12568,14804048,444278800,523323096800.0,0.08,KOSDAQ
461030,42665,14334517,225271200,75686249760.0,0.3,KOSDAQ
451220,48052,7874611,604974680,99141352490.0,0.61,KOSDAQ
078860,0,5936225,0,24101073500.0,0.0,KOSDAQ
090150,151000,41875293,108720000,30150210960.0,0.36,KOSDAQ
031310,0,29746651,0,45958575795.0,0.0,KOSDAQ
462980,0,18234437,0,32329656801.0,0.0,KOSDAQ
185490,266199,43229784,594954765,96618567240.0,0.62,KOSDAQ
059100,0,7070860,0,40445319200.0,0.0,KOSDAQ
262840,0,10566952,0,36244645360.0,0.0,KOSDAQ
175250,150717,37558368,327055890,81501658560.0,0.4,KOSDAQ
052460,0,14607936,0,43823808000.0,0.0,KOSDAQ
119830,0,26349023,0,170741669040.0,0.0,KOSDAQ
052770,0,14568774,0,4545457488.0,0.0,KOSDAQ
124500,2788,23204527,120441600,1002435566400.0,0.01,KOSDAQ
010280,38094,13024757,270086460,92345527130.0,0.29,KOSDAQ
232830,0,16533726,0,71921708100.0,0.0,KOSDAQ
372800,0,7037189,0,25650553905.0,0.0,KOSDAQ
084850,198765,22682934,2738981700,312570830520.0,0.88,KOSDAQ
309710,40482,12783001,850122000,268443021000.0,0.32,KOSDAQ
114840,34418,17319900,300124960,151029528000.0,0.2,KOSDAQ
027360,1068346,121145406,16580729920,1880176701120.0,0.88,KOSDAQ
032080,0,21491029,0,27186151685.0,0.0,KOSDAQ
013310,397054,38806582,1308292930,127867687690.0,1.02,KOSDAQ
059120,101815,18310066,965206200,173579425680.0,0.56,KOSDAQ
0007C0,110261,8030324,3241673400,236091525600.0,1.37,KOSDAQ
203690,0,20157320,0,89196141000.0,0.0,KOSDAQ
158430,164412,24482092,1034151480,153992358680.0,0.67,KOSDAQ
200350,0,9996025,0,38934517375.0,0.0,KOSDAQ
321820,30421,15591376,104344030,53478419680.0,0.2,KOSDAQ
001540,0,13042420,0,144901286200.0,0.0,KOSDAQ
053800,70798,11126506,4198321400,659801805800.0,0.64,KOSDAQ
065660,52767,10006100,1612031850,305686355000.0,0.53,KOSDAQ
297570,0,34621218,0,49923796356.0,0.0,KOSDAQ
260660,0,15327021,0,47590400205.0,0.0,KOSDAQ
354320,47648,6391381,4016726400,538793418300.0,0.75,KOSDAQ
361570,161205,28743291,282431160,50358245832.0,0.56,KOSDAQ
131370,411581,53267083,874609625,113192551375.0,0.77,KOSDAQ
140670,119844,12839840,1755714600,188103656000.0,0.93,KOSDAQ
096610,0,17386411,0,51550708615.0,0.0,KOSDAQ
061040,0,45241115,0,87632039755.0,0.0,KOSDAQ
148250,79853,13610704,239159735,40764058480.0,0.59,KOSDAQ
123010,85450,33622267,208070750,81870220145.0,0.25,KOSDAQ
476830,0,13933842,0,1769597934000.0,0.0,KOSDAQ
347860,327184,41300953,607580688,76695869721.0,0.79,KOSDAQ
196170,1321033,53586343,474911363500,19264290308500.0,2.47,KOSDAQ
123750,0,13819259,0,25593267668.0,0.0,KOSDAQ
459550,186519,25067769,359422113,48305590863.0,0.74,KOSDAQ
085810,0,13109206,0,22901782882.0,0.0,KOSDAQ
043100,0,20110080,0,10457241600.0,0.0,KOSDAQ
117670,8695,6661742,137294050,105188906180.0,0.13,KOSDAQ
314140,0,8666361,0,51131529900.0,0.0,KOSDAQ
291650,27993,61039242,32891775,71721109350.0,0.05,KOSDAQ
293780,0,28093405,0,176988451500.0,0.0,KOSDAQ
310200,86779,52162836,209137390,125712434760.0,0.17,KOSDAQ
179530,145360,19679630,375755600,50871843550.0,0.74,KOSDAQ
397810,0,5160770,0,25907065400.0,0.0,KOSDAQ
0011A0,20364,9333740,373679400,171274129000.0,0.22,KOSDAQ
052790,0,10924547,0,51782352780.0,0.0,KOSDAQ
290740,30593,10065011,450940820,148358262140.0,0.3,KOSDAQ
238090,42000,30490440,112350000,81561927000.0,0.14,KOSDAQ
138360,323444,76991722,1009145280,240214172640.0,0.42,KOSDAQ
092600,0,5016703,0,20041728485.0,0.0,KOSDAQ
129890,125500,45545602,120480000,43723777920.0,0.28,KOSDAQ
174900,36357,19952129,1305216300,716281431100.0,0.18,KOSDAQ
109960,0,220789269,0,33780758157.0,0.0,KOSDAQ
270520,95526,19658914,126285372,25989084308.0,0.49,KOSDAQ
255440,23095,13058000,222173900,125617960000.0,0.18,KOSDAQ
030960,26495,15980000,157910200,95240800000.0,0.17,KOSDAQ
102120,156992,17780753,1850935680,209635077870.0,0.88,KOSDAQ
238120,0,14378896,0,53345704160.0,0.0,KOSDAQ
019990,93363,9756088,704890650,73658464400.0,0.96,KOSDAQ
435570,0,7616983,0,60555014850.0,0.0,KOSDAQ
270660,176532,12690583,2663867880,191500897470.0,1.39,KOSDAQ
038680,144331,19912642,571550760,78854062320.0,0.72,KOSDAQ
217480,0,109733141,0,54756837359.0,0.0,KOSDAQ
121890,0,13291446,0,33361529460.0,0.0,KOSDAQ
304360,10111,12385128,281085800,344306558400.0,0.08,KOSDAQ
389500,35760,6663472,2671272000,497761358400.0,0.54,KOSDAQ
042110,264146,48329564,397539730,72735993820.0,0.55,KOSDAQ
065420,0,71577299,0,15818583079.0,0.0,KOSDAQ
103230,0,7200000,0,25164000000.0,0.0,KOSDAQ
260970,4419,2892754,302701500,198153649000.0,0.15,KOSDAQ
101490,112244,21334879,8249934000,1568113606500.0,0.53,KOSDAQ
095910,255211,37296909,505828202,73922473638.0,0.68,KOSDAQ
275630,0,5253808,0,21251653360.0,0.0,KOSDAQ
031330,0,99995067,0,1427929556760.0,0.0,KOSDAQ
060540,0,26133306,0,36900228072.0,0.0,KOSDAQ
056190,8383,35908760,235143150,1007240718000.0,0.02,KOSDAQ
0008Z0,31869,9436564,1056457350,312822096600.0,0.34,KOSDAQ
246250,52028,15348206,102443132,30220617614.0,0.34,KOSDAQ
041510,511540,22894690,43173976000,1932311836000.0,2.23,KOSDAQ
460870,103300,20073304,316098000,61424310240.0,0.51,KOSDAQ
464080,313194,17947045,3676897560,210698308300.0,1.75,KOSDAQ
109610,270162,48907400,634880700,114932390000.0,0.55,KOSDAQ
365330,1211570,50171000,3404511700,140980510000.0,2.41,KOSDAQ
306040,34668,9865828,149765760,42620376960.0,0.35,KOSDAQ
398120,0,11818511,0,32382720140.0,0.0,KOSDAQ
472230,0,4155000,0,8600850000.0,0.0,KOSDAQ
473000,0,3310000,0,6785500000.0,0.0,KOSDAQ
473950,0,4420000,0,8972600000.0,0.0,KOSDAQ
475660,0,7929835,0,35922152550.0,0.0,KOSDAQ
096630,51498,15876323,145739340,44929994090.0,0.32,KOSDAQ
069510,0,10910000,0,143139200000.0,0.0,KOSDAQ
488280,202367,10803486,4269943700,227953554600.0,1.87,KOSDAQ
234300,174685,27207780,557245150,86792818200.0,0.64,KOSDAQ
039440,86970,15507047,2456902500,438074077750.0,0.56,KOSDAQ
098660,0,12500976,0,20689115280.0,0.0,KOSDAQ
052020,60738,67983291,900744540,1008192205530.0,0.09,KOSDAQ
237690,6851,20847927,855004800,2601821289600.0,0.03,KOSDAQ
458350,27262,8683200,186744700,59479920000.0,0.31,KOSDAQ
050760,0,16334678,0,21790460452.0,0.0,KOSDAQ
288620,11910,6979316,103855200,60859635520.0,0.17,KOSDAQ
443670,108608,24741392,482219520,109851780480.0,0.44,KOSDAQ
317830,58757,10773818,514123750,94270907500.0,0.55,KOSDAQ
058610,233337,22177360,23730372900,2255437512000.0,1.05,KOSDAQ
043340,0,47500000,0,40945000000.0,0.0,KOSDAQ
163280,92764,13603078,454543600,66655082200.0,0.68,KOSDAQ
200710,89844,13462007,3539853600,530403075800.0,0.67,KOSDAQ
475580,16641,13624900,149103360,122079104000.0,0.12,KOSDAQ
096690,0,24137053,0,32271239861.0,0.0,KOSDAQ
298380,80988,55987463,8609024400,5951467316900.0,0.14,KOSDAQ
203400,217366,90101304,417994818,173264807592.0,0.24,KOSDAQ
195990,232552,32575748,260458240,36484837760.0,0.71,KOSDAQ
003800,0,11090000,0,353216500000.0,0.0,KOSDAQ
088800,536459,75506434,2033179610,286169384860.0,0.71,KOSDAQ
241840,0,9539994,0,38207675970.0,0.0,KOSDAQ
364950,18377,8296445,103462510,46708985350.0,0.22,KOSDAQ
453860,0,6444423,0,80426399040.0,0.0,KOSDAQ
312610,0,20256888,0,21431787504.0,0.0,KOSDAQ
172670,38681,8960259,656416570,152055595230.0,0.43,KOSDAQ
481070,7765,14260000,117251500,215326000000.0,0.05,KOSDAQ
060900,0,3991073,0,20953133250.0,0.0,KOSDAQ
445090,94817,10925658,2797101500,322306911000.0,0.87,KOSDAQ
295310,38214,12027291,3599758800,1132970812200.0,0.32,KOSDAQ
072990,0,14498206,0,59805099750.0,0.0,KOSDAQ
044990,27428,7685425,383717720,107519095750.0,0.36,KOSDAQ
239610,13695,5392115,102712500,40440862500.0,0.25,KOSDAQ
036170,513749,61365626,2835894480,338738255520.0,0.84,KOSDAQ
477340,0,7510000,0,15282850000.0,0.0,KOSDAQ
148930,0,10175213,0,28541472465.0,0.0,KOSDAQ
044780,0,18505787,0,25889596013.0,0.0,KOSDAQ
357230,0,41293476,0,110666515680.0,0.0,KOSDAQ
355690,1000,9404980,4220000,39689015600.0,0.01,KOSDAQ
071670,13996,10000000,104410160,74600000000.0,0.14,KOSDAQ
045660,31871,8260000,278871250,72275000000.0,0.39,KOSDAQ
224110,23339,5080386,191613190,41709969060.0,0.46,KOSDAQ
021080,0,48000000,0,138240000000.0,0.0,KOSDAQ
200470,89021,42362093,674779180,321104664940.0,0.21,KOSDAQ
262260,45077,14468152,344839050,110681362800.0,0.31,KOSDAQ
397030,177632,23413826,9148048000,1205812039000.0,0.76,KOSDAQ
0009K0,81629,64671161,2718245700,2153549661300.0,0.13,KOSDAQ
230240,161873,13309000,4929032850,405259050000.0,1.22,KOSDAQ
159910,0,10467097,0,38571252445.0,0.0,KOSDAQ
230360,0,30998758,0,495980128000.0,0.0,KOSDAQ
097780,0,50732723,0,33686528072.0,0.0,KOSDAQ
038870,183752,14014949,509911800,38891483475.0,1.31,KOSDAQ
448280,37170,29631129,415932300,331572333510.0,0.13,KOSDAQ
101360,444317,17786114,6229324340,249361318280.0,2.5,KOSDAQ
128540,0,26690460,0,43265235660.0,0.0,KOSDAQ
086520,7783456,135776152,923896227200,16116629242400.0,5.73,KOSDAQ
247540,2763541,97830434,488317694700,17286637687800.0,2.82,KOSDAQ
383310,724239,20974932,18612942300,539055752400.0,3.45,KOSDAQ
038110,711062,41169370,1969641740,114039154900.0,1.73,KOSDAQ
073540,36843,11400000,124160910,38418000000.0,0.32,KOSDAQ
064850,0,11410332,0,285828816600.0,0.0,KOSDAQ
036810,44063,21649789,1462891600,718772994800.0,0.2,KOSDAQ
173940,120000,15392808,445800000,57184281720.0,0.78,KOSDAQ
083500,51262,8575722,1045744800,174944728800.0,0.6,KOSDAQ
317530,52356,17494882,178533960,59657547620.0,0.3,KOSDAQ
054940,0,33173548,0,24283037136.0,0.0,KOSDAQ
950130,0,35173834,0,124867110700.0,0.0,KOSDAQ
373110,0,17294394,0,21254810226.0,0.0,KOSDAQ
205100,483682,70686423,831449358,121509961137.0,0.68,KOSDAQ
356680,182581,28543492,3005283260,469825878320.0,0.64,KOSDAQ
070300,97443,23307078,231914340,55470845640.0,0.42,KOSDAQ
317770,713431,36486545,2236606185,114385318575.0,1.96,KOSDAQ
373200,0,112480583,0,72325014869.0,0.0,KOSDAQ
069920,0,9296521,0,14019153668.0,0.0,KOSDAQ
092870,26314,13050797,778894400,386303591200.0,0.2,KOSDAQ
317870,36321,8841895,228822300,55703938500.0,0.41,KOSDAQ
067570,0,42170000,0,83327920000.0,0.0,KOSDAQ
0004V0,72323,10404468,1076889470,154922528520.0,0.7,KOSDAQ
236810,65896,16975426,101677528,26193082318.0,0.39,KOSDAQ
333620,64697,10997910,421177470,71596394100.0,0.59,KOSDAQ
101400,0,11741788,0,22297655412.0,0.0,KOSDAQ
475230,24982,10898683,362488820,158139890330.0,0.23,KOSDAQ
451700,0,14350000,0,49364000000.0,0.0,KOSDAQ
481890,0,6345000,0,13387950000.0,0.0,KOSDAQ
0054V0,0,6216500,0,12650577500.0,0.0,KOSDAQ
0130H0,0,7700000,0,15384600000.0,0.0,KOSDAQ
265740,49149,17863600,292928040,106467056000.0,0.28,KOSDAQ
354200,0,26809750,0,32386178000.0,0.0,KOSDAQ
455900,272987,15301831,6879272400,385606141200.0,1.78,KOSDAQ
419080,0,10685137,0,51448934655.0,0.0,KOSDAQ
183490,0,84640235,0,83793832650.0,0.0,KOSDAQ
182400,356950,72342431,1310006500,265496721770.0,0.49,KOSDAQ
348370,1998944,21910993,65265521600,715393921450.0,9.12,KOSDAQ
069410,0,10244824,0,46460276840.0,0.0,KOSDAQ
227950,1494699,172541047,751833597,86788146641.0,0.87,KOSDAQ
291230,0,44095775,0,28794541075.0,0.0,KOSDAQ
048830,0,18723923,0,18536683770.0,0.0,KOSDAQ
096870,0,8347999,0,17864717860.0,0.0,KOSDAQ
290650,310772,26969704,19454327200,1688303470400.0,1.15,KOSDAQ
156100,23679,22351153,137338200,129636687400.0,0.11,KOSDAQ
0041J0,0,4110000,0,8215890000.0,0.0,KOSDAQ
073110,19400,8895755,115042000,52751827150.0,0.22,KOSDAQ
083310,25262,17810033,307185920,216570001280.0,0.14,KOSDAQ
037950,74946,16889503,236454630,53286381965.0,0.44,KOSDAQ
489500,88966,6391238,2784635800,200045749400.0,1.39,KOSDAQ
170920,38404,10564126,1636010400,450031767600.0,0.36,KOSDAQ
058630,112408,19202574,536186160,91596277980.0,0.59,KOSDAQ
226590,105213,10716784,2256818850,229875016800.0,0.98,KOSDAQ
058970,204523,12362794,4560862900,275690306200.0,1.65,KOSDAQ
169330,80000,18316918,158080000,36194229968.0,0.44,KOSDAQ
373170,63314,15113790,155119300,37028785500.0,0.42,KOSDAQ
179290,71968,32365678,382869760,172185406960.0,0.22,KOSDAQ
009780,0,17600000,0,118800000000.0,0.0,KOSDAQ
123040,606398,62628299,1255243860,129640578930.0,0.97,KOSDAQ
432980,0,8591742,0,23068827270.0,0.0,KOSDAQ
007820,197903,20033946,900458650,91154454300.0,0.99,KOSDAQ
347890,0,16963204,0,89226453040.0,0.0,KOSDAQ
413390,35345,11580180,262259900,85924935600.0,0.31,KOSDAQ
032790,664214,51360212,589157818,45556508044.0,1.29,KOSDAQ
033160,257831,24185077,7502882100,703785740700.0,1.07,KOSDAQ
033310,220900,39972456,357416200,64675433808.0,0.55,KOSDAQ
259630,62458,12222396,881282380,172458007560.0,0.51,KOSDAQ
105550,31897,78307051,21052020,51682653660.0,0.04,KOSDAQ
060850,0,8131000,0,50737440000.0,0.0,KOSDAQ
143540,263486,44599895,436069330,73812826225.0,0.59,KOSDAQ
265560,15995,10690180,135157750,90332021000.0,0.15,KOSDAQ
036000,0,23034277,0,69218002385.0,0.0,KOSDAQ
250930,0,33000440,0,14652195360.0,0.0,KOSDAQ
053280,67351,25000000,206767570,76750000000.0,0.27,KOSDAQ
122640,38537,21418509,955717600,531179023200.0,0.18,KOSDAQ
476040,32418,6585760,521929800,106030736000.0,0.49,KOSDAQ
900300,1560498,251004876,162291792,26104507104.0,0.62,KOSDAQ
045060,0,16941974,0,38966540200.0,0.0,KOSDAQ
192410,68695,23330786,447891400,152116724720.0,0.29,KOSDAQ
080520,33300,11322417,113386500,38552829885.0,0.29,KOSDAQ
039830,130791,10762890,1947477990,160259432100.0,1.22,KOSDAQ
322310,96296,9366542,2484436800,241656783600.0,1.03,KOSDAQ
046120,749332,33855433,6609108240,298604919060.0,2.21,KOSDAQ
475830,105865,21513325,7071782000,1437090110000.0,0.49,KOSDAQ
014940,778480,45573661,4927778400,288481274130.0,1.71,KOSDAQ
065500,313118,33242912,546077792,57975638528.0,0.94,KOSDAQ
010470,75845,11975050,416389050,65743024500.0,0.63,KOSDAQ
417860,0,4696906,0,34240444740.0,0.0,KOSDAQ
352910,0,12637802,0,64831924260.0,0.0,KOSDAQ
053980,107287,18982783,306840820,54290759380.0,0.57,KOSDAQ
036220,73868,14309416,547361880,106032772560.0,0.52,KOSDAQ
052420,0,97420096,0,141064299008.0,0.0,KOSDAQ
052300,0,16244128,0,28281026848.0,0.0,KOSDAQ
039200,23620,38258176,917637000,1486330137600.0,0.06,KOSDAQ
226400,24826,20661601,138280820,115085117570.0,0.12,KOSDAQ
031510,0,28000000,0,30464000000.0,0.0,KOSDAQ
342870,0,5450197,0,31992656390.0,0.0,KOSDAQ
368970,0,9135666,0,17586157050.0,0.0,KOSDAQ
138080,84947,12377758,3109060200,453025942800.0,0.69,KOSDAQ
080580,75469,21090955,1569755200,438691864000.0,0.36,KOSDAQ
067170,501222,24994848,1844496960,91981040640.0,2.01,KOSDAQ
353590,0,12875570,0,32703947800.0,0.0,KOSDAQ
173130,27562,13046473,203958800,96543900200.0,0.21,KOSDAQ
440320,0,9830000,0,40303000000.0,0.0,KOSDAQ
049480,90808,31422383,232922520,80598412395.0,0.29,KOSDAQ
394280,188983,26346530,2827185680,394144088800.0,0.72,KOSDAQ
476060,694958,45407840,13190302840,861840803200.0,1.53,KOSDAQ
382150,202289,12195957,1256214690,75736892970.0,1.66,KOSDAQ
244460,0,8125511,0,13415218661.0,0.0,KOSDAQ
226950,190112,20300583,28174598400,3008546400600.0,0.94,KOSDAQ
057540,0,59394268,0,48109357080.0,0.0,KOSDAQ
131030,64623,17646590,447837390,122290868700.0,0.37,KOSDAQ
082210,75200,34963330,124155200,57724457830.0,0.22,KOSDAQ
109080,9365,5636000,115470450,69491880000.0,0.17,KOSDAQ
380540,526695,48913167,2225286375,206658130575.0,1.08,KOSDAQ
153710,30000,14669958,150600000,73643189160.0,0.2,KOSDAQ
432430,39791,16508320,110420025,45810588000.0,0.24,KOSDAQ
338840,135710,15366681,2471279100,279827261010.0,0.88,KOSDAQ
122990,0,26639081,0,216842119340.0,0.0,KOSDAQ
232140,222542,82045350,3772086900,1390668682500.0,0.27,KOSDAQ
112290,254492,20221090,3606151640,286532845300.0,1.26,KOSDAQ
065530,0,47838759,0,84052699563.0,0.0,KOSDAQ
067900,0,18199659,0,121755718710.0,0.0,KOSDAQ
007530,0,22254231,0,47957867805.0,0.0,KOSDAQ
155650,129385,18974358,527243875,77320508850.0,0.68,KOSDAQ
273640,0,10966000,0,98255360000.0,0.0,KOSDAQ
251370,7946,18013213,108542360,246060489580.0,0.04,KOSDAQ
209640,67217,28443146,511521370,216452341060.0,0.24,KOSDAQ
096250,84448,13105344,736386560,114278599680.0,0.64,KOSDAQ
273060,0,50459582,0,58785413030.0,0.0,KOSDAQ
019210,150362,37193728,2766660800,684364595200.0,0.4,KOSDAQ
122870,96722,18691049,4531425700,875675645650.0,0.52,KOSDAQ
079000,0,7200000,0,42696000000.0,0.0,KOSDAQ
403490,147398,45932464,140765090,43865503120.0,0.32,KOSDAQ
032820,8149473,171605186,131043525840,2759411390880.0,4.75,KOSDAQ
041190,2442992,84000000,14242643360,489720000000.0,2.91,KOSDAQ
115440,146515,10794292,1850484450,136331907960.0,1.36,KOSDAQ
046970,781219,43824999,6530990840,366376991640.0,1.78,KOSDAQ
082850,377648,48456578,698271152,89596212722.0,0.78,KOSDAQ
215360,31156,9132163,261087280,76527525940.0,0.34,KOSDAQ
072470,41688,18887341,136111320,61667168365.0,0.22,KOSDAQ
073560,81800,69237643,137342200,116250002597.0,0.12,KOSDAQ
037400,0,26223346,0,24545051856.0,0.0,KOSDAQ
153490,0,51480000,0,39227760000.0,0.0,KOSDAQ
101170,124198,13500000,1624509840,176580000000.0,0.92,KOSDAQ
103840,119034,16366428,326748330,44925844860.0,0.73,KOSDAQ
101970,0,14790009,0,172895205210.0,0.0,KOSDAQ
046940,0,18074350,0,74014463250.0,0.0,KOSDAQ
215380,0,16829576,0,45608150960.0,0.0,KOSDAQ
065680,0,9240471,0,357606227700.0,0.0,KOSDAQ
018620,0,28889293,0,21551412578.0,0.0,KOSDAQ
457550,193692,9318958,4445231400,213870086100.0,2.08,KOSDAQ
396470,33646,16120000,265466940,127186800000.0,0.21,KOSDAQ
307280,0,7094627,0,48811033760.0,0.0,KOSDAQ
032940,107058,18193230,795440940,135175698900.0,0.59,KOSDAQ
240810,556439,49083901,62265524100,5492488521900.0,1.13,KOSDAQ
074600,0,26288000,0,924023200000.0,0.0,KOSDAQ
104830,0,12608000,0,551600000000.0,0.0,KOSDAQ
014190,0,35399906,0,53135258906.0,0.0,KOSDAQ
217820,57988,47454559,161206640,131923674020.0,0.12,KOSDAQ
030530,520598,77237981,12858770600,1907778130700.0,0.67,KOSDAQ
012620,0,4400000,0,33616000000.0,0.0,KOSDAQ
136150,36835,8381030,485116950,110378165100.0,0.44,KOSDAQ
382840,171726,15271581,1274206920,113315131020.0,1.12,KOSDAQ
336570,2310898,89580646,16985100300,658417748100.0,2.58,KOSDAQ
376980,33454,9766394,103372860,30178157460.0,0.34,KOSDAQ
008370,40000,12000000,200800000,60240000000.0,0.33,KOSDAQ
008290,0,20346839,0,14242787300.0,0.0,KOSDAQ
101160,40882,16510993,1054755600,425983619400.0,0.25,KOSDAQ
336060,0,48155200,0,40835609600.0,0.0,KOSDAQ
095270,34103,14372406,192681950,81204093900.0,0.24,KOSDAQ
289930,0,13149010,0,184086140000.0,0.0,KOSDAQ
065950,176904,28231302,228206160,36418379580.0,0.63,KOSDAQ
076080,131100,22594156,118645500,20447711180.0,0.58,KOSDAQ
043590,0,27136762,0,21573725790.0,0.0,KOSDAQ
196700,0,14364144,0,22910809680.0,0.0,KOSDAQ
069080,109315,30966575,1156552700,327626363500.0,0.35,KOSDAQ
053580,33854,12954436,260675800,99749157200.0,0.26,KOSDAQ
479960,22684,6851000,217312720,65632580000.0,0.33,KOSDAQ
044340,0,17873425,0,82664590625.0,0.0,KOSDAQ
330350,94599,13202139,700032600,97695828600.0,0.72,KOSDAQ
348350,28864,9978600,276805760,95694774000.0,0.29,KOSDAQ
112040,1200518,33948483,23518147620,665050781970.0,3.54,KOSDAQ
101730,503014,83803286,2157930060,359516096940.0,0.6,KOSDAQ
123420,87941,10552334,610310540,73233197960.0,0.83,KOSDAQ
065370,0,7383954,0,31234125420.0,0.0,KOSDAQ
038620,0,15145893,0,29610220815.0,0.0,KOSDAQ
299900,0,171048884,0,57814522792.0,0.0,KOSDAQ
036090,391236,118392284,277777560,84058521640.0,0.33,KOSDAQ
459100,0,13466100,0,75679482000.0,0.0,KOSDAQ
136540,68969,12279746,781418770,139129522180.0,0.56,KOSDAQ
097800,0,27290045,0,49940782350.0,0.0,KOSDAQ
192390,0,11032229,0,19350529666.0,0.0,KOSDAQ
335870,0,16750473,0,27688531869.0,0.0,KOSDAQ
900340,0,50330928,0,37345548576.0,0.0,KOSDAQ
036200,111299,30664223,1121893920,309095367840.0,0.36,KOSDAQ
018000,4863589,249260593,4615545961,236548302757.0,1.95,KOSDAQ
203450,0,14079007,0,40829120300.0,0.0,KOSDAQ
011320,0,19320695,0,79408056450.0,0.0,KOSDAQ
086390,402016,21134126,6259389120,329058341820.0,1.9,KOSDAQ
241690,77185,24470706,255096425,80875683330.0,0.32,KOSDAQ
142210,43554,20751403,288763020,137581801890.0,0.21,KOSDAQ
389680,0,8318493,0,22418338635.0,0.0,KOSDAQ
088340,83110,4364368,840242100,44123760480.0,1.9,KOSDAQ
048430,20554,11520000,141000440,79027200000.0,0.18,KOSDAQ
206650,238054,36723307,2532894560,390735986480.0,0.65,KOSDAQ
089850,75346,14730199,360153880,70410351220.0,0.51,KOSDAQ
084440,0,19132421,0,20663014680.0,0.0,KOSDAQ
264450,148765,14665493,2000889250,197250880850.0,1.01,KOSDAQ
078070,83131,17604772,1103979680,233791372160.0,0.47,KOSDAQ
024800,39451,37051812,180882835,169882558020.0,0.11,KOSDAQ
054930,0,3000000,0,63600000000.0,0.0,KOSDAQ
069330,0,14191091,0,16206225922.0,0.0,KOSDAQ
049520,0,30842625,0,115505630625.0,0.0,KOSDAQ
473050,0,7010000,0,14510700000.0,0.0,KOSDAQ
474490,0,5510000,0,11295500000.0,0.0,KOSDAQ
493790,0,5310000,0,10726200000.0,0.0,KOSDAQ
263770,0,23700172,0,44674824220.0,0.0,KOSDAQ
388720,177385,11781345,15592141500,1035580225500.0,1.51,KOSDAQ
340930,1089223,68875785,877913738,55513882710.0,1.58,KOSDAQ
023410,115943,77310863,421452805,281024987005.0,0.15,KOSDAQ
056080,704265,37512152,15529043250,827142951600.0,1.88,KOSDAQ
468760,0,4240000,0,8861600000.0,0.0,KOSDAQ
488060,0,4720000,0,9699600000.0,0.0,KOSDAQ
0105P0,0,5660000,0,11297360000.0,0.0,KOSDAQ
084370,193435,22916042,23637757000,2800340332400.0,0.84,KOSDAQ
240600,0,6928151,0,19087056005.0,0.0,KOSDAQ
179900,83063,19790412,1781701350,424504337400.0,0.42,KOSDAQ
263050,114100,36834856,109421900,35324626904.0,0.31,KOSDAQ
191410,0,11204255,0,21433739815.0,0.0,KOSDAQ
372170,41562,7979048,1153345500,221418582000.0,0.52,KOSDAQ
146060,0,24015595,0,28530526860.0,0.0,KOSDAQ
039020,172129,22584709,498313455,65382732555.0,0.76,KOSDAQ
067920,0,10996119,0,66416558760.0,0.0,KOSDAQ
044960,172034,12641883,626203760,46016454120.0,1.36,KOSDAQ
303530,30296,7339299,126334320,30604876830.0,0.41,KOSDAQ
302430,0,9833208,0,90465513600.0,0.0,KOSDAQ
462350,93657,20868662,1358963070,302804285620.0,0.45,KOSDAQ
274400,47796,9086493,160594560,30530616480.0,0.53,KOSDAQ
296640,0,5178252,0,34383593280.0,0.0,KOSDAQ
215790,421664,40283149,955068960,91241332485.0,1.05,KOSDAQ
344860,0,12030000,0,18357780000.0,0.0,KOSDAQ
333050,0,4922665,0,32981855500.0,0.0,KOSDAQ
469610,127715,8934900,2241398250,156807495000.0,1.43,KOSDAQ
088390,24410,9385844,253619900,97518919160.0,0.26,KOSDAQ
272290,550498,19937509,16569989800,600119020900.0,2.76,KOSDAQ
053350,44995,22021065,126885900,62099403300.0,0.2,KOSDAQ
452400,0,9071428,0,69849995600.0,0.0,KOSDAQ
264850,481064,30294612,3319341600,209032822800.0,1.59,KOSDAQ
054210,35601,25291210,443232450,314875564500.0,0.14,KOSDAQ
009730,0,71779526,0,18590897234.0,0.0,KOSDAQ
065440,373562,27275020,1193530590,87143688900.0,1.37,KOSDAQ
424870,498954,74363829,2639466660,393384655410.0,0.67,KOSDAQ
115610,0,11818769,0,26414948715.0,0.0,KOSDAQ
478110,0,5020000,0,10215700000.0,0.0,KOSDAQ
131400,1720963,59591882,2495396350,86408228900.0,2.89,KOSDAQ
351330,64075,8288520,438273000,56693476800.0,0.77,KOSDAQ
080010,0,9835071,0,78385515870.0,0.0,KOSDAQ
086890,0,40774646,0,153312668960.0,0.0,KOSDAQ
047560,100245,11753082,1143795450,134102665620.0,0.85,KOSDAQ
239340,0,26979634,0,29057065818.0,0.0,KOSDAQ
067010,0,10888500,0,22811407500.0,0.0,KOSDAQ
456070,41029,11028717,453780740,121977610020.0,0.37,KOSDAQ
102710,27758,14287836,1224127800,630093567600.0,0.19,KOSDAQ
041520,38280,12188730,463953600,147727407600.0,0.31,KOSDAQ
063760,39200,9325130,141904000,33756970600.0,0.42,KOSDAQ
123570,0,22276078,0,41388952924.0,0.0,KOSDAQ
083470,0,21340329,0,23154256965.0,0.0,KOSDAQ
091120,19861,17132936,122343760,105538885760.0,0.12,KOSDAQ
039030,136624,12319550,63120288000,5691632100000.0,1.11,KOSDAQ
294090,340151,41809105,506824990,62295566450.0,0.81,KOSDAQ
088290,0,39880364,0,25124629320.0,0.0,KOSDAQ
353810,18579,33081920,133768800,238189824000.0,0.06,KOSDAQ
261520,27015,10277800,153445200,58377904000.0,0.26,KOSDAQ
099750,0,13659173,0,97936270410.0,0.0,KOSDAQ
377330,0,8139954,0,24826859700.0,0.0,KOSDAQ
035810,34571,64516185,182189170,340000294950.0,0.05,KOSDAQ
092130,32997,12043600,474166890,173066532000.0,0.27,KOSDAQ
134060,43000,4769250,169635000,18814691250.0,0.9,KOSDAQ
001840,107603,28256809,238340645,62588831935.0,0.38,KOSDAQ
041830,18630,13480882,807610500,584396234700.0,0.14,KOSDAQ
352940,45600,10867730,101688000,24235037900.0,0.42,KOSDAQ
079950,0,13799100,0,13661109000.0,0.0,KOSDAQ
0007J0,21050,7865714,319960000,119558852800.0,0.27,KOSDAQ
389470,283819,13285216,13651693900,639018889600.0,2.14,KOSDAQ
277410,0,38411505,0,36875044800.0,0.0,KOSDAQ
060150,393188,46563612,1541296960,182529359040.0,0.84,KOSDAQ
033230,710063,50515380,1152432249,81986461740.0,1.41,KOSDAQ
450520,58864,14704578,158049840,39481791930.0,0.4,KOSDAQ
465480,0,10137772,0,60421121120.0,0.0,KOSDAQ
037330,0,43885224,0,57314102544.0,0.0,KOSDAQ
100030,0,3283714,0,62521914560.0,0.0,KOSDAQ
211050,12067,49263657,122238710,499040845410.0,0.02,KOSDAQ
083640,77071,15544070,113448512,22880871040.0,0.5,KOSDAQ
064090,0,49742745,0,39694710510.0,0.0,KOSDAQ
216050,0,12843222,0,77958357540.0,0.0,KOSDAQ
049070,286818,17200000,5283187560,316824000000.0,1.67,KOSDAQ
119610,10055,11413747,204116500,231699064100.0,0.09,KOSDAQ
017250,0,21045467,0,23718241309.0,0.0,KOSDAQ
051370,0,23327472,0,249370675680.0,0.0,KOSDAQ
064290,113492,12863962,2723808000,308735088000.0,0.88,KOSDAQ
189300,46300,10737497,6125490000,1420570853100.0,0.43,KOSDAQ
287840,0,15021960,0,443898918000.0,0.0,KOSDAQ
048530,364627,30891758,1119404890,94837697060.0,1.18,KOSDAQ
070590,107700,13879521,182228400,23484149532.0,0.78,KOSDAQ
115310,0,15964415,0,165870271850.0,0.0,KOSDAQ
039290,0,8693978,0,34254273320.0,0.0,KOSDAQ
071200,51118,24396458,408432820,194927699420.0,0.21,KOSDAQ
101930,100796,46164410,1120851520,513348239200.0,0.22,KOSDAQ
333430,106183,30726747,486849055,140882134995.0,0.35,KOSDAQ
068330,241384,44216140,301247232,55181742720.0,0.55,KOSDAQ
178780,0,18639195,0,44268088125.0,0.0,KOSDAQ
019540,0,13513500,0,87702615000.0,0.0,KOSDAQ
094820,76775,15078709,1140108750,223918828650.0,0.51,KOSDAQ
950140,0,19867866,0,196890552060.0,0.0,KOSDAQ
049550,53000,19606277,181790000,67249530110.0,0.27,KOSDAQ
389020,56030,6905082,2235597000,275512771800.0,0.81,KOSDAQ
254120,183688,30754270,232365320,38904151550.0,0.6,KOSDAQ
043910,27559,11339145,110236000,45356580000.0,0.24,KOSDAQ
234920,32451,13530910,172314810,71849132100.0,0.24,KOSDAQ
289220,95261,22312221,219100300,51318108300.0,0.43,KOSDAQ
049630,270928,23379512,3148183360,271669929440.0,1.16,KOSDAQ
417840,146079,22663931,2581215930,400471660770.0,0.64,KOSDAQ
110020,89605,9058762,169801475,17166353990.0,0.99,KOSDAQ
208140,406606,32684246,971788340,78115347940.0,1.24,KOSDAQ
040420,0,15677552,0,90773026080.0,0.0,KOSDAQ
045510,0,32209292,0,33143361468.0,0.0,KOSDAQ
217190,43200,13153761,281664000,85762521720.0,0.33,KOSDAQ
095700,488529,45540494,2002968900,186716025400.0,1.07,KOSDAQ
122310,22700,14553844,106009000,67966451480.0,0.16,KOSDAQ
361390,48158,9736381,1129305100,228318134450.0,0.49,KOSDAQ
225220,0,19190021,0,34542037800.0,0.0,KOSDAQ
123330,58918,7968680,1207819000,163357940000.0,0.74,KOSDAQ
381620,213504,13117920,2453160960,150724900800.0,1.63,KOSDAQ
159580,133301,20032636,427896210,64304761560.0,0.67,KOSDAQ
147830,42216,20000000,390498000,185000000000.0,0.21,KOSDAQ
033100,1230778,16062409,76554391600,999081839800.0,7.66,KOSDAQ
079370,247765,31016990,3159003750,395466622500.0,0.8,KOSDAQ
054950,19380,12089892,441864000,275649537600.0,0.16,KOSDAQ
090470,69902,17476594,424305140,106082925580.0,0.4,KOSDAQ
023440,573813,90142761,298956573,46964378481.0,0.64,KOSDAQ
137950,314784,22267814,1208770560,85508405760.0,1.41,KOSDAQ
033320,83397,19114432,327750210,75119717760.0,0.44,KOSDAQ
417500,84418,32784744,347802160,135073145280.0,0.26,KOSDAQ
204270,679856,57848466,13801076800,1174323859800.0,1.18,KOSDAQ
127120,212276,34621046,7758687800,1265399231300.0,0.61,KOSDAQ
026040,50481,16503790,131250600,42909854000.0,0.31,KOSDAQ
452160,0,9617527,0,45875603790.0,0.0,KOSDAQ
126880,163801,23204903,527439220,74719787660.0,0.71,KOSDAQ
322510,568833,25725892,2682047595,121297580780.0,2.21,KOSDAQ
033050,0,32579342,0,31276168320.0,0.0,KOSDAQ
094970,0,16748240,0,57278980800.0,0.0,KOSDAQ
418550,175653,32017673,1630059840,297124005440.0,0.55,KOSDAQ
060230,227102,55861895,101741696,25026128960.0,0.41,KOSDAQ
420570,0,5847483,0,62860442250.0,0.0,KOSDAQ
089790,32995,10315513,192360850,60139440790.0,0.32,KOSDAQ
0010V0,0,5105400,0,49267110000.0,0.0,KOSDAQ
412540,0,20600665,0,81063616775.0,0.0,KOSDAQ
199820,140238,22220000,1839922560,291526400000.0,0.63,KOSDAQ
038010,0,9000000,0,55260000000.0,0.0,KOSDAQ
080220,350307,34442833,33209103600,3265180568400.0,1.02,KOSDAQ
216080,35861,37287099,195442450,203214689550.0,0.1,KOSDAQ
337930,192534,29676475,686383710,105796633375.0,0.65,KOSDAQ
229000,109756,23428165,272194880,58101849200.0,0.47,KOSDAQ
082270,1021667,44269203,17409205680,754347219120.0,2.31,KOSDAQ
034940,154200,30979827,125518800,25217579178.0,0.5,KOSDAQ
067000,260788,69903446,412305828,110517348126.0,0.37,KOSDAQ
309930,0,24487048,0,54116376080.0,0.0,KOSDAQ
018700,51333,11706586,107542635,24525297670.0,0.44,KOSDAQ
033340,684716,96950558,838092384,118667482992.0,0.71,KOSDAQ
036930,1524694,46481121,272157879000,8296880098500.0,3.28,KOSDAQ
072020,54278,9458687,534095520,93073480080.0,0.57,KOSDAQ
000440,8408,6227130,153109680,113396037300.0,0.14,KOSDAQ
051980,3693272,111091709,5495588736,165304462992.0,3.32,KOSDAQ
221800,50670,16232474,635401800,203555223960.0,0.31,KOSDAQ
228760,53756,24859202,727318680,336345003060.0,0.22,KOSDAQ
314130,233192,36158929,1499424560,232501913470.0,0.64,KOSDAQ
389030,142894,33525445,513703930,120523974775.0,0.43,KOSDAQ
263860,58050,9079600,893389500,139735044000.0,0.64,KOSDAQ
303030,0,9157476,0,22710540480.0,0.0,KOSDAQ
208350,0,8101570,0,25114867000.0,0.0,KOSDAQ
446840,232000,55083083,275616000,65438702604.0,0.42,KOSDAQ
144510,183040,15800344,3618700800,312372800880.0,1.16,KOSDAQ
340450,42132,23650793,278913840,156568249660.0,0.18,KOSDAQ
306620,278980,47942184,747666400,128485053120.0,0.58,KOSDAQ
358570,401440,64237450,4158918400,665499982000.0,0.62,KOSDAQ
382480,51435,39357140,127301625,97408921500.0,0.13,KOSDAQ
382800,296503,31831041,2490625200,267380744400.0,0.93,KOSDAQ
051160,81095,15474430,596859200,113891804800.0,0.52,KOSDAQ
053050,92315,29987597,205400875,66722403325.0,0.31,KOSDAQ
388610,0,5303709,0,38717075700.0,0.0,KOSDAQ
493330,0,7682146,0,123682550600.0,0.0,KOSDAQ
119850,524274,16448909,13106850000,411222725000.0,3.19,KOSDAQ
065060,0,4760160,0,12543021600.0,0.0,KOSDAQ
204840,123000,77549006,114882000,72430771604.0,0.16,KOSDAQ
311320,0,12614560,0,106593032000.0,0.0,KOSDAQ
456160,219892,16545359,12797714400,962939893800.0,1.33,KOSDAQ
388050,130020,18709437,1418518200,204119957670.0,0.69,KOSDAQ
018120,0,6621120,0,114611587200.0,0.0,KOSDAQ
109820,213944,20393640,447142960,42622707600.0,1.05,KOSDAQ
086060,0,8610587,0,33581289300.0,0.0,KOSDAQ
036890,30099,22032623,493322610,361114690970.0,0.14,KOSDAQ
363250,0,8508382,0,36841294060.0,0.0,KOSDAQ
007370,0,14134587,0,63040258020.0,0.0,KOSDAQ
285800,72113,17477270,109251195,26478064050.0,0.41,KOSDAQ
085660,113420,92969748,1531170000,1255091598000.0,0.12,KOSDAQ
261780,428502,26912996,1377633930,86525282140.0,1.59,KOSDAQ
351870,0,11160642,0,35881464030.0,0.0,KOSDAQ
094850,37705,14000000,181738100,67480000000.0,0.27,KOSDAQ
004650,39972,9190885,378934560,87129589800.0,0.43,KOSDAQ
0011T0,54700,46785280,688126000,588558822400.0,0.12,KOSDAQ
278280,124927,12180680,5727902950,558484178000.0,1.03,KOSDAQ
362320,37433,21151290,163395045,92325380850.0,0.18,KOSDAQ
066360,0,47952015,0,42485485290.0,0.0,KOSDAQ
047820,132351,24453930,664402020,122758728600.0,0.54,KOSDAQ
094360,209667,21334174,3316931940,337506632680.0,0.98,KOSDAQ
0082N0,0,13216780,0,331741178000.0,0.0,KOSDAQ
016920,0,26493538,0,24930419258.0,0.0,KOSDAQ
284620,0,33086953,0,35965517911.0,0.0,KOSDAQ
293490,2567652,89786911,25676520000,897869110000.0,2.86,KOSDAQ
140430,0,53447539,0,40192549328.0,0.0,KOSDAQ
042000,27432,24253054,578815200,511739439400.0,0.11,KOSDAQ
313760,0,11207186,0,5244963048.0,0.0,KOSDAQ
071850,280764,24260938,422549820,36512711690.0,1.16,KOSDAQ
198080,0,21535185,0,63313443900.0,0.0,KOSDAQ
210120,0,24237478,0,28575986562.0,0.0,KOSDAQ
050110,0,29224823,0,47051965030.0,0.0,KOSDAQ
452300,236530,14169505,812480550,48672249675.0,1.67,KOSDAQ
451760,97381,15991804,1684691300,276658209200.0,0.61,KOSDAQ
900310,0,64041675,0,33301671000.0,0.0,KOSDAQ
078340,92599,12091313,2588142050,337952198350.0,0.77,KOSDAQ
063080,57370,6595192,850797100,97806697360.0,0.87,KOSDAQ
307930,56316,15610000,469112280,130031300000.0,0.36,KOSDAQ
079190,0,19177757,0,18564068776.0,0.0,KOSDAQ
263700,0,19414200,0,43779021000.0,0.0,KOSDAQ
214370,804153,53715000,74947059600,5006238000000.0,1.5,KOSDAQ
221980,0,4034800,0,40428696000.0,0.0,KOSDAQ
038530,180720,23142869,221382000,28350014525.0,0.78,KOSDAQ
192250,42545,7067125,461187800,76607635000.0,0.6,KOSDAQ
431190,26080,7486442,100408000,28822801700.0,0.35,KOSDAQ
115500,69550,12000000,923624000,159360000000.0,0.58,KOSDAQ
089150,152456,17150000,435261880,48963250000.0,0.89,KOSDAQ
025880,99601,16715858,265436665,44547761570.0,0.6,KOSDAQ
093320,13783,4880000,1534047900,543144000000.0,0.28,KOSDAQ
093640,180941,32675446,827805075,149490165450.0,0.55,KOSDAQ
073010,157151,40191250,683606850,174831937500.0,0.39,KOSDAQ
105330,34236,16019520,309835800,144976656000.0,0.21,KOSDAQ
053080,138976,12999807,1612121600,150797761200.0,1.07,KOSDAQ
199430,115197,11144043,2101193280,203267344320.0,1.03,KOSDAQ
432470,39752,8771556,435681920,96136253760.0,0.45,KOSDAQ
272110,0,8025395,0,261226607250.0,0.0,KOSDAQ
039420,0,22946994,0,65284197930.0,0.0,KOSDAQ
083550,79650,13556165,258066000,43921974600.0,0.59,KOSDAQ
032500,311158,42154875,9443645300,1279400456250.0,0.74,KOSDAQ
225430,0,5577410,0,16927439350.0,0.0,KOSDAQ
102370,102315,27229210,286482000,76241788000.0,0.38,KOSDAQ
068100,0,11927536,0,28685724080.0,0.0,KOSDAQ
106080,0,5761817,0,9506998050.0,0.0,KOSDAQ
455180,0,13958316,0,34197874200.0,0.0,KOSDAQ
036030,0,49019283,0,237743522550.0,0.0,KOSDAQ
064820,253763,30860215,2951263690,358904300450.0,0.82,KOSDAQ
024880,94212,20162754,503092080,107669106360.0,0.47,KOSDAQ
042040,0,24709362,0,24215174760.0,0.0,KOSDAQ
054410,30200,5726444,107059000,20300243980.0,0.53,KOSDAQ
288180,0,7393262,0,226973143400.0,0.0,KOSDAQ
258610,112000,36485063,126000000,41045695875.0,0.31,KOSDAQ
274090,111064,13729578,2682195600,331569308700.0,0.81,KOSDAQ
089010,379665,16770027,13743873000,607074977400.0,2.26,KOSDAQ
220260,110486,32072055,561268880,162926039400.0,0.34,KOSDAQ
052400,50481,14563291,3094485300,892729738300.0,0.35,KOSDAQ
402030,68547,12517488,1098122940,200530157760.0,0.55,KOSDAQ
391710,304155,42620470,569986470,79870760780.0,0.71,KOSDAQ
046070,0,15486089,0,159196994920.0,0.0,KOSDAQ
047770,162307,37842602,495847885,115609149110.0,0.43,KOSDAQ
080530,113880,11102175,341640000,33306525000.0,1.03,KOSDAQ
104540,44322,12785740,216069750,62330482500.0,0.35,KOSDAQ
027050,784820,40000000,1300446740,66280000000.0,1.96,KOSDAQ
190650,0,6388000,0,49123720000.0,0.0,KOSDAQ
123410,42214,27841064,251595440,165932741440.0,0.15,KOSDAQ
036690,0,43567455,0,125692107675.0,0.0,KOSDAQ
049430,57113,9048000,1054305980,167026080000.0,0.63,KOSDAQ
183300,29054,10460684,4268032600,1536674479600.0,0.28,KOSDAQ
041960,833028,73886495,6347673360,563015091900.0,1.13,KOSDAQ
089890,37193,16584962,1413334000,630228556000.0,0.22,KOSDAQ
360350,34195,5737970,432224800,72527940800.0,0.6,KOSDAQ
082660,0,99640869,0,47827617120.0,0.0,KOSDAQ
043710,0,17312502,0,73837821030.0,0.0,KOSDAQ
222040,75866,20628000,644861000,175338000000.0,0.37,KOSDAQ
241710,2057,10680000,149338200,775368000000.0,0.02,KOSDAQ
439960,11007,32108906,618593400,1804520517200.0,0.03,KOSDAQ
355150,32069,7797350,1438294650,349711147500.0,0.41,KOSDAQ
166480,246295,52870376,902671175,193769928040.0,0.47,KOSDAQ
045970,69658,26314876,306146910,115653880020.0,0.26,KOSDAQ
196450,124400,45319582,158361200,57691827886.0,0.27,KOSDAQ
384470,168259,17946692,563667650,60121418200.0,0.94,KOSDAQ
102940,0,13090603,0,671547933900.0,0.0,KOSDAQ
950160,0,84736050,0,8575288260000.0,0.0,KOSDAQ
056360,78368,9796800,655156480,81901248000.0,0.8,KOSDAQ
282880,89060,11694082,1236152800,162313858160.0,0.76,KOSDAQ
121850,0,5056999,0,14033172225.0,0.0,KOSDAQ
448710,0,5285292,0,92492610000.0,0.0,KOSDAQ
126730,38310,8770126,773862000,177156545200.0,0.44,KOSDAQ
015710,57168,17530500,192942000,59165437500.0,0.33,KOSDAQ
052330,43201,17761589,505451700,207810591300.0,0.24,KOSDAQ
322780,231635,44874154,106088830,20552362532.0,0.52,KOSDAQ
200130,352652,29415558,3981441080,332101649820.0,1.2,KOSDAQ
294570,119341,10091732,2888052200,244219914400.0,1.18,KOSDAQ
464490,65620,11482113,650294200,113787739830.0,0.57,KOSDAQ
317690,51620,20135029,169055500,65942219975.0,0.26,KOSDAQ
432720,103841,14187572,1854600260,253390035920.0,0.73,KOSDAQ
365270,263114,21924566,3449424540,287431060260.0,1.2,KOSDAQ
348080,287026,115449781,167049132,67191772542.0,0.25,KOSDAQ
060280,755607,41259790,9369526800,511621396000.0,1.83,KOSDAQ
372320,53913,15225918,1895041950,535191017700.0,0.35,KOSDAQ
051780,0,5464536,0,16557544080.0,0.0,KOSDAQ
115180,209787,37304987,5517398100,981121158100.0,0.56,KOSDAQ
494120,39288,7616482,1547947200,300089390800.0,0.52,KOSDAQ
445680,132900,17203255,10964250000,1419268537500.0,0.77,KOSDAQ
182360,39581,15549849,313877330,123310302570.0,0.25,KOSDAQ
405100,21826,12289301,376061980,211744656230.0,0.18,KOSDAQ
066310,47899,9271621,569998100,110332289900.0,0.52,KOSDAQ
377460,0,62055687,0,253187202960.0,0.0,KOSDAQ
016600,0,178247112,0,52226403816.0,0.0,KOSDAQ
355390,161211,15874344,416730435,41035179240.0,1.02,KOSDAQ
096240,176584,10738180,1767605840,107489181800.0,1.64,KOSDAQ
040350,69844,19520532,244454000,68321862000.0,0.36,KOSDAQ
110790,60135,23430960,212877900,82945598400.0,0.26,KOSDAQ
900250,0,143260004,0,71343481992.0,0.0,KOSDAQ
045520,55695,6500000,148427175,17322500000.0,0.86,KOSDAQ
214150,540859,65235659,25176986450,3036719926450.0,0.83,KOSDAQ
466100,721563,25459239,28249191450,996729206850.0,2.83,KOSDAQ
237880,91007,18071353,1072972530,213061251870.0,0.5,KOSDAQ
139670,0,14118810,0,24369066060.0,0.0,KOSDAQ
475430,0,17848110,0,81208900500.0,0.0,KOSDAQ
487720,0,4230000,0,8586900000.0,0.0,KOSDAQ
489480,0,6600000,0,13398000000.0,0.0,KOSDAQ
466690,0,5095000,0,10190000000.0,0.0,KOSDAQ
0131D0,0,6310000,0,12525350000.0,0.0,KOSDAQ
054780,131080,19657793,262815400,39413874965.0,0.67,KOSDAQ
256940,266470,20078147,1588161200,119665756120.0,1.33,KOSDAQ
219130,12881,6314290,783164800,383908832000.0,0.2,KOSDAQ
336680,49068,39145558,166831200,133094897200.0,0.13,KOSDAQ
360070,57296,8186243,838813440,119846597520.0,0.7,KOSDAQ
065130,70000,16004000,293650000,67136780000.0,0.44,KOSDAQ
134580,91624,49294149,136153264,73251105414.0,0.19,KOSDAQ
023160,177045,25867242,6285097500,918287091000.0,0.68,KOSDAQ
323280,1378609,30537980,85611618900,1896408558000.0,4.51,KOSDAQ
053620,0,8600000,0,61662000000.0,0.0,KOSDAQ
044490,210926,20007381,7846447200,744274573200.0,1.05,KOSDAQ
124560,317101,38720811,683352655,83443347705.0,0.82,KOSDAQ
191420,0,8108834,0,86521258780.0,0.0,KOSDAQ
950250,0,35517731,0,148641704235.0,0.0,KOSDAQ
073640,0,106378770,0,69571715580.0,0.0,KOSDAQ
066700,38336,37152376,102932160,99754129560.0,0.1,KOSDAQ
095610,114540,19360000,13332456000,2253504000000.0,0.59,KOSDAQ
064520,0,22351062,0,38577933012.0,0.0,KOSDAQ
089030,1345162,37053645,64567776000,1778574960000.0,3.63,KOSDAQ
054450,52348,15144233,809823560,234281284510.0,0.35,KOSDAQ
200230,450332,71523533,217060024,34474342906.0,0.63,KOSDAQ
393210,108234,15614544,384230700,55431631200.0,0.69,KOSDAQ
475960,46457,13383274,2025525200,583510746400.0,0.35,KOSDAQ
215480,0,8950000,0,20808750000.0,0.0,KOSDAQ
051360,0,14917843,0,274040775910.0,0.0,KOSDAQ
045340,0,8558040,0,57595609200.0,0.0,KOSDAQ
108230,102788,38023245,396247740,146579609475.0,0.27,KOSDAQ
079970,0,12829234,0,7646223464.0,0.0,KOSDAQ
199800,12378,8993829,872649000,634064944500.0,0.14,KOSDAQ
417790,18011,10468391,122114580,70975690980.0,0.17,KOSDAQ
290090,0,7440268,0,42037514200.0,0.0,KOSDAQ
026150,161365,17546331,808438650,87907118310.0,0.92,KOSDAQ
464280,12731,5530000,103884960,45124800000.0,0.23,KOSDAQ
117730,546590,22558043,9363086700,386419276590.0,2.42,KOSDAQ
033830,0,100000000,0,53800000000.0,0.0,KOSDAQ
057680,0,14249700,0,32774310000.0,0.0,KOSDAQ
204610,50000,55001720,146750000,161430048200.0,0.09,KOSDAQ
125020,237501,35038550,1759882410,259635655500.0,0.68,KOSDAQ
064760,158372,11179416,43948230000,3102287940000.0,1.42,KOSDAQ
246710,175691,47664504,405846210,110105004240.0,0.37,KOSDAQ
340570,19310,8128000,1195289000,503123200000.0,0.24,KOSDAQ
043220,0,15922416,0,27227331360.0,0.0,KOSDAQ
277880,0,19843212,0,90782694900.0,0.0,KOSDAQ
131290,0,11061429,0,2621558673000.0,0.0,KOSDAQ
425420,31780,12347181,1846418000,717371216100.0,0.26,KOSDAQ
484810,122808,15450915,1837207680,231145688400.0,0.79,KOSDAQ
131100,0,32246724,0,36051837432.0,0.0,KOSDAQ
356860,7510,9832630,705189000,923283957000.0,0.08,KOSDAQ
321550,13452,30038475,121740600,271848198750.0,0.04,KOSDAQ
425040,257934,21374682,6499936800,538641986400.0,1.21,KOSDAQ
241790,36152,10002634,263186560,72819175520.0,0.36,KOSDAQ
022220,0,51794579,0,37706453512.0,0.0,KOSDAQ
104480,601903,90895434,1221863090,184517731020.0,0.66,KOSDAQ
081150,69678,24268402,257111820,89550403380.0,0.29,KOSDAQ
130740,0,11276679,0,22057184124.0,0.0,KOSDAQ
084730,103713,11109424,792367320,84875999360.0,0.93,KOSDAQ
440110,0,50096827,0,5620863989400.0,0.0,KOSDAQ
290560,0,22362730,0,30480400990.0,0.0,KOSDAQ
288330,255650,106080948,106350400,44129674368.0,0.24,KOSDAQ
033540,0,52246331,0,43782425378.0,0.0,KOSDAQ
388870,15409,12945932,104473020,87773418960.0,0.12,KOSDAQ
043200,439352,41804315,372131144,35408254805.0,1.05,KOSDAQ
214450,104077,10389648,30702715000,3064946160000.0,1.0,KOSDAQ
177830,0,13493951,0,34342105295.0,0.0,KOSDAQ
037070,32541,20000000,238200120,146400000000.0,0.16,KOSDAQ
150900,56783,11703922,254955670,52550609780.0,0.49,KOSDAQ
037030,88115,25512992,555124500,160731849600.0,0.35,KOSDAQ
047310,123422,36610755,567124090,168226419225.0,0.34,KOSDAQ
368770,179213,32854225,3385333570,620616310250.0,0.55,KOSDAQ
170790,0,6397335,0,58279721850.0,0.0,KOSDAQ
900100,0,52760502,0,21526284816.0,0.0,KOSDAQ
049120,0,10601663,0,25337974570.0,0.0,KOSDAQ
038950,68000,10210765,215560000,32368125050.0,0.67,KOSDAQ
387570,0,5625900,0,36343314000.0,0.0,KOSDAQ
441270,117864,41731212,1107921600,392273392800.0,0.28,KOSDAQ
106240,183654,22868327,402202260,50081636130.0,0.8,KOSDAQ
131760,239801,43431583,248433836,44995119988.0,0.55,KOSDAQ
065690,0,14049331,0,20554171253.0,0.0,KOSDAQ
140860,330024,6997557,82010964000,1738892914500.0,4.72,KOSDAQ
091700,30273,50000000,207370050,342500000000.0,0.06,KOSDAQ
032800,51200,9191411,103424000,18566650220.0,0.56,KOSDAQ
318010,0,7929338,0,28505970110.0,0.0,KOSDAQ
027710,1163314,111416600,1512308200,144841580000.0,1.04,KOSDAQ
225590,0,25606882,0,24326537900.0,0.0,KOSDAQ
054300,0,57870945,0,65394167850.0,0.0,KOSDAQ
068050,0,27694076,0,35725358040.0,0.0,KOSDAQ
222110,42087,13514509,239054160,76762411120.0,0.31,KOSDAQ
271830,112112,29490202,140924784,37069183914.0,0.38,KOSDAQ
263750,1368786,64247855,62142884400,2916852617000.0,2.13,KOSDAQ
251970,19494,12400000,709581600,451360000000.0,0.16,KOSDAQ
187660,239213,55466253,1868253530,433191435930.0,0.43,KOSDAQ
0015S0,78082,9866730,847189700,107054020500.0,0.79,KOSDAQ
168360,49320,21707567,996264000,438492853400.0,0.23,KOSDAQ
087010,1177869,23317350,275621346000,5456259900000.0,5.05,KOSDAQ
064800,48738,25561459,121845000,63903647500.0,0.19,KOSDAQ
119500,69956,11847232,257438080,43597813760.0,0.59,KOSDAQ
389140,247111,14269735,1717421450,99174658250.0,1.73,KOSDAQ
105760,52049,10177387,284187540,55568533020.0,0.51,KOSDAQ
009520,383929,41642703,6227328380,675444642660.0,0.92,KOSDAQ
189690,0,27321969,0,51611199441.0,0.0,KOSDAQ
318020,0,12301272,0,36165739680.0,0.0,KOSDAQ
256630,0,11599414,0,53357304400.0,0.0,KOSDAQ
331380,139664,32411489,262009664,60803953364.0,0.43,KOSDAQ
208710,0,13180132,0,27678277200.0,0.0,KOSDAQ
472850,25957,57571652,122646825,272026055700.0,0.05,KOSDAQ
039980,315535,14381214,2540056750,115768772700.0,2.19,KOSDAQ
041910,278209,13283350,1872346570,89396945500.0,2.09,KOSDAQ
234100,950427,73008183,969435540,74468346660.0,1.3,KOSDAQ
041020,1052910,49683793,3958941600,186811061680.0,2.12,KOSDAQ
114630,75701,17235248,151250598,34436025504.0,0.44,KOSDAQ
487580,0,25182861,0,218839062090.0,0.0,KOSDAQ
290720,0,35122142,0,109581083040.0,0.0,KOSDAQ
005670,21122,10000000,140038860,66300000000.0,0.21,KOSDAQ
094940,64829,8361386,697560040,89968513360.0,0.78,KOSDAQ
007330,13341,15082800,152754450,172698060000.0,0.09,KOSDAQ
093380,0,9879313,0,26081386320.0,0.0,KOSDAQ
023900,54536,12600000,479916800,110880000000.0,0.43,KOSDAQ
371950,107801,22662548,886124220,186286144560.0,0.48,KOSDAQ
298060,0,8840635,0,28997282800.0,0.0,KOSDAQ
370090,89303,8556830,998407540,95665359400.0,1.04,KOSDAQ
445180,40489,17189188,448213230,190284311160.0,0.24,KOSDAQ
220100,39660,22427420,618696000,349867752000.0,0.18,KOSDAQ
035200,0,9730590,0,33084006000.0,0.0,KOSDAQ
334970,260144,77752637,514044544,153639210712.0,0.33,KOSDAQ
227100,0,24134182,0,14770119384.0,0.0,KOSDAQ
321260,150467,28192084,560489575,105015512900.0,0.53,KOSDAQ
053610,2703,9000000,238404600,793800000000.0,0.03,KOSDAQ
468530,70815,11035208,2963607750,461823454800.0,0.64,KOSDAQ
303360,0,12879715,0,58731500400.0,0.0,KOSDAQ
377220,151811,28310000,151051945,28168450000.0,0.54,KOSDAQ
335810,0,21949506,0,44557497180.0,0.0,KOSDAQ
053160,18073,6000000,141511590,46980000000.0,0.3,KOSDAQ
405000,0,3838444,0,23376123960.0,0.0,KOSDAQ
041590,0,48972158,0,116064014460.0,0.0,KOSDAQ
367000,27795,8388207,104092275,31413835215.0,0.33,KOSDAQ
075130,98555,16622320,211893250,35737988000.0,0.59,KOSDAQ
237820,0,12827140,0,48358317800.0,0.0,KOSDAQ
023770,0,8946495,0,23305619475.0,0.0,KOSDAQ
019570,0,88050042,0,34427566422.0,0.0,KOSDAQ
300080,46056,16505451,379501440,136004916240.0,0.28,KOSDAQ
033790,59295,82331788,726956700,1009387720880.0,0.07,KOSDAQ
032580,56785,33132064,284492850,165991640640.0,0.17,KOSDAQ
051380,0,15340072,0,31830649400.0,0.0,KOSDAQ
241820,0,2782098,0,16803871920.0,0.0,KOSDAQ
452450,442175,36028500,2396588500,195274470000.0,1.23,KOSDAQ
237750,0,6496600,0,30534020000.0,0.0,KOSDAQ
460940,160876,13455280,1153480920,96474357600.0,1.2,KOSDAQ
319660,253579,28966714,27132953000,3099438398000.0,0.88,KOSDAQ
031980,69681,21562395,8647412100,2675893219500.0,0.32,KOSDAQ
002230,91739,18705320,712812030,145340336400.0,0.49,KOSDAQ
043370,0,21000000,0,259560000000.0,0.0,KOSDAQ
239890,42296,9935755,205135600,48188411750.0,0.43,KOSDAQ
347740,0,30010576,0,63772474000.0,0.0,KOSDAQ
137400,776854,23690728,32938609600,1004486867200.0,3.28,KOSDAQ
257370,0,12504861,0,34138270530.0,0.0,KOSDAQ
147760,0,10819866,0,74116082100.0,0.0,KOSDAQ
128660,0,24803369,0,76890443900.0,0.0,KOSDAQ
006140,16869,14865000,103238280,90973800000.0,0.11,KOSDAQ
376180,0,18561038,0,40091842080.0,0.0,KOSDAQ
304840,0,24320660,0,26533840060.0,0.0,KOSDAQ
087600,0,8166558,0,42139439280.0,0.0,KOSDAQ
291810,0,11368712,0,17757928144.0,0.0,KOSDAQ
378340,104188,21625382,1562820000,324380730000.0,0.48,KOSDAQ
161580,698826,23442247,31272463500,1049040553250.0,2.98,KOSDAQ
347770,110410,22857042,184715930,38239831266.0,0.48,KOSDAQ
163730,26339,9406568,507815920,181358631040.0,0.28,KOSDAQ
417180,0,3509724,0,21093441240.0,0.0,KOSDAQ
469880,0,7305000,0,15303975000.0,0.0,KOSDAQ
469900,0,5605000,0,11602350000.0,0.0,KOSDAQ
475240,0,3200000,0,6720000000.0,0.0,KOSDAQ
475250,0,3700000,0,7677500000.0,0.0,KOSDAQ
484130,0,4520000,0,9266000000.0,0.0,KOSDAQ
0041L0,0,6030000,0,12060000000.0,0.0,KOSDAQ
0101C0,0,7740000,0,15480000000.0,0.0,KOSDAQ
299030,39673,7994910,833133000,167893110000.0,0.5,KOSDAQ
067310,115224,66464226,5438572800,3137111467200.0,0.17,KOSDAQ
166090,0,19777674,0,1378503877800.0,0.0,KOSDAQ
136480,255149,106209702,757792530,315442814940.0,0.24,KOSDAQ
003380,1289212,112005621,15148241000,1316066046750.0,1.15,KOSDAQ
450330,39057,8186843,260510190,54606242810.0,0.48,KOSDAQ
101670,1444390,56777187,2475684460,97316098518.0,2.54,KOSDAQ
365590,100881,30956622,159089337,48818592894.0,0.33,KOSDAQ
149980,54068,21194363,288182440,112965954790.0,0.26,KOSDAQ
013030,0,11768144,0,444247436000.0,0.0,KOSDAQ
126700,0,14942112,0,219947888640.0,0.0,KOSDAQ
160190,38655,30888000,1312337250,1048647600000.0,0.13,KOSDAQ
221840,0,18700561,0,44320329570.0,0.0,KOSDAQ
106190,31095,10633173,478863000,163750864200.0,0.29,KOSDAQ
065650,0,21891975,0,46192067250.0,0.0,KOSDAQ
066130,0,12800000,0,48768000000.0,0.0,KOSDAQ
004590,0,15000000,0,110700000000.0,0.0,KOSDAQ
039340,0,22000000,0,106260000000.0,0.0,KOSDAQ
034950,0,4540514,0,475391815800.0,0.0,KOSDAQ
222980,0,11031483,0,23110956885.0,0.0,KOSDAQ
256840,2433718,68394886,7787897600,218863635200.0,3.56,KOSDAQ
219750,0,65426885,0,43574305410.0,0.0,KOSDAQ
025550,135923,25514004,471652810,88533593880.0,0.53,KOSDAQ
017890,34566,21273506,401311260,246985404660.0,0.16,KOSDAQ
080720,0,7912828,0,21562456300.0,0.0,KOSDAQ
041460,53134,19000000,191282400,68400000000.0,0.28,KOSDAQ
101680,0,8404000,0,23993420000.0,0.0,KOSDAQ
039740,0,8018397,0,34559291070.0,0.0,KOSDAQ
053300,123874,42441361,657770940,225363626910.0,0.29,KOSDAQ
025770,28128,37444271,254558400,338870652550.0,0.08,KOSDAQ
464440,0,4320000,0,9093600000.0,0.0,KOSDAQ
479880,0,6870000,0,14152200000.0,0.0,KOSDAQ
062970,837561,57088614,2299104945,156708245430.0,1.47,KOSDAQ
023760,0,315609576,0,263533995960.0,0.0,KOSDAQ
054040,0,16071290,0,84374272500.0,0.0,KOSDAQ
021650,0,16350563,0,33518654150.0,0.0,KOSDAQ
032300,69445,10906701,705561200,110812082160.0,0.64,KOSDAQ
037230,59765,29800327,120426475,60047658905.0,0.2,KOSDAQ
448900,46170,6074457,3624345000,476844874500.0,0.76,KOSDAQ
030520,312688,24179744,5790981760,447808858880.0,1.29,KOSDAQ
052600,60812,11563700,207368920,39432217000.0,0.53,KOSDAQ
256150,58871,8395000,306717910,43737950000.0,0.7,KOSDAQ
092460,93062,17109680,1837043880,337745083200.0,0.54,KOSDAQ
125490,139942,36502352,1882219900,490956634400.0,0.38,KOSDAQ
452190,208203,23920557,1415780400,162659787600.0,0.87,KOSDAQ
047080,105500,24822362,149915500,35272576402.0,0.43,KOSDAQ
452280,74307,19246420,2348101200,608186872000.0,0.39,KOSDAQ
066980,0,51935125,0,98157386250.0,0.0,KOSDAQ
114810,67729,28593174,979361340,413457296040.0,0.24,KOSDAQ
042520,172061,14261367,4981165950,412866574650.0,1.21,KOSDAQ
430690,0,10895327,0,44126074350.0,0.0,KOSDAQ
078350,46601,15244382,1544823150,505351263300.0,0.31,KOSDAQ
045100,82746,17500000,2403771300,508375000000.0,0.47,KOSDAQ
320000,32097,6668810,362054160,75224176800.0,0.48,KOSDAQ
091440,62246,32471041,169309120,88321231520.0,0.19,KOSDAQ
276730,0,2214984,0,28130296800.0,0.0,KOSDAQ
024740,89595,32897049,252209925,92605192935.0,0.27,KOSDAQ
005860,316663,39403685,1029154750,128061976250.0,0.8,KOSDAQ
007770,0,3510000,0,25728300000.0,0.0,KOSDAQ
198940,0,38922978,0,33512684058.0,0.0,KOSDAQ
058450,0,5013372,0,28526086680.0,0.0,KOSDAQ
107640,95805,9064946,4521996000,427865451200.0,1.06,KOSDAQ
079170,0,5200000,0,32344000000.0,0.0,KOSDAQ
054920,315862,28217081,1806730640,161401703320.0,1.12,KOSDAQ
457370,0,8062134,0,60627247680.0,0.0,KOSDAQ
002680,0,32316799,0,18614476224.0,0.0,KOSDAQ
098070,162627,11121141,5667550950,387571763850.0,1.46,KOSDAQ
408470,35669,10572000,377021330,111746040000.0,0.34,KOSDAQ
498390,0,4960000,0,10143200000.0,0.0,KOSDAQ
034810,34965,31580152,242657100,219166254880.0,0.11,KOSDAQ
03481K,0,1377453,0,9160062450.0,0.0,KOSDAQ
059270,62364,11165299,637360080,114109355780.0,0.56,KOSDAQ
076610,278375,53175440,631911250,120708248800.0,0.52,KOSDAQ
220180,0,23930842,0,41878973500.0,0.0,KOSDAQ
900270,0,24404704,0,22745184128.0,0.0,KOSDAQ
214180,51093,12993367,845078220,214910290180.0,0.39,KOSDAQ
234340,126595,13970656,3443384000,380001843200.0,0.91,KOSDAQ
084990,269824,46092797,1875276800,320344939150.0,0.59,KOSDAQ
170030,87850,15340000,489324500,85443800000.0,0.57,KOSDAQ
319400,196456,111376039,6355351600,3603014861650.0,0.18,KOSDAQ
048410,3255155,96505572,34244230600,1015238617440.0,3.37,KOSDAQ
052260,40936,30000000,163539320,119850000000.0,0.14,KOSDAQ
016790,196108,188471729,194931352,187340898626.0,0.1,KOSDAQ
041440,179532,17915944,1427279400,142431754800.0,1.0,KOSDAQ
039010,34019,8625000,334406770,84783750000.0,0.39,KOSDAQ
090850,75218,23746361,391133600,123481077200.0,0.32,KOSDAQ
460930,766444,35510671,12799614800,593028205700.0,2.16,KOSDAQ
092300,0,19049936,0,76580742720.0,0.0,KOSDAQ
011080,0,4296262,0,12480641110.0,0.0,KOSDAQ
308100,0,24023008,0,18281509088.0,0.0,KOSDAQ
064240,167200,34694251,302464800,62761900059.0,0.48,KOSDAQ
039610,109713,10410400,839304450,79639560000.0,1.05,KOSDAQ
126640,0,35055910,0,63766700290.0,0.0,KOSDAQ
127980,0,11840684,0,62163591000.0,0.0,KOSDAQ
061250,50211,8417584,432818820,72559574080.0,0.6,KOSDAQ
097870,21227,8490000,125027030,50006100000.0,0.25,KOSDAQ
290270,0,9607672,0,33434698560.0,0.0,KOSDAQ
353190,0,7875684,0,21618752580.0,0.0,KOSDAQ
090710,3222410,119457197,34930924400,1294916015480.0,2.7,KOSDAQ
078590,288028,99918197,151214700,52457053425.0,0.29,KOSDAQ
205470,59321,25875001,245885545,107251879145.0,0.23,KOSDAQ
115160,0,4312142,0,31996093640.0,0.0,KOSDAQ
028080,0,2287941,0,17525628060.0,0.0,KOSDAQ
175140,47442,24944253,182414490,95910652785.0,0.19,KOSDAQ
200670,0,11229930,0,322298991000.0,0.0,KOSDAQ
065510,75901,11485863,544210170,82353637710.0,0.66,KOSDAQ
263920,0,9809026,0,34086365350.0,0.0,KOSDAQ
243070,0,11979665,0,428872007000.0,0.0,KOSDAQ
084110,30835,12659812,1002137500,411443890000.0,0.24,KOSDAQ
145020,49044,12304033,12457176000,3125224382000.0,0.4,KOSDAQ
024060,51086,15000000,707541100,207750000000.0,0.34,KOSDAQ
010240,0,11706000,0,66138900000.0,0.0,KOSDAQ
189980,0,40137827,0,56192957800.0,0.0,KOSDAQ
037440,75592,13922475,399881680,73649892750.0,0.54,KOSDAQ
238490,57500,11312236,181700000,35746665760.0,0.51,KOSDAQ
