KOSPI_종가,KOSPI_등락률,KOSDAQ_종가,KOSDAQ_등락률,USD_KRW_환율
7498.0,0.11,1207.72,0.70999999999999,1444.449951171875
