KOSPI_종가,KOSPI_등락률,KOSDAQ_종가,KOSDAQ_등락률,USD_KRW_환율
6226.05,2.20999999999999,1162.97,0.91,1469.4200439453125
