KOSPI_종가,KOSPI_등락률,KOSDAQ_종가,KOSDAQ_등락률,USD_KRW_환율
6091.39,2.07,1152.43,2.7199999999999998,1476.8399658203125
