KOSPI_종가,KOSPI_등락률,KOSDAQ_종가,KOSDAQ_등락률,USD_KRW_환율
7208.95,-0.86,1056.07,-2.60999999999999,1492.3199462890625
