KOSPI_종가,KOSPI_등락률,KOSDAQ_종가,KOSDAQ_등락률,USD_KRW_환율
5583.9,9.629999999999999,1116.41,14.099999999999998,1483.0699462890625
