KOSPI_종가,KOSPI_등락률,KOSDAQ_종가,KOSDAQ_등락률,USD_KRW_환율
5371.1,1.5699999999999998,1149.43,0.44999999999999996,1452.5400390625
