KOSPI_종가,KOSPI_등락률,KOSDAQ_종가,KOSDAQ_등락률,USD_KRW_환율
5808.62,-0.86,1099.84,0.56999999999999,1482.1800537109375
