KOSPI_종가,KOSPI_등락률,KOSDAQ_종가,KOSDAQ_등락률,USD_KRW_환율
5642.21,1.59,1159.55,3.4000000000000004,1485.3599853515625
