KOSPI_종가,KOSPI_등락률,KOSDAQ_종가,KOSDAQ_등락률,USD_KRW_환율
5163.57,-3.8599999999999897,1108.41,-3.5699999999999896,1446.6800537109375
