KOSPI_종가,KOSPI_등락률,KOSDAQ_종가,KOSDAQ_등락률,USD_KRW_환율
5450.33,1.3599999999999999,1047.37,-1.54,1509.260009765625
