KOSPI_종가,KOSPI_등락률,KOSDAQ_종가,KOSDAQ_등락률,USD_KRW_환율
5478.7,8.43999999999999,1116.18,6.05999999999999,1516.1300048828125
