KOSPI_종가,KOSPI_등락률,KOSDAQ_종가,KOSDAQ_등락률,USD_KRW_환율
8203.84,-9.99,891.52,-7.9399999999999995,1531.3299560546875
