KOSPI_종가,KOSPI_등락률,KOSDAQ_종가,KOSDAQ_등락률,USD_KRW_환율
6244.13,-1.0,1192.78,0.38999999999999996,1426.9300537109375
