KRX 로그인 실패: KRX_ID 또는 KRX_PW 환경 변수가 설정되지 않았습니다.
2026-06-22 15:30:01,899 - INFO - Loading environment variables from .env file...
2026-06-22 15:30:01,900 - INFO - ==================================================
2026-06-22 15:30:01,900 - INFO -  Starting Daily JP Market Monitor (Test: False)
2026-06-22 15:30:01,900 - INFO - ==================================================
2026-06-22 15:30:02,801 - INFO - Processing trading date: 2026-06-22
2026-06-22 15:30:02,801 - INFO - Scraping JPX listed issues Excel URL...
2026-06-22 15:30:03,011 - INFO - Downloading JPX listed issues from: https://www.jpx.co.jp/english/markets/statistics-equities/misc/tvdivq0000001vg2-att/data_e.xls
2026-06-22 15:30:03,231 - INFO - Total metadata stocks loaded: 3739
2026-06-22 15:30:03,231 - INFO - Downloading daily prices for 3739 tickers in chunks of 300...
2026-06-22 15:30:06,181 - ERROR - $1726.T: possibly delisted; no price data found  (period=5d)
2026-06-22 15:30:07,004 - ERROR - 
1 Failed download:
2026-06-22 15:30:07,004 - ERROR - ['1726.T']: possibly delisted; no price data found  (period=5d)
2026-06-22 15:30:19,781 - ERROR - $3059.T: possibly delisted; no price data found  (period=5d)
2026-06-22 15:30:19,784 - ERROR - 
1 Failed download:
2026-06-22 15:30:19,785 - ERROR - ['3059.T']: possibly delisted; no price data found  (period=5d)
2026-06-22 15:30:20,414 - ERROR - $3294.T: possibly delisted; no price data found  (period=5d)
2026-06-22 15:30:31,426 - ERROR - 
1 Failed download:
2026-06-22 15:30:31,426 - ERROR - ['3294.T']: possibly delisted; no price data found  (period=5d)
2026-06-22 15:30:37,254 - ERROR - $4556.T: possibly delisted; no price data found  (period=5d)
2026-06-22 15:30:47,610 - ERROR - $4365.T: possibly delisted; no price data found  (period=5d)
2026-06-22 15:30:47,612 - ERROR - 
2 Failed downloads:
2026-06-22 15:30:47,612 - ERROR - ['4556.T', '4365.T']: possibly delisted; no price data found  (period=5d)
2026-06-22 15:30:50,548 - ERROR - $4974.T: possibly delisted; no price data found  (period=5d)
2026-06-22 15:31:00,434 - ERROR - 
1 Failed download:
2026-06-22 15:31:00,434 - ERROR - ['4974.T']: possibly delisted; no price data found  (period=5d)
2026-06-22 15:31:01,438 - ERROR - $6201.T: possibly delisted; no price data found  (period=5d)
2026-06-22 15:31:03,204 - ERROR - $6173.T: possibly delisted; no price data found  (period=5d)
2026-06-22 15:31:04,590 - ERROR - 
2 Failed downloads:
2026-06-22 15:31:04,591 - ERROR - ['6201.T', '6173.T']: possibly delisted; no price data found  (period=5d)
2026-06-22 15:31:20,494 - ERROR - $7229.T: possibly delisted; no price data found  (period=5d)
2026-06-22 15:31:23,509 - ERROR - 
1 Failed download:
2026-06-22 15:31:23,509 - ERROR - ['7229.T']: possibly delisted; no price data found  (period=5d)
2026-06-22 15:31:36,544 - ERROR - $7501.T: possibly delisted; no price data found  (period=5d)
2026-06-22 15:31:37,145 - ERROR - $7482.T: possibly delisted; no price data found  (period=5d)
2026-06-22 15:31:37,150 - ERROR - 
2 Failed downloads:
2026-06-22 15:31:37,150 - ERROR - ['7501.T', '7482.T']: possibly delisted; no price data found  (period=5d)
2026-06-22 15:31:38,420 - ERROR - $7999.T: possibly delisted; no price data found  (period=5d)
2026-06-22 15:31:41,229 - ERROR - 
1 Failed download:
2026-06-22 15:31:41,229 - ERROR - ['7999.T']: possibly delisted; no price data found  (period=5d)
2026-06-22 15:31:44,302 - ERROR - $9067.T: possibly delisted; no price data found  (period=5d)
2026-06-22 15:31:51,990 - ERROR - $9163.T: possibly delisted; no price data found  (period=5d)
2026-06-22 15:31:54,908 - ERROR - $9033.T: possibly delisted; no price data found  (period=5d)
2026-06-22 15:31:54,917 - ERROR - 
3 Failed downloads:
2026-06-22 15:31:54,917 - ERROR - ['9067.T', '9163.T', '9033.T']: possibly delisted; no price data found  (period=5d)
2026-06-22 15:31:57,565 - INFO - Successfully downloaded price changes for 3722 stocks.
2026-06-22 15:31:57,579 - INFO - Saving formatted Excel to /home/inhyuk/projects/dataScout/data_jp/daily_prices/jp_prices_20260622.xlsx...
2026-06-22 15:31:58,037 - INFO - Sending daily report text to Telegram chat -1003877753638...
2026-06-22 15:31:59,239 - INFO - Report text sent successfully to Telegram.
2026-06-22 15:31:59,239 - INFO - Uploading Excel document to Telegram chat -1003877753638...
2026-06-22 15:32:02,049 - INFO - Excel document sent successfully to Telegram.

--- Generated Report Summary ---
🇯🇵 *[일본 증시 마감 일일 리포트]* 🇯🇵
📅 *기준일자: 2026-06-22*

🔥 *주요 상승 섹터/산업 TOP 3*
1. *Nonferrous Metals* (+3.21%)
2. *Precision Instruments* (+2.14%)
3. *Glass and Ceramics Products* (+1.89%)

❄️ *주요 하락 섹터/산업 BOTTOM 3*
1. *Air Transportation* (-0.68%)
2. *Oil and Coal Products* (-0.64%)
3. *Retail Trade* (-0.43%)

📌 *나의 관심 섹터/산업 현황*
- *Electric Appliances*: +1.45% (상위: PowerX,I(+22.2%), QD Laser(+19.8%))
- *Information & Communication*: +0.78% (상위: ENECHANG(+19.8%), GMO inte(+17.8%))
- *Chemicals*: +0.62% (상위: SANWAYUK(+11.0%), ARAKAWA (+9.1%))
- *Pharmaceutical*: +0.14% (상위: Immuno-B(+7.4%), Renascie(+7.3%))
- *Transportation Equipment*: -0.06% (상위: Sanoh In(+7.4%), MUSASHI (+6.0%))

🚀 *개별 종목 상승 TOP 5*
1. *5216.T* (KURAMOTO CO.,LTD.) | ¥177 (*+39.37%*)
2. *6433.T* (HEPHAIST CO.,LTD.) | ¥1,441 (*+26.29%*)
3. *485A.T* (PowerX,Inc.) | ¥2,200 (*+22.22%*)
4. *5817.T* (JMACS Japan Co.,Ltd.) | ¥1,270 (*+21.07%*)
5. *6613.T* (QD Laser,Inc.) | ¥3,020 (*+19.84%*)

📉 *개별 종목 하락 TOP 5*
1. *5856.T* (Life Intelligent Ent) | ¥3 (*-40.00%*)
2. *3681.T* (V-cube,Inc.) | ¥11 (*-15.38%*)
3. *9941.T* (TAIYO BUSSAN KAISHA,) | ¥1,268 (*-14.73%*)
4. *6561.T* (HANATOUR JAPAN CO.,L) | ¥795 (*-13.40%*)
5. *7412.T* (ATOM CORPORATION) | ¥321 (*-11.33%*)

📂 *전체 3,722개 종목의 마감 등락폭 상세 정보가 담긴 엑셀 파일을 첨부합니다.*
KRX 로그인 실패: KRX_ID 또는 KRX_PW 환경 변수가 설정되지 않았습니다.
2026-06-23 15:30:02,235 - INFO - Loading environment variables from .env file...
2026-06-23 15:30:02,237 - INFO - ==================================================
2026-06-23 15:30:02,237 - INFO -  Starting Daily JP Market Monitor (Test: False)
2026-06-23 15:30:02,237 - INFO - ==================================================
2026-06-23 15:30:03,103 - INFO - Processing trading date: 2026-06-23
2026-06-23 15:30:03,103 - INFO - Scraping JPX listed issues Excel URL...
2026-06-23 15:30:03,281 - INFO - Downloading JPX listed issues from: https://www.jpx.co.jp/english/markets/statistics-equities/misc/tvdivq0000001vg2-att/data_e.xls
2026-06-23 15:30:03,647 - INFO - Total metadata stocks loaded: 3739
2026-06-23 15:30:03,647 - INFO - Downloading daily prices for 3739 tickers in chunks of 300...
2026-06-23 15:30:07,379 - ERROR - $1726.T: possibly delisted; no price data found  (period=5d)
2026-06-23 15:30:15,245 - ERROR - 
1 Failed download:
2026-06-23 15:30:15,245 - ERROR - ['1726.T']: possibly delisted; no price data found  (period=5d)
2026-06-23 15:30:21,045 - ERROR - $3294.T: possibly delisted; no price data found  (period=5d)
2026-06-23 15:30:31,365 - ERROR - 
1 Failed download:
2026-06-23 15:30:31,365 - ERROR - ['3294.T']: possibly delisted; no price data found  (period=5d)
2026-06-23 15:30:47,622 - ERROR - $4556.T: possibly delisted; no price data found  (period=5d)
2026-06-23 15:30:47,659 - ERROR - 
1 Failed download:
2026-06-23 15:30:47,659 - ERROR - ['4556.T']: possibly delisted; no price data found  (period=5d)
2026-06-23 15:30:51,333 - ERROR - $4974.T: possibly delisted; no price data found  (period=5d)
2026-06-23 15:30:59,891 - ERROR - 
1 Failed download:
2026-06-23 15:30:59,891 - ERROR - ['4974.T']: possibly delisted; no price data found  (period=5d)
2026-06-23 15:31:01,343 - ERROR - $6173.T: possibly delisted; no price data found  (period=5d)
2026-06-23 15:31:02,803 - ERROR - $6201.T: possibly delisted; no price data found  (period=5d)
2026-06-23 15:31:06,953 - ERROR - 
2 Failed downloads:
2026-06-23 15:31:06,953 - ERROR - ['6173.T', '6201.T']: possibly delisted; no price data found  (period=5d)
2026-06-23 15:31:09,976 - ERROR - $6670.T: possibly delisted; no price data found  (period=5d)
2026-06-23 15:31:17,348 - ERROR - $6599.T: possibly delisted; no price data found  (period=5d)
2026-06-23 15:31:20,052 - ERROR - $6339.T: possibly delisted; no price data found  (period=5d)
2026-06-23 15:31:20,502 - ERROR - $6743.T: possibly delisted; no price data found  (period=5d)
2026-06-23 15:31:20,504 - ERROR - 
4 Failed downloads:
2026-06-23 15:31:20,504 - ERROR - ['6670.T', '6599.T', '6339.T', '6743.T']: possibly delisted; no price data found  (period=5d)
2026-06-23 15:31:21,980 - ERROR - $7229.T: possibly delisted; no price data found  (period=5d)
2026-06-23 15:31:25,541 - ERROR - 
1 Failed download:
2026-06-23 15:31:25,541 - ERROR - ['7229.T']: possibly delisted; no price data found  (period=5d)
2026-06-23 15:31:38,764 - ERROR - $7685.T: possibly delisted; no price data found  (period=5d)
2026-06-23 15:31:38,984 - ERROR - $7833.T: possibly delisted; no price data found  (period=5d)
2026-06-23 15:31:38,993 - ERROR - 
2 Failed downloads:
2026-06-23 15:31:38,993 - ERROR - ['7685.T', '7833.T']: possibly delisted; no price data found  (period=5d)
2026-06-23 15:31:41,288 - ERROR - $7999.T: possibly delisted; no price data found  (period=5d)
2026-06-23 15:31:51,557 - ERROR - 
1 Failed download:
2026-06-23 15:31:51,558 - ERROR - ['7999.T']: possibly delisted; no price data found  (period=5d)
2026-06-23 15:31:53,084 - ERROR - $9067.T: possibly delisted; no price data found  (period=5d)
2026-06-23 15:31:54,832 - ERROR - $9338.T: possibly delisted; no price data found  (period=5d)
2026-06-23 15:31:55,521 - ERROR - 
2 Failed downloads:
2026-06-23 15:31:55,521 - ERROR - ['9067.T', '9338.T']: possibly delisted; no price data found  (period=5d)
2026-06-23 15:31:58,122 - INFO - Successfully downloaded price changes for 3722 stocks.
2026-06-23 15:31:58,124 - INFO - Saving formatted Excel to /home/inhyuk/projects/dataScout/data_jp/daily_prices/jp_prices_20260623.xlsx...
2026-06-23 15:31:58,549 - INFO - Sending daily report text to Telegram chat -1003877753638...
2026-06-23 15:31:59,595 - INFO - Report text sent successfully to Telegram.
2026-06-23 15:31:59,595 - INFO - Uploading Excel document to Telegram chat -1003877753638...
2026-06-23 15:32:03,358 - INFO - Excel document sent successfully to Telegram.

--- Generated Report Summary ---
🇯🇵 *[일본 증시 마감 일일 리포트]* 🇯🇵
📅 *기준일자: 2026-06-23*

🔥 *주요 상승 섹터/산업 TOP 3*
1. *Marine Transportation* (+0.81%)
2. *Land Transportation* (+0.55%)
3. *Foods* (+0.30%)

❄️ *주요 하락 섹터/산업 BOTTOM 3*
1. *Nonferrous Metals* (-4.38%)
2. *Machinery* (-2.23%)
3. *Precision Instruments* (-2.19%)

📌 *나의 관심 섹터/산업 현황*
- *Pharmaceutical*: -0.90% (상위: OncoTher(+5.3%), KYORIN P(+3.4%))
- *Information & Communication*: -1.20% (상위: TOSHIN H(+29.7%), Thinca C(+21.4%))
- *Transportation Equipment*: -1.28% (상위: SERENDIP(+3.6%), SAKURAI (+2.4%))
- *Chemicals*: -1.37% (상위: AIR WATE(+6.7%), NIPPON S(+3.2%))
- *Electric Appliances*: -2.06% (상위: MEDIA LI(+20.8%), TWINBIRD(+20.5%))

🚀 *개별 종목 상승 TOP 5*
1. *9444.T* (TOSHIN HOLDINGS CO.,) | ¥262 (*+29.70%*)
2. *149A.T* (Thinca Co.,Ltd.) | ¥850 (*+21.43%*)
3. *6659.T* (MEDIA LINKS CO.,LTD.) | ¥64 (*+20.75%*)
4. *6897.T* (TWINBIRD CORPORATION) | ¥471 (*+20.46%*)
5. *3544.T* (SATUDORA HOLDINGS CO) | ¥963 (*+18.45%*)

📉 *개별 종목 하락 TOP 5*
1. *6217.T* (TSUDAKOMA Corp.) | ¥1,144 (*-19.04%*)
2. *6085.T* (ARCHITECTS STUDIO JA) | ¥303 (*-16.99%*)
3. *278A.T* (Terra Drone Corporat) | ¥7,930 (*-15.82%*)
4. *5801.T* (Furukawa Electric Co) | ¥48,900 (*-15.69%*)
5. *6433.T* (HEPHAIST CO.,LTD.) | ¥1,223 (*-15.13%*)

📂 *전체 3,722개 종목의 마감 등락폭 상세 정보가 담긴 엑셀 파일을 첨부합니다.*
KRX 로그인 실패: KRX_ID 또는 KRX_PW 환경 변수가 설정되지 않았습니다.
2026-06-24 15:30:01,770 - INFO - Loading environment variables from .env file...
2026-06-24 15:30:01,771 - INFO - ==================================================
2026-06-24 15:30:01,771 - INFO -  Starting Daily JP Market Monitor (Test: False)
2026-06-24 15:30:01,771 - INFO - ==================================================
2026-06-24 15:30:02,745 - INFO - Processing trading date: 2026-06-24
2026-06-24 15:30:02,745 - INFO - Scraping JPX listed issues Excel URL...
2026-06-24 15:30:02,977 - INFO - Downloading JPX listed issues from: https://www.jpx.co.jp/english/markets/statistics-equities/misc/tvdivq0000001vg2-att/data_e.xls
2026-06-24 15:30:03,181 - INFO - Total metadata stocks loaded: 3739
2026-06-24 15:30:03,181 - INFO - Downloading daily prices for 3739 tickers in chunks of 300...
2026-06-24 15:30:04,787 - ERROR - $1726.T: possibly delisted; no price data found  (period=5d)
2026-06-24 15:30:15,955 - ERROR - $173A.T: possibly delisted; no price data found  (period=5d)
2026-06-24 15:30:15,959 - ERROR - 
2 Failed downloads:
2026-06-24 15:30:15,960 - ERROR - ['1726.T', '173A.T']: possibly delisted; no price data found  (period=5d)
2026-06-24 15:30:21,915 - ERROR - $3294.T: possibly delisted; no price data found  (period=5d)
2026-06-24 15:30:31,366 - ERROR - $3491.T: possibly delisted; no price data found  (period=5d)
2026-06-24 15:30:31,711 - ERROR - $3302.T: possibly delisted; no price data found  (period=5d)
2026-06-24 15:30:31,711 - ERROR - $3137.T: possibly delisted; no price data found  (period=5d)
2026-06-24 15:30:34,136 - ERROR - $3148.T: possibly delisted; no price data found  (period=5d)
2026-06-24 15:30:34,137 - ERROR - 
5 Failed downloads:
2026-06-24 15:30:34,137 - ERROR - ['3294.T', '3491.T', '3302.T', '3137.T', '3148.T']: possibly delisted; no price data found  (period=5d)
2026-06-24 15:30:41,113 - ERROR - $4556.T: possibly delisted; no price data found  (period=5d)
2026-06-24 15:30:51,652 - ERROR - $4615.T: possibly delisted; no price data found  (period=5d)
2026-06-24 15:30:51,661 - ERROR - 
2 Failed downloads:
2026-06-24 15:30:51,661 - ERROR - ['4556.T', '4615.T']: possibly delisted; no price data found  (period=5d)
2026-06-24 15:30:53,554 - ERROR - $4974.T: possibly delisted; no price data found  (period=5d)
2026-06-24 15:30:55,703 - ERROR - 
1 Failed download:
2026-06-24 15:30:55,703 - ERROR - ['4974.T']: possibly delisted; no price data found  (period=5d)
2026-06-24 15:30:58,114 - ERROR - $6173.T: possibly delisted; no price data found  (period=5d)
2026-06-24 15:30:59,446 - ERROR - $6201.T: possibly delisted; no price data found  (period=5d)
2026-06-24 15:31:05,375 - ERROR - 
2 Failed downloads:
2026-06-24 15:31:05,376 - ERROR - ['6173.T', '6201.T']: possibly delisted; no price data found  (period=5d)
2026-06-24 15:31:08,864 - ERROR - $6670.T: possibly delisted; no price data found  (period=5d)
2026-06-24 15:31:17,880 - ERROR - $6800.T: possibly delisted; no price data found  (period=5d)
2026-06-24 15:31:17,952 - ERROR - $6699.T: possibly delisted; no price data found  (period=5d)
2026-06-24 15:31:17,961 - ERROR - 
3 Failed downloads:
2026-06-24 15:31:17,961 - ERROR - ['6670.T', '6800.T', '6699.T']: possibly delisted; no price data found  (period=5d)
2026-06-24 15:31:19,765 - ERROR - $7229.T: possibly delisted; no price data found  (period=5d)
2026-06-24 15:31:21,887 - ERROR - 
1 Failed download:
2026-06-24 15:31:21,888 - ERROR - ['7229.T']: possibly delisted; no price data found  (period=5d)
2026-06-24 15:31:32,840 - ERROR - $7774.T: possibly delisted; no price data found  (period=5d)
2026-06-24 15:31:32,879 - ERROR - $7898.T: possibly delisted; no price data found  (period=5d)
2026-06-24 15:31:33,697 - ERROR - 
2 Failed downloads:
2026-06-24 15:31:33,697 - ERROR - ['7774.T', '7898.T']: possibly delisted; no price data found  (period=5d)
2026-06-24 15:31:36,487 - ERROR - $7999.T: possibly delisted; no price data found  (period=5d)
2026-06-24 15:31:47,007 - ERROR - 
1 Failed download:
2026-06-24 15:31:47,008 - ERROR - ['7999.T']: possibly delisted; no price data found  (period=5d)
2026-06-24 15:31:50,091 - ERROR - $9338.T: possibly delisted; no price data found  (period=5d)
2026-06-24 15:31:50,314 - ERROR - $9067.T: possibly delisted; no price data found  (period=5d)
2026-06-24 15:31:57,728 - ERROR - $9143.T: possibly delisted; no price data found  (period=5d)
2026-06-24 15:31:58,294 - ERROR - $9433.T: possibly delisted; no price data found  (period=5d)
2026-06-24 15:32:00,449 - ERROR - $9612.T: possibly delisted; no price data found  (period=5d)
2026-06-24 15:32:00,451 - ERROR - 
5 Failed downloads:
2026-06-24 15:32:00,451 - ERROR - ['9338.T', '9067.T', '9143.T', '9433.T', '9612.T']: possibly delisted; no price data found  (period=5d)
2026-06-24 15:32:02,990 - INFO - Successfully downloaded price changes for 3712 stocks.
2026-06-24 15:32:02,992 - INFO - Saving formatted Excel to /home/inhyuk/projects/dataScout/data_jp/daily_prices/jp_prices_20260624.xlsx...
2026-06-24 15:32:03,431 - INFO - Sending daily report text to Telegram chat -1003877753638...
2026-06-24 15:32:04,458 - INFO - Report text sent successfully to Telegram.
2026-06-24 15:32:04,458 - INFO - Uploading Excel document to Telegram chat -1003877753638...
2026-06-24 15:32:07,220 - INFO - Excel document sent successfully to Telegram.

--- Generated Report Summary ---
🇯🇵 *[일본 증시 마감 일일 리포트]* 🇯🇵
📅 *기준일자: 2026-06-24*

🔥 *주요 상승 섹터/산업 TOP 3*
1. *Air Transportation* (+0.50%)
2. *Pharmaceutical* (+0.39%)
3. *Marine Transportation* (+0.38%)

❄️ *주요 하락 섹터/산업 BOTTOM 3*
1. *Insurance* (-1.67%)
2. *Banks* (-1.21%)
3. *Nonferrous Metals* (-0.90%)

📌 *나의 관심 섹터/산업 현황*
- *Pharmaceutical*: +0.39% (상위: Perseus (+9.7%), D.Wester(+6.0%))
- *Information & Communication*: -0.02% (상위: Informet(+15.7%), BRANU In(+10.2%))
- *Electric Appliances*: -0.05% (상위: TWINBIRD(+31.4%), Japan Di(+22.4%))
- *Chemicals*: -0.31% (상위: KANTO DE(+6.3%), HOKKO CH(+4.9%))
- *Transportation Equipment*: -0.56% (상위: DAIDO ME(+8.7%), TOYODA G(+3.1%))

🚀 *개별 종목 상승 TOP 5*
1. *6181.T* (Tameny Inc.) | ¥100 (*+42.86%*)
2. *6897.T* (TWINBIRD CORPORATION) | ¥724 (*+31.40%*)
3. *6740.T* (Japan Display Inc.) | ¥60 (*+22.45%*)
4. *4664.T* (JAPAN RELIANCE SERVI) | ¥909 (*+19.61%*)
5. *9256.T* (Succeed co.,ltd.) | ¥4,440 (*+18.72%*)

📉 *개별 종목 하락 TOP 5*
1. *5856.T* (Life Intelligent Ent) | ¥2 (*-33.33%*)
2. *4265.T* (Institution for a Gl) | ¥321 (*-15.53%*)
3. *149A.T* (Thinca Co.,Ltd.) | ¥849 (*-15.10%*)
4. *4069.T* (BlueMeme Inc.) | ¥670 (*-14.87%*)
5. *4381.T* (BPLATS,Inc.) | ¥197 (*-14.35%*)

📂 *전체 3,712개 종목의 마감 등락폭 상세 정보가 담긴 엑셀 파일을 첨부합니다.*
KRX 로그인 실패: KRX_ID 또는 KRX_PW 환경 변수가 설정되지 않았습니다.
2026-06-25 15:30:01,747 - INFO - Loading environment variables from .env file...
2026-06-25 15:30:01,749 - INFO - ==================================================
2026-06-25 15:30:01,749 - INFO -  Starting Daily JP Market Monitor (Test: False)
2026-06-25 15:30:01,749 - INFO - ==================================================
2026-06-25 15:30:02,582 - INFO - Processing trading date: 2026-06-25
2026-06-25 15:30:02,582 - INFO - Scraping JPX listed issues Excel URL...
2026-06-25 15:30:02,764 - INFO - Downloading JPX listed issues from: https://www.jpx.co.jp/english/markets/statistics-equities/misc/tvdivq0000001vg2-att/data_e.xls
2026-06-25 15:30:03,016 - INFO - Total metadata stocks loaded: 3739
2026-06-25 15:30:03,016 - INFO - Downloading daily prices for 3739 tickers in chunks of 300...
2026-06-25 15:30:03,821 - ERROR - $1726.T: possibly delisted; no price data found  (period=5d)
2026-06-25 15:30:06,795 - ERROR - 
1 Failed download:
2026-06-25 15:30:06,796 - ERROR - ['1726.T']: possibly delisted; no price data found  (period=5d)
2026-06-25 15:30:08,113 - ERROR - $2540.T: possibly delisted; no price data found  (period=5d)
2026-06-25 15:30:18,525 - ERROR - $2984.T: possibly delisted; no price data found  (period=5d)
2026-06-25 15:30:18,831 - ERROR - $2983.T: possibly delisted; no price data found  (period=5d)
2026-06-25 15:30:19,726 - ERROR - $2493.T: possibly delisted; no price data found  (period=5d)
2026-06-25 15:30:19,912 - ERROR - 
4 Failed downloads:
2026-06-25 15:30:19,912 - ERROR - ['2540.T', '2984.T', '2983.T', '2493.T']: possibly delisted; no price data found  (period=5d)
2026-06-25 15:30:23,847 - ERROR - $3294.T: possibly delisted; no price data found  (period=5d)
2026-06-25 15:30:31,306 - ERROR - 
1 Failed download:
2026-06-25 15:30:31,307 - ERROR - ['3294.T']: possibly delisted; no price data found  (period=5d)
2026-06-25 15:30:36,765 - ERROR - $4556.T: possibly delisted; no price data found  (period=5d)
2026-06-25 15:30:46,893 - ERROR - $4259.T: possibly delisted; no price data found  (period=5d)
2026-06-25 15:30:47,704 - ERROR - 
2 Failed downloads:
2026-06-25 15:30:47,704 - ERROR - ['4556.T', '4259.T']: possibly delisted; no price data found  (period=5d)
2026-06-25 15:30:49,619 - ERROR - $4974.T: possibly delisted; no price data found  (period=5d)
2026-06-25 15:30:51,868 - ERROR - 
1 Failed download:
2026-06-25 15:30:51,868 - ERROR - ['4974.T']: possibly delisted; no price data found  (period=5d)
2026-06-25 15:30:52,600 - ERROR - $6173.T: possibly delisted; no price data found  (period=5d)
2026-06-25 15:30:55,452 - ERROR - $6201.T: possibly delisted; no price data found  (period=5d)
2026-06-25 15:31:03,481 - ERROR - $5900.T: possibly delisted; no price data found  (period=5d)
2026-06-25 15:31:03,486 - ERROR - 
3 Failed downloads:
2026-06-25 15:31:03,486 - ERROR - ['6173.T', '6201.T', '5900.T']: possibly delisted; no price data found  (period=5d)
2026-06-25 15:31:07,014 - ERROR - $6670.T: possibly delisted; no price data found  (period=5d)
2026-06-25 15:31:16,293 - ERROR - 
1 Failed download:
2026-06-25 15:31:16,293 - ERROR - ['6670.T']: possibly delisted; no price data found  (period=5d)
2026-06-25 15:31:16,928 - ERROR - $7229.T: possibly delisted; no price data found  (period=5d)
2026-06-25 15:31:20,441 - ERROR - 
1 Failed download:
2026-06-25 15:31:20,441 - ERROR - ['7229.T']: possibly delisted; no price data found  (period=5d)
2026-06-25 15:31:33,623 - ERROR - $7483.T: possibly delisted; no price data found  (period=5d)
2026-06-25 15:31:33,633 - ERROR - 
1 Failed download:
2026-06-25 15:31:33,633 - ERROR - ['7483.T']: possibly delisted; no price data found  (period=5d)
2026-06-25 15:31:35,177 - ERROR - $7999.T: possibly delisted; no price data found  (period=5d)
2026-06-25 15:31:45,649 - ERROR - 
1 Failed download:
2026-06-25 15:31:45,649 - ERROR - ['7999.T']: possibly delisted; no price data found  (period=5d)
2026-06-25 15:31:46,260 - ERROR - $9338.T: possibly delisted; no price data found  (period=5d)
2026-06-25 15:31:47,641 - ERROR - $9067.T: possibly delisted; no price data found  (period=5d)
2026-06-25 15:31:59,035 - ERROR - $9404.T: possibly delisted; no price data found  (period=5d)
2026-06-25 15:31:59,045 - ERROR - 
3 Failed downloads:
2026-06-25 15:31:59,045 - ERROR - ['9338.T', '9067.T', '9404.T']: possibly delisted; no price data found  (period=5d)
2026-06-25 15:32:01,661 - INFO - Successfully downloaded price changes for 3718 stocks.
2026-06-25 15:32:01,663 - INFO - Saving formatted Excel to /home/inhyuk/projects/dataScout/data_jp/daily_prices/jp_prices_20260625.xlsx...
2026-06-25 15:32:02,157 - INFO - Sending daily report text to Telegram chat -1003877753638...
2026-06-25 15:32:03,195 - INFO - Report text sent successfully to Telegram.
2026-06-25 15:32:03,195 - INFO - Uploading Excel document to Telegram chat -1003877753638...
2026-06-25 15:32:06,031 - INFO - Excel document sent successfully to Telegram.

--- Generated Report Summary ---
🇯🇵 *[일본 증시 마감 일일 리포트]* 🇯🇵
📅 *기준일자: 2026-06-25*

🔥 *주요 상승 섹터/산업 TOP 3*
1. *Electric Appliances* (+2.45%)
2. *Precision Instruments* (+2.01%)
3. *Chemicals* (+1.73%)

❄️ *주요 하락 섹터/산업 BOTTOM 3*
1. *Mining* (-1.17%)
2. *Insurance* (-0.99%)
3. *Oil and Coal Products* (-0.47%)

📌 *나의 관심 섹터/산업 현황*
- *Electric Appliances*: +2.45% (상위: QD Laser(+18.1%), MEDIA LI(+17.5%))
- *Chemicals*: +1.73% (상위: Sakai Ch(+15.1%), ReproCEL(+9.2%))
- *Transportation Equipment*: +0.76% (상위: AISAN IN(+9.2%), TANAKA S(+8.9%))
- *Pharmaceutical*: +0.40% (상위: Heartsee(+5.8%), Perseus (+5.7%))
- *Information & Communication*: +0.31% (상위: Smartval(+25.3%), SOFTTEX (+20.3%))

🚀 *개별 종목 상승 TOP 5*
1. *5721.T* (S Crypto Energy Inc.) | ¥71 (*+26.79%*)
2. *9417.T* (Smartvalue Co.,Ltd.) | ¥391 (*+25.32%*)
3. *2962.T* (TECNISCO,LTD.) | ¥1,669 (*+21.91%*)
4. *550A.T* (SOFTTEX Co.,Ltd.) | ¥2,368 (*+20.33%*)
5. *7352.T* (TWOSTONE&Sons Inc.) | ¥365 (*+20.07%*)

📉 *개별 종목 하락 TOP 5*
1. *5856.T* (Life Intelligent Ent) | ¥1 (*-66.67%*)
2. *6181.T* (Tameny Inc.) | ¥81 (*-19.00%*)
3. *4833.T* (Def consulting,inc.) | ¥34 (*-17.07%*)
4. *6897.T* (TWINBIRD CORPORATION) | ¥650 (*-10.96%*)
5. *6753.T* (Sharp Corporation) | ¥593 (*-10.76%*)

📂 *전체 3,718개 종목의 마감 등락폭 상세 정보가 담긴 엑셀 파일을 첨부합니다.*
KRX 로그인 실패: KRX_ID 또는 KRX_PW 환경 변수가 설정되지 않았습니다.
2026-06-26 15:30:01,791 - INFO - Loading environment variables from .env file...
2026-06-26 15:30:01,793 - INFO - ==================================================
2026-06-26 15:30:01,793 - INFO -  Starting Daily JP Market Monitor (Test: False)
2026-06-26 15:30:01,793 - INFO - ==================================================
2026-06-26 15:30:07,601 - INFO - Processing trading date: 2026-06-26
2026-06-26 15:30:07,601 - INFO - Scraping JPX listed issues Excel URL...
2026-06-26 15:30:08,053 - INFO - Downloading JPX listed issues from: https://www.jpx.co.jp/english/markets/statistics-equities/misc/tvdivq0000001vg2-att/data_e.xls
2026-06-26 15:30:08,652 - INFO - Total metadata stocks loaded: 3739
2026-06-26 15:30:08,652 - INFO - Downloading daily prices for 3739 tickers in chunks of 300...
2026-06-26 15:30:11,974 - ERROR - $1726.T: possibly delisted; no price data found  (period=5d)
2026-06-26 15:30:13,229 - ERROR - 
1 Failed download:
2026-06-26 15:30:13,230 - ERROR - ['1726.T']: possibly delisted; no price data found  (period=5d)
2026-06-26 15:30:15,185 - ERROR - $2540.T: possibly delisted; no price data found  (period=5d)
2026-06-26 15:30:26,109 - ERROR - $2480.T: possibly delisted; no price data found  (period=5d)
2026-06-26 15:30:26,112 - ERROR - 
2 Failed downloads:
2026-06-26 15:30:26,112 - ERROR - ['2540.T', '2480.T']: possibly delisted; no price data found  (period=5d)
2026-06-26 15:30:27,703 - ERROR - $3294.T: possibly delisted; no price data found  (period=5d)
2026-06-26 15:30:39,351 - ERROR - 
1 Failed download:
2026-06-26 15:30:39,352 - ERROR - ['3294.T']: possibly delisted; no price data found  (period=5d)
2026-06-26 15:30:55,265 - ERROR - $4556.T: possibly delisted; no price data found  (period=5d)
2026-06-26 15:30:56,530 - ERROR - $4659.T: possibly delisted; no price data found  (period=5d)
2026-06-26 15:30:57,930 - ERROR - 
2 Failed downloads:
2026-06-26 15:30:57,930 - ERROR - ['4556.T', '4659.T']: possibly delisted; no price data found  (period=5d)
2026-06-26 15:30:59,588 - ERROR - $4974.T: possibly delisted; no price data found  (period=5d)
2026-06-26 15:31:08,591 - ERROR - 
1 Failed download:
2026-06-26 15:31:08,591 - ERROR - ['4974.T']: possibly delisted; no price data found  (period=5d)
2026-06-26 15:31:10,846 - ERROR - $6201.T: possibly delisted; no price data found  (period=5d)
2026-06-26 15:31:12,715 - ERROR - $6173.T: possibly delisted; no price data found  (period=5d)
2026-06-26 15:31:14,299 - ERROR - 
2 Failed downloads:
2026-06-26 15:31:14,299 - ERROR - ['6201.T', '6173.T']: possibly delisted; no price data found  (period=5d)
2026-06-26 15:31:16,570 - ERROR - $6670.T: possibly delisted; no price data found  (period=5d)
2026-06-26 15:31:24,690 - ERROR - $6333.T: possibly delisted; no price data found  (period=5d)
2026-06-26 15:31:24,698 - ERROR - 
2 Failed downloads:
2026-06-26 15:31:24,698 - ERROR - ['6670.T', '6333.T']: possibly delisted; no price data found  (period=5d)
2026-06-26 15:31:27,551 - ERROR - $7229.T: possibly delisted; no price data found  (period=5d)
2026-06-26 15:31:38,249 - ERROR - $6859.T: possibly delisted; no price data found  (period=5d)
2026-06-26 15:31:39,146 - ERROR - $6929.T: possibly delisted; no price data found  (period=5d)
2026-06-26 15:31:39,149 - ERROR - 
3 Failed downloads:
2026-06-26 15:31:39,149 - ERROR - ['7229.T', '6859.T', '6929.T']: possibly delisted; no price data found  (period=5d)
2026-06-26 15:31:53,023 - ERROR - $7808.T: possibly delisted; no price data found  (period=5d)
2026-06-26 15:31:53,454 - ERROR - $7803.T: possibly delisted; no price data found  (period=5d)
2026-06-26 15:31:53,458 - ERROR - 
2 Failed downloads:
2026-06-26 15:31:53,459 - ERROR - ['7808.T', '7803.T']: possibly delisted; no price data found  (period=5d)
2026-06-26 15:31:55,118 - ERROR - $7999.T: possibly delisted; no price data found  (period=5d)
2026-06-26 15:32:00,795 - ERROR - 
1 Failed download:
2026-06-26 15:32:00,796 - ERROR - ['7999.T']: possibly delisted; no price data found  (period=5d)
2026-06-26 15:32:02,932 - ERROR - $9338.T: possibly delisted; no price data found  (period=5d)
2026-06-26 15:32:03,559 - ERROR - $9067.T: possibly delisted; no price data found  (period=5d)
2026-06-26 15:32:13,096 - ERROR - $9434.T: possibly delisted; no price data found  (period=5d)
2026-06-26 15:32:13,839 - ERROR - 
3 Failed downloads:
2026-06-26 15:32:13,839 - ERROR - ['9338.T', '9067.T', '9434.T']: possibly delisted; no price data found  (period=5d)
2026-06-26 15:32:15,908 - ERROR - $9927.T: possibly delisted; no price data found  (period=5d)
2026-06-26 15:32:16,735 - ERROR - 
1 Failed download:
2026-06-26 15:32:16,735 - ERROR - ['9927.T']: possibly delisted; no price data found  (period=5d)
2026-06-26 15:32:17,076 - INFO - Successfully downloaded price changes for 3713 stocks.
2026-06-26 15:32:17,078 - INFO - Saving formatted Excel to /home/inhyuk/projects/dataScout/data_jp/daily_prices/jp_prices_20260626.xlsx...
2026-06-26 15:32:17,593 - INFO - Sending daily report text to Telegram chat -1003877753638...
2026-06-26 15:32:18,717 - INFO - Report text sent successfully to Telegram.
2026-06-26 15:32:18,717 - INFO - Uploading Excel document to Telegram chat -1003877753638...
2026-06-26 15:32:22,384 - INFO - Excel document sent successfully to Telegram.

--- Generated Report Summary ---
🇯🇵 *[일본 증시 마감 일일 리포트]* 🇯🇵
📅 *기준일자: 2026-06-26*

🔥 *주요 상승 섹터/산업 TOP 3*
1. *Banks* (+0.81%)
2. *Warehousing and Harbor Transportation Service* (+0.67%)
3. *Construction* (+0.44%)

❄️ *주요 하락 섹터/산업 BOTTOM 3*
1. *Electric Appliances* (-2.21%)
2. *Nonferrous Metals* (-2.11%)
3. *Machinery* (-1.47%)

📌 *나의 관심 섹터/산업 현황*
- *Transportation Equipment*: -0.30% (상위: TEIN,INC(+2.7%), TOYODA G(+2.5%))
- *Information & Communication*: -0.61% (상위: CERES IN(+19.7%), G-NEXT I(+17.4%))
- *Pharmaceutical*: -0.80% (상위: Chiome B(+4.5%), Oncolys (+3.4%))
- *Chemicals*: -0.90% (상위: ISE CHEM(+19.0%), Kao Corp(+5.0%))
- *Electric Appliances*: -2.21% (상위: JAPAN RE(+7.3%), Japan Di(+7.3%))

🚀 *개별 종목 상승 TOP 5*
1. *3696.T* (CERES INC.) | ¥2,033 (*+19.66%*)
2. *4107.T* (ISE CHEMICALS CORPOR) | ¥4,385 (*+19.00%*)
3. *4179.T* (G-NEXT Inc.) | ¥539 (*+17.43%*)
4. *4664.T* (JAPAN RELIANCE SERVI) | ¥1,240 (*+16.98%*)
5. *9256.T* (Succeed co.,ltd.) | ¥5,410 (*+14.86%*)

📉 *개별 종목 하락 TOP 5*
1. *5856.T* (Life Intelligent Ent) | ¥1 (*-66.67%*)
2. *3133.T* (kaihan co.,Ltd.) | ¥71 (*-41.32%*)
3. *8746.T* (unbanked inc.) | ¥146 (*-25.51%*)
4. *6072.T* (Jibannet Holdings Co) | ¥925 (*-21.48%*)
5. *2354.T* (YE DIGITAL Corporati) | ¥769 (*-15.21%*)

📂 *전체 3,713개 종목의 마감 등락폭 상세 정보가 담긴 엑셀 파일을 첨부합니다.*
KRX 로그인 실패: KRX_ID 또는 KRX_PW 환경 변수가 설정되지 않았습니다.
2026-06-29 15:30:02,279 - INFO - Loading environment variables from .env file...
2026-06-29 15:30:02,280 - INFO - ==================================================
2026-06-29 15:30:02,280 - INFO -  Starting Daily JP Market Monitor (Test: False)
2026-06-29 15:30:02,280 - INFO - ==================================================
2026-06-29 15:30:03,349 - INFO - Processing trading date: 2026-06-29
2026-06-29 15:30:03,350 - INFO - Scraping JPX listed issues Excel URL...
2026-06-29 15:30:03,695 - INFO - Downloading JPX listed issues from: https://www.jpx.co.jp/english/markets/statistics-equities/misc/tvdivq0000001vg2-att/data_e.xls
2026-06-29 15:30:04,002 - INFO - Total metadata stocks loaded: 3739
2026-06-29 15:30:04,002 - INFO - Downloading daily prices for 3739 tickers in chunks of 300...
2026-06-29 15:30:07,233 - ERROR - $1726.T: possibly delisted; no price data found  (period=5d)
2026-06-29 15:30:17,183 - ERROR - 
1 Failed download:
2026-06-29 15:30:17,183 - ERROR - ['1726.T']: possibly delisted; no price data found  (period=5d)
2026-06-29 15:30:21,400 - ERROR - $2540.T: possibly delisted; no price data found  (period=5d)
2026-06-29 15:30:29,849 - ERROR - 
1 Failed download:
2026-06-29 15:30:29,849 - ERROR - ['2540.T']: possibly delisted; no price data found  (period=5d)
2026-06-29 15:30:31,515 - ERROR - $3294.T: possibly delisted; no price data found  (period=5d)
2026-06-29 15:30:34,356 - ERROR - 
1 Failed download:
2026-06-29 15:30:34,356 - ERROR - ['3294.T']: possibly delisted; no price data found  (period=5d)
2026-06-29 15:30:44,732 - ERROR - $4055.T: possibly delisted; no price data found  (period=5d)
2026-06-29 15:30:48,576 - ERROR - $4026.T: possibly delisted; no price data found  (period=5d)
2026-06-29 15:30:48,940 - ERROR - $378A.T: possibly delisted; no price data found  (period=5d)
2026-06-29 15:30:48,941 - ERROR - 
3 Failed downloads:
2026-06-29 15:30:48,948 - ERROR - ['4055.T', '4026.T', '378A.T']: possibly delisted; no price data found  (period=5d)
2026-06-29 15:30:49,698 - ERROR - $4556.T: possibly delisted; no price data found  (period=5d)
2026-06-29 15:30:50,076 - ERROR - $4659.T: possibly delisted; no price data found  (period=5d)
2026-06-29 15:30:53,667 - ERROR - 
2 Failed downloads:
2026-06-29 15:30:53,667 - ERROR - ['4556.T', '4659.T']: possibly delisted; no price data found  (period=5d)
2026-06-29 15:30:55,039 - ERROR - $4974.T: possibly delisted; no price data found  (period=5d)
2026-06-29 15:31:06,518 - ERROR - 
1 Failed download:
2026-06-29 15:31:06,518 - ERROR - ['4974.T']: possibly delisted; no price data found  (period=5d)
2026-06-29 15:31:08,505 - ERROR - $6173.T: possibly delisted; no price data found  (period=5d)
2026-06-29 15:31:10,710 - ERROR - $6201.T: possibly delisted; no price data found  (period=5d)
2026-06-29 15:31:11,351 - ERROR - 
2 Failed downloads:
2026-06-29 15:31:11,351 - ERROR - ['6173.T', '6201.T']: possibly delisted; no price data found  (period=5d)
2026-06-29 15:31:11,986 - ERROR - $6670.T: possibly delisted; no price data found  (period=5d)
2026-06-29 15:31:22,367 - ERROR - $6492.T: possibly delisted; no price data found  (period=5d)
2026-06-29 15:31:24,082 - ERROR - $6277.T: possibly delisted; no price data found  (period=5d)
2026-06-29 15:31:24,085 - ERROR - 
3 Failed downloads:
2026-06-29 15:31:24,085 - ERROR - ['6670.T', '6492.T', '6277.T']: possibly delisted; no price data found  (period=5d)
2026-06-29 15:31:27,103 - ERROR - $7229.T: possibly delisted; no price data found  (period=5d)
2026-06-29 15:31:28,898 - ERROR - 
1 Failed download:
2026-06-29 15:31:28,899 - ERROR - ['7229.T']: possibly delisted; no price data found  (period=5d)
2026-06-29 15:31:41,025 - ERROR - $7938.T: possibly delisted; no price data found  (period=5d)
2026-06-29 15:31:41,339 - ERROR - $7931.T: possibly delisted; no price data found  (period=5d)
2026-06-29 15:31:43,364 - ERROR - $7896.T: possibly delisted; no price data found  (period=5d)
2026-06-29 15:31:43,374 - ERROR - 
3 Failed downloads:
2026-06-29 15:31:43,374 - ERROR - ['7938.T', '7931.T', '7896.T']: possibly delisted; no price data found  (period=5d)
2026-06-29 15:31:45,808 - ERROR - $7999.T: possibly delisted; no price data found  (period=5d)
2026-06-29 15:31:48,032 - ERROR - 
1 Failed download:
2026-06-29 15:31:48,033 - ERROR - ['7999.T']: possibly delisted; no price data found  (period=5d)
2026-06-29 15:31:49,300 - ERROR - $9338.T: possibly delisted; no price data found  (period=5d)
2026-06-29 15:31:50,846 - ERROR - $9067.T: possibly delisted; no price data found  (period=5d)
2026-06-29 15:31:58,424 - ERROR - $9625.T: possibly delisted; no price data found  (period=5d)
2026-06-29 15:31:58,424 - ERROR - 
3 Failed downloads:
2026-06-29 15:31:58,424 - ERROR - ['9338.T', '9067.T', '9625.T']: possibly delisted; no price data found  (period=5d)
2026-06-29 15:31:59,492 - ERROR - $9927.T: possibly delisted; no price data found  (period=5d)
2026-06-29 15:32:01,096 - ERROR - 
1 Failed download:
2026-06-29 15:32:01,096 - ERROR - ['9927.T']: possibly delisted; no price data found  (period=5d)
2026-06-29 15:32:01,436 - INFO - Successfully downloaded price changes for 3714 stocks.
2026-06-29 15:32:01,438 - INFO - Fetching news for sharp movers (±5%)...
2026-06-29 15:32:22,940 - INFO - Got news for 12 out of 227 sharp movers
2026-06-29 15:32:22,941 - INFO - Saving formatted Excel to /home/inhyuk/projects/dataScout/data_jp/daily_prices/jp_prices_20260629.xlsx...
2026-06-29 15:32:23,559 - INFO - Sending daily report text to Telegram chat -1003877753638...
2026-06-29 15:32:24,637 - INFO - Report text sent successfully to Telegram.
2026-06-29 15:32:24,637 - INFO - Uploading Excel document to Telegram chat -1003877753638...
2026-06-29 15:32:27,305 - INFO - Excel document sent successfully to Telegram.

--- Generated Report Summary ---
🇯🇵 *[일본 증시 마감 일일 리포트]* 🇯🇵
📅 *기준일자: 2026-06-29*

🔥 *주요 상승 섹터/산업 TOP 3*
1. *Pharmaceutical* (+2.25%)
2. *Other Financing Business* (+1.70%)
3. *Information & Communication* (+1.58%)

❄️ *주요 하락 섹터/산업 BOTTOM 3*
1. *Nonferrous Metals* (-0.88%)
2. *Electric Appliances* (-0.80%)
3. *Securities and Commodities Futures* (-0.34%)

📌 *나의 관심 섹터/산업 현황*
- *Pharmaceutical*: +2.25% (상위: Cuorips (+12.3%), GNI Grou(+9.9%))
- *Information & Communication*: +1.58% (상위: Institut(+22.9%), Global S(+15.6%))
- *Chemicals*: +0.04% (상위: LIBERTA (+24.6%), Ai ROBOT(+8.3%))
- *Transportation Equipment*: -0.12% (상위: AeroEdge(+4.3%), ARCHION (+4.0%))
- *Electric Appliances*: -0.80% (상위: TAIYO YU(+10.4%), Fenwal C(+5.8%))

🚀 *개별 종목 상승 TOP 5*
1. *2388.T* (Wedge Holdings CO.,L) | ¥43 (*+34.38%*)
2. *4935.T* (LIBERTA CO.,LTD.) | ¥258 (*+24.64%*)
3. *4265.T* (Institution for a Gl) | ¥430 (*+22.86%*)
4. *3512.T* (Nippon Felt Company ) | ¥940 (*+18.99%*)
5. *9229.T* (SUNWELS Co.,Ltd.) | ¥140 (*+18.64%*)

📉 *개별 종목 하락 TOP 5*
1. *8746.T* (unbanked inc.) | ¥106 (*-27.40%*)
2. *3133.T* (kaihan co.,Ltd.) | ¥54 (*-23.94%*)
3. *3135.T* (MarketEnterprise Co.) | ¥1,085 (*-21.66%*)
4. *3482.T* (Loadstar Capital K.K) | ¥2,474 (*-16.02%*)
5. *9256.T* (Succeed co.,ltd.) | ¥4,620 (*-14.60%*)

📂 *전체 3,714개 종목의 마감 등락폭 상세 정보가 담긴 엑셀 파일을 첨부합니다.*
KRX 로그인 실패: KRX_ID 또는 KRX_PW 환경 변수가 설정되지 않았습니다.
2026-06-30 15:30:01,799 - INFO - Loading environment variables from .env file...
2026-06-30 15:30:01,800 - INFO - ==================================================
2026-06-30 15:30:01,800 - INFO -  Starting Daily JP Market Monitor (Test: False)
2026-06-30 15:30:01,800 - INFO - ==================================================
2026-06-30 15:30:03,035 - INFO - Processing trading date: 2026-06-30
2026-06-30 15:30:03,035 - INFO - Scraping JPX listed issues Excel URL...
2026-06-30 15:30:03,174 - INFO - Downloading JPX listed issues from: https://www.jpx.co.jp/english/markets/statistics-equities/misc/tvdivq0000001vg2-att/data_e.xls
2026-06-30 15:30:03,530 - INFO - Total metadata stocks loaded: 3739
2026-06-30 15:30:03,530 - INFO - Downloading daily prices for 3739 tickers in chunks of 300...
2026-06-30 15:30:06,174 - ERROR - $1726.T: possibly delisted; no price data found  (period=5d)
2026-06-30 15:30:08,152 - ERROR - 
1 Failed download:
2026-06-30 15:30:08,153 - ERROR - ['1726.T']: possibly delisted; no price data found  (period=5d)
2026-06-30 15:30:08,839 - ERROR - $2686.T: possibly delisted; no price data found  (period=5d)
2026-06-30 15:30:09,554 - ERROR - $2540.T: possibly delisted; no price data found  (period=5d)
2026-06-30 15:30:20,451 - ERROR - 
2 Failed downloads:
2026-06-30 15:30:20,451 - ERROR - ['2686.T', '2540.T']: possibly delisted; no price data found  (period=5d)
2026-06-30 15:30:23,150 - ERROR - $3294.T: possibly delisted; no price data found  (period=5d)
2026-06-30 15:30:33,190 - ERROR - 
1 Failed download:
2026-06-30 15:30:33,190 - ERROR - ['3294.T']: possibly delisted; no price data found  (period=5d)
2026-06-30 15:30:39,937 - ERROR - $4556.T: possibly delisted; no price data found  (period=5d)
2026-06-30 15:30:42,641 - ERROR - $4659.T: possibly delisted; no price data found  (period=5d)
2026-06-30 15:30:50,585 - ERROR - $4228.T: possibly delisted; no price data found  (period=5d)
2026-06-30 15:30:52,200 - ERROR - $4552.T: possibly delisted; no price data found  (period=5d)
2026-06-30 15:30:52,206 - ERROR - 
4 Failed downloads:
2026-06-30 15:30:52,206 - ERROR - ['4556.T', '4659.T', '4228.T', '4552.T']: possibly delisted; no price data found  (period=5d)
2026-06-30 15:30:56,662 - ERROR - $4974.T: possibly delisted; no price data found  (period=5d)
2026-06-30 15:30:57,112 - ERROR - 
1 Failed download:
2026-06-30 15:30:57,112 - ERROR - ['4974.T']: possibly delisted; no price data found  (period=5d)
2026-06-30 15:30:57,749 - ERROR - $6201.T: possibly delisted; no price data found  (period=5d)
2026-06-30 15:30:59,513 - ERROR - $6173.T: possibly delisted; no price data found  (period=5d)
2026-06-30 15:31:10,474 - ERROR - $6085.T: possibly delisted; no price data found  (period=5d)
2026-06-30 15:31:10,479 - ERROR - 
3 Failed downloads:
2026-06-30 15:31:10,480 - ERROR - ['6201.T', '6173.T', '6085.T']: possibly delisted; no price data found  (period=5d)
2026-06-30 15:31:15,013 - ERROR - $6670.T: possibly delisted; no price data found  (period=5d)
2026-06-30 15:31:15,134 - ERROR - 
1 Failed download:
2026-06-30 15:31:15,134 - ERROR - ['6670.T']: possibly delisted; no price data found  (period=5d)
2026-06-30 15:31:16,454 - ERROR - $7229.T: possibly delisted; no price data found  (period=5d)
2026-06-30 15:31:25,540 - ERROR - $7212.T: possibly delisted; no price data found  (period=5d)
2026-06-30 15:31:26,453 - ERROR - $7343.T: possibly delisted; no price data found  (period=5d)
2026-06-30 15:31:26,454 - ERROR - 
3 Failed downloads:
2026-06-30 15:31:26,454 - ERROR - ['7229.T', '7212.T', '7343.T']: possibly delisted; no price data found  (period=5d)
2026-06-30 15:31:40,841 - ERROR - $8725.T: possibly delisted; no price data found  (period=5d)
2026-06-30 15:31:42,922 - ERROR - $7999.T: possibly delisted; no price data found  (period=5d)
2026-06-30 15:31:44,398 - ERROR - $8887.T: possibly delisted; no price data found  (period=5d)
2026-06-30 15:31:44,403 - ERROR - 
3 Failed downloads:
2026-06-30 15:31:44,404 - ERROR - ['8725.T', '7999.T', '8887.T']: possibly delisted; no price data found  (period=5d)
2026-06-30 15:31:45,056 - ERROR - $9338.T: possibly delisted; no price data found  (period=5d)
2026-06-30 15:31:45,881 - ERROR - $9067.T: possibly delisted; no price data found  (period=5d)
2026-06-30 15:31:48,486 - ERROR - 
2 Failed downloads:
2026-06-30 15:31:48,486 - ERROR - ['9338.T', '9067.T']: possibly delisted; no price data found  (period=5d)
2026-06-30 15:31:50,374 - ERROR - $9927.T: possibly delisted; no price data found  (period=5d)
2026-06-30 15:31:59,105 - ERROR - $9702.T: possibly delisted; no price data found  (period=5d)
2026-06-30 15:31:59,220 - ERROR - 
2 Failed downloads:
2026-06-30 15:31:59,220 - ERROR - ['9927.T', '9702.T']: possibly delisted; no price data found  (period=5d)
2026-06-30 15:31:59,562 - INFO - Successfully downloaded price changes for 3714 stocks.
2026-06-30 15:31:59,564 - INFO - Fetching news for sharp movers (±5%)...
2026-06-30 15:32:21,791 - INFO - Got news for 7 out of 104 sharp movers
2026-06-30 15:32:21,792 - INFO - Saving formatted Excel to /home/inhyuk/projects/dataScout/data_jp/daily_prices/jp_prices_20260630.xlsx...
2026-06-30 15:32:22,438 - INFO - Sending daily report text to Telegram chat -1003877753638...
2026-06-30 15:32:23,487 - INFO - Report text sent successfully to Telegram.
2026-06-30 15:32:23,487 - INFO - Uploading Excel document to Telegram chat -1003877753638...
2026-06-30 15:32:28,244 - INFO - Excel document sent successfully to Telegram.
2026-06-30 15:32:28,244 - INFO - Generating Gemini market analysis...
2026-06-30 15:32:38,840 - INFO - Gemini analysis generated (gemini-3.5-flash).
2026-06-30 15:32:38,840 - INFO - Sending Gemini market analysis to Telegram...
2026-06-30 15:32:39,904 - INFO - Gemini market analysis sent.

--- Generated Report Summary ---
🇯🇵 *[일본 증시 마감 일일 리포트]* 🇯🇵
📅 *기준일자: 2026-06-30*

🔥 *주요 상승 섹터/산업 TOP 3*
1. *Other Financing Business* (+1.67%)
2. *Insurance* (+1.23%)
3. *Electric Appliances* (+0.65%)

❄️ *주요 하락 섹터/산업 BOTTOM 3*
1. *Rubber Products* (-0.90%)
2. *Mining* (-0.75%)
3. *Fishery, Agriculture and Forestry* (-0.66%)

📌 *나의 관심 섹터/산업 현황*
- *Electric Appliances*: +0.65% (상위: Asterisk(+29.0%), JAPAN RE(+26.0%))
- *Information & Communication*: +0.49% (상위: SHARINGT(+22.1%), G-NEXT I(+20.0%))
- *Pharmaceutical*: +0.31% (상위: Medrx Co(+8.0%), Carna Bi(+7.2%))
- *Transportation Equipment*: -0.18% (상위: THE HANS(+4.8%), MEIWA IN(+3.2%))
- *Chemicals*: -0.19% (상위: Soken Ch(+9.8%), LIBERTA (+5.8%))

🚀 *개별 종목 상승 TOP 5*
1. *2388.T* (Wedge Holdings CO.,L) | ¥61 (*+41.86%*)
2. *7815.T* (TOKYO BOARD INDUSTRI) | ¥306 (*+35.40%*)
3. *6522.T* (Asterisk Inc.) | ¥1,329 (*+29.03%*)
4. *6977.T* (JAPAN RESISTOR MFG. ) | ¥1,938 (*+26.01%*)
5. *3133.T* (kaihan co.,Ltd.) | ¥66 (*+24.53%*)

📉 *개별 종목 하락 TOP 5*
1. *9941.T* (TAIYO BUSSAN KAISHA,) | ¥1,274 (*-16.18%*)
2. *460A.T* (BRANU Inc.) | ¥891 (*-10.18%*)
3. *3681.T* (V-cube,Inc.) | ¥9 (*-10.00%*)
4. *6620.T* (Miyakoshi Holdings,I) | ¥924 (*-8.51%*)
5. *6740.T* (Japan Display Inc.) | ¥55 (*-8.33%*)

📂 *전체 3,714개 종목의 마감 등락폭 상세 정보가 담긴 엑셀 파일을 첨부합니다.*
KRX 로그인 실패: KRX_ID 또는 KRX_PW 환경 변수가 설정되지 않았습니다.
2026-07-01 15:30:02,253 - INFO - Loading environment variables from .env file...
2026-07-01 15:30:02,255 - INFO - ==================================================
2026-07-01 15:30:02,255 - INFO -  Starting Daily JP Market Monitor (Test: False)
2026-07-01 15:30:02,255 - INFO - ==================================================
2026-07-01 15:30:03,126 - INFO - Processing trading date: 2026-07-01
2026-07-01 15:30:03,126 - INFO - Scraping JPX listed issues Excel URL...
2026-07-01 15:30:03,378 - INFO - Downloading JPX listed issues from: https://www.jpx.co.jp/english/markets/statistics-equities/misc/tvdivq0000001vg2-att/data_e.xls
2026-07-01 15:30:03,630 - INFO - Total metadata stocks loaded: 3739
2026-07-01 15:30:03,630 - INFO - Downloading daily prices for 3739 tickers in chunks of 300...
2026-07-01 15:30:06,442 - ERROR - $1726.T: possibly delisted; no price data found  (period=5d)
2026-07-01 15:30:16,427 - ERROR - 
1 Failed download:
2026-07-01 15:30:16,427 - ERROR - ['1726.T']: possibly delisted; no price data found  (period=5d)
2026-07-01 15:30:17,638 - ERROR - $2686.T: possibly delisted; no price data found  (period=5d)
2026-07-01 15:30:18,804 - ERROR - $2540.T: possibly delisted; no price data found  (period=5d)
2026-07-01 15:30:21,819 - ERROR - 
2 Failed downloads:
2026-07-01 15:30:21,819 - ERROR - ['2686.T', '2540.T']: possibly delisted; no price data found  (period=5d)
2026-07-01 15:30:24,294 - ERROR - $3294.T: possibly delisted; no price data found  (period=5d)
2026-07-01 15:30:32,778 - ERROR - $3482.T: possibly delisted; no price data found  (period=5d)
2026-07-01 15:30:34,298 - ERROR - $3361.T: possibly delisted; no price data found  (period=5d)
2026-07-01 15:30:36,196 - ERROR - $3416.T: possibly delisted; no price data found  (period=5d)
2026-07-01 15:30:36,198 - ERROR - 
4 Failed downloads:
2026-07-01 15:30:36,198 - ERROR - ['3294.T', '3482.T', '3361.T', '3416.T']: possibly delisted; no price data found  (period=5d)
2026-07-01 15:30:42,579 - ERROR - $4659.T: possibly delisted; no price data found  (period=5d)
2026-07-01 15:30:43,814 - ERROR - $4556.T: possibly delisted; no price data found  (period=5d)
2026-07-01 15:30:54,715 - ERROR - $460A.T: possibly delisted; no price data found  (period=5d)
2026-07-01 15:30:54,718 - ERROR - 
3 Failed downloads:
2026-07-01 15:30:54,718 - ERROR - ['4659.T', '4556.T', '460A.T']: possibly delisted; no price data found  (period=5d)
2026-07-01 15:30:57,976 - ERROR - $4974.T: possibly delisted; no price data found  (period=5d)
2026-07-01 15:31:07,624 - ERROR - 
1 Failed download:
2026-07-01 15:31:07,624 - ERROR - ['4974.T']: possibly delisted; no price data found  (period=5d)
2026-07-01 15:31:08,762 - ERROR - $6201.T: possibly delisted; no price data found  (period=5d)
2026-07-01 15:31:09,206 - ERROR - $6173.T: possibly delisted; no price data found  (period=5d)
2026-07-01 15:31:12,390 - ERROR - 
2 Failed downloads:
2026-07-01 15:31:12,391 - ERROR - ['6201.T', '6173.T']: possibly delisted; no price data found  (period=5d)
2026-07-01 15:31:13,098 - ERROR - $6670.T: possibly delisted; no price data found  (period=5d)
2026-07-01 15:31:15,927 - ERROR - $6403.T: possibly delisted; no price data found  (period=5d)
2026-07-01 15:31:26,023 - ERROR - 
2 Failed downloads:
2026-07-01 15:31:26,023 - ERROR - ['6670.T', '6403.T']: possibly delisted; no price data found  (period=5d)
2026-07-01 15:31:29,520 - ERROR - $7229.T: possibly delisted; no price data found  (period=5d)
2026-07-01 15:31:30,745 - ERROR - 
1 Failed download:
2026-07-01 15:31:30,746 - ERROR - ['7229.T']: possibly delisted; no price data found  (period=5d)
2026-07-01 15:31:41,126 - ERROR - $7537.T: possibly delisted; no price data found  (period=5d)
2026-07-01 15:31:41,131 - ERROR - 
1 Failed download:
2026-07-01 15:31:41,132 - ERROR - ['7537.T']: possibly delisted; no price data found  (period=5d)
2026-07-01 15:31:45,739 - ERROR - $7999.T: possibly delisted; no price data found  (period=5d)
2026-07-01 15:31:53,882 - ERROR - 
1 Failed download:
2026-07-01 15:31:53,883 - ERROR - ['7999.T']: possibly delisted; no price data found  (period=5d)
2026-07-01 15:31:56,376 - ERROR - $9338.T: possibly delisted; no price data found  (period=5d)
2026-07-01 15:31:58,036 - ERROR - $9067.T: possibly delisted; no price data found  (period=5d)
2026-07-01 15:32:07,886 - ERROR - $9020.T: possibly delisted; no price data found  (period=5d)
2026-07-01 15:32:07,891 - ERROR - 
3 Failed downloads:
2026-07-01 15:32:07,891 - ERROR - ['9338.T', '9067.T', '9020.T']: possibly delisted; no price data found  (period=5d)
2026-07-01 15:32:09,806 - ERROR - $9927.T: possibly delisted; no price data found  (period=5d)
2026-07-01 15:32:10,233 - ERROR - 
1 Failed download:
2026-07-01 15:32:10,233 - ERROR - ['9927.T']: possibly delisted; no price data found  (period=5d)
2026-07-01 15:32:10,565 - INFO - Successfully downloaded price changes for 3715 stocks.
2026-07-01 15:32:10,567 - INFO - Fetching news for sharp movers (±5%)...
2026-07-01 15:32:32,544 - INFO - Got news for 14 out of 168 sharp movers
2026-07-01 15:32:32,545 - INFO - Saving formatted Excel to /home/inhyuk/projects/dataScout/data_jp/daily_prices/jp_prices_20260701.xlsx...
2026-07-01 15:32:33,166 - INFO - Sending daily report text to Telegram chat -1003877753638...
2026-07-01 15:32:34,301 - INFO - Report text sent successfully to Telegram.
2026-07-01 15:32:34,301 - INFO - Uploading Excel document to Telegram chat -1003877753638...
2026-07-01 15:32:36,334 - INFO - Excel document sent successfully to Telegram.
2026-07-01 15:32:36,334 - INFO - Generating Gemini market analysis...
2026-07-01 15:32:46,314 - INFO - Gemini analysis generated (gemini-3.5-flash).
2026-07-01 15:32:46,314 - INFO - Sending Gemini market analysis to Telegram...
2026-07-01 15:32:51,452 - INFO - Gemini market analysis sent.

--- Generated Report Summary ---
🇯🇵 *[일본 증시 마감 일일 리포트]* 🇯🇵
📅 *기준일자: 2026-07-01*

🔥 *주요 상승 섹터/산업 TOP 3*
1. *Electric Appliances* (+1.29%)
2. *Machinery* (+1.04%)
3. *Banks* (+0.82%)

❄️ *주요 하락 섹터/산업 BOTTOM 3*
1. *Fishery, Agriculture and Forestry* (-2.16%)
2. *Nonferrous Metals* (-1.15%)
3. *Land Transportation* (-0.96%)

📌 *나의 관심 섹터/산업 현황*
- *Electric Appliances*: +1.29% (상위: Asterisk(+20.3%), NICHICON(+15.5%))
- *Chemicals*: +0.29% (상위: Miraial (+8.3%), JAPAN PU(+7.2%))
- *Transportation Equipment*: +0.21% (상위: DAIDO ME(+5.3%), THE HANS(+4.8%))
- *Information & Communication*: +0.19% (상위: ReYuu Ja(+29.7%), Amazia,i(+18.0%))
- *Pharmaceutical*: -0.81% (상위: OncoTher(+5.6%), CellSour(+3.2%))

🚀 *개별 종목 상승 TOP 5*
1. *4833.T* (Def consulting,inc.) | ¥53 (*+43.24%*)
2. *9425.T* (ReYuu Japan Inc.) | ¥214 (*+29.70%*)
3. *7063.T* (Birdman Inc.) | ¥80 (*+25.00%*)
4. *7815.T* (TOKYO BOARD INDUSTRI) | ¥475 (*+23.06%*)
5. *6522.T* (Asterisk Inc.) | ¥1,600 (*+20.30%*)

📉 *개별 종목 하락 TOP 5*
1. *2388.T* (Wedge Holdings CO.,L) | ¥48 (*-26.15%*)
2. *1382.T* (HOB Co.,Ltd.) | ¥1,139 (*-17.52%*)
3. *3089.T* (Techno Alpha Co.,Ltd) | ¥1,025 (*-17.21%*)
4. *7352.T* (TWOSTONE&Sons Inc.) | ¥377 (*-16.22%*)
5. *6620.T* (Miyakoshi Holdings,I) | ¥801 (*-15.60%*)

📂 *전체 3,715개 종목의 마감 등락폭 상세 정보가 담긴 엑셀 파일을 첨부합니다.*
KRX 로그인 실패: KRX_ID 또는 KRX_PW 환경 변수가 설정되지 않았습니다.
2026-07-02 15:30:02,099 - INFO - Loading environment variables from .env file...
2026-07-02 15:30:02,101 - INFO - ==================================================
2026-07-02 15:30:02,101 - INFO -  Starting Daily JP Market Monitor (Test: False)
2026-07-02 15:30:02,101 - INFO - ==================================================
2026-07-02 15:30:03,190 - INFO - Processing trading date: 2026-07-02
2026-07-02 15:30:03,190 - INFO - Scraping JPX listed issues Excel URL...
2026-07-02 15:30:03,355 - INFO - Downloading JPX listed issues from: https://www.jpx.co.jp/english/markets/statistics-equities/misc/tvdivq0000001vg2-att/data_e.xls
2026-07-02 15:30:03,580 - INFO - Total metadata stocks loaded: 3739
2026-07-02 15:30:03,580 - INFO - Downloading daily prices for 3739 tickers in chunks of 300...
2026-07-02 15:30:06,401 - ERROR - $1726.T: possibly delisted; no price data found  (period=5d)
2026-07-02 15:30:15,585 - ERROR - 
1 Failed download:
2026-07-02 15:30:15,586 - ERROR - ['1726.T']: possibly delisted; no price data found  (period=5d)
2026-07-02 15:30:18,314 - ERROR - $2540.T: possibly delisted; no price data found  (period=5d)
2026-07-02 15:30:23,288 - ERROR - 
1 Failed download:
2026-07-02 15:30:23,289 - ERROR - ['2540.T']: possibly delisted; no price data found  (period=5d)
2026-07-02 15:30:26,798 - ERROR - $3294.T: possibly delisted; no price data found  (period=5d)
2026-07-02 15:30:30,191 - ERROR - 
1 Failed download:
2026-07-02 15:30:30,191 - ERROR - ['3294.T']: possibly delisted; no price data found  (period=5d)
2026-07-02 15:30:39,624 - ERROR - $4659.T: possibly delisted; no price data found  (period=5d)
2026-07-02 15:30:40,688 - ERROR - $4556.T: possibly delisted; no price data found  (period=5d)
2026-07-02 15:30:41,133 - ERROR - 
2 Failed downloads:
2026-07-02 15:30:41,133 - ERROR - ['4659.T', '4556.T']: possibly delisted; no price data found  (period=5d)
2026-07-02 15:30:42,487 - ERROR - $4974.T: possibly delisted; no price data found  (period=5d)
2026-07-02 15:30:53,546 - ERROR - $4772.T: possibly delisted; no price data found  (period=5d)
2026-07-02 15:30:53,686 - ERROR - 
2 Failed downloads:
2026-07-02 15:30:53,687 - ERROR - ['4974.T', '4772.T']: possibly delisted; no price data found  (period=5d)
2026-07-02 15:30:56,385 - ERROR - $6173.T: possibly delisted; no price data found  (period=5d)
2026-07-02 15:30:57,482 - ERROR - $6201.T: possibly delisted; no price data found  (period=5d)
2026-07-02 15:31:06,438 - ERROR - 
2 Failed downloads:
2026-07-02 15:31:06,438 - ERROR - ['6173.T', '6201.T']: possibly delisted; no price data found  (period=5d)
2026-07-02 15:31:09,037 - ERROR - $6670.T: possibly delisted; no price data found  (period=5d)
2026-07-02 15:31:10,510 - ERROR - $6403.T: possibly delisted; no price data found  (period=5d)
2026-07-02 15:31:19,159 - ERROR - 
2 Failed downloads:
2026-07-02 15:31:19,159 - ERROR - ['6670.T', '6403.T']: possibly delisted; no price data found  (period=5d)
2026-07-02 15:31:22,317 - ERROR - $7229.T: possibly delisted; no price data found  (period=5d)
2026-07-02 15:31:23,162 - ERROR - 
1 Failed download:
2026-07-02 15:31:23,163 - ERROR - ['7229.T']: possibly delisted; no price data found  (period=5d)
2026-07-02 15:31:26,167 - ERROR - $7922.T: possibly delisted; no price data found  (period=5d)
2026-07-02 15:31:27,301 - ERROR - 
1 Failed download:
2026-07-02 15:31:27,301 - ERROR - ['7922.T']: possibly delisted; no price data found  (period=5d)
2026-07-02 15:31:28,699 - ERROR - $7999.T: possibly delisted; no price data found  (period=5d)
2026-07-02 15:31:39,435 - ERROR - 
1 Failed download:
2026-07-02 15:31:39,436 - ERROR - ['7999.T']: possibly delisted; no price data found  (period=5d)
2026-07-02 15:31:40,385 - ERROR - $9338.T: possibly delisted; no price data found  (period=5d)
2026-07-02 15:31:40,688 - ERROR - $9067.T: possibly delisted; no price data found  (period=5d)
2026-07-02 15:31:50,091 - ERROR - $9355.T: possibly delisted; no price data found  (period=5d)
2026-07-02 15:31:50,093 - ERROR - 
3 Failed downloads:
2026-07-02 15:31:50,093 - ERROR - ['9338.T', '9067.T', '9355.T']: possibly delisted; no price data found  (period=5d)
2026-07-02 15:31:51,375 - ERROR - $9927.T: possibly delisted; no price data found  (period=5d)
2026-07-02 15:31:53,560 - ERROR - 
1 Failed download:
2026-07-02 15:31:53,560 - ERROR - ['9927.T']: possibly delisted; no price data found  (period=5d)
2026-07-02 15:31:53,895 - INFO - Successfully downloaded price changes for 3717 stocks.
2026-07-02 15:31:53,897 - INFO - Fetching news for sharp movers (±5%)...
2026-07-02 15:32:14,888 - INFO - Got news for 18 out of 244 sharp movers
2026-07-02 15:32:14,889 - INFO - Saving formatted Excel to /home/inhyuk/projects/dataScout/data_jp/daily_prices/jp_prices_20260702.xlsx...
2026-07-02 15:32:15,419 - INFO - Sending daily report text to Telegram chat -1003877753638...
2026-07-02 15:32:16,483 - INFO - Report text sent successfully to Telegram.
2026-07-02 15:32:16,483 - INFO - Uploading Excel document to Telegram chat -1003877753638...
2026-07-02 15:32:19,326 - INFO - Excel document sent successfully to Telegram.
2026-07-02 15:32:19,327 - INFO - Generating Gemini market analysis...
2026-07-02 15:32:27,787 - INFO - Gemini analysis generated (gemini-3.5-flash).
2026-07-02 15:32:27,787 - INFO - Sending Gemini market analysis to Telegram...
2026-07-02 15:32:28,818 - INFO - Gemini market analysis sent.

--- Generated Report Summary ---
🇯🇵 *[일본 증시 마감 일일 리포트]* 🇯🇵
📅 *기준일자: 2026-07-02*

🔥 *주요 상승 섹터/산업 TOP 3*
1. *Insurance* (+2.36%)
2. *Air Transportation* (+2.18%)
3. *Banks* (+2.09%)

❄️ *주요 하락 섹터/산업 BOTTOM 3*
1. *Electric Appliances* (-1.06%)
2. *Nonferrous Metals* (-0.72%)
3. *Metal Products* (-0.32%)

📌 *나의 관심 섹터/산업 현황*
- *Information & Communication*: +1.87% (상위: PORTERS (+16.3%), AnyMind (+15.9%))
- *Pharmaceutical*: +1.30% (상위: Innovace(+14.3%), Otsuka H(+8.8%))
- *Transportation Equipment*: +1.29% (상위: Naikai Z(+7.9%), MITSUBIS(+4.5%))
- *Chemicals*: +0.18% (상위: LIBERTA (+30.0%), IVY COSM(+16.6%))
- *Electric Appliances*: -1.06% (상위: Asterisk(+25.6%), JN Group(+11.3%))

🚀 *개별 종목 상승 TOP 5*
1. *7063.T* (Birdman Inc.) | ¥106 (*+39.47%*)
2. *4935.T* (LIBERTA CO.,LTD.) | ¥325 (*+30.00%*)
3. *9941.T* (TAIYO BUSSAN KAISHA,) | ¥1,431 (*+26.53%*)
4. *6522.T* (Asterisk Inc.) | ¥1,960 (*+25.64%*)
5. *2438.T* (Asukanet Company,Lim) | ¥372 (*+19.61%*)

📉 *개별 종목 하락 TOP 5*
1. *4833.T* (Def consulting,inc.) | ¥46 (*-19.30%*)
2. *7815.T* (TOKYO BOARD INDUSTRI) | ¥411 (*-16.29%*)
3. *2962.T* (TECNISCO,LTD.) | ¥1,565 (*-15.77%*)
4. *3449.T* (TECHNOFLEX CORPORATI) | ¥8,280 (*-14.99%*)
5. *285A.T* (Kioxia Holdings Corp) | ¥75,120 (*-14.76%*)

📂 *전체 3,717개 종목의 마감 등락폭 상세 정보가 담긴 엑셀 파일을 첨부합니다.*
KRX 로그인 실패: KRX_ID 또는 KRX_PW 환경 변수가 설정되지 않았습니다.
2026-07-03 15:30:02,423 - INFO - Loading environment variables from .env file...
2026-07-03 15:30:02,425 - INFO - ==================================================
2026-07-03 15:30:02,425 - INFO -  Starting Daily JP Market Monitor (Test: False)
2026-07-03 15:30:02,425 - INFO - ==================================================
2026-07-03 15:30:03,373 - INFO - Processing trading date: 2026-07-03
2026-07-03 15:30:03,373 - INFO - Scraping JPX listed issues Excel URL...
2026-07-03 15:30:03,543 - INFO - Downloading JPX listed issues from: https://www.jpx.co.jp/english/markets/statistics-equities/misc/tvdivq0000001vg2-att/data_e.xls
2026-07-03 15:30:03,772 - INFO - Total metadata stocks loaded: 3721
2026-07-03 15:30:03,772 - INFO - Downloading daily prices for 3721 tickers in chunks of 300...
2026-07-03 15:32:29,084 - ERROR - $4028.T: possibly delisted; no price data found  (period=5d)
2026-07-03 15:32:29,087 - ERROR - 
1 Failed download:
2026-07-03 15:32:29,087 - ERROR - ['4028.T']: possibly delisted; no price data found  (period=5d)
2026-07-03 15:40:04,737 - INFO - Successfully downloaded price changes for 3716 stocks.
2026-07-03 15:40:04,739 - INFO - Fetching news for sharp movers (±5%)...
2026-07-03 15:40:26,409 - INFO - Got news for 16 out of 133 sharp movers
2026-07-03 15:40:26,411 - INFO - Saving formatted Excel to /home/inhyuk/projects/dataScout/data_jp/daily_prices/jp_prices_20260703.xlsx...
2026-07-03 15:40:26,921 - INFO - Sending daily report text to Telegram chat -1003877753638...
2026-07-03 15:40:28,331 - INFO - Report text sent successfully to Telegram.
2026-07-03 15:40:28,331 - INFO - Uploading Excel document to Telegram chat -1003877753638...
2026-07-03 15:40:33,562 - INFO - Excel document sent successfully to Telegram.
2026-07-03 15:40:33,562 - INFO - Generating Gemini market analysis...
2026-07-03 15:40:43,325 - INFO - Gemini analysis generated (gemini-3.5-flash).
2026-07-03 15:40:43,326 - INFO - Sending Gemini market analysis to Telegram...
2026-07-03 15:40:49,102 - INFO - Gemini market analysis sent.

--- Generated Report Summary ---
🇯🇵 *[일본 증시 마감 일일 리포트]* 🇯🇵
📅 *기준일자: 2026-07-03*

🔥 *주요 상승 섹터/산업 TOP 3*
1. *Machinery* (+1.57%)
2. *Electric Appliances* (+1.53%)
3. *Marine Transportation* (+1.50%)

❄️ *주요 하락 섹터/산업 BOTTOM 3*
1. *Pulp and Paper* (0.23%)
2. *Fishery, Agriculture and Forestry* (0.36%)
3. *Oil and Coal Products* (0.37%)

📌 *나의 관심 섹터/산업 현황*
- *Electric Appliances*: +1.53% (상위: JN Group(+20.9%), KOKUSAI (+14.4%))
- *Pharmaceutical*: +1.47% (상위: CanBas C(+16.9%), Innovace(+11.8%))
- *Chemicals*: +1.22% (상위: Carlit C(+14.2%), LIBERTA (+8.8%))
- *Transportation Equipment*: +1.22% (상위: AISAN IN(+8.2%), Axelspac(+6.8%))
- *Information & Communication*: +1.08% (상위: EYEZ,INC(+18.4%), TOSHIN H(+16.4%))

🚀 *개별 종목 상승 TOP 5*
1. *3133.T* (kaihan co.,Ltd.) | ¥100 (*+38.89%*)
2. *6634.T* (JN Group Inc.) | ¥81 (*+20.90%*)
3. *6166.T* (NAKAMURA CHOUKOU CO.) | ¥949 (*+18.77%*)
4. *2492.T* (Infomart Corporation) | ¥475 (*+18.75%*)
5. *5242.T* (EYEZ,INC.) | ¥967 (*+18.36%*)

📉 *개별 종목 하락 TOP 5*
1. *589A.T* (NEIS Co.,Ltd.) | ¥1,354 (*-19.21%*)
2. *7063.T* (Birdman Inc.) | ¥86 (*-18.87%*)
3. *7815.T* (TOKYO BOARD INDUSTRI) | ¥358 (*-12.90%*)
4. *6085.T* (ARCHITECTS STUDIO JA) | ¥214 (*-10.46%*)
5. *3681.T* (V-cube,Inc.) | ¥9 (*-10.00%*)

📂 *전체 3,716개 종목의 마감 등락폭 상세 정보가 담긴 엑셀 파일을 첨부합니다.*
KRX 로그인 실패: KRX_ID 또는 KRX_PW 환경 변수가 설정되지 않았습니다.
2026-07-06 15:30:02,291 - INFO - Loading environment variables from .env file...
2026-07-06 15:30:02,293 - INFO - ==================================================
2026-07-06 15:30:02,293 - INFO -  Starting Daily JP Market Monitor (Test: False)
2026-07-06 15:30:02,293 - INFO - ==================================================
2026-07-06 15:30:03,342 - INFO - Processing trading date: 2026-07-06
2026-07-06 15:30:03,342 - INFO - Scraping JPX listed issues Excel URL...
2026-07-06 15:30:03,600 - INFO - Downloading JPX listed issues from: https://www.jpx.co.jp/english/markets/statistics-equities/misc/tvdivq0000001vg2-att/data_e.xls
2026-07-06 15:30:03,848 - INFO - Total metadata stocks loaded: 3721
2026-07-06 15:30:03,848 - INFO - Downloading daily prices for 3721 tickers in chunks of 300...
2026-07-06 15:30:16,332 - ERROR - $2220.T: possibly delisted; no price data found  (period=5d)
2026-07-06 15:30:16,337 - ERROR - 
1 Failed download:
2026-07-06 15:30:16,337 - ERROR - ['2220.T']: possibly delisted; no price data found  (period=5d)
2026-07-06 15:33:09,823 - ERROR - $3921.T: possibly delisted; no price data found  (period=5d)
2026-07-06 15:33:09,933 - ERROR - $4017.T: possibly delisted; no price data found  (period=5d)
2026-07-06 15:33:09,935 - ERROR - 
2 Failed downloads:
2026-07-06 15:33:09,935 - ERROR - ['3921.T', '4017.T']: possibly delisted; no price data found  (period=5d)
2026-07-06 15:39:11,738 - ERROR - $8275.T: possibly delisted; no price data found  (period=5d)
2026-07-06 15:39:11,739 - ERROR - 
1 Failed download:
2026-07-06 15:39:11,739 - ERROR - ['8275.T']: possibly delisted; no price data found  (period=5d)
2026-07-06 15:40:53,688 - INFO - Successfully downloaded price changes for 3713 stocks.
2026-07-06 15:40:53,692 - INFO - Fetching news for sharp movers (±5%)...
2026-07-06 15:41:16,901 - INFO - Got news for 19 out of 166 sharp movers
2026-07-06 15:41:16,902 - INFO - Saving formatted Excel to /home/inhyuk/projects/dataScout/data_jp/daily_prices/jp_prices_20260706.xlsx...
2026-07-06 15:41:17,452 - INFO - Sending daily report text to Telegram chat -1003877753638...
2026-07-06 15:41:18,527 - INFO - Report text sent successfully to Telegram.
2026-07-06 15:41:18,528 - INFO - Uploading Excel document to Telegram chat -1003877753638...
2026-07-06 15:41:21,352 - INFO - Excel document sent successfully to Telegram.
2026-07-06 15:41:21,352 - INFO - Generating Gemini market analysis...
2026-07-06 15:41:26,596 - INFO - DeepSeek response generated.
2026-07-06 15:41:26,597 - INFO - Sending Gemini market analysis to Telegram...
2026-07-06 15:41:27,581 - INFO - Gemini market analysis sent.

--- Generated Report Summary ---
🇯🇵 *[일본 증시 마감 일일 리포트]* 🇯🇵
📅 *기준일자: 2026-07-06*

🔥 *주요 상승 섹터/산업 TOP 3*
1. *Mining* (+3.10%)
2. *Pharmaceutical* (+2.37%)
3. *Insurance* (+1.77%)

❄️ *주요 하락 섹터/산업 BOTTOM 3*
1. *Electric Appliances* (-0.70%)
2. *Metal Products* (-0.20%)
3. *Pulp and Paper* (-0.16%)

📌 *나의 관심 섹터/산업 현황*
- *Pharmaceutical*: +2.37% (상위: Kubota P(+52.6%), Innovace(+17.3%))
- *Transportation Equipment*: +1.54% (상위: Namura S(+14.6%), Japan En(+11.0%))
- *Information & Communication*: +1.10% (상위: Amazia,i(+29.4%), KLab Inc(+24.1%))
- *Chemicals*: -0.09% (상위: Chugoku (+9.5%), Kitanota(+5.8%))
- *Electric Appliances*: -0.70% (상위: SUNCORPO(+14.6%), FURUNO E(+7.6%))

🚀 *개별 종목 상승 TOP 5*
1. *4596.T* (Kubota Pharmaceutica) | ¥87 (*+52.63%*)
2. *264A.T* (Schoo,inc.) | ¥343 (*+29.43%*)
3. *4424.T* (Amazia,inc.) | ¥352 (*+29.41%*)
4. *3133.T* (kaihan co.,Ltd.) | ¥132 (*+29.41%*)
5. *3656.T* (KLab Inc.) | ¥242 (*+24.10%*)

📉 *개별 종목 하락 TOP 5*
1. *6327.T* (KITAGAWA SEIKI CO.,L) | ¥6,780 (*-17.42%*)
2. *9941.T* (TAIYO BUSSAN KAISHA,) | ¥1,393 (*-14.54%*)
3. *9913.T* (NIPPO LTD.) | ¥3,060 (*-14.29%*)
4. *9256.T* (Succeed co.,ltd.) | ¥4,240 (*-14.17%*)
5. *3449.T* (TECHNOFLEX CORPORATI) | ¥6,940 (*-13.90%*)

📂 *전체 3,713개 종목의 마감 등락폭 상세 정보가 담긴 엑셀 파일을 첨부합니다.*
KRX 로그인 실패: KRX_ID 또는 KRX_PW 환경 변수가 설정되지 않았습니다.
2026-07-07 15:30:02,499 - INFO - Loading environment variables from .env file...
2026-07-07 15:30:02,508 - INFO - ==================================================
2026-07-07 15:30:02,508 - INFO -  Starting Daily JP Market Monitor (Test: False)
2026-07-07 15:30:02,508 - INFO - ==================================================
2026-07-07 15:30:03,205 - INFO - Processing trading date: 2026-07-07
2026-07-07 15:30:03,205 - INFO - Scraping JPX listed issues Excel URL...
2026-07-07 15:30:03,392 - INFO - Downloading JPX listed issues from: https://www.jpx.co.jp/english/markets/statistics-equities/misc/tvdivq0000001vg2-att/data_e.xls
2026-07-07 15:30:03,631 - INFO - Total metadata stocks loaded: 3721
2026-07-07 15:30:03,631 - INFO - Downloading daily prices for 3721 tickers in chunks of 300...
2026-07-07 15:30:16,969 - ERROR - $1788.T: possibly delisted; no price data found  (period=5d)
2026-07-07 15:30:16,976 - ERROR - 
1 Failed download:
2026-07-07 15:30:16,976 - ERROR - ['1788.T']: possibly delisted; no price data found  (period=5d)
2026-07-07 15:42:25,970 - INFO - Successfully downloaded price changes for 3716 stocks.
2026-07-07 15:42:25,972 - INFO - Fetching news for sharp movers (±5%)...
2026-07-07 15:42:48,440 - INFO - Got news for 17 out of 204 sharp movers
2026-07-07 15:42:48,441 - INFO - Saving formatted Excel to /home/inhyuk/projects/dataScout/data_jp/daily_prices/jp_prices_20260707.xlsx...
2026-07-07 15:42:48,981 - INFO - Sending daily report text to Telegram chat -1003877753638...
2026-07-07 15:42:50,090 - INFO - Report text sent successfully to Telegram.
2026-07-07 15:42:50,090 - INFO - Uploading Excel document to Telegram chat -1003877753638...
2026-07-07 15:42:52,648 - INFO - Excel document sent successfully to Telegram.
2026-07-07 15:42:52,649 - INFO - Generating AI market analysis...
2026-07-07 15:42:59,756 - INFO - DeepSeek response generated.
2026-07-07 15:42:59,756 - INFO - Sending AI market analysis to Telegram...
2026-07-07 15:43:00,814 - INFO - AI market analysis sent.

--- Generated Report Summary ---
🇯🇵 *[일본 증시 마감 일일 리포트]* 🇯🇵
📅 *기준일자: 2026-07-07*

🔥 *주요 상승 섹터/산업 TOP 3*
1. *Foods* (+0.59%)
2. *Banks* (+0.58%)
3. *Fishery, Agriculture and Forestry* (+0.49%)

❄️ *주요 하락 섹터/산업 BOTTOM 3*
1. *Nonferrous Metals* (-2.84%)
2. *Mining* (-2.49%)
3. *Electric Appliances* (-2.24%)

📌 *나의 관심 섹터/산업 현황*
- *Information & Communication*: +0.00% (상위: SOFTTEX (+23.4%), LiNKX,In(+23.1%))
- *Transportation Equipment*: -0.85% (상위: NIPPON S(+3.2%), ARCHION (+3.0%))
- *Pharmaceutical*: -1.15% (상위: RIBOMIC (+44.1%), AnGes,In(+6.1%))
- *Chemicals*: -1.19% (상위: SANWAYUK(+5.5%), KAWAKAMI(+3.9%))
- *Electric Appliances*: -2.24% (상위: SUNCORPO(+5.3%), TOSHIBA (+5.0%))

🚀 *개별 종목 상승 TOP 5*
1. *4591.T* (RIBOMIC Inc.) | ¥98 (*+44.12%*)
2. *550A.T* (SOFTTEX Co.,Ltd.) | ¥2,638 (*+23.39%*)
3. *584A.T* (LiNKX,Inc.) | ¥3,725 (*+23.14%*)
4. *3625.T* (Techfirm Holdings In) | ¥643 (*+18.42%*)
5. *7360.T* (ONDECK Co.,Ltd.) | ¥705 (*+15.01%*)

📉 *개별 종목 하락 TOP 5*
1. *4596.T* (Kubota Pharmaceutica) | ¥80 (*-31.62%*)
2. *4424.T* (Amazia,inc.) | ¥272 (*-22.73%*)
3. *3133.T* (kaihan co.,Ltd.) | ¥114 (*-18.57%*)
4. *504A.T* (Innovacell Inc.) | ¥543 (*-15.55%*)
5. *6997.T* (NIPPON CHEMI-CON COR) | ¥4,260 (*-15.14%*)

📂 *전체 3,716개 종목의 마감 등락폭 상세 정보가 담긴 엑셀 파일을 첨부합니다.*
KRX 로그인 실패: KRX_ID 또는 KRX_PW 환경 변수가 설정되지 않았습니다.
2026-07-08 15:30:01,773 - INFO - Loading environment variables from .env file...
2026-07-08 15:30:01,774 - INFO - ==================================================
2026-07-08 15:30:01,774 - INFO -  Starting Daily JP Market Monitor (Test: False)
2026-07-08 15:30:01,774 - INFO - ==================================================
2026-07-08 15:30:02,825 - INFO - Processing trading date: 2026-07-08
2026-07-08 15:30:02,825 - INFO - Scraping JPX listed issues Excel URL...
2026-07-08 15:30:03,088 - INFO - Downloading JPX listed issues from: https://www.jpx.co.jp/english/markets/statistics-equities/misc/tvdivq0000001vg2-att/data_e.xls
2026-07-08 15:30:03,295 - INFO - Total metadata stocks loaded: 3721
2026-07-08 15:30:03,295 - INFO - Downloading daily prices for 3721 tickers in chunks of 300...
2026-07-08 15:30:59,387 - ERROR - $2459.T: possibly delisted; no price data found  (period=5d)
2026-07-08 15:30:59,397 - ERROR - 
1 Failed download:
2026-07-08 15:30:59,397 - ERROR - ['2459.T']: possibly delisted; no price data found  (period=5d)
2026-07-08 15:31:37,233 - ERROR - $3681.T: possibly delisted; no price data found  (period=5d)
2026-07-08 15:31:40,304 - ERROR - 
1 Failed download:
2026-07-08 15:31:40,304 - ERROR - ['3681.T']: possibly delisted; no price data found  (period=5d)
2026-07-08 15:33:16,287 - ERROR - $4265.T: possibly delisted; no price data found  (period=5d)
2026-07-08 15:33:16,290 - ERROR - 
1 Failed download:
2026-07-08 15:33:16,290 - ERROR - ['4265.T']: possibly delisted; no price data found  (period=5d)
2026-07-08 15:37:09,290 - ERROR - $7966.T: possibly delisted; no price data found  (period=5d)
2026-07-08 15:37:09,290 - ERROR - 
1 Failed download:
2026-07-08 15:37:09,291 - ERROR - ['7966.T']: possibly delisted; no price data found  (period=5d)
2026-07-08 15:38:04,611 - ERROR - $8012.T: possibly delisted; no price data found  (period=5d)
2026-07-08 15:38:04,613 - ERROR - 
1 Failed download:
2026-07-08 15:38:04,613 - ERROR - ['8012.T']: possibly delisted; no price data found  (period=5d)
2026-07-08 15:38:58,973 - ERROR - $9052.T: possibly delisted; no price data found  (period=5d)
2026-07-08 15:38:58,978 - ERROR - 
1 Failed download:
2026-07-08 15:38:58,979 - ERROR - ['9052.T']: possibly delisted; no price data found  (period=5d)
2026-07-08 15:39:58,620 - INFO - Successfully downloaded price changes for 3712 stocks.
2026-07-08 15:39:58,623 - INFO - Fetching news for sharp movers (±5%)...
2026-07-08 15:40:20,476 - INFO - Got news for 15 out of 140 sharp movers
2026-07-08 15:40:20,477 - INFO - Saving formatted Excel to /home/inhyuk/projects/dataScout/data_jp/daily_prices/jp_prices_20260708.xlsx...
2026-07-08 15:40:21,026 - INFO - Sending daily report text to Telegram chat -1003877753638...
2026-07-08 15:40:22,063 - INFO - Report text sent successfully to Telegram.
2026-07-08 15:40:22,063 - INFO - Uploading Excel document to Telegram chat -1003877753638...
2026-07-08 15:40:29,449 - INFO - Excel document sent successfully to Telegram.
2026-07-08 15:40:29,449 - INFO - Generating AI market analysis...
2026-07-08 15:40:35,316 - INFO - DeepSeek response generated.
2026-07-08 15:40:35,317 - INFO - Sending AI market analysis to Telegram...
2026-07-08 15:40:36,379 - INFO - AI market analysis sent.

--- Generated Report Summary ---
🇯🇵 *[일본 증시 마감 일일 리포트]* 🇯🇵
📅 *기준일자: 2026-07-08*

🔥 *주요 상승 섹터/산업 TOP 3*
1. *Banks* (+1.44%)
2. *Marine Transportation* (+1.32%)
3. *Foods* (+0.61%)

❄️ *주요 하락 섹터/산업 BOTTOM 3*
1. *Nonferrous Metals* (-2.15%)
2. *Precision Instruments* (-1.93%)
3. *Electric Appliances* (-1.86%)

📌 *나의 관심 섹터/산업 현황*
- *Information & Communication*: -0.36% (상위: ASULINA (+13.1%), ReYuu Ja(+11.3%))
- *Chemicals*: -0.56% (상위: LIBERTA (+13.6%), ARAKAWA (+10.0%))
- *Transportation Equipment*: -1.74% (상위: TEIN,INC(+1.2%), KANEMITS(+0.7%))
- *Pharmaceutical*: -1.81% (상위: FunPep C(+12.5%), NIPPON C(+7.7%))
- *Electric Appliances*: -1.86% (상위: Asterisk(+14.6%), TRaaS On(+12.5%))

🚀 *개별 종목 상승 TOP 5*
1. *7815.T* (TOKYO BOARD INDUSTRI) | ¥446 (*+21.86%*)
2. *1447.T* (SAAF Holdings Co.,Lt) | ¥439 (*+20.27%*)
3. *7921.T* (TAKARA & COMPANY LTD) | ¥3,975 (*+19.55%*)
4. *6469.T* (HODEN SEIMITSU KAKO ) | ¥3,235 (*+18.28%*)
5. *6522.T* (Asterisk Inc.) | ¥2,403 (*+14.65%*)

📉 *개별 종목 하락 TOP 5*
1. *4591.T* (RIBOMIC Inc.) | ¥78 (*-20.41%*)
2. *6085.T* (ARCHITECTS STUDIO JA) | ¥231 (*-13.48%*)
3. *4596.T* (Kubota Pharmaceutica) | ¥69 (*-11.54%*)
4. *218A.T* (Liberaware Co.,Ltd.) | ¥1,093 (*-10.85%*)
5. *6327.T* (KITAGAWA SEIKI CO.,L) | ¥5,140 (*-10.76%*)

📂 *전체 3,712개 종목의 마감 등락폭 상세 정보가 담긴 엑셀 파일을 첨부합니다.*
KRX 로그인 실패: KRX_ID 또는 KRX_PW 환경 변수가 설정되지 않았습니다.
2026-07-09 15:30:01,868 - INFO - Loading environment variables from .env file...
2026-07-09 15:30:01,870 - INFO - ==================================================
2026-07-09 15:30:01,870 - INFO -  Starting Daily JP Market Monitor (Test: False)
2026-07-09 15:30:01,870 - INFO - ==================================================
2026-07-09 15:30:02,907 - INFO - Processing trading date: 2026-07-09
2026-07-09 15:30:02,907 - INFO - Scraping JPX listed issues Excel URL...
2026-07-09 15:30:03,260 - INFO - Downloading JPX listed issues from: https://www.jpx.co.jp/english/markets/statistics-equities/misc/tvdivq0000001vg2-att/data_e.xls
2026-07-09 15:30:03,562 - INFO - Total metadata stocks loaded: 3721
2026-07-09 15:30:03,562 - INFO - Downloading daily prices for 3721 tickers in chunks of 300...
2026-07-09 15:31:51,844 - ERROR - $3681.T: possibly delisted; no price data found  (period=5d)
2026-07-09 15:31:53,196 - ERROR - 
1 Failed download:
2026-07-09 15:31:53,196 - ERROR - ['3681.T']: possibly delisted; no price data found  (period=5d)
2026-07-09 15:33:41,163 - ERROR - $4507.T: possibly delisted; no price data found  (period=5d)
2026-07-09 15:33:41,173 - ERROR - 
1 Failed download:
2026-07-09 15:33:41,173 - ERROR - ['4507.T']: possibly delisted; no price data found  (period=5d)
2026-07-09 15:41:02,512 - INFO - Successfully downloaded price changes for 3716 stocks.
2026-07-09 15:41:02,514 - INFO - Fetching news for sharp movers (±5%)...
2026-07-09 15:41:23,322 - INFO - Got news for 14 out of 84 sharp movers
2026-07-09 15:41:23,324 - INFO - Saving formatted Excel to /home/inhyuk/projects/dataScout/data_jp/daily_prices/jp_prices_20260709.xlsx...
2026-07-09 15:41:29,188 - INFO - DeepSeek response generated.
2026-07-09 15:41:29,193 - INFO - Sending daily report text to Telegram chat -1003877753638...
2026-07-09 15:41:30,280 - INFO - Report text sent successfully to Telegram.
2026-07-09 15:41:30,280 - INFO - Uploading Excel document to Telegram chat -1003877753638...
2026-07-09 15:41:33,085 - INFO - Excel document sent successfully to Telegram.
2026-07-09 15:41:33,085 - INFO - Generating AI market analysis...
2026-07-09 15:41:38,330 - INFO - DeepSeek response generated.
2026-07-09 15:41:38,331 - INFO - Sending AI market analysis to Telegram...
2026-07-09 15:41:39,321 - INFO - AI market analysis sent.

--- Generated Report Summary ---
🇯🇵 *[일본 증시 마감 일일 리포트]* 🇯🇵
📅 *기준일자: 2026-07-09*

🔥 *주요 상승 섹터/산업 TOP 5*
1. *Marine Transportation* (+1.09%)
2. *Electric Appliances* (+0.88%)
3. *Precision Instruments* (+0.83%)
4. *Fishery, Agriculture and Forestry* (+0.46%)
5. *Machinery* (+0.36%)

❄️ *주요 하락 섹터/산업 BOTTOM 5*
1. *Banks* (-1.18%)
2. *Rubber Products* (-0.96%)
3. *Air Transportation* (-0.48%)
4. *Securities and Commodities Futures* (-0.41%)
5. *Transportation Equipment* (-0.40%)

💬 *섹터별 주목 종목 (AI)*
- Marine Transportation: Nippon Yusen (+1.3%)과 Mitsui O.S.K (+0.8%) — 시총 상위 대형주가 섹터 상승을 견인하며 안정적인 흐름.
- Electric Appliances: KOKUSAI ELEC (+9.6%)과 Tokyo Electr (+5.4%) — 반도체 장비주 강세 속 시총 상위 종목이 동반 상승.
- Precision Instruments: HOYA CORPORA (+3.0%) — 시총 상위 종목이 견조한 상승률을 기록하며 섹터 상승을 주도.
- Fishery, Agriculture and Forestry: Nissui Corpo (-1.6%) — 시총 상위 종목이 유일하게 하락했으나 섹터는 소폭 상승, 대형주 약세 주목.
- Machinery: TSUGAMI CORP (+7.4%) — 등락률 상위 종목으로 시총 대비 높은 변동성, 단기 모멘텀 관심.
- Transportation Equipment: TOYOTA MOTOR (-2.3%) — 시총 최상위 종목의 하락이 섹터 전체 약세를 주도.
- Securities and Commodities Futures: Nomura Holdi (-1.4%) — 시총 상위 종목이 하락하며 섹터 약세에 기여.
- Air Transportation: ANA HOLDINGS (-2.8%) — 시총 상위 종목의 하락폭이 가장 커 섹터 약세를 주도.
- Rubber Products: BRIDGESTONE (-1.7%) — 시총 최상위 종목이 하락했으나 Showa Holdin (-14.7%)의 급락이 더 두드러짐.
- Banks: Mitsubishi U (-0.9%)와 Sumitomo Mit (-0.4%) — 시총 상위 대형주는 상대적 선방, 중소형 은행주 급락이 섹터 하락을 주도.

📌 *나의 관심 섹터/산업 현황*
- *Electric Appliances*: +0.88% (상위: ADTEC PL(+14.2%), KOKUSAI (+9.6%))
- *Pharmaceutical*: +0.15% (상위: HEALIOS (+8.4%), OncoTher(+5.3%))
- *Information & Communication*: +0.14% (상위: Beat Hol(+36.4%), LiNKX,In(+20.6%))
- *Chemicals*: -0.06% (상위: JCU CORP(+4.7%), ARAKAWA (+4.5%))
- *Transportation Equipment*: -0.40% (상위: LECIP HO(+3.3%), TANAKA S(+2.3%))

🚀 *개별 종목 상승 TOP 5*
1. *9399.T* (Beat Holdings Limite) | ¥15 (*+36.36%*)
2. *218A.T* (Liberaware Co.,Ltd.) | ¥1,307 (*+21.02%*)
3. *584A.T* (LiNKX,Inc.) | ¥4,090 (*+20.65%*)
4. *4424.T* (Amazia,inc.) | ¥331 (*+20.36%*)
5. *6668.T* (ADTEC PLASMA TECHNOL) | ¥3,705 (*+14.18%*)

📉 *개별 종목 하락 TOP 5*
1. *6522.T* (Asterisk Inc.) | ¥1,909 (*-20.46%*)
2. *5103.T* (Showa Holdings Co.,L) | ¥29 (*-14.71%*)
3. *4935.T* (LIBERTA CO.,LTD.) | ¥326 (*-13.98%*)
4. *1447.T* (SAAF Holdings Co.,Lt) | ¥380 (*-13.44%*)
5. *5243.T* (note inc.) | ¥2,016 (*-11.93%*)

📂 *전체 3,716개 종목의 마감 등락폭 상세 정보가 담긴 엑셀 파일을 첨부합니다.*
KRX 로그인 실패: KRX_ID 또는 KRX_PW 환경 변수가 설정되지 않았습니다.
2026-07-10 15:30:02,309 - INFO - Loading environment variables from .env file...
2026-07-10 15:30:02,311 - INFO - ==================================================
2026-07-10 15:30:02,311 - INFO -  Starting Daily JP Market Monitor (Test: False)
2026-07-10 15:30:02,311 - INFO - ==================================================
2026-07-10 15:30:03,013 - INFO - Processing trading date: 2026-07-10
2026-07-10 15:30:03,013 - INFO - Scraping JPX listed issues Excel URL...
2026-07-10 15:30:03,344 - INFO - Downloading JPX listed issues from: https://www.jpx.co.jp/english/markets/statistics-equities/misc/tvdivq0000001vg2-att/data_e.xls
2026-07-10 15:30:03,709 - INFO - Total metadata stocks loaded: 3721
2026-07-10 15:30:03,709 - INFO - Downloading daily prices for 3721 tickers in chunks of 300...
2026-07-10 15:31:03,404 - ERROR - $2816.T: possibly delisted; no price data found  (period=5d)
2026-07-10 15:31:03,412 - ERROR - 
1 Failed download:
2026-07-10 15:31:03,412 - ERROR - ['2816.T']: possibly delisted; no price data found  (period=5d)
2026-07-10 15:31:45,787 - ERROR - $3681.T: possibly delisted; no price data found  (period=5d)
2026-07-10 15:31:54,188 - ERROR - 
1 Failed download:
2026-07-10 15:31:54,189 - ERROR - ['3681.T']: possibly delisted; no price data found  (period=5d)
2026-07-10 15:34:15,900 - ERROR - $5341.T: possibly delisted; no price data found  (period=5d)
2026-07-10 15:34:15,909 - ERROR - 
1 Failed download:
2026-07-10 15:34:15,909 - ERROR - ['5341.T']: possibly delisted; no price data found  (period=5d)
2026-07-10 15:35:54,180 - ERROR - $6408.T: possibly delisted; no price data found  (period=5d)
2026-07-10 15:35:54,185 - ERROR - 
1 Failed download:
2026-07-10 15:35:54,185 - ERROR - ['6408.T']: possibly delisted; no price data found  (period=5d)
2026-07-10 15:39:49,936 - INFO - Successfully downloaded price changes for 3713 stocks.
2026-07-10 15:39:49,939 - INFO - Fetching news for sharp movers (±5%)...
2026-07-10 15:40:11,155 - INFO - Got news for 6 out of 148 sharp movers
2026-07-10 15:40:11,156 - INFO - Saving formatted Excel to /home/inhyuk/projects/dataScout/data_jp/daily_prices/jp_prices_20260710.xlsx...
2026-07-10 15:40:18,502 - INFO - DeepSeek response generated.
2026-07-10 15:40:18,508 - INFO - Sending daily report text to Telegram chat -1003877753638...
2026-07-10 15:40:19,666 - INFO - Report text sent successfully to Telegram.
2026-07-10 15:40:19,666 - INFO - Uploading Excel document to Telegram chat -1003877753638...
2026-07-10 15:40:22,694 - INFO - Excel document sent successfully to Telegram.
2026-07-10 15:40:22,694 - INFO - Generating AI market analysis...
2026-07-10 15:40:29,629 - INFO - DeepSeek response generated.
2026-07-10 15:40:29,630 - INFO - Sending AI market analysis to Telegram...
2026-07-10 15:40:30,782 - INFO - AI market analysis sent.

--- Generated Report Summary ---
🇯🇵 *[일본 증시 마감 일일 리포트]* 🇯🇵
📅 *기준일자: 2026-07-10*

🔥 *주요 상승 섹터/산업 TOP 5*
1. *Oil and Coal Products* (+2.18%)
2. *Precision Instruments* (+2.11%)
3. *Nonferrous Metals* (+2.00%)
4. *Machinery* (+1.66%)
5. *Pharmaceutical* (+1.56%)

❄️ *주요 하락 섹터/산업 BOTTOM 5*
1. *Marine Transportation* (-1.81%)
2. *Banks* (-0.61%)
3. *Insurance* (-0.51%)
4. *Air Transportation* (-0.50%)
5. *Warehousing and Harbor Transportation Service* (-0.32%)

💬 *섹터별 주목 종목 (AI)*
- Oil and Coal Products: Yushiro Inc.(+10.3%) 급등했으나 ENEOS(-0.3%)·Idemitsu(0.0%) 대형주는 약보합, 섹터 상승은 소형주 주도로 지속성 의문.
- Precision Instruments: Terra Drone(+12.3%)·Rigaku(+11.2%) 급등, HOYA(+0.5%)·TERUMO(-1.5%) 대형주는 정체, 단기 테마성 자금 유입 관찰.
- Nonferrous Metals: Sumitomo Elec(+7.3%)·Toho Zinc(+6.9%) 동반 강세, 시총 상위주가 상승을 주도해 섹터 모멘텀 유효.
- Machinery: KITAGAWA SEI(+19.3%) 급등했으나 DISCO(+1.7%)·Mitsubishi H(+0.4%) 대형주 상승폭 제한, 개별 재료에 따른 차별화 주의.
- Pharmaceutical: CanBas(+15.2%)·CellSource(+9.1%) 급등, CHUGAI(+0.7%)·Takeda(-1.1%) 대형주 부진, 바이오 소형주 위험 대비 필요.
- Warehousing and Harbor Transportation Service: Maruhachi Wa(-4.1%)·Mitsubishi L(-2.9%) 동반 하락, 시총 상위주 약세로 섹터 전반 부진 지속.
- Air Transportation: Japan Airlines(-1.5%)·ANA(-1.4%) 동반 하락, 수요 둔화 우려 반영된 움직임.
- Insurance: Tokio Marine(-3.5%)·Sompo(-2.3%) 시총 상위주 하락 주도, 금리·손해율 악재가 가격에 선반영 중.
- Banks: THE TOWA BANK(-4.2%) 급락, Mitsubishi UFJ(+1.2%)는 상승 대조, 지역은행과 메가뱅크 간 차별화 심화.
- Marine Transportation: Kuribayashi(-4.9%)·Mitsui O.S.K(-2.8%)·Nippon Yusen(-2.6%) 전반 약세, 운임 하락 사이클 진입 가능성 주시.

📌 *나의 관심 섹터/산업 현황*
- *Pharmaceutical*: +1.56% (상위: CanBas C(+15.2%), CellSour(+9.1%))
- *Electric Appliances*: +1.24% (상위: SHIBAURA(+9.1%), Ferrotec(+8.3%))
- *Information & Communication*: +1.14% (상위: monoAI t(+38.5%), BPLATS,I(+27.5%))
- *Transportation Equipment*: +0.84% (상위: MITSUBIS(+11.2%), MUSASHI (+5.8%))
- *Chemicals*: +0.79% (상위: LIBERTA (+12.4%), Rasa Ind(+9.4%))

🚀 *개별 종목 상승 TOP 5*
1. *5240.T* (monoAI technology Co) | ¥180 (*+38.46%*)
2. *4381.T* (BPLATS,Inc.) | ¥232 (*+27.47%*)
3. *4424.T* (Amazia,inc.) | ¥396 (*+25.32%*)
4. *4833.T* (Def consulting,inc.) | ¥59 (*+22.92%*)
5. *2997.T* (STORAGE-OH Co.,Ltd.) | ¥1,339 (*+21.84%*)

📉 *개별 종목 하락 TOP 5*
1. *7314.T* (ODAWARA AUTO-MACHINE) | ¥1,304 (*-13.07%*)
2. *9348.T* (ispace,inc.) | ¥447 (*-12.01%*)
3. *3133.T* (kaihan co.,Ltd.) | ¥94 (*-11.32%*)
4. *9270.T* (Valuence Holdings In) | ¥1,931 (*-9.51%*)
5. *5252.T* (Nihon Knowledge Co,L) | ¥708 (*-9.35%*)

📂 *전체 3,713개 종목의 마감 등락폭 상세 정보가 담긴 엑셀 파일을 첨부합니다.*
KRX 로그인 실패: KRX_ID 또는 KRX_PW 환경 변수가 설정되지 않았습니다.
2026-07-13 15:30:01,955 - INFO - Loading environment variables from .env file...
2026-07-13 15:30:01,965 - INFO - ==================================================
2026-07-13 15:30:01,965 - INFO -  Starting Daily JP Market Monitor (Test: False)
2026-07-13 15:30:01,965 - INFO - ==================================================
2026-07-13 15:30:02,985 - INFO - Processing trading date: 2026-07-13
2026-07-13 15:30:02,985 - INFO - Scraping JPX listed issues Excel URL...
2026-07-13 15:30:03,504 - INFO - Downloading JPX listed issues from: https://www.jpx.co.jp/english/markets/statistics-equities/misc/tvdivq0000001vg2-att/data_e.xls
2026-07-13 15:30:03,781 - INFO - Total metadata stocks loaded: 3721
2026-07-13 15:30:03,782 - INFO - Downloading daily prices for 3721 tickers in chunks of 300...
2026-07-13 15:31:35,307 - ERROR - $3681.T: possibly delisted; no price data found  (period=5d)
2026-07-13 15:31:44,959 - ERROR - 
1 Failed download:
2026-07-13 15:31:44,959 - ERROR - ['3681.T']: possibly delisted; no price data found  (period=5d)
2026-07-13 15:40:16,649 - INFO - Successfully downloaded price changes for 3720 stocks.
2026-07-13 15:40:16,656 - INFO - Fetching news for sharp movers (±5%)...
2026-07-13 15:40:37,091 - INFO - Got news for 14 out of 152 sharp movers
2026-07-13 15:40:37,092 - INFO - Saving formatted Excel to /home/inhyuk/projects/dataScout/data_jp/daily_prices/jp_prices_20260713.xlsx...
2026-07-13 15:40:57,357 - INFO - Claude CLI response generated (subscription, sonnet).
2026-07-13 15:40:57,361 - INFO - Sending daily report text to Telegram chat -1003877753638...
2026-07-13 15:40:58,576 - INFO - Report text sent successfully to Telegram.
2026-07-13 15:40:58,576 - INFO - Uploading Excel document to Telegram chat -1003877753638...
2026-07-13 15:41:01,152 - INFO - Excel document sent successfully to Telegram.
2026-07-13 15:41:01,152 - INFO - Generating AI market analysis...
2026-07-13 15:41:31,229 - INFO - Claude CLI response generated (subscription, sonnet).
2026-07-13 15:41:31,229 - INFO - Sending AI market analysis to Telegram...
2026-07-13 15:41:32,239 - INFO - AI market analysis sent.

--- Generated Report Summary ---
🇯🇵 *[일본 증시 마감 일일 리포트]* 🇯🇵
📅 *기준일자: 2026-07-13*

🔥 *주요 상승 섹터/산업 TOP 5*
1. *Warehousing and Harbor Transportation Service* (+0.71%)
2. *Land Transportation* (+0.55%)
3. *Banks* (+0.54%)
4. *Fishery, Agriculture and Forestry* (+0.45%)
5. *Marine Transportation* (+0.32%)

❄️ *주요 하락 섹터/산업 BOTTOM 5*
1. *Oil and Coal Products* (-2.61%)
2. *Electric Appliances* (-1.93%)
3. *Nonferrous Metals* (-1.35%)
4. *Glass and Ceramics Products* (-1.26%)
5. *Construction* (-1.21%)

💬 *섹터별 주목 종목 (AI)*
- Warehousing and Harbor Transportation Service: e-LogiT(+10.1%)가 섹터 평균(+0.71%)을 크게 웃돌며 상승 주도, Shibusawa Lo(+6.1%)도 동반 강세.
- Land Transportation: Kanda Holdin(+3.0%)·SENKO Group(+2.9%) 등 중소형주가 JR 대형주(+0.9~2.8%)보다 상승폭 커 주목.
- Banks: Kita-Nippon Bank(+7.2%)가 메가뱅크 MUFG(+2.0%)·SMFG(+1.6%) 대비 압도적 강세로 지방은행 순환매 시사.
- Fishery, Agriculture and Forestry: KANEKO SEEDS(+3.0%)·SAKATA SEED(+2.4%) 종자주 강세, 반면 Nissui(-1.1%)는 역행.
- Marine Transportation: NS United Kaiun(+2.7%)이 NYK(+0.4%)·MOL(+0.4%) 대형 해운주 대비 独走.
- Construction: SAAF Holdings(-7.1%)·ASAHI KOGYOSHA(-6.5%)·Phil Company(-6.2%) 중소형주 급락, DAIWA HOUSE(+0.8%)는 나 홀로 상승.
- Glass and Ceramics Products: Mipox(-5.7%)·NGK(-5.5%)·NICHIAS(-5.0%) 주요 종목 전반이 고르게 급락.
- Nonferrous Metals: Sumitomo Electric(-4.2%)·Furukawa Electric(-3.6%) 등 전선주 중심으로 섹터 전반 동반 약세.
- Electric Appliances: TAIYO YUDEN(-19.9%)·YASKAWA(-14.3%)·Kioxia(-12.0%) 두 자릿수 급락으로 섹터 하락 견인, Tokyo Electron(-2.6%)은 상대적 선방.
- Oil and Coal Products: Yushiro(-14.8%)·MORESCO(-7.5%) 급락한 반면 ENEOS(-0.2%)·Idemitsu(+0.6%)는 거의 보합.

📌 *나의 관심 섹터/산업 현황*
- *Information & Communication*: +0.00% (상위: BPLATS,I(+54.8%), monoAI t(+27.8%))
- *Transportation Equipment*: -0.37% (상위: HKS CO.,(+5.4%), HI-LEX C(+3.6%))
- *Chemicals*: -0.75% (상위: LIBERTA (+14.0%), SHOEI CO(+2.9%))
- *Pharmaceutical*: -0.77% (상위: Solasia (+3.8%), Daito Ph(+3.8%))
- *Electric Appliances*: -1.93% (상위: FURUNO E(+15.6%), PLAT'HOM(+8.9%))

🚀 *개별 종목 상승 TOP 5*
1. *4381.T* (BPLATS,Inc.) | ¥483 (*+54.81%*)
2. *5240.T* (monoAI technology Co) | ¥230 (*+27.78%*)
3. *7453.T* (RYOHIN KEIKAKU CO.,L) | ¥4,211 (*+16.23%*)
4. *6814.T* (FURUNO ELECTRIC CO.,) | ¥7,390 (*+15.65%*)
5. *9331.T* (Caster Co.Ltd.) | ¥825 (*+15.38%*)

📉 *개별 종목 하락 TOP 5*
1. *6976.T* (TAIYO YUDEN CO.,LTD.) | ¥11,800 (*-19.89%*)
2. *3046.T* (JINS HOLDINGS Inc.) | ¥6,240 (*-19.38%*)
3. *3446.T* (JTEC CORPORATION) | ¥1,526 (*-19.00%*)
4. *7373.T* (Aidma Holdings,Inc.) | ¥1,018 (*-18.88%*)
5. *5013.T* (Yushiro Inc.) | ¥2,860 (*-14.75%*)

📂 *전체 3,720개 종목의 마감 등락폭 상세 정보가 담긴 엑셀 파일을 첨부합니다.*
KRX 로그인 실패: KRX_ID 또는 KRX_PW 환경 변수가 설정되지 않았습니다.
2026-07-14 15:30:02,259 - INFO - Loading environment variables from .env file...
2026-07-14 15:30:02,261 - INFO - ==================================================
2026-07-14 15:30:02,261 - INFO -  Starting Daily JP Market Monitor (Test: False)
2026-07-14 15:30:02,261 - INFO - ==================================================
2026-07-14 15:30:03,110 - INFO - Processing trading date: 2026-07-14
2026-07-14 15:30:03,110 - INFO - Scraping JPX listed issues Excel URL...
2026-07-14 15:30:03,344 - INFO - Downloading JPX listed issues from: https://www.jpx.co.jp/english/markets/statistics-equities/misc/tvdivq0000001vg2-att/data_e.xls
2026-07-14 15:30:03,558 - INFO - Total metadata stocks loaded: 3721
2026-07-14 15:30:03,558 - INFO - Downloading daily prices for 3721 tickers in chunks of 300...
2026-07-14 15:31:09,216 - ERROR - $2933.T: possibly delisted; no price data found  (period=5d)
2026-07-14 15:31:09,225 - ERROR - 
1 Failed download:
2026-07-14 15:31:09,225 - ERROR - ['2933.T']: possibly delisted; no price data found  (period=5d)
2026-07-14 15:31:50,467 - ERROR - $3681.T: possibly delisted; no price data found  (period=5d)
2026-07-14 15:31:53,924 - ERROR - 
1 Failed download:
2026-07-14 15:31:53,924 - ERROR - ['3681.T']: possibly delisted; no price data found  (period=5d)
2026-07-14 15:35:06,881 - ERROR - $6096.T: possibly delisted; no price data found  (period=5d)
2026-07-14 15:35:06,888 - ERROR - 
1 Failed download:
2026-07-14 15:35:06,888 - ERROR - ['6096.T']: possibly delisted; no price data found  (period=5d)
2026-07-14 15:39:39,173 - ERROR - $9173.T: possibly delisted; no price data found  (period=5d)
2026-07-14 15:39:39,179 - ERROR - 
1 Failed download:
2026-07-14 15:39:39,179 - ERROR - ['9173.T']: possibly delisted; no price data found  (period=5d)
2026-07-14 15:40:40,739 - INFO - Successfully downloaded price changes for 3716 stocks.
2026-07-14 15:40:40,742 - INFO - Fetching news for sharp movers (±5%)...
2026-07-14 15:41:02,317 - INFO - Got news for 13 out of 108 sharp movers
2026-07-14 15:41:02,318 - INFO - Saving formatted Excel to /home/inhyuk/projects/dataScout/data_jp/daily_prices/jp_prices_20260714.xlsx...
2026-07-14 15:41:19,199 - INFO - Claude CLI response generated (subscription, sonnet).
2026-07-14 15:41:19,203 - INFO - Sending daily report text to Telegram chat -1003877753638...
2026-07-14 15:41:20,291 - INFO - Report text sent successfully to Telegram.
2026-07-14 15:41:20,291 - INFO - Uploading Excel document to Telegram chat -1003877753638...
2026-07-14 15:41:22,865 - INFO - Excel document sent successfully to Telegram.
2026-07-14 15:41:22,865 - INFO - Generating AI market analysis...
2026-07-14 15:41:48,722 - INFO - Claude CLI response generated (subscription, sonnet).
2026-07-14 15:41:48,722 - INFO - Sending AI market analysis to Telegram...
2026-07-14 15:41:49,790 - INFO - AI market analysis sent.

--- Generated Report Summary ---
🇯🇵 *[일본 증시 마감 일일 리포트]* 🇯🇵
📅 *기준일자: 2026-07-14*

🔥 *주요 상승 섹터/산업 TOP 5*
1. *Mining* (+3.41%)
2. *Marine Transportation* (+2.49%)
3. *Rubber Products* (+1.68%)
4. *Oil and Coal Products* (+1.55%)
5. *Electric Power and Gas* (+1.37%)

❄️ *주요 하락 섹터/산업 BOTTOM 5*
1. *Electric Appliances* (0.24%)
2. *Warehousing and Harbor Transportation Service* (0.26%)
3. *Transportation Equipment* (0.31%)
4. *Precision Instruments* (0.35%)
5. *Fishery, Agriculture and Forestry* (0.35%)

💬 *섹터별 주목 종목 (AI)*
- Mining: Nittetsu Min(+6.0%)이 섹터 최고 상승률로 시총 상위 INPEX(+3.7%)보다 강한 상승 모멘텀을 보임.
- Marine Transportation: Inui Global(+4.8%)과 Kawasaki Kisen(+4.7%)이 나란히 4%대 상승하며 섹터 상승을 견인.
- Rubber Products: Showa Holdin(+12.0%)이 섹터 평균(+1.68%)을 크게 웃도는 독보적 급등세로 눈에 띔.
- Oil and Coal Products: MORESCO(+3.1%)가 최상위 상승률을 기록했고, 시총 대형주 ENEOS(+1.0%)는 상대적으로 완만한 상승에 그침.
- Electric Power and Gas: RENOVA(+4.7%)가 최고 상승률, 대형주 Tokyo Electric(+4.2%)도 동반 강세.
- Fishery, Agriculture and Forestry: HOB(-0.6%)가 개별 종목 중 가장 부진, 나머지는 소폭 등락에 그침.
- Precision Instruments: Liberaware(-6.3%), Terra Drone(-5.9%) 등 드론 관련주가 섹터 낙폭을 주도.
- Transportation Equipment: MUSASHI SEIM(-6.3%)이 섹터 내 최대 낙폭 기록.
- Warehousing and Harbor Transportation Service: TRADIA(-1.9%)가 섹터 내 가장 큰 하락폭.
- Electric Appliances: OXIDE(-9.2%), YASKAWA(-8.7%)가 급락한 반면 Kioxia(+3.9%)는 섹터 약세 속 홀로 상승해 대조적.

📌 *나의 관심 섹터/산업 현황*
- *Chemicals*: +1.06% (상위: DKS Co.L(+6.3%), Niitaka (+5.1%))
- *Information & Communication*: +0.90% (상위: BPLATS,I(+76.6%), Signpost(+25.3%))
- *Pharmaceutical*: +0.41% (상위: Renascie(+11.8%), Innovace(+9.7%))
- *Transportation Equipment*: +0.31% (상위: GMB CORP(+4.4%), SAKURAI (+3.9%))
- *Electric Appliances*: +0.24% (상위: PLAT'HOM(+19.4%), TAKAOKA (+10.6%))

🚀 *개별 종목 상승 TOP 5*
1. *4381.T* (BPLATS,Inc.) | ¥551 (*+76.60%*)
2. *3996.T* (Signpost Corporation) | ¥248 (*+25.25%*)
3. *4418.T* (Japan Data Science C) | ¥920 (*+19.48%*)
4. *6836.T* (PLAT'HOME CO.,LTD.) | ¥924 (*+19.38%*)
5. *4174.T* (Appirits Inc.) | ¥925 (*+19.35%*)

📉 *개별 종목 하락 TOP 5*
1. *3907.T* (Silicon Studio Corp.) | ¥755 (*-16.57%*)
2. *7815.T* (TOKYO BOARD INDUSTRI) | ¥372 (*-14.87%*)
3. *584A.T* (LiNKX,Inc.) | ¥3,520 (*-9.74%*)
4. *6521.T* (OXIDE Corporation) | ¥3,800 (*-9.20%*)
5. *3647.T* (ASULINA Co.,Ltd.) | ¥124 (*-8.82%*)

📂 *전체 3,716개 종목의 마감 등락폭 상세 정보가 담긴 엑셀 파일을 첨부합니다.*
KRX 로그인 실패: KRX_ID 또는 KRX_PW 환경 변수가 설정되지 않았습니다.
2026-07-15 15:30:02,534 - INFO - Loading environment variables from .env file...
2026-07-15 15:30:02,545 - INFO - ==================================================
2026-07-15 15:30:02,545 - INFO -  Starting Daily JP Market Monitor (Test: False)
2026-07-15 15:30:02,545 - INFO - ==================================================
2026-07-15 15:30:03,232 - INFO - Processing trading date: 2026-07-15
2026-07-15 15:30:03,232 - INFO - Scraping JPX listed issues Excel URL...
2026-07-15 15:30:03,466 - INFO - Downloading JPX listed issues from: https://www.jpx.co.jp/english/markets/statistics-equities/misc/tvdivq0000001vg2-att/data_e.xls
2026-07-15 15:30:03,678 - INFO - Total metadata stocks loaded: 3721
2026-07-15 15:30:03,678 - INFO - Downloading daily prices for 3721 tickers in chunks of 300...
2026-07-15 15:30:16,322 - ERROR - $1963.T: possibly delisted; no price data found  (period=5d)
2026-07-15 15:30:16,329 - ERROR - 
1 Failed download:
2026-07-15 15:30:16,330 - ERROR - ['1963.T']: possibly delisted; no price data found  (period=5d)
2026-07-15 15:31:34,073 - ERROR - $3681.T: possibly delisted; no price data found  (period=5d)
2026-07-15 15:31:45,718 - ERROR - 
1 Failed download:
2026-07-15 15:31:45,718 - ERROR - ['3681.T']: possibly delisted; no price data found  (period=5d)
2026-07-15 15:38:56,025 - ERROR - $9621.T: possibly delisted; no price data found  (period=5d)
2026-07-15 15:38:56,025 - ERROR - 
1 Failed download:
2026-07-15 15:38:56,025 - ERROR - ['9621.T']: possibly delisted; no price data found  (period=5d)
2026-07-15 15:39:50,262 - INFO - Successfully downloaded price changes for 3713 stocks.
2026-07-15 15:39:50,265 - INFO - Fetching news for sharp movers (±5%)...
2026-07-15 15:40:11,755 - INFO - Got news for 11 out of 166 sharp movers
2026-07-15 15:40:11,756 - INFO - Saving formatted Excel to /home/inhyuk/projects/dataScout/data_jp/daily_prices/jp_prices_20260715.xlsx...
2026-07-15 15:40:28,082 - INFO - Claude CLI response generated (subscription, sonnet).
2026-07-15 15:40:28,085 - INFO - Sending daily report text to Telegram chat -1003877753638...
2026-07-15 15:40:29,176 - INFO - Report text sent successfully to Telegram.
2026-07-15 15:40:29,176 - INFO - Uploading Excel document to Telegram chat -1003877753638...
2026-07-15 15:40:31,961 - INFO - Excel document sent successfully to Telegram.
2026-07-15 15:40:31,961 - INFO - Generating AI market analysis...
2026-07-15 15:40:58,364 - INFO - Claude CLI response generated (subscription, sonnet).
2026-07-15 15:40:58,364 - INFO - Sending AI market analysis to Telegram...
2026-07-15 15:40:59,393 - INFO - AI market analysis sent.

--- Generated Report Summary ---
🇯🇵 *[일본 증시 마감 일일 리포트]* 🇯🇵
📅 *기준일자: 2026-07-15*

🔥 *주요 상승 섹터/산업 TOP 5*
1. *Securities and Commodities Futures* (+2.65%)
2. *Banks* (+2.40%)
3. *Precision Instruments* (+2.10%)
4. *Nonferrous Metals* (+2.09%)
5. *Electric Power and Gas* (+1.67%)

❄️ *주요 하락 섹터/산업 BOTTOM 5*
1. *Fishery, Agriculture and Forestry* (-0.31%)
2. *Air Transportation* (-0.09%)
3. *Foods* (-0.04%)
4. *Rubber Products* (-0.01%)
5. *Retail Trade* (0.08%)

💬 *섹터별 주목 종목 (AI)*
- Securities and Commodities Futures: Ichiyoshi Se(+8.6%)가 섹터 상승률(+2.65%)을 크게 웃돌며 업종 내 최대 상승폭 기록, 단기 수급 쏠림 주목.
- Banks: Aichi Financ(+11.4%)이 섹터 평균(+2.40%) 대비 압도적 급등, 소형 지방은행 개별 수급 이슈로 추정되는 이례적 강세.
- Precision Instruments: Terra Drone(+20.7%)이 섹터 전체를 견인하는 독보적 상승, HOYA(-0.9%)·TERUMO(-2.4%) 대형주는 오히려 하락해 종목별 온도차 큼.
- Nonferrous Metals: JMACS Japan(+8.2%), Furukawa Ele(+7.2%) 동반 강세가 섹터 상승(+2.09%)을 주도.
- Electric Power and Gas: RENOVA(+7.7%)가 재생에너지 관련주 중 최대 상승, DIGITAL GRID(+5.9%)도 동반 강세.
- Retail Trade: Hikari Food(-6.8%), RETAIL PARTN(-5.7%) 등 중소형주 낙폭이 두드러지는 반면 Seven & i(-1.2%) 등 대형주는 상대적으로 견조.
- Rubber Products: Showa Holdin(-14.3%)의 급락이 섹터 전체 낙폭을 만든 요인, BRIDGESTONE(+0.7%)은 오히려 상승해 개별 종목 이슈로 판단.
- Foods: NICHIREI COR(-7.6%)이 섹터 내 최대 낙폭으로 눈에 띔, 대형주 Ajinomoto(-1.0%)·JAPAN TOBACC(-0.3%)는 낙폭 제한적.
- Air Transportation: ANA HOLDINGS(-1.4%)가 대형주 중 낙폭 주도, Japan Airlin(-0.6%)도 동반 약세.
- Fishery, Agriculture and Forestry: Nissui Corpo(-1.6%)와 SAKATA SEED(-1.4%)가 섹터 하락을 주도.

📌 *나의 관심 섹터/산업 현황*
- *Pharmaceutical*: +1.60% (상위: Medrx Co(+40.4%), JCR Phar(+8.4%))
- *Electric Appliances*: +1.59% (상위: PowerX,I(+15.6%), Lasertec(+10.0%))
- *Chemicals*: +1.34% (상위: Nippon C(+12.5%), ARAKAWA (+9.6%))
- *Transportation Equipment*: +1.24% (상위: SERENDIP(+8.7%), Japan En(+6.6%))
- *Information & Communication*: +0.39% (상위: GO Inc.(+20.4%), TOUMEI C(+16.0%))

🚀 *개별 종목 상승 TOP 5*
1. *4586.T* (Medrx Co.,Ltd.) | ¥80 (*+40.35%*)
2. *3133.T* (kaihan co.,Ltd.) | ¥112 (*+23.08%*)
3. *1407.T* (West Holdings Corpor) | ¥2,802 (*+21.72%*)
4. *278A.T* (Terra Drone Corporat) | ¥12,920 (*+20.75%*)
5. *581A.T* (GO Inc.) | ¥2,950 (*+20.41%*)

📉 *개별 종목 하락 TOP 5*
1. *4071.T* (Plus Alpha Consultin) | ¥2,424 (*-16.73%*)
2. *5578.T* (AR advanced technolo) | ¥851 (*-16.32%*)
3. *9331.T* (Caster Co.Ltd.) | ¥762 (*-15.52%*)
4. *5103.T* (Showa Holdings Co.,L) | ¥24 (*-14.29%*)
5. *4381.T* (BPLATS,Inc.) | ¥560 (*-13.98%*)

📂 *전체 3,713개 종목의 마감 등락폭 상세 정보가 담긴 엑셀 파일을 첨부합니다.*
KRX 로그인 실패: KRX_ID 또는 KRX_PW 환경 변수가 설정되지 않았습니다.
2026-07-16 15:30:02,058 - INFO - Loading environment variables from .env file...
2026-07-16 15:30:02,068 - INFO - ==================================================
2026-07-16 15:30:02,068 - INFO -  Starting Daily JP Market Monitor (Test: False)
2026-07-16 15:30:02,068 - INFO - ==================================================
2026-07-16 15:30:03,037 - INFO - Processing trading date: 2026-07-16
2026-07-16 15:30:03,037 - INFO - Scraping JPX listed issues Excel URL...
2026-07-16 15:30:03,326 - INFO - Downloading JPX listed issues from: https://www.jpx.co.jp/english/markets/statistics-equities/misc/tvdivq0000001vg2-att/data_e.xls
2026-07-16 15:30:03,650 - INFO - Total metadata stocks loaded: 3721
2026-07-16 15:30:03,650 - INFO - Downloading daily prices for 3721 tickers in chunks of 300...
2026-07-16 15:31:49,996 - ERROR - $3681.T: possibly delisted; no price data found  (period=5d)
2026-07-16 15:31:58,294 - ERROR - 
1 Failed download:
2026-07-16 15:31:58,294 - ERROR - ['3681.T']: possibly delisted; no price data found  (period=5d)
2026-07-16 15:34:20,026 - ERROR - $475A.T: possibly delisted; no price data found  (period=5d)
2026-07-16 15:34:21,460 - ERROR - $5484.T: possibly delisted; no price data found  (period=5d)
2026-07-16 15:34:21,466 - ERROR - 
2 Failed downloads:
2026-07-16 15:34:21,466 - ERROR - ['475A.T', '5484.T']: possibly delisted; no price data found  (period=5d)
2026-07-16 15:37:28,568 - ERROR - $7940.T: possibly delisted; no price data found  (period=5d)
2026-07-16 15:37:37,710 - ERROR - $7447.T: possibly delisted; no price data found  (period=5d)
2026-07-16 15:37:37,719 - ERROR - 
2 Failed downloads:
2026-07-16 15:37:37,719 - ERROR - ['7940.T', '7447.T']: possibly delisted; no price data found  (period=5d)
2026-07-16 15:39:29,149 - ERROR - $9355.T: possibly delisted; no price data found  (period=5d)
2026-07-16 15:39:29,159 - ERROR - 
1 Failed download:
2026-07-16 15:39:29,159 - ERROR - ['9355.T']: possibly delisted; no price data found  (period=5d)
2026-07-16 15:40:26,779 - INFO - Successfully downloaded price changes for 3711 stocks.
2026-07-16 15:40:26,781 - INFO - Fetching news for sharp movers (±5%)...
2026-07-16 15:40:47,784 - INFO - Got news for 14 out of 206 sharp movers
2026-07-16 15:40:47,785 - INFO - Saving formatted Excel to /home/inhyuk/projects/dataScout/data_jp/daily_prices/jp_prices_20260716.xlsx...
2026-07-16 15:40:54,210 - INFO - DeepSeek response generated.
2026-07-16 15:40:54,215 - INFO - Sending daily report text to Telegram chat -1003877753638...
2026-07-16 15:40:55,345 - INFO - Report text sent successfully to Telegram.
2026-07-16 15:40:55,345 - INFO - Uploading Excel document to Telegram chat -1003877753638...
2026-07-16 15:40:58,371 - INFO - Excel document sent successfully to Telegram.
2026-07-16 15:40:58,371 - INFO - Generating AI market analysis...
2026-07-16 15:41:04,629 - INFO - DeepSeek response generated.
2026-07-16 15:41:04,630 - INFO - Sending AI market analysis to Telegram...
2026-07-16 15:41:05,609 - INFO - AI market analysis sent.

--- Generated Report Summary ---
🇯🇵 *[일본 증시 마감 일일 리포트]* 🇯🇵
📅 *기준일자: 2026-07-16*

🔥 *주요 상승 섹터/산업 TOP 5*
1. *Retail Trade* (+0.30%)
2. *Textiles and Apparels* (+0.17%)
3. *Pulp and Paper* (+-0.04%)
4. *Air Transportation* (+-0.06%)
5. *Transportation Equipment* (+-0.06%)

❄️ *주요 하락 섹터/산업 BOTTOM 5*
1. *Nonferrous Metals* (-2.08%)
2. *Precision Instruments* (-1.91%)
3. *Electric Appliances* (-1.88%)
4. *Rubber Products* (-1.86%)
5. *Pharmaceutical* (-1.67%)

💬 *섹터별 주목 종목 (AI)*
- Retail Trade: Seven & i Ho (+2.5%) — 시총 상위 종목 중 유일하게 플러스 등락률을 기록하며 섹터 상승을 견인.
- Textiles and Apparels: TENTIAL Inc. (+15.7%) — 등락률 상위 1위로 급등, 단기 모멘텀 주목.
- Pulp and Paper: Nippon Paper (+3.8%) — 섹터 내 등락률 1위이자 시총 상위 종목으로 상승 폭 두드러짐.
- Air Transportation: Star Flyer I (+0.7%) — 시총 상위 종목 중 유일한 플러스, 섹터 약세 속 상대적 강세.
- Transportation Equipment: NISSAN MOTOR (+4.2%) — 시총 상위 대형주 중 가장 높은 등락률, 자동차 업종 내 강한 반등.
- Pharmaceutical: CHUGAI PHARM (+1.8%) — 섹터 급락 속 시총 상위 종목이 유일하게 상승, 방어적 매수세 확인.
- Rubber Products: BRIDGESTONE (+0.5%) — 섹터 대부분 하락했으나 시총 1위 종목이 소폭 상승, 대형주 안정성 부각.
- Electric Appliances: Tokyo Electr (-4.1%) — 시총 상위 대형주가 섹터 내 큰 폭 하락, 반도체 장비 업종 약세 신호.
- Precision Instruments: HOYA CORPORA (-0.5%) — 시총 상위 종목 중 하락 폭이 가장 작아 상대적 방어력 우위.
- Nonferrous Metals: Sumitomo Ele (-5.9%) — 시총 상위 대형주가 섹터 내 가장 큰 하락 폭 기록, 비철금속 전반 약세 주도.

📌 *나의 관심 섹터/산업 현황*
- *Transportation Equipment*: -0.06% (상위: UNIVANCE(+6.6%), MITSUBIS(+6.0%))
- *Information & Communication*: -0.82% (상위: Will Sma(+15.1%), VisasQ I(+10.0%))
- *Chemicals*: -1.13% (상위: Nippon C(+9.3%), ZACROS C(+4.3%))
- *Pharmaceutical*: -1.67% (상위: OncoTher(+5.0%), TAUNS La(+3.9%))
- *Electric Appliances*: -1.88% (상위: TOYO DEN(+17.2%), NEC Corp(+4.4%))

🚀 *개별 종목 상승 TOP 5*
1. *7138.T* (TORICO Co.,Ltd.) | ¥177 (*+22.92%*)
2. *9238.T* (VALUE CREATION CO.,L) | ¥454 (*+21.39%*)
3. *157A.T* (Green Monster Inc.) | ¥1,015 (*+17.34%*)
4. *6505.T* (TOYO DENKI SEIZO K.K) | ¥2,362 (*+17.16%*)
5. *6572.T* (OPEN Group,Inc.) | ¥255 (*+15.91%*)

📉 *개별 종목 하락 TOP 5*
1. *5103.T* (Showa Holdings Co.,L) | ¥17 (*-26.09%*)
2. *3791.T* (IG Port,Inc.) | ¥1,025 (*-22.64%*)
3. *6522.T* (Asterisk Inc.) | ¥1,508 (*-20.59%*)
4. *4586.T* (Medrx Co.,Ltd.) | ¥64 (*-18.99%*)
5. *6552.T* (GameWith,Inc.) | ¥180 (*-17.81%*)

📂 *전체 3,711개 종목의 마감 등락폭 상세 정보가 담긴 엑셀 파일을 첨부합니다.*
KRX 로그인 실패: KRX_ID 또는 KRX_PW 환경 변수가 설정되지 않았습니다.
2026-07-17 15:30:02,409 - INFO - Loading environment variables from .env file...
2026-07-17 15:30:02,411 - INFO - ==================================================
2026-07-17 15:30:02,411 - INFO -  Starting Daily JP Market Monitor (Test: False)
2026-07-17 15:30:02,411 - INFO - ==================================================
2026-07-17 15:30:03,303 - INFO - Processing trading date: 2026-07-17
2026-07-17 15:30:03,303 - INFO - Scraping JPX listed issues Excel URL...
2026-07-17 15:30:03,579 - INFO - Downloading JPX listed issues from: https://www.jpx.co.jp/english/markets/statistics-equities/misc/tvdivq0000001vg2-att/data_e.xls
2026-07-17 15:30:03,816 - INFO - Total metadata stocks loaded: 3721
2026-07-17 15:30:03,817 - INFO - Downloading daily prices for 3721 tickers in chunks of 300...
2026-07-17 15:31:42,644 - ERROR - $3681.T: possibly delisted; no price data found  (period=5d)
2026-07-17 15:31:53,607 - ERROR - 
1 Failed download:
2026-07-17 15:31:53,607 - ERROR - ['3681.T']: possibly delisted; no price data found  (period=5d)
2026-07-17 15:34:04,504 - ERROR - $4889.T: possibly delisted; no price data found  (period=5d)
2026-07-17 15:34:04,506 - ERROR - 
1 Failed download:
2026-07-17 15:34:04,507 - ERROR - ['4889.T']: possibly delisted; no price data found  (period=5d)
2026-07-17 15:37:08,625 - ERROR - $7940.T: possibly delisted; no price data found  (period=5d)
2026-07-17 15:37:19,211 - ERROR - 
1 Failed download:
2026-07-17 15:37:19,211 - ERROR - ['7940.T']: possibly delisted; no price data found  (period=5d)
2026-07-17 15:38:09,268 - ERROR - $8877.T: possibly delisted; no price data found  (period=5d)
2026-07-17 15:38:09,365 - ERROR - $8230.T: possibly delisted; no price data found  (period=5d)
2026-07-17 15:38:09,369 - ERROR - 
2 Failed downloads:
2026-07-17 15:38:09,370 - ERROR - ['8877.T', '8230.T']: possibly delisted; no price data found  (period=5d)
2026-07-17 15:39:53,240 - INFO - Successfully downloaded price changes for 3712 stocks.
2026-07-17 15:39:53,242 - INFO - Fetching news for sharp movers (±5%)...
2026-07-17 15:40:16,581 - INFO - Got news for 16 out of 435 sharp movers
2026-07-17 15:40:16,583 - INFO - Saving formatted Excel to /home/inhyuk/projects/dataScout/data_jp/daily_prices/jp_prices_20260717.xlsx...
2026-07-17 15:40:21,681 - INFO - DeepSeek response generated.
2026-07-17 15:40:21,686 - INFO - Sending daily report text to Telegram chat -1003877753638...
2026-07-17 15:40:22,763 - INFO - Report text sent successfully to Telegram.
2026-07-17 15:40:22,763 - INFO - Uploading Excel document to Telegram chat -1003877753638...
2026-07-17 15:40:25,521 - INFO - Excel document sent successfully to Telegram.
2026-07-17 15:40:25,521 - INFO - Generating AI market analysis...
2026-07-17 15:40:31,014 - INFO - DeepSeek response generated.
2026-07-17 15:40:31,015 - INFO - Sending AI market analysis to Telegram...
2026-07-17 15:40:32,038 - INFO - AI market analysis sent.

--- Generated Report Summary ---
🇯🇵 *[일본 증시 마감 일일 리포트]* 🇯🇵
📅 *기준일자: 2026-07-17*

🔥 *주요 상승 섹터/산업 TOP 5*
1. *Land Transportation* (+0.17%)
2. *Marine Transportation* (+0.00%)
3. *Foods* (+-0.10%)
4. *Retail Trade* (+-0.37%)
5. *Fishery, Agriculture and Forestry* (+-0.38%)

❄️ *주요 하락 섹터/산업 BOTTOM 5*
1. *Banks* (-5.46%)
2. *Nonferrous Metals* (-4.44%)
3. *Electric Appliances* (-4.12%)
4. *Machinery* (-3.14%)
5. *Glass and Ceramics Products* (-2.56%)

💬 *섹터별 주목 종목 (AI)*
- Land Transportation: SENKO Group (+2.9%)과 TOHBU NETWORKS (+2.6%) — 물류·네트워크 관련 수요가 반영된 개별 강세.
- Marine Transportation: Kawasaki Kisen (+2.8%)과 Nippon Yusen (+2.6%) — 해운 업황 회복 기대감이 시총 상위 종목에 집중됨.
- Foods: NICHIREI CORP (+5.1%) — 냉동식품 수요 증가로 시총 대비 높은 상승률 기록.
- Retail Trade: SAIZERIYA CO (+11.5%) — 외식 업종 내 강한 수익성 개선 기대가 주가에 반영.
- Fishery, Agriculture and Forestry: Nissui Corp (+2.2%) — 수산물 가격 안정세 속 시총 상위 종목의 상대적 강세.
- Glass and Ceramics Products: NITTO BOSEKI (-8.8%) — 전방 산업 수요 둔화 우려로 시총 상위 종목 중심 급락.
- Machinery: KITAGAWA SEIKI (-12.6%) — 반도체·정밀 기계 부문 약세가 개별 종목에 직격타.
- Electric Appliances: ADTEC PLASMA (-18.3%) — 반도체 장비 업황 악화로 시총 대비 낙폭 과대.
- Nonferrous Metals: OSAKA Titanium (-8.1%) — 비철금속 가격 하락과 수요 위축이 시총 상위 종목에 반영.
- Banks: North Pacific Bank (-8.7%) — 금리 인상 기대 약화와 지역 경기 둔화 우려로 낙폭 확대.

📌 *나의 관심 섹터/산업 현황*
- *Pharmaceutical*: -1.67% (상위: RIBOMIC (+5.7%), ONO PHAR(+2.8%))
- *Information & Communication*: -1.71% (상위: EYEZ,INC(+21.5%), YE DIGIT(+12.5%))
- *Transportation Equipment*: -1.81% (상위: SHIMANO (+3.9%), TEIN,INC(+1.9%))
- *Chemicals*: -2.16% (상위: Vitabrid(+3.4%), KOSE Hol(+1.8%))
- *Electric Appliances*: -4.12% (상위: SYSMEX C(+5.0%), TOYO DEN(+4.6%))

🚀 *개별 종목 상승 TOP 5*
1. *5242.T* (EYEZ,INC.) | ¥1,244 (*+21.48%*)
2. *150A.T* (JSH Co.,Ltd.) | ¥462 (*+20.94%*)
3. *278A.T* (Terra Drone Corporat) | ¥13,780 (*+13.70%*)
4. *9439.T* (M・H・GROUP LTD.) | ¥268 (*+13.08%*)
5. *2354.T* (YE DIGITAL Corporati) | ¥1,100 (*+12.47%*)

📉 *개별 종목 하락 TOP 5*
1. *8105.T* (Bitcoin Japan Corpor) | ¥98 (*-27.41%*)
2. *280A.T* (TMH Inc.) | ¥1,403 (*-22.19%*)
3. *6668.T* (ADTEC PLASMA TECHNOL) | ¥3,125 (*-18.30%*)
4. *285A.T* (Kioxia Holdings Corp) | ¥52,110 (*-16.10%*)
5. *3436.T* (SUMCO CORPORATION) | ¥3,915 (*-15.15%*)

📂 *전체 3,712개 종목의 마감 등락폭 상세 정보가 담긴 엑셀 파일을 첨부합니다.*
KRX 로그인 실패: KRX_ID 또는 KRX_PW 환경 변수가 설정되지 않았습니다.
2026-07-20 15:30:01,979 - INFO - Loading environment variables from .env file...
2026-07-20 15:30:01,981 - INFO - ==================================================
2026-07-20 15:30:01,981 - INFO -  Starting Daily JP Market Monitor (Test: False)
2026-07-20 15:30:01,981 - INFO - ==================================================
2026-07-20 15:30:02,710 - INFO - JP market was closed on expected trading date 2026-07-20. Skipping report.
KRX 로그인 실패: KRX_ID 또는 KRX_PW 환경 변수가 설정되지 않았습니다.
2026-07-21 15:30:01,635 - INFO - Loading environment variables from .env file...
2026-07-21 15:30:01,646 - INFO - ==================================================
2026-07-21 15:30:01,646 - INFO -  Starting Daily JP Market Monitor (Test: False)
2026-07-21 15:30:01,646 - INFO - ==================================================
2026-07-21 15:30:02,430 - INFO - Processing trading date: 2026-07-21
2026-07-21 15:30:02,431 - INFO - Scraping JPX listed issues Excel URL...
2026-07-21 15:30:02,633 - INFO - Downloading JPX listed issues from: https://www.jpx.co.jp/english/markets/statistics-equities/misc/tvdivq0000001vg2-att/data_e.xls
2026-07-21 15:30:02,855 - INFO - Total metadata stocks loaded: 3721
2026-07-21 15:30:02,855 - INFO - Downloading daily prices for 3721 tickers in chunks of 300...
2026-07-21 15:31:00,557 - ERROR - $2533.T: possibly delisted; no price data found  (period=5d)
2026-07-21 15:31:00,645 - ERROR - $3031.T: possibly delisted; no price data found  (period=5d)
2026-07-21 15:31:00,910 - ERROR - 
2 Failed downloads:
2026-07-21 15:31:00,910 - ERROR - ['2533.T', '3031.T']: possibly delisted; no price data found  (period=5d)
2026-07-21 15:31:43,111 - ERROR - $3681.T: possibly delisted; no price data found  (period=5d)
2026-07-21 15:31:52,848 - ERROR - $3446.T: possibly delisted; no price data found  (period=5d)
2026-07-21 15:31:52,849 - ERROR - 
2 Failed downloads:
2026-07-21 15:31:52,849 - ERROR - ['3681.T', '3446.T']: possibly delisted; no price data found  (period=5d)
2026-07-21 15:32:42,323 - ERROR - $4237.T: possibly delisted; no price data found  (period=5d)
2026-07-21 15:32:42,324 - ERROR - 
1 Failed download:
2026-07-21 15:32:42,324 - ERROR - ['4237.T']: possibly delisted; no price data found  (period=5d)
2026-07-21 15:33:37,015 - ERROR - $4438.T: possibly delisted; no price data found  (period=5d)
2026-07-21 15:33:37,306 - ERROR - $4658.T: possibly delisted; no price data found  (period=5d)
2026-07-21 15:33:37,316 - ERROR - 
2 Failed downloads:
2026-07-21 15:33:37,316 - ERROR - ['4438.T', '4658.T']: possibly delisted; no price data found  (period=5d)
2026-07-21 15:37:28,474 - ERROR - $7940.T: possibly delisted; no price data found  (period=5d)
2026-07-21 15:37:31,201 - ERROR - 
1 Failed download:
2026-07-21 15:37:31,201 - ERROR - ['7940.T']: possibly delisted; no price data found  (period=5d)
2026-07-21 15:38:22,440 - ERROR - $8107.T: possibly delisted; no price data found  (period=5d)
2026-07-21 15:38:22,444 - ERROR - 
1 Failed download:
2026-07-21 15:38:22,444 - ERROR - ['8107.T']: possibly delisted; no price data found  (period=5d)
2026-07-21 15:39:12,450 - ERROR - $9505.T: possibly delisted; no price data found  (period=5d)
2026-07-21 15:39:12,451 - ERROR - 
1 Failed download:
2026-07-21 15:39:12,451 - ERROR - ['9505.T']: possibly delisted; no price data found  (period=5d)
2026-07-21 15:40:11,328 - INFO - Successfully downloaded price changes for 3711 stocks.
2026-07-21 15:40:11,331 - INFO - Fetching news for sharp movers (±5%)...
2026-07-21 15:40:33,409 - INFO - Got news for 11 out of 179 sharp movers
2026-07-21 15:40:33,410 - INFO - Saving formatted Excel to /home/inhyuk/projects/dataScout/data_jp/daily_prices/jp_prices_20260721.xlsx...
2026-07-21 15:40:40,665 - INFO - DeepSeek response generated.
2026-07-21 15:40:40,670 - INFO - Sending daily report text to Telegram chat -1003877753638...
2026-07-21 15:40:41,869 - INFO - Report text sent successfully to Telegram.
2026-07-21 15:40:41,870 - INFO - Uploading Excel document to Telegram chat -1003877753638...
2026-07-21 15:40:44,554 - INFO - Excel document sent successfully to Telegram.
2026-07-21 15:40:44,554 - INFO - Generating AI market analysis...
2026-07-21 15:40:52,085 - INFO - DeepSeek response generated.
2026-07-21 15:40:52,086 - INFO - Sending AI market analysis to Telegram...
2026-07-21 15:40:53,201 - INFO - AI market analysis sent.

--- Generated Report Summary ---
🇯🇵 *[일본 증시 마감 일일 리포트]* 🇯🇵
📅 *기준일자: 2026-07-21*

🔥 *주요 상승 섹터/산업 TOP 5*
1. *Banks* (+4.60%)
2. *Mining* (+4.25%)
3. *Nonferrous Metals* (+2.88%)
4. *Oil and Coal Products* (+2.79%)
5. *Insurance* (+2.75%)

❄️ *주요 하락 섹터/산업 BOTTOM 5*
1. *Rubber Products* (-0.44%)
2. *Air Transportation* (-0.13%)
3. *Foods* (0.24%)
4. *Fishery, Agriculture and Forestry* (0.30%)
5. *Retail Trade* (0.51%)

💬 *섹터별 주목 종목 (AI)*
- Banks: Mitsubishi UFJ(+2.6%)과 Sumitomo Mitsui(+3.5%)는 시총 상위 종목으로 섹터 강세를 주도, Miyazaki(+10.0%)의 급등은 소형주 중심의 단기 매수세로 주목.
- Mining: INPEX CORPOR(+5.1%)은 시총 상위이면서 상승률도 높아 섹터 상승을 견인, Nittetsu Min(+5.9%)도 동반 강세.
- Nonferrous Metals: Sumitomo Metal Mining(+7.3%)과 Fujikura Ltd(+4.5%)는 시총 상위 종목으로 상승폭이 커 업종 내 대표주로 주목.
- Oil and Coal Products: ENEOS Holdings(+4.5%)와 Idemitsu Kosan(+4.3%)은 시총 상위이면서 동일한 상승률로 섹터 상승을 이끔.
- Insurance: MS&AD Insurance(+5.2%)와 Tokio Marine(+3.9%)은 시총 상위 종목으로 상승세가 뚜렷, 섹터 내 안정적 흐름.
- Retail Trade: FAST RETAILING(+2.3%)은 시총 상위지만 상승한 반면, Seven & i Holdings(-1.0%)는 하락해 대조적, SAIZERIYA(-4.1%) 하락폭 커 주의.
- Fishery, Agriculture and Forestry: Nissui(-1.3%)와 Umios(-0.3%)는 시총 상위 종목으로 소폭 하락, 섹터 전반 약세.
- Foods: KIKKOMAN(-3.1%)과 YAKULT(-1.9%)는 시총 상위 종목의 하락이 두드러져 섹터 약세 주도.
- Air Transportation: Japan Airlines(-0.5%)와 ANA Holdings(+0.5%)는 시총 상위 종목으로 엇갈린 등락, Skymark(-1.2%) 하락폭 상대적 큼.
- Rubber Products: Bridgestone(+1.1%)과 Yokohama(+3.2%)는 시총 상위 종목이 상승했으나, Showa Holdings(-21.1%) 급락이 섹터 하락을 주도.

📌 *나의 관심 섹터/산업 현황*
- *Electric Appliances*: +2.22% (상위: JAPAN RE(+18.4%), Kioxia H(+17.6%))
- *Chemicals*: +1.61% (상위: Nippon C(+11.1%), TAOKA CH(+10.3%))
- *Transportation Equipment*: +1.57% (상위: NITTAN C(+8.1%), YASUNAGA(+4.5%))
- *Pharmaceutical*: +1.24% (상위: Carna Bi(+8.7%), Renascie(+8.3%))
- *Information & Communication*: +1.07% (상위: HODL1,in(+29.5%), YE DIGIT(+28.3%))

🚀 *개별 종목 상승 TOP 5*
1. *2345.T* (HODL1,inc.) | ¥114 (*+29.55%*)
2. *2354.T* (YE DIGITAL Corporati) | ¥1,359 (*+28.33%*)
3. *9238.T* (VALUE CREATION CO.,L) | ¥472 (*+20.41%*)
4. *4762.T* (XNET Corporation) | ¥1,985 (*+20.30%*)
5. *296A.T* (Reiwa Accounting Hol) | ¥901 (*+19.97%*)

📉 *개별 종목 하락 TOP 5*
1. *5103.T* (Showa Holdings Co.,L) | ¥15 (*-21.05%*)
2. *4381.T* (BPLATS,Inc.) | ¥414 (*-19.46%*)
3. *1447.T* (SAAF Holdings Co.,Lt) | ¥340 (*-16.05%*)
4. *3776.T* (BroadBand Tower,Inc.) | ¥252 (*-10.64%*)
5. *5216.T* (KURAMOTO CO.,LTD.) | ¥166 (*-9.78%*)

📂 *전체 3,711개 종목의 마감 등락폭 상세 정보가 담긴 엑셀 파일을 첨부합니다.*
KRX 로그인 실패: KRX_ID 또는 KRX_PW 환경 변수가 설정되지 않았습니다.
2026-07-22 15:30:02,295 - INFO - Loading environment variables from .env file...
2026-07-22 15:30:02,297 - INFO - ==================================================
2026-07-22 15:30:02,297 - INFO -  Starting Daily JP Market Monitor (Test: False)
2026-07-22 15:30:02,297 - INFO - ==================================================
2026-07-22 15:30:03,162 - INFO - Processing trading date: 2026-07-22
2026-07-22 15:30:03,162 - INFO - Scraping JPX listed issues Excel URL...
2026-07-22 15:30:03,388 - INFO - Downloading JPX listed issues from: https://www.jpx.co.jp/english/markets/statistics-equities/misc/tvdivq0000001vg2-att/data_e.xls
2026-07-22 15:30:03,660 - INFO - Total metadata stocks loaded: 3721
2026-07-22 15:30:03,661 - INFO - Downloading daily prices for 3721 tickers in chunks of 300...
2026-07-22 15:31:43,227 - ERROR - $3681.T: possibly delisted; no price data found  (period=5d)
2026-07-22 15:31:53,283 - ERROR - $3172.T: possibly delisted; no price data found  (period=5d)
2026-07-22 15:31:53,290 - ERROR - 
2 Failed downloads:
2026-07-22 15:31:53,291 - ERROR - ['3681.T', '3172.T']: possibly delisted; no price data found  (period=5d)
2026-07-22 15:34:15,482 - ERROR - $4840.T: possibly delisted; no price data found  (period=5d)
2026-07-22 15:34:15,530 - ERROR - $5449.T: possibly delisted; no price data found  (period=5d)
2026-07-22 15:34:15,538 - ERROR - 
2 Failed downloads:
2026-07-22 15:34:15,539 - ERROR - ['4840.T', '5449.T']: possibly delisted; no price data found  (period=5d)
2026-07-22 15:37:11,124 - ERROR - $7940.T: possibly delisted; no price data found  (period=5d)
2026-07-22 15:37:20,464 - ERROR - 
1 Failed download:
2026-07-22 15:37:20,464 - ERROR - ['7940.T']: possibly delisted; no price data found  (period=5d)
2026-07-22 15:38:12,503 - ERROR - $8558.T: possibly delisted; no price data found  (period=5d)
2026-07-22 15:38:12,504 - ERROR - 
1 Failed download:
2026-07-22 15:38:12,504 - ERROR - ['8558.T']: possibly delisted; no price data found  (period=5d)
2026-07-22 15:39:53,213 - INFO - Successfully downloaded price changes for 3714 stocks.
2026-07-22 15:39:53,215 - INFO - Fetching news for sharp movers (±5%)...
2026-07-22 15:40:13,552 - INFO - Got news for 10 out of 99 sharp movers
2026-07-22 15:40:13,553 - INFO - Saving formatted Excel to /home/inhyuk/projects/dataScout/data_jp/daily_prices/jp_prices_20260722.xlsx...
2026-07-22 15:40:18,196 - INFO - DeepSeek response generated.
2026-07-22 15:40:18,200 - INFO - Sending daily report text to Telegram chat -1003877753638...
2026-07-22 15:40:19,304 - INFO - Report text sent successfully to Telegram.
2026-07-22 15:40:19,305 - INFO - Uploading Excel document to Telegram chat -1003877753638...
2026-07-22 15:40:21,880 - INFO - Excel document sent successfully to Telegram.
2026-07-22 15:40:21,880 - INFO - Generating AI market analysis...
2026-07-22 15:40:28,281 - INFO - DeepSeek response generated.
2026-07-22 15:40:28,282 - INFO - Sending AI market analysis to Telegram...
2026-07-22 15:40:29,273 - INFO - AI market analysis sent.

--- Generated Report Summary ---
🇯🇵 *[일본 증시 마감 일일 리포트]* 🇯🇵
📅 *기준일자: 2026-07-22*

🔥 *주요 상승 섹터/산업 TOP 5*
1. *Banks* (+1.55%)
2. *Marine Transportation* (+1.40%)
3. *Mining* (+1.23%)
4. *Nonferrous Metals* (+1.19%)
5. *Electric Appliances* (+1.14%)

❄️ *주요 하락 섹터/산업 BOTTOM 5*
1. *Pharmaceutical* (-0.71%)
2. *Air Transportation* (-0.62%)
3. *Warehousing and Harbor Transportation Service* (-0.59%)
4. *Rubber Products* (-0.52%)
5. *Land Transportation* (-0.50%)

💬 *섹터별 주목 종목 (AI)*
- Banks: Tsukuba Bank(+5.8%)과 Juroku Finan(+5.1%) 급등, 시총 대비 변동폭 커 단기 수급 집중.
- Marine Transportation: Meiji Shippi(+5.4%)와 KYOEI TANKER(+4.0%) 강세, 업종 내 중소형株 주도.
- Mining: Sumiseki Hol(+2.7%) 상승, INPEX(+1.0%) 시총 상위株 동반 강보합.
- Nonferrous Metals: Mitsui Kinzo(+7.6%) 급등, SWCC(+5.1%)·Sumitomo Ele(+5.0%) 동반 상승, 업종 전반 강세.
- Electric Appliances: Asterisk(+13.1%)·THine(+11.3%) 급등, Kioxia(+5.3%) 시총 상위株도 상승.
- Land Transportation: TAKASE CORPO(-4.4%) 하락 폭 가장 큼, 시총 상위株 약세 없음.
- Rubber Products: Showa Holdin(-6.7%) 급락, Sumitomo Rub(-2.4%)·Nitta(-2.1%) 동반 하락.
- Warehousing and Harbor Transportation Service: Shibusawa Lo(-14.0%) 급락, 시총 상위 DAIUN(+1.0%)만 유일 상승.
- Air Transportation: Japan Airlin(-1.8%)·ANA(-1.4%) 시총 상위株 동반 하락.
- Pharmaceutical: Cuorips(-10.0%)·Carna Biosci(-6.9%) 급락, CHUGAI(-0.8%)·Takeda(-0.1%) 시총 상위株 소폭 하락.

📌 *나의 관심 섹터/산업 현황*
- *Electric Appliances*: +1.14% (상위: Asterisk(+13.1%), THine El(+11.3%))
- *Transportation Equipment*: +0.80% (상위: Naikai Z(+9.0%), Namura S(+7.1%))
- *Chemicals*: +0.69% (상위: TAKI CHE(+10.9%), Nippon C(+6.2%))
- *Information & Communication*: -0.09% (상위: Ficha In(+34.5%), Amazia,i(+28.9%))
- *Pharmaceutical*: -0.71% (상위: K Pharma(+4.8%), Veritas (+4.5%))

🚀 *개별 종목 상승 TOP 5*
1. *4052.T* (Ficha Inc.) | ¥312 (*+34.48%*)
2. *4424.T* (Amazia,inc.) | ¥357 (*+28.88%*)
3. *3803.T* (Image Information In) | ¥532 (*+17.70%*)
4. *9399.T* (Beat Holdings Limite) | ¥15 (*+15.38%*)
5. *3907.T* (Silicon Studio Corp.) | ¥754 (*+15.29%*)

📉 *개별 종목 하락 TOP 5*
1. *6085.T* (ARCHITECTS STUDIO JA) | ¥127 (*-24.85%*)
2. *9256.T* (Succeed co.,ltd.) | ¥3,320 (*-17.41%*)
3. *9304.T* (Shibusawa Logistics ) | ¥1,837 (*-14.00%*)
4. *4381.T* (BPLATS,Inc.) | ¥359 (*-13.29%*)
5. *2345.T* (HODL1,inc.) | ¥95 (*-11.21%*)

📂 *전체 3,714개 종목의 마감 등락폭 상세 정보가 담긴 엑셀 파일을 첨부합니다.*
KRX 로그인 실패: KRX_ID 또는 KRX_PW 환경 변수가 설정되지 않았습니다.
2026-07-23 15:30:01,777 - INFO - Loading environment variables from .env file...
2026-07-23 15:30:01,788 - INFO - ==================================================
2026-07-23 15:30:01,788 - INFO -  Starting Daily JP Market Monitor (Test: False)
2026-07-23 15:30:01,788 - INFO - ==================================================
2026-07-23 15:30:02,444 - INFO - Processing trading date: 2026-07-23
2026-07-23 15:30:02,444 - INFO - Scraping JPX listed issues Excel URL...
2026-07-23 15:30:02,632 - INFO - Downloading JPX listed issues from: https://www.jpx.co.jp/english/markets/statistics-equities/misc/tvdivq0000001vg2-att/data_e.xls
2026-07-23 15:30:02,856 - INFO - Total metadata stocks loaded: 3721
2026-07-23 15:30:02,856 - INFO - Downloading daily prices for 3721 tickers in chunks of 300...
2026-07-23 15:30:16,448 - ERROR - $2160.T: possibly delisted; no price data found  (period=5d)
2026-07-23 15:30:16,454 - ERROR - 
1 Failed download:
2026-07-23 15:30:16,454 - ERROR - ['2160.T']: possibly delisted; no price data found  (period=5d)
2026-07-23 15:31:49,648 - ERROR - $3681.T: possibly delisted; no price data found  (period=5d)
2026-07-23 15:32:01,470 - ERROR - $3184.T: possibly delisted; no price data found  (period=5d)
2026-07-23 15:32:01,473 - ERROR - 
2 Failed downloads:
2026-07-23 15:32:01,473 - ERROR - ['3681.T', '3184.T']: possibly delisted; no price data found  (period=5d)
2026-07-23 15:33:41,598 - ERROR - $4320.T: possibly delisted; no price data found  (period=5d)
2026-07-23 15:33:41,607 - ERROR - 
1 Failed download:
2026-07-23 15:33:41,607 - ERROR - ['4320.T']: possibly delisted; no price data found  (period=5d)
2026-07-23 15:37:30,838 - ERROR - $7940.T: possibly delisted; no price data found  (period=5d)
2026-07-23 15:37:32,263 - ERROR - 
1 Failed download:
2026-07-23 15:37:32,263 - ERROR - ['7940.T']: possibly delisted; no price data found  (period=5d)
2026-07-23 15:40:16,275 - INFO - Successfully downloaded price changes for 3715 stocks.
2026-07-23 15:40:16,277 - INFO - Fetching news for sharp movers (±5%)...
2026-07-23 15:40:37,777 - INFO - Got news for 4 out of 75 sharp movers
2026-07-23 15:40:37,778 - INFO - Saving formatted Excel to /home/inhyuk/projects/dataScout/data_jp/daily_prices/jp_prices_20260723.xlsx...
2026-07-23 15:40:43,896 - INFO - DeepSeek response generated.
2026-07-23 15:40:43,901 - INFO - Sending daily report text to Telegram chat -1003877753638...
2026-07-23 15:40:45,013 - INFO - Report text sent successfully to Telegram.
2026-07-23 15:40:45,013 - INFO - Uploading Excel document to Telegram chat -1003877753638...
2026-07-23 15:40:47,650 - INFO - Excel document sent successfully to Telegram.
2026-07-23 15:40:47,650 - INFO - Generating AI market analysis...
2026-07-23 15:40:54,585 - INFO - DeepSeek response generated.
2026-07-23 15:40:54,586 - INFO - Sending AI market analysis to Telegram...
2026-07-23 15:40:55,641 - INFO - AI market analysis sent.

--- Generated Report Summary ---
🇯🇵 *[일본 증시 마감 일일 리포트]* 🇯🇵
📅 *기준일자: 2026-07-23*

🔥 *주요 상승 섹터/산업 TOP 5*
1. *Rubber Products* (+2.79%)
2. *Mining* (+1.17%)
3. *Banks* (+1.14%)
4. *Nonferrous Metals* (+1.05%)
5. *Machinery* (+0.65%)

❄️ *주요 하락 섹터/산업 BOTTOM 5*
1. *Land Transportation* (-0.55%)
2. *Marine Transportation* (-0.51%)
3. *Retail Trade* (-0.33%)
4. *Foods* (-0.28%)
5. *Electric Power and Gas* (-0.26%)

💬 *섹터별 주목 종목 (AI)*
- Rubber Products: Showa Holdin(+42.9%) 급등은 시총 대비 과도한 변동성으로 단기 추격은 리스크가 크며, Sumitomo Rub(+1.8%)은 시총 상위 종목 중 유일하게 안정적인 상승 흐름 유지.
- Mining: INPEX CORPOR(+2.0%)은 시총 1위이면서 섹터 상승을 주도, 에너지 가격 연동 움직임이 지속될 가능성.
- Banks: Mitsubishi U(+2.3%)와 Sumitomo Mit(+1.3%)는 대형 은행 중 견조한 상승세로 금리 상승 수혜 기대감 반영.
- Nonferrous Metals: Sumitomo Met(+5.0%)와 JX Advanced(+4.7%)는 시총 상위이면서 높은 등락률로 재료 민감도가 큰 구간.
- Machinery: ORIENTAL CHA(+17.3%)는 급등했으나 시총이 작아 변동성 주의, DISCO CORPOR(+1.3%)는 시총 1위로 안정적인 상승 지속.
- Electric Power and Gas: RENOVA,Inc.(-2.4%)는 시총 대비 낙폭이 커 단기 반등 가능성 모니터링, Chubu Electr(-0.4%)는 대형주 중 낙폭 제한.
- Foods: Ajinomoto Co(-3.1%)는 시총 2위이면서 하락 폭이 커 추가 하락 리스크 존재, JAPAN TOBACC(-1.2%)는 대형주 중 상대적 방어력.
- Retail Trade: Takashimaya(-6.5%)와 J.FRONT RETA(-5.8%)는 백화점 업종 약세 주도, FAST RETAILI(-1.7%)는 시총 1위지만 낙폭이 작아 상대적 강세.
- Marine Transportation: Meiji Shippi(-5.1%)는 급락했으나 시총이 작아 의미 제한, Nippon Yusen(-0.2%)은 대형주로 낙폭이 미미해 업종 내 방어주 역할.
- Land Transportation: East Japan R(-1.9%)는 시총 상위이면서 하락 폭이 상대적으로 커 철도 업종 약세 신호, Central Japa(+0.7%)는 유일한 상승 대형주로 차별화.

📌 *나의 관심 섹터/산업 현황*
- *Chemicals*: +0.35% (상위: TOMOEGAW(+15.3%), MIRAI IN(+7.7%))
- *Electric Appliances*: +0.28% (상위: RIVER EL(+10.2%), Asterisk(+9.0%))
- *Pharmaceutical*: +0.24% (상위: Tsubota (+19.3%), Cuorips (+16.7%))
- *Information & Communication*: -0.11% (상위: EYEZ,INC(+25.2%), LiNKX,In(+19.6%))
- *Transportation Equipment*: -0.13% (상위: NIKKI CO(+2.7%), KANEMITS(+2.5%))

🚀 *개별 종목 상승 TOP 5*
1. *5103.T* (Showa Holdings Co.,L) | ¥20 (*+42.86%*)
2. *2459.T* (AUN CONSULTING,Inc.) | ¥211 (*+31.06%*)
3. *5242.T* (EYEZ,INC.) | ¥1,990 (*+25.16%*)
4. *584A.T* (LiNKX,Inc.) | ¥3,070 (*+19.64%*)
5. *4890.T* (Tsubota Laboratory I) | ¥278 (*+19.31%*)

📉 *개별 종목 하락 TOP 5*
1. *9256.T* (Succeed co.,ltd.) | ¥2,620 (*-21.08%*)
2. *4598.T* (Delta-Fly Pharma,Inc) | ¥104 (*-17.46%*)
3. *5575.T* (Globee Inc.) | ¥1,070 (*-12.72%*)
4. *5253.T* (COVER Corporation) | ¥1,528 (*-9.69%*)
5. *278A.T* (Terra Drone Corporat) | ¥14,160 (*-8.94%*)

📂 *전체 3,715개 종목의 마감 등락폭 상세 정보가 담긴 엑셀 파일을 첨부합니다.*
KRX 로그인 실패: KRX_ID 또는 KRX_PW 환경 변수가 설정되지 않았습니다.
2026-07-24 15:30:01,996 - INFO - Loading environment variables from .env file...
2026-07-24 15:30:01,997 - INFO - ==================================================
2026-07-24 15:30:01,997 - INFO -  Starting Daily JP Market Monitor (Test: False)
2026-07-24 15:30:01,997 - INFO - ==================================================
2026-07-24 15:30:02,687 - INFO - Processing trading date: 2026-07-24
2026-07-24 15:30:02,687 - INFO - Scraping JPX listed issues Excel URL...
2026-07-24 15:30:03,055 - INFO - Downloading JPX listed issues from: https://www.jpx.co.jp/english/markets/statistics-equities/misc/tvdivq0000001vg2-att/data_e.xls
2026-07-24 15:30:03,512 - INFO - Total metadata stocks loaded: 3721
2026-07-24 15:30:03,512 - INFO - Downloading daily prices for 3721 tickers in chunks of 300...
2026-07-24 15:31:02,263 - ERROR - $2501.T: possibly delisted; no price data found  (period=5d)
2026-07-24 15:31:02,337 - ERROR - $2930.T: possibly delisted; no price data found  (period=5d)
2026-07-24 15:31:02,343 - ERROR - 
2 Failed downloads:
2026-07-24 15:31:02,343 - ERROR - ['2501.T', '2930.T']: possibly delisted; no price data found  (period=5d)
2026-07-24 15:31:40,948 - ERROR - $3681.T: possibly delisted; no price data found  (period=5d)
2026-07-24 15:31:43,920 - ERROR - 
1 Failed download:
2026-07-24 15:31:43,921 - ERROR - ['3681.T']: possibly delisted; no price data found  (period=5d)
2026-07-24 15:33:20,625 - ERROR - $4248.T: possibly delisted; no price data found  (period=5d)
2026-07-24 15:33:20,629 - ERROR - 
1 Failed download:
2026-07-24 15:33:20,629 - ERROR - ['4248.T']: possibly delisted; no price data found  (period=5d)
2026-07-24 15:35:05,912 - ERROR - $581A.T: possibly delisted; no price data found  (period=5d)
2026-07-24 15:35:05,920 - ERROR - 
1 Failed download:
2026-07-24 15:35:05,920 - ERROR - ['581A.T']: possibly delisted; no price data found  (period=5d)
2026-07-24 15:37:21,081 - ERROR - $7940.T: possibly delisted; no price data found  (period=5d)
2026-07-24 15:37:30,298 - ERROR - $7606.T: possibly delisted; no price data found  (period=5d)
2026-07-24 15:37:30,300 - ERROR - 
2 Failed downloads:
2026-07-24 15:37:30,301 - ERROR - ['7940.T', '7606.T']: possibly delisted; no price data found  (period=5d)
2026-07-24 15:40:06,768 - INFO - Successfully downloaded price changes for 3713 stocks.
2026-07-24 15:40:06,774 - INFO - Fetching news for sharp movers (±5%)...
2026-07-24 15:40:30,325 - INFO - Got news for 18 out of 111 sharp movers
2026-07-24 15:40:30,328 - INFO - Saving formatted Excel to /home/inhyuk/projects/dataScout/data_jp/daily_prices/jp_prices_20260724.xlsx...
2026-07-24 15:40:34,724 - INFO - DeepSeek response generated.
2026-07-24 15:40:34,732 - INFO - Sending daily report text to Telegram chat -1003877753638...
2026-07-24 15:40:35,920 - INFO - Report text sent successfully to Telegram.
2026-07-24 15:40:35,920 - INFO - Uploading Excel document to Telegram chat -1003877753638...
2026-07-24 15:40:38,640 - INFO - Excel document sent successfully to Telegram.
2026-07-24 15:40:38,641 - INFO - Generating AI market analysis...
2026-07-24 15:40:44,119 - INFO - DeepSeek response generated.
2026-07-24 15:40:44,120 - INFO - Sending AI market analysis to Telegram...
2026-07-24 15:40:45,144 - INFO - AI market analysis sent.

--- Generated Report Summary ---
🇯🇵 *[일본 증시 마감 일일 리포트]* 🇯🇵
📅 *기준일자: 2026-07-24*

🔥 *주요 상승 섹터/산업 TOP 5*
1. *Banks* (+0.89%)
2. *Marine Transportation* (+0.78%)
3. *Land Transportation* (+0.26%)
4. *Retail Trade* (+0.07%)
5. *Foods* (+0.02%)

❄️ *주요 하락 섹터/산업 BOTTOM 5*
1. *Nonferrous Metals* (-2.39%)
2. *Rubber Products* (-1.73%)
3. *Glass and Ceramics Products* (-1.49%)
4. *Precision Instruments* (-1.48%)
5. *Chemicals* (-1.37%)

💬 *섹터별 주목 종목 (AI)*
- Banks: The Ehime Ba(+11.5%) 급등 주목, 시총 상위 Mitsubishi UFJ(-0.0%)는 보합으로 대조적.
- Marine Transportation: Meiji Shippi(+4.3%) 강세, Nippon Yusen(+2.0%) 시총 대비 안정적 상승 유지.
- Land Transportation: Kintetsu Gro(+2.1%)·Hankyu Hansh(+2.0%) 상승 주도, 대형주 JR 동일본·서일본도 동반 강세.
- Retail Trade: Daiwa Co.,Lt(+9.6%)·Daikokuya Ho(+7.8%) 급등, FAST RETAILING(-1.0%)은 시총 상위지만 하락.
- Foods: YAMAZAKI BAK(+1.9%)·House Foods(+1.8%) 상승, Ajinomoto(-0.6%)는 시총 상위지만 소폭 하락.
- Chemicals: JAPAN PURE C(-15.0%)·Nippon Chemi(-10.1%) 급락, Shin-Etsu(-8.5%) 시총 상위도 큰 폭 하락.
- Precision Instruments: Terra Drone(-6.6%)·SUKEGAWA ELE(-6.5%) 급락, HOYA(-1.3%)는 시총 대비 하락 폭 제한.
- Glass and Ceramics Products: DANTO HOLDIN(-6.7%)·NIKKATO CORP(-6.2%) 급락, NGK(-2.3%)는 시총 상위 중 상대적 선방.
- Rubber Products: Showa Holdin(-14.3%) 급락, BRIDGESTONE(-1.2%) 시총 상위 대비 하락 폭 작음.
- Nonferrous Metals: Sumitomo Met(-6.0%)·Mitsui Kinzo(-5.9%) 급락, Fujikura(-3.5%)도 동반 하락.

📌 *나의 관심 섹터/산업 현황*
- *Information & Communication*: -0.45% (상위: monoAI t(+30.7%), Amazia,i(+15.9%))
- *Transportation Equipment*: -0.93% (상위: WEDS CO.(+3.8%), Japan En(+3.6%))
- *Pharmaceutical*: -1.02% (상위: Innovace(+5.6%), OncoTher(+5.3%))
- *Electric Appliances*: -1.28% (상위: KOA CORP(+11.9%), Abalance(+4.4%))
- *Chemicals*: -1.37% (상위: LIBERTA (+4.3%), NIHON NO(+4.0%))

🚀 *개별 종목 상승 TOP 5*
1. *5240.T* (monoAI technology Co) | ¥213 (*+30.67%*)
2. *4424.T* (Amazia,inc.) | ¥380 (*+15.85%*)
3. *5242.T* (EYEZ,INC.) | ¥2,288 (*+14.97%*)
4. *7034.T* (Prored Partners CO.,) | ¥458 (*+14.79%*)
5. *6548.T* (TABIKOBO Co.Ltd.) | ¥117 (*+14.71%*)

📉 *개별 종목 하락 TOP 5*
1. *9256.T* (Succeed co.,ltd.) | ¥2,120 (*-19.08%*)
2. *150A.T* (JSH Co.,Ltd.) | ¥556 (*-15.24%*)
3. *4973.T* (JAPAN PURE CHEMICAL ) | ¥4,370 (*-14.98%*)
4. *5103.T* (Showa Holdings Co.,L) | ¥18 (*-14.29%*)
5. *4894.T* (Cuorips Inc.) | ¥4,195 (*-14.12%*)

📂 *전체 3,713개 종목의 마감 등락폭 상세 정보가 담긴 엑셀 파일을 첨부합니다.*
KRX 로그인 실패: KRX_ID 또는 KRX_PW 환경 변수가 설정되지 않았습니다.
2026-07-27 15:30:02,431 - INFO - Loading environment variables from .env file...
2026-07-27 15:30:02,441 - INFO - ==================================================
2026-07-27 15:30:02,441 - INFO -  Starting Daily JP Market Monitor (Test: False)
2026-07-27 15:30:02,441 - INFO - ==================================================
2026-07-27 15:30:03,428 - INFO - Processing trading date: 2026-07-27
2026-07-27 15:30:03,428 - INFO - Scraping JPX listed issues Excel URL...
2026-07-27 15:30:03,704 - INFO - Downloading JPX listed issues from: https://www.jpx.co.jp/english/markets/statistics-equities/misc/tvdivq0000001vg2-att/data_e.xls
2026-07-27 15:30:04,135 - INFO - Total metadata stocks loaded: 3721
2026-07-27 15:30:04,135 - INFO - Downloading daily prices for 3721 tickers in chunks of 300...
2026-07-27 15:31:46,672 - ERROR - $3681.T: possibly delisted; no price data found  (period=5d)
2026-07-27 15:31:56,042 - ERROR - $3221.T: possibly delisted; no price data found  (period=5d)
2026-07-27 15:31:56,044 - ERROR - 
2 Failed downloads:
2026-07-27 15:31:56,044 - ERROR - ['3681.T', '3221.T']: possibly delisted; no price data found  (period=5d)
2026-07-27 15:34:24,552 - ERROR - $5279.T: possibly delisted; no price data found  (period=5d)
2026-07-27 15:34:24,562 - ERROR - $5199.T: possibly delisted; no price data found  (period=5d)
2026-07-27 15:34:24,590 - ERROR - $5189.T: possibly delisted; no price data found  (period=5d)
2026-07-27 15:34:24,593 - ERROR - 
3 Failed downloads:
2026-07-27 15:34:24,593 - ERROR - ['5279.T', '5199.T', '5189.T']: possibly delisted; no price data found  (period=5d)
2026-07-27 15:36:41,389 - ERROR - $7317.T: possibly delisted; no price data found  (period=5d)
2026-07-27 15:36:52,859 - ERROR - $6960.T: possibly delisted; no price data found  (period=5d)
2026-07-27 15:36:52,863 - ERROR - 
2 Failed downloads:
2026-07-27 15:36:52,864 - ERROR - ['7317.T', '6960.T']: possibly delisted; no price data found  (period=5d)
2026-07-27 15:37:33,213 - ERROR - $7940.T: possibly delisted; no price data found  (period=5d)
2026-07-27 15:37:36,210 - ERROR - 
1 Failed download:
2026-07-27 15:37:36,210 - ERROR - ['7940.T']: possibly delisted; no price data found  (period=5d)
2026-07-27 15:39:15,852 - ERROR - $9444.T: possibly delisted; no price data found  (period=5d)
2026-07-27 15:39:15,860 - ERROR - 
1 Failed download:
2026-07-27 15:39:15,860 - ERROR - ['9444.T']: possibly delisted; no price data found  (period=5d)
2026-07-27 15:40:12,594 - INFO - Successfully downloaded price changes for 3707 stocks.
2026-07-27 15:40:12,605 - INFO - Fetching news for sharp movers (±5%)...
2026-07-27 15:40:34,918 - INFO - Got news for 26 out of 162 sharp movers
2026-07-27 15:40:34,919 - INFO - Saving formatted Excel to /home/inhyuk/projects/dataScout/data_jp/daily_prices/jp_prices_20260727.xlsx...
2026-07-27 15:40:43,424 - INFO - DeepSeek response generated.
2026-07-27 15:40:43,429 - INFO - Sending daily report text to Telegram chat -1003877753638...
2026-07-27 15:40:44,591 - INFO - Report text sent successfully to Telegram.
2026-07-27 15:40:44,591 - INFO - Uploading Excel document to Telegram chat -1003877753638...
2026-07-27 15:40:47,217 - INFO - Excel document sent successfully to Telegram.
2026-07-27 15:40:47,217 - INFO - Generating AI market analysis...
2026-07-27 15:40:54,610 - INFO - DeepSeek response generated.
2026-07-27 15:40:54,611 - INFO - Sending AI market analysis to Telegram...
2026-07-27 15:40:55,734 - INFO - AI market analysis sent.

--- Generated Report Summary ---
🇯🇵 *[일본 증시 마감 일일 리포트]* 🇯🇵
📅 *기준일자: 2026-07-27*

🔥 *주요 상승 섹터/산업 TOP 5*
1. *Banks* (+2.05%)
2. *Insurance* (+1.65%)
3. *Information & Communication* (+1.60%)
4. *Transportation Equipment* (+1.59%)
5. *Land Transportation* (+1.56%)

❄️ *주요 하락 섹터/산업 BOTTOM 5*
1. *Rubber Products* (-1.00%)
2. *Mining* (0.13%)
3. *Fishery, Agriculture and Forestry* (0.15%)
4. *Nonferrous Metals* (0.49%)
5. *Electric Appliances* (0.53%)

💬 *섹터별 주목 종목 (AI)*
- Banks: Iyogin Holdi (+6.4%)와 The Yamagata (+4.9%) — 지방은행 위주 급등, 시총 상위 대형주 대비 상대적으로 작은 종목들이 강한 매수세를 보임.
- Insurance: Sony Financi (+4.7%)와 Sompo Holdin (+2.9%) — 금융 자회사 가치 재평가 및 손보 업종 전반 동반 상승, 시총 상위 Tokio Marine도 견조.
- Information & Communication: Ficha Inc. (+24.9%) — 급등폭이 가장 크나 시총 미공개로 단기 테마성 수급 의심; SoftBank Gro(-3.0%)는 대형주로 유일하게 하락해 업종 내 차별화 주목.
- Transportation Equipment: ISUZU MOTORS (+6.1%)와 TOYOTA MOTOR (+2.3%) — 상용차와 완성차 대표주 동반 강세, 시총 상위 혼다(+3.2%)도 상승폭 확대.
- Land Transportation: East Japan R (+3.6%)와 Central Japa (+3.3%) — 철도 대형주들이 일제히 상승, 여객 수요 회복 기대감 반영된 움직임.
- Electric Appliances: KOA CORPORAT (-9.2%) — 전자부품 업체 급락, 업종 내 다른 종목들도 대부분 약세지만 Tokyo Electr(-0.1%)는 낙폭 제한.
- Nonferrous Metals: Fujikura Ltd (-5.9%) — 전선·비철 대표주 약세, Sumitomo Ele(-4.6%)도 동반 하락해 업종 전반 조정 국면.
- Fishery, Agriculture and Forestry: HOB Co.,Ltd.(-10.0%) — 소형주 급락, 시총 상위 Nissui(+1.9%)와 Umios(+1.3%)는 오히려 상승해 업종 내 양극화 뚜렷.
- Mining: Japan Petrol(-3.0%)와 INPEX CORPOR(-2.7%) — 정유·자원주 동반 하락, 유가 약세 영향으로 보이나 시총 상위 종목들만 집계됨.
- Rubber Products: Showa Holdin(-41.2%) — 급락폭이 압도적, 개별 악재 가능성; BRIDGESTONE(+3.6%)은 대형주로 상승해 업종 내 극단적 디커플링.

📌 *나의 관심 섹터/산업 현황*
- *Information & Communication*: +1.60% (상위: Ficha In(+24.9%), EYEZ,INC(+22.6%))
- *Transportation Equipment*: +1.59% (상위: SAKURAI (+7.2%), ISUZU MO(+6.1%))
- *Pharmaceutical*: +0.98% (상위: CanBas C(+7.0%), Medrx Co(+6.3%))
- *Chemicals*: +0.77% (상위: Shiseido(+7.8%), FUJIFILM(+5.1%))
- *Electric Appliances*: +0.53% (상위: PLAT'HOM(+9.2%), SUNCORPO(+7.9%))

🚀 *개별 종목 상승 TOP 5*
1. *4052.T* (Ficha Inc.) | ¥401 (*+24.92%*)
2. *5242.T* (EYEZ,INC.) | ¥2,709 (*+22.63%*)
3. *5253.T* (COVER Corporation) | ¥1,650 (*+22.22%*)
4. *8995.T* (Makoto Construction ) | ¥943 (*+18.92%*)
5. *6993.T* (Daikokuya Holdings C) | ¥98 (*+18.07%*)

📉 *개별 종목 하락 TOP 5*
1. *5103.T* (Showa Holdings Co.,L) | ¥10 (*-41.18%*)
2. *4972.T* (Soken Chemical & Eng) | ¥3,095 (*-18.45%*)
3. *2693.T* (YKT CORPORATION) | ¥344 (*-13.78%*)
4. *2354.T* (YE DIGITAL Corporati) | ¥1,408 (*-12.00%*)
5. *7034.T* (Prored Partners CO.,) | ¥402 (*-11.26%*)

📂 *전체 3,707개 종목의 마감 등락폭 상세 정보가 담긴 엑셀 파일을 첨부합니다.*
KRX 로그인 실패: KRX_ID 또는 KRX_PW 환경 변수가 설정되지 않았습니다.
2026-07-28 15:30:02,251 - INFO - Loading environment variables from .env file...
2026-07-28 15:30:02,253 - INFO - ==================================================
2026-07-28 15:30:02,253 - INFO -  Starting Daily JP Market Monitor (Test: False)
2026-07-28 15:30:02,253 - INFO - ==================================================
2026-07-28 15:30:03,509 - INFO - Processing trading date: 2026-07-28
2026-07-28 15:30:03,509 - INFO - Scraping JPX listed issues Excel URL...
2026-07-28 15:30:03,891 - INFO - Downloading JPX listed issues from: https://www.jpx.co.jp/english/markets/statistics-equities/misc/tvdivq0000001vg2-att/data_e.xls
2026-07-28 15:30:04,103 - INFO - Total metadata stocks loaded: 3721
2026-07-28 15:30:04,103 - INFO - Downloading daily prices for 3721 tickers in chunks of 300...
2026-07-28 15:30:17,057 - ERROR - $1911.T: possibly delisted; no price data found  (period=5d)
2026-07-28 15:30:17,064 - ERROR - 
1 Failed download:
2026-07-28 15:30:17,064 - ERROR - ['1911.T']: possibly delisted; no price data found  (period=5d)
2026-07-28 15:31:07,764 - ERROR - $3086.T: possibly delisted; no price data found  (period=5d)
2026-07-28 15:31:08,065 - ERROR - 
1 Failed download:
2026-07-28 15:31:08,066 - ERROR - ['3086.T']: possibly delisted; no price data found  (period=5d)
2026-07-28 15:31:47,883 - ERROR - $3681.T: possibly delisted; no price data found  (period=5d)
2026-07-28 15:31:48,397 - ERROR - 
1 Failed download:
2026-07-28 15:31:48,397 - ERROR - ['3681.T']: possibly delisted; no price data found  (period=5d)
2026-07-28 15:32:43,223 - ERROR - $4206.T: possibly delisted; no price data found  (period=5d)
2026-07-28 15:32:43,226 - ERROR - 
1 Failed download:
2026-07-28 15:32:43,226 - ERROR - ['4206.T']: possibly delisted; no price data found  (period=5d)
2026-07-28 15:35:11,094 - ERROR - $5714.T: possibly delisted; no price data found  (period=5d)
2026-07-28 15:35:11,096 - ERROR - 
1 Failed download:
2026-07-28 15:35:11,096 - ERROR - ['5714.T']: possibly delisted; no price data found  (period=5d)
2026-07-28 15:36:47,153 - ERROR - $7317.T: possibly delisted; no price data found  (period=5d)
2026-07-28 15:36:57,028 - ERROR - $7065.T: possibly delisted; no price data found  (period=5d)
2026-07-28 15:36:57,033 - ERROR - 
2 Failed downloads:
2026-07-28 15:36:57,033 - ERROR - ['7317.T', '7065.T']: possibly delisted; no price data found  (period=5d)
2026-07-28 15:37:35,697 - ERROR - $7940.T: possibly delisted; no price data found  (period=5d)
2026-07-28 15:37:37,779 - ERROR - 
1 Failed download:
2026-07-28 15:37:37,779 - ERROR - ['7940.T']: possibly delisted; no price data found  (period=5d)
2026-07-28 15:40:23,391 - INFO - Successfully downloaded price changes for 3708 stocks.
2026-07-28 15:40:23,393 - INFO - Fetching news for sharp movers (±5%)...
2026-07-28 15:40:45,387 - INFO - Got news for 19 out of 303 sharp movers
2026-07-28 15:40:45,388 - INFO - Saving formatted Excel to /home/inhyuk/projects/dataScout/data_jp/daily_prices/jp_prices_20260728.xlsx...
2026-07-28 15:40:51,791 - INFO - DeepSeek response generated.
2026-07-28 15:40:51,795 - INFO - Sending daily report text to Telegram chat -1003877753638...
2026-07-28 15:40:53,041 - INFO - Report text sent successfully to Telegram.
2026-07-28 15:40:53,041 - INFO - Uploading Excel document to Telegram chat -1003877753638...
2026-07-28 15:40:55,867 - INFO - Excel document sent successfully to Telegram.
2026-07-28 15:40:55,868 - INFO - Generating AI market analysis...
2026-07-28 15:41:02,079 - INFO - DeepSeek response generated.
2026-07-28 15:41:02,080 - INFO - Sending AI market analysis to Telegram...
2026-07-28 15:41:03,127 - INFO - AI market analysis sent.

--- Generated Report Summary ---
🇯🇵 *[일본 증시 마감 일일 리포트]* 🇯🇵
📅 *기준일자: 2026-07-28*

🔥 *주요 상승 섹터/산업 TOP 5*
1. *Air Transportation* (+0.39%)
2. *Foods* (+0.24%)
3. *Land Transportation* (+0.20%)
4. *Retail Trade* (+0.02%)
5. *Real Estate* (+-0.48%)

❄️ *주요 하락 섹터/산업 BOTTOM 5*
1. *Electric Appliances* (-4.20%)
2. *Nonferrous Metals* (-3.65%)
3. *Precision Instruments* (-3.28%)
4. *Machinery* (-3.08%)
5. *Glass and Ceramics Products* (-2.96%)

💬 *섹터별 주목 종목 (AI)*
- Air Transportation: Japan Airlin(+1.4%)과 ANA HOLDINGS(+1.2%) 동반 상승, 업종 내 시총 상위 종목들이 견조한 흐름을 보여 눈여겨볼 만함.
- Foods: NICHIREI COR(+4.3%)과 YAMAZAKI BAK(+4.3%)이 동일한 등락률로 강세, 시총 상위인 Ajinomoto Co(-4.3%)와 대비되며 업종 내 차별화 주목.
- Land Transportation: East Japan R(+2.0%)과 Sotetsu Hold(+1.9%)이 상승 주도, 시총 상위 철도주들이 일제히 오르며 안정적인 수요 반영.
- Retail Trade: Seven & i Ho(+3.7%)와 FAST RETAILI(+3.0%)가 시총 상위에서 동반 상승, 소비 관련 대형주 강세가 인상적.
- Real Estate: Makoto Const(+15.9%)가 급등했으나 섹터는 하락(-0.48%), Mitsubishi E(-0.8%)와 Mitsui Fudos(+0.1%) 등 대형주 혼조로 인해 업종 전반 약세.
- Glass and Ceramics Products: FUJIMI INCOR(-10.3%)와 NITTO BOSEKI(-9.9%)가 급락, 시총 상위 NGK Corporat(-9.1%)도 동반 하락하며 섹터 전반 부진.
- Machinery: RORZE CORPOR(-13.9%)와 AIMECHATEC(-12.6%)가 급락, 시총 상위 Mitsubishi H(-2.9%)와 DAIKIN INDUS(-2.2%)도 하락해 전반적 약세.
- Precision Instruments: Terra Drone(-18.8%)과 V Technology(-10.7%)가 급락, HOYA CORPORA(-3.6%)도 하락했으나 TERUMO CORPO(+2.0%)는 유일한 상승 종목으로 대조적.
- Nonferrous Metals: Mitsui Kinzo(-9.9%)와 JX Advanced(-9.5%)가 급락, 시총 상위 Sumitomo Ele(-7.6%)와 Fujikura Ltd(-6.8%)도 동반 하락하며 섹터 전반 약세.
- Electric Appliances: Kioxia Holdi(-18.3%)와 Tokyo Electr(-10.9%)가 급락, 시총 상위 대형주들이 일제히 큰 폭 하락해 섹터 최하위.

📌 *나의 관심 섹터/산업 현황*
- *Information & Communication*: -0.90% (상위: SHIFT In(+9.2%), Mobilus (+8.6%))
- *Transportation Equipment*: -0.92% (상위: SAKURAI (+2.7%), FUJI OOZ(+2.1%))
- *Pharmaceutical*: -1.79% (상위: Solasia (+3.6%), CHUGAI P(+2.9%))
- *Chemicals*: -2.61% (상위: NIPPON P(+3.8%), TAKAGI S(+2.8%))
- *Electric Appliances*: -4.20% (상위: Fujitsu (+4.0%), NAGOYA E(+2.3%))

🚀 *개별 종목 상승 TOP 5*
1. *3054.T* (HYPER Inc.) | ¥295 (*+20.41%*)
2. *8995.T* (Makoto Construction ) | ¥1,093 (*+15.91%*)
3. *3697.T* (SHIFT Inc.) | ¥963 (*+9.19%*)
4. *4370.T* (Mobilus Corporation) | ¥327 (*+8.64%*)
5. *7063.T* (Birdman Inc.) | ¥97 (*+7.78%*)

📉 *개별 종목 하락 TOP 5*
1. *4881.T* (FunPep Company Limit) | ¥53 (*-22.06%*)
2. *5103.T* (Showa Holdings Co.,L) | ¥8 (*-20.00%*)
3. *4052.T* (Ficha Inc.) | ¥321 (*-19.95%*)
4. *278A.T* (Terra Drone Corporat) | ¥10,490 (*-18.81%*)
5. *285A.T* (Kioxia Holdings Corp) | ¥44,550 (*-18.33%*)

📂 *전체 3,708개 종목의 마감 등락폭 상세 정보가 담긴 엑셀 파일을 첨부합니다.*
KRX 로그인 실패: KRX_ID 또는 KRX_PW 환경 변수가 설정되지 않았습니다.
2026-07-29 15:30:02,336 - INFO - Loading environment variables from .env file...
2026-07-29 15:30:02,338 - INFO - ==================================================
2026-07-29 15:30:02,338 - INFO -  Starting Daily JP Market Monitor (Test: False)
2026-07-29 15:30:02,338 - INFO - ==================================================
2026-07-29 15:30:03,543 - INFO - Processing trading date: 2026-07-29
2026-07-29 15:30:03,543 - INFO - Scraping JPX listed issues Excel URL...
2026-07-29 15:30:03,780 - INFO - Downloading JPX listed issues from: https://www.jpx.co.jp/english/markets/statistics-equities/misc/tvdivq0000001vg2-att/data_e.xls
2026-07-29 15:30:04,033 - INFO - Total metadata stocks loaded: 3721
2026-07-29 15:30:04,033 - INFO - Downloading daily prices for 3721 tickers in chunks of 300...
2026-07-29 15:31:40,760 - ERROR - $3681.T: possibly delisted; no price data found  (period=5d)
2026-07-29 15:31:42,080 - ERROR - 
1 Failed download:
2026-07-29 15:31:42,080 - ERROR - ['3681.T']: possibly delisted; no price data found  (period=5d)
2026-07-29 15:34:02,387 - ERROR - $5201.T: possibly delisted; no price data found  (period=5d)
2026-07-29 15:34:02,397 - ERROR - 
1 Failed download:
2026-07-29 15:34:02,397 - ERROR - ['5201.T']: possibly delisted; no price data found  (period=5d)
2026-07-29 15:34:42,660 - ERROR - $5903.T: possibly delisted; no price data found  (period=5d)
2026-07-29 15:34:44,254 - ERROR - 
1 Failed download:
2026-07-29 15:34:44,254 - ERROR - ['5903.T']: possibly delisted; no price data found  (period=5d)
2026-07-29 15:36:09,192 - ERROR - $7317.T: possibly delisted; no price data found  (period=5d)
2026-07-29 15:36:20,340 - ERROR - 
1 Failed download:
2026-07-29 15:36:20,340 - ERROR - ['7317.T']: possibly delisted; no price data found  (period=5d)
2026-07-29 15:37:02,655 - ERROR - $7940.T: possibly delisted; no price data found  (period=5d)
2026-07-29 15:37:14,859 - ERROR - $7823.T: possibly delisted; no price data found  (period=5d)
2026-07-29 15:37:15,013 - ERROR - $7713.T: possibly delisted; no price data found  (period=5d)
2026-07-29 15:37:15,016 - ERROR - 
3 Failed downloads:
2026-07-29 15:37:15,017 - ERROR - ['7940.T', '7823.T', '7713.T']: possibly delisted; no price data found  (period=5d)
2026-07-29 15:39:53,698 - INFO - Successfully downloaded price changes for 3710 stocks.
2026-07-29 15:39:53,701 - INFO - Fetching news for sharp movers (±5%)...
2026-07-29 15:40:15,724 - INFO - Got news for 33 out of 329 sharp movers
2026-07-29 15:40:15,725 - INFO - Saving formatted Excel to /home/inhyuk/projects/dataScout/data_jp/daily_prices/jp_prices_20260729.xlsx...
2026-07-29 15:40:21,279 - INFO - DeepSeek response generated.
2026-07-29 15:40:21,284 - INFO - Sending daily report text to Telegram chat -1003877753638...
2026-07-29 15:40:22,416 - INFO - Report text sent successfully to Telegram.
2026-07-29 15:40:22,416 - INFO - Uploading Excel document to Telegram chat -1003877753638...
2026-07-29 15:40:25,346 - INFO - Excel document sent successfully to Telegram.
2026-07-29 15:40:25,346 - INFO - Generating AI market analysis...
2026-07-29 15:40:32,971 - INFO - DeepSeek response generated.
2026-07-29 15:40:32,972 - INFO - Sending AI market analysis to Telegram...
2026-07-29 15:40:34,007 - INFO - AI market analysis sent.

--- Generated Report Summary ---
🇯🇵 *[일본 증시 마감 일일 리포트]* 🇯🇵
📅 *기준일자: 2026-07-29*

🔥 *주요 상승 섹터/산업 TOP 5*
1. *Insurance* (+1.46%)
2. *Foods* (+1.45%)
3. *Land Transportation* (+1.19%)
4. *Retail Trade* (+1.19%)
5. *Other Financing Business* (+1.13%)

❄️ *주요 하락 섹터/산업 BOTTOM 5*
1. *Electric Appliances* (-2.96%)
2. *Banks* (-2.87%)
3. *Nonferrous Metals* (-2.68%)
4. *Precision Instruments* (-1.81%)
5. *Machinery* (-1.36%)

💬 *섹터별 주목 종목 (AI)*
- Insurance: Tokio Marine(+2.2%)과 MS&AD Insura(+0.2%)는 시총 상위 대형주로 안정적 상승세를 보이며 섹터 강세를 견인.
- Foods: KIKKOMAN COR(+4.8%)과 Kirin Holdin(+4.6%)은 시총 상위 종목 중 높은 등락률로 소비재 수요 강세 반영.
- Land Transportation: Central Japa(+4.0%)는 시총 상위 대형주로서 높은 상승률로 철도·운송 업황 회복 신호.
- Retail Trade: KOMERI CO.,L(+12.0%)은 등락률 1위로 급등했으나 시총이 작아 변동성 주의; FAST RETAILI(+1.1%)은 시총 대형주로 안정적 상승.
- Other Financing Business: ZENHOREN CO.(+11.7%)는 급등했으나 시총 미미; ORIX CORPORA(+1.3%)는 시총 상위 종목으로 견조한 흐름.
- Machinery: UNION TOOL C(-11.7%)와 TAZMO CO.,LT(-11.3%)는 급락했으나 시총 소형주; Mitsubishi H(-1.8%)는 시총 대형주로 낙폭 제한적.
- Precision Instruments: TOKYO SEIMIT(-9.3%)와 SEIKO GROUP(-7.5%)은 시총 중소형주 중심 급락; HOYA CORPORA(+0.8%)는 시총 대형주로 상대적 강세.
- Nonferrous Metals: Fujikura Ltd(-7.8%)와 Sumitomo Ele(-6.2%)는 시총 상위 종목으로 동반 하락, 업종 전반 약세.
- Banks: Mitsubishi U(-0.2%)와 Sumitomo Mit(-0.5%)는 시총 최상위 대형주로 낙폭이 작아 방어적; THE TAIKO BA(-7.9%)는 소형주 급락.
- Electric Appliances: Tokyo Electr(-10.9%)와 SCREEN Holdi(-17.9%)는 시총 대형 반도체 장비주 급락; SONY GROUP C(+4.0%)는 시총 최상위 종목으로 유일한 상승.

📌 *나의 관심 섹터/산업 현황*
- *Information & Communication*: +0.36% (상위: Silicon (+29.5%), CAPCOM C(+19.5%))
- *Transportation Equipment*: +0.31% (상위: SHIMANO (+11.3%), TOYOTA M(+7.4%))
- *Pharmaceutical*: -0.16% (상위: Innovace(+16.9%), ROHTO PH(+6.7%))
- *Chemicals*: -0.97% (상위: Shiseido(+7.1%), Nippon C(+5.1%))
- *Electric Appliances*: -2.96% (상위: Asterisk(+13.8%), KEYENCE (+9.2%))

🚀 *개별 종목 상승 TOP 5*
1. *3907.T* (Silicon Studio Corp.) | ¥1,318 (*+29.47%*)
2. *2767.T* (TSUBURAYA FIELDS HOL) | ¥2,330 (*+20.73%*)
3. *9697.T* (CAPCOM CO.,LTD.) | ¥4,218 (*+19.52%*)
4. *504A.T* (Innovacell Inc.) | ¥553 (*+16.91%*)
5. *6522.T* (Asterisk Inc.) | ¥1,660 (*+13.78%*)

📉 *개별 종목 하락 TOP 5*
1. *9256.T* (Succeed co.,ltd.) | ¥1,446 (*-21.67%*)
2. *7735.T* (SCREEN Holdings Co.,) | ¥11,640 (*-17.88%*)
3. *6525.T* (KOKUSAI ELECTRIC COR) | ¥6,042 (*-17.77%*)
4. *4479.T* (Makuake,Inc.) | ¥852 (*-16.80%*)
5. *285A.T* (Kioxia Holdings Corp) | ¥38,130 (*-14.41%*)

📂 *전체 3,710개 종목의 마감 등락폭 상세 정보가 담긴 엑셀 파일을 첨부합니다.*
KRX 로그인 실패: KRX_ID 또는 KRX_PW 환경 변수가 설정되지 않았습니다.
2026-07-30 15:30:02,549 - INFO - Loading environment variables from .env file...
2026-07-30 15:30:02,559 - INFO - ==================================================
2026-07-30 15:30:02,559 - INFO -  Starting Daily JP Market Monitor (Test: False)
2026-07-30 15:30:02,559 - INFO - ==================================================
2026-07-30 15:30:03,565 - INFO - Processing trading date: 2026-07-30
2026-07-30 15:30:03,565 - INFO - Scraping JPX listed issues Excel URL...
2026-07-30 15:30:03,730 - INFO - Downloading JPX listed issues from: https://www.jpx.co.jp/english/markets/statistics-equities/misc/tvdivq0000001vg2-att/data_e.xls
2026-07-30 15:30:03,944 - INFO - Total metadata stocks loaded: 3721
2026-07-30 15:30:03,944 - INFO - Downloading daily prices for 3721 tickers in chunks of 300...
2026-07-30 15:31:42,495 - ERROR - $3681.T: possibly delisted; no price data found  (period=5d)
2026-07-30 15:31:53,851 - ERROR - $3521.T: possibly delisted; no price data found  (period=5d)
2026-07-30 15:31:54,278 - ERROR - 
2 Failed downloads:
2026-07-30 15:31:54,278 - ERROR - ['3681.T', '3521.T']: possibly delisted; no price data found  (period=5d)
2026-07-30 15:35:03,816 - ERROR - $5903.T: possibly delisted; no price data found  (period=5d)
2026-07-30 15:35:14,660 - ERROR - 
1 Failed download:
2026-07-30 15:35:14,661 - ERROR - ['5903.T']: possibly delisted; no price data found  (period=5d)
2026-07-30 15:36:38,426 - ERROR - $7317.T: possibly delisted; no price data found  (period=5d)
2026-07-30 15:36:49,749 - ERROR - 
1 Failed download:
2026-07-30 15:36:49,749 - ERROR - ['7317.T']: possibly delisted; no price data found  (period=5d)
2026-07-30 15:37:32,496 - ERROR - $7940.T: possibly delisted; no price data found  (period=5d)
2026-07-30 15:37:43,220 - ERROR - 
1 Failed download:
2026-07-30 15:37:43,220 - ERROR - ['7940.T']: possibly delisted; no price data found  (period=5d)
2026-07-30 15:38:37,884 - ERROR - $8616.T: possibly delisted; no price data found  (period=5d)
2026-07-30 15:38:37,892 - ERROR - 
1 Failed download:
2026-07-30 15:38:37,892 - ERROR - ['8616.T']: possibly delisted; no price data found  (period=5d)
2026-07-30 15:40:28,513 - INFO - Successfully downloaded price changes for 3711 stocks.
2026-07-30 15:40:28,526 - INFO - Fetching news for sharp movers (±5%)...
2026-07-30 15:40:51,586 - INFO - Got news for 10 out of 117 sharp movers
2026-07-30 15:40:51,587 - INFO - Saving formatted Excel to /home/inhyuk/projects/dataScout/data_jp/daily_prices/jp_prices_20260730.xlsx...
2026-07-30 15:40:57,429 - INFO - DeepSeek response generated.
2026-07-30 15:40:57,434 - INFO - Sending daily report text to Telegram chat -1003877753638...
2026-07-30 15:40:58,493 - INFO - Report text sent successfully to Telegram.
2026-07-30 15:40:58,494 - INFO - Uploading Excel document to Telegram chat -1003877753638...
2026-07-30 15:41:01,189 - INFO - Excel document sent successfully to Telegram.
2026-07-30 15:41:01,190 - INFO - Generating AI market analysis...
2026-07-30 15:41:09,657 - INFO - DeepSeek response generated.
2026-07-30 15:41:09,658 - INFO - Sending AI market analysis to Telegram...
2026-07-30 15:41:10,725 - INFO - AI market analysis sent.

--- Generated Report Summary ---
🇯🇵 *[일본 증시 마감 일일 리포트]* 🇯🇵
📅 *기준일자: 2026-07-30*

🔥 *주요 상승 섹터/산업 TOP 5*
1. *Electric Appliances* (+0.71%)
2. *Nonferrous Metals* (+0.54%)
3. *Precision Instruments* (+0.49%)
4. *Machinery* (+0.35%)
5. *Wholesale Trade* (+0.24%)

❄️ *주요 하락 섹터/산업 BOTTOM 5*
1. *Banks* (-2.48%)
2. *Electric Power and Gas* (-1.19%)
3. *Land Transportation* (-0.90%)
4. *Other Financing Business* (-0.78%)
5. *Air Transportation* (-0.66%)

💬 *섹터별 주목 종목 (AI)*
- Electric Appliances: ADVANTEST CO(+11.1%)와 Tokyo Electr(+5.2%) — 반도체 장비 수요 기대감 속 시총 대형주 강세, 업종 내 견인 역할.
- Nonferrous Metals: Mitsui Kinzo(+4.6%)와 OSAKA Titani(+3.1%) — 비철금속 가격 상승 동반 매수세, 시총 상위 대비 높은 등락률 주목.
- Precision Instruments: Japan Tissue(+9.1%)와 IMV CORPORAT(+5.0%) — 소형주 위주 급등, 시총 대형 HOYA·TERUMO는 상대적 안정.
- Machinery: AIRMAN CORPO(+20.0%)와 KOMORI CORPO(+15.7%) — 특정 종목 급등으로 섹터 상승 견인, 시총 대형 Mitsubishi H·DAIKIN은 보합·약세.
- Wholesale Trade: TOMEN DEVICE(+9.5%)와 Restar Corpo(+8.9%) — 반도체·전자부품 유통 관련주 강세, 시총 대형 Mitsubishi C·ITOCHU는 소폭 하락.
- Air Transportation: Japan Airlin(-2.7%)와 ANA HOLDINGS(-2.4%) — 업종 내 전반 약세, 시총 상위 두 종목이 하락 주도.
- Other Financing Business: Japan Exchan(-5.4%)와 abc Co.,Ltd.(-5.0%) — 금융·거래소 관련주 급락, ORIX도 동반 하락.
- Land Transportation: Japan Oil Tr(-4.2%)와 Daiwa Motor(-4.0%) — 물류·운송주 약세, 시총 대형 East Japan R·Central Japa도 하락.
- Electric Power and Gas: eREX Co.,Ltd(-4.0%)와 RENOVA,Inc.(-3.7%) — 신재생·전력 소형주 낙폭 과대, 시총 대형 Kansai E·OSAKA GAS도 약세.
- Banks: The Fukui Ba(-5.4%)와 The Yamagata(-5.2%) — 지방은행 중심 급락, 시총 대형 Mitsubishi U·Sumitomo Mit도 3% 내외 하락.

📌 *나의 관심 섹터/산업 현황*
- *Electric Appliances*: +0.71% (상위: MINATO H(+16.5%), ADVANTES(+11.1%))
- *Transportation Equipment*: +0.13% (상위: Naikai Z(+6.0%), Axelspac(+3.8%))
- *Chemicals*: +0.01% (상위: DKS Co.L(+17.0%), Sekisui (+4.9%))
- *Information & Communication*: -0.22% (상위: TRADE WO(+10.0%), TalentX (+9.4%))
- *Pharmaceutical*: -0.42% (상위: CellSour(+5.4%), PRISM Bi(+4.9%))

🚀 *개별 종목 상승 TOP 5*
1. *6364.T* (AIRMAN CORPORATION) | ¥2,368 (*+20.02%*)
2. *4461.T* (DKS Co.Ltd.) | ¥10,330 (*+16.99%*)
3. *6862.T* (MINATO HOLDINGS INC.) | ¥1,826 (*+16.53%*)
4. *6349.T* (KOMORI CORPORATION) | ¥1,936 (*+15.72%*)
5. *2673.T* (YUMEMITSUKETAI Co.,L) | ¥121 (*+14.15%*)

📉 *개별 종목 하락 TOP 5*
1. *3930.T* (Hatena Co.,Ltd.) | ¥840 (*-26.32%*)
2. *3907.T* (Silicon Studio Corp.) | ¥1,033 (*-21.62%*)
3. *3931.T* (VALUE GOLF Inc.) | ¥1,562 (*-17.14%*)
4. *6577.T* (Bestone.Com Co.,Ltd) | ¥1,970 (*-16.63%*)
5. *7063.T* (Birdman Inc.) | ¥90 (*-13.46%*)

📂 *전체 3,711개 종목의 마감 등락폭 상세 정보가 담긴 엑셀 파일을 첨부합니다.*
KRX 로그인 실패: KRX_ID 또는 KRX_PW 환경 변수가 설정되지 않았습니다.
2026-07-31 15:30:01,715 - INFO - Loading environment variables from .env file...
2026-07-31 15:30:01,718 - INFO - ==================================================
2026-07-31 15:30:01,718 - INFO -  Starting Daily JP Market Monitor (Test: False)
2026-07-31 15:30:01,718 - INFO - ==================================================
2026-07-31 15:30:02,367 - INFO - Processing trading date: 2026-07-31
2026-07-31 15:30:02,367 - INFO - Scraping JPX listed issues Excel URL...
2026-07-31 15:30:02,919 - INFO - Downloading JPX listed issues from: https://www.jpx.co.jp/english/markets/statistics-equities/misc/tvdivq0000001vg2-att/data_e.xls
2026-07-31 15:30:03,120 - INFO - Total metadata stocks loaded: 3721
2026-07-31 15:30:03,120 - INFO - Downloading daily prices for 3721 tickers in chunks of 300...
2026-07-31 15:31:36,335 - ERROR - $3681.T: possibly delisted; no price data found  (period=5d)
2026-07-31 15:31:37,073 - ERROR - 
1 Failed download:
2026-07-31 15:31:37,073 - ERROR - ['3681.T']: possibly delisted; no price data found  (period=5d)
2026-07-31 15:34:36,847 - ERROR - $5903.T: possibly delisted; no price data found  (period=5d)
2026-07-31 15:34:47,539 - ERROR - $6180.T: possibly delisted; no price data found  (period=5d)
2026-07-31 15:34:47,547 - ERROR - 
2 Failed downloads:
2026-07-31 15:34:47,547 - ERROR - ['5903.T', '6180.T']: possibly delisted; no price data found  (period=5d)
2026-07-31 15:36:26,546 - ERROR - $7317.T: possibly delisted; no price data found  (period=5d)
2026-07-31 15:36:27,894 - ERROR - 
1 Failed download:
2026-07-31 15:36:27,894 - ERROR - ['7317.T']: possibly delisted; no price data found  (period=5d)
2026-07-31 15:37:07,621 - ERROR - $7940.T: possibly delisted; no price data found  (period=5d)
2026-07-31 15:37:08,965 - ERROR - 
1 Failed download:
2026-07-31 15:37:08,966 - ERROR - ['7940.T']: possibly delisted; no price data found  (period=5d)
2026-07-31 15:38:02,837 - ERROR - $8133.T: possibly delisted; no price data found  (period=5d)
2026-07-31 15:38:03,261 - ERROR - 
1 Failed download:
2026-07-31 15:38:03,261 - ERROR - ['8133.T']: possibly delisted; no price data found  (period=5d)
2026-07-31 15:39:44,340 - INFO - Successfully downloaded price changes for 3711 stocks.
2026-07-31 15:39:44,343 - INFO - Fetching news for sharp movers (±5%)...
2026-07-31 15:40:08,140 - INFO - Got news for 26 out of 407 sharp movers
2026-07-31 15:40:08,141 - INFO - Saving formatted Excel to /home/inhyuk/projects/dataScout/data_jp/daily_prices/jp_prices_20260731.xlsx...
2026-07-31 15:40:17,527 - INFO - DeepSeek response generated.
2026-07-31 15:40:17,533 - INFO - Sending daily report text to Telegram chat -1003877753638...
2026-07-31 15:40:18,587 - INFO - Report text sent successfully to Telegram.
2026-07-31 15:40:18,587 - INFO - Uploading Excel document to Telegram chat -1003877753638...
2026-07-31 15:40:21,465 - INFO - Excel document sent successfully to Telegram.
2026-07-31 15:40:21,465 - INFO - Generating AI market analysis...
2026-07-31 15:40:33,186 - INFO - DeepSeek response generated.
2026-07-31 15:40:33,187 - INFO - Sending AI market analysis to Telegram...
2026-07-31 15:40:34,188 - INFO - AI market analysis sent.

--- Generated Report Summary ---
🇯🇵 *[일본 증시 마감 일일 리포트]* 🇯🇵
📅 *기준일자: 2026-07-31*

🔥 *주요 상승 섹터/산업 TOP 5*
1. *Nonferrous Metals* (+5.29%)
2. *Electric Appliances* (+3.65%)
3. *Machinery* (+2.96%)
4. *Mining* (+2.95%)
5. *Precision Instruments* (+2.60%)

❄️ *주요 하락 섹터/산업 BOTTOM 5*
1. *Foods* (-1.74%)
2. *Land Transportation* (-1.46%)
3. *Retail Trade* (-0.87%)
4. *Fishery, Agriculture and Forestry* (-0.83%)
5. *Insurance* (-0.74%)

💬 *섹터별 주목 종목 (AI)*
- Nonferrous Metals: Mitsui Kinzo와 JX Advanced가 각각 +14%대 급등하며 섹터 상승을 주도, 전기·전자 소재 수요 기대가 반영된 움직임으로 시총 상위인 Sumitomo Ele(+2.9%)도 동반 강세.
- Electric Appliances: QD Laser(+19.7%)와 JAPAN ELECTR(+19.1%)가 단기 과열 구간이나, 시총 1위 Tokyo Electr(+6.3%)의 견조한 상승이 섹터 전체 신뢰도를 높이는 핵심.
- Machinery: RORZE CORPOR(+17.8%)와 AIMECHATEC(+17.3%)의 반도체 장비주 강세가 두드러지나, 대형주 DAIKIN(-1.0%)이 하락 전환한 점은 차익실현 압력 신호로 확인.
- Mining: Nittetsu Min(+11.3%)이 유일한 급등주로 시총 상위 INPEX(-0.2%)는 보합권에 머물러, 종목별 차별화가 뚜렷한 섹터.
- Precision Instruments: TOKYO SEIMIT(+11.4%)와 GLTECHNO(+10.9%)가 중소형 강세를 이끌지만, 시총 1위 TERUMO(-3.9%)가 급락해 대형주와 중소형주 간 온도차가 큼.
- Insurance: Tokio Marine(-0.8%)과 MS&AD(-1.3%) 등 대형 손보사가 소폭 하락에 그친 반면, FP Partner(-3.1%) 등 중소형주 낙폭이 커 방어적 성격이 강한 섹터.
- Fishery, Agriculture and Forestry: Umios(-2.9%)와 Nissui(-2.6%) 등 수산 대표주가 동반 약세, 시총 상위 종목이 없어 거래량 부족이 하락을 키운 요인으로 판단.
- Retail Trade: COSMOS Pharm(-6.9%)과 UNIFORM NEXT(-6.5%) 급락이 섹터를 끌어내렸고, FAST RETAILI(-1.0%)는 상대적으로 선방했으나 Seven & i(-5.5%)의 동반 약세가 부담.
- Land Transportation: NANKAI(-7.1%)와 Sotetsu(-6.4%) 등 사철·지방 철도주 급락이 두드러지며, East Japan R(-4.0%)과 Central Japa(-4.2%) 등 대형사도 동반 하락해 섹터 전반 약세.
- Foods: Coca-Cola Bo(-15.3%)와 Kanro(-12.5%) 급락이 섹터 하락을 주도했으나, JAPAN TOBACC(+6.3%)와 Ajinomoto(+2.3%)가 방어주 성격으로 상승 전환해 종목별 극심한 엇갈림.

📌 *나의 관심 섹터/산업 현황*
- *Electric Appliances*: +3.65% (상위: QD Laser(+19.7%), JAPAN EL(+19.1%))
- *Chemicals*: +2.04% (상위: DKS Co.L(+23.0%), SHIKOKU (+17.6%))
- *Pharmaceutical*: +0.49% (상위: BrightPa(+8.7%), HEALIOS (+8.7%))
- *Transportation Equipment*: +0.33% (상위: AeroEdge(+11.4%), MUSASHI (+7.2%))
- *Information & Communication*: +0.28% (상위: Ficha In(+30.5%), SoftBank(+13.9%))

🚀 *개별 종목 상승 TOP 5*
1. *4052.T* (Ficha Inc.) | ¥342 (*+30.53%*)
2. *4461.T* (DKS Co.Ltd.) | ¥12,710 (*+23.04%*)
3. *2737.T* (TOMEN DEVICES CORPOR) | ¥17,150 (*+21.20%*)
4. *6613.T* (QD Laser,Inc.) | ¥1,557 (*+19.68%*)
5. *5367.T* (NIKKATO CORPORATION) | ¥1,195 (*+19.38%*)

📉 *개별 종목 하락 TOP 5*
1. *2130.T* (Members Co.,Ltd.) | ¥889 (*-19.18%*)
2. *4307.T* (Nomura Research Inst) | ¥4,674 (*-16.18%*)
3. *2579.T* (Coca-Cola Bottlers J) | ¥3,804 (*-15.30%*)
4. *4902.T* (KONICA MINOLTA,INC.) | ¥590 (*-14.48%*)
5. *4549.T* (EIKEN CHEMICAL CO.,L) | ¥2,169 (*-13.62%*)

📂 *전체 3,711개 종목의 마감 등락폭 상세 정보가 담긴 엑셀 파일을 첨부합니다.*
KRX 로그인 실패: KRX_ID 또는 KRX_PW 환경 변수가 설정되지 않았습니다.
2026-08-03 15:30:02,159 - INFO - Loading environment variables from .env file...
2026-08-03 15:30:02,160 - INFO - ==================================================
2026-08-03 15:30:02,160 - INFO -  Starting Daily JP Market Monitor (Test: False)
2026-08-03 15:30:02,160 - INFO - ==================================================
2026-08-03 15:30:03,159 - INFO - Processing trading date: 2026-08-03
2026-08-03 15:30:03,160 - INFO - Scraping JPX listed issues Excel URL...
2026-08-03 15:30:03,339 - INFO - Downloading JPX listed issues from: https://www.jpx.co.jp/english/markets/statistics-equities/misc/tvdivq0000001vg2-att/data_e.xls
2026-08-03 15:30:03,575 - INFO - Total metadata stocks loaded: 3721
2026-08-03 15:30:03,575 - INFO - Downloading daily prices for 3721 tickers in chunks of 300...
2026-08-03 15:30:16,462 - ERROR - $1418.T: possibly delisted; no price data found  (period=5d)
2026-08-03 15:30:16,464 - ERROR - 
1 Failed download:
2026-08-03 15:30:16,465 - ERROR - ['1418.T']: possibly delisted; no price data found  (period=5d)
2026-08-03 15:31:45,129 - ERROR - $3681.T: possibly delisted; no price data found  (period=5d)
2026-08-03 15:31:47,712 - ERROR - 
1 Failed download:
2026-08-03 15:31:47,712 - ERROR - ['3681.T']: possibly delisted; no price data found  (period=5d)
2026-08-03 15:34:49,657 - ERROR - $5903.T: possibly delisted; no price data found  (period=5d)
2026-08-03 15:35:01,497 - ERROR - $6178.T: possibly delisted; no price data found  (period=5d)
2026-08-03 15:35:01,504 - ERROR - 
2 Failed downloads:
2026-08-03 15:35:01,505 - ERROR - ['5903.T', '6178.T']: possibly delisted; no price data found  (period=5d)
2026-08-03 15:36:25,444 - ERROR - $7317.T: possibly delisted; no price data found  (period=5d)
2026-08-03 15:36:28,148 - ERROR - 
1 Failed download:
2026-08-03 15:36:28,148 - ERROR - ['7317.T']: possibly delisted; no price data found  (period=5d)
2026-08-03 15:37:12,127 - ERROR - $7940.T: possibly delisted; no price data found  (period=5d)
2026-08-03 15:37:12,892 - ERROR - 
1 Failed download:
2026-08-03 15:37:12,892 - ERROR - ['7940.T']: possibly delisted; no price data found  (period=5d)
2026-08-03 15:39:53,832 - INFO - Successfully downloaded price changes for 3709 stocks.
2026-08-03 15:39:53,843 - INFO - Fetching news for sharp movers (±5%)...
2026-08-03 15:40:14,254 - INFO - Got news for 17 out of 153 sharp movers
2026-08-03 15:40:14,255 - INFO - Saving formatted Excel to /home/inhyuk/projects/dataScout/data_jp/daily_prices/jp_prices_20260803.xlsx...
2026-08-03 15:40:22,304 - INFO - DeepSeek response generated.
2026-08-03 15:40:22,309 - INFO - Sending daily report text to Telegram chat -1003877753638...
2026-08-03 15:40:23,491 - INFO - Report text sent successfully to Telegram.
2026-08-03 15:40:23,491 - INFO - Uploading Excel document to Telegram chat -1003877753638...
2026-08-03 15:40:26,722 - INFO - Excel document sent successfully to Telegram.
2026-08-03 15:40:26,722 - INFO - Generating AI market analysis...
2026-08-03 15:40:38,002 - INFO - DeepSeek response generated.
2026-08-03 15:40:38,003 - INFO - Sending AI market analysis to Telegram...
2026-08-03 15:40:39,099 - INFO - AI market analysis sent.

--- Generated Report Summary ---
🇯🇵 *[일본 증시 마감 일일 리포트]* 🇯🇵
📅 *기준일자: 2026-08-03*

🔥 *주요 상승 섹터/산업 TOP 5*
1. *Precision Instruments* (+0.94%)
2. *Marine Transportation* (+0.63%)
3. *Air Transportation* (+0.50%)
4. *Electric Appliances* (+0.44%)
5. *Electric Power and Gas* (+0.36%)

❄️ *주요 하락 섹터/산업 BOTTOM 5*
1. *Rubber Products* (-1.44%)
2. *Insurance* (-1.34%)
3. *Oil and Coal Products* (-1.30%)
4. *Land Transportation* (-1.28%)
5. *Other Financing Business* (-1.15%)

💬 *섹터별 주목 종목 (AI)*
- Precision Instruments: Terra Drone(+12.4%)과 SEIKO GROUP(+7.4%)이 업종 상승을 주도, 드론 및 시계 수요 기대감이 반영된 모습이나 HOYA(+2.3%) 대비 TERUMO(-0.5%)는 상대적 약세.
- Marine Transportation: NS United(+3.9%)과 KYOEI TANKER(+3.8%) 등 중소형주 강세가 두드러지나, 시총 상위 Nippon Yusen(-1.7%)·Mitsui O.S.K(-2.1%)은 하락해 대형주와 중소형주 간 디커플링 확인.
- Air Transportation: Skymark(+2.2%)이 업종 내 가장 큰 상승, Japan Airlin(+1.0%)과 ANA(+1.0%)는 동반 상승하며 전 종목 강세로 방향성 일치.
- Electric Appliances: Maxell(+24.2%)과 CASIO(+22.7%)의 급등이 업종 상승을 견인, Kioxia(+5.0%)도 동반 강세이나 시총 1위 Tokyo Electr(-1.3%)는 하락 전환해 대형 반도체 장비 약세.
- Electric Power and Gas: Kyushu Elect(+4.0%)가 시총 상위 중 가장 강한 상승, ASTMAX(+4.9%)와 Okinawa(+4.5%)도 동반 상승했으나 OSAKA GAS(-1.9%)는 유일하게 하락.
- Other Financing Business: Orient(-5.2%)과 Tokyo Centur(-3.7%) 급락이 업종 하락을 주도, ORIX(-1.1%)·Japan Exchan(-1.2%)도 동반 약세로 전반적 위험회피 심리 반영.
- Land Transportation: East Japan R(-6.6%)이 시총 상위 종목 중 가장 큰 낙폭, SANKYU(-5.1%)와 FUKUYAMA(-3.9%)도 급락해 철도·물류 업종 전반 매도 압력 집중.
- Oil and Coal Products: COSMO(-3.6%)와 Idemitsu(-2.9%)가 동반 하락, ENEOS(-2.3%)도 약세를 보이며 유가 관련 업종 전반 부진.
- Insurance: Sompo(-3.5%)와 Tokio Marine(-3.1%)이 시총 상위에서 큰 낙폭, MS&AD(-2.4%)도 하락해 손해보험 3사 동반 약세.
- Rubber Products: Showa Holdin(-14.3%) 급락이 업종 하락을 주도, Yokohama(-4.7%)와 Sumitomo Rub(-4.1%)도 동반 하락, BRIDGESTONE(-1.6%)은 상대적 방어.

📌 *나의 관심 섹터/산업 현황*
- *Electric Appliances*: +0.44% (상위: Maxell,L(+24.2%), CASIO CO(+22.7%))
- *Chemicals*: -0.15% (상위: RIKEN TE(+19.7%), Sumitomo(+11.7%))
- *Information & Communication*: -0.21% (상위: Ficha In(+30.5%), BPLATS,I(+28.3%))
- *Transportation Equipment*: -0.75% (상위: HI-LEX C(+11.4%), DAIHATSU(+6.3%))
- *Pharmaceutical*: -0.86% (상위: Otsuka H(+4.3%), Delta-Fl(+3.9%))

🚀 *개별 종목 상승 TOP 5*
1. *4052.T* (Ficha Inc.) | ¥342 (*+30.53%*)
2. *4381.T* (BPLATS,Inc.) | ¥363 (*+28.27%*)
3. *6810.T* (Maxell,Ltd.) | ¥2,570 (*+24.15%*)
4. *2737.T* (TOMEN DEVICES CORPOR) | ¥26,140 (*+23.59%*)
5. *6952.T* (CASIO COMPUTER CO.,L) | ¥2,164 (*+22.67%*)

📉 *개별 종목 하락 TOP 5*
1. *6085.T* (ARCHITECTS STUDIO JA) | ¥70 (*-20.45%*)
2. *3856.T* (Abalance Corporation) | ¥410 (*-19.61%*)
3. *5214.T* (Nippon Electric Glas) | ¥4,394 (*-17.45%*)
4. *5034.T* (unerry,Inc.) | ¥2,066 (*-16.83%*)
5. *6870.T* (Fenwal Controls of J) | ¥2,226 (*-15.49%*)

📂 *전체 3,709개 종목의 마감 등락폭 상세 정보가 담긴 엑셀 파일을 첨부합니다.*
KRX 로그인 실패: KRX_ID 또는 KRX_PW 환경 변수가 설정되지 않았습니다.
2026-08-04 15:30:02,099 - INFO - Loading environment variables from .env file...
2026-08-04 15:30:02,109 - INFO - ==================================================
2026-08-04 15:30:02,109 - INFO -  Starting Daily JP Market Monitor (Test: False)
2026-08-04 15:30:02,109 - INFO - ==================================================
2026-08-04 15:30:02,875 - INFO - Processing trading date: 2026-08-04
2026-08-04 15:30:02,875 - INFO - Scraping JPX listed issues Excel URL...
2026-08-04 15:30:03,208 - INFO - Downloading JPX listed issues from: https://www.jpx.co.jp/english/markets/statistics-equities/misc/tvdivq0000001vg2-att/data_e.xls
2026-08-04 15:30:03,514 - INFO - Total metadata stocks loaded: 3721
2026-08-04 15:30:03,515 - INFO - Downloading daily prices for 3721 tickers in chunks of 300...
2026-08-04 15:30:16,143 - ERROR - $2109.T: possibly delisted; no price data found  (period=5d)
2026-08-04 15:30:16,151 - ERROR - 
1 Failed download:
2026-08-04 15:30:16,151 - ERROR - ['2109.T']: possibly delisted; no price data found  (period=5d)
2026-08-04 15:31:41,784 - ERROR - $3681.T: possibly delisted; no price data found  (period=5d)
2026-08-04 15:31:42,426 - ERROR - $3271.T: possibly delisted; no price data found  (period=5d)
2026-08-04 15:31:43,222 - ERROR - 
2 Failed downloads:
2026-08-04 15:31:43,222 - ERROR - ['3681.T', '3271.T']: possibly delisted; no price data found  (period=5d)
2026-08-04 15:34:53,043 - ERROR - $5903.T: possibly delisted; no price data found  (period=5d)
2026-08-04 15:34:53,047 - ERROR - 
1 Failed download:
2026-08-04 15:34:53,048 - ERROR - ['5903.T']: possibly delisted; no price data found  (period=5d)
2026-08-04 15:36:22,950 - ERROR - $7317.T: possibly delisted; no price data found  (period=5d)
2026-08-04 15:36:23,759 - ERROR - 
1 Failed download:
2026-08-04 15:36:23,759 - ERROR - ['7317.T']: possibly delisted; no price data found  (period=5d)
2026-08-04 15:37:07,535 - ERROR - $7940.T: possibly delisted; no price data found  (period=5d)
2026-08-04 15:37:16,806 - ERROR - 
1 Failed download:
2026-08-04 15:37:16,806 - ERROR - ['7940.T']: possibly delisted; no price data found  (period=5d)
2026-08-04 15:38:11,565 - ERROR - $8273.T: possibly delisted; no price data found  (period=5d)
2026-08-04 15:38:11,567 - ERROR - 
1 Failed download:
2026-08-04 15:38:11,567 - ERROR - ['8273.T']: possibly delisted; no price data found  (period=5d)
2026-08-04 15:39:50,772 - INFO - Successfully downloaded price changes for 3708 stocks.
2026-08-04 15:39:50,783 - INFO - Fetching news for sharp movers (±5%)...
2026-08-04 15:40:13,132 - INFO - Got news for 22 out of 168 sharp movers
2026-08-04 15:40:13,133 - INFO - Saving formatted Excel to /home/inhyuk/projects/dataScout/data_jp/daily_prices/jp_prices_20260804.xlsx...
2026-08-04 15:40:23,085 - INFO - DeepSeek response generated.
2026-08-04 15:40:23,090 - INFO - Sending daily report text to Telegram chat -1003877753638...
2026-08-04 15:40:24,271 - INFO - Report text sent successfully to Telegram.
2026-08-04 15:40:24,272 - INFO - Uploading Excel document to Telegram chat -1003877753638...
2026-08-04 15:40:26,825 - INFO - Excel document sent successfully to Telegram.
2026-08-04 15:40:26,825 - INFO - Generating AI market analysis...
2026-08-04 15:40:34,925 - INFO - DeepSeek response generated.
2026-08-04 15:40:34,926 - INFO - Sending AI market analysis to Telegram...
2026-08-04 15:40:35,970 - INFO - AI market analysis sent.

--- Generated Report Summary ---
🇯🇵 *[일본 증시 마감 일일 리포트]* 🇯🇵
📅 *기준일자: 2026-08-04*

🔥 *주요 상승 섹터/산업 TOP 5*
1. *Nonferrous Metals* (+2.29%)
2. *Marine Transportation* (+2.08%)
3. *Precision Instruments* (+2.01%)
4. *Electric Appliances* (+1.82%)
5. *Machinery* (+1.76%)

❄️ *주요 하락 섹터/산업 BOTTOM 5*
1. *Land Transportation* (-1.44%)
2. *Foods* (-0.90%)
3. *Securities and Commodities Futures* (-0.72%)
4. *Fishery, Agriculture and Forestry* (-0.70%)
5. *Insurance* (-0.49%)

💬 *섹터별 주목 종목 (AI)*
- Nonferrous Metals: Fujikura Ltd(+7.9%)와 Sumitomo Ele(+4.6%)이 업종 상승을 주도하며 시총 상위 종목의 동반 강세가 견조함. Furukawa Ele(+11.6%)의 급등은 개별 재료로 보이나, 전선 업종 전반의 수급 개선이 확인됨.
- Marine Transportation: Mitsui O.S.K(+4.3%)와 Meiji Shippi(+4.2%)가 시총 대비 안정적 상승을 보이며 업종 상승을 견인. NS United Ka(+9.3%)의 급등은 중소형주 순환매로 해석되나, Nippon Yusen(-0.8%)의 약세는 대형주 차별화 가능성.
- Precision Instruments: Terra Drone(+19.5%)의 급등은 개별 종목 이슈로 보이나, HOYA(+2.2%)와 Japan Tissue(+6.7%)의 동반 상승으로 업종 전반의 수급이 개선된 흐름. TERUMO(0.0%)는 보합으로 대형주 관망세.
- Electric Appliances: Kioxia Holdi(+5.6%)가 시총 상위 종목 중 가장 큰 상승을 기록하며 반도체 관련 수급이 집중됨. Tokyo Electr(+2.7%)도 동반 상승해 업종 상승의 중심축을 형성. ADTEC PLASMA(+17.1%)는 개별 급등으로 분류.
- Machinery: Mitsubishi H(+7.9%)와 FUJI CORPORA(+9.4%)가 시총 상위와 중형주 동반 강세를 보이며 업종 전반의 상승 탄력이 높음. DISCO(+0.7%)는 상대적 약세로 시총 상위 내 차별화.
- Insurance: JAPAN POST I(-2.1%)와 Tokio Marine(-2.0%) 등 대형 손보주가 일제히 하락하며 업종 약세를 주도. MS&AD(-1.5%)도 동반 하락해 금리·배당 매력 약화에 따른 차익실현으로 해석.
- Fishery, Agriculture and Forestry: HOKUTO(-1.8%), Nissui(-1.8%), Umios(-1.8%)가 모두 동일한 하락률을 기록하며 업종 전반의 균일한 약세. 특정 종목보다는 섹터 전반의 수급 이탈이 뚜렷.
- Securities and Commodities Futures: OKASAN(-3.4%)과 Daiwa(-2.0%)가 하락을 주도한 반면, Nomura(+0.8%)는 홀로 상승해 대형 증권주 내 차별화가 확인됨. unbanked(-3.1%)는 중소형주 약세.
- Foods: NH Foods(-8.2%)와 House Foods(-6.7%)의 급락이 업종 하락을 주도. 반면 Ajinomoto(+1.3%)는 홀로 상승해 필수소비재 내 방어주 선호가 극명하게 갈림.
- Land Transportation: YAMATO(-6.3%)의 급락이 업종 전체를 끌어내림. Sotetsu(-4.3%)와 Nishi-Nippon(-4.1%) 등 중형주도 동반 약세로, 물류·철도 전반의 수요 둔화 우려가 반영된 흐름.

📌 *나의 관심 섹터/산업 현황*
- *Electric Appliances*: +1.82% (상위: Asterisk(+17.6%), ADTEC PL(+17.1%))
- *Chemicals*: +1.01% (상위: Sekisui (+8.1%), Aica Kog(+7.9%))
- *Pharmaceutical*: +0.73% (상위: FunPep C(+8.9%), Innovace(+6.6%))
- *Information & Communication*: +0.39% (상위: TOSHIN H(+36.7%), BPLATS,I(+22.0%))
- *Transportation Equipment*: +0.03% (상위: Yamaha M(+12.2%), Axelspac(+5.6%))

🚀 *개별 종목 상승 TOP 5*
1. *9444.T* (TOSHIN HOLDINGS CO.,) | ¥298 (*+36.70%*)
2. *4381.T* (BPLATS,Inc.) | ¥443 (*+22.04%*)
3. *278A.T* (Terra Drone Corporat) | ¥14,340 (*+19.50%*)
4. *2737.T* (TOMEN DEVICES CORPOR) | ¥31,150 (*+19.12%*)
5. *4073.T* (Global Communication) | ¥629 (*+18.90%*)

📉 *개별 종목 하락 TOP 5*
1. *9625.T* (CERESPO CO.,LTD.) | ¥855 (*-20.83%*)
2. *3856.T* (Abalance Corporation) | ¥330 (*-19.51%*)
3. *4052.T* (Ficha Inc.) | ¥342 (*-18.96%*)
4. *6632.T* (JVCKENWOOD Corporati) | ¥929 (*-18.45%*)
5. *7460.T* (YAGI & CO.,LTD.) | ¥1,586 (*-12.08%*)

📂 *전체 3,708개 종목의 마감 등락폭 상세 정보가 담긴 엑셀 파일을 첨부합니다.*
KRX 로그인 실패: KRX_ID 또는 KRX_PW 환경 변수가 설정되지 않았습니다.
2026-08-05 15:30:01,907 - INFO - Loading environment variables from .env file...
2026-08-05 15:30:01,917 - INFO - ==================================================
2026-08-05 15:30:01,917 - INFO -  Starting Daily JP Market Monitor (Test: False)
2026-08-05 15:30:01,917 - INFO - ==================================================
2026-08-05 15:30:03,058 - INFO - Processing trading date: 2026-08-05
2026-08-05 15:30:03,058 - INFO - Scraping JPX listed issues Excel URL...
2026-08-05 15:30:03,383 - INFO - Downloading JPX listed issues from: https://www.jpx.co.jp/english/markets/statistics-equities/misc/tvdivq0000001vg2-att/data_e.xls
2026-08-05 15:30:03,693 - INFO - Total metadata stocks loaded: 3718
2026-08-05 15:30:03,694 - INFO - Downloading daily prices for 3718 tickers in chunks of 300...
2026-08-05 15:36:32,446 - ERROR - $6951.T: possibly delisted; no price data found  (period=5d)
2026-08-05 15:36:32,455 - ERROR - 
1 Failed download:
2026-08-05 15:36:32,455 - ERROR - ['6951.T']: possibly delisted; no price data found  (period=5d)
2026-08-05 15:38:03,960 - ERROR - $8713.T: possibly delisted; no price data found  (period=5d)
2026-08-05 15:38:03,963 - ERROR - 
1 Failed download:
2026-08-05 15:38:03,964 - ERROR - ['8713.T']: possibly delisted; no price data found  (period=5d)
2026-08-05 15:39:39,754 - INFO - Successfully downloaded price changes for 3712 stocks.
2026-08-05 15:39:39,768 - INFO - Fetching news for sharp movers (±5%)...
2026-08-05 15:40:04,823 - INFO - Got news for 30 out of 316 sharp movers
2026-08-05 15:40:04,824 - INFO - Saving formatted Excel to /home/inhyuk/projects/dataScout/data_jp/daily_prices/jp_prices_20260805.xlsx...
2026-08-05 15:40:10,827 - INFO - DeepSeek response generated.
2026-08-05 15:40:10,832 - INFO - Sending daily report text to Telegram chat -1003877753638...
2026-08-05 15:40:12,028 - INFO - Report text sent successfully to Telegram.
2026-08-05 15:40:12,028 - INFO - Uploading Excel document to Telegram chat -1003877753638...
2026-08-05 15:40:14,882 - INFO - Excel document sent successfully to Telegram.
2026-08-05 15:40:14,882 - INFO - Generating AI market analysis...
2026-08-05 15:40:20,701 - INFO - DeepSeek response generated.
2026-08-05 15:40:20,702 - INFO - Sending AI market analysis to Telegram...
2026-08-05 15:40:21,768 - INFO - AI market analysis sent.

--- Generated Report Summary ---
🇯🇵 *[일본 증시 마감 일일 리포트]* 🇯🇵
📅 *기준일자: 2026-08-05*

🔥 *주요 상승 섹터/산업 TOP 5*
1. *Nonferrous Metals* (+4.89%)
2. *Electric Appliances* (+3.61%)
3. *Banks* (+2.38%)
4. *Chemicals* (+2.32%)
5. *Precision Instruments* (+2.26%)

❄️ *주요 하락 섹터/산업 BOTTOM 5*
1. *Fishery, Agriculture and Forestry* (-0.11%)
2. *Land Transportation* (-0.04%)
3. *Warehousing and Harbor Transportation Service* (-0.03%)
4. *Foods* (-0.02%)
5. *Electric Power and Gas* (0.03%)

💬 *섹터별 주목 종목 (AI)*
- Nonferrous Metals: Fujikura Ltd와 Sumitomo Ele이 각각 +10.0%, +9.4%로 업종 상승을 주도, 시총 상위인 Sumitomo Ele의 동반 강세가 지속성 관건.
- Electric Appliances: IBIDEN이 +24.5%로 급등하며 업종 견인, Kioxia(+4.3%)는 시총 대비 상승 폭이 제한적이나 반도체 수요 회복 기대감 반영.
- Banks: North Pacific(+6.2%)과 The Shimizu(+6.2%)가 동반 강세, 지방은행주의 상대적 저평가 매력이 부각된 모습.
- Chemicals: ARAKAWA CHEM(+20.7%)과 DKS(+16.0%)가 급등, 시총 상위 Shin-Etsu(+2.8%)는 안정적 상승으로 업종 전체 신뢰도 지지.
- Precision Instruments: SIGMA KOKI(+11.4%)와 NAGANO KEIKI(+7.2%) 강세, TERUMO(-1.3%)는 시총 상위지만 약세로 업종 상승률과 괴리.
- Electric Power and Gas: Hokuriku Ele(-2.0%)와 Kyushu Elect(-1.9%) 약세, DIGITAL GRID(+0.4%)만 소폭 상승하며 차별화.
- Foods: NISSIN FOODS(-6.8%) 급락이 업종 하락 주도, Ajinomoto(+7.9%)는 시총 상위로 강세이나 전체 지수 방어엔 역부족.
- Warehousing: MITSUI-SOKO(-11.2%) 급락이 업종 하락의 핵심, AIT(-0.1%)는 상대적 선방이나 거래량 동반 확인 필요.
- Land Transportation: SEIBU(-2.9%)와 Nishi-Nippon(-1.9%) 약세, TOKYU(-0.7%)는 시총 상위로 낙폭 제한적이나 업종 전반 부진.
- Fishery: Umios(-2.1%)와 HOB(-1.6%) 하락, Nissui(-0.9%)는 시총 상위로 낙폭 작아 상대적 방어력 확인.

📌 *나의 관심 섹터/산업 현황*
- *Electric Appliances*: +3.61% (상위: IBIDEN C(+24.5%), SHIZUKI (+16.6%))
- *Chemicals*: +2.32% (상위: ARAKAWA (+20.7%), DKS Co.L(+16.0%))
- *Transportation Equipment*: +1.91% (상위: Yamaha M(+19.2%), DAIDO ME(+9.2%))
- *Pharmaceutical*: +0.94% (상위: AnGes,In(+6.4%), BrightPa(+6.1%))
- *Information & Communication*: +0.94% (상위: Silicon (+24.8%), Global C(+18.9%))

🚀 *개별 종목 상승 TOP 5*
1. *3907.T* (Silicon Studio Corp.) | ¥1,510 (*+24.79%*)
2. *4062.T* (IBIDEN CO.,LTD.) | ¥20,330 (*+24.49%*)
3. *4968.T* (ARAKAWA CHEMICAL IND) | ¥2,337 (*+20.65%*)
4. *7272.T* (Yamaha Motor Co.,Ltd) | ¥1,801 (*+19.19%*)
5. *4073.T* (Global Communication) | ¥629 (*+18.90%*)

📉 *개별 종목 하락 TOP 5*
1. *4772.T* (SM ENTERTAINMENT JAP) | ¥68 (*-17.07%*)
2. *5446.T* (HOKUETSU METAL Co.,L) | ¥1,088 (*-12.96%*)
3. *6088.T* (SIGMAXYZ Holdings In) | ¥511 (*-11.90%*)
4. *9302.T* (MITSUI-SOKO HOLDINGS) | ¥3,145 (*-11.18%*)
5. *6841.T* (YOKOGAWA ELECTRIC CO) | ¥5,270 (*-10.59%*)

📂 *전체 3,712개 종목의 마감 등락폭 상세 정보가 담긴 엑셀 파일을 첨부합니다.*
KRX 로그인 실패: KRX_ID 또는 KRX_PW 환경 변수가 설정되지 않았습니다.
2026-08-06 15:30:02,183 - INFO - Loading environment variables from .env file...
2026-08-06 15:30:02,184 - INFO - ==================================================
2026-08-06 15:30:02,185 - INFO -  Starting Daily JP Market Monitor (Test: False)
2026-08-06 15:30:02,185 - INFO - ==================================================
2026-08-06 15:30:03,285 - INFO - Processing trading date: 2026-08-06
2026-08-06 15:30:03,285 - INFO - Scraping JPX listed issues Excel URL...
2026-08-06 15:30:03,783 - INFO - Downloading JPX listed issues from: https://www.jpx.co.jp/english/markets/statistics-equities/misc/tvdivq0000001vg2-att/data_e.xls
2026-08-06 15:30:04,158 - INFO - Total metadata stocks loaded: 3718
2026-08-06 15:30:04,158 - INFO - Downloading daily prices for 3718 tickers in chunks of 300...
2026-08-06 15:30:16,903 - ERROR - $1770.T: possibly delisted; no price data found  (period=5d)
2026-08-06 15:30:16,910 - ERROR - 
1 Failed download:
2026-08-06 15:30:16,911 - ERROR - ['1770.T']: possibly delisted; no price data found  (period=5d)
2026-08-06 15:31:59,173 - ERROR - $3559.T: possibly delisted; no price data found  (period=5d)
2026-08-06 15:31:59,602 - ERROR - 
1 Failed download:
2026-08-06 15:31:59,603 - ERROR - ['3559.T']: possibly delisted; no price data found  (period=5d)
2026-08-06 15:33:39,870 - ERROR - $4707.T: possibly delisted; no price data found  (period=5d)
2026-08-06 15:33:39,872 - ERROR - 
1 Failed download:
2026-08-06 15:33:39,873 - ERROR - ['4707.T']: possibly delisted; no price data found  (period=5d)
2026-08-06 15:34:30,709 - ERROR - $4885.T: possibly delisted; no price data found  (period=5d)
2026-08-06 15:34:30,719 - ERROR - 
1 Failed download:
2026-08-06 15:34:30,720 - ERROR - ['4885.T']: possibly delisted; no price data found  (period=5d)
2026-08-06 15:40:14,513 - INFO - Successfully downloaded price changes for 3710 stocks.
2026-08-06 15:40:14,542 - INFO - Fetching news for sharp movers (±5%)...
2026-08-06 15:40:35,154 - INFO - Got news for 24 out of 170 sharp movers
2026-08-06 15:40:35,155 - INFO - Saving formatted Excel to /home/inhyuk/projects/dataScout/data_jp/daily_prices/jp_prices_20260806.xlsx...
2026-08-06 15:40:36,205 - WARNING - DeepSeek API error: HTTP 402 {"error":{"message":"Insufficient Balance","type":"unknown_error","param":null,"code":"invalid_request_error"}}
2026-08-06 15:40:36,210 - INFO - Sending daily report text to Telegram chat -1003877753638...
2026-08-06 15:40:37,339 - INFO - Report text sent successfully to Telegram.
2026-08-06 15:40:37,339 - INFO - Uploading Excel document to Telegram chat -1003877753638...
2026-08-06 15:40:40,015 - INFO - Excel document sent successfully to Telegram.
2026-08-06 15:40:40,015 - INFO - Generating AI market analysis...
2026-08-06 15:40:40,514 - WARNING - DeepSeek API error: HTTP 402 {"error":{"message":"Insufficient Balance","type":"unknown_error","param":null,"code":"invalid_request_error"}}
2026-08-06 15:40:40,515 - WARNING - AI market analysis generation skipped or failed.

--- Generated Report Summary ---
🇯🇵 *[일본 증시 마감 일일 리포트]* 🇯🇵
📅 *기준일자: 2026-08-06*

🔥 *주요 상승 섹터/산업 TOP 5*
1. *Banks* (+2.31%)
2. *Iron and Steel* (+1.48%)
3. *Foods* (+1.46%)
4. *Oil and Coal Products* (+1.38%)
5. *Other Financing Business* (+1.26%)

❄️ *주요 하락 섹터/산업 BOTTOM 5*
1. *Electric Appliances* (-1.15%)
2. *Nonferrous Metals* (-1.03%)
3. *Glass and Ceramics Products* (-0.65%)
4. *Marine Transportation* (-0.47%)
5. *Precision Instruments* (-0.35%)

📌 *나의 관심 섹터/산업 현황*
- *Chemicals*: +0.68% (상위: TOKYO PR(+18.5%), Sumitomo(+14.5%))
- *Pharmaceutical*: +0.45% (상위: Astellas(+6.8%), Eisai Co(+3.8%))
- *Transportation Equipment*: +0.30% (상위: Yamaha M(+3.6%), UNIVANCE(+2.7%))
- *Information & Communication*: +0.12% (상위: INTELLIG(+26.0%), Ficha In(+21.1%))
- *Electric Appliances*: -1.15% (상위: OMRON Co(+15.6%), Nisshinb(+8.7%))

🚀 *개별 종목 상승 TOP 5*
1. *4847.T* (INTELLIGENT WAVE INC) | ¥1,260 (*+26.00%*)
2. *3103.T* (UNITIKA LTD.) | ¥1,231 (*+22.00%*)
3. *4052.T* (Ficha Inc.) | ¥460 (*+21.05%*)
4. *7094.T* (NexTone Inc.) | ¥1,767 (*+19.72%*)
5. *4635.T* (TOKYO PRINTING INK M) | ¥1,983 (*+18.53%*)

📉 *개별 종목 하락 TOP 5*
1. *7760.T* (IMV CORPORATION) | ¥2,201 (*-18.51%*)
2. *3110.T* (NITTO BOSEKI CO.,LTD) | ¥2,898 (*-18.48%*)
3. *6266.T* (TAZMO CO.,LTD.) | ¥3,885 (*-15.27%*)
4. *6941.T* (YAMAICHI ELECTRONICS) | ¥8,720 (*-15.01%*)
5. *3628.T* (DATA HORIZON CO.,LTD) | ¥574 (*-14.71%*)

📂 *전체 3,710개 종목의 마감 등락폭 상세 정보가 담긴 엑셀 파일을 첨부합니다.*
KRX 로그인 실패: KRX_ID 또는 KRX_PW 환경 변수가 설정되지 않았습니다.
2026-08-07 15:30:01,744 - INFO - Loading environment variables from .env file...
2026-08-07 15:30:01,746 - INFO - ==================================================
2026-08-07 15:30:01,746 - INFO -  Starting Daily JP Market Monitor (Test: False)
2026-08-07 15:30:01,746 - INFO - ==================================================
2026-08-07 15:30:02,578 - INFO - Processing trading date: 2026-08-07
2026-08-07 15:30:02,578 - INFO - Scraping JPX listed issues Excel URL...
2026-08-07 15:30:02,853 - INFO - Downloading JPX listed issues from: https://www.jpx.co.jp/english/markets/statistics-equities/misc/tvdivq0000001vg2-att/data_e.xls
2026-08-07 15:30:03,096 - INFO - Total metadata stocks loaded: 3718
2026-08-07 15:30:03,096 - INFO - Downloading daily prices for 3718 tickers in chunks of 300...
2026-08-07 15:30:14,844 - ERROR - $1717.T: possibly delisted; no price data found  (period=5d)
2026-08-07 15:30:15,501 - ERROR - $2186.T: possibly delisted; no price data found  (period=5d)
2026-08-07 15:30:15,548 - ERROR - $2304.T: possibly delisted; no price data found  (period=5d)
2026-08-07 15:30:16,253 - ERROR - $205A.T: possibly delisted; no price data found  (period=5d)
2026-08-07 15:30:16,254 - ERROR - 
4 Failed downloads:
2026-08-07 15:30:16,254 - ERROR - ['1717.T', '2186.T', '2304.T', '205A.T']: possibly delisted; no price data found  (period=5d)
2026-08-07 15:31:56,076 - ERROR - $3667.T: possibly delisted; no price data found  (period=5d)
2026-08-07 15:31:56,085 - ERROR - 
1 Failed download:
2026-08-07 15:31:56,085 - ERROR - ['3667.T']: possibly delisted; no price data found  (period=5d)
2026-08-07 15:34:17,226 - ERROR - $5240.T: possibly delisted; no price data found  (period=5d)
2026-08-07 15:34:17,227 - ERROR - 
1 Failed download:
2026-08-07 15:34:17,227 - ERROR - ['5240.T']: possibly delisted; no price data found  (period=5d)
2026-08-07 15:38:28,461 - ERROR - $8891.T: possibly delisted; no price data found  (period=5d)
2026-08-07 15:38:28,465 - ERROR - 
1 Failed download:
2026-08-07 15:38:28,465 - ERROR - ['8891.T']: possibly delisted; no price data found  (period=5d)
2026-08-07 15:39:21,509 - ERROR - $9039.T: possibly delisted; no price data found  (period=5d)
2026-08-07 15:39:21,515 - ERROR - 
1 Failed download:
2026-08-07 15:39:21,515 - ERROR - ['9039.T']: possibly delisted; no price data found  (period=5d)
2026-08-07 15:40:16,443 - INFO - Successfully downloaded price changes for 3706 stocks.
2026-08-07 15:40:16,455 - INFO - Fetching news for sharp movers (±5%)...
2026-08-07 15:40:40,082 - INFO - Got news for 13 out of 214 sharp movers
2026-08-07 15:40:40,083 - INFO - Saving formatted Excel to /home/inhyuk/projects/dataScout/data_jp/daily_prices/jp_prices_20260807.xlsx...
2026-08-07 15:40:41,093 - WARNING - DeepSeek API error: HTTP 402 {"error":{"message":"Insufficient Balance","type":"unknown_error","param":null,"code":"invalid_request_error"}}
2026-08-07 15:40:41,098 - INFO - Sending daily report text to Telegram chat -1003877753638...
2026-08-07 15:40:42,204 - INFO - Report text sent successfully to Telegram.
2026-08-07 15:40:42,204 - INFO - Uploading Excel document to Telegram chat -1003877753638...
2026-08-07 15:40:44,782 - INFO - Excel document sent successfully to Telegram.
2026-08-07 15:40:44,783 - INFO - Generating AI market analysis...
2026-08-07 15:40:45,362 - WARNING - DeepSeek API error: HTTP 402 {"error":{"message":"Insufficient Balance","type":"unknown_error","param":null,"code":"invalid_request_error"}}
2026-08-07 15:40:45,363 - WARNING - AI market analysis generation skipped or failed.

--- Generated Report Summary ---
🇯🇵 *[일본 증시 마감 일일 리포트]* 🇯🇵
📅 *기준일자: 2026-08-07*

🔥 *주요 상승 섹터/산업 TOP 5*
1. *Oil and Coal Products* (+1.51%)
2. *Rubber Products* (+1.45%)
3. *Land Transportation* (+1.12%)
4. *Pulp and Paper* (+0.98%)
5. *Insurance* (+0.92%)

❄️ *주요 하락 섹터/산업 BOTTOM 5*
1. *Mining* (-1.17%)
2. *Precision Instruments* (-0.87%)
3. *Transportation Equipment* (-0.86%)
4. *Electric Appliances* (-0.85%)
5. *Machinery* (-0.68%)

📌 *나의 관심 섹터/산업 현황*
- *Pharmaceutical*: +0.77% (상위: ROHTO PH(+21.2%), Otsuka H(+4.4%))
- *Chemicals*: +0.41% (상위: Achilles(+21.5%), Sun A.Ka(+14.5%))
- *Information & Communication*: -0.10% (상위: Ficha In(+14.8%), Silicon (+10.8%))
- *Electric Appliances*: -0.85% (상위: PHC Hold(+19.4%), Nippon T(+19.2%))
- *Transportation Equipment*: -0.86% (상위: F-TECH I(+4.5%), ARCHION (+3.7%))

🚀 *개별 종목 상승 TOP 5*
1. *5142.T* (Achilles Corporation) | ¥1,694 (*+21.52%*)
2. *4527.T* (ROHTO PHARMACEUTICAL) | ¥2,862 (*+21.16%*)
3. *3422.T* (J-MAX Co.,Ltd.) | ¥603 (*+19.88%*)
4. *6523.T* (PHC Holdings Corpora) | ¥1,299 (*+19.39%*)
5. *6998.T* (Nippon Tungsten Co.,) | ¥3,120 (*+19.17%*)

📉 *개별 종목 하락 TOP 5*
1. *6787.T* (Meiko Electronics Co) | ¥18,790 (*-21.02%*)
2. *7271.T* (YASUNAGA CORPORATION) | ¥795 (*-20.66%*)
3. *3103.T* (UNITIKA LTD.) | ¥1,028 (*-18.28%*)
4. *2413.T* (M3,Inc.) | ¥1,512 (*-17.87%*)
5. *4901.T* (FUJIFILM Holdings Co) | ¥3,219 (*-16.99%*)

📂 *전체 3,706개 종목의 마감 등락폭 상세 정보가 담긴 엑셀 파일을 첨부합니다.*
KRX 로그인 실패: KRX_ID 또는 KRX_PW 환경 변수가 설정되지 않았습니다.
2026-08-10 15:30:02,292 - INFO - Loading environment variables from .env file...
2026-08-10 15:30:02,301 - INFO - ==================================================
2026-08-10 15:30:02,301 - INFO -  Starting Daily JP Market Monitor (Test: False)
2026-08-10 15:30:02,301 - INFO - ==================================================
2026-08-10 15:30:03,331 - INFO - Processing trading date: 2026-08-10
2026-08-10 15:30:03,331 - INFO - Scraping JPX listed issues Excel URL...
2026-08-10 15:30:03,604 - INFO - Downloading JPX listed issues from: https://www.jpx.co.jp/english/markets/statistics-equities/misc/tvdivq0000001vg2-att/data_e.xls
2026-08-10 15:30:04,036 - INFO - Total metadata stocks loaded: 3718
2026-08-10 15:30:04,036 - INFO - Downloading daily prices for 3718 tickers in chunks of 300...
2026-08-10 15:30:58,524 - ERROR - $2488.T: possibly delisted; no price data found  (period=5d)
2026-08-10 15:30:59,051 - ERROR - $2705.T: possibly delisted; no price data found  (period=5d)
2026-08-10 15:30:59,055 - ERROR - 
2 Failed downloads:
2026-08-10 15:30:59,055 - ERROR - ['2488.T', '2705.T']: possibly delisted; no price data found  (period=5d)
2026-08-10 15:32:39,875 - ERROR - $4189.T: possibly delisted; no price data found  (period=5d)
2026-08-10 15:32:39,884 - ERROR - 
1 Failed download:
2026-08-10 15:32:39,884 - ERROR - ['4189.T']: possibly delisted; no price data found  (period=5d)
2026-08-10 15:38:23,383 - ERROR - $8628.T: possibly delisted; no price data found  (period=5d)
2026-08-10 15:38:23,392 - ERROR - 
1 Failed download:
2026-08-10 15:38:23,392 - ERROR - ['8628.T']: possibly delisted; no price data found  (period=5d)
2026-08-10 15:40:00,743 - INFO - Successfully downloaded price changes for 3710 stocks.
2026-08-10 15:40:00,748 - INFO - Fetching news for sharp movers (±5%)...
2026-08-10 15:40:22,741 - INFO - Got news for 16 out of 240 sharp movers
2026-08-10 15:40:22,742 - INFO - Saving formatted Excel to /home/inhyuk/projects/dataScout/data_jp/daily_prices/jp_prices_20260810.xlsx...
2026-08-10 15:40:28,081 - INFO - DeepSeek response generated (deepseek-chat).
2026-08-10 15:40:28,086 - INFO - Sending daily report text to Telegram chat -1003877753638...
2026-08-10 15:40:29,193 - INFO - Report text sent successfully to Telegram.
2026-08-10 15:40:29,194 - INFO - Uploading Excel document to Telegram chat -1003877753638...
2026-08-10 15:40:31,787 - INFO - Excel document sent successfully to Telegram.
2026-08-10 15:40:31,787 - INFO - Generating AI market analysis...
2026-08-10 15:40:38,591 - INFO - DeepSeek response generated (deepseek-chat).
2026-08-10 15:40:38,592 - INFO - Sending AI market analysis to Telegram...
2026-08-10 15:40:39,634 - INFO - AI market analysis sent.

--- Generated Report Summary ---
🇯🇵 *[일본 증시 마감 일일 리포트]* 🇯🇵
📅 *기준일자: 2026-08-10*

🔥 *주요 상승 섹터/산업 TOP 5*
1. *Mining* (+2.56%)
2. *Nonferrous Metals* (+1.82%)
3. *Precision Instruments* (+1.31%)
4. *Marine Transportation* (+1.30%)
5. *Electric Appliances* (+1.09%)

❄️ *주요 하락 섹터/산업 BOTTOM 5*
1. *Banks* (-1.65%)
2. *Oil and Coal Products* (-1.02%)
3. *Insurance* (-0.81%)
4. *Fishery, Agriculture and Forestry* (-0.69%)
5. *Air Transportation* (-0.62%)

💬 *섹터별 주목 종목 (AI)*
- Mining: INPEX CORPOR(+3.0%)이 시총 상위에서 견조한 상승을 보이며 섹터 상승을 주도, 자원 가격 상승 수혜가 반영된 흐름.
- Nonferrous Metals: Fujikura Ltd(+8.2%)와 Sumitomo Ele(+1.8%)이 시총 상위에서 동반 강세, 전선·비철 수요 기대가 반영된 모습.
- Precision Instruments: OLYMPUS CORP(+9.3%)과 TERUMO CORPO(+8.3%)이 시총 상위에서 급등, 의료기기 수요 회복 기대가 반영된 흐름.
- Marine Transportation: Mitsui O.S.K(+1.5%)이 시총 상위에서 상승을 유지, 운임 안정세가 반영된 모습.
- Electric Appliances: SYSMEX CORPO(+18.9%)이 시총 상위에서 급등, 진단기기 수요 증가 기대가 반영된 흐름.
- Air Transportation: ANA HOLDINGS(-1.1%)이 시총 상위에서 하락, 항공 수요 둔화 우려가 반영된 모습.
- Fishery, Agriculture and Forestry: Nissui Corpo(-0.1%)이 시총 상위에서 소폭 하락에 그쳐 방어적 성격을 보임.
- Insurance: Daiichi Life(-4.5%)과 T&D Holdings(-2.6%)이 시총 상위에서 동반 하락, 금리·보험업황 부진 우려가 반영된 흐름.
- Oil and Coal Products: ENEOS Holdin(-6.0%)이 시총 상위에서 급락, 정제마진 악화 우려가 반영된 모습.
- Banks: JAPAN POST B(-3.3%)과 Fukuoka Fina(-4.5%)이 시총 상위에서 하락, 금리 상승 기대 약화가 반영된 흐름.

📌 *나의 관심 섹터/산업 현황*
- *Electric Appliances*: +1.09% (상위: ENOMOTO (+19.6%), SYSMEX C(+18.9%))
- *Pharmaceutical*: +1.09% (상위: Innovace(+8.3%), Cuorips (+8.0%))
- *Information & Communication*: +0.75% (상위: DIGITAL (+19.9%), Ficha In(+18.8%))
- *Chemicals*: +0.59% (상위: New Japa(+19.6%), SANWAYUK(+15.5%))
- *Transportation Equipment*: +0.44% (상위: GMB CORP(+5.8%), TEIN,INC(+5.4%))

🚀 *개별 종목 상승 TOP 5*
1. *6570.T* (Kyowa Corporation) | ¥2,602 (*+23.79%*)
2. *6098.T* (Recruit Holdings Co.) | ¥16,165 (*+22.79%*)
3. *6258.T* (HIRATA Corporation) | ¥3,865 (*+22.12%*)
4. *8783.T* (abc Co.,Ltd.) | ¥72 (*+22.03%*)
5. *5985.T* (SUNCALL CORPORATION) | ¥1,750 (*+20.69%*)

📉 *개별 종목 하락 TOP 5*
1. *4889.T* (Renascience Inc.) | ¥1,119 (*-26.33%*)
2. *4263.T* (SUSMED,Inc.) | ¥558 (*-21.19%*)
3. *4751.T* (CyberAgent,Inc.) | ¥1,247 (*-16.78%*)
4. *6145.T* (NITTOKU CO.,LTD.) | ¥2,324 (*-15.09%*)
5. *4182.T* (Mitsubishi Gas Chemi) | ¥3,823 (*-14.24%*)

📂 *전체 3,710개 종목의 마감 등락폭 상세 정보가 담긴 엑셀 파일을 첨부합니다.*
KRX 로그인 실패: KRX_ID 또는 KRX_PW 환경 변수가 설정되지 않았습니다.
2026-08-11 15:30:02,173 - INFO - Loading environment variables from .env file...
2026-08-11 15:30:02,183 - INFO - ==================================================
2026-08-11 15:30:02,183 - INFO -  Starting Daily JP Market Monitor (Test: False)
2026-08-11 15:30:02,183 - INFO - ==================================================
2026-08-11 15:30:02,877 - INFO - JP market was closed on expected trading date 2026-08-11. Skipping report.
KRX 로그인 실패: KRX_ID 또는 KRX_PW 환경 변수가 설정되지 않았습니다.
2026-08-12 15:30:02,417 - INFO - Loading environment variables from .env file...
2026-08-12 15:30:02,428 - INFO - ==================================================
2026-08-12 15:30:02,428 - INFO -  Starting Daily JP Market Monitor (Test: False)
2026-08-12 15:30:02,428 - INFO - ==================================================
2026-08-12 15:30:03,585 - INFO - Processing trading date: 2026-08-12
2026-08-12 15:30:03,585 - INFO - Scraping JPX listed issues Excel URL...
2026-08-12 15:30:03,800 - INFO - Downloading JPX listed issues from: https://www.jpx.co.jp/english/markets/statistics-equities/misc/tvdivq0000001vg2-att/data_e.xls
2026-08-12 15:30:04,066 - INFO - Total metadata stocks loaded: 3718
2026-08-12 15:30:04,066 - INFO - Downloading daily prices for 3718 tickers in chunks of 300...
2026-08-12 15:30:17,348 - ERROR - $1967.T: possibly delisted; no price data found  (period=5d)
2026-08-12 15:30:17,357 - ERROR - 
1 Failed download:
2026-08-12 15:30:17,357 - ERROR - ['1967.T']: possibly delisted; no price data found  (period=5d)
2026-08-12 15:32:07,512 - ERROR - $2736.T: possibly delisted; no price data found  (period=5d)
2026-08-12 15:32:07,518 - ERROR - 
1 Failed download:
2026-08-12 15:32:07,518 - ERROR - ['2736.T']: possibly delisted; no price data found  (period=5d)
2026-08-12 15:37:13,535 - ERROR - $4274.T: possibly delisted; no price data found  (period=5d)
2026-08-12 15:37:13,539 - ERROR - 
1 Failed download:
2026-08-12 15:37:13,540 - ERROR - ['4274.T']: possibly delisted; no price data found  (period=5d)
2026-08-12 15:40:29,919 - ERROR - $5892.T: possibly delisted; no price data found  (period=5d)
2026-08-12 15:40:29,936 - ERROR - $6262.T: possibly delisted; no price data found  (period=5d)
2026-08-12 15:40:29,940 - ERROR - 
2 Failed downloads:
2026-08-12 15:40:29,940 - ERROR - ['5892.T', '6262.T']: possibly delisted; no price data found  (period=5d)
2026-08-12 15:42:15,029 - ERROR - $6383.T: possibly delisted; no price data found  (period=5d)
2026-08-12 15:42:15,038 - ERROR - 
1 Failed download:
2026-08-12 15:42:15,038 - ERROR - ['6383.T']: possibly delisted; no price data found  (period=5d)
2026-08-12 15:50:44,103 - INFO - Successfully downloaded price changes for 3707 stocks.
2026-08-12 15:50:44,105 - INFO - Fetching news for sharp movers (±5%)...
2026-08-12 15:51:07,338 - INFO - Got news for 15 out of 152 sharp movers
2026-08-12 15:51:07,339 - INFO - Saving formatted Excel to /home/inhyuk/projects/dataScout/data_jp/daily_prices/jp_prices_20260812.xlsx...
2026-08-12 15:51:13,994 - INFO - DeepSeek response generated (deepseek-chat).
2026-08-12 15:51:13,999 - INFO - Sending daily report text to Telegram chat -1003877753638...
2026-08-12 15:51:15,344 - INFO - Report text sent successfully to Telegram.
2026-08-12 15:51:15,344 - INFO - Uploading Excel document to Telegram chat -1003877753638...
2026-08-12 15:51:17,543 - INFO - Excel document sent successfully to Telegram.
2026-08-12 15:51:17,544 - INFO - Generating AI market analysis...
2026-08-12 15:51:24,511 - INFO - DeepSeek response generated (deepseek-chat).
2026-08-12 15:51:24,512 - INFO - Sending AI market analysis to Telegram...
2026-08-12 15:51:25,637 - INFO - AI market analysis sent.

--- Generated Report Summary ---
🇯🇵 *[일본 증시 마감 일일 리포트]* 🇯🇵
📅 *기준일자: 2026-08-12*

🔥 *주요 상승 섹터/산업 TOP 5*
1. *Banks* (+2.39%)
2. *Mining* (+1.35%)
3. *Other Financing Business* (+0.92%)
4. *Information & Communication* (+0.88%)
5. *Construction* (+0.78%)

❄️ *주요 하락 섹터/산업 BOTTOM 5*
1. *Insurance* (-0.21%)
2. *Textiles and Apparels* (-0.19%)
3. *Land Transportation* (0.04%)
4. *Transportation Equipment* (0.09%)
5. *Air Transportation* (0.17%)

💬 *섹터별 주목 종목 (AI)*
- Banks: Mitsubishi UFJ와 Sumitomo Mitsui가 각각 +2.7%, +3.4%로 시총 상위 대형주가 견조한 상승을 주도하며 섹터 전반의 강세를 확인시켜 주는 구간.
- Mining: INPEX와 Japan Petroleum이 각각 +3.1%, +3.7%로 에너지 가격 상승 기대 없이도 동반 강세를 보이며 섹터 상승을 견인.
- Other Financing Business: abc Co.,Ltd.의 +14.1% 급등이 두드러지나, ORIX(+1.3%)과 Japan Exchange(-0.4%)의 대형주 움직임이 엇갈려 종목별 차별화가 뚜렷.
- Information & Communication: BPLATS(+20.3%)와 Ficha(+15.8%)의 급등이 눈에 띄나, SoftBank Group(+0.7%)과 NTT(-0.9%)의 대형주는 보합권에 머물며 신흥 종목 주도 장세.
- Construction: YTL(+13.0%)과 Sanyo Engine(+12.9%)의 급등이 섹터 상승을 이끌었으나, Daiwa House(+1.1%)와 Kajima(-1.1%)는 상대적으로 둔화된 흐름.
- Air Transportation: ANA(-0.9%)와 Japan Airlines(-0.6%)이 동반 약세를 보이며 섹터가 사실상 마이너스권에 가까운 부진한 흐름을 지속.
- Transportation Equipment: Nissan(-4.0%)의 급락이 섹터 발목을 잡았고, Toyota(+0.4%)만 소폭 상승하며 대형주 간 엇갈린 모습.
- Land Transportation: Daiwa Motor(-8.6%)와 Maruzen Show(-5.6%)의 중소형주 급락이 두드러지며, East Japan Railway(0.0%)와 Central Japan(-0.7%)은 보합권에 머물러 대형주도 지지력 부족.
- Textiles and Apparels: Unitika(-7.3%)와 Wacoal(-5.4%)의 급락이 섹터 하락을 주도했고, Toray(-1.6%)와 Teijin(+1.0%)은 상대적으로 선방하며 방어적 움직임.
- Insurance: Anicom(-8.1%)의 급락이 섹터 전체를 끌어내렸으며, Tokio Marine(0.0%)과 MS&AD(+0.5%)는 보합권에서 방어하며 대형 손보사는 상대적 안정세.

📌 *나의 관심 섹터/산업 현황*
- *Information & Communication*: +0.88% (상위: BPLATS,I(+20.3%), Ficha In(+15.8%))
- *Pharmaceutical*: +0.55% (상위: Kringle (+13.5%), Nxera Ph(+8.4%))
- *Chemicals*: +0.36% (상위: Milbon C(+10.0%), CLUSTER (+9.4%))
- *Electric Appliances*: +0.30% (상위: GEOMATEC(+14.0%), SEIKOH G(+12.2%))
- *Transportation Equipment*: +0.09% (상위: KASAI KO(+5.2%), Japan En(+4.0%))

🚀 *개별 종목 상승 TOP 5*
1. *3323.T* (RECOMM CO.,LTD.) | ¥106 (*+29.27%*)
2. *6138.T* (DIJET INDUSTRIAL CO.) | ¥1,972 (*+25.45%*)
3. *8995.T* (Makoto Construction ) | ¥1,371 (*+20.69%*)
4. *4381.T* (BPLATS,Inc.) | ¥474 (*+20.30%*)
5. *7957.T* (FUJICOPIAN CO.,LTD.) | ¥2,390 (*+20.10%*)

📉 *개별 종목 하락 TOP 5*
1. *8136.T* (Sanrio Company,Ltd.) | ¥1,191 (*-18.12%*)
2. *9337.T* (toridori Inc.) | ¥1,403 (*-17.37%*)
3. *7135.T* (JAPAN CRAFT HOLDINGS) | ¥184 (*-15.98%*)
4. *6840.T* (AKIBA Holdings Co.,L) | ¥713 (*-15.12%*)
5. *6464.T* (TSUBAKI NAKASHIMA CO) | ¥341 (*-14.75%*)

📂 *전체 3,707개 종목의 마감 등락폭 상세 정보가 담긴 엑셀 파일을 첨부합니다.*
KRX 로그인 실패: KRX_ID 또는 KRX_PW 환경 변수가 설정되지 않았습니다.
2026-08-13 15:30:02,263 - INFO - Loading environment variables from .env file...
2026-08-13 15:30:02,273 - INFO - ==================================================
2026-08-13 15:30:02,273 - INFO -  Starting Daily JP Market Monitor (Test: False)
2026-08-13 15:30:02,273 - INFO - ==================================================
2026-08-13 15:30:03,534 - INFO - Processing trading date: 2026-08-13
2026-08-13 15:30:03,534 - INFO - Scraping JPX listed issues Excel URL...
2026-08-13 15:30:03,751 - INFO - Downloading JPX listed issues from: https://www.jpx.co.jp/english/markets/statistics-equities/misc/tvdivq0000001vg2-att/data_e.xls
2026-08-13 15:30:04,035 - INFO - Total metadata stocks loaded: 3718
2026-08-13 15:30:04,035 - INFO - Downloading daily prices for 3718 tickers in chunks of 300...
2026-08-13 15:37:17,424 - ERROR - $4260.T: possibly delisted; no price data found  (period=5d)
2026-08-13 15:37:17,427 - ERROR - 
1 Failed download:
2026-08-13 15:37:17,427 - ERROR - ['4260.T']: possibly delisted; no price data found  (period=5d)
2026-08-13 15:51:37,271 - INFO - Successfully downloaded price changes for 3712 stocks.
2026-08-13 15:51:37,273 - INFO - Fetching news for sharp movers (±5%)...
2026-08-13 15:51:58,275 - INFO - Got news for 9 out of 177 sharp movers
2026-08-13 15:51:58,276 - INFO - Saving formatted Excel to /home/inhyuk/projects/dataScout/data_jp/daily_prices/jp_prices_20260813.xlsx...
2026-08-13 15:52:06,561 - INFO - DeepSeek response generated (deepseek-chat).
2026-08-13 15:52:06,566 - INFO - Sending daily report text to Telegram chat -1003877753638...
2026-08-13 15:52:07,940 - INFO - Report text sent successfully to Telegram.
2026-08-13 15:52:07,940 - INFO - Uploading Excel document to Telegram chat -1003877753638...
2026-08-13 15:52:10,189 - INFO - Excel document sent successfully to Telegram.
2026-08-13 15:52:10,189 - INFO - Generating AI market analysis...
2026-08-13 15:52:17,651 - INFO - DeepSeek response generated (deepseek-chat).
2026-08-13 15:52:17,652 - INFO - Sending AI market analysis to Telegram...
2026-08-13 15:52:18,710 - INFO - AI market analysis sent.

--- Generated Report Summary ---
🇯🇵 *[일본 증시 마감 일일 리포트]* 🇯🇵
📅 *기준일자: 2026-08-13*

🔥 *주요 상승 섹터/산업 TOP 5*
1. *Banks* (+4.31%)
2. *Electric Appliances* (+1.55%)
3. *Glass and Ceramics Products* (+1.30%)
4. *Securities and Commodities Futures* (+1.18%)
5. *Precision Instruments* (+1.15%)

❄️ *주요 하락 섹터/산업 BOTTOM 5*
1. *Air Transportation* (-0.37%)
2. *Rubber Products* (-0.28%)
3. *Iron and Steel* (-0.27%)
4. *Information & Communication* (-0.22%)
5. *Transportation Equipment* (-0.13%)

💬 *섹터별 주목 종목 (AI)*
- Banks: Mitsubishi UFJ와 Sumitomo Mitsui가 섹터 상승에도 불구하고 상대적으로 소폭 상승에 그친 점은 대형주 차익실현 가능성, Tsukuba Bank 등 중소형주의 급등은 단기 수급 요인으로 판단.
- Electric Appliances: Murata Manufacturing(+10.2%)과 Kioxia(+4.6%)의 동반 강세가 섹터를 주도, 시총 상위인 Tokyo Electron(+2.1%)이 소폭 상승에 머문 점은 반도체 장비 대형주 대비 부품·메모리 업종의 상대적 강세를 시사.
- Glass and Ceramics Products: NIKKATO(+7.0%)와 NITTO BOSEKI(+5.4%)의 급등이 눈에 띄나, 시총 상위인 NGK(+4.1%)와 Niterra(+1.0%)의 상승률 격차가 커 중소형주 주도 장세로 해석.
- Securities and Commodities Futures: unbanked(+6.6%)와 Ichiyoshi(+4.5%) 등 중소형 증권주 강세가 두드러지나, Nomura(+1.0%)와 Daiwa(+0.6%) 대형주의 상승이 제한적이어서 섹터 전체 모멘텀은 약함.
- Precision Instruments: SHOFU(+5.2%)와 SIGMA KOKI(+4.8%)의 강세가 시총 상위 HOYA(+2.1%)·TERUMO(+0.9%)를 크게 웃돌아, 중소형 정밀기기 업체의 단기 급등에 따른 차익 매물 가능성에 유의.
- Transportation Equipment: Toyota(-0.5%)와 Honda(-0.7%)가 동반 하락하며 섹터 약세를 주도, SERENDIP(-8.6%) 급락은 개별 종목 이슈로 보이나 대형주 약세가 지수 하락의 핵심.
- Information & Communication: Finatext(-23.3%)와 ExaWizards(-17.8%) 급락이 섹터 하락을 이끌었으나, SoftBank Group(+1.0%)과 NTT(+1.3%) 대형주는 상승해 시장 내 차별화된 움직임 확인.
- Iron and Steel: NIPPON STEEL(-1.7%)과 JFE(-1.2%) 등 시총 상위 철강주가 일제히 하락, Shinhokoku(-2.3%) 등 중소형주 약세도 동반되어 전반적인 업종 약세가 뚜렷.
- Rubber Products: Bridgestone(-2.5%)과 Nitta(-2.3%)의 하락이 섹터를 끌어내렸고, Yokohama(-0.4%)는 상대적으로 견조해 대형주 간 방어력 차이가 확인됨.
- Air Transportation: ANA(+0.3%)가 유일하게 상승했으나 Japan Airlines(-0.2%)과 Skymark(-1.0%)이 하락, 시총 상위 항공사 간 엇갈린 흐름 속 섹터 전반은 약보합권에 머물러.

📌 *나의 관심 섹터/산업 현황*
- *Electric Appliances*: +1.55% (상위: MINATO H(+20.4%), NIHON DE(+10.8%))
- *Pharmaceutical*: +0.79% (상위: Oncolys (+17.4%), Nxera Ph(+8.9%))
- *Chemicals*: +0.63% (상위: KODAMA C(+11.3%), Arisawa (+9.1%))
- *Transportation Equipment*: -0.13% (상위: MUSASHI (+4.7%), Japan En(+2.6%))
- *Information & Communication*: -0.22% (상위: fonfun c(+19.7%), LiNKX,In(+14.9%))

🚀 *개별 종목 상승 TOP 5*
1. *194A.T* (WOLVES HAND Co.,Ltd.) | ¥1,900 (*+26.67%*)
2. *3103.T* (UNITIKA LTD.) | ¥1,340 (*+21.60%*)
3. *146A.T* (Columbia Works Inc.) | ¥4,005 (*+21.18%*)
4. *6862.T* (MINATO HOLDINGS INC.) | ¥2,948 (*+20.42%*)
5. *2323.T* (fonfun corporation) | ¥347 (*+19.66%*)

📉 *개별 종목 하락 TOP 5*
1. *4419.T* (Finatext Holdings Lt) | ¥1,265 (*-23.33%*)
2. *8783.T* (abc Co.,Ltd.) | ¥65 (*-19.75%*)
3. *7047.T* (PORT INC.) | ¥2,202 (*-17.99%*)
4. *4259.T* (ExaWizards Inc.) | ¥692 (*-17.81%*)
5. *5858.T* (STG CO.,LTD.) | ¥1,136 (*-14.97%*)

📂 *전체 3,712개 종목의 마감 등락폭 상세 정보가 담긴 엑셀 파일을 첨부합니다.*
KRX 로그인 실패: KRX_ID 또는 KRX_PW 환경 변수가 설정되지 않았습니다.
2026-08-14 15:30:01,759 - INFO - Loading environment variables from .env file...
2026-08-14 15:30:01,761 - INFO - ==================================================
2026-08-14 15:30:01,761 - INFO -  Starting Daily JP Market Monitor (Test: False)
2026-08-14 15:30:01,761 - INFO - ==================================================
2026-08-14 15:30:03,023 - INFO - Processing trading date: 2026-08-14
2026-08-14 15:30:03,023 - INFO - Scraping JPX listed issues Excel URL...
2026-08-14 15:30:03,252 - INFO - Downloading JPX listed issues from: https://www.jpx.co.jp/english/markets/statistics-equities/misc/tvdivq0000001vg2-att/data_e.xls
2026-08-14 15:30:03,466 - INFO - Total metadata stocks loaded: 3718
2026-08-14 15:30:03,466 - INFO - Downloading daily prices for 3718 tickers in chunks of 300...
2026-08-14 15:33:47,718 - ERROR - $3237.T: possibly delisted; no price data found  (period=5d)
2026-08-14 15:33:47,727 - ERROR - 
1 Failed download:
2026-08-14 15:33:47,727 - ERROR - ['3237.T']: possibly delisted; no price data found  (period=5d)
2026-08-14 15:35:33,087 - ERROR - $4011.T: possibly delisted; no price data found  (period=5d)
2026-08-14 15:35:33,342 - ERROR - $4237.T: possibly delisted; no price data found  (period=5d)
2026-08-14 15:35:33,350 - ERROR - 
2 Failed downloads:
2026-08-14 15:35:33,351 - ERROR - ['4011.T', '4237.T']: possibly delisted; no price data found  (period=5d)
2026-08-14 15:40:28,842 - ERROR - $6197.T: possibly delisted; no price data found  (period=5d)
2026-08-14 15:40:40,211 - ERROR - 
1 Failed download:
2026-08-14 15:40:40,211 - ERROR - ['6197.T']: possibly delisted; no price data found  (period=5d)
2026-08-14 15:51:21,551 - INFO - Successfully downloaded price changes for 3710 stocks.
2026-08-14 15:51:21,553 - INFO - Fetching news for sharp movers (±5%)...
2026-08-14 15:51:44,823 - INFO - Got news for 7 out of 165 sharp movers
2026-08-14 15:51:44,824 - INFO - Saving formatted Excel to /home/inhyuk/projects/dataScout/data_jp/daily_prices/jp_prices_20260814.xlsx...
2026-08-14 15:51:51,208 - INFO - DeepSeek response generated (deepseek-chat).
2026-08-14 15:51:51,212 - INFO - Sending daily report text to Telegram chat -1003877753638...
2026-08-14 15:51:52,674 - INFO - Report text sent successfully to Telegram.
2026-08-14 15:51:52,675 - INFO - Uploading Excel document to Telegram chat -1003877753638...
2026-08-14 15:51:55,011 - INFO - Excel document sent successfully to Telegram.
2026-08-14 15:51:55,011 - INFO - Generating AI market analysis...
2026-08-14 15:52:02,609 - INFO - DeepSeek response generated (deepseek-chat).
2026-08-14 15:52:02,610 - INFO - Sending AI market analysis to Telegram...
2026-08-14 15:52:03,818 - INFO - AI market analysis sent.

--- Generated Report Summary ---
🇯🇵 *[일본 증시 마감 일일 리포트]* 🇯🇵
📅 *기준일자: 2026-08-14*

🔥 *주요 상승 섹터/산업 TOP 5*
1. *Mining* (+1.99%)
2. *Marine Transportation* (+1.52%)
3. *Pulp and Paper* (+1.41%)
4. *Information & Communication* (+1.36%)
5. *Oil and Coal Products* (+1.33%)

❄️ *주요 하락 섹터/산업 BOTTOM 5*
1. *Insurance* (-0.05%)
2. *Nonferrous Metals* (0.27%)
3. *Chemicals* (0.27%)
4. *Glass and Ceramics Products* (0.27%)
5. *Metal Products* (0.30%)

💬 *섹터별 주목 종목 (AI)*
- Mining: INPEX CORPOR(+2.0%)과 Japan Petrol(+1.7%)이 시총 상위에서 동반 상승하며 섹터 상승을 견인, 에너지 가격 연동 수급이 유입된 흐름.
- Marine Transportation: Mitsui O.S.K(+3.1%)와 Nippon Yusen(+3.0%)이 시총 상위에서 견조한 상승, 운임 관련 모멘텀이 동반된 것으로 보임.
- Pulp and Paper: HAVIX CORPOR(+16.4%)의 급등이 두드러지나, 시총 상위 Oji Holdings(+0.5%)와 Rengo(+1.2%)는 상대적으로 보합권이라 대형주보다 중소형주 주도 장세.
- Information & Communication: MEDLEY(+23.0%)와 PRONI(+19.8%) 등 중소형 성장주 급등이 눈에 띄나, SoftBank Group(+2.9%)과 NTT(+1.4%) 등 대형주도 동반 상승해 섹터 전반 강세.
- Oil and Coal Products: ENEOS(+0.9%)와 Idemitsu(+1.8%)가 시총 상위에서 소폭 상승에 그친 반면, NICHIREKI(+3.8%) 등 중소형 종목 상승폭이 커 선별적 자금 유입.
- Metal Products: 시총 상위 SUMCO(+1.8%)는 상승했지만, RS Technolog(-12.1%) 급락이 섹터 하락을 주도, 대형주와 중소형주 간 디커플링.
- Glass and Ceramics Products: 시총 상위 Niterra(-0.2%)와 NGK(-1.2%)는 약보합에 그친 반면, NITTO BOSEKI(-2.9%) 등 중소형주 하락이 섹터 지수 압박.
- Chemicals: 시총 상위 Shin-Etsu(-0.1%)와 FUJIFILM(+1.2%)은 상대적으로 안정적이나, SHIKOKU KASE(-7.9%) 급락 등 중소형주 약세가 섹터 하락을 주도.
- Nonferrous Metals: 시총 상위 Fujikura(-1.4%)와 Sumitomo Electric(+1.5%)은 엇갈렸고, S Crypto Ene(-6.5%) 급락 등 중소형주 부진이 섹터 지수 하락 요인.
- Insurance: Tokio Marine(-1.1%)과 MS&AD(-0.2%) 등 대형주 약세가 섹터 하락을 견인, LIFENET(-2.0%) 등 중소형주도 동반 하락해 전반적 약세.

📌 *나의 관심 섹터/산업 현황*
- *Information & Communication*: +1.36% (상위: MEDLEY,I(+23.0%), PRONI In(+19.8%))
- *Transportation Equipment*: +1.09% (상위: AeroEdge(+9.9%), KASAI KO(+7.2%))
- *Electric Appliances*: +0.88% (상위: Origin C(+27.4%), Asterisk(+13.9%))
- *Pharmaceutical*: +0.58% (상위: Chiome B(+6.7%), Solasia (+6.5%))
- *Chemicals*: +0.27% (상위: Rasa Ind(+9.2%), TOYO DRI(+4.9%))

🚀 *개별 종목 상승 TOP 5*
1. *6513.T* (Origin Company,Limit) | ¥1,371 (*+27.42%*)
2. *7815.T* (TOKYO BOARD INDUSTRI) | ¥387 (*+26.06%*)
3. *8995.T* (Makoto Construction ) | ¥1,580 (*+23.44%*)
4. *4480.T* (MEDLEY,INC.) | ¥2,677 (*+22.97%*)
5. *2585.T* (LIFEDRINK COMPANY,IN) | ¥1,787 (*+20.17%*)

📉 *개별 종목 하락 TOP 5*
1. *6736.T* (SUNCORPORATION) | ¥8,070 (*-19.94%*)
2. *7039.T* (BRIDGE International) | ¥1,396 (*-18.27%*)
3. *7069.T* (CyberBuzz,Inc.) | ¥583 (*-14.39%*)
4. *480A.T* (LiB Consulting Co.,L) | ¥891 (*-14.33%*)
5. *5537.T* (AlbaLink Co.,Ltd.) | ¥2,720 (*-12.96%*)

📂 *전체 3,710개 종목의 마감 등락폭 상세 정보가 담긴 엑셀 파일을 첨부합니다.*
KRX 로그인 실패: KRX_ID 또는 KRX_PW 환경 변수가 설정되지 않았습니다.
2026-08-17 15:30:02,404 - INFO - Loading environment variables from .env file...
2026-08-17 15:30:02,415 - INFO - ==================================================
2026-08-17 15:30:02,415 - INFO -  Starting Daily JP Market Monitor (Test: False)
2026-08-17 15:30:02,415 - INFO - ==================================================
2026-08-17 15:30:03,419 - INFO - Processing trading date: 2026-08-17
2026-08-17 15:30:03,419 - INFO - Scraping JPX listed issues Excel URL...
2026-08-17 15:30:03,635 - INFO - Downloading JPX listed issues from: https://www.jpx.co.jp/english/markets/statistics-equities/misc/tvdivq0000001vg2-att/data_e.xls
2026-08-17 15:30:03,857 - INFO - Total metadata stocks loaded: 3718
2026-08-17 15:30:03,857 - INFO - Downloading daily prices for 3718 tickers in chunks of 300...
2026-08-17 15:32:04,646 - ERROR - $2384.T: possibly delisted; no price data found  (period=5d)
2026-08-17 15:32:04,647 - ERROR - 
1 Failed download:
2026-08-17 15:32:04,647 - ERROR - ['2384.T']: possibly delisted; no price data found  (period=5d)
2026-08-17 15:33:51,574 - ERROR - $3221.T: possibly delisted; no price data found  (period=5d)
2026-08-17 15:33:51,583 - ERROR - 
1 Failed download:
2026-08-17 15:33:51,583 - ERROR - ['3221.T']: possibly delisted; no price data found  (period=5d)
2026-08-17 15:41:06,460 - ERROR - $6197.T: possibly delisted; no price data found  (period=5d)
2026-08-17 15:41:15,202 - ERROR - 
1 Failed download:
2026-08-17 15:41:15,203 - ERROR - ['6197.T']: possibly delisted; no price data found  (period=5d)
2026-08-17 15:44:51,848 - ERROR - $6877.T: possibly delisted; no price data found  (period=5d)
2026-08-17 15:44:51,854 - ERROR - 
1 Failed download:
2026-08-17 15:44:51,855 - ERROR - ['6877.T']: possibly delisted; no price data found  (period=5d)
2026-08-17 15:50:06,829 - ERROR - $9625.T: possibly delisted; no price data found  (period=5d)
2026-08-17 15:50:06,839 - ERROR - 
1 Failed download:
2026-08-17 15:50:06,840 - ERROR - ['9625.T']: possibly delisted; no price data found  (period=5d)
2026-08-17 15:52:26,580 - INFO - Successfully downloaded price changes for 3708 stocks.
2026-08-17 15:52:26,594 - INFO - Fetching news for sharp movers (±5%)...
2026-08-17 15:52:46,392 - INFO - Got news for 10 out of 221 sharp movers
2026-08-17 15:52:46,393 - INFO - Saving formatted Excel to /home/inhyuk/projects/dataScout/data_jp/daily_prices/jp_prices_20260817.xlsx...
2026-08-17 15:52:54,383 - INFO - DeepSeek response generated (deepseek-chat).
2026-08-17 15:52:54,389 - INFO - Sending daily report text to Telegram chat -1003877753638...
2026-08-17 15:52:55,635 - INFO - Report text sent successfully to Telegram.
2026-08-17 15:52:55,635 - INFO - Uploading Excel document to Telegram chat -1003877753638...
2026-08-17 15:52:57,979 - INFO - Excel document sent successfully to Telegram.
2026-08-17 15:52:57,979 - INFO - Generating AI market analysis...
2026-08-17 15:53:05,952 - INFO - DeepSeek response generated (deepseek-chat).
2026-08-17 15:53:05,953 - INFO - Sending AI market analysis to Telegram...
2026-08-17 15:53:07,014 - INFO - AI market analysis sent.

--- Generated Report Summary ---
🇯🇵 *[일본 증시 마감 일일 리포트]* 🇯🇵
📅 *기준일자: 2026-08-17*

🔥 *주요 상승 섹터/산업 TOP 5*
1. *Marine Transportation* (+3.10%)
2. *Nonferrous Metals* (+1.12%)
3. *Banks* (+0.92%)
4. *Iron and Steel* (+0.86%)
5. *Electric Appliances* (+0.77%)

❄️ *주요 하락 섹터/산업 BOTTOM 5*
1. *Rubber Products* (-1.84%)
2. *Pulp and Paper* (-1.03%)
3. *Other Financing Business* (-0.94%)
4. *Insurance* (-0.81%)
5. *Foods* (-0.46%)

💬 *섹터별 주목 종목 (AI)*
- Marine Transportation: Meiji Shippi(+16.6%) 급등이 섹터 상승을 주도, 동사는 소형선주로 단기 수급 집중 가능성, 시총 상위 Nippon Yusen·Mitsui O.S.K는 상대적으로 보합권이라 대형주 관점에선 신중 접근.
- Nonferrous Metals: Fujikura Ltd(+7.1%)와 Sumitomo Ele(+3.6%)가 동반 강세, 전선·비철 부문 수급 개선 기대가 반영된 움직임으로 시총 상위 종목 중 상대적 강세 지속 여부 확인 필요.
- Banks: 지방은행주(THE TAIKO BA +5.4%, THE BANK OF +4.4%)가 급등한 반면 Mitsubishi UFJ(-1.0%)·Sumitomo Mitsui(-0.7%)는 약세, 대형은행과 중소형은행 간 차별화가 뚜렷해 단기 순환매 성격으로 해석.
- Iron and Steel: IBOKIN(+7.5%)·Daido Steel(+4.5%) 등 특수강·중소형주 강세, 반면 NIPPON STEEL(-0.9%)·JFE(-0.4%) 대형주는 약세라 업종 전체 상승에도 시총 상위 종목은 소외.
- Electric Appliances: Kioxia(+15.2%)·QD Laser(+15.1%) 급등이 견인, 반도체·광학 부문 신규 모멘텀 유입 가능성, Tokyo Electron(+1.6%)은 상대적으로 보합권이라 대형 반도체 장비주는 관망.
- Foods: FRUTA FRUTA(-9.8%)·LIFEDRINK(-6.4%) 급락이 섹터 하락 주도, 반면 Ajinomoto(+3.2%)는 홀로 강세라 개별 종목 차별화가 극심, 시총 상위주 방어력은 제한적.
- Insurance: Sompo(-4.2%)·Anicom(-4.1%) 약세가 두드러지고 Tokio Marine(-0.8%)도 하락, MS&AD(+1.8%)만 상승해 손보업종 내에서도 종목별 온도차 큼.
- Other Financing Business: Solvvy(-12.2%) 급락이 섹터 하락을 주도, ORIX(-0.4%)·Japan Exchange(-1.0%)는 소폭 하락에 그쳐 대형 금융플랫폼주는 상대적 방어력 확인.
- Pulp and Paper: HAVIX(-11.1%) 급락, Nippon Paper(-5.9%)도 동반 약세, Oji(-1.3%)·Rengo(-1.0%)는 낙폭 제한이나 업종 전반 약세 흐름에서 시총 상위주도 반등 동력 부족.
- Rubber Products: Showa Holdin(-20.0%) 급락이 섹터 하락을 주도, Bridgestone(-0.6%)은 상대적으로 선방했으나 Yokohama(-2.5%)까지 약세라 타이어 대형주 전반에 매수세 유입은 미미.

📌 *나의 관심 섹터/산업 현황*
- *Electric Appliances*: +0.77% (상위: Kioxia H(+15.2%), QD Laser(+15.1%))
- *Chemicals*: +0.47% (상위: Ai ROBOT(+15.4%), TAKI CHE(+8.3%))
- *Transportation Equipment*: +0.38% (상위: SERENDIP(+4.9%), Sanoh In(+4.5%))
- *Pharmaceutical*: +0.29% (상위: OncoTher(+10.0%), Renascie(+9.0%))
- *Information & Communication*: -0.04% (상위: AXEL MAR(+21.1%), DIGITAL (+19.8%))

🚀 *개별 종목 상승 TOP 5*
1. *8995.T* (Makoto Construction ) | ¥1,980 (*+25.32%*)
2. *9563.T* (Atlas Technologies C) | ¥401 (*+24.92%*)
3. *3624.T* (AXEL MARK INC.) | ¥86 (*+21.13%*)
4. *3691.T* (DIGITAL PLUS,Inc.) | ¥1,824 (*+19.76%*)
5. *9467.T* (AlphaPolis Co.,Ltd.) | ¥1,201 (*+19.74%*)

📉 *개별 종목 하락 TOP 5*
1. *5103.T* (Showa Holdings Co.,L) | ¥4 (*-20.00%*)
2. *6562.T* (Geniee,Inc.) | ¥923 (*-16.47%*)
3. *6951.T* (JEOL Ltd.) | ¥7,425 (*-16.07%*)
4. *6728.T* (ULVAC, Inc.) | ¥7,870 (*-16.01%*)
5. *3769.T* (GMO Payment Gateway,) | ¥8,592 (*-15.35%*)

📂 *전체 3,708개 종목의 마감 등락폭 상세 정보가 담긴 엑셀 파일을 첨부합니다.*
KRX 로그인 실패: KRX_ID 또는 KRX_PW 환경 변수가 설정되지 않았습니다.
2026-08-18 15:30:02,163 - INFO - Loading environment variables from .env file...
2026-08-18 15:30:02,173 - INFO - ==================================================
2026-08-18 15:30:02,173 - INFO -  Starting Daily JP Market Monitor (Test: False)
2026-08-18 15:30:02,173 - INFO - ==================================================
2026-08-18 15:30:02,909 - INFO - Processing trading date: 2026-08-18
2026-08-18 15:30:02,909 - INFO - Scraping JPX listed issues Excel URL...
2026-08-18 15:30:03,239 - INFO - Downloading JPX listed issues from: https://www.jpx.co.jp/english/markets/statistics-equities/misc/tvdivq0000001vg2-att/data_e.xls
2026-08-18 15:30:03,525 - INFO - Total metadata stocks loaded: 3718
2026-08-18 15:30:03,525 - INFO - Downloading daily prices for 3718 tickers in chunks of 300...
2026-08-18 15:30:15,307 - ERROR - $206A.T: possibly delisted; no price data found  (period=5d)
2026-08-18 15:30:15,544 - ERROR - $1724.T: possibly delisted; no price data found  (period=5d)
2026-08-18 15:30:15,548 - ERROR - 
2 Failed downloads:
2026-08-18 15:30:15,548 - ERROR - ['206A.T', '1724.T']: possibly delisted; no price data found  (period=5d)
2026-08-18 15:32:05,813 - ERROR - $2464.T: possibly delisted; no price data found  (period=5d)
2026-08-18 15:32:05,816 - ERROR - 
1 Failed download:
2026-08-18 15:32:05,816 - ERROR - ['2464.T']: possibly delisted; no price data found  (period=5d)
2026-08-18 15:33:52,361 - ERROR - $3284.T: possibly delisted; no price data found  (period=5d)
2026-08-18 15:33:52,364 - ERROR - 
1 Failed download:
2026-08-18 15:33:52,364 - ERROR - ['3284.T']: possibly delisted; no price data found  (period=5d)
2026-08-18 15:35:41,518 - ERROR - $4021.T: possibly delisted; no price data found  (period=5d)
2026-08-18 15:35:41,526 - ERROR - 
1 Failed download:
2026-08-18 15:35:41,526 - ERROR - ['4021.T']: possibly delisted; no price data found  (period=5d)
2026-08-18 15:37:28,079 - ERROR - $4499.T: possibly delisted; no price data found  (period=5d)
2026-08-18 15:37:28,081 - ERROR - 
1 Failed download:
2026-08-18 15:37:28,082 - ERROR - ['4499.T']: possibly delisted; no price data found  (period=5d)
2026-08-18 15:40:43,892 - ERROR - $6197.T: possibly delisted; no price data found  (period=5d)
2026-08-18 15:40:54,617 - ERROR - 
1 Failed download:
2026-08-18 15:40:54,618 - ERROR - ['6197.T']: possibly delisted; no price data found  (period=5d)
2026-08-18 15:46:16,487 - ERROR - $7991.T: possibly delisted; no price data found  (period=5d)
2026-08-18 15:46:16,495 - ERROR - 
1 Failed download:
2026-08-18 15:46:16,495 - ERROR - ['7991.T']: possibly delisted; no price data found  (period=5d)
2026-08-18 15:47:59,630 - ERROR - $8283.T: possibly delisted; no price data found  (period=5d)
2026-08-18 15:48:09,407 - ERROR - $8769.T: possibly delisted; no price data found  (period=5d)
2026-08-18 15:48:09,408 - ERROR - 
2 Failed downloads:
2026-08-18 15:48:09,409 - ERROR - ['8283.T', '8769.T']: possibly delisted; no price data found  (period=5d)
2026-08-18 15:49:57,121 - ERROR - $9633.T: possibly delisted; no price data found  (period=5d)
2026-08-18 15:49:57,122 - ERROR - 
1 Failed download:
2026-08-18 15:49:57,123 - ERROR - ['9633.T']: possibly delisted; no price data found  (period=5d)
2026-08-18 15:52:12,724 - INFO - Successfully downloaded price changes for 3703 stocks.
2026-08-18 15:52:12,737 - INFO - Fetching news for sharp movers (±5%)...
2026-08-18 15:52:34,769 - INFO - Got news for 20 out of 126 sharp movers
2026-08-18 15:52:34,770 - INFO - Saving formatted Excel to /home/inhyuk/projects/dataScout/data_jp/daily_prices/jp_prices_20260818.xlsx...
2026-08-18 15:52:43,488 - INFO - DeepSeek response generated (deepseek-chat).
2026-08-18 15:52:43,493 - INFO - Sending daily report text to Telegram chat -1003877753638...
2026-08-18 15:52:44,716 - INFO - Report text sent successfully to Telegram.
2026-08-18 15:52:44,724 - INFO - Uploading Excel document to Telegram chat -1003877753638...
2026-08-18 15:52:47,105 - INFO - Excel document sent successfully to Telegram.
2026-08-18 15:52:47,105 - INFO - Generating AI market analysis...
2026-08-18 15:52:54,811 - INFO - DeepSeek response generated (deepseek-chat).
2026-08-18 15:52:54,812 - INFO - Sending AI market analysis to Telegram...
2026-08-18 15:52:56,406 - INFO - AI market analysis sent.

--- Generated Report Summary ---
🇯🇵 *[일본 증시 마감 일일 리포트]* 🇯🇵
📅 *기준일자: 2026-08-18*

🔥 *주요 상승 섹터/산업 TOP 5*
1. *Mining* (+2.21%)
2. *Marine Transportation* (+1.68%)
3. *Oil and Coal Products* (+1.53%)
4. *Rubber Products* (+1.38%)
5. *Banks* (+1.08%)

❄️ *주요 하락 섹터/산업 BOTTOM 5*
1. *Electric Appliances* (-1.90%)
2. *Precision Instruments* (-1.79%)
3. *Machinery* (-0.95%)
4. *Nonferrous Metals* (-0.66%)
5. *Construction* (-0.59%)

💬 *섹터별 주목 종목 (AI)*
- Mining: INPEX CORPOR(+3.2%)와 Japan Petrol(+2.7%)이 섹터 상승을 주도 — 유가 관련 대형주 동반 강세로 시총 상위 종목의 방향성이 뚜렷함.
- Marine Transportation: Nippon Yusen(+4.5%)과 Mitsui O.S.K(+3.8%) — 운임 기대감 없이도 거래량 동반 상승, 시총 상위 해운 2사의 상대적 강세가 눈에 띔.
- Oil and Coal Products: Idemitsu Kos(+3.2%)와 ENEOS Holdin(+2.2%) — 섹터 내 대형 정유주가 고르게 오르며 상승 폭이 견조, 시총 상위 종목의 동반 상승이 신뢰도 높음.
- Rubber Products: Showa Holdin(+25.0%) — 등락률이 압도적이나 시총 상위인 BRIDGESTONE(-0.8%)은 약세, 종목별 차별화가 극심해 추격 매수는 신중해야.
- Banks: THE BANK OF(+4.8%)와 TOMATO BANK(+4.1%) — 지방은행 위주 급등, 단 Megabank(Mitsubishi U +0.1%, Sumitomo Mit -0.3%)는 정체 — 대형주와 중소형주 간 온도차 확인.
- Construction: TESS Holding(-9.3%) 급락 — 시총 상위 KAJIMA(-1.4%)와 DAIWA HOUSE(+0.5%)는 상대적으로 방어적, 낙폭은 중소형 개별주에 집중됨.
- Nonferrous Metals: Fujikura Ltd(-2.4%)와 Sumitomo Ele(-2.1%) — 시총 상위 전선·비철 대형주가 동반 하락, 섹터 전반의 약세가 시총 상위에서도 확인됨.
- Machinery: DISCO CORPOR(-5.5%) — 시총 상위 반도체 장비주가 낙폭 과대, Mitsubishi H(+0.3%)만 홀로 방어 — 업종 내 순환매보다 차별적 매도 압력.
- Precision Instruments: HOYA CORPORA(-0.4%) — 시총 최상위가 낙폭을 제한한 반면 Rigaku(-8.5%)·Citizen(-7.2%) 급락 — 대형주 방어 vs 중소형주 취약 구도.
- Electric Appliances: Murata Manuf(-9.8%)와 ADVANTEST(-4.9%) — 시총 상위 전자부품·반도체 장비주가 동반 급락, TAIYO YUDEN(-11.6%)까지 가세해 섹터 전반의 매도세가 강함.

📌 *나의 관심 섹터/산업 현황*
- *Pharmaceutical*: +0.74% (상위: Carna Bi(+16.6%), GNI Grou(+6.7%))
- *Transportation Equipment*: -0.02% (상위: Naikai Z(+5.2%), Japan En(+2.7%))
- *Information & Communication*: -0.30% (상위: Amazia,i(+21.8%), True Dat(+16.1%))
- *Chemicals*: -0.44% (상위: Nippon C(+4.9%), Soken Ch(+4.0%))
- *Electric Appliances*: -1.90% (상위: SiriusVi(+10.7%), Nippon T(+8.3%))

🚀 *개별 종목 상승 TOP 5*
1. *3054.T* (HYPER Inc.) | ¥321 (*+33.20%*)
2. *5103.T* (Showa Holdings Co.,L) | ¥5 (*+25.00%*)
3. *2962.T* (TECNISCO,LTD.) | ¥1,659 (*+22.08%*)
4. *4424.T* (Amazia,inc.) | ¥391 (*+21.81%*)
5. *8995.T* (Makoto Construction ) | ¥2,380 (*+20.20%*)

📉 *개별 종목 하락 TOP 5*
1. *6976.T* (TAIYO YUDEN CO.,LTD.) | ¥9,984 (*-11.61%*)
2. *3936.T* (Globalway,Inc.) | ¥164 (*-11.35%*)
3. *584A.T* (LiNKX,Inc.) | ¥2,936 (*-10.21%*)
4. *6981.T* (Murata Manufacturing) | ¥7,480 (*-9.77%*)
5. *9563.T* (Atlas Technologies C) | ¥363 (*-9.48%*)

📂 *전체 3,703개 종목의 마감 등락폭 상세 정보가 담긴 엑셀 파일을 첨부합니다.*
KRX 로그인 실패: KRX_ID 또는 KRX_PW 환경 변수가 설정되지 않았습니다.
2026-08-19 15:30:02,166 - INFO - Loading environment variables from .env file...
2026-08-19 15:30:02,168 - INFO - ==================================================
2026-08-19 15:30:02,168 - INFO -  Starting Daily JP Market Monitor (Test: False)
2026-08-19 15:30:02,168 - INFO - ==================================================
2026-08-19 15:30:02,892 - INFO - Processing trading date: 2026-08-19
2026-08-19 15:30:02,892 - INFO - Scraping JPX listed issues Excel URL...
2026-08-19 15:30:03,111 - INFO - Downloading JPX listed issues from: https://www.jpx.co.jp/english/markets/statistics-equities/misc/tvdivq0000001vg2-att/data_e.xls
2026-08-19 15:30:03,342 - INFO - Total metadata stocks loaded: 3718
2026-08-19 15:30:03,342 - INFO - Downloading daily prices for 3718 tickers in chunks of 300...
2026-08-19 15:37:11,504 - ERROR - $4286.T: possibly delisted; no price data found  (period=5d)
2026-08-19 15:37:11,513 - ERROR - 
1 Failed download:
2026-08-19 15:37:11,513 - ERROR - ['4286.T']: possibly delisted; no price data found  (period=5d)
2026-08-19 15:40:39,192 - ERROR - $6197.T: possibly delisted; no price data found  (period=5d)
2026-08-19 15:40:50,098 - ERROR - 
1 Failed download:
2026-08-19 15:40:50,098 - ERROR - ['6197.T']: possibly delisted; no price data found  (period=5d)
2026-08-19 15:47:51,914 - ERROR - $8283.T: possibly delisted; no price data found  (period=5d)
2026-08-19 15:47:52,492 - ERROR - 
1 Failed download:
2026-08-19 15:47:52,492 - ERROR - ['8283.T']: possibly delisted; no price data found  (period=5d)
2026-08-19 15:52:01,275 - INFO - Successfully downloaded price changes for 3710 stocks.
2026-08-19 15:52:01,286 - INFO - Fetching news for sharp movers (±5%)...
2026-08-19 15:52:24,842 - INFO - Got news for 24 out of 360 sharp movers
2026-08-19 15:52:24,843 - INFO - Saving formatted Excel to /home/inhyuk/projects/dataScout/data_jp/daily_prices/jp_prices_20260819.xlsx...
2026-08-19 15:52:31,785 - INFO - DeepSeek response generated (deepseek-chat).
2026-08-19 15:52:31,789 - INFO - Sending daily report text to Telegram chat -1003877753638...
2026-08-19 15:52:32,999 - INFO - Report text sent successfully to Telegram.
2026-08-19 15:52:32,999 - INFO - Uploading Excel document to Telegram chat -1003877753638...
2026-08-19 15:52:35,033 - INFO - Excel document sent successfully to Telegram.
2026-08-19 15:52:35,033 - INFO - Generating AI market analysis...
2026-08-19 15:52:42,107 - INFO - DeepSeek response generated (deepseek-chat).
2026-08-19 15:52:42,108 - INFO - Sending AI market analysis to Telegram...
2026-08-19 15:52:44,152 - INFO - AI market analysis sent.

--- Generated Report Summary ---
🇯🇵 *[일본 증시 마감 일일 리포트]* 🇯🇵
📅 *기준일자: 2026-08-19*

🔥 *주요 상승 섹터/산업 TOP 5*
1. *Foods* (+-0.06%)
2. *Fishery, Agriculture and Forestry* (+-0.07%)
3. *Air Transportation* (+-0.27%)
4. *Retail Trade* (+-0.32%)
5. *Securities and Commodities Futures* (+-0.42%)

❄️ *주요 하락 섹터/산업 BOTTOM 5*
1. *Banks* (-4.75%)
2. *Nonferrous Metals* (-4.73%)
3. *Electric Appliances* (-3.73%)
4. *Rubber Products* (-3.21%)
5. *Precision Instruments* (-3.18%)

💬 *섹터별 주목 종목 (AI)*
- Foods: SHINOZAKIYA(+6.8%)·YAMAZAKI BAK(+2.7%) 강세가 두드러지나, 시총 1위 Ajinomoto(-4.9%) 급락이 섹터 지수를 눌러 — 대형주 약세 vs 중소형주 강세 대비가 핵심.
- Fishery, Agriculture and Forestry: AKIKAWA FOOD(+1.9%)·HOKUTO(+1.3%) 상승하며 방어적 성격 부각, Nissui(-0.8%) 등 대형주는 소폭 하락에 그쳐 상대적 견조함.
- Air Transportation: 전 종목 등락이 ±0.5% 내외로 극히 제한적 — ANA(-0.5%)·JAL(-0.4%) 시총 상위 둘 다 약보합이나, 하락 폭이 미미해 관망세로 해석.
- Retail Trade: MATSUYA(+6.9%) 급등이 눈에 띄나, FAST RETAILING(-0.1%)·Seven & i(+0.2%) 등 대형 유통이 보합권 — 개별 종목 장세.
- Securities and Commodities Futures: AI FUSION(+4.5%)·Ichiyoshi(+2.6%) 중소형 강세 vs Nomura(-2.9%)·Daiwa(-2.0%) 대형 증권 약세 — 위험선호 축소 속 틈새 수급.
- Precision Instruments: NAGANO KEIKI(-8.6%)·IMV(-8.3%) 급락, HOYA(-3.3%)·TERUMO(-4.3%) 대형주도 동반 약세 — 섹터 전반 차익실현 압력.
- Rubber Products: Showa Holdin(-25.0%) 폭락이 섹터를 끌어내림, BRIDGESTONE(-1.6%)은 상대적으로 선방 — 개별 악재성 급락에 주의.
- Electric Appliances: Kioxia(-12.4%)·ENPLAS(-12.1%) 급락, ADVANTEST(-1.8%)는 하락 폭 제한 — 반도체 관련 중소형주 조정이 극심.
- Nonferrous Metals: Furukawa(-13.9%)·Onamba(-12.9%) 급락, Sumitomo Ele(-8.7%) 대형주도 크게 하락 — 전선·비철 전반 매도세 집중.
- Banks: Tsukuba Bank(-8.1%)·CCI(-7.3%) 급락, Mitsubishi UFJ(-4.4%)·Sumitomo Mitsui(-4.8%) 대형 은행도 동반 약세 — 금리·업종 전반 약세 반영.

📌 *나의 관심 섹터/산업 현황*
- *Information & Communication*: -0.77% (상위: Mirairo (+22.7%), SHANON I(+16.3%))
- *Pharmaceutical*: -1.11% (상위: Nxera Ph(+5.2%), RaQualia(+3.9%))
- *Chemicals*: -2.34% (상위: TOYO DRI(+10.0%), Shiseido(+2.3%))
- *Transportation Equipment*: -2.49% (상위: WEDS CO.(+2.0%), UNIVANCE(+1.4%))
- *Electric Appliances*: -3.73% (상위: Oi Elect(+5.1%), Origin C(+3.8%))

🚀 *개별 종목 상승 TOP 5*
1. *335A.T* (Mirairo Inc.) | ¥405 (*+22.73%*)
2. *6027.T* (Bengo4.com,Inc.) | ¥4,410 (*+17.91%*)
3. *3976.T* (SHANON Inc.) | ¥714 (*+16.29%*)
4. *7681.T* (LEOCLAN Co.,Ltd.) | ¥1,056 (*+11.75%*)
5. *3672.T* (AltPlusInc.) | ¥30 (*+11.11%*)

📉 *개별 종목 하락 TOP 5*
1. *5103.T* (Showa Holdings Co.,L) | ¥3 (*-25.00%*)
2. *8995.T* (Makoto Construction ) | ¥1,915 (*-19.54%*)
3. *6327.T* (KITAGAWA SEIKI CO.,L) | ¥3,340 (*-15.12%*)
4. *5801.T* (Furukawa Electric Co) | ¥3,759 (*-13.94%*)
5. *5816.T* (Onamba Co.,Ltd.) | ¥1,420 (*-12.88%*)

📂 *전체 3,710개 종목의 마감 등락폭 상세 정보가 담긴 엑셀 파일을 첨부합니다.*
KRX 로그인 실패: KRX_ID 또는 KRX_PW 환경 변수가 설정되지 않았습니다.
2026-08-20 15:30:02,737 - INFO - Loading environment variables from .env file...
2026-08-20 15:30:02,739 - INFO - ==================================================
2026-08-20 15:30:02,739 - INFO -  Starting Daily JP Market Monitor (Test: False)
2026-08-20 15:30:02,739 - INFO - ==================================================
2026-08-20 15:30:03,461 - INFO - Processing trading date: 2026-08-20
2026-08-20 15:30:03,461 - INFO - Scraping JPX listed issues Excel URL...
2026-08-20 15:30:03,645 - INFO - Downloading JPX listed issues from: https://www.jpx.co.jp/english/markets/statistics-equities/misc/tvdivq0000001vg2-att/data_e.xls
2026-08-20 15:30:03,893 - INFO - Total metadata stocks loaded: 3718
2026-08-20 15:30:03,893 - INFO - Downloading daily prices for 3718 tickers in chunks of 300...
2026-08-20 15:30:16,875 - ERROR - $143A.T: possibly delisted; no price data found  (period=5d)
2026-08-20 15:30:16,881 - ERROR - 
1 Failed download:
2026-08-20 15:30:16,881 - ERROR - ['143A.T']: possibly delisted; no price data found  (period=5d)
2026-08-20 15:35:19,476 - ERROR - $4171.T: possibly delisted; no price data found  (period=5d)
2026-08-20 15:35:28,705 - ERROR - 
1 Failed download:
2026-08-20 15:35:28,705 - ERROR - ['4171.T']: possibly delisted; no price data found  (period=5d)
2026-08-20 15:39:02,964 - ERROR - $5137.T: possibly delisted; no price data found  (period=5d)
2026-08-20 15:39:02,965 - ERROR - 
1 Failed download:
2026-08-20 15:39:02,965 - ERROR - ['5137.T']: possibly delisted; no price data found  (period=5d)
2026-08-20 15:40:42,233 - ERROR - $6197.T: possibly delisted; no price data found  (period=5d)
2026-08-20 15:40:52,042 - ERROR - 
1 Failed download:
2026-08-20 15:40:52,042 - ERROR - ['6197.T']: possibly delisted; no price data found  (period=5d)
2026-08-20 15:46:04,569 - ERROR - $7674.T: possibly delisted; no price data found  (period=5d)
2026-08-20 15:46:04,571 - ERROR - 
1 Failed download:
2026-08-20 15:46:04,571 - ERROR - ['7674.T']: possibly delisted; no price data found  (period=5d)
2026-08-20 15:47:42,623 - ERROR - $8283.T: possibly delisted; no price data found  (period=5d)
2026-08-20 15:47:51,121 - ERROR - 
1 Failed download:
2026-08-20 15:47:51,122 - ERROR - ['8283.T']: possibly delisted; no price data found  (period=5d)
2026-08-20 15:49:41,010 - ERROR - $9509.T: possibly delisted; no price data found  (period=5d)
2026-08-20 15:49:41,419 - ERROR - 
1 Failed download:
2026-08-20 15:49:41,420 - ERROR - ['9509.T']: possibly delisted; no price data found  (period=5d)
2026-08-20 15:51:58,029 - INFO - Successfully downloaded price changes for 3707 stocks.
2026-08-20 15:51:58,041 - INFO - Fetching news for sharp movers (±5%)...
2026-08-20 15:52:21,157 - INFO - Got news for 19 out of 194 sharp movers
2026-08-20 15:52:21,158 - INFO - Saving formatted Excel to /home/inhyuk/projects/dataScout/data_jp/daily_prices/jp_prices_20260820.xlsx...
2026-08-20 15:52:22,257 - WARNING - DeepSeek API error: HTTP 402 {"error":{"message":"Insufficient Balance","type":"unknown_error","param":null,"code":"invalid_request_error"}}
2026-08-20 15:52:22,258 - WARNING - DeepSeek unavailable/failed; falling back to Qwen.
2026-08-20 15:52:22,750 - WARNING - Qwen API error: HTTP 403 {"error":{"message":"Access to model denied. Please make sure you are eligible for using the model.","id":"c63f9993-7670-95d9-a4d6-1458f6e3c563","type":"AccessDenied.Unpurchased","code":"AccessDenied.
2026-08-20 15:52:22,755 - INFO - Sending daily report text to Telegram chat -1003877753638...
2026-08-20 15:52:23,890 - INFO - Report text sent successfully to Telegram.
2026-08-20 15:52:23,890 - INFO - Uploading Excel document to Telegram chat -1003877753638...
2026-08-20 15:52:25,909 - INFO - Excel document sent successfully to Telegram.
2026-08-20 15:52:25,909 - INFO - Generating AI market analysis...
2026-08-20 15:52:26,398 - WARNING - DeepSeek API error: HTTP 402 {"error":{"message":"Insufficient Balance","type":"unknown_error","param":null,"code":"invalid_request_error"}}
2026-08-20 15:52:26,399 - WARNING - DeepSeek unavailable/failed; falling back to Qwen.
2026-08-20 15:52:26,689 - WARNING - Qwen API error: HTTP 403 {"error":{"message":"Access to model denied. Please make sure you are eligible for using the model.","id":"0c1e0096-8c8c-9d8d-bbf5-c7f77f09cbeb","type":"AccessDenied.Unpurchased","code":"AccessDenied.
2026-08-20 15:52:26,690 - WARNING - AI market analysis generation skipped or failed.

--- Generated Report Summary ---
🇯🇵 *[일본 증시 마감 일일 리포트]* 🇯🇵
📅 *기준일자: 2026-08-20*

🔥 *주요 상승 섹터/산업 TOP 5*
1. *Pharmaceutical* (+2.98%)
2. *Nonferrous Metals* (+2.98%)
3. *Mining* (+2.95%)
4. *Electric Power and Gas* (+2.28%)
5. *Information & Communication* (+1.95%)

❄️ *주요 하락 섹터/산업 BOTTOM 5*
1. *Marine Transportation* (-0.45%)
2. *Rubber Products* (-0.34%)
3. *Banks* (-0.23%)
4. *Warehousing and Harbor Transportation Service* (0.28%)
5. *Insurance* (0.35%)

📌 *나의 관심 섹터/산업 현황*
- *Pharmaceutical*: +2.98% (상위: Heartsee(+13.8%), HEALIOS (+11.2%))
- *Information & Communication*: +1.95% (상위: monoAI t(+25.8%), TIER IV,(+17.0%))
- *Transportation Equipment*: +1.85% (상위: NISSAN M(+6.7%), Namura S(+6.6%))
- *Electric Appliances*: +1.49% (상위: QD Laser(+8.9%), MEDIA LI(+8.5%))
- *Chemicals*: +1.17% (상위: Ai ROBOT(+7.4%), Achilles(+5.6%))

🚀 *개별 종목 상승 TOP 5*
1. *5240.T* (monoAI technology Co) | ¥244 (*+25.77%*)
2. *593A.T* (TIER IV,Inc.) | ¥1,033 (*+16.99%*)
3. *4833.T* (Def consulting,inc.) | ¥51 (*+15.91%*)
4. *9552.T* (Quants Research Inst) | ¥1,105 (*+15.71%*)
5. *3350.T* (Metaplanet Inc.) | ¥251 (*+15.14%*)

📉 *개별 종목 하락 TOP 5*
1. *5103.T* (Showa Holdings Co.,L) | ¥3 (*-25.00%*)
2. *8995.T* (Makoto Construction ) | ¥1,701 (*-11.17%*)
3. *3778.T* (SAKURA internet Inc.) | ¥3,555 (*-9.20%*)
4. *335A.T* (Mirairo Inc.) | ¥372 (*-8.82%*)
5. *9115.T* (Meiji Shipping Group) | ¥979 (*-8.59%*)

📂 *전체 3,707개 종목의 마감 등락폭 상세 정보가 담긴 엑셀 파일을 첨부합니다.*
