corp_code,corp_name,stock_code,corp_cls,report_nm,rcept_no,flr_nm,rcept_dt,rm
00253985,국보디자인,066620,K,[첨부추가]사업보고서 (2024.12),20250320000787,국보디자인,20250320,정연
00137359,신풍제약,019170,Y,[첨부추가]사업보고서 (2024.12),20250320000996,신풍제약,20250320,정연
00318662,CNT85,056730,K,[첨부추가]사업보고서 (2024.12),20250320001624,CNT85,20250320,정
00302236,태양3C,052960,N,[첨부추가]사업보고서 (2024.12),20250320000706,태양3C,20250320,정연
00571483,오이솔루션,138080,K,[첨부추가]사업보고서 (2024.12),20250320001284,오이솔루션,20250320,연
00199988,SY동아,041930,K,[첨부추가]사업보고서 (2024.12),20250320000809,SY동아,20250320,연
00131939,선도전기,007610,Y,[첨부추가]사업보고서 (2024.12),20250320001635,선도전기,20250320,정연
00185222,크린앤사이언스,045520,K,[첨부추가]사업보고서 (2024.12),20250320000033,크린앤사이언스,20250320,연
00866062,엘티씨,170920,K,[첨부추가]사업보고서 (2024.12),20250320000998,엘티씨,20250320,정연
00645089,NHN벅스,104200,K,[첨부추가]사업보고서 (2024.12),20250320001006,NHN벅스,20250320,정
00263371,한국경제TV,039340,K,[첨부추가]사업보고서 (2024.12),20250320000818,한국경제TV,20250320,연
00335076,오픈베이스,049480,K,[첨부추가]사업보고서 (2024.12),20250320001668,오픈베이스,20250320,연
00144012,원풍,008370,K,[첨부추가]사업보고서 (2024.12),20250320000892,원풍,20250320,연
01047169,지란지교시큐리티,208350,K,[첨부추가]사업보고서 (2024.12),20250320001300,지란지교시큐리티,20250320,정연
00246620,케이엘넷,039420,K,[첨부추가]사업보고서 (2024.12),20250320001004,케이엘넷,20250320,정연
00302236,태양3C,052960,N,[첨부추가]감사보고서제출              ,20250320600535,태양3C,20250320,넥정
00118451,동일제강,002690,Y,[첨부추가]사업보고서 (2024.12),20250320001153,동일제강,20250320,정
00447760,미래컴퍼니,049950,K,[첨부추가]사업보고서 (2024.12),20250320001352,미래컴퍼니,20250320,연
00385415,일신바이오,068330,K,[첨부추가]사업보고서 (2024.12),20250320001538,일신바이오,20250320,정
00226866,인탑스,049070,K,[첨부추가]사업보고서 (2024.12),20250320001583,인탑스,20250320,연
01250374,에스에스알,275630,K,[첨부추가]사업보고서 (2024.12),20250320000872,에스에스알,20250320,정연
00852087,시디즈,134790,Y,[첨부추가]사업보고서 (2024.12),20250320001423,시디즈,20250320,정연
00161709,퍼시스,016800,Y,[첨부추가]사업보고서 (2024.12),20250320001442,퍼시스,20250320,정연
00398668,휴비츠,065510,K,[첨부추가]사업보고서 (2024.12),20250320001644,휴비츠,20250320,연
00101549,경동제약,011040,K,[첨부추가]사업보고서 (2024.12),20250320001428,경동제약,20250320,연
00259545,엠에스오토텍,123040,K,[첨부추가]사업보고서 (2024.12),20250320000912,엠에스오토텍,20250320,연
00256502,에이텍,045660,K,감사보고서제출              ,20250320902512,에이텍,20250320,코
00525679,차바이오텍,085660,K,소송등의제기ㆍ신청(경영권분쟁소송)              (의결권행사허용가처분),20250320902508,차바이오텍,20250320,코
00475985,시너지이노베이션,048870,K,사업보고서 (2024.12),20250320001753,시너지이노베이션,20250320,정연
00137289,이엘씨,041520,K,사업보고서 (2024.12),20250320001752,이엘씨,20250320,연
00923826,일월지엠엘,178780,K,소속부변경              ,20250320902506,코스닥시장본부,20250320,코
01259311,푸드나무,290720,K,사업보고서 (2024.12),20250320001751,푸드나무,20250320,연
01031229,한국비티비,219750,K,사업보고서 (2024.12),20250320001750,한국비티비,20250320,정
01259311,푸드나무,290720,K,감사보고서제출              ,20250320902495,푸드나무,20250320,코
01784914,클로봇,466100,K,감사보고서제출              ,20250320902484,클로봇,20250320,코정
00146427,한주에이알티,058450,K,감사보고서제출              (2024년도),20250320902499,한주에이알티,20250320,코
00203315,콘텐트리중앙,036420,Y,사업보고서 (2024.12),20250320001749,콘텐트리중앙,20250320,연
00180865,디에이치엑스컴퍼니,031860,K,감사보고서제출              ,20250320902490,디에이치엑스컴퍼니,20250320,코
01492217,엑셀세라퓨틱스,373110,K,사업보고서 (2024.12),20250320001748,엑셀세라퓨틱스,20250320,연
00361594,DMS,068790,K,[기재정정]감사보고서제출              (2023 사업연도),20250320902485,DMS,20250320,코
00136004,신라에스지,025870,K,정기주주총회결과              ,20250320902476,신라에스지,20250320,코
00863038,캐리,313760,K,사업보고서 (2024.12),20250320001747,캐리,20250320,정연
00543107,오킨스전자,080580,K,감사보고서제출              ,20250320902483,오킨스전자,20250320,코
00146427,한주에이알티,058450,K,[기재정정]감사보고서제출              (2023년도),20250320902475,한주에이알티,20250320,코
01031229,한국비티비,219750,K,감사보고서제출              ,20250320902389,한국비티비,20250320,코
00298377,아이씨디,040910,K,사업보고서 (2024.12),20250320001746,아이씨디,20250320,정연
00628189,웅진씽크빅,095720,Y,사업보고서 (2024.12),20250320001745,웅진씽크빅,20250320,연
00863038,캐리,313760,K,소속부변경              ,20250320902477,코스닥시장본부,20250320,코
00346610,시지메드텍,056090,K,감사보고서제출              ,20250320902464,시지메드텍,20250320,코
00146427,한주에이알티,058450,K,[기재정정]감사보고서제출              (2022년도),20250320902359,한주에이알티,20250320,코
01136977,마녀공장,439090,K,최대주주변경을수반하는주식양수도계약체결              ,20250320902468,마녀공장,20250320,코
00111218,KD,044180,K,소속부변경              ,20250320902472,코스닥시장본부,20250320,코
00146427,한주에이알티,058450,K,[기재정정]감사보고서제출              (2021년도),20250320902403,한주에이알티,20250320,코
01511558,네오이뮨텍,950220,K,감사보고서제출              ,20250320902463,네오이뮨텍,20250320,코
00298377,아이씨디,040910,K,감사보고서제출              ,20250320902465,아이씨디,20250320,코
00863038,캐리,313760,K,감사보고서제출              ,20250320902452,캐리,20250320,코정
01492217,엑셀세라퓨틱스,373110,K,감사보고서제출              ,20250320902417,엑셀세라퓨틱스,20250320,코
00137289,이엘씨,041520,K,감사보고서제출              ,20250320902440,이엘씨,20250320,코
00513948,녹십자엠에스,142280,K,[기재정정]단일판매ㆍ공급계약체결              ,20250320902441,녹십자엠에스,20250320,코
00111218,KD,044180,K,사업보고서 (2024.12),20250320001744,KD,20250320,연
00111218,KD,044180,K,감사보고서제출              ,20250320902444,KD,20250320,코
00864338,웹스,196700,K,소속부변경              ,20250320902455,코스닥시장본부,20250320,코
00989664,코아스템켐온,166480,K,감사보고서제출              ,20250320902396,코아스템켐온,20250320,코
00919966,신라젠,215600,K,사업보고서 (2024.12),20250320001743,신라젠,20250320,정연
00111111,대양금속,009190,Y,임시주주총회결과              ,20250320802448,대양금속,20250320,유
00896753,에코글로우,159910,K,[기재정정]주요사항보고서(유상증자결정),20250320001737,에코글로우,20250320,
00445054,하나마이크론,067310,K,사업보고서 (2024.12),20250320001741,하나마이크론,20250320,연
00919966,신라젠,215600,K,감사보고서제출              ,20250320902425,신라젠,20250320,코
00346610,시지메드텍,056090,K,사업보고서 (2024.12),20250320001739,시지메드텍,20250320,연
00243757,인포뱅크,039290,K,사업보고서 (2024.12),20250320001735,인포뱅크,20250320,연
00389970,다날,064260,K,사업보고서 (2024.12),20250320001734,다날,20250320,정연
00113562,롯데손해보험,000400,Y,사업보고서 (2024.12),20250320001732,롯데손해보험,20250320,정
01357765,큐라티스,348080,K,기타경영사항(자율공시)              (감사보고서 제출 지연),20250320902430,큐라티스,20250320,코
01062177,제놀루션,225220,K,사업보고서 (2024.12),20250320001729,제놀루션,20250320,정연
01062177,제놀루션,225220,K,감사보고서제출              ,20250320902429,제놀루션,20250320,코
00675594,디티앤씨,187220,K,사업보고서 (2024.12),20250320001728,디티앤씨,20250320,연
00146861,자화전자,033240,Y,[기재정정]사업보고서 (2024.12),20250320001727,자화전자,20250320,연
00675594,디티앤씨,187220,K,감사보고서제출              ,20250320902380,디티앤씨,20250320,코
00657002,에이디테크놀로지,200710,K,감사보고서제출              ,20250320902415,에이디테크놀로지,20250320,코
01399071,고바이오랩,348150,K,감사보고서제출              ,20250320902395,고바이오랩,20250320,코
01579570,시큐레터,418250,K,사업보고서 (2024.12),20250320001726,시큐레터,20250320,
00563837,제로투세븐,159580,K,사업보고서 (2024.12),20250320001725,제로투세븐,20250320,연
01165739,잉글우드랩,950140,K,사업보고서 (2024.12),20250320001724,잉글우드랩,20250320,연
00547510,툴젠,199800,K,[첨부정정]감사보고서제출              ,20250320902405,툴젠,20250320,코
00876643,캐프,198080,K,주주명부폐쇄기간또는기준일설정              ,20250320902422,캐프,20250320,코
01078178,RFHIC,218410,K,사업보고서 (2024.12),20250320001721,RFHIC,20250320,연
00126788,삼아제약,009300,K,감사보고서제출              ,20250320902368,삼아제약,20250320,코
00113562,롯데손해보험,000400,Y,감사보고서제출              ,20250320802409,롯데손해보험,20250320,유
00365590,HLB생명과학,067630,K,사업보고서 (2024.12),20250320001719,HLB생명과학,20250320,연
00563837,제로투세븐,159580,K,감사보고서제출              ,20250320902413,제로투세븐,20250320,코
00365590,HLB생명과학,067630,K,감사보고서제출              ,20250320902176,HLB생명과학,20250320,코
00497631,티플랙스,081150,K,감사보고서제출              ,20250320902404,티플랙스,20250320,코
01579570,시큐레터,418250,K,감사보고서제출              ,20250320902290,시큐레터,20250320,코
00799539,제노레이,122310,K,[첨부정정]감사보고서제출              ,20250320902412,제노레이,20250320,코
00799539,제노레이,122310,K,[기재정정]현금ㆍ현물배당결정              ,20250320902410,제노레이,20250320,코
01676642,사피엔반도체,452430,K,감사보고서제출              ,20250320902394,사피엔반도체,20250320,코
01214743,더네이쳐홀딩스,298540,K,사업보고서 (2024.12),20250320001718,더네이쳐홀딩스,20250320,연
00543107,오킨스전자,080580,K,파생상품거래손실발생              ,20250320902411,오킨스전자,20250320,코
01078178,RFHIC,218410,K,감사보고서제출              ,20250320902352,RFHIC,20250320,코
00426828,케이웨더,068100,K,감사보고서제출              ,20250320902282,케이웨더,20250320,코
00138297,STX,011810,Y,감사보고서제출              ,20250320802376,STX,20250320,유
00110583,DH오토웨어,025440,K,감사보고서제출              ,20250320902344,DH오토웨어,20250320,코
00243757,인포뱅크,039290,K,감사보고서제출              ,20250320902393,인포뱅크,20250320,코
00533924,이브이첨단소재,131400,K,[기재정정]주주총회소집공고,20250320001715,이브이첨단소재,20250320,
00138297,STX,011810,Y,사업보고서 (2024.12),20250320001714,STX,20250320,연
00533924,이브이첨단소재,131400,K,사업보고서 (2024.12),20250320001712,이브이첨단소재,20250320,연
01037214,킵스파마,256940,K,사업보고서 (2024.12),20250320001711,킵스파마,20250320,연
01357765,큐라티스,348080,K,사업보고서제출기한연장신고서 (2024.12),20250320001710,큐라티스,20250320,
01037214,킵스파마,256940,K,감사보고서제출              ,20250320902355,킵스파마,20250320,코
00325112,프로텍,053610,K,[기재정정]사업보고서 (2024.12),20250320001709,프로텍,20250320,정연
00108746,DKME,015590,Y,사업보고서 (2024.12),20250320001708,DKME,20250320,정연
00445054,하나마이크론,067310,K,[기재정정]주주총회소집공고,20250320001707,하나마이크론,20250320,
00384887,에이테크솔루션,071670,K,사업보고서 (2024.12),20250320001706,에이테크솔루션,20250320,정연
00533924,이브이첨단소재,131400,K,감사보고서제출              ,20250320902379,이브이첨단소재,20250320,코
00157539,KB오토시스,024120,K,사업보고서 (2024.12),20250320001705,KB오토시스,20250320,연
00445054,하나마이크론,067310,K,[기재정정]의결권대리행사권유참고서류,20250320001704,하나마이크론,20250320,
00454399,이상네트웍스,080010,K,감사보고서제출              ,20250320902371,이상네트웍스,20250320,코
00157539,KB오토시스,024120,K,감사보고서제출              ,20250320902366,KB오토시스,20250320,코
01728167,아이지넷,462980,K,감사보고서제출              ,20250320902340,아이지넷,20250320,코
00230036,드래곤플라이,030350,K,주요사항보고서(전환사채권발행결정),20250320001677,드래곤플라이,20250320,
00230036,드래곤플라이,030350,K,[기재정정]주요사항보고서(전환사채권발행결정),20250320001640,드래곤플라이,20250320,정
00445054,하나마이크론,067310,K,감사보고서제출              ,20250320902339,하나마이크론,20250320,코
00103547,우진비앤지,018620,K,기타경영사항(자율공시)              (감사보고서 제출 지연),20250320902364,우진비앤지,20250320,코
00125646,삼목에스폼,018310,K,감사보고서제출              ,20250320902101,삼목에스폼,20250320,코
01368354,네패스아크,330860,K,사업보고서 (2024.12),20250320001701,네패스아크,20250320,
00216647,원익홀딩스,030530,K,사업보고서 (2024.12),20250320001700,원익홀딩스,20250320,연
00444329,위메이드,112040,K,사업보고서 (2024.12),20250320001699,위메이드,20250320,연
01784914,클로봇,466100,K,사업보고서 (2024.12),20250320001698,클로봇,20250320,정연
01368354,네패스아크,330860,K,감사보고서제출              ,20250320902318,네패스아크,20250320,코
00497631,티플랙스,081150,K,소송등의판결ㆍ결정              ,20250320902367,티플랙스,20250320,코
01085442,오건에코텍,212310,N,기타주요경영사항(자율공시)              ((감사보고서 제출지연),20250320602358,오건에코텍,20250320,넥
00243067,부방,014470,K,감사보고서제출              ,20250320902333,부방,20250320,코
00108746,DKME,015590,Y,감사보고서제출              ,20250320802353,DKME,20250320,유
00300405,오리엔트정공,065500,K,사업보고서 (2024.12),20250320001696,오리엔트정공,20250320,정연
00763473,코스메카코리아,241710,K,감사보고서제출              ,20250320902263,코스메카코리아,20250320,코
00300405,오리엔트정공,065500,K,감사보고서제출              ,20250320902320,오리엔트정공,20250320,코
00619507,와이씨켐,112290,K,사업보고서 (2024.12),20250320001693,와이씨켐,20250320,
00450010,씨티알모빌리티,308170,Y,주식등의대량보유상황보고서(일반),20250320001692,강상우,20250320,
00876865,네오오토,212560,K,[기재정정]주주총회소집공고,20250320001691,네오오토,20250320,
00476498,컴투스,078340,K,사업보고서 (2024.12),20250320001690,컴투스,20250320,연
00227333,네패스,033640,K,사업보고서 (2024.12),20250320001688,네패스,20250320,연
00797364,KC코트렐,119650,Y,투자유의안내              (상장폐지기준 해당),20250320802199,유가증권시장본부,20250320,유
00412348,LB세미콘,061970,K,[기재정정]사업보고서 (2024.12),20250320001686,LB세미콘,20250320,연
00619507,와이씨켐,112290,K,감사보고서제출              ,20250320902336,와이씨켐,20250320,코
00227333,네패스,033640,K,감사보고서제출              ,20250320902317,네패스,20250320,코
00152862,코오롱,002020,Y,[기재정정]단일판매ㆍ공급계약체결(자회사의 주요경영사항)              ,20250320802311,코오롱,20250320,유정
01013694,인카금융서비스,211050,K,사업보고서 (2024.12),20250320001685,인카금융서비스,20250320,연
00152862,코오롱,002020,Y,금전대여결정(자회사의 주요경영사항)              ,20250320802310,코오롱,20250320,유
00390860,대산F&B,065150,K,기타시장안내              (실질심사 대상여부 결정을 위한 조사기간 연장 안내),20250320902338,코스닥시장본부,20250320,코
00384887,에이테크솔루션,071670,K,감사보고서제출              ,20250320902316,에이테크솔루션,20250320,코
01399071,고바이오랩,348150,K,사업보고서 (2024.12),20250320001682,고바이오랩,20250320,연
00105280,현대지에프홀딩스,005440,Y,감사보고서제출              ,20250320802284,현대지에프홀딩스,20250320,유
00876865,네오오토,212560,K,사업보고서 (2024.12),20250320001681,네오오토,20250320,
00150536,진양제약,007370,K,사외이사의선임ㆍ해임또는중도퇴임에관한신고,20250320001680,진양제약,20250320,
00876865,네오오토,212560,K,감사보고서제출              ,20250320902253,네오오토,20250320,코
00965813,미투온,201490,K,사업보고서 (2024.12),20250320001679,미투온,20250320,연
00351092,삼보모터스,053700,K,[첨부정정]감사보고서제출              ,20250320902244,삼보모터스,20250320,코
00264671,세중,039310,K,감사보고서제출              ,20250320902302,세중,20250320,코
01013694,인카금융서비스,211050,K,감사보고서제출              ,20250320901999,인카금융서비스,20250320,코
01016479,오로스테크놀로지,322310,K,정기주주총회결과              ,20250320902229,오로스테크놀로지,20250320,코
00965813,미투온,201490,K,감사보고서제출              ,20250320902186,미투온,20250320,코
00613318,와이지엔터테인먼트,122870,K,사업보고서 (2024.12),20250320001675,와이지엔터테인먼트,20250320,연
00150536,진양제약,007370,K,사외이사의선임ㆍ해임또는중도퇴임에관한신고,20250320001673,진양제약,20250320,
00152880,코오롱글로벌,003070,Y,[기재정정]단일판매ㆍ공급계약체결              ,20250320802250,코오롱글로벌,20250320,유정
00152880,코오롱글로벌,003070,Y,금전대여결정              ,20250320802245,코오롱글로벌,20250320,유
01233465,동국생명과학,303810,K,정기주주총회결과              ,20250320902211,동국생명과학,20250320,코
00159971,KC그린홀딩스,009440,Y,투자유의안내              (상장폐지 기준 해당),20250320802307,유가증권시장본부,20250320,유
00109824,대림통상,006570,Y,감사보고서제출              ,20250320802264,대림통상,20250320,유
01553129,제이투케이바이오,420570,K,감사보고서제출              ,20250320902144,제이투케이바이오,20250320,코
00633835,HJ중공업,097230,Y,사업보고서 (2024.12),20250320001670,HJ중공업,20250320,정연
00608839,에이루트,096690,K,사업보고서 (2024.12),20250320001669,에이루트,20250320,연
00633835,HJ중공업,097230,Y,감사보고서제출              ,20250320802219,HJ중공업,20250320,유
00335076,오픈베이스,049480,K,감사보고서제출              ,20250320901991,오픈베이스,20250320,코
00415707,엔텔스,069410,K,정기주주총회결과              ,20250320902256,엔텔스,20250320,코
00493510,뉴프렉스,085670,K,사업보고서 (2024.12),20250320001666,뉴프렉스,20250320,연
00109824,대림통상,006570,Y,사업보고서 (2024.12),20250320001663,대림통상,20250320,연
00150633,지누스,013890,Y,대표이사(대표집행임원)변경(안내공시)              ,20250320802152,지누스,20250320,유
00108746,DKME,015590,Y,[기재정정]사업보고서 (2023.12),20250320001662,DKME,20250320,연
00862880,새빗켐,107600,K,주식등의대량보유상황보고서(일반),20250320001661,에스케이아이엘에코시너지밸류업1호,20250320,
01161432,레이저옵텍,199550,K,사업보고서 (2024.12),20250320001659,레이저옵텍,20250320,연
00587925,모아라이프플러스,142760,K,사업보고서 (2024.12),20250320001658,모아라이프플러스,20250320,연
00267854,메디앙스,014100,K,사업보고서 (2024.12),20250320001657,메디앙스,20250320,연
00256502,에이텍,045660,K,사업보고서 (2024.12),20250320001656,에이텍,20250320,연
00203315,콘텐트리중앙,036420,Y,감사보고서제출              ,20250320802210,콘텐트리중앙,20250320,유
00101220,KG케미칼,001390,Y,사업보고서 (2024.12),20250320001653,KG케미칼,20250320,정연
00587925,모아라이프플러스,142760,K,감사보고서제출              ,20250320902126,모아라이프플러스,20250320,코
00135917,한화손해보험,000370,Y,[기재정정]정기주주총회결과              ,20250320802203,한화손해보험,20250320,유
00100601,강원에너지,114190,K,주주총회소집결의              (임시주주총회),20250320902271,강원에너지,20250320,코정
01118139,타스컴,336040,N,사업보고서 (2024.12),20250320001652,타스컴,20250320,
01344336,신테카바이오,226330,K,사업보고서 (2024.12),20250320001651,신테카바이오,20250320,연
00100601,강원에너지,114190,K,주주명부폐쇄기간또는기준일설정              ,20250320902258,강원에너지,20250320,코
00159810,카프로,006380,Y,사업보고서 (2024.12),20250320001650,카프로,20250320,정
01344336,신테카바이오,226330,K,감사보고서제출              ,20250320901906,신테카바이오,20250320,코
01099861,에이텍모빌리티,224110,K,사업보고서 (2024.12),20250320001645,에이텍모빌리티,20250320,연
00375931,인선이엔티,060150,K,사업보고서 (2024.12),20250320001642,인선이엔티,20250320,연
00173032,동화기업,025900,K,사업보고서 (2024.12),20250320001641,동화기업,20250320,연
01588189,씨메스로보틱스,475400,K,사업보고서 (2024.12),20250320001638,씨메스로보틱스,20250320,연
01159233,솔루엠,248070,Y,사업보고서 (2024.12),20250320001637,솔루엠,20250320,정연
00159971,KC그린홀딩스,009440,Y,감사보고서제출              ,20250320802251,KC그린홀딩스,20250320,유정
01085442,오건에코텍,212310,N,[기재정정]주요사항보고서(유상증자결정),20250320001532,오건에코텍,20250320,정
01283974,삐아,451250,K,감사보고서제출              ,20250320902236,삐아,20250320,코
01161432,레이저옵텍,199550,K,[기재정정]의결권대리행사권유참고서류,20250320001636,레이저옵텍,20250320,
00146861,자화전자,033240,Y,사업보고서 (2024.12),20250320001634,자화전자,20250320,정연
01188730,SK시그넷,260870,N,사업보고서 (2024.12),20250320001633,SK시그넷,20250320,연
01335930,티움바이오,321550,K,주요사항보고서(교환사채권발행결정),20250320001594,티움바이오,20250320,정
00360142,아이마켓코리아,122900,Y,사업보고서 (2024.12),20250320001632,아이마켓코리아,20250320,연
00231372,롯데관광개발,032350,Y,사업보고서 (2024.12),20250320001631,롯데관광개발,20250320,연
01762569,이수스페셜티케미컬,457190,Y,[기재정정]의결권대리행사권유참고서류,20250320001630,이수스페셜티케미컬,20250320,
00493510,뉴프렉스,085670,K,감사보고서제출              ,20250320902124,뉴프렉스,20250320,코
00173032,동화기업,025900,K,감사보고서제출              ,20250320901886,동화기업,20250320,코
01283974,삐아,451250,K,사업보고서 (2024.12),20250320001627,삐아,20250320,연
01762569,이수스페셜티케미컬,457190,Y,[기재정정]주주총회소집결의              ,20250320802168,이수스페셜티케미컬,20250320,유
00152862,코오롱,002020,Y,타인에대한채무보증결정(자회사의 주요경영사항)              ,20250320802135,코오롱,20250320,유
01161432,레이저옵텍,199550,K,[기재정정]주주총회소집공고,20250320001622,레이저옵텍,20250320,
00613318,와이지엔터테인먼트,122870,K,감사보고서제출              ,20250320902045,와이지엔터테인먼트,20250320,코
00367871,인바이오,352940,K,사업보고서 (2024.12),20250320001620,인바이오,20250320,
01258020,에스바이오메딕스,304360,K,임원ㆍ주요주주특정증권등소유상황보고서,20250320001619,정세균,20250320,
01497142,엠아이큐브솔루션,373170,K,[기재정정]주주총회소집공고,20250320001618,엠아이큐브솔루션,20250320,
01626391,오가노이드사이언스,476040,K,[기재정정]증권신고서(지분증권),20250320001617,오가노이드사이언스,20250320,정
00102432,계룡건설산업,013580,Y,[기재정정]단일판매ㆍ공급계약체결              ,20250320802054,계룡건설산업,20250320,유정
00442631,태양기계,116100,N,사업보고서 (2024.12),20250320001616,태양기계,20250320,
00146861,자화전자,033240,Y,감사보고서제출              ,20250320802205,자화전자,20250320,유
00398668,휴비츠,065510,K,감사보고서제출              ,20250320902218,휴비츠,20250320,코
01118281,피플바이오,304840,K,사업보고서 (2024.12),20250320001615,피플바이오,20250320,연
01762569,이수스페셜티케미컬,457190,Y,[기재정정]주주총회소집공고,20250320001614,이수스페셜티케미컬,20250320,
01326279,아이엘,307180,K,전환사채(해외전환사채포함)발행후만기전사채취득              ,20250320902235,아이엘,20250320,코
00360142,아이마켓코리아,122900,Y,감사보고서제출              ,20250320802048,아이마켓코리아,20250320,유
00243067,부방,014470,K,사업보고서 (2024.12),20250320001612,부방,20250320,연
01101041,패션플랫폼,225590,K,사업보고서 (2024.12),20250320001611,패션플랫폼,20250320,정연
00145598,이연제약,102460,Y,사업보고서 (2024.12),20250320001610,이연제약,20250320,정연
01161432,레이저옵텍,199550,K,감사보고서제출              ,20250320901962,레이저옵텍,20250320,코
01448544,셀로맥스사이언스,471820,K,감사보고서제출              ,20250320901765,셀로맥스사이언스,20250320,코
00684802,에이플러스에셋,244920,Y,사업보고서 (2024.12),20250320001609,에이플러스에셋,20250320,연
01573381,레이저쎌,412350,K,사업보고서 (2024.12),20250320001608,레이저쎌,20250320,연
00876643,캐프,198080,K,정기주주총회결과              ,20250320902201,캐프,20250320,코
00415646,드림텍,192650,Y,[기재정정]사업보고서 (2024.12),20250320001606,드림텍,20250320,정연
00469799,이엔플러스,074610,Y,사업보고서제출기한연장신고서 (2024.12),20250320001603,이엔플러스,20250320,
00797364,KC코트렐,119650,Y,사업보고서 (2024.12),20250320001602,KC코트렐,20250320,정연
01101041,패션플랫폼,225590,K,감사보고서제출              ,20250320902113,패션플랫폼,20250320,코
01497142,엠아이큐브솔루션,373170,K,사업보고서 (2024.12),20250320001600,엠아이큐브솔루션,20250320,
00171265,파라다이스,034230,Y,사업보고서 (2024.12),20250320001599,파라다이스,20250320,정연
00351092,삼보모터스,053700,K,사업보고서 (2024.12),20250320001598,삼보모터스,20250320,연
00181943,에스제이엠홀딩스,025530,Y,사업보고서 (2024.12),20250320001596,에스제이엠홀딩스,20250320,연
00788773,씨젠,096530,K,사업보고서 (2024.12),20250320001595,씨젠,20250320,정연
01573381,레이저쎌,412350,K,감사보고서제출              ,20250320901945,레이저쎌,20250320,코
00145598,이연제약,102460,Y,감사보고서제출              ,20250320802127,이연제약,20250320,유
00580199,메디톡스,086900,K,사업보고서 (2024.12),20250320001592,메디톡스,20250320,연
00362201,세운메디칼,100700,K,감사보고서제출              ,20250320902136,세운메디칼,20250320,코
00103006,고려제강,002240,Y,사업보고서 (2024.12),20250320001585,고려제강,20250320,정연
00375931,인선이엔티,060150,K,감사보고서제출              ,20250320901760,인선이엔티,20250320,코
00808022,메지온,140410,K,사업보고서 (2024.12),20250320001584,메지온,20250320,연
00684802,에이플러스에셋,244920,Y,감사보고서제출              ,20250320801965,에이플러스에셋,20250320,유
01258020,에스바이오메딕스,304360,K,임원ㆍ주요주주특정증권등소유상황보고서,20250320001582,홍기동,20250320,
01497142,엠아이큐브솔루션,373170,K,감사보고서제출              ,20250320902183,엠아이큐브솔루션,20250320,코
01234297,미원에스씨,268280,Y,정기주주총회결과              ,20250320802041,미원에스씨,20250320,유
00580199,메디톡스,086900,K,감사보고서제출              ,20250320902128,메디톡스,20250320,코
00318662,CNT85,056730,K,감사보고서제출              ,20250320901865,CNT85,20250320,코
00366438,산일전기,062040,Y,사업보고서 (2024.12),20250320001579,산일전기,20250320,정
00113261,대한광통신,010170,K,사업보고서 (2024.12),20250320001578,대한광통신,20250320,연
01210677,씨케이솔루션,480370,Y,사업보고서 (2024.12),20250320001576,씨케이솔루션,20250320,연
00246417,이오테크닉스,039030,K,감사보고서제출              ,20250320901751,이오테크닉스,20250320,코
00228059,휴온스글로벌,084110,K,사업보고서 (2024.12),20250320001575,휴온스글로벌,20250320,연
00983271,NHN,181710,Y,사업보고서 (2024.12),20250320001574,NHN,20250320,정연
00367871,인바이오,352940,K,감사보고서제출              ,20250320902162,인바이오,20250320,코
01165739,잉글우드랩,950140,K,감사보고서제출              ,20250320902117,잉글우드랩,20250320,코
00797364,KC코트렐,119650,Y,기타안내사항(안내공시)              ,20250320802174,KC코트렐,20250320,유
00791209,메타케어,118000,Y,사업보고서 (2024.12),20250320001573,메타케어,20250320,연
01208751,아이에스티이,212710,K,감사보고서제출              ,20250320901823,아이에스티이,20250320,코
00117708,리드코프,012700,K,사업보고서 (2024.12),20250320001571,리드코프,20250320,연
00310156,셀루메드,049180,K,소액공모공시서류(지분증권),20250320001572,셀루메드,20250320,정
01784394,STX그린로지스,465770,Y,사업보고서 (2024.12),20250320001570,STX그린로지스,20250320,연
01318261,더블유에스아이,299170,K,사업보고서 (2024.12),20250320001569,더블유에스아이,20250320,정연
00103592,광동제약,009290,Y,[기재정정]사업보고서 (2024.12),20250320001567,광동제약,20250320,정연
00134723,페이퍼코리아,001020,Y,[기재정정]주주총회소집공고,20250320001568,페이퍼코리아,20250320,
00159971,KC그린홀딩스,009440,Y,사업보고서 (2024.12),20250320001565,KC그린홀딩스,20250320,연
00165583,E1,017940,Y,사업보고서 (2024.12),20250320001564,E1,20250320,정연
00310156,셀루메드,049180,K,주요사항보고서(유상증자결정),20250320001490,셀루메드,20250320,정
00113261,대한광통신,010170,K,감사보고서제출              ,20250320901744,대한광통신,20250320,코
00140964,영원무역홀딩스,009970,Y,감사보고서제출(자회사의 주요경영사항)              ,20250320802085,영원무역홀딩스,20250320,유
00206686,케이피엠테크,042040,K,사업보고서 (2024.12),20250320001561,케이피엠테크,20250320,연
01159233,솔루엠,248070,Y,감사보고서제출              ,20250320802145,솔루엠,20250320,유
00134723,페이퍼코리아,001020,Y,[기재정정]주주총회소집결의              ,20250320802012,페이퍼코리아,20250320,유
01658831,오름테라퓨틱,475830,K,사업보고서 (2024.12),20250320001560,오름테라퓨틱,20250320,연
01258020,에스바이오메딕스,304360,K,임원ㆍ주요주주특정증권등소유상황보고서,20250320001559,김동욱,20250320,
00107987,남해화학,025860,Y,[첨부정정]사업보고서 (2024.12),20250320001558,남해화학,20250320,연
00125646,삼목에스폼,018310,K,사업보고서 (2024.12),20250320001557,삼목에스폼,20250320,연
00577380,신진에스엠,138070,K,사업보고서 (2024.12),20250320001556,신진에스엠,20250320,연
00145552,이수화학,005950,Y,[기재정정]의결권대리행사권유참고서류,20250320001555,이수화학,20250320,
01201970,셀레스트라,352770,K,사업보고서제출기한연장신고서 (2024.12),20250320001554,셀레스트라,20250320,
00362201,세운메디칼,100700,K,사업보고서 (2024.12),20250320001553,세운메디칼,20250320,연
00144252,유니온,000910,Y,사업보고서 (2024.12),20250320001552,유니온,20250320,연
00115287,동방,004140,Y,[기재정정]의결권대리행사권유참고서류,20250320001551,동방,20250320,
01099861,에이텍모빌리티,224110,K,감사보고서제출              ,20250320902051,에이텍모빌리티,20250320,코
01658831,오름테라퓨틱,475830,K,감사보고서제출              ,20250320902010,오름테라퓨틱,20250320,코
01201970,셀레스트라,352770,K,기타경영사항(자율공시)              (감사보고서 제출 지연),20250320901855,셀레스트라,20250320,코
00120182,NH투자증권,005940,Y,최대주주등소유주식변동신고서              ,20250320802161,NH투자증권,20250320,유
01023211,와이제이링크,209640,K,사업보고서 (2024.12),20250320001548,와이제이링크,20250320,연
01435489,범한퓨얼셀,382900,K,사업보고서 (2024.12),20250320001547,범한퓨얼셀,20250320,연
00363246,우원개발,046940,K,[기재정정]단일판매ㆍ공급계약체결              ,20250320902072,우원개발,20250320,코정
00117708,리드코프,012700,K,감사보고서제출              ,20250320902011,리드코프,20250320,코
00110750,플루토스,019570,K,사업보고서 (2024.12),20250320001545,플루토스,20250320,정연
01762569,이수스페셜티케미컬,457190,Y,사업보고서 (2024.12),20250320001543,이수스페셜티케미컬,20250320,
00102858,고려아연,010130,Y,사업보고서 (2024.12),20250320001542,고려아연,20250320,정연
00143226,엠투엔,033310,K,사업보고서 (2024.12),20250320001541,엠투엔,20250320,연
00200275,YTN,040300,K,사업보고서 (2024.12),20250320001540,YTN,20250320,정
01023211,와이제이링크,209640,K,감사보고서제출              ,20250320901738,와이제이링크,20250320,코
01065013,우정바이오,215380,K,사업보고서 (2024.12),20250320001539,우정바이오,20250320,
00111999,대원제약,003220,Y,사업보고서 (2024.12),20250320001537,대원제약,20250320,연
00173351,삼진,032750,K,사업보고서 (2024.12),20250320001536,삼진,20250320,정연
00577380,신진에스엠,138070,K,감사보고서제출              ,20250320902056,신진에스엠,20250320,코
00186939,특수건설,026150,K,사업보고서 (2024.12),20250320001535,특수건설,20250320,정연
00995993,DXVX,180400,K,사업보고서 (2024.12),20250320001534,DXVX,20250320,정연
00102858,고려아연,010130,Y,[첨부정정]감사보고서제출              ,20250320802122,고려아연,20250320,유
00111704,한화오션,042660,Y,[기재정정]타인에대한채무보증결정              ,20250320802120,한화오션,20250320,유
00664181,인텔리안테크,189300,K,사업보고서 (2024.12),20250320001529,인텔리안테크,20250320,연
00145552,이수화학,005950,Y,[기재정정]주주총회소집결의              ,20250320802077,이수화학,20250320,유
00977377,에이비온,203400,K,사업보고서 (2024.12),20250320001527,에이비온,20250320,정연
00620868,아이티센글로벌,124500,K,소속부변경              ,20250320902110,코스닥시장본부,20250320,코
00152880,코오롱글로벌,003070,Y,타인에대한채무보증결정              ,20250320802134,코오롱글로벌,20250320,유
00226316,호전실업,111110,Y,사업보고서 (2024.12),20250320001525,호전실업,20250320,정연
00101220,KG케미칼,001390,Y,감사보고서제출              ,20250320801971,KG케미칼,20250320,유
00995993,DXVX,180400,K,감사보고서제출              ,20250320902059,DXVX,20250320,코
00113058,한화생명,088350,Y,[기재정정]특수관계인에대한채권매도,20250320001521,한화생명,20250320,공
00126292,삼성카드,029780,Y,대표이사(대표집행임원)변경(안내공시)              ,20250320802130,삼성카드,20250320,유
00351092,삼보모터스,053700,K,[기재정정]주주총회소집공고,20250320001520,삼보모터스,20250320,
00995993,DXVX,180400,K,주권매매거래정지              (관리종목지정사유발생),20250320902091,코스닥시장본부,20250320,코
01159233,솔루엠,248070,Y,주식등의대량보유상황보고서(일반),20250320001519,전성호,20250320,
00664181,인텔리안테크,189300,K,감사보고서제출              ,20250320901904,인텔리안테크,20250320,코
00150633,지누스,013890,Y,정기주주총회결과              ,20250320802088,지누스,20250320,유
00143226,엠투엔,033310,K,감사보고서제출              ,20250320902058,엠투엔,20250320,코
00540447,유니테스트,086390,K,사업보고서 (2024.12),20250320001517,유니테스트,20250320,연
00942131,앤디포스,238090,K,[기재정정]주주총회소집공고,20250320001512,앤디포스,20250320,
00803425,코리아에프티,123410,K,사업보고서 (2024.12),20250320001509,코리아에프티,20250320,연
00246417,이오테크닉스,039030,K,사업보고서 (2024.12),20250320001508,이오테크닉스,20250320,연
00115287,동방,004140,Y,[기재정정]주주총회소집공고,20250320001503,동방,20250320,
00145552,이수화학,005950,Y,[기재정정]주주총회소집공고,20250320001502,이수화학,20250320,
00159971,KC그린홀딩스,009440,Y,감사보고서제출(자회사의 주요경영사항)              ,20250320802099,KC그린홀딩스,20250320,유정
00307028,경남제약,053950,K,정기주주총회결과              ,20250320902053,경남제약,20250320,코
00942131,앤디포스,238090,K,[기재정정]의결권대리행사권유참고서류,20250320001500,앤디포스,20250320,
00983916,HLB제넥스,187420,K,사업보고서 (2024.12),20250320001497,HLB제넥스,20250320,연
00113207,대한전선,001440,Y,[첨부정정]사업보고서 (2024.12),20250320001496,대한전선,20250320,정연
01203808,AP시스템,265520,K,사업보고서 (2024.12),20250320001493,AP시스템,20250320,연
00111704,한화오션,042660,Y,사외이사의선임ㆍ해임또는중도퇴임에관한신고,20250320001495,한화오션,20250320,
00159810,카프로,006380,Y,감사보고서제출              ,20250320802022,카프로,20250320,유
00568188,마이크로컨텍솔,098120,K,감사보고서제출              ,20250320901732,마이크로컨텍솔,20250320,코
00608839,에이루트,096690,K,감사보고서제출              ,20250320902066,에이루트,20250320,코
00797364,KC코트렐,119650,Y,감사보고서제출              ,20250320802034,KC코트렐,20250320,유정
00877819,데이타솔루션,263800,K,[기재정정]주식매수선택권부여에관한신고,20250320001488,데이타솔루션,20250320,
01067516,골프존,215000,K,사업보고서 (2024.12),20250320001486,골프존,20250320,연
00174527,HS화성,002460,Y,사업보고서 (2024.12),20250320001481,HS화성,20250320,연
00261355,레드캡투어,038390,K,사업보고서 (2024.12),20250320001478,레드캡투어,20250320,연
00803425,코리아에프티,123410,K,감사보고서제출              ,20250320901899,코리아에프티,20250320,코
00116426,이렘,009730,K,의결권대리행사권유참고서류,20250320001477,이렘,20250320,
01807729,하나33호스팩,475250,K,[기재정정]정기주주총회결과              ,20250320901994,하나33호스팩,20250320,코
00143651,웅진,016880,Y,사업보고서 (2024.12),20250320001474,웅진,20250320,연
00137997,현대차증권,001500,Y,[기재정정]일괄신고서(파생결합사채-주가연계파생결합사채),20250320001389,현대차증권,20250320,
00115287,동방,004140,Y,[기재정정]주주총회소집결의              ,20250320802046,동방,20250320,유
00137997,현대차증권,001500,Y,[기재정정]일괄신고서(파생결합증권-주가연계증권),20250320001377,현대차증권,20250320,정
00120924,매일홀딩스,005990,K,사업보고서 (2024.12),20250320001467,매일홀딩스,20250320,연
00776820,영원무역,111770,Y,감사보고서제출              ,20250320802017,영원무역,20250320,유
00127200,삼영전자공업,005680,Y,[기재정정]사업보고서 (2024.12),20250320001464,삼영전자공업,20250320,연
00137997,현대차증권,001500,Y,[기재정정]일괄신고서(기타파생결합증권),20250320001361,현대차증권,20250320,정
00942131,앤디포스,238090,K,사업보고서 (2024.12),20250320001461,앤디포스,20250320,정연
01116502,아티스트컴퍼니,321820,K,주식등의대량보유상황보고서(일반),20250320001460,이정재,20250320,
00942131,앤디포스,238090,K,감사보고서제출              ,20250320902042,앤디포스,20250320,코
01544468,이엔셀,456070,K,사업보고서 (2024.12),20250320001457,이엔셀,20250320,
00127936,삼일기업공사,002290,K,사업보고서 (2024.12),20250320001455,삼일기업공사,20250320,
00145552,이수화학,005950,Y,사업보고서 (2024.12),20250320001454,이수화학,20250320,정연
00226866,인탑스,049070,K,감사보고서제출              ,20250320902037,인탑스,20250320,코
00111111,대양금속,009190,Y,[기재정정]의결권대리행사권유참고서류,20250320001451,대양금속,20250320,
00120924,매일홀딩스,005990,K,감사보고서제출              ,20250320901808,매일홀딩스,20250320,코
00137997,현대차증권,001500,Y,[기재정정]일괄신고서(기타파생결합사채),20250320001325,현대차증권,20250320,
00540447,유니테스트,086390,K,감사보고서제출              ,20250320901710,유니테스트,20250320,코
01258020,에스바이오메딕스,304360,K,임원ㆍ주요주주특정증권등소유상황보고서,20250320001450,김은희,20250320,
00153524,태림포장,011280,Y,사업보고서 (2024.12),20250320001448,태림포장,20250320,정연
01234507,매일유업,267980,K,사업보고서 (2024.12),20250320001447,매일유업,20250320,연
00206686,케이피엠테크,042040,K,감사보고서제출              ,20250320901882,케이피엠테크,20250320,코
01290248,스코넥,276040,K,사업보고서 (2024.12),20250320001446,스코넥,20250320,연
00103176,흥국화재,000540,Y,사업보고서 (2024.12),20250320001444,흥국화재,20250320,
00226547,오상자이엘,053980,K,사업보고서 (2024.12),20250320001443,오상자이엘,20250320,연
00165680,호텔신라,008770,Y,사외이사의선임ㆍ해임또는중도퇴임에관한신고,20250320001445,호텔신라,20250320,
00137997,현대차증권,001500,Y,[기재정정]일괄신고서(기타파생결합사채),20250320001306,현대차증권,20250320,정
00126292,삼성카드,029780,Y,[기재정정]일괄신고서,20250320001440,삼성카드,20250320,정
00148364,하림지주,003380,K,[기재정정]사업보고서 (2024.12),20250320001438,하림지주,20250320,연
01139497,에스제이켐,217910,N,[기재정정]주주총회소집공고,20250320001439,에스제이켐,20250320,
00107613,이수페타시스,007660,Y,사업보고서 (2024.12),20250320001435,이수페타시스,20250320,정연
00231372,롯데관광개발,032350,Y,감사보고서제출              ,20250320801977,롯데관광개발,20250320,유
00112998,서울보증보험,031210,Y,감사보고서제출              ,20250320801881,서울보증보험,20250320,유
00391197,하이퍼코퍼레이션,065650,K,기타시장안내(관리종목지정우려종목)              ,20250320901987,코스닥시장본부,20250320,코
00391197,하이퍼코퍼레이션,065650,K,내부결산시점관리종목지정ㆍ형식적상장폐지ㆍ상장적격성실질심사사유발생              ,20250320901952,하이퍼코퍼레이션,20250320,코
00925967,이엠티,232530,N,기타주요경영사항(자율공시)              (감사보고서 제출 지연),20250320602027,이엠티,20250320,넥
01147487,뷰티스킨,406820,K,사업보고서 (2024.12),20250320001431,뷰티스킨,20250320,연
00391197,하이퍼코퍼레이션,065650,K,주권매매거래정지              (관리종목지정우려),20250320901982,코스닥시장본부,20250320,코
01267222,에피소드컴퍼니,317530,K,[기재정정]사업보고서 (2024.12),20250320001430,에피소드컴퍼니,20250320,연
00988364,SGA솔루션즈,184230,K,사업보고서 (2024.12),20250320001429,SGA솔루션즈,20250320,연
00475985,시너지이노베이션,048870,K,감사보고서제출              ,20250320901756,시너지이노베이션,20250320,코
00111111,대양금속,009190,Y,[기재정정]주주총회소집공고,20250320001425,대양금속,20250320,
00426828,케이웨더,068100,K,사업보고서 (2024.12),20250320001424,케이웨더,20250320,정연
01316254,HS효성첨단소재,298050,Y,정기주주총회결과              ,20250320801898,HS효성첨단소재,20250320,유
00122825,프리티,006490,Y,기타경영사항(자율공시)              (감사보고서 제출 지연),20250320801943,프리티,20250320,유
00671376,트리니티항공,091810,Y,감사보고서제출              ,20250320801922,트리니티항공,20250320,유
01118139,타스컴,336040,N,감사보고서제출              ,20250320601838,타스컴,20250320,넥
00173351,삼진,032750,K,감사보고서제출              ,20250320901624,삼진,20250320,코
01139497,에스제이켐,217910,N,사업보고서 (2024.12),20250320001420,에스제이켐,20250320,
00111111,대양금속,009190,Y,사업보고서 (2024.12),20250320001419,대양금속,20250320,정
00111111,대양금속,009190,Y,[기재정정]주주총회소집결의              ,20250320801940,대양금속,20250320,유
00194947,한전산업,130660,Y,사업보고서 (2024.12),20250320001416,한전산업,20250320,연
00118345,디아이동일,001530,Y,감사보고서제출              ,20250320801931,디아이동일,20250320,유
01423916,온코크로스,382150,K,사업보고서 (2024.12),20250320001414,온코크로스,20250320,연
00867098,티로보틱스,117730,K,사업보고서 (2024.12),20250320001413,티로보틱스,20250320,연
00767628,나이벡,138610,K,[기재정정]감사보고서제출              ,20250320901978,나이벡,20250320,코
00122694,범양건영,002410,Y,사업보고서 (2024.12),20250320001411,범양건영,20250320,정연
01762569,이수스페셜티케미컬,457190,Y,감사보고서제출              ,20250320801862,이수스페셜티케미컬,20250320,유
00226316,호전실업,111110,Y,감사보고서제출              ,20250320801829,호전실업,20250320,유
00113058,한화생명,088350,Y,이사회의성별구성의무준수현황(자율공시)              ,20250320802006,한화생명,20250320,유
00264547,KG이니시스,035600,K,정기주주총회결과              ,20250320901880,KG이니시스,20250320,코
00148610,한화투자증권,003530,Y,투자설명서(일괄신고),20250320001410,한화투자증권,20250320,
00137997,현대차증권,001500,Y,[기재정정]일괄신고서(파생결합사채-주가연계파생결합사채),20250320001294,현대차증권,20250320,정
01704680,M83,476080,K,사업보고서 (2024.12),20250320001408,M83,20250320,연
01440153,넥사다이내믹스,351320,K,[기재정정]주요사항보고서(유상증자결정),20250320001355,넥사다이내믹스,20250320,정
01116502,아티스트컴퍼니,321820,K,사업보고서 (2024.12),20250320001407,아티스트컴퍼니,20250320,연
00876643,캐프,198080,K,회사합병결정(종속회사의주요경영사항)              ,20250320902002,캐프,20250320,코
01309388,LS티라유텍,322180,K,사외이사의선임ㆍ해임또는중도퇴임에관한신고,20250320001406,LS티라유텍,20250320,
01267967,마이크로디지탈,305090,K,전환청구권행사              (제2회차),20250320901599,마이크로디지탈,20250320,코
01593668,센서뷰,321370,K,[기재정정]주요사항보고서(유형자산양수결정),20250320001347,센서뷰,20250320,정
01116502,아티스트컴퍼니,321820,K,감사보고서제출              ,20250320901704,아티스트컴퍼니,20250320,코
01258020,에스바이오메딕스,304360,K,임원ㆍ주요주주특정증권등소유상황보고서,20250320001405,나현섭,20250320,
00134723,페이퍼코리아,001020,Y,사업보고서 (2024.12),20250320001403,페이퍼코리아,20250320,연
00144243,유니슨,018000,K,사업보고서 (2024.12),20250320001401,유니슨,20250320,연
00113058,한화생명,088350,Y,사외이사의선임ㆍ해임또는중도퇴임에관한신고,20250320001400,한화생명,20250320,
00136721,신영증권,001720,Y,투자설명서(일괄신고),20250320001399,신영증권,20250320,
00115287,동방,004140,Y,사업보고서 (2024.12),20250320001398,동방,20250320,연
00104999,윌비스,008600,Y,기타경영사항(자율공시)              (감사보고서 제출 지연),20250320801900,윌비스,20250320,유
00552992,진매트릭스,109820,K,사업보고서 (2024.12),20250320001396,진매트릭스,20250320,
00226547,오상자이엘,053980,K,감사보고서제출              ,20250320901864,오상자이엘,20250320,코
00134723,페이퍼코리아,001020,Y,감사보고서제출              ,20250320801820,페이퍼코리아,20250320,유
01159233,솔루엠,248070,Y,임원ㆍ주요주주특정증권등소유상황보고서,20250320001395,최병배,20250320,
00249247,YG PLUS,037270,Y,사업보고서 (2024.12),20250320001394,YG PLUS,20250320,연
00231442,디지틀조선,033130,K,사업보고서 (2024.12),20250320001393,디지틀조선,20250320,연
01497869,티와이홀딩스,363280,Y,사업보고서 (2024.12),20250320001392,티와이홀딩스,20250320,연
00861100,아이케이세미콘,149010,N,감사보고서제출              ,20250320601868,아이케이세미콘,20250320,넥
01853214,신한제14호스팩,487360,K,정기주주총회결과              ,20250320901591,신한제14호스팩,20250320,코
00923826,일월지엠엘,178780,K,사업보고서 (2024.12),20250320001390,일월지엠엘,20250320,연
00153393,태광산업,003240,Y,사업보고서 (2024.12),20250320001386,태광산업,20250320,정연
00113058,한화생명,088350,Y,[기재정정]주요사항보고서(자본으로인정되는채무증권발행결정),20250320001387,한화생명,20250320,
00476498,컴투스,078340,K,감사보고서제출              ,20250320901851,컴투스,20250320,코
00852087,시디즈,134790,Y,감사보고서제출              ,20250320801910,시디즈,20250320,유
00109189,대덕,008060,Y,사업보고서 (2024.12),20250320001383,대덕,20250320,연
01035678,링크드,193250,K,[기재정정]주식매수선택권부여에관한신고,20250320001384,링크드,20250320,
00117498,스틱인베스트먼트,026890,Y,사업보고서 (2024.12),20250320001381,스틱인베스트먼트,20250320,연
00126256,삼성생명,032830,Y,정기주주총회결과              ,20250320801764,삼성생명,20250320,유
01807738,하나32호스팩,475240,K,정기주주총회결과              ,20250320901551,하나32호스팩,20250320,코
00896753,에코글로우,159910,K,감사보고서제출              ,20250320901686,에코글로우,20250320,코
00165680,호텔신라,008770,Y,정기주주총회결과              ,20250320801754,호텔신라,20250320,유
00160843,DB하이텍,000990,Y,동일인등출자계열회사와의상품ㆍ용역거래,20250320001378,DB하이텍,20250320,공
00143527,경동인베스트,012320,Y,사업보고서 (2024.12),20250320001376,경동인베스트,20250320,연
00463342,폴라리스AI파마,041910,K,정기주주총회결과              ,20250320901828,폴라리스AI파마,20250320,코
01262023,루트락,253610,N,감사보고서제출              ,20250320601762,루트락,20250320,넥
00161709,퍼시스,016800,Y,감사보고서제출              ,20250320801891,퍼시스,20250320,유
01159233,솔루엠,248070,Y,임원ㆍ주요주주특정증권등소유상황보고서,20250320001374,신정훈,20250320,
00808086,HLB펩,196300,K,[첨부정정]주요사항보고서(유상증자결정),20250320001217,HLB펩,20250320,
00104999,윌비스,008600,Y,사업보고서제출기한연장신고서 (2024.12),20250320001373,윌비스,20250320,
00120289,제이에스티나,026040,K,사업보고서 (2024.12),20250320001371,제이에스티나,20250320,
00230814,휴림에이텍,078590,K,사업보고서 (2024.12),20250320001370,휴림에이텍,20250320,
01353848,이노벡스,279060,N,사업보고서 (2024.12),20250320001369,이노벡스,20250320,
00143527,경동인베스트,012320,Y,감사보고서제출              ,20250320801867,경동인베스트,20250320,유
00160621,한국화장품제조,003350,Y,사업보고서 (2024.12),20250320001367,한국화장품제조,20250320,정
00367710,동인기연,111380,Y,사업보고서 (2024.12),20250320001366,동인기연,20250320,연
01416235,고스트스튜디오,950190,K,사업보고서 (2024.12),20250320001365,고스트스튜디오,20250320,연
00120289,제이에스티나,026040,K,감사보고서제출              ,20250320901692,제이에스티나,20250320,코
00101628,경방,000050,Y,사업보고서 (2024.12),20250320001362,경방,20250320,연
00389970,다날,064260,K,감사보고서제출              ,20250320901873,다날,20250320,코
00166175,대호특수강,021040,K,사업보고서 (2024.12),20250320001359,대호특수강,20250320,정연
00260611,웰킵스하이텍,043590,K,[기재정정]감사보고서제출              ,20250320901888,웰킵스하이텍,20250320,코
00113058,한화생명,088350,Y,정기주주총회결과              ,20250320801768,한화생명,20250320,유
00444329,위메이드,112040,K,감사보고서제출              ,20250320901476,위메이드,20250320,코
00788773,씨젠,096530,K,감사보고서제출              ,20250320901555,씨젠,20250320,코
00620868,아이티센글로벌,124500,K,사업보고서 (2024.12),20250320001358,아이티센글로벌,20250320,정연
00660459,나노씨엠에스,247660,K,사업보고서 (2024.12),20250320001357,나노씨엠에스,20250320,
00166528,서암기계공업,100660,K,사외이사의선임ㆍ해임또는중도퇴임에관한신고,20250320001356,서암기계공업,20250320,
00132318,성광벤드,014620,K,사업보고서 (2024.12),20250320001354,성광벤드,20250320,연
01370863,그린리소스,402490,K,[기재정정]사업보고서 (2024.12),20250320001353,그린리소스,20250320,연
01353848,이노벡스,279060,N,감사보고서제출              ,20250320601741,이노벡스,20250320,넥
00152686,코리아써키트,007810,Y,사업보고서 (2024.12),20250320001351,코리아써키트,20250320,연
01142260,에스엠씨지,460870,K,사업보고서 (2024.12),20250320001350,에스엠씨지,20250320,
00160843,DB하이텍,000990,Y,사외이사의선임ㆍ해임또는중도퇴임에관한신고,20250320001349,DB하이텍,20250320,
00146427,한주에이알티,058450,K,[기재정정]사업보고서 (2021.12),20250320001348,한주에이알티,20250320,연
00107987,남해화학,025860,Y,사업보고서 (2024.12),20250320001346,남해화학,20250320,정연
00494218,엘엠에스,073110,K,사업보고서 (2024.12),20250320001345,엘엠에스,20250320,연
00148610,한화투자증권,003530,Y,일괄신고추가서류(파생결합증권-주가연계증권),20250320001344,한화투자증권,20250320,
00767628,나이벡,138610,K,감사보고서제출              ,20250320901798,나이벡,20250320,코정
00122205,졸스,018700,K,사업보고서 (2024.12),20250320001342,졸스,20250320,연
01035678,링크드,193250,K,사업보고서 (2024.12),20250320001337,링크드,20250320,연
00110893,대신증권,003540,Y,투자설명서(일괄신고),20250320001338,대신증권,20250320,
00159971,KC그린홀딩스,009440,Y,[기재정정]타인에대한채무보증결정              ,20250320801861,KC그린홀딩스,20250320,유
00552992,진매트릭스,109820,K,감사보고서제출              ,20250320901430,진매트릭스,20250320,코
00592653,유비벨록스,089850,K,사업보고서 (2024.12),20250320001332,유비벨록스,20250320,연
01257872,에스프리즘,288620,K,사업보고서 (2024.12),20250320001331,에스프리즘,20250320,연
01159233,솔루엠,248070,Y,임원ㆍ주요주주특정증권등소유상황보고서,20250320001330,송용근,20250320,
00145552,이수화학,005950,Y,감사보고서제출              ,20250320801720,이수화학,20250320,유
01035678,링크드,193250,K,감사보고서제출              ,20250320901494,링크드,20250320,코
01325429,지아이에스,306620,K,사업보고서 (2024.12),20250320001328,지아이에스,20250320,정연
01229240,가이아코퍼레이션,296520,N,기타주요경영사항(자율공시)              (감사보고서 지연 발행),20250320601731,가이아코퍼레이션,20250320,넥
01804476,유안타제16호스팩,474490,K,정기주주총회결과              ,20250320901728,유안타제16호스팩,20250320,코
00126566,한화에어로스페이스,012450,Y,주주명부폐쇄기간또는기준일설정              ,20250320801844,한화에어로스페이스,20250320,유정
00159740,KISCO홀딩스,001940,Y,사업보고서 (2024.12),20250320001326,KISCO홀딩스,20250320,연
00203315,콘텐트리중앙,036420,Y,감사보고서제출(자회사의 주요경영사항)              ,20250320801809,콘텐트리중앙,20250320,유
00231442,디지틀조선,033130,K,감사보고서제출              ,20250320901390,디지틀조선,20250320,코
00442154,제이엔케이글로벌,126880,K,사업보고서 (2024.12),20250320001324,제이엔케이글로벌,20250320,정연
00141307,영풍,000670,Y,소송등의판결ㆍ결정              ,20250320801894,영풍,20250320,유
00823429,한국화장품,123690,Y,사업보고서 (2024.12),20250320001323,한국화장품,20250320,연
00230814,휴림에이텍,078590,K,감사보고서제출              ,20250320901657,휴림에이텍,20250320,코
00469799,이엔플러스,074610,Y,기타경영사항(자율공시)              (감사보고서 제출 지연),20250320801772,이엔플러스,20250320,유
00486370,성창오토텍,080470,K,사업보고서 (2024.12),20250320001322,성창오토텍,20250320,연
00160843,DB하이텍,000990,Y,정기주주총회결과              ,20250320801795,DB하이텍,20250320,유
00127200,삼영전자공업,005680,Y,사업보고서 (2024.12),20250320001321,삼영전자공업,20250320,정연
00118345,디아이동일,001530,Y,사업보고서 (2024.12),20250320001320,디아이동일,20250320,정연
00126201,삼성공조,006660,Y,사업보고서 (2024.12),20250320001319,삼성공조,20250320,연
00122205,졸스,018700,K,감사보고서제출              ,20250320901677,졸스,20250320,코
01293485,제닉스로보틱스,381620,K,주식매수선택권부여에관한신고,20250320001318,제닉스로보틱스,20250320,정
01139497,에스제이켐,217910,N,감사보고서제출              ,20250320601674,에스제이켐,20250320,넥
00112022,대원화성,024890,Y,사업보고서 (2024.12),20250320001317,대원화성,20250320,연
00234227,유진로봇,056080,K,사업보고서 (2024.12),20250320001316,유진로봇,20250320,
01118281,피플바이오,304840,K,감사보고서제출              ,20250320901646,피플바이오,20250320,코
01316227,효성티앤씨,298020,Y,사외이사의선임ㆍ해임또는중도퇴임에관한신고,20250320001315,효성티앤씨,20250320,
00111458,대영포장,014160,Y,사업보고서 (2024.12),20250320001314,대영포장,20250320,
00620868,아이티센글로벌,124500,K,감사보고서제출              ,20250320901804,아이티센글로벌,20250320,코
00144243,유니슨,018000,K,감사보고서제출              ,20250320901377,유니슨,20250320,코
00110893,대신증권,003540,Y,일괄신고추가서류(파생결합사채-주가연계파생결합사채),20250320001313,대신증권,20250320,
01188730,SK시그넷,260870,N,감사보고서제출              ,20250320601691,SK시그넷,20250320,넥
00100601,강원에너지,114190,K,사업보고서 (2024.12),20250320001312,강원에너지,20250320,정연
01140837,이지트로닉스,377330,K,사업보고서 (2024.12),20250320001310,이지트로닉스,20250320,연
00166528,서암기계공업,100660,K,상호변경안내              ,20250320901870,서암기계공업,20250320,코
01205851,HD현대일렉트릭,267260,Y,[기재정정]사업보고서 (2024.12),20250320001309,HD현대일렉트릭,20250320,연
00126788,삼아제약,009300,K,사업보고서 (2024.12),20250320001308,삼아제약,20250320,연
01440153,넥사다이내믹스,351320,K,[기재정정]최대주주변경을수반하는주식양수도계약체결              ,20250320901420,넥사다이내믹스,20250320,코
01440153,넥사다이내믹스,351320,K,최대주주변경              ,20250320901758,넥사다이내믹스,20250320,코
00767628,나이벡,138610,K,사업보고서 (2024.12),20250320001307,나이벡,20250320,
00161976,한세예스24홀딩스,016450,Y,[기재정정]타인에대한채무보증결정              ,20250320801604,한세예스24홀딩스,20250320,유
00173449,빌리언스,044480,K,정기주주총회결과              ,20250320901663,빌리언스,20250320,코
01847550,하나34호스팩,484130,K,정기주주총회결과              ,20250320901723,하나34호스팩,20250320,코
00877819,데이타솔루션,263800,K,정기주주총회결과              ,20250320901713,데이타솔루션,20250320,코
01276026,지놈앤컴퍼니,314130,K,사업보고서 (2024.12),20250320001302,지놈앤컴퍼니,20250320,연
00365457,제이티,089790,K,사업보고서 (2024.12),20250320001301,제이티,20250320,연
00120924,매일홀딩스,005990,K,감사보고서제출(자회사의 주요경영사항)              ,20250320901810,매일홀딩스,20250320,코
01359815,한울반도체,320000,K,사업보고서 (2024.12),20250320001299,한울반도체,20250320,정
00592653,유비벨록스,089850,K,감사보고서제출              ,20250320901667,유비벨록스,20250320,코
00116426,이렘,009730,K,사업보고서 (2024.12),20250320001298,이렘,20250320,
00238782,다우데이타,032190,K,사업보고서 (2024.12),20250320001297,다우데이타,20250320,연
00787376,대성에너지,117580,Y,사업보고서 (2024.12),20250320001296,대성에너지,20250320,연
01416642,다보링크,340360,K,[기재정정]주요사항보고서(유형자산양수결정),20250320001155,다보링크,20250320,정
00113058,한화생명,088350,Y,[발행조건확정]증권신고서(채무증권),20250320001293,한화생명,20250320,
00131939,선도전기,007610,Y,감사보고서제출              ,20250320801593,선도전기,20250320,유
00113207,대한전선,001440,Y,사업보고서 (2024.12),20250320001292,대한전선,20250320,정연
00111458,대영포장,014160,Y,[기재정정]매출액또는손익구조30%(대규모법인은15%)이상변경              ,20250320801769,대영포장,20250320,유
01762569,이수스페셜티케미컬,457190,Y,[기재정정]매출액또는손익구조30%(대규모법인은15%)이상변경              ,20250320801711,이수스페셜티케미컬,20250320,유
00660459,나노씨엠에스,247660,K,감사보고서제출              ,20250320901573,나노씨엠에스,20250320,코
00136721,신영증권,001720,Y,일괄신고추가서류(파생결합증권-주가연계증권),20250320001291,신영증권,20250320,
00124799,사조산업,007160,Y,정기주주총회결과              ,20250320801799,사조산업,20250320,유
00135777,신대양제지,016590,Y,사업보고서 (2024.12),20250320001290,신대양제지,20250320,연
00166528,서암기계공업,100660,K,정기주주총회결과              ,20250320901492,서암기계공업,20250320,코
00687711,한국철강,104700,Y,사업보고서 (2024.12),20250320001288,한국철강,20250320,
01325429,지아이에스,306620,K,감사보고서제출              ,20250320901489,지아이에스,20250320,코정
00146454,일양약품,007570,Y,사업보고서제출기한연장신고서 (2024.12),20250320001287,일양약품,20250320,
00267906,베뉴지,019010,K,사업보고서 (2024.12),20250320001283,베뉴지,20250320,정연
00442631,태양기계,116100,N,감사보고서제출              ,20250320601734,태양기계,20250320,넥
00106881,인디에프,014990,Y,사업보고서 (2024.12),20250320001282,인디에프,20250320,연
00105466,KCC건설,021320,K,사업보고서 (2024.12),20250320001281,KCC건설,20250320,
00362441,현대오토에버,307950,Y,[기재정정]감사보고서제출              ,20250320801801,현대오토에버,20250320,유
00150828,진흥기업,002780,Y,정기주주총회결과              ,20250320801631,진흥기업,20250320,유
01423916,온코크로스,382150,K,감사보고서제출              ,20250320901730,온코크로스,20250320,코
00165343,혜인,003010,Y,사업보고서 (2024.12),20250320001279,혜인,20250320,정
00126566,한화에어로스페이스,012450,Y,증권신고서(지분증권),20250320001277,한화에어로스페이스,20250320,정
00115612,동부건설,005960,Y,타인에대한채무보증결정              ,20250320801825,동부건설,20250320,유
00160621,한국화장품제조,003350,Y,[기재정정]의결권대리행사권유참고서류,20250320001274,한국화장품제조,20250320,
01854408,신한제15호스팩,487830,K,정기주주총회결과              ,20250320901471,신한제15호스팩,20250320,코
00957735,클리오,237880,K,사업보고서 (2024.12),20250320001273,클리오,20250320,연
00146454,일양약품,007570,Y,기타경영사항(자율공시)              ,20250320801745,일양약품,20250320,유
00116426,이렘,009730,K,[기재정정]사업보고서 (2020.12),20250320001271,이렘,20250320,연
00568188,마이크로컨텍솔,098120,K,사업보고서 (2024.12),20250320001270,마이크로컨텍솔,20250320,연
00113058,한화생명,088350,Y,[기재정정]증권신고서(채무증권),20250320001269,한화생명,20250320,정
01090471,SFA넥셀,222080,K,사업보고서 (2024.12),20250320001265,SFA넥셀,20250320,정연
00205003,좋은사람들,033340,K,사업보고서 (2024.12),20250320001264,좋은사람들,20250320,연
01234507,매일유업,267980,K,감사보고서제출              ,20250320901459,매일유업,20250320,코
00409681,아스트,067390,K,사업보고서 (2024.12),20250320001263,아스트,20250320,연
00135777,신대양제지,016590,Y,감사보고서제출              ,20250320801630,신대양제지,20250320,유
00143651,웅진,016880,Y,감사보고서제출              ,20250320801675,웅진,20250320,유
00146296,일신석재,007110,Y,사업보고서 (2024.12),20250320001261,일신석재,20250320,
00126256,삼성생명,032830,Y,사외이사의선임ㆍ해임또는중도퇴임에관한신고,20250320001260,삼성생명,20250320,
00373021,테라사이언스,073640,K,[기재정정]주요사항보고서(유상증자결정),20250320001211,테라사이언스,20250320,정
00160621,한국화장품제조,003350,Y,[기재정정]주주총회소집공고,20250320001259,한국화장품제조,20250320,
01258020,에스바이오메딕스,304360,K,임원ㆍ주요주주특정증권등소유상황보고서,20250320001256,조명수,20250320,
00957735,클리오,237880,K,감사보고서제출              ,20250320901618,클리오,20250320,코
00975290,에이스토리,241840,K,사업보고서 (2024.12),20250320001255,에이스토리,20250320,연
01807747,신한제13호스팩,474930,K,정기주주총회결과              ,20250320901470,신한제13호스팩,20250320,코
00541437,코렌텍,104540,K,사업보고서 (2024.12),20250320001254,코렌텍,20250320,연
00111704,한화오션,042660,Y,정기주주총회결과              ,20250320801784,한화오션,20250320,유
01309388,LS티라유텍,322180,K,상호변경안내              ,20250320901796,LS티라유텍,20250320,코
00164742,현대자동차,005380,Y,기타경영사항(자율공시)              (분기배당기준일 안내),20250320801770,현대자동차,20250320,유
00159209,한전기술,052690,Y,감사보고서제출              ,20250320801753,한전기술,20250320,유
00109754,대림바스,005750,Y,사업보고서 (2024.12),20250320001253,대림바스,20250320,정연
01073261,동방메디컬,240550,K,사업보고서 (2024.12),20250320001252,동방메디컬,20250320,연
00535481,에스와이,109610,K,사업보고서 (2024.12),20250320001251,에스와이,20250320,연
00820352,파인텍,131760,K,사업보고서 (2024.12),20250320001250,파인텍,20250320,연
00813389,베셀,177350,K,소속부변경              ,20250320901777,코스닥시장본부,20250320,코
00674498,골프존홀딩스,121440,K,사업보고서 (2024.12),20250320001249,골프존홀딩스,20250320,연
01316227,효성티앤씨,298020,Y,정기주주총회결과              ,20250320801660,효성티앤씨,20250320,유
00409681,아스트,067390,K,소속부변경              ,20250320901761,코스닥시장본부,20250320,코
00677334,아하,102950,N,[기재정정]사업보고서 (2024.12),20250320001248,아하,20250320,정연
00104573,국일제지,078130,K,사업보고서 (2024.12),20250320001247,국일제지,20250320,연
00273110,에스티큐브,052020,K,투자판단관련주요경영사항(임상시험계획승인신청등결정)              (면역항암제 Nelmastobart(hSTC810)의 전이성/재발성 대장암 제1b/2상 임상시험계획(IND) 승인 ),20250320901596,에스티큐브,20250320,코
01259232,노바텍,285490,K,사업보고서 (2024.12),20250320001246,노바텍,20250320,연
00409788,비에이치아이,083650,K,[기재정정]단일판매ㆍ공급계약체결(자율공시)              ,20250320901495,비에이치아이,20250320,코정
00123772,부국증권,001270,Y,주식등의대량보유상황보고서(일반),20250320001244,김중건,20250320,
00259590,바른손이앤에이,035620,K,사업보고서 (2024.12),20250320001242,바른손이앤에이,20250320,연
00137997,현대차증권,001500,Y,[기재정정]사업보고서 (2024.12),20250320001241,현대차증권,20250320,정연
00990165,아세아시멘트,183190,Y,[기재정정]사업보고서 (2024.12),20250320001240,아세아시멘트,20250320,연
00106881,인디에프,014990,Y,감사보고서제출              ,20250320801650,인디에프,20250320,유정
00897752,천보,278280,K,정기주주총회결과              ,20250320901372,천보,20250320,코
00157399,한솔테크닉스,004710,Y,최대주주등소유주식변동신고서              ,20250320801774,한솔테크닉스,20250320,유
00122694,범양건영,002410,Y,[기재정정]의결권대리행사권유참고서류,20250320001239,범양건영,20250320,
00107224,남선알미늄,008350,Y,사업보고서 (2024.12),20250320001238,남선알미늄,20250320,연
00123143,보령,003850,Y,사업보고서 (2024.12),20250320001237,보령,20250320,연
00122694,범양건영,002410,Y,투자유의안내              (상장폐지 기준 해당),20250320801724,유가증권시장본부,20250320,유
00308559,코디,080530,K,임원ㆍ주요주주특정증권등소유상황보고서,20250320001235,지피클럽,20250320,
01159233,솔루엠,248070,Y,최대주주등소유주식변동신고서              ,20250320801759,솔루엠,20250320,유
00249247,YG PLUS,037270,Y,감사보고서제출              ,20250320801670,YG PLUS,20250320,유
01416235,고스트스튜디오,950190,K,감사보고서제출              ,20250320901621,고스트스튜디오,20250320,코
01290248,스코넥,276040,K,감사보고서제출              ,20250320901456,스코넥,20250320,코
00267906,베뉴지,019010,K,감사보고서제출              ,20250320901298,베뉴지,20250320,코
00787376,대성에너지,117580,Y,감사보고서제출              ,20250320801699,대성에너지,20250320,유
00823429,한국화장품,123690,Y,[기재정정]의결권대리행사권유참고서류,20250320001228,한국화장품,20250320,
01579020,아이엠지티,456570,N,사업보고서제출기한연장신고서 (2024.12),20250320001227,아이엠지티,20250320,
01153293,제이엘케이,322510,K,사업보고서 (2024.12),20250320001226,제이엘케이,20250320,연
00111458,대영포장,014160,Y,감사보고서제출              ,20250320801658,대영포장,20250320,유
01110182,SCL사이언스,246960,K,사업보고서 (2024.12),20250320001225,SCL사이언스,20250320,연
01540453,에이직랜드,445090,K,사업보고서 (2024.12),20250320001224,에이직랜드,20250320,연
00160621,한국화장품제조,003350,Y,[기재정정]주주총회소집결의              ,20250320801590,한국화장품제조,20250320,유
00122694,범양건영,002410,Y,[기재정정]주주총회소집공고,20250320001223,범양건영,20250320,
00171265,파라다이스,034230,Y,감사보고서제출              ,20250320801688,파라다이스,20250320,유
00494218,엘엠에스,073110,K,감사보고서제출              ,20250320901364,엘엠에스,20250320,코
00842585,네이블,153460,K,정기주주총회결과              ,20250320901598,네이블,20250320,코
01153293,제이엘케이,322510,K,감사보고서제출              ,20250320901638,제이엘케이,20250320,코
01497869,티와이홀딩스,363280,Y,감사보고서제출              ,20250320801625,티와이홀딩스,20250320,유
01214743,더네이쳐홀딩스,298540,K,감사보고서제출              ,20250320901440,더네이쳐홀딩스,20250320,코
01236532,와이즈버즈,273060,K,주식매수선택권부여에관한신고,20250320001220,와이즈버즈,20250320,
01110182,SCL사이언스,246960,K,감사보고서제출              ,20250320901547,SCL사이언스,20250320,코
01784394,STX그린로지스,465770,Y,감사보고서제출              ,20250320801569,STX그린로지스,20250320,유
01034730,크로넥스,215570,N,[기재정정]주주총회소집공고,20250320001216,크로넥스,20250320,
00823429,한국화장품,123690,Y,[기재정정]주주총회소집공고,20250320001215,한국화장품,20250320,
00132804,성신양회,004980,Y,정기주주총회결과              ,20250320801595,성신양회,20250320,유
00132992,성우하이텍,015750,K,사업보고서 (2024.12),20250320001214,성우하이텍,20250320,연
00155586,HLB이노베이션,024850,K,주식매수선택권부여에관한신고,20250320001213,HLB이노베이션,20250320,
00445841,MDS테크,086960,K,사업보고서 (2024.12),20250320001212,MDS테크,20250320,연
00146296,일신석재,007110,Y,감사보고서제출              ,20250320801644,일신석재,20250320,유
00112022,대원화성,024890,Y,감사보고서제출              ,20250320801643,대원화성,20250320,유
01505186,하이딥,365590,K,사업보고서 (2024.12),20250320001210,하이딥,20250320,
00264714,SG&G,040610,K,사업보고서 (2024.12),20250320001209,SG&G,20250320,연
00259590,바른손이앤에이,035620,K,감사보고서제출              ,20250320901311,바른손이앤에이,20250320,코
00389110,지어소프트,051160,K,사업보고서 (2024.12),20250320001207,지어소프트,20250320,연
01021949,덱스터,206560,K,사업보고서 (2024.12),20250320001205,덱스터,20250320,연
01262032,롯데이노베이트,286940,Y,[기재정정]사업보고서 (2024.12),20250320001204,롯데이노베이트,20250320,연
00159740,KISCO홀딩스,001940,Y,감사보고서제출(자회사의 주요경영사항)              ,20250320801563,KISCO홀딩스,20250320,유
00103176,흥국화재,000540,Y,감사보고서제출              ,20250320801522,흥국화재,20250320,유
00897752,천보,278280,K,사외이사의선임ㆍ해임또는중도퇴임에관한신고,20250320001203,천보,20250320,
00409681,아스트,067390,K,감사보고서제출              ,20250320901505,아스트,20250320,코
01096341,넥슨게임즈,225570,K,사업보고서 (2024.12),20250320001202,넥슨게임즈,20250320,연
00107224,남선알미늄,008350,Y,감사보고서제출              ,20250320801656,남선알미늄,20250320,유
01508855,블리츠웨이엔터테인먼트,369370,K,사업보고서 (2024.12),20250320001201,블리츠웨이엔터테인먼트,20250320,연
01854763,HS효성,487570,Y,정기주주총회결과              ,20250320801574,HS효성,20250320,유
01222113,인스웨이브,450520,K,사업보고서 (2024.12),20250320001200,인스웨이브,20250320,연
00560982,바이오솔루션,086820,K,사업보고서 (2024.12),20250320001199,바이오솔루션,20250320,정
01013311,헥토이노베이션,214180,K,주식등의대량보유상황보고서(일반),20250320001198,이경민,20250320,
00867098,티로보틱스,117730,K,감사보고서제출              ,20250320901457,티로보틱스,20250320,코
00130587,서울전자통신,027040,K,사업보고서 (2024.12),20250320001197,서울전자통신,20250320,연
01416642,다보링크,340360,K,[기재정정]주요사항보고서(전환사채권발행결정),20250320001125,다보링크,20250320,정
00159740,KISCO홀딩스,001940,Y,감사보고서제출              ,20250320801528,KISCO홀딩스,20250320,유
00126566,한화에어로스페이스,012450,Y,기업설명회(IR)개최(안내공시)              ,20250320801679,한화에어로스페이스,20250320,유
00141389,KZ정밀,036560,K,사외이사의선임ㆍ해임또는중도퇴임에관한신고,20250320001195,KZ정밀,20250320,
01791561,하나31호스팩,469900,K,정기주주총회결과              ,20250320901488,하나31호스팩,20250320,코
00166175,대호특수강,021040,K,감사보고서제출              ,20250320901359,대호특수강,20250320,코
00112022,대원화성,024890,Y,[기재정정]주주총회소집공고,20250320001194,대원화성,20250320,
00126566,한화에어로스페이스,012450,Y,주요사항보고서(유상증자결정),20250320001145,한화에어로스페이스,20250320,정
00122694,범양건영,002410,Y,감사보고서제출              ,20250320801516,범양건영,20250320,유
00158024,KBI메탈,024840,K,사업보고서 (2024.12),20250320001193,KBI메탈,20250320,정연
01257872,에스프리즘,288620,K,감사보고서제출              ,20250320901473,에스프리즘,20250320,코
00141389,KZ정밀,036560,K,상호변경안내              ,20250320901662,KZ정밀,20250320,코
00109806,삼일씨엔에스,004440,Y,사업보고서 (2024.12),20250320001188,삼일씨엔에스,20250320,
00414601,유니퀘스트,077500,Y,사업보고서 (2024.12),20250320001187,유니퀘스트,20250320,연
00370918,케이디켐,221980,K,감사보고서제출              ,20250320901616,케이디켐,20250320,코
00239514,삼진엘앤디,054090,K,사업보고서 (2024.12),20250320001186,삼진엘앤디,20250320,정연
00453929,메디포스트,078160,K,사업보고서 (2024.12),20250320001185,메디포스트,20250320,연
00151395,천일고속,000650,Y,사업보고서 (2024.12),20250320001184,천일고속,20250320,
00571483,오이솔루션,138080,K,주식등의대량보유상황보고서(일반),20250320001183,박찬,20250320,
00348034,액토즈소프트,052790,K,사업보고서 (2024.12),20250320001182,액토즈소프트,20250320,연
00158024,KBI메탈,024840,K,감사보고서제출              ,20250320901321,KBI메탈,20250320,코정
00488244,원일티엔아이,136150,K,증권신고서(지분증권),20250320001180,원일티엔아이,20250320,정
00442835,메타랩스,090370,Y,사업보고서 (2024.12),20250320001179,메타랩스,20250320,연
00111111,대양금속,009190,Y,[기재정정]감사보고서제출              ,20250320801578,대양금속,20250320,유
00239514,삼진엘앤디,054090,K,감사보고서제출              ,20250320901393,삼진엘앤디,20250320,코
00147860,에스엠벡셀,010580,Y,사업보고서 (2024.12),20250320001174,에스엠벡셀,20250320,연
00399694,SOOP,067160,K,사업보고서 (2024.12),20250320001172,SOOP,20250320,연
00602279,그린플러스,186230,K,[기재정정]주요사항보고서(자본으로인정되는채무증권발행결정),20250320001173,그린플러스,20250320,
00111999,대원제약,003220,Y,감사보고서제출              ,20250320801472,대원제약,20250320,유
00861997,휴먼테크놀로지,175140,K,사업보고서 (2024.12),20250320001171,휴먼테크놀로지,20250320,연
01016309,한켐,457370,K,사업보고서 (2024.12),20250320001170,한켐,20250320,
00807555,메가엠디,133750,K,사업보고서 (2024.12),20250320001168,메가엠디,20250320,연
00136378,신세계,004170,Y,기업설명회(IR)개최(안내공시)              ,20250320801629,신세계,20250320,유
00547510,툴젠,199800,K,사업보고서 (2024.12),20250320001166,툴젠,20250320,연
00132804,성신양회,004980,Y,사외이사의선임ㆍ해임또는중도퇴임에관한신고,20250320001167,성신양회,20250320,
00130587,서울전자통신,027040,K,감사보고서제출              ,20250320901465,서울전자통신,20250320,코
00130587,서울전자통신,027040,K,주권매매거래정지              (관리종목지정사유발생),20250320901589,코스닥시장본부,20250320,코
00636656,바이오플러스,099430,K,사업보고서 (2024.12),20250320001165,바이오플러스,20250320,연
01472930,오브젠,417860,K,사업보고서 (2024.12),20250320001164,오브젠,20250320,
00601988,코난테크놀로지,402030,K,감사보고서제출              ,20250320901378,코난테크놀로지,20250320,코
00141389,KZ정밀,036560,K,정기주주총회결과              ,20250320901513,KZ정밀,20250320,코
00113191,코리안리,003690,Y,사업보고서 (2024.12),20250320001161,코리안리,20250320,정연
00442835,메타랩스,090370,Y,감사보고서제출              ,20250320801428,메타랩스,20250320,유
00417167,풍원정밀,371950,K,사업보고서 (2024.12),20250320001160,풍원정밀,20250320,연
00204226,소프트센,032680,K,사업보고서 (2024.12),20250320001159,소프트센,20250320,연
01588189,씨메스로보틱스,475400,K,감사보고서제출              ,20250320901342,씨메스로보틱스,20250320,코
00389110,지어소프트,051160,K,감사보고서제출              ,20250320901368,지어소프트,20250320,코
00126292,삼성카드,029780,Y,정기주주총회결과              ,20250320801535,삼성카드,20250320,유
00153524,태림포장,011280,Y,감사보고서제출              ,20250320801526,태림포장,20250320,유
00131197,서원,021050,Y,사업보고서 (2024.12),20250320001156,서원,20250320,연
00101549,경동제약,011040,K,감사보고서제출              ,20250320901366,경동제약,20250320,코
00861076,케이탑리츠,145270,Y,사외이사의선임ㆍ해임또는중도퇴임에관한신고,20250320001154,케이탑리츠,20250320,
00540641,동양고속,084670,Y,[기재정정]주주총회소집공고,20250320001152,동양고속,20250320,
00296324,큐로홀딩스,051780,K,사업보고서 (2024.12),20250320001151,큐로홀딩스,20250320,연
01544468,이엔셀,456070,K,감사보고서제출              ,20250320901299,이엔셀,20250320,코
01515323,LG에너지솔루션,373220,Y,[기재정정]임원ㆍ주요주주특정증권등소유상황보고서,20250320001149,김기수,20250320,
00823429,한국화장품,123690,Y,[기재정정]주주총회소집결의              ,20250320801556,한국화장품,20250320,유
00663289,위월드,140660,N,사업보고서 (2024.12),20250320001147,위월드,20250320,
00138367,플레이위드,023770,K,사업보고서 (2024.12),20250320001146,플레이위드,20250320,
00620558,루트K,195990,K,사업보고서 (2024.12),20250320001144,루트K,20250320,연
00535481,에스와이,109610,K,감사보고서제출              ,20250320901363,에스와이,20250320,코
00922304,아셈스,136410,K,[첨부정정]사업보고서 (2024.12),20250320001143,아셈스,20250320,연
00435312,하이스틸,071090,Y,정기주주총회결과              ,20250320801507,하이스틸,20250320,유
00129554,갤럭시아에스엠,011420,Y,사업보고서 (2024.12),20250320001142,갤럭시아에스엠,20250320,정
01203808,AP시스템,265520,K,감사보고서제출              ,20250320901347,AP시스템,20250320,코
00160621,한국화장품제조,003350,Y,감사보고서제출              ,20250320801509,한국화장품제조,20250320,유
00403632,현대퓨처넷,126560,Y,정기주주총회결과              ,20250320801525,현대퓨처넷,20250320,유
00131197,서원,021050,Y,감사보고서제출              ,20250320801388,서원,20250320,유
00445799,서원인텍,093920,K,사업보고서 (2024.12),20250320001139,서원인텍,20250320,연
00626011,아이텍,119830,K,전환청구권행사              ,20250320901580,아이텍,20250320,코
01267222,에피소드컴퍼니,317530,K,사업보고서 (2024.12),20250320001136,에피소드컴퍼니,20250320,정연
00540641,동양고속,084670,Y,[기재정정]주주총회소집결의              ,20250320801334,동양고속,20250320,유정
00417167,풍원정밀,371950,K,감사보고서제출              ,20250320901474,풍원정밀,20250320,코
00877819,데이타솔루션,263800,K,사외이사의선임ㆍ해임또는중도퇴임에관한신고,20250320001133,데이타솔루션,20250320,
00144164,SK가스,018670,Y,사외이사의선임ㆍ해임또는중도퇴임에관한신고,20250320001132,SK가스,20250320,
00861076,케이탑리츠,145270,Y,정기주주총회결과              ,20250320801421,케이탑리츠,20250320,유
01515323,LG에너지솔루션,373220,Y,공정거래자율준수프로그램운영현황(안내공시)              ,20250320801570,LG에너지솔루션,20250320,유
00269940,하나투어,039130,Y,사업보고서 (2024.12),20250320001129,하나투어,20250320,연
00522007,크리스에프앤씨,110790,K,사업보고서 (2024.12),20250320001128,크리스에프앤씨,20250320,정연
00372882,KTcs,058850,Y,사업보고서 (2024.12),20250320001127,KTcs,20250320,연
00877819,데이타솔루션,263800,K,주식매수선택권부여에관한신고,20250320001126,데이타솔루션,20250320,정
00370006,iMBC,052220,K,사업보고서 (2024.12),20250320001124,iMBC,20250320,정연
00445160,APS이노베이션,079810,K,사업보고서 (2024.12),20250320001123,APS이노베이션,20250320,정연
00540641,동양고속,084670,Y,[기재정정]매출액또는손익구조30%(대규모법인은15%)이상변경              ,20250320801301,동양고속,20250320,유
00136378,신세계,004170,Y,특수관계인에대한자산양도,20250320001122,신세계,20250320,공
00828789,대성산업,128820,Y,사업보고서 (2024.12),20250320001121,대성산업,20250320,연
00151395,천일고속,000650,Y,감사보고서제출              ,20250320801338,천일고속,20250320,유
00141307,영풍,000670,Y,[기재정정]소송등의제기ㆍ신청(경영권분쟁소송)              ,20250320801553,영풍,20250320,유
00823429,한국화장품,123690,Y,감사보고서제출              ,20250320801483,한국화장품,20250320,유
00604426,인터로조,119610,K,사업보고서제출기한연장신고서 (2024.12),20250320001119,인터로조,20250320,
00261373,마크로젠,038290,K,주식등의대량보유상황보고서(일반),20250320001118,서정선,20250320,
00407814,CG인바이츠,083790,K,사업보고서 (2024.12),20250320001117,CG인바이츠,20250320,정연
00604426,인터로조,119610,K,기타경영사항(자율공시)              (감사보고서 제출 지연),20250320901491,인터로조,20250320,코
00164742,현대자동차,005380,Y,사외이사의선임ㆍ해임또는중도퇴임에관한신고,20250320001116,현대자동차,20250320,
00113544,대한화섬,003830,Y,사업보고서 (2024.12),20250320001114,대한화섬,20250320,정
00267979,한일화학,007770,K,사업보고서 (2024.12),20250320001113,한일화학,20250320,연
00490179,플랜티넷,075130,K,사업보고서 (2024.12),20250320001112,플랜티넷,20250320,연
00447502,바이오톡스텍,086040,K,사업보고서 (2024.12),20250320001110,바이오톡스텍,20250320,연
00130772,SBS,034120,Y,사업보고서 (2024.12),20250320001108,SBS,20250320,연
00883980,아이디스,143160,K,주요사항보고서(자기주식취득결정),20250320001041,아이디스,20250320,
00155586,HLB이노베이션,024850,K,정기주주총회결과              ,20250320901273,HLB이노베이션,20250320,코
00187770,한국파마,032300,K,사업보고서 (2024.12),20250320001105,한국파마,20250320,
00994994,나노,187790,K,[기재정정]주주총회소집공고,20250320001107,나노,20250320,
00159616,두산에너빌리티,034020,Y,사업보고서 (2024.12),20250320001103,두산에너빌리티,20250320,연
00493325,에이엘티,172670,K,임원ㆍ주요주주특정증권등소유상황보고서,20250320001104,유현수,20250320,
00416654,유엔젤,072130,Y,사업보고서 (2024.12),20250320001102,유엔젤,20250320,정연
00159740,KISCO홀딩스,001940,Y,감사보고서제출(자회사의 주요경영사항)              ,20250320801518,KISCO홀딩스,20250320,유
00115287,동방,004140,Y,감사보고서제출              ,20250320801433,동방,20250320,유
00164742,현대자동차,005380,Y,정기주주총회결과              ,20250320801400,현대자동차,20250320,유
00238782,다우데이타,032190,K,감사보고서제출              ,20250320901375,다우데이타,20250320,코
00445160,APS이노베이션,079810,K,감사보고서제출              ,20250320901147,APS이노베이션,20250320,코
01316245,효성중공업,298040,Y,사외이사의선임ㆍ해임또는중도퇴임에관한신고,20250320001099,효성중공업,20250320,
01535150,SK리츠,395400,Y,정기주주총회결과              ,20250320801425,SK리츠,20250320,유
00687711,한국철강,104700,Y,감사보고서제출              ,20250320801454,한국철강,20250320,유
00137997,현대차증권,001500,Y,[기재정정]사업보고서 (2024.12),20250320001097,현대차증권,20250320,정연
00828789,대성산업,128820,Y,감사보고서제출              ,20250320801437,대성산업,20250320,유
00103130,플레이그램,009810,Y,사업보고서 (2024.12),20250320001095,플레이그램,20250320,연
00113535,대한해운,005880,Y,사업보고서 (2024.12),20250320001093,대한해운,20250320,연
00161046,한독,002390,Y,[기재정정]주식매수선택권부여에관한신고,20250320001094,한독,20250320,
01512575,코어라인소프트,384470,K,증권발행결과(자율공시)              (제3자배정 유상증자-전환우선주),20250320901225,코어라인소프트,20250320,코
01035368,티에프이,425420,K,사업보고서 (2024.12),20250320001091,티에프이,20250320,연
00416654,유엔젤,072130,Y,감사보고서제출              ,20250320801357,유엔젤,20250320,유
00144164,SK가스,018670,Y,정기주주총회결과              ,20250320801462,SK가스,20250320,유
01813377,에이치엠씨제7호스팩,477340,K,대표이사변경              ,20250320901450,에이치엠씨제7호스팩,20250320,코
00111111,대양금속,009190,Y,감사보고서제출              ,20250320801280,대양금속,20250320,유정
00994994,나노,187790,K,[기재정정]의결권대리행사권유참고서류,20250320001086,나노,20250320,
01190124,미디어젠,279600,K,사업보고서 (2024.12),20250320001085,미디어젠,20250320,
00107613,이수페타시스,007660,Y,[기재정정]주주총회소집공고,20250320001084,이수페타시스,20250320,
00110884,엠젠솔루션,032790,K,사업보고서 (2024.12),20250320001083,엠젠솔루션,20250320,연
00988364,SGA솔루션즈,184230,K,감사보고서제출              ,20250320901336,SGA솔루션즈,20250320,코
00203315,콘텐트리중앙,036420,Y,감사보고서제출(자회사의 주요경영사항)              ,20250320801389,콘텐트리중앙,20250320,유
00146427,한주에이알티,058450,K,[기재정정]감사보고서제출              (2021년도),20250320901173,한주에이알티,20250320,코정
01515323,LG에너지솔루션,373220,Y,정기주주총회결과              ,20250320801426,LG에너지솔루션,20250320,유
01222113,인스웨이브,450520,K,감사보고서제출              ,20250320901401,인스웨이브,20250320,코
00131018,서울제약,018680,K,사업보고서 (2024.12),20250320001077,서울제약,20250320,
00104573,국일제지,078130,K,[기재정정]주주총회소집공고,20250320001078,국일제지,20250320,
00442048,아바텍,149950,K,주식매수선택권부여에관한신고,20250320001076,아바텍,20250320,
00117337,동양,001520,Y,[기재정정]사업보고서 (2024.12),20250320001075,동양,20250320,정연
01293953,싸이버원,356890,K,사업보고서 (2024.12),20250320001072,싸이버원,20250320,연
00161046,한독,002390,Y,[기재정정]주식매수선택권부여에관한신고,20250320001071,한독,20250320,
00965318,이노시뮬레이션,274400,K,사업보고서 (2024.12),20250320001070,이노시뮬레이션,20250320,
01305249,스톤브릿지벤처스,330730,K,사업보고서 (2024.12),20250320001068,스톤브릿지벤처스,20250320,
00599106,네오리진,094860,K,사업보고서 (2024.12),20250320001066,네오리진,20250320,연
01394669,누보,332290,K,사업보고서 (2024.12),20250320001064,누보,20250320,연
00399694,SOOP,067160,K,감사보고서제출              ,20250320901284,SOOP,20250320,코
00137252,사조동아원,008040,Y,대표이사(대표집행임원)변경(안내공시)              ,20250320801466,사조동아원,20250320,유
00260611,웰킵스하이텍,043590,K,감사보고서제출              ,20250320901182,웰킵스하이텍,20250320,코정
00122481,태경비케이,014580,Y,사업보고서 (2024.12),20250320001058,태경비케이,20250320,연
00245472,티씨케이,064760,K,사업보고서 (2024.12),20250320001057,티씨케이,20250320,
00205003,좋은사람들,033340,K,감사보고서제출              ,20250320901213,좋은사람들,20250320,코
00602279,그린플러스,186230,K,[기재정정]주요사항보고서(전환사채권발행결정),20250320000979,그린플러스,20250320,
00118451,동일제강,002690,Y,감사보고서제출              ,20250320801402,동일제강,20250320,유
00493325,에이엘티,172670,K,임원ㆍ주요주주특정증권등소유상황보고서,20250320001056,연룡모,20250320,
00447502,바이오톡스텍,086040,K,감사보고서제출              ,20250320901184,바이오톡스텍,20250320,코
01316245,효성중공업,298040,Y,정기주주총회결과              ,20250320801294,효성중공업,20250320,유
00994994,나노,187790,K,[기재정정]주주총회소집결의              ,20250320901411,나노,20250320,코
00137252,사조동아원,008040,Y,사외이사의선임ㆍ해임또는중도퇴임에관한신고,20250320001055,사조동아원,20250320,
00161046,한독,002390,Y,[기재정정]주식매수선택권부여에관한신고,20250320001054,한독,20250320,
01329957,국전,307750,K,주식등의대량보유상황보고서(일반),20250320001053,홍종호,20250320,
01813377,에이치엠씨제7호스팩,477340,K,정기주주총회결과              ,20250320901335,에이치엠씨제7호스팩,20250320,코
00118284,동일금속,109860,K,사업보고서 (2024.12),20250320001051,동일금속,20250320,연
00556615,모바일어플라이언스,087260,K,감사보고서제출              ,20250320901122,모바일어플라이언스,20250320,코
00154055,태원물산,001420,Y,사업보고서 (2024.12),20250320001049,태원물산,20250320,
01428203,케이씨씨글라스,344820,Y,사업보고서 (2024.12),20250320001046,케이씨씨글라스,20250320,연
01365825,피에스케이,319660,K,주식등의대량보유상황보고서(일반),20250320001048,피에스케이홀딩스,20250320,
00483735,해성옵틱스,076610,K,사업보고서 (2024.12),20250320001045,해성옵틱스,20250320,연
01318261,더블유에스아이,299170,K,감사보고서제출              ,20250320901265,더블유에스아이,20250320,코정
00136864,신원,009270,Y,사업보고서 (2024.12),20250320001044,신원,20250320,정연
01210190,모비릭스,348030,K,사업보고서 (2024.12),20250320001043,모비릭스,20250320,연
00442048,아바텍,149950,K,정기주주총회결과              ,20250320901319,아바텍,20250320,코
00137252,사조동아원,008040,Y,정기주주총회결과              ,20250320801232,사조동아원,20250320,유
00109806,삼일씨엔에스,004440,Y,감사보고서제출              ,20250320801354,삼일씨엔에스,20250320,유
01311310,지아이텍,382480,K,정기주주총회결과              ,20250320901175,지아이텍,20250320,코
00104573,국일제지,078130,K,감사보고서제출              ,20250320901162,국일제지,20250320,코
00364847,이글루,067920,K,사업보고서 (2024.12),20250320001040,이글루,20250320,연
01327746,보로노이,310210,K,사업보고서 (2024.12),20250320001039,보로노이,20250320,연
00161046,한독,002390,Y,주식매수선택권부여에관한신고,20250320001038,한독,20250320,
00923826,일월지엠엘,178780,K,감사보고서제출              ,20250320901264,일월지엠엘,20250320,코
00234227,유진로봇,056080,K,감사보고서제출              ,20250320901112,유진로봇,20250320,코
01246034,다이나믹솔루션,290660,K,사업보고서 (2024.12),20250320001036,다이나믹솔루션,20250320,연
00131018,서울제약,018680,K,감사보고서제출              ,20250320901159,서울제약,20250320,코
01579020,아이엠지티,456570,N,기타주요경영사항(자율공시)              (감사보고서 제출 지연),20250320601307,아이엠지티,20250320,넥
00165343,혜인,003010,Y,감사보고서제출              ,20250320801339,혜인,20250320,유
00916826,드림씨아이에스,223250,K,[기재정정]주주총회소집공고,20250320001032,드림씨아이에스,20250320,
00204226,소프트센,032680,K,[기재정정]주주총회소집공고,20250320001031,소프트센,20250320,
00174527,HS화성,002460,Y,감사보고서제출              ,20250320801337,HS화성,20250320,유
01059605,디와이파워,210540,Y,정기주주총회결과              ,20250320801320,디와이파워,20250320,유
00107598,남양유업,003920,Y,사업보고서 (2024.12),20250320001030,남양유업,20250320,정연
00410997,누리플랜,069140,K,사업보고서 (2024.12),20250320001029,누리플랜,20250320,연
00122579,BYC,001460,Y,사업보고서 (2024.12),20250320001026,BYC,20250320,연
00490179,플랜티넷,075130,K,감사보고서제출              ,20250320901145,플랜티넷,20250320,코
00105156,극동유화,014530,Y,사업보고서 (2024.12),20250320001025,극동유화,20250320,연
00161046,한독,002390,Y,사외이사의선임ㆍ해임또는중도퇴임에관한신고,20250320001024,한독,20250320,
01351080,지아이이노베이션,358570,K,주식등의대량보유상황보고서(일반),20250320001023,장명호,20250320,
00541437,코렌텍,104540,K,감사보고서제출              ,20250320901129,코렌텍,20250320,코
00136864,신원,009270,Y,감사보고서제출              ,20250320801289,신원,20250320,유
00216647,원익홀딩스,030530,K,감사보고서제출              ,20250320901079,원익홀딩스,20250320,코
00663289,위월드,140660,N,감사보고서제출              ,20250320601365,위월드,20250320,넥
00130684,서울도시가스,017390,Y,사외이사의선임ㆍ해임또는중도퇴임에관한신고,20250320001022,서울도시가스,20250320,
00171867,에스씨디,042110,K,사업보고서 (2024.12),20250320001021,에스씨디,20250320,연
00109754,대림바스,005750,Y,감사보고서제출              ,20250320801267,대림바스,20250320,유
00308559,코디,080530,K,임원ㆍ주요주주특정증권등소유상황보고서,20250320001019,김정웅,20250320,
00519252,THE E&M,089230,K,사업보고서 (2024.12),20250320001018,THE E&M,20250320,연
01436558,신한서부티엔디리츠,404990,Y,정기주주총회결과              ,20250320801260,신한서부티엔디리츠,20250320,유
00109718,사조대림,003960,Y,정기주주총회결과              ,20250320801230,사조대림,20250320,유
00807555,메가엠디,133750,K,감사보고서제출              ,20250320901124,메가엠디,20250320,코
01497869,티와이홀딩스,363280,Y,감사보고서제출(자회사의 주요경영사항)              ,20250320801313,티와이홀딩스,20250320,유정
00141149,영진약품,003520,Y,사업보고서 (2024.12),20250320001017,영진약품,20250320,정
00107613,이수페타시스,007660,Y,[기재정정]주주총회소집결의              ,20250320801316,이수페타시스,20250320,유
00147860,에스엠벡셀,010580,Y,감사보고서제출              ,20250320801246,에스엠벡셀,20250320,유
00117498,스틱인베스트먼트,026890,Y,감사보고서제출              ,20250320801332,스틱인베스트먼트,20250320,유
00122579,BYC,001460,Y,감사보고서제출              ,20250320801257,BYC,20250320,유
00520887,비상교육,100220,Y,사업보고서 (2024.12),20250320001015,비상교육,20250320,연
00204226,소프트센,032680,K,[기재정정]의결권대리행사권유참고서류,20250320001016,소프트센,20250320,
00158501,에스원,012750,Y,사외이사의선임ㆍ해임또는중도퇴임에관한신고,20250320001014,에스원,20250320,
01288827,HPSP,403870,K,사업보고서 (2024.12),20250320001013,HPSP,20250320,
00107613,이수페타시스,007660,Y,감사보고서제출              ,20250320801291,이수페타시스,20250320,유정
01327746,보로노이,310210,K,감사보고서제출              ,20250320901165,보로노이,20250320,코
00325112,프로텍,053610,K,사업보고서 (2024.12),20250320001012,프로텍,20250320,정연
00269940,하나투어,039130,Y,감사보고서제출              ,20250320801242,하나투어,20250320,유
00410997,누리플랜,069140,K,감사보고서제출              ,20250320901116,누리플랜,20250320,코
01186404,디앤씨미디어,263720,K,사업보고서 (2024.12),20250320001011,디앤씨미디어,20250320,연
01210677,씨케이솔루션,480370,Y,감사보고서제출              ,20250320801235,씨케이솔루션,20250320,유
00130684,서울도시가스,017390,Y,정기주주총회결과              ,20250320801287,서울도시가스,20250320,유
00129554,갤럭시아에스엠,011420,Y,감사보고서제출              ,20250320801272,갤럭시아에스엠,20250320,유
00171867,에스씨디,042110,K,감사보고서제출              ,20250320901229,에스씨디,20250320,코
00107598,남양유업,003920,Y,감사보고서제출              ,20250320801281,남양유업,20250320,유
01405585,윙스풋,335870,K,감사보고서제출              ,20250320901043,윙스풋,20250320,코
00957373,펨트론,168360,K,사업보고서 (2024.12),20250320001005,펨트론,20250320,연
00520887,비상교육,100220,Y,감사보고서제출              ,20250320801247,비상교육,20250320,유
00133557,PN풍년,024940,K,감사보고서제출              ,20250320901226,PN풍년,20250320,코
01587056,엔젯,419080,K,사업보고서 (2024.12),20250320001003,엔젯,20250320,
00939687,동일고무벨트,163560,Y,대표이사(대표집행임원)변경(안내공시)              ,20250320801322,동일고무벨트,20250320,유
00108940,대성홀딩스,016710,Y,사업보고서 (2024.12),20250320000999,대성홀딩스,20250320,연
01669226,한화리츠,451800,Y,부동산투자회사부동산임대              ,20250320801277,한화리츠,20250320,유
00862853,플레이디,237820,K,사업보고서 (2024.12),20250320000997,플레이디,20250320,
00260745,서울평가정보,036120,K,감사보고서제출              ,20250320901207,서울평가정보,20250320,코
01602638,한싹,430690,K,사업보고서 (2024.12),20250320000995,한싹,20250320,연
00103130,플레이그램,009810,Y,[기재정정]주주총회소집공고,20250320000994,플레이그램,20250320,
00485177,일진파워,094820,K,사업보고서 (2024.12),20250320000993,일진파워,20250320,연
00531014,유진테크,084370,K,사업보고서 (2024.12),20250320000992,유진테크,20250320,연
00983934,아이스크림에듀,289010,K,사업보고서 (2024.12),20250320000991,아이스크림에듀,20250320,연
00161046,한독,002390,Y,정기주주총회결과              ,20250320801195,한독,20250320,유
01336373,메드팩토,235980,K,사업보고서 (2024.12),20250320000990,메드팩토,20250320,연
00916826,드림씨아이에스,223250,K,감사보고서제출              ,20250320901042,드림씨아이에스,20250320,코
01807729,하나33호스팩,475250,K,정기주주총회결과              ,20250320901283,하나33호스팩,20250320,코정
00982023,실리콘투,257720,K,증권발행결과(자율공시)              (제3자배정 유상증자-상환전환주식),20250320901303,실리콘투,20250320,코
01462739,비아이매트릭스,413640,K,사업보고서 (2024.12),20250320000988,비아이매트릭스,20250320,
00983916,HLB제넥스,187420,K,감사보고서제출              ,20250320901181,HLB제넥스,20250320,코
00166500,화천기계,010660,Y,사외이사의선임ㆍ해임또는중도퇴임에관한신고,20250320000987,화천기계,20250320,
00825959,하이비젼시스템,126700,K,사업보고서 (2024.12),20250320000986,하이비젼시스템,20250320,연
01602638,한싹,430690,K,감사보고서제출              ,20250320901092,한싹,20250320,코
00113191,코리안리,003690,Y,감사보고서제출              ,20250320801215,코리안리,20250320,유
00385415,일신바이오,068330,K,감사보고서제출              ,20250320901131,일신바이오,20250320,코
00155319,POSCO홀딩스,005490,Y,전환가액ㆍ신주인수권행사가액ㆍ교환가액의조정(안내공시)              ,20250320801214,POSCO홀딩스,20250320,유
00667425,에이팩트,200470,K,사업보고서 (2024.12),20250320000984,에이팩트,20250320,
00130772,SBS,034120,Y,감사보고서제출              ,20250320801142,SBS,20250320,유정
00641171,인지소프트,100030,K,사업보고서 (2024.12),20250320000982,인지소프트,20250320,연
01363818,롯데리츠,330590,Y,정기주주총회결과              ,20250320801146,롯데리츠,20250320,유정
00122481,태경비케이,014580,Y,감사보고서제출              ,20250320801205,태경비케이,20250320,유
00422895,세이브존I&C,067830,Y,사업보고서 (2024.12),20250320000981,세이브존I&C,20250320,
00125488,삼륭물산,014970,K,사업보고서 (2024.12),20250320000980,삼륭물산,20250320,정연
00267854,메디앙스,014100,K,감사보고서제출              ,20250320901231,메디앙스,20250320,코
00533191,비보존 제약,082800,K,사업보고서 (2024.12),20250320000978,비보존 제약,20250320,연
00148939,조광피혁,004700,Y,감사보고서제출              ,20250320801137,조광피혁,20250320,유
00370006,iMBC,052220,K,감사보고서제출              ,20250320901087,iMBC,20250320,코
00351092,삼보모터스,053700,K,감사보고서제출              ,20250320900993,삼보모터스,20250320,코정
00939687,동일고무벨트,163560,Y,사외이사의선임ㆍ해임또는중도퇴임에관한신고,20250320000976,동일고무벨트,20250320,
01866926,KB제31호스팩,492220,K,정기주주총회결과              ,20250320901117,KB제31호스팩,20250320,코
00307222,YBM넷,057030,K,사업보고서 (2024.12),20250320000974,YBM넷,20250320,연
00360577,엑사이엔씨,054940,K,사업보고서 (2024.12),20250320000973,엑사이엔씨,20250320,연
01816268,KB제29호스팩,478390,K,정기주주총회결과              ,20250320901111,KB제29호스팩,20250320,코
00422895,세이브존I&C,067830,Y,감사보고서제출              ,20250320801212,세이브존I&C,20250320,유
00219097,BGF,027410,Y,[기재정정]감사보고서제출(자회사의 주요경영사항)              ,20250320801110,BGF,20250320,유
00262266,삼현,437730,K,사업보고서 (2024.12),20250320000972,삼현,20250320,연
00158219,시그네틱스,033170,K,사업보고서 (2024.12),20250320000971,시그네틱스,20250320,연
00125488,삼륭물산,014970,K,감사보고서제출              ,20250320901080,삼륭물산,20250320,코정
00632793,전진바이오팜,110020,K,정기주주총회결과              ,20250320901237,전진바이오팜,20250320,코
00147222,전방,000950,Y,사업보고서 (2024.12),20250320000970,전방,20250320,정연
00103130,플레이그램,009810,Y,감사보고서제출              ,20250320801160,플레이그램,20250320,유
01508855,블리츠웨이엔터테인먼트,369370,K,감사보고서제출              ,20250320901077,블리츠웨이엔터테인먼트,20250320,코
00939687,동일고무벨트,163560,Y,정기주주총회결과              ,20250320801088,동일고무벨트,20250320,유
00296005,우리로,046970,K,사업보고서 (2024.12),20250320000968,우리로,20250320,연
01423837,모아데이타,288980,K,전환사채(해외전환사채포함)발행후만기전사채취득              (제7회차),20250320901180,모아데이타,20250320,코
01141942,액트로,290740,K,사업보고서 (2024.12),20250320000967,액트로,20250320,연
00813389,베셀,177350,K,사업보고서 (2024.12),20250320000966,베셀,20250320,연
00308559,코디,080530,K,임원ㆍ주요주주특정증권등소유상황보고서,20250320000965,김정웅,20250320,
01512575,코어라인소프트,384470,K,주요사항보고서(중요한자산양수도결정(기타)),20250320000964,코어라인소프트,20250320,
00145260,율촌화학,008730,Y,[기재정정]주주총회소집결의              ,20250320801071,율촌화학,20250320,유
00147082,재영솔루텍,049630,K,사업보고서 (2024.12),20250320000963,재영솔루텍,20250320,연
00667425,에이팩트,200470,K,감사보고서제출              ,20250320901144,에이팩트,20250320,코
01210190,모비릭스,348030,K,감사보고서제출              ,20250320900960,모비릭스,20250320,코
00158501,에스원,012750,Y,정기주주총회결과              ,20250320801104,에스원,20250320,유
00107987,남해화학,025860,Y,감사보고서제출              ,20250320801018,남해화학,20250320,유
00141875,사조오양,006090,Y,정기주주총회결과              ,20250320801176,사조오양,20250320,유
00204226,소프트센,032680,K,감사보고서제출              ,20250320901076,소프트센,20250320,코
01258020,에스바이오메딕스,304360,K,사업보고서 (2024.12),20250320000958,에스바이오메딕스,20250320,연
01169267,세화피앤씨,252500,K,사업보고서 (2024.12),20250320000957,세화피앤씨,20250320,
01336461,뉴로메카,348340,K,사업보고서 (2024.12),20250320000955,뉴로메카,20250320,정연
00975290,에이스토리,241840,K,감사보고서제출              ,20250320901130,에이스토리,20250320,코
01516890,E8,418620,K,유상증자또는주식관련사채등의청약결과(자율공시)              (주주배정후 실권주 일반공모),20250320901188,E8,20250320,코
00152729,광전자,017900,Y,사업보고서 (2024.12),20250320000952,광전자,20250320,연
01586455,꿈비,407400,K,사업보고서 (2024.12),20250320000951,꿈비,20250320,연
00153126,크라운해태홀딩스,005740,Y,사업보고서 (2024.12),20250320000950,크라운해태홀딩스,20250320,연
00111874,대원산업,005710,K,사업보고서 (2024.12),20250320000948,대원산업,20250320,연
00129235,삼화왕관,004450,Y,사업보고서 (2024.12),20250320000947,삼화왕관,20250320,연
01436479,토마토시스템,393210,K,사업보고서 (2024.12),20250320000946,토마토시스템,20250320,연
00126089,DH오토넥스,000300,Y,기타경영사항(자율공시)              ,20250320801168,DH오토넥스,20250320,유
00173795,신흥,004080,Y,사업보고서 (2024.12),20250320000945,신흥,20250320,연
01140837,이지트로닉스,377330,K,감사보고서제출              ,20250320901055,이지트로닉스,20250320,코
00364467,드림어스컴퍼니,060570,K,사업보고서 (2024.12),20250320000944,드림어스컴퍼니,20250320,연
00153126,크라운해태홀딩스,005740,Y,감사보고서제출              ,20250320801023,크라운해태홀딩스,20250320,유
00287788,정상제이엘에스,040420,K,정기주주총회결과              ,20250320901054,정상제이엘에스,20250320,코
00519252,THE E&M,089230,K,감사보고서제출              ,20250320901072,THE E&M,20250320,코
00126937,삼양홀딩스,000070,Y,사업보고서 (2024.12),20250320000941,삼양홀딩스,20250320,연
00471068,덕산하이메탈,077360,K,사업보고서 (2024.12),20250320000940,덕산하이메탈,20250320,정연
01275489,셀비온,308430,K,사업보고서 (2024.12),20250320000939,셀비온,20250320,
01336735,펨토바이오메드,327610,N,주요사항보고서(전환사채권발행결정),20250320000828,펨토바이오메드,20250320,정
00363510,제이케이시냅스,060230,K,[기재정정]주식등의대량보유상황보고서(일반),20250320000937,엠에이치테크,20250320,
01437432,디티앤씨알오,383930,K,사업보고서 (2024.12),20250320000935,디티앤씨알오,20250320,
00313649,현대바이오,048410,K,[기재정정]최대주주변경을수반하는주식담보제공계약체결              ,20250320901134,현대바이오,20250320,코정
01409022,페니트리움바이오,187660,K,정기주주총회결과              ,20250320901005,페니트리움바이오,20250320,코
00106623,현대위아,011210,Y,주요사항보고서(자기주식처분결정),20250320000899,현대위아,20250320,
00164478,현대건설,000720,Y,타인에대한채무보증결정              ,20250320801211,현대건설,20250320,유
00141875,사조오양,006090,Y,사외이사의선임ㆍ해임또는중도퇴임에관한신고,20250320000933,사조오양,20250320,
00111874,대원산업,005710,K,감사보고서제출              ,20250320901052,대원산업,20250320,코
00172936,동일산업,004890,Y,사업보고서 (2024.12),20250320000931,동일산업,20250320,정연
00162911,한일사료,005860,K,정기주주총회결과              ,20250320900946,한일사료,20250320,코
01070149,올리패스,244460,K,[기재정정]채무인수결정              ,20250320901050,올리패스,20250320,코
01217795,엠에프씨,432980,K,사업보고서 (2024.12),20250320000930,엠에프씨,20250320,
01070149,올리패스,244460,K,기타주요경영사항              (채무인수결정 철회),20250320901033,올리패스,20250320,코
00307222,YBM넷,057030,K,감사보고서제출              ,20250320901058,YBM넷,20250320,코
00153393,태광산업,003240,Y,[기재정정]주주총회소집공고,20250320000929,태광산업,20250320,
00363510,제이케이시냅스,060230,K,[기재정정]임원ㆍ주요주주특정증권등소유상황보고서,20250320000928,엠에이치테크,20250320,
01070149,올리패스,244460,K,[기재정정]주요사항보고서(유형자산양수결정),20250320000821,올리패스,20250320,
00168331,온타이드,005320,Y,사업보고서 (2024.12),20250320000926,온타이드,20250320,연
00983271,NHN,181710,Y,감사보고서제출              ,20250320801083,NHN,20250320,유
00132628,성문전자,014910,Y,임원ㆍ주요주주특정증권등소유상황보고서,20250320000925,신승섭,20250320,
01070149,올리패스,244460,K,기타주요경영사항              (주요사항보고서(유형자산양수결정) 철회),20250320900984,올리패스,20250320,코
00155319,POSCO홀딩스,005490,Y,사외이사의선임ㆍ해임또는중도퇴임에관한신고,20250320000924,POSCO홀딩스,20250320,
00876908,모트렉스,118990,K,사업보고서 (2024.12),20250320000922,모트렉스,20250320,연
00157991,한국석유공업,004090,Y,사업보고서 (2024.12),20250320000921,한국석유공업,20250320,연
00203582,한솔홈데코,025750,Y,주식등의대량보유상황보고서(일반),20250320000923,한솔홀딩스,20250320,
01514005,크라우드웍스,355390,K,사업보고서 (2024.12),20250320000920,크라우드웍스,20250320,연
00523307,다원시스,068240,K,사업보고서 (2024.12),20250320000919,다원시스,20250320,정연
01437432,디티앤씨알오,383930,K,감사보고서제출              ,20250320901053,디티앤씨알오,20250320,코
00415868,펩트론,087010,K,사업보고서 (2024.12),20250320000916,펩트론,20250320,
01344202,뷰노,338220,K,주요사항보고서(중요한자산양수도결정(기타)),20250320000917,뷰노,20250320,
01135640,이삭엔지니어링,351330,K,단기차입금증가결정              ,20250320901174,이삭엔지니어링,20250320,코
01169267,세화피앤씨,252500,K,감사보고서제출              ,20250320901044,세화피앤씨,20250320,코
00660750,하나머티리얼즈,166090,K,주식등의대량보유상황보고서(일반),20250320000914,하나마이크론,20250320,
00493325,에이엘티,172670,K,주식등의대량보유상황보고서(일반),20250320000913,천병태,20250320,
00153126,크라운해태홀딩스,005740,Y,감사보고서제출(자회사의 주요경영사항)              ,20250320801085,크라운해태홀딩스,20250320,유
00363246,우원개발,046940,K,[기재정정]단일판매ㆍ공급계약체결              ,20250320900938,우원개발,20250320,코
01704680,M83,476080,K,감사보고서제출              ,20250320901040,M83,20250320,코
00432102,한국금융지주,071050,Y,사업보고서 (2024.12),20250320000910,한국금융지주,20250320,연
00144252,유니온,000910,Y,감사보고서제출              ,20250320800982,유니온,20250320,유
01423837,모아데이타,288980,K,사업보고서 (2024.12),20250320000908,모아데이타,20250320,연
00133858,세방전지,004490,Y,최대주주등소유주식변동신고서              ,20250320801161,세방전지,20250320,유
00157991,한국석유공업,004090,Y,감사보고서제출              ,20250320800963,한국석유공업,20250320,유
00813389,베셀,177350,K,감사보고서제출              ,20250320901086,베셀,20250320,코
01186404,디앤씨미디어,263720,K,감사보고서제출              ,20250320900910,디앤씨미디어,20250320,코
00571298,덕우전자,263600,K,사업보고서 (2024.12),20250320000903,덕우전자,20250320,연
00485177,일진파워,094820,K,감사보고서제출              ,20250320901099,일진파워,20250320,코
01435489,범한퓨얼셀,382900,K,감사보고서제출              ,20250320900967,범한퓨얼셀,20250320,코
00615723,알엔티엑스,123010,K,사업보고서 (2024.12),20250320000902,알엔티엑스,20250320,정연
01693922,지슨,446840,K,사업보고서 (2024.12),20250320000900,지슨,20250320,
01396931,유엑스엔,337840,N,사업보고서 (2024.12),20250320000898,유엑스엔,20250320,정
00155319,POSCO홀딩스,005490,Y,대표이사(대표집행임원)변경(안내공시)              ,20250320801096,POSCO홀딩스,20250320,유
00615723,알엔티엑스,123010,K,감사보고서제출              ,20250320900903,알엔티엑스,20250320,코
00106623,현대위아,011210,Y,정기주주총회결과              ,20250320801065,현대위아,20250320,유
00838500,엘브이엠씨,900140,Y,[기재정정]주주총회소집공고,20250320000897,엘브이엠씨,20250320,
00155319,POSCO홀딩스,005490,Y,정기주주총회결과              ,20250320801075,POSCO홀딩스,20250320,유
01867749,유비씨,495810,N,감사보고서제출              ,20250320601025,유비씨,20250320,넥
00380429,CMG제약,058820,K,사업보고서 (2024.12),20250320000895,CMG제약,20250320,연
00261957,한국정보공학,039740,K,사업보고서 (2024.12),20250320000894,한국정보공학,20250320,연
01444380,에이텀,355690,K,사업보고서 (2024.12),20250320000893,에이텀,20250320,연
00843900,육일씨엔에쓰,191410,K,사업보고서 (2024.12),20250320000890,육일씨엔에쓰,20250320,연
00123781,부국철강,026940,Y,사업보고서 (2024.12),20250320000887,부국철강,20250320,
01394669,누보,332290,K,감사보고서제출              ,20250320900891,누보,20250320,코
01124653,슈프리마,236200,K,주요사항보고서(자기주식처분결정),20250320000822,슈프리마,20250320,
01851650,KB제30호스팩,486630,K,정기주주총회결과              ,20250320901003,KB제30호스팩,20250320,코
00491415,인포바인,115310,K,사업보고서 (2024.12),20250320000883,인포바인,20250320,정연
00447007,알리코제약,260660,K,사업보고서 (2024.12),20250320000881,알리코제약,20250320,
00163345,DB,012030,Y,사업보고서 (2024.12),20250320000879,DB,20250320,연
01276026,지놈앤컴퍼니,314130,K,감사보고서제출              ,20250320901037,지놈앤컴퍼니,20250320,코
00571298,덕우전자,263600,K,감사보고서제출              ,20250320900965,덕우전자,20250320,코
01144028,씨티케이,260930,K,감사보고서제출              ,20250320900995,씨티케이,20250320,코
00144012,원풍,008370,K,감사보고서제출              ,20250320900886,원풍,20250320,코
00104810,소노스퀘어,007720,K,사업보고서 (2024.12),20250320000877,소노스퀘어,20250320,연
01263022,BGF리테일,282330,Y,[기재정정]감사보고서제출              ,20250320801046,BGF리테일,20250320,유
00158149,한국쉘석유,002960,Y,사업보고서 (2024.12),20250320000876,한국쉘석유,20250320,
00133858,세방전지,004490,Y,대표이사(대표집행임원)변경(안내공시)              ,20250320801107,세방전지,20250320,유
00800145,서진오토모티브,122690,K,사업보고서 (2024.12),20250320000875,서진오토모티브,20250320,연
01136001,나노실리칸첨단소재,286750,K,사업보고서 (2024.12),20250320000874,나노실리칸첨단소재,20250320,연
00157681,롯데정밀화학,004000,Y,최대주주등소유주식변동신고서              ,20250320801101,롯데정밀화학,20250320,유
00140946,한솔로지스틱스,009180,Y,주식등의대량보유상황보고서(일반),20250320000871,한솔홀딩스,20250320,
00838500,엘브이엠씨,900140,Y,감사보고서제출              ,20250320801035,엘브이엠씨,20250320,유
00252269,아이에이,038880,K,사업보고서 (2024.12),20250320000870,아이에이,20250320,연
00105101,INVENI,015360,Y,대표이사(대표집행임원)변경(안내공시)              ,20250320800996,INVENI,20250320,유
00560982,바이오솔루션,086820,K,감사보고서제출              ,20250320900961,바이오솔루션,20250320,코
01205329,크라운제과,264900,Y,사업보고서 (2024.12),20250320000868,크라운제과,20250320,
00533508,제이엠티,094970,K,사업보고서 (2024.12),20250320000866,제이엠티,20250320,연
00337296,원포유,122830,N,사업보고서 (2024.12),20250320000865,원포유,20250320,정
01497124,캡스톤파트너스,452300,K,사업보고서 (2024.12),20250320000864,캡스톤파트너스,20250320,
00867098,티로보틱스,117730,K,신주인수권행사              ,20250320901091,티로보틱스,20250320,코정
00129235,삼화왕관,004450,Y,[기재정정]매출액또는손익구조30%(대규모법인은15%)이상변경              ,20250320801036,삼화왕관,20250320,유
00250614,삼영엠텍,054540,K,[기재정정]단일판매ㆍ공급계약체결              ,20250320901011,삼영엠텍,20250320,코
00139205,안국약품,001540,K,사업보고서 (2024.12),20250320000862,안국약품,20250320,연
01571107,오픈엣지테크놀로지,394280,K,사업보고서 (2024.12),20250320000861,오픈엣지테크놀로지,20250320,연
01540453,에이직랜드,445090,K,감사보고서제출              ,20250320900970,에이직랜드,20250320,코
01205329,크라운제과,264900,Y,감사보고서제출              ,20250320801002,크라운제과,20250320,유
00100601,강원에너지,114190,K,감사보고서제출              ,20250320900962,강원에너지,20250320,코
00152729,광전자,017900,Y,감사보고서제출              ,20250320801048,광전자,20250320,유
00145109,유한양행,000100,Y,정기주주총회결과              ,20250320800933,유한양행,20250320,유
00337296,원포유,122830,N,감사보고서제출              ,20250320601039,원포유,20250320,넥
00128227,삼정펄프,009770,Y,사업보고서제출기한연장신고서 (2024.12),20250320000858,삼정펄프,20250320,
00166500,화천기계,010660,Y,정기주주총회결과              ,20250320801001,화천기계,20250320,유
00145260,율촌화학,008730,Y,[기재정정]주주총회소집공고,20250320000857,율촌화학,20250320,
01136001,나노실리칸첨단소재,286750,K,단일판매ㆍ공급계약체결              ,20250320900975,나노실리칸첨단소재,20250320,코정
00422284,메가스터디,072870,K,감사보고서제출              ,20250320901026,메가스터디,20250320,코
00133858,세방전지,004490,Y,정기주주총회결과              ,20250320800994,세방전지,20250320,유
01288827,HPSP,403870,K,감사보고서제출              ,20250320900918,HPSP,20250320,코
00157681,롯데정밀화학,004000,Y,사외이사의선임ㆍ해임또는중도퇴임에관한신고,20250320000855,롯데정밀화학,20250320,
00971726,옵티팜,153710,K,[기재정정]신규시설투자등              ,20250320901074,옵티팜,20250320,코
00136721,신영증권,001720,Y,최대주주등소유주식변동신고서              ,20250320801073,신영증권,20250320,유
00423690,삼성출판사,068290,Y,사업보고서 (2024.12),20250320000853,삼성출판사,20250320,정
00150536,진양제약,007370,K,정기주주총회결과              ,20250320900885,진양제약,20250320,코
01022902,애드바이오텍,179530,K,감사보고서제출              ,20250320900959,애드바이오텍,20250320,코
01138595,뱅크웨어글로벌,199480,K,감사보고서제출              ,20250320900952,뱅크웨어글로벌,20250320,코
00816544,토니모리,214420,Y,사업보고서 (2024.12),20250320000852,토니모리,20250320,연
00422284,메가스터디,072870,K,사업보고서 (2024.12),20250320000851,메가스터디,20250320,연
00130879,서울식품공업,004410,Y,사업보고서 (2024.12),20250320000850,서울식품공업,20250320,
00113492,깨끗한나라,004540,Y,사업보고서 (2024.12),20250320000849,깨끗한나라,20250320,연
00302582,캐스텍코리아,071850,K,소송등의제기ㆍ신청(경영권분쟁소송)              ,20250320900936,캐스텍코리아,20250320,코
00158316,NICE,034310,Y,사외이사의선임ㆍ해임또는중도퇴임에관한신고,20250320000848,NICE,20250320,
00131692,서흥,008490,Y,사업보고서 (2024.12),20250320000847,서흥,20250320,연
00113359,교보증권,030610,Y,투자설명서(일괄신고),20250320000846,교보증권,20250320,
01336461,뉴로메카,348340,K,감사보고서제출              ,20250320900859,뉴로메카,20250320,코
01689035,민테크,452200,K,사업보고서 (2024.12),20250320000844,민테크,20250320,
00128227,삼정펄프,009770,Y,기타경영사항(자율공시)              ((감사보고서 제출지연)),20250320801004,삼정펄프,20250320,유
00246620,케이엘넷,039420,K,감사보고서제출              ,20250320900909,케이엘넷,20250320,코
01540815,스튜디오삼익,415380,K,사업보고서 (2024.12),20250320000842,스튜디오삼익,20250320,
01326224,원바이오젠,307280,K,사업보고서 (2024.12),20250320000841,원바이오젠,20250320,연
00136721,신영증권,001720,Y,임원ㆍ주요주주특정증권등소유상황보고서,20250320000838,황성엽,20250320,
00447007,알리코제약,260660,K,감사보고서제출              ,20250320900989,알리코제약,20250320,코
00432102,한국금융지주,071050,Y,[기재정정]사업보고서 (2023.12),20250320000836,한국금융지주,20250320,연
01540815,스튜디오삼익,415380,K,감사보고서제출              ,20250320900870,스튜디오삼익,20250320,코
00330424,LS증권,078020,K,임원ㆍ주요주주특정증권등소유상황보고서,20250320000835,윤원재,20250320,
00523307,다원시스,068240,K,감사보고서제출              ,20250320900857,다원시스,20250320,코
00148939,조광피혁,004700,Y,사업보고서 (2024.12),20250320000832,조광피혁,20250320,정
00126201,삼성공조,006660,Y,감사보고서제출              ,20250320800920,삼성공조,20250320,유
00130879,서울식품공업,004410,Y,감사보고서제출              ,20250320800947,서울식품공업,20250320,유
00577380,신진에스엠,138070,K,[기재정정]주주총회소집공고,20250320000830,신진에스엠,20250320,
00186939,특수건설,026150,K,감사보고서제출              ,20250320900896,특수건설,20250320,코
00636656,바이오플러스,099430,K,감사보고서제출              ,20250320900864,바이오플러스,20250320,코
01190568,에이피알,278470,Y,임원ㆍ주요주주특정증권등소유상황보고서,20250320000829,이민경,20250320,
00326731,바이오니아,064550,K,[기재정정]주주총회소집공고,20250320000827,바이오니아,20250320,
00330044,캠시스,050110,K,사업보고서 (2024.12),20250320000826,캠시스,20250320,연
00102140,경인전자,009140,Y,정기주주총회결과              ,20250320800973,경인전자,20250320,유
00136721,신영증권,001720,Y,임원ㆍ주요주주특정증권등소유상황보고서,20250320000823,원종석,20250320,
00533508,제이엠티,094970,K,감사보고서제출              ,20250320900941,제이엠티,20250320,코
01190568,에이피알,278470,Y,최대주주등소유주식변동신고서              ,20250320801020,에이피알,20250320,유
00105156,극동유화,014530,Y,감사보고서제출              ,20250320800924,극동유화,20250320,유
00261355,레드캡투어,038390,K,감사보고서제출              ,20250320900851,레드캡투어,20250320,코
01436479,토마토시스템,393210,K,감사보고서제출              ,20250320900853,토마토시스템,20250320,코
00157399,한솔테크닉스,004710,Y,주식등의대량보유상황보고서(일반),20250320000816,한솔홀딩스,20250320,
00432102,한국금융지주,071050,Y,[기재정정]사업보고서 (2022.12),20250320000814,한국금융지주,20250320,연
01686755,파인엠텍,441270,K,사업보고서 (2024.12),20250320000813,파인엠텍,20250320,정연
00920379,티엘비,356860,K,사업보고서 (2024.12),20250320000811,티엘비,20250320,연
01047169,지란지교시큐리티,208350,K,감사보고서제출              ,20250320900950,지란지교시큐리티,20250320,코
00207375,대한뉴팜,054670,K,사외이사의선임ㆍ해임또는중도퇴임에관한신고,20250320000810,대한뉴팜,20250320,
00423690,삼성출판사,068290,Y,감사보고서제출              ,20250320800955,삼성출판사,20250320,유
00125664,삼미금속,012210,K,정기주주총회결과              ,20250320600834,삼미금속,20250320,넥
00769158,케이엔제이,272110,K,사업보고서 (2024.12),20250320000806,케이엔제이,20250320,연
00262266,삼현,437730,K,감사보고서제출              ,20250320900843,삼현,20250320,코
01571107,오픈엣지테크놀로지,394280,K,감사보고서제출              ,20250320900758,오픈엣지테크놀로지,20250320,코
00432102,한국금융지주,071050,Y,[기재정정]사업보고서 (2021.12),20250320000804,한국금융지주,20250320,연
00207375,대한뉴팜,054670,K,상호변경안내              ,20250320900985,대한뉴팜,20250320,코
00133876,세보엠이씨,011560,K,[기재정정]단일판매ㆍ공급계약체결(자율공시)              ,20250320900919,세보엠이씨,20250320,코정
00157681,롯데정밀화학,004000,Y,정기주주총회결과              (제61기),20250320800832,롯데정밀화학,20250320,유
00110893,대신증권,003540,Y,투자설명서(일괄신고),20250320000801,대신증권,20250320,
00486097,KT나스미디어,089600,K,사업보고서 (2024.12),20250320000791,KT나스미디어,20250320,연
00129235,삼화왕관,004450,Y,감사보고서제출              ,20250320800926,삼화왕관,20250320,유
00811372,노바렉스,194700,K,사업보고서 (2024.12),20250320000788,노바렉스,20250320,연
00769158,케이엔제이,272110,K,감사보고서제출              ,20250320900827,케이엔제이,20250320,코
00365457,제이티,089790,K,감사보고서제출              ,20250320900906,제이티,20250320,코
00432102,한국금융지주,071050,Y,[기재정정]사업보고서 (2020.12),20250320000785,한국금융지주,20250320,연
01185867,퓨쳐메디신,341170,N,사업보고서 (2024.12),20250320000784,퓨쳐메디신,20250320,연
00415868,펩트론,087010,K,감사보고서제출              ,20250320900841,펩트론,20250320,코
00199988,SY동아,041930,K,감사보고서제출              ,20250320900732,SY동아,20250320,코
01577952,지투지바이오,456160,K,사업보고서 (2024.12),20250320000782,지투지바이오,20250320,
00253985,국보디자인,066620,K,감사보고서제출              ,20250320900850,국보디자인,20250320,코
00579999,고영,098460,K,기업설명회(IR)개최              ,20250320900948,고영,20250320,코
00104722,국제약품,002720,Y,[첨부정정]사업보고서 (2024.12),20250320000780,국제약품,20250320,연
00198697,일진디스플,020760,Y,사업보고서 (2024.12),20250320000779,일진디스플,20250320,연
00136457,SH에너지화학,002360,Y,사업보고서 (2024.12),20250320000777,SH에너지화학,20250320,연
00219361,해성산업,034810,K,주식등의대량보유상황보고서(일반),20250320000776,단재완,20250320,
00838962,알서포트,131370,K,사업보고서 (2024.12),20250320000774,알서포트,20250320,연
00124726,빙그레,005180,Y,사외이사의선임ㆍ해임또는중도퇴임에관한신고,20250320000772,빙그레,20250320,
00447760,미래컴퍼니,049950,K,감사보고서제출              ,20250320900838,미래컴퍼니,20250320,코
00330044,캠시스,050110,K,감사보고서제출              ,20250320900802,캠시스,20250320,코
00232821,에이치엠넥스,036170,K,[기재정정]주주총회소집공고,20250320000769,에이치엠넥스,20250320,
00432102,한국금융지주,071050,Y,[기재정정]사업보고서 (2019.12),20250320000768,한국금융지주,20250320,연
00105101,INVENI,015360,Y,사외이사의선임ㆍ해임또는중도퇴임에관한신고,20250320000767,INVENI,20250320,
00110893,대신증권,003540,Y,일괄신고추가서류(파생결합사채-주가연계파생결합사채),20250320000766,대신증권,20250320,
00113535,대한해운,005880,Y,감사보고서제출              ,20250320800882,대한해운,20250320,유
00146560,일지테크,019540,K,사업보고서 (2024.12),20250320000764,일지테크,20250320,연
00677334,아하,102950,N,사업보고서 (2024.12),20250320000761,아하,20250320,정연
01311286,퀀타매트릭스,317690,K,사업보고서 (2024.12),20250320000758,퀀타매트릭스,20250320,연
00113359,교보증권,030610,Y,일괄신고추가서류(파생결합사채-주가연계파생결합사채),20250320000757,교보증권,20250320,
00405278,KG파이낸셜,046440,K,[기재정정]현금ㆍ현물배당결정              ,20250320900761,KG파이낸셜,20250320,코
00105101,INVENI,015360,Y,정기주주총회결과              ,20250320800782,INVENI,20250320,유
00666064,셀바스AI,108860,K,감사보고서제출              ,20250320900821,셀바스AI,20250320,코
00390514,이루온,065440,K,사업보고서 (2024.12),20250320000755,이루온,20250320,연
00232821,에이치엠넥스,036170,K,사업보고서 (2024.12),20250320000754,에이치엠넥스,20250320,
00815369,에스제이엠,123700,Y,사업보고서 (2024.12),20250320000753,에스제이엠,20250320,정연
00486370,성창오토텍,080470,K,감사보고서제출              ,20250320900805,성창오토텍,20250320,코
01663569,하스,450330,K,정기주주총회결과              ,20250320900746,하스,20250320,코
00207375,대한뉴팜,054670,K,정기주주총회결과              ,20250320900731,대한뉴팜,20250320,코
00258421,기산텔레콤,035460,K,사업보고서 (2024.12),20250320000752,기산텔레콤,20250320,연
00127255,삼영,003720,Y,사업보고서 (2024.12),20250320000750,삼영,20250320,연
00158307,롯데하이마트,071840,Y,정기주주총회결과              ,20250320800893,롯데하이마트,20250320,유
00232821,에이치엠넥스,036170,K,감사보고서제출              ,20250320900780,에이치엠넥스,20250320,코
01680131,아이오바이오,447690,N,감사보고서제출              ,20250320600879,아이오바이오,20250320,넥정
00132992,성우하이텍,015750,K,감사보고서제출              ,20250320900763,성우하이텍,20250320,코
00876908,모트렉스,118990,K,감사보고서제출              ,20250320900794,모트렉스,20250320,코
00137012,에스앤더블류,103230,K,사업보고서 (2024.12),20250320000747,에스앤더블류,20250320,
01407158,이노테나,333050,K,사업보고서 (2024.12),20250320000746,이노테나,20250320,
00158307,롯데하이마트,071840,Y,최대주주등소유주식변동신고서              ,20250320800897,롯데하이마트,20250320,유
00127954,CJ프레시웨이,051500,K,사업보고서 (2024.12),20250320000745,CJ프레시웨이,20250320,연
00480455,STX엔진,077970,Y,[기재정정]단일판매ㆍ공급계약체결              ,20250320800872,STX엔진,20250320,유정
00124726,빙그레,005180,Y,정기주주총회결과              ,20250320800867,빙그레,20250320,유
00104810,소노스퀘어,007720,K,감사보고서제출              ,20250320900727,소노스퀘어,20250320,코
00139205,안국약품,001540,K,감사보고서제출              ,20250320900822,안국약품,20250320,코
01309388,LS티라유텍,322180,K,정기주주총회결과              ,20250320900752,LS티라유텍,20250320,코
00664853,제이씨케미칼,137950,K,사외이사의선임ㆍ해임또는중도퇴임에관한신고,20250320000744,제이씨케미칼,20250320,
01311286,퀀타매트릭스,317690,K,감사보고서제출              ,20250320900741,퀀타매트릭스,20250320,코
00105138,파라텍,033540,K,사업보고서 (2024.12),20250320000741,파라텍,20250320,정연
00153393,태광산업,003240,Y,감사보고서제출              ,20250320800814,태광산업,20250320,유
00157681,롯데정밀화학,004000,Y,대표이사(대표집행임원)변경(안내공시)              ,20250320800884,롯데정밀화학,20250320,유
01882845,GS피앤엘,499790,Y,정기주주총회결과              ,20250320800863,GS피앤엘,20250320,유
00198697,일진디스플,020760,Y,감사보고서제출              ,20250320800844,일진디스플,20250320,유
00169215,에너토크,019990,K,사업보고서 (2024.12),20250320000739,에너토크,20250320,연
00112998,서울보증보험,031210,Y,최대주주등소유주식변동신고서              ,20250320800880,서울보증보험,20250320,유
01065013,우정바이오,215380,K,감사보고서제출              ,20250320900773,우정바이오,20250320,코
00136457,SH에너지화학,002360,Y,감사보고서제출              ,20250320800792,SH에너지화학,20250320,유
00102113,경인양행,012610,Y,사업보고서 (2024.12),20250320000738,경인양행,20250320,연
00168401,금비,008870,Y,임원ㆍ주요주주특정증권등소유상황보고서,20250320000737,고기영,20250320,
00365387,AJ네트웍스,095570,Y,[기재정정]사업보고서 (2024.12),20250320000736,AJ네트웍스,20250320,정연
01336373,메드팩토,235980,K,감사보고서제출              ,20250320900701,메드팩토,20250320,코
00132202,선진뷰티사이언스,086710,K,사업보고서 (2024.12),20250320000733,선진뷰티사이언스,20250320,연
00612188,에스티오,098660,K,사업보고서 (2024.12),20250320000732,에스티오,20250320,연
00816544,토니모리,214420,Y,감사보고서제출              ,20250320800842,토니모리,20250320,유
00453929,메디포스트,078160,K,감사보고서제출              ,20250320900818,메디포스트,20250320,코
00109781,대림제지,017650,K,사업보고서 (2024.12),20250320000731,대림제지,20250320,연
00137012,에스앤더블류,103230,K,감사보고서제출              ,20250320900725,에스앤더블류,20250320,코
00144650,유신,054930,K,사업보고서 (2024.12),20250320000730,유신,20250320,연
00169215,에너토크,019990,K,감사보고서제출              ,20250320900846,에너토크,20250320,코
00136378,신세계,004170,Y,사외이사의선임ㆍ해임또는중도퇴임에관한신고,20250320000727,신세계,20250320,
00168401,금비,008870,Y,최대주주등소유주식변동신고서              ,20250320800856,금비,20250320,유
01326224,원바이오젠,307280,K,감사보고서제출              ,20250320900721,원바이오젠,20250320,코
00168331,온타이드,005320,Y,감사보고서제출              ,20250320800830,온타이드,20250320,유
00162063,한신공영,004960,Y,사업보고서 (2024.12),20250320000724,한신공영,20250320,정연
00264714,SG&G,040610,K,감사보고서제출              ,20250320900698,SG&G,20250320,코
00149345,조흥,002600,Y,사외이사의선임ㆍ해임또는중도퇴임에관한신고,20250320000723,조흥,20250320,
00110750,플루토스,019570,K,감사보고서제출              ,20250320900706,플루토스,20250320,코
00769158,케이엔제이,272110,K,주식등의대량보유상황보고서(약식),20250320000722,에셋플러스자산운용,20250320,
01265251,압타머사이언스,291650,K,단일판매ㆍ공급계약체결              ,20250320900816,압타머사이언스,20250320,코
00234412,신세계인터내셔날,031430,Y,사외이사의선임ㆍ해임또는중도퇴임에관한신고,20250320000719,신세계인터내셔날,20250320,
00964595,엔바이오니아,317870,K,사업보고서 (2024.12),20250320000717,엔바이오니아,20250320,연
00471068,덕산하이메탈,077360,K,감사보고서제출              ,20250320900789,덕산하이메탈,20250320,코
01407158,이노테나,333050,K,감사보고서제출              ,20250320900715,이노테나,20250320,코
00560849,에스앤디,260970,K,사외이사의선임ㆍ해임또는중도퇴임에관한신고,20250320000716,에스앤디,20250320,
00136378,신세계,004170,Y,정기주주총회결과              ,20250320800764,신세계,20250320,유
00158112,한국수출포장공업,002200,Y,정기주주총회결과              ,20250320800799,한국수출포장공업,20250320,유
00113359,교보증권,030610,Y,투자설명서(일괄신고),20250320000711,교보증권,20250320,
00390514,이루온,065440,K,감사보고서제출              ,20250320900695,이루온,20250320,코
00838962,알서포트,131370,K,감사보고서제출              ,20250320900755,알서포트,20250320,코
01367586,제이아이테크,417500,K,[기재정정]사업보고서 (2024.12),20250320000708,제이아이테크,20250320,연
01139035,티에스아이,277880,K,[기재정정]단일판매ㆍ공급계약체결              ,20250320900772,티에스아이,20250320,코정
01139035,티에스아이,277880,K,[기재정정]단일판매ㆍ공급계약체결              ,20250320900757,티에스아이,20250320,코정
01047840,미스터블루,207760,K,정기주주총회결과              ,20250320900801,미스터블루,20250320,코
00405320,웹젠,069080,K,사업보고서 (2024.12),20250320000704,웹젠,20250320,연
01293953,싸이버원,356890,K,감사보고서제출              ,20250320900686,싸이버원,20250320,코
00579971,칩스앤미디어,094360,K,정기주주총회결과              ,20250320900760,칩스앤미디어,20250320,코
00994994,나노,187790,K,사업보고서 (2024.12),20250320000703,나노,20250320,정연
00113359,교보증권,030610,Y,일괄신고추가서류(파생결합사채-주가연계파생결합사채),20250320000702,교보증권,20250320,
00843900,육일씨엔에쓰,191410,K,감사보고서제출              ,20250320900807,육일씨엔에쓰,20250320,코
00110893,대신증권,003540,Y,투자설명서(일괄신고),20250320000701,대신증권,20250320,
01236532,와이즈버즈,273060,K,대표이사변경              ,20250320900735,와이즈버즈,20250320,코
00405278,KG파이낸셜,046440,K,정기주주총회결과              ,20250320900734,KG파이낸셜,20250320,코
01791321,하나30호스팩,469880,K,정기주주총회결과              ,20250320900677,하나30호스팩,20250320,코
01084364,다산디엠씨,208860,K,사업보고서 (2024.12),20250320000699,다산디엠씨,20250320,정
01246034,다이나믹솔루션,290660,K,감사보고서제출              ,20250320900748,다이나믹솔루션,20250320,코
00156442,한국가구,004590,K,정기주주총회결과              ,20250320900711,한국가구,20250320,코
01423837,모아데이타,288980,K,감사보고서제출              ,20250320900793,모아데이타,20250320,코
00166519,화천기공,000850,Y,정기주주총회결과              (제48기 정기주주총회 결과),20250320800702,화천기공,20250320,유
00560849,에스앤디,260970,K,정기주주총회결과              ,20250320900781,에스앤디,20250320,코
01429840,아이티아이즈,372800,K,사업보고서 (2024.12),20250320000695,아이티아이즈,20250320,정연
00407294,유라클,088340,K,사업보고서 (2024.12),20250320000692,유라클,20250320,연
01506990,옵티코어,380540,K,사업보고서 (2024.12),20250320000691,옵티코어,20250320,연
01514005,크라우드웍스,355390,K,감사보고서제출              ,20250320900704,크라우드웍스,20250320,코
00234412,신세계인터내셔날,031430,Y,대표이사(대표집행임원)변경(안내공시)              ,20250320800812,신세계인터내셔날,20250320,유
01305249,스톤브릿지벤처스,330730,K,감사보고서제출              ,20250320900680,스톤브릿지벤처스,20250320,코
00111838,대원,007680,K,사업보고서 (2024.12),20250320000690,대원,20250320,연
00297095,나라엠앤디,051490,K,사업보고서 (2024.12),20250320000687,나라엠앤디,20250320,연
00129387,SP삼화,000390,Y,사외이사의선임ㆍ해임또는중도퇴임에관한신고,20250320000686,SP삼화,20250320,
00765851,위더스제약,330350,K,사업보고서 (2024.12),20250320000683,위더스제약,20250320,
00159971,KC그린홀딩스,009440,Y,타인에대한채무보증결정              ,20250320800705,KC그린홀딩스,20250320,유정
00811372,노바렉스,194700,K,감사보고서제출              ,20250320900639,노바렉스,20250320,코
01405390,핌스,347770,K,사업보고서 (2024.12),20250320000682,핌스,20250320,연
00415646,드림텍,192650,Y,[첨부정정]사업보고서 (2024.12),20250320000681,드림텍,20250320,정연
01049422,썸에이지,208640,K,사업보고서 (2024.12),20250320000680,썸에이지,20250320,정연
00129387,SP삼화,000390,Y,정기주주총회결과              ,20250320800685,SP삼화,20250320,유
01139035,티에스아이,277880,K,[기재정정]단일판매ㆍ공급계약체결              ,20250320900738,티에스아이,20250320,코정
01139035,티에스아이,277880,K,[기재정정]단일판매ㆍ공급계약체결              ,20250320900728,티에스아이,20250320,코정
00234412,신세계인터내셔날,031430,Y,정기주주총회결과              ,20250320800733,신세계인터내셔날,20250320,유
00127200,삼영전자공업,005680,Y,감사보고서제출              ,20250320800750,삼영전자공업,20250320,유
00121154,엠에스씨,009780,K,사업보고서 (2024.12),20250320000679,엠에스씨,20250320,연
00596677,매커스,093520,K,사업보고서 (2024.12),20250320000678,매커스,20250320,정연
00135962,신라교역,004970,Y,정기주주총회결과              ,20250320800749,신라교역,20250320,유
00113359,교보증권,030610,Y,투자설명서(일괄신고),20250320000676,교보증권,20250320,
00407294,유라클,088340,K,감사보고서제출              ,20250320900640,유라클,20250320,코
00204642,티비씨,033830,K,사업보고서 (2024.12),20250320000674,티비씨,20250320,정연
01429840,아이티아이즈,372800,K,감사보고서제출              ,20250320900703,아이티아이즈,20250320,코
00113359,교보증권,030610,Y,투자설명서(일괄신고),20250320000671,교보증권,20250320,
00164478,현대건설,000720,Y,사외이사의선임ㆍ해임또는중도퇴임에관한신고,20250320000670,현대건설,20250320,
00351630,세코닉스,053450,K,사업보고서 (2024.12),20250320000669,세코닉스,20250320,연
00624378,마이크로투나노,424980,K,사업보고서 (2024.12),20250320000667,마이크로투나노,20250320,
01516766,아이비젼웍스,469750,K,사업보고서 (2024.12),20250320000665,아이비젼웍스,20250320,
00105466,KCC건설,021320,K,타인에대한채무보증결정              ,20250320900768,KCC건설,20250320,코
00110893,대신증권,003540,Y,일괄신고추가서류(파생결합사채-주가연계파생결합사채),20250320000664,대신증권,20250320,
01084364,다산디엠씨,208860,K,감사보고서제출              ,20250320900635,다산디엠씨,20250320,코
01585155,오픈놀,440320,K,사업보고서 (2024.12),20250320000661,오픈놀,20250320,연
00142865,WISCOM,024070,Y,사업보고서 (2024.12),20250320000660,WISCOM,20250320,연
00149345,조흥,002600,Y,정기주주총회결과              ,20250320800678,조흥,20250320,유
00113359,교보증권,030610,Y,일괄신고추가서류(파생결합증권-주가연계증권),20250320000659,교보증권,20250320,
00404288,아진엑스텍,059120,K,사업보고서 (2024.12),20250320000658,아진엑스텍,20250320,
01587056,엔젯,419080,K,감사보고서제출              ,20250320900713,엔젯,20250320,코
01116380,씨앤에스링크,245450,N,사업보고서 (2024.12),20250320000656,씨앤에스링크,20250320,
01497373,아이엠비디엑스,461030,K,사업보고서 (2024.12),20250320000655,아이엠비디엑스,20250320,
00210856,코아스,071950,Y,사업보고서 (2024.12),20250320000653,코아스,20250320,연
00113359,교보증권,030610,Y,일괄신고추가서류(파생결합사채-주가연계파생결합사채),20250320000651,교보증권,20250320,
00596677,매커스,093520,K,감사보고서제출              ,20250320900616,매커스,20250320,코
00120030,GS건설,006360,Y,[기재정정]단일판매ㆍ공급계약체결              ,20250320800693,GS건설,20250320,유
00220109,알파AI,043100,K,사업보고서 (2024.12),20250320000649,알파AI,20250320,연
00288343,삼영이엔씨,065570,K,주권매매거래정지기간변경              (회생절차 개시신청),20250320900697,코스닥시장본부,20250320,코
00288343,삼영이엔씨,065570,K,주요사항보고서(회생절차개시신청),20250320000611,삼영이엔씨,20250320,정
01116380,씨앤에스링크,245450,N,감사보고서제출              ,20250320600722,씨앤에스링크,20250320,넥
00113544,대한화섬,003830,Y,감사보고서제출              ,20250320800666,대한화섬,20250320,유
00181943,에스제이엠홀딩스,025530,Y,감사보고서제출              ,20250320800699,에스제이엠홀딩스,20250320,유
00132202,선진뷰티사이언스,086710,K,감사보고서제출              ,20250320900659,선진뷰티사이언스,20250320,코
00121154,엠에스씨,009780,K,감사보고서제출              ,20250320900652,엠에스씨,20250320,코
00231664,우리기술투자,041190,K,사업보고서 (2024.12),20250320000645,우리기술투자,20250320,연
00164478,현대건설,000720,Y,정기주주총회결과              ,20250320800658,현대건설,20250320,유
00172936,동일산업,004890,Y,[기재정정]주주총회소집공고,20250320000644,동일산업,20250320,
01497373,아이엠비디엑스,461030,K,감사보고서제출              ,20250320900637,아이엠비디엑스,20250320,코
00404288,아진엑스텍,059120,K,감사보고서제출              ,20250320900592,아진엑스텍,20250320,코
00664853,제이씨케미칼,137950,K,정기주주총회결과              ,20250320900692,제이씨케미칼,20250320,코
01267222,에피소드컴퍼니,317530,K,감사보고서제출              ,20250320900625,에피소드컴퍼니,20250320,코
00172936,동일산업,004890,Y,[기재정정]주주총회소집결의              ,20250320800710,동일산업,20250320,유
00537337,앤씨앤,092600,K,임원ㆍ주요주주특정증권등소유상황보고서,20250320000637,권상호,20250320,
00166519,화천기공,000850,Y,사외이사의선임ㆍ해임또는중도퇴임에관한신고,20250320000636,화천기공,20250320,
00112679,대창단조,015230,Y,사업보고서 (2024.12),20250320000634,대창단조,20250320,연
00159786,유니드,014830,Y,정기주주총회결과              ,20250320800651,유니드,20250320,유
01505186,하이딥,365590,K,감사보고서제출              ,20250320900662,하이딥,20250320,코
00118284,동일금속,109860,K,감사보고서제출              ,20250320900600,동일금속,20250320,코
01706794,아이언디바이스,464500,K,사업보고서 (2024.12),20250320000631,아이언디바이스,20250320,연
00112679,대창단조,015230,Y,감사보고서제출              ,20250320800621,대창단조,20250320,유
00120076,LX인터내셔널,001120,Y,사업보고서 (2024.12),20250320000626,LX인터내셔널,20250320,연
01236532,와이즈버즈,273060,K,사외이사의선임ㆍ해임또는중도퇴임에관한신고,20250320000627,와이즈버즈,20250320,
01376715,디앤디파마텍,347850,K,사업보고서 (2024.12),20250320000625,디앤디파마텍,20250320,연
01344831,딥노이드,315640,K,사업보고서 (2024.12),20250320000624,딥노이드,20250320,정
00297095,나라엠앤디,051490,K,감사보고서제출              ,20250320900572,나라엠앤디,20250320,코
00132868,우성머티리얼스,011300,Y,[기재정정]주요사항보고서(유상증자결정),20250320000576,우성머티리얼스,20250320,
00223513,제이씨현시스템,033320,K,대표이사변경              ,20250320900655,제이씨현시스템,20250320,코
00223513,제이씨현시스템,033320,K,정기주주총회결과              ,20250320900675,제이씨현시스템,20250320,코
00172936,동일산업,004890,Y,감사보고서제출              ,20250320800676,동일산업,20250320,유
01516766,아이비젼웍스,469750,K,감사보고서제출              ,20250320900644,아이비젼웍스,20250320,코
00113207,대한전선,001440,Y,감사보고서제출              ,20250320800647,대한전선,20250320,유정
00303703,CS,065770,K,사업보고서 (2024.12),20250320000616,CS,20250320,연
00105138,파라텍,033540,K,감사보고서제출              ,20250320900596,파라텍,20250320,코
00407814,CG인바이츠,083790,K,주식등의대량보유상황보고서(일반),20250320000615,뉴레이크인바이츠투자,20250320,
00173698,신일전자,002700,Y,사업보고서 (2024.12),20250320000612,신일전자,20250320,
01236532,와이즈버즈,273060,K,정기주주총회결과              ,20250320900587,와이즈버즈,20250320,코
00198697,일진디스플,020760,Y,[기재정정]의결권대리행사권유참고서류,20250320000610,일진디스플,20250320,
00258421,기산텔레콤,035460,K,감사보고서제출              ,20250320900583,기산텔레콤,20250320,코
00189538,피델릭스,032580,K,정기주주총회결과              ,20250320900631,피델릭스,20250320,코
00173698,신일전자,002700,Y,감사보고서제출              ,20250320800657,신일전자,20250320,유
00408266,유니온바이오메트릭스,203450,K,사업보고서 (2024.12),20250320000606,유니온바이오메트릭스,20250320,연
00378628,KH바텍,060720,K,사업보고서 (2024.12),20250320000605,KH바텍,20250320,연
00111838,대원,007680,K,감사보고서제출              ,20250320900594,대원,20250320,코
01049422,썸에이지,208640,K,감사보고서제출              ,20250320900622,썸에이지,20250320,코
00577335,대성하이텍,129920,K,[기재정정]주주총회소집공고,20250320000604,대성하이텍,20250320,
00348034,액토즈소프트,052790,K,감사보고서제출              ,20250320900511,액토즈소프트,20250320,코
00198697,일진디스플,020760,Y,[기재정정]주주총회소집공고,20250320000603,일진디스플,20250320,
00338170,이닉스,452400,K,사업보고서 (2024.12),20250320000602,이닉스,20250320,연
01376715,디앤디파마텍,347850,K,감사보고서제출              ,20250320900568,디앤디파마텍,20250320,코
00403632,현대퓨처넷,126560,Y,사외이사의선임ㆍ해임또는중도퇴임에관한신고,20250320000599,현대퓨처넷,20250320,
00147082,재영솔루텍,049630,K,감사보고서제출              ,20250320900574,재영솔루텍,20250320,코
00142865,WISCOM,024070,Y,감사보고서제출              ,20250320800551,WISCOM,20250320,유
00338170,이닉스,452400,K,감사보고서제출              ,20250320900627,이닉스,20250320,코
00361488,텔코웨어,078000,Y,사업보고서 (2024.12),20250320000597,텔코웨어,20250320,정연
00120182,NH투자증권,005940,Y,투자설명서(일괄신고),20250320000596,NH투자증권,20250320,
00325112,프로텍,053610,K,감사보고서제출              ,20250320900628,프로텍,20250320,코
01583652,모니터랩,434480,K,사업보고서 (2024.12),20250320000593,모니터랩,20250320,연
01506990,옵티코어,380540,K,감사보고서제출              ,20250320900555,옵티코어,20250320,코
00220109,알파AI,043100,K,감사보고서제출              ,20250320900503,알파AI,20250320,코
00442154,제이엔케이글로벌,126880,K,감사보고서제출              ,20250320900554,제이엔케이글로벌,20250320,코
01042429,넥써쓰,205500,K,사업보고서 (2024.12),20250320000586,넥써쓰,20250320,정연
01190124,미디어젠,279600,K,감사보고서제출              ,20250320900489,미디어젠,20250320,코
00378628,KH바텍,060720,K,감사보고서제출              ,20250320900545,KH바텍,20250320,코
00132868,우성머티리얼스,011300,Y,사업보고서 (2024.12),20250320000581,우성머티리얼스,20250320,연
00120182,NH투자증권,005940,Y,일괄신고추가서류(파생결합증권-주가연계증권),20250320000579,NH투자증권,20250320,
00659161,싸이맥스,160980,K,사외이사의선임ㆍ해임또는중도퇴임에관한신고,20250320000578,싸이맥스,20250320,
00369569,비케이홀딩스,050090,K,사업보고서 (2024.12),20250320000577,비케이홀딩스,20250320,
00259545,엠에스오토텍,123040,K,감사보고서제출              ,20250320900571,엠에스오토텍,20250320,코
00113492,깨끗한나라,004540,Y,감사보고서제출              ,20250320800584,깨끗한나라,20250320,유
00968607,더본코리아,475560,Y,사업보고서 (2024.12),20250320000574,더본코리아,20250320,연
01063556,질경이,233990,N,사업보고서 (2024.12),20250320000572,질경이,20250320,연
00815095,우리이앤엘하루틴,153490,K,사업보고서 (2024.12),20250320000571,우리이앤엘하루틴,20250320,연
01573336,토모큐브,475960,K,사업보고서 (2024.12),20250320000570,토모큐브,20250320,연
00445841,MDS테크,086960,K,감사보고서제출              ,20250320900457,MDS테크,20250320,코
01809569,신한제12호스팩,474660,K,정기주주총회결과              ,20250320900569,신한제12호스팩,20250320,코
00155692,우리엔터프라이즈,037400,K,사업보고서 (2024.12),20250320000569,우리엔터프라이즈,20250320,연
00194947,한전산업,130660,Y,감사보고서제출              ,20250320800582,한전산업,20250320,유
00533191,비보존 제약,082800,K,감사보고서제출              ,20250320900543,비보존 제약,20250320,코
00412348,LB세미콘,061970,K,사업보고서 (2024.12),20250320000568,LB세미콘,20250320,정연
01585155,오픈놀,440320,K,감사보고서제출              ,20250320900590,오픈놀,20250320,코
00522007,크리스에프앤씨,110790,K,감사보고서제출              ,20250320900529,크리스에프앤씨,20250320,코
00172228,엔케이,085310,Y,신탁계약에의한취득상황보고서,20250320000566,엔케이,20250320,
00357607,케이피티유,054410,K,[기재정정]주주총회소집공고,20250320000564,케이피티유,20250320,
00148610,한화투자증권,003530,Y,증권발행실적보고서,20250320000563,한화투자증권,20250320,
00408266,유니온바이오메트릭스,203450,K,감사보고서제출              ,20250320900471,유니온바이오메트릭스,20250320,코
01258020,에스바이오메딕스,304360,K,소속부변경              ,20250320900566,코스닥시장본부,20250320,코
00181943,에스제이엠홀딩스,025530,Y,감사보고서제출(자회사의 주요경영사항)              ,20250320800567,에스제이엠홀딩스,20250320,유
00369569,비케이홀딩스,050090,K,감사보고서제출              ,20250320900552,비케이홀딩스,20250320,코
01437292,미래에셋맵스리츠,357250,Y,부동산투자회사자산보관위탁계약체결              ,20250320800561,미래에셋맵스리츠,20250320,유
01573336,토모큐브,475960,K,감사보고서제출              ,20250320900536,토모큐브,20250320,코
01437292,미래에셋맵스리츠,357250,Y,부동산투자회사자산보관위탁계약변경              ,20250320800548,미래에셋맵스리츠,20250320,유
00369107,우리바이오,082850,K,사업보고서 (2024.12),20250320000558,우리바이오,20250320,연
00102858,고려아연,010130,Y,감사보고서제출              ,20250320800542,고려아연,20250320,유정
01185867,퓨쳐메디신,341170,N,감사보고서제출              ,20250320600540,퓨쳐메디신,20250320,넥
00132868,우성머티리얼스,011300,Y,[기재정정]주요사항보고서(유상증자결정),20250320000517,우성머티리얼스,20250320,
01046708,바디텍메드,206640,K,자기주식처분결과보고서,20250320000551,바디텍메드,20250320,
00357607,케이피티유,054410,K,사업보고서 (2024.12),20250320000548,케이피티유,20250320,정
00366438,산일전기,062040,Y,감사보고서제출              ,20250320800537,산일전기,20250320,유
00815369,에스제이엠,123700,Y,감사보고서제출              ,20250320800525,에스제이엠,20250320,유
00226352,케이엠더블유,032500,K,사업보고서 (2024.12),20250320000541,케이엠더블유,20250320,연
00972503,일진하이솔루스,271940,Y,[기재정정]주식매수선택권부여에관한신고,20250320000540,일진하이솔루스,20250320,
00173795,신흥,004080,Y,주식등의대량보유상황보고서(일반),20250320000539,이용익,20250320,
01258020,에스바이오메딕스,304360,K,감사보고서제출              ,20250320900520,에스바이오메딕스,20250320,코
00104722,국제약품,002720,Y,사업보고서 (2024.12),20250320000537,국제약품,20250320,정연
00367710,동인기연,111380,Y,감사보고서제출              ,20250320800515,동인기연,20250320,유
00186799,태웅,044490,K,사업보고서 (2024.12),20250320000535,태웅,20250320,
01335930,티움바이오,321550,K,임원ㆍ주요주주특정증권등거래계획보고서,20250320000530,김훈택,20250320,
00683007,엑스큐어,070300,K,정기주주총회결과              ,20250320900435,엑스큐어,20250320,코
00117601,유안타증권,003470,Y,투자설명서(일괄신고),20250320000524,유안타증권,20250320,
00357607,케이피티유,054410,K,감사보고서제출              ,20250320900521,케이피티유,20250320,코
00100601,강원에너지,114190,K,[기재정정]단일판매ㆍ공급계약체결              ,20250320900491,강원에너지,20250320,코
00126937,삼양홀딩스,000070,Y,감사보고서제출              ,20250320800476,삼양홀딩스,20250320,유
00102858,고려아연,010130,Y,소송등의판결ㆍ결정              ,20250320800527,고려아연,20250320,유
00645089,NHN벅스,104200,K,감사보고서제출              ,20250320900465,NHN벅스,20250320,코
00173795,신흥,004080,Y,감사보고서제출              ,20250320800504,신흥,20250320,유정
01213586,아이디피,332370,K,정기주주총회결과              ,20250320900510,아이디피,20250320,코
01293485,제닉스로보틱스,381620,K,정기주주총회결과              ,20250320900492,제닉스로보틱스,20250320,코
01217795,엠에프씨,432980,K,감사보고서제출              ,20250320900452,엠에프씨,20250320,코
00692254,아이패밀리에스씨,114840,K,사업보고서 (2024.12),20250320000516,아이패밀리에스씨,20250320,연
00126478,삼성중공업,010140,Y,기타경영사항(자율공시)              ,20250320800494,삼성중공업,20250320,유
00173795,신흥,004080,Y,임원ㆍ주요주주특정증권등소유상황보고서,20250320000514,이용익,20250320,
01583652,모니터랩,434480,K,감사보고서제출              ,20250320900469,모니터랩,20250320,코
00500254,GS,078930,Y,[기재정정]현금ㆍ현물배당결정(자회사의 주요경영사항)              ,20250320800496,GS,20250320,유
00116408,동신건설,025950,K,[기재정정]주식등의대량보유상황보고서(일반),20250320000512,김근한,20250320,
00148993,하이트진로홀딩스,000140,Y,[기재정정]사업보고서 (2024.12),20250320000510,하이트진로홀딩스,20250320,연
00147222,전방,000950,Y,감사보고서제출              ,20250320800482,전방,20250320,유
00299844,미래반도체,254490,K,사업보고서 (2024.12),20250320000508,미래반도체,20250320,
00800145,서진오토모티브,122690,K,감사보고서제출              ,20250320900464,서진오토모티브,20250320,코
00765569,기가비스,420770,K,사업보고서 (2024.12),20250320000503,기가비스,20250320,
00160861,한농화성,011500,Y,사업보고서 (2024.12),20250320000501,한농화성,20250320,
00972503,일진하이솔루스,271940,Y,사외이사의선임ㆍ해임또는중도퇴임에관한신고,20250320000498,일진하이솔루스,20250320,
00108940,대성홀딩스,016710,Y,감사보고서제출              ,20250320800442,대성홀딩스,20250320,유
00397191,팬엔터테인먼트,068050,K,[기재정정]감사보고서제출              ,20250320900472,팬엔터테인먼트,20250320,코
00964595,엔바이오니아,317870,K,감사보고서제출              ,20250320900456,엔바이오니아,20250320,코
00150244,하이트진로,000080,Y,[기재정정]사업보고서 (2024.12),20250320000493,하이트진로,20250320,연
00117601,유안타증권,003470,Y,일괄신고추가서류(기타파생결합사채),20250320000491,유안타증권,20250320,
00132628,성문전자,014910,Y,감사보고서제출              ,20250320800473,성문전자,20250320,유
00164645,HMM,011200,Y,조회공시요구(풍문또는보도)에대한답변(미확정)              ,20250320800428,HMM,20250320,유
00267979,한일화학,007770,K,감사보고서제출              ,20250320900445,한일화학,20250320,코
00140177,GS리테일,007070,Y,[기재정정]현금ㆍ현물배당결정              ,20250320800495,GS리테일,20250320,유
00105873,LG디스플레이,034220,Y,사외이사의선임ㆍ해임또는중도퇴임에관한신고,20250320000485,LG디스플레이,20250320,
00126478,삼성중공업,010140,Y,최대주주등소유주식변동신고서              ,20250320800486,삼성중공업,20250320,유
00105873,LG디스플레이,034220,Y,정기주주총회결과              ,20250320800460,LG디스플레이,20250320,유
00411808,제이오,418550,K,사업보고서 (2024.12),20250320000482,제이오,20250320,정
00925374,윤성에프앤씨,372170,K,사업보고서 (2024.12),20250320000481,윤성에프앤씨,20250320,연
00126478,삼성중공업,010140,Y,정기주주총회결과              ,20250320800458,삼성중공업,20250320,유
01063237,플럼라인생명과학,222670,N,증권발행결과(자율공시)              (제3자배정 유상증자),20250320600406,플럼라인생명과학,20250320,넥
00158015,한국선재,025550,K,사업보고서 (2024.12),20250320000479,한국선재,20250320,연
01462739,비아이매트릭스,413640,K,감사보고서제출              ,20250320900430,비아이매트릭스,20250320,코
01592049,엔젤로보틱스,455900,K,사업보고서 (2024.12),20250320000478,엔젤로보틱스,20250320,
00521433,엔지브이아이,093510,N,사업보고서 (2024.12),20250320000475,엔지브이아이,20250320,
01575839,플라즈맵,405000,K,사업보고서 (2024.12),20250320000474,플라즈맵,20250320,연
01592049,엔젤로보틱스,455900,K,감사보고서제출              ,20250320900422,엔젤로보틱스,20250320,코
00972503,일진하이솔루스,271940,Y,정기주주총회결과              ,20250320800453,일진하이솔루스,20250320,유
00202839,한창산업,079170,K,사업보고서 (2024.12),20250320000472,한창산업,20250320,
00411808,제이오,418550,K,감사보고서제출              ,20250320900449,제이오,20250320,코
01344831,딥노이드,315640,K,감사보고서제출              ,20250320900404,딥노이드,20250320,코
00994994,나노,187790,K,감사보고서제출              ,20250320900391,나노,20250320,코정
00140177,GS리테일,007070,Y,사외이사의선임ㆍ해임또는중도퇴임에관한신고,20250320000470,GS리테일,20250320,
00238153,파세코,037070,K,사업보고서 (2024.12),20250320000469,파세코,20250320,
01259232,노바텍,285490,K,감사보고서제출              ,20250320900381,노바텍,20250320,코
01021949,덱스터,206560,K,감사보고서제출              ,20250320900424,덱스터,20250320,코
00115676,KG스틸,016380,Y,[기재정정]주주총회소집공고,20250320000466,KG스틸,20250320,
00870065,쓰리에이로직스,177900,K,사업보고서 (2024.12),20250320000465,쓰리에이로직스,20250320,
00126478,삼성중공업,010140,Y,사외이사의선임ㆍ해임또는중도퇴임에관한신고,20250320000461,삼성중공업,20250320,
01035368,티에프이,425420,K,감사보고서제출              ,20250320900408,티에프이,20250320,코
01082348,오스테오닉,226400,K,사업보고서 (2024.12),20250320000460,오스테오닉,20250320,연
00160861,한농화성,011500,Y,감사보고서제출              ,20250320800403,한농화성,20250320,유
00111111,대양금속,009190,Y,소송등의판결ㆍ결정              ,20250320800413,대양금속,20250320,유
00364847,이글루,067920,K,감사보고서제출              ,20250320900411,이글루,20250320,코
00202839,한창산업,079170,K,감사보고서제출              ,20250320900426,한창산업,20250320,코
00365387,AJ네트웍스,095570,Y,[기재정정]사업보고서 (2024.12),20250320000455,AJ네트웍스,20250320,정연
00886792,루켄테크놀러지스,162120,N,조회공시요구(풍문또는보도)에대한답변(미확정)              ,20250320600400,루켄테크놀러지스,20250320,넥
00885906,에이치와이티씨,148930,K,사업보고서 (2024.12),20250320000454,에이치와이티씨,20250320,연
00238153,파세코,037070,K,감사보고서제출              ,20250320900394,파세코,20250320,코
00186799,태웅,044490,K,감사보고서제출              ,20250320900392,태웅,20250320,코
01082348,오스테오닉,226400,K,감사보고서제출              ,20250320900427,오스테오닉,20250320,코
00140177,GS리테일,007070,Y,대표이사(대표집행임원)변경(안내공시)              ,20250320800439,GS리테일,20250320,유
01309795,아틀라스링크,297570,K,[기재정정]주주총회소집공고,20250320000451,아틀라스링크,20250320,
00228712,동우팜투테이블,088910,K,사업보고서 (2024.12),20250320000449,동우팜투테이블,20250320,연
00249441,씨씨에스,066790,K,소송등의제기ㆍ신청(경영권분쟁소송)              (이사지위 부존재 확인의 소),20250320900423,씨씨에스,20250320,코
00659161,싸이맥스,160980,K,대표이사변경              ,20250320900373,싸이맥스,20250320,코
00252269,아이에이,038880,K,감사보고서제출              ,20250320900398,아이에이,20250320,코
00126308,삼성E&A,028050,Y,사외이사의선임ㆍ해임또는중도퇴임에관한신고,20250320000445,삼성E&A,20250320,
00105466,KCC건설,021320,K,[기재정정]감사보고서제출              ,20250320900359,KCC건설,20250320,코
00470829,인티큐브,070590,K,사외이사의선임ㆍ해임또는중도퇴임에관한신고,20250320000442,인티큐브,20250320,
00659161,싸이맥스,160980,K,정기주주총회결과              ,20250320900356,싸이맥스,20250320,코
00163691,유수홀딩스,000700,Y,임원ㆍ주요주주특정증권등소유상황보고서,20250320000440,TheMiriStrategicEmergingMarketsFundLP,20250320,
00140177,GS리테일,007070,Y,정기주주총회결과              ,20250320800409,GS리테일,20250320,유
00569646,영우디에스피,143540,K,단일판매ㆍ공급계약체결(자율공시)              ,20250320900345,영우디에스피,20250320,코
00137997,현대차증권,001500,Y,[기재정정]임원ㆍ주요주주특정증권등소유상황보고서,20250320000433,케이클라비스자산운용,20250320,
00958451,한선엔지니어링,452280,K,사업보고서 (2024.12),20250320000432,한선엔지니어링,20250320,
00228712,동우팜투테이블,088910,K,감사보고서제출              ,20250320900383,동우팜투테이블,20250320,코
00111111,대양금속,009190,Y,최대주주등소유주식변동신고서              ,20250320800417,대양금속,20250320,유
00102113,경인양행,012610,Y,감사보고서제출              ,20250320800393,경인양행,20250320,유
00526836,미래나노텍,095500,K,정기주주총회결과              ,20250320900336,미래나노텍,20250320,코
00121534,MH에탄올,023150,Y,대표이사(대표집행임원)변경(안내공시)              ,20250320800416,MH에탄올,20250320,유
00579139,한국맥널티,222980,K,사업보고서 (2024.12),20250320000427,한국맥널티,20250320,연
01309795,아틀라스링크,297570,K,감사보고서제출              ,20250320900387,아틀라스링크,20250320,코
01686755,파인엠텍,441270,K,감사보고서제출              ,20250320900379,파인엠텍,20250320,코
00163691,유수홀딩스,000700,Y,주식등의대량보유상황보고서(약식),20250320000425,MiriCapitalManagementLLC,20250320,
00692254,아이패밀리에스씨,114840,K,감사보고서제출              ,20250320900376,아이패밀리에스씨,20250320,코
00470829,인티큐브,070590,K,[기재정정]주식매수선택권부여에관한신고,20250320000421,인티큐브,20250320,
00363246,우원개발,046940,K,사업보고서 (2024.12),20250320000415,우원개발,20250320,연
00155586,HLB이노베이션,024850,K,주식등의대량보유상황보고서(일반),20250320000413,HLB,20250320,
00360036,백금T&A,046310,K,사업보고서 (2024.12),20250320000412,백금T&A,20250320,연
01063556,질경이,233990,N,감사보고서제출              ,20250320600364,질경이,20250320,넥
00121534,MH에탄올,023150,Y,사외이사의선임ㆍ해임또는중도퇴임에관한신고,20250320000411,MH에탄올,20250320,
01444380,에이텀,355690,K,감사보고서제출              ,20250320900370,에이텀,20250320,코
00641171,인지소프트,100030,K,감사보고서제출              ,20250320900386,인지소프트,20250320,코
00579139,한국맥널티,222980,K,감사보고서제출              ,20250320900367,한국맥널티,20250320,코
00163673,한진중공업홀딩스,003480,Y,사업보고서 (2024.12),20250320000396,한진중공업홀딩스,20250320,연
00113225,대한제강,084010,Y,사업보고서 (2024.12),20250320000395,대한제강,20250320,연
00121534,MH에탄올,023150,Y,정기주주총회결과              ,20250320800353,MH에탄올,20250320,유
01112700,에스엘에스바이오,246250,K,[기재정정]기업가치제고계획예고              ,20250320900369,에스엘에스바이오,20250320,코
00825959,하이비젼시스템,126700,K,감사보고서제출              ,20250320900340,하이비젼시스템,20250320,코
01109070,비피도,238200,K,정기주주총회결과              ,20250320900366,비피도,20250320,코
00113225,대한제강,084010,Y,감사보고서제출              ,20250320800357,대한제강,20250320,유
01796858,신영스팩10호,472220,K,대표이사변경              ,20250320900363,신영스팩10호,20250320,코
01534577,청담글로벌,362320,K,감사보고서제출              ,20250320900361,청담글로벌,20250320,코
00132628,성문전자,014910,Y,사업보고서 (2024.12),20250320000385,성문전자,20250320,연
00543204,아이오케이이엔엠,078860,K,전환사채(해외전환사채포함)발행후만기전사채취득              ,20250320900346,아이오케이이엔엠,20250320,코
00146649,일진홀딩스,015860,Y,사외이사의선임ㆍ해임또는중도퇴임에관한신고,20250320000380,일진홀딩스,20250320,
00925374,윤성에프앤씨,372170,K,감사보고서제출              ,20250320900352,윤성에프앤씨,20250320,코
00425351,멀티캠퍼스,067280,K,사외이사의선임ㆍ해임또는중도퇴임에관한신고,20250320000379,멀티캠퍼스,20250320,
00765851,위더스제약,330350,K,감사보고서제출              ,20250320900342,위더스제약,20250320,코
01042429,넥써쓰,205500,K,감사보고서제출              ,20250320900350,넥써쓰,20250320,코
01796858,신영스팩10호,472220,K,정기주주총회결과              ,20250320900354,신영스팩10호,20250320,코
00146649,일진홀딩스,015860,Y,정기주주총회결과              ,20250320800326,일진홀딩스,20250320,유
00231664,우리기술투자,041190,K,[첨부정정]감사보고서제출              ,20250320900339,우리기술투자,20250320,코
01242241,샌즈랩,411080,K,사외이사의선임ㆍ해임또는중도퇴임에관한신고,20250320000364,샌즈랩,20250320,
00565154,이노션,214320,Y,정기주주총회결과              ,20250320800343,이노션,20250320,유
00112998,서울보증보험,031210,Y,임원ㆍ주요주주특정증권등소유상황보고서,20250320000355,예금보험공사,20250320,
00167031,흥국,010240,K,정기주주총회결과              ,20250320900333,흥국,20250320,코
00413046,셀트리온,068270,Y,투자판단관련주요경영사항              (CTP44(다잘렉스 바이오시밀러) 한국 임상 3상 시험계획 신청),20250320800327,셀트리온,20250320,유
00112998,서울보증보험,031210,Y,주식등의대량보유상황보고서(일반),20250320000347,예금보험공사,20250320,
00145686,이화산업,000760,Y,사업보고서 (2024.12),20250320000337,이화산업,20250320,연
00470829,인티큐브,070590,K,정기주주총회결과              ,20250320900322,인티큐브,20250320,코
01136348,나무기술,242040,K,사업보고서 (2024.12),20250320000319,나무기술,20250320,연
01584183,퀄리타스반도체,432720,K,사업보고서 (2024.12),20250320000317,퀄리타스반도체,20250320,
00403793,바이브컴퍼니,301300,K,사업보고서 (2024.12),20250320000313,바이브컴퍼니,20250320,연
01584183,퀄리타스반도체,432720,K,감사보고서제출              ,20250320900315,퀄리타스반도체,20250320,코
00117966,동원개발,013120,K,사업보고서 (2024.12),20250320000310,동원개발,20250320,정연
00962922,팬젠,222110,K,사업보고서 (2024.12),20250320000306,팬젠,20250320,정
00366845,탑엔지니어링,065130,K,대표이사변경              ,20250320900307,탑엔지니어링,20250320,코
00159573,한국주철관공업,000970,Y,사업보고서 (2024.12),20250320000304,한국주철관공업,20250320,연
00159102,DB손해보험,005830,Y,[기재정정]주주총회소집결의              ,20250320800308,DB손해보험,20250320,유
01147487,뷰티스킨,406820,K,감사보고서제출              ,20250320900293,뷰티스킨,20250320,코
01020524,자이글,234920,K,감사보고서제출              ,20250320900292,자이글,20250320,코
00177199,디씨엠,024090,Y,정기주주총회결과              ,20250320800302,디씨엠,20250320,유
00104768,가온전선,000500,Y,[기재정정]사업보고서 (2024.12),20250320000299,가온전선,20250320,연
00104768,가온전선,000500,Y,[첨부정정]감사보고서제출              ,20250320800301,가온전선,20250320,유
00317104,라이온켐텍,171120,K,사업보고서 (2024.12),20250320000297,라이온켐텍,20250320,연
00125150,SGC에너지,005090,Y,정기주주총회결과              ,20250320800290,SGC에너지,20250320,유
00138701,아세아,002030,Y,사외이사의선임ㆍ해임또는중도퇴임에관한신고,20250320000296,아세아,20250320,
00138701,아세아,002030,Y,정기주주총회결과              ,20250320800286,아세아,20250320,유
00808086,HLB펩,196300,K,주식등의대량보유상황보고서(약식),20250320000294,코아스,20250320,
00148984,시알홀딩스,000480,Y,사외이사의선임ㆍ해임또는중도퇴임에관한신고,20250320000293,시알홀딩스,20250320,
00148984,시알홀딩스,000480,Y,정기주주총회결과              ,20250320800283,시알홀딩스,20250320,유
00990165,아세아시멘트,183190,Y,사외이사의선임ㆍ해임또는중도퇴임에관한신고,20250320000291,아세아시멘트,20250320,
01344202,뷰노,338220,K,사업보고서 (2024.12),20250320000289,뷰노,20250320,연
00357740,NHN KCP,060250,K,사업보고서 (2024.12),20250320000287,NHN KCP,20250320,정연
00126308,삼성E&A,028050,Y,정기주주총회결과              ,20250320800282,삼성E&A,20250320,유
00990165,아세아시멘트,183190,Y,정기주주총회결과              ,20250320800281,아세아시멘트,20250320,유
00608316,대한과학,131220,K,사업보고서 (2024.12),20250320000275,대한과학,20250320,연
01325979,세아제강,306200,Y,사외이사의선임ㆍ해임또는중도퇴임에관한신고,20250320000269,세아제강,20250320,
00299844,미래반도체,254490,K,감사보고서제출              ,20250320900263,미래반도체,20250320,코
00569646,영우디에스피,143540,K,감사보고서제출              ,20250320900258,영우디에스피,20250320,코
00508274,일진다이아,081000,Y,사외이사의선임ㆍ해임또는중도퇴임에관한신고,20250320000267,일진다이아,20250320,
00146427,한주에이알티,058450,K,임시주주총회결과              ,20250320900264,한주에이알티,20250320,코
00508274,일진다이아,081000,Y,정기주주총회결과              ,20250320800255,일진다이아,20250320,유
00317104,라이온켐텍,171120,K,감사보고서제출              ,20250320900260,라이온켐텍,20250320,코
01325979,세아제강,306200,Y,정기주주총회결과              ,20250320800274,세아제강,20250320,유
00528791,제일엠앤에스,412540,K,사업보고서제출기한연장신고서 (2024.12),20250320000260,제일엠앤에스,20250320,
00155692,우리엔터프라이즈,037400,K,감사보고서제출              ,20250320900235,우리엔터프라이즈,20250320,코
00302926,현대로템,064350,Y,선급금지급결정              ,20250320800278,현대로템,20250320,유
01242241,샌즈랩,411080,K,정기주주총회결과              ,20250320900273,샌즈랩,20250320,코
00231664,우리기술투자,041190,K,감사보고서제출              ,20250320900241,우리기술투자,20250320,코정
00366845,탑엔지니어링,065130,K,사외이사의선임ㆍ해임또는중도퇴임에관한신고,20250320000258,탑엔지니어링,20250320,
01182408,소프트캠프,258790,K,사업보고서 (2024.12),20250320000252,소프트캠프,20250320,연
00124027,부산산업,011390,Y,사업보고서 (2024.12),20250320000250,부산산업,20250320,연
00102751,고려산업,002140,Y,정기주주총회결과              ,20250320800226,고려산업,20250320,유
00668965,지오엘리먼트,311320,K,사업보고서 (2024.12),20250320000248,지오엘리먼트,20250320,연
00366845,탑엔지니어링,065130,K,정기주주총회결과              ,20250320900237,탑엔지니어링,20250320,코
00633835,HJ중공업,097230,Y,[기재정정]매출액또는손익구조30%(대규모법인은15%)이상변경              ,20250320800217,HJ중공업,20250320,유
01182259,알피바이오,314140,K,감사보고서제출              ,20250320900247,알피바이오,20250320,코
01136348,나무기술,242040,K,감사보고서제출              ,20250320900242,나무기술,20250320,코
00155948,로젠,033290,K,주식등의대량보유상황보고서(일반),20250320000245,대명화학,20250320,
00799539,제노레이,122310,K,감사보고서제출              ,20250320900244,제노레이,20250320,코정
00102751,고려산업,002140,Y,사외이사의선임ㆍ해임또는중도퇴임에관한신고,20250320000237,고려산업,20250320,
00109781,대림제지,017650,K,감사보고서제출              ,20250320900219,대림제지,20250320,코
00533191,비보존 제약,082800,K,주식등의대량보유상황보고서(일반),20250320000235,비보존홀딩스,20250320,
00134565,이스타코,015020,Y,사업보고서 (2024.12),20250320000234,이스타코,20250320,
01026616,지구홀딩스,221800,K,사업보고서 (2024.12),20250320000233,지구홀딩스,20250320,
00418379,자연과환경,043910,K,임원ㆍ주요주주특정증권등소유상황보고서,20250320000232,이병용,20250320,
00125938,삼보판지,023600,K,사업보고서 (2024.12),20250320000229,삼보판지,20250320,연
01472930,오브젠,417860,K,감사보고서제출              ,20250320900201,오브젠,20250320,코
01344202,뷰노,338220,K,감사보고서제출              ,20250320900222,뷰노,20250320,코
01115044,안지오랩,251280,N,주주총회집중일개최사유신고              ,20250320600224,안지오랩,20250320,넥
00124027,부산산업,011390,Y,감사보고서제출              ,20250320800221,부산산업,20250320,유
00369107,우리바이오,082850,K,감사보고서제출              ,20250320900220,우리바이오,20250320,코
00269241,주연테크,044380,Y,사업보고서 (2024.12),20250320000220,주연테크,20250320,연
00876643,캐프,198080,K,[첨부정정]주요사항보고서(회사합병결정),20250320000184,캐프,20250320,정
00125938,삼보판지,023600,K,감사보고서제출              ,20250320900212,삼보판지,20250320,코
00346407,크레오에스지,040350,K,[기재정정]주주총회소집공고,20250320000217,크레오에스지,20250320,
00356389,프럼파스트,035200,K,정기주주총회결과              ,20250320900216,프럼파스트,20250320,코
00134565,이스타코,015020,Y,감사보고서제출              ,20250320800202,이스타코,20250320,유
00140052,에이스침대,003800,K,정기주주총회결과              ,20250320900211,에이스침대,20250320,코
00148522,퍼스텍,010820,Y,정기주주총회결과              ,20250320800213,퍼스텍,20250320,유
00815095,우리이앤엘하루틴,153490,K,감사보고서제출              ,20250320900206,우리이앤엘하루틴,20250320,코
01208821,팡스카이,266350,N,사업보고서제출기한연장신고서 (2024.12),20250320000206,팡스카이,20250320,정
00220622,서호전기,065710,K,정기주주총회결과              ,20250320900207,서호전기,20250320,코
01494118,노을,376930,K,투자판단관련주요경영사항              (마이랩(miLab)플랫폼 등 총 6종 제품 파나마 외 5개국 공급 및 독점 판매권 부여 계약 체결),20250320900193,노을,20250320,코
00403766,한국첨단소재,062970,K,정기주주총회결과              ,20250320900165,한국첨단소재,20250320,코
00885906,에이치와이티씨,148930,K,감사보고서제출              ,20250320900204,에이치와이티씨,20250320,코
00525934,LX세미콘,108320,Y,사외이사의선임ㆍ해임또는중도퇴임에관한신고,20250320000201,LX세미콘,20250320,
01770203,조선내화,462520,Y,사외이사의선임ㆍ해임또는중도퇴임에관한신고,20250320000199,조선내화,20250320,
00526696,웨이브일렉트로,095270,K,[기재정정]회계처리기준위반에따른임원의해임권고조치              ,20250320900187,웨이브일렉트로,20250320,코
00528791,제일엠앤에스,412540,K,기타경영사항(자율공시)              (감사보고서 제출 지연),20250320900192,제일엠앤에스,20250320,코
00571483,오이솔루션,138080,K,감사보고서제출              ,20250320900180,오이솔루션,20250320,코
00374738,위세아이텍,065370,K,사업보고서 (2024.12),20250320000191,위세아이텍,20250320,정연
00683469,일진전기,103590,Y,사외이사의선임ㆍ해임또는중도퇴임에관한신고,20250320000188,일진전기,20250320,
00663289,위월드,140660,N,주주총회집중일개최사유신고              ,20250320600190,위월드,20250320,넥
00450010,씨티알모빌리티,308170,Y,주요사항보고서(제3자의전환사채매수선택권행사),20250320000186,씨티알모빌리티,20250320,
00966168,디알젬,263690,K,사업보고서 (2024.12),20250320000185,디알젬,20250320,연
00525934,LX세미콘,108320,Y,정기주주총회결과              ,20250320800183,LX세미콘,20250320,유
01117246,EMB,278990,N,사업보고서 (2024.12),20250320000179,EMB,20250320,정연
00353610,이니텍,053350,K,사외이사의선임ㆍ해임또는중도퇴임에관한신고,20250320000178,이니텍,20250320,
00494546,오비고,352910,K,사업보고서 (2024.12),20250320000176,오비고,20250320,정연
00683469,일진전기,103590,Y,정기주주총회결과              ,20250320800181,일진전기,20250320,유
00409672,티비에이치글로벌,084870,Y,사업보고서 (2024.12),20250320000173,티비에이치글로벌,20250320,연
01456011,디어유,376300,K,정기주주총회결과              ,20250320900176,디어유,20250320,코
00353610,이니텍,053350,K,[기재정정]주주총회소집공고,20250320000169,이니텍,20250320,
00104856,삼성증권,016360,Y,투자설명서(일괄신고),20250320000168,삼성증권,20250320,
01770203,조선내화,462520,Y,[기재정정]정기주주총회결과              ,20250320800170,조선내화,20250320,유
00966168,디알젬,263690,K,감사보고서제출              ,20250320900151,디알젬,20250320,코
01237434,플리토,300080,K,사업보고서 (2024.12),20250320000159,플리토,20250320,연
00633835,HJ중공업,097230,Y,단일판매ㆍ공급계약체결              ,20250320800142,HJ중공업,20250320,유
00373571,스타코링크,060240,K,[기재정정]주요사항보고서(감자결정),20250320000154,스타코링크,20250320,
01237434,플리토,300080,K,감사보고서제출              ,20250320900149,플리토,20250320,코
00137368,신풍,002870,Y,사업보고서 (2024.12),20250320000149,신풍,20250320,정연
01770203,조선내화,462520,Y,정기주주총회결과              ,20250320800140,조선내화,20250320,유정
00587925,모아라이프플러스,142760,K,단일판매ㆍ공급계약체결              ,20250320900133,모아라이프플러스,20250320,코
00577335,대성하이텍,129920,K,[기재정정]주주총회소집결의              ,20250320900145,대성하이텍,20250320,코
01047451,셀바스헬스케어,208370,K,사업보고서 (2024.12),20250320000144,셀바스헬스케어,20250320,연
00913689,세경하이테크,148150,K,신탁계약에의한취득상황보고서,20250320000142,세경하이테크,20250320,
00148896,OCI홀딩스,010060,Y,유형자산취득결정(종속회사의주요경영사항)              ,20250320800154,OCI홀딩스,20250320,유정
00409672,티비에이치글로벌,084870,Y,감사보고서제출              ,20250320800135,티비에이치글로벌,20250320,유
00301112,삼화네트웍스,046390,K,사업보고서 (2024.12),20250320000129,삼화네트웍스,20250320,연
00104856,삼성증권,016360,Y,일괄신고추가서류(파생결합증권-주가연계증권),20250320000125,삼성증권,20250320,
00374738,위세아이텍,065370,K,감사보고서제출              ,20250320900132,위세아이텍,20250320,코
00123523,창해에탄올,004650,K,임원ㆍ주요주주특정증권등소유상황보고서,20250320000123,이연희,20250320,
00363246,우원개발,046940,K,감사보고서제출              ,20250320900131,우원개발,20250320,코
00308559,코디,080530,K,주식등의대량보유상황보고서(일반),20250320000115,지피클럽,20250320,
00145464,이구산업,025820,Y,[기재정정]사업보고서 (2024.12),20250320000112,이구산업,20250320,
00317104,라이온켐텍,171120,K,[기재정정]주식등의대량보유상황보고서(일반),20250320000110,박희원,20250320,
00140779,영보화학,014440,Y,정기주주총회결과              ,20250320800123,영보화학,20250320,유
01042650,큐리언트,115180,K,임원ㆍ주요주주특정증권등소유상황보고서,20250320000104,이병걸,20250320,
00159573,한국주철관공업,000970,Y,감사보고서제출              ,20250320800116,한국주철관공업,20250320,유
00269241,주연테크,044380,Y,감사보고서제출              ,20250320800115,주연테크,20250320,유
00137368,신풍,002870,Y,감사보고서제출              ,20250320800108,신풍,20250320,유
01159853,휴온스,243070,K,신탁계약에의한취득상황보고서,20250320000094,휴온스,20250320,
00157070,한국단자공업,025540,Y,[기재정정]사업보고서 (2024.12),20250320000091,한국단자공업,20250320,연
00155638,피에스텍,002230,K,주식소각결정              ,20250320900104,피에스텍,20250320,코
01365825,피에스케이,319660,K,임원ㆍ주요주주특정증권등소유상황보고서,20250320000076,성낙범,20250320,
01803927,에이유브랜즈,481070,K,[기재정정]투자설명서,20250320000062,에이유브랜즈,20250320,정
01803927,에이유브랜즈,481070,K,[기재정정]증권신고서(지분증권),20250320000060,에이유브랜즈,20250320,정
00488244,원일티엔아이,136150,K,감사보고서 (2024.12),20250320000047,삼화회계법인,20250320,
01018802,엔솔바이오사이언스,140610,N,임원ㆍ주요주주특정증권등소유상황보고서,20250320000046,형인우,20250320,
01018802,엔솔바이오사이언스,140610,N,주식등의대량보유상황보고서(약식),20250320000039,형인우,20250320,
01064069,토박스코리아,215480,K,사업보고서 (2024.12),20250320000037,토박스코리아,20250320,연
00614089,에이원큐브텍,234070,N,[기재정정]사업보고서 (2024.12),20250320000036,에이원큐브텍,20250320,
00126362,삼성SDI,006400,Y,임원ㆍ주요주주특정증권등소유상황보고서,20250320000014,최주선,20250320,
00398701,엘앤에프,066970,Y,타법인주식및출자증권취득결정(자율공시)              ,20250320800012,엘앤에프,20250320,유정
00162586,한올바이오파마,009420,Y,투자판단관련주요경영사항              ,20250320800005,한올바이오파마,20250320,유
01335930,티움바이오,321550,K,투자판단관련주요경영사항              (호흡기질환 치료제 개발 프로그램 NCE401 기술이전 계약해지 및 권리 반환),20250320900007,티움바이오,20250320,코
00159971,KC그린홀딩스,009440,Y,[기재정정]주요사항보고서(채권은행등의관리절차개시),20250320000003,KC그린홀딩스,20250320,정
00220109,알파AI,043100,K,[기재정정]사업보고서 (2023.12),20250320000005,알파AI,20250320,연
01267684,쿠쿠홈시스,284740,Y,사업보고서 (2024.12),20250320000004,쿠쿠홈시스,20250320,정연
01353024,TS트릴리온,317240,K,주요사항보고서(소송등의제기),20250320000001,TS트릴리온,20250320,
00220109,알파AI,043100,K,[기재정정]사업보고서 (2022.12),20250320000002,알파AI,20250320,연
