KOSPI_종가,KOSPI_등락률,KOSDAQ_종가,KOSDAQ_등락률,USD_KRW_환율
4220.56,2.1999999999999997,932.59,1.39999999999999,1441.3299560546875
