KOSPI_종가,KOSPI_등락률,KOSDAQ_종가,KOSDAQ_등락률,USD_KRW_환율
5093.54,-12.06,978.44,-14.000000000000002,1452.27001953125
