sector_id,sector_name,ticker,toss_code,name_ko,market_cap_usd,change_pct,close,analyst,signal
401,보안,CSCO,US19900216001,시스코 시스템즈,439389845850,-1.85,110.05,BUY,
401,보안,PANW,US20120720001,팰로 앨토 네트웍스,268824442171,13.1,373.96,BUY,
401,보안,CRWD,US20190611002,크라우드스트라이크 홀딩스,210399040889,13.91,235.49,BUY,기존주주 매각등록
401,보안,FTNT,US20091118001,포티넷,113813283661,9.0,170.12,HOLD,보안주 동반 강세
401,보안,NET,US20190912003,클라우드플레어,108484362555,7.77,330.36,BUY,
401,보안,MSI,US19910920001,모토로라,76676737221,1.71,474.13,BUY,공공안전 수주
401,보안,ZS,US20180315001,지스케일러,26665622828,16.52,191.73,BUY,
401,보안,VRSN,US19980130002,베리사인,26270735544,2.06,298.73,BUY,
401,보안,FFIV,US19990604001,F5,23171987638,-0.1,411.28,HOLD,
401,보안,GEN,US20191105002,젠 디지털,18002928230,3.8,31.41,BUY,
401,보안,RBRK,NYS0240424003,루브릭,17853529223,15.64,100.2,BUY,
401,보안,CHKP,US19960628001,체크 포인트 소프트웨어 테크놀로지스,13358670415,5.2,138.49,BUY,의견 하향
401,보안,ALLE,US20131203001,얼리젼,12960971044,1.33,155.39,BUY,
401,보안,SAIL,NAS0250213009,세일포인트,9782572527,15.31,19.88,BUY,AI 감속론 수혜
401,보안,S,US20210629019,센티넬원,6832105418,14.48,22.61,BUY,
401,보안,NTSK,NAS0250918007,넷스코프,5969660003,15.65,17.0,BUY,
401,보안,YOU,US20210629020,클리어 시큐어,5678420420,0.02,42.24,BUY,
401,보안,ADT,US20180118002,ADT,5119074880,0.43,7.08,HOLD,
401,보안,BCO,US19930101001,브링크스,4584324153,-2.41,109.28,,
401,보안,TENB,US20180725005,테너블 홀딩스,3296117485,16.54,35.09,HOLD,
401,보안,OSIS,US19971002001,OSI 시스템즈,3236949798,-2.18,199.83,BUY,
401,보안,REZI,US20181029002,레지디오 테크놀로지스,2884130497,1.67,19.43,BUY,
401,보안,NTCT,US19990812001,넷스카우트 시스템즈,2749664285,-1.76,37.38,BUY,
401,보안,ALRM,US20150625001,알람닷컴 홀딩스,2701083768,0.09,55.41,BUY,
401,보안,ATEN,US20140321001,A10 네트웍스,1785406859,3.52,25.61,BUY,
401,보안,NSSC,US19900326037,냅코 시큐리티 테크놀로지스,1289064609,-1.05,35.88,,
401,보안,VYX,US19811231001,NCR 보익스,1173308025,-3.39,8.26,BUY,
401,보안,RDWR,US19990930001,라드웨어,1166950823,5.73,29.5,BUY,
401,보안,EVLV,US20210719004,이볼브 테크놀로지스,891114002,4.24,5.16,BUY,
401,보안,RSKD,US20210728014,리스키파이드,809902774,3.28,6.29,BUY,
401,보안,MITK,US19950526001,마이텍 시스템즈,772275060,3.89,17.89,,
401,보안,RPD,US20150717002,래피드7,690668434,23.96,12.78,HOLD,
401,보안,OSPN,US20180604001,원스팬,617177278,3.98,17.52,,
401,보안,LAES,NAS0230524001,실SQ,526973020,-2.94,2.31,,상반기 매출 급증
401,보안,CIX,US19980306001,콤프엑스 인터내셔널,437123290,7.01,38.15,,
401,보안,BTQ,NAS0250926001,비티큐 테크놀로지스,413970506,0,2.83,BUY,
401,보안,MRAM,US20161007001,에버스핀 테크놀로지,392551732,-9.19,14.73,BUY,
401,보안,TLS,US20201119006,텔로스,293412393,8.61,4.29,BUY,
401,보안,JLHL,NAS0250626011,쥐룽 홀딩,129826638,-4.6,5.81,,
401,보안,DMRC,US20081017001,디지마크,111692235,1.0,5.05,,
401,보안,WRAP,US20201201004,랩 테크놀로지스,103152409,-1.79,1.65,,
401,보안,FATN,NAS0250408001,팻파이프,78777982,1.07,5.67,BUY,
401,보안,SSTI,US20170607001,사운드싱킹,73399099,4.1,5.84,HOLD,
401,보안,AISP,US20210510003,에어십 AI 홀딩스,66405839,-1.03,1.92,,
401,보안,SPCB,US20130918002,슈퍼컴,62172332,1.0,10.06,,
401,보안,INVE,US19971007002,아이덴티브,62147426,0.39,2.59,HOLD,
401,보안,CTM,US20221013001,카스텔럼,58491286,1.0,0.6271,,
401,보안,IDN,US20200203002,인텔리체크,52372611,-1.54,2.56,BUY,
401,보안,WKEY,US20191204004,와이즈키 인터내셔널 홀딩(ADR),50874025,-2.99,6.17,BUY,
401,보안,SNT,US20210930012,센스타 테크놀로지스,38262766,0.61,1.66,,
401,보안,FIEE,US20210707001,파이이,33567558,-2.78,3.85,,
401,보안,KSCP,US20220127003,나이트스코프,31807966,-0.74,1.34,,
401,보안,AWRE,US19960809001,어웨어,26449345,1.64,1.24,,
401,보안,INTZ,US20201009002,인트루전,20582254,4.69,0.8846,,
401,보안,SMX,NAS0230308004,SMX(시큐리티 매터스),18523463,-0.35,17.06,,
401,보안,IDAI,NAS0230323003,T 스탬프,17935826,-2.81,3.11,,
401,보안,ALAR,NAS0230125001,얼라럼 테크놀로지스(ADR),14023813,13.02,2.17,BUY,
401,보안,DETX,NAS2604022002,리버티 디펜스,12988969,1.74,2.34,,
401,보안,GFAI,NAS0230210004,가드포스 AI,11248372,-5.49,0.3407,,
401,보안,CYCU,US20220411006,사이큐리언,10690529,0.9,3.36,,
401,보안,CISO,US20220114005,시소 글로벌,10588122,6.07,0.2482,,
401,보안,MSAI,US20211116008,멀티센서 AI 홀딩스,10544553,1.66,4.89,,
401,보안,OBAI,NAS2602004001,아워 본드,9810823,-4.28,0.3152,BUY,
401,보안,VRME,US20200619003,베리파이미,8030274,3.49,0.6351,BUY,
401,보안,AUID,US20210824002,오스아이디,6708891,23.85,0.5,,
401,보안,CETX,NAS0230125004,셈트렉스,4156901,-2.88,2.36,,
401,보안,BKYI,US20170725002,바이오 키 인터내셔널,3784700,-0.75,2.63,,
401,보안,CSAI,NAS0250130006,클라우드어스트럭처,3500486,-1.48,4.0,,
401,보안,SUGP,NAS0240124005,SU 그룹 홀딩스,1036836,11.22,0.7228,,
301,교육출판,RELX,US20150706006,릴렉스(ADR),58653474747,5.68,35.72,BUY,
301,교육출판,PSO,US19960111001,피어슨(ADR),9383486548,2.68,16.11,,
301,교육출판,WLY,US20220401011,와일리 존 앤 선스 A,2377591880,2.98,48.43,,
301,교육출판,WLYB,US20220401012,와일리 존 앤 선스 B,2377591880,0.06,48.03,,
301,교육출판,MH,NYS0250723002,맥그로우 힐,2342570175,7.47,13.24,,
301,교육출판,SCHL,US19920303003,스콜라스틱,649834701,0.83,35.3,,
301,교육출판,EDUC,US19930304001,에듀케이셔널 디벨롭먼트,11099688,0,1.31,,
343,음원,SPOT,US20180402003,스포티파이,107401491235,5.81,556.31,BUY,
343,음원,WMG,US20200602002,워너 뮤직 그룹,14729443117,3.21,29.24,BUY,
343,음원,TME,US20181211008,텐센트 뮤직 엔터테인먼트(ADR),12483265029,1.63,8.11,BUY,
343,음원,LLYVA,NAS0230804007,리버티 라이브 A,8572263268,1.87,95.74,BUY,
343,음원,LLYVK,NAS0230804008,리버티 라이브 C,8572263268,1.54,98.86,,
343,음원,RSVR,US20210729010,레저브와 미디어,620561561,-1.37,9.34,,
343,음원,ANGH,US20220204002,앙가미,30407401,-2.37,3.29,,인수 제안가 상향
243,출판,NYT,US19730503005,뉴욕타임스,10720952159,5.17,70.34,BUY,
243,출판,GCI,US20150623002,USA TODAY CO INC,928075199,3.62,6.59,,
243,출판,DJCO,US19920225002,데일리 저널,906511657,2.58,678.98,,
243,출판,EBF,US19690120001,에니스,535571408,-0.09,21.28,,
243,출판,GETY,US20220725001,게티 이미지 홀딩스,107194093,-8.38,0.2382,SELL,
243,출판,SFHG,NAS0241015003,샘파인 크리에이션 홀딩스 그룹,9079364,-3.56,2.17,,
243,출판,CRE,NAS0250723003,크리에이트 엔터프라이즈,5524745,-0.72,2.74,,
39,교육,RELX,US20150706006,릴렉스(ADR),58653474747,5.68,35.72,BUY,
39,교육,EDU,US20060907001,뉴 오리엔탈 에듀케이션 앤 테크놀로지 그룹(ADR),9510492910,1.79,56.82,BUY,
39,교육,PSO,US19960111001,피어슨(ADR),9383486548,2.68,16.11,,
39,교육,DUOL,US20210727003,듀오링고,6681310503,5.19,151.14,HOLD,
39,교육,TAL,US20161201002,TAL 에듀케이션(ADR),6496258481,-1.35,11.65,BUY,
39,교육,LAUR,US20170201001,로리어트 에듀케이션,4946573583,-0.8,35.84,BUY,
39,교육,GHC,US20131129001,그레이엄 홀딩스,4792395924,2.55,1167.63,,
39,교육,CVSA,US20170524003,코비스타,4231983944,0.32,125.49,BUY,
39,교육,LOPE,US20081120001,그랜드 캐니언 에듀케이션,3917031458,1.51,153.48,BUY,
39,교육,LRN,US20071213002,스트라이드,3387152061,0.85,82.7,BUY,
39,교육,BFAM,US20130125001,브라이트 호라이즌스 패밀리 솔루션즈,3147842301,2.69,66.87,BUY,
39,교육,WLY,US20220401011,와일리 존 앤 선스 A,2377591880,2.98,48.43,,
39,교육,WLYB,US20220401012,와일리 존 앤 선스 B,2377591880,0.06,48.03,,
39,교육,MH,NYS0250723002,맥그로우 힐,2342570175,7.47,13.24,,
39,교육,PRDO,US20200102007,퍼도세오 에듀케이션,2053709972,0.15,33.07,BUY,사우스대 인수합의
39,교육,STRA,US19960725001,스트래티직 에듀케이션,1802424669,1.4,82.8,BUY,
39,교육,DAO,US20191024007,유다오(ADR),1732054635,0.83,14.53,BUY,
39,교육,COUR,US20210330010,코세라,1371762342,3.83,5.42,BUY,
39,교육,AFYA,US20190718001,아피야,1262540546,-1.37,13.7,HOLD,
39,교육,UTI,US20031217002,유니버설 테크니컬 인스티튜트,1112169176,0.1,20.33,BUY,
39,교육,PXED,NYS0251009002,피닉스 에듀케이션 파트너스,961619121,0.93,27.09,,
39,교육,APEI,US20071109001,아메리칸 퍼블릭 에듀케이션,817462232,-1.18,44.41,BUY,
39,교육,LINC,US20050623002,링컨 에듀케이셔널 서비시스,788837696,-0.12,24.99,BUY,
39,교육,SCHL,US19920303003,스콜라스틱,649834701,0.83,35.3,,
39,교육,GOTU,US20210506011,가오투 테크에듀(ADR),490610935,-1.9,2.06,BUY,
39,교육,KLC,NYS0241009002,킨더케어 러닝 컴퍼니스,279174687,0.42,2.38,HOLD,
39,교육,FC,US19920609001,프랭클린 커비,201602611,1.56,18.24,,
39,교육,LGCY,AMX0240926002,레거시 에듀케이션,127636078,1.77,10.33,,
39,교육,NRDY,US20210921008,너디,120105998,-2.22,9.25,BUY,
39,교육,HERE,NAS0230125005,히어 GP(ADR),102160917,-1.59,1.86,BUY,
39,교육,VIRC,US19920317012,버코 매뉴팩처링,97140412,-1.61,6.1,HOLD,
39,교육,CHGG,US20131113001,체그,81075092,3.85,0.763,HOLD,
39,교육,COE,US20160610002,51 토크 온라인 에듀케이션 그룹(ADR),63349429,12.16,11.9,,
39,교육,IH,US20201008005,아이휴먼(ADR),61215890,-1.67,1.18,,
39,교육,AACG,US20191017001,ATA 크리에티비티 글로벌(ADR),59799750,-0.2,0.877,,
39,교육,YQ,US20201203013,17 에듀케이션 앤 테크놀로지 그룹(ADR),40568796,1.86,3.83,,
39,교육,STG,US20180322006,선랜즈 테크놀로지 그룹(ADR),39401828,1.01,2.99,,
39,교육,SKIL,US20210614006,스킬소프트,39074483,13.66,4.91,,매각대금 불확실성
39,교육,RYET,NAS0250408003,루안윈 에듀AI 테크놀로지,26604023,6.2,0.7625,,
39,교육,GNS,US20220411008,지니어스 그룹,23217419,-1.56,0.158,,
39,교육,FEDU,US20171107006,포 시즌스 에듀케이션(ADR),22499127,-9.89,9.02,,
39,교육,JDZG,NAS0240515002,자더,18894513,5.14,3.68,,
39,교육,YXT,NAS0240816006,YXT닷컴 그룹 홀딩(ADR),15636617,-1.26,2.35,,
39,교육,EDTK,US20200722003,스킬풀 크래프츠맨 에듀케이션 테크놀로지,14812728,0.55,0.9251,,
39,교육,EDUC,US19930304001,에듀케이셔널 디벨롭먼트,11099688,0,1.31,,
39,교육,JZ,US20220826003,젠즈 에듀케이션 테크놀로지 그룹(ADR),10880761,-1.36,0.7495,,
39,교육,AMST,NAS0230222001,에임자이트,6737809,-2.91,1.0,,
39,교육,WAFU,US20190430002,와 푸 에듀케이션,6027584,0,1.37,,
39,교육,AMBO,US20180601004,엠보우 에듀케이션 홀딩(ADR),5941664,-1.44,2.06,,
39,교육,EEIQ,US20210325007,에픽퀘스트 에듀케이션 그룹 인터내셔널,5924472,3.59,3.75,,
39,교육,NAMI,NAS0241206002,진신 테크놀로지 홀딩(ADR),5752775,-1.64,1.8,,
39,교육,NTCL,NAS0241213009,넷클래스 테크놀로지,5069704,4.66,2.02,,
39,교육,BOXL,US20171130001,박스라잇,4154886,-2.64,5.54,,상장폐지 우려 완화
39,교육,KIDZ,US20220204003,클래스오버 홀딩스,2887093,-12.76,2.94,,
39,교육,GSUN,US20220622002,골든 선 헬스 테크놀로지 그룹,2242753,-2.18,0.2201,,
39,교육,FCHL,NAS0250904003,피트니스 챔프스 홀딩스,1225514,-1.59,0.9201,,
329,조선기자재,CIX,US19980306001,콤프엑스 인터내셔널,437123290,7.01,38.15,,
329,조선기자재,NL,US19881223001,NL 인더스트리스,340692486,0.14,7.02,,
361,게임플랫폼,NTES,US20000630002,넷이즈(ADR),73568524160,2.02,117.95,BUY,
361,게임플랫폼,TTWO,US19970414001,테이크 투 인터랙티브 소프트웨어,40043305328,3.47,222.94,BUY,
361,게임플랫폼,RBLX,US20210309012,로블록스,32306145078,12.73,51.29,HOLD,
361,게임플랫폼,FLUT,NYS0240129002,플러터 엔터테인먼트,17344809450,0.09,100.65,BUY,
361,게임플랫폼,GME,US20020211001,게임스탑,10605211085,2.22,21.62,,
361,게임플랫폼,SRAD,US20210913006,스포츠레이더 그룹,3846298856,2.25,13.2,BUY,
361,게임플랫폼,GENI,US20210421006,지니어스 스포츠,1881884348,-0.29,6.8,BUY,
361,게임플랫폼,PLTK,US20210114005,플레이티카 홀딩,875709979,3.03,2.38,HOLD,
361,게임플랫폼,CDRO,US20211201002,코데레 온라인 룩셈부르크,421198656,0.32,9.35,,
361,게임플랫폼,SOHU,US20000712001,써우후닷컴(ADR),354322716,-0.15,13.65,,
361,게임플랫폼,SKLZ,US20201217014,FIRY,164384170,3.52,10.3,BUY,
361,게임플랫폼,CTW,NAS0250801003,CTW 케이맨,145126716,-4.27,2.24,,
361,게임플랫폼,GCL,US20220420005,GCL 글로벌 홀딩스,77431624,-1.53,0.5993,,
361,게임플랫폼,GRSD,US20210721004,그랜드스탠드 리미티드,63181366,0,1.78,,
361,게임플랫폼,MYPS,US20210622004,플레이스튜디오스,58596515,2.59,0.5035,HOLD,
361,게임플랫폼,GAME,NAS0230411004,게임스퀘어 홀딩스,46758537,-2.17,3.6,,
361,게임플랫폼,GMHS,NAS0250127006,게임하우스 홀딩스,42989653,0.01,0.7547,,
361,게임플랫폼,BRAG,US20210827002,브래그 게이밍,40587029,1.49,1.36,,
361,게임플랫폼,TBH,NAS0250306011,하우스 오브 닷지,16117706,0.42,0.1918,,
361,게임플랫폼,GIGM,US20000218001,기가미디어,15049345,-3.65,1.32,,
361,게임플랫폼,GXAI,NAS0230215005,객소스 AI,7263988,-5.16,0.6451,,
123,게임,SONY,US20210401017,소니(ADR),138799566664,2.38,24.47,BUY,
123,게임,NTES,US20000630002,넷이즈(ADR),73568524160,2.02,117.95,BUY,
123,게임,SE,US20171019004,씨(ADR),64674056659,2.3,108.68,BUY,
123,게임,TTWO,US19970414001,테이크 투 인터랙티브 소프트웨어,40043305328,3.47,222.94,BUY,
123,게임,RBLX,US20210309012,로블록스,32306145078,12.73,51.29,HOLD,
123,게임,FLUT,NYS0240129002,플러터 엔터테인먼트,17344809450,0.09,100.65,BUY,
123,게임,LOGI,US19970327001,로지텍 인터내셔널,16411997326,-2.31,100.33,HOLD,
123,게임,GME,US20020211001,게임스탑,10605211085,2.22,21.62,,
123,게임,SRAD,US20210913006,스포츠레이더 그룹,3846298856,2.25,13.2,BUY,
123,게임,IGT,US19910131002,브라이트스타 로터리,1971747689,-1.02,10.69,BUY,
123,게임,GENI,US20210421006,지니어스 스포츠,1881884348,-0.29,6.8,BUY,
123,게임,ACEL,US20191121003,악셀 엔터테인먼트,936108181,-0.6,11.53,BUY,
123,게임,PLTK,US20210114005,플레이티카 홀딩,875709979,3.03,2.38,HOLD,
123,게임,FBYD,NAS0231006002,팰컨스 비욘드 글로벌,746023386,10.82,6.86,,
123,게임,DDI,US20210831004,더블다운 인터랙티브(ADR),624510845,-0.63,12.6,BUY,
123,게임,GRVY,US20050208001,그라비티(ADR),492370017,1.01,72.01,,
123,게임,CDRO,US20211201002,코데레 온라인 룩셈부르크,421198656,0.32,9.35,,
123,게임,SOHU,US20000712001,써우후닷컴(ADR),354322716,-0.15,13.65,,
123,게임,PLAY,US20141021001,데이브 앤 버스터스 엔터테인먼트,281455313,4.42,8.5,HOLD,실적 예상치 하회
123,게임,GDEV,US20210827004,G데브,198093048,4.64,11.49,BUY,
123,게임,MRDN,US20220317004,메리디언 홀딩스,172640678,3.43,14.18,,
123,게임,SKLZ,US20201217014,FIRY,164384170,3.52,10.3,BUY,
123,게임,CTW,NAS0250801003,CTW 케이맨,145126716,-4.27,2.24,,
123,게임,INSE,US20161228001,인스파이어드 엔터테인먼트,133608989,1.76,5.19,,
123,게임,NIPG,NAS0240726001,NIP 그룹(ADR),121540006,4.53,15.0,,
123,게임,GCL,US20220420005,GCL 글로벌 홀딩스,77431624,-1.53,0.5993,,
123,게임,ROLR,AMX0241023001,하이 롤러 테크놀로지스,67417167,3.41,6.36,BUY,
123,게임,GRSD,US20210721004,그랜드스탠드 리미티드,63181366,0,1.78,,
123,게임,MYPS,US20210622004,플레이스튜디오스,58596515,2.59,0.5035,HOLD,
123,게임,GAME,NAS0230411004,게임스퀘어 홀딩스,46758537,-2.17,3.6,,
123,게임,GMHS,NAS0250127006,게임하우스 홀딩스,42989653,0.01,0.7547,,
123,게임,BRAG,US20210827002,브래그 게이밍,40587029,1.49,1.36,,
123,게임,SNAL,NAS0221110006,스네일,22965269,1.55,2.62,,
123,게임,MSGM,NAS0221110004,모터스포츠 게임스,22667448,-9.66,4.49,,
123,게임,AIFA,NAS0221201001,올 인 퓨처테크 얼라이언스,19781764,0.32,3.11,,
123,게임,TBH,NAS0250306011,하우스 오브 닷지,16117706,0.42,0.1918,,
123,게임,GIGM,US20000218001,기가미디어,15049345,-3.65,1.32,,
123,게임,SEGG,NAS0230615003,로터리닷컴,11533088,-2.25,3.48,BUY,
123,게임,PLAG,US20181001007,플래닛 그린 홀딩스,10114413,-4.01,0.6863,,
123,게임,GXAI,NAS0230215005,객소스 AI,7263988,-5.16,0.6451,,
123,게임,VS,US20210115011,벌서스 시스템스,6977534,-8.85,1.03,,
123,게임,DKI,NAS0250808003,다크아이리스,5545599,-4.89,2.53,,
123,게임,RIME,US20220524002,알고리듬 홀딩스,4064618,-0.58,0.2393,,
127,담배,PM,US20080331002,필립 모리스 인터내셔널,295975056793,1.99,194.86,BUY,
127,담배,BTI,US20170725006,브리티쉬 아메리칸 토바코(ADR),118563378020,3.71,57.29,BUY,
127,담배,MO,US19850702002,알트리아 그룹,114477460023,2.36,70.61,HOLD,
127,담배,RLX,US20210120007,RLX 테크놀로지(ADR),2150214848,-1.13,1.75,BUY,
127,담배,TPB,US20160511005,터닝 포인트 브랜즈,1424966737,0.92,72.17,BUY,
127,담배,UVV,US19880104001,유니버설,1118097140,-0.13,45.12,,
127,담배,ISPR,NAS0230404001,아이스파이어 테크놀로지,85004225,-1.34,1.47,BUY,
127,담배,GNLN,US20190417011,그린레인 홀딩스,2057135,-6.71,2.78,,
127,담배,XXII,US20210816009,22ND 센추리 그룹,1412194,-7.04,1.85,,
613,대마초,TRLV,NYS2606010002,트루리브 캐너비스,2164649386,2.74,11.62,BUY,
613,대마초,CRON,US20180227002,크로노스 그룹,1150175710,2.87,3.23,,
613,대마초,TLRY,US20180718006,틸레이 브랜즈,549706867,2.49,4.12,HOLD,전환채 부채 축소
613,대마초,CGC,US20201116001,캐노피 그로스,390061894,0.82,0.9353,HOLD,
613,대마초,VFF,US20190221001,빌리지 팜스 인터내셔널,350039620,-1.74,2.83,,
613,대마초,SNDL,US20190731003,SNDL,330695618,1.49,1.36,,
613,대마초,ACB,US20210525001,오로라 캐너비스,241030271,1.87,3.81,BUY,저평가 인수 거부
613,대마초,HITI,US20210602002,하이 타이드,223540633,4.35,2.64,BUY,3분기 실적 호조
613,대마초,OGI,US20190521002,오개니그램 홀딩스,147155109,1.9,1.07,,
613,대마초,ISPR,NAS0230404001,아이스파이어 테크놀로지,85004225,-1.34,1.47,BUY,
613,대마초,FLGC,US20210330004,제로스택 코퍼레이션,84135218,2.27,4.95,,
613,대마초,INCR,US20210901002,인터큐어,60751605,3.1,5.32,,
613,대마초,AGFY,US20210125001,RYTHM INC,46890791,-0.28,21.59,,
613,대마초,YCBD,US20190501008,CBDMD,5370166,-1.06,0.4771,HOLD,
613,대마초,GNLN,US20190417011,그린레인 홀딩스,2057135,-6.71,2.78,,
613,대마초,AKAN,NAS0230309002,어칸다,1650269,-9.12,2.79,,
613,대마초,XXII,US20210816009,22ND 센추리 그룹,1412194,-7.04,1.85,,
613,대마초,IMCC,NAS0221117002,IM 캐너비스,1076476,-0.57,1.74,,
561,자동차유통,CVNA,US20170425003,카바나,75644552192,2.47,70.87,BUY,
561,자동차유통,CPRT,US19940317001,코파트,27559181305,5.94,31.73,BUY,ACV 인수 합의
561,자동차유통,PAG,US19961023001,펜스케 오토모티브 그룹,14090926864,0.57,217.15,HOLD,
561,자동차유통,KMX,US19970204002,카맥스,8648990557,0.6,61.69,HOLD,
561,자동차유통,LAD,US19961218002,리시아 모터스,7822462004,0.63,360.27,BUY,
561,자동차유통,AN,US19510409001,오토네이션,6692485256,0.94,205.59,BUY,
561,자동차유통,RUSHA,US20020710001,러시 엔터프라이지스 A,5643937557,0.62,48.61,BUY,
561,자동차유통,RUSHB,US20020710002,러시 엔터프라이지스 B,5643937557,5.73,52.74,,
561,자동차유통,GHC,US20131129001,그레이엄 홀딩스,4792395924,2.55,1167.63,,
561,자동차유통,KAR,US20091211003,오픈레인,4305909175,0.57,35.48,BUY,
561,자동차유통,ABG,US20020313001,애즈버리 오토모티브 그룹,3720178800,0.2,208.91,HOLD,
561,자동차유통,GPI,US19971030001,그룹 원 오토모티브,3297392337,2.06,284.01,BUY,
561,자동차유통,CARG,US20171011001,카구루스,3047679415,1.51,34.94,BUY,
561,자동차유통,SAH,US19971111001,소닉 오토모티브,2384949374,0.51,76.29,BUY,
561,자동차유통,ACVA,US20210323001,ACV 옥션스,1757103368,0,10.41,BUY,코파트 인수 합의
561,자동차유통,DSC,NAS2606025005,DSC 홀딩스(ADR),393666176,-4.05,7.59,BUY,
561,자동차유통,UXIN,US20180626004,우신(ADR),255434476,0,1.15,,
561,자동차유통,RDNW,US20171019003,라이드나우 그룹,218294794,-0.18,5.62,,
561,자동차유통,PAL,NAS0240509004,프로피션트 오토 로지스틱스,135228048,2.27,4.96,,
561,자동차유통,AZI,NAS0240828001,오토지 인터넷 테크놀로지,82432464,-2.4,1.22,,
561,자동차유통,CANG,US20180725007,캉고(ADR),74612998,1.09,1.85,,
561,자동차유통,JZXN,US20210518004,지우지 홀딩스,58878884,-5.22,1.09,,
561,자동차유통,VRM,NAS0250220005,브룸,52232870,6.27,10.67,,
561,자동차유통,CRMT,US19931109001,아메리카스 카 마트,15746618,-6.84,1.77,BUY,디폴트 유예 연장
561,자동차유통,UCAR,NAS0230418001,유 파워,8767711,-19.92,3.98,,
561,자동차유통,CTNT,NAS0230731001,치타 넷 서플라이 서비스,3642573,-86.95,0.1514,,
561,자동차유통,KXIN,US20190502001,카이신 홀딩스,1631488,-0.95,1.04,,
545,동영상플랫폼,GOOG,US20040819001,알파벳 C,4116289185873,3.07,345.74,BUY,AI 둔화 우려
545,동영상플랫폼,GOOGL,US20040819002,알파벳 A,4116289185873,3.24,349.48,BUY,AI 둔화 우려
545,동영상플랫폼,NFLX,US20020523001,넷플릭스,320326089839,3.79,80.33,BUY,
545,동영상플랫폼,BABA,US20140915003,알리바바(ADR),270024052518,-0.06,109.23,BUY,
545,동영상플랫폼,DIS,US19620102001,디즈니,182858002470,1.91,108.59,BUY,비용 절감 강화
545,동영상플랫폼,WBD,US20220404010,워너 브로스 디스커버리,69971362018,0.29,28.12,HOLD,거래 성사 전망
545,동영상플랫폼,BIDU,US20050805002,바이두(ADR),31040733831,0.55,91.9,BUY,소각용 자사주 매입
545,동영상플랫폼,ROKU,US20170927003,로쿠,22868621823,1.63,157.45,HOLD,
545,동영상플랫폼,PSKY,NAS0250807004,파라마운트 스카이댄스 코퍼레이션,11820195424,2.45,10.86,HOLD,시장수익률상회 의견
545,동영상플랫폼,BILI,US20180327001,빌리빌리(ADR),6466791371,1.29,15.74,BUY,
545,동영상플랫폼,YY,US20121121001,조이(ADR),3868789718,-0.19,77.11,BUY,
545,동영상플랫폼,SRAD,US20210913006,스포츠레이더 그룹,3846298856,2.25,13.2,BUY,
545,동영상플랫폼,ADEA,US20221003001,아디아,2927643280,-7.64,24.67,,
545,동영상플랫폼,RUM,US20210412003,럼블,2850668904,11.44,7.99,BUY,
545,동영상플랫폼,PTON,US20190925012,펠로톤,2159184720,-0.2,4.94,HOLD,
545,동영상플랫폼,IQ,US20180328003,아이치이(ADR),913492013,4.47,0.995,BUY,
545,동영상플랫폼,HUYA,US20180510001,후야(ADR),465919050,2.45,2.09,BUY,
545,동영상플랫폼,DOYU,US20190716001,도유 인터내셔널 홀딩스(ADR),140976782,1.06,4.75,HOLD,
545,동영상플랫폼,CAST,NAS2603010003,프리캐스트,66680702,-4.96,1.34,,
545,동영상플랫폼,LVO,US20211006004,라이브원,54308695,-3.27,3.85,,
545,동영상플랫폼,CNVS,NAS0230609001,시네버스,52214811,0.45,2.22,,
545,동영상플랫폼,GAIA,US19991029002,가이아,34115772,-8.89,1.23,,
545,동영상플랫폼,SJ,US20200511002,사이언조이 홀딩,29542909,3.99,0.7279,,
545,동영상플랫폼,FENG,US20110512004,피닉스 뉴 미디어(ADR),17787063,-0.67,1.48,,
137,엔터테인먼트,GOOG,US20040819001,알파벳 C,4116289185873,3.07,345.74,BUY,AI 둔화 우려
137,엔터테인먼트,GOOGL,US20040819002,알파벳 A,4116289185873,3.24,349.48,BUY,AI 둔화 우려
137,엔터테인먼트,NFLX,US20020523001,넷플릭스,320326089839,3.79,80.33,BUY,
137,엔터테인먼트,BABA,US20140915003,알리바바(ADR),270024052518,-0.06,109.23,BUY,
137,엔터테인먼트,DIS,US19620102001,디즈니,182858002470,1.91,108.59,BUY,비용 절감 강화
137,엔터테인먼트,SONY,US20210401017,소니(ADR),138799566664,2.38,24.47,BUY,
137,엔터테인먼트,SPOT,US20180402003,스포티파이,107401491235,5.81,556.31,BUY,
137,엔터테인먼트,CMCSA,US19880707001,컴캐스트,88881011321,-1.23,24.89,HOLD,
137,엔터테인먼트,WBD,US20220404010,워너 브로스 디스커버리,69971362018,0.29,28.12,HOLD,거래 성사 전망
137,엔터테인먼트,LYV,US20051214001,라이브 네이션 엔터테인먼트,39396651509,0.79,171.49,BUY,
137,엔터테인먼트,TKO,US19991019005,TKO 그룹 홀딩스,35800546430,1.79,193.72,BUY,
137,엔터테인먼트,BIDU,US20050805002,바이두(ADR),31040733831,0.55,91.9,BUY,소각용 자사주 매입
137,엔터테인먼트,FOX,US20130702002,폭스 B,25915185151,4.6,61.14,,
137,엔터테인먼트,FOXA,US20130702003,폭스 A,25915185151,3.93,68.53,BUY,
137,엔터테인먼트,FWONA,US20170125001,리버티 포뮬러 원 A,23388924094,0.57,87.53,BUY,
137,엔터테인먼트,FWONK,US20170125002,리버티 포뮬러 원 C,23388924094,-0.2,95.4,BUY,
137,엔터테인먼트,ROKU,US20170927003,로쿠,22868621823,1.63,157.45,HOLD,
137,엔터테인먼트,OMC,US19900627001,옴니콤 그룹,21544060731,2.61,81.07,BUY,
137,엔터테인먼트,CHTR,US19991108001,차터 커뮤니케이션스,16763462730,-1.63,143.39,HOLD,모건스탠리 의견재개
137,엔터테인먼트,NWS,US20130619002,뉴스 코퍼레이션 B,16418378719,3.58,33.88,,자사주 매입 지속
137,엔터테인먼트,NWSA,US20130619003,뉴스 코퍼레이션 A,16418378719,3.77,30.55,BUY,자사주 매입 지속
137,엔터테인먼트,RCI,US19960207001,로저스 커뮤니케이션스,15442237781,1.22,36.65,HOLD,매수의견 상향
137,엔터테인먼트,LAMR,US19960802001,라마 애드버타이징,15046825449,0.49,149.81,HOLD,
137,엔터테인먼트,WMG,US20200602002,워너 뮤직 그룹,14729443117,3.21,29.24,BUY,
137,엔터테인먼트,HAS,US19841218001,해즈브로,12832577171,-0.85,90.76,BUY,
137,엔터테인먼트,TME,US20181211008,텐센트 뮤직 엔터테인먼트(ADR),12483265029,1.63,8.11,BUY,
137,엔터테인먼트,PSKY,NAS0250807004,파라마운트 스카이댄스 코퍼레이션,11820195424,2.45,10.86,HOLD,시장수익률상회 의견
137,엔터테인먼트,NYT,US19730503005,뉴욕타임스,10720952159,5.17,70.34,BUY,
137,엔터테인먼트,SIRI,US19940913001,시리우스 XM 홀딩스,9765659484,0.72,29.36,HOLD,
137,엔터테인먼트,MSGS,US20200420002,매디슨 스퀘어 가든 스포츠,9383523668,1.08,396.3,BUY,
137,엔터테인먼트,LLYVA,NAS0230804007,리버티 라이브 A,8572263268,1.87,95.74,BUY,
137,엔터테인먼트,LLYVK,NAS0230804008,리버티 라이브 C,8572263268,1.54,98.86,,
137,엔터테인먼트,TTD,US20160921009,트레이드 데스크,6697044940,4.46,14.98,HOLD,
137,엔터테인먼트,BILI,US20180327001,빌리빌리(ADR),6466791371,1.29,15.74,BUY,
137,엔터테인먼트,WPP,US20171128003,WPP(ADR),5354727176,4.29,26.04,HOLD,
137,엔터테인먼트,NXST,US20031124001,넥스타 미디어 그룹,5177495775,0.85,170.52,BUY,
137,엔터테인먼트,SPHR,US20200420001,스피어 엔터테인먼트,5122215542,2.72,147.4,BUY,
137,엔터테인먼트,GHC,US20131129001,그레이엄 홀딩스,4792395924,2.55,1167.63,,
137,엔터테인먼트,MAT,US19680603001,마텔,4046510464,0.21,14.04,BUY,
137,엔터테인먼트,CNK,US20070424001,시네마크 홀딩스,4041423508,-0.71,34.83,BUY,
137,엔터테인먼트,YY,US20121121001,조이(ADR),3868789718,-0.19,77.11,BUY,
137,엔터테인먼트,SRAD,US20210913006,스포츠레이더 그룹,3846298856,2.25,13.2,BUY,
137,엔터테인먼트,MSGE,NYS0230421002,매디슨 스퀘어 가든 엔터테인먼트,3723286542,1.52,80.39,BUY,
137,엔터테인먼트,ASST,NAS0230202001,스트라이브,3597094457,5.14,29.04,,
137,엔터테인먼트,LION,NAS0240514003,라이언스게이트 스튜디오스,3333073737,3.19,11.63,BUY,
137,엔터테인먼트,BATRA,NAS0230719001,애틀랜타 브레이브스 홀딩스 A,3120185169,2.14,55.26,BUY,매각 절차 촉구
137,엔터테인먼트,BATRK,NAS0230719002,애틀랜타 브레이브스 홀딩스 C,3120185169,2.25,49.94,HOLD,매각 절차 촉구
137,엔터테인먼트,ADEA,US20221003001,아디아,2927643280,-7.64,24.67,,
137,엔터테인먼트,RUM,US20210412003,럼블,2850668904,11.44,7.99,BUY,
137,엔터테인먼트,IMAX,US19940610001,아이맥스,2839327358,2.57,53.43,BUY,
137,엔터테인먼트,STUB,NYS0250917002,스텁허브,2289970394,1.0,6.09,BUY,
137,엔터테인먼트,AMC,US20131218003,AMC 엔터테인먼트 홀딩스,2182434250,1.63,2.5,HOLD,
137,엔터테인먼트,PTON,US20190925012,펠로톤,2159184720,-0.2,4.94,HOLD,
137,엔터테인먼트,STGW,US20210803010,스태그웰,2089684059,2.21,8.79,,
137,엔터테인먼트,DV,US20210420008,더블베리파이 홀딩스,2065725598,0.82,13.52,HOLD,
137,엔터테인먼트,CMPR,US20141118001,심프레스,2051534031,-0.77,84.12,,
137,엔터테인먼트,INOD,US19930810002,이노데이터,1818358623,3.66,55.16,BUY,
137,엔터테인먼트,DAO,US20191024007,유다오(ADR),1732054635,0.83,14.53,BUY,
137,엔터테인먼트,NMAX,NYS0250331001,뉴스맥스,1462180042,0.09,11.4,,
137,엔터테인먼트,WBTN,NAS0240627002,웹툰 엔터테인먼트,1454055415,3.71,11.18,,
137,엔터테인먼트,PRSU,US19780306001,펄수 어트랙션즈 앤 호스피탤리티,1315613129,2.72,49.87,BUY,맥쿼리 의견 개시
137,엔터테인먼트,TV,US19931214003,그루포 텔레비사(ADR),1263037766,-0.42,2.37,,
137,엔터테인먼트,FUBO,US20201008004,푸보티비,1251371101,2.95,11.87,BUY,
137,엔터테인먼트,CCO,US20051111001,클리어 채널 아웃도어 홀딩스,1204264061,0,2.38,HOLD,
137,엔터테인먼트,QNST,US20100211001,퀸스트리트,1042857945,0.44,18.46,BUY,
137,엔터테인먼트,SBGI,US19950607001,싱클레어,999098921,3.45,14.38,,
137,엔터테인먼트,IBTA,NYS0240417002,아이보타,947392644,3.06,42.4,,
137,엔터테인먼트,GCI,US20150623002,USA TODAY CO INC,928075199,3.62,6.59,,
137,엔터테인먼트,IQ,US20180328003,아이치이(ADR),913492013,4.47,0.995,BUY,
137,엔터테인먼트,DJCO,US19920225002,데일리 저널,906511657,2.58,678.98,,
137,엔터테인먼트,MNTN,NYS0250522002,마운틴,879531967,1.1,11.96,,
137,엔터테인먼트,CRTO,US20131030001,크리테오,849313148,-0.69,17.32,BUY,
137,엔터테인먼트,MCS,US19931214001,마커스,831688512,1.81,27.63,BUY,
137,엔터테인먼트,DSP,US20210209003,바이언트 테크놀로지,831160415,2.62,12.91,,
137,엔터테인먼트,EVC,US20000801002,엔트라비전 커뮤니케이션스,789762927,-3.37,8.32,,
137,엔터테인먼트,PUBM,US20201207004,퍼브매틱,746545945,0.55,16.58,BUY,
137,엔터테인먼트,FBYD,NAS0231006002,팰컨스 비욘드 글로벌,746023386,10.82,6.86,,
137,엔터테인먼트,TRON,NAS0230815007,트론,730814037,-0.65,1.54,,
137,엔터테인먼트,RSVR,US20210729010,레저브와 미디어,620561561,-1.37,9.34,,
137,엔터테인먼트,MATW,US19940720001,매튜스 인터내셔널,620461498,-0.3,19.94,BUY,
137,엔터테인먼트,EBF,US19690120001,에니스,535571408,-0.09,21.28,,
137,엔터테인먼트,NEXN,US20210618003,넥슨 인터내셔널,518497942,2.07,9.35,BUY,
137,엔터테인먼트,QUAD,US20100706001,쿼드 그래픽스,516593653,1.19,10.22,BUY,
137,엔터테인먼트,GTN,US19960924001,그레이 텔레비전,505849134,1.44,4.92,,
137,엔터테인먼트,GTN.A,US19960924002,그레이 텔레비전 A,505849134,0.52,5.84,,
137,엔터테인먼트,AMCX,US20110616001,AMC 네트웍스,498954734,0.74,12.26,,
137,엔터테인먼트,HUYA,US20180510001,후야(ADR),465919050,2.45,2.09,BUY,
137,엔터테인먼트,BUUU,NAS0250814001,BUUU 그룹,458353875,1.01,39.9,,
137,엔터테인먼트,STRZ,NAS0250507004,스타즈 엔터테인먼트,440304280,9.24,28.26,BUY,매수의견 개시
137,엔터테인먼트,ADV,US20201029001,어드밴티지 솔루션스,424634697,0.51,33.49,,
137,엔터테인먼트,IHRT,US20190718003,아이허트미디어,415385424,0.74,2.72,,
137,엔터테인먼트,BOC,US20220222002,보스턴 오마하,384649138,1.03,13.71,,자사주 매입 승인
137,엔터테인먼트,PERI,US20060131002,페리언 네트워크,359244314,-1.2,9.08,BUY,
137,엔터테인먼트,SOHU,US20000712001,써우후닷컴(ADR),354322716,-0.15,13.65,,
137,엔터테인먼트,AENT,NAS0230630001,얼라이언스 엔터테인먼트 홀딩,325295930,-6.85,5.98,BUY,실적 예상치 상회
137,엔터테인먼트,FNKO,US20171101003,펀코,304927635,-0.37,5.45,BUY,
137,엔터테인먼트,SSP,US20180604002,EW 스크립스,291050560,-0.32,3.15,HOLD,
137,엔터테인먼트,JAKK,US19960502001,잭스 퍼시픽,274941200,0.54,24.3,,
137,엔터테인먼트,NCMI,US20070208002,내셔널 시네미디어,226264008,0.41,2.43,,
137,엔터테인먼트,FORR,US19961127002,포레스터 리서치,222345796,2.13,12.0,HOLD,
137,엔터테인먼트,LEE,US20210419004,리 엔터프라이지스,170381780,-2.34,7.51,,
137,엔터테인먼트,CURI,US20201015003,큐리어시티스트림,156877863,5.26,2.8,,
137,엔터테인먼트,XHLD,NAS0250213012,TEN 홀딩스,149194476,-29.05,8.89,,
137,엔터테인먼트,DOYU,US20190716001,도유 인터내셔널 홀딩스(ADR),140976782,1.06,4.75,HOLD,
137,엔터테인먼트,PLBY,US20210211005,플레이보이,135748944,1.75,1.16,,
137,엔터테인먼트,GOAI,NAS0260128003,에바 라이브,111699081,-3.2,2.72,,
137,엔터테인먼트,GETY,US20220725001,게티 이미지 홀딩스,107194093,-8.38,0.2382,SELL,
137,엔터테인먼트,FLNT,US20180416001,플루언트,97071079,10.03,3.4,BUY,
137,엔터테인먼트,MDIA,US20200117001,미디아코 홀딩,96034373,-1.74,1.13,,
137,엔터테인먼트,VBIX,NAS0250605004,퀀텀 X 랩스,95177931,-3.15,4.3,,
137,엔터테인먼트,TSQ,US20140724007,타운스퀘어 미디어,94589545,-0.57,5.19,,
137,엔터테인먼트,AMBR,NAS0221114001,앰버 인터내셔널 홀딩(ADR),93418457,3.7,1.12,,
137,엔터테인먼트,BZFD,US20211206001,버즈피드,89453374,0.93,1.09,,
137,엔터테인먼트,GCL,US20220420005,GCL 글로벌 홀딩스,77431624,-1.53,0.5993,,
137,엔터테인먼트,SCOR,US20180601003,컴스코어,74855569,2.82,5.1,,
137,엔터테인먼트,RDI,US19920317008,레딩 인터내셔널,74173826,-2.3,2.12,,
137,엔터테인먼트,RDIB,US20040505003,레딩 인터내셔널 B,74173826,8.23,18.42,,
137,엔터테인먼트,PODC,NAS0230908006,팟캐스트원,73667696,-2.86,2.38,,
137,엔터테인먼트,CAST,NAS2603010003,프리캐스트,66680702,-4.96,1.34,,
137,엔터테인먼트,MCHX,US20040331002,마첵스 B,60152626,-8.82,1.24,,
137,엔터테인먼트,SGA,US20180816001,사가 커뮤니케이션스,57694896,-1.2,9.02,HOLD,
137,엔터테인먼트,LVO,US20211006004,라이브원,54308695,-3.27,3.85,,
137,엔터테인먼트,CNVS,NAS0230609001,시네버스,52214811,0.45,2.22,,
137,엔터테인먼트,TC,US20181120001,토큰 캣(ADR),51191317,-0.51,1.94,,
137,엔터테인먼트,IZEA,US20160226002,아이지아 월드와이드,50026522,-3.81,2.78,,
137,엔터테인먼트,ABLV,US20220912003,에이블 뷰 글로벌,48500052,-0.81,0.98,,
137,엔터테인먼트,DSWL,US19950719001,데스웰 인더스트리,47523363,1.33,3.05,,
137,엔터테인먼트,GAME,NAS0230411004,게임스퀘어 홀딩스,46758537,-2.17,3.6,,
137,엔터테인먼트,TEAD,US20210723005,TEADS HOLDING CO,45692958,1.83,0.4774,HOLD,
137,엔터테인먼트,AHMA,NAS0251021001,앰비션스 엔터프라이즈 매니지먼트,44020508,-6.04,1.4,,
137,엔터테인먼트,TGE,NYS0250605002,더 제너레이션 에센셜스 그룹,42867674,-0.11,0.889,,
137,엔터테인먼트,SLMT,NAS0230127009,브레라 홀딩스,38844966,0.56,3.57,,
137,엔터테인먼트,CREX,NAS0230327003,크리에이티브 리얼리티스,38046874,-0.71,2.81,BUY,
137,엔터테인먼트,TOON,US20161121001,카툰 스튜디오스,37466109,-4.29,0.58,,
137,엔터테인먼트,GAIA,US19991029002,가이아,34115772,-8.89,1.23,,
137,엔터테인먼트,HHS,US20211201007,하트 행크스,31117133,2.14,4.29,,
137,엔터테인먼트,ANGH,US20220204002,앙가미,30407401,-2.37,3.29,,인수 제안가 상향
137,엔터테인먼트,SJ,US20200511002,사이언조이 홀딩,29542909,3.99,0.7279,,
137,엔터테인먼트,BBGI,US20000211001,비슬리 브로드캐스트 그룹,29371400,14.92,18.33,BUY,
137,엔터테인먼트,EDHL,NAS0250417003,에버브라이트 디지털 홀딩스,26179577,-1.13,4.37,,
137,엔터테인먼트,NOMA,NAS0251031005,노마다 코프,22026148,-2.07,1.42,,
137,엔터테인먼트,GMM,NAS0231010003,글로벌 모페이 AI,20296394,-5.66,2.0,,
137,엔터테인먼트,ACCS,US20140311005,액세스 뉴스와이어,19780771,-7.31,4.82,,
137,엔터테인먼트,UONE,US20170508001,어반 원,19151548,-0.65,4.6,,
137,엔터테인먼트,UONEK,US20170508002,어반 원 D,19151548,1.49,4.09,,
137,엔터테인먼트,WIMI,US20190725001,와이마이 홀로그램 클라우드,18821276,2.91,1.06,,
137,엔터테인먼트,FENG,US20110512004,피닉스 뉴 미디어(ADR),17787063,-0.67,1.48,,
137,엔터테인먼트,TULP,US19910625001,블루미아 홀딩스,16143521,1.18,3.44,,
137,엔터테인먼트,DLPN,US20171221001,돌핀 엔터테인먼트,14305574,-0.91,1.09,,
137,엔터테인먼트,AEHL,US20201015001,안텔로페 엔터프라이즈 홀딩스,11402356,-21.64,6.12,,전환어음 부담
137,엔터테인먼트,LZMH,NAS0250227004,LZ 테크놀로지 홀딩스,11244010,-6.35,1.18,,
137,엔터테인먼트,KNRX,AMX0250929007,노렉스,10643715,-3.41,0.34,,
137,엔터테인먼트,INUV,US19980804001,이누보,10134333,-0.55,0.6152,BUY,
137,엔터테인먼트,PLAG,US20181001007,플래닛 그린 홀딩스,10114413,-4.01,0.6863,,
137,엔터테인먼트,BAOS,NAS0230322001,바오셩 미디어 그룹 홀딩스,9606586,-12.75,0.2628,,
137,엔터테인먼트,SFHG,NAS0241015003,샘파인 크리에이션 홀딩스 그룹,9079364,-3.56,2.17,,
137,엔터테인먼트,ZNB,US20221101001,제타 네트워크 그룹,6142153,0,1.41,,
137,엔터테인먼트,MITQ,US20210624013,무빙 이미지 테크놀로지스,5928316,6.67,0.64,,
137,엔터테인먼트,KRKR,US20191106002,36KR 홀딩스(ADR),5816982,0.96,3.17,,
137,엔터테인먼트,GDC,NAS0230110006,GD 컬처 그룹,5709265,-2.17,1.35,,
137,엔터테인먼트,AUUD,US20210217004,오디아,5663888,2.85,1.01,,
137,엔터테인먼트,CRE,NAS0250723003,크리에이트 엔터프라이즈,5524745,-0.72,2.74,,
137,엔터테인먼트,STFS,NAS0241011007,스타 패션 컬처 홀딩스,4686696,-5.57,3.73,,
137,엔터테인먼트,YDKG,NAS0221212001,위에다 디지털 홀딩스,4569306,0.06,0.83,,
137,엔터테인먼트,ABTS,US20161115003,아비츠 그룹,4528725,1.42,1.43,,
137,엔터테인먼트,CNET,NAS0230120002,ZW 데이터 액션 테크놀로지스,4476300,6.56,1.3,,
137,엔터테인먼트,LCFY,NAS0221208002,로커파이,4005339,8.93,2.44,,
137,엔터테인먼트,CHR,US20200219002,치어 홀딩스,2971426,0.62,1.63,,
137,엔터테인먼트,VSME,NAS0230928004,VS 미디어 홀딩스,2955521,24.53,1.32,,
137,엔터테인먼트,YHC,NAS0230810001,LQR 하우스,1820762,-1.43,1.38,,
137,엔터테인먼트,DRCT,US20220128004,다이렉트 디지털 홀딩스,1364303,7.02,1.83,BUY,
193,광고,OMC,US19900627001,옴니콤 그룹,21544060731,2.61,81.07,BUY,
193,광고,LAMR,US19960802001,라마 애드버타이징,15046825449,0.49,149.81,HOLD,
193,광고,NYT,US19730503005,뉴욕타임스,10720952159,5.17,70.34,BUY,
193,광고,TTD,US20160921009,트레이드 데스크,6697044940,4.46,14.98,HOLD,
193,광고,WPP,US20171128003,WPP(ADR),5354727176,4.29,26.04,HOLD,
193,광고,ASST,NAS0230202001,스트라이브,3597094457,5.14,29.04,,
193,광고,STGW,US20210803010,스태그웰,2089684059,2.21,8.79,,
193,광고,DV,US20210420008,더블베리파이 홀딩스,2065725598,0.82,13.52,HOLD,
193,광고,CMPR,US20141118001,심프레스,2051534031,-0.77,84.12,,
193,광고,INOD,US19930810002,이노데이터,1818358623,3.66,55.16,BUY,
193,광고,DAO,US20191024007,유다오(ADR),1732054635,0.83,14.53,BUY,
193,광고,PRSU,US19780306001,펄수 어트랙션즈 앤 호스피탤리티,1315613129,2.72,49.87,BUY,맥쿼리 의견 개시
193,광고,CCO,US20051111001,클리어 채널 아웃도어 홀딩스,1204264061,0,2.38,HOLD,
193,광고,QNST,US20100211001,퀸스트리트,1042857945,0.44,18.46,BUY,
193,광고,IBTA,NYS0240417002,아이보타,947392644,3.06,42.4,,
193,광고,MNTN,NYS0250522002,마운틴,879531967,1.1,11.96,,
193,광고,CRTO,US20131030001,크리테오,849313148,-0.69,17.32,BUY,
193,광고,DSP,US20210209003,바이언트 테크놀로지,831160415,2.62,12.91,,
193,광고,PUBM,US20201207004,퍼브매틱,746545945,0.55,16.58,BUY,
193,광고,MATW,US19940720001,매튜스 인터내셔널,620461498,-0.3,19.94,BUY,
193,광고,NEXN,US20210618003,넥슨 인터내셔널,518497942,2.07,9.35,BUY,
193,광고,QUAD,US20100706001,쿼드 그래픽스,516593653,1.19,10.22,BUY,
193,광고,ADV,US20201029001,어드밴티지 솔루션스,424634697,0.51,33.49,,
193,광고,BOC,US20220222002,보스턴 오마하,384649138,1.03,13.71,,자사주 매입 승인
193,광고,PERI,US20060131002,페리언 네트워크,359244314,-1.2,9.08,BUY,
193,광고,SOHU,US20000712001,써우후닷컴(ADR),354322716,-0.15,13.65,,
193,광고,NCMI,US20070208002,내셔널 시네미디어,226264008,0.41,2.43,,
193,광고,FORR,US19961127002,포레스터 리서치,222345796,2.13,12.0,HOLD,
193,광고,LEE,US20210419004,리 엔터프라이지스,170381780,-2.34,7.51,,
193,광고,GOAI,NAS0260128003,에바 라이브,111699081,-3.2,2.72,,
193,광고,FLNT,US20180416001,플루언트,97071079,10.03,3.4,BUY,
193,광고,VBIX,NAS0250605004,퀀텀 X 랩스,95177931,-3.15,4.3,,
193,광고,TSQ,US20140724007,타운스퀘어 미디어,94589545,-0.57,5.19,,
193,광고,AMBR,NAS0221114001,앰버 인터내셔널 홀딩(ADR),93418457,3.7,1.12,,
193,광고,GCL,US20220420005,GCL 글로벌 홀딩스,77431624,-1.53,0.5993,,
193,광고,SCOR,US20180601003,컴스코어,74855569,2.82,5.1,,
193,광고,MCHX,US20040331002,마첵스 B,60152626,-8.82,1.24,,
193,광고,TC,US20181120001,토큰 캣(ADR),51191317,-0.51,1.94,,
193,광고,IZEA,US20160226002,아이지아 월드와이드,50026522,-3.81,2.78,,
193,광고,ABLV,US20220912003,에이블 뷰 글로벌,48500052,-0.81,0.98,,
193,광고,TEAD,US20210723005,TEADS HOLDING CO,45692958,1.83,0.4774,HOLD,
193,광고,CREX,NAS0230327003,크리에이티브 리얼리티스,38046874,-0.71,2.81,BUY,
193,광고,HHS,US20211201007,하트 행크스,31117133,2.14,4.29,,
193,광고,EDHL,NAS0250417003,에버브라이트 디지털 홀딩스,26179577,-1.13,4.37,,
193,광고,ACCS,US20140311005,액세스 뉴스와이어,19780771,-7.31,4.82,,
193,광고,WIMI,US20190725001,와이마이 홀로그램 클라우드,18821276,2.91,1.06,,
193,광고,TULP,US19910625001,블루미아 홀딩스,16143521,1.18,3.44,,
193,광고,DLPN,US20171221001,돌핀 엔터테인먼트,14305574,-0.91,1.09,,
193,광고,AEHL,US20201015001,안텔로페 엔터프라이즈 홀딩스,11402356,-21.64,6.12,,전환어음 부담
193,광고,LZMH,NAS0250227004,LZ 테크놀로지 홀딩스,11244010,-6.35,1.18,,
193,광고,KNRX,AMX0250929007,노렉스,10643715,-3.41,0.34,,
193,광고,INUV,US19980804001,이누보,10134333,-0.55,0.6152,BUY,
193,광고,PLAG,US20181001007,플래닛 그린 홀딩스,10114413,-4.01,0.6863,,
193,광고,BAOS,NAS0230322001,바오셩 미디어 그룹 홀딩스,9606586,-12.75,0.2628,,
193,광고,KRKR,US20191106002,36KR 홀딩스(ADR),5816982,0.96,3.17,,
193,광고,GDC,NAS0230110006,GD 컬처 그룹,5709265,-2.17,1.35,,
193,광고,STFS,NAS0241011007,스타 패션 컬처 홀딩스,4686696,-5.57,3.73,,
193,광고,YDKG,NAS0221212001,위에다 디지털 홀딩스,4569306,0.06,0.83,,
193,광고,ABTS,US20161115003,아비츠 그룹,4528725,1.42,1.43,,
193,광고,CNET,NAS0230120002,ZW 데이터 액션 테크놀로지스,4476300,6.56,1.3,,
193,광고,LCFY,NAS0221208002,로커파이,4005339,8.93,2.44,,
193,광고,CHR,US20200219002,치어 홀딩스,2971426,0.62,1.63,,
193,광고,YHC,NAS0230810001,LQR 하우스,1820762,-1.43,1.38,,
193,광고,DRCT,US20220128004,다이렉트 디지털 홀딩스,1364303,7.02,1.83,BUY,
359,인터넷,GOOG,US20040819001,알파벳 C,4116289185873,3.07,345.74,BUY,AI 둔화 우려
359,인터넷,GOOGL,US20040819002,알파벳 A,4116289185873,3.24,349.48,BUY,AI 둔화 우려
359,인터넷,MSFT,US19860313001,마이크로소프트,3657908784969,1.95,505.31,BUY,AI 속도조절 부담
359,인터넷,MVRS,US20120518001,메타,1640806198912,2.73,665.7,BUY,AI 안전성 우려
359,인터넷,GWW,US19750729001,W W 그레인저,59922025511,-0.19,1277.51,HOLD,
359,인터넷,BIDU,US20050805002,바이두(ADR),31040733831,0.55,91.9,BUY,소각용 자사주 매입
359,인터넷,RDDT,NYS0240321001,레딧,30169529543,2.92,162.38,BUY,
359,인터넷,IOT,US20211214010,섬사러,22338644878,11.8,42.91,BUY,
359,인터넷,BEKE,US20200812003,KE 홀딩스(ADR),19283836859,-1.36,16.7,BUY,
359,인터넷,CSGP,US19980701001,코스타 그룹,12267149923,3.48,31.52,BUY,
359,인터넷,PINS,US20190417010,핀터레스트,10722559243,3.36,19.69,BUY,
359,인터넷,FROG,US20200915003,제이프로그,10683941011,6.68,93.0,BUY,대체 우려 완화
359,인터넷,MTCH,US20151118003,매치 그룹,9671403432,1.79,43.15,HOLD,
359,인터넷,SNAP,US20170302002,스냅,9547499420,2.82,5.84,HOLD,
359,인터넷,HQY,US20140729001,헬스에퀴티,7913682243,-0.23,96.04,BUY,
359,인터넷,COMP,US20210331005,컴퍼스,7913069892,1.33,10.65,BUY,
359,인터넷,XMTR,US20210629008,조메트리,4906070267,-1.3,84.99,BUY,
359,인터넷,ARX,NYS0250723001,엑셀러란트,4282777577,-0.05,19.83,HOLD,
359,인터넷,LIF,NAS0240606003,라이프360,3456402578,3.75,44.28,BUY,
359,인터넷,MGNI,US20200701003,매그나이트,3388429157,0.25,23.83,BUY,
359,인터넷,WIX,US20131105003,Wix 닷컴,3185317094,8.75,83.28,BUY,
359,인터넷,IAC,US20160121001,피플 인코포레이티드,2776130713,3.89,38.97,BUY,
359,인터넷,GRND,NYS0221118001,그라인더,2639803431,2.95,15.73,BUY,
359,인터넷,DGII,US19891005001,디지 인터내셔널,2603604992,-3.52,66.6,BUY,
359,인터넷,DJT,US20210930006,트럼프 미디어 & 테크놀로지 그룹,2392312218,1.96,8.83,,
359,인터넷,OPRA,US20180726003,오페라(ADR),1628838370,0.71,18.43,,
359,인터넷,WB,US20140417002,웨이보(ADR),1618080553,0.3,6.65,HOLD,
359,인터넷,APPS,US20150121001,디지털 터빈,1420497623,-0.68,11.73,BUY,
359,인터넷,YELP,US20120302001,옐프,1147697186,2.58,21.83,HOLD,
359,인터넷,LZ,US20210630009,리걸줌,1029841620,3.8,6.28,BUY,
359,인터넷,TBLA,US20210630012,타불라,1020338252,2.89,3.91,BUY,
359,인터넷,NXDR,US20211108006,넥스트도어 홀딩스,872797688,4.85,2.38,HOLD,
359,인터넷,EVER,US20180627001,에버쿼트,843085089,0.21,24.03,BUY,
359,인터넷,ODD,NAS0230719003,오더티 테크,838021756,2.95,18.82,HOLD,
359,인터넷,YALA,US20200929004,얄라 그룹(ADR),829973654,-0.36,5.48,,
359,인터넷,REAX,US20210615008,리얼 브로커리지,736991401,-2.32,19.81,BUY,
359,인터넷,MOMO,US20141211004,헬로 그룹(ADR),726895485,-0.2,4.94,BUY,
359,인터넷,SPT,US20191212002,스프라웃 소셜,650410412,7.69,11.63,BUY,
359,인터넷,CARS,US20170601001,카스닷컴,617729589,0.86,11.71,BUY,
359,인터넷,NRDS,US20211104017,너드월릿,599124316,0.64,9.49,BUY,
359,인터넷,BMBL,US20210210003,범블,455010546,-0.67,2.97,HOLD,
359,인터넷,FVRR,US20190612002,파이버 인터내셔널,322657944,2.77,9.28,HOLD,
359,인터넷,BIGC,US20200804001,커머스닷컴,288652009,4.29,3.65,HOLD,
359,인터넷,LAW,US20210720007,CS 디스코,262614240,4.67,4.26,,
359,인터넷,ZH,US20210326014,즈후(ADR),244856886,2.11,2.9,,자사주 매입 확대
359,인터넷,BETR,US20210426002,베터 홈 앤 파이낸스 홀딩,226183924,-1.7,12.73,,
359,인터넷,CXDO,US20200708003,크레센도,189053229,0.52,5.75,,
359,인터넷,SSTK,US20121011004,셔터스톡,185082210,4.37,5.26,HOLD,
359,인터넷,DOMO,US20180629001,도모,179051335,2.35,3.92,HOLD,
359,인터넷,DFDV,NAS0230725003,디파이 디벨롭먼트,175995427,2.56,5.21,,솔라나 보유 확대
359,인터넷,DOUG,US20211230005,더글러스 엘리먼,156282873,0.58,1.74,,
359,인터넷,TCX,US20131230001,투카우스,120142442,-2.87,10.5,,
359,인터넷,CMCM,US20140508003,치타 모바일(ADR),94256646,-1.62,3.04,,광고 부진 손실 확대
359,인터넷,YRD,US20151218002,이렌 디지털(ADR),87825185,-1.0,0.9999,,
359,인터넷,BARK,US20210602004,바크,86103243,-4.69,9.14,BUY,
359,인터넷,RSSS,US20200323001, 리서치 솔루션즈,71812073,-7.01,1.99,,
359,인터넷,HWH,US20220324001,HWH 인터내셔널,63522517,-2.33,2.1,,
359,인터넷,SDA,US20210416003,선카 테크놀로지 그룹,55621505,1.64,0.5576,BUY,
359,인터넷,SEAT,US20211019007,비비드 시츠,55305026,-5.25,4.69,HOLD,
359,인터넷,SOGP,US20200116002,사운드 그룹(ADR),49377336,-2.7,11.54,,
359,인터넷,AREN,US20220209001,파라디움 AI,48740310,-8.69,0.9405,HOLD,
359,인터넷,ZDGE,US20160602005,제지,40266020,-4.19,2.97,,
359,인터넷,JG,US20180725002,오로라 모바일(ADR),38519353,-0.46,6.47,,
359,인터넷,MNY,US20201207001,머니히어로,33563580,1.36,0.7703,,수익성 개선
359,인터넷,EHTH,US20061013001,이헬스,29675794,-0.8,0.9246,,
359,인터넷,PAPL,AMX0231027004,파인애플 파이낸셜,23763465,0.43,0.9502,,
359,인터넷,OPAD,US20210902006,오퍼패드 솔루션스,18252600,-3.68,3.66,HOLD,
359,인터넷,JF,US20181024008,제이 앤 프렌즈 홀딩스 (ADR),17564812,-0.11,0.95,,
359,인터넷,IPM,US20210803008,인텔리전트 프로텍션 매니지먼트,16883713,3.19,1.94,,
359,인터넷,SCNX,US20200213004,사이언처 홀딩스,14199208,-0.57,0.3459,,
359,인터넷,MYSE,US20210813005,마이지엄,13789968,14.61,3.06,,
359,인터넷,SLE,US20190226001,슈퍼 리그 엔터프라이즈,12069313,-6.92,4.57,BUY,
359,인터넷,YJ,US20190502004,윈지(ADR),9742128,5.53,2.1,,
359,인터넷,GITS,NAS0230801002,글로벌 인터랙티브 테크놀로지스,9106962,9.17,2.38,,
359,인터넷,ZCMD,US20200218002,중차오,7097879,-7.47,0.7447,,
359,인터넷,RMSG,US20210930010,리얼 메신저,5080579,-2.95,0.3156,,
359,인터넷,TWAV,NAS0230104003,타오위브,4662862,2.48,1.24,,
359,인터넷,BNZI,US20210212007,반자이 인터내셔널,3525452,1.11,1.01,BUY,
359,인터넷,NCPL,US20220713002,넷캐피탈,3511606,-7.44,0.4167,,
359,인터넷,LRHC,NAS0231005003,라 로사 홀딩스,1456251,-0.39,2.56,,
565,금융상품거래소,CME,US20021206001,CME 그룹,98474191664,1.79,280.48,HOLD,신규 선물 수요 확대
565,금융상품거래소,ICE,US20051116001,인터컨티넨탈 익스체인지,87825330759,0.22,157.75,BUY,티제로 투자 참여
565,금융상품거래소,NDAQ,US20020701001,나스닥,50662704038,0.42,91.57,BUY,앤스로픽 상장 전망
565,금융상품거래소,COIN,US20210414003,코인베이스,45958442603,9.24,191.45,BUY,
565,금융상품거래소,CBOE,US20180917002,CBOE 글로벌 마켓,29170547139,1.23,284.5,HOLD,
565,금융상품거래소,MKTX,US20041105001,마켓액세스 홀딩스,5701504499,0.07,163.12,HOLD,
565,금융상품거래소,BLSH,NYS0250813001,불리쉬,5246465126,7.12,37.62,,
565,금융상품거래소,MIAX,NYS0250814001,마이애미 인터내셔널 홀딩스,4090043052,0.72,41.77,BUY,
565,금융상품거래소,GEMI,NAS0250911002,제미니 스페이스 스테이션,574727103,7.62,4.8,HOLD,
565,금융상품거래소,LGHL,US20200617002,라이언 그룹 홀딩스(ADR),380662,0.48,8.34,,
217,영화,DIS,US19620102001,디즈니,182858002470,1.91,108.59,BUY,비용 절감 강화
217,영화,SONY,US20210401017,소니(ADR),138799566664,2.38,24.47,BUY,
217,영화,HAS,US19841218001,해즈브로,12832577171,-0.85,90.76,BUY,
217,영화,PSKY,NAS0250807004,파라마운트 스카이댄스 코퍼레이션,11820195424,2.45,10.86,HOLD,시장수익률상회 의견
217,영화,CNK,US20070424001,시네마크 홀딩스,4041423508,-0.71,34.83,BUY,
217,영화,LION,NAS0240514003,라이언스게이트 스튜디오스,3333073737,3.19,11.63,BUY,
217,영화,IMAX,US19940610001,아이맥스,2839327358,2.57,53.43,BUY,
217,영화,AMC,US20131218003,AMC 엔터테인먼트 홀딩스,2182434250,1.63,2.5,HOLD,
217,영화,MCS,US19931214001,마커스,831688512,1.81,27.63,BUY,
217,영화,RDI,US19920317008,레딩 인터내셔널,74173826,-2.3,2.12,,
217,영화,RDIB,US20040505003,레딩 인터내셔널 B,74173826,8.23,18.42,,
217,영화,GMM,NAS0231010003,글로벌 모페이 AI,20296394,-5.66,2.0,,
229,테마파크,DIS,US19620102001,디즈니,182858002470,1.91,108.59,BUY,비용 절감 강화
229,테마파크,HAYW,US20210311014,헤이워드 홀딩스,2763951238,-1.83,12.87,,
229,테마파크,SEAS,US20130419003,유나이티드 파크&리조트,1644878564,0.6,36.72,HOLD,
229,테마파크,FUN,NYS0240702001,식스 플래그스 엔터테인먼트,1334214435,0.46,13.18,BUY,
229,테마파크,FBYD,NAS0231006002,팰컨스 비욘드 글로벌,746023386,10.82,6.86,,
229,테마파크,GDHG,NAS0230410001,골든 헤븐 그룹 홀딩스,73910727,-8.8,1.14,,600만주 발행 부담
447,아이스크림,GIS,US19521114001,제너럴 밀스,19049736753,1.73,36.47,HOLD,
447,아이스크림,MICC,NYS0251208001,더 매그넘 아이스크림 컴퍼니,11957631877,1.32,19.91,HOLD,
447,아이스크림,JJSF,US19860204001,제이앤제이 스낵 푸즈,1546514654,0.24,83.49,BUY,
227,음식점브랜드,MCD,US19660705001,맥도날드,177612372188,1.96,257.49,BUY,식중독 우려 완화
227,음식점브랜드,SBUX,US19920626001,스타벅스,111878052228,0.34,99.08,HOLD,리뉴얼 효과 부각
227,음식점브랜드,CMG,US20060126001,치폴레 멕시칸 그릴,45529145652,2.29,37.03,BUY,
227,음식점브랜드,YUM,US19970917002,염 브랜즈,38209442360,3.88,146.33,BUY,
227,음식점브랜드,QSR,US20141216001,레스토랑 브랜즈 인터내셔널,26677318166,2.51,78.89,BUY,
227,음식점브랜드,DRI,US19950515001,다든 레스토랑,23686139172,4.14,218.57,BUY,실적 상회 전망
227,음식점브랜드,YUMC,US20161101003,염 차이나 홀딩스,14404562427,1.16,42.81,BUY,
227,음식점브랜드,TXRH,US20041005002,텍사스 로드하우스,11823001581,0.02,181.26,BUY,
227,음식점브랜드,DPZ,US20040713001,도미노 피자,10245488023,3.91,323.79,BUY,
227,음식점브랜드,EAT,US19890728001,브링커 인터내셔널,8820597580,0.79,214.16,BUY,
227,음식점브랜드,BROS,US20210914002,더치 브로스,7621823585,0.34,44.05,BUY,최선호주 선정
227,음식점브랜드,CAVA,NYS0230615002,카바 그룹,6487378064,-1.77,54.89,BUY,최선호주 부각
227,음식점브랜드,CAKE,US19831207001,치즈케이크 팩토리,5079293062,2.4,105.16,HOLD,
227,음식점브랜드,WING,US20150612001,윙스탑,3170673410,-2.07,114.68,BUY,
227,음식점브랜드,SHAK,US20150130001,쉐이크쉑,2707561457,-0.22,63.51,BUY,
227,음식점브랜드,FCPT,US20151110003,포 코너스 프라퍼티 트러스트,2614838279,-0.38,23.88,BUY,
227,음식점브랜드,CHA,NAS0250417002,차지 홀딩스 (ADR),2320722571,2.37,12.53,BUY,
227,음식점브랜드,ARCO,US20110414001,아르코스 도라도스 홀딩스,1677134222,-0.87,7.94,BUY,
227,음식점브랜드,WEN,US19810527001,웬디스,1445951305,0.13,7.64,HOLD,
227,음식점브랜드,BJRI,US19961009001,BJS 레스토랑,1285144541,2.35,62.21,BUY,
227,음식점브랜드,BH,US19951213001,비글래리 홀딩스 B,1175871450,-2.07,364.95,,
227,음식점브랜드,BH.A,US20180501003,비글래리 홀딩스 A,1175871450,-1.27,1822.69,,
227,음식점브랜드,CBRL,US19840907012,크래커 배럴 올드 컨트리 스토어,1099214655,2.02,50.48,HOLD,
227,음식점브랜드,SG,US20211117012,스위트그린,840045843,2.11,7.25,HOLD,식품안전 우려 완화
227,음식점브랜드,HDL,NAS0240517003,슈퍼 하이 인터내셔널 홀딩(ADR),778837861,3.49,12.47,,
227,음식점브랜드,BLMN,US20120808001,블루민 브랜즈,739514295,2.53,8.91,HOLD,
227,음식점브랜드,FWRG,US20211001004,퍼스트 와치 레스토랑 그룹,696170260,0.09,11.36,BUY,
227,음식점브랜드,PZZA,US19930608001,파파 존스 인터내셔널,672747534,6.13,21.82,HOLD,
227,음식점브랜드,CNNE,US20171120002,칸나에 홀딩스,664326090,1.62,15.66,BUY,
227,음식점브랜드,DNUT,US20210630006,크리스피 크림,553543090,-0.31,3.2,HOLD,
227,음식점브랜드,KRUS,US20190731001,쿠라 스시 USA,492694258,1.35,41.35,BUY,
227,음식점브랜드,LOCO,US20140724001,엘 폴로 로코 홀딩스,459158429,0.79,15.3,BUY,
227,음식점브랜드,NATH,US19930226001,네이선스 페이머스,399002904,0.35,98.31,,
227,음식점브랜드,DIN,US19930331001,다인 브랜즈 글로벌,355946245,2.55,29.01,HOLD,
227,음식점브랜드,PTLO,US20211020012,포틸로스,308716086,-0.73,4.06,HOLD,
227,음식점브랜드,JACK,US19920301001,잭 인 더 박스,281744072,-0.88,14.65,HOLD,
227,음식점브랜드,PLAY,US20141021001,데이브 앤 버스터스 엔터테인먼트,281455313,4.42,8.5,HOLD,실적 예상치 하회
227,음식점브랜드,RICK,US19951013002,RCI 호스피털리티 홀딩스,221024149,1.0,29.38,,
227,음식점브랜드,RRGB,US20020719001,레드 로빈 고메 버거스,147866456,-1.4,7.76,BUY,
227,음식점브랜드,HCHL,NAS0250624004,해피 시티 홀딩스 ,117179089,0,3.96,,
227,음식점브랜드,BDL,US19840907021,플래니건스 엔터프라이지스,83905604,-0.84,45.04,,
227,음식점브랜드,NDLS,US20130628002,누들스 앤드 컴퍼니,81482612,1.31,13.92,,
227,음식점브랜드,MB,NAS0250410007,마스터비프 그룹,73828754,0.69,4.36,,
227,음식점브랜드,GENK,NAS0230628002,젠 레스토랑 그룹,58319658,-2.25,1.74,BUY,
227,음식점브랜드,STKS,US20150508001,원 그룹 호스피털리티,50078684,-0.63,1.58,BUY,
227,음식점브랜드,RAVE,US20150112001,레이브 레스토랑 그룹,40962537,1.38,2.94,,
227,음식점브랜드,ARKR,US19851213001,아크 레스토랑스,17293738,-2.9,4.68,,
227,음식점브랜드,SDOT,US20200211001,사닷 그룹,16255378,-2.58,12.07,,
227,음식점브랜드,GTIM,US19950818004,굿 타임스 레스토랑,15792860,1.33,1.52,,
227,음식점브랜드,PETZ,US20170921007,TDH 홀딩스,14467158,-5.67,1.33,,
227,음식점브랜드,BTBD,US20211112005,BT 브랜즈,10695879,3.45,1.8,,
151,술,BUD,US19800418001,안호이저부시 인베브(ADR),134413366144,2.03,79.82,,
151,술,DEO,US19971217001,디아지오(ADR),47930129921,2.02,88.38,BUY,위스키 관세 철회
151,술,ABEV,US20131112001,암베브(ADR),46383221488,0.33,3.03,HOLD,
151,술,STZ,US19860731001,콘스텔레이션 브랜즈,20784459678,2.08,125.0,BUY,목표주가 하향
151,술,BF.B,US19720630001,브라운 포먼 B,12028476879,0.08,26.24,HOLD,위스키 관세철회 계획
151,술,BF.A,US19730503004,브라운 포먼 A,12028476879,0.41,26.75,,위스키 관세철회 계획
151,술,TAP,US19750610001,몰슨 쿠어스 베버리지,6844479139,0.39,39.08,HOLD,
151,술,TAP.A,US20020322002,몰슨 쿠어스 베버리지 A,6844479139,7.9,45.47,,
151,술,CCU,US19941104001,세르베세리아스 우니다스(ADR),2137409451,-1.2,11.5,HOLD,
151,술,SAM,US19951121005,보스턴 비어,1765014195,-0.7,171.34,HOLD,
151,술,AGCC,NAS0251022001,에젠시아 커머셜 스피리츠,582605059,1.09,13.85,,
151,술,MGPI,US19881020001,MGP 인그리디언츠,314146785,0.27,14.8,,
151,술,WVVI,US19940915001,윌래메트 밸리 바인야드,41625015,-10.48,1.88,,
151,술,BLNE,US20180104001,비라인 홀딩스,33709432,3.88,1.07,,
151,술,EPSM,NAS0250326003,앱시움 엔터프라이즈,18164421,-2.94,1.32,,
151,술,AMSS,NAS2605020001,어매스 브랜즈,8189426,0.77,0.7155,,
151,술,IBG,NAS0240926003,이노베이션 베버리지 그룹,4291704,1.55,0.975,,
151,술,AMZE,US20211213019,어메이즈 홀딩스,3290877,-7.86,0.1465,,
211,대형마트,WMT,US19701001001,월마트,844923527474,1.81,109.09,BUY,파파존스 배달확대
211,대형마트,COST,US19851127001,코스트코,398802601063,1.56,918.91,BUY,
211,대형마트,TJX,US19651117001,TJX,137774499441,-0.02,125.99,BUY,
211,대형마트,TGT,US19830406003,타겟,70361908339,1.84,158.7,HOLD,
211,대형마트,KR,US19510112001,크로거,34647731378,4.14,60.91,BUY,
211,대형마트,DG,US20091113001,달러 제너럴,27317050805,3.68,129.17,BUY,
211,대형마트,BJ,US20180724004,BJs 홀세일 클럽 홀딩스,11486148256,4.18,95.31,BUY,
211,대형마트,PSMT,US19970902001,프라이스스마트,5245184520,-1.14,168.87,BUY,
211,대형마트,AAP,US20011129001,어드밴스 오토 파츠,2682236237,0.74,45.01,HOLD,
211,대형마트,WMK,US19650604001,웨이스 마케츠,1774695435,0.67,72.64,,
231,간편식,GIS,US19521114001,제너럴 밀스,19049736753,1.73,36.47,HOLD,
231,간편식,HRL,US19900116001,호멜 푸즈,11251769230,1.9,20.96,HOLD,
231,간편식,CAG,US19760112001,콘아그라 브랜즈,6966300327,1.3,14.79,HOLD,가격 인상 예고
231,간편식,LW,US20161110001,램 웨스턴 홀딩스,6538503552,0.86,48.26,HOLD,
231,간편식,CPB,US19541213001,캠벨스,6224191534,1.19,21.25,HOLD,
231,간편식,NOMD,US20160112001,노마드 푸즈,1525558968,-0.46,10.93,BUY,
231,간편식,BGS,US20070523001,비앤지 푸즈,254459131,0.32,3.16,HOLD,
231,간편식,DDC,AMX0231117001,DDC 엔터프라이즈,14236760,-4.13,0.2416,BUY,
231,간편식,RKDA,NAS0230301005,아카디아 바이오사이언시스,1032285,4.15,0.449,,
163,여가생활,DIS,US19620102001,디즈니,182858002470,1.91,108.59,BUY,비용 절감 강화
163,여가생활,POOL,US19951013001,풀,6250104507,-0.68,171.87,HOLD,웰스파고 목표가 하향
163,여가생활,GOLF,US20161028002,아쿠시넷 홀딩스,4943481699,-0.67,84.59,HOLD,
163,여가생활,BC,US19250115001,브런스윅,4554565397,-0.82,70.14,BUY,
163,여가생활,PLNT,US20150807002,플래닛 피트니스,3809958438,0.81,51.16,BUY,
163,여가생활,MANU,US20120810002,맨체스터 유나이티드,3436252758,0.65,20.18,BUY,
163,여가생활,PII,US19950224002,폴라리스,3309147941,0.7,58.92,HOLD,
163,여가생활,HAYW,US20210311014,헤이워드 홀딩스,2763951238,-1.83,12.87,,
163,여가생활,ELY,US19920227002,캘러웨이 골프 컴퍼니,2742964770,-1.29,15.26,HOLD,
163,여가생활,LCII,US20170103003,LCI 인더스트리스,2199356514,-0.91,90.19,BUY,
163,여가생활,PTON,US20190925012,펠로톤,2159184720,-0.2,4.94,HOLD,
163,여가생활,SEAS,US20130419003,유나이티드 파크&리조트,1644878564,0.6,36.72,HOLD,
163,여가생활,FUN,NYS0240702001,식스 플래그스 엔터테인먼트,1334214435,0.46,13.18,BUY,
163,여가생활,HZO,US19980603003,마린맥스,1146125396,0,52.21,HOLD,
163,여가생활,LUCK,US20211216004,럭키 스트라이크 엔터테인먼트,764207250,-1.42,5.56,BUY,
163,여가생활,FBYD,NAS0231006002,팰컨스 비욘드 글로벌,746023386,10.82,6.86,,
163,여가생활,SWIM,US20210423001,라탐 그룹,738994973,1.27,6.4,BUY,
163,여가생활,CWH,US20161007002,캠핑 월드 홀딩스,620101537,1.66,6.14,,
163,여가생활,MBUU,US20140130002,말리부 보츠,486784562,-1.81,24.44,BUY,
163,여가생활,JOUT,US19900326026,존슨 아웃도어스,464650868,-0.11,44.56,,
163,여가생활,BBW,US20041028001,빌드어베어 워크숍,337697969,-1.52,27.16,,
163,여가생활,GPRO,US20140626001,고프로,246542648,-2.9,1.34,SELL,급등 후 조정
163,여가생활,ZUMZ,US20050506001,주미에즈,221701910,-1.17,14.38,HOLD,
163,여가생활,RICK,US19951013002,RCI 호스피털리티 홀딩스,221024149,1.0,29.38,,
163,여가생활,XPOF,US20210721012,엑스포넨셜 피트니스,201487001,-2.92,3.99,HOLD,
163,여가생활,AOUT,US20200825001,아메리칸 아웃도어 브랜즈,196695529,-2.55,15.28,,
163,여가생활,ONEW,US20191023004,원워터 마린,177733009,-1.12,10.61,,
163,여가생활,COOK,US20210728003,트래저,136834151,0.04,49.22,HOLD,
163,여가생활,CLAR,US20170814001,클라루스,135095136,0.85,3.58,HOLD,
163,여가생활,VENU,AMX0241127002,베뉴 홀딩,97210688,0.57,1.75,BUY,
163,여가생활,GDHG,NAS0230410001,골든 헤븐 그룹 홀딩스,73910727,-8.8,1.14,,600만주 발행 부담
163,여가생활,RGS,US19910628004,레지스,68297890,1.05,27.79,BUY,
163,여가생활,MAMO,NAS0240402005,마시모 그룹,40903111,-0.83,0.9801,,
163,여가생활,KOSS,US19920225008,코스,32083955,0.59,3.43,,
163,여가생활,MMA,AMX0240328005,믹스드 마셜 아츠 그룹,12722082,-6.41,0.393,,
163,여가생활,YMAT,NAS0250730006,J 스타 홀딩,9093888,-2.42,2.02,,
163,여가생활,NWTG,NAS0230815006,뉴튼 골프 컴퍼니,6844351,-8.66,1.16,BUY,
163,여가생활,EJH,US20210514013,이홈 하우스홀드 서비스 홀딩스,3816798,0,1.2,,
163,여가생활,FLYE,NAS0240606001,플라이 이 그룹,2985297,-0.54,1.83,,
41,교육서비스,EDU,US20060907001,뉴 오리엔탈 에듀케이션 앤 테크놀로지 그룹(ADR),9510492910,1.79,56.82,BUY,
41,교육서비스,PSO,US19960111001,피어슨(ADR),9383486548,2.68,16.11,,
41,교육서비스,DUOL,US20210727003,듀오링고,6681310503,5.19,151.14,HOLD,
41,교육서비스,TAL,US20161201002,TAL 에듀케이션(ADR),6496258481,-1.35,11.65,BUY,
41,교육서비스,LAUR,US20170201001,로리어트 에듀케이션,4946573583,-0.8,35.84,BUY,
41,교육서비스,GHC,US20131129001,그레이엄 홀딩스,4792395924,2.55,1167.63,,
41,교육서비스,CVSA,US20170524003,코비스타,4231983944,0.32,125.49,BUY,
41,교육서비스,LOPE,US20081120001,그랜드 캐니언 에듀케이션,3917031458,1.51,153.48,BUY,
41,교육서비스,LRN,US20071213002,스트라이드,3387152061,0.85,82.7,BUY,
41,교육서비스,BFAM,US20130125001,브라이트 호라이즌스 패밀리 솔루션즈,3147842301,2.69,66.87,BUY,
41,교육서비스,PRDO,US20200102007,퍼도세오 에듀케이션,2053709972,0.15,33.07,BUY,사우스대 인수합의
41,교육서비스,STRA,US19960725001,스트래티직 에듀케이션,1802424669,1.4,82.8,BUY,
41,교육서비스,DAO,US20191024007,유다오(ADR),1732054635,0.83,14.53,BUY,
41,교육서비스,COUR,US20210330010,코세라,1371762342,3.83,5.42,BUY,
41,교육서비스,AFYA,US20190718001,아피야,1262540546,-1.37,13.7,HOLD,
41,교육서비스,UTI,US20031217002,유니버설 테크니컬 인스티튜트,1112169176,0.1,20.33,BUY,
41,교육서비스,PXED,NYS0251009002,피닉스 에듀케이션 파트너스,961619121,0.93,27.09,,
41,교육서비스,APEI,US20071109001,아메리칸 퍼블릭 에듀케이션,817462232,-1.18,44.41,BUY,
41,교육서비스,LINC,US20050623002,링컨 에듀케이셔널 서비시스,788837696,-0.12,24.99,BUY,
41,교육서비스,GOTU,US20210506011,가오투 테크에듀(ADR),490610935,-1.9,2.06,BUY,
41,교육서비스,KLC,NYS0241009002,킨더케어 러닝 컴퍼니스,279174687,0.42,2.38,HOLD,
41,교육서비스,LGCY,AMX0240926002,레거시 에듀케이션,127636078,1.77,10.33,,
41,교육서비스,NRDY,US20210921008,너디,120105998,-2.22,9.25,BUY,
41,교육서비스,HERE,NAS0230125005,히어 GP(ADR),102160917,-1.59,1.86,BUY,
41,교육서비스,CHGG,US20131113001,체그,81075092,3.85,0.763,HOLD,
41,교육서비스,COE,US20160610002,51 토크 온라인 에듀케이션 그룹(ADR),63349429,12.16,11.9,,
41,교육서비스,IH,US20201008005,아이휴먼(ADR),61215890,-1.67,1.18,,
41,교육서비스,AACG,US20191017001,ATA 크리에티비티 글로벌(ADR),59799750,-0.2,0.877,,
41,교육서비스,YQ,US20201203013,17 에듀케이션 앤 테크놀로지 그룹(ADR),40568796,1.86,3.83,,
41,교육서비스,STG,US20180322006,선랜즈 테크놀로지 그룹(ADR),39401828,1.01,2.99,,
41,교육서비스,SKIL,US20210614006,스킬소프트,39074483,13.66,4.91,,매각대금 불확실성
41,교육서비스,GNS,US20220411008,지니어스 그룹,23217419,-1.56,0.158,,
41,교육서비스,FEDU,US20171107006,포 시즌스 에듀케이션(ADR),22499127,-9.89,9.02,,
41,교육서비스,JDZG,NAS0240515002,자더,18894513,5.14,3.68,,
41,교육서비스,YXT,NAS0240816006,YXT닷컴 그룹 홀딩(ADR),15636617,-1.26,2.35,,
41,교육서비스,EDTK,US20200722003,스킬풀 크래프츠맨 에듀케이션 테크놀로지,14812728,0.55,0.9251,,
41,교육서비스,JZ,US20220826003,젠즈 에듀케이션 테크놀로지 그룹(ADR),10880761,-1.36,0.7495,,
41,교육서비스,AMST,NAS0230222001,에임자이트,6737809,-2.91,1.0,,
41,교육서비스,WAFU,US20190430002,와 푸 에듀케이션,6027584,0,1.37,,
41,교육서비스,AMBO,US20180601004,엠보우 에듀케이션 홀딩(ADR),5941664,-1.44,2.06,,
41,교육서비스,EEIQ,US20210325007,에픽퀘스트 에듀케이션 그룹 인터내셔널,5924472,3.59,3.75,,
41,교육서비스,NAMI,NAS0241206002,진신 테크놀로지 홀딩(ADR),5752775,-1.64,1.8,,
41,교육서비스,NTCL,NAS0241213009,넷클래스 테크놀로지,5069704,4.66,2.02,,
41,교육서비스,KIDZ,US20220204003,클래스오버 홀딩스,2887093,-12.76,2.94,,
41,교육서비스,GSUN,US20220622002,골든 선 헬스 테크놀로지 그룹,2242753,-2.18,0.2201,,
41,교육서비스,FCHL,NAS0250904003,피트니스 챔프스 홀딩스,1225514,-1.59,0.9201,,
473,저축은행,RKT,US20200806007,로켓 컴퍼니스,37093750179,1.97,13.44,BUY,
473,저축은행,SLM,US19840410001,SLM,5159125552,1.42,26.41,BUY,
473,저축은행,TFSL,US20070423001,TFS 파이낸셜,4741278443,0.59,17.11,,
473,저축은행,NNI,US20031211001,넬넷,4505290229,0.63,127.49,,
473,저축은행,CLBK,US20180420001,컬럼비아 파이낸셜,3088927588,-1.13,11.4,BUY,
473,저축은행,NWBI,US19940812001,노스웨스트 뱅크셰어스,2254834996,0.39,15.55,,
473,저축은행,UWMC,US20210122019,UWM 홀딩스,2152384849,-1.48,1.33,BUY,
473,저축은행,TMP,US19900328001,톰킨스 파이낸셜,1412805346,0.05,98.88,,
473,저축은행,SACH,US20170210003,새켐 캐피탈,1280569497,6.2,0.9901,,
473,저축은행,OCSL,NAS0230123005,오크트리 스페셜티 렌딩,1109246519,0.32,12.71,,
473,저축은행,LU,US20201030004,루팍스 홀딩(ADR),1042306684,7.44,1.3,BUY,
473,저축은행,TRST,US19900326049,트러스트코 뱅크 NY,989209886,0.29,58.62,,
473,저축은행,WRLD,US19911126001,월드 억셉턴스,884084240,0.53,191.76,,
473,저축은행,VEL,US20200116007,벨로시티 파이낸셜,705160814,-3.39,17.36,,
473,저축은행,HIFS,US19881220001,힝엄 인스티튜션 포 세이빙스,683058102,-0.74,310.18,,
473,저축은행,TREE,US20080812001,렌딩트리,374247772,3.47,27.75,,
473,저축은행,OPRT,US20190925011,오포툰 파이낸셜,359715476,2.92,8.1,BUY,
473,저축은행,RM,US20120328002,리저널 매니지먼트,302505302,-0.27,32.9,BUY,
473,저축은행,LDI,US20210203006,론디포,280673598,-0.22,0.8333,SELL,
473,저축은행,MFIN,US20160511002,메달리언 파이낸셜,274985986,0.17,12.07,BUY,
473,저축은행,FOA,US20210405020,파이낸스 오브 아메리카 컴퍼니스,262494669,-0.98,15.11,BUY,
473,저축은행,TROO,US20211116009,트룹스,253759799,7.66,2.25,,
473,저축은행,CPSS,US19921022001,컨슈머 포트폴리오 서비시스,202023029,1.48,9.57,,
473,저축은행,XYF,US20180918004,X 파이낸셜(ADR),200457068,-1.74,5.07,,
473,저축은행,LSBK,US20060404001,레이크 쇼어 뱅코프,143785708,-0.65,18.3,,
473,저축은행,LX,US20171220002,렉신핀테크(ADR),131715624,1.47,0.816,BUY,
473,저축은행,BSBK,US20200115001,보고타 파이낸셜,114786513,1.66,9.2,,
473,저축은행,FSEA,NAS0230120004,퍼스트 시코스트 뱅코프,80283031,0,17.17,,
473,저축은행,NSTS,US20220119007,NSTS 뱅코프,73670253,-0.14,14.09,,
473,저축은행,CLST,US20211012002,캐털리스트 뱅코프,72348049,0.61,18.15,,
473,저축은행,LOAN,US19990513001,맨해튼 브리지,45991491,-0.74,4.02,,
473,저축은행,CNF,US20181106002,CN파이낸스 홀딩스(ADR),15113267,-2.56,1.9,,
473,저축은행,SNTG,US20210708010,센티지 홀딩스,4809713,0.58,1.73,,
473,저축은행,DXF,US20180305002,이슨 테크놀로지(ADR),2352238,-2.52,0.4406,,
465,신용평가,SPGI,US20160428001,S&P 글로벌,120339909065,1.91,418.54,BUY,카이코 제휴 확대
465,신용평가,MCO,US19960523002,무디스,81751365890,0.63,477.93,BUY,
465,신용평가,EFX,US19710511001,에퀴팩스,19734024541,1.95,172.29,BUY,
465,신용평가,TRU,US20150625009,트랜스유니언,14796651532,1.45,78.83,BUY,
31,의료,LLY,US19700709001,일라이 릴리,1043875589724,2.02,1138.28,BUY,인수 마무리 후 약세
31,의료,JNJ,US19440925001,존슨 앤 존슨,636122940744,0.28,266.32,BUY,정형외과 매각 협상
31,의료,MRK,US19490420001,머크,352937342946,0.64,144.85,BUY,목표주가 상향
31,의료,UNH,US19911010002,유나이티드헬스 그룹,338196883779,1.8,383.55,BUY,의료 섹터 약세
31,의료,NVS,US19961107001,노바티스(ADR),259114289886,1.33,138.99,HOLD,지배구조 개선 압박
31,의료,AZN,US20200925002,아스트라제네카,246917610370,2.25,163.78,BUY,폐암 임상 호조
31,의료,TMO,US19800827001,써모 피셔 사이언티픽,224106050066,0.62,613.62,BUY,
31,의료,ABT,US19490419001,애보트 래버러토리스,175338168878,1.12,103.09,BUY,법적 불확실성 완화
31,의료,PFE,US19510622001,화이자,157032712875,0,27.72,HOLD,
31,의료,NVO,US19810709001,노보노디스크(ADR),143440244407,0.88,43.45,HOLD,
31,의료,DHR,US19861103001,다나허,139838748161,1.55,203.25,BUY,
31,의료,VRTX,US19910731002,버텍스 파마슈티컬,129848236182,0.82,519.69,BUY,
31,의료,ISRG,US20000613001,인튜이티브 서지컬,129618334000,2.38,377.93,BUY,
31,의료,CVS,US19521001001,CVS 헬스,120329996933,0.94,95.55,BUY,타이레놀 소송 부담
31,의료,MDT,US19800728001,메드트로닉,115641772004,3.12,93.8,BUY,
31,의료,SYK,US19880201002,스트라이커,105053658174,2.29,281.87,BUY,
31,의료,MCK,US19870803001,매케슨,102149635295,3.34,910.95,BUY,
31,의료,SNY,US20190102003,사노피(ADR),101858671895,1.31,43.33,BUY,포트폴리오 재편
31,의료,GSK,US19870610001,글락소스미스클라인(ADR),96760153152,3.99,50.05,BUY,
31,의료,HCA,US20110310001,HCA 헬스케어,91870203415,-0.34,425.49,BUY,
31,의료,MMM,US19460114001,3M,84560570891,-1.79,162.02,BUY,
31,의료,REGN,US19910402001,리제네론 파마슈티컬스,79968277226,1.57,793.74,BUY,
31,의료,ECL,US19861210001,에코랩,76949634370,-0.24,275.51,BUY,
31,의료,CI,US19820401001,시그나 그룹,73736329598,3.31,290.05,BUY,
31,의료,BSX,US19920518001,보스턴 사이언티픽,61908532191,4.82,45.05,BUY,
31,의료,COR,US19950404001,센코라,60990563589,1.45,326.23,BUY,
31,의료,TAK,US20181224001,다케다 파마슈티컬(ADR),57975443586,1.86,18.6,,건선약 우선심사
31,의료,CAH,US19940907001,카디널 헬스,54223029629,0.14,234.89,BUY,
31,의료,HUM,US19710518001,휴매나,48909212458,-0.68,407.02,BUY,
31,의료,EW,US20000403001,에드워즈 라이프사이언시스,48334690699,1.36,85.52,BUY,BTIG 매수의견
31,의료,BDX,US19630925001,벡톤 디킨슨,48148953210,2.85,182.91,BUY,
31,의료,NTRA,US20150702001,나테라,47124579655,3.89,341.72,BUY,
31,의료,MDLN,NAS0251217005,메디라인,42506967569,0.18,32.59,BUY,
31,의료,VEEV,US20131017004,비바 시스템즈,42226135928,1.25,265.67,BUY,
31,의료,HLN,US20220722002,헤일리온(ADR),40173970270,2.18,9.39,BUY,
31,의료,IDXX,US19910628002,아이덱스 래버러토리스,39518673273,0.93,509.41,BUY,
31,의료,KVUE,NYS0230504001,켄뷰,33943359753,0.73,17.91,HOLD,자산 매각 준비
31,의료,RPRX,US20200616002,로열티 파마,33495571955,0.75,59.05,,
31,의료,ALC,US20190409003,알콘,32794239896,2.59,67.74,BUY,
31,의료,CNC,US20011213001,센틴,32611317676,4.5,69.41,BUY,목표가 상향
31,의료,RMD,US19950602001,레즈메드,31294191475,2.16,222.99,HOLD,
31,의료,DXCM,US20050414001,덱스콤,31141440961,2.0,84.69,BUY,
31,의료,ILMN,US20000728003,일루미나,30984090827,0.86,208.23,BUY,
31,의료,ZTS,US20130201001,조에티스,29969285421,0.96,73.67,BUY,
31,의료,GEHC,NAS0230104002,GE 헬스케어,28700436316,0.5,64.25,BUY,
31,의료,DGX,US19961217001,퀘스트 다이아그노스틱스,25857429874,1.22,237.89,BUY,
31,의료,WST,US19801027001,웨스트 파마슈티컬 서비시스,24217802245,2.59,355.2,BUY,
31,의료,PHG,US19870414001,필립스(ADR),23888561173,1.99,25.08,BUY,
31,의료,THC,US19760331001,테넷 헬스케어,21102745208,0.31,264.51,BUY,
31,의료,GH,US20181003001,가던트 헬스,20991167043,6.62,167.8,BUY,
31,의료,STE,US19920602001,스테리스,20423972552,1.38,213.66,BUY,
31,의료,VTRS,US20201117005,비아트리스,18847743091,0.85,16.65,BUY,
31,의료,ZBH,US20150630004,짐머 바이오멧 홀딩스,17723463644,3.26,96.54,HOLD,
31,의료,ASND,US20150127001,아센디스 파머,17335810843,0.58,265.05,BUY,자사주 매입 승인
31,의료,SOLV,NYS0240401001,솔벤텀,14795404276,2.71,89.82,BUY,
31,의료,PKI,US19830406002,레비티,13786824889,3.36,128.49,BUY,
31,의료,BTSG,NAS0240126002,브라이트스프링 헬스 서비시스,13092977895,2.62,60.27,BUY,
31,의료,PEN,US20150918002,페넘브라,12438979536,0.67,319.86,HOLD,
31,의료,BAX,US19610515001,박스터 인터내셔널,12229566467,0.25,23.86,HOLD,
31,의료,CORT,US20040414001,코셉트 테라퓨틱스,12118162531,-0.86,111.82,BUY,
31,의료,EHC,US20180102004,인컴퍼스 헬스,11933976326,0.67,122.53,BUY,
31,의료,FMS,US19960917001,프레제니우스 메디컬 케어(ADR),11822657997,2.28,22.86,SELL,
31,의료,DVA,US19951031001,다비타,11512346552,4.28,189.32,HOLD,
31,의료,ELAN,US20180919003,엘란코 애니멀 헬스,11505734867,-0.09,23.15,BUY,
31,의료,SNN,US19991116001,스미스 앤 네퓨(ADR),11444358667,3.27,28.4,HOLD,
31,의료,SCI,US19870723001,서비스 코퍼레이션 인터내셔널,11136292242,-1.13,81.28,,
31,의료,ALGN,US20010126001,얼라인 테크놀로지,10648977441,1.45,153.0,BUY,
31,의료,MOH,US20030702001,몰리나 헬스케어,10595878334,4.82,214.07,HOLD,
31,의료,TEM,NAS0240614002,템퍼스 AI,10582608598,5.42,62.21,BUY,
31,의료,UHS,US19910607001,유니버설 헬스 서비시스,10241117098,-0.9,173.25,HOLD,
31,의료,COO,US19831206001,쿠퍼,10188838425,0.58,54.22,HOLD,
31,의료,ENSG,US20071109002,엔사인 그룹,10078222208,0.5,174.85,BUY,
31,의료,GMED,US20120803003,글로버스 메디컬,9900226434,2.13,75.77,BUY,
31,의료,RDY,US20010411001,닥터 레디스 래버러토리스(ADR),9852193997,0.08,11.91,HOLD,
31,의료,GKOS,US20150625006,글라우코스,9804982119,2.3,171.09,BUY,
31,의료,BIO,US19800229001,바이오 래드 래버러토리스,9793473169,-0.21,368.55,HOLD,
31,의료,BIO.B,US19990921001,바이오 래드 래버러토리스,9793473169,2.21,373.15,,
31,의료,HSIC,US19951103001,헨리 셰인,9787442583,0.66,88.94,BUY,
31,의료,BRKR,US20000804001,브루커,9187076410,-1.42,52.67,BUY,
31,의료,PODD,US20070515001,인슐릿,9096241659,4.43,137.81,BUY,
31,의료,TXG,US20190911004,10X 지노믹스,8882244071,2.27,70.15,BUY,
31,의료,QGEN,US20180110001,키아젠,8722588667,-1.46,41.88,BUY,
31,의료,TWST,US20181030002,트위스트 바이오사이언스,8379257215,5.92,134.75,BUY,
31,의료,ALKS,US19910731001,앨커미스,7665108632,-0.35,45.81,BUY,
31,의료,HNGE,NYS0250522001,힌지 헬스,7105180455,7.0,94.79,BUY,
31,의료,PACS,NYS0240410001,팍스 그룹,7043939310,-0.47,44.55,BUY,
31,의료,CHE,US19820629001,케미드,6699632842,-0.33,514.29,,
31,의료,LNTH,US20150625004,랜티우스 홀딩스,6506443364,0.06,100.31,HOLD,
31,의료,HIMS,US20210121009,힘스 앤 허스 헬스,6379361598,4.73,28.81,HOLD,
31,의료,MMED,NAS2603006005,미니메드 그룹,6291819480,-2.18,22.01,BUY,대규모 지분 출회 부담
31,의료,BLCO,US20220505001,바슈롬,6126794940,1.91,17.58,BUY,
31,의료,LQDA,US20180725003,리퀴디아,5937440919,-2.13,65.32,BUY,
31,의료,RDNT,US19970103001,래드넷,5904711762,-0.03,75.47,,
31,의료,AMRX,US20180507001,엠닐 파마슈티컬스,5888433085,1.23,17.22,BUY,
31,의료,STVN,US20210714018,스테바나토 그룹,5673571528,2.01,21.32,BUY,
31,의료,TFX,US19940428001,텔레플렉스,5516556840,-0.53,130.3,HOLD,
31,의료,SHC,US20201119005,소테라 헬스,5210407513,0.82,18.52,BUY,
31,의료,BCPC,US19860603001,발켐,5208512015,1.48,166.83,,
31,의료,DFTX,US20210427007,데피니움 테라퓨틱스,5193705558,3.5,40.25,BUY,
31,의료,MMSI,US19920226002,메리트 메디컬 시스템즈,5125186602,0.76,87.02,BUY,
31,의료,LFST,US20210609005,라이프스탠스 헬스 그룹,4926352401,3.16,13.38,BUY,
31,의료,HAE,US19910509001,헤모네틱스,4643637654,3.53,106.31,BUY,
31,의료,DOCS,US20210623012,독시미티,4531763181,3.17,26.39,HOLD,
31,의료,WAY,NAS0240607007,웨이스타 홀딩,4472926864,6.18,24.92,BUY,
31,의료,CON,NYS0240725001,콘센트라 그룹 홀딩스,4394864749,2.46,35.81,BUY,
31,의료,HTFL,NAS0250808007,하트플로우,4310831715,-0.66,49.55,BUY,
31,의료,LIVN,US20151020001,리바노바,4280978109,3.1,80.6,BUY,
31,의료,ITGR,US20160701006,인티거 홀딩스,4256913241,0.1,126.13,HOLD,
31,의료,NVST,US20190917004,엔비스타 홀딩스,4078789137,0.94,25.79,BUY,
31,의료,CELC,US20170919001,셀큐이티,4058498727,0.19,83.61,BUY,
31,의료,INDV,NAS0230612008,인디비어,4046128210,-0.06,34.47,BUY,
31,의료,ICUI,US19920407001,ICU 메디컬,3889269286,0.73,157.62,BUY,
31,의료,TARS,US20201016004,타서스 파마슈티컬스,3853867228,0.84,79.98,BUY,
31,의료,ADPT,US20190626001,어댑티브 바이오테크놀로지스,3838697243,2.4,24.78,,
31,의료,PLSE,US20160518001,펄스 바이오사이언시스,3764873888,2.15,54.25,BUY,
31,의료,IRTC,US20161020002,아이리듬 테크놀로지스,3650697286,2.93,114.69,BUY,
31,의료,OGN,US20210603005,오가논,3560177202,0.07,13.65,HOLD,
31,의료,OPCH,US20200203003,옵션 케어 헬스,3495538127,2.17,23.99,BUY,
31,의료,NHC,US19870120001,내셔널 헬스 케어,3494102752,1.47,227.76,,
31,의료,CRVL,US19910628001,코르벨,3477971138,4.22,72.19,,
31,의료,SXI,US19750701001,스탠덱스 인터내셔널,3285668559,-4.42,257.26,BUY,
31,의료,VCYT,US20131030002,베라사이트,3265559025,0.76,41.18,BUY,
31,의료,GRAL,NAS0240625002,그레일,3251607224,-0.98,75.48,BUY,
31,의료,OSIS,US19971002001,OSI 시스템즈,3236949798,-2.18,199.83,BUY,
31,의료,AVAH,US20210426003,애비아나 헬스케어 홀딩스,3054814034,2.13,14.38,BUY,JP모건 목표가 상향
31,의료,WRBY,US20210929018,와비 파커,3035753030,4.05,25.71,BUY,
31,의료,BKD,US20051122001,브룩데일 시니어 리빙,2881584145,-1.89,11.91,BUY,
31,의료,TMDX,US20190501004,트랜스메딕스 그룹,2832248433,4.44,85.83,BUY,
31,의료,ATRC,US20050805001,아트리큐어,2757351633,2.33,55.81,BUY,
31,의료,CHRN,US20160809001,크로노스케일,2750259007,-0.95,18.82,HOLD,
31,의료,GRDN,NYS0240926002,가디언 파마시 서비시스,2747422944,6.53,46.49,BUY,
31,의료,ACHC,US20111101001,아카디아 헬스케어,2624243395,-1.27,28.0,BUY,목표주가 상향
31,의료,PRVA,US20210428003,프리비아 헬스 그룹,2592446940,2.2,20.87,BUY,
31,의료,CDNA,US20140717001,케어DX,2584326242,4.18,52.36,BUY,
31,의료,HWKN,US19931027001,호킨스,2574201997,-2.6,120.85,BUY,
31,의료,NEOG,US19890823001,니오젠,2553640961,1.53,11.96,BUY,
31,의료,WGS,US20210723008,진DX 홀딩스,2527332389,5.25,89.74,,
31,의료,AXGN,US19861217001,액소젠,2454116982,3.89,43.8,BUY,
31,의료,SUPN,US20120501001,슈퍼누스 파마슈티컬스,2409687630,-0.34,41.5,BUY,
31,의료,TRVI,US20190501005,트레비 테라퓨틱스,2251569080,-0.06,15.89,BUY,
31,의료,HCM,US20160317002,허치슨 차이나 메디테크(ADR),2223045240,6.47,13.65,BUY,
31,의료,PBH,US20050210001,프레스티지 컨슈머 헬스케어,2210687523,1.43,47.62,BUY,
31,의료,BHC,US20180716002,바슈 헬스 컴퍼니스,2179105371,1.02,5.92,HOLD,
31,의료,ADUS,US20091027001,아듀스 홈케어,2173256864,0.2,117.33,,
31,의료,MD,US19590331001,피디애트릭 메디컬 그룹,2161902716,0.52,26.91,HOLD,
31,의료,UFPT,US19931223001,UFP 테크놀로지스,2139368316,0.04,277.99,,
31,의료,ESTA,US20180718003,이스태블리시먼트 랩스 홀딩스,2101270332,1.17,71.77,,
31,의료,INSP,US20180502003,인스파이어 메디컬 시스템즈,2097604024,1.81,74.32,HOLD,
31,의료,XRAY,US19830512002,덴츠플라이 시로나,2072541765,-0.76,10.38,HOLD,
31,의료,CMPS,US20200918003,컴퍼스 패스웨이스(ADR),1975040073,1.39,14.55,BUY,
31,의료,VCEL,US20141126001,베리셀,1951304699,3.36,39.63,,
31,의료,BFLY,US20210216002,버터플라이 네트워크,1939982885,1.09,7.41,,
31,의료,GRFS,US20110602001,그리폴스(ADR),1937715594,-1.06,7.47,BUY,
31,의료,ALMR,NAS2604017001,알라마 바이오사이언스,1923577266,0.5,28.03,BUY,
31,의료,SNDA,US20211115011,소니다 시니어 리빙,1887291930,0.78,39.83,BUY,
31,의료,PRGO,US19911216001,페리고,1884043159,-0.07,13.65,HOLD,
31,의료,ASTH,US20171214001,아스트라나 헬스,1872499827,4.24,39.59,BUY,
31,의료,SGRY,US20151001002,서저리 파트너스,1871138924,-2.43,14.03,,JP모건 목표가 상향
31,의료,LMAT,US20061019001,르메트르 배스큘러,1831808768,0.37,80.89,BUY,
31,의료,NVCR,US20151001001,노보큐어,1795075412,4.71,16.24,BUY,
31,의료,PSNL,US20190619004,퍼스널리스,1720682213,0.43,16.28,BUY,
31,의료,BLFS,US20140327001,바이오라이프 솔루션즈,1699456838,1.32,35.41,HOLD,
31,의료,ATEC,US20060602001,알파텍 홀딩스,1624140246,2.55,10.85,BUY,
31,의료,ETON,US20181029001,이턴 파마슈티컬스,1621588842,0.88,57.58,BUY,
31,의료,ANIP,US19990913001,ANI 파마슈티컬스,1602469659,0.26,70.37,BUY,
31,의료,ARDT,NYS0240718001,아던트 헬스 파트너스,1539252085,0.18,11.0,BUY,
31,의료,HCSG,US19831122001,헬스케어 서비시스 그룹,1499348341,0.23,22.03,BUY,
31,의료,AGL,US20210414007,애질론 헬스,1498166704,2.91,92.38,HOLD,
31,의료,OMCL,US20010806001,옴니셀,1486602688,2.13,33.49,,
31,의료,INNV,US20210302007,이노베이지 홀딩,1457919223,0.19,10.77,HOLD,
31,의료,PAHC,US20140410001,피브로 애니멀 헬스,1437421108,1.07,36.0,HOLD,
31,의료,CNMD,US20200210004,콘메드,1378297081,0.17,46.38,HOLD,
31,의료,NUTX,US20220404007,뉴텍스 헬스,1362886842,8.38,217.02,BUY,
31,의료,PNTG,US20191001001,페넌트 그룹,1360880721,2.27,40.09,,
31,의료,OMER,US20091008001,오메로스,1315199355,-4.54,17.45,BUY,
31,의료,HROW,US20190102002,해로우,1284708842,-1.25,34.05,BUY,
31,의료,AMN,US20161027003,AMN 헬스케어 서비시스,1283393732,2.55,34.19,,목표주가 상향
31,의료,HLF,US20041216001,허벌라이프,1252064435,0.25,12.05,BUY,
31,의료,AORT,US20220124001,아티비언,1215358749,-0.44,24.97,BUY,
31,의료,MNKD,US20040728001,맨카인드,1198448163,0,3.75,BUY,
31,의료,IART,US19950816001,인테그라 라이프사이언시스 홀딩스,1198132127,1.35,15.71,HOLD,
31,의료,OMDA,NAS0250606003,오마다 헬스,1196190562,4.27,20.5,BUY,목표가 상향
31,의료,TNDM,US20131118001,탠덤 다이어비츠 케어,1183241207,-1.81,16.8,BUY,
31,의료,USPH,US19920528001,US 피지컬 테라피,1167560404,2.29,80.52,,JP모건 목표가 상향
31,의료,OPK,US20160624001,옵코 헬스,1164599075,-0.64,1.56,BUY,
31,의료,PRCT,US20210914012,프로셉트 바이오로보틱스,1160128328,3.14,21.02,HOLD,
31,의료,GDRX,US20200923003,굿알엑스 홀딩스,1149439520,5.01,3.56,,
31,의료,CERT,US20201209002,서타라,1144653769,6.09,8.01,HOLD,
31,의료,STAA,US19830707001,STAAR 서지컬,1129342479,1.77,23.06,HOLD,
31,의료,TDOC,US20150630002,텔러닥 헬스,1112357449,5.52,6.5,HOLD,
31,의료,ENOV,US20220405002,에노비스,1105096218,-5.5,18.22,BUY,
31,의료,LMRI,NAS0251211010,루멕사 이미징 홀딩스,1097178366,-0.87,11.39,,
31,의료,BVS,US20210210005,바이오벤투스,1084864946,1.39,13.16,BUY,
31,의료,BRBR,US20191016004,벨링 브랜즈,1056310011,0.66,9.2,BUY,
31,의료,IRMD,US20140716001,아이라디메드,1044943369,0.27,82.44,BUY,
31,의료,AMPH,US20140624001,앰퍼스타 파마슈티컬스,1005391635,0.63,23.93,HOLD,
31,의료,PCRX,US20110203001,파시라 바이오사이언시스,1004740745,-2.76,24.66,BUY,
31,의료,CSTL,US20190724001,캐슬 바이오사이언시스,981650366,3.43,33.44,BUY,
31,의료,HELP,US20210805003,CYBIN INC,974710225,4.86,13.6,BUY,
31,의료,CBLL,NAS0241011003,세리벨,901351375,3.17,24.38,,
31,의료,INMD,US20190807001,인모드,851247370,-0.13,14.88,HOLD,
31,의료,HSTM,US20000411002,헬스스트림,845991165,1.82,29.64,BUY,
31,의료,AHCO,US20191111001,어댑트헬스,821213730,-2.81,5.89,BUY,
31,의료,SIBN,US20181017003,SI 본,818748418,1.63,18.68,BUY,
31,의료,AVR,NAS0241213002,안테리스 테크놀로지스,808822092,4.31,8.71,BUY,
31,의료,QDEL,US19920303002,퀴델오서,802898660,-5.69,11.11,HOLD,
31,의료,WOOF,US20210113009,펫코 헬스 앤 웰니스,789477210,-1.22,2.42,HOLD,
31,의료,TRNS,US19900327005,트랜스캣,784319809,-2.53,82.18,BUY,
31,의료,VREX,US20170130001,바렉스 이미징,773318195,0,18.46,HOLD,
31,의료,DBVT,US20141022001,DBV 테크놀로지스(ADR),740181881,4.22,12.35,,
31,의료,COLL,US20150505002,콜레지움 파마슈티컬,736129463,0.22,22.8,BUY,
31,의료,ACHV,US20170803001,어치브 라이프 사이언스,722067016,2.41,7.23,BUY,
31,의료,GYRE,US20150821001,자이어 테라퓨틱스,709261132,-0.3,6.71,,
31,의료,ZVRA,NAS0230301006,지브러 테라퓨틱스,708855602,0.33,12.05,BUY,
31,의료,GMRS,NYS2605013001,GMR 솔루션즈,686192729,3.76,13.26,BUY,목표가 상향
31,의료,SSII,NAS0250425006,SS 이노베이션스 인터내셔널,659236231,1.51,3.36,BUY,
31,의료,SOPH,US20210722009,소피아 제네틱스,656234577,-0.38,7.84,BUY,
31,의료,NGVC,US20120725001,내추럴 그로서스 바이 바이타민 코티지,654180923,2.8,29.36,BUY,
31,의료,ANGO,US20040527002,앤지오다이내믹스,627301704,1.51,15.5,BUY,
31,의료,STLN,US20211115009,스타링 온콜로지,624992703,5.51,6.51,BUY,
31,의료,KE,US20141104003,킴볼 일렉트로닉스,623396314,-8.64,23.91,BUY,
31,의료,CTEV,US20201009009,CLARITEV CORPORATION,606056029,1.28,36.44,BUY,
31,의료,AQST,US20180724001,어퀴스티브 테라퓨틱스,596291818,2.09,4.88,,
31,의료,CTKB,US20210722004,사이텍 바이오사이언시스,595573340,5.21,4.85,BUY,
31,의료,KIDS,US20171011003,오서피디아트릭스,572474011,1.45,22.38,,
31,의료,FLGT,US20160928002,펄젠트 제네틱스,559260796,0.98,20.65,HOLD,
31,의료,BWAY,US20190416001,브레인스웨이(ADR),556686006,-2.37,13.6,BUY,
31,의료,EOLS,US20180207001,에볼러스,514681669,0.89,7.91,BUY,
31,의료,CSV,US19960809002,캐리지 서비시스,513346665,0.98,32.84,BUY,
31,의료,TCMD,US20160728002,택타일 시스템즈 테크놀로지,504320911,0.71,22.56,BUY,
31,의료,RLMD,US20191010002,렐마다 테라퓨틱스,479211272,-1.77,4.44,BUY,
31,의료,NPCE,US20210420003,뉴로페이스,478977806,3.85,14.58,BUY,
31,의료,EVH,US20150605002,에볼런트 헬스,470833518,-2.15,4.1,BUY,
31,의료,NRC,US20180418004,내셔널 리서치,464320050,5.78,22.34,BUY,
31,의료,SENS,US20160316001,센서닉스 홀딩스,457728210,1.49,8.84,HOLD,iLet 통합 협력
31,의료,SGHT,US20210714016,사이트 사이언시스,445685242,-0.12,8.13,,
31,의료,MCTA,NAS0251021006,차밍 메디컬,442836649,0,29.35,,
31,의료,CLPT,US20200212002,클리어포인트 뉴로,415969087,-1.9,13.46,BUY,
31,의료,CYH,US20000609001,커뮤니티 헬스 시스템즈,409239651,1.03,2.95,HOLD,
31,의료,PRE,US20220518002,프레네틱스 글로벌,399906595,3.24,24.23,BUY,
31,의료,CARL,NAS0250723002,칼스메드,399720065,4.14,15.34,BUY,
31,의료,MASS,US20201217007,908 디바이시스,391100352,2.21,9.73,BUY,
31,의료,TTRX,NAS0251008003,턴 테라퓨틱스,384721879,6.3,13.49,BUY,
31,의료,SI,NYS0250729003,숄더 이노베이션스,383425780,-0.97,18.35,BUY,
31,의료,AUNA,NYS0240322001,아우나 S.A.,380316588,-1.55,5.09,,
31,의료,OBIO,NAS0230127004,오케스트라 바이오메드 홀딩스,365602620,-3.59,5.9,BUY,
31,의료,EYPT,US20180402001,아이포인트 파마슈티컬스,362456344,0.47,4.25,BUY,
31,의료,OFIX,US19920424001,오서픽스 메디컬,361526884,2.02,9.11,,
31,의료,MOVE,US20210318010,모바노,349038043,-1.53,10.96,,
31,의료,VMD,US20190809001,비메드 헬스케어,332756513,0.68,8.85,BUY,
31,의료,QTTB,US20180328001,Q32 바이오,328428582,-1.53,10.93,BUY,
31,의료,CV,NAS0250702002,캡소비전,328297936,-1.36,6.51,BUY,
31,의료,MYGN,US19951006001,미리아드 제네틱스,325129511,11.11,3.8,HOLD,
31,의료,SMTI,US20201102002,사나라 메드테크,318892127,0.17,34.98,HOLD,
31,의료,CATX,AMX0230221001,퍼스펙티브 테라퓨틱스,318812605,3.91,2.92,BUY,
31,의료,RCEL,US20191001002,아비타 메디컬,303696308,3.14,10.19,BUY,
31,의료,TMCI,US20210421004,트리스 메디컬 컨셉츠,291519505,2.66,4.63,HOLD,
31,의료,AMRN,US19930401001,아마린(ADR),289719811,1.45,14.0,SELL,
31,의료,RCMT,US19950818016,RCM 테크놀로지스,283475508,-0.15,40.05,,
31,의료,BDSX,US20201028002,바이오데식스,282778136,1.63,27.4,BUY,
31,의료,EMBC,US20220401003,엠벡타,278193749,5.87,5.23,HOLD,
31,의료,ANIK,US19930503001,아니카 테라퓨틱스,277468445,1.39,21.15,,
31,의료,NNNN,NAS0250219002,안비오 바이오테크놀로지,276575454,-3.79,6.1,,
31,의료,USNA,US19930422002,유사나 헬스 사이언시스,275827371,1.66,15.27,HOLD,
31,의료,SY,US20190501003,소 영 인터내셔널(ADR),271004063,-3.32,2.62,,
31,의료,RXST,US20210729012,RX사이트,248866438,1.5,6.11,HOLD,
31,의료,INFU,US20060615001,인퓨시스템 홀딩스,240519930,0.82,12.25,BUY,
31,의료,NATR,US19900326035,네이처스 선샤인 프로덕츠,236967247,-0.66,13.46,,
31,의료,NUS,US19961122002,뉴스킨,234643863,0.41,4.87,,
31,의료,ACU,US19840907016,애크미 유나이티드,231371970,-0.26,60.56,BUY,
31,의료,CRDL,US20210810003,카르디올 테라퓨틱스,230363784,0,1.99,BUY,
31,의료,STIM,US20180627002,뉴로네틱스,229471465,-4.29,2.9,BUY,매수의견 개시
31,의료,ELMD,US20100813001,일렉트로메드,226589484,-3.12,26.4,BUY,
31,의료,OSUR,US19920317007,오라슈어 테크놀로지스,222782905,3.69,3.37,HOLD,
31,의료,SPOK,US20140710001,스폭 홀딩스,221421369,2.16,10.88,,
31,의료,UTMD,US19990308002,유타 메디컬 프로덕츠,220592244,1.85,71.0,,
31,의료,AMWL,US20200916009,아메리칸 웰,219767200,6.69,13.87,,
31,의료,PROF,US20191029005,프로파운드 메드,216771290,-3.18,5.78,BUY,
31,의료,SIGA,US20180322002,시가 테크놀로지스,216378749,3.96,3.15,,
31,의료,SLGL,US20180131003,솔 젤 테크놀로지스,214572671,-1.67,64.84,BUY,
31,의료,TNXP,US20090213003,토닉스 파마슈티컬스 홀딩,202342772,-1.18,11.73,BUY,
31,의료,PDEX,US19860807002,프로 덱스,199960109,6.42,66.83,BUY,목표가 상향
31,의료,FOCL,US19970801001,EDAP TMS(ADR),192222150,0,4.1,BUY,
31,의료,ORGO,US20181217001,오가노제네시스 홀딩스,190557410,0.67,1.5,HOLD,
31,의료,USBC,US20220916004,USBC,188608089,-2.84,0.475,,
31,의료,LFMD,US20210222002,라이프엠디,178121231,12.79,3.44,BUY,
31,의료,AIRS,US20211028001,에어스컬프 테크놀로지스,173407826,-1.65,2.38,HOLD,
31,의료,XGN,US20190918002,엑사젠,169266927,4.69,7.36,BUY,
31,의료,MDWD,US20140319001,메디운드,167466887,5.95,13.89,,3상 지속 권고
31,의료,ZJYL,NAS0230328007,진 메디컬 인터내셔널,161366449,-9.66,1.87,,
31,의료,DERM,US20211112006,저니 메디컬,159703769,2.35,7.4,,
31,의료,HUMA,US20210827005,휴마사이트,156717894,-0.12,0.5669,BUY,
31,의료,NYXH,US20210701005,닉소,155878765,4.55,1.61,BUY,
31,의료,DH,US20210914003,데피니티브 헬스케어,151155118,-1.9,1.03,HOLD,
31,의료,MENS,NAS0250617002,지용 바이오테크,150373622,5.53,2.1,,
31,의료,LUCD,US20211014005,루시드 다이어그노스틱스,148583296,-0.04,0.7826,,
31,의료,WW,ETC0250627001,WW 인터내셔널,146881636,2.77,15.19,,
31,의료,FBIO,US20150429002,포트리스 바이오테크,146378245,0,2.52,,
31,의료,NRXP,US20210525004,NRX 파마슈티컬,146309079,2.65,3.49,BUY,유럽 특허 획득
31,의료,NAKA,NAS0240531002,카인들리 MD,145666988,-0.85,8.12,BUY,
31,의료,KRMD,US20191024003,코루 메디컬 시스템즈,145014613,-0.32,3.15,BUY,
31,의료,LENZ,US20210624006,렌즈 테라퓨틱스,141155003,-1.11,4.47,BUY,
31,의료,INGN,US20140214001,이노젠,140060330,-1.32,5.24,BUY,
31,의료,IMDX,US20210308009,인사이트 몰레큘러 다이어그노스틱스,136604927,-4.29,4.02,BUY,
31,의료,OPRX,US20180622002,옵티마이즈RX,136477796,7.0,7.8,BUY,
31,의료,MED,US19810324001,메디패스트,133795812,-0.33,12.0,,
31,의료,HSDT,US20180411001,헬리우스 메디컬 테크놀로지스,133400889,4.05,2.31,BUY,
31,의료,BNR,US20200612002,버닝 록 바이오테크(ADR),128720340,-3.91,11.8,,
31,의료,AGPU,US20190614001,액스컴퓨트,128684324,-3.04,10.83,,
31,의료,STXS,US20190906001,스테레오택시스,128473570,3.1,1.33,BUY,
31,의료,HCAT,US20190724002,헬스 캐털리스트,127156678,7.65,1.83,HOLD,
31,의료,STEX,US20180921001,스트리멕스,121870171,-3.63,0.6373,,
31,의료,APYX,US20190102001,에이픽스메디컬,121415676,4.48,3.03,BUY,
31,의료,MIST,US20190507001,마일스톤 파마슈티컬스,121277326,-2.08,0.9597,BUY,
31,의료,QTRX,US20171207005,퀀테릭스,120332890,-1.17,2.53,HOLD,
31,의료,QUCY,US20211103011,퀀텀 사이버 NV,111965294,-1.49,1.32,BUY,
31,의료,JYNT,US20141107001,조인트,110347589,5.73,8.3,,
31,의료,BGM,US20210111003,BGM 그룹,104722243,-5.17,0.2494,,
31,의료,PYPD,US20200625004,폴리피드,103968513,3.11,5.31,,
31,의료,MBAI,US20150319001,체크-캡,97282620,-1.56,6.3,,
31,의료,MBOT,US20161129001,마이크로봇 메디컬,96795831,0,1.45,BUY,B. 라일리 매수유지
31,의료,CPIX,US20090811001,컴벌랜드 파마슈티컬스,95158954,3.91,6.64,,
31,의료,LNSR,US20201002005,렌자,92803905,2.76,7.81,BUY,
31,의료,SKIN,US20210506004,뷰티 헬스,90543715,0.01,0.7001,,
31,의료,ICCC,US19950710001,이뮤셀,88914802,-0.51,9.8,,
31,의료,CCLD,NAS0230110003,케어클라우드,86581868,1.95,2.09,,
31,의료,ECOR,NAS0230215003,일렉트로코어,86204583,1.25,9.74,,
31,의료,BARK,US20210602004,바크,86103243,-4.69,9.14,BUY,
31,의료,FTLF,NAS0230918004,핏라이프 브랜즈,85965010,0.43,9.25,,
31,의료,NTRB,US20211001010,뉴트리밴드,84088291,0.72,7.01,,
31,의료,HYPR,US20211223007,하이퍼파인,83278751,1.76,0.804,BUY,매수의견 재확인
31,의료,ACH,US19880129002,액센드라 헬스,82551236,3.7,1.12,HOLD,
31,의료,SERA,US20210713003,세라 프로그노스틱스,79594688,-1.97,1.99,BUY,
31,의료,LUNG,US20201001009,풀모넥스,78970396,7.03,1.98,BUY,
31,의료,LFVN,US19970310001,라이프밴티지,76822993,1.46,6.26,BUY,
31,의료,CVRX,US20210629002,CVRX,76260502,3.82,2.99,BUY,
31,의료,OKYO,US20220516002,오쿄 파마(ADR),73023874,0,1.4,,
31,의료,CING,US20211006001,싱귤레이트,72555374,1.99,5.12,BUY,
31,의료,CSBR,US20150821002,챔피언스 온콜로지,70552382,-3.53,4.92,,
31,의료,GEG,US20201229001,그레이트 엘름 그룹,67992127,-0.91,2.18,,
31,의료,DRIO,US20160307001,다리오헬스,67496807,1.59,7.04,BUY,
31,의료,MDXH,US20211103009,MDX헬스(ADR),66821628,1.48,0.715,BUY,
31,의료,DXR,US20220202002,닥소,66556594,-2.96,11.13,,
31,의료,PIII,US20211206007,P3 헬스 파트너스,60837289,-2.49,8.22,BUY,
31,의료,OM,US20200915005,아웃셋 메디컬,59971413,-1.56,3.16,BUY,
31,의료,SKYA,US20220414005,SKYAI INC,59318078,2.9,1.42,,인수 제안 거부
31,의료,HIT,NAS0241223002,헬스 인 테크,58993250,-1.9,0.8885,,
31,의료,COCH,US20210422001,엔보이 메디컬,56938580,-1.24,0.731,BUY,
31,의료,DLHC,US19950818002,DLH 홀딩스,56610738,-4.33,3.76,,
31,의료,NNOX,US20200820003,나노엑스 이미징,56536023,-3.08,0.7015,BUY,상용화 진전 부각
31,의료,APT,US20000404002,알파 프로 테크,52647665,0.19,5.2,,
31,의료,SRTS,US20160725003,센서스 헬스케어,51539669,-0.95,3.12,,
31,의료,MDAI,US20210326005,스펙트럴 AI,51182258,0.63,1.61,BUY,
31,의료,MYO,US20170609002,마이모,51176618,0,1.3,,
31,의료,NEPH,US20190814002,네프로스,48249083,-0.89,4.43,BUY,
31,의료,XTNT,US20151019001,엑스턴트 메디컬 홀딩스,48216126,-5.15,0.328,BUY,
31,의료,BTMD,US20220829002,바이오티,47492515,6.02,1.41,,
31,의료,POCI,NAS0221116002,프리시전 옵틱스,47429001,0,4.36,BUY,
31,의료,GRCE,US20130107002,그레이스 테라퓨틱스,46415348,3.6,2.3,,
31,의료,ZYBT,NAS0250107003,정예 바이오테크놀로지 홀딩,45793146,-8.39,1.42,,
31,의료,TELA,US20191107003,텔라 바이오,43282693,7.22,1.04,,
31,의료,BHST,NAS0241112002,바이오하베스트 사이언시스,41680107,-2.7,1.8,,
31,의료,NSRX,AMX0250813004,나서스 파마,39631283,7.35,3.65,,
31,의료,MLSS,US20150601002,마일스톤 사이언티픽,39160238,-4.5,0.424,,
31,의료,IXHL,US20220225003,인카넥스 헬스케어,38766896,1.23,3.3,BUY,
31,의료,ONMD,US20210624001,원메드넷,38454700,2.67,0.67,,
31,의료,QTI,NAS0230426002,QT 이미징 홀딩스,38405090,-1.52,2.6,,
31,의료,NSPR,US20210521002,인스파이어MD,36498106,2.46,0.8093,,
31,의료,ELUT,US20201007001,일루시아,35655790,-3.09,0.785,,
31,의료,PETS,US19970917001,펫메드 익스프레스,35552356,1.21,1.67,,
31,의료,PTHL,NAS0240905005,아이토닉 홀딩스,35261783,-4.49,0.2895,,
31,의료,SNWV,NAS0250307007,사누웨이브 헬스,35054664,4.39,4.28,BUY,
31,의료,DCGO,US20211108001,독고,34640201,6.5,0.3752,BUY,
31,의료,EUDA,NAS0221118001,이유다 헬스 홀딩스,33344349,23.12,16.56,,
31,의료,PAVM,US20160727001,파브메드,33219380,0.24,4.19,,
31,의료,UG,US19920317011,유나이티드 가디언,32740644,-0.14,7.16,,
31,의료,MIRA,NAS0230803001,미라 파머슈티컬스,32318654,-2.74,0.7526,,
31,의료,RMTI,US19980127002,록웰 메디컬,31887108,-1.51,7.84,,
31,의료,NSYS,US19930624001,노테크 시스템즈,31739156,-0.09,11.18,,
31,의료,ARAY,US20070208001,애큐레이,29701713,-0.84,0.2481,HOLD,레이서치 협력 확대
31,의료,ABVC,US20210803001,ABVC 바이오파마,25964839,3.05,1.01,,
31,의료,COSM,NAS0221216001,코스모스 헬스,25365295,7.06,0.2715,,5년 생산계약
31,의료,COCP,US20180312005,코크리스털 파마,23740892,-4.84,1.18,BUY,
31,의료,BFRI,US20211014001,바이오프론테라,22880949,-12.26,1.36,,
31,의료,BEAT,US20211111001,허트빔,22760832,-0.17,0.4057,BUY,
31,의료,UPC,US20210322008,유니버스 파머슈티컬스,21772923,9.86,4.79,,
31,의료,AYTU,NAS0230106001,아이투 바이오파마,21229000,0,1.99,,
31,의료,MODD,US20220210007,모듈러 메디컬,20577001,-0.79,2.52,,
31,의료,PBM,US20211210008,사이언스 바이오메디컬,20471926,9.44,5.91,,미국 개발 자회사 설립
31,의료,RVP,US20010504001,리트랙터블 테크놀로지스,20236261,0.28,0.682,,
31,의료,LFWD,US20140911003,라이프워드,20041430,-0.14,7.11,,
31,의료,LPCN,US20140324001,리포신,18600477,-2.2,2.22,BUY,
31,의료,KTTA,US20210811004,파시테아 테라퓨틱스,17601799,-1.62,0.5214,,
31,의료,AIFF,US20211217014,파이어플라이 뉴로사이언스,16686389,-0.93,1.06,,
31,의료,TOMZ,US20201001014,토미 인바이런멘틀 솔루션스,15767340,3.09,1.67,,
31,의료,MTEX,US19990216001,매나테크,15746104,-2.56,8.0,,
31,의료,PLSM,NAS0260121001,펄스앤모어,15641039,1.65,2.46,,
31,의료,HSCS,US20220613001,하트사이언시스,14707603,5.9,3.59,,
31,의료,HIND,NAS0221223002,바이옴 홀딩스,14370113,0,2.06,BUY,
31,의료,BNGO,US20180730001,바이오나노 지노믹스,14280434,9.84,1.34,BUY,
31,의료,NMTC,US20210526003,뉴로원 메디컬 테크놀로지스,14118477,-3.21,1.51,,
31,의료,NHTC,US20150217002,내추럴 헬스 트렌즈,13385201,3.18,1.62,,
31,의료,ICU,US20221031005,시스타 메디컬 홀딩,13271405,0.66,3.05,,
31,의료,PMI,AMX0250829001,피카드 메디컬,12389003,17.45,6.26,,
31,의료,ADGM,US20210226002,아다지오 메디컬 홀딩스,12384181,-19.7,0.4505,BUY,
31,의료,NAII,US19931028001,내추럴 얼터너티브스 인터내셔널,12224541,0,1.96,,
31,의료,SINT,NAS0221220007,SINTX 테크놀로지스,11923100,-0.56,1.79,BUY,
31,의료,KPRX,US20211108012,키오라 파마슈티컬스,11653219,0,2.65,,
31,의료,IRIX,US19960216001,이리덱스,11522237,-2.61,0.6428,,
31,의료,HCTI,US20211005002,헬스케어 트라이앵글,11098345,-0.39,0.7428,,
31,의료,AIMD,US20220809005,아이노스,10568306,-4.86,1.37,,AI 노즈 초기 주문
31,의료,BMRA,US20160826001,바이오메리카,10216683,5.8,2.37,,
31,의료,AMS,US19840907018,아메리칸 셰어드 호스피털 서비시스,9745706,-1.36,1.45,,
31,의료,BIAF,US20220810002,바이오어피니티 테크놀로지스,9218183,-0.75,7.89,,
31,의료,BFRG,NAS0230120001,불프로그 AI 홀딩스,8770231,-0.99,0.4712,,
31,의료,MGRX,NAS0230317004,망고슈티컬스,8634449,3.25,0.4159,,
31,의료,AMIX,NAS0240129001,오토노믹스 메디컬,8512765,-0.92,4.33,BUY,
31,의료,CUPR,NAS0250410003,쿠프리나 홀딩스,8394499,1.9,3.21,,
31,의료,NDRA,NAS0221209003,엔드라 라이프 사이언시스,8377754,3.56,5.82,,
31,의료,WOK,NAS0240823002,워크 메디컬 테크놀로지 그룹,8347894,1.06,1.9,,
31,의료,XWEL,US20221025003,엑스웰,8235600,-3.61,0.9299,,
31,의료,CLGN,US20180131001,콜플란트 바이오테크놀로지스,7876672,-0.29,3.49,BUY,
31,의료,ICCM,US20210826004,아이스큐어 메디컬,7526917,-3.62,2.13,BUY,
31,의료,GELS,NAS0241029001,젤텍,7453141,-2.87,0.68,,
31,의료,ACON,US20220422001,애클래리언,7448523,-0.77,2.58,,
31,의료,BMGL,NAS0250225001,바젤 메디컬 그룹,7126231,59.39,7.3,,
31,의료,NVNO,US20211001011,엔베노 메디컬,7118136,-10.58,9.38,BUY,
31,의료,INBS,NAS0230210005,인텔리전트 바이오 솔루션스,7021763,-2.82,2.07,BUY,
31,의료,MRM,US20201229002,메디롬 헬스케어 테크놀로지스(ADR),6518674,3.81,0.8616,,
31,의료,TRIB,US19950818018,트리니티 바이오테크(ADR),6255311,-3.49,7.47,,
31,의료,SNOA,US20161206001,소노마 파마슈티컬스,6210837,-0.77,1.29,,
31,의료,VVOS,US20201210008,비보스 테라퓨틱스,6146464,-3.97,0.1767,,
31,의료,PCSA,US20200929002,프로세사 파머슈티컬스,5774856,-9.62,1.88,,
31,의료,VNRX,US20150209001,볼리션RX,5656889,0.61,0.3121,BUY,
31,의료,PULM,US20150617003,풀매트릭스,5118358,2.84,1.45,,
31,의료,BTTC,US20151012001,블랙 타이탄,4949152,0.69,0.366,,
31,의료,DRMA,NAS0230314001,더메타 테라퓨틱스,4757199,-3.36,1.15,,
31,의료,VIVS,US20160808001,비보심 랩스,4667039,-0.71,0.2811,,
31,의료,SBFM,US20220215009,선샤인 바이오파머,4084945,0.94,1.07,,
31,의료,BJDX,US20211110005,블루제이 다이어그노스틱스,3984764,-5.26,0.8501,,
31,의료,NXL,US20220916005,넥설린 테크놀로지,3973355,3.53,4.99,,
31,의료,PAVS,NAS0230314003,파라노부스 엔터테인먼트 테크놀로지,3889537,-2.0,4.41,,
31,의료,SILO,US20220927006,사일로 파머,3659401,-1.43,2.07,,
31,의료,SHPH,US20220831003,셔틀 파머슈티컬스 홀딩스,3603981,-2.27,3.45,,주식 발행 부담
31,의료,VRAX,US20220713007,바이랙스 바이오랩스 그룹,3513775,-2.25,2.61,,
31,의료,VTAK,US20201222012,캐시터 프리시전,3299888,-4.86,0.1665,,
31,의료,SXTP,NAS0230615005,60 디그리스 파머슈티컬스,3146011,-0.17,0.8985,BUY,
31,의료,NXGL,US20211217007,넥스겔,2820263,-3.57,0.2807,HOLD,
31,의료,NUWE,NAS0221212006,누웰리스,2805789,2.38,0.7924,,
31,의료,MEDS,NAS0250221004,데이터메즈 AI,2739247,-2.02,0.8819,,
31,의료,PRFX,US20200901003,페인리폼,2600344,-0.01,0.86,,
31,의료,AEMD,US20150713001,애슬론 메디컬,2439317,0,1.53,,
31,의료,ATPC,NAS0231011003,아가페 ATP,2366886,-1.69,2.33,,
31,의료,NIVF,US20220317002,뉴젠IVF 그룹,2215206,-12.34,0.9292,,
31,의료,GCTK,US20220314002,글루코트랙,2023495,-3.53,2.46,,주식 희석 부담
31,의료,MNDR,NAS0240410001,모바일 헬스 네트워크 솔루션스,1626549,5.11,1.44,,
31,의료,SNYR,NAS0241023008,시너지 CHC,1489799,-9.54,0.091,BUY,
31,의료,BDRX,NAS0230327002,바이오덱사 파머슈티컬스(ADR),1329637,-14.62,1.11,,
311,바이오시밀러,NVS,US19961107001,노바티스(ADR),259114289886,1.33,138.99,HOLD,지배구조 개선 압박
311,바이오시밀러,PFE,US19510622001,화이자,157032712875,0,27.72,HOLD,
311,바이오시밀러,GSK,US19870610001,글락소스미스클라인(ADR),96760153152,3.99,50.05,BUY,
311,바이오시밀러,VTRS,US20201117005,비아트리스,18847743091,0.85,16.65,BUY,
311,바이오시밀러,ALVO,US20220616002,알보테크,2052803698,-4.54,5.05,BUY,
311,바이오시밀러,CHRS,US20141106001,코히러스 바이오사이언시스,204234808,6.77,1.42,BUY,
439,콩,CRESY,US19970319001,크레수드(ADR),762387180,-0.16,12.12,,
439,콩,COOT,US20201210002,오스트레일리안 오일시즈 홀딩스,22223085,-10.86,0.4268,,
925,의료서비스,UNH,US19911010002,유나이티드헬스 그룹,338196883779,1.8,383.55,BUY,의료 섹터 약세
925,의료서비스,CVS,US19521001001,CVS 헬스,120329996933,0.94,95.55,BUY,타이레놀 소송 부담
925,의료서비스,HCA,US20110310001,HCA 헬스케어,91870203415,-0.34,425.49,BUY,
925,의료서비스,CI,US19820401001,시그나 그룹,73736329598,3.31,290.05,BUY,
925,의료서비스,HUM,US19710518001,휴매나,48909212458,-0.68,407.02,BUY,
925,의료서비스,VEEV,US20131017004,비바 시스템즈,42226135928,1.25,265.67,BUY,
925,의료서비스,CNC,US20011213001,센틴,32611317676,4.5,69.41,BUY,목표가 상향
925,의료서비스,GEHC,NAS0230104002,GE 헬스케어,28700436316,0.5,64.25,BUY,
925,의료서비스,PHG,US19870414001,필립스(ADR),23888561173,1.99,25.08,BUY,
925,의료서비스,THC,US19760331001,테넷 헬스케어,21102745208,0.31,264.51,BUY,
925,의료서비스,SOLV,NYS0240401001,솔벤텀,14795404276,2.71,89.82,BUY,
925,의료서비스,BTSG,NAS0240126002,브라이트스프링 헬스 서비시스,13092977895,2.62,60.27,BUY,
925,의료서비스,EHC,US20180102004,인컴퍼스 헬스,11933976326,0.67,122.53,BUY,
925,의료서비스,FMS,US19960917001,프레제니우스 메디컬 케어(ADR),11822657997,2.28,22.86,SELL,
925,의료서비스,DVA,US19951031001,다비타,11512346552,4.28,189.32,HOLD,
925,의료서비스,SCI,US19870723001,서비스 코퍼레이션 인터내셔널,11136292242,-1.13,81.28,,
925,의료서비스,MOH,US20030702001,몰리나 헬스케어,10595878334,4.82,214.07,HOLD,
925,의료서비스,UHS,US19910607001,유니버설 헬스 서비시스,10241117098,-0.9,173.25,HOLD,
925,의료서비스,ENSG,US20071109002,엔사인 그룹,10078222208,0.5,174.85,BUY,
925,의료서비스,BIO,US19800229001,바이오 래드 래버러토리스,9793473169,-0.21,368.55,HOLD,
925,의료서비스,BIO.B,US19990921001,바이오 래드 래버러토리스,9793473169,2.21,373.15,,
925,의료서비스,HNGE,NYS0250522001,힌지 헬스,7105180455,7.0,94.79,BUY,
925,의료서비스,PACS,NYS0240410001,팍스 그룹,7043939310,-0.47,44.55,BUY,
925,의료서비스,CHE,US19820629001,케미드,6699632842,-0.33,514.29,,
925,의료서비스,HIMS,US20210121009,힘스 앤 허스 헬스,6379361598,4.73,28.81,HOLD,
925,의료서비스,LFST,US20210609005,라이프스탠스 헬스 그룹,4926352401,3.16,13.38,BUY,
925,의료서비스,DOCS,US20210623012,독시미티,4531763181,3.17,26.39,HOLD,
925,의료서비스,CON,NYS0240725001,콘센트라 그룹 홀딩스,4394864749,2.46,35.81,BUY,
925,의료서비스,HTFL,NAS0250808007,하트플로우,4310831715,-0.66,49.55,BUY,
925,의료서비스,OPCH,US20200203003,옵션 케어 헬스,3495538127,2.17,23.99,BUY,
925,의료서비스,NHC,US19870120001,내셔널 헬스 케어,3494102752,1.47,227.76,,
925,의료서비스,CRVL,US19910628001,코르벨,3477971138,4.22,72.19,,
925,의료서비스,OSIS,US19971002001,OSI 시스템즈,3236949798,-2.18,199.83,BUY,
925,의료서비스,AVAH,US20210426003,애비아나 헬스케어 홀딩스,3054814034,2.13,14.38,BUY,JP모건 목표가 상향
925,의료서비스,BKD,US20051122001,브룩데일 시니어 리빙,2881584145,-1.89,11.91,BUY,
925,의료서비스,GRDN,NYS0240926002,가디언 파마시 서비시스,2747422944,6.53,46.49,BUY,
925,의료서비스,ACHC,US20111101001,아카디아 헬스케어,2624243395,-1.27,28.0,BUY,목표주가 상향
925,의료서비스,PRVA,US20210428003,프리비아 헬스 그룹,2592446940,2.2,20.87,BUY,
925,의료서비스,CDNA,US20140717001,케어DX,2584326242,4.18,52.36,BUY,
925,의료서비스,WGS,US20210723008,진DX 홀딩스,2527332389,5.25,89.74,,
925,의료서비스,ADUS,US20091027001,아듀스 홈케어,2173256864,0.2,117.33,,
925,의료서비스,MD,US19590331001,피디애트릭 메디컬 그룹,2161902716,0.52,26.91,HOLD,
925,의료서비스,SNDA,US20211115011,소니다 시니어 리빙,1887291930,0.78,39.83,BUY,
925,의료서비스,SGRY,US20151001002,서저리 파트너스,1871138924,-2.43,14.03,,JP모건 목표가 상향
925,의료서비스,PSNL,US20190619004,퍼스널리스,1720682213,0.43,16.28,BUY,
925,의료서비스,BLFS,US20140327001,바이오라이프 솔루션즈,1699456838,1.32,35.41,HOLD,
925,의료서비스,ARDT,NYS0240718001,아던트 헬스 파트너스,1539252085,0.18,11.0,BUY,
925,의료서비스,HCSG,US19831122001,헬스케어 서비시스 그룹,1499348341,0.23,22.03,BUY,
925,의료서비스,AGL,US20210414007,애질론 헬스,1498166704,2.91,92.38,HOLD,
925,의료서비스,OMCL,US20010806001,옴니셀,1486602688,2.13,33.49,,
925,의료서비스,INNV,US20210302007,이노베이지 홀딩,1457919223,0.19,10.77,HOLD,
925,의료서비스,NUTX,US20220404007,뉴텍스 헬스,1362886842,8.38,217.02,BUY,
925,의료서비스,PNTG,US20191001001,페넌트 그룹,1360880721,2.27,40.09,,
925,의료서비스,AMN,US20161027003,AMN 헬스케어 서비시스,1283393732,2.55,34.19,,목표주가 상향
925,의료서비스,OMDA,NAS0250606003,오마다 헬스,1196190562,4.27,20.5,BUY,목표가 상향
925,의료서비스,USPH,US19920528001,US 피지컬 테라피,1167560404,2.29,80.52,,JP모건 목표가 상향
925,의료서비스,GDRX,US20200923003,굿알엑스 홀딩스,1149439520,5.01,3.56,,
925,의료서비스,CERT,US20201209002,서타라,1144653769,6.09,8.01,HOLD,
925,의료서비스,TDOC,US20150630002,텔러닥 헬스,1112357449,5.52,6.5,HOLD,
925,의료서비스,HELP,US20210805003,CYBIN INC,974710225,4.86,13.6,BUY,
925,의료서비스,HSTM,US20000411002,헬스스트림,845991165,1.82,29.64,BUY,
925,의료서비스,GMRS,NYS2605013001,GMR 솔루션즈,686192729,3.76,13.26,BUY,목표가 상향
925,의료서비스,SOPH,US20210722009,소피아 제네틱스,656234577,-0.38,7.84,BUY,
925,의료서비스,STLN,US20211115009,스타링 온콜로지,624992703,5.51,6.51,BUY,
925,의료서비스,CTEV,US20201009009,CLARITEV CORPORATION,606056029,1.28,36.44,BUY,
925,의료서비스,CSV,US19960809002,캐리지 서비시스,513346665,0.98,32.84,BUY,
925,의료서비스,EVH,US20150605002,에볼런트 헬스,470833518,-2.15,4.1,BUY,
925,의료서비스,NRC,US20180418004,내셔널 리서치,464320050,5.78,22.34,BUY,
925,의료서비스,MCTA,NAS0251021006,차밍 메디컬,442836649,0,29.35,,
925,의료서비스,CYH,US20000609001,커뮤니티 헬스 시스템즈,409239651,1.03,2.95,HOLD,
925,의료서비스,CARL,NAS0250723002,칼스메드,399720065,4.14,15.34,BUY,
925,의료서비스,AUNA,NYS0240322001,아우나 S.A.,380316588,-1.55,5.09,,
925,의료서비스,RCMT,US19950818016,RCM 테크놀로지스,283475508,-0.15,40.05,,
925,의료서비스,SY,US20190501003,소 영 인터내셔널(ADR),271004063,-3.32,2.62,,
925,의료서비스,ACU,US19840907016,애크미 유나이티드,231371970,-0.26,60.56,BUY,
925,의료서비스,SPOK,US20140710001,스폭 홀딩스,221421369,2.16,10.88,,
925,의료서비스,AMWL,US20200916009,아메리칸 웰,219767200,6.69,13.87,,
925,의료서비스,LFMD,US20210222002,라이프엠디,178121231,12.79,3.44,BUY,
925,의료서비스,AIRS,US20211028001,에어스컬프 테크놀로지스,173407826,-1.65,2.38,HOLD,
925,의료서비스,DH,US20210914003,데피니티브 헬스케어,151155118,-1.9,1.03,HOLD,
925,의료서비스,WW,ETC0250627001,WW 인터내셔널,146881636,2.77,15.19,,
925,의료서비스,NAKA,NAS0240531002,카인들리 MD,145666988,-0.85,8.12,BUY,
925,의료서비스,OPRX,US20180622002,옵티마이즈RX,136477796,7.0,7.8,BUY,
925,의료서비스,AGPU,US20190614001,액스컴퓨트,128684324,-3.04,10.83,,
925,의료서비스,JYNT,US20141107001,조인트,110347589,5.73,8.3,,
925,의료서비스,CCLD,NAS0230110003,케어클라우드,86581868,1.95,2.09,,
925,의료서비스,CSBR,US20150821002,챔피언스 온콜로지,70552382,-3.53,4.92,,
925,의료서비스,PIII,US20211206007,P3 헬스 파트너스,60837289,-2.49,8.22,BUY,
925,의료서비스,HIT,NAS0241223002,헬스 인 테크,58993250,-1.9,0.8885,,
925,의료서비스,DLHC,US19950818002,DLH 홀딩스,56610738,-4.33,3.76,,
925,의료서비스,MDAI,US20210326005,스펙트럴 AI,51182258,0.63,1.61,BUY,
925,의료서비스,ONMD,US20210624001,원메드넷,38454700,2.67,0.67,,
925,의료서비스,DCGO,US20211108001,독고,34640201,6.5,0.3752,BUY,
925,의료서비스,EUDA,NAS0221118001,이유다 헬스 홀딩스,33344349,23.12,16.56,,
925,의료서비스,KTTA,US20210811004,파시테아 테라퓨틱스,17601799,-1.62,0.5214,,
925,의료서비스,TOMZ,US20201001014,토미 인바이런멘틀 솔루션스,15767340,3.09,1.67,,
925,의료서비스,HCTI,US20211005002,헬스케어 트라이앵글,11098345,-0.39,0.7428,,
925,의료서비스,MGRX,NAS0230317004,망고슈티컬스,8634449,3.25,0.4159,,
925,의료서비스,XWEL,US20221025003,엑스웰,8235600,-3.61,0.9299,,
925,의료서비스,ACON,US20220422001,애클래리언,7448523,-0.77,2.58,,
925,의료서비스,BMGL,NAS0250225001,바젤 메디컬 그룹,7126231,59.39,7.3,,
925,의료서비스,MRM,US20201229002,메디롬 헬스케어 테크놀로지스(ADR),6518674,3.81,0.8616,,
925,의료서비스,VNRX,US20150209001,볼리션RX,5656889,0.61,0.3121,BUY,
925,의료서비스,MEDS,NAS0250221004,데이터메즈 AI,2739247,-2.02,0.8819,,
925,의료서비스,ATPC,NAS0231011003,아가페 ATP,2366886,-1.69,2.33,,
925,의료서비스,NIVF,US20220317002,뉴젠IVF 그룹,2215206,-12.34,0.9292,,
925,의료서비스,MNDR,NAS0240410001,모바일 헬스 네트워크 솔루션스,1626549,5.11,1.44,,
789,의료기기,JNJ,US19440925001,존슨 앤 존슨,636122940744,0.28,266.32,BUY,정형외과 매각 협상
789,의료기기,TMO,US19800827001,써모 피셔 사이언티픽,224106050066,0.62,613.62,BUY,
789,의료기기,ABT,US19490419001,애보트 래버러토리스,175338168878,1.12,103.09,BUY,법적 불확실성 완화
789,의료기기,NVO,US19810709001,노보노디스크(ADR),143440244407,0.88,43.45,HOLD,
789,의료기기,DHR,US19861103001,다나허,139838748161,1.55,203.25,BUY,
789,의료기기,ISRG,US20000613001,인튜이티브 서지컬,129618334000,2.38,377.93,BUY,
789,의료기기,MDT,US19800728001,메드트로닉,115641772004,3.12,93.8,BUY,
789,의료기기,SYK,US19880201002,스트라이커,105053658174,2.29,281.87,BUY,
789,의료기기,MMM,US19460114001,3M,84560570891,-1.79,162.02,BUY,
789,의료기기,ECL,US19861210001,에코랩,76949634370,-0.24,275.51,BUY,
789,의료기기,BSX,US19920518001,보스턴 사이언티픽,61908532191,4.82,45.05,BUY,
789,의료기기,EW,US20000403001,에드워즈 라이프사이언시스,48334690699,1.36,85.52,BUY,BTIG 매수의견
789,의료기기,BDX,US19630925001,벡톤 디킨슨,48148953210,2.85,182.91,BUY,
789,의료기기,NTRA,US20150702001,나테라,47124579655,3.89,341.72,BUY,
789,의료기기,MDLN,NAS0251217005,메디라인,42506967569,0.18,32.59,BUY,
789,의료기기,KVUE,NYS0230504001,켄뷰,33943359753,0.73,17.91,HOLD,자산 매각 준비
789,의료기기,ALC,US20190409003,알콘,32794239896,2.59,67.74,BUY,
789,의료기기,RMD,US19950602001,레즈메드,31294191475,2.16,222.99,HOLD,
789,의료기기,DXCM,US20050414001,덱스콤,31141440961,2.0,84.69,BUY,
789,의료기기,ILMN,US20000728003,일루미나,30984090827,0.86,208.23,BUY,
789,의료기기,DGX,US19961217001,퀘스트 다이아그노스틱스,25857429874,1.22,237.89,BUY,
789,의료기기,PHG,US19870414001,필립스(ADR),23888561173,1.99,25.08,BUY,
789,의료기기,GH,US20181003001,가던트 헬스,20991167043,6.62,167.8,BUY,
789,의료기기,STE,US19920602001,스테리스,20423972552,1.38,213.66,BUY,
789,의료기기,ZBH,US20150630004,짐머 바이오멧 홀딩스,17723463644,3.26,96.54,HOLD,
789,의료기기,SOLV,NYS0240401001,솔벤텀,14795404276,2.71,89.82,BUY,
789,의료기기,PKI,US19830406002,레비티,13786824889,3.36,128.49,BUY,
789,의료기기,PEN,US20150918002,페넘브라,12438979536,0.67,319.86,HOLD,
789,의료기기,BAX,US19610515001,박스터 인터내셔널,12229566467,0.25,23.86,HOLD,
789,의료기기,FMS,US19960917001,프레제니우스 메디컬 케어(ADR),11822657997,2.28,22.86,SELL,
789,의료기기,SNN,US19991116001,스미스 앤 네퓨(ADR),11444358667,3.27,28.4,HOLD,
789,의료기기,ALGN,US20010126001,얼라인 테크놀로지,10648977441,1.45,153.0,BUY,
789,의료기기,COO,US19831206001,쿠퍼,10188838425,0.58,54.22,HOLD,
789,의료기기,GMED,US20120803003,글로버스 메디컬,9900226434,2.13,75.77,BUY,
789,의료기기,GKOS,US20150625006,글라우코스,9804982119,2.3,171.09,BUY,
789,의료기기,BIO,US19800229001,바이오 래드 래버러토리스,9793473169,-0.21,368.55,HOLD,
789,의료기기,BIO.B,US19990921001,바이오 래드 래버러토리스,9793473169,2.21,373.15,,
789,의료기기,HSIC,US19951103001,헨리 셰인,9787442583,0.66,88.94,BUY,
789,의료기기,BRKR,US20000804001,브루커,9187076410,-1.42,52.67,BUY,
789,의료기기,PODD,US20070515001,인슐릿,9096241659,4.43,137.81,BUY,
789,의료기기,TXG,US20190911004,10X 지노믹스,8882244071,2.27,70.15,BUY,
789,의료기기,QGEN,US20180110001,키아젠,8722588667,-1.46,41.88,BUY,
789,의료기기,TWST,US20181030002,트위스트 바이오사이언스,8379257215,5.92,134.75,BUY,
789,의료기기,LNTH,US20150625004,랜티우스 홀딩스,6506443364,0.06,100.31,HOLD,
789,의료기기,MMED,NAS2603006005,미니메드 그룹,6291819480,-2.18,22.01,BUY,대규모 지분 출회 부담
789,의료기기,BLCO,US20220505001,바슈롬,6126794940,1.91,17.58,BUY,
789,의료기기,RDNT,US19970103001,래드넷,5904711762,-0.03,75.47,,
789,의료기기,TFX,US19940428001,텔레플렉스,5516556840,-0.53,130.3,HOLD,
789,의료기기,SHC,US20201119005,소테라 헬스,5210407513,0.82,18.52,BUY,
789,의료기기,MMSI,US19920226002,메리트 메디컬 시스템즈,5125186602,0.76,87.02,BUY,
789,의료기기,HAE,US19910509001,헤모네틱스,4643637654,3.53,106.31,BUY,
789,의료기기,LIVN,US20151020001,리바노바,4280978109,3.1,80.6,BUY,
789,의료기기,ITGR,US20160701006,인티거 홀딩스,4256913241,0.1,126.13,HOLD,
789,의료기기,NVST,US20190917004,엔비스타 홀딩스,4078789137,0.94,25.79,BUY,
789,의료기기,CELC,US20170919001,셀큐이티,4058498727,0.19,83.61,BUY,
789,의료기기,ICUI,US19920407001,ICU 메디컬,3889269286,0.73,157.62,BUY,
789,의료기기,ADPT,US20190626001,어댑티브 바이오테크놀로지스,3838697243,2.4,24.78,,
789,의료기기,PLSE,US20160518001,펄스 바이오사이언시스,3764873888,2.15,54.25,BUY,
789,의료기기,IRTC,US20161020002,아이리듬 테크놀로지스,3650697286,2.93,114.69,BUY,
789,의료기기,SXI,US19750701001,스탠덱스 인터내셔널,3285668559,-4.42,257.26,BUY,
789,의료기기,VCYT,US20131030002,베라사이트,3265559025,0.76,41.18,BUY,
789,의료기기,GRAL,NAS0240625002,그레일,3251607224,-0.98,75.48,BUY,
789,의료기기,WRBY,US20210929018,와비 파커,3035753030,4.05,25.71,BUY,
789,의료기기,TMDX,US20190501004,트랜스메딕스 그룹,2832248433,4.44,85.83,BUY,
789,의료기기,ATRC,US20050805001,아트리큐어,2757351633,2.33,55.81,BUY,
789,의료기기,CHRN,US20160809001,크로노스케일,2750259007,-0.95,18.82,HOLD,
789,의료기기,AXGN,US19861217001,액소젠,2454116982,3.89,43.8,BUY,
789,의료기기,BHC,US20180716002,바슈 헬스 컴퍼니스,2179105371,1.02,5.92,HOLD,
789,의료기기,UFPT,US19931223001,UFP 테크놀로지스,2139368316,0.04,277.99,,
789,의료기기,ESTA,US20180718003,이스태블리시먼트 랩스 홀딩스,2101270332,1.17,71.77,,
789,의료기기,INSP,US20180502003,인스파이어 메디컬 시스템즈,2097604024,1.81,74.32,HOLD,
789,의료기기,XRAY,US19830512002,덴츠플라이 시로나,2072541765,-0.76,10.38,HOLD,
789,의료기기,BFLY,US20210216002,버터플라이 네트워크,1939982885,1.09,7.41,,
789,의료기기,GRFS,US20110602001,그리폴스(ADR),1937715594,-1.06,7.47,BUY,
789,의료기기,ALMR,NAS2604017001,알라마 바이오사이언스,1923577266,0.5,28.03,BUY,
789,의료기기,LMAT,US20061019001,르메트르 배스큘러,1831808768,0.37,80.89,BUY,
789,의료기기,NVCR,US20151001001,노보큐어,1795075412,4.71,16.24,BUY,
789,의료기기,ATEC,US20060602001,알파텍 홀딩스,1624140246,2.55,10.85,BUY,
789,의료기기,CNMD,US20200210004,콘메드,1378297081,0.17,46.38,HOLD,
789,의료기기,AORT,US20220124001,아티비언,1215358749,-0.44,24.97,BUY,
789,의료기기,IART,US19950816001,인테그라 라이프사이언시스 홀딩스,1198132127,1.35,15.71,HOLD,
789,의료기기,TNDM,US20131118001,탠덤 다이어비츠 케어,1183241207,-1.81,16.8,BUY,
789,의료기기,OPK,US20160624001,옵코 헬스,1164599075,-0.64,1.56,BUY,
789,의료기기,PRCT,US20210914012,프로셉트 바이오로보틱스,1160128328,3.14,21.02,HOLD,
789,의료기기,STAA,US19830707001,STAAR 서지컬,1129342479,1.77,23.06,HOLD,
789,의료기기,ENOV,US20220405002,에노비스,1105096218,-5.5,18.22,BUY,
789,의료기기,LMRI,NAS0251211010,루멕사 이미징 홀딩스,1097178366,-0.87,11.39,,
789,의료기기,BVS,US20210210005,바이오벤투스,1084864946,1.39,13.16,BUY,
789,의료기기,IRMD,US20140716001,아이라디메드,1044943369,0.27,82.44,BUY,
789,의료기기,CSTL,US20190724001,캐슬 바이오사이언시스,981650366,3.43,33.44,BUY,
789,의료기기,CBLL,NAS0241011003,세리벨,901351375,3.17,24.38,,
789,의료기기,INMD,US20190807001,인모드,851247370,-0.13,14.88,HOLD,
789,의료기기,AHCO,US20191111001,어댑트헬스,821213730,-2.81,5.89,BUY,
789,의료기기,SIBN,US20181017003,SI 본,818748418,1.63,18.68,BUY,
789,의료기기,AVR,NAS0241213002,안테리스 테크놀로지스,808822092,4.31,8.71,BUY,
789,의료기기,QDEL,US19920303002,퀴델오서,802898660,-5.69,11.11,HOLD,
789,의료기기,TRNS,US19900327005,트랜스캣,784319809,-2.53,82.18,BUY,
789,의료기기,VREX,US20170130001,바렉스 이미징,773318195,0,18.46,HOLD,
789,의료기기,SSII,NAS0250425006,SS 이노베이션스 인터내셔널,659236231,1.51,3.36,BUY,
789,의료기기,ANGO,US20040527002,앤지오다이내믹스,627301704,1.51,15.5,BUY,
789,의료기기,KE,US20141104003,킴볼 일렉트로닉스,623396314,-8.64,23.91,BUY,
789,의료기기,CTKB,US20210722004,사이텍 바이오사이언시스,595573340,5.21,4.85,BUY,
789,의료기기,KIDS,US20171011003,오서피디아트릭스,572474011,1.45,22.38,,
789,의료기기,FLGT,US20160928002,펄젠트 제네틱스,559260796,0.98,20.65,HOLD,
789,의료기기,BWAY,US20190416001,브레인스웨이(ADR),556686006,-2.37,13.6,BUY,
789,의료기기,EOLS,US20180207001,에볼러스,514681669,0.89,7.91,BUY,
789,의료기기,TCMD,US20160728002,택타일 시스템즈 테크놀로지,504320911,0.71,22.56,BUY,
789,의료기기,NPCE,US20210420003,뉴로페이스,478977806,3.85,14.58,BUY,
789,의료기기,SENS,US20160316001,센서닉스 홀딩스,457728210,1.49,8.84,HOLD,iLet 통합 협력
789,의료기기,SGHT,US20210714016,사이트 사이언시스,445685242,-0.12,8.13,,
789,의료기기,CLPT,US20200212002,클리어포인트 뉴로,415969087,-1.9,13.46,BUY,
789,의료기기,PRE,US20220518002,프레네틱스 글로벌,399906595,3.24,24.23,BUY,
789,의료기기,MASS,US20201217007,908 디바이시스,391100352,2.21,9.73,BUY,
789,의료기기,SI,NYS0250729003,숄더 이노베이션스,383425780,-0.97,18.35,BUY,
789,의료기기,OBIO,NAS0230127004,오케스트라 바이오메드 홀딩스,365602620,-3.59,5.9,BUY,
789,의료기기,OFIX,US19920424001,오서픽스 메디컬,361526884,2.02,9.11,,
789,의료기기,MOVE,US20210318010,모바노,349038043,-1.53,10.96,,
789,의료기기,VMD,US20190809001,비메드 헬스케어,332756513,0.68,8.85,BUY,
789,의료기기,CV,NAS0250702002,캡소비전,328297936,-1.36,6.51,BUY,
789,의료기기,MYGN,US19951006001,미리아드 제네틱스,325129511,11.11,3.8,HOLD,
789,의료기기,CATX,AMX0230221001,퍼스펙티브 테라퓨틱스,318812605,3.91,2.92,BUY,
789,의료기기,RCEL,US20191001002,아비타 메디컬,303696308,3.14,10.19,BUY,
789,의료기기,TMCI,US20210421004,트리스 메디컬 컨셉츠,291519505,2.66,4.63,HOLD,
789,의료기기,BDSX,US20201028002,바이오데식스,282778136,1.63,27.4,BUY,
789,의료기기,EMBC,US20220401003,엠벡타,278193749,5.87,5.23,HOLD,
789,의료기기,NNNN,NAS0250219002,안비오 바이오테크놀로지,276575454,-3.79,6.1,,
789,의료기기,RXST,US20210729012,RX사이트,248866438,1.5,6.11,HOLD,
789,의료기기,INFU,US20060615001,인퓨시스템 홀딩스,240519930,0.82,12.25,BUY,
789,의료기기,STIM,US20180627002,뉴로네틱스,229471465,-4.29,2.9,BUY,매수의견 개시
789,의료기기,ELMD,US20100813001,일렉트로메드,226589484,-3.12,26.4,BUY,
789,의료기기,OSUR,US19920317007,오라슈어 테크놀로지스,222782905,3.69,3.37,HOLD,
789,의료기기,UTMD,US19990308002,유타 메디컬 프로덕츠,220592244,1.85,71.0,,
789,의료기기,PROF,US20191029005,프로파운드 메드,216771290,-3.18,5.78,BUY,
789,의료기기,PDEX,US19860807002,프로 덱스,199960109,6.42,66.83,BUY,목표가 상향
789,의료기기,FOCL,US19970801001,EDAP TMS(ADR),192222150,0,4.1,BUY,
789,의료기기,ORGO,US20181217001,오가노제네시스 홀딩스,190557410,0.67,1.5,HOLD,
789,의료기기,USBC,US20220916004,USBC,188608089,-2.84,0.475,,
789,의료기기,XGN,US20190918002,엑사젠,169266927,4.69,7.36,BUY,
789,의료기기,ZJYL,NAS0230328007,진 메디컬 인터내셔널,161366449,-9.66,1.87,,
789,의료기기,HUMA,US20210827005,휴마사이트,156717894,-0.12,0.5669,BUY,
789,의료기기,NYXH,US20210701005,닉소,155878765,4.55,1.61,BUY,
789,의료기기,LUCD,US20211014005,루시드 다이어그노스틱스,148583296,-0.04,0.7826,,
789,의료기기,KRMD,US20191024003,코루 메디컬 시스템즈,145014613,-0.32,3.15,BUY,
789,의료기기,LENZ,US20210624006,렌즈 테라퓨틱스,141155003,-1.11,4.47,BUY,
789,의료기기,INGN,US20140214001,이노젠,140060330,-1.32,5.24,BUY,
789,의료기기,IMDX,US20210308009,인사이트 몰레큘러 다이어그노스틱스,136604927,-4.29,4.02,BUY,
789,의료기기,HSDT,US20180411001,헬리우스 메디컬 테크놀로지스,133400889,4.05,2.31,BUY,
789,의료기기,BNR,US20200612002,버닝 록 바이오테크(ADR),128720340,-3.91,11.8,,
789,의료기기,STXS,US20190906001,스테레오택시스,128473570,3.1,1.33,BUY,
789,의료기기,STEX,US20180921001,스트리멕스,121870171,-3.63,0.6373,,
789,의료기기,APYX,US20190102001,에이픽스메디컬,121415676,4.48,3.03,BUY,
789,의료기기,QTRX,US20171207005,퀀테릭스,120332890,-1.17,2.53,HOLD,
789,의료기기,QUCY,US20211103011,퀀텀 사이버 NV,111965294,-1.49,1.32,BUY,
789,의료기기,MBAI,US20150319001,체크-캡,97282620,-1.56,6.3,,
789,의료기기,MBOT,US20161129001,마이크로봇 메디컬,96795831,0,1.45,BUY,B. 라일리 매수유지
789,의료기기,LNSR,US20201002005,렌자,92803905,2.76,7.81,BUY,
789,의료기기,SKIN,US20210506004,뷰티 헬스,90543715,0.01,0.7001,,
789,의료기기,ECOR,NAS0230215003,일렉트로코어,86204583,1.25,9.74,,
789,의료기기,HYPR,US20211223007,하이퍼파인,83278751,1.76,0.804,BUY,매수의견 재확인
789,의료기기,ACH,US19880129002,액센드라 헬스,82551236,3.7,1.12,HOLD,
789,의료기기,SERA,US20210713003,세라 프로그노스틱스,79594688,-1.97,1.99,BUY,
789,의료기기,LUNG,US20201001009,풀모넥스,78970396,7.03,1.98,BUY,
789,의료기기,CVRX,US20210629002,CVRX,76260502,3.82,2.99,BUY,
789,의료기기,GEG,US20201229001,그레이트 엘름 그룹,67992127,-0.91,2.18,,
789,의료기기,DRIO,US20160307001,다리오헬스,67496807,1.59,7.04,BUY,
789,의료기기,MDXH,US20211103009,MDX헬스(ADR),66821628,1.48,0.715,BUY,
789,의료기기,DXR,US20220202002,닥소,66556594,-2.96,11.13,,
789,의료기기,OM,US20200915005,아웃셋 메디컬,59971413,-1.56,3.16,BUY,
789,의료기기,SKYA,US20220414005,SKYAI INC,59318078,2.9,1.42,,인수 제안 거부
789,의료기기,COCH,US20210422001,엔보이 메디컬,56938580,-1.24,0.731,BUY,
789,의료기기,NNOX,US20200820003,나노엑스 이미징,56536023,-3.08,0.7015,BUY,상용화 진전 부각
789,의료기기,APT,US20000404002,알파 프로 테크,52647665,0.19,5.2,,
789,의료기기,SRTS,US20160725003,센서스 헬스케어,51539669,-0.95,3.12,,
789,의료기기,MYO,US20170609002,마이모,51176618,0,1.3,,
789,의료기기,NEPH,US20190814002,네프로스,48249083,-0.89,4.43,BUY,
789,의료기기,XTNT,US20151019001,엑스턴트 메디컬 홀딩스,48216126,-5.15,0.328,BUY,
789,의료기기,POCI,NAS0221116002,프리시전 옵틱스,47429001,0,4.36,BUY,
789,의료기기,TELA,US20191107003,텔라 바이오,43282693,7.22,1.04,,
789,의료기기,MLSS,US20150601002,마일스톤 사이언티픽,39160238,-4.5,0.424,,
789,의료기기,QTI,NAS0230426002,QT 이미징 홀딩스,38405090,-1.52,2.6,,
789,의료기기,NSPR,US20210521002,인스파이어MD,36498106,2.46,0.8093,,
789,의료기기,ELUT,US20201007001,일루시아,35655790,-3.09,0.785,,
789,의료기기,PTHL,NAS0240905005,아이토닉 홀딩스,35261783,-4.49,0.2895,,
789,의료기기,SNWV,NAS0250307007,사누웨이브 헬스,35054664,4.39,4.28,BUY,
789,의료기기,PAVM,US20160727001,파브메드,33219380,0.24,4.19,,
789,의료기기,NSYS,US19930624001,노테크 시스템즈,31739156,-0.09,11.18,,
789,의료기기,ARAY,US20070208001,애큐레이,29701713,-0.84,0.2481,HOLD,레이서치 협력 확대
789,의료기기,ABVC,US20210803001,ABVC 바이오파마,25964839,3.05,1.01,,
789,의료기기,BFRI,US20211014001,바이오프론테라,22880949,-12.26,1.36,,
789,의료기기,BEAT,US20211111001,허트빔,22760832,-0.17,0.4057,BUY,
789,의료기기,MODD,US20220210007,모듈러 메디컬,20577001,-0.79,2.52,,
789,의료기기,RVP,US20010504001,리트랙터블 테크놀로지스,20236261,0.28,0.682,,
789,의료기기,LFWD,US20140911003,라이프워드,20041430,-0.14,7.11,,
789,의료기기,AIFF,US20211217014,파이어플라이 뉴로사이언스,16686389,-0.93,1.06,,
789,의료기기,PLSM,NAS0260121001,펄스앤모어,15641039,1.65,2.46,,
789,의료기기,HSCS,US20220613001,하트사이언시스,14707603,5.9,3.59,,
789,의료기기,HIND,NAS0221223002,바이옴 홀딩스,14370113,0,2.06,BUY,
789,의료기기,BNGO,US20180730001,바이오나노 지노믹스,14280434,9.84,1.34,BUY,
789,의료기기,NMTC,US20210526003,뉴로원 메디컬 테크놀로지스,14118477,-3.21,1.51,,
789,의료기기,ICU,US20221031005,시스타 메디컬 홀딩,13271405,0.66,3.05,,
789,의료기기,PMI,AMX0250829001,피카드 메디컬,12389003,17.45,6.26,,
789,의료기기,ADGM,US20210226002,아다지오 메디컬 홀딩스,12384181,-19.7,0.4505,BUY,
789,의료기기,SINT,NAS0221220007,SINTX 테크놀로지스,11923100,-0.56,1.79,BUY,
789,의료기기,IRIX,US19960216001,이리덱스,11522237,-2.61,0.6428,,
789,의료기기,BMRA,US20160826001,바이오메리카,10216683,5.8,2.37,,
789,의료기기,AMS,US19840907018,아메리칸 셰어드 호스피털 서비시스,9745706,-1.36,1.45,,
789,의료기기,BIAF,US20220810002,바이오어피니티 테크놀로지스,9218183,-0.75,7.89,,
789,의료기기,BFRG,NAS0230120001,불프로그 AI 홀딩스,8770231,-0.99,0.4712,,
789,의료기기,AMIX,NAS0240129001,오토노믹스 메디컬,8512765,-0.92,4.33,BUY,
789,의료기기,CUPR,NAS0250410003,쿠프리나 홀딩스,8394499,1.9,3.21,,
789,의료기기,NDRA,NAS0221209003,엔드라 라이프 사이언시스,8377754,3.56,5.82,,
789,의료기기,WOK,NAS0240823002,워크 메디컬 테크놀로지 그룹,8347894,1.06,1.9,,
789,의료기기,CLGN,US20180131001,콜플란트 바이오테크놀로지스,7876672,-0.29,3.49,BUY,
789,의료기기,ICCM,US20210826004,아이스큐어 메디컬,7526917,-3.62,2.13,BUY,
789,의료기기,NVNO,US20211001011,엔베노 메디컬,7118136,-10.58,9.38,BUY,
789,의료기기,INBS,NAS0230210005,인텔리전트 바이오 솔루션스,7021763,-2.82,2.07,BUY,
789,의료기기,TRIB,US19950818018,트리니티 바이오테크(ADR),6255311,-3.49,7.47,,
789,의료기기,VVOS,US20201210008,비보스 테라퓨틱스,6146464,-3.97,0.1767,,
789,의료기기,DRMA,NAS0230314001,더메타 테라퓨틱스,4757199,-3.36,1.15,,
789,의료기기,VIVS,US20160808001,비보심 랩스,4667039,-0.71,0.2811,,
789,의료기기,BJDX,US20211110005,블루제이 다이어그노스틱스,3984764,-5.26,0.8501,,
789,의료기기,NXL,US20220916005,넥설린 테크놀로지,3973355,3.53,4.99,,
789,의료기기,VRAX,US20220713007,바이랙스 바이오랩스 그룹,3513775,-2.25,2.61,,
789,의료기기,VTAK,US20201222012,캐시터 프리시전,3299888,-4.86,0.1665,,
789,의료기기,NUWE,NAS0221212006,누웰리스,2805789,2.38,0.7924,,
789,의료기기,AEMD,US20150713001,애슬론 메디컬,2439317,0,1.53,,
789,의료기기,GCTK,US20220314002,글루코트랙,2023495,-3.53,2.46,,주식 희석 부담
779,제약,LLY,US19700709001,일라이 릴리,1043875589724,2.02,1138.28,BUY,인수 마무리 후 약세
779,제약,JNJ,US19440925001,존슨 앤 존슨,636122940744,0.28,266.32,BUY,정형외과 매각 협상
779,제약,MRK,US19490420001,머크,352937342946,0.64,144.85,BUY,
779,제약,NVS,US19961107001,노바티스(ADR),259114289886,1.33,138.99,HOLD,지배구조 개선 압박
779,제약,AZN,US20200925002,아스트라제네카,246917610370,2.25,163.78,BUY,폐암 임상 호조
779,제약,ABT,US19490419001,애보트 래버러토리스,175338168878,1.12,103.09,BUY,법적 불확실성 완화
779,제약,PFE,US19510622001,화이자,157032712875,0,27.72,HOLD,
779,제약,NVO,US19810709001,노보노디스크(ADR),143440244407,0.88,43.45,HOLD,
779,제약,VRTX,US19910731002,버텍스 파마슈티컬,129848236182,0.82,519.69,BUY,
779,제약,CVS,US19521001001,CVS 헬스,120329996933,0.94,95.55,BUY,타이레놀 소송 부담
779,제약,MCK,US19870803001,매케슨,102149635295,3.34,910.95,BUY,
779,제약,SNY,US20190102003,사노피(ADR),101858671895,1.31,43.33,BUY,포트폴리오 재편
779,제약,GSK,US19870610001,글락소스미스클라인(ADR),96760153152,3.99,50.05,BUY,
779,제약,REGN,US19910402001,리제네론 파마슈티컬스,79968277226,1.57,793.74,BUY,
779,제약,COR,US19950404001,센코라,60990563589,1.45,326.23,BUY,
779,제약,TAK,US20181224001,다케다 파마슈티컬(ADR),57975443586,1.86,18.6,,건선약 우선심사
779,제약,CAH,US19940907001,카디널 헬스,54223029629,0.14,234.89,BUY,
779,제약,HLN,US20220722002,헤일리온(ADR),40173970270,2.18,9.39,BUY,
779,제약,IDXX,US19910628002,아이덱스 래버러토리스,39518673273,0.93,509.41,BUY,
779,제약,RPRX,US20200616002,로열티 파마,33495571955,0.75,59.05,,
779,제약,ZTS,US20130201001,조에티스,29969285421,0.96,73.67,BUY,
779,제약,WST,US19801027001,웨스트 파마슈티컬 서비시스,24217802245,2.59,355.2,BUY,
779,제약,VTRS,US20201117005,비아트리스,18847743091,0.85,16.65,BUY,
779,제약,ASND,US20150127001,아센디스 파머,17335810843,0.58,265.05,BUY,자사주 매입 승인
779,제약,CORT,US20040414001,코셉트 테라퓨틱스,12118162531,-0.86,111.82,BUY,
779,제약,ELAN,US20180919003,엘란코 애니멀 헬스,11505734867,-0.09,23.15,BUY,
779,제약,RDY,US20010411001,닥터 레디스 래버러토리스(ADR),9852193997,0.08,11.91,HOLD,
779,제약,ALKS,US19910731001,앨커미스,7665108632,-0.35,45.81,BUY,
779,제약,LQDA,US20180725003,리퀴디아,5937440919,-2.13,65.32,BUY,
779,제약,AMRX,US20180507001,엠닐 파마슈티컬스,5888433085,1.23,17.22,BUY,
779,제약,STVN,US20210714018,스테바나토 그룹,5673571528,2.01,21.32,BUY,
779,제약,BCPC,US19860603001,발켐,5208512015,1.48,166.83,,
779,제약,DFTX,US20210427007,데피니움 테라퓨틱스,5193705558,3.5,40.25,BUY,
779,제약,INDV,NAS0230612008,인디비어,4046128210,-0.06,34.47,BUY,
779,제약,TARS,US20201016004,타서스 파마슈티컬스,3853867228,0.84,79.98,BUY,
779,제약,OGN,US20210603005,오가논,3560177202,0.07,13.65,HOLD,
779,제약,HWKN,US19931027001,호킨스,2574201997,-2.6,120.85,BUY,
779,제약,NEOG,US19890823001,니오젠,2553640961,1.53,11.96,BUY,
779,제약,SUPN,US20120501001,슈퍼누스 파마슈티컬스,2409687630,-0.34,41.5,BUY,
779,제약,TRVI,US20190501005,트레비 테라퓨틱스,2251569080,-0.06,15.89,BUY,
779,제약,HCM,US20160317002,허치슨 차이나 메디테크(ADR),2223045240,6.47,13.65,BUY,
779,제약,PBH,US20050210001,프레스티지 컨슈머 헬스케어,2210687523,1.43,47.62,BUY,
779,제약,CMPS,US20200918003,컴퍼스 패스웨이스(ADR),1975040073,1.39,14.55,BUY,
779,제약,VCEL,US20141126001,베리셀,1951304699,3.36,39.63,,
779,제약,PRGO,US19911216001,페리고,1884043159,-0.07,13.65,HOLD,
779,제약,ETON,US20181029001,이턴 파마슈티컬스,1621588842,0.88,57.58,BUY,
779,제약,ANIP,US19990913001,ANI 파마슈티컬스,1602469659,0.26,70.37,BUY,
779,제약,PAHC,US20140410001,피브로 애니멀 헬스,1437421108,1.07,36.0,HOLD,
779,제약,OMER,US20091008001,오메로스,1315199355,-4.54,17.45,BUY,
779,제약,HROW,US20190102002,해로우,1284708842,-1.25,34.05,BUY,
779,제약,HLF,US20041216001,허벌라이프,1252064435,0.25,12.05,BUY,
779,제약,MNKD,US20040728001,맨카인드,1198448163,0,3.75,BUY,
779,제약,OPK,US20160624001,옵코 헬스,1164599075,-0.64,1.56,BUY,
779,제약,BRBR,US20191016004,벨링 브랜즈,1056310011,0.66,9.2,BUY,
779,제약,AMPH,US20140624001,앰퍼스타 파마슈티컬스,1005391635,0.63,23.93,HOLD,
779,제약,PCRX,US20110203001,파시라 바이오사이언시스,1004740745,-2.76,24.66,BUY,
779,제약,WOOF,US20210113009,펫코 헬스 앤 웰니스,789477210,-1.22,2.42,HOLD,
779,제약,DBVT,US20141022001,DBV 테크놀로지스(ADR),740181881,4.22,12.35,,
779,제약,COLL,US20150505002,콜레지움 파마슈티컬,736129463,0.22,22.8,BUY,
779,제약,ACHV,US20170803001,어치브 라이프 사이언스,722067016,2.41,7.23,BUY,
779,제약,GYRE,US20150821001,자이어 테라퓨틱스,709261132,-0.3,6.71,,
779,제약,ZVRA,NAS0230301006,지브러 테라퓨틱스,708855602,0.33,12.05,BUY,
779,제약,NGVC,US20120725001,내추럴 그로서스 바이 바이타민 코티지,654180923,2.8,29.36,BUY,
779,제약,AQST,US20180724001,어퀴스티브 테라퓨틱스,596291818,2.09,4.88,,
779,제약,RLMD,US20191010002,렐마다 테라퓨틱스,479211272,-1.77,4.44,BUY,
779,제약,TTRX,NAS0251008003,턴 테라퓨틱스,384721879,6.3,13.49,BUY,
779,제약,EYPT,US20180402001,아이포인트 파마슈티컬스,362456344,0.47,4.25,BUY,
779,제약,QTTB,US20180328001,Q32 바이오,328428582,-1.53,10.93,BUY,
779,제약,SMTI,US20201102002,사나라 메드테크,318892127,0.17,34.98,HOLD,
779,제약,AMRN,US19930401001,아마린(ADR),289719811,1.45,14.0,SELL,
779,제약,ANIK,US19930503001,아니카 테라퓨틱스,277468445,1.39,21.15,,
779,제약,USNA,US19930422002,유사나 헬스 사이언시스,275827371,1.66,15.27,HOLD,
779,제약,NATR,US19900326035,네이처스 선샤인 프로덕츠,236967247,-0.66,13.46,,
779,제약,NUS,US19961122002,뉴스킨,234643863,0.41,4.87,,
779,제약,CRDL,US20210810003,카르디올 테라퓨틱스,230363784,0,1.99,BUY,
779,제약,SIGA,US20180322002,시가 테크놀로지스,216378749,3.96,3.15,,
779,제약,SLGL,US20180131003,솔 젤 테크놀로지스,214572671,-1.67,64.84,BUY,
779,제약,TNXP,US20090213003,토닉스 파마슈티컬스 홀딩,202342772,-1.18,11.73,BUY,
779,제약,MDWD,US20140319001,메디운드,167466887,5.95,13.89,,3상 지속 권고
779,제약,DERM,US20211112006,저니 메디컬,159703769,2.35,7.4,,
779,제약,MENS,NAS0250617002,지용 바이오테크,150373622,5.53,2.1,,
779,제약,FBIO,US20150429002,포트리스 바이오테크,146378245,0,2.52,,
779,제약,NRXP,US20210525004,NRX 파마슈티컬,146309079,2.65,3.49,BUY,유럽 특허 획득
779,제약,MED,US19810324001,메디패스트,133795812,-0.33,12.0,,
779,제약,MIST,US20190507001,마일스톤 파마슈티컬스,121277326,-2.08,0.9597,BUY,
779,제약,BGM,US20210111003,BGM 그룹,104722243,-5.17,0.2494,,
779,제약,PYPD,US20200625004,폴리피드,103968513,3.11,5.31,,
779,제약,CPIX,US20090811001,컴벌랜드 파마슈티컬스,95158954,3.91,6.64,,
779,제약,ICCC,US19950710001,이뮤셀,88914802,-0.51,9.8,,
779,제약,BARK,US20210602004,바크,86103243,-4.69,9.14,BUY,
779,제약,FTLF,NAS0230918004,핏라이프 브랜즈,85965010,0.43,9.25,,
779,제약,NTRB,US20211001010,뉴트리밴드,84088291,0.72,7.01,,
779,제약,LFVN,US19970310001,라이프밴티지,76822993,1.46,6.26,BUY,
779,제약,OKYO,US20220516002,오쿄 파마(ADR),73023874,0,1.4,,
779,제약,CING,US20211006001,싱귤레이트,72555374,1.99,5.12,BUY,
779,제약,BTMD,US20220829002,바이오티,47492515,6.02,1.41,,
779,제약,GRCE,US20130107002,그레이스 테라퓨틱스,46415348,3.6,2.3,,
779,제약,ZYBT,NAS0250107003,정예 바이오테크놀로지 홀딩,45793146,-8.39,1.42,,
779,제약,BHST,NAS0241112002,바이오하베스트 사이언시스,41680107,-2.7,1.8,,
779,제약,NSRX,AMX0250813004,나서스 파마,39631283,7.35,3.65,,
779,제약,IXHL,US20220225003,인카넥스 헬스케어,38766896,1.23,3.3,BUY,
779,제약,PETS,US19970917001,펫메드 익스프레스,35552356,1.21,1.67,,
779,제약,UG,US19920317011,유나이티드 가디언,32740644,-0.14,7.16,,
779,제약,MIRA,NAS0230803001,미라 파머슈티컬스,32318654,-2.74,0.7526,,
779,제약,RMTI,US19980127002,록웰 메디컬,31887108,-1.51,7.84,,
779,제약,COSM,NAS0221216001,코스모스 헬스,25365295,7.06,0.2715,,5년 생산계약
779,제약,COCP,US20180312005,코크리스털 파마,23740892,-4.84,1.18,BUY,
779,제약,BFRI,US20211014001,바이오프론테라,22880949,-12.26,1.36,,
779,제약,UPC,US20210322008,유니버스 파머슈티컬스,21772923,9.86,4.79,,
779,제약,AYTU,NAS0230106001,아이투 바이오파마,21229000,0,1.99,,
779,제약,PBM,US20211210008,사이언스 바이오메디컬,20471926,9.44,5.91,,미국 개발 자회사 설립
779,제약,LPCN,US20140324001,리포신,18600477,-2.2,2.22,BUY,
779,제약,MTEX,US19990216001,매나테크,15746104,-2.56,8.0,,
779,제약,NHTC,US20150217002,내추럴 헬스 트렌즈,13385201,3.18,1.62,,
779,제약,NAII,US19931028001,내추럴 얼터너티브스 인터내셔널,12224541,0,1.96,,
779,제약,KPRX,US20211108012,키오라 파마슈티컬스,11653219,0,2.65,,
779,제약,AIMD,US20220809005,아이노스,10568306,-4.86,1.37,,AI 노즈 초기 주문
779,제약,GELS,NAS0241029001,젤텍,7453141,-2.87,0.68,,
779,제약,SNOA,US20161206001,소노마 파마슈티컬스,6210837,-0.77,1.29,,
779,제약,PCSA,US20200929002,프로세사 파머슈티컬스,5774856,-9.62,1.88,,
779,제약,PULM,US20150617003,풀매트릭스,5118358,2.84,1.45,,
779,제약,BTTC,US20151012001,블랙 타이탄,4949152,0.69,0.366,,
779,제약,SBFM,US20220215009,선샤인 바이오파머,4084945,0.94,1.07,,
779,제약,PAVS,NAS0230314003,파라노부스 엔터테인먼트 테크놀로지,3889537,-2.0,4.41,,
779,제약,SILO,US20220927006,사일로 파머,3659401,-1.43,2.07,,
779,제약,SHPH,US20220831003,셔틀 파머슈티컬스 홀딩스,3603981,-2.27,3.45,,주식 발행 부담
779,제약,SXTP,NAS0230615005,60 디그리스 파머슈티컬스,3146011,-0.17,0.8985,BUY,
779,제약,NXGL,US20211217007,넥스겔,2820263,-3.57,0.2807,HOLD,
779,제약,PRFX,US20200901003,페인리폼,2600344,-0.01,0.86,,
779,제약,ATPC,NAS0231011003,아가페 ATP,2366886,-1.69,2.33,,
779,제약,SNYR,NAS0241023008,시너지 CHC,1489799,-9.54,0.091,BUY,
779,제약,BDRX,NAS0230327002,바이오덱사 파머슈티컬스(ADR),1329637,-14.62,1.11,,
283,폐기물처리,WM,US19910930001,웨이스트 매니지먼트,84803558000,2.17,218.09,BUY,
283,폐기물처리,RSG,US19980701002,리퍼블릭 서비스,67790483439,1.4,225.85,BUY,
283,폐기물처리,WCN,US19871105008,웨이스트 커넥션스,39940927645,0.81,161.03,BUY,
283,폐기물처리,GFL,US20200302004,GFL 인바이런멘틀,18066422745,-0.56,42.61,BUY,
283,폐기물처리,CLH,US19871124001,클린 하버스,16936995686,0.05,322.99,BUY,
283,폐기물처리,WTRG,US20200203011,에센셜 유틸리티스,11583805982,1.31,41.61,HOLD,
283,폐기물처리,CWST,US19971029001,카셀라 웨이스트 시스템즈,5687028505,1.11,90.91,BUY,
283,폐기물처리,BW,US20150702002,밥콕 앤 윌콕스 엔터프라이지스,1342049992,-11.46,7.03,BUY,
283,폐기물처리,OIO,US20220407002,OIO 그룹,688346062,0,1.99,,
283,폐기물처리,ONT,US20200722006,온테리스,639782031,2.89,18.86,BUY,환경 서비스 수주
283,폐기물처리,BBCP,US20181207001,콘크리트 펌핑 홀딩스,522402280,-1.53,10.27,HOLD,
283,폐기물처리,ADUR,NAS0241107001,아두로 클린 테크놀로지스,452766267,0.08,12.91,BUY,
283,폐기물처리,PESI,US19921208001,퍼마 픽스 인바이런멘틀 서비시스,395842867,-2.61,18.28,,
283,폐기물처리,YDDL,NAS0251009003,원앤원 그린 테크놀로지,90778078,-3.68,1.57,,
283,폐기물처리,SCWO,US20220614001,374워터,57057216,-4.32,3.1,,
283,폐기물처리,QRHC,US20140519001,퀘스트 리소스 홀딩,28721219,1.46,1.39,BUY,
283,폐기물처리,SKYQ,NAS0241010011,스카이 쿼리,27304530,0.64,3.13,,유가 급등 수혜
283,폐기물처리,LOOP,US20171120001,루프 인더스트리,22734927,1.12,0.4781,,
283,폐기물처리,AWX,US19980521002,아발론 홀딩스,10309314,-2.63,2.59,,
49,음식료,KO,US19240926001,코카콜라,377558532114,1.2,89.35,BUY,
49,음식료,PM,US20080331002,필립 모리스 인터내셔널,295975056793,1.99,194.86,BUY,
49,음식료,PEP,US20171220003,펩시코,184928840908,0.01,136.34,HOLD,
49,음식료,MCD,US19660705001,맥도날드,177612372188,1.96,257.49,BUY,식중독 우려 완화
49,음식료,UBER,US20190509010,우버,145498720942,1.34,72.63,BUY,배송 경쟁 부담
49,음식료,BUD,US19800418001,안호이저부시 인베브(ADR),134413366144,2.03,79.82,,
49,음식료,BTI,US20170725006,브리티쉬 아메리칸 토바코(ADR),118563378020,3.71,57.29,BUY,
49,음식료,MO,US19850702002,알트리아 그룹,114477460023,2.36,70.61,HOLD,
49,음식료,SBUX,US19920626001,스타벅스,111878052228,0.34,99.08,HOLD,리뉴얼 효과 부각
49,음식료,DASH,US20201207007,도어대시,86971588303,0.78,203.53,BUY,
49,음식료,MNST,US19950818011,몬스터 베버리지,84374090391,1.84,44.2,BUY,
49,음식료,MDLZ,US20010613001,몬덜리즈 인터내셔널,79207321591,-0.08,62.39,BUY,
49,음식료,CL,US19510109001,콜게이트 팜올리브,68773184643,1.26,87.89,BUY,
49,음식료,DEO,US19971217001,디아지오(ADR),47930129921,2.02,88.38,BUY,위스키 관세 철회
49,음식료,CARR,US20200403002,캐리어,47077245637,-0.35,57.26,BUY,
49,음식료,ABEV,US20131112001,암베브(ADR),46383221488,0.33,3.03,HOLD,
49,음식료,CMG,US20060126001,치폴레 멕시칸 그릴,45529145652,2.29,37.03,BUY,
49,음식료,CCEP,US20210913002,코카콜라 유로퍼시픽 파트너스,45064336466,1.84,104.66,HOLD,자사주 매입·소각
49,음식료,KDP,US20200921002,큐리그 닥터페퍼,42456173435,0.61,31.58,BUY,
49,음식료,ADM,US19450910001,아처 대니얼스 미들랜드,41540987067,-0.32,86.44,HOLD,
49,음식료,SYY,US19810120001,시스코,39622785557,0.4,83.54,BUY,보통주 공모 부담
49,음식료,YUM,US19970917002,염 브랜즈,38209442360,3.88,146.33,BUY,
49,음식료,HSY,US19470919001,허쉬,34612343095,0.21,173.68,HOLD,
49,음식료,QSR,US20141216001,레스토랑 브랜즈 인터내셔널,26677318166,2.51,78.89,BUY,
49,음식료,DRI,US19950515001,다든 레스토랑,23686139172,4.14,218.57,BUY,실적 상회 전망
49,음식료,BG,US20010802001,번지 글로벌,23374074071,-0.96,121.23,BUY,
49,음식료,FMX,US19980511001,포멘토 에코노미코 멕시카노(ADR),22889948992,3.69,121.26,BUY,ADS 자사주 매입
49,음식료,IFF,US19640302001,인터내셔널 플레이버스 앤 프레그런스,21203163179,-0.22,83.43,BUY,
49,음식료,STZ,US19860731001,콘스텔레이션 브랜즈,20784459678,2.08,125.0,BUY,목표주가 하향
49,음식료,USFD,US20160526003,US 푸즈 홀딩,20499358561,-0.57,94.8,BUY,
49,음식료,AMCR,US20190611003,앰코,19447303639,-0.17,42.25,BUY,
49,음식료,GIS,US19521114001,제너럴 밀스,19049736753,1.73,36.47,HOLD,
49,음식료,TSN,US19860709003,타이슨 푸드,18524930111,0.34,53.16,HOLD,
49,음식료,BALL,US19731217001,볼,15759164688,1.35,60.71,BUY,
49,음식료,ARMK,US20131212002,아라마크,15341240815,-0.03,58.53,BUY,
49,음식료,PFGC,US20151001004,퍼포먼스 푸드 그룹,14708524568,-0.83,93.16,BUY,
49,음식료,YUMC,US20161101003,염 차이나 홀딩스,14404562427,1.16,42.81,BUY,
49,음식료,MKC,US19870311001,매코믹 앤 컴퍼니,13790050518,-1.81,50.39,BUY,
49,음식료,MKC.V,US20031007003,매코믹 앤 컴퍼니 V,13790050518,-7.11,52.51,,
49,음식료,JBS,NYS0250613002,제이비에스 N.V.,13400882757,-0.64,12.51,BUY,
49,음식료,SJM,US19941031002,JM스머커,12861748301,0.13,121.3,BUY,
49,음식료,COKE,US19900326008,코카콜라 컨솔리데이티드,12742865052,4.25,200.79,,
49,음식료,GRAB,US20211202003,그랩 홀딩스,12402473281,-0.98,3.02,BUY,
49,음식료,CCK,US19480129001,크라운 홀딩스,12176172826,-0.24,112.37,BUY,
49,음식료,BF.B,US19720630001,브라운 포먼 B,12028476879,0.08,26.24,HOLD,위스키 관세철회 계획
49,음식료,BF.A,US19730503004,브라운 포먼 A,12028476879,0.41,26.75,,위스키 관세철회 계획
49,음식료,MICC,NYS0251208001,더 매그넘 아이스크림 컴퍼니,11957631877,1.32,19.91,HOLD,
49,음식료,TXRH,US20041005002,텍사스 로드하우스,11823001581,0.02,181.26,BUY,
49,음식료,HRL,US19900116001,호멜 푸즈,11251769230,1.9,20.96,HOLD,
49,음식료,DPZ,US20040713001,도미노 피자,10245488023,3.91,323.79,BUY,
49,음식료,DAR,US19940930001,달링 인그리디언츠,10211972628,-0.29,64.92,BUY,
49,음식료,EAT,US19890728001,브링커 인터내셔널,8820597580,0.79,214.16,BUY,
49,음식료,ATR,US19930401002,앱타그룹,7889126463,0.06,124.91,BUY,
49,음식료,BROS,US20210914002,더치 브로스,7621823585,0.34,44.05,BUY,최선호주 선정
49,음식료,PRMB,US20200303002,프리모 브랜즈 코퍼레이션,7464591592,1.69,21.1,BUY,
49,음식료,PPC,US19871230001,필그림스 프라이드,7150941144,0.07,30.26,HOLD,
49,음식료,CAG,US19760112001,콘아그라 브랜즈,6966300327,1.3,14.79,HOLD,가격 인상 예고
49,음식료,CELH,US20170524001,셀시어스 홀딩스,6845666240,4.59,28.47,BUY,
49,음식료,TAP,US19750610001,몰슨 쿠어스 베버리지,6844479139,0.39,39.08,HOLD,
49,음식료,TAP.A,US20020322002,몰슨 쿠어스 베버리지 A,6844479139,7.9,45.47,,
49,음식료,SFM,US20130802002,스프라우츠 파머스 마케츠,6743376252,3.2,75.09,BUY,
49,음식료,LW,US20161110001,램 웨스턴 홀딩스,6538503552,0.86,48.26,HOLD,
49,음식료,CAVA,NYS0230615002,카바 그룹,6487378064,-1.77,54.89,BUY,최선호주 부각
49,음식료,INGR,US19971211001,인그리디언,6298703101,-1.85,98.63,HOLD,
49,음식료,CPB,US19541213001,캠벨스,6224191534,1.19,21.25,HOLD,
49,음식료,JBTM,US20080718001,JBT 마렐 코퍼레이션,5897532407,-2.26,111.79,BUY,
49,음식료,KOF,US19930914001,코카콜라 펨사(ADR),5779161306,1.17,112.01,BUY,
49,음식료,SXT,US19880105006,센시언트 테크놀로지스,5440241684,-1.59,126.55,BUY,
49,음식료,TBBB,NYS0240209001,비비비 푸즈,5314327464,1.96,51.45,BUY,
49,음식료,CAKE,US19831207001,치즈케이크 팩토리,5079293062,2.4,105.16,HOLD,
49,음식료,MIDD,US19920317005,미들비,4868202058,1.3,109.72,BUY,
49,음식료,SON,US19950308001,소노코 프로덕츠,4701371857,1.0,48.32,BUY,
49,음식료,CHEF,US20110728001,셰프스 웨어하우스,4478484850,2.19,112.87,BUY,
49,음식료,AKO.A,US19940707001,엠보테야도라 안디나 A(ADR),4215590027,-3.58,23.4,,
49,음식료,AKO.B,US19970407001,엠보테야도라 안디나 B(ADR),4215590027,-0.34,29.4,BUY,
49,음식료,POST,US20120127003,포스트 홀딩스,3503428465,-1.02,79.37,BUY,
49,음식료,CALM,US19961212001,칼 메인 푸즈,3434265439,1.41,75.02,HOLD,
49,음식료,WING,US20150612001,윙스탑,3170673410,-2.07,114.68,BUY,
49,음식료,FRPT,US20141125001,프레시펫,3044565652,-0.09,63.68,BUY,
49,음식료,COCO,US20211020005,비타 코코,2976482131,5.81,55.03,,
49,음식료,FIZZ,US19910913001,내셔널 베버리지,2918826522,1.4,31.81,,목표주가 하향
49,음식료,AMBP,US20210805002,아르다 메탈 패키징,2875279896,-1.24,4.78,HOLD,
49,음식료,LANC,US19900326029,마제티 컴퍼니,2822334317,-1.05,102.96,,
49,음식료,GPK,US19921210001,그래픽 패키징 홀딩,2795549837,0.21,9.52,HOLD,
49,음식료,SHAK,US20150130001,쉐이크쉑,2707561457,-0.22,63.51,BUY,
49,음식료,UNFI,US20190102009,유나이티드 내추럴 푸드,2673692364,1.75,45.23,HOLD,목표가 상향
49,음식료,FCPT,US20151110003,포 코너스 프라퍼티 트러스트,2614838279,-0.38,23.88,BUY,
49,음식료,CHA,NAS0250417002,차지 홀딩스 (ADR),2320722571,2.37,12.53,BUY,
49,음식료,TRLV,NYS2606010002,트루리브 캐너비스,2164649386,2.74,11.62,BUY,
49,음식료,RLX,US20210120007,RLX 테크놀로지(ADR),2150214848,-1.13,1.75,BUY,
49,음식료,CCU,US19941104001,세르베세리아스 우니다스(ADR),2137409451,-1.2,11.5,HOLD,
49,음식료,UTZ,US20200831005,UTZ 브랜즈,2043260051,-0.35,14.23,HOLD,
49,음식료,SAM,US19951121005,보스턴 비어,1765014195,-0.7,171.34,HOLD,
49,음식료,AGRO,US20110128002,아데코아그로,1688166180,-0.42,11.72,HOLD,
49,음식료,ARCO,US20110414001,아르코스 도라도스 홀딩스,1677134222,-0.87,7.94,BUY,
49,음식료,TR,US19871230007,투시 롤 인더스트리스,1661368951,-0.1,38.85,,
49,음식료,JJSF,US19860204001,제이앤제이 스낵 푸즈,1546514654,0.24,83.49,BUY,
49,음식료,NOMD,US20160112001,노마드 푸즈,1525558968,-0.46,10.93,BUY,
49,음식료,DMC,US19971024002,델몬트,1468563651,0.61,31.53,,
49,음식료,WEN,US19810527001,웬디스,1445951305,0.13,7.64,HOLD,
49,음식료,TPB,US20160511005,터닝 포인트 브랜즈,1424966737,0.92,72.17,BUY,
49,음식료,BJRI,US19961009001,BJS 레스토랑,1285144541,2.35,62.21,BUY,
49,음식료,FLO,US19871208001,플라워스 푸즈,1283564462,-1.48,6.0,HOLD,
49,음식료,SENEB,US19720601001,세네카 푸즈 B,1279028966,-0.53,187.22,,
49,음식료,SENEA,US19980603002,세네카 푸즈 A,1279028966,-2.08,186.66,HOLD,
49,음식료,DOLE,US20210727004,돌,1251467362,-0.68,13.24,BUY,
49,음식료,BH,US19951213001,비글래리 홀딩스 B,1175871450,-2.07,364.95,,
49,음식료,BH.A,US20180501003,비글래리 홀딩스 A,1175871450,-1.27,1822.69,,
49,음식료,CRON,US20180227002,크로노스 그룹,1150175710,2.87,3.23,,
49,음식료,UVV,US19880104001,유니버설,1118097140,-0.13,45.12,,
49,음식료,CBRL,US19840907012,크래커 배럴 올드 컨트리 스토어,1099214655,2.02,50.48,HOLD,
49,음식료,OI,US19911211002,O I 글래스,997287137,-1.68,6.42,BUY,
49,음식료,KRT,US20210413002,카랫 패키징,929896915,4.67,49.13,BUY,목표가 상향
49,음식료,SMPL,US20170710001,심플리 굿 푸즈,865150437,1.22,9.96,BUY,
49,음식료,SG,US20211117012,스위트그린,840045843,2.11,7.25,HOLD,식품안전 우려 완화
49,음식료,JBSS,US19911203001,존 비 샌필리포 앤 선,816580269,-1.62,69.12,BUY,
49,음식료,HDL,NAS0240517003,슈퍼 하이 인터내셔널 홀딩(ADR),778837861,3.49,12.47,,
49,음식료,CRESY,US19970319001,크레수드(ADR),762387180,-0.16,12.12,,
49,음식료,WEST,US20220829005,웨스트록 커피,747152602,1.69,7.83,,
49,음식료,BLMN,US20120808001,블루민 브랜즈,739514295,2.53,8.91,HOLD,
49,음식료,FWRG,US20211001004,퍼스트 와치 레스토랑 그룹,696170260,0.09,11.36,BUY,
49,음식료,MAMA,US20210715008,마마스 크리에이션,689784000,1.22,14.9,BUY,
49,음식료,OFRM,NYS2602006002,원스 어폰 어 팜,675270952,4.94,16.98,,
49,음식료,PZZA,US19930608001,파파 존스 인터내셔널,672747534,6.13,21.82,HOLD,
49,음식료,CNNE,US20171120002,칸나에 홀딩스,664326090,1.62,15.66,BUY,
49,음식료,NGVC,US20120725001,내추럴 그로서스 바이 바이타민 코티지,654180923,2.8,29.36,BUY,
49,음식료,AGCC,NAS0251022001,에젠시아 커머셜 스피리츠,582605059,1.09,13.85,,
49,음식료,DNUT,US20210630006,크리스피 크림,553543090,-0.31,3.2,HOLD,
49,음식료,TLRY,US20180718006,틸레이 브랜즈,549706867,2.49,4.12,HOLD,전환채 부채 축소
49,음식료,KRUS,US20190731001,쿠라 스시 USA,492694258,1.35,41.35,BUY,
49,음식료,LOCO,US20140724001,엘 폴로 로코 홀딩스,459158429,0.79,15.3,BUY,
49,음식료,VITL,US20200730007,바이털 팜스,415606340,2.87,10.02,BUY,
49,음식료,OTLY,US20210519005,오틀리 그룹(ADR),403134538,2.44,13.02,BUY,
49,음식료,NATH,US19930226001,네이선스 페이머스,399002904,0.35,98.31,,
49,음식료,CGC,US20201116001,캐노피 그로스,390061894,0.82,0.9353,HOLD,
49,음식료,LWAY,US19950818009,라이프웨이 푸즈,369512804,0.33,24.69,BUY,
49,음식료,DIN,US19930331001,다인 브랜즈 글로벌,355946245,2.55,29.01,HOLD,
49,음식료,VFF,US20190221001,빌리지 팜스 인터내셔널,350039620,-1.74,2.83,,
49,음식료,SUJA,NAS2605007003,수자 라이프,339749495,1.36,8.97,BUY,
49,음식료,SNDL,US20190731003,SNDL,330695618,1.49,1.36,,
49,음식료,MGPI,US19881020001,MGP 인그리디언츠,314146785,0.27,14.8,,
49,음식료,PTLO,US20211020012,포틸로스,308716086,-0.73,4.06,HOLD,
49,음식료,JACK,US19920301001,잭 인 더 박스,281744072,-0.88,14.65,HOLD,
49,음식료,PLAY,US20141021001,데이브 앤 버스터스 엔터테인먼트,281455313,4.42,8.5,HOLD,실적 예상치 하회
49,음식료,BGS,US20070523001,비앤지 푸즈,254459131,0.32,3.16,HOLD,
49,음식료,ACB,US20210525001,오로라 캐너비스,241030271,1.87,3.81,BUY,저평가 인수 거부
49,음식료,HITI,US20210602002,하이 타이드,223540633,4.35,2.64,BUY,3분기 실적 호조
49,음식료,RICK,US19951013002,RCI 호스피털리티 홀딩스,221024149,1.0,29.38,,
49,음식료,BRCC,US20220210002,BRC,212941231,4.91,8.98,BUY,
49,음식료,BYND,US20190501001,비욘드 미트,174479490,1.18,10.33,SELL,
49,음식료,RRGB,US20020719001,레드 로빈 고메 버거스,147866456,-1.4,7.76,BUY,
49,음식료,OGI,US20190521002,오개니그램 홀딩스,147155109,1.9,1.07,,
49,음식료,HCHL,NAS0250624004,해피 시티 홀딩스 ,117179089,0,3.96,,
49,음식료,BUDA,AMX0260108001,부다 주스,96923416,5.28,8.17,BUY,
49,음식료,ZVIA,US20210720015,제비아 PBC,96861672,2.38,1.29,BUY,
49,음식료,HFFG,US20180823002,HF 푸즈 그룹,91738534,0.6,1.67,BUY,
49,음식료,BARK,US20210602004,바크,86103243,-4.69,9.14,BUY,
49,음식료,ISPR,NAS0230404001,아이스파이어 테크놀로지,85004225,-1.34,1.47,BUY,
49,음식료,FLGC,US20210330004,제로스택 코퍼레이션,84135218,2.27,4.95,,
49,음식료,BDL,US19840907021,플래니건스 엔터프라이지스,83905604,-0.84,45.04,,
49,음식료,NDLS,US20130628002,누들스 앤드 컴퍼니,81482612,1.31,13.92,,
49,음식료,MB,NAS0250410007,마스터비프 그룹,73828754,0.69,4.36,,
49,음식료,SOWG,NAS0240502004,소 굿,66724777,-3.89,3.21,,
49,음식료,WFCF,US20210412009,웨어 푸드 컴스 프롬,65331226,2.35,13.51,,
49,음식료,BOF,NAS0230616001,브랜치아웃 푸드,62865042,-0.77,3.86,BUY,
49,음식료,INCR,US20210901002,인터큐어,60751605,3.1,5.32,,
49,음식료,GENK,NAS0230628002,젠 레스토랑 그룹,58319658,-2.25,1.74,BUY,
49,음식료,WYHG,NAS0241126008,윙입푸드(ADR),56902751,-8.57,4.16,,
49,음식료,HAIN,US19940120001,하인 셀레스티얼 그룹,55562540,-3.15,0.5999,HOLD,국제 사업 매각 합의
49,음식료,BRID,US19840907010,브리지포드 푸즈,53948876,1.17,6.05,,
49,음식료,STKS,US20150508001,원 그룹 호스피털리티,50078684,-0.63,1.58,BUY,
49,음식료,AGFY,US20210125001,RYTHM INC,46890791,-0.28,21.59,,
49,음식료,THCH,US20220929003,TH 인터내셔널,44935921,-0.74,1.35,,
49,음식료,LSF,US20200922002,레어드 슈퍼푸드,43608885,-1.28,3.87,,
49,음식료,MGLD,US20220310003,더 메리골드 컴퍼니스,41699468,-1.02,0.97,,
49,음식료,WVVI,US19940915001,윌래메트 밸리 바인야드,41625015,-10.48,1.88,,
49,음식료,RAVE,US20150112001,레이브 레스토랑 그룹,40962537,1.38,2.94,,
49,음식료,BLNE,US20180104001,비라인 홀딩스,33709432,3.88,1.07,,
49,음식료,PC,NAS0240925004,프리미엄 케이터링 홀딩스,30312041,0,9.4,,
49,음식료,BRLS,US20211006007,보레알리스 푸즈,29865622,0.71,1.41,,
49,음식료,TWG,NAS0240415006,탑 웰스 그룹 홀딩스,23168375,-1.48,0.366,,
49,음식료,COOT,US20201210002,오스트레일리안 오일시즈 홀딩스,22223085,-10.86,0.4268,,
49,음식료,JVA,US20050503001,커피 홀딩,21872621,8.31,4.17,,
49,음식료,BRFH,US20220120001,바프레시 푸드 그룹,20098973,0.81,1.25,,
49,음식료,EPSM,NAS0250326003,앱시움 엔터프라이즈,18164421,-2.94,1.32,,
49,음식료,ARKR,US19851213001,아크 레스토랑스,17293738,-2.9,4.68,,
49,음식료,SDOT,US20200211001,사닷 그룹,16255378,-2.58,12.07,,
49,음식료,GTIM,US19950818004,굿 타임스 레스토랑,15792860,1.33,1.52,,
49,음식료,PETZ,US20170921007,TDH 홀딩스,14467158,-5.67,1.33,,
49,음식료,DDC,AMX0231117001,DDC 엔터프라이즈,14236760,-4.13,0.2416,BUY,
49,음식료,BNKK,US20201021002,본크,11053574,-2.16,1.36,,우선주 오버행 축소
49,음식료,BTBD,US20211112005,BT 브랜즈,10695879,3.45,1.8,,
49,음식료,PLAG,US20181001007,플래닛 그린 홀딩스,10114413,-4.01,0.6863,,
49,음식료,RMCF,US19860219001,로키 마운틴 초콜릿 팩토리,8418555,-0.74,0.8907,,
49,음식료,AMSS,NAS2605020001,어매스 브랜즈,8189426,0.77,0.7155,,
49,음식료,YHGJ,US19971105001,윈훙 그린 CTI,6872385,3.4,2.74,,
49,음식료,REBN,US20220812003,리본 커피,6863814,5.26,0.885,,
49,음식료,AQB,US20170119001,아쿠아바운티 테크놀로지스,6241344,-4.92,1.16,,
49,음식료,YCBD,US20190501008,CBDMD,5370166,-1.06,0.4771,HOLD,
49,음식료,NCRA,US20220811004,노세라,5266538,2.69,2.29,,
49,음식료,AGRZ,NAS0251001001,아그로즈,5172111,0.17,0.2405,,
49,음식료,MLEC,NAS0230103004,물렉 사이언스,5073521,1.0,7.1,,
49,음식료,FAMI,US20180213004,팜미,4739079,4.5,0.1277,,
49,음식료,IBG,NAS0240926003,이노베이션 베버리지 그룹,4291704,1.55,0.975,,
49,음식료,AMZE,US20211213019,어메이즈 홀딩스,3290877,-7.86,0.1465,,
49,음식료,STKH,US20220803004,스테이크홀더 푸즈(ADR),2590021,-8.97,2.13,,
49,음식료,CHSN,NAS0230329001,샹송 인터내셔널 홀딩,2420210,0,1.05,,
49,음식료,GNLN,US20190417011,그린레인 홀딩스,2057135,-6.71,2.78,,
49,음식료,SBEV,US20210611012,엔도비아 헬스 사이언스,1714821,-3.65,0.2401,,
49,음식료,AKAN,NAS0230309002,어칸다,1650269,-9.12,2.79,,
49,음식료,MSS,NAS0231003002,메이슨 솔루션스,1530233,-4.44,1.72,,
49,음식료,XXII,US20210816009,22ND 센추리 그룹,1412194,-7.04,1.85,,
49,음식료,IMCC,NAS0221117002,IM 캐너비스,1076476,-0.57,1.74,,
49,음식료,RKDA,NAS0230301005,아카디아 바이오사이언시스,1032285,4.15,0.449,,
947,경영지원,ORCL,US19860312001,오라클,456320878687,-3.65,144.79,BUY,감원 재개 부담
947,경영지원,SAP,US19980803001,SAP(ADR),239470099985,5.78,218.28,BUY,
947,경영지원,ACN,US20010719001,액센츄어,111850773228,6.04,195.0,BUY,의견·전망 하향
947,경영지원,ADP,US19680131001,오토매틱 데이터 프로세싱,105920658783,3.14,276.69,HOLD,
947,경영지원,INTU,US19930312001,인튜이트,85411708817,5.47,339.15,BUY,
947,경영지원,MMC,US19690604001,마시,83909280053,1.99,180.43,HOLD,
947,경영지원,WDAY,US20170920001,워크데이,44481135873,4.54,194.14,BUY,
947,경영지원,PAYX,US19830826001,페이첵스,40971480530,2.34,118.51,HOLD,목표가 상향
947,경영지원,ROL,US19680812001,롤린스,16608409623,1.67,35.31,HOLD,
947,경영지원,ULS,NYS0240411003,UL 솔루션즈,14297634154,-2.46,69.5,BUY,
947,경영지원,RTO,US20201005005,렌토킬 이니셜(ADR),11232672736,0.8,22.55,BUY,
947,경영지원,PAYC,US20140411004,페이콤 소프트웨어,9806537242,1.8,222.85,HOLD,BMO 목표가 상향
947,경영지원,PCTY,US20140319002,페일로시티 홀딩,7470274271,4.45,147.97,BUY,
947,경영지원,BZ,US20210611001,칸준(ADR),6749498140,-5.96,15.46,BUY,
947,경영지원,ANDG,NYS0251217001,앤더슨 그룹,6024912046,5.13,56.4,BUY,
947,경영지원,NIQ,NYS0250722001,NIQ 글로벌 인텔리전스,5229965300,4.43,18.63,BUY,
947,경영지원,AMT,NYS0240930001,아멘텀 홀딩스,4729116501,1.44,19.74,HOLD,
947,경영지원,KFY,US19990211002,콘 페리,4207439598,1.02,78.38,,UBS 목표가 상향
947,경영지원,FCN,US19960509001,FTI 컨설팅,4063545986,1.88,150.86,BUY,
947,경영지원,BILL,US20191211008,빌 홀딩스,4004788073,5.12,49.67,BUY,
947,경영지원,FA,US20210622001,퍼스트 어드밴티지,3622416480,5.0,22.28,BUY,
947,경영지원,TNET,US20140327006,트라이넷 그룹,3011717054,4.09,68.71,,
947,경영지원,CBZ,US19950426001,CBIZ,2941527357,0.11,54.6,BUY,
947,경영지원,MAN,US19880503001,맨파워그룹,2609713114,2.76,58.02,HOLD,
947,경영지원,HURN,US20041013001,휴런 컨설팅 그룹,2370869275,4.3,156.38,,
947,경영지원,NSP,US19970129002,인스페리티,1886364017,2.56,50.96,,
947,경영지원,VSTS,NYS0231002007,베스티스,1703677052,-0.31,12.93,HOLD,
947,경영지원,BL,US20161028001,블랙라인,1637815471,6.84,30.29,HOLD,
947,경영지원,ICFI,US20060928001,ICF 인터내셔널,1532029613,2.76,88.32,,
947,경영지원,AMN,US20161027003,AMN 헬스케어 서비시스,1283393732,2.55,34.19,,목표주가 상향
947,경영지원,RDVT,US20180327002,레드 바이올렛,1196512275,1.64,76.25,BUY,
947,경영지원,CLVT,US20210201009,클래리베이트,1188886623,2.14,1.91,HOLD,
947,경영지원,DLX,US19800425001,딜럭스,1076528994,0.72,23.79,,
947,경영지원,RHLD,NAS0250228005,레졸루트 홀딩스 매니지먼트,1011444332,-2.12,127.38,,
947,경영지원,CRAI,US19980424001,CRA 인터내셔널,1009909739,2.53,165.98,,
947,경영지원,KFRC,US19950815001,케이포스,912068338,2.01,52.27,BUY,
947,경영지원,HSTM,US20000411002,헬스스트림,845991165,1.82,29.64,BUY,
947,경영지원,BBSI,US19930611001,바렛 비즈니스 서비시스,803320797,-0.48,33.19,BUY,
947,경영지원,KELYA,US19900326027,켈리 서비시스 A,569838325,2.08,16.21,,
947,경영지원,KELYB,US19950818007,켈리 서비시스 B,569838325,1.47,22.82,,
947,경영지원,ROMA,NAS0240109003,로마 그린 파이낸스,558865029,-2.54,9.2,,
947,경영지원,IBEX,US20200806004,아이벡스,525270964,1.73,40.49,,베어드 목표가 상향
947,경영지원,NRC,US20180418004,내셔널 리서치,464320050,5.78,22.34,BUY,
947,경영지원,PPHC,NAS0260128005,퍼블릭 폴리시 홀딩,347149891,3.48,11.89,BUY,중간배당 인상
947,경영지원,KWY,US19980506001,킹스웨이 코퍼레이션,275758542,2.82,9.86,,
947,경영지원,HCKT,US19980528001,해켓 그룹,271495421,4.55,11.48,,
947,경영지원,TBI,US19900326070,트루블루,264765623,8.46,9.49,,
947,경영지원,ASUR,US19930804001,어슈어 소프트웨어,242544100,1.3,8.56,BUY,
947,경영지원,HQI,US20190911001,하이어퀘스트,221736281,1.87,16.35,,
947,경영지원,LAWR,NAS0250710002,로봇 컨설팅 (ADR),171300334,0,3.75,,
947,경영지원,RGP,US20200402001,리소시스 커넥션,136925141,6.55,4.23,,
947,경영지원,DGNX,NAS0250117001,디지넥스,68260005,2.19,1.4,,
947,경영지원,BAER,NAS0230125003,브리저 에어로스페이스 그룹,60806585,-1.92,1.02,BUY,
947,경영지원,BGSF,US20191114001,BGSF,54636211,0.78,5.19,,
947,경영지원,RYOJ,NAS0250814003,료지바바,53380404,-6.02,4.37,,
947,경영지원,TDTH,NAS0240910007,트라이던트 디지털 테크 홀딩스,48007424,3.57,1.74,,
947,경영지원,SKIL,US20210614006,스킬소프트,39074483,13.66,4.91,,매각대금 불확실성
947,경영지원,STRR,US20030317001,STAR EQUITY HOLDINGS INC,38136106,-0.48,10.35,,
947,경영지원,ACCL,NAS0251017001,아코 그룹 홀딩스,36880742,7.89,2.87,,
947,경영지원,AERT,US20211210012,에어리스 테크놀로지,35728859,3.36,7.08,,
947,경영지원,XBP,US20210503001,XBP 글로벌 홀딩스,33419407,5.65,2.99,BUY,
947,경영지원,JOB,US19920317023,GEE 그룹,25968125,-1.64,0.2339,,
947,경영지원,PMEC,NAS0231010004,프라이멕 홀딩스,18801806,-0.89,0.488,,
947,경영지원,SPPL,NAS0230913005,심플,17994178,16.22,2.15,,
947,경영지원,LICN,NAS0230202007,리천 차이나,16990188,2.88,1.07,,
947,경영지원,YYGH,NAS0240422006,YY포스,16331770,11.72,1.43,,
947,경영지원,FOFO,NAS0250912005,항풍 테크놀로지 이노베이션,15952931,-10.85,1.89,,
947,경영지원,NIXX,US20210630011,닉시,15406513,-2.72,0.5216,,
947,경영지원,CLIK,NAS0241002004,클릭 홀딩스,11319472,-4.51,1.27,,
947,경영지원,GLXG,NAS0240912003,갤럭시 페이롤 그룹,5743303,3.17,1.0,,
947,경영지원,INTJ,NAS0240320002,인텔리전트 그룹,4584402,-4.67,2.86,,
947,경영지원,LGCL,NAS0240305001,루카스 GC,4077332,-2.86,3.06,,
947,경영지원,VCIG,NAS0230322006,VCI 글로벌,2290984,-6.04,1.71,,
281,사료,CL,US19510109001,콜게이트 팜올리브,68773184643,1.26,87.89,BUY,
281,사료,GIS,US19521114001,제너럴 밀스,19049736753,1.73,36.47,HOLD,
281,사료,SJM,US19941031002,JM스머커,12861748301,0.13,121.3,BUY,
281,사료,DAR,US19940930001,달링 인그리디언츠,10211972628,-0.29,64.92,BUY,
281,사료,FRPT,US20141125001,프레시펫,3044565652,-0.09,63.68,BUY,
281,사료,BARK,US20210602004,바크,86103243,-4.69,9.14,BUY,
139,방송,DIS,US19620102001,디즈니,182858002470,1.91,108.59,BUY,비용 절감 강화
139,방송,CMCSA,US19880707001,컴캐스트,88881011321,-1.23,24.89,HOLD,
139,방송,TKO,US19991019005,TKO 그룹 홀딩스,35800546430,1.79,193.72,BUY,
139,방송,FOX,US20130702002,폭스 B,25915185151,4.6,61.14,,
139,방송,FOXA,US20130702003,폭스 A,25915185151,3.93,68.53,BUY,
139,방송,FWONA,US20170125001,리버티 포뮬러 원 A,23388924094,0.57,87.53,BUY,
139,방송,FWONK,US20170125002,리버티 포뮬러 원 C,23388924094,-0.2,95.4,BUY,
139,방송,ROKU,US20170927003,로쿠,22868621823,1.63,157.45,HOLD,
139,방송,CHTR,US19991108001,차터 커뮤니케이션스,16763462730,-1.63,143.39,HOLD,모건스탠리 의견재개
139,방송,NWS,US20130619002,뉴스 코퍼레이션 B,16418378719,3.58,33.88,,자사주 매입 지속
139,방송,NWSA,US20130619003,뉴스 코퍼레이션 A,16418378719,3.77,30.55,BUY,자사주 매입 지속
139,방송,RCI,US19960207001,로저스 커뮤니케이션스,15442237781,1.22,36.65,HOLD,매수의견 상향
139,방송,HAS,US19841218001,해즈브로,12832577171,-0.85,90.76,BUY,
139,방송,PSKY,NAS0250807004,파라마운트 스카이댄스 코퍼레이션,11820195424,2.45,10.86,HOLD,시장수익률상회 의견
139,방송,SIRI,US19940913001,시리우스 XM 홀딩스,9765659484,0.72,29.36,HOLD,
139,방송,NXST,US20031124001,넥스타 미디어 그룹,5177495775,0.85,170.52,BUY,
139,방송,GHC,US20131129001,그레이엄 홀딩스,4792395924,2.55,1167.63,,
139,방송,LION,NAS0240514003,라이언스게이트 스튜디오스,3333073737,3.19,11.63,BUY,
139,방송,ADEA,US20221003001,아디아,2927643280,-7.64,24.67,,
139,방송,NMAX,NYS0250331001,뉴스맥스,1462180042,0.09,11.4,,
139,방송,TV,US19931214003,그루포 텔레비사(ADR),1263037766,-0.42,2.37,,
139,방송,FUBO,US20201008004,푸보티비,1251371101,2.95,11.87,BUY,
139,방송,SBGI,US19950607001,싱클레어,999098921,3.45,14.38,,
139,방송,EVC,US20000801002,엔트라비전 커뮤니케이션스,789762927,-3.37,8.32,,
139,방송,GTN,US19960924001,그레이 텔레비전,505849134,1.44,4.92,,
139,방송,GTN.A,US19960924002,그레이 텔레비전 A,505849134,0.52,5.84,,
139,방송,IHRT,US20190718003,아이허트미디어,415385424,0.74,2.72,,
139,방송,SSP,US20180604002,EW 스크립스,291050560,-0.32,3.15,HOLD,
139,방송,CURI,US20201015003,큐리어시티스트림,156877863,5.26,2.8,,
139,방송,MDIA,US20200117001,미디아코 홀딩,96034373,-1.74,1.13,,
139,방송,TSQ,US20140724007,타운스퀘어 미디어,94589545,-0.57,5.19,,
139,방송,PODC,NAS0230908006,팟캐스트원,73667696,-2.86,2.38,,
139,방송,SGA,US20180816001,사가 커뮤니케이션스,57694896,-1.2,9.02,HOLD,
139,방송,DSWL,US19950719001,데스웰 인더스트리,47523363,1.33,3.05,,
139,방송,GAME,NAS0230411004,게임스퀘어 홀딩스,46758537,-2.17,3.6,,
139,방송,TOON,US20161121001,카툰 스튜디오스,37466109,-4.29,0.58,,
139,방송,BBGI,US20000211001,비슬리 브로드캐스트 그룹,29371400,14.92,18.33,BUY,
139,방송,GMM,NAS0231010003,글로벌 모페이 AI,20296394,-5.66,2.0,,
139,방송,UONE,US20170508001,어반 원,19151548,-0.65,4.6,,
139,방송,UONEK,US20170508002,어반 원 D,19151548,1.49,4.09,,
139,방송,MITQ,US20210624013,무빙 이미지 테크놀로지스,5928316,6.67,0.64,,
139,방송,AUUD,US20210217004,오디아,5663888,2.85,1.01,,
139,방송,VSME,NAS0230928004,VS 미디어 홀딩스,2955521,24.53,1.32,,
35,바이오,ABBV,US20121210001,애브비,451593993548,1.81,261.77,BUY,
35,바이오,MRK,US19490420001,머크,352937342946,0.64,144.85,BUY,
35,바이오,NVS,US19961107001,노바티스(ADR),259114289886,1.33,138.99,HOLD,지배구조 개선 압박
35,바이오,AZN,US20200925002,아스트라제네카,246917610370,2.25,163.78,BUY,폐암 임상 호조
35,바이오,TMO,US19800827001,써모 피셔 사이언티픽,224106050066,0.62,613.62,BUY,
35,바이오,AMGN,US19830617001,암젠,202765017245,1.12,381.56,HOLD,
35,바이오,GILD,US19920122001,길리어드 사이언스,177121022056,1.9,146.45,BUY,
35,바이오,PFE,US19510622001,화이자,157032712875,0,27.72,HOLD,
35,바이오,BMY,US19520623001,브리스톨 마이어스 스큅,129206629753,0.72,64.1,BUY,
35,바이오,GSK,US19870610001,글락소스미스클라인(ADR),96760153152,3.99,50.05,BUY,
35,바이오,REGN,US19910402001,리제네론 파마슈티컬스,79968277226,1.57,793.74,BUY,
35,바이오,ARGX,US20170517001,아제닉스(ADR),61186775845,0.55,989.84,BUY,
35,바이오,MRNA,US20181206001,모더나,57127931873,1.94,146.77,HOLD,
35,바이오,RVMD,US20200212004,레볼루션 메디신,43409335370,0.66,205.12,BUY,
35,바이오,IQV,US20171115001,아이큐비아 홀딩스,42824926518,1.49,265.67,BUY,
35,바이오,A,US19991118002,애질런트 테크놀로지스,41171522491,-0.09,146.8,BUY,
35,바이오,ONC,US20160203001,베이진(ADR),37810575238,2.11,353.83,BUY,
35,바이오,RPRX,US20200616002,로열티 파마,33495571955,0.75,59.05,,
35,바이오,ALNY,US20040528001,앨나일램 파마슈티컬스,33072992267,0.47,249.86,BUY,
35,바이오,BIIB,US19910917001,바이오젠,31889374247,0.13,217.43,BUY,
35,바이오,ROIV,US20211001014,로이반트 사이언시스,29305651163,0.47,41.01,BUY,
35,바이오,INSM,US20000601001,인스메드,28088633433,-3.23,125.23,BUY,
35,바이오,LH,US19910424002,랩코프 홀딩스,25112016748,1.21,315.31,BUY,
35,바이오,INCY,US19931103001,인사이트,24471741329,0.6,122.2,BUY,
35,바이오,BNTX,US20191009001,바이오엔테크(ADR),24312516361,2.13,98.79,BUY,폐암 3상 결과 호조
35,바이오,UTHR,US19990617001,유나이티드 테라퓨틱스,21191537908,1.12,502.7,BUY,
35,바이오,GMAB,US20190718002,젠맵(ADR),19827310773,0.55,32.65,BUY,
35,바이오,VTRS,US20201117005,비아트리스,18847743091,0.85,16.65,BUY,
35,바이오,MEDP,US20160811002,메드페이스 홀딩스,16298782569,1.41,595.8,HOLD,
35,바이오,JAZZ,US20070601001,재즈 파마슈티컬스,15858825943,0.03,245.87,BUY,UBS 목표가 상향
35,바이오,NBIX,US19960523001,뉴로크린 바이오사이언시스,15782923077,0.63,157.2,BUY,
35,바이오,BBIO,US20190626002,브리지바이오 파마,14075264630,-0.08,72.38,BUY,
35,바이오,SMMT,US20150305001,서밋 테라퓨틱스,13915238027,4.96,18.42,BUY,이보네시맙 생존 개선
35,바이오,EXEL,US20000411001,엑셀리시스,13820819628,0.14,56.2,HOLD,
35,바이오,CRL,US20000623001,찰스 리버 래버러토리스 인터내셔널,13202915884,-1.85,273.11,BUY,
35,바이오,ICLR,US19980515001,아이콘,12983421469,0.01,169.32,BUY,
35,바이오,BMRN,US19990723001,바이오마린 파마슈티컬,12636492687,1.13,66.42,BUY,
35,바이오,MDGL,US20160725001,매드리갈 파마슈티컬스,12273715468,0.92,539.41,BUY,
35,바이오,BAX,US19610515001,박스터 인터내셔널,12229566467,0.25,23.86,HOLD,
35,바이오,HALO,US20040312001,할로자임 테라퓨틱스,12092884826,0.69,107.94,BUY,
35,바이오,ARWR,US19970106001,애로우헤드 파마슈티컬스,11631658046,-2.66,80.65,BUY,
35,바이오,AXSM,US20151118001,액섬 테라퓨틱스,11492642863,-2.02,216.29,BUY,
35,바이오,TECH,US19921209001,바이오 테크네,11240851499,0.21,72.27,HOLD,
35,바이오,KRYS,US20170919002,크리스탈 바이오테크,10208243709,-1.94,340.28,BUY,
35,바이오,CYTK,US20040429001,사이토키네틱스,10193296752,-1.72,72.5,BUY,
35,바이오,PTGX,US20160811003,프로타고니스트 테라퓨틱스,9530076846,-0.26,147.79,BUY,
35,바이오,KYMR,US20200819002,키메라 테라퓨틱스,9500777754,-0.16,114.78,BUY,
35,바이오,ABVX,NAS0231020001,아비박스(ADR),9349814302,-4.26,113.59,BUY,
35,바이오,PRAX,US20201015008,프락시스 프리시전 메디신,9284577093,-1.2,330.55,BUY,
35,바이오,RGEN,US19860429001,레플리젠,9265261742,1.71,168.0,BUY,
35,바이오,IONS,US20151222002,아이오니스 파마슈티컬스,8953985349,-5.13,51.43,BUY,
35,바이오,PCVX,US20200612003,백사이트,8795553946,0.12,59.54,,
35,바이오,TWST,US20181030002,트위스트 바이오사이언스,8379257215,5.92,134.75,BUY,
35,바이오,IBRX,US20210310003,이뮤니티바이오,8332247952,5.82,8.37,BUY,
35,바이오,TGTX,US19951214001,TG 테라퓨틱스,8198652920,0.32,54.06,BUY,
35,바이오,SYRE,US20160406001,스파이어 테라퓨틱스,7939890095,0.17,90.75,BUY,
35,바이오,IMVT,US20191219001,이뮤노반트,7669810407,0.78,37.65,BUY,
35,바이오,RYTM,US20171004001,리듬 파마슈티컬스,7165593371,-2.1,102.51,BUY,
35,바이오,BLTE,US20220426002,비라이트 바이오(ADR),6956270425,-0.7,172.58,BUY,
35,바이오,CAI,NAS0250618002,카리스 라이프 사이언시스,6836475406,7.03,26.05,BUY,
35,바이오,SRRK,US20180523004,스칼러 록 홀딩,6707024285,-6.44,51.84,BUY,SMA 치료제 승인
35,바이오,CGON,NAS0240125001,CG 온콜로지,6374073142,2.07,73.85,BUY,
35,바이오,MIRM,US20190717004,미럼 파마슈티컬스,6338799137,-1.58,96.67,BUY,
35,바이오,TVTX,US20201119007,트래비어 테라퓨틱스,6199268944,-0.62,65.76,BUY,
35,바이오,ORKA,US19970808001,오루카 테라퓨틱스,6079200875,3.92,96.0,,
35,바이오,KNSA,US20180523003,키닉사 파마슈티컬스 인터내셔널,5914648668,0.5,76.65,,
35,바이오,DNTH,US20180620005,다이앤서스 테라퓨틱스,5904053066,1.51,107.8,BUY,비중확대 의견 개시
35,바이오,COGT,US20201006001,코젠트 바이오사이언시스,5762161233,0,33.41,BUY,
35,바이오,XENE,US20141016002,제논 파마슈티컬,5645100228,-0.78,58.19,BUY,
35,바이오,LGND,US19950202001,리간드 파마슈티컬,5636544012,-1.35,280.63,BUY,
35,바이오,ERAS,US20210714005,에라스카,5520394160,1.76,16.16,BUY,
35,바이오,PTCT,US20130620001,PTC 테라퓨틱스,5479842112,0.64,66.48,BUY,
35,바이오,CRSP,US20161019001,크리스퍼 테라퓨틱스,4970486689,2.38,52.95,BUY,
35,바이오,EWTX,US20210325008,에지와이즈 테라퓨틱스,4792655687,0.36,44.56,BUY,
35,바이오,ACAD,US20040527001,아카디아 파마슈티컬스,4766057906,-1.15,27.51,BUY,
35,바이오,PBLS,NAS2606010010,파라빌리스 메디슨즈,4470199121,-1.95,36.16,BUY,
35,바이오,RLAY,US20200715002,릴레이 테라퓨틱스,4110017891,1.01,19.06,BUY,
35,바이오,MANE,NYS2602004002,베라더믹스,4109796729,2.76,101.7,BUY,
35,바이오,TNGX,US20210811012,탱고 테라퓨틱스,3985135077,3.2,24.54,BUY,
35,바이오,ELVN,NAS0230224002,인라이븐 테라퓨틱스,3955827872,0.15,54.4,BUY,
35,바이오,AMLX,US20220106001,아밀릭스 파마슈티컬스,3942830684,6.39,33.64,BUY,
35,바이오,IOVA,US20170628002,이오밴스 바이오테라퓨틱스,3871829162,7.79,9.27,BUY,
35,바이오,TLX,NAS0241113004,텔릭스 파머슈티컬스(ADR),3812801228,4.52,11.8,,뇌암 진단제 승인
35,바이오,VKTX,US20150429004,바이킹 테라퓨틱스,3707840634,-1.44,31.52,BUY,
35,바이오,IDYA,US20190522002,아이디야 바이오사이언시스,3604949889,1.2,38.04,BUY,
35,바이오,LEGN,US20200604004,레전드 바이오테크(ADR),3603185018,-0.64,18.52,BUY,
35,바이오,ABCL,US20201210001,앱셀레라 바이오로직스,3505848653,2.57,11.17,BUY,
35,바이오,DYN,US20200917002,다인 테라퓨틱스,3379941464,1.7,18.52,BUY,
35,바이오,DNLI,US20171207001,디날리 테라퓨틱스,3350650170,0.62,21.22,BUY,
35,바이오,RCUS,US20180314002,아쿠스 바이오사이언스,3112058162,-2.11,24.07,BUY,
35,바이오,QURE,US20140205001,유니큐어,3068695156,0.94,44.93,BUY,
35,바이오,ARQT,US20200130001,아커티스 바이오테라퓨틱스,2983868433,1.63,24.27,,
35,바이오,CLDX,US19900326006,셀덱스 테라퓨틱스,2880091583,6.18,39.18,BUY,
35,바이오,MBX,NAS0240913002,MBX 바이오사이언시스,2825097700,0.8,59.49,BUY,
35,바이오,IMNM,US20201002003,이뮤놈,2784895287,-0.41,24.57,BUY,
35,바이오,RGC,US20210715014,리젠셀 바이오사이언스 홀딩스,2777454865,1.77,5.74,,
35,바이오,GPCR,NAS0230203001,스트럭처 테라퓨틱스(ADR),2740049053,-0.57,38.44,BUY,
35,바이오,ZLAB,US20170919003,자이 랩(ADR),2729988493,1.82,24.58,,
35,바이오,NAMS,NAS0221123001,뉴암스테르담 파마,2708848619,-1.93,22.36,BUY,
35,바이오,IRON,NAS0221230002,디스크 메디신,2673420905,-1.64,68.91,,
35,바이오,PHVS,US20210204011,파바비스,2632587012,2.21,38.86,BUY,
35,바이오,NRIX,US20200723004,누릭스 테라퓨틱스,2589055458,1.67,25.52,BUY,
35,바이오,VERA,US20210512003,베라 테라퓨틱스,2510436853,-2.85,34.05,,
35,바이오,MLYS,NAS0230209004,미네랄리스 테라퓨틱스,2477890550,2.77,28.98,BUY,
35,바이오,BEAM,US20200205001,빔 테라퓨틱스,2462780067,0.54,24.12,BUY,
35,바이오,PGEN,US20200203004,프레시젠,2437604692,0,6.85,,
35,바이오,HRMY,US20200819001,하모니 바이오사이언시스 홀딩스,2403248807,0.05,41.54,BUY,
35,바이오,VRDN,US20210120005,비리디언 테라퓨틱스,2391672499,4.52,22.2,BUY,
35,바이오,BRVE,NAS2608006002,브레이브하트 바이오,2384029672,1.76,27.11,,
35,바이오,NKTR,US19940503001,넥타 테라퓨틱스,2367309255,-1.89,68.44,BUY,
35,바이오,SLS,US20180102002,셀라스 라이프 사이언시스 그룹,2317263864,1.56,11.72,BUY,
35,바이오,OCUL,US20140724002,오큘라 테라퓨틱스,2289739767,2.19,10.72,BUY,
35,바이오,NEO,US19960125002,네오지노믹스,2211642485,6.35,18.42,BUY,
35,바이오,PVLA,US20150626001,팔벨라 테라퓨틱스,2149959974,1.15,151.85,BUY,
35,바이오,SRPT,US19970604001,사렙타 테라퓨틱스,2146917056,2.2,20.9,HOLD,
35,바이오,AUPH,US20140902001,오리니아 파마슈티컬스,2129077596,1.93,16.41,BUY,
35,바이오,NUVB,US20210211013,누베이션 바이오,2118337626,-2.14,5.94,BUY,
35,바이오,RAPP,NAS0240607004,라포 테라퓨틱스,2080066945,0.87,44.0,BUY,
35,바이오,BCRX,US19940303001,바이오크리스트 파마슈티컬스,2062307984,1.35,8.23,BUY,
35,바이오,URGN,US20170502002,우로젠 파마,2055541059,0.78,42.64,BUY,
35,바이오,ADMA,US20141110001,ADMA 바이오로직스,2054787609,-0.98,9.14,BUY,
35,바이오,KOD,US20181003002,코디악 사이언시스,2054529237,0.85,33.17,BUY,
35,바이오,ALVO,US20220616002,알보테크,2052803698,-4.54,5.05,BUY,
35,바이오,ZBIO,NAS0240913004,제나스 바이오파마,2015946636,2.7,31.96,,
35,바이오,MESO,US20151111001,메소블라스트(ADR),1995467929,-2.97,15.02,,
35,바이오,AGIO,US20130724001,애지오스 파마슈티컬스,1993766165,-1.13,33.22,BUY,
35,바이오,GRFS,US20110602001,그리폴스(ADR),1937715594,-1.06,7.47,BUY,
35,바이오,BHVN,US20170502005,바이오헤이븐,1908074474,-0.55,12.64,BUY,
35,바이오,STOK,US20190618002,스토케 테라퓨틱스,1861788446,1.93,29.59,BUY,
35,바이오,GHRS,US20210624005,GH 리서치,1853398187,2.46,27.87,BUY,환각제 규제 진전
35,바이오,ZYME,US20170425006,자임웍스,1850630497,2.32,26.85,BUY,
35,바이오,XNCR,US20131115002,젠코,1803912703,0.49,24.53,BUY,목표가 상향
35,바이오,KLRA,NAS2604017003,카일레라 테라퓨틱스,1796226225,-1.36,13.75,BUY,
35,바이오,SEPN,NAS0241025003,셉터나,1786581709,2.65,39.53,BUY,
35,바이오,VIR,US20191010004,버 바이오테크놀로지,1786128730,1.32,10.76,BUY,
35,바이오,NBTX,US20201211003,나노바이오틱스(ADR),1783887886,-3.22,35.82,BUY,
35,바이오,LKFT,US20150513001,레이크프론트 바이오테라퓨틱스(ADR),1749494763,-0.45,26.69,HOLD,
35,바이오,KARD,NAS2606018006,카디건,1721141976,3.02,19.08,BUY,
35,바이오,RXRX,US20210415005,리커젼 파마슈티컬스,1702661656,6.56,3.41,HOLD,
35,바이오,IMCR,US20210204007,이뮤노코어 홀딩스(ADR),1692425690,-0.28,32.51,BUY,
35,바이오,MRVI,US20201119003,마라바이 라이프사이언시스 홀딩스,1685341614,2.3,6.68,BUY,
35,바이오,NTLA,US20160506001,인텔리아 테라퓨틱스,1635068275,1.11,11.87,HOLD,
35,바이오,FTRE,NAS0230703004,포트리아 홀딩스,1625757950,1.28,17.42,,
35,바이오,TSHA,US20200924003,타이샤 진 테라피스,1625722562,0,5.02,BUY,
35,바이오,SNDX,US20160303001,신닥스 파마슈티컬스,1613533877,0.94,18.35,BUY,
35,바이오,ANAB,US20170126001,어냅티스바이오,1585294764,0.43,54.1,BUY,
35,바이오,NVAX,US19951205001,노바백스,1544325676,1.91,9.6,,
35,바이오,BCAX,NAS0240913001,비카라 테라퓨틱스,1500211875,1.71,23.2,BUY,
35,바이오,AAPG,NAS0250127001,어센티지 파마 그룹 인터내셔널(ADR),1494646717,1.93,16.41,BUY,
35,바이오,INVA,US20160111001,이노비바,1483501366,1.16,20.9,,
35,바이오,AVLN,NAS2604030003,아발린 파마,1479198014,4.2,34.98,BUY,
35,바이오,LTGO,NAS2608007005,라티고 바이오테라퓨틱스,1459586722,1.99,22.59,,
35,바이오,CYCN,US20190402001,코르사나 바이오사이언시스,1444149942,-1.13,31.54,BUY,
35,바이오,LBRX,NAS0250911003,LB 파마슈티컬스,1430958589,0.38,44.8,BUY,
35,바이오,AVBP,NAS0240126001,어라이벤트 바이오파마,1421215452,-1.48,28.57,BUY,
35,바이오,RARE,US20140131003,울트라제닉스 파마슈티컬,1401234630,-4.83,13.61,BUY,
35,바이오,ABSI,US20210720001,압사이,1400370066,-1.46,8.09,BUY,
35,바이오,MAZE,NAS0250131004,메이즈 테라퓨틱스,1358187059,0.37,24.69,BUY,
35,바이오,XERS,US20180620010,제리스 바이오파마,1350013888,1.88,7.59,,
35,바이오,AZTA,US20211201001,어젠타,1343257930,3.82,32.03,BUY,
35,바이오,IMTX,US20200702002,이매틱스,1329909229,-2.05,8.61,BUY,
35,바이오,DRTS,US20220308001,알파 타우 메디컬,1326332481,-0.07,14.42,BUY,
35,바이오,CGEM,US20210107002,컬리넌 테라퓨틱스,1316993097,-0.92,20.4,,
35,바이오,VOR,US20210204015,보어 바이오파머,1311284086,3.5,23.08,BUY,
35,바이오,TYRA,US20210914014,타이라 바이오사이언시스,1306676132,13.8,25.07,BUY,
35,바이오,TRAX,NAS2604020011,퍼스트 트랙스 바이오테라퓨틱스,1294102134,3.16,37.59,BUY,
35,바이오,ORIC,US20200424003,오릭 파마슈티컬스,1240377399,5.07,12.65,BUY,
35,바이오,MGTX,US20180607001,메이라GTX 홀딩스,1220908637,0.7,12.88,BUY,
35,바이오,REPL,US20180719002,레플리뮨 그룹,1209903823,1.47,13.11,BUY,
35,바이오,GLUE,US20210623005,몬테 로사 테라퓨틱스,1193048984,-1.14,13.91,,
35,바이오,ALMS,NAS0240628001,알루미스,1180978887,0.44,9.22,BUY,
35,바이오,SLBT,NAS0250205004,에스엘 사이언스 홀딩스,1148129779,0.49,2.07,,
35,바이오,JBIO,US20210629001,제이드 바이오사이언시스,1130827953,1.57,18.17,BUY,
35,바이오,OBX,NAS2608004004,옵시디언 테라퓨틱스,1092860543,1.69,18.1,BUY,
35,바이오,APMD,NAS2607031001,앱니메드,1085324859,-2.78,25.5,BUY,
35,바이오,SVRA,US20170428001,사바라,1082306104,0.57,5.33,,
35,바이오,CRVS,US20160323001,코르버스 파마슈티컬스,1079387296,1.47,13.1,BUY,
35,바이오,MLTX,US20220406002,문레이크 이뮤노테라퓨틱스,1058200364,1.28,12.67,BUY,
35,바이오,JANX,US20210610004,제눅스 테라퓨틱스,1039071766,1.17,17.3,BUY,JANX013 1상 개시
35,바이오,ABUS,US20150804001,아버터스 바이오파마,1008123989,0,5.12,BUY,
35,바이오,KURA,US20151105002,쿠라 온콜로지,1007090368,1.4,11.55,BUY,
35,바이오,SANA,US20210203004,사나 바이오테크놀로지,931292176,2.24,3.2,,
35,바이오,SLDB,US20180124003,솔리드 바이오사이언시스,927178162,0.46,8.74,BUY,매수의견 재확인
35,바이오,SGP,NAS2602006007,스파이글래스 파마,914882317,4.43,28.74,BUY,
35,바이오,DSGN,US20210325006,디자인 테라퓨틱스,909993447,-7.59,13.52,BUY,
35,바이오,WVE,US20151111002,웨이브 라이프 사이언시스,898942730,-0.22,4.58,BUY,
35,바이오,OLMA,US20201118007,올레마 파마슈티컬,888779428,0.59,10.28,BUY,
35,바이오,ARDX,US20140617001,아델릭스,886658389,-1.96,3.51,BUY,
35,바이오,LXRX,US20000407002,렉시콘 파마슈티컬스,884492024,-1.5,1.97,,
35,바이오,TBPH,US20140604002,테라반스 바이오파마,877759417,0.12,17.03,HOLD,
35,바이오,RIGL,US20001129001,리겔 파마슈티컬스,877062457,-4.04,45.33,BUY,
35,바이오,IMMX,US20211215005,임믹스 바이오파마,863197911,0.58,12.21,BUY,
35,바이오,GERN,US19960731001,제론,862056733,0.74,1.36,BUY,
35,바이오,AVTX,US20210826012,아발로 테라퓨틱스,859250251,0.37,16.18,BUY,
35,바이오,IVA,US20200709001,에방티바(ADR),834911613,-3.73,3.87,,
35,바이오,CLYM,US20210805004,클라임 바이오,813481914,2.11,14.55,BUY,
35,바이오,ANL,NAS0230929001,아눠의약(ADR),802387324,4.73,15.93,BUY,
35,바이오,CADL,US20210722002,칸델 테라퓨틱스,801974064,1.23,10.67,BUY,
35,바이오,PHAR,US20201223008,파밍 그룹(ADR),788590575,-3.48,10.82,,
35,바이오,SLN,US20200908003,사일런스 테라퓨틱스(ADR),779151459,0.31,13.06,BUY,
35,바이오,ACRS,US20151006001,애클래리스 테라퓨틱스,778328796,6.02,5.64,BUY,
35,바이오,NVCT,US20211130007,누벡티스 파마,776870598,-2.67,23.35,BUY,
35,바이오,ANNX,US20200723001,아넥슨,742392677,0.25,3.95,BUY,
35,바이오,MNPR,US20191007002,모노파 테라퓨틱스,735576739,-1.61,108.49,BUY,목표가 상향
35,바이오,FDMT,US20201210004,4D 멀레큘러 테라퓨틱스,723135151,4.48,13.76,BUY,
35,바이오,AURA,US20211028002,오라 바이오사이언시스,720997132,0.43,7.02,,
35,바이오,CBIO,US20131107001,크레센트 바이오파머,716572977,1.44,19.69,BUY,아웃퍼폼 재확인
35,바이오,CTMX,US20151007002,사이톰엑스 테라퓨틱스,712522566,-2.74,3.2,BUY,
35,바이오,NGNE,US20190812002,뉴로진,705679686,-0.82,35.19,BUY,
35,바이오,MLAB,US19950818010,메사 래버러토리스,672253363,0.45,121.41,,
35,바이오,PHAT,US20191024005,팬텀 파마슈티컬스,672212734,3.83,8.68,BUY,
35,바이오,SGMT,NAS0230714004,서지멧 바이오사이언시스,672167349,0,10.88,BUY,
35,바이오,IRWD,US20100203002,아이언우드 파마슈티컬스,670073021,2.21,4.17,,
35,바이오,MDXG,US20201104001,미메드엑스,662857999,1.75,4.65,BUY,
35,바이오,VSTM,US20120127001,베라스템,658886969,2.87,7.53,,
35,바이오,OCS,NAS0230303001,오큘리스 홀딩,651171017,0.38,10.6,BUY,
35,바이오,AGMB,NAS2602006002,아고맵 테라퓨틱스(ADR),639261394,-5.97,12.28,BUY,
35,바이오,BLSM,NAS2608007001,블라썸힐 테라퓨틱스,635333655,4.22,21.74,BUY,
35,바이오,ALT,US20170505001,알티뮨,632198997,0.92,3.3,BUY,
35,바이오,VALN,US20210506006,발네바(ADR),627678048,-0.15,6.65,BUY,
35,바이오,DRUG,US20211108002,브라이트 마인즈 바이오사이언시스,619415820,0.84,63.71,BUY,
35,바이오,STTK,US20201009006,섀턱 랩,618462457,0.16,6.21,BUY,
35,바이오,ALLO,US20181010001,알로진 테라퓨틱스,611228384,0,1.78,BUY,
35,바이오,EVO,US20211103004,에보테크(ADR),610969428,-3.47,1.67,BUY,
35,바이오,CRMD,US20210202002,코메딕스,606199764,0.64,7.87,BUY,
35,바이오,ASMB,US20140715001,어셈블리 바이오사이언시스,603050488,-2.89,28.94,BUY,
35,바이오,MPLT,NAS0251027008,맵라이트 테라퓨틱스,599239893,1.15,13.15,BUY,
35,바이오,OABI,US20221102004,옴니앱,588135043,9.83,4.47,,
35,바이오,TECX,US20180620002,텍토닉 테라퓨틱,564450336,2.27,29.71,BUY,
35,바이오,PRME,US20221018005,프라임 메디신,564252029,1.92,3.19,BUY,
35,바이오,RGNX,US20150916001,리젠엑스바이오,559663117,1.76,8.68,BUY,
35,바이오,SCTX,NAS2607024006,스크라이브 테라퓨틱스,559599144,-1.08,29.42,BUY,
35,바이오,CTNM,NAS0240405001,컨티늄 테라퓨틱스,554149550,0.07,14.83,BUY,임상 2상 실패
35,바이오,ARVN,US20180926001,아르비나스,549148333,-0.59,8.4,BUY,
35,바이오,DCTH,US20200501001,델캐스 시스템즈,548695621,3.39,16.45,BUY,
35,바이오,EPRX,NAS0240405003,유프락시아 파마슈티컬스,544125541,-4.16,8.07,BUY,
35,바이오,PROK,US20220712001,프로키드니,540866546,0.56,1.81,,
35,바이오,OVID,US20170502001,오비드 테라퓨틱스,522151680,1.86,2.74,BUY,목표가 상향
35,바이오,IRD,US20201106001,오푸스 제네틱스,499442370,-0.99,5.98,BUY,
35,바이오,CERS,US19970131001,세러스,498740894,2.41,2.55,BUY,
35,바이오,AUTL,US20180621001,오토러스 테라퓨틱스(ADR),497338069,3.19,1.94,BUY,
35,바이오,ARTV,NAS0240719001,아티바 바이오테라퓨틱스,496613968,-0.78,10.14,,
35,바이오,ZURA,NAS0230321005,주라 바이오,496229093,0,5.21,BUY,
35,바이오,ENTX,US20180628001,엔테라 바이오,490682606,-0.35,2.83,,
35,바이오,CAPR,US20150309001,캐프리코 테라퓨틱스,483659648,5.14,8.8,HOLD,매수의견·목표가 상향
35,바이오,VOGX,NAS2608012004,보젠엑스,482950551,-0.89,32.42,BUY,
35,바이오,EIKN,NAS2602005003,에이콘 테라퓨틱스,481286222,4.7,9.36,,
35,바이오,EVH,US20150605002,에볼런트 헬스,470833518,-2.15,4.1,BUY,
35,바이오,SPRY,US20221109002,ARS 파마슈티컬스,470486384,-5.46,4.5,BUY,
35,바이오,PBYI,US20170103002,퓨마 바이오테크놀로지,467907833,0.22,9.14,,
35,바이오,CABA,US20191024002,카발레타 바이오,460040107,6.23,2.9,,워런트 자금 조달
35,바이오,PRTA,US20121218001,프로테나,455647139,-0.78,8.86,HOLD,
35,바이오,KMDA,US20130531002,카마다,454054565,4.92,8.31,,
35,바이오,KYTX,NAS0240208002,카이버나 테라퓨틱스,446248952,1.93,7.4,,
35,바이오,DNA,US20210917003,깅코 바이오웍스 홀딩스,431651865,3.85,7.01,SELL,
35,바이오,CCCC,US20201002002,C4 테라퓨틱스,429188318,-2.56,3.42,BUY,
35,바이오,AVIR,US20201029004,아테아 파마슈티컬스,423293166,0,5.31,,
35,바이오,BNTC,US20150807001,베니텍 바이오파마,416228832,-0.98,12.07,BUY,
35,바이오,ARCT,US20171116001,아크투루스 테라퓨틱스 홀딩스,416121962,4.01,15.32,BUY,
35,바이오,EDIT,US20160203002,에디타스 메디신,412140647,1.11,2.73,BUY,
35,바이오,LRMR,US20200529002,라리마 테라퓨틱스,404741008,-3.06,3.8,BUY,
35,바이오,RZLT,US20201109004,레졸루트,403878815,0.47,4.24,BUY,
35,바이오,PACB,US20101027001,퍼시픽 바이오사이언시스 캘리포니아,401619012,3.08,1.34,BUY,
35,바이오,GALT,US20020905001,갈렉틴 테라퓨틱스,391920562,-1.53,3.85,,
35,바이오,BIOA,NAS0240926001,바이오에이지 랩스,387291575,-0.24,8.47,BUY,
35,바이오,FENC,US20170913001,페넥 파마슈티컬스,381898460,-2.28,10.71,BUY,
35,바이오,EVMN,NYS0251106002,에보뮨,380189210,-1.04,10.43,BUY,
35,바이오,ENTA,US20130321001,에난타 파마슈티컬스,375166328,1.23,13.12,BUY,
35,바이오,INDP,US20210804007,인댑터스 테라퓨틱스,366833416,14.08,3.16,,
35,바이오,RCKT,US20180105001,로켓 파마슈티컬스,365505217,2.39,3.43,,
35,바이오,PRLD,US20200925008,프렐류드 테라퓨틱스,364067125,-0.22,4.58,BUY,
35,바이오,TKNO,US20210624008,알파 테크노바,358054106,1.64,6.82,BUY,
35,바이오,CMPX,US20211102002,컴퍼스 테라퓨틱스,357982245,-2.0,1.96,BUY,
35,바이오,PALI,NAS0221116001,팰리세이드 바이오,356810942,-0.49,2.05,BUY,
35,바이오,SION,NAS0250207004,시오나 테라퓨틱스,352755773,5.35,8.27,HOLD,
35,바이오,IPSC,US20210617007,센추리 테라퓨틱스,349146679,3.61,2.01,BUY,
35,바이오,DMAC,US20181207002,디아메디카 테라퓨틱스,346774353,1.24,6.55,,
35,바이오,LXEO,NAS0231103004,렉시오 테라퓨틱스,346572911,-0.71,4.22,BUY,
35,바이오,XFOR,US20190314001,X4 파머슈티컬,344900178,3.43,3.62,BUY,
35,바이오,OCGN,US20190930001,오큐젠,343786014,4.9,1.07,BUY,
35,바이오,ZNTL,US20200402003,젠테일스 파마슈티컬,330262943,-0.28,3.5,BUY,
35,바이오,QTTB,US20180328001,Q32 바이오,328428582,-1.53,10.93,BUY,
35,바이오,IKT,US20201029008,인히비케이즈 테라퓨틱스,324525432,2.14,2.39,BUY,
35,바이오,EBS,US20061115001,이머전트 바이오솔루션즈,317487436,2.41,6.38,HOLD,
35,바이오,UPB,NAS0241011008,업스트림 바이오,311926692,1.22,5.8,BUY,
35,바이오,AGEN,US20000204001,아제너스,310538757,2.59,7.12,BUY,
35,바이오,SABS,US20211025007,SAB 바이오테라퓨틱스,308373912,2.05,3.48,BUY,
35,바이오,ABEO,US20150623003,아베오나 테라퓨틱스,307765577,0.37,5.43,,
35,바이오,IFRX,US20171108002,인플락스,305967219,1.44,2.12,BUY,매수의견 개시
35,바이오,VNDA,US20060412001,반다 파마슈티컬스,305880751,0.98,5.14,BUY,
35,바이오,VCRE,NAS2607002008,비코어 파마 홀딩(ADR),301636269,4.82,11.3,,
35,바이오,FULC,US20190717002,풀크럼 테라퓨틱스,288163814,-0.53,3.78,HOLD,
35,바이오,TLSI,US20210208006,트라이살러스 라이프 사이언시스,285496093,2.36,4.77,BUY,
35,바이오,YDES,NAS0250829004,YD BIO LIMITED,281599843,-4.5,3.82,,
35,바이오,ACIU,US20160923001,AC 이뮨,279184321,-3.62,2.66,,
35,바이오,STRO,US20180926002,수트로 바이오파머,277855943,0.3,16.91,BUY,
35,바이오,FATE,US20130918001,페이트 테라퓨틱스,275099676,0.87,2.33,,
35,바이오,IMRX,US20210729005,이뮤니어링,274575409,1.64,4.34,BUY,
35,바이오,LAB,US20220406001,스탠더드 바이오툴스,269229637,0.94,0.6965,BUY,
35,바이오,BCYC,US20190522001,바이시클 테라퓨틱스(ADR),268527046,0.78,3.89,BUY,
35,바이오,ALXO,US20200716001,ALX 온콜로지 홀딩스,266623602,-1.03,1.92,BUY,
35,바이오,PYXS,US20211007010,픽시스 온콜로지,266109221,7.17,3.44,BUY,
35,바이오,CAMP,NAS0241011002,캠프4 테라퓨틱스,265076806,0,4.25,BUY,
35,바이오,TRDA,US20211028010,엔트라다 테라퓨틱스,263156820,3.68,7.05,BUY,
35,바이오,AKBA,US20140320001,아케비아 테라퓨틱스,262115862,0.75,0.9588,BUY,
35,바이오,FHTX,US20201022003,포그혼 테라퓨틱스,260884487,-1.81,4.34,,
35,바이오,LCTX,US20190812003,리니지 셀 테라퓨틱스,253880850,5.94,1.07,BUY,
35,바이오,MGNX,US20131010001,매크로제닉스,253248931,5.0,4.2,BUY,
35,바이오,RNAC,US20160622002,카티지언 테라퓨틱스,246282205,-1.83,8.04,BUY,
35,바이오,PRQR,US20140917001,PROQR 테라퓨틱스,245849087,0.54,1.87,BUY,
35,바이오,CYPH,US20170124001,사이퍼펑크 테크놀로지스,242599762,14.6,2.59,BUY,
35,바이오,AVXL,US20151028001,애너벡스 라이프 사이언시스,241386597,-0.76,2.6,BUY,
35,바이오,NAGE,US20160425001,NIAGEN BIOSCIENCE INC,239078063,-0.33,3.03,BUY,
35,바이오,ALEC,US20190206001,알렉터,237490551,3.27,2.21,HOLD,
35,바이오,WHWK,US20210827001,화이트호크 테라퓨틱스,232880027,-0.73,4.08,BUY,
35,바이오,CGEN,US20000811001,컴퓨젠,232552977,0.81,2.49,BUY,
35,바이오,YARW,NAS0230213004,야로우 바이오사이언스,230127926,-2.92,26.22,BUY,공모 증자 부담
35,바이오,IVVD,US20210805001,인비비드,230122886,13.48,0.8914,BUY,
35,바이오,GLSI,US20200925003,그리니치 라이프사이언시스,225397162,3.56,16.0,,
35,바이오,ELDN,US20210105001,엘레던 파마슈티컬스,224530164,0,2.78,BUY,
35,바이오,TARA,US20200110003,아타라 테라퓨틱스,224369907,2.62,3.92,,
35,바이오,CLLS,US20150325001,셀렉티스(ADR),223991750,-40.97,1.83,BUY,
35,바이오,ADAG,US20210208001,아다진(ADR),223207684,-3.82,3.27,BUY,매수의견 유지
35,바이오,SRZN,NAS0231214005,서로젠,221957527,-6.11,17.84,BUY,
35,바이오,KROS,US20200407001,케로스 테라퓨틱스,218347290,1.26,11.22,BUY,
35,바이오,PLX,US20070312001,프로탈릭스 바이오테라퓨틱스,211413669,4.92,2.77,,
35,바이오,ABOS,US20210630001,애큐먼 파마슈티컬스,209880401,-4.45,2.79,,
35,바이오,IPHA,US20191016001,이네이트 파르마(ADR),207607506,-1.07,1.85,BUY,
35,바이오,CUE,US20171219001,큐 바이오파머,207507726,6.92,30.73,BUY,
35,바이오,NKTX,US20200710001,엔카르타,207158748,0.34,2.92,BUY,
35,바이오,MSLE,NAS2602006005,사텔로스 바이오사이언스,205600435,0.41,9.79,BUY,
35,바이오,PEPG,US20220505003,펩젠,205136360,-0.34,2.97,BUY,
35,바이오,CHRS,US20141106001,코히러스 바이오사이언시스,204234808,6.77,1.42,BUY,
35,바이오,ANTX,US20220324002,AN2 테라퓨틱스,202909685,1.11,5.47,BUY,
35,바이오,KRRO,US20191002004,코로 바이오,202122637,0.94,13.94,BUY,
35,바이오,ARMP,US20190510002,아마타 파마슈티컬스,198820746,3.16,5.55,,
35,바이오,NERV,US20140626003,미네르바 뉴로사이언시스,196945559,-3.13,4.02,BUY,
35,바이오,DTIL,US20190327001,프리시전 바이오사이언시스,196697849,-4.04,6.88,BUY,
35,바이오,VYGR,US20151110002,보이저 테라퓨틱스,195364134,0.31,3.2,BUY,
35,바이오,NMRA,NAS0230915004,뉴모러 테라퓨틱스,194221628,-4.8,0.9901,,
35,바이오,ORMP,US20070501001,오라메드 파마슈티컬스,192663101,0.43,4.68,,
35,바이오,ACOG,NAS0241112001,알파 코그니션,192642581,-2.36,8.69,BUY,
35,바이오,NBP,US20200116001,노바브리지 바이오사이언스(ADR),182761229,1.89,1.62,BUY,
35,바이오,RNA,NAS2602027007,아트리움 테라퓨틱스,176135169,-1.45,10.21,BUY,
35,바이오,KZIA,US20171124001,카지아 테라퓨틱스(ADR),169560134,-0.36,11.15,BUY,
35,바이오,CNTN,US20220111003,칸톤 스트래티직 홀딩스,167103721,-0.47,2.1,,
35,바이오,ZSQR,US20221031016,Z 스퀘어드,161720256,-10.42,2.75,,AI 캠퍼스 확보
35,바이오,OTLK,US20181204001,아웃룩 테라퓨틱스,159696822,-3.35,0.6379,BUY,목표가 상향
35,바이오,MOLN,US20210615006,멀레큘러 파트너스(ADR),159140734,-3.83,4.02,,
35,바이오,CRBP,US20150417001,코버스 파마슈티컬스 홀딩스,156094807,-0.49,8.08,BUY,
35,바이오,LFCR,NAS0221115005,라이프코어 바이오메디컬,155004794,3.16,4.25,BUY,
35,바이오,SPRB,US20201009005,스프루스 바이오사이언시스,153394552,5.96,56.9,BUY,
35,바이오,UNCY,US20210616006,유니사이클 테라퓨틱스,146456875,-2.65,5.15,BUY,
35,바이오,TNYA,US20210729015,테나야 테라퓨틱스,142633203,7.95,0.6909,BUY,FDA RMAT 지정
35,바이오,LENZ,US20210624006,렌즈 테라퓨틱스,141155003,-1.11,4.47,BUY,
35,바이오,ADCT,US20200514001,ADC 테라퓨틱스,135772469,3.74,1.11,BUY,
35,바이오,CRBU,US20210723001,카리부 바이오사이언시스,135324324,1.57,1.29,BUY,
35,바이오,EQ,US20181011002,이퀼리움,132976223,-0.95,2.09,BUY,
35,바이오,HURA,NAS0221114002,투후라 바이오사이언시스,129843928,0,2.05,BUY,FDA IND 승인
35,바이오,NAUT,US20210610006,노틸러스 바이오테크놀로지,129009802,-11.15,0.9063,BUY,
35,바이오,INO,US20140915002,이노비오 파마슈티컬스,128459743,-5.6,1.18,BUY,
35,바이오,VTVT,US20150730001,VTV 테라퓨틱스,125640142,-1.38,31.53,,
35,바이오,BMEA,US20210415002,바이오미아 퓨전,125353779,2.3,1.78,BUY,
35,바이오,OKUR,US20210408002,온큐어 테라퓨틱스,124773988,-3.87,2.98,BUY,
35,바이오,TLSA,US20181025005,티지아나 라이프 사이언시스,121424719,-7.24,0.8905,BUY,
35,바이오,PMN,US20220708002,프로미스 뉴로사이언시스,120861323,-1.47,13.36,BUY,
35,바이오,ENGN,US20220201002,엔진 홀딩스,119894698,3.89,1.87,BUY,
35,바이오,MXCT,US20210730006,맥스사이트,118990071,0.86,1.17,BUY,
35,바이오,RFL,US20191121005,라파엘 홀딩스,117837923,-4.39,2.18,,
35,바이오,RANI,US20210729009,라니 테라퓨틱스 홀딩스,116739161,-0.81,0.8358,BUY,
35,바이오,VANI,US20220831004,비바니 메디컬,113860566,-1.57,1.25,BUY,
35,바이오,BDTX,US20200129002,블랙 다이아몬드 테라퓨틱스,113065594,3.03,2.04,BUY,
35,바이오,GNLX,NAS0230126005,제네럭스,111974743,2.01,2.54,BUY,
35,바이오,AARD,NAS0250213002,아드바크 테라퓨틱스,111585504,8.38,5.56,BUY,
35,바이오,SEER,US20201203005,시어,107317824,-2.05,1.91,BUY,
35,바이오,NTHI,NAS0250326009,니온크 테크놀로지스 홀딩스,105358201,4.08,3.83,BUY,
35,바이오,PMVP,US20200925007,PMV 파마슈티컬스,105077727,3.57,1.45,BUY,
35,바이오,COYA,NAS0221229001,코야 테라퓨틱스,102119627,6.16,4.65,BUY,
35,바이오,GUTS,NAS0240202004,프랙틸 헬스,101254651,-4.44,0.6116,BUY,
35,바이오,ANIX,US20181001001,애닉사 바이오사이언시스,95363739,1.81,2.81,BUY,
35,바이오,ONCY,US20180601002,온콜리틱스 바이오테크,94480141,9.67,0.8176,BUY,
35,바이오,ATRA,US20141013001,아타라 바이오테라퓨틱스,93580294,-1.39,9.25,BUY,
35,바이오,CRDF,US20200508001,카디프 온콜로지,93558955,7.44,1.3,HOLD,온반서팁 분쟁 해소
35,바이오,CGTX,US20211007003,커그니션 테라퓨틱스,92888944,2.77,1.01,BUY,
35,바이오,RLYB,US20210728010,랠리바이오,89068889,-2.13,16.51,HOLD,
35,바이오,MNOV,US20061207001,메디치노바,88862686,3.31,1.87,BUY,
35,바이오,ACET,US20200916001,에이디셋 바이오,88578607,2.31,9.74,BUY,
35,바이오,ACRV,US20221108001,아크리본 테라퓨틱스,85184743,-2.0,1.96,BUY,
35,바이오,CTOR,NAS0221208004,시티우스 온콜로지,84790688,5.65,0.9693,,
35,바이오,VRCA,US20180614001,베리카 파머슈티컬,83834134,-2.65,4.78,BUY,
35,바이오,ALDX,US20140411001,알데이라 테라퓨틱스,80345078,9.7,1.47,BUY,
35,바이오,TELO,NAS0240209005,텔러미어 파마슈티컬스,79976631,-0.85,1.16,,
35,바이오,KLRS,US20200729001,칼라리스 테라퓨틱스,79970804,-2.07,3.31,BUY,
35,바이오,RNXT,US20210811010,레노보 RX,78944192,-3.98,1.69,,
35,바이오,MAIA,US20220727001,마이어 바이오테크놀로지,78592013,6.92,1.39,,
35,바이오,OSTX,AMX0240731004,OS 테라피스,78153887,1.19,1.7,BUY,
35,바이오,IBIO,US20080819002,아이바이오,77018303,0,1.2,BUY,비만 신약 공개
35,바이오,ATHE,NAS0230109001,알테리티 테라퓨틱스(ADR),76850622,-4.69,3.86,BUY,
35,바이오,BSEM,NAS2608007002,바이오스템 테크놀로지스,76462684,-2.78,4.19,,
35,바이오,GANX,US20210317006,게인 테라퓨틱스,75911177,0,1.75,,
35,바이오,PLRX,US20200602001,플리언트 테라퓨틱스,72007384,-1.71,1.15,HOLD,
35,바이오,TENX,NAS0230105005,테낙스 테라퓨틱스,69184548,-1.08,1.84,BUY,
35,바이오,RNTX,NAS0221111001,레인 테라퓨틱스,67307186,0.78,0.7911,BUY,
35,바이오,APLM,NAS0230330001,아폴로믹스,67229803,3.45,24.0,,
35,바이오,XBIT,US20150414001,X바이오테크,66361492,-0.91,2.17,,
35,바이오,DWTX,US20201217012,도그우드 테라퓨틱스,65543923,-5.67,1.83,,임상 등록 완료
35,바이오,SPRO,US20171101005,스페로 테라퓨틱스,65404579,0.88,1.14,,
35,바이오,GOSS,US20190207001,고사머 바이오,65167244,-0.28,10.7,BUY,
35,바이오,LONA,US20200918001,레오나바이오,64800832,9.39,7.57,BUY,
35,바이오,TLPH,US20110211001,탈페라,63971194,-0.81,1.23,BUY,
35,바이오,RPID,US20210714014,래피드 마이크로 바이오시스템즈,61320504,-4.88,1.17,,
35,바이오,INMB,US20190204002,인뮨 바이오,61238166,5.41,2.34,,
35,바이오,HYFT,US20201230002,마인드워크 홀딩스,60944972,2.31,1.33,BUY,실적 예상치 미달
35,바이오,INKT,US20211015003,밍크 테라퓨틱스,60863077,-0.75,11.91,,
35,바이오,HRTX,US20140124001,헤런 테라퓨틱스,59533602,-0.03,0.3154,HOLD,
35,바이오,XLO,US20211021013,자일리오 테라퓨틱스,58402894,0,8.93,,
35,바이오,EXOZ,NAS0241113002,엑소자임스,58130282,-1.59,6.2,,
35,바이오,IMA,US20210325009,이메진바이오,57314195,-1.57,5.0,BUY,
35,바이오,EDSA,US20190610001,에데사 바이오테크,56772864,-3.55,4.08,BUY,
35,바이오,SER,US20181129002,세리나 테라퓨틱스,56045622,10.36,2.45,BUY,
35,바이오,IMMP,US20171201001,이뮤텝(ADR),54678964,-11.33,0.331,BUY,개발 전략 재정비
35,바이오,HYPD,US20180125001,하이퍼리온 디파이,53902331,4.3,3.64,,
35,바이오,ELTX,US20210204002,엘리시오 테라퓨틱스,53549724,-2.44,2.0,BUY,
35,바이오,DOMH,NAS0221222002,도미너리 홀딩스,52529267,1.83,2.22,,
35,바이오,TIL,US20210318018,인스틸 바이오,49746156,1.49,7.49,BUY,
35,바이오,MCRB,US20150625005,세레스 테라퓨틱스,49502385,-5.39,4.74,BUY,
35,바이오,IBO,AMX0240916003,임팩트 바이오메디컬,49317133,5.19,0.4841,,주식 병합 결정
35,바이오,PRPO,US20170630002,프리시피오,48610071,-0.92,27.07,,
35,바이오,SCYX,US20140402001,사이넥시스,47862822,-4.96,4.6,,
35,바이오,TVGN,US20220103006,테보젠 바이오 홀딩스,47633056,4.62,7.7,,
35,바이오,ANVS,US20211118010,애노비스 바이오,47509425,1.79,1.14,BUY,
35,바이오,HOWL,US20210428001,웨어울프 테라퓨틱스,47433627,-3.12,0.9514,BUY,
35,바이오,CLNN,US20201231001,클렌,45589833,-8.12,3.28,BUY,
35,바이오,MREO,US20190424001,메레오 바이오파마 그룹(ADR),44441152,0.21,0.2806,BUY,
35,바이오,ATNM,US20140327004,악티늄 파마슈티컬스,43749926,-8.57,1.28,BUY,
35,바이오,MGX,NAS0240209004,메타제노미,43554555,2.59,1.19,,
35,바이오,SCLX,NAS0221111006,사일렉스 홀딩,42290787,2.0,5.11,,
35,바이오,ATYR,US20150515001,어타이어 파마,41901219,-9.38,0.3895,BUY,
35,바이오,VERU,US20170807002,베루,41349406,-4.1,2.34,,
35,바이오,CELU,US20210719003,셀룰러리티,40565236,-2.13,1.38,,
35,바이오,CRVO,US20161109017,체르보메드,38619431,-1.17,2.54,BUY,
35,바이오,LITS,NAS0230417002,라이트 스트래티지,37537953,4.5,1.16,,
35,바이오,SAVA,US20190328003,FILANA THERAPEUTICS INC,37095373,-6.98,0.7187,BUY,
35,바이오,HBIO,US20001207001,하버드 바이오사이언스,36332377,0,8.03,BUY,
35,바이오,KPTI,US20131105002,카료팜 테라퓨틱스,36294750,-0.62,1.6,BUY,채무불이행 위기
35,바이오,CCEL,US20220830002,크라이오셀 인터내셔널,35259602,0,4.4,,
35,바이오,ALGS,US20201015002,앨리고스 테라퓨틱스,32398069,-3.45,5.04,BUY,
35,바이오,KYNB,US20141114001,킨트라 바이오,32074974,1.0,8.05,BUY,
35,바이오,CNTX,US20210727002,콘텍스트 테라퓨틱스,31998389,2.6,0.3595,BUY,
35,바이오,NXTC,US20190508006,넥스큐어,31846370,-6.57,6.54,BUY,
35,바이오,BCTX,NAS0230905001,브리아셀 테라퓨틱스,31387893,-1.93,3.56,,3상 지속 권고
35,바이오,BYSI,US20170309001,비욘드스프링,31224211,2.28,0.7814,,
35,바이오,IGC,US20190226002,IGC 파마,28627366,-1.11,0.2755,BUY,
35,바이오,ESLA,US20210907004,에스트레야 이뮤노파마,28516452,-3.65,0.6355,,
35,바이오,RADX,NAS0241127003,라디오팜 테라노스틱스(ADR),28453473,2.53,2.03,BUY,보유자 매각 부담
35,바이오,RNAZ,US20210427005,트랜스코드 테라퓨틱스,28438687,-2.37,1.65,,
35,바이오,EVAX,US20210204006,에박시언 바이오테크(ADR),28065268,-0.64,3.11,,
35,바이오,QNTM,US20200109002,퀀텀 바이오파마,26175586,6.56,3.41,BUY,FDA IND 승인
35,바이오,CVM,US19911010001,셀 사이,26047978,2.01,1.52,,
35,바이오,PLRZ,NAS0241029003,폴리라이즌,26004552,-0.27,11.0,,
35,바이오,ABVC,US20210803001,ABVC 바이오파마,25964839,3.05,1.01,,
35,바이오,NNVC,US20130926002,나노바이리사이드스,25879320,2.94,1.05,BUY,
35,바이오,ACTU,NAS0240813001,액추에이트 테라퓨틱스,25538704,-2.8,1.04,BUY,
35,바이오,ATOS,US20121108001,아토사 테라퓨틱스,24895487,-1.99,2.46,BUY,
35,바이오,TXMD,US20171009002,테라퓨틱스MD,24848360,0.46,2.17,,
35,바이오,TVRD,US20140131001,트바르디 테라퓨틱스,24791907,-2.67,1.82,BUY,
35,바이오,AKTX,US20150921001,아카리 테라퓨틱스(ADR),21866904,-5.49,10.68,BUY,
35,바이오,JSPR,US20210927005,재스퍼 테라퓨틱스,21837381,-4.16,0.6328,BUY,
35,바이오,LTRN,US20200611004,랜턴 파마,21727750,0,1.71,BUY,
35,바이오,CLRB,US20140815002,셀렉타 바이오사이언시스,21701390,0,2.31,BUY,
35,바이오,TCRX,US20210714017,티스캔 테라퓨틱스,21584212,-4.4,0.3063,HOLD,
35,바이오,NIKI,NAS0230227001,니키 바이오솔루션스,20476016,0.53,5.74,,
35,바이오,GRDX,NAS0230118003,GRIDAI TECHNOLOGIES CORP,20270799,3.15,2.95,,
35,바이오,NEUP,US20211216003,뉴포리아 테라퓨틱스,20036200,1.88,3.8,HOLD,
35,바이오,GNTA,US20211214006,제넨타 사이언스(ADR),19714526,1.12,0.8502,,
35,바이오,ALLR,NAS0230327001,앨러리티 테라퓨틱스,19292863,-4.1,1.17,,
35,바이오,DYAI,US20190417001,다이아딕 인터내셔널,19272735,-12.31,0.4244,,
35,바이오,MRKR,NAS0230127003,마커 테라퓨틱스,19057319,1.74,1.17,,
35,바이오,CMMB,US20210317003,키모맵 테라퓨틱스(ADR),18790223,-5.43,2.44,,
35,바이오,GRML,US20220429003,그린란드 마인스,18316748,2.86,3.24,,
35,바이오,NCEL,US20210129007,NEWCELX LTD,17555586,-0.61,3.28,BUY,
35,바이오,CNSY,US20190729001,세리노움,17538753,-6.03,2.18,BUY,
35,바이오,ENLV,US20190326002,엔라이벡스 테라퓨틱스,16675121,-8.74,0.8756,BUY,
35,바이오,PDSB,US20190318001,PDS 바이오테크놀로지,16405421,35.33,0.3991,,
35,바이오,BCDA,US20190802001,바이오카디아,16250309,10.19,1.19,,
35,바이오,AEON,US20210412008,이온 바이오파마,16207371,-12.45,0.2862,BUY,
35,바이오,PASG,US20200227010,패시지 바이오,15991062,-1.8,4.91,HOLD,
35,바이오,CTXR,US20170803002,시티우스 파마슈티컬스,15852802,-1.36,0.5731,BUY,
35,바이오,RKTO,US20190208009,로켓 원,15852253,4.75,0.671,,
35,바이오,GTBP,US20210211002,GT 바이오파머,15441085,37.98,11.88,,
35,바이오,LSTA,US20220915004,러사타 테라퓨틱스,14598373,-3.68,1.57,HOLD,
35,바이오,PLUR,US20220726001,플루리,14478071,5.08,1.24,,
35,바이오,QCLS,US20210419007,Q/C 테크놀로지스,13919330,-66.96,0.5649,,컨설팅 계약 해지 부담
35,바이오,MBRX,US20160602001,멀레큘린 바이오테크,13841511,8.42,0.7752,,
35,바이오,DARE,US20170720001,데어 바이오사이언스,13801800,4.39,0.737,BUY,
35,바이오,ADVB,NAS0250306001,어드밴스드 바이오메드,13448561,-5.01,7.78,,
35,바이오,CALC,NAS0230614001,칼시메디커,13437676,1.01,2.0,BUY,
35,바이오,INTS,US20221018002,인텐시티 테라퓨틱스,13044879,-0.5,4.0,BUY,
35,바이오,TPST,US20210628006,템페스트 테라퓨틱스,12891493,-3.38,0.7843,,워런트 희석 부담
35,바이오,ADIL,US20171213001,애디얼 파머슈티컬,12788497,1.43,4.97,BUY,
35,바이오,BLRX,US20110725001,바이오라인 RX(ADR),12096841,-0.4,2.5,BUY,
35,바이오,PHIO,NAS0230126007,피오 파마슈티컬스,11892892,0,1.03,,
35,바이오,IMRN,US20170612004,이뮤론(ADR),11631966,-2.76,1.41,,
35,바이오,TOVX,US20221013006,테리바 바이오로직스,11293820,-4.85,0.2356,BUY,
35,바이오,KALA,US20170719003,칼라 바이오,11002673,-4.26,0.548,,
35,바이오,MTVA,US20191231025,메타비아,10869642,-3.61,1.6,BUY,
35,바이오,XTLB,US20050901001,XTL 바이오파머슈티컬스(ADR),10792919,-4.71,2.43,,
35,바이오,AZTR,AMX0230518002,아지트라,10727790,-1.46,0.1755,,
35,바이오,LNAI,US20181210001,루나이 바이오웍스,10724939,-8.82,2.17,,
35,바이오,FBLG,NAS0240131002,파이브로바이오로직스,10654404,-2.48,1.57,BUY,
35,바이오,VTGN,US20160511003,비스타젠 테라퓨틱스,10453274,2.62,0.2432,,
35,바이오,MDCX,NAS0241114003,메디커스 파마,10210600,-2.15,0.1591,,
35,바이오,APRE,NAS0230213001,아프레아 테라퓨틱스,9686185,2.36,0.7923,BUY,
35,바이오,ENSC,NAS0230331002,엔시스 바이오사이언시스,9415816,-1.13,0.4814,,
35,바이오,GDTC,NAS0230414003,사이토메드 테라퓨틱스,9194569,15.12,0.9,,
35,바이오,XCUR,US20190731009,엑시큐어,9108578,-2.86,1.36,,
35,바이오,XBIO,US20161107002,제네틱 바이오사이언시스,9082750,8.97,4.25,,
35,바이오,SKYE,NAS0240411002,스카이 바이오사이언스,8977448,-2.45,1.99,BUY,CFO 사임 부담
35,바이오,TRAW,US20130725002,트로스 파머,8619501,-5.92,0.5309,HOLD,
35,바이오,CNSP,NAS0221129001,CNS 파머슈티컬스,8482882,-2.4,5.7,BUY,
35,바이오,IMNN,US20220921002,이뮨온,8198524,-2.04,1.44,BUY,
35,바이오,ALZN,US20210615001,알자멘드 뉴로,8191230,1.74,1.75,BUY,
35,바이오,SNGX,NAS0230210008,솔리제닉스,7874382,-0.93,0.3606,,
35,바이오,ACXP,US20210614002,아크룩스 파머슈티컬스,7613165,-0.71,1.39,,
35,바이오,BOLT,US20210204004,볼트 바이오테라퓨틱스,7562721,0.76,3.98,BUY,
35,바이오,CURX,NAS0250826004,큐러넥스 파머슈티컬스,7092039,-0.88,4.51,,
35,바이오,INM,US20201112010,인메드 파마슈티컬스,7043756,0.78,1.3,,
35,바이오,CANF,AMX0230109001,CAN FITE 바이오파머(ADR),7020486,-1.29,2.3,BUY,
35,바이오,ERNA,US20221017001,어넥사 테라퓨틱스,6757583,2.16,4.25,BUY,
35,바이오,AIM,US20190903003,AIM 이뮤노테크,6707918,0.54,0.2229,BUY,지분 희석 부담
35,바이오,ENVB,US20201231006,엔버릭 바이오사이언시스,6317046,5.63,1.5,,
35,바이오,CELZ,US20211203005,크리에이티브 메디컬 테크놀로지 홀딩스,6294241,-9.73,0.8671,,
35,바이오,KAPA,AMX0240913002,카이로스 파머,5915256,5.14,1.84,BUY,
35,바이오,BGMS,US20060328001,바이오 그린 메드 솔루션,5739903,2.06,0.89,,
35,바이오,NCNA,US20170927002,누카나(ADR),5653967,1.52,1.34,,
35,바이오,PMCB,US20210810004,파마사이트 바이오테크,4803753,-12.93,0.392,,
35,바이오,LIMN,NAS0250501002,리미나투스 파머,4632545,1.15,3.51,,
35,바이오,XRTX,US20211013007,졸트엑스 테라퓨틱스,4206818,-11.59,2.06,,
35,바이오,GOVX,US20200925004,지오박스 랩스,4184818,-7.13,0.43,BUY,
35,바이오,GRI,NAS0230424001,GRI 바이오,4128322,-1.05,1.88,,
35,바이오,JUNS,NAS0241203001,주피터 뉴로사이언시스,3996996,11.8,3.41,,
35,바이오,GLMD,US20140313001,에오세네 리미티드,3975251,-0.52,3.82,,
35,바이오,REVB,NAS0230201004,레벨레이션 바이오사이언시스,3929066,-3.75,0.9552,,
35,바이오,RDHL,US20121227001,레드힐 바이오파마(ADR),3897701,-5.12,0.6119,,
35,바이오,CVKD,NAS0230120003,커드리널 테라퓨틱스,3864991,-1.83,1.07,BUY,
35,바이오,MBIO,NAS0230404002,머스탱 바이오,3819904,0.16,0.508,,
35,바이오,TCRT,US20050824001,알라우누스 테라퓨틱스,3812761,-1.32,1.49,,
35,바이오,ISPC,US20210616002,아이스페시맨,3679778,0,1.47,,상장폐지 우려
35,바이오,BRTX,US20211105003,바이오리스토러티브 테라피스,3665153,1.5,2.71,,
35,바이오,ADXN,US20200129001,애딕스 테라퓨틱스(ADR),3449056,-0.29,3.48,,
35,바이오,APVO,US20160801002,앱티보 테라퓨틱스,3274525,0,1.82,,
35,바이오,CLDI,AMX0221202001,칼리디 바이오테라퓨틱스,3184872,-1.61,1.22,,
35,바이오,APUS,AMX0250304001,아피메즈 파머슈티컬스 US,3157345,-0.48,2.09,,
35,바이오,SXTP,NAS0230615005,60 디그리스 파머슈티컬스,3146011,-0.17,0.8985,BUY,
35,바이오,ARTL,US20190621003,아르텔로 바이오사이언시스,2956297,-10.5,4.86,,
35,바이오,SPRC,US20211222005,사이스파크,2894338,-0.59,5.05,,
35,바이오,PPBT,US20201222004,퍼플 바이오테크(ADR),2771108,2.33,1.76,,
35,바이오,GNPX,US20180329001,젠프렉스,2729300,2.99,3.45,,
35,바이오,CRIS,US20000801001,큐리스,2723648,-0.88,1.12,BUY,
35,바이오,MTNB,US20170302001,마티나스 바이오파마 홀딩스,2701612,3.78,0.192,,
35,바이오,IVF,US20201113002,인보 퍼틸러티,2414707,-0.7,0.9623,,
35,바이오,OGEN,AMX0230123004,오라제닉스,2143579,4.39,0.499,,
35,바이오,SLXN,US20210407005,사일렉시온 테라퓨틱스,2044047,6.3,0.3798,,
35,바이오,JAGX,NAS0230123003,재규어 헬스,1612962,-0.48,0.3125,,
35,바이오,BBLG,US20211013010,본 바이오로직스,1508790,-1.94,0.5401,,
35,바이오,SCNI,NAS0221125001,사이나이 이뮤노테라퓨틱스(ADR),940474,48.19,2.46,,
113,생활가전,HD,US19810922001,홈 디포,306150715555,0.69,310.87,BUY,
113,생활가전,SONY,US20210401017,소니(ADR),138799566664,2.38,24.47,BUY,
113,생활가전,LOW,US19791219001,로우스,109754118934,0.69,198.17,BUY,
113,생활가전,CARR,US20200403002,캐리어,47077245637,-0.35,57.26,BUY,
113,생활가전,SN,NYS0230731001,샤크닌자,22514186862,5.49,169.62,BUY,
113,생활가전,WSO.B,US19920317030,와츠코 B,12873413180,0,312.46,,
113,생활가전,WSO,US19940616001,와츠코,12873413180,-0.84,311.58,HOLD,
113,생활가전,LII,US19990729002,레녹스 인터내셔널,12573543403,-0.14,365.51,HOLD,의견 하향
113,생활가전,AOS,US19840907020,A O 스미스,7752289808,-0.02,57.38,HOLD,
113,생활가전,PRMB,US20200303002,프리모 브랜즈 코퍼레이션,7464591592,1.69,21.1,BUY,
113,생활가전,FTDR,US20181001002,프론트도어,5547057191,-1.11,80.11,BUY,
113,생활가전,MIDD,US19920317005,미들비,4868202058,1.3,109.72,BUY,
113,생활가전,ALH,NYS0251009001,얼라이언스 런드리 홀딩스,4198818547,-1.57,21.27,BUY,
113,생활가전,WHR,US19550919001,월풀,2607711000,-3.44,34.0,HOLD,
113,생활가전,NPK,US19690303001,내셔널 프레스토 인더스트리스,1094247270,-0.62,153.33,,
113,생활가전,BWMX,US20200313002,베터웨어 드 멕시코,609860720,-0.13,15.52,,
113,생활가전,HBB,US20171002003,해밀턴 비치 브랜즈 홀딩,400813918,3.5,31.05,,
113,생활가전,NL,US19881223001,NL 인더스트리스,340692486,0.14,7.02,,
113,생활가전,AIRJ,US20220131019,에어줄 테크놀로지스,312014932,-3.04,4.15,BUY,
113,생활가전,TRSG,NAS0240419002,턴그레이 테크놀로지스,24787178,-4.61,1.45,,
113,생활가전,MSN,US19940811001,에머슨 라디오,10877628,-4.54,0.4965,,
113,생활가전,FEBO,NAS0231130002,펜보 홀딩스,8133094,-6.45,0.692,,
113,생활가전,JCSE,US20220421003,JE 클린테크 홀딩스,7516274,-3.47,1.39,,
113,생활가전,ILAG,US20220713001,인텔리전트 리빙 애플리케이션 그룹,6110324,-1.01,2.93,,
113,생활가전,EJH,US20210514013,이홈 하우스홀드 서비스 홀딩스,3816798,0,1.2,,
37,바이오신약,ABBV,US20121210001,애브비,451593993548,1.81,261.77,BUY,
37,바이오신약,MRK,US19490420001,머크,352937342946,0.64,144.85,BUY,
37,바이오신약,AZN,US20200925002,아스트라제네카,246917610370,2.25,163.78,BUY,폐암 임상 호조
37,바이오신약,AMGN,US19830617001,암젠,202765017245,1.12,381.56,HOLD,
37,바이오신약,GILD,US19920122001,길리어드 사이언스,177121022056,1.9,146.45,BUY,
37,바이오신약,BMY,US19520623001,브리스톨 마이어스 스큅,129206629753,0.72,64.1,BUY,
37,바이오신약,REGN,US19910402001,리제네론 파마슈티컬스,79968277226,1.57,793.74,BUY,
37,바이오신약,ARGX,US20170517001,아제닉스(ADR),61186775845,0.55,989.84,BUY,
37,바이오신약,MRNA,US20181206001,모더나,57127931873,1.94,146.77,HOLD,
37,바이오신약,RVMD,US20200212004,레볼루션 메디신,43409335370,0.66,205.12,BUY,
37,바이오신약,ONC,US20160203001,베이진(ADR),37810575238,2.11,353.83,BUY,
37,바이오신약,RPRX,US20200616002,로열티 파마,33495571955,0.75,59.05,,
37,바이오신약,ALNY,US20040528001,앨나일램 파마슈티컬스,33072992267,0.47,249.86,BUY,
37,바이오신약,BIIB,US19910917001,바이오젠,31889374247,0.13,217.43,BUY,
37,바이오신약,ROIV,US20211001014,로이반트 사이언시스,29305651163,0.47,41.01,BUY,
37,바이오신약,INSM,US20000601001,인스메드,28088633433,-3.23,125.23,BUY,
37,바이오신약,INCY,US19931103001,인사이트,24471741329,0.6,122.2,BUY,
37,바이오신약,BNTX,US20191009001,바이오엔테크(ADR),24312516361,2.13,98.79,BUY,폐암 3상 결과 호조
37,바이오신약,UTHR,US19990617001,유나이티드 테라퓨틱스,21191537908,1.12,502.7,BUY,
37,바이오신약,GMAB,US20190718002,젠맵(ADR),19827310773,0.55,32.65,BUY,
37,바이오신약,JAZZ,US20070601001,재즈 파마슈티컬스,15858825943,0.03,245.87,BUY,UBS 목표가 상향
37,바이오신약,NBIX,US19960523001,뉴로크린 바이오사이언시스,15782923077,0.63,157.2,BUY,
37,바이오신약,BBIO,US20190626002,브리지바이오 파마,14075264630,-0.08,72.38,BUY,
37,바이오신약,SMMT,US20150305001,서밋 테라퓨틱스,13915238027,4.96,18.42,BUY,이보네시맙 생존 개선
37,바이오신약,EXEL,US20000411001,엑셀리시스,13820819628,0.14,56.2,HOLD,
37,바이오신약,BMRN,US19990723001,바이오마린 파마슈티컬,12636492687,1.13,66.42,BUY,
37,바이오신약,MDGL,US20160725001,매드리갈 파마슈티컬스,12273715468,0.92,539.41,BUY,
37,바이오신약,BAX,US19610515001,박스터 인터내셔널,12229566467,0.25,23.86,HOLD,
37,바이오신약,HALO,US20040312001,할로자임 테라퓨틱스,12092884826,0.69,107.94,BUY,
37,바이오신약,ARWR,US19970106001,애로우헤드 파마슈티컬스,11631658046,-2.66,80.65,BUY,
37,바이오신약,AXSM,US20151118001,액섬 테라퓨틱스,11492642863,-2.02,216.29,BUY,
37,바이오신약,KRYS,US20170919002,크리스탈 바이오테크,10208243709,-1.94,340.28,BUY,
37,바이오신약,CYTK,US20040429001,사이토키네틱스,10193296752,-1.72,72.5,BUY,
37,바이오신약,PTGX,US20160811003,프로타고니스트 테라퓨틱스,9530076846,-0.26,147.79,BUY,
37,바이오신약,KYMR,US20200819002,키메라 테라퓨틱스,9500777754,-0.16,114.78,BUY,
37,바이오신약,ABVX,NAS0231020001,아비박스(ADR),9349814302,-4.26,113.59,BUY,
37,바이오신약,PRAX,US20201015008,프락시스 프리시전 메디신,9284577093,-1.2,330.55,BUY,
37,바이오신약,IONS,US20151222002,아이오니스 파마슈티컬스,8953985349,-5.13,51.43,BUY,
37,바이오신약,PCVX,US20200612003,백사이트,8795553946,0.12,59.54,,
37,바이오신약,IBRX,US20210310003,이뮤니티바이오,8332247952,5.82,8.37,BUY,
37,바이오신약,TGTX,US19951214001,TG 테라퓨틱스,8198652920,0.32,54.06,BUY,
37,바이오신약,SYRE,US20160406001,스파이어 테라퓨틱스,7939890095,0.17,90.75,BUY,
37,바이오신약,IMVT,US20191219001,이뮤노반트,7669810407,0.78,37.65,BUY,
37,바이오신약,RYTM,US20171004001,리듬 파마슈티컬스,7165593371,-2.1,102.51,BUY,
37,바이오신약,BLTE,US20220426002,비라이트 바이오(ADR),6956270425,-0.7,172.58,BUY,
37,바이오신약,SRRK,US20180523004,스칼러 록 홀딩,6707024285,-6.44,51.84,BUY,SMA 치료제 승인
37,바이오신약,CGON,NAS0240125001,CG 온콜로지,6374073142,2.07,73.85,BUY,
37,바이오신약,MIRM,US20190717004,미럼 파마슈티컬스,6338799137,-1.58,96.67,BUY,
37,바이오신약,TVTX,US20201119007,트래비어 테라퓨틱스,6199268944,-0.62,65.76,BUY,
37,바이오신약,ORKA,US19970808001,오루카 테라퓨틱스,6079200875,3.92,96.0,,
37,바이오신약,KNSA,US20180523003,키닉사 파마슈티컬스 인터내셔널,5914648668,0.5,76.65,,
37,바이오신약,DNTH,US20180620005,다이앤서스 테라퓨틱스,5904053066,1.51,107.8,BUY,비중확대 의견 개시
37,바이오신약,COGT,US20201006001,코젠트 바이오사이언시스,5762161233,0,33.41,BUY,
37,바이오신약,XENE,US20141016002,제논 파마슈티컬,5645100228,-0.78,58.19,BUY,
37,바이오신약,LGND,US19950202001,리간드 파마슈티컬,5636544012,-1.35,280.63,BUY,
37,바이오신약,ERAS,US20210714005,에라스카,5520394160,1.76,16.16,BUY,
37,바이오신약,PTCT,US20130620001,PTC 테라퓨틱스,5479842112,0.64,66.48,BUY,
37,바이오신약,CRSP,US20161019001,크리스퍼 테라퓨틱스,4970486689,2.38,52.95,BUY,
37,바이오신약,EWTX,US20210325008,에지와이즈 테라퓨틱스,4792655687,0.36,44.56,BUY,
37,바이오신약,ACAD,US20040527001,아카디아 파마슈티컬스,4766057906,-1.15,27.51,BUY,
37,바이오신약,PBLS,NAS2606010010,파라빌리스 메디슨즈,4470199121,-1.95,36.16,BUY,
37,바이오신약,RLAY,US20200715002,릴레이 테라퓨틱스,4110017891,1.01,19.06,BUY,
37,바이오신약,MANE,NYS2602004002,베라더믹스,4109796729,2.76,101.7,BUY,
37,바이오신약,TNGX,US20210811012,탱고 테라퓨틱스,3985135077,3.2,24.54,BUY,
37,바이오신약,ELVN,NAS0230224002,인라이븐 테라퓨틱스,3955827872,0.15,54.4,BUY,
37,바이오신약,AMLX,US20220106001,아밀릭스 파마슈티컬스,3942830684,6.39,33.64,BUY,
37,바이오신약,IOVA,US20170628002,이오밴스 바이오테라퓨틱스,3871829162,7.79,9.27,BUY,
37,바이오신약,TLX,NAS0241113004,텔릭스 파머슈티컬스(ADR),3812801228,4.52,11.8,,뇌암 진단제 승인
37,바이오신약,VKTX,US20150429004,바이킹 테라퓨틱스,3707840634,-1.44,31.52,BUY,
37,바이오신약,IDYA,US20190522002,아이디야 바이오사이언시스,3604949889,1.2,38.04,BUY,
37,바이오신약,LEGN,US20200604004,레전드 바이오테크(ADR),3603185018,-0.64,18.52,BUY,
37,바이오신약,DYN,US20200917002,다인 테라퓨틱스,3379941464,1.7,18.52,BUY,
37,바이오신약,DNLI,US20171207001,디날리 테라퓨틱스,3350650170,0.62,21.22,BUY,
37,바이오신약,RCUS,US20180314002,아쿠스 바이오사이언스,3112058162,-2.11,24.07,BUY,
37,바이오신약,QURE,US20140205001,유니큐어,3068695156,0.94,44.93,BUY,
37,바이오신약,ARQT,US20200130001,아커티스 바이오테라퓨틱스,2983868433,1.63,24.27,,
37,바이오신약,CLDX,US19900326006,셀덱스 테라퓨틱스,2880091583,6.18,39.18,BUY,
37,바이오신약,MBX,NAS0240913002,MBX 바이오사이언시스,2825097700,0.8,59.49,BUY,
37,바이오신약,IMNM,US20201002003,이뮤놈,2784895287,-0.41,24.57,BUY,
37,바이오신약,RGC,US20210715014,리젠셀 바이오사이언스 홀딩스,2777454865,1.77,5.74,,
37,바이오신약,GPCR,NAS0230203001,스트럭처 테라퓨틱스(ADR),2740049053,-0.57,38.44,BUY,
37,바이오신약,ZLAB,US20170919003,자이 랩(ADR),2729988493,1.82,24.58,,
37,바이오신약,NAMS,NAS0221123001,뉴암스테르담 파마,2708848619,-1.93,22.36,BUY,
37,바이오신약,IRON,NAS0221230002,디스크 메디신,2673420905,-1.64,68.91,,
37,바이오신약,PHVS,US20210204011,파바비스,2632587012,2.21,38.86,BUY,
37,바이오신약,NRIX,US20200723004,누릭스 테라퓨틱스,2589055458,1.67,25.52,BUY,
37,바이오신약,VERA,US20210512003,베라 테라퓨틱스,2510436853,-2.85,34.05,,
37,바이오신약,MLYS,NAS0230209004,미네랄리스 테라퓨틱스,2477890550,2.77,28.98,BUY,
37,바이오신약,BEAM,US20200205001,빔 테라퓨틱스,2462780067,0.54,24.12,BUY,
37,바이오신약,PGEN,US20200203004,프레시젠,2437604692,0,6.85,,
37,바이오신약,HRMY,US20200819001,하모니 바이오사이언시스 홀딩스,2403248807,0.05,41.54,BUY,
37,바이오신약,VRDN,US20210120005,비리디언 테라퓨틱스,2391672499,4.52,22.2,BUY,
37,바이오신약,BRVE,NAS2608006002,브레이브하트 바이오,2384029672,1.76,27.11,,
37,바이오신약,NKTR,US19940503001,넥타 테라퓨틱스,2367309255,-1.89,68.44,BUY,
37,바이오신약,SLS,US20180102002,셀라스 라이프 사이언시스 그룹,2317263864,1.56,11.72,BUY,
37,바이오신약,OCUL,US20140724002,오큘라 테라퓨틱스,2289739767,2.19,10.72,BUY,
37,바이오신약,PVLA,US20150626001,팔벨라 테라퓨틱스,2149959974,1.15,151.85,BUY,
37,바이오신약,SRPT,US19970604001,사렙타 테라퓨틱스,2146917056,2.2,20.9,HOLD,
37,바이오신약,AUPH,US20140902001,오리니아 파마슈티컬스,2129077596,1.93,16.41,BUY,
37,바이오신약,NUVB,US20210211013,누베이션 바이오,2118337626,-2.14,5.94,BUY,
37,바이오신약,RAPP,NAS0240607004,라포 테라퓨틱스,2080066945,0.87,44.0,BUY,
37,바이오신약,BCRX,US19940303001,바이오크리스트 파마슈티컬스,2062307984,1.35,8.23,BUY,
37,바이오신약,URGN,US20170502002,우로젠 파마,2055541059,0.78,42.64,BUY,
37,바이오신약,KOD,US20181003002,코디악 사이언시스,2054529237,0.85,33.17,BUY,
37,바이오신약,ZBIO,NAS0240913004,제나스 바이오파마,2015946636,2.7,31.96,,
37,바이오신약,MESO,US20151111001,메소블라스트(ADR),1995467929,-2.97,15.02,,
37,바이오신약,AGIO,US20130724001,애지오스 파마슈티컬스,1993766165,-1.13,33.22,BUY,
37,바이오신약,GRFS,US20110602001,그리폴스(ADR),1937715594,-1.06,7.47,BUY,
37,바이오신약,BHVN,US20170502005,바이오헤이븐,1908074474,-0.55,12.64,BUY,
37,바이오신약,STOK,US20190618002,스토케 테라퓨틱스,1861788446,1.93,29.59,BUY,
37,바이오신약,GHRS,US20210624005,GH 리서치,1853398187,2.46,27.87,BUY,환각제 규제 진전
37,바이오신약,ZYME,US20170425006,자임웍스,1850630497,2.32,26.85,BUY,
37,바이오신약,XNCR,US20131115002,젠코,1803912703,0.49,24.53,BUY,목표가 상향
37,바이오신약,KLRA,NAS2604017003,카일레라 테라퓨틱스,1796226225,-1.36,13.75,BUY,
37,바이오신약,SEPN,NAS0241025003,셉터나,1786581709,2.65,39.53,BUY,
37,바이오신약,VIR,US20191010004,버 바이오테크놀로지,1786128730,1.32,10.76,BUY,
37,바이오신약,NBTX,US20201211003,나노바이오틱스(ADR),1783887886,-3.22,35.82,BUY,
37,바이오신약,LKFT,US20150513001,레이크프론트 바이오테라퓨틱스(ADR),1749494763,-0.45,26.69,HOLD,
37,바이오신약,KARD,NAS2606018006,카디건,1721141976,3.02,19.08,BUY,
37,바이오신약,RXRX,US20210415005,리커젼 파마슈티컬스,1702661656,6.56,3.41,HOLD,
37,바이오신약,IMCR,US20210204007,이뮤노코어 홀딩스(ADR),1692425690,-0.28,32.51,BUY,
37,바이오신약,NTLA,US20160506001,인텔리아 테라퓨틱스,1635068275,1.11,11.87,HOLD,
37,바이오신약,TSHA,US20200924003,타이샤 진 테라피스,1625722562,0,5.02,BUY,
37,바이오신약,SNDX,US20160303001,신닥스 파마슈티컬스,1613533877,0.94,18.35,BUY,
37,바이오신약,ANAB,US20170126001,어냅티스바이오,1585294764,0.43,54.1,BUY,
37,바이오신약,NVAX,US19951205001,노바백스,1544325676,1.91,9.6,,
37,바이오신약,BCAX,NAS0240913001,비카라 테라퓨틱스,1500211875,1.71,23.2,BUY,
37,바이오신약,AAPG,NAS0250127001,어센티지 파마 그룹 인터내셔널(ADR),1494646717,1.93,16.41,BUY,
37,바이오신약,INVA,US20160111001,이노비바,1483501366,1.16,20.9,,
37,바이오신약,AVLN,NAS2604030003,아발린 파마,1479198014,4.2,34.98,BUY,
37,바이오신약,LTGO,NAS2608007005,라티고 바이오테라퓨틱스,1459586722,1.99,22.59,,
37,바이오신약,CYCN,US20190402001,코르사나 바이오사이언시스,1444149942,-1.13,31.54,BUY,
37,바이오신약,LBRX,NAS0250911003,LB 파마슈티컬스,1430958589,0.38,44.8,BUY,
37,바이오신약,AVBP,NAS0240126001,어라이벤트 바이오파마,1421215452,-1.48,28.57,BUY,
37,바이오신약,RARE,US20140131003,울트라제닉스 파마슈티컬,1401234630,-4.83,13.61,BUY,
37,바이오신약,ABSI,US20210720001,압사이,1400370066,-1.46,8.09,BUY,
37,바이오신약,MAZE,NAS0250131004,메이즈 테라퓨틱스,1358187059,0.37,24.69,BUY,
37,바이오신약,XERS,US20180620010,제리스 바이오파마,1350013888,1.88,7.59,,
37,바이오신약,IMTX,US20200702002,이매틱스,1329909229,-2.05,8.61,BUY,
37,바이오신약,DRTS,US20220308001,알파 타우 메디컬,1326332481,-0.07,14.42,BUY,
37,바이오신약,CGEM,US20210107002,컬리넌 테라퓨틱스,1316993097,-0.92,20.4,,
37,바이오신약,VOR,US20210204015,보어 바이오파머,1311284086,3.5,23.08,BUY,
37,바이오신약,TYRA,US20210914014,타이라 바이오사이언시스,1306676132,13.8,25.07,BUY,
37,바이오신약,TRAX,NAS2604020011,퍼스트 트랙스 바이오테라퓨틱스,1294102134,3.16,37.59,BUY,
37,바이오신약,ORIC,US20200424003,오릭 파마슈티컬스,1240377399,5.07,12.65,BUY,
37,바이오신약,MGTX,US20180607001,메이라GTX 홀딩스,1220908637,0.7,12.88,BUY,
37,바이오신약,REPL,US20180719002,레플리뮨 그룹,1209903823,1.47,13.11,BUY,
37,바이오신약,GLUE,US20210623005,몬테 로사 테라퓨틱스,1193048984,-1.14,13.91,,
37,바이오신약,ALMS,NAS0240628001,알루미스,1180978887,0.44,9.22,BUY,
37,바이오신약,SLBT,NAS0250205004,에스엘 사이언스 홀딩스,1148129779,0.49,2.07,,
37,바이오신약,JBIO,US20210629001,제이드 바이오사이언시스,1130827953,1.57,18.17,BUY,
37,바이오신약,OBX,NAS2608004004,옵시디언 테라퓨틱스,1092860543,1.69,18.1,BUY,
37,바이오신약,APMD,NAS2607031001,앱니메드,1085324859,-2.78,25.5,BUY,
37,바이오신약,SVRA,US20170428001,사바라,1082306104,0.57,5.33,,
37,바이오신약,CRVS,US20160323001,코르버스 파마슈티컬스,1079387296,1.47,13.1,BUY,
37,바이오신약,MLTX,US20220406002,문레이크 이뮤노테라퓨틱스,1058200364,1.28,12.67,BUY,
37,바이오신약,JANX,US20210610004,제눅스 테라퓨틱스,1039071766,1.17,17.3,BUY,JANX013 1상 개시
37,바이오신약,ABUS,US20150804001,아버터스 바이오파마,1008123989,0,5.12,BUY,
37,바이오신약,KURA,US20151105002,쿠라 온콜로지,1007090368,1.4,11.55,BUY,
37,바이오신약,SANA,US20210203004,사나 바이오테크놀로지,931292176,2.24,3.2,,
37,바이오신약,SLDB,US20180124003,솔리드 바이오사이언시스,927178162,0.46,8.74,BUY,매수의견 재확인
37,바이오신약,SGP,NAS2602006007,스파이글래스 파마,914882317,4.43,28.74,BUY,
37,바이오신약,DSGN,US20210325006,디자인 테라퓨틱스,909993447,-7.59,13.52,BUY,
37,바이오신약,WVE,US20151111002,웨이브 라이프 사이언시스,898942730,-0.22,4.58,BUY,
37,바이오신약,OLMA,US20201118007,올레마 파마슈티컬,888779428,0.59,10.28,BUY,
37,바이오신약,ARDX,US20140617001,아델릭스,886658389,-1.96,3.51,BUY,
37,바이오신약,LXRX,US20000407002,렉시콘 파마슈티컬스,884492024,-1.5,1.97,,
37,바이오신약,TBPH,US20140604002,테라반스 바이오파마,877759417,0.12,17.03,HOLD,
37,바이오신약,RIGL,US20001129001,리겔 파마슈티컬스,877062457,-4.04,45.33,BUY,
37,바이오신약,IMMX,US20211215005,임믹스 바이오파마,863197911,0.58,12.21,BUY,
37,바이오신약,GERN,US19960731001,제론,862056733,0.74,1.36,BUY,
37,바이오신약,AVTX,US20210826012,아발로 테라퓨틱스,859250251,0.37,16.18,BUY,
37,바이오신약,IVA,US20200709001,에방티바(ADR),834911613,-3.73,3.87,,
37,바이오신약,CLYM,US20210805004,클라임 바이오,813481914,2.11,14.55,BUY,
37,바이오신약,ANL,NAS0230929001,아눠의약(ADR),802387324,4.73,15.93,BUY,
37,바이오신약,CADL,US20210722002,칸델 테라퓨틱스,801974064,1.23,10.67,BUY,
37,바이오신약,PHAR,US20201223008,파밍 그룹(ADR),788590575,-3.48,10.82,,
37,바이오신약,SLN,US20200908003,사일런스 테라퓨틱스(ADR),779151459,0.31,13.06,BUY,
37,바이오신약,ACRS,US20151006001,애클래리스 테라퓨틱스,778328796,6.02,5.64,BUY,
37,바이오신약,NVCT,US20211130007,누벡티스 파마,776870598,-2.67,23.35,BUY,
37,바이오신약,ANNX,US20200723001,아넥슨,742392677,0.25,3.95,BUY,
37,바이오신약,MNPR,US20191007002,모노파 테라퓨틱스,735576739,-1.61,108.49,BUY,목표가 상향
37,바이오신약,FDMT,US20201210004,4D 멀레큘러 테라퓨틱스,723135151,4.48,13.76,BUY,
37,바이오신약,AURA,US20211028002,오라 바이오사이언시스,720997132,0.43,7.02,,
37,바이오신약,CBIO,US20131107001,크레센트 바이오파머,716572977,1.44,19.69,BUY,아웃퍼폼 재확인
37,바이오신약,CTMX,US20151007002,사이톰엑스 테라퓨틱스,712522566,-2.74,3.2,BUY,
37,바이오신약,NGNE,US20190812002,뉴로진,705679686,-0.82,35.19,BUY,
37,바이오신약,MLAB,US19950818010,메사 래버러토리스,672253363,0.45,121.41,,
37,바이오신약,PHAT,US20191024005,팬텀 파마슈티컬스,672212734,3.83,8.68,BUY,
37,바이오신약,SGMT,NAS0230714004,서지멧 바이오사이언시스,672167349,0,10.88,BUY,
37,바이오신약,IRWD,US20100203002,아이언우드 파마슈티컬스,670073021,2.21,4.17,,
37,바이오신약,MDXG,US20201104001,미메드엑스,662857999,1.75,4.65,BUY,
37,바이오신약,VSTM,US20120127001,베라스템,658886969,2.87,7.53,,
37,바이오신약,OCS,NAS0230303001,오큘리스 홀딩,651171017,0.38,10.6,BUY,
37,바이오신약,AGMB,NAS2602006002,아고맵 테라퓨틱스(ADR),639261394,-5.97,12.28,BUY,
37,바이오신약,BLSM,NAS2608007001,블라썸힐 테라퓨틱스,635333655,4.22,21.74,BUY,
37,바이오신약,ALT,US20170505001,알티뮨,632198997,0.92,3.3,BUY,
37,바이오신약,VALN,US20210506006,발네바(ADR),627678048,-0.15,6.65,BUY,
37,바이오신약,DRUG,US20211108002,브라이트 마인즈 바이오사이언시스,619415820,0.84,63.71,BUY,
37,바이오신약,STTK,US20201009006,섀턱 랩,618462457,0.16,6.21,BUY,
37,바이오신약,ALLO,US20181010001,알로진 테라퓨틱스,611228384,0,1.78,BUY,
37,바이오신약,EVO,US20211103004,에보테크(ADR),610969428,-3.47,1.67,BUY,
37,바이오신약,CRMD,US20210202002,코메딕스,606199764,0.64,7.87,BUY,
37,바이오신약,ASMB,US20140715001,어셈블리 바이오사이언시스,603050488,-2.89,28.94,BUY,
37,바이오신약,MPLT,NAS0251027008,맵라이트 테라퓨틱스,599239893,1.15,13.15,BUY,
37,바이오신약,TECX,US20180620002,텍토닉 테라퓨틱,564450336,2.27,29.71,BUY,
37,바이오신약,PRME,US20221018005,프라임 메디신,564252029,1.92,3.19,BUY,
37,바이오신약,RGNX,US20150916001,리젠엑스바이오,559663117,1.76,8.68,BUY,
37,바이오신약,SCTX,NAS2607024006,스크라이브 테라퓨틱스,559599144,-1.08,29.42,BUY,
37,바이오신약,CTNM,NAS0240405001,컨티늄 테라퓨틱스,554149550,0.07,14.83,BUY,임상 2상 실패
37,바이오신약,ARVN,US20180926001,아르비나스,549148333,-0.59,8.4,BUY,
37,바이오신약,DCTH,US20200501001,델캐스 시스템즈,548695621,3.39,16.45,BUY,
37,바이오신약,EPRX,NAS0240405003,유프락시아 파마슈티컬스,544125541,-4.16,8.07,BUY,
37,바이오신약,PROK,US20220712001,프로키드니,540866546,0.56,1.81,,
37,바이오신약,OVID,US20170502001,오비드 테라퓨틱스,522151680,1.86,2.74,BUY,목표가 상향
37,바이오신약,IRD,US20201106001,오푸스 제네틱스,499442370,-0.99,5.98,BUY,
37,바이오신약,AUTL,US20180621001,오토러스 테라퓨틱스(ADR),497338069,3.19,1.94,BUY,
37,바이오신약,ARTV,NAS0240719001,아티바 바이오테라퓨틱스,496613968,-0.78,10.14,,
37,바이오신약,ZURA,NAS0230321005,주라 바이오,496229093,0,5.21,BUY,
37,바이오신약,ENTX,US20180628001,엔테라 바이오,490682606,-0.35,2.83,,
37,바이오신약,CAPR,US20150309001,캐프리코 테라퓨틱스,483659648,5.14,8.8,HOLD,매수의견·목표가 상향
37,바이오신약,VOGX,NAS2608012004,보젠엑스,482950551,-0.89,32.42,BUY,
37,바이오신약,EIKN,NAS2602005003,에이콘 테라퓨틱스,481286222,4.7,9.36,,
37,바이오신약,SPRY,US20221109002,ARS 파마슈티컬스,470486384,-5.46,4.5,BUY,
37,바이오신약,PBYI,US20170103002,퓨마 바이오테크놀로지,467907833,0.22,9.14,,
37,바이오신약,CABA,US20191024002,카발레타 바이오,460040107,6.23,2.9,,워런트 자금 조달
37,바이오신약,PRTA,US20121218001,프로테나,455647139,-0.78,8.86,HOLD,
37,바이오신약,KMDA,US20130531002,카마다,454054565,4.92,8.31,,
37,바이오신약,KYTX,NAS0240208002,카이버나 테라퓨틱스,446248952,1.93,7.4,,
37,바이오신약,CCCC,US20201002002,C4 테라퓨틱스,429188318,-2.56,3.42,BUY,
37,바이오신약,AVIR,US20201029004,아테아 파마슈티컬스,423293166,0,5.31,,
37,바이오신약,BNTC,US20150807001,베니텍 바이오파마,416228832,-0.98,12.07,BUY,
37,바이오신약,ARCT,US20171116001,아크투루스 테라퓨틱스 홀딩스,416121962,4.01,15.32,BUY,
37,바이오신약,EDIT,US20160203002,에디타스 메디신,412140647,1.11,2.73,BUY,
37,바이오신약,LRMR,US20200529002,라리마 테라퓨틱스,404741008,-3.06,3.8,BUY,
37,바이오신약,RZLT,US20201109004,레졸루트,403878815,0.47,4.24,BUY,
37,바이오신약,GALT,US20020905001,갈렉틴 테라퓨틱스,391920562,-1.53,3.85,,
37,바이오신약,BIOA,NAS0240926001,바이오에이지 랩스,387291575,-0.24,8.47,BUY,
37,바이오신약,FENC,US20170913001,페넥 파마슈티컬스,381898460,-2.28,10.71,BUY,
37,바이오신약,EVMN,NYS0251106002,에보뮨,380189210,-1.04,10.43,BUY,
37,바이오신약,ENTA,US20130321001,에난타 파마슈티컬스,375166328,1.23,13.12,BUY,
37,바이오신약,INDP,US20210804007,인댑터스 테라퓨틱스,366833416,14.08,3.16,,
37,바이오신약,RCKT,US20180105001,로켓 파마슈티컬스,365505217,2.39,3.43,,
37,바이오신약,PRLD,US20200925008,프렐류드 테라퓨틱스,364067125,-0.22,4.58,BUY,
37,바이오신약,CMPX,US20211102002,컴퍼스 테라퓨틱스,357982245,-2.0,1.96,BUY,
37,바이오신약,PALI,NAS0221116001,팰리세이드 바이오,356810942,-0.49,2.05,BUY,
37,바이오신약,SION,NAS0250207004,시오나 테라퓨틱스,352755773,5.35,8.27,HOLD,
37,바이오신약,IPSC,US20210617007,센추리 테라퓨틱스,349146679,3.61,2.01,BUY,
37,바이오신약,DMAC,US20181207002,디아메디카 테라퓨틱스,346774353,1.24,6.55,,
37,바이오신약,LXEO,NAS0231103004,렉시오 테라퓨틱스,346572911,-0.71,4.22,BUY,
37,바이오신약,XFOR,US20190314001,X4 파머슈티컬,344900178,3.43,3.62,BUY,
37,바이오신약,OCGN,US20190930001,오큐젠,343786014,4.9,1.07,BUY,
37,바이오신약,ZNTL,US20200402003,젠테일스 파마슈티컬,330262943,-0.28,3.5,BUY,
37,바이오신약,QTTB,US20180328001,Q32 바이오,328428582,-1.53,10.93,BUY,
37,바이오신약,IKT,US20201029008,인히비케이즈 테라퓨틱스,324525432,2.14,2.39,BUY,
37,바이오신약,EBS,US20061115001,이머전트 바이오솔루션즈,317487436,2.41,6.38,HOLD,
37,바이오신약,UPB,NAS0241011008,업스트림 바이오,311926692,1.22,5.8,BUY,
37,바이오신약,AGEN,US20000204001,아제너스,310538757,2.59,7.12,BUY,
37,바이오신약,SABS,US20211025007,SAB 바이오테라퓨틱스,308373912,2.05,3.48,BUY,
37,바이오신약,ABEO,US20150623003,아베오나 테라퓨틱스,307765577,0.37,5.43,,
37,바이오신약,IFRX,US20171108002,인플락스,305967219,1.44,2.12,BUY,매수의견 개시
37,바이오신약,VNDA,US20060412001,반다 파마슈티컬스,305880751,0.98,5.14,BUY,
37,바이오신약,VCRE,NAS2607002008,비코어 파마 홀딩(ADR),301636269,4.82,11.3,,
37,바이오신약,FULC,US20190717002,풀크럼 테라퓨틱스,288163814,-0.53,3.78,HOLD,
37,바이오신약,TLSI,US20210208006,트라이살러스 라이프 사이언시스,285496093,2.36,4.77,BUY,
37,바이오신약,YDES,NAS0250829004,YD BIO LIMITED,281599843,-4.5,3.82,,
37,바이오신약,ACIU,US20160923001,AC 이뮨,279184321,-3.62,2.66,,
37,바이오신약,STRO,US20180926002,수트로 바이오파머,277855943,0.3,16.91,BUY,
37,바이오신약,FATE,US20130918001,페이트 테라퓨틱스,275099676,0.87,2.33,,
37,바이오신약,IMRX,US20210729005,이뮤니어링,274575409,1.64,4.34,BUY,
37,바이오신약,BCYC,US20190522001,바이시클 테라퓨틱스(ADR),268527046,0.78,3.89,BUY,
37,바이오신약,ALXO,US20200716001,ALX 온콜로지 홀딩스,266623602,-1.03,1.92,BUY,
37,바이오신약,PYXS,US20211007010,픽시스 온콜로지,266109221,7.17,3.44,BUY,
37,바이오신약,CAMP,NAS0241011002,캠프4 테라퓨틱스,265076806,0,4.25,BUY,
37,바이오신약,TRDA,US20211028010,엔트라다 테라퓨틱스,263156820,3.68,7.05,BUY,
37,바이오신약,AKBA,US20140320001,아케비아 테라퓨틱스,262115862,0.75,0.9588,BUY,
37,바이오신약,LCTX,US20190812003,리니지 셀 테라퓨틱스,253880850,5.94,1.07,BUY,
37,바이오신약,MGNX,US20131010001,매크로제닉스,253248931,5.0,4.2,BUY,
37,바이오신약,RNAC,US20160622002,카티지언 테라퓨틱스,246282205,-1.83,8.04,BUY,
37,바이오신약,PRQR,US20140917001,PROQR 테라퓨틱스,245849087,0.54,1.87,BUY,
37,바이오신약,CYPH,US20170124001,사이퍼펑크 테크놀로지스,242599762,14.6,2.59,BUY,
37,바이오신약,AVXL,US20151028001,애너벡스 라이프 사이언시스,241386597,-0.76,2.6,BUY,
37,바이오신약,NAGE,US20160425001,NIAGEN BIOSCIENCE INC,239078063,-0.33,3.03,BUY,
37,바이오신약,ALEC,US20190206001,알렉터,237490551,3.27,2.21,HOLD,
37,바이오신약,WHWK,US20210827001,화이트호크 테라퓨틱스,232880027,-0.73,4.08,BUY,
37,바이오신약,CGEN,US20000811001,컴퓨젠,232552977,0.81,2.49,BUY,
37,바이오신약,YARW,NAS0230213004,야로우 바이오사이언스,230127926,-2.92,26.22,BUY,공모 증자 부담
37,바이오신약,IVVD,US20210805001,인비비드,230122886,13.48,0.8914,BUY,
37,바이오신약,GLSI,US20200925003,그리니치 라이프사이언시스,225397162,3.56,16.0,,
37,바이오신약,ELDN,US20210105001,엘레던 파마슈티컬스,224530164,0,2.78,BUY,
37,바이오신약,TARA,US20200110003,아타라 테라퓨틱스,224369907,2.62,3.92,,
37,바이오신약,CLLS,US20150325001,셀렉티스(ADR),223991750,-40.97,1.83,BUY,
37,바이오신약,ADAG,US20210208001,아다진(ADR),223207684,-3.82,3.27,BUY,매수의견 유지
37,바이오신약,SRZN,NAS0231214005,서로젠,221957527,-6.11,17.84,BUY,
37,바이오신약,KROS,US20200407001,케로스 테라퓨틱스,218347290,1.26,11.22,BUY,
37,바이오신약,PLX,US20070312001,프로탈릭스 바이오테라퓨틱스,211413669,4.92,2.77,,
37,바이오신약,ABOS,US20210630001,애큐먼 파마슈티컬스,209880401,-4.45,2.79,,
37,바이오신약,IPHA,US20191016001,이네이트 파르마(ADR),207607506,-1.07,1.85,BUY,
37,바이오신약,CUE,US20171219001,큐 바이오파머,207507726,6.92,30.73,BUY,
37,바이오신약,NKTX,US20200710001,엔카르타,207158748,0.34,2.92,BUY,
37,바이오신약,MSLE,NAS2602006005,사텔로스 바이오사이언스,205600435,0.41,9.79,BUY,
37,바이오신약,PEPG,US20220505003,펩젠,205136360,-0.34,2.97,BUY,
37,바이오신약,CHRS,US20141106001,코히러스 바이오사이언시스,204234808,6.77,1.42,BUY,
37,바이오신약,ANTX,US20220324002,AN2 테라퓨틱스,202909685,1.11,5.47,BUY,
37,바이오신약,KRRO,US20191002004,코로 바이오,202122637,0.94,13.94,BUY,
37,바이오신약,ARMP,US20190510002,아마타 파마슈티컬스,198820746,3.16,5.55,,
37,바이오신약,NERV,US20140626003,미네르바 뉴로사이언시스,196945559,-3.13,4.02,BUY,
37,바이오신약,DTIL,US20190327001,프리시전 바이오사이언시스,196697849,-4.04,6.88,BUY,
37,바이오신약,VYGR,US20151110002,보이저 테라퓨틱스,195364134,0.31,3.2,BUY,
37,바이오신약,NMRA,NAS0230915004,뉴모러 테라퓨틱스,194221628,-4.8,0.9901,,
37,바이오신약,ORMP,US20070501001,오라메드 파마슈티컬스,192663101,0.43,4.68,,
37,바이오신약,ACOG,NAS0241112001,알파 코그니션,192642581,-2.36,8.69,BUY,
37,바이오신약,NBP,US20200116001,노바브리지 바이오사이언스(ADR),182761229,1.89,1.62,BUY,
37,바이오신약,RNA,NAS2602027007,아트리움 테라퓨틱스,176135169,-1.45,10.21,BUY,
37,바이오신약,KZIA,US20171124001,카지아 테라퓨틱스(ADR),169560134,-0.36,11.15,BUY,
37,바이오신약,CNTN,US20220111003,칸톤 스트래티직 홀딩스,167103721,-0.47,2.1,,
37,바이오신약,ZSQR,US20221031016,Z 스퀘어드,161720256,-10.42,2.75,,AI 캠퍼스 확보
37,바이오신약,OTLK,US20181204001,아웃룩 테라퓨틱스,159696822,-3.35,0.6379,BUY,목표가 상향
37,바이오신약,MOLN,US20210615006,멀레큘러 파트너스(ADR),159140734,-3.83,4.02,,
37,바이오신약,CRBP,US20150417001,코버스 파마슈티컬스 홀딩스,156094807,-0.49,8.08,BUY,
37,바이오신약,SPRB,US20201009005,스프루스 바이오사이언시스,153394552,5.96,56.9,BUY,
37,바이오신약,UNCY,US20210616006,유니사이클 테라퓨틱스,146456875,-2.65,5.15,BUY,
37,바이오신약,TNYA,US20210729015,테나야 테라퓨틱스,142633203,7.95,0.6909,BUY,FDA RMAT 지정
37,바이오신약,LENZ,US20210624006,렌즈 테라퓨틱스,141155003,-1.11,4.47,BUY,
37,바이오신약,ADCT,US20200514001,ADC 테라퓨틱스,135772469,3.74,1.11,BUY,
37,바이오신약,CRBU,US20210723001,카리부 바이오사이언시스,135324324,1.57,1.29,BUY,
37,바이오신약,EQ,US20181011002,이퀼리움,132976223,-0.95,2.09,BUY,
37,바이오신약,HURA,NAS0221114002,투후라 바이오사이언시스,129843928,0,2.05,BUY,FDA IND 승인
37,바이오신약,NAUT,US20210610006,노틸러스 바이오테크놀로지,129009802,-11.15,0.9063,BUY,
37,바이오신약,INO,US20140915002,이노비오 파마슈티컬스,128459743,-5.6,1.18,BUY,
37,바이오신약,VTVT,US20150730001,VTV 테라퓨틱스,125640142,-1.38,31.53,,
37,바이오신약,BMEA,US20210415002,바이오미아 퓨전,125353779,2.3,1.78,BUY,
37,바이오신약,OKUR,US20210408002,온큐어 테라퓨틱스,124773988,-3.87,2.98,BUY,
37,바이오신약,TLSA,US20181025005,티지아나 라이프 사이언시스,121424719,-7.24,0.8905,BUY,
37,바이오신약,PMN,US20220708002,프로미스 뉴로사이언시스,120861323,-1.47,13.36,BUY,
37,바이오신약,ENGN,US20220201002,엔진 홀딩스,119894698,3.89,1.87,BUY,
37,바이오신약,MXCT,US20210730006,맥스사이트,118990071,0.86,1.17,BUY,
37,바이오신약,RFL,US20191121005,라파엘 홀딩스,117837923,-4.39,2.18,,
37,바이오신약,RANI,US20210729009,라니 테라퓨틱스 홀딩스,116739161,-0.81,0.8358,BUY,
37,바이오신약,VANI,US20220831004,비바니 메디컬,113860566,-1.57,1.25,BUY,
37,바이오신약,BDTX,US20200129002,블랙 다이아몬드 테라퓨틱스,113065594,3.03,2.04,BUY,
37,바이오신약,GNLX,NAS0230126005,제네럭스,111974743,2.01,2.54,BUY,
37,바이오신약,AARD,NAS0250213002,아드바크 테라퓨틱스,111585504,8.38,5.56,BUY,
37,바이오신약,NTHI,NAS0250326009,니온크 테크놀로지스 홀딩스,105358201,4.08,3.83,BUY,
37,바이오신약,PMVP,US20200925007,PMV 파마슈티컬스,105077727,3.57,1.45,BUY,
37,바이오신약,COYA,NAS0221229001,코야 테라퓨틱스,102119627,6.16,4.65,BUY,
37,바이오신약,GUTS,NAS0240202004,프랙틸 헬스,101254651,-4.44,0.6116,BUY,
37,바이오신약,ANIX,US20181001001,애닉사 바이오사이언시스,95363739,1.81,2.81,BUY,
37,바이오신약,ONCY,US20180601002,온콜리틱스 바이오테크,94480141,9.67,0.8176,BUY,
37,바이오신약,ATRA,US20141013001,아타라 바이오테라퓨틱스,93580294,-1.39,9.25,BUY,
37,바이오신약,CRDF,US20200508001,카디프 온콜로지,93558955,7.44,1.3,HOLD,온반서팁 분쟁 해소
37,바이오신약,CGTX,US20211007003,커그니션 테라퓨틱스,92888944,2.77,1.01,BUY,
37,바이오신약,RLYB,US20210728010,랠리바이오,89068889,-2.13,16.51,HOLD,
37,바이오신약,MNOV,US20061207001,메디치노바,88862686,3.31,1.87,BUY,
37,바이오신약,ACET,US20200916001,에이디셋 바이오,88578607,2.31,9.74,BUY,
37,바이오신약,ACRV,US20221108001,아크리본 테라퓨틱스,85184743,-2.0,1.96,BUY,
37,바이오신약,CTOR,NAS0221208004,시티우스 온콜로지,84790688,5.65,0.9693,,
37,바이오신약,VRCA,US20180614001,베리카 파머슈티컬,83834134,-2.65,4.78,BUY,
37,바이오신약,ALDX,US20140411001,알데이라 테라퓨틱스,80345078,9.7,1.47,BUY,
37,바이오신약,TELO,NAS0240209005,텔러미어 파마슈티컬스,79976631,-0.85,1.16,,
37,바이오신약,KLRS,US20200729001,칼라리스 테라퓨틱스,79970804,-2.07,3.31,BUY,
37,바이오신약,RNXT,US20210811010,레노보 RX,78944192,-3.98,1.69,,
37,바이오신약,MAIA,US20220727001,마이어 바이오테크놀로지,78592013,6.92,1.39,,
37,바이오신약,OSTX,AMX0240731004,OS 테라피스,78153887,1.19,1.7,BUY,
37,바이오신약,IBIO,US20080819002,아이바이오,77018303,0,1.2,BUY,비만 신약 공개
37,바이오신약,ATHE,NAS0230109001,알테리티 테라퓨틱스(ADR),76850622,-4.69,3.86,BUY,
37,바이오신약,GANX,US20210317006,게인 테라퓨틱스,75911177,0,1.75,,
37,바이오신약,PLRX,US20200602001,플리언트 테라퓨틱스,72007384,-1.71,1.15,HOLD,
37,바이오신약,TENX,NAS0230105005,테낙스 테라퓨틱스,69184548,-1.08,1.84,BUY,
37,바이오신약,RNTX,NAS0221111001,레인 테라퓨틱스,67307186,0.78,0.7911,BUY,
37,바이오신약,APLM,NAS0230330001,아폴로믹스,67229803,3.45,24.0,,
37,바이오신약,XBIT,US20150414001,X바이오테크,66361492,-0.91,2.17,,
37,바이오신약,DWTX,US20201217012,도그우드 테라퓨틱스,65543923,-5.67,1.83,,임상 등록 완료
37,바이오신약,SPRO,US20171101005,스페로 테라퓨틱스,65404579,0.88,1.14,,
37,바이오신약,GOSS,US20190207001,고사머 바이오,65167244,-0.28,10.7,BUY,
37,바이오신약,LONA,US20200918001,레오나바이오,64800832,9.39,7.57,BUY,
37,바이오신약,TLPH,US20110211001,탈페라,63971194,-0.81,1.23,BUY,
37,바이오신약,INMB,US20190204002,인뮨 바이오,61238166,5.41,2.34,,
37,바이오신약,HYFT,US20201230002,마인드워크 홀딩스,60944972,2.31,1.33,BUY,실적 예상치 미달
37,바이오신약,INKT,US20211015003,밍크 테라퓨틱스,60863077,-0.75,11.91,,
37,바이오신약,HRTX,US20140124001,헤런 테라퓨틱스,59533602,-0.03,0.3154,HOLD,
37,바이오신약,XLO,US20211021013,자일리오 테라퓨틱스,58402894,0,8.93,,
37,바이오신약,IMA,US20210325009,이메진바이오,57314195,-1.57,5.0,BUY,
37,바이오신약,EDSA,US20190610001,에데사 바이오테크,56772864,-3.55,4.08,BUY,
37,바이오신약,SER,US20181129002,세리나 테라퓨틱스,56045622,10.36,2.45,BUY,
37,바이오신약,IMMP,US20171201001,이뮤텝(ADR),54678964,-11.33,0.331,BUY,개발 전략 재정비
37,바이오신약,HYPD,US20180125001,하이퍼리온 디파이,53902331,4.3,3.64,,
37,바이오신약,ELTX,US20210204002,엘리시오 테라퓨틱스,53549724,-2.44,2.0,BUY,
37,바이오신약,DOMH,NAS0221222002,도미너리 홀딩스,52529267,1.83,2.22,,
37,바이오신약,TIL,US20210318018,인스틸 바이오,49746156,1.49,7.49,BUY,
37,바이오신약,MCRB,US20150625005,세레스 테라퓨틱스,49502385,-5.39,4.74,BUY,
37,바이오신약,IBO,AMX0240916003,임팩트 바이오메디컬,49317133,5.19,0.4841,,주식 병합 결정
37,바이오신약,SCYX,US20140402001,사이넥시스,47862822,-4.96,4.6,,
37,바이오신약,TVGN,US20220103006,테보젠 바이오 홀딩스,47633056,4.62,7.7,,
37,바이오신약,ANVS,US20211118010,애노비스 바이오,47509425,1.79,1.14,BUY,
37,바이오신약,HOWL,US20210428001,웨어울프 테라퓨틱스,47433627,-3.12,0.9514,BUY,
37,바이오신약,CLNN,US20201231001,클렌,45589833,-8.12,3.28,BUY,
37,바이오신약,MREO,US20190424001,메레오 바이오파마 그룹(ADR),44441152,0.21,0.2806,BUY,
37,바이오신약,ATNM,US20140327004,악티늄 파마슈티컬스,43749926,-8.57,1.28,BUY,
37,바이오신약,MGX,NAS0240209004,메타제노미,43554555,2.59,1.19,,
37,바이오신약,SCLX,NAS0221111006,사일렉스 홀딩,42290787,2.0,5.11,,
37,바이오신약,ATYR,US20150515001,어타이어 파마,41901219,-9.38,0.3895,BUY,
37,바이오신약,VERU,US20170807002,베루,41349406,-4.1,2.34,,
37,바이오신약,CELU,US20210719003,셀룰러리티,40565236,-2.13,1.38,,
37,바이오신약,CRVO,US20161109017,체르보메드,38619431,-1.17,2.54,BUY,
37,바이오신약,LITS,NAS0230417002,라이트 스트래티지,37537953,4.5,1.16,,
37,바이오신약,SAVA,US20190328003,FILANA THERAPEUTICS INC,37095373,-6.98,0.7187,BUY,
37,바이오신약,KPTI,US20131105002,카료팜 테라퓨틱스,36294750,-0.62,1.6,BUY,채무불이행 위기
37,바이오신약,ALGS,US20201015002,앨리고스 테라퓨틱스,32398069,-3.45,5.04,BUY,
37,바이오신약,KYNB,US20141114001,킨트라 바이오,32074974,1.0,8.05,BUY,
37,바이오신약,CNTX,US20210727002,콘텍스트 테라퓨틱스,31998389,2.6,0.3595,BUY,
37,바이오신약,NXTC,US20190508006,넥스큐어,31846370,-6.57,6.54,BUY,
37,바이오신약,BCTX,NAS0230905001,브리아셀 테라퓨틱스,31387893,-1.93,3.56,,3상 지속 권고
37,바이오신약,BYSI,US20170309001,비욘드스프링,31224211,2.28,0.7814,,
37,바이오신약,IGC,US20190226002,IGC 파마,28627366,-1.11,0.2755,BUY,
37,바이오신약,ESLA,US20210907004,에스트레야 이뮤노파마,28516452,-3.65,0.6355,,
37,바이오신약,RADX,NAS0241127003,라디오팜 테라노스틱스(ADR),28453473,2.53,2.03,BUY,보유자 매각 부담
37,바이오신약,RNAZ,US20210427005,트랜스코드 테라퓨틱스,28438687,-2.37,1.65,,
37,바이오신약,EVAX,US20210204006,에박시언 바이오테크(ADR),28065268,-0.64,3.11,,
37,바이오신약,QNTM,US20200109002,퀀텀 바이오파마,26175586,6.56,3.41,BUY,FDA IND 승인
37,바이오신약,CVM,US19911010001,셀 사이,26047978,2.01,1.52,,
37,바이오신약,ABVC,US20210803001,ABVC 바이오파마,25964839,3.05,1.01,,
37,바이오신약,NNVC,US20130926002,나노바이리사이드스,25879320,2.94,1.05,BUY,
37,바이오신약,ACTU,NAS0240813001,액추에이트 테라퓨틱스,25538704,-2.8,1.04,BUY,
37,바이오신약,ATOS,US20121108001,아토사 테라퓨틱스,24895487,-1.99,2.46,BUY,
37,바이오신약,TXMD,US20171009002,테라퓨틱스MD,24848360,0.46,2.17,,
37,바이오신약,TVRD,US20140131001,트바르디 테라퓨틱스,24791907,-2.67,1.82,BUY,
37,바이오신약,AKTX,US20150921001,아카리 테라퓨틱스(ADR),21866904,-5.49,10.68,BUY,
37,바이오신약,JSPR,US20210927005,재스퍼 테라퓨틱스,21837381,-4.16,0.6328,BUY,
37,바이오신약,LTRN,US20200611004,랜턴 파마,21727750,0,1.71,BUY,
37,바이오신약,CLRB,US20140815002,셀렉타 바이오사이언시스,21701390,0,2.31,BUY,
37,바이오신약,TCRX,US20210714017,티스캔 테라퓨틱스,21584212,-4.4,0.3063,HOLD,
37,바이오신약,NIKI,NAS0230227001,니키 바이오솔루션스,20476016,0.53,5.74,,
37,바이오신약,GRDX,NAS0230118003,GRIDAI TECHNOLOGIES CORP,20270799,3.15,2.95,,
37,바이오신약,NEUP,US20211216003,뉴포리아 테라퓨틱스,20036200,1.88,3.8,HOLD,
37,바이오신약,GNTA,US20211214006,제넨타 사이언스(ADR),19714526,1.12,0.8502,,
37,바이오신약,ALLR,NAS0230327001,앨러리티 테라퓨틱스,19292863,-4.1,1.17,,
37,바이오신약,DYAI,US20190417001,다이아딕 인터내셔널,19272735,-12.31,0.4244,,
37,바이오신약,MRKR,NAS0230127003,마커 테라퓨틱스,19057319,1.74,1.17,,
37,바이오신약,CMMB,US20210317003,키모맵 테라퓨틱스(ADR),18790223,-5.43,2.44,,
37,바이오신약,GRML,US20220429003,그린란드 마인스,18316748,2.86,3.24,,
37,바이오신약,NCEL,US20210129007,NEWCELX LTD,17555586,-0.61,3.28,BUY,
37,바이오신약,CNSY,US20190729001,세리노움,17538753,-6.03,2.18,BUY,
37,바이오신약,ENLV,US20190326002,엔라이벡스 테라퓨틱스,16675121,-8.74,0.8756,BUY,
37,바이오신약,PDSB,US20190318001,PDS 바이오테크놀로지,16405421,35.33,0.3991,,
37,바이오신약,BCDA,US20190802001,바이오카디아,16250309,10.19,1.19,,
37,바이오신약,AEON,US20210412008,이온 바이오파마,16207371,-12.45,0.2862,BUY,
37,바이오신약,PASG,US20200227010,패시지 바이오,15991062,-1.8,4.91,HOLD,
37,바이오신약,CTXR,US20170803002,시티우스 파마슈티컬스,15852802,-1.36,0.5731,BUY,
37,바이오신약,RKTO,US20190208009,로켓 원,15852253,4.75,0.671,,
37,바이오신약,GTBP,US20210211002,GT 바이오파머,15441085,37.98,11.88,,
37,바이오신약,LSTA,US20220915004,러사타 테라퓨틱스,14598373,-3.68,1.57,HOLD,
37,바이오신약,PLUR,US20220726001,플루리,14478071,5.08,1.24,,
37,바이오신약,QCLS,US20210419007,Q/C 테크놀로지스,13919330,-66.96,0.5649,,컨설팅 계약 해지 부담
37,바이오신약,MBRX,US20160602001,멀레큘린 바이오테크,13841511,8.42,0.7752,,
37,바이오신약,DARE,US20170720001,데어 바이오사이언스,13801800,4.39,0.737,BUY,
37,바이오신약,CALC,NAS0230614001,칼시메디커,13437676,1.01,2.0,BUY,
37,바이오신약,INTS,US20221018002,인텐시티 테라퓨틱스,13044879,-0.5,4.0,BUY,
37,바이오신약,TPST,US20210628006,템페스트 테라퓨틱스,12891493,-3.38,0.7843,,워런트 희석 부담
37,바이오신약,ADIL,US20171213001,애디얼 파머슈티컬,12788497,1.43,4.97,BUY,
37,바이오신약,BLRX,US20110725001,바이오라인 RX(ADR),12096841,-0.4,2.5,BUY,
37,바이오신약,PHIO,NAS0230126007,피오 파마슈티컬스,11892892,0,1.03,,
37,바이오신약,IMRN,US20170612004,이뮤론(ADR),11631966,-2.76,1.41,,
37,바이오신약,TOVX,US20221013006,테리바 바이오로직스,11293820,-4.85,0.2356,BUY,
37,바이오신약,KALA,US20170719003,칼라 바이오,11002673,-4.26,0.548,,
37,바이오신약,MTVA,US20191231025,메타비아,10869642,-3.61,1.6,BUY,
37,바이오신약,XTLB,US20050901001,XTL 바이오파머슈티컬스(ADR),10792919,-4.71,2.43,,
37,바이오신약,AZTR,AMX0230518002,아지트라,10727790,-1.46,0.1755,,
37,바이오신약,LNAI,US20181210001,루나이 바이오웍스,10724939,-8.82,2.17,,
37,바이오신약,FBLG,NAS0240131002,파이브로바이오로직스,10654404,-2.48,1.57,BUY,
37,바이오신약,VTGN,US20160511003,비스타젠 테라퓨틱스,10453274,2.62,0.2432,,
37,바이오신약,MDCX,NAS0241114003,메디커스 파마,10210600,-2.15,0.1591,,
37,바이오신약,APRE,NAS0230213001,아프레아 테라퓨틱스,9686185,2.36,0.7923,BUY,
37,바이오신약,ENSC,NAS0230331002,엔시스 바이오사이언시스,9415816,-1.13,0.4814,,
37,바이오신약,GDTC,NAS0230414003,사이토메드 테라퓨틱스,9194569,15.12,0.9,,
37,바이오신약,XCUR,US20190731009,엑시큐어,9108578,-2.86,1.36,,
37,바이오신약,XBIO,US20161107002,제네틱 바이오사이언시스,9082750,8.97,4.25,,
37,바이오신약,SKYE,NAS0240411002,스카이 바이오사이언스,8977448,-2.45,1.99,BUY,CFO 사임 부담
37,바이오신약,TRAW,US20130725002,트로스 파머,8619501,-5.92,0.5309,HOLD,
37,바이오신약,CNSP,NAS0221129001,CNS 파머슈티컬스,8482882,-2.4,5.7,BUY,
37,바이오신약,IMNN,US20220921002,이뮨온,8198524,-2.04,1.44,BUY,
37,바이오신약,ALZN,US20210615001,알자멘드 뉴로,8191230,1.74,1.75,BUY,
37,바이오신약,SNGX,NAS0230210008,솔리제닉스,7874382,-0.93,0.3606,,
37,바이오신약,ACXP,US20210614002,아크룩스 파머슈티컬스,7613165,-0.71,1.39,,
37,바이오신약,BOLT,US20210204004,볼트 바이오테라퓨틱스,7562721,0.76,3.98,BUY,
37,바이오신약,CURX,NAS0250826004,큐러넥스 파머슈티컬스,7092039,-0.88,4.51,,
37,바이오신약,INM,US20201112010,인메드 파마슈티컬스,7043756,0.78,1.3,,
37,바이오신약,CANF,AMX0230109001,CAN FITE 바이오파머(ADR),7020486,-1.29,2.3,BUY,
37,바이오신약,ERNA,US20221017001,어넥사 테라퓨틱스,6757583,2.16,4.25,BUY,
37,바이오신약,AIM,US20190903003,AIM 이뮤노테크,6707918,0.54,0.2229,BUY,지분 희석 부담
37,바이오신약,ENVB,US20201231006,엔버릭 바이오사이언시스,6317046,5.63,1.5,,
37,바이오신약,CELZ,US20211203005,크리에이티브 메디컬 테크놀로지 홀딩스,6294241,-9.73,0.8671,,
37,바이오신약,KAPA,AMX0240913002,카이로스 파머,5915256,5.14,1.84,BUY,
37,바이오신약,BGMS,US20060328001,바이오 그린 메드 솔루션,5739903,2.06,0.89,,
37,바이오신약,NCNA,US20170927002,누카나(ADR),5653967,1.52,1.34,,
37,바이오신약,PMCB,US20210810004,파마사이트 바이오테크,4803753,-12.93,0.392,,
37,바이오신약,LIMN,NAS0250501002,리미나투스 파머,4632545,1.15,3.51,,
37,바이오신약,XRTX,US20211013007,졸트엑스 테라퓨틱스,4206818,-11.59,2.06,,
37,바이오신약,GOVX,US20200925004,지오박스 랩스,4184818,-7.13,0.43,BUY,
37,바이오신약,GRI,NAS0230424001,GRI 바이오,4128322,-1.05,1.88,,
37,바이오신약,JUNS,NAS0241203001,주피터 뉴로사이언시스,3996996,11.8,3.41,,
37,바이오신약,GLMD,US20140313001,에오세네 리미티드,3975251,-0.52,3.82,,
37,바이오신약,REVB,NAS0230201004,레벨레이션 바이오사이언시스,3929066,-3.75,0.9552,,
37,바이오신약,RDHL,US20121227001,레드힐 바이오파마(ADR),3897701,-5.12,0.6119,,
37,바이오신약,CVKD,NAS0230120003,커드리널 테라퓨틱스,3864991,-1.83,1.07,BUY,
37,바이오신약,MBIO,NAS0230404002,머스탱 바이오,3819904,0.16,0.508,,
37,바이오신약,TCRT,US20050824001,알라우누스 테라퓨틱스,3812761,-1.32,1.49,,
37,바이오신약,BRTX,US20211105003,바이오리스토러티브 테라피스,3665153,1.5,2.71,,
37,바이오신약,ADXN,US20200129001,애딕스 테라퓨틱스(ADR),3449056,-0.29,3.48,,
37,바이오신약,APVO,US20160801002,앱티보 테라퓨틱스,3274525,0,1.82,,
37,바이오신약,CLDI,AMX0221202001,칼리디 바이오테라퓨틱스,3184872,-1.61,1.22,,
37,바이오신약,APUS,AMX0250304001,아피메즈 파머슈티컬스 US,3157345,-0.48,2.09,,
37,바이오신약,SXTP,NAS0230615005,60 디그리스 파머슈티컬스,3146011,-0.17,0.8985,BUY,
37,바이오신약,ARTL,US20190621003,아르텔로 바이오사이언시스,2956297,-10.5,4.86,,
37,바이오신약,SPRC,US20211222005,사이스파크,2894338,-0.59,5.05,,
37,바이오신약,PPBT,US20201222004,퍼플 바이오테크(ADR),2771108,2.33,1.76,,
37,바이오신약,GNPX,US20180329001,젠프렉스,2729300,2.99,3.45,,
37,바이오신약,CRIS,US20000801001,큐리스,2723648,-0.88,1.12,BUY,
37,바이오신약,MTNB,US20170302001,마티나스 바이오파마 홀딩스,2701612,3.78,0.192,,
37,바이오신약,IVF,US20201113002,인보 퍼틸러티,2414707,-0.7,0.9623,,
37,바이오신약,OGEN,AMX0230123004,오라제닉스,2143579,4.39,0.499,,
37,바이오신약,SLXN,US20210407005,사일렉시온 테라퓨틱스,2044047,6.3,0.3798,,
37,바이오신약,JAGX,NAS0230123003,재규어 헬스,1612962,-0.48,0.3125,,
37,바이오신약,BBLG,US20211013010,본 바이오로직스,1508790,-1.94,0.5401,,
37,바이오신약,SCNI,NAS0221125001,사이나이 이뮤노테라퓨틱스(ADR),940474,48.19,2.46,,
213,백화점,DDS,US19890623001,딜라즈,10099659220,0.28,652.39,,
213,백화점,M,US19920205001,메이시스,5731658835,2.26,22.58,HOLD,연간 전망 상향
213,백화점,KSS,US19920101001,콜스,1941578862,-0.35,17.17,HOLD,
161,음료,KO,US19240926001,코카콜라,377558532114,1.2,89.35,BUY,
161,음료,PEP,US20171220003,펩시코,184928840908,0.01,136.34,HOLD,
161,음료,SBUX,US19920626001,스타벅스,111878052228,0.34,99.08,HOLD,리뉴얼 효과 부각
161,음료,MNST,US19950818011,몬스터 베버리지,84374090391,1.84,44.2,BUY,
161,음료,CCEP,US20210913002,코카콜라 유로퍼시픽 파트너스,45064336466,1.84,104.66,HOLD,자사주 매입·소각
161,음료,KDP,US20200921002,큐리그 닥터페퍼,42456173435,0.61,31.58,BUY,
161,음료,FMX,US19980511001,포멘토 에코노미코 멕시카노(ADR),22889948992,3.69,121.26,BUY,ADS 자사주 매입
161,음료,SJM,US19941031002,JM스머커,12861748301,0.13,121.3,BUY,
161,음료,COKE,US19900326008,코카콜라 컨솔리데이티드,12742865052,4.25,200.79,,
161,음료,PRMB,US20200303002,프리모 브랜즈 코퍼레이션,7464591592,1.69,21.1,BUY,
161,음료,CELH,US20170524001,셀시어스 홀딩스,6845666240,4.59,28.47,BUY,
161,음료,CPB,US19541213001,캠벨스,6224191534,1.19,21.25,HOLD,
161,음료,KOF,US19930914001,코카콜라 펨사(ADR),5779161306,1.17,112.01,BUY,
161,음료,AKO.A,US19940707001,엠보테야도라 안디나 A(ADR),4215590027,-3.58,23.4,,
161,음료,AKO.B,US19970407001,엠보테야도라 안디나 B(ADR),4215590027,-0.34,29.4,BUY,
161,음료,COCO,US20211020005,비타 코코,2976482131,5.81,55.03,,
161,음료,FIZZ,US19910913001,내셔널 베버리지,2918826522,1.4,31.81,,목표주가 하향
161,음료,WEST,US20220829005,웨스트록 커피,747152602,1.69,7.83,,
161,음료,OTLY,US20210519005,오틀리 그룹(ADR),403134538,2.44,13.02,BUY,
161,음료,LWAY,US19950818009,라이프웨이 푸즈,369512804,0.33,24.69,BUY,
161,음료,SUJA,NAS2605007003,수자 라이프,339749495,1.36,8.97,BUY,
161,음료,BRCC,US20220210002,BRC,212941231,4.91,8.98,BUY,
161,음료,BUDA,AMX0260108001,부다 주스,96923416,5.28,8.17,BUY,
161,음료,ZVIA,US20210720015,제비아 PBC,96861672,2.38,1.29,BUY,
161,음료,THCH,US20220929003,TH 인터내셔널,44935921,-0.74,1.35,,
161,음료,LSF,US20200922002,레어드 슈퍼푸드,43608885,-1.28,3.87,,
161,음료,JVA,US20050503001,커피 홀딩,21872621,8.31,4.17,,
161,음료,BRFH,US20220120001,바프레시 푸드 그룹,20098973,0.81,1.25,,
161,음료,BNKK,US20201021002,본크,11053574,-2.16,1.36,,우선주 오버행 축소
161,음료,PLAG,US20181001007,플래닛 그린 홀딩스,10114413,-4.01,0.6863,,
161,음료,REBN,US20220812003,리본 커피,6863814,5.26,0.885,,
161,음료,SBEV,US20210611012,엔도비아 헬스 사이언스,1714821,-3.65,0.2401,,
161,음료,RKDA,NAS0230301005,아카디아 바이오사이언시스,1032285,4.15,0.449,,
251,주유소,CASY,US19831020001,케이시스 제너럴 스토어스,22609332266,1.01,621.69,BUY,목표주가 하향
251,주유소,SUN,US20141111002,수노코,15811839764,1.88,79.13,,
251,주유소,MUSA,US20130904001,머피 USA,9564971436,0.69,527.17,BUY,
251,주유소,UGP,US19991008001,우우트라파르(ADR),7926083004,-0.13,7.44,BUY,
251,주유소,APC,NAS2602012002,ARKO PETROLEUM CORP,894547161,-1.32,18.67,BUY,
251,주유소,PTLE,NAS0241016006,PTL,44979663,-1.94,7.06,,
251,주유소,NXXT,US20210914005,넥스트NRG,24381270,-3.45,1.4,BUY,
247,결제서비스,V,US20080319001,비자,687435305423,1.3,375.28,BUY,온체인 정산 확대
247,결제서비스,MA,US20060525001,마스터카드,495579368692,0.92,574.42,BUY,
247,결제서비스,AXP,US19770518001,아메리칸 익스프레스,217930948557,0.95,327.78,BUY,
247,결제서비스,USB,US19730503007,US 뱅코프,102255955568,-0.25,62.68,BUY,
247,결제서비스,MELI,US20070810001,메르카도리브레,95604760218,0.15,1900.24,BUY,
247,결제서비스,XYZ,US20151119003,블록,47299140124,0.35,79.49,BUY,
247,결제서비스,PYPL,US20150721001,페이팔,45675475547,0.58,54.03,HOLD,
247,결제서비스,FISV,US19860925001,파이서브,27261479099,-1.14,50.99,HOLD,
247,결제서비스,AFRM,US20210112001,어펌,23958565207,2.72,73.38,BUY,
247,결제서비스,GPN,US20010116001,글로벌 페이먼츠,23220868665,2.15,90.19,BUY,
247,결제서비스,FIS,US20010806002,피델리티 내셔널 인포메이션 서비시스,19549233125,0.1,38.18,BUY,
247,결제서비스,KSPI,NAS0240119005,카스피.kz(ADR),18866218317,0.51,100.4,BUY,
247,결제서비스,PAYP,NAS2603012007,페이페이(ADR),12412258939,1.41,18.71,BUY,
247,결제서비스,WEX,US20050216001,웩스,6487556764,4.82,200.75,HOLD,
247,결제서비스,KLAR,NYS0250910001,클라르나,5197461369,3.04,14.25,BUY,
247,결제서비스,RELY,US20210922012,레미틀리 글로벌,4626582343,1.18,22.25,BUY,
247,결제서비스,PAY,US20210524004,페이먼트어스 홀딩스,4553780457,1.92,37.08,BUY,
247,결제서비스,WAY,NAS0240607007,웨이스타 홀딩,4472926864,6.18,24.92,BUY,
247,결제서비스,DLO,US20210602001,디로컬,4259771785,-0.13,14.84,BUY,
247,결제서비스,FOUR,US20200604010,시프트4 페이먼츠,4150965821,0.6,45.32,BUY,아웃퍼폼 유지
247,결제서비스,SEZL,NAS0230817006,세즐,3978569694,2.04,121.3,BUY,
247,결제서비스,PAGS,US20180123003,파그세구로 디지털,2811507819,-1.88,9.93,HOLD,
247,결제서비스,EEFT,US19970307001,유로넷 월드와이드,2683348906,-1.23,71.29,BUY,
247,결제서비스,STNE,US20181025002,스톤코,2441643584,-1.68,9.93,BUY,
247,결제서비스,PAYO,US20210628005,페이오니아 글로벌,2397924348,0.28,7.14,HOLD,
247,결제서비스,DBD,NYS0230814001,다이볼드 닉스도프,2214008471,-0.94,65.0,,
247,결제서비스,FLYW,US20210525003,플라이와이어,2160959763,1.29,18.1,BUY,
247,결제서비스,WU,US20060920003,웨스턴 유니온,2148158210,1.44,7.03,SELL,
247,결제서비스,EVTC,US20130412001,에버텍,1792642809,0.2,29.33,,
247,결제서비스,NYAX,US20220921003,나약스,1717346339,-2.14,46.19,BUY,
247,결제서비스,KPLT,US20210610005,캐터펄트 홀딩스,766092740,-2.33,9.21,,
247,결제서비스,PAYS,US20190429001,페이사인,730098871,-1.46,12.82,,
247,결제서비스,PHR,US20190717007,프리시아,636053927,1.07,10.42,BUY,
247,결제서비스,PRTH,US20180727002,프라이오러티 테크놀로지 홀딩스,486713408,1.18,6.01,BUY,
247,결제서비스,MTC,US20181227003,MM텍,469171313,1.05,4.79,,
247,결제서비스,IMXI,US20180727001,인터내셔널 머니 익스프레스,423389564,0.43,14.16,HOLD,
247,결제서비스,IIIV,US20180620003,I3 버티컬스,406814430,0.51,15.63,BUY,
247,결제서비스,CURR,US20220110009,커런시 그룹,377201418,0.59,3.4,,
247,결제서비스,LSAK,US20220525002,레사카 테크놀로지스,364236970,-2.58,4.16,BUY,
247,결제서비스,PSFE,US20210331008,페이세이프,322964157,3.0,6.53,HOLD,
247,결제서비스,RPAY,US20190805001,리페이 홀딩스,312024460,4.21,3.71,BUY,
247,결제서비스,RTB,US20210217006,RTB 디지털,107902433,-7.87,7.14,,
247,결제서비스,USIO,US20190701001,유시오,69388576,-3.67,2.36,BUY,
247,결제서비스,SURG,US20211102008,서지페이스,9102670,-7.51,0.1601,BUY,
247,결제서비스,OLB,US20200807003,OLB 그룹,6739635,-6.41,0.2642,,
247,결제서비스,TGL,US20220811005,트레저 글로벌,5304188,12.09,3.06,,주식 지급 부담
239,물류,UPS,US19991110002,유나이티드 파셀 서비스,84796773439,2.17,102.46,BUY,
239,물류,FDX,US19780412001,페덱스,73389107416,0.58,312.57,BUY,
239,물류,ODFL,US19911024001,올드 도미니언 프레이트 라인,37053596188,1.15,181.85,HOLD,
239,물류,CPNG,US20210310005,쿠팡,27012852059,-0.07,15.11,BUY,
239,물류,JBHT,US19831122002,JB 헌트 트랜스포트 서비시스,25244605546,1.69,275.02,BUY,
239,물류,EXPD,US19900326013,익스피다이터스 인터내셔널 오브 워싱턴,24883715492,0.52,193.61,HOLD,
239,물류,XPO,US20020726003,엑스포,21200900830,-0.93,180.49,BUY,
239,물류,FDXF,NYS2606001001,페덱스 프레이트 홀딩,19067830953,0.88,129.44,BUY,
239,물류,CHRW,US19971015001,CH 로빈슨 월드와이드,17743807635,2.98,157.33,BUY,
239,물류,ZTO,US20161027005,ZTO 익스프레스(ADR),15638484064,1.41,20.9,BUY,
239,물류,KNX,US19941025002,나이트 스위프트 트랜스포테이션 홀딩스,10995151057,0.68,68.43,BUY,
239,물류,TFII,US20200213006,TFI 인터내셔널,10721317079,0.41,131.78,BUY,
239,물류,SAIA,US20020911001,사이아,9307105346,0.04,351.2,BUY,
239,물류,LINE,NAS0240725003,리니지,8543700283,2.57,38.72,HOLD,
239,물류,SNDR,US20170405002,슈나이더 내셔널,5950065874,-0.06,34.13,BUY,
239,물류,LSTR,US19930305001,랜드스타 시스템,5827910598,-0.44,172.02,HOLD,
239,물류,GXO,US20210802005,GXO 로지스틱스,5225123456,2.38,46.93,BUY,
239,물류,ZIM,US20210128010,ZIM 인티그레이티드 시핑 서비시스,3542062063,0.51,29.72,,중립의견 상향
239,물류,RXO,US20221101014,RXO,3194833464,-0.15,19.46,HOLD,
239,물류,ARCB,US20140502001,아크베스트,2995945541,0.62,135.69,BUY,
239,물류,PONY,NAS0241127002,포니 AI (ADR),2864780012,1.21,6.71,,로보트럭 확대 계획
239,물류,WERN,US19860627001,웨너 엔터프라이지스,2222330746,0.8,37.58,HOLD,
239,물류,HUBG,US19960313001,허브 그룹,2190549613,-2.16,35.26,HOLD,영업손실 예상
239,물류,GCT,US20220818001,기가클라우드 테크놀로지,1841008963,1.68,52.74,BUY,
239,물류,DSGR,US20220509002,디스트리뷰션 솔루션즈 그룹,1597586489,0.17,34.81,HOLD,
239,물류,MRTN,US19860925002,마텐 트랜스포트,1120067667,1.38,13.99,BUY,
239,물류,HTLD,US19861105001,하트랜드 익스프레스,948472527,0.81,12.44,HOLD,
239,물류,CVLG,US20200706001,코버넌트 로지스틱스 그룹,898703304,0.87,35.94,BUY,
239,물류,CYRX,US20150724001,크라이오포트,782796812,2.64,15.96,BUY,
239,물류,PKOH,US19900326042,파크 오하이오 홀딩스,668961811,-3.42,44.86,,
239,물류,FWRD,US19931116001,포워드 에어,558354343,0.3,16.68,BUY,
239,물류,ULH,US20160502001,유니버설 로지스틱스 홀딩스,485095582,2.11,18.9,,
239,물류,ORBS,NAS0230404003,에이트코 홀딩스,415797466,-1.88,0.9551,,비트마인 보유 공개
239,물류,SERV,NAS0240418004,서브 로보틱스,386083850,-1.34,4.42,BUY,
239,물류,RLGT,US20061101001,레이디언트 로지스틱스,378422609,0.98,8.21,BUY,실적 예상치 상회
239,물류,PAMT,US19811104001,팜트,277876406,-3.6,12.87,,
239,물류,AIRT,US19950105001,에어 T,122022959,-4.24,29.39,,
239,물류,LPA,US20210330015,로지스틱 프로퍼티스 오브 디 아메리카스,106488861,-4.14,3.24,BUY,물류단지 매각 승인
239,물류,ETS,NAS0250821003,엘리트 익스프레스 ,72629958,6.67,1.6,,
239,물류,NPT,NAS0251022004,텍손 홀딩,64606167,-4.1,2.81,,
239,물류,CRGO,NAS0230130001,프레이토스,61128788,-5.04,1.13,BUY,창업자 행동주의
239,물류,NCEW,NAS0241121003,뉴 센추리 로지스틱스,60207073,-0.42,18.85,,
239,물류,SFWL,NAS0230331007,성펑 디벨롭먼트,45788236,-2.15,8.19,,
239,물류,PSIG,NAS0240719002,PS 인터내셔널 그룹,40881821,-4.87,2.54,,
239,물류,MWYN,NAS0250313005,마윈 홀딩스,18676820,8.54,1.01,,
239,물류,SLGB,NAS0251015002,스마트 로지스틱스 글로벌,16324966,-9.04,0.332,,
239,물류,BTOC,NAS0240514002,암로지 홀딩,12664634,-1.71,0.2756,,
239,물류,PGHL,NAS0240723005,프리메가 그룹 홀딩스,12072089,0.66,1.52,,
239,물류,SGLY,US20220107005,싱귤러리티 퓨처 테크놀로지,8539694,-13.21,1.38,,
239,물류,ELOG,NAS0250828002,이스턴 인터내셔널,7626801,-3.78,0.5754,,상장폐지 우려
239,물류,DSS,US19970103003,DSS,7211529,5.47,0.762,,
239,물류,HXHX,NAS0250415002,하오신 홀딩스,6890895,-0.96,0.4665,,
239,물류,JYD,NAS0230421002,제이유드 글로벌 로지스틱스,6749630,-6.78,0.7628,,
239,물류,RITR,NAS0240820006,리타 로그텍 홀딩스,5306425,-3.63,0.0824,,
239,물류,ATXG,US20220831001,애던택스 그룹,4507579,1.56,3.91,,사모 유상증자
239,물류,GVH,NAS0231108006,글로버벤드,2295519,3.96,1.05,,
239,물류,FRGT,NAS0230324003,프레이트 테크놀로지스,531603,-4.02,0.835,,
459,카드,V,US20080319001,비자,687435305423,1.3,375.28,BUY,온체인 정산 확대
459,카드,MA,US20060525001,마스터카드,495579368692,0.92,574.42,BUY,
459,카드,AXP,US19770518001,아메리칸 익스프레스,217930948557,0.95,327.78,BUY,
459,카드,COF,US19941115001,캐피탈 원 파이낸셜,129634488621,-0.78,206.68,BUY,
459,카드,SHG,US20030916001,신한 파이낸셜 그룹(ADR),39221651078,0.06,84.11,,
459,카드,FLT,US20101215001,코페이,26640319373,1.06,412.56,BUY,
459,카드,SYF,US20140731002,싱크로니 파이낸셜,26021774220,-0.14,75.88,BUY,
459,카드,GPGI,US20211228001,GPGI INC,3832056649,-2.41,12.98,HOLD,
459,카드,ATLC,US19990423001,애틀랜티쿠스 홀딩스,1491164478,0.56,94.99,BUY,
459,카드,PMTS,US20210805007,CPI 카드 그룹,259231121,7.82,24.26,,
475,클라우드,GOOG,US20040819001,알파벳 C,4116289185873,3.07,345.74,BUY,AI 둔화 우려
475,클라우드,GOOGL,US20040819002,알파벳 A,4116289185873,3.24,349.48,BUY,AI 둔화 우려
475,클라우드,MSFT,US19860313001,마이크로소프트,3657908784969,1.95,505.31,BUY,AI 속도조절 부담
475,클라우드,AMZN,US19970515001,아마존,2752841195340,-1.25,253.56,BUY,
475,클라우드,ORCL,US19860312001,오라클,456320878687,-3.65,144.79,BUY,감원 재개 부담
475,클라우드,BABA,US20140915003,알리바바(ADR),270024052518,-0.06,109.23,BUY,
475,클라우드,PANW,US20120720001,팰로 앨토 네트웍스,268824442171,13.1,373.96,BUY,
475,클라우드,ANET,US20140606002,아리스타 네트웍스,250194725751,-5.9,187.81,BUY,AI 관련주 강세
475,클라우드,IBM,US19490128001,IBM,227815903237,2.38,249.09,BUY,
475,클라우드,CRM,US20040623001,세일즈포스,202631905816,4.73,259.43,BUY,
475,클라우드,STX,US20021211002,씨게이트,188984834108,-2.92,805.93,BUY,
475,클라우드,WDC,US19910131001,웨스턴 디지털,160244777966,-4.53,426.94,BUY,
475,클라우드,SNOW,US20200915015,스노우플레이크,115360783326,1.02,332.35,BUY,
475,클라우드,NET,US20190912003,클라우드플레어,108484362555,7.77,330.36,BUY,
475,클라우드,EQIX,US20000811002,에퀴닉스,101769972836,-3.74,998.92,BUY,
475,클라우드,VRT,US20200210005,버티브 홀딩스,98362331371,-7.63,237.39,BUY,
475,클라우드,DDOG,US20190918001,데이터독,78947226339,3.99,230.04,BUY,
475,클라우드,NBIS,US20110524001,네비우스 그룹,60673305384,-5.5,212.19,BUY,
475,클라우드,CRWV,NAS0250328002,코어위브,48782321990,-6.76,82.97,,AI 인프라 강세
475,클라우드,WDAY,US20170920001,워크데이,44481135873,4.54,194.14,BUY,
475,클라우드,CLS,US19980630001,셀레스티카,43437637644,-8.79,316.08,BUY,CFO 선임 발표
475,클라우드,P,US20151007003,에버퓨어,32516999228,-4.48,93.78,BUY,
475,클라우드,BIDU,US20050805002,바이두(ADR),31040733831,0.55,91.9,BUY,소각용 자사주 매입
475,클라우드,SMCI,US20200114002,슈퍼 마이크로 컴퓨터,30799748726,-8.4,36.73,HOLD,AI 서버주 강세
475,클라우드,ERIC,US19890928001,에릭슨 B(ADR),30781868128,-2.62,10.04,HOLD,
475,클라우드,MDB,US20171018002,몽고DB,29000607163,5.58,382.42,BUY,
475,클라우드,NTNX,US20160930001,뉴타닉스,17711001416,2.69,67.69,BUY,
475,클라우드,AKAM,US19991029001,아카마이 테크놀로지,15254025587,-1.19,105.52,BUY,
475,클라우드,DOCN,US20210323016,디지털오션 홀딩스,14368361609,-2.23,120.21,BUY,
475,클라우드,ARW,US19790226001,애로우 일렉트로닉스,11545868670,-6.29,213.85,HOLD,
475,클라우드,DBX,US20180322001,드롭박스,7685167636,4.92,37.31,HOLD,
475,클라우드,CVLT,US20060922001,컴볼트 시스템즈,5357863412,7.86,140.3,BUY,
475,클라우드,TTAN,NAS0241212002,서비스타이탄,5242739347,7.88,58.99,,
475,클라우드,FSLY,US20190516002,패스틀리,3666918465,7.47,24.89,HOLD,
475,클라우드,KC,US20200507002,킹소프트 클라우드 홀딩스(ADR),2990778713,-1.41,9.82,BUY,
475,클라우드,SPSC,US20100422003,SPS 커머스,2958366597,0.52,83.11,HOLD,GTCR 인수 협의
475,클라우드,CSQR,NYS2607016001,씨스퀘어,2885085254,-0.63,17.31,BUY,
475,클라우드,KD,US20211104019,킨드릴 홀딩스,2846865607,3.19,13.57,HOLD,헬스케어 IT 인수
475,클라우드,PENG,US20170524002,펭귄 솔루션스,2605610254,-8.97,46.57,BUY,
475,클라우드,FIVN,US20140403001,파이브나인,2277070405,3.59,31.76,BUY,
475,클라우드,NCNO,US20200714005,엔시노,2233209407,4.38,22.18,BUY,
475,클라우드,BLKB,US20040722001,블랙보드,2051769121,0.42,45.67,BUY,
475,클라우드,BXDC,NYS2605014001,블랙스톤 디지털 인프라스트럭처 트러스트,1990734616,-1.91,19.52,BUY,
475,클라우드,ZD,US20211008007,지프 데이비스,1915886979,2.03,57.36,BUY,
475,클라우드,BL,US20161028001,블랙라인,1637815471,6.84,30.29,HOLD,
475,클라우드,BRUN,NAS0241230003,부스트 런,1313825502,-12.39,14.57,BUY,
475,클라우드,SIFY,US19991019003,시피 테크놀로지스(ADR),992069953,-1.16,13.62,,
475,클라우드,RXT,US20200804004,랙스페이스 테크놀로지,815692312,8.39,3.49,,
475,클라우드,BLZE,US20211110007,백블레이즈,762885317,3.63,12.85,BUY,
475,클라우드,WYFI,NAS0250807007,화이트파이버,739024507,-8.25,17.56,BUY,
475,클라우드,SLNH,US20211104022,솔루나 홀딩스,353646985,-3.36,1.15,,카티 1 설비 가동
475,클라우드,XNET,US20140624002,쉰레이(ADR),310003951,-0.2,4.89,,
475,클라우드,EGHT,US20171208001,8X8,264142751,0.54,1.85,HOLD,
475,클라우드,QMLS,NAS2607016003,큐물러스AI,212497802,-9.08,5.81,BUY,
475,클라우드,CHOW,AMX0250916003,차우차우 클라우드,15880289,-0.64,0.4473,,
475,클라우드,TAOP,US20180604003,타오핑,7376155,-3.73,0.744,,
475,클라우드,DTST,US20210514006,데이터 스토리지,7063441,-4.61,2.9,,
475,클라우드,IVDA,US20220401006,아이베다,3552414,0.74,0.2876,,
825,전문점,ROST,US19850808002,로스 스토어스,73261689769,-0.3,230.04,BUY,
825,전문점,ORLY,US19930422001,오릴리 오토모티브,69002194963,1.63,87.22,BUY,
825,전문점,AZO,US19910402002,오토존,46677939659,3.09,2965.52,BUY,
825,전문점,WSM,US19900326073,윌리엄스 소노마,26482904756,1.41,229.43,BUY,
825,전문점,ULTA,US20071025001,울타 뷰티,23236544946,0.32,548.53,BUY,
825,전문점,BBY,US19870720001,베스트 바이,18927295436,4.44,94.83,HOLD,
825,전문점,TSCO,US19940218001,트랙터 서플라이,17094784337,2.51,33.84,BUY,
825,전문점,RBA,US19980310001,RB 글로벌,15385922746,0.51,84.03,BUY,
825,전문점,BURL,US20131002002,벌링턴 스토어스,14923896038,-2.84,232.24,BUY,
825,전문점,QXO,US20170419001,QXO INC,13077178462,-1.62,12.11,BUY,
825,전문점,DKS,US20021016001,딕스 스포팅 굿즈,11934621860,-3.15,130.77,BUY,
825,전문점,GME,US20020211001,게임스탑,10605211085,2.22,21.62,,
825,전문점,ACI,US20200625005,앨버트슨 컴퍼니스,5827028353,5.3,12.72,HOLD,
825,전문점,FND,US20170424002,플로어 앤 데코 홀딩스,5010532234,1.67,48.13,HOLD,
825,전문점,BOOT,US20141029003,부트 반 홀딩스,4346196721,-1.07,142.84,BUY,
825,전문점,SITE,US20160512004,사이트원 랜드스케이프 서플라이,4027414775,-3.75,89.34,BUY,
825,전문점,SIG,US19500508002,시그넷 주얼러스,3818289700,0.49,100.75,BUY,목표주가 상향
825,전문점,ASO,US20201002001,아카데미 스포츠 앤 아웃도어스,3388245477,-1.99,54.26,BUY,
825,전문점,RH,US20121102002,RH,2522909162,0.07,134.17,HOLD,
825,전문점,AEO,US19940429001,아메리칸 이글 아웃피터스,2501622434,2.73,15.43,HOLD,
825,전문점,BKE,US19920506001,버클,2083787377,-1.06,40.27,,
825,전문점,ADIG,NYS2608004001,에이디아이 글로벌 디스트리뷰션,1549210261,-0.88,20.35,BUY,
825,전문점,RVLV,US20190606002,리볼브,1492887059,-3.03,20.49,BUY,
825,전문점,SBH,US20061113001,샐리 뷰티 홀딩스,1485111559,0.31,16.01,,
825,전문점,EYE,US20171025001,내셔널 비전 홀딩스,1358782301,1.21,17.5,,
825,전문점,CAL,US20150601001,컬레러스,429028333,0.24,12.54,,
825,전문점,ACCO,US19991109001,애코 브랜즈,389000435,0,4.24,,
825,전문점,BNED,US20150804003,반즈 앤드 노블 에듀케이션,386916840,-2.14,10.99,BUY,
825,전문점,ELA,US20191218001,엔벨라,347340014,-1.78,13.22,,
825,전문점,SHOE,US19930316001,슈 스테이션 그룹,343402046,1.65,12.92,,
825,전문점,AENT,NAS0230630001,얼라이언스 엔터테인먼트 홀딩,325295930,-6.85,5.98,BUY,실적 예상치 상회
825,전문점,DBI,US20190402004,디자이너 브랜즈,298774833,11.05,6.53,,목표주가 하향
825,전문점,FLWS,US19990803001,1 800 플라워스닷컴,192339478,1.66,3.06,BUY,
825,전문점,BRLT,US20210922005,브릴리언트 어스 그룹,143707780,0,1.42,HOLD,
825,전문점,TLYS,US20120504001,틸리스,139844503,6.96,4.92,HOLD,
825,전문점,GRWG,US20191202001,그로우제너레이션,89599255,0.65,1.54,BUY,
825,전문점,PRTS,US20070209001,카파츠닷컴,74631855,-3.87,8.95,,
825,전문점,CATO,US19870430002,케이토,47695536,-1.66,2.37,,
825,전문점,SPWH,US20140416001,스포츠맨스 웨어하우스 홀딩스,46294666,-1.68,1.17,BUY,
825,전문점,MATH,NAS0221213006,메탈파 테크놀로지 홀딩,41029205,16.41,1.02,,
825,전문점,YI,US20180911001,111(ADR),31387012,-2.23,3.5,,
825,전문점,CGTL,NAS0241119001,크리에이티브 글로벌 테크놀로지 홀딩스,6595906,3.89,4.01,,
825,전문점,LESL,US20201029010,레슬리스,4672834,-1.85,0.4927,HOLD,
825,전문점,RDGT,US20091001003,리지텍,2990203,1.1,0.838,,
825,전문점,YHC,NAS0230810001,LQR 하우스,1820762,-1.43,1.38,,
223,편의점,CASY,US19831020001,케이시스 제너럴 스토어스,22609332266,1.01,621.69,BUY,목표주가 하향
223,편의점,IMKTA,US19870922001,잉글스 마켓,1569197067,0.05,83.16,,
223,편의점,YSWY,NAS2604022006,예스웨이,1441486519,-1.09,22.7,BUY,
223,편의점,VLGEA,US19900327007,빌리지 슈퍼 마켓,636315189,3.08,44.56,,
223,편의점,ARKO,US20201223001,아르코,503991185,1.11,4.57,BUY,
223,편의점,DIT,US19950804001,암콘 디스트리뷰팅,62842021,-5.88,60.97,,
403,이동통신사,VZ,US19831121001,버라이즌,209003850868,1.34,51.29,BUY,
403,이동통신사,TMUS,US20151027001,T 모바일,194389070096,0.34,182.95,BUY,
403,이동통신사,T,US19461101001,AT&T,179486522298,1.73,26.51,BUY,
403,이동통신사,AMX,NYS0230316001,아메리카 모빌 L(ADR),67872286261,1.27,23.12,BUY,
403,이동통신사,VOD,US19881026001,보다폰 그룹(ADR),40023503017,0.69,17.52,HOLD,
403,이동통신사,CHT,US20030717001,중화 텔레콤(ADR),34580254646,0.89,45.25,,
403,이동통신사,ECHO,US20071231001,에코스타,26891523127,0.85,93.93,BUY,비중확대 의견
403,이동통신사,BCE,US19830502001,BCE,21678938257,0.34,23.47,BUY,
403,이동통신사,VIV,US20201130008,텔레포니카 브라질(ADR),18818653810,0.34,11.89,HOLD,
403,이동통신사,TIGO,US20190109002,밀리콤 인터내셔널 셀룰러,16099256452,-1.3,95.42,HOLD,
403,이동통신사,RCI,US19960207001,로저스 커뮤니케이션스,15442237781,1.22,36.65,HOLD,매수의견 상향
403,이동통신사,TLK,US19951114001,텔콤 인도네시아(ADR),14638294443,2.14,15.26,,
403,이동통신사,SKM,US19960627003,SK텔레콤(ADR),14434854064,-4.09,36.32,HOLD,
403,이동통신사,TU,US19960611001,텔러스,14368100764,0.66,9.16,HOLD,
403,이동통신사,KT,US19990525001,KT(ADR),9439702912,0.35,19.97,BUY,
403,이동통신사,TIMB,US20201016008,팀 브라질(ADR),8969427542,1.22,19.12,HOLD,
403,이동통신사,LILAP,NAS2606017004,리버티 라틴 아메리카 우선주 A (9.0% 누적 상환),5834443771,-1.06,20.49,,
403,이동통신사,LILA,US20150706003,리버티 라틴 아메리카 A,5834443771,0.68,8.87,HOLD,
403,이동통신사,LILAK,US20150706004,리버티 라틴 아메리카 C,5834443771,0.8,8.8,HOLD,
403,이동통신사,TDS,US19910918002,텔레폰 앤 데이터 시스템즈,5145280960,0.67,37.71,BUY,
403,이동통신사,TKC,US20000711003,투르크젤 을레티심 히즈메틀레리(ADR),4691135943,-0.93,5.32,,
403,이동통신사,VEON,US20170331001,베온(ADR),4645145552,1.65,68.99,BUY,
403,이동통신사,NNI,US20031211001,넬넷,4505290229,0.63,127.49,,
403,이동통신사,PHI,US19941019001,PLDT(ADR),3970541255,-0.59,18.38,,
403,이동통신사,LBTYK,NAS0231124003,리버티 글로벌 C,3529384776,2.46,10.4,,
403,이동통신사,LBTYA,US20040608001,리버티 글로벌 A,3529384776,1.34,10.61,HOLD,
403,이동통신사,LBTYB,US20040608002,리버티 글로벌 B,3529384776,-2.61,12.32,,
403,이동통신사,KYIV,NAS0250815003,키이우스타 그룹,3122917825,0.37,13.66,,
403,이동통신사,TSAT,US20211119007,텔레셋,2547777003,-1.15,49.18,BUY,
403,이동통신사,TEO,US19941209001,텔레콤 아르헨티나(ADR),1654217314,4.15,13.8,BUY,
403,이동통신사,ATNI,US19911101001,ATN 인터내셔널,464185425,-0.2,30.26,,
403,이동통신사,UCL,US20200609002,유클라우드링크 그룹(ADR),16154971,-3.56,0.4115,,
403,이동통신사,SURG,US20211102008,서지페이스,9102670,-7.51,0.1601,BUY,
379,골판지,SW,US20150706007,스머핏 웨스트록,22531813375,1.23,43.75,,
379,골판지,IP,US19491221001,인터내셔널 페이퍼,18085202090,-0.32,34.25,BUY,매수의견 상향
379,골판지,GEF,US19960228003,그라이프,4262737925,-0.84,81.63,HOLD,
379,골판지,GEF.B,US19960228004,그라이프 B,4262737925,0.27,105.46,,
379,골판지,ORBS,NAS0230404003,에이트코 홀딩스,415797466,-1.88,0.9551,,비트마인 보유 공개
379,골판지,ITP,US20180801013,IT 테크 패키징,2760324,-2.38,0.1598,,
813,바이오서비스,TMO,US19800827001,써모 피셔 사이언티픽,224106050066,0.62,613.62,BUY,
813,바이오서비스,IQV,US20171115001,아이큐비아 홀딩스,42824926518,1.49,265.67,BUY,
813,바이오서비스,A,US19991118002,애질런트 테크놀로지스,41171522491,-0.09,146.8,BUY,
813,바이오서비스,LH,US19910424002,랩코프 홀딩스,25112016748,1.21,315.31,BUY,
813,바이오서비스,MEDP,US20160811002,메드페이스 홀딩스,16298782569,1.41,595.8,HOLD,
813,바이오서비스,CRL,US20000623001,찰스 리버 래버러토리스 인터내셔널,13202915884,-1.85,273.11,BUY,
813,바이오서비스,ICLR,US19980515001,아이콘,12983421469,0.01,169.32,BUY,
813,바이오서비스,TECH,US19921209001,바이오 테크네,11240851499,0.21,72.27,HOLD,
813,바이오서비스,RGEN,US19860429001,레플리젠,9265261742,1.71,168.0,BUY,
813,바이오서비스,TWST,US20181030002,트위스트 바이오사이언스,8379257215,5.92,134.75,BUY,
813,바이오서비스,CAI,NAS0250618002,카리스 라이프 사이언시스,6836475406,7.03,26.05,BUY,
813,바이오서비스,ABCL,US20201210001,앱셀레라 바이오로직스,3505848653,2.57,11.17,BUY,
813,바이오서비스,NEO,US19960125002,네오지노믹스,2211642485,6.35,18.42,BUY,
813,바이오서비스,ADMA,US20141110001,ADMA 바이오로직스,2054787609,-0.98,9.14,BUY,
813,바이오서비스,MRVI,US20201119003,마라바이 라이프사이언시스 홀딩스,1685341614,2.3,6.68,BUY,
813,바이오서비스,FTRE,NAS0230703004,포트리아 홀딩스,1625757950,1.28,17.42,,
813,바이오서비스,AZTA,US20211201001,어젠타,1343257930,3.82,32.03,BUY,
813,바이오서비스,MLAB,US19950818010,메사 래버러토리스,672253363,0.45,121.41,,
813,바이오서비스,OABI,US20221102004,옴니앱,588135043,9.83,4.47,,
813,바이오서비스,CERS,US19970131001,세러스,498740894,2.41,2.55,BUY,
813,바이오서비스,EVH,US20150605002,에볼런트 헬스,470833518,-2.15,4.1,BUY,
813,바이오서비스,DNA,US20210917003,깅코 바이오웍스 홀딩스,431651865,3.85,7.01,SELL,
813,바이오서비스,PACB,US20101027001,퍼시픽 바이오사이언시스 캘리포니아,401619012,3.08,1.34,BUY,
813,바이오서비스,TKNO,US20210624008,알파 테크노바,358054106,1.64,6.82,BUY,
813,바이오서비스,EBS,US20061115001,이머전트 바이오솔루션즈,317487436,2.41,6.38,HOLD,
813,바이오서비스,LAB,US20220406001,스탠더드 바이오툴스,269229637,0.94,0.6965,BUY,
813,바이오서비스,LFCR,NAS0221115005,라이프코어 바이오메디컬,155004794,3.16,4.25,BUY,
813,바이오서비스,SEER,US20201203005,시어,107317824,-2.05,1.91,BUY,
813,바이오서비스,RPID,US20210714014,래피드 마이크로 바이오시스템즈,61320504,-4.88,1.17,,
813,바이오서비스,EXOZ,NAS0241113002,엑소자임스,58130282,-1.59,6.2,,
813,바이오서비스,PRPO,US20170630002,프리시피오,48610071,-0.92,27.07,,
813,바이오서비스,HBIO,US20001207001,하버드 바이오사이언스,36332377,0,8.03,BUY,
813,바이오서비스,CCEL,US20220830002,크라이오셀 인터내셔널,35259602,0,4.4,,
813,바이오서비스,ADVB,NAS0250306001,어드밴스드 바이오메드,13448561,-5.01,7.78,,
813,바이오서비스,ISPC,US20210616002,아이스페시맨,3679778,0,1.47,,상장폐지 우려
547,음식배달플랫폼,UBER,US20190509010,우버,145498720942,1.34,72.63,BUY,배송 경쟁 부담
547,음식배달플랫폼,DASH,US20201207007,도어대시,86971588303,0.78,203.53,BUY,
547,음식배달플랫폼,GRAB,US20211202003,그랩 홀딩스,12402473281,-0.98,3.02,BUY,
467,보험,BRK.A,US19800317002,버크셔 해서웨이 A,1086116281915,0.75,771770.02,,자회사 가치 재평가
467,보험,BRK.B,US20100121001,버크셔 해서웨이 B,1086116281915,0.9,514.95,BUY,자회사 가치 재평가
467,보험,BBVA,US19881214001,방코 빌바오 비스카야 아르헨타리아(ADR),163743930373,-1.52,29.1,SELL,위험이전 거래 부담
467,보험,CB,US19840907024,처브,129702035685,1.06,341.85,HOLD,
467,보험,PGR,US19870601001,프로그레시브,125688806975,1.56,221.02,HOLD,
467,보험,KKR,US20100715001,KKR & CO,92497038538,1.18,102.27,BUY,에이온 USI 자금조달
467,보험,ELV,US20141204001,엘리번스 헬스,90254462781,1.32,424.24,BUY,
467,보험,BCS,US19860909002,바클레이즈(ADR),89088392978,-3.15,25.86,BUY,
467,보험,MMC,US19690604001,마시,83909280053,1.99,180.43,HOLD,
467,보험,TRV,US19880511001,트래블러스 컴퍼니스,77780736358,0.76,378.05,HOLD,
467,보험,MFC,US19990924001,매뉴라이프 파이낸셜,71721272254,0.14,43.55,,장기 조달 기반 강화
467,보험,ALL,US19930603001,올스테이트,65937271022,1.88,258.48,HOLD,
467,보험,AON,US19840907019,에이온,63817199168,2.92,311.54,HOLD,인수채권 발행
467,보험,MET,US20000405001,메트라이프,63184628403,0.63,97.75,BUY,
467,보험,AJG,US19871201001,아서 J 갤러거,61218889045,5.4,253.3,BUY,
467,보험,AFL,US19740614001,애플랙,57442866523,1.5,117.01,HOLD,
467,보험,HUM,US19710518001,휴매나,48909212458,-0.68,407.02,BUY,
467,보험,SLF,US20000323001,선 라이프 파이낸셜,44083322523,0.7,80.23,BUY,
467,보험,IX,US19980916001,오릭스(ADR),43197155190,-0.42,39.94,,
467,보험,PAYX,US19830826001,페이첵스,40971480530,2.34,118.51,HOLD,목표가 상향
467,보험,PRU,US20011213002,푸르덴셜 파이낸셜,40887257843,0.22,119.5,HOLD,
467,보험,SHG,US20030916001,신한 파이낸셜 그룹(ADR),39221651078,0.06,84.11,,
467,보험,AIG,US19841010001,아메리칸 인터내셔널 그룹,39149647703,1.27,76.29,HOLD,
467,보험,HIG,US19951215001,하트포드 파이낸셜 서비시스 그룹,37030872554,0.9,137.59,BUY,
467,보험,ACGL,US19950914001,아치 캐피탈 그룹,33144386045,1.94,97.95,BUY,
467,보험,PUK,US20000628003,푸르덴셜(ADR),33051803603,-0.15,26.64,BUY,
467,보험,WTW,US20160105002,윌리스 타워스 왓슨,29132796916,2.6,323.82,BUY,
467,보험,WRB,US19840907025,WR 버클리,25950588564,1.39,70.87,HOLD,
467,보험,CINF,US19900326005,신시내티 파이낸셜,25901854950,1.33,172.05,HOLD,
467,보험,BRO,US19810227001,브라운 앤 브라운,22012972090,3.23,68.33,HOLD,
467,보험,MKL,US19861219001,마켈 그룹,21971283278,0.8,1798.46,HOLD,
467,보험,UNM,US19861114001,유넘 그룹,19097586804,0.53,94.92,BUY,
467,보험,RGA,US20080912001,리인슈어런스 그룹 오브 아메리카,16142912258,0.13,249.05,BUY,
467,보험,CRBG,US20220913001,코어브리지 파이낸셜,15360807926,0.37,34.8,BUY,
467,보험,EQH,US20180509001,에퀴터블 홀딩스,15231951254,0.62,53.67,BUY,
467,보험,RNR,US19960724001,르네상스리 홀딩스,14290761150,1.73,330.62,HOLD,
467,보험,EG,US19951003001,에베레스트 그룹,14165576186,2.11,379.54,HOLD,
467,보험,AIZ,US20040205001,어슈런트,13847141013,0.29,283.27,BUY,
467,보험,AEG,US19850701002,아혼(ADR),13297397635,0,9.06,BUY,
467,보험,GL,US20190809003,글로브 라이프,13074205892,1.02,172.92,BUY,
467,보험,CNA,US19690203001,CNA 파이낸셜,12820983939,0.88,48.09,HOLD,
467,보험,ERIE,US19951002001,이리 인뎀너티,12734553670,3.6,253.85,BUY,
467,보험,AFG,US19781114001,아메리칸 파이낸셜 그룹,11699838980,1.23,143.7,HOLD,
467,보험,OSCR,US20210301020,오스카 헬스,10052697398,3.17,33.81,HOLD,목표가 상향
467,보험,ORI,US19900919001,올드 리퍼블릭 인터내셔널,9915216820,0.9,41.33,BUY,
467,보험,JXN,US20210920008,잭슨 파이낸셜,9860552264,0.48,138.78,BUY,
467,보험,RYAN,US20210721011,라이언 스페셜티 홀딩스,9692268926,4.12,39.69,BUY,
467,보험,PRI,US20100401001,프라이메리카,8945712182,1.01,295.4,HOLD,
467,보험,LNC,US19690820001,링컨 내셔널,8860159394,0.46,44.04,HOLD,
467,보험,KNSL,US20220103008,킨세일 캐피탈 그룹,8150517395,1.08,363.89,HOLD,
467,보험,THG,US19951011001,하노버 인슈어런스 그룹,7815905700,2.37,231.19,HOLD,
467,보험,AXS,US20030701001,액시스 캐피탈 홀딩스,7524702358,1.79,100.0,BUY,
467,보험,FAF,US20100524001,퍼스트 아메리칸 파이낸셜,7284103677,1.91,73.15,BUY,
467,보험,ACT,US20210510001,인액트 홀딩스,6754429187,1.27,50.06,HOLD,
467,보험,MTG,US19910807001,MGIC 인베스트먼트,6267134872,0.42,30.87,HOLD,
467,보험,ESNT,US20131031001,이센트 그룹,6090459187,0.91,68.8,HOLD,
467,보험,IFS,US20190718005,인터코프 파이낸셜 서비시스,6041947714,-0.09,54.68,BUY,
467,보험,MCY,US19961009002,머큐리 제너럴,5633949306,1.07,103.44,BUY,
467,보험,RLI,US19870508001,RLI,5516625364,1.42,61.34,HOLD,
467,보험,SIGI,US19900326046,셀렉티브 인슈어런스 그룹,5471149010,-0.95,89.48,HOLD,
467,보험,CNO,US20030930001,CNO 파이낸셜 그룹,5052166296,1.07,55.53,HOLD,
467,보험,WTM,US19860509002,화이트 마운틴스 인슈어런스 그룹,4870451873,0.19,2057.0,HOLD,
467,보험,RDN,US19921030001,라디안 그룹,4683871893,0.65,35.85,BUY,
467,보험,HGTY,US20211203007,해거티,4627730262,2.8,13.93,HOLD,
467,보험,NP,NYS0251001002,넵튠 인슈어런스,4310154593,-0.85,31.33,BUY,
467,보험,BWIN,US20191023001,볼드윈 인슈어런스 그룹,4110935295,7.93,32.0,BUY,비공개 전환 합의
467,보험,GNW,US20040525001,젠워스 파이낸셜,3939517456,1.05,10.6,BUY,
467,보험,LMND,US20200701007,레모네이드,3800107114,1.28,50.03,HOLD,
467,보험,HG,NYS0231110001,해밀턴 인슈어런스 그룹,3731840802,0.34,34.97,BUY,
467,보험,BHF,US20170807001,브라이트하우스 파이낸셜,3715096171,-0.22,50.0,HOLD,
467,보험,PLMR,US20190416004,팔로마 홀딩스,3496198087,2.99,137.65,BUY,
467,보험,TOWN,US19990505001,타운뱅크,3399349206,0.95,37.35,BUY,
467,보험,NMIH,US20131108001,NMI 홀딩스,3281205453,0.52,44.12,BUY,
467,보험,AGO,US20040423001,어슈어드 개런티,3186179751,-0.01,72.92,BUY,UBS 매수의견 유지
467,보험,FG,NYS0221201001,F&G 어뉴어티스 앤 라이프,2999675652,0.3,23.12,HOLD,
467,보험,SLDE,NAS0250618006,슬라이드 인슈어런스,2883931423,5.6,26.23,BUY,
467,보험,SPNT,US20210301022,시리우스포인트,2794072333,1.74,24.62,BUY,
467,보험,ALHC,US20210324001,얼라인먼트 헬스케어,2599826443,2.62,12.94,BUY,
467,보험,LIFE,NAS0260129004,에토스 테크놀로지스,2550688339,-2.21,39.36,BUY,
467,보험,CLOV,US20210108001,클로버 헬스 인베스트먼츠,2544580927,5.81,5.1,HOLD,
467,보험,SKWD,NAS0230113003,스카이워드 스페셜티 인슈어런스 그룹,2503715162,2.84,58.35,BUY,
467,보험,BNT,NYS0221214001,브룩필드 웰스 솔루션즈,2488851906,-1.42,37.58,,
467,보험,HCI,US20080915001,HCI 그룹,2296200491,0.43,186.52,BUY,
467,보험,SRCE,US19830812001,퍼스트 소스,2086188553,0.14,87.28,,
467,보험,PGNY,US20191024004,프로지니,2085697533,1.83,27.85,BUY,
467,보험,PLGO,NYS0230628001,펠라고스 인슈어런스 캐피탈,2072057183,-0.52,24.92,HOLD,
467,보험,GSHD,US20180426003,구스헤드 인슈어런스,2018431239,4.77,59.91,HOLD,
467,보험,STC,US19940105001,스튜어트 인포메이션 서비스,2009477121,1.18,67.02,BUY,
467,보험,HMN,US19911121001,호레이스 만 에듀케이터스,1963206592,2.07,49.78,BUY,
467,보험,KMPR,US19910918001,켐퍼,1595876996,2.39,27.9,HOLD,
467,보험,SAFT,US20021122001,세이프티 인슈어런스 그룹,1509008794,-0.1,103.32,HOLD,
467,보험,UFCS,US19900326052,유나이티드 파이어 그룹,1414897239,0.14,55.46,BUY,
467,보험,TMP,US19900328001,톰킨스 파이낸셜,1412805346,0.05,98.88,,
467,보험,UVE,US20131204002,유니버설 인슈어런스 홀딩스,1226205895,0.83,44.7,HOLD,
467,보험,BOW,NYS0240522001,보우헤드 스페셜티 홀딩스,1102460486,0.15,33.72,HOLD,
467,보험,IGIC,US20200318001,인터내셔널 제너럴 인슈어런스 홀딩스,1101830988,-1.04,25.72,BUY,
467,보험,TRUP,US20160620001,트루패니언,1085338729,5.18,26.18,BUY,
467,보험,HRTG,US20140522002,헤리티지 인슈어런스 홀딩스,1021885206,1.47,35.09,,
467,보험,ABL,US20200914001,애버커스 글로벌 매니지먼트,924340269,-0.21,9.49,,
467,보험,EIG,US20070131001,임플로이어스 홀딩스,886486662,1.11,50.21,HOLD,
467,보험,HIPO,US20210803007,히포 홀딩스,839317163,1.0,32.32,BUY,
467,보험,ROOT,US20201028007,루트,823609803,1.46,54.26,HOLD,
467,보험,DGICB,US19900326009,더니골 그룹 B,745458645,2.24,25.55,,
467,보험,DGICA,US20030703001,더니골 그룹 A,745458645,0.46,19.45,HOLD,
467,보험,MAX,US20201028014,미디어알파,709378531,-0.43,11.6,BUY,
467,보험,TIPT,US20070622001,팁트리,658829452,0,17.8,,
467,보험,YB,NAS0250430004,위안바오(ADR),637071852,-5.97,13.08,,
467,보험,ITIC,US19900327003,인베스터스 타이틀,558314304,1.49,301.97,,
467,보험,AII,NYS0250508002,아메리칸 인테그리티 인슈어런스 그룹,504963331,2.16,26.49,,
467,보험,GLRE,US20070524001,그린라이트 캐피탈 리얼 에스테이트,485664942,0.47,15.04,HOLD,
467,보험,AMSF,US20051118001,아메리세이프,456341861,1.33,25.1,HOLD,
467,보험,ACIC,US20071107001,아메리칸 코스탈 인슈어런스,438808431,0.11,9.35,,
467,보험,BOC,US20220222002,보스턴 오마하,384649138,1.03,13.71,,자사주 매입 승인
467,보험,TWFG,NAS0240718007,TWFG,341682383,5.32,28.11,BUY,
467,보험,NODK,US20170316001,NI 홀딩스,305220799,1.0,15.2,,
467,보험,WDH,US20210507014,워터드롭(ADR),282959809,1.96,1.04,,
467,보험,KINS,US19940426001,킹스톤,276536759,2.55,19.71,,
467,보험,KWY,US19980506001,킹스웨이 코퍼레이션,275758542,2.82,9.86,,
467,보험,SNFCA,US19920303004,시큐리티 내셔널 파이낸셜,239180757,-0.68,8.73,,
467,보험,MBI,US19870701001,엠비아,235274623,0.22,4.65,HOLD,
467,보험,OSG,US20200203006,옥타브 스페셜티 그룹,216721203,3.31,5.0,BUY,
467,보험,JRVR,US20141211001,제임스 리버 그룹 홀딩스,181531808,0,3.95,HOLD,
467,보험,CIA,US19881230001,시티즌스 A,180198138,1.12,3.62,BUY,
467,보험,RDZN,US20220113004,로드젠,96496874,0,1.14,,
467,보험,SLQT,US20200521002,셀렉쿼트,87748873,-0.02,0.4999,,
467,보험,AZI,NAS0240828001,오토지 인터넷 테크놀로지,82432464,-2.4,1.22,,
467,보험,ZBAO,NAS0240402009,즈바오 테크놀로지,66532740,-22.82,0.115,,
467,보험,AIFU,US20161207001,AIFU,65923129,-2.05,10.52,,
467,보험,KG,US20080506001,케스트럴 그룹,51051929,-2.44,6.4,,
467,보험,CCG,NAS0230918003,처처 그룹,39750787,-8.46,14.61,HOLD,
467,보험,AAME,US19840907001,애틀랜틱 아메리칸,26152173,1.55,1.31,,
467,보험,MF,NAS0240327005,마인드포지,25062529,-1.3,13.69,,
467,보험,HUIZ,US20200211002,후이쩌 홀딩(ADR),15368125,5.88,1.62,,
467,보험,OXBR,US20140512002,옥스브리지 리 홀딩스,12699746,-5.1,1.49,BUY,
467,보험,EZRA,NAS0230223001,릴라이언스 글로벌 그룹,4298439,1.85,2.75,,자산매각 현금유입
371,교육장비,DAO,US20191024007,유다오(ADR),1732054635,0.83,14.53,BUY,
371,교육장비,VIRC,US19920317012,버코 매뉴팩처링,97140412,-1.61,6.1,HOLD,
371,교육장비,BOXL,US20171130001,박스라잇,4154886,-2.64,5.54,,상장폐지 우려 완화
605,암호화폐,MSTR,US19980611001,스트래티지,63739517933,4.56,136.94,BUY,
605,암호화폐,COIN,US20210414003,코인베이스,45958442603,9.24,191.45,BUY,
605,암호화폐,CRCL,NYS0250605001,써클 인터넷 그룹,22861070542,7.53,97.42,BUY,
605,암호화폐,IREN,US20211116005,아이렌,17166401116,-1.51,43.17,BUY,AI 인프라 수요 호조
605,암호화폐,BMNR,AMX0250605001,비트마인 이머션 테크놀로지스,15349937838,2.92,25.76,BUY,
605,암호화폐,HUT,US20210615004,허트 8,12079365611,-7.62,91.09,BUY,클래리티법 기대
605,암호화폐,GLXY,NAS0250516003,갤럭시 디지털,9479606237,-1.07,24.14,BUY,
605,암호화폐,WULF,US20211214013,테라울프,8301864862,-7.71,15.45,BUY,매수의견 개시
605,암호화폐,RIOT,US20171019002,라이엇 플랫폼스,8007740827,-2.42,20.95,BUY,채굴 업황 약세
605,암호화폐,APLD,US20220413001,어플라이드 디지털,7653714775,-6.96,24.58,BUY,
605,암호화폐,CIFR,US20210830003,사이퍼 마이닝,6950676463,-7.24,15.63,BUY,비트코인 반등
605,암호화폐,CORZ,NAS0240124001,코어 사이언티픽,5729737775,-5.46,16.96,BUY,
605,암호화폐,BLSH,NYS0250813001,불리쉬,5246465126,7.12,37.62,,
605,암호화폐,MARA,US20140728001,마라 홀딩스,4599680419,-4.01,11.5,BUY,의견 하향
605,암호화폐,IOND,NAS2607028003,아이오닉 디지털,3729378764,-4.23,79.86,BUY,
605,암호화폐,CLSK,US20200124001,클린스파크,3489308184,-2.85,13.28,BUY,
605,암호화폐,BTDR,NAS0230414002,비트디어 테크놀로지스 그룹,2892308283,-2.51,11.66,BUY,
605,암호화폐,SECZ,NAS0250502001,시큐리타이즈,1341984027,-0.73,8.21,BUY,
605,암호화폐,HIVE,US20210914015,하이브 디지털 테크놀로지스,824785978,-0.66,3.01,BUY,
605,암호화폐,CSHR,NAS0241028006,코인셰어스,702040075,-3.54,5.17,,상반기 순손실
605,암호화폐,GEMI,NAS0250911002,제미니 스페이스 스테이션,574727103,7.62,4.8,HOLD,
605,암호화폐,BTBT,US20200807001,비트 디지털,569915039,-5.03,1.51,,매수의견 개시
605,암호화폐,MCGA,NAS0250908003,YORKVILLE ACQUISITION CORP.,424710256,-0.1,10.34,,
605,암호화폐,DGXX,US20211115001,디지 파워 X,386480219,-1.84,3.74,BUY,
605,암호화폐,BKKT,US20211018004,백트 홀딩스,366422860,1.1,8.27,,
605,암호화폐,CNCK,US20210820003,코인체크 그룹,366009336,-1.04,1.9,,
605,암호화폐,SLNH,US20211104022,솔루나 홀딩스,353646985,-3.36,1.15,,카티 1 설비 가동
605,암호화폐,CD,NAS0230228002,체인스 디지털 홀딩스,321441496,2.38,3.01,,
605,암호화폐,DEFT,NAS0250512003,디파이 테크놀로지스,222469936,2.84,0.5929,BUY,
605,암호화폐,FUFU,US20211209001,비트푸푸,213673825,4.65,1.35,BUY,
605,암호화폐,BGIN,NAS0251021003,비긴 블록체인,204653372,0.55,1.83,,
605,암호화폐,EXOD,AMX0241218003,엑소더스 무브먼트,180416057,5.32,6.33,BUY,스왑 거래량 증가
605,암호화폐,AIB,AMX0231110001,AIB 데이터센터,104968250,-4.32,1.33,BUY,
605,암호화폐,ANTA,NAS0250513001,앤트알파 플랫폼 홀딩 컴퍼니,88827817,-1.61,3.66,BUY,
605,암호화폐,AIFC,US20190911002,AI 파이낸셜,70479224,2.62,0.5204,,
605,암호화폐,BTCS,US20210914001,BTCS,68841128,3.03,1.36,,DeFi 자산 급증
605,암호화폐,NCTY,US20041215001,더 나인(ADR),63453021,-9.09,3.8,,
605,암호화폐,FRMM,US20201109002,포럼 마켓츠,59951829,-2.19,4.47,BUY,
605,암호화폐,SDEV,AMX0221116004,스테이블코인 디벨롭먼트,44934366,-0.94,0.8848,,
605,암호화폐,SAIH,US20220502003,사이히트,43096014,-1.69,23.2,,
605,암호화폐,STKE,NAS0250909003,솔 스트래터지스,41208711,8.57,1.14,,
605,암호화폐,VIP,US20210915006,벌컨 인프라스트럭처 앤 파워,32605431,2.81,1.83,,전략투자 완료
605,암호화폐,FLD,US20220207004,폴드 홀딩스,29675502,-3.1,0.5253,,
605,암호화폐,BTCT,US20200331004,BTC 디지털,22564851,5.52,1.53,BUY,
605,암호화폐,AIXC,NAS0221123002,AIxCRYPTO 홀딩스,18810958,30.49,1.17,,
605,암호화폐,BENF,US20211203001,베네피선트,16283286,-22.65,0.8199,,
605,암호화폐,EBON,US20200626002,이방 인터내셔널 홀딩스,13853697,-3.76,2.05,,
605,암호화폐,MPU,AMX0230206001,메가 매트릭스,13397795,-1.83,0.1934,,
605,암호화폐,CAN,US20191120001,카난(ADR),13052476,2.85,0.3462,BUY,
605,암호화폐,AGMH,US20180418001,AGM 그룹 홀딩스,3066897,-5.42,0.8115,,
605,암호화폐,IPST,NAS0241122001,IP 스트래티지 홀딩,2523035,-10.27,3.32,,
605,암호화폐,BTOG,US20220215001,생그릭스,1370808,0,1.68,,
605,암호화폐,MI,AMX0230918004,NFT,1040617,8.78,2.23,,
605,암호화폐,ARBK,US20210922001,아르고 블록체인(ADR),971572,-3.42,2.82,,
27,화장품브랜드,EL,US19951117003,에스티 로더,34923876091,1.13,98.22,BUY,
27,화장품브랜드,ELF,US20160922006,엘프 뷰티,5683637639,-0.15,96.76,BUY,
27,화장품브랜드,BBWI,US20131203003,배스 앤 바디 웍스,3721747952,-3.55,17.91,HOLD,매각 추진 부각
27,화장품브랜드,COTY,US20130613002,코티,2363371576,0.74,2.72,HOLD,
73,농업용 기계,DE,US19580804001,디어,181087040772,0.85,681.46,BUY,
73,농업용 기계,CNH,US20131001001,CNH 인더스트리얼,16705950557,1.25,13.75,BUY,
73,농업용 기계,TTC,US19831215001,더 토로 컴퍼니,8723732566,0.96,93.61,,
73,농업용 기계,AGCO,US19920416001,애그코,8429191381,0.99,122.3,HOLD,
73,농업용 기계,TITN,US20071206001,타이탄 머시너리,543105913,4.57,24.28,BUY,
73,농업용 기계,UAVS,US20180327006,에이지이글 에어리얼 시스템스,60484354,-2.8,0.9403,,
73,농업용 기계,ARTW,US19840907005,아츠웨이 매뉴팩처링,15612518,-1.99,2.96,,
73,농업용 기계,HYFM,US20201208003,하이드로팜 홀딩스 그룹,4695129,-3.06,0.9502,,
73,농업용 기계,IPW,US20210506001,아이파워,1374070,7.91,1.91,,
9,호텔과 리조트,MAR,US20131021001,메리어트,86744331404,1.75,340.54,BUY,
9,호텔과 리조트,HLT,US20131212003,힐튼 월드와이드 홀딩스,68492925206,1.44,310.6,BUY,
9,호텔과 리조트,LVS,US20041215002,라스베이거스 샌즈,27572090030,-1.0,42.4,BUY,
9,호텔과 리조트,IHG,US20030408001,인터컨티넨탈 호텔스 그룹(ADR),22571752214,0.85,155.13,,
9,호텔과 리조트,H,US20091105001,하얏트 호텔,15273593546,0.39,163.71,BUY,
9,호텔과 리조트,HST,US20201102001,호스트 호텔 앤 리조트,15144367490,0.54,22.36,BUY,
9,호텔과 리조트,HTHT,US20100326001,화주호텔 그룹(ADR),13023326414,1.03,43.1,BUY,
9,호텔과 리조트,MGM,US19971113001,MGM 리조트 인터내셔널,9974912423,-0.15,39.83,HOLD,
9,호텔과 리조트,LTH,US20211006010,라이프 타임 그룹 홀딩스,9217191266,0.07,41.53,BUY,
9,호텔과 리조트,WYNN,US20021025001,윈 리조트,8975809762,0.06,87.75,BUY,
9,호텔과 리조트,CZR,US20120208002,시저스 엔터테인먼트,6009333283,0.1,29.7,HOLD,
9,호텔과 리조트,BYD,US19931022001,보이드 게이밍,5560394812,0.19,77.15,BUY,
9,호텔과 리조트,WH,US20180601008,윈덤 호텔 앤 리조트,5112246887,-0.16,69.2,,
9,호텔과 리조트,MTN,US19970204003,베일 리조트,4961498409,0.3,140.51,HOLD,오아시스 이사회 도전
9,호텔과 리조트,ATAT,US20210630002,에이투어 라이프스타일 홀딩스(ADR),4382306809,0.15,32.46,BUY,
9,호텔과 리조트,CHH,US19971016001,초이스 호텔스 인터내셔널,4328958079,-0.24,96.54,HOLD,
9,호텔과 리조트,TNL,US20210217018,트래블 플러스 레저,4059892905,-0.82,66.19,BUY,
9,호텔과 리조트,VAC,US20111108001,메리어트 베케이션 월드와이드,3541311338,-1.15,102.4,BUY,
9,호텔과 리조트,HGV,US20170104001,힐튼 그랜드 베이케이션스,3049088305,-2.03,38.67,HOLD,
9,호텔과 리조트,OSW,US20190320001,원스파월드 홀딩스,2193143219,1.47,22.06,BUY,
9,호텔과 리조트,MCRI,US19930806001,모나크 카지노 앤 리조트,2171271328,0.83,122.9,HOLD,
9,호텔과 리조트,TH,US20190318002,타겟 호스피털리티,1906071186,-3.64,18.55,BUY,
9,호텔과 리조트,HBNB,NAS0250701003,호텔101 글로벌,1159546169,0.4,5.0,,
9,호텔과 리조트,INN,US20110209002,서밋 호텔 프라퍼티스,778195719,2.33,5.72,,
9,호텔과 리조트,FBYD,NAS0231006002,팰컨스 비욘드 글로벌,746023386,10.82,6.86,,
9,호텔과 리조트,MSC,US20181017004,스튜디오 시티 인터내셔널 홀딩스(ADR),370696034,-4.52,1.69,,
9,호텔과 리조트,BHR,US20180424001,브레이마 호텔 앤 리조트,197293125,1.61,1.89,HOLD,
9,호텔과 리조트,INTG,US19950818006,인터그룹,80602263,-1.17,37.3,,
9,호텔과 리조트,GHG,US20180326006,그린트리 호스피털리티 그룹(ADR),32568069,-0.97,1.02,,
9,호텔과 리조트,IHT,US19871230002,인스윗 호스피탈리티,12523061,0,1.34,,
353,여행플랫폼,BKNG,US20180227001,부킹 홀딩스,129884213618,0.82,175.34,BUY,
353,여행플랫폼,ABNB,US20201208001,에어비앤비,99730475354,0.29,170.69,BUY,
353,여행플랫폼,EXPE,US20050720001,익스피디아,33499757835,2.54,287.96,BUY,
353,여행플랫폼,TCOM,US20191105003,트립닷컴(ADR),25348280925,0.13,39.07,BUY,
353,여행플랫폼,NAVN,NAS0251030002,나반,5440491223,1.62,21.36,BUY,
353,여행플랫폼,GBTG,US20220531005,글로벌 비즈니스 트래블 그룹,4911556549,0,9.46,BUY,
353,여행플랫폼,MMYT,US20100812001,메이크마이트립,4736906584,0.92,50.55,BUY,
353,여행플랫폼,LIND,US20150713002,린드블라드 익스페디션스 홀딩스,1674198540,1.32,26.01,BUY,
353,여행플랫폼,PRSU,US19780306001,펄수 어트랙션즈 앤 호스피탤리티,1315613129,2.72,49.87,BUY,
353,여행플랫폼,TRIP,US20111207001,트립어드바이저,1058853750,1.65,9.24,HOLD,
353,여행플랫폼,TRVG,US20161216001,트리바고(ADR),394123466,3.91,5.84,HOLD,
353,여행플랫폼,YTRA,US20161219001,야트라 온라인,66780480,5.71,1.11,,
353,여행플랫폼,TZOO,US20031230002,트래블주,59624385,0,5.88,,
353,여행플랫폼,TOUR,US20140509001,투뉴(ADR),55175696,-1.17,5.05,BUY,
353,여행플랫폼,NTRP,US20220519003,넥스트트립,21291794,6.34,1.51,BUY,
23,화장품,EL,US19951117003,에스티 로더,34923876091,1.13,98.22,BUY,
23,화장품,ELF,US20160922006,엘프 뷰티,5683637639,-0.15,96.76,BUY,
23,화장품,BBWI,US20131203003,배스 앤 바디 웍스,3721747952,-3.55,17.91,HOLD,매각 추진 부각
23,화장품,IPAR,US19910820001,인터파퓸스,3565360505,0.01,112.02,HOLD,
23,화장품,COTY,US20130613002,코티,2363371576,0.74,2.72,HOLD,
23,화장품,YSG,US20201118017,얏센 홀딩(ADR),167966311,-2.64,2.58,,
23,화장품,UG,US19920317011,유나이티드 가디언,32740644,-0.14,7.16,,
23,화장품,BYAH,NAS0241227003,박 하 바이올로지컬 테크놀로지,8103101,10.08,2.62,,
23,화장품,ELAB,NAS0231121001,PMGC 홀딩스,3637033,2.21,4.62,,
99,벤처캐피탈,STEP,US20200915009,스텝스톤 그룹,5867548409,5.09,51.41,BUY,
99,벤처캐피탈,BXSL,US20211028004,블랙스톤 담보 대출 펀드,5652164839,0.98,24.65,BUY,
99,벤처캐피탈,OBDC,US20190717006,블루 아울 캐피탈 코퍼레이션,5430742064,0,11.08,BUY,
99,벤처캐피탈,OTF,NYS0250612001,블루 아울 테크놀로지 파이낸스,4877279332,-0.75,10.63,BUY,
99,벤처캐피탈,CNS,US20040813001,코헨 앤 스티어스,3830571556,-1.12,74.11,HOLD,
99,벤처캐피탈,GBDC,US20100414001,골럽 캐피탈 BDC,3300718229,0.08,12.47,BUY,금리 리스크 부담
99,벤처캐피탈,HTGC,US20050609002,허큘리스 캐피탈,3238679795,0.98,17.58,BUY,
99,벤처캐피탈,PAX,US20210122014,파트리아 인베스트먼츠,1712988410,-1.32,10.48,HOLD,
99,벤처캐피탈,TSLX,US20140325002,식스스 스트리트 스페셜티 렌딩,1695300575,2.01,18.25,BUY,
99,벤처캐피탈,CSWC,US19900327002,캐피탈 사우스웨스트,1532332669,-0.25,24.13,BUY,
99,벤처캐피탈,PSEC,US20040727001,프로스펙트 캐피탈,1240625601,-0.9,2.2,,
99,벤처캐피탈,MSDL,NYS0240124002,모건스탠리 직접금융 펀드,1229651490,0,14.71,,
99,벤처캐피탈,GSBD,US20150318001,골드만삭스 BDC,1076319135,0.1,9.63,HOLD,
99,벤처캐피탈,BBDC,US20180803001,베어링스 BDC,912686762,0,8.77,BUY,
99,벤처캐피탈,KBDC,NYS0240522003,케인 앤더슨 BDC,850637621,0.54,13.03,BUY,
99,벤처캐피탈,CGBD,US20170614001,칼라일 시큐어드 렌딩,777543583,-0.09,11.36,,
99,벤처캐피탈,BCSF,US20181114001,배인 캐피탈 스페셜티 파이낸스,739510326,-0.26,11.44,HOLD,
99,벤처캐피탈,FDUS,US20110621001,피더스 인베스트먼트,738243218,-0.31,19.51,BUY,
99,벤처캐피탈,PFLT,US20110408001,페넌트파크 플로팅 레이트 캐피탈,702129030,0,7.12,,
99,벤처캐피탈,SAR,US20070323003,사라토가 인베스트먼트,683485859,0.7,17.34,HOLD,
99,벤처캐피탈,NMFC,US20200914002,뉴 마운틴 파이낸스,679670531,0,7.24,,
99,벤처캐피탈,SLRC,US20100209001,SLR 인베스트먼트,655006339,0.25,12.11,BUY,
99,벤처캐피탈,NCDL,NYS0240125001,누빈 처칠 다이렉트 렌딩,596398329,0.58,12.22,BUY,
99,벤처캐피탈,ALTI,NAS0230104001,알티 글로벌,509929231,-2.43,3.21,,
99,벤처캐피탈,PWRL,NAS2605027006,파워로,440970366,1.46,10.41,,
99,벤처캐피탈,NEWT,US20000920001,뉴텍원,400576824,0.41,12.27,HOLD,
99,벤처캐피탈,TCPC,US20120404001,블랙록 TCP 캐피탈,339404547,-0.49,4.05,HOLD,
99,벤처캐피탈,HRZN,US20101029001,호라이즌 테크놀로지 파이낸스,326465691,0.2,4.91,BUY,
99,벤처캐피탈,RWAY,US20211021009,런웨이 그로스 파이낸스,275337298,1.66,6.72,HOLD,
99,벤처캐피탈,NSLR,US20190801001,네오스텔라 캐피털 코퍼레이션,252858240,-18.42,7.84,,
99,벤처캐피탈,SCM,US20121108003,스텔러스 캐피탈 인베스트먼트,231547049,-0.49,8.14,,
99,벤처캐피탈,LIEN,US20210727010,시카고 애틀랜틱 BDC,229991479,0.49,10.19,,
99,벤처캐피탈,RVII,NYS2608013001,로빈후드 벤처스 펀드 2,219588993,-4.73,23.15,,
99,벤처캐피탈,TPVG,US20140306003,트리플포인트 벤처 그로스 BDC,208782826,0.19,5.17,HOLD,
99,벤처캐피탈,INV,NAS0241003003,인벤처,78715109,-9.15,0.8504,,
99,벤처캐피탈,SUIG,US20220809009,수이 그룹 홀딩,75655735,3.92,1.03,,
99,벤처캐피탈,ASPS,US20090806001,알티소스 포트폴리오 솔루션즈,66004049,-1.72,5.71,BUY,
99,벤처캐피탈,OFS,US20121108002,OFS 캐피탈,51401610,1.55,3.92,,
99,벤처캐피탈,RMCO,NAS0231106003,로열티 매니지먼트 홀딩스,40415207,-3.73,2.58,,
99,벤처캐피탈,COHN,US20170905001,코헨 앤 컴퍼니,34692582,0.37,10.85,BUY,
99,벤처캐피탈,AMTD,US20220131001,AMTD 아이디어 그룹(ADR),32473710,-0.31,0.7666,,
99,벤처캐피탈,RAND,US19950818015,랜드 캐피탈,31140719,0,10.55,,
99,벤처캐피탈,GRNQ,US20180613008,그린프로 캐피털,21819138,4.87,12.7,,
29,생활용품,PG,US19500322001,P&G,335359645552,0.59,146.13,HOLD,
29,생활용품,HD,US19810922001,홈 디포,306150715555,0.69,310.87,BUY,
29,생활용품,UL,US19611212001,유니레버(ADR),132797663557,2.5,63.57,BUY,
29,생활용품,LOW,US19791219001,로우스,109754118934,0.69,198.17,BUY,
29,생활용품,MMM,US19460114001,3M,84560570891,-1.79,162.02,BUY,
29,생활용품,ROST,US19850808002,로스 스토어스,73261689769,-0.3,230.04,BUY,
29,생활용품,CL,US19510109001,콜게이트 팜올리브,68773184643,1.26,87.89,BUY,
29,생활용품,KMB,US19460822001,킴벌리클라크,32443828667,0.96,99.09,HOLD,자산 매각 준비
29,생활용품,CHD,US19900815001,처치 앤 드와이트,22196734376,0.46,94.58,BUY,
29,생활용품,GPC,US19680820001,제뉴인 파츠,18316853472,-0.35,133.21,BUY,
29,생활용품,SWK,US19660615001,스탠리 블랙 앤 데커,13394647543,-0.39,88.89,HOLD,목표가 상향
29,생활용품,AVY,US19770404001,에이버리 데니슨,12758814146,0.91,170.92,BUY,
29,생활용품,CLX,US19861023001,크로락스,10548269065,1.77,89.31,HOLD,
29,생활용품,MSA,US19880926001,MSA 세이프티,6985388783,-0.75,180.81,BUY,
29,생활용품,MIDD,US19920317005,미들비,4868202058,1.3,109.72,BUY,
29,생활용품,REYN,US20200130003,레이놀드 컨슈머 프로덕츠,4556781568,0.28,21.81,,
29,생활용품,SLGN,US20220801008,실간 홀딩스,4057632744,1.01,39.02,BUY,
29,생활용품,BBWI,US20131203003,배스 앤 바디 웍스,3721747952,-3.55,17.91,HOLD,매각 추진 부각
29,생활용품,YETI,US20181024007,예티 홀딩스,2920632360,1.42,40.83,BUY,
29,생활용품,WDFC,US19730503003,WD-40,2598773589,-1.62,191.67,BUY,
29,생활용품,NWL,US20181211001,뉴웰 브랜즈,2476340889,-1.54,5.76,HOLD,
29,생활용품,CENT,US19930715001,센트럴 가든 앤 펫,2221666537,-0.17,40.12,BUY,
29,생활용품,CENTA,US20070206001,센트럴 가든 앤 펫 A,2221666537,-0.4,34.59,BUY,
29,생활용품,SPB,US19971124001,스펙트럼 브랜즈 홀딩스,1970605139,-0.89,85.45,BUY,
29,생활용품,ENR,US20000404003,에너자이저 홀딩스,1400809600,-1.51,20.27,,
29,생활용품,TRS,US20070518001,트리마스,1367027645,-0.23,38.25,BUY,
29,생활용품,EPC,US20150702006,에지웰 퍼스널 케어,1233615337,-0.82,26.71,,
29,생활용품,WINA,US19930408002,윈마크,1101327836,-2.92,299.47,,
29,생활용품,HELE,US19900326023,헬렌 오브 트로이,620656996,2.57,27.5,,
29,생활용품,HNST,US20210504004,더 어니스트,576873619,2.4,5.54,HOLD,
29,생활용품,ESCA,US19920225003,에스컬레이드,266940390,-0.26,19.46,,
29,생활용품,LCUT,US19910612001,라이프타임 브랜즈,196042933,-3.26,8.3,,
29,생활용품,GROV,US20220617002,그로브 컬래버러티브 홀딩스,42865392,0.99,1.02,,
29,생활용품,AXIL,AMX0240214002,악실 브랜즈,41805658,-3.08,5.97,,
29,생활용품,CRWS,US20031007001,크라운 크래프츠,28341097,-3.4,2.56,,
29,생활용품,DSY,NAS0230111002,빅 트리 클라우드 홀딩스,17805455,-3.71,3.63,,
29,생활용품,UUU,US19950818040,유니버설 시큐리티 인스트루먼츠,16193900,-3.16,5.21,,
29,생활용품,DOGZ,US20171220001,도그니스 인터내셔널,15989682,0.77,0.92,,
29,생활용품,FGI,US20220112004,FGI 인더스트리스,15951119,7.7,8.95,BUY,
29,생활용품,FRTT,NAS2606008006,포트 테크놀로지,14237806,-1.84,0.9348,,
29,생활용품,TANH,US20150324005,탄테크 홀딩스,13593439,5.23,21.52,,
29,생활용품,JCTC,US19960412001,주잇 카메론 트레이딩,10239570,0,2.92,,
29,생활용품,TKLF,US20220118007,도쿄 라이프스타일(ADR),7278113,-6.94,1.61,,
29,생활용품,YHGJ,US19971105001,윈훙 그린 CTI,6872385,3.4,2.74,,
29,생활용품,YYAI,US20220615001,커넥사 스포츠 테크놀로지스,3346349,-0.6,0.7305,,분기보고서 지연
29,생활용품,SOBR,US20220516003,소버 세이프,2222611,-5.81,0.391,,
29,생활용품,LBGJ,NAS0241023006,리방 인터내셔널,1588723,-5.78,2.12,,
29,생활용품,SNYR,NAS0241023008,시너지 CHC,1489799,-9.54,0.091,BUY,
389,소프트웨어,MSFT,US19860313001,마이크로소프트,3657908784969,1.95,505.31,BUY,AI 속도조절 부담
389,소프트웨어,AVGO,US20090806002,브로드컴,1717482172444,-4.74,344.82,BUY,반도체주 강세
389,소프트웨어,ORCL,US19860312001,오라클,456320878687,-3.65,144.79,BUY,감원 재개 부담
389,소프트웨어,PLTR,US20200930014,팔란티어,399415994527,3.64,173.32,BUY,
389,소프트웨어,SAP,US19980803001,SAP(ADR),239470099985,5.78,218.28,BUY,
389,소프트웨어,CRM,US20040623001,세일즈포스,202631905816,4.73,259.43,BUY,
389,소프트웨어,NOW,US20120629001,서비스나우,136183249730,7.41,142.35,BUY,
389,소프트웨어,APP,US20210414001,앱러빈,107753265372,3.15,334.16,BUY,
389,소프트웨어,ADP,US19680131001,오토매틱 데이터 프로세싱,105920658783,3.14,276.69,HOLD,
389,소프트웨어,ADBE,US19860820001,어도비,99650801348,5.22,265.4,HOLD,매출 가이던스 하회
389,소프트웨어,INTU,US19930312001,인튜이트,85411708817,5.47,339.15,BUY,
389,소프트웨어,CDNS,US19900326003,케이던스 디자인 시스템즈,79205132337,-3.55,279.1,BUY,아웃퍼폼 개시
389,소프트웨어,SNPS,US19920303005,시놉시스,75688777251,-4.01,381.43,BUY,
389,소프트웨어,MSTR,US19980611001,스트래티지,63739517933,4.56,136.94,BUY,
389,소프트웨어,TEAM,US20151209001,아틀라시언,45212002446,7.27,192.77,BUY,
389,소프트웨어,ADSK,US19850701001,오토데스크,44121241176,7.78,228.93,BUY,
389,소프트웨어,PAYX,US19830826001,페이첵스,40971480530,2.34,118.51,HOLD,목표가 상향
389,소프트웨어,NTAP,US19951121003,넷앱,38903989899,-5.54,188.24,HOLD,목표가 상향
389,소프트웨어,ROP,US19961101001,로퍼 테크놀로지스,38190947412,1.56,394.6,BUY,보육 플랫폼 인수
389,소프트웨어,TWLO,US20160623001,트윌리오,34702680934,1.99,231.88,BUY,
389,소프트웨어,ZM,US20190417007,줌,27715936143,-0.2,95.38,BUY,
389,소프트웨어,FIS,US20010806002,피델리티 내셔널 인포메이션 서비시스,19549233125,0.1,38.18,BUY,
389,소프트웨어,U,US20200917008,유니티 소프트웨어,19228484377,-1.16,43.45,BUY,
389,소프트웨어,SSNC,US20100331001,SS&C 테크놀로지스 홀딩스,18721040840,1.21,81.24,,
389,소프트웨어,TOST,US20210921013,토스트,18452291111,3.64,33.29,BUY,
389,소프트웨어,IONQ,US20211001008,아이온큐,14511725849,2.04,37.5,BUY,
389,소프트웨어,PTC,US20131204001,PTC,14104024511,4.47,136.62,BUY,
389,소프트웨어,TYL,US19690324001,타일러 테크놀로지스,13703432467,6.79,359.54,BUY,
389,소프트웨어,FIG,NYS0250729002,피그마,12290517121,3.06,23.91,BUY,
389,소프트웨어,DOCU,US20180426001,도큐사인,12195416920,6.26,69.76,HOLD,
389,소프트웨어,MANH,US19980423001,맨해튼 어소시에이츠,11695444046,4.82,211.54,BUY,
389,소프트웨어,GWRE,US20120125001,가이드와이어 소프트웨어,11484036938,8.57,153.0,BUY,
389,소프트웨어,JKHY,US19851120001,잭 헨리 앤 어소시에이츠,11227743894,2.13,164.55,BUY,비중확대 의견
389,소프트웨어,PAYC,US20140411004,페이콤 소프트웨어,9806537242,1.8,222.85,HOLD,BMO 목표가 상향
389,소프트웨어,BSY,US20200923001,벤틀리 시스템즈,9298836901,2.36,31.7,BUY,비중확대 의견 개시
389,소프트웨어,ESTC,US20181005003,엘라스틱,8701900774,2.06,85.11,BUY,벡터DB 출시
389,소프트웨어,PCOR,US20210519011,프로코어 테크놀로지스,8043851522,6.53,56.74,BUY,비중확대 의견
389,소프트웨어,ZETA,US20210609013,제타 글로벌 홀딩스,7529452866,2.75,31.01,BUY,
389,소프트웨어,PCTY,US20140319002,페일로시티 홀딩,7470274271,4.45,147.97,BUY,
389,소프트웨어,APPF,US20150625002,앱폴리오,7338765223,6.57,222.17,BUY,
389,소프트웨어,PATH,US20210420010,유아이패스,7122244366,6.62,14.66,HOLD,
389,소프트웨어,DSGX,US19990127001,데카르트 시스템즈 그룹,6465493789,5.19,79.99,BUY,2분기 실적 호조
389,소프트웨어,DOX,US20131223001,암독스,6374111079,2.87,63.18,BUY,
389,소프트웨어,EPAM,US20120208004,이팸 시스템즈,6045575853,4.83,123.61,BUY,
389,소프트웨어,PL,US20211208011,플래닛 랩스,5948847060,-1.52,16.2,BUY,
389,소프트웨어,PEGA,US19960719001,페가시스템즈,5921748896,6.82,38.71,BUY,
389,소프트웨어,RNG,US20130927003,링센트럴,5720193432,4.93,72.32,HOLD,
389,소프트웨어,NICE,US19960125003,나이스(ADR),5702986648,8.67,106.69,BUY,
389,소프트웨어,OTEX,US19960124001,오픈 텍스트,5549437677,3.9,23.96,HOLD,
389,소프트웨어,ACIW,US19950223001,ACI 월드와이드,5226731008,1.11,52.67,BUY,
389,소프트웨어,NSIT,US19950124001,인사이트 엔터프라이즈,4823860472,-2.17,161.78,BUY,
389,소프트웨어,MRCY,US19980130001,머큐리 시스템즈,4818050430,0.47,80.99,BUY,
389,소프트웨어,OCTV,NAS2605028006,옥타브 인텔리전스,4730415724,6.15,18.82,,AI 잠식 우려 완화
389,소프트웨어,KVYO,NYS0230919001,클래비오,4629771324,6.36,17.4,BUY,
389,소프트웨어,BB,US20171016002,블랙베리,4475115708,1.04,7.75,HOLD,
389,소프트웨어,DAVE,US20220106003,데이브,4446238934,4.19,365.41,BUY,
389,소프트웨어,ONDS,US20201204002,온다스,4106454313,0,7.23,BUY,재매각 등록 부담
389,소프트웨어,CCC,NAS0221219003,CCC 인텔리전트 솔루션스 홀딩스,4033457956,-1.89,6.76,BUY,
389,소프트웨어,BILL,US20191211008,빌 홀딩스,4004788073,5.12,49.67,BUY,
389,소프트웨어,MNDY,US20210609006,먼데이닷컴,3648726433,10.66,96.1,BUY,
389,소프트웨어,EXPO,US19850425001,엑스포넌트,3176110264,2.96,69.2,,
389,소프트웨어,CR,US19850515001,크레인 NXT,2974386244,-4.19,49.81,BUY,
389,소프트웨어,AGYS,US19900326001,어질리시스,2929273273,4.42,109.11,BUY,
389,소프트웨어,INTA,US20210629007,인탭,2831161716,1.91,37.94,HOLD,
389,소프트웨어,CLBT,US20210831002,셀레브라이트 DI,2784148899,3.92,11.67,BUY,
389,소프트웨어,NN,US20211029007,넥스트내브,2546927792,2.37,15.54,BUY,
389,소프트웨어,CALX,US20100324002,캘릭스,2205337470,-1.39,34.75,BUY,
389,소프트웨어,ASAN,US20200930006,아사나,1995838159,10.15,9.66,HOLD,
389,소프트웨어,KARO,US20210330005,카루,1989079621,4.25,67.53,BUY,
389,소프트웨어,VERX,US20200728001,버텍스,1976680062,6.85,13.1,BUY,
389,소프트웨어,SBET,NAS0240214003,샤프링크 게이밍,1917197717,2.93,9.14,BUY,
389,소프트웨어,NSP,US19970129002,인스페리티,1886364017,2.56,50.96,,
389,소프트웨어,FORTY,US19971020001,포뮬러 시스템즈 1985(ADR),1868732611,1.13,124.0,,
389,소프트웨어,PRCH,US20201224001,포치 그룹,1856028240,0.36,16.51,BUY,
389,소프트웨어,PRGS,US19910614001,프로그레스 소프트웨어,1627265358,8.04,43.13,BUY,
389,소프트웨어,SDGR,US20200205003,슈뢰딩거,1414137726,9.1,20.75,BUY,
389,소프트웨어,LSPD,US20200911006,라이트스피드 커머스,1318509082,1.71,10.11,HOLD,
389,소프트웨어,HLIT,US19950523001,하모닉,1300826352,-6.33,11.24,,
389,소프트웨어,CXM,US20210622006,스프링클러,1264550241,5.66,5.79,,
389,소프트웨어,RDVT,US20180327002,레드 바이올렛,1196512275,1.64,76.25,BUY,
389,소프트웨어,EVCM,US20210630007,에버커머스,1107968476,20.29,7.59,HOLD,자사주 매입 확대
389,소프트웨어,PD,US20190410002,페이저듀티,1101427565,5.32,14.84,HOLD,
389,소프트웨어,QFIN,US20181214001,치푸 테크놀로지(ADR),1036161538,0,8.47,BUY,
389,소프트웨어,FINV,US20191129001,핀볼루션(ADR),822143334,-0.29,3.39,BUY,
389,소프트웨어,MITK,US19950526001,마이텍 시스템즈,772275060,3.89,17.89,,
389,소프트웨어,PAR,US20071116006,파 테크놀로지,739994329,0.5,18.09,BUY,
389,소프트웨어,SMWB,US20210510015,시밀러웹,707829719,6.69,8.61,BUY,
389,소프트웨어,CCSI,US20211008002,컨센서스 클라우드 솔루션즈,668975150,0.71,36.99,BUY,
389,소프트웨어,YEXT,US20170410003,이엑스트,629605712,1.25,6.48,HOLD,
389,소프트웨어,CGNT,US20210202001,코그나이트 소프트웨어,589071441,3.87,8.33,BUY,
389,소프트웨어,WEAV,US20211110017,위브 커뮤니케이션스,581337927,0.14,7.32,HOLD,
389,소프트웨어,CRNC,US20191002002,세렌스,382565267,-2.0,8.34,HOLD,
389,소프트웨어,SLP,US19970618001,시뮬레이션스 플러스,370272620,0,18.42,HOLD,
389,소프트웨어,BLND,US20210714002,블렌드 랩스,331452758,2.84,1.45,BUY,
389,소프트웨어,PLTS,NAS0250919004,플래티넘 애널리틱스,314109658,0,17.5,,
389,소프트웨어,MKTW,US20210722007,마켓와이즈,288326022,-1.2,18.17,,
389,소프트웨어,XPER,US20221003005,엑스페리,285031742,-2.21,5.75,,
389,소프트웨어,TTGT,US20070517001,테크타겟,278222548,0,3.87,,
389,소프트웨어,API,US20200626001,아고라(ADR),264329775,0,4.06,,
389,소프트웨어,ASUR,US19930804001,어슈어 소프트웨어,242544100,1.3,8.56,BUY,
389,소프트웨어,SVCO,NAS0240509005,실바코 그룹,225988660,-3.58,6.47,,
389,소프트웨어,SMRT,US20210825004,스마트렌트,220915994,0,1.16,,
389,소프트웨어,KLTR,US20210719007,칼투라,213787214,0,1.41,,
389,소프트웨어,EXFY,US20211109005,익스펜시파이,195763626,5.56,2.28,HOLD,
389,소프트웨어,DHX,US20070718001,DHI 그룹,195513545,5.96,4.8,BUY,
389,소프트웨어,PERF,US20221031015,퍼펙트,195370774,0,1.93,HOLD,
389,소프트웨어,DAVA,US20180726004,엔다바(ADR),157130486,3.09,3.0,HOLD,
389,소프트웨어,EGAN,US19990923001,이게인,136823511,-1.33,5.19,,
389,소프트웨어,ADBT,NAS2608025001,아드바사 홀딩스,112456272,-58.24,0.097,,
389,소프트웨어,TP,AMX2608007005,티켓플러스,102523462,-4.91,8.13,BUY,
389,소프트웨어,AEYE,US20180904001,오디오아이,99070447,0.88,8.0,BUY,
389,소프트웨어,MWC,NAS2605014004,마이크웨어(ADR),83861694,28.17,1.82,,
389,소프트웨어,DTCX,NAS0241029004,데이터센트렉스,80596260,-0.99,2.0,,
389,소프트웨어,THRY,US20201001013,스리브 홀딩스,79061548,11.17,1.99,HOLD,사업 매각·부채상환
389,소프트웨어,REKR,US20190430001,레코 시스템즈,62927193,3.0,0.4738,BUY,
389,소프트웨어,ACFN,NAS0250724001,에이콘 에너지,53915021,-5.14,20.5,,
389,소프트웨어,NTWK,US19940224001,넷솔 테크놀로지스,47216331,2.75,4.11,,
389,소프트웨어,ATHR,NAS0250410001,에테르 홀딩스,42085797,-5.2,3.28,,
389,소프트웨어,PHUN,US20181228001,펀웨어,41286243,-0.99,2.01,HOLD,
389,소프트웨어,SST,US20220128007,시스템1,35652713,-4.68,3.26,,
389,소프트웨어,VTSI,US20180329002,버트라,33527038,-1.68,2.93,,
389,소프트웨어,DFNS,US20200722002,T3 디펜스,28678421,-3.75,9.23,BUY,
389,소프트웨어,INLX,US20220909005,인텔리네틱스,25331394,-3.0,5.5,,
389,소프트웨어,YAAS,NAS0241220010,유신 테크놀로지,21710312,0.72,1.4,,
389,소프트웨어,BMR,NAS0230224001,비머 이미징,20837617,-0.74,1.34,BUY,
389,소프트웨어,MNDO,US20000808001,마인드 CTI,20563787,1.96,1.04,,
389,소프트웨어,FTHM,US20200730003,패덤 홀딩스,19885960,-2.26,0.5717,,
389,소프트웨어,GGRP,US20210701007,브라이트라인 인터랙티브,19627816,-10.87,0.8112,,나스닥 상폐 통보
389,소프트웨어,SMSI,US19950919001,스미스 마이크로 소프트웨어,16111924,1.03,2.93,,
389,소프트웨어,GYGY,NAS2607030002,게임 유어 게임,15019565,-2.86,1.02,,
389,소프트웨어,NEON,US19990305001,니오노드,13844987,0.59,0.8349,,
389,소프트웨어,CLRO,US19950818001,클리어원,13268998,-6.01,4.69,,
389,소프트웨어,SAGT,NAS0250307006,새그텍 글로벌,11527911,9.04,0.6008,,
389,소프트웨어,IOTR,NAS0250410006,아이오스리,11440739,-11.44,2.09,,유닛 매각 부담
389,소프트웨어,BLIN,US20070629001,브리지라인 디지털,11032887,-0.12,0.8799,,
389,소프트웨어,NVNI,US20211227011,누비니 그룹,10466966,0.39,0.9042,,
389,소프트웨어,UPLD,US20141106005,업랜드 소프트웨어,9464162,-2.8,3.13,,
389,소프트웨어,CYAB,NAS0230515007,사이브라,9055924,-9.19,0.3025,BUY,
389,소프트웨어,IFBD,US20210420011,인포버드,8057315,-0.08,0.9892,,
389,소프트웨어,ARBB,NAS0230331001,ARB IOT 그룹,7877727,-3.79,4.32,HOLD,
389,소프트웨어,NXTT,US20220719002,넥스트 테크놀로지 홀딩,7803072,9.57,5.84,,
389,소프트웨어,VS,US20210115011,벌서스 시스템스,6977534,-8.85,1.03,,
389,소프트웨어,CXAI,NAS0230315001,CX앱,6597807,-5.28,2.69,,140만달러 수주
389,소프트웨어,SVRE,US20220426014,세이버원 2014(ADR),6012754,7.44,2.6,,선반 공모 부담
389,소프트웨어,ORKT,NAS0240725004,오렌지클라우드 테크놀로지,5862246,-1.01,0.9998,HOLD,
389,소프트웨어,JTAI,US20211001012,제트AI,4419817,-0.8,1.24,,
389,소프트웨어,HTCR,US20220209005,허트코어 엔터프라이지스,2997137,-4.02,1.91,,
389,소프트웨어,MYSZ,NAS0221209002,마이 사이즈,1252598,-4.05,1.66,,
949,구인구직,BZ,US20210611001,칸준(ADR),6749498140,-5.96,15.46,BUY,
949,구인구직,FA,US20210622001,퍼스트 어드밴티지,3622416480,5.0,22.28,BUY,
949,구인구직,TNET,US20140327006,트라이넷 그룹,3011717054,4.09,68.71,,
949,구인구직,MAN,US19880503001,맨파워그룹,2609713114,2.76,58.02,HOLD,
949,구인구직,AMN,US20161027003,AMN 헬스케어 서비시스,1283393732,2.55,34.19,,목표주가 상향
949,구인구직,KFRC,US19950815001,케이포스,912068338,2.01,52.27,BUY,
949,구인구직,BBSI,US19930611001,바렛 비즈니스 서비시스,803320797,-0.48,33.19,BUY,
949,구인구직,KELYA,US19900326027,켈리 서비시스 A,569838325,2.08,16.21,,
949,구인구직,KELYB,US19950818007,켈리 서비시스 B,569838325,1.47,22.82,,
949,구인구직,TBI,US19900326070,트루블루,264765623,8.46,9.49,,
949,구인구직,HQI,US20190911001,하이어퀘스트,221736281,1.87,16.35,,
949,구인구직,BGSF,US20191114001,BGSF,54636211,0.78,5.19,,
949,구인구직,STRR,US20030317001,STAR EQUITY HOLDINGS INC,38136106,-0.48,10.35,,
949,구인구직,JOB,US19920317023,GEE 그룹,25968125,-1.64,0.2339,,
949,구인구직,YYGH,NAS0240422006,YY포스,16331770,11.72,1.43,,
949,구인구직,NIXX,US20210630011,닉시,15406513,-2.72,0.5216,,
949,구인구직,CLIK,NAS0241002004,클릭 홀딩스,11319472,-4.51,1.27,,
949,구인구직,GLXG,NAS0240912003,갤럭시 페이롤 그룹,5743303,3.17,1.0,,
949,구인구직,LGCL,NAS0240305001,루카스 GC,4077332,-2.86,3.06,,
609,드론,AVAV,US20070123001,에어로바이런먼트,7410496379,4.58,153.43,BUY,
609,드론,JOBY,US20210811006,조비 에비에이션,6312178980,-1.41,6.3,HOLD,인수사업 목표달성
609,드론,ACHR,US20210917001,아처 에비에이션,4270580986,-1.25,5.51,BUY,
609,드론,RCAT,US20210430005,레드 캣 홀딩스,1208202896,-2.26,7.78,BUY,
609,드론,UMAC,AMX0240423001,언유주얼 머신스,1139519233,-1.26,22.66,BUY,
609,드론,EVEX,US20220510003,이브 홀딩스,730827916,0.47,2.12,BUY,
609,드론,SWMR,NAS2603017002,스워머,627102423,-18.64,32.21,BUY,
609,드론,EH,US20191211003,이항 홀딩스(ADR),341486982,-0.88,4.49,BUY,
609,드론,DPRO,US20210730003,드라간플라이,207133972,-1.78,5.51,BUY,
609,드론,ZENA,NAS0241001010,제나테크,134281147,-1.97,1.49,BUY,
609,드론,EVTL,US20211216008,버티컬 에어로스페이스,89807501,9.87,0.5887,BUY,머드릭 권한 강화
609,드론,UAVS,US20180327006,에이지이글 에어리얼 시스템스,60484354,-2.8,0.9403,,
609,드론,PRZO,NAS0230727001,패러제로 테크놀로지스,20003185,-8.8,0.7079,,
609,드론,DUKR,NAS2605015001,듀크 로보틱스,18353557,-0.19,5.38,BUY,
609,드론,DFSC,NAS0221207001,DEFSEC 테크놀로지스,3790059,-8.39,1.31,,
7,여행,BKNG,US20180227001,부킹 홀딩스,129884213618,0.82,175.34,BUY,
7,여행,ABNB,US20201208001,에어비앤비,99730475354,0.29,170.69,BUY,
7,여행,MAR,US20131021001,메리어트,86744331404,1.75,340.54,BUY,
7,여행,RCL,US19930427001,로열 캐리비안 크루즈,69151251562,-1.85,255.34,BUY,
7,여행,HLT,US20131212003,힐튼 월드와이드 홀딩스,68492925206,1.44,310.6,BUY,
7,여행,EXPE,US20050720001,익스피디아,33499757835,2.54,287.96,BUY,
7,여행,CCL,US19870724001,카니발,30969746183,-0.84,22.56,BUY,
7,여행,LVS,US20041215002,라스베이거스 샌즈,27572090030,-1.0,42.4,BUY,
7,여행,TCOM,US20191105003,트립닷컴(ADR),25348280925,0.13,39.07,BUY,
7,여행,IHG,US20030408001,인터컨티넨탈 호텔스 그룹(ADR),22571752214,0.85,155.13,,
7,여행,FLUT,NYS0240129002,플러터 엔터테인먼트,17344809450,0.09,100.65,BUY,
7,여행,H,US20091105001,하얏트 호텔,15273593546,0.39,163.71,BUY,
7,여행,HST,US20201102001,호스트 호텔 앤 리조트,15144367490,0.54,22.36,BUY,
7,여행,HTHT,US20100326001,화주호텔 그룹(ADR),13023326414,1.03,43.1,BUY,
7,여행,DKNG,US20200424002,드래프트킹스,12207470236,0.44,24.85,BUY,
7,여행,MGM,US19971113001,MGM 리조트 인터내셔널,9974912423,-0.15,39.83,HOLD,
7,여행,LTH,US20211006010,라이프 타임 그룹 홀딩스,9217191266,0.07,41.53,BUY,
7,여행,WYNN,US20021025001,윈 리조트,8975809762,0.06,87.75,BUY,
7,여행,SGHC,US20220128006,슈퍼 그룹,6988956974,0.36,13.89,,
7,여행,NCLH,US20171219003,노르웨이지언 크루즈 라인 홀딩스,6763718286,-0.67,14.72,HOLD,
7,여행,RSI,US20201230014,러시 스트리트 인터랙티브,6088461984,-0.79,26.22,BUY,
7,여행,CZR,US20120208002,시저스 엔터테인먼트,6009333283,0.1,29.7,HOLD,
7,여행,RRR,US20160427002,레드 락 리조트,5834652350,-2.08,54.74,BUY,
7,여행,CHDN,US19930329001,처칠 다운스,5809464107,-0.31,83.6,BUY,
7,여행,BYD,US19931022001,보이드 게이밍,5560394812,0.19,77.15,BUY,
7,여행,NAVN,NAS0251030002,나반,5440491223,1.62,21.36,BUY,
7,여행,WH,US20180601008,윈덤 호텔 앤 리조트,5112246887,-0.16,69.2,,
7,여행,MTN,US19970204003,베일 리조트,4961498409,0.3,140.51,HOLD,오아시스 이사회 도전
7,여행,GBTG,US20220531005,글로벌 비즈니스 트래블 그룹,4911556549,0,9.46,BUY,
7,여행,MMYT,US20100812001,메이크마이트립,4736906584,0.92,50.55,BUY,
7,여행,ATAT,US20210630002,에이투어 라이프스타일 홀딩스(ADR),4382306809,0.15,32.46,BUY,
7,여행,CHH,US19971016001,초이스 호텔스 인터내셔널,4328958079,-0.24,96.54,HOLD,
7,여행,CAR,US19681202001,에이비스 버짓 그룹,4274365543,-2.6,118.58,HOLD,
7,여행,TNL,US20210217018,트래블 플러스 레저,4059892905,-0.82,66.19,BUY,
7,여행,VAC,US20111108001,메리어트 베케이션 월드와이드,3541311338,-1.15,102.4,BUY,
7,여행,HGV,US20170104001,힐튼 그랜드 베이케이션스,3049088305,-2.03,38.67,HOLD,
7,여행,PENN,US19940526001,펜 엔터테인먼트,2374516483,1.07,18.01,BUY,
7,여행,OSW,US20190320001,원스파월드 홀딩스,2193143219,1.47,22.06,BUY,
7,여행,MCRI,US19930806001,모나크 카지노 앤 리조트,2171271328,0.83,122.9,HOLD,
7,여행,MLCO,US20170406001,멜코 리조트 앤 엔터테인먼트(ADR),1908537697,-4.95,4.8,BUY,
7,여행,TH,US20190318002,타겟 호스피털리티,1906071186,-3.64,18.55,BUY,
7,여행,LIND,US20150713002,린드블라드 익스페디션스 홀딩스,1674198540,1.32,26.01,BUY,
7,여행,DVLT,NYS0251105001,엑지오 그룹,1434387007,2.06,16.35,,
7,여행,PRSU,US19780306001,펄수 어트랙션즈 앤 호스피탤리티,1315613129,2.72,49.87,BUY,
7,여행,HBNB,NAS0250701003,호텔101 글로벌,1159546169,0.4,5.0,,
7,여행,TRIP,US20111207001,트립어드바이저,1058853750,1.65,9.24,HOLD,
7,여행,INN,US20110209002,서밋 호텔 프라퍼티스,778195719,2.33,5.72,,
7,여행,FBYD,NAS0231006002,팰컨스 비욘드 글로벌,746023386,10.82,6.86,,
7,여행,HTZ,US20211109010,허츠 글로벌 홀딩스,722732203,-3.43,1.97,HOLD,목표주가 하향
7,여행,BALY,NYS0250210001,발리스 코퍼레이션,459986885,7.31,9.84,,
7,여행,TRVG,US20161216001,트리바고(ADR),394123466,3.91,5.84,HOLD,
7,여행,MSC,US20181017004,스튜디오 시티 인터내셔널 홀딩스(ADR),370696034,-4.52,1.69,,
7,여행,BHR,US20180424001,브레이마 호텔 앤 리조트,197293125,1.61,1.89,HOLD,
7,여행,JXG,NAS0230426003,JX 럭스벤처,107278535,-1.68,8.8,,
7,여행,CPHC,US19940818001,캔터베리 파크 홀딩스,81604915,0.13,15.86,,
7,여행,INTG,US19950818006,인터그룹,80602263,-1.17,37.3,,
7,여행,FLL,US19930810001,풀 하우스 리조트,73206820,-0.5,2.0,BUY,
7,여행,ROLR,AMX0241023001,하이 롤러 테크놀로지스,67417167,3.41,6.36,BUY,
7,여행,YTRA,US20161219001,야트라 온라인,66780480,5.71,1.11,,
7,여행,TZOO,US20031230002,트래블주,59624385,0,5.88,,
7,여행,TOUR,US20140509001,투뉴(ADR),55175696,-1.17,5.05,BUY,
7,여행,ELWT,NAS0251105001,엘라우윗 커넥션,47143285,2.93,7.37,,
7,여행,AHMA,NAS0251021001,앰비션스 엔터프라이즈 매니지먼트,44020508,-6.04,1.4,,
7,여행,XTIA,US20170301004,XTI 에어로스페이스,38625881,0.99,1.02,,
7,여행,GHG,US20180326006,그린트리 호스피털리티 그룹(ADR),32568069,-0.97,1.02,,
7,여행,CNTY,US19771011001,센추리 카지노,32161273,-1.74,1.13,BUY,
7,여행,NTRP,US20220519003,넥스트트립,21291794,6.34,1.51,BUY,
7,여행,IHT,US19871230002,인스윗 호스피탈리티,12523061,0,1.34,,
956,양자컴퓨터,IONQ,US20211001008,아이온큐,14511725849,2.04,37.5,BUY,
956,양자컴퓨터,QNT,NAS2606004007,퀀티넘,12831372247,0.14,49.1,BUY,
956,양자컴퓨터,RGTI,US20210422015,리게티 컴퓨팅,5065608571,0,15.27,BUY,기술주 매도세
956,양자컴퓨터,INFQ,NAS0250707002,인플렉션,2938677382,-3.96,12.6,BUY,
956,양자컴퓨터,IQMX,NAS0250602008,IQM 퀀텀 컴퓨터스(ADR),2692115257,-4.84,9.82,,
956,양자컴퓨터,QUBT,US20210715012,퀀텀 컴퓨팅,1797497014,-0.25,7.97,BUY,AI 안전성 우려
956,양자컴퓨터,HQ,AMX0221121001,호라이즌 퀀텀 홀딩스,780238184,-32.06,10.34,,
956,양자컴퓨터,XNDU,NAS0250519002,제너두 퀀텀 테크놀로지스,451235395,-6.84,8.03,,
956,양자컴퓨터,QTEX,US20210714007,큐트렉스 퀀텀,59333217,-3.91,0.8552,,
101,유통,AMZN,US19970515001,아마존,2752841195340,-1.25,253.56,BUY,
101,유통,BRK.A,US19800317002,버크셔 해서웨이 A,1086116281915,0.75,771770.02,,자회사 가치 재평가
101,유통,BRK.B,US20100121001,버크셔 해서웨이 B,1086116281915,0.9,514.95,BUY,자회사 가치 재평가
101,유통,WMT,US19701001001,월마트,844923527474,1.81,109.09,BUY,파파존스 배달확대
101,유통,COST,US19851127001,코스트코,398802601063,1.56,918.91,BUY,
101,유통,BABA,US20140915003,알리바바(ADR),270024052518,-0.06,109.23,BUY,
101,유통,SHOP,US20150527004,쇼피파이,164697664839,3.93,133.85,BUY,
101,유통,TJX,US19651117001,TJX,137774499441,-0.02,125.99,BUY,
101,유통,PDD,US20180725004,핀둬둬(ADR),110079949054,1.99,79.36,BUY,
101,유통,MELI,US20070810001,메르카도리브레,95604760218,0.15,1900.24,BUY,
101,유통,ROST,US19850808002,로스 스토어스,73261689769,-0.3,230.04,BUY,
101,유통,TGT,US19830406003,타겟,70361908339,1.84,158.7,HOLD,
101,유통,ORLY,US19930422001,오릴리 오토모티브,69002194963,1.63,87.22,BUY,
101,유통,SE,US20171019004,씨(ADR),64674056659,2.3,108.68,BUY,
101,유통,COR,US19950404001,센코라,60990563589,1.45,326.23,BUY,
101,유통,EBAY,US19980924001,이베이,47656727012,1.17,109.01,HOLD,
101,유통,AZO,US19910402002,오토존,46677939659,3.09,2965.52,BUY,
101,유통,KR,US19510112001,크로거,34647731378,4.14,60.91,BUY,
101,유통,JD,US20140522001,징동닷컴(ADR),33572184089,0.78,27.27,BUY,
101,유통,DG,US20091113001,달러 제너럴,27317050805,3.68,129.17,BUY,
101,유통,CPNG,US20210310005,쿠팡,27012852059,-0.07,15.11,BUY,
101,유통,WSM,US19900326073,윌리엄스 소노마,26482904756,1.41,229.43,BUY,
101,유통,ULTA,US20071025001,울타 뷰티,23236544946,0.32,548.53,BUY,
101,유통,VLTO,NYS0231002006,버럴토,22801236037,2.34,96.3,BUY,
101,유통,CASY,US19831020001,케이시스 제너럴 스토어스,22609332266,1.01,621.69,BUY,목표주가 하향
101,유통,DLTR,US19950306001,달러 트리,22037236311,0.83,119.15,HOLD,
101,유통,BBY,US19870720001,베스트 바이,18927295436,4.44,94.83,HOLD,
101,유통,KSPI,NAS0240119005,카스피.kz(ADR),18866218317,0.51,100.4,BUY,
101,유통,TSCO,US19940218001,트랙터 서플라이,17094784337,2.51,33.84,BUY,
101,유통,RBA,US19980310001,RB 글로벌,15385922746,0.51,84.03,BUY,
101,유통,BURL,US20131002002,벌링턴 스토어스,14923896038,-2.84,232.24,BUY,
101,유통,W,US20141001004,웨이페어,13418717667,6.31,104.79,BUY,
101,유통,FIVE,US20120719002,파이브 빌로우,13384203459,2.03,249.56,BUY,
101,유통,QXO,US20170419001,QXO INC,13077178462,-1.62,12.11,BUY,
101,유통,DKS,US20021016001,딕스 스포팅 굿즈,11934621860,-3.15,130.77,BUY,
101,유통,BJ,US20180724004,BJs 홀세일 클럽 홀딩스,11486148256,4.18,95.31,BUY,
101,유통,CART,NAS0230919002,메이플베어,11212293433,1.54,49.48,BUY,
101,유통,GME,US20020211001,게임스탑,10605211085,2.22,21.62,,
101,유통,DDS,US19890623001,딜라즈,10099659220,0.28,652.39,,
101,유통,CHWY,US20190613002,츄이,8165358639,4.45,21.35,BUY,
101,유통,URBN,US19931117001,어반 아웃피터스,6690182035,-1.97,77.03,BUY,
101,유통,ETSY,US20150415002,엣시,6637368617,2.34,74.46,HOLD,
101,유통,VIPS,US20120323001,브이아이피숍 홀딩스(ADR),5952498898,-0.24,12.44,BUY,
101,유통,ACI,US20200625005,앨버트슨 컴퍼니스,5827028353,5.3,12.72,HOLD,
101,유통,M,US19920205001,메이시스,5731658835,2.26,22.58,HOLD,연간 전망 상향
101,유통,PSMT,US19970902001,프라이스스마트,5245184520,-1.14,168.87,BUY,
101,유통,FND,US20170424002,플로어 앤 데코 홀딩스,5010532234,1.67,48.13,HOLD,
101,유통,BOOT,US20141029003,부트 반 홀딩스,4346196721,-1.07,142.84,BUY,
101,유통,OLLI,US20150716002,올리스 바겐 아웃렛 홀딩스,4343028276,4.7,77.02,BUY,
101,유통,SITE,US20160512004,사이트원 랜드스케이프 서플라이,4027414775,-3.75,89.34,BUY,
101,유통,SIG,US19500508002,시그넷 주얼러스,3818289700,0.49,100.75,BUY,목표주가 상향
101,유통,ASO,US20201002001,아카데미 스포츠 앤 아웃도어스,3388245477,-1.99,54.26,BUY,
101,유통,MNSO,US20201014003,미니소(ADR),2736073326,0,9.07,BUY,
101,유통,AAP,US20011129001,어드밴스 오토 파츠,2682236237,0.74,45.01,HOLD,
101,유통,RH,US20121102002,RH,2522909162,0.07,134.17,HOLD,
101,유통,AEO,US19940429001,아메리칸 이글 아웃피터스,2501622434,2.73,15.43,HOLD,
101,유통,ATHM,US20131211002,오토홈(ADR),2481698410,0.14,21.71,HOLD,
101,유통,BKE,US19920506001,버클,2083787377,-1.06,40.27,,
101,유통,PLBL,NAS0250808010,폴리벨리 그룹,2064764831,-2.12,5.55,,
101,유통,KSS,US19920101001,콜스,1941578862,-0.35,17.17,HOLD,
101,유통,GCT,US20220818001,기가클라우드 테크놀로지,1841008963,1.68,52.74,BUY,
101,유통,WMK,US19650604001,웨이스 마케츠,1774695435,0.67,72.64,,
101,유통,IMKTA,US19870922001,잉글스 마켓,1569197067,0.05,83.16,,
101,유통,ADIG,NYS2608004001,에이디아이 글로벌 디스트리뷰션,1549210261,-0.88,20.35,BUY,
101,유통,SVV,NYS0230628003,세이버스 밸류 빌리지,1494837498,1.13,9.86,,
101,유통,RVLV,US20190606002,리볼브,1492887059,-3.03,20.49,BUY,
101,유통,SBH,US20061113001,샐리 뷰티 홀딩스,1485111559,0.31,16.01,,
101,유통,YSWY,NAS2604022006,예스웨이,1441486519,-1.09,22.7,BUY,
101,유통,EYE,US20171025001,내셔널 비전 홀딩스,1358782301,1.21,17.5,,
101,유통,LQDT,US20060223001,리퀴디티 서비시스,1323172531,1.37,43.07,,
101,유통,REAL,US20190627002,리얼리얼,1188742878,-0.81,9.75,,
101,유통,HEPS,US20210701003,디마켓 일렉트로시티 서비시스 앤 트레이딩(ADR),1128251487,0,2.62,,
101,유통,GO,US20190619003,그로서리 아웃렛 홀딩스,1107911657,3.47,11.64,,
101,유통,LUXE,US20210120006,럭스익스피리언스 (ADR),1008185491,0.68,7.44,,
101,유통,JMIA,US20190410001,주미아 테크놀로지(ADR),922378655,-1.48,7.34,BUY,
101,유통,RERE,US20210617017,AT리뉴(ADR),866131755,-0.25,3.96,BUY,
101,유통,QVCG,NAS2608006006,QVC 그룹,837367184,-2.97,16.35,,
101,유통,GRPN,US20111104001,그루폰,757022238,2.08,19.12,,
101,유통,AHG,US20211216002,악소 헬스 그룹(ADR),719005335,-4.46,0.8018,,
101,유통,VLGEA,US19900327007,빌리지 슈퍼 마켓,636315189,3.08,44.56,,
101,유통,VTEX,US20210719012,브이텍스,610012097,1.94,3.67,BUY,
101,유통,ARKO,US20201223001,아르코,503991185,1.11,4.57,BUY,
101,유통,DDL,US20210629011,딩동 케이먼(ADR),466100706,3.74,2.22,BUY,
101,유통,ZKH,NYS0231215002,ZKH 그룹(ADR),462835175,-0.34,2.91,BUY,
101,유통,CAL,US20150601001,컬레러스,429028333,0.24,12.54,,
101,유통,SFIX,US20171116004,스티치 픽스,391209088,4.75,3.09,HOLD,
101,유통,ACCO,US19991109001,애코 브랜즈,389000435,0,4.24,,
101,유통,BNED,US20150804003,반즈 앤드 노블 에듀케이션,386916840,-2.14,10.99,BUY,
101,유통,ELA,US20191218001,엔벨라,347340014,-1.78,13.22,,
101,유통,SHOE,US19930316001,슈 스테이션 그룹,343402046,1.65,12.92,,
101,유통,TDUP,US20210325014,스레드업,340693183,3.45,2.7,BUY,
101,유통,AENT,NAS0230630001,얼라이언스 엔터테인먼트 홀딩,325295930,-6.85,5.98,BUY,실적 예상치 상회
101,유통,NEGG,US20210520001,뉴에그 커머스,305800953,-2.18,14.35,,
101,유통,DBI,US20190402004,디자이너 브랜즈,298774833,11.05,6.53,,목표주가 하향
101,유통,AZ,US20220105002,A2Z 커스투메이트 솔루션스,253360742,0.35,5.81,BUY,
101,유통,FLWS,US19990803001,1 800 플라워스닷컴,192339478,1.66,3.06,BUY,
101,유통,TONX,US20190405002,톤 스트래티지,166399213,4.28,3.17,,
101,유통,BZUN,US20150521001,바오준(ADR),157765538,-0.37,2.72,BUY,
101,유통,DIBS,US20210609002,퍼스트딥스,144667747,0.46,4.35,,
101,유통,BRLT,US20210922005,브릴리언트 어스 그룹,143707780,0,1.42,HOLD,
101,유통,TLYS,US20120504001,틸리스,139844503,6.96,4.92,HOLD,
101,유통,WSHP,NAS0251114002,위숍 홀딩스,126365625,6.86,5.61,,
101,유통,GRWG,US20191202001,그로우제너레이션,89599255,0.65,1.54,BUY,
101,유통,UPXI,US20220819002,우펙시,75925210,5.77,1.1,,
101,유통,PRTS,US20070209001,카파츠닷컴,74631855,-3.87,8.95,,
101,유통,HOUR,US20211223006,아워 루프,64373213,-3.26,1.78,,
101,유통,DIT,US19950804001,암콘 디스트리뷰팅,62842021,-5.88,60.97,,
101,유통,LITB,US20130606001,라이트인더박스 홀딩(ADR),61760288,-4.76,3.0,,
101,유통,WNW,US20201215010,메이우 테크놀로지,60452954,3.03,2.38,,
101,유통,OTH,AMX0251113007,넥스트보트,56726771,0,2.27,,
101,유통,CATO,US19870430002,케이토,47695536,-1.66,2.37,,
101,유통,SPWH,US20140416001,스포츠맨스 웨어하우스 홀딩스,46294666,-1.68,1.17,BUY,
101,유통,MATH,NAS0221213006,메탈파 테크놀로지 홀딩,41029205,16.41,1.02,,
101,유통,JFU,NAS0230118004,9F(ADR),31594400,-4.07,2.59,,
101,유통,YI,US20180911001,111(ADR),31387012,-2.23,3.5,,
101,유통,LIVE,US19950818008,라이브 벤처스,24667824,-3.47,7.8,,
101,유통,NEXR,US20220826002,넥세라 테크놀로지스,22969716,-2.58,1.51,,
101,유통,MOGU,US20181206007,모구(ADR),15290893,0,1.88,,
101,유통,ATER,US20210430002,어터리언,13802051,-3.57,0.7453,,
101,유통,CGTL,NAS0241119001,크리에이티브 글로벌 테크놀로지 홀딩스,6595906,3.89,4.01,,
101,유통,BQ,US20200928002,보치 홀딩,6263807,-5.25,0.8092,,
101,유통,TGL,US20220811005,트레저 글로벌,5304188,12.09,3.06,,주식 지급 부담
101,유통,JWEL,US20210310004,조웰 글로벌,5290117,-4.02,2.15,,
101,유통,WBUY,NAS0231019005,위바이 글로벌,4902950,7.0,0.963,,
101,유통,LESL,US20201029010,레슬리스,4672834,-1.85,0.4927,HOLD,
101,유통,RDGT,US20091001003,리지텍,2990203,1.1,0.838,,
101,유통,OCG,US20201214002,오리엔탈 컬처 홀딩,2947555,3.27,1.58,,
101,유통,YHC,NAS0230810001,LQR 하우스,1820762,-1.43,1.38,,
101,유통,SBEV,US20210611012,엔도비아 헬스 사이언스,1714821,-3.65,0.2401,,
155,부동산임대개발,CBRE,US20180320001,CBRE 그룹,40440421017,0.28,140.9,BUY,
155,부동산임대개발,LB,NYS0240627002,랜드브릿지,6654094177,-0.47,86.44,,
155,부동산임대개발,MRP,NYS0250207001,밀로즈 프라퍼티스,4899937926,-0.77,29.46,,
155,부동산임대개발,JOE,US19920310001,세인트 조,3726604235,-1.72,64.73,,
155,부동산임대개발,HHH,US20101105001,하워드 휴즈 홀딩스,3653346515,-0.99,60.94,,
155,부동산임대개발,BATRA,NAS0230719001,애틀랜타 브레이브스 홀딩스 A,3120185169,2.14,55.26,BUY,매각 절차 촉구
155,부동산임대개발,BATRK,NAS0230719002,애틀랜타 브레이브스 홀딩스 C,3120185169,2.25,49.94,HOLD,매각 절차 촉구
155,부동산임대개발,GRBK,US20211213007,그린 브릭 파트너스,2968740464,0.63,68.85,,
155,부동산임대개발,ABM,US19840719001,ABM 인더스트리스,2879673696,0.32,49.59,,목표가 상향
155,부동산임대개발,FOR,US19730314001,포레스타 그룹,1361480629,-0.07,26.83,BUY,
155,부동산임대개발,DFH,US20221010002,드림 파인더스 홈스,1104100374,3.5,12.7,HOLD,이사 자사주 매입
155,부동산임대개발,CRESY,US19970319001,크레수드(ADR),762387180,-0.16,12.12,,
155,부동산임대개발,HOV,US19830907001,호브내니언 엔터프라이지스,697577301,1.34,117.47,SELL,
155,부동산임대개발,TRC,US19920317027,테혼 랜치,435349941,-1.6,15.95,,
155,부동산임대개발,FPH,US20170508003,파이브 포인트 홀딩스,360412244,-0.59,5.02,,
155,부동산임대개발,TCI,US19860910001,트랜스컨티넨탈 리얼티 인베스터스,340972676,0.66,39.36,,
155,부동산임대개발,SEG,AMX0240801006,시포트 엔터테인먼트 그룹,323889917,-0.35,25.35,,
155,부동산임대개발,MLP,US19980511002,마우이 랜드 앤 파인애플,321535383,-0.43,16.22,,
155,부동산임대개발,ARL,US20000803001,아메리칸 리얼티 인베스터스,258143044,0,16.08,,
155,부동산임대개발,CHCI,US20041214001,컴스톡 홀딩 컴퍼니스,205101987,-3.89,19.29,,
155,부동산임대개발,XHG,US20220926001,엑스체인지 텍(ADR),154726628,-1.99,2.96,,
155,부동산임대개발,AXR,US19871210001,앰렙,121408091,-0.61,22.8,HOLD,
155,부동산임대개발,RFL,US20191121005,라파엘 홀딩스,117837923,-4.39,2.18,,
155,부동산임대개발,STHO,NAS0230331009,스타 홀딩스,111792188,-0.43,9.27,,
155,부동산임대개발,LPA,US20210330015,로지스틱 프로퍼티스 오브 디 아메리카스,106488861,-4.14,3.24,BUY,물류단지 매각 승인
155,부동산임대개발,MAYS,US19920226001,JW 메이스,80379950,0,40.11,,
155,부동산임대개발,AEI,NAS0221228001,알셋,43104720,-9.91,1.0,,
155,부동산임대개발,CKX,US19990713001,CKX 랜즈,22244443,-2.75,10.6,,
155,부동산임대개발,LRE,NAS0230331005,리드 리얼 에스테이트(ADR),17219696,-1.57,1.25,,
155,부동산임대개발,MRNO,US20220314003,무라노 글로벌 인베스트먼츠,16071737,-0.76,0.1955,,
155,부동산임대개발,AIRE,NAS0231023002,리알파 테크,8831140,1.32,1.53,BUY,
155,부동산임대개발,CWD,NAS0230517004,캘리버코스,5451884,0.86,0.5144,,
155,부동산임대개발,RENX,NAS0230928001,렌엑스엔터,4681565,-5.06,1.69,,
155,부동산임대개발,GBR,US19930326003,뉴 컨셉 에너지,3884677,-3.35,0.7361,,
155,부동산임대개발,UK,US20201118018,유커뮨 인터내셔널,1374596,-1.47,2.01,,
727,주거용 리츠,WELL,US20180228001,웰타워,168787656350,-0.6,234.21,BUY,
727,주거용 리츠,EQR,US19930812002,비브마크 레지덴셜,50404622439,1.19,66.32,BUY,
727,주거용 리츠,NLY,US19971008001,애널리 캐피탈 매니지먼트,18270105756,-0.27,21.84,,
727,주거용 리츠,ESS,US19940606001,에섹스 프라퍼티 트러스트,17432678610,1.03,275.73,HOLD,
727,주거용 리츠,INVH,US20170201002,인비테이션 홈즈,16166700021,0.18,27.59,BUY,
727,주거용 리츠,MAA,US19940128001,미드아메리카 아파트 커뮤니티,14440990905,0.65,125.6,HOLD,
727,주거용 리츠,AGNC,US20080516001,AGNC 인베스트먼트,14020188103,-0.59,10.09,HOLD,
727,주거용 리츠,SUI,US19931208002,선 커뮤니티스,13858851584,3.11,118.04,BUY,
727,주거용 리츠,ELS,US19930303001,에퀴티 라이프스타일 프로퍼티스,11588392878,2.5,61.58,BUY,
727,주거용 리츠,AMH,US20130801002,아메리칸 홈즈 포 렌트 A,11460371295,0.48,31.63,BUY,
727,주거용 리츠,UDR,US19900507001,UDR,11214083675,0.71,35.37,HOLD,
727,주거용 리츠,CPT,US19930722001,캠든 프로퍼티,10293483741,0.8,103.83,HOLD,
727,주거용 리츠,RITM,US20130502002,리듬 캐피탈,8675452342,0.31,9.77,BUY,
727,주거용 리츠,SLG,US19970815003,SL 그린 리얼티,3932118480,-2.07,51.98,HOLD,
727,주거용 리츠,IRT,US20170801002,인디펜더스 리얼티,3559150799,0.99,15.34,BUY,
727,주거용 리츠,ARR,US20071203001,아머 레지덴셜 리츠,2376877196,-1.9,15.5,,
727,주거용 리츠,DEI,US20061025001,더글러스 에밋,1786171907,-1.49,10.57,HOLD,
727,주거용 리츠,CIM,US20071116004,키메라 인베스트먼트,1775895714,-0.45,11.08,,
727,주거용 리츠,UMH,US19931206001,UMH 프라퍼티스,1588066742,0.84,15.64,BUY,
727,주거용 리츠,ABR,US20040407001,아버 리얼티,1355957352,-1.48,4.65,HOLD,
727,주거용 리츠,ADAM,US20040624001,아다마스 트러스트,1345816868,-0.77,9.02,HOLD,
727,주거용 리츠,MFA,US19980413001,MFA 파이낸셜,1271872204,-1.17,8.46,BUY,
727,주거용 리츠,ALX,US19691007001,알렉산더스,1264883776,0.57,250.61,,
727,주거용 리츠,ORC,US20141008001,오키드 아일랜드 캐피탈,1250785945,-1.58,6.23,HOLD,
727,주거용 리츠,SAFE,NYS0230331002,세이프홀드,987501360,-1.28,13.85,,
727,주거용 리츠,CSR,US20201221006,센터스페이스,973168012,0.57,58.62,BUY,
727,주거용 리츠,AHH,US20130508001,AH 리얼리티 트러스트,770169167,-1.27,6.24,BUY,
727,주거용 리츠,JBGS,US20170718001,JBG 스미스 프로퍼티스,661949196,-1.06,11.25,,
727,주거용 리츠,NXRT,US20150402002,넥스포인트 레지덴셜 트러스트,578733967,0.35,22.87,HOLD,
727,주거용 리츠,MITT,US20110630002,AG 모기지 인베스트먼트 트러스트,409783974,-0.91,6.5,,
727,주거용 리츠,AIV,US19940722001,아파트먼트 인베스트먼트 앤 매니지먼트,346445662,-1.25,2.37,,
727,주거용 리츠,BRT,US19880112001,BRT 어파트먼츠,265052456,-0.07,14.18,,
727,주거용 리츠,EARN,US20130501001,엘링턴 크레딧,161371664,-3.47,4.17,,
727,주거용 리츠,RPT,US20150603003,리듬 프로퍼티 트러스트,148355513,-2.57,12.14,,
727,주거용 리츠,ELME,US19920317029,엘름 커뮤니티스,146605739,0.6,1.67,HOLD,
727,주거용 리츠,LFT,US20201228004,루먼트 파이낸스 트러스트,74248655,-1.65,6.55,,
727,주거용 리츠,CLPR,US20170210002,클리퍼 리얼티,51710499,4.35,3.36,,
727,주거용 리츠,BHM,US20221006001,블루록 홈스 트러스트,34705166,-0.59,8.44,,
823,인공지능,NVDA,US19990122001,엔비디아,5228749138294,-3.36,210.96,BUY,AI 규제 비판
823,인공지능,GOOG,US20040819001,알파벳 C,4116289185873,3.07,345.74,BUY,AI 둔화 우려
823,인공지능,GOOGL,US20040819002,알파벳 A,4116289185873,3.24,349.48,BUY,AI 둔화 우려
823,인공지능,MSFT,US19860313001,마이크로소프트,3657908784969,1.95,505.31,BUY,AI 속도조절 부담
823,인공지능,IBM,US19490128001,IBM,227815903237,2.38,249.09,BUY,
823,인공지능,NBIS,US20110524001,네비우스 그룹,60673305384,-5.5,212.19,BUY,
823,인공지능,CBRS,NAS2605014002,세레브라스 시스템즈,45317974421,-5.6,181.18,BUY,
823,인공지능,BIDU,US20050805002,바이두(ADR),31040733831,0.55,91.9,BUY,소각용 자사주 매입
823,인공지능,TEM,NAS0240614002,템퍼스 AI,10582608598,5.42,62.21,BUY,
823,인공지능,SOUN,US20220428003,사운드하운드 AI,3028635719,3.35,6.47,,
823,인공지능,WGS,US20210723008,진DX 홀딩스,2527332389,5.25,89.74,,
823,인공지능,KEEL,US20210621001,킬 인프라스트럭처,2191308828,-3.36,3.45,BUY,
823,인공지능,AI,US20201209010,C3 AI,1684298914,5.98,11.17,HOLD,
823,인공지능,PGY,US20220623007,파가야 테크놀로지스,1655867534,7.56,21.48,BUY,
823,인공지능,BBAI,US20211208001,빅베어 AI 홀딩스,1366213266,0.35,2.88,,
823,인공지능,BRAI,NAS2602012003,브레인,1163451927,0.53,5.71,BUY,
823,인공지능,DCBO,US20201203001,도세보,601294641,4.66,25.38,BUY,
823,인공지능,CARL,NAS0250723002,칼스메드,399720065,4.14,15.34,BUY,
823,인공지능,PDYN,US20210927009,팰러다인 AI,282949392,-1.39,5.69,BUY,
823,인공지능,AIAI,NAS2605014001,AIAI 홀딩스,235980872,1.19,3.4,,
823,인공지능,VERI,US20170512002,베리톤,103839063,9.62,1.14,BUY,
823,인공지능,BZAI,NAS0250114003,블레이즈 홀딩스,80611981,3.29,0.5784,BUY,
823,인공지능,ODYS,NAS0250211005,오디사이트 AI,69417829,-2.32,3.37,BUY,
823,인공지능,BNAI,US20210422005,브랜드 인게이지먼트 네트워크,59883623,-5.73,7.57,,
823,인공지능,MDAI,US20210326005,스펙트럴 AI,51182258,0.63,1.61,BUY,
823,인공지능,VIDA,AMX2605015008,비다 글로벌,30872469,-4.23,2.04,,
823,인공지능,RYET,NAS0250408003,루안윈 에듀AI 테크놀로지,26604023,6.2,0.7625,,
823,인공지능,AIRE,NAS0231023002,리알파 테크,8831140,1.32,1.53,BUY,
823,인공지능,AMST,NAS0230222001,에임자이트,6737809,-2.91,1.0,,
823,인공지능,ALP,US20210225004,알파 컴퓨트,6223252,6.44,4.3,HOLD,
823,인공지능,CSAI,NAS0250130006,클라우드어스트럭처,3500486,-1.48,4.0,,
823,인공지능,AIXI,NAS0230309001,샤오아이(ADR),351612,-11.52,2.38,,
25,화장품제조,IPAR,US19910820001,인터파퓸스,3565360505,0.01,112.02,HOLD,
25,화장품제조,YSG,US20201118017,얏센 홀딩(ADR),167966311,-2.64,2.58,,
25,화장품제조,UG,US19920317011,유나이티드 가디언,32740644,-0.14,7.16,,
25,화장품제조,BYAH,NAS0241227003,박 하 바이올로지컬 테크놀로지,8103101,10.08,2.62,,
25,화장품제조,ELAB,NAS0231121001,PMGC 홀딩스,3637033,2.21,4.62,,
87,IT,NVDA,US19990122001,엔비디아,5228749138294,-3.36,210.96,BUY,AI 규제 비판
87,IT,GOOG,US20040819001,알파벳 C,4116289185873,3.07,345.74,BUY,AI 둔화 우려
87,IT,GOOGL,US20040819002,알파벳 A,4116289185873,3.24,349.48,BUY,AI 둔화 우려
87,IT,MSFT,US19860313001,마이크로소프트,3657908784969,1.95,505.31,BUY,AI 속도조절 부담
87,IT,AMZN,US19970515001,아마존,2752841195340,-1.25,253.56,BUY,
87,IT,AVGO,US20090806002,브로드컴,1717482172444,-4.74,344.82,BUY,반도체주 강세
87,IT,MVRS,US20120518001,메타,1640806198912,2.73,665.7,BUY,AI 안전성 우려
87,IT,INTC,US19711013001,인텔,540731649746,-5.61,97.17,HOLD,ASML 고객 전망
87,IT,ORCL,US19860312001,오라클,456320878687,-3.65,144.79,BUY,감원 재개 부담
87,IT,CSCO,US19900216001,시스코 시스템즈,439389845850,-1.85,110.05,BUY,
87,IT,PLTR,US20200930014,팔란티어,399415994527,3.64,173.32,BUY,
87,IT,DELL,US20181228002,델 테크놀로지스,358493497952,-5.82,534.28,BUY,RBC 매수의견
87,IT,BABA,US20140915003,알리바바(ADR),270024052518,-0.06,109.23,BUY,
87,IT,PANW,US20120720001,팰로 앨토 네트웍스,268824442171,13.1,373.96,BUY,
87,IT,ANET,US20140606002,아리스타 네트웍스,250194725751,-5.9,187.81,BUY,AI 관련주 강세
87,IT,SAP,US19980803001,SAP(ADR),239470099985,5.78,218.28,BUY,
87,IT,IBM,US19490128001,IBM,227815903237,2.38,249.09,BUY,
87,IT,CRWD,US20190611002,크라우드스트라이크 홀딩스,210399040889,13.91,235.49,BUY,기존주주 매각등록
87,IT,CRM,US20040623001,세일즈포스,202631905816,4.73,259.43,BUY,
87,IT,STX,US20021211002,씨게이트,188984834108,-2.92,805.93,BUY,
87,IT,WDC,US19910131001,웨스턴 디지털,160244777966,-4.53,426.94,BUY,
87,IT,NOW,US20120629001,서비스나우,136183249730,7.41,142.35,BUY,
87,IT,SNOW,US20200915015,스노우플레이크,115360783326,1.02,332.35,BUY,
87,IT,FTNT,US20091118001,포티넷,113813283661,9.0,170.12,HOLD,보안주 동반 강세
87,IT,NET,US20190912003,클라우드플레어,108484362555,7.77,330.36,BUY,
87,IT,APP,US20210414001,앱러빈,107753265372,3.15,334.16,BUY,
87,IT,ADP,US19680131001,오토매틱 데이터 프로세싱,105920658783,3.14,276.69,HOLD,
87,IT,EQIX,US20000811002,에퀴닉스,101769972836,-3.74,998.92,BUY,
87,IT,ADBE,US19860820001,어도비,99650801348,5.22,265.4,HOLD,매출 가이던스 하회
87,IT,VRT,US20200210005,버티브 홀딩스,98362331371,-7.63,237.39,BUY,
87,IT,HPE,US20151102003,휴렛 패커드 엔터프라이즈,86658576079,-10.76,55.41,BUY,AI 인프라 우호론
87,IT,INTU,US19930312001,인튜이트,85411708817,5.47,339.15,BUY,
87,IT,CDNS,US19900326003,케이던스 디자인 시스템즈,79205132337,-3.55,279.1,BUY,아웃퍼폼 개시
87,IT,DDOG,US20190918001,데이터독,78947226339,3.99,230.04,BUY,
87,IT,MSI,US19910920001,모토로라,76676737221,1.71,474.13,BUY,공공안전 수주
87,IT,SNPS,US19920303005,시놉시스,75688777251,-4.01,381.43,BUY,
87,IT,MSTR,US19980611001,스트래티지,63739517933,4.56,136.94,BUY,
87,IT,NBIS,US20110524001,네비우스 그룹,60673305384,-5.5,212.19,BUY,
87,IT,GWW,US19750729001,W W 그레인저,59922025511,-0.19,1277.51,HOLD,
87,IT,GRMN,US20211207005,가민,54181621199,-0.81,280.38,HOLD,
87,IT,CRWV,NAS0250328002,코어위브,48782321990,-6.76,82.97,,AI 인프라 강세
87,IT,CBRS,NAS2605014002,세레브라스 시스템즈,45317974421,-5.6,181.18,BUY,
87,IT,TEAM,US20151209001,아틀라시언,45212002446,7.27,192.77,BUY,
87,IT,INFY,US19990311001,인포시스(ADR),44563744511,4.79,11.6,HOLD,
87,IT,WDAY,US20170920001,워크데이,44481135873,4.54,194.14,BUY,
87,IT,ADSK,US19850701001,오토데스크,44121241176,7.78,228.93,BUY,
87,IT,CLS,US19980630001,셀레스티카,43437637644,-8.79,316.08,BUY,CFO 선임 발표
87,IT,PAYX,US19830826001,페이첵스,40971480530,2.34,118.51,HOLD,목표가 상향
87,IT,NTAP,US19951121003,넷앱,38903989899,-5.54,188.24,HOLD,목표가 상향
87,IT,AXON,US20210126001,액손 엔터프라이즈,38703183557,2.28,490.27,,
87,IT,ROP,US19961101001,로퍼 테크놀로지스,38190947412,1.56,394.6,BUY,보육 플랫폼 인수
87,IT,TWLO,US20160623001,트윌리오,34702680934,1.99,231.88,BUY,
87,IT,P,US20151007003,에버퓨어,32516999228,-4.48,93.78,BUY,
87,IT,BIDU,US20050805002,바이두(ADR),31040733831,0.55,91.9,BUY,소각용 자사주 매입
87,IT,SMCI,US20200114002,슈퍼 마이크로 컴퓨터,30799748726,-8.4,36.73,HOLD,AI 서버주 강세
87,IT,ERIC,US19890928001,에릭슨 B(ADR),30781868128,-2.62,10.04,HOLD,
87,IT,RDDT,NYS0240321001,레딧,30169529543,2.92,162.38,BUY,
87,IT,MDB,US20171018002,몽고DB,29000607163,5.58,382.42,BUY,
87,IT,OKTA,US20170404001,옥타,28930409546,11.98,186.45,BUY,사이버보안주 강세
87,IT,ZM,US20190417007,줌,27715936143,-0.2,95.38,BUY,
87,IT,CTSH,US19980619001,코그니전트 테크놀로지 솔루션즈,26862051714,6.83,64.1,BUY,
87,IT,ZS,US20180315001,지스케일러,26665622828,16.52,191.73,BUY,
87,IT,VRSN,US19980130002,베리사인,26270735544,2.06,298.73,BUY,
87,IT,FFIV,US19990604001,F5,23171987638,-0.1,411.28,HOLD,
87,IT,VRSK,US20091007001,베리스크 애널리틱스,22793817142,6.19,187.11,BUY,
87,IT,IOT,US20211214010,섬사러,22338644878,11.8,42.91,BUY,
87,IT,SNX,US20031125002,TD 시넥스,21394597360,-3.01,261.12,BUY,
87,IT,FICO,US19870731001,페어 아이작,21152478901,1.63,1001.5,BUY,
87,IT,FIS,US20010806002,피델리티 내셔널 인포메이션 서비시스,19549233125,0.1,38.18,BUY,
87,IT,BEKE,US20200812003,KE 홀딩스(ADR),19283836859,-1.36,16.7,BUY,
87,IT,U,US20200917008,유니티 소프트웨어,19228484377,-1.16,43.45,BUY,
87,IT,CDW,US20130627001,CDW,19109334931,-1.37,151.69,BUY,채권 발행 부담
87,IT,BR,US20070322001,브로드리지 파이낸셜 솔루션,19009532934,3.96,174.39,,플랫폼 개방
87,IT,SSNC,US20100331001,SS&C 테크놀로지스 홀딩스,18721040840,1.21,81.24,,
87,IT,TOST,US20210921013,토스트,18452291111,3.64,33.29,BUY,
87,IT,GEN,US20191105002,젠 디지털,18002928230,3.8,31.41,BUY,
87,IT,RBRK,NYS0240424003,루브릭,17853529223,15.64,100.2,BUY,
87,IT,NTNX,US20160930001,뉴타닉스,17711001416,2.69,67.69,BUY,
87,IT,WIT,US20001019001,위프로(ADR),16617361739,5.33,1.78,SELL,
87,IT,LDOS,US20131001003,레이도스 홀딩스,16072440019,3.08,132.83,HOLD,해군 계약 수주
87,IT,AKAM,US19991029001,아카마이 테크놀로지,15254025587,-1.19,105.52,BUY,
87,IT,DT,US20190731006,다이나트레이스,14669449656,4.44,53.34,BUY,유럽 사업 출범
87,IT,IONQ,US20211001008,아이온큐,14511725849,2.04,37.5,BUY,
87,IT,DOCN,US20210323016,디지털오션 홀딩스,14368361609,-2.23,120.21,BUY,
87,IT,PTC,US20131204001,PTC,14104024511,4.47,136.62,BUY,
87,IT,TYL,US19690324001,타일러 테크놀로지스,13703432467,6.79,359.54,BUY,
87,IT,CACI,US19790330001,CACI 인터내셔널,13644001220,2.57,637.16,BUY,
87,IT,TRMB,US19900701001,트림블,13363264838,1.89,58.75,BUY,
87,IT,CHKP,US19960628001,체크 포인트 소프트웨어 테크놀로지스,13358670415,5.2,138.49,BUY,의견 하향
87,IT,ALLE,US20131203001,얼리젼,12960971044,1.33,155.39,BUY,
87,IT,QNT,NAS2606004007,퀀티넘,12831372247,0.14,49.1,BUY,
87,IT,GIB,US19981007001,CGI,12730785037,3.85,72.91,HOLD,
87,IT,GDDY,US20150401002,고대디,12344696547,6.53,104.47,BUY,
87,IT,FIG,NYS0250729002,피그마,12290517121,3.06,23.91,BUY,
87,IT,CSGP,US19980701001,코스타 그룹,12267149923,3.48,31.52,BUY,
87,IT,DOCU,US20180426001,도큐사인,12195416920,6.26,69.76,HOLD,
87,IT,MANH,US19980423001,맨해튼 어소시에이츠,11695444046,4.82,211.54,BUY,
87,IT,ARW,US19790226001,애로우 일렉트로닉스,11545868670,-6.29,213.85,HOLD,
87,IT,GWRE,US20120125001,가이드와이어 소프트웨어,11484036938,8.57,153.0,BUY,
87,IT,IT,US19931029001,가트너,11271854797,9.73,197.07,HOLD,
87,IT,JKHY,US19851120001,잭 헨리 앤 어소시에이츠,11227743894,2.13,164.55,BUY,비중확대 의견
87,IT,HUBS,US20141009007,허브스팟,11167918154,11.22,250.61,HOLD,
87,IT,PINS,US20190417010,핀터레스트,10722559243,3.36,19.69,BUY,
87,IT,FROG,US20200915003,제이프로그,10683941011,6.68,93.0,BUY,대체 우려 완화
87,IT,TEM,NAS0240614002,템퍼스 AI,10582608598,5.42,62.21,BUY,
87,IT,PAYC,US20140411004,페이콤 소프트웨어,9806537242,1.8,222.85,HOLD,BMO 목표가 상향
87,IT,SAIL,NAS0250213009,세일포인트,9782572527,15.31,19.88,BUY,AI 감속론 수혜
87,IT,MTCH,US20151118003,매치 그룹,9671403432,1.79,43.15,HOLD,
87,IT,SNAP,US20170302002,스냅,9547499420,2.82,5.84,HOLD,
87,IT,BSY,US20200923001,벤틀리 시스템즈,9298836901,2.36,31.7,BUY,비중확대 의견 개시
87,IT,FDS,US19960628003,팩트셋 리서치 시스템즈,9180472595,6.63,276.93,HOLD,
87,IT,ESTC,US20181005003,엘라스틱,8701900774,2.06,85.11,BUY,벡터DB 출시
87,IT,PCOR,US20210519011,프로코어 테크놀로지스,8043851522,6.53,56.74,BUY,비중확대 의견
87,IT,HQY,US20140729001,헬스에퀴티,7913682243,-0.23,96.04,BUY,
87,IT,COMP,US20210331005,컴퍼스,7913069892,1.33,10.65,BUY,
87,IT,GTLB,US20211013002,깃랩,7780855762,4.81,49.25,HOLD,
87,IT,DBX,US20180322001,드롭박스,7685167636,4.92,37.31,HOLD,
87,IT,ZETA,US20210609013,제타 글로벌 홀딩스,7529452866,2.75,31.01,BUY,
87,IT,PCTY,US20140319002,페일로시티 홀딩,7470274271,4.45,147.97,BUY,
87,IT,APPF,US20150625002,앱폴리오,7338765223,6.57,222.17,BUY,
87,IT,Z,US20110720001,질로우 그룹 C,7298475864,2.09,33.18,BUY,
87,IT,ZG,US20150817001,질로우 그룹 A,7298475864,1.81,33.83,BUY,
87,IT,PATH,US20210420010,유아이패스,7122244366,6.62,14.66,HOLD,
87,IT,S,US20210629019,센티넬원,6832105418,14.48,22.61,BUY,
87,IT,DSGX,US19990127001,데카르트 시스템즈 그룹,6465493789,5.19,79.99,BUY,2분기 실적 호조
87,IT,DOX,US20131223001,암독스,6374111079,2.87,63.18,BUY,
87,IT,GDS,US20161102001,GDS 홀딩스(ADR),6321820231,-1.75,30.28,BUY,노무라 목표가 하향
87,IT,INGM,NYS0241024001,인그램 마이크로 홀딩,6316033114,-2.54,26.85,BUY,
87,IT,NOVT,US20160512002,노밴타,6283813461,-4.48,140.0,BUY,
87,IT,GLBE,US20210510004,글로벌 E,6206993412,0.83,37.49,BUY,
87,IT,EPAM,US20120208004,이팸 시스템즈,6045575853,4.83,123.61,BUY,
87,IT,NTSK,NAS0250918007,넷스코프,5969660003,15.65,17.0,BUY,
87,IT,PL,US20211208011,플래닛 랩스,5948847060,-1.52,16.2,BUY,
87,IT,PEGA,US19960719001,페가시스템즈,5921748896,6.82,38.71,BUY,
87,IT,G,US20070802002,젠팩트,5868767402,3.67,36.43,BUY,
87,IT,RNG,US20130927003,링센트럴,5720193432,4.93,72.32,HOLD,
87,IT,NICE,US19960125003,나이스(ADR),5702986648,8.67,106.69,BUY,
87,IT,YOU,US20210629020,클리어 시큐어,5678420420,0.02,42.24,BUY,
87,IT,OTEX,US19960124001,오픈 텍스트,5549437677,3.9,23.96,HOLD,
87,IT,SAIC,US20131001005,사이언스 애플리케이션 인터내셔널,5409356231,1.62,132.01,HOLD,
87,IT,CVLT,US20060922001,컴볼트 시스템즈,5357863412,7.86,140.3,BUY,
87,IT,TTAN,NAS0241212002,서비스타이탄,5242739347,7.88,58.99,,
87,IT,ACIW,US19950223001,ACI 월드와이드,5226731008,1.11,52.67,BUY,
87,IT,QLYS,US20120928001,퀄리스,5167273587,15.06,172.91,HOLD,핵심사업 압박
87,IT,VRNS,US20140228001,바로니스 시스템즈,5150941995,5.19,47.46,BUY,투자의견 하향
87,IT,ADT,US20180118002,ADT,5119074880,0.43,7.08,HOLD,
87,IT,RGTI,US20210422015,리게티 컴퓨팅,5065608571,0,15.27,BUY,기술주 매도세
87,IT,XMTR,US20210629008,조메트리,4906070267,-1.3,84.99,BUY,
87,IT,PSN,US20190507002,파슨스,4856587385,2.6,46.94,BUY,
87,IT,NSIT,US19950124001,인사이트 엔터프라이즈,4823860472,-2.17,161.78,BUY,
87,IT,MRCY,US19980130001,머큐리 시스템즈,4818050430,0.47,80.99,BUY,
87,IT,BDC,US19931124001,벨던,4748601936,-7.24,113.41,BUY,
87,IT,OCTV,NAS2605028006,옥타브 인텔리전스,4730415724,6.15,18.82,,AI 잠식 우려 완화
87,IT,KVYO,NYS0230919001,클래비오,4629771324,6.36,17.4,BUY,
87,IT,BOX,US20150122001,박스,4602324726,3.29,34.86,BUY,
87,IT,KBR,US20061116002,KBR,4584725633,0.57,36.8,BUY,
87,IT,BCO,US19930101001,브링크스,4584324153,-2.41,109.28,,
87,IT,BB,US20171016002,블랙베리,4475115708,1.04,7.75,HOLD,
87,IT,DAVE,US20220106003,데이브,4446238934,4.19,365.41,BUY,
87,IT,VNT,US20201009011,본티어,4322894881,0.56,32.35,BUY,
87,IT,ARX,NYS0250723001,엑셀러란트,4282777577,-0.05,19.83,HOLD,
87,IT,ONDS,US20201204002,온다스,4106454313,0,7.23,BUY,재매각 등록 부담
87,IT,ITRI,US19931104001,아이트론,4071303286,-1.75,91.91,BUY,
87,IT,CCC,NAS0221219003,CCC 인텔리전트 솔루션스 홀딩스,4033457956,-1.89,6.76,BUY,
87,IT,BILL,US20191211008,빌 홀딩스,4004788073,5.12,49.67,BUY,
87,IT,SYNA,US20020128001,시냅틱스,3926916090,-6.0,94.97,HOLD,
87,IT,WK,US20141212002,워키바,3886553450,5.61,75.89,BUY,목표가 상향
87,IT,RHI,US19900122002,로버트 하프,3833503372,2.79,38.73,HOLD,
87,IT,QTWO,US20140319004,Q2 홀딩스,3773653809,1.74,61.95,BUY,
87,IT,FSLY,US20190516002,패스틀리,3666918465,7.47,24.89,HOLD,
87,IT,MNDY,US20210609006,먼데이닷컴,3648726433,10.66,96.1,BUY,
87,IT,LIF,NAS0240606003,라이프360,3456402578,3.75,44.28,BUY,
87,IT,MGNI,US20200701003,매그나이트,3388429157,0.25,23.83,BUY,
87,IT,TENB,US20180725005,테너블 홀딩스,3296117485,16.54,35.09,HOLD,
87,IT,OSIS,US19971002001,OSI 시스템즈,3236949798,-2.18,199.83,BUY,
87,IT,WIX,US20131105003,Wix 닷컴,3185317094,8.75,83.28,BUY,
87,IT,EXPO,US19850425001,엑스포넌트,3176110264,2.96,69.2,,
87,IT,FRSH,US20210921006,프레시웍스,3083453702,6.31,12.64,BUY,
87,IT,SOUN,US20220428003,사운드하운드 AI,3028635719,3.35,6.47,,
87,IT,KC,US20200507002,킹소프트 클라우드 홀딩스(ADR),2990778713,-1.41,9.82,BUY,
87,IT,CR,US19850515001,크레인 NXT,2974386244,-4.19,49.81,BUY,
87,IT,MMS,US19970613003,막시무스,2962053489,4.27,59.35,,
87,IT,SPSC,US20100422003,SPS 커머스,2958366597,0.52,83.11,HOLD,GTCR 인수 협의
87,IT,INFQ,NAS0250707002,인플렉션,2938677382,-3.96,12.6,BUY,
87,IT,AGYS,US19900326001,어질리시스,2929273273,4.42,109.11,BUY,
87,IT,CSQR,NYS2607016001,씨스퀘어,2885085254,-0.63,17.31,BUY,
87,IT,REZI,US20181029002,레지디오 테크놀로지스,2884130497,1.67,19.43,BUY,
87,IT,KD,US20211104019,킨드릴 홀딩스,2846865607,3.19,13.57,HOLD,헬스케어 IT 인수
87,IT,INTA,US20210629007,인탭,2831161716,1.91,37.94,HOLD,
87,IT,CLBT,US20210831002,셀레브라이트 DI,2784148899,3.92,11.67,BUY,
87,IT,IAC,US20160121001,피플 인코포레이티드,2776130713,3.89,38.97,BUY,
87,IT,NTCT,US19990812001,넷스카우트 시스템즈,2749664285,-1.76,37.38,BUY,
87,IT,BRZE,US20211116002,브레이즈,2702650329,6.98,25.61,,
87,IT,ALRM,US20150625001,알람닷컴 홀딩스,2701083768,0.09,55.41,BUY,
87,IT,OPEN,US20201221005,오픈도어 테크놀로지스,2692843271,0,2.79,HOLD,
87,IT,IQMX,NAS0250602008,IQM 퀀텀 컴퓨터스(ADR),2692115257,-4.84,9.82,,
87,IT,AVPT,US20210702001,에이브포인트,2662105882,7.35,13.59,BUY,
87,IT,GRND,NYS0221118001,그라인더,2639803431,2.95,15.73,BUY,
87,IT,PENG,US20170524002,펭귄 솔루션스,2605610254,-8.97,46.57,BUY,
87,IT,DGII,US19891005001,디지 인터내셔널,2603604992,-3.52,66.6,BUY,
87,IT,TDC,US20070912001,테라데이타,2573351443,5.5,29.37,HOLD,
87,IT,NN,US20211029007,넥스트내브,2546927792,2.37,15.54,BUY,
87,IT,WGS,US20210723008,진DX 홀딩스,2527332389,5.25,89.74,,
87,IT,APPN,US20170522001,애피안,2474611756,10.21,38.31,HOLD,
87,IT,DJT,US20210930006,트럼프 미디어 & 테크놀로지 그룹,2392312218,1.96,8.83,,
87,IT,PLUS,US19961115001,이플러스,2381291402,1.1,92.84,,
87,IT,FIVN,US20140403001,파이브나인,2277070405,3.59,31.76,BUY,
87,IT,RAMP,US20181002003,라이브램프 홀딩스,2271969524,0.13,37.65,HOLD,
87,IT,NCNO,US20200714005,엔시노,2233209407,4.38,22.18,BUY,
87,IT,CALX,US20100324002,캘릭스,2205337470,-1.39,34.75,BUY,
87,IT,KEEL,US20210621001,킬 인프라스트럭처,2191308828,-3.36,3.45,BUY,
87,IT,ALKT,US20210413001,알카미 테크놀로지,2180021635,-3.02,19.89,BUY,
87,IT,CNXN,US20161024001,PC 커넥션,2151237374,-0.27,85.53,,
87,IT,BLKB,US20040722001,블랙보드,2051769121,0.42,45.67,BUY,
87,IT,ASAN,US20200930006,아사나,1995838159,10.15,9.66,HOLD,
87,IT,BXDC,NYS2605014001,블랙스톤 디지털 인프라스트럭처 트러스트,1990734616,-1.91,19.52,BUY,
87,IT,KARO,US20210330005,카루,1989079621,4.25,67.53,BUY,
87,IT,VERX,US20200728001,버텍스,1976680062,6.85,13.1,BUY,
87,IT,SBET,NAS0240214003,샤프링크 게이밍,1917197717,2.93,9.14,BUY,
87,IT,ZD,US20211008007,지프 데이비스,1915886979,2.03,57.36,BUY,
87,IT,NSP,US19970129002,인스페리티,1886364017,2.56,50.96,,
87,IT,FORTY,US19971020001,포뮬러 시스템즈 1985(ADR),1868732611,1.13,124.0,,
87,IT,PRCH,US20201224001,포치 그룹,1856028240,0.36,16.51,BUY,
87,IT,INOD,US19930810002,이노데이터,1818358623,3.66,55.16,BUY,
87,IT,DXC,US20170403001,DXC 테크놀로지,1808795630,6.41,12.12,HOLD,
87,IT,QUBT,US20210715012,퀀텀 컴퓨팅,1797497014,-0.25,7.97,BUY,AI 안전성 우려
87,IT,VNET,US20110421002,브이넷 그룹(ADR),1791122755,-2.69,6.16,BUY,
87,IT,ATEN,US20140321001,A10 네트웍스,1785406859,3.52,25.61,BUY,
87,IT,CNXC,US20201201002,콘센트릭스,1712663627,3.65,29.27,BUY,
87,IT,AI,US20201209010,C3 AI,1684298914,5.98,11.17,HOLD,
87,IT,PGY,US20220623007,파가야 테크놀로지스,1655867534,7.56,21.48,BUY,
87,IT,MGRT,NAS0250716003,메가 포춘 컴퍼니,1645759140,-1.35,118.8,,
87,IT,BL,US20161028001,블랙라인,1637815471,6.84,30.29,HOLD,
87,IT,OPRA,US20180726003,오페라(ADR),1628838370,0.71,18.43,,
87,IT,PRGS,US19910614001,프로그레스 소프트웨어,1627265358,8.04,43.13,BUY,
87,IT,GLOB,US20140718002,글로번트,1620100853,7.26,40.49,HOLD,
87,IT,WB,US20140417002,웨이보(ADR),1618080553,0.3,6.65,HOLD,
87,IT,AMPL,US20210927001,앰플리튜드,1563115073,8.5,13.66,BUY,
87,IT,DXYZ,NYS0240326001,데스티니 테크 100,1520957253,-1.68,31.57,,
87,IT,APPS,US20150121001,디지털 터빈,1420497623,-0.68,11.73,BUY,
87,IT,SDGR,US20200205003,슈뢰딩거,1414137726,9.1,20.75,BUY,
87,IT,BBAI,US20211208001,빅베어 AI 홀딩스,1366213266,0.35,2.88,,
87,IT,LSPD,US20200911006,라이트스피드 커머스,1318509082,1.71,10.11,HOLD,
87,IT,BRUN,NAS0241230003,부스트 런,1313825502,-12.39,14.57,BUY,
87,IT,HLIT,US19950523001,하모닉,1300826352,-6.33,11.24,,
87,IT,NSSC,US19900326037,냅코 시큐리티 테크놀로지스,1289064609,-1.05,35.88,,
87,IT,EFOR,US19920922001,에버포스,1282411849,8.2,34.05,HOLD,
87,IT,CXM,US20210622006,스프링클러,1264550241,5.66,5.79,,
87,IT,RDVT,US20180327002,레드 바이올렛,1196512275,1.64,76.25,BUY,
87,IT,VYX,US19811231001,NCR 보익스,1173308025,-3.39,8.26,BUY,
87,IT,RDWR,US19990930001,라드웨어,1166950823,5.73,29.5,BUY,
87,IT,SCSC,US19940318001,스캔소스,1164971709,0.58,58.53,HOLD,
87,IT,BRAI,NAS2602012003,브레인,1163451927,0.53,5.71,BUY,
87,IT,YELP,US20120302001,옐프,1147697186,2.58,21.83,HOLD,
87,IT,EVCM,US20210630007,에버커머스,1107968476,20.29,7.59,HOLD,자사주 매입 확대
87,IT,PD,US20190410002,페이저듀티,1101427565,5.32,14.84,HOLD,
87,IT,TUYA,US20210317016,투야(ADR),1097341067,-0.56,1.79,BUY,
87,IT,UPWK,US20181002001,업워크,1082524031,-0.46,8.68,HOLD,
87,IT,QFIN,US20181214001,치푸 테크놀로지(ADR),1036161538,0,8.47,BUY,
87,IT,LZ,US20210630009,리걸줌,1029841620,3.8,6.28,BUY,
87,IT,TBLA,US20210630012,타불라,1020338252,2.89,3.91,BUY,
87,IT,SIFY,US19991019003,시피 테크놀로지스(ADR),992069953,-1.16,13.62,,
87,IT,QMCO,US20200203005,퀀텀,923628168,-3.18,22.83,BUY,
87,IT,EVLV,US20210719004,이볼브 테크놀로지스,891114002,4.24,5.16,BUY,
87,IT,NXDR,US20211108006,넥스트도어 홀딩스,872797688,4.85,2.38,HOLD,
87,IT,SABR,US20140417001,세이버,870441824,0,2.17,HOLD,
87,IT,EVER,US20180627001,에버쿼트,843085089,0.21,24.03,BUY,
87,IT,BKSY,US20210910002,블랙스카이 테크놀로지,838324132,0.92,20.8,BUY,광학위성 기술공급
87,IT,ODD,NAS0230719003,오더티 테크,838021756,2.95,18.82,HOLD,
87,IT,YALA,US20200929004,얄라 그룹(ADR),829973654,-0.36,5.48,,
87,IT,FINV,US20191129001,핀볼루션(ADR),822143334,-0.29,3.39,BUY,
87,IT,RXT,US20200804004,랙스페이스 테크놀로지,815692312,8.39,3.49,,
87,IT,RSKD,US20210728014,리스키파이드,809902774,3.28,6.29,BUY,
87,IT,HQ,AMX0221121001,호라이즌 퀀텀 홀딩스,780238184,-32.06,10.34,,
87,IT,MITK,US19950526001,마이텍 시스템즈,772275060,3.89,17.89,,
87,IT,BLZE,US20211110007,백블레이즈,762885317,3.63,12.85,BUY,
87,IT,TASK,US20210610007,테스크어스,741786951,1.23,8.24,,
87,IT,PAR,US20071116006,파 테크놀로지,739994329,0.5,18.09,BUY,
87,IT,WYFI,NAS0250807007,화이트파이버,739024507,-8.25,17.56,BUY,
87,IT,REAX,US20210615008,리얼 브로커리지,736991401,-2.32,19.81,BUY,
87,IT,MOMO,US20141211004,헬로 그룹(ADR),726895485,-0.2,4.94,BUY,
87,IT,NABL,US20210720010,N 에이블,724736433,8.03,4.17,HOLD,
87,IT,SMWB,US20210510015,시밀러웹,707829719,6.69,8.61,BUY,
87,IT,CASS,US19960102002,캐스 인포메이션 시스템즈,702339621,0.92,55.69,BUY,
87,IT,RPD,US20150717002,래피드7,690668434,23.96,12.78,HOLD,
87,IT,CCSI,US20211008002,컨센서스 클라우드 솔루션즈,668975150,0.71,36.99,BUY,
87,IT,SPT,US20191212002,스프라웃 소셜,650410412,7.69,11.63,BUY,
87,IT,GDYN,US20200306001,그리드 다이내믹스 홀딩스,643449685,3.01,8.22,BUY,
87,IT,YEXT,US20170410003,이엑스트,629605712,1.25,6.48,HOLD,
87,IT,CARS,US20170601001,카스닷컴,617729589,0.86,11.71,BUY,
87,IT,OSPN,US20180604001,원스팬,617177278,3.98,17.52,,
87,IT,DCBO,US20201203001,도세보,601294641,4.66,25.38,BUY,
87,IT,NTGR,US20030731001,넷기어,600509931,-3.51,21.45,BUY,
87,IT,NRDS,US20211104017,너드월릿,599124316,0.64,9.49,BUY,
87,IT,CGNT,US20210202001,코그나이트 소프트웨어,589071441,3.87,8.33,BUY,
87,IT,WEAV,US20211110017,위브 커뮤니케이션스,581337927,0.14,7.32,HOLD,
87,IT,VRRM,US20181018004,베라 모빌리티,536252991,2.25,3.63,HOLD,
87,IT,HKD,US20220715002,AMTD 디지털(ADR),527897340,1.78,1.72,,
87,IT,LAES,NAS0230524001,실SQ,526973020,-2.94,2.31,,상반기 매출 급증
87,IT,IBEX,US20200806004,아이벡스,525270964,1.73,40.49,,베어드 목표가 상향
87,IT,CLMB,US20221031003,클라임 글로벌 솔루션즈,510042220,2.84,28.28,BUY,
87,IT,BMBL,US20210210003,범블,455010546,-0.67,2.97,HOLD,
87,IT,XNDU,NAS0250519002,제너두 퀀텀 테크놀로지스,451235395,-6.84,8.03,,
87,IT,MTLS,US20140625001,머티리얼라이즈(ADR),448524904,-0.13,7.63,BUY,
87,IT,ACTG,US20021216001,아카시아 리서치,438723992,-1.75,4.49,,
87,IT,CIX,US19980306001,콤프엑스 인터내셔널,437123290,7.01,38.15,,
87,IT,RMNI,US20171011004,리미니 스트리트,421254943,3.74,4.71,BUY,
87,IT,BTQ,NAS0250926001,비티큐 테크놀로지스,413970506,0,2.83,BUY,
87,IT,CINT,US20211109003,CI&T,413778419,-1.24,3.19,BUY,
87,IT,AIOT,US20191003002,파워플리트,400225319,1.67,3.05,BUY,
87,IT,CARL,NAS0250723002,칼스메드,399720065,4.14,15.34,BUY,
87,IT,MRAM,US20161007001,에버스핀 테크놀로지,392551732,-9.19,14.73,BUY,
87,IT,CRNC,US20191002002,세렌스,382565267,-2.0,8.34,HOLD,
87,IT,GRRR,US20220714001,고릴라 테크놀로지 그룹,371577607,-2.58,13.24,BUY,
87,IT,SLP,US19970618001,시뮬레이션스 플러스,370272620,0,18.42,HOLD,
87,IT,ALLT,US20061116001,앨럿,365661066,11.17,8.36,BUY,
87,IT,SLNH,US20211104022,솔루나 홀딩스,353646985,-3.36,1.15,,카티 1 설비 가동
87,IT,GOGO,US20130621001,고고,352868349,1.53,2.66,HOLD,
87,IT,ARQQ,US20210907002,아킷 퀀텀,346793318,-18.6,16.32,,
87,IT,BLND,US20210714002,블렌드 랩스,331452758,2.84,1.45,BUY,
87,IT,FVRR,US20190612002,파이버 인터내셔널,322657944,2.77,9.28,HOLD,
87,IT,PLTS,NAS0250919004,플래티넘 애널리틱스,314109658,0,17.5,,
87,IT,XNET,US20140624002,쉰레이(ADR),310003951,-0.2,4.89,,
87,IT,ZIP,US20210525017,집리크루터,305652920,5.61,3.95,HOLD,
87,IT,TLS,US20201119006,텔로스,293412393,8.61,4.29,BUY,
87,IT,BIGC,US20200804001,커머스닷컴,288652009,4.29,3.65,HOLD,
87,IT,MKTW,US20210722007,마켓와이즈,288326022,-1.2,18.17,,
87,IT,XPER,US20221003005,엑스페리,285031742,-2.21,5.75,,
87,IT,RCMT,US19950818016,RCM 테크놀로지스,283475508,-0.15,40.05,,
87,IT,PDYN,US20210927009,팰러다인 AI,282949392,-1.39,5.69,BUY,
87,IT,TTGT,US20070517001,테크타겟,278222548,0,3.87,,
87,IT,API,US20200626001,아고라(ADR),264329775,0,4.06,,
87,IT,EGHT,US20171208001,8X8,264142751,0.54,1.85,HOLD,
87,IT,LAW,US20210720007,CS 디스코,262614240,4.67,4.26,,
87,IT,TSSI,NAS0241114004,TSS,250461558,-5.38,8.45,BUY,
87,IT,III,US20070212001,인포메이션 서비시스 그룹,249735579,3.85,5.39,,
87,IT,ZH,US20210326014,즈후(ADR),244856886,2.11,2.9,,자사주 매입 확대
87,IT,LTRX,US20000804004,렌트로닉스,243245316,-3.63,5.05,BUY,
87,IT,CNDT,US20191223001,컨듀언트,242680598,1.27,1.59,,
87,IT,ASUR,US19930804001,어슈어 소프트웨어,242544100,1.3,8.56,BUY,
87,IT,AIAI,NAS2605014001,AIAI 홀딩스,235980872,1.19,3.4,,
87,IT,BETR,US20210426002,베터 홈 앤 파이낸스 홀딩,226183924,-1.7,12.73,,
87,IT,SVCO,NAS0240509005,실바코 그룹,225988660,-3.58,6.47,,
87,IT,SMRT,US20210825004,스마트렌트,220915994,0,1.16,,
87,IT,KLTR,US20210719007,칼투라,213787214,0,1.41,,
87,IT,QMLS,NAS2607016003,큐물러스AI,212497802,-9.08,5.81,BUY,
87,IT,EXFY,US20211109005,익스펜시파이,195763626,5.56,2.28,HOLD,
87,IT,DHX,US20070718001,DHI 그룹,195513545,5.96,4.8,BUY,
87,IT,PERF,US20221031015,퍼펙트,195370774,0,1.93,HOLD,
87,IT,CXDO,US20200708003,크레센도,189053229,0.52,5.75,,
87,IT,SSTK,US20121011004,셔터스톡,185082210,4.37,5.26,HOLD,
87,IT,TRAK,US20131029001,리퍼지트랙,181952279,3.88,8.31,,
87,IT,DOMO,US20180629001,도모,179051335,2.35,3.92,HOLD,
87,IT,DFDV,NAS0230725003,디파이 디벨롭먼트,175995427,2.56,5.21,,솔라나 보유 확대
87,IT,UIS,US19840531001,유니시스,175381934,3.31,2.5,,
87,IT,DAVA,US20180726004,엔다바(ADR),157130486,3.09,3.0,HOLD,
87,IT,DOUG,US20211230005,더글러스 엘리먼,156282873,0.58,1.74,,
87,IT,EGAN,US19990923001,이게인,136823511,-1.33,5.19,,
87,IT,ZENA,NAS0241001010,제나테크,134281147,-1.97,1.49,BUY,
87,IT,JLHL,NAS0250626011,쥐룽 홀딩,129826638,-4.6,5.81,,
87,IT,BVC,US20210326002,비트벤처스 리미티드,127656766,-5.72,15.16,,
87,IT,TCX,US20131230001,투카우스,120142442,-2.87,10.5,,
87,IT,ADBT,NAS2608025001,아드바사 홀딩스,112456272,-58.24,0.097,,
87,IT,DMRC,US20081017001,디지마크,111692235,1.0,5.05,,
87,IT,WYY,US19980519001,와이드포인트,107621635,2.77,11.13,BUY,
87,IT,VERI,US20170512002,베리톤,103839063,9.62,1.14,BUY,
87,IT,WRAP,US20201201004,랩 테크놀로지스,103152409,-1.79,1.65,,
87,IT,TP,AMX2608007005,티켓플러스,102523462,-4.91,8.13,BUY,
87,IT,AEYE,US20180904001,오디오아이,99070447,0.88,8.0,BUY,
87,IT,CMCM,US20140508003,치타 모바일(ADR),94256646,-1.62,3.04,,광고 부진 손실 확대
87,IT,MHH,US20080919001,메스테크 디지털,89187471,-2.81,7.26,,
87,IT,YRD,US20151218002,이렌 디지털(ADR),87825185,-1.0,0.9999,,
87,IT,ATGL,NAS0231031002,알파 테크놀로지 그룹,86719862,-3.4,5.12,,
87,IT,BARK,US20210602004,바크,86103243,-4.69,9.14,BUY,
87,IT,MWC,NAS2605014004,마이크웨어(ADR),83861694,28.17,1.82,,
87,IT,BZAI,NAS0250114003,블레이즈 홀딩스,80611981,3.29,0.5784,BUY,
87,IT,DTCX,NAS0241029004,데이터센트렉스,80596260,-0.99,2.0,,
87,IT,THRY,US20201001013,스리브 홀딩스,79061548,11.17,1.99,HOLD,사업 매각·부채상환
87,IT,FATN,NAS0250408001,팻파이프,78777982,1.07,5.67,BUY,
87,IT,CSPI,US19820129001,CSP,77749385,2.19,7.93,,
87,IT,SSTI,US20170607001,사운드싱킹,73399099,4.1,5.84,HOLD,
87,IT,INSG,US20161109011,인시고,72953016,-2.91,4.34,,
87,IT,RSSS,US20200323001, 리서치 솔루션즈,71812073,-7.01,1.99,,
87,IT,ODYS,NAS0250211005,오디사이트 AI,69417829,-2.32,3.37,BUY,
87,IT,ZBAO,NAS0240402009,즈바오 테크놀로지,66532740,-22.82,0.115,,
87,IT,AISP,US20210510003,에어십 AI 홀딩스,66405839,-1.03,1.92,,
87,IT,HWH,US20220324001,HWH 인터내셔널,63522517,-2.33,2.1,,
87,IT,REKR,US20190430001,레코 시스템즈,62927193,3.0,0.4738,BUY,
87,IT,TTEC,US19960801001,TTEC 홀딩스,62224554,-1.57,1.25,HOLD,
87,IT,SPCB,US20130918002,슈퍼컴,62172332,1.0,10.06,,
87,IT,INVE,US19971007002,아이덴티브,62147426,0.39,2.59,HOLD,
87,IT,MOB,US20220824003,모빌리콤,60145298,-3.97,4.6,BUY,
87,IT,BNAI,US20210422005,브랜드 인게이지먼트 네트워크,59883623,-5.73,7.57,,
87,IT,QTEX,US20210714007,큐트렉스 퀀텀,59333217,-3.91,0.8552,,
87,IT,CTM,US20221013001,카스텔럼,58491286,1.0,0.6271,,
87,IT,SDA,US20210416003,선카 테크놀로지 그룹,55621505,1.64,0.5576,BUY,
87,IT,SEAT,US20211019007,비비드 시츠,55305026,-5.25,4.69,HOLD,
87,IT,ACFN,NAS0250724001,에이콘 에너지,53915021,-5.14,20.5,,
87,IT,IDN,US20200203002,인텔리체크,52372611,-1.54,2.56,BUY,
87,IT,MDAI,US20210326005,스펙트럴 AI,51182258,0.63,1.61,BUY,
87,IT,WKEY,US20191204004,와이즈키 인터내셔널 홀딩(ADR),50874025,-2.99,6.17,BUY,
87,IT,SOGP,US20200116002,사운드 그룹(ADR),49377336,-2.7,11.54,,
87,IT,AREN,US20220209001,파라디움 AI,48740310,-8.69,0.9405,HOLD,
87,IT,NTWK,US19940224001,넷솔 테크놀로지스,47216331,2.75,4.11,,
87,IT,MLGO,NAS0221213007,마이크로알고,45120252,-8.77,3.33,,
87,IT,ATHR,NAS0250410001,에테르 홀딩스,42085797,-5.2,3.28,,
87,IT,PHUN,US20181228001,펀웨어,41286243,-0.99,2.01,HOLD,
87,IT,ZDGE,US20160602005,제지,40266020,-4.19,2.97,,
87,IT,JG,US20180725002,오로라 모바일(ADR),38519353,-0.46,6.47,,
87,IT,SNT,US20210930012,센스타 테크놀로지스,38262766,0.61,1.66,,
87,IT,SST,US20220128007,시스템1,35652713,-4.68,3.26,,
87,IT,FIEE,US20210707001,파이이,33567558,-2.78,3.85,,
87,IT,MNY,US20201207001,머니히어로,33563580,1.36,0.7703,,수익성 개선
87,IT,VTSI,US20180329002,버트라,33527038,-1.68,2.93,,
87,IT,KSCP,US20220127003,나이트스코프,31807966,-0.74,1.34,,
87,IT,CLPS,US20180523001,CLPS,30994785,0,1.04,,
87,IT,VIDA,AMX2605015008,비다 글로벌,30872469,-4.23,2.04,,
87,IT,EHTH,US20061013001,이헬스,29675794,-0.8,0.9246,,
87,IT,DFNS,US20200722002,T3 디펜스,28678421,-3.75,9.23,BUY,
87,IT,ANY,US20140707001,스피어 3D,28362225,8.15,2.92,,사모 발행 프리미엄
87,IT,ATCH,US20210310009,아틀라스클리어 홀딩스,26925875,0.5,0.1811,BUY,
87,IT,RYET,NAS0250408003,루안윈 에듀AI 테크놀로지,26604023,6.2,0.7625,,
87,IT,AWRE,US19960809001,어웨어,26449345,1.64,1.24,,
87,IT,INLX,US20220909005,인텔리네틱스,25331394,-3.0,5.5,,
87,IT,NXPL,US20220121004,넥스트플랫,24270278,3.11,9.28,BUY,
87,IT,PAPL,AMX0231027004,파인애플 파이낸셜,23763465,0.43,0.9502,,
87,IT,HKIT,NAS0230331004,하이텍 글로벌,21806515,4.1,2.54,,
87,IT,YAAS,NAS0241220010,유신 테크놀로지,21710312,0.72,1.4,,
87,IT,PDC,NAS0230725002,PERPETUALS.COM LTD SPON ADS EACH REP 5 ORD SHS (POST SPLIT),21546488,-5.0,3.04,,
87,IT,BMR,NAS0230224001,비머 이미징,20837617,-0.74,1.34,BUY,
87,IT,INTZ,US20201009002,인트루전,20582254,4.69,0.8846,,
87,IT,MNDO,US20000808001,마인드 CTI,20563787,1.96,1.04,,
87,IT,FTHM,US20200730003,패덤 홀딩스,19885960,-2.26,0.5717,,
87,IT,GGRP,US20210701007,브라이트라인 인터랙티브,19627816,-10.87,0.8112,,나스닥 상폐 통보
87,IT,DUO,US20191030006,팡둬둬 네트워크 그룹,19578270,-7.77,0.4713,,
87,IT,SMX,NAS0230308004,SMX(시큐리티 매터스),18523463,-0.35,17.06,,
87,IT,OPAD,US20210902006,오퍼패드 솔루션스,18252600,-3.68,3.66,HOLD,
87,IT,FOXX,US20220801011,폭스 디벨롭먼트 홀딩스,18195603,0,2.6,,
87,IT,IDAI,NAS0230323003,T 스탬프,17935826,-2.81,3.11,,
87,IT,JF,US20181024008,제이 앤 프렌즈 홀딩스 (ADR),17564812,-0.11,0.95,,
87,IT,FUSE,NAS0251023001,퓨즈머신스,17371689,-2.02,0.5908,,
87,IT,IPM,US20210803008,인텔리전트 프로텍션 매니지먼트,16883713,3.19,1.94,,
87,IT,SMSI,US19950919001,스미스 마이크로 소프트웨어,16111924,1.03,2.93,,
87,IT,CHOW,AMX0250916003,차우차우 클라우드,15880289,-0.64,0.4473,,
87,IT,GYGY,NAS2607030002,게임 유어 게임,15019565,-2.86,1.02,,
87,IT,SCNX,US20200213004,사이언처 홀딩스,14199208,-0.57,0.3459,,
87,IT,ALAR,NAS0230125001,얼라럼 테크놀로지스(ADR),14023813,13.02,2.17,BUY,
87,IT,NEON,US19990305001,니오노드,13844987,0.59,0.8349,,
87,IT,MYSE,US20210813005,마이지엄,13789968,14.61,3.06,,
87,IT,CLRO,US19950818001,클리어원,13268998,-6.01,4.69,,
87,IT,DETX,NAS2604022002,리버티 디펜스,12988969,1.74,2.34,,
87,IT,SLE,US20190226001,슈퍼 리그 엔터프라이즈,12069313,-6.92,4.57,BUY,
87,IT,SAGT,NAS0250307006,새그텍 글로벌,11527911,9.04,0.6008,,
87,IT,IOTR,NAS0250410006,아이오스리,11440739,-11.44,2.09,,유닛 매각 부담
87,IT,GLE,NAS0240920002,글로벌 엔진 그룹 홀딩,11315661,0,0.55,,
87,IT,GFAI,NAS0230210004,가드포스 AI,11248372,-5.49,0.3407,,
87,IT,BLIN,US20070629001,브리지라인 디지털,11032887,-0.12,0.8799,,
87,IT,HPAI,US20211206010,헬포트 AI,10985815,0.78,0.2959,,
87,IT,CYCU,US20220411006,사이큐리언,10690529,0.9,3.36,,
87,IT,CISO,US20220114005,시소 글로벌,10588122,6.07,0.2482,,
87,IT,MSAI,US20211116008,멀티센서 AI 홀딩스,10544553,1.66,4.89,,
87,IT,NVNI,US20211227011,누비니 그룹,10466966,0.39,0.9042,,
87,IT,OBAI,NAS2602004001,아워 본드,9810823,-4.28,0.3152,BUY,
87,IT,YJ,US20190502004,윈지(ADR),9742128,5.53,2.1,,
87,IT,UPLD,US20141106005,업랜드 소프트웨어,9464162,-2.8,3.13,,
87,IT,GITS,NAS0230801002,글로벌 인터랙티브 테크놀로지스,9106962,9.17,2.38,,
87,IT,CYAB,NAS0230515007,사이브라,9055924,-9.19,0.3025,BUY,
87,IT,AIRE,NAS0231023002,리알파 테크,8831140,1.32,1.53,BUY,
87,IT,IFBD,US20210420011,인포버드,8057315,-0.08,0.9892,,
87,IT,VRME,US20200619003,베리파이미,8030274,3.49,0.6351,BUY,
87,IT,ARBB,NAS0230331001,ARB IOT 그룹,7877727,-3.79,4.32,HOLD,
87,IT,NXTT,US20220719002,넥스트 테크놀로지 홀딩,7803072,9.57,5.84,,
87,IT,TAOP,US20180604003,타오핑,7376155,-3.73,0.744,,
87,IT,ZCMD,US20200218002,중차오,7097879,-7.47,0.7447,,
87,IT,DTST,US20210514006,데이터 스토리지,7063441,-4.61,2.9,,
87,IT,VS,US20210115011,벌서스 시스템스,6977534,-8.85,1.03,,
87,IT,DTSS,US20181219001,데이터시,6854166,-0.18,0.6589,,
87,IT,AMST,NAS0230222001,에임자이트,6737809,-2.91,1.0,,
87,IT,AUID,US20210824002,오스아이디,6708891,23.85,0.5,,
87,IT,CXAI,NAS0230315001,CX앱,6597807,-5.28,2.69,,140만달러 수주
87,IT,ALP,US20210225004,알파 컴퓨트,6223252,6.44,4.3,HOLD,
87,IT,SVRE,US20220426014,세이버원 2014(ADR),6012754,7.44,2.6,,선반 공모 부담
87,IT,ORKT,NAS0240725004,오렌지클라우드 테크놀로지,5862246,-1.01,0.9998,HOLD,
87,IT,RMSG,US20210930010,리얼 메신저,5080579,-2.95,0.3156,,
87,IT,TWAV,NAS0230104003,타오위브,4662862,2.48,1.24,,
87,IT,JTAI,US20211001012,제트AI,4419817,-0.8,1.24,,
87,IT,CETX,NAS0230125004,셈트렉스,4156901,-2.88,2.36,,
87,IT,BKYI,US20170725002,바이오 키 인터내셔널,3784700,-0.75,2.63,,
87,IT,IVDA,US20220401006,아이베다,3552414,0.74,0.2876,,
87,IT,BNZI,US20210212007,반자이 인터내셔널,3525452,1.11,1.01,BUY,
87,IT,NCPL,US20220713002,넷캐피탈,3511606,-7.44,0.4167,,
87,IT,CSAI,NAS0250130006,클라우드어스트럭처,3500486,-1.48,4.0,,
87,IT,HTCR,US20220209005,허트코어 엔터프라이지스,2997137,-4.02,1.91,,
87,IT,IMTE,US20170803003,인티그레이티드 미디어 테크놀로지,1585637,-2.25,0.4525,,
87,IT,LRHC,NAS0231005003,라 로사 홀딩스,1456251,-0.39,2.56,,
87,IT,MYSZ,NAS0221209002,마이 사이즈,1252598,-4.05,1.66,,
87,IT,SUGP,NAS0240124005,SU 그룹 홀딩스,1036836,11.22,0.7228,,
87,IT,AIXI,NAS0230309001,샤오아이(ADR),351612,-11.52,2.38,,
145,건설자재,HD,US19810922001,홈 디포,306150715555,0.69,310.87,BUY,
145,건설자재,LOW,US19791219001,로우스,109754118934,0.69,198.17,BUY,
145,건설자재,SHW,US19640211001,셔윈 윌리엄스,78008132504,0.37,324.5,BUY,
145,건설자재,CRH,US19930222001,CRH(ADR),58552157251,0.49,88.98,BUY,비중확대 재개
145,건설자재,FERG,US20210308013,퍼거슨,42788773690,-0.1,222.31,BUY,
145,건설자재,MLM,US19940216001,마틴 마리에타 머티리얼스,35996470841,-1.77,500.92,BUY,
145,건설자재,VMC,US19570102001,벌칸 머티리얼스,32550274322,-0.87,250.54,BUY,
145,건설자재,PPG,US19451217001,PPG 인더스트리스,23309815975,-0.24,105.25,BUY,
145,건설자재,AMRZ,NYS0250623001,암라이즈,22026457025,-2.69,39.43,BUY,
145,건설자재,JHX,US20011022001,제임스 하디 인더스트리스(ADR),16456543009,-0.49,28.33,BUY,
145,건설자재,CX,US19990915001,세멕스(ADR),16101940446,-2.25,10.45,BUY,
145,건설자재,TPX,US20031218002,솜니그룹 인터내셔널,15277155504,2.04,68.12,BUY,
145,건설자재,MAS,US19690505001,매스코,13738658152,1.3,69.41,HOLD,
145,건설자재,CSL,US19860602002,칼라일,13232680919,-2.18,327.92,BUY,
145,건설자재,RPM,US19900326068,RPM 인터내셔널,12707338343,0.6,100.81,BUY,
145,건설자재,OC,US20060920002,오웬스 코닝,10363020489,-2.24,128.95,BUY,
145,건설자재,WMS,US20140725001,어드밴스드 드레이니지 시스템,9584107232,-1.99,125.33,BUY,
145,건설자재,AYI,US20011128001,어큐이티 브랜즈,9490090269,-3.11,309.04,BUY,
145,건설자재,MHK,US19920401001,모호크 인더스트리스,8536212617,2.07,129.42,HOLD,
145,건설자재,SSD,US19940602001,심슨 매뉴팩처링,7067127707,-1.1,171.59,BUY,
145,건설자재,AWI,US20061018001,암스트롱 월드 인더스트리스,6883430155,-2.22,160.23,BUY,
145,건설자재,BLDR,US20210719002,빌더스 퍼스트소스,6456037870,-0.22,60.24,BUY,
145,건설자재,FSV,US20150603002,퍼스트서비스,5980176576,-1.72,135.41,BUY,
145,건설자재,EXP,US19940412002,이글 머티리얼스,5644031603,-1.19,182.67,HOLD,목표가 하향
145,건설자재,IBP,US20140213001,인스톨드 빌딩 프로덕츠,5396526338,-1.95,200.3,HOLD,
145,건설자재,GVA,US19900401001,그래닛 컨스트럭션,5251069483,-3.79,114.41,BUY,
145,건설자재,WFG,US20210201015,웨스트 프레이저 팀버,5216617108,2.17,70.54,BUY,
145,건설자재,FBHS,US20110916001,포춘 브랜즈 이노베이션스,4832389145,0.02,40.74,HOLD,
145,건설자재,LPX,US19721227001,루이지애나 퍼시픽,4676490436,-0.74,66.79,BUY,
145,건설자재,TREX,US19990408001,트렉스,4550953711,-2.87,43.66,BUY,
145,건설자재,UFPI,US19931118001,UFP 인더스트리스,4416745514,0.58,81.03,BUY,
145,건설자재,GFF,US19910101001,그리폰,4323160829,-2.31,93.81,,
145,건설자재,MDU,US19480920001,MDU 리소시스 그룹,4014112541,-2.5,18.72,BUY,
145,건설자재,USLM,US19900326055,유나이티드 스테이츠 라임 앤 미네랄스,3359477281,-1.15,116.46,,
145,건설자재,HNI,US19900326060,HNI,3353757002,-0.36,46.7,,
145,건설자재,KNF,NYS0230601001,나이프 리버 홀딩,3251352794,-2.01,56.47,BUY,
145,건설자재,TTAM,NYS0250207002,타이탄 아메리카,2675298737,-2.53,14.23,HOLD,
145,건설자재,BCC,US20130206001,보이시 캐스케이드,2616172570,-0.25,75.25,,
145,건설자재,PATK,US19900327004,패트릭 인더스트리스,2343122778,-0.57,72.98,BUY,
145,건설자재,BOBS,NYS2602005001,밥스 디스카운트 퍼니처,2058774736,1.89,16.15,BUY,
145,건설자재,TILE,US19780920001,인터페이스,1960715154,0.85,34.42,BUY,
145,건설자재,TGLS,US20220509004,테크노글래스,1689698232,-4.1,36.75,BUY,
145,건설자재,MBC,NYS0221215004,마스터브랜드,1502726184,-4.44,7.1,HOLD,
145,건설자재,MLKN,US20211101005,밀러놀,1447583343,0.38,21.27,,
145,건설자재,ROCK,US19930930001,지브롤터 인더스트리스,1361863315,-2.56,44.98,BUY,
145,건설자재,HLMN,US20210715005,힐만 솔루션즈,1349653907,3.15,7.2,BUY,CFO 자사주 매입
145,건설자재,LZB,US19870820003,레이지보이,1219742765,1.08,30.97,,
145,건설자재,ARHS,US20211103001,아르하우스,1141196204,0.12,8.11,BUY,
145,건설자재,LOMA,US20171101007,로마 네그라 콤파니아 인더스트리얼 아르헨티나(ADR),1130862630,-1.44,9.61,BUY,
145,건설자재,CPAC,US20120208003,세멘토스 파카스마요(ADR),1056587690,-0.16,12.52,HOLD,
145,건설자재,NX,US20080424001,콰넥스 빌딩 프로덕츠,982451205,-2.74,20.98,,
145,건설자재,KOP,US20060201002,코퍼스 홀딩스,871212704,-0.76,46.0,,
145,건설자재,APOG,US19730503002,애퍼지 엔터프라이지스,785676638,-1.82,37.19,BUY,
145,건설자재,BXC,US20041214002,블루링스 홀딩스,623112701,-1.17,78.83,BUY,
145,건설자재,JBI,US20210608007,야누스 인터내셔널 그룹,622426275,-0.65,4.56,,
145,건설자재,ETD,US20210816003,이선 알렌 인테리어스,549324829,1.23,22.2,,
145,건설자재,HVT,US19920225009,하버티 퍼니처,428977535,0.83,27.83,,
145,건설자재,HVT.A,US19920225010,하버티 퍼니처 A,428977535,1.89,29.15,,
145,건설자재,ASPN,US20140612001,아스펀 에어로젤,404993278,-0.81,4.87,,
145,건설자재,FSTR,US19900326019,LB 포스터,393029549,-1.44,37.05,HOLD,
145,건설자재,ORN,US19951220001,오라이언 그룹 홀딩스,376727465,-3.74,9.01,BUY,
145,건설자재,FLXS,US19920225005,플렉스스틸 인더스트리스,331039229,0.28,81.63,HOLD,
145,건설자재,CMT,US19880922001,코어 몰딩 테크놀로지스,202139712,-1.43,23.41,,
145,건설자재,LOVE,US20180626003,러브색,199408053,5.54,14.68,,
145,건설자재,JELD,US20170127002,젤드 웬 홀딩,177644029,-0.49,2.05,HOLD,
145,건설자재,HTLM,NAS0241001003,홈스 투 라이프,160454294,-0.56,1.79,,
145,건설자재,BSET,US19840907011,바셋 퍼니처 인더스트리스,152231957,0.62,17.8,HOLD,
145,건설자재,HOFT,US20020627001,후커 퍼니싱,136345413,8.11,13.87,,2분기 흑자 전환
145,건설자재,SMID,US20201117004,스미스 미드랜드,129118609,-1.76,24.06,,
145,건설자재,CSTE,US20120322001,시저스톤,109629101,-1.88,3.13,,
145,건설자재,KEQU,US19920225007,키와우니 사이언티픽,99136940,4.27,35.91,,
145,건설자재,APT,US20000404002,알파 프로 테크,52647665,0.19,5.2,,
145,건설자재,CULP,US20170713005,컬프,47466606,0,3.75,,
145,건설자재,NWGL,NAS0230912005,네이처 우드 그룹(ADR),35846799,-3.2,1.21,,
145,건설자재,CRWS,US20031007001,크라운 크래프츠,28341097,-3.4,2.56,,
145,건설자재,MERC,US19900326031,머서 인터내셔널,25991171,-0.1,0.3898,,
145,건설자재,LIVE,US19950818008,라이브 벤처스,24667824,-3.47,7.8,,
145,건설자재,RETO,US20171129002,리토 에코 솔루션스,14210069,-4.64,0.37,,
145,건설자재,PRPL,US20180205001,퍼플 이노베이션,14169173,-3.36,3.16,HOLD,
145,건설자재,PGHL,NAS0240723005,프리메가 그룹 홀딩스,12072089,0.66,1.52,,
145,건설자재,AEHL,US20201015001,안텔로페 엔터프라이즈 홀딩스,11402356,-21.64,6.12,,전환어음 부담
145,건설자재,GAUZ,NAS0240606002,고지,8862148,-7.31,7.23,,
145,건설자재,MSGY,NAS0250708003,메이슨글로리,5086929,-1.92,2.04,,
125,게임개발,ACEL,US20191121003,악셀 엔터테인먼트,936108181,-0.6,11.53,BUY,
125,게임개발,FBYD,NAS0231006002,팰컨스 비욘드 글로벌,746023386,10.82,6.86,,
125,게임개발,DDI,US20210831004,더블다운 인터랙티브(ADR),624510845,-0.63,12.6,BUY,
125,게임개발,GRVY,US20050208001,그라비티(ADR),492370017,1.01,72.01,,
125,게임개발,GDEV,US20210827004,G데브,198093048,4.64,11.49,BUY,
125,게임개발,MRDN,US20220317004,메리디언 홀딩스,172640678,3.43,14.18,,
125,게임개발,INSE,US20161228001,인스파이어드 엔터테인먼트,133608989,1.76,5.19,,
125,게임개발,ROLR,AMX0241023001,하이 롤러 테크놀로지스,67417167,3.41,6.36,BUY,
125,게임개발,SNAL,NAS0221110006,스네일,22965269,1.55,2.62,,
125,게임개발,MSGM,NAS0221110004,모터스포츠 게임스,22667448,-9.66,4.49,,
125,게임개발,SEGG,NAS0230615003,로터리닷컴,11533088,-2.25,3.48,BUY,
125,게임개발,PLAG,US20181001007,플래닛 그린 홀딩스,10114413,-4.01,0.6863,,
125,게임개발,DKI,NAS0250808003,다크아이리스,5545599,-4.89,2.53,,
51,식품포장재,AMCR,US20190611003,앰코,19447303639,-0.17,42.25,BUY,
51,식품포장재,BALL,US19731217001,볼,15759164688,1.35,60.71,BUY,
51,식품포장재,CCK,US19480129001,크라운 홀딩스,12176172826,-0.24,112.37,BUY,
51,식품포장재,ATR,US19930401002,앱타그룹,7889126463,0.06,124.91,BUY,
51,식품포장재,SON,US19950308001,소노코 프로덕츠,4701371857,1.0,48.32,BUY,
51,식품포장재,AMBP,US20210805002,아르다 메탈 패키징,2875279896,-1.24,4.78,HOLD,
51,식품포장재,GPK,US19921210001,그래픽 패키징 홀딩,2795549837,0.21,9.52,HOLD,
51,식품포장재,OI,US19911211002,O I 글래스,997287137,-1.68,6.42,BUY,
51,식품포장재,KRT,US20210413002,카랫 패키징,929896915,4.67,49.13,BUY,목표가 상향
51,식품포장재,BLNE,US20180104001,비라인 홀딩스,33709432,3.88,1.07,,
51,식품포장재,YHGJ,US19971105001,윈훙 그린 CTI,6872385,3.4,2.74,,
47,종이,SW,US20150706007,스머핏 웨스트록,22531813375,1.23,43.75,,
47,종이,PKG,US20000128002,패키징 코퍼레이션 오브 아메리카,20757447243,-0.49,233.26,BUY,
47,종이,IP,US19491221001,인터내셔널 페이퍼,18085202090,-0.32,34.25,BUY,매수의견 상향
47,종이,SUZ,US20181210003,수자노(ADR),11471864330,-1.71,9.2,BUY,
47,종이,GEF,US19960228003,그라이프,4262737925,-0.84,81.63,HOLD,
47,종이,GEF.B,US19960228004,그라이프 B,4262737925,0.27,105.46,,
47,종이,SLVM,US20211001022,실바모,1394593416,-0.11,35.25,HOLD,
47,종이,MAGN,US19840516001,매그네라,416309010,-2.14,11.45,HOLD,
47,종이,ORBS,NAS0230404003,에이트코 홀딩스,415797466,-1.88,0.9551,,비트마인 보유 공개
47,종이,PACK,US20190603006,란팍 홀딩스,336682176,-1.77,3.88,,
47,종이,CLW,US19980526001,클리어워터 페이퍼,324437906,3.31,20.91,HOLD,목표가 상향
47,종이,MERC,US19900326031,머서 인터내셔널,25991171,-0.1,0.3898,,
47,종이,MGIH,NAS0230330006,밀레니엄 그룹 인터내셔널 홀딩스,17107670,0,1.53,,
47,종이,ITP,US20180801013,IT 테크 패키징,2760324,-2.38,0.1598,,
433,과자,PEP,US20171220003,펩시코,184928840908,0.01,136.34,HOLD,
433,과자,MDLZ,US20010613001,몬덜리즈 인터내셔널,79207321591,-0.08,62.39,BUY,
433,과자,HSY,US19470919001,허쉬,34612343095,0.21,173.68,HOLD,
433,과자,CPB,US19541213001,캠벨스,6224191534,1.19,21.25,HOLD,
433,과자,UTZ,US20200831005,UTZ 브랜즈,2043260051,-0.35,14.23,HOLD,
433,과자,TR,US19871230007,투시 롤 인더스트리스,1661368951,-0.1,38.85,,
433,과자,JJSF,US19860204001,제이앤제이 스낵 푸즈,1546514654,0.24,83.49,BUY,
433,과자,JBSS,US19911203001,존 비 샌필리포 앤 선,816580269,-1.62,69.12,BUY,
433,과자,SOWG,NAS0240502004,소 굿,66724777,-3.89,3.21,,
433,과자,BOF,NAS0230616001,브랜치아웃 푸드,62865042,-0.77,3.86,BUY,
433,과자,LSF,US20200922002,레어드 슈퍼푸드,43608885,-1.28,3.87,,
433,과자,RMCF,US19860219001,로키 마운틴 초콜릿 팩토리,8418555,-0.74,0.8907,,
15,의류브랜드,NKE,US19901017001,나이키,54260265216,0.68,37.05,HOLD,
15,의류브랜드,TPR,US20171031003,태피스트리,23482030633,-0.49,117.91,BUY,
15,의류브랜드,RL,US19970612001,랄프 로렌,20080694275,0.69,341.43,BUY,
15,의류브랜드,AS,NYS0240201001,아머스포츠,15558387446,-1.85,27.55,BUY,
15,의류브랜드,DECK,US20140505001,데커스 아웃도어,11000094960,-0.9,80.54,BUY,
15,의류브랜드,LULU,US20070727001,룰루레몬,10890239769,1.35,100.31,HOLD,
15,의류브랜드,ONON,US20210914013,온 홀딩,9105032699,0.22,27.47,BUY,매수의견 개시
15,의류브랜드,LEVI,US20190320003,리바이스,7711335089,0.35,20.23,BUY,
15,의류브랜드,GAP,US19760519001,갭,7509803319,-2.74,20.92,BUY,
15,의류브랜드,ANF,US19960926002,애버크롬비 앤 피치,6125211516,-3.17,140.62,BUY,
15,의류브랜드,CROX,US20060208001,크록스,5360017807,-0.92,111.45,BUY,
15,의류브랜드,VFC,US19660725001,VF 코퍼레이션,5146049180,-0.76,13.07,HOLD,베어드 의견하향
15,의류브랜드,BIRK,NYS0231011001,버켄스탁 홀딩스,5109072205,-1.51,30.66,BUY,
15,의류브랜드,KTB,US20190523003,콘투어 브랜즈,3618849180,1.2,67.42,BUY,
15,의류브랜드,PVH,US19760611001,필립스 반 휴센,3239327111,3.36,73.01,BUY,CEO 자사주 매입
15,의류브랜드,SHOO,US19931210001,스티븐 매든,3122360008,-1.42,42.32,BUY,
15,의류브랜드,ZGN,US20211220014,에르메네질도 제냐,3096130943,0.17,11.63,BUY,
15,의류브랜드,COLM,US19980327001,컬럼비아 스포츠웨어,2896169932,1.28,57.65,HOLD,
15,의류브랜드,UAA,US20051118002,언더 아머 C,2157009625,-1.6,4.91,,
15,의류브랜드,UAA,US20161207004,언더 아머 A,2157009625,-1.57,5.03,HOLD,
15,의류브랜드,WWW,US19690515001,울버린 월드 와이드,1625620925,-2.01,19.53,BUY,
15,의류브랜드,CPRI,US20190102005,카프리 홀딩스,1569006675,1.94,14.16,BUY,
15,의류브랜드,GIII,US19891214001,G III 어패럴 그룹,1188542852,-0.18,27.84,,
15,의류브랜드,CRI,US20031024001,카터스,1110317739,0.23,30.5,BUY,
15,의류브랜드,MOV,US19930930002,모바도 그룹,519397380,1.62,33.28,,
15,의류브랜드,OXM,US19640320001,옥스포드 인더스트리스,469388736,-2.35,30.79,,
15,의류브랜드,WEYS,US19900326057,웨이코 그룹,423284598,-0.83,44.22,,
15,의류브랜드,GCO,US19390715001,제네스코,377689395,-0.43,34.97,HOLD,
15,의류브랜드,GOOS,US20170315003,캐나다 구스 홀딩스,367754403,-1.39,7.82,SELL,
15,의류브랜드,JILL,US20170309004,제이 질,355720759,-1.29,23.77,BUY,
15,의류브랜드,RCKY,US19930203001,로키 브랜즈,329051241,-1.88,43.36,,베어드 의견 하향
15,의류브랜드,FOSL,US19930408001,파슬 그룹,278019384,4.86,4.96,,
15,의류브랜드,CURV,US20210630015,토리드 홀딩스,223002252,-0.89,2.23,HOLD,
15,의류브랜드,SGC,US19920317009,수피어리어 유니폼 그룹,198576564,-0.4,12.48,,
15,의류브랜드,DLTH,US20151119001,덜루스 홀딩스,175646954,-2.8,4.52,HOLD,
15,의류브랜드,LANV,NYS0221215003,랑방 그룹 홀딩스,127855681,-2.73,1.07,,
15,의류브랜드,AKA,US20210921002,AKA 브랜즈 홀딩,118745183,0.18,10.89,BUY,
15,의류브랜드,SPAI,NAS0240828004,세이프 프로 그룹,90872417,-0.89,4.45,,
15,의류브랜드,VRA,US20101021001,베라 브래들리,88752269,-3.18,3.04,BUY,
15,의류브랜드,VNCE,US20131122001,빈스 홀딩,67417375,45.99,7.65,,
15,의류브랜드,DXLG,US20210908002,데스티네이션 XL 그룹,35274125,1.55,0.6499,BUY,
15,의류브랜드,RECT,NAS0240621006,랙티튜드 홀딩스,19235569,0.8,1.26,,
15,의류브랜드,LUCY,US20220812001,이노베이티브 아이웨어,7145753,-0.61,0.83,HOLD,
15,의류브랜드,XELB,US20150803002,엑셀 브랜즈,5801128,0.09,0.8905,BUY,
3,항공사,DAL,US19670703001,델타 항공,52230606281,-0.14,79.8,BUY,
3,항공사,UAL,US20180907001,유나이티드 항공,35428695755,-0.76,108.98,BUY,
3,항공사,RYAAY,US19970529001,라이언에어 홀딩스(ADR),27712772468,-1.19,53.16,BUY,
3,항공사,LUV,US19770627001,사우스웨스트 항공,19079616895,0.71,39.52,HOLD,
3,항공사,LTM,NYS0240725002,라탐 에어라인스 그룹(ADR),14636084339,-0.94,50.81,BUY,
3,항공사,PAC,US20060224001,그루포 아에로포르투아리오 델 파시피코(ADR),10499844789,-1.01,201.41,BUY,
3,항공사,AAL,US20131210001,아메리칸 항공,8559777875,0.61,13.09,BUY,유가 하락 수혜
3,항공사,ASR,US20000928002,그루포 아에로포르투아리오 델 수레스테(ADR),7507099242,0.13,252.1,BUY,
3,항공사,CPA,US20051215001,코파 홀딩스,5239721384,-1.29,127.49,BUY,
3,항공사,ALK,US19830103001,알래스카 에어 그룹,4565608043,-1.09,40.71,BUY,
3,항공사,OMAB,US20061129001,그루포 아에로포르투아리오 센트로 노르테(ADR),4174708555,-0.51,98.23,BUY,
3,항공사,CAAP,US20180131004,아메리카 에어포츠,4037995441,-1.06,24.33,BUY,
3,항공사,SKYW,US19860626001,스카이웨스트,3710220293,1.0,97.1,BUY,
3,항공사,ALGT,US20061208001,얼리전트 트래블,2126694478,0.23,78.45,BUY,
3,항공사,AERO,NYS0251106001,그루포 에어로멕시코(ADR),2035252343,3.13,15.48,BUY,
3,항공사,JBLU,US20020412001,제트블루 항공,1650062615,-1.14,4.35,HOLD,
3,항공사,ULCC,US20210331003,프런티어 그룹 홀딩스,1285932906,0.18,5.63,,
3,항공사,VTOL,US20200612004,브리스토우 그룹,1258004806,-1.8,41.93,,
3,항공사,RJET,US20180808001,리퍼블릭 에어웨이즈 홀딩스,819935326,0.34,17.68,,
3,항공사,VLRS,US20130918004,볼라리스 항공(ADR),755586835,-1.53,6.42,BUY,
3,항공사,BLDE,US20210510002,스트라타 크리티컬 메디컬,456786039,3.28,5.36,BUY,
3,항공사,ASLE,US20201223003,에어세일 코퍼레이션,257577979,-0.18,5.42,HOLD,
3,항공사,FLYX,US20210716006,플라이익스클루시브,113635242,0,1.12,,
3,항공사,QNME,NAS0240628003,쿼놈 테크놀로지스,10436454,3.28,0.315,,
3,항공사,SOAR,US20220121005,볼라토 그룹,10170900,15.3,0.22,,지분 희석 부담
733,상업용 리츠,PLD,US19971121004,프로로지스,128222057393,-0.41,135.19,BUY,
733,상업용 리츠,SPG,US19931214002,사이먼 프로퍼티 그룹,65915022926,0.07,204.97,HOLD,목표주가 하향
733,상업용 리츠,PSA,US19841019001,퍼블릭 스토리지,58232296968,-0.37,295.4,HOLD,
733,상업용 리츠,O,US19941018001,리얼티 인컴,55957088399,-0.39,59.27,HOLD,유럽 JV 설립
733,상업용 리츠,IX,US19980916001,오릭스(ADR),43197155190,-0.42,39.94,,
733,상업용 리츠,IRM,US19960201001,아이언 마운틴,34080576581,-2.71,112.06,,
733,상업용 리츠,EXR,US20040812002,엑스트라 스페이스 스토리지,28902040831,1.28,139.4,HOLD,
733,상업용 리츠,VICI,US20180201004,비치 프라퍼티스,27173248141,0.85,25.04,BUY,
733,상업용 리츠,KIM,US19911122002,킴코 리얼티,15956936574,0.13,23.22,BUY,
733,상업용 리츠,WPC,US19980121001,WP 케어리,15650800297,0.1,69.19,HOLD,
733,상업용 리츠,HST,US20201102001,호스트 호텔 앤 리조트,15144367490,0.54,22.36,BUY,
733,상업용 리츠,SUI,US19931208002,선 커뮤니티스,13858851584,3.11,118.04,BUY,
733,상업용 리츠,REG,US20181113002,리젠시 센터스,13783522394,-0.08,74.56,BUY,
733,상업용 리츠,GLPI,US20131105001,게이밍 앤 레저 프로퍼티스,11635325512,2.01,41.05,BUY,
733,상업용 리츠,ELS,US19930303001,에퀴티 라이프스타일 프로퍼티스,11588392878,2.5,61.58,BUY,
733,상업용 리츠,FRT,US19841217001,페더럴 리얼티 인베스트먼트,9987819546,0.15,114.53,BUY,
733,상업용 리츠,ADC,US19940415001,어그리 리얼티,8915716005,-0.63,70.78,BUY,
733,상업용 리츠,CUBE,US20041022001,큐브스마트,8848693925,0.46,39.72,HOLD,
733,상업용 리츠,BRX,US20131104001,브릭스모어 프로퍼티 그룹,8762746732,-0.56,28.57,,
733,상업용 리츠,LINE,NAS0240725003,리니지,8543700283,2.57,38.72,HOLD,
733,상업용 리츠,NNN,US19940107001,NNN 리츠,8368749880,-0.25,43.76,HOLD,
733,상업용 리츠,RHP,US19911024002,라이먼 호스피탈리티 프로퍼티스,8364027773,0.17,122.2,BUY,
733,상업용 리츠,FR,US19940630001,퍼스트 인더스트리얼 리얼티,8087768538,-0.02,61.37,BUY,
733,상업용 리츠,STAG,US20110415002,스태그 인더스트리얼,7117289194,-0.43,36.98,BUY,
733,상업용 리츠,TRNO,US20100210002,테레노 리얼티,7069174817,-0.2,65.14,BUY,
733,상업용 리츠,MAC,US19940309001,메이서리치,6372230770,0.13,22.47,BUY,
733,상업용 리츠,EPRT,US20180620008,에센셜 프로퍼티 리얼티,6188578440,-0.07,28.77,BUY,유동성·투자 확대
733,상업용 리츠,STWD,US20090812001,스타우드 프로퍼티,5746824560,-1.15,15.44,BUY,
733,상업용 리츠,KRG,US20040811001,카이트 리얼티 그룹,5155391740,0.5,26.02,BUY,
733,상업용 리츠,OUT,US20141121001,아웃프론트 미디어,5010289662,0.45,28.75,,
733,상업용 리츠,PECO,US20210714013,필립스 에디슨 앤 컴퍼니,4913260338,0.03,38.42,,
733,상업용 리츠,EPR,US19971118001,EPR 프로퍼티스,4875363619,-0.63,58.81,HOLD,
733,상업용 리츠,SKT,US19930604002,텐저,4152702587,0,36.37,HOLD,
733,상업용 리츠,BNL,US20200915011,브로드스톤 넷 리스,4152499337,-0.49,20.32,BUY,
733,상업용 리츠,COLD,US20180118003,아메리콜드 리얼티,4148306352,2.39,14.97,HOLD,
733,상업용 리츠,APLE,US20150527001,애플 호스피탈리티 리츠,3648727884,-0.45,15.48,HOLD,
733,상업용 리츠,CURB,NYS0241001001,커브라인 프로퍼티스,3352372779,-0.82,29.08,BUY,
733,상업용 리츠,PK,US20170104002,파크 호텔 앤 리조트,3057713134,0.26,15.32,HOLD,
733,상업용 리츠,CSAN,US20210311012,코장(ADR),2793245121,-4.21,2.73,HOLD,
733,상업용 리츠,AKR,US19930527001,아카디아 리얼티 트러스트,2698532295,0.25,19.82,BUY,자산 인수 확대
733,상업용 리츠,GNL,US20150603004,글로벌 넷 리스,2619930118,-0.33,9.02,BUY,
733,상업용 리츠,UE,US20150120001,어반 에지 프라퍼티스,2581033039,0.05,20.58,,
733,상업용 리츠,PEB,US20091209003,페블브룩 호텔,2524474627,0.62,17.95,HOLD,
733,상업용 리츠,DRH,US20050526001,다이아몬드록 호스피털리티,2480986729,0.9,12.31,BUY,
733,상업용 리츠,IVT,US20211012004,인벤트러스트 프라퍼티스,2469262077,-0.41,31.73,,
733,상업용 리츠,SHO,US20041021001,선스톤 호텔 인베스터스,2186435234,0.09,10.99,HOLD,
733,상업용 리츠,GTY,US19850812001,게티 리얼티,1986396287,-0.71,32.04,BUY,
733,상업용 리츠,NTST,US20200812004,넷에스티리츠,1981865732,-0.61,19.52,BUY,
733,상업용 리츠,RLJ,US20110511002,RLJ 로징,1968419867,0.37,10.92,HOLD,
733,상업용 리츠,SMA,NYS0250402001,스마트스탑 셀프 스토리지 리츠,1767617848,0.28,32.21,BUY,
733,상업용 리츠,CBL,US20211103003,CBL 앤 어소시에이츠 프로퍼티스,1683183160,-0.55,54.43,BUY,
733,상업용 리츠,IIPR,US20161122002,이노베이티브 인더스트리얼 프라퍼티스,1682344958,0.34,56.44,,
733,상업용 리츠,XHR,US20150205003,제니아 호텔 앤 리조트,1617306267,0.06,17.65,BUY,
733,상업용 리츠,AAT,US20110113001,아메리칸 에세츠 트러스트,1312150203,0.65,21.64,,
733,상업용 리츠,ALX,US19691007001,알렉산더스,1264883776,0.57,250.61,,
733,상업용 리츠,IRS,US19941229001,IRSA 인베르시오네스 이 레프레젠타시오네스(ADR),1217435111,-1.8,15.26,BUY,
733,상업용 리츠,LADR,US20140205002,래더 캐피탈,1211750398,0.1,9.62,,
733,상업용 리츠,DEA,US20150206001,이스털리 거번먼트 프라퍼티스,1123628247,-0.21,23.84,HOLD,
733,상업용 리츠,SAFE,NYS0230331002,세이프홀드,987501360,-1.28,13.85,,
733,상업용 리츠,SVC,US20190925013,서비스 프라퍼티스 트러스트,875300993,-2.06,6.66,BUY,
733,상업용 리츠,CTO,US20210201010,CTO 리얼티 그로스,866687835,0.72,20.86,BUY,
733,상업용 리츠,BFS,US19930824001,솔 센터스,858057684,-0.42,31.14,,
733,상업용 리츠,ARI,US20090924001,아폴로 커머셜 리얼에스테이트 파이낸스,847058594,-0.9,6.57,BUY,
733,상업용 리츠,FBRT,US20211019003,프랭클린 BSP 리얼티 트러스트,841424044,-0.64,7.73,,
733,상업용 리츠,CLDT,US20100416001,채텀 로징 트러스트,692930397,0.85,13.01,,
733,상업용 리츠,JBGS,US20170718001,JBG 스미스 프로퍼티스,661949196,-1.06,11.25,,
733,상업용 리츠,KREF,US20170502004,KKR 리얼 에스테이트 파이낸스,649000092,0,7.15,HOLD,
733,상업용 리츠,RMR,US20151215001,RMR 그룹,606449796,0.74,19.16,BUY,
733,상업용 리츠,BRSP,US20210625005,브라이트스파이어 캐피탈,559603555,-0.45,4.43,BUY,
733,상업용 리츠,OLP,US19920317025,원 리버티 프라퍼티스,503256783,-0.43,23.1,,
733,상업용 리츠,FVR,NYS0241002002,프론트뷰 리츠,449193517,-1.3,18.24,,
733,상업용 리츠,ACR,US20210217013,에이커스 커머셜 리얼티,432952240,-0.96,13.43,,
733,상업용 리츠,PINE,US20191121004,알파인 인컴 프라퍼티 트러스트,380465410,0,18.31,BUY,
733,상업용 리츠,NREF,US20200206001,넥스포인트 리얼 에스테이트 파이낸스,364935728,-1.04,17.11,HOLD,
733,상업용 리츠,RC,US20181004003,레디 캐피탈,332411483,-0.61,1.63,HOLD,
733,상업용 리츠,NXDT,US20211108007,넥스포인트 부동산 신탁 펀드,324479249,-1.5,5.24,,
733,상업용 리츠,REFI,US20211207010,시카고 애틀랜틱 리얼 에스테이트 파이낸스,273240578,1.03,10.84,BUY,
733,상업용 리츠,ACRE,US20120426002,아레스 커머셜 리얼 에스테이트,238218691,0.46,4.34,,
733,상업용 리츠,CMTG,US20211102004,클라로스 모기지 트러스트,211739687,-1.32,1.49,HOLD,
733,상업용 리츠,SEVN,US20211001015,세븐 힐스 리얼티 트러스트,166862974,-0.13,7.4,BUY,
733,상업용 리츠,SRG,US20150707002,세리티지 그로스 프라퍼티스,166483097,2.6,1.97,,
733,상업용 리츠,SITC,US20181012001,사이트 센터스,147079208,2.84,2.9,HOLD,
733,상업용 리츠,WHLR,US20121119001,휠러 리얼 에스테이트 인베스트먼트 트러스트,82080364,-5.59,0.3699,,
733,상업용 리츠,AFCG,US20210210001,어드밴스드 플라워 캐피탈,79536473,-1.13,3.51,,
733,상업용 리츠,SELF,US20160119001,글로벌 셀프 스토리지,58008004,0.39,5.13,,
733,상업용 리츠,AHT,US20030826004,애시포드 호스피털리티 트러스트,53262044,-3.48,3.05,,
733,상업용 리츠,CLPR,US20170210002,클리퍼 리얼티,51710499,4.35,3.36,,
733,상업용 리츠,MDRR,US20181119001,메달리스트 다이버시파이드 리츠,19410520,-3.09,11.62,,
733,상업용 리츠,SQFT,US20200811001,프레시디오 프라퍼티 트러스트,8481185,-2.96,1.31,,
733,상업용 리츠,PW,US19800317003,파워 리츠,3957067,-4.61,6.83,,
733,상업용 리츠,CHGA,NAS0230105001,체인지 에이전츠,2335198,-4.48,2.13,,
733,상업용 리츠,GIPR,US20211004006,제너레이션 인컴 프라퍼티스,1210874,-1.5,0.395,,
203,스마트폰제조,AAPL,US19801212001,애플,4819674983648,0.24,333.08,BUY,아이폰 수요 우려
203,스마트폰제조,SONM,US20190509011,소님 테크놀로지스,4674284,-3.16,3.06,,
571,수자원,ECL,US19861210001,에코랩,76949634370,-0.24,275.51,BUY,
571,수자원,AWK,US19471215001,아메리칸 워터 웍스,27196345241,0.89,138.92,HOLD,
571,수자원,XYL,US20111013001,자일럼,24821651413,0.5,107.49,BUY,
571,수자원,VLTO,NYS0231002006,버럴토,22801236037,2.34,96.3,BUY,
571,수자원,SBS,US20020510001,사네아멘투 바지쿠 지 상파울루(ADR),18531232379,-1.32,5.22,BUY,
571,수자원,AM,US20141104004,앤테로 미드스트림,10407534874,-1.99,21.62,HOLD,
571,수자원,PNR,US19960304001,펜테어,8977305566,-0.71,56.18,BUY,
571,수자원,IDA,US19480511001,아이다코프,7792162984,-1.18,133.94,BUY,
571,수자원,CNM,US20210722003,코어 앤 메인,7690742256,0.47,40.81,BUY,
571,수자원,ZWS,US20211005014,전 엘케이 워터 솔루션즈,7612954598,-0.19,46.09,BUY,
571,수자원,CHE,US19820629001,케미드,6699632842,-0.33,514.29,,
571,수자원,BEPC,US20200730008,브룩필드 리뉴어블,5676108116,-3.44,29.71,HOLD,
571,수자원,CECO,US20221107002,시코 인바이런멘틀,4560415921,-9.77,70.69,BUY,
571,수자원,TAC,US19751017001,트랜스알타,3794333764,-2.4,11.79,BUY,
571,수자원,AWR,US19900327008,아메리칸 스테이츠 워터,3406813230,0.74,87.12,HOLD,
571,수자원,CWT,US19940408001,캘리포니아 워터 서비스 그룹,2963720852,0.02,48.23,BUY,
571,수자원,WTTR,US20170419002,셀렉트 워터 솔루션즈,2840836784,-2.86,20.05,BUY,
571,수자원,HWKN,US19931027001,호킨스,2574201997,-2.6,120.85,BUY,
571,수자원,MSEX,US19900326034,미들섹스 워터,1061757239,-0.37,56.48,BUY,
571,수자원,YORW,US19990503002,요크 워터,535023603,-0.48,33.01,BUY,
571,수자원,CWCO,US19950601001,컨솔리데이티드 워터,448176019,-0.57,28.0,,
571,수자원,ERII,US20080702001,에너지 리커버리,383041666,-6.09,7.09,HOLD,
571,수자원,ARTNA,US19960524001,아르테시언 리소시스,336564887,-1.62,35.27,BUY,
571,수자원,CDZI,US19900326004,카디즈,314446664,-1.37,3.6,,
571,수자원,AIRJ,US20220131019,에어줄 테크놀로지스,312014932,-3.04,4.15,BUY,
571,수자원,PCYO,US19940406001,퓨어사이클,266330776,-0.54,11.06,,
571,수자원,GWRS,US20160427001,글로벌 워터 리소시스,249280019,-0.11,8.7,HOLD,
571,수자원,SHIM,NAS0231102003,쉬믹,141329217,0,3.44,,
571,수자원,WATR,NAS0250616007,에어 워터 벤처스,59119908,-7.45,1.74,HOLD,
571,수자원,WAVE,US20210701008,에코 웨이브 파워 글로벌(ADR),34481243,0.9,5.61,BUY,
571,수자원,DXST,NAS0250122001,디슨트 홀딩,5504092,2.0,2.55,,
571,수자원,CDTG,NAS0240408001,CDT 인바이런멘틀 테크놀로지 인베스트먼트 홀딩스,4233705,-2.13,1.38,,
275,철도,UNP,US19690620001,유니온 퍼시픽,167926082038,0.24,285.08,BUY,
275,철도,CSX,US20151222001,CSX,90126385669,-0.08,48.91,BUY,
275,철도,CP,US19520402001,캐나디안 퍼시픽 레일웨이,77900876239,0.61,89.77,BUY,
275,철도,CNI,US19951117002,캐나디안 내셔널 레일웨이,73528771166,-0.13,122.09,BUY,
275,철도,NSC,US19820602001,노퍽서던,71497214846,-0.07,320.05,HOLD,
275,철도,WAB,US19950615002,웨스팅하우스 에어 브레이크 테크놀로지,47547577063,-1.69,278.42,BUY,
275,철도,GATX,US20160701004,GATX,6263727171,-1.36,176.1,BUY,
275,철도,TRN,US19870330001,트리니티 인더스트리스,2256751801,-1.47,28.08,,
275,철도,GBX,US19940721001,그린브라이어 컴퍼니스,1325071516,-0.02,43.08,SELL,
275,철도,FSTR,US19900326019,LB 포스터,393029549,-1.44,37.05,HOLD,
275,철도,DUOT,US20200213002,듀오스 테크놀로지 그룹,258379586,-0.24,8.24,BUY,
275,철도,RAIL,US20050406001,프레이트카 아메리카,221948597,0.15,6.82,,
275,철도,RVSN,US20220330004,레일 비전,8475668,-2.31,3.8,,
89,IT솔루션구축,DELL,US20181228002,델 테크놀로지스,358493497952,-5.82,534.28,BUY,RBC 매수의견
89,IT솔루션구축,IBM,US19490128001,IBM,227815903237,2.38,249.09,BUY,
89,IT솔루션구축,NOW,US20120629001,서비스나우,136183249730,7.41,142.35,BUY,
89,IT솔루션구축,HPE,US20151102003,휴렛 패커드 엔터프라이즈,86658576079,-10.76,55.41,BUY,AI 인프라 우호론
89,IT솔루션구축,GRMN,US20211207005,가민,54181621199,-0.81,280.38,HOLD,
89,IT솔루션구축,OKTA,US20170404001,옥타,28930409546,11.98,186.45,BUY,사이버보안주 강세
89,IT솔루션구축,CTSH,US19980619001,코그니전트 테크놀로지 솔루션즈,26862051714,6.83,64.1,BUY,
89,IT솔루션구축,SNX,US20031125002,TD 시넥스,21394597360,-3.01,261.12,BUY,
89,IT솔루션구축,FICO,US19870731001,페어 아이작,21152478901,1.63,1001.5,BUY,
89,IT솔루션구축,CDW,US20130627001,CDW,19109334931,-1.37,151.69,BUY,채권 발행 부담
89,IT솔루션구축,WIT,US20001019001,위프로(ADR),16617361739,5.33,1.78,SELL,
89,IT솔루션구축,LDOS,US20131001003,레이도스 홀딩스,16072440019,3.08,132.83,HOLD,해군 계약 수주
89,IT솔루션구축,DT,US20190731006,다이나트레이스,14669449656,4.44,53.34,BUY,유럽 사업 출범
89,IT솔루션구축,CACI,US19790330001,CACI 인터내셔널,13644001220,2.57,637.16,BUY,
89,IT솔루션구축,TRMB,US19900701001,트림블,13363264838,1.89,58.75,BUY,
89,IT솔루션구축,GIB,US19981007001,CGI,12730785037,3.85,72.91,HOLD,
89,IT솔루션구축,HUBS,US20141009007,허브스팟,11167918154,11.22,250.61,HOLD,
89,IT솔루션구축,GTLB,US20211013002,깃랩,7780855762,4.81,49.25,HOLD,
89,IT솔루션구축,GDS,US20161102001,GDS 홀딩스(ADR),6321820231,-1.75,30.28,BUY,노무라 목표가 하향
89,IT솔루션구축,INGM,NYS0241024001,인그램 마이크로 홀딩,6316033114,-2.54,26.85,BUY,
89,IT솔루션구축,NOVT,US20160512002,노밴타,6283813461,-4.48,140.0,BUY,
89,IT솔루션구축,GLBE,US20210510004,글로벌 E,6206993412,0.83,37.49,BUY,
89,IT솔루션구축,SAIC,US20131001005,사이언스 애플리케이션 인터내셔널,5409356231,1.62,132.01,HOLD,
89,IT솔루션구축,QLYS,US20120928001,퀄리스,5167273587,15.06,172.91,HOLD,핵심사업 압박
89,IT솔루션구축,VRNS,US20140228001,바로니스 시스템즈,5150941995,5.19,47.46,BUY,투자의견 하향
89,IT솔루션구축,RGTI,US20210422015,리게티 컴퓨팅,5065608571,0,15.27,BUY,기술주 매도세
89,IT솔루션구축,PSN,US20190507002,파슨스,4856587385,2.6,46.94,BUY,
89,IT솔루션구축,BDC,US19931124001,벨던,4748601936,-7.24,113.41,BUY,
89,IT솔루션구축,BOX,US20150122001,박스,4602324726,3.29,34.86,BUY,
89,IT솔루션구축,KBR,US20061116002,KBR,4584725633,0.57,36.8,BUY,
89,IT솔루션구축,VNT,US20201009011,본티어,4322894881,0.56,32.35,BUY,
89,IT솔루션구축,ITRI,US19931104001,아이트론,4071303286,-1.75,91.91,BUY,
89,IT솔루션구축,QTWO,US20140319004,Q2 홀딩스,3773653809,1.74,61.95,BUY,
89,IT솔루션구축,FRSH,US20210921006,프레시웍스,3083453702,6.31,12.64,BUY,
89,IT솔루션구축,BRZE,US20211116002,브레이즈,2702650329,6.98,25.61,,
89,IT솔루션구축,TDC,US20070912001,테라데이타,2573351443,5.5,29.37,HOLD,
89,IT솔루션구축,APPN,US20170522001,애피안,2474611756,10.21,38.31,HOLD,
89,IT솔루션구축,PLUS,US19961115001,이플러스,2381291402,1.1,92.84,,
89,IT솔루션구축,ALKT,US20210413001,알카미 테크놀로지,2180021635,-3.02,19.89,BUY,
89,IT솔루션구축,CNXN,US20161024001,PC 커넥션,2151237374,-0.27,85.53,,
89,IT솔루션구축,FORTY,US19971020001,포뮬러 시스템즈 1985(ADR),1868732611,1.13,124.0,,
89,IT솔루션구축,INOD,US19930810002,이노데이터,1818358623,3.66,55.16,BUY,
89,IT솔루션구축,DXC,US20170403001,DXC 테크놀로지,1808795630,6.41,12.12,HOLD,
89,IT솔루션구축,VNET,US20110421002,브이넷 그룹(ADR),1791122755,-2.69,6.16,BUY,
89,IT솔루션구축,CNXC,US20201201002,콘센트릭스,1712663627,3.65,29.27,BUY,
89,IT솔루션구축,MGRT,NAS0250716003,메가 포춘 컴퍼니,1645759140,-1.35,118.8,,
89,IT솔루션구축,AMPL,US20210927001,앰플리튜드,1563115073,8.5,13.66,BUY,
89,IT솔루션구축,BBAI,US20211208001,빅베어 AI 홀딩스,1366213266,0.35,2.88,,
89,IT솔루션구축,EFOR,US19920922001,에버포스,1282411849,8.2,34.05,HOLD,
89,IT솔루션구축,SCSC,US19940318001,스캔소스,1164971709,0.58,58.53,HOLD,
89,IT솔루션구축,TUYA,US20210317016,투야(ADR),1097341067,-0.56,1.79,BUY,
89,IT솔루션구축,SIFY,US19991019003,시피 테크놀로지스(ADR),992069953,-1.16,13.62,,
89,IT솔루션구축,QMCO,US20200203005,퀀텀,923628168,-3.18,22.83,BUY,
89,IT솔루션구축,SABR,US20140417001,세이버,870441824,0,2.17,HOLD,
89,IT솔루션구축,BKSY,US20210910002,블랙스카이 테크놀로지,838324132,0.92,20.8,BUY,광학위성 기술공급
89,IT솔루션구축,NABL,US20210720010,N 에이블,724736433,8.03,4.17,HOLD,
89,IT솔루션구축,CASS,US19960102002,캐스 인포메이션 시스템즈,702339621,0.92,55.69,BUY,
89,IT솔루션구축,GDYN,US20200306001,그리드 다이내믹스 홀딩스,643449685,3.01,8.22,BUY,
89,IT솔루션구축,NTGR,US20030731001,넷기어,600509931,-3.51,21.45,BUY,
89,IT솔루션구축,VRRM,US20181018004,베라 모빌리티,536252991,2.25,3.63,HOLD,
89,IT솔루션구축,HKD,US20220715002,AMTD 디지털(ADR),527897340,1.78,1.72,,
89,IT솔루션구축,IBEX,US20200806004,아이벡스,525270964,1.73,40.49,,베어드 목표가 상향
89,IT솔루션구축,CLMB,US20221031003,클라임 글로벌 솔루션즈,510042220,2.84,28.28,BUY,
89,IT솔루션구축,CINT,US20211109003,CI&T,413778419,-1.24,3.19,BUY,
89,IT솔루션구축,AIOT,US20191003002,파워플리트,400225319,1.67,3.05,BUY,
89,IT솔루션구축,ALLT,US20061116001,앨럿,365661066,11.17,8.36,BUY,
89,IT솔루션구축,GOGO,US20130621001,고고,352868349,1.53,2.66,HOLD,
89,IT솔루션구축,RCMT,US19950818016,RCM 테크놀로지스,283475508,-0.15,40.05,,
89,IT솔루션구축,TSSI,NAS0241114004,TSS,250461558,-5.38,8.45,BUY,
89,IT솔루션구축,III,US20070212001,인포메이션 서비시스 그룹,249735579,3.85,5.39,,
89,IT솔루션구축,LTRX,US20000804004,렌트로닉스,243245316,-3.63,5.05,BUY,
89,IT솔루션구축,CNDT,US20191223001,컨듀언트,242680598,1.27,1.59,,
89,IT솔루션구축,TRAK,US20131029001,리퍼지트랙,181952279,3.88,8.31,,
89,IT솔루션구축,UIS,US19840531001,유니시스,175381934,3.31,2.5,,
89,IT솔루션구축,ZENA,NAS0241001010,제나테크,134281147,-1.97,1.49,BUY,
89,IT솔루션구축,WYY,US19980519001,와이드포인트,107621635,2.77,11.13,BUY,
89,IT솔루션구축,MHH,US20080919001,메스테크 디지털,89187471,-2.81,7.26,,
89,IT솔루션구축,ATGL,NAS0231031002,알파 테크놀로지 그룹,86719862,-3.4,5.12,,
89,IT솔루션구축,CSPI,US19820129001,CSP,77749385,2.19,7.93,,
89,IT솔루션구축,INSG,US20161109011,인시고,72953016,-2.91,4.34,,
89,IT솔루션구축,TTEC,US19960801001,TTEC 홀딩스,62224554,-1.57,1.25,HOLD,
89,IT솔루션구축,MLGO,NAS0221213007,마이크로알고,45120252,-8.77,3.33,,
89,IT솔루션구축,PHUN,US20181228001,펀웨어,41286243,-0.99,2.01,HOLD,
89,IT솔루션구축,CLPS,US20180523001,CLPS,30994785,0,1.04,,
89,IT솔루션구축,ANY,US20140707001,스피어 3D,28362225,8.15,2.92,,사모 발행 프리미엄
89,IT솔루션구축,ATCH,US20210310009,아틀라스클리어 홀딩스,26925875,0.5,0.1811,BUY,
89,IT솔루션구축,NXPL,US20220121004,넥스트플랫,24270278,3.11,9.28,BUY,
89,IT솔루션구축,HKIT,NAS0230331004,하이텍 글로벌,21806515,4.1,2.54,,
89,IT솔루션구축,PDC,NAS0230725002,PERPETUALS.COM LTD SPON ADS EACH REP 5 ORD SHS (POST SPLIT),21546488,-5.0,3.04,,
89,IT솔루션구축,FUSE,NAS0251023001,퓨즈머신스,17371689,-2.02,0.5908,,
89,IT솔루션구축,GLE,NAS0240920002,글로벌 엔진 그룹 홀딩,11315661,0,0.55,,
89,IT솔루션구축,HPAI,US20211206010,헬포트 AI,10985815,0.78,0.2959,,
89,IT솔루션구축,DTSS,US20181219001,데이터시,6854166,-0.18,0.6589,,
265,해상운송,TTE,US20210611013,토탈에너지스,208384531281,-0.82,91.14,BUY,
265,해상운송,VIK,NYS0240430002,바이킹 홀딩스,37737455062,1.66,86.42,,
265,해상운송,FRO,US20010806003,프론트라인,10888551309,2.66,50.52,BUY,
265,해상운송,KEX,US19961015001,커비,7316542901,-0.67,138.49,,
265,해상운송,MATX,US19920128001,맷슨,6841257240,2.8,236.62,BUY,
265,해상운송,CMBT,US20150123002,CMB테크,6117757186,-0.31,19.42,BUY,
265,해상운송,INSW,US20161201001,인터내셔널 시웨이스,5102653193,2.11,105.84,BUY,
265,해상운송,HAFN,NYS0240409001,하프니아,4659966010,-0.53,9.33,BUY,
265,해상운송,TDW,US19700519001,타이드워터,4597663993,-4.72,88.58,BUY,
265,해상운송,STNG,US20100331002,스콜피오 탱커스,4207096323,1.11,85.46,BUY,
265,해상운송,BWLP,NYS0240429002,BW LPG,3978378611,-0.08,25.11,BUY,
265,해상운송,TRMD,US20171211001,톰,3569958225,0.74,35.34,,2차 매각 부담
265,해상운송,DHT,US20051013001,DHT 홀딩스,3521338539,0.68,22.15,BUY,고운임 용선계약
265,해상운송,TNK,US20071213003,티케이 탱커스,3471865878,-0.82,100.0,BUY,
265,해상운송,SBLK,US20000124001,스타 벌크 캐리어스,3459597951,-1.06,30.84,BUY,
265,해상운송,ECO,NYS0231211001,오케아니스 에코 탱커스,3007811883,4.69,79.72,BUY,
265,해상운송,DAC,US20061006001,다나오스,2882710136,-0.67,158.26,BUY,
265,해상운송,NMM,US20071113001,나비오스 마리타임 파트너스,2597909922,-0.17,92.19,,
265,해상운송,LPG,US20140508002,도리언 LPG,2346370637,0.36,55.38,BUY,
265,해상운송,CMRE,US20101104001,코스타마레,2096781810,-0.98,15.13,BUY,
265,해상운송,SFL,US20040614001,SFL,1924490177,-1.06,13.04,BUY,
265,해상운송,GSL,US20080815003,글로벌 십 리스,1755913687,-0.17,45.74,BUY,
265,해상운송,TEN,US20020305001,차코스 에너지 내비게이션,1734795485,3.59,49.62,,
265,해상운송,FLNG,US20190617005,플렉스 LNG,1704285083,0.69,31.92,SELL,
265,해상운송,NAT,US19970930001,노르딕 아메리칸 탱커스,1570039319,2.28,7.63,HOLD,
265,해상운송,NVGS,US20131121003,네비게이터 홀딩스,1418932362,1.51,23.48,,
265,해상운송,CCEC,US20161109006,캐피탈 클린 에너지 캐리어스,1335749045,-0.85,22.13,BUY,
265,해상운송,TK,US19950719002,티케이,1243609601,-1.81,14.12,,
265,해상운송,GNK,US20150720001,젠코 시핑 앤 트레이딩,1162306423,0.63,27.0,,
265,해상운송,SB,US20080529001,세이프 벌커스,1065576184,-1.88,8.35,BUY,
265,해상운송,HSHP,NYS0230331001,히말라야 시핑,847658906,0.11,18.11,BUY,
265,해상운송,ASC,US20130801003,아드모어 시핑,758059302,0.43,18.75,,
265,해상운송,CMDB,NYS0250507001,코스타마레 벌커스 홀딩스,592001948,-1.22,24.21,,
265,해상운송,PANL,US20141006001,판게아 로지스틱스 솔루션즈,547280885,-1.07,8.32,,
265,해상운송,ESEA,US20060505001,유로시스,522845401,0.35,74.82,,
265,해상운송,DSX,US20050318001,다이애나 시핑,437418657,-0.34,2.96,,
265,해상운송,SHIP,NAS0230216001,시너지 마리타임 홀딩스,396482028,-1.47,18.14,,
265,해상운송,KNOP,US20130410002,놋 오프쇼어 파트너스,375703467,0.45,11.28,,
265,해상운송,GASS,US20051006001,스텔스가스,348155790,-2.44,9.19,,
265,해상운송,IMPP,US20211206004,임페리얼 페트롤리엄,280569668,2.76,5.95,,
265,해상운송,DLNG,US20141230002,다이나가스 LNG 파트너스,273695993,1.32,3.83,,
265,해상운송,SMHI,US20170602001,시코 마린 홀딩스,257001023,-0.94,9.44,BUY,
265,해상운송,TORO,NAS0230308005,토로,229450336,-2.99,6.48,,
265,해상운송,EDRY,US20180531001,유로드라이,191233777,-3.16,65.0,,
265,해상운송,HMR,NAS0221229002,하이드마 마리타임 홀딩스,83844785,23.78,1.77,,
265,해상운송,GLBS,US20080624001,글로버스 마리타임,79797192,-3.49,3.59,,
265,해상운송,PXS,US20151029002,픽시스 탱커스,70016618,0.58,6.92,BUY,
265,해상운송,NCEW,NAS0241121003,뉴 센추리 로지스틱스,60207073,-0.42,18.85,,
265,해상운송,PTLE,NAS0241016006,PTL,44979663,-1.94,7.06,,
265,해상운송,USEA,US20220706004,유나이티드 마리타임,28345346,0,2.99,,
265,해상운송,CTRM,US20190211001,캐스터 마리타임,23240487,2.07,2.47,,
265,해상운송,HTCO,NAS0221219002,하이 트렌드 인터내셔널 그룹,22339412,-14.52,2.12,,
265,해상운송,SVRN,US20211130008,오션팔,22279480,-3.93,11.48,,
265,해상운송,PSHG,NAS0221115007,퍼포먼스 시핑,20758822,-0.6,1.67,,
265,해상운송,BANL,NAS0230323001,CBL 인터내셔널,13142894,-8.73,5.75,,
265,해상운송,QNME,NAS0240628003,쿼놈 테크놀로지스,10436454,3.28,0.315,,
265,해상운송,JYD,NAS0230421002,제이유드 글로벌 로지스틱스,6749630,-6.78,0.7628,,
265,해상운송,TOPS,US20040723002,탑 십스,3970108,-1.48,0.7101,,
265,해상운송,RBNE,NAS0250415003,로빈 에너지,3522326,13.53,3.02,,
265,해상운송,ICON,NAS0240712002,아이콘 에너지,3311432,0.53,0.9248,,
265,해상운송,NCT,NAS0250328003,인터컨트,2872804,66.83,0.5,,역주식분할 시행
265,해상운송,RUBI,NAS0250804007,루비코,2688548,1.99,1.54,,
265,해상운송,CISS,NAS0230622001,C3IS,2026103,0,1.37,,
289,자전거,PTON,US20190925012,펠로톤,2159184720,-0.2,4.94,HOLD,
289,자전거,YMAT,NAS0250730006,J 스타 홀딩,9093888,-2.42,2.02,,
289,자전거,FLYE,NAS0240606001,플라이 이 그룹,2985297,-0.54,1.83,,
11,의류,CTAS,US19830818001,신타스,80136534159,-0.31,200.88,BUY,
11,의류,ROST,US19850808002,로스 스토어스,73261689769,-0.3,230.04,BUY,
11,의류,NKE,US19901017001,나이키,54260265216,0.68,37.05,HOLD,
11,의류,TPR,US20171031003,태피스트리,23482030633,-0.49,117.91,BUY,
11,의류,RL,US19970612001,랄프 로렌,20080694275,0.69,341.43,BUY,
11,의류,AS,NYS0240201001,아머스포츠,15558387446,-1.85,27.55,BUY,
11,의류,DECK,US20140505001,데커스 아웃도어,11000094960,-0.9,80.54,BUY,
11,의류,LULU,US20070727001,룰루레몬,10890239769,1.35,100.31,HOLD,
11,의류,ONON,US20210914013,온 홀딩,9105032699,0.22,27.47,BUY,매수의견 개시
11,의류,GIL,US19980617001,질단 액티브웨어,8918071949,-2.08,47.44,BUY,
11,의류,LEVI,US20190320003,리바이스,7711335089,0.35,20.23,BUY,
11,의류,GAP,US19760519001,갭,7509803319,-2.74,20.92,BUY,
11,의류,ANF,US19960926002,애버크롬비 앤 피치,6125211516,-3.17,140.62,BUY,
11,의류,CROX,US20060208001,크록스,5360017807,-0.92,111.45,BUY,
11,의류,VFC,US19660725001,VF 코퍼레이션,5146049180,-0.76,13.07,HOLD,베어드 의견하향
11,의류,BIRK,NYS0231011001,버켄스탁 홀딩스,5109072205,-1.51,30.66,BUY,
11,의류,UNF,US19830726001,유니퍼스트,4937107849,-1.68,270.07,,
11,의류,KTB,US20190523003,콘투어 브랜즈,3618849180,1.2,67.42,BUY,
11,의류,PVH,US19760611001,필립스 반 휴센,3239327111,3.36,73.01,BUY,CEO 자사주 매입
11,의류,SHOO,US19931210001,스티븐 매든,3122360008,-1.42,42.32,BUY,
11,의류,ZGN,US20211220014,에르메네질도 제냐,3096130943,0.17,11.63,BUY,
11,의류,COLM,US19980327001,컬럼비아 스포츠웨어,2896169932,1.28,57.65,HOLD,
11,의류,FIGS,US20210526007,피그스,2204464081,4.72,13.98,BUY,
11,의류,UAA,US20051118002,언더 아머 C,2157009625,-1.6,4.91,,
11,의류,UAA,US20161207004,언더 아머 A,2157009625,-1.57,5.03,HOLD,
11,의류,VSTS,NYS0231002007,베스티스,1703677052,-0.31,12.93,HOLD,
11,의류,WWW,US19690515001,울버린 월드 와이드,1625620925,-2.01,19.53,BUY,
11,의류,CPRI,US20190102005,카프리 홀딩스,1569006675,1.94,14.16,BUY,
11,의류,GIII,US19891214001,G III 어패럴 그룹,1188542852,-0.18,27.84,,
11,의류,CRI,US20031024001,카터스,1110317739,0.23,30.5,BUY,
11,의류,MOV,US19930930002,모바도 그룹,519397380,1.62,33.28,,
11,의류,CTRN,US20050518001,시티 트렌즈,502458395,-0.61,60.25,,
11,의류,OXM,US19640320001,옥스포드 인더스트리스,469388736,-2.35,30.79,,
11,의류,CAL,US20150601001,컬레러스,429028333,0.24,12.54,,
11,의류,WEYS,US19900326057,웨이코 그룹,423284598,-0.83,44.22,,
11,의류,GCO,US19390715001,제네스코,377689395,-0.43,34.97,HOLD,
11,의류,GOOS,US20170315003,캐나다 구스 홀딩스,367754403,-1.39,7.82,SELL,
11,의류,JILL,US20170309004,제이 질,355720759,-1.29,23.77,BUY,
11,의류,RCKY,US19930203001,로키 브랜즈,329051241,-1.88,43.36,,베어드 의견 하향
11,의류,LE,US20140408002,랜즈 엔드,304506969,1.64,10.54,BUY,
11,의류,FOSL,US19930408001,파슬 그룹,278019384,4.86,4.96,,
11,의류,CURV,US20210630015,토리드 홀딩스,223002252,-0.89,2.23,HOLD,
11,의류,MAMK,NAS0250707008,맥스메이킹 ,214808730,0,13.0,,
11,의류,SGC,US19920317009,수피어리어 유니폼 그룹,198576564,-0.4,12.48,,
11,의류,DLTH,US20151119001,덜루스 홀딩스,175646954,-2.8,4.52,HOLD,
11,의류,LANV,NYS0221215003,랑방 그룹 홀딩스,127855681,-2.73,1.07,,
11,의류,UFI,US19900606001,유니피,124895225,-1.63,6.65,,
11,의류,AKA,US20210921002,AKA 브랜즈 홀딩,118745183,0.18,10.89,BUY,
11,의류,LAKE,US19860909001,레이크랜드 인더스트리스,99498278,1.88,10.27,BUY,
11,의류,SPAI,NAS0240828004,세이프 프로 그룹,90872417,-0.89,4.45,,
11,의류,VRA,US20101021001,베라 브래들리,88752269,-3.18,3.04,BUY,
11,의류,RENT,US20211026004,렌트 더 런웨이,82242643,-21.22,1.93,,
11,의류,VNCE,US20131122001,빈스 홀딩,67417375,45.99,7.65,,
11,의류,JRSH,US20180504002,저라쉬 홀딩스,66899744,-3.21,5.13,,
11,의류,PLCE,US19970919001,칠드런스 플레이스,53706976,2.06,2.48,HOLD,2분기 실적 부진
11,의류,BRIA,AMX0241120001,브릴리아,43831417,-2.78,1.4,,
11,의류,DXLG,US20210908002,데스티네이션 XL 그룹,35274125,1.55,0.6499,BUY,
11,의류,LVLU,US20211110013,룰루스 패션 라운지 홀딩스,30381758,-7.14,9.88,,
11,의류,BIRD,US20211102001,올버즈,28638942,2.87,2.51,HOLD,
11,의류,TLF,US20220907010,탠디 레더 팩토리,21332519,-0.38,2.61,,
11,의류,RECT,NAS0240621006,랙티튜드 홀딩스,19235569,0.8,1.26,,
11,의류,JL,NAS0240124004,J 롱 그룹,17721869,1.27,4.8,,
11,의류,LUCY,US20220812001,이노베이티브 아이웨어,7145753,-0.61,0.83,HOLD,
11,의류,XELB,US20150803002,엑셀 브랜즈,5801128,0.09,0.8905,BUY,
11,의류,FMFC,NAS0250625003,캔달 M 벤처,3603151,-0.66,0.1968,,
11,의류,JEM,NAS0250609005,707 케이맨 홀딩스,2678367,-2.0,3.93,,
183,지주사,NU,US20211208010,누 홀딩스,70191576115,-1.44,14.41,BUY,
183,지주사,EXC,US20190925010,엑셀론,44280745011,-1.02,42.72,HOLD,
183,지주사,SHG,US20030916001,신한 파이낸셜 그룹(ADR),39221651078,0.06,84.11,,
183,지주사,FTS,US20161014002,포르티스,27757368246,-0.55,54.07,HOLD,
183,지주사,RYAAY,US19970529001,라이언에어 홀딩스(ADR),27712772468,-1.19,53.16,BUY,
183,지주사,PFG,US20171218001,프린시펄 파이낸셜 그룹,24719990563,0.64,116.9,HOLD,
183,지주사,L,US19950725001,로우스,22104244933,0.38,109.2,,
183,지주사,FNF,US20051014001,피델리티 내셔널 파이낸셜,11763268450,0.36,44.29,BUY,
183,지주사,LILAP,NAS2606017004,리버티 라틴 아메리카 우선주 A (9.0% 누적 상환),5834443771,-1.06,20.49,,
183,지주사,LILA,US20150706003,리버티 라틴 아메리카 A,5834443771,0.68,8.87,HOLD,
183,지주사,LILAK,US20150706004,리버티 라틴 아메리카 C,5834443771,0.8,8.8,HOLD,
183,지주사,IEP,US20161109010,아이칸 엔터프라이지스,4946097773,0.43,7.03,,
183,지주사,WSC,US20171130002,윌스콧 홀딩스,3360431779,-0.96,18.48,BUY,
183,지주사,ASTH,US20171214001,아스트라나 헬스,1872499827,4.24,39.59,BUY,
183,지주사,FORTY,US19971020001,포뮬러 시스템즈 1985(ADR),1868732611,1.13,124.0,,
183,지주사,QCRH,US19931006001,QCR 홀딩스,1669417150,0.07,102.64,,
183,지주사,TMS,NAS0250421004,팀셰어즈,538473526,2.18,7.51,BUY,
183,지주사,RFL,US20191121005,라파엘 홀딩스,117837923,-4.39,2.18,,
183,지주사,VATE,US20210920015,이노베이트,97080884,1.12,7.24,,
183,지주사,CMCM,US20140508003,치타 모바일(ADR),94256646,-1.62,3.04,,광고 부진 손실 확대
183,지주사,TPCS,NAS0230505003,테크프리시전,57923857,-6.41,5.4,,
183,지주사,WYHG,NAS0241126008,윙입푸드(ADR),56902751,-8.57,4.16,,
183,지주사,FGNX,NAS0221213003,펀더멘털 글로벌,55174374,0.75,8.07,BUY,
183,지주사,GPUS,AMX0230103002,하이퍼스케일 데이터,43403578,6.44,0.1984,,AI센터 가치 부각
183,지주사,PC,NAS0240925004,프리미엄 케이터링 홀딩스,30312041,0,9.4,,
183,지주사,LIVE,US19950818008,라이브 벤처스,24667824,-3.47,7.8,,
183,지주사,GMM,NAS0231010003,글로벌 모페이 AI,20296394,-5.66,2.0,,
183,지주사,PLAG,US20181001007,플래닛 그린 홀딩스,10114413,-4.01,0.6863,,
183,지주사,INEO,NAS0241023007,이네오바 홀딩스,8960218,-4.93,0.5301,,
183,지주사,BQ,US20200928002,보치 홀딩,6263807,-5.25,0.8092,,
183,지주사,PMAX,NAS0240905004,파월 맥스,1639418,-5.3,0.9106,,
167,캐릭터,HAS,US19841218001,해즈브로,12832577171,-0.85,90.76,BUY,
167,캐릭터,MAT,US19680603001,마텔,4046510464,0.21,14.04,BUY,
167,캐릭터,FBYD,NAS0231006002,팰컨스 비욘드 글로벌,746023386,10.82,6.86,,
167,캐릭터,TRON,NAS0230815007,트론,730814037,-0.65,1.54,,
167,캐릭터,FNKO,US20171101003,펀코,304927635,-0.37,5.45,BUY,
167,캐릭터,JAKK,US19960502001,잭스 퍼시픽,274941200,0.54,24.3,,
97,금융,BRK.A,US19800317002,버크셔 해서웨이 A,1086116281915,0.75,771770.02,,자회사 가치 재평가
97,금융,BRK.B,US20100121001,버크셔 해서웨이 B,1086116281915,0.9,514.95,BUY,자회사 가치 재평가
97,금융,JPM,US19690401002,제이피모건 체이스,948745686545,-1.71,350.13,BUY,대형 딜 주관 부각
97,금융,V,US20080319001,비자,687435305423,1.3,375.28,BUY,온체인 정산 확대
97,금융,MA,US20060525001,마스터카드,495579368692,0.92,574.42,BUY,
97,금융,BAC,US19730102001,뱅크오브아메리카,448339448914,-5.14,59.47,BUY,투자은행 수수료 전망
97,금융,HSBC,US20131118003,HSBC(ADR),359177994078,-1.29,103.94,BUY,투자의견 하향
97,금융,MS,US19930628001,모건스탠리,342210436327,-3.64,206.58,BUY,Altera IPO 주관
97,금융,GS,US19990504001,골드만삭스,299558765627,-3.96,988.45,HOLD,
97,금융,RY,US19951016001,로열 뱅크 오브 캐나다,283762040904,-0.36,205.16,BUY,
97,금융,WFC,US19621210001,웰스파고,279789780113,-1.75,88.71,BUY,
97,금융,MUFG,US20180402002,미쓰비시 UFJ 파이낸셜(ADR),267259542926,0,23.89,,
97,금융,C,US19860602001,씨티그룹,232195127427,-1.9,136.18,BUY,ROTCE 상회 전망
97,금융,AXP,US19770518001,아메리칸 익스프레스,217930948557,0.95,327.78,BUY,
97,금융,SAN,US19880105004,방코 산탄데르(ADR),212937357777,-1.47,14.74,BUY,
97,금융,TD,US19960830001,토론토 도미니언 뱅크,197761543032,-0.03,120.93,BUY,
97,금융,SCHW,US19870930002,찰스 슈왑,185393750254,0.06,107.31,BUY,
97,금융,UBS,US19900208001,UBS 그룹,177813032642,-2.91,52.99,BUY,
97,금융,BLK,US19991001001,블랙록,174349066921,-1.3,1065.6,BUY,사모신용 환매 완화
97,금융,SMFG,US20060127001,스미토모 미쓰이 파이낸셜 그룹(ADR),171307091759,-0.18,27.24,,
97,금융,BBVA,US19881214001,방코 빌바오 비스카야 아르헨타리아(ADR),163743930373,-1.52,29.1,SELL,위험이전 거래 부담
97,금융,IBKR,US20191007001,인터랙티브 브로커스,154729468065,-0.68,90.75,BUY,
97,금융,BX,US20070622002,블랙스톤,152570755497,-0.17,128.29,BUY,
97,금융,SONY,US20210401017,소니(ADR),138799566664,2.38,24.47,BUY,
97,금융,MFG,US20061108002,미즈호 파이낸셜 그룹(ADR),137736118490,-1.05,11.33,,
97,금융,CB,US19840907024,처브,129702035685,1.06,341.85,HOLD,
97,금융,COF,US19941115001,캐피탈 원 파이낸셜,129634488621,-0.78,206.68,BUY,
97,금융,PGR,US19870601001,프로그레시브,125688806975,1.56,221.02,HOLD,
97,금융,BMO,US19941027001,뱅크 오브 몬트리올,120817405548,-0.34,174.28,HOLD,
97,금융,SPGI,US20160428001,S&P 글로벌,120339909065,1.91,418.54,BUY,카이코 제휴 확대
97,금융,HDB,US20010720001,HDFC 뱅크(ADR),119191017930,-1.93,22.89,BUY,
97,금융,BNS,US19690127001,뱅크 오브 노바스코샤,113204274688,-0.02,93.43,HOLD,
97,금융,ING,US19970613002,ING 그룹(ADR),106661654405,-0.83,36.96,BUY,
97,금융,IBN,US20000328001,ICICI 뱅크(ADR),104838836128,-0.44,29.26,,
97,금융,CM,US19881031001,캐나디안 임페리얼 뱅크 오브 커머스,104011257051,-0.41,114.17,BUY,
97,금융,USB,US19730503007,US 뱅코프,102255955568,-0.25,62.68,BUY,
97,금융,HOOD,US20210727005,로빈후드,100593292578,1.58,114.35,BUY,AMC 토큰 분쟁 부담
97,금융,CME,US20021206001,CME 그룹,98474191664,1.79,280.48,HOLD,신규 선물 수요 확대
97,금융,PNC,US19871021001,PNC 파이낸셜 서비시스,96844573115,-0.62,242.72,BUY,
97,금융,MELI,US20070810001,메르카도리브레,95604760218,0.15,1900.24,BUY,
97,금융,BN,US19970811002,브룩필드,93141436309,-1.42,37.61,BUY,
97,금융,KKR,US20100715001,KKR & CO,92497038538,1.18,102.27,BUY,에이온 USI 자금조달
97,금융,ELV,US20141204001,엘리번스 헬스,90254462781,1.32,424.24,BUY,
97,금융,BCS,US19860909002,바클레이즈(ADR),89088392978,-3.15,25.86,BUY,
97,금융,ICE,US20051116001,인터컨티넨탈 익스체인지,87825330759,0.22,157.75,BUY,티제로 투자 참여
97,금융,LYG,US20000417001,로이즈 뱅킹 그룹(ADR),86440055567,-1.83,5.9,BUY,자사주 소각
97,금융,MMC,US19690604001,마시,83909280053,1.99,180.43,HOLD,
97,금융,MCO,US19960523002,무디스,81751365890,0.63,477.93,BUY,
97,금융,TRV,US19880511001,트래블러스 컴퍼니스,77780736358,0.76,378.05,HOLD,
97,금융,BAM,NYS0221212001,브룩필드 에셋 매니지먼트,76950321449,-1.33,46.63,HOLD,
97,금융,DB,US20011003001,도이치뱅크,76870056418,-2.74,39.37,BUY,SRT 거래 부담
97,금융,APO,US20110330001,아폴로 글로벌 매니지먼트,75704367978,-0.52,128.31,BUY,
97,금융,NWG,US20200723011,냇웨스트 그룹(ADR),74599327201,-2.22,18.47,BUY,
97,금융,MFC,US19990924001,매뉴라이프 파이낸셜,71721272254,0.14,43.55,,장기 조달 기반 강화
97,금융,NU,US20211208010,누 홀딩스,70191576115,-1.44,14.41,BUY,
97,금융,ALL,US19930603001,올스테이트,65937271022,1.88,258.48,HOLD,
97,금융,AON,US19840907019,에이온,63817199168,2.92,311.54,HOLD,인수채권 발행
97,금융,MSTR,US19980611001,스트래티지,63739517933,4.56,136.94,BUY,
97,금융,MET,US20000405001,메트라이프,63184628403,0.63,97.75,BUY,
97,금융,AJG,US19871201001,아서 J 갤러거,61218889045,5.4,253.3,BUY,
97,금융,TFC,US20191209005,트루이스트 파이낸셜,61194970012,-0.6,50.1,HOLD,
97,금융,AFL,US19740614001,애플랙,57442866523,1.5,117.01,HOLD,
97,금융,STT,US19950214001,스테이트 스트리트,53197745032,-2.71,188.16,BUY,
97,금융,NDAQ,US20020701001,나스닥,50662704038,0.42,91.57,BUY,앤스로픽 상장 전망
97,금융,AMP,US20050915003,아메리프라이즈 파이낸셜,48955504824,0.17,558.54,BUY,
97,금융,HUM,US19710518001,휴매나,48909212458,-0.68,407.02,BUY,
97,금융,XYZ,US20151119003,블록,47299140124,0.35,79.49,BUY,
97,금융,KB,US20011102001,KB 파이낸셜 그룹 (ADR),46366597221,0.66,132.88,,
97,금융,COIN,US20210414003,코인베이스,45958442603,9.24,191.45,BUY,
97,금융,PYPL,US20150721001,페이팔,45675475547,0.58,54.03,HOLD,
97,금융,ITUB,US20010702001,이타우 우니방쿠 홀딩스(ADR),44742235228,-1.2,8.23,,
97,금융,ARES,US20140501004,아레스 매니지먼트,44475532991,-0.09,131.52,BUY,
97,금융,SLF,US20000323001,선 라이프 파이낸셜,44083322523,0.7,80.23,BUY,
97,금융,IX,US19980916001,오릭스(ADR),43197155190,-0.42,39.94,,
97,금융,PAYX,US19830826001,페이첵스,40971480530,2.34,118.51,HOLD,목표가 상향
97,금융,PRU,US20011213002,푸르덴셜 파이낸셜,40887257843,0.22,119.5,HOLD,
97,금융,MSCI,US20071115001,MSCI,40074584607,-0.17,553.65,BUY,
97,금융,SHG,US20030916001,신한 파이낸셜 그룹(ADR),39221651078,0.06,84.11,,
97,금융,AIG,US19841010001,아메리칸 인터내셔널 그룹,39149647703,1.27,76.29,HOLD,
97,금융,RKT,US20200806007,로켓 컴퍼니스,37093750179,1.97,13.44,BUY,
97,금융,HIG,US19951215001,하트포드 파이낸셜 서비시스 그룹,37030872554,0.9,137.59,BUY,
97,금융,MTB,US19960919001,M&T 뱅크,36438112691,-0.84,237.82,HOLD,
97,금융,HBAN,US19900326022,헌팅턴 뱅크셰어스,34776011789,-0.47,16.78,BUY,
97,금융,NTRS,US19900326038,노던 트러스트,34693973662,-3.95,181.71,HOLD,
97,금융,RJF,US19860411001,레이먼드 제임스 파이낸셜,33163846472,-1.53,170.8,HOLD,
97,금융,ACGL,US19950914001,아치 캐피탈 그룹,33144386045,1.94,97.95,BUY,
97,금융,PUK,US20000628003,푸르덴셜(ADR),33051803603,-0.15,26.64,BUY,
97,금융,NMR,US20011217001,노무라 홀딩스(ADR),31546049176,-1.2,10.73,BUY,자사주 미매입
97,금융,CFG,US20140924001,시티즌스 파이낸셜 그룹,30627571863,0.09,70.54,BUY,
97,금융,BAP,US19951026001,크레디코프,29829834048,-0.49,376.04,BUY,
97,금융,CBOE,US20180917002,CBOE 글로벌 마켓,29170547139,1.23,284.5,HOLD,
97,금융,WTW,US20160105002,윌리스 타워스 왓슨,29132796916,2.6,323.82,BUY,
97,금융,LPLA,US20101118001,LPL 파이낸셜 홀딩스,27687786728,-2.23,345.89,BUY,
97,금융,FISV,US19860925001,파이서브,27261479099,-1.14,50.99,HOLD,
97,금융,RF,US19811101001,리전스 파이낸셜,26747298357,-0.33,30.03,HOLD,
97,금융,FLT,US20101215001,코페이,26640319373,1.06,412.56,BUY,
97,금융,SYF,US20140731002,싱크로니 파이낸셜,26021774220,-0.14,75.88,BUY,
97,금융,WRB,US19840907025,WR 버클리,25950588564,1.39,70.87,HOLD,
97,금융,CINF,US19900326005,신시내티 파이낸셜,25901854950,1.33,172.05,HOLD,
97,금융,KEY,US19920901001,키코프,24965657205,0.41,21.93,BUY,
97,금융,AFRM,US20210112001,어펌,23958565207,2.72,73.38,BUY,
97,금융,GPN,US20010116001,글로벌 페이먼츠,23220868665,2.15,90.19,BUY,
97,금융,FCNCA,US19920225004,퍼스트 시티즌스 뱅크셰어스,23025013893,0.04,2173.88,HOLD,UBS 의견 하향
97,금융,CRCL,NYS0250605001,써클 인터넷 그룹,22861070542,7.53,97.42,BUY,
97,금융,BSBR,US20091007002,방코 산탄데르 브라질(ADR),22732151376,-1.16,5.95,BUY,
97,금융,TROW,US19860409001,티 로웨 프라이스 그룹,22535253905,-0.46,105.8,HOLD,
97,금융,SOFI,US20210601001,소파이 테크놀로지스,22233757679,1.85,17.64,HOLD,
97,금융,BRO,US19810227001,브라운 앤 브라운,22012972090,3.23,68.33,HOLD,
97,금융,MKL,US19861219001,마켈 그룹,21971283278,0.8,1798.46,HOLD,
97,금융,TW,US20190403003,트레이드웹 마케츠,21270599753,2.79,104.27,BUY,
97,금융,BCH,US20020108001,방코 데 칠레(ADR),20943827028,-0.7,41.43,HOLD,
97,금융,EFX,US19710511001,에퀴팩스,19734024541,1.95,172.29,BUY,
97,금융,FIS,US20010806002,피델리티 내셔널 인포메이션 서비시스,19549233125,0.1,38.18,BUY,
97,금융,WF,US20190213002,우리 파이낸셜 그룹(ADR),19403830958,2.46,80.81,,
97,금융,UNM,US19861114001,유넘 그룹,19097586804,0.53,94.92,BUY,
97,금융,KSPI,NAS0240119005,카스피.kz(ADR),18866218317,0.51,100.4,BUY,
97,금융,TPG,US20220112008,TPG,18226300226,0.59,47.97,BUY,옵텀 구조조정 참여
97,금융,EWBC,US19990203001,이스트 웨스트 뱅코프,17590036134,0.5,129.81,BUY,
97,금융,IREN,US20211116005,아이렌,17166401116,-1.51,43.17,BUY,AI 인프라 수요 호조
97,금융,BEN,US19861205002,프랭클린 리소시스,16992663198,-0.53,33.47,HOLD,
97,금융,BBD,US19970613001,방쿠 브라데스쿠 우선주(ADR),16835146878,-1.67,3.54,BUY,
97,금융,BBDO,US20120313001,방쿠 브라데스쿠(ADR),16835146878,-0.63,3.18,,
97,금융,BSAC,US19940518001,방코 산탄데르 칠레(ADR),16477579426,-1.25,34.75,HOLD,
97,금융,OWL,US20210520006,블루 아울 캐피탈,16363742845,-1.23,10.43,BUY,
97,금융,RGA,US20080912001,리인슈어런스 그룹 오브 아메리카,16142912258,0.13,249.05,BUY,
97,금융,JLL,US19970717001,존스 랭 라살,15866071230,-0.99,343.55,,
97,금융,FUTU,US20191017002,푸투 홀딩스(ADR),15707872424,-1.45,111.1,BUY,
97,금융,PNFP,US20000822001,피너클 파이낸셜 파트너스,15686268260,0.83,100.09,BUY,
97,금융,CRBG,US20220913001,코어브리지 파이낸셜,15360807926,0.37,34.8,BUY,
97,금융,BMNR,AMX0250605001,비트마인 이머션 테크놀로지스,15349937838,2.92,25.76,BUY,
97,금융,EQH,US20180509001,에퀴터블 홀딩스,15231951254,0.62,53.67,BUY,
97,금융,CG,US20161109004,칼라일 그룹,14995245290,-1.25,41.81,HOLD,
97,금융,PS,NYS2604029001,퍼싱스퀘어,14976231134,6.11,39.97,,
97,금융,TRU,US20150625009,트랜스유니언,14796651532,1.45,78.83,BUY,
97,금융,RNR,US19960724001,르네상스리 홀딩스,14290761150,1.73,330.62,HOLD,
97,금융,EG,US19951003001,에베레스트 그룹,14165576186,2.11,379.54,HOLD,
97,금융,IVZ,US19940301001,인베스코,14164823146,-2.39,31.51,HOLD,
97,금융,ARCC,US20041005001,아레스 캐피탈,14087448231,0.3,19.8,BUY,
97,금융,AIZ,US20040205001,어슈런트,13847141013,0.29,283.27,BUY,
97,금융,AEG,US19850701002,아혼(ADR),13297397635,0,9.06,BUY,
97,금융,GL,US20190809003,글로브 라이프,13074205892,1.02,172.92,BUY,
97,금융,CNA,US19690203001,CNA 파이낸셜,12820983939,0.88,48.09,HOLD,
97,금융,SEIC,US19810325001,SEI 인베스트먼트,12755490154,-1.31,105.53,BUY,
97,금융,ERIE,US19951002001,이리 인뎀너티,12734553670,3.6,253.85,BUY,
97,금융,ALLY,US20140410002,앨라이 파이낸셜,12719739177,-0.31,41.94,BUY,
97,금융,SF,US19861124001,스티펄 파이낸셜,12477769100,-2.24,77.97,BUY,
97,금융,PAYP,NAS2603012007,페이페이(ADR),12412258939,1.41,18.71,BUY,
97,금융,FHN,US19730131001,퍼스트 호라이즌,12137452587,-0.61,24.32,BUY,
97,금융,HUT,US20210615004,허트 8,12079365611,-7.62,91.09,BUY,클래리티법 기대
97,금융,JEF,US20180524002,제프리스 파이낸셜 그룹,11906537097,-3.58,50.1,BUY,
97,금융,AFG,US19781114001,아메리칸 파이낸셜 그룹,11699838980,1.23,143.7,HOLD,
97,금융,EVR,US20060811001,에버코어,11471797652,-2.03,275.49,BUY,
97,금융,UMBF,US19900327006,UMB 파이낸셜,10838177299,0.24,139.82,BUY,
97,금융,WTFC,US19980416002,윈트러스트 파이낸셜,10643422539,-0.15,151.93,BUY,
97,금융,FRHC,US20191015001,프리덤 홀딩,10492564128,-0.1,165.34,,
97,금융,BPOP,US19900326002,파퓰러,10377588334,1.12,165.55,BUY,
97,금융,SSB,US20140701005,사우스스테이트,10214768747,0.12,106.11,BUY,
97,금융,XP,US20191210001,XP,10198719736,-1.36,19.59,BUY,
97,금융,CFR,US19860630001,컬런 프로스트 뱅커스,10159625583,0.29,163.39,HOLD,
97,금융,OSCR,US20210301020,오스카 헬스,10052697398,3.17,33.81,HOLD,목표가 상향
97,금융,ZION,US19900326058,자이언스 뱅코프,10020905890,0.65,69.2,HOLD,매수의견 상향
97,금융,ONB,US20130815001,올드 내셔널 뱅코프,9984709552,0.78,25.86,BUY,JP모건 비중확대
97,금융,ORI,US19900919001,올드 리퍼블릭 인터내셔널,9915216820,0.9,41.33,BUY,
97,금융,JXN,US20210920008,잭슨 파이낸셜,9860552264,0.48,138.78,BUY,
97,금융,FCFS,US20181008003,퍼스트캐시 홀딩스,9844925581,-2.99,221.56,BUY,
97,금융,RYAN,US20210721011,라이언 스페셜티 홀딩스,9692268926,4.12,39.69,BUY,
97,금융,VOYA,US20130502003,보야 파이낸셜,9589765873,-0.26,103.14,BUY,
97,금융,HLI,US20150813002,훌리한 로키,9489049342,0.89,137.82,HOLD,
97,금융,GLXY,NAS0250516003,갤럭시 디지털,9479606237,-1.07,24.14,BUY,
97,금융,VIRT,US20150416001,VIRTU FINANCIAL INC,9387959831,-1.53,59.93,,
97,금융,AMG,US19971121003,어필리에이티드 매니저스 그룹,9140043928,-1.58,349.98,BUY,
97,금융,PRI,US20100401001,프라이메리카,8945712182,1.01,295.4,HOLD,
97,금융,WAL,US20050630003,웨스턴 얼라이언스 뱅코프,8895260604,-0.14,79.18,BUY,
97,금융,LNC,US19690820001,링컨 내셔널,8860159394,0.46,44.04,HOLD,
97,금융,PB,US19981112001,프로스페리티 뱅크셰어스,8522390519,0.21,71.5,HOLD,
97,금융,COLB,US19880728001,컬럼비아 뱅킹 시스템즈,8466308845,0,30.11,BUY,
97,금융,SNEX,US20200706003,스토넥스 그룹,8436106269,-2.6,68.54,BUY,
97,금융,CBSH,US19840907013,커머스 뱅크셰어스,8304040248,0.69,58.65,HOLD,
97,금융,WULF,US20211214013,테라울프,8301864862,-7.71,15.45,BUY,매수의견 개시
97,금융,BOKF,US19950110001,BOK 파이낸셜,8195238758,0.49,136.36,HOLD,
97,금융,KNSL,US20220103008,킨세일 캐피탈 그룹,8150517395,1.08,363.89,HOLD,
97,금융,RIOT,US20171019002,라이엇 플랫폼스,8007740827,-2.42,20.95,BUY,채굴 업황 약세
97,금융,VLY,US20181010003,벨리 내셔널 뱅코프,7950739376,0.29,13.84,BUY,
97,금융,THG,US19951011001,하노버 인슈어런스 그룹,7815905700,2.37,231.19,HOLD,
97,금융,FIGR,NAS0250911001,피규어 테크놀로지 솔루션스,7748240143,2.09,35.6,BUY,
97,금융,CBC,NAS0251120002,센트럴 뱅컴퍼니,7715086135,0.31,32.51,BUY,
97,금융,APLD,US20220413001,어플라이드 디지털,7653714775,-6.96,24.58,BUY,
97,금융,AXS,US20030701001,액시스 캐피탈 홀딩스,7524702358,1.79,100.0,BUY,
97,금융,FAF,US20100524001,퍼스트 아메리칸 파이낸셜,7284103677,1.91,73.15,BUY,
97,금융,OMF,US20151127002,원메인 홀딩스,7174887096,0.72,63.2,BUY,
97,금융,MORN,US20050503002,모닝스타,7122200095,5.62,201.75,,
97,금융,CIFR,US20210830003,사이퍼 마이닝,6950676463,-7.24,15.63,BUY,비트코인 반등
97,금융,MAAS,US20190329003,마스,6939430088,6.33,16.79,,
97,금융,ACT,US20210510001,인액트 홀딩스,6754429187,1.27,50.06,HOLD,
97,금융,VCTR,US20180207002,빅토리 캐피탈 홀딩스,6743186015,-1.11,109.08,HOLD,
97,금융,WEX,US20050216001,웩스,6487556764,4.82,200.75,HOLD,
97,금융,PJT,US20151002002,PJT 파트너스,6468870074,-1.48,160.79,HOLD,
97,금융,FNB,US19860930001,FNB,6424083364,0,18.31,BUY,중립의견 개시
97,금융,UBSI,US19900326051,유나이티드 뱅크셰어스,6392784955,1.0,47.69,HOLD,
97,금융,MTG,US19910807001,MGIC 인베스트먼트,6267134872,0.42,30.87,HOLD,
97,금융,CACC,US19920605001,크레디트 억셉턴스,6234161001,0.06,604.6,,
97,금융,ESNT,US20131031001,이센트 그룹,6090459187,0.91,68.8,HOLD,
97,금융,IFS,US20190718005,인터코프 파이낸셜 서비시스,6041947714,-0.09,54.68,BUY,
97,금융,HWC,US20180525001,핸콕 휘트니,6000019192,0.62,75.72,BUY,
97,금융,HOMB,US20211122005,홈 뱅크셰어스,5958973004,0.1,30.0,HOLD,
97,금융,ASB,US20141223002,어소시에이티드 뱅크,5943345111,-0.33,29.94,BUY,
97,금융,GBCI,US19920127001,글레이셔 뱅코프,5931269158,-0.17,45.75,,
97,금융,FLG,US19931123001,플래그스타 파이낸셜,5924693225,-1.21,13.02,BUY,
97,금융,STEP,US20200915009,스텝스톤 그룹,5867548409,5.09,51.41,BUY,
97,금융,AUB,NYS0230118002,애틀랜틱 유니언 뱅크셰어스,5801210970,0.55,39.94,,
97,금융,GGAL,US20000724001,그루포 피난시에로 갈리시아(ADR),5776196285,-2.05,42.96,BUY,
97,금융,BGC,US19991210001,BGC 그룹,5751186406,-0.08,12.16,,
97,금융,CORZ,NAS0240124001,코어 사이언티픽,5729737775,-5.46,16.96,BUY,
97,금융,MKTX,US20041105001,마켓액세스 홀딩스,5701504499,0.07,163.12,HOLD,
97,금융,BXSL,US20211028004,블랙스톤 담보 대출 펀드,5652164839,0.98,24.65,BUY,
97,금융,ABCB,US19940519001,아메리스 뱅코프,5646697954,0.19,84.82,HOLD,
97,금융,MCY,US19961009002,머큐리 제너럴,5633949306,1.07,103.44,BUY,
97,금융,OZK,US20180716001,뱅크 OZK,5535735704,0.06,49.12,HOLD,
97,금융,ENVA,US20141114003,이노바 인터내셔널,5530399685,1.45,226.72,,인수 신청 철회
97,금융,HRB,US19691013001,H&R 블록,5527885540,1.37,45.74,HOLD,
97,금융,RLI,US19870508001,RLI,5516625364,1.42,61.34,HOLD,
97,금융,SIGI,US19900326046,셀렉티브 인슈어런스 그룹,5471149010,-0.95,89.48,HOLD,
97,금융,OBDC,US20190717006,블루 아울 캐피탈 코퍼레이션,5430742064,0,11.08,BUY,
97,금융,BBUC,US20220315001,브룩필드 비즈니스,5392679224,-2.04,25.87,BUY,
97,금융,PIPR,US20200106001,파이퍼 샌들러,5368434538,-2.34,74.64,BUY,
97,금융,EXLS,US20061020001,엑슬서비스 홀딩스,5313298764,3.4,36.46,BUY,
97,금융,AX,US20181001004,액소스 파이낸셜,5258866952,0.53,93.75,BUY,
97,금융,HLNE,US20170301001,해밀턴 레인,5257304198,0.34,96.31,BUY,
97,금융,BLSH,NYS0250813001,불리쉬,5246465126,7.12,37.62,,
97,금융,MAIN,US20071005003,메인 스트리트 캐피탈,5225028613,0.27,56.37,HOLD,
97,금융,MRX,NAS0240425002,마렉스 그룹,5218973549,-3.11,70.73,BUY,
97,금융,KLAR,NYS0250910001,클라르나,5197461369,3.04,14.25,BUY,
97,금융,SLM,US19840410001,SLM,5159125552,1.42,26.41,BUY,
97,금융,CNO,US20030930001,CNO 파이낸셜 그룹,5052166296,1.07,55.53,HOLD,
97,금융,MC,US20140415002,모엘리스,4981046394,-2.06,62.71,HOLD,
97,금융,EBC,US20201015006,이스턴 뱅크셰어스,4905788645,1.11,21.84,BUY,
97,금융,OTF,NYS0250612001,블루 아울 테크놀로지 파이낸스,4877279332,-0.75,10.63,BUY,
97,금융,BULL,US20220815003,위불,4873505035,-2.06,9.03,,
97,금융,WTM,US19860509002,화이트 마운틴스 인슈어런스 그룹,4870451873,0.19,2057.0,HOLD,
97,금융,BMA,US20060324001,방코 마크로(ADR),4858706795,-1.03,77.02,BUY,
97,금융,CIGI,US20150603001,콜리어스 인터내셔널 그룹,4741487588,0.7,94.0,,
97,금융,TFSL,US20070423001,TFS 파이낸셜,4741278443,0.59,17.11,,
97,금융,FFIN,US19931101001,퍼스트 파이낸셜 뱅크셰어스,4723794447,0.97,33.26,HOLD,
97,금융,RDN,US19921030001,라디안 그룹,4683871893,0.65,35.85,BUY,
97,금융,HGTY,US20211203007,해거티,4627730262,2.8,13.93,HOLD,
97,금융,RELY,US20210922012,레미틀리 글로벌,4626582343,1.18,22.25,BUY,
97,금융,FULT,US19900326020,풀턴 파이낸셜,4619835028,0.64,23.75,BUY,
97,금융,MARA,US20140728001,마라 홀딩스,4599680419,-4.01,11.5,BUY,의견 하향
97,금융,SFBS,US20210621007,서비스퍼스트 뱅크셰어스,4578649404,0.4,42.3,,
97,금융,PAY,US20210524004,페이먼트어스 홀딩스,4553780457,1.92,37.08,BUY,
97,금융,TCBI,US20030813002,텍사스 캐피탈 뱅크셰어스,4516718425,-0.66,98.44,HOLD,
97,금융,NNI,US20031211001,넬넷,4505290229,0.63,127.49,,
97,금융,WAY,NAS0240607007,웨이스타 홀딩,4472926864,6.18,24.92,BUY,
97,금융,DX,US19880229002,다이넥스 캐피탈,4439147870,-0.88,12.41,,
97,금융,FHI,US20200203008,페더레이티드 헤르메스,4420426184,-0.97,58.99,HOLD,
97,금융,IBOC,US19960530003,인터내셔널 뱅크셰어스,4384996349,1.16,71.76,,
97,금융,NP,NYS0251001002,넵튠 인슈어런스,4310154593,-0.85,31.33,BUY,
97,금융,DLO,US20210602001,디로컬,4259771785,-0.13,14.84,BUY,
97,금융,BFH,US20010607001,브레드 파이낸셜 홀딩스,4252092271,2.69,109.23,BUY,웰스파고 의견 개시
97,금융,UCB,US20020321001,유나이티드 커뮤니티 뱅크,4229194544,0.26,35.38,BUY,
97,금융,FBP,US19930311002,퍼스트 뱅코프 푸에르토리코,4201638239,1.66,28.15,BUY,
97,금융,FOUR,US20200604010,시프트4 페이먼츠,4150965821,0.6,45.32,BUY,아웃퍼폼 유지
97,금융,CATY,US19901217001,캐세이 제너럴 뱅코프,4111728808,0.68,62.43,HOLD,
97,금융,BWIN,US20191023001,볼드윈 인슈어런스 그룹,4110935295,7.93,32.0,BUY,비공개 전환 합의
97,금융,MIAX,NYS0250814001,마이애미 인터내셔널 홀딩스,4090043052,0.72,41.77,BUY,
97,금융,WSBC,US19950818022,웨스뱅코,4062012096,0.45,40.36,BUY,
97,금융,WSFS,US19861126001,WSFS 파이낸셜,4048645319,1.15,80.65,,
97,금융,LAZ,NYS0240102004,라자드,3980825466,-3.31,39.74,HOLD,
97,금융,SEZL,NAS0230817006,세즐,3978569694,2.04,121.3,BUY,
97,금융,GNW,US20040525001,젠워스 파이낸셜,3939517456,1.05,10.6,BUY,
97,금융,CVBF,US19920317001,CVB 파이낸셜,3925329458,1.38,22.75,BUY,
97,금융,INDB,US19860101001,인디펜던트 뱅코프 매사추세츠,3895449362,0.66,83.29,BUY,
97,금융,GPGI,US20211228001,GPGI INC,3832056649,-2.41,12.98,HOLD,
97,금융,CNS,US20040813001,코헨 앤 스티어스,3830571556,-1.12,74.11,HOLD,
97,금융,LMND,US20200701007,레모네이드,3800107114,1.28,50.03,HOLD,
97,금융,HG,NYS0231110001,해밀턴 인슈어런스 그룹,3731840802,0.34,34.97,BUY,
97,금융,IOND,NAS2607028003,아이오닉 디지털,3729378764,-4.23,79.86,BUY,
97,금융,BHF,US20170807001,브라이트하우스 파이낸셜,3715096171,-0.22,50.0,HOLD,
97,금융,RNST,US19920424002,르네산트,3703864113,0.54,40.99,,
97,금융,BANF,US19950401001,뱅크퍼스트,3703407693,0.58,111.54,,
97,금융,PFSI,US20130509001,페니맥 파이낸셜 서비시스,3633050601,-1.98,68.97,BUY,
97,금융,WT,US19920615001,위즈덤트리,3603603253,-4.76,22.79,BUY,
97,금융,NIC,US20220524004,니콜레 뱅크셰어스,3548785828,0.63,171.44,BUY,
97,금융,FIBK,US20100324001,퍼스트 인터스테이트 뱅크시스템,3497216427,1.03,37.3,HOLD,
97,금융,PLMR,US20190416004,팔로마 홀딩스,3496198087,2.99,137.65,BUY,
97,금융,CLSK,US20200124001,클린스파크,3489308184,-2.85,13.28,BUY,
97,금융,BANC,US20140530001,뱅크 오브 캘리포니아,3433919018,-0.49,18.46,BUY,
97,금융,NATL,NYS0231017001,NCR 애틀리오스,3424093470,-0.75,46.27,HOLD,
97,금융,TOWN,US19990505001,타운뱅크,3399349206,0.95,37.35,BUY,
97,금융,SII,US20200629003,스프랏,3399342198,-1.03,131.68,,
97,금융,FFBC,US19900326016,퍼스트 파이낸셜 뱅코프,3390713498,0.71,32.73,,
97,금융,PRK,US19900101002,파크 내셔널,3365324858,0.07,187.58,HOLD,
97,금융,SFNC,US19921102001,시몬스 퍼스트 내셔널,3330864448,0.26,23.25,BUY,
97,금융,GBDC,US20100414001,골럽 캐피탈 BDC,3300718229,0.08,12.47,BUY,금리 리스크 부담
97,금융,NMIH,US20131108001,NMI 홀딩스,3281205453,0.52,44.12,BUY,
97,금융,CBU,US19840718001,커뮤니티 파이낸셜 시스템즈,3270557916,1.28,63.34,,
97,금융,SBCF,US19900326045,시코스트 뱅킹 오브 플로리다,3270008126,1.12,34.36,HOLD,
97,금융,FSK,US20181220001,FS KKR 캐피탈,3265675066,1.18,12.03,,
97,금융,BOH,US19910424001,뱅크 오브 하와이,3248796580,0.26,76.0,HOLD,
97,금융,HTGC,US20050609002,허큘리스 캐피탈,3238679795,0.98,17.58,BUY,
97,금융,AAMI,US20180326004,아카디안 에셋 매니지먼트,3210637836,-2.31,88.92,,
97,금융,AGO,US20040423001,어슈어드 개런티,3186179751,-0.01,72.92,BUY,UBS 매수의견 유지
97,금융,BKU,US20110128003,뱅크유나이티드,3170353344,-0.69,44.47,,
97,금융,FHB,US20160805001,퍼스트 하와이안,3114798384,0.12,25.78,HOLD,
97,금융,CLBK,US20180420001,컬럼비아 파이낸셜,3088927588,-1.13,11.4,BUY,
97,금융,APAM,US20130301001,아티잔 파트너스 에셋 매니지먼트,3054746512,-1.11,37.49,HOLD,
97,금융,BBAR,US20190617004,BBVA 아르헨티나(ADR),3022563197,-0.6,14.8,BUY,
97,금융,PFS,US20030116001,프로비던트 파이낸셜 서비스,3020339463,0.17,23.34,BUY,
97,금융,CWK,US20180801006,쿠쉬맨 앤드 웨이크필드,3009366535,-1.55,12.7,,
97,금융,FG,NYS0221201001,F&G 어뉴어티스 앤 라이프,2999675652,0.3,23.12,HOLD,
97,금융,MBIN,US20171026002,머천츠 뱅코프,2954858029,0.04,53.17,HOLD,
97,금융,BTDR,NAS0230414002,비트디어 테크놀로지스 그룹,2892308283,-2.51,11.66,BUY,
97,금융,SLDE,NAS0250618006,슬라이드 인슈어런스,2883931423,5.6,26.23,BUY,
97,금융,AGM,US19881201001,페더럴 애그리컬처럴 모기지,2839877272,-0.13,225.21,,
97,금융,AGM.A,US19881201002,페더럴 애그리컬처럴 모기지 A,2839877272,0.31,156.51,,
97,금융,PAGS,US20180123003,파그세구로 디지털,2811507819,-1.88,9.93,HOLD,
97,금융,SPNT,US20210301022,시리우스포인트,2794072333,1.74,24.62,BUY,
97,금융,LCLN,NYS2605020001,링컨 인터내셔널,2732440825,1.06,26.81,BUY,
97,금융,FBK,US20160916004,FB 파이낸셜,2720134845,0.73,55.16,BUY,
97,금융,TRMK,US19920303007,트러스트마크,2711540379,0.32,47.13,HOLD,
97,금융,CUBI,US20141230001,커스터머스 뱅코프,2703523859,0.04,78.91,BUY,
97,금융,EEFT,US19970307001,유로넷 월드와이드,2683348906,-1.23,71.29,BUY,
97,금융,NBTB,US19920317006,NBT 뱅코프,2671523835,0.79,52.14,HOLD,
97,금융,WAFD,US19900326056,워페드,2664908265,-0.86,33.59,,
97,금융,FBNC,US19870430001,퍼스트 뱅코프 오브 노스 캐롤라이나,2644159965,0.51,64.63,BUY,
97,금융,BBT,US20000628001,비콘 파이낸셜 코퍼레이션,2610798119,0.06,31.36,HOLD,
97,금융,ALHC,US20210324001,얼라인먼트 헬스케어,2599826443,2.62,12.94,BUY,
97,금융,NMRK,US20171214002,뉴마크 그룹,2597400878,-1.53,14.2,,
97,금융,BANR,US19951101001,배너,2596484049,0.91,71.95,BUY,
97,금융,GCMG,US20201118002,GCM 그로스베너,2587992294,-1.56,12.64,,
97,금융,FRME,US19920225006,퍼스트 머천츠,2566355188,0.97,41.51,,
97,금융,LIFE,NAS0260129004,에토스 테크놀로지스,2550688339,-2.21,39.36,BUY,
97,금융,CLOV,US20210108001,클로버 헬스 인베스트먼츠,2544580927,5.81,5.1,HOLD,
97,금융,INTR,US20220623004,인터 & CO,2505545543,-2.28,5.58,BUY,
97,금융,SKWD,NAS0230113003,스카이워드 스페셜티 인슈어런스 그룹,2503715162,2.84,58.35,BUY,
97,금융,BUSE,US19981006001,퍼스트 뷰지,2498472297,0.3,30.53,BUY,
97,금융,BNT,NYS0221214001,브룩필드 웰스 솔루션즈,2488851906,-1.42,37.58,,
97,금융,UPST,US20201215008,업스타트 홀딩스,2475074496,1.95,26.09,BUY,CEO 자사주 매입
97,금융,SYBT,US19880101001,스탁 야즈 뱅코프,2462166855,0.9,80.46,HOLD,
97,금융,STNE,US20181025002,스톤코,2441643584,-1.68,9.93,BUY,
97,금융,ETOR,NAS0250514002,이토로 그룹,2398947310,-1.45,29.91,BUY,
97,금융,PAYO,US20210628005,페이오니아 글로벌,2397924348,0.28,7.14,HOLD,
97,금융,NTB,US20160916005,뱅크 오브 NT 버터필드 앤 선,2391827181,-0.51,59.93,,
97,금융,EFSC,US19980908001,엔터프라이즈 파이낸셜 서비시스,2355845071,-0.06,64.09,BUY,
97,금융,HCI,US20080915001,HCI 그룹,2296200491,0.43,186.52,BUY,
97,금융,NWBI,US19940812001,노스웨스트 뱅크셰어스,2254834996,0.39,15.55,,
97,금융,BXMT,US20130508003,블랙스톤 모기지,2236353384,-1.35,13.17,BUY,
97,금융,DBD,NYS0230814001,다이볼드 닉스도프,2214008471,-0.94,65.0,,
97,금융,OFG,US19941229002,OFG 뱅코프,2212145694,0.46,52.9,HOLD,
97,금융,HTH,US20040212001,힐탑 홀딩스,2202343455,0.44,38.85,,
97,금융,FLYW,US20210525003,플라이와이어,2160959763,1.29,18.1,BUY,
97,금융,UWMC,US20210122019,UWM 홀딩스,2152384849,-1.48,1.33,BUY,
97,금융,WU,US20060920003,웨스턴 유니온,2148158210,1.44,7.03,SELL,
97,금융,FCF,US19920610001,퍼스트 커먼웰스 파이낸셜,2140386258,0.33,21.38,,
97,금융,SRCE,US19830812001,퍼스트 소스,2086188553,0.14,87.28,,
97,금융,PGNY,US20191024004,프로지니,2085697533,1.83,27.85,BUY,
97,금융,ECPG,US19990709001,앙코어 캐피탈 그룹,2077663948,1.26,99.8,,
97,금융,PLGO,NYS0230628001,펠라고스 인슈어런스 캐피탈,2072057183,-0.52,24.92,HOLD,
97,금융,TBBK,US20040203001,뱅코프,2052459419,-0.77,50.24,BUY,
97,금융,GSHD,US20180426003,구스헤드 인슈어런스,2018431239,4.77,59.91,HOLD,
97,금융,AVAL,US20140923002,그루포 아발 악시오네스 이 발로레스(ADR),2011353014,0.19,5.36,HOLD,
97,금융,CHCO,US19930219002,시티 홀딩,2009626975,0.77,145.07,,
97,금융,STC,US19940105001,스튜어트 인포메이션 서비스,2009477121,1.18,67.02,BUY,
97,금융,EZPW,US19910827001,이즈코프,1982915868,-0.52,32.3,BUY,
97,금융,HMN,US19911121001,호레이스 만 에듀케이터스,1963206592,2.07,49.78,BUY,
97,금융,LC,US20141211003,해펀,1927037215,-0.6,16.7,BUY,
97,금융,LOB,US20150723001,라이브 오크 뱅크셰어스,1905953101,0.38,39.4,,
97,금융,EFC,US20101008001,엘링턴 파이낸셜,1882475293,-0.62,12.81,BUY,
97,금융,RBCAA,US19980722001,리퍼블릭 뱅코프,1878667927,0.34,96.6,HOLD,
97,금융,DCOM,US19960626001,다임 커뮤니티 뱅크셰어스,1875414647,0.74,41.01,,
97,금융,FSUN,NAS0240712001,퍼스트선 캐피탈 뱅코프,1859418519,0.1,40.2,,
97,금융,GABC,US19930521001,저먼 아메리칸 뱅코프,1858159575,0.34,49.92,BUY,
97,금융,NBHC,US20120920001,내셔널 뱅크 홀딩스,1848643670,-0.05,41.74,BUY,
97,금융,OCFC,US19960703001,오션퍼스트 파이낸셜,1803943308,-0.59,18.67,HOLD,
97,금융,TOP,US20220601002,탑 파이낸셜 그룹,1798789332,0.27,14.67,,
97,금융,EVTC,US20130412001,에버텍,1792642809,0.2,29.33,,
97,금융,HOPE,US20160801003,호프 뱅코프,1769876041,0.72,14.04,BUY,
97,금융,STBA,US19920421001,S&T 뱅코프,1752185195,1.06,50.52,,
97,금융,BY,US20170628004,바이라인 뱅코프,1736716895,-0.62,38.43,BUY,
97,금융,NYAX,US20220921003,나약스,1717346339,-2.14,46.19,BUY,
97,금융,PAX,US20210122014,파트리아 인베스트먼츠,1712988410,-1.32,10.48,HOLD,
97,금융,CNOB,US20130212001,커넥트원 뱅코프,1706302063,0.16,31.85,BUY,
97,금융,BFC,US20181024004,뱅크 퍼스트,1701303610,-0.8,153.18,,이사 주식 매도
97,금융,TCBK,US19930420001,트라이코 뱅크셰어스,1700752117,0.21,53.64,HOLD,
97,금융,TSLX,US20140325002,식스스 스트리트 스페셜티 렌딩,1695300575,2.01,18.25,BUY,
97,금융,QCRH,US19931006001,QCR 홀딩스,1669417150,0.07,102.64,,
97,금융,CASH,US19930920001,패스워드 파이낸셜,1623255007,0.13,78.72,,
97,금융,KMPR,US19910918001,켐퍼,1595876996,2.39,27.9,HOLD,
97,금융,WLTH,NAS0251212009,웰스프론트 코퍼레이션,1540927183,2.41,10.63,,
97,금융,CSWC,US19900327002,캐피탈 사우스웨스트,1532332669,-0.25,24.13,BUY,
97,금융,SAFT,US20021122001,세이프티 인슈어런스 그룹,1509008794,-0.1,103.32,HOLD,
97,금융,LKFN,US19970814001,레이크랜드 파이낸셜,1496716615,0.3,60.76,HOLD,
97,금융,ATLC,US19990423001,애틀랜티쿠스 홀딩스,1491164478,0.56,94.99,BUY,
97,금융,ESQ,US20170627001,에스콰이어 파이낸셜 홀딩스,1442019152,0.39,120.33,,
97,금융,BHRB,NAS0230426001,버크 앤드 허버트 파이낸셜 서비시스,1435184186,0.1,71.6,BUY,
97,금융,AMAL,US20180809001,아말거메이티드 파이낸셜,1422602847,-0.25,47.75,BUY,
97,금융,PEBO,US19930211001,피플스 뱅코프,1422149150,0.18,39.88,,
97,금융,UFCS,US19900326052,유나이티드 파이어 그룹,1414897239,0.14,55.46,BUY,
97,금융,TMP,US19900328001,톰킨스 파이낸셜,1412805346,0.05,98.88,,
97,금융,CTBI,US19930517001,커뮤니티 트러스트 뱅코프,1402510913,0.26,77.87,BUY,
97,금융,WD,US20101215002,워커 앤 던롭,1382749462,-0.07,40.5,BUY,
97,금융,PWP,US20210625003,페렐라 와인버그 파트너스,1382384800,-2.77,14.38,BUY,
97,금융,WABC,US19920317013,웨스트아메리카 뱅코프,1357320865,1.49,59.97,,
97,금융,FMBH,US20140512001,퍼스트 미드 뱅크셰어스,1348963594,0.1,51.07,,
97,금융,SECZ,NAS0250502001,시큐리타이즈,1341984027,-0.73,8.21,BUY,
97,금융,HBT,US20191010001,HBT 파이낸셜,1319622331,0.3,36.62,,
97,금융,OPY,US19960828001,오펜하이머 홀딩스,1299936702,-3.09,119.48,,
97,금융,OSBC,US19950818012,올드 세컨드 뱅코프,1293474874,-0.23,25.52,BUY,
97,금융,SACH,US20170210003,새켐 캐피탈,1280569497,6.2,0.9901,,
97,금융,CODI,US20060511001,컴퍼스 다이버시파이드,1250169146,2.72,11.31,BUY,
97,금융,PSEC,US20040727001,프로스펙트 캐피탈,1240625601,-0.9,2.2,,
97,금융,PMT,US20090730002,페니맥 모기지 인베스트먼트,1237038103,-1.31,9.05,HOLD,
97,금융,MSDL,NYS0240124002,모건스탠리 직접금융 펀드,1229651490,0,14.71,,
97,금융,THFF,US19920303006,퍼스트 파이낸셜,1229457348,0.55,78.27,HOLD,
97,금융,UVE,US20131204002,유니버설 인슈어런스 홀딩스,1226205895,0.83,44.7,HOLD,
97,금융,PFBC,US19990819001,프리퍼드 뱅크 로스 앤젤리스,1213199841,2.08,105.12,,
97,금융,MMI,US20131107004,마커스 앤 밀리쳅,1177013953,-0.99,30.96,,
97,금융,DFIN,US20161006002,도넬리 파이낸셜 솔루션즈,1171689430,1.02,48.44,,
97,금융,UVSP,US19980416001,유니베스트 파이낸셜,1169703853,0.49,42.88,,
97,금융,HFWA,US19980109001,헤리티지 파이낸셜,1155331553,0.46,28.54,HOLD,
97,금융,AMTB,US20181024002,아머란트 뱅코프,1142048581,0.75,29.54,,
97,금융,FSBC,US20210504002,파이브 스타 뱅코프,1131808944,-0.84,46.02,,
97,금융,NBN,US19870820002,노스이스트 뱅크,1127871764,-0.31,132.23,,
97,금융,MCB,US20171107005,메트로폴리탄 뱅크,1118739041,0.55,91.29,BUY,
97,금융,OCSL,NAS0230123005,오크트리 스페셜티 렌딩,1109246519,0.32,12.71,,
97,금융,BOW,NYS0240522001,보우헤드 스페셜티 홀딩스,1102460486,0.15,33.72,HOLD,
97,금융,CFFN,US19990401001,캐피톨 페더럴 파이낸셜,1101906774,1.02,8.91,HOLD,
97,금융,IGIC,US20200318001,인터내셔널 제너럴 인슈어런스 홀딩스,1101830988,-1.04,25.72,BUY,
97,금융,TRUP,US20160620001,트루패니언,1085338729,5.18,26.18,BUY,
97,금융,GSBD,US20150318001,골드만삭스 BDC,1076319135,0.1,9.63,HOLD,
97,금융,CCNE,US19960530002,CNB 파이낸셜,1074515129,0.41,34.62,BUY,
97,금융,MBWM,US19971024001,머천틸 뱅크,1060733469,-0.65,61.34,BUY,
97,금융,AGBK,NYS2602011001,아지뱅크,1057057703,-3.16,6.44,BUY,
97,금융,LU,US20201030004,루팍스 홀딩(ADR),1042306684,7.44,1.3,BUY,
97,금융,EQBK,US20151110001,에퀴티 뱅크셰어스,1024377116,0.36,50.23,BUY,
97,금융,HRTG,US20140522002,헤리티지 인슈어런스 홀딩스,1021885206,1.47,35.09,,
97,금융,BFST,US20180409001,비즈니스 퍼스트 뱅크셰어스,1016488653,0.22,31.49,BUY,
97,금융,MCBS,US20191003001,메트로시티 뱅크셰어스,1015510950,-0.17,35.44,,
97,금융,HBNC,US19940425002,호라이즌 뱅코프,1009409295,0,19.78,BUY,
97,금융,NBBK,NAS0231228001,NB 뱅코프,992541456,0.44,22.89,,
97,금융,TRST,US19900326049,트러스트코 뱅크 NY,989209886,0.29,58.62,,
97,금융,CAC,US19971007001,캠던 내셔널,973052509,0.64,58.31,,
97,금융,VRTS,US19931208001,버투스 인베스트먼트 파트너스,970305058,-2.64,143.52,HOLD,운용자산 감소
97,금융,CPF,US19880129001,센트럴 퍼시픽 파이낸셜,968093231,0,37.83,BUY,
97,금융,SBSI,US19980513002,사우스사이드 뱅크셰어스,950119931,0.31,32.17,HOLD,
97,금융,BUR,US20201019004,버포드 캐피탈,949375164,0.92,4.39,BUY,
97,금융,HAFC,US19970509004,한미 파이낸셜,937104078,0.79,32.05,HOLD,
97,금융,MPB,US19971204001,미드 펜 뱅코프,933456539,0.08,37.1,BUY,
97,금융,FMNB,US19990104004,파머스 내셔널 뱅코프,926877218,0.64,15.84,,
97,금융,ABL,US20200914001,애버커스 글로벌 매니지먼트,924340269,-0.21,9.49,,
97,금융,BBDC,US20180803001,베어링스 BDC,912686762,0,8.77,BUY,
97,금융,FRBT,NAS2606011003,포브라이트,903461318,2.82,18.94,BUY,
97,금융,TIGR,US20190319001,업 핀테크 홀딩스(ADR),901973798,0.41,4.85,,
97,금융,IVR,US20090625001,인베스코 모기지 캐피탈,891668688,-1.91,6.67,,
97,금융,FCBC,US19970509003,퍼스트 커뮤니티 뱅크셰어스,888635124,0.3,47.42,HOLD,
97,금융,RPC,US20211020014,릿지포스트 캐피탈,888588800,-0.74,8.05,,
97,금융,SMBK,US20151221001,스마트파이낸셜,887784213,-0.31,52.08,BUY,
97,금융,EIG,US20070131001,임플로이어스 홀딩스,886486662,1.11,50.21,HOLD,
97,금융,WRLD,US19911126001,월드 억셉턴스,884084240,0.53,191.76,,
97,금융,NAVI,US20140502002,내비언트,879988063,3.82,9.78,HOLD,
97,금융,GSBC,US19891201001,그레이트 서던 뱅코프,868224001,0.09,80.23,,
97,금융,CCBG,US19970203001,캐피탈 시티 뱅크 그룹,862359931,-0.14,50.63,HOLD,
97,금융,KBDC,NYS0240522003,케인 앤더슨 BDC,850637621,0.54,13.03,BUY,
97,금융,HIPO,US20210803007,히포 홀딩스,839317163,1.0,32.32,BUY,
97,금융,SPFI,US20190508008,사우스 플레인스 파이낸셜,838102752,-1.03,44.3,BUY,
97,금융,EGBN,US19990714001,이글 뱅코프,836233521,1.34,27.97,BUY,최선호주 편입
97,금융,ORRF,US19990513002,오스타운 파이낸셜 서비시스,827739877,0.45,42.53,BUY,
97,금융,HIVE,US20210914015,하이브 디지털 테크놀로지스,824785978,-0.66,3.01,BUY,
97,금융,ROOT,US20201028007,루트,823609803,1.46,54.26,HOLD,
97,금융,ALRS,US20190912001,앨러루스 파이낸셜,823484714,0,33.27,HOLD,
97,금융,IBCP,US20100202001,인디펜던트 뱅코프 미시건,817915976,0.32,37.19,,
97,금융,PGC,US19990427002,피팩 글래드스톤 파이낸셜,806995230,0.04,45.82,,
97,금융,MSBI,US20160524001,미드랜드 스테이츠 뱅코프,806146693,0.39,33.58,,
97,금융,SMBC,US19940412001,서던 미주리 뱅코프,801918954,0.05,73.3,BUY,
97,금융,FISI,US19990625001,파이낸셜 인스티튜션스,801473116,0.17,40.99,,
97,금융,HTB,US20120711001,홈트러스트 뱅크셰어스,797658330,-0.49,48.3,BUY,
97,금융,CGBD,US20170614001,칼라일 시큐어드 렌딩,777543583,-0.09,11.36,,
97,금융,SHBI,US20010409001,쇼어 뱅크셰어스,777482023,0.38,23.53,BUY,
97,금융,KPLT,US20210610005,캐터펄트 홀딩스,766092740,-2.33,9.21,,
97,금융,WASH,US19950818021,워싱턴 트러스트 뱅코프,758136513,-0.33,39.86,HOLD,
97,금융,GDOT,US20100722002,그린 닷,751021489,0.45,13.32,,
97,금융,DGICB,US19900326009,더니골 그룹 B,745458645,2.24,25.55,,
97,금융,DGICA,US20030703001,더니골 그룹 A,745458645,0.46,19.45,HOLD,
97,금융,TCBX,US20211109017,THIRD COAST BANCSHARES INC,744909119,0.84,45.38,BUY,
97,금융,SUPV,US20160519005,그루포 수페르비에예(ADR),739610915,-0.35,8.47,HOLD,
97,금융,BCSF,US20181114001,배인 캐피탈 스페셜티 파이낸스,739510326,-0.26,11.44,HOLD,
97,금융,FDUS,US20110621001,피더스 인베스트먼트,738243218,-0.31,19.51,BUY,
97,금융,RCBC,NAS2608006007,리버시티 뱅크,737274786,1.07,52.8,HOLD,
97,금융,PAYS,US20190429001,페이사인,730098871,-1.46,12.82,,
97,금융,VBNK,US20210922017,버사뱅크,726786605,1.5,22.96,BUY,
97,금융,CCB,US20180717001,코스탈 파이낸셜,721070622,1.43,48.14,BUY,
97,금융,PFIS,US20140403002,피플스 파이낸셜 서비시스,716157863,0.01,71.99,,
97,금융,TRTX,US20170719005,TPG 리 파이낸스 트러스트,712334621,-1.08,7.34,,
97,금융,MAX,US20201028014,미디어알파,709378531,-0.43,11.6,BUY,
97,금융,PRAA,US20021108001,PRA 그룹,708336328,2.59,19.42,,
97,금융,CWBC,US19940405001,커뮤니티 웨스트 뱅크셰어스,706235380,0.15,26.23,,
97,금융,VEL,US20200116007,벨로시티 파이낸셜,705160814,-3.39,17.36,,
97,금융,CASS,US19960102002,캐스 인포메이션 시스템즈,702339621,0.92,55.69,BUY,
97,금융,PFLT,US20110408001,페넌트파크 플로팅 레이트 캐피탈,702129030,0,7.12,,
97,금융,CSHR,NAS0241028006,코인셰어스,702040075,-3.54,5.17,,상반기 순손실
97,금융,BCAL,NAS0230511002,서던 캘리포니아 뱅코프,696932750,0.96,22.02,BUY,
97,금융,CARE,US20190325001,카터 뱅크셰어스,687963973,-0.35,31.12,BUY,
97,금융,SAR,US20070323003,사라토가 인베스트먼트,683485859,0.7,17.34,HOLD,
97,금융,HIFS,US19881220001,힝엄 인스티튜션 포 세이빙스,683058102,-0.74,310.18,,
97,금융,NMFC,US20200914002,뉴 마운틴 파이낸스,679670531,0,7.24,,
97,금융,RRBI,US20190502002,레드 리버 뱅크셰어스,677173815,-0.77,102.68,HOLD,
97,금융,BHB,US19941207001,바 하버 뱅크셰어스,675890594,0.35,40.7,,
97,금융,OPFI,US20210721008,옵파이,675820629,-2.51,7.78,,
97,금융,EXPI,US20180521001,EXP 월드 홀딩스,667722547,2.24,4.11,HOLD,
97,금융,ACNB,US19960102001,ACNB,658939993,-0.41,64.92,BUY,
97,금융,TIPT,US20070622001,팁트리,658829452,0,17.8,,
97,금융,SLRC,US20100209001,SLR 인베스트먼트,655006339,0.25,12.11,BUY,
97,금융,BWB,US20180314001,브리지워터 뱅크셰어스,646651331,0,21.39,BUY,
97,금융,YB,NAS0250430004,위안바오(ADR),637071852,-5.97,13.08,,
97,금융,PHR,US20190717007,프리시아,636053927,1.07,10.42,BUY,
97,금융,BOT,NAS2605007001,로보스트래티지,632097609,-3.17,26.0,,
97,금융,KRNY,US20050224001,커니 파이낸셜,631141949,-0.1,9.77,BUY,
97,금융,GAIN,US19861106001,글래드스톤 인베스트먼트,629313074,0.63,16.0,BUY,
97,금융,VINP,US20210127008,빈치 파트너스 인베스트먼츠,614710229,-1.06,9.34,,
97,금융,FBIZ,US20051007001,퍼스트 비즈니스 파이낸셜 서비시스,605170698,-0.04,72.73,BUY,
97,금융,GCBC,US19981230002,그린 카운티 뱅코프,604277278,-0.59,35.5,,
97,금융,UNTY,US19890511001,유니티 뱅코프,600182516,-0.6,59.77,BUY,
97,금융,NCDL,NYS0240125001,누빈 처칠 다이렉트 렌딩,596398329,0.58,12.22,BUY,
97,금융,SFST,US19991027002,서던 퍼스트 뱅크셰어스,594216037,-0.08,63.07,BUY,
97,금융,NPB,NYS0250214001,노스포인트 뱅크셰어스,591872540,-1.39,16.98,BUY,
97,금융,CBNK,US20180925002,캐피탈 뱅코프,586932522,0.74,36.52,BUY,
97,금융,NRIM,US19901105001,노스림 뱅코프,578378984,-0.31,26.08,BUY,
97,금융,CRD.B,US19720630004,크로우포드 앤 컴퍼니 B,577738421,-0.59,11.74,,
97,금융,CRD.A,US19920319001,크로우포드 앤 컴퍼니 A,577738421,-0.24,12.45,,
97,금융,GEMI,NAS0250911002,제미니 스페이스 스테이션,574727103,7.62,4.8,HOLD,
97,금융,BTBT,US20200807001,비트 디지털,569915039,-5.03,1.51,,매수의견 개시
97,금융,CIVB,US20150505001,시비스타 뱅크셰어스,567118794,0.36,27.54,,
97,금융,ITIC,US19900327003,인베스터스 타이틀,558314304,1.49,301.97,,
97,금융,BWFG,US20140515001,뱅크웰 파이낸셜 그룹,543308921,-0.51,68.22,,
97,금융,HBCP,US20081003001,홈 뱅코프,541495230,0.42,69.51,HOLD,
97,금융,BSVN,US20180919001,뱅크7,519689767,0.95,55.41,,
97,금융,BSRR,US19960530001,시에라 뱅코프,517760186,0.42,40.9,,
97,금융,OBT,US20210805006,오랜지 카운티 뱅코프,510130928,0,38.28,BUY,
97,금융,ALTI,NAS0230104001,알티 글로벌,509929231,-2.43,3.21,,
97,금융,COFS,US20200207001,초이스원 파이낸셜 서비시스,506134051,0.35,34.17,,
97,금융,AII,NYS0250508002,아메리칸 인테그리티 인슈어런스 그룹,504963331,2.16,26.49,,
97,금융,RWT,US19950804002,레드우드 트러스트,503987880,7.89,3.83,BUY,전환사채 확대
97,금융,WTBA,US19990503001,웨스트 뱅코프,497526074,0.2,29.43,HOLD,
97,금융,PDLB,US20171002008,폰세 파이낸셜 그룹,493793699,-1.31,20.27,BUY,
97,금융,PRTH,US20180727002,프라이오러티 테크놀로지 홀딩스,486713408,1.18,6.01,BUY,
97,금융,GLRE,US20070524001,그린라이트 캐피탈 리얼 에스테이트,485664942,0.47,15.04,HOLD,
97,금융,FMAO,US20170510001,파머스 앤 머천츠 뱅코프,485558729,0.93,35.8,,
97,금융,OWLS,NAS0251016007,오북 홀딩스,472339427,2.04,5.49,BUY,
97,금융,MTC,US20181227003,MM텍,469171313,1.05,4.79,,
97,금융,MFI,NAS0240422002,MF 인터내셔널,466297607,-0.53,9.3,,
97,금융,CZNC,US19940316001,시티즌스 앤 노던,462931819,0.42,26.08,,
97,금융,CBK,NAS0251002002,커머셜 뱅크그룹,461235731,-0.35,33.75,,
97,금융,AMSF,US20051118001,아메리세이프,456341861,1.33,25.1,HOLD,
97,금융,CBAN,US19980402001,콜로니 뱅코프,452628367,-0.28,21.4,BUY,
97,금융,BMRC,US19991223001,뱅크 오브 마린 뱅코프,447297277,-0.47,27.66,HOLD,
97,금융,RBB,US20170725005,RBB 뱅코프,446383568,0.45,26.67,HOLD,
97,금융,PBFS,US20190718004,파이어니어 뱅코프,445908072,-0.55,17.96,,
97,금융,FRBA,US20131115001,퍼스트 뱅크,445623983,0.33,17.99,,
97,금융,PWRL,NAS2605027006,파워로,440970366,1.46,10.41,,
97,금융,ACIC,US20071107001,아메리칸 코스탈 인슈어런스,438808431,0.11,9.35,,
97,금융,GLAD,US20010824001,글래드스톤 캐피탈,437432557,-0.15,19.45,BUY,
97,금융,PLBC,US20021211001,플루마스 뱅코프,433811247,0.06,62.76,,
97,금융,AVBC,NYS0250801001,아비디아 뱅코프,432105775,1.88,22.18,,
97,금융,USCB,US20210721013,USCB 파이낸셜 홀딩스,425262869,-0.26,23.1,,
97,금융,MCGA,NAS0250908003,YORKVILLE ACQUISITION CORP.,424710256,-0.1,10.34,,
97,금융,IMXI,US20180727001,인터내셔널 머니 익스프레스,423389564,0.43,14.16,HOLD,
97,금융,ISTR,US20140701004,인베스타 홀딩,422706601,-0.26,30.79,BUY,
97,금융,AXG,NAS0230906001,SOLOWIN HOLDINGS LIMITED,408806137,-4.23,2.04,,
97,금융,CHMG,US19990104002,셔멍 파이낸셜,407808366,-0.34,84.81,BUY,
97,금융,IIIV,US20180620003,I3 버티컬스,406814430,0.51,15.63,BUY,
97,금융,PKBK,US20010905001,파크 뱅코프,405871207,-0.29,34.62,,
97,금융,MVBF,US20171207003,MVB 파이낸셜,403797669,0.35,31.44,BUY,
97,금융,NEWT,US20000920001,뉴텍원,400576824,0.41,12.27,HOLD,
97,금융,FRST,US20210331001,프리미스 파이낸셜,398065811,0.06,16.16,BUY,
97,금융,CZFS,US20220603002,시티즌스 파이낸셜 서비시스,393009958,-0.33,81.94,,
97,금융,FNLC,US19990714002,퍼스트 뱅코프,391916263,1.0,35.3,,
97,금융,PCB,US20180810001,PCB 뱅코프,389178758,0.39,27.99,,
97,금융,DGXX,US20211115001,디지 파워 X,386480219,-1.84,3.74,BUY,
97,금융,QD,US20171017001,하이 템플러 테크(ADR),385844446,0.4,2.51,,
97,금융,BOC,US20220222002,보스턴 오마하,384649138,1.03,13.71,,자사주 매입 승인
97,금융,WSBF,US20051005001,워터스톤 파이낸셜,381829377,-0.98,21.16,,
97,금융,CURR,US20220110009,커런시 그룹,377201418,0.59,3.4,,
97,금융,TREE,US20080812001,렌딩트리,374247772,3.47,27.75,,
97,금융,NWFL,US19980304001,노우드 파이낸셜,374047567,0.75,34.78,,
97,금융,NECB,US20210713002,노스이스트 커뮤니티 뱅코프,366683478,0.3,26.88,BUY,
97,금융,BKKT,US20211018004,백트 홀딩스,366422860,1.1,8.27,,
97,금융,VALU,US19830510001,밸류 라인,366384436,-2.11,38.46,,
97,금융,CNCK,US20210820003,코인체크 그룹,366009336,-1.04,1.9,,
97,금융,BRBS,US20191223002,블루 리지 뱅크셰어스,364593314,-0.24,4.08,,
97,금융,LSAK,US20220525002,레사카 테크놀로지스,364236970,-2.58,4.16,BUY,
97,금융,CCAP,US20200203001,크레센트 캐피탈 BDC,363285761,0.2,9.94,HOLD,
97,금융,OPRT,US20190925011,오포툰 파이낸셜,359715476,2.92,8.1,BUY,
97,금융,TSBK,US19980113001,팀버랜드 뱅코프,359134646,1.14,47.0,,
97,금융,RILY,US20150716004,B 라일리 파이낸셜,358673529,-5.45,6.24,,
97,금융,SLNH,US20211104022,솔루나 홀딩스,353646985,-3.36,1.15,,카티 1 설비 가동
97,금융,CION,US20211005001,사이언 인베스트먼트,351123856,-0.97,7.11,HOLD,
97,금융,AVBH,NAS0250808001,애비드뱅크 홀딩스,344636656,-0.06,31.55,,
97,금융,TWFG,NAS0240718007,TWFG,341682383,5.32,28.11,BUY,
97,금융,TCPC,US20120404001,블랙록 TCP 캐피탈,339404547,-0.49,4.05,HOLD,
97,금융,FSBW,US20120710001,FS 뱅코프,338357675,1.36,43.89,HOLD,
97,금융,FVCB,US20180914003,에프브이시뱅코프,331063132,-0.11,18.45,,
97,금융,BCML,US20180504001,베이컴,326693662,0.3,30.19,HOLD,
97,금융,COSO,NYS0250702002,코스탈사우스 뱅크셰어즈,326507457,0.22,27.54,,
97,금융,HRZN,US20101029001,호라이즌 테크놀로지 파이낸스,326465691,0.2,4.91,BUY,
97,금융,JMSB,US20220427006,존 마셜 뱅코프,323303602,1.13,23.31,,목표가 상향
97,금융,PSFE,US20210331008,페이세이프,322964157,3.0,6.53,HOLD,
97,금융,CD,NAS0230228002,체인스 디지털 홀딩스,321441496,2.38,3.01,,
97,금융,FCCO,US19990309001,퍼스트 커뮤니티,318578693,0.23,34.18,BUY,
97,금융,FDBC,US20171006001,피델리티 D 앤 D 뱅코프,316078996,2.01,55.85,,
97,금융,SPMC,NYS0240614001,사운드 포인트 메리디안 캐피탈,313026971,0.21,9.7,BUY,
97,금융,RPAY,US20190805001,리페이 홀딩스,312024460,4.21,3.71,BUY,
97,금융,CFFI,US19980507001,C&F 파이낸셜,307029281,1.06,96.01,,
97,금융,NODK,US20170316001,NI 홀딩스,305220799,1.0,15.2,,
97,금융,RM,US20120328002,리저널 매니지먼트,302505302,-0.27,32.9,BUY,
97,금융,MYFW,US20180718004,퍼스트 웨스턴 파이낸셜,300778288,-0.74,30.76,BUY,
97,금융,ISBA,NAS0250512005,이자벨라 뱅크,298443687,0.41,39.52,,
97,금융,BPRN,NAS0230111001,프린스턴 뱅코프,293553474,0.92,43.75,HOLD,
97,금융,HWBK,US19990720001,호손 뱅크셰어스,289533661,-0.75,39.53,,
97,금융,OVLY,US20031015001,오크 밸리 뱅코프,288805241,-0.29,34.44,,
97,금융,ATLO,US19970811001,에임스 내셔널,286018461,-0.03,32.48,HOLD,
97,금융,ONIT,US20060515002,오니티 그룹,285146940,-0.32,34.23,BUY,
97,금융,FUNC,US19920908001,퍼스트 유나이티드,285125863,-0.9,44.05,BUY,
97,금융,FRAF,US20190501002,프랭클린 파이낸셜 서비시스,284162198,-0.57,63.18,BUY,
97,금융,WDH,US20210507014,워터드롭(ADR),282959809,1.96,1.04,,
97,금융,XE,NAS2604024003,퍼스트 노던 커뮤니티 뱅코프,281259474,0.06,17.27,,
97,금융,LDI,US20210203006,론디포,280673598,-0.22,0.8333,SELL,
97,금융,FXNC,US20190418001,퍼스트 내셔널,279153506,1.32,31.47,HOLD,
97,금융,QNBC,NAS2608020005,QNB,277408313,-0.07,44.92,,
97,금융,KINS,US19940426001,킹스톤,276536759,2.55,19.71,,
97,금융,KWY,US19980506001,킹스웨이 코퍼레이션,275758542,2.82,9.86,,
97,금융,RWAY,US20211021009,런웨이 그로스 파이낸스,275337298,1.66,6.72,HOLD,
97,금융,MFIN,US20160511002,메달리언 파이낸셜,274985986,0.17,12.07,BUY,
97,금융,WNEB,US20161024002,웨스턴 뉴 잉글랜드 뱅코프,274350537,0.29,13.81,HOLD,
97,금융,NKSH,US19991201001,내셔널 뱅크셰어스,271255208,0.02,42.85,BUY,
97,금융,LCNB,US19991026001,LCNB,270753741,0.94,19.29,,
97,금융,VABK,US20210405008,버지니아 내셔널 뱅크셰어스,265406068,0.45,49.44,,
97,금융,RMBI,US20190702001,리치먼드 뮤추얼 뱅코프,264845951,-0.57,15.81,,
97,금융,FOA,US20210405020,파이낸스 오브 아메리카 컴퍼니스,262494669,-0.98,15.11,BUY,
97,금융,PMTS,US20210805007,CPI 카드 그룹,259231121,7.82,24.26,,
97,금융,TROO,US20211116009,트룹스,253759799,7.66,2.25,,
97,금융,FBLA,NAS0241023003,FB 뱅코프,253299755,0.06,15.99,,
97,금융,NSLR,US20190801001,네오스텔라 캐피털 코퍼레이션,252858240,-18.42,7.84,,
97,금융,EFSI,NAS0250207001,이글 파이낸셜 서비시즈,244836446,1.34,46.13,HOLD,존마셜에 피인수
97,금융,INBK,US20060405001,퍼스트 인터넷 뱅코프,243050745,2.54,28.71,HOLD,
97,금융,PEBK,US19950818013,피플스 뱅코프 오브 노스 캐롤라이나,240687621,-0.29,44.21,,
97,금융,SNFCA,US19920303004,시큐리티 내셔널 파이낸셜,239180757,-0.68,8.73,,
97,금융,MBI,US19870701001,엠비아,235274623,0.22,4.65,HOLD,
97,금융,BAFN,US20211130003,베이퍼스트 파이낸셜,234487775,0.8,8.82,,
97,금융,MRBK,US20171107003,메리디언,232503931,0.82,19.77,,
97,금융,PNNT,US20220414007,페넌트파크 인베스트먼트,232336344,0.56,3.6,,
97,금융,SCM,US20121108003,스텔러스 캐피탈 인베스트먼트,231547049,-0.49,8.14,,
97,금융,LIEN,US20210727010,시카고 애틀랜틱 BDC,229991479,0.49,10.19,,
97,금융,OPBK,US20180328004,OP 뱅코프,227968061,0.26,15.4,,
97,금융,CFBK,US19981230001,CF 뱅크셰어스,227005014,0.45,35.34,,
97,금융,DEFT,NAS0250512003,디파이 테크놀로지스,222469936,2.84,0.5929,BUY,
97,금융,RVII,NYS2608013001,로빈후드 벤처스 펀드 2,219588993,-4.73,23.15,,
97,금융,OVBC,US19960209001,오하이오 밸리 뱅코프,218617031,0.06,46.72,,
97,금융,OPHC,US20030508001,옵티멈뱅크 홀딩스,217082841,-0.22,9.05,BUY,
97,금융,OSG,US20200203006,옥타브 스페셜티 그룹,216721203,3.31,5.0,BUY,
97,금융,FUFU,US20211209001,비트푸푸,213673825,4.65,1.35,BUY,
97,금융,CZWI,US20040330001,시티즌스 커뮤니티 뱅코프,209861101,-0.46,21.78,BUY,
97,금융,TPVG,US20140306003,트리플포인트 벤처 그로스 BDC,208782826,0.19,5.17,HOLD,
97,금융,FCAP,US19990104003,퍼스트 캐피탈,208264586,-2.14,61.31,,
97,금융,MNSB,US20190417005,메인스트리트 뱅크셰어스,207700666,0.04,25.27,,
97,금융,BGIN,NAS0251021003,비긴 블록체인,204653372,0.55,1.83,,
97,금융,CHMI,US20131004002,체리힐 모기지 인베스트먼트,204134983,0.7,2.89,HOLD,
97,금융,CPSS,US19921022001,컨슈머 포트폴리오 서비시스,202023029,1.48,9.57,,
97,금융,XYF,US20180918004,X 파이낸셜(ADR),200457068,-1.74,5.07,,
97,금융,RBKB,US20190117001,라인벡 뱅코프,199232261,0.23,12.85,,
97,금융,LARK,US19940328001,랜드마크 뱅코프,197059844,-0.06,32.48,HOLD,
97,금융,CBFV,US20141103001,CB 파이낸셜 서비시스,188186680,0.13,37.31,,
97,금융,HNVR,US20220510005,하노버 뱅코프,187793524,2.35,27.41,HOLD,
97,금융,AOMR,US20210616008,엔젤 오크 모기지 리츠,186895278,-0.74,8.04,,
97,금융,FNWD,US20211103006,핀워드 뱅코프,185916467,1.18,43.68,,
97,금융,ECBK,US20220727002,ECB 뱅코프,184197961,-0.66,21.07,,
97,금융,FINW,US20210811001,핀와이즈 뱅코프,183929073,-2.33,13.02,BUY,
97,금융,JRVR,US20141211001,제임스 리버 그룹 홀딩스,181531808,0,3.95,HOLD,
97,금융,SBFG,US19940405002,SB 파이낸셜 그룹,181102457,-0.58,28.97,,
97,금융,EXOD,AMX0241218003,엑소더스 무브먼트,180416057,5.32,6.33,BUY,스왑 거래량 증가
97,금융,CIA,US19881230001,시티즌스 A,180198138,1.12,3.62,BUY,
97,금융,WHG,US20020701002,웨스트우드 홀딩스 그룹,178223736,-1.38,18.53,,
97,금융,EBMT,US20000406001,이글 뱅코프 몬태나,177338985,-0.18,22.36,,
97,금융,BVFL,NAS0230801008,BV 파이낸셜,176125801,1.0,21.13,,
97,금융,FGBI,US20151104002,퍼스트 개런티 뱅크셰어스,155263996,5.79,8.41,,
97,금융,BCBP,US20020522001,BCB 뱅코프,154367724,-0.23,8.56,HOLD,
97,금융,SRBK,NAS0230920008,SR 뱅코프,153698788,1.08,19.7,,
97,금융,GSIW,NAS0231201002,가든 스테이지,152073988,-0.35,14.3,,
97,금융,WHF,US20121205001,화이트호스 파이낸스,150273534,-1.28,6.95,,
97,금융,LSBK,US20060404001,레이크 쇼어 뱅코프,143785708,-0.65,18.3,,
97,금융,OXSQ,US20180323001,옥스포드 스퀘어 캐피탈,143449413,0.75,1.35,,
97,금융,LX,US20171220002,렉신핀테크(ADR),131715624,1.47,0.816,BUY,
97,금융,MGYR,US20060124002,매자르 뱅코프,124792516,-1.39,19.18,,
97,금융,WTF,NAS0250401009,와튼 파이낸셜 리미티드,124653595,-6.92,2.42,,
97,금융,BOTJ,US20000810001,제임스 파이낸셜 그룹,124045390,0.33,27.56,,
97,금융,SFBC,US20120824001,사운드 파이낸셜 뱅코프,122515334,0.4,48.19,,
97,금융,SAMG,US20130627002,실버크레스트 에셋 매니지먼트 그룹,117167323,-2.61,9.69,,
97,금융,UNB,US19990809001,유니언 뱅크셰어스,116748970,0.51,23.87,,
97,금융,PNBK,US19940831001,패트리엇 내셔널 뱅코프,115658642,-0.52,0.9749,,
97,금융,PROV,US19960628002,프로비던트 파이낸셜 홀딩스,115431317,0.27,18.68,HOLD,
97,금융,BSBK,US20200115001,보고타 파이낸셜,114786513,1.66,9.2,,
97,금융,SIEB,US19961112001,시버트 파이낸셜,110296669,-7.04,2.51,,
97,금융,RTB,US20210217006,RTB 디지털,107902433,-7.87,7.14,,
97,금융,PBHC,US19960530005,패트파인더 뱅코프,107397354,1.8,17.52,,
97,금융,RVSB,US19971001001,리버뷰 뱅코프,106099406,4.3,5.58,,
97,금융,AIB,AMX0231110001,AIB 데이터센터,104968250,-4.32,1.33,BUY,
97,금융,FNWB,US20150129002,퍼스트 노스웨스트 뱅코프,98791021,-2.01,10.24,,
97,금융,SUNS,NAS0240710005,선라이즈 리얼티 트러스트,97661801,2.2,7.43,,
97,금융,RDZN,US20220113004,로드젠,96496874,0,1.14,,
97,금융,FDSB,NAS0240801004,피프스 디스트릭트 뱅코프,96373842,0.22,18.56,,
97,금융,FUSB,US20161011001,퍼스트 유에스 뱅크셰어스,92955409,-1.59,16.72,,
97,금융,AUBN,US19950911001,오번 내셔널 뱅코프,91909919,-0.53,26.4,,
97,금융,PDCC,NYS0240718002,펄 다이버 크레딧 컴퍼니,91784268,1.56,9.1,BUY,
97,금융,UBCP,US19950818019,유나이티드 뱅코프,89613225,-2.04,15.4,,
97,금융,ANTA,NAS0250513001,앤트알파 플랫폼 홀딩 컴퍼니,88827817,-1.61,3.66,BUY,
97,금융,BCIC,US20190402007,BCP 인베스트먼트,87757691,0.14,7.14,HOLD,
97,금융,SLQT,US20200521002,셀렉쿼트,87748873,-0.02,0.4999,,
97,금융,PFX,US20210104004,피닉스핀,86992235,3.2,46.77,,
97,금융,GECC,US20161104004,그레이트 엘름 캐피탈,82554839,2.84,6.15,HOLD,
97,금융,ASRV,US19900327001,아메리서브 파이낸셜,82522945,1.02,4.94,,
97,금융,AZI,NAS0240828001,오토지 인터넷 테크놀로지,82432464,-2.4,1.22,,
97,금융,SSBI,US20060714001,서밋 스테이트 뱅크 산타로사,82083569,2.3,12.48,,
97,금융,HNNA,US20140428001,헤네시 어드바이저스,80919577,-0.19,10.28,,
97,금융,FSEA,NAS0230120004,퍼스트 시코스트 뱅코프,80283031,0,17.17,,
97,금융,INV,NAS0241003003,인벤처,78715109,-9.15,0.8504,,
97,금융,MEGL,US20220804001,매직 엠파이어 글로벌,76307991,1.69,1.2,,
97,금융,HFBL,US20070620001,홈 페더럴 뱅코프 오브 루이지아나,75882246,0,25.0,,
97,금융,SUIG,US20220809009,수이 그룹 홀딩,75655735,3.92,1.03,,
97,금융,JFIN,US20190509001,자인 그룹(ADR),74895613,2.08,1.47,,
97,금융,IOR,US20170703002,인컴 오퍼튜니티 리얼티 인베스터스,74765748,4.65,19.35,,
97,금융,NSTS,US20220119007,NSTS 뱅코프,73670253,-0.14,14.09,,
97,금융,BYFC,US19960109001,브로드웨이 파이낸셜,72793807,-0.34,11.81,,
97,금융,CLST,US20211012002,캐털리스트 뱅코프,72348049,0.61,18.15,,
97,금융,AIFC,US20190911002,AI 파이낸셜,70479224,2.62,0.5204,,
97,금융,USIO,US20190701001,유시오,69388576,-3.67,2.36,BUY,
97,금융,BTCS,US20210914001,BTCS,68841128,3.03,1.36,,DeFi 자산 급증
97,금융,ZBAO,NAS0240402009,즈바오 테크놀로지,66532740,-22.82,0.115,,
97,금융,ASPS,US20090806001,알티소스 포트폴리오 솔루션즈,66004049,-1.72,5.71,BUY,
97,금융,AIFU,US20161207001,AIFU,65923129,-2.05,10.52,,
97,금융,NCTY,US20041215001,더 나인(ADR),63453021,-9.09,3.8,,
97,금융,FRMM,US20201109002,포럼 마켓츠,59951829,-2.19,4.47,BUY,
97,금융,VRM,NAS0250220005,브룸,52232870,6.27,10.67,,
97,금융,OFS,US20121108002,OFS 캐피탈,51401610,1.55,3.92,,
97,금융,KG,US20080506001,케스트럴 그룹,51051929,-2.44,6.4,,
97,금융,TCBS,US20210715015,텍사스 커뮤니티 뱅크셰어스,49623917,0.69,17.5,,
97,금융,AURE,NAS0230630006,프레스티지 웰스,49539383,0,1.44,,
97,금융,HGBL,US20200831001,헤리티지 글로벌,48544156,-2.13,1.38,,
97,금융,LOAN,US19990513001,맨해튼 브리지,45991491,-0.74,4.02,,
97,금융,KFFB,US20050303001,캔터키 퍼스트 페더럴 뱅코프,45492048,5.65,5.98,,
97,금융,SDEV,AMX0221116004,스테이블코인 디벨롭먼트,44934366,-0.94,0.8848,,
97,금융,SAIH,US20220502003,사이히트,43096014,-1.69,23.2,,
97,금융,MGLD,US20220310003,더 메리골드 컴퍼니스,41699468,-1.02,0.97,,
97,금융,STKE,NAS0250909003,솔 스트래터지스,41208711,8.57,1.14,,
97,금융,RMCO,NAS0231106003,로열티 매니지먼트 홀딩스,40415207,-3.73,2.58,,
97,금융,CCG,NAS0230918003,처처 그룹,39750787,-8.46,14.61,HOLD,
97,금융,GROW,US19960603001,US 글로벌 인베스터스,35569791,1.38,2.94,,
97,금융,COHN,US20170905001,코헨 앤 컴퍼니,34692582,0.37,10.85,BUY,
97,금융,VIP,US20210915006,벌컨 인프라스트럭처 앤 파워,32605431,2.81,1.83,,전략투자 완료
97,금융,AMTD,US20220131001,AMTD 아이디어 그룹(ADR),32473710,-0.31,0.7666,,
97,금융,JFU,NAS0230118004,9F(ADR),31594400,-4.07,2.59,,
97,금융,RAND,US19950818015,랜드 캐피탈,31140719,0,10.55,,
97,금융,FLD,US20220207004,폴드 홀딩스,29675502,-3.1,0.5253,,
97,금융,AAME,US19840907001,애틀랜틱 아메리칸,26152173,1.55,1.31,,
97,금융,MF,NAS0240327005,마인드포지,25062529,-1.3,13.69,,
97,금융,ORIO,US20180418002,오리온 디지털,24936763,-2.86,1.02,,
97,금융,BTCT,US20200331004,BTC 디지털,22564851,5.52,1.53,BUY,
97,금융,GRNQ,US20180613008,그린프로 캐피털,21819138,4.87,12.7,,
97,금융,BCG,NAS0240327001,비나 캐피탈 그룹,21703973,-1.56,1.26,,
97,금융,GRAN,NAS0250701002,그란데 그룹,20576415,-0.96,1.03,,
97,금융,AIXC,NAS0221123002,AIxCRYPTO 홀딩스,18810958,30.49,1.17,,
97,금융,LICN,NAS0230202007,리천 차이나,16990188,2.88,1.07,,
97,금융,BENF,US20211203001,베네피선트,16283286,-22.65,0.8199,,
97,금융,HUIZ,US20200211002,후이쩌 홀딩(ADR),15368125,5.88,1.62,,
97,금융,CNF,US20181106002,CN파이낸스 홀딩스(ADR),15113267,-2.56,1.9,,
97,금융,EBON,US20200626002,이방 인터내셔널 홀딩스,13853697,-3.76,2.05,,
97,금융,MPU,AMX0230206001,메가 매트릭스,13397795,-1.83,0.1934,,
97,금융,CAN,US20191120001,카난(ADR),13052476,2.85,0.3462,BUY,
97,금융,OXBR,US20140512002,옥스브리지 리 홀딩스,12699746,-5.1,1.49,BUY,
97,금융,SURG,US20211102008,서지페이스,9102670,-7.51,0.1601,BUY,
97,금융,OLB,US20200807003,OLB 그룹,6739635,-6.41,0.2642,,
97,금융,DPU,NAS0230330007,탑 킹윈,5407503,-4.97,1.72,,
97,금융,RITR,NAS0240820006,리타 로그텍 홀딩스,5306425,-3.63,0.0824,,
97,금융,TGL,US20220811005,트레저 글로벌,5304188,12.09,3.06,,주식 지급 부담
97,금융,SNTG,US20210708010,센티지 홀딩스,4809713,0.58,1.73,,
97,금융,EZRA,NAS0230223001,릴라이언스 글로벌 그룹,4298439,1.85,2.75,,자산매각 현금유입
97,금융,AGMH,US20180418001,AGM 그룹 홀딩스,3066897,-5.42,0.8115,,
97,금융,IPST,NAS0241122001,IP 스트래티지 홀딩,2523035,-10.27,3.32,,
97,금융,DXF,US20180305002,이슨 테크놀로지(ADR),2352238,-2.52,0.4406,,
97,금융,SHFS,US20220929002,SHF 홀딩스,1887707,1.82,0.1568,,
97,금융,PMAX,NAS0240905004,파월 맥스,1639418,-5.3,0.9106,,
97,금융,BTOG,US20220215001,생그릭스,1370808,0,1.68,,
97,금융,MI,AMX0230918004,NFT,1040617,8.78,2.23,,
97,금융,ARBK,US20210922001,아르고 블록체인(ADR),971572,-3.42,2.82,,
97,금융,LGHL,US20200617002,라이언 그룹 홀딩스(ADR),380662,0.48,8.34,,
327,조선,HII,US20110322001,헌팅턴 잉걸스 인더스트리스,10953950215,0.11,280.01,BUY,
327,조선,MCFT,US20150717001,마스터크래프트 보트 홀딩스,475113921,2.24,20.08,HOLD,
327,조선,CIX,US19980306001,콤프엑스 인터내셔널,437123290,7.01,38.15,,
327,조선,NL,US19881223001,NL 인더스트리스,340692486,0.14,7.02,,
327,조선,TMDE,AMX0250421004,TMD 에너지,17542689,-1.2,0.74,,
327,조선,VEEE,US20210721010,트윈 비 파워캐츠,5481629,-2.5,9.36,,
327,조선,VMAR,US20201124004,비전 마린 테크놀로지스,4673294,4.44,7.52,,
257,가스판매,LIN,US20181031005,린데,214242761608,-0.39,464.41,BUY,비중확대의견 개시
257,가스판매,E,US19951128001,애니 SpA(ADR),81875462915,-1.16,55.4,HOLD,
257,가스판매,KMI,US20110211002,킨더 모건,68300591431,0.32,30.96,BUY,
257,가스판매,TRP,US19850530001,TC 에너지,63046922351,0.49,61.18,HOLD,
257,가스판매,TRGP,US20101207001,타르가 리소시스,61859551147,-1.03,287.25,BUY,
257,가스판매,MPLX,US20121026002,MPLX,60299782732,-1.59,58.89,,
257,가스판매,LNG,US19940404002,셰니어 에너지,57136605324,-1.46,274.28,BUY,장기 공급 협상
257,가스판매,D,US19830520001,도미니언 에너지,56261539945,0.16,64.46,HOLD,합병 승인 기대
257,가스판매,SRE,US19980629001,셈프라,54164156865,-0.42,82.99,BUY,
257,가스판매,ATO,US19831228001,애트모스 에너지,27409287875,0.4,163.84,HOLD,투자의견 하향
257,가스판매,NI,US19880304001,나이소스,19737638712,-0.82,41.07,BUY,
257,가스판매,WTRG,US20200203011,에센셜 유틸리티스,11583805982,1.31,41.61,HOLD,
257,가스판매,CIG,US19950517001,이네르제치카 지 미나스 제라이스 우선주(ADR),7358070641,-2.27,2.15,SELL,
257,가스판매,CIG.C,US20090914001,이네르제치카 지 미나스 제라이스(ADR),7358070641,-0.6,3.34,,
257,가스판매,SWX,US19790719001,사우스웨스트 가스 홀딩스,6200319114,0.34,86.4,BUY,
257,가스판매,AROC,US20151104004,아크록,5710838393,-6.96,30.49,BUY,
257,가스판매,NJR,US19820721001,뉴저지 리소시스,5361184631,-0.11,53.1,BUY,
257,가스판매,OGS,US20140204005,원 가스,4831697050,-0.08,77.28,BUY,
257,가스판매,BIPC,US20200331002,브룩필드 인프라스트럭처,4524964484,-3.22,35.82,SELL,
257,가스판매,EE,US20220412002,엑셀러레이트 에너지,4329246812,-1.64,37.78,BUY,
257,가스판매,NWE,US20201001011,노스웨스턴 에너지 그룹,4233554262,-0.85,68.65,BUY,
257,가스판매,MDU,US19480920001,MDU 리소시스 그룹,4014112541,-2.5,18.72,BUY,
257,가스판매,MGEE,US19900326032,MGE 에너지,2872121925,-0.46,76.13,HOLD,
257,가스판매,NOG,US20220217010,노던 오일 앤 가스,2814827588,-0.83,26.36,BUY,
257,가스판매,CEPU,US20180201001,센트랄 푸에르토(ADR),2126284346,-0.92,14.0,BUY,
257,가스판매,NWN,US19900326066,노스웨스트 내추럴 홀딩,2026592762,0.25,48.56,BUY,
257,가스판매,GNE,US20111026001,지니 에너지,412794199,0.76,15.9,HOLD,
257,가스판매,RGCO,US19940201001,RGC 리소시스,220792001,-0.38,21.24,,
257,가스판매,SLNG,US20210429005,스태빌리스 솔루션즈,96666318,-5.54,4.94,,
369,카지노,LVS,US20041215002,라스베이거스 샌즈,27572090030,-1.0,42.4,BUY,
369,카지노,FLUT,NYS0240129002,플러터 엔터테인먼트,17344809450,0.09,100.65,BUY,
369,카지노,DKNG,US20200424002,드래프트킹스,12207470236,0.44,24.85,BUY,
369,카지노,MGM,US19971113001,MGM 리조트 인터내셔널,9974912423,-0.15,39.83,HOLD,
369,카지노,WYNN,US20021025001,윈 리조트,8975809762,0.06,87.75,BUY,
369,카지노,SGHC,US20220128006,슈퍼 그룹,6988956974,0.36,13.89,,
369,카지노,RSI,US20201230014,러시 스트리트 인터랙티브,6088461984,-0.79,26.22,BUY,
369,카지노,RRR,US20160427002,레드 락 리조트,5834652350,-2.08,54.74,BUY,
369,카지노,CHDN,US19930329001,처칠 다운스,5809464107,-0.31,83.6,BUY,
369,카지노,PENN,US19940526001,펜 엔터테인먼트,2374516483,1.07,18.01,BUY,
369,카지노,MCRI,US19930806001,모나크 카지노 앤 리조트,2171271328,0.83,122.9,HOLD,
369,카지노,MLCO,US20170406001,멜코 리조트 앤 엔터테인먼트(ADR),1908537697,-4.95,4.8,BUY,
369,카지노,DVLT,NYS0251105001,엑지오 그룹,1434387007,2.06,16.35,,
369,카지노,BALY,NYS0250210001,발리스 코퍼레이션,459986885,7.31,9.84,,
369,카지노,CPHC,US19940818001,캔터베리 파크 홀딩스,81604915,0.13,15.86,,
369,카지노,FLL,US19930810001,풀 하우스 리조트,73206820,-0.5,2.0,BUY,
369,카지노,ROLR,AMX0241023001,하이 롤러 테크놀로지스,67417167,3.41,6.36,BUY,
369,카지노,ELWT,NAS0251105001,엘라우윗 커넥션,47143285,2.93,7.37,,
369,카지노,CNTY,US19771011001,센추리 카지노,32161273,-1.74,1.13,BUY,
