sector_id,sector_name,ticker,toss_code,name_ko,market_cap_usd,change_pct,close,analyst,signal
351,수산물,TWG,NAS0240415006,탑 웰스 그룹 홀딩스,70574905,-7.14,1.04,,
351,수산물,AQB,US20170119001,아쿠아바운티 테크놀로지스,7204558,-0.71,1.39,,
351,수산물,NCRA,US20220811004,노세라,4613850,-1.39,2.13,,
351,수산물,MGN,NAS0250926004,메건 홀딩스,3717711,0.1,0.1006,,
607,오토바이,DOO,US20180914002,BRP INC,4678143790,7.48,68.56,,매수의견 상향
607,오토바이,HOG,US19980227002,할리 데이비슨,2812483535,0.74,27.23,HOLD,목표가 상향
607,오토바이,RDNW,US20171019003,라이드나우 그룹,239087275,2.12,6.26,,
607,오토바이,LVWR,US20201123012,라이브와이어,236174250,7.83,1.24,,
607,오토바이,NIU,US20181018003,NIU 테크놀로지(ADR),162112607,-0.98,2.03,,
607,오토바이,EMPD,US20211005012,앰퍼리 디지털,78691626,-0.36,2.79,BUY,
607,오토바이,GGR,US20220405004,고고로,46761370,-1.29,2.3,,
607,오토바이,FLYE,NAS0240606001,플라이 이 그룹,2839749,-4.02,1.67,,
343,음원,SPOT,US20180402003,스포티파이,101197973018,4.83,516.28,BUY,
343,음원,TME,US20181211008,텐센트 뮤직 엔터테인먼트(ADR),13957573502,-0.9,8.79,BUY,
343,음원,WMG,US20200602002,워너 뮤직 그룹,13791480413,-0.23,26.31,BUY,
343,음원,LLYVA,NAS0230804007,리버티 라이브 A,9358026808,-1.85,100.0,BUY,
343,음원,LLYVK,NAS0230804008,리버티 라이브 C,9358026808,-1.91,103.68,,
343,음원,RSVR,US20210729010,레저브와 미디어,645984313,-0.92,9.71,BUY,
343,음원,ANGH,US20220204002,앙가미,32354504,-5.32,3.38,,
371,교육장비,DAO,US20191024007,유다오(ADR),1969607524,4.42,17.01,BUY,
371,교육장비,VIRC,US19920317012,버코 매뉴팩처링,93570941,-0.67,5.91,HOLD,
371,교육장비,BOXL,US20171130001,박스라잇,4817555,8.45,7.83,,
427,농산물종자,CTVA,US20190603004,코르테바,50702817486,2.5,77.91,BUY,상방 가능성 확대
427,농산물종자,SEED,US20040329001,오리진 애그리테크,12869409,-2.83,1.03,,
779,제약,LLY,US19700709001,일라이 릴리,1113539922136,3.6,1225.73,BUY,
779,제약,JNJ,US19440925001,존슨 앤 존슨,632151060462,3.33,271.11,BUY,
779,제약,MRK,US19490420001,머크,335390215127,-0.59,135.17,BUY,파이프라인 호조
779,제약,NVS,US19961107001,노바티스(ADR),288790402260,1.7,154.55,HOLD,
779,제약,AZN,US20200925002,아스트라제네카,243290043826,2.05,160.1,BUY,폐암 3상 성과
779,제약,ABT,US19490419001,애보트 래버러토리스,190941919133,2.09,112.68,BUY,헬스케어 자금유입
779,제약,PFE,US19510622001,화이자,153117763911,1.41,27.25,HOLD,
779,제약,NVO,US19810709001,노보노디스크(ADR),150352272678,1.85,45.71,HOLD,
779,제약,VRTX,US19910731002,버텍스 파마슈티컬,130644079019,2.41,527.98,BUY,
779,제약,CVS,US19521001001,CVS 헬스,120210516260,0.96,94.91,BUY,
779,제약,SNY,US20190102003,사노피(ADR),106389933214,1.26,44.97,BUY,
779,제약,GSK,US19870610001,글락소스미스클라인(ADR),101680079586,1.73,51.15,BUY,
779,제약,MCK,US19870803001,매케슨,100237131760,1.09,869.26,BUY,목표가 상향
779,제약,REGN,US19910402001,리제네론 파마슈티컬스,82956924195,0.7,810.6,BUY,
779,제약,COR,US19950404001,센코라,59624663441,1.16,316.13,BUY,
779,제약,TAK,US20181224001,다케다 파마슈티컬(ADR),55506005085,3.86,18.05,,
779,제약,CAH,US19940907001,카디널 헬스,54797177462,-0.29,234.98,BUY,
779,제약,IDXX,US19910628002,아이덱스 래버러토리스,43012459742,1.37,553.59,BUY,
779,제약,TEVA,US19900326071,테바 파마슈티컬 인더스트리스(ADR),42477688716,0.33,36.58,BUY,
779,제약,HLN,US20220722002,헤일리온(ADR),42133983407,1.46,9.72,BUY,
779,제약,RPRX,US20200616002,로열티 파마,34176575148,0.4,59.69,,
779,제약,ZTS,US20130201001,조에티스,30146534294,1.36,73.96,BUY,
779,제약,WST,US19801027001,웨스트 파마슈티컬 서비시스,24387771949,-0.01,346.59,BUY,
779,제약,VTRS,US20201117005,비아트리스,18637677992,-0.37,16.17,BUY,
779,제약,ASND,US20150127001,아센디스 파머,16371916369,0.47,248.56,BUY,2분기 실적 상회
779,제약,CORT,US20040414001,코셉트 테라퓨틱스,12663204207,0.81,118.12,BUY,매수의견 개시
779,제약,ELAN,US20180919003,엘란코 애니멀 헬스,11793570825,0.13,23.64,BUY,
779,제약,RDY,US20010411001,닥터 레디스 래버러토리스(ADR),10085299557,0.33,12.15,HOLD,
779,제약,ALKS,US19910731001,앨커미스,8361226285,-0.74,49.48,BUY,
779,제약,LQDA,US20180725003,리퀴디아,6953366514,-4.34,74.33,BUY,
779,제약,AMRX,US20180507001,엠닐 파마슈티컬스,6414252624,-1.25,18.19,BUY,
779,제약,DFTX,US20210427007,데피니움 테라퓨틱스,6080158986,2.03,46.18,BUY,
779,제약,STVN,US20210714018,스테바나토 그룹,5805431602,-0.28,21.2,BUY,
779,제약,BCPC,US19860603001,발켐,5685195958,-0.73,177.07,,
779,제약,INDV,NAS0230612008,인디비어,4610995737,0.95,39.45,BUY,
779,제약,OGN,US20210603005,오가논,3596986566,-0.15,13.68,HOLD,
779,제약,TARS,US20201016004,타서스 파마슈티컬스,3246296372,0.65,71.07,BUY,
779,제약,SUPN,US20120501001,슈퍼누스 파마슈티컬스,2805196134,1.68,49.08,BUY,
779,제약,HWKN,US19931027001,호킨스,2745956921,-5.21,124.71,BUY,
779,제약,TRVI,US20190501005,트레비 테라퓨틱스,2632395397,1.89,18.83,BUY,목표가 상향
779,제약,NEOG,US19890823001,니오젠,2587776226,-2.61,11.56,BUY,
779,제약,PBH,US20050210001,프레스티지 컨슈머 헬스케어,2370118546,1.06,50.57,BUY,
779,제약,VCEL,US20141126001,베리셀,2231623134,1.51,44.25,BUY,
779,제약,HCM,US20160317002,허치슨 차이나 메디테크(ADR),2190841298,0.88,12.67,BUY,3상 생존 개선
779,제약,CMPS,US20200918003,컴퍼스 패스웨이스(ADR),1899499248,1.38,13.91,BUY,
779,제약,PRGO,US19911216001,페리고,1778644596,1.17,12.97,HOLD,
779,제약,ETON,US20181029001,이턴 파마슈티컬스,1764062891,2.67,63.38,BUY,
779,제약,ANIP,US19990913001,ANI 파마슈티컬스,1745376681,1.12,76.85,BUY,
779,제약,HROW,US20190102002,해로우,1479519177,0.03,39.48,,
779,제약,PAHC,US20140410001,피브로 애니멀 헬스,1404458328,0.17,34.69,HOLD,
779,제약,OMER,US20091008001,오메로스,1256394773,-0.92,17.2,BUY,
779,제약,HLF,US20041216001,허벌라이프,1256326148,2.92,12.34,BUY,
779,제약,MNKD,US20040728001,맨카인드,1253742654,4.36,4.07,BUY,
779,제약,BRBR,US20191016004,벨링 브랜즈,1183461086,1.96,10.38,BUY,
779,제약,OPK,US20160624001,옵코 헬스,1014791220,0.74,1.37,BUY,담보사채 발행 부담
779,제약,PCRX,US20110203001,파시라 바이오사이언시스,926193850,3.27,24.0,BUY,매수의견 재개
779,제약,DBVT,US20141022001,DBV 테크놀로지스(ADR),921745906,-1.02,14.52,,
779,제약,COLL,US20150505002,콜레지움 파마슈티컬,913642338,1.53,28.5,,
779,제약,AMPH,US20140624001,앰퍼스타 파마슈티컬스,887153409,2.35,21.35,HOLD,
779,제약,WOOF,US20210113009,펫코 헬스 앤 웰니스,872754388,2.59,2.77,HOLD,
779,제약,ACHV,US20170803001,어치브 라이프 사이언스,771605072,0.27,7.52,BUY,
779,제약,GYRE,US20150821001,자이어 테라퓨틱스,721936854,2.5,6.98,,
779,제약,ZVRA,NAS0230301006,지브러 테라퓨틱스,684549850,0.35,11.57,BUY,
779,제약,NGVC,US20120725001,내추럴 그로서스 바이 바이타민 코티지,641690892,0,27.85,BUY,
779,제약,AQST,US20180724001,어퀴스티브 테라퓨틱스,538330828,0.47,4.31,,
779,제약,RLMD,US20191010002,렐마다 테라퓨틱스,508707304,1.68,4.85,BUY,
779,제약,QTTB,US20180328001,Q32 바이오,474722328,-4.33,15.26,BUY,
779,제약,EYPT,US20180402001,아이포인트 파마슈티컬스,419764109,12.32,5.47,BUY,
779,제약,SMTI,US20201102002,사나라 메드테크,312326967,0.35,34.12,HOLD,
779,제약,AMRN,US19930401001,아마린(ADR),295868171,1.07,14.16,SELL,
779,제약,TTRX,NAS0251008003,턴 테라퓨틱스,295136898,-0.3,9.88,BUY,
779,제약,ANIK,US19930503001,아니카 테라퓨틱스,287271370,0.7,21.62,,
779,제약,SLGL,US20180131003,솔 젤 테크놀로지스,271301419,-3.59,80.03,BUY,
779,제약,NATR,US19900326035,네이처스 선샤인 프로덕츠,258599313,-0.34,14.65,,
779,제약,USNA,US19930422002,유사나 헬스 사이언시스,237557857,2.72,13.21,HOLD,
779,제약,NUS,US19961122002,뉴스킨,227758355,0.43,4.7,,
779,제약,TNXP,US20090213003,토닉스 파마슈티컬스 홀딩,217085935,0,12.66,BUY,
779,제약,SIGA,US20180322002,시가 테크놀로지스,210475041,2.05,2.99,,
779,제약,CRDL,US20210810003,카르디올 테라퓨틱스,208548291,5.0,1.89,,목표가 상향
779,제약,MDWD,US20140319001,메디운드,172055213,1.79,13.63,,
779,제약,FBIO,US20150429002,포트리스 바이오테크,156150703,2.84,2.9,,
779,제약,MENS,NAS0250617002,지용 바이오테크,152783216,-0.5,2.0,,
779,제약,NRXP,US20210525004,NRX 파마슈티컬,148473000,0.29,3.44,BUY,
779,제약,DERM,US20211112006,저니 메디컬,143539157,3.1,6.66,,
779,제약,MIST,US20190507001,마일스톤 파마슈티컬스,136918747,-2.73,1.07,BUY,보험보장 확대
779,제약,MED,US19810324001,메디패스트,127880127,-1.31,11.29,,
779,제약,CPIX,US20090811001,컴벌랜드 파마슈티컬스,115045868,-0.39,7.65,,
779,제약,BGM,US20210111003,BGM 그룹,108746184,6.08,0.288,,
779,제약,PYPD,US20200625004,폴리피드,96866585,-1.89,4.68,,
779,제약,BARK,US20210602004,바크,93024883,-1.94,10.1,BUY,
779,제약,FTLF,NAS0230918004,핏라이프 브랜즈,91261869,2.78,9.99,,
779,제약,ICCC,US19950710001,이뮤셀,88078635,0.62,9.76,,
779,제약,LFVN,US19970310001,라이프밴티지,82237722,-2.3,6.37,BUY,
779,제약,OKYO,US20220516002,오쿄 파마(ADR),79751971,-0.66,1.51,,
779,제약,CING,US20211006001,싱귤레이트,75746852,-0.58,5.18,BUY,
779,제약,BTMD,US20220829002,바이오티,49210197,-5.11,1.3,,
779,제약,BHST,NAS0241112002,바이오하베스트 사이언시스,49178789,-2.3,2.12,,
779,제약,GRCE,US20130107002,그레이스 테라퓨틱스,45427976,-1.85,2.12,,
779,제약,ZYBT,NAS0250107003,정예 바이오테크놀로지 홀딩,45172422,-1.32,1.5,,
779,제약,NSRX,AMX0250813004,나서스 파마,43320804,-1.35,3.65,,실적 기대치 미달
779,제약,IXHL,US20220225003,인카넥스 헬스케어,39654089,3.02,3.41,BUY,
779,제약,NTRB,US20211001010,뉴트리밴드,39255501,6.81,3.45,,
779,제약,PETS,US19970917001,펫메드 익스프레스,37930057,2.29,1.79,,
779,제약,MIRA,NAS0230803001,미라 파머슈티컬스,33190411,-3.23,0.7645,,
779,제약,UG,US19920317011,유나이티드 가디언,32842417,-1.12,7.07,,
779,제약,RMTI,US19980127002,록웰 메디컬,30161635,1.87,7.62,,
779,제약,UPC,US20210322008,유니버스 파머슈티컬스,29034817,-9.17,5.25,,
779,제약,AYTU,NAS0230106001,아이투 바이오파마,25325001,0.42,2.37,,
779,제약,COCP,US20180312005,코크리스털 파마,20992436,-0.92,1.08,BUY,
779,제약,BFRI,US20211014001,바이오프론테라,20046434,5.19,1.42,,
779,제약,LPCN,US20140324001,리포신,16897136,0,2.05,BUY,
779,제약,NHTC,US20150217002,내추럴 헬스 트렌즈,14750771,1.74,1.75,,
779,제약,PBM,US20211210008,사이언스 바이오메디컬,13766805,22.71,4.43,,
779,제약,NAII,US19931028001,내추럴 얼터너티브스 인터내셔널,12861491,0.49,2.06,,
779,제약,MTEX,US19990216001,매나테크,12540196,-0.15,6.49,,
779,제약,COSM,NAS0221216001,코스모스 헬스,12288578,0.34,0.2057,,
779,제약,KPRX,US20211108012,키오라 파마슈티컬스,11456732,0.39,2.6,,
779,제약,AIMD,US20220809005,아이노스,10483161,-1.41,1.4,,
779,제약,BTTC,US20151012001,블랙 타이탄,6452629,-1.17,0.592,,
779,제약,SNOA,US20161206001,소노마 파마슈티컬스,6319381,0,1.32,,
779,제약,GELS,NAS0241029001,젤텍,6040827,-5.78,0.5315,,
779,제약,PCSA,US20200929002,프로세사 파머슈티컬스,5948650,-0.94,2.11,,
779,제약,PULM,US20150617003,풀매트릭스,5696357,-0.64,1.55,,
779,제약,PAVS,NAS0230314003,파라노부스 엔터테인먼트 테크놀로지,5529725,-7.39,5.89,,
779,제약,SILO,US20220927006,사일로 파머,4874894,0,3.07,,
779,제약,SBFM,US20220215009,선샤인 바이오파머,4341696,0,1.12,,
779,제약,SHPH,US20220831003,셔틀 파머슈티컬스 홀딩스,4210684,-4.63,3.91,,
779,제약,SXTP,NAS0230615005,60 디그리스 파머슈티컬스,3797541,2.78,1.11,BUY,
779,제약,NXGL,US20211217007,넥스겔,3463343,1.23,0.3801,,실적 추정치 하회
779,제약,PRFX,US20200901003,페인리폼,2950557,-2.96,0.9415,,
779,제약,ATPC,NAS0231011003,아가페 ATP,2521043,-2.78,2.45,,
779,제약,SNYR,NAS0241023008,시너지 CHC,2307502,-29.7,0.1089,,
779,제약,BDRX,NAS0230327002,바이오덱사 파머슈티컬스(ADR),1460962,-4.23,1.36,,
465,신용평가,SPGI,US20160428001,S&P 글로벌,120998588775,1.83,418.04,BUY,
465,신용평가,MCO,US19960523002,무디스,82619252447,1.81,485.79,BUY,
465,신용평가,EFX,US19710511001,에퀴팩스,20766926419,2.85,181.84,BUY,
465,신용평가,TRU,US20150625009,트랜스유니언,15075723507,0.98,79.47,BUY,
317,비료와 농약,CTVA,US20190603004,코르테바,50702817486,2.5,77.91,BUY,상방 가능성 확대
317,비료와 농약,NTR,US20180102005,뉴트리엔,32581767669,1.63,69.4,BUY,
317,비료와 농약,CF,US20050811001,CF 인더스트리스 홀딩스,17820826416,1.65,119.72,HOLD,
317,비료와 농약,MOS,US20041025001,모자이크,6747493899,-0.42,21.14,HOLD,
317,비료와 농약,SMG,US19920131001,스코츠 미라클 그로,3445909587,0.59,59.55,BUY,
317,비료와 농약,UAN,US20110408002,CVR 파트너스,1292286906,-0.96,121.11,,
317,비료와 농약,FMC,US19860529001,FMC,1274538981,-0.59,10.12,HOLD,
317,비료와 농약,CMP,US20031212001,컴퍼스 미네랄스 인터내셔널,1081198068,-4.04,24.72,HOLD,
317,비료와 농약,GRO,AMX0241127001,브라질 포태시,133156129,-1.4,2.12,BUY,
317,비료와 농약,AVD,US19870303001,아메리칸 뱅가드,65772463,-2.69,2.17,,
317,비료와 농약,BIOX,US20210427001,바이오케레스 크랍 솔루션즈,27888012,-5.22,0.4143,,
317,비료와 농약,NXTS,US20210514009,넥센티스 테크놀로지,2818868,0.52,1.95,,
301,교육출판,RELX,US20150706006,릴렉스(ADR),58667056632,2.83,34.51,,
301,교육출판,PSO,US19960111001,피어슨(ADR),9710539616,-1.11,15.97,,
301,교육출판,WLY,US20220401011,와일리 존 앤 선스 A,2583760394,0.61,51.11,,
301,교육출판,WLYB,US20220401012,와일리 존 앤 선스 B,2583760394,2.86,52.9,,
301,교육출판,MH,NYS0250723002,맥그로우 힐,2442495674,2.74,13.12,,목표주가 하향
301,교육출판,SCHL,US19920303003,스콜라스틱,786491651,-0.31,41.35,HOLD,
301,교육출판,EDUC,US19930304001,에듀케이셔널 디벨롭먼트,11761956,-0.72,1.37,,
39,교육,RELX,US20150706006,릴렉스(ADR),58667056632,2.83,34.51,,
39,교육,PSO,US19960111001,피어슨(ADR),9710539616,-1.11,15.97,,
39,교육,EDU,US20060907001,뉴 오리엔탈 에듀케이션 앤 테크놀로지 그룹(ADR),9117711167,2.48,54.52,BUY,
39,교육,TAL,US20161201002,TAL 에듀케이션(ADR),6462748360,3.0,12.03,BUY,
39,교육,DUOL,US20210727003,듀오링고,6088409852,7.28,139.64,HOLD,
39,교육,LAUR,US20170201001,로리어트 에듀케이션,5193427208,1.3,38.2,BUY,
39,교육,GHC,US20131129001,그레이엄 홀딩스,4933873124,0.68,1173.27,,
39,교육,CVSA,US20170524003,코비스타,4503061881,-0.65,131.46,BUY,
39,교육,LOPE,US20081120001,그랜드 캐니언 에듀케이션,3696281128,3.47,146.76,BUY,
39,교육,LRN,US20071213002,스트라이드,3466602847,0.4,83.76,BUY,
39,교육,BFAM,US20130125001,브라이트 호라이즌스 패밀리 솔루션즈,3417850975,3.17,72.52,BUY,
39,교육,WLY,US20220401011,와일리 존 앤 선스 A,2583760394,0.61,51.11,,
39,교육,WLYB,US20220401012,와일리 존 앤 선스 B,2583760394,2.86,52.9,,
39,교육,MH,NYS0250723002,맥그로우 힐,2442495674,2.74,13.12,,목표주가 하향
39,교육,PRDO,US20200102007,퍼도세오 에듀케이션,2004543820,1.97,32.67,BUY,
39,교육,DAO,US20191024007,유다오(ADR),1969607524,4.42,17.01,BUY,
39,교육,STRA,US19960725001,스트래티직 에듀케이션,1791548075,1.66,82.03,BUY,
39,교육,COUR,US20210330010,코세라,1464465490,2.71,5.69,BUY,
39,교육,UTI,US20031217002,유니버설 테크니컬 인스티튜트,1440434876,-4.28,25.03,BUY,
39,교육,AFYA,US20190718001,아피야,1260864331,-1.67,13.56,HOLD,
39,교육,PXED,NYS0251009002,피닉스 에듀케이션 파트너스,969108461,1.08,27.18,,
39,교육,LINC,US20050623002,링컨 에듀케이셔널 서비시스,910847750,-3.41,27.74,BUY,
39,교육,APEI,US20071109001,아메리칸 퍼블릭 에듀케이션,810769463,0.95,44.73,BUY,
39,교육,SCHL,US19920303003,스콜라스틱,786491651,-0.31,41.35,HOLD,
39,교육,GOTU,US20210506011,가오투 테크에듀(ADR),390313402,0.61,1.65,BUY,
39,교육,KLC,NYS0241009002,킨더케어 러닝 컴퍼니스,303339287,6.25,2.72,HOLD,가이던스 하향
39,교육,FC,US19920609001,프랭클린 커비,215441417,2.88,19.63,,
39,교육,NRDY,US20210921008,너디,131320736,-4.61,0.6539,BUY,
39,교육,LGCY,AMX0240926002,레거시 에듀케이션,130920833,0.58,10.41,,
39,교육,COE,US20160610002,51 토크 온라인 에듀케이션 그룹(ADR),113334003,-8.48,17.27,,
39,교육,HERE,NAS0230125005,히어 GP(ADR),100046479,0,1.84,BUY,
39,교육,VIRC,US19920317012,버코 매뉴팩처링,93570941,-0.67,5.91,HOLD,
39,교육,CHGG,US20131113001,체그,84940219,-0.71,0.7598,HOLD,
39,교육,SKIL,US20210614006,스킬소프트,69214648,-1.3,7.62,,
39,교육,AACG,US20191017001,ATA 크리에티비티 글로벌(ADR),69134001,-1.4,0.9959,,
39,교육,IH,US20201008005,아이휴먼(ADR),65921614,-3.1,1.25,,
39,교육,STG,US20180322006,선랜즈 테크놀로지 그룹(ADR),42580698,-2.52,3.1,,
39,교육,RYET,NAS0250408003,루안윈 에듀AI 테크놀로지,38908346,-0.96,1.03,,
39,교육,JZ,US20220826003,젠즈 에듀케이션 테크놀로지 그룹(ADR),25209200,1.14,1.77,,ADS 희석 부담
39,교육,YQ,US20201203013,17 에듀케이션 앤 테크놀로지 그룹(ADR),24311586,-3.57,2.16,,
39,교육,GNS,US20220411008,지니어스 그룹,23049158,-4.04,0.152,,
39,교육,JDZG,NAS0240515002,자더,22644603,-1.92,4.09,,
39,교육,YXT,NAS0240816006,YXT닷컴 그룹 홀딩(ADR),21458296,-14.37,3.04,,
39,교육,FEDU,US20171107006,포 시즌스 에듀케이션(ADR),20800819,6.52,9.8,,
39,교육,EDTK,US20200722003,스킬풀 크래프츠맨 에듀케이션 테크놀로지,13928574,1.74,0.875,,
39,교육,EDUC,US19930304001,에듀케이셔널 디벨롭먼트,11761956,-0.72,1.37,,
39,교육,NAMI,NAS0241206002,진신 테크놀로지 홀딩(ADR),9739530,-7.47,2.85,,
39,교육,AMST,NAS0230222001,에임자이트,6287178,-1.57,0.945,,
39,교육,WAFU,US20190430002,와 푸 에듀케이션,6041185,6.57,1.46,,
39,교육,AMBO,US20180601004,엠보우 에듀케이션 홀딩(ADR),5919611,0.97,2.09,,적자 전환
39,교육,BOXL,US20171130001,박스라잇,4817555,8.45,7.83,,
39,교육,EEIQ,US20210325007,에픽퀘스트 에듀케이션 그룹 인터내셔널,3934594,10.88,2.65,,
39,교육,NTCL,NAS0241213009,넷클래스 테크놀로지,3532207,-2.01,2.44,,
39,교육,KIDZ,US20220204003,클래스오버 홀딩스,3360623,15.23,4.69,,재무구조 개선
39,교육,GSUN,US20220622002,골든 선 헬스 테크놀로지 그룹,3059159,6.82,0.3259,,
39,교육,FCHL,NAS0250904003,피트니스 챔프스 홀딩스,1476677,-6.25,1.05,,
127,담배,PM,US20080331002,필립 모리스 인터내셔널,287534386101,1.68,187.62,BUY,
127,담배,BTI,US20170725006,브리티쉬 아메리칸 토바코(ADR),120413239754,1.17,56.38,BUY,
127,담배,MO,US19850702002,알트리아 그룹,106774182271,1.92,65.19,HOLD,
127,담배,RLX,US20210120007,RLX 테크놀로지(ADR),2285131520,-2.14,1.83,BUY,해외 매출 급감
127,담배,TPB,US20160511005,터닝 포인트 브랜즈,1709810517,1.41,86.5,BUY,
127,담배,UVV,US19880104001,유니버설,1103301138,0.25,44.43,,
127,담배,ISPR,NAS0230404001,아이스파이어 테크놀로지,90097948,-5.1,1.49,BUY,
127,담배,XXII,US20210816009,22ND 센추리 그룹,2941031,-1.21,4.07,,
127,담배,GNLN,US20190417011,그린레인 홀딩스,1395737,48.26,2.98,,
949,구인구직,BZ,US20210611001,칸준(ADR),7360436691,1.8,15.83,BUY,하반기 성장 우려
949,구인구직,FA,US20210622001,퍼스트 어드밴티지,3485860823,3.3,20.97,BUY,
949,구인구직,TNET,US20140327006,트라이넷 그룹,3081390764,4.02,69.84,,
949,구인구직,MAN,US19880503001,맨파워그룹,2639561545,4.77,59.48,HOLD,
949,구인구직,AMN,US20161027003,AMN 헬스케어 서비시스,1337450310,0,34.54,,
949,구인구직,KFRC,US19950815001,케이포스,1021670916,2.16,58.29,BUY,
949,구인구직,BBSI,US19930611001,바렛 비즈니스 서비시스,759127231,5.11,32.93,BUY,
949,구인구직,KELYA,US19900326027,켈리 서비시스 A,584586935,2.55,16.5,,
949,구인구직,KELYB,US19950818007,켈리 서비시스 B,584586935,-8.1,22.0,,
949,구인구직,TBI,US19900326070,트루블루,302552629,5.73,10.51,,
949,구인구직,HQI,US20190911001,하이어퀘스트,224437412,3.41,16.7,,목표가 상향
949,구인구직,LGCL,NAS0240305001,루카스 GC,60321680,-82.89,0.2412,,
949,구인구직,BGSF,US20191114001,BGSF,59441470,-0.36,5.55,,
949,구인구직,STRR,US20030317001,STAR EQUITY HOLDINGS INC,36222256,-2.04,9.62,,
949,구인구직,JOB,US19920317023,GEE 그룹,25880046,1.99,0.2403,,
949,구인구직,NIXX,US20210630011,닉시,20616303,0.08,0.7139,,
949,구인구직,YYGH,NAS0240422006,YY 그룹 홀딩스,17260598,-2.78,1.4,,
949,구인구직,CLIK,NAS0241002004,클릭 홀딩스,11900092,-4.32,1.33,,
949,구인구직,GLXG,NAS0240912003,갤럭시 페이롤 그룹,5857139,-4.69,0.9366,,
615,농업,CTVA,US20190603004,코르테바,50702817486,2.5,77.91,BUY,상방 가능성 확대
615,농업,ADM,US19450910001,아처 대니얼스 미들랜드,39170189281,1.43,82.45,HOLD,
615,농업,VMI,US19900326072,밸몬트 인더스트리스,9781435036,-3.83,487.36,BUY,
615,농업,SEB,US19800317005,시보드,4263501395,0.87,4491.02,,
615,농업,SMG,US19920131001,스코츠 미라클 그로,3445909587,0.59,59.55,BUY,
615,농업,ANDE,US19960220001,앤더슨스,2339741168,-0.03,68.86,BUY,
615,농업,AGRO,US20110128002,아데코아그로,1336013121,5.94,9.81,HOLD,
615,농업,LNN,US19900326063,린지,1159413815,-1.96,111.8,,
615,농업,AVO,US20201001005,미션 프로듀스,1143499045,1.0,13.08,BUY,
615,농업,WEST,US20220829005,웨스트록 커피,810135539,-0.6,8.25,,
615,농업,CRESY,US19970319001,크레수드(ADR),668349411,-2.36,10.33,,
615,농업,FPI,US20150908001,팜랜드 파트너스,426618005,1.64,9.94,HOLD,
615,농업,LND,US19760519002,브라질라그루(ADR),354555850,0.56,3.58,,
615,농업,VFF,US20190221001,빌리지 팜스 인터내셔널,315431765,-1.55,2.54,BUY,
615,농업,ALCO,US19730503001,알리코,289781735,1.15,39.52,BUY,
615,농업,AFRI,US20220610002,포라프릭 글로벌,285216688,0.47,10.63,,
615,농업,LMNR,US20031007002,리모네이라,249987372,1.96,14.06,,
615,농업,CBUS,US20170719001,시버스,127609313,-2.4,1.63,BUY,
615,농업,PFAI,NAS0250422008,피나클 푸드 그룹,33565370,5.59,3.02,,
615,농업,LOCL,US20211122008,로컬 바운티,24777672,0,1.06,,
615,농업,AVX,US20210708001,에이백스 원 테크놀로지,22557235,-3.28,2.95,,
615,농업,SEED,US20040329001,오리진 애그리테크,12869409,-2.83,1.03,,
615,농업,EVGN,US20161230002,에보진,8846912,2.87,0.5761,,유동성 위험 부각
615,농업,AGRZ,NAS0251001001,아그로즈,5809429,8.88,0.2919,,
615,농업,EDBL,NAS0230126004,에디블 가든,3043708,0.64,1.57,BUY,
311,바이오시밀러,NVS,US19961107001,노바티스(ADR),288790402260,1.7,154.55,HOLD,
311,바이오시밀러,PFE,US19510622001,화이자,153117763911,1.41,27.25,HOLD,
311,바이오시밀러,GSK,US19870610001,글락소스미스클라인(ADR),101680079586,1.73,51.15,BUY,
311,바이오시밀러,VTRS,US20201117005,비아트리스,18637677992,-0.37,16.17,BUY,
311,바이오시밀러,ALVO,US20220616002,알보테크,1514553012,1.55,3.94,BUY,
311,바이오시밀러,CHRS,US20141106001,코히러스 바이오사이언시스,177638446,16.52,1.34,BUY,종양학 진전 부각
161,음료,KO,US19240926001,코카콜라,374156401104,2.12,88.82,BUY,
161,음료,PEP,US20171220003,펩시코,188642611251,1.37,140.13,HOLD,
161,음료,SBUX,US19920626001,스타벅스,123002719841,-1.77,106.01,HOLD,
161,음료,MNST,US19950818011,몬스터 베버리지,89018983717,4.13,47.4,BUY,
161,음료,CCEP,US20210913002,코카콜라 유로퍼시픽 파트너스,46676116326,1.83,107.5,BUY,
161,음료,KDP,US20200921002,큐리그 닥터페퍼,41197077450,1.72,30.8,BUY,
161,음료,KHC,US20150706002,크래프트 하인즈,29342916458,0.28,24.82,HOLD,
161,음료,FMX,US19980511001,포멘토 에코노미코 멕시카노(ADR),23100978664,0.03,117.31,BUY,
161,음료,SJM,US19941031002,JM스머커,12591082026,0.57,118.5,BUY,
161,음료,COKE,US19900326008,코카콜라 컨솔리데이티드,12392309655,1.35,188.72,,
161,음료,PRMB,US20200303002,프리모 브랜즈 코퍼레이션,8822316939,-3.86,23.44,BUY,
161,음료,CELH,US20170524001,셀시어스 홀딩스,7575528249,-0.07,29.92,BUY,
161,음료,CPB,US19541213001,캠벨스,6761883874,0.71,22.84,HOLD,
161,음료,KOF,US19930914001,코카콜라 펨사(ADR),5707271840,0.83,109.59,BUY,
161,음료,AKO.A,US19940707001,엠보테야도라 안디나 A(ADR),4342256229,-3.32,23.33,,
161,음료,AKO.B,US19970407001,엠보테야도라 안디나 B(ADR),4342256229,-2.78,30.07,BUY,
161,음료,COCO,US20211020005,비타 코코,3770671774,-3.08,63.48,,
161,음료,FIZZ,US19910913001,내셔널 베버리지,2904167756,1.45,31.48,,
161,음료,WEST,US20220829005,웨스트록 커피,810135539,-0.6,8.25,,
161,음료,OTLY,US20210519005,오틀리 그룹(ADR),435509981,1.17,13.81,BUY,
161,음료,LWAY,US19950818009,라이프웨이 푸즈,373812728,2.87,25.46,BUY,
161,음료,SUJA,NAS2605007003,수자 라이프,256801880,1.2,6.73,BUY,
161,음료,BRCC,US20220210002,BRC,204066158,0.76,0.8217,BUY,
161,음료,BUDA,AMX0260108001,부다 주스,109558098,5.85,9.23,BUY,2분기 실적 호조
161,음료,ZVIA,US20210720015,제비아 PBC,100527706,0.77,1.31,BUY,매각 검토 요구
161,음료,THCH,US20220929003,TH 인터내셔널,56502108,-17.65,1.4,,기존점 매출 부진
161,음료,LSF,US20200922002,레어드 슈퍼푸드,50021584,-3.8,4.3,,
161,음료,BRFH,US20220120001,바프레시 푸드 그룹,21685271,-2.26,1.3,,시설지연 비용부담
161,음료,JVA,US20050503001,커피 홀딩,20090008,-0.57,3.5,,
161,음료,REBN,US20220812003,리본 커피,12153336,-3.38,1.43,,
161,음료,PLAG,US20181001007,플래닛 그린 홀딩스,11999903,-3.4,0.8146,,
161,음료,BNKK,US20201021002,본크,7804062,-4.55,0.9312,,2분기 실적 개선
161,음료,SBEV,US20210611012,스플래시 베버리지 그룹,2380895,5.48,0.3987,,
161,음료,RKDA,NAS0230301005,아카디아 바이오사이언시스,1156657,-14.91,0.4086,,
551,천연가스개발,XOM,US19200325001,엑슨 모빌,663768566797,2.54,165.56,BUY,유가 상승 수혜
551,천연가스개발,CVX,US19210624001,셰브론,400403939945,1.5,205.74,BUY,유가 강세 수혜
551,천연가스개발,SHEL,US20220201008,쉘(ADR),254131885714,0.43,92.01,BUY,
551,천연가스개발,COP,US19720630003,코노코필립스,153210123813,1.69,129.72,BUY,
551,천연가스개발,EQNR,US20180517004,에퀴노르(ADR),104539169127,0.05,41.84,HOLD,미국 전력입지 강화
551,천연가스개발,CNQ,US20000731001,캐나디안 내추럴 리소시스,101592596961,0.65,49.59,HOLD,
551,천연가스개발,PSX,US20120412003,필립스 66,95964134153,1.76,243.49,BUY,
551,천연가스개발,WMB,US19870602001,윌리엄스 컴퍼니스,89822605810,2.29,75.13,BUY,
551,천연가스개발,SLB,US19620202001,슐럼버거,79911296478,-1.21,53.21,BUY,해상복구계약 수주
551,천연가스개발,EOG,US19891004001,EOG 리소시스,76643688378,1.74,148.7,BUY,유가 강세 수혜
551,천연가스개발,OKE,US19540524001,원오크,60074099199,1.84,97.07,BUY,원오크 목표가 상향
551,천연가스개발,LNG,US19940404002,셰니어 에너지,55118476073,2.57,273.78,BUY,
551,천연가스개발,EC,US20080918002,에코페트롤(ADR),36318899102,0.06,17.68,HOLD,
551,천연가스개발,VG,NYS0250124001,벤처 글로벌,34368989474,3.27,14.2,BUY,
551,천연가스개발,EQT,US19500605001,EQT,33151574060,0.25,53.14,BUY,
551,천연가스개발,RRC,US19921228001,레인지 리소시스,9195675958,1.27,39.86,HOLD,
551,천연가스개발,KNTK,US20221024004,키네틱 홀딩스,8601022586,2.94,54.54,BUY,투자의견 하향
551,천연가스개발,KGS,NYS0230628002,코디악 가스 서비시스,6683581416,-4.9,62.88,BUY,
551,천연가스개발,RIG,US19930604001,트랜스오션,6554696312,-0.85,5.82,BUY,
551,천연가스개발,PAM,US19900918001,팜파 에네르히아(ADR),4342317950,-1.08,79.0,BUY,
551,천연가스개발,CRK,US19950322001,컴스톡 리소시스,3977715033,0.81,13.66,HOLD,
551,천연가스개발,GPOR,US20210518008,걸프포트 에너지,2998547894,0.81,170.98,BUY,
551,천연가스개발,BKV,NYS0240926001,반푸 칼닌 벤처스,2883075525,1.14,26.65,BUY,
551,천연가스개발,CSAN,US20210311012,코장(ADR),2468416713,-4.76,2.4,HOLD,ADS 상장폐지
551,천연가스개발,FLOC,NYS0250116001,플로우코 홀딩스,2114720684,-2.09,22.92,BUY,
551,천연가스개발,TGS,US19941117001,트란스포르타도라 데 가스 델 수르(ADR),1966820488,-2.19,27.68,BUY,
551,천연가스개발,KRP,US20170203002,킴벨 로열티 파트너스,1716748741,-0.4,14.91,,
551,천연가스개발,HLX,US19970701002,헬릭스 에너지 솔루션즈 그룹,1553081692,-1.52,10.38,,
551,천연가스개발,TBN,NYS0240627003,탐보란 리소시스,1301611008,-0.05,37.33,,
551,천연가스개발,DEC,NYS0231218001,다이버시파이드 에너지,1018158132,0.07,14.4,BUY,
551,천연가스개발,SMC,NYS0240801005,서밋 미드스트림,705353317,-0.14,34.69,BUY,
551,천연가스개발,GRNT,US20221025001,그래닛 리지 리소시스,693648199,-0.76,5.22,BUY,
551,천연가스개발,WHK,NYS2606005003,화이트호크 미네랄스,621643302,0.31,26.21,BUY,배당 개시
551,천연가스개발,NUAI,US20220105004,뉴 에라 에너지 & 디지털,581690655,-6.04,5.13,BUY,
551,천연가스개발,SD,US20161004001,샌드리지 에너지,530805692,0.21,14.35,HOLD,
551,천연가스개발,NGS,US20021021002,내추럴 가스 서비시스 그룹,493383772,-1.75,37.59,BUY,
551,천연가스개발,NPWR,US20210806006,넷 파워,388922848,-4.62,1.65,,현금여력 부각
551,천연가스개발,OPAL,US20220722003,오펄 퓨얼스,384382977,0.45,2.21,BUY,
551,천연가스개발,PNRG,US19950818014,프라임에너지 리소시스,333224906,1.08,212.87,SELL,
551,천연가스개발,GTE,US20051114001,그랜 티에라 에너지,331798073,1.28,9.5,HOLD,
551,천연가스개발,MNTK,US20210122011,몬탁 리뉴어블스,266121504,-1.6,1.84,HOLD,
551,천연가스개발,KGEI,NAS0231011006,콜리브리 글로벌 에너지,215939770,0.99,6.1,,
551,천연가스개발,AMPY,US20190807002,앰플리파이 에너지,199777730,0,4.82,,
551,천연가스개발,EPSN,US20190219001,엡실론 에너지,171067079,0.53,5.68,,
551,천연가스개발,EPM,US19960411001,에볼루션 페트롤리엄,137004761,0.26,3.83,BUY,보통주 공모 부담
551,천연가스개발,BATL,US20200220001,바탈리언 오일,81323417,0.7,1.43,,
551,천연가스개발,NRT,US19960329002,노스 유러피언 오일 로열티 트러스트,80216842,1.03,8.82,,
551,천연가스개발,PROP,NAS0231228002,프레리 오퍼레이팅,80069609,-13.04,0.6174,BUY,가이던스 하향
551,천연가스개발,BSIN,US19900326054,빅 스카이 인더스트리얼,74524866,-2.11,1.39,BUY,
551,천연가스개발,PVL,US20180914005,퍼미언빌 로열티 트러스트,58067687,1.7,1.79,,
551,천연가스개발,GLND,NAS2603026002,그린란드 에너지 컴퍼니,55962782,1.56,1.3,,
551,천연가스개발,VOC,US20110505004,VOC 에너지 트러스트,55068323,1.23,3.28,,
551,천연가스개발,INDO,US20191219003,인도네시아 에너지,46612241,-2.64,2.95,,
551,천연가스개발,PRT,US20180501005,펌록 로열티 트러스트,26698121,0,2.19,,
551,천연가스개발,EONR,US20220404005,EON 리소시스,24978875,-2.46,0.4877,,
551,천연가스개발,MXC,US19970305001,멕스코 에너지,18430552,1.11,9.11,,
551,천연가스개발,BRN,US19840907022,반웰 인더스트리스,13854000,0.02,0.9602,,
551,천연가스개발,TPET,AMX0230418002,트리오 페트롤리엄,11051294,1.84,0.2543,,상장유지 역분할
551,천연가스개발,MTR,US19791015001,메사 로열티 트러스트,5142231,0,2.75,,
37,바이오신약,ABBV,US20121210001,애브비,442268696112,3.43,258.92,BUY,
37,바이오신약,MRK,US19490420001,머크,335390215127,-0.59,135.17,BUY,파이프라인 호조
37,바이오신약,AZN,US20200925002,아스트라제네카,243290043826,2.05,160.1,BUY,폐암 3상 성과
37,바이오신약,AMGN,US19830617001,암젠,226682187032,1.42,425.32,HOLD,암젠 목표가 상향
37,바이오신약,GILD,US19920122001,길리어드 사이언스,172218054890,3.24,143.42,BUY,
37,바이오신약,BMY,US19520623001,브리스톨 마이어스 스큅,131992661929,2.2,66.05,BUY,
37,바이오신약,REGN,US19910402001,리제네론 파마슈티컬스,82956924195,0.7,810.6,BUY,
37,바이오신약,ARGX,US20170517001,아제닉스(ADR),61764366011,0.57,993.49,BUY,
37,바이오신약,RVMD,US20200212004,레볼루션 메디신,45429688199,1.92,216.08,BUY,
37,바이오신약,ONC,US20160203001,베이진(ADR),39790418554,1.83,369.15,BUY,
37,바이오신약,RPRX,US20200616002,로열티 파마,34176575148,0.4,59.69,,
37,바이오신약,BIIB,US19910917001,바이오젠,30896197788,1.63,212.55,BUY,투자의견 상향
37,바이오신약,ALNY,US20040528001,앨나일램 파마슈티컬스,30047157030,1.79,228.62,BUY,
37,바이오신약,INSM,US20000601001,인스메드,28016774093,0.1,128.45,BUY,
37,바이오신약,ROIV,US20211001014,로이반트 사이언시스,26171436957,3.12,37.37,BUY,
37,바이오신약,MRNA,US20181206001,모더나,25729290046,-2.31,62.97,HOLD,
37,바이오신약,INCY,US19931103001,인사이트,25027864994,0.02,123.52,BUY,목표가 상향
37,바이오신약,BNTX,US20191009001,바이오엔테크(ADR),23159287864,1.24,92.74,BUY,
37,바이오신약,UTHR,US19990617001,유나이티드 테라퓨틱스,21804435892,1.97,518.52,BUY,TETON 등록완료
37,바이오신약,GMAB,US20190718002,젠맵(ADR),20171847568,0.37,32.96,BUY,
37,바이오신약,JAZZ,US20070601001,재즈 파마슈티컬스,16118766696,1.92,253.13,BUY,
37,바이오신약,NBIX,US19960523001,뉴로크린 바이오사이언시스,15700453019,-0.16,154.25,BUY,
37,바이오신약,BBIO,US20190626002,브리지바이오 파마,15614624774,3.83,82.95,BUY,
37,바이오신약,BAX,US19610515001,박스터 인터내셔널,13392526728,0.12,25.94,HOLD,
37,바이오신약,EXEL,US20000411001,엑셀리시스,12961189975,1.57,53.14,HOLD,
37,바이오신약,BMRN,US19990723001,바이오마린 파마슈티컬,12897020756,0.51,66.98,BUY,알레스타 인수
37,바이오신약,ARWR,US19970106001,애로우헤드 파마슈티컬스,12526615215,-0.9,87.9,BUY,
37,바이오신약,MDGL,US20160725001,매드리갈 파마슈티컬스,12124091953,-0.01,524.8,BUY,
37,바이오신약,HALO,US20040312001,할로자임 테라퓨틱스,11687815842,1.83,104.89,BUY,
37,바이오신약,AXSM,US20151118001,액섬 테라퓨틱스,11325998067,-0.18,215.88,BUY,
37,바이오신약,CYTK,US20040429001,사이토키네틱스,10545470777,0.37,76.15,BUY,
37,바이오신약,PRAX,US20201015008,프락시스 프리시전 메디신,10506297442,-1.67,370.08,BUY,
37,바이오신약,PTGX,US20160811003,프로타고니스트 테라퓨틱스,10261852355,-0.76,157.41,BUY,
37,바이오신약,SMMT,US20150305001,서밋 테라퓨틱스,10193078684,0.47,12.84,BUY,
37,바이오신약,APGE,NAS0230714001,애퍼지 테라퓨틱스,10184652811,0,134.59,HOLD,
37,바이오신약,KYMR,US20200819002,키메라 테라퓨틱스,10093176483,0,121.41,BUY,
37,바이오신약,KRYS,US20170919002,크리스탈 바이오테크,9935110677,-0.85,332.88,BUY,내부자 매도 부담
37,바이오신약,IONS,US20151222002,아이오니스 파마슈티컬스,9741321355,1.64,59.59,BUY,
37,바이오신약,ABVX,NAS0231020001,아비박스(ADR),9570795839,-1.52,118.89,BUY,
37,바이오신약,SYRE,US20160406001,스파이어 테라퓨틱스,9221020380,3.07,107.81,BUY,
37,바이오신약,IMVT,US20191219001,이뮤노반트,9026503848,1.46,44.35,BUY,
37,바이오신약,CRNX,US20180717002,크리네틱스 파마슈티컬스,8989662553,0,84.75,HOLD,
37,바이오신약,PCVX,US20200612003,백사이트,8959154239,-0.65,59.83,,
37,바이오신약,IBRX,US20210310003,이뮤니티바이오,8392123907,-2.4,7.73,BUY,
37,바이오신약,RYTM,US20171004001,리듬 파마슈티컬스,7946599435,-0.12,115.3,BUY,
37,바이오신약,TGTX,US19951214001,TG 테라퓨틱스,7541643883,1.99,50.26,BUY,
37,바이오신약,ORKA,US19970808001,오루카 테라퓨틱스,7457603459,0.37,113.08,,
37,바이오신약,CGON,NAS0240125001,CG 온콜로지,6833610391,-1.06,76.29,BUY,
37,바이오신약,BLTE,US20220426002,비라이트 바이오(ADR),6571423288,-0.47,162.45,,
37,바이오신약,COGT,US20201006001,코젠트 바이오사이언시스,6569998037,-1.21,37.41,BUY,
37,바이오신약,MIRM,US20190717004,미럼 파마슈티컬스,6480807705,1.03,100.86,BUY,
37,바이오신약,DNTH,US20180620005,다이앤서스 테라퓨틱스,6423260738,0.71,115.67,BUY,베어드 의견개시
37,바이오신약,ERAS,US20210714005,에라스카,6392294647,-1.04,18.09,BUY,
37,바이오신약,SRRK,US20180523004,스칼러 록 홀딩,6337580176,5.21,54.76,BUY,
37,바이오신약,KNSA,US20180523003,키닉사 파마슈티컬스 인터내셔널,6176631723,0.51,79.58,,
37,바이오신약,PTCT,US20130620001,PTC 테라퓨틱스,6081333830,-0.29,72.67,BUY,
37,바이오신약,XENE,US20141016002,제논 파마슈티컬,6037689174,1.31,63.18,BUY,
37,바이오신약,TVTX,US20201119007,트래비어 테라퓨틱스,5987137091,0.58,63.9,BUY,
37,바이오신약,LGND,US19950202001,리간드 파마슈티컬,5815379608,-1.36,287.8,BUY,
37,바이오신약,CRSP,US20161019001,크리스퍼 테라퓨틱스,5247364610,-2.41,52.97,BUY,
37,바이오신약,ACAD,US20040527001,아카디아 파마슈티컬스,4997523456,4.0,30.17,BUY,
37,바이오신약,DYN,US20200917002,다인 테라퓨틱스,4882383963,-0.57,26.0,BUY,
37,바이오신약,EWTX,US20210325008,에지와이즈 테라퓨틱스,4781911936,0.16,44.11,BUY,
37,바이오신약,PBLS,NAS2606010010,파라빌리스 메디슨즈,4538092349,5.67,39.33,BUY,
37,바이오신약,RLAY,US20200715002,릴레이 테라퓨틱스,4528697297,-0.19,20.63,BUY,경영진 매도 부담
37,바이오신약,MANE,NYS2602004002,베라더믹스,4520487842,2.86,111.31,BUY,
37,바이오신약,ELVN,NAS0230224002,인라이븐 테라퓨틱스,4361250043,0.91,60.07,BUY,
37,바이오신약,TNGX,US20210811012,탱고 테라퓨틱스,4263252247,0.63,25.45,BUY,
37,바이오신약,LEGN,US20200604004,레전드 바이오테크(ADR),3993684927,6.2,21.93,BUY,
37,바이오신약,TLX,NAS0241113004,텔릭스 파머슈티컬스(ADR),3984824870,1.28,11.88,,
37,바이오신약,VKTX,US20150429004,바이킹 테라퓨틱스,3922206648,-0.8,33.36,BUY,
37,바이오신약,DNLI,US20171207001,디날리 테라퓨틱스,3891459160,-0.16,24.31,BUY,
37,바이오신약,GPCR,NAS0230203001,스트럭처 테라퓨틱스(ADR),3832805245,-0.22,53.64,BUY,
37,바이오신약,RCUS,US20180314002,아쿠스 바이오사이언스,3763176691,-0.17,29.51,BUY,
37,바이오신약,IDYA,US20190522002,아이디야 바이오사이언시스,3524978346,3.86,37.95,BUY,
37,바이오신약,QURE,US20140205001,유니큐어,3326801405,-1.23,47.38,BUY,
37,바이오신약,ALMS,NAS0240628001,알루미스,3299898920,-2.43,24.88,BUY,
37,바이오신약,CLDX,US19900326006,셀덱스 테라퓨틱스,3291260138,-0.31,41.79,BUY,
37,바이오신약,MBX,NAS0240913002,MBX 바이오사이언시스,3286229775,-2.58,66.49,BUY,
37,바이오신약,ARQT,US20200130001,아커티스 바이오테라퓨틱스,3218288750,3.59,26.53,,
37,바이오신약,IOVA,US20170628002,이오밴스 바이오테라퓨틱스,3215415405,-1.13,7.02,BUY,풋옵션 약세 베팅
37,바이오신약,NAMS,NAS0221123001,뉴암스테르담 파마,3214868200,1.3,27.25,BUY,
37,바이오신약,IMNM,US20201002003,이뮤놈,3111367334,0.58,27.56,BUY,
37,바이오신약,IRON,NAS0221230002,디스크 메디신,3072695661,0.32,80.31,,목표가 상향
37,바이오신약,ZLAB,US20170919003,자이 랩(ADR),2916772628,-0.27,25.57,,
37,바이오신약,NRIX,US20200723004,누릭스 테라퓨틱스,2819150584,-0.88,26.93,BUY,
37,바이오신약,BEAM,US20200205001,빔 테라퓨틱스,2798502358,-1.96,26.57,BUY,
37,바이오신약,ATAI,US20210617001,아타이 라이프 사이언시스,2684491013,0.69,7.29,HOLD,
37,바이오신약,RGC,US20210715014,리젠셀 바이오사이언스 홀딩스,2650224671,2.06,5.46,,
37,바이오신약,SLS,US20180102002,셀라스 라이프 사이언시스 그룹,2624737696,0.77,13.1,BUY,중재 패소 부담
37,바이오신약,VRDN,US20210120005,비리디언 테라퓨틱스,2615363957,3.64,23.93,BUY,
37,바이오신약,RARE,US20140131003,울트라제닉스 파마슈티컬,2575581152,-2.45,25.49,BUY,
37,바이오신약,KOD,US20181003002,코디악 사이언시스,2575024767,-0.73,40.68,BUY,
37,바이오신약,BCRX,US19940303001,바이오크리스트 파마슈티컬스,2539480500,-2.41,9.7,BUY,
37,바이오신약,NKTR,US19940503001,넥타 테라퓨틱스,2480645404,1.24,73.57,BUY,매출 예상 하회
37,바이오신약,PHVS,US20210204011,파바비스,2460097507,2.27,36.12,BUY,
37,바이오신약,URGN,US20170502002,우로젠 파마,2401481730,-0.49,48.9,BUY,
37,바이오신약,KLRA,NAS2604017003,카일레라 테라퓨틱스,2399195743,-3.67,17.83,BUY,
37,바이오신약,AMLX,US20220106001,아밀릭스 파마슈티컬스,2387289744,63.84,35.11,BUY,임상결과 공개 임박
37,바이오신약,PGEN,US20200203004,프레시젠,2344633737,2.75,6.73,,조기 흑자 달성
37,바이오신약,OCUL,US20140724002,오큘라 테라퓨틱스,2338413182,3.47,11.02,BUY,경쟁부담 완화
37,바이오신약,RAPP,NAS0240607004,라포 테라퓨틱스,2322616145,1.38,49.09,BUY,목표가 상향
37,바이오신약,MLYS,NAS0230209004,미네랄리스 테라퓨틱스,2302511154,2.15,26.61,BUY,
37,바이오신약,VERA,US20210512003,베라 테라퓨틱스,2278880097,2.09,32.29,BUY,
37,바이오신약,NUVB,US20210211013,누베이션 바이오,2274796226,7.41,6.96,BUY,
37,바이오신약,HRMY,US20200819001,하모니 바이오사이언시스 홀딩스,2220665183,1.84,38.84,BUY,
37,바이오신약,PVLA,US20150626001,팔벨라 테라퓨틱스,2211509738,-2.02,150.42,BUY,
37,바이오신약,MESO,US20151111001,메소블라스트(ADR),2206959461,-2.06,16.67,,
37,바이오신약,BHVN,US20170502005,바이오헤이븐,2183630079,-6.15,13.57,BUY,
37,바이오신약,BRVE,NAS2608006002,브레이브하트 바이오,2111126128,-3.76,26.62,,
37,바이오신약,STOK,US20190618002,스토케 테라퓨틱스,2072788663,0.03,32.14,BUY,
37,바이오신약,SEPN,NAS0241025003,셉터나,2062683707,-0.84,43.83,BUY,
37,바이오신약,GHRS,US20210624005,GH 리서치,2054908376,-0.77,29.75,BUY,
37,바이오신약,NBTX,US20201211003,나노바이오틱스(ADR),2038803994,-2.09,41.17,BUY,
37,바이오신약,AUPH,US20140902001,오리니아 파마슈티컬스,2033921108,0.13,15.31,,
37,바이오신약,TSHA,US20200924003,타이샤 진 테라피스,2022997379,-0.32,6.19,BUY,
37,바이오신약,AGIO,US20130724001,애지오스 파마슈티컬스,2007348675,2.26,34.39,BUY,
37,바이오신약,GRFS,US20110602001,그리폴스(ADR),2005973104,0,7.77,,
37,바이오신약,ZBIO,NAS0240913004,제나스 바이오파마,1987468650,4.62,31.91,,
37,바이오신약,KARD,NAS2606018006,카디건,1921093686,2.38,21.04,BUY,
37,바이오신약,SRPT,US19970604001,사렙타 테라퓨틱스,1919892168,-0.83,18.03,HOLD,
37,바이오신약,IMCR,US20210204007,이뮤노코어 홀딩스(ADR),1830379047,3.0,36.1,BUY,
37,바이오신약,LKFT,US20150513001,레이크프론트 바이오테라퓨틱스(ADR),1806447176,1.78,28.01,SELL,
37,바이오신약,ZYME,US20170425006,자임웍스,1795597671,3.0,26.07,BUY,
37,바이오신약,ANAB,US20170126001,어냅티스바이오,1766955584,-1.11,59.03,BUY,
37,바이오신약,SNDX,US20160303001,신닥스 파마슈티컬스,1764136370,0.81,19.92,BUY,
37,바이오신약,XNCR,US20131115002,젠코,1718686127,10.03,25.44,BUY,
37,바이오신약,AAPG,NAS0250127001,어센티지 파마 그룹 인터내셔널(ADR),1699570783,-0.05,18.19,BUY,
37,바이오신약,AVLN,NAS2604030003,아발린 파마,1695381413,1.36,38.77,BUY,
37,바이오신약,NTLA,US20160506001,인텔리아 테라퓨틱스,1693772588,-3.97,11.61,HOLD,
37,바이오신약,RXRX,US20210415005,리커젼 파마슈티컬스,1664561213,-0.32,3.1,HOLD,
37,바이오신약,BCAX,NAS0240913001,비카라 테라퓨틱스,1650003125,-0.08,24.92,BUY,목표가 상향
37,바이오신약,FBRX,US20200616001,포르테 바이오사이언시스,1631958476,-0.05,76.85,HOLD,
37,바이오신약,VIR,US20191010004,버 바이오테크놀로지,1588601016,1.17,9.5,BUY,
37,바이오신약,ABSI,US20210720001,압사이,1585377305,-4.22,8.85,BUY,
37,바이오신약,TYRA,US20210914014,타이라 바이오사이언시스,1564397643,-0.61,26.06,BUY,
37,바이오신약,TRAX,NAS2604020011,퍼스트 트랙스 바이오테라퓨틱스,1557534512,0.64,43.88,BUY,목표가 상향
37,바이오신약,XERS,US20180620010,제리스 바이오파마,1553039717,3.87,8.85,,
37,바이오신약,MAZE,NAS0250131004,메이즈 테라퓨틱스,1552270119,4.26,29.14,BUY,
37,바이오신약,SLBT,NAS0250205004,에스엘 사이언스 홀딩스,1547368841,-2.17,2.7,,
37,바이오신약,INVA,US20160111001,이노비바,1513944365,1.48,21.27,,
37,바이오신약,JBIO,US20210629001,제이드 바이오사이언시스,1491042580,0.51,23.57,BUY,
37,바이오신약,LBRX,NAS0250911003,LB 파마슈티컬스,1491025519,5.49,48.77,BUY,목표주가 상향
37,바이오신약,AVBP,NAS0240126001,어라이벤트 바이오파마,1430113992,3.52,30.03,BUY,
37,바이오신약,MLTX,US20220406002,문레이크 이뮤노테라퓨틱스,1391199325,-0.12,16.33,BUY,목표가 상향
37,바이오신약,ORIC,US20200424003,오릭 파마슈티컬스,1386578541,4.11,13.93,BUY,
37,바이오신약,REPL,US20180719002,레플리뮨 그룹,1378141038,6.43,15.57,BUY,
37,바이오신약,VOR,US20210204015,보어 바이오파머,1361035805,1.17,23.28,BUY,
37,바이오신약,NVAX,US19951205001,노바백스,1330829834,-1.49,7.95,,
37,바이오신약,CGEM,US20210107002,컬리넌 테라퓨틱스,1324782256,1.26,20.85,,3상 지표 충족
37,바이오신약,MGTX,US20180607001,메이라GTX 홀딩스,1322231703,0.94,13.9,BUY,
37,바이오신약,GLUE,US20210623005,몬테 로사 테라퓨틱스,1311841958,-2.28,15.03,,
37,바이오신약,DRTS,US20220308001,알파 타우 메디컬,1308288483,0.49,14.22,BUY,
37,바이오신약,APMD,NAS2607031001,앱니메드,1295969823,-2.73,31.66,,
37,바이오신약,IMTX,US20200702002,이매틱스,1263958742,-1.84,9.08,BUY,실적 기대치 하회
37,바이오신약,CRVS,US20160323001,코르버스 파마슈티컬스,1253977395,-0.47,14.84,BUY,
37,바이오신약,LTGO,NAS2608007005,라티고 바이오테라퓨틱스,1160710481,2.9,19.86,,
37,바이오신약,SVRA,US20170428001,사바라,1103086394,0,5.37,,
37,바이오신약,SANA,US20210203004,사나 바이오테크놀로지,1101413612,-1.36,3.63,,
37,바이오신약,OBX,NAS2608004004,옵시디언 테라퓨틱스,1082957762,13.8,19.95,BUY,
37,바이오신약,AVTX,US20210826012,아발로 테라퓨틱스,1069691475,-1.15,19.72,BUY,
37,바이오신약,LXRX,US20000407002,렉시콘 파마슈티컬스,1040976168,2.99,2.41,,
37,바이오신약,ARDX,US20140617001,아델릭스,1011487077,-3.45,3.92,BUY,긍정의견 재확인
37,바이오신약,KURA,US20151105002,쿠라 온콜로지,1003263061,9.4,12.34,BUY,내부자 매수
37,바이오신약,WVE,US20151111002,웨이브 라이프 사이언시스,1002762596,3.93,5.29,BUY,
37,바이오신약,CLYM,US20210805004,클라임 바이오,1001475944,-0.29,17.39,BUY,
37,바이오신약,JANX,US20210610004,제눅스 테라퓨틱스,993873198,4.31,16.96,BUY,
37,바이오신약,GERN,US19960731001,제론,982775938,0,1.53,BUY,
37,바이오신약,IVA,US20200709001,에방티바(ADR),981913680,-1.06,4.65,,
37,바이오신약,SLDB,US20180124003,솔리드 바이오사이언시스,975542822,0,9.1,BUY,
37,바이오신약,ANNX,US20200723001,아넥슨,972334793,3.12,5.29,BUY,
37,바이오신약,DSGN,US20210325006,디자인 테라퓨틱스,944782608,1.06,15.26,BUY,
37,바이오신약,OLMA,US20201118007,올레마 파마슈티컬,942149463,-1.11,10.65,BUY,
37,바이오신약,ABUS,US20150804001,아버터스 바이오파마,931665762,2.76,4.84,BUY,
37,바이오신약,CADL,US20210722002,칸델 테라퓨틱스,930268505,-0.9,12.05,BUY,
37,바이오신약,TBPH,US20140604002,테라반스 바이오파마,878279097,0.18,16.95,HOLD,
37,바이오신약,ACRS,US20151006001,애클래리스 테라퓨틱스,871232720,6.59,6.31,BUY,
37,바이오신약,SLN,US20200908003,사일런스 테라퓨틱스(ADR),863821103,-1.74,14.1,BUY,
37,바이오신약,SGP,NAS2602006007,스파이글래스 파마,862106107,-0.16,25.74,BUY,
37,바이오신약,PHAR,US20201223008,파밍 그룹(ADR),834297186,1.02,11.91,,
37,바이오신약,OCS,NAS0230303001,오큘리스 홀딩,815056121,0.23,13.17,BUY,
37,바이오신약,IMMX,US20211215005,임믹스 바이오파마,811083847,4.23,11.82,BUY,
37,바이오신약,FDMT,US20201210004,4D 멀레큘러 테라퓨틱스,803356713,1.38,14.74,BUY,
37,바이오신약,AURA,US20211028002,오라 바이오사이언시스,796284097,6.25,8.16,,
37,바이오신약,RIGL,US20001129001,리겔 파마슈티컬스,792792131,2.76,43.62,BUY,
37,바이오신약,MNPR,US20191007002,모노파 테라퓨틱스,781735165,2.47,119.37,BUY,목표가 상향
37,바이오신약,DRUG,US20211108002,브라이트 마인즈 바이오사이언시스,779697289,5.74,84.04,BUY,매수의견 유지
37,바이오신약,CTMX,US20151007002,사이톰엑스 테라퓨틱스,751593170,-1.74,3.39,BUY,
37,바이오신약,PHAT,US20191024005,팬텀 파마슈티컬스,750601518,-0.43,9.24,BUY,목표주가 하향
37,바이오신약,RGNX,US20150916001,리젠엑스바이오,747770915,-2.21,11.08,BUY,
37,바이오신약,STTK,US20201009006,섀턱 랩,741527214,0.68,7.44,BUY,
37,바이오신약,NGNE,US20190812002,뉴로진,733861891,-3.05,35.56,BUY,
37,바이오신약,IRWD,US20100203002,아이언우드 파마슈티컬스,720293445,-1.38,4.3,,
37,바이오신약,ALLO,US20181010001,알로진 테라퓨틱스,718468695,-2.88,2.02,BUY,예상 웃돈 실적
37,바이오신약,ANL,NAS0230929001,아눠의약(ADR),707899619,6.07,14.15,BUY,
37,바이오신약,EVO,US20211103004,에보테크(ADR),696290471,-3.06,1.9,HOLD,
37,바이오신약,AGMB,NAS2602006002,아고맵 테라퓨틱스(ADR),673569481,0.51,13.75,BUY,
37,바이오신약,VALN,US20210506006,발네바(ADR),669311699,-2.12,6.91,BUY,상반기 실적 부진
37,바이오신약,TECX,US20180620002,텍토닉 테라퓨틱,661605759,8.27,36.65,BUY,
37,바이오신약,VSTM,US20120127001,베라스템,650107664,3.06,7.4,,
37,바이오신약,CBIO,US20131107001,크레센트 바이오파머,649138434,-4.58,16.68,BUY,
37,바이오신약,SGMT,NAS0230714004,서지멧 바이오사이언시스,648177318,1.53,10.59,,목표가 상향
37,바이오신약,NVCT,US20211130007,누벡티스 파마,621523868,9.59,20.91,BUY,
37,바이오신약,SPRY,US20221109002,ARS 파마슈티컬스,620419872,1.12,6.31,BUY,
37,바이오신약,ASMB,US20140715001,어셈블리 바이오사이언시스,610891959,7.06,32.13,,매수의견 재확인
37,바이오신약,MDXG,US20201104001,미메드엑스,610606894,3.82,4.35,BUY,비중확대 재확인
37,바이오신약,AUTL,US20180621001,오토러스 테라퓨틱스(ADR),606721948,0.44,2.29,BUY,
37,바이오신약,MLAB,US19950818010,메사 래버러토리스,602211652,0.28,107.94,,
37,바이오신약,ARVN,US20180926001,아르비나스,601425437,0.65,9.26,BUY,
37,바이오신약,CRMD,US20210202002,코메딕스,597706233,6.39,8.16,BUY,2분기 실적 호조
37,바이오신약,DCTH,US20200501001,델캐스 시스템즈,591489042,-1.0,16.88,BUY,
37,바이오신약,ALT,US20170505001,알티뮨,583429398,-0.67,2.98,BUY,펨비두타이드 진전
37,바이오신약,PRME,US20221018005,프라임 메디신,574842750,-3.15,3.07,BUY,
37,바이오신약,ARTV,NAS0240719001,아티바 바이오테라퓨틱스,573848348,-0.6,11.67,,
37,바이오신약,EIKN,NAS2602005003,에이콘 테라퓨틱스,566987646,11.27,11.65,,
37,바이오신약,OVID,US20170502001,오비드 테라퓨틱스,564291160,-1.73,2.84,BUY,EPS 예상 상회
37,바이오신약,KYTX,NAS0240208002,카이버나 테라퓨틱스,553381491,-5.03,8.5,,
37,바이오신약,CTNM,NAS0240405001,컨티늄 테라퓨틱스,546519170,-0.21,14.5,BUY,
37,바이오신약,ZURA,NAS0230321005,주라 바이오,544194113,1.58,5.77,BUY,목표가 상향
37,바이오신약,CCCC,US20201002002,C4 테라퓨틱스,524590976,-2.11,4.17,BUY,
37,바이오신약,MPLT,NAS0251027008,맵라이트 테라퓨틱스,521408167,4.98,11.8,BUY,
37,바이오신약,EVMN,NYS0251106002,에보뮨,517052979,-0.21,14.22,BUY,
37,바이오신약,ENTX,US20180628001,엔테라 바이오,502004870,-0.34,2.89,,
37,바이오신약,BLSM,NAS2608007001,블라썸힐 테라퓨틱스,501836746,-1.71,16.1,,
37,바이오신약,CABA,US20191024002,카발레타 바이오,489882466,0.35,2.9,,
37,바이오신약,BIOA,NAS0240926001,바이오에이지 랩스,477226668,0.58,10.46,BUY,
37,바이오신약,QTTB,US20180328001,Q32 바이오,474722328,-4.33,15.26,BUY,
37,바이오신약,OCGN,US20190930001,오큐젠,466177957,-2.19,1.34,BUY,
37,바이오신약,PRTA,US20121218001,프로테나,455775691,-1.91,8.71,HOLD,
37,바이오신약,PBYI,US20170103002,퓨마 바이오테크놀로지,455192467,4.88,9.25,,
37,바이오신약,RZLT,US20201109004,레졸루트,450552578,-0.64,4.65,BUY,
37,바이오신약,PRLD,US20200925008,프렐류드 테라퓨틱스,449198377,2.13,5.75,BUY,
37,바이오신약,BNTC,US20150807001,베니텍 바이오파마,448915961,-1.07,12.93,BUY,
37,바이오신약,LRMR,US20200529002,라리마 테라퓨틱스,448679154,-6.25,4.05,BUY,
37,바이오신약,KMDA,US20130531002,카마다,447512933,1.55,7.88,,예상 웃돈 실적
37,바이오신약,EPRX,NAS0240405003,유프락시아 파마슈티컬스,443335388,0.44,6.85,BUY,
37,바이오신약,EDIT,US20160203002,에디타스 메디신,436074838,1.76,2.89,BUY,
37,바이오신약,CAPR,US20150309001,캐프리코 테라퓨틱스,433043650,-4.83,7.09,HOLD,
37,바이오신약,XFOR,US20190314001,X4 파머슈티컬,426240619,-2.33,4.2,BUY,
37,바이오신약,PROK,US20220712001,프로키드니,423161994,-1.43,1.38,,
37,바이오신약,AVIR,US20201029004,아테아 파마슈티컬스,418579777,0.96,5.27,,목표가 상향
37,바이오신약,CMPX,US20211102002,컴퍼스 테라퓨틱스,415914897,3.46,2.39,BUY,
37,바이오신약,FENC,US20170913001,페넥 파마슈티컬스,414756550,0.25,11.86,BUY,
37,바이오신약,LXEO,NAS0231103004,렉시오 테라퓨틱스,408503735,-1.0,4.93,BUY,
37,바이오신약,UPB,NAS0241011008,업스트림 바이오,390982333,-4.2,6.84,BUY,목표가 하향
37,바이오신약,PALI,NAS0221116001,팰리세이드 바이오,374602273,-5.12,2.04,BUY,
37,바이오신약,ENTA,US20130321001,에난타 파마슈티컬스,373599693,3.66,13.3,BUY,
37,바이오신약,RCKT,US20180105001,로켓 파마슈티컬스,373154510,-1.76,3.34,HOLD,
37,바이오신약,SCTX,NAS2607024006,스크라이브 테라퓨틱스,372385852,27.42,27.0,,
37,바이오신약,STRO,US20180926002,수트로 바이오파머,369350177,-1.48,21.95,BUY,
37,바이오신약,DMAC,US20181207002,디아메디카 테라퓨틱스,356912438,-0.45,6.59,,
37,바이오신약,GALT,US20020905001,갈렉틴 테라퓨틱스,353907211,0.28,3.52,,
37,바이오신약,IPSC,US20210617007,센추리 테라퓨틱스,353022025,0.51,1.96,BUY,순손실 확대
37,바이오신약,ZNTL,US20200402003,젠테일스 파마슈티컬,350672691,-0.81,3.67,BUY,
37,바이오신약,VCRE,NAS2607002008,비코어 파마 홀딩(ADR),344232809,-1.8,12.01,,
37,바이오신약,SABS,US20211025007,SAB 바이오테라퓨틱스,342945892,0.27,3.78,BUY,
37,바이오신약,ABEO,US20150623003,아베오나 테라퓨틱스,339601055,3.54,6.15,,
37,바이오신약,IMRX,US20210729005,이뮤니어링,337648846,-3.83,5.02,BUY,
37,바이오신약,IKT,US20201029008,인히비케이즈 테라퓨틱스,333420106,0,2.39,BUY,
37,바이오신약,TLSI,US20210208006,트라이살러스 라이프 사이언시스,324429353,2.28,5.39,BUY,
37,바이오신약,AGEN,US20000204001,아제너스,321827673,5.45,7.54,BUY,
37,바이오신약,VNDA,US20060412001,반다 파마슈티컬스,317966315,3.61,5.45,BUY,
37,바이오신약,FATE,US20130918001,페이트 테라퓨틱스,313863198,-2.67,2.55,,
37,바이오신약,CAMP,NAS0241011002,캠프4 테라퓨틱스,313699486,-2.0,4.9,BUY,
37,바이오신약,IFRX,US20171108002,인플락스,304831584,4.83,2.17,BUY,
37,바이오신약,IRD,US20201106001,오푸스 제네틱스,303600381,1.1,3.69,BUY,
37,바이오신약,AVXL,US20151028001,애너벡스 라이프 사이언시스,297493785,-0.31,3.2,BUY,
37,바이오신약,FULC,US20190717002,풀크럼 테라퓨틱스,292919359,0.52,3.86,HOLD,합병뒤 지분 5%
37,바이오신약,ELDN,US20210105001,엘레던 파마슈티컬스,290853254,0.84,3.61,BUY,
37,바이오신약,NMRA,NAS0230915004,뉴모러 테라퓨틱스,285541242,8.55,1.65,,
37,바이오신약,TRDA,US20211028010,엔트라다 테라퓨틱스,284955998,-0.68,7.27,BUY,
37,바이오신약,BCYC,US20190522001,바이시클 테라퓨틱스(ADR),279912134,-0.5,3.98,BUY,
37,바이오신약,SRZN,NAS0231214005,서로젠,279440359,1.05,24.03,BUY,
37,바이오신약,RNAC,US20160622002,카티지언 테라퓨틱스,277685253,0.65,9.24,BUY,매수의견 유지
37,바이오신약,ALXO,US20200716001,ALX 온콜로지 홀딩스,272347938,5.08,2.07,BUY,
37,바이오신약,LCTX,US20190812003,리니지 셀 테라퓨틱스,268025082,0,1.06,BUY,
37,바이오신약,SION,NAS0250207004,시오나 테라퓨틱스,267148634,0.68,5.95,HOLD,
37,바이오신약,WHWK,US20210827001,화이트호크 테라퓨틱스,264465731,2.59,4.76,BUY,
37,바이오신약,MGNX,US20131010001,매크로제닉스,258567935,0.99,4.1,BUY,
37,바이오신약,ACIU,US20160923001,AC 이뮨,257432556,1.98,2.58,,
37,바이오신약,PRQR,US20140917001,PROQR 테라퓨틱스,256610233,11.4,2.15,,
37,바이오신약,GLSI,US20200925003,그리니치 라이프사이언시스,255053176,-0.12,17.36,,
37,바이오신약,ADAG,US20210208001,아다진(ADR),252923977,6.27,4.07,BUY,
37,바이오신약,IPHA,US20191016001,이네이트 파르마(ADR),252389270,-8.85,2.06,,
37,바이오신약,PYXS,US20211007010,픽시스 온콜로지,251838913,-1.32,2.98,BUY,매수의견 유지
37,바이오신약,NAGE,US20160425001,NIAGEN BIOSCIENCE INC,240492054,0.66,3.06,BUY,
37,바이오신약,YDES,NAS0250829004,YD BIO LIMITED,238651035,18.69,4.0,,
37,바이오신약,AKBA,US20140320001,아케비아 테라퓨틱스,238260852,-0.34,0.8571,BUY,
37,바이오신약,TARA,US20200110003,아타라 테라퓨틱스,235150183,0.25,3.99,BUY,
37,바이오신약,ARCT,US20171116001,아크투루스 테라퓨틱스 홀딩스,231314736,0.86,8.21,BUY,
37,바이오신약,EBS,US20061115001,이머전트 바이오솔루션즈,230681100,3.56,4.66,,
37,바이오신약,ALEC,US20190206001,알렉터,228848161,7.32,2.2,HOLD,
37,바이오신약,CLLS,US20150325001,셀렉티스(ADR),226043343,-2.89,3.02,BUY,
37,바이오신약,NBP,US20200116001,노바브리지 바이오사이언스,223154299,-1.55,1.9,,이중항체 공개예정
37,바이오신약,CGEN,US20000811001,컴퓨젠,222563436,1.28,2.38,BUY,
37,바이오신약,RNA,NAS2602027007,아트리움 테라퓨틱스,221642138,-1.16,12.81,BUY,마일스톤 수령
37,바이오신약,VOGX,NAS2608012004,보젠엑스,219155527,23.87,19.51,,
37,바이오신약,IVVD,US20210805001,인비비드,218222581,16.7,0.8642,BUY,
37,바이오신약,ANTX,US20220324002,AN2 테라퓨틱스,216182800,4.19,5.97,BUY,
37,바이오신약,NERV,US20140626003,미네르바 뉴로사이언시스,210999472,2.49,4.53,BUY,
37,바이오신약,PEPG,US20220505003,펩젠,210504298,-4.28,2.91,BUY,
37,바이오신약,KROS,US20200407001,케로스 테라퓨틱스,207744882,1.34,10.62,BUY,
37,바이오신약,MSLE,NAS2602006005,사텔로스 바이오사이언스,207090631,-1.01,9.84,BUY,
37,바이오신약,ZSQR,US20221031016,Z 스퀘어드,204538163,-0.26,3.85,,
37,바이오신약,DTIL,US20190327001,프리시전 바이오사이언시스,204208201,11.22,8.23,BUY,
37,바이오신약,CRBP,US20150417001,코버스 파마슈티컬스 홀딩스,202847154,-3.81,10.09,BUY,
37,바이오신약,CUE,US20171219001,큐 바이오파머,200745839,-7.2,25.65,,
37,바이오신약,VYGR,US20151110002,보이저 테라퓨틱스,198983781,1.86,3.29,BUY,
37,바이오신약,KRRO,US20191002004,코로 바이오,193453970,0.61,13.22,BUY,
37,바이오신약,ACOG,NAS0241112001,알파 코그니션,192475542,-3.39,8.54,BUY,
37,바이오신약,ABOS,US20210630001,애큐먼 파마슈티컬스,192323199,2.63,2.73,,
37,바이오신약,ORMP,US20070501001,오라메드 파마슈티컬스,190059609,4.6,4.78,,
37,바이오신약,PLX,US20070312001,프로탈릭스 바이오테라퓨틱스,184469946,2.18,2.34,,
37,바이오신약,CHRS,US20141106001,코히러스 바이오사이언시스,177638446,16.52,1.34,BUY,종양학 진전 부각
37,바이오신약,NKTX,US20200710001,엔카르타,174011346,-0.82,2.41,BUY,
37,바이오신약,CRBU,US20210723001,카리부 바이오사이언시스,168280114,-0.64,1.56,BUY,
37,바이오신약,ARMP,US20190510002,아마타 파마슈티컬스,166539954,1.79,4.56,,
37,바이오신약,OKUR,US20210408002,온큐어 테라퓨틱스,166404547,2.43,4.21,BUY,목표가 하향
37,바이오신약,OTLK,US20181204001,아웃룩 테라퓨틱스,163089911,4.57,0.7029,BUY,
37,바이오신약,CNTN,US20220111003,칸톤 스트래티직 홀딩스,161320551,-0.5,2.01,,
37,바이오신약,MOLN,US20210615006,멀레큘러 파트너스(ADR),159388647,0.94,4.29,,
37,바이오신약,EQ,US20181011002,이퀼리움,157218708,-6.45,2.32,BUY,
37,바이오신약,TNYA,US20210729015,테나야 테라퓨틱스,156950152,-0.01,0.7,BUY,
37,바이오신약,UNCY,US20210616006,유니사이클 테라퓨틱스,155120890,0.9,5.62,BUY,
37,바이오신약,SPRB,US20201009005,스프루스 바이오사이언시스,152060526,1.0,53.45,BUY,
37,바이오신약,LENZ,US20210624006,렌즈 테라퓨틱스,150471538,-0.42,4.77,BUY,
37,바이오신약,AARD,NAS0250213002,아드바크 테라퓨틱스,147472593,-8.31,6.18,BUY,
37,바이오신약,TLSA,US20181025005,티지아나 라이프 사이언시스,146316977,-1.74,1.13,,
37,바이오신약,KZIA,US20171124001,카지아 테라퓨틱스(ADR),145498934,5.83,14.35,BUY,
37,바이오신약,HURA,NAS0221114002,투후라 바이오사이언시스,145265886,-4.82,2.17,BUY,
37,바이오신약,ADCT,US20200514001,ADC 테라퓨틱스,140404695,-6.36,1.03,BUY,
37,바이오신약,MXCT,US20210730006,맥스사이트,136203312,-3.79,1.27,BUY,
37,바이오신약,INDP,US20210804007,인댑터스 테라퓨틱스,133214078,-7.0,0.93,,
37,바이오신약,PMN,US20220708002,프로미스 뉴로사이언시스,131438510,2.18,14.98,BUY,
37,바이오신약,NTHI,NAS0250326009,니온크 테크놀로지스 홀딩스,127320556,12.02,5.5,BUY,
37,바이오신약,VTVT,US20150730001,VTV 테라퓨틱스,123774122,0.93,31.6,,
37,바이오신약,GNLX,NAS0230126005,제네럭스,122136508,-4.07,2.59,BUY,
37,바이오신약,VANI,US20220831004,비바니 메디컬,121748716,7.41,1.45,BUY,
37,바이오신약,INO,US20140915002,이노비오 파마슈티컬스,118881939,2.61,1.18,BUY,제프리스 의견상향
37,바이오신약,ANIX,US20181001001,애닉사 바이오사이언시스,118715318,-1.43,3.44,BUY,
37,바이오신약,BDTX,US20200129002,블랙 다이아몬드 테라퓨틱스,117755213,0.49,2.06,,
37,바이오신약,ENGN,US20220201002,엔진 홀딩스,113857950,0.59,1.71,BUY,
37,바이오신약,NAUT,US20210610006,노틸러스 바이오테크놀로지,112024471,-2.86,0.8553,,
37,바이오신약,RANI,US20210729009,라니 테라퓨틱스 홀딩스,110921215,3.64,0.8249,BUY,매수의견 개시
37,바이오신약,YARW,NAS0230213004,야로우 바이오사이언스,110504053,0.82,41.74,BUY,
37,바이오신약,COYA,NAS0221229001,코야 테라퓨틱스,109524932,5.57,4.93,BUY,
37,바이오신약,GUTS,NAS0240202004,프랙틸 헬스,105036429,9.39,0.722,BUY,
37,바이오신약,ONCY,US20180601002,온콜리틱스 바이오테크,104880654,2.69,0.8448,,FDA 설계 공감대
37,바이오신약,BMEA,US20210415002,바이오미아 퓨전,97832456,0,1.35,BUY,OPAL 투약 개시
37,바이오신약,RFL,US20191121005,라파엘 홀딩스,97219379,-0.53,1.86,,
37,바이오신약,CGTX,US20211007003,커그니션 테라퓨틱스,96975059,-3.68,0.9825,BUY,
37,바이오신약,KLRS,US20200729001,칼라리스 테라퓨틱스,94247741,2.27,4.05,BUY,
37,바이오신약,ALDX,US20140411001,알데이라 테라퓨틱스,94089267,-0.64,1.55,BUY,
37,바이오신약,RLYB,US20210728010,랠리바이오,90259345,-0.82,16.86,HOLD,
37,바이오신약,GANX,US20210317006,게인 테라퓨틱스,89014109,-0.49,2.03,,
37,바이오신약,ACRV,US20221108001,아크리본 테라퓨틱스,87830769,-0.49,2.04,BUY,
37,바이오신약,MAIA,US20220727001,마이어 바이오테크놀로지,84530000,-1.44,1.37,,
37,바이오신약,VRCA,US20180614001,베리카 파머슈티컬,83986456,-4.09,4.69,BUY,CEO 자사주 매입
37,바이오신약,ATRA,US20141013001,아타라 바이오테라퓨틱스,83897467,6.46,8.9,BUY,
37,바이오신약,ATHE,NAS0230109001,알테리티 테라퓨틱스(ADR),83129886,-0.22,4.56,BUY,
37,바이오신약,ACET,US20200916001,에이디셋 바이오,81802078,4.35,9.12,BUY,
37,바이오신약,ELTX,US20210204002,엘리시오 테라퓨틱스,79354458,2.65,3.1,BUY,매수의견 유지
37,바이오신약,CYPH,US20170124001,사이퍼펑크 테크놀로지스,75990106,12.73,0.7951,BUY,지캐시 채굴 출범
37,바이오신약,ANVS,US20211118010,애노비스 바이오,74118988,3.45,1.8,BUY,
37,바이오신약,TELO,NAS0240209005,텔러미어 파마슈티컬스,72885999,1.89,1.08,,
37,바이오신약,LONA,US20200918001,레오나바이오,72625623,2.98,7.94,BUY,
37,바이오신약,RNTX,NAS0221111001,레인 테라퓨틱스,72561068,-7.68,0.7767,BUY,
37,바이오신약,SER,US20181129002,세리나 테라퓨틱스,72376002,-8.07,2.62,BUY,
37,바이오신약,IBIO,US20080819002,아이바이오,72018642,0,1.45,BUY,
37,바이오신약,XBIT,US20150414001,X바이오테크,70411729,-1.3,2.28,,
37,바이오신약,CRDF,US20200508001,카디프 온콜로지,70335330,-2.01,0.8861,HOLD,
37,바이오신약,DWTX,US20201217012,도그우드 테라퓨틱스,70009814,3.88,2.14,,
37,바이오신약,SPRO,US20171101005,스페로 테라퓨틱스,69284753,0.84,1.2,,
37,바이오신약,CTOR,NAS0221208004,시티우스 온콜로지,68791505,-5.0,0.703,,분기 매출 부진
37,바이오신약,GOSS,US20190207001,고사머 바이오,68424033,2.21,0.1431,BUY,NDA 제출 추진
37,바이오신약,PLRX,US20200602001,플리언트 테라퓨틱스,68099647,3.64,1.14,HOLD,FDA 패스트트랙
37,바이오신약,OSTX,AMX0240731004,OS 테라피스,67790589,-2.04,1.44,BUY,
37,바이오신약,PMVP,US20200925007,PMV 파마슈티컬스,66808407,-0.8,1.24,BUY,
37,바이오신약,MNOV,US20061207001,메디치노바,64958271,1.52,1.34,BUY,
37,바이오신약,TENX,NAS0230105005,테낙스 테라퓨틱스,63981332,-1.75,1.68,BUY,
37,바이오신약,IMA,US20210325009,이메진바이오,63327696,1.97,5.69,,
37,바이오신약,DOMH,NAS0221222002,도미너리 홀딩스,62777732,-1.54,2.55,,
37,바이오신약,HYFT,US20201230002,마인드워크 홀딩스,62479856,0,1.33,BUY,
37,바이오신약,XLO,US20211021013,자일리오 테라퓨틱스,62432414,0.11,9.5,,
37,바이오신약,TLPH,US20110211001,탈페라,62273751,0,1.2,BUY,
37,바이오신약,HRTX,US20140124001,헤런 테라퓨틱스,60739859,-5.97,0.3009,HOLD,
37,바이오신약,INMB,US20190204002,인뮨 바이오,59103039,-0.94,2.11,BUY,
37,바이오신약,INKT,US20211015003,밍크 테라퓨틱스,57243544,6.95,12.0,,
37,바이오신약,IMMP,US20171201001,이뮤텝(ADR),56947254,2.69,0.3969,BUY,
37,바이오신약,EDSA,US20190610001,에데사 바이오테크,54460277,0.35,5.67,BUY,
37,바이오신약,SCLX,NAS0221111006,사일렉스 홀딩,54343677,-0.78,6.35,,
37,바이오신약,RNXT,US20210811010,레노보 RX,54143929,-3.33,1.16,,
37,바이오신약,CLNN,US20201231001,클렌,53952315,-2.86,4.08,BUY,
37,바이오신약,RNAZ,US20210427005,트랜스코드 테라퓨틱스,53489793,2.53,3.24,,
37,바이오신약,TCRX,US20210714017,티스캔 테라퓨틱스,53093788,5.28,0.8249,,암젠 계약 해지
37,바이오신약,APLM,NAS0230330001,아폴로믹스,51706061,1.91,24.0,,사모 발행 부담
37,바이오신약,IBO,AMX0240916003,임팩트 바이오메디컬,51462944,-1.55,0.47,,
37,바이오신약,ATYR,US20150515001,어타이어 파마,50886775,-2.68,0.505,BUY,
37,바이오신약,SCYX,US20140402001,사이넥시스,50632774,1.96,5.19,,목표가 상향
37,바이오신약,TIL,US20210318018,인스틸 바이오,49904761,-0.68,7.31,BUY,
37,바이오신약,MREO,US20190424001,메레오 바이오파마 그룹(ADR),49126495,2.05,0.314,BUY,
37,바이오신약,CNTX,US20210727002,콘텍스트 테라퓨틱스,48713199,-6.85,0.494,BUY,
37,바이오신약,MGX,NAS0240209004,메타제노미,46078298,-0.82,1.21,,
37,바이오신약,VERU,US20170807002,베루,44832836,-1.52,2.59,,
37,바이오신약,MCRB,US20150625005,세레스 테라퓨틱스,44825582,-3.77,4.34,BUY,
37,바이오신약,HYPD,US20180125001,하이퍼리온 디파이,44122637,-4.93,2.7,,
37,바이오신약,SAVA,US20190328003,FILANA THERAPEUTICS INC,42984912,-2.1,0.8713,BUY,
37,바이오신약,TVGN,US20220103006,테보젠 바이오 홀딩스,42836850,-4.1,6.31,HOLD,
37,바이오신약,ALGS,US20201015002,앨리고스 테라퓨틱스,41049265,1.22,6.65,BUY,
37,바이오신약,KPTI,US20131105002,카료팜 테라퓨틱스,41044740,6.63,1.93,BUY,
37,바이오신약,CRVO,US20161109017,체르보메드,39452475,-0.77,2.59,BUY,
37,바이오신약,RADX,NAS0241127003,라디오팜 테라노스틱스(ADR),38596006,1.12,2.7,BUY,FDA와 3상 협의
37,바이오신약,NXTC,US20190508006,넥스큐어,35283956,-13.88,6.64,BUY,
37,바이오신약,NNVC,US20130926002,나노바이리사이드스,34535528,-0.74,1.35,BUY,
37,바이오신약,LTRN,US20200611004,랜턴 파마,33231733,-2.31,2.54,BUY,순손실 확대
37,바이오신약,ESLA,US20210907004,에스트레야 이뮤노파마,33060066,-3.68,0.7322,,
37,바이오신약,ATNM,US20140327004,악티늄 파마슈티컬스,33006509,2.86,1.08,BUY,
37,바이오신약,DYAI,US20190417001,다이아딕 인터내셔널,31255080,-2.67,0.7595,,직접공모 희석 부담
37,바이오신약,GRML,US20220429003,그린랜드 마인즈,29979072,-5.27,0.1887,,
37,바이오신약,LITS,NAS0230417002,라이트 스트래티지,29939231,-0.34,0.8771,,
37,바이오신약,NIKI,NAS0230227001,니키 바이오솔루션스,29795481,-6.78,7.7,,
37,바이오신약,QNTM,US20200109002,퀀텀 바이오파마,29755613,-9.78,3.32,BUY,
37,바이오신약,GNTA,US20211214006,제넨타 사이언스(ADR),29718383,-7.94,1.16,,
37,바이오신약,BCTX,NAS0230905001,브리아셀 테라퓨틱스,29486026,4.13,3.53,,
37,바이오신약,BYSI,US20170309001,비욘드스프링,29250550,0.93,0.7181,,
37,바이오신약,IGC,US20190226002,IGC 파마,28941385,1.57,0.2844,BUY,손실폭 확대
37,바이오신약,JSPR,US20210927005,재스퍼 테라퓨틱스,28017894,-10.95,0.75,BUY,
37,바이오신약,BTAI,US20180307001,바이오엑셀 테라퓨틱스,27855987,-11.22,0.7901,,
37,바이오신약,ATOS,US20121108001,아토사 테라퓨틱스,27836338,-7.17,2.59,BUY,
37,바이오신약,ENLV,US20190326002,엔라이벡스 테라퓨틱스,27621173,-3.8,1.52,BUY,
37,바이오신약,KYNB,US20141114001,킨트라 바이오,27568688,2.94,7.01,BUY,
37,바이오신약,CVM,US19911010001,셀 사이,27257150,2.58,1.59,,계속기업 의문
37,바이오신약,GRDX,NAS0230118003,GRIDAI TECHNOLOGIES CORP,26704521,-3.8,3.8,,
37,바이오신약,LGVN,US20210211003,롱에버론,26137681,-2.93,0.796,BUY,톱라인 발표 예정
37,바이오신약,EVAX,US20210204006,에박시언 바이오테크(ADR),26099339,0.64,3.15,BUY,
37,바이오신약,TVRD,US20140131001,트바르디 테라퓨틱스,24805174,2.15,1.9,BUY,
37,바이오신약,CNSY,US20190729001,세리노움,24281651,-4.06,3.07,BUY,
37,바이오신약,BRNS,US20210428005,베린서스 바이오테라퓨틱스(ADR),24238678,4.47,0.62,,
37,바이오신약,CLRB,US20140815002,셀렉타 바이오사이언시스,24192266,0.78,2.58,BUY,
37,바이오신약,ACTU,NAS0240813001,액추에이트 테라퓨틱스,23769020,6.06,1.05,,
37,바이오신약,TXMD,US20171009002,테라퓨틱스MD,23259536,0,2.01,,
37,바이오신약,QCLS,US20210419007,Q/C 테크놀로지스,23008566,-3.56,2.71,,
37,바이오신약,ABVC,US20210803001,ABVC 바이오파마,22648742,1.91,0.8661,,
37,바이오신약,CALC,NAS0230614001,칼시메디커,22613922,-3.7,0.638,BUY,
37,바이오신약,ALLR,NAS0230327001,앨러리티 테라퓨틱스,21315850,-1.49,1.32,,
37,바이오신약,NEUP,US20211216003,뉴포리아 테라퓨틱스,20803110,3.64,3.99,HOLD,
37,바이오신약,OSRH,NAS0230317002,오에스알홀딩스,20715635,-29.81,0.4141,,
37,바이오신약,CELU,US20210719003,셀룰러리티,20142118,5.36,0.7333,,
37,바이오신약,HOWL,US20210428001,웨어울프 테라퓨틱스,19702743,2.61,0.4161,BUY,
37,바이오신약,MRKR,NAS0230127003,마커 테라퓨틱스,19336727,0.86,1.17,,
37,바이오신약,NRSN,US20211209009,뉴로센스 테라퓨틱스,19232417,-9.84,0.3895,BUY,
37,바이오신약,RKTO,US20190208009,로켓 원,19067504,-1.25,0.7564,,순손실 확대
37,바이오신약,CYCN,US20190402001,사이클러리언 테라퓨틱스,18861845,2.48,4.13,,
37,바이오신약,TPST,US20210628006,템페스트 테라퓨틱스,18052906,-5.31,1.07,,
37,바이오신약,KALA,US20170719003,칼라 바이오,17599341,-1.26,0.8987,HOLD,
37,바이오신약,NCEL,US20210129007,NEWCELX LTD,17421606,3.99,3.39,BUY,
37,바이오신약,PLUR,US20220726001,플루리,17259614,1.87,1.63,,배양어기업 인수
37,바이오신약,MDCX,NAS0241114003,메디커스 파마,16423476,1.27,0.2633,,
37,바이오신약,DARE,US20170720001,데어 바이오사이언스,15597246,-5.9,0.7624,BUY,직접공모 희석부담
37,바이오신약,CTXR,US20170803002,시티우스 파마슈티컬스,15425073,1.89,0.5726,BUY,
37,바이오신약,SKYE,NAS0240411002,스카이 바이오사이언스,14700312,-13.51,0.359,BUY,
37,바이오신약,AKTX,US20150921001,아카리 테라퓨틱스(ADR),14638201,4.92,7.89,BUY,전임상 성과 부각
37,바이오신약,PASG,US20200227010,패시지 바이오,14605760,1.32,4.6,HOLD,
37,바이오신약,BCDA,US20190802001,바이오카디아,14227438,3.87,0.9764,,
37,바이오신약,CMMB,US20210317003,키모맵 테라퓨틱스(ADR),14066124,-1.04,1.9,,
37,바이오신약,INTS,US20221018002,인텐시티 테라퓨틱스,13546375,2.89,4.27,BUY,목표가 상향
37,바이오신약,ADIL,US20171213001,애디얼 파머슈티컬,13100413,10.22,5.5,BUY,실적 발표 뒤 약세
37,바이오신약,GTBP,US20210211002,GT 바이오파마,12853481,-3.37,0.2754,,
37,바이오신약,AEON,US20210412008,이온 바이오파마,12742351,-4.11,0.245,BUY,목표주가 하향
37,바이오신약,PDSB,US20190318001,PDS 바이오테크놀로지,12339063,-4.9,0.2097,,
37,바이오신약,PHIO,NAS0230126007,피오 파마슈티컬스,12311674,0,1.06,,
37,바이오신약,MBRX,US20160602001,멀레큘린 바이오테크,11820263,-0.99,0.601,,MIRACLE 진전
37,바이오신약,VTGN,US20160511003,비스타젠 테라퓨틱스,11535551,-5.85,0.2448,,
37,바이오신약,BLRX,US20110725001,바이오라인 RX(ADR),11529854,6.06,2.8,BUY,
37,바이오신약,TOVX,US20221013006,테리바 바이오로직스,10901786,-5.09,0.2255,BUY,
37,바이오신약,GDTC,NAS0230414003,사이토메드 테라퓨틱스,10715909,3.73,0.9396,,
37,바이오신약,LNAI,US20181210001,루나이 바이오웍스,10199090,-4.0,2.16,,
37,바이오신약,MTVA,US20191231025,메타비아,9748322,0,1.48,BUY,
37,바이오신약,LSTA,US20220915004,러사타 테라퓨틱스,9729749,6.48,1.15,HOLD,
37,바이오신약,LIMN,NAS0250501002,리미나투스 파마,9494461,-8.06,0.13,,상장유지 부담
37,바이오신약,XCUR,US20190731009,엑시큐어,9031558,3.62,1.43,,
37,바이오신약,IMNN,US20220921002,이뮨온,8976341,-1.88,1.57,BUY,
37,바이오신약,IMRN,US20170612004,이뮤론(ADR),8715050,6.48,1.15,,
37,바이오신약,ACXP,US20210614002,아크룩스 파머슈티컬스,8693526,-12.73,1.44,,
37,바이오신약,APRE,NAS0230213001,아프레아 테라퓨틱스,8686042,-2.59,0.6721,BUY,
37,바이오신약,TRAW,US20130725002,트로스 파머,8297110,0,0.54,HOLD,순손실 확대
37,바이오신약,SNGX,NAS0230210008,솔리제닉스,8295242,1.02,0.3851,,
37,바이오신약,AZTR,AMX0230518002,아지트라,8197947,-7.61,0.125,,
37,바이오신약,CNSP,NAS0221129001,CNS 파머슈티컬스,7890152,8.52,5.86,BUY,
37,바이오신약,KAPA,AMX0240913002,카이로스 파마,7688267,-4.41,0.3102,BUY,
37,바이오신약,CANF,AMX0230109001,CAN FITE 바이오파머(ADR),7668692,-3.63,3.45,BUY,
37,바이오신약,XBIO,US20161107002,제네틱 바이오사이언시스,7637150,-0.31,3.25,,
37,바이오신약,ALZN,US20210615001,알자멘드 뉴로,7569005,-2.53,1.54,BUY,
37,바이오신약,AIM,US20190903003,AIM 이뮤노테크,7395871,-3.74,0.2339,BUY,
37,바이오신약,ENSC,NAS0230331002,엔시스 바이오사이언시스,7325875,7.67,0.4055,,
37,바이오신약,CELZ,US20211203005,크리에이티브 메디컬 테크놀로지 홀딩스,7250275,-1.82,1.08,,
37,바이오신약,FBLG,NAS0240131002,파이브로바이오로직스,6789917,11.76,1.14,BUY,
37,바이오신약,NCNA,US20170927002,누카나(ADR),6678393,-1.94,1.52,,
37,바이오신약,CURX,NAS0250826004,커라넥스 파마슈티컬스,6669881,4.51,0.2223,,
37,바이오신약,ERNA,US20221017001,어넥사 테라퓨틱스,6626184,5.17,4.27,BUY,
37,바이오신약,ENVB,US20201231006,엔버릭 바이오사이언시스,6622903,-8.78,1.35,,
37,바이오신약,APUS,AMX0250304001,아피메즈 파머슈티컬스 US,6457655,-6.54,4.0,,
37,바이오신약,CVKD,NAS0230120003,커드리널 테라퓨틱스,6277630,-6.25,1.65,BUY,
37,바이오신약,BOLT,US20210204004,볼트 바이오테라퓨틱스,6162997,-0.94,3.17,BUY,
37,바이오신약,XTLB,US20050901001,XTL 바이오파머슈티컬스(ADR),6149279,17.31,3.05,,
37,바이오신약,BGMS,US20060328001,바이오 그린 메드 솔루션,6019505,4.41,0.9492,,
37,바이오신약,PMCB,US20210810004,파마사이트 바이오테크,5819635,-2.1,0.5308,,
37,바이오신약,ADXN,US20200129001,애딕스 테라퓨틱스(ADR),5666445,-0.53,5.67,,
37,바이오신약,BRTX,US20211105003,바이오리스토러티브 테라피스,5604008,-0.64,0.2186,,바이오화장품 중단
37,바이오신약,BCAB,US20201215001,바이오아틀라,5097185,3.92,3.18,,
37,바이오신약,APVO,US20160801002,앱티보 테라퓨틱스,5062462,0.36,2.82,,
37,바이오신약,TCRT,US20050824001,알라우누스 테라퓨틱스,4851288,-1.57,1.88,,
37,바이오신약,INM,US20201112010,인메드 파마슈티컬스,4837506,-1.37,1.44,,
37,바이오신약,GOVX,US20200925004,지오박스 랩스,4825830,-1.82,0.6431,BUY,
37,바이오신약,REVB,NAS0230201004,레벨레이션 바이오사이언시스,4579956,-3.48,1.11,,
37,바이오신약,MBIO,NAS0230404002,머스탱 바이오,4502357,-3.03,0.5763,,
37,바이오신약,CRIS,US20000801001,큐리스,4364214,-6.67,1.68,BUY,매수의견 재확인
37,바이오신약,JAGX,NAS0230123003,재규어 헬스,4314837,11.1,0.9765,,분기보고서 지연
37,바이오신약,GLMD,US20140313001,갈메드 파마슈티컬스,4277008,9.74,0.5634,,
37,바이오신약,JUNS,NAS0241203001,주피터 뉴로사이언시스,3988174,-3.67,4.99,,
37,바이오신약,PHGE,US20191029007,바이옴X,3837049,-5.88,0.136,HOLD,
37,바이오신약,IVF,US20201113002,인보 퍼틸러티,3834849,-7.84,1.41,,
37,바이오신약,SPRC,US20211222005,사이스파크,3805527,-1.96,6.51,,뉴로테라 지분확대
37,바이오신약,SXTP,NAS0230615005,60 디그리스 파머슈티컬스,3797541,2.78,1.11,BUY,
37,바이오신약,GRI,NAS0230424001,GRI 바이오,3781177,-1.16,1.71,,
37,바이오신약,XRTX,US20211013007,졸트엑스 테라퓨틱스,3741330,-0.97,2.04,,재무상태표 개선
37,바이오신약,GNPX,US20180329001,젠프렉스,3667420,-9.17,4.06,,
37,바이오신약,RDHL,US20121227001,레드힐 바이오파마(ADR),3556583,1.35,0.5929,,
37,바이오신약,CLDI,AMX0221202001,칼리디 바이오테라퓨틱스,3513744,-6.62,1.27,,
37,바이오신약,ARTL,US20190621003,아르텔로 바이오사이언시스,3312341,0.54,0.7249,,
37,바이오신약,MTNB,US20170302001,마티나스 바이오파마 홀딩스,3264046,-8.33,0.2037,,
37,바이오신약,PPBT,US20201222004,퍼플 바이오테크(ADR),2479391,1.96,1.56,,
37,바이오신약,OGEN,AMX0230123004,오라제닉스,2413385,2.06,0.546,,
37,바이오신약,SLXN,US20210407005,사일렉시온 테라퓨틱스,2345930,-5.21,0.4,,
37,바이오신약,BBLG,US20211013010,본 바이오로직스,1818612,-3.68,0.6357,,
37,바이오신약,SCNI,NAS0221125001,사이나이 이뮤노테라퓨틱스(ADR),1179402,1.67,0.232,,
421,원유정제,XOM,US19200325001,엑슨 모빌,663768566797,2.54,165.56,BUY,유가 상승 수혜
421,원유정제,CVX,US19210624001,셰브론,400403939945,1.5,205.74,BUY,유가 강세 수혜
421,원유정제,TTE,US20210611013,토탈에너지스,202180366437,0.74,89.29,BUY,
421,원유정제,PBR,US20000810002,페트로브라스(ADR),112384448860,-0.38,18.18,BUY,유가 상승 수혜
421,원유정제,PBR,US20031007004,페트로브라스 우선주(ADR),112384448860,0.18,16.37,BUY,유가 상승 수혜
421,원유정제,BP,US19700323001,BP(ADR),112130184907,1.31,43.41,BUY,
421,원유정제,MPC,US20110623001,마라톤 페트롤리움,100564491010,2.24,366.21,BUY,
421,원유정제,VLO,US19970801002,발레로 에너지,99944344073,0.82,350.05,BUY,
421,원유정제,PSX,US20120412003,필립스 66,95964134153,1.76,243.49,BUY,
421,원유정제,E,US19951128001,애니 SpA(ADR),82330315200,-0.18,55.93,HOLD,
421,원유정제,SU,US19970418001,선코어 에너지,77950982057,1.53,67.68,BUY,
421,원유정제,KMI,US20110211002,킨더 모건,71977250264,1.67,32.87,BUY,
421,원유정제,EC,US20080918002,에코페트롤(ADR),36318899102,0.06,17.68,HOLD,
421,원유정제,YPF,US19930629001,YPF(ADR),20720460463,-3.83,50.68,BUY,
421,원유정제,DINO,US20220315002,HF 싱클레어,16884107894,0.75,95.7,HOLD,
421,원유정제,PBF,US20121213002,PBF 에너지,8896674899,0.17,75.2,HOLD,
421,원유정제,NEU,US19991007001,뉴마켓,8746013540,-0.42,947.02,,
421,원유정제,SSL,US20030409001,사솔(ADR),7417883192,1.2,11.85,,
421,원유정제,CLMT,NAS0240711002,캘러멧,4248978706,5.09,50.81,BUY,목표가 상향
421,원유정제,DK,US20060504001,델렉 유에스 홀딩스,4114542012,1.5,68.22,BUY,목표가 상향
421,원유정제,PARR,US20180220001,파 퍼시픽 홀딩스,4110804777,-1.9,80.51,BUY,내부자 매도 부담
421,원유정제,CVI,US20071023001,CVR 에너지,3660548273,0.66,36.66,SELL,
421,원유정제,REX,US19920701001,렉스 아메리칸 리소시스,1486164102,-2.24,44.12,,
421,원유정제,SKYQ,NAS0241010011,스카이 쿼리,24110042,2.2,2.79,,
203,스마트폰제조,AAPL,US19801212001,애플,4458890051672,1.52,310.24,BUY,
203,스마트폰제조,SONM,US20190509011,소님 테크놀로지스,4969761,0.9,3.37,,
353,여행플랫폼,BKNG,US20180227001,부킹 홀딩스,153820056848,1.72,208.28,BUY,
353,여행플랫폼,ABNB,US20201208001,에어비앤비,105684408753,2.19,183.22,BUY,AI 수익화 부각
353,여행플랫폼,EXPE,US20050720001,익스피디아,38218057404,0.93,321.46,BUY,
353,여행플랫폼,TCOM,US20191105003,트립닷컴(ADR),29307899796,-0.71,44.53,BUY,
353,여행플랫폼,NAVN,NAS0251030002,나반,7302845429,1.67,29.2,BUY,
353,여행플랫폼,MMYT,US20100812001,메이크마이트립,5679094870,-0.22,59.57,BUY,
353,여행플랫폼,GBTG,US20220531005,글로벌 비즈니스 트래블 그룹,4930159964,0.11,9.45,BUY,
353,여행플랫폼,LIND,US20150713002,린드블라드 익스페디션스 홀딩스,2149901367,-1.28,32.35,BUY,
353,여행플랫폼,PRSU,US19780306001,펄수 어트랙션즈 앤 호스피탤리티,1308129436,0.15,48.06,,
353,여행플랫폼,TRIP,US20111207001,트립어드바이저,1191664640,0.59,10.23,HOLD,
353,여행플랫폼,TRVG,US20161216001,트리바고(ADR),353422919,-4.39,4.79,HOLD,
353,여행플랫폼,NUTR,NAS0250815005,누사트립,174375539,0,9.0,,
353,여행플랫폼,TZOO,US20031230002,트래블주,70585205,1.16,7.0,,
353,여행플랫폼,YTRA,US20161219001,야트라 온라인,59818132,-0.57,0.9297,,
353,여행플랫폼,TOUR,US20140509001,투뉴(ADR),53003890,0.41,4.9,BUY,
353,여행플랫폼,NTRP,US20220519003,넥스트트립,21081071,0,1.4,BUY,
41,교육서비스,PSO,US19960111001,피어슨(ADR),9710539616,-1.11,15.97,,
41,교육서비스,EDU,US20060907001,뉴 오리엔탈 에듀케이션 앤 테크놀로지 그룹(ADR),9117711167,2.48,54.52,BUY,
41,교육서비스,TAL,US20161201002,TAL 에듀케이션(ADR),6462748360,3.0,12.03,BUY,
41,교육서비스,DUOL,US20210727003,듀오링고,6088409852,7.28,139.64,HOLD,
41,교육서비스,LAUR,US20170201001,로리어트 에듀케이션,5193427208,1.3,38.2,BUY,
41,교육서비스,GHC,US20131129001,그레이엄 홀딩스,4933873124,0.68,1173.27,,
41,교육서비스,CVSA,US20170524003,코비스타,4503061881,-0.65,131.46,BUY,
41,교육서비스,LOPE,US20081120001,그랜드 캐니언 에듀케이션,3696281128,3.47,146.76,BUY,
41,교육서비스,LRN,US20071213002,스트라이드,3466602847,0.4,83.76,BUY,
41,교육서비스,BFAM,US20130125001,브라이트 호라이즌스 패밀리 솔루션즈,3417850975,3.17,72.52,BUY,
41,교육서비스,PRDO,US20200102007,퍼도세오 에듀케이션,2004543820,1.97,32.67,BUY,
41,교육서비스,DAO,US20191024007,유다오(ADR),1969607524,4.42,17.01,BUY,
41,교육서비스,STRA,US19960725001,스트래티직 에듀케이션,1791548075,1.66,82.03,BUY,
41,교육서비스,COUR,US20210330010,코세라,1464465490,2.71,5.69,BUY,
41,교육서비스,UTI,US20031217002,유니버설 테크니컬 인스티튜트,1440434876,-4.28,25.03,BUY,
41,교육서비스,AFYA,US20190718001,아피야,1260864331,-1.67,13.56,HOLD,
41,교육서비스,PXED,NYS0251009002,피닉스 에듀케이션 파트너스,969108461,1.08,27.18,,
41,교육서비스,LINC,US20050623002,링컨 에듀케이셔널 서비시스,910847750,-3.41,27.74,BUY,
41,교육서비스,APEI,US20071109001,아메리칸 퍼블릭 에듀케이션,810769463,0.95,44.73,BUY,
41,교육서비스,GOTU,US20210506011,가오투 테크에듀(ADR),390313402,0.61,1.65,BUY,
41,교육서비스,KLC,NYS0241009002,킨더케어 러닝 컴퍼니스,303339287,6.25,2.72,HOLD,가이던스 하향
41,교육서비스,NRDY,US20210921008,너디,131320736,-4.61,0.6539,BUY,
41,교육서비스,LGCY,AMX0240926002,레거시 에듀케이션,130920833,0.58,10.41,,
41,교육서비스,COE,US20160610002,51 토크 온라인 에듀케이션 그룹(ADR),113334003,-8.48,17.27,,
41,교육서비스,HERE,NAS0230125005,히어 GP(ADR),100046479,0,1.84,BUY,
41,교육서비스,CHGG,US20131113001,체그,84940219,-0.71,0.7598,HOLD,
41,교육서비스,SKIL,US20210614006,스킬소프트,69214648,-1.3,7.62,,
41,교육서비스,AACG,US20191017001,ATA 크리에티비티 글로벌(ADR),69134001,-1.4,0.9959,,
41,교육서비스,IH,US20201008005,아이휴먼(ADR),65921614,-3.1,1.25,,
41,교육서비스,STG,US20180322006,선랜즈 테크놀로지 그룹(ADR),42580698,-2.52,3.1,,
41,교육서비스,JZ,US20220826003,젠즈 에듀케이션 테크놀로지 그룹(ADR),25209200,1.14,1.77,,ADS 희석 부담
41,교육서비스,YQ,US20201203013,17 에듀케이션 앤 테크놀로지 그룹(ADR),24311586,-3.57,2.16,,
41,교육서비스,GNS,US20220411008,지니어스 그룹,23049158,-4.04,0.152,,
41,교육서비스,JDZG,NAS0240515002,자더,22644603,-1.92,4.09,,
41,교육서비스,YXT,NAS0240816006,YXT닷컴 그룹 홀딩(ADR),21458296,-14.37,3.04,,
41,교육서비스,FEDU,US20171107006,포 시즌스 에듀케이션(ADR),20800819,6.52,9.8,,
41,교육서비스,EDTK,US20200722003,스킬풀 크래프츠맨 에듀케이션 테크놀로지,13928574,1.74,0.875,,
41,교육서비스,NAMI,NAS0241206002,진신 테크놀로지 홀딩(ADR),9739530,-7.47,2.85,,
41,교육서비스,AMST,NAS0230222001,에임자이트,6287178,-1.57,0.945,,
41,교육서비스,WAFU,US20190430002,와 푸 에듀케이션,6041185,6.57,1.46,,
41,교육서비스,AMBO,US20180601004,엠보우 에듀케이션 홀딩(ADR),5919611,0.97,2.09,,적자 전환
41,교육서비스,EEIQ,US20210325007,에픽퀘스트 에듀케이션 그룹 인터내셔널,3934594,10.88,2.65,,
41,교육서비스,NTCL,NAS0241213009,넷클래스 테크놀로지,3532207,-2.01,2.44,,
41,교육서비스,KIDZ,US20220204003,클래스오버 홀딩스,3360623,15.23,4.69,,재무구조 개선
41,교육서비스,GSUN,US20220622002,골든 선 헬스 테크놀로지 그룹,3059159,6.82,0.3259,,
41,교육서비스,FCHL,NAS0250904003,피트니스 챔프스 홀딩스,1476677,-6.25,1.05,,
433,과자,PEP,US20171220003,펩시코,188642611251,1.37,140.13,HOLD,
433,과자,MDLZ,US20010613001,몬덜리즈 인터내셔널,79344011743,0.77,62.66,BUY,
433,과자,HSY,US19470919001,허쉬,36371887556,1.32,183.45,HOLD,
433,과자,CPB,US19541213001,캠벨스,6761883874,0.71,22.84,HOLD,
433,과자,UTZ,US20200831005,UTZ 브랜즈,2036633488,0.07,14.16,HOLD,
433,과자,TR,US19871230007,투시 롤 인더스트리스,1727488655,0.77,40.51,,
433,과자,JJSF,US19860204001,제이앤제이 스낵 푸즈,1633266911,1.6,88.84,BUY,
433,과자,JBSS,US19911203001,존 비 샌필리포 앤 선,979261856,-0.35,83.5,BUY,
433,과자,SOWG,NAS0240502004,소 굿,69198529,1.74,3.5,,
433,과자,BOF,NAS0230616001,브랜치아웃 푸드,61404260,0,4.01,BUY,
433,과자,LSF,US20200922002,레어드 슈퍼푸드,50021584,-3.8,4.3,,
433,과자,RMCF,US19860219001,로키 마운틴 초콜릿 팩토리,12929492,-7.3,1.27,,
31,의료,LLY,US19700709001,일라이 릴리,1113539922136,3.6,1225.73,BUY,
31,의료,JNJ,US19440925001,존슨 앤 존슨,632151060462,3.33,271.11,BUY,
31,의료,UNH,US19911010002,유나이티드헬스 그룹,355031196418,-0.43,393.93,BUY,보험사 규제 부담
31,의료,MRK,US19490420001,머크,335390215127,-0.59,135.17,BUY,파이프라인 호조
31,의료,NVS,US19961107001,노바티스(ADR),288790402260,1.7,154.55,HOLD,
31,의료,AZN,US20200925002,아스트라제네카,243290043826,2.05,160.1,BUY,폐암 3상 성과
31,의료,TMO,US19800827001,써모 피셔 사이언티픽,216444840817,0.6,589.04,BUY,
31,의료,ABT,US19490419001,애보트 래버러토리스,190941919133,2.09,112.68,BUY,헬스케어 자금유입
31,의료,PFE,US19510622001,화이자,153117763911,1.41,27.25,HOLD,
31,의료,NVO,US19810709001,노보노디스크(ADR),150352272678,1.85,45.71,HOLD,
31,의료,DHR,US19861103001,다나허,142415867811,-1.51,199.58,BUY,
31,의료,ISRG,US20000613001,인튜이티브 서지컬,137865785012,0.22,391.19,BUY,매수의견 상향
31,의료,VRTX,US19910731002,버텍스 파마슈티컬,130644079019,2.41,527.98,BUY,
31,의료,SYK,US19880201002,스트라이커,127196538527,-0.09,331.37,BUY,1억달러 계약수주
31,의료,CVS,US19521001001,CVS 헬스,120210516260,0.96,94.91,BUY,
31,의료,MDT,US19800728001,메드트로닉,115947509965,1.64,92.09,BUY,
31,의료,SNY,US20190102003,사노피(ADR),106389933214,1.26,44.97,BUY,
31,의료,GSK,US19870610001,글락소스미스클라인(ADR),101680079586,1.73,51.15,BUY,
31,의료,MCK,US19870803001,매케슨,100237131760,1.09,869.26,BUY,목표가 상향
31,의료,MMM,US19460114001,3M,92918635311,0.41,180.94,BUY,
31,의료,HCA,US20110310001,HCA 헬스케어,87660190956,1.67,411.73,BUY,
31,의료,REGN,US19910402001,리제네론 파마슈티컬스,82956924195,0.7,810.6,BUY,
31,의료,ECL,US19861210001,에코랩,77309449997,1.51,280.0,BUY,
31,의료,BSX,US19920518001,보스턴 사이언티픽,74518074520,-1.87,50.47,BUY,
31,의료,CI,US19820401001,시그나 그룹,72737910454,1.15,278.5,BUY,
31,의료,COR,US19950404001,센코라,59624663441,1.16,316.13,BUY,
31,의료,TAK,US20181224001,다케다 파마슈티컬(ADR),55506005085,3.86,18.05,,
31,의료,CAH,US19940907001,카디널 헬스,54797177462,-0.29,234.98,BUY,
31,의료,EW,US20000403001,에드워즈 라이프사이언시스,52331788137,0.19,90.98,BUY,
31,의료,BDX,US19630925001,벡톤 디킨슨,49588398227,-0.72,180.77,BUY,
31,의료,HUM,US19710518001,휴매나,46138280508,-0.6,382.0,BUY,
31,의료,MDLN,NAS0251217005,메디라인,45847276363,-2.18,34.12,BUY,
31,의료,NTRA,US20150702001,나테라,45277615158,-0.76,311.78,BUY,
31,의료,IDXX,US19910628002,아이덱스 래버러토리스,43012459742,1.37,553.59,BUY,
31,의료,TEVA,US19900326071,테바 파마슈티컬 인더스트리스(ADR),42477688716,0.33,36.58,BUY,
31,의료,HLN,US20220722002,헤일리온(ADR),42133983407,1.46,9.72,BUY,
31,의료,VEEV,US20131017004,비바 시스템즈,38708526642,1.85,242.75,BUY,목표가 상향
31,의료,ALC,US20190409003,알콘,36215574243,1.46,73.55,BUY,
31,의료,KVUE,NYS0230504001,켄뷰,36083682653,0.05,18.8,HOLD,
31,의료,RPRX,US20200616002,로열티 파마,34176575148,0.4,59.69,,
31,의료,DXCM,US20050414001,덱스콤,33487441188,0.96,89.61,BUY,
31,의료,GEHC,NAS0230104002,GE 헬스케어,32681604605,0.36,72.63,BUY,신임 CFO 선임
31,의료,CNC,US20011213001,센틴,31811472991,1.26,65.22,BUY,
31,의료,RMD,US19950602001,레즈메드,31782141933,-0.18,219.98,HOLD,
31,의료,ZTS,US20130201001,조에티스,30146534294,1.36,73.96,BUY,
31,의료,ILMN,US20000728003,일루미나,29157202823,-2.46,188.38,BUY,
31,의료,PHG,US19870414001,필립스(ADR),26209047717,1.04,27.1,BUY,
31,의료,DGX,US19961217001,퀘스트 다이아그노스틱스,26065696271,0.31,236.25,BUY,
31,의료,WST,US19801027001,웨스트 파마슈티컬 서비시스,24387771949,-0.01,346.59,BUY,
31,의료,STE,US19920602001,스테리스,22395901689,1.15,232.39,BUY,
31,의료,GH,US20181003001,가던트 헬스,21690895702,-0.96,160.12,BUY,
31,의료,THC,US19760331001,테넷 헬스케어,21297590930,2.14,270.21,BUY,
31,의료,ZBH,US20150630004,짐머 바이오멧 홀딩스,18726470502,0.97,99.15,HOLD,
31,의료,VTRS,US20201117005,비아트리스,18637677992,-0.37,16.17,BUY,
31,의료,ASND,US20150127001,아센디스 파머,16371916369,0.47,248.56,BUY,2분기 실적 상회
31,의료,SOLV,NYS0240401001,솔벤텀,14775691275,0.73,87.45,BUY,
31,의료,COO,US19831206001,쿠퍼,14643695423,0.88,75.76,BUY,
31,의료,BTSG,NAS0240126002,브라이트스프링 헬스 서비시스,13532253640,-1.47,59.49,BUY,
31,의료,BAX,US19610515001,박스터 인터내셔널,13392526728,0.12,25.94,HOLD,
31,의료,PKI,US19830406002,레비티,12960244254,-2.08,113.75,BUY,
31,의료,PEN,US20150918002,페넘브라,12884305348,-0.74,324.75,HOLD,
31,의료,CORT,US20040414001,코셉트 테라퓨틱스,12663204207,0.81,118.12,BUY,매수의견 개시
31,의료,FMS,US19960917001,프레제니우스 메디컬 케어(ADR),12504503876,0.26,23.56,SELL,
31,의료,SNN,US19991116001,스미스 앤 네퓨(ADR),12424635795,1.72,30.19,HOLD,
31,의료,ALGN,US20010126001,얼라인 테크놀로지,12156603514,-1.89,167.92,BUY,
31,의료,EHC,US20180102004,인컴퍼스 헬스,12032175142,0.09,122.1,BUY,
31,의료,ELAN,US20180919003,엘란코 애니멀 헬스,11793570825,0.13,23.64,BUY,
31,의료,GMED,US20120803003,글로버스 메디컬,11425951485,1.55,86.44,BUY,
31,의료,DVA,US19951031001,다비타,11271070204,0.68,177.91,HOLD,
31,의료,SCI,US19870723001,서비스 코퍼레이션 인터내셔널,11245760246,-0.21,82.36,,
31,의료,GKOS,US20150625006,글라우코스,10946277456,-0.79,184.15,BUY,
31,의료,MOH,US20030702001,몰리나 헬스케어,10597485024,0.27,203.61,HOLD,
31,의료,ENSG,US20071109002,엔사인 그룹,10577767449,0.53,182.49,BUY,
31,의료,RDY,US20010411001,닥터 레디스 래버러토리스(ADR),10085299557,0.33,12.15,HOLD,
31,의료,UHS,US19910607001,유니버설 헬스 서비시스,10048313367,1.5,173.09,HOLD,
31,의료,HSIC,US19951103001,헨리 셰인,9974579538,-0.29,89.26,BUY,
31,의료,BRKR,US20000804001,브루커,9956401906,-1.37,56.88,BUY,
31,의료,PODD,US20070515001,인슐릿,9686727731,5.96,148.02,BUY,
31,의료,BIO,US19800229001,바이오 래드 래버러토리스,9403945272,-0.72,352.69,HOLD,
31,의료,BIO.B,US19990921001,바이오 래드 래버러토리스,9403945272,9.4,368.69,,
31,의료,TEM,NAS0240614002,템퍼스 AI,9315675605,-4.42,49.36,BUY,
31,의료,QGEN,US20180110001,키아젠,8794822241,-0.66,42.32,BUY,
31,의료,ALKS,US19910731001,앨커미스,8361226285,-0.74,49.48,BUY,
31,의료,TWST,US20181030002,트위스트 바이오사이언스,8242641758,-6.72,116.05,BUY,
31,의료,TXG,US20190911004,10X 지노믹스,7553983167,-4.04,55.65,BUY,목표가 상향
31,의료,HNGE,NYS0250522001,힌지 헬스,7089115323,0.42,88.24,BUY,
31,의료,PACS,NYS0240410001,팍스 그룹,7015946738,-1.17,43.8,BUY,
31,의료,LQDA,US20180725003,리퀴디아,6953366514,-4.34,74.33,BUY,
31,의료,CHE,US19820629001,케미드,6856939447,0.81,529.23,BUY,
31,의료,HIMS,US20210121009,힘스 앤 허스 헬스,6673681731,-4.26,27.39,HOLD,
31,의료,LNTH,US20150625004,랜티우스 홀딩스,6585238493,-0.65,100.25,HOLD,의견 하향
31,의료,AMRX,US20180507001,엠닐 파마슈티컬스,6414252624,-1.25,18.19,BUY,
31,의료,DFTX,US20210427007,데피니움 테라퓨틱스,6080158986,2.03,46.18,BUY,
31,의료,BLCO,US20220505001,바슈롬,6070545050,0.24,17.04,HOLD,
31,의료,RDNT,US19970103001,래드넷,5974253973,-2.69,73.89,,주식 발행 부담
31,의료,STVN,US20210714018,스테바나토 그룹,5805431602,-0.28,21.2,BUY,
31,의료,BCPC,US19860603001,발켐,5685195958,-0.73,177.07,,
31,의료,TFX,US19940428001,텔레플렉스,5637299597,-0.86,131.92,HOLD,
31,의료,MMED,NAS2603006005,미니메드 그룹,5483698059,-0.82,19.37,BUY,
31,의료,SHC,US20201119005,소테라 헬스,5363908841,-1.54,18.51,BUY,
31,의료,MMSI,US19920226002,메리트 메디컬 시스템즈,5356680214,-0.51,89.27,BUY,
31,의료,LFST,US20210609005,라이프스탠스 헬스 그룹,4793781471,-1.51,12.36,BUY,
31,의료,WAY,NAS0240607007,웨이스타 홀딩,4731347723,-1.42,24.33,BUY,
31,의료,INDV,NAS0230612008,인디비어,4610995737,0.95,39.45,BUY,
31,의료,ICUI,US19920407001,ICU 메디컬,4563067001,0.76,183.9,BUY,
31,의료,CON,NYS0240725001,콘센트라 그룹 홀딩스,4529744722,-1.35,35.05,BUY,
31,의료,CELC,US20170919001,셀큐이티,4522306715,0.95,93.32,BUY,목표주가 하향
31,의료,LIVN,US20151020001,리바노바,4488067349,-1.94,79.9,BUY,
31,의료,NVST,US20190917004,엔비스타 홀딩스,4438532378,0.65,27.82,BUY,
31,의료,DOCS,US20210623012,독시미티,4369664933,1.71,24.94,HOLD,
31,의료,ITGR,US20160701006,인티거 홀딩스,4250824065,0.01,125.09,HOLD,
31,의료,HAE,US19910509001,헤모네틱스,4106148171,15.93,104.65,BUY,CSL 공급계약
31,의료,SXI,US19750701001,스탠덱스 인터내셔널,3961861441,-1.86,320.89,BUY,
31,의료,ADPT,US20190626001,어댑티브 바이오테크놀로지스,3952350992,-0.89,24.55,,
31,의료,IRTC,US20161020002,아이리듬 테크놀로지스,3853217316,-1.45,115.23,BUY,
31,의료,OSIS,US19971002001,OSI 시스템즈,3788118732,-4.72,219.03,BUY,차량검사 수주
31,의료,HTFL,NAS0250808007,하트플로우,3646062044,7.92,45.26,BUY,
31,의료,OGN,US20210603005,오가논,3596986566,-0.15,13.68,HOLD,
31,의료,NHC,US19870120001,내셔널 헬스 케어,3573172722,2.62,234.17,,목표가 상향
31,의료,OPCH,US20200203003,옵션 케어 헬스,3499739082,0.13,23.4,BUY,
31,의료,VCYT,US20131030002,베라사이트,3382124851,-3.33,40.68,BUY,
31,의료,CRVL,US19910628001,코르벨,3377327011,0.82,67.42,,
31,의료,PLSE,US20160518001,펄스 바이오사이언시스,3336477351,-1.69,46.0,BUY,매수의견 개시
31,의료,TARS,US20201016004,타서스 파마슈티컬스,3246296372,0.65,71.07,BUY,
31,의료,CHRN,US20160809001,크로노스케일,3190804977,6.44,23.62,,
31,의료,WRBY,US20210929018,와비 파커,3163695386,0.04,25.61,BUY,
31,의료,TMDX,US20190501004,트랜스메딕스 그룹,3062899637,2.64,90.68,BUY,
31,의료,GRAL,NAS0240625002,그레일,3001379300,1.29,70.85,BUY,
31,의료,BKD,US20051122001,브룩데일 시니어 리빙,2920115842,-0.08,12.22,BUY,
31,의료,SUPN,US20120501001,슈퍼누스 파마슈티컬스,2805196134,1.68,49.08,BUY,
31,의료,ACHC,US20111101001,아카디아 헬스케어,2792416176,-8.47,27.46,BUY,
31,의료,AVAH,US20210426003,애비아나 헬스케어 홀딩스,2768620913,-0.24,12.66,BUY,
31,의료,HWKN,US19931027001,호킨스,2745956921,-5.21,124.71,BUY,
31,의료,PRVA,US20210428003,프리비아 헬스 그룹,2745703281,0.05,21.51,BUY,
31,의료,AXGN,US19861217001,액소젠,2641818221,2.12,50.19,BUY,
31,의료,TRVI,US20190501005,트레비 테라퓨틱스,2632395397,1.89,18.83,BUY,목표가 상향
31,의료,NEOG,US19890823001,니오젠,2587776226,-2.61,11.56,BUY,
31,의료,UFPT,US19931223001,UFP 테크놀로지스,2488272198,-2.17,314.35,,
31,의료,BHC,US20180716002,바슈 헬스 컴퍼니스,2460336228,5.32,6.93,HOLD,
31,의료,GRDN,NYS0240926002,가디언 파마시 서비시스,2406497304,0.74,38.28,BUY,
31,의료,BFLY,US20210216002,버터플라이 네트워크,2401383187,-0.22,9.0,,
31,의료,CDNA,US20140717001,케어DX,2398924621,-0.47,46.16,BUY,
31,의료,PBH,US20050210001,프레스티지 컨슈머 헬스케어,2370118546,1.06,50.57,BUY,
31,의료,WGS,US20210723008,진DX 홀딩스,2307477195,-1.27,76.41,,
31,의료,ESTA,US20180718003,이스태블리시먼트 랩스 홀딩스,2282936838,-1.76,75.27,BUY,
31,의료,ATRC,US20050805001,아트리큐어,2276801233,2.21,45.76,BUY,
31,의료,VCEL,US20141126001,베리셀,2231623134,1.51,44.25,BUY,
31,의료,XRAY,US19830512002,덴츠플라이 시로나,2230296984,-0.8,11.1,HOLD,
31,의료,ALMR,NAS2604017001,알라마 바이오사이언스,2229116934,2.49,32.93,BUY,
31,의료,HCM,US20160317002,허치슨 차이나 메디테크(ADR),2190841298,0.88,12.67,BUY,3상 생존 개선
31,의료,ADUS,US20091027001,아듀스 홈케어,2145222220,2.81,118.13,,
31,의료,MD,US19590331001,피디애트릭 메디컬 그룹,2139757467,0.84,26.56,,
31,의료,NVCR,US20151001001,노보큐어,2040862852,-1.65,17.24,BUY,
31,의료,GRFS,US20110602001,그리폴스(ADR),2005973104,0,7.77,,
31,의료,ASTH,US20171214001,아스트라나 헬스,1971355564,-1.48,39.16,BUY,
31,의료,CMPS,US20200918003,컴퍼스 패스웨이스(ADR),1899499248,1.38,13.91,BUY,
31,의료,LMAT,US20061019001,르메트르 배스큘러,1886542393,-1.15,81.56,BUY,
31,의료,SGRY,US20151001002,서저리 파트너스,1879587686,-0.91,14.23,,
31,의료,SNDA,US20211115011,소니다 시니어 리빙,1874915513,3.74,40.49,BUY,
31,의료,PRGO,US19911216001,페리고,1778644596,1.17,12.97,HOLD,
31,의료,ETON,US20181029001,이턴 파마슈티컬스,1764062891,2.67,63.38,BUY,
31,의료,ANIP,US19990913001,ANI 파마슈티컬스,1745376681,1.12,76.85,BUY,
31,의료,BLFS,US20140327001,바이오라이프 솔루션즈,1733375130,-1.38,34.96,HOLD,
31,의료,INSP,US20180502003,인스파이어 메디컬 시스템즈,1653900982,0.28,57.38,HOLD,
31,의료,OMCL,US20010806001,옴니셀,1643155874,-0.17,35.97,,
31,의료,AGL,US20210414007,애질론 헬스,1626051830,-1.51,95.4,HOLD,
31,의료,TNDM,US20131118001,탠덤 다이어비츠 케어,1548145871,6.79,23.76,BUY,
31,의료,ARDT,NYS0240718001,아던트 헬스 파트너스,1535664321,0.37,10.93,BUY,
31,의료,PSNL,US20190619004,퍼스널리스,1483135754,0.22,13.92,BUY,
31,의료,HCSG,US19831122001,헬스케어 서비시스 그룹,1481455129,1.67,21.95,BUY,
31,의료,HROW,US20190102002,해로우,1479519177,0.03,39.48,,
31,의료,CNMD,US20200210004,콘메드,1474786266,0.02,49.26,HOLD,
31,의료,ATEC,US20060602001,알파텍 홀딩스,1459253263,0.74,9.52,BUY,
31,의료,OMDA,NAS0250606003,오마다 헬스,1453588492,0.08,23.77,BUY,
31,의료,INNV,US20210302007,이노베이지 홀딩,1448000294,4.22,11.12,,
31,의료,ENOV,US20220405002,에노비스,1426440835,3.64,25.64,BUY,
31,의료,PAHC,US20140410001,피브로 애니멀 헬스,1404458328,0.17,34.69,HOLD,
31,의료,AORT,US20220124001,아티비언,1380483476,2.05,28.9,BUY,
31,의료,IART,US19950816001,인테그라 라이프사이언시스 홀딩스,1373171303,-0.68,17.54,HOLD,
31,의료,PNTG,US20191001001,페넌트 그룹,1368231014,0.56,39.4,,
31,의료,AMN,US20161027003,AMN 헬스케어 서비시스,1337450310,0,34.54,,
31,의료,NUTX,US20220404007,뉴텍스 헬스,1289953085,-0.73,187.03,BUY,
31,의료,GDRX,US20200923003,굿알엑스 홀딩스,1268791822,-1.88,3.65,HOLD,
31,의료,OMER,US20091008001,오메로스,1256394773,-0.92,17.2,BUY,
31,의료,HLF,US20041216001,허벌라이프,1256326148,2.92,12.34,BUY,
31,의료,MNKD,US20040728001,맨카인드,1253742654,4.36,4.07,BUY,
31,의료,CERT,US20201209002,서타라,1220051553,0.12,8.01,HOLD,
31,의료,STAA,US19830707001,STAAR 서지컬,1207712504,2.28,24.64,HOLD,
31,의료,PRCT,US20210914012,프로셉트 바이오로보틱스,1207645412,1.14,21.33,HOLD,
31,의료,TDOC,US20150630002,텔러닥 헬스,1187961614,-1.07,6.47,HOLD,
31,의료,BRBR,US20191016004,벨링 브랜즈,1183461086,1.96,10.38,BUY,
31,의료,USPH,US19920528001,US 피지컬 테라피,1170885077,-0.34,78.21,,
31,의료,BVS,US20210210005,바이오벤투스,1166947867,2.95,14.29,BUY,
31,의료,LMRI,NAS0251211010,루멕사 이미징 홀딩스,1134404940,1.52,11.99,BUY,
31,의료,IRMD,US20140716001,아이라디메드,1125272357,-0.53,87.55,BUY,
31,의료,OPK,US20160624001,옵코 헬스,1014791220,0.74,1.37,BUY,담보사채 발행 부담
31,의료,QDEL,US19920303002,퀴델오서,999617777,-7.96,13.42,HOLD,
31,의료,CBLL,NAS0241011003,세리벨,936227156,-0.66,24.24,,
31,의료,PCRX,US20110203001,파시라 바이오사이언시스,926193850,3.27,24.0,BUY,매수의견 재개
31,의료,DBVT,US20141022001,DBV 테크놀로지스(ADR),921745906,-1.02,14.52,,
31,의료,AVR,NAS0241213002,안테리스 테크놀로지스,917864211,1.59,9.57,BUY,
31,의료,CSTL,US20190724001,캐슬 바이오사이언시스,914763778,-3.17,29.0,BUY,
31,의료,COLL,US20150505002,콜레지움 파마슈티컬,913642338,1.53,28.5,,
31,의료,AMPH,US20140624001,앰퍼스타 파마슈티컬스,887153409,2.35,21.35,HOLD,
31,의료,TRNS,US19900327005,트랜스캣,878138661,-3.06,90.97,BUY,
31,의료,WOOF,US20210113009,펫코 헬스 앤 웰니스,872754388,2.59,2.77,HOLD,
31,의료,INMD,US20190807001,인모드,863178176,-0.2,14.99,HOLD,
31,의료,HELP,US20210805003,CYBIN INC,845126998,0.86,11.67,BUY,
31,의료,SIBN,US20181017003,SI 본,837481596,2.35,19.13,BUY,
31,의료,HSTM,US20000411002,헬스스트림,819129859,1.75,28.51,BUY,
31,의료,AHCO,US20191111001,어댑트헬스,791991853,0.34,5.83,BUY,
31,의료,VREX,US20170130001,바렉스 이미징,777891870,0.05,18.47,HOLD,
31,의료,ACHV,US20170803001,어치브 라이프 사이언스,771605072,0.27,7.52,BUY,
31,의료,SSII,NAS0250425006,SS 이노베이션스 인터내셔널,753289516,-0.8,3.73,BUY,
31,의료,GMRS,NYS2605013001,GMR 솔루션즈,747501987,1.95,14.11,BUY,
31,의료,GYRE,US20150821001,자이어 테라퓨틱스,721936854,2.5,6.98,,
31,의료,ZVRA,NAS0230301006,지브러 테라퓨틱스,684549850,0.35,11.57,BUY,
31,의료,ANGO,US20040527002,앤지오다이내믹스,647541238,1.02,15.83,BUY,
31,의료,KE,US20141104003,킴볼 일렉트로닉스,645576754,-8.38,24.6,BUY,
31,의료,KIDS,US20171011003,오서피디아트릭스,644775052,3.4,25.54,,
31,의료,STLN,US20211115009,스타링 온콜로지,642954360,1.43,6.4,BUY,
31,의료,NGVC,US20120725001,내추럴 그로서스 바이 바이타민 코티지,641690892,0,27.85,BUY,
31,의료,SOPH,US20210722009,소피아 제네틱스,639985184,-0.13,7.62,BUY,
31,의료,BWAY,US20190416001,브레인스웨이(ADR),621501394,-5.04,14.71,BUY,
31,의료,CTKB,US20210722004,사이텍 바이오사이언시스,615990011,-1.48,4.67,BUY,
31,의료,CTEV,US20201009009,CLARITEV CORPORATION,598965818,0.71,35.6,BUY,
31,의료,TCMD,US20160728002,택타일 시스템즈 테크놀로지,556901633,-2.93,23.87,BUY,
31,의료,CSV,US19960809002,캐리지 서비시스,551951579,-1.18,34.35,BUY,
31,의료,AQST,US20180724001,어퀴스티브 테라퓨틱스,538330828,0.47,4.31,,
31,의료,FLGT,US20160928002,펄젠트 제네틱스,513326526,-0.54,18.56,HOLD,
31,의료,EOLS,US20180207001,에볼러스,513103126,5.02,8.16,BUY,
31,의료,RLMD,US20191010002,렐마다 테라퓨틱스,508707304,1.68,4.85,BUY,
31,의료,EVH,US20150605002,에볼런트 헬스,498485973,3.85,4.58,BUY,
31,의료,NPCE,US20210420003,뉴로페이스,490046728,1.26,14.46,BUY,
31,의료,NRC,US20180418004,내셔널 리서치,481440872,1.19,22.03,BUY,
31,의료,QTTB,US20180328001,Q32 바이오,474722328,-4.33,15.26,BUY,
31,의료,CLPT,US20200212002,클리어포인트 뉴로,472715289,-2.19,15.16,BUY,
31,의료,SGHT,US20210714016,사이트 사이언시스,453828813,-0.24,8.22,,목표가 상향
31,의료,MCTA,NAS0251021006,차밍 메디컬,445455740,0,29.35,,
31,의료,SENS,US20160316001,센서닉스 홀딩스,424488642,8.22,8.69,HOLD,
31,의료,MASS,US20201217007,908 디바이시스,421101168,-1.08,10.08,BUY,
31,의료,EYPT,US20180402001,아이포인트 파마슈티컬스,419764109,12.32,5.47,BUY,
31,의료,CYH,US20000609001,커뮤니티 헬스 시스템즈,415889422,1.02,2.98,HOLD,
31,의료,SI,NYS0250729003,숄더 이노베이션스,414625710,6.07,21.13,BUY,경영진 지분 매도
31,의료,OFIX,US19920424001,오서픽스 메디컬,408461452,1.79,10.21,,
31,의료,AUNA,NYS0240322001,아우나 S.A.,398105342,0.74,5.42,BUY,EPS 기대치 하회
31,의료,CARL,NAS0250723002,칼스메드,376152043,7.98,14.88,BUY,선반공모 희석우려
31,의료,NNNN,NAS0250219002,안비오 바이오테크놀로지,372337885,-0.94,8.4,,
31,의료,CATX,AMX0230221001,퍼스펙티브 테라퓨틱스,367490436,-0.31,3.21,,
31,의료,VMD,US20190809001,비메드 헬스케어,344625392,0.55,9.1,BUY,
31,의료,ELMD,US20100813001,일렉트로메드,333036361,2.96,41.42,BUY,
31,의료,PRE,US20220518002,프레네틱스 글로벌,331998484,0.77,19.52,BUY,매출 예상 하회
31,의료,CV,NAS0250702002,캡소비전,322483978,-4.5,6.15,BUY,
31,의료,SMTI,US20201102002,사나라 메드테크,312326967,0.35,34.12,HOLD,
31,의료,AMRN,US19930401001,아마린(ADR),295868171,1.07,14.16,SELL,
31,의료,TTRX,NAS0251008003,턴 테라퓨틱스,295136898,-0.3,9.88,BUY,
31,의료,TMCI,US20210421004,트리스 메디컬 컨셉츠,292593445,-1.33,4.44,HOLD,
31,의료,MYGN,US19951006001,미리아드 제네틱스,291669574,-5.57,2.88,HOLD,목표주가 하향
31,의료,EMBC,US20220401003,엠벡타,290602126,-0.39,5.11,HOLD,
31,의료,RCMT,US19950818016,RCM 테크놀로지스,287427043,1.68,41.11,,목표가 상향
31,의료,ANIK,US19930503001,아니카 테라퓨틱스,287271370,0.7,21.62,,
31,의료,OBIO,NAS0230127004,오케스트라 바이오메드 홀딩스,283635691,19.92,5.66,BUY,
31,의료,MOVE,US20210318010,모바노,280837073,1.57,10.32,,순손실 확대
31,의료,ZJYL,NAS0230328007,진 메디컬 인터내셔널,271318870,-10.12,3.11,,
31,의료,SLGL,US20180131003,솔 젤 테크놀로지스,271301419,-3.59,80.03,BUY,
31,의료,RXST,US20210729012,RX사이트,269467164,-1.7,6.37,HOLD,
31,의료,OSUR,US19920317007,오라슈어 테크놀로지스,262714765,-1.57,3.75,HOLD,
31,의료,NATR,US19900326035,네이처스 선샤인 프로덕츠,258599313,-0.34,14.65,,
31,의료,STIM,US20180627002,뉴로네틱스,249112096,-3.98,3.14,BUY,
31,의료,BDSX,US20201028002,바이오데식스,245261491,-3.83,22.36,BUY,
31,의료,RCEL,US20191001002,아비타 메디컬,244270298,24.68,9.85,BUY,
31,의료,INFU,US20060615001,인퓨시스템 홀딩스,242141579,0.58,12.23,BUY,
31,의료,PROF,US20191029005,프로파운드 메드,237982894,6.87,7.0,BUY,주문 확대 부각
31,의료,USNA,US19930422002,유사나 헬스 사이언시스,237557857,2.72,13.21,HOLD,
31,의료,ACU,US19840907016,애크미 유나이티드,237301667,1.49,62.83,BUY,
31,의료,SPOK,US20140710001,스폭 홀딩스,229841592,-0.18,10.97,HOLD,
31,의료,NUS,US19961122002,뉴스킨,227758355,0.43,4.7,,
31,의료,UTMD,US19990308002,유타 메디컬 프로덕츠,223488475,2.19,71.75,,
31,의료,AIRS,US20211028001,에어스컬프 테크놀로지스,222366571,-12.66,2.69,HOLD,
31,의료,SY,US20190501003,소 영 인터내셔널(ADR),221793584,0,2.21,,
31,의료,ORGO,US20181217001,오가노제네시스 홀딩스,221273306,3.49,1.78,HOLD,
31,의료,TNXP,US20090213003,토닉스 파마슈티컬스 홀딩,217085935,0,12.66,BUY,
31,의료,PDEX,US19860807002,프로 덱스,214348318,-0.39,66.89,BUY,
31,의료,SIGA,US20180322002,시가 테크놀로지스,210475041,2.05,2.99,,
31,의료,AMWL,US20200916009,아메리칸 웰,209843581,-1.13,12.2,,
31,의료,CRDL,US20210810003,카르디올 테라퓨틱스,208548291,5.0,1.89,,목표가 상향
31,의료,LFMD,US20210222002,라이프엠디,192535955,-1.51,3.27,BUY,
31,의료,LUCD,US20211014005,루시드 다이어그노스틱스,186650997,1.21,0.9895,BUY,BTIG 매수의견
31,의료,MDWD,US20140319001,메디운드,172055213,1.79,13.63,,
31,의료,STEX,US20180921001,스트리멕스,166210568,-13.55,0.7751,,
31,의료,FOCL,US19970801001,EDAP TMS(ADR),163587176,-2.29,4.26,BUY,
31,의료,XGN,US20190918002,엑사젠,162275363,-1.79,6.58,BUY,
31,의료,NYXH,US20210701005,닉소,160082561,0,1.6,BUY,
31,의료,OPRX,US20180622002,옵티마이즈RX,159695004,-2.95,8.23,BUY,목표주가 하향
31,의료,FBIO,US20150429002,포트리스 바이오테크,156150703,2.84,2.9,,
31,의료,HUMA,US20210827005,휴마사이트,155700604,3.48,0.5801,BUY,
31,의료,KRMD,US20191024003,코루 메디컬 시스템즈,155104704,-1.19,3.32,,
31,의료,MENS,NAS0250617002,지용 바이오테크,152783216,-0.5,2.0,,
31,의료,INGN,US20140214001,이노젠,151501781,-2.1,5.59,BUY,
31,의료,LENZ,US20210624006,렌즈 테라퓨틱스,150471538,-0.42,4.77,BUY,
31,의료,NRXP,US20210525004,NRX 파마슈티컬,148473000,0.29,3.44,BUY,
31,의료,DERM,US20211112006,저니 메디컬,143539157,3.1,6.66,,
31,의료,USBC,US20220916004,USBC,142418808,2.67,0.3768,,
31,의료,IMDX,US20210308009,인사이트 몰레큘러 다이어그노스틱스,139703071,0.23,4.28,,
31,의료,STXS,US20190906001,스테레오택시스,139251501,-2.16,1.36,BUY,
31,의료,QTRX,US20171207005,퀀테릭스,138066475,-7.88,2.69,HOLD,이사 주식 매수
31,의료,MIST,US20190507001,마일스톤 파마슈티컬스,136918747,-2.73,1.07,BUY,보험보장 확대
31,의료,WW,ETC0250627001,WW 인터내셔널,135754377,2.5,13.92,,
31,의료,APYX,US20190102001,에이픽스메디컬,128872185,2.29,3.13,BUY,
31,의료,HCAT,US20190724002,헬스 캐털리스트,127908727,0.59,1.71,BUY,
31,의료,MED,US19810324001,메디패스트,127880127,-1.31,11.29,,
31,의료,QUCY,US20211103011,퀀텀 사이버 NV,123554044,-2.72,1.43,BUY,
31,의료,AGPU,US20190614001,액스컴퓨트,123071642,-2.92,10.31,,
31,의료,JYNT,US20141107001,조인트,118777309,1.67,8.54,,
31,의료,CPIX,US20090811001,컴벌랜드 파마슈티컬스,115045868,-0.39,7.65,,
31,의료,BGM,US20210111003,BGM 그룹,108746184,6.08,0.288,,
31,의료,CCLD,NAS0230110003,케어클라우드,104937582,4.86,2.59,,
31,의료,MBOT,US20161129001,마이크로봇 메디컬,101397350,-3.31,1.46,BUY,
31,의료,HSDT,US20180411001,헬리우스 메디컬 테크놀로지스,100340171,7.23,1.78,BUY,목표가 하향
31,의료,LNSR,US20201002005,렌자,99371578,1.24,8.19,BUY,
31,의료,PYPD,US20200625004,폴리피드,96866585,-1.89,4.68,,
31,의료,BNR,US20200612002,버닝 록 바이오테크(ADR),95951376,9.78,9.99,,
31,의료,LUNG,US20201001009,풀모넥스,95754337,2.24,2.28,BUY,
31,의료,HYPR,US20211223007,하이퍼파인,94978259,-0.01,0.8957,BUY,
31,의료,BARK,US20210602004,바크,93024883,-1.94,10.1,BUY,
31,의료,DH,US20210914003,데피니티브 헬스케어,92590663,3.22,0.66,HOLD,
31,의료,ECOR,NAS0230215003,일렉트로코어,92393230,0.88,10.34,,
31,의료,FTLF,NAS0230918004,핏라이프 브랜즈,91261869,2.78,9.99,,
31,의료,NAKA,NAS0240531002,카인들리 MD,89992481,0.2,5.04,BUY,
31,의료,ICCC,US19950710001,이뮤셀,88078635,0.62,9.76,,
31,의료,OM,US20200915005,아웃셋 메디컬,84757238,-7.32,4.18,BUY,
31,의료,ACH,US19880129002,액센드라 헬스,82270589,5.61,1.13,HOLD,
31,의료,LFVN,US19970310001,라이프밴티지,82237722,-2.3,6.37,BUY,
31,의료,MDXH,US20211103009,MDX헬스(ADR),81621805,-12.21,0.7511,BUY,
31,의료,OKYO,US20220516002,오쿄 파마(ADR),79751971,-0.66,1.51,,
31,의료,SKIN,US20210506004,뷰티 헬스,78067905,0.17,0.601,,
31,의료,SERA,US20210713003,세라 프로그노스틱스,76910151,0,1.95,BUY,
31,의료,PIII,US20211206007,P3 헬스 파트너스,76732310,2.84,10.87,BUY,
31,의료,CING,US20211006001,싱귤레이트,75746852,-0.58,5.18,BUY,
31,의료,ZTEK,US20220322003,젠텍,75322651,-2.18,0.582,,
31,의료,CVRX,US20210629002,CVRX,73248861,0,2.75,BUY,
31,의료,DRIO,US20160307001,다리오헬스,72108890,-4.48,7.03,BUY,
31,의료,DCGO,US20211108001,독고,70127681,-33.09,0.4751,BUY,
31,의료,CSBR,US20150821002,챔피언스 온콜로지,69869837,1.19,5.09,,
31,의료,NNOX,US20200820003,나노엑스 이미징,69341169,-4.86,0.8882,BUY,영국 상용화 계약
31,의료,GEG,US20201229001,그레이트 엘름 그룹,67403275,0,2.15,,
31,의료,HIT,NAS0241223002,헬스 인 테크,66175973,-0.99,1.0,,목표가 하향
31,의료,DLHC,US19950818002,DLH 홀딩스,65204832,0.22,4.51,,미해군 계약수주
31,의료,MYO,US20170609002,마이모,62171148,7.01,1.68,,
31,의료,DXR,US20220202002,닥소,59554771,0.88,10.29,,
31,의료,COCH,US20210422001,엔보이 메디컬,56725999,0.57,0.7392,BUY,
31,의료,APT,US20000404002,알파 프로 테크,54693731,0.37,5.38,,
31,의료,MDAI,US20210326005,스펙트럴 AI,52772092,-1.83,1.61,BUY,
31,의료,BTMD,US20220829002,바이오티,49210197,-5.11,1.3,,
31,의료,BHST,NAS0241112002,바이오하베스트 사이언시스,49178789,-2.3,2.12,,
31,의료,SRTS,US20160725003,센서스 헬스케어,47729850,4.14,3.02,BUY,매출 이연 해소
31,의료,NEPH,US20190814002,네프로스,46905772,4.86,4.53,BUY,
31,의료,XTNT,US20151019001,엑스턴트 메디컬 홀딩스,46495600,0,0.3315,BUY,
31,의료,POCI,NAS0221116002,프리시전 옵틱스,45739853,1.91,4.26,BUY,
31,의료,GRCE,US20130107002,그레이스 테라퓨틱스,45427976,-1.85,2.12,,
31,의료,ZYBT,NAS0250107003,정예 바이오테크놀로지 홀딩,45172422,-1.32,1.5,,
31,의료,NSRX,AMX0250813004,나서스 파마,43320804,-1.35,3.65,,실적 기대치 미달
31,의료,MLSS,US20150601002,마일스톤 사이언티픽,43295542,1.02,0.493,,
31,의료,ELUT,US20201007001,일루시아,43212697,-6.75,0.91,BUY,
31,의료,SKYA,US20220414005,SKYAI INC,42973394,-1.94,0.9806,,
31,의료,SNWV,NAS0250307007,사누웨이브 헬스,42658408,1.61,5.04,BUY,
31,의료,PAVM,US20160727001,파브메드,42569237,-3.76,5.12,,
31,의료,NSPR,US20210521002,인스파이어MD,40892455,-0.84,0.8724,,리콜 여파 실적부진
31,의료,IXHL,US20220225003,인카넥스 헬스케어,39654089,3.02,3.41,BUY,
31,의료,QTI,NAS0230426002,QT 이미징 홀딩스,39510237,5.56,2.85,,
31,의료,NTRB,US20211001010,뉴트리밴드,39255501,6.81,3.45,,
31,의료,ARAY,US20070208001,애큐레이,38998693,-3.52,0.3151,HOLD,
31,의료,PETS,US19970917001,펫메드 익스프레스,37930057,2.29,1.79,,
31,의료,ONMD,US20210624001,원메드넷,36168923,-1.44,0.6014,,
31,의료,EUDA,NAS0221118001,이유다 헬스 홀딩스,36129122,-5.94,13.62,,
31,의료,NSYS,US19930624001,노테크 시스템즈,35265070,-1.78,12.14,,
31,의료,MIRA,NAS0230803001,미라 파머슈티컬스,33190411,-3.23,0.7645,,
31,의료,UG,US19920317011,유나이티드 가디언,32842417,-1.12,7.07,,
31,의료,PTHL,NAS0240905005,아이토닉 홀딩스,32287249,6.56,0.294,,
31,의료,RMTI,US19980127002,록웰 메디컬,30161635,1.87,7.62,,
31,의료,TELA,US20191107003,텔라 바이오,29175405,-3.38,0.628,,
31,의료,UPC,US20210322008,유니버스 파머슈티컬스,29034817,-9.17,5.25,,
31,의료,BEAT,US20211111001,허트빔,28168613,-3.12,0.4844,BUY,
31,의료,AYTU,NAS0230106001,아이투 바이오파마,25325001,0.42,2.37,,
31,의료,CTSO,US20141223001,사이토소벤츠,23699260,-4.56,0.36,HOLD,
31,의료,ABVC,US20210803001,ABVC 바이오파마,22648742,1.91,0.8661,,
31,의료,COCP,US20180312005,코크리스털 파마,20992436,-0.92,1.08,BUY,
31,의료,RVP,US20010504001,리트랙터블 테크놀로지스,20951568,2.86,0.72,,
31,의료,LFWD,US20140911003,라이프워드,20924161,0.14,7.4,,
31,의료,BFRI,US20211014001,바이오프론테라,20046434,5.19,1.42,,
31,의료,MODD,US20220210007,모듈러 메디컬,19313356,26.58,3.0,,
31,의료,PLSM,NAS0260121001,펄스앤모어,18789235,-0.69,2.87,,
31,의료,AIFF,US20211217014,파이어플라이 뉴로사이언스,17726298,-4.42,1.08,,
31,의료,HCTI,US20211005002,헬스케어 트라이앵글,17665954,-8.47,1.08,,
31,의료,NMTC,US20210526003,뉴로원 메디컬 테크놀로지스,17115205,0,1.88,BUY,
31,의료,LPCN,US20140324001,리포신,16897136,0,2.05,BUY,
31,의료,KTTA,US20210811004,파시테아 테라퓨틱스,15968720,3.66,0.4955,,
31,의료,HIND,NAS0221223002,바이옴 홀딩스,15928681,-0.44,2.26,BUY,
31,의료,IRIX,US19960216001,이리덱스,15314488,5.73,0.9304,,실적 예상치 하회
31,의료,NHTC,US20150217002,내추럴 헬스 트렌즈,14750771,1.74,1.75,,
31,의료,TOMZ,US20201001014,토미 인바이런멘틀 솔루션스,14490714,-1.12,1.76,,
31,의료,ADGM,US20210226002,아다지오 메디컬 홀딩스,14467046,-0.84,0.646,BUY,
31,의료,ICU,US20221031005,시스타 메디컬 홀딩,14319196,2.46,3.33,,
31,의료,BNGO,US20180730001,바이오나노 지노믹스,14011659,-0.84,1.18,BUY,
31,의료,PBM,US20211210008,사이언스 바이오메디컬,13766805,22.71,4.43,,
31,의료,NAII,US19931028001,내추럴 얼터너티브스 인터내셔널,12861491,0.49,2.06,,
31,의료,MTEX,US19990216001,매나테크,12540196,-0.15,6.49,,
31,의료,COSM,NAS0221216001,코스모스 헬스,12288578,0.34,0.2057,,
31,의료,KPRX,US20211108012,키오라 파마슈티컬스,11456732,0.39,2.6,,
31,의료,MGRX,NAS0230317004,망고슈티컬스,11404590,-11.55,0.4678,,
31,의료,SINT,NAS0221220007,SINTX 테크놀로지스,10927519,-1.22,1.62,BUY,
31,의료,MBAI,US20150319001,체크-캡,10839666,4.49,8.38,,
31,의료,AIMD,US20220809005,아이노스,10483161,-1.41,1.4,,
31,의료,AMS,US19840907018,아메리칸 셰어드 호스피털 서비시스,10305314,-2.58,1.51,,
31,의료,BFRG,NAS0230120001,불프로그 AI 홀딩스,10297703,-2.65,0.5408,,
31,의료,INBS,NAS0230210005,인텔리전트 바이오 솔루션스,10169137,-4.75,3.21,BUY,
31,의료,ICCM,US20210826004,아이스큐어 메디컬,9661287,-7.8,2.6,BUY,
31,의료,TRIB,US19950818018,트리니티 바이오테크(ADR),9080758,11.28,12.43,,
31,의료,HSCS,US20220613001,하트사이언시스,8616048,-2.71,2.15,,
31,의료,MRM,US20201229002,메디롬 헬스케어 테크놀로지스(ADR),8532296,-5.56,1.02,,
31,의료,BMGL,NAS0250225001,바젤 메디컬 그룹,8217027,-0.95,5.2,,
31,의료,NVNO,US20211001011,엔베노 메디컬,8054412,-6.53,11.03,BUY,
31,의료,XWEL,US20221025003,엑스웰,7986323,0.72,0.9367,,
31,의료,ACON,US20220422001,애클래리언,7982475,-7.22,2.57,,
31,의료,CUPR,NAS0250410003,쿠프리나 홀딩스,7827590,1.37,2.96,,
31,의료,NXL,US20220916005,넥설린 테크놀로지,7490788,-0.21,0.3393,,상장폐지 위험
31,의료,PMI,AMX0250829001,피카드 메디컬,7228262,-7.95,3.24,,
31,의료,VNRX,US20150209001,볼리션RX,6823245,-5.18,0.4741,BUY,
31,의료,NDRA,NAS0221209003,엔드라 라이프 사이언시스,6732845,0.45,4.51,,실적 예상 상회
31,의료,BTTC,US20151012001,블랙 타이탄,6452629,-1.17,0.592,,
31,의료,SNOA,US20161206001,소노마 파마슈티컬스,6319381,0,1.32,,
31,의료,AMIX,NAS0240129001,오토노믹스 메디컬,6213357,-4.53,6.11,BUY,
31,의료,VVOS,US20201210008,비보스 테라퓨틱스,6058264,-1.96,0.2953,,
31,의료,CLGN,US20180131001,콜플란트 바이오테크놀로지스,6043672,-1.66,0.3144,BUY,
31,의료,GELS,NAS0241029001,젤텍,6040827,-5.78,0.5315,,
31,의료,PCSA,US20200929002,프로세사 파머슈티컬스,5948650,-0.94,2.11,,
31,의료,DRMA,NAS0230314001,더메타 테라퓨틱스,5871084,-2.05,1.43,,사모발행 희석부담
31,의료,PULM,US20150617003,풀매트릭스,5696357,-0.64,1.55,,
31,의료,WOK,NAS0240823002,워크 메디컬 테크놀로지 그룹,5631762,-5.58,2.2,,
31,의료,PAVS,NAS0230314003,파라노부스 엔터테인먼트 테크놀로지,5529725,-7.39,5.89,,
31,의료,SILO,US20220927006,사일로 파머,4874894,0,3.07,,
31,의료,BMRA,US20160826001,바이오메리카,4819798,2.56,1.6,,
31,의료,VIVS,US20160808001,비보심 랩스,4721493,-11.92,0.2801,,
31,의료,NUWE,NAS0221212006,누웰리스,4594578,-5.56,1.19,,
31,의료,BJDX,US20211110005,블루제이 다이어그노스틱스,4556445,-3.95,0.9797,,
31,의료,SBFM,US20220215009,선샤인 바이오파머,4341696,0,1.12,,
31,의료,MEDS,NAS0250221004,데이터메즈 AI,4241425,-7.38,1.38,,
31,의료,SHPH,US20220831003,셔틀 파머슈티컬스 홀딩스,4210684,-4.63,3.91,,
31,의료,VBIO,US20211111007,밸리온 바이오,4048768,-13.53,0.1578,,우선주 발행 부담
31,의료,SXTP,NAS0230615005,60 디그리스 파머슈티컬스,3797541,2.78,1.11,BUY,
31,의료,GCTK,US20220314002,글루코트랙,3617190,-0.5,0.3403,,상장폐지 위기
31,의료,NIVF,US20220317002,뉴젠IVF 그룹,3600932,-11.08,0.541,,액면병합 시행
31,의료,NXGL,US20211217007,넥스겔,3463343,1.23,0.3801,,실적 추정치 하회
31,의료,VTAK,US20201222012,캐시터 프리시전,3280667,-2.24,0.2229,,
31,의료,BIAF,US20220810002,바이오어피니티 테크놀로지스,3175202,26.53,0.496,,
31,의료,PRFX,US20200901003,페인리폼,2950557,-2.96,0.9415,,
31,의료,ATPC,NAS0231011003,아가페 ATP,2521043,-2.78,2.45,,
31,의료,SNYR,NAS0241023008,시너지 CHC,2307502,-29.7,0.1089,,
31,의료,VRAX,US20220713007,바이랙스 바이오랩스 그룹,2239061,-0.71,2.79,,
31,의료,AEMD,US20150713001,애슬론 메디컬,2086741,-2.73,2.85,,
31,의료,MNDR,NAS0240410001,모바일 헬스 네트워크 솔루션스,2018340,0.59,1.7,,
31,의료,BDRX,NAS0230327002,바이오덱사 파머슈티컬스(ADR),1460962,-4.23,1.36,,
15,의류브랜드,NKE,US19901017001,나이키,57977671345,2.48,40.06,BUY,턴어라운드 전망
15,의류브랜드,TPR,US20171031003,태피스트리,25720060894,2.51,132.26,BUY,투자의견 상향
15,의류브랜드,RL,US19970612001,랄프 로렌,22595348203,-0.28,378.25,BUY,
15,의류브랜드,AS,NYS0240201001,아머스포츠,18830319395,3.22,33.62,BUY,
15,의류브랜드,LULU,US20070727001,룰루레몬,13139944418,2.79,118.97,HOLD,
15,의류브랜드,DECK,US20140505001,데커스 아웃도어,12268745802,-0.67,89.51,BUY,
15,의류브랜드,ONON,US20210914013,온 홀딩,10462044093,-0.89,31.03,BUY,가이던스 하향
15,의류브랜드,LEVI,US20190320003,리바이스,8684235873,-2.48,22.01,BUY,
15,의류브랜드,GAP,US19760519001,갭,7262834935,-0.5,20.08,BUY,
15,의류브랜드,BIRK,NYS0231011001,버켄스탁 홀딩스,6250352826,-1.66,37.23,BUY,
15,의류브랜드,CROX,US20060208001,크록스,6230100435,-1.02,128.65,BUY,
15,의류브랜드,VFC,US19660725001,VF 코퍼레이션,5691381835,-1.17,14.31,HOLD,
15,의류브랜드,ANF,US19960926002,애버크롬비 앤 피치,4671448140,-1.69,103.38,BUY,
15,의류브랜드,KTB,US20190523003,콘투어 브랜즈,4468079144,0.65,82.3,BUY,
15,의류브랜드,PVH,US19760611001,필립스 반 휴센,3603966487,0.7,78.73,BUY,
15,의류브랜드,ZGN,US20211220014,에르메네질도 제냐,3586571651,0.75,13.47,BUY,
15,의류브랜드,SHOO,US19931210001,스티븐 매든,3409329749,0.24,46.71,BUY,
15,의류브랜드,COLM,US19980327001,컬럼비아 스포츠웨어,2921999895,1.4,57.89,HOLD,
15,의류브랜드,UAA,US20051118002,언더 아머 C,2251192990,-4.82,4.94,,
15,의류브랜드,UAA,US20161207004,언더 아머 A,2251192990,-4.16,5.07,HOLD,
15,의류브랜드,CPRI,US20190102005,카프리 홀딩스,1666915801,-1.7,14.42,BUY,
15,의류브랜드,WWW,US19690515001,울버린 월드 와이드,1627030524,0.81,19.99,BUY,
15,의류브랜드,GIII,US19891214001,G III 어패럴 그룹,1424473620,-0.15,33.72,,
15,의류브랜드,CRI,US20031024001,카터스,1388122694,-0.69,37.56,HOLD,
15,의류브랜드,MOV,US19930930002,모바도 그룹,558670431,-0.2,35.36,,
15,의류브랜드,OXM,US19640320001,옥스포드 인더스트리스,545012768,-2.52,35.59,,
15,의류브랜드,WEYS,US19900326057,웨이코 그룹,437246802,-0.4,45.33,,
15,의류브랜드,GOOS,US20170315003,캐나다 구스 홀딩스,393323109,0.59,8.51,SELL,
15,의류브랜드,GCO,US19390715001,제네스코,384663985,0.52,34.82,HOLD,
15,의류브랜드,RCKY,US19930203001,로키 브랜즈,349648269,-0.88,46.27,,
15,의류브랜드,FOSL,US19930408001,파슬 그룹,339380459,-4.18,5.5,BUY,
15,의류브랜드,JILL,US20170309004,제이 질,279233226,7.07,20.0,BUY,목표가 상향
15,의류브랜드,SGC,US19920317009,수피어리어 유니폼 그룹,203258216,-1.41,12.57,,
15,의류브랜드,CURV,US20210630015,토리드 홀딩스,200988554,4.95,2.12,HOLD,
15,의류브랜드,DLTH,US20151119001,덜루스 홀딩스,150076359,-3.8,3.8,,
15,의류브랜드,LANV,NYS0221215003,랑방 그룹 홀딩스,125104268,3.74,1.11,,
15,의류브랜드,SPAI,NAS0240828004,세이프 프로 그룹,120115418,-6.95,5.49,,
15,의류브랜드,AKA,US20210921002,AKA 브랜즈 홀딩,115491542,1.24,10.64,BUY,
15,의류브랜드,VRA,US20101021001,베라 브래들리,90130148,-1.58,3.12,,
15,의류브랜드,VNCE,US20131122001,빈스 홀딩,79507892,-2.58,6.03,,
15,의류브랜드,DXLG,US20210908002,데스티네이션 XL 그룹,33156824,3.47,0.6208,,
15,의류브랜드,RECT,NAS0240621006,랙티튜드 홀딩스,19658924,-3.15,1.23,,
15,의류브랜드,XELB,US20150803002,엑셀 브랜즈,6493294,0.89,0.9988,BUY,
15,의류브랜드,LUCY,US20220812001,이노베이티브 아이웨어,6027741,2.04,0.7146,HOLD,
35,바이오,ABBV,US20121210001,애브비,442268696112,3.43,258.92,BUY,
35,바이오,MRK,US19490420001,머크,335390215127,-0.59,135.17,BUY,파이프라인 호조
35,바이오,NVS,US19961107001,노바티스(ADR),288790402260,1.7,154.55,HOLD,
35,바이오,AZN,US20200925002,아스트라제네카,243290043826,2.05,160.1,BUY,폐암 3상 성과
35,바이오,AMGN,US19830617001,암젠,226682187032,1.42,425.32,HOLD,암젠 목표가 상향
35,바이오,TMO,US19800827001,써모 피셔 사이언티픽,216444840817,0.6,589.04,BUY,
35,바이오,GILD,US19920122001,길리어드 사이언스,172218054890,3.24,143.42,BUY,
35,바이오,PFE,US19510622001,화이자,153117763911,1.41,27.25,HOLD,
35,바이오,BMY,US19520623001,브리스톨 마이어스 스큅,131992661929,2.2,66.05,BUY,
35,바이오,GSK,US19870610001,글락소스미스클라인(ADR),101680079586,1.73,51.15,BUY,
35,바이오,REGN,US19910402001,리제네론 파마슈티컬스,82956924195,0.7,810.6,BUY,
35,바이오,ARGX,US20170517001,아제닉스(ADR),61764366011,0.57,993.49,BUY,
35,바이오,RVMD,US20200212004,레볼루션 메디신,45429688199,1.92,216.08,BUY,
35,바이오,A,US19991118002,애질런트 테크놀로지스,41918134221,-0.01,148.44,BUY,
35,바이오,ONC,US20160203001,베이진(ADR),39790418554,1.83,369.15,BUY,
35,바이오,IQV,US20171115001,아이큐비아 홀딩스,39699686510,-0.5,240.03,BUY,
35,바이오,RPRX,US20200616002,로열티 파마,34176575148,0.4,59.69,,
35,바이오,BIIB,US19910917001,바이오젠,30896197788,1.63,212.55,BUY,투자의견 상향
35,바이오,ALNY,US20040528001,앨나일램 파마슈티컬스,30047157030,1.79,228.62,BUY,아웃퍼폼 개시
35,바이오,INSM,US20000601001,인스메드,28016774093,0.1,128.45,BUY,
35,바이오,LH,US19910424002,랩코프 홀딩스,26217315165,-0.36,322.18,BUY,
35,바이오,ROIV,US20211001014,로이반트 사이언시스,26171436957,3.12,37.37,BUY,
35,바이오,MRNA,US20181206001,모더나,25729290046,-2.31,62.97,HOLD,
35,바이오,INCY,US19931103001,인사이트,25027864994,0.02,123.52,BUY,목표가 상향
35,바이오,BNTX,US20191009001,바이오엔테크(ADR),23159287864,1.24,92.74,BUY,
35,바이오,UTHR,US19990617001,유나이티드 테라퓨틱스,21804435892,1.97,518.52,BUY,TETON 등록완료
35,바이오,GMAB,US20190718002,젠맵(ADR),20171847568,0.37,32.96,BUY,
35,바이오,VTRS,US20201117005,비아트리스,18637677992,-0.37,16.17,BUY,
35,바이오,MEDP,US20160811002,메드페이스 홀딩스,16663074377,-1.14,590.3,HOLD,
35,바이오,JAZZ,US20070601001,재즈 파마슈티컬스,16118766696,1.92,253.13,BUY,
35,바이오,NBIX,US19960523001,뉴로크린 바이오사이언시스,15700453019,-0.16,154.25,BUY,
35,바이오,BBIO,US20190626002,브리지바이오 파마,15614624774,3.83,82.95,BUY,
35,바이오,CRL,US20000623001,찰스 리버 래버러토리스 인터내셔널,13680969506,-2.6,279.19,BUY,
35,바이오,BAX,US19610515001,박스터 인터내셔널,13392526728,0.12,25.94,HOLD,
35,바이오,ICLR,US19980515001,아이콘,13071009280,-1.41,167.06,BUY,
35,바이오,EXEL,US20000411001,엑셀리시스,12961189975,1.57,53.14,HOLD,
35,바이오,BMRN,US19990723001,바이오마린 파마슈티컬,12897020756,0.51,66.98,BUY,알레스타 인수
35,바이오,ARWR,US19970106001,애로우헤드 파마슈티컬스,12526615215,-0.9,87.9,BUY,
35,바이오,MDGL,US20160725001,매드리갈 파마슈티컬스,12124091953,-0.01,524.8,BUY,
35,바이오,HALO,US20040312001,할로자임 테라퓨틱스,11687815842,1.83,104.89,BUY,
35,바이오,AXSM,US20151118001,액섬 테라퓨틱스,11325998067,-0.18,215.88,BUY,
35,바이오,TECH,US19921209001,바이오 테크네,11276742100,-0.23,72.22,HOLD,
35,바이오,CYTK,US20040429001,사이토키네틱스,10545470777,0.37,76.15,BUY,
35,바이오,PRAX,US20201015008,프락시스 프리시전 메디신,10506297442,-1.67,370.08,BUY,
35,바이오,PTGX,US20160811003,프로타고니스트 테라퓨틱스,10261852355,-0.76,157.41,BUY,
35,바이오,SMMT,US20150305001,서밋 테라퓨틱스,10193078684,0.47,12.84,BUY,
35,바이오,APGE,NAS0230714001,애퍼지 테라퓨틱스,10184652811,0,134.59,HOLD,
35,바이오,KYMR,US20200819002,키메라 테라퓨틱스,10093176483,0,121.41,BUY,
35,바이오,KRYS,US20170919002,크리스탈 바이오테크,9935110677,-0.85,332.88,BUY,내부자 매도 부담
35,바이오,IONS,US20151222002,아이오니스 파마슈티컬스,9741321355,1.64,59.59,BUY,
35,바이오,ABVX,NAS0231020001,아비박스(ADR),9570795839,-1.52,118.89,BUY,
35,바이오,RGEN,US19860429001,레플리젠,9537855070,-1.66,166.24,BUY,
35,바이오,SYRE,US20160406001,스파이어 테라퓨틱스,9221020380,3.07,107.81,BUY,
35,바이오,IMVT,US20191219001,이뮤노반트,9026503848,1.46,44.35,BUY,
35,바이오,CRNX,US20180717002,크리네틱스 파마슈티컬스,8989662553,0,84.75,HOLD,
35,바이오,PCVX,US20200612003,백사이트,8959154239,-0.65,59.83,,
35,바이오,IBRX,US20210310003,이뮤니티바이오,8392123907,-2.4,7.73,BUY,
35,바이오,TWST,US20181030002,트위스트 바이오사이언스,8242641758,-6.72,116.05,BUY,
35,바이오,RYTM,US20171004001,리듬 파마슈티컬스,7946599435,-0.12,115.3,BUY,
35,바이오,TGTX,US19951214001,TG 테라퓨틱스,7541643883,1.99,50.26,BUY,
35,바이오,ORKA,US19970808001,오루카 테라퓨틱스,7457603459,0.37,113.08,,
35,바이오,CGON,NAS0240125001,CG 온콜로지,6833610391,-1.06,76.29,BUY,
35,바이오,BLTE,US20220426002,비라이트 바이오(ADR),6571423288,-0.47,162.45,,
35,바이오,COGT,US20201006001,코젠트 바이오사이언시스,6569998037,-1.21,37.41,BUY,
35,바이오,MIRM,US20190717004,미럼 파마슈티컬스,6480807705,1.03,100.86,BUY,
35,바이오,DNTH,US20180620005,다이앤서스 테라퓨틱스,6423260738,0.71,115.67,BUY,베어드 의견개시
35,바이오,ERAS,US20210714005,에라스카,6392294647,-1.04,18.09,BUY,
35,바이오,SRRK,US20180523004,스칼러 록 홀딩,6337580176,5.21,54.76,BUY,
35,바이오,KNSA,US20180523003,키닉사 파마슈티컬스 인터내셔널,6176631723,0.51,79.58,,
35,바이오,CAI,NAS0250618002,카리스 라이프 사이언시스,6111238112,-3.05,20.97,BUY,
35,바이오,PTCT,US20130620001,PTC 테라퓨틱스,6081333830,-0.29,72.67,BUY,
35,바이오,XENE,US20141016002,제논 파마슈티컬,6037689174,1.31,63.18,BUY,
35,바이오,TVTX,US20201119007,트래비어 테라퓨틱스,5987137091,0.58,63.9,BUY,
35,바이오,LGND,US19950202001,리간드 파마슈티컬,5815379608,-1.36,287.8,BUY,
35,바이오,CRSP,US20161019001,크리스퍼 테라퓨틱스,5247364610,-2.41,52.97,BUY,
35,바이오,ACAD,US20040527001,아카디아 파마슈티컬스,4997523456,4.0,30.17,BUY,
35,바이오,DYN,US20200917002,다인 테라퓨틱스,4882383963,-0.57,26.0,BUY,
35,바이오,EWTX,US20210325008,에지와이즈 테라퓨틱스,4781911936,0.16,44.11,BUY,
35,바이오,PBLS,NAS2606010010,파라빌리스 메디슨즈,4538092349,5.67,39.33,BUY,
35,바이오,RLAY,US20200715002,릴레이 테라퓨틱스,4528697297,-0.19,20.63,BUY,경영진 매도 부담
35,바이오,MANE,NYS2602004002,베라더믹스,4520487842,2.86,111.31,BUY,
35,바이오,ELVN,NAS0230224002,인라이븐 테라퓨틱스,4361250043,0.91,60.07,BUY,
35,바이오,TNGX,US20210811012,탱고 테라퓨틱스,4263252247,0.63,25.45,BUY,
35,바이오,LEGN,US20200604004,레전드 바이오테크(ADR),3993684927,6.2,21.93,BUY,
35,바이오,TLX,NAS0241113004,텔릭스 파머슈티컬스(ADR),3984824870,1.28,11.88,,
35,바이오,VKTX,US20150429004,바이킹 테라퓨틱스,3922206648,-0.8,33.36,BUY,
35,바이오,DNLI,US20171207001,디날리 테라퓨틱스,3891459160,-0.16,24.31,BUY,
35,바이오,GPCR,NAS0230203001,스트럭처 테라퓨틱스(ADR),3832805245,-0.22,53.64,BUY,
35,바이오,RCUS,US20180314002,아쿠스 바이오사이언스,3763176691,-0.17,29.51,BUY,
35,바이오,ABCL,US20201210001,앱셀레라 바이오로직스,3626972901,-0.45,11.15,BUY,2차공모 부담
35,바이오,IDYA,US20190522002,아이디야 바이오사이언시스,3524978346,3.86,37.95,BUY,
35,바이오,QURE,US20140205001,유니큐어,3326801405,-1.23,47.38,BUY,
35,바이오,ALMS,NAS0240628001,알루미스,3299898920,-2.43,24.88,BUY,
35,바이오,CLDX,US19900326006,셀덱스 테라퓨틱스,3291260138,-0.31,41.79,BUY,
35,바이오,MBX,NAS0240913002,MBX 바이오사이언시스,3286229775,-2.58,66.49,BUY,
35,바이오,ARQT,US20200130001,아커티스 바이오테라퓨틱스,3218288750,3.59,26.53,,
35,바이오,IOVA,US20170628002,이오밴스 바이오테라퓨틱스,3215415405,-1.13,7.02,BUY,풋옵션 약세 베팅
35,바이오,NAMS,NAS0221123001,뉴암스테르담 파마,3214868200,1.3,27.25,BUY,
35,바이오,IMNM,US20201002003,이뮤놈,3111367334,0.58,27.56,BUY,
35,바이오,IRON,NAS0221230002,디스크 메디신,3072695661,0.32,80.31,,목표가 상향
35,바이오,ZLAB,US20170919003,자이 랩(ADR),2916772628,-0.27,25.57,,
35,바이오,NRIX,US20200723004,누릭스 테라퓨틱스,2819150584,-0.88,26.93,BUY,
35,바이오,BEAM,US20200205001,빔 테라퓨틱스,2798502358,-1.96,26.57,BUY,
35,바이오,ATAI,US20210617001,아타이 라이프 사이언시스,2684491013,0.69,7.29,HOLD,
35,바이오,RGC,US20210715014,리젠셀 바이오사이언스 홀딩스,2650224671,2.06,5.46,,
35,바이오,SLS,US20180102002,셀라스 라이프 사이언시스 그룹,2624737696,0.77,13.1,BUY,중재 패소 부담
35,바이오,VRDN,US20210120005,비리디언 테라퓨틱스,2615363957,3.64,23.93,BUY,
35,바이오,RARE,US20140131003,울트라제닉스 파마슈티컬,2575581152,-2.45,25.49,BUY,
35,바이오,KOD,US20181003002,코디악 사이언시스,2575024767,-0.73,40.68,BUY,매수의견 재확인
35,바이오,BCRX,US19940303001,바이오크리스트 파마슈티컬스,2539480500,-2.41,9.7,BUY,
35,바이오,NKTR,US19940503001,넥타 테라퓨틱스,2480645404,1.24,73.57,BUY,매출 예상 하회
35,바이오,PHVS,US20210204011,파바비스,2460097507,2.27,36.12,BUY,
35,바이오,URGN,US20170502002,우로젠 파마,2401481730,-0.49,48.9,BUY,
35,바이오,KLRA,NAS2604017003,카일레라 테라퓨틱스,2399195743,-3.67,17.83,BUY,
35,바이오,AMLX,US20220106001,아밀릭스 파마슈티컬스,2387289744,63.84,35.11,BUY,임상결과 공개 임박
35,바이오,PGEN,US20200203004,프레시젠,2344633737,2.75,6.73,,조기 흑자 달성
35,바이오,OCUL,US20140724002,오큘라 테라퓨틱스,2338413182,3.47,11.02,BUY,경쟁부담 완화
35,바이오,RAPP,NAS0240607004,라포 테라퓨틱스,2322616145,1.38,49.09,BUY,목표가 상향
35,바이오,MLYS,NAS0230209004,미네랄리스 테라퓨틱스,2302511154,2.15,26.61,BUY,
35,바이오,VERA,US20210512003,베라 테라퓨틱스,2278880097,2.09,32.29,BUY,
35,바이오,NUVB,US20210211013,누베이션 바이오,2274796226,7.41,6.96,BUY,
35,바이오,HRMY,US20200819001,하모니 바이오사이언시스 홀딩스,2220665183,1.84,38.84,BUY,
35,바이오,PVLA,US20150626001,팔벨라 테라퓨틱스,2211509738,-2.02,150.42,BUY,
35,바이오,MESO,US20151111001,메소블라스트(ADR),2206959461,-2.06,16.67,,
35,바이오,BHVN,US20170502005,바이오헤이븐,2183630079,-6.15,13.57,BUY,
35,바이오,BRVE,NAS2608006002,브레이브하트 바이오,2111126128,-3.76,26.62,,
35,바이오,ADMA,US20141110001,ADMA 바이오로직스,2091573436,2.25,9.55,BUY,
35,바이오,NEO,US19960125002,네오지노믹스,2075722996,-1.49,15.92,BUY,
35,바이오,STOK,US20190618002,스토케 테라퓨틱스,2072788663,0.03,32.14,BUY,
35,바이오,SEPN,NAS0241025003,셉터나,2062683707,-0.84,43.83,BUY,
35,바이오,GHRS,US20210624005,GH 리서치,2054908376,-0.77,29.75,BUY,
35,바이오,NBTX,US20201211003,나노바이오틱스(ADR),2038803994,-2.09,41.17,BUY,
35,바이오,AUPH,US20140902001,오리니아 파마슈티컬스,2033921108,0.13,15.31,,
35,바이오,TSHA,US20200924003,타이샤 진 테라피스,2022997379,-0.32,6.19,BUY,
35,바이오,AGIO,US20130724001,애지오스 파마슈티컬스,2007348675,2.26,34.39,BUY,
35,바이오,GRFS,US20110602001,그리폴스(ADR),2005973104,0,7.77,,
35,바이오,ZBIO,NAS0240913004,제나스 바이오파마,1987468650,4.62,31.91,,
35,바이오,KARD,NAS2606018006,카디건,1921093686,2.38,21.04,BUY,
35,바이오,SRPT,US19970604001,사렙타 테라퓨틱스,1919892168,-0.83,18.03,HOLD,
35,바이오,IMCR,US20210204007,이뮤노코어 홀딩스(ADR),1830379047,3.0,36.1,BUY,
35,바이오,LKFT,US20150513001,레이크프론트 바이오테라퓨틱스(ADR),1806447176,1.78,28.01,SELL,
35,바이오,ZYME,US20170425006,자임웍스,1795597671,3.0,26.07,BUY,
35,바이오,ANAB,US20170126001,어냅티스바이오,1766955584,-1.11,59.03,BUY,
35,바이오,SNDX,US20160303001,신닥스 파마슈티컬스,1764136370,0.81,19.92,BUY,
35,바이오,FTRE,NAS0230703004,포트리아 홀딩스,1720945109,-2.76,17.6,BUY,
35,바이오,XNCR,US20131115002,젠코,1718686127,10.03,25.44,BUY,
35,바이오,AAPG,NAS0250127001,어센티지 파마 그룹 인터내셔널(ADR),1699570783,-0.05,18.19,BUY,
35,바이오,AVLN,NAS2604030003,아발린 파마,1695381413,1.36,38.77,BUY,
35,바이오,NTLA,US20160506001,인텔리아 테라퓨틱스,1693772588,-3.97,11.61,HOLD,
35,바이오,RXRX,US20210415005,리커젼 파마슈티컬스,1664561213,-0.32,3.1,HOLD,
35,바이오,BCAX,NAS0240913001,비카라 테라퓨틱스,1650003125,-0.08,24.92,BUY,목표가 상향
35,바이오,FBRX,US20200616001,포르테 바이오사이언시스,1631958476,-0.05,76.85,HOLD,
35,바이오,VIR,US20191010004,버 바이오테크놀로지,1588601016,1.17,9.5,BUY,
35,바이오,ABSI,US20210720001,압사이,1585377305,-4.22,8.85,BUY,
35,바이오,TYRA,US20210914014,타이라 바이오사이언시스,1564397643,-0.61,26.06,BUY,
35,바이오,TRAX,NAS2604020011,퍼스트 트랙스 바이오테라퓨틱스,1557534512,0.64,43.88,BUY,목표가 상향
35,바이오,XERS,US20180620010,제리스 바이오파마,1553039717,3.87,8.85,,
35,바이오,MAZE,NAS0250131004,메이즈 테라퓨틱스,1552270119,4.26,29.14,BUY,
35,바이오,SLBT,NAS0250205004,에스엘 사이언스 홀딩스,1547368841,-2.17,2.7,,
35,바이오,ALVO,US20220616002,알보테크,1514553012,1.55,3.94,BUY,
35,바이오,INVA,US20160111001,이노비바,1513944365,1.48,21.27,,
35,바이오,JBIO,US20210629001,제이드 바이오사이언시스,1491042580,0.51,23.57,BUY,
35,바이오,LBRX,NAS0250911003,LB 파마슈티컬스,1491025519,5.49,48.77,BUY,목표주가 상향
35,바이오,MRVI,US20201119003,마라바이 라이프사이언시스 홀딩스,1474633524,1.06,5.74,BUY,
35,바이오,AZTA,US20211201001,어젠타,1470773990,-1.76,32.99,BUY,
35,바이오,AVBP,NAS0240126001,어라이벤트 바이오파마,1430113992,3.52,30.03,BUY,
35,바이오,MLTX,US20220406002,문레이크 이뮤노테라퓨틱스,1391199325,-0.12,16.33,BUY,목표가 상향
35,바이오,ORIC,US20200424003,오릭 파마슈티컬스,1386578541,4.11,13.93,BUY,
35,바이오,REPL,US20180719002,레플리뮨 그룹,1378141038,6.43,15.57,BUY,
35,바이오,VOR,US20210204015,보어 바이오파머,1361035805,1.17,23.28,BUY,
35,바이오,NVAX,US19951205001,노바백스,1330829834,-1.49,7.95,,
35,바이오,CGEM,US20210107002,컬리넌 테라퓨틱스,1324782256,1.26,20.85,,3상 지표 충족
35,바이오,MGTX,US20180607001,메이라GTX 홀딩스,1322231703,0.94,13.9,BUY,
35,바이오,GLUE,US20210623005,몬테 로사 테라퓨틱스,1311841958,-2.28,15.03,,
35,바이오,DRTS,US20220308001,알파 타우 메디컬,1308288483,0.49,14.22,BUY,
35,바이오,APMD,NAS2607031001,앱니메드,1295969823,-2.73,31.66,,
35,바이오,IMTX,US20200702002,이매틱스,1263958742,-1.84,9.08,BUY,실적 기대치 하회
35,바이오,CRVS,US20160323001,코르버스 파마슈티컬스,1253977395,-0.47,14.84,BUY,
35,바이오,LTGO,NAS2608007005,라티고 바이오테라퓨틱스,1160710481,2.9,19.86,,
35,바이오,SVRA,US20170428001,사바라,1103086394,0,5.37,,
35,바이오,SANA,US20210203004,사나 바이오테크놀로지,1101413612,-1.36,3.63,,
35,바이오,OBX,NAS2608004004,옵시디언 테라퓨틱스,1082957762,13.8,19.95,BUY,
35,바이오,AVTX,US20210826012,아발로 테라퓨틱스,1069691475,-1.15,19.72,BUY,
35,바이오,LXRX,US20000407002,렉시콘 파마슈티컬스,1040976168,2.99,2.41,,
35,바이오,ARDX,US20140617001,아델릭스,1011487077,-3.45,3.92,BUY,긍정의견 재확인
35,바이오,KURA,US20151105002,쿠라 온콜로지,1003263061,9.4,12.34,BUY,내부자 매수
35,바이오,WVE,US20151111002,웨이브 라이프 사이언시스,1002762596,3.93,5.29,BUY,
35,바이오,CLYM,US20210805004,클라임 바이오,1001475944,-0.29,17.39,BUY,
35,바이오,JANX,US20210610004,제눅스 테라퓨틱스,993873198,4.31,16.96,BUY,
35,바이오,GERN,US19960731001,제론,982775938,0,1.53,BUY,
35,바이오,IVA,US20200709001,에방티바(ADR),981913680,-1.06,4.65,,
35,바이오,SLDB,US20180124003,솔리드 바이오사이언시스,975542822,0,9.1,BUY,
35,바이오,ANNX,US20200723001,아넥슨,972334793,3.12,5.29,BUY,
35,바이오,DSGN,US20210325006,디자인 테라퓨틱스,944782608,1.06,15.26,BUY,
35,바이오,OLMA,US20201118007,올레마 파마슈티컬,942149463,-1.11,10.65,BUY,
35,바이오,ABUS,US20150804001,아버터스 바이오파마,931665762,2.76,4.84,BUY,
35,바이오,CADL,US20210722002,칸델 테라퓨틱스,930268505,-0.9,12.05,BUY,
35,바이오,TBPH,US20140604002,테라반스 바이오파마,878279097,0.18,16.95,HOLD,
35,바이오,ACRS,US20151006001,애클래리스 테라퓨틱스,871232720,6.59,6.31,BUY,
35,바이오,SLN,US20200908003,사일런스 테라퓨틱스(ADR),863821103,-1.74,14.1,BUY,
35,바이오,SGP,NAS2602006007,스파이글래스 파마,862106107,-0.16,25.74,BUY,
35,바이오,PHAR,US20201223008,파밍 그룹(ADR),834297186,1.02,11.91,,
35,바이오,OCS,NAS0230303001,오큘리스 홀딩,815056121,0.23,13.17,BUY,
35,바이오,IMMX,US20211215005,임믹스 바이오파마,811083847,4.23,11.82,BUY,
35,바이오,FDMT,US20201210004,4D 멀레큘러 테라퓨틱스,803356713,1.38,14.74,BUY,
35,바이오,AURA,US20211028002,오라 바이오사이언시스,796284097,6.25,8.16,,
35,바이오,RIGL,US20001129001,리겔 파마슈티컬스,792792131,2.76,43.62,BUY,
35,바이오,MNPR,US20191007002,모노파 테라퓨틱스,781735165,2.47,119.37,BUY,목표가 상향
35,바이오,DRUG,US20211108002,브라이트 마인즈 바이오사이언시스,779697289,5.74,84.04,BUY,매수의견 유지
35,바이오,CTMX,US20151007002,사이톰엑스 테라퓨틱스,751593170,-1.74,3.39,BUY,
35,바이오,PHAT,US20191024005,팬텀 파마슈티컬스,750601518,-0.43,9.24,BUY,목표주가 하향
35,바이오,RGNX,US20150916001,리젠엑스바이오,747770915,-2.21,11.08,BUY,
35,바이오,STTK,US20201009006,섀턱 랩,741527214,0.68,7.44,BUY,
35,바이오,NGNE,US20190812002,뉴로진,733861891,-3.05,35.56,BUY,
35,바이오,IRWD,US20100203002,아이언우드 파마슈티컬스,720293445,-1.38,4.3,,
35,바이오,ALLO,US20181010001,알로진 테라퓨틱스,718468695,-2.88,2.02,BUY,예상 웃돈 실적
35,바이오,ANL,NAS0230929001,아눠의약(ADR),707899619,6.07,14.15,BUY,
35,바이오,EVO,US20211103004,에보테크(ADR),696290471,-3.06,1.9,HOLD,
35,바이오,AGMB,NAS2602006002,아고맵 테라퓨틱스(ADR),673569481,0.51,13.75,BUY,
35,바이오,VALN,US20210506006,발네바(ADR),669311699,-2.12,6.91,BUY,상반기 실적 부진
35,바이오,TECX,US20180620002,텍토닉 테라퓨틱,661605759,8.27,36.65,BUY,
35,바이오,VSTM,US20120127001,베라스템,650107664,3.06,7.4,,
35,바이오,CBIO,US20131107001,크레센트 바이오파머,649138434,-4.58,16.68,BUY,
35,바이오,SGMT,NAS0230714004,서지멧 바이오사이언시스,648177318,1.53,10.59,,목표가 상향
35,바이오,NVCT,US20211130007,누벡티스 파마,621523868,9.59,20.91,BUY,
35,바이오,SPRY,US20221109002,ARS 파마슈티컬스,620419872,1.12,6.31,BUY,
35,바이오,ASMB,US20140715001,어셈블리 바이오사이언시스,610891959,7.06,32.13,,매수의견 재확인
35,바이오,MDXG,US20201104001,미메드엑스,610606894,3.82,4.35,BUY,비중확대 재확인
35,바이오,AUTL,US20180621001,오토러스 테라퓨틱스(ADR),606721948,0.44,2.29,BUY,
35,바이오,MLAB,US19950818010,메사 래버러토리스,602211652,0.28,107.94,,
35,바이오,ARVN,US20180926001,아르비나스,601425437,0.65,9.26,BUY,
35,바이오,CERS,US19970131001,세러스,598402068,-7.07,2.76,BUY,
35,바이오,CRMD,US20210202002,코메딕스,597706233,6.39,8.16,BUY,2분기 실적 호조
35,바이오,DCTH,US20200501001,델캐스 시스템즈,591489042,-1.0,16.88,BUY,
35,바이오,ALT,US20170505001,알티뮨,583429398,-0.67,2.98,BUY,펨비두타이드 진전
35,바이오,PRME,US20221018005,프라임 메디신,574842750,-3.15,3.07,BUY,
35,바이오,ARTV,NAS0240719001,아티바 바이오테라퓨틱스,573848348,-0.6,11.67,,
35,바이오,EIKN,NAS2602005003,에이콘 테라퓨틱스,566987646,11.27,11.65,,
35,바이오,OVID,US20170502001,오비드 테라퓨틱스,564291160,-1.73,2.84,BUY,EPS 예상 상회
35,바이오,OABI,US20221102004,옴니앱,555273585,2.62,3.92,,
35,바이오,KYTX,NAS0240208002,카이버나 테라퓨틱스,553381491,-5.03,8.5,,
35,바이오,CTNM,NAS0240405001,컨티늄 테라퓨틱스,546519170,-0.21,14.5,BUY,
35,바이오,ZURA,NAS0230321005,주라 바이오,544194113,1.58,5.77,BUY,목표가 상향
35,바이오,CCCC,US20201002002,C4 테라퓨틱스,524590976,-2.11,4.17,BUY,
35,바이오,MPLT,NAS0251027008,맵라이트 테라퓨틱스,521408167,4.98,11.8,BUY,
35,바이오,EVMN,NYS0251106002,에보뮨,517052979,-0.21,14.22,BUY,
35,바이오,ENTX,US20180628001,엔테라 바이오,502004870,-0.34,2.89,,
35,바이오,BLSM,NAS2608007001,블라썸힐 테라퓨틱스,501836746,-1.71,16.1,,
35,바이오,EVH,US20150605002,에볼런트 헬스,498485973,3.85,4.58,BUY,
35,바이오,CABA,US20191024002,카발레타 바이오,489882466,0.35,2.9,,
35,바이오,BIOA,NAS0240926001,바이오에이지 랩스,477226668,0.58,10.46,BUY,
35,바이오,QTTB,US20180328001,Q32 바이오,474722328,-4.33,15.26,BUY,
35,바이오,OCGN,US20190930001,오큐젠,466177957,-2.19,1.34,BUY,
35,바이오,PRTA,US20121218001,프로테나,455775691,-1.91,8.71,HOLD,
35,바이오,PBYI,US20170103002,퓨마 바이오테크놀로지,455192467,4.88,9.25,,
35,바이오,RZLT,US20201109004,레졸루트,450552578,-0.64,4.65,BUY,
35,바이오,PRLD,US20200925008,프렐류드 테라퓨틱스,449198377,2.13,5.75,BUY,
35,바이오,BNTC,US20150807001,베니텍 바이오파마,448915961,-1.07,12.93,BUY,
35,바이오,LRMR,US20200529002,라리마 테라퓨틱스,448679154,-6.25,4.05,BUY,
35,바이오,KMDA,US20130531002,카마다,447512933,1.55,7.88,,예상 웃돈 실적
35,바이오,DNA,US20210917003,깅코 바이오웍스 홀딩스,445140334,-5.64,6.53,SELL,
35,바이오,EPRX,NAS0240405003,유프락시아 파마슈티컬스,443335388,0.44,6.85,BUY,
35,바이오,EDIT,US20160203002,에디타스 메디신,436074838,1.76,2.89,BUY,
35,바이오,CAPR,US20150309001,캐프리코 테라퓨틱스,433043650,-4.83,7.09,HOLD,
35,바이오,XFOR,US20190314001,X4 파머슈티컬,426240619,-2.33,4.2,BUY,
35,바이오,PROK,US20220712001,프로키드니,423161994,-1.43,1.38,,
35,바이오,AVIR,US20201029004,아테아 파마슈티컬스,418579777,0.96,5.27,,목표가 상향
35,바이오,CMPX,US20211102002,컴퍼스 테라퓨틱스,415914897,3.46,2.39,BUY,
35,바이오,FENC,US20170913001,페넥 파마슈티컬스,414756550,0.25,11.86,BUY,
35,바이오,LXEO,NAS0231103004,렉시오 테라퓨틱스,408503735,-1.0,4.93,BUY,
35,바이오,FHTX,US20201022003,포그혼 테라퓨틱스,400172174,0.59,6.78,,
35,바이오,UPB,NAS0241011008,업스트림 바이오,390982333,-4.2,6.84,BUY,목표가 하향
35,바이오,TKNO,US20210624008,알파 테크노바,387546964,-5.82,6.8,BUY,
35,바이오,PACB,US20101027001,퍼시픽 바이오사이언시스 캘리포니아,376025489,-4.96,1.15,BUY,
35,바이오,PALI,NAS0221116001,팰리세이드 바이오,374602273,-5.12,2.04,BUY,
35,바이오,ENTA,US20130321001,에난타 파마슈티컬스,373599693,3.66,13.3,BUY,
35,바이오,RCKT,US20180105001,로켓 파마슈티컬스,373154510,-1.76,3.34,HOLD,
35,바이오,SCTX,NAS2607024006,스크라이브 테라퓨틱스,372385852,27.42,27.0,,
35,바이오,STRO,US20180926002,수트로 바이오파머,369350177,-1.48,21.95,BUY,
35,바이오,DMAC,US20181207002,디아메디카 테라퓨틱스,356912438,-0.45,6.59,,
35,바이오,GALT,US20020905001,갈렉틴 테라퓨틱스,353907211,0.28,3.52,,
35,바이오,IPSC,US20210617007,센추리 테라퓨틱스,353022025,0.51,1.96,BUY,순손실 확대
35,바이오,ZNTL,US20200402003,젠테일스 파마슈티컬,350672691,-0.81,3.67,BUY,
35,바이오,VCRE,NAS2607002008,비코어 파마 홀딩(ADR),344232809,-1.8,12.01,,
35,바이오,SABS,US20211025007,SAB 바이오테라퓨틱스,342945892,0.27,3.78,BUY,
35,바이오,ABEO,US20150623003,아베오나 테라퓨틱스,339601055,3.54,6.15,,
35,바이오,IMRX,US20210729005,이뮤니어링,337648846,-3.83,5.02,BUY,
35,바이오,IKT,US20201029008,인히비케이즈 테라퓨틱스,333420106,0,2.39,BUY,
35,바이오,TLSI,US20210208006,트라이살러스 라이프 사이언시스,324429353,2.28,5.39,BUY,
35,바이오,AGEN,US20000204001,아제너스,321827673,5.45,7.54,BUY,
35,바이오,VNDA,US20060412001,반다 파마슈티컬스,317966315,3.61,5.45,BUY,
35,바이오,FATE,US20130918001,페이트 테라퓨틱스,313863198,-2.67,2.55,,
35,바이오,CAMP,NAS0241011002,캠프4 테라퓨틱스,313699486,-2.0,4.9,BUY,
35,바이오,IFRX,US20171108002,인플락스,304831584,4.83,2.17,BUY,
35,바이오,IRD,US20201106001,오푸스 제네틱스,303600381,1.1,3.69,BUY,
35,바이오,AVXL,US20151028001,애너벡스 라이프 사이언시스,297493785,-0.31,3.2,BUY,
35,바이오,FULC,US20190717002,풀크럼 테라퓨틱스,292919359,0.52,3.86,HOLD,합병뒤 지분 5%
35,바이오,ELDN,US20210105001,엘레던 파마슈티컬스,290853254,0.84,3.61,BUY,
35,바이오,NMRA,NAS0230915004,뉴모러 테라퓨틱스,285541242,8.55,1.65,,
35,바이오,TRDA,US20211028010,엔트라다 테라퓨틱스,284955998,-0.68,7.27,BUY,
35,바이오,BCYC,US20190522001,바이시클 테라퓨틱스(ADR),279912134,-0.5,3.98,BUY,
35,바이오,SRZN,NAS0231214005,서로젠,279440359,1.05,24.03,BUY,
35,바이오,RNAC,US20160622002,카티지언 테라퓨틱스,277685253,0.65,9.24,BUY,매수의견 유지
35,바이오,ALXO,US20200716001,ALX 온콜로지 홀딩스,272347938,5.08,2.07,BUY,
35,바이오,LAB,US20220406001,스탠더드 바이오툴스,268663229,-3.29,0.662,BUY,
35,바이오,LCTX,US20190812003,리니지 셀 테라퓨틱스,268025082,0,1.06,BUY,
35,바이오,SION,NAS0250207004,시오나 테라퓨틱스,267148634,0.68,5.95,HOLD,
35,바이오,WHWK,US20210827001,화이트호크 테라퓨틱스,264465731,2.59,4.76,BUY,
35,바이오,MGNX,US20131010001,매크로제닉스,258567935,0.99,4.1,BUY,
35,바이오,ACIU,US20160923001,AC 이뮨,257432556,1.98,2.58,,
35,바이오,PRQR,US20140917001,PROQR 테라퓨틱스,256610233,11.4,2.15,,
35,바이오,GLSI,US20200925003,그리니치 라이프사이언시스,255053176,-0.12,17.36,,
35,바이오,ADAG,US20210208001,아다진(ADR),252923977,6.27,4.07,BUY,
35,바이오,IPHA,US20191016001,이네이트 파르마(ADR),252389270,-8.85,2.06,,
35,바이오,PYXS,US20211007010,픽시스 온콜로지,251838913,-1.32,2.98,BUY,매수의견 유지
35,바이오,NAGE,US20160425001,NIAGEN BIOSCIENCE INC,240492054,0.66,3.06,BUY,
35,바이오,YDES,NAS0250829004,YD BIO LIMITED,238651035,18.69,4.0,,
35,바이오,AKBA,US20140320001,아케비아 테라퓨틱스,238260852,-0.34,0.8571,BUY,
35,바이오,TARA,US20200110003,아타라 테라퓨틱스,235150183,0.25,3.99,BUY,
35,바이오,ARCT,US20171116001,아크투루스 테라퓨틱스 홀딩스,231314736,0.86,8.21,BUY,
35,바이오,EBS,US20061115001,이머전트 바이오솔루션즈,230681100,3.56,4.66,,
35,바이오,ALEC,US20190206001,알렉터,228848161,7.32,2.2,HOLD,
35,바이오,CLLS,US20150325001,셀렉티스(ADR),226043343,-2.89,3.02,BUY,
35,바이오,NBP,US20200116001,노바브리지 바이오사이언스,223154299,-1.55,1.9,,이중항체 공개예정
35,바이오,CGEN,US20000811001,컴퓨젠,222563436,1.28,2.38,BUY,
35,바이오,RNA,NAS2602027007,아트리움 테라퓨틱스,221642138,-1.16,12.81,BUY,마일스톤 수령
35,바이오,VOGX,NAS2608012004,보젠엑스,219155527,23.87,19.51,,
35,바이오,IVVD,US20210805001,인비비드,218222581,16.7,0.8642,BUY,
35,바이오,ANTX,US20220324002,AN2 테라퓨틱스,216182800,4.19,5.97,BUY,
35,바이오,NERV,US20140626003,미네르바 뉴로사이언시스,210999472,2.49,4.53,BUY,
35,바이오,PEPG,US20220505003,펩젠,210504298,-4.28,2.91,BUY,
35,바이오,KROS,US20200407001,케로스 테라퓨틱스,207744882,1.34,10.62,BUY,
35,바이오,MSLE,NAS2602006005,사텔로스 바이오사이언스,207090631,-1.01,9.84,BUY,
35,바이오,ZSQR,US20221031016,Z 스퀘어드,204538163,-0.26,3.85,,
35,바이오,DTIL,US20190327001,프리시전 바이오사이언시스,204208201,11.22,8.23,BUY,
35,바이오,CRBP,US20150417001,코버스 파마슈티컬스 홀딩스,202847154,-3.81,10.09,BUY,
35,바이오,CUE,US20171219001,큐 바이오파머,200745839,-7.2,25.65,,
35,바이오,VYGR,US20151110002,보이저 테라퓨틱스,198983781,1.86,3.29,BUY,
35,바이오,KRRO,US20191002004,코로 바이오,193453970,0.61,13.22,BUY,
35,바이오,ACOG,NAS0241112001,알파 코그니션,192475542,-3.39,8.54,BUY,
35,바이오,ABOS,US20210630001,애큐먼 파마슈티컬스,192323199,2.63,2.73,,
35,바이오,ORMP,US20070501001,오라메드 파마슈티컬스,190059609,4.6,4.78,,
35,바이오,PLX,US20070312001,프로탈릭스 바이오테라퓨틱스,184469946,2.18,2.34,,
35,바이오,CHRS,US20141106001,코히러스 바이오사이언시스,177638446,16.52,1.34,BUY,종양학 진전 부각
35,바이오,NKTX,US20200710001,엔카르타,174011346,-0.82,2.41,BUY,
35,바이오,LFCR,NAS0221115005,라이프코어 바이오메디컬,171816461,-3.74,4.37,BUY,
35,바이오,CRBU,US20210723001,카리부 바이오사이언시스,168280114,-0.64,1.56,BUY,
35,바이오,ARMP,US20190510002,아마타 파마슈티컬스,166539954,1.79,4.56,,
35,바이오,OKUR,US20210408002,온큐어 테라퓨틱스,166404547,2.43,4.21,BUY,목표가 하향
35,바이오,OTLK,US20181204001,아웃룩 테라퓨틱스,163089911,4.57,0.7029,BUY,
35,바이오,CNTN,US20220111003,칸톤 스트래티직 홀딩스,161320551,-0.5,2.01,,
35,바이오,MOLN,US20210615006,멀레큘러 파트너스(ADR),159388647,0.94,4.29,,
35,바이오,EQ,US20181011002,이퀼리움,157218708,-6.45,2.32,BUY,
35,바이오,TNYA,US20210729015,테나야 테라퓨틱스,156950152,-0.01,0.7,BUY,
35,바이오,UNCY,US20210616006,유니사이클 테라퓨틱스,155120890,0.9,5.62,BUY,
35,바이오,SPRB,US20201009005,스프루스 바이오사이언시스,152060526,1.0,53.45,BUY,
35,바이오,LENZ,US20210624006,렌즈 테라퓨틱스,150471538,-0.42,4.77,BUY,
35,바이오,AARD,NAS0250213002,아드바크 테라퓨틱스,147472593,-8.31,6.18,BUY,
35,바이오,TLSA,US20181025005,티지아나 라이프 사이언시스,146316977,-1.74,1.13,,
35,바이오,KZIA,US20171124001,카지아 테라퓨틱스(ADR),145498934,5.83,14.35,BUY,
35,바이오,HURA,NAS0221114002,투후라 바이오사이언시스,145265886,-4.82,2.17,BUY,
35,바이오,ADCT,US20200514001,ADC 테라퓨틱스,140404695,-6.36,1.03,BUY,
35,바이오,MXCT,US20210730006,맥스사이트,136203312,-3.79,1.27,BUY,
35,바이오,INDP,US20210804007,인댑터스 테라퓨틱스,133214078,-7.0,0.93,,
35,바이오,PMN,US20220708002,프로미스 뉴로사이언시스,131438510,2.18,14.98,BUY,
35,바이오,NTHI,NAS0250326009,니온크 테크놀로지스 홀딩스,127320556,12.02,5.5,BUY,
35,바이오,VTVT,US20150730001,VTV 테라퓨틱스,123774122,0.93,31.6,,
35,바이오,GNLX,NAS0230126005,제네럭스,122136508,-4.07,2.59,BUY,
35,바이오,VANI,US20220831004,비바니 메디컬,121748716,7.41,1.45,BUY,
35,바이오,INO,US20140915002,이노비오 파마슈티컬스,118881939,2.61,1.18,BUY,제프리스 의견상향
35,바이오,ANIX,US20181001001,애닉사 바이오사이언시스,118715318,-1.43,3.44,BUY,
35,바이오,BDTX,US20200129002,블랙 다이아몬드 테라퓨틱스,117755213,0.49,2.06,,
35,바이오,ENGN,US20220201002,엔진 홀딩스,113857950,0.59,1.71,BUY,
35,바이오,SEER,US20201203005,시어,112381361,-0.49,2.02,BUY,
35,바이오,NAUT,US20210610006,노틸러스 바이오테크놀로지,112024471,-2.86,0.8553,,
35,바이오,RANI,US20210729009,라니 테라퓨틱스 홀딩스,110921215,3.64,0.8249,BUY,매수의견 개시
35,바이오,YARW,NAS0230213004,야로우 바이오사이언스,110504053,0.82,41.74,BUY,
35,바이오,COYA,NAS0221229001,코야 테라퓨틱스,109524932,5.57,4.93,BUY,
35,바이오,GUTS,NAS0240202004,프랙틸 헬스,105036429,9.39,0.722,BUY,
35,바이오,ONCY,US20180601002,온콜리틱스 바이오테크,104880654,2.69,0.8448,,FDA 설계 공감대
35,바이오,BMEA,US20210415002,바이오미아 퓨전,97832456,0,1.35,BUY,OPAL 투약 개시
35,바이오,RFL,US20191121005,라파엘 홀딩스,97219379,-0.53,1.86,,
35,바이오,CGTX,US20211007003,커그니션 테라퓨틱스,96975059,-3.68,0.9825,BUY,
35,바이오,KLRS,US20200729001,칼라리스 테라퓨틱스,94247741,2.27,4.05,BUY,
35,바이오,ALDX,US20140411001,알데이라 테라퓨틱스,94089267,-0.64,1.55,BUY,
35,바이오,RLYB,US20210728010,랠리바이오,90259345,-0.82,16.86,HOLD,
35,바이오,GANX,US20210317006,게인 테라퓨틱스,89014109,-0.49,2.03,,
35,바이오,ACRV,US20221108001,아크리본 테라퓨틱스,87830769,-0.49,2.04,BUY,
35,바이오,MAIA,US20220727001,마이어 바이오테크놀로지,84530000,-1.44,1.37,,
35,바이오,VRCA,US20180614001,베리카 파머슈티컬,83986456,-4.09,4.69,BUY,CEO 자사주 매입
35,바이오,ATRA,US20141013001,아타라 바이오테라퓨틱스,83897467,6.46,8.9,BUY,
35,바이오,ATHE,NAS0230109001,알테리티 테라퓨틱스(ADR),83129886,-0.22,4.56,BUY,
35,바이오,ACET,US20200916001,에이디셋 바이오,81802078,4.35,9.12,BUY,
35,바이오,ELTX,US20210204002,엘리시오 테라퓨틱스,79354458,2.65,3.1,BUY,매수의견 유지
35,바이오,RPID,US20210714014,래피드 마이크로 바이오시스템즈,77730830,1.29,1.57,,
35,바이오,CYPH,US20170124001,사이퍼펑크 테크놀로지스,75990106,12.73,0.7951,BUY,지캐시 채굴 출범
35,바이오,ANVS,US20211118010,애노비스 바이오,74118988,3.45,1.8,BUY,
35,바이오,TELO,NAS0240209005,텔러미어 파마슈티컬스,72885999,1.89,1.08,,
35,바이오,LONA,US20200918001,레오나바이오,72625623,2.98,7.94,BUY,
35,바이오,RNTX,NAS0221111001,레인 테라퓨틱스,72561068,-7.68,0.7767,BUY,
35,바이오,SER,US20181129002,세리나 테라퓨틱스,72376002,-8.07,2.62,BUY,
35,바이오,IBIO,US20080819002,아이바이오,72018642,0,1.45,BUY,
35,바이오,XBIT,US20150414001,X바이오테크,70411729,-1.3,2.28,,
35,바이오,CRDF,US20200508001,카디프 온콜로지,70335330,-2.01,0.8861,HOLD,
35,바이오,DWTX,US20201217012,도그우드 테라퓨틱스,70009814,3.88,2.14,,
35,바이오,SPRO,US20171101005,스페로 테라퓨틱스,69284753,0.84,1.2,,
35,바이오,CTOR,NAS0221208004,시티우스 온콜로지,68791505,-5.0,0.703,,분기 매출 부진
35,바이오,GOSS,US20190207001,고사머 바이오,68424033,2.21,0.1431,BUY,NDA 제출 추진
35,바이오,PLRX,US20200602001,플리언트 테라퓨틱스,68099647,3.64,1.14,HOLD,FDA 패스트트랙
35,바이오,OSTX,AMX0240731004,OS 테라피스,67790589,-2.04,1.44,BUY,
35,바이오,PMVP,US20200925007,PMV 파마슈티컬스,66808407,-0.8,1.24,BUY,
35,바이오,MNOV,US20061207001,메디치노바,64958271,1.52,1.34,BUY,
35,바이오,TENX,NAS0230105005,테낙스 테라퓨틱스,63981332,-1.75,1.68,BUY,
35,바이오,IMA,US20210325009,이메진바이오,63327696,1.97,5.69,,
35,바이오,DOMH,NAS0221222002,도미너리 홀딩스,62777732,-1.54,2.55,,
35,바이오,HYFT,US20201230002,마인드워크 홀딩스,62479856,0,1.33,BUY,
35,바이오,XLO,US20211021013,자일리오 테라퓨틱스,62432414,0.11,9.5,,
35,바이오,TLPH,US20110211001,탈페라,62273751,0,1.2,BUY,
35,바이오,HRTX,US20140124001,헤런 테라퓨틱스,60739859,-5.97,0.3009,HOLD,
35,바이오,INMB,US20190204002,인뮨 바이오,59103039,-0.94,2.11,BUY,
35,바이오,INKT,US20211015003,밍크 테라퓨틱스,57243544,6.95,12.0,,
35,바이오,IMMP,US20171201001,이뮤텝(ADR),56947254,2.69,0.3969,BUY,
35,바이오,EXOZ,NAS0241113002,엑소자임스,55954730,5.97,6.39,,
35,바이오,EDSA,US20190610001,에데사 바이오테크,54460277,0.35,5.67,BUY,
35,바이오,SCLX,NAS0221111006,사일렉스 홀딩,54343677,-0.78,6.35,,
35,바이오,RNXT,US20210811010,레노보 RX,54143929,-3.33,1.16,,
35,바이오,CLNN,US20201231001,클렌,53952315,-2.86,4.08,BUY,
35,바이오,BSEM,NAS2608007002,바이오스템 테크놀로지스,53537061,5.33,3.16,,
35,바이오,RNAZ,US20210427005,트랜스코드 테라퓨틱스,53489793,2.53,3.24,,
35,바이오,TCRX,US20210714017,티스캔 테라퓨틱스,53093788,5.28,0.8249,,암젠 계약 해지
35,바이오,APLM,NAS0230330001,아폴로믹스,51706061,1.91,24.0,,사모 발행 부담
35,바이오,IBO,AMX0240916003,임팩트 바이오메디컬,51462944,-1.55,0.47,,
35,바이오,ATYR,US20150515001,어타이어 파마,50886775,-2.68,0.505,BUY,
35,바이오,SCYX,US20140402001,사이넥시스,50632774,1.96,5.19,,목표가 상향
35,바이오,TIL,US20210318018,인스틸 바이오,49904761,-0.68,7.31,BUY,
35,바이오,MREO,US20190424001,메레오 바이오파마 그룹(ADR),49126495,2.05,0.314,BUY,
35,바이오,CNTX,US20210727002,콘텍스트 테라퓨틱스,48713199,-6.85,0.494,BUY,
35,바이오,MGX,NAS0240209004,메타제노미,46078298,-0.82,1.21,,
35,바이오,VERU,US20170807002,베루,44832836,-1.52,2.59,,
35,바이오,MCRB,US20150625005,세레스 테라퓨틱스,44825582,-3.77,4.34,BUY,
35,바이오,HYPD,US20180125001,하이퍼리온 디파이,44122637,-4.93,2.7,,
35,바이오,SAVA,US20190328003,FILANA THERAPEUTICS INC,42984912,-2.1,0.8713,BUY,
35,바이오,TVGN,US20220103006,테보젠 바이오 홀딩스,42836850,-4.1,6.31,HOLD,
35,바이오,PRPO,US20170630002,프리시피오,42776423,3.51,24.74,,
35,바이오,ALGS,US20201015002,앨리고스 테라퓨틱스,41049265,1.22,6.65,BUY,
35,바이오,KPTI,US20131105002,카료팜 테라퓨틱스,41044740,6.63,1.93,BUY,
35,바이오,CRVO,US20161109017,체르보메드,39452475,-0.77,2.59,BUY,
35,바이오,RADX,NAS0241127003,라디오팜 테라노스틱스(ADR),38596006,1.12,2.7,BUY,FDA와 3상 협의
35,바이오,NXTC,US20190508006,넥스큐어,35283956,-13.88,6.64,BUY,
35,바이오,NNVC,US20130926002,나노바이리사이드스,34535528,-0.74,1.35,BUY,
35,바이오,LTRN,US20200611004,랜턴 파마,33231733,-2.31,2.54,BUY,순손실 확대
35,바이오,ESLA,US20210907004,에스트레야 이뮤노파마,33060066,-3.68,0.7322,,
35,바이오,ATNM,US20140327004,악티늄 파마슈티컬스,33006509,2.86,1.08,BUY,
35,바이오,DYAI,US20190417001,다이아딕 인터내셔널,31255080,-2.67,0.7595,,직접공모 희석 부담
35,바이오,GRML,US20220429003,그린랜드 마인즈,29979072,-5.27,0.1887,,
35,바이오,LITS,NAS0230417002,라이트 스트래티지,29939231,-0.34,0.8771,,
35,바이오,CCEL,US20220830002,크라이오셀 인터내셔널,29825481,6.22,3.93,,
35,바이오,NIKI,NAS0230227001,니키 바이오솔루션스,29795481,-6.78,7.7,,
35,바이오,QNTM,US20200109002,퀀텀 바이오파마,29755613,-9.78,3.32,BUY,
35,바이오,GNTA,US20211214006,제넨타 사이언스(ADR),29718383,-7.94,1.16,,
35,바이오,HBIO,US20001207001,하버드 바이오사이언스,29583710,7.38,6.98,BUY,
35,바이오,BCTX,NAS0230905001,브리아셀 테라퓨틱스,29486026,4.13,3.53,,
35,바이오,BYSI,US20170309001,비욘드스프링,29250550,0.93,0.7181,,
35,바이오,IGC,US20190226002,IGC 파마,28941385,1.57,0.2844,BUY,손실폭 확대
35,바이오,JSPR,US20210927005,재스퍼 테라퓨틱스,28017894,-10.95,0.75,BUY,
35,바이오,BTAI,US20180307001,바이오엑셀 테라퓨틱스,27855987,-11.22,0.7901,,
35,바이오,ATOS,US20121108001,아토사 테라퓨틱스,27836338,-7.17,2.59,BUY,
35,바이오,ENLV,US20190326002,엔라이벡스 테라퓨틱스,27621173,-3.8,1.52,BUY,
35,바이오,KYNB,US20141114001,킨트라 바이오,27568688,2.94,7.01,BUY,
35,바이오,CVM,US19911010001,셀 사이,27257150,2.58,1.59,,계속기업 의문
35,바이오,GRDX,NAS0230118003,GRIDAI TECHNOLOGIES CORP,26704521,-3.8,3.8,,
35,바이오,LGVN,US20210211003,롱에버론,26137681,-2.93,0.796,BUY,톱라인 발표 예정
35,바이오,EVAX,US20210204006,에박시언 바이오테크(ADR),26099339,0.64,3.15,BUY,
35,바이오,TVRD,US20140131001,트바르디 테라퓨틱스,24805174,2.15,1.9,BUY,
35,바이오,CNSY,US20190729001,세리노움,24281651,-4.06,3.07,BUY,
35,바이오,BRNS,US20210428005,베린서스 바이오테라퓨틱스(ADR),24238678,4.47,0.62,,
35,바이오,CLRB,US20140815002,셀렉타 바이오사이언시스,24192266,0.78,2.58,BUY,
35,바이오,ACTU,NAS0240813001,액추에이트 테라퓨틱스,23769020,6.06,1.05,,
35,바이오,TXMD,US20171009002,테라퓨틱스MD,23259536,0,2.01,,
35,바이오,QCLS,US20210419007,Q/C 테크놀로지스,23008566,-3.56,2.71,,
35,바이오,PLRZ,NAS0241029003,폴리라이즌,22877238,-6.1,10.31,,
35,바이오,ABVC,US20210803001,ABVC 바이오파마,22648742,1.91,0.8661,,
35,바이오,CALC,NAS0230614001,칼시메디커,22613922,-3.7,0.638,BUY,
35,바이오,ALLR,NAS0230327001,앨러리티 테라퓨틱스,21315850,-1.49,1.32,,
35,바이오,NEUP,US20211216003,뉴포리아 테라퓨틱스,20803110,3.64,3.99,HOLD,
35,바이오,OSRH,NAS0230317002,오에스알홀딩스,20715635,-29.81,0.4141,,
35,바이오,CELU,US20210719003,셀룰러리티,20142118,5.36,0.7333,,
35,바이오,HOWL,US20210428001,웨어울프 테라퓨틱스,19702743,2.61,0.4161,BUY,
35,바이오,MRKR,NAS0230127003,마커 테라퓨틱스,19336727,0.86,1.17,,
35,바이오,NRSN,US20211209009,뉴로센스 테라퓨틱스,19232417,-9.84,0.3895,BUY,
35,바이오,RKTO,US20190208009,로켓 원,19067504,-1.25,0.7564,,순손실 확대
35,바이오,CYCN,US20190402001,사이클러리언 테라퓨틱스,18861845,2.48,4.13,,
35,바이오,TPST,US20210628006,템페스트 테라퓨틱스,18052906,-5.31,1.07,,
35,바이오,KALA,US20170719003,칼라 바이오,17599341,-1.26,0.8987,HOLD,
35,바이오,NCEL,US20210129007,NEWCELX LTD,17421606,3.99,3.39,BUY,
35,바이오,PLUR,US20220726001,플루리,17259614,1.87,1.63,,배양어기업 인수
35,바이오,MDCX,NAS0241114003,메디커스 파마,16423476,1.27,0.2633,,
35,바이오,DARE,US20170720001,데어 바이오사이언스,15597246,-5.9,0.7624,BUY,직접공모 희석부담
35,바이오,CTXR,US20170803002,시티우스 파마슈티컬스,15425073,1.89,0.5726,BUY,
35,바이오,SKYE,NAS0240411002,스카이 바이오사이언스,14700312,-13.51,0.359,BUY,
35,바이오,AKTX,US20150921001,아카리 테라퓨틱스(ADR),14638201,4.92,7.89,BUY,전임상 성과 부각
35,바이오,PASG,US20200227010,패시지 바이오,14605760,1.32,4.6,HOLD,
35,바이오,BCDA,US20190802001,바이오카디아,14227438,3.87,0.9764,,
35,바이오,CMMB,US20210317003,키모맵 테라퓨틱스(ADR),14066124,-1.04,1.9,,
35,바이오,ADVB,NAS0250306001,어드밴스드 바이오메드,13594172,5.1,8.65,,
35,바이오,INTS,US20221018002,인텐시티 테라퓨틱스,13546375,2.89,4.27,BUY,목표가 상향
35,바이오,ADIL,US20171213001,애디얼 파머슈티컬,13100413,10.22,5.5,BUY,실적 발표 뒤 약세
35,바이오,GTBP,US20210211002,GT 바이오파마,12853481,-3.37,0.2754,,
35,바이오,AEON,US20210412008,이온 바이오파마,12742351,-4.11,0.245,BUY,목표주가 하향
35,바이오,PDSB,US20190318001,PDS 바이오테크놀로지,12339063,-4.9,0.2097,,
35,바이오,PHIO,NAS0230126007,피오 파마슈티컬스,12311674,0,1.06,,
35,바이오,MBRX,US20160602001,멀레큘린 바이오테크,11820263,-0.99,0.601,,MIRACLE 진전
35,바이오,VTGN,US20160511003,비스타젠 테라퓨틱스,11535551,-5.85,0.2448,,
35,바이오,BLRX,US20110725001,바이오라인 RX(ADR),11529854,6.06,2.8,BUY,
35,바이오,TOVX,US20221013006,테리바 바이오로직스,10901786,-5.09,0.2255,BUY,
35,바이오,GDTC,NAS0230414003,사이토메드 테라퓨틱스,10715909,3.73,0.9396,,
35,바이오,LNAI,US20181210001,루나이 바이오웍스,10199090,-4.0,2.16,,
35,바이오,MTVA,US20191231025,메타비아,9748322,0,1.48,BUY,
35,바이오,LSTA,US20220915004,러사타 테라퓨틱스,9729749,6.48,1.15,HOLD,
35,바이오,LIMN,NAS0250501002,리미나투스 파마,9494461,-8.06,0.13,,상장유지 부담
35,바이오,XCUR,US20190731009,엑시큐어,9031558,3.62,1.43,,
35,바이오,IMNN,US20220921002,이뮨온,8976341,-1.88,1.57,BUY,
35,바이오,IMRN,US20170612004,이뮤론(ADR),8715050,6.48,1.15,,
35,바이오,ACXP,US20210614002,아크룩스 파머슈티컬스,8693526,-12.73,1.44,,
35,바이오,APRE,NAS0230213001,아프레아 테라퓨틱스,8686042,-2.59,0.6721,BUY,
35,바이오,TRAW,US20130725002,트로스 파머,8297110,0,0.54,HOLD,순손실 확대
35,바이오,SNGX,NAS0230210008,솔리제닉스,8295242,1.02,0.3851,,
35,바이오,AZTR,AMX0230518002,아지트라,8197947,-7.61,0.125,,
35,바이오,CNSP,NAS0221129001,CNS 파머슈티컬스,7890152,8.52,5.86,BUY,
35,바이오,KAPA,AMX0240913002,카이로스 파마,7688267,-4.41,0.3102,BUY,
35,바이오,CANF,AMX0230109001,CAN FITE 바이오파머(ADR),7668692,-3.63,3.45,BUY,
35,바이오,XBIO,US20161107002,제네틱 바이오사이언시스,7637150,-0.31,3.25,,
35,바이오,ALZN,US20210615001,알자멘드 뉴로,7569005,-2.53,1.54,BUY,
35,바이오,AIM,US20190903003,AIM 이뮤노테크,7395871,-3.74,0.2339,BUY,
35,바이오,ENSC,NAS0230331002,엔시스 바이오사이언시스,7325875,7.67,0.4055,,
35,바이오,CELZ,US20211203005,크리에이티브 메디컬 테크놀로지 홀딩스,7250275,-1.82,1.08,,
35,바이오,FBLG,NAS0240131002,파이브로바이오로직스,6789917,11.76,1.14,BUY,
35,바이오,NCNA,US20170927002,누카나(ADR),6678393,-1.94,1.52,,
35,바이오,CURX,NAS0250826004,커라넥스 파마슈티컬스,6669881,4.51,0.2223,,
35,바이오,ERNA,US20221017001,어넥사 테라퓨틱스,6626184,5.17,4.27,BUY,
35,바이오,ENVB,US20201231006,엔버릭 바이오사이언시스,6622903,-8.78,1.35,,
35,바이오,APUS,AMX0250304001,아피메즈 파머슈티컬스 US,6457655,-6.54,4.0,,
35,바이오,CVKD,NAS0230120003,커드리널 테라퓨틱스,6277630,-6.25,1.65,BUY,
35,바이오,BOLT,US20210204004,볼트 바이오테라퓨틱스,6162997,-0.94,3.17,BUY,
35,바이오,XTLB,US20050901001,XTL 바이오파머슈티컬스(ADR),6149279,17.31,3.05,,
35,바이오,BGMS,US20060328001,바이오 그린 메드 솔루션,6019505,4.41,0.9492,,
35,바이오,PMCB,US20210810004,파마사이트 바이오테크,5819635,-2.1,0.5308,,
35,바이오,ADXN,US20200129001,애딕스 테라퓨틱스(ADR),5666445,-0.53,5.67,,
35,바이오,BRTX,US20211105003,바이오리스토러티브 테라피스,5604008,-0.64,0.2186,,바이오화장품 중단
35,바이오,ISPC,US20210616002,아이스페시맨,5413821,8.84,2.34,,
35,바이오,BCAB,US20201215001,바이오아틀라,5097185,3.92,3.18,,
35,바이오,APVO,US20160801002,앱티보 테라퓨틱스,5062462,0.36,2.82,,
35,바이오,TCRT,US20050824001,알라우누스 테라퓨틱스,4851288,-1.57,1.88,,
35,바이오,INM,US20201112010,인메드 파마슈티컬스,4837506,-1.37,1.44,,
35,바이오,GOVX,US20200925004,지오박스 랩스,4825830,-1.82,0.6431,BUY,
35,바이오,REVB,NAS0230201004,레벨레이션 바이오사이언시스,4579956,-3.48,1.11,,
35,바이오,MBIO,NAS0230404002,머스탱 바이오,4502357,-3.03,0.5763,,
35,바이오,CRIS,US20000801001,큐리스,4364214,-6.67,1.68,BUY,매수의견 재확인
35,바이오,JAGX,NAS0230123003,재규어 헬스,4314837,11.1,0.9765,,분기보고서 지연
35,바이오,GLMD,US20140313001,갈메드 파마슈티컬스,4277008,9.74,0.5634,,
35,바이오,JUNS,NAS0241203001,주피터 뉴로사이언시스,3988174,-3.67,4.99,,
35,바이오,PHGE,US20191029007,바이옴X,3837049,-5.88,0.136,HOLD,
35,바이오,IVF,US20201113002,인보 퍼틸러티,3834849,-7.84,1.41,,
35,바이오,SPRC,US20211222005,사이스파크,3805527,-1.96,6.51,,뉴로테라 지분확대
35,바이오,SXTP,NAS0230615005,60 디그리스 파머슈티컬스,3797541,2.78,1.11,BUY,
35,바이오,GRI,NAS0230424001,GRI 바이오,3781177,-1.16,1.71,,
35,바이오,XRTX,US20211013007,졸트엑스 테라퓨틱스,3741330,-0.97,2.04,,재무상태표 개선
35,바이오,GNPX,US20180329001,젠프렉스,3667420,-9.17,4.06,,
35,바이오,RDHL,US20121227001,레드힐 바이오파마(ADR),3556583,1.35,0.5929,,
35,바이오,CLDI,AMX0221202001,칼리디 바이오테라퓨틱스,3513744,-6.62,1.27,,
35,바이오,ARTL,US20190621003,아르텔로 바이오사이언시스,3312341,0.54,0.7249,,
35,바이오,MTNB,US20170302001,마티나스 바이오파마 홀딩스,3264046,-8.33,0.2037,,
35,바이오,PPBT,US20201222004,퍼플 바이오테크(ADR),2479391,1.96,1.56,,
35,바이오,OGEN,AMX0230123004,오라제닉스,2413385,2.06,0.546,,
35,바이오,SLXN,US20210407005,사일렉시온 테라퓨틱스,2345930,-5.21,0.4,,
35,바이오,BBLG,US20211013010,본 바이오로직스,1818612,-3.68,0.6357,,
35,바이오,SCNI,NAS0221125001,사이나이 이뮤노테라퓨틱스(ADR),1179402,1.67,0.232,,
459,카드,V,US20080319001,비자,669829215479,1.51,364.25,BUY,
459,카드,MA,US20060525001,마스터카드,492440937046,2.14,574.31,BUY,호주 결제 장애
459,카드,AXP,US19770518001,아메리칸 익스프레스,226997788811,0.69,338.52,BUY,순상각률 상승
459,카드,COF,US19941115001,캐피탈 원 파이낸셜,138485703930,0.01,221.47,BUY,
459,카드,SHG,US20030916001,신한 파이낸셜 그룹(ADR),35633106812,-1.4,74.86,,
459,카드,SYF,US20140731002,싱크로니 파이낸셜,27755442368,-0.21,80.58,BUY,
459,카드,FLT,US20101215001,코페이,26758492164,-0.2,406.82,BUY,
459,카드,GPGI,US20211228001,GPGI INC,3822839628,-5.08,12.52,HOLD,
459,카드,ATLC,US19990423001,애틀랜티쿠스 홀딩스,1586621195,-2.83,97.31,BUY,
459,카드,PMTS,US20210805007,CPI 카드 그룹,330860048,-3.55,27.68,,
257,가스판매,LIN,US20181031005,린데,219258710320,0.91,478.63,BUY,
257,가스판매,E,US19951128001,애니 SpA(ADR),82330315200,-0.18,55.93,HOLD,
257,가스판매,KMI,US20110211002,킨더 모건,71977250264,1.67,32.87,BUY,
257,가스판매,TRP,US19850530001,TC 에너지,65923782238,1.17,64.02,HOLD,
257,가스판매,D,US19830520001,도미니언 에너지,60472177650,-0.23,68.61,HOLD,목표주가 하향
257,가스판매,MPLX,US20121026002,MPLX,59886047883,0.47,59.36,,
257,가스판매,TRGP,US20101207001,타르가 리소시스,59586323941,7.13,297.77,BUY,엑손 20년 계약
257,가스판매,SRE,US19980629001,셈프라,56184283202,1.44,87.18,BUY,
257,가스판매,LNG,US19940404002,셰니어 에너지,55118476073,2.57,273.78,BUY,
257,가스판매,ATO,US19831228001,애트모스 에너지,28705068844,0.36,170.51,HOLD,
257,가스판매,NI,US19880304001,나이소스,20314654138,-0.59,42.12,BUY,
257,가스판매,WTRG,US20200203011,에센셜 유틸리티스,11291994247,1.38,40.35,HOLD,
257,가스판매,SWX,US19790719001,사우스웨스트 가스 홀딩스,6610007031,0.49,91.71,BUY,
257,가스판매,CIG,US19950517001,이네르제치카 지 미나스 제라이스 우선주(ADR),6389212266,-1.04,1.9,SELL,
257,가스판매,CIG.C,US20090914001,이네르제치카 지 미나스 제라이스(ADR),6389212266,0.35,2.86,,
257,가스판매,AROC,US20151104004,아크록,6068921176,-1.44,34.12,BUY,목표주가 하향
257,가스판매,NJR,US19820721001,뉴저지 리소시스,5576510609,1.0,55.52,BUY,
257,가스판매,OGS,US20140204005,원 가스,5026178778,1.34,81.05,BUY,
257,가스판매,BIPC,US20200331002,브룩필드 인프라스트럭처,4857682776,-1.27,39.0,SELL,
257,가스판매,NWE,US20201001011,노스웨스턴 에너지 그룹,4355770586,-0.25,70.64,BUY,
257,가스판매,MDU,US19480920001,MDU 리소시스 그룹,4325971078,-0.63,20.44,BUY,
257,가스판매,EE,US20220412002,엑셀러레이트 에너지,4090680604,3.24,37.25,BUY,
257,가스판매,MGEE,US19900326032,MGE 에너지,3060989473,0.3,81.27,HOLD,
257,가스판매,NOG,US20220217010,노던 오일 앤 가스,2719622598,-0.55,25.39,BUY,
257,가스판매,NWN,US19900326066,노스웨스트 내추럴 홀딩,2122327125,1.17,51.02,BUY,
257,가스판매,CEPU,US20180201001,센트랄 푸에르토(ADR),1975380197,-2.15,12.77,BUY,
257,가스판매,GNE,US20111026001,지니 에너지,385500739,0.89,14.78,HOLD,
257,가스판매,RGCO,US19940201001,RGC 리소시스,221681149,1.69,21.64,,
257,가스판매,SLNG,US20210429005,스태빌리스 솔루션즈,108951223,1.37,5.94,BUY,
255,가스에너지,XOM,US19200325001,엑슨 모빌,663768566797,2.54,165.56,BUY,유가 상승 수혜
255,가스에너지,CVX,US19210624001,셰브론,400403939945,1.5,205.74,BUY,유가 강세 수혜
255,가스에너지,SHEL,US20220201008,쉘(ADR),254131885714,0.43,92.01,BUY,
255,가스에너지,LIN,US20181031005,린데,219258710320,0.91,478.63,BUY,
255,가스에너지,COP,US19720630003,코노코필립스,153210123813,1.69,129.72,BUY,목표가 하향
255,가스에너지,ENB,US20011030001,엔브리지,110446020649,1.6,51.39,HOLD,
255,가스에너지,SO,US19491004001,서던,107864027817,-0.24,92.07,HOLD,
255,가스에너지,EQNR,US20180517004,에퀴노르(ADR),104539169127,0.05,41.84,HOLD,미국 전력입지 강화
255,가스에너지,CNQ,US20000731001,캐나디안 내추럴 리소시스,101592596961,0.65,49.59,HOLD,
255,가스에너지,DUK,US19640616001,듀크 에너지,99071241023,0.33,123.99,BUY,
255,가스에너지,CEG,US20220202001,컨스털레이션 에너지,98547417915,-3.93,266.86,BUY,
255,가스에너지,PSX,US20120412003,필립스 66,95964134153,1.76,243.49,BUY,
255,가스에너지,WMB,US19870602001,윌리엄스 컴퍼니스,89822605810,2.29,75.13,BUY,
255,가스에너지,E,US19951128001,애니 SpA(ADR),82330315200,-0.18,55.93,HOLD,
255,가스에너지,NGG,US19991007002,내셔널 그리드(ADR),81708396099,1.06,82.15,BUY,
255,가스에너지,SLB,US19620202001,슐럼버거,79911296478,-1.21,53.21,BUY,해상복구계약 수주
255,가스에너지,EOG,US19891004001,EOG 리소시스,76643688378,1.74,148.7,BUY,유가 강세 수혜
255,가스에너지,KMI,US20110211002,킨더 모건,71977250264,1.67,32.87,BUY,
255,가스에너지,TRP,US19850530001,TC 에너지,65923782238,1.17,64.02,HOLD,
255,가스에너지,D,US19830520001,도미니언 에너지,60472177650,-0.23,68.61,HOLD,목표주가 하향
255,가스에너지,OKE,US19540524001,원오크,60074099199,1.84,97.07,BUY,원오크 목표가 상향
255,가스에너지,MPLX,US20121026002,MPLX,59886047883,0.47,59.36,,
255,가스에너지,TRGP,US20101207001,타르가 리소시스,59586323941,7.13,297.77,BUY,엑손 20년 계약
255,가스에너지,OXY,US19860522001,옥시덴탈 페트롤리움,59006079376,1.29,59.8,BUY,목표가 상향
255,가스에너지,SRE,US19980629001,셈프라,56184283202,1.44,87.18,BUY,
255,가스에너지,LNG,US19940404002,셰니어 에너지,55118476073,2.57,273.78,BUY,
255,가스에너지,DVN,US19880930001,데번 에너지,52315907504,0.55,47.83,BUY,
255,가스에너지,PCG,US19470606001,PG&E,39712920559,1.83,17.82,BUY,
255,가스에너지,EC,US20080918002,에코페트롤(ADR),36318899102,0.06,17.68,HOLD,
255,가스에너지,VG,NYS0250124001,벤처 글로벌,34368989474,3.27,14.2,BUY,
255,가스에너지,EQT,US19500605001,EQT,33151574060,0.25,53.14,BUY,
255,가스에너지,HAL,US19480915001,할리버턴,28928483965,-0.2,34.66,BUY,
255,가스에너지,FTS,US20161014002,포르티스,28829083394,0.05,56.47,HOLD,
255,가스에너지,ATO,US19831228001,애트모스 에너지,28705068844,0.36,170.51,HOLD,
255,가스에너지,PBA,US19990927001,펨비나 파이프라인,28292467473,1.44,49.36,,
255,가스에너지,NI,US19880304001,나이소스,20314654138,-0.59,42.12,BUY,
255,가스에너지,WES,US20080512001,웨스턴 미드스트림 파트너스,20071897647,2.49,49.8,,
255,가스에너지,DTM,US20210701013,DT 미드스트림,13768986503,0.53,135.71,BUY,
255,가스에너지,WTRG,US20200203011,에센셜 유틸리티스,11291994247,1.38,40.35,HOLD,
255,가스에너지,RRC,US19921228001,레인지 리소시스,9195675958,1.27,39.86,HOLD,
255,가스에너지,KNTK,US20221024004,키네틱 홀딩스,8601022586,2.94,54.54,BUY,투자의견 하향
255,가스에너지,NFG,US19550725001,내셔널 퓨얼 가스,7774941486,1.89,83.37,BUY,
255,가스에너지,KGS,NYS0230628002,코디악 가스 서비시스,6683581416,-4.9,62.88,BUY,
255,가스에너지,SWX,US19790719001,사우스웨스트 가스 홀딩스,6610007031,0.49,91.71,BUY,
255,가스에너지,RIG,US19930604001,트랜스오션,6554696312,-0.85,5.82,BUY,
255,가스에너지,CIG,US19950517001,이네르제치카 지 미나스 제라이스 우선주(ADR),6389212266,-1.04,1.9,SELL,
255,가스에너지,CIG.C,US20090914001,이네르제치카 지 미나스 제라이스(ADR),6389212266,0.35,2.86,,
255,가스에너지,AROC,US20151104004,아크록,6068921176,-1.44,34.12,BUY,목표주가 하향
255,가스에너지,BKH,US19800709001,블랙 힐스,5595031708,-0.33,73.15,BUY,
255,가스에너지,NJR,US19820721001,뉴저지 리소시스,5576510609,1.0,55.52,BUY,
255,가스에너지,GLNG,US20020418001,골라 LNG,5356051361,-0.48,52.22,BUY,
255,가스에너지,CNX,US19990430001,CNX 리소시스,5227219809,0.08,35.37,HOLD,
255,가스에너지,OGS,US20140204005,원 가스,5026178778,1.34,81.05,BUY,
255,가스에너지,SR,US20160429002,스파이어,4863361713,1.02,83.13,BUY,
255,가스에너지,BIPC,US20200331002,브룩필드 인프라스트럭처,4857682776,-1.27,39.0,SELL,
255,가스에너지,NWE,US20201001011,노스웨스턴 에너지 그룹,4355770586,-0.25,70.64,BUY,
255,가스에너지,PAM,US19900918001,팜파 에네르히아(ADR),4342317950,-1.08,79.0,BUY,
255,가스에너지,MDU,US19480920001,MDU 리소시스 그룹,4325971078,-0.63,20.44,BUY,
255,가스에너지,EE,US20220412002,엑셀러레이트 에너지,4090680604,3.24,37.25,BUY,
255,가스에너지,CRK,US19950322001,컴스톡 리소시스,3977715033,0.81,13.66,HOLD,
255,가스에너지,WBI,NYS0250917003,워터브리지 인프라스트럭처,3922606615,0.5,31.94,BUY,비중확대 재개
255,가스에너지,CPK,US19930104001,체사피크 유틸리티스,3242835944,1.49,136.56,BUY,
255,가스에너지,BSM,US20150501002,블랙 스톤 미네랄스,3096409385,0.21,14.59,,
255,가스에너지,MGEE,US19900326032,MGE 에너지,3060989473,0.3,81.27,HOLD,
255,가스에너지,GPOR,US20210518008,걸프포트 에너지,2998547894,0.81,170.98,BUY,
255,가스에너지,BKV,NYS0240926001,반푸 칼닌 벤처스,2883075525,1.14,26.65,BUY,
255,가스에너지,EFXT,US20221013002,에너플렉스,2744290940,-3.43,21.71,,
255,가스에너지,NOG,US20220217010,노던 오일 앤 가스,2719622598,-0.55,25.39,BUY,
255,가스에너지,CSAN,US20210311012,코장(ADR),2468416713,-4.76,2.4,HOLD,ADS 상장폐지
255,가스에너지,NWN,US19900326066,노스웨스트 내추럴 홀딩,2122327125,1.17,51.02,BUY,
255,가스에너지,FLOC,NYS0250116001,플로우코 홀딩스,2114720684,-2.09,22.92,BUY,
255,가스에너지,CEPU,US20180201001,센트랄 푸에르토(ADR),1975380197,-2.15,12.77,BUY,
255,가스에너지,TGS,US19941117001,트란스포르타도라 데 가스 델 수르(ADR),1966820488,-2.19,27.68,BUY,
255,가스에너지,NEXT,US20170725004,넥스트디케이드,1849596590,-0.58,6.91,BUY,
255,가스에너지,KRP,US20170203002,킴벨 로열티 파트너스,1716748741,-0.4,14.91,,
255,가스에너지,AESI,NYS0230308001,아틀라스 에너지 솔루션즈,1602204527,-1.33,12.65,BUY,
255,가스에너지,HLX,US19970701002,헬릭스 에너지 솔루션즈 그룹,1553081692,-1.52,10.38,,
255,가스에너지,TBN,NYS0240627003,탐보란 리소시스,1301611008,-0.05,37.33,,
255,가스에너지,DEC,NYS0231218001,다이버시파이드 에너지,1018158132,0.07,14.4,BUY,
255,가스에너지,UTL,US19920317028,유니틸,985665606,-0.26,53.92,HOLD,
255,가스에너지,SMC,NYS0240801005,서밋 미드스트림,705353317,-0.14,34.69,BUY,
255,가스에너지,GRNT,US20221025001,그래닛 리지 리소시스,693648199,-0.76,5.22,BUY,
255,가스에너지,WHK,NYS2606005003,화이트호크 미네랄스,621643302,0.31,26.21,BUY,배당 개시
255,가스에너지,NUAI,US20220105004,뉴 에라 에너지 & 디지털,581690655,-6.04,5.13,BUY,
255,가스에너지,SD,US20161004001,샌드리지 에너지,530805692,0.21,14.35,HOLD,
255,가스에너지,NGS,US20021021002,내추럴 가스 서비시스 그룹,493383772,-1.75,37.59,BUY,
255,가스에너지,NPWR,US20210806006,넷 파워,388922848,-4.62,1.65,,현금여력 부각
255,가스에너지,GNE,US20111026001,지니 에너지,385500739,0.89,14.78,HOLD,
255,가스에너지,OPAL,US20220722003,오펄 퓨얼스,384382977,0.45,2.21,BUY,
255,가스에너지,PNRG,US19950818014,프라임에너지 리소시스,333224906,1.08,212.87,SELL,
255,가스에너지,GTE,US20051114001,그랜 티에라 에너지,331798073,1.28,9.5,HOLD,
255,가스에너지,MNTK,US20210122011,몬탁 리뉴어블스,266121504,-1.6,1.84,HOLD,
255,가스에너지,RGCO,US19940201001,RGC 리소시스,221681149,1.69,21.64,,
255,가스에너지,KGEI,NAS0231011006,콜리브리 글로벌 에너지,215939770,0.99,6.1,,
255,가스에너지,AMPY,US20190807002,앰플리파이 에너지,199777730,0,4.82,,
255,가스에너지,OMSE,NAS0250509004,OMS ENERGY TECHNOLOGIES INC,188007895,-0.23,4.42,BUY,
255,가스에너지,EPSN,US20190219001,엡실론 에너지,171067079,0.53,5.68,,
255,가스에너지,EPM,US19960411001,에볼루션 페트롤리엄,137004761,0.26,3.83,BUY,보통주 공모 부담
255,가스에너지,SLNG,US20210429005,스태빌리스 솔루션즈,108951223,1.37,5.94,BUY,
255,가스에너지,BATL,US20200220001,바탈리언 오일,81323417,0.7,1.43,,
255,가스에너지,NRT,US19960329002,노스 유러피언 오일 로열티 트러스트,80216842,1.03,8.82,,
255,가스에너지,PROP,NAS0231228002,프레리 오퍼레이팅,80069609,-13.04,0.6174,BUY,가이던스 하향
255,가스에너지,BSIN,US19900326054,빅 스카이 인더스트리얼,74524866,-2.11,1.39,BUY,
255,가스에너지,PVL,US20180914005,퍼미언빌 로열티 트러스트,58067687,1.7,1.79,,
255,가스에너지,GLND,NAS2603026002,그린란드 에너지 컴퍼니,55962782,1.56,1.3,,
255,가스에너지,VOC,US20110505004,VOC 에너지 트러스트,55068323,1.23,3.28,,
255,가스에너지,INDO,US20191219003,인도네시아 에너지,46612241,-2.64,2.95,,
255,가스에너지,PRT,US20180501005,펌록 로열티 트러스트,26698121,0,2.19,,
255,가스에너지,EONR,US20220404005,EON 리소시스,24978875,-2.46,0.4877,,
255,가스에너지,MXC,US19970305001,멕스코 에너지,18430552,1.11,9.11,,
255,가스에너지,BRN,US19840907022,반웰 인더스트리스,13854000,0.02,0.9602,,
255,가스에너지,TPET,AMX0230418002,트리오 페트롤리엄,11051294,1.84,0.2543,,상장유지 역분할
255,가스에너지,MTR,US19791015001,메사 로열티 트러스트,5142231,0,2.75,,
549,원유개발,XOM,US19200325001,엑슨 모빌,663768566797,2.54,165.56,BUY,유가 상승 수혜
549,원유개발,CVX,US19210624001,셰브론,400403939945,1.5,205.74,BUY,유가 강세 수혜
549,원유개발,SHEL,US20220201008,쉘(ADR),254131885714,0.43,92.01,BUY,
549,원유개발,TTE,US20210611013,토탈에너지스,202180366437,0.74,89.29,BUY,
549,원유개발,COP,US19720630003,코노코필립스,153210123813,1.69,129.72,BUY,목표가 하향
549,원유개발,EQNR,US20180517004,에퀴노르(ADR),104539169127,0.05,41.84,HOLD,미국 전력입지 강화
549,원유개발,CNQ,US20000731001,캐나디안 내추럴 리소시스,101592596961,0.65,49.59,HOLD,
549,원유개발,MPC,US20110623001,마라톤 페트롤리움,100564491010,2.24,366.21,BUY,
549,원유개발,E,US19951128001,애니 SpA(ADR),82330315200,-0.18,55.93,HOLD,
549,원유개발,SLB,US19620202001,슐럼버거,79911296478,-1.21,53.21,BUY,해상복구계약 수주
549,원유개발,SU,US19970418001,선코어 에너지,77950982057,1.53,67.68,BUY,
549,원유개발,EOG,US19891004001,EOG 리소시스,76643688378,1.74,148.7,BUY,유가 강세 수혜
549,원유개발,IMO,US19860716001,임페리얼 오일,65213158310,0.61,135.7,SELL,
549,원유개발,BKR,US20211207002,베이커 휴즈,64410890223,-0.71,64.44,BUY,
549,원유개발,CVE,US20091209001,세노버스 에너지,59409237202,1.21,32.52,BUY,
549,원유개발,FANG,US20121012001,다이아몬드백 에너지,57753978254,1.81,210.02,BUY,
549,원유개발,WDS,US20220602002,우드사이드 에너지 그룹(ADR),44875459471,-0.64,23.46,HOLD,
549,원유개발,EC,US20080918002,에코페트롤(ADR),36318899102,0.06,17.68,HOLD,
549,원유개발,FTI,US20010614001,테크닙 FMC,31292004989,-1.84,78.29,BUY,
549,원유개발,HAL,US19480915001,할리버턴,28928483965,-0.2,34.66,BUY,
549,원유개발,EXE,US20210210006,익스팬드 에너지,21797247677,1.39,95.48,BUY,목표주가 하향
549,원유개발,PR,US20161012001,퍼미언 리소시스,18573076869,0.77,22.35,BUY,목표가 상향
549,원유개발,OVV,US20200127001,오빈티브,17665083419,1.83,65.02,BUY,
549,원유개발,VNOM,US20161109014,바이퍼 에너지,15460062160,1.18,43.56,BUY,
549,원유개발,APA,US20200609001,APA,14564527682,1.9,42.37,HOLD,
549,원유개발,AR,US20131010002,앤테로 리소시스,11188407331,1.76,37.04,BUY,
549,원유개발,KNTK,US20221024004,키네틱 홀딩스,8601022586,2.94,54.54,BUY,투자의견 하향
549,원유개발,SM,US19921221001,SM 에너지,8437273385,0.03,35.49,BUY,
549,원유개발,VIST,US20190725004,비스타 에너지(ADR),7984066873,-3.35,69.74,BUY,피터 틸 지분매입
549,원유개발,CHRD,US20201120003,코드 에너지,7813575245,0.74,143.94,BUY,UBS 목표가 상향
549,원유개발,NOV,US19961029001,노브,7698295237,-2.82,20.99,HOLD,
549,원유개발,NE,US20210609010,노블,7211106444,0.15,45.25,BUY,
549,원유개발,MTDR,US20120202002,마타도어 리소시스,6921343316,2.32,57.24,BUY,
549,원유개발,KGS,NYS0230628002,코디악 가스 서비시스,6683581416,-4.9,62.88,BUY,
549,원유개발,WFRD,US20210602003,웨더포드 인터내셔널,6671066573,-1.16,92.0,BUY,
549,원유개발,RIG,US19930604001,트랜스오션,6554696312,-0.85,5.82,BUY,
549,원유개발,MGY,US20180801012,매그놀리아 오일 앤 가스,6347042822,0.41,26.9,BUY,
549,원유개발,VAL,US20210503017,발라리스,6045188318,-0.82,86.37,HOLD,
549,원유개발,OII,US19751030001,오셔니어링 인터내셔널,5384407439,-1.87,53.1,HOLD,목표가 상향
549,원유개발,SEI,US20170509002,솔라리스 에너지 인프라스트럭처,5050014129,-6.11,61.94,BUY,
549,원유개발,CRC,US20201028012,캘리포니아 리소시스,4753520987,-0.73,53.14,BUY,
549,원유개발,PTEN,US19931102001,패터슨 UTI 에너지,4657628683,-0.74,12.12,BUY,
549,원유개발,HP,US19630320001,헬머리치 앤 페인,4468322205,-0.63,44.19,HOLD,
549,원유개발,PAM,US19900918001,팜파 에네르히아(ADR),4342317950,-1.08,79.0,BUY,
549,원유개발,CRGY,US20211208002,크레센트 에너지,4191934089,2.05,12.95,BUY,
549,원유개발,NESR,US20170605001,내셔널 에너지 서비스 리유나이티드,3607710818,-1.45,35.26,BUY,
549,원유개발,ARLP,US20161108001,얼라이언스 리소스 파트너스,3335415504,-0.89,25.7,,
549,원유개발,BTE,NYS0230223001,베이텍스 에너지,3178637699,2.86,4.68,BUY,
549,원유개발,GPOR,US20210518008,걸프포트 에너지,2998547894,0.81,170.98,BUY,
549,원유개발,WTTR,US20170419002,셀렉트 워터 솔루션즈,2951785495,-1.08,21.09,BUY,장기 계약 확대
549,원유개발,SDRL,US20221014005,시드릴,2932571886,-0.87,46.49,BUY,
549,원유개발,TALO,US20180510003,탈로스 에너지,2739311472,-0.3,16.36,BUY,
549,원유개발,NOG,US20220217010,노던 오일 앤 가스,2719622598,-0.55,25.39,BUY,
549,원유개발,INVX,US19971023001,이노벡스 인터내셔널,2152867642,-2.08,30.15,BUY,
549,원유개발,FLOC,NYS0250116001,플로우코 홀딩스,2114720684,-2.09,22.92,BUY,
549,원유개발,XPRO,US20211004017,엑스프로 그룹 홀딩스,2085881429,-1.08,18.37,HOLD,
549,원유개발,VET,US20090908002,버밀리언 에너지,1814879192,2.95,12.23,BUY,
549,원유개발,KRP,US20170203002,킴벨 로열티 파트너스,1716748741,-0.4,14.91,,
549,원유개발,AESI,NYS0230308001,아틀라스 에너지 솔루션즈,1602204527,-1.33,12.65,BUY,
549,원유개발,PUMP,US20170316002,프로페트로 홀딩,1570584888,-3.21,12.38,BUY,
549,원유개발,HLX,US19970701002,헬릭스 에너지 솔루션즈 그룹,1553081692,-1.52,10.38,,
549,원유개발,KOS,US20110511001,코스모스 에너지,1547939684,5.38,2.74,BUY,
549,원유개발,RES,US19840611001,RPC,1455977859,-3.81,6.32,HOLD,
549,원유개발,NBR,US19910228001,네이버스 인더스트리스,1431008839,-2.95,93.86,HOLD,
549,원유개발,BORR,US20190731008,보르 드릴링,1384361313,-1.56,4.43,BUY,
549,원유개발,VTOL,US20200612004,브리스토우 그룹,1367688310,-0.56,45.89,,
549,원유개발,BH,US19951213001,비글래리 홀딩스 B,1249591885,-2.04,383.3,,
549,원유개발,BH.A,US20180501003,비글래리 홀딩스 A,1249591885,-0.59,1962.51,,
549,원유개발,TTI,US19900410001,테트라 테크놀로지스,1246508502,-5.23,7.98,,
549,원유개발,NPKI,US19910919001,NPK 인터내셔널,1215651928,-2.16,14.01,BUY,
549,원유개발,PDS,US20051107001,프리시전 드릴링,1129224214,-0.33,88.32,,
549,원유개발,SBR,US19821217001,사빈 로열티 트러스트,1059547932,-0.34,72.44,,
549,원유개발,DEC,NYS0231218001,다이버시파이드 에너지,1018158132,0.07,14.4,BUY,
549,원유개발,HPK,US20200824001,하이피크 에너지,996236864,-0.38,7.85,BUY,
549,원유개발,FET,US20120412001,포럼 에너지 테크놀로지스,970461954,-4.4,82.51,,
549,원유개발,REPX,US20210301021,라일리 익스플로레이션 퍼미언,821731193,1.64,37.71,BUY,
549,원유개발,GFR,NYS0230921001,그린파이어 리소시스,808842513,-0.93,6.39,BUY,
549,원유개발,OBE,US20220131013,업시디언 에너지,772272595,0.35,11.61,BUY,
549,원유개발,SOC,US20210419016,세이블 오프쇼어,771152172,-0.75,3.99,BUY,목표가 하향
549,원유개발,VTS,NYS0230117001,비테스 에너지,700046361,-1.08,16.45,BUY,
549,원유개발,GRNT,US20221025001,그래닛 리지 리소시스,693648199,-0.76,5.22,BUY,
549,원유개발,GPRK,US20140207001,지오파크,622218342,-2.29,9.37,BUY,
549,원유개발,EGY,US19920731001,발코 에너지,615241451,-0.34,5.83,BUY,
549,원유개발,NUAI,US20220105004,뉴 에라 에너지 & 디지털,581690655,-6.04,5.13,BUY,
549,원유개발,CLB,NYS0230502001,코어 래브러토리스,578940167,-0.79,12.52,,
549,원유개발,WTI,US20050128002,W&T 오프쇼어,565916079,2.13,3.83,BUY,
549,원유개발,OIS,US20010208001,오일 스테이츠 인터내셔널,552438057,-2.07,8.97,,
549,원유개발,SD,US20161004001,샌드리지 에너지,530805692,0.21,14.35,HOLD,
549,원유개발,RNGR,US20170810003,레인저 에너지 서비시스,412958146,-0.57,17.55,,
549,원유개발,REI,US20130904002,링 에너지,364678127,2.86,1.44,BUY,
549,원유개발,PNRG,US19950818014,프라임에너지 리소시스,333224906,1.08,212.87,SELL,
549,원유개발,GTE,US20051114001,그랜 티에라 에너지,331798073,1.28,9.5,HOLD,
549,원유개발,KGEI,NAS0231011006,콜리브리 글로벌 에너지,215939770,0.99,6.1,,
549,원유개발,SND,US20161104003,스마트 샌드,208135259,1.43,4.98,,
549,원유개발,AMPY,US20190807002,앰플리파이 에너지,199777730,0,4.82,,
549,원유개발,EPSN,US20190219001,엡실론 에너지,171067079,0.53,5.68,,
549,원유개발,PED,US20130911001,페데브코,166499699,-3.27,12.12,,
549,원유개발,TUSK,US20161014001,매머드 에너지 서비시스,158787363,-6.36,3.09,,
549,원유개발,EPM,US19960411001,에볼루션 페트롤리엄,137004761,0.26,3.83,BUY,보통주 공모 부담
549,원유개발,NCSM,US20170424001,NCS 멀티스테이지 홀딩스,134189653,-1.47,50.39,,
549,원유개발,SJT,US19801024002,산 후안 베이슨 로열티 트러스트,130476964,0,2.8,,
549,원유개발,EP,US20220308002,엠파이어 페트롤리엄,114729135,3.62,2.86,,
549,원유개발,DTI,US20211229006,드릴링 툴스 인터내셔널,90656094,-2.72,2.5,,
549,원유개발,BATL,US20200220001,바탈리언 오일,81323417,0.7,1.43,,
549,원유개발,NRT,US19960329002,노스 유러피언 오일 로열티 트러스트,80216842,1.03,8.82,,
549,원유개발,PROP,NAS0231228002,프레리 오퍼레이팅,80069609,-13.04,0.6174,BUY,가이던스 하향
549,원유개발,GEOS,US19971121001,지오스페이스 테크놀로지스,74622606,2.95,5.94,,
549,원유개발,BSIN,US19900326054,빅 스카이 인더스트리얼,74524866,-2.11,1.39,BUY,
549,원유개발,CRT,US19920227001,크로스 팀버스 로열티 트러스트,63406555,0.09,10.58,,
549,원유개발,PVL,US20180914005,퍼미언빌 로열티 트러스트,58067687,1.7,1.79,,
549,원유개발,VOC,US20110505004,VOC 에너지 트러스트,55068323,1.23,3.28,,
549,원유개발,INDO,US20191219003,인도네시아 에너지,46612241,-2.64,2.95,,
549,원유개발,MIND,US19941219001,마인드 테크놀로지,44708671,-4.47,4.7,,
549,원유개발,AGIG,US20020118001,아번디아 글로벌 임팩트 그룹,40918672,-0.76,0.92,BUY,
549,원유개발,PRT,US20180501005,펌록 로열티 트러스트,26698121,0,2.19,,
549,원유개발,EONR,US20220404005,EON 리소시스,24978875,-2.46,0.4877,,
549,원유개발,MXC,US19970305001,멕스코 에너지,18430552,1.11,9.11,,
549,원유개발,BRN,US19840907022,반웰 인더스트리스,13854000,0.02,0.9602,,
549,원유개발,TPET,AMX0230418002,트리오 페트롤리엄,11051294,1.84,0.2543,,상장유지 역분할
549,원유개발,MARPS,US20190131001,마린 페트롤리엄 트러스트,9568571,-0.63,4.75,,
549,원유개발,MTR,US19791015001,메사 로열티 트러스트,5142231,0,2.75,,
549,원유개발,RCON,US20090731001,레콘 테크놀로지,4762232,-25.22,3.35,,
789,의료기기,JNJ,US19440925001,존슨 앤 존슨,632151060462,3.33,271.11,BUY,
789,의료기기,TMO,US19800827001,써모 피셔 사이언티픽,216444840817,0.6,589.04,BUY,
789,의료기기,ABT,US19490419001,애보트 래버러토리스,190941919133,2.09,112.68,BUY,헬스케어 자금유입
789,의료기기,NVO,US19810709001,노보노디스크(ADR),150352272678,1.85,45.71,HOLD,
789,의료기기,DHR,US19861103001,다나허,142415867811,-1.51,199.58,BUY,
789,의료기기,ISRG,US20000613001,인튜이티브 서지컬,137865785012,0.22,391.19,BUY,매수의견 상향
789,의료기기,SYK,US19880201002,스트라이커,127196538527,-0.09,331.37,BUY,1억달러 계약수주
789,의료기기,MDT,US19800728001,메드트로닉,115947509965,1.64,92.09,BUY,
789,의료기기,MMM,US19460114001,3M,92918635311,0.41,180.94,BUY,
789,의료기기,ECL,US19861210001,에코랩,77309449997,1.51,280.0,BUY,
789,의료기기,BSX,US19920518001,보스턴 사이언티픽,74518074520,-1.87,50.47,BUY,
789,의료기기,EW,US20000403001,에드워즈 라이프사이언시스,52331788137,0.19,90.98,BUY,
789,의료기기,BDX,US19630925001,벡톤 디킨슨,49588398227,-0.72,180.77,BUY,
789,의료기기,MDLN,NAS0251217005,메디라인,45847276363,-2.18,34.12,BUY,
789,의료기기,NTRA,US20150702001,나테라,45277615158,-0.76,311.78,BUY,
789,의료기기,ALC,US20190409003,알콘,36215574243,1.46,73.55,BUY,
789,의료기기,KVUE,NYS0230504001,켄뷰,36083682653,0.05,18.8,HOLD,
789,의료기기,DXCM,US20050414001,덱스콤,33487441188,0.96,89.61,BUY,
789,의료기기,RMD,US19950602001,레즈메드,31782141933,-0.18,219.98,HOLD,
789,의료기기,ILMN,US20000728003,일루미나,29157202823,-2.46,188.38,BUY,
789,의료기기,PHG,US19870414001,필립스(ADR),26209047717,1.04,27.1,BUY,
789,의료기기,DGX,US19961217001,퀘스트 다이아그노스틱스,26065696271,0.31,236.25,BUY,
789,의료기기,STE,US19920602001,스테리스,22395901689,1.15,232.39,BUY,
789,의료기기,GH,US20181003001,가던트 헬스,21690895702,-0.96,160.12,BUY,
789,의료기기,ZBH,US20150630004,짐머 바이오멧 홀딩스,18726470502,0.97,99.15,HOLD,
789,의료기기,SOLV,NYS0240401001,솔벤텀,14775691275,0.73,87.45,BUY,
789,의료기기,COO,US19831206001,쿠퍼,14643695423,0.88,75.76,BUY,
789,의료기기,BAX,US19610515001,박스터 인터내셔널,13392526728,0.12,25.94,HOLD,
789,의료기기,PKI,US19830406002,레비티,12960244254,-2.08,113.75,BUY,
789,의료기기,PEN,US20150918002,페넘브라,12884305348,-0.74,324.75,HOLD,
789,의료기기,FMS,US19960917001,프레제니우스 메디컬 케어(ADR),12504503876,0.26,23.56,SELL,
789,의료기기,SNN,US19991116001,스미스 앤 네퓨(ADR),12424635795,1.72,30.19,HOLD,
789,의료기기,ALGN,US20010126001,얼라인 테크놀로지,12156603514,-1.89,167.92,BUY,
789,의료기기,GMED,US20120803003,글로버스 메디컬,11425951485,1.55,86.44,BUY,
789,의료기기,GKOS,US20150625006,글라우코스,10946277456,-0.79,184.15,BUY,
789,의료기기,HSIC,US19951103001,헨리 셰인,9974579538,-0.29,89.26,BUY,
789,의료기기,BRKR,US20000804001,브루커,9956401906,-1.37,56.88,BUY,
789,의료기기,PODD,US20070515001,인슐릿,9686727731,5.96,148.02,BUY,
789,의료기기,BIO,US19800229001,바이오 래드 래버러토리스,9403945272,-0.72,352.69,HOLD,
789,의료기기,BIO.B,US19990921001,바이오 래드 래버러토리스,9403945272,9.4,368.69,,
789,의료기기,QGEN,US20180110001,키아젠,8794822241,-0.66,42.32,BUY,
789,의료기기,TWST,US20181030002,트위스트 바이오사이언스,8242641758,-6.72,116.05,BUY,
789,의료기기,TXG,US20190911004,10X 지노믹스,7553983167,-4.04,55.65,BUY,목표가 상향
789,의료기기,LNTH,US20150625004,랜티우스 홀딩스,6585238493,-0.65,100.25,HOLD,의견 하향
789,의료기기,BLCO,US20220505001,바슈롬,6070545050,0.24,17.04,HOLD,
789,의료기기,RDNT,US19970103001,래드넷,5974253973,-2.69,73.89,,주식 발행 부담
789,의료기기,TFX,US19940428001,텔레플렉스,5637299597,-0.86,131.92,HOLD,
789,의료기기,MMED,NAS2603006005,미니메드 그룹,5483698059,-0.82,19.37,BUY,
789,의료기기,SHC,US20201119005,소테라 헬스,5363908841,-1.54,18.51,BUY,
789,의료기기,MMSI,US19920226002,메리트 메디컬 시스템즈,5356680214,-0.51,89.27,BUY,
789,의료기기,ICUI,US19920407001,ICU 메디컬,4563067001,0.76,183.9,BUY,
789,의료기기,CELC,US20170919001,셀큐이티,4522306715,0.95,93.32,BUY,목표주가 하향
789,의료기기,LIVN,US20151020001,리바노바,4488067349,-1.94,79.9,BUY,
789,의료기기,NVST,US20190917004,엔비스타 홀딩스,4438532378,0.65,27.82,BUY,
789,의료기기,ITGR,US20160701006,인티거 홀딩스,4250824065,0.01,125.09,HOLD,
789,의료기기,HAE,US19910509001,헤모네틱스,4106148171,15.93,104.65,BUY,CSL 공급계약
789,의료기기,SXI,US19750701001,스탠덱스 인터내셔널,3961861441,-1.86,320.89,BUY,
789,의료기기,ADPT,US20190626001,어댑티브 바이오테크놀로지스,3952350992,-0.89,24.55,,
789,의료기기,IRTC,US20161020002,아이리듬 테크놀로지스,3853217316,-1.45,115.23,BUY,
789,의료기기,VCYT,US20131030002,베라사이트,3382124851,-3.33,40.68,BUY,
789,의료기기,PLSE,US20160518001,펄스 바이오사이언시스,3336477351,-1.69,46.0,BUY,매수의견 개시
789,의료기기,CHRN,US20160809001,크로노스케일,3190804977,6.44,23.62,,
789,의료기기,WRBY,US20210929018,와비 파커,3163695386,0.04,25.61,BUY,
789,의료기기,TMDX,US20190501004,트랜스메딕스 그룹,3062899637,2.64,90.68,BUY,
789,의료기기,GRAL,NAS0240625002,그레일,3001379300,1.29,70.85,BUY,
789,의료기기,AXGN,US19861217001,액소젠,2641818221,2.12,50.19,BUY,
789,의료기기,UFPT,US19931223001,UFP 테크놀로지스,2488272198,-2.17,314.35,,
789,의료기기,BHC,US20180716002,바슈 헬스 컴퍼니스,2460336228,5.32,6.93,HOLD,
789,의료기기,BFLY,US20210216002,버터플라이 네트워크,2401383187,-0.22,9.0,,
789,의료기기,ESTA,US20180718003,이스태블리시먼트 랩스 홀딩스,2282936838,-1.76,75.27,BUY,
789,의료기기,ATRC,US20050805001,아트리큐어,2276801233,2.21,45.76,BUY,
789,의료기기,XRAY,US19830512002,덴츠플라이 시로나,2230296984,-0.8,11.1,HOLD,
789,의료기기,ALMR,NAS2604017001,알라마 바이오사이언스,2229116934,2.49,32.93,BUY,
789,의료기기,NVCR,US20151001001,노보큐어,2040862852,-1.65,17.24,BUY,
789,의료기기,GRFS,US20110602001,그리폴스(ADR),2005973104,0,7.77,,
789,의료기기,LMAT,US20061019001,르메트르 배스큘러,1886542393,-1.15,81.56,BUY,
789,의료기기,INSP,US20180502003,인스파이어 메디컬 시스템즈,1653900982,0.28,57.38,HOLD,
789,의료기기,TNDM,US20131118001,탠덤 다이어비츠 케어,1548145871,6.79,23.76,BUY,
789,의료기기,CNMD,US20200210004,콘메드,1474786266,0.02,49.26,HOLD,
789,의료기기,ATEC,US20060602001,알파텍 홀딩스,1459253263,0.74,9.52,BUY,
789,의료기기,ENOV,US20220405002,에노비스,1426440835,3.64,25.64,BUY,
789,의료기기,AORT,US20220124001,아티비언,1380483476,2.05,28.9,BUY,
789,의료기기,IART,US19950816001,인테그라 라이프사이언시스 홀딩스,1373171303,-0.68,17.54,HOLD,
789,의료기기,STAA,US19830707001,STAAR 서지컬,1207712504,2.28,24.64,HOLD,
789,의료기기,PRCT,US20210914012,프로셉트 바이오로보틱스,1207645412,1.14,21.33,HOLD,
789,의료기기,BVS,US20210210005,바이오벤투스,1166947867,2.95,14.29,BUY,
789,의료기기,LMRI,NAS0251211010,루멕사 이미징 홀딩스,1134404940,1.52,11.99,BUY,
789,의료기기,IRMD,US20140716001,아이라디메드,1125272357,-0.53,87.55,BUY,
789,의료기기,OPK,US20160624001,옵코 헬스,1014791220,0.74,1.37,BUY,담보사채 발행 부담
789,의료기기,QDEL,US19920303002,퀴델오서,999617777,-7.96,13.42,HOLD,
789,의료기기,CBLL,NAS0241011003,세리벨,936227156,-0.66,24.24,,
789,의료기기,AVR,NAS0241213002,안테리스 테크놀로지스,917864211,1.59,9.57,BUY,
789,의료기기,CSTL,US20190724001,캐슬 바이오사이언시스,914763778,-3.17,29.0,BUY,
789,의료기기,TRNS,US19900327005,트랜스캣,878138661,-3.06,90.97,BUY,
789,의료기기,INMD,US20190807001,인모드,863178176,-0.2,14.99,HOLD,
789,의료기기,SIBN,US20181017003,SI 본,837481596,2.35,19.13,BUY,
789,의료기기,AHCO,US20191111001,어댑트헬스,791991853,0.34,5.83,BUY,
789,의료기기,VREX,US20170130001,바렉스 이미징,777891870,0.05,18.47,HOLD,
789,의료기기,SSII,NAS0250425006,SS 이노베이션스 인터내셔널,753289516,-0.8,3.73,BUY,
789,의료기기,ANGO,US20040527002,앤지오다이내믹스,647541238,1.02,15.83,BUY,
789,의료기기,KE,US20141104003,킴볼 일렉트로닉스,645576754,-8.38,24.6,BUY,
789,의료기기,KIDS,US20171011003,오서피디아트릭스,644775052,3.4,25.54,,
789,의료기기,BWAY,US20190416001,브레인스웨이(ADR),621501394,-5.04,14.71,BUY,
789,의료기기,CTKB,US20210722004,사이텍 바이오사이언시스,615990011,-1.48,4.67,BUY,
789,의료기기,TCMD,US20160728002,택타일 시스템즈 테크놀로지,556901633,-2.93,23.87,BUY,
789,의료기기,FLGT,US20160928002,펄젠트 제네틱스,513326526,-0.54,18.56,HOLD,
789,의료기기,EOLS,US20180207001,에볼러스,513103126,5.02,8.16,BUY,
789,의료기기,NPCE,US20210420003,뉴로페이스,490046728,1.26,14.46,BUY,
789,의료기기,CLPT,US20200212002,클리어포인트 뉴로,472715289,-2.19,15.16,BUY,
789,의료기기,SGHT,US20210714016,사이트 사이언시스,453828813,-0.24,8.22,,목표가 상향
789,의료기기,SENS,US20160316001,센서닉스 홀딩스,424488642,8.22,8.69,HOLD,
789,의료기기,MASS,US20201217007,908 디바이시스,421101168,-1.08,10.08,BUY,
789,의료기기,SI,NYS0250729003,숄더 이노베이션스,414625710,6.07,21.13,BUY,경영진 지분 매도
789,의료기기,OFIX,US19920424001,오서픽스 메디컬,408461452,1.79,10.21,,
789,의료기기,NNNN,NAS0250219002,안비오 바이오테크놀로지,372337885,-0.94,8.4,,
789,의료기기,CATX,AMX0230221001,퍼스펙티브 테라퓨틱스,367490436,-0.31,3.21,,
789,의료기기,VMD,US20190809001,비메드 헬스케어,344625392,0.55,9.1,BUY,
789,의료기기,ELMD,US20100813001,일렉트로메드,333036361,2.96,41.42,BUY,
789,의료기기,PRE,US20220518002,프레네틱스 글로벌,331998484,0.77,19.52,BUY,매출 예상 하회
789,의료기기,CV,NAS0250702002,캡소비전,322483978,-4.5,6.15,BUY,
789,의료기기,TMCI,US20210421004,트리스 메디컬 컨셉츠,292593445,-1.33,4.44,HOLD,
789,의료기기,MYGN,US19951006001,미리아드 제네틱스,291669574,-5.57,2.88,HOLD,목표주가 하향
789,의료기기,EMBC,US20220401003,엠벡타,290602126,-0.39,5.11,HOLD,
789,의료기기,OBIO,NAS0230127004,오케스트라 바이오메드 홀딩스,283635691,19.92,5.66,BUY,
789,의료기기,MOVE,US20210318010,모바노,280837073,1.57,10.32,,순손실 확대
789,의료기기,ZJYL,NAS0230328007,진 메디컬 인터내셔널,271318870,-10.12,3.11,,
789,의료기기,RXST,US20210729012,RX사이트,269467164,-1.7,6.37,HOLD,
789,의료기기,OSUR,US19920317007,오라슈어 테크놀로지스,262714765,-1.57,3.75,HOLD,
789,의료기기,STIM,US20180627002,뉴로네틱스,249112096,-3.98,3.14,BUY,
789,의료기기,BDSX,US20201028002,바이오데식스,245261491,-3.83,22.36,BUY,
789,의료기기,RCEL,US20191001002,아비타 메디컬,244270298,24.68,9.85,BUY,
789,의료기기,INFU,US20060615001,인퓨시스템 홀딩스,242141579,0.58,12.23,BUY,
789,의료기기,PROF,US20191029005,프로파운드 메드,237982894,6.87,7.0,BUY,주문 확대 부각
789,의료기기,UTMD,US19990308002,유타 메디컬 프로덕츠,223488475,2.19,71.75,,
789,의료기기,ORGO,US20181217001,오가노제네시스 홀딩스,221273306,3.49,1.78,HOLD,
789,의료기기,PDEX,US19860807002,프로 덱스,214348318,-0.39,66.89,BUY,
789,의료기기,LUCD,US20211014005,루시드 다이어그노스틱스,186650997,1.21,0.9895,BUY,BTIG 매수의견
789,의료기기,STEX,US20180921001,스트리멕스,166210568,-13.55,0.7751,,
789,의료기기,FOCL,US19970801001,EDAP TMS(ADR),163587176,-2.29,4.26,BUY,
789,의료기기,XGN,US20190918002,엑사젠,162275363,-1.79,6.58,BUY,
789,의료기기,NYXH,US20210701005,닉소,160082561,0,1.6,BUY,
789,의료기기,HUMA,US20210827005,휴마사이트,155700604,3.48,0.5801,BUY,
789,의료기기,KRMD,US20191024003,코루 메디컬 시스템즈,155104704,-1.19,3.32,,
789,의료기기,INGN,US20140214001,이노젠,151501781,-2.1,5.59,BUY,
789,의료기기,LENZ,US20210624006,렌즈 테라퓨틱스,150471538,-0.42,4.77,BUY,
789,의료기기,USBC,US20220916004,USBC,142418808,2.67,0.3768,,
789,의료기기,IMDX,US20210308009,인사이트 몰레큘러 다이어그노스틱스,139703071,0.23,4.28,,
789,의료기기,STXS,US20190906001,스테레오택시스,139251501,-2.16,1.36,BUY,
789,의료기기,QTRX,US20171207005,퀀테릭스,138066475,-7.88,2.69,HOLD,이사 주식 매수
789,의료기기,APYX,US20190102001,에이픽스메디컬,128872185,2.29,3.13,BUY,
789,의료기기,QUCY,US20211103011,퀀텀 사이버 NV,123554044,-2.72,1.43,BUY,
789,의료기기,MBOT,US20161129001,마이크로봇 메디컬,101397350,-3.31,1.46,BUY,
789,의료기기,HSDT,US20180411001,헬리우스 메디컬 테크놀로지스,100340171,7.23,1.78,BUY,목표가 하향
789,의료기기,LNSR,US20201002005,렌자,99371578,1.24,8.19,BUY,
789,의료기기,BNR,US20200612002,버닝 록 바이오테크(ADR),95951376,9.78,9.99,,
789,의료기기,LUNG,US20201001009,풀모넥스,95754337,2.24,2.28,BUY,
789,의료기기,HYPR,US20211223007,하이퍼파인,94978259,-0.01,0.8957,BUY,
789,의료기기,ECOR,NAS0230215003,일렉트로코어,92393230,0.88,10.34,,
789,의료기기,OM,US20200915005,아웃셋 메디컬,84757238,-7.32,4.18,BUY,
789,의료기기,ACH,US19880129002,액센드라 헬스,82270589,5.61,1.13,HOLD,
789,의료기기,MDXH,US20211103009,MDX헬스(ADR),81621805,-12.21,0.7511,BUY,
789,의료기기,SKIN,US20210506004,뷰티 헬스,78067905,0.17,0.601,,
789,의료기기,SERA,US20210713003,세라 프로그노스틱스,76910151,0,1.95,BUY,
789,의료기기,ZTEK,US20220322003,젠텍,75322651,-2.18,0.582,,
789,의료기기,CVRX,US20210629002,CVRX,73248861,0,2.75,BUY,
789,의료기기,DRIO,US20160307001,다리오헬스,72108890,-4.48,7.03,BUY,
789,의료기기,NNOX,US20200820003,나노엑스 이미징,69341169,-4.86,0.8882,BUY,영국 상용화 계약
789,의료기기,GEG,US20201229001,그레이트 엘름 그룹,67403275,0,2.15,,
789,의료기기,MYO,US20170609002,마이모,62171148,7.01,1.68,,
789,의료기기,DXR,US20220202002,닥소,59554771,0.88,10.29,,
789,의료기기,COCH,US20210422001,엔보이 메디컬,56725999,0.57,0.7392,BUY,
789,의료기기,APT,US20000404002,알파 프로 테크,54693731,0.37,5.38,,
789,의료기기,SRTS,US20160725003,센서스 헬스케어,47729850,4.14,3.02,BUY,매출 이연 해소
789,의료기기,NEPH,US20190814002,네프로스,46905772,4.86,4.53,BUY,
789,의료기기,XTNT,US20151019001,엑스턴트 메디컬 홀딩스,46495600,0,0.3315,BUY,
789,의료기기,POCI,NAS0221116002,프리시전 옵틱스,45739853,1.91,4.26,BUY,
789,의료기기,MLSS,US20150601002,마일스톤 사이언티픽,43295542,1.02,0.493,,
789,의료기기,ELUT,US20201007001,일루시아,43212697,-6.75,0.91,BUY,
789,의료기기,SKYA,US20220414005,SKYAI INC,42973394,-1.94,0.9806,,
789,의료기기,SNWV,NAS0250307007,사누웨이브 헬스,42658408,1.61,5.04,BUY,
789,의료기기,PAVM,US20160727001,파브메드,42569237,-3.76,5.12,,
789,의료기기,NSPR,US20210521002,인스파이어MD,40892455,-0.84,0.8724,,리콜 여파 실적부진
789,의료기기,QTI,NAS0230426002,QT 이미징 홀딩스,39510237,5.56,2.85,,
789,의료기기,ARAY,US20070208001,애큐레이,38998693,-3.52,0.3151,HOLD,
789,의료기기,NSYS,US19930624001,노테크 시스템즈,35265070,-1.78,12.14,,
789,의료기기,PTHL,NAS0240905005,아이토닉 홀딩스,32287249,6.56,0.294,,
789,의료기기,TELA,US20191107003,텔라 바이오,29175405,-3.38,0.628,,
789,의료기기,BEAT,US20211111001,허트빔,28168613,-3.12,0.4844,BUY,
789,의료기기,CTSO,US20141223001,사이토소벤츠,23699260,-4.56,0.36,HOLD,
789,의료기기,ABVC,US20210803001,ABVC 바이오파마,22648742,1.91,0.8661,,
789,의료기기,RVP,US20010504001,리트랙터블 테크놀로지스,20951568,2.86,0.72,,
789,의료기기,LFWD,US20140911003,라이프워드,20924161,0.14,7.4,,
789,의료기기,BFRI,US20211014001,바이오프론테라,20046434,5.19,1.42,,
789,의료기기,MODD,US20220210007,모듈러 메디컬,19313356,26.58,3.0,,
789,의료기기,PLSM,NAS0260121001,펄스앤모어,18789235,-0.69,2.87,,
789,의료기기,AIFF,US20211217014,파이어플라이 뉴로사이언스,17726298,-4.42,1.08,,
789,의료기기,NMTC,US20210526003,뉴로원 메디컬 테크놀로지스,17115205,0,1.88,BUY,
789,의료기기,HIND,NAS0221223002,바이옴 홀딩스,15928681,-0.44,2.26,BUY,
789,의료기기,IRIX,US19960216001,이리덱스,15314488,5.73,0.9304,,실적 예상치 하회
789,의료기기,ADGM,US20210226002,아다지오 메디컬 홀딩스,14467046,-0.84,0.646,BUY,
789,의료기기,ICU,US20221031005,시스타 메디컬 홀딩,14319196,2.46,3.33,,
789,의료기기,BNGO,US20180730001,바이오나노 지노믹스,14011659,-0.84,1.18,BUY,
789,의료기기,SINT,NAS0221220007,SINTX 테크놀로지스,10927519,-1.22,1.62,BUY,
789,의료기기,MBAI,US20150319001,체크-캡,10839666,4.49,8.38,,
789,의료기기,AMS,US19840907018,아메리칸 셰어드 호스피털 서비시스,10305314,-2.58,1.51,,
789,의료기기,BFRG,NAS0230120001,불프로그 AI 홀딩스,10297703,-2.65,0.5408,,
789,의료기기,INBS,NAS0230210005,인텔리전트 바이오 솔루션스,10169137,-4.75,3.21,BUY,
789,의료기기,ICCM,US20210826004,아이스큐어 메디컬,9661287,-7.8,2.6,BUY,
789,의료기기,TRIB,US19950818018,트리니티 바이오테크(ADR),9080758,11.28,12.43,,
789,의료기기,HSCS,US20220613001,하트사이언시스,8616048,-2.71,2.15,,
789,의료기기,NVNO,US20211001011,엔베노 메디컬,8054412,-6.53,11.03,BUY,
789,의료기기,CUPR,NAS0250410003,쿠프리나 홀딩스,7827590,1.37,2.96,,
789,의료기기,NXL,US20220916005,넥설린 테크놀로지,7490788,-0.21,0.3393,,상장폐지 위험
789,의료기기,PMI,AMX0250829001,피카드 메디컬,7228262,-7.95,3.24,,
789,의료기기,NDRA,NAS0221209003,엔드라 라이프 사이언시스,6732845,0.45,4.51,,실적 예상 상회
789,의료기기,AMIX,NAS0240129001,오토노믹스 메디컬,6213357,-4.53,6.11,BUY,
789,의료기기,VVOS,US20201210008,비보스 테라퓨틱스,6058264,-1.96,0.2953,,
789,의료기기,CLGN,US20180131001,콜플란트 바이오테크놀로지스,6043672,-1.66,0.3144,BUY,
789,의료기기,DRMA,NAS0230314001,더메타 테라퓨틱스,5871084,-2.05,1.43,,사모발행 희석부담
789,의료기기,WOK,NAS0240823002,워크 메디컬 테크놀로지 그룹,5631762,-5.58,2.2,,
789,의료기기,BMRA,US20160826001,바이오메리카,4819798,2.56,1.6,,
789,의료기기,VIVS,US20160808001,비보심 랩스,4721493,-11.92,0.2801,,
789,의료기기,NUWE,NAS0221212006,누웰리스,4594578,-5.56,1.19,,
789,의료기기,BJDX,US20211110005,블루제이 다이어그노스틱스,4556445,-3.95,0.9797,,
789,의료기기,VBIO,US20211111007,밸리온 바이오,4048768,-13.53,0.1578,,우선주 발행 부담
789,의료기기,GCTK,US20220314002,글루코트랙,3617190,-0.5,0.3403,,상장폐지 위기
789,의료기기,VTAK,US20201222012,캐시터 프리시전,3280667,-2.24,0.2229,,
789,의료기기,BIAF,US20220810002,바이오어피니티 테크놀로지스,3175202,26.53,0.496,,
789,의료기기,VRAX,US20220713007,바이랙스 바이오랩스 그룹,2239061,-0.71,2.79,,
789,의료기기,AEMD,US20150713001,애슬론 메디컬,2086741,-2.73,2.85,,
619,지역난방,NGG,US19991007002,내셔널 그리드(ADR),81708396099,1.06,82.15,BUY,
619,지역난방,CPK,US19930104001,체사피크 유틸리티스,3242835944,1.49,136.56,BUY,
619,지역난방,UTL,US19920317028,유니틸,985665606,-0.26,53.92,HOLD,
247,결제서비스,V,US20080319001,비자,669829215479,1.51,364.25,BUY,
247,결제서비스,MA,US20060525001,마스터카드,492440937046,2.14,574.31,BUY,호주 결제 장애
247,결제서비스,AXP,US19770518001,아메리칸 익스프레스,226997788811,0.69,338.52,BUY,순상각률 상승
247,결제서비스,USB,US19730503007,US 뱅코프,106079071045,-0.12,64.79,BUY,
247,결제서비스,MELI,US20070810001,메르카도리브레,90604871479,-0.47,1779.14,BUY,
247,결제서비스,PYPL,US20150721001,페이팔,51718753169,-0.07,60.43,HOLD,
247,결제서비스,XYZ,US20151119003,블록,48173544805,-0.96,79.43,BUY,
247,결제서비스,FISV,US19860925001,파이서브,27757655071,-0.94,51.72,HOLD,
247,결제서비스,AFRM,US20210112001,어펌,24951350651,-1.29,73.56,BUY,
247,결제서비스,GPN,US20010116001,글로벌 페이먼츠,23911140230,-0.01,90.37,BUY,
247,결제서비스,FIS,US20010806002,피델리티 내셔널 인포메이션 서비시스,21227111837,-0.53,40.95,BUY,
247,결제서비스,KSPI,NAS0240119005,카스피.kz(ADR),18818210688,-1.08,97.98,BUY,
247,결제서비스,PAYP,NAS2603012007,페이페이(ADR),10130648826,0.53,15.05,BUY,
247,결제서비스,KLAR,NYS0250910001,클라르나,7375430306,-22.81,15.06,BUY,실적 예상 상회
247,결제서비스,WEX,US20050216001,웩스,6435629329,1.51,191.73,HOLD,
247,결제서비스,RELY,US20210922012,레미틀리 글로벌,5566110442,-3.31,25.43,BUY,
247,결제서비스,PAY,US20210524004,페이먼트어스 홀딩스,5119620538,-5.76,38.32,BUY,
247,결제서비스,WAY,NAS0240607007,웨이스타 홀딩,4731347723,-1.42,24.33,BUY,
247,결제서비스,SEZL,NAS0230817006,세즐,4113541020,-4.29,116.94,BUY,웹뱅크 제휴확대
247,결제서비스,FOUR,US20200604010,시프트4 페이먼츠,4103894617,5.3,46.7,BUY,
247,결제서비스,DLO,US20210602001,디로컬,4011027664,-1.94,13.64,BUY,
247,결제서비스,EEFT,US19970307001,유로넷 월드와이드,2638264238,-1.9,69.21,BUY,
247,결제서비스,PAGS,US20180123003,파그세구로 디지털,2420124339,-2.54,8.44,HOLD,
247,결제서비스,PAYO,US20210628005,페이오니아 글로벌,2415494305,-0.42,7.1,HOLD,
247,결제서비스,DBD,NYS0230814001,다이볼드 닉스도프,2365575613,-1.59,68.59,,
247,결제서비스,STNE,US20181025002,스톤코,2254247688,-1.73,9.11,BUY,
247,결제서비스,WU,US20060920003,웨스턴 유니온,2238816389,0.42,7.21,SELL,
247,결제서비스,FLYW,US20210525003,플라이와이어,2226046447,-0.22,18.26,BUY,
247,결제서비스,EVTC,US20130412001,에버텍,1872245283,-2.63,29.59,,
247,결제서비스,NYAX,US20220921003,나약스,1757149043,-3.0,46.57,BUY,
247,결제서비스,PAYS,US20190429001,페이사인,733852429,4.0,13.52,,
247,결제서비스,PHR,US20190717007,프리시아,715629940,-1.21,11.44,BUY,
247,결제서비스,KPLT,US20210610005,캐터펄트 홀딩스,559376362,-12.57,5.98,,
247,결제서비스,IMXI,US20180727001,인터내셔널 머니 익스프레스,449755764,-2.55,14.51,HOLD,인수 승인 진전
247,결제서비스,PRTH,US20180727002,프라이오러티 테크놀로지 홀딩스,440138263,5.24,5.62,BUY,
247,결제서비스,CURR,US20220110009,커런시 그룹,433316200,-1.3,3.81,,
247,결제서비스,IIIV,US20180620003,I3 버티컬스,421062866,1.06,16.17,BUY,
247,결제서비스,LSAK,US20220525002,레사카 테크놀로지스,409163952,-2.31,4.66,BUY,
247,결제서비스,PSFE,US20210331008,페이세이프,343833821,-2.83,6.52,HOLD,
247,결제서비스,RPAY,US20190805001,리페이 홀딩스,309461597,4.84,3.68,BUY,
247,결제서비스,MTC,US20181227003,MM텍,288743429,7.93,3.13,,
247,결제서비스,RTB,US20210217006,RTB 디지털,236688547,-3.96,16.23,,
247,결제서비스,USIO,US20190701001,유시오,69798964,0.41,2.46,BUY,
247,결제서비스,SURG,US20211102008,서지페이스,6972359,-3.71,0.2673,BUY,분기보고서 지연
247,결제서비스,OLB,US20200807003,OLB 그룹,6913982,-5.07,0.2733,,적자폭 축소
247,결제서비스,TGL,US20220811005,트레저 글로벌,5570089,-6.32,2.67,,
11,의류,CTAS,US19830818001,신타스,79138298175,0.83,199.46,BUY,
11,의류,ROST,US19850808002,로스 스토어스,75457372400,0.45,236.35,BUY,
11,의류,NKE,US19901017001,나이키,57977671345,2.48,40.06,BUY,턴어라운드 전망
11,의류,TPR,US20171031003,태피스트리,25720060894,2.51,132.26,BUY,다이와 의견상향
11,의류,RL,US19970612001,랄프 로렌,22595348203,-0.28,378.25,BUY,
11,의류,AS,NYS0240201001,아머스포츠,18830319395,3.22,33.62,BUY,
11,의류,LULU,US20070727001,룰루레몬,13139944418,2.79,118.97,HOLD,
11,의류,DECK,US20140505001,데커스 아웃도어,12268745802,-0.67,89.51,BUY,
11,의류,ONON,US20210914013,온 홀딩,10462044093,-0.89,31.03,BUY,가이던스 하향
11,의류,GIL,US19980617001,질단 액티브웨어,10348012423,-0.23,55.76,BUY,
11,의류,LEVI,US20190320003,리바이스,8684235873,-2.48,22.01,BUY,
11,의류,GAP,US19760519001,갭,7262834935,-0.5,20.08,BUY,
11,의류,BIRK,NYS0231011001,버켄스탁 홀딩스,6250352826,-1.66,37.23,BUY,
11,의류,CROX,US20060208001,크록스,6230100435,-1.02,128.65,BUY,
11,의류,VFC,US19660725001,VF 코퍼레이션,5691381835,-1.17,14.31,HOLD,
11,의류,UNF,US19830726001,유니퍼스트,5179474839,0.01,286.5,HOLD,
11,의류,ANF,US19960926002,애버크롬비 앤 피치,4671448140,-1.69,103.38,BUY,
11,의류,KTB,US20190523003,콘투어 브랜즈,4468079144,0.65,82.3,BUY,
11,의류,PVH,US19760611001,필립스 반 휴센,3603966487,0.7,78.73,BUY,
11,의류,ZGN,US20211220014,에르메네질도 제냐,3586571651,0.75,13.47,BUY,
11,의류,SHOO,US19931210001,스티븐 매든,3409329749,0.24,46.71,BUY,
11,의류,COLM,US19980327001,컬럼비아 스포츠웨어,2921999895,1.4,57.89,HOLD,
11,의류,FIGS,US20210526007,피그스,2378623927,-1.12,14.16,BUY,
11,의류,UAA,US20051118002,언더 아머 C,2251192990,-4.82,4.94,,
11,의류,UAA,US20161207004,언더 아머 A,2251192990,-4.16,5.07,HOLD,
11,의류,VSTS,NYS0231002007,베스티스,1771891315,-2.98,13.01,HOLD,
11,의류,CPRI,US20190102005,카프리 홀딩스,1666915801,-1.7,14.42,BUY,
11,의류,WWW,US19690515001,울버린 월드 와이드,1627030524,0.81,19.99,BUY,
11,의류,GIII,US19891214001,G III 어패럴 그룹,1424473620,-0.15,33.72,,
11,의류,CRI,US20031024001,카터스,1388122694,-0.69,37.56,HOLD,
11,의류,CTRN,US20050518001,시티 트렌즈,605201733,-1.2,71.8,,
11,의류,MOV,US19930930002,모바도 그룹,558670431,-0.2,35.36,,
11,의류,OXM,US19640320001,옥스포드 인더스트리스,545012768,-2.52,35.59,,
11,의류,CAL,US20150601001,컬레러스,445977239,-2.71,12.92,,
11,의류,WEYS,US19900326057,웨이코 그룹,437246802,-0.4,45.33,,
11,의류,GOOS,US20170315003,캐나다 구스 홀딩스,393323109,0.59,8.51,SELL,
11,의류,GCO,US19390715001,제네스코,384663985,0.52,34.82,HOLD,
11,의류,LE,US20140408002,랜즈 엔드,378647196,-3.0,11.95,BUY,
11,의류,RCKY,US19930203001,로키 브랜즈,349648269,-0.88,46.27,,
11,의류,FOSL,US19930408001,파슬 그룹,339380459,-4.18,5.5,BUY,
11,의류,JILL,US20170309004,제이 질,279233226,7.07,20.0,BUY,목표가 상향
11,의류,MAMK,NAS0250707008,맥스메이킹 ,216079184,0,13.0,,
11,의류,SGC,US19920317009,수피어리어 유니폼 그룹,203258216,-1.41,12.57,,
11,의류,CURV,US20210630015,토리드 홀딩스,200988554,4.95,2.12,HOLD,
11,의류,DLTH,US20151119001,덜루스 홀딩스,150076359,-3.8,3.8,,
11,의류,UFI,US19900606001,유니피,149224010,0.75,8.09,,비핵심 자산 매각
11,의류,LANV,NYS0221215003,랑방 그룹 홀딩스,125104268,3.74,1.11,,
11,의류,RENT,US20211026004,렌트 더 런웨이,122228685,3.02,3.75,,
11,의류,SPAI,NAS0240828004,세이프 프로 그룹,120115418,-6.95,5.49,,
11,의류,LAKE,US19860909001,레이크랜드 인더스트리스,116036765,0,11.76,BUY,
11,의류,AKA,US20210921002,AKA 브랜즈 홀딩,115491542,1.24,10.64,BUY,
11,의류,VRA,US20101021001,베라 브래들리,90130148,-1.58,3.12,,
11,의류,VNCE,US20131122001,빈스 홀딩,79507892,-2.58,6.03,,
11,의류,JRSH,US20180504002,저라쉬 홀딩스,71612478,-5.5,5.33,,
11,의류,PLCE,US19970919001,칠드런스 플레이스,49578146,0.45,2.24,HOLD,
11,의류,LVLU,US20211110013,룰루스 패션 라운지 홀딩스,43294186,-3.25,14.59,,
11,의류,BRIA,AMX0241120001,브릴리아,41641170,0,1.36,,
11,의류,DXLG,US20210908002,데스티네이션 XL 그룹,33156824,3.47,0.6208,,
11,의류,BIRD,US20211102001,올버즈,29280590,-2.82,2.41,HOLD,
11,의류,TLF,US20220907010,탠디 레더 팩토리,21294879,-1.54,2.56,,
11,의류,RECT,NAS0240621006,랙티튜드 홀딩스,19658924,-3.15,1.23,,
11,의류,JL,NAS0240124004,J 롱 그룹,16510743,-2.05,4.3,,
11,의류,XELB,US20150803002,엑셀 브랜즈,6493294,0.89,0.9988,BUY,
11,의류,LUCY,US20220812001,이노베이티브 아이웨어,6027741,2.04,0.7146,HOLD,
11,의류,FMFC,NAS0250625003,캔달 M 벤처,4427661,-8.43,0.2216,,
11,의류,JEM,NAS0250609005,707 케이맨 홀딩스,2714365,2.97,4.16,,
249,원유,XOM,US19200325001,엑슨 모빌,663768566797,2.54,165.56,BUY,유가 상승 수혜
249,원유,CVX,US19210624001,셰브론,400403939945,1.5,205.74,BUY,유가 강세 수혜
249,원유,SHEL,US20220201008,쉘(ADR),254131885714,0.43,92.01,BUY,
249,원유,TTE,US20210611013,토탈에너지스,202180366437,0.74,89.29,BUY,
249,원유,COP,US19720630003,코노코필립스,153210123813,1.69,129.72,BUY,목표가 하향
249,원유,PBR,US20000810002,페트로브라스(ADR),112384448860,-0.38,18.18,BUY,유가 상승 수혜
249,원유,PBR,US20031007004,페트로브라스 우선주(ADR),112384448860,0.18,16.37,BUY,유가 상승 수혜
249,원유,BP,US19700323001,BP(ADR),112130184907,1.31,43.41,BUY,
249,원유,EQNR,US20180517004,에퀴노르(ADR),104539169127,0.05,41.84,HOLD,미국 전력입지 강화
249,원유,CNQ,US20000731001,캐나디안 내추럴 리소시스,101592596961,0.65,49.59,HOLD,
249,원유,MPC,US20110623001,마라톤 페트롤리움,100564491010,2.24,366.21,BUY,
249,원유,VLO,US19970801002,발레로 에너지,99944344073,0.82,350.05,BUY,
249,원유,PSX,US20120412003,필립스 66,95964134153,1.76,243.49,BUY,
249,원유,EPD,US19980728001,엔터프라이즈 프로덕츠 파트너스,83359738803,0.08,38.64,,
249,원유,E,US19951128001,애니 SpA(ADR),82330315200,-0.18,55.93,HOLD,
249,원유,SLB,US19620202001,슐럼버거,79911296478,-1.21,53.21,BUY,해상복구계약 수주
249,원유,SU,US19970418001,선코어 에너지,77950982057,1.53,67.68,BUY,
249,원유,EOG,US19891004001,EOG 리소시스,76643688378,1.74,148.7,BUY,유가 강세 수혜
249,원유,ET,US20181019001,에너지 트랜스퍼,72563731437,2.29,21.42,,
249,원유,KMI,US20110211002,킨더 모건,71977250264,1.67,32.87,BUY,
249,원유,TRP,US19850530001,TC 에너지,65923782238,1.17,64.02,HOLD,
249,원유,IMO,US19860716001,임페리얼 오일,65213158310,0.61,135.7,SELL,
249,원유,BKR,US20211207002,베이커 휴즈,64410890223,-0.71,64.44,BUY,
249,원유,CVE,US20091209001,세노버스 에너지,59409237202,1.21,32.52,BUY,
249,원유,OXY,US19860522001,옥시덴탈 페트롤리움,59006079376,1.29,59.8,BUY,목표가 상향
249,원유,FANG,US20121012001,다이아몬드백 에너지,57753978254,1.81,210.02,BUY,
249,원유,DVN,US19880930001,데번 에너지,52315907504,0.55,47.83,BUY,
249,원유,WDS,US20220602002,우드사이드 에너지 그룹(ADR),44875459471,-0.64,23.46,HOLD,
249,원유,EC,US20080918002,에코페트롤(ADR),36318899102,0.06,17.68,HOLD,
249,원유,CASY,US19831020001,케이시스 제너럴 스토어스,32187820473,-1.7,855.22,BUY,
249,원유,FTI,US20010614001,테크닙 FMC,31292004989,-1.84,78.29,BUY,
249,원유,HAL,US19480915001,할리버턴,28928483965,-0.2,34.66,BUY,
249,원유,EXE,US20210210006,익스팬드 에너지,21797247677,1.39,95.48,BUY,목표주가 하향
249,원유,YPF,US19930629001,YPF(ADR),20720460463,-3.83,50.68,BUY,
249,원유,PR,US20161012001,퍼미언 리소시스,18573076869,0.77,22.35,BUY,목표가 상향
249,원유,OVV,US20200127001,오빈티브,17665083419,1.83,65.02,BUY,
249,원유,DINO,US20220315002,HF 싱클레어,16884107894,0.75,95.7,HOLD,
249,원유,PAA,US20201214003,플레인스 올 아메리칸 파이프라인,16753651163,1.85,24.19,,목표가 상향
249,원유,VNOM,US20161109014,바이퍼 에너지,15460062160,1.18,43.56,BUY,
249,원유,SUN,US20141111002,수노코,15350399458,2.83,77.08,,
249,원유,APA,US20200609001,APA,14564527682,1.9,42.37,HOLD,
249,원유,AR,US20131010002,앤테로 리소시스,11188407331,1.76,37.04,BUY,
249,원유,MUSA,US20130904001,머피 USA,10769702672,-2.04,574.12,BUY,
249,원유,PBF,US20121213002,PBF 에너지,8896674899,0.17,75.2,HOLD,
249,원유,NEU,US19991007001,뉴마켓,8746013540,-0.42,947.02,,
249,원유,KNTK,US20221024004,키네틱 홀딩스,8601022586,2.94,54.54,BUY,투자의견 하향
249,원유,SM,US19921221001,SM 에너지,8437273385,0.03,35.49,BUY,
249,원유,HESM,US20170404004,헤스 미드스트림,8175300594,1.03,40.07,HOLD,
249,원유,VIST,US20190725004,비스타 에너지(ADR),7984066873,-3.35,69.74,BUY,피터 틸 지분매입
249,원유,CHRD,US20201120003,코드 에너지,7813575245,0.74,143.94,BUY,UBS 목표가 상향
249,원유,NFG,US19550725001,내셔널 퓨얼 가스,7774941486,1.89,83.37,BUY,
249,원유,NOV,US19961029001,노브,7698295237,-2.82,20.99,HOLD,
249,원유,SOBO,NYS0241008001,사우스 보우,7649390604,1.64,37.28,HOLD,
249,원유,SSL,US20030409001,사솔(ADR),7417883192,1.2,11.85,,
249,원유,NE,US20210609010,노블,7211106444,0.15,45.25,BUY,
249,원유,UGP,US19991008001,우우트라파르(ADR),6934870464,-2.31,6.33,BUY,
249,원유,MTDR,US20120202002,마타도어 리소시스,6921343316,2.32,57.24,BUY,
249,원유,KGS,NYS0230628002,코디악 가스 서비시스,6683581416,-4.9,62.88,BUY,
249,원유,WFRD,US20210602003,웨더포드 인터내셔널,6671066573,-1.16,92.0,BUY,
249,원유,RIG,US19930604001,트랜스오션,6554696312,-0.85,5.82,BUY,
249,원유,MGY,US20180801012,매그놀리아 오일 앤 가스,6347042822,0.41,26.9,BUY,
249,원유,VAL,US20210503017,발라리스,6045188318,-0.82,86.37,HOLD,
249,원유,OII,US19751030001,오셔니어링 인터내셔널,5384407439,-1.87,53.1,HOLD,목표가 상향
249,원유,PAGP,US20201214004,플레인스 GP 홀딩스,5102865401,1.94,26.29,,
249,원유,SEI,US20170509002,솔라리스 에너지 인프라스트럭처,5050014129,-6.11,61.94,BUY,
249,원유,MUR,US19831101001,머피 오일,4991472435,1.03,35.18,HOLD,
249,원유,CRC,US20201028012,캘리포니아 리소시스,4753520987,-0.73,53.14,BUY,
249,원유,PTEN,US19931102001,패터슨 UTI 에너지,4657628683,-0.74,12.12,BUY,
249,원유,HP,US19630320001,헬머리치 앤 페인,4468322205,-0.63,44.19,HOLD,
249,원유,PAM,US19900918001,팜파 에네르히아(ADR),4342317950,-1.08,79.0,BUY,
249,원유,VVV,US20160923002,밸보라인,4311506763,-0.5,33.63,BUY,윤활유비용 부담
249,원유,CLMT,NAS0240711002,캘러멧,4248978706,5.09,50.81,BUY,목표가 상향
249,원유,CRGY,US20211208002,크레센트 에너지,4191934089,2.05,12.95,BUY,
249,원유,DK,US20060504001,델렉 유에스 홀딩스,4114542012,1.5,68.22,BUY,목표가 상향
249,원유,PARR,US20180220001,파 퍼시픽 홀딩스,4110804777,-1.9,80.51,BUY,내부자 매도 부담
249,원유,WBI,NYS0250917003,워터브리지 인프라스트럭처,3922606615,0.5,31.94,BUY,비중확대 재개
249,원유,USAC,US20130115002,USA 컴프레션 파트너스,3899598585,-0.89,26.67,,
249,원유,BWLP,NYS0240429002,BW LPG,3678634222,-0.13,23.07,BUY,
249,원유,CVI,US20071023001,CVR 에너지,3660548273,0.66,36.66,SELL,
249,원유,LBRT,US20180111003,리버티 에너지,3628607721,-4.27,21.29,BUY,
249,원유,NESR,US20170605001,내셔널 에너지 서비스 리유나이티드,3607710818,-1.45,35.26,BUY,
249,원유,ARLP,US20161108001,얼라이언스 리소스 파트너스,3335415504,-0.89,25.7,,
249,원유,BTE,NYS0230223001,베이텍스 에너지,3178637699,2.86,4.68,BUY,
249,원유,BSM,US20150501002,블랙 스톤 미네랄스,3096409385,0.21,14.59,,
249,원유,GPOR,US20210518008,걸프포트 에너지,2998547894,0.81,170.98,BUY,
249,원유,WTTR,US20170419002,셀렉트 워터 솔루션즈,2951785495,-1.08,21.09,BUY,장기 계약 확대
249,원유,SDRL,US20221014005,시드릴,2932571886,-0.87,46.49,BUY,
249,원유,DNOW,US20140603002,디나우,2919073211,-1.36,15.93,BUY,
249,원유,TALO,US20180510003,탈로스 에너지,2739311472,-0.3,16.36,BUY,
249,원유,NOG,US20220217010,노던 오일 앤 가스,2719622598,-0.55,25.39,BUY,
249,원유,NGL,US20110512003,NGL 에너지 파트너스,2662301280,-5.23,17.4,,
249,원유,CSAN,US20210311012,코장(ADR),2468416713,-4.76,2.4,HOLD,ADS 상장폐지
249,원유,INVX,US19971023001,이노벡스 인터내셔널,2152867642,-2.08,30.15,BUY,
249,원유,FLOC,NYS0250116001,플로우코 홀딩스,2114720684,-2.09,22.92,BUY,
249,원유,XPRO,US20211004017,엑스프로 그룹 홀딩스,2085881429,-1.08,18.37,HOLD,
249,원유,GEL,US19961127003,제네시스 에너지,1954374751,0,16.0,,
249,원유,VET,US20090908002,버밀리언 에너지,1814879192,2.95,12.23,BUY,
249,원유,GLP,US20050929001,글로벌 파트너스,1729327577,-0.26,50.75,,
249,원유,KRP,US20170203002,킴벨 로열티 파트너스,1716748741,-0.4,14.91,,
249,원유,AESI,NYS0230308001,아틀라스 에너지 솔루션즈,1602204527,-1.33,12.65,BUY,
249,원유,PUMP,US20170316002,프로페트로 홀딩,1570584888,-3.21,12.38,BUY,
249,원유,HLX,US19970701002,헬릭스 에너지 솔루션즈 그룹,1553081692,-1.52,10.38,,
249,원유,KOS,US20110511001,코스모스 에너지,1547939684,5.38,2.74,BUY,
249,원유,PBT,US19801024001,퍼미언 베이슨 로열티 트러스트,1534036303,0.76,33.17,,
249,원유,REX,US19920701001,렉스 아메리칸 리소시스,1486164102,-2.24,44.12,,
249,원유,RES,US19840611001,RPC,1455977859,-3.81,6.32,HOLD,
249,원유,NBR,US19910228001,네이버스 인더스트리스,1431008839,-2.95,93.86,HOLD,
249,원유,BORR,US20190731008,보르 드릴링,1384361313,-1.56,4.43,BUY,
249,원유,VTOL,US20200612004,브리스토우 그룹,1367688310,-0.56,45.89,,
249,원유,BH,US19951213001,비글래리 홀딩스 B,1249591885,-2.04,383.3,,
249,원유,BH.A,US20180501003,비글래리 홀딩스 A,1249591885,-0.59,1962.51,,
249,원유,TTI,US19900410001,테트라 테크놀로지스,1246508502,-5.23,7.98,,
249,원유,NPKI,US19910919001,NPK 인터내셔널,1215651928,-2.16,14.01,BUY,
249,원유,PDS,US20051107001,프리시전 드릴링,1129224214,-0.33,88.32,,
249,원유,SBR,US19821217001,사빈 로열티 트러스트,1059547932,-0.34,72.44,,
249,원유,DEC,NYS0231218001,다이버시파이드 에너지,1018158132,0.07,14.4,BUY,
249,원유,HPK,US20200824001,하이피크 에너지,996236864,-0.38,7.85,BUY,
249,원유,FET,US20120412001,포럼 에너지 테크놀로지스,970461954,-4.4,82.51,,
249,원유,APC,NAS2602012002,ARKO PETROLEUM CORP,927422708,-2.63,18.5,BUY,
249,원유,CAPL,US20141007001,크로스아메리카 파트너스,918635470,-0.17,24.03,,
249,원유,REPX,US20210301021,라일리 익스플로레이션 퍼미언,821731193,1.64,37.71,BUY,
249,원유,GFR,NYS0230921001,그린파이어 리소시스,808842513,-0.93,6.39,BUY,
249,원유,OBE,US20220131013,업시디언 에너지,772272595,0.35,11.61,BUY,
249,원유,SOC,US20210419016,세이블 오프쇼어,771152172,-0.75,3.99,BUY,목표가 하향
249,원유,SMC,NYS0240801005,서밋 미드스트림,705353317,-0.14,34.69,BUY,
249,원유,VTS,NYS0230117001,비테스 에너지,700046361,-1.08,16.45,BUY,
249,원유,GRNT,US20221025001,그래닛 리지 리소시스,693648199,-0.76,5.22,BUY,
249,원유,GPRK,US20140207001,지오파크,622218342,-2.29,9.37,BUY,
249,원유,EGY,US19920731001,발코 에너지,615241451,-0.34,5.83,BUY,
249,원유,NUAI,US20220105004,뉴 에라 에너지 & 디지털,581690655,-6.04,5.13,BUY,
249,원유,CLB,NYS0230502001,코어 래브러토리스,578940167,-0.79,12.52,,
249,원유,WTI,US20050128002,W&T 오프쇼어,565916079,2.13,3.83,BUY,
249,원유,OIS,US20010208001,오일 스테이츠 인터내셔널,552438057,-2.07,8.97,,
249,원유,SD,US20161004001,샌드리지 에너지,530805692,0.21,14.35,HOLD,
249,원유,RNGR,US20170810003,레인저 에너지 서비시스,412958146,-0.57,17.55,,
249,원유,SGU,US19951215004,스타 그룹,411037384,0,12.53,,
249,원유,REI,US20130904002,링 에너지,364678127,2.86,1.44,BUY,
249,원유,PNRG,US19950818014,프라임에너지 리소시스,333224906,1.08,212.87,SELL,
249,원유,GTE,US20051114001,그랜 티에라 에너지,331798073,1.28,9.5,HOLD,
249,원유,AREC,US20190215001,아메리칸 리소시스,315498357,-9.15,2.68,BUY,
249,원유,KGEI,NAS0231011006,콜리브리 글로벌 에너지,215939770,0.99,6.1,,
249,원유,SND,US20161104003,스마트 샌드,208135259,1.43,4.98,,
249,원유,AMPY,US20190807002,앰플리파이 에너지,199777730,0,4.82,,
249,원유,EPSN,US20190219001,엡실론 에너지,171067079,0.53,5.68,,
249,원유,PED,US20130911001,페데브코,166499699,-3.27,12.12,,
249,원유,TUSK,US20161014001,매머드 에너지 서비시스,158787363,-6.36,3.09,,
249,원유,EPM,US19960411001,에볼루션 페트롤리엄,137004761,0.26,3.83,BUY,보통주 공모 부담
249,원유,NCSM,US20170424001,NCS 멀티스테이지 홀딩스,134189653,-1.47,50.39,,
249,원유,SJT,US19801024002,산 후안 베이슨 로열티 트러스트,130476964,0,2.8,,
249,원유,EP,US20220308002,엠파이어 페트롤리엄,114729135,3.62,2.86,,
249,원유,DTI,US20211229006,드릴링 툴스 인터내셔널,90656094,-2.72,2.5,,
249,원유,DWSN,US19940922001,도슨 지오피지컬,88800238,-5.94,2.69,,
249,원유,LSE,NAS0241219003,레이션 에너지 홀딩,83404815,4.08,5.1,,
249,원유,BATL,US20200220001,바탈리언 오일,81323417,0.7,1.43,,
249,원유,NRT,US19960329002,노스 유러피언 오일 로열티 트러스트,80216842,1.03,8.82,,
249,원유,PROP,NAS0231228002,프레리 오퍼레이팅,80069609,-13.04,0.6174,BUY,가이던스 하향
249,원유,GEOS,US19971121001,지오스페이스 테크놀로지스,74622606,2.95,5.94,,
249,원유,BSIN,US19900326054,빅 스카이 인더스트리얼,74524866,-2.11,1.39,BUY,
249,원유,CRT,US19920227001,크로스 팀버스 로열티 트러스트,63406555,0.09,10.58,,
249,원유,PVL,US20180914005,퍼미언빌 로열티 트러스트,58067687,1.7,1.79,,
249,원유,VOC,US20110505004,VOC 에너지 트러스트,55068323,1.23,3.28,,
249,원유,INDO,US20191219003,인도네시아 에너지,46612241,-2.64,2.95,,
249,원유,MIND,US19941219001,마인드 테크놀로지,44708671,-4.47,4.7,,
249,원유,PTLE,NAS0241016006,PTL,42702384,16.91,7.95,,
249,원유,NXXT,US20210914005,넥스트NRG,42332436,-4.09,0.2414,BUY,
249,원유,AGIG,US20020118001,아번디아 글로벌 임팩트 그룹,40918672,-0.76,0.92,BUY,
249,원유,KLXE,US20180917001,케이엘엑스 에너지 서비시스 홀딩스,34242364,-1.24,1.59,,
249,원유,PRT,US20180501005,펌록 로열티 트러스트,26698121,0,2.19,,
249,원유,EONR,US20220404005,EON 리소시스,24978875,-2.46,0.4877,,
249,원유,SKYQ,NAS0241010011,스카이 쿼리,24110042,2.2,2.79,,
249,원유,UFG,NAS0250114006,유니 퓨얼스 홀딩스,19160027,-1.74,0.58,,
249,원유,MXC,US19970305001,멕스코 에너지,18430552,1.11,9.11,,
249,원유,BRN,US19840907022,반웰 인더스트리스,13854000,0.02,0.9602,,
249,원유,TPET,AMX0230418002,트리오 페트롤리엄,11051294,1.84,0.2543,,상장유지 역분할
249,원유,MARPS,US20190131001,마린 페트롤리엄 트러스트,9568571,-0.63,4.75,,
249,원유,DXLY,NAS0250709001,델릭시 홀딩스,7210456,-4.72,0.4203,,
249,원유,MTR,US19791015001,메사 로열티 트러스트,5142231,0,2.75,,
249,원유,TOPS,US20040723002,탑 십스,4875636,-7.91,0.8104,,수주잔고 확대
249,원유,RCON,US20090731001,레콘 테크놀로지,4762232,-25.22,3.35,,
249,원유,VIVK,US20220214007,비바코,3430110,-1.64,1.2,,
25,화장품제조,IPAR,US19910820001,인터파퓸스,3579082930,1.41,113.36,HOLD,
25,화장품제조,YSG,US20201118017,얏센 홀딩(ADR),299367157,-4.08,3.06,BUY,
25,화장품제조,UG,US19920317011,유나이티드 가디언,32842417,-1.12,7.07,,
25,화장품제조,ELAB,NAS0231121001,PMGC 홀딩스,7066128,-4.93,0.83,,
25,화장품제조,BYAH,NAS0241227003,박 하 바이올로지컬 테크놀로지,6941288,-1.01,2.93,,
825,전문점,ROST,US19850808002,로스 스토어스,75457372400,0.45,236.35,BUY,
825,전문점,ORLY,US19930422001,오릴리 오토모티브,72977059000,0.59,90.76,BUY,
825,전문점,AZO,US19910402002,오토존,49280695409,1.79,3073.2,BUY,
825,전문점,WSM,US19900326073,윌리엄스 소노마,28302639233,0.4,241.39,BUY,
825,전문점,ULTA,US20071025001,울타 뷰티,21203421053,4.71,516.58,BUY,소비재 순환매
825,전문점,BURL,US20131002002,벌링턴 스토어스,21197587585,0.03,336.95,BUY,
825,전문점,TSCO,US19940218001,트랙터 서플라이,18065841466,0.12,34.72,BUY,
825,전문점,BBY,US19870720001,베스트 바이,18004125846,2.14,87.27,HOLD,
825,전문점,DKS,US20021016001,딕스 스포팅 굿즈,17560254575,-2.41,191.52,BUY,
825,전문점,RBA,US19980310001,RB 글로벌,15203548405,4.45,85.76,BUY,
825,전문점,GME,US20020211001,게임스탑,8254169004,-2.45,17.95,,
825,전문점,FND,US20170424002,플로어 앤 데코 홀딩스,6028183667,-1.01,56.05,HOLD,
825,전문점,ACI,US20200625005,앨버트슨 컴퍼니스,5919718180,0.08,12.21,HOLD,
825,전문점,BOOT,US20141029003,부트 반 홀딩스,4969597746,-3.68,158.09,BUY,
825,전문점,SITE,US20160512004,사이트원 랜드스케이프 서플라이,4174752884,-0.59,95.09,BUY,
825,전문점,SIG,US19500508002,시그넷 주얼러스,3385969689,-1.57,84.76,BUY,
825,전문점,RH,US20121102002,RH,3328416552,-2.76,171.05,HOLD,JP모건 목표가 하향
825,전문점,ASO,US20201002001,아카데미 스포츠 앤 아웃도어스,2858440830,1.71,46.89,BUY,
825,전문점,AEO,US19940429001,아메리칸 이글 아웃피터스,2739243195,0,16.35,HOLD,목표가 상향
825,전문점,BKE,US19920506001,버클,2224594455,-0.19,43.11,,
825,전문점,RVLV,US20190606002,리볼브,1644567922,-1.21,22.86,BUY,
825,전문점,ADIG,NYS2608004001,에이디아이 글로벌 디스트리뷰션,1626689227,-4.34,20.5,BUY,
825,전문점,SBH,US20061113001,샐리 뷰티 홀딩스,1520103715,0.49,16.32,,
825,전문점,EYE,US20171025001,내셔널 비전 홀딩스,1460100627,1.68,18.78,BUY,
825,전문점,CAL,US20150601001,컬레러스,445977239,-2.71,12.92,,
825,전문점,SHOE,US19930316001,슈 스테이션 그룹,420756061,-1.42,15.28,HOLD,
825,전문점,BNED,US20150804003,반즈 앤드 노블 에듀케이션,411386087,0.67,11.95,BUY,
825,전문점,ELA,US20191218001,엔벨라,410655119,-1.39,15.6,,
825,전문점,ACCO,US19991109001,애코 브랜즈,390378241,1.18,4.28,,
825,전문점,DBI,US20190402004,디자이너 브랜즈,294952290,1.2,5.88,,
825,전문점,AENT,NAS0230630001,얼라이언스 엔터테인먼트 홀딩,278289774,2.75,5.61,BUY,
825,전문점,FLWS,US19990803001,1 800 플라워스닷컴,256339580,0.25,4.01,BUY,
825,전문점,BRLT,US20210922005,브릴리언트 어스 그룹,124197476,3.28,1.26,HOLD,
825,전문점,TLYS,US20120504001,틸리스,112173601,-0.27,3.67,HOLD,
825,전문점,GRWG,US20191202001,그로우제너레이션,111336042,-3.17,1.83,BUY,
825,전문점,CATO,US19870430002,케이토,65251630,7.95,3.53,,
825,전문점,PRTS,US20070209001,카파츠닷컴,49027431,-2.14,5.95,,
825,전문점,CGTL,NAS0241119001,크리에이티브 글로벌 테크놀로지 홀딩스,46205747,1.04,4.84,,
825,전문점,SPWH,US20140416001,스포츠맨스 웨어하우스 홀딩스,45253366,0,1.16,BUY,
825,전문점,MATH,NAS0221213006,메탈파 테크놀로지 홀딩,38615243,-1.32,0.809,,
825,전문점,YI,US20180911001,111(ADR),31750308,-1.66,3.55,,
825,전문점,BGI,US20131002001,버크스 그룹,7171199,7.09,0.3898,,
825,전문점,LESL,US20201029010,레슬리스,6140577,-3.61,0.6321,BUY,
825,전문점,RDGT,US20091001003,리지텍,2804314,7.69,0.8322,,
825,전문점,YHC,NAS0230810001,LQR 하우스,2157394,3.03,1.7,,
443,식품첨가물,KHC,US20150706002,크래프트 하인즈,29342916458,0.28,24.82,HOLD,
443,식품첨가물,IFF,US19640302001,인터내셔널 플레이버스 앤 프레그런스,20874495471,-1.01,81.0,BUY,
443,식품첨가물,MKC,US19870311001,매코믹 앤 컴퍼니,14504104127,2.48,55.28,BUY,
443,식품첨가물,MKC.V,US20031007003,매코믹 앤 컴퍼니 V,14504104127,2.14,55.46,,
443,식품첨가물,SJM,US19941031002,JM스머커,12591082026,0.57,118.5,BUY,
443,식품첨가물,INGR,US19971211001,인그리디언,6531412735,1.8,105.45,HOLD,
443,식품첨가물,LANC,US19900326029,마제티 컴퍼니,3146281616,0.78,115.66,,
27,화장품브랜드,EL,US19951117003,에스티 로더,30507314691,-0.08,84.27,BUY,
27,화장품브랜드,ELF,US20160922006,엘프 뷰티,5525517334,-1.23,92.51,BUY,
27,화장품브랜드,BBWI,US20131203003,배스 앤 바디 웍스,3790573971,6.54,20.04,HOLD,
27,화장품브랜드,COTY,US20130613002,코티,2350347046,2.62,2.74,HOLD,
211,대형마트,WMT,US19701001001,월마트,909654316587,0.77,115.21,BUY,동일점포 호조 전망
211,대형마트,COST,US19851127001,코스트코,422767400614,0.82,961.35,BUY,메디케어 출시계획
211,대형마트,TJX,US19651117001,TJX,166609339647,0,150.85,BUY,성장 회복 전망
211,대형마트,TGT,US19830406003,타겟,68572860379,0.97,152.48,HOLD,실적 개선 전망
211,대형마트,KR,US19510112001,크로거,34343851205,0.48,56.34,BUY,
211,대형마트,DG,US20091113001,달러 제너럴,26482429525,0.63,120.84,BUY,
211,대형마트,BJ,US20180724004,BJs 홀세일 클럽 홀딩스,12055587056,-1.84,92.69,BUY,
211,대형마트,PSMT,US19970902001,프라이스스마트,5559770427,-1.83,176.7,BUY,
211,대형마트,AAP,US20011129001,어드밴스 오토 파츠,3419490968,0.42,56.96,HOLD,
211,대형마트,WMK,US19650604001,웨이스 마케츠,1737939445,0.09,70.31,,
23,화장품,EL,US19951117003,에스티 로더,30507314691,-0.08,84.27,BUY,
23,화장품,ELF,US20160922006,엘프 뷰티,5525517334,-1.23,92.51,BUY,
23,화장품,BBWI,US20131203003,배스 앤 바디 웍스,3790573971,6.54,20.04,HOLD,
23,화장품,IPAR,US19910820001,인터파퓸스,3579082930,1.41,113.36,HOLD,
23,화장품,COTY,US20130613002,코티,2350347046,2.62,2.74,HOLD,
23,화장품,YSG,US20201118017,얏센 홀딩(ADR),299367157,-4.08,3.06,BUY,
23,화장품,UG,US19920317011,유나이티드 가디언,32842417,-1.12,7.07,,
23,화장품,ELAB,NAS0231121001,PMGC 홀딩스,7066128,-4.93,0.83,,
23,화장품,BYAH,NAS0241227003,박 하 바이올로지컬 테크놀로지,6941288,-1.01,2.93,,
5,방위산업물자,GE,US20110103002,제너럴 일렉트릭 (에어로스페이스),383225464220,1.53,375.09,BUY,
5,방위산업물자,RTX,US20200403004,RTX,298653791735,1.74,225.49,BUY,주주환원 규제 우려
5,방위산업물자,BA,US19520523001,보잉,186539354244,-1.28,223.06,BUY,아파치 운항중단
5,방위산업물자,LMT,US19950316001,록히드 마틴,137000653558,2.26,607.17,BUY,
5,방위산업물자,GD,US19520425001,제너럴 다이내믹스,105803307869,0.6,393.48,BUY,
5,방위산업물자,NOC,US19850619001,노스롭 그루먼,80987165787,3.32,589.14,BUY,
5,방위산업물자,LHX,US20190701004,L3 해리스,51827435876,0.42,279.54,BUY,
5,방위산업물자,ESLT,US19961127001,엘빗 시스템즈,36674744927,1.65,795.78,,
5,방위산업물자,TDY,US19991123001,텔레다인 테크놀로지스,31388651344,-1.81,665.0,BUY,
5,방위산업물자,CW,US19690124001,커티스 라이트,25703508542,-0.06,695.67,BUY,
5,방위산업물자,ARXS,NAS2604016001,아르시스,23630270315,-1.55,56.71,BUY,씨티 목표가 상향
5,방위산업물자,BWXT,US20150702003,BWX 테크놀로지스,15713502728,-3.66,165.01,BUY,
5,방위산업물자,MOG.A,US19920221001,무그 A,14117625820,-1.72,437.71,BUY,
5,방위산업물자,MOG.B,US19950818028,무그 B,14117625820,-0.9,445.95,,
5,방위산업물자,EMBJ,US20000721001,임브라에르(ADR),13726568555,-0.09,77.08,BUY,
5,방위산업물자,DRS,NAS0221129002,레오나르도 DRS,12100964448,-2.47,44.23,BUY,
5,방위산업물자,KTOS,US19991105001,크라토스 디펜스 앤 시큐리티 솔루션즈,11878364226,-2.04,62.0,BUY,차익실현 매물
5,방위산업물자,AVAV,US20070123001,에어로바이런먼트,9203548834,-3.86,174.14,BUY,
5,방위산업물자,BAH,US20101117001,부즈 알렌 해밀턴 홀딩,9015852802,1.05,75.76,HOLD,
5,방위산업물자,CAE,US19960110001,CAE,8695339203,-4.05,26.04,BUY,RBC 의견상향
5,방위산업물자,KRMN,NYS0250213001,카르만 홀딩스,8186196767,-3.8,59.43,BUY,목표가 하향
5,방위산업물자,LOAR,NYS0240424001,로어 홀딩스,7290227957,-1.48,76.68,BUY,
5,방위산업물자,VSEC,US19950818020,VSE,6831810840,-3.38,235.26,BUY,
5,방위산업물자,IRDM,US20080320001,이리디움 커뮤니케이션스,5302192949,-2.0,49.05,HOLD,
5,방위산업물자,AADX,NYS2606003001,어플라이드 에어로스페이스 및 디펜스,3123108356,-1.82,17.79,BUY,실적 상회 가이던스
5,방위산업물자,VOYG,NYS0250611002,보이저 테크놀로지스,2683489081,-3.96,42.24,BUY,
5,방위산업물자,VVX,US20220708003,V2X,2590144652,-1.44,81.46,BUY,
5,방위산업물자,AVEX,NYS2604017001,에이벡스,2305434354,-1.53,19.91,BUY,
5,방위산업물자,CDRE,US20211104004,캐드리 홀딩스,1425628167,0.45,33.45,BUY,
5,방위산업물자,NPK,US19690303001,내셔널 프레스토 인더스트리스,1028588688,2.14,147.26,,방산 수주 확대
5,방위산업물자,SATL,US20220126006,세틀로직,893039532,-1.03,5.75,BUY,
5,방위산업물자,SWBI,US20200601003,스미스 앤 웨슨 브랜즈,634346971,0,14.15,,
5,방위산업물자,RGR,US19900620001,스텀 루거 앤 컴퍼니,598099090,0.43,37.6,,
5,방위산업물자,ELMT,NAS2604023001,엘메트 그룹,581653084,-5.86,17.98,BUY,
5,방위산업물자,OPTX,US20220124007,신텍 옵틱스 홀딩스,362844767,-7.44,8.34,,
5,방위산업물자,POWW,US20201201003,애모,291582269,1.8,2.26,,
5,방위산업물자,BYRN,US20210505001,브리나 테크놀로지스,90258392,-1.77,3.89,BUY,
5,방위산업물자,OPXS,NAS0230315003,옵텍스 시스템즈 홀딩스,78073221,0.8,11.31,BUY,
5,방위산업물자,TPCS,NAS0230505003,테크프리시전,62911598,-2.41,6.08,,
5,방위산업물자,VWAV,NAS0250715007,비전웨이브,39433997,-4.9,1.36,,순손실 확대 예비치
5,방위산업물자,EFOI,US20140807001,에너지 포커스,18594185,2.74,3.0,,
5,방위산업물자,ASTC,NAS0221205001,애스트로테크,14679167,-0.86,8.09,,
5,방위산업물자,SYNX,AMX0240112002,사일링스컴,7097346,-2.8,1.04,,
5,방위산업물자,DFSC,NAS0221207001,DEFSEC 테크놀로지스,5758703,-4.63,2.06,,워런트 희석 부담
49,음식료,KO,US19240926001,코카콜라,374156401104,2.12,88.82,BUY,
49,음식료,PM,US20080331002,필립 모리스 인터내셔널,287534386101,1.68,187.62,BUY,
49,음식료,PEP,US20171220003,펩시코,188642611251,1.37,140.13,HOLD,
49,음식료,MCD,US19660705001,맥도날드,187860223888,0.55,266.99,BUY,
49,음식료,UBER,US20190509010,우버,153139113522,-0.44,74.66,BUY,자율주행 확장
49,음식료,BUD,US19800418001,안호이저부시 인베브(ADR),133428139877,0.3,77.43,,
49,음식료,SBUX,US19920626001,스타벅스,123002719841,-1.77,106.01,HOLD,
49,음식료,BTI,US20170725006,브리티쉬 아메리칸 토바코(ADR),120413239754,1.17,56.38,BUY,
49,음식료,MO,US19850702002,알트리아 그룹,106774182271,1.92,65.19,HOLD,
49,음식료,DASH,US20201207007,도어대시,92151112799,1.71,216.35,BUY,
49,음식료,MNST,US19950818011,몬스터 베버리지,89018983717,4.13,47.4,BUY,
49,음식료,MDLZ,US20010613001,몬덜리즈 인터내셔널,79344011743,0.77,62.66,BUY,
49,음식료,CL,US19510109001,콜게이트 팜올리브,71897716494,1.39,91.46,BUY,
49,음식료,CARR,US20200403002,캐리어,51558843589,-1.82,61.42,BUY,
49,음식료,DEO,US19971217001,디아지오(ADR),51100763192,-0.91,90.98,BUY,인도 제조법변경
49,음식료,CCEP,US20210913002,코카콜라 유로퍼시픽 파트너스,46676116326,1.83,107.5,BUY,
49,음식료,ABEV,US20131112001,암베브(ADR),42949663520,0,2.78,HOLD,
49,음식료,CMG,US20060126001,치폴레 멕시칸 그릴,42711455607,-1.18,33.36,BUY,
49,음식료,KDP,US20200921002,큐리그 닥터페퍼,41197077450,1.72,30.8,BUY,
49,음식료,YUM,US19970917002,염 브랜즈,39600467024,-0.19,144.86,BUY,
49,음식료,ADM,US19450910001,아처 대니얼스 미들랜드,39170189281,1.43,82.45,HOLD,
49,음식료,SYY,US19810120001,시스코,39157132820,0.13,81.96,BUY,
49,음식료,HSY,US19470919001,허쉬,36371887556,1.32,183.45,HOLD,
49,음식료,KHC,US20150706002,크래프트 하인즈,29342916458,0.28,24.82,HOLD,
49,음식료,QSR,US20141216001,레스토랑 브랜즈 인터내셔널,26904467764,-0.78,76.56,BUY,
49,음식료,DRI,US19950515001,다든 레스토랑,25598238406,-2.94,218.86,BUY,
49,음식료,USFD,US20160526003,US 푸즈 홀딩,23490699112,-1.57,106.91,BUY,
49,음식료,FMX,US19980511001,포멘토 에코노미코 멕시카노(ADR),23100978664,0.03,117.31,BUY,
49,음식료,STZ,US19860731001,콘스텔레이션 브랜즈,22292105767,0.34,131.0,BUY,
49,음식료,BG,US20010802001,번지 글로벌,22071728574,0.15,114.36,BUY,
49,음식료,AMCR,US20190611003,앰코,21046136872,0.72,45.86,BUY,
49,음식료,IFF,US19640302001,인터내셔널 플레이버스 앤 프레그런스,20874495471,-1.01,81.0,BUY,
49,음식료,TSN,US19860709003,타이슨 푸드,20614715697,-1.06,57.99,HOLD,
49,음식료,GIS,US19521114001,제너럴 밀스,20300922960,0.26,38.08,HOLD,
49,음식료,PFGC,US20151001004,퍼포먼스 푸드 그룹,16487062052,-0.13,104.54,BUY,실적 기대치 하회
49,음식료,ARMK,US20131212002,아라마크,16288574066,-2.1,60.5,BUY,내부자 매도 부담
49,음식료,BALL,US19731217001,볼,16191118392,0.8,61.67,BUY,
49,음식료,YUMC,US20161101003,염 차이나 홀딩스,16140054369,-0.59,46.86,BUY,
49,음식료,GRAB,US20211202003,그랩 홀딩스,14643756257,-3.91,3.44,BUY,
49,음식료,MKC,US19870311001,매코믹 앤 컴퍼니,14504104127,2.48,55.28,BUY,
49,음식료,MKC.V,US20031007003,매코믹 앤 컴퍼니 V,14504104127,2.14,55.46,,
49,음식료,JBS,NYS0250613002,제이비에스 N.V.,14390237123,1.64,13.66,BUY,목표주가 하향
49,음식료,TXRH,US20041005002,텍사스 로드하우스,13414161081,-0.49,203.39,BUY,
49,음식료,HRL,US19900116001,호멜 푸즈,13215763188,1.33,24.34,HOLD,목표가 상향
49,음식료,BF.B,US19720630001,브라운 포먼 B,12731962880,-1.56,27.15,HOLD,
49,음식료,BF.A,US19730503004,브라운 포먼 A,12731962880,-0.89,27.8,,
49,음식료,CCK,US19480129001,크라운 홀딩스,12639641826,0.53,116.86,BUY,
49,음식료,SJM,US19941031002,JM스머커,12591082026,0.57,118.5,BUY,
49,음식료,COKE,US19900326008,코카콜라 컨솔리데이티드,12392309655,1.35,188.72,,
49,음식료,MICC,NYS0251208001,더 매그넘 아이스크림 컴퍼니,11636590342,-0.16,18.98,HOLD,
49,음식료,DPZ,US20040713001,도미노 피자,11093923319,0.23,336.2,BUY,
49,음식료,DAR,US19940930001,달링 인그리디언츠,10676259648,0.99,68.34,BUY,
49,음식료,EAT,US19890728001,브링커 인터내셔널,10364210206,-2.51,235.65,BUY,
49,음식료,PRMB,US20200303002,프리모 브랜즈 코퍼레이션,8822316939,-3.86,23.44,BUY,
49,음식료,BROS,US20210914002,더치 브로스,8805585080,-3.93,48.44,BUY,
49,음식료,ATR,US19930401002,앱타그룹,8374402316,-0.01,131.73,BUY,
49,음식료,CAVA,NYS0230615002,카바 그룹,8293817651,-3.91,68.24,BUY,
49,음식료,CELH,US20170524001,셀시어스 홀딩스,7575528249,-0.07,29.92,BUY,
49,음식료,SFM,US20130802002,스프라우츠 파머스 마케츠,7514165353,-2.18,78.84,BUY,
49,음식료,CAG,US19760112001,콘아그라 브랜즈,7458669374,-0.13,15.52,HOLD,
49,음식료,LW,US20161110001,램 웨스턴 홀딩스,7214961181,-0.97,51.98,HOLD,
49,음식료,TAP,US19750610001,몰슨 쿠어스 베버리지,7199047175,0.96,41.13,HOLD,
49,음식료,TAP.A,US20020322002,몰슨 쿠어스 베버리지 A,7199047175,6.59,44.5,,
49,음식료,PPC,US19871230001,필그림스 프라이드,6843563208,-0.94,28.5,HOLD,JBS 인수 제안
49,음식료,CPB,US19541213001,캠벨스,6761883874,0.71,22.84,HOLD,
49,음식료,INGR,US19971211001,인그리디언,6531412735,1.8,105.45,HOLD,
49,음식료,JBTM,US20080718001,JBT 마렐 코퍼레이션,6158028800,-2.95,115.23,BUY,
49,음식료,KOF,US19930914001,코카콜라 펨사(ADR),5707271840,0.83,109.59,BUY,
49,음식료,SXT,US19880105006,센시언트 테크놀로지스,5678803056,-2.48,130.14,BUY,
49,음식료,SON,US19950308001,소노코 프로덕츠,5609966943,0.79,57.2,BUY,
49,음식료,CAKE,US19831207001,치즈케이크 팩토리,5426241828,-2.51,106.33,HOLD,
49,음식료,MIDD,US19920317005,미들비,5194042164,-0.74,114.03,BUY,목표가 하향
49,음식료,TBBB,NYS0240209001,비비비 푸즈,5132817832,-0.8,48.06,BUY,
49,음식료,CHEF,US20110728001,셰프스 웨어하우스,4509866673,-2.02,108.34,BUY,
49,음식료,AKO.A,US19940707001,엠보테야도라 안디나 A(ADR),4342256229,-3.32,23.33,,
49,음식료,AKO.B,US19970407001,엠보테야도라 안디나 B(ADR),4342256229,-2.78,30.07,BUY,
49,음식료,CALM,US19961212001,칼 메인 푸즈,3772975349,0.96,81.2,,
49,음식료,COCO,US20211020005,비타 코코,3770671774,-3.08,63.48,,
49,음식료,FRPT,US20141125001,프레시펫,3490678950,-0.11,72.57,BUY,
49,음식료,POST,US20120127003,포스트 홀딩스,3487233082,0.59,79.82,BUY,
49,음식료,GPK,US19921210001,그래픽 패키징 홀딩,3256096915,-0.27,10.97,HOLD,
49,음식료,SHAK,US20150130001,쉐이크쉑,3174580106,-4.31,70.99,BUY,
49,음식료,WING,US20150612001,윙스탑,3151839141,-1.0,114.56,BUY,
49,음식료,LANC,US19900326029,마제티 컴퍼니,3146281616,0.78,115.66,,
49,음식료,AMBP,US20210805002,아르다 메탈 패키징,3119365562,-2.68,5.08,HOLD,
49,음식료,UNFI,US20190102009,유나이티드 내추럴 푸드,2910958617,-2.6,46.86,HOLD,
49,음식료,FIZZ,US19910913001,내셔널 베버리지,2904167756,1.45,31.48,,
49,음식료,FCPT,US20151110003,포 코너스 프라퍼티 트러스트,2751009803,-0.72,24.89,BUY,
49,음식료,RLX,US20210120007,RLX 테크놀로지(ADR),2285131520,-2.14,1.83,BUY,해외 매출 급감
49,음식료,CCU,US19941104001,세르베세리아스 우니다스(ADR),2153745087,-0.94,11.55,HOLD,목표가 하향
49,음식료,UTZ,US20200831005,UTZ 브랜즈,2036633488,0.07,14.16,HOLD,
49,음식료,CHA,NAS0250417002,차지 홀딩스 (ADR),1935837305,-0.89,10.06,BUY,
49,음식료,SAM,US19951121005,보스턴 비어,1875775726,-2.0,178.65,HOLD,
49,음식료,TRLV,NYS2606010002,트루리브 캐너비스,1823206837,2.32,9.69,BUY,
49,음식료,TR,US19871230007,투시 롤 인더스트리스,1727488655,0.77,40.51,,
49,음식료,TPB,US20160511005,터닝 포인트 브랜즈,1709810517,1.41,86.5,BUY,
49,음식료,ARCO,US20110414001,아르코스 도라도스 홀딩스,1655460622,-2.04,7.7,BUY,
49,음식료,WEN,US19810527001,웬디스,1643226385,-1.97,8.45,HOLD,
49,음식료,JJSF,US19860204001,제이앤제이 스낵 푸즈,1633266911,1.6,88.84,BUY,
49,음식료,NOMD,US20160112001,노마드 푸즈,1590486273,0.35,11.42,BUY,
49,음식료,FLO,US19871208001,플라워스 푸즈,1549342005,0.96,7.38,HOLD,
49,음식료,DMC,US19971024002,델몬트,1433883926,0.03,30.43,,
49,음식료,BJRI,US19961009001,BJS 레스토랑,1409513549,-1.4,65.34,BUY,
49,음식료,AGRO,US20110128002,아데코아그로,1336013121,5.94,9.81,HOLD,
49,음식료,CBRL,US19840907012,크래커 배럴 올드 컨트리 스토어,1319350457,-1.37,58.23,HOLD,
49,음식료,SENEB,US19720601001,세네카 푸즈 B,1281645401,1.75,192.11,,
49,음식료,SENEA,US19980603002,세네카 푸즈 A,1281645401,1.53,192.4,HOLD,
49,음식료,BH,US19951213001,비글래리 홀딩스 B,1249591885,-2.04,383.3,,
49,음식료,BH.A,US20180501003,비글래리 홀딩스 A,1249591885,-0.59,1962.51,,
49,음식료,DOLE,US20210727004,돌,1221093467,-0.08,12.92,BUY,
49,음식료,CRON,US20180227002,크로노스 그룹,1167539495,1.59,3.2,,
49,음식료,UVV,US19880104001,유니버설,1103301138,0.25,44.43,,
49,음식료,OI,US19911211002,O I 글래스,1017011888,-3.93,6.36,HOLD,
49,음식료,JBSS,US19911203001,존 비 샌필리포 앤 선,979261856,-0.35,83.5,BUY,
49,음식료,SMPL,US20170710001,심플리 굿 푸즈,958709033,1.11,10.96,BUY,
49,음식료,KRT,US20210413002,카랫 패키징,952534298,0.15,47.87,BUY,
49,음식료,HDL,NAS0240517003,슈퍼 하이 인터내셔널 홀딩(ADR),916727217,0,14.1,,
49,음식료,BLMN,US20120808001,블루민 브랜즈,915093576,-0.28,10.66,HOLD,
49,음식료,WEST,US20220829005,웨스트록 커피,810135539,-0.6,8.25,,
49,음식료,MAMA,US20210715008,마마스 크리에이션,802837990,-7.12,16.04,BUY,
49,음식료,PZZA,US19930608001,파파 존스 인터내셔널,764608669,0.6,23.37,HOLD,
49,음식료,FWRG,US20211001004,퍼스트 와치 레스토랑 그룹,759519034,-2.44,12.01,BUY,
49,음식료,OFRM,NYS2602006002,원스 어폰 어 팜,732161748,2.01,17.79,BUY,
49,음식료,SG,US20211117012,스위트그린,699814550,-1.02,5.82,HOLD,
49,음식료,CRESY,US19970319001,크레수드(ADR),668349411,-2.36,10.33,,
49,음식료,CNNE,US20171120002,칸나에 홀딩스,645271681,0.74,14.99,BUY,
49,음식료,NGVC,US20120725001,내추럴 그로서스 바이 바이타민 코티지,641690892,0,27.85,BUY,
49,음식료,TLRY,US20180718006,틸레이 브랜즈,616231830,-0.45,4.46,HOLD,
49,음식료,KRUS,US20190731001,쿠라 스시 USA,614894322,-1.21,50.01,BUY,
49,음식료,AGCC,NAS0251022001,에젠시아 커머셜 스피리츠,613000571,1.19,14.5,,
49,음식료,DNUT,US20210630006,크리스피 크림,555082306,1.25,3.24,HOLD,
49,음식료,VITL,US20200730007,바이털 팜스,479014221,-1.25,11.02,BUY,정관 개정 부담
49,음식료,LOCO,US20140724001,엘 폴로 로코 홀딩스,470393468,-1.29,15.26,BUY,
49,음식료,DIN,US19930331001,다인 브랜즈 글로벌,442849761,-0.09,34.96,HOLD,
49,음식료,OTLY,US20210519005,오틀리 그룹(ADR),435509981,1.17,13.81,BUY,
49,음식료,CGC,US20201116001,캐노피 그로스,422947997,-1.15,0.9885,HOLD,
49,음식료,WILC,US19970521002,G 윌리 푸드,401107881,-0.64,28.15,,
49,음식료,NATH,US19930226001,네이선스 페이머스,399437255,0,97.5,,
49,음식료,MGPI,US19881020001,MGP 인그리디언츠,383016609,-2.18,17.5,,
49,음식료,PTLO,US20211020012,포틸로스,377357812,-4.63,4.74,HOLD,
49,음식료,LWAY,US19950818009,라이프웨이 푸즈,373812728,2.87,25.46,BUY,
49,음식료,PLAY,US20141021001,데이브 앤 버스터스 엔터테인먼트,353030391,-2.17,9.93,HOLD,
49,음식료,JACK,US19920301001,잭 인 더 박스,327897019,-2.16,16.73,HOLD,
49,음식료,VFF,US20190221001,빌리지 팜스 인터내셔널,315431765,-1.55,2.54,BUY,
49,음식료,SNDL,US20190731003,SNDL,305344258,0,1.23,,
49,음식료,BGS,US20070523001,비앤지 푸즈,280341624,0,3.45,,
49,음식료,SUJA,NAS2605007003,수자 라이프,256801880,1.2,6.73,BUY,
49,음식료,RICK,US19951013002,RCI 호스피털리티 홀딩스,237617123,-0.32,30.99,,
49,음식료,ACB,US20210525001,오로라 캐너비스,233453049,1.94,3.67,,
49,음식료,HITI,US20210602002,하이 타이드,204940414,2.58,2.39,BUY,
49,음식료,BRCC,US20220210002,BRC,204066158,0.76,0.8217,BUY,
49,음식료,RRGB,US20020719001,레드 로빈 고메 버거스,200148296,-3.59,10.21,BUY,
49,음식료,BYND,US20190501001,비욘드 미트,199921434,9.37,12.72,HOLD,비중축소 유지
49,음식료,OGI,US20190521002,오개니그램 홀딩스,172696342,-0.82,1.21,,
49,음식료,HCHL,NAS0250624004,해피 시티 홀딩스 ,117872127,0,3.96,,
49,음식료,BUDA,AMX0260108001,부다 주스,109558098,5.85,9.23,BUY,2분기 실적 호조
49,음식료,NDLS,US20130628002,누들스 앤드 컴퍼니,104394415,-6.91,16.29,,
49,음식료,ZVIA,US20210720015,제비아 PBC,100527706,0.77,1.31,BUY,매각 검토 요구
49,음식료,MB,NAS0250410007,마스터비프 그룹,99477907,-6.03,5.45,,
49,음식료,HFFG,US20180823002,HF 푸즈 그룹,98617819,3.83,1.9,BUY,
49,음식료,BARK,US20210602004,바크,93024883,-1.94,10.1,BUY,
49,음식료,ISPR,NAS0230404001,아이스파이어 테크놀로지,90097948,-5.1,1.49,BUY,
49,음식료,BDL,US19840907021,플래니건스 엔터프라이지스,88991736,3.3,49.47,,
49,음식료,TWG,NAS0240415006,탑 웰스 그룹 홀딩스,70574905,-7.14,1.04,,
49,음식료,SOWG,NAS0240502004,소 굿,69198529,1.74,3.5,,
49,음식료,WYHG,NAS0241126008,윙입푸드(ADR),66925943,-5.08,5.05,,
49,음식료,GENK,NAS0230628002,젠 레스토랑 그룹,62289920,-4.23,1.81,BUY,
49,음식료,WFCF,US20210412009,웨어 푸드 컴스 프롬,61436014,2.19,12.61,,
49,음식료,BOF,NAS0230616001,브랜치아웃 푸드,61404260,0,4.01,BUY,
49,음식료,BRID,US19840907010,브리지포드 푸즈,57716414,-3.3,6.15,,
49,음식료,THCH,US20220929003,TH 인터내셔널,56502108,-17.65,1.4,,기존점 매출 부진
49,음식료,INCR,US20210901002,인터큐어,56124924,0.23,0.95,,
49,음식료,STKS,US20150508001,원 그룹 호스피털리티,56077681,-3.95,1.7,BUY,
49,음식료,HAIN,US19940120001,하인 셀레스티얼 그룹,50441002,-6.55,0.5224,HOLD,
49,음식료,LSF,US20200922002,레어드 슈퍼푸드,50021584,-3.8,4.3,,
49,음식료,MGLD,US20220310003,더 메리골드 컴퍼니스,44728233,-0.96,1.03,,
49,음식료,AGFY,US20210125001,RYTHM INC,44292280,0.84,20.5,,
49,음식료,RAVE,US20150112001,레이브 레스토랑 그룹,42625660,1.33,3.04,,
49,음식료,WVVI,US19940915001,윌래메트 밸리 바인야드,40832360,-1.77,2.22,,유통업체 파산 부담
49,음식료,FLGC,US20210330004,제로스택 코퍼레이션,34097935,-5.64,1.84,,
49,음식료,BLNE,US20180104001,비라인 홀딩스,32262744,0.76,0.9874,,
49,음식료,PC,NAS0240925004,프리미엄 케이터링 홀딩스,30491317,0,9.4,,
49,음식료,DDC,AMX0231117001,DDC 엔터프라이즈,26125526,-5.82,0.518,BUY,
49,음식료,BRFH,US20220120001,바프레시 푸드 그룹,21685271,-2.26,1.3,,시설지연 비용부담
49,음식료,COOT,US20201210002,오스트레일리안 오일시즈 홀딩스,20449624,-3.45,0.4229,,
49,음식료,ARKR,US19851213001,아크 레스토랑스,20154144,-1.79,5.49,,
49,음식료,JVA,US20050503001,커피 홀딩,20090008,-0.57,3.5,,
49,음식료,EPSM,NAS0250326003,앱시움 엔터프라이즈,19077962,2.11,1.45,,
49,음식료,BRLS,US20211006007,보레알리스 푸즈,18712035,2.05,0.8899,,
49,음식료,GTIM,US19950818004,굿 타임스 레스토랑,16572383,-3.82,1.51,,
49,음식료,PETZ,US20170921007,TDH 홀딩스,14036667,-15.44,1.15,,
49,음식료,SDOT,US20200211001,사닷 그룹,13949601,-3.97,10.15,,
49,음식료,RMCF,US19860219001,로키 마운틴 초콜릿 팩토리,12929492,-7.3,1.27,,
49,음식료,REBN,US20220812003,리본 커피,12153336,-3.38,1.43,,
49,음식료,PLAG,US20181001007,플래닛 그린 홀딩스,11999903,-3.4,0.8146,,
49,음식료,AMSS,NAS2605020001,어매스 브랜즈,11022489,5.25,0.9999,,
49,음식료,YHGJ,US19971105001,윈훙 그린 CTI,8686941,2.1,3.4,,
49,음식료,BNKK,US20201021002,본크,7804062,-4.55,0.9312,,2분기 실적 개선
49,음식료,BTBD,US20211112005,BT 브랜즈,7543763,3.28,1.26,,
49,음식료,AQB,US20170119001,아쿠아바운티 테크놀로지스,7204558,-0.71,1.39,,
49,음식료,MLEC,NAS0230103004,물렉 사이언스,6221511,-16.57,7.15,,
49,음식료,AGRZ,NAS0251001001,아그로즈,5809429,8.88,0.2919,,
49,음식료,YCBD,US20190501008,CBDMD,5321267,-1.05,0.47,HOLD,투자의견 하향
49,음식료,FAMI,US20180213004,팜미,5141610,-24.13,0.1,,
49,음식료,NCRA,US20220811004,노세라,4613850,-1.39,2.13,,
49,음식료,AMZE,US20211213019,어메이즈 홀딩스,4401295,-4.68,0.2015,,
49,음식료,IBG,NAS0240926003,이노베이션 베버리지 그룹,4046846,2.06,0.9185,,
49,음식료,STKH,US20220803004,스테이크홀더 푸즈(ADR),4016263,-7.58,3.66,,기존주주 매물 부담
49,음식료,MGN,NAS0250926004,메건 홀딩스,3717711,0.1,0.1006,,
49,음식료,XXII,US20210816009,22ND 센추리 그룹,2941031,-1.21,4.07,,
49,음식료,AKAN,NAS0230309002,어칸다,2925329,-11.46,4.79,,급등 후 차익실현
49,음식료,CHSN,NAS0230329001,샹송 인터내셔널 홀딩,2550455,-2.73,1.07,,
49,음식료,SBEV,US20210611012,스플래시 베버리지 그룹,2380895,5.48,0.3987,,
49,음식료,GNLN,US20190417011,그린레인 홀딩스,1395737,48.26,2.98,,
49,음식료,MSS,NAS0231003002,메이슨 솔루션스,1248530,7.53,1.57,,
49,음식료,RKDA,NAS0230301005,아카디아 바이오사이언시스,1156657,-14.91,0.4086,,
49,음식료,IMCC,NAS0221117002,IM 캐너비스,653310,-0.1,0.1049,,주식병합 부담
281,사료,CL,US19510109001,콜게이트 팜올리브,71897716494,1.39,91.46,BUY,
281,사료,GIS,US19521114001,제너럴 밀스,20300922960,0.26,38.08,HOLD,
281,사료,SJM,US19941031002,JM스머커,12591082026,0.57,118.5,BUY,
281,사료,DAR,US19940930001,달링 인그리디언츠,10676259648,0.99,68.34,BUY,
281,사료,FRPT,US20141125001,프레시펫,3490678950,-0.11,72.57,BUY,
281,사료,BARK,US20210602004,바크,93024883,-1.94,10.1,BUY,
231,간편식,KHC,US20150706002,크래프트 하인즈,29342916458,0.28,24.82,HOLD,
231,간편식,GIS,US19521114001,제너럴 밀스,20300922960,0.26,38.08,HOLD,
231,간편식,HRL,US19900116001,호멜 푸즈,13215763188,1.33,24.34,HOLD,목표가 상향
231,간편식,CAG,US19760112001,콘아그라 브랜즈,7458669374,-0.13,15.52,HOLD,
231,간편식,LW,US20161110001,램 웨스턴 홀딩스,7214961181,-0.97,51.98,HOLD,
231,간편식,CPB,US19541213001,캠벨스,6761883874,0.71,22.84,HOLD,
231,간편식,NOMD,US20160112001,노마드 푸즈,1590486273,0.35,11.42,BUY,
231,간편식,BGS,US20070523001,비앤지 푸즈,280341624,0,3.45,,
231,간편식,DDC,AMX0231117001,DDC 엔터프라이즈,26125526,-5.82,0.518,BUY,
231,간편식,RKDA,NAS0230301005,아카디아 바이오사이언시스,1156657,-14.91,0.4086,,
297,빵,LANC,US19900326029,마제티 컴퍼니,3146281616,0.78,115.66,,
297,빵,FLO,US19871208001,플라워스 푸즈,1549342005,0.96,7.38,HOLD,
297,빵,BRID,US19840907010,브리지포드 푸즈,57716414,-3.3,6.15,,
297,빵,MGLD,US20220310003,더 메리골드 컴퍼니스,44728233,-0.96,1.03,,
297,빵,CHSN,NAS0230329001,샹송 인터내셔널 홀딩,2550455,-2.73,1.07,,
157,산업용 가스,APD,US19611113001,에어 프로덕츠 앤 케미컬스,66982966216,0.79,303.23,BUY,
157,산업용 가스,VGAS,NAS0230216003,버드 클린 퓨얼스,61020042,-3.65,1.32,,
155,부동산임대개발,CBRE,US20180320001,CBRE 그룹,42836478511,-0.45,147.3,BUY,
155,부동산임대개발,LB,NYS0240627002,랜드브릿지,6126220462,1.67,80.82,,
155,부동산임대개발,MRP,NYS0250207001,밀로즈 프라퍼티스,5006943860,-0.73,29.94,,
155,부동산임대개발,HHH,US20101105001,하워드 휴즈 홀딩스,3979563265,-1.34,65.76,,
155,부동산임대개발,JOE,US19920310001,세인트 조,3857927975,-0.68,67.32,,
155,부동산임대개발,BATRA,NAS0230719001,애틀랜타 브레이브스 홀딩스 A,3364483677,0.43,56.36,BUY,
155,부동산임대개발,BATRK,NAS0230719002,애틀랜타 브레이브스 홀딩스 C,3364483677,-0.78,52.31,HOLD,
155,부동산임대개발,GRBK,US20211213007,그린 브릭 파트너스,3092642401,-2.16,69.35,,
155,부동산임대개발,ABM,US19840719001,ABM 인더스트리스,2794889048,-1.3,47.1,BUY,
155,부동산임대개발,FOR,US19730314001,포레스타 그룹,1487358639,-1.75,28.65,BUY,
155,부동산임대개발,DFH,US20221010002,드림 파인더스 홈스,1367826076,-5.24,14.29,HOLD,
155,부동산임대개발,HOV,US19830907001,호브내니언 엔터프라이지스,773254690,-4.74,124.5,SELL,
155,부동산임대개발,CRESY,US19970319001,크레수드(ADR),668349411,-2.36,10.33,,
155,부동산임대개발,TRC,US19920317027,테혼 랜치,447650412,-1.15,16.38,,
155,부동산임대개발,FPH,US20170508003,파이브 포인트 홀딩스,367569209,-0.59,5.09,,
155,부동산임대개발,SEG,AMX0240801006,시포트 엔터테인먼트 그룹,349754269,-2.42,26.65,,
155,부동산임대개발,MLP,US19980511002,마우이 랜드 앤 파인애플,317282023,0.81,16.11,,
155,부동산임대개발,TCI,US19860910001,트랜스컨티넨탈 리얼티 인베스터스,310357077,1.53,35.92,,
155,부동산임대개발,ARL,US20000803001,아메리칸 리얼티 인베스터스,234962407,2.47,14.91,,
155,부동산임대개발,XHG,US20220926001,엑스체인지 텍(ADR),201509665,9.97,4.3,,
155,부동산임대개발,CHCI,US20041214001,컴스톡 홀딩 컴퍼니스,192951327,1.7,19.09,,2분기 실적 호조
155,부동산임대개발,AXR,US19871210001,앰렙,121114635,0.44,22.85,HOLD,
155,부동산임대개발,STHO,NAS0230331009,스타 홀딩스,113178092,0.64,9.43,,
155,부동산임대개발,LPA,US20210330015,로지스틱 프로퍼티스 오브 디 아메리카스,108703269,-4.66,3.27,BUY,
155,부동산임대개발,RFL,US20191121005,라파엘 홀딩스,97219379,-0.53,1.86,,
155,부동산임대개발,MAYS,US19920226001,JW 메이스,83637136,-1.54,40.86,,
155,부동산임대개발,AEI,NAS0221228001,알셋,58331377,19.33,1.79,,적자 지속 부담
155,부동산임대개발,CKX,US19990713001,CKX 랜즈,21779081,1.7,10.79,,
155,부동산임대개발,LRE,NAS0230331005,리드 리얼 에스테이트(ADR),18412660,-1.48,1.33,,
155,부동산임대개발,MRNO,US20220314003,무라노 글로벌 인베스트먼츠,17799883,-6.78,0.2022,,
155,부동산임대개발,AIRE,NAS0231023002,리알파 테크,8648050,0.68,1.48,BUY,
155,부동산임대개발,CWD,NAS0230517004,캘리버코스,5570154,-2.9,0.503,,
155,부동산임대개발,RENX,NAS0230928001,렌엑스엔터,4709253,5.62,1.88,,터보 밀 설치 진전
155,부동산임대개발,GBR,US19930326003,뉴 컨셉 에너지,3797852,1.34,0.7501,,
155,부동산임대개발,UK,US20201118018,유커뮨 인터내셔널,1558956,-0.87,2.28,,
329,조선기자재,CIX,US19980306001,콤프엑스 인터내셔널,379518467,0.13,30.81,,
329,조선기자재,NL,US19881223001,NL 인더스트리스,313863323,1.25,6.5,,
447,아이스크림,GIS,US19521114001,제너럴 밀스,20300922960,0.26,38.08,HOLD,
447,아이스크림,MICC,NYS0251208001,더 매그넘 아이스크림 컴퍼니,11636590342,-0.16,18.98,HOLD,
447,아이스크림,JJSF,US19860204001,제이앤제이 스낵 푸즈,1633266911,1.6,88.84,BUY,
403,이동통신사,VZ,US19831121001,버라이즌,199646969029,1.0,48.54,BUY,
403,이동통신사,TMUS,US20151027001,T 모바일,193168653554,1.47,182.76,BUY,
403,이동통신사,T,US19461101001,AT&T,171112916921,0.89,24.9,BUY,
403,이동통신사,AMX,NYS0230316001,아메리카 모빌 L(ADR),70929056974,-0.21,23.63,BUY,
403,이동통신사,VOD,US19881026001,보다폰 그룹(ADR),37481504656,-0.56,16.11,HOLD,
403,이동통신사,CHT,US20030717001,중화 텔레콤(ADR),32954405009,0.96,42.9,,
403,이동통신사,ECHO,US20071231001,에코스타,26867598683,-2.7,90.01,BUY,모바일엑스 인수합의
403,이동통신사,BCE,US19830502001,BCE,21769861982,0.04,23.36,BUY,
403,이동통신사,VIV,US20201130008,텔레포니카 브라질(ADR),18211094923,-0.96,11.29,HOLD,
403,이동통신사,TIGO,US20190109002,밀리콤 인터내셔널 셀룰러,15789108760,-7.5,87.19,HOLD,
403,이동통신사,RCI,US19960207001,로저스 커뮤니케이션스,15482090324,-0.5,35.91,HOLD,
403,이동통신사,SKM,US19960627003,SK텔레콤(ADR),15321580808,-3.88,38.41,SELL,
403,이동통신사,TU,US19960611001,텔러스,15254401355,-0.21,9.67,HOLD,
403,이동통신사,TLK,US19951114001,텔콤 인도네시아(ADR),14616454407,-1.48,14.61,,
403,이동통신사,KT,US19990525001,KT(ADR),9066086429,-1.16,18.78,BUY,
403,이동통신사,TIMB,US20201016008,팀 브라질(ADR),8401553775,-1.76,17.28,HOLD,
403,이동통신사,LILAP,NAS2606017004,리버티 라틴 아메리카 우선주 A (9.0% 누적 상환),5852855106,-0.29,20.85,,
403,이동통신사,LILA,US20150706003,리버티 라틴 아메리카 A,5852855106,-1.65,8.37,,
403,이동통신사,LILAK,US20150706004,리버티 라틴 아메리카 C,5852855106,-1.78,8.29,HOLD,
403,이동통신사,TDS,US19910918002,텔레폰 앤 데이터 시스템즈,4846892637,-1.01,34.17,BUY,
403,이동통신사,TKC,US20000711003,투르크젤 을레티심 히즈메틀레리(ADR),4762818407,-0.37,5.4,,
403,이동통신사,NNI,US20031211001,넬넷,4501172304,-0.13,125.67,,
403,이동통신사,PHI,US19941019001,PLDT(ADR),4110669816,-0.84,18.87,,목표주가 하향
403,이동통신사,VEON,US20170331001,베온(ADR),3957302425,-2.24,56.19,BUY,
403,이동통신사,LBTYK,NAS0231124003,리버티 글로벌 C,3529171180,1.29,10.23,,
403,이동통신사,LBTYA,US20040608001,리버티 글로벌 A,3529171180,1.06,10.48,HOLD,
403,이동통신사,LBTYB,US20040608002,리버티 글로벌 B,3529171180,1.77,13.2,,
403,이동통신사,KYIV,NAS0250815003,키이우스타 그룹,3028288661,-1.75,12.89,,
403,이동통신사,TSAT,US20211119007,텔레셋,2604057036,-6.51,47.26,BUY,
403,이동통신사,TEO,US19941209001,텔레콤 아르헨티나(ADR),1672791884,-1.65,13.1,BUY,
403,이동통신사,ATNI,US19911101001,ATN 인터내셔널,486180895,-0.41,31.44,,
403,이동통신사,UCL,US20200609002,유클라우드링크 그룹(ADR),25897239,-27.94,0.49,,IoT 성장 부각
403,이동통신사,SURG,US20211102008,서지페이스,6972359,-3.71,0.2673,BUY,분기보고서 지연
139,방송,DIS,US19620102001,디즈니,178674210221,0.43,103.95,BUY,규제 대응 부각
139,방송,CMCSA,US19880707001,컴캐스트,90719402017,2.46,26.2,HOLD,
139,방송,TKO,US19991019005,TKO 그룹 홀딩스,36926262352,-1.55,192.11,BUY,
139,방송,FOX,US20130702002,폭스 B,27333882746,-0.37,61.26,,
139,방송,FOXA,US20130702003,폭스 A,27333882746,-0.2,69.05,BUY,
139,방송,FWONA,US20170125001,리버티 포뮬러 원 A,25114688888,-0.32,93.16,BUY,
139,방송,FWONK,US20170125002,리버티 포뮬러 원 C,25114688888,0.07,102.05,BUY,
139,방송,ROKU,US20170927003,로쿠,23491226158,-0.32,157.8,HOLD,
139,방송,CHTR,US19991108001,차터 커뮤니케이션스,17184243181,3.02,148.45,HOLD,
139,방송,NWS,US20130619002,뉴스 코퍼레이션 B,16243351233,2.45,33.48,,
139,방송,NWSA,US20130619003,뉴스 코퍼레이션 A,16243351233,2.4,29.39,BUY,
139,방송,RCI,US19960207001,로저스 커뮤니케이션스,15482090324,-0.5,35.91,HOLD,
139,방송,HAS,US19841218001,해즈브로,13403434669,-1.09,94.01,BUY,
139,방송,PSKY,NAS0250807004,파라마운트 스카이댄스 코퍼레이션,11531157666,1.56,10.44,HOLD,보증금 요구 부담
139,방송,SIRI,US19940913001,시리우스 XM 홀딩스,9814992135,-1.68,28.63,HOLD,
139,방송,NXST,US20031124001,넥스타 미디어 그룹,5692167119,-1.26,182.48,BUY,목표가 하향
139,방송,GHC,US20131129001,그레이엄 홀딩스,4933873124,0.68,1173.27,,
139,방송,LION,NAS0240514003,라이언스게이트 스튜디오스,3555084394,-2.18,11.69,BUY,
139,방송,ADEA,US20221003001,아디아,3271318436,-5.56,28.02,,
139,방송,TV,US19931214003,그루포 텔레비사(ADR),1521406417,-4.21,2.73,HOLD,
139,방송,NMAX,NYS0250331001,뉴스맥스,1337820625,10.33,11.43,,
139,방송,FUBO,US20201008004,푸보티비,1121213355,-2.73,9.99,BUY,
139,방송,SBGI,US19950607001,싱클레어,1030313898,0.84,14.37,,
139,방송,EVC,US20000801002,엔트라비전 커뮤니케이션스,820269110,-5.29,8.42,,
139,방송,GTN,US19960924001,그레이 텔레비전,521140641,-2.41,4.86,,부채 차환 부담
139,방송,GTN.A,US19960924002,그레이 텔레비전 A,521140641,0,5.83,,
139,방송,IHRT,US20190718003,아이허트미디어,458078810,1.69,3.01,,
139,방송,SSP,US20180604002,EW 스크립스,302036870,1.23,3.3,,
139,방송,CURI,US20201015003,큐리어시티스트림,175010075,-3.39,2.85,,
139,방송,TSQ,US20140724007,타운스퀘어 미디어,105356534,-1.21,5.71,,
139,방송,PODC,NAS0230908006,팟캐스트원,85596980,-3.89,2.72,,사상 최대 매출
139,방송,MDIA,US20200117001,미디아코 홀딩,73224584,6.7,0.9301,,
139,방송,SGA,US20180816001,사가 커뮤니케이션스,59752417,0.11,9.41,HOLD,
139,방송,DSWL,US19950719001,데스웰 인더스트리,49392620,-0.32,3.1,,
139,방송,GAME,NAS0230411004,게임스퀘어 홀딩스,45770300,1.34,0.4469,,
139,방송,BBGI,US20000211001,비슬리 브로드캐스트 그룹,41381682,-3.22,21.62,BUY,
139,방송,TOON,US20161121001,카툰 스튜디오스,37476247,9.53,0.66,,
139,방송,UONE,US20170508001,어반 원,23201859,-1.19,4.98,,가이던스 하향
139,방송,UONEK,US20170508002,어반 원 D,23201859,-0.8,4.98,,가이던스 하향
139,방송,GMM,NAS0231010003,글로벌 모페이 AI,11713756,-0.37,2.72,,
139,방송,AUUD,US20210217004,오디아,5628345,10.3,1.07,,
139,방송,MITQ,US20210624013,무빙 이미지 테크놀로지스,5269638,-0.04,0.53,,
139,방송,VSME,NAS0230928004,VS 미디어 홀딩스,3362307,0.83,1.22,,
139,방송,TNMG,US20220124003,TNL 미디어진,2461532,-2.49,0.3803,,
29,생활용품,HD,US19810922001,홈 디포,336834365820,-0.12,337.49,BUY,2분기 실적 호조
29,생활용품,PG,US19500322001,P&G,332602338166,0.23,143.45,HOLD,
29,생활용품,UL,US19611212001,유니레버(ADR),131881500554,1.31,62.03,BUY,
29,생활용품,LOW,US19791219001,로우스,120980535121,-0.08,215.64,BUY,
29,생활용품,MMM,US19460114001,3M,92918635311,0.41,180.94,BUY,
29,생활용품,ROST,US19850808002,로스 스토어스,75457372400,0.45,236.35,BUY,
29,생활용품,CL,US19510109001,콜게이트 팜올리브,71897716494,1.39,91.46,BUY,
29,생활용품,KMB,US19460822001,킴벌리클라크,35880996175,-0.17,107.73,HOLD,
29,생활용품,CHD,US19900815001,처치 앤 드와이트,23236312033,1.17,99.13,BUY,
29,생활용품,GPC,US19680820001,제뉴인 파츠,18265302354,-0.48,131.89,BUY,
29,생활용품,SWK,US19660615001,스탠리 블랙 앤 데커,15036559088,-1.19,98.4,HOLD,
29,생활용품,AVY,US19770404001,에이버리 데니슨,13382864083,0.62,177.71,BUY,
29,생활용품,CLX,US19861023001,크로락스,12808714849,-0.37,105.55,HOLD,
29,생활용품,MSA,US19880926001,MSA 세이프티,7295150796,0.13,189.38,BUY,
29,생활용품,REYN,US20200130003,레이놀드 컨슈머 프로덕츠,5460436572,-0.54,25.77,,
29,생활용품,MIDD,US19920317005,미들비,5194042164,-0.74,114.03,BUY,목표가 하향
29,생활용품,SLGN,US20220801008,실간 홀딩스,4402836243,-1.32,41.12,BUY,
29,생활용품,BBWI,US20131203003,배스 앤 바디 웍스,3790573971,6.54,20.04,HOLD,
29,생활용품,YETI,US20181024007,예티 홀딩스,3137852911,0.56,43.24,BUY,실적 발표 후 약세
29,생활용품,WDFC,US19730503003,WD-40,3072913647,0.37,229.86,BUY,
29,생활용품,NWL,US20181211001,뉴웰 브랜즈,2571890684,-1.99,5.92,HOLD,
29,생활용품,CENT,US19930715001,센트럴 가든 앤 펫,2419724653,2.1,44.26,BUY,
29,생활용품,CENTA,US20070206001,센트럴 가든 앤 펫 A,2419724653,2.31,38.51,BUY,
29,생활용품,SPB,US19971124001,스펙트럼 브랜즈 홀딩스,2019734866,0.17,88.0,BUY,
29,생활용품,ENR,US20000404003,에너자이저 홀딩스,1530969512,-0.13,22.33,,
29,생활용품,TRS,US20070518001,트리마스,1403805741,-0.82,38.82,BUY,
29,생활용품,EPC,US20150702006,에지웰 퍼스널 케어,1292980805,1.39,28.45,,
29,생활용품,WINA,US19930408002,윈마크,1256202521,-1.84,343.33,,
29,생활용품,HELE,US19900326023,헬렌 오브 트로이,655532525,2.2,28.77,HOLD,
29,생활용품,HNST,US20210504004,더 어니스트,504129690,0.85,4.74,HOLD,
29,생활용품,ESCA,US19920225003,에스컬레이드,278841536,0.54,20.37,,
29,생활용품,LCUT,US19910612001,라이프타임 브랜즈,218577485,3.89,9.88,,
29,생활용품,GROV,US20220617002,그로브 컬래버러티브 홀딩스,44399673,0,1.04,,
29,생활용품,AXIL,AMX0240214002,악실 브랜즈,42942511,5.56,6.65,,EPS 예상 상회
29,생활용품,CRWS,US20031007001,크라운 크래프츠,31736118,2.03,3.01,,
29,생활용품,DSY,NAS0230111002,빅 트리 클라우드 홀딩스,20286196,-5.85,4.02,,
29,생활용품,DOGZ,US20171220001,도그니스 인터내셔널,17844325,-5.69,1.16,,
29,생활용품,FGI,US20220112004,FGI 인더스트리스,17532223,5.95,9.62,BUY,
29,생활용품,FRTT,NAS2606008006,포트 테크놀로지,15801227,-6.38,0.9924,,
29,생활용품,JCTC,US19960412001,주잇 카메론 트레이딩,11613910,-8.18,3.03,,
29,생활용품,UUU,US19950818040,유니버설 시큐리티 인스트루먼츠,11505719,18.95,4.52,,
29,생활용품,YHGJ,US19971105001,윈훙 그린 CTI,8686941,2.1,3.4,,
29,생활용품,TKLF,US20220118007,도쿄 라이프스타일(ADR),7955941,-1.06,1.86,,
29,생활용품,YYAI,US20220615001,커넥사 스포츠 테크놀로지스,5588096,27.05,1.55,,
29,생활용품,TANH,US20150324005,탄테크 홀딩스,5297548,-8.3,0.3403,,
29,생활용품,SOBR,US20220516003,소버 세이프,2872389,-1.14,0.5272,,
29,생활용품,SNYR,NAS0241023008,시너지 CHC,2307502,-29.7,0.1089,,
29,생활용품,LBGJ,NAS0241023006,리방 인터내셔널,1940316,6.48,3.45,,
229,테마파크,DIS,US19620102001,디즈니,178674210221,0.43,103.95,BUY,규제 대응 부각
229,테마파크,HAYW,US20210311014,헤이워드 홀딩스,3130221331,-1.02,14.61,BUY,
229,테마파크,SEAS,US20130419003,유나이티드 파크&리조트,2014993947,1.3,45.03,HOLD,
229,테마파크,FUN,NYS0240702001,식스 플래그스 엔터테인먼트,1595796111,0.96,15.75,BUY,
229,테마파크,FBYD,NAS0231006002,팰컨스 비욘드 글로벌,1231732796,4.04,10.57,,대형 계약 확보
229,테마파크,GDHG,NAS0230410001,골든 헤븐 그룹 홀딩스,25435367,0,1.27,,
467,보험,BRK.A,US19800317002,버크셔 해서웨이 A,1066366787454,0.83,753600.0,,
467,보험,BRK.B,US20100121001,버크셔 해서웨이 B,1066366787454,0.95,502.96,BUY,
467,보험,BBVA,US19881214001,방코 빌바오 비스카야 아르헨타리아(ADR),160531852460,-0.03,28.79,SELL,
467,보험,CB,US19840907024,처브,131475863227,1.3,345.29,HOLD,
467,보험,PGR,US19870601001,프로그레시브,118487453209,1.66,207.23,HOLD,목표주가 하향
467,보험,KKR,US20100715001,KKR & CO,100069147383,-1.51,107.19,BUY,UGI 인수 부담
467,보험,BCS,US19860909002,바클레이즈(ADR),93614152424,-1.55,27.37,BUY,
467,보험,MMC,US19690604001,마시,87888452766,1.17,186.37,HOLD,
467,보험,ELV,US20141204001,엘리번스 헬스,84613131282,2.06,398.27,BUY,
467,보험,TRV,US19880511001,트래블러스 컴퍼니스,76011564603,0.94,367.93,HOLD,
467,보험,AON,US19840907019,에이온,73638579669,-1.16,343.2,BUY,CFO 교체
467,보험,MFC,US19990924001,매뉴라이프 파이낸셜,73490328111,-0.45,44.03,,
467,보험,ALL,US19930603001,올스테이트,67460533297,1.18,261.15,BUY,
467,보험,AJG,US19871201001,아서 J 갤러거,63541238407,0.16,248.36,BUY,
467,보험,MET,US20000405001,메트라이프,63319959626,0.05,96.73,BUY,
467,보험,AFL,US19740614001,애플랙,60639654819,0.62,121.73,HOLD,
467,보험,HUM,US19710518001,휴매나,46138280508,-0.6,382.0,BUY,
467,보험,SLF,US20000323001,선 라이프 파이낸셜,44724459712,-0.37,80.41,BUY,
467,보험,IX,US19980916001,오릭스(ADR),43701673565,-2.47,39.14,,
467,보험,PRU,US20011213002,푸르덴셜 파이낸셜,42964090361,-0.02,124.54,HOLD,목표가 상향
467,보험,PAYX,US19830826001,페이첵스,42153708410,1.16,119.92,HOLD,
467,보험,AIG,US19841010001,아메리칸 인터내셔널 그룹,39632127976,0.41,76.12,HOLD,
467,보험,HIG,US19951215001,하트포드 파이낸셜 서비시스 그룹,37360675841,1.65,138.96,BUY,
467,보험,SHG,US20030916001,신한 파이낸셜 그룹(ADR),35633106812,-1.4,74.86,,
467,보험,PUK,US20000628003,푸르덴셜(ADR),35215582119,-0.39,28.08,,
467,보험,ACGL,US19950914001,아치 캐피탈 그룹,33947974854,1.15,98.93,BUY,
467,보험,WTW,US20160105002,윌리스 타워스 왓슨,30275404510,0.57,327.93,BUY,
467,보험,CINF,US19900326005,신시내티 파이낸셜,26248388955,0.17,171.35,HOLD,
467,보험,WRB,US19840907025,WR 버클리,26038699185,0.6,70.17,HOLD,
467,보험,BRO,US19810227001,브라운 앤 브라운,23036384798,0.74,69.37,HOLD,
467,보험,MKL,US19861219001,마켈 그룹,22287286880,0.88,1815.09,HOLD,자나 지분확대
467,보험,UNM,US19861114001,유넘 그룹,18694269869,-1.9,89.77,BUY,
467,보험,RGA,US20080912001,리인슈어런스 그룹 오브 아메리카,16124786297,-0.64,244.42,BUY,
467,보험,CRBG,US20220913001,코어브리지 파이낸셜,14787596878,-0.18,33.12,BUY,
467,보험,EQH,US20180509001,에퀴터블 홀딩스,14731511179,-0.57,50.84,BUY,
467,보험,AEG,US19850701002,아혼(ADR),14197849011,-0.32,9.41,BUY,
467,보험,RNR,US19960724001,르네상스리 홀딩스,14153174035,0.7,320.72,HOLD,
467,보험,EG,US19951003001,에베레스트 그룹,13997881361,0.61,367.38,HOLD,
467,보험,AIZ,US20040205001,어슈런트,13862464894,-0.37,280.07,BUY,
467,보험,GL,US20190809003,글로브 라이프,13784636541,-0.74,178.08,BUY,
467,보험,CNA,US19690203001,CNA 파이낸셜,13527178244,0.66,50.33,HOLD,
467,보험,ERIE,US19951002001,이리 인뎀너티,12952068581,3.71,256.95,BUY,
467,보험,AFG,US19781114001,아메리칸 파이낸셜 그룹,12153709975,-0.69,145.59,HOLD,
467,보험,RYAN,US20210721011,라이언 스페셜티 홀딩스,10660099987,-1.06,41.24,BUY,
467,보험,ORI,US19900919001,올드 리퍼블릭 인터내셔널,10351287635,-0.33,42.37,BUY,
467,보험,OSCR,US20210301020,오스카 헬스,9735685501,-0.86,31.28,HOLD,
467,보험,JXN,US20210920008,잭슨 파이낸셜,9577931463,1.28,134.86,BUY,
467,보험,PRI,US20100401001,프라이메리카,9536494297,-0.55,308.21,BUY,
467,보험,LNC,US19690820001,링컨 내셔널,9070829219,0.92,45.08,HOLD,
467,보험,KNSL,US20220103008,킨세일 캐피탈 그룹,8361553630,1.51,372.71,HOLD,
467,보험,THG,US19951011001,하노버 인슈어런스 그룹,7731931689,0.03,222.17,HOLD,
467,보험,AXS,US20030701001,액시스 캐피탈 홀딩스,7696983757,0.86,100.74,BUY,
467,보험,FAF,US20100524001,퍼스트 아메리칸 파이낸셜,7470094122,-1.0,72.45,BUY,
467,보험,ACT,US20210510001,인액트 홀딩스,6842486335,0.52,50.04,HOLD,
467,보험,MTG,US19910807001,MGIC 인베스트먼트,6380081009,0.03,31.12,HOLD,
467,보험,ESNT,US20131031001,이센트 그룹,6238802101,0.22,69.58,HOLD,
467,보험,IFS,US20190718005,인터코프 파이낸셜 서비시스,6067687553,-1.08,54.05,BUY,
467,보험,MCY,US19961009002,머큐리 제너럴,5890993077,-0.06,106.32,BUY,
467,보험,RLI,US19870508001,RLI,5727254442,2.98,64.28,HOLD,
467,보험,SIGI,US19900326046,셀렉티브 인슈어런스 그룹,5611126137,-0.85,91.32,HOLD,
467,보험,CNO,US20030930001,CNO 파이낸셜 그룹,5070021352,-0.53,54.52,HOLD,
467,보험,WTM,US19860509002,화이트 마운틴스 인슈어런스 그룹,5043026892,1.52,2145.46,HOLD,
467,보험,RDN,US19921030001,라디안 그룹,4900724735,-0.54,36.85,BUY,
467,보험,HGTY,US20211203007,해거티,4418050896,-0.39,12.81,HOLD,
467,보험,NP,NYS0251001002,넵튠 인슈어런스,4319181880,0.06,31.5,BUY,
467,보험,BWIN,US20191023001,볼드윈 인슈어런스 그룹,4291453823,-1.75,30.23,BUY,
467,보험,BHF,US20170807001,브라이트하우스 파이낸셜,4045059851,-3.75,53.65,HOLD,
467,보험,LMND,US20200701007,레모네이드,3865141396,0.34,50.12,HOLD,
467,보험,GNW,US20040525001,젠워스 파이낸셜,3811708769,-0.1,10.08,BUY,
467,보험,HG,NYS0231110001,해밀턴 인슈어런스 그룹,3798075892,0,35.26,BUY,
467,보험,TOWN,US19990505001,타운뱅크,3473980581,0.19,37.66,BUY,
467,보험,FG,NYS0221201001,F&G 어뉴어티스 앤 라이프,3469047499,-3.58,25.55,HOLD,
467,보험,NMIH,US20131108001,NMI 홀딩스,3426198838,0.11,45.61,BUY,
467,보험,AGO,US20040423001,어슈어드 개런티,3349608178,-0.91,75.53,BUY,
467,보험,PLMR,US20190416004,팔로마 홀딩스,3260595935,4.64,129.67,BUY,
467,보험,BNT,NYS0221214001,브룩필드 웰스 솔루션즈,2809716928,-1.61,42.17,,
467,보험,ALHC,US20210324001,얼라인먼트 헬스케어,2791485229,-1.78,13.22,BUY,
467,보험,SPNT,US20210301022,시리우스포인트,2723492165,0.43,23.55,BUY,
467,보험,SKWD,NAS0230113003,스카이워드 스페셜티 인슈어런스 그룹,2555364290,1.53,58.45,BUY,
467,보험,SLDE,NAS0250618006,슬라이드 인슈어런스,2522598265,3.06,22.26,BUY,
467,보험,GSHD,US20180426003,구스헤드 인슈어런스,2286739426,0.42,64.67,HOLD,
467,보험,HCI,US20080915001,HCI 그룹,2271477438,1.3,185.03,BUY,
467,보험,CLOV,US20210108001,클로버 헬스 인베스트먼츠,2267556455,-0.7,4.24,,
467,보험,LIFE,NAS0260129004,에토스 테크놀로지스,2241944639,-3.41,33.97,BUY,
467,보험,SRCE,US19830812001,퍼스트 소스,2116343778,-0.24,87.69,,
467,보험,HMN,US19911121001,호레이스 만 에듀케이터스,2077263629,0.6,51.61,BUY,
467,보험,STC,US19940105001,스튜어트 인포메이션 서비스,2077205657,-0.09,68.01,BUY,
467,보험,PLGO,NYS0230628001,펠라고스 인슈어런스 캐피탈,1946185027,0.25,23.59,HOLD,
467,보험,PGNY,US20191024004,프로지니,1943077803,1.5,25.71,BUY,
467,보험,KMPR,US19910918001,켐퍼,1544048482,0,26.21,HOLD,
467,보험,SAFT,US20021122001,세이프티 인슈어런스 그룹,1517052960,-0.08,103.28,HOLD,
467,보험,TMP,US19900328001,톰킨스 파이낸셜,1442011964,-0.03,100.25,,
467,보험,UFCS,US19900326052,유나이티드 파이어 그룹,1372379458,0.45,53.64,BUY,
467,보험,TRUP,US20160620001,트루패니언,1315460688,-0.03,29.98,,
467,보험,UVE,US20131204002,유니버설 인슈어런스 홀딩스,1187826001,0.52,42.91,HOLD,
467,보험,IGIC,US20200318001,인터내셔널 제너럴 인슈어런스 홀딩스,1119008893,2.91,26.92,BUY,
467,보험,BOW,NYS0240522001,보우헤드 스페셜티 홀딩스,1101734737,0.09,33.48,HOLD,
467,보험,HRTG,US20140522002,헤리티지 인슈어런스 홀딩스,1015741288,-1.4,33.69,,
467,보험,ABL,US20200914001,애버커스 글로벌 매니지먼트,891676249,-1.21,9.01,,
467,보험,EIG,US20070131001,임플로이어스 홀딩스,863537638,0.67,48.41,HOLD,
467,보험,HIPO,US20210803007,히포 홀딩스,861166803,0.95,32.95,BUY,
467,보험,MAX,US20201028014,미디어알파,777275076,3.94,13.19,BUY,
467,보험,ROOT,US20201028007,루트,769851393,5.21,52.29,HOLD,
467,보험,DGICB,US19900326009,더니골 그룹 B,720091412,0,24.74,,
467,보험,DGICA,US20030703001,더니골 그룹 A,720091412,0.76,18.6,HOLD,
467,보험,YB,NAS0250430004,위안바오(ADR),662492822,-3.2,13.92,,
467,보험,TIPT,US20070622001,팁트리,662353682,-0.62,17.68,,
467,보험,ITIC,US19900327003,인베스터스 타이틀,544288242,1.25,291.94,,
467,보험,GLRE,US20070524001,그린라이트 캐피탈 리얼 에스테이트,502570138,1.43,15.62,HOLD,
467,보험,AII,NYS0250508002,아메리칸 인테그리티 인슈어런스 그룹,489927730,1.0,25.26,,예상 웃돈 실적
467,보험,AMSF,US20051118001,아메리세이프,489433517,0.45,26.53,HOLD,
467,보험,ACIC,US20071107001,아메리칸 코스탈 인슈어런스,446602243,0.74,9.52,,
467,보험,BOC,US20220222002,보스턴 오마하,395176757,5.95,13.9,,
467,보험,TWFG,NAS0240718007,TWFG,335847875,2.34,26.69,BUY,
467,보험,NODK,US20170316001,NI 홀딩스,310494050,-0.2,15.19,,
467,보험,KINS,US19940426001,킹스톤,288013979,-0.3,19.84,BUY,
467,보험,KWY,US19980506001,킹스웨이 코퍼레이션,284042194,-0.31,9.79,,
467,보험,WDH,US20210507014,워터드롭(ADR),279052287,-0.01,0.9999,,
467,보험,MBI,US19870701001,엠비아,251457752,0.81,4.97,HOLD,
467,보험,SNFCA,US19920303004,시큐리티 내셔널 파이낸셜,235394774,-0.23,8.58,,
467,보험,OSG,US20200203006,옥타브 스페셜티 그룹,207643323,-0.43,4.59,BUY,EPS 가이던스 하향
467,보험,CIA,US19881230001,시티즌스 A,193415663,-0.52,3.8,,
467,보험,JRVR,US20141211001,제임스 리버 그룹 홀딩스,185841497,0.75,4.05,HOLD,
467,보험,SLQT,US20200521002,셀렉쿼트,128107130,4.0,0.7557,,
467,보험,RDZN,US20220113004,로드젠,127720514,2.67,1.54,,
467,보험,AIFU,US20161207001,AIFU,106508346,-20.58,13.7,,
467,보험,KG,US20080506001,케스트럴 그룹,59450022,5.13,7.99,,
467,보험,CCG,NAS0230918003,처처 그룹,42558164,0.06,17.0,,
467,보험,AAME,US19840907001,애틀랜틱 아메리칸,28957924,0,1.42,,
467,보험,MF,NAS0240327005,마인드포지,21084700,7.93,12.52,,
467,보험,HUIZ,US20200211002,후이쩌 홀딩(ADR),13236153,-6.87,1.22,,
467,보험,OXBR,US20140512002,옥스브리지 리 홀딩스,11147486,0,1.37,BUY,내부자금 의존 부담
467,보험,ZBAO,NAS0240402009,즈바오 테크놀로지,10699694,-5.68,0.206,,PIPE 희석 부담
467,보험,AZI,NAS0240828001,오토지 인터넷 테크놀로지,7935895,-7.2,1.16,,
467,보험,EZRA,NAS0230223001,릴라이언스 글로벌 그룹,3539161,6.79,2.36,,
193,광고,OMC,US19900627001,옴니콤 그룹,23440636242,0.99,86.31,BUY,
193,광고,LAMR,US19960802001,라마 애드버타이징,15470860575,-0.45,151.69,HOLD,
193,광고,NYT,US19730503005,뉴욕타임스,10524748104,-0.31,65.07,BUY,목표가 하향
193,광고,QMMM,NAS0240719003,QMMM 홀딩스,6828953478,0,119.4,,
193,광고,TTD,US20160921009,트레이드 데스크,6295059864,0.07,13.41,HOLD,
193,광고,WPP,US20171128003,WPP(ADR),5574068731,2.17,26.4,,
193,광고,CMPR,US20141118001,심프레스,2233590836,-2.1,89.82,,
193,광고,INOD,US19930810002,이노데이터,2210335803,-4.2,61.6,BUY,
193,광고,STGW,US20210803010,스태그웰,2126485547,1.61,8.84,,
193,광고,DV,US20210420008,더블베리파이 홀딩스,2060898003,-0.23,13.27,HOLD,
193,광고,DAO,US20191024007,유다오(ADR),1969607524,4.42,17.01,BUY,
193,광고,ASST,NAS0230202001,스트라이브,1906307786,-3.11,12.79,,비트코인 추가 매수
193,광고,PRSU,US19780306001,펄수 어트랙션즈 앤 호스피탤리티,1308129436,0.15,48.06,,
193,광고,CCO,US20051111001,클리어 채널 아웃도어 홀딩스,1180847345,2.16,2.37,HOLD,
193,광고,QNST,US20100211001,퀸스트리트,1158714658,2.88,20.75,BUY,
193,광고,MNTN,NYS0250522002,마운틴,931849831,0.32,12.5,,
193,광고,CRTO,US20131030001,크리테오,872951409,0.22,17.86,BUY,
193,광고,DSP,US20210209003,바이언트 테크놀로지,838070011,2.46,12.92,BUY,
193,광고,IBTA,NYS0240417002,아이보타,832539404,2.62,36.88,,
193,광고,PUBM,US20201207004,퍼브매틱,786482795,0.52,17.36,BUY,
193,광고,MATW,US19940720001,매튜스 인터내셔널,717750794,-2.96,22.32,,
193,광고,NEXN,US20210618003,넥슨 인터내셔널,586615423,-2.75,10.24,BUY,
193,광고,QUAD,US20100706001,쿼드 그래픽스,520677977,-0.69,10.05,BUY,
193,광고,ADV,US20201029001,어드밴티지 솔루션스,401763502,4.28,32.68,,
193,광고,BOC,US20220222002,보스턴 오마하,395176757,5.95,13.9,,
193,광고,PERI,US20060131002,페리언 네트워크,380636781,-0.41,9.64,BUY,
193,광고,SOHU,US20000712001,써우후닷컴(ADR),380527038,-0.82,14.48,,
193,광고,NCMI,US20070208002,내셔널 시네미디어,256757868,-7.69,2.52,,
193,광고,FORR,US19961127002,포레스터 리서치,212239848,1.43,11.31,HOLD,
193,광고,LEE,US20210419004,리 엔터프라이지스,183647504,-1.82,8.09,,
193,광고,FLNT,US20180416001,플루언트,131141601,1.45,4.21,BUY,
193,광고,AMBR,NAS0221114001,앰버 인터내셔널 홀딩(ADR),117819082,0,1.25,,
193,광고,TSQ,US20140724007,타운스퀘어 미디어,105356534,-1.21,5.71,,
193,광고,VBIX,NAS0250605004,퀀텀 X 랩스,100484763,-5.36,4.41,,
193,광고,SCOR,US20180601003,컴스코어,85773255,-4.07,5.42,,
193,광고,MCHX,US20040331002,마첵스 B,80234568,-2.21,1.77,,
193,광고,GCL,US20220420005,GCL 글로벌 홀딩스,71572325,4.69,0.5759,,
193,광고,GOAI,NAS0260128003,에바 라이브,61731718,1.78,1.72,,
193,광고,TEAD,US20210723005,TEADS HOLDING CO,61326755,-0.96,0.6195,HOLD,
193,광고,TC,US20181120001,토큰 캣(ADR),60208464,-9.65,2.06,,
193,광고,IZEA,US20160226002,아이지아 월드와이드,53804915,-3.56,2.98,,
193,광고,CREX,NAS0230327003,크리에이티브 리얼리티스,41247097,-8.2,2.8,,
193,광고,ABLV,US20220912003,에이블 뷰 글로벌,36051937,14.37,0.835,,
193,광고,HHS,US20211201007,하트 행크스,31152117,-5.5,3.95,,
193,광고,WIMI,US20190725001,와이마이 홀로그램 클라우드,24079315,-3.05,1.27,,
193,광고,EDHL,NAS0250417003,에버브라이트 디지털 홀딩스,23117085,3.35,4.01,,
193,광고,ACCS,US20140311005,액세스 뉴스와이어,19515112,-3.14,4.94,,
193,광고,TULP,US19910625001,블루미아 홀딩스,16509546,10.12,3.81,,
193,광고,BAOS,NAS0230322001,바오셩 미디어 그룹 홀딩스,15390220,2.29,0.4907,,
193,광고,DLPN,US20171221001,돌핀 엔터테인먼트,14976208,-0.87,1.14,,
193,광고,INUV,US19980804001,이누보,12361337,-0.69,0.7449,BUY,
193,광고,PLAG,US20181001007,플래닛 그린 홀딩스,11999903,-3.4,0.8146,,
193,광고,KNRX,AMX0250929007,노렉스,10165248,2.69,0.3432,,
193,광고,LZMH,NAS0250227004,LZ 테크놀로지 홀딩스,10053788,2.68,1.15,,
193,광고,AEHL,US20201015001,안텔로페 엔터프라이즈 홀딩스,7504564,10.37,5.64,,
193,광고,GDC,NAS0230110006,GD 컬처 그룹,7490911,4.44,1.88,,
193,광고,YDKG,NAS0221212001,위에다 디지털 홀딩스,5984374,-0.93,1.07,,
193,광고,KRKR,US20191106002,36KR 홀딩스(ADR),5916608,0.63,3.19,,
193,광고,STFS,NAS0241011007,스타 패션 컬처 홀딩스,5024731,5.7,4.45,,
193,광고,LCFY,NAS0221208002,로커파이,4928366,-3.28,2.65,,
193,광고,CNET,NAS0230120002,ZW 데이터 액션 테크놀로지스,4804623,5.34,1.38,,
193,광고,ABTS,US20161115003,아비츠 그룹,3888653,-4.13,1.16,,
193,광고,CHR,US20200219002,치어 홀딩스,3413364,-1.08,1.83,,
193,광고,YHC,NAS0230810001,LQR 하우스,2157394,3.03,1.7,,
193,광고,DRCT,US20220128004,다이렉트 디지털 홀딩스,2134801,-4.89,2.53,BUY,
565,금융상품거래소,CME,US20021206001,CME 그룹,96302833360,1.37,271.54,HOLD,
565,금융상품거래소,ICE,US20051116001,인터컨티넨탈 익스체인지,86610419358,1.21,156.18,BUY,
565,금융상품거래소,NDAQ,US20020701001,나스닥,54030476290,0.04,96.72,BUY,
565,금융상품거래소,COIN,US20210414003,코인베이스,39712228609,-2.85,146.26,BUY,
565,금융상품거래소,CBOE,US20180917002,CBOE 글로벌 마켓,30800619976,-1.19,291.48,HOLD,
565,금융상품거래소,MKTX,US20041105001,마켓액세스 홀딩스,5719743608,0.02,162.6,HOLD,
565,금융상품거래소,MIAX,NYS0250814001,마이애미 인터내셔널 홀딩스,4207490273,-1.18,41.91,BUY,
565,금융상품거래소,BLSH,NYS0250813001,불리쉬,3750747844,-1.36,24.62,,목표주가 하향
565,금융상품거래소,GEMI,NAS0250911002,제미니 스페이스 스테이션,467945230,-1.94,3.54,HOLD,목표가 줄하향
565,금융상품거래소,LGHL,US20200617002,라이언 그룹 홀딩스(ADR),684629,-25.2,0.555,,
425,윤활유,VVV,US20160923002,밸보라인,4311506763,-0.5,33.63,BUY,윤활유비용 부담
425,윤활유,CLMT,NAS0240711002,캘러멧,4248978706,5.09,50.81,BUY,목표가 상향
425,윤활유,CSAN,US20210311012,코장(ADR),2468416713,-4.76,2.4,HOLD,ADS 상장폐지
925,의료서비스,UNH,US19911010002,유나이티드헬스 그룹,355031196418,-0.43,393.93,BUY,보험사 규제 부담
925,의료서비스,CVS,US19521001001,CVS 헬스,120210516260,0.96,94.91,BUY,
925,의료서비스,HCA,US20110310001,HCA 헬스케어,87660190956,1.67,411.73,BUY,
925,의료서비스,CI,US19820401001,시그나 그룹,72737910454,1.15,278.5,BUY,
925,의료서비스,HUM,US19710518001,휴매나,46138280508,-0.6,382.0,BUY,
925,의료서비스,VEEV,US20131017004,비바 시스템즈,38708526642,1.85,242.75,BUY,목표가 상향
925,의료서비스,GEHC,NAS0230104002,GE 헬스케어,32681604605,0.36,72.63,BUY,신임 CFO 선임
925,의료서비스,CNC,US20011213001,센틴,31811472991,1.26,65.22,BUY,
925,의료서비스,PHG,US19870414001,필립스(ADR),26209047717,1.04,27.1,BUY,
925,의료서비스,THC,US19760331001,테넷 헬스케어,21297590930,2.14,270.21,BUY,
925,의료서비스,SOLV,NYS0240401001,솔벤텀,14775691275,0.73,87.45,BUY,
925,의료서비스,BTSG,NAS0240126002,브라이트스프링 헬스 서비시스,13532253640,-1.47,59.49,BUY,
925,의료서비스,FMS,US19960917001,프레제니우스 메디컬 케어(ADR),12504503876,0.26,23.56,SELL,
925,의료서비스,EHC,US20180102004,인컴퍼스 헬스,12032175142,0.09,122.1,BUY,
925,의료서비스,DVA,US19951031001,다비타,11271070204,0.68,177.91,HOLD,
925,의료서비스,SCI,US19870723001,서비스 코퍼레이션 인터내셔널,11245760246,-0.21,82.36,,
925,의료서비스,MOH,US20030702001,몰리나 헬스케어,10597485024,0.27,203.61,HOLD,
925,의료서비스,ENSG,US20071109002,엔사인 그룹,10577767449,0.53,182.49,BUY,
925,의료서비스,UHS,US19910607001,유니버설 헬스 서비시스,10048313367,1.5,173.09,HOLD,
925,의료서비스,BIO,US19800229001,바이오 래드 래버러토리스,9403945272,-0.72,352.69,HOLD,
925,의료서비스,BIO.B,US19990921001,바이오 래드 래버러토리스,9403945272,9.4,368.69,,
925,의료서비스,HNGE,NYS0250522001,힌지 헬스,7089115323,0.42,88.24,BUY,
925,의료서비스,PACS,NYS0240410001,팍스 그룹,7015946738,-1.17,43.8,BUY,
925,의료서비스,CHE,US19820629001,케미드,6856939447,0.81,529.23,BUY,
925,의료서비스,HIMS,US20210121009,힘스 앤 허스 헬스,6673681731,-4.26,27.39,HOLD,
925,의료서비스,LFST,US20210609005,라이프스탠스 헬스 그룹,4793781471,-1.51,12.36,BUY,목표주가 상향
925,의료서비스,CON,NYS0240725001,콘센트라 그룹 홀딩스,4529744722,-1.35,35.05,BUY,
925,의료서비스,DOCS,US20210623012,독시미티,4369664933,1.71,24.94,HOLD,
925,의료서비스,OSIS,US19971002001,OSI 시스템즈,3788118732,-4.72,219.03,BUY,차량검사 수주
925,의료서비스,HTFL,NAS0250808007,하트플로우,3646062044,7.92,45.26,BUY,
925,의료서비스,NHC,US19870120001,내셔널 헬스 케어,3573172722,2.62,234.17,,목표가 상향
925,의료서비스,OPCH,US20200203003,옵션 케어 헬스,3499739082,0.13,23.4,BUY,
925,의료서비스,CRVL,US19910628001,코르벨,3377327011,0.82,67.42,,
925,의료서비스,BKD,US20051122001,브룩데일 시니어 리빙,2920115842,-0.08,12.22,BUY,
925,의료서비스,ACHC,US20111101001,아카디아 헬스케어,2792416176,-8.47,27.46,BUY,
925,의료서비스,AVAH,US20210426003,애비아나 헬스케어 홀딩스,2768620913,-0.24,12.66,BUY,
925,의료서비스,PRVA,US20210428003,프리비아 헬스 그룹,2745703281,0.05,21.51,BUY,
925,의료서비스,GRDN,NYS0240926002,가디언 파마시 서비시스,2406497304,0.74,38.28,BUY,
925,의료서비스,CDNA,US20140717001,케어DX,2398924621,-0.47,46.16,BUY,
925,의료서비스,WGS,US20210723008,진DX 홀딩스,2307477195,-1.27,76.41,,
925,의료서비스,ADUS,US20091027001,아듀스 홈케어,2145222220,2.81,118.13,,
925,의료서비스,MD,US19590331001,피디애트릭 메디컬 그룹,2139757467,0.84,26.56,,
925,의료서비스,SGRY,US20151001002,서저리 파트너스,1879587686,-0.91,14.23,,
925,의료서비스,SNDA,US20211115011,소니다 시니어 리빙,1874915513,3.74,40.49,BUY,
925,의료서비스,BLFS,US20140327001,바이오라이프 솔루션즈,1733375130,-1.38,34.96,HOLD,
925,의료서비스,OMCL,US20010806001,옴니셀,1643155874,-0.17,35.97,,
925,의료서비스,AGL,US20210414007,애질론 헬스,1626051830,-1.51,95.4,HOLD,
925,의료서비스,ARDT,NYS0240718001,아던트 헬스 파트너스,1535664321,0.37,10.93,BUY,
925,의료서비스,PSNL,US20190619004,퍼스널리스,1483135754,0.22,13.92,BUY,
925,의료서비스,HCSG,US19831122001,헬스케어 서비시스 그룹,1481455129,1.67,21.95,BUY,
925,의료서비스,OMDA,NAS0250606003,오마다 헬스,1453588492,0.08,23.77,BUY,
925,의료서비스,INNV,US20210302007,이노베이지 홀딩,1448000294,4.22,11.12,,
925,의료서비스,PNTG,US20191001001,페넌트 그룹,1368231014,0.56,39.4,,
925,의료서비스,AMN,US20161027003,AMN 헬스케어 서비시스,1337450310,0,34.54,,
925,의료서비스,NUTX,US20220404007,뉴텍스 헬스,1289953085,-0.73,187.03,BUY,
925,의료서비스,GDRX,US20200923003,굿알엑스 홀딩스,1268791822,-1.88,3.65,HOLD,
925,의료서비스,CERT,US20201209002,서타라,1220051553,0.12,8.01,HOLD,
925,의료서비스,TDOC,US20150630002,텔러닥 헬스,1187961614,-1.07,6.47,HOLD,
925,의료서비스,USPH,US19920528001,US 피지컬 테라피,1170885077,-0.34,78.21,,
925,의료서비스,HELP,US20210805003,CYBIN INC,845126998,0.86,11.67,BUY,
925,의료서비스,HSTM,US20000411002,헬스스트림,819129859,1.75,28.51,BUY,
925,의료서비스,GMRS,NYS2605013001,GMR 솔루션즈,747501987,1.95,14.11,BUY,
925,의료서비스,STLN,US20211115009,스타링 온콜로지,642954360,1.43,6.4,BUY,
925,의료서비스,SOPH,US20210722009,소피아 제네틱스,639985184,-0.13,7.62,BUY,
925,의료서비스,CTEV,US20201009009,CLARITEV CORPORATION,598965818,0.71,35.6,BUY,
925,의료서비스,CSV,US19960809002,캐리지 서비시스,551951579,-1.18,34.35,BUY,
925,의료서비스,EVH,US20150605002,에볼런트 헬스,498485973,3.85,4.58,BUY,
925,의료서비스,NRC,US20180418004,내셔널 리서치,481440872,1.19,22.03,BUY,
925,의료서비스,MCTA,NAS0251021006,차밍 메디컬,445455740,0,29.35,,
925,의료서비스,CYH,US20000609001,커뮤니티 헬스 시스템즈,415889422,1.02,2.98,HOLD,
925,의료서비스,AUNA,NYS0240322001,아우나 S.A.,398105342,0.74,5.42,BUY,EPS 기대치 하회
925,의료서비스,CARL,NAS0250723002,칼스메드,376152043,7.98,14.88,BUY,선반공모 희석우려
925,의료서비스,RCMT,US19950818016,RCM 테크놀로지스,287427043,1.68,41.11,,목표가 상향
925,의료서비스,ACU,US19840907016,애크미 유나이티드,237301667,1.49,62.83,BUY,
925,의료서비스,SPOK,US20140710001,스폭 홀딩스,229841592,-0.18,10.97,HOLD,
925,의료서비스,AIRS,US20211028001,에어스컬프 테크놀로지스,222366571,-12.66,2.69,HOLD,
925,의료서비스,SY,US20190501003,소 영 인터내셔널(ADR),221793584,0,2.21,,
925,의료서비스,AMWL,US20200916009,아메리칸 웰,209843581,-1.13,12.2,,
925,의료서비스,LFMD,US20210222002,라이프엠디,192535955,-1.51,3.27,BUY,
925,의료서비스,OPRX,US20180622002,옵티마이즈RX,159695004,-2.95,8.23,BUY,목표주가 하향
925,의료서비스,WW,ETC0250627001,WW 인터내셔널,135754377,2.5,13.92,,
925,의료서비스,AGPU,US20190614001,액스컴퓨트,123071642,-2.92,10.31,,
925,의료서비스,JYNT,US20141107001,조인트,118777309,1.67,8.54,,
925,의료서비스,CCLD,NAS0230110003,케어클라우드,104937582,4.86,2.59,,
925,의료서비스,DH,US20210914003,데피니티브 헬스케어,92590663,3.22,0.66,HOLD,
925,의료서비스,NAKA,NAS0240531002,카인들리 MD,89992481,0.2,5.04,BUY,
925,의료서비스,PIII,US20211206007,P3 헬스 파트너스,76732310,2.84,10.87,BUY,
925,의료서비스,DCGO,US20211108001,독고,70127681,-33.09,0.4751,BUY,
925,의료서비스,CSBR,US20150821002,챔피언스 온콜로지,69869837,1.19,5.09,,
925,의료서비스,HIT,NAS0241223002,헬스 인 테크,66175973,-0.99,1.0,,목표가 하향
925,의료서비스,DLHC,US19950818002,DLH 홀딩스,65204832,0.22,4.51,,미해군 계약수주
925,의료서비스,MDAI,US20210326005,스펙트럴 AI,52772092,-1.83,1.61,BUY,
925,의료서비스,ONMD,US20210624001,원메드넷,36168923,-1.44,0.6014,,
925,의료서비스,EUDA,NAS0221118001,이유다 헬스 홀딩스,36129122,-5.94,13.62,,
925,의료서비스,HCTI,US20211005002,헬스케어 트라이앵글,17665954,-8.47,1.08,,
925,의료서비스,KTTA,US20210811004,파시테아 테라퓨틱스,15968720,3.66,0.4955,,
925,의료서비스,TOMZ,US20201001014,토미 인바이런멘틀 솔루션스,14490714,-1.12,1.76,,
925,의료서비스,MGRX,NAS0230317004,망고슈티컬스,11404590,-11.55,0.4678,,
925,의료서비스,MRM,US20201229002,메디롬 헬스케어 테크놀로지스(ADR),8532296,-5.56,1.02,,
925,의료서비스,BMGL,NAS0250225001,바젤 메디컬 그룹,8217027,-0.95,5.2,,
925,의료서비스,XWEL,US20221025003,엑스웰,7986323,0.72,0.9367,,
925,의료서비스,ACON,US20220422001,애클래리언,7982475,-7.22,2.57,,
925,의료서비스,VNRX,US20150209001,볼리션RX,6823245,-5.18,0.4741,BUY,
925,의료서비스,MEDS,NAS0250221004,데이터메즈 AI,4241425,-7.38,1.38,,
925,의료서비스,NIVF,US20220317002,뉴젠IVF 그룹,3600932,-11.08,0.541,,액면병합 시행
925,의료서비스,ATPC,NAS0231011003,아가페 ATP,2521043,-2.78,2.45,,
925,의료서비스,MNDR,NAS0240410001,모바일 헬스 네트워크 솔루션스,2018340,0.59,1.7,,
547,음식배달플랫폼,UBER,US20190509010,우버,153139113522,-0.44,74.66,BUY,자율주행 확장
547,음식배달플랫폼,DASH,US20201207007,도어대시,92151112799,1.71,216.35,BUY,
547,음식배달플랫폼,GRAB,US20211202003,그랩 홀딩스,14643756257,-3.91,3.44,BUY,
85,우주항공,SPCX,NAS2606012004,스페이스X,1984332969853,-1.98,143.33,BUY,보호예수 해제 부담
85,우주항공,GE,US20110103002,제너럴 일렉트릭 (에어로스페이스),383225464220,1.53,375.09,BUY,
85,우주항공,RTX,US20200403004,RTX,298653791735,1.74,225.49,BUY,주주환원 규제 우려
85,우주항공,BA,US19520523001,보잉,186539354244,-1.28,223.06,BUY,아파치 운항중단
85,우주항공,LMT,US19950316001,록히드 마틴,137000653558,2.26,607.17,BUY,
85,우주항공,PH,US19641209001,파카 하니핀,132836628039,-1.13,1041.85,BUY,
85,우주항공,HWM,US20200401001,하우멧 에어로스페이스,115277018394,1.22,292.65,BUY,
85,우주항공,TDG,US20060315003,트랜스다임 그룹,68407883712,-0.33,1233.78,BUY,
85,우주항공,RKLB,US20210825002,로켓 랩,49111162380,-3.58,79.14,BUY,
85,우주항공,HEI,US19920317020,헤이코,43364945434,-0.88,368.01,BUY,
85,우주항공,HEI.A,US19980427001,헤이코 A,43364945434,-0.67,268.78,BUY,
85,우주항공,TDY,US19991123001,텔레다인 테크놀로지스,31388651344,-1.81,665.0,BUY,
85,우주항공,FTAI,US20150514001,FTAI 에비에이션,23425350369,-7.06,211.37,,20억달러 금융마감
85,우주항공,AER,US20061121002,에어캡 홀딩스,23229078038,-0.55,149.62,BUY,
85,우주항공,WWD,US19960530007,우드워드,21865935512,-1.13,366.23,BUY,
85,우주항공,TXT,US19680102001,텍스트론,15071457687,-0.59,87.13,BUY,
85,우주항공,MOG.A,US19920221001,무그 A,14117625820,-1.72,437.71,BUY,
85,우주항공,MOG.B,US19950818028,무그 B,14117625820,-0.9,445.95,,
85,우주항공,EMBJ,US20000721001,임브라에르(ADR),13726568555,-0.09,77.08,BUY,
85,우주항공,CR,NYS0230404002,크레인 컴퍼니,12631901487,-1.65,214.98,BUY,
85,우주항공,DCI,US19791127001,도널드슨,10972132370,-0.75,93.97,,
85,우주항공,SARO,NYS0241002003,스탠다드에어로,9061961815,-1.46,26.99,BUY,
85,우주항공,KRMN,NYS0250213001,카르만 홀딩스,8186196767,-3.8,59.43,BUY,목표가 하향
85,우주항공,ESE,US19901019001,에스코 테크놀로지스,7978098122,-0.5,306.48,BUY,
85,우주항공,HXL,US19830502002,헥셀,7795125107,-1.86,101.18,HOLD,
85,우주항공,LOAR,NYS0240424001,로어 홀딩스,7290227957,-1.48,76.68,BUY,
85,우주항공,VSEC,US19950818020,VSE,6831810840,-3.38,235.26,BUY,
85,우주항공,AIR,US19801117001,AAR,6186874498,-3.05,149.02,BUY,
85,우주항공,BETA,NYS0251104001,베타 테크놀로지스,5987621585,4.53,26.76,,
85,우주항공,LUNR,NAS0230214003,인튜이티브 머신스,4664483499,-5.3,19.3,BUY,목표주가 하향
85,우주항공,FLY,NAS0250807003,파이어플라이 에어로스페이스,4549093710,-3.79,26.15,BUY,
85,우주항공,ATRO,US19840907008,어스트로닉스,3359135676,-7.42,86.15,,
85,우주항공,RDW,US20210903005,레드와이어,3351690231,-3.5,12.94,BUY,
85,우주항공,DCO,US19720630005,듀코먼,3098270720,-0.47,204.27,BUY,
85,우주항공,VOYG,NYS0250611002,보이저 테크놀로지스,2683489081,-3.96,42.24,BUY,
85,우주항공,AIN,US19870930001,앨버니 인터내셔널,1813807420,-1.82,62.72,HOLD,
85,우주항공,YSS,NYS0260129002,요크 스페이스 시스템즈,1463921674,-2.25,10.42,,의견 하향
85,우주항공,TRS,US20070518001,트리마스,1403805741,-0.82,38.82,BUY,
85,우주항공,WLFC,US19960918001,윌리스 리스 파이낸스,1235188510,-1.66,57.46,BUY,
85,우주항공,PKE,US19840425001,파크 에어로스페이스,815280036,-1.57,36.9,BUY,
85,우주항공,SPIR,US20210817005,스파이어 글로벌,558033058,1.16,13.9,BUY,
85,우주항공,TATT,US19930311001,TAT 테크놀로지스,527393033,-1.45,40.04,BUY,
85,우주항공,SPCE,US20191028003,버진 갤럭틱 홀딩스,474394590,1.92,3.19,HOLD,운항 지연 부담
85,우주항공,ISSC,US20000804003,이노베이티브 솔루션즈 앤 서포트,443447483,-6.98,23.05,BUY,
85,우주항공,OPTX,US20220124007,신텍 옵틱스 홀딩스,362844767,-7.44,8.34,,
85,우주항공,MRLN,NAS0241202001,멀린,357198879,-6.52,3.3,BUY,
85,우주항공,AIRO,NAS0250613001,에이로 그룹 홀딩스,296878232,-4.57,8.98,BUY,
85,우주항공,SIDU,US20211209011,사이더스 스페이스,256551804,-3.56,2.44,,매출 감소 부담
85,우주항공,TAYD,US19950818017,테일러 디바이시스,178123986,1.61,56.23,,
85,우주항공,SIF,US19920318001,SIFCO 인더스트리스,137874288,-3.85,21.2,,
85,우주항공,HOVR,NAS0230403003,뉴 호라이즌 에어크래프트,132287108,-5.05,1.88,,
85,우주항공,AIRT,US19950105001,에어 T,114548847,5.83,29.43,,
85,우주항공,MNTS,US20210813008,모멘투스,102986514,-9.81,4.23,BUY,매수의견 개시
85,우주항공,SRFM,NYS0230727002,서프 에어 모빌리티,85308804,-3.09,0.6688,BUY,
85,우주항공,CVU,US20221005001,CPI 에어로스트럭처스,75904881,-3.14,5.55,,
85,우주항공,XTIA,US20170301004,XTI 에어로스페이스,60397323,-15.92,1.32,,임시 CEO 선임
85,우주항공,SYPR,US19940525001,사이프리스 솔루션즈,46932753,-8.82,1.86,,실적 부진
85,우주항공,NSYS,US19930624001,노테크 시스템즈,35265070,-1.78,12.14,,
85,우주항공,AIRI,US20130613003,에어 인더스트리스 그룹,12124074,-2.0,2.45,,
101,유통,AMZN,US19970515001,아마존,2817974106932,-0.7,259.49,BUY,
101,유통,BRK.A,US19800317002,버크셔 해서웨이 A,1066366787454,0.83,753600.0,,
101,유통,BRK.B,US20100121001,버크셔 해서웨이 B,1066366787454,0.95,502.96,BUY,
101,유통,WMT,US19701001001,월마트,909654316587,0.77,115.21,BUY,동일점포 호조 전망
101,유통,COST,US19851127001,코스트코,422767400614,0.82,961.35,BUY,메디케어 출시계획
101,유통,BABA,US20140915003,알리바바(ADR),298850743467,2.76,128.15,BUY,
101,유통,SHOP,US20150527004,쇼피파이,191219076330,-1.36,146.63,BUY,밸류 부담에 하향
101,유통,TJX,US19651117001,TJX,166609339647,0,150.85,BUY,성장 회복 전망
101,유통,PDD,US20180725004,핀둬둬(ADR),123723855345,0.38,87.27,BUY,
101,유통,MELI,US20070810001,메르카도리브레,90604871479,-0.47,1779.14,BUY,
101,유통,ROST,US19850808002,로스 스토어스,75457372400,0.45,236.35,BUY,
101,유통,SE,US20171019004,씨(ADR),73145767120,-2.67,116.26,BUY,경영진 지분매도
101,유통,ORLY,US19930422001,오릴리 오토모티브,72977059000,0.59,90.76,BUY,
101,유통,TGT,US19830406003,타겟,68572860379,0.97,152.48,HOLD,실적 개선 전망
101,유통,COR,US19950404001,센코라,59624663441,1.16,316.13,BUY,
101,유통,AZO,US19910402002,오토존,49280695409,1.79,3073.2,BUY,
101,유통,EBAY,US19980924001,이베이,44908778031,1.34,102.29,HOLD,AI 생산성 수혜
101,유통,JD,US20140522001,징동닷컴(ADR),35567854415,1.05,28.8,BUY,큰손 징동 매도
101,유통,KR,US19510112001,크로거,34343851205,0.48,56.34,BUY,
101,유통,CASY,US19831020001,케이시스 제너럴 스토어스,32187820473,-1.7,855.22,BUY,
101,유통,WSM,US19900326073,윌리엄스 소노마,28302639233,0.4,241.39,BUY,
101,유통,CPNG,US20210310005,쿠팡,28250893942,-0.89,15.58,BUY,
101,유통,DG,US20091113001,달러 제너럴,26482429525,0.63,120.84,BUY,
101,유통,DLTR,US19950306001,달러 트리,24889018933,0.75,130.51,HOLD,
101,유통,VLTO,NYS0231002006,버럴토,23582005960,-0.7,96.07,BUY,
101,유통,ULTA,US20071025001,울타 뷰티,21203421053,4.71,516.58,BUY,소비재 순환매
101,유통,BURL,US20131002002,벌링턴 스토어스,21197587585,0.03,336.95,BUY,
101,유통,KSPI,NAS0240119005,카스피.kz(ADR),18818210688,-1.08,97.98,BUY,
101,유통,TSCO,US19940218001,트랙터 서플라이,18065841466,0.12,34.72,BUY,
101,유통,BBY,US19870720001,베스트 바이,18004125846,2.14,87.27,HOLD,
101,유통,DKS,US20021016001,딕스 스포팅 굿즈,17560254575,-2.41,191.52,BUY,
101,유통,RBA,US19980310001,RB 글로벌,15203548405,4.45,85.76,BUY,
101,유통,W,US20141001004,웨이페어,14115675721,-1.35,101.69,BUY,
101,유통,FIVE,US20120719002,파이브 빌로우,13188462596,-0.02,238.51,BUY,
101,유통,BJ,US20180724004,BJs 홀세일 클럽 홀딩스,12055587056,-1.84,92.69,BUY,
101,유통,CART,NAS0230919002,메이플베어,11308695501,0.14,48.93,BUY,
101,유통,CHWY,US20190613002,츄이,9058637006,4.11,23.04,BUY,
101,유통,DDS,US19890623001,딜라즈,9052363991,0.85,584.6,,
101,유통,GME,US20020211001,게임스탑,8254169004,-2.45,17.95,,
101,유통,ETSY,US20150415002,엣시,7195081294,1.98,79.96,HOLD,
101,유통,VIPS,US20120323001,브이아이피숍 홀딩스(ADR),6741568973,1.21,14.21,BUY,
101,유통,URBN,US19931117001,어반 아웃피터스,6561681493,-2.57,74.67,BUY,
101,유통,M,US19920205001,메이시스,6106446547,0.04,23.23,HOLD,
101,유통,FND,US20170424002,플로어 앤 데코 홀딩스,6028183667,-1.01,56.05,HOLD,
101,유통,ACI,US20200625005,앨버트슨 컴퍼니스,5919718180,0.08,12.21,HOLD,
101,유통,PSMT,US19970902001,프라이스스마트,5559770427,-1.83,176.7,BUY,
101,유통,BOOT,US20141029003,부트 반 홀딩스,4969597746,-3.68,158.09,BUY,
101,유통,OLLI,US20150716002,올리스 바겐 아웃렛 홀딩스,4528804931,1.77,76.26,BUY,하방 위험 제한
101,유통,SITE,US20160512004,사이트원 랜드스케이프 서플라이,4174752884,-0.59,95.09,BUY,
101,유통,AAP,US20011129001,어드밴스 오토 파츠,3419490968,0.42,56.96,HOLD,
101,유통,SIG,US19500508002,시그넷 주얼러스,3385969689,-1.57,84.76,BUY,
101,유통,MNSO,US20201014003,미니소(ADR),3332096952,-0.74,10.68,,
101,유통,RH,US20121102002,RH,3328416552,-2.76,171.05,HOLD,JP모건 목표가 하향
101,유통,ASO,US20201002001,아카데미 스포츠 앤 아웃도어스,2858440830,1.71,46.89,BUY,
101,유통,AEO,US19940429001,아메리칸 이글 아웃피터스,2739243195,0,16.35,HOLD,목표가 상향
101,유통,ATHM,US20131211002,오토홈(ADR),2589644707,-2.31,21.97,HOLD,이익압박 우려
101,유통,PLBL,NAS0250808010,폴리벨리 그룹,2362698221,-7.75,5.95,,
101,유통,BKE,US19920506001,버클,2224594455,-0.19,43.11,,
101,유통,KSS,US19920101001,콜스,2185888393,-3.01,18.7,HOLD,
101,유통,GCT,US20220818001,기가클라우드 테크놀로지,1795130096,-2.41,49.07,BUY,
101,유통,WMK,US19650604001,웨이스 마케츠,1737939445,0.09,70.31,,
101,유통,RVLV,US20190606002,리볼브,1644567922,-1.21,22.86,BUY,
101,유통,IMKTA,US19870922001,잉글스 마켓,1643045038,-0.86,85.78,,
101,유통,SVV,NYS0230628003,세이버스 밸류 빌리지,1628599475,-0.28,10.53,,2차 공모 부담
101,유통,ADIG,NYS2608004001,에이디아이 글로벌 디스트리뷰션,1626689227,-4.34,20.5,BUY,
101,유통,YSWY,NAS2604022006,예스웨이,1581429182,-0.32,24.95,BUY,
101,유통,SBH,US20061113001,샐리 뷰티 홀딩스,1520103715,0.49,16.32,,
101,유통,EYE,US20171025001,내셔널 비전 홀딩스,1460100627,1.68,18.78,BUY,
101,유통,REAL,US20190627002,리얼리얼,1347830174,-0.18,11.06,,
101,유통,LQDT,US20060223001,리퀴디티 서비시스,1337889733,1.38,43.3,,
101,유통,GO,US20190619003,그로서리 아웃렛 홀딩스,1138239473,-3.83,11.05,HOLD,
101,유통,LUXE,US20210120006,럭스익스피리언스 (ADR),1055318007,-1.82,7.55,,
101,유통,AHG,US20211216002,악소 헬스 그룹(ADR),1042828788,-14.05,1.04,,
101,유통,RERE,US20210617017,AT리뉴(ADR),1000735489,-2.41,4.45,BUY,
101,유통,HEPS,US20210701003,디마켓 일렉트로시티 서비시스 앤 트레이딩(ADR),978589558,-9.49,2.48,,
101,유통,GRPN,US20111104001,그루폰,825330514,-0.39,20.22,,목표가 상향
101,유통,JMIA,US20190410001,주미아 테크놀로지(ADR),788347483,0.16,6.34,BUY,예상 웃돈 실적
101,유통,QVCG,NAS2608006006,QVC 그룹,769835186,0.39,15.46,,
101,유통,VLGEA,US19900327007,빌리지 슈퍼 마켓,633711849,0.56,43.04,,
101,유통,VTEX,US20210719012,브이텍스,601688424,0.28,3.54,,
101,유통,ARKO,US20201223001,아르코,545107025,-3.09,4.71,BUY,
101,유통,DDL,US20210629011,딩동 케이먼(ADR),501721225,-1.75,2.25,BUY,
101,유통,ZKH,NYS0231215002,ZKH 그룹(ADR),459194839,0.69,2.9,BUY,
101,유통,CAL,US20150601001,컬레러스,445977239,-2.71,12.92,,
101,유통,SFIX,US20171116004,스티치 픽스,444213913,-1.8,3.27,HOLD,
101,유통,SHOE,US19930316001,슈 스테이션 그룹,420756061,-1.42,15.28,HOLD,
101,유통,BNED,US20150804003,반즈 앤드 노블 에듀케이션,411386087,0.67,11.95,BUY,
101,유통,ELA,US20191218001,엔벨라,410655119,-1.39,15.6,,
101,유통,NEGG,US20210520001,뉴에그 커머스,396726177,-6.92,17.61,,
101,유통,ACCO,US19991109001,애코 브랜즈,390378241,1.18,4.28,,
101,유통,TDUP,US20210325014,스레드업,375534614,-1.75,2.81,BUY,
101,유통,AZ,US20220105002,A2Z 커스투메이트 솔루션스,320444736,0.14,7.29,BUY,
101,유통,DBI,US20190402004,디자이너 브랜즈,294952290,1.2,5.88,,
101,유통,AENT,NAS0230630001,얼라이언스 엔터테인먼트 홀딩,278289774,2.75,5.61,BUY,
101,유통,FLWS,US19990803001,1 800 플라워스닷컴,256339580,0.25,4.01,BUY,
101,유통,DIBS,US20210609002,퍼스트딥스,166360426,0.81,4.99,BUY,
101,유통,BZUN,US20150521001,바오준(ADR),161597683,-1.44,2.74,BUY,
101,유통,TONX,US20190405002,톤 스트래티지,155270087,-6.74,2.63,,
101,유통,BRLT,US20210922005,브릴리언트 어스 그룹,124197476,3.28,1.26,HOLD,
101,유통,WSHP,NAS0251114002,위숍 홀딩스,114038055,0.21,4.76,,
101,유통,TLYS,US20120504001,틸리스,112173601,-0.27,3.67,HOLD,
101,유통,GRWG,US20191202001,그로우제너레이션,111336042,-3.17,1.83,BUY,
101,유통,WNW,US20201215010,메이우 테크놀로지,67391716,3.91,2.66,,
101,유통,HOUR,US20211223006,아워 루프,66510037,-2.13,1.84,,
101,유통,DIT,US19950804001,암콘 디스트리뷰팅,66355834,-1.47,67.0,,
101,유통,CATO,US19870430002,케이토,65251630,7.95,3.53,,
101,유통,UPXI,US20220819002,우펙시,58675992,-1.06,0.7905,,
101,유통,LITB,US20130606001,라이트인더박스 홀딩(ADR),58181080,0.68,2.97,,
101,유통,PRTS,US20070209001,카파츠닷컴,49027431,-2.14,5.95,,
101,유통,OTH,AMX0251113007,넥스트보트,48264124,-0.52,1.91,,
101,유통,CGTL,NAS0241119001,크리에이티브 글로벌 테크놀로지 홀딩스,46205747,1.04,4.84,,
101,유통,SPWH,US20140416001,스포츠맨스 웨어하우스 홀딩스,45253366,0,1.16,BUY,
101,유통,NEXR,US20220826002,넥세라 테크놀로지스,38757727,0.77,2.62,,
101,유통,MATH,NAS0221213006,메탈파 테크놀로지 홀딩,38615243,-1.32,0.809,,
101,유통,YI,US20180911001,111(ADR),31750308,-1.66,3.55,,
101,유통,LIVE,US19950818008,라이브 벤처스,30894308,0.4,10.1,,
101,유통,JFU,NAS0230118004,9F(ADR),27308342,25.43,2.91,,
101,유통,MOGU,US20181206007,모구(ADR),15463145,2.65,1.94,,
101,유통,ATER,US20210430002,어터리언,8212729,3.72,0.4742,,
101,유통,BQ,US20200928002,보치 홀딩,7673172,0,1.04,,
101,유통,BGI,US20131002001,버크스 그룹,7171199,7.09,0.3898,,
101,유통,JWEL,US20210310004,조웰 글로벌,6461705,2.57,2.79,,
101,유통,LESL,US20201029010,레슬리스,6140577,-3.61,0.6321,BUY,
101,유통,TGL,US20220811005,트레저 글로벌,5570089,-6.32,2.67,,
101,유통,WBUY,NAS0231019005,위바이 글로벌,4598219,-8.24,0.77,,
101,유통,OCG,US20201214002,오리엔탈 컬처 홀딩,3255673,-1.79,1.65,,
101,유통,RDGT,US20091001003,리지텍,2804314,7.69,0.8322,,
101,유통,SBEV,US20210611012,스플래시 베버리지 그룹,2380895,5.48,0.3987,,
101,유통,YHC,NAS0230810001,LQR 하우스,2157394,3.03,1.7,,
163,여가생활,DIS,US19620102001,디즈니,178674210221,0.43,103.95,BUY,규제 대응 부각
163,여가생활,POOL,US19951013001,풀,6920354764,-1.6,187.43,,
163,여가생활,BC,US19250115001,브런스윅,5331697848,-1.57,81.01,BUY,
163,여가생활,GOLF,US20161028002,아쿠시넷 홀딩스,5293878832,-1.19,89.58,HOLD,
163,여가생활,MANU,US20120810002,맨체스터 유나이티드,4015144847,0.94,23.51,BUY,
163,여가생활,PII,US19950224002,폴라리스,3887393554,-1.05,67.61,HOLD,
163,여가생활,PLNT,US20150807002,플래닛 피트니스,3823429820,5.39,53.36,BUY,목표주가 상향
163,여가생활,HAYW,US20210311014,헤이워드 홀딩스,3130221331,-1.02,14.61,BUY,
163,여가생활,ELY,US19920227002,캘러웨이 골프 컴퍼니,2964431208,-2.83,16.14,HOLD,
163,여가생활,LCII,US20170103003,LCI 인더스트리스,2530777510,-0.82,103.27,BUY,
163,여가생활,PTON,US20190925012,펠로톤,2321139677,0.19,5.3,HOLD,목표가 하향
163,여가생활,SEAS,US20130419003,유나이티드 파크&리조트,2014993947,1.3,45.03,HOLD,
163,여가생활,FUN,NYS0240702001,식스 플래그스 엔터테인먼트,1595796111,0.96,15.75,BUY,
163,여가생활,FBYD,NAS0231006002,팰컨스 비욘드 글로벌,1231732796,4.04,10.57,,대형 계약 확보
163,여가생활,HZO,US19980603003,마린맥스,1153787267,-0.13,52.18,BUY,
163,여가생활,LUCK,US20211216004,럭키 스트라이크 엔터테인먼트,915174616,-1.49,6.6,BUY,
163,여가생활,SWIM,US20210423001,라탐 그룹,838638777,-2.1,6.98,,
163,여가생활,CWH,US20161007002,캠핑 월드 홀딩스,642358179,1.29,6.3,,
163,여가생활,MBUU,US20140130002,말리부 보츠,577403302,-0.27,29.33,BUY,
163,여가생활,JOUT,US19900326026,존슨 아웃도어스,500193390,0.17,47.82,,
163,여가생활,BBW,US20041028001,빌드어베어 워크숍,478703448,-1.96,37.44,,
163,여가생활,ZUMZ,US20050506001,주미에즈,303972862,0.11,18.04,HOLD,
163,여가생활,XPOF,US20210721012,엑스포넨셜 피트니스,251005939,-0.39,5.07,HOLD,
163,여가생활,RICK,US19951013002,RCI 호스피털리티 홀딩스,237617123,-0.32,30.99,,
163,여가생활,ONEW,US20191023004,원워터 마린,191114128,-0.96,11.36,,
163,여가생활,COOK,US20210728003,트래저,154988747,1.23,56.08,HOLD,
163,여가생활,AOUT,US20200825001,아메리칸 아웃도어 브랜즈,152908270,-4.95,11.52,,
163,여가생활,CLAR,US20170814001,클라루스,138956540,0,3.63,HOLD,
163,여가생활,GPRO,US20140626001,고프로,113317031,-3.55,0.5925,SELL,
163,여가생활,VENU,AMX0241127002,베뉴 홀딩,103967476,0.54,1.86,BUY,
163,여가생활,RGS,US19910628004,레지스,67702529,1.33,27.46,BUY,
163,여가생활,MAMO,NAS0240402005,마시모 그룹,44130050,-1.89,1.04,,
163,여가생활,KOSS,US19920225008,코스,35018396,-4.86,3.52,,
163,여가생활,GDHG,NAS0230410001,골든 헤븐 그룹 홀딩스,25435367,0,1.27,,
163,여가생활,MMA,AMX0240328005,믹스드 마셜 아츠 그룹,10458781,-1.49,0.3891,,
163,여가생활,YMAT,NAS0250730006,J 스타 홀딩,8617373,-2.05,1.91,,
163,여가생활,NWTG,NAS0230815006,뉴튼 골프 컴퍼니,7969056,-13.61,1.27,BUY,계속기업 우려
163,여가생활,EJH,US20210514013,이홈 하우스홀드 서비스 홀딩스,4639241,42.76,2.07,,
163,여가생활,FLYE,NAS0240606001,플라이 이 그룹,2839749,-4.02,1.67,,
51,식품포장재,AMCR,US20190611003,앰코,21046136872,0.72,45.86,BUY,
51,식품포장재,BALL,US19731217001,볼,16191118392,0.8,61.67,BUY,
51,식품포장재,CCK,US19480129001,크라운 홀딩스,12639641826,0.53,116.86,BUY,
51,식품포장재,ATR,US19930401002,앱타그룹,8374402316,-0.01,131.73,BUY,
51,식품포장재,SON,US19950308001,소노코 프로덕츠,5609966943,0.79,57.2,BUY,
51,식품포장재,GPK,US19921210001,그래픽 패키징 홀딩,3256096915,-0.27,10.97,HOLD,
51,식품포장재,AMBP,US20210805002,아르다 메탈 패키징,3119365562,-2.68,5.08,HOLD,
51,식품포장재,OI,US19911211002,O I 글래스,1017011888,-3.93,6.36,HOLD,
51,식품포장재,KRT,US20210413002,카랫 패키징,952534298,0.15,47.87,BUY,
51,식품포장재,BLNE,US20180104001,비라인 홀딩스,32262744,0.76,0.9874,,
51,식품포장재,YHGJ,US19971105001,윈훙 그린 CTI,8686941,2.1,3.4,,
613,대마초,TRLV,NYS2606010002,트루리브 캐너비스,1823206837,2.32,9.69,BUY,
613,대마초,CRON,US20180227002,크로노스 그룹,1167539495,1.59,3.2,,
613,대마초,TLRY,US20180718006,틸레이 브랜즈,616231830,-0.45,4.46,HOLD,
613,대마초,CGC,US20201116001,캐노피 그로스,422947997,-1.15,0.9885,HOLD,
613,대마초,VFF,US20190221001,빌리지 팜스 인터내셔널,315431765,-1.55,2.54,BUY,
613,대마초,SNDL,US20190731003,SNDL,305344258,0,1.23,,
613,대마초,ACB,US20210525001,오로라 캐너비스,233453049,1.94,3.67,,
613,대마초,HITI,US20210602002,하이 타이드,204940414,2.58,2.39,BUY,
613,대마초,OGI,US20190521002,오개니그램 홀딩스,172696342,-0.82,1.21,,
613,대마초,ISPR,NAS0230404001,아이스파이어 테크놀로지,90097948,-5.1,1.49,BUY,
613,대마초,INCR,US20210901002,인터큐어,56124924,0.23,0.95,,
613,대마초,AGFY,US20210125001,RYTHM INC,44292280,0.84,20.5,,
613,대마초,FLGC,US20210330004,제로스택 코퍼레이션,34097935,-5.64,1.84,,
613,대마초,YCBD,US20190501008,CBDMD,5321267,-1.05,0.47,HOLD,투자의견 하향
613,대마초,XXII,US20210816009,22ND 센추리 그룹,2941031,-1.21,4.07,,
613,대마초,AKAN,NAS0230309002,어칸다,2925329,-11.46,4.79,,급등 후 차익실현
613,대마초,GNLN,US20190417011,그린레인 홀딩스,1395737,48.26,2.98,,
613,대마초,IMCC,NAS0221117002,IM 캐너비스,653310,-0.1,0.1049,,주식병합 부담
137,엔터테인먼트,GOOG,US20040819001,알파벳 C,4210948256352,-0.01,341.43,BUY,AI자금조달 부담
137,엔터테인먼트,GOOGL,US20040819002,알파벳 A,4210948256352,0.03,344.1,BUY,AI자금조달 부담
137,엔터테인먼트,NFLX,US20020523001,넷플릭스,316475592129,2.35,77.81,BUY,애크먼 지분매입
137,엔터테인먼트,BABA,US20140915003,알리바바(ADR),298850743467,2.76,128.15,BUY,
137,엔터테인먼트,DIS,US19620102001,디즈니,178674210221,0.43,103.95,BUY,규제 대응 부각
137,엔터테인먼트,SONY,US20210401017,소니(ADR),138727278331,-1.14,23.43,,
137,엔터테인먼트,SPOT,US20180402003,스포티파이,101197973018,4.83,516.28,BUY,
137,엔터테인먼트,CMCSA,US19880707001,컴캐스트,90719402017,2.46,26.2,HOLD,
137,엔터테인먼트,WBD,US20220404010,워너 브로스 디스커버리,70109078393,2.01,28.49,HOLD,
137,엔터테인먼트,LYV,US20051214001,라이브 네이션 엔터테인먼트,42957942767,-2.49,179.84,BUY,
137,엔터테인먼트,TKO,US19991019005,TKO 그룹 홀딩스,36926262352,-1.55,192.11,BUY,
137,엔터테인먼트,BIDU,US20050805002,바이두(ADR),35423760786,-12.96,90.63,BUY,AI 매출 호조
137,엔터테인먼트,FOX,US20130702002,폭스 B,27333882746,-0.37,61.26,,
137,엔터테인먼트,FOXA,US20130702003,폭스 A,27333882746,-0.2,69.05,BUY,
137,엔터테인먼트,FWONA,US20170125001,리버티 포뮬러 원 A,25114688888,-0.32,93.16,BUY,
137,엔터테인먼트,FWONK,US20170125002,리버티 포뮬러 원 C,25114688888,0.07,102.05,BUY,
137,엔터테인먼트,ROKU,US20170927003,로쿠,23491226158,-0.32,157.8,HOLD,
137,엔터테인먼트,OMC,US19900627001,옴니콤 그룹,23440636242,0.99,86.31,BUY,
137,엔터테인먼트,CHTR,US19991108001,차터 커뮤니케이션스,17184243181,3.02,148.45,HOLD,
137,엔터테인먼트,NWS,US20130619002,뉴스 코퍼레이션 B,16243351233,2.45,33.48,,
137,엔터테인먼트,NWSA,US20130619003,뉴스 코퍼레이션 A,16243351233,2.4,29.39,BUY,
137,엔터테인먼트,RCI,US19960207001,로저스 커뮤니케이션스,15482090324,-0.5,35.91,HOLD,
137,엔터테인먼트,LAMR,US19960802001,라마 애드버타이징,15470860575,-0.45,151.69,HOLD,
137,엔터테인먼트,TME,US20181211008,텐센트 뮤직 엔터테인먼트(ADR),13957573502,-0.9,8.79,BUY,
137,엔터테인먼트,WMG,US20200602002,워너 뮤직 그룹,13791480413,-0.23,26.31,BUY,
137,엔터테인먼트,HAS,US19841218001,해즈브로,13403434669,-1.09,94.01,BUY,
137,엔터테인먼트,PSKY,NAS0250807004,파라마운트 스카이댄스 코퍼레이션,11531157666,1.56,10.44,HOLD,보증금 요구 부담
137,엔터테인먼트,NYT,US19730503005,뉴욕타임스,10524748104,-0.31,65.07,BUY,목표가 하향
137,엔터테인먼트,MSGS,US20200420002,매디슨 스퀘어 가든 스포츠,9917388120,-2.6,401.24,BUY,
137,엔터테인먼트,SIRI,US19940913001,시리우스 XM 홀딩스,9814992135,-1.68,28.63,HOLD,
137,엔터테인먼트,LLYVA,NAS0230804007,리버티 라이브 A,9358026808,-1.85,100.0,BUY,
137,엔터테인먼트,LLYVK,NAS0230804008,리버티 라이브 C,9358026808,-1.91,103.68,,
137,엔터테인먼트,BILI,US20180327001,빌리빌리(ADR),7209325744,-1.33,17.0,BUY,
137,엔터테인먼트,QMMM,NAS0240719003,QMMM 홀딩스,6828953478,0,119.4,,
137,엔터테인먼트,TTD,US20160921009,트레이드 데스크,6295059864,0.07,13.41,HOLD,
137,엔터테인먼트,SPHR,US20200420001,스피어 엔터테인먼트,6161468550,-4.3,164.22,BUY,목표가 상향
137,엔터테인먼트,NXST,US20031124001,넥스타 미디어 그룹,5692167119,-1.26,182.48,BUY,목표가 하향
137,엔터테인먼트,WPP,US20171128003,WPP(ADR),5574068731,2.17,26.4,,
137,엔터테인먼트,GHC,US20131129001,그레이엄 홀딩스,4933873124,0.68,1173.27,,
137,엔터테인먼트,CNK,US20070424001,시네마크 홀딩스,4348090878,-2.19,36.7,BUY,
137,엔터테인먼트,MAT,US19680603001,마텔,4236049834,-0.55,14.5,BUY,
137,엔터테인먼트,MSGE,NYS0230421002,매디슨 스퀘어 가든 엔터테인먼트,4013471184,-3.49,81.9,BUY,
137,엔터테인먼트,SRAD,US20210913006,스포츠레이더 그룹,3934979858,-2.06,12.86,BUY,
137,엔터테인먼트,YY,US20121121001,조이(ADR),3708320298,0.05,73.66,BUY,
137,엔터테인먼트,LION,NAS0240514003,라이언스게이트 스튜디오스,3555084394,-2.18,11.69,BUY,
137,엔터테인먼트,BATRA,NAS0230719001,애틀랜타 브레이브스 홀딩스 A,3364483677,0.43,56.36,BUY,
137,엔터테인먼트,BATRK,NAS0230719002,애틀랜타 브레이브스 홀딩스 C,3364483677,-0.78,52.31,HOLD,
137,엔터테인먼트,RUM,US20210412003,럼블,3295458436,-1.58,8.11,,
137,엔터테인먼트,ADEA,US20221003001,아디아,3271318436,-5.56,28.02,,
137,엔터테인먼트,IMAX,US19940610001,아이맥스,2872569283,-3.51,50.55,BUY,
137,엔터테인먼트,STUB,NYS0250917002,스텁허브,2719903859,0.14,7.13,BUY,성장 둔화 우려
137,엔터테인먼트,PTON,US20190925012,펠로톤,2321139677,0.19,5.3,HOLD,목표가 하향
137,엔터테인먼트,CMPR,US20141118001,심프레스,2233590836,-2.1,89.82,,
137,엔터테인먼트,INOD,US19930810002,이노데이터,2210335803,-4.2,61.6,BUY,
137,엔터테인먼트,AMC,US20131218003,AMC 엔터테인먼트 홀딩스,2177493624,-2.46,2.38,HOLD,
137,엔터테인먼트,STGW,US20210803010,스태그웰,2126485547,1.61,8.84,,
137,엔터테인먼트,DV,US20210420008,더블베리파이 홀딩스,2060898003,-0.23,13.27,HOLD,
137,엔터테인먼트,DAO,US20191024007,유다오(ADR),1969607524,4.42,17.01,BUY,
137,엔터테인먼트,ASST,NAS0230202001,스트라이브,1906307786,-3.11,12.79,,비트코인 추가 매수
137,엔터테인먼트,TV,US19931214003,그루포 텔레비사(ADR),1521406417,-4.21,2.73,HOLD,
137,엔터테인먼트,NMAX,NYS0250331001,뉴스맥스,1337820625,10.33,11.43,,
137,엔터테인먼트,PRSU,US19780306001,펄수 어트랙션즈 앤 호스피탤리티,1308129436,0.15,48.06,,
137,엔터테인먼트,IQ,US20180328003,아이치이(ADR),1283210819,-7.52,1.23,BUY,매출 부진과 적자전환
137,엔터테인먼트,FBYD,NAS0231006002,팰컨스 비욘드 글로벌,1231732796,4.04,10.57,,대형 계약 확보
137,엔터테인먼트,CCO,US20051111001,클리어 채널 아웃도어 홀딩스,1180847345,2.16,2.37,HOLD,
137,엔터테인먼트,QNST,US20100211001,퀸스트리트,1158714658,2.88,20.75,BUY,
137,엔터테인먼트,WBTN,NAS0240627002,웹툰 엔터테인먼트,1143801800,-2.02,8.26,HOLD,
137,엔터테인먼트,FUBO,US20201008004,푸보티비,1121213355,-2.73,9.99,BUY,
137,엔터테인먼트,GCI,US20150623002,USA TODAY CO INC,1052461484,-6.83,6.68,,
137,엔터테인먼트,SBGI,US19950607001,싱클레어,1030313898,0.84,14.37,,
137,엔터테인먼트,MNTN,NYS0250522002,마운틴,931849831,0.32,12.5,,
137,엔터테인먼트,MCS,US19931214001,마커스,923227410,-0.6,29.77,BUY,
137,엔터테인먼트,CRTO,US20131030001,크리테오,872951409,0.22,17.86,BUY,
137,엔터테인먼트,DSP,US20210209003,바이언트 테크놀로지,838070011,2.46,12.92,BUY,
137,엔터테인먼트,IBTA,NYS0240417002,아이보타,832539404,2.62,36.88,,
137,엔터테인먼트,DJCO,US19920225002,데일리 저널,821043967,0.76,600.51,,
137,엔터테인먼트,EVC,US20000801002,엔트라비전 커뮤니케이션스,820269110,-5.29,8.42,,
137,엔터테인먼트,PUBM,US20201207004,퍼브매틱,786482795,0.52,17.36,BUY,
137,엔터테인먼트,MATW,US19940720001,매튜스 인터내셔널,717750794,-2.96,22.32,,
137,엔터테인먼트,TRON,NAS0230815007,트론,711422253,-0.67,1.49,,
137,엔터테인먼트,RSVR,US20210729010,레저브와 미디어,645984313,-0.92,9.71,BUY,
137,엔터테인먼트,NEXN,US20210618003,넥슨 인터내셔널,586615423,-2.75,10.24,BUY,
137,엔터테인먼트,EBF,US19690120001,에니스,564537732,0.94,22.53,,
137,엔터테인먼트,HUYA,US20180510001,후야(ADR),523812854,-0.88,2.26,BUY,
137,엔터테인먼트,GTN,US19960924001,그레이 텔레비전,521140641,-2.41,4.86,,부채 차환 부담
137,엔터테인먼트,GTN.A,US19960924002,그레이 텔레비전 A,521140641,0,5.83,,
137,엔터테인먼트,QUAD,US20100706001,쿼드 그래픽스,520677977,-0.69,10.05,BUY,
137,엔터테인먼트,AMCX,US20110616001,AMC 네트웍스,498606429,-1.16,11.95,,
137,엔터테인먼트,IHRT,US20190718003,아이허트미디어,458078810,1.69,3.01,,
137,엔터테인먼트,STRZ,NAS0250507004,스타즈 엔터테인먼트,435375356,0,25.43,BUY,차입 확대 부담
137,엔터테인먼트,ADV,US20201029001,어드밴티지 솔루션스,401763502,4.28,32.68,,
137,엔터테인먼트,BOC,US20220222002,보스턴 오마하,395176757,5.95,13.9,,
137,엔터테인먼트,PERI,US20060131002,페리언 네트워크,380636781,-0.41,9.64,BUY,
137,엔터테인먼트,SOHU,US20000712001,써우후닷컴(ADR),380527038,-0.82,14.48,,
137,엔터테인먼트,FNKO,US20171101003,펀코,341497678,1.81,6.2,,
137,엔터테인먼트,BUUU,NAS0250814001,BUUU 그룹,321578066,5.12,28.96,,
137,엔터테인먼트,SSP,US20180604002,EW 스크립스,302036870,1.23,3.3,,
137,엔터테인먼트,JAKK,US19960502001,잭스 퍼시픽,291442661,-0.82,25.26,,
137,엔터테인먼트,AENT,NAS0230630001,얼라이언스 엔터테인먼트 홀딩,278289774,2.75,5.61,BUY,
137,엔터테인먼트,NCMI,US20070208002,내셔널 시네미디어,256757868,-7.69,2.52,,
137,엔터테인먼트,FORR,US19961127002,포레스터 리서치,212239848,1.43,11.31,HOLD,
137,엔터테인먼트,LEE,US20210419004,리 엔터프라이지스,183647504,-1.82,8.09,,
137,엔터테인먼트,CURI,US20201015003,큐리어시티스트림,175010075,-3.39,2.85,,
137,엔터테인먼트,DOYU,US20190716001,도유 인터내셔널 홀딩스(ADR),142112294,0.85,4.75,HOLD,
137,엔터테인먼트,PLBY,US20210211005,플레이보이,141343103,0.85,1.19,,
137,엔터테인먼트,FLNT,US20180416001,플루언트,131141601,1.45,4.21,BUY,
137,엔터테인먼트,AMBR,NAS0221114001,앰버 인터내셔널 홀딩(ADR),117819082,0,1.25,,
137,엔터테인먼트,GETY,US20220725001,게티 이미지 홀딩스,116050187,-1.89,0.2705,HOLD,
137,엔터테인먼트,TSQ,US20140724007,타운스퀘어 미디어,105356534,-1.21,5.71,,
137,엔터테인먼트,VBIX,NAS0250605004,퀀텀 X 랩스,100484763,-5.36,4.41,,
137,엔터테인먼트,BZFD,US20211206001,버즈피드,92481945,-0.9,1.1,,
137,엔터테인먼트,XHLD,NAS0250213012,TEN 홀딩스,88135292,-11.68,6.5,,
137,엔터테인먼트,SCOR,US20180601003,컴스코어,85773255,-4.07,5.42,,
137,엔터테인먼트,PODC,NAS0230908006,팟캐스트원,85596980,-3.89,2.72,,사상 최대 매출
137,엔터테인먼트,MCHX,US20040331002,마첵스 B,80234568,-2.21,1.77,,
137,엔터테인먼트,MDIA,US20200117001,미디아코 홀딩,73224584,6.7,0.9301,,
137,엔터테인먼트,GCL,US20220420005,GCL 글로벌 홀딩스,71572325,4.69,0.5759,,
137,엔터테인먼트,CNVS,NAS0230609001,시네버스,65119792,-0.36,2.73,BUY,
137,엔터테인먼트,GOAI,NAS0260128003,에바 라이브,61731718,1.78,1.72,,
137,엔터테인먼트,TEAD,US20210723005,TEADS HOLDING CO,61326755,-0.96,0.6195,HOLD,
137,엔터테인먼트,TC,US20181120001,토큰 캣(ADR),60208464,-9.65,2.06,,
137,엔터테인먼트,SGA,US20180816001,사가 커뮤니케이션스,59752417,0.11,9.41,HOLD,
137,엔터테인먼트,LVO,US20211006004,라이브원,53875907,-6.36,3.68,,목표가 하향
137,엔터테인먼트,IZEA,US20160226002,아이지아 월드와이드,53804915,-3.56,2.98,,
137,엔터테인먼트,RDI,US19920317008,레딩 인터내셔널,52566972,0,1.75,,
137,엔터테인먼트,RDIB,US20040505003,레딩 인터내셔널 B,52566972,-0.54,9.15,,
137,엔터테인먼트,DSWL,US19950719001,데스웰 인더스트리,49392620,-0.32,3.1,,
137,엔터테인먼트,AHMA,NAS0251021001,앰비션스 엔터프라이즈 매니지먼트,46658357,-4.46,1.5,,
137,엔터테인먼트,GAME,NAS0230411004,게임스퀘어 홀딩스,45770300,1.34,0.4469,,
137,엔터테인먼트,SLMT,NAS0230127009,브레라 홀딩스,43697631,0.5,3.99,,
137,엔터테인먼트,TGE,NYS0250605002,더 제너레이션 에센셜스 그룹,43654168,-1.1,0.8911,,
137,엔터테인먼트,NOMA,NAS0251031005,노마다 코프,42020795,-21.82,2.15,,
137,엔터테인먼트,BBGI,US20000211001,비슬리 브로드캐스트 그룹,41381682,-3.22,21.62,BUY,
137,엔터테인먼트,CREX,NAS0230327003,크리에이티브 리얼리티스,41247097,-8.2,2.8,,
137,엔터테인먼트,CAST,NAS2603010003,프리캐스트,40901524,143.08,2.09,,금융채널 재출시
137,엔터테인먼트,SJ,US20200511002,사이언조이 홀딩,40331078,0,0.95,,
137,엔터테인먼트,GAIA,US19991029002,가이아,38384808,-2.65,1.47,,
137,엔터테인먼트,TOON,US20161121001,카툰 스튜디오스,37476247,9.53,0.66,,
137,엔터테인먼트,ABLV,US20220912003,에이블 뷰 글로벌,36051937,14.37,0.835,,
137,엔터테인먼트,ANGH,US20220204002,앙가미,32354504,-5.32,3.38,,
137,엔터테인먼트,HHS,US20211201007,하트 행크스,31152117,-5.5,3.95,,
137,엔터테인먼트,WIMI,US20190725001,와이마이 홀로그램 클라우드,24079315,-3.05,1.27,,
137,엔터테인먼트,UONE,US20170508001,어반 원,23201859,-1.19,4.98,,가이던스 하향
137,엔터테인먼트,UONEK,US20170508002,어반 원 D,23201859,-0.8,4.98,,가이던스 하향
137,엔터테인먼트,EDHL,NAS0250417003,에버브라이트 디지털 홀딩스,23117085,3.35,4.01,,
137,엔터테인먼트,ACCS,US20140311005,액세스 뉴스와이어,19515112,-3.14,4.94,,
137,엔터테인먼트,FENG,US20110512004,피닉스 뉴 미디어(ADR),18492674,-2.6,1.5,,
137,엔터테인먼트,TULP,US19910625001,블루미아 홀딩스,16509546,10.12,3.81,,
137,엔터테인먼트,BAOS,NAS0230322001,바오셩 미디어 그룹 홀딩스,15390220,2.29,0.4907,,
137,엔터테인먼트,DLPN,US20171221001,돌핀 엔터테인먼트,14976208,-0.87,1.14,,
137,엔터테인먼트,INUV,US19980804001,이누보,12361337,-0.69,0.7449,BUY,
137,엔터테인먼트,PLAG,US20181001007,플래닛 그린 홀딩스,11999903,-3.4,0.8146,,
137,엔터테인먼트,GMM,NAS0231010003,글로벌 모페이 AI,11713756,-0.37,2.72,,
137,엔터테인먼트,SFHG,NAS0241015003,샘파인 크리에이션 홀딩스 그룹,10188439,-4.78,2.39,,
137,엔터테인먼트,KNRX,AMX0250929007,노렉스,10165248,2.69,0.3432,,
137,엔터테인먼트,LZMH,NAS0250227004,LZ 테크놀로지 홀딩스,10053788,2.68,1.15,,
137,엔터테인먼트,AEHL,US20201015001,안텔로페 엔터프라이즈 홀딩스,7504564,10.37,5.64,,
137,엔터테인먼트,GDC,NAS0230110006,GD 컬처 그룹,7490911,4.44,1.88,,
137,엔터테인먼트,YDKG,NAS0221212001,위에다 디지털 홀딩스,5984374,-0.93,1.07,,
137,엔터테인먼트,KRKR,US20191106002,36KR 홀딩스(ADR),5916608,0.63,3.19,,
137,엔터테인먼트,AUUD,US20210217004,오디아,5628345,10.3,1.07,,
137,엔터테인먼트,CRE,NAS0250723003,크리에이트 엔터프라이즈,5597691,-7.91,2.56,,
137,엔터테인먼트,MITQ,US20210624013,무빙 이미지 테크놀로지스,5269638,-0.04,0.53,,
137,엔터테인먼트,STFS,NAS0241011007,스타 패션 컬처 홀딩스,5024731,5.7,4.45,,
137,엔터테인먼트,LCFY,NAS0221208002,로커파이,4928366,-3.28,2.65,,
137,엔터테인먼트,CNET,NAS0230120002,ZW 데이터 액션 테크놀로지스,4804623,5.34,1.38,,
137,엔터테인먼트,ABTS,US20161115003,아비츠 그룹,3888653,-4.13,1.16,,
137,엔터테인먼트,CHR,US20200219002,치어 홀딩스,3413364,-1.08,1.83,,
137,엔터테인먼트,VSME,NAS0230928004,VS 미디어 홀딩스,3362307,0.83,1.22,,
137,엔터테인먼트,TNMG,US20220124003,TNL 미디어진,2461532,-2.49,0.3803,,
137,엔터테인먼트,YHC,NAS0230810001,LQR 하우스,2157394,3.03,1.7,,
137,엔터테인먼트,DRCT,US20220128004,다이렉트 디지털 홀딩스,2134801,-4.89,2.53,BUY,
137,엔터테인먼트,ZNB,US20221101001,제타 네트워크 그룹,2055667,5.19,2.23,,
151,술,BUD,US19800418001,안호이저부시 인베브(ADR),133428139877,0.3,77.43,,
151,술,DEO,US19971217001,디아지오(ADR),51100763192,-0.91,90.98,BUY,인도 제조법변경
151,술,ABEV,US20131112001,암베브(ADR),42949663520,0,2.78,HOLD,
151,술,STZ,US19860731001,콘스텔레이션 브랜즈,22292105767,0.34,131.0,BUY,
151,술,BF.B,US19720630001,브라운 포먼 B,12731962880,-1.56,27.15,HOLD,
151,술,BF.A,US19730503004,브라운 포먼 A,12731962880,-0.89,27.8,,
151,술,TAP,US19750610001,몰슨 쿠어스 베버리지,7199047175,0.96,41.13,HOLD,
151,술,TAP.A,US20020322002,몰슨 쿠어스 베버리지 A,7199047175,6.59,44.5,,
151,술,CCU,US19941104001,세르베세리아스 우니다스(ADR),2153745087,-0.94,11.55,HOLD,목표가 하향
151,술,SAM,US19951121005,보스턴 비어,1875775726,-2.0,178.65,HOLD,
151,술,AGCC,NAS0251022001,에젠시아 커머셜 스피리츠,613000571,1.19,14.5,,
151,술,MGPI,US19881020001,MGP 인그리디언츠,383016609,-2.18,17.5,,
151,술,WVVI,US19940915001,윌래메트 밸리 바인야드,40832360,-1.77,2.22,,유통업체 파산 부담
151,술,BLNE,US20180104001,비라인 홀딩스,32262744,0.76,0.9874,,
151,술,EPSM,NAS0250326003,앱시움 엔터프라이즈,19077962,2.11,1.45,,
151,술,AMSS,NAS2605020001,어매스 브랜즈,11022489,5.25,0.9999,,
151,술,AMZE,US20211213019,어메이즈 홀딩스,4401295,-4.68,0.2015,,
151,술,IBG,NAS0240926003,이노베이션 베버리지 그룹,4046846,2.06,0.9185,,
7,여행,BKNG,US20180227001,부킹 홀딩스,153820056848,1.72,208.28,BUY,
7,여행,ABNB,US20201208001,에어비앤비,105684408753,2.19,183.22,BUY,AI 수익화 부각
7,여행,MAR,US20131021001,메리어트,92961724719,0.24,357.42,BUY,
7,여행,RCL,US19930427001,로열 캐리비안 크루즈,80697254262,-0.59,300.0,BUY,
7,여행,HLT,US20131212003,힐튼 월드와이드 홀딩스,73382609199,0.5,327.74,BUY,
7,여행,EXPE,US20050720001,익스피디아,38218057404,0.93,321.46,BUY,
7,여행,CCL,US19870724001,카니발,37972318832,-1.66,27.27,BUY,
7,여행,LVS,US20041215002,라스베이거스 샌즈,29418827141,0.09,45.47,BUY,
7,여행,TCOM,US20191105003,트립닷컴(ADR),29307899796,-0.71,44.53,BUY,
7,여행,IHG,US20030408001,인터컨티넨탈 호텔스 그룹(ADR),23801850039,-0.54,159.38,BUY,
7,여행,H,US20091105001,하얏트 호텔,17109763489,-1.59,178.72,BUY,목표주가 하향
7,여행,FLUT,NYS0240129002,플러터 엔터테인먼트,16723888090,-3.63,92.89,BUY,
7,여행,HST,US20201102001,호스트 호텔 앤 리조트,15624374718,0.44,22.91,BUY,
7,여행,HTHT,US20100326001,화주호텔 그룹(ADR),14313346394,-1.5,45.91,BUY,
7,여행,DKNG,US20200424002,드래프트킹스,12557624831,-4.98,24.04,BUY,
7,여행,MGM,US19971113001,MGM 리조트 인터내셔널,11012395909,-1.05,43.32,BUY,목표주가 상향
7,여행,WYNN,US20021025001,윈 리조트,10582442470,-1.49,101.26,BUY,
7,여행,LTH,US20211006010,라이프 타임 그룹 홀딩스,10129616948,0.13,45.4,BUY,목표가 상향
7,여행,NCLH,US20171219003,노르웨이지언 크루즈 라인 홀딩스,8346265388,-3.14,17.61,HOLD,
7,여행,NAVN,NAS0251030002,나반,7302845429,1.67,29.2,BUY,
7,여행,RRR,US20160427002,레드 락 리조트,6636666140,-2.74,61.48,BUY,
7,여행,SGHC,US20220128006,슈퍼 그룹,6618837161,-1.61,12.82,,
7,여행,CHDN,US19930329001,처칠 다운스,6250786448,-1.2,88.62,BUY,
7,여행,CZR,US20120208002,시저스 엔터테인먼트,6041065352,-0.03,29.65,HOLD,
7,여행,BYD,US19931022001,보이드 게이밍,6012413810,-0.35,82.48,BUY,
7,여행,RSI,US20201230014,러시 스트리트 인터랙티브,5897381544,-3.54,24.55,BUY,
7,여행,MMYT,US20100812001,메이크마이트립,5679094870,-0.22,59.57,BUY,
7,여행,WH,US20180601008,윈덤 호텔 앤 리조트,5411811777,0.58,73.36,,
7,여행,MTN,US19970204003,베일 리조트,5222767533,2.17,149.78,HOLD,
7,여행,CAR,US19681202001,에이비스 버짓 그룹,4990470914,-2.88,137.23,HOLD,
7,여행,GBTG,US20220531005,글로벌 비즈니스 트래블 그룹,4930159964,0.11,9.45,BUY,
7,여행,ATAT,US20210630002,에이투어 라이프스타일 홀딩스(ADR),4799946658,-0.65,35.06,BUY,
7,여행,CHH,US19971016001,초이스 호텔스 인터내셔널,4721753556,2.14,107.18,HOLD,목표가 상향
7,여행,TNL,US20210217018,트래블 플러스 레저,4509183777,-1.94,72.26,BUY,
7,여행,VAC,US20111108001,메리어트 베케이션 월드와이드,4108337792,-3.71,115.04,BUY,
7,여행,HGV,US20170104001,힐튼 그랜드 베이케이션스,3490628478,-3.18,43.49,HOLD,지분 공시와 논의
7,여행,OSW,US20190320001,원스파월드 홀딩스,2711978059,-1.95,26.2,BUY,
7,여행,PENN,US19940526001,펜 엔터테인먼트,2499811889,-1.93,18.29,BUY,
7,여행,MCRI,US19930806001,모나크 카지노 앤 리조트,2215649939,-0.36,123.21,HOLD,
7,여행,LIND,US20150713002,린드블라드 익스페디션스 홀딩스,2149901367,-1.28,32.35,BUY,
7,여행,MLCO,US20170406001,멜코 리조트 앤 엔터테인먼트(ADR),2079494111,-0.73,5.43,BUY,
7,여행,TH,US20190318002,타겟 호스피털리티,1799813641,-3.32,17.47,BUY,비중확대 의견
7,여행,DVLT,NYS0251105001,엑지오 그룹,1395135060,4.2,16.14,,
7,여행,PRSU,US19780306001,펄수 어트랙션즈 앤 호스피탤리티,1308129436,0.15,48.06,,
7,여행,HBNB,NAS0250701003,호텔101 글로벌,1275206123,0.73,5.49,,
7,여행,FBYD,NAS0231006002,팰컨스 비욘드 글로벌,1231732796,4.04,10.57,,대형 계약 확보
7,여행,TRIP,US20111207001,트립어드바이저,1191664640,0.59,10.23,HOLD,
7,여행,INN,US20110209002,서밋 호텔 프라퍼티스,824433301,1.34,6.03,,
7,여행,HTZ,US20211109010,허츠 글로벌 홀딩스,769771794,-3.24,2.09,HOLD,퍼싱 투자철수
7,여행,BALY,NYS0250210001,발리스 코퍼레이션,520230467,-13.58,8.91,,
7,여행,MSC,US20181017004,스튜디오 시티 인터내셔널 홀딩스(ADR),383422032,0.55,1.83,,
7,여행,TRVG,US20161216001,트리바고(ADR),353422919,-4.39,4.79,HOLD,
7,여행,BHR,US20180424001,브레이마 호텔 앤 리조트,210446456,-0.97,2.05,,
7,여행,NUTR,NAS0250815005,누사트립,174375539,0,9.0,,
7,여행,JXG,NAS0230426003,JX 럭스벤처,85558746,-1.13,7.01,,
7,여행,CPHC,US19940818001,캔터베리 파크 홀딩스,80999273,-0.19,15.6,,
7,여행,FLL,US19930810001,풀 하우스 리조트,79868031,-4.13,2.09,BUY,
7,여행,INTG,US19950818006,인터그룹,75536214,-1.17,34.75,,
7,여행,TZOO,US20031230002,트래블주,70585205,1.16,7.0,,
7,여행,ROLR,AMX0241023001,하이 롤러 테크놀로지스,63074296,-1.75,5.62,BUY,
7,여행,XTIA,US20170301004,XTI 에어로스페이스,60397323,-15.92,1.32,,임시 CEO 선임
7,여행,YTRA,US20161219001,야트라 온라인,59818132,-0.57,0.9297,,
7,여행,ELWT,NAS0251105001,엘라우윗 커넥션,57315280,-20.44,6.89,,
7,여행,TOUR,US20140509001,투뉴(ADR),53003890,0.41,4.9,BUY,
7,여행,AHMA,NAS0251021001,앰비션스 엔터프라이즈 매니지먼트,46658357,-4.46,1.5,,
7,여행,GHG,US20180326006,그린트리 호스피털리티 그룹(ADR),35871524,-0.89,1.11,,
7,여행,CNTY,US19771011001,센추리 카지노,35586634,0.79,1.27,BUY,
7,여행,NTRP,US20220519003,넥스트트립,21081071,0,1.4,BUY,
7,여행,IHT,US19871230002,인스윗 호스피탈리티,15041344,2.5,1.64,,
545,동영상플랫폼,GOOG,US20040819001,알파벳 C,4210948256352,-0.01,341.43,BUY,AI자금조달 부담
545,동영상플랫폼,GOOGL,US20040819002,알파벳 A,4210948256352,0.03,344.1,BUY,AI자금조달 부담
545,동영상플랫폼,NFLX,US20020523001,넷플릭스,316475592129,2.35,77.81,BUY,애크먼 지분매입
545,동영상플랫폼,BABA,US20140915003,알리바바(ADR),298850743467,2.76,128.15,BUY,
545,동영상플랫폼,DIS,US19620102001,디즈니,178674210221,0.43,103.95,BUY,규제 대응 부각
545,동영상플랫폼,WBD,US20220404010,워너 브로스 디스커버리,70109078393,2.01,28.49,HOLD,
545,동영상플랫폼,BIDU,US20050805002,바이두(ADR),35423760786,-12.96,90.63,BUY,AI 매출 호조
545,동영상플랫폼,ROKU,US20170927003,로쿠,23491226158,-0.32,157.8,HOLD,
545,동영상플랫폼,PSKY,NAS0250807004,파라마운트 스카이댄스 코퍼레이션,11531157666,1.56,10.44,HOLD,보증금 요구 부담
545,동영상플랫폼,BILI,US20180327001,빌리빌리(ADR),7209325744,-1.33,17.0,BUY,
545,동영상플랫폼,SRAD,US20210913006,스포츠레이더 그룹,3934979858,-2.06,12.86,BUY,
545,동영상플랫폼,YY,US20121121001,조이(ADR),3708320298,0.05,73.66,BUY,
545,동영상플랫폼,RUM,US20210412003,럼블,3295458436,-1.58,8.11,,
545,동영상플랫폼,ADEA,US20221003001,아디아,3271318436,-5.56,28.02,,
545,동영상플랫폼,PTON,US20190925012,펠로톤,2321139677,0.19,5.3,HOLD,목표가 하향
545,동영상플랫폼,IQ,US20180328003,아이치이(ADR),1283210819,-7.52,1.23,BUY,매출 부진과 적자전환
545,동영상플랫폼,HUYA,US20180510001,후야(ADR),523812854,-0.88,2.26,BUY,
545,동영상플랫폼,DOYU,US20190716001,도유 인터내셔널 홀딩스(ADR),142112294,0.85,4.75,HOLD,
545,동영상플랫폼,CNVS,NAS0230609001,시네버스,65119792,-0.36,2.73,BUY,
545,동영상플랫폼,LVO,US20211006004,라이브원,53875907,-6.36,3.68,,목표가 하향
545,동영상플랫폼,CAST,NAS2603010003,프리캐스트,40901524,143.08,2.09,,금융채널 재출시
545,동영상플랫폼,SJ,US20200511002,사이언조이 홀딩,40331078,0,0.95,,
545,동영상플랫폼,GAIA,US19991029002,가이아,38384808,-2.65,1.47,,
545,동영상플랫폼,FENG,US20110512004,피닉스 뉴 미디어(ADR),18492674,-2.6,1.5,,
423,화학원료,DOW,US20190402005,다우,22633358951,-0.48,31.19,HOLD,목표가 상향
423,화학원료,LYB,US20100428001,라이온델바젤 인더스트리스,20905813991,0.93,65.33,HOLD,
423,화학원료,SQM,US19930921001,SQM 우선주 B(ADR),10723426011,-0.84,74.47,HOLD,
423,화학원료,SSL,US20030409001,사솔(ADR),7417883192,1.2,11.85,,
423,화학원료,MEOH,US19920519001,메타넥스,4431259071,0.45,57.55,BUY,
423,화학원료,KOP,US20060201002,코퍼스 홀딩스,897163677,-4.24,45.44,,
423,화학원료,EXOZ,NAS0241113002,엑소자임스,55954730,5.97,6.39,,
423,화학원료,BGLC,NAS0230720001,바이오넥서스 진 랩,4666410,-3.14,1.54,,
265,해상운송,TTE,US20210611013,토탈에너지스,202180366437,0.74,89.29,BUY,
265,해상운송,VIK,NYS0240430002,바이킹 홀딩스,44543793438,-1.57,98.29,,목표가 상향
265,해상운송,FRO,US20010806003,프론트라인,9388242877,3.13,43.5,BUY,
265,해상운송,KEX,US19961015001,커비,7450084365,-0.98,139.74,,
265,해상운송,MATX,US19920128001,맷슨,6575871310,-0.76,218.28,BUY,
265,해상운송,CMBT,US20150123002,CMB테크,5487368246,0.69,17.49,,
265,해상운송,INSW,US20161201001,인터내셔널 시웨이스,4870866984,0.42,98.77,BUY,
265,해상운송,TDW,US19700519001,타이드워터,4674601875,0.17,94.13,HOLD,
265,해상운송,STNG,US20100331002,스콜피오 탱커스,4022182186,-1.23,79.34,BUY,
265,해상운송,HAFN,NYS0240409001,하프니아,3927927477,-1.02,7.78,BUY,
265,해상운송,BWLP,NYS0240429002,BW LPG,3678634222,-0.13,23.07,BUY,
265,해상운송,SBLK,US20000124001,스타 벌크 캐리어스,3359479697,0.13,30.13,BUY,
265,해상운송,TRMD,US20171211001,톰,3132793238,-1.44,30.17,,
265,해상운송,TNK,US20071213003,티케이 탱커스,3086459766,-0.01,89.1,BUY,
265,해상운송,DHT,US20051013001,DHT 홀딩스,3043041725,2.17,19.31,BUY,
265,해상운송,DAC,US20061006001,다나오스,2662253305,-0.67,145.3,BUY,
265,해상운송,ECO,NYS0231211001,오케아니스 에코 탱커스,2491204089,-1.07,62.03,BUY,
265,해상운송,NMM,US20071113001,나비오스 마리타임 파트너스,2352206978,-0.06,82.72,,
265,해상운송,CMRE,US20101104001,코스타마레,2080228636,-0.6,14.93,BUY,
265,해상운송,LPG,US20140508002,도리언 LPG,2071098280,0.68,48.75,BUY,
265,해상운송,SFL,US20040614001,SFL,1833056612,-0.4,12.43,BUY,
265,해상운송,GSL,US20080815003,글로벌 십 리스,1679382465,-0.37,43.22,BUY,
265,해상운송,FLNG,US20190617005,플렉스 LNG,1670018478,0.71,31.1,SELL,
265,해상운송,TEN,US20020305001,차코스 에너지 내비게이션,1574787919,-0.31,42.03,,
265,해상운송,NAT,US19970930001,노르딕 아메리칸 탱커스,1443833387,1.61,6.93,HOLD,
265,해상운송,CCEC,US20161109006,캐피탈 클린 에너지 캐리어스,1365922888,-0.62,22.55,BUY,
265,해상운송,NVGS,US20131121003,네비게이터 홀딩스,1329824530,-0.88,21.36,,
265,해상운송,GNK,US20150720001,젠코 시핑 앤 트레이딩,1142598518,-0.65,26.05,,
265,해상운송,TK,US19950719002,티케이,1117864880,0.93,12.97,,
265,해상운송,SB,US20080529001,세이프 벌커스,929024675,-0.86,8.03,BUY,
265,해상운송,HSHP,NYS0230331001,히말라야 시핑,770185998,-3.12,15.83,HOLD,CFO 전량매도
265,해상운송,ASC,US20130801003,아드모어 시핑,738036805,-0.33,18.01,,
265,해상운송,ESEA,US20060505001,유로시스,544348334,-6.09,72.47,,실적 예상 상회
265,해상운송,PANL,US20141006001,판게아 로지스틱스 솔루션즈,502077375,1.04,7.75,,
265,해상운송,CMDB,NYS0250507001,코스타마레 벌커스 홀딩스,469648222,0.31,19.39,,
265,해상운송,DSX,US20050318001,다이애나 시핑,402953049,-0.38,2.65,,인수전 종료
265,해상운송,SHIP,NAS0230216001,시너지 마리타임 홀딩스,370447640,-0.7,16.98,,
265,해상운송,GASS,US20051006001,스텔스가스,356906911,-0.1,9.59,,
265,해상운송,KNOP,US20130410002,놋 오프쇼어 파트너스,355377861,0.19,10.58,,
265,해상운송,DLNG,US20141230002,다이나가스 LNG 파트너스,276453795,-1.05,3.77,,
265,해상운송,SMHI,US20170602001,시코 마린 홀딩스,266387869,0.41,9.86,BUY,
265,해상운송,IMPP,US20211206004,임페리얼 페트롤리엄,245121930,1.41,5.04,,
265,해상운송,TORO,NAS0230308005,토로,194182262,1.07,5.68,,
265,해상운송,EDRY,US20180531001,유로드라이,114496033,3.85,41.49,,
265,해상운송,HMR,NAS0221229002,하이드마 마리타임 홀딩스,80212108,2.21,1.39,,
265,해상운송,GLBS,US20080624001,글로버스 마리타임,79190254,-3.81,3.53,,
265,해상운송,NCEW,NAS0241121003,뉴 센추리 로지스틱스,55380257,-2.66,16.85,,
265,해상운송,PXS,US20151029002,픽시스 탱커스,52618300,-2.33,5.02,BUY,
265,해상운송,PTLE,NAS0241016006,PTL,42702384,16.91,7.95,,
265,해상운송,NCT,NAS0250328003,인터컨트,37315675,0.52,3.89,,
265,해상운송,HTCO,NAS0221219002,하이 트렌드 인터내셔널 그룹,26820864,-1.69,2.91,,
265,해상운송,USEA,US20220706004,유나이티드 마리타임,25747515,0.37,2.71,,
265,해상운송,CTRM,US20190211001,캐스터 마리타임,22508512,-0.86,2.31,,
265,해상운송,BANL,NAS0230323001,CBL 인터내셔널,21889841,31.11,13.57,,
265,해상운송,PSHG,NAS0221115007,퍼포먼스 시핑,21751665,0,1.75,,
265,해상운송,QNME,NAS0240628003,쿼놈 테크놀로지스,14342922,-5.18,0.3951,,
265,해상운송,SVRN,US20211130008,오션팔,13334224,-1.55,7.0,,
265,해상운송,JYD,NAS0230421002,제이유드 글로벌 로지스틱스,8711997,-3.81,1.01,,
265,해상운송,TOPS,US20040723002,탑 십스,4875636,-7.91,0.8104,,수주잔고 확대
265,해상운송,RBNE,NAS0250415003,로빈 에너지,3769601,6.01,3.0,,
265,해상운송,ICON,NAS0240712002,아이콘 에너지,3729697,0,1.03,,
265,해상운송,RUBI,NAS0250804007,루비코,3286354,3.28,1.89,,
265,해상운송,CISS,NAS0230622001,C3IS,711616,15.32,0.0685,,주식병합 결정
213,백화점,DDS,US19890623001,딜라즈,9052363991,0.85,584.6,,
213,백화점,M,US19920205001,메이시스,6106446547,0.04,23.23,HOLD,
213,백화점,KSS,US19920101001,콜스,2185888393,-3.01,18.7,HOLD,
1,운송,SPCX,NAS2606012004,스페이스X,1984332969853,-1.98,143.33,BUY,보호예수 해제 부담
1,운송,BRK.A,US19800317002,버크셔 해서웨이 A,1066366787454,0.83,753600.0,,
1,운송,BRK.B,US20100121001,버크셔 해서웨이 B,1066366787454,0.95,502.96,BUY,
1,운송,GE,US20110103002,제너럴 일렉트릭 (에어로스페이스),383225464220,1.53,375.09,BUY,
1,운송,RTX,US20200403004,RTX,298653791735,1.74,225.49,BUY,주주환원 규제 우려
1,운송,TTE,US20210611013,토탈에너지스,202180366437,0.74,89.29,BUY,
1,운송,BA,US19520523001,보잉,186539354244,-1.28,223.06,BUY,아파치 운항중단
1,운송,UNP,US19690620001,유니온 퍼시픽,178125474062,-0.39,298.74,BUY,
1,운송,UBER,US20190509010,우버,153139113522,-0.44,74.66,BUY,자율주행 확장
1,운송,LMT,US19950316001,록히드 마틴,137000653558,2.26,607.17,BUY,
1,운송,PH,US19641209001,파카 하니핀,132836628039,-1.13,1041.85,BUY,
1,운송,HWM,US20200401001,하우멧 에어로스페이스,115277018394,1.22,292.65,BUY,
1,운송,ENB,US20011030001,엔브리지,110446020649,1.6,51.39,HOLD,
1,운송,CSX,US20151222001,CSX,93678318770,-0.69,50.23,BUY,
1,운송,WMB,US19870602001,윌리엄스 컴퍼니스,89822605810,2.29,75.13,BUY,
1,운송,UPS,US19991110002,유나이티드 파셀 서비스,86778337461,-0.09,101.93,BUY,
1,운송,CP,US19520402001,캐나디안 퍼시픽 레일웨이,82545618643,-0.26,93.68,BUY,
1,운송,FDX,US19780412001,페덱스,78407673300,-0.94,328.38,BUY,
1,운송,NSC,US19820602001,노퍽서던,76602166308,-0.65,338.91,HOLD,합병 심사 재개
1,운송,CNI,US19951117002,캐나디안 내셔널 레일웨이,76456807930,-0.03,126.55,BUY,
1,운송,TDG,US20060315003,트랜스다임 그룹,68407883712,-0.33,1233.78,BUY,
1,운송,DAL,US19670703001,델타 항공,57588990655,-2.16,85.7,BUY,
1,운송,WAB,US19950615002,웨스팅하우스 에어 브레이크 테크놀로지,50772282150,-1.87,294.72,BUY,
1,운송,RKLB,US20210825002,로켓 랩,49111162380,-3.58,79.14,BUY,
1,운송,VIK,NYS0240430002,바이킹 홀딩스,44543793438,-1.57,98.29,,목표가 상향
1,운송,ODFL,US19911024001,올드 도미니언 프레이트 라인,43941992617,-1.87,208.0,HOLD,
1,운송,HEI,US19920317020,헤이코,43364945434,-0.88,368.01,BUY,
1,운송,HEI.A,US19980427001,헤이코 A,43364945434,-0.67,268.78,BUY,
1,운송,UAL,US20180907001,유나이티드 항공,39675199667,-2.93,118.68,BUY,
1,운송,TDY,US19991123001,텔레다인 테크놀로지스,31388651344,-1.81,665.0,BUY,
1,운송,RYAAY,US19970529001,라이언에어 홀딩스(ADR),29741070081,-3.4,55.39,BUY,
1,운송,CPNG,US20210310005,쿠팡,28250893942,-0.89,15.58,BUY,
1,운송,JBHT,US19831122002,JB 헌트 트랜스포트 서비시스,26607034797,-3.23,274.21,BUY,
1,운송,XPO,US20020726003,엑스포,24698836377,-3.92,202.72,BUY,
1,운송,EXPD,US19900326013,익스피다이터스 인터내셔널 오브 워싱턴,24468146444,-1.23,185.95,HOLD,
1,운송,FTAI,US20150514001,FTAI 에비에이션,23425350369,-7.06,211.37,,20억달러 금융마감
1,운송,AER,US20061121002,에어캡 홀딩스,23229078038,-0.55,149.62,BUY,
1,운송,WWD,US19960530007,우드워드,21865935512,-1.13,366.23,BUY,
1,운송,FDXF,NYS2606001001,페덱스 프레이트 홀딩,21499139444,-3.19,139.23,BUY,
1,운송,LUV,US19770627001,사우스웨스트 항공,21202679927,-1.98,42.49,HOLD,
1,운송,ZTO,US20161027005,ZTO 익스프레스(ADR),17486494410,0.96,23.13,BUY,
1,운송,CHRW,US19971015001,CH 로빈슨 월드와이드,16914138843,-0.08,144.67,BUY,
1,운송,TXT,US19680102001,텍스트론,15071457687,-0.59,87.13,BUY,
1,운송,LTM,NYS0240725002,라탐 에어라인스 그룹(ADR),15009694409,-3.35,50.54,BUY,
1,운송,MOG.A,US19920221001,무그 A,14117625820,-1.72,437.71,BUY,
1,운송,MOG.B,US19950818028,무그 B,14117625820,-0.9,445.95,,
1,운송,EMBJ,US20000721001,임브라에르(ADR),13726568555,-0.09,77.08,BUY,
1,운송,UHAL.B,NAS0221110012,유홀 홀딩 B,12717206998,-1.07,63.83,,
1,운송,UHAL,US19941102001,유홀 홀딩,12717206998,-1.91,72.35,HOLD,
1,운송,CR,NYS0230404002,크레인 컴퍼니,12631901487,-1.65,214.98,BUY,
1,운송,TFII,US20200213006,TFI 인터내셔널,11965590190,-3.28,140.83,BUY,
1,운송,KNX,US19941025002,나이트 스위프트 트랜스포테이션 홀딩스,11846125076,-2.86,70.72,BUY,
1,운송,DCI,US19791127001,도널드슨,10972132370,-0.75,93.97,,
1,운송,PAC,US20060224001,그루포 아에로포르투아리오 델 파시피코(ADR),10677707539,-0.52,204.63,BUY,
1,운송,SAIA,US20020911001,사이아,10273430406,-4.23,368.92,BUY,
1,운송,R,US19860313002,라이더 시스템,10148264232,-2.1,259.15,BUY,
1,운송,AAL,US20131210001,아메리칸 항공,9550201472,-2.7,14.04,BUY,
1,운송,FRO,US20010806003,프론트라인,9388242877,3.13,43.5,BUY,
1,운송,LINE,NAS0240725003,리니지,9288599036,1.4,41.37,HOLD,
1,운송,AVAV,US20070123001,에어로바이런먼트,9203548834,-3.86,174.14,BUY,
1,운송,YMM,US20210622014,풀 트럭 얼라이언스(ADR),9169947572,-0.45,8.8,BUY,
1,운송,SARO,NYS0241002003,스탠다드에어로,9061961815,-1.46,26.99,BUY,
1,운송,KRMN,NYS0250213001,카르만 홀딩스,8186196767,-3.8,59.43,BUY,목표가 하향
1,운송,ESE,US19901019001,에스코 테크놀로지스,7978098122,-0.5,306.48,BUY,
1,운송,ASR,US20000928002,그루포 아에로포르투아리오 델 수레스테(ADR),7888327444,-1.27,259.67,BUY,
1,운송,JOBY,US20210811006,조비 에비에이션,7822314156,-3.29,7.65,HOLD,
1,운송,HXL,US19830502002,헥셀,7795125107,-1.86,101.18,HOLD,
1,운송,KEX,US19961015001,커비,7450084365,-0.98,139.74,,
1,운송,LOAR,NYS0240424001,로어 홀딩스,7290227957,-1.48,76.68,BUY,
1,운송,VSEC,US19950818020,VSE,6831810840,-3.38,235.26,BUY,
1,운송,MATX,US19920128001,맷슨,6575871310,-0.76,218.28,BUY,
1,운송,LSTR,US19930305001,랜드스타 시스템,6561331363,-3.44,186.3,HOLD,
1,운송,SNDR,US20170405002,슈나이더 내셔널,6381352700,-3.05,35.3,BUY,
1,운송,GATX,US20160701004,GATX,6375240263,-1.29,178.31,BUY,
1,운송,AIR,US19801117001,AAR,6186874498,-3.05,149.02,BUY,
1,운송,BETA,NYS0251104001,베타 테크놀로지스,5987621585,4.53,26.76,,
1,운송,CMBT,US20150123002,CMB테크,5487368246,0.69,17.49,,
1,운송,CPA,US20051215001,코파 홀딩스,5460072908,-3.24,129.46,BUY,
1,운송,GXO,US20210802005,GXO 로지스틱스,5425723866,-1.46,46.63,BUY,
1,운송,ACHR,US20210917001,아처 에비에이션,4919428189,-1.1,6.32,BUY,재매각 물량 부담
1,운송,ALK,US19830103001,알래스카 에어 그룹,4913959502,-3.7,42.41,BUY,
1,운송,INSW,US20161201001,인터내셔널 시웨이스,4870866984,0.42,98.77,BUY,
1,운송,TDW,US19700519001,타이드워터,4674601875,0.17,94.13,HOLD,
1,운송,LUNR,NAS0230214003,인튜이티브 머신스,4664483499,-5.3,19.3,BUY,목표주가 하향
1,운송,FLY,NAS0250807003,파이어플라이 에어로스페이스,4549093710,-3.79,26.15,BUY,
1,운송,OMAB,US20061129001,그루포 아에로포르투아리오 센트로 노르테(ADR),4372088004,-1.9,100.84,BUY,
1,운송,SKYW,US19860626001,스카이웨스트,4099401927,-2.35,103.12,BUY,
1,운송,STNG,US20100331002,스콜피오 탱커스,4022182186,-1.23,79.34,BUY,
1,운송,CAAP,US20180131004,아메리카 에어포츠,3966070772,-4.25,22.99,BUY,EPS 기대 하회
1,운송,HAFN,NYS0240409001,하프니아,3927927477,-1.02,7.78,BUY,
1,운송,RXO,US20221101014,RXO,3866697849,-3.5,22.63,HOLD,
1,운송,BWLP,NYS0240429002,BW LPG,3678634222,-0.13,23.07,BUY,
1,운송,ZIM,US20210128010,ZIM 인티그레이티드 시핑 서비시스,3471435531,-1.11,28.49,,
1,운송,PONY,NAS0241127002,포니 AI (ADR),3465885779,-3.01,7.74,,매출 예상치 하회
1,운송,SBLK,US20000124001,스타 벌크 캐리어스,3359479697,0.13,30.13,BUY,
1,운송,ATRO,US19840907008,어스트로닉스,3359135676,-7.42,86.15,,
1,운송,RDW,US20210903005,레드와이어,3351690231,-3.5,12.94,BUY,
1,운송,ARCB,US20140502001,아크베스트,3259700856,-4.79,138.88,BUY,
1,운송,TRMD,US20171211001,톰,3132793238,-1.44,30.17,,
1,운송,DCO,US19720630005,듀코먼,3098270720,-0.47,204.27,BUY,
1,운송,TNK,US20071213003,티케이 탱커스,3086459766,-0.01,89.1,BUY,
1,운송,DHT,US20051013001,DHT 홀딩스,3043041725,2.17,19.31,BUY,
1,운송,VOYG,NYS0250611002,보이저 테크놀로지스,2683489081,-3.96,42.24,BUY,
1,운송,DAC,US20061006001,다나오스,2662253305,-0.67,145.3,BUY,
1,운송,PBI,US19500918001,피트니 보우스,2544315726,0.94,16.17,HOLD,
1,운송,ECO,NYS0231211001,오케아니스 에코 탱커스,2491204089,-1.07,62.03,BUY,
1,운송,LIME,NAS2607001006,뉴트론 홀딩스,2431842610,3.37,38.69,BUY,
1,운송,HUBG,US19960313001,허브 그룹,2413217367,0.56,39.69,HOLD,
1,운송,TRN,US19870330001,트리니티 인더스트리스,2379223082,-0.67,29.67,,
1,운송,NMM,US20071113001,나비오스 마리타임 파트너스,2352206978,-0.06,82.72,,
1,운송,WERN,US19860627001,웨너 엔터프라이지스,2345209318,-1.71,38.44,HOLD,
1,운송,ALGT,US20061208001,얼리전트 트래블,2304084214,-3.02,81.75,BUY,목표주가 하향
1,운송,AERO,NYS0251106001,그루포 에어로멕시코(ADR),2142766067,-5.79,14.8,BUY,
1,운송,CMRE,US20101104001,코스타마레,2080228636,-0.6,14.93,BUY,
1,운송,LPG,US20140508002,도리언 LPG,2071098280,0.68,48.75,BUY,
1,운송,WRD,NAS0240821003,위라이드(ADR),1999629236,-1.48,5.99,BUY,매출 급증 수익성 개선
1,운송,JBLU,US20020412001,제트블루 항공,1976696710,-3.82,5.04,HOLD,
1,운송,SFL,US20040614001,SFL,1833056612,-0.4,12.43,BUY,
1,운송,AIN,US19870930001,앨버니 인터내셔널,1813807420,-1.82,62.72,HOLD,
1,운송,GCT,US20220818001,기가클라우드 테크놀로지,1795130096,-2.41,49.07,BUY,
1,운송,GSL,US20080815003,글로벌 십 리스,1679382465,-0.37,43.22,BUY,
1,운송,FLNG,US20190617005,플렉스 LNG,1670018478,0.71,31.1,SELL,
1,운송,DSGR,US20220509002,디스트리뷰션 솔루션즈 그룹,1612584650,-0.54,34.68,HOLD,
1,운송,RCAT,US20210430005,레드 캣 홀딩스,1593999964,-2.3,10.2,BUY,
1,운송,TEN,US20020305001,차코스 에너지 내비게이션,1574787919,-0.31,42.03,,
1,운송,UMAC,AMX0240423001,언유주얼 머신스,1505869337,1.43,30.58,BUY,드론 관세 부담
1,운송,YSS,NYS0260129002,요크 스페이스 시스템즈,1463921674,-2.25,10.42,,의견 하향
1,운송,ULCC,US20210331003,프런티어 그룹 홀딩스,1461560252,-2.99,6.16,HOLD,
1,운송,NAT,US19970930001,노르딕 아메리칸 탱커스,1443833387,1.61,6.93,HOLD,
1,운송,GBX,US19940721001,그린브라이어 컴퍼니스,1416118566,-1.51,45.09,SELL,
1,운송,TRS,US20070518001,트리마스,1403805741,-0.82,38.82,BUY,
1,운송,VTOL,US20200612004,브리스토우 그룹,1367688310,-0.56,45.89,,
1,운송,CCEC,US20161109006,캐피탈 클린 에너지 캐리어스,1365922888,-0.62,22.55,BUY,
1,운송,NVGS,US20131121003,네비게이터 홀딩스,1329824530,-0.88,21.36,,
1,운송,MRTN,US19860925002,마텐 트랜스포트,1246709347,-2.42,14.9,BUY,
1,운송,WLFC,US19960918001,윌리스 리스 파이낸스,1235188510,-1.66,57.46,BUY,
1,운송,GNK,US20150720001,젠코 시핑 앤 트레이딩,1142598518,-0.65,26.05,,
1,운송,TK,US19950719002,티케이,1117864880,0.93,12.97,,
1,운송,HTLD,US19861105001,하트랜드 익스프레스,991193911,-0.55,12.75,HOLD,
1,운송,RJET,US20180808001,리퍼블릭 에어웨이즈 홀딩스,946489606,-1.78,19.86,,
1,운송,SB,US20080529001,세이프 벌커스,929024675,-0.86,8.03,BUY,
1,운송,EVEX,US20220510003,이브 홀딩스,926777142,-0.38,2.65,,
1,운송,CVLG,US20200706001,코버넌트 로지스틱스 그룹,899197795,-3.92,34.05,BUY,
1,운송,VLRS,US20130918004,볼라리스 항공(ADR),885954428,-3.29,7.35,BUY,
1,운송,PKE,US19840425001,파크 에어로스페이스,815280036,-1.57,36.9,BUY,
1,운송,CYRX,US20150724001,크라이오포트,775779724,-1.57,15.08,BUY,
1,운송,HSHP,NYS0230331001,히말라야 시핑,770185998,-3.12,15.83,HOLD,CFO 전량매도
1,운송,ASC,US20130801003,아드모어 시핑,738036805,-0.33,18.01,,
1,운송,PKOH,US19900326042,파크 오하이오 홀딩스,707976677,-3.19,47.31,,
1,운송,FWRD,US19931116001,포워드 에어,652507903,-0.72,19.18,BUY,
1,운송,SWMR,NAS2603017002,스워머,561204078,-0.47,46.86,BUY,
1,운송,SPIR,US20210817005,스파이어 글로벌,558033058,1.16,13.9,BUY,
1,운송,ESEA,US20060505001,유로시스,544348334,-6.09,72.47,,실적 예상 상회
1,운송,TATT,US19930311001,TAT 테크놀로지스,527393033,-1.45,40.04,BUY,
1,운송,BLDE,US20210510002,스트라타 크리티컬 메디컬,521843508,-3.05,5.72,BUY,
1,운송,ULH,US20160502001,유니버설 로지스틱스 홀딩스,515381312,-1.07,19.34,,
1,운송,PANL,US20141006001,판게아 로지스틱스 솔루션즈,502077375,1.04,7.75,,
1,운송,SPCE,US20191028003,버진 갤럭틱 홀딩스,474394590,1.92,3.19,HOLD,운항 지연 부담
1,운송,CMDB,NYS0250507001,코스타마레 벌커스 홀딩스,469648222,0.31,19.39,,
1,운송,ISSC,US20000804003,이노베이티브 솔루션즈 앤 서포트,443447483,-6.98,23.05,BUY,
1,운송,EH,US20191211003,이항 홀딩스(ADR),432985211,-0.53,5.68,BUY,
1,운송,SERV,NAS0240418004,서브 로보틱스,424776718,-7.14,4.55,BUY,그럽허브 협력 확대
1,운송,RLGT,US20061101001,레이디언트 로지스틱스,406412689,-0.23,8.66,BUY,
1,운송,FSTR,US19900326019,LB 포스터,404714668,-0.91,38.13,,
1,운송,DSX,US20050318001,다이애나 시핑,402953049,-0.38,2.65,,인수전 종료
1,운송,SHIP,NAS0230216001,시너지 마리타임 홀딩스,370447640,-0.7,16.98,,
1,운송,OPTX,US20220124007,신텍 옵틱스 홀딩스,362844767,-7.44,8.34,,
1,운송,MRLN,NAS0241202001,멀린,357198879,-6.52,3.3,BUY,
1,운송,GASS,US20051006001,스텔스가스,356906911,-0.1,9.59,,
1,운송,KNOP,US20130410002,놋 오프쇼어 파트너스,355377861,0.19,10.58,,
1,운송,DUOT,US20200213002,듀오스 테크놀로지 그룹,322859199,12.74,11.59,BUY,
1,운송,AIRO,NAS0250613001,에이로 그룹 홀딩스,296878232,-4.57,8.98,BUY,
1,운송,ORBS,NAS0230404003,에이트코 홀딩스,293217927,-2.9,0.6626,,
1,운송,ASLE,US20201223003,에어세일 코퍼레이션,281528209,-2.2,5.77,HOLD,
1,운송,DLNG,US20141230002,다이나가스 LNG 파트너스,276453795,-1.05,3.77,,
1,운송,SMHI,US20170602001,시코 마린 홀딩스,266387869,0.41,9.86,BUY,
1,운송,PAMT,US19811104001,팜트,265072770,-5.92,11.91,,
1,운송,SIDU,US20211209011,사이더스 스페이스,256551804,-3.56,2.44,,매출 감소 부담
1,운송,IMPP,US20211206004,임페리얼 페트롤리엄,245121930,1.41,5.04,,
1,운송,RAIL,US20050406001,프레이트카 아메리카,243259719,-3.5,7.16,,
1,운송,TORO,NAS0230308005,토로,194182262,1.07,5.68,,
1,운송,ZENA,NAS0241001010,제나테크,182173969,-0.98,2.03,BUY,
1,운송,TAYD,US19950818017,테일러 디바이시스,178123986,1.61,56.23,,
1,운송,RYDE,AMX0240229002,라이드 그룹,174764438,-4.28,0.9284,,
1,운송,DPRO,US20210730003,드라간플라이,173818233,-4.7,4.46,BUY,
1,운송,PAL,NAS0240509004,프로피션트 오토 로지스틱스,165196689,-4.58,5.62,,
1,운송,MRT,US20210811003,마르트 테크놀로지스,158285054,8.7,2.0,BUY,
1,운송,SIF,US19920318001,SIFCO 인더스트리스,137874288,-3.85,21.2,,
1,운송,EVTL,US20211216008,버티컬 에어로스페이스,137658827,-3.27,0.7756,BUY,
1,운송,HOVR,NAS0230403003,뉴 호라이즌 에어크래프트,132287108,-5.05,1.88,,
1,운송,FLYX,US20210716006,플라이익스클루시브,117369124,2.61,1.18,,
1,운송,AIRT,US19950105001,에어 T,114548847,5.83,29.43,,
1,운송,EDRY,US20180531001,유로드라이,114496033,3.85,41.49,,
1,운송,LPA,US20210330015,로지스틱 프로퍼티스 오브 디 아메리카스,108703269,-4.66,3.27,BUY,
1,운송,MNTS,US20210813008,모멘투스,102986514,-9.81,4.23,BUY,매수의견 개시
1,운송,CRGO,NAS0230130001,프레이토스,86293145,-6.59,1.56,BUY,솔루션 매출 부진
1,운송,SRFM,NYS0230727002,서프 에어 모빌리티,85308804,-3.09,0.6688,BUY,
1,운송,HMR,NAS0221229002,하이드마 마리타임 홀딩스,80212108,2.21,1.39,,
1,운송,GLBS,US20080624001,글로버스 마리타임,79190254,-3.81,3.53,,
1,운송,NPT,NAS0251022004,텍손 홀딩,78074645,0.85,3.55,,
1,운송,CVU,US20221005001,CPI 에어로스트럭처스,75904881,-3.14,5.55,,
1,운송,SFWL,NAS0230331007,성펑 디벨롭먼트,72582421,-6.82,0.82,,
1,운송,XTIA,US20170301004,XTI 에어로스페이스,60397323,-15.92,1.32,,임시 CEO 선임
1,운송,UAVS,US20180327006,에이지이글 에어리얼 시스템스,57860981,-7.02,0.8554,,2분기 매출 감소
1,운송,NCEW,NAS0241121003,뉴 센추리 로지스틱스,55380257,-2.66,16.85,,
1,운송,ETS,NAS0250821003,엘리트 익스프레스 ,55038169,-2.65,1.1,,
1,운송,PXS,US20151029002,픽시스 탱커스,52618300,-2.33,5.02,BUY,
1,운송,SYPR,US19940525001,사이프리스 솔루션즈,46932753,-8.82,1.86,,실적 부진
1,운송,PTLE,NAS0241016006,PTL,42702384,16.91,7.95,,
1,운송,NCT,NAS0250328003,인터컨트,37315675,0.52,3.89,,
1,운송,NSYS,US19930624001,노테크 시스템즈,35265070,-1.78,12.14,,
1,운송,HTCO,NAS0221219002,하이 트렌드 인터내셔널 그룹,26820864,-1.69,2.91,,
1,운송,WETO,NAS0250227006,위투어 로보틱스,26498319,37.25,33.75,,
1,운송,USEA,US20220706004,유나이티드 마리타임,25747515,0.37,2.71,,
1,운송,SLGB,NAS0251015002,스마트 로지스틱스 글로벌,25149667,-3.76,0.538,,
1,운송,TGHL,NAS0250828005,더 그로우허브,23339186,-6.8,0.86,,
1,운송,CTRM,US20190211001,캐스터 마리타임,22508512,-0.86,2.31,,
1,운송,BANL,NAS0230323001,CBL 인터내셔널,21889841,31.11,13.57,,
1,운송,PSHG,NAS0221115007,퍼포먼스 시핑,21751665,0,1.75,,
1,운송,MWYN,NAS0250313005,마윈 홀딩스,20796238,2.91,1.06,,
1,운송,DUKR,NAS2605015001,듀크 로보틱스,19249914,-4.63,5.36,BUY,선반공모 등록
1,운송,PSIG,NAS0240719002,PS 인터내셔널 그룹,16603177,44.44,1.56,,
1,운송,PRZO,NAS0230727001,패러제로 테크놀로지스,16124153,1.22,0.6296,,
1,운송,QNME,NAS0240628003,쿼놈 테크놀로지스,14342922,-5.18,0.3951,,
1,운송,PGHL,NAS0240723005,프리메가 그룹 홀딩스,13591056,-5.33,1.6,,
1,운송,SVRN,US20211130008,오션팔,13334224,-1.55,7.0,,
1,운송,BTOC,NAS0240514002,암로지 홀딩,12312463,2.84,0.2787,,
1,운송,AIRI,US20130613003,에어 인더스트리스 그룹,12124074,-2.0,2.45,,
1,운송,RVSN,US20220330004,레일 비전,10958606,2.4,5.12,,
1,운송,ELOG,NAS0250828002,이스턴 인터내셔널,10208257,5.18,0.8369,,
1,운송,JYD,NAS0230421002,제이유드 글로벌 로지스틱스,8711997,-3.81,1.01,,
1,운송,SOAR,US20220121005,볼라토 그룹,8440083,-3.37,0.1521,,
1,운송,HXHX,NAS0250415002,하오신 홀딩스,7879829,-6.42,0.5364,,
1,운송,RITR,NAS0240820006,리타 로그텍 홀딩스,7604036,-33.74,0.0807,,
1,운송,DFSC,NAS0221207001,DEFSEC 테크놀로지스,5758703,-4.63,2.06,,워런트 희석 부담
1,운송,DSS,US19970103003,DSS,5637678,-0.27,0.56,,
1,운송,TOPS,US20040723002,탑 십스,4875636,-7.91,0.8104,,수주잔고 확대
1,운송,ATXG,US20220831001,애던택스 그룹,4758006,-0.74,4.01,,
1,운송,SGLY,US20220107005,싱귤러리티 퓨처 테크놀로지,4026245,-22.05,3.5,,초저가 워런트 부담
1,운송,RBNE,NAS0250415003,로빈 에너지,3769601,6.01,3.0,,
1,운송,ICON,NAS0240712002,아이콘 에너지,3729697,0,1.03,,
1,운송,RUBI,NAS0250804007,루비코,3286354,3.28,1.89,,
1,운송,GVH,NAS0231108006,글로버벤드,2309096,0,1.01,,
1,운송,FRGT,NAS0230324003,프레이트 테크놀로지스,1051056,-9.36,1.55,,
1,운송,CISS,NAS0230622001,C3IS,711616,15.32,0.0685,,주식병합 결정
99,벤처캐피탈,STEP,US20200915009,스텝스톤 그룹,5825034454,0.54,48.54,BUY,
99,벤처캐피탈,OBDC,US20190717006,블루 아울 캐피탈 코퍼레이션,5669937352,-0.78,11.41,BUY,
99,벤처캐피탈,BXSL,US20211028004,블랙스톤 담보 대출 펀드,5639009590,0.58,24.35,BUY,
99,벤처캐피탈,OTF,NYS0250612001,블루 아울 테크놀로지 파이낸스,5098522344,-0.09,11.12,,
99,벤처캐피탈,CNS,US20040813001,코헨 앤 스티어스,4284562108,-0.65,82.8,HOLD,
99,벤처캐피탈,GBDC,US20100414001,골럽 캐피탈 BDC,3405906696,-0.46,13.06,BUY,
99,벤처캐피탈,HTGC,US20050609002,허큘리스 캐피탈,3095036322,0.67,16.65,,
99,벤처캐피탈,PAX,US20210122014,파트리아 인베스트먼츠,1852921480,-1.4,11.26,,
99,벤처캐피탈,TSLX,US20140325002,식스스 스트리트 스페셜티 렌딩,1757754787,0.54,18.54,BUY,
99,벤처캐피탈,CSWC,US19900327002,캐피탈 사우스웨스트,1570069582,-0.2,24.59,,
99,벤처캐피탈,MSDL,NYS0240124002,모건스탠리 직접금융 펀드,1291580821,0.07,15.37,,
99,벤처캐피탈,PSEC,US20040727001,프로스펙트 캐피탈,1194825432,1.81,2.25,,
99,벤처캐피탈,GSBD,US20150318001,골드만삭스 BDC,1100692096,0.2,9.8,HOLD,
99,벤처캐피탈,BBDC,US20180803001,베어링스 BDC,982989218,0,9.39,,
99,벤처캐피탈,KBDC,NYS0240522003,케인 앤더슨 BDC,879437162,0.15,13.34,BUY,
99,벤처캐피탈,BCSF,US20181114001,배인 캐피탈 스페셜티 파이낸스,782148355,0.08,12.07,HOLD,투자의견 하향
99,벤처캐피탈,CGBD,US20170614001,칼라일 시큐어드 렌딩,774575349,-0.44,11.21,HOLD,
99,벤처캐피탈,FDUS,US20110621001,피더스 인베스트먼트,739194280,0.21,19.52,BUY,
99,벤처캐피탈,PFLT,US20110408001,페넌트파크 플로팅 레이트 캐피탈,720169228,0.83,7.32,,
99,벤처캐피탈,SAR,US20070323003,사라토가 인베스트먼트,710507861,-0.11,18.69,,
99,벤처캐피탈,NMFC,US20200914002,뉴 마운틴 파이낸스,705409785,-0.27,7.45,,
99,벤처캐피탈,SLRC,US20100209001,SLR 인베스트먼트,691060688,-0.24,12.64,BUY,
99,벤처캐피탈,ALTI,NAS0230104001,알티 글로벌,622082394,-2.01,3.91,,
99,벤처캐피탈,NCDL,NYS0240125001,누빈 처칠 다이렉트 렌딩,603381999,0.65,12.3,BUY,
99,벤처캐피탈,PWRL,NAS2605027006,파워로,511023092,-2.54,11.52,,
99,벤처캐피탈,NEWT,US20000920001,뉴텍원,420202203,-0.39,12.78,HOLD,
99,벤처캐피탈,TCPC,US20120404001,블랙록 TCP 캐피탈,342250754,0.25,4.09,HOLD,
99,벤처캐피탈,HRZN,US20101029001,호라이즌 테크놀로지 파이낸스,335098494,1.0,5.05,HOLD,
99,벤처캐피탈,NSLR,US20190801001,네오스텔라 캐피털 코퍼레이션,274998469,-2.6,10.12,,
99,벤처캐피탈,RWAY,US20211021009,런웨이 그로스 파이낸스,270261577,3.72,6.69,HOLD,
99,벤처캐피탈,SCM,US20121108003,스텔러스 캐피탈 인베스트먼트,244306059,0,8.58,,
99,벤처캐피탈,TPVG,US20140306003,트리플포인트 벤처 그로스 BDC,223449001,0.18,5.5,HOLD,
99,벤처캐피탈,LIEN,US20210727010,시카고 애틀랜틱 BDC,216293332,1.48,9.62,,
99,벤처캐피탈,INV,NAS0241003003,인벤처,117163687,-4.35,1.32,,
99,벤처캐피탈,SUIG,US20220809009,수이 그룹 홀딩,62819110,4.29,0.8532,,
99,벤처캐피탈,ASPS,US20090806001,알티소스 포트폴리오 솔루션즈,61884395,-1.11,5.36,BUY,
99,벤처캐피탈,OFS,US20121108002,OFS 캐피탈,47687046,-0.28,3.55,HOLD,
99,벤처캐피탈,RMCO,NAS0231106003,로열티 매니지먼트 홀딩스,44294915,1.71,2.97,,
99,벤처캐피탈,COHN,US20170905001,코헨 앤 컴퍼니,39352800,0.16,12.21,BUY,
99,벤처캐피탈,AMTD,US20220131001,AMTD 아이디어 그룹(ADR),32037093,-0.94,0.7471,,
99,벤처캐피탈,RAND,US19950818015,랜드 캐피탈,30048146,0.3,10.15,,
99,벤처캐피탈,GRNQ,US20180613008,그린프로 캐피털,18196512,19.72,12.02,,
283,폐기물처리,WM,US19910930001,웨이스트 매니지먼트,89525213567,-0.2,223.58,BUY,
283,폐기물처리,RSG,US19980701002,리퍼블릭 서비스,65901432621,0.79,216.97,BUY,
283,폐기물처리,WCN,US19871105008,웨이스트 커넥션스,41502641183,0.32,165.53,BUY,
283,폐기물처리,CLH,US19871124001,클린 하버스,17207633690,-2.01,319.5,BUY,
283,폐기물처리,GFL,US20200302004,GFL 인바이런멘틀,14988206205,-2.53,40.49,BUY,
283,폐기물처리,WTRG,US20200203011,에센셜 유틸리티스,11291994247,1.38,40.35,HOLD,
283,폐기물처리,CWST,US19971029001,카셀라 웨이스트 시스템즈,5682487655,0.67,89.91,BUY,
283,폐기물처리,BW,US20150702002,밥콕 앤 윌콕스 엔터프라이지스,1651469595,-7.86,9.14,BUY,
283,폐기물처리,OIO,US20220407002,OIO 그룹,662841574,5.79,2.01,,
283,폐기물처리,ONT,US20200722006,온테리스,563164073,0.31,16.09,BUY,
283,폐기물처리,ADUR,NAS0241107001,아두로 클린 테크놀로지스,559596029,-1.39,15.63,BUY,
283,폐기물처리,BBCP,US20181207001,콘크리트 펌핑 홀딩스,483674278,-3.85,9.23,HOLD,
283,폐기물처리,PESI,US19921208001,퍼마 픽스 인바이런멘틀 서비시스,374000229,-1.64,17.34,,
283,폐기물처리,YDDL,NAS0251009003,원앤원 그린 테크놀로지,104480013,-5.38,1.76,,
283,폐기물처리,SCWO,US20220614001,374워터,43577436,2.85,2.53,,2분기 실적 개선
283,폐기물처리,QRHC,US20140519001,퀘스트 리소스 홀딩,34374066,-4.29,1.56,BUY,
283,폐기물처리,LOOP,US20171120001,루프 인더스트리,31440574,-3.08,0.63,,
283,폐기물처리,SKYQ,NAS0241010011,스카이 쿼리,24110042,2.2,2.79,,
283,폐기물처리,AWX,US19980521002,아발론 홀딩스,10799134,-0.72,2.75,,
125,게임개발,FBYD,NAS0231006002,팰컨스 비욘드 글로벌,1231732796,4.04,10.57,,대형 계약 확보
125,게임개발,ACEL,US20191121003,악셀 엔터테인먼트,989538648,-2.05,11.94,BUY,
125,게임개발,DDI,US20210831004,더블다운 인터랙티브(ADR),617057260,2.01,12.7,BUY,
125,게임개발,GRVY,US20050208001,그라비티(ADR),479372459,2.87,70.98,,
125,게임개발,GDEV,US20210827004,G데브,217033830,-3.51,11.54,BUY,
125,게임개발,MRDN,US20220317004,메리디언 홀딩스,181515147,-1.67,14.09,,
125,게임개발,INSE,US20161228001,인스파이어드 엔터테인먼트,158907290,-1.0,5.97,,
125,게임개발,ROLR,AMX0241023001,하이 롤러 테크놀로지스,63074296,-1.75,5.62,BUY,
125,게임개발,SNAL,NAS0221110006,스네일,27578050,-2.27,3.01,,
125,게임개발,MSGM,NAS0221110004,모터스포츠 게임스,17800777,2.84,3.99,,
125,게임개발,PLAG,US20181001007,플래닛 그린 홀딩스,11999903,-3.4,0.8146,,
125,게임개발,DKI,NAS0250808003,다크아이리스,8472454,0.5,4.06,,
125,게임개발,SEGG,NAS0230615003,로터리닷컴,8049216,-2.83,2.4,BUY,분기보고서 지연
727,주거용 리츠,WELL,US20180228001,웰타워,169555336301,0.06,235.44,BUY,
727,주거용 리츠,EQR,US19930812002,비브마크 레지덴셜,49248336697,0.58,64.03,BUY,
727,주거용 리츠,NLY,US19971008001,애널리 캐피탈 매니지먼트,19526913235,0.13,23.4,,
727,주거용 리츠,ESS,US19940606001,에섹스 프라퍼티 트러스트,18187967964,0.23,283.71,HOLD,
727,주거용 리츠,INVH,US20170201002,인비테이션 홈즈,17531886309,0.1,29.72,BUY,
727,주거용 리츠,MAA,US19940128001,미드아메리카 아파트 커뮤니티,15263147770,-0.72,130.17,HOLD,
727,주거용 리츠,AGNC,US20080516001,AGNC 인베스트먼트,15047923247,-0.46,10.9,HOLD,
727,주거용 리츠,SUI,US19931208002,선 커뮤니티스,14778630641,-0.98,120.17,BUY,
727,주거용 리츠,ELS,US19930303001,에퀴티 라이프스타일 프로퍼티스,12590183641,-0.62,64.49,BUY,목표가 하향
727,주거용 리츠,AMH,US20130801002,아메리칸 홈즈 포 렌트 A,12308879248,0.12,33.67,BUY,
727,주거용 리츠,UDR,US19900507001,UDR,11961343473,-0.4,37.09,HOLD,목표주가 하향
727,주거용 리츠,CPT,US19930722001,캠든 프로퍼티,10882082712,-0.91,107.28,HOLD,목표주가 하향
727,주거용 리츠,RITM,US20130502002,리듬 캐피탈,9031866987,-0.58,10.2,BUY,
727,주거용 리츠,SLG,US19970815003,SL 그린 리얼티,4171935710,1.3,56.84,HOLD,
727,주거용 리츠,IRT,US20170801002,인디펜더스 리얼티,3929028863,-1.74,16.38,BUY,
727,주거용 리츠,ARR,US20071203001,아머 레지덴셜 리츠,2487058445,-0.49,16.38,,
727,주거용 리츠,DEI,US20061025001,더글러스 에밋,1942417247,-0.26,11.57,HOLD,
727,주거용 리츠,TWO,US20071212004,투 하버스 인베스트먼트,1887409073,-0.17,11.99,HOLD,
727,주거용 리츠,CIM,US20071116004,키메라 인베스트먼트,1863248080,-0.09,11.73,,
727,주거용 리츠,UMH,US19931206001,UMH 프라퍼티스,1660131479,0,16.14,BUY,
727,주거용 리츠,ADAM,US20040624001,아다마스 트러스트,1447684875,-0.2,10.1,HOLD,
727,주거용 리츠,ABR,US20040407001,아버 리얼티,1420355478,-2.0,4.9,HOLD,
727,주거용 리츠,ALX,US19691007001,알렉산더스,1364480724,0.32,268.08,,
727,주거용 리츠,MFA,US19980413001,MFA 파이낸셜,1346421774,-1.21,9.0,BUY,
727,주거용 리츠,ORC,US20141008001,오키드 아일랜드 캐피탈,1325763690,0,6.67,HOLD,
727,주거용 리츠,SAFE,NYS0230331002,세이프홀드,1060602995,-1.2,14.8,,
727,주거용 리츠,CSR,US20201221006,센터스페이스,917437887,-2.4,53.33,HOLD,
727,주거용 리츠,AHH,US20130508001,AH 리얼리티 트러스트,812258295,0.45,6.69,BUY,
727,주거용 리츠,JBGS,US20170718001,JBG 스미스 프로퍼티스,667035462,0.35,11.43,,
727,주거용 리츠,NXRT,US20150402002,넥스포인트 레지덴셜 트러스트,612299192,-2.04,23.48,HOLD,
727,주거용 리츠,MITT,US20110630002,AG 모기지 인베스트먼트 트러스트,422381973,-1.48,6.65,,
727,주거용 리츠,AIV,US19940722001,아파트먼트 인베스트먼트 앤 매니지먼트,380440008,0,2.62,,
727,주거용 리츠,BRT,US19880112001,BRT 어파트먼츠,272068964,-0.41,14.42,,
727,주거용 리츠,EARN,US20130501001,엘링턴 크레딧,165707866,-0.68,4.38,,
727,주거용 리츠,RPT,US20150603003,리듬 프로퍼티 트러스트,154268840,-0.69,13.01,,
727,주거용 리츠,ELME,US19920317029,엘름 커뮤니티스,143030865,0,1.61,HOLD,
727,주거용 리츠,LFT,US20201228004,루먼트 파이낸스 트러스트,71616492,-1.68,0.5899,,
727,주거용 리츠,CLPR,US20170210002,클리퍼 리얼티,54116371,-3.38,3.14,,
727,주거용 리츠,BHM,US20221006001,블루록 홈스 트러스트,35485837,3.01,8.9,,
327,조선,HII,US20110322001,헌팅턴 잉걸스 인더스트리스,12541400584,-0.23,317.61,BUY,
327,조선,MCFT,US20150717001,마스터크래프트 보트 홀딩스,608092266,0.24,25.17,HOLD,
327,조선,CIX,US19980306001,콤프엑스 인터내셔널,379518467,0.13,30.81,,
327,조선,NL,US19881223001,NL 인더스트리스,313863323,1.25,6.5,,
327,조선,TMDE,AMX0250421004,TMD 에너지,18685440,-4.16,0.7601,,
327,조선,VEEE,US20210721010,트윈 비 파워캐츠,6168843,-0.93,10.64,,
327,조선,VMAR,US20201124004,비전 마린 테크놀로지스,1620515,-2.48,0.6963,,
331,조선사,HII,US20110322001,헌팅턴 잉걸스 인더스트리스,12541400584,-0.23,317.61,BUY,
331,조선사,MCFT,US20150717001,마스터크래프트 보트 홀딩스,608092266,0.24,25.17,HOLD,
331,조선사,VEEE,US20210721010,트윈 비 파워캐츠,6168843,-0.93,10.64,,
275,철도,UNP,US19690620001,유니온 퍼시픽,178125474062,-0.39,298.74,BUY,
275,철도,CSX,US20151222001,CSX,93678318770,-0.69,50.23,BUY,
275,철도,CP,US19520402001,캐나디안 퍼시픽 레일웨이,82545618643,-0.26,93.68,BUY,
275,철도,NSC,US19820602001,노퍽서던,76602166308,-0.65,338.91,HOLD,합병 심사 재개
275,철도,CNI,US19951117002,캐나디안 내셔널 레일웨이,76456807930,-0.03,126.55,BUY,
275,철도,WAB,US19950615002,웨스팅하우스 에어 브레이크 테크놀로지,50772282150,-1.87,294.72,BUY,
275,철도,GATX,US20160701004,GATX,6375240263,-1.29,178.31,BUY,
275,철도,TRN,US19870330001,트리니티 인더스트리스,2379223082,-0.67,29.67,,
275,철도,GBX,US19940721001,그린브라이어 컴퍼니스,1416118566,-1.51,45.09,SELL,
275,철도,FSTR,US19900326019,LB 포스터,404714668,-0.91,38.13,,
275,철도,DUOT,US20200213002,듀오스 테크놀로지 그룹,322859199,12.74,11.59,BUY,
275,철도,RAIL,US20050406001,프레이트카 아메리카,243259719,-3.5,7.16,,
275,철도,RVSN,US20220330004,레일 비전,10958606,2.4,5.12,,
571,수자원,ECL,US19861210001,에코랩,77309449997,1.51,280.0,BUY,
571,수자원,XYL,US20111013001,자일럼,27421881568,-3.01,113.94,BUY,
571,수자원,AWK,US19471215001,아메리칸 워터 웍스,26693579855,1.43,136.27,HOLD,
571,수자원,VLTO,NYS0231002006,버럴토,23582005960,-0.7,96.07,BUY,
571,수자원,SBS,US20020510001,사네아멘투 바지쿠 지 상파울루(ADR),16138943908,-0.66,4.55,BUY,
571,수자원,AM,US20141104004,앤테로 미드스트림,10511800292,2.44,22.69,HOLD,
571,수자원,PNR,US19960304001,펜테어,10230623404,-0.86,63.55,BUY,
571,수자원,CNM,US20210722003,코어 앤 메인,8772338395,0.24,45.45,BUY,
571,수자원,ZWS,US20211005014,전 엘케이 워터 솔루션즈,8342853792,-2.19,49.21,BUY,
571,수자원,IDA,US19480511001,아이다코프,8181179174,0.4,142.03,BUY,
571,수자원,CHE,US19820629001,케미드,6856939447,0.81,529.23,BUY,
571,수자원,BEPC,US20200730008,브룩필드 리뉴어블,6400236737,-4.5,33.52,HOLD,
571,수자원,CECO,US20221107002,시코 인바이런멘틀,4927606398,-9.04,76.54,BUY,
571,수자원,TAC,US19751017001,트랜스알타,4019320786,-1.89,12.47,BUY,
571,수자원,AWR,US19900327008,아메리칸 스테이츠 워터,3482044162,1.18,88.91,HOLD,
571,수자원,CWT,US19940408001,캘리포니아 워터 서비스 그룹,3070278767,0.4,49.86,BUY,
571,수자원,WTTR,US20170419002,셀렉트 워터 솔루션즈,2951785495,-1.08,21.09,BUY,장기 계약 확대
571,수자원,HWKN,US19931027001,호킨스,2745956921,-5.21,124.71,BUY,
571,수자원,MSEX,US19900326034,미들섹스 워터,1093093979,1.41,58.84,BUY,
571,수자원,YORW,US19990503002,요크 워터,536403154,1.0,33.39,BUY,
571,수자원,CWCO,US19950601001,컨솔리데이티드 워터,481084589,0.1,30.08,,
571,수자원,AIRJ,US20220131019,에어줄 테크놀로지스,426058022,-8.61,5.31,BUY,목표가 상향
571,수자원,ERII,US20080702001,에너지 리커버리,415417202,-3.32,7.87,HOLD,
571,수자원,ARTNA,US19960524001,아르테시언 리소시스,330056150,0.57,35.15,BUY,
571,수자원,CDZI,US19900326004,카디즈,278336477,0.63,3.22,,
571,수자원,PCYO,US19940406001,퓨어사이클,271519789,1.51,11.44,,
571,수자원,GWRS,US20160427001,글로벌 워터 리소시스,255648521,-1.24,8.77,HOLD,
571,수자원,SHIM,NAS0231102003,쉬믹,152496853,0.27,3.7,BUY,
571,수자원,WAVE,US20210701008,에코 웨이브 파워 글로벌(ADR),43481238,-1.72,6.85,BUY,
571,수자원,CDTG,NAS0240408001,CDT 인바이런멘틀 테크놀로지 인베스트먼트 홀딩스,8457082,17.86,3.3,,
571,수자원,DXST,NAS0250122001,디슨트 홀딩,5846698,-5.3,2.5,,
97,금융,BRK.A,US19800317002,버크셔 해서웨이 A,1066366787454,0.83,753600.0,,
97,금융,BRK.B,US20100121001,버크셔 해서웨이 B,1066366787454,0.95,502.96,BUY,
97,금융,JPM,US19690401002,제이피모건 체이스,967120880212,0.63,363.25,BUY,영국 은행세 부담
97,금융,V,US20080319001,비자,669829215479,1.51,364.25,BUY,
97,금융,MA,US20060525001,마스터카드,492440937046,2.14,574.31,BUY,호주 결제 장애
97,금융,BAC,US19730102001,뱅크오브아메리카,459602765304,0.53,64.23,BUY,
97,금융,HSBC,US20131118003,HSBC(ADR),356520045087,-0.6,103.18,BUY,
97,금융,MS,US19930628001,모건스탠리,350314087439,-0.3,217.55,BUY,AI IPO 수혜
97,금융,GS,US19990504001,골드만삭스,307784075937,-1.03,1040.47,HOLD,부동산사 인수부담
97,금융,RY,US19951016001,로열 뱅크 오브 캐나다,299705393148,-1.48,212.99,BUY,
97,금융,WFC,US19621210001,웰스파고,273461330518,-0.16,87.4,BUY,
97,금융,MUFG,US20180402002,미쓰비시 UFJ 파이낸셜(ADR),259162412254,-1.35,22.72,,
97,금융,C,US19860602001,씨티그룹,233061952892,-0.62,137.65,BUY,
97,금융,AXP,US19770518001,아메리칸 익스프레스,226997788811,0.69,338.52,BUY,순상각률 상승
97,금융,SAN,US19880105004,방코 산탄데르(ADR),208899097308,-2.4,14.24,BUY,
97,금융,TD,US19960830001,토론토 도미니언 뱅크,207762696556,-1.91,121.97,BUY,
97,금융,SCHW,US19870930002,찰스 슈왑,192302589505,0.99,111.68,BUY,
97,금융,BLK,US19991001001,블랙록,186338548523,0.63,1154.35,BUY,데이터센터 보험공백
97,금융,UBS,US19900208001,UBS 그룹,175128775564,-0.88,52.97,BUY,
97,금융,BX,US20070622002,블랙스톤,167875771721,0.01,140.59,BUY,장기금리 부담
97,금융,SMFG,US20060127001,스미토모 미쓰이 파이낸셜 그룹(ADR),165690131024,-1.64,25.81,,
97,금융,IBKR,US20191007001,인터랙티브 브로커스,160686816305,-4.0,90.56,BUY,야간거래 수혜
97,금융,BBVA,US19881214001,방코 빌바오 비스카야 아르헨타리아(ADR),160531852460,-0.03,28.79,SELL,
97,금융,SONY,US20210401017,소니(ADR),138727278331,-1.14,23.43,,
97,금융,COF,US19941115001,캐피탈 원 파이낸셜,138485703930,0.01,221.47,BUY,
97,금융,MFG,US20061108002,미즈호 파이낸셜 그룹(ADR),131539929500,-1.66,10.65,,
97,금융,CB,US19840907024,처브,131475863227,1.3,345.29,HOLD,
97,금융,BMO,US19941027001,뱅크 오브 몬트리올,129745681305,-1.46,182.57,HOLD,목표가 상향
97,금융,SPGI,US20160428001,S&P 글로벌,120998588775,1.83,418.04,BUY,
97,금융,HDB,US20010720001,HDFC 뱅크(ADR),118896344841,0.09,23.17,BUY,
97,금융,PGR,US19870601001,프로그레시브,118487453209,1.66,207.23,HOLD,목표주가 하향
97,금융,CM,US19881031001,캐나디안 임페리얼 뱅크 오브 커머스,112904752447,-1.47,121.64,BUY,
97,금융,BNS,US19690127001,뱅크 오브 노바스코샤,112467618430,-1.34,90.13,BUY,
97,금융,USB,US19730503007,US 뱅코프,106079071045,-0.12,64.79,BUY,
97,금융,IBN,US20000328001,ICICI 뱅크(ADR),105470644005,0.78,29.63,,
97,금융,BN,US19970811002,브룩필드,104797125687,-1.45,42.13,BUY,
97,금융,ING,US19970613002,ING 그룹(ADR),102571273903,-0.39,35.49,BUY,
97,금융,PNC,US19871021001,PNC 파이낸셜 서비시스,101529583206,-0.11,254.28,BUY,
97,금융,KKR,US20100715001,KKR & CO,100069147383,-1.51,107.19,BUY,UGI 인수 부담
97,금융,CME,US20021206001,CME 그룹,96302833360,1.37,271.54,HOLD,
97,금융,BCS,US19860909002,바클레이즈(ADR),93614152424,-1.55,27.37,BUY,
97,금융,MELI,US20070810001,메르카도리브레,90604871479,-0.47,1779.14,BUY,
97,금융,LYG,US20000417001,로이즈 뱅킹 그룹(ADR),89279819326,-1.46,6.06,HOLD,
97,금융,MMC,US19690604001,마시,87888452766,1.17,186.37,HOLD,
97,금융,ICE,US20051116001,인터컨티넨탈 익스체인지,86610419358,1.21,156.18,BUY,
97,금융,HOOD,US20210727005,로빈후드,86518324371,-4.87,91.56,BUY,코인 거래 급감
97,금융,BAM,NYS0221212001,브룩필드 에셋 매니지먼트,86102270608,-2.09,51.47,HOLD,
97,금융,ELV,US20141204001,엘리번스 헬스,84613131282,2.06,398.27,BUY,
97,금융,MCO,US19960523002,무디스,82619252447,1.81,485.79,BUY,
97,금융,APO,US20110330001,아폴로 글로벌 매니지먼트,79434834114,-0.51,133.85,BUY,
97,금융,TRV,US19880511001,트래블러스 컴퍼니스,76011564603,0.94,367.93,HOLD,
97,금융,NWG,US20200723011,냇웨스트 그룹(ADR),75757045090,-1.58,18.74,BUY,
97,금융,AON,US19840907019,에이온,73638579669,-1.16,343.2,BUY,CFO 교체
97,금융,MFC,US19990924001,매뉴라이프 파이낸셜,73490328111,-0.45,44.03,,
97,금융,DB,US20011003001,도이치뱅크,72816632753,-0.08,38.09,BUY,
97,금융,NU,US20211208010,누 홀딩스,71186249004,-2.65,14.35,BUY,
97,금융,ALL,US19930603001,올스테이트,67460533297,1.18,261.15,BUY,
97,금융,TFC,US20191209005,트루이스트 파이낸셜,64158410328,-0.23,52.41,HOLD,
97,금융,AJG,US19871201001,아서 J 갤러거,63541238407,0.16,248.36,BUY,
97,금융,MET,US20000405001,메트라이프,63319959626,0.05,96.73,BUY,
97,금융,AFL,US19740614001,애플랙,60639654819,0.62,121.73,HOLD,
97,금융,NDAQ,US20020701001,나스닥,54030476290,0.04,96.72,BUY,
97,금융,STT,US19950214001,스테이트 스트리트,53435298876,-0.61,191.87,BUY,
97,금융,PYPL,US20150721001,페이팔,51718753169,-0.07,60.43,HOLD,
97,금융,MSTR,US19980611001,스트래티지,50577715893,-5.25,92.55,BUY,기관 지분 확대
97,금융,AMP,US20050915003,아메리프라이즈 파이낸셜,49600069128,0.09,562.12,BUY,
97,금융,XYZ,US20151119003,블록,48173544805,-0.96,79.43,BUY,
97,금융,ARES,US20140501004,아레스 매니지먼트,48023459835,-0.73,140.31,BUY,Toob 투자부담
97,금융,HUM,US19710518001,휴매나,46138280508,-0.6,382.0,BUY,
97,금융,SLF,US20000323001,선 라이프 파이낸셜,44724459712,-0.37,80.41,BUY,
97,금융,IX,US19980916001,오릭스(ADR),43701673565,-2.47,39.14,,
97,금융,PRU,US20011213002,푸르덴셜 파이낸셜,42964090361,-0.02,124.54,HOLD,목표가 상향
97,금융,KB,US20011102001,KB 파이낸셜 그룹 (ADR),42507065542,-2.19,117.68,,
97,금융,PAYX,US19830826001,페이첵스,42153708410,1.16,119.92,HOLD,
97,금융,RKT,US20200806007,로켓 컴퍼니스,41050111286,-3.52,13.99,BUY,
97,금융,MSCI,US20071115001,MSCI,40025949333,2.2,562.77,BUY,
97,금융,ITUB,US20010702001,이타우 우니방쿠 홀딩스(ADR),39765962056,-1.22,7.27,,
97,금융,COIN,US20210414003,코인베이스,39712228609,-2.85,146.26,BUY,
97,금융,AIG,US19841010001,아메리칸 인터내셔널 그룹,39632127976,0.41,76.12,HOLD,
97,금융,MTB,US19960919001,M&T 뱅크,38580445831,-0.54,251.5,HOLD,
97,금융,HIG,US19951215001,하트포드 파이낸셜 서비시스 그룹,37360675841,1.65,138.96,BUY,
97,금융,HBAN,US19900326022,헌팅턴 뱅크셰어스,37182635525,-1.62,17.66,BUY,아웃퍼폼 재확인
97,금융,SHG,US20030916001,신한 파이낸셜 그룹(ADR),35633106812,-1.4,74.86,,
97,금융,NTRS,US19900326038,노던 트러스트,35316057287,-0.46,190.58,HOLD,
97,금융,PUK,US20000628003,푸르덴셜(ADR),35215582119,-0.39,28.08,,
97,금융,RJF,US19860411001,레이먼드 제임스 파이낸셜,34517761119,-0.1,179.3,HOLD,
97,금융,ACGL,US19950914001,아치 캐피탈 그룹,33947974854,1.15,98.93,BUY,
97,금융,CFG,US20140924001,시티즌스 파이낸셜 그룹,32420453035,-1.14,73.46,BUY,
97,금융,CBOE,US20180917002,CBOE 글로벌 마켓,30800619976,-1.19,291.48,HOLD,
97,금융,WTW,US20160105002,윌리스 타워스 왓슨,30275404510,0.57,327.93,BUY,
97,금융,BAP,US19951026001,크레디코프,30016428552,-2.6,368.44,BUY,
97,금융,LPLA,US20101118001,LPL 파이낸셜 홀딩스,28986765139,0.13,368.68,BUY,
97,금융,NMR,US20011217001,노무라 홀딩스(ADR),28664552243,-1.63,9.65,BUY,
97,금융,RF,US19811101001,리전스 파이낸셜,28242277154,0,31.7,HOLD,
97,금융,FISV,US19860925001,파이서브,27757655071,-0.94,51.72,HOLD,
97,금융,SYF,US20140731002,싱크로니 파이낸셜,27755442368,-0.21,80.58,BUY,
97,금융,FLT,US20101215001,코페이,26758492164,-0.2,406.82,BUY,
97,금융,KEY,US19920901001,키코프,26417170674,-1.09,22.79,BUY,
97,금융,CINF,US19900326005,신시내티 파이낸셜,26248388955,0.17,171.35,HOLD,
97,금융,WRB,US19840907025,WR 버클리,26038699185,0.6,70.17,HOLD,
97,금융,AFRM,US20210112001,어펌,24951350651,-1.29,73.56,BUY,
97,금융,FCNCA,US19920225004,퍼스트 시티즌스 뱅크셰어스,23962279007,-1.8,2207.68,HOLD,
97,금융,GPN,US20010116001,글로벌 페이먼츠,23911140230,-0.01,90.37,BUY,
97,금융,SOFI,US20210601001,소파이 테크놀로지스,23643639491,-3.55,17.66,HOLD,비중확대 개시
97,금융,TROW,US19860409001,티 로웨 프라이스 그룹,23557873835,-0.13,110.32,HOLD,
97,금융,BRO,US19810227001,브라운 앤 브라운,23036384798,0.74,69.37,HOLD,
97,금융,MKL,US19861219001,마켈 그룹,22287286880,0.88,1815.09,HOLD,자나 지분확대
97,금융,TW,US20190403003,트레이드웹 마케츠,22183158031,0.24,105.42,BUY,
97,금융,BSBR,US20091007002,방코 산탄데르 브라질(ADR),21689081491,-1.93,5.6,BUY,
97,금융,FIS,US20010806002,피델리티 내셔널 인포메이션 서비시스,21227111837,-0.53,40.95,BUY,
97,금융,EFX,US19710511001,에퀴팩스,20766926419,2.85,181.84,BUY,
97,금융,BCH,US20020108001,방코 데 칠레(ADR),20749559822,0,41.09,HOLD,
97,금융,TPG,US20220112008,TPG,19902625283,0.46,52.01,BUY,
97,금융,CRCL,NYS0250605001,써클 인터넷 그룹,18932587704,-3.83,71.73,BUY,
97,금융,KSPI,NAS0240119005,카스피.kz(ADR),18818210688,-1.08,97.98,BUY,
97,금융,UNM,US19861114001,유넘 그룹,18694269869,-1.9,89.77,BUY,
97,금융,EWBC,US19990203001,이스트 웨스트 뱅코프,18563910635,-0.35,135.05,BUY,
97,금융,OWL,US20210520006,블루 아울 캐피탈,18175161656,-0.6,11.59,BUY,채권 발행 흥행
97,금융,WF,US20190213002,우리 파이낸셜 그룹(ADR),17689729402,-1.26,70.58,,
97,금융,BEN,US19861205002,프랭클린 리소시스,17367467144,-0.58,33.99,HOLD,
97,금융,CG,US20161109004,칼라일 그룹,17292727453,-0.37,48.36,HOLD,
97,금융,JLL,US19970717001,존스 랭 라살,17033500899,0.19,371.03,,
97,금융,PNFP,US20000822001,피너클 파이낸셜 파트너스,17004406474,-2.63,104.53,BUY,
97,금융,IREN,US20211116005,아이렌,16609967972,-6.5,41.98,BUY,
97,금융,BSAC,US19940518001,방코 산탄데르 칠레(ADR),16283004038,-0.38,34.44,HOLD,
97,금융,RGA,US20080912001,리인슈어런스 그룹 오브 아메리카,16124786297,-0.64,244.42,BUY,
97,금융,BBD,US19970613001,방쿠 브라데스쿠 우선주(ADR),15876296105,-1.62,3.04,BUY,
97,금융,BBDO,US20120313001,방쿠 브라데스쿠(ADR),15876296105,0.33,3.01,,
97,금융,FUTU,US20191017002,푸투 홀딩스(ADR),15348042095,-0.76,108.67,BUY,
97,금융,TRU,US20150625009,트랜스유니언,15075723507,0.98,79.47,BUY,
97,금융,CRBG,US20220913001,코어브리지 파이낸셜,14787596878,-0.18,33.12,BUY,
97,금융,EQH,US20180509001,에퀴터블 홀딩스,14731511179,-0.57,50.84,BUY,
97,금융,IVZ,US19940301001,인베스코,14376606740,-0.58,32.38,HOLD,
97,금융,AEG,US19850701002,아혼(ADR),14197849011,-0.32,9.41,BUY,
97,금융,RNR,US19960724001,르네상스리 홀딩스,14153174035,0.7,320.72,HOLD,
97,금융,ARCC,US20041005001,아레스 캐피탈,14098979281,0.1,19.66,BUY,
97,금융,EG,US19951003001,에베레스트 그룹,13997881361,0.61,367.38,HOLD,
97,금융,AIZ,US20040205001,어슈런트,13862464894,-0.37,280.07,BUY,
97,금융,GL,US20190809003,글로브 라이프,13784636541,-0.74,178.08,BUY,
97,금융,CNA,US19690203001,CNA 파이낸셜,13527178244,0.66,50.33,HOLD,
97,금융,ALLY,US20140410002,앨라이 파이낸셜,13263336398,0.05,43.63,BUY,
97,금융,SF,US19861124001,스티펄 파이낸셜,13204278147,-0.31,83.73,BUY,
97,금융,WBS,US19861212001,웹스터 파이낸셜,13003148176,-0.91,77.97,HOLD,
97,금융,FHN,US19730131001,퍼스트 호라이즌,12962033322,-0.77,25.82,BUY,
97,금융,ERIE,US19951002001,이리 인뎀너티,12952068581,3.71,256.95,BUY,
97,금융,SEIC,US19810325001,SEI 인베스트먼트,12655739740,1.37,106.92,BUY,
97,금융,JEF,US20180524002,제프리스 파이낸셜 그룹,12576265371,-0.59,53.84,BUY,
97,금융,EVR,US20060811001,에버코어,12441199960,-1.49,298.66,BUY,
97,금융,AFG,US19781114001,아메리칸 파이낸셜 그룹,12153709975,-0.69,145.59,HOLD,
97,금융,UMBF,US19900327006,UMB 파이낸셜,11858372738,-1.29,149.99,BUY,
97,금융,BMNR,AMX0250605001,비트마인 이머션 테크놀로지스,11613767903,-2.4,18.28,BUY,이더리움 추가 매입
97,금융,WTFC,US19980416002,윈트러스트 파이낸셜,11299776166,-1.32,158.84,BUY,
97,금융,BPOP,US19900326002,파퓰러,11280662783,-0.81,175.47,BUY,
97,금융,HUT,US20210615004,허트 8,10829717510,-8.28,80.75,BUY,헤지펀드 매수확대
97,금융,SSB,US20140701005,사우스스테이트,10744439723,-0.66,110.09,BUY,
97,금융,RYAN,US20210721011,라이언 스페셜티 홀딩스,10660099987,-1.06,41.24,BUY,
97,금융,ONB,US20130815001,올드 내셔널 뱅코프,10583792027,-1.48,26.67,BUY,
97,금융,CFR,US19860630001,컬런 프로스트 뱅커스,10542710933,-0.44,167.33,HOLD,
97,금융,ZION,US19900326058,자이언스 뱅코프,10493820915,-0.89,70.94,HOLD,
97,금융,ORI,US19900919001,올드 리퍼블릭 인터내셔널,10351287635,-0.33,42.37,BUY,
97,금융,PAYP,NAS2603012007,페이페이(ADR),10130648826,0.53,15.05,BUY,
97,금융,OSCR,US20210301020,오스카 헬스,9735685501,-0.86,31.28,HOLD,
97,금융,AMG,US19971121003,어필리에이티드 매니저스 그룹,9602343139,-2.11,363.57,BUY,
97,금융,FRHC,US20191015001,프리덤 홀딩,9596095451,6.88,160.82,,
97,금융,JXN,US20210920008,잭슨 파이낸셜,9577931463,1.28,134.86,BUY,
97,금융,PRI,US20100401001,프라이메리카,9536494297,-0.55,308.21,BUY,
97,금융,FCFS,US20181008003,퍼스트캐시 홀딩스,9376729892,-1.62,212.74,BUY,
97,금융,VOYA,US20130502003,보야 파이낸셜,9355934658,0.02,100.16,BUY,
97,금융,VIRT,US20150416001,VIRTU FINANCIAL INC,9232455957,2.61,61.05,,인수설 부각
97,금융,WAL,US20050630003,웨스턴 얼라이언스 뱅코프,9211249552,-1.19,80.75,BUY,
97,금융,COLB,US19880728001,컬럼비아 뱅킹 시스템즈,9147119891,-0.59,32.15,BUY,
97,금융,APLD,US20220413001,어플라이드 디지털,9086080398,-8.6,28.5,BUY,
97,금융,LNC,US19690820001,링컨 내셔널,9070829219,0.92,45.08,HOLD,
97,금융,PB,US19981112001,프로스페리티 뱅크셰어스,8948868483,-0.2,74.33,HOLD,
97,금융,BOKF,US19950110001,BOK 파이낸셜,8853070750,-0.51,144.97,HOLD,
97,금융,WULF,US20211214013,테라울프,8779987102,-11.48,15.58,BUY,
97,금융,HLI,US20150813002,훌리한 로키,8749332416,1.43,127.01,HOLD,
97,금융,VLY,US20181010003,벨리 내셔널 뱅코프,8623179710,-0.47,14.87,BUY,
97,금융,CBSH,US19840907013,커머스 뱅크셰어스,8562519844,-0.23,59.57,HOLD,
97,금융,GLXY,NAS0250516003,갤럭시 디지털,8546932199,-6.68,20.41,BUY,가상자산 약세 부담
97,금융,KNSL,US20220103008,킨세일 캐피탈 그룹,8361553630,1.51,372.71,HOLD,
97,금융,SNEX,US20200706003,스토넥스 그룹,8249641676,-2.89,66.43,BUY,
97,금융,XP,US20191210001,XP,8110116070,0.83,15.83,,
97,금융,FIGR,NAS0250911001,피규어 테크놀로지 솔루션스,7991879214,-0.62,35.53,BUY,
97,금융,CBC,NAS0251120002,센트럴 뱅컴퍼니,7794239473,-0.18,32.49,BUY,
97,금융,MORN,US20050503002,모닝스타,7753911613,1.01,208.83,,
97,금융,THG,US19951011001,하노버 인슈어런스 그룹,7731931689,0.03,222.17,HOLD,
97,금융,AXS,US20030701001,액시스 캐피탈 홀딩스,7696983757,0.86,100.74,BUY,
97,금융,CIFR,US20210830003,사이퍼 마이닝,7676440728,-12.97,16.1,BUY,금리 상승 부담
97,금융,RIOT,US20171019002,라이엇 플랫폼스,7518594895,-5.59,18.92,BUY,비트코인 수급 부담
97,금융,OMF,US20151127002,원메인 홀딩스,7493362893,-0.64,64.73,BUY,
97,금융,FAF,US20100524001,퍼스트 아메리칸 파이낸셜,7470094122,-1.0,72.45,BUY,
97,금융,MAAS,US20190329003,마스,7462341523,-4.62,16.1,,
97,금융,KLAR,NYS0250910001,클라르나,7375430306,-22.81,15.06,BUY,실적 예상 상회
97,금융,VCTR,US20180207002,빅토리 캐피탈 홀딩스,7306403078,-0.88,117.77,HOLD,
97,금융,FNB,US19860930001,FNB,6846767142,-0.93,19.22,BUY,
97,금융,ACT,US20210510001,인액트 홀딩스,6842486335,0.52,50.04,HOLD,
97,금융,PJT,US20151002002,PJT 파트너스,6816119205,-0.73,169.72,HOLD,
97,금융,UBSI,US19900326051,유나이티드 뱅크셰어스,6670277434,-0.43,48.77,HOLD,
97,금융,ENVA,US20141114003,이노바 인터내셔널,6569536158,-0.72,262.0,,
97,금융,CORZ,NAS0240124001,코어 사이언티픽,6467211839,-6.46,18.83,BUY,
97,금융,GBCI,US19920127001,글레이셔 뱅코프,6458445609,-1.29,48.97,,
97,금융,WEX,US20050216001,웩스,6435629329,1.51,191.73,HOLD,
97,금융,MTG,US19910807001,MGIC 인베스트먼트,6380081009,0.03,31.12,HOLD,
97,금융,ASB,US20141223002,어소시에이티드 뱅크,6367298815,-1.22,31.67,BUY,
97,금융,HWC,US20180525001,핸콕 휘트니,6323445138,-0.7,78.29,BUY,
97,금융,FLG,US19931123001,플래그스타 파이낸셜,6302921301,-1.29,13.82,BUY,
97,금융,AUB,NYS0230118002,애틀랜틱 유니언 뱅크셰어스,6243623845,-0.42,42.36,,
97,금융,ESNT,US20131031001,이센트 그룹,6238802101,0.22,69.58,HOLD,
97,금융,HOMB,US20211122005,홈 뱅크셰어스,6222224696,-0.45,30.97,HOLD,
97,금융,HRB,US19691013001,H&R 블록,6178010751,1.62,50.94,HOLD,구조적 성장 부담
97,금융,IFS,US20190718005,인터코프 파이낸셜 서비시스,6067687553,-1.08,54.05,BUY,
97,금융,ABCB,US19940519001,아메리스 뱅코프,5973961907,-0.94,88.2,HOLD,
97,금융,CACC,US19920605001,크레디트 억셉턴스,5947745496,-0.43,570.65,,
97,금융,BBUC,US20220315001,브룩필드 비즈니스,5946285519,-2.0,28.37,BUY,
97,금융,MCY,US19961009002,머큐리 제너럴,5890993077,-0.06,106.32,BUY,
97,금융,STEP,US20200915009,스텝스톤 그룹,5825034454,0.54,48.54,BUY,
97,금융,OZK,US20180716001,뱅크 OZK,5797853342,-0.67,50.77,HOLD,808윈저 차압 우려
97,금융,GGAL,US20000724001,그루포 피난시에로 갈리시아(ADR),5752069684,-3.06,42.09,BUY,
97,금융,RLI,US19870508001,RLI,5727254442,2.98,64.28,HOLD,
97,금융,MKTX,US20041105001,마켓액세스 홀딩스,5719743608,0.02,162.6,HOLD,
97,금융,OBDC,US20190717006,블루 아울 캐피탈 코퍼레이션,5669937352,-0.78,11.41,BUY,
97,금융,AX,US20181001004,액소스 파이낸셜,5648584283,-1.67,97.66,BUY,
97,금융,BXSL,US20211028004,블랙스톤 담보 대출 펀드,5639009590,0.58,24.35,BUY,
97,금융,SIGI,US19900326046,셀렉티브 인슈어런스 그룹,5611126137,-0.85,91.32,HOLD,
97,금융,RELY,US20210922012,레미틀리 글로벌,5566110442,-3.31,25.43,BUY,
97,금융,HLNE,US20170301001,해밀턴 레인,5556178664,0.31,101.15,BUY,
97,금융,MAIN,US20071005003,메인 스트리트 캐피탈,5436364339,-0.58,57.81,HOLD,
97,금융,SLM,US19840410001,SLM,5426042534,-1.5,26.87,BUY,순상각 악화 우려
97,금융,EBC,US20201015006,이스턴 뱅크셰어스,5403152579,-0.21,23.6,BUY,
97,금융,PIPR,US20200106001,파이퍼 샌들러,5316105525,-0.43,74.92,BUY,
97,금융,BGC,US19991210001,BGC 그룹,5305081554,-0.72,11.08,,
97,금융,CIGI,US20150603001,콜리어스 인터내셔널 그룹,5284547728,1.3,104.77,,
97,금융,EXLS,US20061020001,엑슬서비스 홀딩스,5238617225,2.6,35.46,BUY,
97,금융,MC,US20140415002,모엘리스,5221787736,-0.24,66.57,HOLD,
97,금융,MRX,NAS0240425002,마렉스 그룹,5138371177,0.66,71.92,BUY,골드만 목표가 상향
97,금융,PAY,US20210524004,페이먼트어스 홀딩스,5119620538,-5.76,38.32,BUY,
97,금융,OTF,NYS0250612001,블루 아울 테크놀로지 파이낸스,5098522344,-0.09,11.12,,
97,금융,CNO,US20030930001,CNO 파이낸셜 그룹,5070021352,-0.53,54.52,HOLD,
97,금융,WTM,US19860509002,화이트 마운틴스 인슈어런스 그룹,5043026892,1.52,2145.46,HOLD,
97,금융,FFIN,US19931101001,퍼스트 파이낸셜 뱅크셰어스,4995337736,-0.63,34.64,HOLD,
97,금융,BMA,US20060324001,방코 마크로(ADR),4950875394,-3.49,76.08,BUY,
97,금융,SFBS,US20210621007,서비스퍼스트 뱅크셰어스,4948453113,-0.56,90.02,,
97,금융,TFSL,US20070423001,TFS 파이낸셜,4908109763,0.23,17.54,,
97,금융,RDN,US19921030001,라디안 그룹,4900724735,-0.54,36.85,BUY,
97,금융,FULT,US19900326020,풀턴 파이낸셜,4812658933,-0.65,24.31,BUY,
97,금융,FHI,US20200203008,페더레이티드 헤르메스,4788441736,-0.41,63.89,HOLD,
97,금융,WAY,NAS0240607007,웨이스타 홀딩,4731347723,-1.42,24.33,BUY,
97,금융,DX,US19880229002,다이넥스 캐피탈,4655908161,0.84,13.18,,
97,금융,TCBI,US20030813002,텍사스 캐피탈 뱅크셰어스,4640620015,-1.25,99.83,HOLD,
97,금융,IBOC,US19960530003,인터내셔널 뱅크셰어스,4547723084,-0.7,72.63,,
97,금융,FBP,US19930311002,퍼스트 뱅코프 푸에르토리코,4508864626,-0.61,29.36,BUY,
97,금융,NNI,US20031211001,넬넷,4501172304,-0.13,125.67,,
97,금융,BFH,US20010607001,브레드 파이낸셜 홀딩스,4471279523,-0.13,111.1,BUY,
97,금융,HGTY,US20211203007,해거티,4418050896,-0.39,12.81,HOLD,
97,금융,UCB,US20020321001,유나이티드 커뮤니티 뱅크,4415744408,-0.22,36.55,BUY,
97,금융,BULL,US20220815003,위불,4338720370,-2.7,7.94,,
97,금융,NP,NYS0251001002,넵튠 인슈어런스,4319181880,0.06,31.5,BUY,
97,금융,WSBC,US19950818022,웨스뱅코,4309976324,-0.56,42.24,BUY,
97,금융,CATY,US19901217001,캐세이 제너럴 뱅코프,4295459245,-0.31,64.2,HOLD,
97,금융,BWIN,US20191023001,볼드윈 인슈어런스 그룹,4291453823,-1.75,30.23,BUY,
97,금융,CNS,US20040813001,코헨 앤 스티어스,4284562108,-0.65,82.8,HOLD,
97,금융,LAZ,NYS0240102004,라자드,4262558738,0.71,44.06,HOLD,
97,금융,MIAX,NYS0250814001,마이애미 인터내셔널 홀딩스,4207490273,-1.18,41.91,BUY,
97,금융,WSFS,US19861126001,WSFS 파이낸셜,4178836360,-0.16,81.68,BUY,
97,금융,SEZL,NAS0230817006,세즐,4113541020,-4.29,116.94,BUY,웹뱅크 제휴확대
97,금융,FOUR,US20200604010,시프트4 페이먼츠,4103894617,5.3,46.7,BUY,
97,금융,INDB,US19860101001,인디펜던트 뱅코프 매사추세츠,4074773307,-0.81,85.34,BUY,
97,금융,CVBF,US19920317001,CVB 파이낸셜,4073476924,-0.48,23.04,BUY,
97,금융,BHF,US20170807001,브라이트하우스 파이낸셜,4045059851,-3.75,53.65,HOLD,
97,금융,DLO,US20210602001,디로컬,4011027664,-1.94,13.64,BUY,
97,금융,PFSI,US20130509001,페니맥 파이낸셜 서비시스,3963584063,-1.32,75.3,BUY,
97,금융,RNST,US19920424002,르네산트,3939611173,-1.18,42.6,,
97,금융,LMND,US20200701007,레모네이드,3865141396,0.34,50.12,HOLD,
97,금융,BANF,US19950401001,뱅크퍼스트,3860685185,-0.12,114.79,,
97,금융,GPGI,US20211228001,GPGI INC,3822839628,-5.08,12.52,HOLD,
97,금융,GNW,US20040525001,젠워스 파이낸셜,3811708769,-0.1,10.08,BUY,
97,금융,HG,NYS0231110001,해밀턴 인슈어런스 그룹,3798075892,0,35.26,BUY,
97,금융,MARA,US20140728001,마라 홀딩스,3752102115,-7.72,8.96,BUY,고성능 컴퓨팅 구체화
97,금융,BLSH,NYS0250813001,불리쉬,3750747844,-1.36,24.62,,목표주가 하향
97,금융,NIC,US20220524004,니콜레 뱅크셰어스,3727551213,-0.65,176.74,BUY,
97,금융,PRK,US19900101002,파크 내셔널,3711939970,-0.55,204.4,HOLD,
97,금융,FIBK,US20100324001,퍼스트 인터스테이트 뱅크시스템,3705610468,-1.08,38.47,HOLD,
97,금융,BANC,US20140530001,뱅크 오브 캘리포니아,3641776604,-1.98,19.3,BUY,
97,금융,FFBC,US19900326016,퍼스트 파이낸셜 뱅코프,3586028337,-1.11,33.79,,
97,금융,WT,US19920615001,위즈덤트리,3497673034,-1.0,22.86,BUY,
97,금융,TOWN,US19990505001,타운뱅크,3473980581,0.19,37.66,BUY,
97,금융,FG,NYS0221201001,F&G 어뉴어티스 앤 라이프,3469047499,-3.58,25.55,HOLD,
97,금융,SBCF,US19900326045,시코스트 뱅킹 오브 플로리다,3465528607,-0.73,35.54,HOLD,
97,금융,SFNC,US19921102001,시몬스 퍼스트 내셔널,3458926715,-1.04,23.69,,
97,금융,BOH,US19910424001,뱅크 오브 하와이,3431497535,-0.94,79.08,HOLD,
97,금융,NMIH,US20131108001,NMI 홀딩스,3426198838,0.11,45.61,BUY,
97,금융,NATL,NYS0231017001,NCR 애틀리오스,3421441568,-0.67,46.0,HOLD,
97,금융,CBU,US19840718001,커뮤니티 파이낸셜 시스템즈,3419834879,-0.62,64.61,HOLD,
97,금융,BKU,US20110128003,뱅크유나이티드,3408452745,-0.17,47.78,,
97,금융,GBDC,US20100414001,골럽 캐피탈 BDC,3405906696,-0.46,13.06,BUY,
97,금융,APAM,US20130301001,아티잔 파트너스 에셋 매니지먼트,3362181429,0.46,41.67,HOLD,
97,금융,AGO,US20040423001,어슈어드 개런티,3349608178,-0.91,75.53,BUY,
97,금융,FHB,US20160805001,퍼스트 하와이안,3347941186,-1.13,27.21,HOLD,
97,금융,FSK,US20181220001,FS KKR 캐피탈,3318143220,-0.83,11.91,,
97,금융,CWK,US20180801006,쿠쉬맨 앤드 웨이크필드,3306415089,0.5,14.16,,
97,금융,AAMI,US20180326004,아카디안 에셋 매니지먼트,3299527407,-1.25,91.83,,
97,금융,PLMR,US20190416004,팔로마 홀딩스,3260595935,4.64,129.67,BUY,
97,금융,PFS,US20030116001,프로비던트 파이낸셜 서비스,3203804424,-0.45,24.46,BUY,
97,금융,CLSK,US20200124001,클린스파크,3183856634,-5.32,11.74,BUY,
97,금융,CLBK,US20180420001,컬럼비아 파이낸셜,3147619789,1.28,11.83,BUY,아웃퍼폼 개시
97,금융,SII,US20200629003,스프랏,3136920310,-3.55,117.6,,
97,금융,BBAR,US20190617004,BBVA 아르헨티나(ADR),3115991254,-3.28,14.76,BUY,
97,금융,HTGC,US20050609002,허큘리스 캐피탈,3095036322,0.67,16.65,,
97,금융,FBK,US20160916004,FB 파이낸셜,3065009113,-0.47,61.05,BUY,
97,금융,MBIN,US20171026002,머천츠 뱅코프,3035604800,-0.26,54.4,HOLD,
97,금융,IOND,NAS2607028003,아이오닉 디지털,3009432008,-1.71,65.52,,
97,금융,WAFD,US19900326056,워페드,2990946019,-0.79,37.46,,
97,금융,AGM,US19881201001,페더럴 애그리컬처럴 모기지,2930915754,-1.12,229.13,,
97,금융,AGM.A,US19881201002,페더럴 애그리컬처럴 모기지 A,2930915754,-2.42,161.0,,
97,금융,UPST,US20201215008,업스타트 홀딩스,2894449411,-2.18,29.1,BUY,
97,금융,CUBI,US20141230001,커스터머스 뱅코프,2831029475,-1.64,80.76,BUY,
97,금융,BNT,NYS0221214001,브룩필드 웰스 솔루션즈,2809716928,-1.61,42.17,,
97,금융,TRMK,US19920303007,트러스트마크,2794344388,-0.87,47.71,HOLD,
97,금융,ALHC,US20210324001,얼라인먼트 헬스케어,2791485229,-1.78,13.22,BUY,
97,금융,TBBK,US20040203001,뱅코프,2783925176,0.1,68.34,BUY,
97,금융,GCMG,US20201118002,GCM 그로스베너,2777662824,-0.36,13.65,,
97,금융,NBTB,US19920317006,NBT 뱅코프,2768364677,-0.69,52.92,HOLD,
97,금융,NMRK,US20171214002,뉴마크 그룹,2741407868,0.33,15.18,,목표가 상향
97,금융,FBNC,US19870430001,퍼스트 뱅코프 오브 노스 캐롤라이나,2735083575,0.03,66.14,BUY,
97,금융,FRME,US19920225006,퍼스트 머천츠,2732854609,-0.6,43.26,,
97,금융,BBT,US20000628001,비콘 파이낸셜 코퍼레이션,2732663159,-0.34,32.5,HOLD,
97,금융,SPNT,US20210301022,시리우스포인트,2723492165,0.43,23.55,BUY,
97,금융,EEFT,US19970307001,유로넷 월드와이드,2638264238,-1.9,69.21,BUY,
97,금융,SYBT,US19880101001,스탁 야즈 뱅코프,2617741634,-0.69,83.7,HOLD,
97,금융,LCLN,NYS2605020001,링컨 인터내셔널,2588015980,-4.08,23.96,BUY,
97,금융,BUSE,US19981006001,퍼스트 뷰지,2566086006,-0.55,30.91,BUY,
97,금융,SKWD,NAS0230113003,스카이워드 스페셜티 인슈어런스 그룹,2555364290,1.53,58.45,BUY,
97,금융,SLDE,NAS0250618006,슬라이드 인슈어런스,2522598265,3.06,22.26,BUY,
97,금융,NTB,US20160916005,뱅크 오브 NT 버터필드 앤 선,2514609530,-2.3,61.51,,
97,금융,BANR,US19951101001,배너,2502457954,-1.24,72.74,BUY,
97,금융,EFSC,US19980908001,엔터프라이즈 파이낸셜 서비시스,2441844876,-0.71,65.49,BUY,
97,금융,PAGS,US20180123003,파그세구로 디지털,2420124339,-2.54,8.44,HOLD,
97,금융,PAYO,US20210628005,페이오니아 글로벌,2415494305,-0.42,7.1,HOLD,
97,금융,BXMT,US20130508003,블랙스톤 모기지,2399551961,-0.42,14.18,BUY,
97,금융,UWMC,US20210122019,UWM 홀딩스,2389645233,-3.36,1.44,BUY,
97,금융,DBD,NYS0230814001,다이볼드 닉스도프,2365575613,-1.59,68.59,,
97,금융,INTR,US20220623004,인터 & CO,2334978409,-3.78,5.09,BUY,2분기 실적 호조
97,금융,NWBI,US19940812001,노스웨스트 뱅크셰어스,2297456496,-0.25,15.65,,
97,금융,GSHD,US20180426003,구스헤드 인슈어런스,2286739426,0.42,64.67,HOLD,
97,금융,BTDR,NAS0230414002,비트디어 테크놀로지스 그룹,2284230878,-3.94,9.02,BUY,
97,금융,HCI,US20080915001,HCI 그룹,2271477438,1.3,185.03,BUY,
97,금융,CLOV,US20210108001,클로버 헬스 인베스트먼츠,2267556455,-0.7,4.24,,
97,금융,OFG,US19941229002,OFG 뱅코프,2261569720,-0.88,53.05,HOLD,
97,금융,STNE,US20181025002,스톤코,2254247688,-1.73,9.11,BUY,
97,금융,HTH,US20040212001,힐탑 홀딩스,2252597164,-0.84,39.0,,
97,금융,LIFE,NAS0260129004,에토스 테크놀로지스,2241944639,-3.41,33.97,BUY,
97,금융,WU,US20060920003,웨스턴 유니온,2238816389,0.42,7.21,SELL,
97,금융,ETOR,NAS0250514002,이토로 그룹,2235827710,-1.21,27.78,BUY,
97,금융,FLYW,US20210525003,플라이와이어,2226046447,-0.22,18.26,BUY,
97,금융,LC,US20141211003,해펀,2214199759,-3.23,18.57,BUY,
97,금융,ECPG,US19990709001,앙코어 캐피탈 그룹,2198520916,-1.37,102.26,,
97,금융,FCF,US19920610001,퍼스트 커먼웰스 파이낸셜,2173252154,-0.88,21.32,,
97,금융,SRCE,US19830812001,퍼스트 소스,2116343778,-0.24,87.69,,
97,금융,LOB,US20150723001,라이브 오크 뱅크셰어스,2102912031,-1.59,42.6,,
97,금융,HMN,US19911121001,호레이스 만 에듀케이터스,2077263629,0.6,51.61,BUY,
97,금융,STC,US19940105001,스튜어트 인포메이션 서비스,2077205657,-0.09,68.01,BUY,
97,금융,AVAL,US20140923002,그루포 아발 악시오네스 이 발로레스(ADR),2076389040,-1.46,5.41,,
97,금융,CHCO,US19930219002,시티 홀딩,2045805589,0.36,146.22,HOLD,
97,금융,EFC,US20101008001,엘링턴 파이낸셜,1980759260,0.15,13.61,BUY,
97,금융,PLGO,NYS0230628001,펠라고스 인슈어런스 캐피탈,1946185027,0.25,23.59,HOLD,
97,금융,PGNY,US20191024004,프로지니,1943077803,1.5,25.71,BUY,
97,금융,NBHC,US20120920001,내셔널 뱅크 홀딩스,1924145851,-0.51,42.99,BUY,
97,금융,GABC,US19930521001,저먼 아메리칸 뱅코프,1913858686,0.08,50.98,BUY,
97,금융,FSUN,NAS0240712001,퍼스트선 캐피탈 뱅코프,1908606533,-1.27,40.46,,
97,금융,RBCAA,US19980722001,리퍼블릭 뱅코프,1899397723,-0.7,96.08,HOLD,
97,금융,OCFC,US19960703001,오션퍼스트 파이낸셜,1897709731,-0.31,19.58,HOLD,
97,금융,DCOM,US19960626001,다임 커뮤니티 뱅크셰어스,1896660576,-0.61,40.63,,
97,금융,CNOB,US20130212001,커넥트원 뱅코프,1894630839,0.12,32.82,BUY,
97,금융,EVTC,US20130412001,에버텍,1872245283,-2.63,29.59,,
97,금융,PAX,US20210122014,파트리아 인베스트먼츠,1852921480,-1.4,11.26,,
97,금융,TCBK,US19930420001,트라이코 뱅크셰어스,1836413186,-1.32,56.7,HOLD,
97,금융,HOPE,US20160801003,호프 뱅코프,1833983907,-0.77,14.25,BUY,
97,금융,EZPW,US19910827001,이즈코프,1799295009,-0.41,29.17,BUY,
97,금융,STBA,US19920421001,S&T 뱅코프,1798158829,0.26,50.76,HOLD,
97,금융,CASH,US19930920001,패스워드 파이낸셜,1773461355,-0.87,84.65,BUY,
97,금융,BY,US20170628004,바이라인 뱅코프,1768673332,-0.15,39.09,BUY,
97,금융,TSLX,US20140325002,식스스 스트리트 스페셜티 렌딩,1757754787,0.54,18.54,BUY,
97,금융,NYAX,US20220921003,나약스,1757149043,-3.0,46.57,BUY,
97,금융,BFC,US20181024004,뱅크 퍼스트,1738741362,-0.56,156.0,,
97,금융,QCRH,US19931006001,QCR 홀딩스,1716455433,-0.9,103.9,,
97,금융,ATLC,US19990423001,애틀랜티쿠스 홀딩스,1586621195,-2.83,97.31,BUY,
97,금융,PWP,US20210625003,페렐라 와인버그 파트너스,1577627868,-3.64,16.17,BUY,
97,금융,CSWC,US19900327002,캐피탈 사우스웨스트,1570069582,-0.2,24.59,,
97,금융,KMPR,US19910918001,켐퍼,1544048482,0,26.21,HOLD,
97,금융,LKFN,US19970814001,레이크랜드 파이낸셜,1536385910,-0.58,61.46,HOLD,밸류에이션 부담
97,금융,AMAL,US20180809001,아말거메이티드 파이낸셜,1519203355,-1.3,50.16,,
97,금융,SAFT,US20021122001,세이프티 인슈어런스 그룹,1517052960,-0.08,103.28,HOLD,
97,금융,ESQ,US20170627001,에스콰이어 파이낸셜 홀딩스,1501739291,-2.09,121.5,BUY,
97,금융,PEBO,US19930211001,피플스 뱅코프,1475837956,-0.24,40.97,,
97,금융,BHRB,NAS0230426001,버크 앤드 허버트 파이낸셜 서비시스,1459818572,0.04,72.36,BUY,
97,금융,TMP,US19900328001,톰킨스 파이낸셜,1442011964,-0.03,100.25,,
97,금융,CTBI,US19930517001,커뮤니티 트러스트 뱅코프,1425518778,-0.64,77.98,BUY,이사 주식 매도
97,금융,TOP,US20220601002,탑 파이낸셜 그룹,1406232929,11.52,12.68,,분기보고서 지연
97,금융,WD,US20101215002,워커 앤 던롭,1396761667,-2.43,39.71,BUY,
97,금융,FMBH,US20140512001,퍼스트 미드 뱅크셰어스,1381676372,-0.33,51.52,,
97,금융,WABC,US19920317013,웨스트아메리카 뱅코프,1374822101,-0.52,59.19,,
97,금융,UFCS,US19900326052,유나이티드 파이어 그룹,1372379458,0.45,53.64,BUY,
97,금융,WLTH,NAS0251212009,웰스프론트 코퍼레이션,1367858713,-2.29,8.95,BUY,
97,금융,HBT,US20191010001,HBT 파이낸셜,1343060938,-1.11,36.53,,
97,금융,CODI,US20060511001,컴퍼스 다이버시파이드,1341105335,-1.82,11.88,BUY,
97,금융,TRUP,US20160620001,트루패니언,1315460688,-0.03,29.98,,
97,금융,OSBC,US19950818012,올드 세컨드 뱅코프,1313841171,-0.58,25.68,BUY,
97,금융,PMT,US20090730002,페니맥 모기지 인베스트먼트,1305923828,-1.98,9.43,HOLD,매수의견 상향
97,금융,MSDL,NYS0240124002,모건스탠리 직접금융 펀드,1291580821,0.07,15.37,,
97,금융,PFBC,US19990819001,프리퍼드 뱅크 로스 앤젤리스,1273584340,-0.72,106.7,HOLD,
97,금융,SACH,US20170210003,새켐 캐피탈,1265287625,-0.13,0.789,HOLD,
97,금융,LU,US20201030004,루팍스 홀딩(ADR),1256432492,5.52,1.53,BUY,
97,금융,OPY,US19960828001,오펜하이머 홀딩스,1254276344,-0.92,117.17,,
97,금융,HFWA,US19980109001,헤리티지 파이낸셜,1210843782,-0.44,29.47,HOLD,
97,금융,PSEC,US20040727001,프로스펙트 캐피탈,1194825432,1.81,2.25,,
97,금융,UVE,US20131204002,유니버설 인슈어런스 홀딩스,1187826001,0.52,42.91,HOLD,
97,금융,UVSP,US19980416001,유니베스트 파이낸셜,1187376111,-0.28,42.94,,
97,금융,MMI,US20131107004,마커스 앤 밀리쳅,1174888112,1.77,31.58,,
97,금융,DFIN,US20161006002,도넬리 파이낸셜 솔루션즈,1172965774,1.38,48.38,,
97,금융,MCB,US20171107005,메트로폴리탄 뱅크,1156963289,-0.8,92.59,BUY,
97,금융,FSBC,US20210504002,파이브 스타 뱅코프,1149541995,-0.62,46.57,BUY,
97,금융,NBN,US19870820002,노스이스트 뱅크,1146260753,0.91,135.23,,
97,금융,AMTB,US20181024002,아머란트 뱅코프,1137048591,0.48,29.16,,
97,금융,OCSL,NAS0230123005,오크트리 스페셜티 렌딩,1131659026,0.78,12.95,,
97,금융,IGIC,US20200318001,인터내셔널 제너럴 인슈어런스 홀딩스,1119008893,2.91,26.92,BUY,
97,금융,VRTS,US19931208001,버투스 인베스트먼트 파트너스,1113303044,-0.79,166.81,HOLD,
97,금융,BOW,NYS0240522001,보우헤드 스페셜티 홀딩스,1101734737,0.09,33.48,HOLD,
97,금융,GSBD,US20150318001,골드만삭스 BDC,1100692096,0.2,9.8,HOLD,
97,금융,CFFN,US19990401001,캐피톨 페더럴 파이낸셜,1095856674,-0.92,8.64,HOLD,
97,금융,CCNE,US19960530002,CNB 파이낸셜,1092527794,-0.09,34.82,BUY,
97,금융,EQBK,US20151110001,에퀴티 뱅크셰어스,1057611966,-0.43,51.15,BUY,
97,금융,MBWM,US19971024001,머천틸 뱅크,1056637661,-0.39,60.9,BUY,
97,금융,HBNC,US19940425002,호라이즌 뱅코프,1045152804,-0.39,20.28,BUY,
97,금융,BFST,US20180409001,비즈니스 퍼스트 뱅크셰어스,1044955182,-0.37,31.99,BUY,
97,금융,MCBS,US20191003001,메트로시티 뱅크셰어스,1040508622,-0.39,36.02,,
97,금융,HRTG,US20140522002,헤리티지 인슈어런스 홀딩스,1015741288,-1.4,33.69,,
97,금융,NBBK,NAS0231228001,NB 뱅코프,1003668798,-0.79,22.73,,
97,금융,CPF,US19880129001,센트럴 퍼시픽 파이낸셜,988491799,-1.15,37.96,BUY,
97,금융,CAC,US19971007001,캠던 내셔널,986240609,-0.17,58.28,HOLD,
97,금융,BBDC,US20180803001,베어링스 BDC,982989218,0,9.39,,
97,금융,IVR,US20090625001,인베스코 모기지 캐피탈,977601913,-0.66,7.47,,현금배당 선언
97,금융,SBSI,US19980513002,사우스사이드 뱅크셰어스,975110354,-0.58,32.53,HOLD,
97,금융,AGBK,NYS2602011001,아지뱅크,972168697,-2.3,5.94,BUY,
97,금융,THFF,US19920303006,퍼스트 파이낸셜,970291902,0.25,81.81,HOLD,
97,금융,MPB,US19971204001,미드 펜 뱅코프,967220106,-0.29,38.07,BUY,
97,금융,TRST,US19900326049,트러스트코 뱅크 NY,966970606,0.88,57.3,,
97,금융,FMNB,US19990104004,파머스 내셔널 뱅코프,954868401,-0.56,16.03,BUY,
97,금융,HAFC,US19970509004,한미 파이낸셜,954503628,-0.4,32.07,HOLD,
97,금융,FRBT,NAS2606011003,포브라이트,942847878,-0.31,19.05,BUY,
97,금융,RPC,US20211020014,릿지포스트 캐피탈,940134557,-0.12,8.52,,
97,금융,BUR,US20201019004,버포드 캐피탈,937427066,-3.04,4.14,BUY,
97,금융,FCBC,US19970509003,퍼스트 커뮤니티 뱅크셰어스,929812832,0.12,49.24,HOLD,
97,금융,TIGR,US20190319001,업 핀테크 홀딩스(ADR),909186873,-1.03,4.79,,
97,금융,ABL,US20200914001,애버커스 글로벌 매니지먼트,891676249,-1.21,9.01,,
97,금융,CCBG,US19970203001,캐피탈 시티 뱅크 그룹,889189510,-0.02,51.96,HOLD,
97,금융,SMBK,US20151221001,스마트파이낸셜,888419271,-0.12,51.91,BUY,목표가 상향
97,금융,WRLD,US19911126001,월드 억셉턴스,885816381,-0.47,189.1,,
97,금융,SECZ,NAS0250502001,시큐리타이즈,879815495,9.28,5.89,BUY,
97,금융,KBDC,NYS0240522003,케인 앤더슨 BDC,879437162,0.15,13.34,BUY,
97,금융,GSBC,US19891201001,그레이트 서던 뱅코프,875864879,-0.5,79.99,,
97,금융,EGBN,US19990714001,이글 뱅코프,870132935,-0.28,28.47,BUY,
97,금융,EIG,US20070131001,임플로이어스 홀딩스,863537638,0.67,48.41,HOLD,
97,금융,HIPO,US20210803007,히포 홀딩스,861166803,0.95,32.95,BUY,
97,금융,NAVI,US20140502002,내비언트,860760553,-1.86,8.99,HOLD,
97,금융,SPFI,US20190508008,사우스 플레인스 파이낸셜,854172302,-0.33,45.2,BUY,
97,금융,IBCP,US20100202001,인디펜던트 뱅코프 미시건,851828329,-0.7,38.11,,
97,금융,ORRF,US19990513002,오스타운 파이낸셜 서비시스,846204586,0.49,43.24,BUY,
97,금융,SMBC,US19940412001,서던 미주리 뱅코프,840519957,-0.65,75.85,,
97,금융,ALRS,US20190912001,앨러루스 파이낸셜,833832644,0.33,33.6,HOLD,
97,금융,PGC,US19990427002,피팩 글래드스톤 파이낸셜,827897099,-0.71,46.38,BUY,
97,금융,HIVE,US20210914015,하이브 디지털 테크놀로지스,824514802,-9.77,2.77,BUY,AI클라우드 계약
97,금융,FISI,US19990625001,파이낸셜 인스티튜션스,818822707,0,41.56,,
97,금융,MSBI,US20160524001,미드랜드 스테이츠 뱅코프,807438711,-0.48,33.16,,
97,금융,HTB,US20120711001,홈트러스트 뱅크셰어스,797764854,-0.5,47.56,BUY,합병 희석 부담
97,금융,SHBI,US20010409001,쇼어 뱅크셰어스,788753366,0.08,23.66,BUY,
97,금융,BCSF,US20181114001,배인 캐피탈 스페셜티 파이낸스,782148355,0.08,12.07,HOLD,투자의견 하향
97,금융,MAX,US20201028014,미디어알파,777275076,3.94,13.19,BUY,
97,금융,CGBD,US20170614001,칼라일 시큐어드 렌딩,774575349,-0.44,11.21,HOLD,
97,금융,ROOT,US20201028007,루트,769851393,5.21,52.29,HOLD,
97,금융,BOT,NAS2605007001,로보스트래티지,769397149,-12.87,28.31,,
97,금융,WASH,US19950818021,워싱턴 트러스트 뱅코프,767006563,-0.15,40.16,HOLD,
97,금융,GDOT,US20100722002,그린 닷,766288182,0.45,13.51,,
97,금융,PRAA,US20021108001,PRA 그룹,761457709,-3.02,19.62,,
97,금융,TCBX,US20211109017,THIRD COAST BANCSHARES INC,760304723,-0.04,45.64,BUY,
97,금융,TRTX,US20170719005,TPG 리 파이낸스 트러스트,758958839,-0.5,7.9,BUY,
97,금융,CCB,US20180717001,코스탈 파이낸셜,747954254,1.41,49.63,BUY,
97,금융,FDUS,US20110621001,피더스 인베스트먼트,739194280,0.21,19.52,BUY,
97,금융,PAYS,US20190429001,페이사인,733852429,4.0,13.52,,
97,금융,CASS,US19960102002,캐스 인포메이션 시스템즈,733124648,0.86,57.75,BUY,
97,금융,PFLT,US20110408001,페넌트파크 플로팅 레이트 캐피탈,720169228,0.83,7.32,,
97,금융,DGICB,US19900326009,더니골 그룹 B,720091412,0,24.74,,
97,금융,DGICA,US20030703001,더니골 그룹 A,720091412,0.76,18.6,HOLD,
97,금융,PHR,US20190717007,프리시아,715629940,-1.21,11.44,BUY,
97,금융,PFIS,US20140403002,피플스 파이낸셜 서비시스,714688772,-0.11,71.33,,
97,금융,SAR,US20070323003,사라토가 인베스트먼트,710507861,-0.11,18.69,,
97,금융,EXPI,US20180521001,EXP 월드 홀딩스,710100669,3.53,4.4,HOLD,
97,금융,CARE,US20190325001,카터 뱅크셰어스,709760220,-1.59,31.52,BUY,
97,금융,VEL,US20200116007,벨로시티 파이낸셜,706568266,0.73,18.03,,
97,금융,NMFC,US20200914002,뉴 마운틴 파이낸스,705409785,-0.27,7.45,,
97,금융,CWBC,US19940405001,커뮤니티 웨스트 뱅크셰어스,704715985,0.73,26.17,,
97,금융,CSHR,NAS0241028006,코인셰어스,700922096,-4.89,5.06,,
97,금융,SUPV,US20160519005,그루포 수페르비에예(ADR),698470842,-3.26,7.72,HOLD,
97,금융,SLRC,US20100209001,SLR 인베스트먼트,691060688,-0.24,12.64,BUY,
97,금융,BCAL,NAS0230511002,서던 캘리포니아 뱅코프,688197165,1.03,21.63,,
97,금융,RCBC,NAS2608006007,리버시티 뱅크,679169835,1.17,48.4,,
97,금융,BWB,US20180314001,브리지워터 뱅크셰어스,676874250,0.09,22.35,BUY,
97,금융,BHB,US19941207001,바 하버 뱅크셰어스,676032667,0.62,40.58,,
97,금융,RRBI,US20190502002,레드 리버 뱅크셰어스,674069531,-0.62,101.77,HOLD,
97,금융,RWT,US19950804002,레드우드 트러스트,666995631,-1.46,4.73,BUY,
97,금융,HIFS,US19881220001,힝엄 인스티튜션 포 세이빙스,663746864,1.89,307.59,,
97,금융,YB,NAS0250430004,위안바오(ADR),662492822,-3.2,13.92,,
97,금융,TIPT,US20070622001,팁트리,662353682,-0.62,17.68,,
97,금융,ACNB,US19960102001,ACNB,654499621,-0.43,64.09,BUY,
97,금융,GAIN,US19861106001,글래드스톤 인베스트먼트,650553004,-0.43,16.19,BUY,
97,금융,VBNK,US20210922017,버사뱅크,646082700,-0.3,19.93,BUY,
97,금융,KRNY,US20050224001,커니 파이낸셜,632356182,0.1,9.78,BUY,
97,금융,ALTI,NAS0230104001,알티 글로벌,622082394,-2.01,3.91,,
97,금융,CRD.B,US19720630004,크로우포드 앤 컴퍼니 B,621599770,-2.76,12.31,,
97,금융,CRD.A,US19920319001,크로우포드 앤 컴퍼니 A,621599770,-3.3,12.89,,
97,금융,CBNK,US20180925002,캐피탈 뱅코프,613368521,-0.82,37.35,BUY,
97,금융,UNTY,US19890511001,유니티 뱅코프,611162138,-1.03,60.24,BUY,
97,금융,VINP,US20210127008,빈치 파트너스 인베스트먼츠,611140541,-1.29,9.21,,
97,금융,SFST,US19991027002,서던 퍼스트 뱅크셰어스,609378228,-0.37,64.11,BUY,
97,금융,NCDL,NYS0240125001,누빈 처칠 다이렉트 렌딩,603381999,0.65,12.3,BUY,
97,금융,NPB,NYS0250214001,노스포인트 뱅크셰어스,598830533,0.35,17.38,BUY,
97,금융,OPFI,US20210721008,옵파이,598035093,-0.28,7.0,,
97,금융,NRIM,US19901105001,노스림 뱅코프,598034957,-0.37,26.79,BUY,
97,금융,FBIZ,US20051007001,퍼스트 비즈니스 파이낸셜 서비시스,593606442,-0.35,70.7,BUY,
97,금융,CIVB,US20150505001,시비스타 뱅크셰어스,589599577,-0.25,28.29,,
97,금융,GCBC,US19981230002,그린 카운티 뱅코프,582999248,0.06,34.27,,
97,금융,BTBT,US20200807001,비트 디지털,576891287,-10.0,1.44,,
97,금융,HBCP,US20081003001,홈 뱅코프,565393508,-0.57,71.44,HOLD,
97,금융,KPLT,US20210610005,캐터펄트 홀딩스,559376362,-12.57,5.98,,
97,금융,ITIC,US19900327003,인베스터스 타이틀,544288242,1.25,291.94,,
97,금융,BWFG,US20140515001,뱅크웰 파이낸셜 그룹,539269285,-0.41,67.38,,
97,금융,BSRR,US19960530001,시에라 뱅코프,521845376,-0.29,40.69,,
97,금융,OBT,US20210805006,오랜지 카운티 뱅코프,519046274,0.31,38.84,BUY,
97,금융,AXG,NAS0230906001,SOLOWIN HOLDINGS LIMITED,511616664,-3.4,2.56,,
97,금융,PWRL,NAS2605027006,파워로,511023092,-2.54,11.52,,
97,금융,COFS,US20200207001,초이스원 파이낸셜 서비시스,510921787,-0.38,34.04,BUY,
97,금융,WTBA,US19990503001,웨스트 뱅코프,509840689,-2.64,29.13,HOLD,
97,금융,GLRE,US20070524001,그린라이트 캐피탈 리얼 에스테이트,502570138,1.43,15.62,HOLD,
97,금융,PDLB,US20171002008,폰세 파이낸셜 그룹,501792551,-0.43,20.66,BUY,
97,금융,BSVN,US20180919001,뱅크7,496096652,-0.13,52.02,,
97,금융,AII,NYS0250508002,아메리칸 인테그리티 인슈어런스 그룹,489927730,1.0,25.26,,예상 웃돈 실적
97,금융,AMSF,US20051118001,아메리세이프,489433517,0.45,26.53,HOLD,
97,금융,FMAO,US20170510001,파머스 앤 머천츠 뱅코프,482371588,-0.69,34.79,HOLD,
97,금융,CBK,NAS0251002002,커머셜 뱅크그룹,480264695,-0.4,34.92,,
97,금융,OWLS,NAS0251016007,오북 홀딩스,479548743,0,5.43,BUY,
97,금융,FRBA,US20131115001,퍼스트 뱅크,474010109,-0.74,18.82,BUY,
97,금융,CBAN,US19980402001,콜로니 뱅코프,468671744,-0.36,22.01,BUY,
97,금융,GEMI,NAS0250911002,제미니 스페이스 스테이션,467945230,-1.94,3.54,HOLD,목표가 줄하향
97,금융,CZNC,US19940316001,시티즌스 앤 노던,466028381,0.38,26.09,HOLD,
97,금융,RBB,US20170725005,RBB 뱅코프,462046168,0,27.32,HOLD,
97,금융,BMRC,US19991223001,뱅크 오브 마린 뱅코프,455933352,-0.46,28.03,HOLD,
97,금융,IMXI,US20180727001,인터내셔널 머니 익스프레스,449755764,-2.55,14.51,HOLD,인수 승인 진전
97,금융,AVBC,NYS0250801001,아비디아 뱅코프,447439686,-1.12,22.1,,
97,금융,ACIC,US20071107001,아메리칸 코스탈 인슈어런스,446602243,0.74,9.52,,
97,금융,PRTH,US20180727002,프라이오러티 테크놀로지 홀딩스,440138263,5.24,5.62,BUY,
97,금융,TREE,US20080812001,렌딩트리,440046934,-0.35,31.24,,
97,금융,GLAD,US20010824001,글래드스톤 캐피탈,439793803,0.93,19.5,BUY,
97,금융,PLBC,US20021211001,플루마스 뱅코프,434707149,-0.85,61.95,,
97,금융,CURR,US20220110009,커런시 그룹,433316200,-1.3,3.81,,
97,금융,ISTR,US20140701004,인베스타 홀딩,425757600,-0.16,30.86,BUY,
97,금융,MCGA,NAS0250908003,YORKVILLE ACQUISITION CORP.,425561699,0,10.29,,
97,금융,PBFS,US20190718004,파이어니어 뱅코프,424702387,1.05,17.28,,
97,금융,IIIV,US20180620003,I3 버티컬스,421062866,1.06,16.17,BUY,
97,금융,NEWT,US20000920001,뉴텍원,420202203,-0.39,12.78,HOLD,
97,금융,USCB,US20210721013,USCB 파이낸셜 홀딩스,415587458,0.62,22.64,,
97,금융,FRST,US20210331001,프리미스 파이낸셜,412569081,-0.54,16.55,BUY,
97,금융,PKBK,US20010905001,파크 뱅코프,410388288,0.49,35.07,,
97,금융,LSAK,US20220525002,레사카 테크놀로지스,409163952,-2.31,4.66,BUY,
97,금융,CHMG,US19990104002,셔멍 파이낸셜,399085049,0.99,83.61,BUY,
97,금융,FNLC,US19990714002,퍼스트 뱅코프,398971772,0.48,35.54,,
97,금융,CCAP,US20200203001,크레센트 캐피탈 BDC,398588688,0,10.82,BUY,
97,금융,MFI,NAS0240422002,MF 인터내셔널,398316629,7.3,8.52,,
97,금융,MVBF,US20171207003,MVB 파이낸셜,397888426,0.85,30.95,BUY,
97,금융,DGXX,US20211115001,디지 파워 X,395908680,-7.99,3.57,BUY,AI 매출목표 제시
97,금융,BOC,US20220222002,보스턴 오마하,395176757,5.95,13.9,,
97,금융,PCB,US20180810001,PCB 뱅코프,394288823,1.85,28.6,,
97,금융,CZFS,US20220603002,시티즌스 파이낸셜 서비시스,393795529,1.92,83.46,BUY,
97,금융,QD,US20171017001,하이 템플러 테크(ADR),389678971,-0.8,2.49,,
97,금융,CD,NAS0230228002,체인스 디지털 홀딩스,387131292,3.41,3.64,,비용 증가 적자 지속
97,금융,SLNH,US20211104022,솔루나 홀딩스,386232130,-13.53,1.15,,
97,금융,RILY,US20150716004,B 라일리 파이낸셜,385064863,0.7,7.16,,
97,금융,CNCK,US20210820003,코인체크 그룹,383514629,0.5,2.01,,
97,금융,WSBF,US20051005001,워터스톤 파이낸셜,379234882,0.47,21.2,,
97,금융,NWFL,US19980304001,노우드 파이낸셜,371572918,0.73,34.34,BUY,
97,금융,NECB,US20210713002,노스이스트 커뮤니티 뱅코프,368439279,0.56,26.92,BUY,
97,금융,FOA,US20210405020,파이낸스 오브 아메리카 컴퍼니스,364924935,-1.14,20.85,BUY,
97,금융,BRBS,US20191223002,블루 리지 뱅크셰어스,358679361,-1.0,3.96,,
97,금융,AVBH,NAS0250808001,애비드뱅크 홀딩스,358534602,0.15,32.7,,
97,금융,TSBK,US19980113001,팀버랜드 뱅코프,356594282,2.01,46.79,,
97,금융,CION,US20211005001,사이언 인베스트먼트,354676294,1.53,7.32,HOLD,
97,금융,OPRT,US20190925011,오포툰 파이낸셜,345750833,-1.46,7.41,BUY,
97,금융,PSFE,US20210331008,페이세이프,343833821,-2.83,6.52,HOLD,
97,금융,TCPC,US20120404001,블랙록 TCP 캐피탈,342250754,0.25,4.09,HOLD,
97,금융,FVCB,US20180914003,에프브이시뱅코프,337889359,0.48,18.83,BUY,
97,금융,VALU,US19830510001,밸류 라인,336836552,-0.36,35.76,,
97,금융,TWFG,NAS0240718007,TWFG,335847875,2.34,26.69,BUY,
97,금융,HRZN,US20101029001,호라이즌 테크놀로지 파이낸스,335098494,1.0,5.05,HOLD,
97,금융,BCML,US20180504001,베이컴,334084744,1.63,31.1,HOLD,
97,금융,COSO,NYS0250702002,코스탈사우스 뱅크셰어즈,332621706,-0.11,27.8,,
97,금융,PMTS,US20210805007,CPI 카드 그룹,330860048,-3.55,27.68,,
97,금융,FCCO,US19990309001,퍼스트 커뮤니티,326101522,-0.72,34.45,,
97,금융,JMSB,US20220427006,존 마셜 뱅코프,325780099,-0.65,22.94,,
97,금융,BKKT,US20211018004,백트 홀딩스,320826516,-2.67,6.93,,
97,금융,ONIT,US20060515002,오니티 그룹,319492648,-2.77,37.19,BUY,목표주가 하향
97,금융,FSBW,US20120710001,FS 뱅코프,318541100,0.51,43.09,HOLD,
97,금융,FDBC,US20171006001,피델리티 D 앤 D 뱅코프,316031997,1.19,55.07,,
97,금융,ISBA,NAS0250512005,이자벨라 뱅크,312717487,-0.15,40.94,,
97,금융,SPMC,NYS0240614001,사운드 포인트 메리디안 캐피탈,310570391,-3.06,9.19,,배당 삭감 부담
97,금융,NODK,US20170316001,NI 홀딩스,310494050,-0.2,15.19,,
97,금융,RM,US20120328002,리저널 매니지먼트,310474396,0.95,33.98,BUY,
97,금융,RPAY,US20190805001,리페이 홀딩스,309461597,4.84,3.68,BUY,
97,금융,MYFW,US20180718004,퍼스트 웨스턴 파이낸셜,308707923,1.68,32.15,BUY,
97,금융,LDI,US20210203006,론디포,295755519,-1.91,0.8581,SELL,
97,금융,BPRN,NAS0230111001,프린스턴 뱅코프,291270717,1.03,43.2,HOLD,
97,금융,FUNC,US19920908001,퍼스트 유나이티드,289909381,0.69,45.24,BUY,
97,금융,MTC,US20181227003,MM텍,288743429,7.93,3.13,,
97,금융,KINS,US19940426001,킹스톤,288013979,-0.3,19.84,BUY,
97,금융,XE,NAS2604024003,퍼스트 노던 커뮤니티 뱅코프,287676572,0,17.55,,
97,금융,OVLY,US20031015001,오크 밸리 뱅코프,287401294,0.64,34.39,,
97,금융,FXNC,US20190418001,퍼스트 내셔널,287223423,0.79,32.02,HOLD,
97,금융,FRAF,US20190501002,프랭클린 파이낸셜 서비시스,287192421,-0.36,63.61,BUY,
97,금융,KWY,US19980506001,킹스웨이 코퍼레이션,284042194,-0.31,9.79,,
97,금융,LCNB,US19991026001,LCNB,283471606,1.66,20.22,HOLD,
97,금융,ATLO,US19970811001,에임스 내셔널,282308316,0.91,32.17,HOLD,
97,금융,CFFI,US19980507001,C&F 파이낸셜,279456105,1.85,87.55,,
97,금융,WNEB,US20161024002,웨스턴 뉴 잉글랜드 뱅코프,279179802,0.29,13.97,HOLD,
97,금융,WDH,US20210507014,워터드롭(ADR),279052287,-0.01,0.9999,,
97,금융,NSLR,US20190801001,네오스텔라 캐피털 코퍼레이션,274998469,-2.6,10.12,,
97,금융,HWBK,US19990720001,호손 뱅크셰어스,273967833,0.23,39.8,,
97,금융,RMAX,US20131002004,리맥스 홀딩스,272809266,6.33,13.61,BUY,
97,금융,NKSH,US19991201001,내셔널 뱅크셰어스,271394574,1.36,43.19,BUY,
97,금융,RWAY,US20211021009,런웨이 그로스 파이낸스,270261577,3.72,6.69,HOLD,
97,금융,RMBI,US20190702001,리치먼드 뮤추얼 뱅코프,265742124,1.07,16.03,,
97,금융,MFIN,US20160511002,메달리언 파이낸셜,254804737,2.07,11.33,BUY,
97,금융,MBI,US19870701001,엠비아,251457752,0.81,4.97,HOLD,
97,금융,INBK,US20060405001,퍼스트 인터넷 뱅코프,251422390,2.32,29.52,HOLD,
97,금융,VABK,US20210405008,버지니아 내셔널 뱅크셰어스,250540654,2.68,47.43,,
97,금융,FBLA,NAS0241023003,FB 뱅코프,247622700,1.35,15.74,,
97,금융,BGIN,NAS0251021003,비긴 블록체인,246595379,-11.93,1.92,,
97,금융,SCM,US20121108003,스텔러스 캐피탈 인베스트먼트,244306059,0,8.58,,
97,금융,TROO,US20211116009,트룹스,244268539,-2.0,1.96,,
97,금융,PEBK,US19950818013,피플스 뱅코프 오브 노스 캐롤라이나,243530818,1.35,45.2,,
97,금융,OPHC,US20030508001,옵티멈뱅크 홀딩스,242923977,-0.59,10.03,BUY,
97,금융,MRBK,US20171107003,메리디언,238888179,0,20.03,,
97,금융,PNNT,US20220414007,페넌트파크 인베스트먼트,236974575,1.1,3.67,,
97,금융,RTB,US20210217006,RTB 디지털,236688547,-3.96,16.23,,
97,금융,EFSI,NAS0250207001,이글 파이낸셜 서비시즈,236383338,0,43.69,BUY,
97,금융,SNFCA,US19920303004,시큐리티 내셔널 파이낸셜,235394774,-0.23,8.58,,
97,금융,CFBK,US19981230001,CF 뱅크셰어스,233150820,-0.7,35.67,,
97,금융,OPBK,US20180328004,OP 뱅코프,231854351,0.13,15.55,,
97,금융,LX,US20171220002,렉신핀테크(ADR),224064544,-1.47,1.34,BUY,
97,금융,TPVG,US20140306003,트리플포인트 벤처 그로스 BDC,223449001,0.18,5.5,HOLD,
97,금융,LIEN,US20210727010,시카고 애틀랜틱 BDC,216293332,1.48,9.62,,
97,금융,FUFU,US20211209001,비트푸푸,214937567,0,1.29,BUY,실적 예상치 하회
97,금융,OVBC,US19960209001,오하이오 밸리 뱅코프,213881205,-0.79,45.05,,
97,금융,FCAP,US19990104003,퍼스트 캐피탈,212974009,-0.11,63.62,,
97,금융,CHMI,US20131004002,체리힐 모기지 인베스트먼트,208162295,-0.34,2.91,HOLD,
97,금융,OSG,US20200203006,옥타브 스페셜티 그룹,207643323,-0.43,4.59,BUY,EPS 가이던스 하향
97,금융,AOMR,US20210616008,엔젤 오크 모기지 리츠,207497004,-1.34,8.82,,
97,금융,MNSB,US20190417005,메인스트리트 뱅크셰어스,204220879,2.93,25.33,BUY,
97,금융,XYF,US20180918004,X 파이낸셜(ADR),204092443,0.57,5.33,,
97,금융,CZWI,US20040330001,시티즌스 커뮤니티 뱅코프,201840037,1.29,21.19,BUY,
97,금융,EXOD,AMX0241218003,엑소더스 무브먼트,199299245,-4.09,6.33,BUY,
97,금융,RBKB,US20190117001,라인벡 뱅코프,198222020,0.63,12.76,,
97,금융,CPSS,US19921022001,컨슈머 포트폴리오 서비시스,198045830,-0.33,9.16,,
97,금융,LARK,US19940328001,랜드마크 뱅코프,195114712,0.38,32.11,HOLD,
97,금융,FNWD,US20211103006,핀워드 뱅코프,194943756,-0.04,44.98,,
97,금융,CIA,US19881230001,시티즌스 A,193415663,-0.52,3.8,,
97,금융,HNVR,US20220510005,하노버 뱅코프,193277637,1.24,27.74,HOLD,
97,금융,FINW,US20210811001,핀와이즈 뱅코프,190291195,2.41,14.04,BUY,
97,금융,CBFV,US20141103001,CB 파이낸셜 서비시스,189604513,-0.16,37.26,BUY,
97,금융,GSIW,NAS0231201002,가든 스테이지,188898172,-3.33,17.13,,
97,금융,JRVR,US20141211001,제임스 리버 그룹 홀딩스,185841497,0.75,4.05,HOLD,
97,금융,EBMT,US20000406001,이글 뱅코프 몬태나,185555198,0.99,23.53,,
97,금융,WHG,US20020701002,웨스트우드 홀딩스 그룹,185193313,0.82,19.57,,
97,금융,BVFL,NAS0230801008,BV 파이낸셜,180893746,2.34,21.86,,
97,금융,DEFT,NAS0250512003,디파이 테크놀로지스,180425094,-4.65,0.4434,BUY,
97,금융,ECBK,US20220727002,ECB 뱅코프,180307938,0.48,20.74,,
97,금융,SBFG,US19940405002,SB 파이낸셜 그룹,169420160,-1.44,26.71,,
97,금융,BAFN,US20211130003,베이퍼스트 파이낸셜,164438306,5.57,6.44,,
97,금융,FGBI,US20151104002,퍼스트 개런티 뱅크셰어스,163466929,9.17,9.05,HOLD,
97,금융,BCBP,US20020522001,BCB 뱅코프,161795983,-0.22,8.92,HOLD,
97,금융,SRBK,NAS0230920008,SR 뱅코프,158970787,0.9,20.22,,
97,금융,OXSQ,US20180323001,옥스포드 스퀘어 캐피탈,152912619,1.41,1.44,,
97,금융,WHF,US20121205001,화이트호스 파이낸스,152021182,-0.42,7.05,,
97,금융,WTF,NAS0250401009,와튼 파이낸셜 리미티드,144922875,-2.0,2.94,,
97,금융,LSBK,US20060404001,레이크 쇼어 뱅코프,134860214,-0.29,17.12,,
97,금융,PNBK,US19940831001,패트리엇 내셔널 뱅코프,128214390,-2.78,1.05,,
97,금융,SLQT,US20200521002,셀렉쿼트,128107130,4.0,0.7557,,
97,금융,RDZN,US20220113004,로드젠,127720514,2.67,1.54,,
97,금융,BOTJ,US20000810001,제임스 파이낸셜 그룹,125960055,-1.01,27.45,,
97,금융,MGYR,US20060124002,매자르 뱅코프,125788744,0.05,19.5,,
97,금융,AIB,AMX0231110001,AIB 데이터센터,124579909,-24.39,1.24,BUY,
97,금융,UNB,US19990809001,유니언 뱅크셰어스,120752493,-0.86,24.21,,
97,금융,SAMG,US20130627002,실버크레스트 에셋 매니지먼트 그룹,120347795,2.17,10.38,,
97,금융,SFBC,US20120824001,사운드 파이낸셜 뱅코프,118875185,1.53,47.01,,
97,금융,BSBK,US20200115001,보고타 파이낸셜,118017121,-0.86,9.17,,
97,금융,INV,NAS0241003003,인벤처,117163687,-4.35,1.32,,
97,금융,JFIN,US20190509001,자인 그룹(ADR),116146965,4.05,2.31,,
97,금융,PROV,US19960628002,프로비던트 파이낸셜 홀딩스,112415592,0.17,17.98,HOLD,
97,금융,FNWB,US20150129002,퍼스트 노스웨스트 뱅코프,108409425,0,11.4,,
97,금융,AIFU,US20161207001,AIFU,106508346,-20.58,13.7,,
97,금융,SUNS,NAS0240710005,선라이즈 리얼티 트러스트,104860770,1.93,7.91,,
97,금융,RVSB,US19971001001,리버뷰 뱅코프,102537635,0.39,5.16,,
97,금융,PBHC,US19960530005,패트파인더 뱅코프,102131867,1.6,16.53,,
97,금융,FDSB,NAS0240801004,피프스 디스트릭트 뱅코프,95844576,-0.33,18.25,,
97,금융,BCIC,US20190402007,BCP 인베스트먼트,94467235,0,7.63,HOLD,
97,금융,ANTA,NAS0250513001,앤트알파 플랫폼 홀딩 컴퍼니,92831354,5.68,4.09,BUY,
97,금융,AUBN,US19950911001,오번 내셔널 뱅코프,91478111,0,26.26,,
97,금융,PDCC,NYS0240718002,펄 다이버 크레딧 컴퍼니,91455716,-0.78,8.89,BUY,
97,금융,FUSB,US20161011001,퍼스트 유에스 뱅크셰어스,90753408,1.39,16.72,,
97,금융,PFX,US20210104004,피닉스핀,89070737,1.65,46.89,,
97,금융,ASRV,US19900327001,아메리서브 파이낸셜,88952498,-3.05,5.08,,
97,금융,UBCP,US19950818019,유나이티드 뱅코프,87620136,0.13,15.3,,
97,금융,SSBI,US20060714001,서밋 스테이트 뱅크 산타로사,87406146,0,12.92,,
97,금융,IOR,US20170703002,인컴 오퍼튜니티 리얼티 인베스터스,81387627,-0.25,19.97,,
97,금융,FSEA,NAS0230120004,퍼스트 시코스트 뱅코프,80334545,0,17.08,,
97,금융,SIEB,US19961112001,시버트 파이낸셜,79718913,6.19,2.06,,
97,금융,GECC,US20161104004,그레이트 엘름 캐피탈,79710264,2.26,5.87,,
97,금융,HNNA,US20140428001,헤네시 어드바이저스,78869289,0.6,10.04,,
97,금융,FRMM,US20201109002,포럼 마켓츠,77725323,-8.32,5.4,BUY,
97,금융,HFBL,US20070620001,홈 페더럴 뱅코프 오브 루이지아나,73888447,0,24.2,,
97,금융,NSTS,US20220119007,NSTS 뱅코프,72950522,0.07,13.9,,
97,금융,BYFC,US19960109001,브로드웨이 파이낸셜,71432347,0.35,11.6,,
97,금융,CLST,US20211012002,캐털리스트 뱅코프,71020001,-0.45,17.53,,
97,금융,NCTY,US20041215001,더 나인(ADR),70699772,-6.91,4.31,,
97,금융,USIO,US20190701001,유시오,69798964,0.41,2.46,BUY,
97,금융,SUIG,US20220809009,수이 그룹 홀딩,62819110,4.29,0.8532,,
97,금융,ASPS,US20090806001,알티소스 포트폴리오 솔루션즈,61884395,-1.11,5.36,BUY,
97,금융,KG,US20080506001,케스트럴 그룹,59450022,5.13,7.99,,
97,금융,AIFC,US20190911002,AI 파이낸셜,59208208,11.0,0.4701,,
97,금융,AURE,NAS0230630006,프레스티지 웰스,59175947,-0.58,1.7,,
97,금융,BTCS,US20210914001,BTCS,55736598,-3.57,1.08,,
97,금융,VRM,NAS0250220005,브룸,50553160,-2.48,9.42,,
97,금융,TCBS,US20210715015,텍사스 커뮤니티 뱅크셰어스,50003574,0.4,17.48,,
97,금융,SDEV,AMX0221116004,스테이블코인 디벨롭먼트,49592612,-5.14,0.9296,,
97,금융,OFS,US20121108002,OFS 캐피탈,47687046,-0.28,3.55,HOLD,
97,금융,LOAN,US19990513001,맨해튼 브리지,46948887,-0.73,4.08,,
97,금융,MGLD,US20220310003,더 메리골드 컴퍼니스,44728233,-0.96,1.03,,
97,금융,RMCO,NAS0231106003,로열티 매니지먼트 홀딩스,44294915,1.71,2.97,,
97,금융,KFFB,US20050303001,캔터키 퍼스트 페더럴 뱅코프,44144104,0,5.46,,
97,금융,CCG,NAS0230918003,처처 그룹,42558164,0.06,17.0,,
97,금융,HGBL,US20200831001,헤리티지 글로벌,40519559,0.85,1.18,,
97,금융,GROW,US19960603001,US 글로벌 인베스터스,39436981,0.63,3.2,,
97,금융,COHN,US20170905001,코헨 앤 컴퍼니,39352800,0.16,12.21,BUY,
97,금융,STKE,NAS0250909003,솔 스트래터지스,38799180,2.97,1.04,,
97,금융,SAIH,US20220502003,사이히트,36453330,2.22,20.28,,
97,금융,BENF,US20211203001,베네피선트,35077051,3.96,2.36,,
97,금융,VIP,US20210915006,벌컨 인프라스트럭처 앤 파워,34825131,-5.29,1.79,,
97,금융,AMTD,US20220131001,AMTD 아이디어 그룹(ADR),32037093,-0.94,0.7471,,
97,금융,RAND,US19950818015,랜드 캐피탈,30048146,0.3,10.15,,
97,금융,MEGL,US20220804001,매직 엠파이어 글로벌,29694602,-0.85,1.17,,
97,금융,AAME,US19840907001,애틀랜틱 아메리칸,28957924,0,1.42,,
97,금융,JFU,NAS0230118004,9F(ADR),27308342,25.43,2.91,,
97,금융,BCG,NAS0240327001,비나 캐피탈 그룹,26608162,-2.56,1.52,,
97,금융,GRAN,NAS0250701002,그란데 그룹,25076558,11.9,1.41,,
97,금융,FLD,US20220207004,폴드 홀딩스,25054807,-1.01,0.4504,,
97,금융,AIHS,US20180316005,센미아오 테크놀로지,21831605,0,1.5,,
97,금융,ORIO,US20180418002,오리온 디지털,21271442,-7.91,0.82,,
97,금융,MF,NAS0240327005,마인드포지,21084700,7.93,12.52,,
97,금융,LICN,NAS0230202007,리천 차이나,20870342,-0.79,1.26,,
97,금융,GRNQ,US20180613008,그린프로 캐피털,18196512,19.72,12.02,,
97,금융,CNF,US20181106002,CN파이낸스 홀딩스(ADR),17853371,1.31,2.32,,
97,금융,AIXC,NAS0221123002,AIxCRYPTO 홀딩스,14367845,83.05,1.3,,
97,금융,MPU,AMX0230206001,메가 매트릭스,13833787,-1.19,0.2,,
97,금융,HUIZ,US20200211002,후이쩌 홀딩(ADR),13236153,-6.87,1.22,,
97,금융,EBON,US20200626002,이방 인터내셔널 홀딩스,13085101,0.5,2.01,,
97,금융,OXBR,US20140512002,옥스브리지 리 홀딩스,11147486,0,1.37,BUY,내부자금 의존 부담
97,금융,ZBAO,NAS0240402009,즈바오 테크놀로지,10699694,-5.68,0.206,,PIPE 희석 부담
97,금융,CAN,US20191120001,카난(ADR),8913043,-1.75,0.2245,,
97,금융,AZI,NAS0240828001,오토지 인터넷 테크놀로지,7935895,-7.2,1.16,,
97,금융,RITR,NAS0240820006,리타 로그텍 홀딩스,7604036,-33.74,0.0807,,
97,금융,SURG,US20211102008,서지페이스,6972359,-3.71,0.2673,BUY,분기보고서 지연
97,금융,OLB,US20200807003,OLB 그룹,6913982,-5.07,0.2733,,적자폭 축소
97,금융,DPU,NAS0230330007,탑 킹윈,6912053,0.87,2.32,,
97,금융,BTCT,US20200331004,BTC 디지털,6904981,5.4,0.4649,BUY,
97,금융,TGL,US20220811005,트레저 글로벌,5570089,-6.32,2.67,,
97,금융,SNTG,US20210708010,센티지 홀딩스,5300940,-3.17,1.83,,
97,금융,IPST,NAS0241122001,IP 스트래티지 홀딩,5069056,115.56,15.93,,손실 확대 예비공시
97,금융,EZRA,NAS0230223001,릴라이언스 글로벌 그룹,3539161,6.79,2.36,,
97,금융,AGMH,US20180418001,AGM 그룹 홀딩스,3487744,-1.56,0.9549,,
97,금융,BTOG,US20220215001,비트 오리진,3410846,-4.87,0.78,,
97,금융,DXF,US20180305002,이슨 테크놀로지(ADR),2649879,1.64,0.5145,,
97,금융,PMAX,NAS0240905004,파월 맥스,2023663,-1.69,1.16,,
97,금융,SHFS,US20220929002,SHF 홀딩스,2008612,1.23,0.1649,,
97,금융,MI,AMX0230918004,NFT,1872890,-14.3,6.95,,유닛 매각 추진
97,금융,ARBK,US20210922001,아르고 블록체인(ADR),959005,-0.7,2.85,,
97,금융,LGHL,US20200617002,라이언 그룹 홀딩스(ADR),684629,-25.2,0.555,,
9,호텔과 리조트,MAR,US20131021001,메리어트,92961724719,0.24,357.42,BUY,
9,호텔과 리조트,HLT,US20131212003,힐튼 월드와이드 홀딩스,73382609199,0.5,327.74,BUY,
9,호텔과 리조트,LVS,US20041215002,라스베이거스 샌즈,29418827141,0.09,45.47,BUY,
9,호텔과 리조트,IHG,US20030408001,인터컨티넨탈 호텔스 그룹(ADR),23801850039,-0.54,159.38,BUY,
9,호텔과 리조트,H,US20091105001,하얏트 호텔,17109763489,-1.59,178.72,BUY,목표주가 하향
9,호텔과 리조트,HST,US20201102001,호스트 호텔 앤 리조트,15624374718,0.44,22.91,BUY,
9,호텔과 리조트,HTHT,US20100326001,화주호텔 그룹(ADR),14313346394,-1.5,45.91,BUY,
9,호텔과 리조트,MGM,US19971113001,MGM 리조트 인터내셔널,11012395909,-1.05,43.32,BUY,목표주가 상향
9,호텔과 리조트,WYNN,US20021025001,윈 리조트,10582442470,-1.49,101.26,BUY,
9,호텔과 리조트,LTH,US20211006010,라이프 타임 그룹 홀딩스,10129616948,0.13,45.4,BUY,목표가 상향
9,호텔과 리조트,CZR,US20120208002,시저스 엔터테인먼트,6041065352,-0.03,29.65,HOLD,
9,호텔과 리조트,BYD,US19931022001,보이드 게이밍,6012413810,-0.35,82.48,BUY,
9,호텔과 리조트,WH,US20180601008,윈덤 호텔 앤 리조트,5411811777,0.58,73.36,,
9,호텔과 리조트,MTN,US19970204003,베일 리조트,5222767533,2.17,149.78,HOLD,
9,호텔과 리조트,ATAT,US20210630002,에이투어 라이프스타일 홀딩스(ADR),4799946658,-0.65,35.06,BUY,
9,호텔과 리조트,CHH,US19971016001,초이스 호텔스 인터내셔널,4721753556,2.14,107.18,HOLD,목표가 상향
9,호텔과 리조트,TNL,US20210217018,트래블 플러스 레저,4509183777,-1.94,72.26,BUY,
9,호텔과 리조트,VAC,US20111108001,메리어트 베케이션 월드와이드,4108337792,-3.71,115.04,BUY,
9,호텔과 리조트,HGV,US20170104001,힐튼 그랜드 베이케이션스,3490628478,-3.18,43.49,HOLD,지분 공시와 논의
9,호텔과 리조트,OSW,US20190320001,원스파월드 홀딩스,2711978059,-1.95,26.2,BUY,
9,호텔과 리조트,MCRI,US19930806001,모나크 카지노 앤 리조트,2215649939,-0.36,123.21,HOLD,
9,호텔과 리조트,TH,US20190318002,타겟 호스피털리티,1799813641,-3.32,17.47,BUY,비중확대 의견
9,호텔과 리조트,HBNB,NAS0250701003,호텔101 글로벌,1275206123,0.73,5.49,,
9,호텔과 리조트,FBYD,NAS0231006002,팰컨스 비욘드 글로벌,1231732796,4.04,10.57,,대형 계약 확보
9,호텔과 리조트,INN,US20110209002,서밋 호텔 프라퍼티스,824433301,1.34,6.03,,
9,호텔과 리조트,MSC,US20181017004,스튜디오 시티 인터내셔널 홀딩스(ADR),383422032,0.55,1.83,,
9,호텔과 리조트,BHR,US20180424001,브레이마 호텔 앤 리조트,210446456,-0.97,2.05,,
9,호텔과 리조트,INTG,US19950818006,인터그룹,75536214,-1.17,34.75,,
9,호텔과 리조트,GHG,US20180326006,그린트리 호스피털리티 그룹(ADR),35871524,-0.89,1.11,,
9,호텔과 리조트,IHT,US19871230002,인스윗 호스피탈리티,15041344,2.5,1.64,,
13,의류제조,GIL,US19980617001,질단 액티브웨어,10348012423,-0.23,55.76,BUY,
13,의류제조,CAL,US20150601001,컬레러스,445977239,-2.71,12.92,,
13,의류제조,MAMK,NAS0250707008,맥스메이킹 ,216079184,0,13.0,,
13,의류제조,LAKE,US19860909001,레이크랜드 인더스트리스,116036765,0,11.76,BUY,
13,의류제조,JRSH,US20180504002,저라쉬 홀딩스,71612478,-5.5,5.33,,
13,의류제조,JL,NAS0240124004,J 롱 그룹,16510743,-2.05,4.3,,
813,바이오서비스,TMO,US19800827001,써모 피셔 사이언티픽,216444840817,0.6,589.04,BUY,
813,바이오서비스,A,US19991118002,애질런트 테크놀로지스,41918134221,-0.01,148.44,BUY,
813,바이오서비스,IQV,US20171115001,아이큐비아 홀딩스,39699686510,-0.5,240.03,BUY,
813,바이오서비스,LH,US19910424002,랩코프 홀딩스,26217315165,-0.36,322.18,BUY,
813,바이오서비스,MEDP,US20160811002,메드페이스 홀딩스,16663074377,-1.14,590.3,HOLD,
813,바이오서비스,CRL,US20000623001,찰스 리버 래버러토리스 인터내셔널,13680969506,-2.6,279.19,BUY,
813,바이오서비스,ICLR,US19980515001,아이콘,13071009280,-1.41,167.06,BUY,
813,바이오서비스,TECH,US19921209001,바이오 테크네,11276742100,-0.23,72.22,HOLD,
813,바이오서비스,RGEN,US19860429001,레플리젠,9537855070,-1.66,166.24,BUY,
813,바이오서비스,TWST,US20181030002,트위스트 바이오사이언스,8242641758,-6.72,116.05,BUY,
813,바이오서비스,CAI,NAS0250618002,카리스 라이프 사이언시스,6111238112,-3.05,20.97,BUY,
813,바이오서비스,ABCL,US20201210001,앱셀레라 바이오로직스,3626972901,-0.45,11.15,BUY,2차공모 부담
813,바이오서비스,ADMA,US20141110001,ADMA 바이오로직스,2091573436,2.25,9.55,BUY,
813,바이오서비스,NEO,US19960125002,네오지노믹스,2075722996,-1.49,15.92,BUY,
813,바이오서비스,FTRE,NAS0230703004,포트리아 홀딩스,1720945109,-2.76,17.6,BUY,
813,바이오서비스,MRVI,US20201119003,마라바이 라이프사이언시스 홀딩스,1474633524,1.06,5.74,BUY,
813,바이오서비스,AZTA,US20211201001,어젠타,1470773990,-1.76,32.99,BUY,
813,바이오서비스,MLAB,US19950818010,메사 래버러토리스,602211652,0.28,107.94,,
813,바이오서비스,CERS,US19970131001,세러스,598402068,-7.07,2.76,BUY,
813,바이오서비스,OABI,US20221102004,옴니앱,555273585,2.62,3.92,,
813,바이오서비스,EVH,US20150605002,에볼런트 헬스,498485973,3.85,4.58,BUY,
813,바이오서비스,DNA,US20210917003,깅코 바이오웍스 홀딩스,445140334,-5.64,6.53,SELL,
813,바이오서비스,TKNO,US20210624008,알파 테크노바,387546964,-5.82,6.8,BUY,
813,바이오서비스,PACB,US20101027001,퍼시픽 바이오사이언시스 캘리포니아,376025489,-4.96,1.15,BUY,
813,바이오서비스,LAB,US20220406001,스탠더드 바이오툴스,268663229,-3.29,0.662,BUY,
813,바이오서비스,EBS,US20061115001,이머전트 바이오솔루션즈,230681100,3.56,4.66,,
813,바이오서비스,LFCR,NAS0221115005,라이프코어 바이오메디컬,171816461,-3.74,4.37,BUY,
813,바이오서비스,SEER,US20201203005,시어,112381361,-0.49,2.02,BUY,
813,바이오서비스,RPID,US20210714014,래피드 마이크로 바이오시스템즈,77730830,1.29,1.57,,
813,바이오서비스,EXOZ,NAS0241113002,엑소자임스,55954730,5.97,6.39,,
813,바이오서비스,PRPO,US20170630002,프리시피오,42776423,3.51,24.74,,
813,바이오서비스,CCEL,US20220830002,크라이오셀 인터내셔널,29825481,6.22,3.93,,
813,바이오서비스,HBIO,US20001207001,하버드 바이오사이언스,29583710,7.38,6.98,BUY,
813,바이오서비스,ADVB,NAS0250306001,어드밴스드 바이오메드,13594172,5.1,8.65,,
813,바이오서비스,ISPC,US20210616002,아이스페시맨,5413821,8.84,2.34,,
453,닭고기,TSN,US19860709003,타이슨 푸드,20614715697,-1.06,57.99,HOLD,
453,닭고기,PPC,US19871230001,필그림스 프라이드,6843563208,-0.94,28.5,HOLD,JBS 인수 제안
129,화학,ITW,US19730313001,일리노이 툴 웍스,81800000018,-0.91,284.66,HOLD,
129,화학,APD,US19611113001,에어 프로덕츠 앤 케미컬스,66982966216,0.79,303.23,BUY,
129,화학,OXY,US19860522001,옥시덴탈 페트롤리움,59006079376,1.29,59.8,BUY,목표가 상향
129,화학,CTVA,US20190603004,코르테바,50702817486,2.5,77.91,BUY,상방 가능성 확대
129,화학,KMB,US19460822001,킴벌리클라크,35880996175,-0.17,107.73,HOLD,
129,화학,NTR,US20180102005,뉴트리엔,32581767669,1.63,69.4,BUY,
129,화학,DOW,US20190402005,다우,22633358951,-0.48,31.19,HOLD,목표가 상향
129,화학,LYB,US20100428001,라이온델바젤 인더스트리스,20905813991,0.93,65.33,HOLD,
129,화학,DD,US20190603005,듀폰,19316502771,-2.98,138.81,BUY,
129,화학,ALB,US20100510001,알버말,18324272307,-0.96,132.71,BUY,
129,화학,CF,US20050811001,CF 인더스트리스 홀딩스,17820826416,1.65,119.72,HOLD,
129,화학,NDSN,US19900326036,노드슨,17259432326,-1.81,304.23,BUY,
129,화학,RPM,US19900326068,RPM 인터내셔널,14333379575,-1.5,110.55,BUY,
129,화학,CSL,US19860602002,칼라일,14321851123,-1.2,356.36,BUY,
129,화학,SQM,US19930921001,SQM 우선주 B(ADR),10723426011,-0.84,74.47,HOLD,
129,화학,WLK,US20040811002,웨스트레이크,9992849243,-0.88,77.52,HOLD,
129,화학,ESI,US20190201001,엘리먼트 솔루션즈,9555531596,-4.92,37.29,BUY,
129,화학,AVTR,US20190516001,어밴터,9128908745,-1.26,13.33,HOLD,
129,화학,EMN,US19940101001,이스트만 케미컬,8458704339,-1.31,73.0,BUY,
129,화학,AXTA,US20141112001,엑솔타 코팅 시스템즈,7726623822,-1.91,35.42,BUY,
129,화학,SSL,US20030409001,사솔(ADR),7417883192,1.2,11.85,,
129,화학,ICL,US20140924002,ICL 그룹,7045828330,-0.92,5.41,HOLD,
129,화학,MOS,US20041025001,모자이크,6747493899,-0.42,21.14,HOLD,
129,화학,SXT,US19880105006,센시언트 테크놀로지스,5678803056,-2.48,130.14,BUY,
129,화학,CSW,US20151002001,CSW 인더스트리얼스,5582757222,-3.13,331.99,,
129,화학,PRM,US20211109018,페리미터 솔루션스,5333425979,-2.42,31.8,BUY,
129,화학,CE,US20050121001,셀라니즈,4936557487,-0.76,44.65,BUY,
129,화학,CBT,US19680823001,캐보트,4459973360,-2.48,84.26,HOLD,
129,화학,MEOH,US19920519001,메타넥스,4431259071,0.45,57.55,BUY,
129,화학,PAM,US19900918001,팜파 에네르히아(ADR),4342317950,-1.08,79.0,BUY,
129,화학,CLMT,NAS0240711002,캘러멧,4248978706,5.09,50.81,BUY,목표가 상향
129,화학,AVNT,US20200713001,애비엔트,4161842048,-4.25,43.46,BUY,
129,화학,OTTR,US19900326040,오터 테일,3888299842,-1.53,91.21,HOLD,
129,화학,SMG,US19920131001,스코츠 미라클 그로,3445909587,0.59,59.55,BUY,
129,화학,FUL,US19900326059,HB 풀러,3419078646,-5.8,59.89,BUY,
129,화학,ASH,US19500508001,애쉬랜드,3395774249,-0.73,73.63,BUY,
129,화학,KWR,US19960823002,퀘이커 호턴,2924001058,-2.98,164.89,BUY,
129,화학,HWKN,US19931027001,호킨스,2745956921,-5.21,124.71,BUY,
129,화학,NGVT,US20160516001,인제비티,2604950382,-2.37,73.99,BUY,
129,화학,CC,US20150702005,케무어스,2365342679,-1.91,15.42,HOLD,하반기 전망 하향
129,화학,IOSP,US19980513001,이노스펙,2310641216,-0.29,93.56,,
129,화학,OLN,US19740524001,올린,2166347806,-2.79,18.48,HOLD,합병 시너지 부각
129,화학,HUN,US20050211001,헌츠맨,1807770231,-2.52,10.05,HOLD,
129,화학,PCT,US20210318012,퓨어사이클 테크놀로지스,1531703438,-4.58,6.88,HOLD,
129,화학,SCL,US19960314002,스테판,1470938107,-1.99,63.43,,
129,화학,ODC,US19931220001,오일 드리 코퍼레이션 오브 아메리카,1340466303,-1.38,91.26,,
129,화학,UAN,US20110408002,CVR 파트너스,1292286906,-0.96,121.11,,
129,화학,FMC,US19860529001,FMC,1274538981,-0.59,10.12,HOLD,
129,화학,MYE,US19870908001,마이어스 인더스트리스,1242637557,-2.69,32.15,,
129,화학,ECVT,US20210803005,에코비스트,1136980625,-0.77,10.31,BUY,
129,화학,GPRE,US20060315001,그린 플레인스,1131098768,0.25,16.18,BUY,
129,화학,CMP,US20031212001,컴퍼스 미네랄스 인터내셔널,1081198068,-4.04,24.72,HOLD,
129,화학,FTK,US19980430001,플로텍 인더스트리스,1037857439,-5.72,27.02,BUY,PREPA 해지 우려
129,화학,KRO,US20031205001,크로노스 월드와이드,930941517,-1.98,7.93,,
129,화학,TROX,US20101201001,트로녹스 홀딩스,922870492,-4.15,5.54,HOLD,
129,화학,KOP,US20060201002,코퍼스 홀딩스,897163677,-4.24,45.44,,
129,화학,LXU,US19950818026,LSB 인더스트리스,755813537,-2.57,10.23,BUY,
129,화학,MATV,US20220706002,마티브 홀딩스,674831815,-1.31,12.07,,
129,화학,ASPI,US20221018001,ASP 아이소토프,616173061,-4.23,3.85,,
129,화학,RYAM,US20140701006,레이어니어 어드밴스드 머티리얼스,562680506,0.84,8.39,BUY,
129,화학,IPI,US20080422001,인트레피드 포타시,492409862,-0.52,36.41,HOLD,
129,화학,VHI,US19671023001,밸히,460121826,2.4,16.64,,
129,화학,ASIX,US20161003002,어드밴식스,451094172,0.06,16.56,,
129,화학,OEC,US20140724006,오라이언,352061767,-2.57,6.07,HOLD,
129,화학,BAK,US20191024006,브라스켐(ADR),346712154,-1.99,1.97,HOLD,유동성 부담 완화
129,화학,HDSN,US19941101002,허드슨 테크놀로지스,258789693,-8.29,5.64,,
129,화학,CDXS,US20100422002,코덱시스,174077256,-6.29,1.49,,
129,화학,ACNT,US20220811001,어센트 인더스트리스,136284127,0,15.13,,
129,화학,GRO,AMX0241127001,브라질 포태시,133156129,-1.4,2.12,BUY,
129,화학,CITR,AMX0251204001,제너럴 엔터프라이즈 벤처스,129204010,5.41,6.04,BUY,
129,화학,WFF,NAS0250327005,WF 홀딩,84660316,8.42,2.19,,
129,화학,LNZA,NAS0230210006,란자테크 글로벌,82444246,-1.11,6.23,,인증 지연 부담
129,화학,NTIC,US19930913001,노던 테크놀로지스 인터내셔널,76430128,0,8.05,,
129,화학,FSI,US19991013001,플렉서블 솔루션즈 인터내셔널,68829170,-2.6,5.25,,적자 전환
129,화학,AVD,US19870303001,아메리칸 뱅가드,65772463,-2.69,2.17,,
129,화학,VGAS,NAS0230216003,버드 클린 퓨얼스,61020042,-3.65,1.32,,
129,화학,EXOZ,NAS0241113002,엑소자임스,55954730,5.97,6.39,,
129,화학,DSWL,US19950719001,데스웰 인더스트리,49392620,-0.32,3.1,,
129,화학,FTEK,US19930907001,퓨얼 테크,44942646,-2.08,1.41,,
129,화학,BIOX,US20210427001,바이오케레스 크랍 솔루션즈,27888012,-5.22,0.4143,,
129,화학,PLAG,US20181001007,플래닛 그린 홀딩스,11999903,-3.4,0.8146,,
129,화학,BGLC,NAS0230720001,바이오넥서스 진 랩,4666410,-3.14,1.54,,
129,화학,NXTS,US20210514009,넥센티스 테크놀로지,2818868,0.52,1.95,,
463,금융그룹,JPM,US19690401002,제이피모건 체이스,967120880212,0.63,363.25,BUY,영국 은행세 부담
463,금융그룹,BAC,US19730102001,뱅크오브아메리카,459602765304,0.53,64.23,BUY,
463,금융그룹,HSBC,US20131118003,HSBC(ADR),356520045087,-0.6,103.18,BUY,
463,금융그룹,WFC,US19621210001,웰스파고,273461330518,-0.16,87.4,BUY,
463,금융그룹,MUFG,US20180402002,미쓰비시 UFJ 파이낸셜(ADR),259162412254,-1.35,22.72,,
463,금융그룹,SAN,US19880105004,방코 산탄데르(ADR),208899097308,-2.4,14.24,BUY,
463,금융그룹,UBS,US19900208001,UBS 그룹,175128775564,-0.88,52.97,BUY,
463,금융그룹,SMFG,US20060127001,스미토모 미쓰이 파이낸셜 그룹(ADR),165690131024,-1.64,25.81,,
463,금융그룹,BBVA,US19881214001,방코 빌바오 비스카야 아르헨타리아(ADR),160531852460,-0.03,28.79,SELL,
463,금융그룹,SONY,US20210401017,소니(ADR),138727278331,-1.14,23.43,,
463,금융그룹,COF,US19941115001,캐피탈 원 파이낸셜,138485703930,0.01,221.47,BUY,
463,금융그룹,MFG,US20061108002,미즈호 파이낸셜 그룹(ADR),131539929500,-1.66,10.65,,
463,금융그룹,USB,US19730503007,US 뱅코프,106079071045,-0.12,64.79,BUY,
463,금융그룹,ING,US19970613002,ING 그룹(ADR),102571273903,-0.39,35.49,BUY,
463,금융그룹,PNC,US19871021001,PNC 파이낸셜 서비시스,101529583206,-0.11,254.28,BUY,
463,금융그룹,BCS,US19860909002,바클레이즈(ADR),93614152424,-1.55,27.37,BUY,
463,금융그룹,LYG,US20000417001,로이즈 뱅킹 그룹(ADR),89279819326,-1.46,6.06,HOLD,
463,금융그룹,DB,US20011003001,도이치뱅크,72816632753,-0.08,38.09,BUY,
463,금융그룹,TFC,US20191209005,트루이스트 파이낸셜,64158410328,-0.23,52.41,HOLD,
463,금융그룹,STT,US19950214001,스테이트 스트리트,53435298876,-0.61,191.87,BUY,
463,금융그룹,SLF,US20000323001,선 라이프 파이낸셜,44724459712,-0.37,80.41,BUY,
463,금융그룹,KB,US20011102001,KB 파이낸셜 그룹 (ADR),42507065542,-2.19,117.68,,
463,금융그룹,RKT,US20200806007,로켓 컴퍼니스,41050111286,-3.52,13.99,BUY,
463,금융그룹,MTB,US19960919001,M&T 뱅크,38580445831,-0.54,251.5,HOLD,
463,금융그룹,HBAN,US19900326022,헌팅턴 뱅크셰어스,37182635525,-1.62,17.66,BUY,아웃퍼폼 재확인
463,금융그룹,SHG,US20030916001,신한 파이낸셜 그룹(ADR),35633106812,-1.4,74.86,,
463,금융그룹,RJF,US19860411001,레이먼드 제임스 파이낸셜,34517761119,-0.1,179.3,HOLD,
463,금융그룹,CFG,US20140924001,시티즌스 파이낸셜 그룹,32420453035,-1.14,73.46,BUY,
463,금융그룹,BAP,US19951026001,크레디코프,30016428552,-2.6,368.44,BUY,
463,금융그룹,NMR,US20011217001,노무라 홀딩스(ADR),28664552243,-1.63,9.65,BUY,
463,금융그룹,RF,US19811101001,리전스 파이낸셜,28242277154,0,31.7,HOLD,
463,금융그룹,FCNCA,US19920225004,퍼스트 시티즌스 뱅크셰어스,23962279007,-1.8,2207.68,HOLD,
463,금융그룹,WF,US20190213002,우리 파이낸셜 그룹(ADR),17689729402,-1.26,70.58,,
463,금융그룹,SF,US19861124001,스티펄 파이낸셜,13204278147,-0.31,83.73,BUY,
463,금융그룹,WBS,US19861212001,웹스터 파이낸셜,13003148176,-0.91,77.97,HOLD,
463,금융그룹,FHN,US19730131001,퍼스트 호라이즌,12962033322,-0.77,25.82,BUY,
463,금융그룹,UMBF,US19900327006,UMB 파이낸셜,11858372738,-1.29,149.99,BUY,
463,금융그룹,WTFC,US19980416002,윈트러스트 파이낸셜,11299776166,-1.32,158.84,BUY,
463,금융그룹,BPOP,US19900326002,파퓰러,11280662783,-0.81,175.47,BUY,
463,금융그룹,CFR,US19860630001,컬런 프로스트 뱅커스,10542710933,-0.44,167.33,HOLD,
463,금융그룹,ZION,US19900326058,자이언스 뱅코프,10493820915,-0.89,70.94,HOLD,
463,금융그룹,BOKF,US19950110001,BOK 파이낸셜,8853070750,-0.51,144.97,HOLD,
463,금융그룹,OMF,US20151127002,원메인 홀딩스,7493362893,-0.64,64.73,BUY,
463,금융그룹,UBSI,US19900326051,유나이티드 뱅크셰어스,6670277434,-0.43,48.77,HOLD,
463,금융그룹,FLG,US19931123001,플래그스타 파이낸셜,6302921301,-1.29,13.82,BUY,
463,금융그룹,ABCB,US19940519001,아메리스 뱅코프,5973961907,-0.94,88.2,HOLD,
463,금융그룹,FFIN,US19931101001,퍼스트 파이낸셜 뱅크셰어스,4995337736,-0.63,34.64,HOLD,
463,금융그룹,WSFS,US19861126001,WSFS 파이낸셜,4178836360,-0.16,81.68,BUY,
463,금융그룹,INDB,US19860101001,인디펜던트 뱅코프 매사추세츠,4074773307,-0.81,85.34,BUY,
463,금융그룹,FIBK,US20100324001,퍼스트 인터스테이트 뱅크시스템,3705610468,-1.08,38.47,HOLD,
463,금융그룹,SFNC,US19921102001,시몬스 퍼스트 내셔널,3458926715,-1.04,23.69,,
463,금융그룹,BUSE,US19981006001,퍼스트 뷰지,2566086006,-0.55,30.91,BUY,
463,금융그룹,HTH,US20040212001,힐탑 홀딩스,2252597164,-0.84,39.0,,
463,금융그룹,FCF,US19920610001,퍼스트 커먼웰스 파이낸셜,2173252154,-0.88,21.32,,
463,금융그룹,AVAL,US20140923002,그루포 아발 악시오네스 이 발로레스(ADR),2076389040,-1.46,5.41,,
463,금융그룹,FMAO,US20170510001,파머스 앤 머천츠 뱅코프,482371588,-0.69,34.79,HOLD,
947,경영지원,ORCL,US19860312001,오라클,427020531363,-2.63,142.79,BUY,AI센터 지연 부담
947,경영지원,SAP,US19980803001,SAP(ADR),242614031296,1.27,210.47,BUY,
947,경영지원,ADP,US19680131001,오토매틱 데이터 프로세싱,105673317985,1.23,269.32,HOLD,
947,경영지원,ACN,US20010719001,액센츄어,103995869535,1.74,172.93,BUY,
947,경영지원,INTU,US19930312001,인튜이트,91779557261,4.38,350.3,BUY,목표가 하향
947,경영지원,MMC,US19690604001,마시,87888452766,1.17,186.37,HOLD,
947,경영지원,WDAY,US20170920001,워크데이,47211449797,-0.27,190.67,BUY,투자의견 하향
947,경영지원,PAYX,US19830826001,페이첵스,42153708410,1.16,119.92,HOLD,
947,경영지원,ROL,US19680812001,롤린스,17327183584,0.83,36.32,HOLD,
947,경영지원,ULS,NYS0240411003,UL 솔루션즈,15565067872,-1.49,75.96,BUY,
947,경영지원,QXO,US20170419001,QXO INC,14920956434,-3.43,13.5,BUY,매출 예상 상회
947,경영지원,RTO,US20201005005,렌토킬 이니셜(ADR),11895125744,0.17,23.59,BUY,
947,경영지원,PAYC,US20140411004,페이콤 소프트웨어,9651843602,0.71,215.72,HOLD,
947,경영지원,PCTY,US20140319002,페일로시티 홀딩,7716560272,1.27,147.32,BUY,
947,경영지원,BZ,US20210611001,칸준(ADR),7360436691,1.8,15.83,BUY,하반기 성장 우려
947,경영지원,ANDG,NYS0251217001,앤더슨 그룹,5535260560,-6.63,45.75,BUY,주식 공모 부담
947,경영지원,NIQ,NYS0250722001,NIQ 글로벌 인텔리전스,5086910080,0.41,17.32,BUY,
947,경영지원,AMT,NYS0240930001,아멘텀 홀딩스,4994207100,2.55,20.95,HOLD,성장 둔화 전망
947,경영지원,BILL,US20191211008,빌 홀딩스,4829417282,1.38,49.17,BUY,
947,경영지원,KFY,US19990211002,콘 페리,4264222706,0.99,83.87,,
947,경영지원,FCN,US19960509001,FTI 컨설팅,4135889238,1.09,151.45,BUY,
947,경영지원,FA,US20210622001,퍼스트 어드밴티지,3485860823,3.3,20.97,BUY,
947,경영지원,TNET,US20140327006,트라이넷 그룹,3081390764,4.02,69.84,,
947,경영지원,CBZ,US19950426001,CBIZ,2965977391,0.11,54.73,BUY,
947,경영지원,MAN,US19880503001,맨파워그룹,2639561545,4.77,59.48,HOLD,
947,경영지원,HURN,US20041013001,휴런 컨설팅 그룹,2359440709,2.11,151.46,,
947,경영지원,NSP,US19970129002,인스페리티,1926924759,3.71,52.33,,
947,경영지원,VSTS,NYS0231002007,베스티스,1771891315,-2.98,13.01,HOLD,
947,경영지원,BL,US20161028001,블랙라인,1702709387,3.17,30.23,HOLD,
947,경영지원,ICFI,US20060928001,ICF 인터내셔널,1550952118,1.65,87.93,,
947,경영지원,AMN,US20161027003,AMN 헬스케어 서비시스,1337450310,0,34.54,,
947,경영지원,CLVT,US20210201009,클래리베이트,1208708684,0,1.89,HOLD,
947,경영지원,DLX,US19800425001,딜럭스,1112696233,-2.71,23.32,,
947,경영지원,RDVT,US20180327002,레드 바이올렛,1091604727,0.1,68.11,,
947,경영지원,RHLD,NAS0250228005,레졸루트 홀딩스 매니지먼트,1069962908,-7.32,126.84,,
947,경영지원,CRAI,US19980424001,CRA 인터내셔널,1030504684,2.48,168.29,,
947,경영지원,KFRC,US19950815001,케이포스,1021670916,2.16,58.29,BUY,
947,경영지원,HSTM,US20000411002,헬스스트림,819129859,1.75,28.51,BUY,
947,경영지원,BBSI,US19930611001,바렛 비즈니스 서비시스,759127231,5.11,32.93,BUY,
947,경영지원,KELYA,US19900326027,켈리 서비시스 A,584586935,2.55,16.5,,
947,경영지원,KELYB,US19950818007,켈리 서비시스 B,584586935,-8.1,22.0,,
947,경영지원,ROMA,NAS0240109003,로마 그린 파이낸스,535967498,-1.67,8.85,,
947,경영지원,NRC,US20180418004,내셔널 리서치,481440872,1.19,22.03,BUY,
947,경영지원,IBEX,US20200806004,아이벡스,465708602,1.67,35.37,,
947,경영지원,PPHC,NAS0260128005,퍼블릭 폴리시 홀딩,303611782,1.79,10.23,BUY,
947,경영지원,TBI,US19900326070,트루블루,302552629,5.73,10.51,,
947,경영지원,KWY,US19980506001,킹스웨이 코퍼레이션,284042194,-0.31,9.79,,
947,경영지원,HCKT,US19980528001,해켓 그룹,258675032,1.06,10.51,,
947,경영지원,ASUR,US19930804001,어슈어 소프트웨어,239647609,0.6,8.35,BUY,
947,경영지원,HQI,US20190911001,하이어퀘스트,224437412,3.41,16.7,,목표가 상향
947,경영지원,LAWR,NAS0250710002,로봇 컨설팅 (ADR),172313464,0,3.75,,
947,경영지원,RGP,US20200402001,리소시스 커넥션,144976925,1.66,4.28,,
947,경영지원,BAER,NAS0230125003,브리저 에어로스페이스 그룹,69988267,-2.52,1.16,BUY,
947,경영지원,SKIL,US20210614006,스킬소프트,69214648,-1.3,7.62,,
947,경영지원,DGNX,NAS0250117001,디지넥스,60644598,5.79,1.28,,
947,경영지원,LGCL,NAS0240305001,루카스 GC,60321680,-82.89,0.2412,,
947,경영지원,BGSF,US20191114001,BGSF,59441470,-0.36,5.55,,
947,경영지원,RYOJ,NAS0250814003,료지바바,52656835,6.8,4.87,,
947,경영지원,ACCL,NAS0251017001,아코 그룹 홀딩스,39748787,1.05,2.88,,
947,경영지원,STRR,US20030317001,STAR EQUITY HOLDINGS INC,36222256,-2.04,9.62,,
947,경영지원,AERT,US20211210012,에어리스 테크놀로지,35940172,-1.17,6.77,,
947,경영지원,XBP,US20210503001,XBP 글로벌 홀딩스,30884932,18.46,3.08,BUY,
947,경영지원,JOB,US19920317023,GEE 그룹,25880046,1.99,0.2403,,
947,경영지원,SPPL,NAS0230913005,심플,23090498,0,2.36,,
947,경영지원,LICN,NAS0230202007,리천 차이나,20870342,-0.79,1.26,,
947,경영지원,NIXX,US20210630011,닉시,20616303,0.08,0.7139,,
947,경영지원,FOFO,NAS0250912005,항풍 테크놀로지 이노베이션,20437577,-7.41,2.5,,
947,경영지원,PMEC,NAS0231010004,프라이멕 홀딩스,18551954,7.06,0.5171,,
947,경영지원,YYGH,NAS0240422006,YY 그룹 홀딩스,17260598,-2.78,1.4,,
947,경영지원,CLIK,NAS0241002004,클릭 홀딩스,11900092,-4.32,1.33,,
947,경영지원,TDTH,NAS0240910007,트라이던트 디지털 테크 홀딩스,9105463,6.22,2.05,,
947,경영지원,GLXG,NAS0240912003,갤럭시 페이롤 그룹,5857139,-4.69,0.9366,,
947,경영지원,INTJ,NAS0240320002,인텔리전트 그룹,5195641,-3.55,3.26,,
947,경영지원,VCIG,NAS0230322006,VCI 글로벌,2371792,-5.52,0.2414,,
729,오피스 리츠,O,US19941018001,리얼티 인컴,59031488864,-0.3,62.21,HOLD,
729,오피스 리츠,WPC,US19980121001,WP 케어리,16290009229,-0.67,71.04,HOLD,
729,오피스 리츠,EGP,US19940503002,이스트그룹 프로퍼티스,10943238389,-0.68,202.17,BUY,
729,오피스 리츠,BXP,US19970618002,보스턴 프로퍼티스,10645571998,-0.75,66.19,BUY,
729,오피스 리츠,VNO,US19650701001,보나도 리얼티 트러스트,7897527419,-0.4,37.75,HOLD,
729,오피스 리츠,CUZ,US19920902001,커즌스 프로퍼티스,4802069873,-0.62,29.0,BUY,
729,오피스 리츠,BNL,US20200915011,브로드스톤 넷 리스,4340704461,-2.07,20.78,BUY,
729,오피스 리츠,KRC,US19970129001,킬로이 리얼티,4189724494,0.36,36.16,HOLD,
729,오피스 리츠,CDP,US19911223001,COPT 디펜스 프라퍼티스,4173754001,0.14,36.86,,
729,오피스 리츠,SLG,US19970815003,SL 그린 리얼티,4171935710,1.3,56.84,HOLD,
729,오피스 리츠,LXP,US19931012001,LXP 인더스트리얼 트러스트,3670441476,-0.15,60.57,BUY,
729,오피스 리츠,HIW,US19940614001,하이우즈 프로퍼티스,3381271500,0.62,30.85,HOLD,
729,오피스 리츠,AKR,US19930527001,아카디아 리얼티 트러스트,2858661152,1.1,21.05,BUY,비중확대 의견
729,오피스 리츠,GNL,US20150603004,글로벌 넷 리스,2591408710,0.34,8.84,BUY,
729,오피스 리츠,DEI,US20061025001,더글러스 에밋,1942417247,-0.26,11.57,HOLD,
729,오피스 리츠,AAT,US20110113001,아메리칸 에세츠 트러스트,1390510595,-0.22,22.6,,
729,오피스 리츠,ALX,US19691007001,알렉산더스,1364480724,0.32,268.08,,
729,오피스 리츠,PDM,US20100210001,피드몬트 오피스 리얼티 트러스트,1170994956,0.43,9.4,HOLD,
729,오피스 리츠,IRS,US19941229001,IRSA 인베르시오네스 이 레프레젠타시오네스(ADR),1153710616,-1.78,14.38,BUY,
729,오피스 리츠,SAFE,NYS0230331002,세이프홀드,1060602995,-1.2,14.8,,
729,오피스 리츠,HPP,US20100624001,허드슨 퍼시픽 프라퍼티스,988908948,0.43,13.86,HOLD,
729,오피스 리츠,AHH,US20130508001,AH 리얼리티 트러스트,812258295,0.45,6.69,BUY,
729,오피스 리츠,ESRT,US20131002003,엠파이어 스테이트 리얼티,806627115,0.86,4.7,,
729,오피스 리츠,GOOD,US20030813001,글래드스톤 커머셜,783608701,-0.16,12.85,BUY,
729,오피스 리츠,BDN,US19971021001,브랜디와인 리얼티,525365067,-1.0,2.98,,채권 공개매수 부담
729,오피스 리츠,OPI,NAS2606018009,오피스 프로퍼티스 인컴 트러스트,417029540,-0.37,18.93,,
729,오피스 리츠,TROO,US20211116009,트룹스,244268539,-2.0,1.96,,
729,오피스 리츠,NLOP,NYS0231102001,넷 리스 오피스 프라퍼티스,169140874,0.53,11.48,,
729,오피스 리츠,ONL,US20211115008,오리온 오피스 리츠,161972645,1.06,2.87,,
729,오피스 리츠,FSP,US20050602001,프랭클린 스트리트 프라퍼티스,48511176,6.54,0.497,,
729,오피스 리츠,NYC,NYS0230112001,아메리칸 스트래티직 인베스트먼트,21603026,2.78,7.02,,
729,오피스 리츠,SQFT,US20200811001,프레시디오 프라퍼티 트러스트,8718957,-3.45,1.4,,
729,오피스 리츠,GIPR,US20211004006,제너레이션 인컴 프라퍼티스,419455,-10.43,0.3151,,매출 감소 부담
215,온라인쇼핑,AMZN,US19970515001,아마존,2817974106932,-0.7,259.49,BUY,
215,온라인쇼핑,BABA,US20140915003,알리바바(ADR),298850743467,2.76,128.15,BUY,
215,온라인쇼핑,SHOP,US20150527004,쇼피파이,191219076330,-1.36,146.63,BUY,밸류 부담에 하향
215,온라인쇼핑,PDD,US20180725004,핀둬둬(ADR),123723855345,0.38,87.27,BUY,
215,온라인쇼핑,MELI,US20070810001,메르카도리브레,90604871479,-0.47,1779.14,BUY,
215,온라인쇼핑,SE,US20171019004,씨(ADR),73145767120,-2.67,116.26,BUY,경영진 지분매도
215,온라인쇼핑,EBAY,US19980924001,이베이,44908778031,1.34,102.29,HOLD,AI 생산성 수혜
215,온라인쇼핑,JD,US20140522001,징동닷컴(ADR),35567854415,1.05,28.8,BUY,큰손 징동 매도
215,온라인쇼핑,CPNG,US20210310005,쿠팡,28250893942,-0.89,15.58,BUY,
215,온라인쇼핑,KSPI,NAS0240119005,카스피.kz(ADR),18818210688,-1.08,97.98,BUY,
215,온라인쇼핑,W,US20141001004,웨이페어,14115675721,-1.35,101.69,BUY,
215,온라인쇼핑,CART,NAS0230919002,메이플베어,11308695501,0.14,48.93,BUY,
215,온라인쇼핑,CHWY,US20190613002,츄이,9058637006,4.11,23.04,BUY,
215,온라인쇼핑,ETSY,US20150415002,엣시,7195081294,1.98,79.96,HOLD,
215,온라인쇼핑,VIPS,US20120323001,브이아이피숍 홀딩스(ADR),6741568973,1.21,14.21,BUY,
215,온라인쇼핑,ATHM,US20131211002,오토홈(ADR),2589644707,-2.31,21.97,HOLD,이익압박 우려
215,온라인쇼핑,GCT,US20220818001,기가클라우드 테크놀로지,1795130096,-2.41,49.07,BUY,
215,온라인쇼핑,SVV,NYS0230628003,세이버스 밸류 빌리지,1628599475,-0.28,10.53,,2차 공모 부담
215,온라인쇼핑,REAL,US20190627002,리얼리얼,1347830174,-0.18,11.06,,
215,온라인쇼핑,LQDT,US20060223001,리퀴디티 서비시스,1337889733,1.38,43.3,,
215,온라인쇼핑,LUXE,US20210120006,럭스익스피리언스 (ADR),1055318007,-1.82,7.55,,
215,온라인쇼핑,AHG,US20211216002,악소 헬스 그룹(ADR),1042828788,-14.05,1.04,,
215,온라인쇼핑,RERE,US20210617017,AT리뉴(ADR),1000735489,-2.41,4.45,BUY,
215,온라인쇼핑,HEPS,US20210701003,디마켓 일렉트로시티 서비시스 앤 트레이딩(ADR),978589558,-9.49,2.48,,
215,온라인쇼핑,GRPN,US20111104001,그루폰,825330514,-0.39,20.22,,목표가 상향
215,온라인쇼핑,JMIA,US20190410001,주미아 테크놀로지(ADR),788347483,0.16,6.34,BUY,예상 웃돈 실적
215,온라인쇼핑,QVCG,NAS2608006006,QVC 그룹,769835186,0.39,15.46,,
215,온라인쇼핑,VTEX,US20210719012,브이텍스,601688424,0.28,3.54,,
215,온라인쇼핑,DDL,US20210629011,딩동 케이먼(ADR),501721225,-1.75,2.25,BUY,
215,온라인쇼핑,SFIX,US20171116004,스티치 픽스,444213913,-1.8,3.27,HOLD,
215,온라인쇼핑,NEGG,US20210520001,뉴에그 커머스,396726177,-6.92,17.61,,
215,온라인쇼핑,TDUP,US20210325014,스레드업,375534614,-1.75,2.81,BUY,
215,온라인쇼핑,DIBS,US20210609002,퍼스트딥스,166360426,0.81,4.99,BUY,
215,온라인쇼핑,BZUN,US20150521001,바오준(ADR),161597683,-1.44,2.74,BUY,
215,온라인쇼핑,TONX,US20190405002,톤 스트래티지,155270087,-6.74,2.63,,
215,온라인쇼핑,WSHP,NAS0251114002,위숍 홀딩스,114038055,0.21,4.76,,
215,온라인쇼핑,WNW,US20201215010,메이우 테크놀로지,67391716,3.91,2.66,,
215,온라인쇼핑,HOUR,US20211223006,아워 루프,66510037,-2.13,1.84,,
215,온라인쇼핑,UPXI,US20220819002,우펙시,58675992,-1.06,0.7905,,
215,온라인쇼핑,LITB,US20130606001,라이트인더박스 홀딩(ADR),58181080,0.68,2.97,,
215,온라인쇼핑,NEXR,US20220826002,넥세라 테크놀로지스,38757727,0.77,2.62,,
215,온라인쇼핑,JFU,NAS0230118004,9F(ADR),27308342,25.43,2.91,,
215,온라인쇼핑,MOGU,US20181206007,모구(ADR),15463145,2.65,1.94,,
215,온라인쇼핑,ATER,US20210430002,어터리언,8212729,3.72,0.4742,,
215,온라인쇼핑,BQ,US20200928002,보치 홀딩,7673172,0,1.04,,
215,온라인쇼핑,JWEL,US20210310004,조웰 글로벌,6461705,2.57,2.79,,
215,온라인쇼핑,TGL,US20220811005,트레저 글로벌,5570089,-6.32,2.67,,
215,온라인쇼핑,WBUY,NAS0231019005,위바이 글로벌,4598219,-8.24,0.77,,
215,온라인쇼핑,OCG,US20201214002,오리엔탈 컬처 홀딩,3255673,-1.79,1.65,,
215,온라인쇼핑,SBEV,US20210611012,스플래시 베버리지 그룹,2380895,5.48,0.3987,,
167,캐릭터,HAS,US19841218001,해즈브로,13403434669,-1.09,94.01,BUY,
167,캐릭터,MAT,US19680603001,마텔,4236049834,-0.55,14.5,BUY,
167,캐릭터,FBYD,NAS0231006002,팰컨스 비욘드 글로벌,1231732796,4.04,10.57,,대형 계약 확보
167,캐릭터,TRON,NAS0230815007,트론,711422253,-0.67,1.49,,
167,캐릭터,FNKO,US20171101003,펀코,341497678,1.81,6.2,,
167,캐릭터,JAKK,US19960502001,잭스 퍼시픽,291442661,-0.82,25.26,,
731,인프라 리츠,WELL,US20180228001,웰타워,169555336301,0.06,235.44,BUY,
731,인프라 리츠,EQIX,US20000811002,에퀴닉스,108280070742,-1.1,1085.49,BUY,
731,인프라 리츠,AMT,US19980227001,아메리칸 타워,80235286849,0.06,172.33,BUY,
731,인프라 리츠,DLR,US20041029001,디지털 리얼티 트러스트,73825408135,-1.34,195.25,BUY,
731,인프라 리츠,VTR,US19970505001,벤타스,46755406042,0.03,91.2,BUY,
731,인프라 리츠,CCI,US19980818001,크라운 캐슬,31664189148,-0.55,74.03,BUY,
731,인프라 리츠,BIP,US20080110001,브룩필드 인프라스트럭처 파트너스,18152175317,-1.52,38.32,,
731,인프라 리츠,DOC,US20191105004,헬스피크 프로퍼티스,14187462855,-0.68,20.44,HOLD,
731,인프라 리츠,OHI,US19920807001,오메가 헬스케어 인베스터스,14108324034,-0.28,46.44,HOLD,
731,인프라 리츠,AHR,NYS0240207001,아메리칸 헬스케어 리츠,12642002544,-0.48,54.42,,
731,인프라 리츠,CTRE,US20140604001,케어트러스트 리츠,9274904443,0.1,39.3,BUY,
731,인프라 리츠,REXR,US20130719002,렉스포드 인더스트리얼 리얼티,8136288996,3.29,37.04,HOLD,비핵심자산 매각
731,인프라 리츠,HR,US20120606001,헬스케어 리얼티,6561692134,-0.21,19.11,HOLD,
731,인프라 리츠,HASI,US20130418001,해넌 암스트롱 서스테이너블 인프라,5389182419,-1.83,41.36,,
731,인프라 리츠,SBRA,US20101108001,사브라 헬스케어 리츠,5187348705,0.1,20.33,BUY,
731,인프라 리츠,CDP,US19911223001,COPT 디펜스 프라퍼티스,4173754001,0.14,36.86,,
731,인프라 리츠,GEO,US19940726001,지오 그룹,4099080917,-0.77,30.91,BUY,
731,인프라 리츠,FRMI,NAS0251001003,퍼미,3931635895,-6.51,5.74,BUY,전력단지 기본합의
731,인프라 리츠,NHI,US19911017001,내셔널 헬스 인베스터스,3604432715,-0.23,73.24,,
731,인프라 리츠,DBRG,US20210622007,디지털브리지 그룹,3482936301,0,15.91,,
731,인프라 리츠,CXW,US19970715001,코어시빅,3320139394,-3.51,32.4,BUY,
731,인프라 리츠,MPT,US20050708001,MEDICAL PROPERTIES TRUST INC,2418147282,-0.74,4.02,,
731,인프라 리츠,UNIT,US20170227001,유니티 그룹,2390335759,0.61,9.91,,
731,인프라 리츠,LTC,US19920825001,LTC 프라퍼티스,2183251444,-1.26,40.0,HOLD,
731,인프라 리츠,DHC,US20200102001,다이버시파이드 헬스케어,2006823805,-3.74,7.98,BUY,
731,인프라 리츠,SKYH,US20220126008,스카이 하버 그룹,827947121,-0.29,10.25,BUY,목표가 하향
731,인프라 리츠,PSTL,US20190509009,포스털 리얼티 트러스트,688634786,-0.26,22.69,BUY,
731,인프라 리츠,XRN,US20160629001,CHIRON REAL ESTATE INC,610544148,-0.71,36.11,BUY,
731,인프라 리츠,ILPT,US20190204001,인더스트리얼 로지스틱스 프라퍼티스,578564115,-2.88,8.42,BUY,
731,인프라 리츠,UHT,US19861226001,유니버설 헬스 리얼티,559581357,0.32,40.4,,
731,인프라 리츠,FIP,US20220802001,FTAI 인프라스트럭처,502165908,-5.18,4.03,BUY,
731,인프라 리츠,CHCT,US20150527002,커뮤니티 헬스케어 트러스트,420262754,0.82,14.79,BUY,
731,인프라 리츠,GPMT,US20170621008,그래닛 포인트 모기지 트러스트,196909963,-5.13,1.11,HOLD,수익성 부재 부담
731,인프라 리츠,STRW,AMX0230222001,스트로베리 필즈 리츠,192498954,1.91,13.86,BUY,현금흐름 성장
731,인프라 리츠,BEEP,US20210519003,모바일 인프라스트럭처,106531412,-0.78,2.56,,
731,인프라 리츠,PW,US19800317003,파워 리츠,4215754,-2.54,7.66,,
361,게임플랫폼,NTES,US20000630002,넷이즈(ADR),79630240452,0.32,124.8,BUY,
361,게임플랫폼,TTWO,US19970414001,테이크 투 인터랙티브 소프트웨어,45166768162,0.33,242.41,BUY,
361,게임플랫폼,RBLX,US20210309012,로블록스,27090535459,-0.69,37.67,HOLD,
361,게임플랫폼,FLUT,NYS0240129002,플러터 엔터테인먼트,16723888090,-3.63,92.89,BUY,
361,게임플랫폼,GME,US20020211001,게임스탑,8254169004,-2.45,17.95,,
361,게임플랫폼,SRAD,US20210913006,스포츠레이더 그룹,3934979858,-2.06,12.86,BUY,
361,게임플랫폼,GENI,US20210421006,지니어스 스포츠,2153928490,-3.48,7.49,BUY,
361,게임플랫폼,PLTK,US20210114005,플레이티카 홀딩,861822368,-0.88,2.24,HOLD,
361,게임플랫폼,CDRO,US20211201002,코데레 온라인 룩셈부르크,413233909,-1.1,8.99,,
361,게임플랫폼,SOHU,US20000712001,써우후닷컴(ADR),380527038,-0.82,14.48,,
361,게임플랫폼,CTW,NAS0250801003,CTW 케이맨,165948814,3.01,2.74,,
361,게임플랫폼,SKLZ,US20201217014,FIRY,163309373,-1.61,9.8,BUY,2분기 실적 부진
361,게임플랫폼,GRSD,US20210721004,그랜드스탠드 리미티드,73909517,-2.42,2.02,,목표주가 하향
361,게임플랫폼,GCL,US20220420005,GCL 글로벌 홀딩스,71572325,4.69,0.5759,,
361,게임플랫폼,MYPS,US20210622004,플레이스튜디오스,61933465,-1.01,0.5105,HOLD,
361,게임플랫폼,GAME,NAS0230411004,게임스퀘어 홀딩스,45770300,1.34,0.4469,,
361,게임플랫폼,BRAG,US20210827002,브래그 게이밍,44483231,2.05,1.49,,
361,게임플랫폼,GMHS,NAS0250127006,게임하우스 홀딩스,43782595,-4.74,0.7278,,퍼블리싱 수익성 악화
361,게임플랫폼,TBH,NAS0250306011,하우스 오브 닷지,42934826,-1.19,0.4998,,
361,게임플랫폼,GIGM,US20000218001,기가미디어,16464339,-4.03,1.43,,
361,게임플랫폼,GXAI,NAS0230215005,객소스 AI,9193308,-4.49,0.8174,,워런트 희석 부담
113,생활가전,HD,US19810922001,홈 디포,336834365820,-0.12,337.49,BUY,2분기 실적 호조
113,생활가전,SONY,US20210401017,소니(ADR),138727278331,-1.14,23.43,,
113,생활가전,LOW,US19791219001,로우스,120980535121,-0.08,215.64,BUY,
113,생활가전,CARR,US20200403002,캐리어,51558843589,-1.82,61.42,BUY,
113,생활가전,SN,NYS0230731001,샤크닌자,25861351018,-0.44,182.82,BUY,
113,생활가전,LII,US19990729002,레녹스 인터내셔널,14378684988,-1.22,411.05,HOLD,
113,생활가전,WSO.B,US19920317030,와츠코 B,12958270233,-4.98,312.44,,
113,생활가전,WSO,US19940616001,와츠코,12958270233,0.57,313.65,HOLD,
113,생활가전,PRMB,US20200303002,프리모 브랜즈 코퍼레이션,8822316939,-3.86,23.44,BUY,
113,생활가전,AOS,US19840907020,A O 스미스,8343017419,-0.88,60.86,HOLD,
113,생활가전,FTDR,US20181001002,프론트도어,5768592105,-0.94,82.96,BUY,
113,생활가전,MIDD,US19920317005,미들비,5194042164,-0.74,114.03,BUY,목표가 하향
113,생활가전,ALH,NYS0251009001,얼라이언스 런드리 홀딩스,4926441340,-3.19,24.0,BUY,
113,생활가전,WHR,US19550919001,월풀,2941504690,-0.81,39.27,HOLD,
113,생활가전,NPK,US19690303001,내셔널 프레스토 인더스트리스,1028588688,2.14,147.26,,방산 수주 확대
113,생활가전,BWMX,US20200313002,베터웨어 드 멕시코,628863556,1.63,16.19,,
113,생활가전,HBB,US20171002003,해밀턴 비치 브랜즈 홀딩,456942402,-0.44,33.85,,
113,생활가전,AIRJ,US20220131019,에어줄 테크놀로지스,426058022,-8.61,5.31,BUY,목표가 상향
113,생활가전,NL,US19881223001,NL 인더스트리스,313863323,1.25,6.5,,
113,생활가전,TRSG,NAS0240419002,턴그레이 테크놀로지스,23803991,-2.76,1.41,,
113,생활가전,RAY,NAS0240515004,레이텍 홀딩,15857856,2.23,2.75,,
113,생활가전,JCSE,US20220421003,JE 클린테크 홀딩스,8295799,-5.7,1.49,,
113,생활가전,FEBO,NAS0231130002,펜보 홀딩스,8185620,1.65,0.7523,,
113,생활가전,MSN,US19940811001,에머슨 라디오,7807272,1.4,0.3763,,
113,생활가전,ILAG,US20220713001,인텔리전트 리빙 애플리케이션 그룹,6852475,1.21,3.34,,
113,생활가전,EJH,US20210514013,이홈 하우스홀드 서비스 홀딩스,4639241,42.76,2.07,,
273,은행,JPM,US19690401002,제이피모건 체이스,967120880212,0.63,363.25,BUY,영국 은행세 부담
273,은행,BAC,US19730102001,뱅크오브아메리카,459602765304,0.53,64.23,BUY,
273,은행,HSBC,US20131118003,HSBC(ADR),356520045087,-0.6,103.18,BUY,
273,은행,RY,US19951016001,로열 뱅크 오브 캐나다,299705393148,-1.48,212.99,BUY,
273,은행,WFC,US19621210001,웰스파고,273461330518,-0.16,87.4,BUY,
273,은행,C,US19860602001,씨티그룹,233061952892,-0.62,137.65,BUY,
273,은행,SAN,US19880105004,방코 산탄데르(ADR),208899097308,-2.4,14.24,BUY,
273,은행,TD,US19960830001,토론토 도미니언 뱅크,207762696556,-1.91,121.97,BUY,
273,은행,UBS,US19900208001,UBS 그룹,175128775564,-0.88,52.97,BUY,
273,은행,BBVA,US19881214001,방코 빌바오 비스카야 아르헨타리아(ADR),160531852460,-0.03,28.79,SELL,
273,은행,COF,US19941115001,캐피탈 원 파이낸셜,138485703930,0.01,221.47,BUY,
273,은행,BMO,US19941027001,뱅크 오브 몬트리올,129745681305,-1.46,182.57,HOLD,
273,은행,HDB,US20010720001,HDFC 뱅크(ADR),118896344841,0.09,23.17,BUY,
273,은행,CM,US19881031001,캐나디안 임페리얼 뱅크 오브 커머스,112904752447,-1.47,121.64,BUY,
273,은행,BNS,US19690127001,뱅크 오브 노바스코샤,112467618430,-1.34,90.13,BUY,
273,은행,USB,US19730503007,US 뱅코프,106079071045,-0.12,64.79,BUY,
273,은행,IBN,US20000328001,ICICI 뱅크(ADR),105470644005,0.78,29.63,,
273,은행,PNC,US19871021001,PNC 파이낸셜 서비시스,101529583206,-0.11,254.28,BUY,
273,은행,BCS,US19860909002,바클레이즈(ADR),93614152424,-1.55,27.37,BUY,
273,은행,NWG,US20200723011,냇웨스트 그룹(ADR),75757045090,-1.58,18.74,BUY,
273,은행,NU,US20211208010,누 홀딩스,71186249004,-2.65,14.35,BUY,
273,은행,TFC,US20191209005,트루이스트 파이낸셜,64158410328,-0.23,52.41,HOLD,
273,은행,ITUB,US20010702001,이타우 우니방쿠 홀딩스(ADR),39765962056,-1.22,7.27,,
273,은행,SHG,US20030916001,신한 파이낸셜 그룹(ADR),35633106812,-1.4,74.86,,
273,은행,KEY,US19920901001,키코프,26417170674,-1.09,22.79,BUY,
273,은행,BSBR,US20091007002,방코 산탄데르 브라질(ADR),21689081491,-1.93,5.6,BUY,
273,은행,BCH,US20020108001,방코 데 칠레(ADR),20749559822,0,41.09,HOLD,
273,은행,EWBC,US19990203001,이스트 웨스트 뱅코프,18563910635,-0.35,135.05,BUY,
273,은행,WF,US20190213002,우리 파이낸셜 그룹(ADR),17689729402,-1.26,70.58,,
273,은행,PNFP,US20000822001,피너클 파이낸셜 파트너스,17004406474,-2.63,104.53,BUY,
273,은행,BSAC,US19940518001,방코 산탄데르 칠레(ADR),16283004038,-0.38,34.44,HOLD,
273,은행,BBD,US19970613001,방쿠 브라데스쿠 우선주(ADR),15876296105,-1.62,3.04,BUY,
273,은행,BBDO,US20120313001,방쿠 브라데스쿠(ADR),15876296105,0.33,3.01,,
273,은행,JEF,US20180524002,제프리스 파이낸셜 그룹,12576265371,-0.59,53.84,BUY,
273,은행,EVR,US20060811001,에버코어,12441199960,-1.49,298.66,BUY,
273,은행,SSB,US20140701005,사우스스테이트,10744439723,-0.66,110.09,BUY,
273,은행,ONB,US20130815001,올드 내셔널 뱅코프,10583792027,-1.48,26.67,BUY,
273,은행,WAL,US20050630003,웨스턴 얼라이언스 뱅코프,9211249552,-1.19,80.75,BUY,
273,은행,COLB,US19880728001,컬럼비아 뱅킹 시스템즈,9147119891,-0.59,32.15,BUY,
273,은행,PB,US19981112001,프로스페리티 뱅크셰어스,8948868483,-0.2,74.33,HOLD,
273,은행,HLI,US20150813002,훌리한 로키,8749332416,1.43,127.01,HOLD,
273,은행,VLY,US20181010003,벨리 내셔널 뱅코프,8623179710,-0.47,14.87,BUY,
273,은행,CBSH,US19840907013,커머스 뱅크셰어스,8562519844,-0.23,59.57,HOLD,
273,은행,CBC,NAS0251120002,센트럴 뱅컴퍼니,7794239473,-0.18,32.49,BUY,
273,은행,FNB,US19860930001,FNB,6846767142,-0.93,19.22,BUY,
273,은행,GBCI,US19920127001,글레이셔 뱅코프,6458445609,-1.29,48.97,,
273,은행,ASB,US20141223002,어소시에이티드 뱅크,6367298815,-1.22,31.67,BUY,
273,은행,HWC,US20180525001,핸콕 휘트니,6323445138,-0.7,78.29,BUY,
273,은행,AUB,NYS0230118002,애틀랜틱 유니언 뱅크셰어스,6243623845,-0.42,42.36,,
273,은행,HOMB,US20211122005,홈 뱅크셰어스,6222224696,-0.45,30.97,HOLD,
273,은행,IFS,US20190718005,인터코프 파이낸셜 서비시스,6067687553,-1.08,54.05,BUY,
273,은행,OZK,US20180716001,뱅크 OZK,5797853342,-0.67,50.77,HOLD,808윈저 차압 우려
273,은행,GGAL,US20000724001,그루포 피난시에로 갈리시아(ADR),5752069684,-3.06,42.09,BUY,
273,은행,AX,US20181001004,액소스 파이낸셜,5648584283,-1.67,97.66,BUY,
273,은행,EBC,US20201015006,이스턴 뱅크셰어스,5403152579,-0.21,23.6,BUY,
273,은행,BMA,US20060324001,방코 마크로(ADR),4950875394,-3.49,76.08,BUY,
273,은행,SFBS,US20210621007,서비스퍼스트 뱅크셰어스,4948453113,-0.56,90.02,,
273,은행,FULT,US19900326020,풀턴 파이낸셜,4812658933,-0.65,24.31,BUY,
273,은행,TCBI,US20030813002,텍사스 캐피탈 뱅크셰어스,4640620015,-1.25,99.83,HOLD,
273,은행,IBOC,US19960530003,인터내셔널 뱅크셰어스,4547723084,-0.7,72.63,,
273,은행,FBP,US19930311002,퍼스트 뱅코프 푸에르토리코,4508864626,-0.61,29.36,BUY,
273,은행,UCB,US20020321001,유나이티드 커뮤니티 뱅크,4415744408,-0.22,36.55,BUY,
273,은행,WSBC,US19950818022,웨스뱅코,4309976324,-0.56,42.24,BUY,
273,은행,CATY,US19901217001,캐세이 제너럴 뱅코프,4295459245,-0.31,64.2,HOLD,
273,은행,CVBF,US19920317001,CVB 파이낸셜,4073476924,-0.48,23.04,BUY,
273,은행,RNST,US19920424002,르네산트,3939611173,-1.18,42.6,,
273,은행,BANF,US19950401001,뱅크퍼스트,3860685185,-0.12,114.79,,
273,은행,NIC,US20220524004,니콜레 뱅크셰어스,3727551213,-0.65,176.74,BUY,
273,은행,PRK,US19900101002,파크 내셔널,3711939970,-0.55,204.4,HOLD,
273,은행,BANC,US20140530001,뱅크 오브 캘리포니아,3641776604,-1.98,19.3,BUY,
273,은행,FFBC,US19900326016,퍼스트 파이낸셜 뱅코프,3586028337,-1.11,33.79,,
273,은행,TOWN,US19990505001,타운뱅크,3473980581,0.19,37.66,BUY,
273,은행,SBCF,US19900326045,시코스트 뱅킹 오브 플로리다,3465528607,-0.73,35.54,HOLD,
273,은행,BOH,US19910424001,뱅크 오브 하와이,3431497535,-0.94,79.08,HOLD,
273,은행,CBU,US19840718001,커뮤니티 파이낸셜 시스템즈,3419834879,-0.62,64.61,HOLD,
273,은행,BKU,US20110128003,뱅크유나이티드,3408452745,-0.17,47.78,,
273,은행,FHB,US20160805001,퍼스트 하와이안,3347941186,-1.13,27.21,HOLD,
273,은행,PFS,US20030116001,프로비던트 파이낸셜 서비스,3203804424,-0.45,24.46,BUY,
273,은행,BBAR,US20190617004,BBVA 아르헨티나(ADR),3115991254,-3.28,14.76,BUY,
273,은행,FBK,US20160916004,FB 파이낸셜,3065009113,-0.47,61.05,BUY,
273,은행,MBIN,US20171026002,머천츠 뱅코프,3035604800,-0.26,54.4,HOLD,
273,은행,WAFD,US19900326056,워페드,2990946019,-0.79,37.46,,
273,은행,AGM,US19881201001,페더럴 애그리컬처럴 모기지,2930915754,-1.12,229.13,,
273,은행,AGM.A,US19881201002,페더럴 애그리컬처럴 모기지 A,2930915754,-2.42,161.0,,
273,은행,CUBI,US20141230001,커스터머스 뱅코프,2831029475,-1.64,80.76,BUY,
273,은행,TRMK,US19920303007,트러스트마크,2794344388,-0.87,47.71,HOLD,
273,은행,TBBK,US20040203001,뱅코프,2783925176,0.1,68.34,BUY,
273,은행,NBTB,US19920317006,NBT 뱅코프,2768364677,-0.69,52.92,HOLD,
273,은행,FBNC,US19870430001,퍼스트 뱅코프 오브 노스 캐롤라이나,2735083575,0.03,66.14,BUY,
273,은행,FRME,US19920225006,퍼스트 머천츠,2732854609,-0.6,43.26,,
273,은행,BBT,US20000628001,비콘 파이낸셜 코퍼레이션,2732663159,-0.34,32.5,HOLD,
273,은행,SYBT,US19880101001,스탁 야즈 뱅코프,2617741634,-0.69,83.7,HOLD,
273,은행,NTB,US20160916005,뱅크 오브 NT 버터필드 앤 선,2514609530,-2.3,61.51,,
273,은행,BANR,US19951101001,배너,2502457954,-1.24,72.74,BUY,
273,은행,EFSC,US19980908001,엔터프라이즈 파이낸셜 서비시스,2441844876,-0.71,65.49,BUY,
273,은행,INTR,US20220623004,인터 & CO,2334978409,-3.78,5.09,BUY,2분기 실적 호조
273,은행,OFG,US19941229002,OFG 뱅코프,2261569720,-0.88,53.05,HOLD,
273,은행,LC,US20141211003,해펀,2214199759,-3.23,18.57,BUY,
273,은행,SRCE,US19830812001,퍼스트 소스,2116343778,-0.24,87.69,,
273,은행,LOB,US20150723001,라이브 오크 뱅크셰어스,2102912031,-1.59,42.6,,
273,은행,CHCO,US19930219002,시티 홀딩,2045805589,0.36,146.22,HOLD,
273,은행,NBHC,US20120920001,내셔널 뱅크 홀딩스,1924145851,-0.51,42.99,BUY,
273,은행,GABC,US19930521001,저먼 아메리칸 뱅코프,1913858686,0.08,50.98,BUY,
273,은행,FSUN,NAS0240712001,퍼스트선 캐피탈 뱅코프,1908606533,-1.27,40.46,,
273,은행,RBCAA,US19980722001,리퍼블릭 뱅코프,1899397723,-0.7,96.08,HOLD,
273,은행,OCFC,US19960703001,오션퍼스트 파이낸셜,1897709731,-0.31,19.58,HOLD,
273,은행,DCOM,US19960626001,다임 커뮤니티 뱅크셰어스,1896660576,-0.61,40.63,,
273,은행,CNOB,US20130212001,커넥트원 뱅코프,1894630839,0.12,32.82,BUY,
273,은행,TCBK,US19930420001,트라이코 뱅크셰어스,1836413186,-1.32,56.7,HOLD,
273,은행,HOPE,US20160801003,호프 뱅코프,1833983907,-0.77,14.25,BUY,
273,은행,STBA,US19920421001,S&T 뱅코프,1798158829,0.26,50.76,HOLD,
273,은행,CASH,US19930920001,패스워드 파이낸셜,1773461355,-0.87,84.65,BUY,
273,은행,BY,US20170628004,바이라인 뱅코프,1768673332,-0.15,39.09,BUY,
273,은행,BFC,US20181024004,뱅크 퍼스트,1738741362,-0.56,156.0,,
273,은행,QCRH,US19931006001,QCR 홀딩스,1716455433,-0.9,103.9,,
273,은행,LKFN,US19970814001,레이크랜드 파이낸셜,1536385910,-0.58,61.46,HOLD,밸류에이션 부담
273,은행,AMAL,US20180809001,아말거메이티드 파이낸셜,1519203355,-1.3,50.16,,
273,은행,ESQ,US20170627001,에스콰이어 파이낸셜 홀딩스,1501739291,-2.09,121.5,BUY,
273,은행,PEBO,US19930211001,피플스 뱅코프,1475837956,-0.24,40.97,,
273,은행,BHRB,NAS0230426001,버크 앤드 허버트 파이낸셜 서비시스,1459818572,0.04,72.36,BUY,
273,은행,CTBI,US19930517001,커뮤니티 트러스트 뱅코프,1425518778,-0.64,77.98,BUY,이사 주식 매도
273,은행,FMBH,US20140512001,퍼스트 미드 뱅크셰어스,1381676372,-0.33,51.52,,
273,은행,WABC,US19920317013,웨스트아메리카 뱅코프,1374822101,-0.52,59.19,,
273,은행,HBT,US20191010001,HBT 파이낸셜,1343060938,-1.11,36.53,,
273,은행,OSBC,US19950818012,올드 세컨드 뱅코프,1313841171,-0.58,25.68,BUY,
273,은행,PFBC,US19990819001,프리퍼드 뱅크 로스 앤젤리스,1273584340,-0.72,106.7,HOLD,
273,은행,HFWA,US19980109001,헤리티지 파이낸셜,1210843782,-0.44,29.47,HOLD,
273,은행,UVSP,US19980416001,유니베스트 파이낸셜,1187376111,-0.28,42.94,,
273,은행,MCB,US20171107005,메트로폴리탄 뱅크,1156963289,-0.8,92.59,BUY,
273,은행,FSBC,US20210504002,파이브 스타 뱅코프,1149541995,-0.62,46.57,BUY,
273,은행,NBN,US19870820002,노스이스트 뱅크,1146260753,0.91,135.23,,
273,은행,AMTB,US20181024002,아머란트 뱅코프,1137048591,0.48,29.16,,
273,은행,CFFN,US19990401001,캐피톨 페더럴 파이낸셜,1095856674,-0.92,8.64,HOLD,
273,은행,CCNE,US19960530002,CNB 파이낸셜,1092527794,-0.09,34.82,BUY,
273,은행,EQBK,US20151110001,에퀴티 뱅크셰어스,1057611966,-0.43,51.15,BUY,
273,은행,MBWM,US19971024001,머천틸 뱅크,1056637661,-0.39,60.9,BUY,
273,은행,HBNC,US19940425002,호라이즌 뱅코프,1045152804,-0.39,20.28,BUY,
273,은행,BFST,US20180409001,비즈니스 퍼스트 뱅크셰어스,1044955182,-0.37,31.99,BUY,
273,은행,MCBS,US20191003001,메트로시티 뱅크셰어스,1040508622,-0.39,36.02,,
273,은행,NBBK,NAS0231228001,NB 뱅코프,1003668798,-0.79,22.73,,
273,은행,CPF,US19880129001,센트럴 퍼시픽 파이낸셜,988491799,-1.15,37.96,BUY,
273,은행,CAC,US19971007001,캠던 내셔널,986240609,-0.17,58.28,HOLD,
273,은행,SBSI,US19980513002,사우스사이드 뱅크셰어스,975110354,-0.58,32.53,HOLD,
273,은행,AGBK,NYS2602011001,아지뱅크,972168697,-2.3,5.94,BUY,
273,은행,THFF,US19920303006,퍼스트 파이낸셜,970291902,0.25,81.81,HOLD,
273,은행,MPB,US19971204001,미드 펜 뱅코프,967220106,-0.29,38.07,BUY,
273,은행,FMNB,US19990104004,파머스 내셔널 뱅코프,954868401,-0.56,16.03,BUY,
273,은행,HAFC,US19970509004,한미 파이낸셜,954503628,-0.4,32.07,HOLD,
273,은행,FRBT,NAS2606011003,포브라이트,942847878,-0.31,19.05,BUY,
273,은행,FCBC,US19970509003,퍼스트 커뮤니티 뱅크셰어스,929812832,0.12,49.24,HOLD,
273,은행,CCBG,US19970203001,캐피탈 시티 뱅크 그룹,889189510,-0.02,51.96,HOLD,
273,은행,SMBK,US20151221001,스마트파이낸셜,888419271,-0.12,51.91,BUY,목표가 상향
273,은행,GSBC,US19891201001,그레이트 서던 뱅코프,875864879,-0.5,79.99,,
273,은행,EGBN,US19990714001,이글 뱅코프,870132935,-0.28,28.47,BUY,
273,은행,SPFI,US20190508008,사우스 플레인스 파이낸셜,854172302,-0.33,45.2,BUY,
273,은행,IBCP,US20100202001,인디펜던트 뱅코프 미시건,851828329,-0.7,38.11,,
273,은행,ORRF,US19990513002,오스타운 파이낸셜 서비시스,846204586,0.49,43.24,BUY,
273,은행,SMBC,US19940412001,서던 미주리 뱅코프,840519957,-0.65,75.85,,
273,은행,ALRS,US20190912001,앨러루스 파이낸셜,833832644,0.33,33.6,HOLD,
273,은행,PGC,US19990427002,피팩 글래드스톤 파이낸셜,827897099,-0.71,46.38,BUY,
273,은행,FISI,US19990625001,파이낸셜 인스티튜션스,818822707,0,41.56,,
273,은행,MSBI,US20160524001,미드랜드 스테이츠 뱅코프,807438711,-0.48,33.16,,
273,은행,HTB,US20120711001,홈트러스트 뱅크셰어스,797764854,-0.5,47.56,BUY,합병 희석 부담
273,은행,SHBI,US20010409001,쇼어 뱅크셰어스,788753366,0.08,23.66,BUY,
273,은행,WASH,US19950818021,워싱턴 트러스트 뱅코프,767006563,-0.15,40.16,HOLD,
273,은행,TCBX,US20211109017,THIRD COAST BANCSHARES INC,760304723,-0.04,45.64,BUY,
273,은행,CCB,US20180717001,코스탈 파이낸셜,747954254,1.41,49.63,BUY,
273,은행,CASS,US19960102002,캐스 인포메이션 시스템즈,733124648,0.86,57.75,BUY,
273,은행,PFIS,US20140403002,피플스 파이낸셜 서비시스,714688772,-0.11,71.33,,
273,은행,CARE,US20190325001,카터 뱅크셰어스,709760220,-1.59,31.52,BUY,
273,은행,CWBC,US19940405001,커뮤니티 웨스트 뱅크셰어스,704715985,0.73,26.17,,
273,은행,SUPV,US20160519005,그루포 수페르비에예(ADR),698470842,-3.26,7.72,HOLD,
273,은행,BCAL,NAS0230511002,서던 캘리포니아 뱅코프,688197165,1.03,21.63,,
273,은행,RCBC,NAS2608006007,리버시티 뱅크,679169835,1.17,48.4,,
273,은행,BWB,US20180314001,브리지워터 뱅크셰어스,676874250,0.09,22.35,BUY,
273,은행,BHB,US19941207001,바 하버 뱅크셰어스,676032667,0.62,40.58,,
273,은행,RRBI,US20190502002,레드 리버 뱅크셰어스,674069531,-0.62,101.77,HOLD,
273,은행,ACNB,US19960102001,ACNB,654499621,-0.43,64.09,BUY,
273,은행,VBNK,US20210922017,버사뱅크,646082700,-0.3,19.93,BUY,
273,은행,KRNY,US20050224001,커니 파이낸셜,632356182,0.1,9.78,BUY,
273,은행,CBNK,US20180925002,캐피탈 뱅코프,613368521,-0.82,37.35,BUY,
273,은행,UNTY,US19890511001,유니티 뱅코프,611162138,-1.03,60.24,BUY,
273,은행,SFST,US19991027002,서던 퍼스트 뱅크셰어스,609378228,-0.37,64.11,BUY,
273,은행,NPB,NYS0250214001,노스포인트 뱅크셰어스,598830533,0.35,17.38,BUY,
273,은행,NRIM,US19901105001,노스림 뱅코프,598034957,-0.37,26.79,BUY,
273,은행,FBIZ,US20051007001,퍼스트 비즈니스 파이낸셜 서비시스,593606442,-0.35,70.7,BUY,
273,은행,CIVB,US20150505001,시비스타 뱅크셰어스,589599577,-0.25,28.29,,
273,은행,GCBC,US19981230002,그린 카운티 뱅코프,582999248,0.06,34.27,,
273,은행,HBCP,US20081003001,홈 뱅코프,565393508,-0.57,71.44,HOLD,
273,은행,BWFG,US20140515001,뱅크웰 파이낸셜 그룹,539269285,-0.41,67.38,,
273,은행,BSRR,US19960530001,시에라 뱅코프,521845376,-0.29,40.69,,
273,은행,OBT,US20210805006,오랜지 카운티 뱅코프,519046274,0.31,38.84,BUY,
273,은행,COFS,US20200207001,초이스원 파이낸셜 서비시스,510921787,-0.38,34.04,BUY,
273,은행,WTBA,US19990503001,웨스트 뱅코프,509840689,-2.64,29.13,HOLD,
273,은행,PDLB,US20171002008,폰세 파이낸셜 그룹,501792551,-0.43,20.66,BUY,
273,은행,BSVN,US20180919001,뱅크7,496096652,-0.13,52.02,,
273,은행,CBK,NAS0251002002,커머셜 뱅크그룹,480264695,-0.4,34.92,,
273,은행,FRBA,US20131115001,퍼스트 뱅크,474010109,-0.74,18.82,BUY,
273,은행,CBAN,US19980402001,콜로니 뱅코프,468671744,-0.36,22.01,BUY,
273,은행,CZNC,US19940316001,시티즌스 앤 노던,466028381,0.38,26.09,HOLD,
273,은행,RBB,US20170725005,RBB 뱅코프,462046168,0,27.32,HOLD,
273,은행,BMRC,US19991223001,뱅크 오브 마린 뱅코프,455933352,-0.46,28.03,HOLD,
273,은행,AVBC,NYS0250801001,아비디아 뱅코프,447439686,-1.12,22.1,,
273,은행,PLBC,US20021211001,플루마스 뱅코프,434707149,-0.85,61.95,,
273,은행,ISTR,US20140701004,인베스타 홀딩,425757600,-0.16,30.86,BUY,
273,은행,PBFS,US20190718004,파이어니어 뱅코프,424702387,1.05,17.28,,
273,은행,USCB,US20210721013,USCB 파이낸셜 홀딩스,415587458,0.62,22.64,,
273,은행,FRST,US20210331001,프리미스 파이낸셜,412569081,-0.54,16.55,BUY,
273,은행,PKBK,US20010905001,파크 뱅코프,410388288,0.49,35.07,,
273,은행,CHMG,US19990104002,셔멍 파이낸셜,399085049,0.99,83.61,BUY,
273,은행,FNLC,US19990714002,퍼스트 뱅코프,398971772,0.48,35.54,,
273,은행,MVBF,US20171207003,MVB 파이낸셜,397888426,0.85,30.95,BUY,
273,은행,PCB,US20180810001,PCB 뱅코프,394288823,1.85,28.6,,
273,은행,CZFS,US20220603002,시티즌스 파이낸셜 서비시스,393795529,1.92,83.46,BUY,
273,은행,WSBF,US20051005001,워터스톤 파이낸셜,379234882,0.47,21.2,,
273,은행,NWFL,US19980304001,노우드 파이낸셜,371572918,0.73,34.34,BUY,
273,은행,NECB,US20210713002,노스이스트 커뮤니티 뱅코프,368439279,0.56,26.92,BUY,
273,은행,BRBS,US20191223002,블루 리지 뱅크셰어스,358679361,-1.0,3.96,,
273,은행,AVBH,NAS0250808001,애비드뱅크 홀딩스,358534602,0.15,32.7,,
273,은행,TSBK,US19980113001,팀버랜드 뱅코프,356594282,2.01,46.79,,
273,은행,FVCB,US20180914003,에프브이시뱅코프,337889359,0.48,18.83,BUY,
273,은행,BCML,US20180504001,베이컴,334084744,1.63,31.1,HOLD,
273,은행,COSO,NYS0250702002,코스탈사우스 뱅크셰어즈,332621706,-0.11,27.8,,
273,은행,FCCO,US19990309001,퍼스트 커뮤니티,326101522,-0.72,34.45,,
273,은행,JMSB,US20220427006,존 마셜 뱅코프,325780099,-0.65,22.94,,
273,은행,FSBW,US20120710001,FS 뱅코프,318541100,0.51,43.09,HOLD,
273,은행,FDBC,US20171006001,피델리티 D 앤 D 뱅코프,316031997,1.19,55.07,,
273,은행,ISBA,NAS0250512005,이자벨라 뱅크,312717487,-0.15,40.94,,
273,은행,BPRN,NAS0230111001,프린스턴 뱅코프,291270717,1.03,43.2,HOLD,
273,은행,FUNC,US19920908001,퍼스트 유나이티드,289909381,0.69,45.24,BUY,
273,은행,XE,NAS2604024003,퍼스트 노던 커뮤니티 뱅코프,287676572,0,17.55,,
273,은행,OVLY,US20031015001,오크 밸리 뱅코프,287401294,0.64,34.39,,
273,은행,FXNC,US20190418001,퍼스트 내셔널,287223423,0.79,32.02,HOLD,
273,은행,FRAF,US20190501002,프랭클린 파이낸셜 서비시스,287192421,-0.36,63.61,BUY,
273,은행,LCNB,US19991026001,LCNB,283471606,1.66,20.22,HOLD,
273,은행,ATLO,US19970811001,에임스 내셔널,282308316,0.91,32.17,HOLD,
273,은행,CFFI,US19980507001,C&F 파이낸셜,279456105,1.85,87.55,,
273,은행,WNEB,US20161024002,웨스턴 뉴 잉글랜드 뱅코프,279179802,0.29,13.97,HOLD,
273,은행,HWBK,US19990720001,호손 뱅크셰어스,273967833,0.23,39.8,,
273,은행,NKSH,US19991201001,내셔널 뱅크셰어스,271394574,1.36,43.19,BUY,
273,은행,RMBI,US20190702001,리치먼드 뮤추얼 뱅코프,265742124,1.07,16.03,,
273,은행,INBK,US20060405001,퍼스트 인터넷 뱅코프,251422390,2.32,29.52,HOLD,
273,은행,VABK,US20210405008,버지니아 내셔널 뱅크셰어스,250540654,2.68,47.43,,
273,은행,FBLA,NAS0241023003,FB 뱅코프,247622700,1.35,15.74,,
273,은행,PEBK,US19950818013,피플스 뱅코프 오브 노스 캐롤라이나,243530818,1.35,45.2,,
273,은행,OPHC,US20030508001,옵티멈뱅크 홀딩스,242923977,-0.59,10.03,BUY,
273,은행,MRBK,US20171107003,메리디언,238888179,0,20.03,,
273,은행,EFSI,NAS0250207001,이글 파이낸셜 서비시즈,236383338,0,43.69,BUY,
273,은행,CFBK,US19981230001,CF 뱅크셰어스,233150820,-0.7,35.67,,
273,은행,OPBK,US20180328004,OP 뱅코프,231854351,0.13,15.55,,
273,은행,OVBC,US19960209001,오하이오 밸리 뱅코프,213881205,-0.79,45.05,,
273,은행,FCAP,US19990104003,퍼스트 캐피탈,212974009,-0.11,63.62,,
273,은행,MNSB,US20190417005,메인스트리트 뱅크셰어스,204220879,2.93,25.33,BUY,
273,은행,CZWI,US20040330001,시티즌스 커뮤니티 뱅코프,201840037,1.29,21.19,BUY,
273,은행,RBKB,US20190117001,라인벡 뱅코프,198222020,0.63,12.76,,
273,은행,LARK,US19940328001,랜드마크 뱅코프,195114712,0.38,32.11,HOLD,
273,은행,FNWD,US20211103006,핀워드 뱅코프,194943756,-0.04,44.98,,
273,은행,HNVR,US20220510005,하노버 뱅코프,193277637,1.24,27.74,HOLD,
273,은행,FINW,US20210811001,핀와이즈 뱅코프,190291195,2.41,14.04,BUY,
273,은행,CBFV,US20141103001,CB 파이낸셜 서비시스,189604513,-0.16,37.26,BUY,
273,은행,EBMT,US20000406001,이글 뱅코프 몬태나,185555198,0.99,23.53,,
273,은행,BVFL,NAS0230801008,BV 파이낸셜,180893746,2.34,21.86,,
273,은행,ECBK,US20220727002,ECB 뱅코프,180307938,0.48,20.74,,
273,은행,SBFG,US19940405002,SB 파이낸셜 그룹,169420160,-1.44,26.71,,
273,은행,BAFN,US20211130003,베이퍼스트 파이낸셜,164438306,5.57,6.44,,
273,은행,FGBI,US20151104002,퍼스트 개런티 뱅크셰어스,163466929,9.17,9.05,HOLD,
273,은행,BCBP,US20020522001,BCB 뱅코프,161795983,-0.22,8.92,HOLD,
273,은행,SRBK,NAS0230920008,SR 뱅코프,158970787,0.9,20.22,,
273,은행,PNBK,US19940831001,패트리엇 내셔널 뱅코프,128214390,-2.78,1.05,,
273,은행,BOTJ,US20000810001,제임스 파이낸셜 그룹,125960055,-1.01,27.45,,
273,은행,MGYR,US20060124002,매자르 뱅코프,125788744,0.05,19.5,,
273,은행,UNB,US19990809001,유니언 뱅크셰어스,120752493,-0.86,24.21,,
273,은행,SFBC,US20120824001,사운드 파이낸셜 뱅코프,118875185,1.53,47.01,,
273,은행,PROV,US19960628002,프로비던트 파이낸셜 홀딩스,112415592,0.17,17.98,HOLD,
273,은행,FNWB,US20150129002,퍼스트 노스웨스트 뱅코프,108409425,0,11.4,,
273,은행,RVSB,US19971001001,리버뷰 뱅코프,102537635,0.39,5.16,,
273,은행,PBHC,US19960530005,패트파인더 뱅코프,102131867,1.6,16.53,,
273,은행,FDSB,NAS0240801004,피프스 디스트릭트 뱅코프,95844576,-0.33,18.25,,
273,은행,AUBN,US19950911001,오번 내셔널 뱅코프,91478111,0,26.26,,
273,은행,FUSB,US20161011001,퍼스트 유에스 뱅크셰어스,90753408,1.39,16.72,,
273,은행,ASRV,US19900327001,아메리서브 파이낸셜,88952498,-3.05,5.08,,
273,은행,UBCP,US19950818019,유나이티드 뱅코프,87620136,0.13,15.3,,
273,은행,SSBI,US20060714001,서밋 스테이트 뱅크 산타로사,87406146,0,12.92,,
273,은행,HFBL,US20070620001,홈 페더럴 뱅코프 오브 루이지아나,73888447,0,24.2,,
273,은행,BYFC,US19960109001,브로드웨이 파이낸셜,71432347,0.35,11.6,,
273,은행,TCBS,US20210715015,텍사스 커뮤니티 뱅크셰어스,50003574,0.4,17.48,,
273,은행,KFFB,US20050303001,캔터키 퍼스트 페더럴 뱅코프,44144104,0,5.46,,
273,은행,SHFS,US20220929002,SHF 홀딩스,2008612,1.23,0.1649,,
