sector_id,sector_name,ticker,toss_code,name_ko,market_cap_usd,change_pct,close,analyst,signal
45,렌터카,CAR,US19681202001,에이비스 버짓 그룹,4892662763,6.81,147.52,HOLD,
45,렌터카,HTZ,US20211109010,허츠 글로벌 홀딩스,764911802,6.54,2.28,HOLD,
295,전기차,TSLA,US20100629001,테슬라,1381207151067,5.52,368.01,HOLD,FSD 안전성 우려
295,전기차,RIVN,US20211109013,리비안,23331352112,0,16.07,HOLD,CFO 사임 부담
295,전기차,XPEV,US20200826004,샤오펑(ADR),11077044436,-1.47,11.36,BUY,
295,전기차,NIO,US20180910002,니오(ADR),10719315444,-3.2,4.23,BUY,실적 개선 전망
295,전기차,LI,US20200730004,리 오토(ADR),10587725278,-1.23,12.08,HOLD,
295,전기차,VFS,US20210907003,빈패스트,7225663340,1.95,3.14,BUY,
295,전기차,LCID,US20200918008,루시드 그룹,1979741860,-3.19,4.85,HOLD,
295,전기차,PSNY,US20210513002,폴스타 오토모티브 홀딩 A(ADR),1852711966,-1.97,12.47,SELL,
295,전기차,ADSE,US20211223001,애즈 텍 에너지,851309625,3.63,11.71,,
295,전기차,LOT,US20210503008,로터스 테크놀로지(ADR),805905350,-6.45,1.16,,
295,전기차,EVGO,US20210702004,EVgo,435229892,-2.9,1.34,BUY,
295,전기차,AIIO,NAS0221114004,로보AI,380012190,-2.64,2.21,,
295,전기차,CHPT,US20210301014,차지포인트 홀딩스,144648024,-1.26,5.5,HOLD,
295,전기차,BLNK,US20180214001,블링크 차징,77392930,-2.37,0.5199,HOLD,
295,전기차,WBX,US20211004015,월박스,67276877,-0.99,3.01,BUY,
295,전기차,NAAS,US20220613002,나스 테크놀로지(ADR),53856906,2.22,3.22,,사모발행 희석 부담
295,전기차,ZOOZ,US20220303001,주즈 파워,48135804,12.82,6.69,BUY,
295,전기차,XOS,US20210820004,엑소스,47903863,-5.95,3.16,,
295,전기차,SPRU,US20201222011,스프루스 파워 홀딩,36100974,-0.53,1.86,,
295,전기차,WKHS,US20160107001,워크호스 그룹,33643377,11.73,3.43,,
295,전기차,SCAG,NAS0250630006,스케이지 퓨처(ADR),20059186,-1.78,0.2706,,
295,전기차,XCH,NAS0240910009,엑스차지(ADR),15328828,-5.33,3.55,,
295,전기차,GP,US20200828001,그린파워 모터,10740555,-17.6,1.03,,
295,전기차,CENN,US20151218001,센트로,10197785,-2.9,4.02,,
295,전기차,LOBO,NAS0240321005,로보 EV 테크놀로지스,8605693,-1.61,0.61,,
295,전기차,FFIE,US20210722005,패러데이 퓨처 인텔리전트 일렉트릭,8543736,2.26,2.26,BUY,
295,전기차,EZGO,US20210126005,이지고 테크놀로지스,4985884,-7.16,0.87,,
295,전기차,SSM,ETC0240424001,소노 그룹,3814809,-0.37,2.66,,스포츠 전환 기대
439,콩,CRESY,US19970319001,크레수드(ADR),700748819,4.07,11.51,,
439,콩,COOT,US20201210002,오스트레일리안 오일시즈 홀딩스,21540628,28.87,0.5928,,
73,농업용 기계,DE,US19580804001,디어,170422162369,3.9,654.91,BUY,농기계 수요 회복 전망
73,농업용 기계,CNH,US20131001001,CNH 인더스트리얼,14496548545,1.28,11.83,BUY,농기계 회복 전망
73,농업용 기계,TTC,US19831215001,더 토로 컴퍼니,9456615046,-1.23,97.81,,
73,농업용 기계,AGCO,US19920416001,애그코,7962819590,4.34,118.31,HOLD,베어드 의견상향
73,농업용 기계,TITN,US20071206001,타이탄 머시너리,417325843,14.89,20.52,,
73,농업용 기계,UAVS,US20180327006,에이지이글 에어리얼 시스템스,68125713,3.7,1.12,,
73,농업용 기계,ARTW,US19840907005,아츠웨이 매뉴팩처링,15021346,-3.47,2.78,,
73,농업용 기계,HYFM,US20201208003,하이드로팜 홀딩스 그룹,4046358,9.78,0.9192,,
73,농업용 기계,IPW,US20210506001,아이파워,1527287,-1.03,1.93,,
291,자동차브랜드,TSLA,US20100629001,테슬라,1381207151067,5.52,368.01,HOLD,FSD 안전성 우려
291,자동차브랜드,TM,US19791004001,토요타 모터(ADR),230932920232,1.06,196.54,BUY,
291,자동차브랜드,GM,US20101118002,제너럴 모터스,75906717510,0.06,86.32,BUY,캐나다 투자 합의
291,자동차브랜드,RACE,US20151021002,페라리,74758678149,0.49,422.6,BUY,
291,자동차브랜드,PCAR,US19860709001,파카,66156714277,-0.95,124.15,HOLD,
291,자동차브랜드,F,US19720601002,포드,56131832178,0.43,13.94,HOLD,연비 기준 완화
291,자동차브랜드,HMC,US19770211001,혼다 모터스(ADR),41457970919,0.31,31.96,BUY,
291,자동차브랜드,STLA,US20210119007,스텔란티스,15781589424,1.29,5.49,HOLD,
291,자동차브랜드,BLBD,US20150226001,블루 버드,1881351196,-1.86,58.13,BUY,
291,자동차브랜드,PSNY,US20210513002,폴스타 오토모티브 홀딩 A(ADR),1852711966,-1.97,12.47,SELL,
291,자동차브랜드,DCX,US20220107002,디지털 커런시 X 테크놀로지,260604291,-6.2,0.6934,,
351,수산물,TWG,NAS0240415006,탑 웰스 그룹 홀딩스,30226657,-3.08,0.4656,,
351,수산물,AQB,US20170119001,아쿠아바운티 테크놀로지스,6451766,0.8,1.26,,
351,수산물,NCRA,US20220811004,노세라,4503317,49.74,2.83,,
351,수산물,MGN,NAS0250926004,메건 홀딩스,4073815,8.01,0.1186,,
605,암호화폐,MSTR,US19980611001,스트래티지,62618880800,4.43,132.95,BUY,
605,암호화폐,COIN,US20210414003,코인베이스,47261941216,5.31,188.12,BUY,비트코인 약세 부담
605,암호화폐,CRCL,NYS0250605001,써클 인터넷 그룹,22183816865,9.65,95.55,BUY,금리 인상 부담
605,암호화폐,BMNR,AMX0250605001,비트마인 이머션 테크놀로지스,14735771118,6.39,25.32,BUY,크립토주 약세
605,암호화폐,IREN,US20211116005,아이렌,14007943285,4.71,37.12,BUY,실적 예상치 하회
605,암호화폐,HUT,US20210615004,허트 8,9810803580,-1.06,78.58,BUY,
605,암호화폐,GLXY,NAS0250516003,갤럭시 디지털,9097581646,5.99,24.6,BUY,금리 재가격 부담
605,암호화폐,WULF,US20211214013,테라울프,7680313284,-1.43,15.13,BUY,
605,암호화폐,APLD,US20220413001,어플라이드 디지털,7406216795,0.28,25.41,BUY,
605,암호화폐,RIOT,US20171019002,라이엇 플랫폼스,7145839849,0,18.99,BUY,금리 인상 부담
605,암호화폐,CIFR,US20210830003,사이퍼 마이닝,6313396990,2.18,15.5,BUY,
605,암호화폐,CORZ,NAS0240124001,코어 사이언티픽,5319976708,-1.27,16.3,BUY,
605,암호화폐,BLSH,NYS0250813001,불리쉬,4957086602,3.47,34.03,,금리 재가격 부담
605,암호화폐,MARA,US20140728001,마라 홀딩스,4133192279,0.84,10.76,BUY,재무전략 신뢰 약화
605,암호화폐,IOND,NAS2607028003,아이오닉 디지털,3228932814,0.72,71.82,,
605,암호화폐,CLSK,US20200124001,클린스파크,3002753726,-0.43,11.61,BUY,
605,암호화폐,BTDR,NAS0230414002,비트디어 테크놀로지스 그룹,2517928819,4.84,10.82,BUY,
605,암호화폐,SECZ,NAS0250502001,시큐리타이즈,1029776158,2.7,6.46,BUY,
605,암호화폐,CSHR,NAS0241028006,코인셰어스,790221148,0.84,6.03,,
605,암호화폐,HIVE,US20210914015,하이브 디지털 테크놀로지스,761608889,0.36,2.78,BUY,
605,암호화폐,GEMI,NAS0250911002,제미니 스페이스 스테이션,559043529,4.65,4.5,HOLD,
605,암호화폐,BTBT,US20200807001,비트 디지털,517129579,0,1.43,,
605,암호화폐,MCGA,NAS0250908003,YORKVILLE ACQUISITION CORP.,428482318,-0.1,10.34,,
605,암호화폐,CNCK,US20210820003,코인체크 그룹,405810930,0.95,2.13,,
605,암호화폐,DGXX,US20211115001,디지 파워 X,381734556,-3.75,3.59,BUY,
605,암호화폐,CD,NAS0230228002,체인스 디지털 홀딩스,359602382,-8.59,2.98,,
605,암호화폐,BKKT,US20211018004,백트 홀딩스,347540920,-0.26,7.67,,
605,암호화폐,SLNH,US20211104022,솔루나 홀딩스,334390803,-2.7,1.08,,
605,암호화폐,EXOD,AMX0241218003,엑소더스 무브먼트,241081637,-4.52,7.6,BUY,
605,암호화폐,DEFT,NAS0250512003,디파이 테크놀로지스,241009639,-2.6,0.6032,BUY,
605,암호화폐,FUFU,US20211209001,비트푸푸,223932312,-0.75,1.33,BUY,
605,암호화폐,BGIN,NAS0251021003,비긴 블록체인,223493085,2.03,2.01,,
605,암호화폐,ANTA,NAS0250513001,앤트알파 플랫폼 홀딩 컴퍼니,88055026,1.91,3.73,BUY,
605,암호화폐,AIB,AMX0231110001,AIB 데이터센터,86855706,0,1.14,BUY,
605,암호화폐,AIFC,US20190911002,AI 파이낸셜,83348281,-6.76,0.5542,,
605,암호화폐,FRMM,US20201109002,포럼 마켓츠,77559357,-3.24,5.67,BUY,
605,암호화폐,BTCS,US20210914001,BTCS,71032674,0,1.35,,
605,암호화폐,NCTY,US20041215001,더 나인(ADR),67387454,0.91,4.44,,토큰 평가이익 부담
605,암호화폐,STKE,NAS0250909003,솔 스트래터지스,48702941,-1.63,1.21,,
605,암호화폐,SDEV,AMX0221116004,스테이블코인 디벨롭먼트,47435778,1.13,0.9452,,
605,암호화폐,SAIH,US20220502003,사이히트,43756146,-1.05,23.5,,
605,암호화폐,BENF,US20211203001,베네피선트,35119350,-7.96,2.08,,
605,암호화폐,VIP,US20210915006,벌컨 인프라스트럭처 앤 파워,33080596,-3.91,1.72,,
605,암호화폐,BTCT,US20200331004,BTC 디지털,30459065,7.73,2.09,BUY,
605,암호화폐,FLD,US20220207004,폴드 홀딩스,29144467,-6.94,0.4911,,
605,암호화폐,AIXC,NAS0221123002,AIxCRYPTO 홀딩스,15883681,3.76,0.8122,,첫 유료 배치 완료
605,암호화폐,MPU,AMX0230206001,메가 매트릭스,15232473,-9.46,0.201,,
605,암호화폐,EBON,US20200626002,이방 인터내셔널 홀딩스,15091951,-5.68,2.16,,
605,암호화폐,CAN,US20191120001,카난(ADR),14866638,-2.47,0.3706,,비트코인 랠리
605,암호화폐,AGMH,US20180418001,AGM 그룹 홀딩스,3390285,-1.58,0.9252,,
605,암호화폐,IPST,NAS0241122001,IP 스트래티지 홀딩,2855092,-2.17,4.06,,
605,암호화폐,BTOG,US20220215001,비트 오리진,2551992,-10.0,2.79,,
605,암호화폐,MI,AMX0230918004,NFT,1259861,0.81,2.48,,
605,암호화폐,ARBK,US20210922001,아르고 블록체인(ADR),960184,1.39,2.91,,
421,원유정제,XOM,US19200325001,엑슨 모빌,646156608357,2.71,160.95,BUY,
421,원유정제,CVX,US19210624001,셰브론,399930207110,2.12,206.14,BUY,유가 급등 수혜
421,원유정제,TTE,US20210611013,토탈에너지스,197564958465,2.27,88.31,BUY,유가 급등 수혜
421,원유정제,PBR,US20000810002,페트로브라스(ADR),114937613915,4.43,19.35,BUY,
421,원유정제,PBR,US20031007004,페트로브라스 우선주(ADR),114937613915,3.76,17.4,BUY,
421,원유정제,BP,US19700323001,BP(ADR),110626363514,1.71,42.87,BUY,정제설비 확대 기대
421,원유정제,MPC,US20110623001,마라톤 페트롤리움,103862533457,1.22,373.32,BUY,
421,원유정제,VLO,US19970801002,발레로 에너지,101734196915,1.86,358.92,BUY,유가 급등 수혜
421,원유정제,PSX,US20120412003,필립스 66,97633882202,1.05,246.58,BUY,
421,원유정제,E,US19951128001,애니 SpA(ADR),77829576751,3.77,54.8,HOLD,우루과이 해상 진출
421,원유정제,SU,US19970418001,선코어 에너지,76740132994,2.12,66.82,BUY,
421,원유정제,KMI,US20110211002,킨더 모건,70471884768,2.15,32.24,BUY,
421,원유정제,EC,US20080918002,에코페트롤(ADR),34014917034,1.03,16.67,HOLD,
421,원유정제,YPF,US19930629001,YPF(ADR),19796200776,2.75,51.58,BUY,국제유가 상승
421,원유정제,DINO,US20220315002,HF 싱클레어,17775764703,1.91,101.61,HOLD,
421,원유정제,PBF,US20121213002,PBF 에너지,8472631962,2.4,72.99,HOLD,
421,원유정제,NEU,US19991007001,뉴마켓,8436562062,-1.86,897.7,,
421,원유정제,SSL,US20030409001,사솔(ADR),7509826738,1.69,12.02,,
421,원유정제,DK,US20060504001,델렉 유에스 홀딩스,4436237643,2.89,74.34,BUY,
421,원유정제,CVI,US20071023001,CVR 에너지,4209747352,0.24,41.86,SELL,
421,원유정제,CLMT,NAS0240711002,캘러멧,4208727404,4.15,49.73,BUY,
421,원유정제,PARR,US20180220001,파 퍼시픽 홀딩스,3961261038,1.36,79.92,BUY,
421,원유정제,REX,US19920701001,렉스 아메리칸 리소시스,1365734539,-0.65,41.08,,
421,원유정제,SKYQ,NAS0241010011,스카이 쿼리,23295950,1.52,2.67,,
549,원유개발,XOM,US19200325001,엑슨 모빌,646156608357,2.71,160.95,BUY,
549,원유개발,CVX,US19210624001,셰브론,399930207110,2.12,206.14,BUY,유가 급등 수혜
549,원유개발,SHEL,US20220201008,쉘(ADR),252129846664,0.59,91.45,BUY,정제능력 확대 기대
549,원유개발,TTE,US20210611013,토탈에너지스,197564958465,2.27,88.31,BUY,유가 급등 수혜
549,원유개발,COP,US19720630003,코노코필립스,157026638603,1.64,132.49,BUY,유가 강세 수혜
549,원유개발,MPC,US20110623001,마라톤 페트롤리움,103862533457,1.22,373.32,BUY,
549,원유개발,EQNR,US20180517004,에퀴노르(ADR),103771904548,3.41,42.8,HOLD,LG엔솔 공급계약
549,원유개발,CNQ,US20000731001,캐나디안 내추럴 리소시스,101315591640,2.2,50.07,HOLD,
549,원유개발,SLB,US19620202001,슐럼버거,85312587661,4.83,60.1,BUY,데이터센터 확대
549,원유개발,E,US19951128001,애니 SpA(ADR),77829576751,3.77,54.8,HOLD,우루과이 해상 진출
549,원유개발,SU,US19970418001,선코어 에너지,76740132994,2.12,66.82,BUY,
549,원유개발,EOG,US19891004001,EOG 리소시스,75398832227,1.12,144.96,BUY,
549,원유개발,IMO,US19860716001,임페리얼 오일,63024215590,0.64,131.34,,
549,원유개발,BKR,US20211207002,베이커 휴즈,62123817174,1.83,63.55,BUY,유가 강세
549,원유개발,CVE,US20091209001,세노버스 에너지,58565886552,1.8,32.15,BUY,
549,원유개발,FANG,US20121012001,다이아몬드백 에너지,55505221102,1.45,200.53,BUY,목표가 상향
549,원유개발,WDS,US20220602002,우드사이드 에너지 그룹(ADR),43960393346,0.95,23.28,HOLD,
549,원유개발,EC,US20080918002,에코페트롤(ADR),34014917034,1.03,16.67,HOLD,
549,원유개발,HAL,US19480915001,할리버턴,30225869242,1.85,36.85,BUY,유가 급등 수혜
549,원유개발,FTI,US20010614001,테크닙 FMC,29823852990,3.05,78.15,BUY,
549,원유개발,EXE,US20210210006,익스팬드 에너지,22787145502,0.02,98.18,BUY,
549,원유개발,PR,US20161012001,퍼미언 리소시스,19065031059,2.6,23.29,BUY,
549,원유개발,OVV,US20200127001,오빈티브,17776334632,1.64,65.65,BUY,
549,원유개발,VNOM,US20161109014,바이퍼 에너지,15913039363,1.38,44.79,BUY,
549,원유개발,APA,US20200609001,APA,14945097457,1.43,43.15,HOLD,
549,원유개발,AR,US20131010002,앤테로 리소시스,11853662977,0.08,38.48,BUY,
549,원유개발,KNTK,US20221024004,키네틱 홀딩스,8761742223,1.9,54.83,BUY,
549,원유개발,SM,US19921221001,SM 에너지,8734261607,1.53,37.18,BUY,
549,원유개발,CHRD,US20201120003,코드 에너지,8007935355,0.81,147.18,BUY,
549,원유개발,VIST,US20190725004,비스타 에너지(ADR),7780123448,1.88,71.46,BUY,
549,원유개발,NOV,US19961029001,노브,7503132152,1.43,21.29,HOLD,
549,원유개발,NE,US20210609010,노블,7325394889,0.15,45.83,BUY,
549,원유개발,MTDR,US20120202002,마타도어 리소시스,6997765260,2.87,58.01,BUY,유가 강세 수혜
549,원유개발,WFRD,US20210602003,웨더포드 인터내셔널,6741938422,4.24,97.77,BUY,
549,원유개발,RIG,US19930604001,트랜스오션,6495787556,0.17,5.81,BUY,
549,원유개발,MGY,US20180801012,매그놀리아 오일 앤 가스,6237597800,2.29,26.85,BUY,
549,원유개발,VAL,US20210503017,발라리스,6008156388,0.09,86.37,HOLD,
549,원유개발,KGS,NYS0230628002,코디악 가스 서비시스,5846765758,1.91,58.77,BUY,
549,원유개발,OII,US19751030001,오셔니어링 인터내셔널,5049105051,2.31,51.76,,
549,원유개발,PTEN,US19931102001,패터슨 UTI 에너지,4753701040,1.61,12.63,BUY,
549,원유개발,CRC,US20201028012,캘리포니아 리소시스,4651869723,1.53,53.03,BUY,
549,원유개발,CRGY,US20211208002,크레센트 에너지,4486016157,1.11,13.69,BUY,
549,원유개발,PAM,US19900918001,팜파 에네르히아(ADR),4387404819,2.32,82.32,BUY,
549,원유개발,HP,US19630320001,헬머리치 앤 페인,4264141396,2.42,43.58,HOLD,
549,원유개발,SEI,US20170509002,솔라리스 에너지 인프라스트럭처,3830442600,1.76,50.77,BUY,
549,원유개발,NESR,US20170605001,내셔널 에너지 서비스 리유나이티드,3482922981,1.92,35.1,BUY,
549,원유개발,ARLP,US20161108001,얼라이언스 리소스 파트너스,3377585987,1.26,26.51,,
549,원유개발,BTE,NYS0230223001,베이텍스 에너지,3321217521,2.74,4.87,BUY,
549,원유개발,GPOR,US20210518008,걸프포트 에너지,3127513568,1.75,179.45,BUY,
549,원유개발,SDRL,US20221014005,시드릴,2985190991,2.35,48.72,BUY,
549,원유개발,TALO,US20180510003,탈로스 에너지,2790986788,3.54,17.26,BUY,
549,원유개발,NOG,US20220217010,노던 오일 앤 가스,2749077340,1.09,26.01,BUY,
549,원유개발,WTTR,US20170419002,셀렉트 워터 솔루션즈,2677281080,1.14,19.5,BUY,
549,원유개발,INVX,US19971023001,이노벡스 인터내셔널,2111580985,1.86,30.67,BUY,
549,원유개발,XPRO,US20211004017,엑스프로 그룹 홀딩스,1983930323,2.9,18.12,HOLD,
549,원유개발,FLOC,NYS0250116001,플로우코 홀딩스,1917152271,3.69,21.94,BUY,
549,원유개발,VET,US20090908002,버밀리언 에너지,1909143920,2.97,12.83,BUY,
549,원유개발,KRP,US20170203002,킴벨 로열티 파트너스,1714951831,0.27,14.95,,
549,원유개발,KOS,US20110511001,코스모스 에너지,1648083130,3.62,2.86,BUY,
549,원유개발,AESI,NYS0230308001,아틀라스 에너지 솔루션즈,1610728720,1.95,13.1,BUY,
549,원유개발,HLX,US19970701002,헬릭스 에너지 솔루션즈 그룹,1498583650,1.58,10.3,,혼벡 합병 호재
549,원유개발,RES,US19840611001,RPC,1422521112,2.03,6.53,HOLD,
549,원유개발,NBR,US19910228001,네이버스 인더스트리스,1397066234,2.1,93.64,HOLD,
549,원유개발,BORR,US20190731008,보르 드릴링,1373049824,0.67,4.48,BUY,
549,원유개발,PUMP,US20170316002,프로페트로 홀딩,1352329605,3.46,11.36,BUY,
549,원유개발,VTOL,US20200612004,브리스토우 그룹,1299823105,3.8,45.39,,
549,원유개발,BH,US19951213001,비글래리 홀딩스 B,1208246664,3.05,388.48,,동일매장 매출 호조
549,원유개발,BH.A,US20180501003,비글래리 홀딩스 A,1208246664,2.71,1957.33,,동일매장 매출 호조
549,원유개발,PDS,US20051107001,프리시전 드릴링,1152265404,1.73,91.71,,
549,원유개발,NPKI,US19910919001,NPK 인터내셔널,1120498966,0.91,13.28,BUY,
549,원유개발,SBR,US19821217001,사빈 로열티 트러스트,1094276543,0.33,75.1,,
549,원유개발,DEC,NYS0231218001,다이버시파이드 에너지,1046732735,0.95,14.89,BUY,
549,원유개발,HPK,US20200824001,하이피크 에너지,1027095330,0.99,8.18,BUY,
549,원유개발,TTI,US19900410001,테트라 테크놀로지스,1011159371,1.32,6.9,,
549,원유개발,FET,US20120412001,포럼 에너지 테크놀로지스,927367331,1.69,81.97,,
549,원유개발,SOC,US20210419016,세이블 오프쇼어,863872640,7.57,4.83,BUY,
549,원유개발,REPX,US20210301021,라일리 익스플로레이션 퍼미언,850388029,1.96,39.03,BUY,
549,원유개발,GFR,NYS0230921001,그린파이어 리소시스,762195228,1.65,6.16,BUY,
549,원유개발,OBE,US20220131013,업시디언 에너지,761433231,0.62,11.45,BUY,
549,원유개발,VTS,NYS0230117001,비테스 에너지,725771275,1.75,17.49,BUY,
549,원유개발,GRNT,US20221025001,그래닛 리지 리소시스,669257708,-0.59,5.03,BUY,
549,원유개발,GPRK,US20140207001,지오파크,639686324,11.9,11.0,BUY,베네수엘라 계약 수순
549,원유개발,EGY,US19920731001,발코 에너지,608632138,2.95,5.94,BUY,
549,원유개발,CLB,NYS0230502001,코어 래브러토리스,568698580,0.57,12.43,,
549,원유개발,WTI,US20050128002,W&T 오프쇼어,540353946,3.92,3.71,BUY,
549,원유개발,OIS,US20010208001,오일 스테이츠 인터내셔널,520811557,2.44,8.82,,
549,원유개발,SD,US20161004001,샌드리지 에너지,518999951,1.15,14.12,HOLD,
549,원유개발,NUAI,US20220105004,뉴 에라 에너지 & 디지털,497937353,1.72,4.74,BUY,
549,원유개발,RNGR,US20170810003,레인저 에너지 서비시스,388372680,0.91,16.7,,
549,원유개발,REI,US20130904002,링 에너지,378825345,1.38,1.47,BUY,
549,원유개발,GTE,US20051114001,그랜 티에라 에너지,350168857,2.84,10.15,HOLD,
549,원유개발,PNRG,US19950818014,프라임에너지 리소시스,332787391,0.29,210.31,HOLD,
549,원유개발,SND,US20161104003,스마트 샌드,221083766,1.35,5.27,,
549,원유개발,KGEI,NAS0231011006,콜리브리 글로벌 에너지,209410227,3.08,6.02,,
549,원유개발,AMPY,US20190807002,앰플리파이 에너지,197877463,3.36,4.92,,
549,원유개발,EPSN,US20190219001,엡실론 에너지,182811634,3.32,6.22,,
549,원유개발,PED,US20130911001,페데브코,176990438,2.48,13.61,,
549,원유개발,TUSK,US20161014001,매머드 에너지 서비시스,149124782,1.29,3.13,,
549,원유개발,EPM,US19960411001,에볼루션 페트롤리엄,146749634,1.65,3.7,BUY,노스랜드 의견상향
549,원유개발,NCSM,US20170424001,NCS 멀티스테이지 홀딩스,135904516,4.67,54.05,,
549,원유개발,EP,US20220308002,엠파이어 페트롤리엄,134665548,-2.17,3.16,,
549,원유개발,SJT,US19801024002,산 후안 베이슨 로열티 트러스트,126658531,1.85,2.76,,
549,원유개발,DTI,US20211229006,드릴링 툴스 인터내셔널,89864247,-3.15,2.46,,
549,원유개발,NRT,US19960329002,노스 유러피언 오일 로열티 트러스트,83127975,1.0,9.11,,
549,원유개발,BSIN,US19900326054,빅 스카이 인더스트리얼,76851980,3.42,1.51,BUY,
549,원유개발,BATL,US20200220001,바탈리언 오일,75246779,3.05,1.35,,
549,원유개발,GEOS,US19971121001,지오스페이스 테크놀로지스,68488534,-0.38,5.26,,
549,원유개발,PROP,NAS0231228002,프레리 오퍼레이팅,63171601,-9.04,0.508,BUY,희석 우려 완화
549,원유개발,CRT,US19920227001,크로스 팀버스 로열티 트러스트,62692594,0.97,10.45,,
549,원유개발,PVL,US20180914005,퍼미언빌 로열티 트러스트,60887625,3.87,1.88,,
549,원유개발,VOC,US20110505004,VOC 에너지 트러스트,56084401,2.74,3.38,,
549,원유개발,AGIG,US20020118001,아번디아 글로벌 임팩트 그룹,44714925,5.94,1.07,BUY,
549,원유개발,INDO,US20191219003,인도네시아 에너지,43047795,1.79,2.84,,K-29 시추 진전
549,원유개발,MIND,US19941219001,마인드 테크놀로지,39555395,1.61,4.41,,
549,원유개발,RCON,US20090731001,레콘 테크놀로지,33633752,-3.75,1.54,,
549,원유개발,PRT,US20180501005,펌록 로열티 트러스트,27082483,0.91,2.21,,
549,원유개발,EONR,US20220404005,EON 리소시스,26155482,0.71,0.5257,,
549,원유개발,MXC,US19970305001,멕스코 에너지,20147185,3.36,10.15,,
549,원유개발,BRN,US19840907022,반웰 인더스트리스,14259939,-2.76,0.958,,
549,원유개발,TPET,AMX0230418002,트리오 페트롤리엄,9281924,-2.13,1.84,,
549,원유개발,MARPS,US20190131001,마린 페트롤리엄 트러스트,8744072,7.75,4.59,,
549,원유개발,MTR,US19791015001,메사 로열티 트러스트,4185966,0.45,2.25,,
551,천연가스개발,XOM,US19200325001,엑슨 모빌,646156608357,2.71,160.95,BUY,
551,천연가스개발,CVX,US19210624001,셰브론,399930207110,2.12,206.14,BUY,유가 급등 수혜
551,천연가스개발,SHEL,US20220201008,쉘(ADR),252129846664,0.59,91.45,BUY,정제능력 확대 기대
551,천연가스개발,COP,US19720630003,코노코필립스,157026638603,1.64,132.49,BUY,유가 강세 수혜
551,천연가스개발,EQNR,US20180517004,에퀴노르(ADR),103771904548,3.41,42.8,HOLD,LG엔솔 공급계약
551,천연가스개발,CNQ,US20000731001,캐나디안 내추럴 리소시스,101315591640,2.2,50.07,HOLD,
551,천연가스개발,PSX,US20120412003,필립스 66,97633882202,1.05,246.58,BUY,
551,천연가스개발,WMB,US19870602001,윌리엄스 컴퍼니스,90433102275,1.79,75.05,BUY,에너지주 강세
551,천연가스개발,SLB,US19620202001,슐럼버거,85312587661,4.83,60.1,BUY,데이터센터 확대
551,천연가스개발,EOG,US19891004001,EOG 리소시스,75398832227,1.12,144.96,BUY,
551,천연가스개발,OKE,US19540524001,원오크,59898732334,1.32,96.01,BUY,
551,천연가스개발,LNG,US19940404002,셰니어 에너지,58471763036,3.32,291.69,BUY,LNG 증설 완료
551,천연가스개발,VG,NYS0250124001,벤처 글로벌,35549184409,3.24,14.64,BUY,
551,천연가스개발,EQT,US19500605001,EQT,34228640412,-0.71,54.18,BUY,
551,천연가스개발,EC,US20080918002,에코페트롤(ADR),34014917034,1.03,16.67,HOLD,
551,천연가스개발,RRC,US19921228001,레인지 리소시스,9715098598,-0.34,41.32,HOLD,
551,천연가스개발,KNTK,US20221024004,키네틱 홀딩스,8761742223,1.9,54.83,BUY,
551,천연가스개발,RIG,US19930604001,트랜스오션,6495787556,0.17,5.81,BUY,
551,천연가스개발,KGS,NYS0230628002,코디악 가스 서비시스,5846765758,1.91,58.77,BUY,
551,천연가스개발,PAM,US19900918001,팜파 에네르히아(ADR),4387404819,2.32,82.32,BUY,
551,천연가스개발,CRK,US19950322001,컴스톡 리소시스,4207420764,0.98,14.43,HOLD,
551,천연가스개발,GPOR,US20210518008,걸프포트 에너지,3127513568,1.75,179.45,BUY,
551,천연가스개발,CSAN,US20210311012,코장(ADR),2788455042,4.61,2.95,HOLD,
551,천연가스개발,BKV,NYS0240926001,반푸 칼닌 벤처스,2658998910,-0.29,24.16,BUY,
551,천연가스개발,TGS,US19941117001,트란스포르타도라 데 가스 델 수르(ADR),1962212477,2.66,28.9,BUY,
551,천연가스개발,FLOC,NYS0250116001,플로우코 홀딩스,1917152271,3.69,21.94,BUY,
551,천연가스개발,KRP,US20170203002,킴벨 로열티 파트너스,1714951831,0.27,14.95,,
551,천연가스개발,HLX,US19970701002,헬릭스 에너지 솔루션즈 그룹,1498583650,1.58,10.3,,혼벡 합병 호재
551,천연가스개발,TBN,NYS0240627003,탐보란 리소시스,1298490482,1.97,37.88,,가스 판매 임박
551,천연가스개발,DEC,NYS0231218001,다이버시파이드 에너지,1046732735,0.95,14.89,BUY,
551,천연가스개발,SMC,NYS0240801005,서밋 미드스트림,694010164,2.2,34.83,BUY,장기 수송계약 확보
551,천연가스개발,GRNT,US20221025001,그래닛 리지 리소시스,669257708,-0.59,5.03,BUY,
551,천연가스개발,WHK,NYS2606005003,화이트호크 미네랄스,632797440,3.47,27.44,BUY,
551,천연가스개발,SD,US20161004001,샌드리지 에너지,518999951,1.15,14.12,HOLD,
551,천연가스개발,NUAI,US20220105004,뉴 에라 에너지 & 디지털,497937353,1.72,4.74,BUY,
551,천연가스개발,NGS,US20021021002,내추럴 가스 서비시스 그룹,448676725,1.47,35.2,BUY,
551,천연가스개발,NPWR,US20210806006,넷 파워,412627139,-2.73,1.78,,
551,천연가스개발,OPAL,US20220722003,오펄 퓨얼스,360992377,-3.4,1.99,BUY,
551,천연가스개발,GTE,US20051114001,그랜 티에라 에너지,350168857,2.84,10.15,HOLD,
551,천연가스개발,PNRG,US19950818014,프라임에너지 리소시스,332787391,0.29,210.31,HOLD,
551,천연가스개발,MNTK,US20210122011,몬탁 리뉴어블스,252639338,-2.82,1.72,HOLD,
551,천연가스개발,KGEI,NAS0231011006,콜리브리 글로벌 에너지,209410227,3.08,6.02,,
551,천연가스개발,AMPY,US20190807002,앰플리파이 에너지,197877463,3.36,4.92,,
551,천연가스개발,EPSN,US20190219001,엡실론 에너지,182811634,3.32,6.22,,
551,천연가스개발,EPM,US19960411001,에볼루션 페트롤리엄,146749634,1.65,3.7,BUY,노스랜드 의견상향
551,천연가스개발,NRT,US19960329002,노스 유러피언 오일 로열티 트러스트,83127975,1.0,9.11,,
551,천연가스개발,BSIN,US19900326054,빅 스카이 인더스트리얼,76851980,3.42,1.51,BUY,
551,천연가스개발,BATL,US20200220001,바탈리언 오일,75246779,3.05,1.35,,
551,천연가스개발,PROP,NAS0231228002,프레리 오퍼레이팅,63171601,-9.04,0.508,BUY,희석 우려 완화
551,천연가스개발,GLND,NAS2603026002,그린란드 에너지 컴퍼니,61391283,-2.14,1.37,,
551,천연가스개발,PVL,US20180914005,퍼미언빌 로열티 트러스트,60887625,3.87,1.88,,
551,천연가스개발,VOC,US20110505004,VOC 에너지 트러스트,56084401,2.74,3.38,,
551,천연가스개발,INDO,US20191219003,인도네시아 에너지,43047795,1.79,2.84,,K-29 시추 진전
551,천연가스개발,PRT,US20180501005,펌록 로열티 트러스트,27082483,0.91,2.21,,
551,천연가스개발,EONR,US20220404005,EON 리소시스,26155482,0.71,0.5257,,
551,천연가스개발,MXC,US19970305001,멕스코 에너지,20147185,3.36,10.15,,
551,천연가스개발,BRN,US19840907022,반웰 인더스트리스,14259939,-2.76,0.958,,
551,천연가스개발,TPET,AMX0230418002,트리오 페트롤리엄,9281924,-2.13,1.84,,
551,천연가스개발,MTR,US19791015001,메사 로열티 트러스트,4185966,0.45,2.25,,
79,스마트폰부품,MU,US19890516001,마이크론 테크놀로지,1056474194399,2.77,958.73,BUY,CXMT 경쟁 부담
79,스마트폰부품,QCOM,US19911213001,퀄컴,172875430330,3.79,170.42,HOLD,
79,스마트폰부품,GLW,US19450521001,코닝,128683903517,0.02,148.73,BUY,
79,스마트폰부품,TTMI,US20000921001,TTM 테크놀로지스,12534149537,0.23,118.92,,
249,원유,XOM,US19200325001,엑슨 모빌,646156608357,2.71,160.95,BUY,
249,원유,CVX,US19210624001,셰브론,399930207110,2.12,206.14,BUY,유가 급등 수혜
249,원유,SHEL,US20220201008,쉘(ADR),252129846664,0.59,91.45,BUY,정제능력 확대 기대
249,원유,TTE,US20210611013,토탈에너지스,197564958465,2.27,88.31,BUY,유가 급등 수혜
249,원유,COP,US19720630003,코노코필립스,157026638603,1.64,132.49,BUY,유가 강세 수혜
249,원유,PBR,US20000810002,페트로브라스(ADR),114937613915,4.43,19.35,BUY,
249,원유,PBR,US20031007004,페트로브라스 우선주(ADR),114937613915,3.76,17.4,BUY,
249,원유,BP,US19700323001,BP(ADR),110626363514,1.71,42.87,BUY,정제설비 확대 기대
249,원유,MPC,US20110623001,마라톤 페트롤리움,103862533457,1.22,373.32,BUY,
249,원유,EQNR,US20180517004,에퀴노르(ADR),103771904548,3.41,42.8,HOLD,LG엔솔 공급계약
249,원유,VLO,US19970801002,발레로 에너지,101734196915,1.86,358.92,BUY,유가 급등 수혜
249,원유,CNQ,US20000731001,캐나디안 내추럴 리소시스,101315591640,2.2,50.07,HOLD,
249,원유,PSX,US20120412003,필립스 66,97633882202,1.05,246.58,BUY,
249,원유,SLB,US19620202001,슐럼버거,85312587661,4.83,60.1,BUY,데이터센터 확대
249,원유,EPD,US19980728001,엔터프라이즈 프로덕츠 파트너스,84495417104,-0.51,38.82,,
249,원유,E,US19951128001,애니 SpA(ADR),77829576751,3.77,54.8,HOLD,우루과이 해상 진출
249,원유,SU,US19970418001,선코어 에너지,76740132994,2.12,66.82,BUY,
249,원유,EOG,US19891004001,EOG 리소시스,75398832227,1.12,144.96,BUY,
249,원유,ET,US20181019001,에너지 트랜스퍼,74056602929,0.94,21.51,,
249,원유,KMI,US20110211002,킨더 모건,70471884768,2.15,32.24,BUY,
249,원유,TRP,US19850530001,TC 에너지,64636064682,1.08,62.53,HOLD,
249,원유,IMO,US19860716001,임페리얼 오일,63024215590,0.64,131.34,,
249,원유,BKR,US20211207002,베이커 휴즈,62123817174,1.83,63.55,BUY,유가 강세
249,원유,OXY,US19860522001,옥시덴탈 페트롤리움,59241662386,1.83,60.18,BUY,유가 상승 수혜
249,원유,CVE,US20091209001,세노버스 에너지,58565886552,1.8,32.15,BUY,
249,원유,FANG,US20121012001,다이아몬드백 에너지,55505221102,1.45,200.53,BUY,목표가 상향
249,원유,DVN,US19880930001,데번 에너지,52228787141,2.45,48.51,BUY,유가 강세 수혜
249,원유,WDS,US20220602002,우드사이드 에너지 그룹(ADR),43960393346,0.95,23.28,HOLD,
249,원유,EC,US20080918002,에코페트롤(ADR),34014917034,1.03,16.67,HOLD,
249,원유,HAL,US19480915001,할리버턴,30225869242,1.85,36.85,BUY,유가 급등 수혜
249,원유,FTI,US20010614001,테크닙 FMC,29823852990,3.05,78.15,BUY,
249,원유,CASY,US19831020001,케이시스 제너럴 스토어스,28033278688,-0.38,752.59,BUY,
249,원유,EXE,US20210210006,익스팬드 에너지,22787145502,0.02,98.18,BUY,
249,원유,YPF,US19930629001,YPF(ADR),19796200776,2.75,51.58,BUY,국제유가 상승
249,원유,PR,US20161012001,퍼미언 리소시스,19065031059,2.6,23.29,BUY,
249,원유,PAA,US20201214003,플레인스 올 아메리칸 파이프라인,18027463453,0.67,25.65,,
249,원유,OVV,US20200127001,오빈티브,17776334632,1.64,65.65,BUY,
249,원유,DINO,US20220315002,HF 싱클레어,17775764703,1.91,101.61,HOLD,
249,원유,VNOM,US20161109014,바이퍼 에너지,15913039363,1.38,44.79,BUY,
249,원유,SUN,US20141111002,수노코,15332368945,1.86,76.04,,
249,원유,APA,US20200609001,APA,14945097457,1.43,43.15,HOLD,
249,원유,AR,US20131010002,앤테로 리소시스,11853662977,0.08,38.48,BUY,
249,원유,MUSA,US20130904001,머피 USA,9274339292,2.42,515.39,BUY,
249,원유,KNTK,US20221024004,키네틱 홀딩스,8761742223,1.9,54.83,BUY,
249,원유,SM,US19921221001,SM 에너지,8734261607,1.53,37.18,BUY,
249,원유,PBF,US20121213002,PBF 에너지,8472631962,2.4,72.99,HOLD,
249,원유,NEU,US19991007001,뉴마켓,8436562062,-1.86,897.7,,
249,원유,HESM,US20170404004,헤스 미드스트림,8178932963,1.64,40.21,HOLD,
249,원유,CHRD,US20201120003,코드 에너지,8007935355,0.81,147.18,BUY,
249,원유,NFG,US19550725001,내셔널 퓨얼 가스,7907661852,0.11,83.06,BUY,
249,원유,SOBO,NYS0241008001,사우스 보우,7829007043,0.91,37.77,HOLD,
249,원유,VIST,US20190725004,비스타 에너지(ADR),7780123448,1.88,71.46,BUY,
249,원유,SSL,US20030409001,사솔(ADR),7509826738,1.69,12.02,,
249,원유,NOV,US19961029001,노브,7503132152,1.43,21.29,HOLD,
249,원유,NE,US20210609010,노블,7325394889,0.15,45.83,BUY,
249,원유,MTDR,US20120202002,마타도어 리소시스,6997765260,2.87,58.01,BUY,유가 강세 수혜
249,원유,UGP,US19991008001,우우트라파르(ADR),6923288152,3.26,6.66,BUY,
249,원유,WFRD,US20210602003,웨더포드 인터내셔널,6741938422,4.24,97.77,BUY,
249,원유,RIG,US19930604001,트랜스오션,6495787556,0.17,5.81,BUY,
249,원유,MGY,US20180801012,매그놀리아 오일 앤 가스,6237597800,2.29,26.85,BUY,
249,원유,VAL,US20210503017,발라리스,6008156388,0.09,86.37,HOLD,
249,원유,KGS,NYS0230628002,코디악 가스 서비시스,5846765758,1.91,58.77,BUY,
249,원유,PAGP,US20201214004,플레인스 GP 홀딩스,5550659450,0.89,28.22,,
249,원유,MUR,US19831101001,머피 오일,5122772603,2.22,36.42,HOLD,
249,원유,OII,US19751030001,오셔니어링 인터내셔널,5049105051,2.31,51.76,,
249,원유,PTEN,US19931102001,패터슨 UTI 에너지,4753701040,1.61,12.63,BUY,
249,원유,CRC,US20201028012,캘리포니아 리소시스,4651869723,1.53,53.03,BUY,
249,원유,CRGY,US20211208002,크레센트 에너지,4486016157,1.11,13.69,BUY,
249,원유,DK,US20060504001,델렉 유에스 홀딩스,4436237643,2.89,74.34,BUY,
249,원유,PAM,US19900918001,팜파 에네르히아(ADR),4387404819,2.32,82.32,BUY,
249,원유,HP,US19630320001,헬머리치 앤 페인,4264141396,2.42,43.58,HOLD,
249,원유,CVI,US20071023001,CVR 에너지,4209747352,0.24,41.86,SELL,
249,원유,CLMT,NAS0240711002,캘러멧,4208727404,4.15,49.73,BUY,
249,원유,VVV,US20160923002,밸보라인,4108109609,-0.16,32.06,BUY,
249,원유,PARR,US20180220001,파 퍼시픽 홀딩스,3961261038,1.36,79.92,BUY,
249,원유,USAC,US20130115002,USA 컴프레션 파트너스,3914099894,0.48,27.06,,
249,원유,WBI,NYS0250917003,워터브리지 인프라스트럭처,3892178474,1.15,31.8,BUY,
249,원유,SEI,US20170509002,솔라리스 에너지 인프라스트럭처,3830442600,1.76,50.77,BUY,
249,원유,BWLP,NYS0240429002,BW LPG,3823737924,1.29,24.25,BUY,
249,원유,NESR,US20170605001,내셔널 에너지 서비스 리유나이티드,3482922981,1.92,35.1,BUY,
249,원유,ARLP,US20161108001,얼라이언스 리소스 파트너스,3377585987,1.26,26.51,,
249,원유,BTE,NYS0230223001,베이텍스 에너지,3321217521,2.74,4.87,BUY,
249,원유,BSM,US20150501002,블랙 스톤 미네랄스,3146142329,0.88,14.88,,
249,원유,GPOR,US20210518008,걸프포트 에너지,3127513568,1.75,179.45,BUY,
249,원유,LBRT,US20180111003,리버티 에너지,3112469437,3.63,19.71,BUY,
249,원유,SDRL,US20221014005,시드릴,2985190991,2.35,48.72,BUY,
249,원유,DNOW,US20140603002,디나우,2887869620,0.63,16.03,BUY,
249,원유,TALO,US20180510003,탈로스 에너지,2790986788,3.54,17.26,BUY,
249,원유,CSAN,US20210311012,코장(ADR),2788455042,4.61,2.95,HOLD,
249,원유,NOG,US20220217010,노던 오일 앤 가스,2749077340,1.09,26.01,BUY,
249,원유,WTTR,US20170419002,셀렉트 워터 솔루션즈,2677281080,1.14,19.5,BUY,
249,원유,NGL,US20110512003,NGL 에너지 파트너스,2629699122,5.27,18.97,,
249,원유,INVX,US19971023001,이노벡스 인터내셔널,2111580985,1.86,30.67,BUY,
249,원유,XPRO,US20211004017,엑스프로 그룹 홀딩스,1983930323,2.9,18.12,HOLD,
249,원유,GEL,US19961127003,제네시스 에너지,1967536270,1.62,16.32,,
249,원유,FLOC,NYS0250116001,플로우코 홀딩스,1917152271,3.69,21.94,BUY,
249,원유,VET,US20090908002,버밀리언 에너지,1909143920,2.97,12.83,BUY,
249,원유,GLP,US20050929001,글로벌 파트너스,1721515306,1.68,51.35,,
249,원유,KRP,US20170203002,킴벨 로열티 파트너스,1714951831,0.27,14.95,,
249,원유,KOS,US20110511001,코스모스 에너지,1648083130,3.62,2.86,BUY,
249,원유,AESI,NYS0230308001,아틀라스 에너지 솔루션즈,1610728720,1.95,13.1,BUY,
249,원유,PBT,US19801024001,퍼미언 베이슨 로열티 트러스트,1580661080,-0.09,33.77,,
249,원유,HLX,US19970701002,헬릭스 에너지 솔루션즈 그룹,1498583650,1.58,10.3,,혼벡 합병 호재
249,원유,RES,US19840611001,RPC,1422521112,2.03,6.53,HOLD,
249,원유,NBR,US19910228001,네이버스 인더스트리스,1397066234,2.1,93.64,HOLD,
249,원유,BORR,US20190731008,보르 드릴링,1373049824,0.67,4.48,BUY,
249,원유,REX,US19920701001,렉스 아메리칸 리소시스,1365734539,-0.65,41.08,,
249,원유,PUMP,US20170316002,프로페트로 홀딩,1352329605,3.46,11.36,BUY,
249,원유,VTOL,US20200612004,브리스토우 그룹,1299823105,3.8,45.39,,
249,원유,BH,US19951213001,비글래리 홀딩스 B,1208246664,3.05,388.48,,동일매장 매출 호조
249,원유,BH.A,US20180501003,비글래리 홀딩스 A,1208246664,2.71,1957.33,,동일매장 매출 호조
249,원유,PDS,US20051107001,프리시전 드릴링,1152265404,1.73,91.71,,
249,원유,NPKI,US19910919001,NPK 인터내셔널,1120498966,0.91,13.28,BUY,
249,원유,SBR,US19821217001,사빈 로열티 트러스트,1094276543,0.33,75.1,,
249,원유,DEC,NYS0231218001,다이버시파이드 에너지,1046732735,0.95,14.89,BUY,
249,원유,HPK,US20200824001,하이피크 에너지,1027095330,0.99,8.18,BUY,
249,원유,TTI,US19900410001,테트라 테크놀로지스,1011159371,1.32,6.9,,
249,원유,FET,US20120412001,포럼 에너지 테크놀로지스,927367331,1.69,81.97,,
249,원유,CAPL,US20141007001,크로스아메리카 파트너스,883853729,0.35,23.17,,
249,원유,APC,NAS2602012002,ARKO PETROLEUM CORP,882478611,-2.05,18.12,BUY,
249,원유,SOC,US20210419016,세이블 오프쇼어,863872640,7.57,4.83,BUY,
249,원유,REPX,US20210301021,라일리 익스플로레이션 퍼미언,850388029,1.96,39.03,BUY,
249,원유,GFR,NYS0230921001,그린파이어 리소시스,762195228,1.65,6.16,BUY,
249,원유,OBE,US20220131013,업시디언 에너지,761433231,0.62,11.45,BUY,
249,원유,VTS,NYS0230117001,비테스 에너지,725771275,1.75,17.49,BUY,
249,원유,SMC,NYS0240801005,서밋 미드스트림,694010164,2.2,34.83,BUY,장기 수송계약 확보
249,원유,GRNT,US20221025001,그래닛 리지 리소시스,669257708,-0.59,5.03,BUY,
249,원유,GPRK,US20140207001,지오파크,639686324,11.9,11.0,BUY,베네수엘라 계약 수순
249,원유,EGY,US19920731001,발코 에너지,608632138,2.95,5.94,BUY,
249,원유,CLB,NYS0230502001,코어 래브러토리스,568698580,0.57,12.43,,
249,원유,WTI,US20050128002,W&T 오프쇼어,540353946,3.92,3.71,BUY,
249,원유,OIS,US20010208001,오일 스테이츠 인터내셔널,520811557,2.44,8.82,,
249,원유,SD,US20161004001,샌드리지 에너지,518999951,1.15,14.12,HOLD,
249,원유,NUAI,US20220105004,뉴 에라 에너지 & 디지털,497937353,1.72,4.74,BUY,
249,원유,SGU,US19951215004,스타 그룹,417194766,0.79,12.78,,
249,원유,RNGR,US20170810003,레인저 에너지 서비시스,388372680,0.91,16.7,,
249,원유,REI,US20130904002,링 에너지,378825345,1.38,1.47,BUY,
249,원유,GTE,US20051114001,그랜 티에라 에너지,350168857,2.84,10.15,HOLD,
249,원유,PNRG,US19950818014,프라임에너지 리소시스,332787391,0.29,210.31,HOLD,
249,원유,AREC,US20190215001,아메리칸 리소시스,257439791,-1.67,2.36,BUY,
249,원유,SND,US20161104003,스마트 샌드,221083766,1.35,5.27,,
249,원유,KGEI,NAS0231011006,콜리브리 글로벌 에너지,209410227,3.08,6.02,,
249,원유,AMPY,US20190807002,앰플리파이 에너지,197877463,3.36,4.92,,
249,원유,EPSN,US20190219001,엡실론 에너지,182811634,3.32,6.22,,
249,원유,PED,US20130911001,페데브코,176990438,2.48,13.61,,
249,원유,TUSK,US20161014001,매머드 에너지 서비시스,149124782,1.29,3.13,,
249,원유,EPM,US19960411001,에볼루션 페트롤리엄,146749634,1.65,3.7,BUY,노스랜드 의견상향
249,원유,NCSM,US20170424001,NCS 멀티스테이지 홀딩스,135904516,4.67,54.05,,
249,원유,EP,US20220308002,엠파이어 페트롤리엄,134665548,-2.17,3.16,,
249,원유,SJT,US19801024002,산 후안 베이슨 로열티 트러스트,126658531,1.85,2.76,,
249,원유,DWSN,US19940922001,도슨 지오피지컬,104012111,0.9,3.37,,
249,원유,DTI,US20211229006,드릴링 툴스 인터내셔널,89864247,-3.15,2.46,,
249,원유,LSE,NAS0241219003,레이션 에너지 홀딩,89800425,0.76,5.3,,
249,원유,NRT,US19960329002,노스 유러피언 오일 로열티 트러스트,83127975,1.0,9.11,,
249,원유,BSIN,US19900326054,빅 스카이 인더스트리얼,76851980,3.42,1.51,BUY,
249,원유,BATL,US20200220001,바탈리언 오일,75246779,3.05,1.35,,
249,원유,GEOS,US19971121001,지오스페이스 테크놀로지스,68488534,-0.38,5.26,,
249,원유,PROP,NAS0231228002,프레리 오퍼레이팅,63171601,-9.04,0.508,BUY,희석 우려 완화
249,원유,CRT,US19920227001,크로스 팀버스 로열티 트러스트,62692594,0.97,10.45,,
249,원유,PVL,US20180914005,퍼미언빌 로열티 트러스트,60887625,3.87,1.88,,
249,원유,VOC,US20110505004,VOC 에너지 트러스트,56084401,2.74,3.38,,
249,원유,PTLE,NAS0241016006,PTL,51017312,-5.93,7.62,,
249,원유,AGIG,US20020118001,아번디아 글로벌 임팩트 그룹,44714925,5.94,1.07,BUY,
249,원유,INDO,US20191219003,인도네시아 에너지,43047795,1.79,2.84,,K-29 시추 진전
249,원유,MIND,US19941219001,마인드 테크놀로지,39555395,1.61,4.41,,
249,원유,NXXT,US20210914005,넥스트NRG,38932759,-1.13,0.2282,BUY,
249,원유,RCON,US20090731001,레콘 테크놀로지,33633752,-3.75,1.54,,
249,원유,KLXE,US20180917001,케이엘엑스 에너지 서비시스 홀딩스,32876454,0.65,1.54,,
249,원유,PRT,US20180501005,펌록 로열티 트러스트,27082483,0.91,2.21,,
249,원유,EONR,US20220404005,EON 리소시스,26155482,0.71,0.5257,,
249,원유,SKYQ,NAS0241010011,스카이 쿼리,23295950,1.52,2.67,,
249,원유,MXC,US19970305001,멕스코 에너지,20147185,3.36,10.15,,
249,원유,UFG,NAS0250114006,유니 퓨얼스 홀딩스,18233845,0.02,0.5602,,
249,원유,BRN,US19840907022,반웰 인더스트리스,14259939,-2.76,0.958,,
249,원유,TPET,AMX0230418002,트리오 페트롤리엄,9281924,-2.13,1.84,,
249,원유,MARPS,US20190131001,마린 페트롤리엄 트러스트,8744072,7.75,4.59,,
249,원유,VIVK,US20220214007,비바코,6849730,-6.55,0.78,,
249,원유,DXLY,NAS0250709001,델릭시 홀딩스,5739937,8.51,0.3799,,
249,원유,TOPS,US20040723002,탑 십스,4189398,-0.12,0.753,,
249,원유,MTR,US19791015001,메사 로열티 트러스트,4185966,0.45,2.25,,
401,보안,CSCO,US19900216001,시스코 시스템즈,434478041504,0.52,110.5,BUY,AI 인프라 가동
401,보안,PANW,US20120720001,팰로 앨토 네트웍스,303681893755,2.79,381.96,BUY,차익 실현 매물
401,보안,CRWD,US20190611002,크라우드스트라이크 홀딩스,224244720749,5.76,230.99,BUY,금리 인상 부담
401,보안,FTNT,US20091118001,포티넷,122132700740,2.98,170.94,HOLD,사이버보안주 강세
401,보안,NET,US20190912003,클라우드플레어,107061685210,1.76,305.11,BUY,매수의견 유지
401,보안,MSI,US19910920001,모토로라,80652017965,-0.14,485.3,BUY,
401,보안,ZS,US20180315001,지스케일러,29873989622,2.25,188.38,BUY,수요 견조 평가
401,보안,VRSN,US19980130002,베리사인,26434052599,-1.26,288.26,BUY,
401,보안,FFIV,US19990604001,F5,22386330352,3.29,407.23,HOLD,
401,보안,RBRK,NYS0240424003,루브릭,19205220512,-0.01,93.04,BUY,
401,보안,GEN,US20191105002,젠 디지털,18619429482,-0.03,31.01,BUY,
401,보안,CHKP,US19960628001,체크 포인트 소프트웨어 테크놀로지스,14161546783,0.45,138.94,BUY,
401,보안,ALLE,US20131203001,얼리젼,13428562222,-1.42,155.25,BUY,
401,보안,SAIL,NAS0250213009,세일포인트,11278288237,3.68,20.56,BUY,
401,보안,S,US20210629019,센티넬원,7517674323,2.6,22.1,BUY,연간 이익 전망 하향
401,보안,NTSK,NAS0250918007,넷스코프,6112034444,1.39,15.3,BUY,
401,보안,YOU,US20210629020,클리어 시큐어,5891781621,1.66,44.15,HOLD,보안 플랫폼 통합
401,보안,ADT,US20180118002,ADT,5523623401,-1.99,7.39,HOLD,
401,보안,BCO,US19930101001,브링크스,4583431986,-1.84,108.93,,
401,보안,TENB,US20180725005,테너블 홀딩스,4160426918,1.17,38.11,HOLD,
401,보안,OSIS,US19971002001,OSI 시스템즈,3303342451,0.61,207.91,BUY,
401,보안,REZI,US20181029002,레지디오 테크놀로지스,2988992801,-1.38,19.36,BUY,
401,보안,NTCT,US19990812001,넷스카우트 시스템즈,2847787636,-0.61,38.82,BUY,
401,보안,ALRM,US20150625001,알람닷컴 홀딩스,2829003720,0.14,57.55,BUY,
401,보안,ATEN,US20140321001,A10 네트웍스,1871203308,-1.21,25.39,BUY,
401,보안,NSSC,US19900326037,냅코 시큐리티 테크놀로지스,1267904821,2.43,36.21,,
401,보안,VYX,US19811231001,NCR 보익스,1215600281,-4.56,8.38,BUY,
401,보안,RDWR,US19990930001,라드웨어,1206881789,0.91,28.86,BUY,
401,보안,EVLV,US20210719004,이볼브 테크놀로지스,951721116,-0.76,5.2,,
401,보안,RPD,US20150717002,래피드7,898227348,1.28,13.46,HOLD,
401,보안,MITK,US19950526001,마이텍 시스템즈,852904818,-2.02,18.47,,
401,보안,RSKD,US20210728014,리스키파이드,846633215,-0.32,6.29,BUY,
401,보안,OSPN,US20180604001,원스팬,611217638,-0.12,16.52,BUY,
401,보안,LAES,NAS0230524001,실SQ,554004706,0,2.48,,
401,보안,BTQ,NAS0250926001,비티큐 테크놀로지스,491447972,-9.01,3.03,BUY,
401,보안,MRAM,US20161007001,에버스핀 테크놀로지,404105160,-1.81,16.25,BUY,
401,보안,CIX,US19980306001,콤프엑스 인터내셔널,394625772,-0.22,31.83,,
401,보안,TLS,US20201119006,텔로스,358977492,0.84,4.83,BUY,공군 계약 수주
401,보안,DMRC,US20081017001,디지마크,135449623,-0.33,5.99,,
401,보안,JLHL,NAS0250626011,쥐룽 홀딩,135069258,-4.3,6.01,,
401,보안,WRAP,US20201201004,랩 테크놀로지스,99734708,1.86,1.64,,
401,보안,FATN,NAS0250408001,팻파이프,86988274,-0.81,6.09,BUY,
401,보안,SSTI,US20170607001,사운드싱킹,81840807,3.55,6.42,HOLD,
401,보안,AISP,US20210510003,에어십 AI 홀딩스,72177391,1.91,2.13,,
401,보안,INVE,US19971007002,아이덴티브,67075338,2.17,2.82,HOLD,
401,보안,SPCB,US20130918002,슈퍼컴,63607678,1.88,10.29,,
401,보안,IDN,US20200203002,인텔리체크,57716444,-2.82,2.76,BUY,
401,보안,CTM,US20221013001,카스텔럼,57681560,-0.49,0.6039,,해군 계약 확대
401,보안,WKEY,US20191204004,와이즈키 인터내셔널 홀딩(ADR),51891988,0,6.43,,
401,보안,SNT,US20210930012,센스타 테크놀로지스,38369543,7.32,1.76,,
401,보안,FIEE,US20210707001,파이이,34807219,-3.93,3.91,,
401,보안,KSCP,US20220127003,나이트스코프,33393817,-1.42,1.39,,
401,보안,AWRE,US19960809001,어웨어,27559795,-3.17,1.22,,
401,보안,DETX,NAS2604022002,리버티 디펜스,19713933,1.73,3.52,,
401,보안,INTZ,US20201009002,인트루전,19526983,14.5,0.9098,,인수 자금 조달 부담
401,보안,SMX,NAS0230308004,SMX(시큐리티 매터스),18131696,-2.11,16.26,,
401,보안,IDAI,NAS0230323003,T 스탬프,18095548,-4.69,3.05,,
401,보안,CYCU,US20220411006,사이큐리언,12469988,-4.68,3.67,,상장 유지 주식병합
401,보안,GFAI,NAS0230210004,가드포스 AI,11965548,-0.68,0.3775,,
401,보안,ALAR,NAS0230125001,얼라럼 테크놀로지스(ADR),11937963,0,1.62,BUY,
401,보안,MSAI,US20211116008,멀티센서 AI 홀딩스,11877027,-2.98,5.21,,
401,보안,OBAI,NAS2602004001,아워 본드,10796933,-4.79,0.342,BUY,
401,보안,CISO,US20220114005,시소 글로벌,10221333,-0.71,0.2223,,
401,보안,VRME,US20200619003,베리파이미,8447665,-0.61,0.636,BUY,
401,보안,AUID,US20210824002,오스아이디,8255823,-9.65,0.4449,,
401,보안,CETX,NAS0230125004,셈트렉스,4470061,0.39,2.6,,
401,보안,BKYI,US20170725002,바이오 키 인터내셔널,4428951,-0.65,3.05,,
401,보안,CSAI,NAS0250130006,클라우드어스트럭처,4427621,-3.34,4.92,,
401,보안,SUGP,NAS0240124005,SU 그룹 홀딩스,1287668,-7.16,0.7427,,
53,자동차,TSLA,US20100629001,테슬라,1381207151067,5.52,368.01,HOLD,FSD 안전성 우려
53,자동차,TM,US19791004001,토요타 모터(ADR),230932920232,1.06,196.54,BUY,
53,자동차,ETN,US19481201001,이튼,156871623454,-0.22,401.88,BUY,전력장비 수혜
53,자동차,HWM,US20200401001,하우멧 에어로스페이스,105914134754,-7.51,244.95,BUY,주조 병목 수혜
53,자동차,MMM,US19460114001,3M,90159256841,-1.44,171.83,BUY,
53,자동차,CVNA,US20170425003,카바나,81703268648,-0.78,73.46,BUY,
53,자동차,ITW,US19730313001,일리노이 툴 웍스,79992701884,-1.69,275.37,HOLD,
53,자동차,CMI,US19840925001,커민스,77974451072,-0.08,564.4,BUY,
53,자동차,GM,US20101118002,제너럴 모터스,75906717510,0.06,86.32,BUY,캐나다 투자 합의
53,자동차,RACE,US20151021002,페라리,74758678149,0.49,422.6,BUY,
53,자동차,ORLY,US19930422001,오릴리 오토모티브,71790671584,0.34,88.8,BUY,
53,자동차,PCAR,US19860709001,파카,66156714277,-0.95,124.15,HOLD,
53,자동차,TEL,US20070614002,TE 커넥티비티,58834724235,1.28,205.25,BUY,
53,자동차,F,US19720601002,포드,56131832178,0.43,13.94,HOLD,연비 기준 완화
53,자동차,AZO,US19910402002,오토존,48488538640,0.99,2991.24,BUY,
53,자동차,HMC,US19770211001,혼다 모터스(ADR),41457970919,0.31,31.96,BUY,
53,자동차,CPRT,US19940317001,코파트,30626837230,0.03,33.0,BUY,
53,자동차,RIVN,US20211109013,리비안,23331352112,0,16.07,HOLD,CFO 사임 부담
53,자동차,GPC,US19680820001,제뉴인 파츠,19009428749,-1.34,135.67,BUY,
53,자동차,MGA,US19921009001,마그나 인터내셔널,17531086742,-0.44,65.57,HOLD,
53,자동차,STLA,US20210119007,스텔란티스,15781589424,1.29,5.49,HOLD,
53,자동차,GRAB,US20211202003,그랩 홀딩스,14810373544,-2.22,3.53,BUY,
53,자동차,PAG,US19961023001,펜스케 오토모티브 그룹,14288837592,-0.19,216.59,HOLD,
53,자동차,BWA,US19930812001,보그워너,13089010998,0.11,64.16,BUY,
53,자동차,AUR,US20211104001,오로라 이노베이션,11716480973,-3.26,5.64,BUY,
53,자동차,XPEV,US20200826004,샤오펑(ADR),11077044436,-1.47,11.36,BUY,
53,자동차,NIO,US20180910002,니오(ADR),10719315444,-3.2,4.23,BUY,실적 개선 전망
53,자동차,LI,US20200730004,리 오토(ADR),10587725278,-1.23,12.08,HOLD,
53,자동차,ALSN,US20120315002,앨리슨 트랜스미션 홀딩스,10460054548,-0.48,125.71,BUY,
53,자동차,OSK,US19900326067,오시코시,9531692741,0.1,154.11,BUY,
53,자동차,APTV,US20171205001,앱티브,9525448688,-2.16,44.76,BUY,
53,자동차,MOD,US19900326064,모딘 매뉴팩처링,9460455188,0.45,178.43,BUY,
53,자동차,ALV,US19970428001,오토리브,8932108405,-0.7,121.21,BUY,
53,자동차,KMX,US19970204002,카맥스,8838430590,-1.26,61.33,HOLD,
53,자동차,LAD,US19961218002,리시아 모터스,8164142929,-0.82,367.32,BUY,
53,자동차,MBLY,US20221024001,모빌아이 글로벌,7314747270,-0.58,8.53,HOLD,
53,자동차,FSS,US19690401001,페더럴 시그널,7226090105,-0.96,117.0,BUY,
53,자동차,VFS,US20210907003,빈패스트,7225663340,1.95,3.14,BUY,
53,자동차,LYFT,US20190328002,리프트,6718659041,-4.63,16.88,HOLD,
53,자동차,AN,US19510409001,오토네이션,6633398583,0.58,201.25,BUY,
53,자동차,LKQ,US20031003001,LKQ,6476974526,-1.57,25.13,,
53,자동차,LEA,US20091109001,리어,6134144682,0.78,124.99,BUY,
53,자동차,RUSHA,US20020710001,러시 엔터프라이지스 A,5962273540,0.69,76.8,BUY,
53,자동차,RUSHB,US20020710002,러시 엔터프라이지스 B,5962273540,1.09,77.74,,
53,자동차,GTX,US20210503007,가렛 모션,4985640007,1.05,26.94,BUY,
53,자동차,GHC,US20131129001,그레이엄 홀딩스,4930876774,-2.78,1128.89,,
53,자동차,GNTX,US19900326021,젠텍스,4789376385,-1.28,22.38,BUY,
53,자동차,DOO,US20180914002,BRP INC,4553413326,-0.19,61.79,,
53,자동차,KAR,US20091211003,오픈레인,4320858125,1.45,35.6,BUY,
53,자동차,THO,US19860829001,소어 인더스트리스,4020527479,-1.32,76.0,HOLD,
53,자동차,ATMU,NYS0230526001,애트머스 필트레이션 테크놀로지스,3905305907,-1.05,47.23,BUY,
53,자동차,DORM,US19910312001,도먼 프로덕츠,3849137959,-0.44,128.78,BUY,
53,자동차,ABG,US20020313001,애즈버리 오토모티브 그룹,3809472247,-0.1,211.4,HOLD,
53,자동차,PONY,NAS0241127002,포니 AI (ADR),3301945539,-6.6,7.08,,
53,자동차,DAN,US20080201001,다나,3273965515,-1.22,29.98,BUY,
53,자동차,CARG,US20171011001,카구루스,3265516403,-2.52,35.64,BUY,
53,자동차,GPI,US19971030001,그룹 원 오토모티브,3155558619,2.12,269.54,BUY,
53,자동차,HOG,US19980227002,할리 데이비슨,2932510721,-1.78,27.6,HOLD,
53,자동차,HSAI,NAS0230209001,허싸이 그룹(ADR),2744974298,-7.46,16.12,BUY,
53,자동차,VC,US20171227001,비스티온,2730986139,-0.2,101.82,BUY,
53,자동차,SAH,US19971111001,소닉 오토모티브,2526021622,-1.29,78.65,BUY,
53,자동차,PHIN,NYS0230705001,피니아,2522148277,-0.31,68.44,BUY,
53,자동차,DRVN,US20210114001,드리븐 브랜즈 홀딩스,2062977734,-0.32,12.43,BUY,
53,자동차,LCID,US20200918008,루시드 그룹,1979741860,-3.19,4.85,HOLD,
53,자동차,BLBD,US20150226001,블루 버드,1881351196,-1.86,58.13,BUY,
53,자동차,PSNY,US20210513002,폴스타 오토모티브 홀딩 A(ADR),1852711966,-1.97,12.47,SELL,
53,자동차,GT,US19510911001,굿이어 타이어 앤 러버,1833203835,-1.26,6.27,HOLD,
53,자동차,DCH,US19990129001,다우크,1505806607,-0.95,6.26,BUY,
53,자동차,ADNT,US20161031001,애디언트,1473524172,-0.47,18.97,BUY,
53,자동차,CYD,US19941216001,차이나 유차이 인터내셔널,1437532646,0.34,38.34,BUY,
53,자동차,XPEL,US20190719001,엑스펠,1375707777,-1.17,49.18,BUY,
53,자동차,MYE,US19870908001,마이어스 인더스트리스,1237278955,-2.16,32.09,,
53,자동차,ACVA,US20210323001,ACV 옥션스,1219181573,-1.82,7.03,BUY,
53,자동차,THRM,US19930610001,젠섬,1218930251,-0.56,39.32,BUY,
53,자동차,AEVA,US20210315013,에바 테크놀로지스,1092508701,0.26,15.67,BUY,
53,자동차,PLOW,US20100505001,더글러스 다이내믹스,967746293,-1.79,41.07,BUY,
53,자동차,WGO,US19700909001,위니바고 인더스트리,867416144,-1.67,30.09,HOLD,
53,자동차,FOXF,US20130808001,폭스 팩토리 홀딩,866542995,-0.58,20.44,HOLD,
53,자동차,ADSE,US20211223001,애즈 텍 에너지,851309625,3.63,11.71,,
53,자동차,SMP,US19770509001,스탠더드 모터 프로덕츠,829096767,1.92,37.72,,
53,자동차,LOT,US20210503008,로터스 테크놀로지(ADR),805905350,-6.45,1.16,,
53,자동차,MLR,US19940809002,밀러 인더스트리스,645787266,-1.25,56.02,,
53,자동차,HYLN,US20201002010,하일리온 홀딩스,628606805,-1.14,3.47,BUY,
53,자동차,KE,US20141104003,킴볼 일렉트로닉스,563817907,0.64,23.61,BUY,
53,자동차,WNC,US19911101002,와바시 내셔널,544525608,1.2,13.49,BUY,
53,자동차,CPS,US20131018002,쿠퍼 스탠더드 홀딩스,474678502,0.53,26.78,,
53,자동차,TWI,US19930520001,타이탄 인터내셔널,454338115,2.42,7.19,,
53,자동차,EVGO,US20210702004,EVgo,435229892,-2.9,1.34,BUY,
53,자동차,ECX,NAS0221221001,이카엑스 홀딩스,413779557,-0.95,1.04,,
53,자동차,DSC,NAS2606025005,DSC 홀딩스(ADR),412230038,-8.65,7.5,BUY,
53,자동차,MNRO,US19910729001,먼로,406300774,-3.86,12.46,,
53,자동차,AIIO,NAS0221114004,로보AI,380012190,-2.64,2.21,,
53,자동차,MKDW,NAS0230324001,MKD웰 테크,361789578,4.17,10.99,,
53,자동차,HLLY,US20210719008,홀리,354980969,-2.05,2.86,BUY,
53,자동차,STRT,US19950223002,스트라텍 시큐리티,307375682,-6.65,70.05,BUY,투자의견 하향
53,자동차,NNBR,US19940315001,NN,280720542,1.18,3.43,BUY,
53,자동차,LVWR,US20201123012,라이브와이어,278072357,-9.63,1.22,,
53,자동차,DCX,US20220107002,디지털 커런시 X 테크놀로지,260604291,-6.2,0.6934,,
53,자동차,UXIN,US20180626004,우신(ADR),259950115,-0.86,1.15,,
53,자동차,RDNW,US20171019003,라이드나우 그룹,221803499,-0.35,5.65,,
53,자동차,MPAA,US19940323001,모터카 파츠 오브 아메리카,218332957,1.13,11.63,BUY,
53,자동차,CMT,US19880922001,코어 몰딩 테크놀로지스,214673476,0.2,25.05,,
53,자동차,SRI,US19971010001,스톤리지,205073579,-3.49,6.92,HOLD,
53,자동차,NIU,US20181018003,NIU 테크놀로지(ADR),157835740,1.51,2.02,,
53,자동차,CAAS,US20030324001,차이나 오토모티브 시스템스,150967420,9.42,5.46,,
53,자동차,CHPT,US20210301014,차지포인트 홀딩스,144648024,-1.26,5.5,HOLD,
53,자동차,PAL,NAS0240509004,프로피션트 오토 로지스틱스,144308780,-1.75,5.04,,
53,자동차,CVGI,US20040805001,커머셜 비히클 그룹,127123943,-0.96,3.09,,
53,자동차,INVZ,US20210406001,이노비즈 테크놀로지스,104625525,-2.06,0.3428,BUY,방위 전략 강화
53,자동차,SEV,NAS0251016008,압테라 모터스,94726264,1.29,2.36,BUY,
53,자동차,CANG,US20180725007,캉고(ADR),91731525,7.17,2.39,,실적 예상치 하회
53,자동차,EMPD,US20211005012,앰퍼리 디지털,83858444,8.08,3.21,BUY,
53,자동차,ARBE,US20211008001,아베 로보틱스,83730417,0.69,0.6604,BUY,
53,자동차,BLNK,US20180214001,블링크 차징,77392930,-2.37,0.5199,HOLD,
53,자동차,WBX,US20211004015,월박스,67276877,-0.99,3.01,BUY,
53,자동차,KNDI,US20061227002,칸디 테크놀로지스 그룹,62087041,-0.86,0.6113,,
53,자동차,JZXN,US20210518004,지우지 홀딩스,60436310,-0.85,1.16,,
53,자동차,MVIS,US19960827001,마이크로비전,55629198,-1.63,1.81,BUY,상장 요건 회복
53,자동차,NAAS,US20220613002,나스 테크놀로지(ADR),53856906,2.22,3.22,,사모발행 희석 부담
53,자동차,LIDR,US20210818003,에이아이,53609146,-0.87,1.14,BUY,
53,자동차,VRM,NAS0250220005,브룸,48184039,-0.98,9.09,,
53,자동차,ZOOZ,US20220303001,주즈 파워,48135804,12.82,6.69,BUY,
53,자동차,XOS,US20210820004,엑소스,47903863,-5.95,3.16,,
53,자동차,GGR,US20220405004,고고로,47705560,12.66,2.67,,
53,자동차,MAMO,NAS0240402005,마시모 그룹,41755905,0,1.0,,
53,자동차,SYPR,US19940525001,사이프리스 솔루션즈,40176600,3.45,1.8,,
53,자동차,SPRU,US20201222011,스프루스 파워 홀딩,36100974,-0.53,1.86,,
53,자동차,WPRT,US20080815002,웨스트포트 퓨얼 시스템즈,35048640,0.54,1.85,BUY,
53,자동차,WKHS,US20160107001,워크호스 그룹,33643377,11.73,3.43,,
53,자동차,SWVL,US20220401008,스위블 홀딩스,31174577,-7.69,2.88,,
53,자동차,UCAR,NAS0230418001,유 파워,21575191,4.74,0.6348,,
53,자동차,CRMT,US19931109001,아메리카스 카 마트,20676034,-2.52,2.32,BUY,
53,자동차,SCAG,NAS0250630006,스케이지 퓨처(ADR),20059186,-1.78,0.2706,,
53,자동차,XCH,NAS0240910009,엑스차지(ADR),15328828,-5.33,3.55,,
53,자동차,CYN,US20211019002,신젠,15041621,0,1.04,,
53,자동차,GP,US20200828001,그린파워 모터,10740555,-17.6,1.03,,
53,자동차,CENN,US20151218001,센트로,10197785,-2.9,4.02,,
53,자동차,GAUZ,NAS0240606002,고지,9019891,-2.12,0.383,,
53,자동차,INEO,NAS0241023007,이네오바 홀딩스,8949204,3.32,0.5702,,
53,자동차,WKSP,US20210804016,워크스포트,8820824,6.03,0.6097,,워런트 희석 우려
53,자동차,LOBO,NAS0240321005,로보 EV 테크놀로지스,8605693,-1.61,0.61,,
53,자동차,FFIE,US20210722005,패러데이 퓨처 인텔리전트 일렉트릭,8543736,2.26,2.26,BUY,
53,자동차,AZI,NAS0240828001,오토지 인터넷 테크놀로지,8405221,-1.52,1.3,,
53,자동차,MTEN,NAS0240418003,밍텅 인터내셔널 코퍼레이션,8054532,-2.86,1.02,,
53,자동차,FRSX,US20170615001,포어사이트 오토노모스 홀딩스(ADR),5860299,1.79,1.14,BUY,
53,자동차,SDST,US20210304004,스타더스트 파워,5527049,-2.58,0.3697,BUY,
53,자동차,EZGO,US20210126005,이지고 테크놀로지스,4985884,-7.16,0.87,,
53,자동차,CTNT,NAS0230731001,치타 넷 서플라이 서비스,4720488,-2.01,1.46,,
53,자동차,SSM,ETC0240424001,소노 그룹,3814809,-0.37,2.66,,스포츠 전환 기대
53,자동차,FLYE,NAS0240606001,플라이 이 그룹,2799085,-20.47,1.36,,
53,자동차,KXIN,US20190502001,카이신 홀딩스,2241719,1.4,1.45,,
425,윤활유,CLMT,NAS0240711002,캘러멧,4208727404,4.15,49.73,BUY,
425,윤활유,VVV,US20160923002,밸보라인,4108109609,-0.16,32.06,BUY,
425,윤활유,CSAN,US20210311012,코장(ADR),2788455042,4.61,2.95,HOLD,
317,비료와 농약,CTVA,US20190603004,코르테바,56132277947,0.87,84.63,BUY,
317,비료와 농약,NTR,US20180102005,뉴트리엔,35176554463,2.75,75.53,BUY,
317,비료와 농약,CF,US20050811001,CF 인더스트리스 홀딩스,19089376899,3.37,130.03,HOLD,
317,비료와 농약,MOS,US20041025001,모자이크,7523048384,2.2,24.12,HOLD,
317,비료와 농약,SMG,US19920131001,스코츠 미라클 그로,3527963729,-1.04,59.8,BUY,
317,비료와 농약,FMC,US19860529001,FMC,1422736915,1.77,11.53,HOLD,
317,비료와 농약,UAN,US20110408002,CVR 파트너스,1327819643,0.89,126.4,,
317,비료와 농약,CMP,US20031212001,컴퍼스 미네랄스 인터내셔널,1036422414,0.97,24.86,HOLD,
317,비료와 농약,GRO,AMX0241127001,브라질 포태시,151566030,6.56,2.6,BUY,
317,비료와 농약,AVD,US19870303001,아메리칸 뱅가드,64784737,0.46,2.2,,
317,비료와 농약,BIOX,US20210427001,바이오케레스 크랍 솔루션즈,26236745,4.88,0.43,,
317,비료와 농약,NXTS,US20210514009,넥센티스 테크놀로지,2681515,-3.26,1.78,,
423,화학원료,DOW,US20190402005,다우,22099455439,1.19,30.52,HOLD,
423,화학원료,LYB,US20100428001,라이온델바젤 인더스트리스,20624606455,2.21,65.08,HOLD,
423,화학원료,SQM,US19930921001,SQM 우선주 B(ADR),11260851825,0.48,79.01,HOLD,
423,화학원료,SSL,US20030409001,사솔(ADR),7509826738,1.69,12.02,,
423,화학원료,MEOH,US19920519001,메타넥스,4473913842,2.12,58.89,BUY,
423,화학원료,KOP,US20060201002,코퍼스 홀딩스,882953398,-1.48,45.87,,
423,화학원료,EXOZ,NAS0241113002,엑소자임스,66709650,-6.01,6.73,,
423,화학원료,BGLC,NAS0230720001,바이오넥서스 진 랩,4559387,-3.87,1.49,,
553,종합반도체,SKHYV,NAS2607010002,SK하이닉스(ADR),1177005325939,2.18,164.55,BUY,HBM 경쟁우려
553,종합반도체,MU,US19890516001,마이크론 테크놀로지,1056474194399,2.77,958.73,BUY,CXMT 경쟁 부담
553,종합반도체,INTC,US19711013001,인텔,474160544842,0,89.47,HOLD,파운드리 검토
553,종합반도체,SNDK,NAS0250224006,샌디스크,218029528784,4.64,1553.91,BUY,마벨발 메모리 약세
553,종합반도체,ADI,US19790403001,아날로그 디바이스,175790048273,0.1,362.14,BUY,
553,종합반도체,MCHP,US19930326002,마이크로칩 테크놀로지,41615507354,0.96,73.63,BUY,
553,종합반도체,ON,US20150407001,온 세미컨덕터,28345961193,2.04,74.09,HOLD,
553,종합반도체,MTSI,US20120315001,메이컴 테크놀로지 솔루션즈 홀딩스,20314844133,-0.46,264.04,BUY,
553,종합반도체,SWKS,US19840907014,스카이웍스 솔루션즈,9926933420,1.85,67.01,HOLD,
553,종합반도체,QRVO,US20150105001,코보,8380306484,1.3,95.96,HOLD,
553,종합반도체,DIOD,US19920317002,다이오즈,4063737610,3.16,90.78,BUY,
553,종합반도체,MX,US20110311001,매그나칩 세미컨덕터,114958231,-0.32,3.13,,
255,가스에너지,XOM,US19200325001,엑슨 모빌,646156608357,2.71,160.95,BUY,
255,가스에너지,CVX,US19210624001,셰브론,399930207110,2.12,206.14,BUY,유가 급등 수혜
255,가스에너지,SHEL,US20220201008,쉘(ADR),252129846664,0.59,91.45,BUY,정제능력 확대 기대
255,가스에너지,LIN,US20181031005,린데,226948426342,0.01,489.58,BUY,
255,가스에너지,COP,US19720630003,코노코필립스,157026638603,1.64,132.49,BUY,유가 강세 수혜
255,가스에너지,ENB,US20011030001,엔브리지,109942171513,0.74,50.57,HOLD,
255,가스에너지,EQNR,US20180517004,에퀴노르(ADR),103771904548,3.41,42.8,HOLD,LG엔솔 공급계약
255,가스에너지,SO,US19491004001,서던,103476003744,-0.28,88.0,HOLD,
255,가스에너지,CNQ,US20000731001,캐나디안 내추럴 리소시스,101315591640,2.2,50.07,HOLD,
255,가스에너지,CEG,US20220202001,컨스털레이션 에너지,98325259005,-0.72,274.77,BUY,
255,가스에너지,PSX,US20120412003,필립스 66,97633882202,1.05,246.58,BUY,
255,가스에너지,DUK,US19640616001,듀크 에너지,96726529232,-0.28,119.91,BUY,
255,가스에너지,WMB,US19870602001,윌리엄스 컴퍼니스,90433102275,1.79,75.05,BUY,에너지주 강세
255,가스에너지,SLB,US19620202001,슐럼버거,85312587661,4.83,60.1,BUY,데이터센터 확대
255,가스에너지,NGG,US19991007002,내셔널 그리드(ADR),79995551840,-0.24,79.16,BUY,
255,가스에너지,E,US19951128001,애니 SpA(ADR),77829576751,3.77,54.8,HOLD,우루과이 해상 진출
255,가스에너지,EOG,US19891004001,EOG 리소시스,75398832227,1.12,144.96,BUY,
255,가스에너지,KMI,US20110211002,킨더 모건,70471884768,2.15,32.24,BUY,
255,가스에너지,TRP,US19850530001,TC 에너지,64636064682,1.08,62.53,HOLD,
255,가스에너지,TRGP,US20101207001,타르가 리소시스,61887915424,2.03,293.65,BUY,
255,가스에너지,MPLX,US20121026002,MPLX,60236935142,-0.14,59.17,,
255,가스에너지,OKE,US19540524001,원오크,59898732334,1.32,96.01,BUY,
255,가스에너지,OXY,US19860522001,옥시덴탈 페트롤리움,59241662386,1.83,60.18,BUY,유가 상승 수혜
255,가스에너지,LNG,US19940404002,셰니어 에너지,58471763036,3.32,291.69,BUY,LNG 증설 완료
255,가스에너지,D,US19830520001,도미니언 에너지,57812084052,0.7,66.01,HOLD,
255,가스에너지,SRE,US19980629001,셈프라,55282532517,-3.1,81.7,BUY,
255,가스에너지,DVN,US19880930001,데번 에너지,52228787141,2.45,48.51,BUY,유가 강세 수혜
255,가스에너지,PCG,US19470606001,PG&E,37799032309,-20.06,13.27,BUY,
255,가스에너지,VG,NYS0250124001,벤처 글로벌,35549184409,3.24,14.64,BUY,
255,가스에너지,EQT,US19500605001,EQT,34228640412,-0.71,54.18,BUY,
255,가스에너지,EC,US20080918002,에코페트롤(ADR),34014917034,1.03,16.67,HOLD,
255,가스에너지,HAL,US19480915001,할리버턴,30225869242,1.85,36.85,BUY,유가 급등 수혜
255,가스에너지,ATO,US19831228001,애트모스 에너지,28239686912,-0.31,166.13,HOLD,
255,가스에너지,FTS,US20161014002,포르티스,28002886638,0.95,55.18,HOLD,
255,가스에너지,PBA,US19990927001,펨비나 파이프라인,27997533451,1.44,48.7,,
255,가스에너지,WES,US20080512001,웨스턴 미드스트림 파트너스,20011424788,-0.41,48.1,,
255,가스에너지,NI,US19880304001,나이소스,19509463291,0.86,40.92,BUY,비중확대 유지
255,가스에너지,DTM,US20210701013,DT 미드스트림,13250367293,1.15,131.02,BUY,
255,가스에너지,WTRG,US20200203011,에센셜 유틸리티스,11695498662,0.17,41.17,HOLD,
255,가스에너지,RRC,US19921228001,레인지 리소시스,9715098598,-0.34,41.32,HOLD,
255,가스에너지,KNTK,US20221024004,키네틱 홀딩스,8761742223,1.9,54.83,BUY,
255,가스에너지,NFG,US19550725001,내셔널 퓨얼 가스,7907661852,0.11,83.06,BUY,
255,가스에너지,CIG,US19950517001,이네르제치카 지 미나스 제라이스 우선주(ADR),6667715110,1.51,2.02,SELL,경영진 개편 추진
255,가스에너지,CIG.C,US20090914001,이네르제치카 지 미나스 제라이스(ADR),6667715110,4.01,3.11,,
255,가스에너지,RIG,US19930604001,트랜스오션,6495787556,0.17,5.81,BUY,
255,가스에너지,SWX,US19790719001,사우스웨스트 가스 홀딩스,6472745129,-0.86,88.33,BUY,
255,가스에너지,KGS,NYS0230628002,코디악 가스 서비시스,5846765758,1.91,58.77,BUY,
255,가스에너지,BKH,US19800709001,블랙 힐스,5566553524,-1.54,71.68,BUY,
255,가스에너지,AROC,US20151104004,아크록,5492686400,0.9,31.52,BUY,
255,가스에너지,NJR,US19820721001,뉴저지 리소시스,5453696066,-0.49,53.34,BUY,
255,가스에너지,CNX,US19990430001,CNX 리소시스,5370344349,0.5,36.38,HOLD,
255,가스에너지,GLNG,US20020418001,골라 LNG,5148783728,2.27,51.43,BUY,
255,가스에너지,OGS,US20140204005,원 가스,5008977616,-0.25,79.27,BUY,
255,가스에너지,SR,US20160429002,스파이어,4893826170,-0.87,81.84,BUY,
255,가스에너지,BIPC,US20200331002,브룩필드 인프라스트럭처,4764815716,0.13,38.22,SELL,
255,가스에너지,PAM,US19900918001,팜파 에네르히아(ADR),4387404819,2.32,82.32,BUY,
255,가스에너지,EE,US20220412002,엑셀러레이트 에너지,4384856788,2.75,39.62,BUY,
255,가스에너지,NWE,US20201001011,노스웨스턴 에너지 그룹,4337877495,-1.64,69.17,BUY,
255,가스에너지,CRK,US19950322001,컴스톡 리소시스,4207420764,0.98,14.43,HOLD,
255,가스에너지,MDU,US19480920001,MDU 리소시스 그룹,4174307706,0.66,19.92,BUY,
255,가스에너지,WBI,NYS0250917003,워터브리지 인프라스트럭처,3892178474,1.15,31.8,BUY,
255,가스에너지,CPK,US19930104001,체사피크 유틸리티스,3207999344,0.63,133.54,BUY,
255,가스에너지,BSM,US20150501002,블랙 스톤 미네랄스,3146142329,0.88,14.88,,
255,가스에너지,GPOR,US20210518008,걸프포트 에너지,3127513568,1.75,179.45,BUY,
255,가스에너지,MGEE,US19900326032,MGE 에너지,2960972167,-0.59,77.69,HOLD,
255,가스에너지,CSAN,US20210311012,코장(ADR),2788455042,4.61,2.95,HOLD,
255,가스에너지,NOG,US20220217010,노던 오일 앤 가스,2749077340,1.09,26.01,BUY,
255,가스에너지,BKV,NYS0240926001,반푸 칼닌 벤처스,2658998910,-0.29,24.16,BUY,
255,가스에너지,EFXT,US20221013002,에너플렉스,2448799264,2.0,20.4,,
255,가스에너지,NWN,US19900326066,노스웨스트 내추럴 홀딩,2089382251,-0.87,49.07,BUY,
255,가스에너지,CEPU,US20180201001,센트랄 푸에르토(ADR),2031354139,1.79,13.62,BUY,
255,가스에너지,TGS,US19941117001,트란스포르타도라 데 가스 델 수르(ADR),1962212477,2.66,28.9,BUY,
255,가스에너지,NEXT,US20170725004,넥스트디케이드,1961863993,2.59,7.54,BUY,
255,가스에너지,FLOC,NYS0250116001,플로우코 홀딩스,1917152271,3.69,21.94,BUY,
255,가스에너지,KRP,US20170203002,킴벨 로열티 파트너스,1714951831,0.27,14.95,,
255,가스에너지,AESI,NYS0230308001,아틀라스 에너지 솔루션즈,1610728720,1.95,13.1,BUY,
255,가스에너지,HLX,US19970701002,헬릭스 에너지 솔루션즈 그룹,1498583650,1.58,10.3,,혼벡 합병 호재
255,가스에너지,TBN,NYS0240627003,탐보란 리소시스,1298490482,1.97,37.88,,가스 판매 임박
255,가스에너지,DEC,NYS0231218001,다이버시파이드 에너지,1046732735,0.95,14.89,BUY,
255,가스에너지,UTL,US19920317028,유니틸,971040688,0.83,53.54,HOLD,
255,가스에너지,SMC,NYS0240801005,서밋 미드스트림,694010164,2.2,34.83,BUY,장기 수송계약 확보
255,가스에너지,GRNT,US20221025001,그래닛 리지 리소시스,669257708,-0.59,5.03,BUY,
255,가스에너지,WHK,NYS2606005003,화이트호크 미네랄스,632797440,3.47,27.44,BUY,
255,가스에너지,SD,US20161004001,샌드리지 에너지,518999951,1.15,14.12,HOLD,
255,가스에너지,NUAI,US20220105004,뉴 에라 에너지 & 디지털,497937353,1.72,4.74,BUY,
255,가스에너지,NGS,US20021021002,내추럴 가스 서비시스 그룹,448676725,1.47,35.2,BUY,
255,가스에너지,NPWR,US20210806006,넷 파워,412627139,-2.73,1.78,,
255,가스에너지,GNE,US20111026001,지니 에너지,392189304,-0.13,14.84,HOLD,
255,가스에너지,OPAL,US20220722003,오펄 퓨얼스,360992377,-3.4,1.99,BUY,
255,가스에너지,GTE,US20051114001,그랜 티에라 에너지,350168857,2.84,10.15,HOLD,
255,가스에너지,PNRG,US19950818014,프라임에너지 리소시스,332787391,0.29,210.31,HOLD,
255,가스에너지,MNTK,US20210122011,몬탁 리뉴어블스,252639338,-2.82,1.72,HOLD,
255,가스에너지,RGCO,US19940201001,RGC 리소시스,226310621,-0.78,21.49,,
255,가스에너지,KGEI,NAS0231011006,콜리브리 글로벌 에너지,209410227,3.08,6.02,,
255,가스에너지,AMPY,US20190807002,앰플리파이 에너지,197877463,3.36,4.92,,
255,가스에너지,OMSE,NAS0250509004,OMS ENERGY TECHNOLOGIES INC,197080066,3.67,4.8,BUY,
255,가스에너지,EPSN,US20190219001,엡실론 에너지,182811634,3.32,6.22,,
255,가스에너지,EPM,US19960411001,에볼루션 페트롤리엄,146749634,1.65,3.7,BUY,노스랜드 의견상향
255,가스에너지,SLNG,US20210429005,스태빌리스 솔루션즈,107130682,4.36,5.99,BUY,
255,가스에너지,NRT,US19960329002,노스 유러피언 오일 로열티 트러스트,83127975,1.0,9.11,,
255,가스에너지,BSIN,US19900326054,빅 스카이 인더스트리얼,76851980,3.42,1.51,BUY,
255,가스에너지,BATL,US20200220001,바탈리언 오일,75246779,3.05,1.35,,
255,가스에너지,PROP,NAS0231228002,프레리 오퍼레이팅,63171601,-9.04,0.508,BUY,희석 우려 완화
255,가스에너지,GLND,NAS2603026002,그린란드 에너지 컴퍼니,61391283,-2.14,1.37,,
255,가스에너지,PVL,US20180914005,퍼미언빌 로열티 트러스트,60887625,3.87,1.88,,
255,가스에너지,VOC,US20110505004,VOC 에너지 트러스트,56084401,2.74,3.38,,
255,가스에너지,INDO,US20191219003,인도네시아 에너지,43047795,1.79,2.84,,K-29 시추 진전
255,가스에너지,PRT,US20180501005,펌록 로열티 트러스트,27082483,0.91,2.21,,
255,가스에너지,EONR,US20220404005,EON 리소시스,26155482,0.71,0.5257,,
255,가스에너지,MXC,US19970305001,멕스코 에너지,20147185,3.36,10.15,,
255,가스에너지,BRN,US19840907022,반웰 인더스트리스,14259939,-2.76,0.958,,
255,가스에너지,TPET,AMX0230418002,트리오 페트롤리엄,9281924,-2.13,1.84,,
255,가스에너지,MTR,US19791015001,메사 로열티 트러스트,4185966,0.45,2.25,,
265,해상운송,TTE,US20210611013,토탈에너지스,197564958465,2.27,88.31,BUY,유가 급등 수혜
265,해상운송,VIK,NYS0240430002,바이킹 홀딩스,39636583493,-2.67,86.14,,
265,해상운송,FRO,US20010806003,프론트라인,9864863678,-0.93,43.78,BUY,사상 최대 실적
265,해상운송,KEX,US19961015001,커비,7362637522,2.01,141.86,,
265,해상운송,MATX,US19920128001,맷슨,6726161954,0.22,224.81,BUY,
265,해상운송,CMBT,US20150123002,CMB테크,5814196448,-0.38,18.28,,2분기 실적 호조
265,해상운송,INSW,US20161201001,인터내셔널 시웨이스,4907699858,-0.17,98.64,BUY,
265,해상운송,TDW,US19700519001,타이드워터,4621144239,0.54,93.12,HOLD,
265,해상운송,HAFN,NYS0240409001,하프니아,4245351661,-0.35,8.44,BUY,현금배당 확정
265,해상운송,STNG,US20100331002,스콜피오 탱커스,3918635998,1.06,78.86,BUY,
265,해상운송,BWLP,NYS0240429002,BW LPG,3823737924,1.29,24.25,BUY,
265,해상운송,SBLK,US20000124001,스타 벌크 캐리어스,3413140304,1.38,30.9,BUY,
265,해상운송,TRMD,US20171211001,톰,3348433709,0.61,32.82,,
265,해상운송,DHT,US20051013001,DHT 홀딩스,3174818937,-0.31,19.6,BUY,
265,해상운송,TNK,US20071213003,티케이 탱커스,3081393357,1.06,89.64,BUY,
265,해상운송,DAC,US20061006001,다나오스,2750485630,0.53,151.48,BUY,
265,해상운송,ECO,NYS0231211001,오케아니스 에코 탱커스,2664388098,-0.18,66.74,BUY,
265,해상운송,NMM,US20071113001,나비오스 마리타임 파트너스,2473744035,1.34,88.33,,
265,해상운송,LPG,US20140508002,도리언 LPG,2135601222,0.52,50.04,BUY,
265,해상운송,CMRE,US20101104001,코스타마레,2133236303,-0.84,15.28,BUY,
265,해상운송,SFL,US20040614001,SFL,1822301941,0.65,12.45,BUY,
265,해상운송,GSL,US20080815003,글로벌 십 리스,1725312881,0.07,44.55,BUY,
265,해상운송,FLNG,US20190617005,플렉스 LNG,1707528865,0.57,31.66,SELL,
265,해상운송,TEN,US20020305001,차코스 에너지 내비게이션,1591289657,-0.28,42.4,,
265,해상운송,NAT,US19970930001,노르딕 아메리칸 탱커스,1437509488,0.89,6.83,HOLD,목표가 상향
265,해상운송,CCEC,US20161109006,캐피탈 클린 에너지 캐리어스,1371795453,0.4,22.81,BUY,
265,해상운송,NVGS,US20131121003,네비게이터 홀딩스,1365343475,0.23,22.11,,
265,해상운송,TK,US19950719002,티케이,1138638965,0.84,13.16,,
265,해상운송,GNK,US20150720001,젠코 시핑 앤 트레이딩,1131135380,1.35,26.23,,
265,해상운송,SB,US20080529001,세이프 벌커스,975187638,1.29,8.63,BUY,
265,해상운송,HSHP,NYS0230331001,히말라야 시핑,789494999,0.24,16.74,BUY,
265,해상운송,ASC,US20130801003,아드모어 시핑,711146266,0.17,17.39,,
265,해상운송,ESEA,US20060505001,유로시스,542146388,0.47,76.99,,
265,해상운송,PANL,US20141006001,판게아 로지스틱스 솔루션즈,529175435,0.74,8.12,,
265,해상운송,CMDB,NYS0250507001,코스타마레 벌커스 홀딩스,500043206,-0.24,20.47,,
265,해상운송,DSX,US20050318001,다이애나 시핑,417349366,-1.8,2.73,,
265,해상운송,SHIP,NAS0230216001,시너지 마리타임 홀딩스,386541400,-0.73,17.66,,
265,해상운송,KNOP,US20130410002,놋 오프쇼어 파트너스,367910594,-0.92,10.8,,
265,해상운송,GASS,US20051006001,스텔스가스,353866362,0.74,9.56,,
265,해상운송,DLNG,US20141230002,다이나가스 LNG 파트너스,280518767,0.26,3.86,,
265,해상운송,SMHI,US20170602001,시코 마린 홀딩스,256024735,1.49,9.55,BUY,
265,해상운송,IMPP,US20211206004,임페리얼 페트롤리엄,255657605,1.16,5.25,,
265,해상운송,TORO,NAS0230308005,토로,215899001,-0.48,6.2,,
265,해상운송,EDRY,US20180531001,유로드라이,144803168,-2.4,49.16,,
265,해상운송,HMR,NAS0221229002,하이드마 마리타임 홀딩스,83408341,-1.42,1.39,,
265,해상운송,GLBS,US20080624001,글로버스 마리타임,76612261,3.11,3.65,,
265,해상운송,NCEW,NAS0241121003,뉴 센추리 로지스틱스,58368690,4.45,19.0,,
265,해상운송,PXS,US20151029002,픽시스 탱커스,55033588,1.49,5.44,BUY,2분기 실적 호조
265,해상운송,PTLE,NAS0241016006,PTL,51017312,-5.93,7.62,,
265,해상운송,NCT,NAS0250328003,인터컨트,47097586,6.98,5.21,,
265,해상운송,BANL,NAS0230323001,CBL 인터내셔널,33886498,-3.54,15.53,,ATM 공모 부담
265,해상운송,USEA,US20220706004,유나이티드 마리타임,26397938,0,2.76,,
265,해상운송,HTCO,NAS0221219002,하이 트렌드 인터내셔널 그룹,23174511,-0.39,2.54,,
265,해상운송,CTRM,US20190211001,캐스터 마리타임,22672325,-2.56,2.28,,
265,해상운송,PSHG,NAS0221115007,퍼포먼스 시핑,20943683,2.98,1.73,,
265,해상운송,SVRN,US20211130008,오션팔,16449296,3.66,9.06,,
265,해상운송,QNME,NAS0240628003,쿼놈 테크놀로지스,12221000,-6.78,0.33,,
265,해상운송,JYD,NAS0230421002,제이유드 글로벌 로지스틱스,7592819,-4.63,0.8702,,
265,해상운송,TOPS,US20040723002,탑 십스,4189398,-0.12,0.753,,
265,해상운송,ICON,NAS0240712002,아이콘 에너지,3561010,1.99,1.0,,
265,해상운송,RBNE,NAS0250415003,로빈 에너지,3500254,-0.76,2.6,,
265,해상운송,RUBI,NAS0250804007,루비코,3071760,5.26,1.8,,
265,해상운송,CISS,NAS0230622001,C3IS,2700660,-4.42,1.73,,
99,벤처캐피탈,STEP,US20200915009,스텝스톤 그룹,6089213689,4.54,52.26,BUY,
99,벤처캐피탈,BXSL,US20211028004,블랙스톤 담보 대출 펀드,5781926846,1.05,25.01,BUY,
99,벤처캐피탈,OBDC,US20190717006,블루 아울 캐피탈 코퍼레이션,5587894641,2.22,11.53,BUY,
99,벤처캐피탈,OTF,NYS0250612001,블루 아울 테크놀로지 파이낸스,5228544037,2.64,11.68,,
99,벤처캐피탈,CNS,US20040813001,코헨 앤 스티어스,4265847408,-2.49,80.67,HOLD,
99,벤처캐피탈,GBDC,US20100414001,골럽 캐피탈 BDC,3392600116,0.92,13.15,BUY,
99,벤처캐피탈,HTGC,US20050609002,허큘리스 캐피탈,3280658453,0.92,17.64,,
99,벤처캐피탈,PAX,US20210122014,파트리아 인베스트먼츠,1845411880,0,11.34,,
99,벤처캐피탈,TSLX,US20140325002,식스스 스트리트 스페셜티 렌딩,1791662917,0.64,18.86,BUY,
99,벤처캐피탈,CSWC,US19900327002,캐피탈 사우스웨스트,1627782918,0.39,25.57,,
99,벤처캐피탈,MSDL,NYS0240124002,모건스탠리 직접금융 펀드,1280240285,1.12,15.35,,
99,벤처캐피탈,PSEC,US20040727001,프로스펙트 캐피탈,1270227024,1.33,2.28,,
99,벤처캐피탈,GSBD,US20150318001,골드만삭스 BDC,1143472657,1.29,10.23,HOLD,
99,벤처캐피탈,BBDC,US20180803001,베어링스 BDC,981712042,0.96,9.44,BUY,
99,벤처캐피탈,KBDC,NYS0240522003,케인 앤더슨 BDC,887349549,1.57,13.61,BUY,
99,벤처캐피탈,CGBD,US20170614001,칼라일 시큐어드 렌딩,812755499,1.7,11.98,,
99,벤처캐피탈,BCSF,US20181114001,배인 캐피탈 스페셜티 파이낸스,776017684,0.75,12.02,HOLD,
99,벤처캐피탈,FDUS,US20110621001,피더스 인베스트먼트,749765092,0.56,19.81,BUY,
99,벤처캐피탈,PFLT,US20110408001,페넌트파크 플로팅 레이트 캐피탈,735244396,1.35,7.49,,조달비용 절감
99,벤처캐피탈,NMFC,US20200914002,뉴 마운틴 파이낸스,714137057,1.19,7.63,,
99,벤처캐피탈,SAR,US20070323003,사라토가 인베스트먼트,705041476,1.43,18.5,,
99,벤처캐피탈,SLRC,US20100209001,SLR 인베스트먼트,684909591,1.84,12.75,BUY,
99,벤처캐피탈,ALTI,NAS0230104001,알티 글로벌,627059472,-2.74,3.9,,
99,벤처캐피탈,NCDL,NYS0240125001,누빈 처칠 다이렉트 렌딩,609633104,1.62,12.51,BUY,
99,벤처캐피탈,PWRL,NAS2605027006,파워로,445764531,2.04,10.49,,
99,벤처캐피탈,NEWT,US20000920001,뉴텍원,395606259,-1.18,11.77,HOLD,
99,벤처캐피탈,TCPC,US20120404001,블랙록 TCP 캐피탈,346633724,1.21,4.17,HOLD,
99,벤처캐피탈,HRZN,US20101029001,호라이즌 테크놀로지 파이낸스,315929132,-0.85,4.66,BUY,
99,벤처캐피탈,RWAY,US20211021009,런웨이 그로스 파이낸스,276948713,1.52,6.69,HOLD,
99,벤처캐피탈,NSLR,US20190801001,네오스텔라 캐피털 코퍼레이션,270772306,-0.78,10.12,,
99,벤처캐피탈,SCM,US20121108003,스텔러스 캐피탈 인베스트먼트,249316223,0.23,8.66,,
99,벤처캐피탈,LIEN,US20210727010,시카고 애틀랜틱 BDC,233412608,1.18,10.32,,
99,벤처캐피탈,TPVG,US20140306003,트리플포인트 벤처 그로스 BDC,221664042,0.92,5.48,HOLD,
99,벤처캐피탈,RVII,NYS2608013001,로빈후드 벤처스 펀드 2,203128018,1.53,22.62,,
99,벤처캐피탈,INV,NAS0241003003,인벤처,106906263,2.38,1.29,,
99,벤처캐피탈,SUIG,US20220809009,수이 그룹 홀딩,73002419,3.39,0.98,,
99,벤처캐피탈,ASPS,US20090806001,알티소스 포트폴리오 솔루션즈,62984530,-0.55,5.47,BUY,
99,벤처캐피탈,OFS,US20121108002,OFS 캐피탈,49978441,-3.76,3.58,HOLD,
99,벤처캐피탈,RMCO,NAS0231106003,로열티 매니지먼트 홀딩스,44426614,2.05,2.98,,
99,벤처캐피탈,COHN,US20170905001,코헨 앤 컴퍼니,36652846,-1.15,11.19,BUY,
99,벤처캐피탈,RAND,US19950818015,랜드 캐피탈,32877258,-3.99,10.6,,
99,벤처캐피탈,AMTD,US20220131001,AMTD 아이디어 그룹(ADR),31527362,2.55,0.7589,,
99,벤처캐피탈,GRNQ,US20180613008,그린프로 캐피털,24540170,2.96,13.9,,
251,주유소,CASY,US19831020001,케이시스 제너럴 스토어스,28033278688,-0.38,752.59,BUY,
251,주유소,SUN,US20141111002,수노코,15332368945,1.86,76.04,,
251,주유소,MUSA,US20130904001,머피 USA,9274339292,2.42,515.39,BUY,
251,주유소,UGP,US19991008001,우우트라파르(ADR),6923288152,3.26,6.66,BUY,
251,주유소,APC,NAS2602012002,ARKO PETROLEUM CORP,882478611,-2.05,18.12,BUY,
251,주유소,PTLE,NAS0241016006,PTL,51017312,-5.93,7.62,,
251,주유소,NXXT,US20210914005,넥스트NRG,38932759,-1.13,0.2282,BUY,
257,가스판매,LIN,US20181031005,린데,226948426342,0.01,489.58,BUY,
257,가스판매,E,US19951128001,애니 SpA(ADR),77829576751,3.77,54.8,HOLD,우루과이 해상 진출
257,가스판매,KMI,US20110211002,킨더 모건,70471884768,2.15,32.24,BUY,
257,가스판매,TRP,US19850530001,TC 에너지,64636064682,1.08,62.53,HOLD,
257,가스판매,TRGP,US20101207001,타르가 리소시스,61887915424,2.03,293.65,BUY,
257,가스판매,MPLX,US20121026002,MPLX,60236935142,-0.14,59.17,,
257,가스판매,LNG,US19940404002,셰니어 에너지,58471763036,3.32,291.69,BUY,LNG 증설 완료
257,가스판매,D,US19830520001,도미니언 에너지,57812084052,0.7,66.01,HOLD,
257,가스판매,SRE,US19980629001,셈프라,55282532517,-3.1,81.7,BUY,
257,가스판매,ATO,US19831228001,애트모스 에너지,28239686912,-0.31,166.13,HOLD,
257,가스판매,NI,US19880304001,나이소스,19509463291,0.86,40.92,BUY,비중확대 유지
257,가스판매,WTRG,US20200203011,에센셜 유틸리티스,11695498662,0.17,41.17,HOLD,
257,가스판매,CIG,US19950517001,이네르제치카 지 미나스 제라이스 우선주(ADR),6667715110,1.51,2.02,SELL,경영진 개편 추진
257,가스판매,CIG.C,US20090914001,이네르제치카 지 미나스 제라이스(ADR),6667715110,4.01,3.11,,
257,가스판매,SWX,US19790719001,사우스웨스트 가스 홀딩스,6472745129,-0.86,88.33,BUY,
257,가스판매,AROC,US20151104004,아크록,5492686400,0.9,31.52,BUY,
257,가스판매,NJR,US19820721001,뉴저지 리소시스,5453696066,-0.49,53.34,BUY,
257,가스판매,OGS,US20140204005,원 가스,5008977616,-0.25,79.27,BUY,
257,가스판매,BIPC,US20200331002,브룩필드 인프라스트럭처,4764815716,0.13,38.22,SELL,
257,가스판매,EE,US20220412002,엑셀러레이트 에너지,4384856788,2.75,39.62,BUY,
257,가스판매,NWE,US20201001011,노스웨스턴 에너지 그룹,4337877495,-1.64,69.17,BUY,
257,가스판매,MDU,US19480920001,MDU 리소시스 그룹,4174307706,0.66,19.92,BUY,
257,가스판매,MGEE,US19900326032,MGE 에너지,2960972167,-0.59,77.69,HOLD,
257,가스판매,NOG,US20220217010,노던 오일 앤 가스,2749077340,1.09,26.01,BUY,
257,가스판매,NWN,US19900326066,노스웨스트 내추럴 홀딩,2089382251,-0.87,49.07,BUY,
257,가스판매,CEPU,US20180201001,센트랄 푸에르토(ADR),2031354139,1.79,13.62,BUY,
257,가스판매,GNE,US20111026001,지니 에너지,392189304,-0.13,14.84,HOLD,
257,가스판매,RGCO,US19940201001,RGC 리소시스,226310621,-0.78,21.49,,
257,가스판매,SLNG,US20210429005,스태빌리스 솔루션즈,107130682,4.36,5.99,BUY,
951,탄소저감,NGVT,US20160516001,인제비티,2393448346,-0.2,69.29,BUY,
951,탄소저감,BW,US20150702002,밥콕 앤 윌콕스 엔터프라이지스,1240333030,5.31,7.54,BUY,매수의견 개시
951,탄소저감,ADUR,NAS0241107001,아두로 클린 테크놀로지스,501769839,-2.47,13.82,BUY,
951,탄소저감,ENGS,NAS0250401001,에너지스 그룹,140704596,2.7,2.66,,
951,탄소저감,LNZA,NAS0230210006,란자테크 글로벌,80983084,0.81,6.22,,
951,탄소저감,BCHT,AMX2602026001,버치테크,31390518,0.84,1.2,,
951,탄소저감,SKYQ,NAS0241010011,스카이 쿼리,23295950,1.52,2.67,,
179,반도체팹리스,NVDA,US19990122001,엔비디아,5257428831456,1.48,220.78,BUY,순환 자금조달 우려
179,반도체팹리스,AVGO,US20090806002,브로드컴,1759391649897,0.6,371.0,BUY,대규모 부채 부담
179,반도체팹리스,AMD,US20150102001,AMD,762145936646,0.92,469.88,BUY,AI 인프라 가동
179,반도체팹리스,INTC,US19711013001,인텔,474160544842,0,89.47,HOLD,파운드리 검토
179,반도체팹리스,ARM,NAS0230914001,ARM 홀딩스(ADR),256029081965,1.2,241.92,BUY,
179,반도체팹리스,TXN,US19531001001,텍사스 인스트루먼츠,236854447652,0.88,260.91,BUY,
179,반도체팹리스,MRVL,US20000627001,마벨 테크놀로지,190478469933,-2.3,211.64,BUY,구글 기여 지연
179,반도체팹리스,QCOM,US19911213001,퀄컴,172875430330,3.79,170.42,HOLD,
179,반도체팹리스,MPWR,US20041119001,모놀리식 파워 시스템,61906816174,0.92,1267.87,BUY,
179,반도체팹리스,NXPI,US20100806001,NXP 세미컨덕터스,56534506917,0.5,224.7,BUY,
179,반도체팹리스,ALAB,NAS0240320001,아스테라 랩스,50357368133,2.62,297.04,BUY,
179,반도체팹리스,CRDO,US20220126002,크리도 테크놀로지 그룹 홀딩,43862548190,-2.8,226.24,BUY,1분기 호실적 전망
179,반도체팹리스,SITM,US20191120002,싸이타임,16821738805,1.36,565.43,BUY,
179,반도체팹리스,LSCC,US19891101001,래티스 세미컨덕터,16293118474,0.86,115.38,BUY,
179,반도체팹리스,SMTC,US19920317010,셈텍,12275316611,1.36,132.95,BUY,
179,반도체팹리스,RMBS,US19970514001,램버스,9327345485,1.08,86.69,BUY,
179,반도체팹리스,SIMO,US20050630001,실리콘 모션 테크놀로지(ADR),8376586873,0.42,246.85,BUY,
179,반도체팹리스,SLAB,US20000324001,실리콘 래버러토리스,7312102347,0.25,219.09,HOLD,
179,반도체팹리스,ALGM,US20201029003,알레그로 마이크로시스템즈,6686007930,1.29,36.23,BUY,
179,반도체팹리스,MXL,US20211213009,맥스리니어,5613946012,-3.0,59.88,BUY,
179,반도체팹리스,CRUS,US19890608001,시러스 로직,5451761852,0.97,109.53,BUY,
179,반도체팹리스,AMBA,US20121010001,암바렐라,3106963454,-1.77,69.38,BUY,
179,반도체팹리스,NVTS,US20211020011,나비타스 세미컨덕터,3008245952,0.7,11.57,HOLD,
179,반도체팹리스,POWI,US19971212001,파워 인티그레이션,2885978750,0.08,51.33,BUY,
179,반도체팹리스,HIMX,US20060331001,하이맥스 테크놀로지스(ADR),2385737461,0.51,13.71,BUY,
179,반도체팹리스,INDI,US20210611003,인디 세미컨덕터,878656541,-1.85,3.71,BUY,
179,반도체팹리스,CEVA,US20021101001,세바,765646276,-0.33,27.03,BUY,
179,반도체팹리스,GSIT,US20070329001,GSI 테크놀로지,219670521,-2.81,5.54,,
179,반도체팹리스,QUIK,US19991015001,퀵로직,198561424,-0.74,10.73,BUY,
179,반도체팹리스,VLN,US20210930019,발렌스 세미컨덕터,195428530,-1.11,1.78,BUY,
179,반도체팹리스,GCTS,US20211227003,GCT 세미컨덕터 홀딩,171535932,-3.23,1.8,,
179,반도체팹리스,ICG,NAS0230316002,인트체인스 그룹(ADR),96247492,-2.91,1.0,,
179,반도체팹리스,NA,US20220707001,나노 랩스,51677549,-4.95,2.11,,
179,반도체팹리스,SQNS,US20110415001,시퀀스 커뮤니케이션스(ADR),43751822,-0.34,2.9,,
179,반도체팹리스,PXLW,US20000519001,픽셀웍스,42038024,-0.29,6.91,,
179,반도체팹리스,DAIO,US19810505001,데이터 인아웃,30543273,-1.02,2.9,,
179,반도체팹리스,PRSO,US20211220018,페라소,9705327,-7.73,0.5906,BUY,
427,농산물종자,CTVA,US20190603004,코르테바,56132277947,0.87,84.63,BUY,
427,농산물종자,SEED,US20040329001,오리진 애그리테크,12056496,0.65,0.9965,,
211,대형마트,WMT,US19701001001,월마트,820147787104,1.67,104.81,BUY,
211,대형마트,COST,US19851127001,코스트코,420453423480,-0.19,943.69,BUY,
211,대형마트,TJX,US19651117001,TJX,149038802627,-0.9,133.91,BUY,
211,대형마트,TGT,US19830406003,타겟,74336792405,-1.41,160.88,HOLD,
211,대형마트,KR,US19510112001,크로거,35459622333,-0.31,57.54,BUY,
211,대형마트,DG,US20091113001,달러 제너럴,27186442270,3.14,126.75,BUY,매수의견 유지
211,대형마트,BJ,US20180724004,BJs 홀세일 클럽 홀딩스,11475703991,0.06,90.65,BUY,
211,대형마트,PSMT,US19970902001,프라이스스마트,5246351485,0.32,169.89,BUY,
211,대형마트,AAP,US20011129001,어드밴스 오토 파츠,2598313220,-1.68,42.18,HOLD,
211,대형마트,WMK,US19650604001,웨이스 마케츠,1766679016,-0.21,71.05,,
169,반도체,NVDA,US19990122001,엔비디아,5257428831456,1.48,220.78,BUY,순환 자금조달 우려
169,반도체,TSM,US19971008002,TSMC(ADR),2171434637682,-0.53,415.32,BUY,
169,반도체,AVGO,US20090806002,브로드컴,1759391649897,0.6,371.0,BUY,대규모 부채 부담
169,반도체,SKHYV,NAS2607010002,SK하이닉스(ADR),1177005325939,2.18,164.55,BUY,HBM 경쟁우려
169,반도체,MU,US19890516001,마이크론 테크놀로지,1056474194399,2.77,958.73,BUY,CXMT 경쟁 부담
169,반도체,AMD,US20150102001,AMD,762145936646,0.92,469.88,BUY,AI 인프라 가동
169,반도체,ASML,US19950315001,ASML 홀딩(ADR),653293589391,-0.01,1696.02,BUY,
169,반도체,INTC,US19711013001,인텔,474160544842,0,89.47,HOLD,파운드리 검토
169,반도체,LRCX,US19840504001,램 리서치,378816701638,-0.06,301.71,BUY,
169,반도체,AMAT,US19721012001,어플라이드 머티리얼즈,367391569577,-0.81,457.93,BUY,
169,반도체,ARM,NAS0230914001,ARM 홀딩스(ADR),256029081965,1.2,241.92,BUY,
169,반도체,TXN,US19531001001,텍사스 인스트루먼츠,236854447652,0.88,260.91,BUY,
169,반도체,KLAC,US19801008001,KLA,229984374953,-0.06,175.44,BUY,
169,반도체,SNDK,NAS0250224006,샌디스크,218029528784,4.64,1553.91,BUY,마벨발 메모리 약세
169,반도체,MRVL,US20000627001,마벨 테크놀로지,190478469933,-2.3,211.64,BUY,구글 기여 지연
169,반도체,ADI,US19790403001,아날로그 디바이스,175790048273,0.1,362.14,BUY,
169,반도체,QCOM,US19911213001,퀄컴,172875430330,3.79,170.42,HOLD,
169,반도체,ASX,US20180501002,ASE 테크놀로지 홀딩(ADR),83300578139,-2.2,36.95,BUY,
169,반도체,MPWR,US20041119001,모놀리식 파워 시스템,61906816174,0.92,1267.87,BUY,
169,반도체,NXPI,US20100806001,NXP 세미컨덕터스,56534506917,0.5,224.7,BUY,
169,반도체,TER,US20181127001,테라다인,55649480422,-1.45,349.83,BUY,
169,반도체,COHR,US19871002001,코히런트,54827304005,-0.49,277.83,BUY,
169,반도체,ALAB,NAS0240320001,아스테라 랩스,50357368133,2.62,297.04,BUY,
169,반도체,UMC,US20000919001,UMC(ADR),49768524776,0.45,19.88,SELL,CPO 상용화 부각
169,반도체,STM,US19941208001,ST 마이크로일렉트로닉스(ADR),44195553773,1.54,50.14,BUY,
169,반도체,CRDO,US20220126002,크리도 테크놀로지 그룹 홀딩,43862548190,-2.8,226.24,BUY,1분기 호실적 전망
169,반도체,MCHP,US19930326002,마이크로칩 테크놀로지,41615507354,0.96,73.63,BUY,
169,반도체,CLS,US19980630001,셀레스티카,37773381701,0.23,299.4,BUY,
169,반도체,ON,US20150407001,온 세미컨덕터,28345961193,2.04,74.09,HOLD,
169,반도체,Q,NYS0251103004,큐니티 일렉트로닉스,25228875097,-0.62,119.43,BUY,
169,반도체,GFS,US20211027013,글로벌파운드리스,24627649813,-0.16,44.69,BUY,
169,반도체,TSEM,US19941025001,타워 세미컨덕터,23576484955,-1.45,205.0,,
169,반도체,ENTG,US20000711002,인테그리스,20672688421,0.3,135.33,BUY,금리 인상 부담
169,반도체,MTSI,US20120315001,메이컴 테크놀로지 솔루션즈 홀딩스,20314844133,-0.46,264.04,BUY,
169,반도체,DD,US20190603005,듀폰,18549253268,-1.31,134.59,BUY,
169,반도체,SITM,US20191120002,싸이타임,16821738805,1.36,565.43,BUY,
169,반도체,LSCC,US19891101001,래티스 세미컨덕터,16293118474,0.86,115.38,BUY,
169,반도체,ONTO,US20191028002,온투 이노베이션,13325500777,-1.32,267.21,BUY,
169,반도체,SMTC,US19920317010,셈텍,12275316611,1.36,132.95,BUY,
169,반도체,AMKR,US19980501001,앰코 테크놀로지,11928744487,-1.15,47.33,HOLD,
169,반도체,NVMI,US20000411003,노바,11132907729,-0.08,348.78,BUY,
169,반도체,SOLS,NAS0251030004,솔스티스 어드밴스드 머터리얼즈,10122112294,-0.17,63.42,BUY,
169,반도체,SWKS,US19840907014,스카이웍스 솔루션즈,9926933420,1.85,67.01,HOLD,
169,반도체,RMBS,US19970514001,램버스,9327345485,1.08,86.69,BUY,
169,반도체,QRVO,US20150105001,코보,8380306484,1.3,95.96,HOLD,
169,반도체,SIMO,US20050630001,실리콘 모션 테크놀로지(ADR),8376586873,0.42,246.85,BUY,
169,반도체,FORM,US20030612001,폼팩터,7966418876,-0.99,100.68,BUY,
169,반도체,SLAB,US20000324001,실리콘 래버러토리스,7312102347,0.25,219.09,HOLD,
169,반도체,ALGM,US20201029003,알레그로 마이크로시스템즈,6686007930,1.29,36.23,BUY,
169,반도체,CAMT,US20000728002,캠텍,6342686123,-0.99,134.23,BUY,
169,반도체,MXL,US20211213009,맥스리니어,5613946012,-3.0,59.88,BUY,
169,반도체,CRUS,US19890608001,시러스 로직,5451761852,0.97,109.53,BUY,
169,반도체,PI,US20160721001,임핀지,5210427911,2.65,174.56,BUY,
169,반도체,ACMR,US20171107001,ACM 리서치,5197602293,-2.11,72.85,BUY,
169,반도체,VSH,US19840124001,비샤이 인터테크놀로지,4700207130,-0.43,30.43,BUY,
169,반도체,KLIC,US19900326028,쿨리케 앤 소파 인더스트리스,4251933866,-1.23,80.03,,
169,반도체,DIOD,US19920317002,다이오즈,4063737610,3.16,90.78,BUY,
169,반도체,AXTI,US19980521001,AXT,3855170800,3.36,60.6,BUY,
169,반도체,ACLS,US20000711001,액셀리스 테크놀로지스,3578826281,-0.2,115.34,HOLD,
169,반도체,UCTT,US20040325001,울트라 클린 홀딩스,3154532480,-2.3,67.88,BUY,
169,반도체,AMBA,US20121010001,암바렐라,3106963454,-1.77,69.38,BUY,
169,반도체,NVTS,US20211020011,나비타스 세미컨덕터,3008245952,0.7,11.57,HOLD,
169,반도체,POWI,US19971212001,파워 인티그레이션,2885978750,0.08,51.33,BUY,
169,반도체,VECO,US19941220001,비코 인스트루먼츠,2715212450,0.02,44.3,BUY,
169,반도체,AEHR,US19970815001,에흐르 테스트 시스템즈,2643335733,-1.99,79.2,BUY,
169,반도체,LASR,US20180426004,엔라이트,2484055725,-1.56,42.27,BUY,
169,반도체,HIMX,US20060331001,하이맥스 테크놀로지스(ADR),2385737461,0.51,13.71,BUY,
169,반도체,COHU,US19861112001,코후,2278517599,-4.0,46.08,BUY,
169,반도체,ROG,US19800317004,로저스,2249025030,0.04,125.57,BUY,
169,반도체,ICHR,US20161209001,아이코어 홀딩스,2082382577,-3.43,53.54,BUY,
169,반도체,IMOS,US20010619001,칩모스 테크놀로지스(ADR),1946235898,-2.16,54.25,,
169,반도체,PDFS,US20010726001,PDF 솔루션즈,1897425207,-0.83,44.44,BUY,
169,반도체,PLAB,US19870310001,포트로닉스,1639577142,1.48,28.14,BUY,
169,반도체,AMBQ,NYS0250729001,앰빅 마이크로,1390569566,1.69,58.31,BUY,
169,반도체,POET,US20220314008,포엣 테크놀로지스,1301518773,-0.53,7.46,,
169,반도체,AIP,US20211026001,아터리스,1084824313,-0.59,21.88,BUY,
169,반도체,INDI,US20210611003,인디 세미컨덕터,878656541,-1.85,3.71,BUY,
169,반도체,CEVA,US20021101001,세바,765646276,-0.33,27.03,BUY,
169,반도체,AOSL,US20100429001,알파 앤 오메가 세미컨덕터,739200543,0.12,24.66,BUY,
169,반도체,ASYS,US19840907006,암테크 시스템즈,264037462,-2.99,14.61,,
169,반도체,ALMU,NAS0250327001,앨루마,241196120,-0.15,13.12,BUY,
169,반도체,SVCO,NAS0240509005,실바코 그룹,233098024,1.17,6.94,,
169,반도체,GSIT,US20070329001,GSI 테크놀로지,219670521,-2.81,5.54,,
169,반도체,QUIK,US19991015001,퀵로직,198561424,-0.74,10.73,BUY,
169,반도체,VLN,US20210930019,발렌스 세미컨덕터,195428530,-1.11,1.78,BUY,
169,반도체,GCTS,US20211227003,GCT 세미컨덕터 홀딩,171535932,-3.23,1.8,,
169,반도체,QSI,US20210611006,퀀텀 Si,171200770,-1.54,0.768,,
169,반도체,ATOM,US20161114001,아토메라,164353445,-1.19,4.15,,
169,반도체,MX,US20110311001,매그나칩 세미컨덕터,114958231,-0.32,3.13,,
169,반도체,TRT,US19950424001,트리오 테크 인터내셔널,102419212,-0.99,10.0,,
169,반도체,ICG,NAS0230316002,인트체인스 그룹(ADR),96247492,-2.91,1.0,,
169,반도체,NA,US20220707001,나노 랩스,51677549,-4.95,2.11,,
169,반도체,SQNS,US20110415001,시퀀스 커뮤니케이션스(ADR),43751822,-0.34,2.9,,
169,반도체,PXLW,US20000519001,픽셀웍스,42038024,-0.29,6.91,,
169,반도체,DAIO,US19810505001,데이터 인아웃,30543273,-1.02,2.9,,
169,반도체,WIMI,US20190725001,와이마이 홀로그램 클라우드,23966550,3.85,1.35,,
169,반도체,PRSO,US20211220018,페라소,9705327,-7.73,0.5906,BUY,
461,금융기기,NATL,NYS0231017001,NCR 애틀리오스,3427909285,-0.73,45.92,HOLD,
461,금융기기,DBD,NYS0230814001,다이볼드 닉스도프,2292614325,0.73,67.84,,
207,디스플레이패널,LPL,US20040722004,LG디스플레이(ADR),3359248092,1.19,3.39,SELL,
207,디스플레이패널,DAKT,US19940210001,닥트로닉,934876179,1.09,19.51,BUY,
207,디스플레이패널,LYTS,US19850312001,LSI 인더스트리스,725599075,-0.36,19.59,BUY,
207,디스플레이패널,RELL,US19831027001,리처드슨 일렉트로닉스,263972022,-2.32,17.3,BUY,
207,디스플레이패널,WETH,NAS0240221002,위터치 테크놀로지,15297062,4.39,1.19,,
213,백화점,DDS,US19890623001,딜라즈,9715335820,0.92,625.97,,
213,백화점,M,US19920205001,메이시스,5805447909,-0.23,21.96,HOLD,
213,백화점,KSS,US19920101001,콜스,1989978337,1.83,17.82,HOLD,
89,IT솔루션구축,DELL,US20181228002,델 테크놀로지스,295609842550,-0.05,456.01,BUY,가이던스 상향 전망
89,IT솔루션구축,IBM,US19490128001,IBM,222570182150,-0.73,233.87,BUY,본업 성장 우려
89,IT솔루션구축,NOW,US20120629001,서비스나우,150023187561,2.27,147.99,BUY,중동 긴장 부담
89,IT솔루션구축,HPE,US20151102003,휴렛 패커드 엔터프라이즈,73498328899,-0.13,52.24,BUY,목표가 상향
89,IT솔루션구축,GRMN,US20211207005,가민,55151448040,-0.38,284.11,HOLD,
89,IT솔루션구축,OKTA,US20170404001,옥타,29140707949,4.1,173.04,BUY,
89,IT솔루션구축,CTSH,US19980619001,코그니전트 테크놀로지 솔루션즈,28926081360,0.83,64.57,BUY,
89,IT솔루션구축,FICO,US19870731001,페어 아이작,24983163072,-0.55,1147.21,BUY,
89,IT솔루션구축,SNX,US20031125002,TD 시넥스,20363184595,-0.44,252.85,BUY,
89,IT솔루션구축,CDW,US20130627001,CDW,18514795334,2.67,151.63,BUY,
89,IT솔루션구축,WIT,US20001019001,위프로(ADR),18054243264,1.65,1.85,SELL,
89,IT솔루션구축,LDOS,US20131001003,레이도스 홀딩스,17700463932,-0.32,140.21,HOLD,
89,IT솔루션구축,DT,US20190731006,다이나트레이스,15553563554,1.71,54.59,BUY,
89,IT솔루션구축,GIB,US19981007001,CGI,15525771012,0.64,75.25,HOLD,
89,IT솔루션구축,TRMB,US19900701001,트림블,14265576009,-1.77,59.93,BUY,
89,IT솔루션구축,CACI,US19790330001,CACI 인터내셔널,13921255961,-0.83,623.01,BUY,
89,IT솔루션구축,HUBS,US20141009007,허브스팟,13035006973,0.26,261.36,HOLD,
89,IT솔루션구축,GTLB,US20211013002,깃랩,7599464513,3.68,46.52,HOLD,
89,IT솔루션구축,GDS,US20161102001,GDS 홀딩스(ADR),6914110767,-4.73,31.83,BUY,
89,IT솔루션구축,GLBE,US20210510004,글로벌 E,6728821882,-6.68,37.28,BUY,
89,IT솔루션구축,INGM,NYS0241024001,인그램 마이크로 홀딩,6638271971,-1.85,28.17,BUY,
89,IT솔루션구축,QLYS,US20120928001,퀄리스,6488858925,-0.58,185.96,HOLD,
89,IT솔루션구축,NOVT,US20160512002,노밴타,6174431255,2.9,146.32,BUY,
89,IT솔루션구축,SAIC,US20131001005,사이언스 애플리케이션 인터내셔널,5339888967,1.84,128.28,HOLD,
89,IT솔루션구축,PSN,US20190507002,파슨스,5247911937,-0.73,48.64,BUY,
89,IT솔루션구축,RGTI,US20210422015,리게티 컴퓨팅,5217819552,0.38,15.65,BUY,금리 인상 우려
89,IT솔루션구축,VRNS,US20140228001,바로니스 시스템즈,5058598948,-0.39,43.75,BUY,
89,IT솔루션구축,BOX,US20150122001,박스,4812532059,2.29,35.78,BUY,
89,IT솔루션구축,KBR,US20061116002,KBR,4807592142,-1.39,37.5,BUY,
89,IT솔루션구축,BDC,US19931124001,벨던,4514627265,-0.65,114.46,BUY,
89,IT솔루션구축,VNT,US20201009011,본티어,4441379226,-1.68,32.21,BUY,
89,IT솔루션구축,ITRI,US19931104001,아이트론,4282311328,-0.52,97.02,BUY,
89,IT솔루션구축,QTWO,US20140319004,Q2 홀딩스,4072372627,-0.14,65.04,BUY,
89,IT솔루션구축,BRZE,US20211116002,브레이즈,3899908074,-1.42,34.04,,
89,IT솔루션구축,FRSH,US20210921006,프레시웍스,3626345318,0.36,13.91,BUY,
89,IT솔루션구축,APPN,US20170522001,애피안,3053294944,0.99,42.93,HOLD,
89,IT솔루션구축,TDC,US20070912001,테라데이타,2682996355,0.8,29.0,HOLD,
89,IT솔루션구축,PLUS,US19961115001,이플러스,2283458099,0.73,87.92,,
89,IT솔루션구축,ALKT,US20210413001,알카미 테크놀로지,2168336319,0.79,20.38,BUY,
89,IT솔루션구축,CNXN,US20161024001,PC 커넥션,2016270188,0.25,79.87,,
89,IT솔루션구축,INOD,US19930810002,이노데이터,1951085606,-0.3,56.42,BUY,
89,IT솔루션구축,FORTY,US19971020001,포뮬러 시스템즈 1985(ADR),1933196472,0,125.72,,
89,IT솔루션구축,VNET,US20110421002,브이넷 그룹(ADR),1869878082,-7.48,6.06,BUY,
89,IT솔루션구축,CNXC,US20201201002,콘센트릭스,1797668147,2.45,30.1,,
89,IT솔루션구축,DXC,US20170403001,DXC 테크놀로지,1796063711,0.8,11.3,HOLD,
89,IT솔루션구축,AMPL,US20210927001,앰플리튜드,1791231047,-1.47,14.09,BUY,
89,IT솔루션구축,BBAI,US20211208001,빅베어 AI 홀딩스,1464828532,2.62,3.13,,
89,IT솔루션구축,MGRT,NAS0250716003,메가 포춘 컴퍼니,1371901879,-1.44,98.07,,
89,IT솔루션구축,EFOR,US19920922001,에버포스,1313566280,1.47,32.42,HOLD,
89,IT솔루션구축,TUYA,US20210317016,투야(ADR),1156318107,0,1.88,BUY,
89,IT솔루션구축,SCSC,US19940318001,스캔소스,1142220580,0.92,57.07,HOLD,
89,IT솔루션구축,SIFY,US19991019003,시피 테크놀로지스(ADR),1045937949,3.96,14.97,,
89,IT솔루션구축,BKSY,US20210910002,블랙스카이 테크놀로지,972596432,-2.53,23.1,BUY,
89,IT솔루션구축,SABR,US20140417001,세이버,890334183,-1.36,2.17,HOLD,
89,IT솔루션구축,QMCO,US20200203005,퀀텀,879688425,9.07,24.28,BUY,
89,IT솔루션구축,NABL,US20210720010,N 에이블,793701429,-5.01,3.98,HOLD,자사주 매입 증액
89,IT솔루션구축,CASS,US19960102002,캐스 인포메이션 시스템즈,727471086,-1.02,56.07,BUY,
89,IT솔루션구축,VRRM,US20181018004,베라 모빌리티,669046411,0.91,4.43,HOLD,
89,IT솔루션구축,GDYN,US20200306001,그리드 다이내믹스 홀딩스,648366210,0,7.97,BUY,
89,IT솔루션구축,NTGR,US20030731001,넷기어,574787958,0.33,21.16,BUY,
89,IT솔루션구축,HKD,US20220715002,AMTD 디지털(ADR),535749827,1.18,1.72,,
89,IT솔루션구축,CLMB,US20221031003,클라임 글로벌 솔루션즈,529553959,0.81,28.53,BUY,
89,IT솔루션구축,IBEX,US20200806004,아이벡스,511802105,1.02,38.51,,
89,IT솔루션구축,CINT,US20211109003,CI&T,443312302,0.87,3.46,BUY,
89,IT솔루션구축,AIOT,US20191003002,파워플리트,410519219,-1.64,3.0,BUY,
89,IT솔루션구축,ALLT,US20061116001,앨럿,382163045,-0.77,7.73,BUY,
89,IT솔루션구축,GOGO,US20130621001,고고,369598899,-8.09,2.5,HOLD,
89,IT솔루션구축,RCMT,US19950818016,RCM 테크놀로지스,298335481,-0.53,41.62,,
89,IT솔루션구축,CNDT,US20191223001,컨듀언트,268234231,0,1.72,,
89,IT솔루션구축,LTRX,US20000804004,렌트로닉스,251499910,-1.49,5.29,BUY,
89,IT솔루션구축,III,US20070212001,인포메이션 서비시스 그룹,249046691,-0.19,5.12,,
89,IT솔루션구축,TSSI,NAS0241114004,TSS,230620324,-3.44,7.87,BUY,
89,IT솔루션구축,UIS,US19840531001,유니시스,196685398,0.37,2.7,,
89,IT솔루션구축,TRAK,US20131029001,리퍼지트랙,190456568,-3.49,8.01,,
89,IT솔루션구축,WCT,NAS0241002009,웰체인지 홀딩스,169121342,15.6,1.26,,지분 희석 우려
89,IT솔루션구축,ZENA,NAS0241001010,제나테크,152411562,2.34,1.75,BUY,
89,IT솔루션구축,ATGL,NAS0231031002,알파 테크놀로지 그룹,122158806,-6.89,6.89,,
89,IT솔루션구축,WYY,US19980519001,와이드포인트,100158305,1.9,10.18,,
89,IT솔루션구축,MHH,US20080919001,메스테크 디지털,89981701,-0.4,7.44,,
89,IT솔루션구축,CSPI,US19820129001,CSP,82282977,-2.21,7.96,,
89,IT솔루션구축,INSG,US20161109011,인시고,72450061,-4.77,4.19,,
89,IT솔루션구축,TTEC,US19960801001,TTEC 홀딩스,69204838,-5.0,1.33,HOLD,
89,IT솔루션구축,MLGO,NAS0221213007,마이크로알고,50386056,-1.49,3.98,,
89,IT솔루션구축,PHUN,US20181228001,펀웨어,42885054,-0.48,2.08,,
89,IT솔루션구축,CLPS,US20180523001,CLPS,32318146,1.85,1.1,,
89,IT솔루션구축,ATCH,US20210310009,아틀라스클리어 홀딩스,28462128,-0.58,0.1877,BUY,
89,IT솔루션구축,HKIT,NAS0230331004,하이텍 글로벌,26839961,1.35,3.01,,
89,IT솔루션구축,NXPL,US20220121004,넥스트플랫,25193795,5.51,9.77,BUY,
89,IT솔루션구축,FUSE,NAS0251023001,퓨즈머신스,20258527,-0.99,0.6901,,
89,IT솔루션구축,ANY,US20140707001,스피어 3D,19203462,3.64,2.28,,
89,IT솔루션구축,PDC,NAS0230725002,PERPETUALS.COM LTD SPON ADS EACH REP 5 ORD SHS (POST SPLIT),19156933,7.8,3.04,,
89,IT솔루션구축,HPAI,US20211206010,헬포트 AI,15122985,-2.65,0.39,,
89,IT솔루션구축,GLE,NAS0240920002,글로벌 엔진 그룹 홀딩,10449146,0.75,0.5072,,
89,IT솔루션구축,DTSS,US20181219001,데이터시,7373004,-5.43,0.6656,,
956,양자컴퓨터,IONQ,US20211001008,아이온큐,15617018995,0.28,39.31,BUY,
956,양자컴퓨터,QNT,NAS2606004007,퀀티넘,13180629046,0.36,50.1,BUY,
956,양자컴퓨터,RGTI,US20210422015,리게티 컴퓨팅,5217819552,0.38,15.65,BUY,금리 인상 우려
956,양자컴퓨터,INFQ,NAS0250707002,인플렉션,2892533482,2.11,13.07,BUY,
956,양자컴퓨터,IQMX,NAS0250602008,IQM 퀀텀 컴퓨터스(ADR),2787149483,-1.98,10.38,,
956,양자컴퓨터,QUBT,US20210715012,퀀텀 컴퓨팅,1849819515,0.98,8.23,BUY,
956,양자컴퓨터,XNDU,NAS0250519002,제너두 퀀텀 테크놀로지스,555071538,2.19,10.74,,로드맵 확대
956,양자컴퓨터,QTEX,US20210714007,큐트렉스 퀀텀,56095018,-1.62,0.8205,,
59,전기차부품,BWA,US19930812001,보그워너,13089010998,0.11,64.16,BUY,
59,전기차부품,SEV,NAS0251016008,압테라 모터스,94726264,1.29,2.36,BUY,
59,전기차부품,FRSX,US20170615001,포어사이트 오토노모스 홀딩스(ADR),5860299,1.79,1.14,BUY,
59,전기차부품,SDST,US20210304004,스타더스트 파워,5527049,-2.58,0.3697,BUY,
157,산업용 가스,APD,US19611113001,에어 프로덕츠 앤 케미컬스,68796583632,0.44,309.46,BUY,
157,산업용 가스,VGAS,NAS0230216003,버드 클린 퓨얼스,58074387,-1.54,1.28,,
615,농업,CTVA,US20190603004,코르테바,56132277947,0.87,84.63,BUY,
615,농업,ADM,US19450910001,아처 대니얼스 미들랜드,39407474147,-0.31,81.29,HOLD,
615,농업,VMI,US19900326072,밸몬트 인더스트리스,9219900381,-1.39,469.66,BUY,
615,농업,SEB,US19800317005,시보드,3758396016,-0.08,3910.25,,
615,농업,SMG,US19920131001,스코츠 미라클 그로,3527963729,-1.04,59.8,BUY,
615,농업,ANDE,US19960220001,앤더슨스,2199518126,0.48,64.87,BUY,
615,농업,AGRO,US20110128002,아데코아그로,1554151542,5.96,11.38,HOLD,
615,농업,LNN,US19900326063,린지,1161229517,0.9,114.91,,
615,농업,AVO,US20201001005,미션 프로듀스,1130957488,-0.39,12.72,BUY,
615,농업,WEST,US20220829005,웨스트록 커피,783175196,-2.88,7.77,,
615,농업,CRESY,US19970319001,크레수드(ADR),700748819,4.07,11.51,,
615,농업,FPI,US20150908001,팜랜드 파트너스,448449493,0.39,10.29,HOLD,
615,농업,LND,US19760519002,브라질라그루(ADR),381581549,-0.52,3.8,,
615,농업,VFF,US20190221001,빌리지 팜스 인터내셔널,356835500,-1.03,2.88,BUY,
615,농업,ALCO,US19730503001,알리코,300686032,-1.83,39.68,BUY,
615,농업,AFRI,US20220610002,포라프릭 글로벌,291201974,1.39,10.92,,
615,농업,LMNR,US20031007002,리모네이라,250548823,-0.07,13.77,,
615,농업,CBUS,US20170719001,시버스,126455927,-1.21,1.63,BUY,
615,농업,PFAI,NAS0250422008,피나클 푸드 그룹,35895389,-7.54,2.82,,
615,농업,AVX,US20210708001,에이백스 원 테크놀로지,25294712,3.23,3.52,,
615,농업,LOCL,US20211122008,로컬 바운티,23289927,3.68,1.03,,
615,농업,SEED,US20040329001,오리진 애그리테크,12056496,0.65,0.9965,,
615,농업,EVGN,US20161230002,에보진,8708427,-2.38,0.5365,,
615,농업,AGRZ,NAS0251001001,아그로즈,5215995,-8.5,0.2196,,
615,농업,EDBL,NAS0230126004,에디블 가든,2896206,-1.35,1.46,BUY,
209,컴퓨터와 주변기기,NVDA,US19990122001,엔비디아,5257428831456,1.48,220.78,BUY,순환 자금조달 우려
209,컴퓨터와 주변기기,AAPL,US19801212001,애플,4678639756835,-0.77,317.24,BUY,리더십 교체 부담
209,컴퓨터와 주변기기,MU,US19890516001,마이크론 테크놀로지,1056474194399,2.77,958.73,BUY,CXMT 경쟁 부담
209,컴퓨터와 주변기기,DELL,US20181228002,델 테크놀로지스,295609842550,-0.05,456.01,BUY,가이던스 상향 전망
209,컴퓨터와 주변기기,STX,US20021211002,씨게이트,188579719883,-0.07,829.16,BUY,
209,컴퓨터와 주변기기,WDC,US19910131001,웨스턴 디지털,166107835696,-1.91,450.68,BUY,
209,컴퓨터와 주변기기,HPQ,US19571106001,HP,27598640112,-1.64,30.02,HOLD,
209,컴퓨터와 주변기기,LOGI,US19970327001,로지텍 인터내셔널,15793926772,0.7,98.65,HOLD,
209,컴퓨터와 주변기기,SONO,US20180801004,소노스,1814894327,1.9,15.59,BUY,
209,컴퓨터와 주변기기,CRSR,US20200923002,커세어 게이밍,1301707139,1.25,12.15,HOLD,
209,컴퓨터와 주변기기,XRX,US19610711001,제록스,402931684,5.56,3.23,HOLD,
209,컴퓨터와 주변기기,TBCH,US20140415001,터틀 비치,223591454,2.89,12.81,BUY,
209,컴퓨터와 주변기기,YIBO,NAS0240125010,플래닛 이미지 인터내셔널,76029113,-2.34,1.25,,
209,컴퓨터와 주변기기,KTCC,US19830622001,키 트로닉,30054322,-9.06,2.51,,4분기 매출 감소
245,철강,NUE,US19720712001,뉴코,56989249650,-0.34,249.64,BUY,
245,철강,MT,US19970807001,아르셀로미탈(ADR),56776456662,0.28,74.6,,
245,철강,STLD,US19961122001,스틸 다이내믹스,33726936861,-0.88,232.6,BUY,
245,철강,TS,US20021216002,테나리스(ADR),27320342393,3.52,55.87,BUY,
245,철강,PKX,US19941014001,포스코 홀딩스(ADR),18274919042,1.83,61.35,,
245,철강,TX,US20060201003,테르니움(ADR),11024363369,-0.04,54.82,BUY,
245,철강,CMC,US19820803001,커머셜 메탈스,7502177455,-0.24,67.47,BUY,
245,철강,CLF,US19850702001,클리블랜드 클리프스,6647977391,-0.6,11.55,HOLD,
245,철강,GGB,US19980220001,제르다우(ADR),5754550337,0.44,4.61,BUY,
245,철강,SIM,US19930701001,그루포 시멕(ADR),4665921217,-4.23,29.0,,
245,철강,AZZ,US19840910001,AZZ,4168801461,-0.85,137.16,BUY,
245,철강,WOR,US19910507002,워딩턴 인더스트리,2812225384,0.21,57.44,BUY,
245,철강,WS,NYS0231201004,워딩턴 스틸,1740032194,1.15,34.45,,
245,철강,SID,US19960515002,시데루르지카 나시오나우(ADR),1356349890,1.96,1.04,SELL,
245,철강,RYZ,US20140804003,라이어슨 홀딩,1317701558,-1.03,25.06,,
245,철강,NWPX,US19951130001,노스웨스트 파이프,1082636264,-1.87,109.93,HOLD,
245,철강,MTUS,US20140702001,메탈루스,813401803,-0.26,19.52,,
245,철강,IIIN,US20210317012,인스틸 인더스트리스,591862362,-1.28,30.1,,
245,철강,ASTL,US20211020003,알고마 스틸 그룹,442884207,0.48,4.2,,
245,철강,FSTR,US19900326019,LB 포스터,394103322,0.29,37.47,,
245,철강,EAF,US20180418006,그래프테크 인터내셔널,193876682,-2.83,7.2,HOLD,
245,철강,AP,US19550603001,앰프코 피츠버그,183540674,-3.16,8.58,,
245,철강,ACNT,US20220811001,어센트 인더스트리스,139399630,-1.69,15.17,,
245,철강,VATE,US20210920015,이노베이트,103827602,-1.98,7.44,,
245,철강,LUD,AMX0250227002,루다 테크놀로지 그룹,97836345,-1.16,4.25,,
245,철강,HLP,NAS0230329002,훙리 그룹,95929696,7.81,1.38,,
245,철강,ZKIN,US20170901001,ZK 인터내셔널,67815219,10.17,1.3,,
245,철강,LIVE,US19950818008,라이브 벤처스,28306447,1.63,9.34,,
245,철강,HUDI,US20210122006,화디 인터내셔널 그룹,11290258,0.2,0.789,,
191,건설장비,CAT,US19291202001,캐터필러,369606269587,-0.35,797.47,BUY,
191,건설장비,DE,US19580804001,디어,170422162369,3.9,654.91,BUY,농기계 수요 회복 전망
191,건설장비,MMM,US19460114001,3M,90159256841,-1.44,171.83,BUY,
191,건설장비,ITW,US19730313001,일리노이 툴 웍스,79992701884,-1.69,275.37,HOLD,
191,건설장비,FAST,US19870820001,패스널,57280122777,-1.0,49.28,HOLD,
191,건설장비,OTIS,US20200403003,오티스 월드와이드,27384608884,-0.85,71.13,BUY,
191,건설장비,TEX,US19910319001,테렉스,7304448326,-0.35,63.51,BUY,
191,건설장비,HRI,US20160701005,허크 홀딩스,5048674591,1.16,152.34,BUY,
191,건설장비,BRC,US19840629001,브래디,4405395831,-2.79,90.65,BUY,
191,건설장비,CTOS,US20210405015,커스텀 트럭 원 소스,2098829050,0.11,9.21,BUY,
191,건설장비,ASTE,US19860618001,애스텍 인더스트리스,1001828733,-1.94,42.55,BUY,
191,건설장비,AEBI,NAS0250702001,에비 슈미트 홀딩,961045883,2.51,12.66,,
191,건설장비,MTW,US19930527003,매니토웍 컴퍼니,708404227,-0.87,19.42,,
191,건설장비,HY,US20120928002,하이스터 예일,610776729,-0.32,33.86,BUY,
191,건설장비,NOA,US20061122001,노스 아메리칸 컨스트럭션 그룹,354354976,1.98,13.39,BUY,
191,건설장비,GENC,US20220801004,젠코 인더스트리스,277942327,-1.85,18.56,,
191,건설장비,ALTG,US20200218003,알타 이큅먼트 그룹,224095817,0.17,5.9,BUY,
191,건설장비,GTEC,US20191029002,그린랜드 테크놀로지스 홀딩,23726839,0.85,0.899,,
191,건설장비,MWG,AMX0230403009,멀티 웨이스 홀딩스,7057316,-11.03,1.21,,
111,가전제품,NVDA,US19990122001,엔비디아,5257428831456,1.48,220.78,BUY,순환 자금조달 우려
111,가전제품,AAPL,US19801212001,애플,4678639756835,-0.77,317.24,BUY,리더십 교체 부담
111,가전제품,MU,US19890516001,마이크론 테크놀로지,1056474194399,2.77,958.73,BUY,CXMT 경쟁 부담
111,가전제품,HD,US19810922001,홈 디포,330336562325,-0.71,327.83,BUY,
111,가전제품,DELL,US20181228002,델 테크놀로지스,295609842550,-0.05,456.01,BUY,가이던스 상향 전망
111,가전제품,STX,US20021211002,씨게이트,188579719883,-0.07,829.16,BUY,
111,가전제품,WDC,US19910131001,웨스턴 디지털,166107835696,-1.91,450.68,BUY,
111,가전제품,SONY,US20210401017,소니(ADR),145891254462,-1.17,24.56,,
111,가전제품,LOW,US19791219001,로우스,117049528897,-1.61,204.7,BUY,
111,가전제품,ITW,US19730313001,일리노이 툴 웍스,79992701884,-1.69,275.37,HOLD,
111,가전제품,CARR,US20200403002,캐리어,48595855692,-0.97,58.22,BUY,
111,가전제품,HPQ,US19571106001,HP,27598640112,-1.64,30.02,HOLD,
111,가전제품,SN,NYS0230731001,샤크닌자,27013234992,0.66,192.49,BUY,
111,가전제품,LOGI,US19970327001,로지텍 인터내셔널,15793926772,0.7,98.65,HOLD,
111,가전제품,LII,US19990729002,레녹스 인터내셔널,13633356906,-2.73,382.64,HOLD,
111,가전제품,WSO.B,US19920317030,와츠코 B,12884964019,-2.13,309.33,,
111,가전제품,WSO,US19940616001,와츠코,12884964019,-0.3,309.82,HOLD,
111,가전제품,PRMB,US20200303002,프리모 브랜즈 코퍼레이션,8347686602,-0.78,22.82,BUY,
111,가전제품,AOS,US19840907020,A O 스미스,8228813765,-2.07,59.13,HOLD,
111,가전제품,FTDR,US20181001002,프론트도어,5726331695,-2.49,80.83,BUY,
111,가전제품,MIDD,US19920317005,미들비,5112895778,-1.69,110.84,BUY,
111,가전제품,ALH,NYS0251009001,얼라이언스 런드리 홀딩스,4553778470,-1.38,22.91,BUY,
111,가전제품,WHR,US19550919001,월풀,3055295709,-0.75,40.84,HOLD,
111,가전제품,SONO,US20180801004,소노스,1814894327,1.9,15.59,BUY,
111,가전제품,PRG,US20201201008,PROG 홀딩스,1561716293,-2.48,38.13,BUY,
111,가전제품,ARLO,US20180802001,아를로 테크놀로지스,1390964849,2.02,13.15,BUY,
111,가전제품,CRSR,US20200923002,커세어 게이밍,1301707139,1.25,12.15,HOLD,
111,가전제품,RCII,US19950125001,업바운드 그룹,1123607884,-4.79,18.3,BUY,
111,가전제품,NPK,US19690303001,내셔널 프레스토 인더스트리스,1092113160,-0.6,151.71,,
111,가전제품,BWMX,US20200313002,베터웨어 드 멕시코,624398269,0.7,15.88,,
111,가전제품,HBB,US20171002003,해밀턴 비치 브랜즈 홀딩,423928426,-0.13,31.41,,
111,가전제품,XRX,US19610711001,제록스,402931684,5.56,3.23,HOLD,
111,가전제품,AIRJ,US20220131019,에어줄 테크놀로지스,335387446,-0.66,4.53,BUY,보유의견 부담
111,가전제품,NL,US19881223001,NL 인더스트리스,329996969,-0.89,6.67,,
111,가전제품,TBCH,US20140415001,터틀 비치,223591454,2.89,12.81,BUY,
111,가전제품,VUZI,US20150128001,뷰직스,219236419,0.77,2.61,,
111,가전제품,OWLT,US20210716008,아울렛,146218711,-0.2,4.98,,
111,가전제품,YIBO,NAS0240125010,플래닛 이미지 인터내셔널,76029113,-2.34,1.25,,
111,가전제품,ZEPP,US20210225012,젭 헬스(ADR),74193346,-4.37,4.82,,
111,가전제품,VIOT,US20180924001,비오미 테크놀로지(ADR),57831067,6.4,0.93,,
111,가전제품,KTCC,US19830622001,키 트로닉,30054322,-9.06,2.51,,4분기 매출 감소
111,가전제품,TRSG,NAS0240419002,턴그레이 테크놀로지스,24433960,-0.67,1.48,,
111,가전제품,RAY,NAS0240515004,레이텍 홀딩,16200142,-2.18,2.69,,
111,가전제품,MSN,US19940811001,에머슨 라디오,10276062,-2.87,0.473,,
111,가전제품,FEBO,NAS0231130002,펜보 홀딩스,7931523,0,0.715,,
111,가전제품,JCSE,US20220421003,JE 클린테크 홀딩스,7003935,14.29,1.52,,
111,가전제품,ILAG,US20220713001,인텔리전트 리빙 애플리케이션 그룹,6831195,-10.06,2.95,,
111,가전제품,EJH,US20210514013,이홈 하우스홀드 서비스 홀딩스,4235866,-3.03,1.28,,
261,화력발전,NEE,US19720630009,넥스트에라 에너지,173263054093,0.61,82.34,BUY,
261,화력발전,DUK,US19640616001,듀크 에너지,96726529232,-0.28,119.91,BUY,
261,화력발전,AEP,US20201001001,아메리칸 일렉트릭 파워,66769056986,0.11,122.45,BUY,
261,화력발전,KEP,US19941028003,한국전력(ADR),15037679943,-0.68,11.6,BUY,
261,화력발전,TLN,NAS0240710007,탈런 에너지,14226818443,-0.12,295.73,BUY,
261,화력발전,IDA,US19480511001,아이다코프,7875473973,0.28,136.16,BUY,
261,화력발전,CWEN,US20180917003,클리어웨이 에너지 C,6537527274,-0.03,31.75,BUY,
261,화력발전,POR,US20060331002,포틀랜드 제너럴 일렉트릭,5849447577,-1.49,48.86,HOLD,
261,화력발전,CNR,US20171129003,코어 내추럴 리소시스,5025110761,1.43,102.3,BUY,
261,화력발전,PAM,US19900918001,팜파 에네르히아(ADR),4387404819,2.32,82.32,BUY,
261,화력발전,TAC,US19751017001,트랜스알타,3866341132,-0.82,12.09,BUY,
261,화력발전,KEN,US20150114001,케넌 홀딩스,3512918681,1.92,68.52,,
261,화력발전,MGEE,US19900326032,MGE 에너지,2960972167,-0.59,77.69,HOLD,
261,화력발전,CETY,NAS0230323002,클린 에너지 테크놀로지스,12565682,2.91,1.06,,
37,바이오신약,ABBV,US20121210001,애브비,452709444256,0.37,256.42,BUY,
37,바이오신약,MRK,US19490420001,머크,367015314725,-0.4,147.76,BUY,
37,바이오신약,AZN,US20200925002,아스트라제네카,253049784698,-0.35,162.13,BUY,
37,바이오신약,AMGN,US19830617001,암젠,234425470714,-0.58,429.93,HOLD,
37,바이오신약,GILD,US19920122001,길리어드 사이언스,181135337037,0.45,146.33,BUY,HIV 단일정 승인
37,바이오신약,BMY,US19520623001,브리스톨 마이어스 스큅,136379397646,0.35,66.81,BUY,
37,바이오신약,REGN,US19910402001,리제네론 파마슈티컬스,81991546673,0.66,799.41,BUY,
37,바이오신약,ARGX,US20170517001,아제닉스(ADR),64166078993,0.83,1031.66,BUY,
37,바이오신약,MRNA,US20181206001,모더나,55242644688,1.75,140.41,HOLD,전환사채 발행 부담
37,바이오신약,RVMD,US20200212004,레볼루션 메디신,44679257674,-1.12,205.55,BUY,목표가 상향
37,바이오신약,ONC,US20160203001,베이진(ADR),40373304776,-1.95,359.58,BUY,
37,바이오신약,RPRX,US20200616002,로열티 파마,35085414275,0.92,61.41,,
37,바이오신약,BIIB,US19910917001,바이오젠,32373373259,-0.84,216.67,BUY,
37,바이오신약,ALNY,US20040528001,앨나일램 파마슈티컬스,31813725851,1.47,240.59,BUY,
37,바이오신약,INSM,US20000601001,인스메드,25958407503,2.78,121.84,BUY,
37,바이오신약,BNTX,US20191009001,바이오엔테크(ADR),25884421393,-0.61,101.45,BUY,
37,바이오신약,INCY,US19931103001,인사이트,25279112691,-0.92,123.23,BUY,
37,바이오신약,ROIV,US20211001014,로이반트 사이언시스,25141045771,-0.29,34.61,BUY,
37,바이오신약,UTHR,US19990617001,유나이티드 테라퓨틱스,22169469194,-0.96,510.52,BUY,
37,바이오신약,GMAB,US20190718002,젠맵(ADR),20472091600,-0.21,33.16,BUY,
37,바이오신약,JAZZ,US20070601001,재즈 파마슈티컬스,15918033399,2.58,250.85,BUY,
37,바이오신약,NBIX,US19960523001,뉴로크린 바이오사이언시스,15703304409,-0.1,153.9,BUY,
37,바이오신약,BBIO,US20190626002,브리지바이오 파마,15016103273,-0.22,76.43,BUY,
37,바이오신약,BAX,US19610515001,박스터 인터내셔널,13546399025,-0.5,26.0,HOLD,
37,바이오신약,EXEL,US20000411001,엑셀리시스,13528958686,0.29,54.61,HOLD,
37,바이오신약,BMRN,US19990723001,바이오마린 파마슈티컬,12552003100,0.88,65.23,BUY,
37,바이오신약,MDGL,US20160725001,매드리갈 파마슈티컬스,12366102479,1.19,540.09,BUY,
37,바이오신약,ARWR,US19970106001,애로우헤드 파마슈티컬스,12027027496,-2.97,82.39,BUY,바이오 섹터 약세
37,바이오신약,HALO,US20040312001,할로자임 테라퓨틱스,11990023129,1.12,106.53,BUY,
37,바이오신약,SMMT,US20150305001,서밋 테라퓨틱스,10983339439,-0.87,13.61,BUY,
37,바이오신약,AXSM,US20151118001,액섬 테라퓨틱스,10453609443,-0.25,198.52,BUY,AXS-05 3상 개시
37,바이오신약,KRYS,US20170919002,크리스탈 바이오테크,10431525147,2.25,359.36,BUY,
37,바이오신약,APGE,NAS0230714001,애퍼지 테라퓨틱스,10243774958,0.08,135.08,HOLD,
37,바이오신약,IONS,US20151222002,아이오니스 파마슈티컬스,10173560922,-1.16,60.34,BUY,약가 인하 부담
37,바이오신약,CYTK,US20040429001,사이토키네틱스,10049865732,-1.66,70.89,BUY,임상 안전성 우려
37,바이오신약,KYMR,US20200819002,키메라 테라퓨틱스,9851366572,0.43,118.66,BUY,목표주가 상향
37,바이오신약,PRAX,US20201015008,프락시스 프리시전 메디신,9651988024,1.61,350.3,BUY,
37,바이오신약,PTGX,US20160811003,프로타고니스트 테라퓨틱스,9365129206,2.27,147.61,BUY,
37,바이오신약,CRNX,US20180717002,크리네틱스 파마슈티컬스,9025965899,0.13,84.95,HOLD,
37,바이오신약,ABVX,NAS0231020001,아비박스(ADR),9012467706,-1.47,111.68,BUY,
37,바이오신약,PCVX,US20200612003,백사이트,8928343759,1.52,60.74,,
37,바이오신약,IBRX,US20210310003,이뮤니티바이오,8555234770,-1.24,7.95,BUY,
37,바이오신약,IMVT,US20191219001,이뮤노반트,8533463333,-1.0,40.79,BUY,
37,바이오신약,TGTX,US19951214001,TG 테라퓨틱스,8277803024,0.69,54.3,BUY,
37,바이오신약,SYRE,US20160406001,스파이어 테라퓨틱스,7989376083,-1.15,89.32,BUY,
37,바이오신약,RYTM,US20171004001,리듬 파마슈티컬스,7399247940,-1.05,106.04,BUY,도이체방크 보유의견
37,바이오신약,SRRK,US20180523004,스칼러 록 홀딩,7058621860,-1.9,56.7,BUY,
37,바이오신약,CGON,NAS0240125001,CG 온콜로지,6607716685,1.09,75.15,BUY,
37,바이오신약,MIRM,US20190717004,미럼 파마슈티컬스,6345762545,0.6,98.04,BUY,
37,바이오신약,ERAS,US20210714005,에라스카,6323618569,-0.94,17.86,BUY,
37,바이오신약,TVTX,US20201119007,트래비어 테라퓨틱스,6207213868,0.87,66.24,BUY,
37,바이오신약,BLTE,US20220426002,비라이트 바이오(ADR),6126957352,2.63,155.71,,
37,바이오신약,KNSA,US20180523003,키닉사 파마슈티컬스 인터내셔널,6108932978,0.7,78.63,,
37,바이오신약,ORKA,US19970808001,오루카 테라퓨틱스,6051342510,1.63,92.63,,
37,바이오신약,COGT,US20201006001,코젠트 바이오사이언시스,6032719351,0.87,34.97,BUY,
37,바이오신약,DNTH,US20180620005,다이앤서스 테라퓨틱스,5936437727,-0.22,105.61,BUY,
37,바이오신약,PTCT,US20130620001,PTC 테라퓨틱스,5865916625,-0.81,69.52,BUY,
37,바이오신약,XENE,US20141016002,제논 파마슈티컬,5825495248,0.4,60.23,BUY,
37,바이오신약,LGND,US19950202001,리간드 파마슈티컬,5607175661,1.33,284.21,BUY,
37,바이오신약,CRSP,US20161019001,크리스퍼 테라퓨틱스,5596507253,-1.39,56.92,BUY,
37,바이오신약,ACAD,US20040527001,아카디아 파마슈티컬스,5029660408,-0.72,28.9,BUY,
37,바이오신약,PBLS,NAS2606010010,파라빌리스 메디슨즈,4782710814,-0.23,39.02,BUY,
37,바이오신약,DYN,US20200917002,다인 테라퓨틱스,4694657533,1.36,25.41,BUY,
37,바이오신약,EWTX,US20210325008,에지와이즈 테라퓨틱스,4656732656,-2.29,41.78,BUY,
37,바이오신약,AMLX,US20220106001,아밀릭스 파마슈티컬스,4370452715,-2.85,33.75,BUY,
37,바이오신약,ELVN,NAS0230224002,인라이븐 테라퓨틱스,4251149751,0.03,57.88,BUY,
37,바이오신약,RLAY,US20200715002,릴레이 테라퓨틱스,4124643659,-2.29,18.34,BUY,
37,바이오신약,MANE,NYS2602004002,베라더믹스,4102823893,0.49,98.41,BUY,탈모 임상 성과
37,바이오신약,TNGX,US20210811012,탱고 테라퓨틱스,3946230034,-2.23,22.82,BUY,
37,바이오신약,IDYA,US20190522002,아이디야 바이오사이언시스,3880877354,-0.15,40.05,BUY,
37,바이오신약,LEGN,US20200604004,레전드 바이오테크(ADR),3877103411,4.48,20.77,BUY,
37,바이오신약,DNLI,US20171207001,디날리 테라퓨틱스,3846928360,-1.21,23.71,BUY,
37,바이오신약,TLX,NAS0241113004,텔릭스 파머슈티컬스(ADR),3846754890,-1.77,11.09,,
37,바이오신약,VKTX,US20150429004,바이킹 테라퓨틱스,3761915099,1.83,32.75,BUY,
37,바이오신약,RCUS,US20180314002,아쿠스 바이오사이언스,3729675802,0.24,29.28,BUY,
37,바이오신약,IOVA,US20170628002,이오밴스 바이오테라퓨틱스,3638317548,1.87,8.16,BUY,
37,바이오신약,QURE,US20140205001,유니큐어,3388861211,-0.08,48.68,BUY,
37,바이오신약,GPCR,NAS0230203001,스트럭처 테라퓨틱스(ADR),3387273172,-2.89,46.0,BUY,
37,바이오신약,IMNM,US20201002003,이뮤놈,3139979673,-0.73,27.37,BUY,
37,바이오신약,NAMS,NAS0221123001,뉴암스테르담 파마,3104559606,-2.2,25.33,BUY,
37,바이오신약,IRON,NAS0221230002,디스크 메디신,3081061543,-1.77,78.61,,
37,바이오신약,CLDX,US19900326006,셀덱스 테라퓨틱스,3080556139,1.25,39.61,BUY,
37,바이오신약,MBX,NAS0240913002,MBX 바이오사이언시스,3042462021,-2.37,61.51,BUY,
37,바이오신약,BEAM,US20200205001,빔 테라퓨틱스,3036754598,0.27,29.4,BUY,
37,바이오신약,ARQT,US20200130001,아커티스 바이오테라퓨틱스,2997206215,0.71,23.95,,
37,바이오신약,ZLAB,US20170919003,자이 랩(ADR),2975647533,-2.34,25.47,,
37,바이오신약,ALMS,NAS0240628001,알루미스,2904757518,-2.5,21.82,BUY,
37,바이오신약,RGC,US20210715014,리젠셀 바이오사이언스 홀딩스,2732630714,0.18,5.51,,
37,바이오신약,NRIX,US20200723004,누릭스 테라퓨틱스,2727627135,-1.68,25.77,BUY,
37,바이오신약,ATAI,US20210617001,아타이 라이프 사이언시스,2711067071,0.55,7.33,HOLD,
37,바이오신약,SLS,US20180102002,셀라스 라이프 사이언시스 그룹,2675067342,0.83,13.32,BUY,3상 진입 부각
37,바이오신약,VRDN,US20210120005,비리디언 테라퓨틱스,2622004010,0.35,23.16,BUY,안병증 치료 부각
37,바이오신약,RARE,US20140131003,울트라제닉스 파마슈티컬,2531831231,-1.56,25.21,BUY,목표가 상향
37,바이오신약,BCRX,US19940303001,바이오크리스트 파마슈티컬스,2516282117,-1.22,9.7,BUY,
37,바이오신약,PGEN,US20200203004,프레시젠,2495214353,-0.43,6.92,,
37,바이오신약,NKTR,US19940503001,넥타 테라퓨틱스,2482885369,-1.6,71.36,BUY,
37,바이오신약,VERA,US20210512003,베라 테라퓨틱스,2470647176,-0.38,34.06,BUY,
37,바이오신약,PHVS,US20210204011,파바비스,2467411966,-2.01,34.61,BUY,
37,바이오신약,KOD,US20181003002,코디악 사이언시스,2377226080,-1.03,37.33,BUY,
37,바이오신약,RAPP,NAS0240607004,라포 테라퓨틱스,2346360596,-0.23,48.66,BUY,
37,바이오신약,NUVB,US20210211013,누베이션 바이오,2344936399,0,6.66,BUY,
37,바이오신약,BHVN,US20170502005,바이오헤이븐,2334010252,-0.91,15.27,BUY,
37,바이오신약,HRMY,US20200819001,하모니 바이오사이언시스 홀딩스,2289752715,0.43,39.38,BUY,
37,바이오신약,OCUL,US20140724002,오큘라 테라퓨틱스,2281501421,1.25,10.49,BUY,
37,바이오신약,MLYS,NAS0230209004,미네랄리스 테라퓨틱스,2269464146,0.16,25.64,BUY,
37,바이오신약,MESO,US20151111001,메소블라스트(ADR),2268144013,-3.96,16.75,,리온실 안전성 부담
37,바이오신약,SRPT,US19970604001,사렙타 테라퓨틱스,2209462362,0.81,21.03,HOLD,
37,바이오신약,AUPH,US20140902001,오리니아 파마슈티컬스,2173386914,-1.1,16.11,BUY,
37,바이오신약,PVLA,US20150626001,팔벨라 테라퓨틱스,2166794035,1.58,152.34,BUY,
37,바이오신약,URGN,US20170502002,우로젠 파마,2138056323,-1.19,43.1,BUY,
37,바이오신약,KLRA,NAS2604017003,카일레라 테라퓨틱스,2107325507,-5.18,15.37,BUY,
37,바이오신약,BRVE,NAS2608006002,브레이브하트 바이오,2100561773,-7.07,25.5,,
37,바이오신약,STOK,US20190618002,스토케 테라퓨틱스,2045952329,-1.42,31.17,BUY,
37,바이오신약,ZBIO,NAS0240913004,제나스 바이오파마,2043702491,3.1,32.24,,
37,바이오신약,ZYME,US20170425006,자임웍스,2011555605,4.0,29.4,BUY,
37,바이오신약,NBTX,US20201211003,나노바이오틱스(ADR),2004989746,-0.92,40.85,BUY,
37,바이오신약,AGIO,US20130724001,애지오스 파마슈티컬스,1994758326,1.05,33.67,BUY,
37,바이오신약,GRFS,US20110602001,그리폴스(ADR),1991222414,0.52,7.73,,
37,바이오신약,XNCR,US20131115002,젠코,1942998649,4.64,27.27,BUY,
37,바이오신약,GHRS,US20210624005,GH 리서치,1920775384,-3.29,27.02,BUY,
37,바이오신약,IMCR,US20210204007,이뮤노코어 홀딩스(ADR),1918053421,-0.76,36.34,BUY,
37,바이오신약,LKFT,US20150513001,레이크프론트 바이오테라퓨틱스(ADR),1901355702,-1.28,28.51,HOLD,
37,바이오신약,TSHA,US20200924003,타이샤 진 테라피스,1885249693,-1.39,5.69,BUY,
37,바이오신약,KARD,NAS2606018006,카디건,1877111789,1.1,20.24,BUY,
37,바이오신약,VIR,US20191010004,버 바이오테크놀로지,1837667970,1.02,10.94,BUY,
37,바이오신약,SEPN,NAS0241025003,셉터나,1821213854,-1.95,38.15,BUY,
37,바이오신약,NTLA,US20160506001,인텔리아 테라퓨틱스,1808409134,-1.09,12.73,HOLD,
37,바이오신약,RXRX,US20210415005,리커젼 파마슈티컬스,1792978963,1.5,3.39,HOLD,
37,바이오신약,SNDX,US20160303001,신닥스 파마슈티컬스,1749681977,-1.43,19.26,BUY,
37,바이오신약,AAPG,NAS0250127001,어센티지 파마 그룹 인터내셔널(ADR),1711751590,-6.4,17.1,BUY,
37,바이오신약,ANAB,US20170126001,어냅티스바이오,1670965520,1.17,56.94,BUY,
37,바이오신약,BCAX,NAS0240913001,비카라 테라퓨틱스,1554712004,-1.32,23.12,BUY,
37,바이오신약,XERS,US20180620010,제리스 바이오파마,1550344331,-0.59,8.43,,
37,바이오신약,LBRX,NAS0250911003,LB 파마슈티컬스,1543981040,-1.01,47.25,BUY,
37,바이오신약,AVLN,NAS2604030003,아발린 파마,1542160672,-0.12,34.65,BUY,
37,바이오신약,NVAX,US19951205001,노바백스,1531613994,1.08,9.36,,코로나 백신 승인
37,바이오신약,MAZE,NAS0250131004,메이즈 테라퓨틱스,1528477105,-3.21,26.56,BUY,
37,바이오신약,INVA,US20160111001,이노비바,1519170132,-0.95,20.77,,
37,바이오신약,SLBT,NAS0250205004,에스엘 사이언스 홀딩스,1518231071,-0.37,2.69,,
37,바이오신약,TRAX,NAS2604020011,퍼스트 트랙스 바이오테라퓨틱스,1499822135,-0.33,41.72,BUY,
37,바이오신약,ABSI,US20210720001,압사이,1498884493,3.56,9.02,BUY,
37,바이오신약,TYRA,US20210914014,타이라 바이오사이언시스,1492451615,0.28,25.01,BUY,
37,바이오신약,AVBP,NAS0240126001,어라이벤트 바이오파마,1491720928,-0.4,30.05,BUY,
37,바이오신약,REPL,US20180719002,레플리뮨 그룹,1464435955,-1.35,15.29,BUY,
37,바이오신약,LTGO,NAS2608007005,라티고 바이오테라퓨틱스,1461535461,-9.0,22.05,,
37,바이오신약,IMTX,US20200702002,이매틱스,1442498211,0.85,9.53,BUY,퍼셉티브 지분 확대
37,바이오신약,CGEM,US20210107002,컬리넌 테라퓨틱스,1400352063,1.61,22.05,,
37,바이오신약,ORIC,US20200424003,오릭 파마슈티컬스,1376149739,-2.04,12.97,BUY,
37,바이오신약,DRTS,US20220308001,알파 타우 메디컬,1357617730,-3.62,14.11,BUY,
37,바이오신약,VOR,US20210204015,보어 바이오파머,1343725267,-0.88,22.45,BUY,
37,바이오신약,MGTX,US20180607001,메이라GTX 홀딩스,1330978421,-0.07,13.81,BUY,
37,바이오신약,JBIO,US20210629001,제이드 바이오사이언시스,1329028392,2.5,21.36,BUY,
37,바이오신약,MLTX,US20220406002,문레이크 이뮤노테라퓨틱스,1279271072,0.33,15.04,BUY,
37,바이오신약,CRVS,US20160323001,코르버스 파마슈티컬스,1194440892,-0.99,14.02,BUY,
37,바이오신약,APMD,NAS2607031001,앱니메드,1186412991,-11.54,26.28,,
37,바이오신약,SANA,US20210203004,사나 바이오테크놀로지,1179735142,-1.78,3.86,,
37,바이오신약,GLUE,US20210623005,몬테 로사 테라퓨틱스,1144644539,4.11,13.93,,
37,바이오신약,KURA,US20151105002,쿠라 온콜로지,1129350567,-0.24,12.63,BUY,
37,바이오신약,JANX,US20210610004,제눅스 테라퓨틱스,1105339042,1.05,18.22,BUY,
37,바이오신약,SVRA,US20170428001,사바라,1083703140,2.28,5.38,,
37,바이오신약,AVTX,US20210826012,아발로 테라퓨틱스,1053511829,-1.48,19.3,BUY,
37,바이오신약,SLDB,US20180124003,솔리드 바이오사이언시스,1050482579,-2.15,9.56,BUY,
37,바이오신약,LXRX,US20000407002,렉시콘 파마슈티컬스,1021762025,-1.31,2.26,,
37,바이오신약,OBX,NAS2608004004,옵시디언 테라퓨틱스,1009677546,7.18,17.47,BUY,
37,바이오신약,ABUS,US20150804001,아버터스 바이오파마,1007168877,0,5.07,BUY,
37,바이오신약,CADL,US20210722002,칸델 테라퓨틱스,1002858539,-0.08,13.06,BUY,
37,바이오신약,IMMX,US20211215005,임믹스 바이오파마,1000011092,0.57,14.02,BUY,
37,바이오신약,WVE,US20151111002,웨이브 라이프 사이언시스,995864441,-3.17,4.88,BUY,
37,바이오신약,IVA,US20200709001,에방티바(ADR),985880839,-0.64,4.67,,
37,바이오신약,GERN,US19960731001,제론,972813026,-1.99,1.48,BUY,
37,바이오신약,ARDX,US20140617001,아델릭스,952025598,-1.05,3.77,BUY,
37,바이오신약,DSGN,US20210325006,디자인 테라퓨틱스,948219217,-0.26,15.07,BUY,
37,바이오신약,ANNX,US20200723001,아넥슨,944809379,-0.8,4.93,BUY,
37,바이오신약,OLMA,US20201118007,올레마 파마슈티컬,901081122,1.56,10.43,BUY,
37,바이오신약,TBPH,US20140604002,테라반스 바이오파마,887658501,-0.06,17.04,HOLD,
37,바이오신약,ACRS,US20151006001,애클래리스 테라퓨틱스,887107576,0.83,6.06,BUY,
37,바이오신약,SGP,NAS2602006007,스파이글래스 파마,886135156,-1.44,26.04,BUY,
37,바이오신약,RIGL,US20001129001,리겔 파마슈티컬스,870636964,-0.67,46.17,BUY,
37,바이오신약,CLYM,US20210805004,클라임 바이오,839156453,-5.77,13.73,BUY,
37,바이오신약,PHAR,US20201223008,파밍 그룹(ADR),830390135,-0.34,11.66,,
37,바이오신약,FDMT,US20201210004,4D 멀레큘러 테라퓨틱스,812669875,-3.82,14.11,BUY,
37,바이오신약,SLN,US20200908003,사일런스 테라퓨틱스(ADR),810240169,0.97,13.55,BUY,
37,바이오신약,NVCT,US20211130007,누벡티스 파마,775294182,-4.76,22.6,BUY,
37,바이오신약,AURA,US20211028002,오라 바이오사이언시스,769534133,-3.11,7.17,,
37,바이오신약,OCS,NAS0230303001,오큘리스 홀딩,759621341,-0.33,12.17,BUY,
37,바이오신약,MNPR,US20191007002,모노파 테라퓨틱스,753098223,-0.01,111.88,BUY,
37,바이오신약,PHAT,US20191024005,팬텀 파마슈티컬스,744720808,4.25,9.57,BUY,
37,바이오신약,ANL,NAS0230929001,아눠의약(ADR),735551758,2.46,14.16,BUY,
37,바이오신약,NGNE,US20190812002,뉴로진,734037176,-0.98,36.22,BUY,
37,바이오신약,MLAB,US19950818010,메사 래버러토리스,724364923,-0.82,127.87,,
37,바이오신약,DRUG,US20211108002,브라이트 마인즈 바이오사이언시스,720184968,-1.87,71.45,BUY,
37,바이오신약,STTK,US20201009006,섀턱 랩,708507840,-0.71,6.99,BUY,
37,바이오신약,CTMX,US20151007002,사이톰엑스 테라퓨틱스,701387639,4.05,3.34,BUY,
37,바이오신약,ALLO,US20181010001,알로진 테라퓨틱스,699818196,-0.99,2.0,BUY,
37,바이오신약,TECX,US20180620002,텍토닉 테라퓨틱,698270773,-15.95,29.94,BUY,
37,바이오신약,ASMB,US20140715001,어셈블리 바이오사이언시스,695600511,-1.29,33.63,,
37,바이오신약,IRWD,US20100203002,아이언우드 파마슈티컬스,684324944,2.42,4.23,,
37,바이오신약,EVO,US20211103004,에보테크(ADR),680545385,-2.09,1.87,HOLD,
37,바이오신약,CBIO,US20131107001,크레센트 바이오파머,661125028,-6.42,16.61,BUY,
37,바이오신약,MDXG,US20201104001,미메드엑스,657732860,0.89,4.54,BUY,
37,바이오신약,SGMT,NAS0230714004,서지멧 바이오사이언시스,657584134,-2.75,10.26,,
37,바이오신약,PRME,US20221018005,프라임 메디신,656578025,-0.55,3.59,BUY,
37,바이오신약,VSTM,US20120127001,베라스템,655673128,-0.14,7.21,,
37,바이오신약,AGMB,NAS2602006002,아고맵 테라퓨틱스(ADR),650386360,-0.76,13.07,BUY,
37,바이오신약,CRMD,US20210202002,코메딕스,648723841,-0.48,8.26,BUY,
37,바이오신약,CTNM,NAS0240405001,컨티늄 테라퓨틱스,643211076,-4.99,16.2,BUY,
37,바이오신약,RGNX,US20150916001,리젠엑스바이오,639447850,-1.66,9.5,BUY,이사 대규모 매입
37,바이오신약,AUTL,US20180621001,오토러스 테라퓨틱스(ADR),624539717,0.85,2.36,BUY,
37,바이오신약,VALN,US20210506006,발네바(ADR),611398028,-1.09,6.36,BUY,
37,바이오신약,ALT,US20170505001,알티뮨,606620090,0,3.11,BUY,
37,바이오신약,ARVN,US20180926001,아르비나스,601902284,0.22,9.2,BUY,
37,바이오신약,BLSM,NAS2608007001,블라썸힐 테라퓨틱스,601044680,-5.32,18.52,,
37,바이오신약,EIKN,NAS2602005003,에이콘 테라퓨틱스,596373860,-4.83,10.45,,
37,바이오신약,SPRY,US20221109002,ARS 파마슈티컬스,587361871,1.87,6.0,BUY,
37,바이오신약,MPLT,NAS0251027008,맵라이트 테라퓨틱스,585973883,3.33,13.02,BUY,목표주가 하향
37,바이오신약,DCTH,US20200501001,델캐스 시스템즈,568543524,0.73,16.46,BUY,
37,바이오신약,CAPR,US20150309001,캐프리코 테라퓨틱스,559092099,3.34,9.91,HOLD,
37,바이오신약,PROK,US20220712001,프로키드니,554777775,2.73,1.88,,
37,바이오신약,ZURA,NAS0230321005,주라 바이오,549655880,-3.15,5.54,BUY,
37,바이오신약,OVID,US20170502001,오비드 테라퓨틱스,548343603,-5.0,2.66,BUY,
37,바이오신약,ARTV,NAS0240719001,아티바 바이오테라퓨틱스,543688229,2.16,11.33,,
37,바이오신약,CABA,US20191024002,카발레타 바이오,530442108,-0.96,3.09,,
37,바이오신약,ENTX,US20180628001,엔테라 바이오,528171911,-2.64,2.95,,
37,바이오신약,KYTX,NAS0240208002,카이버나 테라퓨틱스,519058607,1.19,8.47,,
37,바이오신약,VOGX,NAS2608012004,보젠엑스,505871431,0.27,34.05,,
37,바이오신약,SCTX,NAS2607024006,스크라이브 테라퓨틱스,501280896,7.84,30.67,BUY,
37,바이오신약,EDIT,US20160203002,에디타스 메디신,486652677,-2.85,3.07,BUY,
37,바이오신약,EVMN,NYS0251106002,에보뮨,481470154,-4.31,12.66,BUY,
37,바이오신약,PRTA,US20121218001,프로테나,480296234,0.11,9.34,HOLD,
37,바이오신약,KMDA,US20130531002,카마다,479499044,-0.72,8.23,,
37,바이오신약,CCCC,US20201002002,C4 테라퓨틱스,474954335,-3.9,3.7,BUY,
37,바이오신약,PBYI,US20170103002,퓨마 바이오테크놀로지,468968880,0.66,9.12,,
37,바이오신약,OCGN,US20190930001,오큐젠,448861455,0,1.32,BUY,
37,바이오신약,QTTB,US20180328001,Q32 바이오,448670274,-1.0,14.88,BUY,
37,바이오신약,RZLT,US20201109004,레졸루트,446098689,1.3,4.68,BUY,
37,바이오신약,BIOA,NAS0240926001,바이오에이지 랩스,444127866,-1.55,9.5,BUY,
37,바이오신약,PRLD,US20200925008,프렐류드 테라퓨틱스,437730144,2.38,5.6,BUY,
37,바이오신약,EPRX,NAS0240405003,유프락시아 파마슈티컬스,435199753,-3.0,6.47,BUY,
37,바이오신약,CMPX,US20211102002,컴퍼스 테라퓨틱스,433404168,-1.25,2.37,BUY,
37,바이오신약,ARCT,US20171116001,아크투루스 테라퓨틱스 홀딩스,432938307,-2.83,14.76,BUY,
37,바이오신약,FENC,US20170913001,페넥 파마슈티컬스,431461866,0.73,12.36,BUY,
37,바이오신약,AVIR,US20201029004,아테아 파마슈티컬스,431083971,0.19,5.37,,
37,바이오신약,BNTC,US20150807001,베니텍 바이오파마,429581192,-2.25,12.19,BUY,
37,바이오신약,RCKT,US20180105001,로켓 파마슈티컬스,424899703,-3.63,3.72,HOLD,
37,바이오신약,LRMR,US20200529002,라리마 테라퓨틱스,417720572,-4.99,3.81,BUY,
37,바이오신약,GALT,US20020905001,갈렉틴 테라퓨틱스,406534769,-1.49,3.96,,
37,바이오신약,XFOR,US20190314001,X4 파머슈티컬,401658618,0.25,4.05,BUY,
37,바이오신약,LXEO,NAS0231103004,렉시오 테라퓨틱스,399845583,-2.47,4.74,BUY,
37,바이오신약,ENTA,US20130321001,에난타 파마슈티컬스,397198965,-2.21,13.3,BUY,
37,바이오신약,IPSC,US20210617007,센추리 테라퓨틱스,367689784,0.99,2.04,BUY,
37,바이오신약,UPB,NAS0241011008,업스트림 바이오,367429807,-1.2,6.61,BUY,
37,바이오신약,ZNTL,US20200402003,젠테일스 파마슈티컬,360733666,-1.05,3.76,BUY,
37,바이오신약,PALI,NAS0221116001,팰리세이드 바이오,349503307,-2.5,1.95,BUY,
37,바이오신약,AGEN,US20000204001,아제너스,345808336,-0.78,7.6,BUY,병용요법 임상 성과
37,바이오신약,SABS,US20211025007,SAB 바이오테라퓨틱스,345790304,-2.11,3.71,BUY,
37,바이오신약,DMAC,US20181207002,디아메디카 테라퓨틱스,345536474,-0.78,6.34,,
37,바이오신약,YDES,NAS0250829004,YD BIO LIMITED,340929047,-25.0,3.6,,
37,바이오신약,STRO,US20180926002,수트로 바이오파머,340021033,-0.68,20.31,BUY,
37,바이오신약,ABEO,US20150623003,아베오나 테라퓨틱스,339463933,-1.18,5.85,,
37,바이오신약,IKT,US20201029008,인히비케이즈 테라퓨틱스,337209866,-4.56,2.3,BUY,
37,바이오신약,IFRX,US20171108002,인플락스,329369839,-4.48,2.13,BUY,
37,바이오신약,IMRX,US20210729005,이뮤니어링,323731276,0,4.99,BUY,
37,바이오신약,VNDA,US20060412001,반다 파마슈티컬스,320730593,1.89,5.39,BUY,
37,바이오신약,VCRE,NAS2607002008,비코어 파마 홀딩(ADR),319284439,-2.39,11.04,,
37,바이오신약,IRD,US20201106001,오푸스 제네틱스,307840078,-1.9,3.62,BUY,
37,바이오신약,PRQR,US20140917001,PROQR 테라퓨틱스,305380632,-7.42,2.12,BUY,
37,바이오신약,EBS,US20061115001,이머전트 바이오솔루션즈,303861955,3.21,6.1,HOLD,나르칸 공급 수주
37,바이오신약,TLSI,US20210208006,트라이살러스 라이프 사이언시스,298226342,2.69,4.96,BUY,
37,바이오신약,BCYC,US20190522001,바이시클 테라퓨틱스(ADR),294781599,-1.43,4.14,BUY,
37,바이오신약,FULC,US20190717002,풀크럼 테라퓨틱스,294555357,0.78,3.88,HOLD,
37,바이오신약,FATE,US20130918001,페이트 테라퓨틱스,291967643,-1.23,2.4,,
37,바이오신약,RNAC,US20160622002,카티지언 테라퓨틱스,291253206,-3.23,9.29,BUY,
37,바이오신약,IVVD,US20210805001,인비비드,285079642,-0.87,0.9561,BUY,
37,바이오신약,LCTX,US20190812003,리니지 셀 테라퓨틱스,281502267,-0.9,1.1,BUY,
37,바이오신약,AVXL,US20151028001,애너벡스 라이프 사이언시스,277928702,-6.69,2.79,BUY,
37,바이오신약,ALXO,US20200716001,ALX 온콜로지 홀딩스,277317455,-3.5,1.93,BUY,
37,바이오신약,TRDA,US20211028010,엔트라다 테라퓨틱스,273309109,0.86,7.06,BUY,
37,바이오신약,ACIU,US20160923001,AC 이뮨,270444508,-0.38,2.64,,
37,바이오신약,PYXS,US20211007010,픽시스 온콜로지,270151736,0.62,3.25,BUY,
37,바이오신약,SION,NAS0250207004,시오나 테라퓨틱스,266129442,2.9,6.04,HOLD,
37,바이오신약,SRZN,NAS0231214005,서로젠,264242235,-1.78,22.02,BUY,
37,바이오신약,WHWK,US20210827001,화이트호크 테라퓨틱스,264108723,-1.73,4.54,BUY,
37,바이오신약,MGNX,US20131010001,매크로제닉스,263808042,-3.39,3.99,BUY,
37,바이오신약,ALEC,US20190206001,알렉터,261998478,-3.85,2.25,HOLD,
37,바이오신약,NMRA,NAS0230915004,뉴모러 테라퓨틱스,261896325,-4.32,1.33,,
37,바이오신약,CAMP,NAS0241011002,캠프4 테라퓨틱스,261144717,-4.34,3.97,BUY,대주주 지분 매각
37,바이오신약,NAGE,US20160425001,NIAGEN BIOSCIENCE INC,261043205,-5.17,3.12,BUY,
37,바이오신약,ELDN,US20210105001,엘레던 파마슈티컬스,260753546,-7.81,2.95,BUY,
37,바이오신약,IPHA,US20191016001,이네이트 파르마(ADR),248659335,-2.25,2.17,,
37,바이오신약,CLLS,US20150325001,셀렉티스(ADR),247856090,-2.94,3.3,BUY,
37,바이오신약,CGEN,US20000811001,컴퓨젠,246972529,-1.54,2.56,BUY,
37,바이오신약,AKBA,US20140320001,아케비아 테라퓨틱스,244137664,4.59,0.9189,BUY,
37,바이오신약,ADAG,US20210208001,아다진(ADR),243740890,-4.89,3.5,BUY,
37,바이오신약,RNA,NAS2602027007,아트리움 테라퓨틱스,233965082,-2.35,13.32,BUY,
37,바이오신약,NERV,US20140626003,미네르바 뉴로사이언시스,231736161,-5.17,4.59,BUY,
37,바이오신약,GLSI,US20200925003,그리니치 라이프사이언시스,230642483,-4.66,14.94,,
37,바이오신약,TARA,US20200110003,아타라 테라퓨틱스,226367960,0.79,3.85,BUY,
37,바이오신약,KROS,US20200407001,케로스 테라퓨틱스,219297615,0.45,11.08,BUY,
37,바이오신약,VYGR,US20151110002,보이저 테라퓨틱스,218729704,-2.26,3.46,BUY,
37,바이오신약,CHRS,US20141106001,코히러스 바이오사이언시스,218447754,-4.26,1.35,BUY,ATM 희석 부담
37,바이오신약,DTIL,US20190327001,프리시전 바이오사이언시스,215332906,-1.8,7.64,BUY,
37,바이오신약,PEPG,US20220505003,펩젠,213908206,-2.92,2.99,BUY,
37,바이오신약,NBP,US20200116001,노바브리지 바이오사이언스,213380691,0,1.84,,
37,바이오신약,ABOS,US20210630001,애큐먼 파마슈티컬스,211749423,-2.4,2.85,,
37,바이오신약,CRBP,US20150417001,코버스 파마슈티컬스 홀딩스,211596036,0,10.91,BUY,
37,바이오신약,ANTX,US20220324002,AN2 테라퓨틱스,211149501,-0.54,5.55,BUY,
37,바이오신약,ORMP,US20070501001,오라메드 파마슈티컬스,209812309,-0.2,5.02,,
37,바이오신약,PLX,US20070312001,프로탈릭스 바이오테라퓨틱스,205216938,1.18,2.57,,
37,바이오신약,ZSQR,US20221031016,Z 스퀘어드,205146304,-23.83,2.94,,
37,바이오신약,CUE,US20171219001,큐 바이오파머,203090976,-8.46,25.52,BUY,
37,바이오신약,ARMP,US20190510002,아마타 파마슈티컬스,200218433,2.61,5.51,,
37,바이오신약,ACOG,NAS0241112001,알파 코그니션,200035974,1.09,9.26,BUY,
37,바이오신약,NKTX,US20200710001,엔카르타,198230155,-1.81,2.71,BUY,
37,바이오신약,KRRO,US20191002004,코로 바이오,190632907,-3.1,12.51,BUY,
37,바이오신약,CYPH,US20170124001,사이퍼펑크 테크놀로지스,184785812,6.43,1.82,BUY,
37,바이오신약,MSLE,NAS2602006005,사텔로스 바이오사이언스,180959465,8.78,9.42,BUY,
37,바이오신약,CNTN,US20220111003,칸톤 스트래티직 홀딩스,177380955,2.25,2.27,,
37,바이오신약,SPRB,US20201009005,스프루스 바이오사이언시스,175164742,-3.62,58.58,BUY,
37,바이오신약,CRBU,US20210723001,카리부 바이오사이언시스,174155625,-4.94,1.54,BUY,
37,바이오신약,MOLN,US20210615006,멀레큘러 파트너스(ADR),172849425,-2.22,4.4,,
37,바이오신약,LENZ,US20210624006,렌즈 테라퓨틱스,161001193,2.35,5.23,BUY,
37,바이오신약,OTLK,US20181204001,아웃룩 테라퓨틱스,157432744,-1.16,0.6374,BUY,
37,바이오신약,TNYA,US20210729015,테나야 테라퓨틱스,155168313,0.01,0.6902,BUY,
37,바이오신약,OKUR,US20210408002,온큐어 테라퓨틱스,153904714,-4.49,3.62,BUY,
37,바이오신약,INDP,US20210804007,인댑터스 테라퓨틱스,152315577,0.88,1.15,,
37,바이오신약,EQ,US20181011002,이퀼리움,151963675,-5.44,2.26,BUY,
37,바이오신약,UNCY,US20210616006,유니사이클 테라퓨틱스,147062795,-1.14,5.2,BUY,
37,바이오신약,KZIA,US20171124001,카지아 테라퓨틱스(ADR),146146775,1.55,13.79,BUY,
37,바이오신약,ADCT,US20200514001,ADC 테라퓨틱스,145942956,2.63,1.17,BUY,
37,바이오신약,HURA,NAS0221114002,투후라 바이오사이언시스,134834364,0.95,2.13,BUY,
37,바이오신약,INO,US20140915002,이노비오 파마슈티컬스,133751017,-2.33,1.26,BUY,
37,바이오신약,RFL,US20191121005,라파엘 홀딩스,133487484,0.39,2.57,,
37,바이오신약,TLSA,US20181025005,티지아나 라이프 사이언시스,128886549,-2.18,0.988,,
37,바이오신약,BDTX,US20200129002,블랙 다이아몬드 테라퓨틱스,128475552,-5.83,2.1,BUY,
37,바이오신약,VANI,US20220831004,비바니 메디컬,128442371,-2.11,1.39,BUY,
37,바이오신약,VTVT,US20150730001,VTV 테라퓨틱스,128305314,-1.85,31.76,,
37,바이오신약,AARD,NAS0250213002,아드바크 테라퓨틱스,127063065,5.35,6.1,BUY,
37,바이오신약,MXCT,US20210730006,맥스사이트,126259165,6.56,1.3,BUY,
37,바이오신약,BMEA,US20210415002,바이오미아 퓨전,125743238,-2.89,1.68,BUY,BMF-219 2상 완료
37,바이오신약,PMN,US20220708002,프로미스 뉴로사이언시스,123960915,-4.64,13.14,BUY,
37,바이오신약,ENGN,US20220201002,엔진 홀딩스,122593277,0.55,1.83,BUY,
37,바이오신약,NTHI,NAS0250326009,니온크 테크놀로지스 홀딩스,121977358,5.33,4.94,BUY,
37,바이오신약,GNLX,NAS0230126005,제네럭스,120684839,-1.88,2.61,BUY,
37,바이오신약,ANIX,US20181001001,애닉사 바이오사이언시스,118727117,-3.74,3.35,BUY,
37,바이오신약,RANI,US20210729009,라니 테라퓨틱스 홀딩스,117415315,2.19,0.8584,BUY,
37,바이오신약,NAUT,US20210610006,노틸러스 바이오테크놀로지,113021100,9.99,0.9742,,
37,바이오신약,ONCY,US20180601002,온콜리틱스 바이오테크,109527029,-2.15,0.8382,,
37,바이오신약,COYA,NAS0221229001,코야 테라퓨틱스,107968767,-0.44,4.57,BUY,
37,바이오신약,GUTS,NAS0240202004,프랙틸 헬스,105189108,7.86,0.7108,BUY,
37,바이오신약,YARW,NAS0230213004,야로우 바이오사이언스,99053298,-10.89,32.97,BUY,
37,바이오신약,VRCA,US20180614001,베리카 파머슈티컬,98017135,-3.34,5.5,BUY,
37,바이오신약,CGTX,US20211007003,커그니션 테라퓨틱스,97263389,0.98,1.03,BUY,
37,바이오신약,KLRS,US20200729001,칼라리스 테라퓨틱스,96198910,-0.25,4.02,BUY,
37,바이오신약,ATRA,US20141013001,아타라 바이오테라퓨틱스,92601867,-2.5,8.97,BUY,
37,바이오신약,DWTX,US20201217012,도그우드 테라퓨틱스,90328942,-2.64,2.58,,
37,바이오신약,ALDX,US20140411001,알데이라 테라퓨틱스,89832044,0,1.48,BUY,
37,바이오신약,RLYB,US20210728010,랠리바이오,89515927,1.37,17.04,HOLD,
37,바이오신약,ACRV,US20221108001,아크리본 테라퓨틱스,88521628,1.46,2.09,BUY,
37,바이오신약,IBIO,US20080819002,아이바이오,87699306,-6.62,1.27,BUY,
37,바이오신약,ACET,US20200916001,에이디셋 바이오,85049241,-3.2,8.77,BUY,
37,바이오신약,GOSS,US20190207001,고사머 바이오,83382380,-0.76,0.1688,BUY,
37,바이오신약,ATHE,NAS0230109001,알테리티 테라퓨틱스(ADR),82992754,-0.44,4.49,BUY,
37,바이오신약,MAIA,US20220727001,마이어 바이오테크놀로지,81121703,-1.5,1.31,,
37,바이오신약,TENX,NAS0230105005,테낙스 테라퓨틱스,79933000,-13.62,1.84,BUY,의견 하향 조정
37,바이오신약,TELO,NAS0240209005,텔러미어 파마슈티컬스,78619892,-1.75,1.12,,
37,바이오신약,GANX,US20210317006,게인 테라퓨틱스,77462462,1.69,1.8,,
37,바이오신약,OSTX,AMX0240731004,OS 테라피스,76422489,3.05,1.69,BUY,
37,바이오신약,RNXT,US20210811010,레노보 RX,75574336,14.97,1.92,,
37,바이오신약,LONA,US20200918001,레오나바이오,75014520,0.5,7.98,BUY,워런트 전환 부담
37,바이오신약,ELTX,US20210204002,엘리시오 테라퓨틱스,74846599,-4.93,2.7,BUY,
37,바이오신약,ANVS,US20211118010,애노비스 바이오,73484886,0,1.72,BUY,
37,바이오신약,CRDF,US20200508001,카디프 온콜로지,73329411,5.32,0.99,HOLD,
37,바이오신약,CTOR,NAS0221208004,시티우스 온콜로지,72315307,-2.89,0.7532,,
37,바이오신약,MNOV,US20061207001,메디치노바,70827477,0,1.43,BUY,
37,바이오신약,SPRO,US20171101005,스페로 테라퓨틱스,70074709,2.5,1.23,,
37,바이오신약,XBIT,US20150414001,X바이오테크,69398203,1.32,2.3,,
37,바이오신약,PLRX,US20200602001,플리언트 테라퓨틱스,68923052,-0.9,1.1,HOLD,
37,바이오신약,RNTX,NAS0221111001,레인 테라퓨틱스,65925599,-2.23,0.7451,BUY,
37,바이오신약,HYFT,US20201230002,마인드워크 홀딩스,65492643,-3.6,1.34,BUY,
37,바이오신약,PMVP,US20200925007,PMV 파마슈티컬스,65398875,-0.82,1.21,BUY,
37,바이오신약,INMB,US20190204002,인뮨 바이오,64844847,-1.29,2.3,BUY,
37,바이오신약,SER,US20181129002,세리나 테라퓨틱스,62657662,-1.63,2.42,BUY,
37,바이오신약,EDSA,US20190610001,에데사 바이오테크,62559427,2.38,4.73,BUY,
37,바이오신약,TLPH,US20110211001,탈페라,62458905,-0.83,1.19,BUY,
37,바이오신약,HRTX,US20140124001,헤런 테라퓨틱스,62176937,-1.01,0.3233,HOLD,
37,바이오신약,IMA,US20210325009,이메진바이오,60784115,-4.49,5.1,BUY,
37,바이오신약,XLO,US20211021013,자일리오 테라퓨틱스,59384865,-0.56,8.95,,
37,바이오신약,APLM,NAS0230330001,아폴로믹스,58576244,2.26,27.2,,
37,바이오신약,INKT,US20211015003,밍크 테라퓨틱스,58479121,-4.03,10.96,,
37,바이오신약,DOMH,NAS0221222002,도미너리 홀딩스,58102270,-2.09,2.34,,
37,바이오신약,IMMP,US20171201001,이뮤텝(ADR),56303787,-3.94,0.366,BUY,순손실 확대
37,바이오신약,CLNN,US20201231001,클렌,54499247,1.18,4.28,BUY,
37,바이오신약,SCYX,US20140402001,사이넥시스,53776440,-2.97,5.23,,
37,바이오신약,ATYR,US20150515001,어타이어 파마,53113432,0.57,0.5431,BUY,
37,바이오신약,TIL,US20210318018,인스틸 바이오,51549294,-0.26,7.56,BUY,
37,바이오신약,TCRX,US20210714017,티스캔 테라퓨틱스,51212658,-3.11,0.7301,,
37,바이오신약,MCRB,US20150625005,세레스 테라퓨틱스,50940083,-3.33,4.94,BUY,
37,바이오신약,HYPD,US20180125001,하이퍼리온 디파이,50798404,4.91,3.42,,
37,바이오신약,IBO,AMX0240916003,임팩트 바이오메디컬,47972349,3.92,0.4611,,
37,바이오신약,SCLX,NAS0221111006,사일렉스 홀딩,46244301,0.55,5.46,,
37,바이오신약,HOWL,US20210428001,웨어울프 테라퓨틱스,45970055,-0.08,0.9425,BUY,
37,바이오신약,CELU,US20210719003,셀룰러리티,45860874,15.82,1.83,,
37,바이오신약,MGX,NAS0240209004,메타제노미,45078858,-0.84,1.18,,
37,바이오신약,SAVA,US20190328003,FILANA THERAPEUTICS INC,45001926,-2.66,0.9043,BUY,
37,바이오신약,TVGN,US20220103006,테보젠 바이오 홀딩스,44988365,-0.29,6.87,HOLD,
37,바이오신약,VERU,US20170807002,베루,44880647,6.49,2.79,,
37,바이오신약,ALGS,US20201015002,앨리고스 테라퓨틱스,43269016,-15.2,5.86,BUY,
37,바이오신약,KPTI,US20131105002,카료팜 테라퓨틱스,42531420,10.16,2.06,BUY,엑스포비오 승인신청
37,바이오신약,MREO,US20190424001,메레오 바이오파마 그룹(ADR),40433284,5.94,0.2675,BUY,
37,바이오신약,ACTU,NAS0240813001,액추에이트 테라퓨틱스,39853220,-7.88,1.52,,
37,바이오신약,CRVO,US20161109017,체르보메드,39418169,1.15,2.63,BUY,
37,바이오신약,RNAZ,US20210427005,트랜스코드 테라퓨틱스,37010902,-3.21,2.11,,
37,바이오신약,CNTX,US20210727002,콘텍스트 테라퓨틱스,35351363,2.35,0.3927,BUY,
37,바이오신약,RADX,NAS0241127003,라디오팜 테라노스틱스(ADR),34941173,-5.39,2.28,BUY,
37,바이오신약,LITS,NAS0230417002,라이트 스트래티지,33450395,-0.49,0.9756,,
37,바이오신약,KYNB,US20141114001,킨트라 바이오,32563622,-3.74,7.72,BUY,
37,바이오신약,BCTX,NAS0230905001,브리아셀 테라퓨틱스,32539788,-4.02,3.58,,
37,바이오신약,IGC,US20190226002,IGC 파마,32137517,-3.48,0.2992,BUY,
37,바이오신약,ATNM,US20140327004,악티늄 파마슈티컬스,31843515,0.99,1.02,BUY,
37,바이오신약,NNVC,US20130926002,나노바이리사이드스,31581897,0.81,1.25,BUY,NV-387 희귀지정
37,바이오신약,ESLA,US20210907004,에스트레야 이뮤노파마,30755013,2.82,0.725,,
37,바이오신약,BRNS,US20210428005,베린서스 바이오테라퓨틱스(ADR),30569688,1.84,0.76,,
37,바이오신약,GRDX,NAS0230118003,GRIDAI TECHNOLOGIES CORP,28324355,-3.79,3.81,,
37,바이오신약,NXTC,US20190508006,넥스큐어,27953071,5.91,6.45,BUY,
37,바이오신약,CVM,US19911010001,셀 사이,27514568,3.85,1.62,,
37,바이오신약,BYSI,US20170309001,비욘드스프링,27436661,-4.55,0.6351,,
37,바이오신약,LTRN,US20200611004,랜턴 파마,26536236,-2.42,2.02,BUY,
37,바이오신약,ATOS,US20121108001,아토사 테라퓨틱스,25817665,-3.1,2.5,BUY,
37,바이오신약,TXMD,US20171009002,테라퓨틱스MD,25766018,-0.45,2.21,,
37,바이오신약,QNTM,US20200109002,퀀텀 바이오파마,25377095,3.26,3.17,BUY,매수의견 개시
37,바이오신약,EVAX,US20210204006,에박시언 바이오테크(ADR),25173349,0,3.01,,
37,바이오신약,NIKI,NAS0230227001,니키 바이오솔루션스,24963690,-0.58,6.86,,
37,바이오신약,DYAI,US20190417001,다이아딕 인터내셔널,24671039,-9.61,0.5551,,
37,바이오신약,TVRD,US20140131001,트바르디 테라퓨틱스,24343895,-0.55,1.81,BUY,
37,바이오신약,CLRB,US20140815002,셀렉타 바이오사이언시스,23979850,0,2.53,BUY,
37,바이오신약,ENLV,US20190326002,엔라이벡스 테라퓨틱스,23670539,-5.19,1.28,BUY,
37,바이오신약,GNTA,US20211214006,제넨타 사이언스(ADR),23656145,2.0,1.02,,
37,바이오신약,GRML,US20220429003,그린란드 마인스,23536600,-0.2,4.87,,
37,바이오신약,JSPR,US20210927005,재스퍼 테라퓨틱스,23346483,2.12,0.7145,BUY,
37,바이오신약,CNSY,US20190729001,세리노움,23212259,-7.87,2.81,BUY,
37,바이오신약,MRKR,NAS0230127003,마커 테라퓨틱스,22905242,-2.92,1.33,,
37,바이오신약,ALLR,NAS0230327001,앨러리티 테라퓨틱스,22496053,0,1.41,,
37,바이오신약,ABVC,US20210803001,ABVC 바이오파마,22184196,3.86,0.862,,
37,바이오신약,AKTX,US20150921001,아카리 테라퓨틱스(ADR),20890218,-2.52,10.43,BUY,
37,바이오신약,NEUP,US20211216003,뉴포리아 테라퓨틱스,20377210,0.27,3.77,HOLD,
37,바이오신약,CMMB,US20210317003,키모맵 테라퓨틱스(ADR),19912779,0.74,2.73,,
37,바이오신약,QCLS,US20210419007,Q/C 테크놀로지스,19299250,-1.28,2.32,,
37,바이오신약,PLUR,US20220726001,플루리,18939587,-5.23,1.45,,
37,바이오신약,NRSN,US20211209009,뉴로센스 테라퓨틱스,18771637,4.64,0.4399,BUY,
37,바이오신약,CYCN,US20190402001,사이클러리언 테라퓨틱스,17791299,-2.64,3.69,,
37,바이오신약,RKTO,US20190208009,로켓 원,17723586,-3.63,0.6841,,
37,바이오신약,BCDA,US20190802001,바이오카디아,17457660,-0.87,1.14,,
37,바이오신약,NCEL,US20210129007,NEWCELX LTD,17098208,3.76,3.31,BUY,
37,바이오신약,TPST,US20210628006,템페스트 테라퓨틱스,16984935,2.83,1.09,,
37,바이오신약,CTXR,US20170803002,시티우스 파마슈티컬스,16574822,-3.01,0.584,BUY,
37,바이오신약,MDCX,NAS0241114003,메디커스 파마,16326590,1.59,0.2618,,
37,바이오신약,CALC,NAS0230614001,칼시메디커,15899064,-7.76,2.14,BUY,
37,바이오신약,AEON,US20210412008,이온 바이오파마,15716440,-5.82,0.2959,BUY,
37,바이오신약,LSTA,US20220915004,러사타 테라퓨틱스,15270524,-11.83,1.49,HOLD,
37,바이오신약,ADIL,US20171213001,애디얼 파머슈티컬,14745578,2.5,5.74,BUY,
37,바이오신약,PASG,US20200227010,패시지 바이오,14584652,2.88,4.65,HOLD,
37,바이오신약,DARE,US20170720001,데어 바이오사이언스,14191633,3.54,0.761,BUY,NIH 지원금 수혜
37,바이오신약,INTS,US20221018002,인텐시티 테라퓨틱스,13914041,-0.94,4.21,BUY,
37,바이오신약,GTBP,US20210211002,GT 바이오파마,13570208,-4.33,0.287,,
37,바이오신약,KALA,US20170719003,칼라 바이오,13383230,-2.52,0.6727,HOLD,
37,바이오신약,PHIO,NAS0230126007,피오 파마슈티컬스,13163733,-3.54,1.09,,
37,바이오신약,MBRX,US20160602001,멀레큘린 바이오테크,12693293,-1.68,0.639,,목표주가 하향
37,바이오신약,PDSB,US20190318001,PDS 바이오테크놀로지,11836942,1.47,0.214,,
37,바이오신약,BLRX,US20110725001,바이오라인 RX(ADR),11388920,7.69,2.8,BUY,
37,바이오신약,TOVX,US20221013006,테리바 바이오로직스,11279345,2.0,0.25,BUY,
37,바이오신약,VTGN,US20160511003,비스타젠 테라퓨틱스,11253903,2.33,0.2588,,
37,바이오신약,MTVA,US20191231025,메타비아,11230690,0.59,1.71,BUY,
37,바이오신약,GDTC,NAS0230414003,사이토메드 테라퓨틱스,10916260,-1.23,0.9087,,
37,바이오신약,LNAI,US20181210001,루나이 바이오웍스,10774982,-5.06,2.25,,
37,바이오신약,AZTR,AMX0230518002,아지트라,10750398,-1.07,0.175,,
37,바이오신약,APRE,NAS0230213001,아프레아 테라퓨틱스,10588076,-3.57,0.8087,BUY,
37,바이오신약,XTLB,US20050901001,XTL 바이오파머슈티컬스(ADR),10510321,0.81,2.49,,
37,바이오신약,FBLG,NAS0240131002,파이브로바이오로직스,9614266,18.75,1.71,BUY,
37,바이오신약,XBIO,US20161107002,제네틱 바이오사이언시스,9351605,4.52,4.16,,
37,바이오신약,IMRN,US20170612004,이뮤론(ADR),9307505,-3.48,1.11,,
37,바이오신약,TRAW,US20130725002,트로스 파머,9090774,0.36,0.592,HOLD,
37,바이오신약,IMNN,US20220921002,이뮨온,9003030,1.87,1.63,BUY,
37,바이오신약,XCUR,US20190731009,엑시큐어,8467645,1.55,1.31,,
37,바이오신약,SNGX,NAS0230210008,솔리제닉스,8223872,3.4,0.3896,,
37,바이오신약,CNSP,NAS0221129001,CNS 파머슈티컬스,8093719,8.33,5.98,BUY,
37,바이오신약,ALZN,US20210615001,알자멘드 뉴로,7975889,-4.22,1.59,BUY,
37,바이오신약,AIM,US20190903003,AIM 이뮤노테크,7887964,-12.54,0.226,BUY,
37,바이오신약,SKYE,NAS0240411002,스카이 바이오사이언스,7880821,-5.08,1.68,BUY,
37,바이오신약,ENSC,NAS0230331002,엔시스 바이오사이언시스,7802251,-1.2,0.3951,,
37,바이오신약,ACXP,US20210614002,아크룩스 파머슈티컬스,7609635,0,1.44,,
37,바이오신약,NCNA,US20170927002,누카나(ADR),7605755,-17.05,1.46,,
37,바이오신약,CELZ,US20211203005,크리에이티브 메디컬 테크놀로지 홀딩스,7536262,0.88,1.15,,
37,바이오신약,ERNA,US20221017001,어넥사 테라퓨틱스,7480712,0,4.57,BUY,
37,바이오신약,BOLT,US20210204004,볼트 바이오테라퓨틱스,7369293,4.46,3.98,BUY,
37,바이오신약,CANF,AMX0230109001,CAN FITE 바이오파머(ADR),7304770,-6.47,3.18,BUY,
37,바이오신약,CURX,NAS0250826004,큐러넥스 파머슈티컬스,7170920,-3.51,4.4,,
37,바이오신약,ENVB,US20201231006,엔버릭 바이오사이언시스,6148889,0.73,1.38,,
37,바이오신약,APUS,AMX0250304001,아피메즈 파머슈티컬스 US,5856409,0.26,3.88,,
37,바이오신약,BGMS,US20060328001,바이오 그린 메드 솔루션,5711326,0.58,0.865,,
37,바이오신약,LIMN,NAS0250501002,리미나투스 파머,5697455,-8.75,3.86,,
37,바이오신약,BTAI,US20180307001,바이오엑셀 테라퓨틱스,5694495,-10.25,0.1628,BUY,파산보호 신청
37,바이오신약,KAPA,AMX0240913002,카이로스 파마,5634232,1.22,0.24,BUY,
37,바이오신약,PMCB,US20210810004,파마사이트 바이오테크,5544122,-2.89,0.5001,,
37,바이오신약,JUNS,NAS0241203001,주피터 뉴로사이언시스,5526632,-16.75,3.48,,직접 공모 부담
37,바이오신약,CVKD,NAS0230120003,커드리널 테라퓨틱스,5509259,12.99,1.74,BUY,
37,바이오신약,GOVX,US20200925004,지오박스 랩스,5327891,-11.91,0.6351,BUY,상장폐지 불확실성
37,바이오신약,BRTX,US20211105003,바이오리스토러티브 테라피스,5086707,1.66,0.2024,,
37,바이오신약,INM,US20201112010,인메드 파마슈티컬스,4586032,-2.17,1.35,,
37,바이오신약,GLMD,US20140313001,갈메드 파마슈티컬스,4350093,-0.72,4.13,,
37,바이오신약,APVO,US20160801002,앱티보 테라퓨틱스,4273423,3.39,2.44,,
37,바이오신약,XRTX,US20211013007,졸트엑스 테라퓨틱스,4258853,-0.43,2.32,,IR 계약 해지
37,바이오신약,GRI,NAS0230424001,GRI 바이오,4208928,0,1.92,,
37,바이오신약,JAGX,NAS0230123003,재규어 헬스,4197361,-2.32,0.7911,,
37,바이오신약,REVB,NAS0230201004,레벨레이션 바이오사이언시스,4194133,-4.76,1.0,,
37,바이오신약,TCRT,US20050824001,알라우누스 테라퓨틱스,4088726,6.25,1.7,,
37,바이오신약,MBIO,NAS0230404002,머스탱 바이오,4084912,-0.02,0.5375,,
37,바이오신약,RDHL,US20121227001,레드힐 바이오파마(ADR),4030584,48.05,0.9786,,
37,바이오신약,ADXN,US20200129001,애딕스 테라퓨틱스(ADR),3828744,-0.78,3.81,,
37,바이오신약,SPRC,US20211222005,사이스파크,3782351,-1.06,6.51,,
37,바이오신약,PHGE,US20191029007,바이옴X,3708794,-0.94,0.1371,HOLD,
37,바이오신약,SXTP,NAS0230615005,60 디그리스 파머슈티컬스,3632498,2.91,1.06,BUY,
37,바이오신약,CRIS,US20000801001,큐리스,3623341,-1.34,1.47,BUY,
37,바이오신약,CLDI,AMX0221202001,칼리디 바이오테라퓨틱스,3420539,1.52,1.34,,
37,바이오신약,ARTL,US20190621003,아르텔로 바이오사이언시스,3276107,6.71,6.36,,
37,바이오신약,GNPX,US20180329001,젠프렉스,3016636,0.54,3.69,,
37,바이오신약,MTNB,US20170302001,마티나스 바이오파마 홀딩스,2946671,-1.15,0.1977,,
37,바이오신약,PPBT,US20201222004,퍼플 바이오테크(ADR),2730767,1.19,1.7,,
37,바이오신약,IVF,US20201113002,인보 퍼틸러티,2513889,3.0,1.03,,
37,바이오신약,OGEN,AMX0230123004,오라제닉스,2371697,-2.75,0.5098,,
37,바이오신약,SLXN,US20210407005,사일렉시온 테라퓨틱스,2093994,1.9,0.3697,,
37,바이오신약,BBLG,US20211013010,본 바이오로직스,1699654,-7.24,0.5705,,
37,바이오신약,SCNI,NAS0221125001,사이나이 이뮤노테라퓨틱스(ADR),1434704,-1.99,2.46,,유동성 리스크
83,통신장비,APH,US19911108001,암페놀,195027726656,0.51,158.55,BUY,
83,통신장비,GLW,US19450521001,코닝,128683903517,0.02,148.73,BUY,
83,통신장비,MSI,US19910920001,모토로라,80652017965,-0.14,485.3,BUY,
83,통신장비,LITE,US20150805002,루멘텀 홀딩스,80503127097,2.21,914.76,BUY,AI 관련주 약세
83,통신장비,NOK,US19940701001,노키아(ADR),57319964624,-0.69,10.14,BUY,
83,통신장비,COHR,US19871002001,코히런트,54827304005,-0.49,277.83,BUY,
83,통신장비,CIEN,US20131223002,시에나,53717172504,1.15,382.8,BUY,
83,통신장비,UI,US20190820002,유비퀴티,36377834228,-1.39,590.02,,
83,통신장비,ERIC,US19890928001,에릭슨 B(ADR),30021474266,1.41,10.09,HOLD,
83,통신장비,ASTS,US20210407001,AST 스페이스모바일,22653538778,1.98,59.2,HOLD,
83,통신장비,SBAC,US19990616001,SBA 커뮤니케이션스,20313448029,-0.64,189.72,BUY,
83,통신장비,FN,US20100625003,패브리넷,14889525478,-0.35,412.93,BUY,
83,통신장비,GSAT,US20140421001,글로벌스타,10622346347,-0.27,81.54,HOLD,
83,통신장비,AAOI,US20130925001,어플라이드 옵토일렉트로닉스,9044494797,1.37,107.69,,
83,통신장비,VIAV,US20150805004,비아비 솔루션즈,9041129166,-0.74,36.27,,내부자 매도 부담
83,통신장비,IDCC,US19900326024,인터디지털,8672759567,0.01,335.19,BUY,
83,통신장비,IRDM,US20080320001,이리디움 커뮤니케이션스,4952374331,0.75,46.95,HOLD,
83,통신장비,AD,US19880511002,ARRAY DIGITAL INFRASTRUCTURE INC,3121838498,1.83,36.66,BUY,
83,통신장비,EXTR,US19990409001,익스트림 네트웍스,2954613067,-0.49,22.47,,
83,통신장비,KN,US20140303001,놀스,2931666409,-0.15,34.18,,
83,통신장비,IHS,US20211013004,IHS 홀딩스,2812700850,0.6,8.41,,
83,통신장비,PLPC,US19990428001,프리폼드 라인 프로덕츠,1980732644,-0.84,400.67,BUY,
83,통신장비,ATEX,US20190617001,안테릭스,1815569849,-1.56,90.89,BUY,
83,통신장비,COMM,US20131024001,비스탄스 네트웍스,1401454295,3.96,6.3,HOLD,
83,통신장비,ITRN,US20050928001,이투란 로케이션 앤 콘트롤,1008659706,0.35,50.96,BUY,
83,통신장비,GILT,US19930326001,길라트 새털라이트 네트웍스,767788531,-0.3,9.91,,전환사채 조달
83,통신장비,SHEN,US19930412001,셰넌도어 텔레커뮤니케이션스,691748313,-0.64,12.38,BUY,
83,통신장비,ITG,NAS2607001005,ITG,597512723,-0.73,12.21,BUY,
83,통신장비,CLFD,US19860807001,클리어필드,402241571,-1.76,29.01,,
83,통신장비,RBBN,US20171129001,리본 커뮤니케이션스,364013543,-1.97,1.99,BUY,
83,통신장비,BKTI,AMX0230424001,BK 테크놀로지스,274715491,-0.43,72.37,,
83,통신장비,AVNW,US19910207001,아비아트 네트웍스,256737584,-0.35,19.93,BUY,4분기 실적 호조
83,통신장비,AUDC,US19990528001,오디오코드,243163487,-0.2,10.02,,
83,통신장비,SILC,US19940228001,실리콤,241463948,2.01,43.05,BUY,
83,통신장비,CRNT,US20000804002,세라건 네트웍스,190492252,-0.96,2.07,BUY,
83,통신장비,CABO,US20150702004,케이블 원,145084509,7.37,27.38,HOLD,
83,통신장비,SANG,US20211216015,상고마 테크놀로지스,130145574,1.28,3.95,BUY,
83,통신장비,OCC,US19960402003,옵티컬 케이블,119937287,-1.25,13.38,HOLD,
83,통신장비,RFIL,US19970528001,RF 인더스트리스,113128158,1.35,10.54,BUY,
83,통신장비,AMPG,US20210217002,앰플리테크 그룹,101226138,0.3,3.37,,
83,통신장비,LGL,US19920317024,LGL 그룹,94859769,-0.8,7.44,,
83,통신장비,AIRG,US20160811001,에어게인,67783817,1.94,5.26,,
83,통신장비,PCLA,NAS0250116005,피코세라(ADR),67193205,-4.59,6.65,,
83,통신장비,CMTL,US19920218001,컴테크 텔레커뮤니케이션스,51075043,-0.59,1.69,BUY,
83,통신장비,FKWL,US20210329003,프랭클린 와이어리스,29660198,0,2.51,,
83,통신장비,NUR,NAS2608017004,누란 와이어리스,25060801,4.71,2.0,,
83,통신장비,UTSI,US20000303002,UT스타컴 홀딩스,21372623,3.45,2.4,,
83,통신장비,MOBX,US20210813004,모빅스 랩스,18894131,18.92,1.32,,
83,통신장비,IOTR,NAS0250410006,아이오스리,11949387,0.41,2.46,,
83,통신장비,MTEK,US20220202004,메리스 테크,11608481,0.9,1.12,,
83,통신장비,CHAI,US20200925009,코어 AI 홀딩스,10375301,-4.8,0.3808,,자금 미확보 부담
83,통신장비,CCTG,NAS0240118001,CCSC 테크놀로지 인터내셔널 홀딩스,9036689,0.02,0.6637,,
129,화학,ITW,US19730313001,일리노이 툴 웍스,79992701884,-1.69,275.37,HOLD,
129,화학,APD,US19611113001,에어 프로덕츠 앤 케미컬스,68796583632,0.44,309.46,BUY,
129,화학,OXY,US19860522001,옥시덴탈 페트롤리움,59241662386,1.83,60.18,BUY,유가 상승 수혜
129,화학,CTVA,US20190603004,코르테바,56132277947,0.87,84.63,BUY,
129,화학,KMB,US19460822001,킴벌리클라크,36534614308,-1.47,107.94,HOLD,
129,화학,NTR,US20180102005,뉴트리엔,35176554463,2.75,75.53,BUY,
129,화학,DOW,US20190402005,다우,22099455439,1.19,30.52,HOLD,
129,화학,LYB,US20100428001,라이온델바젤 인더스트리스,20624606455,2.21,65.08,HOLD,
129,화학,CF,US20050811001,CF 인더스트리스 홀딩스,19089376899,3.37,130.03,HOLD,
129,화학,ALB,US20100510001,알버말,18834265829,-1.74,134.97,BUY,
129,화학,DD,US20190603005,듀폰,18549253268,-1.31,134.59,BUY,
129,화학,NDSN,US19900326036,노드슨,18129367807,-0.89,321.69,BUY,
129,화학,CSL,US19860602002,칼라일,14198368296,-2.79,346.58,BUY,
129,화학,RPM,US19900326068,RPM 인터내셔널,13644409367,-2.39,104.1,BUY,
129,화학,SQM,US19930921001,SQM 우선주 B(ADR),11260851825,0.48,79.01,HOLD,
129,화학,AVTR,US20190516001,어밴터,9888535268,-0.27,14.54,HOLD,
129,화학,WLK,US20040811002,웨스트레이크,9702187009,-0.85,75.07,HOLD,
129,화학,ESI,US20190201001,엘리먼트 솔루션즈,8535622405,1.75,35.54,BUY,
129,화학,EMN,US19940101001,이스트만 케미컬,8376042507,-0.81,72.44,BUY,
129,화학,AXTA,US20141112001,엑솔타 코팅 시스템즈,7944892775,-1.62,36.42,BUY,
129,화학,MOS,US20041025001,모자이크,7523048384,2.2,24.12,HOLD,
129,화학,SSL,US20030409001,사솔(ADR),7509826738,1.69,12.02,,
129,화학,ICL,US20140924002,ICL 그룹,7247976680,2.14,5.72,HOLD,
129,화학,SXT,US19880105006,센시언트 테크놀로지스,5766963615,-0.13,134.94,BUY,
129,화학,CSW,US20151002001,CSW 인더스트리얼스,5203801804,-3.0,308.95,,
129,화학,PRM,US20211109018,페리미터 솔루션스,5025930091,-0.39,30.5,BUY,
129,화학,CE,US20050121001,셀라니즈,4952335572,1.07,45.48,BUY,
129,화학,MEOH,US19920519001,메타넥스,4473913842,2.12,58.89,BUY,
129,화학,PAM,US19900918001,팜파 에네르히아(ADR),4387404819,2.32,82.32,BUY,
129,화학,CBT,US19680823001,캐보트,4330856691,-1.12,82.71,HOLD,
129,화학,CLMT,NAS0240711002,캘러멧,4208727404,4.15,49.73,BUY,
129,화학,AVNT,US20200713001,애비엔트,4108002592,-1.37,44.06,BUY,
129,화학,OTTR,US19900326040,오터 테일,3824499027,-0.41,90.47,HOLD,
129,화학,SMG,US19920131001,스코츠 미라클 그로,3527963729,-1.04,59.8,BUY,
129,화학,ASH,US19500508001,애쉬랜드,3415054656,-1.4,73.33,BUY,
129,화학,FUL,US19900326059,HB 풀러,3039287844,-2.48,54.95,BUY,
129,화학,KWR,US19960823002,퀘이커 호턴,2862811229,-0.07,165.8,BUY,
129,화학,HWKN,US19931027001,호킨스,2519255904,-0.12,120.2,BUY,
129,화학,NGVT,US20160516001,인제비티,2393448346,-0.2,69.29,BUY,
129,화학,CC,US20150702005,케무어스,2357283962,-0.38,15.56,HOLD,
129,화학,IOSP,US19980513001,이노스펙,2355794824,-1.63,93.83,,
129,화학,OLN,US19740524001,올린,1960196172,1.46,17.4,HOLD,
129,화학,HUN,US20050211001,헌츠맨,1665420437,1.16,9.58,HOLD,
129,화학,SCL,US19960314002,스테판,1428125295,-0.06,62.61,,
129,화학,FMC,US19860529001,FMC,1422736915,1.77,11.53,HOLD,
129,화학,PCT,US20210318012,퓨어사이클 테크놀로지스,1392214064,0.77,6.55,HOLD,
129,화학,ODC,US19931220001,오일 드리 코퍼레이션 오브 아메리카,1332102747,-1.86,89.98,,
129,화학,UAN,US20110408002,CVR 파트너스,1327819643,0.89,126.4,,
129,화학,MYE,US19870908001,마이어스 인더스트리스,1237278955,-2.16,32.09,,
129,화학,ECVT,US20210803005,에코비스트,1109629560,0.59,10.17,BUY,
129,화학,CMP,US20031212001,컴퍼스 미네랄스 인터내셔널,1036422414,0.97,24.86,HOLD,
129,화학,GPRE,US20060315001,그린 플레인스,1030434319,-1.43,14.45,BUY,
129,화학,KRO,US20031205001,크로노스 월드와이드,1015654262,0.23,8.82,,
129,화학,KOP,US20060201002,코퍼스 홀딩스,882953398,-1.48,45.87,,
129,화학,FTK,US19980430001,플로텍 인더스트리스,869147650,-0.88,23.72,BUY,
129,화학,TROX,US20101201001,트로녹스 홀딩스,864760865,-2.04,5.29,HOLD,
129,화학,LXU,US19950818026,LSB 인더스트리스,750119163,2.69,10.67,BUY,
129,화학,MATV,US20220706002,마티브 홀딩스,671304005,-1.98,11.89,,
129,화학,ASPI,US20221018001,ASP 아이소토프,596482525,3.09,4.0,,
129,화학,RYAM,US20140701006,레이어니어 어드밴스드 머티리얼스,583346155,-0.12,8.59,BUY,
129,화학,VHI,US19671023001,밸히,512324764,3.6,18.69,,
129,화학,IPI,US20080422001,인트레피드 포타시,507367737,2.85,38.67,HOLD,
129,화학,ASIX,US20161003002,어드밴식스,446478723,1.94,16.81,,
129,화학,OEC,US20140724006,오라이언,359343192,-1.58,6.24,HOLD,
129,화학,BAK,US20191024006,브라스켐(ADR),290650876,1.19,1.7,HOLD,
129,화학,HDSN,US19941101002,허드슨 테크놀로지스,229171725,-1.47,5.35,,
129,화학,CDXS,US20100422002,코덱시스,174594829,7.55,1.71,,
129,화학,GRO,AMX0241127001,브라질 포태시,151566030,6.56,2.6,BUY,
129,화학,ACNT,US20220811001,어센트 인더스트리스,139399630,-1.69,15.17,,
129,화학,CITR,AMX0251204001,제너럴 엔터프라이즈 벤처스,137729830,-1.64,5.99,BUY,
129,화학,LNZA,NAS0230210006,란자테크 글로벌,80983084,0.81,6.22,,
129,화학,NTIC,US19930913001,노던 테크놀로지스 인터내셔널,77419185,-0.37,8.1,,
129,화학,FSI,US19991013001,플렉서블 솔루션즈 인터내셔널,74349035,2.76,5.96,,
129,화학,WFF,NAS0250327005,WF 홀딩,72301333,17.44,2.02,,
129,화학,EXOZ,NAS0241113002,엑소자임스,66709650,-6.01,6.73,,
129,화학,AVD,US19870303001,아메리칸 뱅가드,64784737,0.46,2.2,,
129,화학,VGAS,NAS0230216003,버드 클린 퓨얼스,58074387,-1.54,1.28,,
129,화학,DSWL,US19950719001,데스웰 인더스트리,48822668,-1.31,3.02,,
129,화학,FTEK,US19930907001,퓨얼 테크,46328391,-4.73,1.41,,
129,화학,BIOX,US20210427001,바이오케레스 크랍 솔루션즈,26236745,4.88,0.43,,
129,화학,PLAG,US20181001007,플래닛 그린 홀딩스,9990403,-4.27,0.6701,,
129,화학,BGLC,NAS0230720001,바이오넥서스 진 랩,4559387,-3.87,1.49,,
129,화학,NXTS,US20210514009,넥센티스 테크놀로지,2681515,-3.26,1.78,,
93,전기설비,CMS,US19870501001,CMS 에너지,171914380984,-0.22,68.06,BUY,
93,전기설비,ETN,US19481201001,이튼,156871623454,-0.22,401.88,BUY,전력장비 수혜
93,전기설비,AEP,US20201001001,아메리칸 일렉트릭 파워,66769056986,0.11,122.45,BUY,
93,전기설비,FIX,US19970627001,컴포트 시스템즈 USA,53598240562,1.77,1545.62,BUY,
93,전기설비,ETR,US19940103001,엔터지,48555207756,0.53,106.31,BUY,
93,전기설비,FTS,US20161014002,포르티스,28002886638,0.95,55.18,HOLD,
93,전기설비,FE,US19971110001,퍼스트에너지,26621289146,-0.04,45.86,BUY,
93,전기설비,NVT,US20180501004,엔벤트 일렉트릭,24099011958,1.53,150.75,BUY,
93,전기설비,EVRG,US20180605002,에버지,18646576908,0.46,81.02,BUY,
93,전기설비,LNT,US20181231002,얼라이언트 에너지,17687833114,-0.07,67.98,BUY,
93,전기설비,WCC,US19990512001,웨스코 인터내셔널,16439966376,1.18,340.4,BUY,
93,전기설비,CSL,US19860602002,칼라일,14198368296,-2.79,346.58,BUY,
93,전기설비,IESC,US20060515001,IES 홀딩스,12379211252,-2.18,303.05,HOLD,
93,전기설비,AES,US19910627001,AES,10537962290,0.07,14.74,HOLD,
93,전기설비,VICR,US19830323001,바이코,8680436388,-0.03,187.7,,
93,전기설비,POWL,US19900326043,파월 인더스트리스,6674970125,-1.63,179.73,BUY,
93,전기설비,ECG,NYS0241101001,에베루스 컨스트럭션 그룹,5925931977,-0.52,115.13,BUY,
93,전기설비,MYRG,US20080909001,MYR 그룹,4596553008,-1.0,291.48,BUY,
93,전기설비,PLPC,US19990428001,프리폼드 라인 프로덕츠,1980732644,-0.84,400.67,BUY,
93,전기설비,HE,US19830701001,하와이언 일렉트릭 인더스트리스,1974535190,-1.58,11.22,,
93,전기설비,PSIX,NAS0241226001,파워 솔루션스 인터내셔널,839124656,0.08,36.31,BUY,
93,전기설비,LMB,US20161116001,림바흐 홀딩스,494340141,-0.29,41.22,BUY,
93,전기설비,TWIN,US19900124001,트윈 디스크,334376306,-0.74,22.95,BUY,
93,전기설비,NNBR,US19940315001,NN,280720542,1.18,3.43,BUY,
93,전기설비,MAGH,NAS0250812005,매그니튜드 인터내셔널,237253163,0,6.76,,
93,전기설비,SKYX,US20220209008,스카이 X 플랫폼스,164323890,9.92,1.33,BUY,
93,전기설비,IPWR,US20131121001,아이디얼 파워,77291316,4.69,4.91,,
93,전기설비,PPSI,US20130920001,파이어니어 파워 솔루션즈,31942832,2.09,2.93,,
17,전자부품,APH,US19911108001,암페놀,195027726656,0.51,158.55,BUY,
17,전자부품,ETN,US19481201001,이튼,156871623454,-0.22,401.88,BUY,전력장비 수혜
17,전자부품,TEL,US20070614002,TE 커넥티비티,58834724235,1.28,205.25,BUY,
17,전자부품,FLEX,US19870928001,플렉스,40931715091,-1.12,109.26,BUY,
17,전자부품,CLS,US19980630001,셀레스티카,37773381701,0.23,299.4,BUY,
17,전자부품,SANM,US19930414001,산미나,10427129182,1.41,196.75,BUY,
17,전자부품,ARW,US19790226001,애로우 일렉트로닉스,10409290892,0.25,204.43,HOLD,
17,전자부품,LFUS,US19911201001,리틀휴즈,10325459259,1.74,412.45,BUY,
17,전자부품,AVT,US20180508001,애브넷,7294209267,1.0,89.52,HOLD,
17,전자부품,PLXS,US19860205001,플렉서스,6437413444,-0.49,239.68,BUY,
17,전자부품,DLB,US20050217001,돌비,5776533833,0.1,61.56,BUY,
17,전자부품,VSH,US19840124001,비샤이 인터테크놀로지,4700207130,-0.43,30.43,BUY,
17,전자부품,NSIT,US19950124001,인사이트 엔터프라이즈,4580759446,0.87,157.01,BUY,
17,전자부품,DIOD,US19920317002,다이오즈,4063737610,3.16,90.78,BUY,
17,전자부품,SXI,US19750701001,스탠덱스 인터내셔널,3626918130,-2.94,289.66,BUY,
17,전자부품,BELFA,US19840907009,벨 퓨즈 A,3513173701,-1.58,204.08,,
17,전자부품,BELFB,US19980710001,벨 퓨즈 B,3513173701,0.28,249.39,BUY,
17,전자부품,VGNT,NYS2604001002,버시전트,3424395571,-1.68,47.4,BUY,
17,전자부품,ADEA,US20221003001,아디아,2844235709,-1.91,25.23,,
17,전자부품,BHE,US19900703001,벤치마크 일렉트로닉스,2568521625,-1.44,70.28,,
17,전자부품,OUST,US20210312013,아우스터,2503420947,-0.52,34.44,BUY,
17,전자부품,CTS,US19620604001,CTS,1619883530,-0.18,56.47,,
17,전자부품,LWLG,US20210901003,라이트웨이브,848714762,-1.09,5.43,,
17,전자부품,VPG,US20100623001,비샤이 프리시전 그룹,835493029,-1.18,61.81,,
17,전자부품,LPTH,US19960222001,라이트패스 테크놀로지,747289168,-10.51,10.05,BUY,수주 불확실성 확대
17,전자부품,FEIM,US19830901001,프리퀀시 일렉트로닉스,677659076,-0.1,60.4,BUY,
17,전자부품,MEI,US19850701004,메소드 일렉트로닉스,648147259,0.11,18.23,BUY,
17,전자부품,NVEC,US19960911001,NVE,489368922,-1.49,99.39,,
17,전자부품,MPTI,US20221007002,엠트론 인더스트리스,335515404,-1.07,76.16,HOLD,
17,전자부품,DVLT,NAS0230127008,데이터발트 AI,266658125,6.82,0.2991,BUY,
17,전자부품,RELL,US19831027001,리처드슨 일렉트로닉스,263972022,-2.32,17.3,BUY,
17,전자부품,OSS,US20180131002,원 스탑 시스템즈,260343485,0.1,10.42,BUY,
17,전자부품,IMMR,US19991112001,이머션,254630522,-1.18,7.56,,
17,전자부품,ESP,US19920317016,에스페이 매뉴팩처링 앤 일렉트로닉스,186830738,0.68,62.61,HOLD,
17,전자부품,ZJK,NAS0240930009,ZJK 인더스트리얼,139319608,-0.46,2.15,,
17,전자부품,KULR,US20210607007,KULR 테크놀로지 그룹,119732858,-2.33,2.52,,
17,전자부품,LINK,US20210325011,인터링크 일렉트로닉스,79458397,14.51,5.76,,
17,전자부품,WATT,US20140328001,에너거스,61519853,0.27,11.13,,
17,전자부품,UEIC,US19930212001,유니버설 일렉트로닉스,58401260,1.77,4.6,,
17,전자부품,APWC,US19970326001,아시아 퍼시픽 와이어 앤 케이블,58298256,-0.71,1.4,,
17,전자부품,ELTK,US19970122001,엘텍,54386802,-2.11,7.9,,
17,전자부품,HOLO,US20220919001,마이크로클라우드 홀로그램,40551955,0.57,1.77,,
17,전자부품,TRSG,NAS0240419002,턴그레이 테크놀로지스,24433960,-0.67,1.48,,
17,전자부품,LIQT,US20190416003,리크테크 인터내셔널,18835418,3.4,0.5895,,
17,전자부품,REFR,US19860708001,리서치 프런티어스,16156884,-1.84,0.4536,,
17,전자부품,CCTG,NAS0240118001,CCSC 테크놀로지 인터내셔널 홀딩스,9036689,0.02,0.6637,,
17,전자부품,INEO,NAS0241023007,이네오바 홀딩스,8949204,3.32,0.5702,,
17,전자부품,ARBB,NAS0230331001,ARB IOT 그룹,7700062,0,4.35,HOLD,
17,전자부품,WLDS,US20220913005,웨어러블 디바이시스,5530119,-1.76,2.23,,
17,전자부품,POLA,US20161207002,폴라 파워,5484489,-4.23,1.36,,
17,전자부품,HIHO,US19961211001,하이웨이 홀딩스,4144882,2.73,0.9178,,
17,전자부품,IZM,NAS0230315002,IC줌 그룹,2916411,0,0.242,,
17,전자부품,RAYA,NAS0221206003,에라약 파워 솔루션 그룹,2464258,0,2.33,,
311,바이오시밀러,NVS,US19961107001,노바티스(ADR),293156015292,-1.14,152.06,HOLD,
311,바이오시밀러,PFE,US19510622001,화이자,159802814644,1.79,28.46,HOLD,
311,바이오시밀러,GSK,US19870610001,글락소스미스클라인(ADR),103077675147,-1.12,50.25,BUY,
311,바이오시밀러,VTRS,US20201117005,비아트리스,18819786053,0.98,16.5,BUY,
311,바이오시밀러,ALVO,US20220616002,알보테크,1937971108,5.05,5.2,BUY,AVT80 심사 접수
311,바이오시밀러,CHRS,US20141106001,코히러스 바이오사이언시스,218447754,-4.26,1.35,BUY,ATM 희석 부담
35,바이오,ABBV,US20121210001,애브비,452709444256,0.37,256.42,BUY,
35,바이오,MRK,US19490420001,머크,367015314725,-0.4,147.76,BUY,
35,바이오,NVS,US19961107001,노바티스(ADR),293156015292,-1.14,152.06,HOLD,
35,바이오,AZN,US20200925002,아스트라제네카,253049784698,-0.35,162.13,BUY,
35,바이오,AMGN,US19830617001,암젠,234425470714,-0.58,429.93,HOLD,
35,바이오,TMO,US19800827001,써모 피셔 사이언티픽,230684446382,-0.82,617.1,BUY,
35,바이오,GILD,US19920122001,길리어드 사이언스,181135337037,0.45,146.33,BUY,HIV 단일정 승인
35,바이오,PFE,US19510622001,화이자,159802814644,1.79,28.46,HOLD,
35,바이오,BMY,US19520623001,브리스톨 마이어스 스큅,136379397646,0.35,66.81,BUY,
35,바이오,GSK,US19870610001,글락소스미스클라인(ADR),103077675147,-1.12,50.25,BUY,
35,바이오,REGN,US19910402001,리제네론 파마슈티컬스,81991546673,0.66,799.41,BUY,
35,바이오,ARGX,US20170517001,아제닉스(ADR),64166078993,0.83,1031.66,BUY,
35,바이오,MRNA,US20181206001,모더나,55242644688,1.75,140.41,HOLD,전환사채 발행 부담
35,바이오,RVMD,US20200212004,레볼루션 메디신,44679257674,-1.12,205.55,BUY,목표가 상향
35,바이오,A,US19991118002,애질런트 테크놀로지스,43497370006,-0.18,153.56,BUY,
35,바이오,IQV,US20171115001,아이큐비아 홀딩스,43202988895,-0.21,261.19,BUY,
35,바이오,ONC,US20160203001,베이진(ADR),40373304776,-1.95,359.58,BUY,
35,바이오,RPRX,US20200616002,로열티 파마,35085414275,0.92,61.41,,
35,바이오,BIIB,US19910917001,바이오젠,32373373259,-0.84,216.67,BUY,
35,바이오,ALNY,US20040528001,앨나일램 파마슈티컬스,31813725851,1.47,240.59,BUY,
35,바이오,LH,US19910424002,랩코프 홀딩스,27252447661,-0.73,332.66,BUY,
35,바이오,INSM,US20000601001,인스메드,25958407503,2.78,121.84,BUY,
35,바이오,BNTX,US20191009001,바이오엔테크(ADR),25884421393,-0.61,101.45,BUY,
35,바이오,INCY,US19931103001,인사이트,25279112691,-0.92,123.23,BUY,
35,바이오,ROIV,US20211001014,로이반트 사이언시스,25141045771,-0.29,34.61,BUY,
35,바이오,UTHR,US19990617001,유나이티드 테라퓨틱스,22169469194,-0.96,510.52,BUY,
35,바이오,GMAB,US20190718002,젠맵(ADR),20472091600,-0.21,33.16,BUY,
35,바이오,VTRS,US20201117005,비아트리스,18819786053,0.98,16.5,BUY,
35,바이오,MEDP,US20160811002,메드페이스 홀딩스,16811417824,-1.21,593.4,HOLD,내부자 매도 부담
35,바이오,JAZZ,US20070601001,재즈 파마슈티컬스,15918033399,2.58,250.85,BUY,
35,바이오,NBIX,US19960523001,뉴로크린 바이오사이언시스,15703304409,-0.1,153.9,BUY,
35,바이오,BBIO,US20190626002,브리지바이오 파마,15016103273,-0.22,76.43,BUY,
35,바이오,CRL,US20000623001,찰스 리버 래버러토리스 인터내셔널,13954297714,-1.12,288.24,BUY,
35,바이오,BAX,US19610515001,박스터 인터내셔널,13546399025,-0.5,26.0,HOLD,
35,바이오,EXEL,US20000411001,엑셀리시스,13528958686,0.29,54.61,HOLD,
35,바이오,ICLR,US19980515001,아이콘,13153971823,-3.08,164.79,BUY,
35,바이오,BMRN,US19990723001,바이오마린 파마슈티컬,12552003100,0.88,65.23,BUY,
35,바이오,MDGL,US20160725001,매드리갈 파마슈티컬스,12366102479,1.19,540.09,BUY,
35,바이오,ARWR,US19970106001,애로우헤드 파마슈티컬스,12027027496,-2.97,82.39,BUY,바이오 섹터 약세
35,바이오,HALO,US20040312001,할로자임 테라퓨틱스,11990023129,1.12,106.53,BUY,
35,바이오,TECH,US19921209001,바이오 테크네,11377121014,-0.04,72.32,HOLD,
35,바이오,SMMT,US20150305001,서밋 테라퓨틱스,10983339439,-0.87,13.61,BUY,
35,바이오,AXSM,US20151118001,액섬 테라퓨틱스,10453609443,-0.25,198.52,BUY,AXS-05 3상 개시
35,바이오,KRYS,US20170919002,크리스탈 바이오테크,10431525147,2.25,359.36,BUY,
35,바이오,APGE,NAS0230714001,애퍼지 테라퓨틱스,10243774958,0.08,135.08,HOLD,
35,바이오,IONS,US20151222002,아이오니스 파마슈티컬스,10173560922,-1.16,60.34,BUY,약가 인하 부담
35,바이오,CYTK,US20040429001,사이토키네틱스,10049865732,-1.66,70.89,BUY,임상 안전성 우려
35,바이오,RGEN,US19860429001,레플리젠,9975369352,2.65,180.94,BUY,
35,바이오,KYMR,US20200819002,키메라 테라퓨틱스,9851366572,0.43,118.66,BUY,목표주가 상향
35,바이오,PRAX,US20201015008,프락시스 프리시전 메디신,9651988024,1.61,350.3,BUY,
35,바이오,TWST,US20181030002,트위스트 바이오사이언스,9394819873,-1.74,138.92,BUY,
35,바이오,PTGX,US20160811003,프로타고니스트 테라퓨틱스,9365129206,2.27,147.61,BUY,
35,바이오,CRNX,US20180717002,크리네틱스 파마슈티컬스,9025965899,0.13,84.95,HOLD,
35,바이오,ABVX,NAS0231020001,아비박스(ADR),9012467706,-1.47,111.68,BUY,
35,바이오,PCVX,US20200612003,백사이트,8928343759,1.52,60.74,,
35,바이오,IBRX,US20210310003,이뮤니티바이오,8555234770,-1.24,7.95,BUY,
35,바이오,IMVT,US20191219001,이뮤노반트,8533463333,-1.0,40.79,BUY,
35,바이오,TGTX,US19951214001,TG 테라퓨틱스,8277803024,0.69,54.3,BUY,
35,바이오,SYRE,US20160406001,스파이어 테라퓨틱스,7989376083,-1.15,89.32,BUY,
35,바이오,RYTM,US20171004001,리듬 파마슈티컬스,7399247940,-1.05,106.04,BUY,도이체방크 보유의견
35,바이오,CAI,NAS0250618002,카리스 라이프 사이언시스,7262909586,-0.55,25.49,BUY,
35,바이오,SRRK,US20180523004,스칼러 록 홀딩,7058621860,-1.9,56.7,BUY,
35,바이오,CGON,NAS0240125001,CG 온콜로지,6607716685,1.09,75.15,BUY,
35,바이오,MIRM,US20190717004,미럼 파마슈티컬스,6345762545,0.6,98.04,BUY,
35,바이오,ERAS,US20210714005,에라스카,6323618569,-0.94,17.86,BUY,
35,바이오,TVTX,US20201119007,트래비어 테라퓨틱스,6207213868,0.87,66.24,BUY,
35,바이오,BLTE,US20220426002,비라이트 바이오(ADR),6126957352,2.63,155.71,,
35,바이오,KNSA,US20180523003,키닉사 파마슈티컬스 인터내셔널,6108932978,0.7,78.63,,
35,바이오,ORKA,US19970808001,오루카 테라퓨틱스,6051342510,1.63,92.63,,
35,바이오,COGT,US20201006001,코젠트 바이오사이언시스,6032719351,0.87,34.97,BUY,
35,바이오,DNTH,US20180620005,다이앤서스 테라퓨틱스,5936437727,-0.22,105.61,BUY,
35,바이오,PTCT,US20130620001,PTC 테라퓨틱스,5865916625,-0.81,69.52,BUY,
35,바이오,XENE,US20141016002,제논 파마슈티컬,5825495248,0.4,60.23,BUY,
35,바이오,LGND,US19950202001,리간드 파마슈티컬,5607175661,1.33,284.21,BUY,
35,바이오,CRSP,US20161019001,크리스퍼 테라퓨틱스,5596507253,-1.39,56.92,BUY,
35,바이오,ACAD,US20040527001,아카디아 파마슈티컬스,5029660408,-0.72,28.9,BUY,
35,바이오,PBLS,NAS2606010010,파라빌리스 메디슨즈,4782710814,-0.23,39.02,BUY,
35,바이오,DYN,US20200917002,다인 테라퓨틱스,4694657533,1.36,25.41,BUY,
35,바이오,EWTX,US20210325008,에지와이즈 테라퓨틱스,4656732656,-2.29,41.78,BUY,
35,바이오,AMLX,US20220106001,아밀릭스 파마슈티컬스,4370452715,-2.85,33.75,BUY,
35,바이오,ELVN,NAS0230224002,인라이븐 테라퓨틱스,4251149751,0.03,57.88,BUY,
35,바이오,RLAY,US20200715002,릴레이 테라퓨틱스,4124643659,-2.29,18.34,BUY,
35,바이오,MANE,NYS2602004002,베라더믹스,4102823893,0.49,98.41,BUY,탈모 임상 성과
35,바이오,TNGX,US20210811012,탱고 테라퓨틱스,3946230034,-2.23,22.82,BUY,
35,바이오,IDYA,US20190522002,아이디야 바이오사이언시스,3880877354,-0.15,40.05,BUY,
35,바이오,LEGN,US20200604004,레전드 바이오테크(ADR),3877103411,4.48,20.77,BUY,
35,바이오,DNLI,US20171207001,디날리 테라퓨틱스,3846928360,-1.21,23.71,BUY,
35,바이오,TLX,NAS0241113004,텔릭스 파머슈티컬스(ADR),3846754890,-1.77,11.09,,
35,바이오,VKTX,US20150429004,바이킹 테라퓨틱스,3761915099,1.83,32.75,BUY,
35,바이오,RCUS,US20180314002,아쿠스 바이오사이언스,3729675802,0.24,29.28,BUY,
35,바이오,ABCL,US20201210001,앱셀레라 바이오로직스,3686476715,1.23,11.49,BUY,
35,바이오,IOVA,US20170628002,이오밴스 바이오테라퓨틱스,3638317548,1.87,8.16,BUY,
35,바이오,QURE,US20140205001,유니큐어,3388861211,-0.08,48.68,BUY,
35,바이오,GPCR,NAS0230203001,스트럭처 테라퓨틱스(ADR),3387273172,-2.89,46.0,BUY,
35,바이오,IMNM,US20201002003,이뮤놈,3139979673,-0.73,27.37,BUY,
35,바이오,NAMS,NAS0221123001,뉴암스테르담 파마,3104559606,-2.2,25.33,BUY,
35,바이오,IRON,NAS0221230002,디스크 메디신,3081061543,-1.77,78.61,,
35,바이오,CLDX,US19900326006,셀덱스 테라퓨틱스,3080556139,1.25,39.61,BUY,
35,바이오,MBX,NAS0240913002,MBX 바이오사이언시스,3042462021,-2.37,61.51,BUY,
35,바이오,BEAM,US20200205001,빔 테라퓨틱스,3036754598,0.27,29.4,BUY,
35,바이오,ARQT,US20200130001,아커티스 바이오테라퓨틱스,2997206215,0.71,23.95,,
35,바이오,ZLAB,US20170919003,자이 랩(ADR),2975647533,-2.34,25.47,,
35,바이오,ALMS,NAS0240628001,알루미스,2904757518,-2.5,21.82,BUY,
35,바이오,RGC,US20210715014,리젠셀 바이오사이언스 홀딩스,2732630714,0.18,5.51,,
35,바이오,NRIX,US20200723004,누릭스 테라퓨틱스,2727627135,-1.68,25.77,BUY,
35,바이오,ATAI,US20210617001,아타이 라이프 사이언시스,2711067071,0.55,7.33,HOLD,
35,바이오,SLS,US20180102002,셀라스 라이프 사이언시스 그룹,2675067342,0.83,13.32,BUY,3상 진입 부각
35,바이오,VRDN,US20210120005,비리디언 테라퓨틱스,2622004010,0.35,23.16,BUY,안병증 치료 부각
35,바이오,RARE,US20140131003,울트라제닉스 파마슈티컬,2531831231,-1.56,25.21,BUY,목표가 상향
35,바이오,BCRX,US19940303001,바이오크리스트 파마슈티컬스,2516282117,-1.22,9.7,BUY,
35,바이오,PGEN,US20200203004,프레시젠,2495214353,-0.43,6.92,,
35,바이오,NKTR,US19940503001,넥타 테라퓨틱스,2482885369,-1.6,71.36,BUY,
35,바이오,VERA,US20210512003,베라 테라퓨틱스,2470647176,-0.38,34.06,BUY,
35,바이오,PHVS,US20210204011,파바비스,2467411966,-2.01,34.61,BUY,
35,바이오,KOD,US20181003002,코디악 사이언시스,2377226080,-1.03,37.33,BUY,
35,바이오,RAPP,NAS0240607004,라포 테라퓨틱스,2346360596,-0.23,48.66,BUY,
35,바이오,NUVB,US20210211013,누베이션 바이오,2344936399,0,6.66,BUY,
35,바이오,BHVN,US20170502005,바이오헤이븐,2334010252,-0.91,15.27,BUY,
35,바이오,NEO,US19960125002,네오지노믹스,2325383530,-0.72,17.92,BUY,
35,바이오,HRMY,US20200819001,하모니 바이오사이언시스 홀딩스,2289752715,0.43,39.38,BUY,
35,바이오,OCUL,US20140724002,오큘라 테라퓨틱스,2281501421,1.25,10.49,BUY,
35,바이오,MLYS,NAS0230209004,미네랄리스 테라퓨틱스,2269464146,0.16,25.64,BUY,
35,바이오,MESO,US20151111001,메소블라스트(ADR),2268144013,-3.96,16.75,,리온실 안전성 부담
35,바이오,SRPT,US19970604001,사렙타 테라퓨틱스,2209462362,0.81,21.03,HOLD,
35,바이오,AUPH,US20140902001,오리니아 파마슈티컬스,2173386914,-1.1,16.11,BUY,
35,바이오,PVLA,US20150626001,팔벨라 테라퓨틱스,2166794035,1.58,152.34,BUY,
35,바이오,URGN,US20170502002,우로젠 파마,2138056323,-1.19,43.1,BUY,
35,바이오,KLRA,NAS2604017003,카일레라 테라퓨틱스,2107325507,-5.18,15.37,BUY,
35,바이오,BRVE,NAS2608006002,브레이브하트 바이오,2100561773,-7.07,25.5,,
35,바이오,ADMA,US20141110001,ADMA 바이오로직스,2097792184,0.43,9.38,BUY,
35,바이오,STOK,US20190618002,스토케 테라퓨틱스,2045952329,-1.42,31.17,BUY,
35,바이오,ZBIO,NAS0240913004,제나스 바이오파마,2043702491,3.1,32.24,,
35,바이오,ZYME,US20170425006,자임웍스,2011555605,4.0,29.4,BUY,
35,바이오,NBTX,US20201211003,나노바이오틱스(ADR),2004989746,-0.92,40.85,BUY,
35,바이오,MRVI,US20201119003,마라바이 라이프사이언시스 홀딩스,1999798935,-0.78,7.62,BUY,
35,바이오,AGIO,US20130724001,애지오스 파마슈티컬스,1994758326,1.05,33.67,BUY,
35,바이오,GRFS,US20110602001,그리폴스(ADR),1991222414,0.52,7.73,,
35,바이오,XNCR,US20131115002,젠코,1942998649,4.64,27.27,BUY,
35,바이오,ALVO,US20220616002,알보테크,1937971108,5.05,5.2,BUY,AVT80 심사 접수
35,바이오,GHRS,US20210624005,GH 리서치,1920775384,-3.29,27.02,BUY,
35,바이오,IMCR,US20210204007,이뮤노코어 홀딩스(ADR),1918053421,-0.76,36.34,BUY,
35,바이오,LKFT,US20150513001,레이크프론트 바이오테라퓨틱스(ADR),1901355702,-1.28,28.51,HOLD,
35,바이오,TSHA,US20200924003,타이샤 진 테라피스,1885249693,-1.39,5.69,BUY,
35,바이오,KARD,NAS2606018006,카디건,1877111789,1.1,20.24,BUY,
35,바이오,VIR,US20191010004,버 바이오테크놀로지,1837667970,1.02,10.94,BUY,
35,바이오,SEPN,NAS0241025003,셉터나,1821213854,-1.95,38.15,BUY,
35,바이오,NTLA,US20160506001,인텔리아 테라퓨틱스,1808409134,-1.09,12.73,HOLD,
35,바이오,FTRE,NAS0230703004,포트리아 홀딩스,1793769291,-2.39,18.36,BUY,
35,바이오,RXRX,US20210415005,리커젼 파마슈티컬스,1792978963,1.5,3.39,HOLD,
35,바이오,SNDX,US20160303001,신닥스 파마슈티컬스,1749681977,-1.43,19.26,BUY,
35,바이오,AAPG,NAS0250127001,어센티지 파마 그룹 인터내셔널(ADR),1711751590,-6.4,17.1,BUY,
35,바이오,ANAB,US20170126001,어냅티스바이오,1670965520,1.17,56.94,BUY,
35,바이오,BCAX,NAS0240913001,비카라 테라퓨틱스,1554712004,-1.32,23.12,BUY,
35,바이오,XERS,US20180620010,제리스 바이오파마,1550344331,-0.59,8.43,,
35,바이오,LBRX,NAS0250911003,LB 파마슈티컬스,1543981040,-1.01,47.25,BUY,
35,바이오,AVLN,NAS2604030003,아발린 파마,1542160672,-0.12,34.65,BUY,
35,바이오,NVAX,US19951205001,노바백스,1531613994,1.08,9.36,,코로나 백신 승인
35,바이오,MAZE,NAS0250131004,메이즈 테라퓨틱스,1528477105,-3.21,26.56,BUY,
35,바이오,INVA,US20160111001,이노비바,1519170132,-0.95,20.77,,
35,바이오,SLBT,NAS0250205004,에스엘 사이언스 홀딩스,1518231071,-0.37,2.69,,
35,바이오,TRAX,NAS2604020011,퍼스트 트랙스 바이오테라퓨틱스,1499822135,-0.33,41.72,BUY,
35,바이오,ABSI,US20210720001,압사이,1498884493,3.56,9.02,BUY,
35,바이오,TYRA,US20210914014,타이라 바이오사이언시스,1492451615,0.28,25.01,BUY,
35,바이오,AVBP,NAS0240126001,어라이벤트 바이오파마,1491720928,-0.4,30.05,BUY,
35,바이오,REPL,US20180719002,레플리뮨 그룹,1464435955,-1.35,15.29,BUY,
35,바이오,LTGO,NAS2608007005,라티고 바이오테라퓨틱스,1461535461,-9.0,22.05,,
35,바이오,AZTA,US20211201001,어젠타,1447471473,-0.91,32.65,BUY,
35,바이오,IMTX,US20200702002,이매틱스,1442498211,0.85,9.53,BUY,퍼셉티브 지분 확대
35,바이오,CGEM,US20210107002,컬리넌 테라퓨틱스,1400352063,1.61,22.05,,
35,바이오,ORIC,US20200424003,오릭 파마슈티컬스,1376149739,-2.04,12.97,BUY,
35,바이오,DRTS,US20220308001,알파 타우 메디컬,1357617730,-3.62,14.11,BUY,
35,바이오,VOR,US20210204015,보어 바이오파머,1343725267,-0.88,22.45,BUY,
35,바이오,MGTX,US20180607001,메이라GTX 홀딩스,1330978421,-0.07,13.81,BUY,
35,바이오,JBIO,US20210629001,제이드 바이오사이언시스,1329028392,2.5,21.36,BUY,
35,바이오,MLTX,US20220406002,문레이크 이뮤노테라퓨틱스,1279271072,0.33,15.04,BUY,
35,바이오,CRVS,US20160323001,코르버스 파마슈티컬스,1194440892,-0.99,14.02,BUY,
35,바이오,APMD,NAS2607031001,앱니메드,1186412991,-11.54,26.28,,
35,바이오,SANA,US20210203004,사나 바이오테크놀로지,1179735142,-1.78,3.86,,
35,바이오,GLUE,US20210623005,몬테 로사 테라퓨틱스,1144644539,4.11,13.93,,
35,바이오,KURA,US20151105002,쿠라 온콜로지,1129350567,-0.24,12.63,BUY,
35,바이오,JANX,US20210610004,제눅스 테라퓨틱스,1105339042,1.05,18.22,BUY,
35,바이오,SVRA,US20170428001,사바라,1083703140,2.28,5.38,,
35,바이오,AVTX,US20210826012,아발로 테라퓨틱스,1053511829,-1.48,19.3,BUY,
35,바이오,SLDB,US20180124003,솔리드 바이오사이언시스,1050482579,-2.15,9.56,BUY,
35,바이오,LXRX,US20000407002,렉시콘 파마슈티컬스,1021762025,-1.31,2.26,,
35,바이오,OBX,NAS2608004004,옵시디언 테라퓨틱스,1009677546,7.18,17.47,BUY,
35,바이오,ABUS,US20150804001,아버터스 바이오파마,1007168877,0,5.07,BUY,
35,바이오,CADL,US20210722002,칸델 테라퓨틱스,1002858539,-0.08,13.06,BUY,
35,바이오,IMMX,US20211215005,임믹스 바이오파마,1000011092,0.57,14.02,BUY,
35,바이오,WVE,US20151111002,웨이브 라이프 사이언시스,995864441,-3.17,4.88,BUY,
35,바이오,IVA,US20200709001,에방티바(ADR),985880839,-0.64,4.67,,
35,바이오,GERN,US19960731001,제론,972813026,-1.99,1.48,BUY,
35,바이오,ARDX,US20140617001,아델릭스,952025598,-1.05,3.77,BUY,
35,바이오,DSGN,US20210325006,디자인 테라퓨틱스,948219217,-0.26,15.07,BUY,
35,바이오,ANNX,US20200723001,아넥슨,944809379,-0.8,4.93,BUY,
35,바이오,OLMA,US20201118007,올레마 파마슈티컬,901081122,1.56,10.43,BUY,
35,바이오,TBPH,US20140604002,테라반스 바이오파마,887658501,-0.06,17.04,HOLD,
35,바이오,ACRS,US20151006001,애클래리스 테라퓨틱스,887107576,0.83,6.06,BUY,
35,바이오,SGP,NAS2602006007,스파이글래스 파마,886135156,-1.44,26.04,BUY,
35,바이오,RIGL,US20001129001,리겔 파마슈티컬스,870636964,-0.67,46.17,BUY,
35,바이오,CLYM,US20210805004,클라임 바이오,839156453,-5.77,13.73,BUY,
35,바이오,PHAR,US20201223008,파밍 그룹(ADR),830390135,-0.34,11.66,,
35,바이오,FDMT,US20201210004,4D 멀레큘러 테라퓨틱스,812669875,-3.82,14.11,BUY,
35,바이오,SLN,US20200908003,사일런스 테라퓨틱스(ADR),810240169,0.97,13.55,BUY,
35,바이오,NVCT,US20211130007,누벡티스 파마,775294182,-4.76,22.6,BUY,
35,바이오,AURA,US20211028002,오라 바이오사이언시스,769534133,-3.11,7.17,,
35,바이오,OCS,NAS0230303001,오큘리스 홀딩,759621341,-0.33,12.17,BUY,
35,바이오,MNPR,US20191007002,모노파 테라퓨틱스,753098223,-0.01,111.88,BUY,
35,바이오,PHAT,US20191024005,팬텀 파마슈티컬스,744720808,4.25,9.57,BUY,
35,바이오,ANL,NAS0230929001,아눠의약(ADR),735551758,2.46,14.16,BUY,
35,바이오,NGNE,US20190812002,뉴로진,734037176,-0.98,36.22,BUY,
35,바이오,MLAB,US19950818010,메사 래버러토리스,724364923,-0.82,127.87,,
35,바이오,DRUG,US20211108002,브라이트 마인즈 바이오사이언시스,720184968,-1.87,71.45,BUY,
35,바이오,STTK,US20201009006,섀턱 랩,708507840,-0.71,6.99,BUY,
35,바이오,CTMX,US20151007002,사이톰엑스 테라퓨틱스,701387639,4.05,3.34,BUY,
35,바이오,ALLO,US20181010001,알로진 테라퓨틱스,699818196,-0.99,2.0,BUY,
35,바이오,TECX,US20180620002,텍토닉 테라퓨틱,698270773,-15.95,29.94,BUY,
35,바이오,ASMB,US20140715001,어셈블리 바이오사이언시스,695600511,-1.29,33.63,,
35,바이오,IRWD,US20100203002,아이언우드 파마슈티컬스,684324944,2.42,4.23,,
35,바이오,EVO,US20211103004,에보테크(ADR),680545385,-2.09,1.87,HOLD,
35,바이오,CBIO,US20131107001,크레센트 바이오파머,661125028,-6.42,16.61,BUY,
35,바이오,MDXG,US20201104001,미메드엑스,657732860,0.89,4.54,BUY,
35,바이오,SGMT,NAS0230714004,서지멧 바이오사이언시스,657584134,-2.75,10.26,,
35,바이오,PRME,US20221018005,프라임 메디신,656578025,-0.55,3.59,BUY,
35,바이오,VSTM,US20120127001,베라스템,655673128,-0.14,7.21,,
35,바이오,OABI,US20221102004,옴니앱,651689195,-2.46,4.36,,
35,바이오,AGMB,NAS2602006002,아고맵 테라퓨틱스(ADR),650386360,-0.76,13.07,BUY,
35,바이오,CRMD,US20210202002,코메딕스,648723841,-0.48,8.26,BUY,
35,바이오,CTNM,NAS0240405001,컨티늄 테라퓨틱스,643211076,-4.99,16.2,BUY,
35,바이오,RGNX,US20150916001,리젠엑스바이오,639447850,-1.66,9.5,BUY,이사 대규모 매입
35,바이오,AUTL,US20180621001,오토러스 테라퓨틱스(ADR),624539717,0.85,2.36,BUY,
35,바이오,VALN,US20210506006,발네바(ADR),611398028,-1.09,6.36,BUY,
35,바이오,ALT,US20170505001,알티뮨,606620090,0,3.11,BUY,
35,바이오,ARVN,US20180926001,아르비나스,601902284,0.22,9.2,BUY,
35,바이오,BLSM,NAS2608007001,블라썸힐 테라퓨틱스,601044680,-5.32,18.52,,
35,바이오,EIKN,NAS2602005003,에이콘 테라퓨틱스,596373860,-4.83,10.45,,
35,바이오,SPRY,US20221109002,ARS 파마슈티컬스,587361871,1.87,6.0,BUY,
35,바이오,MPLT,NAS0251027008,맵라이트 테라퓨틱스,585973883,3.33,13.02,BUY,목표주가 하향
35,바이오,DCTH,US20200501001,델캐스 시스템즈,568543524,0.73,16.46,BUY,
35,바이오,CAPR,US20150309001,캐프리코 테라퓨틱스,559092099,3.34,9.91,HOLD,
35,바이오,PROK,US20220712001,프로키드니,554777775,2.73,1.88,,
35,바이오,ZURA,NAS0230321005,주라 바이오,549655880,-3.15,5.54,BUY,
35,바이오,OVID,US20170502001,오비드 테라퓨틱스,548343603,-5.0,2.66,BUY,
35,바이오,ARTV,NAS0240719001,아티바 바이오테라퓨틱스,543688229,2.16,11.33,,
35,바이오,CERS,US19970131001,세러스,535515266,-0.75,2.63,BUY,
35,바이오,CABA,US20191024002,카발레타 바이오,530442108,-0.96,3.09,,
35,바이오,ENTX,US20180628001,엔테라 바이오,528171911,-2.64,2.95,,
35,바이오,EVH,US20150605002,에볼런트 헬스,521508667,-2.17,4.5,BUY,
35,바이오,KYTX,NAS0240208002,카이버나 테라퓨틱스,519058607,1.19,8.47,,
35,바이오,VOGX,NAS2608012004,보젠엑스,505871431,0.27,34.05,,
35,바이오,SCTX,NAS2607024006,스크라이브 테라퓨틱스,501280896,7.84,30.67,BUY,
35,바이오,EDIT,US20160203002,에디타스 메디신,486652677,-2.85,3.07,BUY,
35,바이오,EVMN,NYS0251106002,에보뮨,481470154,-4.31,12.66,BUY,
35,바이오,PRTA,US20121218001,프로테나,480296234,0.11,9.34,HOLD,
35,바이오,KMDA,US20130531002,카마다,479499044,-0.72,8.23,,
35,바이오,CCCC,US20201002002,C4 테라퓨틱스,474954335,-3.9,3.7,BUY,
35,바이오,PBYI,US20170103002,퓨마 바이오테크놀로지,468968880,0.66,9.12,,
35,바이오,DNA,US20210917003,깅코 바이오웍스 홀딩스,449044558,-2.16,6.81,SELL,
35,바이오,OCGN,US20190930001,오큐젠,448861455,0,1.32,BUY,
35,바이오,QTTB,US20180328001,Q32 바이오,448670274,-1.0,14.88,BUY,
35,바이오,RZLT,US20201109004,레졸루트,446098689,1.3,4.68,BUY,
35,바이오,BIOA,NAS0240926001,바이오에이지 랩스,444127866,-1.55,9.5,BUY,
35,바이오,PRLD,US20200925008,프렐류드 테라퓨틱스,437730144,2.38,5.6,BUY,
35,바이오,PACB,US20101027001,퍼시픽 바이오사이언시스 캘리포니아,436364384,-3.57,1.35,BUY,
35,바이오,EPRX,NAS0240405003,유프락시아 파마슈티컬스,435199753,-3.0,6.47,BUY,
35,바이오,CMPX,US20211102002,컴퍼스 테라퓨틱스,433404168,-1.25,2.37,BUY,
35,바이오,ARCT,US20171116001,아크투루스 테라퓨틱스 홀딩스,432938307,-2.83,14.76,BUY,
35,바이오,FENC,US20170913001,페넥 파마슈티컬스,431461866,0.73,12.36,BUY,
35,바이오,AVIR,US20201029004,아테아 파마슈티컬스,431083971,0.19,5.37,,
35,바이오,BNTC,US20150807001,베니텍 바이오파마,429581192,-2.25,12.19,BUY,
35,바이오,RCKT,US20180105001,로켓 파마슈티컬스,424899703,-3.63,3.72,HOLD,
35,바이오,LRMR,US20200529002,라리마 테라퓨틱스,417720572,-4.99,3.81,BUY,
35,바이오,GALT,US20020905001,갈렉틴 테라퓨틱스,406534769,-1.49,3.96,,
35,바이오,XFOR,US20190314001,X4 파머슈티컬,401658618,0.25,4.05,BUY,
35,바이오,LXEO,NAS0231103004,렉시오 테라퓨틱스,399845583,-2.47,4.74,BUY,
35,바이오,ENTA,US20130321001,에난타 파마슈티컬스,397198965,-2.21,13.3,BUY,
35,바이오,TKNO,US20210624008,알파 테크노바,383315589,0.98,7.19,BUY,
35,바이오,IPSC,US20210617007,센추리 테라퓨틱스,367689784,0.99,2.04,BUY,
35,바이오,UPB,NAS0241011008,업스트림 바이오,367429807,-1.2,6.61,BUY,
35,바이오,ZNTL,US20200402003,젠테일스 파마슈티컬,360733666,-1.05,3.76,BUY,
35,바이오,FHTX,US20201022003,포그혼 테라퓨틱스,357295533,-4.5,5.73,,
35,바이오,PALI,NAS0221116001,팰리세이드 바이오,349503307,-2.5,1.95,BUY,
35,바이오,AGEN,US20000204001,아제너스,345808336,-0.78,7.6,BUY,병용요법 임상 성과
35,바이오,SABS,US20211025007,SAB 바이오테라퓨틱스,345790304,-2.11,3.71,BUY,
35,바이오,DMAC,US20181207002,디아메디카 테라퓨틱스,345536474,-0.78,6.34,,
35,바이오,YDES,NAS0250829004,YD BIO LIMITED,340929047,-25.0,3.6,,
35,바이오,STRO,US20180926002,수트로 바이오파머,340021033,-0.68,20.31,BUY,
35,바이오,ABEO,US20150623003,아베오나 테라퓨틱스,339463933,-1.18,5.85,,
35,바이오,IKT,US20201029008,인히비케이즈 테라퓨틱스,337209866,-4.56,2.3,BUY,
35,바이오,IFRX,US20171108002,인플락스,329369839,-4.48,2.13,BUY,
35,바이오,IMRX,US20210729005,이뮤니어링,323731276,0,4.99,BUY,
35,바이오,VNDA,US20060412001,반다 파마슈티컬스,320730593,1.89,5.39,BUY,
35,바이오,VCRE,NAS2607002008,비코어 파마 홀딩(ADR),319284439,-2.39,11.04,,
35,바이오,IRD,US20201106001,오푸스 제네틱스,307840078,-1.9,3.62,BUY,
35,바이오,PRQR,US20140917001,PROQR 테라퓨틱스,305380632,-7.42,2.12,BUY,
35,바이오,EBS,US20061115001,이머전트 바이오솔루션즈,303861955,3.21,6.1,HOLD,나르칸 공급 수주
35,바이오,TLSI,US20210208006,트라이살러스 라이프 사이언시스,298226342,2.69,4.96,BUY,
35,바이오,BCYC,US20190522001,바이시클 테라퓨틱스(ADR),294781599,-1.43,4.14,BUY,
35,바이오,FULC,US20190717002,풀크럼 테라퓨틱스,294555357,0.78,3.88,HOLD,
35,바이오,FATE,US20130918001,페이트 테라퓨틱스,291967643,-1.23,2.4,,
35,바이오,RNAC,US20160622002,카티지언 테라퓨틱스,291253206,-3.23,9.29,BUY,
35,바이오,IVVD,US20210805001,인비비드,285079642,-0.87,0.9561,BUY,
35,바이오,LCTX,US20190812003,리니지 셀 테라퓨틱스,281502267,-0.9,1.1,BUY,
35,바이오,AVXL,US20151028001,애너벡스 라이프 사이언시스,277928702,-6.69,2.79,BUY,
35,바이오,ALXO,US20200716001,ALX 온콜로지 홀딩스,277317455,-3.5,1.93,BUY,
35,바이오,TRDA,US20211028010,엔트라다 테라퓨틱스,273309109,0.86,7.06,BUY,
35,바이오,ACIU,US20160923001,AC 이뮨,270444508,-0.38,2.64,,
35,바이오,PYXS,US20211007010,픽시스 온콜로지,270151736,0.62,3.25,BUY,
35,바이오,SION,NAS0250207004,시오나 테라퓨틱스,266129442,2.9,6.04,HOLD,
35,바이오,SRZN,NAS0231214005,서로젠,264242235,-1.78,22.02,BUY,
35,바이오,WHWK,US20210827001,화이트호크 테라퓨틱스,264108723,-1.73,4.54,BUY,
35,바이오,MGNX,US20131010001,매크로제닉스,263808042,-3.39,3.99,BUY,
35,바이오,ALEC,US20190206001,알렉터,261998478,-3.85,2.25,HOLD,
35,바이오,NMRA,NAS0230915004,뉴모러 테라퓨틱스,261896325,-4.32,1.33,,
35,바이오,CAMP,NAS0241011002,캠프4 테라퓨틱스,261144717,-4.34,3.97,BUY,대주주 지분 매각
35,바이오,NAGE,US20160425001,NIAGEN BIOSCIENCE INC,261043205,-5.17,3.12,BUY,
35,바이오,ELDN,US20210105001,엘레던 파마슈티컬스,260753546,-7.81,2.95,BUY,
35,바이오,LAB,US20220406001,스탠더드 바이오툴스,252692004,0.61,0.6458,BUY,
35,바이오,IPHA,US20191016001,이네이트 파르마(ADR),248659335,-2.25,2.17,,
35,바이오,CLLS,US20150325001,셀렉티스(ADR),247856090,-2.94,3.3,BUY,
35,바이오,CGEN,US20000811001,컴퓨젠,246972529,-1.54,2.56,BUY,
35,바이오,AKBA,US20140320001,아케비아 테라퓨틱스,244137664,4.59,0.9189,BUY,
35,바이오,ADAG,US20210208001,아다진(ADR),243740890,-4.89,3.5,BUY,
35,바이오,RNA,NAS2602027007,아트리움 테라퓨틱스,233965082,-2.35,13.32,BUY,
35,바이오,NERV,US20140626003,미네르바 뉴로사이언시스,231736161,-5.17,4.59,BUY,
35,바이오,GLSI,US20200925003,그리니치 라이프사이언시스,230642483,-4.66,14.94,,
35,바이오,TARA,US20200110003,아타라 테라퓨틱스,226367960,0.79,3.85,BUY,
35,바이오,KROS,US20200407001,케로스 테라퓨틱스,219297615,0.45,11.08,BUY,
35,바이오,VYGR,US20151110002,보이저 테라퓨틱스,218729704,-2.26,3.46,BUY,
35,바이오,CHRS,US20141106001,코히러스 바이오사이언시스,218447754,-4.26,1.35,BUY,ATM 희석 부담
35,바이오,DTIL,US20190327001,프리시전 바이오사이언시스,215332906,-1.8,7.64,BUY,
35,바이오,PEPG,US20220505003,펩젠,213908206,-2.92,2.99,BUY,
35,바이오,NBP,US20200116001,노바브리지 바이오사이언스,213380691,0,1.84,,
35,바이오,ABOS,US20210630001,애큐먼 파마슈티컬스,211749423,-2.4,2.85,,
35,바이오,CRBP,US20150417001,코버스 파마슈티컬스 홀딩스,211596036,0,10.91,BUY,
35,바이오,ANTX,US20220324002,AN2 테라퓨틱스,211149501,-0.54,5.55,BUY,
35,바이오,ORMP,US20070501001,오라메드 파마슈티컬스,209812309,-0.2,5.02,,
35,바이오,PLX,US20070312001,프로탈릭스 바이오테라퓨틱스,205216938,1.18,2.57,,
35,바이오,ZSQR,US20221031016,Z 스퀘어드,205146304,-23.83,2.94,,
35,바이오,CUE,US20171219001,큐 바이오파머,203090976,-8.46,25.52,BUY,
35,바이오,ARMP,US20190510002,아마타 파마슈티컬스,200218433,2.61,5.51,,
35,바이오,ACOG,NAS0241112001,알파 코그니션,200035974,1.09,9.26,BUY,
35,바이오,NKTX,US20200710001,엔카르타,198230155,-1.81,2.71,BUY,
35,바이오,KRRO,US20191002004,코로 바이오,190632907,-3.1,12.51,BUY,
35,바이오,CYPH,US20170124001,사이퍼펑크 테크놀로지스,184785812,6.43,1.82,BUY,
35,바이오,MSLE,NAS2602006005,사텔로스 바이오사이언스,180959465,8.78,9.42,BUY,
35,바이오,CNTN,US20220111003,칸톤 스트래티직 홀딩스,177380955,2.25,2.27,,
35,바이오,SPRB,US20201009005,스프루스 바이오사이언시스,175164742,-3.62,58.58,BUY,
35,바이오,CRBU,US20210723001,카리부 바이오사이언시스,174155625,-4.94,1.54,BUY,
35,바이오,MOLN,US20210615006,멀레큘러 파트너스(ADR),172849425,-2.22,4.4,,
35,바이오,LFCR,NAS0221115005,라이프코어 바이오메디컬,172327313,-1.98,4.45,BUY,
35,바이오,LENZ,US20210624006,렌즈 테라퓨틱스,161001193,2.35,5.23,BUY,
35,바이오,OTLK,US20181204001,아웃룩 테라퓨틱스,157432744,-1.16,0.6374,BUY,
35,바이오,TNYA,US20210729015,테나야 테라퓨틱스,155168313,0.01,0.6902,BUY,
35,바이오,OKUR,US20210408002,온큐어 테라퓨틱스,153904714,-4.49,3.62,BUY,
35,바이오,INDP,US20210804007,인댑터스 테라퓨틱스,152315577,0.88,1.15,,
35,바이오,EQ,US20181011002,이퀼리움,151963675,-5.44,2.26,BUY,
35,바이오,UNCY,US20210616006,유니사이클 테라퓨틱스,147062795,-1.14,5.2,BUY,
35,바이오,KZIA,US20171124001,카지아 테라퓨틱스(ADR),146146775,1.55,13.79,BUY,
35,바이오,ADCT,US20200514001,ADC 테라퓨틱스,145942956,2.63,1.17,BUY,
35,바이오,HURA,NAS0221114002,투후라 바이오사이언시스,134834364,0.95,2.13,BUY,
35,바이오,INO,US20140915002,이노비오 파마슈티컬스,133751017,-2.33,1.26,BUY,
35,바이오,RFL,US20191121005,라파엘 홀딩스,133487484,0.39,2.57,,
35,바이오,TLSA,US20181025005,티지아나 라이프 사이언시스,128886549,-2.18,0.988,,
35,바이오,BDTX,US20200129002,블랙 다이아몬드 테라퓨틱스,128475552,-5.83,2.1,BUY,
35,바이오,VANI,US20220831004,비바니 메디컬,128442371,-2.11,1.39,BUY,
35,바이오,VTVT,US20150730001,VTV 테라퓨틱스,128305314,-1.85,31.76,,
35,바이오,AARD,NAS0250213002,아드바크 테라퓨틱스,127063065,5.35,6.1,BUY,
35,바이오,MXCT,US20210730006,맥스사이트,126259165,6.56,1.3,BUY,
35,바이오,BMEA,US20210415002,바이오미아 퓨전,125743238,-2.89,1.68,BUY,BMF-219 2상 완료
35,바이오,PMN,US20220708002,프로미스 뉴로사이언시스,123960915,-4.64,13.14,BUY,
35,바이오,ENGN,US20220201002,엔진 홀딩스,122593277,0.55,1.83,BUY,
35,바이오,NTHI,NAS0250326009,니온크 테크놀로지스 홀딩스,121977358,5.33,4.94,BUY,
35,바이오,GNLX,NAS0230126005,제네럭스,120684839,-1.88,2.61,BUY,
35,바이오,ANIX,US20181001001,애닉사 바이오사이언시스,118727117,-3.74,3.35,BUY,
35,바이오,RANI,US20210729009,라니 테라퓨틱스 홀딩스,117415315,2.19,0.8584,BUY,
35,바이오,NAUT,US20210610006,노틸러스 바이오테크놀로지,113021100,9.99,0.9742,,
35,바이오,SEER,US20201203005,시어,109939255,-1.52,1.95,BUY,
35,바이오,ONCY,US20180601002,온콜리틱스 바이오테크,109527029,-2.15,0.8382,,
35,바이오,COYA,NAS0221229001,코야 테라퓨틱스,107968767,-0.44,4.57,BUY,
35,바이오,GUTS,NAS0240202004,프랙틸 헬스,105189108,7.86,0.7108,BUY,
35,바이오,YARW,NAS0230213004,야로우 바이오사이언스,99053298,-10.89,32.97,BUY,
35,바이오,VRCA,US20180614001,베리카 파머슈티컬,98017135,-3.34,5.5,BUY,
35,바이오,CGTX,US20211007003,커그니션 테라퓨틱스,97263389,0.98,1.03,BUY,
35,바이오,KLRS,US20200729001,칼라리스 테라퓨틱스,96198910,-0.25,4.02,BUY,
35,바이오,ATRA,US20141013001,아타라 바이오테라퓨틱스,92601867,-2.5,8.97,BUY,
35,바이오,DWTX,US20201217012,도그우드 테라퓨틱스,90328942,-2.64,2.58,,
35,바이오,ALDX,US20140411001,알데이라 테라퓨틱스,89832044,0,1.48,BUY,
35,바이오,RLYB,US20210728010,랠리바이오,89515927,1.37,17.04,HOLD,
35,바이오,ACRV,US20221108001,아크리본 테라퓨틱스,88521628,1.46,2.09,BUY,
35,바이오,IBIO,US20080819002,아이바이오,87699306,-6.62,1.27,BUY,
35,바이오,ACET,US20200916001,에이디셋 바이오,85049241,-3.2,8.77,BUY,
35,바이오,GOSS,US20190207001,고사머 바이오,83382380,-0.76,0.1688,BUY,
35,바이오,ATHE,NAS0230109001,알테리티 테라퓨틱스(ADR),82992754,-0.44,4.49,BUY,
35,바이오,MAIA,US20220727001,마이어 바이오테크놀로지,81121703,-1.5,1.31,,
35,바이오,TENX,NAS0230105005,테낙스 테라퓨틱스,79933000,-13.62,1.84,BUY,의견 하향 조정
35,바이오,RPID,US20210714014,래피드 마이크로 바이오시스템즈,78967903,-3.18,1.52,,
35,바이오,TELO,NAS0240209005,텔러미어 파마슈티컬스,78619892,-1.75,1.12,,
35,바이오,GANX,US20210317006,게인 테라퓨틱스,77462462,1.69,1.8,,
35,바이오,OSTX,AMX0240731004,OS 테라피스,76422489,3.05,1.69,BUY,
35,바이오,RNXT,US20210811010,레노보 RX,75574336,14.97,1.92,,
35,바이오,LONA,US20200918001,레오나바이오,75014520,0.5,7.98,BUY,워런트 전환 부담
35,바이오,ELTX,US20210204002,엘리시오 테라퓨틱스,74846599,-4.93,2.7,BUY,
35,바이오,ANVS,US20211118010,애노비스 바이오,73484886,0,1.72,BUY,
35,바이오,CRDF,US20200508001,카디프 온콜로지,73329411,5.32,0.99,HOLD,
35,바이오,CTOR,NAS0221208004,시티우스 온콜로지,72315307,-2.89,0.7532,,
35,바이오,MNOV,US20061207001,메디치노바,70827477,0,1.43,BUY,
35,바이오,SPRO,US20171101005,스페로 테라퓨틱스,70074709,2.5,1.23,,
35,바이오,XBIT,US20150414001,X바이오테크,69398203,1.32,2.3,,
35,바이오,PLRX,US20200602001,플리언트 테라퓨틱스,68923052,-0.9,1.1,HOLD,
35,바이오,EXOZ,NAS0241113002,엑소자임스,66709650,-6.01,6.73,,
35,바이오,RNTX,NAS0221111001,레인 테라퓨틱스,65925599,-2.23,0.7451,BUY,
35,바이오,HYFT,US20201230002,마인드워크 홀딩스,65492643,-3.6,1.34,BUY,
35,바이오,PMVP,US20200925007,PMV 파마슈티컬스,65398875,-0.82,1.21,BUY,
35,바이오,INMB,US20190204002,인뮨 바이오,64844847,-1.29,2.3,BUY,
35,바이오,BSEM,NAS2608007002,바이오스템 테크놀로지스,63182576,4.25,3.68,,
35,바이오,SER,US20181129002,세리나 테라퓨틱스,62657662,-1.63,2.42,BUY,
35,바이오,EDSA,US20190610001,에데사 바이오테크,62559427,2.38,4.73,BUY,
35,바이오,TLPH,US20110211001,탈페라,62458905,-0.83,1.19,BUY,
35,바이오,HRTX,US20140124001,헤런 테라퓨틱스,62176937,-1.01,0.3233,HOLD,
35,바이오,IMA,US20210325009,이메진바이오,60784115,-4.49,5.1,BUY,
35,바이오,XLO,US20211021013,자일리오 테라퓨틱스,59384865,-0.56,8.95,,
35,바이오,APLM,NAS0230330001,아폴로믹스,58576244,2.26,27.2,,
35,바이오,INKT,US20211015003,밍크 테라퓨틱스,58479121,-4.03,10.96,,
35,바이오,DOMH,NAS0221222002,도미너리 홀딩스,58102270,-2.09,2.34,,
35,바이오,IMMP,US20171201001,이뮤텝(ADR),56303787,-3.94,0.366,BUY,순손실 확대
35,바이오,CLNN,US20201231001,클렌,54499247,1.18,4.28,BUY,
35,바이오,SCYX,US20140402001,사이넥시스,53776440,-2.97,5.23,,
35,바이오,ATYR,US20150515001,어타이어 파마,53113432,0.57,0.5431,BUY,
35,바이오,PRPO,US20170630002,프리시피오,51789501,-4.02,27.69,,
35,바이오,TIL,US20210318018,인스틸 바이오,51549294,-0.26,7.56,BUY,
35,바이오,TCRX,US20210714017,티스캔 테라퓨틱스,51212658,-3.11,0.7301,,
35,바이오,MCRB,US20150625005,세레스 테라퓨틱스,50940083,-3.33,4.94,BUY,
35,바이오,HYPD,US20180125001,하이퍼리온 디파이,50798404,4.91,3.42,,
35,바이오,IBO,AMX0240916003,임팩트 바이오메디컬,47972349,3.92,0.4611,,
35,바이오,SCLX,NAS0221111006,사일렉스 홀딩,46244301,0.55,5.46,,
35,바이오,HOWL,US20210428001,웨어울프 테라퓨틱스,45970055,-0.08,0.9425,BUY,
35,바이오,CELU,US20210719003,셀룰러리티,45860874,15.82,1.83,,
35,바이오,MGX,NAS0240209004,메타제노미,45078858,-0.84,1.18,,
35,바이오,SAVA,US20190328003,FILANA THERAPEUTICS INC,45001926,-2.66,0.9043,BUY,
35,바이오,TVGN,US20220103006,테보젠 바이오 홀딩스,44988365,-0.29,6.87,HOLD,
35,바이오,VERU,US20170807002,베루,44880647,6.49,2.79,,
35,바이오,ALGS,US20201015002,앨리고스 테라퓨틱스,43269016,-15.2,5.86,BUY,
35,바이오,KPTI,US20131105002,카료팜 테라퓨틱스,42531420,10.16,2.06,BUY,엑스포비오 승인신청
35,바이오,MREO,US20190424001,메레오 바이오파마 그룹(ADR),40433284,5.94,0.2675,BUY,
35,바이오,ACTU,NAS0240813001,액추에이트 테라퓨틱스,39853220,-7.88,1.52,,
35,바이오,CRVO,US20161109017,체르보메드,39418169,1.15,2.63,BUY,
35,바이오,RNAZ,US20210427005,트랜스코드 테라퓨틱스,37010902,-3.21,2.11,,
35,바이오,HBIO,US20001207001,하버드 바이오사이언스,36199436,1.51,8.05,BUY,
35,바이오,CNTX,US20210727002,콘텍스트 테라퓨틱스,35351363,2.35,0.3927,BUY,
35,바이오,RADX,NAS0241127003,라디오팜 테라노스틱스(ADR),34941173,-5.39,2.28,BUY,
35,바이오,LITS,NAS0230417002,라이트 스트래티지,33450395,-0.49,0.9756,,
35,바이오,KYNB,US20141114001,킨트라 바이오,32563622,-3.74,7.72,BUY,
35,바이오,BCTX,NAS0230905001,브리아셀 테라퓨틱스,32539788,-4.02,3.58,,
35,바이오,CCEL,US20220830002,크라이오셀 인터내셔널,32339631,5.0,4.2,,
35,바이오,IGC,US20190226002,IGC 파마,32137517,-3.48,0.2992,BUY,
35,바이오,ATNM,US20140327004,악티늄 파마슈티컬스,31843515,0.99,1.02,BUY,
35,바이오,NNVC,US20130926002,나노바이리사이드스,31581897,0.81,1.25,BUY,NV-387 희귀지정
35,바이오,ESLA,US20210907004,에스트레야 이뮤노파마,30755013,2.82,0.725,,
35,바이오,BRNS,US20210428005,베린서스 바이오테라퓨틱스(ADR),30569688,1.84,0.76,,
35,바이오,GRDX,NAS0230118003,GRIDAI TECHNOLOGIES CORP,28324355,-3.79,3.81,,
35,바이오,NXTC,US20190508006,넥스큐어,27953071,5.91,6.45,BUY,
35,바이오,CVM,US19911010001,셀 사이,27514568,3.85,1.62,,
35,바이오,PLRZ,NAS0241029003,폴리라이즌,27469528,10.43,14.51,,
35,바이오,BYSI,US20170309001,비욘드스프링,27436661,-4.55,0.6351,,
35,바이오,LTRN,US20200611004,랜턴 파마,26536236,-2.42,2.02,BUY,
35,바이오,ATOS,US20121108001,아토사 테라퓨틱스,25817665,-3.1,2.5,BUY,
35,바이오,TXMD,US20171009002,테라퓨틱스MD,25766018,-0.45,2.21,,
35,바이오,QNTM,US20200109002,퀀텀 바이오파마,25377095,3.26,3.17,BUY,매수의견 개시
35,바이오,EVAX,US20210204006,에박시언 바이오테크(ADR),25173349,0,3.01,,
35,바이오,NIKI,NAS0230227001,니키 바이오솔루션스,24963690,-0.58,6.86,,
35,바이오,DYAI,US20190417001,다이아딕 인터내셔널,24671039,-9.61,0.5551,,
35,바이오,TVRD,US20140131001,트바르디 테라퓨틱스,24343895,-0.55,1.81,BUY,
35,바이오,CLRB,US20140815002,셀렉타 바이오사이언시스,23979850,0,2.53,BUY,
35,바이오,ENLV,US20190326002,엔라이벡스 테라퓨틱스,23670539,-5.19,1.28,BUY,
35,바이오,GNTA,US20211214006,제넨타 사이언스(ADR),23656145,2.0,1.02,,
35,바이오,GRML,US20220429003,그린란드 마인스,23536600,-0.2,4.87,,
35,바이오,JSPR,US20210927005,재스퍼 테라퓨틱스,23346483,2.12,0.7145,BUY,
35,바이오,CNSY,US20190729001,세리노움,23212259,-7.87,2.81,BUY,
35,바이오,MRKR,NAS0230127003,마커 테라퓨틱스,22905242,-2.92,1.33,,
35,바이오,ALLR,NAS0230327001,앨러리티 테라퓨틱스,22496053,0,1.41,,
35,바이오,ABVC,US20210803001,ABVC 바이오파마,22184196,3.86,0.862,,
35,바이오,AKTX,US20150921001,아카리 테라퓨틱스(ADR),20890218,-2.52,10.43,BUY,
35,바이오,NEUP,US20211216003,뉴포리아 테라퓨틱스,20377210,0.27,3.77,HOLD,
35,바이오,CMMB,US20210317003,키모맵 테라퓨틱스(ADR),19912779,0.74,2.73,,
35,바이오,QCLS,US20210419007,Q/C 테크놀로지스,19299250,-1.28,2.32,,
35,바이오,PLUR,US20220726001,플루리,18939587,-5.23,1.45,,
35,바이오,NRSN,US20211209009,뉴로센스 테라퓨틱스,18771637,4.64,0.4399,BUY,
35,바이오,CYCN,US20190402001,사이클러리언 테라퓨틱스,17791299,-2.64,3.69,,
35,바이오,RKTO,US20190208009,로켓 원,17723586,-3.63,0.6841,,
35,바이오,BCDA,US20190802001,바이오카디아,17457660,-0.87,1.14,,
35,바이오,NCEL,US20210129007,NEWCELX LTD,17098208,3.76,3.31,BUY,
35,바이오,TPST,US20210628006,템페스트 테라퓨틱스,16984935,2.83,1.09,,
35,바이오,CTXR,US20170803002,시티우스 파마슈티컬스,16574822,-3.01,0.584,BUY,
35,바이오,MDCX,NAS0241114003,메디커스 파마,16326590,1.59,0.2618,,
35,바이오,ADVB,NAS0250306001,어드밴스드 바이오메드,16069930,-2.58,9.45,,
35,바이오,CALC,NAS0230614001,칼시메디커,15899064,-7.76,2.14,BUY,
35,바이오,AEON,US20210412008,이온 바이오파마,15716440,-5.82,0.2959,BUY,
35,바이오,LSTA,US20220915004,러사타 테라퓨틱스,15270524,-11.83,1.49,HOLD,
35,바이오,ADIL,US20171213001,애디얼 파머슈티컬,14745578,2.5,5.74,BUY,
35,바이오,PASG,US20200227010,패시지 바이오,14584652,2.88,4.65,HOLD,
35,바이오,DARE,US20170720001,데어 바이오사이언스,14191633,3.54,0.761,BUY,NIH 지원금 수혜
35,바이오,INTS,US20221018002,인텐시티 테라퓨틱스,13914041,-0.94,4.21,BUY,
35,바이오,GTBP,US20210211002,GT 바이오파마,13570208,-4.33,0.287,,
35,바이오,KALA,US20170719003,칼라 바이오,13383230,-2.52,0.6727,HOLD,
35,바이오,PHIO,NAS0230126007,피오 파마슈티컬스,13163733,-3.54,1.09,,
35,바이오,MBRX,US20160602001,멀레큘린 바이오테크,12693293,-1.68,0.639,,목표주가 하향
35,바이오,PDSB,US20190318001,PDS 바이오테크놀로지,11836942,1.47,0.214,,
35,바이오,BLRX,US20110725001,바이오라인 RX(ADR),11388920,7.69,2.8,BUY,
35,바이오,TOVX,US20221013006,테리바 바이오로직스,11279345,2.0,0.25,BUY,
35,바이오,VTGN,US20160511003,비스타젠 테라퓨틱스,11253903,2.33,0.2588,,
35,바이오,MTVA,US20191231025,메타비아,11230690,0.59,1.71,BUY,
35,바이오,GDTC,NAS0230414003,사이토메드 테라퓨틱스,10916260,-1.23,0.9087,,
35,바이오,LNAI,US20181210001,루나이 바이오웍스,10774982,-5.06,2.25,,
35,바이오,AZTR,AMX0230518002,아지트라,10750398,-1.07,0.175,,
35,바이오,APRE,NAS0230213001,아프레아 테라퓨틱스,10588076,-3.57,0.8087,BUY,
35,바이오,XTLB,US20050901001,XTL 바이오파머슈티컬스(ADR),10510321,0.81,2.49,,
35,바이오,FBLG,NAS0240131002,파이브로바이오로직스,9614266,18.75,1.71,BUY,
35,바이오,XBIO,US20161107002,제네틱 바이오사이언시스,9351605,4.52,4.16,,
35,바이오,IMRN,US20170612004,이뮤론(ADR),9307505,-3.48,1.11,,
35,바이오,TRAW,US20130725002,트로스 파머,9090774,0.36,0.592,HOLD,
35,바이오,IMNN,US20220921002,이뮨온,9003030,1.87,1.63,BUY,
35,바이오,XCUR,US20190731009,엑시큐어,8467645,1.55,1.31,,
35,바이오,SNGX,NAS0230210008,솔리제닉스,8223872,3.4,0.3896,,
35,바이오,CNSP,NAS0221129001,CNS 파머슈티컬스,8093719,8.33,5.98,BUY,
35,바이오,ALZN,US20210615001,알자멘드 뉴로,7975889,-4.22,1.59,BUY,
35,바이오,AIM,US20190903003,AIM 이뮤노테크,7887964,-12.54,0.226,BUY,
35,바이오,SKYE,NAS0240411002,스카이 바이오사이언스,7880821,-5.08,1.68,BUY,
35,바이오,ENSC,NAS0230331002,엔시스 바이오사이언시스,7802251,-1.2,0.3951,,
35,바이오,ACXP,US20210614002,아크룩스 파머슈티컬스,7609635,0,1.44,,
35,바이오,NCNA,US20170927002,누카나(ADR),7605755,-17.05,1.46,,
35,바이오,CELZ,US20211203005,크리에이티브 메디컬 테크놀로지 홀딩스,7536262,0.88,1.15,,
35,바이오,ERNA,US20221017001,어넥사 테라퓨틱스,7480712,0,4.57,BUY,
35,바이오,BOLT,US20210204004,볼트 바이오테라퓨틱스,7369293,4.46,3.98,BUY,
35,바이오,CANF,AMX0230109001,CAN FITE 바이오파머(ADR),7304770,-6.47,3.18,BUY,
35,바이오,CURX,NAS0250826004,큐러넥스 파머슈티컬스,7170920,-3.51,4.4,,
35,바이오,ENVB,US20201231006,엔버릭 바이오사이언시스,6148889,0.73,1.38,,
35,바이오,APUS,AMX0250304001,아피메즈 파머슈티컬스 US,5856409,0.26,3.88,,
35,바이오,BGMS,US20060328001,바이오 그린 메드 솔루션,5711326,0.58,0.865,,
35,바이오,LIMN,NAS0250501002,리미나투스 파머,5697455,-8.75,3.86,,
35,바이오,BTAI,US20180307001,바이오엑셀 테라퓨틱스,5694495,-10.25,0.1628,BUY,파산보호 신청
35,바이오,KAPA,AMX0240913002,카이로스 파마,5634232,1.22,0.24,BUY,
35,바이오,PMCB,US20210810004,파마사이트 바이오테크,5544122,-2.89,0.5001,,
35,바이오,JUNS,NAS0241203001,주피터 뉴로사이언시스,5526632,-16.75,3.48,,직접 공모 부담
35,바이오,CVKD,NAS0230120003,커드리널 테라퓨틱스,5509259,12.99,1.74,BUY,
35,바이오,GOVX,US20200925004,지오박스 랩스,5327891,-11.91,0.6351,BUY,상장폐지 불확실성
35,바이오,BRTX,US20211105003,바이오리스토러티브 테라피스,5086707,1.66,0.2024,,
35,바이오,INM,US20201112010,인메드 파마슈티컬스,4586032,-2.17,1.35,,
35,바이오,GLMD,US20140313001,갈메드 파마슈티컬스,4350093,-0.72,4.13,,
35,바이오,APVO,US20160801002,앱티보 테라퓨틱스,4273423,3.39,2.44,,
35,바이오,XRTX,US20211013007,졸트엑스 테라퓨틱스,4258853,-0.43,2.32,,IR 계약 해지
35,바이오,GRI,NAS0230424001,GRI 바이오,4208928,0,1.92,,
35,바이오,JAGX,NAS0230123003,재규어 헬스,4197361,-2.32,0.7911,,
35,바이오,REVB,NAS0230201004,레벨레이션 바이오사이언시스,4194133,-4.76,1.0,,
35,바이오,TCRT,US20050824001,알라우누스 테라퓨틱스,4088726,6.25,1.7,,
35,바이오,MBIO,NAS0230404002,머스탱 바이오,4084912,-0.02,0.5375,,
35,바이오,RDHL,US20121227001,레드힐 바이오파마(ADR),4030584,48.05,0.9786,,
35,바이오,ISPC,US20210616002,아이스페시맨,3889336,0,1.54,,
35,바이오,ADXN,US20200129001,애딕스 테라퓨틱스(ADR),3828744,-0.78,3.81,,
35,바이오,SPRC,US20211222005,사이스파크,3782351,-1.06,6.51,,
35,바이오,PHGE,US20191029007,바이옴X,3708794,-0.94,0.1371,HOLD,
35,바이오,SXTP,NAS0230615005,60 디그리스 파머슈티컬스,3632498,2.91,1.06,BUY,
35,바이오,CRIS,US20000801001,큐리스,3623341,-1.34,1.47,BUY,
35,바이오,CLDI,AMX0221202001,칼리디 바이오테라퓨틱스,3420539,1.52,1.34,,
35,바이오,ARTL,US20190621003,아르텔로 바이오사이언시스,3276107,6.71,6.36,,
35,바이오,GNPX,US20180329001,젠프렉스,3016636,0.54,3.69,,
35,바이오,MTNB,US20170302001,마티나스 바이오파마 홀딩스,2946671,-1.15,0.1977,,
35,바이오,PPBT,US20201222004,퍼플 바이오테크(ADR),2730767,1.19,1.7,,
35,바이오,IVF,US20201113002,인보 퍼틸러티,2513889,3.0,1.03,,
35,바이오,OGEN,AMX0230123004,오라제닉스,2371697,-2.75,0.5098,,
35,바이오,SLXN,US20210407005,사일렉시온 테라퓨틱스,2093994,1.9,0.3697,,
35,바이오,BBLG,US20211013010,본 바이오로직스,1699654,-7.24,0.5705,,
35,바이오,SCNI,NAS0221125001,사이나이 이뮤노테라퓨틱스(ADR),1434704,-1.99,2.46,,유동성 리스크
27,화장품브랜드,EL,US19951117003,에스티 로더,37509618749,-0.72,102.3,BUY,
27,화장품브랜드,ELF,US20160922006,엘프 뷰티,6159690163,4.76,109.05,BUY,
27,화장품브랜드,BBWI,US20131203003,배스 앤 바디 웍스,3886322056,0.16,19.25,HOLD,2분기 실적 호조
27,화장품브랜드,COTY,US20130613002,코티,2516885469,0,2.85,HOLD,
81,통신,CSCO,US19900216001,시스코 시스템즈,434478041504,0.52,110.5,BUY,AI 인프라 가동
81,통신,VZ,US19831121001,버라이즌,208740166836,-0.16,50.02,BUY,
81,통신,TMUS,US20151027001,T 모바일,195087531243,-0.44,180.57,BUY,
81,통신,APH,US19911108001,암페놀,195027726656,0.51,158.55,BUY,
81,통신,T,US19461101001,AT&T,180766084252,-0.46,25.89,BUY,
81,통신,GLW,US19450521001,코닝,128683903517,0.02,148.73,BUY,
81,통신,CMCSA,US19880707001,컴캐스트,96291197711,-1.63,26.62,HOLD,
81,통신,MSI,US19910920001,모토로라,80652017965,-0.14,485.3,BUY,
81,통신,LITE,US20150805002,루멘텀 홀딩스,80503127097,2.21,914.76,BUY,AI 관련주 약세
81,통신,AMX,NYS0230316001,아메리카 모빌 L(ADR),69623308187,-0.6,23.04,BUY,
81,통신,TEL,US20070614002,TE 커넥티비티,58834724235,1.28,205.25,BUY,
81,통신,NOK,US19940701001,노키아(ADR),57319964624,-0.69,10.14,BUY,
81,통신,COHR,US19871002001,코히런트,54827304005,-0.49,277.83,BUY,
81,통신,CIEN,US20131223002,시에나,53717172504,1.15,382.8,BUY,
81,통신,VOD,US19881026001,보다폰 그룹(ADR),37221657779,0,16.04,HOLD,
81,통신,UI,US20190820002,유비퀴티,36377834228,-1.39,590.02,,
81,통신,CHT,US20030717001,중화 텔레콤(ADR),33441329459,0.51,43.21,,
81,통신,ERIC,US19890928001,에릭슨 B(ADR),30021474266,1.41,10.09,HOLD,
81,통신,ECHO,US20071231001,에코스타,25295853191,-0.46,86.44,BUY,
81,통신,ASTS,US20210407001,AST 스페이스모바일,22653538778,1.98,59.2,HOLD,
81,통신,BCE,US19830502001,BCE,21937450008,0.55,23.59,BUY,
81,통신,SBAC,US19990616001,SBA 커뮤니케이션스,20313448029,-0.64,189.72,BUY,
81,통신,VIV,US20201130008,텔레포니카 브라질(ADR),18249218724,1.32,11.54,HOLD,
81,통신,CHTR,US19991108001,차터 커뮤니케이션스,17821071861,-0.77,152.44,HOLD,CFO 사임 부담
81,통신,RCI,US19960207001,로저스 커뮤니케이션스,15743252820,0.82,36.89,HOLD,
81,통신,TIGO,US20190109002,밀리콤 인터내셔널 셀룰러,15688210070,0.44,93.79,HOLD,
81,통신,TU,US19960611001,텔러스,15404045633,0.1,9.68,HOLD,
81,통신,SKM,US19960627003,SK텔레콤(ADR),15128706504,-2.41,38.39,HOLD,
81,통신,FN,US20100625003,패브리넷,14889525478,-0.35,412.93,BUY,
81,통신,TLK,US19951114001,텔콤 인도네시아(ADR),14412779908,0,14.58,,
81,통신,GSAT,US20140421001,글로벌스타,10622346347,-0.27,81.54,HOLD,
81,통신,KT,US19990525001,KT(ADR),9394548205,0.25,19.68,BUY,
81,통신,VSAT,US19961203001,비아샛,9306229198,-0.13,67.28,BUY,
81,통신,AAOI,US20130925001,어플라이드 옵토일렉트로닉스,9044494797,1.37,107.69,,
81,통신,VIAV,US20150805004,비아비 솔루션즈,9041129166,-0.74,36.27,,내부자 매도 부담
81,통신,IDCC,US19900326024,인터디지털,8672759567,0.01,335.19,BUY,
81,통신,TIMB,US20201016008,팀 브라질(ADR),8455276755,1.64,17.94,HOLD,
81,통신,LUMN,US20200918009,루멘 테크놀로지스,6247128739,3.48,6.25,HOLD,
81,통신,LILAP,NAS2606017004,리버티 라틴 아메리카 우선주 A (9.0% 누적 상환),5835893668,1.59,21.03,,
81,통신,LILA,US20150706003,리버티 라틴 아메리카 A,5835893668,0.58,8.61,HOLD,
81,통신,LILAK,US20150706004,리버티 라틴 아메리카 C,5835893668,0.83,8.55,HOLD,
81,통신,IRDM,US20080320001,이리디움 커뮤니케이션스,4952374331,0.75,46.95,HOLD,
81,통신,TDS,US19910918002,텔레폰 앤 데이터 시스템즈,4762584913,0.09,33.68,BUY,
81,통신,TKC,US20000711003,투르크젤 을레티심 히즈메틀레리(ADR),4759352176,-6.85,5.03,,
81,통신,NNI,US20031211001,넬넷,4569807811,-1.65,125.27,,
81,통신,VEON,US20170331001,베온(ADR),4201080783,1.08,61.5,BUY,
81,통신,PHI,US19941019001,PLDT(ADR),3932237863,-1.6,17.86,,
81,통신,LBTYK,NAS0231124003,리버티 글로벌 C,3636553920,0.58,10.49,,
81,통신,LBTYA,US20040608001,리버티 글로벌 A,3636553920,0.66,10.74,HOLD,
81,통신,LBTYB,US20040608002,리버티 글로벌 B,3636553920,2.32,12.77,,
81,통신,AD,US19880511002,ARRAY DIGITAL INFRASTRUCTURE INC,3121838498,1.83,36.66,BUY,
81,통신,KYIV,NAS0250815003,키이우스타 그룹,3111372793,-0.15,13.42,,
81,통신,EXTR,US19990409001,익스트림 네트웍스,2954613067,-0.49,22.47,,
81,통신,KN,US20140303001,놀스,2931666409,-0.15,34.18,,
81,통신,IHS,US20211013004,IHS 홀딩스,2812700850,0.6,8.41,,
81,통신,TSAT,US20211119007,텔레셋,2212408614,1.35,43.4,BUY,
81,통신,PLPC,US19990428001,프리폼드 라인 프로덕츠,1980732644,-0.84,400.67,BUY,
81,통신,ATEX,US20190617001,안테릭스,1815569849,-1.56,90.89,BUY,
81,통신,IDT,US20010516001,IDT,1720418723,-1.12,68.22,,
81,통신,TEO,US19941209001,텔레콤 아르헨티나(ADR),1645016318,1.68,13.28,BUY,
81,통신,BAND,US20171109001,밴드위스,1581211726,-1.12,48.45,,
81,통신,COMM,US20131024001,비스탄스 네트웍스,1401454295,3.96,6.3,HOLD,
81,통신,HLIT,US19950523001,하모닉,1314597789,-0.33,11.98,,
81,통신,GLIBA,NAS0250715002,GCI 리버티 A,1032683534,0.19,26.7,,
81,통신,GLIBA,NAS0250715003,GCI 리버티 C,1032683534,0.15,26.05,BUY,
81,통신,ITRN,US20050928001,이투란 로케이션 앤 콘트롤,1008659706,0.35,50.96,BUY,
81,통신,GILT,US19930326001,길라트 새털라이트 네트웍스,767788531,-0.3,9.91,,전환사채 조달
81,통신,SHEN,US19930412001,셰넌도어 텔레커뮤니케이션스,691748313,-0.64,12.38,BUY,
81,통신,OOMA,US20150717004,우마,631764262,-1.18,22.64,,
81,통신,ADTN,US19940809003,애드트랜,630772995,0.26,7.74,BUY,
81,통신,ITG,NAS2607001005,ITG,597512723,-0.73,12.21,BUY,
81,통신,CCOI,US20020201001,코젠트 커뮤니케이션스 홀딩스,486865529,0.74,9.55,HOLD,
81,통신,ATNI,US19911101001,ATN 인터내셔널,464303149,0.17,30.11,,
81,통신,CLFD,US19860807001,클리어필드,402241571,-1.76,29.01,,
81,통신,ATUS,US20170619002,옵티멈 커뮤니케이션즈,390134240,-4.65,0.9726,HOLD,
81,통신,RBBN,US20171129001,리본 커뮤니케이션스,364013543,-1.97,1.99,BUY,
81,통신,BKTI,AMX0230424001,BK 테크놀로지스,274715491,-0.43,72.37,,
81,통신,AVNW,US19910207001,아비아트 네트웍스,256737584,-0.35,19.93,BUY,4분기 실적 호조
81,통신,AUDC,US19990528001,오디오코드,243163487,-0.2,10.02,,
81,통신,SILC,US19940228001,실리콤,241463948,2.01,43.05,BUY,
81,통신,CXDO,US20200708003,크레센도,209076856,-2.07,6.14,BUY,
81,통신,CRNT,US20000804002,세라건 네트웍스,190492252,-0.96,2.07,BUY,
81,통신,RDCM,US19970924001,래드콤,171538462,-0.1,10.21,,
81,통신,CABO,US20150702004,케이블 원,145084509,7.37,27.38,HOLD,
81,통신,KVHI,US19960402002,KVH 인더스트리,136796638,0.4,7.55,,
81,통신,SANG,US20211216015,상고마 테크놀로지스,130145574,1.28,3.95,BUY,
81,통신,OCC,US19960402003,옵티컬 케이블,119937287,-1.25,13.38,HOLD,
81,통신,RFIL,US19970528001,RF 인더스트리스,113128158,1.35,10.54,BUY,
81,통신,AMPG,US20210217002,앰플리테크 그룹,101226138,0.3,3.37,,
81,통신,LGL,US19920317024,LGL 그룹,94859769,-0.8,7.44,,
81,통신,AIRG,US20160811001,에어게인,67783817,1.94,5.26,,
81,통신,PCLA,NAS0250116005,피코세라(ADR),67193205,-4.59,6.65,,
81,통신,GNSS,US20191023002,제나시스,66218213,0.69,1.46,BUY,
81,통신,CMTL,US19920218001,컴테크 텔레커뮤니케이션스,51075043,-0.59,1.69,BUY,
81,통신,NTIP,US20141119001,네트워크 1 테크놀로지스,35765023,-0.64,1.55,,
81,통신,FKWL,US20210329003,프랭클린 와이어리스,29660198,0,2.51,,
81,통신,NUR,NAS2608017004,누란 와이어리스,25060801,4.71,2.0,,
81,통신,FNGR,US20211228002,핑거모션,24468887,-43.97,0.223,,직판 공모 부담
81,통신,UTSI,US20000303002,UT스타컴 홀딩스,21372623,3.45,2.4,,
81,통신,MOBX,US20210813004,모빅스 랩스,18894131,18.92,1.32,,
81,통신,UCL,US20200609002,유클라우드링크 그룹(ADR),14614328,-1.65,0.3763,,
81,통신,IOTR,NAS0250410006,아이오스리,11949387,0.41,2.46,,
81,통신,MTEK,US20220202004,메리스 테크,11608481,0.9,1.12,,
81,통신,CHAI,US20200925009,코어 AI 홀딩스,10375301,-4.8,0.3808,,자금 미확보 부담
81,통신,SURG,US20211102008,서지페이스,9178425,-2.2,0.1692,BUY,
81,통신,CCTG,NAS0240118001,CCSC 테크놀로지 인터내셔널 홀딩스,9036689,0.02,0.6637,,
23,화장품,EL,US19951117003,에스티 로더,37509618749,-0.72,102.3,BUY,
23,화장품,ELF,US20160922006,엘프 뷰티,6159690163,4.76,109.05,BUY,
23,화장품,BBWI,US20131203003,배스 앤 바디 웍스,3886322056,0.16,19.25,HOLD,2분기 실적 호조
23,화장품,IPAR,US19910820001,인터파퓸스,3782409552,-0.29,117.44,HOLD,
23,화장품,COTY,US20130613002,코티,2516885469,0,2.85,HOLD,
23,화장품,YSG,US20201118017,얏센 홀딩(ADR),286138568,-9.54,2.75,BUY,
23,화장품,UG,US19920317011,유나이티드 가디언,32940065,1.26,7.24,,
23,화장품,BYAH,NAS0241227003,박 하 바이올로지컬 테크놀로지,6468005,2.55,2.82,,
23,화장품,ELAB,NAS0231121001,PMGC 홀딩스,4310758,-2.26,5.19,,
183,지주사,NU,US20211208010,누 홀딩스,69266622072,1.75,14.55,BUY,
183,지주사,EXC,US20190925010,엑셀론,45472102591,-0.46,43.73,HOLD,
183,지주사,SHG,US20030916001,신한 파이낸셜 그룹(ADR),37259562834,0.03,79.17,,
183,지주사,RYAAY,US19970529001,라이언에어 홀딩스(ADR),29194237056,-1.35,55.37,BUY,
183,지주사,FTS,US20161014002,포르티스,28002886638,0.95,55.18,HOLD,
183,지주사,PFG,US20171218001,프린시펄 파이낸셜 그룹,23919248335,-1.14,110.14,HOLD,
183,지주사,L,US19950725001,로우스,22491729725,-1.3,108.29,,
183,지주사,FNF,US20051014001,피델리티 내셔널 파이낸셜,12787773981,-2.31,46.45,BUY,
183,지주사,LILAP,NAS2606017004,리버티 라틴 아메리카 우선주 A (9.0% 누적 상환),5835893668,1.59,21.03,,
183,지주사,LILA,US20150706003,리버티 라틴 아메리카 A,5835893668,0.58,8.61,HOLD,
183,지주사,LILAK,US20150706004,리버티 라틴 아메리카 C,5835893668,0.83,8.55,HOLD,
183,지주사,IEP,US20161109010,아이칸 엔터프라이지스,4833310554,0.29,6.8,,
183,지주사,WSC,US20171130002,윌스콧 홀딩스,3797345207,-0.96,20.7,BUY,
183,지주사,FORTY,US19971020001,포뮬러 시스템즈 1985(ADR),1933196472,0,125.72,,
183,지주사,ASTH,US20171214001,아스트라나 헬스,1888179939,0.68,38.22,BUY,
183,지주사,QCRH,US19931006001,QCR 홀딩스,1652427209,-1.26,99.36,,
183,지주사,TMS,NAS0250421004,팀셰어즈,468296903,-0.32,6.32,BUY,
183,지주사,RFL,US20191121005,라파엘 홀딩스,133487484,0.39,2.57,,
183,지주사,VATE,US20210920015,이노베이트,103827602,-1.98,7.44,,
183,지주사,CMCM,US20140508003,치타 모바일(ADR),101558855,2.42,3.38,,
183,지주사,WYHG,NAS0241126008,윙입푸드(ADR),62330292,-6.88,4.6,,
183,지주사,TPCS,NAS0230505003,테크프리시전,57578783,-2.29,5.55,,
183,지주사,FGNX,NAS0221213003,펀더멘털 글로벌,57363695,-1.35,8.02,BUY,
183,지주사,GPUS,AMX0230103002,하이퍼스케일 데이터,54814820,-8.67,0.2801,,
183,지주사,PC,NAS0240925004,프리미엄 케이터링 홀딩스,30581975,0,9.4,,
183,지주사,LIVE,US19950818008,라이브 벤처스,28306447,1.63,9.34,,
183,지주사,GMM,NAS0231010003,글로벌 모페이 AI,14867587,0.39,2.57,,
183,지주사,PLAG,US20181001007,플래닛 그린 홀딩스,9990403,-4.27,0.6701,,
183,지주사,INEO,NAS0241023007,이네오바 홀딩스,8949204,3.32,0.5702,,
183,지주사,BQ,US20200928002,보치 홀딩,7078087,-4.5,0.9135,,
183,지주사,PMAX,NAS0240905004,파월 맥스,1823272,-4.72,1.01,,
107,신재생에너지,GEV,NYS0240402001,GE 버노바,243548076392,-1.47,898.53,BUY,
107,신재생에너지,TTE,US20210611013,토탈에너지스,197564958465,2.27,88.31,BUY,유가 급등 수혜
107,신재생에너지,NEE,US19720630009,넥스트에라 에너지,173263054093,0.61,82.34,BUY,
107,신재생에너지,CEG,US20220202001,컨스털레이션 에너지,98325259005,-0.72,274.77,BUY,
107,신재생에너지,AEP,US20201001001,아메리칸 일렉트릭 파워,66769056986,0.11,122.45,BUY,
107,신재생에너지,BE,US20180724003,블룸 에너지,62248901479,-2.12,206.3,BUY,스칸듐 소송 부담
107,신재생에너지,VST,US20170510003,비스트라 에너지,46139251381,0.2,137.37,BUY,
107,신재생에너지,NRG,US19931020001,NRG 에너지,23423073170,-0.9,110.12,BUY,
107,신재생에너지,FSLR,US20061117001,퍼스트 솔라,22033932815,-1.25,201.9,BUY,BMO 의견 상향
107,신재생에너지,NXT,NAS0230209006,넥스트랙커,12999558294,-4.04,81.99,BUY,
107,신재생에너지,ENLT,NAS0230210003,인라이트 리뉴어블 에너지,10870691865,0.85,78.2,HOLD,
107,신재생에너지,BEP,US20011129002,브룩필드 리뉴어블 파트너스,9682879098,0.93,31.62,,
107,신재생에너지,ESE,US19901019001,에스코 테크놀로지스,7195168231,-1.42,273.03,BUY,
107,신재생에너지,ENS,US20040730001,에너시스,6707121313,-0.86,183.86,BUY,
107,신재생에너지,CIG,US19950517001,이네르제치카 지 미나스 제라이스 우선주(ADR),6667715110,1.51,2.02,SELL,경영진 개편 추진
107,신재생에너지,CIG.C,US20090914001,이네르제치카 지 미나스 제라이스(ADR),6667715110,4.01,3.11,,
107,신재생에너지,CWEN,US20180917003,클리어웨이 에너지 C,6537527274,-0.03,31.75,BUY,
107,신재생에너지,ORA,US20041111001,오마트 테크놀로지스,6354137899,-1.01,102.0,BUY,
107,신재생에너지,BEPC,US20200730008,브룩필드 리뉴어블,5905359108,0.82,32.15,HOLD,
107,신재생에너지,POR,US20060331002,포틀랜드 제너럴 일렉트릭,5849447577,-1.49,48.86,HOLD,
107,신재생에너지,MWH,NAS2602011008,솔브 에너지,5335435506,-2.93,25.52,BUY,
107,신재생에너지,ENPH,US20120330001,엔페이즈 에너지,4935977004,-2.31,36.39,HOLD,
107,신재생에너지,FRVO,NAS2605013002,페르보 에너지,4365671249,4.13,15.38,,
107,신재생에너지,PRIM,NYS0230404004,프리모리스 서비시스,3947086175,-1.38,72.11,BUY,
107,신재생에너지,TAC,US19751017001,트랜스알타,3866341132,-0.82,12.09,BUY,
107,신재생에너지,OTTR,US19900326040,오터 테일,3824499027,-0.41,90.47,HOLD,
107,신재생에너지,PLUG,US19991029003,플러그 파워,3068304777,-0.91,2.17,HOLD,
107,신재생에너지,RNW,US20210824006,리뉴 에너지 글로벌,2757821745,-0.29,6.8,BUY,
107,신재생에너지,CDLR,NYS0231220001,카들러(ADR),2423274468,-0.44,24.94,,
107,신재생에너지,RUN,US20150805003,썬런,2120474219,-2.39,8.57,BUY,
107,신재생에너지,CEPU,US20180201001,센트랄 푸에르토(ADR),2031354139,1.79,13.62,BUY,
107,신재생에너지,FLNC,US20211027012,플루언스 에너지,2013952957,-0.64,10.81,HOLD,
107,신재생에너지,PLPC,US19990428001,프리폼드 라인 프로덕츠,1980732644,-0.84,400.67,BUY,
107,신재생에너지,HE,US19830701001,하와이언 일렉트릭 인더스트리스,1974535190,-1.58,11.22,,
107,신재생에너지,SEDG,US20150325002,솔라엣지,1937858717,2.42,32.17,HOLD,
107,신재생에너지,FCEL,US19920625001,퓨얼셀 에너지,1423906570,-3.04,17.22,HOLD,
107,신재생에너지,ROCK,US19930930001,지브롤터 인더스트리스,1347499354,-0.62,44.99,BUY,
107,신재생에너지,SHLS,US20210126009,숄스 테크놀로지스,1204978979,-3.08,6.92,BUY,
107,신재생에너지,EOSE,US20201117002,이오스 에너지 엔터프라이지스,1190464222,-1.53,3.21,HOLD,
107,신재생에너지,AMRC,US20100722001,아메리스코,1170147424,0.59,22.12,BUY,
107,신재생에너지,NEP,US20140811002,넥스트에라 에너지 파트너스,1107927308,2.39,12.0,HOLD,
107,신재생에너지,DQ,US20101007001,다초 뉴 에너지(ADR),928228189,-5.77,12.89,BUY,
107,신재생에너지,CSIQ,US20061109001,캐나디안 솔라,894626210,-6.32,12.31,HOLD,
107,신재생에너지,JKS,US20100514001,진코솔라 홀딩(ADR),711049883,-7.09,12.58,HOLD,
107,신재생에너지,ARRY,US20201014001,어레이 테크놀로지스,708846778,-3.49,4.43,BUY,
107,신재생에너지,BLDP,US19951108001,발라드 파워 시스템즈,680193248,2.67,2.31,HOLD,
107,신재생에너지,NRGV,US20220214006,에너지 볼트 홀딩스,645489125,-3.95,3.4,BUY,
107,신재생에너지,GEVO,US20110209001,제보,414025787,-0.6,1.66,,
107,신재생에너지,CLNE,US20070525001,클린 에너지 퓨얼스,360317336,-2.45,1.59,BUY,
107,신재생에너지,ALTO,US20210201001,앨토 인그리디언츠,316575171,-2.7,3.96,,
107,신재생에너지,ELLO,US19951006002,엘로메이 캐피탈,279880927,3.7,21.0,,
107,신재생에너지,FF,US19860501001,퓨처퓨얼,234876739,-1.31,5.27,,
107,신재생에너지,TOYO,US20220316003,토요,193194323,-6.43,4.22,BUY,
107,신재생에너지,NEOV,US20220728003,니오볼타,183893716,26.65,4.23,BUY,SK온 협력 체결
107,신재생에너지,VIVO,US20161229001,비보파워,142307268,0.49,4.08,BUY,
107,신재생에너지,AMTX,US20140606001,에이메티스,134606018,1.08,1.88,BUY,
107,신재생에너지,BWEN,US20040909001,브로드윈드 에너지,103668120,-1.83,4.29,,
107,신재생에너지,TYGO,US20210831008,타이고 에너지,83914363,-1.83,1.07,BUY,
107,신재생에너지,NMAD,US20201124001,노마드 파워 솔루션즈,69587178,-3.94,4.14,,
107,신재생에너지,SPWR,US20210419014,컴플리트 솔라리아,61304515,-5.36,0.2771,,
107,신재생에너지,STEM,US20210429010,스템,52514059,5.15,5.72,HOLD,
107,신재생에너지,OPTT,US20210618006,오션 파워 테크놀로지스,46321262,1.29,0.1732,,
107,신재생에너지,FTCI,US20210426005,FTC 솔라,42231800,-7.84,2.35,,
107,신재생에너지,PN,NAS0250304002,스카이코프 솔라 그룹,40389681,-3.3,2.64,,
107,신재생에너지,BEEM,US20200915001,빔 글로벌,33362821,-2.04,1.44,BUY,
107,신재생에너지,ASTI,US20220824001,어센트 솔라 테크놀로지스,28743109,-1.71,2.87,BUY,
107,신재생에너지,SUUN,NAS0240408005,파워뱅크 코퍼레이션,25614560,-0.25,0.4311,BUY,온타리오 계약체결
107,신재생에너지,ZEO,US20211213005,제오 에너지,16504815,-15.11,0.2377,,
107,신재생에너지,HTOO,US20201210006,퓨전 퓨얼 그린,14937481,6.64,2.25,,
107,신재생에너지,TURB,NAS0230922006,터보 에너지(ADR),14711526,5.41,1.17,,
107,신재생에너지,SUNE,US20220329002,선네이션 에너지,14107150,8.33,2.34,,
107,신재생에너지,SMXT,NAS0240227005,솔라맥스 테크놀로지,13885495,0.34,2.93,,
107,신재생에너지,GWH,US20211011002,ESS 테크,13804984,-0.11,0.35,,
107,신재생에너지,BNRG,US20220523001,브렌엑스,6336804,9.51,4.26,,기존주주 매도등록
107,신재생에너지,FGL,NAS0241023004,파운더 그룹,176229,-0.91,0.152,,추가 액면병합
333,원자력발전,NEE,US19720630009,넥스트에라 에너지,173263054093,0.61,82.34,BUY,
333,원자력발전,CEG,US20220202001,컨스털레이션 에너지,98325259005,-0.72,274.77,BUY,
333,원자력발전,DUK,US19640616001,듀크 에너지,96726529232,-0.28,119.91,BUY,
333,원자력발전,EXC,US20190925010,엑셀론,45472102591,-0.46,43.73,HOLD,
333,원자력발전,CCJ,US19960314001,카메코,43677899466,-1.25,98.76,BUY,
333,원자력발전,KEP,US19941028003,한국전력(ADR),15037679943,-0.68,11.6,BUY,
333,원자력발전,TLN,NAS0240710007,탈런 에너지,14226818443,-0.12,295.73,BUY,
333,원자력발전,BWXT,US20150702003,BWX 테크놀로지스,14043080590,-0.37,152.29,BUY,
333,원자력발전,OKLO,US20210701009,오클로,7487361361,1.07,40.57,BUY,
333,원자력발전,UEC,US20070405001,우라늄 에너지,6153357683,-1.29,12.24,,
333,원자력발전,SMR,US20201208006,뉴스케일파워,4003149967,-0.22,9.27,HOLD,
333,원자력발전,UUUU,US20131205001,에너지 퓨얼스,3677109723,0.55,14.75,BUY,
333,원자력발전,LEU,US20150316002,센트러스 에너지,3516995755,-2.49,171.4,BUY,
333,원자력발전,DNN,US20070419002,데니슨 마인스,3077154152,0,3.39,BUY,
333,원자력발전,STDN,NYS2607016002,스탠다드 뉴클리어,2213459354,14.26,16.11,BUY,목표가 상향
333,원자력발전,NNE,NAS0240508002,나노 뉴클리어 에너지,967619564,1.78,18.29,,
333,원자력발전,FISN,NAS2606018002,딥 피션,387489721,2.13,6.7,BUY,매수의견 개시
333,원자력발전,LTBR,US20001113001,라이트브리지,283589315,-0.26,7.53,,상업화 경로 확보
609,드론,AVAV,US20070123001,에어로바이런먼트,7539453966,0.32,148.41,BUY,
609,드론,JOBY,US20210811006,조비 에비에이션,6923146768,-2.01,6.84,HOLD,
609,드론,ACHR,US20210917001,아처 에비에이션,4439877191,0.52,5.78,BUY,
609,드론,RCAT,US20210430005,레드 캣 홀딩스,1300124207,1.3,8.6,BUY,
609,드론,UMAC,AMX0240423001,언유주얼 머신스,1201264099,-1.29,23.67,BUY,
609,드론,EVEX,US20220510003,이브 홀딩스,807225741,-2.6,2.25,BUY,
609,드론,SWMR,NAS2603017002,스워머,527532051,0.39,33.14,BUY,
609,드론,EH,US20191211003,이항 홀딩스(ADR),343006889,-0.67,4.48,BUY,
609,드론,DPRO,US20210730003,드라간플라이,166326054,21.52,5.42,BUY,
609,드론,ZENA,NAS0241001010,제나테크,152411562,2.34,1.75,BUY,
609,드론,EVTL,US20211216008,버티컬 에어로스페이스,117662692,-0.75,0.6782,BUY,
609,드론,UAVS,US20180327006,에이지이글 에어리얼 시스템스,68125713,3.7,1.12,,
609,드론,PRZO,NAS0230727001,패러제로 테크놀로지스,21847926,4.57,0.8787,,
609,드론,DUKR,NAS2605015001,듀크 로보틱스,19307149,0.18,5.63,BUY,
609,드론,DFSC,NAS0221207001,DEFSEC 테크놀로지스,4599268,1.16,1.74,,
565,금융상품거래소,CME,US20021206001,CME 그룹,103050557254,-0.05,285.65,HOLD,
565,금융상품거래소,ICE,US20051116001,인터컨티넨탈 익스체인지,91382746032,-1.0,160.7,BUY,
565,금융상품거래소,NDAQ,US20020701001,나스닥,55665290733,-0.74,98.58,BUY,
565,금융상품거래소,COIN,US20210414003,코인베이스,47261941216,5.31,188.12,BUY,비트코인 약세 부담
565,금융상품거래소,CBOE,US20180917002,CBOE 글로벌 마켓,32510110987,-2.91,300.59,HOLD,가상자산 경쟁 우려
565,금융상품거래소,MKTX,US20041105001,마켓액세스 홀딩스,5742396182,-0.06,162.63,HOLD,
565,금융상품거래소,BLSH,NYS0250813001,불리쉬,4957086602,3.47,34.03,,금리 재가격 부담
565,금융상품거래소,MIAX,NYS0250814001,마이애미 인터내셔널 홀딩스,4278708002,-0.3,42.87,BUY,
565,금융상품거래소,GEMI,NAS0250911002,제미니 스페이스 스테이션,559043529,4.65,4.5,HOLD,
565,금융상품거래소,LGHL,US20200617002,라이언 그룹 홀딩스(ADR),487698,-5.94,0.4957,,
197,돼지고기,TSN,US19860709003,타이슨 푸드,19543607800,-0.47,55.14,HOLD,
197,돼지고기,WYHG,NAS0241126008,윙입푸드(ADR),62330292,-6.88,4.6,,
197,돼지고기,BRID,US19840907010,브리지포드 푸즈,55794583,-0.65,6.09,,
85,우주항공,SPCX,NAS2606012004,스페이스X,1925856189605,1.59,143.75,BUY,
85,우주항공,GE,US20110103002,제너럴 일렉트릭 (에어로스페이스),356429424715,-2.01,335.71,BUY,
85,우주항공,RTX,US20200403004,RTX,286121576434,-1.88,207.73,BUY,
85,우주항공,BA,US19520523001,보잉,173803873954,-0.97,207.78,BUY,
85,우주항공,LMT,US19950316001,록히드 마틴,130490609951,-0.46,561.23,BUY,
85,우주항공,PH,US19641209001,파카 하니핀,125765989480,-1.37,979.44,BUY,
85,우주항공,HWM,US20200401001,하우멧 에어로스페이스,105914134754,-7.51,244.95,BUY,주조 병목 수혜
85,우주항공,TDG,US20060315003,트랜스다임 그룹,65737276700,-1.2,1171.74,BUY,
85,우주항공,HEI,US19920317020,헤이코,39834146298,-1.6,331.15,BUY,
85,우주항공,HEI.A,US19980427001,헤이코 A,39834146298,-2.36,244.17,BUY,
85,우주항공,RKLB,US20210825002,로켓 랩,38641202779,-0.73,63.92,BUY,
85,우주항공,TDY,US19991123001,텔레다인 테크놀로지스,28910966985,-1.45,612.95,BUY,
85,우주항공,AER,US20061121002,에어캡 홀딩스,22839768734,-1.05,145.94,BUY,
85,우주항공,WWD,US19960530007,우드워드,20238167910,-0.58,339.82,BUY,
85,우주항공,FTAI,US20150514001,FTAI 에비에이션,20152927109,-2.5,190.1,,
85,우주항공,TXT,US19680102001,텍스트론,14321220261,-2.99,80.56,BUY,
85,우주항공,EMBJ,US20000721001,임브라에르(ADR),12944728612,-1.35,71.56,BUY,
85,우주항공,CR,NYS0230404002,크레인 컴퍼니,11997703666,-0.81,205.07,BUY,
85,우주항공,MOG.A,US19920221001,무그 A,11932148448,-0.84,371.5,BUY,
85,우주항공,MOG.B,US19950818028,무그 B,11932148448,-2.6,375.0,,
85,우주항공,DCI,US19791127001,도널드슨,10680470535,-1.09,90.89,,
85,우주항공,SARO,NYS0241002003,스탠다드에어로,8299142713,-2.08,24.49,BUY,
85,우주항공,ESE,US19901019001,에스코 테크놀로지스,7195168231,-1.42,273.03,BUY,
85,우주항공,HXL,US19830502002,헥셀,7194202708,-2.32,92.67,HOLD,
85,우주항공,LOAR,NYS0240424001,로어 홀딩스,6735068295,-2.09,70.19,BUY,
85,우주항공,VSEC,US19950818020,VSE,6073703312,-3.32,208.66,BUY,
85,우주항공,KRMN,NYS0250213001,카르만 홀딩스,6056234035,-9.04,41.45,BUY,
85,우주항공,AIR,US19801117001,AAR,5376877576,-2.93,129.29,BUY,
85,우주항공,BETA,NYS0251104001,베타 테크놀로지스,4729271571,-0.3,20.1,,
85,우주항공,FLY,NAS0250807003,파이어플라이 에어로스페이스,3568847879,-0.75,21.1,BUY,
85,우주항공,LUNR,NAS0230214003,인튜이티브 머신스,3528276356,-0.07,15.36,BUY,언더퍼폼 유지
85,우주항공,ATRO,US19840907008,어스트로닉스,2741282286,-2.64,73.71,,
85,우주항공,RDW,US20210903005,레드와이어,2724921436,-1.56,10.7,BUY,비중축소 의견 유지
85,우주항공,DCO,US19720630005,듀코먼,2669440072,-2.77,171.42,BUY,
85,우주항공,VOYG,NYS0250611002,보이저 테크놀로지스,2098463589,-1.92,33.63,BUY,
85,우주항공,AIN,US19870930001,앨버니 인터내셔널,1661714741,-5.0,55.43,HOLD,CFO 공백 우려
85,우주항공,TRS,US20070518001,트리마스,1422009025,-1.87,38.79,BUY,
85,우주항공,YSS,NYS0260129002,요크 스페이스 시스템즈,1235499076,1.34,9.09,,
85,우주항공,WLFC,US19960918001,윌리스 리스 파이낸스,1132636586,1.48,54.21,BUY,
85,우주항공,PKE,US19840425001,파크 에어로스페이스,707120982,0.37,32.54,BUY,
85,우주항공,SPIR,US20210817005,스파이어 글로벌,536473550,0.76,13.27,BUY,
85,우주항공,TATT,US19930311001,TAT 테크놀로지스,472588921,0.33,36.42,BUY,
85,우주항공,SPCE,US20191028003,버진 갤럭틱 홀딩스,446922343,-0.68,2.92,HOLD,
85,우주항공,ISSC,US20000804003,이노베이티브 솔루션즈 앤 서포트,370638298,-8.14,18.97,BUY,
85,우주항공,OPTX,US20220124007,신텍 옵틱스 홀딩스,344131964,-4.34,8.15,,
85,우주항공,MRLN,NAS0241202001,멀린,332417485,-7.62,3.03,BUY,
85,우주항공,AIRO,NAS0250613001,에이로 그룹 홀딩스,245549920,-1.42,7.65,BUY,
85,우주항공,SIDU,US20211209011,사이더스 스페이스,224325543,-2.26,2.16,,
85,우주항공,TAYD,US19950818017,테일러 디바이시스,194035083,0.68,60.41,BUY,
85,우주항공,SIF,US19920318001,SIFCO 인더스트리스,139287645,5.54,23.44,,
85,우주항공,AIRT,US19950105001,에어 T,126971926,-1.18,31.77,,
85,우주항공,HOVR,NAS0230403003,뉴 호라이즌 에어크래프트,118608262,-6.21,1.66,,
85,우주항공,MNTS,US20210813008,모멘투스,90298538,3.66,4.25,BUY,
85,우주항공,SRFM,NYS0230727002,서프 에어 모빌리티,88984449,-2.12,0.7025,BUY,
85,우주항공,CVU,US20221005001,CPI 에어로스트럭처스,71878945,-3.14,5.24,,
85,우주항공,XTIA,US20170301004,XTI 에어로스페이스,52088415,-0.74,1.34,,
85,우주항공,SYPR,US19940525001,사이프리스 솔루션즈,40176600,3.45,1.8,,
85,우주항공,NSYS,US19930624001,노테크 시스템즈,33881866,-2.11,11.59,,
85,우주항공,AIRI,US20130613003,에어 인더스트리스 그룹,13327493,-2.92,2.66,,
685,배터리제조,ENS,US20040730001,에너시스,6707121313,-0.86,183.86,BUY,
685,배터리제조,QS,US20201127007,퀀텀스케이프,3482815049,-0.18,5.6,HOLD,
685,배터리제조,ENR,US20000404003,에너자이저 홀딩스,1529340909,-2.2,21.78,,
685,배터리제조,AMPX,US20220915002,앰프리어스 테크놀로지스,1431600323,-0.1,9.88,BUY,
685,배터리제조,ENVX,US20210715004,에노빅스,739382616,1.19,3.4,BUY,
685,배터리제조,SLDP,US20211209012,솔리드 파워,533129943,0,2.33,BUY,
685,배터리제조,ELVA,NAS0230706001,일렉트로바야,330133607,0,6.65,BUY,
685,배터리제조,MVST,US20210726004,마이크로배스트,278438901,0.3,0.7243,BUY,상장폐지 경고
685,배터리제조,SES,US20210301016,SES AI,194458758,-0.5,0.5197,BUY,
685,배터리제조,ULBI,US19921223001,울트라라이프,108108976,-2.47,6.31,,
685,배터리제조,CBAT,US20181130001,CBAK 에너지 테크놀로지,82677104,8.59,1.01,,
685,배터리제조,DFLI,US20221010001,드래건플라이 에너지 홀딩스,16672370,-1.8,1.09,,
685,배터리제조,FLUX,US20200813003,플럭스 파워 홀딩스,13516142,-8.39,0.5711,,
685,배터리제조,XPON,US20220401009,엑스피언360,7184362,-3.9,7.15,,
685,배터리제조,EZGO,US20210126005,이지고 테크놀로지스,4985884,-7.16,0.87,,
403,이동통신사,VZ,US19831121001,버라이즌,208740166836,-0.16,50.02,BUY,
403,이동통신사,TMUS,US20151027001,T 모바일,195087531243,-0.44,180.57,BUY,
403,이동통신사,T,US19461101001,AT&T,180766084252,-0.46,25.89,BUY,
403,이동통신사,AMX,NYS0230316001,아메리카 모빌 L(ADR),69623308187,-0.6,23.04,BUY,
403,이동통신사,VOD,US19881026001,보다폰 그룹(ADR),37221657779,0,16.04,HOLD,
403,이동통신사,CHT,US20030717001,중화 텔레콤(ADR),33441329459,0.51,43.21,,
403,이동통신사,ECHO,US20071231001,에코스타,25295853191,-0.46,86.44,BUY,
403,이동통신사,BCE,US19830502001,BCE,21937450008,0.55,23.59,BUY,
403,이동통신사,VIV,US20201130008,텔레포니카 브라질(ADR),18249218724,1.32,11.54,HOLD,
403,이동통신사,RCI,US19960207001,로저스 커뮤니케이션스,15743252820,0.82,36.89,HOLD,
403,이동통신사,TIGO,US20190109002,밀리콤 인터내셔널 셀룰러,15688210070,0.44,93.79,HOLD,
403,이동통신사,TU,US19960611001,텔러스,15404045633,0.1,9.68,HOLD,
403,이동통신사,SKM,US19960627003,SK텔레콤(ADR),15128706504,-2.41,38.39,HOLD,
403,이동통신사,TLK,US19951114001,텔콤 인도네시아(ADR),14412779908,0,14.58,,
403,이동통신사,KT,US19990525001,KT(ADR),9394548205,0.25,19.68,BUY,
403,이동통신사,TIMB,US20201016008,팀 브라질(ADR),8455276755,1.64,17.94,HOLD,
403,이동통신사,LILAP,NAS2606017004,리버티 라틴 아메리카 우선주 A (9.0% 누적 상환),5835893668,1.59,21.03,,
403,이동통신사,LILA,US20150706003,리버티 라틴 아메리카 A,5835893668,0.58,8.61,HOLD,
403,이동통신사,LILAK,US20150706004,리버티 라틴 아메리카 C,5835893668,0.83,8.55,HOLD,
403,이동통신사,TDS,US19910918002,텔레폰 앤 데이터 시스템즈,4762584913,0.09,33.68,BUY,
403,이동통신사,TKC,US20000711003,투르크젤 을레티심 히즈메틀레리(ADR),4759352176,-6.85,5.03,,
403,이동통신사,NNI,US20031211001,넬넷,4569807811,-1.65,125.27,,
403,이동통신사,VEON,US20170331001,베온(ADR),4201080783,1.08,61.5,BUY,
403,이동통신사,PHI,US19941019001,PLDT(ADR),3932237863,-1.6,17.86,,
403,이동통신사,LBTYK,NAS0231124003,리버티 글로벌 C,3636553920,0.58,10.49,,
403,이동통신사,LBTYA,US20040608001,리버티 글로벌 A,3636553920,0.66,10.74,HOLD,
403,이동통신사,LBTYB,US20040608002,리버티 글로벌 B,3636553920,2.32,12.77,,
403,이동통신사,KYIV,NAS0250815003,키이우스타 그룹,3111372793,-0.15,13.42,,
403,이동통신사,TSAT,US20211119007,텔레셋,2212408614,1.35,43.4,BUY,
403,이동통신사,TEO,US19941209001,텔레콤 아르헨티나(ADR),1645016318,1.68,13.28,BUY,
403,이동통신사,ATNI,US19911101001,ATN 인터내셔널,464303149,0.17,30.11,,
403,이동통신사,UCL,US20200609002,유클라우드링크 그룹(ADR),14614328,-1.65,0.3763,,
403,이동통신사,SURG,US20211102008,서지페이스,9178425,-2.2,0.1692,BUY,
223,편의점,CASY,US19831020001,케이시스 제너럴 스토어스,28033278688,-0.38,752.59,BUY,
223,편의점,IMKTA,US19870922001,잉글스 마켓,1564124229,-0.39,81.8,,
223,편의점,YSWY,NAS2604022006,예스웨이,1555713932,1.34,24.88,BUY,
223,편의점,VLGEA,US19900327007,빌리지 슈퍼 마켓,653564979,-1.98,43.14,,
223,편의점,ARKO,US20201223001,아르코,491605001,4.35,4.56,BUY,
223,편의점,DIT,US19950804001,암콘 디스트리뷰팅,67531848,4.7,72.24,,
77,스마트폰,AAPL,US19801212001,애플,4678639756835,-0.77,317.24,BUY,리더십 교체 부담
77,스마트폰,MU,US19890516001,마이크론 테크놀로지,1056474194399,2.77,958.73,BUY,CXMT 경쟁 부담
77,스마트폰,QCOM,US19911213001,퀄컴,172875430330,3.79,170.42,HOLD,
77,스마트폰,GLW,US19450521001,코닝,128683903517,0.02,148.73,BUY,
77,스마트폰,TTMI,US20000921001,TTM 테크놀로지스,12534149537,0.23,118.92,,
77,스마트폰,FOXX,US20220801011,폭스 디벨롭먼트 홀딩스,19063700,-1.48,2.66,,
77,스마트폰,CGTL,NAS0241119001,크리에이티브 글로벌 테크놀로지 홀딩스,7344244,0.94,4.3,,
77,스마트폰,SONM,US20190509011,소님 테크놀로지스,5163622,5.78,3.66,,
231,간편식,KHC,US20150706002,크래프트 하인즈,30559802472,-0.04,25.69,HOLD,
231,간편식,GIS,US19521114001,제너럴 밀스,22275178679,-0.84,41.2,HOLD,
231,간편식,HRL,US19900116001,호멜 푸즈,11903838316,1.3,21.85,HOLD,
231,간편식,CAG,US19760112001,콘아그라 브랜즈,7745611882,-0.44,16.02,HOLD,
231,간편식,LW,US20161110001,램 웨스턴 홀딩스,7579691103,-0.82,54.53,HOLD,
231,간편식,CPB,US19541213001,캠벨스,6994299503,1.28,23.69,HOLD,목표가 하향
231,간편식,NOMD,US20160112001,노마드 푸즈,1665303710,-2.02,11.64,BUY,
231,간편식,BGS,US20070523001,비앤지 푸즈,286880150,-1.42,3.47,HOLD,
231,간편식,DDC,AMX0231117001,DDC 엔터프라이즈,19771508,-9.16,0.377,BUY,
231,간편식,RKDA,NAS0230301005,아카디아 바이오사이언시스,1280406,-2.06,0.5191,,
619,지역난방,NGG,US19991007002,내셔널 그리드(ADR),79995551840,-0.24,79.16,BUY,
619,지역난방,CPK,US19930104001,체사피크 유틸리티스,3207999344,0.63,133.54,BUY,
619,지역난방,UTL,US19920317028,유니틸,971040688,0.83,53.54,HOLD,
125,게임개발,FBYD,NAS0231006002,팰컨스 비욘드 글로벌,1200132773,-8.31,9.05,,
125,게임개발,ACEL,US20191121003,악셀 엔터테인먼트,966427145,-1.94,11.64,BUY,
125,게임개발,DDI,US20210831004,더블다운 인터랙티브(ADR),634792796,-0.16,12.75,BUY,
125,게임개발,GRVY,US20050208001,그라비티(ADR),523721141,-1.8,73.81,,
125,게임개발,GDEV,US20210827004,G데브,197842294,6.72,11.6,BUY,자기주식 공개매수
125,게임개발,MRDN,US20220317004,메리디언 홀딩스,177100097,-1.0,13.8,,
125,게임개발,INSE,US20161228001,인스파이어드 엔터테인먼트,156736645,-1.52,5.84,,
125,게임개발,ROLR,AMX0241023001,하이 롤러 테크놀로지스,66026772,3.02,6.15,BUY,
125,게임개발,SNAL,NAS0221110006,스네일,26312966,-1.02,2.9,,
125,게임개발,MSGM,NAS0221110004,모터스포츠 게임스,17899718,1.54,3.95,,
125,게임개발,PLAG,US20181001007,플래닛 그린 홀딩스,9990403,-4.27,0.6701,,
125,게임개발,SEGG,NAS0230615003,로터리닷컴,9249801,-1.77,2.78,BUY,
125,게임개발,DKI,NAS0250808003,다크아이리스,7509058,-3.36,3.45,,
825,전문점,ROST,US19850808002,로스 스토어스,73516908786,-0.04,228.47,BUY,
825,전문점,ORLY,US19930422001,오릴리 오토모티브,71790671584,0.34,88.8,BUY,
825,전문점,AZO,US19910402002,오토존,48488538640,0.99,2991.24,BUY,
825,전문점,WSM,US19900326073,윌리엄스 소노마,27765143908,-2.91,228.25,BUY,목표주가 하향
825,전문점,ULTA,US20071025001,울타 뷰티,22188075563,3.73,536.81,BUY,기존점 매출 둔화
825,전문점,TSCO,US19940218001,트랙터 서플라이,18140454676,0.55,34.91,BUY,
825,전문점,BBY,US19870720001,베스트 바이,17423609494,-2.78,80.15,HOLD,
825,전문점,BURL,US20131002002,벌링턴 스토어스,17192739511,-4.83,259.76,BUY,
825,전문점,RBA,US19980310001,RB 글로벌,15982311698,-1.72,84.58,BUY,
825,전문점,QXO,US20170419001,QXO INC,14478935252,-1.78,13.28,BUY,
825,전문점,DKS,US20021016001,딕스 스포팅 굿즈,12124276154,0.01,135.1,BUY,
825,전문점,GME,US20020211001,게임스탑,8040247763,2.85,18.38,,희석 우려 완화
825,전문점,ACI,US20200625005,앨버트슨 컴퍼니스,6097918528,-1.44,12.35,HOLD,
825,전문점,FND,US20170424002,플로어 앤 데코 홀딩스,5659549023,-5.15,50.27,HOLD,
825,전문점,BOOT,US20141029003,부트 반 홀딩스,4702554341,-2.73,150.63,BUY,
825,전문점,SITE,US20160512004,사이트원 랜드스케이프 서플라이,4219559593,2.22,98.53,BUY,
825,전문점,SIG,US19500508002,시그넷 주얼러스,3261552187,-0.51,82.28,BUY,
825,전문점,RH,US20121102002,RH,2837091359,-0.23,149.15,HOLD,
825,전문점,AEO,US19940429001,아메리칸 이글 아웃피터스,2834766309,-1.42,16.63,HOLD,
825,전문점,ASO,US20201002001,아카데미 스포츠 앤 아웃도어스,2705246750,-1.22,42.97,BUY,
825,전문점,BKE,US19920506001,버클,2243516161,-1.91,42.6,,
825,전문점,ADIG,NYS2608004001,에이디아이 글로벌 디스트리뷰션,1683296063,-1.09,21.87,BUY,
825,전문점,RVLV,US20190606002,리볼브,1633062834,-3.01,22.22,BUY,
825,전문점,SBH,US20061113001,샐리 뷰티 홀딩스,1553726380,-1.03,16.38,,
825,전문점,EYE,US20171025001,내셔널 비전 홀딩스,1378018378,-1.73,17.08,BUY,
825,전문점,CAL,US20150601001,컬레러스,420357258,-2.4,12.18,,
825,전문점,BNED,US20150804003,반즈 앤드 노블 에듀케이션,416085304,1.09,12.1,BUY,
825,전문점,ACCO,US19991109001,애코 브랜즈,397092672,-0.23,4.28,,
825,전문점,SHOE,US19930316001,슈 스테이션 그룹,372727535,0.07,13.7,,
825,전문점,ELA,US20191218001,엔벨라,359024737,0.07,13.8,,
825,전문점,AENT,NAS0230630001,얼라이언스 엔터테인먼트 홀딩,280650807,-10.75,4.9,BUY,
825,전문점,DBI,US20190402004,디자이너 브랜즈,279535732,-0.36,5.47,,
825,전문점,FLWS,US19990803001,1 800 플라워스닷컴,239747372,-2.14,3.65,BUY,
825,전문점,BRLT,US20210922005,브릴리언트 어스 그룹,135798172,5.26,1.4,HOLD,
825,전문점,TLYS,US20120504001,틸리스,121067444,-1.01,3.92,HOLD,
825,전문점,GRWG,US20191202001,그로우제너레이션,95714631,-0.62,1.61,BUY,
825,전문점,PRTS,US20070209001,카파츠닷컴,58797562,-0.55,7.23,,
825,전문점,CATO,US19870430002,케이토,52912333,-1.51,2.61,,
825,전문점,SPWH,US20140416001,스포츠맨스 웨어하우스 홀딩스,45387916,1.72,1.18,BUY,
825,전문점,MATH,NAS0221213006,메탈파 테크놀로지 홀딩,38824541,-6.06,0.772,,
825,전문점,YI,US20180911001,111(ADR),30521521,-4.62,3.3,,
825,전문점,CGTL,NAS0241119001,크리에이티브 글로벌 테크놀로지 홀딩스,7344244,0.94,4.3,,
825,전문점,LESL,US20201029010,레슬리스,4986795,-2.05,0.5201,HOLD,
825,전문점,RDGT,US20091001003,리지텍,3639559,-6.7,0.933,,병합주식 부담
825,전문점,YHC,NAS0230810001,LQR 하우스,2222676,-2.94,1.65,,
283,폐기물처리,WM,US19910930001,웨이스트 매니지먼트,88043824139,-0.34,218.92,BUY,
283,폐기물처리,RSG,US19980701002,리퍼블릭 서비스,68200722818,-0.54,220.92,BUY,
283,폐기물처리,WCN,US19871105008,웨이스트 커넥션스,41858121098,-0.37,165.32,BUY,
283,폐기물처리,CLH,US19871124001,클린 하버스,16446804284,1.46,315.25,BUY,
283,폐기물처리,GFL,US20200302004,GFL 인바이런멘틀,15499603454,-1.26,42.29,BUY,
283,폐기물처리,WTRG,US20200203011,에센셜 유틸리티스,11695498662,0.17,41.17,HOLD,
283,폐기물처리,CWST,US19971029001,카셀라 웨이스트 시스템즈,5978257800,-1.46,92.31,BUY,
283,폐기물처리,BW,US20150702002,밥콕 앤 윌콕스 엔터프라이지스,1240333030,5.31,7.54,BUY,매수의견 개시
283,폐기물처리,OIO,US20220407002,OIO 그룹,703898441,-7.96,1.85,,
283,폐기물처리,ONT,US20200722006,온테리스,600052865,-1.88,16.72,BUY,
283,폐기물처리,ADUR,NAS0241107001,아두로 클린 테크놀로지스,501769839,-2.47,13.82,BUY,
283,폐기물처리,BBCP,US20181207001,콘크리트 펌핑 홀딩스,465404668,-1.74,9.05,HOLD,
283,폐기물처리,PESI,US19921208001,퍼마 픽스 인바이런멘틀 서비시스,385537915,0.22,18.16,,
283,폐기물처리,YDDL,NAS0251009003,원앤원 그린 테크놀로지,92710232,37.58,2.27,,
283,폐기물처리,SCWO,US20220614001,374워터,49570136,1.79,2.84,,
283,폐기물처리,QRHC,US20140519001,퀘스트 리소스 홀딩,30034541,-1.41,1.4,BUY,
283,폐기물처리,LOOP,US20171120001,루프 인더스트리,25333975,-5.48,0.4936,,
283,폐기물처리,SKYQ,NAS0241010011,스카이 쿼리,23295950,1.52,2.67,,
283,폐기물처리,AWX,US19980521002,아발론 홀딩스,10440223,-2.25,2.61,,
205,반도체파운드리,TSM,US19971008002,TSMC(ADR),2171434637682,-0.53,415.32,BUY,
205,반도체파운드리,UMC,US20000919001,UMC(ADR),49768524776,0.45,19.88,SELL,CPO 상용화 부각
205,반도체파운드리,GFS,US20211027013,글로벌파운드리스,24627649813,-0.16,44.69,BUY,
205,반도체파운드리,TSEM,US19941025001,타워 세미컨덕터,23576484955,-1.45,205.0,,
727,주거용 리츠,WELL,US20180228001,웰타워,172061439879,-0.77,236.24,BUY,
727,주거용 리츠,EQR,US19930812002,비브마크 레지덴셜,50853484423,-0.61,65.14,BUY,
727,주거용 리츠,NLY,US19971008001,애널리 캐피탈 매니지먼트,19338293543,-0.52,22.92,,
727,주거용 리츠,ESS,US19940606001,에섹스 프라퍼티 트러스트,18304557628,-0.38,282.96,HOLD,
727,주거용 리츠,INVH,US20170201002,인비테이션 홈즈,17317498629,-0.34,29.14,BUY,
727,주거용 리츠,MAA,US19940128001,미드아메리카 아파트 커뮤니티,15130279881,-0.59,128.85,HOLD,
727,주거용 리츠,AGNC,US20080516001,AGNC 인베스트먼트,15040181382,-0.56,10.72,HOLD,
727,주거용 리츠,SUI,US19931208002,선 커뮤니티스,15013105083,-1.22,121.42,BUY,
727,주거용 리츠,ELS,US19930303001,에퀴티 라이프스타일 프로퍼티스,12403826856,-0.45,63.45,BUY,
727,주거용 리츠,AMH,US20130801002,아메리칸 홈즈 포 렌트 A,12311942819,-0.72,33.3,BUY,
727,주거용 리츠,UDR,US19900507001,UDR,11958249276,-0.46,36.95,HOLD,
727,주거용 리츠,CPT,US19930722001,캠든 프로퍼티,10721877466,-0.52,105.8,HOLD,
727,주거용 리츠,RITM,US20130502002,리듬 캐피탈,8965424535,-0.5,10.03,BUY,
727,주거용 리츠,SLG,US19970815003,SL 그린 리얼티,4286534584,-2.71,55.98,HOLD,
727,주거용 리츠,IRT,US20170801002,인디펜더스 리얼티,3855608473,-0.8,16.18,BUY,
727,주거용 리츠,ARR,US20071203001,아머 레지덴셜 리츠,2473444913,-0.61,16.22,,
727,주거용 리츠,DEI,US20061025001,더글러스 에밋,1975064140,-1.7,11.56,HOLD,
727,주거용 리츠,CIM,US20071116004,키메라 인베스트먼트,1855577277,-0.35,11.46,,
727,주거용 리츠,UMH,US19931206001,UMH 프라퍼티스,1692223406,-0.18,16.45,BUY,
727,주거용 리츠,ABR,US20040407001,아버 리얼티,1435036649,-0.99,5.01,HOLD,
727,주거용 리츠,ADAM,US20040624001,아다마스 트러스트,1428675649,-0.71,9.73,HOLD,
727,주거용 리츠,ALX,US19691007001,알렉산더스,1383748177,0.54,271.66,,
727,주거용 리츠,ORC,US20141008001,오키드 아일랜드 캐피탈,1333692625,0,6.59,HOLD,
727,주거용 리츠,MFA,US19980413001,MFA 파이낸셜,1323509106,-0.11,8.82,BUY,
727,주거용 리츠,SAFE,NYS0230331002,세이프홀드,1091451015,-1.5,15.14,,
727,주거용 리츠,CSR,US20201221006,센터스페이스,883790140,0.02,52.49,HOLD,
727,주거용 리츠,AHH,US20130508001,AH 리얼리티 트러스트,802497874,-0.92,6.48,BUY,
727,주거용 리츠,JBGS,US20170718001,JBG 스미스 프로퍼티스,709547507,-0.25,12.05,,
727,주거용 리츠,NXRT,US20150402002,넥스포인트 레지덴셜 트러스트,603359158,0.68,23.71,HOLD,
727,주거용 리츠,MITT,US20110630002,AG 모기지 인베스트먼트 트러스트,426823245,0.6,6.73,,
727,주거용 리츠,AIV,US19940722001,아파트먼트 인베스트먼트 앤 매니지먼트,371376498,-1.57,2.51,,
727,주거용 리츠,BRT,US19880112001,BRT 어파트먼츠,274197051,-1.58,14.32,,
727,주거용 리츠,EARN,US20130501001,엘링턴 크레딧,167331171,0.23,4.37,,
727,주거용 리츠,RPT,US20150603003,리듬 프로퍼티 트러스트,152480756,-1.24,12.7,,
727,주거용 리츠,ELME,US19920317029,엘름 커뮤니티스,149693352,0,1.68,HOLD,
727,주거용 리츠,LFT,US20201228004,루먼트 파이낸스 트러스트,78390019,-2.13,0.726,,
727,주거용 리츠,CLPR,US20170210002,클리퍼 리얼티,53791207,-0.9,3.29,,
727,주거용 리츠,BHM,US20221006001,블루록 홈스 트러스트,35488361,-2.44,8.4,,
1,운송,SPCX,NAS2606012004,스페이스X,1925856189605,1.59,143.75,BUY,
1,운송,BRK.A,US19800317002,버크셔 해서웨이 A,1084280585679,-0.18,756650.01,,
1,운송,BRK.B,US20100121001,버크셔 해서웨이 B,1084280585679,-0.19,504.03,BUY,
1,운송,GE,US20110103002,제너럴 일렉트릭 (에어로스페이스),356429424715,-2.01,335.71,BUY,
1,운송,RTX,US20200403004,RTX,286121576434,-1.88,207.73,BUY,
1,운송,TTE,US20210611013,토탈에너지스,197564958465,2.27,88.31,BUY,유가 급등 수혜
1,운송,UNP,US19690620001,유니온 퍼시픽,183128907245,-1.74,300.67,BUY,
1,운송,BA,US19520523001,보잉,173803873954,-0.97,207.78,BUY,
1,운송,UBER,US20190509010,우버,161439034386,-4.02,75.65,BUY,
1,운송,LMT,US19950316001,록히드 마틴,130490609951,-0.46,561.23,BUY,
1,운송,PH,US19641209001,파카 하니핀,125765989480,-1.37,979.44,BUY,
1,운송,ENB,US20011030001,엔브리지,109942171513,0.74,50.57,HOLD,
1,운송,HWM,US20200401001,하우멧 에어로스페이스,105914134754,-7.51,244.95,BUY,주조 병목 수혜
1,운송,CSX,US20151222001,CSX,95257159056,-1.25,50.5,BUY,
1,운송,WMB,US19870602001,윌리엄스 컴퍼니스,90433102275,1.79,75.05,BUY,에너지주 강세
1,운송,UPS,US19991110002,유나이티드 파셀 서비스,89860211413,-1.04,104.23,BUY,
1,운송,CP,US19520402001,캐나디안 퍼시픽 레일웨이,82967347720,-1.52,92.69,BUY,
1,운송,NSC,US19820602001,노퍽서던,78532649823,-1.69,342.79,HOLD,
1,운송,FDX,US19780412001,페덱스,78525696716,-1.05,327.4,BUY,
1,운송,CNI,US19951117002,캐나디안 내셔널 레일웨이,76332787048,-1.0,124.75,BUY,
1,운송,TDG,US20060315003,트랜스다임 그룹,65737276700,-1.2,1171.74,BUY,
1,운송,DAL,US19670703001,델타 항공,52801239127,-2.59,78.0,BUY,
1,운송,WAB,US19950615002,웨스팅하우스 에어 브레이크 테크놀로지,49497084684,-2.16,285.93,BUY,
1,운송,ODFL,US19911024001,올드 도미니언 프레이트 라인,41300948359,0.66,199.95,HOLD,
1,운송,HEI,US19920317020,헤이코,39834146298,-1.6,331.15,BUY,
1,운송,HEI.A,US19980427001,헤이코 A,39834146298,-2.36,244.17,BUY,
1,운송,VIK,NYS0240430002,바이킹 홀딩스,39636583493,-2.67,86.14,,
1,운송,RKLB,US20210825002,로켓 랩,38641202779,-0.73,63.92,BUY,
1,운송,UAL,US20180907001,유나이티드 항공,35998068755,-2.33,108.02,BUY,
1,운송,CPNG,US20210310005,쿠팡,29776869775,-2.78,16.06,BUY,
1,운송,RYAAY,US19970529001,라이언에어 홀딩스(ADR),29194237056,-1.35,55.37,BUY,
1,운송,TDY,US19991123001,텔레다인 테크놀로지스,28910966985,-1.45,612.95,BUY,
1,운송,EXPD,US19900326013,익스피다이터스 인터내셔널 오브 워싱턴,24892839685,-0.69,189.65,HOLD,
1,운송,JBHT,US19831122002,JB 헌트 트랜스포트 서비시스,24582292184,1.7,265.48,BUY,
1,운송,AER,US20061121002,에어캡 홀딩스,22839768734,-1.05,145.94,BUY,
1,운송,XPO,US20020726003,엑스포,22138772427,2.88,193.99,BUY,
1,운송,WWD,US19960530007,우드워드,20238167910,-0.58,339.82,BUY,
1,운송,FTAI,US20150514001,FTAI 에비에이션,20152927109,-2.5,190.1,,
1,운송,FDXF,NYS2606001001,페덱스 프레이트 홀딩,20008278133,0.22,133.74,BUY,
1,운송,LUV,US19770627001,사우스웨스트 항공,19445747711,-2.8,38.53,HOLD,
1,운송,CHRW,US19971015001,CH 로빈슨 월드와이드,17621773869,-0.48,149.67,BUY,
1,운송,ZTO,US20161027005,ZTO 익스프레스(ADR),16459076723,-1.53,21.17,BUY,
1,운송,LTM,NYS0240725002,라탐 에어라인스 그룹(ADR),14547616784,-1.5,49.77,BUY,
1,운송,TXT,US19680102001,텍스트론,14321220261,-2.99,80.56,BUY,
1,운송,EMBJ,US20000721001,임브라에르(ADR),12944728612,-1.35,71.56,BUY,
1,운송,CR,NYS0230404002,크레인 컴퍼니,11997703666,-0.81,205.07,BUY,
1,운송,UHAL.B,NAS0221110012,유홀 홀딩 B,11936934149,-1.26,59.67,,
1,운송,UHAL,US19941102001,유홀 홀딩,11936934149,-1.81,67.35,HOLD,
1,운송,MOG.A,US19920221001,무그 A,11932148448,-0.84,371.5,BUY,
1,운송,MOG.B,US19950818028,무그 B,11932148448,-2.6,375.0,,
1,운송,TFII,US20200213006,TFI 인터내셔널,10987401550,0.66,134.19,BUY,
1,운송,KNX,US19941025002,나이트 스위프트 트랜스포테이션 홀딩스,10973924926,1.89,68.51,BUY,
1,운송,PAC,US20060224001,그루포 아에로포르투아리오 델 파시피코(ADR),10806818331,-0.73,206.04,BUY,
1,운송,DCI,US19791127001,도널드슨,10680470535,-1.09,90.89,,
1,운송,FRO,US20010806003,프론트라인,9864863678,-0.93,43.78,BUY,사상 최대 실적
1,운송,R,US19860313002,라이더 시스템,9453988028,-0.57,244.46,BUY,
1,운송,SAIA,US20020911001,사이아,9422084694,0.82,355.13,BUY,
1,운송,YMM,US20210622014,풀 트럭 얼라이언스(ADR),9165999761,-3.86,8.47,BUY,
1,운송,AAL,US20131210001,아메리칸 항공,9054196558,-1.61,13.42,BUY,
1,운송,LINE,NAS0240725003,리니지,8978275085,-0.18,39.25,HOLD,
1,운송,SARO,NYS0241002003,스탠다드에어로,8299142713,-2.08,24.49,BUY,
1,운송,ASR,US20000928002,그루포 아에로포르투아리오 델 수레스테(ADR),7746927482,-0.39,256.51,BUY,
1,운송,AVAV,US20070123001,에어로바이런먼트,7539453966,0.32,148.41,BUY,
1,운송,KEX,US19961015001,커비,7362637522,2.01,141.86,,
1,운송,ESE,US19901019001,에스코 테크놀로지스,7195168231,-1.42,273.03,BUY,
1,운송,HXL,US19830502002,헥셀,7194202708,-2.32,92.67,HOLD,
1,운송,JOBY,US20210811006,조비 에비에이션,6923146768,-2.01,6.84,HOLD,
1,운송,LOAR,NYS0240424001,로어 홀딩스,6735068295,-2.09,70.19,BUY,
1,운송,MATX,US19920128001,맷슨,6726161954,0.22,224.81,BUY,
1,운송,GATX,US20160701004,GATX,6286587129,-1.5,174.93,BUY,
1,운송,LSTR,US19930305001,랜드스타 시스템,6126531099,0.41,180.76,HOLD,
1,운송,VSEC,US19950818020,VSE,6073703312,-3.32,208.66,BUY,
1,운송,KRMN,NYS0250213001,카르만 홀딩스,6056234035,-9.04,41.45,BUY,
1,운송,SNDR,US20170405002,슈나이더 내셔널,6054029855,0.2,34.51,BUY,
1,운송,CMBT,US20150123002,CMB테크,5814196448,-0.38,18.28,,2분기 실적 호조
1,운송,GXO,US20210802005,GXO 로지스틱스,5474056171,0.27,47.73,BUY,
1,운송,AIR,US19801117001,AAR,5376877576,-2.93,129.29,BUY,
1,운송,CPA,US20051215001,코파 홀딩스,5300708259,-1.05,126.45,BUY,
1,운송,INSW,US20161201001,인터내셔널 시웨이스,4907699858,-0.17,98.64,BUY,
1,운송,ALK,US19830103001,알래스카 에어 그룹,4736082590,-2.34,41.33,BUY,
1,운송,BETA,NYS0251104001,베타 테크놀로지스,4729271571,-0.3,20.1,,
1,운송,TDW,US19700519001,타이드워터,4621144239,0.54,93.12,HOLD,
1,운송,ACHR,US20210917001,아처 에비에이션,4439877191,0.52,5.78,BUY,
1,운송,OMAB,US20061129001,그루포 아에로포르투아리오 센트로 노르테(ADR),4294220103,-1.35,99.3,BUY,
1,운송,HAFN,NYS0240409001,하프니아,4245351661,-0.35,8.44,BUY,현금배당 확정
1,운송,CAAP,US20180131004,아메리카 에어포츠,3992773623,1.21,23.47,BUY,
1,운송,STNG,US20100331002,스콜피오 탱커스,3918635998,1.06,78.86,BUY,
1,운송,SKYW,US19860626001,스카이웨스트,3849554411,-4.26,94.66,BUY,
1,운송,BWLP,NYS0240429002,BW LPG,3823737924,1.29,24.25,BUY,
1,운송,RXO,US20221101014,RXO,3623507068,-3.01,21.25,HOLD,
1,운송,FLY,NAS0250807003,파이어플라이 에어로스페이스,3568847879,-0.75,21.1,BUY,
1,운송,LUNR,NAS0230214003,인튜이티브 머신스,3528276356,-0.07,15.36,BUY,언더퍼폼 유지
1,운송,SBLK,US20000124001,스타 벌크 캐리어스,3413140304,1.38,30.9,BUY,
1,운송,TRMD,US20171211001,톰,3348433709,0.61,32.82,,
1,운송,ZIM,US20210128010,ZIM 인티그레이티드 시핑 서비시스,3316189185,-0.15,27.4,,
1,운송,PONY,NAS0241127002,포니 AI (ADR),3301945539,-6.6,7.08,,
1,운송,DHT,US20051013001,DHT 홀딩스,3174818937,-0.31,19.6,BUY,
1,운송,TNK,US20071213003,티케이 탱커스,3081393357,1.06,89.64,BUY,
1,운송,ARCB,US20140502001,아크베스트,3060278898,1.05,137.98,BUY,
1,운송,LIME,NAS2607001006,뉴트론 홀딩스,2759026272,-4.32,40.51,BUY,
1,운송,DAC,US20061006001,다나오스,2750485630,0.53,151.48,BUY,
1,운송,ATRO,US19840907008,어스트로닉스,2741282286,-2.64,73.71,,
1,운송,PBI,US19500918001,피트니 보우스,2738311187,-0.46,17.13,HOLD,
1,운송,RDW,US20210903005,레드와이어,2724921436,-1.56,10.7,BUY,비중축소 의견 유지
1,운송,DCO,US19720630005,듀코먼,2669440072,-2.77,171.42,BUY,
1,운송,ECO,NYS0231211001,오케아니스 에코 탱커스,2664388098,-0.18,66.74,BUY,
1,운송,NMM,US20071113001,나비오스 마리타임 파트너스,2473744035,1.34,88.33,,
1,운송,HUBG,US19960313001,허브 그룹,2428977566,0.66,39.87,HOLD,
1,운송,TRN,US19870330001,트리니티 인더스트리스,2338363427,-1.54,28.82,,
1,운송,WERN,US19860627001,웨너 엔터프라이지스,2310683703,1.98,39.18,HOLD,
1,운송,ALGT,US20061208001,얼리전트 트래블,2163999925,-3.56,76.13,BUY,
1,운송,LPG,US20140508002,도리언 LPG,2135601222,0.52,50.04,BUY,
1,운송,CMRE,US20101104001,코스타마레,2133236303,-0.84,15.28,BUY,
1,운송,VOYG,NYS0250611002,보이저 테크놀로지스,2098463589,-1.92,33.63,BUY,
1,운송,AERO,NYS0251106001,그루포 에어로멕시코(ADR),2004128414,-0.96,14.51,BUY,
1,운송,WRD,NAS0240821003,위라이드(ADR),1995678684,-4.79,5.76,BUY,
1,운송,GCT,US20220818001,기가클라우드 테크놀로지,1896076995,-8.39,48.51,BUY,
1,운송,SFL,US20040614001,SFL,1822301941,0.65,12.45,BUY,
1,운송,JBLU,US20020412001,제트블루 항공,1816098232,-4.17,4.6,HOLD,
1,운송,GSL,US20080815003,글로벌 십 리스,1725312881,0.07,44.55,BUY,
1,운송,FLNG,US20190617005,플렉스 LNG,1707528865,0.57,31.66,SELL,
1,운송,AIN,US19870930001,앨버니 인터내셔널,1661714741,-5.0,55.43,HOLD,CFO 공백 우려
1,운송,DSGR,US20220509002,디스트리뷰션 솔루션즈 그룹,1613668600,-0.03,34.78,HOLD,
1,운송,TEN,US20020305001,차코스 에너지 내비게이션,1591289657,-0.28,42.4,,
1,운송,NAT,US19970930001,노르딕 아메리칸 탱커스,1437509488,0.89,6.83,HOLD,목표가 상향
1,운송,GBX,US19940721001,그린브라이어 컴퍼니스,1424362288,-1.83,45.07,SELL,
1,운송,TRS,US20070518001,트리마스,1422009025,-1.87,38.79,BUY,
1,운송,CCEC,US20161109006,캐피탈 클린 에너지 캐리어스,1371795453,0.4,22.81,BUY,
1,운송,NVGS,US20131121003,네비게이터 홀딩스,1365343475,0.23,22.11,,
1,운송,ULCC,US20210331003,프런티어 그룹 홀딩스,1348171652,-2.4,5.7,HOLD,
1,운송,RCAT,US20210430005,레드 캣 홀딩스,1300124207,1.3,8.6,BUY,
1,운송,VTOL,US20200612004,브리스토우 그룹,1299823105,3.8,45.39,,
1,운송,YSS,NYS0260129002,요크 스페이스 시스템즈,1235499076,1.34,9.09,,
1,운송,UMAC,AMX0240423001,언유주얼 머신스,1201264099,-1.29,23.67,BUY,
1,운송,MRTN,US19860925002,마텐 트랜스포트,1175898845,0.35,14.41,BUY,
1,운송,TK,US19950719002,티케이,1138638965,0.84,13.16,,
1,운송,WLFC,US19960918001,윌리스 리스 파이낸스,1132636586,1.48,54.21,BUY,
1,운송,GNK,US20150720001,젠코 시핑 앤 트레이딩,1131135380,1.35,26.23,,
1,운송,SB,US20080529001,세이프 벌커스,975187638,1.29,8.63,BUY,
1,운송,HTLD,US19861105001,하트랜드 익스프레스,944511465,1.4,12.35,HOLD,
1,운송,CVLG,US20200706001,코버넌트 로지스틱스 그룹,890165321,1.06,35.35,BUY,
1,운송,RJET,US20180808001,리퍼블릭 에어웨이즈 홀딩스,863857019,-5.43,17.4,,
1,운송,CYRX,US20150724001,크라이오포트,817193773,-0.62,15.99,BUY,
1,운송,EVEX,US20220510003,이브 홀딩스,807225741,-2.6,2.25,BUY,
1,운송,HSHP,NYS0230331001,히말라야 시핑,789494999,0.24,16.74,BUY,
1,운송,VLRS,US20130918004,볼라리스 항공(ADR),788037769,-2.97,6.54,BUY,
1,운송,ASC,US20130801003,아드모어 시핑,711146266,0.17,17.39,,
1,운송,PKE,US19840425001,파크 에어로스페이스,707120982,0.37,32.54,BUY,
1,운송,PKOH,US19900326042,파크 오하이오 홀딩스,664893325,-1.49,45.08,,
1,운송,FWRD,US19931116001,포워드 에어,575521269,0.06,17.0,BUY,
1,운송,ESEA,US20060505001,유로시스,542146388,0.47,76.99,,
1,운송,SPIR,US20210817005,스파이어 글로벌,536473550,0.76,13.27,BUY,
1,운송,BLDE,US20210510002,스트라타 크리티컬 메디컬,529604847,-5.19,5.66,BUY,
1,운송,PANL,US20141006001,판게아 로지스틱스 솔루션즈,529175435,0.74,8.12,,
1,운송,SWMR,NAS2603017002,스워머,527532051,0.39,33.14,BUY,
1,운송,ULH,US20160502001,유니버설 로지스틱스 홀딩스,516120446,-4.3,18.68,,
1,운송,CMDB,NYS0250507001,코스타마레 벌커스 홀딩스,500043206,-0.24,20.47,,
1,운송,TATT,US19930311001,TAT 테크놀로지스,472588921,0.33,36.42,BUY,
1,운송,SPCE,US20191028003,버진 갤럭틱 홀딩스,446922343,-0.68,2.92,HOLD,
1,운송,SERV,NAS0240418004,서브 로보틱스,437342775,-3.18,4.87,BUY,
1,운송,DSX,US20050318001,다이애나 시핑,417349366,-1.8,2.73,,
1,운송,RLGT,US20061101001,레이디언트 로지스틱스,409499490,-2.06,8.54,BUY,
1,운송,FSTR,US19900326019,LB 포스터,394103322,0.29,37.47,,
1,운송,SHIP,NAS0230216001,시너지 마리타임 홀딩스,386541400,-0.73,17.66,,
1,운송,ISSC,US20000804003,이노베이티브 솔루션즈 앤 서포트,370638298,-8.14,18.97,BUY,
1,운송,KNOP,US20130410002,놋 오프쇼어 파트너스,367910594,-0.92,10.8,,
1,운송,GASS,US20051006001,스텔스가스,353866362,0.74,9.56,,
1,운송,ORBS,NAS0230404003,에이트코 홀딩스,346624228,-5.01,0.764,,
1,운송,OPTX,US20220124007,신텍 옵틱스 홀딩스,344131964,-4.34,8.15,,
1,운송,EH,US20191211003,이항 홀딩스(ADR),343006889,-0.67,4.48,BUY,
1,운송,MRLN,NAS0241202001,멀린,332417485,-7.62,3.03,BUY,
1,운송,DUOT,US20200213002,듀오스 테크놀로지 그룹,294764635,-0.75,9.27,BUY,
1,운송,DLNG,US20141230002,다이나가스 LNG 파트너스,280518767,0.26,3.86,,
1,운송,ASLE,US20201223003,에어세일 코퍼레이션,269443460,-2.31,5.5,HOLD,
1,운송,SMHI,US20170602001,시코 마린 홀딩스,256024735,1.49,9.55,BUY,
1,운송,IMPP,US20211206004,임페리얼 페트롤리엄,255657605,1.16,5.25,,
1,운송,PAMT,US19811104001,팜트,252420849,1.75,12.23,,
1,운송,AIRO,NAS0250613001,에이로 그룹 홀딩스,245549920,-1.42,7.65,BUY,
1,운송,RAIL,US20050406001,프레이트카 아메리카,235762538,-3.77,6.9,,
1,운송,SIDU,US20211209011,사이더스 스페이스,224325543,-2.26,2.16,,
1,운송,TORO,NAS0230308005,토로,215899001,-0.48,6.2,,
1,운송,MRT,US20210811003,마르트 테크놀로지스,194993382,1.33,2.29,BUY,
1,운송,TAYD,US19950818017,테일러 디바이시스,194035083,0.68,60.41,BUY,
1,운송,DPRO,US20210730003,드라간플라이,166326054,21.52,5.42,BUY,
1,운송,ZENA,NAS0241001010,제나테크,152411562,2.34,1.75,BUY,
1,운송,EDRY,US20180531001,유로드라이,144803168,-2.4,49.16,,
1,운송,PAL,NAS0240509004,프로피션트 오토 로지스틱스,144308780,-1.75,5.04,,
1,운송,SIF,US19920318001,SIFCO 인더스트리스,139287645,5.54,23.44,,
1,운송,AIRT,US19950105001,에어 T,126971926,-1.18,31.77,,
1,운송,FLYX,US20210716006,플라이익스클루시브,125907175,-4.88,1.17,,
1,운송,RYDE,AMX0240229002,라이드 그룹,120325935,0.86,0.6715,,
1,운송,HOVR,NAS0230403003,뉴 호라이즌 에어크래프트,118608262,-6.21,1.66,,
1,운송,EVTL,US20211216008,버티컬 에어로스페이스,117662692,-0.75,0.6782,BUY,
1,운송,LPA,US20210330015,로지스틱 프로퍼티스 오브 디 아메리카스,96947736,-0.66,3.03,BUY,
1,운송,MNTS,US20210813008,모멘투스,90298538,3.66,4.25,BUY,
1,운송,SRFM,NYS0230727002,서프 에어 모빌리티,88984449,-2.12,0.7025,BUY,
1,운송,HMR,NAS0221229002,하이드마 마리타임 홀딩스,83408341,-1.42,1.39,,
1,운송,NPT,NAS0251022004,텍손 홀딩,78529242,-1.42,3.48,,반기 실적 개선
1,운송,GLBS,US20080624001,글로버스 마리타임,76612261,3.11,3.65,,
1,운송,SFWL,NAS0230331007,성펑 디벨롭먼트,75321347,-1.15,0.9,,
1,운송,CVU,US20221005001,CPI 에어로스트럭처스,71878945,-3.14,5.24,,
1,운송,UAVS,US20180327006,에이지이글 에어리얼 시스템스,68125713,3.7,1.12,,
1,운송,CRGO,NAS0230130001,프레이토스,67892291,-2.29,1.28,BUY,
1,운송,NCEW,NAS0241121003,뉴 센추리 로지스틱스,58368690,4.45,19.0,,
1,운송,PXS,US20151029002,픽시스 탱커스,55033588,1.49,5.44,BUY,2분기 실적 호조
1,운송,XTIA,US20170301004,XTI 에어로스페이스,52088415,-0.74,1.34,,
1,운송,PTLE,NAS0241016006,PTL,51017312,-5.93,7.62,,
1,운송,NCT,NAS0250328003,인터컨트,47097586,6.98,5.21,,
1,운송,SYPR,US19940525001,사이프리스 솔루션즈,40176600,3.45,1.8,,
1,운송,ETS,NAS0250821003,엘리트 익스프레스 ,40033526,1.96,0.8356,,
1,운송,BANL,NAS0230323001,CBL 인터내셔널,33886498,-3.54,15.53,,ATM 공모 부담
1,운송,NSYS,US19930624001,노테크 시스템즈,33881866,-2.11,11.59,,
1,운송,PSIG,NAS0240719002,PS 인터내셔널 그룹,27754238,-8.89,1.64,,
1,운송,USEA,US20220706004,유나이티드 마리타임,26397938,0,2.76,,
1,운송,MWYN,NAS0250313005,마윈 홀딩스,25515698,3.97,1.31,,
1,운송,SLGB,NAS0251015002,스마트 로지스틱스 글로벌,23374350,-7.34,0.48,,
1,운송,HTCO,NAS0221219002,하이 트렌드 인터내셔널 그룹,23174511,-0.39,2.54,,
1,운송,CTRM,US20190211001,캐스터 마리타임,22672325,-2.56,2.28,,
1,운송,PRZO,NAS0230727001,패러제로 테크놀로지스,21847926,4.57,0.8787,,
1,운송,PSHG,NAS0221115007,퍼포먼스 시핑,20943683,2.98,1.73,,
1,운송,DUKR,NAS2605015001,듀크 로보틱스,19307149,0.18,5.63,BUY,
1,운송,TGHL,NAS0250828005,더 그로우허브,18946056,1.9,0.761,,
1,운송,SVRN,US20211130008,오션팔,16449296,3.66,9.06,,
1,운송,BTOC,NAS0240514002,암로지 홀딩,13898401,-3.74,0.2936,,
1,운송,AIRI,US20130613003,에어 인더스트리스 그룹,13327493,-2.92,2.66,,
1,운송,PGHL,NAS0240723005,프리메가 그룹 홀딩스,13308827,-1.82,1.62,,
1,운송,QNME,NAS0240628003,쿼놈 테크놀로지스,12221000,-6.78,0.33,,
1,운송,SOAR,US20220121005,볼라토 그룹,11665165,7.19,0.2325,,
1,운송,RVSN,US20220330004,레일 비전,9694228,3.4,4.56,,
1,운송,ELOG,NAS0250828002,이스턴 인터내셔널,9011057,-4.33,0.67,,
1,운송,SGLY,US20220107005,싱귤러리티 퓨처 테크놀로지,7965497,-8.84,1.34,,
1,운송,JYD,NAS0230421002,제이유드 글로벌 로지스틱스,7592819,-4.63,0.8702,,
1,운송,HXHX,NAS0250415002,하오신 홀딩스,7234541,-9.24,0.4762,,
1,운송,WETO,NAS0250227006,위투어 로보틱스,6182041,-3.67,5.51,,
1,운송,RITR,NAS0240820006,리타 로그텍 홀딩스,5491435,4.9,0.092,,
1,운송,DSS,US19970103003,DSS,5478211,-1.23,0.5373,,
1,운송,DFSC,NAS0221207001,DEFSEC 테크놀로지스,4599268,1.16,1.74,,
1,운송,ATXG,US20220831001,애던택스 그룹,4370536,-4.32,3.54,,
1,운송,TOPS,US20040723002,탑 십스,4189398,-0.12,0.753,,
1,운송,ICON,NAS0240712002,아이콘 에너지,3561010,1.99,1.0,,
1,운송,RBNE,NAS0250415003,로빈 에너지,3500254,-0.76,2.6,,
1,운송,RUBI,NAS0250804007,루비코,3071760,5.26,1.8,,
1,운송,CISS,NAS0230622001,C3IS,2700660,-4.42,1.73,,
1,운송,GVH,NAS0231108006,글로버벤드,2315961,-1.48,0.9951,,
1,운송,FRGT,NAS0230324003,프레이트 테크놀로지스,893895,-6.9,1.35,,
67,기계,BRK.A,US19800317002,버크셔 해서웨이 A,1084280585679,-0.18,756650.01,,
67,기계,BRK.B,US20100121001,버크셔 해서웨이 B,1084280585679,-0.19,504.03,BUY,
67,기계,CAT,US19291202001,캐터필러,369606269587,-0.35,797.47,BUY,
67,기계,DE,US19580804001,디어,170422162369,3.9,654.91,BUY,농기계 수요 회복 전망
67,기계,PH,US19641209001,파카 하니핀,125765989480,-1.37,979.44,BUY,
67,기계,HWM,US20200401001,하우멧 에어로스페이스,105914134754,-7.51,244.95,BUY,주조 병목 수혜
67,기계,TT,US20200302006,트레인 테크놀로지,99054304493,-1.02,444.4,BUY,
67,기계,EMR,US19530423001,에머슨 일렉트릭,86798362035,-1.77,152.44,BUY,목표주가 하향
67,기계,JCI,US19651011001,존슨 콘트롤즈 인터내셔널,84788877671,-0.97,138.24,BUY,
67,기계,LITE,US20150805002,루멘텀 홀딩스,80503127097,2.21,914.76,BUY,AI 관련주 약세
67,기계,ITW,US19730313001,일리노이 툴 웍스,79992701884,-1.69,275.37,HOLD,
67,기계,URI,US19971218001,유나이티드 렌탈스,64302350250,0.75,1038.0,BUY,
67,기계,GWW,US19750729001,W W 그레인저,61697816147,0.24,1309.49,HOLD,
67,기계,TER,US20181127001,테라다인,55649480422,-1.45,349.83,BUY,
67,기계,KEYS,US20141104006,키사이트 테크놀로지스,54641319903,0.85,322.7,BUY,
67,기계,AME,US19300701001,아메텍,54312492528,-0.46,235.17,BUY,
67,기계,ROK,US19560829001,로크웰 오토메이션,47978518587,-1.49,424.43,BUY,이사 주식 매도
67,기계,IX,US19980916001,오릭스(ADR),42597377391,-0.08,38.97,,
67,기계,ROP,US19961101001,로퍼 테크놀로지스,42267917119,-0.37,424.64,BUY,
67,기계,WAT,US19951117004,워터스,40854983931,-0.01,414.63,BUY,
67,기계,JBL,US19930429001,자빌,31675270781,1.26,305.26,BUY,
67,기계,IR,US19480609001,잉가솔 랜드,30573163806,-1.95,77.05,BUY,
67,기계,SUNB,NYS2603002003,선벨트 렌탈스,30058487307,-1.26,72.28,BUY,
67,기계,TDY,US19991123001,텔레다인 테크놀로지스,28910966985,-1.45,612.95,BUY,
67,기계,MTD,US19971114002,메틀러 톨레도 인터내셔널,28100090930,0.47,1405.14,BUY,
67,기계,DOV,US19561203001,도버,26832136638,-1.98,194.23,BUY,
67,기계,HUBB,US20151224001,허벨,24352061412,-1.14,453.0,BUY,
67,기계,SYM,US20220608002,심보틱,24183044626,-0.58,39.64,HOLD,
67,기계,SNA,US19780227001,스냅 온,20325748097,-1.42,386.31,HOLD,
67,기계,ITT,US19951215002,ITT,18197403902,-1.33,200.29,BUY,
67,기계,J,US20191210002,제이콥스 솔루션즈,17836632790,-1.93,149.05,BUY,
67,기계,MKSI,US19990330001,MKS 인스트루먼츠,17341608510,0.19,256.24,BUY,
67,기계,IEX,US19890401001,아이덱스,17023082617,-0.71,228.64,BUY,
67,기계,ZBRA,US19910815001,지브라 테크놀로지스,16910439615,-0.81,353.55,BUY,
67,기계,RBC,US20050810001,RBC 베어링스,15893005067,-1.27,494.26,BUY,
67,기계,LECO,US19831013001,링컨 일렉트릭 홀딩스,15571285775,-1.28,281.23,BUY,
67,기계,CNH,US20131001001,CNH 인더스트리얼,14496548545,1.28,11.83,BUY,농기계 회복 전망
67,기계,MAIR,NYS2604016001,매디슨 에어 솔루션스,13246825211,0.27,26.4,BUY,
67,기계,GGG,US19860919001,그라코,12876768767,-2.35,77.43,HOLD,
67,기계,IESC,US20060515001,IES 홀딩스,12379211252,-2.18,303.05,HOLD,
67,기계,WTS,US19950705002,와츠 워터 테크놀로지스,12263307726,-0.16,365.75,HOLD,
67,기계,CR,NYS0230404002,크레인 컴퍼니,11997703666,-0.81,205.07,BUY,
67,기계,MOG.A,US19920221001,무그 A,11932148448,-0.84,371.5,BUY,
67,기계,MOG.B,US19950818028,무그 B,11932148448,-2.6,375.0,,
67,기계,AIT,US19840101001,어플라이드 인더스트리얼 테크놀로지,11857750058,0.55,323.98,BUY,
67,기계,AEIS,US19951117001,어드밴스드 에너지 인더스트리스,10956725722,1.4,276.65,BUY,
67,기계,GNRC,US20100211004,제네락 홀딩스,10875309146,0.86,185.38,BUY,
67,기계,RRX,US20211005013,리걸 렉스노드,10512498790,0.65,158.45,BUY,
67,기계,FLS,US19720630007,플로우서브,10239158272,-1.54,79.09,BUY,
67,기계,CGNX,US19890720001,코그넥스,10198891286,0.83,60.96,BUY,
67,기계,SPXC,US20150929013,SPX 테크놀로지스,9981041010,-1.0,196.75,BUY,
67,기계,TTC,US19831215001,더 토로 컴퍼니,9456615046,-1.23,97.81,,
67,기계,FPS,NYS2602005004,포전트 파워 솔루션즈,9280186809,0.46,30.54,BUY,
67,기계,TKR,US19570605001,팀켄,8395557264,-0.31,120.45,BUY,
67,기계,AGCO,US19920416001,애그코,7962819590,4.34,118.31,HOLD,베어드 의견상향
67,기계,ESE,US19901019001,에스코 테크놀로지스,7195168231,-1.42,273.03,BUY,
67,기계,ACA,US20181101001,아코사,7153932163,0.01,145.3,HOLD,
67,기계,MSM,US19951215003,MSC 인더스트리얼 다이렉트,6675255866,-0.27,118.88,HOLD,
67,기계,NPO,US20020524001,엔프로,6345759945,-0.92,296.22,BUY,
67,기계,AAON,US19910108001,에이에이온,6273027390,0.11,75.95,BUY,
67,기계,ST,US20100311004,센사타 테크놀로지스 홀딩,5987821037,0,41.03,HOLD,
67,기계,WHD,US20180207003,캑터스,5599913093,1.18,70.32,BUY,
67,기계,CSW,US20151002001,CSW 인더스트리얼스,5203801804,-3.0,308.95,,
67,기계,ESAB,US20220405003,에삽,4764602787,-1.37,75.38,BUY,
67,기계,FELE,US19900326015,프랭클린 일렉트릭,4458178294,-0.41,100.15,,
67,기계,BMI,US19840910002,배저 미터,3941758079,-0.1,135.47,BUY,
67,기계,MWA,US20060526001,뮬러 워터 프로덕츠,3816851941,-0.98,24.14,HOLD,
67,기계,SXI,US19750701001,스탠덱스 인터내셔널,3626918130,-2.94,289.66,BUY,
67,기계,MIR,US20211021007,미리온 테크놀로지스,3596042109,4.65,15.07,,자사주 매입 승인
67,기계,KAI,US19921103001,카단트,3579040709,-1.03,299.14,,
67,기계,OSIS,US19971002001,OSI 시스템즈,3303342451,0.61,207.91,BUY,
67,기계,IPGP,US20061213001,IPG 포토닉스,3264154568,-0.56,76.1,BUY,
67,기계,ATKR,US20160610001,앳코어,3169837320,0.1,93.69,HOLD,
67,기계,DXPE,US19950113001,DXP 엔터프라이지스,2892912415,0.93,187.65,BUY,
67,기계,MGRC,US19841113001,맥그래스 렌트코프,2750084492,0.04,112.33,,
67,기계,HLIO,US20211101003,헬리오스 테크놀로지스,2414675829,-0.08,73.02,,
67,기계,KMT,US19670123001,켄나메탈,2257725484,-0.68,29.34,HOLD,
67,기계,GRC,US20170516004,고먼 러프,2018545827,-1.08,75.4,BUY,내부자 지분 매도
67,기계,ALG,US19930322001,알라모 그룹,2017048369,-0.42,164.58,BUY,
67,기계,EPAC,US20191007003,에너팩 툴 그룹,1928596339,-0.77,37.32,,
67,기계,PRLB,US20120224006,프로토 랩스,1912798047,0.4,80.06,BUY,
67,기계,ATS,NYS0230525001,ATS 코퍼레이션,1890221460,0.26,19.26,,
67,기계,AIN,US19870930001,앨버니 인터내셔널,1661714741,-5.0,55.43,HOLD,CFO 공백 우려
67,기계,ALNT,US19920225001,얼라이언트,1583211792,1.24,94.01,BUY,
67,기계,GIC,US20210621004,글로벌 인더스트리얼 컴퍼니,1513256336,-1.26,39.1,,
67,기계,BW,US20150702002,밥콕 앤 윌콕스 엔터프라이지스,1240333030,5.31,7.54,BUY,매수의견 개시
67,기계,CRCT,US20210324003,크리컷,1218131158,1.72,5.9,SELL,
67,기계,TNC,US19920303008,테넌트,1189565405,0.48,69.6,,
67,기계,GHM,US20140502003,그레이엄,1013112925,1.31,87.21,BUY,
67,기계,ACDC,US20221102001,프로프랙 홀딩,911301417,2.2,5.1,,
67,기계,KODK,US20131104002,이스트먼 코닥,887459197,-0.66,8.98,,
67,기계,KRNT,US20150401001,코닛 디지털,720383682,0.72,16.84,BUY,
67,기계,SSII,NAS0250425006,SS 이노베이션스 인터내셔널,699266411,-1.44,3.43,BUY,
67,기계,SSYS,US19941028001,스트라타시스,679794872,0.13,7.75,BUY,
67,기계,PKOH,US19900326042,파크 오하이오 홀딩스,664893325,-1.49,45.08,,
67,기계,MATW,US19940720001,매튜스 인터내셔널,655095204,-0.67,20.79,BUY,
67,기계,MG,US20091008002,미스트라스 그룹,590530266,1.46,18.76,BUY,
67,기계,KE,US20141104003,킴볼 일렉트로닉스,563817907,0.64,23.61,BUY,
67,기계,DDD,US19880310001,3D 시스템즈,546466685,0,3.28,BUY,
67,기계,CMCO,US19960223001,컬럼버스 매키넌,520990692,-1.89,17.66,,
67,기계,SERV,NAS0240418004,서브 로보틱스,437342775,-3.18,4.87,BUY,
67,기계,TITN,US20071206001,타이탄 머시너리,417325843,14.89,20.52,,
67,기계,RR,NAS0231114007,리치텍 로보틱스,413073758,2.19,1.87,BUY,
67,기계,VLD,US20210930018,벨로3D,382663513,0.25,11.9,BUY,
67,기계,NNDM,US20160307002,나노 디멘션(ADR),334045271,-0.63,1.57,,
67,기계,OFLX,US20050801001,오메가 플렉스,273299093,-1.56,26.58,,
67,기계,PPIH,US20170321001,퍼마 파이프 인터내셔널 홀딩스,217066583,3.0,27.44,,
67,기계,ESOA,US20220323002,에너지 서비시스 오브 아메리카,215172958,1.57,11.68,BUY,
67,기계,TAYD,US19950818017,테일러 디바이시스,194035083,0.68,60.41,BUY,
67,기계,EVI,US19941031001,EVI 인더스트리스,185181581,-2.37,14.01,,
67,기계,SHMD,US20211213014,슈미드 그룹,183687199,2.67,3.08,,매출 급증·수주 확대
67,기계,EML,US19920317003,이스턴,158819360,3.12,27.14,,
67,기계,HURC,US19890905001,허코 컴퍼니스,148912021,-5.63,21.64,,
67,기계,INTT,US20131016001,인테스트,142116184,-2.26,10.8,BUY,
67,기계,BOOM,US19890105001,DMC 글로벌,141299912,2.19,7.01,,
67,기계,TISI,US19920317026,팀,113701614,-0.36,24.65,,
67,기계,CODA,US20170719002,코다 옥토퍼스 그룹,113118959,1.1,10.11,BUY,
67,기계,HUHU,NAS0241022002,후후테크 인터내셔널 그룹,110184536,-0.48,4.14,,
67,기계,ARQ,US20160707001,아크,94584315,-1.85,2.12,,
67,기계,TGEN,AMX0250506001,티코젠,94143304,-1.61,3.06,BUY,재매각 등록 부담
67,기계,SOTK,US20210827007,소노텍,77066942,9.82,5.37,,
67,기계,LASE,US20220920003,레이저 포토닉스,73461706,-2.05,1.43,,
67,기계,UAVS,US20180327006,에이지이글 에어리얼 시스템스,68125713,3.7,1.12,,
67,기계,TPCS,NAS0230505003,테크프리시전,57578783,-2.29,5.55,,
67,기계,TACT,US19960822001,트랜스액트 테크놀로지스,53524870,-3.87,4.97,,
67,기계,CVV,US19990301002,CVD 이큅먼트,48653340,-2.44,6.81,,
67,기계,SYPR,US19940525001,사이프리스 솔루션즈,40176600,3.45,1.8,,
67,기계,NSYS,US19930624001,노테크 시스템즈,33881866,-2.11,11.59,,
67,기계,MCRP,AMX0250307001,마이크로폴리스 홀딩,33585370,2.92,0.988,BUY,
67,기계,KSCP,US20220127003,나이트스코프,33393817,-1.42,1.39,,
67,기계,BOSC,US19960402001,BOS 베터 온라인 솔루션즈,32730728,1.08,4.68,BUY,
67,기계,SNSC,AMX2608012004,선스카우트 홀딩,31271090,-1.48,1.33,,
67,기계,CLIR,US20120425001,클리어사인 테크놀로지,30479196,-4.48,4.26,,
67,기계,EXYN,NAS2605015002,엑신 테크놀로지스,28154979,-10.76,3.15,BUY,
67,기계,STAK,NAS0250226004,스택,24464494,2.36,1.3,,
67,기계,ARTW,US19840907005,아츠웨이 매뉴팩처링,15021346,-3.47,2.78,,
67,기계,CLWT,US19970314001,유로 테크 홀딩스,11928238,3.75,1.66,,
67,기계,CVR,US19920228001,시카고 리벳 앤 머신,9920503,2.25,10.47,,
67,기계,FCUV,US20210831006,포커스 유니버설,7356911,-5.75,9.84,,
67,기계,KITT,US20220913003,노티커스 로보틱스,5971591,1.67,0.8103,,
67,기계,SCKT,US20160622001,소켓 모바일,5496762,-2.89,0.642,,
67,기계,INLF,NAS0250102004,인리프,4209235,3.9,4.0,,
67,기계,HYFM,US20201208003,하이드로팜 홀딩스 그룹,4046358,9.78,0.9192,,
67,기계,IPW,US20210506001,아이파워,1527287,-1.03,1.93,,
193,광고,OMC,US19900627001,옴니콤 그룹,24286122261,-0.85,87.53,BUY,
193,광고,LAMR,US19960802001,라마 애드버타이징,15313199095,-0.9,149.03,HOLD,
193,광고,NYT,US19730503005,뉴욕타임스,11023437016,-1.31,67.27,BUY,
193,광고,TTD,US20160921009,트레이드 데스크,6393876733,1.11,13.72,HOLD,아마존 소송 수혜
193,광고,WPP,US20171128003,WPP(ADR),5586314649,-0.93,25.58,,
193,광고,ASST,NAS0230202001,스트라이브,2738248907,11.45,24.23,,주식 희석 우려
193,광고,CMPR,US20141118001,심프레스,2179922597,-0.12,89.17,,
193,광고,STGW,US20210803010,스태그웰,2142614111,-0.8,8.67,,
193,광고,DV,US20210420008,더블베리파이 홀딩스,2079458782,0.15,13.4,HOLD,
193,광고,DAO,US20191024007,유다오(ADR),2019120294,-1.56,16.39,BUY,
193,광고,INOD,US19930810002,이노데이터,1951085606,-0.3,56.42,BUY,
193,광고,PRSU,US19780306001,펄수 어트랙션즈 앤 호스피탤리티,1360682987,-3.56,48.0,,
193,광고,CCO,US20051111001,클리어 채널 아웃도어 홀딩스,1194568272,1.28,2.37,HOLD,
193,광고,QNST,US20100211001,퀸스트리트,1097939980,1.36,19.44,BUY,
193,광고,MNTN,NYS0250522002,마운틴,992377886,-0.6,13.15,,
193,광고,DSP,US20210209003,바이언트 테크놀로지,881889971,-2.57,12.89,BUY,
193,광고,IBTA,NYS0240417002,아이보타,861036349,0.4,37.21,,
193,광고,CRTO,US20131030001,크리테오,857859087,1.09,17.65,BUY,
193,광고,PUBM,US20201207004,퍼브매틱,768267084,-1.19,16.62,BUY,
193,광고,MATW,US19940720001,매튜스 인터내셔널,655095204,-0.67,20.79,BUY,
193,광고,NEXN,US20210618003,넥슨 인터내셔널,584221515,-4.79,9.74,BUY,
193,광고,QUAD,US20100706001,쿼드 그래픽스,520677976,-0.3,10.06,BUY,
193,광고,ADV,US20201029001,어드밴티지 솔루션스,443652432,-4.43,32.97,,
193,광고,BOC,US20220222002,보스턴 오마하,418404817,-0.43,13.79,,
193,광고,PERI,US20060131002,페리언 네트워크,382557283,0.52,9.75,BUY,
193,광고,SOHU,US20000712001,써우후닷컴(ADR),368849351,-0.71,14.01,,
193,광고,NCMI,US20070208002,내셔널 시네미디어,245258354,-3.08,2.52,,
193,광고,FORR,US19961127002,포레스터 리서치,236353507,-0.48,12.32,HOLD,
193,광고,LEE,US20210419004,리 엔터프라이지스,187099497,-5.73,7.89,,
193,광고,FLNT,US20180416001,플루언트,111247138,-1.99,3.44,BUY,
193,광고,TSQ,US20140724007,타운스퀘어 미디어,105669784,0.17,5.79,,
193,광고,VBIX,NAS0250605004,퀀텀 X 랩스,103378812,0.21,4.79,,
193,광고,AMBR,NAS0221114001,앰버 인터내셔널 홀딩(ADR),99262285,9.52,1.15,,
193,광고,GCL,US20220420005,GCL 글로벌 홀딩스,89610701,-26.37,0.5056,,자사주 매입 승인
193,광고,MCHX,US20040331002,마첵스 B,81806934,-1.09,1.82,,
193,광고,SCOR,US20180601003,컴스코어,78567420,1.94,5.26,,
193,광고,GOAI,NAS0260128003,에바 라이브,75837036,11.11,2.3,,
193,광고,ABLV,US20220912003,에이블 뷰 글로벌,58411281,-9.4,1.06,,
193,광고,TC,US20181120001,토큰 캣(ADR),55355188,-6.22,1.96,,경영진 개편 기대
193,광고,IZEA,US20160226002,아이지아 월드와이드,53615603,-0.98,3.04,,
193,광고,TEAD,US20210723005,TEADS HOLDING CO,46955384,5.13,0.502,HOLD,
193,광고,CREX,NAS0230327003,크리에이티브 리얼리티스,38656965,-3.86,2.74,,
193,광고,HHS,US20211201007,하트 행크스,32440712,-2.07,4.25,,
193,광고,WIMI,US20190725001,와이마이 홀로그램 클라우드,23966550,3.85,1.35,,
193,광고,EDHL,NAS0250417003,에버브라이트 디지털 홀딩스,23800719,6.28,4.23,,
193,광고,ACCS,US20140311005,액세스 뉴스와이어,21914236,-4.55,5.45,,
193,광고,TULP,US19910625001,블루미아 홀딩스,16271489,2.94,3.5,,
193,광고,DLPN,US20171221001,돌핀 엔터테인먼트,14367660,4.55,1.15,,
193,광고,KNRX,AMX0250929007,노렉스,12504860,-8.17,0.3764,,
193,광고,INUV,US19980804001,이누보,11555132,0.13,0.7,BUY,
193,광고,LZMH,NAS0250227004,LZ 테크놀로지 홀딩스,11524206,-4.69,1.22,,
193,광고,BAOS,NAS0230322001,바오셩 미디어 그룹 홀딩스,11201302,2.21,0.3558,,자본 재편 부담
193,광고,PLAG,US20181001007,플래닛 그린 홀딩스,9990403,-4.27,0.6701,,
193,광고,GDC,NAS0230110006,GD 컬처 그룹,6386206,0,1.53,,
193,광고,KRKR,US20191106002,36KR 홀딩스(ADR),5887474,-0.63,3.13,,
193,광고,YDKG,NAS0221212001,위에다 디지털 홀딩스,5513657,-0.14,0.9907,,
193,광고,AEHL,US20201015001,안텔로페 엔터프라이즈 홀딩스,5214314,82.77,6.47,,사모 발행 희석 부담
193,광고,CNET,NAS0230120002,ZW 데이터 액션 테크놀로지스,5113192,5.76,1.47,,
193,광고,STFS,NAS0241011007,스타 패션 컬처 홀딩스,5051642,5.92,4.47,,
193,광고,LCFY,NAS0221208002,로커파이,4419672,3.28,2.52,,
193,광고,ABTS,US20161115003,아비츠 그룹,4415624,9.56,1.49,,
193,광고,CHR,US20200219002,치어 홀딩스,3330985,-2.78,1.75,,
193,광고,YHC,NAS0230810001,LQR 하우스,2222676,-2.94,1.65,,
193,광고,DRCT,US20220128004,다이렉트 디지털 홀딩스,1915764,-5.04,2.26,BUY,
453,닭고기,TSN,US19860709003,타이슨 푸드,19543607800,-0.47,55.14,HOLD,
453,닭고기,PPC,US19871230001,필그림스 프라이드,7560560720,-0.95,31.39,HOLD,직접 가공권 부담
731,인프라 리츠,WELL,US20180228001,웰타워,172061439879,-0.77,236.24,BUY,
731,인프라 리츠,EQIX,US20000811002,에퀴닉스,103338188159,0.19,1046.41,BUY,
731,인프라 리츠,AMT,US19980227001,아메리칸 타워,82342831107,-0.3,175.7,BUY,
731,인프라 리츠,DLR,US20041029001,디지털 리얼티 트러스트,69616615158,0.06,185.59,BUY,
731,인프라 리츠,VTR,US19970505001,벤타스,47223612993,-0.7,91.17,BUY,
731,인프라 리츠,CCI,US19980818001,크라운 캐슬,32483605292,0,76.14,BUY,
731,인프라 리츠,BIP,US20080110001,브룩필드 인프라스트럭처 파트너스,17835055118,0.43,37.8,,
731,인프라 리츠,DOC,US20191105004,헬스피크 프로퍼티스,14492389275,-0.67,20.82,HOLD,
731,인프라 리츠,OHI,US19920807001,오메가 헬스케어 인베스터스,13974038743,-0.59,45.72,HOLD,미즈호 목표가 상향
731,인프라 리츠,AHR,NYS0240207001,아메리칸 헬스케어 리츠,12965461695,-0.58,55.21,,
731,인프라 리츠,CTRE,US20140604001,케어트러스트 리츠,9247983484,-0.2,38.95,BUY,
731,인프라 리츠,REXR,US20130719002,렉스포드 인더스트리얼 리얼티,8443388902,-0.24,37.04,HOLD,
731,인프라 리츠,HR,US20120606001,헬스케어 리얼티,6526215073,0.26,19.04,HOLD,
731,인프라 리츠,SBRA,US20101108001,사브라 헬스케어 리츠,5279622331,-1.07,20.39,BUY,
731,인프라 리츠,HASI,US20130418001,해넌 암스트롱 서스테이너블 인프라,5131930451,-1.13,39.55,,
731,인프라 리츠,GEO,US19940726001,지오 그룹,4260409183,-1.46,31.81,BUY,
731,인프라 리츠,CDP,US19911223001,COPT 디펜스 프라퍼티스,4161144391,-1.61,36.0,,
731,인프라 리츠,NHI,US19911017001,내셔널 헬스 인베스터스,3547190062,-1.28,71.11,,
731,인프라 리츠,DBRG,US20210622007,디지털브리지 그룹,3499177317,-0.13,15.91,,
731,인프라 리츠,CXW,US19970715001,코어시빅,3352819257,-1.75,33.22,BUY,
731,인프라 리츠,FRMI,NAS0251001003,퍼미,3211177190,-0.8,4.96,BUY,
731,인프라 리츠,MPT,US20050708001,MEDICAL PROPERTIES TRUST INC,2449290958,-2.93,3.97,,
731,인프라 리츠,UNIT,US20170227001,유니티 그룹,2438819984,-1.1,9.91,,
731,인프라 리츠,LTC,US19920825001,LTC 프라퍼티스,2195688754,-0.74,40.32,HOLD,
731,인프라 리츠,DHC,US20200102001,다이버시파이드 헬스케어,1857400226,-1.18,7.56,BUY,
731,인프라 리츠,SKYH,US20220126008,스카이 하버 그룹,865205833,-0.28,10.54,BUY,
731,인프라 리츠,PSTL,US20190509009,포스털 리얼티 트러스트,721649115,-1.35,23.45,BUY,
731,인프라 리츠,XRN,US20160629001,CHIRON REAL ESTATE INC,619373551,-0.87,36.5,BUY,
731,인프라 리츠,UHT,US19861226001,유니버설 헬스 리얼티,577830219,-1.16,40.98,,
731,인프라 리츠,ILPT,US20190204001,인더스트리얼 로지스틱스 프라퍼티스,558197379,-0.96,8.26,BUY,
731,인프라 리츠,CHCT,US20150527002,커뮤니티 헬스케어 트러스트,429557520,-1.61,14.71,BUY,
731,인프라 리츠,FIP,US20220802001,FTAI 인프라스트럭처,423073532,-2.52,3.48,BUY,
731,인프라 리츠,STRW,AMX0230222001,스트로베리 필즈 리츠,193355227,-0.95,13.49,BUY,
731,인프라 리츠,GPMT,US20170621008,그래닛 포인트 모기지 트러스트,190422381,-1.85,1.06,HOLD,
731,인프라 리츠,BEEP,US20210519003,모바일 인프라스트럭처,122999620,1.68,3.02,,
731,인프라 리츠,PW,US19800317003,파워 리츠,4107034,-3.01,7.42,,
925,의료서비스,UNH,US19911010002,유나이티드헬스 그룹,353683594803,-0.9,389.41,BUY,
925,의료서비스,CVS,US19521001001,CVS 헬스,119349554811,0.91,93.91,BUY,
925,의료서비스,HCA,US20110310001,HCA 헬스케어,90708379138,-0.81,414.45,BUY,
925,의료서비스,CI,US19820401001,시그나 그룹,73894821003,-1.0,276.08,BUY,
925,의료서비스,HUM,US19710518001,휴매나,46423567173,-0.6,383.23,BUY,
925,의료서비스,VEEV,US20131017004,비바 시스템즈,44922231720,3.25,285.69,BUY,소프트웨어주 강세
925,의료서비스,GEHC,NAS0230104002,GE 헬스케어,32486632928,-0.68,71.23,BUY,
925,의료서비스,CNC,US20011213001,센틴,32074478080,-0.63,64.34,BUY,
925,의료서비스,PHG,US19870414001,필립스(ADR),26188960908,-0.56,26.57,BUY,
925,의료서비스,THC,US19760331001,테넷 헬스케어,21541774236,-0.33,265.91,BUY,
925,의료서비스,SOLV,NYS0240401001,솔벤텀,15553605646,-0.07,91.06,BUY,
925,의료서비스,BTSG,NAS0240126002,브라이트스프링 헬스 서비시스,13353996452,-1.22,58.41,BUY,
925,의료서비스,FMS,US19960917001,프레제니우스 메디컬 케어(ADR),12328207306,-1.56,22.74,SELL,
925,의료서비스,EHC,US20180102004,인컴퍼스 헬스,11955174346,-0.53,120.21,BUY,
925,의료서비스,DVA,US19951031001,다비타,11559206781,-2.58,176.01,HOLD,
925,의료서비스,SCI,US19870723001,서비스 코퍼레이션 인터내셔널,11392630886,-2.06,81.64,,
925,의료서비스,MOH,US20030702001,몰리나 헬스케어,10468820922,-0.61,198.77,HOLD,
925,의료서비스,BIO,US19800229001,바이오 래드 래버러토리스,10280211444,-0.41,386.12,HOLD,
925,의료서비스,BIO.B,US19990921001,바이오 래드 래버러토리스,10280211444,9.75,400.69,,
925,의료서비스,UHS,US19910607001,유니버설 헬스 서비시스,10144971522,-0.77,170.33,HOLD,
925,의료서비스,ENSG,US20071109002,엔사인 그룹,10109527211,-0.42,172.25,BUY,
925,의료서비스,HNGE,NYS0250522001,힌지 헬스,7068116023,5.96,92.56,BUY,
925,의료서비스,CHE,US19820629001,케미드,6856366498,-0.89,518.71,,
925,의료서비스,PACS,NYS0240410001,팍스 그룹,6787533660,-1.03,42.31,BUY,
925,의료서비스,HIMS,US20210121009,힘스 앤 허스 헬스,6747334409,2.57,29.58,HOLD,호주 시장 진출
925,의료서비스,DOCS,US20210623012,독시미티,4777668083,-0.07,26.71,HOLD,
925,의료서비스,LFST,US20210609005,라이프스탠스 헬스 그룹,4716088053,0.32,12.35,BUY,
925,의료서비스,CON,NYS0240725001,콘센트라 그룹 홀딩스,4346463556,-1.52,33.74,BUY,
925,의료서비스,HTFL,NAS0250808007,하트플로우,4166113711,5.48,50.4,BUY,FFRCT 효과 확인
925,의료서비스,OPCH,US20200203003,옵션 케어 헬스,3589749978,-1.88,23.45,BUY,
925,의료서비스,CRVL,US19910628001,코르벨,3507423399,-0.51,68.89,,
925,의료서비스,NHC,US19870120001,내셔널 헬스 케어,3497421153,-2.77,216.53,,
925,의료서비스,OSIS,US19971002001,OSI 시스템즈,3303342451,0.61,207.91,BUY,
925,의료서비스,AVAH,US20210426003,애비아나 헬스케어 홀딩스,2915658778,0.75,13.42,BUY,
925,의료서비스,BKD,US20051122001,브룩데일 시니어 리빙,2806665011,0.6,11.79,BUY,
925,의료서비스,ACHC,US20111101001,아카디아 헬스케어,2665350627,-3.5,27.55,BUY,
925,의료서비스,PRVA,US20210428003,프리비아 헬스 그룹,2662925263,-1.44,20.49,BUY,
925,의료서비스,CDNA,US20140717001,케어DX,2582957909,0.66,50.12,BUY,
925,의료서비스,WGS,US20210723008,진DX 홀딩스,2581836937,-1.71,84.85,,
925,의료서비스,GRDN,NYS0240926002,가디언 파마시 서비시스,2353946258,0.08,37.09,BUY,
925,의료서비스,MD,US19590331001,피디애트릭 메디컬 그룹,2168118424,-1.43,26.23,HOLD,
925,의료서비스,ADUS,US20091027001,아듀스 홈케어,2163772283,-0.7,114.74,,
925,의료서비스,PSNL,US20190619004,퍼스널리스,1828106637,-1.7,16.78,BUY,
925,의료서비스,SNDA,US20211115011,소니다 시니어 리빙,1804846491,0.11,37.5,BUY,
925,의료서비스,SGRY,US20151001002,서저리 파트너스,1797218766,1.39,13.88,,
925,의료서비스,BLFS,US20140327001,바이오라이프 솔루션즈,1784137667,1.9,37.07,HOLD,
925,의료서비스,AGL,US20210414007,애질론 헬스,1558148193,-5.02,87.89,HOLD,
925,의료서비스,ARDT,NYS0240718001,아던트 헬스 파트너스,1550130689,-1.28,10.82,BUY,
925,의료서비스,HCSG,US19831122001,헬스케어 서비시스 그룹,1544358269,-2.05,21.98,BUY,
925,의료서비스,OMCL,US20010806001,옴니셀,1513105981,6.32,35.17,,
925,의료서비스,INNV,US20210302007,이노베이지 홀딩,1478166657,-0.64,10.79,HOLD,
925,의료서비스,OMDA,NAS0250606003,오마다 헬스,1454227217,3.63,24.55,BUY,
925,의료서비스,AMN,US20161027003,AMN 헬스케어 서비시스,1344533822,-0.98,34.28,,
925,의료서비스,NUTX,US20220404007,뉴텍스 헬스,1299556601,-0.04,189.17,BUY,정보 유출 소송
925,의료서비스,PNTG,US20191001001,페넌트 그룹,1298745542,-0.84,36.77,,
925,의료서비스,CERT,US20201209002,서타라,1277215017,-0.84,8.28,HOLD,
925,의료서비스,GDRX,US20200923003,굿알엑스 홀딩스,1207567683,-0.85,3.5,,
925,의료서비스,TDOC,US20150630002,텔러닥 헬스,1184206286,-2.46,6.34,HOLD,
925,의료서비스,USPH,US19920528001,US 피지컬 테라피,1176610983,-1.13,77.74,,
925,의료서비스,HELP,US20210805003,CYBIN INC,892329500,-3.37,11.77,BUY,
925,의료서비스,HSTM,US20000411002,헬스스트림,861441447,-1.09,29.06,BUY,
925,의료서비스,SOPH,US20210722009,소피아 제네틱스,684792716,3.19,8.4,BUY,
925,의료서비스,GMRS,NYS2605013001,GMR 솔루션즈,682552643,-3.57,12.15,BUY,
925,의료서비스,CTEV,US20201009009,CLARITEV CORPORATION,669403452,1.12,39.83,BUY,
925,의료서비스,STLN,US20211115009,스타링 온콜로지,630558372,-4.38,5.9,BUY,
925,의료서비스,CSV,US19960809002,캐리지 서비시스,542922149,-1.29,33.65,BUY,
925,의료서비스,EVH,US20150605002,에볼런트 헬스,521508667,-2.17,4.5,BUY,
925,의료서비스,NRC,US20180418004,내셔널 리서치,484646761,-4.07,20.96,BUY,
925,의료서비스,CARL,NAS0250723002,칼스메드,462142591,-3.5,16.29,BUY,
925,의료서비스,MCTA,NAS0251021006,차밍 메디컬,446780186,0,29.35,,
925,의료서비스,CYH,US20000609001,커뮤니티 헬스 시스템즈,414297988,-0.34,2.92,HOLD,
925,의료서비스,AUNA,NYS0240322001,아우나 S.A.,384445547,-0.19,5.17,BUY,
925,의료서비스,RCMT,US19950818016,RCM 테크놀로지스,298335481,-0.53,41.62,,
925,의료서비스,ACU,US19840907016,애크미 유나이티드,242428289,-1.17,62.32,BUY,
925,의료서비스,SY,US20190501003,소 영 인터내셔널(ADR),241577951,22.08,2.93,,
925,의료서비스,SPOK,US20140710001,스폭 홀딩스,223393165,-1.31,10.51,,
925,의료서비스,AMWL,US20200916009,아메리칸 웰,203474653,0.34,11.97,,
925,의료서비스,AIRS,US20211028001,에어스컬프 테크놀로지스,187965015,-2.69,2.53,HOLD,
925,의료서비스,LFMD,US20210222002,라이프엠디,184450424,-1.91,3.08,BUY,
925,의료서비스,WW,ETC0250627001,WW 인터내셔널,162427077,2.65,16.63,,
925,의료서비스,OPRX,US20180622002,옵티마이즈RX,150159201,0.13,7.96,BUY,
925,의료서비스,NAKA,NAS0240531002,카인들리 MD,133505921,0.81,7.5,BUY,
925,의료서비스,JYNT,US20141107001,조인트,119555928,0.71,8.49,,
925,의료서비스,DH,US20210914003,데피니티브 헬스케어,116539950,18.43,0.9503,HOLD,
925,의료서비스,AGPU,US20190614001,액스컴퓨트,115301377,0.3,9.95,,
925,의료서비스,CCLD,NAS0230110003,케어클라우드,106101809,-5.62,2.35,,
925,의료서비스,CSBR,US20150821002,챔피언스 온콜로지,68807985,1.83,5.02,,
925,의료서비스,PIII,US20211206007,P3 헬스 파트너스,67131067,-4.12,8.84,BUY,
925,의료서비스,HIT,NAS0241223002,헬스 인 테크,64401263,-2.04,0.96,,
925,의료서비스,DLHC,US19950818002,DLH 홀딩스,63945397,-1.82,4.32,,
925,의료서비스,MDAI,US20210326005,스펙트럴 AI,50669832,0.64,1.58,BUY,
925,의료서비스,DCGO,US20211108001,독고,39432585,-4.38,0.3801,BUY,
925,의료서비스,EUDA,NAS0221118001,이유다 헬스 홀딩스,36556198,-3.76,14.06,,
925,의료서비스,ONMD,US20210624001,원메드넷,34481068,0.28,0.5816,,
925,의료서비스,KTTA,US20210811004,파시테아 테라퓨틱스,18763748,3.55,0.5799,,
925,의료서비스,TOMZ,US20201001014,토미 인바이런멘틀 솔루션스,13880594,-2.94,1.65,,
925,의료서비스,HCTI,US20211005002,헬스케어 트라이앵글,12676220,-2.26,0.8251,,
925,의료서비스,XWEL,US20221025003,엑스웰,8699107,-8.99,0.9192,,
925,의료서비스,MGRX,NAS0230317004,망고슈티컬스,8698363,-2.78,0.391,,
925,의료서비스,BMGL,NAS0250225001,바젤 메디컬 그룹,8225760,6.11,5.56,,
925,의료서비스,MRM,US20201229002,메디롬 헬스케어 테크놀로지스(ADR),7527576,-1.05,0.94,,
925,의료서비스,ACON,US20220422001,애클래리언,6936787,-2.08,2.35,,
925,의료서비스,VNRX,US20150209001,볼리션RX,6149597,-3.43,0.4339,BUY,기존주주 매각 부담
925,의료서비스,MEDS,NAS0250221004,데이터메즈 AI,2949398,0.25,0.963,,
925,의료서비스,NIVF,US20220317002,뉴젠IVF 그룹,2667372,6.14,0.4476,,
925,의료서비스,ATPC,NAS0231011003,아가페 ATP,2388064,-1.26,2.35,,
925,의료서비스,MNDR,NAS0240410001,모바일 헬스 네트워크 솔루션스,1856643,1.29,1.57,,
273,은행,JPM,US19690401002,제이피모건 체이스,961075446948,-0.45,356.02,BUY,
273,은행,BAC,US19730102001,뱅크오브아메리카,449991990922,-0.61,61.94,BUY,스테이블코인 진출 검토
273,은행,HSBC,US20131118003,HSBC(ADR),356434793893,-0.38,103.14,BUY,
273,은행,RY,US19951016001,로열 뱅크 오브 캐나다,283966977863,-0.04,204.15,BUY,KBW 목표가 상향
273,은행,WFC,US19621210001,웰스파고,271763124356,-0.35,86.39,BUY,
273,은행,C,US19860602001,씨티그룹,224328450226,-0.96,131.62,BUY,
273,은행,SAN,US19880105004,방코 산탄데르(ADR),210669047091,-0.75,14.56,BUY,
273,은행,TD,US19960830001,토론토 도미니언 뱅크,199217910579,-0.28,120.91,BUY,비중축소 의견 유지
273,은행,UBS,US19900208001,UBS 그룹,180448282082,1.49,55.72,BUY,자본부담 완화
273,은행,BBVA,US19881214001,방코 빌바오 비스카야 아르헨타리아(ADR),162127271172,-0.14,28.96,SELL,
273,은행,COF,US19941115001,캐피탈 원 파이낸셜,135331495530,-0.54,214.51,BUY,
273,은행,BMO,US19941027001,뱅크 오브 몬트리올,120142334775,-0.9,170.31,HOLD,
273,은행,HDB,US20010720001,HDFC 뱅크(ADR),118889269411,-1.65,22.7,BUY,
273,은행,BNS,US19690127001,뱅크 오브 노바스코샤,112916871650,-0.79,91.66,BUY,
273,은행,IBN,US20000328001,ICICI 뱅크(ADR),107514781047,1.61,30.36,,
273,은행,CM,US19881031001,캐나디안 임페리얼 뱅크 오브 커머스,104874686996,-0.71,113.52,BUY,
273,은행,USB,US19730503007,US 뱅코프,102658717116,-1.42,61.58,BUY,
273,은행,PNC,US19871021001,PNC 파이낸셜 서비시스,96898900086,-1.07,239.63,BUY,
273,은행,BCS,US19860909002,바클레이즈(ADR),90605526717,-0.82,26.64,BUY,
273,은행,NWG,US20200723011,냇웨스트 그룹(ADR),73262830200,-0.98,18.2,BUY,
273,은행,NU,US20211208010,누 홀딩스,69266622072,1.75,14.55,BUY,
273,은행,TFC,US20191209005,트루이스트 파이낸셜,61776671883,-1.69,49.58,HOLD,델라웨어 상품중단
273,은행,ITUB,US20010702001,이타우 우니방쿠 홀딩스(ADR),40642862542,1.47,7.61,,
273,은행,SHG,US20030916001,신한 파이낸셜 그룹(ADR),37259562834,0.03,79.17,,
273,은행,KEY,US19920901001,키코프,25296287923,-1.37,21.61,BUY,
273,은행,BSBR,US20091007002,방코 산탄데르 브라질(ADR),22134541494,-1.03,5.75,BUY,
273,은행,BCH,US20020108001,방코 데 칠레(ADR),21084752295,-1.25,41.11,HOLD,
273,은행,WF,US20190213002,우리 파이낸셜 그룹(ADR),18201520801,-0.26,73.14,,
273,은행,EWBC,US19990203001,이스트 웨스트 뱅코프,17783773809,-2.05,126.79,BUY,
273,은행,BSAC,US19940518001,방코 산탄데르 칠레(ADR),16600694360,-1.11,34.75,HOLD,
273,은행,PNFP,US20000822001,피너클 파이낸셜 파트너스,16107051288,-1.11,99.97,BUY,
273,은행,BBD,US19970613001,방쿠 브라데스쿠 우선주(ADR),16082735133,0.92,3.28,BUY,
273,은행,BBDO,US20120313001,방쿠 브라데스쿠(ADR),16082735133,-1.32,2.99,,
273,은행,JEF,US20180524002,제프리스 파이낸셜 그룹,12273810169,-0.85,52.64,BUY,
273,은행,EVR,US20060811001,에버코어,11940259522,-1.27,286.43,BUY,
273,은행,SSB,US20140701005,사우스스테이트,10305733050,-1.03,104.89,BUY,
273,은행,ONB,US20130815001,올드 내셔널 뱅코프,10147286049,-1.04,25.58,BUY,
273,은행,HLI,US20150813002,훌리한 로키,9321965832,0.2,133.29,HOLD,
273,은행,WAL,US20050630003,웨스턴 얼라이언스 뱅코프,8892050885,-0.51,78.13,BUY,
273,은행,PB,US19981112001,프로스페리티 뱅크셰어스,8712767005,-1.02,71.56,HOLD,
273,은행,COLB,US19880728001,컬럼비아 뱅킹 시스템즈,8530355478,-1.43,29.64,BUY,
273,은행,CBSH,US19840907013,커머스 뱅크셰어스,8347785270,-0.59,57.7,HOLD,
273,은행,VLY,US20181010003,벨리 내셔널 뱅코프,8086499077,-2.08,13.63,BUY,
273,은행,CBC,NAS0251120002,센트럴 뱅컴퍼니,7829421927,-1.53,32.1,BUY,
273,은행,FNB,US19860930001,FNB,6516688499,-0.98,18.23,BUY,
273,은행,ASB,US20141223002,어소시에이티드 뱅크,6169095127,-1.0,30.61,BUY,
273,은행,GBCI,US19920127001,글레이셔 뱅코프,6121188139,-1.22,46.31,,
273,은행,IFS,US20190718005,인터코프 파이낸셜 서비시스,6086842026,-0.05,54.62,BUY,
273,은행,HWC,US20180525001,핸콕 휘트니,6038970398,-0.81,74.46,BUY,
273,은행,AUB,NYS0230118002,애틀랜틱 유니언 뱅크셰어스,5991293850,-0.81,40.33,,
273,은행,HOMB,US20211122005,홈 뱅크셰어스,5941828040,-0.54,29.46,HOLD,
273,은행,OZK,US20180716001,뱅크 OZK,5627701530,-0.65,49.08,HOLD,
273,은행,GGAL,US20000724001,그루포 피난시에로 갈리시아(ADR),5612386544,3.5,43.72,BUY,2분기 실적 회복
273,은행,AX,US20181001004,액소스 파이낸셜,5566829910,-1.08,96.79,BUY,
273,은행,EBC,US20201015006,이스턴 뱅크셰어스,5107583798,-1.48,21.96,BUY,
273,은행,BMA,US20060324001,방코 마크로(ADR),4790480022,3.46,78.68,BUY,
273,은행,SFBS,US20210621007,서비스퍼스트 뱅크셰어스,4736745240,-0.37,43.04,,
273,은행,FULT,US19900326020,풀턴 파이낸셜,4675814912,-0.89,23.46,BUY,
273,은행,TCBI,US20030813002,텍사스 캐피탈 뱅크셰어스,4549837573,-1.5,97.16,HOLD,
273,은행,IBOC,US19960530003,인터내셔널 뱅크셰어스,4423421877,-1.09,70.16,,
273,은행,FBP,US19930311002,퍼스트 뱅코프 푸에르토리코,4288043276,-0.46,27.88,BUY,
273,은행,UCB,US20020321001,유나이티드 커뮤니티 뱅크,4253556341,-0.97,34.84,BUY,
273,은행,CATY,US19901217001,캐세이 제너럴 뱅코프,4138978753,-1.07,61.21,HOLD,
273,은행,WSBC,US19950818022,웨스뱅코,4124671074,-1.01,40.01,BUY,
273,은행,CVBF,US19920317001,CVB 파이낸셜,3916164380,-0.09,22.17,BUY,
273,은행,RNST,US19920424002,르네산트,3766177847,-0.44,40.91,,
273,은행,BANF,US19950401001,뱅크퍼스트,3724595162,-1.23,109.19,,
273,은행,NIC,US20220524004,니콜레 뱅크셰어스,3609179443,-1.4,169.34,BUY,
273,은행,PRK,US19900101002,파크 내셔널,3588751498,-1.43,195.29,HOLD,
273,은행,BANC,US20140530001,뱅크 오브 캘리포니아,3473265395,0.11,18.62,BUY,
273,은행,TOWN,US19990505001,타운뱅크,3469478763,-1.04,37.04,BUY,
273,은행,FFBC,US19900326016,퍼스트 파이낸셜 뱅코프,3454591185,-0.58,32.63,,
273,은행,BOH,US19910424001,뱅크 오브 하와이,3341755041,-0.86,75.93,HOLD,
273,은행,SBCF,US19900326045,시코스트 뱅킹 오브 플로리다,3336993335,-1.19,33.96,HOLD,
273,은행,CBU,US19840718001,커뮤니티 파이낸셜 시스템즈,3332394725,-0.65,62.75,,
273,은행,BKU,US20110128003,뱅크유나이티드,3313586416,-1.7,45.6,,
273,은행,FHB,US20160805001,퍼스트 하와이안,3146806787,-0.7,25.61,HOLD,
273,은행,PFS,US20030116001,프로비던트 파이낸셜 서비스,3074700475,-0.47,23.4,BUY,
273,은행,MBIN,US20171026002,머천츠 뱅코프,2994905294,-1.5,52.61,HOLD,
273,은행,BBAR,US20190617004,BBVA 아르헨티나(ADR),2963463436,4.63,15.14,BUY,
273,은행,FBK,US20160916004,FB 파이낸셜,2899216898,-1.54,56.96,BUY,
273,은행,WAFD,US19900326056,워페드,2876406958,-0.91,35.76,,
273,은행,AGM,US19881201001,페더럴 애그리컬처럴 모기지,2825593864,-0.69,219.9,,
273,은행,AGM.A,US19881201002,페더럴 애그리컬처럴 모기지 A,2825593864,1.1,155.7,,
273,은행,CUBI,US20141230001,커스터머스 뱅코프,2719157873,-0.51,78.18,BUY,
273,은행,TRMK,US19920303007,트러스트마크,2694343191,-0.78,45.91,HOLD,
273,은행,TBBK,US20040203001,뱅코프,2687090978,-1.07,65.0,BUY,
273,은행,NBTB,US19920317006,NBT 뱅코프,2685935592,-0.25,51.42,HOLD,
273,은행,FBNC,US19870430001,퍼스트 뱅코프 오브 노스 캐롤라이나,2654845256,-0.91,63.41,BUY,
273,은행,FRME,US19920225006,퍼스트 머천츠,2640849615,-1.14,41.45,,
273,은행,BBT,US20000628001,비콘 파이낸셜 코퍼레이션,2638250107,-1.08,31.05,HOLD,
273,은행,SYBT,US19880101001,스탁 야즈 뱅코프,2487208122,-0.8,79.2,HOLD,
273,은행,BANR,US19951101001,배너,2402550365,-0.45,70.18,BUY,
273,은행,INTR,US20220623004,인터 & CO,2381764503,0.37,5.4,BUY,
273,은행,NTB,US20160916005,뱅크 오브 NT 버터필드 앤 선,2375471787,-0.71,58.88,,
273,은행,EFSC,US19980908001,엔터프라이즈 파이낸셜 서비시스,2363316616,-0.6,63.21,BUY,
273,은행,OFG,US19941229002,OFG 뱅코프,2222097338,-0.72,52.05,HOLD,
273,은행,SRCE,US19830812001,퍼스트 소스,2086655198,-0.87,85.66,,
273,은행,LC,US20141211003,해펀,2070339226,-1.73,17.58,BUY,
273,은행,CHCO,US19930219002,시티 홀딩,2020481088,-0.43,142.85,,
273,은행,LOB,US20150723001,라이브 오크 뱅크셰어스,1964369629,-1.84,39.39,,
273,은행,DCOM,US19960626001,다임 커뮤니티 뱅크셰어스,1884012773,-0.17,40.4,,
273,은행,GABC,US19930521001,저먼 아메리칸 뱅코프,1881112845,-1.24,49.3,BUY,
273,은행,FSUN,NAS0240712001,퍼스트선 캐피탈 뱅코프,1871772834,-0.15,40.01,,
273,은행,RBCAA,US19980722001,리퍼블릭 뱅코프,1868424749,-1.46,93.51,HOLD,
273,은행,NBHC,US20120920001,내셔널 뱅크 홀딩스,1840988413,0.17,41.29,BUY,
273,은행,OCFC,US19960703001,오션퍼스트 파이낸셜,1829698941,-0.21,18.84,HOLD,
273,은행,HOPE,US20160801003,호프 뱅코프,1783075207,-1.01,13.78,BUY,
273,은행,STBA,US19920421001,S&T 뱅코프,1760716142,-0.58,49.5,,
273,은행,BY,US20170628004,바이라인 뱅코프,1735417533,-0.99,37.92,BUY,
273,은행,TCBK,US19930420001,트라이코 뱅크셰어스,1724872977,-0.78,53.39,HOLD,
273,은행,CNOB,US20130212001,커넥트원 뱅코프,1717249900,-0.91,31.44,BUY,
273,은행,BFC,US20181024004,뱅크 퍼스트,1698668081,-1.41,150.66,,
273,은행,CASH,US19930920001,패스워드 파이낸셜,1697702820,0.02,81.52,BUY,
273,은행,QCRH,US19931006001,QCR 홀딩스,1652427209,-1.26,99.36,,
273,은행,LKFN,US19970814001,레이크랜드 파이낸셜,1485866469,-0.89,59.08,HOLD,
273,은행,AMAL,US20180809001,아말거메이티드 파이낸셜,1459857179,-1.31,48.05,,
273,은행,BHRB,NAS0230426001,버크 앤드 허버트 파이낸셜 서비시스,1451608449,-0.59,71.29,BUY,
273,은행,PEBO,US19930211001,피플스 뱅코프,1429407406,-0.78,39.35,,
273,은행,CTBI,US19930517001,커뮤니티 트러스트 뱅코프,1396600228,-0.7,76.12,BUY,
273,은행,ESQ,US20170627001,에스콰이어 파이낸셜 홀딩스,1363704211,-0.67,111.6,BUY,
273,은행,WABC,US19920317013,웨스트아메리카 뱅코프,1345769591,0.09,58.12,,
273,은행,FMBH,US20140512001,퍼스트 미드 뱅크셰어스,1342837113,-1.05,49.81,,
273,은행,HBT,US20191010001,HBT 파이낸셜,1305118275,-1.01,35.43,,
273,은행,OSBC,US19950818012,올드 세컨드 뱅코프,1287647998,-0.59,25.09,BUY,
273,은행,THFF,US19920303006,퍼스트 파이낸셜,1262715339,-1.35,78.17,HOLD,
273,은행,PFBC,US19990819001,프리퍼드 뱅크 로스 앤젤리스,1230540808,-0.87,102.63,,
273,은행,HFWA,US19980109001,헤리티지 파이낸셜,1176287396,-0.35,28.57,HOLD,
273,은행,UVSP,US19980416001,유니베스트 파이낸셜,1149697672,-0.17,41.5,,
273,은행,MCB,US20171107005,메트로폴리탄 뱅크,1141133612,-1.1,90.78,BUY,
273,은행,AMTB,US20181024002,아머란트 뱅코프,1133355661,-0.45,28.71,,
273,은행,FSBC,US20210504002,파이브 스타 뱅코프,1122450464,0.53,45.86,BUY,
273,은행,NBN,US19870820002,노스이스트 뱅크,1108661345,-2.19,126.4,,
273,은행,CFFN,US19990401001,캐피톨 페더럴 파이낸셜,1091552201,-0.81,8.59,HOLD,
273,은행,CCNE,US19960530002,CNB 파이낸셜,1070244709,-0.59,33.81,BUY,
273,은행,MBWM,US19971024001,머천틸 뱅크,1043659004,-0.75,59.76,BUY,
273,은행,EQBK,US20151110001,에퀴티 뱅크셰어스,1024620158,-0.52,49.36,BUY,
273,은행,BFST,US20180409001,비즈니스 퍼스트 뱅크셰어스,1018686316,-0.64,31.01,BUY,
273,은행,MCBS,US20191003001,메트로시티 뱅크셰어스,1014164406,-0.91,34.82,,
273,은행,HBNC,US19940425002,호라이즌 뱅코프,1007071284,-0.72,19.42,BUY,
273,은행,NBBK,NAS0231228001,NB 뱅코프,986880190,-0.62,22.32,,
273,은행,AGBK,NYS2602011001,아지뱅크,986285198,0.98,6.21,BUY,
273,은행,CPF,US19880129001,센트럴 퍼시픽 파이낸셜,976714271,-0.83,37.22,BUY,
273,은행,CAC,US19971007001,캠던 내셔널,960029781,-0.41,56.43,,
273,은행,SBSI,US19980513002,사우스사이드 뱅크셰어스,952901764,-1.0,31.56,HOLD,
273,은행,MPB,US19971204001,미드 펜 뱅코프,931607071,-0.71,36.41,BUY,
273,은행,FMNB,US19990104004,파머스 내셔널 뱅코프,931566554,-0.45,15.61,BUY,
273,은행,FCBC,US19970509003,퍼스트 커뮤니티 뱅크셰어스,927647130,-0.92,48.47,HOLD,
273,은행,HAFC,US19970509004,한미 파이낸셜,925826624,-0.51,30.98,HOLD,
273,은행,FRBT,NAS2606011003,포브라이트,912991338,-1.25,18.22,BUY,
273,은행,CCBG,US19970203001,캐피탈 시티 뱅크 그룹,881022143,-1.68,50.48,HOLD,
273,은행,SMBK,US20151221001,스마트파이낸셜,871343227,-0.53,50.55,BUY,
273,은행,GSBC,US19891201001,그레이트 서던 뱅코프,861859096,-0.74,78.29,,
273,은행,EGBN,US19990714001,이글 뱅코프,842763284,-0.98,27.3,BUY,
273,은행,ORRF,US19990513002,오스타운 파이낸셜 서비시스,827615954,-0.67,41.68,BUY,
273,은행,ALRS,US20190912001,앨러루스 파이낸셜,827072193,-0.69,32.89,HOLD,
273,은행,SPFI,US20190508008,사우스 플레인스 파이낸셜,824785980,-0.09,43.62,BUY,
273,은행,IBCP,US20100202001,인디펜던트 뱅코프 미시건,820524939,-1.06,36.47,,
273,은행,SMBC,US19940412001,서던 미주리 뱅코프,816850654,-0.57,73.56,,
273,은행,FISI,US19990625001,파이낸셜 인스티튜션스,809400806,-1.1,40.51,,
273,은행,MSBI,US20160524001,미드랜드 스테이츠 뱅코프,804334047,-0.67,32.78,,
273,은행,PGC,US19990427002,피팩 글래드스톤 파이낸셜,801915608,-1.06,44.63,BUY,
273,은행,HTB,US20120711001,홈트러스트 뱅크셰어스,777737277,-1.0,46.44,BUY,
273,은행,SHBI,US20010409001,쇼어 뱅크셰어스,774366316,-0.82,22.95,BUY,
273,은행,WASH,US19950818021,워싱턴 트러스트 뱅코프,754941823,-0.73,39.18,HOLD,
273,은행,TCBX,US20211109017,THIRD COAST BANCSHARES INC,753713788,-1.17,44.6,BUY,
273,은행,CCB,US20180717001,코스탈 파이낸셜,743126979,-2.87,47.09,BUY,
273,은행,SUPV,US20160519005,그루포 수페르비에예(ADR),729517575,5.17,8.74,HOLD,
273,은행,CASS,US19960102002,캐스 인포메이션 시스템즈,727471086,-1.02,56.07,BUY,
273,은행,RCBC,NAS2608006007,리버시티 뱅크,724333048,0.53,51.14,,아웃퍼폼 개시
273,은행,CWBC,US19940405001,커뮤니티 웨스트 뱅크셰어스,702458319,0.54,25.96,,
273,은행,CARE,US20190325001,카터 뱅크셰어스,699424441,-0.79,31.22,BUY,
273,은행,PFIS,US20140403002,피플스 파이낸셜 서비시스,698946069,-0.48,68.67,,
273,은행,BCAL,NAS0230511002,서던 캘리포니아 뱅코프,685729838,-0.05,21.26,BUY,
273,은행,RRBI,US20190502002,레드 리버 뱅크셰어스,665311982,-0.52,100.25,HOLD,
273,은행,BHB,US19941207001,바 하버 뱅크셰어스,662407175,-0.43,39.23,,
273,은행,ACNB,US19960102001,ACNB,657873325,2.57,66.17,BUY,
273,은행,BWB,US20180314001,브리지워터 뱅크셰어스,650895437,-1.17,21.07,BUY,
273,은행,VBNK,US20210922017,버사뱅크,643141199,-3.28,19.19,BUY,
273,은행,KRNY,US20050224001,커니 파이낸셜,639366723,0.51,9.87,BUY,
273,은행,CBNK,US20180925002,캐피탈 뱅코프,596896532,-0.93,36.2,BUY,
273,은행,GCBC,US19981230002,그린 카운티 뱅코프,595146861,-1.72,34.26,,
273,은행,FBIZ,US20051007001,퍼스트 비즈니스 파이낸셜 서비시스,594532233,-1.16,70.03,BUY,
273,은행,UNTY,US19890511001,유니티 뱅코프,591932339,-1.12,58.12,BUY,
273,은행,SFST,US19991027002,서던 퍼스트 뱅크셰어스,591339438,-1.59,61.27,BUY,
273,은행,NPB,NYS0250214001,노스포인트 뱅크셰어스,590901354,-0.29,16.99,BUY,
273,은행,CIVB,US20150505001,시비스타 뱅크셰어스,573003151,-1.86,26.97,,CEO 은퇴 부담
273,은행,NRIM,US19901105001,노스림 뱅코프,572153400,-0.35,25.56,BUY,
273,은행,HBCP,US20081003001,홈 뱅코프,548053685,-1.61,68.32,HOLD,
273,은행,BWFG,US20140515001,뱅크웰 파이낸셜 그룹,532079283,-1.38,65.64,,
273,은행,OBT,US20210805006,오랜지 카운티 뱅코프,512253636,-0.81,37.79,BUY,
273,은행,BSRR,US19960530001,시에라 뱅코프,510956490,-0.55,39.62,,
273,은행,COFS,US20200207001,초이스원 파이낸셜 서비시스,500293467,-0.51,33.19,,
273,은행,BSVN,US20180919001,뱅크7,498717924,-1.65,51.35,,
273,은행,PDLB,US20171002008,폰세 파이낸셜 그룹,496008097,-0.83,20.28,BUY,
273,은행,WTBA,US19990503001,웨스트 뱅코프,486745824,-0.77,28.26,HOLD,
273,은행,CBK,NAS0251002002,커머셜 뱅크그룹,468777889,-1.0,33.78,,
273,은행,CZNC,US19940316001,시티즌스 앤 노던,459321025,-0.82,25.33,HOLD,
273,은행,CBAN,US19980402001,콜로니 뱅코프,454105556,-0.89,21.15,BUY,
273,은행,FRBA,US20131115001,퍼스트 뱅크,448589347,-0.56,17.79,,
273,은행,RBB,US20170725005,RBB 뱅코프,445693960,-1.14,25.97,HOLD,
273,은행,AVBC,NYS0250801001,아비디아 뱅코프,442562147,0.23,22.15,,
273,은행,PBFS,US20190718004,파이어니어 뱅코프,439167558,-0.91,17.47,,
273,은행,BMRC,US19991223001,뱅크 오브 마린 뱅코프,432443351,-0.19,26.58,HOLD,
273,은행,PLBC,US20021211001,플루마스 뱅코프,431463789,-1.1,61.15,,
273,은행,ISTR,US20140701004,인베스타 홀딩,418458143,-0.53,30.13,BUY,
273,은행,USCB,US20210721013,USCB 파이낸셜 홀딩스,415341061,-0.8,22.24,,
273,은행,PKBK,US20010905001,파크 뱅코프,400875986,-0.71,33.75,,
273,은행,FRST,US20210331001,프리미스 파이낸셜,398377877,-0.81,15.89,BUY,
273,은행,MVBF,US20171207003,MVB 파이낸셜,395690583,-0.72,30.21,BUY,
273,은행,CHMG,US19990104002,셔멍 파이낸셜,394518233,-0.43,81.25,BUY,
273,은행,FNLC,US19990714002,퍼스트 뱅코프,393256783,-1.44,34.26,,
273,은행,CZFS,US20220603002,시티즌스 파이낸셜 서비시스,390577327,-1.14,80.06,,
273,은행,PCB,US20180810001,PCB 뱅코프,387151947,-0.69,27.3,,
273,은행,WSBF,US20051005001,워터스톤 파이낸셜,379821638,-0.47,20.97,,
273,은행,NWFL,US19980304001,노우드 파이낸셜,373333623,0,34.15,,
273,은행,NECB,US20210713002,노스이스트 커뮤니티 뱅코프,364841356,-0.38,26.33,BUY,
273,은행,TSBK,US19980113001,팀버랜드 뱅코프,361787003,-1.92,45.51,,
273,은행,BRBS,US20191223002,블루 리지 뱅크셰어스,353450249,-0.76,3.9,,
273,은행,AVBH,NAS0250808001,애비드뱅크 홀딩스,348696948,-0.69,31.44,,
273,은행,FSBW,US20120710001,FS 뱅코프,337823077,-0.86,42.48,HOLD,
273,은행,BCML,US20180504001,베이컴,331683476,-1.52,29.83,HOLD,
273,은행,FVCB,US20180914003,에프브이시뱅코프,330394509,-0.05,18.26,BUY,
273,은행,COSO,NYS0250702002,코스탈사우스 뱅크셰어즈,329534938,-0.29,27.41,,
273,은행,JMSB,US20220427006,존 마셜 뱅코프,324555301,-0.26,22.87,,
273,은행,FCCO,US19990309001,퍼스트 커뮤니티,316985623,-1.55,33.11,,
273,은행,FDBC,US20171006001,피델리티 D 앤 D 뱅코프,312777965,-0.15,53.62,,
273,은행,ISBA,NAS0250512005,이자벨라 뱅크,301713375,-2.84,38.32,,
273,은행,CFFI,US19980507001,C&F 파이낸셜,299166261,-0.81,91.01,,
273,은행,BPRN,NAS0230111001,프린스턴 뱅코프,288652409,-0.36,42.1,HOLD,
273,은행,OVLY,US20031015001,오크 밸리 뱅코프,286652980,-0.62,33.77,,
273,은행,XE,NAS2604024003,퍼스트 노던 커뮤니티 뱅코프,281462460,-2.75,16.65,,
273,은행,QNBC,NAS2608020005,QNB,281279632,-0.15,45.1,,
273,은행,ATLO,US19970811001,에임스 내셔널,280660818,-0.57,31.42,HOLD,
273,은행,FRAF,US20190501002,프랭클린 파이낸셜 서비시스,280014947,-0.47,61.77,BUY,
273,은행,FUNC,US19920908001,퍼스트 유나이티드,279316527,-0.3,43.03,BUY,
273,은행,FXNC,US20190418001,퍼스트 내셔널,279009814,-0.68,30.56,HOLD,
273,은행,LCNB,US19991026001,LCNB,277739039,-0.62,19.31,,
273,은행,WNEB,US20161024002,웨스턴 뉴 잉글랜드 뱅코프,275788616,0.22,13.75,HOLD,
273,은행,HWBK,US19990720001,호손 뱅크셰어스,270838161,-0.59,38.91,,
273,은행,RMBI,US20190702001,리치먼드 뮤추얼 뱅코프,267204451,-0.63,15.8,,
273,은행,NKSH,US19991201001,내셔널 뱅크셰어스,261533190,0.56,41.17,BUY,
273,은행,VABK,US20210405008,버지니아 내셔널 뱅크셰어스,251883999,0.84,46.69,,
273,은행,FBLA,NAS0241023003,FB 뱅코프,251717305,-0.38,15.68,,
273,은행,INBK,US20060405001,퍼스트 인터넷 뱅코프,244827719,-2.43,27.33,HOLD,
273,은행,PEBK,US19950818013,피플스 뱅코프 오브 노스 캐롤라이나,239873640,-0.34,43.65,,
273,은행,MRBK,US20171107003,메리디언,231105446,-0.31,19.26,,
273,은행,OPBK,US20180328004,OP 뱅코프,226554174,-0.73,15.02,,
273,은행,CFBK,US19981230001,CF 뱅크셰어스,226031872,-0.46,34.56,,
273,은행,EFSI,NAS0250207001,이글 파이낸셜 서비시즈,225364805,-0.55,41.3,HOLD,
273,은행,OPHC,US20030508001,옵티멈뱅크 홀딩스,216842746,0.22,9.0,BUY,
273,은행,OVBC,US19960209001,오하이오 밸리 뱅코프,215343827,0.29,45.71,,
273,은행,MNSB,US20190417005,메인스트리트 뱅크셰어스,209399041,-0.76,24.96,,
273,은행,FCAP,US19990104003,퍼스트 캐피탈,209213678,-0.63,61.99,,
273,은행,CZWI,US20040330001,시티즌스 커뮤니티 뱅코프,203407842,-0.76,20.86,BUY,
273,은행,RBKB,US20190117001,라인벡 뱅코프,197557051,-0.08,12.59,,
273,은행,FINW,US20210811001,핀와이즈 뱅코프,196425378,-1.06,13.96,BUY,
273,은행,LARK,US19940328001,랜드마크 뱅코프,193614927,0.22,31.72,HOLD,
273,은행,CBFV,US20141103001,CB 파이낸셜 서비시스,191544068,-0.59,37.37,,
273,은행,HNVR,US20220510005,하노버 뱅코프,189678105,-0.15,26.77,HOLD,
273,은행,FNWD,US20211103006,핀워드 뱅코프,188354180,-0.99,42.92,,
273,은행,ECBK,US20220727002,ECB 뱅코프,181720219,-0.43,20.65,,
273,은행,BVFL,NAS0230801008,BV 파이낸셜,181346646,-0.56,21.23,,
273,은행,EBMT,US20000406001,이글 뱅코프 몬태나,181314447,-1.41,22.38,,
273,은행,BAFN,US20211130003,베이퍼스트 파이낸셜,178716217,-1.36,6.52,,
273,은행,SBFG,US19940405002,SB 파이낸셜 그룹,173435230,0.18,27.71,,
273,은행,FGBI,US20151104002,퍼스트 개런티 뱅크셰어스,170939099,-2.64,8.49,HOLD,
273,은행,BCBP,US20020522001,BCB 뱅코프,156105431,-0.58,8.55,HOLD,
273,은행,SRBK,NAS0230920008,SR 뱅코프,155147065,0.41,19.58,,
273,은행,MGYR,US20060124002,매자르 뱅코프,126130378,-0.72,19.34,,
273,은행,BOTJ,US20000810001,제임스 파이낸셜 그룹,123054330,0.11,27.04,,
273,은행,PNBK,US19940831001,패트리엇 내셔널 뱅코프,122642102,2.91,1.06,,
273,은행,SFBC,US20120824001,사운드 파이낸셜 뱅코프,120516196,1.0,47.27,,
273,은행,UNB,US19990809001,유니언 뱅크셰어스,117044711,-0.42,23.5,,
273,은행,PROV,US19960628002,프로비던트 파이낸셜 홀딩스,115262362,-0.11,18.33,HOLD,
273,은행,FNWB,US20150129002,퍼스트 노스웨스트 뱅코프,108350236,-0.62,11.29,,
273,은행,RVSB,US19971001001,리버뷰 뱅코프,103242669,0.97,5.21,,
273,은행,PBHC,US19960530005,패트파인더 뱅코프,101428173,-3.29,15.58,,
273,은행,FDSB,NAS0240801004,피프스 디스트릭트 뱅코프,95814538,1.15,18.46,,
273,은행,AUBN,US19950911001,오번 내셔널 뱅코프,91959732,-0.08,26.3,,
273,은행,FUSB,US20161011001,퍼스트 유에스 뱅크셰어스,90416050,-0.18,16.35,,
273,은행,UBCP,US19950818019,유나이티드 뱅코프,90353734,-1.85,15.42,,
273,은행,SSBI,US20060714001,서밋 스테이트 뱅크 산타로사,87326760,-0.16,12.85,,
273,은행,ASRV,US19900327001,아메리서브 파이낸셜,81725474,0.42,4.82,,
273,은행,HFBL,US20070620001,홈 페더럴 뱅코프 오브 루이지아나,77828853,-4.37,24.3,,
273,은행,BYFC,US19960109001,브로드웨이 파이낸셜,76292963,-2.44,12.01,,
273,은행,KFFB,US20050303001,캔터키 퍼스트 페더럴 뱅코프,50194953,-6.35,5.75,,
273,은행,TCBS,US20210715015,텍사스 커뮤니티 뱅크셰어스,49864181,3.81,17.97,,
273,은행,SHFS,US20220929002,SHF 홀딩스,1979956,-0.06,0.16,,
165,골프,GOLF,US20161028002,아쿠시넷 홀딩스,5089995256,-0.6,86.39,HOLD,
165,골프,ELY,US19920227002,캘러웨이 골프 컴퍼니,2808562114,0.13,15.71,HOLD,
165,골프,NWTG,NAS0230815006,뉴튼 골프 컴퍼니,6524693,-1.67,1.18,BUY,
363,증권,JPM,US19690401002,제이피모건 체이스,961075446948,-0.45,356.02,BUY,
363,증권,HSBC,US20131118003,HSBC(ADR),356434793893,-0.38,103.14,BUY,
363,증권,MS,US19930628001,모건스탠리,345958152874,-0.68,213.32,BUY,
363,증권,GS,US19990504001,골드만삭스,303642060411,-0.78,1025.9,HOLD,자본규제 수혜 부각
363,증권,WFC,US19621210001,웰스파고,271763124356,-0.35,86.39,BUY,
363,증권,C,US19860602001,씨티그룹,224328450226,-0.96,131.62,BUY,
363,증권,SCHW,US19870930002,찰스 슈왑,192140188940,-0.31,109.82,BUY,거래 지원 확대 계획
363,증권,UBS,US19900208001,UBS 그룹,180448282082,1.49,55.72,BUY,자본부담 완화
363,증권,IBKR,US20191007001,인터랙티브 브로커스,163744440010,1.5,97.28,BUY,
363,증권,BMO,US19941027001,뱅크 오브 몬트리올,120142334775,-0.9,170.31,HOLD,
363,증권,CM,US19881031001,캐나디안 임페리얼 뱅크 오브 커머스,104874686996,-0.71,113.52,BUY,
363,증권,BN,US19970811002,브룩필드,101617382275,-0.27,41.22,BUY,
363,증권,PNC,US19871021001,PNC 파이낸셜 서비시스,96898900086,-1.07,239.63,BUY,
363,증권,HOOD,US20210727005,로빈후드,93997094105,0.53,104.81,BUY,항소 기각 부담
363,증권,BCS,US19860909002,바클레이즈(ADR),90605526717,-0.82,26.64,BUY,
363,증권,TFC,US20191209005,트루이스트 파이낸셜,61776671883,-1.69,49.58,HOLD,델라웨어 상품중단
363,증권,AMP,US20050915003,아메리프라이즈 파이낸셜,49542928958,-1.11,553.11,BUY,
363,증권,ARES,US20140501004,아레스 매니지먼트,48568180319,0.45,143.17,BUY,
363,증권,NTRS,US19900326038,노던 트러스트,34567436245,-0.6,185.67,HOLD,
363,증권,LPLA,US20101118001,LPL 파이낸셜 홀딩스,29269559299,-0.15,370.13,BUY,
363,증권,TROW,US19860409001,티 로웨 프라이스 그룹,23794762723,-0.04,111.19,HOLD,
363,증권,TW,US20190403003,트레이드웹 마케츠,23031862952,-1.12,107.65,BUY,
363,증권,OWL,US20210520006,블루 아울 캐피탈,18792023424,1.83,12.24,BUY,
363,증권,BEN,US19861205002,프랭클린 리소시스,17653465358,-1.44,34.15,HOLD,
363,증권,CG,US20161109004,칼라일 그룹,17540666943,-1.43,48.39,HOLD,
363,증권,FUTU,US20191017002,푸투 홀딩스(ADR),17468658603,-1.75,122.08,BUY,
363,증권,IVZ,US19940301001,인베스코,14547740288,-0.24,32.78,HOLD,
363,증권,FRHC,US20191015001,프리덤 홀딩,11184063402,0.58,175.86,,내부자 매도 부담
363,증권,VIRT,US20150416001,VIRTU FINANCIAL INC,10332187839,-1.13,65.64,,
363,증권,AMG,US19971121003,어필리에이티드 매니저스 그룹,9617149602,-0.72,368.19,BUY,
363,증권,VOYA,US20130502003,보야 파이낸셜,9598600775,-1.2,101.32,BUY,
363,증권,XP,US20191210001,XP,9149712799,3.17,18.22,,투자의견 상향
363,증권,CBSH,US19840907013,커머스 뱅크셰어스,8347785270,-0.59,57.7,HOLD,
363,증권,SNEX,US20200706003,스토넥스 그룹,8301988268,-0.25,68.47,BUY,
363,증권,HLNE,US20170301001,해밀턴 레인,5860064957,2.54,108.73,BUY,
363,증권,AX,US20181001004,액소스 파이낸셜,5566829910,-1.08,96.79,BUY,
363,증권,MC,US20140415002,모엘리스,5368383543,-0.48,68.07,HOLD,
363,증권,PIPR,US20200106001,파이퍼 샌들러,5358131772,-0.73,75.06,BUY,
363,증권,BULL,US20220815003,위불,4996897473,1.07,9.47,,
363,증권,FHI,US20200203008,페더레이티드 헤르메스,4822144181,-1.18,63.65,HOLD,
363,증권,LAZ,NYS0240102004,라자드,4264483189,-0.94,43.23,HOLD,
363,증권,FSK,US20181220001,FS KKR 캐피탈,3397284641,1.22,12.41,,
363,증권,LCLN,NYS2605020001,링컨 인터내셔널,2595710770,1.04,25.24,BUY,
363,증권,ETOR,NAS0250514002,이토로 그룹,2474538067,3.06,31.98,BUY,
363,증권,TOP,US20220601002,탑 파이낸셜 그룹,2075306602,-1.73,16.44,,
363,증권,CODI,US20060511001,컴퍼스 다이버시파이드,1299888241,0.96,11.56,BUY,
363,증권,TIGR,US20190319001,업 핀테크 홀딩스(ADR),950513548,-0.2,5.03,,
363,증권,GAIN,US19861106001,글래드스톤 인베스트먼트,656081125,0.73,16.55,BUY,
363,증권,AXG,NAS0230906001,SOLOWIN HOLDINGS LIMITED,431810318,1.35,2.26,,
363,증권,RILY,US20150716004,B 라일리 파이낸셜,383020903,-1.84,6.92,,
363,증권,GSIW,NAS0231201002,가든 스테이지,176950331,0,16.55,,
363,증권,WTF,NAS0250401009,와튼 파이낸셜 리미티드,130600721,-1.48,2.66,,
363,증권,SIEB,US19961112001,시버트 파이낸셜,90259536,1.37,2.22,,
363,증권,RITR,NAS0240820006,리타 로그텍 홀딩스,5491435,4.9,0.092,,
173,반도체장비,ASML,US19950315001,ASML 홀딩(ADR),653293589391,-0.01,1696.02,BUY,
173,반도체장비,LRCX,US19840504001,램 리서치,378816701638,-0.06,301.71,BUY,
173,반도체장비,AMAT,US19721012001,어플라이드 머티리얼즈,367391569577,-0.81,457.93,BUY,
173,반도체장비,KLAC,US19801008001,KLA,229984374953,-0.06,175.44,BUY,
173,반도체장비,TER,US20181127001,테라다인,55649480422,-1.45,349.83,BUY,
173,반도체장비,CLS,US19980630001,셀레스티카,37773381701,0.23,299.4,BUY,
173,반도체장비,ONTO,US20191028002,온투 이노베이션,13325500777,-1.32,267.21,BUY,
173,반도체장비,NVMI,US20000411003,노바,11132907729,-0.08,348.78,BUY,
173,반도체장비,CAMT,US20000728002,캠텍,6342686123,-0.99,134.23,BUY,
173,반도체장비,ACMR,US20171107001,ACM 리서치,5197602293,-2.11,72.85,BUY,
173,반도체장비,KLIC,US19900326028,쿨리케 앤 소파 인더스트리스,4251933866,-1.23,80.03,,
173,반도체장비,ACLS,US20000711001,액셀리스 테크놀로지스,3578826281,-0.2,115.34,HOLD,
173,반도체장비,UCTT,US20040325001,울트라 클린 홀딩스,3154532480,-2.3,67.88,BUY,
173,반도체장비,VECO,US19941220001,비코 인스트루먼츠,2715212450,0.02,44.3,BUY,
173,반도체장비,LASR,US20180426004,엔라이트,2484055725,-1.56,42.27,BUY,
173,반도체장비,COHU,US19861112001,코후,2278517599,-4.0,46.08,BUY,
173,반도체장비,ICHR,US20161209001,아이코어 홀딩스,2082382577,-3.43,53.54,BUY,
173,반도체장비,ASYS,US19840907006,암테크 시스템즈,264037462,-2.99,14.61,,
173,반도체장비,TRT,US19950424001,트리오 테크 인터내셔널,102419212,-0.99,10.0,,
779,제약,LLY,US19700709001,일라이 릴리,1108779920633,-1.52,1156.73,BUY,메리다 인수 호재
779,제약,JNJ,US19440925001,존슨 앤 존슨,647732443358,-0.82,265.85,BUY,
779,제약,MRK,US19490420001,머크,367015314725,-0.4,147.76,BUY,
779,제약,NVS,US19961107001,노바티스(ADR),293156015292,-1.14,152.06,HOLD,
779,제약,AZN,US20200925002,아스트라제네카,253049784698,-0.35,162.13,BUY,
779,제약,ABT,US19490419001,애보트 래버러토리스,195153471629,-1.88,110.36,BUY,
779,제약,PFE,US19510622001,화이자,159802814644,1.79,28.46,HOLD,
779,제약,NVO,US19810709001,노보노디스크(ADR),153252146712,-0.61,45.33,HOLD,비만약 3상 진전
779,제약,VRTX,US19910731002,버텍스 파마슈티컬,137676274105,0.69,545.42,BUY,
779,제약,CVS,US19521001001,CVS 헬스,119349554811,0.91,93.91,BUY,
779,제약,SNY,US20190102003,사노피(ADR),107691384622,-1.05,44.35,BUY,
779,제약,MCK,US19870803001,매케슨,104448212911,-0.9,885.32,BUY,
779,제약,GSK,US19870610001,글락소스미스클라인(ADR),103077675147,-1.12,50.25,BUY,
779,제약,REGN,US19910402001,리제네론 파마슈티컬스,81991546673,0.66,799.41,BUY,
779,제약,COR,US19950404001,센코라,61621718057,0.49,323.6,BUY,
779,제약,TAK,US20181224001,다케다 파마슈티컬(ADR),57754972770,-0.28,17.98,,약가 인하 합의 예상
779,제약,CAH,US19940907001,카디널 헬스,54701230841,0.03,234.62,BUY,
779,제약,HLN,US20220722002,헤일리온(ADR),44589234462,-0.79,10.03,BUY,
779,제약,IDXX,US19910628002,아이덱스 래버러토리스,43843433624,0.33,556.84,BUY,
779,제약,TEVA,US19900326071,테바 파마슈티컬 인더스트리스(ADR),42580614785,-1.07,36.05,BUY,
779,제약,RPRX,US20200616002,로열티 파마,35085414275,0.92,61.41,,
779,제약,ZTS,US20130201001,조에티스,32046939394,-0.31,77.1,BUY,
779,제약,WST,US19801027001,웨스트 파마슈티컬 서비시스,23815272435,1.08,341.11,BUY,
779,제약,VTRS,US20201117005,비아트리스,18819786053,0.98,16.5,BUY,
779,제약,ASND,US20150127001,아센디스 파머,16454444045,6.1,263.04,BUY,특허 분쟁 종결
779,제약,CORT,US20040414001,코셉트 테라퓨틱스,12344229418,-0.49,113.32,BUY,
779,제약,ELAN,US20180919003,엘란코 애니멀 헬스,12079136482,-0.79,23.92,BUY,
779,제약,RDY,US20010411001,닥터 레디스 래버러토리스(ADR),10173805623,-0.41,12.13,HOLD,
779,제약,ALKS,US19910731001,앨커미스,7975613787,-0.93,46.97,BUY,
779,제약,AMRX,US20180507001,엠닐 파마슈티컬스,6125977104,-0.4,17.47,BUY,
779,제약,LQDA,US20180725003,리퀴디아,6075583062,0.71,68.17,BUY,
779,제약,STVN,US20210714018,스테바나토 그룹,5759700098,1.9,21.43,BUY,
779,제약,BCPC,US19860603001,발켐,5704017367,-1.47,175.82,,
779,제약,DFTX,US20210427007,데피니움 테라퓨틱스,5521558598,-3.1,39.71,BUY,풋옵션 급증
779,제약,INDV,NAS0230612008,인디비어,4126496287,0.26,34.96,BUY,
779,제약,OGN,US20210603005,오가논,3623481331,0,13.76,HOLD,
779,제약,TARS,US20201016004,타서스 파마슈티컬스,3308742566,3.46,74.24,BUY,
779,제약,NEOG,US19890823001,니오젠,2550136607,-0.94,11.55,BUY,
779,제약,SUPN,US20120501001,슈퍼누스 파마슈티컬스,2548911494,1.1,44.21,BUY,
779,제약,HWKN,US19931027001,호킨스,2519255904,-0.12,120.2,BUY,
779,제약,PBH,US20050210001,프레스티지 컨슈머 헬스케어,2492603367,-1.32,51.78,BUY,
779,제약,TRVI,US20190501005,트레비 테라퓨틱스,2398773252,-1.19,16.59,BUY,
779,제약,HCM,US20160317002,허치슨 차이나 메디테크(ADR),2165864435,-2.1,12.12,BUY,폐암 3상 성과
779,제약,VCEL,US20141126001,베리셀,2102699627,-2.59,39.89,,
779,제약,PRGO,US19911216001,페리고,2014925808,1.1,14.64,HOLD,
779,제약,CMPS,US20200918003,컴퍼스 패스웨이스(ADR),1906535505,-1.68,13.5,BUY,
779,제약,ETON,US20181029001,이턴 파마슈티컬스,1713416889,1.09,60.43,BUY,
779,제약,ANIP,US19990913001,ANI 파마슈티컬스,1677549070,0.59,73.26,BUY,
779,제약,PAHC,US20140410001,피브로 애니멀 헬스,1533684656,0.21,37.75,HOLD,
779,제약,HROW,US20190102002,해로우,1401029238,-1.02,36.89,,
779,제약,OMER,US20091008001,오메로스,1350865527,0.86,18.77,BUY,
779,제약,HLF,US20041216001,허벌라이프,1306302295,-11.58,10.99,BUY,가이던스 재확인
779,제약,MNKD,US20040728001,맨카인드,1273606983,1.27,4.0,BUY,
779,제약,BRBR,US20191016004,벨링 브랜즈,1246445388,0.75,10.77,BUY,
779,제약,OPK,US20160624001,옵코 헬스,1107615064,-1.35,1.46,BUY,
779,제약,PCRX,US20110203001,파시라 바이오사이언시스,1029676908,0.54,25.9,BUY,
779,제약,AMPH,US20140624001,앰퍼스타 파마슈티컬스,938844809,2.41,22.54,HOLD,
779,제약,WOOF,US20210113009,펫코 헬스 앤 웰니스,875349296,-1.11,2.67,HOLD,
779,제약,DBVT,US20141022001,DBV 테크놀로지스(ADR),853275180,1.92,13.8,,
779,제약,ACHV,US20170803001,어치브 라이프 사이언스,835811177,-2.1,7.93,BUY,
779,제약,COLL,US20150505002,콜레지움 파마슈티컬,827563091,-2.88,24.62,,
779,제약,GYRE,US20150821001,자이어 테라퓨틱스,700691519,-0.15,6.58,,
779,제약,ZVRA,NAS0230301006,지브러 테라퓨틱스,688669350,1.47,11.73,BUY,
779,제약,NGVC,US20120725001,내추럴 그로서스 바이 바이타민 코티지,635048288,-0.4,27.37,BUY,
779,제약,AQST,US20180724001,어퀴스티브 테라퓨틱스,631807855,1.59,5.1,,
779,제약,RLMD,US20191010002,렐마다 테라퓨틱스,463155511,0.69,4.36,BUY,
779,제약,QTTB,US20180328001,Q32 바이오,448670274,-1.0,14.88,BUY,
779,제약,EYPT,US20180402001,아이포인트 파마슈티컬스,387296615,0.22,4.49,BUY,
779,제약,SMTI,US20201102002,사나라 메드테크,318507228,0.87,34.87,HOLD,
779,제약,TTRX,NAS0251008003,턴 테라퓨틱스,300975199,-2.44,9.6,BUY,
779,제약,AMRN,US19930401001,아마린(ADR),295900612,-0.36,13.92,SELL,
779,제약,ANIK,US19930503001,아니카 테라퓨틱스,283160129,-1.52,20.78,,
779,제약,USNA,US19930422002,유사나 헬스 사이언시스,260126672,1.57,14.26,HOLD,
779,제약,NATR,US19900326035,네이처스 선샤인 프로덕츠,250722584,-0.42,14.15,,
779,제약,NUS,US19961122002,뉴스킨,236733407,-3.3,4.69,,
779,제약,TNXP,US20090213003,토닉스 파마슈티컬스 홀딩,233725869,3.53,14.07,BUY,
779,제약,SLGL,US20180131003,솔 젤 테크놀로지스,225905795,0.42,69.1,BUY,
779,제약,CRDL,US20210810003,카르디올 테라퓨틱스,225437005,1.55,1.97,BUY,
779,제약,SIGA,US20180322002,시가 테크놀로지스,220467082,2.94,3.15,,
779,제약,MENS,NAS0250617002,지용 바이오테크,180682995,-4.22,2.27,,
779,제약,DERM,US20211112006,저니 메디컬,166474539,-1.07,7.39,,
779,제약,MDWD,US20140319001,메디운드,163158728,-0.08,12.65,,
779,제약,FBIO,US20150429002,포트리스 바이오테크,156592391,-1.44,2.73,,
779,제약,NRXP,US20210525004,NRX 파마슈티컬,154124280,-1.97,3.48,BUY,
779,제약,MIST,US20190507001,마일스톤 파마슈티컬스,144816339,-0.86,1.15,BUY,
779,제약,MED,US19810324001,메디패스트,136556907,-0.33,12.14,,
779,제약,BGM,US20210111003,BGM 그룹,131566355,-16.46,0.2736,,
779,제약,CPIX,US20090811001,컴벌랜드 파마슈티컬스,127107013,-20.92,6.69,,임상 데이터 연기
779,제약,PYPD,US20200625004,폴리피드,103264944,0.99,5.12,,
779,제약,BARK,US20210602004,바크,98917672,-2.66,10.63,BUY,
779,제약,FTLF,NAS0230918004,핏라이프 브랜즈,92152851,3.27,10.1,,
779,제약,ICCC,US19950710001,이뮤셀,90526259,-1.51,9.79,,
779,제약,OKYO,US20220516002,오쿄 파마(ADR),87882753,-9.58,1.51,,
779,제약,LFVN,US19970310001,라이프밴티지,79831073,-0.31,6.33,BUY,목표가 상향
779,제약,CING,US20211006001,싱귤레이트,77648992,-3.76,5.12,BUY,
779,제약,BTMD,US20220829002,바이오티,56561841,4.46,1.64,,
779,제약,NTRB,US20211001010,뉴트리밴드,54365353,-2.24,4.36,,
779,제약,ZYBT,NAS0250107003,정예 바이오테크놀로지 홀딩,51566213,-1.73,1.7,,
779,제약,NSRX,AMX0250813004,나서스 파마,48146862,-0.49,4.08,,
779,제약,GRCE,US20130107002,그레이스 테라퓨틱스,44719285,0.94,2.14,,
779,제약,IXHL,US20220225003,인카넥스 헬스케어,43671204,-7.97,3.35,BUY,
779,제약,BHST,NAS0241112002,바이오하베스트 사이언시스,41823971,3.8,1.91,,
779,제약,PETS,US19970917001,펫메드 익스프레스,40868871,1.6,1.91,,
779,제약,RMTI,US19980127002,록웰 메디컬,33019803,1.71,8.31,,
779,제약,UG,US19920317011,유나이티드 가디언,32940065,1.26,7.24,,
779,제약,MIRA,NAS0230803001,미라 파머슈티컬스,31607784,4.2,0.7816,,
779,제약,UPC,US20210322008,유니버스 파머슈티컬스,24687476,-6.12,4.6,,
779,제약,AYTU,NAS0230106001,아이투 바이오파마,24216386,0.89,2.27,,
779,제약,BFRI,US20211014001,바이오프론테라,23680443,-3.14,1.54,,
779,제약,COSM,NAS0221216001,코스모스 헬스,22674833,8.1,0.2429,,
779,제약,COCP,US20180312005,코크리스털 파마,21248016,4.55,1.15,BUY,
779,제약,LPCN,US20140324001,리포신,17939416,5.53,2.29,BUY,
779,제약,PBM,US20211210008,사이언스 바이오메디컬,16102651,3.8,4.37,,
779,제약,NHTC,US20150217002,내추럴 헬스 트렌즈,13762445,1.25,1.62,,
779,제약,NAII,US19931028001,내추럴 얼터너티브스 인터내셔널,13591913,-1.85,2.12,,
779,제약,MTEX,US19990216001,매나테크,13041880,6.53,7.18,,
779,제약,KPRX,US20211108012,키오라 파마슈티컬스,11623894,-4.2,2.51,,
779,제약,AIMD,US20220809005,아이노스,10440285,-0.71,1.4,,
779,제약,SNOA,US20161206001,소노마 파마슈티컬스,6290153,-0.76,1.3,,
779,제약,GELS,NAS0241029001,젤텍,5966418,-1.76,0.5457,,
779,제약,PCSA,US20200929002,프로세사 파머슈티컬스,5770260,-1.94,2.02,,
779,제약,PULM,US20150617003,풀매트릭스,5530174,-2.65,1.47,,
779,제약,BTTC,US20151012001,블랙 타이탄,4742035,-6.56,0.4101,,
779,제약,SBFM,US20220215009,선샤인 바이오파머,4471247,-2.61,1.12,,
779,제약,SILO,US20220927006,사일로 파머,4465548,-2.36,2.48,,
779,제약,PAVS,NAS0230314003,파라노부스 엔터테인먼트 테크놀로지,4185785,8.33,5.2,,
779,제약,SHPH,US20220831003,셔틀 파머슈티컬스 홀딩스,3646376,-4.8,3.37,,
779,제약,SXTP,NAS0230615005,60 디그리스 파머슈티컬스,3632498,2.91,1.06,BUY,
779,제약,NXGL,US20211217007,넥스겔,3440649,-0.43,0.3505,HOLD,
779,제약,PRFX,US20200901003,페인리폼,2931573,-1.14,0.9501,,
779,제약,ATPC,NAS0231011003,아가페 ATP,2388064,-1.26,2.35,,
779,제약,SNYR,NAS0241023008,시너지 CHC,1541912,2.13,0.1054,,
779,제약,BDRX,NAS0230327002,바이오덱사 파머슈티컬스(ADR),895797,-6.5,0.8117,,
281,사료,CL,US19510109001,콜게이트 팜올리브,72543147308,-1.02,89.82,BUY,
281,사료,GIS,US19521114001,제너럴 밀스,22275178679,-0.84,41.2,HOLD,
281,사료,SJM,US19941031002,JM스머커,14176006935,-0.89,131.16,BUY,
281,사료,DAR,US19940930001,달링 인그리디언츠,10177903576,3.03,66.27,BUY,
281,사료,FRPT,US20141125001,프레시펫,3412868512,-1.36,69.86,BUY,
281,사료,BARK,US20210602004,바크,98917672,-2.66,10.63,BUY,
29,생활용품,PG,US19500322001,P&G,334875746221,0.93,145.12,HOLD,
29,생활용품,HD,US19810922001,홈 디포,330336562325,-0.71,327.83,BUY,
29,생활용품,UL,US19611212001,유니레버(ADR),140569070397,-0.34,64.85,BUY,
29,생활용품,LOW,US19791219001,로우스,117049528897,-1.61,204.7,BUY,
29,생활용품,MMM,US19460114001,3M,90159256841,-1.44,171.83,BUY,
29,생활용품,ROST,US19850808002,로스 스토어스,73516908786,-0.04,228.47,BUY,
29,생활용품,CL,US19510109001,콜게이트 팜올리브,72543147308,-1.02,89.82,BUY,
29,생활용품,KMB,US19460822001,킴벌리클라크,36534614308,-1.47,107.94,HOLD,
29,생활용품,CHD,US19900815001,처치 앤 드와이트,24085575808,-1.46,99.78,BUY,
29,생활용품,GPC,US19680820001,제뉴인 파츠,19009428749,-1.34,135.67,BUY,
29,생활용품,SWK,US19660615001,스탠리 블랙 앤 데커,14810200337,-1.46,96.37,HOLD,
29,생활용품,AVY,US19770404001,에이버리 데니슨,13508531562,-2.05,174.11,BUY,
29,생활용품,CLX,US19861023001,크로락스,12433285083,-4.73,97.68,HOLD,
29,생활용품,MSA,US19880926001,MSA 세이프티,7363262772,-1.88,186.77,BUY,
29,생활용품,MIDD,US19920317005,미들비,5112895778,-1.69,110.84,BUY,
29,생활용품,REYN,US20200130003,레이놀드 컨슈머 프로덕츠,5083518168,-3.7,23.16,,
29,생활용품,SLGN,US20220801008,실간 홀딩스,4461495649,-1.33,41.54,BUY,
29,생활용품,BBWI,US20131203003,배스 앤 바디 웍스,3886322056,0.16,19.25,HOLD,2분기 실적 호조
29,생활용품,YETI,US20181024007,예티 홀딩스,3042520383,-1.25,41.05,BUY,
29,생활용품,WDFC,US19730503003,WD-40,2922705698,-1.27,214.41,BUY,
29,생활용품,NWL,US20181211001,뉴웰 브랜즈,2635057378,2.46,6.25,HOLD,
29,생활용품,CENT,US19930715001,센트럴 가든 앤 펫,2440748615,-1.87,42.98,BUY,
29,생활용품,CENTA,US20070206001,센트럴 가든 앤 펫 A,2440748615,-1.59,37.21,BUY,
29,생활용품,SPB,US19971124001,스펙트럼 브랜즈 홀딩스,2044879055,-2.67,86.31,BUY,
29,생활용품,ENR,US20000404003,에너자이저 홀딩스,1529340909,-2.2,21.78,,
29,생활용품,TRS,US20070518001,트리마스,1422009025,-1.87,38.79,BUY,
29,생활용품,EPC,US20150702006,에지웰 퍼스널 케어,1342579134,-1.14,28.72,,
29,생활용품,WINA,US19930408002,윈마크,1214803378,-1.3,332.88,,
29,생활용품,HELE,US19900326023,헬렌 오브 트로이,668459070,5.07,30.07,HOLD,
29,생활용품,HNST,US20210504004,더 어니스트,609981723,0.71,5.71,HOLD,
29,생활용품,ESCA,US19920225003,에스컬레이드,278566272,-0.15,20.15,,
29,생활용품,LCUT,US19910612001,라이프타임 브랜즈,212542201,2.49,9.45,,
29,생활용품,AXIL,AMX0240214002,악실 브랜즈,43614663,4.24,6.64,,
29,생활용품,GROV,US20220617002,그로브 컬래버러티브 홀딩스,42771826,-2.08,0.9781,,
29,생활용품,CRWS,US20031007001,크라운 크래프츠,30967277,-2.79,2.79,,
29,생활용품,DSY,NAS0230111002,빅 트리 클라우드 홀딩스,18821714,2.28,4.04,,
29,생활용품,DOGZ,US20171220001,도그니스 인터내셔널,18199381,1.94,1.05,,
29,생활용품,UUU,US19950818040,유니버설 시큐리티 인스트루먼츠,15184117,1.2,5.06,,
29,생활용품,FGI,US20220112004,FGI 인더스트리스,14272760,-4.07,7.07,BUY,
29,생활용품,FRTT,NAS2606008006,포트 테크놀로지,14112380,-2.12,0.9239,,주식 병합 부담
29,생활용품,JCTC,US19960412001,주잇 카메론 트레이딩,10448298,0,2.96,,
29,생활용품,YHGJ,US19971105001,윈훙 그린 CTI,7640025,-3.77,2.81,,
29,생활용품,TKLF,US20220118007,도쿄 라이프스타일(ADR),7173147,0.59,1.7,,
29,생활용품,TANH,US20150324005,탄테크 홀딩스,4870882,0.03,0.3403,,
29,생활용품,YYAI,US20220615001,커넥사 스포츠 테크놀로지스,4128191,-7.31,0.8329,,
29,생활용품,SOBR,US20220516003,소버 세이프,2408247,3.07,0.4595,,
29,생활용품,LBGJ,NAS0241023006,리방 인터내셔널,2032910,3.39,3.05,,
29,생활용품,SNYR,NAS0241023008,시너지 CHC,1541912,2.13,0.1054,,
239,물류,UPS,US19991110002,유나이티드 파셀 서비스,89860211413,-1.04,104.23,BUY,
239,물류,FDX,US19780412001,페덱스,78525696716,-1.05,327.4,BUY,
239,물류,ODFL,US19911024001,올드 도미니언 프레이트 라인,41300948359,0.66,199.95,HOLD,
239,물류,CPNG,US20210310005,쿠팡,29776869775,-2.78,16.06,BUY,
239,물류,EXPD,US19900326013,익스피다이터스 인터내셔널 오브 워싱턴,24892839685,-0.69,189.65,HOLD,
239,물류,JBHT,US19831122002,JB 헌트 트랜스포트 서비시스,24582292184,1.7,265.48,BUY,
239,물류,XPO,US20020726003,엑스포,22138772427,2.88,193.99,BUY,
239,물류,FDXF,NYS2606001001,페덱스 프레이트 홀딩,20008278133,0.22,133.74,BUY,
239,물류,CHRW,US19971015001,CH 로빈슨 월드와이드,17621773869,-0.48,149.67,BUY,
239,물류,ZTO,US20161027005,ZTO 익스프레스(ADR),16459076723,-1.53,21.17,BUY,
239,물류,TFII,US20200213006,TFI 인터내셔널,10987401550,0.66,134.19,BUY,
239,물류,KNX,US19941025002,나이트 스위프트 트랜스포테이션 홀딩스,10973924926,1.89,68.51,BUY,
239,물류,SAIA,US20020911001,사이아,9422084694,0.82,355.13,BUY,
239,물류,LINE,NAS0240725003,리니지,8978275085,-0.18,39.25,HOLD,
239,물류,LSTR,US19930305001,랜드스타 시스템,6126531099,0.41,180.76,HOLD,
239,물류,SNDR,US20170405002,슈나이더 내셔널,6054029855,0.2,34.51,BUY,
239,물류,GXO,US20210802005,GXO 로지스틱스,5474056171,0.27,47.73,BUY,
239,물류,RXO,US20221101014,RXO,3623507068,-3.01,21.25,HOLD,
239,물류,ZIM,US20210128010,ZIM 인티그레이티드 시핑 서비시스,3316189185,-0.15,27.4,,
239,물류,PONY,NAS0241127002,포니 AI (ADR),3301945539,-6.6,7.08,,
239,물류,ARCB,US20140502001,아크베스트,3060278898,1.05,137.98,BUY,
239,물류,HUBG,US19960313001,허브 그룹,2428977566,0.66,39.87,HOLD,
239,물류,WERN,US19860627001,웨너 엔터프라이지스,2310683703,1.98,39.18,HOLD,
239,물류,GCT,US20220818001,기가클라우드 테크놀로지,1896076995,-8.39,48.51,BUY,
239,물류,DSGR,US20220509002,디스트리뷰션 솔루션즈 그룹,1613668600,-0.03,34.78,HOLD,
239,물류,MRTN,US19860925002,마텐 트랜스포트,1175898845,0.35,14.41,BUY,
239,물류,HTLD,US19861105001,하트랜드 익스프레스,944511465,1.4,12.35,HOLD,
239,물류,CVLG,US20200706001,코버넌트 로지스틱스 그룹,890165321,1.06,35.35,BUY,
239,물류,CYRX,US20150724001,크라이오포트,817193773,-0.62,15.99,BUY,
239,물류,PKOH,US19900326042,파크 오하이오 홀딩스,664893325,-1.49,45.08,,
239,물류,FWRD,US19931116001,포워드 에어,575521269,0.06,17.0,BUY,
239,물류,ULH,US20160502001,유니버설 로지스틱스 홀딩스,516120446,-4.3,18.68,,
239,물류,SERV,NAS0240418004,서브 로보틱스,437342775,-3.18,4.87,BUY,
239,물류,RLGT,US20061101001,레이디언트 로지스틱스,409499490,-2.06,8.54,BUY,
239,물류,ORBS,NAS0230404003,에이트코 홀딩스,346624228,-5.01,0.764,,
239,물류,PAMT,US19811104001,팜트,252420849,1.75,12.23,,
239,물류,AIRT,US19950105001,에어 T,126971926,-1.18,31.77,,
239,물류,LPA,US20210330015,로지스틱 프로퍼티스 오브 디 아메리카스,96947736,-0.66,3.03,BUY,
239,물류,NPT,NAS0251022004,텍손 홀딩,78529242,-1.42,3.48,,반기 실적 개선
239,물류,SFWL,NAS0230331007,성펑 디벨롭먼트,75321347,-1.15,0.9,,
239,물류,CRGO,NAS0230130001,프레이토스,67892291,-2.29,1.28,BUY,
239,물류,NCEW,NAS0241121003,뉴 센추리 로지스틱스,58368690,4.45,19.0,,
239,물류,ETS,NAS0250821003,엘리트 익스프레스 ,40033526,1.96,0.8356,,
239,물류,PSIG,NAS0240719002,PS 인터내셔널 그룹,27754238,-8.89,1.64,,
239,물류,MWYN,NAS0250313005,마윈 홀딩스,25515698,3.97,1.31,,
239,물류,SLGB,NAS0251015002,스마트 로지스틱스 글로벌,23374350,-7.34,0.48,,
239,물류,BTOC,NAS0240514002,암로지 홀딩,13898401,-3.74,0.2936,,
239,물류,PGHL,NAS0240723005,프리메가 그룹 홀딩스,13308827,-1.82,1.62,,
239,물류,ELOG,NAS0250828002,이스턴 인터내셔널,9011057,-4.33,0.67,,
239,물류,SGLY,US20220107005,싱귤러리티 퓨처 테크놀로지,7965497,-8.84,1.34,,
239,물류,JYD,NAS0230421002,제이유드 글로벌 로지스틱스,7592819,-4.63,0.8702,,
239,물류,HXHX,NAS0250415002,하오신 홀딩스,7234541,-9.24,0.4762,,
239,물류,RITR,NAS0240820006,리타 로그텍 홀딩스,5491435,4.9,0.092,,
239,물류,DSS,US19970103003,DSS,5478211,-1.23,0.5373,,
239,물류,ATXG,US20220831001,애던택스 그룹,4370536,-4.32,3.54,,
239,물류,GVH,NAS0231108006,글로버벤드,2315961,-1.48,0.9951,,
239,물류,FRGT,NAS0230324003,프레이트 테크놀로지스,893895,-6.9,1.35,,
31,의료,LLY,US19700709001,일라이 릴리,1108779920633,-1.52,1156.73,BUY,메리다 인수 호재
31,의료,JNJ,US19440925001,존슨 앤 존슨,647732443358,-0.82,265.85,BUY,
31,의료,MRK,US19490420001,머크,367015314725,-0.4,147.76,BUY,
31,의료,UNH,US19911010002,유나이티드헬스 그룹,353683594803,-0.9,389.41,BUY,
31,의료,NVS,US19961107001,노바티스(ADR),293156015292,-1.14,152.06,HOLD,
31,의료,AZN,US20200925002,아스트라제네카,253049784698,-0.35,162.13,BUY,
31,의료,TMO,US19800827001,써모 피셔 사이언티픽,230684446382,-0.82,617.1,BUY,
31,의료,ABT,US19490419001,애보트 래버러토리스,195153471629,-1.88,110.36,BUY,
31,의료,PFE,US19510622001,화이자,159802814644,1.79,28.46,HOLD,
31,의료,NVO,US19810709001,노보노디스크(ADR),153252146712,-0.61,45.33,HOLD,비만약 3상 진전
31,의료,DHR,US19861103001,다나허,152313519570,-1.16,213.56,BUY,
31,의료,VRTX,US19910731002,버텍스 파마슈티컬,137676274105,0.69,545.42,BUY,
31,의료,ISRG,US20000613001,인튜이티브 서지컬,131994781854,1.11,376.72,BUY,
31,의료,SYK,US19880201002,스트라이커,127193938637,-2.08,323.8,BUY,
31,의료,CVS,US19521001001,CVS 헬스,119349554811,0.91,93.91,BUY,
31,의료,MDT,US19800728001,메드트로닉,117095019430,-0.64,90.65,BUY,실적 개선 전망
31,의료,SNY,US20190102003,사노피(ADR),107691384622,-1.05,44.35,BUY,
31,의료,MCK,US19870803001,매케슨,104448212911,-0.9,885.32,BUY,
31,의료,GSK,US19870610001,글락소스미스클라인(ADR),103077675147,-1.12,50.25,BUY,
31,의료,HCA,US20110310001,HCA 헬스케어,90708379138,-0.81,414.45,BUY,
31,의료,MMM,US19460114001,3M,90159256841,-1.44,171.83,BUY,
31,의료,REGN,US19910402001,리제네론 파마슈티컬스,81991546673,0.66,799.41,BUY,
31,의료,ECL,US19861210001,에코랩,80606137598,-1.24,283.2,BUY,
31,의료,CI,US19820401001,시그나 그룹,73894821003,-1.0,276.08,BUY,
31,의료,BSX,US19920518001,보스턴 사이언티픽,68069307483,3.12,48.3,BUY,
31,의료,COR,US19950404001,센코라,61621718057,0.49,323.6,BUY,
31,의료,TAK,US20181224001,다케다 파마슈티컬(ADR),57754972770,-0.28,17.98,,약가 인하 합의 예상
31,의료,CAH,US19940907001,카디널 헬스,54701230841,0.03,234.62,BUY,
31,의료,EW,US20000403001,에드워즈 라이프사이언시스,52140588327,0.6,90.75,BUY,
31,의료,BDX,US19630925001,벡톤 디킨슨,51765257368,-0.74,188.11,BUY,
31,의료,NTRA,US20150702001,나테라,47158304882,-1.34,321.89,BUY,
31,의료,MDLN,NAS0251217005,메디라인,46510926046,-0.71,35.03,BUY,
31,의료,HUM,US19710518001,휴매나,46423567173,-0.6,383.23,BUY,
31,의료,VEEV,US20131017004,비바 시스템즈,44922231720,3.25,285.69,BUY,소프트웨어주 강세
31,의료,HLN,US20220722002,헤일리온(ADR),44589234462,-0.79,10.03,BUY,
31,의료,IDXX,US19910628002,아이덱스 래버러토리스,43843433624,0.33,556.84,BUY,
31,의료,TEVA,US19900326071,테바 파마슈티컬 인더스트리스(ADR),42580614785,-1.07,36.05,BUY,
31,의료,KVUE,NYS0230504001,켄뷰,36922876954,-1.51,18.88,HOLD,
31,의료,ALC,US20190409003,알콘,36082733657,0.07,72.06,BUY,
31,의료,RPRX,US20200616002,로열티 파마,35085414275,0.92,61.41,,
31,의료,RMD,US19950602001,레즈메드,34763862473,-0.1,240.1,HOLD,
31,의료,DXCM,US20050414001,덱스콤,34366516546,0.28,91.07,BUY,
31,의료,ILMN,US20000728003,일루미나,32643959627,-0.83,213.81,BUY,
31,의료,GEHC,NAS0230104002,GE 헬스케어,32486632928,-0.68,71.23,BUY,
31,의료,CNC,US20011213001,센틴,32074478080,-0.63,64.34,BUY,
31,의료,ZTS,US20130201001,조에티스,32046939394,-0.31,77.1,BUY,
31,의료,DGX,US19961217001,퀘스트 다이아그노스틱스,26946850449,-1.01,240.3,BUY,
31,의료,PHG,US19870414001,필립스(ADR),26188960908,-0.56,26.57,BUY,
31,의료,WST,US19801027001,웨스트 파마슈티컬 서비시스,23815272435,1.08,341.11,BUY,
31,의료,STE,US19920602001,스테리스,22856500225,-0.49,232.64,BUY,
31,의료,GH,US20181003001,가던트 헬스,21732511596,-1.56,158.98,BUY,
31,의료,THC,US19760331001,테넷 헬스케어,21541774236,-0.33,265.91,BUY,
31,의료,ZBH,US20150630004,짐머 바이오멧 홀딩스,19300474881,-0.86,100.04,HOLD,
31,의료,VTRS,US20201117005,비아트리스,18819786053,0.98,16.5,BUY,
31,의료,ASND,US20150127001,아센디스 파머,16454444045,6.1,263.04,BUY,특허 분쟁 종결
31,의료,SOLV,NYS0240401001,솔벤텀,15553605646,-0.07,91.06,BUY,
31,의료,PKI,US19830406002,레비티,14412005054,-0.1,128.67,BUY,
31,의료,COO,US19831206001,쿠퍼,13918648319,-1.52,70.09,BUY,
31,의료,BAX,US19610515001,박스터 인터내셔널,13546399025,-0.5,26.0,HOLD,
31,의료,BTSG,NAS0240126002,브라이트스프링 헬스 서비시스,13353996452,-1.22,58.41,BUY,
31,의료,PEN,US20150918002,페넘브라,12705768563,0.44,323.1,HOLD,
31,의료,CORT,US20040414001,코셉트 테라퓨틱스,12344229418,-0.49,113.32,BUY,
31,의료,FMS,US19960917001,프레제니우스 메디컬 케어(ADR),12328207306,-1.56,22.74,SELL,
31,의료,SNN,US19991116001,스미스 앤 네퓨(ADR),12163473441,-0.72,28.76,,중립의견 개시
31,의료,ELAN,US20180919003,엘란코 애니멀 헬스,12079136482,-0.79,23.92,BUY,
31,의료,EHC,US20180102004,인컴퍼스 헬스,11955174346,-0.53,120.21,BUY,
31,의료,TEM,NAS0240614002,템퍼스 AI,11586940908,-1.56,63.04,BUY,
31,의료,DVA,US19951031001,다비타,11559206781,-2.58,176.01,HOLD,
31,의료,SCI,US19870723001,서비스 코퍼레이션 인터내셔널,11392630886,-2.06,81.64,,
31,의료,ALGN,US20010126001,얼라인 테크놀로지,11225363581,1.4,159.78,BUY,
31,의료,GMED,US20120803003,글로버스 메디컬,11170463567,-1.93,81.37,BUY,
31,의료,GKOS,US20150625006,글라우코스,10638729432,-0.17,179.56,BUY,
31,의료,MOH,US20030702001,몰리나 헬스케어,10468820922,-0.61,198.77,HOLD,
31,의료,BIO,US19800229001,바이오 래드 래버러토리스,10280211444,-0.41,386.12,HOLD,
31,의료,BIO.B,US19990921001,바이오 래드 래버러토리스,10280211444,9.75,400.69,,
31,의료,RDY,US20010411001,닥터 레디스 래버러토리스(ADR),10173805623,-0.41,12.13,HOLD,
31,의료,UHS,US19910607001,유니버설 헬스 서비시스,10144971522,-0.77,170.33,HOLD,
31,의료,ENSG,US20071109002,엔사인 그룹,10109527211,-0.42,172.25,BUY,
31,의료,PODD,US20070515001,인슐릿,10093161624,2.43,148.65,BUY,
31,의료,HSIC,US19951103001,헨리 셰인,10004236349,0.3,89.79,BUY,
31,의료,BRKR,US20000804001,브루커,9883963753,1.63,58.01,BUY,
31,의료,TWST,US20181030002,트위스트 바이오사이언스,9394819873,-1.74,138.92,BUY,
31,의료,QGEN,US20180110001,키아젠,8926574530,0.42,43.29,BUY,
31,의료,TXG,US20190911004,10X 지노믹스,8040253495,1.48,62.45,BUY,바이오 업종 약세
31,의료,ALKS,US19910731001,앨커미스,7975613787,-0.93,46.97,BUY,
31,의료,HNGE,NYS0250522001,힌지 헬스,7068116023,5.96,92.56,BUY,
31,의료,CHE,US19820629001,케미드,6856366498,-0.89,518.71,,
31,의료,PACS,NYS0240410001,팍스 그룹,6787533660,-1.03,42.31,BUY,
31,의료,HIMS,US20210121009,힘스 앤 허스 헬스,6747334409,2.57,29.58,HOLD,호주 시장 진출
31,의료,LNTH,US20150625004,랜티우스 홀딩스,6595654624,0.17,100.94,HOLD,
31,의료,BLCO,US20220505001,바슈롬,6142317123,1.92,17.48,HOLD,
31,의료,AMRX,US20180507001,엠닐 파마슈티컬스,6125977104,-0.4,17.47,BUY,
31,의료,LQDA,US20180725003,리퀴디아,6075583062,0.71,68.17,BUY,
31,의료,TFX,US19940428001,텔레플렉스,5934490487,1.7,142.05,HOLD,
31,의료,RDNT,US19970103001,래드넷,5887849043,1.64,75.83,,
31,의료,STVN,US20210714018,스테바나토 그룹,5759700098,1.9,21.43,BUY,
31,의료,BCPC,US19860603001,발켐,5704017367,-1.47,175.82,,
31,의료,MMED,NAS2603006005,미니메드 그룹,5670745314,0.95,20.29,BUY,
31,의료,DFTX,US20210427007,데피니움 테라퓨틱스,5521558598,-3.1,39.71,BUY,풋옵션 급증
31,의료,SHC,US20201119005,소테라 헬스,5514353451,-1.92,18.9,BUY,
31,의료,MMSI,US19920226002,메리트 메디컬 시스템즈,5418112102,0.2,90.67,BUY,
31,의료,WAY,NAS0240607007,웨이스타 홀딩,5045368460,-0.23,26.18,BUY,
31,의료,DOCS,US20210623012,독시미티,4777668083,-0.07,26.71,HOLD,
31,의료,HAE,US19910509001,헤모네틱스,4742930827,-0.86,103.07,BUY,
31,의료,LFST,US20210609005,라이프스탠스 헬스 그룹,4716088053,0.32,12.35,BUY,
31,의료,LIVN,US20151020001,리바노바,4437326551,-0.61,79.83,BUY,
31,의료,ICUI,US19920407001,ICU 메디컬,4390820391,-1.28,172.86,BUY,
31,의료,NVST,US20190917004,엔비스타 홀딩스,4369588028,0.04,27.14,BUY,
31,의료,CON,NYS0240725001,콘센트라 그룹 홀딩스,4346463556,-1.52,33.74,BUY,
31,의료,CELC,US20170919001,셀큐이티,4339484652,0.51,88.89,BUY,
31,의료,ITGR,US20160701006,인티거 홀딩스,4271984254,-0.06,125.25,HOLD,
31,의료,HTFL,NAS0250808007,하트플로우,4166113711,5.48,50.4,BUY,FFRCT 효과 확인
31,의료,INDV,NAS0230612008,인디비어,4126496287,0.26,34.96,BUY,
31,의료,ADPT,US20190626001,어댑티브 바이오테크놀로지스,4031317576,-1.11,24.91,,
31,의료,IRTC,US20161020002,아이리듬 테크놀로지스,3974743678,-1.05,118.99,BUY,
31,의료,SXI,US19750701001,스탠덱스 인터내셔널,3626918130,-2.94,289.66,BUY,
31,의료,OGN,US20210603005,오가논,3623481331,0,13.76,HOLD,
31,의료,OPCH,US20200203003,옵션 케어 헬스,3589749978,-1.88,23.45,BUY,
31,의료,CRVL,US19910628001,코르벨,3507423399,-0.51,68.89,,
31,의료,NHC,US19870120001,내셔널 헬스 케어,3497421153,-2.77,216.53,,
31,의료,VCYT,US20131030002,베라사이트,3493752669,-0.35,43.19,BUY,ARK 지분 매수
31,의료,GRAL,NAS0240625002,그레일,3442805568,-0.94,79.25,BUY,
31,의료,PLSE,US20160518001,펄스 바이오사이언시스,3402182708,5.89,50.37,BUY,
31,의료,TARS,US20201016004,타서스 파마슈티컬스,3308742566,3.46,74.24,BUY,
31,의료,OSIS,US19971002001,OSI 시스템즈,3303342451,0.61,207.91,BUY,
31,의료,WRBY,US20210929018,와비 파커,3098732236,-1.6,24.6,BUY,
31,의료,TMDX,US20190501004,트랜스메딕스 그룹,3074788039,-3.89,84.99,BUY,
31,의료,AVAH,US20210426003,애비아나 헬스케어 홀딩스,2915658778,0.75,13.42,BUY,
31,의료,BKD,US20051122001,브룩데일 시니어 리빙,2806665011,0.6,11.79,BUY,
31,의료,AXGN,US19861217001,액소젠,2774744012,-1.4,50.75,BUY,
31,의료,CHRN,US20160809001,크로노스케일,2736780273,-3.15,18.15,,AI 인프라 협력
31,의료,ACHC,US20111101001,아카디아 헬스케어,2665350627,-3.5,27.55,BUY,
31,의료,PRVA,US20210428003,프리비아 헬스 그룹,2662925263,-1.44,20.49,BUY,
31,의료,CDNA,US20140717001,케어DX,2582957909,0.66,50.12,BUY,
31,의료,WGS,US20210723008,진DX 홀딩스,2581836937,-1.71,84.85,,
31,의료,NEOG,US19890823001,니오젠,2550136607,-0.94,11.55,BUY,
31,의료,SUPN,US20120501001,슈퍼누스 파마슈티컬스,2548911494,1.1,44.21,BUY,
31,의료,HWKN,US19931027001,호킨스,2519255904,-0.12,120.2,BUY,
31,의료,PBH,US20050210001,프레스티지 컨슈머 헬스케어,2492603367,-1.32,51.78,BUY,
31,의료,ATRC,US20050805001,아트리큐어,2475866031,-0.41,48.34,BUY,
31,의료,TRVI,US20190501005,트레비 테라퓨틱스,2398773252,-1.19,16.59,BUY,
31,의료,BHC,US20180716002,바슈 헬스 컴퍼니스,2370145414,0.79,6.37,HOLD,
31,의료,GRDN,NYS0240926002,가디언 파마시 서비시스,2353946258,0.08,37.09,BUY,
31,의료,UFPT,US19931223001,UFP 테크놀로지스,2330540325,-0.77,297.74,,
31,의료,BFLY,US20210216002,버터플라이 네트워크,2250981099,-6.41,7.89,,
31,의료,XRAY,US19830512002,덴츠플라이 시로나,2222934895,0.36,11.16,HOLD,
31,의료,MD,US19590331001,피디애트릭 메디컬 그룹,2168118424,-1.43,26.23,HOLD,
31,의료,HCM,US20160317002,허치슨 차이나 메디테크(ADR),2165864435,-2.1,12.12,BUY,폐암 3상 성과
31,의료,ADUS,US20091027001,아듀스 홈케어,2163772283,-0.7,114.74,,
31,의료,ALMR,NAS2604017001,알라마 바이오사이언스,2136934878,-0.68,30.5,BUY,
31,의료,ESTA,US20180718003,이스태블리시먼트 랩스 홀딩스,2111017262,-1.77,69.39,,
31,의료,VCEL,US20141126001,베리셀,2102699627,-2.59,39.89,,
31,의료,NVCR,US20151001001,노보큐어,2080793344,-0.95,17.65,BUY,
31,의료,PRGO,US19911216001,페리고,2014925808,1.1,14.64,HOLD,
31,의료,GRFS,US20110602001,그리폴스(ADR),1991222414,0.52,7.73,,
31,의료,CMPS,US20200918003,컴퍼스 패스웨이스(ADR),1906535505,-1.68,13.5,BUY,
31,의료,ASTH,US20171214001,아스트라나 헬스,1888179939,0.68,38.22,BUY,
31,의료,LMAT,US20061019001,르메트르 배스큘러,1844910811,-0.2,80.29,BUY,
31,의료,PSNL,US20190619004,퍼스널리스,1828106637,-1.7,16.78,BUY,
31,의료,SNDA,US20211115011,소니다 시니어 리빙,1804846491,0.11,37.5,BUY,
31,의료,SGRY,US20151001002,서저리 파트너스,1797218766,1.39,13.88,,
31,의료,BLFS,US20140327001,바이오라이프 솔루션즈,1784137667,1.9,37.07,HOLD,
31,의료,INSP,US20180502003,인스파이어 메디컬 시스템즈,1781157009,2.52,62.99,HOLD,
31,의료,ETON,US20181029001,이턴 파마슈티컬스,1713416889,1.09,60.43,BUY,
31,의료,ANIP,US19990913001,ANI 파마슈티컬스,1677549070,0.59,73.26,BUY,
31,의료,AGL,US20210414007,애질론 헬스,1558148193,-5.02,87.89,HOLD,
31,의료,ARDT,NYS0240718001,아던트 헬스 파트너스,1550130689,-1.28,10.82,BUY,
31,의료,HCSG,US19831122001,헬스케어 서비시스 그룹,1544358269,-2.05,21.98,BUY,
31,의료,PAHC,US20140410001,피브로 애니멀 헬스,1533684656,0.21,37.75,HOLD,
31,의료,OMCL,US20010806001,옴니셀,1513105981,6.32,35.17,,
31,의료,CNMD,US20200210004,콘메드,1501095929,-0.26,49.85,HOLD,
31,의료,TNDM,US20131118001,탠덤 다이어비츠 케어,1495187980,2.71,22.01,BUY,
31,의료,INNV,US20210302007,이노베이지 홀딩,1478166657,-0.64,10.79,HOLD,
31,의료,ATEC,US20060602001,알파텍 홀딩스,1462043198,-0.85,9.36,BUY,
31,의료,OMDA,NAS0250606003,오마다 헬스,1454227217,3.63,24.55,BUY,
31,의료,ENOV,US20220405002,에노비스,1439934576,-1.24,24.59,BUY,
31,의료,HROW,US20190102002,해로우,1401029238,-1.02,36.89,,
31,의료,OMER,US20091008001,오메로스,1350865527,0.86,18.77,BUY,
31,의료,AMN,US20161027003,AMN 헬스케어 서비시스,1344533822,-0.98,34.28,,
31,의료,IART,US19950816001,인테그라 라이프사이언시스 홀딩스,1317203920,0.18,16.92,HOLD,
31,의료,AORT,US20220124001,아티비언,1308807214,0.82,26.99,BUY,
31,의료,HLF,US20041216001,허벌라이프,1306302295,-11.58,10.99,BUY,가이던스 재확인
31,의료,NUTX,US20220404007,뉴텍스 헬스,1299556601,-0.04,189.17,BUY,정보 유출 소송
31,의료,PNTG,US20191001001,페넌트 그룹,1298745542,-0.84,36.77,,
31,의료,CERT,US20201209002,서타라,1277215017,-0.84,8.28,HOLD,
31,의료,MNKD,US20040728001,맨카인드,1273606983,1.27,4.0,BUY,
31,의료,BRBR,US20191016004,벨링 브랜즈,1246445388,0.75,10.77,BUY,
31,의료,GDRX,US20200923003,굿알엑스 홀딩스,1207567683,-0.85,3.5,,
31,의료,PRCT,US20210914012,프로셉트 바이오로보틱스,1196303770,1.87,21.22,HOLD,
31,의료,TDOC,US20150630002,텔러닥 헬스,1184206286,-2.46,6.34,HOLD,
31,의료,USPH,US19920528001,US 피지컬 테라피,1176610983,-1.13,77.74,,
31,의료,BVS,US20210210005,바이오벤투스,1167044521,-1.23,13.67,BUY,
31,의료,IRMD,US20140716001,아이라디메드,1116436884,-0.79,86.38,BUY,
31,의료,STAA,US19830707001,STAAR 서지컬,1111744145,2.17,22.59,HOLD,
31,의료,LMRI,NAS0251211010,루멕사 이미징 홀딩스,1108875736,1.48,11.68,BUY,바클레이스 목표가 상향
31,의료,OPK,US20160624001,옵코 헬스,1107615064,-1.35,1.46,BUY,
31,의료,PCRX,US20110203001,파시라 바이오사이언시스,1029676908,0.54,25.9,BUY,
31,의료,CSTL,US20190724001,캐슬 바이오사이언시스,1026233731,-1.4,33.03,BUY,
31,의료,QDEL,US19920303002,퀴델오서,1013592238,-2.1,14.43,HOLD,
31,의료,AMPH,US20140624001,앰퍼스타 파마슈티컬스,938844809,2.41,22.54,HOLD,
31,의료,CBLL,NAS0241011003,세리벨,913226472,1.05,23.98,,
31,의료,HELP,US20210805003,CYBIN INC,892329500,-3.37,11.77,BUY,
31,의료,WOOF,US20210113009,펫코 헬스 앤 웰니스,875349296,-1.11,2.67,HOLD,
31,의료,SIBN,US20181017003,SI 본,863341626,-0.99,19.02,BUY,
31,의료,HSTM,US20000411002,헬스스트림,861441447,-1.09,29.06,BUY,
31,의료,INMD,US20190807001,인모드,855945904,0.67,14.95,HOLD,
31,의료,AVR,NAS0241213002,안테리스 테크놀로지스,854138527,-1.49,8.61,BUY,
31,의료,DBVT,US20141022001,DBV 테크놀로지스(ADR),853275180,1.92,13.8,,
31,의료,ACHV,US20170803001,어치브 라이프 사이언스,835811177,-2.1,7.93,BUY,
31,의료,COLL,US20150505002,콜레지움 파마슈티컬,827563091,-2.88,24.62,,
31,의료,TRNS,US19900327005,트랜스캣,805758218,0.28,86.09,BUY,
31,의료,AHCO,US20191111001,어댑트헬스,791612223,-3.63,5.58,BUY,
31,의료,VREX,US20170130001,바렉스 이미징,781895313,0,18.5,HOLD,
31,의료,GYRE,US20150821001,자이어 테라퓨틱스,700691519,-0.15,6.58,,
31,의료,SSII,NAS0250425006,SS 이노베이션스 인터내셔널,699266411,-1.44,3.43,BUY,
31,의료,ZVRA,NAS0230301006,지브러 테라퓨틱스,688669350,1.47,11.73,BUY,
31,의료,SOPH,US20210722009,소피아 제네틱스,684792716,3.19,8.4,BUY,
31,의료,GMRS,NYS2605013001,GMR 솔루션즈,682552643,-3.57,12.15,BUY,
31,의료,CTEV,US20201009009,CLARITEV CORPORATION,669403452,1.12,39.83,BUY,
31,의료,ANGO,US20040527002,앤지오다이내믹스,656926901,1.77,16.13,BUY,
31,의료,NGVC,US20120725001,내추럴 그로서스 바이 바이타민 코티지,635048288,-0.4,27.37,BUY,
31,의료,AQST,US20180724001,어퀴스티브 테라퓨틱스,631807855,1.59,5.1,,
31,의료,STLN,US20211115009,스타링 온콜로지,630558372,-4.38,5.9,BUY,
31,의료,KIDS,US20171011003,오서피디아트릭스,619201162,-1.27,23.35,,
31,의료,CTKB,US20210722004,사이텍 바이오사이언시스,610000971,2.14,4.78,BUY,
31,의료,EOLS,US20180207001,에볼러스,588147090,2.36,9.09,BUY,
31,의료,BWAY,US20190416001,브레인스웨이(ADR),576561415,1.68,14.54,BUY,
31,의료,KE,US20141104003,킴볼 일렉트로닉스,563817907,0.64,23.61,BUY,
31,의료,CSV,US19960809002,캐리지 서비시스,542922149,-1.29,33.65,BUY,
31,의료,FLGT,US20160928002,펄젠트 제네틱스,541064459,-1.12,19.39,HOLD,
31,의료,TCMD,US20160728002,택타일 시스템즈 테크놀로지,526075242,-0.78,22.98,BUY,
31,의료,EVH,US20150605002,에볼런트 헬스,521508667,-2.17,4.5,BUY,
31,의료,NPCE,US20210420003,뉴로페이스,495978228,1.73,14.66,BUY,
31,의료,SENS,US20160316001,센서닉스 홀딩스,494676771,-1.07,9.23,HOLD,
31,의료,NRC,US20180418004,내셔널 리서치,484646761,-4.07,20.96,BUY,
31,의료,CLPT,US20200212002,클리어포인트 뉴로,475650206,-2.64,15.14,BUY,
31,의료,SGHT,US20210714016,사이트 사이언시스,472302575,-0.7,8.49,,
31,의료,RLMD,US20191010002,렐마다 테라퓨틱스,463155511,0.69,4.36,BUY,
31,의료,CARL,NAS0250723002,칼스메드,462142591,-3.5,16.29,BUY,
31,의료,QTTB,US20180328001,Q32 바이오,448670274,-1.0,14.88,BUY,
31,의료,MCTA,NAS0251021006,차밍 메디컬,446780186,0,29.35,,
31,의료,MASS,US20201217007,908 디바이시스,444735021,-0.56,10.67,BUY,
31,의료,PRE,US20220518002,프레네틱스 글로벌,442834741,1.9,26.25,BUY,
31,의료,SI,NYS0250729003,숄더 이노베이션스,441745265,-0.95,20.96,BUY,
31,의료,CYH,US20000609001,커뮤니티 헬스 시스템즈,414297988,-0.34,2.92,HOLD,
31,의료,OFIX,US19920424001,오서픽스 메디컬,396197038,-3.3,9.38,,
31,의료,EYPT,US20180402001,아이포인트 파마슈티컬스,387296615,0.22,4.49,BUY,
31,의료,AUNA,NYS0240322001,아우나 S.A.,384445547,-0.19,5.17,BUY,
31,의료,CATX,AMX0230221001,퍼스펙티브 테라퓨틱스,355991726,1.61,3.16,BUY,
31,의료,NNNN,NAS0250219002,안비오 바이오테크놀로지,337574855,-7.69,7.08,,
31,의료,VMD,US20190809001,비메드 헬스케어,336865570,0.34,8.85,BUY,
31,의료,RCEL,US20191001002,아비타 메디컬,320976522,-2.71,10.07,BUY,
31,의료,MOVE,US20210318010,모바노,318544494,-4.26,11.0,,
31,의료,SMTI,US20201102002,사나라 메드테크,318507228,0.87,34.87,HOLD,
31,의료,OBIO,NAS0230127004,오케스트라 바이오메드 홀딩스,312505013,-2.51,5.05,BUY,
31,의료,TMCI,US20210421004,트리스 메디컬 컨셉츠,303245509,1.29,4.71,HOLD,
31,의료,MYGN,US19951006001,미리아드 제네틱스,303087284,1.58,3.21,HOLD,
31,의료,TTRX,NAS0251008003,턴 테라퓨틱스,300975199,-2.44,9.6,BUY,
31,의료,RCMT,US19950818016,RCM 테크놀로지스,298335481,-0.53,41.62,,
31,의료,CV,NAS0250702002,캡소비전,297597487,-1.52,5.84,BUY,
31,의료,AMRN,US19930401001,아마린(ADR),295900612,-0.36,13.92,SELL,
31,의료,RXST,US20210729012,RX사이트,294041959,3.97,7.33,HOLD,
31,의료,EMBC,US20220401003,엠벡타,286920875,1.78,5.14,HOLD,
31,의료,BDSX,US20201028002,바이오데식스,283867991,-1.83,26.34,BUY,
31,의료,ANIK,US19930503001,아니카 테라퓨틱스,283160129,-1.52,20.78,,
31,의료,USNA,US19930422002,유사나 헬스 사이언시스,260126672,1.57,14.26,HOLD,
31,의료,PROF,US20191029005,프로파운드 메드,250939110,-0.73,6.8,BUY,
31,의료,NATR,US19900326035,네이처스 선샤인 프로덕츠,250722584,-0.42,14.15,,
31,의료,OSUR,US19920317007,오라슈어 테크놀로지스,248972484,-0.28,3.59,HOLD,
31,의료,ELMD,US20100813001,일렉트로메드,248322061,-5.51,27.97,BUY,
31,의료,ACU,US19840907016,애크미 유나이티드,242428289,-1.17,62.32,BUY,
31,의료,SY,US20190501003,소 영 인터내셔널(ADR),241577951,22.08,2.93,,
31,의료,INFU,US20060615001,인퓨시스템 홀딩스,240464864,0.91,12.15,BUY,
31,의료,NUS,US19961122002,뉴스킨,236733407,-3.3,4.69,,
31,의료,TNXP,US20090213003,토닉스 파마슈티컬스 홀딩,233725869,3.53,14.07,BUY,
31,의료,UTMD,US19990308002,유타 메디컬 프로덕츠,232326035,-2.25,71.13,,
31,의료,SLGL,US20180131003,솔 젤 테크놀로지스,225905795,0.42,69.1,BUY,
31,의료,CRDL,US20210810003,카르디올 테라퓨틱스,225437005,1.55,1.97,BUY,
31,의료,STIM,US20180627002,뉴로네틱스,224638267,-3.74,2.83,BUY,
31,의료,ORGO,US20181217001,오가노제네시스 홀딩스,224511800,-2.3,1.7,HOLD,
31,의료,SPOK,US20140710001,스폭 홀딩스,223393165,-1.31,10.51,,
31,의료,SIGA,US20180322002,시가 테크놀로지스,220467082,2.94,3.15,,
31,의료,FOCL,US19970801001,EDAP TMS(ADR),203867123,-0.7,4.28,BUY,
31,의료,AMWL,US20200916009,아메리칸 웰,203474653,0.34,11.97,,
31,의료,PDEX,US19860807002,프로 덱스,200274399,-0.67,62.13,BUY,
31,의료,LUCD,US20211014005,루시드 다이어그노스틱스,189829175,-1.29,0.9786,BUY,
31,의료,AIRS,US20211028001,에어스컬프 테크놀로지스,187965015,-2.69,2.53,HOLD,
31,의료,LFMD,US20210222002,라이프엠디,184450424,-1.91,3.08,BUY,
31,의료,ZJYL,NAS0230328007,진 메디컬 인터내셔널,184038678,-0.85,2.32,,
31,의료,HUMA,US20210827005,휴마사이트,181095107,-7.49,0.6014,BUY,
31,의료,MENS,NAS0250617002,지용 바이오테크,180682995,-4.22,2.27,,
31,의료,XGN,US20190918002,엑사젠,179519476,-0.68,7.34,BUY,
31,의료,DERM,US20211112006,저니 메디컬,166474539,-1.07,7.39,,
31,의료,USBC,US20220916004,USBC,165066484,-0.26,0.423,,
31,의료,NYXH,US20210701005,닉소,163394175,-2.5,1.56,BUY,
31,의료,MDWD,US20140319001,메디운드,163158728,-0.08,12.65,,
31,의료,WW,ETC0250627001,WW 인터내셔널,162427077,2.65,16.63,,
31,의료,LENZ,US20210624006,렌즈 테라퓨틱스,161001193,2.35,5.23,BUY,
31,의료,FBIO,US20150429002,포트리스 바이오테크,156592391,-1.44,2.73,,
31,의료,NRXP,US20210525004,NRX 파마슈티컬,154124280,-1.97,3.48,BUY,
31,의료,OPRX,US20180622002,옵티마이즈RX,150159201,0.13,7.96,BUY,
31,의료,KRMD,US20191024003,코루 메디컬 시스템즈,149546949,2.48,3.31,,
31,의료,INGN,US20140214001,이노젠,146363797,-2.36,5.37,BUY,
31,의료,STXS,US20190906001,스테레오택시스,145694257,-0.69,1.44,BUY,
31,의료,MIST,US20190507001,마일스톤 파마슈티컬스,144816339,-0.86,1.15,BUY,
31,의료,STEX,US20180921001,스트리멕스,143500699,-3.2,0.7471,,
31,의료,HSDT,US20180411001,헬리우스 메디컬 테크놀로지스,141863919,-5.56,2.21,BUY,
31,의료,MED,US19810324001,메디패스트,136556907,-0.33,12.14,,
31,의료,IMDX,US20210308009,인사이트 몰레큘러 다이어그노스틱스,135524395,-5.08,3.92,BUY,
31,의료,NAKA,NAS0240531002,카인들리 MD,133505921,0.81,7.5,BUY,
31,의료,BGM,US20210111003,BGM 그룹,131566355,-16.46,0.2736,,
31,의료,APYX,US20190102001,에이픽스메디컬,130100159,-0.97,3.05,BUY,
31,의료,CPIX,US20090811001,컴벌랜드 파마슈티컬스,127107013,-20.92,6.69,,임상 데이터 연기
31,의료,QTRX,US20171207005,퀀테릭스,125198366,0.76,2.66,HOLD,
31,의료,HCAT,US20190724002,헬스 캐털리스트,119987975,3.77,1.65,HOLD,
31,의료,QUCY,US20211103011,퀀텀 사이버 NV,119706387,10.56,1.57,BUY,
31,의료,JYNT,US20141107001,조인트,119555928,0.71,8.49,,
31,의료,DH,US20210914003,데피니티브 헬스케어,116539950,18.43,0.9503,HOLD,
31,의료,AGPU,US20190614001,액스컴퓨트,115301377,0.3,9.95,,
31,의료,BNR,US20200612002,버닝 록 바이오테크(ADR),107763911,-7.26,9.45,,
31,의료,CCLD,NAS0230110003,케어클라우드,106101809,-5.62,2.35,,
31,의료,PYPD,US20200625004,폴리피드,103264944,0.99,5.12,,
31,의료,LUNG,US20201001009,풀모넥스,102499062,0,2.38,BUY,
31,의료,LNSR,US20201002005,렌자,102254188,1.08,8.39,BUY,
31,의료,MBOT,US20161129001,마이크로봇 메디컬,99678321,0.68,1.49,BUY,
31,의료,BARK,US20210602004,바크,98917672,-2.66,10.63,BUY,
31,의료,ACH,US19880129002,액센드라 헬스,93311581,0,1.21,HOLD,
31,의료,FTLF,NAS0230918004,핏라이프 브랜즈,92152851,3.27,10.1,,
31,의료,MBAI,US20150319001,체크-캡,90602351,0.3,6.6,,
31,의료,ICCC,US19950710001,이뮤셀,90526259,-1.51,9.79,,
31,의료,SKIN,US20210506004,뷰티 헬스,89392522,-1.3,0.6761,,
31,의료,HYPR,US20211223007,하이퍼파인,88603679,-1.07,0.8243,BUY,
31,의료,OKYO,US20220516002,오쿄 파마(ADR),87882753,-9.58,1.51,,
31,의료,ECOR,NAS0230215003,일렉트로코어,87017454,-1.35,9.49,,
31,의료,SERA,US20210713003,세라 프로그노스틱스,81885828,2.42,2.12,BUY,
31,의료,LFVN,US19970310001,라이프밴티지,79831073,-0.31,6.33,BUY,목표가 상향
31,의료,CVRX,US20210629002,CVRX,78809675,0.34,2.96,BUY,
31,의료,CING,US20211006001,싱귤레이트,77648992,-3.76,5.12,BUY,
31,의료,OM,US20200915005,아웃셋 메디컬,74265280,-2.79,3.83,BUY,
31,의료,MDXH,US20211103009,MDX헬스(ADR),68957147,0.74,0.726,BUY,
31,의료,CSBR,US20150821002,챔피언스 온콜로지,68807985,1.83,5.02,,
31,의료,ZTEK,US20220322003,젠텍,68563303,-6.48,0.505,,나스닥 상폐 통지
31,의료,GEG,US20201229001,그레이트 엘름 그룹,67350379,1.85,2.2,,
31,의료,PIII,US20211206007,P3 헬스 파트너스,67131067,-4.12,8.84,BUY,
31,의료,DRIO,US20160307001,다리오헬스,66525632,7.68,7.29,BUY,
31,의료,NNOX,US20200820003,나노엑스 이미징,65377118,-3.81,0.798,BUY,
31,의료,HIT,NAS0241223002,헬스 인 테크,64401263,-2.04,0.96,,
31,의료,DLHC,US19950818002,DLH 홀딩스,63945397,-1.82,4.32,,
31,의료,MYO,US20170609002,마이모,63547513,-6.88,1.49,,
31,의료,SKYA,US20220414005,SKYAI INC,61580992,-3.52,1.37,,
31,의료,DXR,US20220202002,닥소,59714279,1.57,10.36,,
31,의료,SRTS,US20160725003,센서스 헬스케어,58106416,0.57,3.54,BUY,
31,의료,BTMD,US20220829002,바이오티,56561841,4.46,1.64,,
31,의료,APT,US20000404002,알파 프로 테크,54754005,2.99,5.51,,
31,의료,NTRB,US20211001010,뉴트리밴드,54365353,-2.24,4.36,,
31,의료,XTNT,US20151019001,엑스턴트 메디컬 홀딩스,54019293,2.08,0.392,BUY,
31,의료,COCH,US20210422001,엔보이 메디컬,53419053,5.64,0.729,BUY,
31,의료,ZYBT,NAS0250107003,정예 바이오테크놀로지 홀딩,51566213,-1.73,1.7,,
31,의료,MDAI,US20210326005,스펙트럴 AI,50669832,0.64,1.58,BUY,
31,의료,NEPH,US20190814002,네프로스,49549958,-6.59,4.25,BUY,
31,의료,POCI,NAS0221116002,프리시전 옵틱스,48290368,-0.91,4.36,BUY,
31,의료,NSRX,AMX0250813004,나서스 파마,48146862,-0.49,4.08,,
31,의료,QTI,NAS0230426002,QT 이미징 홀딩스,45351713,-5.18,2.93,,
31,의료,GRCE,US20130107002,그레이스 테라퓨틱스,44719285,0.94,2.14,,
31,의료,MLSS,US20150601002,마일스톤 사이언티픽,44670048,-5.02,0.4768,,
31,의료,IXHL,US20220225003,인카넥스 헬스케어,43671204,-7.97,3.35,BUY,
31,의료,BHST,NAS0241112002,바이오하베스트 사이언시스,41823971,3.8,1.91,,
31,의료,PETS,US19970917001,펫메드 익스프레스,40868871,1.6,1.91,,
31,의료,SNWV,NAS0250307007,사누웨이브 헬스,40326815,0.64,4.7,BUY,
31,의료,NSPR,US20210521002,인스파이어MD,39624838,3.38,0.8787,,
31,의료,PAVM,US20160727001,파브메드,39448519,3.66,5.1,,
31,의료,DCGO,US20211108001,독고,39432585,-4.38,0.3801,BUY,
31,의료,ELUT,US20201007001,일루시아,39082116,-1.81,0.8641,BUY,
31,의료,PTHL,NAS0240905005,아이토닉 홀딩스,37172070,-6.13,0.2973,,
31,의료,EUDA,NAS0221118001,이유다 헬스 홀딩스,36556198,-3.76,14.06,,
31,의료,ONMD,US20210624001,원메드넷,34481068,0.28,0.5816,,
31,의료,NSYS,US19930624001,노테크 시스템즈,33881866,-2.11,11.59,,
31,의료,RMTI,US19980127002,록웰 메디컬,33019803,1.71,8.31,,
31,의료,UG,US19920317011,유나이티드 가디언,32940065,1.26,7.24,,
31,의료,ARAY,US20070208001,애큐레이,32804738,-3.72,0.2637,HOLD,
31,의료,MIRA,NAS0230803001,미라 파머슈티컬스,31607784,4.2,0.7816,,
31,의료,TELA,US20191107003,텔라 바이오,31513086,5.43,0.738,,
31,의료,MODD,US20220210007,모듈러 메디컬,28279702,9.25,3.78,,
31,의료,BEAT,US20211111001,허트빔,26382058,0.66,0.47,BUY,
31,의료,UPC,US20210322008,유니버스 파머슈티컬스,24687476,-6.12,4.6,,
31,의료,AYTU,NAS0230106001,아이투 바이오파마,24216386,0.89,2.27,,
31,의료,BFRI,US20211014001,바이오프론테라,23680443,-3.14,1.54,,
31,의료,COSM,NAS0221216001,코스모스 헬스,22674833,8.1,0.2429,,
31,의료,ABVC,US20210803001,ABVC 바이오파마,22184196,3.86,0.862,,
31,의료,RVP,US20010504001,리트랙터블 테크놀로지스,21914457,0.27,0.732,,
31,의료,COCP,US20180312005,코크리스털 파마,21248016,4.55,1.15,BUY,
31,의료,LFWD,US20140911003,라이프워드,21185162,2.55,7.65,,
31,의료,CTSO,US20141223001,사이토소벤츠,21148247,1.31,0.34,HOLD,
31,의료,PMI,AMX0250829001,피카드 메디컬,20636792,-3.86,8.46,,
31,의료,KTTA,US20210811004,파시테아 테라퓨틱스,18763748,3.55,0.5799,,
31,의료,LPCN,US20140324001,리포신,17939416,5.53,2.29,BUY,
31,의료,AIFF,US20211217014,파이어플라이 뉴로사이언스,16992321,3.7,1.12,,
31,의료,PLSM,NAS0260121001,펄스앤모어,16758445,1.17,2.6,,
31,의료,NMTC,US20210526003,뉴로원 메디컬 테크놀로지스,16161694,-3.95,1.7,BUY,
31,의료,PBM,US20211210008,사이언스 바이오메디컬,16102651,3.8,4.37,,
31,의료,HIND,NAS0221223002,바이옴 홀딩스,15518577,-1.82,2.16,BUY,
31,의료,TOMZ,US20201001014,토미 인바이런멘틀 솔루션스,13880594,-2.94,1.65,,
31,의료,BNGO,US20180730001,바이오나노 지노믹스,13817128,3.42,1.21,BUY,
31,의료,NHTC,US20150217002,내추럴 헬스 트렌즈,13762445,1.25,1.62,,
31,의료,ICU,US20221031005,시스타 메디컬 홀딩,13654730,0.97,3.12,,
31,의료,NAII,US19931028001,내추럴 얼터너티브스 인터내셔널,13591913,-1.85,2.12,,
31,의료,HSCS,US20220613001,하트사이언시스,13262798,4.62,3.17,,
31,의료,MTEX,US19990216001,매나테크,13041880,6.53,7.18,,
31,의료,HCTI,US20211005002,헬스케어 트라이앵글,12676220,-2.26,0.8251,,
31,의료,IRIX,US19960216001,이리덱스,12443868,1.73,0.7187,,
31,의료,KPRX,US20211108012,키오라 파마슈티컬스,11623894,-4.2,2.51,,
31,의료,ADGM,US20210226002,아다지오 메디컬 홀딩스,11380876,3.93,0.5311,BUY,
31,의료,AIMD,US20220809005,아이노스,10440285,-0.71,1.4,,
31,의료,WOK,NAS0240823002,워크 메디컬 테크놀로지 그룹,10438193,-3.86,2.24,,
31,의료,BFRG,NAS0230120001,불프로그 AI 홀딩스,10041991,-0.41,0.5379,,
31,의료,SINT,NAS0221220007,SINTX 테크놀로지스,10024398,2.0,1.53,BUY,
31,의료,AMS,US19840907018,아메리칸 셰어드 호스피털 서비시스,9802486,-2.04,1.44,,
31,의료,BMRA,US20160826001,바이오메리카,9622194,-2.8,2.08,,신주 발행 희석 부담
31,의료,XWEL,US20221025003,엑스웰,8699107,-8.99,0.9192,,
31,의료,MGRX,NAS0230317004,망고슈티컬스,8698363,-2.78,0.391,,
31,의료,BMGL,NAS0250225001,바젤 메디컬 그룹,8225760,6.11,5.56,,
31,의료,CUPR,NAS0250410003,쿠프리나 홀딩스,8092842,-3.32,2.91,,
31,의료,ICCM,US20210826004,아이스큐어 메디컬,7903202,-0.87,2.28,BUY,
31,의료,TRIB,US19950818018,트리니티 바이오테크(ADR),7892847,1.96,9.87,,
31,의료,MRM,US20201229002,메디롬 헬스케어 테크놀로지스(ADR),7527576,-1.05,0.94,,
31,의료,NDRA,NAS0221209003,엔드라 라이프 사이언시스,7527412,0,5.0,,
31,의료,NVNO,US20211001011,엔베노 메디컬,7359522,2.6,11.03,BUY,
31,의료,INBS,NAS0230210005,인텔리전트 바이오 솔루션스,7164553,0.85,2.38,BUY,
31,의료,ACON,US20220422001,애클래리언,6936787,-2.08,2.35,,
31,의료,CLGN,US20180131001,콜플란트 바이오테크놀로지스,6787825,8.38,0.388,BUY,
31,의료,SNOA,US20161206001,소노마 파마슈티컬스,6290153,-0.76,1.3,,
31,의료,NXL,US20220916005,넥설린 테크놀로지,6237669,-3.6,7.23,,
31,의료,VNRX,US20150209001,볼리션RX,6149597,-3.43,0.4339,BUY,기존주주 매각 부담
31,의료,GELS,NAS0241029001,젤텍,5966418,-1.76,0.5457,,
31,의료,PCSA,US20200929002,프로세사 파머슈티컬스,5770260,-1.94,2.02,,
31,의료,PULM,US20150617003,풀매트릭스,5530174,-2.65,1.47,,
31,의료,DRMA,NAS0230314001,더메타 테라퓨틱스,5404550,-3.73,1.29,,
31,의료,AMIX,NAS0240129001,오토노믹스 메디컬,5180210,-9.02,4.84,BUY,
31,의료,VIVS,US20160808001,비보심 랩스,4745190,2.21,0.2916,,
31,의료,BTTC,US20151012001,블랙 타이탄,4742035,-6.56,0.4101,,
31,의료,VVOS,US20201210008,비보스 테라퓨틱스,4537033,-13.12,0.1954,,
31,의료,SBFM,US20220215009,선샤인 바이오파머,4471247,-2.61,1.12,,
31,의료,SILO,US20220927006,사일로 파머,4465548,-2.36,2.48,,
31,의료,PAVS,NAS0230314003,파라노부스 엔터테인먼트 테크놀로지,4185785,8.33,5.2,,
31,의료,BJDX,US20211110005,블루제이 다이어그노스틱스,4032347,-3.8,0.8658,,
31,의료,SHPH,US20220831003,셔틀 파머슈티컬스 홀딩스,3646376,-4.8,3.37,,
31,의료,SXTP,NAS0230615005,60 디그리스 파머슈티컬스,3632498,2.91,1.06,BUY,
31,의료,NXGL,US20211217007,넥스겔,3440649,-0.43,0.3505,HOLD,
31,의료,GCTK,US20220314002,글루코트랙,3385468,0.47,4.25,,액면병합 시행
31,의료,NUWE,NAS0221212006,누웰리스,3251003,-10.18,0.7984,,
31,의료,MEDS,NAS0250221004,데이터메즈 AI,2949398,0.25,0.963,,
31,의료,PRFX,US20200901003,페인리폼,2931573,-1.14,0.9501,,
31,의료,VTAK,US20201222012,캐시터 프리시전,2896436,1.49,0.2037,,
31,의료,BIAF,US20220810002,바이오어피니티 테크놀로지스,2892821,-4.31,4.66,,기존주주 매도 부담
31,의료,NIVF,US20220317002,뉴젠IVF 그룹,2667372,6.14,0.4476,,
31,의료,ATPC,NAS0231011003,아가페 ATP,2388064,-1.26,2.35,,
31,의료,VRAX,US20220713007,바이랙스 바이오랩스 그룹,2253710,-0.71,2.8,,
31,의료,MNDR,NAS0240410001,모바일 헬스 네트워크 솔루션스,1856643,1.29,1.57,,
31,의료,AEMD,US20150713001,애슬론 메디컬,1775617,-18.47,2.03,,
31,의료,SNYR,NAS0241023008,시너지 CHC,1541912,2.13,0.1054,,
31,의료,BDRX,NAS0230327002,바이오덱사 파머슈티컬스(ADR),895797,-6.5,0.8117,,
143,건설,CAT,US19291202001,캐터필러,369606269587,-0.35,797.47,BUY,
143,건설,HD,US19810922001,홈 디포,330336562325,-0.71,327.83,BUY,
143,건설,DE,US19580804001,디어,170422162369,3.9,654.91,BUY,농기계 수요 회복 전망
143,건설,LOW,US19791219001,로우스,117049528897,-1.61,204.7,BUY,
143,건설,MMM,US19460114001,3M,90159256841,-1.44,171.83,BUY,
143,건설,PWR,US19980212001,콴타 서비시스,89040789295,0.73,607.09,BUY,
143,건설,WM,US19910930001,웨이스트 매니지먼트,88043824139,-0.34,218.92,BUY,
143,건설,SHW,US19640211001,셔윈 윌리엄스,83948688768,-1.75,338.81,BUY,
143,건설,ITW,US19730313001,일리노이 툴 웍스,79992701884,-1.69,275.37,HOLD,
143,건설,RSG,US19980701002,리퍼블릭 서비스,68200722818,-0.54,220.92,BUY,
143,건설,CRH,US19930222001,CRH(ADR),63950229786,-1.64,94.29,BUY,
143,건설,FAST,US19870820001,패스널,57280122777,-1.0,49.28,HOLD,
143,건설,ADSK,US19850701001,오토데스크,54628333150,-0.82,258.53,BUY,주주소송 부담
143,건설,FERG,US20210308013,퍼거슨,44324036474,-1.74,224.51,BUY,
143,건설,CBRE,US20180320001,CBRE 그룹,43794313270,-3.32,145.81,BUY,
143,건설,FER,NAS0240509001,페로비알,42965070899,-0.29,58.56,,
143,건설,WCN,US19871105008,웨이스트 커넥션스,41858121098,-0.37,165.32,BUY,
143,건설,DHI,US19920612001,D R 호튼,41338976967,-1.92,144.56,BUY,
143,건설,MLM,US19940216001,마틴 마리에타 머티리얼스,37818959340,-2.33,518.7,BUY,
143,건설,VMC,US19570102001,벌칸 머티리얼스,35668856887,-1.8,269.58,BUY,
143,건설,EME,US19941028002,엠코 그룹,32738956579,-0.76,734.54,BUY,
143,건설,OTIS,US20200403003,오티스 월드와이드,27384608884,-0.85,71.13,BUY,
143,건설,PPG,US19451217001,PPG 인더스트리스,25461201316,-1.79,112.17,BUY,
143,건설,TPL,US19750529001,텍사스 퍼시픽 랜드,25202377760,2.73,374.34,,
143,건설,AMRZ,NYS0250623001,암라이즈,24498613806,-2.17,43.7,BUY,
143,건설,PHM,US19871208002,풀티 그룹,24163546858,-1.73,126.32,BUY,
143,건설,LEN,US19720727001,레나,20811836095,-2.57,84.11,HOLD,
143,건설,LEN.B,US20030423001,레나 B,20811836095,-3.17,82.26,,
143,건설,MTZ,US19900326065,마스텍,19406920198,-0.51,239.78,BUY,
143,건설,JHX,US20011022001,제임스 하디 인더스트리스(ADR),17423004026,-0.74,29.71,BUY,
143,건설,APG,US20200429001,API 그룹,17199793644,-1.11,39.25,BUY,
143,건설,NVR,US19860617001,NVR,17092219374,-1.27,6315.23,HOLD,
143,건설,CX,US19990915001,세멕스(ADR),16518872632,-1.2,10.74,BUY,
143,건설,CLH,US19871124001,클린 하버스,16446804284,1.46,315.25,BUY,
143,건설,GFL,US20200302004,GFL 인바이런멘틀,15499603454,-1.26,42.29,BUY,
143,건설,TPX,US20031218002,솜니그룹 인터내셔널,14861410490,0.59,64.75,BUY,
143,건설,MAS,US19690505001,매스코,14817841393,-1.49,72.16,HOLD,
143,건설,STRL,US19921001001,스털링 인프라스트럭처,14432241807,0.01,470.55,BUY,
143,건설,CSL,US19860602002,칼라일,14198368296,-2.79,346.58,BUY,
143,건설,RPM,US19900326068,RPM 인터내셔널,13644409367,-2.39,104.1,BUY,
143,건설,TOL,US19860708002,톨 브라더스,13510930264,-1.89,143.45,BUY,
143,건설,WTRG,US20200203011,에센셜 유틸리티스,11695498662,0.17,41.17,HOLD,
143,건설,OC,US20060920002,오웬스 코닝,11345472363,-3.48,138.15,BUY,
143,건설,WMS,US20140725001,어드밴스드 드레이니지 시스템,10358294441,-0.92,135.73,BUY,
143,건설,AYI,US20011128001,어큐이티 브랜즈,10060895827,-1.01,331.79,BUY,
143,건설,TTEK,US19911201002,테트라 테크,9381691427,-1.09,36.14,BUY,
143,건설,VMI,US19900326072,밸몬트 인더스트리스,9219900381,-1.39,469.66,BUY,
143,건설,ACM,US20070510005,애이콤 테크놀로지,8926506610,-2.52,67.43,BUY,
143,건설,DY,US19900924001,다이콤 인더스트리스,8902083739,-1.06,291.21,BUY,
143,건설,MHK,US19920401001,모호크 인더스트리스,8822797032,-1.26,128.25,HOLD,
143,건설,STN,US19930601001,스탠텍,8554621640,-2.39,73.0,BUY,
143,건설,SSD,US19940602001,심슨 매뉴팩처링,7482681057,0.3,182.61,BUY,
143,건설,AWI,US20061018001,암스트롱 월드 인더스트리스,7420226270,-1.43,172.58,BUY,
143,건설,BLDR,US20210719002,빌더스 퍼스트소스,7306547172,-1.95,66.4,HOLD,
143,건설,TEX,US19910319001,테렉스,7304448326,-0.35,63.51,BUY,
143,건설,FLR,US20001201001,플루오르,7144054397,2.33,54.51,BUY,
143,건설,LB,NYS0240627002,랜드브릿지,6720306889,0.74,87.58,,
143,건설,IBP,US20140213001,인스톨드 빌딩 프로덕츠,6544800702,-1.11,242.83,HOLD,
143,건설,ROAD,US20180503001,컨스트럭션 파트너스,6266037161,-3.54,106.2,BUY,
143,건설,FSV,US20150603002,퍼스트서비스,6198082720,-1.46,139.47,BUY,
143,건설,EXP,US19940412002,이글 머티리얼스,6076947192,-1.67,194.26,HOLD,
143,건설,CWST,US19971029001,카셀라 웨이스트 시스템즈,5978257800,-1.46,92.31,BUY,
143,건설,ECG,NYS0241101001,에베루스 컨스트럭션 그룹,5925931977,-0.52,115.13,BUY,
143,건설,AGX,US20131003001,아간,5872567565,1.74,424.99,BUY,
143,건설,LGN,NAS0250912007,레전스,5835389191,-0.3,53.68,BUY,
143,건설,GVA,US19900401001,그래닛 컨스트럭션,5458209515,-1.6,120.56,BUY,
143,건설,FBHS,US20110916001,포춘 브랜즈 이노베이션스,5446396267,-2.57,44.33,HOLD,
143,건설,WFG,US20210201015,웨스트 프레이저 팀버,5313447687,0.72,68.16,BUY,
143,건설,MRP,NYS0250207001,밀로즈 프라퍼티스,5096758547,-0.62,30.42,,
143,건설,HRI,US20160701005,허크 홀딩스,5048674591,1.16,152.34,BUY,
143,건설,LPX,US19721227001,루이지애나 퍼시픽,4996497678,-1.05,70.51,BUY,
143,건설,SKY,US20180604004,스카이라인 챔피언,4910672892,-1.05,89.27,BUY,
143,건설,UFPI,US19931118001,UFP 인더스트리스,4757537459,-1.77,84.49,BUY,
143,건설,TPC,US19991028001,튜터 페리니,4683133135,-0.36,88.52,BUY,
143,건설,TREX,US19990408001,트렉스,4675240799,-0.42,45.58,BUY,
143,건설,MTH,US19881216001,메리티지 홈스,4644056250,-2.29,69.43,BUY,
143,건설,GFF,US19910101001,그리폰,4495647618,-1.39,97.39,,
143,건설,BRC,US19840629001,브래디,4405395831,-2.79,90.65,BUY,
143,건설,CVCO,US20030620001,카브코 인더스트리스,4382721838,-1.73,558.58,BUY,
143,건설,OMAB,US20061129001,그루포 아에로포르투아리오 센트로 노르테(ADR),4294220103,-1.35,99.3,BUY,
143,건설,MDU,US19480920001,MDU 리소시스 그룹,4174307706,0.66,19.92,BUY,
143,건설,HHH,US20101105001,하워드 휴즈 홀딩스,3880504262,-1.03,64.13,,
143,건설,JOE,US19920310001,세인트 조,3843138215,-1.81,66.1,,
143,건설,MHO,US19931103002,M I 홈즈,3838418153,-1.71,148.81,BUY,
143,건설,KNF,NYS0230601001,나이프 리버 홀딩,3656548669,-2.4,62.7,BUY,
143,건설,HNI,US19900326060,HNI,3546775931,-1.42,48.43,,
143,건설,USLM,US19900326055,유나이티드 스테이츠 라임 앤 미네랄스,3450956593,-1.36,118.33,,
143,건설,KBH,US19860801001,KB 홈,3443716636,-2.84,53.3,HOLD,
143,건설,BATRA,NAS0230719001,애틀랜타 브레이브스 홀딩스 A,3255351930,-1.45,54.91,BUY,
143,건설,BATRK,NAS0230719002,애틀랜타 브레이브스 홀딩스 C,3255351930,-1.92,49.58,HOLD,
143,건설,GRBK,US20211213007,그린 브릭 파트너스,3207574656,-1.49,72.22,,
143,건설,TTAM,NYS0250207002,타이탄 아메리카,2776768736,-0.67,14.92,HOLD,
143,건설,ABM,US19840719001,ABM 인더스트리스,2772652747,-1.21,46.63,BUY,
143,건설,BCC,US20130206001,보이시 캐스케이드,2755279242,-0.94,78.01,,
143,건설,MGRC,US19841113001,맥그래스 렌트코프,2750084492,0.04,112.33,,
143,건설,PATK,US19900327004,패트릭 인더스트리스,2688312486,-2.11,81.71,,
143,건설,BOBS,NYS2602005001,밥스 디스카운트 퍼니처,2268438352,-2.77,16.83,BUY,
143,건설,TILE,US19780920001,인터페이스,2236097779,-1.76,37.9,BUY,
143,건설,CTOS,US20210405015,커스텀 트럭 원 소스,2098829050,0.11,9.21,BUY,
143,건설,CCS,US20140618002,센추리 커뮤니티스,1971847910,-2.33,67.55,BUY,
143,건설,CDNL,NAS0251210003,카디널 인프라스트럭처 그룹,1810860507,-2.87,36.95,BUY,
143,건설,TGLS,US20220509004,테크노글래스,1779928473,-0.77,39.7,BUY,
143,건설,MBC,NYS0221215004,마스터브랜드,1760970925,-4.4,8.25,HOLD,
143,건설,MLKN,US20211101005,밀러놀,1594184576,-2.33,22.59,,
143,건설,HLMN,US20210715005,힐만 솔루션즈,1515787642,-0.9,7.7,BUY,
143,건설,FOR,US19730314001,포레스타 그룹,1464666925,-1.26,28.27,BUY,
143,건설,ROCK,US19930930001,지브롤터 인더스트리스,1347499354,-0.62,44.99,BUY,
143,건설,LGIH,US20131106002,LGI 홈스,1340465975,-2.63,55.99,BUY,
143,건설,DFH,US20221010002,드림 파인더스 홈스,1339987360,-4.81,14.05,HOLD,
143,건설,LZB,US19870820003,레이지보이,1308120037,-2.86,31.64,,
143,건설,ARHS,US20211103001,아르하우스,1276444645,-3.23,8.69,BUY,
143,건설,BW,US20150702002,밥콕 앤 윌콕스 엔터프라이지스,1240333030,5.31,7.54,BUY,매수의견 개시
143,건설,LOMA,US20171101007,로마 네그라 콤파니아 인더스트리얼 아르헨티나(ADR),1133912032,3.72,10.05,BUY,
143,건설,CPAC,US20120208003,세멘토스 파카스마요(ADR),1054095707,0.81,12.5,HOLD,
143,건설,BV,US20180627006,브라이트뷰 홀딩,1041840211,-0.98,11.11,BUY,
143,건설,ASTE,US19860618001,애스텍 인더스트리스,1001828733,-1.94,42.55,BUY,
143,건설,BXBL,NAS0250211002,박서블,971061661,-2.99,3.89,,
143,건설,AEBI,NAS0250702001,에비 슈미트 홀딩,961045883,2.51,12.66,,
143,건설,NX,US20080424001,콰넥스 빌딩 프로덕츠,894383339,-1.03,19.22,,
143,건설,BZH,US19940223001,비저 홈스 USA,888743809,-0.12,33.18,HOLD,
143,건설,KOP,US20060201002,코퍼스 홀딩스,882953398,-1.48,45.87,,
143,건설,APOG,US19730503002,애퍼지 엔터프라이지스,843941689,-3.1,39.08,BUY,
143,건설,HOV,US19830907001,호브내니언 엔터프라이지스,777006148,-4.35,124.13,SELL,
143,건설,BWMN,US20210504001,바우맨 컨설팅 그룹,740108697,0.02,42.59,HOLD,
143,건설,MTW,US19930527003,매니토웍 컴퍼니,708404227,-0.87,19.42,,
143,건설,OIO,US20220407002,OIO 그룹,703898441,-7.96,1.85,,
143,건설,CRESY,US19970319001,크레수드(ADR),700748819,4.07,11.51,,
143,건설,LEGH,US20181212001,레가시 하우징,675831151,-0.78,28.12,BUY,
143,건설,JBI,US20210608007,야누스 인터내셔널 그룹,669012821,1.43,4.96,,
143,건설,SDHC,NYS0240111002,스미스 더글러스 홈스,628953747,-2.11,12.08,HOLD,
143,건설,BXC,US20041214002,블루링스 홀딩스,625981777,0.26,79.63,BUY,
143,건설,HY,US20120928002,하이스터 예일,610776729,-0.32,33.86,BUY,
143,건설,ONT,US20200722006,온테리스,600052865,-1.88,16.72,BUY,
143,건설,ETD,US20210816003,이선 알렌 인테리어스,598874291,0.77,23.65,,
143,건설,ADUR,NAS0241107001,아두로 클린 테크놀로지스,501769839,-2.47,13.82,BUY,
143,건설,BBCP,US20181207001,콘크리트 펌핑 홀딩스,465404668,-1.74,9.05,HOLD,
143,건설,TRC,US19920317027,테혼 랜치,438955849,-0.74,16.08,,
143,건설,HVT,US19920225009,하버티 퍼니처,429857776,-0.33,27.27,,
143,건설,HVT.A,US19920225010,하버티 퍼니처 A,429857776,-5.99,27.3,,
143,건설,ASPN,US20140612001,아스펀 에어로젤,410264172,0,4.93,BUY,
143,건설,SUPX,NAS0240417002,슈퍼 X AI 테크놀로지,406755101,-1.92,9.2,,
143,건설,FSTR,US19900326019,LB 포스터,394103322,0.29,37.47,,
143,건설,PESI,US19921208001,퍼마 픽스 인바이런멘틀 서비시스,385537915,0.22,18.16,,
143,건설,ORN,US19951220001,오라이언 그룹 홀딩스,376427652,1.4,9.4,BUY,
143,건설,FPH,US20170508003,파이브 포인트 홀딩스,367942037,-0.59,5.08,,
143,건설,NOA,US20061122001,노스 아메리칸 컨스트럭션 그룹,354354976,1.98,13.39,BUY,
143,건설,SEG,AMX0240801006,시포트 엔터테인먼트 그룹,344114825,-1.87,26.29,,
143,건설,CVEO,US20140603001,시비오,343301888,0.94,33.43,BUY,
143,건설,FLXS,US19920225005,플렉스스틸 인더스트리스,335628407,-2.85,79.47,HOLD,
143,건설,TCI,US19860910001,트랜스컨티넨탈 리얼티 인베스터스,317966464,0.94,36.48,,
143,건설,MLP,US19980511002,마우이 랜드 앤 파인애플,313844304,0.51,15.84,,
143,건설,MTRX,US19901003001,매트릭스 서비스,305530729,-0.18,10.81,BUY,
143,건설,GENC,US20220801004,젠코 인더스트리스,277942327,-1.85,18.56,,
143,건설,ARL,US20000803001,아메리칸 리얼티 인베스터스,242949490,0,15.0,,
143,건설,LOVE,US20180626003,러브색,234714478,-2.5,15.59,,
143,건설,ALTG,US20200218003,알타 이큅먼트 그룹,224095817,0.17,5.9,BUY,
143,건설,JELD,US20170127002,젤드 웬 홀딩,220117344,-5.53,2.39,HOLD,
143,건설,CMT,US19880922001,코어 몰딩 테크놀로지스,214673476,0.2,25.05,,
143,건설,CHCI,US20041214001,컴스톡 홀딩 컴퍼니스,206722249,-2.09,19.63,,
143,건설,ANGI,US20111117001,앤지,204967786,-8.13,4.63,HOLD,
143,건설,XHG,US20220926001,엑스체인지 텍(ADR),176263686,2.35,3.49,,
143,건설,BSET,US19840907011,바셋 퍼니처 인더스트리스,162703888,0.11,18.76,HOLD,
143,건설,HTLM,NAS0241001003,홈스 투 라이프,154238685,3.51,1.77,,
143,건설,HOFT,US20020627001,후커 퍼니싱,144012330,-2.09,13.09,,
143,건설,SMID,US20201117004,스미스 미드랜드,133513176,4.78,26.3,,
143,건설,RFL,US20191121005,라파엘 홀딩스,133487484,0.39,2.57,,
143,건설,AXR,US19871210001,앰렙,123236788,0.22,23.13,HOLD,
143,건설,STHO,NAS0230331009,스타 홀딩스,119329647,-0.2,9.83,,
143,건설,CSTE,US20120322001,시저스톤,108871742,-8.28,2.88,,
143,건설,KEQU,US19920225007,키와우니 사이언티픽,108671521,2.3,38.65,,
143,건설,JFB,NAS0250306006,JFB 컨스트럭션 홀딩스,96968282,-1.26,4.72,,정찰시스템 인도 완료
143,건설,LPA,US20210330015,로지스틱 프로퍼티스 오브 디 아메리카스,96947736,-0.66,3.03,BUY,
143,건설,YDDL,NAS0251009003,원앤원 그린 테크놀로지,92710232,37.58,2.27,,
143,건설,MAYS,US19920226001,JW 메이스,85502885,0.71,42.6,,
143,건설,INTG,US19950818006,인터그룹,76277940,0.42,35.55,,
143,건설,AEI,NAS0221228001,알셋,55384554,0.7,1.43,,
143,건설,APT,US20000404002,알파 프로 테크,54754005,2.99,5.51,,
143,건설,SCWO,US20220614001,374워터,49570136,1.79,2.84,,
143,건설,RETO,US20171129002,리토 에코 솔루션스,47665543,0.78,1.3,,
143,건설,CULP,US20170713005,컬프,43877327,-1.16,3.4,,
143,건설,SLND,AMX0230302004,사우스랜드 홀딩스,35666186,-2.14,0.6394,,
143,건설,CRWS,US20031007001,크라운 크래프츠,30967277,-2.79,2.79,,
143,건설,QRHC,US20140519001,퀘스트 리소스 홀딩,30034541,-1.41,1.4,BUY,
143,건설,LIVE,US19950818008,라이브 벤처스,28306447,1.63,9.34,,
143,건설,MERC,US19900326031,머서 인터내셔널,25926934,1.06,0.3899,,
143,건설,LOOP,US20171120001,루프 인더스트리,25333975,-5.48,0.4936,,
143,건설,NWGL,NAS0230912005,네이처 우드 그룹(ADR),25073180,-1.9,0.8501,,손실 사업 매각
143,건설,GTEC,US20191029002,그린랜드 테크놀로지스 홀딩,23726839,0.85,0.899,,
143,건설,CKX,US19990713001,CKX 랜즈,23408521,-0.18,11.35,,
143,건설,SKYQ,NAS0241010011,스카이 쿼리,23295950,1.52,2.67,,
143,건설,PRPL,US20180205001,퍼플 이노베이션,18710736,-6.31,4.01,HOLD,
143,건설,SKK,NAS0241008006,SKK 홀딩스,17752737,5.59,4.72,,
143,건설,LRE,NAS0230331005,리드 리얼 에스테이트(ADR),17715030,-1.55,1.27,,
143,건설,MRNO,US20220314003,무라노 글로벌 인베스트먼츠,17572956,0.23,0.214,,
143,건설,MSW,NAS0241122004,밍싱 그룹 홀딩스,15092550,6.03,1.23,,
143,건설,PGHL,NAS0240723005,프리메가 그룹 홀딩스,13308827,-1.82,1.62,,
143,건설,MIMI,NAS0250110001,민트,12884351,-13.49,0.83,,할인 발행 부담
143,건설,NTZ,US19930513001,나투치(ADR),11045016,0,1.0,,
143,건설,AWX,US19980521002,아발론 홀딩스,10440223,-2.25,2.61,,
143,건설,AIRE,NAS0231023002,리알파 테크,9499836,-3.73,1.55,BUY,
143,건설,GAUZ,NAS0240606002,고지,9019891,-2.12,0.383,,
143,건설,MWG,AMX0230403009,멀티 웨이스 홀딩스,7057316,-11.03,1.21,,
143,건설,CWD,NAS0230517004,캘리버코스,5800262,-0.69,0.5341,,
143,건설,SPHL,NAS0241017004,스프링뷰 홀딩스,5738607,-2.37,2.47,,
143,건설,RITR,NAS0240820006,리타 로그텍 홀딩스,5491435,4.9,0.092,,
143,건설,RENX,NAS0230928001,렌엑스엔터,5320295,-1.0,1.98,,전환사채 희석 부담
143,건설,AEHL,US20201015001,안텔로페 엔터프라이즈 홀딩스,5214314,82.77,6.47,,사모 발행 희석 부담
143,건설,MSGY,NAS0250708003,메이슨글로리,4762116,-4.15,1.85,,
143,건설,GBR,US19930326003,뉴 컨셉 에너지,3948603,0.34,0.7699,,
143,건설,OFAL,NAS0250516004,OFA 그룹,3071089,-7.57,0.7462,,
143,건설,OLOX,US20170612005,올레녹스 인더스트리즈,1813681,-8.27,0.9999,,
143,건설,UK,US20201118018,유커뮨 인터내셔널,1339249,3.05,2.03,,
561,자동차유통,CVNA,US20170425003,카바나,81703268648,-0.78,73.46,BUY,
561,자동차유통,CPRT,US19940317001,코파트,30626837230,0.03,33.0,BUY,
561,자동차유통,PAG,US19961023001,펜스케 오토모티브 그룹,14288837592,-0.19,216.59,HOLD,
561,자동차유통,KMX,US19970204002,카맥스,8838430590,-1.26,61.33,HOLD,
561,자동차유통,LAD,US19961218002,리시아 모터스,8164142929,-0.82,367.32,BUY,
561,자동차유통,AN,US19510409001,오토네이션,6633398583,0.58,201.25,BUY,
561,자동차유통,RUSHA,US20020710001,러시 엔터프라이지스 A,5962273540,0.69,76.8,BUY,
561,자동차유통,RUSHB,US20020710002,러시 엔터프라이지스 B,5962273540,1.09,77.74,,
561,자동차유통,GHC,US20131129001,그레이엄 홀딩스,4930876774,-2.78,1128.89,,
561,자동차유통,KAR,US20091211003,오픈레인,4320858125,1.45,35.6,BUY,
561,자동차유통,ABG,US20020313001,애즈버리 오토모티브 그룹,3809472247,-0.1,211.4,HOLD,
561,자동차유통,CARG,US20171011001,카구루스,3265516403,-2.52,35.64,BUY,
561,자동차유통,GPI,US19971030001,그룹 원 오토모티브,3155558619,2.12,269.54,BUY,
561,자동차유통,SAH,US19971111001,소닉 오토모티브,2526021622,-1.29,78.65,BUY,
561,자동차유통,ACVA,US20210323001,ACV 옥션스,1219181573,-1.82,7.03,BUY,
561,자동차유통,DSC,NAS2606025005,DSC 홀딩스(ADR),412230038,-8.65,7.5,BUY,
561,자동차유통,UXIN,US20180626004,우신(ADR),259950115,-0.86,1.15,,
561,자동차유통,RDNW,US20171019003,라이드나우 그룹,221803499,-0.35,5.65,,
561,자동차유통,PAL,NAS0240509004,프로피션트 오토 로지스틱스,144308780,-1.75,5.04,,
561,자동차유통,CANG,US20180725007,캉고(ADR),91731525,7.17,2.39,,실적 예상치 하회
561,자동차유통,JZXN,US20210518004,지우지 홀딩스,60436310,-0.85,1.16,,
561,자동차유통,VRM,NAS0250220005,브룸,48184039,-0.98,9.09,,
561,자동차유통,UCAR,NAS0230418001,유 파워,21575191,4.74,0.6348,,
561,자동차유통,CRMT,US19931109001,아메리카스 카 마트,20676034,-2.52,2.32,BUY,
561,자동차유통,AZI,NAS0240828001,오토지 인터넷 테크놀로지,8405221,-1.52,1.3,,
561,자동차유통,CTNT,NAS0230731001,치타 넷 서플라이 서비스,4720488,-2.01,1.46,,
561,자동차유통,KXIN,US20190502001,카이신 홀딩스,2241719,1.4,1.45,,
463,금융그룹,JPM,US19690401002,제이피모건 체이스,961075446948,-0.45,356.02,BUY,
463,금융그룹,BAC,US19730102001,뱅크오브아메리카,449991990922,-0.61,61.94,BUY,스테이블코인 진출 검토
463,금융그룹,HSBC,US20131118003,HSBC(ADR),356434793893,-0.38,103.14,BUY,
463,금융그룹,WFC,US19621210001,웰스파고,271763124356,-0.35,86.39,BUY,
463,금융그룹,MUFG,US20180402002,미쓰비시 UFJ 파이낸셜(ADR),258465691618,-0.66,22.75,,금융주 전반 약세
463,금융그룹,SAN,US19880105004,방코 산탄데르(ADR),210669047091,-0.75,14.56,BUY,
463,금융그룹,UBS,US19900208001,UBS 그룹,180448282082,1.49,55.72,BUY,자본부담 완화
463,금융그룹,SMFG,US20060127001,스미토모 미쓰이 파이낸셜 그룹(ADR),164156148305,-0.31,25.84,,
463,금융그룹,BBVA,US19881214001,방코 빌바오 비스카야 아르헨타리아(ADR),162127271172,-0.14,28.96,SELL,
463,금융그룹,SONY,US20210401017,소니(ADR),145891254462,-1.17,24.56,,
463,금융그룹,COF,US19941115001,캐피탈 원 파이낸셜,135331495530,-0.54,214.51,BUY,
463,금융그룹,MFG,US20061108002,미즈호 파이낸셜 그룹(ADR),129616449720,0,10.64,,
463,금융그룹,USB,US19730503007,US 뱅코프,102658717116,-1.42,61.58,BUY,
463,금융그룹,ING,US19970613002,ING 그룹(ADR),101750176750,0.23,35.32,BUY,
463,금융그룹,PNC,US19871021001,PNC 파이낸셜 서비시스,96898900086,-1.07,239.63,BUY,
463,금융그룹,BCS,US19860909002,바클레이즈(ADR),90605526717,-0.82,26.64,BUY,
463,금융그룹,LYG,US20000417001,로이즈 뱅킹 그룹(ADR),85969521879,-0.84,5.87,HOLD,
463,금융그룹,DB,US20011003001,도이치뱅크,77324692789,-0.74,40.06,BUY,
463,금융그룹,TFC,US20191209005,트루이스트 파이낸셜,61776671883,-1.69,49.58,HOLD,델라웨어 상품중단
463,금융그룹,STT,US19950214001,스테이트 스트리트,53668643327,-1.01,191.38,BUY,
463,금융그룹,KB,US20011102001,KB 파이낸셜 그룹 (ADR),43997747940,0.51,124.79,,
463,금융그룹,SLF,US20000323001,선 라이프 파이낸셜,43773654782,-0.48,78.38,BUY,
463,금융그룹,RKT,US20200806007,로켓 컴퍼니스,39099357634,-2.61,13.41,BUY,
463,금융그룹,SHG,US20030916001,신한 파이낸셜 그룹(ADR),37259562834,0.03,79.17,,
463,금융그룹,MTB,US19960919001,M&T 뱅크,36471286161,-1.41,233.94,HOLD,
463,금융그룹,HBAN,US19900326022,헌팅턴 뱅크셰어스,35213244788,-1.42,16.68,BUY,
463,금융그룹,RJF,US19860411001,레이먼드 제임스 파이낸셜,34597243551,-0.66,178.17,HOLD,
463,금융그룹,CFG,US20140924001,시티즌스 파이낸셜 그룹,30585608025,-1.2,68.87,BUY,
463,금융그룹,NMR,US20011217001,노무라 홀딩스(ADR),30185802424,-1.17,10.18,BUY,
463,금융그룹,BAP,US19951026001,크레디코프,29338906060,-0.55,366.38,BUY,
463,금융그룹,RF,US19811101001,리전스 파이낸셜,27174393694,-1.48,29.88,HOLD,
463,금융그룹,FCNCA,US19920225004,퍼스트 시티즌스 뱅크셰어스,23478362055,-1.33,2162.83,HOLD,
463,금융그룹,WF,US20190213002,우리 파이낸셜 그룹(ADR),18201520801,-0.26,73.14,,
463,금융그룹,SF,US19861124001,스티펄 파이낸셜,12833415667,-0.63,80.78,BUY,
463,금융그룹,FHN,US19730131001,퍼스트 호라이즌,12349886487,-1.34,24.32,BUY,
463,금융그룹,UMBF,US19900327006,UMB 파이낸셜,11329947914,-2.07,141.59,BUY,
463,금융그룹,BPOP,US19900326002,파퓰러,10856288174,-0.89,168.24,BUY,
463,금융그룹,WTFC,US19980416002,윈트러스트 파이낸셜,10793183553,-1.68,150.38,BUY,
463,금융그룹,CFR,US19860630001,컬런 프로스트 뱅커스,10180243508,0.13,160.87,HOLD,
463,금융그룹,ZION,US19900326058,자이언스 뱅코프,9967912669,-1.62,66.68,HOLD,
463,금융그룹,BOKF,US19950110001,BOK 파이낸셜,8377291766,-1.27,135.73,HOLD,
463,금융그룹,OMF,US20151127002,원메인 홀딩스,7249163036,-0.6,62.46,BUY,
463,금융그룹,UBSI,US19900326051,유나이티드 뱅크셰어스,6501617493,-1.01,47.12,HOLD,
463,금융그룹,FLG,US19931123001,플래그스타 파이낸셜,6095828610,-1.04,13.31,BUY,
463,금융그룹,ABCB,US19940519001,아메리스 뱅코프,5759564810,-1.57,84.25,HOLD,
463,금융그룹,FFIN,US19931101001,퍼스트 파이낸셜 뱅크셰어스,4798916996,-0.48,33.23,HOLD,
463,금융그룹,WSFS,US19861126001,WSFS 파이낸셜,4011437959,-1.09,77.45,BUY,
463,금융그룹,INDB,US19860101001,인디펜던트 뱅코프 매사추세츠,3897839111,-1.18,81.09,BUY,
463,금융그룹,FIBK,US20100324001,퍼스트 인터스테이트 뱅크시스템,3539827876,-0.67,36.79,HOLD,
463,금융그룹,SFNC,US19921102001,시몬스 퍼스트 내셔널,3288070009,-0.53,22.57,,
463,금융그룹,BUSE,US19981006001,퍼스트 뷰지,2508301567,-0.56,30.12,BUY,
463,금융그룹,HTH,US20040212001,힐탑 홀딩스,2211615687,-1.17,38.05,,
463,금융그룹,FCF,US19920610001,퍼스트 커먼웰스 파이낸셜,2112832716,-0.72,20.7,,
463,금융그룹,AVAL,US20140923002,그루포 아발 악시오네스 이 발로레스(ADR),1991334288,0.19,5.24,HOLD,
463,금융그룹,FMAO,US20170510001,파머스 앤 머천츠 뱅코프,473033070,-0.5,34.08,HOLD,
131,화학제품,ITW,US19730313001,일리노이 툴 웍스,79992701884,-1.69,275.37,HOLD,
131,화학제품,OXY,US19860522001,옥시덴탈 페트롤리움,59241662386,1.83,60.18,BUY,유가 상승 수혜
131,화학제품,KMB,US19460822001,킴벌리클라크,36534614308,-1.47,107.94,HOLD,
131,화학제품,DOW,US20190402005,다우,22099455439,1.19,30.52,HOLD,
131,화학제품,LYB,US20100428001,라이온델바젤 인더스트리스,20624606455,2.21,65.08,HOLD,
131,화학제품,ALB,US20100510001,알버말,18834265829,-1.74,134.97,BUY,
131,화학제품,DD,US20190603005,듀폰,18549253268,-1.31,134.59,BUY,
131,화학제품,NDSN,US19900326036,노드슨,18129367807,-0.89,321.69,BUY,
131,화학제품,CSL,US19860602002,칼라일,14198368296,-2.79,346.58,BUY,
131,화학제품,RPM,US19900326068,RPM 인터내셔널,13644409367,-2.39,104.1,BUY,
131,화학제품,AVTR,US20190516001,어밴터,9888535268,-0.27,14.54,HOLD,
131,화학제품,WLK,US20040811002,웨스트레이크,9702187009,-0.85,75.07,HOLD,
131,화학제품,ESI,US20190201001,엘리먼트 솔루션즈,8535622405,1.75,35.54,BUY,
131,화학제품,EMN,US19940101001,이스트만 케미컬,8376042507,-0.81,72.44,BUY,
131,화학제품,SXT,US19880105006,센시언트 테크놀로지스,5766963615,-0.13,134.94,BUY,
131,화학제품,CSW,US20151002001,CSW 인더스트리얼스,5203801804,-3.0,308.95,,
131,화학제품,PRM,US20211109018,페리미터 솔루션스,5025930091,-0.39,30.5,BUY,
131,화학제품,CE,US20050121001,셀라니즈,4952335572,1.07,45.48,BUY,
131,화학제품,PAM,US19900918001,팜파 에네르히아(ADR),4387404819,2.32,82.32,BUY,
131,화학제품,CBT,US19680823001,캐보트,4330856691,-1.12,82.71,HOLD,
131,화학제품,CLMT,NAS0240711002,캘러멧,4208727404,4.15,49.73,BUY,
131,화학제품,AVNT,US20200713001,애비엔트,4108002592,-1.37,44.06,BUY,
131,화학제품,OTTR,US19900326040,오터 테일,3824499027,-0.41,90.47,HOLD,
131,화학제품,ASH,US19500508001,애쉬랜드,3415054656,-1.4,73.33,BUY,
131,화학제품,FUL,US19900326059,HB 풀러,3039287844,-2.48,54.95,BUY,
131,화학제품,KWR,US19960823002,퀘이커 호턴,2862811229,-0.07,165.8,BUY,
131,화학제품,HWKN,US19931027001,호킨스,2519255904,-0.12,120.2,BUY,
131,화학제품,NGVT,US20160516001,인제비티,2393448346,-0.2,69.29,BUY,
131,화학제품,CC,US20150702005,케무어스,2357283962,-0.38,15.56,HOLD,
131,화학제품,IOSP,US19980513001,이노스펙,2355794824,-1.63,93.83,,
131,화학제품,OLN,US19740524001,올린,1960196172,1.46,17.4,HOLD,
131,화학제품,HUN,US20050211001,헌츠맨,1665420437,1.16,9.58,HOLD,
131,화학제품,SCL,US19960314002,스테판,1428125295,-0.06,62.61,,
131,화학제품,ODC,US19931220001,오일 드리 코퍼레이션 오브 아메리카,1332102747,-1.86,89.98,,
131,화학제품,MYE,US19870908001,마이어스 인더스트리스,1237278955,-2.16,32.09,,
131,화학제품,ECVT,US20210803005,에코비스트,1109629560,0.59,10.17,BUY,
131,화학제품,KRO,US20031205001,크로노스 월드와이드,1015654262,0.23,8.82,,
131,화학제품,FTK,US19980430001,플로텍 인더스트리스,869147650,-0.88,23.72,BUY,
131,화학제품,TROX,US20101201001,트로녹스 홀딩스,864760865,-2.04,5.29,HOLD,
131,화학제품,LXU,US19950818026,LSB 인더스트리스,750119163,2.69,10.67,BUY,
131,화학제품,MATV,US20220706002,마티브 홀딩스,671304005,-1.98,11.89,,
131,화학제품,RYAM,US20140701006,레이어니어 어드밴스드 머티리얼스,583346155,-0.12,8.59,BUY,
131,화학제품,VHI,US19671023001,밸히,512324764,3.6,18.69,,
131,화학제품,ASIX,US20161003002,어드밴식스,446478723,1.94,16.81,,
131,화학제품,OEC,US20140724006,오라이언,359343192,-1.58,6.24,HOLD,
131,화학제품,ACNT,US20220811001,어센트 인더스트리스,139399630,-1.69,15.17,,
131,화학제품,CITR,AMX0251204001,제너럴 엔터프라이즈 벤처스,137729830,-1.64,5.99,BUY,
131,화학제품,LNZA,NAS0230210006,란자테크 글로벌,80983084,0.81,6.22,,
131,화학제품,NTIC,US19930913001,노던 테크놀로지스 인터내셔널,77419185,-0.37,8.1,,
131,화학제품,FSI,US19991013001,플렉서블 솔루션즈 인터내셔널,74349035,2.76,5.96,,
131,화학제품,WFF,NAS0250327005,WF 홀딩,72301333,17.44,2.02,,
131,화학제품,DSWL,US19950719001,데스웰 인더스트리,48822668,-1.31,3.02,,
131,화학제품,FTEK,US19930907001,퓨얼 테크,46328391,-4.73,1.41,,
131,화학제품,PLAG,US20181001007,플래닛 그린 홀딩스,9990403,-4.27,0.6701,,
87,IT,NVDA,US19990122001,엔비디아,5257428831456,1.48,220.78,BUY,순환 자금조달 우려
87,IT,GOOG,US20040819001,알파벳 C,4248819911181,-2.18,335.4,BUY,TPU 우위 부각
87,IT,GOOGL,US20040819002,알파벳 A,4248819911181,-2.13,339.21,BUY,TPU 우위 부각
87,IT,MSFT,US19860313001,마이크로소프트,3823767301840,-1.21,507.32,BUY,AI 테마 강세
87,IT,AMZN,US19970515001,아마존,2881731001627,-2.5,259.77,BUY,AWS 수요 기대
87,IT,AVGO,US20090806002,브로드컴,1759391649897,0.6,371.0,BUY,대규모 부채 부담
87,IT,MVRS,US20120518001,메타,1476574594512,-0.96,572.48,BUY,법적 부담 부각
87,IT,INTC,US19711013001,인텔,474160544842,0,89.47,HOLD,반도체주 약세
87,IT,PLTR,US20200930014,팔란티어,448901601437,0.05,186.38,BUY,민주당 조사 우려
87,IT,ORCL,US19860312001,오라클,440455635596,-1.15,149.12,BUY,
87,IT,CSCO,US19900216001,시스코 시스템즈,434478041504,0.52,110.5,BUY,AI 인프라 가동
87,IT,PANW,US20120720001,팰로 앨토 네트웍스,303681893755,2.79,381.96,BUY,차익 실현 매물
87,IT,BABA,US20140915003,알리바바(ADR),296356524657,-4.1,114.02,BUY,목표가 상향
87,IT,DELL,US20181228002,델 테크놀로지스,295609842550,-0.05,456.01,BUY,가이던스 상향 전망
87,IT,SAP,US19980803001,SAP(ADR),259375097545,-0.29,220.89,BUY,
87,IT,ANET,US20140606002,아리스타 네트웍스,247098339559,0.16,195.69,BUY,
87,IT,CRWD,US20190611002,크라우드스트라이크 홀딩스,224244720749,5.76,230.99,BUY,금리 인상 부담
87,IT,IBM,US19490128001,IBM,222570182150,-0.73,233.87,BUY,본업 성장 우려
87,IT,CRM,US20040623001,세일즈포스,211269630512,0.6,257.54,BUY,아거스 목표가 상향
87,IT,STX,US20021211002,씨게이트,188579719883,-0.07,829.16,BUY,
87,IT,WDC,US19910131001,웨스턴 디지털,166107835696,-1.91,450.68,BUY,
87,IT,NOW,US20120629001,서비스나우,150023187561,2.27,147.99,BUY,중동 긴장 부담
87,IT,FTNT,US20091118001,포티넷,122132700740,2.98,170.94,HOLD,사이버보안주 강세
87,IT,ADBE,US19860820001,어도비,116199098990,0.41,292.71,HOLD,
87,IT,ADP,US19680131001,오토매틱 데이터 프로세싱,114520369038,-0.43,286.23,HOLD,
87,IT,SNOW,US20200915015,스노우플레이크,113998641075,1.05,331.43,BUY,
87,IT,NET,US20190912003,클라우드플레어,107061685210,1.76,305.11,BUY,매수의견 유지
87,IT,APP,US20210414001,앱러빈,106632263014,-1.78,312.09,BUY,대형 기술주 강세
87,IT,EQIX,US20000811002,에퀴닉스,103338188159,0.19,1046.41,BUY,
87,IT,VRT,US20200210005,버티브 홀딩스,99245986166,0.64,258.72,BUY,
87,IT,INTU,US19930312001,인튜이트,98213041148,0.33,359.23,BUY,목표주가 하향
87,IT,CDNS,US19900326003,케이던스 디자인 시스템즈,93999807061,-0.46,338.84,BUY,
87,IT,DDOG,US20190918001,데이터독,85328510685,0.02,237.03,BUY,
87,IT,SNPS,US19920303005,시놉시스,85054452896,-0.65,439.73,BUY,
87,IT,MSI,US19910920001,모토로라,80652017965,-0.14,485.3,BUY,
87,IT,HPE,US20151102003,휴렛 패커드 엔터프라이즈,73498328899,-0.13,52.24,BUY,목표가 상향
87,IT,MSTR,US19980611001,스트래티지,62618880800,4.43,132.95,BUY,주당 BTC 희석
87,IT,GWW,US19750729001,W W 그레인저,61697816147,0.24,1309.49,HOLD,
87,IT,NBIS,US20110524001,네비우스 그룹,57023662051,-1.35,206.35,BUY,
87,IT,GRMN,US20211207005,가민,55151448040,-0.38,284.11,HOLD,
87,IT,ADSK,US19850701001,오토데스크,54628333150,-0.82,258.53,BUY,주주소송 부담
87,IT,WDAY,US20170920001,워크데이,49473722379,-3.55,197.45,BUY,
87,IT,INFY,US19990311001,인포시스(ADR),48940843639,0.08,12.06,HOLD,
87,IT,AXON,US20210126001,액손 엔터프라이즈,48936475639,-5.65,566.8,,
87,IT,TEAM,US20151209001,아틀라시언,48334493512,1.96,194.15,BUY,목표가 상향
87,IT,CRWV,NAS0250328002,코어위브,46584175371,0.78,84.89,,
87,IT,PAYX,US19830826001,페이첵스,45310691988,0.24,127.34,HOLD,
87,IT,CBRS,NAS2605014002,세레브라스 시스템즈,42660413634,2.88,184.23,BUY,
87,IT,ROP,US19961101001,로퍼 테크놀로지스,42267917119,-0.37,424.64,BUY,
87,IT,CLS,US19980630001,셀레스티카,37773381701,0.23,299.4,BUY,
87,IT,NTAP,US19951121003,넷앱,36801046429,-0.98,185.19,HOLD,
87,IT,TWLO,US20160623001,트윌리오,36617925866,-0.9,235.63,BUY,
87,IT,MDB,US20171018002,몽고DB,36021675800,1.54,453.51,BUY,실적 기대 부각
87,IT,BIDU,US20050805002,바이두(ADR),34665076377,-1.89,95.28,BUY,
87,IT,P,US20151007003,에버퓨어,31132328719,-0.48,92.95,BUY,목표가 상향
87,IT,ERIC,US19890928001,에릭슨 B(ADR),30021474266,1.41,10.09,HOLD,
87,IT,ZS,US20180315001,지스케일러,29873989622,2.25,188.38,BUY,수요 견조 평가
87,IT,RDDT,NYS0240321001,레딧,29517929619,-3.39,147.81,BUY,
87,IT,OKTA,US20170404001,옥타,29140707949,4.1,173.04,BUY,
87,IT,CTSH,US19980619001,코그니전트 테크놀로지 솔루션즈,28926081360,0.83,64.57,BUY,
87,IT,ZM,US20190417007,줌,28799556564,-1.78,96.68,BUY,
87,IT,SMCI,US20200114002,슈퍼 마이크로 컴퓨터,28772255268,0.51,37.27,HOLD,
87,IT,VRSN,US19980130002,베리사인,26434052599,-1.26,288.26,BUY,
87,IT,VRSK,US20091007001,베리스크 애널리틱스,25028923666,1.1,193.87,BUY,
87,IT,FICO,US19870731001,페어 아이작,24983163072,-0.55,1147.21,BUY,
87,IT,IOT,US20211214010,섬사러,24050558757,-0.75,40.85,BUY,
87,IT,FFIV,US19990604001,F5,22386330352,3.29,407.23,HOLD,
87,IT,FIS,US20010806002,피델리티 내셔널 인포메이션 서비시스,21429850106,-1.62,40.77,BUY,
87,IT,BEKE,US20200812003,KE 홀딩스(ADR),21052918518,-6.17,17.19,BUY,완공주택 판매 전환
87,IT,BR,US20070322001,브로드리지 파이낸셜 솔루션,20996767604,-0.69,182.38,,
87,IT,TOST,US20210921013,토스트,20372786785,-3.02,34.09,BUY,목표가 상향
87,IT,SNX,US20031125002,TD 시넥스,20363184595,-0.44,252.85,BUY,
87,IT,SSNC,US20100331001,SS&C 테크놀로지스 홀딩스,19628958774,-0.54,82.97,,
87,IT,RBRK,NYS0240424003,루브릭,19205220512,-0.01,93.04,BUY,
87,IT,U,US20200917008,유니티 소프트웨어,19112869890,-2.79,42.1,BUY,
87,IT,NTNX,US20160930001,뉴타닉스,18746977293,-0.93,68.52,BUY,
87,IT,GEN,US20191105002,젠 디지털,18619429482,-0.03,31.01,BUY,
87,IT,CDW,US20130627001,CDW,18514795334,2.67,151.63,BUY,
87,IT,WIT,US20001019001,위프로(ADR),18054243264,1.65,1.85,SELL,
87,IT,LDOS,US20131001003,레이도스 홀딩스,17700463932,-0.32,140.21,HOLD,
87,IT,GWRE,US20120125001,가이드와이어 소프트웨어,17185635006,-0.53,204.75,BUY,
87,IT,PTC,US20131204001,PTC,17098832424,-0.92,155.71,BUY,
87,IT,IONQ,US20211001008,아이온큐,15617018995,0.28,39.31,BUY,
87,IT,DT,US20190731006,다이나트레이스,15553563554,1.71,54.59,BUY,
87,IT,GIB,US19981007001,CGI,15525771012,0.64,75.25,HOLD,
87,IT,TYL,US19690324001,타일러 테크놀로지스,15520230012,-1.51,372.22,BUY,
87,IT,AKAM,US19991029001,아카마이 테크놀로지,15487862436,1.05,108.6,BUY,
87,IT,FIG,NYS0250729002,피그마,15403751274,-4.61,27.49,BUY,
87,IT,TRMB,US19900701001,트림블,14265576009,-1.77,59.93,BUY,
87,IT,CHKP,US19960628001,체크 포인트 소프트웨어 테크놀로지스,14161546783,0.45,138.94,BUY,
87,IT,CACI,US19790330001,CACI 인터내셔널,13921255961,-0.83,623.01,BUY,
87,IT,ALLE,US20131203001,얼리젼,13428562222,-1.42,155.25,BUY,
87,IT,QNT,NAS2606004007,퀀티넘,13180629046,0.36,50.1,BUY,
87,IT,PINS,US20190417010,핀터레스트,13169053826,-6.38,21.71,BUY,CFO 사임 부담
87,IT,DOCN,US20210323016,디지털오션 홀딩스,13112119745,-0.47,110.69,BUY,
87,IT,CSGP,US19980701001,코스타 그룹,13091507528,-0.47,32.07,BUY,
87,IT,MANH,US19980423001,맨해튼 어소시에이츠,13054272883,-0.06,223.14,BUY,
87,IT,HUBS,US20141009007,허브스팟,13035006973,0.26,261.36,HOLD,
87,IT,IT,US19931029001,가트너,12562710802,-0.14,198.11,HOLD,
87,IT,GDDY,US20150401002,고대디,12407639218,0.18,97.88,BUY,
87,IT,DOCU,US20180426001,도큐사인,12254191002,3.56,66.28,HOLD,도큐사인 목표가 상향
87,IT,FROG,US20200915003,제이프로그,12208381423,1.34,100.06,BUY,
87,IT,JKHY,US19851120001,잭 헨리 앤 어소시에이츠,11933064978,-1.11,167.85,BUY,
87,IT,TEM,NAS0240614002,템퍼스 AI,11586940908,-1.56,63.04,BUY,
87,IT,BSY,US20200923001,벤틀리 시스템즈,11299171658,-1.45,36.76,BUY,
87,IT,SAIL,NAS0250213009,세일포인트,11278288237,3.68,20.56,BUY,
87,IT,FDS,US19960628003,팩트셋 리서치 시스템즈,11019378096,1.86,313.55,HOLD,
87,IT,PAYC,US20140411004,페이콤 소프트웨어,10780612572,0.24,239.1,HOLD,
87,IT,ESTC,US20181005003,엘라스틱,10518636852,-2.36,97.55,BUY,구조조정 부담
87,IT,ARW,US19790226001,애로우 일렉트로닉스,10409290892,0.25,204.43,HOLD,
87,IT,PCOR,US20210519011,프로코어 테크놀로지스,9709324146,-1.57,62.72,BUY,
87,IT,MTCH,US20151118003,매치 그룹,9571079373,-2.24,40.65,HOLD,
87,IT,TTAN,NAS0241212002,서비스타이탄,9553657670,-1.79,98.08,,
87,IT,PATH,US20210420010,유아이패스,9429843419,2.87,18.67,HOLD,
87,IT,SNAP,US20170302002,스냅,9208554955,2.21,5.55,HOLD,
87,IT,PCTY,US20140319002,페일로시티 홀딩,8402418231,1.45,160.22,BUY,
87,IT,COMP,US20210331005,컴퍼스,8332959343,-3.74,10.56,BUY,
87,IT,APPF,US20150625002,앱폴리오,8327857250,-0.12,234.21,BUY,
87,IT,Z,US20110720001,질로우 그룹 C,8086541852,-1.99,34.95,BUY,
87,IT,ZG,US20150817001,질로우 그룹 A,8086541852,-2.24,35.79,BUY,
87,IT,HQY,US20140729001,헬스에퀴티,7993278769,0.21,96.57,BUY,목표가 상향
87,IT,DBX,US20180322001,드롭박스,7784131404,-1.46,35.18,HOLD,
87,IT,ZETA,US20210609013,제타 글로벌 홀딩스,7687118323,1.41,30.97,BUY,
87,IT,GTLB,US20211013002,깃랩,7599464513,3.68,46.52,HOLD,
87,IT,S,US20210629019,센티넬원,7517674323,2.6,22.1,BUY,연간 이익 전망 하향
87,IT,PL,US20211208011,플래닛 랩스,7140580663,-0.65,19.85,,
87,IT,DSGX,US19990127001,데카르트 시스템즈 그룹,7028817692,-1.45,80.64,BUY,
87,IT,GDS,US20161102001,GDS 홀딩스(ADR),6914110767,-4.73,31.83,BUY,
87,IT,GLBE,US20210510004,글로벌 E,6728821882,-6.68,37.28,BUY,
87,IT,INGM,NYS0241024001,인그램 마이크로 홀딩,6638271971,-1.85,28.17,BUY,
87,IT,DOX,US20131223001,암독스,6586881497,0.16,63.01,BUY,
87,IT,QLYS,US20120928001,퀄리스,6488858925,-0.58,185.96,HOLD,
87,IT,G,US20070802002,젠팩트,6406304869,-0.11,37.98,BUY,
87,IT,NICE,US19960125003,나이스(ADR),6378201837,0.32,109.18,BUY,
87,IT,NOVT,US20160512002,노밴타,6174431255,2.9,146.32,BUY,
87,IT,NTSK,NAS0250918007,넷스코프,6112034444,1.39,15.3,BUY,
87,IT,OTEX,US19960124001,오픈 텍스트,6094158517,-0.72,24.92,HOLD,
87,IT,PEGA,US19960719001,페가시스템즈,5962942990,1.77,36.81,BUY,
87,IT,EPAM,US20120208004,이팸 시스템즈,5938534350,2.64,117.83,BUY,자사주 매입 요구
87,IT,YOU,US20210629020,클리어 시큐어,5891781621,1.66,44.15,HOLD,보안 플랫폼 통합
87,IT,RNG,US20130927003,링센트럴,5809651634,0.35,69.62,HOLD,니드햄 목표가 상향
87,IT,KVYO,NYS0230919001,클래비오,5753096272,2.13,20.58,BUY,
87,IT,CVLT,US20060922001,컴볼트 시스템즈,5668644448,0.75,137.42,BUY,
87,IT,ADT,US20180118002,ADT,5523623401,-1.99,7.39,HOLD,
87,IT,ACIW,US19950223001,ACI 월드와이드,5449423019,-0.98,53.3,BUY,
87,IT,XMTR,US20210629008,조메트리,5409614256,-1.6,92.6,BUY,
87,IT,OCTV,NAS2605028006,옥타브 인텔리전스,5343200053,0.76,20.0,,
87,IT,SAIC,US20131001005,사이언스 애플리케이션 인터내셔널,5339888967,1.84,128.28,HOLD,순이익 감소
87,IT,MRCY,US19980130001,머큐리 시스템즈,5339152033,-1.42,87.28,BUY,
87,IT,PSN,US20190507002,파슨스,5247911937,-0.73,48.64,BUY,
87,IT,RGTI,US20210422015,리게티 컴퓨팅,5217819552,0.38,15.65,BUY,금리 인상 우려
87,IT,VRNS,US20140228001,바로니스 시스템즈,5058598948,-0.39,43.75,BUY,
87,IT,DAVE,US20220106003,데이브,4841927119,-5.01,359.59,BUY,
87,IT,BOX,US20150122001,박스,4812532059,2.29,35.78,BUY,
87,IT,KBR,US20061116002,KBR,4807592142,-1.39,37.5,BUY,
87,IT,BB,US20171016002,블랙베리,4795782424,-0.12,8.15,HOLD,
87,IT,RHI,US19900122002,로버트 하프,4650818244,0.07,45.34,HOLD,
87,IT,BCO,US19930101001,브링크스,4583431986,-1.84,108.93,,
87,IT,NSIT,US19950124001,인사이트 엔터프라이즈,4580759446,0.87,157.01,BUY,
87,IT,ONDS,US20201204002,온다스,4526954599,-3.16,7.65,BUY,
87,IT,BDC,US19931124001,벨던,4514627265,-0.65,114.46,BUY,
87,IT,VNT,US20201009011,본티어,4441379226,-1.68,32.21,BUY,
87,IT,CCC,NAS0221219003,CCC 인텔리전트 솔루션스 홀딩스,4423749023,-0.4,7.46,BUY,
87,IT,WK,US20141212002,워키바,4318955215,1.07,80.0,BUY,
87,IT,BILL,US20191211008,빌 홀딩스,4302118741,-2.15,49.23,BUY,
87,IT,ARX,NYS0250723001,엑셀러란트,4296959767,0,19.73,HOLD,
87,IT,ITRI,US19931104001,아이트론,4282311328,-0.52,97.02,BUY,
87,IT,MNDY,US20210609006,먼데이닷컴,4269179681,0.41,101.12,BUY,
87,IT,TENB,US20180725005,테너블 홀딩스,4160426918,1.17,38.11,HOLD,
87,IT,QTWO,US20140319004,Q2 홀딩스,4072372627,-0.14,65.04,BUY,
87,IT,BRZE,US20211116002,브레이즈,3899908074,-1.42,34.04,,
87,IT,SYNA,US20020128001,시냅틱스,3728557038,1.72,96.72,HOLD,
87,IT,FSLY,US20190516002,패스틀리,3680404243,-1.13,22.78,HOLD,
87,IT,WIX,US20131105003,Wix 닷컴,3676976962,0.8,88.32,BUY,
87,IT,FRSH,US20210921006,프레시웍스,3626345318,0.36,13.91,BUY,
87,IT,LIF,NAS0240606003,라이프360,3553363746,-1.45,42.86,BUY,
87,IT,EXPO,US19850425001,엑스포넌트,3410360194,-0.71,71.02,,
87,IT,MGNI,US20200701003,매그나이트,3408536305,-0.89,23.49,BUY,
87,IT,INTA,US20210629007,인탭,3335121275,-0.23,43.37,HOLD,
87,IT,AGYS,US19900326001,어질리시스,3334077085,-1.27,116.38,BUY,
87,IT,OSIS,US19971002001,OSI 시스템즈,3303342451,0.61,207.91,BUY,
87,IT,KC,US20200507002,킹소프트 클라우드 홀딩스(ADR),3223420177,-3.85,10.23,BUY,
87,IT,CSQR,NYS2607016001,씨스퀘어,3218230399,0.78,19.41,BUY,
87,IT,OPEN,US20201221005,오픈도어 테크놀로지스,3203709446,-2.74,3.2,HOLD,
87,IT,SOUN,US20220428003,사운드하운드 AI,3166337997,0.7,7.16,,
87,IT,MMS,US19970613003,막시무스,3137012612,-3.31,57.77,,
87,IT,SPSC,US20100422003,SPS 커머스,3065574377,0.58,85.41,HOLD,
87,IT,APPN,US20170522001,애피안,3053294944,0.99,42.93,HOLD,
87,IT,CLBT,US20210831002,셀레브라이트 DI,2999039836,0.17,12.01,BUY,
87,IT,REZI,US20181029002,레지디오 테크놀로지스,2988992801,-1.38,19.36,BUY,
87,IT,AVPT,US20210702001,에이브포인트,2970092702,-0.57,13.92,BUY,
87,IT,IAC,US20160121001,피플 인코포레이티드,2922563915,-2.2,38.28,BUY,
87,IT,CR,US19850515001,크레인 NXT,2893514085,-2.1,48.9,BUY,
87,IT,INFQ,NAS0250707002,인플렉션,2892533482,2.11,13.07,BUY,
87,IT,DGII,US19891005001,디지 인터내셔널,2883266985,-1.14,74.91,BUY,
87,IT,KD,US20211104019,킨드릴 홀딩스,2883138423,1.89,13.45,HOLD,
87,IT,NTCT,US19990812001,넷스카우트 시스템즈,2847787636,-0.61,38.82,BUY,
87,IT,ALRM,US20150625001,알람닷컴 홀딩스,2829003720,0.14,57.55,BUY,
87,IT,IQMX,NAS0250602008,IQM 퀀텀 컴퓨터스(ADR),2787149483,-1.98,10.38,,
87,IT,GRND,NYS0221118001,그라인더,2717344491,-0.71,15.48,BUY,
87,IT,DJT,US20210930006,트럼프 미디어 & 테크놀로지 그룹,2685357029,1.35,9.76,,
87,IT,TDC,US20070912001,테라데이타,2682996355,0.8,29.0,HOLD,
87,IT,NN,US20211029007,넥스트내브,2600078297,3.26,15.86,BUY,
87,IT,WGS,US20210723008,진DX 홀딩스,2581836937,-1.71,84.85,,
87,IT,FIVN,US20140403001,파이브나인,2551360188,1.53,34.57,BUY,목표가 상향
87,IT,PENG,US20170524002,펭귄 솔루션스,2544029803,-0.87,49.08,BUY,
87,IT,NCNO,US20200714005,엔시노,2437585372,-1.7,22.6,BUY,
87,IT,CALX,US20100324002,캘릭스,2367036457,1.68,38.12,BUY,
87,IT,ASAN,US20200930006,아사나,2355379555,0.69,10.26,HOLD,
87,IT,VERX,US20200728001,버텍스,2313921047,-0.35,14.17,BUY,
87,IT,RAMP,US20181002003,라이브램프 홀딩스,2300736605,-0.05,37.72,HOLD,
87,IT,PLUS,US19961115001,이플러스,2283458099,0.73,87.92,,
87,IT,BLKB,US20040722001,블랙보드,2212958846,-1.15,48.06,BUY,
87,IT,ALKT,US20210413001,알카미 테크놀로지,2168336319,0.79,20.38,BUY,
87,IT,KARO,US20210330005,카루,2081760899,-1.31,66.32,BUY,
87,IT,NSP,US19970129002,인스페리티,2050620163,-0.35,53.35,,
87,IT,CNXN,US20161024001,PC 커넥션,2016270188,0.25,79.87,,
87,IT,BXDC,NYS2605014001,블랙스톤 디지털 인프라스트럭처 트러스트,2013508844,0.55,20.06,BUY,
87,IT,KEEL,US20210621001,킬 인프라스트럭처,1994075482,-2.48,3.14,BUY,
87,IT,PRCH,US20201224001,포치 그룹,1980698056,-2.47,16.97,BUY,
87,IT,INOD,US19930810002,이노데이터,1951085606,-0.3,56.42,BUY,
87,IT,FORTY,US19971020001,포뮬러 시스템즈 1985(ADR),1933196472,0,125.72,,
87,IT,BL,US20161028001,블랙라인,1922263443,0.79,33.24,HOLD,
87,IT,ZD,US20211008007,지프 데이비스,1919195543,-1.27,55.11,BUY,
87,IT,CXM,US20210622006,스프링클러,1916583098,0.61,8.21,,
87,IT,ATEN,US20140321001,A10 네트웍스,1871203308,-1.21,25.39,BUY,
87,IT,VNET,US20110421002,브이넷 그룹(ADR),1869878082,-7.48,6.06,BUY,
87,IT,QUBT,US20210715012,퀀텀 컴퓨팅,1849819515,0.98,8.23,BUY,
87,IT,PRGS,US19910614001,프로그레스 소프트웨어,1840807071,3.42,46.29,BUY,
87,IT,PGY,US20220623007,파가야 테크놀로지스,1838762186,-1.09,21.74,BUY,
87,IT,CNXC,US20201201002,콘센트릭스,1797668147,2.45,30.1,,
87,IT,DXC,US20170403001,DXC 테크놀로지,1796063711,0.8,11.3,HOLD,
87,IT,AMPL,US20210927001,앰플리튜드,1791231047,-1.47,14.09,BUY,
87,IT,SBET,NAS0240214003,샤프링크 게이밍,1786150870,5.37,8.64,BUY,금리 우려 크립토 약세
87,IT,OPRA,US20180726003,오페라(ADR),1761879711,-1.99,19.23,,
87,IT,GLOB,US20140718002,글로번트,1754465696,0.47,40.71,HOLD,
87,IT,WB,US20140417002,웨이보(ADR),1721131825,-2.29,6.83,HOLD,
87,IT,AI,US20201209010,C3 AI,1690371693,2.75,10.82,HOLD,
87,IT,EVCM,US20210630007,에버커머스,1629807162,-3.8,8.85,HOLD,
87,IT,SDGR,US20200205003,슈뢰딩거,1477739124,-1.07,19.49,BUY,
87,IT,BBAI,US20211208001,빅베어 AI 홀딩스,1464828532,2.62,3.13,,
87,IT,LSPD,US20200911006,라이트스피드 커머스,1414785478,-0.57,10.54,HOLD,
87,IT,MGRT,NAS0250716003,메가 포춘 컴퍼니,1371901879,-1.44,98.07,,
87,IT,BRUN,NAS0241230003,부스트 런,1359002235,2.23,17.43,BUY,
87,IT,APPS,US20150121001,디지털 터빈,1345775165,-2.89,10.77,BUY,
87,IT,HLIT,US19950523001,하모닉,1314597789,-0.33,11.98,,
87,IT,EFOR,US19920922001,에버포스,1313566280,1.47,32.42,HOLD,
87,IT,NSSC,US19900326037,냅코 시큐리티 테크놀로지스,1267904821,2.43,36.21,,
87,IT,YELP,US20120302001,옐프,1261303133,-3.58,22.35,HOLD,
87,IT,VYX,US19811231001,NCR 보익스,1215600281,-4.56,8.38,BUY,
87,IT,RDWR,US19990930001,라드웨어,1206881789,0.91,28.86,BUY,
87,IT,RDVT,US20180327002,레드 바이올렛,1179490434,-0.16,73.18,,
87,IT,TUYA,US20210317016,투야(ADR),1156318107,0,1.88,BUY,
87,IT,SCSC,US19940318001,스캔소스,1142220580,0.92,57.07,HOLD,
87,IT,BRAI,NAS2602012003,브레인,1132481237,0,5.48,BUY,
87,IT,UPWK,US20181002001,업워크,1129738550,0.22,9.04,HOLD,
87,IT,PD,US20190410002,페이저듀티,1090730552,2.24,14.14,HOLD,
87,IT,QFIN,US20181214001,치푸 테크놀로지(ADR),1086118169,-1.36,8.68,BUY,
87,IT,DXYZ,NYS0240326001,데스티니 테크 100,1061298949,-7.51,32.13,,
87,IT,LZ,US20210630009,리걸줌,1056186300,1.3,6.23,BUY,
87,IT,SIFY,US19991019003,시피 테크놀로지스(ADR),1045937949,3.96,14.97,,
87,IT,TBLA,US20210630012,타불라,1024006519,-1.59,3.72,BUY,
87,IT,BKSY,US20210910002,블랙스카이 테크놀로지,972596432,-2.53,23.1,BUY,
87,IT,EVLV,US20210719004,이볼브 테크놀로지스,951721116,-0.76,5.2,,
87,IT,EVER,US20180627001,에버쿼트,910184072,-0.86,25.44,BUY,
87,IT,RPD,US20150717002,래피드7,898227348,1.28,13.46,HOLD,
87,IT,SABR,US20140417001,세이버,890334183,-1.36,2.17,HOLD,
87,IT,BLZE,US20211110007,백블레이즈,889475748,-1.4,14.13,BUY,
87,IT,NXDR,US20211108006,넥스트도어 홀딩스,880570104,-0.88,2.25,HOLD,
87,IT,QMCO,US20200203005,퀀텀,879688425,9.07,24.28,BUY,
87,IT,MITK,US19950526001,마이텍 시스템즈,852904818,-2.02,18.47,,
87,IT,MOMO,US20141211004,헬로 그룹(ADR),847448179,-3.5,5.52,BUY,
87,IT,RSKD,US20210728014,리스키파이드,846633215,-0.32,6.29,BUY,
87,IT,YALA,US20200929004,얄라 그룹(ADR),838887195,-0.36,5.49,,
87,IT,RXT,US20200804004,랙스페이스 테크놀로지,805065844,-0.63,3.13,,
87,IT,FINV,US20191129001,핀볼루션(ADR),804935614,7.94,3.67,BUY,중국 대출 둔화
87,IT,SMWB,US20210510015,시밀러웹,803510315,2.31,9.29,BUY,
87,IT,PAR,US20071116006,파 테크놀로지,794282537,-1.83,18.8,BUY,
87,IT,NABL,US20210720010,N 에이블,793701429,-5.01,3.98,HOLD,자사주 매입 증액
87,IT,REAX,US20210615008,리얼 브로커리지,773252618,-10.0,18.98,BUY,
87,IT,TASK,US20210610007,테스크어스,771377727,-1.67,8.25,,
87,IT,CASS,US19960102002,캐스 인포메이션 시스템즈,727471086,-1.02,56.07,BUY,
87,IT,CCSI,US20211008002,컨센서스 클라우드 솔루션즈,698269388,0.97,38.37,BUY,
87,IT,SPT,US20191212002,스프라웃 소셜,698126475,-1.04,11.37,BUY,
87,IT,YEXT,US20170410003,이엑스트,694626806,-2.03,6.77,BUY,
87,IT,WYFI,NAS0250807007,화이트파이버,691457695,6.59,18.92,BUY,
87,IT,VRRM,US20181018004,베라 모빌리티,669046411,0.91,4.43,HOLD,
87,IT,ODD,NAS0230719003,오더티 테크,663714572,0.07,14.36,HOLD,
87,IT,CGNT,US20210202001,코그나이트 소프트웨어,652118651,0.57,8.85,BUY,
87,IT,GDYN,US20200306001,그리드 다이내믹스 홀딩스,648366210,0,7.97,BUY,
87,IT,CARS,US20170601001,카스닷컴,640945142,-2.01,11.7,BUY,
87,IT,DCBO,US20201203001,도세보,638594311,3.48,26.48,BUY,
87,IT,NRDS,US20211104017,너드월릿,634586455,-0.2,9.88,BUY,
87,IT,OSPN,US20180604001,원스팬,611217638,-0.12,16.52,BUY,
87,IT,WEAV,US20211110017,위브 커뮤니케이션스,584910152,0.27,7.31,BUY,
87,IT,NTGR,US20030731001,넷기어,574787958,0.33,21.16,BUY,
87,IT,XNDU,NAS0250519002,제너두 퀀텀 테크놀로지스,555071538,2.19,10.74,,로드맵 확대
87,IT,LAES,NAS0230524001,실SQ,554004706,0,2.48,,
87,IT,HKD,US20220715002,AMTD 디지털(ADR),535749827,1.18,1.72,,
87,IT,CLMB,US20221031003,클라임 글로벌 솔루션즈,529553959,0.81,28.53,BUY,
87,IT,RMNI,US20171011004,리미니 스트리트,528917523,-0.71,5.61,BUY,
87,IT,IBEX,US20200806004,아이벡스,511802105,1.02,38.51,,
87,IT,BTQ,NAS0250926001,비티큐 테크놀로지스,491447972,-9.01,3.03,BUY,
87,IT,CARL,NAS0250723002,칼스메드,462142591,-3.5,16.29,BUY,
87,IT,CINT,US20211109003,CI&T,443312302,0.87,3.46,BUY,
87,IT,ACTG,US20021216001,아카시아 리서치,432945329,-0.45,4.45,,
87,IT,BMBL,US20210210003,범블,419144016,0.37,2.74,HOLD,
87,IT,MTLS,US20140625001,머티리얼라이즈(ADR),415796343,2.56,7.2,,수익성 가이던스 상향
87,IT,AIOT,US20191003002,파워플리트,410519219,-1.64,3.0,BUY,
87,IT,MRAM,US20161007001,에버스핀 테크놀로지,404105160,-1.81,16.25,BUY,
87,IT,GRRR,US20220714001,고릴라 테크놀로지 그룹,397506658,4.37,15.04,BUY,매수의견 개시
87,IT,CIX,US19980306001,콤프엑스 인터내셔널,394625772,-0.22,31.83,,
87,IT,CRNC,US20191002002,세렌스,385518527,-0.59,8.45,HOLD,
87,IT,ALLT,US20061116001,앨럿,382163045,-0.77,7.73,BUY,
87,IT,SLP,US19970618001,시뮬레이션스 플러스,372961543,0.11,18.41,HOLD,
87,IT,GOGO,US20130621001,고고,369598899,-8.09,2.5,HOLD,
87,IT,ZIP,US20210525017,집리크루터,364442960,-3.62,4.26,HOLD,
87,IT,BLND,US20210714002,블렌드 랩스,360492690,1.97,1.55,BUY,
87,IT,TLS,US20201119006,텔로스,358977492,0.84,4.83,BUY,공군 계약 수주
87,IT,ARQQ,US20210907002,아킷 퀀텀,349707068,-1.5,19.74,,
87,IT,FVRR,US20190612002,파이버 인터내셔널,341393258,0.11,9.48,HOLD,
87,IT,SLNH,US20211104022,솔루나 홀딩스,334390803,-2.7,1.08,,
87,IT,XNET,US20140624002,쉰레이(ADR),319785836,-1.8,4.92,,
87,IT,PLTS,NAS0250919004,플래티넘 애널리틱스,316906860,0,17.5,,
87,IT,RCMT,US19950818016,RCM 테크놀로지스,298335481,-0.53,41.62,,
87,IT,XPER,US20221003005,엑스페리,293438776,-1.0,5.94,,
87,IT,EGHT,US20171208001,8X8,288220124,-6.03,1.87,HOLD,
87,IT,AIAI,NAS2605014001,AIAI 홀딩스,287682807,-8.13,3.73,,
87,IT,PDYN,US20210927009,팰러다인 AI,284974359,-0.52,5.73,BUY,
87,IT,MKTW,US20210722007,마켓와이즈,284803673,0.28,18.05,,
87,IT,LAW,US20210720007,CS 디스코,282529590,0.92,4.38,,
87,IT,TTGT,US20070517001,테크타겟,281425492,-0.26,3.87,,
87,IT,API,US20200626001,아고라(ADR),269311104,2.2,4.19,,
87,IT,CNDT,US20191223001,컨듀언트,268234231,0,1.72,,
87,IT,ASUR,US19930804001,어슈어 소프트웨어,262658610,0.77,9.14,BUY,
87,IT,SMRT,US20210825004,스마트렌트,257468628,-0.75,1.33,,
87,IT,LTRX,US20000804004,렌트로닉스,251499910,-1.49,5.29,BUY,
87,IT,III,US20070212001,인포메이션 서비시스 그룹,249046691,-0.19,5.12,,
87,IT,ZH,US20210326014,즈후(ADR),247907229,-3.16,2.76,,
87,IT,KLTR,US20210719007,칼투라,244755775,-1.25,1.58,,
87,IT,BETR,US20210426002,베터 홈 앤 파이낸스 홀딩,244057461,-0.22,13.82,,지배구조 분쟁
87,IT,EXFY,US20211109005,익스펜시파이,235911061,-2.71,2.51,HOLD,
87,IT,SVCO,NAS0240509005,실바코 그룹,233098024,1.17,6.94,,
87,IT,TSSI,NAS0241114004,TSS,230620324,-3.44,7.87,BUY,
87,IT,SSTK,US20121011004,셔터스톡,221186605,-7.2,5.54,HOLD,
87,IT,CXDO,US20200708003,크레센도,209076856,-2.07,6.14,BUY,
87,IT,BIGC,US20200804001,COMMERCE.COM INC,207719334,-4.0,2.4,HOLD,
87,IT,QMLS,NAS2607016003,큐물러스AI,204995885,-2.78,5.94,BUY,
87,IT,EGAN,US19990923001,이게인,203691366,0.81,7.46,,
87,IT,UIS,US19840531001,유니시스,196685398,0.37,2.7,,
87,IT,PERF,US20221031015,퍼펙트,193025391,0.53,1.9,HOLD,
87,IT,TRAK,US20131029001,리퍼지트랙,190456568,-3.49,8.01,,
87,IT,DOMO,US20180629001,도모,182060798,-2.07,3.78,HOLD,
87,IT,DHX,US20070718001,DHI 그룹,176353475,5.93,4.29,BUY,
87,IT,DAVA,US20180726004,엔다바(ADR),174873035,3.43,3.32,HOLD,
87,IT,WCT,NAS0241002009,웰체인지 홀딩스,169121342,15.6,1.26,,지분 희석 우려
87,IT,DOUG,US20211230005,더글러스 엘리먼,166788739,1.09,1.85,,
87,IT,DFDV,NAS0230725003,디파이 디벨롭먼트,154795148,7.83,5.37,,솔라나 매입 재개
87,IT,ZENA,NAS0241001010,제나테크,152411562,2.34,1.75,BUY,
87,IT,DMRC,US20081017001,디지마크,135449623,-0.33,5.99,,
87,IT,JLHL,NAS0250626011,쥐룽 홀딩,135069258,-4.3,6.01,,
87,IT,ATGL,NAS0231031002,알파 테크놀로지 그룹,122158806,-6.89,6.89,,
87,IT,TCX,US20131230001,투카우스,113475373,5.14,10.64,,
87,IT,DTCX,NAS0241029004,데이터센트렉스,104661563,-15.0,2.21,,
87,IT,BVC,US20210326002,비트벤처스 리미티드,104124156,4.46,13.58,,
87,IT,CMCM,US20140508003,치타 모바일(ADR),101558855,2.42,3.38,,
87,IT,WYY,US19980519001,와이드포인트,100158305,1.9,10.18,,
87,IT,WRAP,US20201201004,랩 테크놀로지스,99734708,1.86,1.64,,
87,IT,BARK,US20210602004,바크,98917672,-2.66,10.63,BUY,
87,IT,BNAI,US20210422005,브랜드 인게이지먼트 네트워크,94876346,-10.23,11.32,,워런트 자금 조달
87,IT,TP,AMX2608007005,티켓플러스,94726014,30.91,10.25,,
87,IT,YRD,US20151218002,이렌 디지털(ADR),92116482,-3.81,1.01,,
87,IT,AEYE,US20180904001,오디오아이,90247319,2.51,7.34,BUY,
87,IT,MHH,US20080919001,메스테크 디지털,89981701,-0.4,7.44,,
87,IT,FATN,NAS0250408001,팻파이프,86988274,-0.81,6.09,BUY,
87,IT,THRY,US20201001013,스리브 홀딩스,84667402,0,1.9,HOLD,
87,IT,MWC,NAS2605014004,마이크웨어(ADR),84608497,2.11,1.45,,
87,IT,CSPI,US19820129001,CSP,82282977,-2.21,7.96,,
87,IT,SSTI,US20170607001,사운드싱킹,81840807,3.55,6.42,HOLD,
87,IT,VERI,US20170512002,베리톤,80416264,-1.64,0.7852,,
87,IT,BZAI,NAS0250114003,블레이즈 홀딩스,76972889,-8.09,0.4871,BUY,
87,IT,ODYS,NAS0250211005,오디사이트 AI,76735104,-1.59,3.72,BUY,
87,IT,ZBAO,NAS0240402009,즈바오 테크놀로지,76339348,-3.62,0.165,,
87,IT,REKR,US20190430001,레코 시스템즈,75674423,1.11,0.5544,BUY,
87,IT,RSSS,US20200323001, 리서치 솔루션즈,74458507,0.9,2.24,,
87,IT,INSG,US20161109011,인시고,72450061,-4.77,4.19,,
87,IT,AISP,US20210510003,에어십 AI 홀딩스,72177391,1.91,2.13,,
87,IT,SDA,US20210416003,선카 테크놀로지 그룹,70713746,2.59,0.7092,BUY,
87,IT,MOB,US20220824003,모빌리콤,70182088,0,5.54,,
87,IT,TTEC,US19960801001,TTEC 홀딩스,69204838,-5.0,1.33,HOLD,
87,IT,SEAT,US20211019007,비비드 시츠,67858810,-2.82,5.85,HOLD,
87,IT,INVE,US19971007002,아이덴티브,67075338,2.17,2.82,HOLD,
87,IT,SPCB,US20130918002,슈퍼컴,63607678,1.88,10.29,,
87,IT,IDN,US20200203002,인텔리체크,57716444,-2.82,2.76,BUY,
87,IT,CTM,US20221013001,카스텔럼,57681560,-0.49,0.6039,,해군 계약 확대
87,IT,QTEX,US20210714007,큐트렉스 퀀텀,56095018,-1.62,0.8205,,
87,IT,HWH,US20220324001,HWH 인터내셔널,55145657,1.62,1.88,,
87,IT,AREN,US20220209001,파라디움 AI,53471138,-13.39,0.97,HOLD,
87,IT,SOGP,US20200116002,사운드 그룹(ADR),52085281,-3.15,12.01,,
87,IT,WKEY,US20191204004,와이즈키 인터내셔널 홀딩(ADR),51891988,0,6.43,,
87,IT,MDAI,US20210326005,스펙트럴 AI,50669832,0.64,1.58,BUY,
87,IT,MLGO,NAS0221213007,마이크로알고,50386056,-1.49,3.98,,
87,IT,ACFN,NAS0250724001,에이콘 에너지,49651454,-2.03,19.33,,
87,IT,NTWK,US19940224001,넷솔 테크놀로지스,49184997,-1.94,4.05,,
87,IT,PHUN,US20181228001,펀웨어,42885054,-0.48,2.08,,
87,IT,MNY,US20201207001,머니히어로,39650279,0,0.8899,,
87,IT,VIDA,AMX2605015008,비다 글로벌,39482612,1.48,2.74,,
87,IT,EHTH,US20061013001,이헬스,38545301,-5.83,1.13,,
87,IT,SNT,US20210930012,센스타 테크놀로지스,38369543,7.32,1.76,,
87,IT,ZDGE,US20160602005,제지,37610513,5.92,3.04,,
87,IT,DUO,US20191030006,팡둬둬 네트워크 그룹,37116368,-20.85,0.76,,상반기 매출 급감
87,IT,ATHR,NAS0250410001,에테르 홀딩스,35342909,11.46,3.21,,
87,IT,RYET,NAS0250408003,루안윈 에듀AI 테크놀로지,35315644,-9.09,0.8588,,
87,IT,LPSN,US20000407001,라이브퍼슨,34887223,9.93,3.1,,
87,IT,FIEE,US20210707001,파이이,34807219,-3.93,3.91,,
87,IT,VTSI,US20180329002,버트라,34620163,2.95,3.14,,
87,IT,YAAS,NAS0241220010,유신 테크놀로지,33722160,-9.81,1.93,,
87,IT,KSCP,US20220127003,나이트스코프,33393817,-1.42,1.39,,
87,IT,CLPS,US20180523001,CLPS,32318146,1.85,1.1,,
87,IT,JG,US20180725002,오로라 모바일(ADR),30457879,-1.54,6.38,,
87,IT,ATCH,US20210310009,아틀라스클리어 홀딩스,28462128,-0.58,0.1877,BUY,
87,IT,AWRE,US19960809001,어웨어,27559795,-3.17,1.22,,
87,IT,HKIT,NAS0230331004,하이텍 글로벌,26839961,1.35,3.01,,
87,IT,PAPL,AMX0231027004,파인애플 파이낸셜,25340961,-0.04,0.9996,,
87,IT,NXPL,US20220121004,넥스트플랫,25193795,5.51,9.77,BUY,
87,IT,INLX,US20220909005,인텔리네틱스,24790716,0.36,5.52,,
87,IT,FTHM,US20200730003,패덤 홀딩스,23386879,-0.26,0.68,,
87,IT,CHOW,AMX0250916003,차우차우 클라우드,22669539,-7.61,0.5885,,
87,IT,MNDO,US20000808001,마인드 CTI,20848116,-2.91,1.0,,
87,IT,DFNS,US20200722002,T3 디펜스,20337785,-2.95,11.83,BUY,지분 희석 부각
87,IT,GGRP,US20210701007,브라이트라인 인터랙티브,20333518,4.46,0.9762,,
87,IT,FUSE,NAS0251023001,퓨즈머신스,20258527,-0.99,0.6901,,
87,IT,SST,US20220128007,시스템1,19878272,18.52,2.24,,MapQuest 급부상
87,IT,DETX,NAS2604022002,리버티 디펜스,19713933,1.73,3.52,,
87,IT,INTZ,US20201009002,인트루전,19526983,14.5,0.9098,,인수 자금 조달 부담
87,IT,BMR,NAS0230224001,비머 이미징,19310180,0.81,1.25,BUY,
87,IT,ANY,US20140707001,스피어 3D,19203462,3.64,2.28,,
87,IT,PDC,NAS0230725002,PERPETUALS.COM LTD SPON ADS EACH REP 5 ORD SHS (POST SPLIT),19156933,7.8,3.04,,
87,IT,FOXX,US20220801011,폭스 디벨롭먼트 홀딩스,19063700,-1.48,2.66,,
87,IT,SMX,NAS0230308004,SMX(시큐리티 매터스),18131696,-2.11,16.26,,
87,IT,IDAI,NAS0230323003,T 스탬프,18095548,-4.69,3.05,,
87,IT,JF,US20181024008,제이 앤 프렌즈 홀딩스 (ADR),17702595,-3.12,0.9204,,
87,IT,GYGY,NAS2607030002,게임 유어 게임,17029442,0.85,1.19,,
87,IT,IPM,US20210803008,인텔리전트 프로텍션 매니지먼트,16852852,-1.08,1.84,,
87,IT,SMSI,US19950919001,스미스 마이크로 소프트웨어,16311456,-0.69,2.89,,
87,IT,SCNX,US20200213004,사이언처 홀딩스,16223938,-0.41,0.3924,,
87,IT,HPAI,US20211206010,헬포트 AI,15122985,-2.65,0.39,,
87,IT,NEON,US19990305001,니오노드,15079010,-0.03,0.8957,,
87,IT,CLRO,US19950818001,클리어원,14379795,-2.8,5.21,,
87,IT,MYSE,US20210813005,마이지엄,14225416,-0.37,2.72,,
87,IT,SAGT,NAS0250307006,새그텍 글로벌,13954572,4.66,0.6919,,
87,IT,UPLD,US20141106005,업랜드 소프트웨어,13937167,-7.45,4.35,BUY,
87,IT,ALP,US20210225004,알파 컴퓨트,13147909,-0.83,0.1678,HOLD,
87,IT,CYCU,US20220411006,사이큐리언,12469988,-4.68,3.67,,상장 유지 주식병합
87,IT,BLIN,US20070629001,브리지라인 디지털,12388286,1.99,1.0,,
87,IT,GFAI,NAS0230210004,가드포스 AI,11965548,-0.68,0.3775,,
87,IT,IOTR,NAS0250410006,아이오스리,11949387,0.41,2.46,,
87,IT,ALAR,NAS0230125001,얼라럼 테크놀로지스(ADR),11937963,0,1.62,BUY,
87,IT,MSAI,US20211116008,멀티센서 AI 홀딩스,11877027,-2.98,5.21,,
87,IT,NVNI,US20211227011,누비니 그룹,11679857,-13.67,0.86,,
87,IT,OBAI,NAS2602004001,아워 본드,10796933,-4.79,0.342,BUY,
87,IT,GLE,NAS0240920002,글로벌 엔진 그룹 홀딩,10449146,0.75,0.5072,,
87,IT,CISO,US20220114005,시소 글로벌,10221333,-0.71,0.2223,,
87,IT,SLE,US20190226001,슈퍼 리그 엔터프라이즈,9572794,1.04,3.9,BUY,
87,IT,AIRE,NAS0231023002,리알파 테크,9499836,-3.73,1.55,BUY,
87,IT,NXTT,US20220719002,넥스트 테크놀로지 홀딩,8891710,-1.99,5.9,,
87,IT,CXAI,NAS0230315001,CX앱,8461333,1.11,3.65,,
87,IT,VRME,US20200619003,베리파이미,8447665,-0.61,0.636,BUY,
87,IT,AUID,US20210824002,오스아이디,8255823,-9.65,0.4449,,공급업체 선정
87,IT,ZCMD,US20200218002,중차오,8226175,-5.31,0.8754,,
87,IT,CYAB,NAS0230515007,사이브라,7882312,1.86,0.455,BUY,
87,IT,VS,US20210115011,벌서스 시스템스,7850789,0.79,1.27,,
87,IT,ARBB,NAS0230331001,ARB IOT 그룹,7700062,0,4.35,HOLD,
87,IT,IFBD,US20210420011,인포버드,7606836,-5.55,0.875,,
87,IT,TAOP,US20180604003,타오핑,7410063,4.11,0.8011,,
87,IT,DTSS,US20181219001,데이터시,7373004,-5.43,0.6656,,
87,IT,GITS,NAS0230801002,글로벌 인터랙티브 테크놀로지스,7258171,4.57,2.06,,
87,IT,DTST,US20210514006,데이터 스토리지,7173226,-0.65,3.04,,
87,IT,YJ,US20190502004,윈지(ADR),7110353,-3.96,2.67,,
87,IT,AMST,NAS0230222001,에임자이트,6962008,-0.94,1.05,,
87,IT,SVRE,US20220426014,세이버원 2014(ADR),6542578,1.15,2.64,,
87,IT,ORKT,NAS0240725004,오렌지클라우드 테크놀로지,5669088,-0.02,0.9679,HOLD,
87,IT,RMSG,US20210930010,리얼 메신저,5658581,-1.06,0.3552,,
87,IT,NCPL,US20220713002,넷캐피탈,5442590,3.47,0.7156,,
87,IT,JTAI,US20211001012,제트AI,5386686,-1.32,1.49,,
87,IT,TWAV,NAS0230104003,타오위브,5248695,0.74,1.36,,
87,IT,CETX,NAS0230125004,셈트렉스,4470061,0.39,2.6,,
87,IT,BKYI,US20170725002,바이오 키 인터내셔널,4428951,-0.65,3.05,,
87,IT,CSAI,NAS0250130006,클라우드어스트럭처,4427621,-3.34,4.92,,
87,IT,HTCR,US20220209005,허트코어 엔터프라이지스,3912741,-6.23,2.41,,
87,IT,BNZI,US20210212007,반자이 인터내셔널,3881232,0.92,1.1,BUY,
87,IT,IVDA,US20220401006,아이베다,3654349,-0.52,0.2896,,
87,IT,MYSZ,NAS0221209002,마이 사이즈,1899281,-2.31,2.54,,
87,IT,IMTE,US20170803003,인티그레이티드 미디어 테크놀로지,1572456,2.77,0.4676,,
87,IT,LRHC,NAS0231005003,라 로사 홀딩스,1563353,0.19,0.4708,,
87,IT,SUGP,NAS0240124005,SU 그룹 홀딩스,1287668,-7.16,0.7427,,
87,IT,AIXI,NAS0230309001,샤오아이(ADR),504028,-8.42,0.5,,전환사채 희석 우려
97,금융,BRK.A,US19800317002,버크셔 해서웨이 A,1084280585679,-0.18,756650.01,,
97,금융,BRK.B,US20100121001,버크셔 해서웨이 B,1084280585679,-0.19,504.03,BUY,
97,금융,JPM,US19690401002,제이피모건 체이스,961075446948,-0.45,356.02,BUY,
97,금융,V,US20080319001,비자,714432083592,-0.58,379.37,BUY,목표가 상향
97,금융,MA,US20060525001,마스터카드,522928351953,-1.01,589.31,BUY,
97,금융,BAC,US19730102001,뱅크오브아메리카,449991990922,-0.61,61.94,BUY,스테이블코인 진출 검토
97,금융,HSBC,US20131118003,HSBC(ADR),356434793893,-0.38,103.14,BUY,
97,금융,MS,US19930628001,모건스탠리,345958152874,-0.68,213.32,BUY,
97,금융,GS,US19990504001,골드만삭스,303642060411,-0.78,1025.9,HOLD,자본규제 수혜 부각
97,금융,RY,US19951016001,로열 뱅크 오브 캐나다,283966977863,-0.04,204.15,BUY,KBW 목표가 상향
97,금융,WFC,US19621210001,웰스파고,271763124356,-0.35,86.39,BUY,
97,금융,MUFG,US20180402002,미쓰비시 UFJ 파이낸셜(ADR),258465691618,-0.66,22.75,,금융주 전반 약세
97,금융,AXP,US19770518001,아메리칸 익스프레스,225634413470,-0.91,330.17,BUY,
97,금융,C,US19860602001,씨티그룹,224328450226,-0.96,131.62,BUY,
97,금융,SAN,US19880105004,방코 산탄데르(ADR),210669047091,-0.75,14.56,BUY,
97,금융,TD,US19960830001,토론토 도미니언 뱅크,199217910579,-0.28,120.91,BUY,비중축소 의견 유지
97,금융,SCHW,US19870930002,찰스 슈왑,192140188940,-0.31,109.82,BUY,거래 지원 확대 계획
97,금융,BLK,US19991001001,블랙록,189722580022,-0.76,1155.61,BUY,
97,금융,UBS,US19900208001,UBS 그룹,180448282082,1.49,55.72,BUY,자본부담 완화
97,금융,BX,US20070622002,블랙스톤,170554904628,0.6,143.24,BUY,
97,금융,SMFG,US20060127001,스미토모 미쓰이 파이낸셜 그룹(ADR),164156148305,-0.31,25.84,,
97,금융,IBKR,US20191007001,인터랙티브 브로커스,163744440010,1.5,97.28,BUY,
97,금융,BBVA,US19881214001,방코 빌바오 비스카야 아르헨타리아(ADR),162127271172,-0.14,28.96,SELL,
97,금융,SONY,US20210401017,소니(ADR),145891254462,-1.17,24.56,,
97,금융,COF,US19941115001,캐피탈 원 파이낸셜,135331495530,-0.54,214.51,BUY,
97,금융,CB,US19840907024,처브,131503119407,-0.39,338.6,HOLD,
97,금융,SPGI,US20160428001,S&P 글로벌,130924410135,-1.59,435.84,BUY,
97,금융,MFG,US20061108002,미즈호 파이낸셜 그룹(ADR),129616449720,0,10.64,,
97,금융,PGR,US19870601001,프로그레시브,127402446081,-0.26,218.08,HOLD,
97,금융,BMO,US19941027001,뱅크 오브 몬트리올,120142334775,-0.9,170.31,HOLD,
97,금융,HDB,US20010720001,HDFC 뱅크(ADR),118889269411,-1.65,22.7,BUY,
97,금융,BNS,US19690127001,뱅크 오브 노바스코샤,112916871650,-0.79,91.66,BUY,
97,금융,IBN,US20000328001,ICICI 뱅크(ADR),107514781047,1.61,30.36,,
97,금융,CM,US19881031001,캐나디안 임페리얼 뱅크 오브 커머스,104874686996,-0.71,113.52,BUY,
97,금융,CME,US20021206001,CME 그룹,103050557254,-0.05,285.65,HOLD,
97,금융,USB,US19730503007,US 뱅코프,102658717116,-1.42,61.58,BUY,
97,금융,ING,US19970613002,ING 그룹(ADR),101750176750,0.23,35.32,BUY,
97,금융,BN,US19970811002,브룩필드,101617382275,-0.27,41.22,BUY,
97,금융,KKR,US20100715001,KKR & CO,100297044859,0.96,109.72,BUY,USI 매각 이익
97,금융,MELI,US20070810001,메르카도리브레,99957773151,-1.56,1935.48,BUY,
97,금융,PNC,US19871021001,PNC 파이낸셜 서비시스,96898900086,-1.07,239.63,BUY,
97,금융,HOOD,US20210727005,로빈후드,93997094105,0.53,104.81,BUY,항소 기각 부담
97,금융,MMC,US19690604001,마시,92183762844,-1.47,189.8,HOLD,
97,금융,ICE,US20051116001,인터컨티넨탈 익스체인지,91382746032,-1.0,160.7,BUY,
97,금융,BCS,US19860909002,바클레이즈(ADR),90605526717,-0.82,26.64,BUY,
97,금융,MCO,US19960523002,무디스,89425738979,-2.0,504.64,BUY,
97,금융,LYG,US20000417001,로이즈 뱅킹 그룹(ADR),85969521879,-0.84,5.87,HOLD,
97,금융,ELV,US20141204001,엘리번스 헬스,85775897219,-0.48,392.54,BUY,
97,금융,BAM,NYS0221212001,브룩필드 에셋 매니지먼트,85619045123,-0.21,51.5,HOLD,
97,금융,APO,US20110330001,아폴로 글로벌 매니지먼트,79967099591,1.14,136.58,BUY,
97,금융,TRV,US19880511001,트래블러스 컴퍼니스,77364888086,-1.07,365.93,HOLD,
97,금융,DB,US20011003001,도이치뱅크,77324692789,-0.74,40.06,BUY,
97,금융,AON,US19840907019,에이온,75597501031,-9.53,321.52,BUY,USI 인수 합의
97,금융,NWG,US20200723011,냇웨스트 그룹(ADR),73262830200,-0.98,18.2,BUY,
97,금융,MFC,US19990924001,매뉴라이프 파이낸셜,71145366901,-0.82,42.41,,
97,금융,NU,US20211208010,누 홀딩스,69266622072,1.75,14.55,BUY,
97,금융,AJG,US19871201001,아서 J 갤러거,68764939577,-2.02,262.15,BUY,
97,금융,ALL,US19930603001,올스테이트,68284052293,-0.66,257.8,HOLD,
97,금융,MET,US20000405001,메트라이프,63423667147,-1.39,95.17,BUY,
97,금융,MSTR,US19980611001,스트래티지,62618880800,4.43,132.95,BUY,주당 BTC 희석
97,금융,TFC,US20191209005,트루이스트 파이낸셜,61776671883,-1.69,49.58,HOLD,델라웨어 상품중단
97,금융,AFL,US19740614001,애플랙,58577787178,-0.58,115.85,HOLD,
97,금융,NDAQ,US20020701001,나스닥,55665290733,-0.74,98.58,BUY,
97,금융,STT,US19950214001,스테이트 스트리트,53668643327,-1.01,191.38,BUY,
97,금융,XYZ,US20151119003,블록,50347044808,-1.85,82.02,BUY,
97,금융,AMP,US20050915003,아메리프라이즈 파이낸셜,49542928958,-1.11,553.11,BUY,
97,금융,ARES,US20140501004,아레스 매니지먼트,48568180319,0.45,143.17,BUY,
97,금융,COIN,US20210414003,코인베이스,47261941216,5.31,188.12,BUY,비트코인 약세 부담
97,금융,HUM,US19710518001,휴매나,46423567173,-0.6,383.23,BUY,
97,금융,PYPL,US20150721001,페이팔,46030754302,-1.86,52.66,HOLD,목표가 상향
97,금융,PAYX,US19830826001,페이첵스,45310691988,0.24,127.34,HOLD,
97,금융,KB,US20011102001,KB 파이낸셜 그룹 (ADR),43997747940,0.51,124.79,,
97,금융,SLF,US20000323001,선 라이프 파이낸셜,43773654782,-0.48,78.38,BUY,
97,금융,IX,US19980916001,오릭스(ADR),42597377391,-0.08,38.97,,
97,금융,MSCI,US20071115001,MSCI,41608802060,-0.02,570.64,BUY,
97,금융,PRU,US20011213002,푸르덴셜 파이낸셜,41441639858,-1.83,117.6,HOLD,
97,금융,ITUB,US20010702001,이타우 우니방쿠 홀딩스(ADR),40642862542,1.47,7.61,,
97,금융,AIG,US19841010001,아메리칸 인터내셔널 그룹,40337220856,-0.74,76.36,HOLD,
97,금융,RKT,US20200806007,로켓 컴퍼니스,39099357634,-2.61,13.41,BUY,
97,금융,HIG,US19951215001,하트포드 파이낸셜 서비시스 그룹,37972368746,-0.84,137.38,BUY,
97,금융,SHG,US20030916001,신한 파이낸셜 그룹(ADR),37259562834,0.03,79.17,,
97,금융,MTB,US19960919001,M&T 뱅크,36471286161,-1.41,233.94,HOLD,
97,금융,HBAN,US19900326022,헌팅턴 뱅크셰어스,35213244788,-1.42,16.68,BUY,
97,금융,PUK,US20000628003,푸르덴셜(ADR),34607074898,-1.37,27.27,,
97,금융,RJF,US19860411001,레이먼드 제임스 파이낸셜,34597243551,-0.66,178.17,HOLD,
97,금융,NTRS,US19900326038,노던 트러스트,34567436245,-0.6,185.67,HOLD,
97,금융,ACGL,US19950914001,아치 캐피탈 그룹,34390970004,-0.78,98.07,BUY,
97,금융,CBOE,US20180917002,CBOE 글로벌 마켓,32510110987,-2.91,300.59,HOLD,가상자산 경쟁 우려
97,금융,WTW,US20160105002,윌리스 타워스 왓슨,32012860539,-1.48,338.67,BUY,
97,금융,CFG,US20140924001,시티즌스 파이낸셜 그룹,30585608025,-1.2,68.87,BUY,
97,금융,NMR,US20011217001,노무라 홀딩스(ADR),30185802424,-1.17,10.18,BUY,
97,금융,BAP,US19951026001,크레디코프,29338906060,-0.55,366.38,BUY,
97,금융,LPLA,US20101118001,LPL 파이낸셜 홀딩스,29269559299,-0.15,370.13,BUY,
97,금융,FISV,US19860925001,파이서브,28357422908,0.21,53.29,HOLD,
97,금융,RF,US19811101001,리전스 파이낸셜,27174393694,-1.48,29.88,HOLD,
97,금융,SYF,US20140731002,싱크로니 파이낸셜,26925753326,-1.24,77.08,BUY,
97,금융,FLT,US20101215001,코페이,26855170186,-0.88,404.3,BUY,
97,금융,CINF,US19900326005,신시내티 파이낸셜,26466482278,-1.2,169.91,HOLD,
97,금융,AFRM,US20210112001,어펌,26310309799,-4.31,74.41,BUY,제3자 의존 부담
97,금융,WRB,US19840907025,WR 버클리,25633882797,-1.29,67.56,HOLD,
97,금융,KEY,US19920901001,키코프,25296287923,-1.37,21.61,BUY,
97,금융,BRO,US19810227001,브라운 앤 브라운,24598004185,-1.56,72.17,HOLD,
97,금융,GPN,US20010116001,글로벌 페이먼츠,24364336189,-0.84,91.05,BUY,
97,금융,TROW,US19860409001,티 로웨 프라이스 그룹,23794762723,-0.04,111.19,HOLD,
97,금융,FCNCA,US19920225004,퍼스트 시티즌스 뱅크셰어스,23478362055,-1.33,2162.83,HOLD,
97,금융,SOFI,US20210601001,소파이 테크놀로지스,23390153722,-0.94,17.89,HOLD,
97,금융,TW,US20190403003,트레이드웹 마케츠,23031862952,-1.12,107.65,BUY,
97,금융,EFX,US19710511001,에퀴팩스,22896223406,-2.39,189.16,BUY,
97,금융,MKL,US19861219001,마켈 그룹,22595699233,-0.87,1802.91,HOLD,
97,금융,CRCL,NYS0250605001,써클 인터넷 그룹,22183816865,9.65,95.55,BUY,금리 인상 부담
97,금융,BSBR,US20091007002,방코 산탄데르 브라질(ADR),22134541494,-1.03,5.75,BUY,
97,금융,FIS,US20010806002,피델리티 내셔널 인포메이션 서비시스,21429850106,-1.62,40.77,BUY,
97,금융,BCH,US20020108001,방코 데 칠레(ADR),21084752295,-1.25,41.11,HOLD,
97,금융,TPG,US20220112008,TPG,20810090316,0.28,54.12,BUY,
97,금융,KSPI,NAS0240119005,카스피.kz(ADR),20253757196,-1.04,105.18,BUY,
97,금융,UNM,US19861114001,유넘 그룹,19089075684,0.18,93.22,BUY,
97,금융,OWL,US20210520006,블루 아울 캐피탈,18792023424,1.83,12.24,BUY,
97,금융,WF,US20190213002,우리 파이낸셜 그룹(ADR),18201520801,-0.26,73.14,,
97,금융,EWBC,US19990203001,이스트 웨스트 뱅코프,17783773809,-2.05,126.79,BUY,
97,금융,BEN,US19861205002,프랭클린 리소시스,17653465358,-1.44,34.15,HOLD,
97,금융,CG,US20161109004,칼라일 그룹,17540666943,-1.43,48.39,HOLD,
97,금융,FUTU,US20191017002,푸투 홀딩스(ADR),17468658603,-1.75,122.08,BUY,
97,금융,JLL,US19970717001,존스 랭 라살,17439382862,-3.21,365.87,,
97,금융,PS,NYS2604029001,퍼싱스퀘어,16914566218,1.78,42.92,,
97,금융,BSAC,US19940518001,방코 산탄데르 칠레(ADR),16600694360,-1.11,34.75,HOLD,
97,금융,TRU,US20150625009,트랜스유니언,16459685921,-0.89,84.91,BUY,
97,금융,PNFP,US20000822001,피너클 파이낸셜 파트너스,16107051288,-1.11,99.97,BUY,
97,금융,BBD,US19970613001,방쿠 브라데스쿠 우선주(ADR),16082735133,0.92,3.28,BUY,
97,금융,BBDO,US20120313001,방쿠 브라데스쿠(ADR),16082735133,-1.32,2.99,,
97,금융,RGA,US20080912001,리인슈어런스 그룹 오브 아메리카,16078435153,0.2,246.04,BUY,
97,금융,BMNR,AMX0250605001,비트마인 이머션 테크놀로지스,14735771118,6.39,25.32,BUY,크립토주 약세
97,금융,RNR,US19960724001,르네상스리 홀딩스,14704655370,-0.94,327.64,HOLD,
97,금융,CRBG,US20220913001,코어브리지 파이낸셜,14576772155,-0.21,32.54,BUY,
97,금융,IVZ,US19940301001,인베스코,14547740288,-0.24,32.78,HOLD,
97,금융,EQH,US20180509001,에퀴터블 홀딩스,14537985941,-0.14,50.13,BUY,
97,금융,EG,US19951003001,에베레스트 그룹,14518569767,-0.78,374.65,HOLD,
97,금융,ARCC,US20041005001,아레스 캐피탈,14364100481,0.55,20.06,BUY,
97,금융,AIZ,US20040205001,어슈런트,14128229408,-1.02,281.86,BUY,
97,금융,IREN,US20211116005,아이렌,14007943285,4.71,37.12,BUY,실적 예상치 하회
97,금융,ERIE,US19951002001,이리 인뎀너티,13653871071,-1.85,255.58,BUY,
97,금융,AEG,US19850701002,아혼(ADR),13608313920,-0.54,9.14,BUY,
97,금융,SEIC,US19810325001,SEI 인베스트먼트,13434727423,-0.58,110.98,BUY,
97,금융,CNA,US19690203001,CNA 파이낸셜,13380167692,-1.5,48.57,HOLD,
97,금융,GL,US20190809003,글로브 라이프,13315473775,-0.07,172.67,BUY,
97,금융,ALLY,US20140410002,앨라이 파이낸셜,12866565022,0.07,42.21,BUY,
97,금융,SF,US19861124001,스티펄 파이낸셜,12833415667,-0.63,80.78,BUY,
97,금융,FHN,US19730131001,퍼스트 호라이즌,12349886487,-1.34,24.32,BUY,
97,금융,JEF,US20180524002,제프리스 파이낸셜 그룹,12273810169,-0.85,52.64,BUY,
97,금융,AFG,US19781114001,아메리칸 파이낸셜 그룹,11942057726,-0.75,142.55,HOLD,
97,금융,EVR,US20060811001,에버코어,11940259522,-1.27,286.43,BUY,
97,금융,UMBF,US19900327006,UMB 파이낸셜,11329947914,-2.07,141.59,BUY,
97,금융,RYAN,US20210721011,라이언 스페셜티 홀딩스,11253575990,-3.85,42.18,BUY,
97,금융,FRHC,US20191015001,프리덤 홀딩,11184063402,0.58,175.86,,내부자 매도 부담
97,금융,BPOP,US19900326002,파퓰러,10856288174,-0.89,168.24,BUY,
97,금융,WTFC,US19980416002,윈트러스트 파이낸셜,10793183553,-1.68,150.38,BUY,
97,금융,PAYP,NAS2603012007,페이페이(ADR),10371179729,-0.98,15.13,BUY,
97,금융,VIRT,US20150416001,VIRTU FINANCIAL INC,10332187839,-1.13,65.64,,
97,금융,SSB,US20140701005,사우스스테이트,10305733050,-1.03,104.89,BUY,
97,금융,ORI,US19900919001,올드 리퍼블릭 인터내셔널,10274604872,-0.81,41.73,BUY,
97,금융,CFR,US19860630001,컬런 프로스트 뱅커스,10180243508,0.13,160.87,HOLD,
97,금융,ONB,US20130815001,올드 내셔널 뱅코프,10147286049,-1.04,25.58,BUY,
97,금융,ZION,US19900326058,자이언스 뱅코프,9967912669,-1.62,66.68,HOLD,
97,금융,HUT,US20210615004,허트 8,9810803580,-1.06,78.58,BUY,
97,금융,JXN,US20210920008,잭슨 파이낸셜,9677430500,-0.54,133.43,BUY,
97,금융,AMG,US19971121003,어필리에이티드 매니저스 그룹,9617149602,-0.72,368.19,BUY,
97,금융,VOYA,US20130502003,보야 파이낸셜,9598600775,-1.2,101.32,BUY,
97,금융,FCFS,US20181008003,퍼스트캐시 홀딩스,9533779007,-2.14,214.51,BUY,
97,금융,OSCR,US20210301020,오스카 헬스,9430375205,-1.67,29.96,HOLD,
97,금융,HLI,US20150813002,훌리한 로키,9321965832,0.2,133.29,HOLD,
97,금융,XP,US20191210001,XP,9149712799,3.17,18.22,,투자의견 상향
97,금융,GLXY,NAS0250516003,갤럭시 디지털,9097581646,5.99,24.6,BUY,금리 재가격 부담
97,금융,PRI,US20100401001,프라이메리카,8962107570,-0.94,287.65,HOLD,
97,금융,WAL,US20050630003,웨스턴 얼라이언스 뱅코프,8892050885,-0.51,78.13,BUY,
97,금융,LNC,US19690820001,링컨 내셔널,8834677259,-1.62,42.59,HOLD,
97,금융,PB,US19981112001,프로스페리티 뱅크셰어스,8712767005,-1.02,71.56,HOLD,
97,금융,KNSL,US20220103008,킨세일 캐피탈 그룹,8693630117,-1.76,373.9,HOLD,
97,금융,COLB,US19880728001,컬럼비아 뱅킹 시스템즈,8530355478,-1.43,29.64,BUY,
97,금융,BOKF,US19950110001,BOK 파이낸셜,8377291766,-1.27,135.73,HOLD,
97,금융,CBSH,US19840907013,커머스 뱅크셰어스,8347785270,-0.59,57.7,HOLD,
97,금융,SNEX,US20200706003,스토넥스 그룹,8301988268,-0.25,68.47,BUY,
97,금융,MORN,US20050503002,모닝스타,8187368756,0.63,219.03,,
97,금융,VLY,US20181010003,벨리 내셔널 뱅코프,8086499077,-2.08,13.63,BUY,
97,금융,FIGR,NAS0250911001,피규어 테크놀로지 솔루션스,8081774785,1.8,36.7,BUY,
97,금융,THG,US19951011001,하노버 인슈어런스 그룹,7949404622,-0.69,226.11,HOLD,
97,금융,CBC,NAS0251120002,센트럴 뱅컴퍼니,7829421927,-1.53,32.1,BUY,
97,금융,AXS,US20030701001,액시스 캐피탈 홀딩스,7687130728,-0.74,98.78,BUY,
97,금융,WULF,US20211214013,테라울프,7680313284,-1.43,15.13,BUY,
97,금융,FAF,US20100524001,퍼스트 아메리칸 파이낸셜,7624377098,-0.74,73.92,BUY,
97,금융,APLD,US20220413001,어플라이드 디지털,7406216795,0.28,25.41,BUY,
97,금융,MAAS,US20190329003,마스,7338208084,-1.45,16.31,,
97,금융,PJT,US20151002002,PJT 파트너스,7309845618,-1.32,180.39,HOLD,
97,금융,VCTR,US20180207002,빅토리 캐피탈 홀딩스,7297287074,-0.25,118.01,HOLD,
97,금융,OMF,US20151127002,원메인 홀딩스,7249163036,-0.6,62.46,BUY,
97,금융,RIOT,US20171019002,라이엇 플랫폼스,7145839849,0,18.99,BUY,금리 인상 부담
97,금융,ACT,US20210510001,인액트 홀딩스,6764947804,-1.79,48.19,HOLD,
97,금융,WEX,US20050216001,웩스,6743548639,-3.42,190.58,HOLD,
97,금융,FNB,US19860930001,FNB,6516688499,-0.98,18.23,BUY,
97,금융,UBSI,US19900326051,유나이티드 뱅크셰어스,6501617493,-1.01,47.12,HOLD,
97,금융,HRB,US19691013001,H&R 블록,6486854056,-1.58,51.65,HOLD,
97,금융,MTG,US19910807001,MGIC 인베스트먼트,6374367583,-1.1,30.65,HOLD,
97,금융,CIFR,US20210830003,사이퍼 마이닝,6313396990,2.18,15.5,BUY,
97,금융,ESNT,US20131031001,이센트 그룹,6209585510,-1.44,67.56,HOLD,
97,금융,CACC,US19920605001,크레디트 억셉턴스,6192350931,0.95,600.55,,
97,금융,ASB,US20141223002,어소시에이티드 뱅크,6169095127,-1.0,30.61,BUY,
97,금융,GBCI,US19920127001,글레이셔 뱅코프,6121188139,-1.22,46.31,,
97,금융,FLG,US19931123001,플래그스타 파이낸셜,6095828610,-1.04,13.31,BUY,
97,금융,STEP,US20200915009,스텝스톤 그룹,6089213689,4.54,52.26,BUY,
97,금융,IFS,US20190718005,인터코프 파이낸셜 서비시스,6086842026,-0.05,54.62,BUY,
97,금융,HWC,US20180525001,핸콕 휘트니,6038970398,-0.81,74.46,BUY,
97,금융,AUB,NYS0230118002,애틀랜틱 유니언 뱅크셰어스,5991293850,-0.81,40.33,,
97,금융,HOMB,US20211122005,홈 뱅크셰어스,5941828040,-0.54,29.46,HOLD,
97,금융,RLI,US19870508001,RLI,5918212686,-1.03,63.47,HOLD,
97,금융,HLNE,US20170301001,해밀턴 레인,5860064957,2.54,108.73,BUY,
97,금융,EXLS,US20061020001,엑슬서비스 홀딩스,5837992098,-0.83,38.08,BUY,
97,금융,ENVA,US20141114003,이노바 인터내셔널,5810344922,-2.58,226.72,,
97,금융,BXSL,US20211028004,블랙스톤 담보 대출 펀드,5781926846,1.05,25.01,BUY,
97,금융,BGC,US19991210001,BGC 그룹,5778562773,-0.91,12.01,,
97,금융,BBUC,US20220315001,브룩필드 비즈니스,5762076270,-1.83,27.39,BUY,
97,금융,ABCB,US19940519001,아메리스 뱅코프,5759564810,-1.57,84.25,HOLD,
97,금융,MKTX,US20041105001,마켓액세스 홀딩스,5742396182,-0.06,162.63,HOLD,
97,금융,MCY,US19961009002,머큐리 제너럴,5719111778,-0.98,101.96,BUY,
97,금융,SIGI,US19900326046,셀렉티브 인슈어런스 그룹,5649217177,-1.27,91.29,HOLD,
97,금융,RELY,US20210922012,레미틀리 글로벌,5635726929,0.72,26.74,BUY,
97,금융,OZK,US20180716001,뱅크 OZK,5627701530,-0.65,49.08,HOLD,
97,금융,GGAL,US20000724001,그루포 피난시에로 갈리시아(ADR),5612386544,3.5,43.72,BUY,2분기 실적 회복
97,금융,OBDC,US20190717006,블루 아울 캐피탈 코퍼레이션,5587894641,2.22,11.53,BUY,
97,금융,AX,US20181001004,액소스 파이낸셜,5566829910,-1.08,96.79,BUY,
97,금융,MAIN,US20071005003,메인 스트리트 캐피탈,5490034592,0.63,58.92,HOLD,
97,금융,KLAR,NYS0250910001,클라르나,5384033879,3.45,14.69,BUY,CEO 주식 매입
97,금융,MC,US20140415002,모엘리스,5368383543,-0.48,68.07,HOLD,
97,금융,PIPR,US20200106001,파이퍼 샌들러,5358131772,-0.73,75.06,BUY,
97,금융,CORZ,NAS0240124001,코어 사이언티픽,5319976708,-1.27,16.3,BUY,
97,금융,SLM,US19840410001,SLM,5278210204,-1.67,25.97,BUY,
97,금융,CIGI,US20150603001,콜리어스 인터내셔널 그룹,5274637503,-2.22,100.64,,
97,금융,MRX,NAS0240425002,마렉스 그룹,5253908711,-0.45,72.51,BUY,
97,금융,OTF,NYS0250612001,블루 아울 테크놀로지 파이낸스,5228544037,2.64,11.68,,
97,금융,CNO,US20030930001,CNO 파이낸셜 그룹,5137050739,-1.05,54.79,HOLD,
97,금융,WTM,US19860509002,화이트 마운틴스 인슈어런스 그룹,5110697768,-1.56,2102.01,HOLD,
97,금융,EBC,US20201015006,이스턴 뱅크셰어스,5107583798,-1.48,21.96,BUY,
97,금융,WAY,NAS0240607007,웨이스타 홀딩,5045368460,-0.23,26.18,BUY,
97,금융,BULL,US20220815003,위불,4996897473,1.07,9.47,,
97,금융,BLSH,NYS0250813001,불리쉬,4957086602,3.47,34.03,,금리 재가격 부담
97,금융,TFSL,US20070423001,TFS 파이낸셜,4929733172,-0.34,17.47,,
97,금융,RDN,US19921030001,라디안 그룹,4830389168,-1.51,35.86,BUY,
97,금융,FHI,US20200203008,페더레이티드 헤르메스,4822144181,-1.18,63.65,HOLD,
97,금융,FFIN,US19931101001,퍼스트 파이낸셜 뱅크셰어스,4798916996,-0.48,33.23,HOLD,
97,금융,BMA,US20060324001,방코 마크로(ADR),4790480022,3.46,78.68,BUY,
97,금융,SFBS,US20210621007,서비스퍼스트 뱅크셰어스,4736745240,-0.37,43.04,,
97,금융,FULT,US19900326020,풀턴 파이낸셜,4675814912,-0.89,23.46,BUY,
97,금융,NP,NYS0251001002,넵튠 인슈어런스,4660916375,-1.65,33.31,BUY,
97,금융,HGTY,US20211203007,해거티,4624146742,-0.89,13.3,HOLD,
97,금융,DX,US19880229002,다이넥스 캐피탈,4613909419,-0.15,12.89,,
97,금융,NNI,US20031211001,넬넷,4569807811,-1.65,125.27,,
97,금융,TCBI,US20030813002,텍사스 캐피탈 뱅크셰어스,4549837573,-1.5,97.16,HOLD,
97,금융,PAY,US20210524004,페이먼트어스 홀딩스,4545080615,-1.08,35.6,BUY,
97,금융,IBOC,US19960530003,인터내셔널 뱅크셰어스,4423421877,-1.09,70.16,,
97,금융,DLO,US20210602001,디로컬,4346872016,-1.33,14.83,BUY,
97,금융,BWIN,US20191023001,볼드윈 인슈어런스 그룹,4291623833,0.55,30.85,BUY,
97,금융,FBP,US19930311002,퍼스트 뱅코프 푸에르토리코,4288043276,-0.46,27.88,BUY,
97,금융,MIAX,NYS0250814001,마이애미 인터내셔널 홀딩스,4278708002,-0.3,42.87,BUY,
97,금융,BFH,US20010607001,브레드 파이낸셜 홀딩스,4272960965,-0.99,104.47,BUY,
97,금융,CNS,US20040813001,코헨 앤 스티어스,4265847408,-2.49,80.67,HOLD,
97,금융,LAZ,NYS0240102004,라자드,4264483189,-0.94,43.23,HOLD,
97,금융,UCB,US20020321001,유나이티드 커뮤니티 뱅크,4253556341,-0.97,34.84,BUY,
97,금융,SEZL,NAS0230817006,세즐,4191281439,-2.88,120.55,BUY,
97,금융,CATY,US19901217001,캐세이 제너럴 뱅코프,4138978753,-1.07,61.21,HOLD,
97,금융,MARA,US20140728001,마라 홀딩스,4133192279,0.84,10.76,BUY,재무전략 신뢰 약화
97,금융,WSBC,US19950818022,웨스뱅코,4124671074,-1.01,40.01,BUY,
97,금융,LMND,US20200701007,레모네이드,4110240323,-1.38,52.23,HOLD,
97,금융,FOUR,US20200604010,시프트4 페이먼츠,4083126604,-3.82,42.28,BUY,
97,금융,WSFS,US19861126001,WSFS 파이낸셜,4011437959,-1.09,77.45,BUY,
97,금융,BHF,US20170807001,브라이트하우스 파이낸셜,3956886708,-0.04,53.02,HOLD,
97,금융,CVBF,US19920317001,CVB 파이낸셜,3916164380,-0.09,22.17,BUY,
97,금융,INDB,US19860101001,인디펜던트 뱅코프 매사추세츠,3897839111,-1.18,81.09,BUY,
97,금융,GPGI,US20211228001,GPGI INC,3851647267,-0.23,13.22,HOLD,
97,금융,PFSI,US20130509001,페니맥 파이낸셜 서비시스,3822730424,-0.37,73.11,BUY,
97,금융,HG,NYS0231110001,해밀턴 인슈어런스 그룹,3819091768,-0.54,35.16,BUY,
97,금융,GNW,US20040525001,젠워스 파이낸셜,3781363536,-0.4,9.94,BUY,
97,금융,RNST,US19920424002,르네산트,3766177847,-0.44,40.91,,
97,금융,BANF,US19950401001,뱅크퍼스트,3724595162,-1.23,109.19,,
97,금융,WT,US19920615001,위즈덤트리,3711659161,-1.51,24.06,BUY,
97,금융,NIC,US20220524004,니콜레 뱅크셰어스,3609179443,-1.4,169.34,BUY,
97,금융,PRK,US19900101002,파크 내셔널,3588751498,-1.43,195.29,HOLD,
97,금융,FIBK,US20100324001,퍼스트 인터스테이트 뱅크시스템,3539827876,-0.67,36.79,HOLD,
97,금융,APAM,US20130301001,아티잔 파트너스 에셋 매니지먼트,3533957994,-2.07,42.57,HOLD,
97,금융,PLMR,US20190416004,팔로마 홀딩스,3473759959,0.58,132.4,BUY,
97,금융,BANC,US20140530001,뱅크 오브 캘리포니아,3473265395,0.11,18.62,BUY,
97,금융,TOWN,US19990505001,타운뱅크,3469478763,-1.04,37.04,BUY,
97,금융,FFBC,US19900326016,퍼스트 파이낸셜 뱅코프,3454591185,-0.58,32.63,,
97,금융,SII,US20200629003,스프랏,3430604077,-0.83,131.85,,
97,금융,NATL,NYS0231017001,NCR 애틀리오스,3427909285,-0.73,45.92,HOLD,
97,금융,AAMI,US20180326004,아카디안 에셋 매니지먼트,3407916735,-1.63,94.2,,
97,금융,FSK,US20181220001,FS KKR 캐피탈,3397284641,1.22,12.41,,
97,금융,GBDC,US20100414001,골럽 캐피탈 BDC,3392600116,0.92,13.15,BUY,
97,금융,NMIH,US20131108001,NMI 홀딩스,3379816621,-1.03,44.35,BUY,
97,금융,BOH,US19910424001,뱅크 오브 하와이,3341755041,-0.86,75.93,HOLD,
97,금융,SBCF,US19900326045,시코스트 뱅킹 오브 플로리다,3336993335,-1.19,33.96,HOLD,
97,금융,CBU,US19840718001,커뮤니티 파이낸셜 시스템즈,3332394725,-0.65,62.75,,
97,금융,AGO,US20040423001,어슈어드 개런티,3329154068,-1.1,74.7,BUY,
97,금융,CWK,US20180801006,쿠쉬맨 앤드 웨이크필드,3323306702,-4.46,13.49,,
97,금융,BKU,US20110128003,뱅크유나이티드,3313586416,-1.7,45.6,,
97,금융,SFNC,US19921102001,시몬스 퍼스트 내셔널,3288070009,-0.53,22.57,,
97,금융,HTGC,US20050609002,허큘리스 캐피탈,3280658453,0.92,17.64,,
97,금융,IOND,NAS2607028003,아이오닉 디지털,3228932814,0.72,71.82,,
97,금융,FG,NYS0221201001,F&G 어뉴어티스 앤 라이프,3149807160,-0.79,23.8,HOLD,
97,금융,FHB,US20160805001,퍼스트 하와이안,3146806787,-0.7,25.61,HOLD,
97,금융,CLBK,US20180420001,컬럼비아 파이낸셜,3124543707,0.43,11.61,BUY,
97,금융,PFS,US20030116001,프로비던트 파이낸셜 서비스,3074700475,-0.47,23.4,BUY,
97,금융,CLSK,US20200124001,클린스파크,3002753726,-0.43,11.61,BUY,
97,금융,MBIN,US20171026002,머천츠 뱅코프,2994905294,-1.5,52.61,HOLD,
97,금융,BBAR,US20190617004,BBVA 아르헨티나(ADR),2963463436,4.63,15.14,BUY,
97,금융,FBK,US20160916004,FB 파이낸셜,2899216898,-1.54,56.96,BUY,
97,금융,NMRK,US20171214002,뉴마크 그룹,2876768981,-3.85,15.22,,
97,금융,WAFD,US19900326056,워페드,2876406958,-0.91,35.76,,
97,금융,UPST,US20201215008,업스타트 홀딩스,2837675568,-1.44,28.66,BUY,
97,금융,ALHC,US20210324001,얼라인먼트 헬스케어,2833066230,-1.47,13.42,BUY,
97,금융,AGM,US19881201001,페더럴 애그리컬처럴 모기지,2825593864,-0.69,219.9,,
97,금융,AGM.A,US19881201002,페더럴 애그리컬처럴 모기지 A,2825593864,1.1,155.7,,
97,금융,SPNT,US20210301022,시리우스포인트,2816624323,0.04,24.19,BUY,
97,금융,GCMG,US20201118002,GCM 그로스베너,2789988519,0.44,13.78,,
97,금융,SLDE,NAS0250618006,슬라이드 인슈어런스,2750310835,-0.98,23.25,BUY,
97,금융,BNT,NYS0221214001,브룩필드 웰스 솔루션즈,2720102489,-0.31,41.24,,
97,금융,CUBI,US20141230001,커스터머스 뱅코프,2719157873,-0.51,78.18,BUY,
97,금융,TRMK,US19920303007,트러스트마크,2694343191,-0.78,45.91,HOLD,
97,금융,TBBK,US20040203001,뱅코프,2687090978,-1.07,65.0,BUY,
97,금융,NBTB,US19920317006,NBT 뱅코프,2685935592,-0.25,51.42,HOLD,
97,금융,FBNC,US19870430001,퍼스트 뱅코프 오브 노스 캐롤라이나,2654845256,-0.91,63.41,BUY,
97,금융,FRME,US19920225006,퍼스트 머천츠,2640849615,-1.14,41.45,,
97,금융,BBT,US20000628001,비콘 파이낸셜 코퍼레이션,2638250107,-1.08,31.05,HOLD,
97,금융,EEFT,US19970307001,유로넷 월드와이드,2623604317,-0.7,69.46,BUY,
97,금융,LCLN,NYS2605020001,링컨 인터내셔널,2595710770,1.04,25.24,BUY,
97,금융,SKWD,NAS0230113003,스카이워드 스페셜티 인슈어런스 그룹,2595015719,-1.51,57.41,BUY,
97,금융,GSHD,US20180426003,구스헤드 인슈어런스,2537850154,-3.7,68.62,HOLD,
97,금융,BTDR,NAS0230414002,비트디어 테크놀로지스 그룹,2517928819,4.84,10.82,BUY,
97,금융,BUSE,US19981006001,퍼스트 뷰지,2508301567,-0.56,30.12,BUY,
97,금융,PAGS,US20180123003,파그세구로 디지털,2491786874,1.46,9.02,HOLD,
97,금융,SYBT,US19880101001,스탁 야즈 뱅코프,2487208122,-0.8,79.2,HOLD,
97,금융,ETOR,NAS0250514002,이토로 그룹,2474538067,3.06,31.98,BUY,
97,금융,LIFE,NAS0260129004,에토스 테크놀로지스,2470466558,-5.77,36.41,BUY,
97,금융,PAYO,US20210628005,페이오니아 글로벌,2415880422,0.14,7.12,HOLD,
97,금융,BANR,US19951101001,배너,2402550365,-0.45,70.18,BUY,
97,금융,UWMC,US20210122019,UWM 홀딩스,2396750220,-2.68,1.45,BUY,
97,금융,INTR,US20220623004,인터 & CO,2381764503,0.37,5.4,BUY,
97,금융,NTB,US20160916005,뱅크 오브 NT 버터필드 앤 선,2375471787,-0.71,58.88,,
97,금융,STNE,US20181025002,스톤코,2367046470,0.21,9.72,BUY,목표주가 하향
97,금융,EFSC,US19980908001,엔터프라이즈 파이낸셜 서비시스,2363316616,-0.6,63.21,BUY,
97,금융,HCI,US20080915001,HCI 그룹,2323633553,-0.3,185.73,BUY,
97,금융,BXMT,US20130508003,블랙스톤 모기지,2320491875,1.24,13.9,BUY,
97,금융,DBD,NYS0230814001,다이볼드 닉스도프,2292614325,0.73,67.84,,
97,금융,FLYW,US20210525003,플라이와이어,2292446756,0.64,18.91,BUY,RBC 목표가 상향
97,금융,WU,US20060920003,웨스턴 유니온,2264237323,-1.1,7.16,SELL,
97,금융,CLOV,US20210108001,클로버 헬스 인베스트먼츠,2252993538,-1.89,4.15,,
97,금융,NWBI,US19940812001,노스웨스트 뱅크셰어스,2252885179,-0.33,15.29,,
97,금융,OFG,US19941229002,OFG 뱅코프,2222097338,-0.72,52.05,HOLD,
97,금융,HTH,US20040212001,힐탑 홀딩스,2211615687,-1.17,38.05,,
97,금융,STC,US19940105001,스튜어트 인포메이션 서비스,2139697572,-1.8,68.65,BUY,
97,금융,FCF,US19920610001,퍼스트 커먼웰스 파이낸셜,2112832716,-0.72,20.7,,
97,금융,ECPG,US19990709001,앙코어 캐피탈 그룹,2104247717,-1.85,97.11,,
97,금융,SRCE,US19830812001,퍼스트 소스,2086655198,-0.87,85.66,,
97,금융,HMN,US19911121001,호레이스 만 에듀케이터스,2085470474,-0.9,50.89,BUY,
97,금융,TOP,US20220601002,탑 파이낸셜 그룹,2075306602,-1.73,16.44,,
97,금융,LC,US20141211003,해펀,2070339226,-1.73,17.58,BUY,
97,금융,PLGO,NYS0230628001,펠라고스 인슈어런스 캐피탈,2034098648,-0.45,24.41,HOLD,
97,금융,EZPW,US19910827001,이즈코프,2033228970,-1.97,32.35,BUY,
97,금융,CHCO,US19930219002,시티 홀딩,2020481088,-0.43,142.85,,
97,금융,PGNY,US20191024004,프로지니,2000403909,-1.58,25.59,BUY,
97,금융,AVAL,US20140923002,그루포 아발 악시오네스 이 발로레스(ADR),1991334288,0.19,5.24,HOLD,
97,금융,EFC,US20101008001,엘링턴 파이낸셜,1986542472,-0.45,13.38,BUY,
97,금융,LOB,US20150723001,라이브 오크 뱅크셰어스,1964369629,-1.84,39.39,,
97,금융,DCOM,US19960626001,다임 커뮤니티 뱅크셰어스,1884012773,-0.17,40.4,,
97,금융,GABC,US19930521001,저먼 아메리칸 뱅코프,1881112845,-1.24,49.3,BUY,
97,금융,NYAX,US20220921003,나약스,1873967205,1.98,52.06,BUY,
97,금융,FSUN,NAS0240712001,퍼스트선 캐피탈 뱅코프,1871772834,-0.15,40.01,,
97,금융,RBCAA,US19980722001,리퍼블릭 뱅코프,1868424749,-1.46,93.51,HOLD,
97,금융,EVTC,US20130412001,에버텍,1852477830,-1.17,29.63,,
97,금융,PAX,US20210122014,파트리아 인베스트먼츠,1845411880,0,11.34,,
97,금융,NBHC,US20120920001,내셔널 뱅크 홀딩스,1840988413,0.17,41.29,BUY,
97,금융,OCFC,US19960703001,오션퍼스트 파이낸셜,1829698941,-0.21,18.84,HOLD,
97,금융,TSLX,US20140325002,식스스 스트리트 스페셜티 렌딩,1791662917,0.64,18.86,BUY,
97,금융,HOPE,US20160801003,호프 뱅코프,1783075207,-1.01,13.78,BUY,
97,금융,STBA,US19920421001,S&T 뱅코프,1760716142,-0.58,49.5,,
97,금융,BY,US20170628004,바이라인 뱅코프,1735417533,-0.99,37.92,BUY,
97,금융,TCBK,US19930420001,트라이코 뱅크셰어스,1724872977,-0.78,53.39,HOLD,
97,금융,CNOB,US20130212001,커넥트원 뱅코프,1717249900,-0.91,31.44,BUY,
97,금융,BFC,US20181024004,뱅크 퍼스트,1698668081,-1.41,150.66,,
97,금융,CASH,US19930920001,패스워드 파이낸셜,1697702820,0.02,81.52,BUY,
97,금융,QCRH,US19931006001,QCR 홀딩스,1652427209,-1.26,99.36,,
97,금융,KMPR,US19910918001,켐퍼,1650266916,0.9,28.18,HOLD,
97,금융,CSWC,US19900327002,캐피탈 사우스웨스트,1627782918,0.39,25.57,,
97,금융,PWP,US20210625003,페렐라 와인버그 파트너스,1601178110,-2.0,16.64,BUY,
97,금융,SAFT,US20021122001,세이프티 인슈어런스 그룹,1525685403,0.1,103.74,HOLD,
97,금융,LKFN,US19970814001,레이크랜드 파이낸셜,1485866469,-0.89,59.08,HOLD,
97,금융,AMAL,US20180809001,아말거메이티드 파이낸셜,1459857179,-1.31,48.05,,
97,금융,ATLC,US19990423001,애틀랜티쿠스 홀딩스,1453406324,-0.78,90.37,BUY,
97,금융,BHRB,NAS0230426001,버크 앤드 허버트 파이낸셜 서비시스,1451608449,-0.59,71.29,BUY,
97,금융,PEBO,US19930211001,피플스 뱅코프,1429407406,-0.78,39.35,,
97,금융,WD,US20101215002,워커 앤 던롭,1423287902,-1.98,40.53,BUY,
97,금융,TMP,US19900328001,톰킨스 파이낸셜,1410531336,-0.7,97.12,,
97,금융,CTBI,US19930517001,커뮤니티 트러스트 뱅코프,1396600228,-0.7,76.12,BUY,
97,금융,UFCS,US19900326052,유나이티드 파이어 그룹,1391410183,-0.24,53.85,BUY,
97,금융,WLTH,NAS0251212009,웰스프론트 코퍼레이션,1385405303,-0.43,9.21,BUY,
97,금융,ESQ,US20170627001,에스콰이어 파이낸셜 홀딩스,1363704211,-0.67,111.6,BUY,
97,금융,WABC,US19920317013,웨스트아메리카 뱅코프,1345769591,0.09,58.12,,
97,금융,FMBH,US20140512001,퍼스트 미드 뱅크셰어스,1342837113,-1.05,49.81,,
97,금융,HBT,US20191010001,HBT 파이낸셜,1305118275,-1.01,35.43,,
97,금융,TRUP,US20160620001,트루패니언,1303094188,-1.69,29.12,BUY,
97,금융,CODI,US20060511001,컴퍼스 다이버시파이드,1299888241,0.96,11.56,BUY,
97,금융,PMT,US20090730002,페니맥 모기지 인베스트먼트,1288304795,-0.21,9.32,HOLD,
97,금융,SACH,US20170210003,새켐 캐피탈,1288174102,0.67,0.9,,
97,금융,OSBC,US19950818012,올드 세컨드 뱅코프,1287647998,-0.59,25.09,BUY,
97,금융,MSDL,NYS0240124002,모건스탠리 직접금융 펀드,1280240285,1.12,15.35,,
97,금융,PSEC,US20040727001,프로스펙트 캐피탈,1270227024,1.33,2.28,,
97,금융,OPY,US19960828001,오펜하이머 홀딩스,1265983827,-0.18,118.79,,
97,금융,THFF,US19920303006,퍼스트 파이낸셜,1262715339,-1.35,78.17,HOLD,
97,금융,MMI,US20131107004,마커스 앤 밀리쳅,1234205395,-2.58,31.66,,
97,금융,PFBC,US19990819001,프리퍼드 뱅크 로스 앤젤리스,1230540808,-0.87,102.63,,
97,금융,UVE,US20131204002,유니버설 인슈어런스 홀딩스,1212009008,-1.04,42.98,HOLD,
97,금융,DFIN,US20161006002,도넬리 파이낸셜 솔루션즈,1191245234,-0.04,48.3,,
97,금융,HFWA,US19980109001,헤리티지 파이낸셜,1176287396,-0.35,28.57,HOLD,
97,금융,OCSL,NAS0230123005,오크트리 스페셜티 렌딩,1150039596,1.84,13.26,,
97,금융,UVSP,US19980416001,유니베스트 파이낸셜,1149697672,-0.17,41.5,,
97,금융,GSBD,US20150318001,골드만삭스 BDC,1143472657,1.29,10.23,HOLD,
97,금융,MCB,US20171107005,메트로폴리탄 뱅크,1141133612,-1.1,90.78,BUY,
97,금융,LU,US20201030004,루팍스 홀딩(ADR),1138496758,-3.82,1.26,BUY,
97,금융,IGIC,US20200318001,인터내셔널 제너럴 인슈어런스 홀딩스,1137733876,-0.41,26.49,BUY,
97,금융,AMTB,US20181024002,아머란트 뱅코프,1133355661,-0.45,28.71,,
97,금융,FSBC,US20210504002,파이브 스타 뱅코프,1122450464,0.53,45.86,BUY,
97,금융,VRTS,US19931208001,버투스 인베스트먼트 파트너스,1119136730,-1.79,165.5,HOLD,
97,금융,BOW,NYS0240522001,보우헤드 스페셜티 홀딩스,1109965661,-0.24,33.52,HOLD,
97,금융,NBN,US19870820002,노스이스트 뱅크,1108661345,-2.19,126.4,,
97,금융,CFFN,US19990401001,캐피톨 페더럴 파이낸셜,1091552201,-0.81,8.59,HOLD,
97,금융,CCNE,US19960530002,CNB 파이낸셜,1070244709,-0.59,33.81,BUY,
97,금융,MBWM,US19971024001,머천틸 뱅크,1043659004,-0.75,59.76,BUY,
97,금융,SECZ,NAS0250502001,시큐리타이즈,1029776158,2.7,6.46,BUY,
97,금융,EQBK,US20151110001,에퀴티 뱅크셰어스,1024620158,-0.52,49.36,BUY,
97,금융,BFST,US20180409001,비즈니스 퍼스트 뱅크셰어스,1018686316,-0.64,31.01,BUY,
97,금융,MCBS,US20191003001,메트로시티 뱅크셰어스,1014164406,-0.91,34.82,,
97,금융,HRTG,US20140522002,헤리티지 인슈어런스 홀딩스,1009518836,-0.71,33.62,,
97,금융,HBNC,US19940425002,호라이즌 뱅코프,1007071284,-0.72,19.42,BUY,
97,금융,NBBK,NAS0231228001,NB 뱅코프,986880190,-0.62,22.32,,
97,금융,AGBK,NYS2602011001,아지뱅크,986285198,0.98,6.21,BUY,
97,금융,BBDC,US20180803001,베어링스 BDC,981712042,0.96,9.44,BUY,
97,금융,CPF,US19880129001,센트럴 퍼시픽 파이낸셜,976714271,-0.83,37.22,BUY,
97,금융,TRST,US19900326049,트러스트코 뱅크 NY,975480307,-0.54,56.82,,
97,금융,IVR,US20090625001,인베스코 모기지 캐피탈,963721270,-0.68,7.31,,
97,금융,BUR,US20201019004,버포드 캐피탈,960031423,-4.82,4.15,BUY,
97,금융,CAC,US19971007001,캠던 내셔널,960029781,-0.41,56.43,,
97,금융,RPC,US20211020014,릿지포스트 캐피탈,957300361,-0.23,8.6,,
97,금융,ABL,US20200914001,애버커스 글로벌 매니지먼트,955125990,-1.44,9.6,,
97,금융,SBSI,US19980513002,사우스사이드 뱅크셰어스,952901764,-1.0,31.56,HOLD,
97,금융,TIGR,US20190319001,업 핀테크 홀딩스(ADR),950513548,-0.2,5.03,,
97,금융,MPB,US19971204001,미드 펜 뱅코프,931607071,-0.71,36.41,BUY,
97,금융,FMNB,US19990104004,파머스 내셔널 뱅코프,931566554,-0.45,15.61,BUY,
97,금융,FCBC,US19970509003,퍼스트 커뮤니티 뱅크셰어스,927647130,-0.92,48.47,HOLD,
97,금융,HAFC,US19970509004,한미 파이낸셜,925826624,-0.51,30.98,HOLD,
97,금융,FRBT,NAS2606011003,포브라이트,912991338,-1.25,18.22,BUY,
97,금융,NAVI,US20140502002,내비언트,891594466,0.63,9.52,HOLD,
97,금융,KBDC,NYS0240522003,케인 앤더슨 BDC,887349549,1.57,13.61,BUY,
97,금융,EIG,US20070131001,임플로이어스 홀딩스,885556037,-0.16,49.09,HOLD,
97,금융,CCBG,US19970203001,캐피탈 시티 뱅크 그룹,881022143,-1.68,50.48,HOLD,
97,금융,WRLD,US19911126001,월드 억셉턴스,880734637,-2.41,183.81,,
97,금융,HIPO,US20210803007,히포 홀딩스,878016864,-0.93,32.87,BUY,
97,금융,ROOT,US20201028007,루트,876697780,-1.83,55.4,HOLD,
97,금융,SMBK,US20151221001,스마트파이낸셜,871343227,-0.53,50.55,BUY,
97,금융,GSBC,US19891201001,그레이트 서던 뱅코프,861859096,-0.74,78.29,,
97,금융,EGBN,US19990714001,이글 뱅코프,842763284,-0.98,27.3,BUY,
97,금융,ORRF,US19990513002,오스타운 파이낸셜 서비시스,827615954,-0.67,41.68,BUY,
97,금융,ALRS,US20190912001,앨러루스 파이낸셜,827072193,-0.69,32.89,HOLD,
97,금융,SPFI,US20190508008,사우스 플레인스 파이낸셜,824785980,-0.09,43.62,BUY,
97,금융,IBCP,US20100202001,인디펜던트 뱅코프 미시건,820524939,-1.06,36.47,,
97,금융,SMBC,US19940412001,서던 미주리 뱅코프,816850654,-0.57,73.56,,
97,금융,CGBD,US20170614001,칼라일 시큐어드 렌딩,812755499,1.7,11.98,,
97,금융,FISI,US19990625001,파이낸셜 인스티튜션스,809400806,-1.1,40.51,,
97,금융,MSBI,US20160524001,미드랜드 스테이츠 뱅코프,804334047,-0.67,32.78,,
97,금융,PGC,US19990427002,피팩 글래드스톤 파이낸셜,801915608,-1.06,44.63,BUY,
97,금융,CSHR,NAS0241028006,코인셰어스,790221148,0.84,6.03,,
97,금융,MAX,US20201028014,미디어알파,789415397,-1.79,12.62,BUY,
97,금융,HTB,US20120711001,홈트러스트 뱅크셰어스,777737277,-1.0,46.44,BUY,
97,금융,BCSF,US20181114001,배인 캐피탈 스페셜티 파이낸스,776017684,0.75,12.02,HOLD,
97,금융,SHBI,US20010409001,쇼어 뱅크셰어스,774366316,-0.82,22.95,BUY,
97,금융,GDOT,US20100722002,그린 닷,762280866,-0.37,13.29,,
97,금융,HIVE,US20210914015,하이브 디지털 테크놀로지스,761608889,0.36,2.78,BUY,
97,금융,WASH,US19950818021,워싱턴 트러스트 뱅코프,754941823,-0.73,39.18,HOLD,
97,금융,TCBX,US20211109017,THIRD COAST BANCSHARES INC,753713788,-1.17,44.6,BUY,
97,금융,PHR,US20190717007,프리시아,753087720,0.49,12.21,BUY,
97,금융,FDUS,US20110621001,피더스 인베스트먼트,749765092,0.56,19.81,BUY,
97,금융,TRTX,US20170719005,TPG 리 파이낸스 트러스트,745004204,0,7.73,BUY,
97,금융,CCB,US20180717001,코스탈 파이낸셜,743126979,-2.87,47.09,BUY,
97,금융,DGICB,US19900326009,더니골 그룹 B,738147831,6.82,24.75,,
97,금융,DGICA,US20030703001,더니골 그룹 A,738147831,-0.57,19.13,HOLD,
97,금융,PFLT,US20110408001,페넌트파크 플로팅 레이트 캐피탈,735244396,1.35,7.49,,조달비용 절감
97,금융,PAYS,US20190429001,페이사인,729806365,-3.26,12.47,,
97,금융,SUPV,US20160519005,그루포 수페르비에예(ADR),729517575,5.17,8.74,HOLD,
97,금융,CASS,US19960102002,캐스 인포메이션 시스템즈,727471086,-1.02,56.07,BUY,
97,금융,RCBC,NAS2608006007,리버시티 뱅크,724333048,0.53,51.14,,아웃퍼폼 개시
97,금융,PRAA,US20021108001,PRA 그룹,722572093,-1.67,18.82,,
97,금융,NMFC,US20200914002,뉴 마운틴 파이낸스,714137057,1.19,7.63,,
97,금융,VEL,US20200116007,벨로시티 파이낸셜,713024013,-0.33,17.95,,
97,금융,EXPI,US20180521001,EXP 월드 홀딩스,710536176,-3.07,4.11,HOLD,
97,금융,SAR,US20070323003,사라토가 인베스트먼트,705041476,1.43,18.5,,
97,금융,CWBC,US19940405001,커뮤니티 웨스트 뱅크셰어스,702458319,0.54,25.96,,
97,금융,CARE,US20190325001,카터 뱅크셰어스,699424441,-0.79,31.22,BUY,
97,금융,PFIS,US20140403002,피플스 파이낸셜 서비시스,698946069,-0.48,68.67,,
97,금융,TIPT,US20070622001,팁트리,688969065,0.38,18.52,,
97,금융,BCAL,NAS0230511002,서던 캘리포니아 뱅코프,685729838,-0.05,21.26,BUY,
97,금융,SLRC,US20100209001,SLR 인베스트먼트,684909591,1.84,12.75,BUY,
97,금융,RRBI,US20190502002,레드 리버 뱅크셰어스,665311982,-0.52,100.25,HOLD,
97,금융,BHB,US19941207001,바 하버 뱅크셰어스,662407175,-0.43,39.23,,
97,금융,ACNB,US19960102001,ACNB,657873325,2.57,66.17,BUY,
97,금융,GAIN,US19861106001,글래드스톤 인베스트먼트,656081125,0.73,16.55,BUY,
97,금융,HIFS,US19881220001,힝엄 인스티튜션 포 세이빙스,652047350,-2.69,287.72,,
97,금융,BWB,US20180314001,브리지워터 뱅크셰어스,650895437,-1.17,21.07,BUY,
97,금융,RWT,US19950804002,레드우드 트러스트,646407010,0,4.62,BUY,
97,금융,VBNK,US20210922017,버사뱅크,643141199,-3.28,19.19,BUY,
97,금융,BOT,NAS2605007001,로보스트래티지,641764295,-2.89,26.24,,
97,금융,KRNY,US20050224001,커니 파이낸셜,639366723,0.51,9.87,BUY,
97,금융,ALTI,NAS0230104001,알티 글로벌,627059472,-2.74,3.9,,
97,금융,YB,NAS0250430004,위안바오(ADR),623337975,2.59,13.84,,
97,금융,VINP,US20210127008,빈치 파트너스 인베스트먼츠,622812231,3.16,9.78,,
97,금융,NCDL,NYS0240125001,누빈 처칠 다이렉트 렌딩,609633104,1.62,12.51,BUY,
97,금융,CRD.B,US19720630004,크로우포드 앤 컴퍼니 B,608202967,-2.13,11.96,,
97,금융,CRD.A,US19920319001,크로우포드 앤 컴퍼니 A,608202967,0.23,13.12,,
97,금융,OPFI,US20210721008,옵파이,604085367,-1.98,6.93,,
97,금융,CBNK,US20180925002,캐피탈 뱅코프,596896532,-0.93,36.2,BUY,
97,금융,GCBC,US19981230002,그린 카운티 뱅코프,595146861,-1.72,34.26,,
97,금융,FBIZ,US20051007001,퍼스트 비즈니스 파이낸셜 서비시스,594532233,-1.16,70.03,BUY,
97,금융,UNTY,US19890511001,유니티 뱅코프,591932339,-1.12,58.12,BUY,
97,금융,SFST,US19991027002,서던 퍼스트 뱅크셰어스,591339438,-1.59,61.27,BUY,
97,금융,NPB,NYS0250214001,노스포인트 뱅크셰어스,590901354,-0.29,16.99,BUY,
97,금융,CIVB,US20150505001,시비스타 뱅크셰어스,573003151,-1.86,26.97,,CEO 은퇴 부담
97,금융,NRIM,US19901105001,노스림 뱅코프,572153400,-0.35,25.56,BUY,
97,금융,ITIC,US19900327003,인베스터스 타이틀,566712897,-1.17,295.83,,
97,금융,GEMI,NAS0250911002,제미니 스페이스 스테이션,559043529,4.65,4.5,HOLD,
97,금융,HBCP,US20081003001,홈 뱅코프,548053685,-1.61,68.32,HOLD,
97,금융,BWFG,US20140515001,뱅크웰 파이낸셜 그룹,532079283,-1.38,65.64,,
97,금융,BTBT,US20200807001,비트 디지털,517129579,0,1.43,,
97,금융,AII,NYS0250508002,아메리칸 인테그리티 인슈어런스 그룹,517122650,-1.22,26.0,,
97,금융,OBT,US20210805006,오랜지 카운티 뱅코프,512253636,-0.81,37.79,BUY,
97,금융,BSRR,US19960530001,시에라 뱅코프,510956490,-0.55,39.62,,
97,금융,GLRE,US20070524001,그린라이트 캐피탈 리얼 에스테이트,503082455,-1.43,15.15,HOLD,
97,금융,COFS,US20200207001,초이스원 파이낸셜 서비시스,500293467,-0.51,33.19,,
97,금융,BSVN,US20180919001,뱅크7,498717924,-1.65,51.35,,
97,금융,PDLB,US20171002008,폰세 파이낸셜 그룹,496008097,-0.83,20.28,BUY,
97,금융,AMSF,US20051118001,아메리세이프,487914764,-0.88,26.02,HOLD,
97,금융,WTBA,US19990503001,웨스트 뱅코프,486745824,-0.77,28.26,HOLD,
97,금융,OWLS,NAS0251016007,오북 홀딩스,483631874,-1.83,5.36,BUY,
97,금융,FMAO,US20170510001,파머스 앤 머천츠 뱅코프,473033070,-0.5,34.08,HOLD,
97,금융,CBK,NAS0251002002,커머셜 뱅크그룹,468777889,-1.0,33.78,,
97,금융,KPLT,US20210610005,캐터펄트 홀딩스,466371787,-4.39,5.44,,
97,금융,MFI,NAS0240422002,MF 인터내셔널,461891492,3.05,9.46,,
97,금융,CZNC,US19940316001,시티즌스 앤 노던,459321025,-0.82,25.33,HOLD,
97,금융,CBAN,US19980402001,콜로니 뱅코프,454105556,-0.89,21.15,BUY,
97,금융,GLAD,US20010824001,글래드스톤 캐피탈,450729978,1.36,20.16,BUY,
97,금융,ACIC,US20071107001,아메리칸 코스탈 인슈어런스,450300099,-0.42,9.46,,
97,금융,FRBA,US20131115001,퍼스트 뱅크,448589347,-0.56,17.79,,
97,금융,PWRL,NAS2605027006,파워로,445764531,2.04,10.49,,
97,금융,RBB,US20170725005,RBB 뱅코프,445693960,-1.14,25.97,HOLD,
97,금융,PRTH,US20180727002,프라이오러티 테크놀로지 홀딩스,444753618,-1.3,5.31,BUY,
97,금융,AVBC,NYS0250801001,아비디아 뱅코프,442562147,0.23,22.15,,
97,금융,PBFS,US20190718004,파이어니어 뱅코프,439167558,-0.91,17.47,,
97,금융,IMXI,US20180727001,인터내셔널 머니 익스프레스,438369083,0,14.47,HOLD,
97,금융,BMRC,US19991223001,뱅크 오브 마린 뱅코프,432443351,-0.19,26.58,HOLD,
97,금융,AXG,NAS0230906001,SOLOWIN HOLDINGS LIMITED,431810318,1.35,2.26,,
97,금융,PLBC,US20021211001,플루마스 뱅코프,431463789,-1.1,61.15,,
97,금융,IIIV,US20180620003,I3 버티컬스,429705296,-1.47,16.04,BUY,
97,금융,MCGA,NAS0250908003,YORKVILLE ACQUISITION CORP.,428482318,-0.1,10.34,,
97,금융,ISTR,US20140701004,인베스타 홀딩,418458143,-0.53,30.13,BUY,
97,금융,BOC,US20220222002,보스턴 오마하,418404817,-0.43,13.79,,
97,금융,USCB,US20210721013,USCB 파이낸셜 홀딩스,415341061,-0.8,22.24,,
97,금융,QD,US20171017001,하이 템플러 테크(ADR),409523043,-1.52,2.59,,
97,금융,TREE,US20080812001,렌딩트리,407708117,-3.25,28.02,,
97,금융,CNCK,US20210820003,코인체크 그룹,405810930,0.95,2.13,,
97,금융,PKBK,US20010905001,파크 뱅코프,400875986,-0.71,33.75,,
97,금융,FRST,US20210331001,프리미스 파이낸셜,398377877,-0.81,15.89,BUY,
97,금융,LSAK,US20220525002,레사카 테크놀로지스,396615111,-1.08,4.56,BUY,
97,금융,MVBF,US20171207003,MVB 파이낸셜,395690583,-0.72,30.21,BUY,
97,금융,NEWT,US20000920001,뉴텍원,395606259,-1.18,11.77,HOLD,
97,금융,CHMG,US19990104002,셔멍 파이낸셜,394518233,-0.43,81.25,BUY,
97,금융,FNLC,US19990714002,퍼스트 뱅코프,393256783,-1.44,34.26,,
97,금융,CZFS,US20220603002,시티즌스 파이낸셜 서비시스,390577327,-1.14,80.06,,
97,금융,CCAP,US20200203001,크레센트 캐피탈 BDC,389428440,0.95,10.61,BUY,
97,금융,TWFG,NAS0240718007,TWFG,387605881,-3.93,28.83,BUY,
97,금융,PCB,US20180810001,PCB 뱅코프,387151947,-0.69,27.3,,
97,금융,RILY,US20150716004,B 라일리 파이낸셜,383020903,-1.84,6.92,,
97,금융,DGXX,US20211115001,디지 파워 X,381734556,-3.75,3.59,BUY,
97,금융,WSBF,US20051005001,워터스톤 파이낸셜,379821638,-0.47,20.97,,
97,금융,CURR,US20220110009,커런시 그룹,379434544,-1.78,3.31,,
97,금융,MTC,US20181227003,MM텍,378479768,8.44,4.11,,
97,금융,NWFL,US19980304001,노우드 파이낸셜,373333623,0,34.15,,
97,금융,NECB,US20210713002,노스이스트 커뮤니티 뱅코프,364841356,-0.38,26.33,BUY,
97,금융,CION,US20211005001,사이언 인베스트먼트,364118382,1.76,7.51,HOLD,
97,금융,TSBK,US19980113001,팀버랜드 뱅코프,361787003,-1.92,45.51,,
97,금융,CD,NAS0230228002,체인스 디지털 홀딩스,359602382,-8.59,2.98,,
97,금융,BRBS,US20191223002,블루 리지 뱅크셰어스,353450249,-0.76,3.9,,
97,금융,PSFE,US20210331008,페이세이프,348967669,-5.15,6.44,HOLD,
97,금융,AVBH,NAS0250808001,애비드뱅크 홀딩스,348696948,-0.69,31.44,,
97,금융,BKKT,US20211018004,백트 홀딩스,347540920,-0.26,7.67,,
97,금융,TCPC,US20120404001,블랙록 TCP 캐피탈,346633724,1.21,4.17,HOLD,
97,금융,VALU,US19830510001,밸류 라인,344621411,2.05,37.38,,
97,금융,OPRT,US20190925011,오포툰 파이낸셜,339400560,-0.41,7.33,BUY,
97,금융,FSBW,US20120710001,FS 뱅코프,337823077,-0.86,42.48,HOLD,
97,금융,SLNH,US20211104022,솔루나 홀딩스,334390803,-2.7,1.08,,
97,금융,PMTS,US20210805007,CPI 카드 그룹,333346899,0.28,28.91,,
97,금융,BCML,US20180504001,베이컴,331683476,-1.52,29.83,HOLD,
97,금융,RPAY,US20190805001,리페이 홀딩스,330720102,-4.55,3.57,BUY,
97,금융,FVCB,US20180914003,에프브이시뱅코프,330394509,-0.05,18.26,BUY,
97,금융,COSO,NYS0250702002,코스탈사우스 뱅크셰어즈,329534938,-0.29,27.41,,
97,금융,LDI,US20210203006,론디포,325660871,-1.67,0.9444,SELL,
97,금융,JMSB,US20220427006,존 마셜 뱅코프,324555301,-0.26,22.87,,
97,금융,FCCO,US19990309001,퍼스트 커뮤니티,316985623,-1.55,33.11,,
97,금융,HRZN,US20101029001,호라이즌 테크놀로지 파이낸스,315929132,-0.85,4.66,BUY,
97,금융,FOA,US20210405020,파이낸스 오브 아메리카 컴퍼니스,312904661,-1.55,17.75,BUY,
97,금융,FDBC,US20171006001,피델리티 D 앤 D 뱅코프,312777965,-0.15,53.62,,
97,금융,SPMC,NYS0240614001,사운드 포인트 메리디안 캐피탈,312200138,3.89,9.89,,
97,금융,NODK,US20170316001,NI 홀딩스,311212613,-1.38,15.0,,
97,금융,ISBA,NAS0250512005,이자벨라 뱅크,301713375,-2.84,38.32,,
97,금융,RM,US20120328002,리저널 매니지먼트,301128609,-1.41,32.09,BUY,
97,금융,MYFW,US20180718004,퍼스트 웨스턴 파이낸셜,300910828,0.26,30.81,BUY,
97,금융,CFFI,US19980507001,C&F 파이낸셜,299166261,-0.81,91.01,,
97,금융,KWY,US19980506001,킹스웨이 코퍼레이션,297071284,0.68,10.31,,
97,금융,ONIT,US20060515002,오니티 그룹,296734014,-3.33,34.24,BUY,
97,금융,KINS,US19940426001,킹스톤,290321923,-1.85,19.63,,
97,금융,BPRN,NAS0230111001,프린스턴 뱅코프,288652409,-0.36,42.1,HOLD,
97,금융,OVLY,US20031015001,오크 밸리 뱅코프,286652980,-0.62,33.77,,
97,금융,XE,NAS2604024003,퍼스트 노던 커뮤니티 뱅코프,281462460,-2.75,16.65,,
97,금융,QNBC,NAS2608020005,QNB,281279632,-0.15,45.1,,
97,금융,ATLO,US19970811001,에임스 내셔널,280660818,-0.57,31.42,HOLD,
97,금융,FRAF,US20190501002,프랭클린 파이낸셜 서비시스,280014947,-0.47,61.77,BUY,
97,금융,FUNC,US19920908001,퍼스트 유나이티드,279316527,-0.3,43.03,BUY,
97,금융,FXNC,US20190418001,퍼스트 내셔널,279009814,-0.68,30.56,HOLD,
97,금융,WDH,US20210507014,워터드롭(ADR),277782862,-0.76,0.985,,
97,금융,LCNB,US19991026001,LCNB,277739039,-0.62,19.31,,
97,금융,RWAY,US20211021009,런웨이 그로스 파이낸스,276948713,1.52,6.69,HOLD,
97,금융,WNEB,US20161024002,웨스턴 뉴 잉글랜드 뱅코프,275788616,0.22,13.75,HOLD,
97,금융,MFIN,US20160511002,메달리언 파이낸셜,275132422,-1.09,11.82,BUY,
97,금융,HWBK,US19990720001,호손 뱅크셰어스,270838161,-0.59,38.91,,
97,금융,NSLR,US20190801001,네오스텔라 캐피털 코퍼레이션,270772306,-0.78,10.12,,
97,금융,RMBI,US20190702001,리치먼드 뮤추얼 뱅코프,267204451,-0.63,15.8,,
97,금융,TROO,US20211116009,트룹스,263369419,6.05,2.28,,
97,금융,NKSH,US19991201001,내셔널 뱅크셰어스,261533190,0.56,41.17,BUY,
97,금융,VABK,US20210405008,버지니아 내셔널 뱅크셰어스,251883999,0.84,46.69,,
97,금융,FBLA,NAS0241023003,FB 뱅코프,251717305,-0.38,15.68,,
97,금융,SCM,US20121108003,스텔러스 캐피탈 인베스트먼트,249316223,0.23,8.66,,
97,금융,MBI,US19870701001,엠비아,245043377,0.84,4.83,HOLD,
97,금융,INBK,US20060405001,퍼스트 인터넷 뱅코프,244827719,-2.43,27.33,HOLD,
97,금융,PNNT,US20220414007,페넌트파크 인베스트먼트,242262502,1.35,3.75,,
97,금융,SNFCA,US19920303004,시큐리티 내셔널 파이낸셜,241585233,-1.14,8.7,,
97,금융,EXOD,AMX0241218003,엑소더스 무브먼트,241081637,-4.52,7.6,BUY,
97,금융,DEFT,NAS0250512003,디파이 테크놀로지스,241009639,-2.6,0.6032,BUY,
97,금융,PEBK,US19950818013,피플스 뱅코프 오브 노스 캐롤라이나,239873640,-0.34,43.65,,
97,금융,LIEN,US20210727010,시카고 애틀랜틱 BDC,233412608,1.18,10.32,,
97,금융,MRBK,US20171107003,메리디언,231105446,-0.31,19.26,,
97,금융,OPBK,US20180328004,OP 뱅코프,226554174,-0.73,15.02,,
97,금융,CFBK,US19981230001,CF 뱅크셰어스,226031872,-0.46,34.56,,
97,금융,EFSI,NAS0250207001,이글 파이낸셜 서비시즈,225364805,-0.55,41.3,HOLD,
97,금융,FUFU,US20211209001,비트푸푸,223932312,-0.75,1.33,BUY,
97,금융,BGIN,NAS0251021003,비긴 블록체인,223493085,2.03,2.01,,
97,금융,TPVG,US20140306003,트리플포인트 벤처 그로스 BDC,221664042,0.92,5.48,HOLD,
97,금융,XYF,US20180918004,X 파이낸셜(ADR),217135976,2.89,5.7,,
97,금융,OPHC,US20030508001,옵티멈뱅크 홀딩스,216842746,0.22,9.0,BUY,
97,금융,OVBC,US19960209001,오하이오 밸리 뱅코프,215343827,0.29,45.71,,
97,금융,OSG,US20200203006,옥타브 스페셜티 그룹,209615972,-6.03,4.36,BUY,
97,금융,MNSB,US20190417005,메인스트리트 뱅크셰어스,209399041,-0.76,24.96,,
97,금융,FCAP,US19990104003,퍼스트 캐피탈,209213678,-0.63,61.99,,
97,금융,CHMI,US20131004002,체리힐 모기지 인베스트먼트,208132038,0.68,2.94,HOLD,
97,금융,CPSS,US19921022001,컨슈머 포트폴리오 서비시스,203605938,-1.91,9.24,,
97,금융,CZWI,US20040330001,시티즌스 커뮤니티 뱅코프,203407842,-0.76,20.86,BUY,
97,금융,RVII,NYS2608013001,로빈후드 벤처스 펀드 2,203128018,1.53,22.62,,
97,금융,RBKB,US20190117001,라인벡 뱅코프,197557051,-0.08,12.59,,
97,금융,FINW,US20210811001,핀와이즈 뱅코프,196425378,-1.06,13.96,BUY,
97,금융,CIA,US19881230001,시티즌스 A,195006392,-2.08,3.76,BUY,
97,금융,LX,US20171220002,렉신핀테크(ADR),194986966,-9.32,1.07,BUY,순이익 급감
97,금융,AOMR,US20210616008,엔젤 오크 모기지 리츠,194146564,-0.48,8.3,,
97,금융,LARK,US19940328001,랜드마크 뱅코프,193614927,0.22,31.72,HOLD,
97,금융,JRVR,US20141211001,제임스 리버 그룹 홀딩스,191958049,-2.9,4.02,HOLD,
97,금융,CBFV,US20141103001,CB 파이낸셜 서비시스,191544068,-0.59,37.37,,
97,금융,HNVR,US20220510005,하노버 뱅코프,189678105,-0.15,26.77,HOLD,
97,금융,WHG,US20020701002,웨스트우드 홀딩스 그룹,189284652,-2.07,19.37,,
97,금융,FNWD,US20211103006,핀워드 뱅코프,188354180,-0.99,42.92,,
97,금융,RTB,US20210217006,RTB 디지털,182468976,3.62,13.46,,
97,금융,ECBK,US20220727002,ECB 뱅코프,181720219,-0.43,20.65,,
97,금융,BVFL,NAS0230801008,BV 파이낸셜,181346646,-0.56,21.23,,
97,금융,EBMT,US20000406001,이글 뱅코프 몬태나,181314447,-1.41,22.38,,
97,금융,BAFN,US20211130003,베이퍼스트 파이낸셜,178716217,-1.36,6.52,,
97,금융,GSIW,NAS0231201002,가든 스테이지,176950331,0,16.55,,
97,금융,SBFG,US19940405002,SB 파이낸셜 그룹,173435230,0.18,27.71,,
97,금융,FGBI,US20151104002,퍼스트 개런티 뱅크셰어스,170939099,-2.64,8.49,HOLD,
97,금융,BCBP,US20020522001,BCB 뱅코프,156105431,-0.58,8.55,HOLD,
97,금융,SRBK,NAS0230920008,SR 뱅코프,155147065,0.41,19.58,,
97,금융,WHF,US20121205001,화이트호스 파이낸스,152257819,0,7.07,,
97,금융,OXSQ,US20180323001,옥스포드 스퀘어 캐피탈,147426983,-1.47,1.34,,
97,금융,LSBK,US20060404001,레이크 쇼어 뱅코프,135300563,0.35,17.24,,
97,금융,AIFU,US20161207001,AIFU,132215315,0.66,21.49,,
97,금융,WTF,NAS0250401009,와튼 파이낸셜 리미티드,130600721,-1.48,2.66,,
97,금융,RDZN,US20220113004,로드젠,126392253,-4.73,1.41,,
97,금융,MGYR,US20060124002,매자르 뱅코프,126130378,-0.72,19.34,,
97,금융,BOTJ,US20000810001,제임스 파이낸셜 그룹,123054330,0.11,27.04,,
97,금융,PNBK,US19940831001,패트리엇 내셔널 뱅코프,122642102,2.91,1.06,,
97,금융,SFBC,US20120824001,사운드 파이낸셜 뱅코프,120516196,1.0,47.27,,
97,금융,SAMG,US20130627002,실버크레스트 에셋 매니지먼트 그룹,119873985,-0.4,10.05,,
97,금융,BSBK,US20200115001,보고타 파이낸셜,118368015,-0.97,9.16,,
97,금융,UNB,US19990809001,유니언 뱅크셰어스,117044711,-0.42,23.5,,
97,금융,PROV,US19960628002,프로비던트 파이낸셜 홀딩스,115262362,-0.11,18.33,HOLD,
97,금융,JFIN,US20190509001,자인 그룹(ADR),110195417,-4.76,2.0,,
97,금융,FNWB,US20150129002,퍼스트 노스웨스트 뱅코프,108350236,-0.62,11.29,,
97,금융,INV,NAS0241003003,인벤처,106906263,2.38,1.29,,
97,금융,RVSB,US19971001001,리버뷰 뱅코프,103242669,0.97,5.21,,
97,금융,PFX,US20210104004,피닉스핀,102088882,-11.21,46.8,,
97,금융,SUNS,NAS0240710005,선라이즈 리얼티 트러스트,101648724,-0.13,7.49,,
97,금융,PBHC,US19960530005,패트파인더 뱅코프,101428173,-3.29,15.58,,
97,금융,BCIC,US20190402007,BCP 인베스트먼트,96610784,0.26,7.8,HOLD,
97,금융,FDSB,NAS0240801004,피프스 디스트릭트 뱅코프,95814538,1.15,18.46,,
97,금융,SLQT,US20200521002,셀렉쿼트,92071504,7.69,0.56,,
97,금융,AUBN,US19950911001,오번 내셔널 뱅코프,91959732,-0.08,26.3,,
97,금융,PDCC,NYS0240718002,펄 다이버 크레딧 컴퍼니,90703773,-0.45,8.79,BUY,
97,금융,FUSB,US20161011001,퍼스트 유에스 뱅크셰어스,90416050,-0.18,16.35,,
97,금융,UBCP,US19950818019,유나이티드 뱅코프,90353734,-1.85,15.42,,
97,금융,SIEB,US19961112001,시버트 파이낸셜,90259536,1.37,2.22,,
97,금융,ANTA,NAS0250513001,앤트알파 플랫폼 홀딩 컴퍼니,88055026,1.91,3.73,BUY,
97,금융,SSBI,US20060714001,서밋 스테이트 뱅크 산타로사,87326760,-0.16,12.85,,
97,금융,AIB,AMX0231110001,AIB 데이터센터,86855706,0,1.14,BUY,
97,금융,GECC,US20161104004,그레이트 엘름 캐피탈,85379219,-0.33,6.11,,
97,금융,AIFC,US20190911002,AI 파이낸셜,83348281,-6.76,0.5542,,
97,금융,ASRV,US19900327001,아메리서브 파이낸셜,81725474,0.42,4.82,,
97,금융,IOR,US20170703002,인컴 오퍼튜니티 리얼티 인베스터스,81629612,3.05,20.63,,
97,금융,FSEA,NAS0230120004,퍼스트 시코스트 뱅코프,81065426,0.06,17.19,,
97,금융,HNNA,US20140428001,헤네시 어드바이저스,80371190,-0.59,10.07,,
97,금융,USIO,US20190701001,유시오,79150199,0,2.77,BUY,
97,금융,HFBL,US20070620001,홈 페더럴 뱅코프 오브 루이지아나,77828853,-4.37,24.3,,
97,금융,MEGL,US20220804001,매직 엠파이어 글로벌,77639964,-0.84,1.18,,
97,금융,FRMM,US20201109002,포럼 마켓츠,77559357,-3.24,5.67,BUY,
97,금융,ZBAO,NAS0240402009,즈바오 테크놀로지,76339348,-3.62,0.165,,
97,금융,BYFC,US19960109001,브로드웨이 파이낸셜,76292963,-2.44,12.01,,
97,금융,NSTS,US20220119007,NSTS 뱅코프,73694184,0,13.99,,
97,금융,SUIG,US20220809009,수이 그룹 홀딩,73002419,3.39,0.98,,
97,금융,BTCS,US20210914001,BTCS,71032674,0,1.35,,
97,금융,CLST,US20211012002,캐털리스트 뱅코프,70786623,1.77,17.81,,
97,금융,NCTY,US20041215001,더 나인(ADR),67387454,0.91,4.44,,토큰 평가이익 부담
97,금융,ASPS,US20090806001,알티소스 포트폴리오 솔루션즈,62984530,-0.55,5.47,BUY,
97,금융,KG,US20080506001,케스트럴 그룹,59391413,-5.28,7.17,,
97,금융,AURE,NAS0230630006,프레스티지 웰스,55030657,-6.33,1.48,,
97,금융,KFFB,US20050303001,캔터키 퍼스트 페더럴 뱅코프,50194953,-6.35,5.75,,
97,금융,OFS,US20121108002,OFS 캐피탈,49978441,-3.76,3.58,HOLD,
97,금융,TCBS,US20210715015,텍사스 커뮤니티 뱅크셰어스,49864181,3.81,17.97,,
97,금융,STKE,NAS0250909003,솔 스트래터지스,48702941,-1.63,1.21,,
97,금융,VRM,NAS0250220005,브룸,48184039,-0.98,9.09,,
97,금융,SDEV,AMX0221116004,스테이블코인 디벨롭먼트,47435778,1.13,0.9452,,
97,금융,LOAN,US19990513001,맨해튼 브리지,46687480,-1.72,4.0,,
97,금융,MGLD,US20220310003,더 메리골드 컴퍼니스,46363749,-3.7,1.04,,
97,금융,RMCO,NAS0231106003,로열티 매니지먼트 홀딩스,44426614,2.05,2.98,,
97,금융,SAIH,US20220502003,사이히트,43756146,-1.05,23.5,,
97,금융,HGBL,US20200831001,헤리티지 글로벌,43071488,4.03,1.29,,
97,금융,GROW,US19960603001,US 글로벌 인베스터스,41420003,-1.8,3.27,,
97,금융,CCG,NAS0230918003,처처 그룹,38664951,2.86,15.83,,
97,금융,COHN,US20170905001,코헨 앤 컴퍼니,36652846,-1.15,11.19,BUY,
97,금융,MF,NAS0240327005,마인드포지,35531262,8.77,21.2,,
97,금융,BENF,US20211203001,베네피선트,35119350,-7.96,2.08,,
97,금융,JFU,NAS0230118004,9F(ADR),34236921,0.69,2.92,,
97,금융,VIP,US20210915006,벌컨 인프라스트럭처 앤 파워,33080596,-3.91,1.72,,
97,금융,RAND,US19950818015,랜드 캐피탈,32877258,-3.99,10.6,,
97,금융,AMTD,US20220131001,AMTD 아이디어 그룹(ADR),31527362,2.55,0.7589,,
97,금융,BTCT,US20200331004,BTC 디지털,30459065,7.73,2.09,BUY,
97,금융,FLD,US20220207004,폴드 홀딩스,29144467,-6.94,0.4911,,
97,금융,AAME,US19840907001,애틀랜틱 아메리칸,28839486,-1.42,1.39,,
97,금융,GRAN,NAS0250701002,그란데 그룹,26748012,-10.45,1.2,,
97,금융,ORIO,US20180418002,오리온 디지털,26117261,-7.34,1.01,,
97,금융,GRNQ,US20180613008,그린프로 캐피털,24540170,2.96,13.9,,
97,금융,BCG,NAS0240327001,비나 캐피탈 그룹,23864582,0,1.39,,
97,금융,LICN,NAS0230202007,리천 차이나,19778641,0.83,1.21,,
97,금융,CNF,US20181106002,CN파이낸스 홀딩스(ADR),17163609,0.46,2.2,,
97,금융,HUIZ,US20200211002,후이쩌 홀딩(ADR),16923738,-5.39,1.58,,
97,금융,AIXC,NAS0221123002,AIxCRYPTO 홀딩스,15883681,3.76,0.8122,,첫 유료 배치 완료
97,금융,MPU,AMX0230206001,메가 매트릭스,15232473,-9.46,0.201,,
97,금융,EBON,US20200626002,이방 인터내셔널 홀딩스,15091951,-5.68,2.16,,
97,금융,CAN,US20191120001,카난(ADR),14866638,-2.47,0.3706,,비트코인 랠리
97,금융,OXBR,US20140512002,옥스브리지 리 홀딩스,10690968,-0.76,1.3,BUY,
97,금융,SURG,US20211102008,서지페이스,9178425,-2.2,0.1692,BUY,
97,금융,AZI,NAS0240828001,오토지 인터넷 테크놀로지,8405221,-1.52,1.3,,
97,금융,OLB,US20200807003,OLB 그룹,7384958,-3.46,0.296,,
97,금융,DPU,NAS0230330007,탑 킹윈,6552517,-2.3,2.12,,
97,금융,RITR,NAS0240820006,리타 로그텍 홀딩스,5491435,4.9,0.092,,
97,금융,TGL,US20220811005,트레저 글로벌,4959378,3.56,2.62,,
97,금융,SNTG,US20210708010,센티지 홀딩스,4894741,2.87,1.79,,
97,금융,EZRA,NAS0230223001,릴라이언스 글로벌 그룹,4352780,7.38,2.91,,
97,금융,AGMH,US20180418001,AGM 그룹 홀딩스,3390285,-1.58,0.9252,,
97,금융,IPST,NAS0241122001,IP 스트래티지 홀딩,2855092,-2.17,4.06,,
97,금융,DXF,US20180305002,이슨 테크놀로지(ADR),2634656,-5.06,0.4764,,
97,금융,BTOG,US20220215001,비트 오리진,2551992,-10.0,2.79,,
97,금융,SHFS,US20220929002,SHF 홀딩스,1979956,-0.06,0.16,,
97,금융,PMAX,NAS0240905004,파월 맥스,1823272,-4.72,1.01,,
97,금융,MI,AMX0230918004,NFT,1259861,0.81,2.48,,
97,금융,ARBK,US20210922001,아르고 블록체인(ADR),960184,1.39,2.91,,
97,금융,LGHL,US20200617002,라이언 그룹 홀딩스(ADR),487698,-5.94,0.4957,,
557,리츠,WELL,US20180228001,웰타워,172061439879,-0.77,236.24,BUY,
557,리츠,PLD,US19971121004,프로로지스,134081033838,-0.55,139.92,BUY,
557,리츠,EQIX,US20000811002,에퀴닉스,103338188159,0.19,1046.41,BUY,
557,리츠,AMT,US19980227001,아메리칸 타워,82342831107,-0.3,175.7,BUY,
557,리츠,SPG,US19931214002,사이먼 프로퍼티 그룹,69658924924,-1.04,212.32,BUY,
557,리츠,DLR,US20041029001,디지털 리얼티 트러스트,69616615158,0.06,185.59,BUY,
557,리츠,PSA,US19841019001,퍼블릭 스토리지,62004749988,-2.08,306.99,HOLD,
557,리츠,O,US19941018001,리얼티 인컴,58808494924,-0.68,61.28,HOLD,
557,리츠,EQR,US19930812002,비브마크 레지덴셜,50853484423,-0.61,65.14,BUY,
557,리츠,VTR,US19970505001,벤타스,47223612993,-0.7,91.17,BUY,
557,리츠,IX,US19980916001,오릭스(ADR),42597377391,-0.08,38.97,,
557,리츠,IRM,US19960201001,아이언 마운틴,35046794820,-1.75,115.35,BUY,
557,리츠,CCI,US19980818001,크라운 캐슬,32483605292,0,76.14,BUY,
557,리츠,EXR,US20040812002,엑스트라 스페이스 스토리지,30275882787,-1.27,141.1,HOLD,
557,리츠,VICI,US20180201004,비치 프라퍼티스,28563512584,-0.85,25.65,BUY,
557,리츠,NLY,US19971008001,애널리 캐피탈 매니지먼트,19338293543,-0.52,22.92,,
557,리츠,ESS,US19940606001,에섹스 프라퍼티 트러스트,18304557628,-0.38,282.96,HOLD,
557,리츠,BIP,US20080110001,브룩필드 인프라스트럭처 파트너스,17835055118,0.43,37.8,,
557,리츠,INVH,US20170201002,인비테이션 홈즈,17317498629,-0.34,29.14,BUY,
557,리츠,WY,US19631206001, 와이어하우저,17085235114,-1.14,23.37,BUY,
557,리츠,KIM,US19911122002,킴코 리얼티,16500782029,-0.29,23.71,BUY,
557,리츠,WPC,US19980121001,WP 케어리,16107713070,-0.78,69.96,HOLD,
557,리츠,HST,US20201102001,호스트 호텔 앤 리조트,15306711364,-1.57,21.93,BUY,
557,리츠,MAA,US19940128001,미드아메리카 아파트 커뮤니티,15130279881,-0.59,128.85,HOLD,
557,리츠,AGNC,US20080516001,AGNC 인베스트먼트,15040181382,-0.56,10.72,HOLD,
557,리츠,SUI,US19931208002,선 커뮤니티스,15013105083,-1.22,121.42,BUY,
557,리츠,DOC,US20191105004,헬스피크 프로퍼티스,14492389275,-0.67,20.82,HOLD,
557,리츠,REG,US20181113002,리젠시 센터스,14074303053,-0.97,74.79,BUY,
557,리츠,OHI,US19920807001,오메가 헬스케어 인베스터스,13974038743,-0.59,45.72,HOLD,미즈호 목표가 상향
557,리츠,AHR,NYS0240207001,아메리칸 헬스케어 리츠,12965461695,-0.58,55.21,,
557,리츠,GLPI,US20131105001,게이밍 앤 레저 프로퍼티스,12415737863,-1.15,42.07,BUY,
557,리츠,ELS,US19930303001,에퀴티 라이프스타일 프로퍼티스,12403826856,-0.45,63.45,BUY,
557,리츠,AMH,US20130801002,아메리칸 홈즈 포 렌트 A,12311942819,-0.72,33.3,BUY,
557,리츠,UDR,US19900507001,UDR,11958249276,-0.46,36.95,HOLD,
557,리츠,BXP,US19970618002,보스턴 프로퍼티스,11098292936,-1.92,67.99,BUY,
557,리츠,EGP,US19940503002,이스트그룹 프로퍼티스,10784352990,-0.25,199.5,BUY,
557,리츠,CPT,US19930722001,캠든 프로퍼티,10721877466,-0.52,105.8,HOLD,
557,리츠,FRT,US19841217001,페더럴 리얼티 인베스트먼트,10288189919,-0.62,116.03,BUY,
557,리츠,CTRE,US20140604001,케어트러스트 리츠,9247983484,-0.2,38.95,BUY,
557,리츠,ADC,US19940415001,어그리 리얼티,9247624430,-0.93,72.25,BUY,
557,리츠,CUBE,US20041022001,큐브스마트,9035869336,-0.75,39.72,HOLD,
557,리츠,ARE,US19970528002,알렉산드리아 리얼 에스테이트 에퀴티스,9010754013,-0.54,51.29,HOLD,
557,리츠,LINE,NAS0240725003,리니지,8978275085,-0.18,39.25,HOLD,
557,리츠,BRX,US20131104001,브릭스모어 프로퍼티 그룹,8976177095,-0.96,28.89,,
557,리츠,RITM,US20130502002,리듬 캐피탈,8965424535,-0.5,10.03,BUY,
557,리츠,RHP,US19911024002,라이먼 호스피탈리티 프로퍼티스,8946246539,-1.99,126.76,BUY,
557,리츠,NNN,US19940107001,NNN 리츠,8789705313,-1.03,45.2,HOLD,
557,리츠,REXR,US20130719002,렉스포드 인더스트리얼 리얼티,8443388902,-0.24,37.04,HOLD,
557,리츠,FR,US19940630001,퍼스트 인더스트리얼 리얼티,8234237333,-0.1,61.88,BUY,
557,리츠,VNO,US19650701001,보나도 리얼티 트러스트,7980863698,-2.15,37.38,HOLD,
557,리츠,TRNO,US20100210002,테레노 리얼티,7276364955,-0.57,66.21,BUY,
557,리츠,STAG,US20110415002,스태그 인더스트리얼,7188403524,0.19,37.25,HOLD,
557,리츠,MAC,US19940309001,메이서리치,6753126680,-0.55,23.62,BUY,
557,리츠,EPRT,US20180620008,에센셜 프로퍼티 리얼티,6586343497,-1.22,30.0,BUY,
557,리츠,HR,US20120606001,헬스케어 리얼티,6526215073,0.26,19.04,HOLD,
557,리츠,RYN,US19940302001,레이어니어,6081162982,0.59,20.5,BUY,
557,리츠,STWD,US20090812001,스타우드 프로퍼티,5868527300,-0.7,15.7,BUY,
557,리츠,SBRA,US20101108001,사브라 헬스케어 리츠,5279622331,-1.07,20.39,BUY,
557,리츠,OUT,US20141121001,아웃프론트 미디어,5227996232,-0.74,29.38,,
557,리츠,KRG,US20040811001,카이트 리얼티 그룹,5223400408,-0.77,25.8,BUY,
557,리츠,HASI,US20130418001,해넌 암스트롱 서스테이너블 인프라,5131930451,-1.13,39.55,,
557,리츠,PECO,US20210714013,필립스 에디슨 앤 컴퍼니,5042190274,-1.07,38.65,,
557,리츠,EPR,US19971118001,EPR 프로퍼티스,4961618733,-0.89,58.71,HOLD,
557,리츠,CUZ,US19920902001,커즌스 프로퍼티스,4859262257,-1.53,28.99,BUY,
557,리츠,SKT,US19930604002,텐저,4346349863,-0.05,37.71,HOLD,
557,리츠,BNL,US20200915011,브로드스톤 넷 리스,4326938907,-1.09,20.86,BUY,
557,리츠,COLD,US20180118003,아메리콜드 리얼티,4296892522,-0.4,14.95,HOLD,
557,리츠,SLG,US19970815003,SL 그린 리얼티,4286534584,-2.71,55.98,HOLD,
557,리츠,GEO,US19940726001,지오 그룹,4260409183,-1.46,31.81,BUY,
557,리츠,KRC,US19970129001,킬로이 리얼티,4223174959,0.25,36.3,HOLD,
557,리츠,CDP,US19911223001,COPT 디펜스 프라퍼티스,4161144391,-1.61,36.0,,
557,리츠,APLE,US20150527001,애플 호스피탈리티 리츠,3917954878,-3.16,15.95,HOLD,
557,리츠,IRT,US20170801002,인디펜더스 리얼티,3855608473,-0.8,16.18,BUY,
557,리츠,LXP,US19931012001,LXP 인더스트리얼 트러스트,3683380664,0.03,60.71,BUY,
557,리츠,NHI,US19911017001,내셔널 헬스 인베스터스,3547190062,-1.28,71.11,,
557,리츠,DBRG,US20210622007,디지털브리지 그룹,3499177317,-0.13,15.91,,
557,리츠,CURB,NYS0241001001,커브라인 프로퍼티스,3459514498,-0.53,29.83,BUY,
557,리츠,HIW,US19940614001,하이우즈 프로퍼티스,3445524085,-1.77,30.6,HOLD,
557,리츠,CXW,US19970715001,코어시빅,3352819257,-1.75,33.22,BUY,
557,리츠,FRMI,NAS0251001003,퍼미,3211177190,-0.8,4.96,BUY,
557,리츠,PK,US20170104002,파크 호텔 앤 리조트,3195984387,-3.35,15.3,HOLD,
557,리츠,AKR,US19930527001,아카디아 리얼티 트러스트,2853389451,-1.21,20.47,BUY,
557,리츠,CSAN,US20210311012,코장(ADR),2788455042,4.61,2.95,HOLD,
557,리츠,FCPT,US20151110003,포 코너스 프라퍼티 트러스트,2776798718,-0.88,24.88,BUY,
557,리츠,UE,US20150120001,어반 에지 프라퍼티스,2707823833,-1.08,21.16,,
557,리츠,GNL,US20150603004,글로벌 넷 리스,2683261144,0.22,9.18,BUY,
557,리츠,PEB,US20091209003,페블브룩 호텔,2620233375,-2.0,18.12,HOLD,
557,리츠,DRH,US20050526001,다이아몬드록 호스피털리티,2605665610,-3.15,12.3,BUY,
557,리츠,IVT,US20211012004,인벤트러스트 프라퍼티스,2545204941,-0.74,32.31,BUY,
557,리츠,ARR,US20071203001,아머 레지덴셜 리츠,2473444913,-0.61,16.22,,
557,리츠,MPT,US20050708001,MEDICAL PROPERTIES TRUST INC,2449290958,-2.93,3.97,,
557,리츠,UNIT,US20170227001,유니티 그룹,2438819984,-1.1,9.91,,
557,리츠,SHO,US20041021001,선스톤 호텔 인베스터스,2270767156,-1.41,11.17,HOLD,
557,리츠,LTC,US19920825001,LTC 프라퍼티스,2195688754,-0.74,40.32,HOLD,
557,리츠,NTST,US20200812004,넷에스티리츠,2084015465,-0.54,20.36,BUY,
557,리츠,RLJ,US20110511002,RLJ 로징,2078444192,-3.66,11.04,HOLD,
557,리츠,GTY,US19850812001,게티 리얼티,2041347696,-1.37,32.42,BUY,
557,리츠,DEI,US20061025001,더글러스 에밋,1975064140,-1.7,11.56,HOLD,
557,리츠,DHC,US20200102001,다이버시파이드 헬스케어,1857400226,-1.18,7.56,BUY,
557,리츠,CIM,US20071116004,키메라 인베스트먼트,1855577277,-0.35,11.46,,
557,리츠,SMA,NYS0250402001,스마트스탑 셀프 스토리지 리츠,1834438810,-1.31,32.47,BUY,
557,리츠,XHR,US20150205003,제니아 호텔 앤 리조트,1800059557,-3.65,18.75,BUY,
557,리츠,CBL,US20211103003,CBL 앤 어소시에이츠 프로퍼티스,1707790935,-0.64,54.69,BUY,
557,리츠,IIPR,US20161122002,이노베이티브 인더스트리얼 프라퍼티스,1699008109,1.08,56.92,HOLD,
557,리츠,UMH,US19931206001,UMH 프라퍼티스,1692223406,-0.18,16.45,BUY,
557,리츠,ABR,US20040407001,아버 리얼티,1435036649,-0.99,5.01,HOLD,
557,리츠,ADAM,US20040624001,아다마스 트러스트,1428675649,-0.71,9.73,HOLD,
557,리츠,ALX,US19691007001,알렉산더스,1383748177,0.54,271.66,,
557,리츠,AAT,US20110113001,아메리칸 에세츠 트러스트,1381098696,0.13,22.46,,
557,리츠,ORC,US20141008001,오키드 아일랜드 캐피탈,1333692625,0,6.59,HOLD,
557,리츠,MFA,US19980413001,MFA 파이낸셜,1323509106,-0.11,8.82,BUY,
557,리츠,LADR,US20140205002,래더 캐피탈,1249256509,-0.2,9.8,,
557,리츠,PDM,US20100210001,피드몬트 오피스 리얼티 트러스트,1197062694,0.31,9.57,HOLD,
557,리츠,DEA,US20150206001,이스털리 거번먼트 프라퍼티스,1168749021,-0.41,24.53,HOLD,
557,리츠,IRS,US19941229001,IRSA 인베르시오네스 이 레프레젠타시오네스(ADR),1157140874,2.19,14.96,,
557,리츠,SAFE,NYS0230331002,세이프홀드,1091451015,-1.5,15.14,,
557,리츠,SVC,US20190925013,서비스 프라퍼티스 트러스트,1022053409,-0.89,7.8,BUY,
557,리츠,HPP,US20100624001,허드슨 퍼시픽 프라퍼티스,959683288,-4.34,12.57,HOLD,
557,리츠,BFS,US19930824001,솔 센터스,919207751,-1.98,32.61,,
557,리츠,CTO,US20210201010,CTO 리얼티 그로스,912640873,-1.07,21.34,BUY,
557,리츠,FBRT,US20211019003,프랭클린 BSP 리얼티 트러스트,905647425,-1.06,8.37,,
557,리츠,CSR,US20201221006,센터스페이스,883790140,0.02,52.49,HOLD,
557,리츠,ARI,US20090924001,아폴로 커머셜 리얼에스테이트 파이낸스,882959627,0.88,6.91,BUY,
557,리츠,SKYH,US20220126008,스카이 하버 그룹,865205833,-0.28,10.54,BUY,
557,리츠,AHH,US20130508001,AH 리얼리티 트러스트,802497874,-0.92,6.48,BUY,
557,리츠,ESRT,US20131002003,엠파이어 스테이트 리얼티,796872669,-1.31,4.53,,
557,리츠,GOOD,US20030813001,글래드스톤 커머셜,787455065,-0.38,12.96,BUY,
557,리츠,CLDT,US20100416001,채텀 로징 트러스트,735873821,-4.68,13.03,,
557,리츠,PSTL,US20190509009,포스털 리얼티 트러스트,721649115,-1.35,23.45,BUY,
557,리츠,LAND,US20130129001,글래드스톤 랜드,711334372,2.23,9.17,HOLD,
557,리츠,JBGS,US20170718001,JBG 스미스 프로퍼티스,709547507,-0.25,12.05,,
557,리츠,KREF,US20170502004,KKR 리얼 에스테이트 파이낸스,688907103,0.4,7.62,HOLD,
557,리츠,RMR,US20151215001,RMR 그룹,626004604,-0.67,19.33,,
557,리츠,XRN,US20160629001,CHIRON REAL ESTATE INC,619373551,-0.87,36.5,BUY,
557,리츠,NXRT,US20150402002,넥스포인트 레지덴셜 트러스트,603359158,0.68,23.71,HOLD,
557,리츠,BRSP,US20210625005,브라이트스파이어 캐피탈,602648962,0,4.75,BUY,
557,리츠,UHT,US19861226001,유니버설 헬스 리얼티,577830219,-1.16,40.98,,
557,리츠,ILPT,US20190204001,인더스트리얼 로지스틱스 프라퍼티스,558197379,-0.96,8.26,BUY,
557,리츠,BDN,US19971021001,브랜디와인 리얼티,535680045,-1.31,3.02,,
557,리츠,OLP,US19920317025,원 리버티 프라퍼티스,528748236,-0.95,23.93,,
557,리츠,FVR,NYS0241002002,프론트뷰 리츠,476981427,-0.77,19.3,,
557,리츠,ACR,US20210217013,에이커스 커머셜 리얼티,451311747,-0.21,13.93,,
557,리츠,CHCT,US20150527002,커뮤니티 헬스케어 트러스트,429557520,-1.61,14.71,BUY,
557,리츠,MITT,US20110630002,AG 모기지 인베스트먼트 트러스트,426823245,0.6,6.73,,
557,리츠,FIP,US20220802001,FTAI 인프라스트럭처,423073532,-2.52,3.48,BUY,
557,리츠,PINE,US20191121004,알파인 인컴 프라퍼티 트러스트,406548818,-0.36,19.46,BUY,
557,리츠,OPI,NAS2606018009,오피스 프로퍼티스 인컴 트러스트,390751741,-0.68,17.63,,
557,리츠,AIV,US19940722001,아파트먼트 인베스트먼트 앤 매니지먼트,371376498,-1.57,2.51,,
557,리츠,RC,US20181004003,레디 캐피탈,368885574,-3.28,1.77,HOLD,
557,리츠,NREF,US20200206001,넥스포인트 리얼 에스테이트 파이낸스,367125074,-0.06,17.23,HOLD,
557,리츠,NXDT,US20211108007,넥스포인트 부동산 신탁 펀드,331999581,-1.67,5.31,,
557,리츠,REFI,US20211207010,시카고 애틀랜틱 리얼 에스테이트 파이낸스,274389239,1.97,10.89,BUY,
557,리츠,BRT,US19880112001,BRT 어파트먼츠,274197051,-1.58,14.32,,
557,리츠,TROO,US20211116009,트룹스,263369419,6.05,2.28,,
557,리츠,ACRE,US20120426002,아레스 커머셜 리얼 에스테이트,258699380,-1.72,4.57,,
557,리츠,CMTG,US20211102004,클라로스 모기지 트러스트,229187372,-1.85,1.59,HOLD,
557,리츠,STRW,AMX0230222001,스트로베리 필즈 리츠,193355227,-0.95,13.49,BUY,
557,리츠,GPMT,US20170621008,그래닛 포인트 모기지 트러스트,190422381,-1.85,1.06,HOLD,
557,리츠,SRG,US20150707002,세리티지 그로스 프라퍼티스,181279989,-1.42,2.08,,
557,리츠,SEVN,US20211001015,세븐 힐스 리얼티 트러스트,172211174,0,7.58,BUY,
557,리츠,NLOP,NYS0231102001,넷 리스 오피스 프라퍼티스,170980717,-0.78,11.42,,
557,리츠,EARN,US20130501001,엘링턴 크레딧,167331171,0.23,4.37,,
557,리츠,ONL,US20211115008,오리온 오피스 리츠,162454228,0.35,2.85,,
557,리츠,SITC,US20181012001,사이트 센터스,157334409,-1.34,2.95,HOLD,
557,리츠,RPT,US20150603003,리듬 프로퍼티 트러스트,152480756,-1.24,12.7,,
557,리츠,ELME,US19920317029,엘름 커뮤니티스,149693352,0,1.68,HOLD,
557,리츠,BEEP,US20210519003,모바일 인프라스트럭처,122999620,1.68,3.02,,
557,리츠,WHLR,US20121119001,휠러 리얼 에스테이트 인베스트먼트 트러스트,87492806,-37.1,0.673,,
557,리츠,AFCG,US20210210001,어드밴스드 플라워 캐피탈,81374968,-0.28,3.59,HOLD,
557,리츠,LFT,US20201228004,루먼트 파이낸스 트러스트,78390019,-2.13,0.726,,
557,리츠,SELF,US20160119001,글로벌 셀프 스토리지,62876697,-2.55,5.35,,
557,리츠,AHT,US20030826004,애시포드 호스피털리티 트러스트,57710059,-1.54,3.2,,
557,리츠,CLPR,US20170210002,클리퍼 리얼티,53791207,-0.9,3.29,,
557,리츠,FSP,US20050602001,프랭클린 스트리트 프라퍼티스,42272321,-0.12,0.4048,,
557,리츠,BHM,US20221006001,블루록 홈스 트러스트,35488361,-2.44,8.4,,
557,리츠,NYC,NYS0230112001,아메리칸 스트래티직 인베스트먼트,19865353,1.92,6.38,,
557,리츠,MDRR,US20181119001,메달리스트 다이버시파이드 리츠,19595948,0.83,12.1,,
557,리츠,SQFT,US20200811001,프레시디오 프라퍼티 트러스트,8762834,29.14,1.95,,
557,리츠,PW,US19800317003,파워 리츠,4107034,-3.01,7.42,,
557,리츠,CHGA,NAS0230105001,체인지 에이전츠,2852266,0.35,2.86,,액면병합 부담
557,리츠,GIPR,US20211004006,제너레이션 인컴 프라퍼티스,1317013,-13.97,0.3719,,
389,소프트웨어,MSFT,US19860313001,마이크로소프트,3823767301840,-1.21,507.32,BUY,AI 테마 강세
389,소프트웨어,AVGO,US20090806002,브로드컴,1759391649897,0.6,371.0,BUY,대규모 부채 부담
389,소프트웨어,PLTR,US20200930014,팔란티어,448901601437,0.05,186.38,BUY,민주당 조사 우려
389,소프트웨어,ORCL,US19860312001,오라클,440455635596,-1.15,149.12,BUY,
389,소프트웨어,SAP,US19980803001,SAP(ADR),259375097545,-0.29,220.89,BUY,
389,소프트웨어,CRM,US20040623001,세일즈포스,211269630512,0.6,257.54,BUY,아거스 목표가 상향
389,소프트웨어,NOW,US20120629001,서비스나우,150023187561,2.27,147.99,BUY,중동 긴장 부담
389,소프트웨어,ADBE,US19860820001,어도비,116199098990,0.41,292.71,HOLD,
389,소프트웨어,ADP,US19680131001,오토매틱 데이터 프로세싱,114520369038,-0.43,286.23,HOLD,
389,소프트웨어,APP,US20210414001,앱러빈,106632263014,-1.78,312.09,BUY,대형 기술주 강세
389,소프트웨어,INTU,US19930312001,인튜이트,98213041148,0.33,359.23,BUY,목표주가 하향
389,소프트웨어,CDNS,US19900326003,케이던스 디자인 시스템즈,93999807061,-0.46,338.84,BUY,
389,소프트웨어,SNPS,US19920303005,시놉시스,85054452896,-0.65,439.73,BUY,
389,소프트웨어,MSTR,US19980611001,스트래티지,62618880800,4.43,132.95,BUY,주당 BTC 희석
389,소프트웨어,ADSK,US19850701001,오토데스크,54628333150,-0.82,258.53,BUY,주주소송 부담
389,소프트웨어,TEAM,US20151209001,아틀라시언,48334493512,1.96,194.15,BUY,목표가 상향
389,소프트웨어,PAYX,US19830826001,페이첵스,45310691988,0.24,127.34,HOLD,
389,소프트웨어,ROP,US19961101001,로퍼 테크놀로지스,42267917119,-0.37,424.64,BUY,
389,소프트웨어,NTAP,US19951121003,넷앱,36801046429,-0.98,185.19,HOLD,
389,소프트웨어,TWLO,US20160623001,트윌리오,36617925866,-0.9,235.63,BUY,
389,소프트웨어,ZM,US20190417007,줌,28799556564,-1.78,96.68,BUY,
389,소프트웨어,FIS,US20010806002,피델리티 내셔널 인포메이션 서비시스,21429850106,-1.62,40.77,BUY,
389,소프트웨어,TOST,US20210921013,토스트,20372786785,-3.02,34.09,BUY,목표가 상향
389,소프트웨어,SSNC,US20100331001,SS&C 테크놀로지스 홀딩스,19628958774,-0.54,82.97,,
389,소프트웨어,U,US20200917008,유니티 소프트웨어,19112869890,-2.79,42.1,BUY,
389,소프트웨어,GWRE,US20120125001,가이드와이어 소프트웨어,17185635006,-0.53,204.75,BUY,
389,소프트웨어,PTC,US20131204001,PTC,17098832424,-0.92,155.71,BUY,
389,소프트웨어,IONQ,US20211001008,아이온큐,15617018995,0.28,39.31,BUY,
389,소프트웨어,TYL,US19690324001,타일러 테크놀로지스,15520230012,-1.51,372.22,BUY,
389,소프트웨어,FIG,NYS0250729002,피그마,15403751274,-4.61,27.49,BUY,
389,소프트웨어,MANH,US19980423001,맨해튼 어소시에이츠,13054272883,-0.06,223.14,BUY,
389,소프트웨어,DOCU,US20180426001,도큐사인,12254191002,3.56,66.28,HOLD,도큐사인 목표가 상향
389,소프트웨어,JKHY,US19851120001,잭 헨리 앤 어소시에이츠,11933064978,-1.11,167.85,BUY,
389,소프트웨어,BSY,US20200923001,벤틀리 시스템즈,11299171658,-1.45,36.76,BUY,
389,소프트웨어,PAYC,US20140411004,페이콤 소프트웨어,10780612572,0.24,239.1,HOLD,
389,소프트웨어,ESTC,US20181005003,엘라스틱,10518636852,-2.36,97.55,BUY,구조조정 부담
389,소프트웨어,PCOR,US20210519011,프로코어 테크놀로지스,9709324146,-1.57,62.72,BUY,
389,소프트웨어,PATH,US20210420010,유아이패스,9429843419,2.87,18.67,HOLD,
389,소프트웨어,PCTY,US20140319002,페일로시티 홀딩,8402418231,1.45,160.22,BUY,
389,소프트웨어,APPF,US20150625002,앱폴리오,8327857250,-0.12,234.21,BUY,
389,소프트웨어,ZETA,US20210609013,제타 글로벌 홀딩스,7687118323,1.41,30.97,BUY,
389,소프트웨어,PL,US20211208011,플래닛 랩스,7140580663,-0.65,19.85,,
389,소프트웨어,DSGX,US19990127001,데카르트 시스템즈 그룹,7028817692,-1.45,80.64,BUY,
389,소프트웨어,DOX,US20131223001,암독스,6586881497,0.16,63.01,BUY,
389,소프트웨어,NICE,US19960125003,나이스(ADR),6378201837,0.32,109.18,BUY,
389,소프트웨어,OTEX,US19960124001,오픈 텍스트,6094158517,-0.72,24.92,HOLD,
389,소프트웨어,PEGA,US19960719001,페가시스템즈,5962942990,1.77,36.81,BUY,
389,소프트웨어,EPAM,US20120208004,이팸 시스템즈,5938534350,2.64,117.83,BUY,자사주 매입 요구
389,소프트웨어,RNG,US20130927003,링센트럴,5809651634,0.35,69.62,HOLD,니드햄 목표가 상향
389,소프트웨어,KVYO,NYS0230919001,클래비오,5753096272,2.13,20.58,BUY,
389,소프트웨어,ACIW,US19950223001,ACI 월드와이드,5449423019,-0.98,53.3,BUY,
389,소프트웨어,OCTV,NAS2605028006,옥타브 인텔리전스,5343200053,0.76,20.0,,
389,소프트웨어,MRCY,US19980130001,머큐리 시스템즈,5339152033,-1.42,87.28,BUY,
389,소프트웨어,DAVE,US20220106003,데이브,4841927119,-5.01,359.59,BUY,
389,소프트웨어,BB,US20171016002,블랙베리,4795782424,-0.12,8.15,HOLD,
389,소프트웨어,NSIT,US19950124001,인사이트 엔터프라이즈,4580759446,0.87,157.01,BUY,
389,소프트웨어,ONDS,US20201204002,온다스,4526954599,-3.16,7.65,BUY,
389,소프트웨어,CCC,NAS0221219003,CCC 인텔리전트 솔루션스 홀딩스,4423749023,-0.4,7.46,BUY,
389,소프트웨어,BILL,US20191211008,빌 홀딩스,4302118741,-2.15,49.23,BUY,
389,소프트웨어,MNDY,US20210609006,먼데이닷컴,4269179681,0.41,101.12,BUY,
389,소프트웨어,EXPO,US19850425001,엑스포넌트,3410360194,-0.71,71.02,,
389,소프트웨어,INTA,US20210629007,인탭,3335121275,-0.23,43.37,HOLD,
389,소프트웨어,AGYS,US19900326001,어질리시스,3334077085,-1.27,116.38,BUY,
389,소프트웨어,CLBT,US20210831002,셀레브라이트 DI,2999039836,0.17,12.01,BUY,
389,소프트웨어,CR,US19850515001,크레인 NXT,2893514085,-2.1,48.9,BUY,
389,소프트웨어,NN,US20211029007,넥스트내브,2600078297,3.26,15.86,BUY,
389,소프트웨어,CALX,US20100324002,캘릭스,2367036457,1.68,38.12,BUY,
389,소프트웨어,ASAN,US20200930006,아사나,2355379555,0.69,10.26,HOLD,
389,소프트웨어,VERX,US20200728001,버텍스,2313921047,-0.35,14.17,BUY,
389,소프트웨어,KARO,US20210330005,카루,2081760899,-1.31,66.32,BUY,
389,소프트웨어,NSP,US19970129002,인스페리티,2050620163,-0.35,53.35,,
389,소프트웨어,PRCH,US20201224001,포치 그룹,1980698056,-2.47,16.97,BUY,
389,소프트웨어,FORTY,US19971020001,포뮬러 시스템즈 1985(ADR),1933196472,0,125.72,,
389,소프트웨어,CXM,US20210622006,스프링클러,1916583098,0.61,8.21,,
389,소프트웨어,PRGS,US19910614001,프로그레스 소프트웨어,1840807071,3.42,46.29,BUY,
389,소프트웨어,SBET,NAS0240214003,샤프링크 게이밍,1786150870,5.37,8.64,BUY,금리 우려 크립토 약세
389,소프트웨어,EVCM,US20210630007,에버커머스,1629807162,-3.8,8.85,HOLD,
389,소프트웨어,SDGR,US20200205003,슈뢰딩거,1477739124,-1.07,19.49,BUY,
389,소프트웨어,LSPD,US20200911006,라이트스피드 커머스,1414785478,-0.57,10.54,HOLD,
389,소프트웨어,HLIT,US19950523001,하모닉,1314597789,-0.33,11.98,,
389,소프트웨어,RDVT,US20180327002,레드 바이올렛,1179490434,-0.16,73.18,,
389,소프트웨어,PD,US20190410002,페이저듀티,1090730552,2.24,14.14,HOLD,
389,소프트웨어,QFIN,US20181214001,치푸 테크놀로지(ADR),1086118169,-1.36,8.68,BUY,
389,소프트웨어,MITK,US19950526001,마이텍 시스템즈,852904818,-2.02,18.47,,
389,소프트웨어,FINV,US20191129001,핀볼루션(ADR),804935614,7.94,3.67,BUY,중국 대출 둔화
389,소프트웨어,SMWB,US20210510015,시밀러웹,803510315,2.31,9.29,BUY,
389,소프트웨어,PAR,US20071116006,파 테크놀로지,794282537,-1.83,18.8,BUY,
389,소프트웨어,CCSI,US20211008002,컨센서스 클라우드 솔루션즈,698269388,0.97,38.37,BUY,
389,소프트웨어,YEXT,US20170410003,이엑스트,694626806,-2.03,6.77,BUY,
389,소프트웨어,CGNT,US20210202001,코그나이트 소프트웨어,652118651,0.57,8.85,BUY,
389,소프트웨어,WEAV,US20211110017,위브 커뮤니케이션스,584910152,0.27,7.31,BUY,
389,소프트웨어,CRNC,US20191002002,세렌스,385518527,-0.59,8.45,HOLD,
389,소프트웨어,SLP,US19970618001,시뮬레이션스 플러스,372961543,0.11,18.41,HOLD,
389,소프트웨어,BLND,US20210714002,블렌드 랩스,360492690,1.97,1.55,BUY,
389,소프트웨어,PLTS,NAS0250919004,플래티넘 애널리틱스,316906860,0,17.5,,
389,소프트웨어,XPER,US20221003005,엑스페리,293438776,-1.0,5.94,,
389,소프트웨어,MKTW,US20210722007,마켓와이즈,284803673,0.28,18.05,,
389,소프트웨어,TTGT,US20070517001,테크타겟,281425492,-0.26,3.87,,
389,소프트웨어,API,US20200626001,아고라(ADR),269311104,2.2,4.19,,
389,소프트웨어,ASUR,US19930804001,어슈어 소프트웨어,262658610,0.77,9.14,BUY,
389,소프트웨어,SMRT,US20210825004,스마트렌트,257468628,-0.75,1.33,,
389,소프트웨어,KLTR,US20210719007,칼투라,244755775,-1.25,1.58,,
389,소프트웨어,EXFY,US20211109005,익스펜시파이,235911061,-2.71,2.51,HOLD,
389,소프트웨어,SVCO,NAS0240509005,실바코 그룹,233098024,1.17,6.94,,
389,소프트웨어,EGAN,US19990923001,이게인,203691366,0.81,7.46,,
389,소프트웨어,PERF,US20221031015,퍼펙트,193025391,0.53,1.9,HOLD,
389,소프트웨어,DHX,US20070718001,DHI 그룹,176353475,5.93,4.29,BUY,
389,소프트웨어,DAVA,US20180726004,엔다바(ADR),174873035,3.43,3.32,HOLD,
389,소프트웨어,DTCX,NAS0241029004,데이터센트렉스,104661563,-15.0,2.21,,
389,소프트웨어,TP,AMX2608007005,티켓플러스,94726014,30.91,10.25,,
389,소프트웨어,AEYE,US20180904001,오디오아이,90247319,2.51,7.34,BUY,
389,소프트웨어,THRY,US20201001013,스리브 홀딩스,84667402,0,1.9,HOLD,
389,소프트웨어,MWC,NAS2605014004,마이크웨어(ADR),84608497,2.11,1.45,,
389,소프트웨어,REKR,US20190430001,레코 시스템즈,75674423,1.11,0.5544,BUY,
389,소프트웨어,ACFN,NAS0250724001,에이콘 에너지,49651454,-2.03,19.33,,
389,소프트웨어,NTWK,US19940224001,넷솔 테크놀로지스,49184997,-1.94,4.05,,
389,소프트웨어,PHUN,US20181228001,펀웨어,42885054,-0.48,2.08,,
389,소프트웨어,ATHR,NAS0250410001,에테르 홀딩스,35342909,11.46,3.21,,
389,소프트웨어,VTSI,US20180329002,버트라,34620163,2.95,3.14,,
389,소프트웨어,YAAS,NAS0241220010,유신 테크놀로지,33722160,-9.81,1.93,,
389,소프트웨어,INLX,US20220909005,인텔리네틱스,24790716,0.36,5.52,,
389,소프트웨어,FTHM,US20200730003,패덤 홀딩스,23386879,-0.26,0.68,,
389,소프트웨어,MNDO,US20000808001,마인드 CTI,20848116,-2.91,1.0,,
389,소프트웨어,DFNS,US20200722002,T3 디펜스,20337785,-2.95,11.83,BUY,지분 희석 부각
389,소프트웨어,GGRP,US20210701007,브라이트라인 인터랙티브,20333518,4.46,0.9762,,
389,소프트웨어,SST,US20220128007,시스템1,19878272,18.52,2.24,,MapQuest 급부상
389,소프트웨어,BMR,NAS0230224001,비머 이미징,19310180,0.81,1.25,BUY,
389,소프트웨어,GYGY,NAS2607030002,게임 유어 게임,17029442,0.85,1.19,,
389,소프트웨어,SMSI,US19950919001,스미스 마이크로 소프트웨어,16311456,-0.69,2.89,,
389,소프트웨어,NEON,US19990305001,니오노드,15079010,-0.03,0.8957,,
389,소프트웨어,CLRO,US19950818001,클리어원,14379795,-2.8,5.21,,
389,소프트웨어,SAGT,NAS0250307006,새그텍 글로벌,13954572,4.66,0.6919,,
389,소프트웨어,UPLD,US20141106005,업랜드 소프트웨어,13937167,-7.45,4.35,BUY,
389,소프트웨어,BLIN,US20070629001,브리지라인 디지털,12388286,1.99,1.0,,
389,소프트웨어,IOTR,NAS0250410006,아이오스리,11949387,0.41,2.46,,
389,소프트웨어,NVNI,US20211227011,누비니 그룹,11679857,-13.67,0.86,,
389,소프트웨어,NXTT,US20220719002,넥스트 테크놀로지 홀딩,8891710,-1.99,5.9,,
389,소프트웨어,CXAI,NAS0230315001,CX앱,8461333,1.11,3.65,,
389,소프트웨어,CYAB,NAS0230515007,사이브라,7882312,1.86,0.455,BUY,
389,소프트웨어,VS,US20210115011,벌서스 시스템스,7850789,0.79,1.27,,
389,소프트웨어,ARBB,NAS0230331001,ARB IOT 그룹,7700062,0,4.35,HOLD,
389,소프트웨어,IFBD,US20210420011,인포버드,7606836,-5.55,0.875,,
389,소프트웨어,SVRE,US20220426014,세이버원 2014(ADR),6542578,1.15,2.64,,
389,소프트웨어,ORKT,NAS0240725004,오렌지클라우드 테크놀로지,5669088,-0.02,0.9679,HOLD,
389,소프트웨어,JTAI,US20211001012,제트AI,5386686,-1.32,1.49,,
389,소프트웨어,HTCR,US20220209005,허트코어 엔터프라이지스,3912741,-6.23,2.41,,
389,소프트웨어,MYSZ,NAS0221209002,마이 사이즈,1899281,-2.31,2.54,,
823,인공지능,NVDA,US19990122001,엔비디아,5257428831456,1.48,220.78,BUY,순환 자금조달 우려
823,인공지능,GOOG,US20040819001,알파벳 C,4248819911181,-2.18,335.4,BUY,TPU 우위 부각
823,인공지능,GOOGL,US20040819002,알파벳 A,4248819911181,-2.13,339.21,BUY,TPU 우위 부각
823,인공지능,MSFT,US19860313001,마이크로소프트,3823767301840,-1.21,507.32,BUY,AI 테마 강세
823,인공지능,IBM,US19490128001,IBM,222570182150,-0.73,233.87,BUY,본업 성장 우려
823,인공지능,NBIS,US20110524001,네비우스 그룹,57023662051,-1.35,206.35,BUY,
823,인공지능,CBRS,NAS2605014002,세레브라스 시스템즈,42660413634,2.88,184.23,BUY,
823,인공지능,BIDU,US20050805002,바이두(ADR),34665076377,-1.89,95.28,BUY,
823,인공지능,TEM,NAS0240614002,템퍼스 AI,11586940908,-1.56,63.04,BUY,
823,인공지능,SOUN,US20220428003,사운드하운드 AI,3166337997,0.7,7.16,,
823,인공지능,WGS,US20210723008,진DX 홀딩스,2581836937,-1.71,84.85,,
823,인공지능,KEEL,US20210621001,킬 인프라스트럭처,1994075482,-2.48,3.14,BUY,
823,인공지능,PGY,US20220623007,파가야 테크놀로지스,1838762186,-1.09,21.74,BUY,
823,인공지능,AI,US20201209010,C3 AI,1690371693,2.75,10.82,HOLD,
823,인공지능,BBAI,US20211208001,빅베어 AI 홀딩스,1464828532,2.62,3.13,,
823,인공지능,BRAI,NAS2602012003,브레인,1132481237,0,5.48,BUY,
823,인공지능,DCBO,US20201203001,도세보,638594311,3.48,26.48,BUY,
823,인공지능,CARL,NAS0250723002,칼스메드,462142591,-3.5,16.29,BUY,
823,인공지능,AIAI,NAS2605014001,AIAI 홀딩스,287682807,-8.13,3.73,,
823,인공지능,PDYN,US20210927009,팰러다인 AI,284974359,-0.52,5.73,BUY,
823,인공지능,BNAI,US20210422005,브랜드 인게이지먼트 네트워크,94876346,-10.23,11.32,,워런트 자금 조달
823,인공지능,VERI,US20170512002,베리톤,80416264,-1.64,0.7852,,
823,인공지능,BZAI,NAS0250114003,블레이즈 홀딩스,76972889,-8.09,0.4871,BUY,
823,인공지능,ODYS,NAS0250211005,오디사이트 AI,76735104,-1.59,3.72,BUY,
823,인공지능,MDAI,US20210326005,스펙트럴 AI,50669832,0.64,1.58,BUY,
823,인공지능,VIDA,AMX2605015008,비다 글로벌,39482612,1.48,2.74,,
823,인공지능,RYET,NAS0250408003,루안윈 에듀AI 테크놀로지,35315644,-9.09,0.8588,,
823,인공지능,LPSN,US20000407001,라이브퍼슨,34887223,9.93,3.1,,
823,인공지능,ALP,US20210225004,알파 컴퓨트,13147909,-0.83,0.1678,HOLD,
823,인공지능,AIRE,NAS0231023002,리알파 테크,9499836,-3.73,1.55,BUY,
823,인공지능,AMST,NAS0230222001,에임자이트,6962008,-0.94,1.05,,
823,인공지능,CSAI,NAS0250130006,클라우드어스트럭처,4427621,-3.34,4.92,,
823,인공지능,AIXI,NAS0230309001,샤오아이(ADR),504028,-8.42,0.5,,전환사채 희석 우려
361,게임플랫폼,NTES,US20000630002,넷이즈(ADR),78814091201,-0.87,121.69,BUY,
361,게임플랫폼,TTWO,US19970414001,테이크 투 인터랙티브 소프트웨어,44134830757,-6.67,219.7,BUY,GTA 6 흥행 기대
361,게임플랫폼,RBLX,US20210309012,로블록스,27600890941,7.16,41.29,HOLD,
361,게임플랫폼,FLUT,NYS0240129002,플러터 엔터테인먼트,17711570192,-1.57,100.18,BUY,
361,게임플랫폼,GME,US20020211001,게임스탑,8040247763,2.85,18.38,,희석 우려 완화
361,게임플랫폼,SRAD,US20210913006,스포츠레이더 그룹,3889568367,-3.94,12.43,BUY,
361,게임플랫폼,GENI,US20210421006,지니어스 스포츠,2232714914,-7.48,7.42,BUY,
361,게임플랫폼,PLTK,US20210114005,플레이티카 홀딩,887333041,-2.16,2.27,HOLD,목표주가 하향
361,게임플랫폼,CDRO,US20211201002,코데레 온라인 룩셈부르크,410358963,-1.67,8.85,,
361,게임플랫폼,SOHU,US20000712001,써우후닷컴(ADR),368849351,-0.71,14.01,,
361,게임플랫폼,SKLZ,US20201217014,FIRY,164014545,0.51,9.89,BUY,채무조정안 기각
361,게임플랫폼,CTW,NAS0250801003,CTW 케이맨,161436438,0.39,2.59,,
361,게임플랫폼,GCL,US20220420005,GCL 글로벌 홀딩스,89610701,-26.37,0.5056,,자사주 매입 승인
361,게임플랫폼,GRSD,US20210721004,그랜드스탠드 리미티드,66608906,-0.54,1.85,,
361,게임플랫폼,MYPS,US20210622004,플레이스튜디오스,60178314,2.08,0.51,HOLD,
361,게임플랫폼,BRAG,US20210827002,브래그 게이밍,44615490,-5.48,1.38,,
361,게임플랫폼,GMHS,NAS0250127006,게임하우스 홀딩스,41849331,9.88,0.8,,
361,게임플랫폼,GAME,NAS0230411004,게임스퀘어 홀딩스,38457824,-5.0,2.85,,
361,게임플랫폼,TBH,NAS0250306011,하우스 오브 닷지,22391128,-7.22,0.244,,
361,게임플랫폼,GIGM,US20000218001,기가미디어,16402464,-1.35,1.46,,
361,게임플랫폼,GXAI,NAS0230215005,객소스 AI,8397486,6.16,0.8274,,
