sector_id,sector_name,ticker,toss_code,name_ko,market_cap_usd,change_pct,close,analyst,signal
613,대마초,TRLV,NYS2606010002,트루리브 카나비스,1754422968,2.42,9.3,BUY,
613,대마초,CRON,US20180227002,크로노스 그룹,1115950101,2.67,3.08,,
613,대마초,TLRY,US20180718006,틸레이 브랜즈,604061573,8.14,4.78,HOLD,
613,대마초,CGC,US20201116001,캐노피 그로스,404125151,5.03,1.0,HOLD,
613,대마초,SNDL,US20190731003,SNDL,303953375,6.56,1.3,,
613,대마초,VFF,US20190221001,빌리지 팜스 인터내셔널,289671480,2.53,2.43,BUY,실적 예상치 상회
613,대마초,HITI,US20210602002,하이 타이드,203030844,1.74,2.34,,
613,대마초,ACB,US20210525001,오로라 캐너비스,188086397,20.42,3.48,,
613,대마초,OGI,US20190521002,오개니그램 홀딩스,148315084,17.14,1.23,,
613,대마초,ISPR,NAS0230404001,아이스파이어 테크놀로지,96758031,3.57,1.74,BUY,
613,대마초,INCR,US20210901002,인터큐어,57052253,0,0.96,,
613,대마초,AGFY,US20210125001,RYTHM INC,47884755,-4.34,20.95,,
613,대마초,FLGC,US20210330004,제로스택 코퍼레이션,26323717,12.0,1.68,,
613,대마초,YCBD,US20190501008,CBDMD,5961973,3.36,0.585,,
613,대마초,AKAN,NAS0230309002,어칸다,2718802,3.99,5.21,,
613,대마초,XXII,US20210816009,22ND 센추리 그룹,1506380,1.15,4.4,,
613,대마초,GNLN,US20190417011,그린레인 홀딩스,1235204,1.03,1.96,,
613,대마초,IMCC,NAS0221117002,IM 캐너비스,811775,1.77,0.1323,,전환사채 희석 부담
45,렌터카,CAR,US19681202001,에이비스 버짓 그룹,4913109285,1.48,140.66,HOLD,
45,렌터카,HTZ,US20211109010,허츠 글로벌 홀딩스,758239836,15.57,2.45,HOLD,숏 스퀴즈 부각
419,알루미늄,AA,US19510611001,알코아,13671856115,4.95,54.08,BUY,
419,알루미늄,CENX,US19960329001,센추리 알루미늄,5153190152,0.79,52.29,,UBS 매수의견
419,알루미늄,CSTM,US20130523001,콘스텔리움,4013666589,1.8,29.91,BUY,
419,알루미늄,KALU,US20060707001,카이저 알루미늄,3069289445,3.36,193.39,HOLD,
419,알루미늄,RYZ,US20140804003,라이어슨 홀딩,1458090694,-1.07,27.7,,
419,알루미늄,TG,US19890705001,트레데가,293825236,-5.73,7.9,,
177,반도체패키징,ASX,US20180501002,ASE 테크놀로지 홀딩(ADR),84309375409,2.82,38.65,BUY,
177,반도체패키징,AMKR,US19980501001,앰코 테크놀로지,13180231954,2.7,54.3,HOLD,중국사업부 매각검토
177,반도체패키징,IMOS,US20010619001,칩모스 테크놀로지스(ADR),1863001935,11.74,59.28,,2분기 흑자전환
707,로봇,EMR,US19530423001,에머슨 일렉트릭,88828682826,3.57,164.38,BUY,
707,로봇,TER,US20181127001,테라다인,57273595076,3.96,379.56,BUY,
707,로봇,ROK,US19560829001,로크웰 오토메이션,48494518358,2.71,447.0,BUY,
707,로봇,SYM,US20220608002,심보틱,24340869710,3.94,41.69,HOLD,
707,로봇,CGNX,US19890720001,코그넥스,10863605933,-2.27,62.9,BUY,
707,로봇,SSII,NAS0250425006,SS 이노베이션스 인터내셔널,753038559,-3.73,3.61,BUY,
707,로봇,KE,US20141104003,킴볼 일렉트로닉스,606640446,0.36,25.23,BUY,
707,로봇,SERV,NAS0240418004,서브 로보틱스,428047754,-0.41,4.9,BUY,목표가 하향
707,로봇,RR,NAS0231114007,리치텍 로보틱스,386229796,1.75,1.74,,
707,로봇,MCRP,AMX0250307001,마이크로폴리스 홀딩,44458600,-7.87,1.17,BUY,
707,로봇,BOSC,US19960402001,BOS 베터 온라인 솔루션즈,31478052,1.12,4.5,BUY,신규고객 수주
707,로봇,KSCP,US20220127003,나이트스코프,29312048,3.45,1.5,,
707,로봇,EXYN,NAS2605015002,엑신 테크놀로지스,17318624,18.43,2.57,BUY,
707,로봇,KITT,US20220913003,노티커스 로보틱스,5873273,0.85,1.18,,
351,수산물,TWG,NAS0240415006,탑 웰스 그룹 홀딩스,92550252,-2.04,1.44,,
351,수산물,AQB,US20170119001,아쿠아바운티 테크놀로지스,7075584,8.76,1.49,,
351,수산물,MGN,NAS0250926004,메건 홀딩스,4714936,-14.02,0.1092,,
351,수산물,NCRA,US20220811004,노세라,4394669,19.51,2.45,,
171,반도체부품소재,COHR,US19871002001,코히런트,63827866197,1.05,328.57,BUY,광학 수요 부각
171,반도체부품소재,Q,NYS0251103004,큐니티 일렉트로닉스,28206691772,2.88,138.24,BUY,
171,반도체부품소재,ENTG,US20000711002,인테그리스,22110020835,4.16,150.21,BUY,
171,반도체부품소재,DD,US20190603005,듀폰,19180162898,2.08,144.49,BUY,
171,반도체부품소재,SOLS,NAS0251030004,솔스티스 어드밴스드 머터리얼즈,9614169611,1.31,61.11,BUY,
171,반도체부품소재,FORM,US20030612001,폼팩터,8816036529,7.65,121.07,BUY,
171,반도체부품소재,VSH,US19840124001,비샤이 인터테크놀로지,5100224575,0.45,33.29,BUY,
171,반도체부품소재,AXTI,US19980521001,AXT,4845262409,-0.04,73.78,BUY,
171,반도체부품소재,ROG,US19800317004,로저스,2302254618,5.18,135.06,BUY,
171,반도체부품소재,PLAB,US19870310001,포트로닉스,1897970655,2.84,32.99,BUY,
171,반도체부품소재,POET,US20220314008,포엣 테크놀로지스,1482427344,0.35,8.59,,
171,반도체부품소재,ALMU,NAS0250327001,앨루마,316837955,5.45,18.19,BUY,
171,반도체부품소재,ASYS,US19840907006,암테크 시스템즈,264729882,2.05,15.4,,
329,조선기자재,CIX,US19980306001,콤프엑스 인터내셔널,374820884,3.96,31.48,,
329,조선기자재,NL,US19881223001,NL 인더스트리스,308616173,1.75,6.4,,
173,반도체장비,ASML,US19950315001,ASML 홀딩(ADR),668087834047,3.8,1799.38,BUY,AI수요 부각
173,반도체장비,AMAT,US19721012001,어플라이드 머티리얼즈,415948020059,0.67,525.61,BUY,목표가 상향
173,반도체장비,LRCX,US19840504001,램 리서치,384705074347,1.64,311.41,BUY,목표주가 상향
173,반도체장비,KLAC,US19801008001,KLA,252677889252,4.01,200.47,BUY,목표가 상향
173,반도체장비,TER,US20181127001,테라다인,57273595076,3.96,379.56,BUY,
173,반도체장비,CLS,US19980630001,셀레스티카,39807848563,-1.34,310.38,BUY,AI 확장 기반 강화
173,반도체장비,ONTO,US20191028002,온투 이노베이션,14346272891,9.76,319.79,BUY,
173,반도체장비,NVMI,US20000411003,노바,12280519444,2.9,395.95,BUY,
173,반도체장비,CAMT,US20000728002,캠텍,7401413069,3.99,164.41,BUY,2027 전망 상향
173,반도체장비,ACMR,US20171107001,ACM 리서치,5549600546,0.64,79.92,BUY,실적 호조 전망
173,반도체장비,KLIC,US19900326028,쿨리케 앤 소파 인더스트리스,4541819997,5.23,91.02,,
173,반도체장비,ACLS,US20000711001,액셀리스 테크놀로지스,4110322585,2.04,135.36,HOLD,
173,반도체장비,UCTT,US20040325001,울트라 클린 홀딩스,3737574340,4.61,86.06,BUY,
173,반도체장비,VECO,US19941220001,비코 인스트루먼츠,3026365686,1.64,50.15,BUY,
173,반도체장비,LASR,US20180426004,엔라이트,2952467968,-3.51,49.21,BUY,
173,반도체장비,ICHR,US20161209001,아이코어 홀딩스,2434137904,4.23,67.51,BUY,
173,반도체장비,COHU,US19861112001,코후,2349774621,6.77,52.82,BUY,
173,반도체장비,ASYS,US19840907006,암테크 시스템즈,264729882,2.05,15.4,,
173,반도체장비,TRT,US19950424001,트리오 테크 인터내셔널,107557096,5.47,11.18,,
207,디스플레이패널,LPL,US20040722004,LG디스플레이(ADR),3371395463,2.08,3.43,SELL,
207,디스플레이패널,DAKT,US19940210001,닥트로닉,1031434269,-0.38,21.2,BUY,
207,디스플레이패널,LYTS,US19850312001,LSI 인더스트리스,912450369,-0.28,24.7,BUY,
207,디스플레이패널,RELL,US19831027001,리처드슨 일렉트로닉스,293224798,1.56,20.2,BUY,
207,디스플레이패널,WETH,NAS0240221002,위터치 테크놀로지,11971999,9.0,1.09,,
379,골판지,SW,US20150706007,스머핏 웨스트록,25046704145,4.27,49.62,,목표가 상향
379,골판지,IP,US19491221001,인터내셔널 페이퍼,21966667755,1.11,41.8,BUY,목표가 상향
379,골판지,GEF,US19960228003,그라이프,4522266490,0.14,87.53,HOLD,
379,골판지,GEF.B,US19960228004,그라이프 B,4522266490,1.85,111.5,,
379,골판지,ORBS,NAS0230404003,에이트코 홀딩스,313680334,2.45,0.7452,,
379,골판지,ITP,US20180801013,IT 테크 패키징,3038597,7.51,0.1919,,10큐 제출 지연
167,캐릭터,HAS,US19841218001,해즈브로,13372491291,2.7,97.04,BUY,
167,캐릭터,MAT,US19680603001,마텔,4297971330,1.97,15.03,BUY,
167,캐릭터,FBYD,NAS0231006002,팰컨스 비욘드 글로벌,1155707355,4.84,9.96,,
167,캐릭터,TRON,NAS0230815007,트론,723506219,-3.95,1.46,,
167,캐릭터,FNKO,US20171101003,펀코,348356249,-4.2,5.93,,
167,캐릭터,JAKK,US19960502001,잭스 퍼시픽,292378257,-0.08,25.44,,
473,저축은행,RKT,US20200806007,로켓 컴퍼니스,39095544359,4.07,14.32,BUY,
473,저축은행,SLM,US19840410001,SLM,5453142753,-0.59,27.16,BUY,
473,저축은행,TFSL,US20070423001,TFS 파이낸셜,4842788651,0.17,17.24,,
473,저축은행,NNI,US20031211001,넬넷,4548629360,-1.08,125.33,,
473,저축은행,CLBK,US20180420001,컬럼비아 파이낸셜,2923665024,2.59,11.09,HOLD,
473,저축은행,NWBI,US19940812001,노스웨스트 뱅크셰어스,2276345948,0.9,15.63,HOLD,
473,저축은행,UWMC,US20210122019,UWM 홀딩스,2269492588,8.51,1.53,BUY,투하버스 손배소
473,저축은행,LU,US20201030004,루팍스 홀딩(ADR),1443582934,-6.63,1.55,BUY,
473,저축은행,TMP,US19900328001,톰킨스 파이낸셜,1407233577,1.63,99.1,,
473,저축은행,SACH,US20170210003,새켐 캐피탈,1265224048,1.11,0.813,HOLD,
473,저축은행,OCSL,NAS0230123005,오크트리 스페셜티 렌딩,1125131702,0.63,12.81,,
473,저축은행,TRST,US19900326049,트러스트코 뱅크 NY,934077984,2.41,55.99,,
473,저축은행,WRLD,US19911126001,월드 억셉턴스,874223464,0.16,187.13,,
473,저축은행,VEL,US20200116007,벨로시티 파이낸셜,725357217,-0.38,18.24,,
473,저축은행,HIFS,US19881220001,힝엄 인스티튜션 포 세이빙스,659496983,4.23,311.5,,
473,저축은행,TREE,US20080812001,렌딩트리,454734049,-2.35,31.52,,
473,저축은행,FOA,US20210405020,파이낸스 오브 아메리카 컴퍼니스,378917096,-1.24,21.55,BUY,
473,저축은행,OPRT,US20190925011,오포툰 파이낸셜,357148515,-1.81,7.6,BUY,
473,저축은행,LDI,US20210203006,론디포,298076915,-2.95,0.8526,SELL,
473,저축은행,RM,US20120328002,리저널 매니지먼트,291598125,0.41,31.63,BUY,
473,저축은행,MFIN,US20160511002,메달리언 파이낸셜,249963589,1.66,11.03,BUY,
473,저축은행,TROO,US20211116009,트룹스,245148946,-2.0,1.96,,
473,저축은행,LX,US20171220002,렉신핀테크(ADR),243060317,0,1.47,BUY,
473,저축은행,XYF,US20180918004,X 파이낸셜(ADR),202895704,2.1,5.36,,
473,저축은행,CPSS,US19921022001,컨슈머 포트폴리오 서비시스,200057307,-0.54,9.2,,
473,저축은행,LSBK,US20060404001,레이크 쇼어 뱅코프,134532823,0.47,17.13,,
473,저축은행,BSBK,US20200115001,보고타 파이낸셜,116210942,-0.44,8.97,,
473,저축은행,FSEA,NAS0230120004,퍼스트 시코스트 뱅코프,80671295,0.12,17.11,,
473,저축은행,NSTS,US20220119007,NSTS 뱅코프,72855409,0.07,13.81,,
473,저축은행,CLST,US20211012002,캐털리스트 뱅코프,69115846,0,17.0,,
473,저축은행,LOAN,US19990513001,맨해튼 브리지,47805959,-1.2,4.12,,
473,저축은행,CNF,US20181106002,CN파이낸스 홀딩스(ADR),17917719,-1.75,2.25,,
473,저축은행,SNTG,US20210708010,센티지 홀딩스,5235601,9.68,2.04,,
473,저축은행,DXF,US20180305002,이슨 테크놀로지(ADR),2575895,8.1,0.53,,
289,자전거,PTON,US20190925012,펠로톤,2426384910,1.63,5.6,HOLD,
289,자전거,YMAT,NAS0250730006,J 스타 홀딩,8515380,2.6,1.97,,
289,자전거,FLYE,NAS0240606001,플라이 이 그룹,2718951,3.61,1.72,,
607,오토바이,DOO,US20180914002,BRP INC,4718187499,1.76,65.24,,
607,오토바이,HOG,US19980227002,할리 데이비슨,2724460503,2.41,26.72,HOLD,
607,오토바이,RDNW,US20171019003,라이드나우 그룹,248957027,1.24,6.51,,매출 예상치 미달
607,오토바이,LVWR,US20201123012,라이브와이어,232903299,2.65,1.16,,
607,오토바이,NIU,US20181018003,NIU 테크놀로지(ADR),144617848,-1.48,2.0,,적자 전환
607,오토바이,EMPD,US20211005012,앰퍼리 디지털,71077725,5.16,2.65,BUY,
607,오토바이,GGR,US20220405004,고고로,51965309,0.78,2.6,,
607,오토바이,FLYE,NAS0240606001,플라이 이 그룹,2718951,3.61,1.72,,
369,카지노,LVS,US20041215002,라스베이거스 샌즈,29544357041,0.57,45.72,BUY,
369,카지노,FLUT,NYS0240129002,플러터 엔터테인먼트,16415014612,5.04,99.02,BUY,씨티 중립상향
369,카지노,DKNG,US20200424002,드래프트킹스,12089803809,4.41,25.34,BUY,
369,카지노,MGM,US19971113001,MGM 리조트 인터내셔널,10946060060,1.78,44.13,BUY,
369,카지노,WYNN,US20021025001,윈 리조트,10590620587,2.23,104.79,BUY,
369,카지노,SGHC,US20220128006,슈퍼 그룹,6576419148,0.54,12.97,,
369,카지노,RRR,US20160427002,레드 락 리조트,6458271463,2.86,63.04,BUY,
369,카지노,CHDN,US19930329001,처칠 다운스,6040426894,2.61,88.62,BUY,
369,카지노,RSI,US20201230014,러시 스트리트 인터랙티브,5748868837,1.74,25.15,BUY,
369,카지노,PENN,US19940526001,펜 엔터테인먼트,2535726104,1.49,19.13,BUY,
369,카지노,MCRI,US19930806001,모나크 카지노 앤 리조트,2179756441,0.88,122.28,HOLD,
369,카지노,MLCO,US20170406001,멜코 리조트 앤 엔터테인먼트(ADR),2127262106,1.65,5.55,BUY,
369,카지노,DVLT,NYS0251105001,엑지오 그룹,1435416147,3.27,16.4,,
369,카지노,BALY,NYS0250210001,발리스 코퍼레이션,639474763,-0.38,12.97,,
369,카지노,FLL,US19930810001,풀 하우스 리조트,90818837,-4.05,2.37,BUY,
369,카지노,CPHC,US19940818001,캔터베리 파크 홀딩스,79920048,-0.32,15.41,,2분기 손실 축소
369,카지노,ROLR,AMX0241023001,하이 롤러 테크놀로지스,73411276,-3.9,6.41,BUY,매출하회 적자확대
369,카지노,ELWT,NAS0251105001,엘라우윗 커넥션,53669356,0.74,8.14,,
369,카지노,CNTY,US19771011001,센추리 카지노,33879745,1.67,1.22,BUY,
605,암호화폐,MSTR,US19980611001,스트래티지,50586362253,-1.27,96.09,BUY,
605,암호화폐,COIN,US20210414003,코인베이스,39360313289,-0.07,148.58,BUY,입법 지연 부담
605,암호화폐,CRCL,NYS0250605001,써클 인터넷 그룹,17080109336,6.13,71.16,HOLD,오픈USD 경쟁부담
605,암호화폐,IREN,US20211116005,아이렌,14382837193,2.61,39.75,BUY,AI계약 목표상향
605,암호화폐,BMNR,AMX0250605001,비트마인 이머션 테크놀로지스,11271070942,-0.06,18.09,BUY,
605,암호화폐,HUT,US20210615004,허트 8,10574933830,3.64,88.78,BUY,채굴량·보유량 확대
605,암호화폐,APLD,US20220413001,어플라이드 디지털,8498818773,2.17,29.69,BUY,
605,암호화폐,WULF,US20211214013,테라울프,8110707111,3.4,16.75,BUY,강세 콜옵션
605,암호화폐,GLXY,NAS0250516003,갤럭시 디지털,7636662203,3.12,20.13,BUY,헬리오스 공급 진척
605,암호화폐,RIOT,US20171019002,라이엇 플랫폼스,7361014412,4.33,20.24,BUY,데이터센터 장기계약
605,암호화폐,CIFR,US20210830003,사이퍼 마이닝,6800437465,5.39,17.21,BUY,
605,암호화폐,CORZ,NAS0240124001,코어 사이언티픽,6268044436,1.65,19.76,BUY,200MW 조기인도
605,암호화폐,MARA,US20140728001,마라 홀딩스,3705546186,1.26,9.68,BUY,고성능컴퓨팅 확대
605,암호화폐,BLSH,NYS0250813001,불리쉬,3700925473,-0.08,24.52,,거래소 수혜 부각
605,암호화폐,CLSK,US20200124001,클린스파크,2986604730,-0.6,11.52,BUY,데이터센터 장기임대
605,암호화폐,BTDR,NAS0230414002,비트디어 테크놀로지스 그룹,2122787326,0,8.69,BUY,자체채굴 확대
605,암호화폐,SECZ,NAS0250502001,시큐리타이즈,1133303902,6.79,7.39,BUY,아웃퍼폼 개시
605,암호화폐,HIVE,US20210914015,하이브 디지털 테크놀로지스,700802953,1.92,2.65,BUY,
605,암호화폐,CSHR,NAS0241028006,코인셰어스,665102526,-2.98,4.88,,
605,암호화폐,GEMI,NAS0250911002,제미니 스페이스 스테이션,520727669,-1.46,4.05,HOLD,
605,암호화폐,BTBT,US20200807001,비트 디지털,455487112,3.85,1.35,,
605,암호화폐,MCGA,NAS0250908003,YORKVILLE ACQUISITION CORP.,426447380,-0.1,10.28,,
605,암호화폐,CNCK,US20210820003,코인체크 그룹,373350007,3.09,2.0,,
605,암호화폐,BKKT,US20211018004,백트 홀딩스,342441785,-3.66,7.37,,
605,암호화폐,DGXX,US20211115001,디지 파워 X,276534498,1.07,3.79,BUY,
605,암호화폐,SLNH,US20211104022,솔루나 홀딩스,247945420,5.83,1.27,,
605,암호화폐,CD,NAS0230228002,체인스 디지털 홀딩스,227979849,7.34,3.07,,할인 발행 부담
605,암호화폐,FUFU,US20211209001,비트푸푸,215712257,0,1.29,BUY,
605,암호화폐,BGIN,NAS0251021003,비긴 블록체인,196411685,2.31,1.77,,
605,암호화폐,DEFT,NAS0250512003,디파이 테크놀로지스,179216435,5.11,0.4836,BUY,
605,암호화폐,EXOD,AMX0241218003,엑소더스 무브먼트,156595803,-4.04,4.99,BUY,실적 추정치 하회
605,암호화폐,AIB,AMX0231110001,AIB 데이터센터,133415014,0,1.75,BUY,
605,암호화폐,ANTA,NAS0250513001,앤트알파 플랫폼 홀딩 컴퍼니,93888158,3.33,4.03,BUY,
605,암호화폐,FRMM,US20201109002,포럼 마켓츠,83506168,-0.79,6.25,BUY,
605,암호화폐,NCTY,US20041215001,더 나인(ADR),69422096,-7.95,4.17,,
605,암호화폐,AIFC,US20190911002,AI 파이낸셜,58635869,0.5,0.42,,캐나다사업 매각
605,암호화폐,BTCS,US20210914001,BTCS,56436928,-2.65,1.1,,
605,암호화폐,SDEV,AMX0221116004,스테이블코인 디벨롭먼트,51802841,1.96,1.04,,
605,암호화폐,BENF,US20211203001,베네피선트,43316655,-1.79,2.75,,전환사채 희석 부담
605,암호화폐,SAIH,US20220502003,사이히트,41367925,0.36,22.58,,AI추론 합병
605,암호화폐,STKE,NAS0250909003,솔 스트래터지스,39710091,3.88,1.07,,
605,암호화폐,VIP,US20210915006,벌컨 인프라스트럭처 앤 파워,30022481,1.82,1.68,,
605,암호화폐,FLD,US20220207004,폴드 홀딩스,22996254,-0.27,0.4501,,실적 예상치 하회
605,암호화폐,AIXC,NAS0221123002,AIXCRYPTO HOLDINGS INC,16025647,1.04,0.7975,,
605,암호화폐,MPU,AMX0230206001,메가 매트릭스,14816542,1.44,0.2191,,
605,암호화폐,EBON,US20200626002,이방 인터내셔널 홀딩스,13591893,1.45,2.1,,
605,암호화폐,CAN,US20191120001,카난(ADR),7829468,0.5,0.201,,
605,암호화폐,BTCT,US20200331004,BTC 디지털,7723245,1.65,0.4997,BUY,
605,암호화폐,AGMH,US20180418001,AGM 그룹 홀딩스,3789000,3.81,1.09,,
605,암호화폐,BTOG,US20220215001,비트 오리진,3504137,2.35,0.859,,
605,암호화폐,MI,AMX0230918004,NFT,1784617,9.09,8.4,,
605,암호화폐,IPST,NAS0241122001,IP 스트래티지 홀딩,1314857,5.24,2.01,,
605,암호화폐,ARBK,US20210922001,아르고 블록체인(ADR),974179,-0.69,2.89,,
155,부동산임대개발,CBRE,US20180320001,CBRE 그룹,41822831390,2.45,147.46,BUY,
155,부동산임대개발,LB,NYS0240627002,랜드브릿지,6320010927,2.69,83.91,,
155,부동산임대개발,MRP,NYS0250207001,밀로즈 프라퍼티스,4798399096,3.23,29.73,,
155,부동산임대개발,HHH,US20101105001,하워드 휴즈 홀딩스,3927990690,2.26,67.03,,
155,부동산임대개발,JOE,US19920310001,세인트 조,3786147636,3.2,68.4,,
155,부동산임대개발,BATRA,NAS0230719001,애틀랜타 브레이브스 홀딩스 A,3205197959,2.06,54.39,BUY,구단가치 부각
155,부동산임대개발,BATRK,NAS0230719002,애틀랜타 브레이브스 홀딩스 C,3205197959,1.84,50.96,HOLD,구단가치 부각
155,부동산임대개발,GRBK,US20211213007,그린 브릭 파트너스,3088975152,1.55,71.61,,
155,부동산임대개발,ABM,US19840719001,ABM 인더스트리스,2816718461,0.75,48.28,BUY,
155,부동산임대개발,FOR,US19730314001,포레스타 그룹,1460469348,1.93,29.08,BUY,
155,부동산임대개발,DFH,US20221010002,드림 파인더스 홈스,1255325345,2.54,14.14,HOLD,
155,부동산임대개발,HOV,US19830907001,호브내니언 엔터프라이지스,781012903,4.3,137.36,SELL,
155,부동산임대개발,CRESY,US19970319001,크레수드(ADR),685340016,-2.13,10.58,,
155,부동산임대개발,TRC,US19920317027,테혼 랜치,446010288,0.61,16.55,,
155,부동산임대개발,FPH,US20170508003,파이브 포인트 홀딩스,377539976,0.38,5.26,,
155,부동산임대개발,SEG,AMX0240801006,시포트 엔터테인먼트 그룹,371194052,1.21,29.23,,
155,부동산임대개발,MLP,US19980511002,마우이 랜드 앤 파인애플,320904829,-0.31,16.05,,
155,부동산임대개발,TCI,US19860910001,트랜스컨티넨탈 리얼티 인베스터스,315877543,0.92,36.21,,
155,부동산임대개발,ARL,US20000803001,아메리칸 리얼티 인베스터스,244841618,0.93,15.21,,
155,부동산임대개발,CHCI,US20041214001,컴스톡 홀딩 컴퍼니스,154616214,-1.0,14.87,,
155,부동산임대개발,AXR,US19871210001,앰렙,116368541,-0.18,21.74,HOLD,
155,부동산임대개발,STHO,NAS0230331009,스타 홀딩스,114434577,0.53,9.49,,
155,부동산임대개발,RFL,US20191121005,라파엘 홀딩스,103830945,-3.52,1.92,,
155,부동산임대개발,LPA,US20210330015,로지스틱 프로퍼티스 오브 디 아메리카스,93828116,1.69,3.0,,
155,부동산임대개발,MAYS,US19920226001,JW 메이스,82350832,0.05,40.73,,
155,부동산임대개발,XHG,US20220926001,엑스체인지 텍(ADR),49240059,-3.35,0.9201,,
155,부동산임대개발,AEI,NAS0221228001,알셋,41759687,2.8,1.1,,
155,부동산임대개발,CKX,US19990713001,CKX 랜즈,22413803,0,10.88,,
155,부동산임대개발,MRNO,US20220314003,무라노 글로벌 인베스트먼츠,18284078,-3.65,0.2139,,
155,부동산임대개발,LRE,NAS0230331005,리드 리얼 에스테이트(ADR),18068379,-0.76,1.31,,
155,부동산임대개발,AIRE,NAS0231023002,리알파 테크,8998854,-1.31,1.51,BUY,
155,부동산임대개발,RENX,NAS0230928001,렌엑스엔터,5009437,3.14,1.97,,
155,부동산임대개발,CWD,NAS0230517004,캘리버코스,4485662,10.34,0.558,,
155,부동산임대개발,GBR,US19930326003,뉴 컨셉 에너지,3581879,2.75,0.7147,,
155,부동산임대개발,UK,US20201118018,유커뮨 인터내셔널,1387710,9.8,2.24,,
13,의류제조,GIL,US19980617001,질단 액티브웨어,10682616420,1.77,58.51,BUY,
13,의류제조,CAL,US20150601001,컬레러스,487692016,-2.21,14.15,,
13,의류제조,MAMK,NAS0250707008,맥스메이킹 ,216857989,0,13.0,,
13,의류제조,LAKE,US19860909001,레이크랜드 인더스트리스,119326755,0.83,12.15,BUY,
13,의류제조,JRSH,US20180504002,저라쉬 홀딩스,65881371,3.09,5.33,,
13,의류제조,JL,NAS0240124004,J 롱 그룹,19815908,-1.71,5.16,,
47,종이,SW,US20150706007,스머핏 웨스트록,25046704145,4.27,49.62,,목표가 상향
47,종이,PKG,US20000128002,패키징 코퍼레이션 오브 아메리카,22774771391,1.05,257.43,BUY,
47,종이,IP,US19491221001,인터내셔널 페이퍼,21966667755,1.11,41.8,BUY,목표가 상향
47,종이,SUZ,US20181210003,수자노(ADR),10071147339,-3.45,7.84,BUY,
47,종이,GEF,US19960228003,그라이프,4522266490,0.14,87.53,HOLD,
47,종이,GEF.B,US19960228004,그라이프 B,4522266490,1.85,111.5,,
47,종이,SLVM,US20211001022,실바모,1607772133,-1.36,39.75,HOLD,목표주가 하향
47,종이,MAGN,US19840516001,매그네라,470570549,-4.89,12.46,HOLD,
47,종이,PACK,US20190603006,란팍 홀딩스,447455522,3.46,5.38,,
47,종이,CLW,US19980526001,클리어워터 페이퍼,369445594,-0.7,22.67,HOLD,
47,종이,ORBS,NAS0230404003,에이트코 홀딩스,313680334,2.45,0.7452,,
47,종이,MERC,US19900326031,머서 인터내셔널,34295115,-1.96,0.5,,
47,종이,MGIH,NAS0230330006,밀레니엄 그룹 인터내셔널 홀딩스,19641388,-10.34,1.56,,
47,종이,ITP,US20180801013,IT 테크 패키징,3038597,7.51,0.1919,,10큐 제출 지연
956,양자컴퓨터,IONQ,US20211001008,아이온큐,16954328855,2.14,43.44,BUY,워런트 손실 확대
956,양자컴퓨터,QNT,NAS2606004007,퀀티넘,14818420916,-0.94,56.06,BUY,손실 예상 상회
956,양자컴퓨터,RGTI,US20210422015,리게티 컴퓨팅,5910997815,2.49,18.09,BUY,
956,양자컴퓨터,INFQ,NAS0250707002,인플렉션,2559372446,1.11,11.82,BUY,전력망 연구 선정
956,양자컴퓨터,IQMX,NAS0250602008,IQM 퀀텀 컴퓨터스(ADR),2491314678,-3.17,9.16,,
956,양자컴퓨터,QUBT,US20210715012,퀀텀 컴퓨팅,2020858022,0.22,8.95,BUY,영업비용 급증
956,양자컴퓨터,XNDU,NAS0250519002,제너두 퀀텀 테크놀로지스,557534634,-1.99,10.34,,
956,양자컴퓨터,QTEX,US20210714007,큐트렉스 퀀텀,49540679,-4.24,0.9959,,
73,농업용 기계,DE,US19580804001,디어,165025266910,1.42,617.95,BUY,
73,농업용 기계,CNH,US20131001001,CNH 인더스트리얼,13015360526,1.43,10.63,BUY,목표주가 상향
73,농업용 기계,TTC,US19831215001,더 토로 컴퍼니,9427210206,0.15,98.81,BUY,
73,농업용 기계,AGCO,US19920416001,애그코,7088058451,0.56,101.43,HOLD,
73,농업용 기계,TITN,US20071206001,타이탄 머시너리,427642321,2.84,18.81,,
73,농업용 기계,UAVS,US20180327006,에이지이글 에어리얼 시스템스,59383810,-1.47,0.9952,,
73,농업용 기계,ARTW,US19840907005,아츠웨이 매뉴팩처링,14978606,-1.74,2.82,,
73,농업용 기계,HYFM,US20201208003,하이드로팜 홀딩스 그룹,9322503,-14.36,1.67,,
73,농업용 기계,IPW,US20210506001,아이파워,2852730,4.67,3.81,,
333,원자력발전,NEE,US19720630009,넥스트에라 에너지,179400335267,1.23,85.74,BUY,
333,원자력발전,CEG,US20220202001,컨스털레이션 에너지,96140302924,2.93,278.36,BUY,유틸리티 강세
333,원자력발전,DUK,US19640616001,듀크 에너지,95793494965,1.65,123.19,BUY,에쿼티유닛 호재
333,원자력발전,EXC,US20190925010,엑셀론,46091091433,0.83,44.87,HOLD,
333,원자력발전,CCJ,US19960314001,카메코,42525451973,1.46,98.73,BUY,
333,원자력발전,TLN,NAS0240710007,탈런 에너지,16499463452,4.28,357.88,BUY,
333,원자력발전,KEP,US19941028003,한국전력(ADR),15794344742,0.33,12.3,BUY,
333,원자력발전,BWXT,US20150702003,BWX 테크놀로지스,15525597178,0.49,169.71,BUY,
333,원자력발전,OKLO,US20210701009,오클로,8303993108,5.66,47.01,BUY,목표주가 하향
333,원자력발전,UEC,US20070405001,우라늄 에너지,5650747297,0.7,11.46,,
333,원자력발전,SMR,US20201208006,뉴스케일파워,3958238656,7.73,9.89,HOLD,ATM 희석 부담
333,원자력발전,LEU,US20150316002,센트러스 에너지,3654051660,-0.08,189.19,BUY,
333,원자력발전,UUUU,US20131205001,에너지 퓨얼스,3584114312,3.43,14.78,BUY,
333,원자력발전,DNN,US20070419002,데니슨 마인스,2960361446,1.53,3.31,BUY,
333,원자력발전,STDN,NYS2607016002,스탠다드 뉴클리어,1845951452,5.5,12.08,,비중확대의견 개시
333,원자력발전,NNE,NAS0240508002,나노 뉴클리어 에너지,1000556495,4.36,19.38,,
333,원자력발전,FISN,NAS2606018002,딥 피션,469890457,3.77,8.25,BUY,
333,원자력발전,LTBR,US20001113001,라이트브리지,334507660,1.8,9.06,,
93,전기설비,CMS,US19870501001,CMS 에너지,174043913036,0.81,69.62,BUY,
93,전기설비,ETN,US19481201001,이튼,173408592613,3.22,459.29,BUY,
93,전기설비,AEP,US20201001001,아메리칸 일렉트릭 파워,67100573588,0.6,123.58,BUY,전력망 수혜 부각
93,전기설비,FIX,US19970627001,컴포트 시스템즈 USA,59144781927,0.79,1688.05,BUY,
93,전기설비,ETR,US19940103001,엔터지,48539812069,0.87,106.57,BUY,
93,전기설비,FTS,US20161014002,포르티스,28394726414,1.23,56.07,HOLD,
93,전기설비,FE,US19971110001,퍼스트에너지,27148967916,0.17,46.84,BUY,
93,전기설비,NVT,US20180501004,엔벤트 일렉트릭,26363509049,2.98,167.16,BUY,
93,전기설비,EVRG,US20180605002,에버지,18991451082,-0.07,82.03,BUY,
93,전기설비,WCC,US19990512001,웨스코 인터내셔널,17923610219,-0.1,366.17,BUY,
93,전기설비,LNT,US20181231002,얼라이언트 에너지,17745790866,0.54,68.58,BUY,
93,전기설비,CSL,US19860602002,칼라일,15351759354,1.22,389.96,BUY,
93,전기설비,IESC,US20060515001,IES 홀딩스,15015738399,3.85,780.0,HOLD,DBM 인수 합의
93,전기설비,AES,US19910627001,AES,10544592202,-0.2,14.7,HOLD,
93,전기설비,VICR,US19830323001,바이코,9660198602,0.99,210.88,,
93,전기설비,POWL,US19900326043,파월 인더스트리스,7575160284,0.56,208.38,BUY,
93,전기설비,ECG,NYS0241101001,에베루스 컨스트럭션 그룹,6757650483,1.96,134.48,BUY,
93,전기설비,MYRG,US20080909001,MYR 그룹,5160120400,-0.11,329.94,BUY,
93,전기설비,PLPC,US19990428001,프리폼드 라인 프로덕츠,2269330179,3.92,480.77,BUY,
93,전기설비,HE,US19830701001,하와이언 일렉트릭 인더스트리스,2024305327,1.46,11.85,,
93,전기설비,PSIX,NAS0241226001,파워 솔루션스 인터내셔널,995178095,-1.98,42.15,BUY,실적 반등 부각
93,전기설비,LMB,US20161116001,림바흐 홀딩스,554358682,0.15,46.4,,
93,전기설비,TWIN,US19900124001,트윈 디스크,343125005,1.9,24.16,BUY,
93,전기설비,NNBR,US19940315001,NN,300785203,0.55,3.65,BUY,리전의 NN지분공시
93,전기설비,MAGH,NAS0250812005,매그니튜드 인터내셔널,237402430,0,6.76,,
93,전기설비,SKYX,US20220209008,스카이 X 플랫폼스,164627031,0.82,1.23,BUY,
93,전기설비,IPWR,US20131121001,아이디얼 파워,69549955,-3.0,4.2,,
93,전기설비,PPSI,US20130920001,파이어니어 파워 솔루션즈,32176968,2.08,2.95,,
63,디스플레이,GLW,US19450521001,코닝,136353503895,0.91,159.19,BUY,폴리실리콘 수혜 기대
63,디스플레이,DD,US20190603005,듀폰,19180162898,2.08,144.49,BUY,
63,디스플레이,AYI,US20011128001,어큐이티 브랜즈,10615101817,1.04,357.08,BUY,
63,디스플레이,OLED,US20130625001,유니버설 디스플레이,4175952141,3.87,94.04,BUY,
63,디스플레이,LPL,US20040722004,LG디스플레이(ADR),3371395463,2.08,3.43,SELL,
63,디스플레이,DAKT,US19940210001,닥트로닉,1031434269,-0.38,21.2,BUY,
63,디스플레이,LYTS,US19850312001,LSI 인더스트리스,912450369,-0.28,24.7,BUY,
63,디스플레이,KOPN,US19920415001,코핀,782764178,23.52,5.2,BUY,
63,디스플레이,RELL,US19831027001,리처드슨 일렉트로닉스,293224798,1.56,20.2,BUY,
63,디스플레이,OESX,US20150616001,오라이언 에너지 시스템스,78575415,3.13,19.75,,
63,디스플레이,EFOI,US20140807001,에너지 포커스,19529751,-2.6,3.0,,재고충당금 부담
63,디스플레이,LEDS,US20101209001,세미LEDS,17765128,-0.93,2.12,,
63,디스플레이,WETH,NAS0240221002,위터치 테크놀로지,11971999,9.0,1.09,,
63,디스플레이,OST,US20220426013,오스틴 테크놀로지 그룹,10190749,0,1.69,,
105,디스플레이부품소재,GLW,US19450521001,코닝,136353503895,0.91,159.19,BUY,폴리실리콘 수혜 기대
105,디스플레이부품소재,DD,US20190603005,듀폰,19180162898,2.08,144.49,BUY,
105,디스플레이부품소재,OLED,US20130625001,유니버설 디스플레이,4175952141,3.87,94.04,BUY,
105,디스플레이부품소재,OST,US20220426013,오스틴 테크놀로지 그룹,10190749,0,1.69,,
951,탄소저감,NGVT,US20160516001,인제비티,2657457433,0.97,77.79,BUY,
951,탄소저감,BW,US20150702002,밥콕 앤 윌콕스 엔터프라이지스,1492618114,3.49,9.19,BUY,데이터센터 계약
951,탄소저감,ADUR,NAS0241107001,아두로 클린 테크놀로지스,551337387,0.84,15.69,BUY,
951,탄소저감,ENGS,NAS0250401001,에너지스 그룹,88119948,-1.78,2.76,,
951,탄소저감,LNZA,NAS0230210006,란자테크 글로벌,83004067,-1.58,6.22,,
951,탄소저감,SKYQ,NAS0241010011,스카이 쿼리,50940914,-5.63,3.52,,
951,탄소저감,BCHT,AMX2602026001,버치테크,37744834,-4.2,1.37,,
609,드론,AVAV,US20070123001,에어로바이런먼트,9604974106,3.63,196.02,BUY,
609,드론,JOBY,US20210811006,조비 에비에이션,8743738746,-4.43,8.42,HOLD,지분희석 우려
609,드론,ACHR,US20210917001,아처 에비에이션,4771210435,8.47,6.79,BUY,적자 확대 전망
609,드론,RCAT,US20210430005,레드 캣 홀딩스,1532322938,6.6,10.66,BUY,
609,드론,UMAC,AMX0240423001,언유주얼 머신스,1360417817,-4.31,25.97,BUY,국산화 규제 수혜
609,드론,EVEX,US20220510003,이브 홀딩스,993057764,0.35,2.85,,
609,드론,EH,US20191211003,이항 홀딩스(ADR),433023749,1.41,5.77,BUY,
609,드론,SWMR,NAS2603017002,스워머,408312406,8.73,39.47,BUY,
609,드론,DPRO,US20210730003,드라간플라이,172845055,-6.14,4.43,BUY,
609,드론,ZENA,NAS0241001010,제나테크,152507451,6.43,1.82,BUY,에파즈 거래 우려
609,드론,EVTL,US20211216008,버티컬 에어로스페이스,114996629,-1.5,0.8866,BUY,
609,드론,UAVS,US20180327006,에이지이글 에어리얼 시스템스,59383810,-1.47,0.9952,,
609,드론,DUKR,NAS2605015001,듀크 로보틱스,18328708,3.73,5.56,BUY,
609,드론,PRZO,NAS0230727001,패러제로 테크놀로지스,14186802,9.37,0.5964,,
609,드론,DFSC,NAS0221207001,DEFSEC 테크놀로지스,3237568,6.61,1.29,,
83,통신장비,APH,US19911108001,암페놀,207472592158,-0.28,167.23,BUY,
83,통신장비,GLW,US19450521001,코닝,136353503895,0.91,159.19,BUY,폴리실리콘 수혜 기대
83,통신장비,MSI,US19910920001,모토로라,76714117245,1.06,466.86,BUY,
83,통신장비,COHR,US19871002001,코히런트,63827866197,1.05,328.57,BUY,광학 수요 부각
83,통신장비,LITE,US20150805002,루멘텀 홀딩스,63505730140,0.87,820.59,BUY,가이던스 상회
83,통신장비,CIEN,US20131223002,시에나,55066193998,-0.04,387.53,BUY,
83,통신장비,NOK,US19940701001,노키아(ADR),51288984185,3.4,9.44,BUY,이익전망 상향
83,통신장비,UI,US20190820002,유비퀴티,34643129118,0.49,573.26,,
83,통신장비,ERIC,US19890928001,에릭슨 B(ADR),30186005848,0.9,10.07,HOLD,
83,통신장비,ASTS,US20210407001,AST 스페이스모바일,26777956232,4.17,71.63,HOLD,실적 실망
83,통신장비,SBAC,US19990616001,SBA 커뮤니케이션스,19272393848,0.51,181.97,BUY,
83,통신장비,FN,US20100625003,패브리넷,18948828931,-0.23,525.88,BUY,
83,통신장비,AAOI,US20130925001,어플라이드 옵토일렉트로닉스,11269732554,1.14,134.33,BUY,목표가 상향
83,통신장비,GSAT,US20140421001,글로벌스타,10896185114,-0.3,83.56,BUY,
83,통신장비,VIAV,US20150805004,비아비 솔루션즈,9207828931,3.23,38.4,BUY,
83,통신장비,IDCC,US19900326024,인터디지털,9017421215,-2.92,338.07,BUY,
83,통신장비,IRDM,US20080320001,이리디움 커뮤니케이션스,5243689991,0.12,49.38,HOLD,현금배당 결정
83,통신장비,KN,US20140303001,놀스,3278881836,0.81,38.57,,
83,통신장비,EXTR,US19990409001,익스트림 네트웍스,3088957001,1.53,23.9,,
83,통신장비,AD,US19880511002,ARRAY DIGITAL INFRASTRUCTURE INC,3042236632,-0.6,34.85,BUY,
83,통신장비,IHS,US20211013004,IHS 홀딩스,2794270900,0.12,8.31,BUY,
83,통신장비,COMM,US20131024001,비스탄스 네트웍스,2642686019,2.45,11.7,HOLD,
83,통신장비,PLPC,US19990428001,프리폼드 라인 프로덕츠,2269330179,3.92,480.77,BUY,
83,통신장비,ATEX,US20190617001,안테릭스,1815399439,0.16,92.94,BUY,순이익 급감
83,통신장비,ITRN,US20050928001,이투란 로케이션 앤 콘트롤,1029766397,1.64,52.66,BUY,
83,통신장비,GILT,US19930326001,길라트 새털라이트 네트웍스,835267797,1.63,11.21,,
83,통신장비,SHEN,US19930412001,셰넌도어 텔레커뮤니케이션스,739403105,0.45,13.37,BUY,
83,통신장비,ITG,NAS2607001005,ITG,639206153,-5.93,12.37,BUY,
83,통신장비,CLFD,US19860807001,클리어필드,392408421,2.33,29.46,,
83,통신장비,RBBN,US20171129001,리본 커뮤니케이션스,367831157,-2.93,1.99,BUY,
83,통신장비,BKTI,AMX0230424001,BK 테크놀로지스,281767235,3.13,77.35,,
83,통신장비,AVNW,US19910207001,아비아트 네트웍스,271351958,0.48,21.0,BUY,
83,통신장비,AUDC,US19990528001,오디오코드,244815456,-0.5,9.95,,
83,통신장비,SILC,US19940228001,실리콤,239297039,9.86,45.91,BUY,
83,통신장비,CABO,US20150702004,케이블 원,203473830,-5.18,33.89,HOLD,
83,통신장비,CRNT,US20000804002,세라건 네트웍스,192436138,3.79,2.19,BUY,실적 예상 상회
83,통신장비,AMPG,US20210217002,앰플리테크 그룹,144666745,9.14,6.21,,
83,통신장비,SANG,US20211216015,상고마 테크놀로지스,138241453,0.24,4.15,BUY,
83,통신장비,OCC,US19960402003,옵티컬 케이블,136132537,3.77,15.95,,
83,통신장비,RFIL,US19970528001,RF 인더스트리스,135186127,2.82,12.77,HOLD,
83,통신장비,LGL,US19920317024,LGL 그룹,92767941,-1.09,7.25,,
83,통신장비,PCLA,NAS0250116005,피코세라(ADR),87878798,-25.14,6.82,,
83,통신장비,AIRG,US20160811001,에어게인,71901309,-2.38,5.34,,
83,통신장비,CMTL,US19920218001,컴테크 텔레커뮤니케이션스,51708437,0.58,1.73,BUY,
83,통신장비,FKWL,US20210329003,프랭클린 와이어리스,27964342,2.12,2.41,,
83,통신장비,MOBX,US20210813004,모빅스 랩스,23191571,-9.3,1.56,,
83,통신장비,UTSI,US20000303002,UT스타컴 홀딩스,22307883,0.41,2.43,,
83,통신장비,IOTR,NAS0250410006,아이오스리,13225802,11.44,3.02,,
83,통신장비,MTEK,US20220202004,메리스 테크,12452958,0.84,1.2,,
83,통신장비,CCTG,NAS0240118001,CCSC 테크놀로지 인터내셔널 홀딩스,10452691,-0.93,0.76,,
83,통신장비,CHAI,US20200925009,코어 AI 홀딩스,7279563,-3.68,0.3192,,ATM 공모 부담
185,건설사,PWR,US19980212001,콴타 서비시스,97694569660,1.47,670.58,BUY,
185,건설사,FER,NAS0240509001,페로비알,47896700930,0.37,65.67,,
185,건설사,DHI,US19920612001,D R 호튼,41160110789,2.82,150.79,BUY,
185,건설사,EME,US19941028002,엠코 그룹,35820541169,0.93,816.86,BUY,마진 강세 지속평가
185,건설사,PHM,US19871208002,풀티 그룹,24460881674,1.82,132.42,BUY,
185,건설사,MTZ,US19900326065,마스텍,21617278795,1.63,272.65,BUY,재무구조 개선
185,건설사,LEN,US19720727001,레나,20636283025,2.28,87.55,HOLD,
185,건설사,LEN.B,US20030423001,레나 B,20636283025,2.84,86.2,,
185,건설사,NVR,US19860617001,NVR,16824914225,2.19,6429.96,HOLD,
185,건설사,STRL,US19921001001,스털링 인프라스트럭처,16221165896,0.8,532.76,BUY,
185,건설사,TOL,US19860708002,톨 브라더스,14068201134,1.94,152.91,BUY,
185,건설사,VMI,US19900326072,밸몬트 인더스트리스,9534851516,0.23,493.37,BUY,
185,건설사,ACM,US20070510005,애이콤 테크놀로지,9452680508,-8.53,67.05,BUY,
185,건설사,STN,US19930601001,스탠텍,8378022114,1.8,74.52,BUY,
185,건설사,AGX,US20131003001,아간,8176464317,-0.47,578.51,BUY,
185,건설사,FLR,US20001201001,플루오르,7011670503,1.34,52.95,BUY,
185,건설사,ECG,NYS0241101001,에베루스 컨스트럭션 그룹,6757650483,1.96,134.48,BUY,
185,건설사,ROAD,US20180503001,컨스트럭션 파트너스,6728980627,2.23,120.79,BUY,가이던스 상향
185,건설사,IBP,US20140213001,인스톨드 빌딩 프로덕츠,6287558993,5.86,249.57,HOLD,
185,건설사,GVA,US19900401001,그래닛 컨스트럭션,5531712755,-0.48,125.37,BUY,
185,건설사,TPC,US19991028001,튜터 페리니,5196674393,-1.0,97.53,BUY,
185,건설사,SKY,US20180604004,스카이라인 챔피언,5064628325,1.27,94.17,BUY,
185,건설사,MTH,US19881216001,메리티지 홈스,4706487606,2.57,73.82,BUY,
185,건설사,OMAB,US20061129001,그루포 아에로포르투아리오 센트로 노르테(ADR),4632872263,-0.12,108.4,BUY,
185,건설사,CVCO,US20030620001,카브코 인더스트리스,4499436857,1.89,594.18,BUY,
185,건설사,MHO,US19931103002,M I 홈즈,3757116107,2.82,152.28,BUY,
185,건설사,KBH,US19860801001,KB 홈,3550151667,2.14,57.73,HOLD,
185,건설사,GRBK,US20211213007,그린 브릭 파트너스,3088975152,1.55,71.61,,
185,건설사,MGRC,US19841113001,맥그래스 렌트코프,2954009843,0.29,120.88,,
185,건설사,CDNL,NAS0251210003,카디널 인프라스트럭처 그룹,2821735127,-36.22,38.27,BUY,매출 전망 상향
185,건설사,CCS,US20140618002,센추리 커뮤니티스,1965385570,2.85,70.85,BUY,
185,건설사,LGIH,US20131106002,LGI 홈스,1322647628,1.94,57.8,BUY,
185,건설사,BZH,US19940223001,비저 홈스 USA,885019741,0.33,33.17,HOLD,오펜하이머 의견하향
185,건설사,SDHC,NYS0240111002,스미스 더글러스 홈스,707890629,3.67,14.39,HOLD,
185,건설사,LEGH,US20181212001,레가시 하우징,678165328,1.83,28.94,BUY,
185,건설사,ORN,US19951220001,오라이언 그룹 홀딩스,397793448,-0.2,9.77,BUY,
185,건설사,CVEO,US20140603001,시비오,331175294,2.19,32.63,BUY,
185,건설사,MTRX,US19901003001,매트릭스 서비스,327459487,1.21,11.74,BUY,
185,건설사,SUPX,NAS0240417002,슈퍼 X AI 테크놀로지,295929114,1.03,6.89,,
185,건설사,JFB,NAS0250306006,JFB 컨스트럭션 홀딩스,91751546,-2.65,4.4,,합병 종결 가시화
185,건설사,INTG,US19950818006,인터그룹,69038312,4.34,33.41,,
185,건설사,SLND,AMX0230302004,사우스랜드 홀딩스,33114963,16.64,0.71,,
185,건설사,SKK,NAS0241008006,SKK 홀딩스,11056427,0,4.5,,
185,건설사,SPHL,NAS0241017004,스프링뷰 홀딩스,6196148,2.2,2.79,,
185,건설사,OLOX,US20170612005,올레녹스 인더스트리즈,4624949,-3.07,3.16,,
17,전자부품,APH,US19911108001,암페놀,207472592158,-0.28,167.23,BUY,
17,전자부품,ETN,US19481201001,이튼,173408592613,3.22,459.29,BUY,
17,전자부품,TEL,US20070614002,TE 커넥티비티,62247293064,2.06,218.69,BUY,
17,전자부품,FLEX,US19870928001,플렉스,44367500555,2.26,122.41,BUY,
17,전자부품,CLS,US19980630001,셀레스티카,39807848563,-1.34,310.38,BUY,AI 확장 기반 강화
17,전자부품,LFUS,US19911201001,리틀휴즈,11600210878,-0.29,453.87,BUY,
17,전자부품,SANM,US19930414001,산미나,10710114100,1.81,202.75,BUY,
17,전자부품,ARW,US19790226001,애로우 일렉트로닉스,10346884458,1.93,206.47,HOLD,
17,전자부품,AVT,US20180508001,애브넷,8016240732,-1.48,95.96,HOLD,
17,전자부품,PLXS,US19860205001,플렉서스,7158429664,0.99,270.32,BUY,
17,전자부품,DLB,US20050217001,돌비,5836559997,-0.62,61.36,BUY,
17,전자부품,VSH,US19840124001,비샤이 인터테크놀로지,5100224575,0.45,33.29,BUY,
17,전자부품,DIOD,US19920317002,다이오즈,4664224385,2.19,103.15,BUY,
17,전자부품,NSIT,US19950124001,인사이트 엔터프라이즈,4556843378,-2.45,150.95,BUY,
17,전자부품,BELFA,US19840907009,벨 퓨즈 A,3997815362,2.94,234.39,,
17,전자부품,BELFB,US19980710001,벨 퓨즈 B,3997815362,2.07,290.1,BUY,
17,전자부품,SXI,US19750701001,스탠덱스 인터내셔널,3988873070,-0.19,327.53,BUY,
17,전자부품,VGNT,NYS2604001002,버시전트,3130875920,4.56,46.06,BUY,
17,전자부품,ADEA,US20221003001,아디아,3082825062,-0.5,27.72,,
17,전자부품,OUST,US20210312013,아우스터,3048396301,7.12,45.13,BUY,
17,전자부품,BHE,US19900703001,벤치마크 일렉트로닉스,2928753069,0.07,81.32,,
17,전자부품,CTS,US19620604001,CTS,1851273143,-0.73,64.14,,
17,전자부품,LWLG,US20210901003,라이트웨이브,1176522698,-0.66,7.56,,2분기 매출 증가
17,전자부품,VPG,US20100623001,비샤이 프리시전 그룹,867160538,3.48,67.14,,
17,전자부품,LPTH,US19960222001,라이트패스 테크놀로지,836984387,4.14,13.09,BUY,
17,전자부품,FEIM,US19830901001,프리퀀시 일렉트로닉스,822608543,3.84,75.9,BUY,
17,전자부품,MEI,US19850701004,메소드 일렉트로닉스,583022843,2.32,16.75,BUY,
17,전자부품,NVEC,US19960911001,NVE,574468697,-1.26,116.87,,
17,전자부품,MPTI,US20221007002,엠트론 인더스트리스,367137519,1.12,85.62,HOLD,
17,전자부품,OSS,US20180131002,원 스탑 시스템즈,316562640,0.55,12.72,BUY,
17,전자부품,RELL,US19831027001,리처드슨 일렉트로닉스,293224798,1.56,20.2,BUY,
17,전자부품,IMMR,US19991112001,이머션,257776610,-3.36,7.48,,
17,전자부품,DVLT,NAS0230127008,데이터발트 AI,257194727,2.27,0.3064,BUY,
17,전자부품,ESP,US19920317016,에스페이 매뉴팩처링 앤 일렉트로닉스,186136639,3.02,63.79,HOLD,
17,전자부품,KULR,US20210607007,KULR 테크놀로지 그룹,127174487,2.19,2.8,,
17,전자부품,ZJK,NAS0240930009,ZJK 인더스트리얼,113384571,2.29,1.79,,
17,전자부품,WATT,US20140328001,에너거스,102391473,0.59,18.66,,
17,전자부품,LINK,US20210325011,인터링크 일렉트로닉스,82177800,-1.92,5.1,,
17,전자부품,UEIC,US19930212001,유니버설 일렉트로닉스,71883915,4.14,5.79,HOLD,
17,전자부품,APWC,US19970326001,아시아 퍼시픽 와이어 앤 케이블,67432702,-1.23,1.6,,
17,전자부품,ELTK,US19970122001,엘텍,57792829,0.12,8.58,,
17,전자부품,HOLO,US20220919001,마이크로클라우드 홀로그램,37703710,3.66,1.7,,
17,전자부품,TRSG,NAS0240419002,턴그레이 테크놀로지스,24611780,0,1.49,,
17,전자부품,LIQT,US20190416003,리크테크 인터내셔널,21638579,-2.79,0.7,,
17,전자부품,REFR,US19860708001,리서치 프런티어스,17143159,0.63,0.4931,,
17,전자부품,CCTG,NAS0240118001,CCSC 테크놀로지 인터내셔널 홀딩스,10452691,-0.93,0.76,,
17,전자부품,INEO,NAS0241023007,이네오바 홀딩스,10024093,0.32,0.6198,,
17,전자부품,WLDS,US20220913005,웨어러블 디바이시스,8726996,-18.72,2.91,,
17,전자부품,ARBB,NAS0230331001,ARB IOT 그룹,7793468,-4.55,4.2,HOLD,
17,전자부품,POLA,US20161207002,폴라 파워,6686012,3.47,1.79,,
17,전자부품,HIHO,US19961211001,하이웨이 홀딩스,5060180,5.5,1.15,,
17,전자부품,IZM,NAS0230315002,IC줌 그룹,3034011,4.53,0.263,,
17,전자부품,RAYA,NAS0221206003,에라약 파워 솔루션 그룹,2444643,3.46,2.39,,
371,교육장비,DAO,US20191024007,유다오(ADR),2198767443,1.32,18.36,BUY,
371,교육장비,VIRC,US19920317012,버코 매뉴팩처링,93908194,-1.51,5.86,HOLD,
371,교육장비,BOXL,US20171130001,박스라잇,2069496,-1.35,2.93,,상장유지 기대
91,전력에너지,GEV,NYS0240402001,GE 버노바,264791636024,2.12,1011.88,BUY,
91,전력에너지,TTE,US20210611013,토탈에너지스,201375181468,-0.01,87.95,BUY,
91,전력에너지,NEE,US19720630009,넥스트에라 에너지,179400335267,1.23,85.74,BUY,
91,전력에너지,CMS,US19870501001,CMS 에너지,174043913036,0.81,69.62,BUY,
91,전력에너지,ETN,US19481201001,이튼,173408592613,3.22,459.29,BUY,
91,전력에너지,SO,US19491004001,서던,107134121321,0.63,91.92,HOLD,
91,전력에너지,CEG,US20220202001,컨스털레이션 에너지,96140302924,2.93,278.36,BUY,유틸리티 강세
91,전력에너지,DUK,US19640616001,듀크 에너지,95793494965,1.65,123.19,BUY,에쿼티유닛 호재
91,전력에너지,NGG,US19991007002,내셔널 그리드(ADR),80177020750,0.99,80.27,BUY,
91,전력에너지,AEP,US20201001001,아메리칸 일렉트릭 파워,67100573588,0.6,123.58,BUY,전력망 수혜 부각
91,전력에너지,BE,US20180724003,블룸 에너지,62246691422,0.28,211.21,BUY,전력부족 수혜
91,전력에너지,D,US19830520001,도미니언 에너지,59260470452,1.41,68.1,HOLD,
91,전력에너지,FIX,US19970627001,컴포트 시스템즈 USA,59144781927,0.79,1688.05,BUY,
91,전력에너지,SRE,US19980629001,셈프라,55317313273,1.39,85.48,BUY,
91,전력에너지,ETR,US19940103001,엔터지,48539812069,0.87,106.57,BUY,
91,전력에너지,VST,US20170510003,비스트라 에너지,48336639153,1.43,144.92,BUY,유틸리티 강세
91,전력에너지,XEL,US20180102003,엑셀 에너지,48178484482,1.03,77.66,BUY,
91,전력에너지,EXC,US20190925010,엑셀론,46091091433,0.83,44.87,HOLD,
91,전력에너지,CCJ,US19960314001,카메코,42525451973,1.46,98.73,BUY,
91,전력에너지,ED,US19480621001,컨솔리데이티드 에디슨,39446113273,1.13,107.5,HOLD,
91,전력에너지,PCG,US19470606001,PG&E,38839250440,1.53,17.3,BUY,
91,전력에너지,PEG,US19860501002,퍼블릭 서비스 엔터프라이즈,37288233293,0.87,75.21,BUY,
91,전력에너지,WEC,US19870102001,WEC 에너지 그룹,34696411911,0.53,106.68,HOLD,
91,전력에너지,AEE,US19980102001,애머런,29722691853,0.77,107.82,BUY,
91,전력에너지,DTE,US19491116001,DTE 에너지,28558816123,0.63,137.64,BUY,
91,전력에너지,FTS,US20161014002,포르티스,28394726414,1.23,56.07,HOLD,
91,전력에너지,PPL,US19480917001,PPL,27497436522,0.83,35.28,BUY,중장기 전망 강화
91,전력에너지,FE,US19971110001,퍼스트에너지,27148967916,0.17,46.84,BUY,
91,전력에너지,ES,US20150220001,에버소스 에너지,26898861568,-0.06,71.13,HOLD,
91,전력에너지,CNP,US19720630002,센터포인트 에너지,26458002332,0.37,40.18,BUY,
91,전력에너지,NVT,US20180501004,엔벤트 일렉트릭,26363509049,2.98,167.16,BUY,
91,전력에너지,EIX,US19880701001,에디슨 인터내셔널,26190457084,3.04,69.89,HOLD,산불책임 우려완화
91,전력에너지,FSLR,US20061117001,퍼스트 솔라,25807976449,0.66,240.91,BUY,
91,전력에너지,NRG,US19931020001,NRG 에너지,25080903081,0.74,119.79,BUY,
91,전력에너지,DD,US20190603005,듀폰,19180162898,2.08,144.49,BUY,
91,전력에너지,EVRG,US20180605002,에버지,18991451082,-0.07,82.03,BUY,
91,전력에너지,WCC,US19990512001,웨스코 인터내셔널,17923610219,-0.1,366.17,BUY,
91,전력에너지,LNT,US20181231002,얼라이언트 에너지,17745790866,0.54,68.58,BUY,
91,전력에너지,TLN,NAS0240710007,탈런 에너지,16499463452,4.28,357.88,BUY,
91,전력에너지,KEP,US19941028003,한국전력(ADR),15794344742,0.33,12.3,BUY,
91,전력에너지,NXT,NAS0230209006,넥스트랙커,15667441539,1.91,104.88,BUY,
91,전력에너지,BWXT,US20150702003,BWX 테크놀로지스,15525597178,0.49,169.71,BUY,
91,전력에너지,CSL,US19860602002,칼라일,15351759354,1.22,389.96,BUY,
91,전력에너지,IESC,US20060515001,IES 홀딩스,15015738399,3.85,780.0,HOLD,DBM 인수 합의
91,전력에너지,PNW,US19850429001,피너클 웨스트 캐피탈,12067189156,0.82,100.04,HOLD,
91,전력에너지,ENLT,NAS0230210003,인라이트 리뉴어블 에너지,11360104068,2.05,82.64,HOLD,
91,전력에너지,AES,US19910627001,AES,10544592202,-0.2,14.7,HOLD,
91,전력에너지,BEP,US20011129002,브룩필드 리뉴어블 파트너스,9971188758,4.81,34.23,,
91,전력에너지,VICR,US19830323001,바이코,9660198602,0.99,210.88,,
91,전력에너지,OGE,US19500927001,OGE 에너지,9572278553,0.3,46.32,HOLD,
91,전력에너지,OKLO,US20210701009,오클로,8303993108,5.66,47.01,BUY,목표주가 하향
91,전력에너지,IDA,US19480511001,아이다코프,8107358211,0.33,140.15,BUY,
91,전력에너지,ESE,US19901019001,에스코 테크놀로지스,7819566886,-1.8,295.41,BUY,
91,전력에너지,POWL,US19900326043,파월 인더스트리스,7575160284,0.56,208.38,BUY,
91,전력에너지,UGI,US19530102001,UGI,7315410334,3.44,35.16,BUY,
91,전력에너지,FRVO,NAS2605013002,페르보 에너지,7071810807,1.05,24.17,,
91,전력에너지,NXE,US20170517003,넥스젠 에너지,6929635309,2.52,10.56,BUY,
91,전력에너지,ORA,US20041111001,오마트 테크놀로지스,6892505278,2.47,114.46,BUY,
91,전력에너지,ENS,US20040730001,에너시스,6814810631,-0.05,186.21,BUY,
91,전력에너지,CWEN,US20180917003,클리어웨이 에너지 C,6807342975,4.39,34.5,BUY,
91,전력에너지,CIG,US19950517001,이네르제치카 지 미나스 제라이스 우선주(ADR),6786633885,-3.43,1.97,SELL,
91,전력에너지,CIG.C,US20090914001,이네르제치카 지 미나스 제라이스(ADR),6786633885,-2.33,2.94,,
91,전력에너지,ECG,NYS0241101001,에베루스 컨스트럭션 그룹,6757650483,1.96,134.48,BUY,
91,전력에너지,ENIC,US20160427003,에넬 칠레(ADR),6218341791,-0.22,4.47,BUY,
91,전력에너지,BEPC,US20200730008,브룩필드 리뉴어블,6079264566,4.73,34.79,HOLD,
91,전력에너지,MWH,NAS2602011008,솔브 에너지,6034397963,5.58,30.28,BUY,
91,전력에너지,TXNM,US19720907001,TXNM 에너지,5930771192,-0.09,57.31,HOLD,
91,전력에너지,POR,US20060331002,포틀랜드 제너럴 일렉트릭,5677297885,0.58,48.39,HOLD,
91,전력에너지,UEC,US20070405001,우라늄 에너지,5650747297,0.7,11.46,,
91,전력에너지,BKH,US19800709001,블랙 힐스,5638916275,-0.6,73.26,BUY,
91,전력에너지,ENPH,US20120330001,엔페이즈 에너지,5425698092,3.37,42.3,HOLD,
91,전력에너지,MYRG,US20080909001,MYR 그룹,5160120400,-0.11,329.94,BUY,
91,전력에너지,CNR,US20171129003,코어 내추럴 리소시스,4689601015,-0.46,93.73,,
91,전력에너지,PAM,US19900918001,팜파 에네르히아(ADR),4513493578,-3.51,79.81,BUY,
91,전력에너지,NWE,US20201001011,노스웨스턴 에너지 그룹,4396160491,-0.8,70.65,BUY,
91,전력에너지,AQN,US20161129003,알곤퀸 파워 앤 유틸리티스,4372423709,2.65,5.81,HOLD,
91,전력에너지,PRIM,NYS0230404004,프리모리스 서비시스,4361703152,1.75,82.16,BUY,목표주가 하향
91,전력에너지,SMR,US20201208006,뉴스케일파워,3958238656,7.73,9.89,HOLD,ATM 희석 부담
91,전력에너지,OTTR,US19900326040,오터 테일,3891360995,2.07,94.28,HOLD,
91,전력에너지,TAC,US19751017001,트랜스알타,3890989715,1.79,12.48,BUY,
91,전력에너지,LEU,US20150316002,센트러스 에너지,3654051660,-0.08,189.19,BUY,
91,전력에너지,UUUU,US20131205001,에너지 퓨얼스,3584114312,3.43,14.78,BUY,
91,전력에너지,KEN,US20150114001,케넌 홀딩스,3357750598,-0.22,64.08,,
91,전력에너지,AVA,US19871116001,아비스타,3211049120,0.58,38.43,HOLD,
91,전력에너지,MGEE,US19900326032,MGE 에너지,3050791253,0.71,81.04,HOLD,
91,전력에너지,DNN,US20070419002,데니슨 마인스,2960361446,1.53,3.31,BUY,
91,전력에너지,PLUG,US19991029003,플러그 파워,2953578988,5.21,2.22,HOLD,연간 전망 상향
91,전력에너지,RUN,US20150805003,썬런,2385221866,1.62,10.03,BUY,
91,전력에너지,FLNC,US20211027012,플루언스 에너지,2343063725,3.64,13.11,HOLD,
91,전력에너지,EROC,NYS2606010001,이락,2313715299,7.04,11.25,BUY,앤스로픽 대형주문
91,전력에너지,PLPC,US19990428001,프리폼드 라인 프로덕츠,2269330179,3.92,480.77,BUY,
91,전력에너지,RNW,US20210824006,리뉴 에너지 글로벌,2241364386,11.75,6.85,BUY,
91,전력에너지,CDLR,NYS0231220001,카들러(ADR),2095622637,-2.52,23.21,,멘크 인수 부담
91,전력에너지,CEPU,US20180201001,센트랄 푸에르토(ADR),2094917595,-3.48,13.31,BUY,
91,전력에너지,HE,US19830701001,하와이언 일렉트릭 인더스트리스,2024305327,1.46,11.85,,
91,전력에너지,SEDG,US20150325002,솔라엣지,1988465443,3.42,33.31,HOLD,
91,전력에너지,WKC,NYS0230616002,월드 키넥트,1900568493,-0.51,36.84,HOLD,
91,전력에너지,STDN,NYS2607016002,스탠다드 뉴클리어,1845951452,5.5,12.08,,비중확대의견 개시
91,전력에너지,FCEL,US19920625001,퓨얼셀 에너지,1590868913,-3.18,19.2,HOLD,
91,전력에너지,AMSC,US19911211001,아메리칸 슈퍼컨덕터,1506313417,3.68,32.13,BUY,
91,전력에너지,EOSE,US20201117002,이오스 에너지 엔터프라이지스,1479881426,4.69,4.24,HOLD,
91,전력에너지,ROCK,US19930930001,지브롤터 인더스트리스,1455273705,1.86,49.77,BUY,
91,전력에너지,SHLS,US20210126009,숄스 테크놀로지스,1445533538,1.99,8.73,BUY,
91,전력에너지,AMRC,US20100722001,아메리스코,1346063567,2.41,25.89,BUY,
91,전력에너지,WLDN,US20061121001,윌댄 그룹,1258005523,2.0,83.96,,
91,전력에너지,NEP,US20140811002,넥스트에라 에너지 파트너스,1076462898,0.62,11.45,HOLD,
91,전력에너지,CSIQ,US20061109001,캐나디안 솔라,1062781531,1.79,15.88,HOLD,
91,전력에너지,NNE,NAS0240508002,나노 뉴클리어 에너지,1000556495,4.36,19.38,,
91,전력에너지,PSIX,NAS0241226001,파워 솔루션스 인터내셔널,995178095,-1.98,42.15,BUY,실적 반등 부각
91,전력에너지,DQ,US20101007001,다초 뉴 에너지(ADR),992634069,-0.55,14.54,BUY,
91,전력에너지,UTL,US19920317028,유니틸,968906835,1.55,53.77,HOLD,
91,전력에너지,JKS,US20100514001,진코솔라 홀딩(ADR),889108807,-1.48,16.67,HOLD,
91,전력에너지,ARRY,US20201014001,어레이 테크놀로지스,822099653,0.56,5.35,BUY,
91,전력에너지,BLDP,US19951108001,발라드 파워 시스템즈,771370681,1.96,2.6,HOLD,
91,전력에너지,NRGV,US20220214006,에너지 볼트 홀딩스,597361408,7.19,3.58,BUY,매출가이던스 상향
91,전력에너지,LMB,US20161116001,림바흐 홀딩스,554358682,0.15,46.4,,
91,전력에너지,EDN,US20070426002,에데노르(ADR),532895877,-4.08,23.04,,
91,전력에너지,FISN,NAS2606018002,딥 피션,469890457,3.77,8.25,BUY,
91,전력에너지,GEVO,US20110209001,제보,389478708,3.82,1.63,,
91,전력에너지,GNE,US20111026001,지니 에너지,382400671,0.69,14.58,HOLD,
91,전력에너지,CLNE,US20070525001,클린 에너지 퓨얼스,356120175,6.21,1.71,BUY,매출 성장세
91,전력에너지,TWIN,US19900124001,트윈 디스크,343125005,1.9,24.16,BUY,
91,전력에너지,LTBR,US20001113001,라이트브리지,334507660,1.8,9.06,,
91,전력에너지,ALTO,US20210201001,앨토 인그리디언츠,329227388,-1.42,4.17,,
91,전력에너지,NNBR,US19940315001,NN,300785203,0.55,3.65,BUY,리전의 NN지분공시
91,전력에너지,ELLO,US19951006002,엘로메이 캐피탈,276599518,0.25,20.05,,
91,전력에너지,MAGH,NAS0250812005,매그니튜드 인터내셔널,237402430,0,6.76,,
91,전력에너지,TOYO,US20220316003,토요,229321488,3.18,5.52,BUY,
91,전력에너지,FF,US19860501001,퓨처퓨얼,227103315,23.45,6.37,,
91,전력에너지,SKYX,US20220209008,스카이 X 플랫폼스,164627031,0.82,1.23,BUY,
91,전력에너지,NEOV,US20220728003,니오볼타,153157535,16.55,3.24,BUY,
91,전력에너지,AMTX,US20140606001,에이메티스,133376720,2.41,1.7,BUY,
91,전력에너지,BWEN,US20040909001,브로드윈드 에너지,104736370,19.73,5.34,,실적 기대치 하회
91,전력에너지,NFE,US20190131002,뉴 포트리스 에너지,98132997,-3.83,0.3293,SELL,
91,전력에너지,TYGO,US20210831008,타이고 에너지,90900225,5.93,1.25,BUY,
91,전력에너지,NMAD,US20201124001,노마드 파워 솔루션즈,74807345,-9.41,3.56,,
91,전력에너지,IPWR,US20131121001,아이디얼 파워,69549955,-3.0,4.2,,
91,전력에너지,VIVO,US20161229001,비보파워,66377925,2.79,4.05,BUY,
91,전력에너지,STEM,US20210429010,스템,51048037,3.7,5.89,,
91,전력에너지,OPTT,US20210618006,오션 파워 테크놀로지스,50660179,9.2,0.2041,,
91,전력에너지,FTCI,US20210426005,FTC 솔라,46898504,-5.3,2.68,,태양광 관세 수혜
91,전력에너지,SPWR,US20210419014,컴플리트 솔라리아,45276722,-3.08,0.2389,,
91,전력에너지,ASTI,US20220824001,어센트 솔라 테크놀로지스,34572529,-2.56,3.42,BUY,
91,전력에너지,ZEO,US20211213005,제오 에너지,33671418,9.81,0.6323,,
91,전력에너지,PPSI,US20130920001,파이어니어 파워 솔루션즈,32176968,2.08,2.95,,
91,전력에너지,SUUN,NAS0240408005,파워뱅크 코퍼레이션,27123510,-2.3,0.4512,BUY,태양광 임대계약
91,전력에너지,BEEM,US20200915001,빔 글로벌,25395646,1.75,1.16,BUY,
91,전력에너지,SMXT,NAS0240227005,솔라맥스 테크놀로지,21132550,-4.81,0.3523,,
91,전력에너지,TURB,NAS0230922006,터보 에너지(ADR),18566752,0,1.4,,
91,전력에너지,HTOO,US20201210006,퓨전 퓨얼 그린,17395714,0,2.46,,
91,전력에너지,GWH,US20211011002,ESS 테크,17156609,11.41,0.6482,,계속기업 우려
91,전력에너지,CETY,NAS0230323002,클린 에너지 테크놀로지스,11061095,10.36,1.0,,
91,전력에너지,SUNE,US20220329002,선네이션 에너지,10963459,-2.64,2.58,,
91,전력에너지,PN,NAS0250304002,스카이코프 솔라 그룹,8021814,-3.81,3.03,,
91,전력에너지,BNRG,US20220523001,브렌밀러 에너지,1714732,12.38,0.444,,
91,전력에너지,FGL,NAS0241023004,파운더 그룹,913888,-4.53,0.759,,
107,신재생에너지,GEV,NYS0240402001,GE 버노바,264791636024,2.12,1011.88,BUY,
107,신재생에너지,TTE,US20210611013,토탈에너지스,201375181468,-0.01,87.95,BUY,
107,신재생에너지,NEE,US19720630009,넥스트에라 에너지,179400335267,1.23,85.74,BUY,
107,신재생에너지,CEG,US20220202001,컨스털레이션 에너지,96140302924,2.93,278.36,BUY,유틸리티 강세
107,신재생에너지,AEP,US20201001001,아메리칸 일렉트릭 파워,67100573588,0.6,123.58,BUY,전력망 수혜 부각
107,신재생에너지,BE,US20180724003,블룸 에너지,62246691422,0.28,211.21,BUY,전력부족 수혜
107,신재생에너지,VST,US20170510003,비스트라 에너지,48336639153,1.43,144.92,BUY,유틸리티 강세
107,신재생에너지,FSLR,US20061117001,퍼스트 솔라,25807976449,0.66,240.91,BUY,
107,신재생에너지,NRG,US19931020001,NRG 에너지,25080903081,0.74,119.79,BUY,
107,신재생에너지,NXT,NAS0230209006,넥스트랙커,15667441539,1.91,104.88,BUY,
107,신재생에너지,ENLT,NAS0230210003,인라이트 리뉴어블 에너지,11360104068,2.05,82.64,HOLD,
107,신재생에너지,BEP,US20011129002,브룩필드 리뉴어블 파트너스,9971188758,4.81,34.23,,
107,신재생에너지,ESE,US19901019001,에스코 테크놀로지스,7819566886,-1.8,295.41,BUY,
107,신재생에너지,FRVO,NAS2605013002,페르보 에너지,7071810807,1.05,24.17,,
107,신재생에너지,ORA,US20041111001,오마트 테크놀로지스,6892505278,2.47,114.46,BUY,
107,신재생에너지,ENS,US20040730001,에너시스,6814810631,-0.05,186.21,BUY,
107,신재생에너지,CWEN,US20180917003,클리어웨이 에너지 C,6807342975,4.39,34.5,BUY,
107,신재생에너지,CIG,US19950517001,이네르제치카 지 미나스 제라이스 우선주(ADR),6786633885,-3.43,1.97,SELL,
107,신재생에너지,CIG.C,US20090914001,이네르제치카 지 미나스 제라이스(ADR),6786633885,-2.33,2.94,,
107,신재생에너지,BEPC,US20200730008,브룩필드 리뉴어블,6079264566,4.73,34.79,HOLD,
107,신재생에너지,MWH,NAS2602011008,솔브 에너지,6034397963,5.58,30.28,BUY,
107,신재생에너지,POR,US20060331002,포틀랜드 제너럴 일렉트릭,5677297885,0.58,48.39,HOLD,
107,신재생에너지,ENPH,US20120330001,엔페이즈 에너지,5425698092,3.37,42.3,HOLD,
107,신재생에너지,PRIM,NYS0230404004,프리모리스 서비시스,4361703152,1.75,82.16,BUY,목표주가 하향
107,신재생에너지,OTTR,US19900326040,오터 테일,3891360995,2.07,94.28,HOLD,
107,신재생에너지,TAC,US19751017001,트랜스알타,3890989715,1.79,12.48,BUY,
107,신재생에너지,PLUG,US19991029003,플러그 파워,2953578988,5.21,2.22,HOLD,연간 전망 상향
107,신재생에너지,RUN,US20150805003,썬런,2385221866,1.62,10.03,BUY,
107,신재생에너지,FLNC,US20211027012,플루언스 에너지,2343063725,3.64,13.11,HOLD,
107,신재생에너지,PLPC,US19990428001,프리폼드 라인 프로덕츠,2269330179,3.92,480.77,BUY,
107,신재생에너지,RNW,US20210824006,리뉴 에너지 글로벌,2241364386,11.75,6.85,BUY,
107,신재생에너지,CDLR,NYS0231220001,카들러(ADR),2095622637,-2.52,23.21,,멘크 인수 부담
107,신재생에너지,CEPU,US20180201001,센트랄 푸에르토(ADR),2094917595,-3.48,13.31,BUY,
107,신재생에너지,HE,US19830701001,하와이언 일렉트릭 인더스트리스,2024305327,1.46,11.85,,
107,신재생에너지,SEDG,US20150325002,솔라엣지,1988465443,3.42,33.31,HOLD,
107,신재생에너지,FCEL,US19920625001,퓨얼셀 에너지,1590868913,-3.18,19.2,HOLD,
107,신재생에너지,EOSE,US20201117002,이오스 에너지 엔터프라이지스,1479881426,4.69,4.24,HOLD,
107,신재생에너지,ROCK,US19930930001,지브롤터 인더스트리스,1455273705,1.86,49.77,BUY,
107,신재생에너지,SHLS,US20210126009,숄스 테크놀로지스,1445533538,1.99,8.73,BUY,
107,신재생에너지,AMRC,US20100722001,아메리스코,1346063567,2.41,25.89,BUY,
107,신재생에너지,NEP,US20140811002,넥스트에라 에너지 파트너스,1076462898,0.62,11.45,HOLD,
107,신재생에너지,CSIQ,US20061109001,캐나디안 솔라,1062781531,1.79,15.88,HOLD,
107,신재생에너지,DQ,US20101007001,다초 뉴 에너지(ADR),992634069,-0.55,14.54,BUY,
107,신재생에너지,JKS,US20100514001,진코솔라 홀딩(ADR),889108807,-1.48,16.67,HOLD,
107,신재생에너지,ARRY,US20201014001,어레이 테크놀로지스,822099653,0.56,5.35,BUY,
107,신재생에너지,BLDP,US19951108001,발라드 파워 시스템즈,771370681,1.96,2.6,HOLD,
107,신재생에너지,NRGV,US20220214006,에너지 볼트 홀딩스,597361408,7.19,3.58,BUY,매출가이던스 상향
107,신재생에너지,GEVO,US20110209001,제보,389478708,3.82,1.63,,
107,신재생에너지,CLNE,US20070525001,클린 에너지 퓨얼스,356120175,6.21,1.71,BUY,매출 성장세
107,신재생에너지,ALTO,US20210201001,앨토 인그리디언츠,329227388,-1.42,4.17,,
107,신재생에너지,ELLO,US19951006002,엘로메이 캐피탈,276599518,0.25,20.05,,
107,신재생에너지,TOYO,US20220316003,토요,229321488,3.18,5.52,BUY,
107,신재생에너지,FF,US19860501001,퓨처퓨얼,227103315,23.45,6.37,,
107,신재생에너지,NEOV,US20220728003,니오볼타,153157535,16.55,3.24,BUY,
107,신재생에너지,AMTX,US20140606001,에이메티스,133376720,2.41,1.7,BUY,
107,신재생에너지,BWEN,US20040909001,브로드윈드 에너지,104736370,19.73,5.34,,실적 기대치 하회
107,신재생에너지,TYGO,US20210831008,타이고 에너지,90900225,5.93,1.25,BUY,
107,신재생에너지,NMAD,US20201124001,노마드 파워 솔루션즈,74807345,-9.41,3.56,,
107,신재생에너지,VIVO,US20161229001,비보파워,66377925,2.79,4.05,BUY,
107,신재생에너지,STEM,US20210429010,스템,51048037,3.7,5.89,,
107,신재생에너지,OPTT,US20210618006,오션 파워 테크놀로지스,50660179,9.2,0.2041,,
107,신재생에너지,FTCI,US20210426005,FTC 솔라,46898504,-5.3,2.68,,태양광 관세 수혜
107,신재생에너지,SPWR,US20210419014,컴플리트 솔라리아,45276722,-3.08,0.2389,,
107,신재생에너지,ASTI,US20220824001,어센트 솔라 테크놀로지스,34572529,-2.56,3.42,BUY,
107,신재생에너지,ZEO,US20211213005,제오 에너지,33671418,9.81,0.6323,,
107,신재생에너지,SUUN,NAS0240408005,파워뱅크 코퍼레이션,27123510,-2.3,0.4512,BUY,태양광 임대계약
107,신재생에너지,BEEM,US20200915001,빔 글로벌,25395646,1.75,1.16,BUY,
107,신재생에너지,SMXT,NAS0240227005,솔라맥스 테크놀로지,21132550,-4.81,0.3523,,
107,신재생에너지,TURB,NAS0230922006,터보 에너지(ADR),18566752,0,1.4,,
107,신재생에너지,HTOO,US20201210006,퓨전 퓨얼 그린,17395714,0,2.46,,
107,신재생에너지,GWH,US20211011002,ESS 테크,17156609,11.41,0.6482,,계속기업 우려
107,신재생에너지,SUNE,US20220329002,선네이션 에너지,10963459,-2.64,2.58,,
107,신재생에너지,PN,NAS0250304002,스카이코프 솔라 그룹,8021814,-3.81,3.03,,
107,신재생에너지,BNRG,US20220523001,브렌밀러 에너지,1714732,12.38,0.444,,
107,신재생에너지,FGL,NAS0241023004,파운더 그룹,913888,-4.53,0.759,,
297,빵,LANC,US19900326029,마제티 컴퍼니,3137810817,0.86,115.02,,
297,빵,FLO,US19871208001,플라워스 푸즈,1518765154,0.28,7.16,HOLD,
297,빵,BRID,US19840907010,브리지포드 푸즈,58015514,-0.31,6.35,,
297,빵,MGLD,US20220310003,더 메리골드 컴퍼니스,44459880,5.83,1.09,,
297,빵,CHSN,NAS0230329001,샹송 인터내셔널 홀딩,2304148,3.01,1.02,,
99,벤처캐피탈,OBDC,US20190717006,블루 아울 캐피탈 코퍼레이션,5715114006,1.13,11.68,BUY,대출건전성 악화
99,벤처캐피탈,BXSL,US20211028004,블랙스톤 담보 대출 펀드,5682710040,0.45,24.42,BUY,
99,벤처캐피탈,STEP,US20200915009,스텝스톤 그룹,5588116305,7.28,49.51,BUY,
99,벤처캐피탈,OTF,NYS0250612001,블루 아울 테크놀로지 파이낸스,5236430946,2.99,11.73,,
99,벤처캐피탈,CNS,US20040813001,코헨 앤 스티어스,4238605608,2.63,84.31,HOLD,
99,벤처캐피탈,GBDC,US20100414001,골럽 캐피탈 BDC,3420787776,0.38,13.18,BUY,
99,벤처캐피탈,HTGC,US20050609002,허큘리스 캐피탈,3224504847,-0.18,16.67,BUY,
99,벤처캐피탈,PAX,US20210122014,파트리아 인베스트먼츠,1823775716,0,11.2,,
99,벤처캐피탈,TSLX,US20140325002,식스스 스트리트 스페셜티 렌딩,1798530123,-0.21,18.76,BUY,
99,벤처캐피탈,CSWC,US19900327002,캐피탈 사우스웨스트,1607703524,-0.36,25.05,,ATM 희석 우려
99,벤처캐피탈,MSDL,NYS0240124002,모건스탠리 직접금융 펀드,1281889645,1.05,15.35,,
99,벤처캐피탈,PSEC,US20040727001,프로스펙트 캐피탈,1239375305,-0.44,2.28,,
99,벤처캐피탈,GSBD,US20150318001,골드만삭스 BDC,1101270746,-0.51,9.7,HOLD,
99,벤처캐피탈,BBDC,US20180803001,베어링스 BDC,983380302,-0.53,9.31,,순투자이익 호조
99,벤처캐피탈,KBDC,NYS0240522003,케인 앤더슨 BDC,930053148,-1.57,13.75,BUY,
99,벤처캐피탈,BCSF,US20181114001,배인 캐피탈 스페셜티 파이낸스,842896191,-0.85,12.84,,순투자이익 상회
99,벤처캐피탈,CGBD,US20170614001,칼라일 시큐어드 렌딩,769082564,0.27,11.17,HOLD,
99,벤처캐피탈,FDUS,US20110621001,피더스 인베스트먼트,755568436,-0.1,19.82,BUY,
99,벤처캐피탈,PFLT,US20110408001,페넌트파크 플로팅 레이트 캐피탈,736702516,1.22,7.49,,
99,벤처캐피탈,SAR,US20070323003,사라토가 인베스트먼트,736070736,-0.76,19.58,,
99,벤처캐피탈,NMFC,US20200914002,뉴 마운틴 파이낸스,728802262,0.52,7.73,,
99,벤처캐피탈,SLRC,US20100209001,SLR 인베스트먼트,709973343,-0.23,12.94,BUY,투자의견 하향
99,벤처캐피탈,ALTI,NAS0230104001,알티 글로벌,654167827,-5.35,4.07,,
99,벤처캐피탈,NCDL,NYS0240125001,누빈 처칠 다이렉트 렌딩,624883021,-0.56,12.54,BUY,목표주가 하향
99,벤처캐피탈,PWRL,NAS2605027006,파워로,514600534,-0.34,11.82,,
99,벤처캐피탈,NEWT,US20000920001,뉴텍원,423032771,-1.16,12.73,HOLD,
99,벤처캐피탈,TCPC,US20120404001,블랙록 TCP 캐피탈,331698088,-1.02,3.9,HOLD,
99,벤처캐피탈,HRZN,US20101029001,호라이즌 테크놀로지 파이낸스,319490961,2.95,4.89,HOLD,
99,벤처캐피탈,INV,NAS0241003003,인벤처,284191380,-0.3,3.36,,
99,벤처캐피탈,RWAY,US20211021009,런웨이 그로스 파이낸스,278805037,1.06,6.7,HOLD,
99,벤처캐피탈,NSLR,US20190801001,네오스텔라 캐피털 코퍼레이션,274395852,3.0,10.64,,
99,벤처캐피탈,SCM,US20121108003,스텔러스 캐피탈 인베스트먼트,246014781,3.9,8.8,,
99,벤처캐피탈,LIEN,US20210727010,시카고 애틀랜틱 BDC,221528517,1.45,9.78,,
99,벤처캐피탈,TPVG,US20140306003,트리플포인트 벤처 그로스 BDC,213225465,1.15,5.28,HOLD,
99,벤처캐피탈,SUIG,US20220809009,수이 그룹 홀딩,64378721,4.2,0.8705,,
99,벤처캐피탈,ASPS,US20090806001,알티소스 포트폴리오 솔루션즈,63482514,0.72,5.58,BUY,
99,벤처캐피탈,OFS,US20121108002,OFS 캐피탈,48934404,-0.27,3.63,HOLD,
99,벤처캐피탈,RMCO,NAS0231106003,로열티 매니지먼트 홀딩스,46393460,3.93,3.17,,
99,벤처캐피탈,COHN,US20170905001,코헨 앤 컴퍼니,37777479,1.8,11.87,BUY,
99,벤처캐피탈,AMTD,US20220131001,AMTD 아이디어 그룹(ADR),31888248,-1.02,0.7404,,
99,벤처캐피탈,RAND,US19950818015,랜드 캐피탈,29998514,0.99,10.16,,
99,벤처캐피탈,GRNQ,US20180613008,그린프로 캐피털,19862759,-15.2,9.26,,
261,화력발전,NEE,US19720630009,넥스트에라 에너지,179400335267,1.23,85.74,BUY,
261,화력발전,DUK,US19640616001,듀크 에너지,95793494965,1.65,123.19,BUY,에쿼티유닛 호재
261,화력발전,AEP,US20201001001,아메리칸 일렉트릭 파워,67100573588,0.6,123.58,BUY,전력망 수혜 부각
261,화력발전,TLN,NAS0240710007,탈런 에너지,16499463452,4.28,357.88,BUY,
261,화력발전,KEP,US19941028003,한국전력(ADR),15794344742,0.33,12.3,BUY,
261,화력발전,IDA,US19480511001,아이다코프,8107358211,0.33,140.15,BUY,
261,화력발전,CWEN,US20180917003,클리어웨이 에너지 C,6807342975,4.39,34.5,BUY,
261,화력발전,POR,US20060331002,포틀랜드 제너럴 일렉트릭,5677297885,0.58,48.39,HOLD,
261,화력발전,CNR,US20171129003,코어 내추럴 리소시스,4689601015,-0.46,93.73,,
261,화력발전,PAM,US19900918001,팜파 에네르히아(ADR),4513493578,-3.51,79.81,BUY,
261,화력발전,TAC,US19751017001,트랜스알타,3890989715,1.79,12.48,BUY,
261,화력발전,KEN,US20150114001,케넌 홀딩스,3357750598,-0.22,64.08,,
261,화력발전,MGEE,US19900326032,MGE 에너지,3050791253,0.71,81.04,HOLD,
261,화력발전,CETY,NAS0230323002,클린 에너지 테크놀로지스,11061095,10.36,1.0,,
225,식자재유통,CARR,US20200403002,캐리어,52472541095,0.28,63.62,BUY,
225,식자재유통,SYY,US19810120001,시스코,40268118460,0.47,84.26,BUY,
225,식자재유통,USFD,US20160526003,US 푸즈 홀딩,23579706877,1.74,110.52,BUY,
225,식자재유통,PFGC,US20151001004,퍼포먼스 푸드 그룹,17935878196,0.15,113.96,BUY,
225,식자재유통,SFM,US20130802002,스프라우츠 파머스 마케츠,7983805451,-1.09,84.4,BUY,
225,식자재유통,CHEF,US20110728001,셰프스 웨어하우스,4454895454,0.44,109.31,BUY,
225,식자재유통,TBBB,NYS0240209001,비비비 푸즈,4322003494,1.94,41.44,BUY,
225,식자재유통,UNFI,US20190102009,유나이티드 내추럴 푸드,2811539307,2.1,47.27,HOLD,
225,식자재유통,DOLE,US20210727004,돌,1239352235,-0.15,12.96,BUY,
225,식자재유통,SENEB,US19720601001,세네카 푸즈 B,1218529172,0,178.22,,
225,식자재유통,SENEA,US19980603002,세네카 푸즈 A,1218529172,2.62,184.42,HOLD,
225,식자재유통,NGVC,US20120725001,내추럴 그로서스 바이 바이타민 코티지,607236532,4.87,27.54,BUY,
225,식자재유통,WILC,US19970521002,G 윌리 푸드,392769288,-3.56,27.1,,
225,식자재유통,HFFG,US20180823002,HF 푸즈 그룹,83704576,14.1,1.78,BUY,
225,식자재유통,WFCF,US20210412009,웨어 푸드 컴스 프롬,62731704,0,12.55,,
225,식자재유통,AGRZ,NAS0251001001,아그로즈,6197892,-12.49,0.2494,,
225,식자재유통,MSS,NAS0231003002,메이슨 솔루션스,1201536,2.86,1.44,,
423,화학원료,DOW,US20190402005,다우,22164094549,2.22,31.26,HOLD,
423,화학원료,LYB,US20100428001,라이온델바젤 인더스트리스,20306966125,2.12,63.98,HOLD,JP모건 의견상향
423,화학원료,SQM,US19930921001,SQM 우선주 B(ADR),10438210574,-0.85,72.22,HOLD,
423,화학원료,SSL,US20030409001,사솔(ADR),7317469365,0,11.51,,
423,화학원료,MEOH,US19920519001,메타넥스,4287319572,-1.74,54.27,BUY,
423,화학원료,KOP,US20060201002,코퍼스 홀딩스,959032217,-8.96,46.01,,경영진 매도부담
423,화학원료,EXOZ,NAS0241113002,엑소자임스,48426751,10.77,5.76,,
423,화학원료,BGLC,NAS0230720001,바이오넥서스 진 랩,3783799,-2.56,1.52,,
685,배터리제조,ENS,US20040730001,에너시스,6814810631,-0.05,186.21,BUY,
685,배터리제조,QS,US20201127007,퀀텀스케이프,3845309923,2.42,6.34,HOLD,
685,배터리제조,AMPX,US20220915002,앰프리어스 테크놀로지스,1710600293,2.29,12.08,BUY,
685,배터리제조,ENR,US20000404003,에너자이저 홀딩스,1506252522,2.1,22.38,,
685,배터리제조,ENVX,US20210715004,에노빅스,1015664953,4.09,4.83,BUY,
685,배터리제조,SLDP,US20211209012,솔리드 파워,538044461,2.55,2.41,BUY,
685,배터리제조,ELVA,NAS0230706001,일렉트로바야,460987572,-21.01,7.33,BUY,
685,배터리제조,MVST,US20210726004,마이크로배스트,292434521,-1.2,0.8643,BUY,관세 환급 수령
685,배터리제조,SES,US20210301016,SES AI,197050933,5.13,0.5591,BUY,매출 기대 미달
685,배터리제조,ULBI,US19921223001,울트라라이프,116035291,3.17,7.16,,
685,배터리제조,CBAT,US20181130001,CBAK 에너지 테크놀로지,68746733,0.93,0.7801,,
685,배터리제조,DFLI,US20221010001,드래건플라이 에너지 홀딩스,19524487,-1.53,1.29,,
685,배터리제조,FLUX,US20200813003,플럭스 파워 홀딩스,11231327,2.37,0.5364,,
685,배터리제조,XPON,US20220401009,엑스피언360,3395308,5.35,3.74,,2분기 매출 감소
685,배터리제조,EZGO,US20210126005,이지고 테크놀로지스,2498817,7.41,1.16,,
447,아이스크림,GIS,US19521114001,제너럴 밀스,19953418259,1.8,37.93,HOLD,
447,아이스크림,MICC,NYS0251208001,더 매그넘 아이스크림 컴퍼니,11795255467,1.2,19.43,HOLD,
447,아이스크림,JJSF,US19860204001,제이앤제이 스낵 푸즈,1686859562,0.19,90.16,BUY,
55,자동차부품,ETN,US19481201001,이튼,173408592613,3.22,459.29,BUY,
55,자동차부품,HWM,US20200401001,하우멧 에어로스페이스,113527673402,-0.84,281.34,BUY,목표가 줄상향
55,자동차부품,MMM,US19460114001,3M,94200510629,0.6,183.13,BUY,목표주가 상향
55,자동차부품,CMI,US19840925001,커민스,87688560800,-0.29,632.95,BUY,
55,자동차부품,ORLY,US19930422001,오릴리 오토모티브,74863495730,0.37,92.57,BUY,
55,자동차부품,TEL,US20070614002,TE 커넥티비티,62247293064,2.06,218.69,BUY,
55,자동차부품,AZO,US19910402002,오토존,50255892998,-0.83,3042.65,BUY,
55,자동차부품,MGA,US19921009001,마그나 인터내셔널,18615525531,0.54,70.27,HOLD,
55,자동차부품,GPC,US19680820001,제뉴인 파츠,18610556333,0.41,135.09,BUY,
55,자동차부품,BWA,US19930812001,보그워너,14157859187,0.58,69.68,BUY,목표가 상향
55,자동차부품,AUR,US20211104001,오로라 이노베이션,14036447576,-0.43,6.95,BUY,
55,자동차부품,APTV,US20171205001,앱티브,10377291916,-0.38,49.62,BUY,
55,자동차부품,ALSN,US20120315002,앨리슨 트랜스미션 홀딩스,10317490861,0.38,124.99,,
55,자동차부품,MOD,US19900326064,모딘 매뉴팩처링,10179465392,3.83,198.32,BUY,
55,자동차부품,ALV,US19970428001,오토리브,8913566043,0.51,122.36,BUY,
55,자동차부품,MBLY,US20221024001,모빌아이 글로벌,7464371384,1.37,8.87,HOLD,
55,자동차부품,LKQ,US20031003001,LKQ,6237343747,0.53,24.7,,
55,자동차부품,LEA,US20091109001,리어,5982103997,0.88,121.93,BUY,
55,자동차부품,GTX,US20210503007,가렛 모션,5428522583,0.38,29.12,BUY,
55,자동차부품,GNTX,US19900326021,젠텍스,5041839080,0.34,23.93,BUY,
55,자동차부품,ATMU,NYS0230526001,애트머스 필트레이션 테크놀로지스,4062501482,-0.32,49.46,BUY,
55,자동차부품,DORM,US19910312001,도먼 프로덕츠,3968282579,-0.17,133.05,BUY,
55,자동차부품,DAN,US20080201001,다나,3220975137,1.88,30.4,BUY,
55,자동차부품,HSAI,NAS0230209001,허싸이 그룹(ADR),3043130586,-1.81,18.95,BUY,
55,자동차부품,VC,US20171227001,비스티온,2806901454,1.34,106.19,BUY,
55,자동차부품,PHIN,NYS0230705001,피니아,2713428782,1.5,74.92,BUY,
55,자동차부품,GT,US19510911001,굿이어 타이어 앤 러버,1741917139,1.0,6.09,HOLD,
55,자동차부품,CYD,US19941216001,차이나 유차이 인터내셔널,1737342854,1.32,46.76,BUY,
55,자동차부품,AEVA,US20210315013,에바 테크놀로지스,1656929902,1.56,24.06,BUY,
55,자동차부품,DCH,US19990129001,다우크,1583045319,3.77,6.89,BUY,
55,자동차부품,ADNT,US20161031001,애디언트,1447375791,2.3,19.14,BUY,
55,자동차부품,XPEL,US20190719001,엑스펠,1317925079,0.59,47.92,BUY,
55,자동차부품,THRM,US19930610001,젠섬,1279204001,-0.26,41.41,BUY,
55,자동차부품,MYE,US19870908001,마이어스 인더스트리스,1251645818,-2.65,32.28,,
55,자동차부품,PLOW,US20100505001,더글러스 다이내믹스,987805608,-0.52,42.44,BUY,
55,자동차부품,SMP,US19770509001,스탠더드 모터 프로덕츠,888348468,0.4,39.79,,
55,자동차부품,FOXF,US20130808001,폭스 팩토리 홀딩,886909744,2.43,21.54,HOLD,
55,자동차부품,MLR,US19940809002,밀러 인더스트리스,608034766,2.27,54.59,,
55,자동차부품,KE,US20141104003,킴볼 일렉트로닉스,606640446,0.36,25.23,BUY,
55,자동차부품,WNC,US19911101002,와바시 내셔널,512167927,-1.12,12.39,BUY,
55,자동차부품,CPS,US20131018002,쿠퍼 스탠더드 홀딩스,506178721,-3.42,27.42,,
55,자동차부품,TWI,US19930520001,타이탄 인터내셔널,458509634,0.85,7.14,,
55,자동차부품,ECX,NAS0221221001,이카엑스 홀딩스,414039884,-0.95,1.04,,
55,자동차부품,HLLY,US20210719008,홀리,383182724,-0.95,3.12,BUY,
55,자동차부품,STRT,US19950223002,스트라텍 시큐리티,341916465,0.06,83.47,BUY,
55,자동차부품,NNBR,US19940315001,NN,300785203,0.55,3.65,BUY,리전의 NN지분공시
55,자동차부품,MPAA,US19940323001,모터카 파츠 오브 아메리카,235947945,0.24,12.45,BUY,
55,자동차부품,CMT,US19880922001,코어 몰딩 테크놀로지스,216784776,0.4,25.33,,
55,자동차부품,SRI,US19971010001,스톤리지,203485423,-4.78,6.77,HOLD,
55,자동차부품,CAAS,US20030324001,차이나 오토모티브 시스템스,140466841,-1.08,4.59,,
55,자동차부품,CVGI,US20040805001,커머셜 비히클 그룹,134950314,0.3,3.32,,
55,자동차부품,INVZ,US20210406001,이노비즈 테크놀로지스,114100699,0.71,0.3976,BUY,
55,자동차부품,ARBE,US20211008001,아베 로보틱스,91715688,3.29,0.7564,BUY,
55,자동차부품,MVIS,US19960827001,마이크로비전,88793065,-2.15,3.64,BUY,
55,자동차부품,KNDI,US20061227002,칸디 테크놀로지스 그룹,63294871,0.24,0.6297,,
55,자동차부품,LIDR,US20210818003,에이아이,60639771,2.31,1.33,BUY,
55,자동차부품,MKDW,NAS0230324001,MKD웰 테크,49295108,-7.26,10.85,,
55,자동차부품,SYPR,US19940525001,사이프리스 솔루션즈,47101911,2.45,2.09,,
55,자동차부품,WPRT,US20080815002,웨스트포트 퓨얼 시스템즈,35833097,2.66,1.93,BUY,운영자금 부족 우려
55,자동차부품,CYN,US20211019002,신젠,17945524,1.61,1.26,,
55,자동차부품,WKSP,US20210804016,워크스포트,10637700,2.64,0.7113,,2분기 실적 호조
55,자동차부품,INEO,NAS0241023007,이네오바 홀딩스,10024093,0.32,0.6198,,
55,자동차부품,AZI,NAS0240828001,오토지 인터넷 테크놀로지,9621113,-7.28,1.4,,SpaceX 편입 부담
55,자동차부품,GAUZ,NAS0240606002,고지,7520800,-1.25,0.3949,,
55,자동차부품,MTEN,NAS0240418003,밍텅 인터내셔널 코퍼레이션,7170342,26.85,1.37,,
123,게임,SONY,US20210401017,소니(ADR),139932235150,-0.88,23.61,,이미지센서 합작
123,게임,NTES,US20000630002,넷이즈(ADR),85705466867,-4.14,127.89,BUY,
123,게임,SE,US20171019004,씨(ADR),70551690921,14.56,131.51,BUY,
123,게임,TTWO,US19970414001,테이크 투 인터랙티브 소프트웨어,47573431206,-1.21,250.5,BUY,가이던스 하회
123,게임,RBLX,US20210309012,로블록스,26557393764,-2.24,36.22,BUY,
123,게임,LOGI,US19970327001,로지텍 인터내셔널,16918652102,-1.15,103.66,HOLD,
123,게임,FLUT,NYS0240129002,플러터 엔터테인먼트,16415014612,5.04,99.02,BUY,씨티 중립상향
123,게임,GME,US20020211001,게임스탑,8459502205,0.16,18.82,,이베이 인수 철회 검토
123,게임,SRAD,US20210913006,스포츠레이더 그룹,4012325069,-0.52,13.27,BUY,
123,게임,GENI,US20210421006,지니어스 스포츠,2105978092,2.91,7.78,BUY,
123,게임,IGT,US19910131002,브라이트스타 로터리,2027420196,2.27,11.25,BUY,
123,게임,FBYD,NAS0231006002,팰컨스 비욘드 글로벌,1155707355,4.84,9.96,,
123,게임,PLTK,US20210114005,플레이티카 홀딩,1071592951,-4.64,2.67,HOLD,
123,게임,ACEL,US20191121003,악셀 엔터테인먼트,981699561,1.66,12.25,BUY,
123,게임,DDI,US20210831004,더블다운 인터랙티브(ADR),599144085,2.66,12.37,BUY,
123,게임,GRVY,US20050208001,그라비티(ADR),483122255,1.01,69.99,,
123,게임,CDRO,US20211201002,코데레 온라인 룩셈부르크,404001640,0.79,8.92,,
123,게임,SOHU,US20000712001,써우후닷컴(ADR),377451790,-1.32,14.24,,
123,게임,PLAY,US20141021001,데이브 앤 버스터스 엔터테인먼트,343830799,1.83,10.03,HOLD,
123,게임,GDEV,US20210827004,G데브,224372412,-2.6,12.0,BUY,
123,게임,MRDN,US20220317004,메리디언 홀딩스,168312806,5.66,13.99,,
123,게임,SKLZ,US20201217014,FIRY,164121936,-2.48,10.22,BUY,
123,게임,INSE,US20161228001,인스파이어드 엔터테인먼트,161595854,1.96,6.23,,
123,게임,CTW,NAS0250801003,CTW 케이맨,159033540,1.97,2.59,,
123,게임,MYPS,US20210622004,플레이스튜디오스,86562085,-6.0,0.63,HOLD,실적 부진
123,게임,NIPG,NAS0240726001,NIP 그룹(ADR),76013830,-2.14,8.7,,
123,게임,ROLR,AMX0241023001,하이 롤러 테크놀로지스,73411276,-3.9,6.41,BUY,매출하회 적자확대
123,게임,GCL,US20220420005,GCL 글로벌 홀딩스,71425502,-7.7,0.5049,,
123,게임,GRSD,US20210721004,그랜드스탠드 리미티드,65072909,2.72,1.89,,
123,게임,BRAG,US20210827002,브래그 게이밍,50759117,-1.2,1.64,,
123,게임,GMHS,NAS0250127006,게임하우스 홀딩스,43140960,4.89,0.7868,,
123,게임,SNAL,NAS0221110006,스네일,40108160,1.55,4.59,,실적 예상치 하회
123,게임,GAME,NAS0230411004,게임스퀘어 홀딩스,40043908,1.03,0.3913,,EBITDA흑전
123,게임,TBH,NAS0250306011,하우스 오브 닷지,37600394,1.48,0.501,,
123,게임,MSGM,NAS0221110004,모터스포츠 게임스,18218719,2.07,4.44,,
123,게임,GIGM,US20000218001,기가미디어,16411675,1.36,1.49,,
123,게임,AIFA,NAS0221201001,올 인 퓨처테크 얼라이언스,13502207,50.71,3.18,,
123,게임,DKI,NAS0250808003,다크아이리스,9155448,-9.89,3.92,,
123,게임,GXAI,NAS0230215005,객소스 AI,9133726,4.52,0.8855,,주식수 확대 부담
123,게임,VS,US20210115011,벌서스 시스템스,8259674,-0.76,1.31,,
123,게임,SEGG,NAS0230615003,로터리닷컴,8176344,-1.6,2.46,BUY,
123,게임,PLAG,US20181001007,플래닛 그린 홀딩스,8078752,927.05,5.81,,
123,게임,RIME,US20220524002,알고리듬 홀딩스,6550405,1.82,0.4309,,
27,화장품브랜드,EL,US19951117003,에스티 로더,31651883386,0.68,87.78,BUY,
27,화장품브랜드,ELF,US20160922006,엘프 뷰티,5638981542,-0.26,94.99,BUY,
27,화장품브랜드,BBWI,US20131203003,배스 앤 바디 웍스,3907381327,-2.28,18.88,HOLD,
27,화장품브랜드,COTY,US20130613002,코티,2517839756,-1.05,2.82,HOLD,
143,건설,CAT,US19291202001,캐터필러,387091017660,0.69,843.37,BUY,
143,건설,HD,US19810922001,홈 디포,350954832367,1.05,354.48,BUY,목표가 상향
143,건설,DE,US19580804001,디어,165025266910,1.42,617.95,BUY,
143,건설,LOW,US19791219001,로우스,123143788515,1.08,221.25,BUY,목표주가 하향
143,건설,PWR,US19980212001,콴타 서비시스,97694569660,1.47,670.58,BUY,
143,건설,MMM,US19460114001,3M,94200510629,0.6,183.13,BUY,목표주가 상향
143,건설,WM,US19910930001,웨이스트 매니지먼트,90882648012,0.11,226.85,BUY,
143,건설,SHW,US19640211001,셔윈 윌리엄스,88349433892,0.47,364.42,BUY,
143,건설,ITW,US19730313001,일리노이 툴 웍스,84163773228,-0.47,293.15,HOLD,회사채 발행 부담
143,건설,CRH,US19930222001,CRH(ADR),67154607311,0.69,101.29,BUY,
143,건설,RSG,US19980701002,리퍼블릭 서비스,65942317249,0.21,215.08,BUY,목표주가 상향
143,건설,FAST,US19870820001,패스널,60044952994,0.44,52.38,HOLD,
143,건설,ADSK,US19850701001,오토데스크,54214015740,-1.75,251.59,BUY,중립의견 개시
143,건설,FERG,US20210308013,퍼거슨,51330418798,-4.65,251.51,BUY,실적 호조
143,건설,FER,NAS0240509001,페로비알,47896700930,0.37,65.67,,
143,건설,WCN,US19871105008,웨이스트 커넥션스,41957658455,0.38,166.85,BUY,
143,건설,CBRE,US20180320001,CBRE 그룹,41822831390,2.45,147.46,BUY,
143,건설,DHI,US19920612001,D R 호튼,41160110789,2.82,150.79,BUY,
143,건설,VMC,US19570102001,벌칸 머티리얼스,37099394960,0.86,287.79,BUY,
143,건설,EME,US19941028002,엠코 그룹,35820541169,0.93,816.86,BUY,마진 강세 지속평가
143,건설,MLM,US19940216001,마틴 마리에타 머티리얼스,33120530001,0.75,553.67,BUY,
143,건설,OTIS,US20200403003,오티스 월드와이드,27833453019,0.23,73.04,BUY,
143,건설,PPG,US19451217001,PPG 인더스트리스,25758268070,0.59,116.16,BUY,목표가 상향
143,건설,AMRZ,NYS0250623001,암라이즈,25710110928,2.83,47.6,BUY,RBC 의견 하향
143,건설,PHM,US19871208002,풀티 그룹,24460881674,1.82,132.42,BUY,
143,건설,TPL,US19750529001,텍사스 퍼시픽 랜드,24253465683,4.15,364.97,BUY,
143,건설,MTZ,US19900326065,마스텍,21617278795,1.63,272.65,BUY,재무구조 개선
143,건설,LEN,US19720727001,레나,20636283025,2.28,87.55,HOLD,
143,건설,LEN.B,US20030423001,레나 B,20636283025,2.84,86.2,,
143,건설,APG,US20200429001,API 그룹,18351051122,1.35,42.89,BUY,
143,건설,JHX,US20011022001,제임스 하디 인더스트리스(ADR),17725211298,2.14,31.08,BUY,비중확대 의견
143,건설,CX,US19990915001,세멕스(ADR),17183136991,-0.97,11.19,BUY,
143,건설,NVR,US19860617001,NVR,16824914225,2.19,6429.96,HOLD,
143,건설,CLH,US19871124001,클린 하버스,16419545661,0.5,311.55,BUY,
143,건설,STRL,US19921001001,스털링 인프라스트럭처,16221165896,0.8,532.76,BUY,
143,건설,CSL,US19860602002,칼라일,15351759354,1.22,389.96,BUY,
143,건설,MAS,US19690505001,매스코,15124719344,1.9,76.14,HOLD,
143,건설,GFL,US20200302004,GFL 인바이런멘틀,14911866384,0.34,41.32,BUY,
143,건설,RPM,US19900326068,RPM 인터내셔널,14859286931,0.63,116.66,BUY,
143,건설,TOL,US19860708002,톨 브라더스,14068201134,1.94,152.91,BUY,
143,건설,TPX,US20031218002,솜니그룹 인터내셔널,13682137348,0.65,65.24,BUY,
143,건설,OC,US20060920002,오웬스 코닝,12198920328,3.33,158.92,BUY,
143,건설,DY,US19900924001,다이콤 인더스트리스,12077128069,0.6,403.18,BUY,
143,건설,WTRG,US20200203011,에센셜 유틸리티스,11326998656,1.7,40.08,HOLD,
143,건설,WMS,US20140725001,어드밴스드 드레이니지 시스템,10718905168,1.4,143.65,BUY,
143,건설,AYI,US20011128001,어큐이티 브랜즈,10615101817,1.04,357.08,BUY,
143,건설,VMI,US19900326072,밸몬트 인더스트리스,9534851516,0.23,493.37,BUY,
143,건설,ACM,US20070510005,애이콤 테크놀로지,9452680508,-8.53,67.05,BUY,
143,건설,MHK,US19920401001,모호크 인더스트리스,9219842840,0.76,136.68,HOLD,
143,건설,TTEK,US19911201002,테트라 테크,9002224669,0.97,35.38,BUY,
143,건설,STN,US19930601001,스탠텍,8378022114,1.8,74.52,BUY,
143,건설,AGX,US20131003001,아간,8176464317,-0.47,578.51,BUY,
143,건설,SSD,US19940602001,심슨 매뉴팩처링,8031866299,2.34,199.89,BUY,
143,건설,AWI,US20061018001,암스트롱 월드 인더스트리스,7775169559,1.83,186.7,BUY,
143,건설,BLDR,US20210719002,빌더스 퍼스트소스,7771059495,4.33,75.1,BUY,
143,건설,TEX,US19910319001,테렉스,7608378652,2.36,67.73,BUY,
143,건설,FLR,US20001201001,플루오르,7011670503,1.34,52.95,BUY,
143,건설,LGN,NAS0250912007,레전스,6955222673,1.26,64.97,BUY,
143,건설,ECG,NYS0241101001,에베루스 컨스트럭션 그룹,6757650483,1.96,134.48,BUY,
143,건설,ROAD,US20180503001,컨스트럭션 파트너스,6728980627,2.23,120.79,BUY,가이던스 상향
143,건설,EXP,US19940412002,이글 머티리얼스,6493829496,1.58,214.31,HOLD,
143,건설,FSV,US20150603002,퍼스트서비스,6323918651,0.42,143.34,BUY,
143,건설,LB,NYS0240627002,랜드브릿지,6320010927,2.69,83.91,,
143,건설,IBP,US20140213001,인스톨드 빌딩 프로덕츠,6287558993,5.86,249.57,HOLD,
143,건설,FBHS,US20110916001,포춘 브랜즈 이노베이션스,5748065894,4.19,50.0,HOLD,CEO 지분 매입
143,건설,CWST,US19971029001,카셀라 웨이스트 시스템즈,5746390791,2.81,92.52,BUY,목표가 상향
143,건설,HRI,US20160701005,허크 홀딩스,5694569827,0.75,171.03,BUY,
143,건설,WFG,US20210201015,웨스트 프레이저 팀버,5597283341,0.38,71.51,BUY,
143,건설,GVA,US19900401001,그래닛 컨스트럭션,5531712755,-0.48,125.37,BUY,
143,건설,LPX,US19721227001,루이지애나 퍼시픽,5219243741,1.52,75.52,BUY,
143,건설,TPC,US19991028001,튜터 페리니,5196674393,-1.0,97.53,BUY,
143,건설,SKY,US20180604004,스카이라인 챔피언,5064628325,1.27,94.17,BUY,
143,건설,UFPI,US19931118001,UFP 인더스트리스,5031185157,2.11,92.82,BUY,
143,건설,TREX,US19990408001,트렉스,4923487805,3.26,49.74,BUY,스티펠 목표가 상향
143,건설,MRP,NYS0250207001,밀로즈 프라퍼티스,4798399096,3.23,29.73,,
143,건설,GFF,US19910101001,그리폰,4762985335,1.86,106.75,,채권 발행 계획
143,건설,MTH,US19881216001,메리티지 홈스,4706487606,2.57,73.82,BUY,
143,건설,OMAB,US20061129001,그루포 아에로포르투아리오 센트로 노르테(ADR),4632872263,-0.12,108.4,BUY,
143,건설,BRC,US19840629001,브래디,4554239718,-1.33,95.06,BUY,
143,건설,CVCO,US20030620001,카브코 인더스트리스,4499436857,1.89,594.18,BUY,
143,건설,MDU,US19480920001,MDU 리소시스 그룹,4307792925,0.44,20.5,BUY,
143,건설,HHH,US20101105001,하워드 휴즈 홀딩스,3927990690,2.26,67.03,,
143,건설,KNF,NYS0230601001,나이프 리버 홀딩,3845664632,0.93,68.15,BUY,
143,건설,JOE,US19920310001,세인트 조,3786147636,3.2,68.4,,
143,건설,MHO,US19931103002,M I 홈즈,3757116107,2.82,152.28,BUY,
143,건설,KBH,US19860801001,KB 홈,3550151667,2.14,57.73,HOLD,
143,건설,HNI,US19900326060,HNI,3538894179,1.08,49.52,,
143,건설,USLM,US19900326055,유나이티드 스테이츠 라임 앤 미네랄스,3463202729,0.14,120.48,,
143,건설,BATRA,NAS0230719001,애틀랜타 브레이브스 홀딩스 A,3205197959,2.06,54.39,BUY,구단가치 부각
143,건설,BATRK,NAS0230719002,애틀랜타 브레이브스 홀딩스 C,3205197959,1.84,50.96,HOLD,구단가치 부각
143,건설,GRBK,US20211213007,그린 브릭 파트너스,3088975152,1.55,71.61,,
143,건설,BCC,US20130206001,보이시 캐스케이드,2967070825,0.92,85.53,,
143,건설,MGRC,US19841113001,맥그래스 렌트코프,2954009843,0.29,120.88,,
143,건설,TTAM,NYS0250207002,타이탄 아메리카,2924656037,1.27,16.01,HOLD,
143,건설,PATK,US19900327004,패트릭 인더스트리스,2824057007,2.25,87.42,,합병 절차 진전
143,건설,CDNL,NAS0251210003,카디널 인프라스트럭처 그룹,2821735127,-36.22,38.27,BUY,매출 전망 상향
143,건설,ABM,US19840719001,ABM 인더스트리스,2816718461,0.75,48.28,BUY,
143,건설,CTOS,US20210405015,커스텀 트럭 원 소스,2431151345,-0.09,10.64,BUY,
143,건설,BOBS,NYS2602005001,밥스 디스카운트 퍼니처,2411486256,-0.22,18.35,BUY,
143,건설,TILE,US19780920001,인터페이스,2183908343,2.8,38.54,BUY,목표가 상향
143,건설,CCS,US20140618002,센추리 커뮤니티스,1965385570,2.85,70.85,BUY,
143,건설,MBC,NYS0221215004,마스터브랜드,1849876502,1.77,9.22,HOLD,
143,건설,TGLS,US20220509004,테크노글래스,1844259719,3.23,42.77,BUY,
143,건설,HLMN,US20210715005,힐만 솔루션즈,1772459581,-0.77,9.01,BUY,
143,건설,LZB,US19870820003,레이지보이,1662081879,0.34,41.54,,
143,건설,MLKN,US20211101005,밀러놀,1645971024,-1.16,23.8,BUY,
143,건설,BW,US20150702002,밥콕 앤 윌콕스 엔터프라이지스,1492618114,3.49,9.19,BUY,데이터센터 계약
143,건설,FOR,US19730314001,포레스타 그룹,1460469348,1.93,29.08,BUY,
143,건설,ROCK,US19930930001,지브롤터 인더스트리스,1455273705,1.86,49.77,BUY,
143,건설,ARHS,US20211103001,아르하우스,1342674658,4.24,9.84,BUY,
143,건설,LGIH,US20131106002,LGI 홈스,1322647628,1.94,57.8,BUY,
143,건설,LEG,US19790625001,레겟 앤 플랫,1296514167,0.74,9.53,,
143,건설,DFH,US20221010002,드림 파인더스 홈스,1255325345,2.54,14.14,HOLD,
143,건설,LOMA,US20171101007,로마 네그라 콤파니아 인더스트리얼 아르헨티나(ADR),1209564569,-3.97,9.92,BUY,
143,건설,BV,US20180627006,브라이트뷰 홀딩,1048070524,0.18,11.3,BUY,
143,건설,CPAC,US20120208003,세멘토스 파카스마요(ADR),1010527062,-0.59,11.81,HOLD,
143,건설,ASTE,US19860618001,애스텍 인더스트리스,994372819,-0.23,42.94,BUY,
143,건설,AEBI,NAS0250702001,에비 슈미트 홀딩,991554591,0.94,12.87,,
143,건설,NX,US20080424001,콰넥스 빌딩 프로덕츠,970523354,3.94,21.89,,
143,건설,KOP,US20060201002,코퍼스 홀딩스,959032217,-8.96,46.01,,경영진 매도부담
143,건설,APOG,US19730503002,애퍼지 엔터프라이지스,890329212,1.9,43.33,BUY,
143,건설,BZH,US19940223001,비저 홈스 USA,885019741,0.33,33.17,HOLD,오펜하이머 의견하향
143,건설,HOV,US19830907001,호브내니언 엔터프라이지스,781012903,4.3,137.36,SELL,
143,건설,BWMN,US20210504001,바우맨 컨설팅 그룹,745196873,-0.12,42.37,BUY,투자의견 하향
143,건설,JBI,US20210608007,야누스 인터내셔널 그룹,734911538,-5.77,5.06,,
143,건설,BXC,US20041214002,블루링스 홀딩스,720939242,-1.67,89.88,BUY,
143,건설,SDHC,NYS0240111002,스미스 더글러스 홈스,707890629,3.67,14.39,HOLD,
143,건설,CRESY,US19970319001,크레수드(ADR),685340016,-2.13,10.58,,
143,건설,MTW,US19930527003,매니토웍 컴퍼니,683520924,3.02,19.46,,
143,건설,LEGH,US20181212001,레가시 하우징,678165328,1.83,28.94,BUY,
143,건설,HY,US20120928002,하이스터 예일,631491051,-1.68,34.51,BUY,
143,건설,ETD,US20210816003,이선 알렌 인테리어스,600272376,0.68,23.67,,
143,건설,OIO,US20220407002,OIO 그룹,569199956,11.04,1.81,,
143,건설,ADUR,NAS0241107001,아두로 클린 테크놀로지스,551337387,0.84,15.69,BUY,
143,건설,ONT,US20200722006,온테리스,547575598,5.6,16.41,BUY,
143,건설,ASPN,US20140612001,아스펀 에어로젤,523769815,-2.38,6.14,BUY,
143,건설,BBCP,US20181207001,콘크리트 펌핑 홀딩스,474799055,-0.64,9.33,HOLD,
143,건설,HVT,US19920225009,하버티 퍼니처,457276502,-1.83,28.42,,
143,건설,HVT.A,US19920225010,하버티 퍼니처 A,457276502,0,32.5,,
143,건설,TRC,US19920317027,테혼 랜치,446010288,0.61,16.55,,
143,건설,FSTR,US19900326019,LB 포스터,415358483,-4.14,37.94,,EPS 기대치 하회
143,건설,ORN,US19951220001,오라이언 그룹 홀딩스,397793448,-0.2,9.77,BUY,
143,건설,NOA,US20061122001,노스 아메리칸 컨스트럭션 그룹,396495672,5.01,15.31,BUY,
143,건설,PESI,US19921208001,퍼마 픽스 인바이런멘틀 서비시스,378064995,-1.8,17.45,,
143,건설,FPH,US20170508003,파이브 포인트 홀딩스,377539976,0.38,5.26,,
143,건설,SEG,AMX0240801006,시포트 엔터테인먼트 그룹,371194052,1.21,29.23,,
143,건설,CVEO,US20140603001,시비오,331175294,2.19,32.63,BUY,
143,건설,MTRX,US19901003001,매트릭스 서비스,327459487,1.21,11.74,BUY,
143,건설,MLP,US19980511002,마우이 랜드 앤 파인애플,320904829,-0.31,16.05,,
143,건설,TCI,US19860910001,트랜스컨티넨탈 리얼티 인베스터스,315877543,0.92,36.21,,
143,건설,FLXS,US19920225005,플렉스스틸 인더스트리스,307733643,0,75.25,,
143,건설,SUPX,NAS0240417002,슈퍼 X AI 테크놀로지,295929114,1.03,6.89,,
143,건설,ALTG,US20200218003,알타 이큅먼트 그룹,268850216,4.96,7.62,BUY,
143,건설,LOVE,US20180626003,러브색,254103511,1.73,17.6,,
143,건설,ARL,US20000803001,아메리칸 리얼티 인베스터스,244841618,0.93,15.21,,
143,건설,GENC,US20220801004,젠코 인더스트리스,235318619,8.13,17.3,,
143,건설,CMT,US19880922001,코어 몰딩 테크놀로지스,216784776,0.4,25.33,,
143,건설,ANGI,US20111117001,앤지,186784531,-2.18,4.49,HOLD,
143,건설,HTLM,NAS0241001003,홈스 투 라이프,179083434,3.02,2.05,,
143,건설,BSET,US19840907011,바셋 퍼니처 인더스트리스,170016988,0.15,19.6,HOLD,
143,건설,JELD,US20170127002,젤드 웬 홀딩,162797787,1.07,1.89,HOLD,재무부담 부각
143,건설,HOFT,US20020627001,후커 퍼니싱,159192247,2.78,15.18,,
143,건설,CHCI,US20041214001,컴스톡 홀딩 컴퍼니스,154616214,-1.0,14.87,,
143,건설,SMID,US20201117004,스미스 미드랜드,146691386,0.44,27.67,,
143,건설,AXR,US19871210001,앰렙,116368541,-0.18,21.74,HOLD,
143,건설,STHO,NAS0230331009,스타 홀딩스,114434577,0.53,9.49,,
143,건설,KEQU,US19920225007,키와우니 사이언티픽,104796703,-0.58,36.2,,
143,건설,RFL,US20191121005,라파엘 홀딩스,103830945,-3.52,1.92,,
143,건설,YDDL,NAS0251009003,원앤원 그린 테크놀로지,100358715,-1.69,1.75,,
143,건설,RETO,US20171129002,리토 에코 솔루션스,96130528,-53.85,1.2,,
143,건설,LPA,US20210330015,로지스틱 프로퍼티스 오브 디 아메리카스,93828116,1.69,3.0,,
143,건설,JFB,NAS0250306006,JFB 컨스트럭션 홀딩스,91751546,-2.65,4.4,,합병 종결 가시화
143,건설,CSTE,US20120322001,시저스톤,88470575,17.65,3.0,,
143,건설,MAYS,US19920226001,JW 메이스,82350832,0.05,40.73,,
143,건설,INTG,US19950818006,인터그룹,69038312,4.34,33.41,,
143,건설,APT,US20000404002,알파 프로 테크,54993270,0.19,5.38,,
143,건설,SKYQ,NAS0241010011,스카이 쿼리,50940914,-5.63,3.52,,
143,건설,XHG,US20220926001,엑스체인지 텍(ADR),49240059,-3.35,0.9201,,
143,건설,CULP,US20170713005,컬프,42818309,2.37,3.45,,
143,건설,AEI,NAS0221228001,알셋,41759687,2.8,1.1,,
143,건설,PRPL,US20180205001,퍼플 이노베이션,39806434,-20.33,7.25,HOLD,
143,건설,SCWO,US20220614001,374워터,37742906,7.91,2.32,,ATM 증자 부담
143,건설,MERC,US19900326031,머서 인터내셔널,34295115,-1.96,0.5,,
143,건설,SLND,AMX0230302004,사우스랜드 홀딩스,33114963,16.64,0.71,,
143,건설,CRWS,US20031007001,크라운 크래프츠,32066437,2.36,3.04,,
143,건설,LOOP,US20171120001,루프 인더스트리,31786908,0.21,0.6562,,
143,건설,QRHC,US20140519001,퀘스트 리소스 홀딩,31323301,-6.08,1.39,BUY,
143,건설,LIVE,US19950818008,라이브 벤처스,30820735,3.5,10.35,,
143,건설,CKX,US19990713001,CKX 랜즈,22413803,0,10.88,,
143,건설,MRNO,US20220314003,무라노 글로벌 인베스트먼츠,18284078,-3.65,0.2139,,
143,건설,LRE,NAS0230331005,리드 리얼 에스테이트(ADR),18068379,-0.76,1.31,,
143,건설,MSW,NAS0241122004,밍싱 그룹 홀딩스,16989801,-2.31,1.27,,
143,건설,PGHL,NAS0240723005,프리메가 그룹 홀딩스,15067000,-2.69,1.81,,
143,건설,NTZ,US19930513001,나투치(ADR),14809633,0,1.34,,
143,건설,MIMI,NAS0250110001,민트,14387547,-2.96,1.97,,
143,건설,GTEC,US20191029002,그린랜드 테크놀로지스 홀딩,14369176,2.72,0.5542,,
143,건설,SKK,NAS0241008006,SKK 홀딩스,11056427,0,4.5,,
143,건설,AWX,US19980521002,아발론 홀딩스,10955436,2.14,2.86,,
143,건설,RITR,NAS0240820006,리타 로그텍 홀딩스,10538660,-13.85,0.1449,,
143,건설,AIRE,NAS0231023002,리알파 테크,8998854,-1.31,1.51,BUY,
143,건설,NWGL,NAS0230912005,네이처 우드 그룹(ADR),8789529,5.07,0.319,,사모발행 희석부담
143,건설,NCL,AMX0231019001,노선,8572535,0,0.159,,
143,건설,AEHL,US20201015001,안텔로페 엔터프라이즈 홀딩스,8415951,-5.6,5.39,,
143,건설,GAUZ,NAS0240606002,고지,7520800,-1.25,0.3949,,
143,건설,SPHL,NAS0241017004,스프링뷰 홀딩스,6196148,2.2,2.79,,
143,건설,MWG,AMX0230403009,멀티 웨이스 홀딩스,6010774,0,1.16,,
143,건설,RENX,NAS0230928001,렌엑스엔터,5009437,3.14,1.97,,
143,건설,MSGY,NAS0250708003,메이슨글로리,4922297,48.48,3.43,,
143,건설,OLOX,US20170612005,올레녹스 인더스트리즈,4624949,-3.07,3.16,,
143,건설,CWD,NAS0230517004,캘리버코스,4485662,10.34,0.558,,
143,건설,GBR,US19930326003,뉴 컨셉 에너지,3581879,2.75,0.7147,,
143,건설,OFAL,NAS0250516004,OFA 그룹,2109652,-10.55,0.7132,,
143,건설,UK,US20201118018,유커뮨 인터내셔널,1387710,9.8,2.24,,
69,산업용 기계,CAT,US19291202001,캐터필러,387091017660,0.69,843.37,BUY,
69,산업용 기계,PH,US19641209001,파카 하니핀,134168109603,0.08,1061.33,BUY,목표가 상향
69,산업용 기계,HWM,US20200401001,하우멧 에어로스페이스,113527673402,-0.84,281.34,BUY,목표가 줄상향
69,산업용 기계,TT,US20200302006,트레인 테크놀로지,105304789984,1.46,483.96,BUY,
69,산업용 기계,JCI,US19651011001,존슨 콘트롤즈 인터내셔널,91594834067,2.69,154.76,BUY,
69,산업용 기계,ITW,US19730313001,일리노이 툴 웍스,84163773228,-0.47,293.15,HOLD,회사채 발행 부담
69,산업용 기계,URI,US19971218001,유나이티드 렌탈스,71042201830,0.53,1143.59,BUY,목표가 상향
69,산업용 기계,LITE,US20150805002,루멘텀 홀딩스,63505730140,0.87,820.59,BUY,가이던스 상회
69,산업용 기계,GWW,US19750729001,W W 그레인저,61318375985,0.35,1301.94,HOLD,목표주가 상향
69,산업용 기계,AME,US19300701001,아메텍,58172207985,1.35,256.3,BUY,
69,산업용 기계,KEYS,US20141104006,키사이트 테크놀로지스,57514416620,2.47,343.7,BUY,
69,산업용 기계,IX,US19980916001,오릭스(ADR),43564095096,-0.4,39.7,,
69,산업용 기계,WAT,US19951117004,워터스,40567108109,0.78,415.0,BUY,목표가 상향
69,산업용 기계,ROP,US19961101001,로퍼 테크놀로지스,40080548002,-1.09,399.5,BUY,
69,산업용 기계,JBL,US19930429001,자빌,35394111411,5.94,356.61,BUY,UBS 매수상향
69,산업용 기계,IR,US19480609001,잉가솔 랜드,33726387195,-1.86,85.02,BUY,목표주가 상향
69,산업용 기계,SUNB,NYS2603002003,선벨트 렌탈스,32406299461,2.14,80.55,BUY,
69,산업용 기계,MTD,US19971114002,메틀러 톨레도 인터내셔널,28699795631,0.68,1437.18,BUY,
69,산업용 기계,DOV,US19561203001,도버,28392282427,-0.79,208.45,BUY,목표가 하향
69,산업용 기계,HUBB,US20151224001,허벨,26765634109,2.92,519.62,BUY,
69,산업용 기계,SNA,US19780227001,스냅 온,21337660170,0.16,411.78,HOLD,
69,산업용 기계,MKSI,US19990330001,MKS 인스트루먼츠,19835036369,0.69,294.38,BUY,반도체 장비주 선호
69,산업용 기계,ITT,US19951215002,ITT,19009902299,2.35,216.89,BUY,
69,산업용 기계,ZBRA,US19910815001,지브라 테크놀로지스,17947878947,1.32,383.06,BUY,
69,산업용 기계,J,US20191210002,제이콥스 솔루션즈,17301779328,0.2,147.62,BUY,
69,산업용 기계,IEX,US19890401001,아이덱스,17254962667,1.73,237.31,BUY,
69,산업용 기계,MAIR,NYS2604016001,매디슨 에어 솔루션스,15268856222,5.11,31.88,BUY,
69,산업용 기계,LECO,US19831013001,링컨 일렉트릭 홀딩스,15167347887,2.5,284.27,BUY,매수의견 개시
69,산업용 기계,IESC,US20060515001,IES 홀딩스,15015738399,3.85,780.0,HOLD,DBM 인수 합의
69,산업용 기계,GGG,US19860919001,그라코,13549507772,0.18,83.53,HOLD,
69,산업용 기계,AIT,US19840101001,어플라이드 인더스트리얼 테크놀로지,13268973479,-1.52,352.35,BUY,
69,산업용 기계,MOG.A,US19920221001,무그 A,13028076017,1.76,416.98,BUY,
69,산업용 기계,MOG.B,US19950818028,무그 B,13028076017,0,411.85,,
69,산업용 기계,CR,NYS0230404002,크레인 컴퍼니,12721507339,0.55,220.56,BUY,
69,산업용 기계,AEIS,US19951117001,어드밴스드 에너지 인더스트리스,12638181108,4.17,327.59,BUY,
69,산업용 기계,GNRC,US20100211004,제네락 홀딩스,12201863770,4.74,215.86,BUY,
69,산업용 기계,RRX,US20211005013,리걸 렉스노드,11587527925,-0.5,172.55,BUY,
69,산업용 기계,FPS,NYS2602005004,포전트 파워 솔루션즈,11485347200,0.32,37.72,BUY,
69,산업용 기계,SPXC,US20150929013,SPX 테크놀로지스,10671803532,2.09,216.79,BUY,
69,산업용 기계,WTS,US19950705002,와츠 워터 테크놀로지스,10585762856,0.17,384.76,HOLD,
69,산업용 기계,FLS,US19720630007,플로우서브,10138463330,1.72,80.86,BUY,
69,산업용 기계,TKR,US19570605001,팀켄,8800647484,1.56,128.54,BUY,
69,산업용 기계,ESE,US19901019001,에스코 테크놀로지스,7819566886,-1.8,295.41,BUY,
69,산업용 기계,AAON,US19910108001,에이에이온,7334592241,-3.88,85.78,BUY,
69,산업용 기계,ACA,US20181101001,아코사,7131332682,0.12,144.91,HOLD,
69,산업용 기계,NPO,US20020524001,엔프로,7062549009,1.19,336.49,BUY,
69,산업용 기계,MSM,US19951215003,MSC 인더스트리얼 다이렉트,6888468738,-2.33,120.06,HOLD,
69,산업용 기계,ST,US20100311004,센사타 테크놀로지스 홀딩,6686688419,0.96,46.23,HOLD,
69,산업용 기계,WHD,US20180207003,캑터스,5717677164,1.36,72.04,BUY,
69,산업용 기계,CSW,US20151002001,CSW 인더스트리얼스,5684459150,1.03,351.29,BUY,
69,산업용 기계,ESAB,US20220405003,에삽,5338365087,2.78,87.96,BUY,
69,산업용 기계,FELE,US19900326015,프랭클린 일렉트릭,4765746007,0.35,107.81,,
69,산업용 기계,MWA,US20060526001,뮬러 워터 프로덕츠,4085567103,0.54,26.22,HOLD,
69,산업용 기계,SXI,US19750701001,스탠덱스 인터내셔널,3988873070,-0.19,327.53,BUY,
69,산업용 기계,BMI,US19840910002,배저 미터,3968378698,-0.56,135.68,BUY,
69,산업용 기계,KAI,US19921103001,카단트,3951241276,1.45,338.33,,
69,산업용 기계,OSIS,US19971002001,OSI 시스템즈,3847088369,0.25,233.2,BUY,
69,산업용 기계,MIR,US20211021007,미리온 테크놀로지스,3765725657,1.33,15.27,,
69,산업용 기계,IPGP,US20061213001,IPG 포토닉스,3623002924,1.07,85.8,BUY,
69,산업용 기계,ATKR,US20160610001,앳코어,3176914673,0.13,93.87,HOLD,
69,산업용 기계,DXPE,US19950113001,DXP 엔터프라이지스,2999517060,1.22,195.0,BUY,
69,산업용 기계,MGRC,US19841113001,맥그래스 렌트코프,2954009843,0.29,120.88,,
69,산업용 기계,HLIO,US20211101003,헬리오스 테크놀로지스,2703075617,-0.56,81.06,,
69,산업용 기계,KMT,US19670123001,켄나메탈,2415642129,-3.66,30.24,HOLD,
69,산업용 기계,GRC,US20170516004,고먼 러프,2167419748,1.22,82.79,BUY,
69,산업용 기계,PRLB,US20120224006,프로토 랩스,2152111515,0.88,90.45,BUY,
69,산업용 기계,ALG,US19930322001,알라모 그룹,2063624807,0.45,169.74,BUY,
69,산업용 기계,ATS,NYS0230525001,ATS 코퍼레이션,1942609724,3.35,20.39,SELL,자사주 매입
69,산업용 기계,ALNT,US19920225001,얼라이언트,1928311595,0.83,113.97,BUY,
69,산업용 기계,EPAC,US20191007003,에너팩 툴 그룹,1894918173,0.89,37.26,,
69,산업용 기계,AIN,US19870930001,앨버니 인터내셔널,1738560410,3.29,63.02,HOLD,
69,산업용 기계,GIC,US20210621004,글로벌 인더스트리얼 컴퍼니,1521855911,-1.13,39.35,,
69,산업용 기계,BW,US20150702002,밥콕 앤 윌콕스 엔터프라이지스,1492618114,3.49,9.19,BUY,데이터센터 계약
69,산업용 기계,TNC,US19920303008,테넌트,1296383498,-4.26,66.32,BUY,
69,산업용 기계,GHM,US20140502003,그레이엄,1280731266,0.01,108.76,BUY,
69,산업용 기계,KODK,US20131104002,이스트먼 코닥,981337965,0.9,10.08,,
69,산업용 기계,ACDC,US20221102001,프로프랙 홀딩,931976206,3.33,5.27,,
69,산업용 기계,SSYS,US19941028001,스트라타시스,771780692,1.69,9.01,BUY,
69,산업용 기계,KRNT,US20150401001,코닛 디지털,723854766,4.71,17.58,BUY,
69,산업용 기계,MATW,US19940720001,매튜스 인터내셔널,719711371,2.26,23.5,,기술통 CEO 선임
69,산업용 기계,PKOH,US19900326042,파크 오하이오 홀딩스,695843861,-0.36,47.69,,
69,산업용 기계,DDD,US19880310001,3D 시스템즈,613494697,3.53,3.81,BUY,
69,산업용 기계,CMCO,US19960223001,컬럼버스 매키넌,559258871,1.24,19.55,,
69,산업용 기계,MG,US20091008002,미스트라스 그룹,504089236,17.73,18.59,BUY,
69,산업용 기계,VLD,US20210930018,벨로3D,387231836,5.71,13.69,BUY,실적 호조
69,산업용 기계,NNDM,US20160307002,나노 디멘션(ADR),344833139,1.84,1.66,,
69,산업용 기계,SHMD,US20211213014,슈미드 그룹,322902481,2.04,5.0,,
69,산업용 기계,OFLX,US20050801001,오메가 플렉스,306895276,-1.22,29.93,,
69,산업용 기계,ESOA,US20220323002,에너지 서비시스 오브 아메리카,289457014,-14.42,13.23,BUY,
69,산업용 기계,ALOT,US19840907002,아스트로노바,227221904,0.03,28.89,,
69,산업용 기계,PPIH,US20170321001,퍼마 파이프 인터내셔널 홀딩스,211577392,1.04,26.22,,
69,산업용 기계,EVI,US19941031001,EVI 인더스트리스,181811642,3.41,14.56,,
69,산업용 기계,TAYD,US19950818017,테일러 디바이시스,166798730,3.35,53.37,,
69,산업용 기계,INTT,US20131016001,인테스트,166542038,1.14,13.36,BUY,
69,산업용 기계,BOOM,US19890105001,DMC 글로벌,153755179,2.41,7.64,,
69,산업용 기계,EML,US19920317003,이스턴,149831869,-1.37,24.42,,
69,산업용 기계,HURC,US19890905001,허코 컴퍼니스,141142782,1.66,22.08,,
69,산업용 기계,HUHU,NAS0241022002,후후테크 인터내셔널 그룹,140467656,-10.19,4.76,,
69,산업용 기계,CODA,US20170719002,코다 옥토퍼스 그룹,117717733,-2.21,10.17,BUY,
69,산업용 기계,ARQ,US20160707001,아크,89158714,9.66,2.27,,영업손실 축소
69,산업용 기계,SOTK,US20210827007,소노텍,80584835,0.78,5.15,,
69,산업용 기계,TISI,US19920317026,팀,75912961,37.22,22.71,,적자 확대
69,산업용 기계,TACT,US19960822001,트랜스액트 테크놀로지스,57845445,3.03,5.78,,카지노검토 착수
69,산업용 기계,LASE,US20220920003,레이저 포토닉스,57371062,0.83,1.21,,
69,산업용 기계,CVV,US19990301002,CVD 이큅먼트,54598135,-0.26,7.82,,
69,산업용 기계,TPCS,NAS0230505003,테크프리시전,48884149,-0.21,4.85,,
69,산업용 기계,SYPR,US19940525001,사이프리스 솔루션즈,47101911,2.45,2.09,,
69,산업용 기계,STAK,NAS0250226004,스택,31804576,-12.73,1.44,,
69,산업용 기계,CLIR,US20120425001,클리어사인 테크놀로지,26673268,6.92,4.17,,
69,산업용 기계,SCKT,US20160622001,소켓 모바일,17612772,-34.74,1.39,,급등분 되돌림
69,산업용 기계,CLWT,US19970314001,유로 테크 홀딩스,11675461,5.73,1.66,,
69,산업용 기계,CVR,US19920228001,시카고 리벳 앤 머신,9984909,0,10.3,,
69,산업용 기계,INLF,NAS0250102004,인리프,6126376,-12.14,4.92,,
69,산업용 기계,FCUV,US20210831006,포커스 유니버설,4541453,-6.83,6.0,,
813,바이오서비스,TMO,US19800827001,써모 피셔 사이언티픽,222485761528,0.89,605.0,BUY,인도 고객 확대 전망
813,바이오서비스,A,US19991118002,애질런트 테크놀로지스,42145733130,0.52,149.49,BUY,
813,바이오서비스,IQV,US20171115001,아이큐비아 홀딩스,39966642998,0.76,243.84,BUY,
813,바이오서비스,LH,US19910424002,랩코프 홀딩스,26146617709,0.35,322.42,BUY,미즈호 목표가 상향
813,바이오서비스,MEDP,US20160811002,메드페이스 홀딩스,16871845897,0.51,605.5,HOLD,
813,바이오서비스,CRL,US20000623001,찰스 리버 래버러토리스 인터내셔널,13268515706,1.81,282.0,BUY,목표가 상향
813,바이오서비스,ICLR,US19980515001,아이콘,12854906549,-0.28,165.58,BUY,
813,바이오서비스,TECH,US19921209001,바이오 테크네,11275174805,0.04,72.15,HOLD,
813,바이오서비스,RGEN,US19860429001,레플리젠,9239831312,0.98,164.77,BUY,
813,바이오서비스,TWST,US20181030002,트위스트 바이오사이언스,8303601888,-1.41,123.12,BUY,
813,바이오서비스,CAI,NAS0250618002,카리스 라이프 사이언시스,6635154463,-1.11,23.14,BUY,
813,바이오서비스,ABCL,US20201210001,앱셀레라 바이오로직스,2873463524,4.5,9.76,BUY,공모 희석 부담
813,바이오서비스,ADMA,US20141110001,ADMA 바이오로직스,2191257174,1.54,9.9,BUY,
813,바이오서비스,NEO,US19960125002,네오지노믹스,2143792679,-0.6,16.53,BUY,
813,바이오서비스,FTRE,NAS0230703004,포트리아 홀딩스,1812073888,2.79,19.52,BUY,
813,바이오서비스,MRVI,US20201119003,마라바이 라이프사이언시스 홀딩스,1581564661,-4.28,5.81,BUY,
813,바이오서비스,AZTA,US20211201001,어젠타,1465085792,0.18,33.39,BUY,
813,바이오서비스,MLAB,US19950818010,메사 래버러토리스,570580796,9.46,111.23,,
813,바이오서비스,CERS,US19970131001,세러스,509565095,1.59,2.56,BUY,
813,바이오서비스,OABI,US20221102004,옴니앱,494545032,-0.29,3.38,,가이던스 상향
813,바이오서비스,DNA,US20210917003,깅코 바이오웍스 홀딩스,493872429,-1.83,7.51,SELL,
813,바이오서비스,EVH,US20150605002,에볼런트 헬스,445830112,4.33,4.1,BUY,매수의견 상향
813,바이오서비스,TKNO,US20210624008,알파 테크노바,362008617,4.76,7.04,BUY,
813,바이오서비스,PACB,US20101027001,퍼시픽 바이오사이언시스 캘리포니아,358667685,-0.87,1.14,BUY,
813,바이오서비스,LAB,US20220406001,스탠더드 바이오툴스,310716398,-0.16,0.7875,BUY,
813,바이오서비스,EBS,US20061115001,이머전트 바이오솔루션즈,229969117,-0.45,4.45,,백신정책 부담
813,바이오서비스,LFCR,NAS0221115005,라이프코어 바이오메디컬,176993505,3.65,4.83,BUY,
813,바이오서비스,SEER,US20201203005,시어,119162925,0,2.16,BUY,실적 예상치 하회
813,바이오서비스,RPID,US20210714014,래피드 마이크로 바이오시스템즈,86063740,-1.17,1.69,,
813,바이오서비스,EXOZ,NAS0241113002,엑소자임스,48426751,10.77,5.76,,
813,바이오서비스,PRPO,US20170630002,프리시피오,40531605,-1.11,22.35,,
813,바이오서비스,HBIO,US20001207001,하버드 바이오사이언스,28917806,-4.07,6.13,,2분기 순손실
813,바이오서비스,CCEL,US20220830002,크라이오셀 인터내셔널,28395881,0,3.51,,
813,바이오서비스,ADVB,NAS0250306001,어드밴스드 바이오메드,13112693,-1.77,7.77,,
813,바이오서비스,ISPC,US20210616002,아이스페시맨,5660775,1.79,2.28,,
191,건설장비,CAT,US19291202001,캐터필러,387091017660,0.69,843.37,BUY,
191,건설장비,DE,US19580804001,디어,165025266910,1.42,617.95,BUY,
191,건설장비,MMM,US19460114001,3M,94200510629,0.6,183.13,BUY,목표주가 상향
191,건설장비,ITW,US19730313001,일리노이 툴 웍스,84163773228,-0.47,293.15,HOLD,회사채 발행 부담
191,건설장비,FAST,US19870820001,패스널,60044952994,0.44,52.38,HOLD,
191,건설장비,OTIS,US20200403003,오티스 월드와이드,27833453019,0.23,73.04,BUY,
191,건설장비,TEX,US19910319001,테렉스,7608378652,2.36,67.73,BUY,
191,건설장비,HRI,US20160701005,허크 홀딩스,5694569827,0.75,171.03,BUY,
191,건설장비,BRC,US19840629001,브래디,4554239718,-1.33,95.06,BUY,
191,건설장비,CTOS,US20210405015,커스텀 트럭 원 소스,2431151345,-0.09,10.64,BUY,
191,건설장비,ASTE,US19860618001,애스텍 인더스트리스,994372819,-0.23,42.94,BUY,
191,건설장비,AEBI,NAS0250702001,에비 슈미트 홀딩,991554591,0.94,12.87,,
191,건설장비,MTW,US19930527003,매니토웍 컴퍼니,683520924,3.02,19.46,,
191,건설장비,HY,US20120928002,하이스터 예일,631491051,-1.68,34.51,BUY,
191,건설장비,NOA,US20061122001,노스 아메리칸 컨스트럭션 그룹,396495672,5.01,15.31,BUY,
191,건설장비,ALTG,US20200218003,알타 이큅먼트 그룹,268850216,4.96,7.62,BUY,
191,건설장비,GENC,US20220801004,젠코 인더스트리스,235318619,8.13,17.3,,
191,건설장비,GTEC,US20191029002,그린랜드 테크놀로지스 홀딩,14369176,2.72,0.5542,,
191,건설장비,MWG,AMX0230403009,멀티 웨이스 홀딩스,6010774,0,1.16,,
23,화장품,EL,US19951117003,에스티 로더,31651883386,0.68,87.78,BUY,
23,화장품,ELF,US20160922006,엘프 뷰티,5638981542,-0.26,94.99,BUY,
23,화장품,BBWI,US20131203003,배스 앤 바디 웍스,3907381327,-2.28,18.88,HOLD,
23,화장품,IPAR,US19910820001,인터파퓸스,3839739057,0.46,120.04,BUY,
23,화장품,COTY,US20130613002,코티,2517839756,-1.05,2.82,HOLD,
23,화장품,YSG,US20201118017,얏센 홀딩(ADR),313631878,0.3,3.34,BUY,
23,화장품,UG,US19920317011,유나이티드 가디언,33560076,-1.79,7.15,,
23,화장품,BYAH,NAS0241227003,박 하 바이올로지컬 테크놀로지,8119512,2.9,3.55,,
23,화장품,ELAB,NAS0231121001,PMGC 홀딩스,4194428,-2.07,0.901,,
145,건설자재,HD,US19810922001,홈 디포,350954832367,1.05,354.48,BUY,목표가 상향
145,건설자재,LOW,US19791219001,로우스,123143788515,1.08,221.25,BUY,목표주가 하향
145,건설자재,SHW,US19640211001,셔윈 윌리엄스,88349433892,0.47,364.42,BUY,
145,건설자재,CRH,US19930222001,CRH(ADR),67154607311,0.69,101.29,BUY,
145,건설자재,FERG,US20210308013,퍼거슨,51330418798,-4.65,251.51,BUY,실적 호조
145,건설자재,VMC,US19570102001,벌칸 머티리얼스,37099394960,0.86,287.79,BUY,
145,건설자재,MLM,US19940216001,마틴 마리에타 머티리얼스,33120530001,0.75,553.67,BUY,
145,건설자재,PPG,US19451217001,PPG 인더스트리스,25758268070,0.59,116.16,BUY,목표가 상향
145,건설자재,AMRZ,NYS0250623001,암라이즈,25710110928,2.83,47.6,BUY,RBC 의견 하향
145,건설자재,JHX,US20011022001,제임스 하디 인더스트리스(ADR),17725211298,2.14,31.08,BUY,비중확대 의견
145,건설자재,CX,US19990915001,세멕스(ADR),17183136991,-0.97,11.19,BUY,
145,건설자재,CSL,US19860602002,칼라일,15351759354,1.22,389.96,BUY,
145,건설자재,MAS,US19690505001,매스코,15124719344,1.9,76.14,HOLD,
145,건설자재,RPM,US19900326068,RPM 인터내셔널,14859286931,0.63,116.66,BUY,
145,건설자재,TPX,US20031218002,솜니그룹 인터내셔널,13682137348,0.65,65.24,BUY,
145,건설자재,OC,US20060920002,오웬스 코닝,12198920328,3.33,158.92,BUY,
145,건설자재,WMS,US20140725001,어드밴스드 드레이니지 시스템,10718905168,1.4,143.65,BUY,
145,건설자재,AYI,US20011128001,어큐이티 브랜즈,10615101817,1.04,357.08,BUY,
145,건설자재,MHK,US19920401001,모호크 인더스트리스,9219842840,0.76,136.68,HOLD,
145,건설자재,SSD,US19940602001,심슨 매뉴팩처링,8031866299,2.34,199.89,BUY,
145,건설자재,AWI,US20061018001,암스트롱 월드 인더스트리스,7775169559,1.83,186.7,BUY,
145,건설자재,BLDR,US20210719002,빌더스 퍼스트소스,7771059495,4.33,75.1,BUY,
145,건설자재,EXP,US19940412002,이글 머티리얼스,6493829496,1.58,214.31,HOLD,
145,건설자재,FSV,US20150603002,퍼스트서비스,6323918651,0.42,143.34,BUY,
145,건설자재,IBP,US20140213001,인스톨드 빌딩 프로덕츠,6287558993,5.86,249.57,HOLD,
145,건설자재,FBHS,US20110916001,포춘 브랜즈 이노베이션스,5748065894,4.19,50.0,HOLD,CEO 지분 매입
145,건설자재,WFG,US20210201015,웨스트 프레이저 팀버,5597283341,0.38,71.51,BUY,
145,건설자재,GVA,US19900401001,그래닛 컨스트럭션,5531712755,-0.48,125.37,BUY,
145,건설자재,LPX,US19721227001,루이지애나 퍼시픽,5219243741,1.52,75.52,BUY,
145,건설자재,UFPI,US19931118001,UFP 인더스트리스,5031185157,2.11,92.82,BUY,
145,건설자재,TREX,US19990408001,트렉스,4923487805,3.26,49.74,BUY,스티펠 목표가 상향
145,건설자재,GFF,US19910101001,그리폰,4762985335,1.86,106.75,,채권 발행 계획
145,건설자재,MDU,US19480920001,MDU 리소시스 그룹,4307792925,0.44,20.5,BUY,
145,건설자재,KNF,NYS0230601001,나이프 리버 홀딩,3845664632,0.93,68.15,BUY,
145,건설자재,HNI,US19900326060,HNI,3538894179,1.08,49.52,,
145,건설자재,USLM,US19900326055,유나이티드 스테이츠 라임 앤 미네랄스,3463202729,0.14,120.48,,
145,건설자재,BCC,US20130206001,보이시 캐스케이드,2967070825,0.92,85.53,,
145,건설자재,TTAM,NYS0250207002,타이탄 아메리카,2924656037,1.27,16.01,HOLD,
145,건설자재,PATK,US19900327004,패트릭 인더스트리스,2824057007,2.25,87.42,,합병 절차 진전
145,건설자재,BOBS,NYS2602005001,밥스 디스카운트 퍼니처,2411486256,-0.22,18.35,BUY,
145,건설자재,TILE,US19780920001,인터페이스,2183908343,2.8,38.54,BUY,목표가 상향
145,건설자재,MBC,NYS0221215004,마스터브랜드,1849876502,1.77,9.22,HOLD,
145,건설자재,TGLS,US20220509004,테크노글래스,1844259719,3.23,42.77,BUY,
145,건설자재,HLMN,US20210715005,힐만 솔루션즈,1772459581,-0.77,9.01,BUY,
145,건설자재,LZB,US19870820003,레이지보이,1662081879,0.34,41.54,,
145,건설자재,MLKN,US20211101005,밀러놀,1645971024,-1.16,23.8,BUY,
145,건설자재,ROCK,US19930930001,지브롤터 인더스트리스,1455273705,1.86,49.77,BUY,
145,건설자재,ARHS,US20211103001,아르하우스,1342674658,4.24,9.84,BUY,
145,건설자재,LEG,US19790625001,레겟 앤 플랫,1296514167,0.74,9.53,,
145,건설자재,LOMA,US20171101007,로마 네그라 콤파니아 인더스트리얼 아르헨티나(ADR),1209564569,-3.97,9.92,BUY,
145,건설자재,CPAC,US20120208003,세멘토스 파카스마요(ADR),1010527062,-0.59,11.81,HOLD,
145,건설자재,NX,US20080424001,콰넥스 빌딩 프로덕츠,970523354,3.94,21.89,,
145,건설자재,KOP,US20060201002,코퍼스 홀딩스,959032217,-8.96,46.01,,경영진 매도부담
145,건설자재,APOG,US19730503002,애퍼지 엔터프라이지스,890329212,1.9,43.33,BUY,
145,건설자재,JBI,US20210608007,야누스 인터내셔널 그룹,734911538,-5.77,5.06,,
145,건설자재,BXC,US20041214002,블루링스 홀딩스,720939242,-1.67,89.88,BUY,
145,건설자재,ETD,US20210816003,이선 알렌 인테리어스,600272376,0.68,23.67,,
145,건설자재,ASPN,US20140612001,아스펀 에어로젤,523769815,-2.38,6.14,BUY,
145,건설자재,HVT,US19920225009,하버티 퍼니처,457276502,-1.83,28.42,,
145,건설자재,HVT.A,US19920225010,하버티 퍼니처 A,457276502,0,32.5,,
145,건설자재,FSTR,US19900326019,LB 포스터,415358483,-4.14,37.94,,EPS 기대치 하회
145,건설자재,ORN,US19951220001,오라이언 그룹 홀딩스,397793448,-0.2,9.77,BUY,
145,건설자재,FLXS,US19920225005,플렉스스틸 인더스트리스,307733643,0,75.25,,
145,건설자재,LOVE,US20180626003,러브색,254103511,1.73,17.6,,
145,건설자재,CMT,US19880922001,코어 몰딩 테크놀로지스,216784776,0.4,25.33,,
145,건설자재,HTLM,NAS0241001003,홈스 투 라이프,179083434,3.02,2.05,,
145,건설자재,BSET,US19840907011,바셋 퍼니처 인더스트리스,170016988,0.15,19.6,HOLD,
145,건설자재,JELD,US20170127002,젤드 웬 홀딩,162797787,1.07,1.89,HOLD,재무부담 부각
145,건설자재,HOFT,US20020627001,후커 퍼니싱,159192247,2.78,15.18,,
145,건설자재,SMID,US20201117004,스미스 미드랜드,146691386,0.44,27.67,,
145,건설자재,KEQU,US19920225007,키와우니 사이언티픽,104796703,-0.58,36.2,,
145,건설자재,RETO,US20171129002,리토 에코 솔루션스,96130528,-53.85,1.2,,
145,건설자재,CSTE,US20120322001,시저스톤,88470575,17.65,3.0,,
145,건설자재,APT,US20000404002,알파 프로 테크,54993270,0.19,5.38,,
145,건설자재,CULP,US20170713005,컬프,42818309,2.37,3.45,,
145,건설자재,PRPL,US20180205001,퍼플 이노베이션,39806434,-20.33,7.25,HOLD,
145,건설자재,MERC,US19900326031,머서 인터내셔널,34295115,-1.96,0.5,,
145,건설자재,CRWS,US20031007001,크라운 크래프츠,32066437,2.36,3.04,,
145,건설자재,LIVE,US19950818008,라이브 벤처스,30820735,3.5,10.35,,
145,건설자재,PGHL,NAS0240723005,프리메가 그룹 홀딩스,15067000,-2.69,1.81,,
145,건설자재,NTZ,US19930513001,나투치(ADR),14809633,0,1.34,,
145,건설자재,NWGL,NAS0230912005,네이처 우드 그룹(ADR),8789529,5.07,0.319,,사모발행 희석부담
145,건설자재,NCL,AMX0231019001,노선,8572535,0,0.159,,
145,건설자재,AEHL,US20201015001,안텔로페 엔터프라이즈 홀딩스,8415951,-5.6,5.39,,
145,건설자재,GAUZ,NAS0240606002,고지,7520800,-1.25,0.3949,,
145,건설자재,MSGY,NAS0250708003,메이슨글로리,4922297,48.48,3.43,,
65,LED,AYI,US20011128001,어큐이티 브랜즈,10615101817,1.04,357.08,BUY,
65,LED,LYTS,US19850312001,LSI 인더스트리스,912450369,-0.28,24.7,BUY,
65,LED,OESX,US20150616001,오라이언 에너지 시스템스,78575415,3.13,19.75,,
65,LED,EFOI,US20140807001,에너지 포커스,19529751,-2.6,3.0,,재고충당금 부담
65,LED,LEDS,US20101209001,세미LEDS,17765128,-0.93,2.12,,
205,반도체파운드리,TSM,US19971008002,TSMC(ADR),2177744646763,0.86,422.06,BUY,
205,반도체파운드리,UMC,US20000919001,UMC(ADR),47424606381,0.8,18.94,SELL,매수의견 상향
205,반도체파운드리,TSEM,US19941025001,타워 세미컨덕터,28590577005,-1.18,249.58,,매수의견 개시
205,반도체파운드리,GFS,US20211027013,글로벌파운드리스,27555615876,1.54,50.82,BUY,목표주가 하향
3,항공사,DAL,US19670703001,델타 항공,58865518528,1.35,90.41,BUY,
3,항공사,UAL,US20180907001,유나이티드 항공,40306726117,2.06,126.31,BUY,
3,항공사,RYAAY,US19970529001,라이언에어 홀딩스(ADR),30983640666,-0.24,59.37,BUY,
3,항공사,LUV,US19770627001,사우스웨스트 항공,22039944198,1.38,45.52,HOLD,
3,항공사,LTM,NYS0240725002,라탐 에어라인스 그룹(ADR),15481511675,-1.36,53.01,BUY,
3,항공사,PAC,US20060224001,그루포 아에로포르투아리오 델 파시피코(ADR),11262187666,-1.2,213.58,BUY,
3,항공사,AAL,US20131210001,아메리칸 항공,9963225401,1.93,15.29,BUY,
3,항공사,ASR,US20000928002,그루포 아에로포르투아리오 델 수레스테(ADR),8266541270,-1.09,271.64,BUY,
3,항공사,CPA,US20051215001,코파 홀딩스,5598530206,-1.6,134.5,BUY,
3,항공사,ALK,US19830103001,알래스카 에어 그룹,5292251492,2.41,48.4,BUY,
3,항공사,OMAB,US20061129001,그루포 아에로포르투아리오 센트로 노르테(ADR),4632872263,-0.12,108.4,BUY,
3,항공사,SKYW,US19860626001,스카이웨스트,4194824442,0.23,107.92,BUY,
3,항공사,CAAP,US20180131004,아메리카 에어포츠,4142829403,-1.2,24.69,BUY,
3,항공사,ALGT,US20061208001,얼리전트 트래블,2414609784,-1.34,88.34,BUY,
3,항공사,AERO,NYS0251106001,그루포 에어로멕시코(ADR),2157333475,-0.13,15.74,BUY,
3,항공사,JBLU,US20020412001,제트블루 항공,2135257966,3.01,5.81,HOLD,
3,항공사,ULCC,US20210331003,프런티어 그룹 홀딩스,1566156604,1.92,6.91,HOLD,
3,항공사,VTOL,US20200612004,브리스토우 그룹,1383919969,-0.77,46.17,,
3,항공사,RJET,US20180808001,리퍼블릭 에어웨이즈 홀딩스,948961431,3.22,20.85,,
3,항공사,VLRS,US20130918004,볼라리스 항공(ADR),942964465,-2.11,7.89,BUY,목표가 하향
3,항공사,BLDE,US20210510002,스트라타 크리티컬 메디컬,527275040,1.52,6.03,BUY,
3,항공사,ASLE,US20201223003,에어세일 코퍼레이션,277754045,-1.21,5.73,HOLD,목표주가 하향
3,항공사,FLYX,US20210716006,플라이익스클루시브,125529060,7.32,1.32,,
3,항공사,QNME,NAS0240628003,쿼놈 테크놀로지스,16249648,9.86,0.5168,,
3,항공사,SOAR,US20220121005,볼라토 그룹,9109135,-6.27,0.16,,
553,종합반도체,SKHYV,NAS2607010002,SK하이닉스(ADR),989426439512,4.7,141.65,BUY,
553,종합반도체,MU,US19890516001,마이크론 테크놀로지,975705429962,0.87,868.52,BUY,CXMT 추격 부담
553,종합반도체,INTC,US19711013001,인텔,493559131412,0.19,97.71,HOLD,
553,종합반도체,ADI,US19790403001,아날로그 디바이스,187639120250,0.36,385.3,BUY,실적 상방 전망
553,종합반도체,SNDK,NAS0250224006,샌디스크,183945015405,2.68,1271.05,BUY,AI 메모리 호조
553,종합반도체,MCHP,US19930326002,마이크로칩 테크놀로지,46420689316,-0.45,81.02,BUY,실적 호조
553,종합반도체,ON,US20150407001,온 세미컨덕터,31164626900,1.67,81.11,HOLD,
553,종합반도체,MTSI,US20120315001,메이컴 테크놀로지 솔루션즈 홀딩스,22761392134,0.98,299.93,BUY,
553,종합반도체,SWKS,US19840907014,스카이웍스 솔루션즈,10386128240,-0.67,68.33,HOLD,인수차입 부담
553,종합반도체,QRVO,US20150105001,코보,8586078613,-0.32,96.68,HOLD,
553,종합반도체,DIOD,US19920317002,다이오즈,4664224385,2.19,103.15,BUY,
553,종합반도체,MX,US20110311001,매그나칩 세미컨덕터,134040507,6.56,3.9,,유동성 부담
275,철도,UNP,US19690620001,유니온 퍼시픽,174201431981,0.22,292.87,BUY,
275,철도,CSX,US20151222001,CSX,93160930853,-0.36,49.94,BUY,
275,철도,CP,US19520402001,캐나디안 퍼시픽 레일웨이,79835307388,1.56,91.92,BUY,
275,철도,CNI,US19951117002,캐나디안 내셔널 레일웨이,75853462013,0.91,126.28,BUY,
275,철도,NSC,US19820602001,노퍽서던,75262356212,0.19,334.6,HOLD,
275,철도,WAB,US19950615002,웨스팅하우스 에어 브레이크 테크놀로지,49855329119,1.32,298.04,BUY,
275,철도,GATX,US20160701004,GATX,6245913460,0.69,177.56,BUY,
275,철도,TRN,US19870330001,트리니티 인더스트리스,2305460533,-0.35,28.74,,
275,철도,GBX,US19940721001,그린브라이어 컴퍼니스,1432088235,0,46.13,SELL,
275,철도,FSTR,US19900326019,LB 포스터,415358483,-4.14,37.94,,EPS 기대치 하회
275,철도,DUOT,US20200213002,듀오스 테크놀로지 그룹,280525632,-1.46,8.77,BUY,DTI매각 완료
275,철도,RAIL,US20050406001,프레이트카 아메리카,260258710,-2.65,7.7,,
275,철도,RVSN,US20220330004,레일 비전,10140251,0.87,4.65,,
255,가스에너지,XOM,US19200325001,엑슨 모빌,659270776094,0.01,159.8,BUY,
255,가스에너지,CVX,US19210624001,셰브론,386403640188,0.9,196.66,BUY,
255,가스에너지,SHEL,US20220201008,쉘(ADR),250590344552,0.61,90.5,BUY,
255,가스에너지,LIN,US20181031005,린데,228459760246,-0.39,490.53,BUY,
255,가스에너지,COP,US19720630003,코노코필립스,148301816655,2.35,125.92,BUY,
255,가스에너지,ENB,US20011030001,엔브리지,112619179700,0.35,51.57,HOLD,
255,가스에너지,SO,US19491004001,서던,107134121321,0.63,91.92,HOLD,
255,가스에너지,EQNR,US20180517004,에퀴노르(ADR),102833691888,-0.15,40.93,HOLD,
255,가스에너지,CNQ,US20000731001,캐나디안 내추럴 리소시스,97778598208,0.76,47.61,HOLD,
255,가스에너지,CEG,US20220202001,컨스털레이션 에너지,96140302924,2.93,278.36,BUY,유틸리티 강세
255,가스에너지,DUK,US19640616001,듀크 에너지,95793494965,1.65,123.19,BUY,에쿼티유닛 호재
255,가스에너지,WMB,US19870602001,윌리엄스 컴퍼니스,88182644049,0.64,72.31,BUY,RBC 목표가 상향
255,가스에너지,PSX,US20120412003,필립스 66,86288647210,4.1,224.36,BUY,
255,가스에너지,E,US19951128001,애니 SpA(ADR),80916410675,1.13,55.49,HOLD,데이터센터 합작 승인
255,가스에너지,NGG,US19991007002,내셔널 그리드(ADR),80177020750,0.99,80.27,BUY,
255,가스에너지,SLB,US19620202001,슐럼버거,79216555415,0.9,53.68,BUY,
255,가스에너지,EOG,US19891004001,EOG 리소시스,74851540887,0.83,143.4,BUY,유가 강세 수혜
255,가스에너지,KMI,US20110211002,킨더 모건,70136381605,0.29,31.48,BUY,파이프라인 투자결정
255,가스에너지,TRP,US19850530001,TC 에너지,66213665078,0.49,63.64,HOLD,
255,가스에너지,MPLX,US20121026002,MPLX,59715319721,1.02,59.3,,
255,가스에너지,D,US19830520001,도미니언 에너지,59260470452,1.41,68.1,HOLD,
255,가스에너지,OXY,US19860522001,옥시덴탈 페트롤리움,58827571569,0.7,59.06,HOLD,
255,가스에너지,TRGP,US20101207001,타르가 리소시스,57277281813,-0.29,265.45,BUY,
255,가스에너지,OKE,US19540524001,원오크,57140733892,1.31,91.52,BUY,
255,가스에너지,SRE,US19980629001,셈프라,55317313273,1.39,85.48,BUY,
255,가스에너지,LNG,US19940404002,셰니어 에너지,55058093858,-0.09,265.43,BUY,목표가 상향
255,가스에너지,DVN,US19880930001,데번 에너지,50065222638,0.09,45.4,BUY,
255,가스에너지,PCG,US19470606001,PG&E,38839250440,1.53,17.3,BUY,
255,가스에너지,VG,NYS0250124001,벤처 글로벌,35547096245,-7.29,13.22,BUY,가이던스 상향
255,가스에너지,EC,US20080918002,에코페트롤(ADR),35170861278,-0.23,17.01,HOLD,
255,가스에너지,EQT,US19500605001,EQT,33942632860,0.54,54.37,BUY,
255,가스에너지,ATO,US19831228001,애트모스 에너지,28472797117,0.77,169.21,HOLD,
255,가스에너지,FTS,US20161014002,포르티스,28394726414,1.23,56.07,HOLD,
255,가스에너지,HAL,US19480915001,할리버턴,28121557638,0.48,33.8,BUY,
255,가스에너지,PBA,US19990927001,펨비나 파이프라인,27915948324,1.78,48.69,,
255,가스에너지,NI,US19880304001,나이소스,20103973285,0.55,42.01,BUY,
255,가스에너지,WES,US20080512001,웨스턴 미드스트림 파트너스,19650896596,1.52,48.12,,
255,가스에너지,DTM,US20210701013,DT 미드스트림,13734678164,0.45,134.78,BUY,
255,가스에너지,WTRG,US20200203011,에센셜 유틸리티스,11326998656,1.7,40.08,HOLD,
255,가스에너지,RRC,US19921228001,레인지 리소시스,9446878520,0.94,40.67,HOLD,
255,가스에너지,KNTK,US20221024004,키네틱 홀딩스,8353412844,-0.31,51.11,BUY,
255,가스에너지,NFG,US19550725001,내셔널 퓨얼 가스,7802964360,0.53,82.25,BUY,주식 희석 부담
255,가스에너지,CIG,US19950517001,이네르제치카 지 미나스 제라이스 우선주(ADR),6786633885,-3.43,1.97,SELL,
255,가스에너지,CIG.C,US20090914001,이네르제치카 지 미나스 제라이스(ADR),6786633885,-2.33,2.94,,
255,가스에너지,SWX,US19790719001,사우스웨스트 가스 홀딩스,6582947096,1.05,91.51,BUY,
255,가스에너지,RIG,US19930604001,트랜스오션,6410220912,1.57,5.81,HOLD,
255,가스에너지,KGS,NYS0230628002,코디악 가스 서비시스,6238985951,-0.65,61.1,BUY,
255,가스에너지,AROC,US20151104004,아크록,5828655177,-0.42,32.99,BUY,
255,가스에너지,BKH,US19800709001,블랙 힐스,5638916275,-0.6,73.26,BUY,
255,가스에너지,NJR,US19820721001,뉴저지 리소시스,5465272199,1.97,54.74,BUY,
255,가스에너지,CNX,US19990430001,CNX 리소시스,5339580638,0.44,36.13,HOLD,
255,가스에너지,GLNG,US20020418001,골라 LNG,5178764449,0.28,50.84,BUY,
255,가스에너지,OGS,US20140204005,원 가스,4974287323,0.93,79.6,BUY,
255,가스에너지,SR,US20160429002,스파이어,4806748900,1.74,82.45,BUY,
255,가스에너지,BIPC,US20200331002,브룩필드 인프라스트럭처,4724615582,4.44,39.98,SELL,
255,가스에너지,PAM,US19900918001,팜파 에네르히아(ADR),4513493578,-3.51,79.81,BUY,
255,가스에너지,NWE,US20201001011,노스웨스턴 에너지 그룹,4396160491,-0.8,70.65,BUY,
255,가스에너지,MDU,US19480920001,MDU 리소시스 그룹,4307792925,0.44,20.5,BUY,
255,가스에너지,CRK,US19950322001,컴스톡 리소시스,4230690989,0.21,14.39,HOLD,
255,가스에너지,EE,US20220412002,엑셀러레이트 에너지,4040566038,-0.42,35.36,BUY,
255,가스에너지,WBI,NYS0250917003,워터브리지 인프라스트럭처,3988772154,0.31,32.3,BUY,
255,가스에너지,CPK,US19930104001,체사피크 유틸리티스,3201551768,0.91,133.56,BUY,
255,가스에너지,BSM,US20150501002,블랙 스톤 미네랄스,3069151878,-1.39,14.18,,
255,가스에너지,MGEE,US19900326032,MGE 에너지,3050791253,0.71,81.04,HOLD,
255,가스에너지,GPOR,US20210518008,걸프포트 에너지,2981142719,1.93,171.26,BUY,
255,가스에너지,BKV,NYS0240926001,반푸 칼닌 벤처스,2817698662,3.31,26.51,BUY,
255,가스에너지,CSAN,US20210311012,코장(ADR),2673925701,-5.15,2.58,HOLD,
255,가스에너지,EFXT,US20221013002,에너플렉스,2512823583,1.51,20.82,,사상최대 수주잔고
255,가스에너지,NOG,US20220217010,노던 오일 앤 가스,2511327413,3.24,24.25,BUY,
255,가스에너지,CEPU,US20180201001,센트랄 푸에르토(ADR),2094917595,-3.48,13.31,BUY,
255,가스에너지,NWN,US19900326066,노스웨스트 내추럴 홀딩,2093653318,1.37,50.25,BUY,
255,가스에너지,TGS,US19941117001,트란스포르타도라 데 가스 델 수르(ADR),2045053850,-4.37,28.04,BUY,
255,가스에너지,FLOC,NYS0250116001,플로우코 홀딩스,2024255209,4.16,23.26,BUY,
255,가스에너지,NEXT,US20170725004,넥스트디케이드,1864275655,-3.3,6.75,BUY,
255,가스에너지,KRP,US20170203002,킴벨 로열티 파트너스,1736747455,0.99,15.24,,
255,가스에너지,HLX,US19970701002,헬릭스 에너지 솔루션즈 그룹,1478822956,1.9,10.19,,
255,가스에너지,AESI,NYS0230308001,아틀라스 에너지 솔루션즈,1477534785,1.7,11.98,BUY,
255,가스에너지,TBN,NYS0240627003,탐보란 리소시스,1251042435,1.26,36.22,,
255,가스에너지,DEC,NYS0231218001,다이버시파이드 에너지,1018277354,2.16,14.65,BUY,
255,가스에너지,UTL,US19920317028,유니틸,968906835,1.55,53.77,HOLD,
255,가스에너지,GRNT,US20221025001,그래닛 리지 리소시스,672325719,1.97,5.18,BUY,
255,가스에너지,SMC,NYS0240801005,서밋 미드스트림,649782188,8.92,34.68,BUY,가이던스 상단 하향
255,가스에너지,WHK,NYS2606005003,화이트호크 미네랄스,600400365,1.69,26.46,BUY,
255,가스에너지,NUAI,US20220105004,뉴 에라 에너지 & 디지털,546793378,-2.79,5.23,BUY,
255,가스에너지,SD,US20161004001,샌드리지 에너지,534578904,-0.35,14.32,HOLD,
255,가스에너지,NGS,US20021021002,내추럴 가스 서비시스 그룹,468686006,-0.51,36.78,BUY,
255,가스에너지,OPAL,US20220722003,오펄 퓨얼스,455908100,-5.77,2.45,BUY,
255,가스에너지,GNE,US20111026001,지니 에너지,382400671,0.69,14.58,HOLD,
255,가스에너지,NPWR,US20210806006,넷 파워,354072619,3.18,1.62,,
255,가스에너지,PNRG,US19950818014,프라임에너지 리소시스,320914765,-1.42,194.86,SELL,
255,가스에너지,GTE,US20051114001,그랜 티에라 에너지,317728777,6.48,9.53,HOLD,
255,가스에너지,MNTK,US20210122011,몬탁 리뉴어블스,244228852,5.85,1.81,HOLD,
255,가스에너지,RGCO,US19940201001,RGC 리소시스,225721161,-1.44,21.28,,
255,가스에너지,OMSE,NAS0250509004,OMS ENERGY TECHNOLOGIES INC,191667010,0,4.5,BUY,
255,가스에너지,KGEI,NAS0231011006,콜리브리 글로벌 에너지,186937278,2.3,5.33,,
255,가스에너지,EPSN,US20190219001,엡실론 에너지,176644015,1.55,5.91,,
255,가스에너지,AMPY,US20190807002,앰플리파이 에너지,172338248,8.41,4.51,,매출 증가 흑자전환
255,가스에너지,EPM,US19960411001,에볼루션 페트롤리엄,134259065,1.07,3.77,BUY,
255,가스에너지,GLND,NAS2603026002,그린란드 에너지 컴퍼니,97849067,-9.87,2.01,,
255,가스에너지,SLNG,US20210429005,스태빌리스 솔루션즈,93390149,3.2,5.16,BUY,LNG 공급계약 확보
255,가스에너지,NRT,US19960329002,노스 유러피언 오일 로열티 트러스트,83825797,0.33,9.12,,
255,가스에너지,PROP,NAS0231228002,프레리 오퍼레이팅,79921860,9.2,0.89,BUY,워런트 희석 부담
255,가스에너지,BSIN,US19900326054,빅 스카이 인더스트리얼,63522427,18.18,1.43,BUY,
255,가스에너지,PVL,US20180914005,퍼미언빌 로열티 트러스트,57945859,-0.57,1.74,,
255,가스에너지,VOC,US20110505004,VOC 에너지 트러스트,54243344,-1.57,3.13,,
255,가스에너지,INDO,US20191219003,인도네시아 에너지,45081951,1.37,2.96,,
255,가스에너지,BATL,US20200220001,바탈리언 오일,31151871,-3.55,1.36,,우선주 구조 정리
255,가스에너지,PRT,US20180501005,펌록 로열티 트러스트,27221592,-1.35,2.2,,
255,가스에너지,EONR,US20220404005,EON 리소시스,24878382,-2.06,0.486,,
255,가스에너지,MXC,US19970305001,멕스코 에너지,19441332,0.32,9.5,,
255,가스에너지,BRN,US19840907022,반웰 인더스트리스,13895496,0.84,0.9701,,실적 개선
255,가스에너지,TPET,AMX0230418002,트리오 페트롤리엄,11535304,1.81,0.2644,,
255,가스에너지,MTR,US19791015001,메사 로열티 트러스트,5329245,-0.35,2.84,,
131,화학제품,ITW,US19730313001,일리노이 툴 웍스,84163773228,-0.47,293.15,HOLD,회사채 발행 부담
131,화학제품,OXY,US19860522001,옥시덴탈 페트롤리움,58827571569,0.7,59.06,HOLD,
131,화학제품,KMB,US19460822001,킴벌리클라크,36047028214,0.51,108.57,HOLD,
131,화학제품,DOW,US20190402005,다우,22164094549,2.22,31.26,HOLD,
131,화학제품,LYB,US20100428001,라이온델바젤 인더스트리스,20306966125,2.12,63.98,HOLD,JP모건 의견상향
131,화학제품,DD,US20190603005,듀폰,19180162898,2.08,144.49,BUY,
131,화학제품,ALB,US20100510001,알버말,18071766890,-1.41,129.36,BUY,
131,화학제품,NDSN,US19900326036,노드슨,17257626308,0.87,311.36,BUY,
131,화학제품,CSL,US19860602002,칼라일,15351759354,1.22,389.96,BUY,
131,화학제품,RPM,US19900326068,RPM 인터내셔널,14859286931,0.63,116.66,BUY,
131,화학제품,WLK,US20040811002,웨스트레이크,10141708398,2.21,80.84,HOLD,
131,화학제품,AVTR,US20190516001,어밴터,9317901787,0.29,13.77,HOLD,
131,화학제품,ESI,US20190201001,엘리먼트 솔루션즈,9113163254,1.02,37.65,BUY,
131,화학제품,EMN,US19940101001,이스트만 케미컬,8426070736,1.84,74.77,BUY,
131,화학제품,CSW,US20151002001,CSW 인더스트리얼스,5684459150,1.03,351.29,BUY,
131,화학제품,PRM,US20211109018,페리미터 솔루션스,5672921040,-0.03,34.53,BUY,
131,화학제품,SXT,US19880105006,센시언트 테크놀로지스,5524598615,1.96,131.9,BUY,
131,화학제품,CE,US20050121001,셀라니즈,4895985896,0.85,44.84,BUY,
131,화학제품,PAM,US19900918001,팜파 에네르히아(ADR),4513493578,-3.51,79.81,BUY,
131,화학제품,CBT,US19680823001,캐보트,4478638548,0.61,86.98,HOLD,
131,화학제품,AVNT,US20200713001,애비엔트,4200767902,-0.39,45.47,BUY,
131,화학제품,CLMT,NAS0240711002,캘러멧,4010287647,1.25,46.04,BUY,BofA 목표가상향
131,화학제품,OTTR,US19900326040,오터 테일,3891360995,2.07,94.28,HOLD,
131,화학제품,ASH,US19500508001,애쉬랜드,3464530361,-1.09,74.58,BUY,
131,화학제품,FUL,US19900326059,HB 풀러,3305652172,1.27,62.03,BUY,
131,화학제품,KWR,US19960823002,퀘이커 호턴,2967518083,-0.56,170.9,BUY,
131,화학제품,HWKN,US19931027001,호킨스,2736793267,-0.77,129.66,BUY,
131,화학제품,NGVT,US20160516001,인제비티,2657457433,0.97,77.79,BUY,
131,화학제품,IOSP,US19980513001,이노스펙,2295737649,1.16,93.97,,
131,화학제품,CC,US20150702005,케무어스,2203227341,1.44,14.8,HOLD,
131,화학제품,OLN,US19740524001,올린,2152425755,1.38,19.08,HOLD,
131,화학제품,HUN,US20050211001,헌츠맨,1823084567,0.77,10.44,HOLD,
131,화학제품,SCL,US19960314002,스테판,1479433092,0.29,65.05,,
131,화학제품,FTK,US19980430001,플로텍 인더스트리스,1367233849,3.19,38.82,BUY,가이던스 상향
131,화학제품,ODC,US19931220001,오일 드리 코퍼레이션 오브 아메리카,1279588311,-0.66,87.44,,
131,화학제품,MYE,US19870908001,마이어스 인더스트리스,1251645818,-2.65,32.28,,
131,화학제품,ECVT,US20210803005,에코비스트,1107032938,0.4,10.12,BUY,
131,화학제품,TROX,US20101201001,트로녹스 홀딩스,996703079,2.73,6.39,HOLD,수요와 가격 회복
131,화학제품,KRO,US20031205001,크로노스 월드와이드,980492016,-1.41,8.37,,
131,화학제품,LXU,US19950818026,LSB 인더스트리스,728918591,-0.99,9.99,BUY,
131,화학제품,MATV,US20220706002,마티브 홀딩스,708829127,0,12.8,,
131,화학제품,RYAM,US20140701006,레이어니어 어드밴스드 머티리얼스,595251680,-0.57,8.72,BUY,
131,화학제품,VHI,US19671023001,밸히,475988846,-2.33,16.36,,
131,화학제품,ASIX,US20161003002,어드밴식스,440528288,2.95,16.74,,
131,화학제품,OEC,US20140724006,오라이언,390195045,-3.05,6.67,HOLD,
131,화학제품,ACNT,US20220811001,어센트 인더스트리스,141024134,-1.73,15.33,,
131,화학제품,CITR,AMX0251204001,제너럴 엔터프라이즈 벤처스,131010105,0.86,5.89,BUY,
131,화학제품,WFF,NAS0250327005,WF 홀딩,98004706,-12.88,2.03,,
131,화학제품,LNZA,NAS0230210006,란자테크 글로벌,83004067,-1.58,6.22,,
131,화학제품,NTIC,US19930913001,노던 테크놀로지스 인터내셔널,77277320,-1.11,8.02,,
131,화학제품,FSI,US19991013001,플렉서블 솔루션즈 인터내셔널,63697841,-1.61,4.9,,
131,화학제품,DSWL,US19950719001,데스웰 인더스트리,51483337,2.17,3.3,,
131,화학제품,FTEK,US19930907001,퓨얼 테크,43225272,1.45,1.4,,
131,화학제품,PLAG,US20181001007,플래닛 그린 홀딩스,8078752,927.05,5.81,,
113,생활가전,HD,US19810922001,홈 디포,350954832367,1.05,354.48,BUY,목표가 상향
113,생활가전,SONY,US20210401017,소니(ADR),139932235150,-0.88,23.61,,이미지센서 합작
113,생활가전,LOW,US19791219001,로우스,123143788515,1.08,221.25,BUY,목표주가 하향
113,생활가전,CARR,US20200403002,캐리어,52472541095,0.28,63.62,BUY,
113,생활가전,SN,NYS0230731001,샤크닌자,26315002693,0.81,187.68,BUY,
113,생활가전,LII,US19990729002,레녹스 인터내셔널,14678456337,1.78,430.83,HOLD,
113,생활가전,WSO.B,US19920317030,와츠코 B,13480934470,2.99,328.83,,
113,생활가전,WSO,US19940616001,와츠코,13480934470,-2.39,318.91,HOLD,
113,생활가전,PRMB,US20200303002,프리모 브랜즈 코퍼레이션,8547835655,0.43,23.61,BUY,
113,생활가전,AOS,US19840907020,A O 스미스,8510820987,2.02,63.67,HOLD,
113,생활가전,MIDD,US19920317005,미들비,5911429719,-7.91,119.99,BUY,
113,생활가전,FTDR,US20181001002,프론트도어,5800443899,-0.41,83.57,BUY,
113,생활가전,ALH,NYS0251009001,얼라이언스 런드리 홀딩스,5259058172,-0.3,26.31,,
113,생활가전,WHR,US19550919001,월풀,3133744964,3.37,43.59,HOLD,
113,생활가전,NPK,US19690303001,내셔널 프레스토 인더스트리스,988672669,0.53,138.23,,
113,생활가전,BWMX,US20200313002,베터웨어 드 멕시코,639053935,1.05,16.3,,
113,생활가전,HBB,US20171002003,해밀턴 비치 브랜즈 홀딩,445101418,0.36,33.12,,
113,생활가전,AIRJ,US20220131019,에어줄 테크놀로지스,430791581,7.93,6.4,BUY,
113,생활가전,NL,US19881223001,NL 인더스트리스,308616173,1.75,6.4,,
113,생활가전,TRSG,NAS0240419002,턴그레이 테크놀로지스,24611780,0,1.49,,
113,생활가전,RAY,NAS0240515004,레이텍 홀딩,17212428,-2.74,2.84,,
113,생활가전,FEBO,NAS0231130002,펜보 홀딩스,8878905,0.01,0.8,,
113,생활가전,JCSE,US20220421003,JE 클린테크 홀딩스,7851450,0.67,1.5,,
113,생활가전,MSN,US19940811001,에머슨 라디오,7816409,1.94,0.3774,,
113,생활가전,ILAG,US20220713001,인텔리전트 리빙 애플리케이션 그룹,7043892,-5.92,3.18,,
113,생활가전,EJH,US20210514013,이홈 하우스홀드 서비스 홀딩스,4559631,2.82,1.46,,
571,수자원,ECL,US19861210001,에코랩,79995844138,0.08,284.63,BUY,
571,수자원,XYL,US20111013001,자일럼,28392233735,1.64,123.18,BUY,
571,수자원,AWK,US19471215001,아메리칸 워터 웍스,27009133610,1.12,136.06,HOLD,
571,수자원,VLTO,NYS0231002006,버럴토,23755064792,0.89,97.97,BUY,
571,수자원,SBS,US20020510001,사네아멘투 바지쿠 지 상파울루(ADR),18425099912,-3.45,5.03,BUY,
571,수자원,PNR,US19960304001,펜테어,10688768909,0.69,67.19,BUY,
571,수자원,AM,US20141104004,앤테로 미드스트림,10449667893,0.73,22.1,HOLD,
571,수자원,CNM,US20210722003,코어 앤 메인,8990365448,0.71,46.63,BUY,
571,수자원,ZWS,US20211005014,전 엘케이 워터 솔루션즈,8497743537,1.49,51.82,BUY,
571,수자원,IDA,US19480511001,아이다코프,8107358211,0.33,140.15,BUY,
571,수자원,CHE,US19820629001,케미드,7202809677,-2.25,537.14,BUY,
571,수자원,BEPC,US20200730008,브룩필드 리뉴어블,6079264566,4.73,34.79,HOLD,
571,수자원,CECO,US20221107002,시코 인바이런멘틀,4124345790,5.1,73.97,BUY,매출 가이던스 부담
571,수자원,TAC,US19751017001,트랜스알타,3890989715,1.79,12.48,BUY,
571,수자원,AWR,US19900327008,아메리칸 스테이츠 워터,3442893272,1.12,87.54,HOLD,
571,수자원,CWT,US19940408001,캘리포니아 워터 서비스 그룹,3070176046,1.01,49.98,BUY,
571,수자원,WTTR,US20170419002,셀렉트 워터 솔루션즈,2902675771,1.05,21.11,BUY,
571,수자원,HWKN,US19931027001,호킨스,2736793267,-0.77,129.66,BUY,
571,수자원,MSEX,US19900326034,미들섹스 워터,1091739569,0.94,58.28,BUY,
571,수자원,YORW,US19990503002,요크 워터,709039418,1.85,32.5,BUY,
571,수자원,CWCO,US19950601001,컨솔리데이티드 워터,485486712,6.88,32.32,,
571,수자원,AIRJ,US20220131019,에어줄 테크놀로지스,430791581,7.93,6.4,BUY,
571,수자원,ERII,US20080702001,에너지 리커버리,409231772,-3.38,7.72,HOLD,
571,수자원,ARTNA,US19960524001,아르테시언 리소시스,327740663,1.33,35.05,BUY,
571,수자원,CDZI,US19900326004,카디즈,287481449,6.93,3.55,,
571,수자원,PCYO,US19940406001,퓨어사이클,271047670,1.69,11.4,,
571,수자원,GWRS,US20160427001,글로벌 워터 리소시스,212706941,3.26,7.61,HOLD,
571,수자원,SHIM,NAS0231102003,쉬믹,170194667,-6.19,3.94,BUY,매출 부진 부담
571,수자원,WAVE,US20210701008,에코 웨이브 파워 글로벌(ADR),45359683,-0.83,7.18,BUY,손실 확대 부담
571,수자원,DXST,NAS0250122001,디슨트 홀딩,5801091,-1.92,2.56,,
571,수자원,CDTG,NAS0240408001,CDT 인바이런멘틀 테크놀로지 인베스트먼트 홀딩스,3819403,0.79,1.27,,
9,호텔과 리조트,MAR,US20131021001,메리어트,91169562492,0.3,349.49,BUY,
9,호텔과 리조트,HLT,US20131212003,힐튼 월드와이드 홀딩스,70232576183,1.18,314.66,BUY,미국 수요 강세
9,호텔과 리조트,LVS,US20041215002,라스베이거스 샌즈,29544357041,0.57,45.72,BUY,
9,호텔과 리조트,IHG,US20030408001,인터컨티넨탈 호텔스 그룹(ADR),23202107577,0.15,155.87,BUY,
9,호텔과 리조트,H,US20091105001,하얏트 호텔,16082142402,1.51,172.64,BUY,
9,호텔과 리조트,HST,US20201102001,호스트 호텔 앤 리조트,15584446233,-1.68,22.29,BUY,
9,호텔과 리조트,HTHT,US20100326001,화주호텔 그룹(ADR),13255435945,-3.28,41.6,BUY,
9,호텔과 리조트,MGM,US19971113001,MGM 리조트 인터내셔널,10946060060,1.78,44.13,BUY,
9,호텔과 리조트,WYNN,US20021025001,윈 리조트,10590620587,2.23,104.79,BUY,
9,호텔과 리조트,LTH,US20211006010,라이프 타임 그룹 홀딩스,9520373590,3.18,43.81,BUY,
9,호텔과 리조트,CZR,US20120208002,시저스 엔터테인먼트,6146647522,-1.1,29.74,HOLD,
9,호텔과 리조트,BYD,US19931022001,보이드 게이밍,5938582692,1.12,82.37,BUY,
9,호텔과 리조트,WH,US20180601008,윈덤 호텔 앤 리조트,5312921461,1.57,72.47,,
9,호텔과 리조트,MTN,US19970204003,베일 리조트,5229435232,0.96,147.66,HOLD,
9,호텔과 리조트,ATAT,US20210630002,에이투어 라이프스타일 홀딩스(ADR),4862293405,-4.49,34.02,BUY,
9,호텔과 리조트,CHH,US19971016001,초이스 호텔스 인터내셔널,4640320396,-0.12,102.63,HOLD,
9,호텔과 리조트,TNL,US20210217018,트래블 플러스 레저,4507626603,0.57,73.82,BUY,
9,호텔과 리조트,VAC,US20111108001,메리어트 베케이션 월드와이드,3908135706,1.43,114.86,BUY,
9,호텔과 리조트,HGV,US20170104001,힐튼 그랜드 베이케이션스,3316818879,1.15,43.02,HOLD,
9,호텔과 리조트,OSW,US20190320001,원스파월드 홀딩스,2627547996,0.74,25.99,BUY,
9,호텔과 리조트,MCRI,US19930806001,모나크 카지노 앤 리조트,2179756441,0.88,122.28,HOLD,
9,호텔과 리조트,TH,US20190318002,타겟 호스피털리티,1605765998,3.42,16.62,BUY,연간 전망 상향
9,호텔과 리조트,HBNB,NAS0250701003,호텔101 글로벌,1258667941,0,5.36,,
9,호텔과 리조트,FBYD,NAS0231006002,팰컨스 비욘드 글로벌,1155707355,4.84,9.96,,
9,호텔과 리조트,INN,US20110209002,서밋 호텔 프라퍼티스,861746746,-2.74,6.04,,
9,호텔과 리조트,MSC,US20181017004,스튜디오 시티 인터내셔널 홀딩스(ADR),374232446,-3.95,1.7,,
9,호텔과 리조트,BHR,US20180424001,브레이마 호텔 앤 리조트,207917312,-0.99,2.01,,
9,호텔과 리조트,INTG,US19950818006,인터그룹,69038312,4.34,33.41,,
9,호텔과 리조트,GHG,US20180326006,그린트리 호스피털리티 그룹(ADR),35716991,0,1.12,,
9,호텔과 리조트,IHT,US19871230002,인스윗 호스피탈리티,14859690,-0.64,1.56,,
421,원유정제,XOM,US19200325001,엑슨 모빌,659270776094,0.01,159.8,BUY,
421,원유정제,CVX,US19210624001,셰브론,386403640188,0.9,196.66,BUY,
421,원유정제,TTE,US20210611013,토탈에너지스,201375181468,-0.01,87.95,BUY,
421,원유정제,PBR,US20000810002,페트로브라스(ADR),113361458639,-2.18,17.93,BUY,국제유가 급등
421,원유정제,PBR,US20031007004,페트로브라스 우선주(ADR),113361458639,-2.31,16.06,BUY,국제유가 급등
421,원유정제,BP,US19700323001,BP(ADR),112613117885,0.65,43.16,BUY,가스전 매각 합의
421,원유정제,VLO,US19970801002,발레로 에너지,90990305045,2.85,323.92,BUY,
421,원유정제,MPC,US20110623001,마라톤 페트롤리움,90258866995,5.03,336.42,BUY,목표가 상향
421,원유정제,PSX,US20120412003,필립스 66,86288647210,4.1,224.36,BUY,
421,원유정제,E,US19951128001,애니 SpA(ADR),80916410675,1.13,55.49,HOLD,데이터센터 합작 승인
421,원유정제,SU,US19970418001,선코어 에너지,73619703372,0.88,63.28,BUY,
421,원유정제,KMI,US20110211002,킨더 모건,70136381605,0.29,31.48,BUY,파이프라인 투자결정
421,원유정제,EC,US20080918002,에코페트롤(ADR),35170861278,-0.23,17.01,HOLD,
421,원유정제,YPF,US19930629001,YPF(ADR),20100655567,-3.51,49.15,BUY,2분기 실적 호조
421,원유정제,DINO,US20220315002,HF 싱클레어,15202123452,1.02,85.55,HOLD,파이프라인 투자
421,원유정제,NEU,US19991007001,뉴마켓,8398400289,0.78,917.09,,
421,원유정제,PBF,US20121213002,PBF 에너지,7884457530,4.62,69.35,HOLD,
421,원유정제,SSL,US20030409001,사솔(ADR),7317469365,0,11.51,,
421,원유정제,CLMT,NAS0240711002,캘러멧,4010287647,1.25,46.04,BUY,BofA 목표가상향
421,원유정제,DK,US20060504001,델렉 유에스 홀딩스,3736156874,5.15,63.94,HOLD,
421,원유정제,PARR,US20180220001,파 퍼시픽 홀딩스,3602817948,5.3,75.47,BUY,목표가 상향
421,원유정제,CVI,US20071023001,CVR 에너지,3270255626,5.03,34.05,SELL,목표가 상향
421,원유정제,REX,US19920701001,렉스 아메리칸 리소시스,1430379179,0.16,43.35,,
421,원유정제,SKYQ,NAS0241010011,스카이 쿼리,50940914,-5.63,3.52,,
247,결제서비스,V,US20080319001,비자,676889431814,0.6,362.82,BUY,
247,결제서비스,MA,US20060525001,마스터카드,495015692562,-0.31,561.44,BUY,미국 카드사용 확대
247,결제서비스,AXP,US19770518001,아메리칸 익스프레스,229611587199,0.58,340.81,BUY,
247,결제서비스,USB,US19730503007,US 뱅코프,105444825392,0.16,64.29,BUY,
247,결제서비스,MELI,US20070810001,메르카도리브레,92801878160,6.34,1940.0,BUY,
247,결제서비스,PYPL,US20150721001,페이팔,50703453714,-0.12,59.0,HOLD,
247,결제서비스,XYZ,US20151119003,블록,47611718788,0.11,79.07,BUY,목표가 상향
247,결제서비스,FISV,US19860925001,파이서브,27863036450,0.96,52.72,HOLD,
247,결제서비스,AFRM,US20210112001,어펌,25384036752,1.54,76.7,BUY,
247,결제서비스,GPN,US20010116001,글로벌 페이먼츠,22868879742,-0.31,85.86,BUY,
247,결제서비스,FIS,US20010806002,피델리티 내셔널 인포메이션 서비시스,21997009384,0.59,42.76,BUY,
247,결제서비스,KSPI,NAS0240119005,카스피.kz(ADR),17923144013,1.45,95.36,BUY,실적 상회 배당권고
247,결제서비스,PAYP,NAS2603012007,페이페이(ADR),10112828738,-1.88,14.61,BUY,
247,결제서비스,KLAR,NYS0250910001,클라르나,7443746784,-3.01,19.03,BUY,
247,결제서비스,WEX,US20050216001,웩스,6376067758,1.4,189.06,HOLD,
247,결제서비스,PAY,US20210524004,페이먼트어스 홀딩스,4927040448,4.15,40.61,BUY,
247,결제서비스,RELY,US20210922012,레미틀리 글로벌,4914981863,2.03,23.61,BUY,목표가 상향
247,결제서비스,WAY,NAS0240607007,웨이스타 홀딩,4752248683,-1.62,24.3,BUY,
247,결제서비스,DLO,US20210602001,디로컬,4242988928,-1.81,14.11,BUY,
247,결제서비스,FOUR,US20200604010,시프트4 페이먼츠,4009971951,-4.91,41.04,BUY,
247,결제서비스,SEZL,NAS0230817006,세즐,3987128319,8.7,128.27,BUY,
247,결제서비스,EEFT,US19970307001,유로넷 월드와이드,2660533569,-0.59,70.47,BUY,
247,결제서비스,PAGS,US20180123003,파그세구로 디지털,2546643363,-2.09,8.89,HOLD,
247,결제서비스,STNE,US20181025002,스톤코,2530831023,-3.95,9.96,BUY,
247,결제서비스,DBD,NYS0230814001,다이볼드 닉스도프,2440862718,-1.19,70.81,,
247,결제서비스,PAYO,US20210628005,페이오니아 글로벌,2410600361,0,7.09,HOLD,
247,결제서비스,NYAX,US20220921003,나약스,2277356799,-13.11,53.87,BUY,
247,결제서비스,WU,US20060920003,웨스턴 유니온,2199945146,0.28,7.05,SELL,
247,결제서비스,FLYW,US20210525003,플라이와이어,2121755801,0.52,17.47,BUY,
247,결제서비스,EVTC,US20130412001,에버텍,1832621336,-0.44,29.51,,
247,결제서비스,PHR,US20190717007,프리시아,771547764,-1.37,12.27,BUY,
247,결제서비스,PAYS,US20190429001,페이사인,709870207,0.8,12.63,,
247,결제서비스,IIIV,US20180620003,I3 버티컬스,443709508,0.89,16.95,BUY,
247,결제서비스,PRTH,US20180727002,프라이오러티 테크놀로지 홀딩스,432625438,-0.38,5.21,BUY,
247,결제서비스,LSAK,US20220525002,레사카 테크놀로지스,403751662,2.99,4.83,BUY,
247,결제서비스,PSFE,US20210331008,페이세이프,367186562,-3.5,6.89,HOLD,
247,결제서비스,IMXI,US20180727001,인터내셔널 머니 익스프레스,356923311,-1.61,11.63,HOLD,
247,결제서비스,CURR,US20220110009,커런시 그룹,356014100,17.72,3.72,,
247,결제서비스,RPAY,US20190805001,리페이 홀딩스,338516779,-3.39,3.7,BUY,
247,결제서비스,MTC,US20181227003,MM텍,295779669,3.38,3.06,,
247,결제서비스,RTB,US20210217006,RTB 디지털,228772009,1.79,17.04,,
247,결제서비스,USIO,US20190701001,유시오,60917089,1.36,2.23,BUY,
247,결제서비스,KPLT,US20210610005,캐터펄트 홀딩스,31731750,25.79,8.0,,
247,결제서비스,SURG,US20211102008,서지페이스,7615063,-0.23,0.3014,BUY,
247,결제서비스,OLB,US20200807003,OLB 그룹,7461865,-0.65,0.3075,,
247,결제서비스,TGL,US20220811005,트레저 글로벌,5629395,6.27,3.05,,
619,지역난방,NGG,US19991007002,내셔널 그리드(ADR),80177020750,0.99,80.27,BUY,
619,지역난방,CPK,US19930104001,체사피크 유틸리티스,3201551768,0.91,133.56,BUY,
619,지역난방,UTL,US19920317028,유니틸,968906835,1.55,53.77,HOLD,
79,스마트폰부품,MU,US19890516001,마이크론 테크놀로지,975705429962,0.87,868.52,BUY,CXMT 추격 부담
79,스마트폰부품,QCOM,US19911213001,퀄컴,170856000741,0.31,162.68,HOLD,
79,스마트폰부품,GLW,US19450521001,코닝,136353503895,0.91,159.19,BUY,폴리실리콘 수혜 기대
79,스마트폰부품,TTMI,US20000921001,TTM 테크놀로지스,13750256696,0.51,130.74,BUY,
249,원유,XOM,US19200325001,엑슨 모빌,659270776094,0.01,159.8,BUY,
249,원유,CVX,US19210624001,셰브론,386403640188,0.9,196.66,BUY,
249,원유,SHEL,US20220201008,쉘(ADR),250590344552,0.61,90.5,BUY,
249,원유,TTE,US20210611013,토탈에너지스,201375181468,-0.01,87.95,BUY,
249,원유,COP,US19720630003,코노코필립스,148301816655,2.35,125.92,BUY,
249,원유,PBR,US20000810002,페트로브라스(ADR),113361458639,-2.18,17.93,BUY,국제유가 급등
249,원유,PBR,US20031007004,페트로브라스 우선주(ADR),113361458639,-2.31,16.06,BUY,국제유가 급등
249,원유,BP,US19700323001,BP(ADR),112613117885,0.65,43.16,BUY,가스전 매각 합의
249,원유,EQNR,US20180517004,에퀴노르(ADR),102833691888,-0.15,40.93,HOLD,
249,원유,CNQ,US20000731001,캐나디안 내추럴 리소시스,97778598208,0.76,47.61,HOLD,
249,원유,VLO,US19970801002,발레로 에너지,90990305045,2.85,323.92,BUY,
249,원유,MPC,US20110623001,마라톤 페트롤리움,90258866995,5.03,336.42,BUY,목표가 상향
249,원유,PSX,US20120412003,필립스 66,86288647210,4.1,224.36,BUY,
249,원유,EPD,US19980728001,엔터프라이즈 프로덕츠 파트너스,82316771932,-0.34,37.86,,
249,원유,E,US19951128001,애니 SpA(ADR),80916410675,1.13,55.49,HOLD,데이터센터 합작 승인
249,원유,SLB,US19620202001,슐럼버거,79216555415,0.9,53.68,BUY,
249,원유,EOG,US19891004001,EOG 리소시스,74851540887,0.83,143.4,BUY,유가 강세 수혜
249,원유,SU,US19970418001,선코어 에너지,73619703372,0.88,63.28,BUY,
249,원유,ET,US20181019001,에너지 트랜스퍼,71616443549,0.92,20.78,,목표가 상향
249,원유,KMI,US20110211002,킨더 모건,70136381605,0.29,31.48,BUY,파이프라인 투자결정
249,원유,TRP,US19850530001,TC 에너지,66213665078,0.49,63.64,HOLD,
249,원유,BKR,US20211207002,베이커 휴즈,63816329709,1.15,64.81,BUY,
249,원유,IMO,US19860716001,임페리얼 오일,62493135290,0.6,129.56,SELL,
249,원유,OXY,US19860522001,옥시덴탈 페트롤리움,58827571569,0.7,59.06,HOLD,
249,원유,FANG,US20121012001,다이아몬드백 에너지,55905408236,1.38,201.71,BUY,목표주가 하향
249,원유,CVE,US20091209001,세노버스 에너지,54854236477,0.95,29.84,BUY,
249,원유,DVN,US19880930001,데번 에너지,50065222638,0.09,45.4,BUY,
249,원유,WDS,US20220602002,우드사이드 에너지 그룹(ADR),44007126307,1.0,23.3,HOLD,
249,원유,EC,US20080918002,에코페트롤(ADR),35170861278,-0.23,17.01,HOLD,
249,원유,CASY,US19831020001,케이시스 제너럴 스토어스,31726455621,-2.87,829.91,BUY,
249,원유,FTI,US20010614001,테크닙 FMC,29169741080,1.61,75.32,BUY,
249,원유,HAL,US19480915001,할리버턴,28121557638,0.48,33.8,BUY,
249,원유,EXE,US20210210006,익스팬드 에너지,22662108571,0.7,98.24,BUY,
249,원유,YPF,US19930629001,YPF(ADR),20100655567,-3.51,49.15,BUY,2분기 실적 호조
249,원유,PR,US20161012001,퍼미언 리소시스,17841641252,1.08,21.46,BUY,
249,원유,OVV,US20200127001,오빈티브,17648230755,-0.17,63.45,BUY,
249,원유,PAA,US20201214003,플레인스 올 아메리칸 파이프라인,16466323840,-0.47,23.15,,
249,원유,VNOM,US20161109014,바이퍼 에너지,15270703259,1.2,42.88,BUY,
249,원유,DINO,US20220315002,HF 싱클레어,15202123452,1.02,85.55,HOLD,파이프라인 투자
249,원유,APA,US20200609001,APA,14420159709,-0.98,40.62,HOLD,
249,원유,AR,US20131010002,앤테로 리소시스,11435415935,2.05,37.83,BUY,
249,원유,MUSA,US20130904001,머피 USA,10195853464,-1.56,544.22,BUY,
249,원유,SUN,US20141111002,수노코,9870756930,2.06,73.34,,
249,원유,HESM,US20170404004,헤스 미드스트림,8403368981,-0.2,40.54,HOLD,
249,원유,NEU,US19991007001,뉴마켓,8398400289,0.78,917.09,,
249,원유,KNTK,US20221024004,키네틱 홀딩스,8353412844,-0.31,51.11,BUY,
249,원유,PBF,US20121213002,PBF 에너지,7884457530,4.62,69.35,HOLD,
249,원유,NFG,US19550725001,내셔널 퓨얼 가스,7802964360,0.53,82.25,BUY,주식 희석 부담
249,원유,VIST,US20190725004,비스타 에너지(ADR),7608029071,-3.26,66.13,BUY,8월 자사주 매입
249,원유,CHRD,US20201120003,코드 에너지,7602445827,0.51,139.23,BUY,이사 주식 매도
249,원유,SM,US19921221001,SM 에너지,7579865476,2.36,32.51,BUY,
249,원유,SOBO,NYS0241008001,사우스 보우,7517896339,1.06,36.3,HOLD,
249,원유,NOV,US19961029001,노브,7404123448,1.55,21.02,HOLD,
249,원유,SSL,US20030409001,사솔(ADR),7317469365,0,11.51,,
249,원유,NE,US20210609010,노블,6975997771,2.14,44.48,BUY,
249,원유,WFRD,US20210602003,웨더포드 인터내셔널,6682163659,1.65,94.43,BUY,
249,원유,MTDR,US20120202002,마타도어 리소시스,6485604327,0.75,52.62,BUY,목표가 상향
249,원유,UGP,US19991008001,우우트라파르(ADR),6445076226,-0.83,5.96,BUY,
249,원유,RIG,US19930604001,트랜스오션,6410220912,1.57,5.81,HOLD,
249,원유,KGS,NYS0230628002,코디악 가스 서비시스,6238985951,-0.65,61.1,BUY,
249,원유,MGY,US20180801012,매그놀리아 오일 앤 가스,6184456812,0,26.01,BUY,생산 호조와 인수
249,원유,VAL,US20210503017,발라리스,5960379632,1.46,86.8,HOLD,
249,원유,MUR,US19831101001,머피 오일,5105854135,0.65,35.72,HOLD,견조한 생산 부각
249,원유,OII,US19751030001,오셔니어링 인터내셔널,5105211289,-0.7,50.76,HOLD,
249,원유,PAGP,US20201214004,플레인스 GP 홀딩스,4994169229,-0.16,25.11,,
249,원유,CRC,US20201028012,캘리포니아 리소시스,4788912662,0.71,54.13,BUY,크림슨 인수 발표
249,원유,PAM,US19900918001,팜파 에네르히아(ADR),4513493578,-3.51,79.81,BUY,
249,원유,SEI,US20170509002,솔라리스 에너지 인프라스트럭처,4502007553,0.32,58.79,BUY,원자력 기술 협력
249,원유,VVV,US20160923002,밸보라인,4316805004,-2.08,33.02,BUY,
249,원유,PTEN,US19931102001,패터슨 UTI 에너지,4205634994,0.64,11.06,BUY,
249,원유,HP,US19630320001,헬머리치 앤 페인,4198635197,1.65,42.56,HOLD,목표가 상향
249,원유,CRGY,US20211208002,크레센트 에너지,4047911244,1.72,12.42,BUY,
249,원유,CLMT,NAS0240711002,캘러멧,4010287647,1.25,46.04,BUY,BofA 목표가상향
249,원유,WBI,NYS0250917003,워터브리지 인프라스트럭처,3988772154,0.31,32.3,BUY,
249,원유,USAC,US20130115002,USA 컴프레션 파트너스,3785671003,-0.73,25.84,,
249,원유,DK,US20060504001,델렉 유에스 홀딩스,3736156874,5.15,63.94,HOLD,
249,원유,NESR,US20170605001,내셔널 에너지 서비스 리유나이티드,3621564301,0.61,36.01,,
249,원유,PARR,US20180220001,파 퍼시픽 홀딩스,3602817948,5.3,75.47,BUY,목표가 상향
249,원유,LBRT,US20180111003,리버티 에너지,3459929332,1.66,21.48,BUY,
249,원유,BWLP,NYS0240429002,BW LPG,3450561428,-1.44,21.28,BUY,
249,원유,CVI,US20071023001,CVR 에너지,3270255626,5.03,34.05,SELL,목표가 상향
249,원유,ARLP,US20161108001,얼라이언스 리소스 파트너스,3200268725,-0.24,24.73,,
249,원유,BTE,NYS0230223001,베이텍스 에너지,3070903983,0.46,4.4,BUY,
249,원유,BSM,US20150501002,블랙 스톤 미네랄스,3069151878,-1.39,14.18,,
249,원유,DNOW,US20140603002,디나우,3020293809,0.06,16.66,BUY,목표가 상향
249,원유,GPOR,US20210518008,걸프포트 에너지,2981142719,1.93,171.26,BUY,
249,원유,SDRL,US20221014005,시드릴,2933843071,-0.13,46.7,BUY,
249,원유,WTTR,US20170419002,셀렉트 워터 솔루션즈,2902675771,1.05,21.11,BUY,
249,원유,CSAN,US20210311012,코장(ADR),2673925701,-5.15,2.58,HOLD,
249,원유,TALO,US20180510003,탈로스 에너지,2611809183,-0.13,15.57,BUY,
249,원유,NGL,US20110512003,NGL 에너지 파트너스,2517581061,-0.35,17.09,,
249,원유,NOG,US20220217010,노던 오일 앤 가스,2511327413,3.24,24.25,BUY,
249,원유,INVX,US19971023001,이노벡스 인터내셔널,2046946843,3.33,30.14,BUY,
249,원유,FLOC,NYS0250116001,플로우코 홀딩스,2024255209,4.16,23.26,BUY,
249,원유,XPRO,US20211004017,엑스프로 그룹 홀딩스,2012233747,2.3,18.26,HOLD,
249,원유,GEL,US19961127003,제네시스 에너지,1906253913,-0.39,15.49,,
249,원유,VET,US20090908002,버밀리언 에너지,1757026827,-0.96,11.35,BUY,
249,원유,KRP,US20170203002,킴벨 로열티 파트너스,1736747455,0.99,15.24,,
249,원유,GLP,US20050929001,글로벌 파트너스,1705884068,0,50.01,,
249,원유,PBT,US19801024001,퍼미언 베이슨 로열티 트러스트,1522261620,0.49,32.71,,
249,원유,KOS,US20110511001,코스모스 에너지,1499743201,1.99,2.56,BUY,
249,원유,HLX,US19970701002,헬릭스 에너지 솔루션즈 그룹,1478822956,1.9,10.19,,
249,원유,AESI,NYS0230308001,아틀라스 에너지 솔루션즈,1477534785,1.7,11.98,BUY,
249,원유,PUMP,US20170316002,프로페트로 홀딩,1430821916,0.34,11.65,BUY,
249,원유,REX,US19920701001,렉스 아메리칸 리소시스,1430379179,0.16,43.35,,
249,원유,VTOL,US20200612004,브리스토우 그룹,1383919969,-0.77,46.17,,
249,원유,RES,US19840611001,RPC,1367813894,2.93,6.33,HOLD,
249,원유,NBR,US19910228001,네이버스 인더스트리스,1333551412,-1.82,88.17,HOLD,
249,원유,TTI,US19900410001,테트라 테크놀로지스,1285173480,1.97,8.82,,
249,원유,BORR,US20190731008,보르 드릴링,1284377724,2.4,4.26,BUY,실적 부진 부담
249,원유,BH,US19951213001,비글래리 홀딩스 B,1232894883,-0.72,382.84,,
249,원유,BH.A,US20180501003,비글래리 홀딩스 A,1232894883,-1.38,1904.76,,
249,원유,NPKI,US19910919001,NPK 인터내셔널,1152727134,2.37,13.85,BUY,
249,원유,SBR,US19821217001,사빈 로열티 트러스트,1064537117,-0.18,72.64,,
249,원유,PDS,US20051107001,프리시전 드릴링,1040952682,2.0,83.02,,
249,원유,DEC,NYS0231218001,다이버시파이드 에너지,1018277354,2.16,14.65,BUY,
249,원유,HPK,US20200824001,하이피크 에너지,1004150255,4.29,8.26,BUY,2분기 실적 호조
249,원유,SOC,US20210419016,세이블 오프쇼어,958425090,-8.64,4.65,BUY,운영 제약 부담
249,원유,APC,NAS2602012002,ARKO PETROLEUM CORP,888761605,-1.5,18.34,BUY,
249,원유,FET,US20120412001,포럼 에너지 테크놀로지스,884925540,5.93,83.07,,
249,원유,CAPL,US20141007001,크로스아메리카 파트너스,865641468,-0.71,22.44,,
249,원유,GFR,NYS0230921001,그린파이어 리소시스,816791945,2.47,6.65,BUY,
249,원유,REPX,US20210301021,라일리 익스플로레이션 퍼미언,804909183,0.86,36.52,BUY,
249,원유,OBE,US20220131013,업시디언 에너지,701368797,1.62,10.64,BUY,
249,원유,VTS,NYS0230117001,비테스 에너지,682290893,1.55,16.4,BUY,
249,원유,GRNT,US20221025001,그래닛 리지 리소시스,672325719,1.97,5.18,BUY,
249,원유,SMC,NYS0240801005,서밋 미드스트림,649782188,8.92,34.68,BUY,가이던스 상단 하향
249,원유,GPRK,US20140207001,지오파크,629019085,-3.62,9.31,BUY,
249,원유,EGY,US19920731001,발코 에너지,607794823,-0.34,5.79,BUY,
249,원유,WTI,US20050128002,W&T 오프쇼어,578557627,-0.26,3.81,BUY,
249,원유,CLB,NYS0230502001,코어 래브러토리스,562610751,1.72,12.43,,
249,원유,NUAI,US20220105004,뉴 에라 에너지 & 디지털,546793378,-2.79,5.23,BUY,
249,원유,OIS,US20010208001,오일 스테이츠 인터내셔널,535665751,-0.34,8.82,,
249,원유,SD,US20161004001,샌드리지 에너지,534578904,-0.35,14.32,HOLD,
249,원유,SGU,US19951215004,스타 그룹,417457242,-0.39,12.63,,
249,원유,RNGR,US20170810003,레인저 에너지 서비시스,389321464,3.26,17.12,,
249,원유,REI,US20130904002,링 에너지,355535591,0.74,1.37,BUY,
249,원유,PNRG,US19950818014,프라임에너지 리소시스,320914765,-1.42,194.86,SELL,
249,원유,GTE,US20051114001,그랜 티에라 에너지,317728777,6.48,9.53,HOLD,
249,원유,AREC,US20190215001,아메리칸 리소시스,305902087,1.75,2.9,BUY,
249,원유,SND,US20161104003,스마트 샌드,197973434,1.31,4.65,,매출 급증 흑자전환
249,원유,KGEI,NAS0231011006,콜리브리 글로벌 에너지,186937278,2.3,5.33,,
249,원유,EPSN,US20190219001,엡실론 에너지,176644015,1.55,5.91,,
249,원유,AMPY,US20190807002,앰플리파이 에너지,172338248,8.41,4.51,,매출 증가 흑자전환
249,원유,TUSK,US20161014001,매머드 에너지 서비시스,162257122,-2.38,3.28,,
249,원유,PED,US20130911001,페데브코,148829516,2.06,11.39,,
249,원유,EPM,US19960411001,에볼루션 페트롤리엄,134259065,1.07,3.77,BUY,
249,원유,NCSM,US20170424001,NCS 멀티스테이지 홀딩스,132908913,2.24,51.6,,
249,원유,DWSN,US19940922001,도슨 지오피지컬,131798999,5.2,4.45,,
249,원유,SJT,US19801024002,산 후안 베이슨 로열티 트러스트,121593862,3.85,2.7,,
249,원유,EP,US20220308002,엠파이어 페트롤리엄,110198960,-3.99,2.65,,
249,원유,NRT,US19960329002,노스 유러피언 오일 로열티 트러스트,83825797,0.33,9.12,,
249,원유,DTI,US20211229006,드릴링 툴스 인터내셔널,80716295,7.46,2.45,,
249,원유,LSE,NAS0241219003,레이션 에너지 홀딩,80630534,1.91,4.81,,
249,원유,PROP,NAS0231228002,프레리 오퍼레이팅,79921860,9.2,0.89,BUY,워런트 희석 부담
249,원유,GEOS,US19971121001,지오스페이스 테크놀로지스,73074439,-4.97,5.35,,
249,원유,BSIN,US19900326054,빅 스카이 인더스트리얼,63522427,18.18,1.43,BUY,
249,원유,PTLE,NAS0241016006,PTL,63023963,-12.6,8.74,,
249,원유,CRT,US19920227001,크로스 팀버스 로열티 트러스트,59661659,0.5,9.96,,
249,원유,PVL,US20180914005,퍼미언빌 로열티 트러스트,57945859,-0.57,1.74,,
249,원유,VOC,US20110505004,VOC 에너지 트러스트,54243344,-1.57,3.13,,
249,원유,KLXE,US20180917001,케이엘엑스 에너지 서비시스 홀딩스,53659577,-30.8,1.55,,매출 부진 권리공모
249,원유,SKYQ,NAS0241010011,스카이 쿼리,50940914,-5.63,3.52,,
249,원유,MIND,US19941219001,마인드 테크놀로지,45781800,-3.78,4.83,,
249,원유,INDO,US20191219003,인도네시아 에너지,45081951,1.37,2.96,,
249,원유,NXXT,US20210914005,넥스트NRG,44959529,4.99,0.2798,BUY,
249,원유,AGIG,US20020118001,아번디아 글로벌 임팩트 그룹,38780270,1.67,0.89,BUY,
249,원유,BATL,US20200220001,바탈리언 오일,31151871,-3.55,1.36,,우선주 구조 정리
249,원유,PRT,US20180501005,펌록 로열티 트러스트,27221592,-1.35,2.2,,
249,원유,EONR,US20220404005,EON 리소시스,24878382,-2.06,0.486,,
249,원유,MXC,US19970305001,멕스코 에너지,19441332,0.32,9.5,,
249,원유,UFG,NAS0250114006,유니 퓨얼스 홀딩스,17919565,7.27,0.5901,,
249,원유,BRN,US19840907022,반웰 인더스트리스,13895496,0.84,0.9701,,실적 개선
249,원유,TPET,AMX0230418002,트리오 페트롤리엄,11535304,1.81,0.2644,,
249,원유,MARPS,US20190131001,마린 페트롤리엄 트러스트,9692962,0.21,4.84,,
249,원유,DXLY,NAS0250709001,델릭시 홀딩스,6112671,1.96,0.3799,,
249,원유,MTR,US19791015001,메사 로열티 트러스트,5329245,-0.35,2.84,,
249,원유,TOPS,US20040723002,탑 십스,4244302,0.92,0.7703,,
249,원유,RCON,US20090731001,레콘 테크놀로지,3228185,-12.68,0.031,,
249,원유,VIVK,US20220214007,비바코,2821938,-8.39,1.31,,
551,천연가스개발,XOM,US19200325001,엑슨 모빌,659270776094,0.01,159.8,BUY,
551,천연가스개발,CVX,US19210624001,셰브론,386403640188,0.9,196.66,BUY,
551,천연가스개발,SHEL,US20220201008,쉘(ADR),250590344552,0.61,90.5,BUY,
551,천연가스개발,COP,US19720630003,코노코필립스,148301816655,2.35,125.92,BUY,
551,천연가스개발,EQNR,US20180517004,에퀴노르(ADR),102833691888,-0.15,40.93,HOLD,
551,천연가스개발,CNQ,US20000731001,캐나디안 내추럴 리소시스,97778598208,0.76,47.61,HOLD,
551,천연가스개발,WMB,US19870602001,윌리엄스 컴퍼니스,88182644049,0.64,72.31,BUY,RBC 목표가 상향
551,천연가스개발,PSX,US20120412003,필립스 66,86288647210,4.1,224.36,BUY,
551,천연가스개발,SLB,US19620202001,슐럼버거,79216555415,0.9,53.68,BUY,
551,천연가스개발,EOG,US19891004001,EOG 리소시스,74851540887,0.83,143.4,BUY,유가 강세 수혜
551,천연가스개발,OKE,US19540524001,원오크,57140733892,1.31,91.52,BUY,
551,천연가스개발,LNG,US19940404002,셰니어 에너지,55058093858,-0.09,265.43,BUY,목표가 상향
551,천연가스개발,VG,NYS0250124001,벤처 글로벌,35547096245,-7.29,13.22,BUY,가이던스 상향
551,천연가스개발,EC,US20080918002,에코페트롤(ADR),35170861278,-0.23,17.01,HOLD,
551,천연가스개발,EQT,US19500605001,EQT,33942632860,0.54,54.37,BUY,
551,천연가스개발,RRC,US19921228001,레인지 리소시스,9446878520,0.94,40.67,HOLD,
551,천연가스개발,KNTK,US20221024004,키네틱 홀딩스,8353412844,-0.31,51.11,BUY,
551,천연가스개발,RIG,US19930604001,트랜스오션,6410220912,1.57,5.81,HOLD,
551,천연가스개발,KGS,NYS0230628002,코디악 가스 서비시스,6238985951,-0.65,61.1,BUY,
551,천연가스개발,PAM,US19900918001,팜파 에네르히아(ADR),4513493578,-3.51,79.81,BUY,
551,천연가스개발,CRK,US19950322001,컴스톡 리소시스,4230690989,0.21,14.39,HOLD,
551,천연가스개발,GPOR,US20210518008,걸프포트 에너지,2981142719,1.93,171.26,BUY,
551,천연가스개발,BKV,NYS0240926001,반푸 칼닌 벤처스,2817698662,3.31,26.51,BUY,
551,천연가스개발,CSAN,US20210311012,코장(ADR),2673925701,-5.15,2.58,HOLD,
551,천연가스개발,TGS,US19941117001,트란스포르타도라 데 가스 델 수르(ADR),2045053850,-4.37,28.04,BUY,
551,천연가스개발,FLOC,NYS0250116001,플로우코 홀딩스,2024255209,4.16,23.26,BUY,
551,천연가스개발,KRP,US20170203002,킴벨 로열티 파트너스,1736747455,0.99,15.24,,
551,천연가스개발,HLX,US19970701002,헬릭스 에너지 솔루션즈 그룹,1478822956,1.9,10.19,,
551,천연가스개발,TBN,NYS0240627003,탐보란 리소시스,1251042435,1.26,36.22,,
551,천연가스개발,DEC,NYS0231218001,다이버시파이드 에너지,1018277354,2.16,14.65,BUY,
551,천연가스개발,GRNT,US20221025001,그래닛 리지 리소시스,672325719,1.97,5.18,BUY,
551,천연가스개발,SMC,NYS0240801005,서밋 미드스트림,649782188,8.92,34.68,BUY,가이던스 상단 하향
551,천연가스개발,WHK,NYS2606005003,화이트호크 미네랄스,600400365,1.69,26.46,BUY,
551,천연가스개발,NUAI,US20220105004,뉴 에라 에너지 & 디지털,546793378,-2.79,5.23,BUY,
551,천연가스개발,SD,US20161004001,샌드리지 에너지,534578904,-0.35,14.32,HOLD,
551,천연가스개발,NGS,US20021021002,내추럴 가스 서비시스 그룹,468686006,-0.51,36.78,BUY,
551,천연가스개발,OPAL,US20220722003,오펄 퓨얼스,455908100,-5.77,2.45,BUY,
551,천연가스개발,NPWR,US20210806006,넷 파워,354072619,3.18,1.62,,
551,천연가스개발,PNRG,US19950818014,프라임에너지 리소시스,320914765,-1.42,194.86,SELL,
551,천연가스개발,GTE,US20051114001,그랜 티에라 에너지,317728777,6.48,9.53,HOLD,
551,천연가스개발,MNTK,US20210122011,몬탁 리뉴어블스,244228852,5.85,1.81,HOLD,
551,천연가스개발,KGEI,NAS0231011006,콜리브리 글로벌 에너지,186937278,2.3,5.33,,
551,천연가스개발,EPSN,US20190219001,엡실론 에너지,176644015,1.55,5.91,,
551,천연가스개발,AMPY,US20190807002,앰플리파이 에너지,172338248,8.41,4.51,,매출 증가 흑자전환
551,천연가스개발,EPM,US19960411001,에볼루션 페트롤리엄,134259065,1.07,3.77,BUY,
551,천연가스개발,GLND,NAS2603026002,그린란드 에너지 컴퍼니,97849067,-9.87,2.01,,
551,천연가스개발,NRT,US19960329002,노스 유러피언 오일 로열티 트러스트,83825797,0.33,9.12,,
551,천연가스개발,PROP,NAS0231228002,프레리 오퍼레이팅,79921860,9.2,0.89,BUY,워런트 희석 부담
551,천연가스개발,BSIN,US19900326054,빅 스카이 인더스트리얼,63522427,18.18,1.43,BUY,
551,천연가스개발,PVL,US20180914005,퍼미언빌 로열티 트러스트,57945859,-0.57,1.74,,
551,천연가스개발,VOC,US20110505004,VOC 에너지 트러스트,54243344,-1.57,3.13,,
551,천연가스개발,INDO,US20191219003,인도네시아 에너지,45081951,1.37,2.96,,
551,천연가스개발,BATL,US20200220001,바탈리언 오일,31151871,-3.55,1.36,,우선주 구조 정리
551,천연가스개발,PRT,US20180501005,펌록 로열티 트러스트,27221592,-1.35,2.2,,
551,천연가스개발,EONR,US20220404005,EON 리소시스,24878382,-2.06,0.486,,
551,천연가스개발,MXC,US19970305001,멕스코 에너지,19441332,0.32,9.5,,
551,천연가스개발,BRN,US19840907022,반웰 인더스트리스,13895496,0.84,0.9701,,실적 개선
551,천연가스개발,TPET,AMX0230418002,트리오 페트롤리엄,11535304,1.81,0.2644,,
551,천연가스개발,MTR,US19791015001,메사 로열티 트러스트,5329245,-0.35,2.84,,
547,음식배달플랫폼,UBER,US20190509010,우버,159921507920,0.65,78.54,BUY,목표가 하향
547,음식배달플랫폼,DASH,US20201207007,도어대시,91239820524,1.02,212.0,BUY,
547,음식배달플랫폼,GRAB,US20211202003,그랩 홀딩스,15020700623,1.91,3.74,BUY,
549,원유개발,XOM,US19200325001,엑슨 모빌,659270776094,0.01,159.8,BUY,
549,원유개발,CVX,US19210624001,셰브론,386403640188,0.9,196.66,BUY,
549,원유개발,SHEL,US20220201008,쉘(ADR),250590344552,0.61,90.5,BUY,
549,원유개발,TTE,US20210611013,토탈에너지스,201375181468,-0.01,87.95,BUY,
549,원유개발,COP,US19720630003,코노코필립스,148301816655,2.35,125.92,BUY,
549,원유개발,EQNR,US20180517004,에퀴노르(ADR),102833691888,-0.15,40.93,HOLD,
549,원유개발,CNQ,US20000731001,캐나디안 내추럴 리소시스,97778598208,0.76,47.61,HOLD,
549,원유개발,MPC,US20110623001,마라톤 페트롤리움,90258866995,5.03,336.42,BUY,목표가 상향
549,원유개발,E,US19951128001,애니 SpA(ADR),80916410675,1.13,55.49,HOLD,데이터센터 합작 승인
549,원유개발,SLB,US19620202001,슐럼버거,79216555415,0.9,53.68,BUY,
549,원유개발,EOG,US19891004001,EOG 리소시스,74851540887,0.83,143.4,BUY,유가 강세 수혜
549,원유개발,SU,US19970418001,선코어 에너지,73619703372,0.88,63.28,BUY,
549,원유개발,BKR,US20211207002,베이커 휴즈,63816329709,1.15,64.81,BUY,
549,원유개발,IMO,US19860716001,임페리얼 오일,62493135290,0.6,129.56,SELL,
549,원유개발,FANG,US20121012001,다이아몬드백 에너지,55905408236,1.38,201.71,BUY,목표주가 하향
549,원유개발,CVE,US20091209001,세노버스 에너지,54854236477,0.95,29.84,BUY,
549,원유개발,WDS,US20220602002,우드사이드 에너지 그룹(ADR),44007126307,1.0,23.3,HOLD,
549,원유개발,EC,US20080918002,에코페트롤(ADR),35170861278,-0.23,17.01,HOLD,
549,원유개발,FTI,US20010614001,테크닙 FMC,29169741080,1.61,75.32,BUY,
549,원유개발,HAL,US19480915001,할리버턴,28121557638,0.48,33.8,BUY,
549,원유개발,EXE,US20210210006,익스팬드 에너지,22662108571,0.7,98.24,BUY,
549,원유개발,PR,US20161012001,퍼미언 리소시스,17841641252,1.08,21.46,BUY,
549,원유개발,OVV,US20200127001,오빈티브,17648230755,-0.17,63.45,BUY,
549,원유개발,VNOM,US20161109014,바이퍼 에너지,15270703259,1.2,42.88,BUY,
549,원유개발,APA,US20200609001,APA,14420159709,-0.98,40.62,HOLD,
549,원유개발,AR,US20131010002,앤테로 리소시스,11435415935,2.05,37.83,BUY,
549,원유개발,KNTK,US20221024004,키네틱 홀딩스,8353412844,-0.31,51.11,BUY,
549,원유개발,VIST,US20190725004,비스타 에너지(ADR),7608029071,-3.26,66.13,BUY,8월 자사주 매입
549,원유개발,CHRD,US20201120003,코드 에너지,7602445827,0.51,139.23,BUY,이사 주식 매도
549,원유개발,SM,US19921221001,SM 에너지,7579865476,2.36,32.51,BUY,
549,원유개발,NOV,US19961029001,노브,7404123448,1.55,21.02,HOLD,
549,원유개발,NE,US20210609010,노블,6975997771,2.14,44.48,BUY,
549,원유개발,WFRD,US20210602003,웨더포드 인터내셔널,6682163659,1.65,94.43,BUY,
549,원유개발,MTDR,US20120202002,마타도어 리소시스,6485604327,0.75,52.62,BUY,목표가 상향
549,원유개발,RIG,US19930604001,트랜스오션,6410220912,1.57,5.81,HOLD,
549,원유개발,KGS,NYS0230628002,코디악 가스 서비시스,6238985951,-0.65,61.1,BUY,
549,원유개발,MGY,US20180801012,매그놀리아 오일 앤 가스,6184456812,0,26.01,BUY,생산 호조와 인수
549,원유개발,VAL,US20210503017,발라리스,5960379632,1.46,86.8,HOLD,
549,원유개발,OII,US19751030001,오셔니어링 인터내셔널,5105211289,-0.7,50.76,HOLD,
549,원유개발,CRC,US20201028012,캘리포니아 리소시스,4788912662,0.71,54.13,BUY,크림슨 인수 발표
549,원유개발,PAM,US19900918001,팜파 에네르히아(ADR),4513493578,-3.51,79.81,BUY,
549,원유개발,SEI,US20170509002,솔라리스 에너지 인프라스트럭처,4502007553,0.32,58.79,BUY,원자력 기술 협력
549,원유개발,PTEN,US19931102001,패터슨 UTI 에너지,4205634994,0.64,11.06,BUY,
549,원유개발,HP,US19630320001,헬머리치 앤 페인,4198635197,1.65,42.56,HOLD,목표가 상향
549,원유개발,CRGY,US20211208002,크레센트 에너지,4047911244,1.72,12.42,BUY,
549,원유개발,NESR,US20170605001,내셔널 에너지 서비스 리유나이티드,3621564301,0.61,36.01,,
549,원유개발,ARLP,US20161108001,얼라이언스 리소스 파트너스,3200268725,-0.24,24.73,,
549,원유개발,BTE,NYS0230223001,베이텍스 에너지,3070903983,0.46,4.4,BUY,
549,원유개발,GPOR,US20210518008,걸프포트 에너지,2981142719,1.93,171.26,BUY,
549,원유개발,SDRL,US20221014005,시드릴,2933843071,-0.13,46.7,BUY,
549,원유개발,WTTR,US20170419002,셀렉트 워터 솔루션즈,2902675771,1.05,21.11,BUY,
549,원유개발,TALO,US20180510003,탈로스 에너지,2611809183,-0.13,15.57,BUY,
549,원유개발,NOG,US20220217010,노던 오일 앤 가스,2511327413,3.24,24.25,BUY,
549,원유개발,INVX,US19971023001,이노벡스 인터내셔널,2046946843,3.33,30.14,BUY,
549,원유개발,FLOC,NYS0250116001,플로우코 홀딩스,2024255209,4.16,23.26,BUY,
549,원유개발,XPRO,US20211004017,엑스프로 그룹 홀딩스,2012233747,2.3,18.26,HOLD,
549,원유개발,VET,US20090908002,버밀리언 에너지,1757026827,-0.96,11.35,BUY,
549,원유개발,KRP,US20170203002,킴벨 로열티 파트너스,1736747455,0.99,15.24,,
549,원유개발,KOS,US20110511001,코스모스 에너지,1499743201,1.99,2.56,BUY,
549,원유개발,HLX,US19970701002,헬릭스 에너지 솔루션즈 그룹,1478822956,1.9,10.19,,
549,원유개발,AESI,NYS0230308001,아틀라스 에너지 솔루션즈,1477534785,1.7,11.98,BUY,
549,원유개발,PUMP,US20170316002,프로페트로 홀딩,1430821916,0.34,11.65,BUY,
549,원유개발,VTOL,US20200612004,브리스토우 그룹,1383919969,-0.77,46.17,,
549,원유개발,RES,US19840611001,RPC,1367813894,2.93,6.33,HOLD,
549,원유개발,NBR,US19910228001,네이버스 인더스트리스,1333551412,-1.82,88.17,HOLD,
549,원유개발,TTI,US19900410001,테트라 테크놀로지스,1285173480,1.97,8.82,,
549,원유개발,BORR,US20190731008,보르 드릴링,1284377724,2.4,4.26,BUY,실적 부진 부담
549,원유개발,BH,US19951213001,비글래리 홀딩스 B,1232894883,-0.72,382.84,,
549,원유개발,BH.A,US20180501003,비글래리 홀딩스 A,1232894883,-1.38,1904.76,,
549,원유개발,NPKI,US19910919001,NPK 인터내셔널,1152727134,2.37,13.85,BUY,
549,원유개발,SBR,US19821217001,사빈 로열티 트러스트,1064537117,-0.18,72.64,,
549,원유개발,PDS,US20051107001,프리시전 드릴링,1040952682,2.0,83.02,,
549,원유개발,DEC,NYS0231218001,다이버시파이드 에너지,1018277354,2.16,14.65,BUY,
549,원유개발,HPK,US20200824001,하이피크 에너지,1004150255,4.29,8.26,BUY,2분기 실적 호조
549,원유개발,SOC,US20210419016,세이블 오프쇼어,958425090,-8.64,4.65,BUY,운영 제약 부담
549,원유개발,FET,US20120412001,포럼 에너지 테크놀로지스,884925540,5.93,83.07,,
549,원유개발,GFR,NYS0230921001,그린파이어 리소시스,816791945,2.47,6.65,BUY,
549,원유개발,REPX,US20210301021,라일리 익스플로레이션 퍼미언,804909183,0.86,36.52,BUY,
549,원유개발,OBE,US20220131013,업시디언 에너지,701368797,1.62,10.64,BUY,
549,원유개발,VTS,NYS0230117001,비테스 에너지,682290893,1.55,16.4,BUY,
549,원유개발,GRNT,US20221025001,그래닛 리지 리소시스,672325719,1.97,5.18,BUY,
549,원유개발,GPRK,US20140207001,지오파크,629019085,-3.62,9.31,BUY,
549,원유개발,EGY,US19920731001,발코 에너지,607794823,-0.34,5.79,BUY,
549,원유개발,WTI,US20050128002,W&T 오프쇼어,578557627,-0.26,3.81,BUY,
549,원유개발,CLB,NYS0230502001,코어 래브러토리스,562610751,1.72,12.43,,
549,원유개발,NUAI,US20220105004,뉴 에라 에너지 & 디지털,546793378,-2.79,5.23,BUY,
549,원유개발,OIS,US20010208001,오일 스테이츠 인터내셔널,535665751,-0.34,8.82,,
549,원유개발,SD,US20161004001,샌드리지 에너지,534578904,-0.35,14.32,HOLD,
549,원유개발,RNGR,US20170810003,레인저 에너지 서비시스,389321464,3.26,17.12,,
549,원유개발,REI,US20130904002,링 에너지,355535591,0.74,1.37,BUY,
549,원유개발,PNRG,US19950818014,프라임에너지 리소시스,320914765,-1.42,194.86,SELL,
549,원유개발,GTE,US20051114001,그랜 티에라 에너지,317728777,6.48,9.53,HOLD,
549,원유개발,SND,US20161104003,스마트 샌드,197973434,1.31,4.65,,매출 급증 흑자전환
549,원유개발,KGEI,NAS0231011006,콜리브리 글로벌 에너지,186937278,2.3,5.33,,
549,원유개발,EPSN,US20190219001,엡실론 에너지,176644015,1.55,5.91,,
549,원유개발,AMPY,US20190807002,앰플리파이 에너지,172338248,8.41,4.51,,매출 증가 흑자전환
549,원유개발,TUSK,US20161014001,매머드 에너지 서비시스,162257122,-2.38,3.28,,
549,원유개발,PED,US20130911001,페데브코,148829516,2.06,11.39,,
549,원유개발,EPM,US19960411001,에볼루션 페트롤리엄,134259065,1.07,3.77,BUY,
549,원유개발,NCSM,US20170424001,NCS 멀티스테이지 홀딩스,132908913,2.24,51.6,,
549,원유개발,SJT,US19801024002,산 후안 베이슨 로열티 트러스트,121593862,3.85,2.7,,
549,원유개발,EP,US20220308002,엠파이어 페트롤리엄,110198960,-3.99,2.65,,
549,원유개발,NRT,US19960329002,노스 유러피언 오일 로열티 트러스트,83825797,0.33,9.12,,
549,원유개발,DTI,US20211229006,드릴링 툴스 인터내셔널,80716295,7.46,2.45,,
549,원유개발,PROP,NAS0231228002,프레리 오퍼레이팅,79921860,9.2,0.89,BUY,워런트 희석 부담
549,원유개발,GEOS,US19971121001,지오스페이스 테크놀로지스,73074439,-4.97,5.35,,
549,원유개발,BSIN,US19900326054,빅 스카이 인더스트리얼,63522427,18.18,1.43,BUY,
549,원유개발,CRT,US19920227001,크로스 팀버스 로열티 트러스트,59661659,0.5,9.96,,
549,원유개발,PVL,US20180914005,퍼미언빌 로열티 트러스트,57945859,-0.57,1.74,,
549,원유개발,VOC,US20110505004,VOC 에너지 트러스트,54243344,-1.57,3.13,,
549,원유개발,MIND,US19941219001,마인드 테크놀로지,45781800,-3.78,4.83,,
549,원유개발,INDO,US20191219003,인도네시아 에너지,45081951,1.37,2.96,,
549,원유개발,AGIG,US20020118001,아번디아 글로벌 임팩트 그룹,38780270,1.67,0.89,BUY,
549,원유개발,BATL,US20200220001,바탈리언 오일,31151871,-3.55,1.36,,우선주 구조 정리
549,원유개발,PRT,US20180501005,펌록 로열티 트러스트,27221592,-1.35,2.2,,
549,원유개발,EONR,US20220404005,EON 리소시스,24878382,-2.06,0.486,,
549,원유개발,MXC,US19970305001,멕스코 에너지,19441332,0.32,9.5,,
549,원유개발,BRN,US19840907022,반웰 인더스트리스,13895496,0.84,0.9701,,실적 개선
549,원유개발,TPET,AMX0230418002,트리오 페트롤리엄,11535304,1.81,0.2644,,
549,원유개발,MARPS,US20190131001,마린 페트롤리엄 트러스트,9692962,0.21,4.84,,
549,원유개발,MTR,US19791015001,메사 로열티 트러스트,5329245,-0.35,2.84,,
549,원유개발,RCON,US20090731001,레콘 테크놀로지,3228185,-12.68,0.031,,
227,음식점브랜드,MCD,US19660705001,맥도날드,194352560003,0.16,274.15,BUY,
227,음식점브랜드,SBUX,US19920626001,스타벅스,119705610188,1.92,106.66,HOLD,
227,음식점브랜드,CMG,US20060126001,치폴레 멕시칸 그릴,40808468926,-0.44,32.0,BUY,
227,음식점브랜드,YUM,US19970917002,염 브랜즈,39795224278,-0.4,144.75,BUY,타코벨 방문 감소
227,음식점브랜드,QSR,US20141216001,레스토랑 브랜즈 인터내셔널,25496692549,0.65,73.33,BUY,
227,음식점브랜드,DRI,US19950515001,다든 레스토랑,25049864238,0.43,218.9,BUY,
227,음식점브랜드,YUMC,US20161101003,염 차이나 홀딩스,16882475311,-1.25,47.59,BUY,
227,음식점브랜드,TXRH,US20041005002,텍사스 로드하우스,13664051598,1.14,209.82,BUY,
227,음식점브랜드,DPZ,US20040713001,도미노 피자,11546509225,2.73,357.34,BUY,투자의견 하향
227,음식점브랜드,EAT,US19890728001,브링커 인터내셔널,9791784395,-2.71,221.38,BUY,UBS 목표가 상향
227,음식점브랜드,BROS,US20210914002,더치 브로스,9604291250,-3.35,49.57,BUY,
227,음식점브랜드,CAVA,NYS0230615002,카바 그룹,7196785501,-1.25,60.81,BUY,실적 예상 상회
227,음식점브랜드,CAKE,US19831207001,치즈케이크 팩토리,5551649712,1.96,113.06,HOLD,
227,음식점브랜드,WING,US20150612001,윙스탑,3212402065,-5.24,111.36,BUY,
227,음식점브랜드,SHAK,US20150130001,쉐이크쉑,3068355294,0.45,71.77,BUY,
227,음식점브랜드,FCPT,US20151110003,포 코너스 프라퍼티 트러스트,2697050531,0.16,24.53,BUY,
227,음식점브랜드,CHA,NAS0250417002,차지 홀딩스 (ADR),1954299174,0.29,10.24,BUY,
227,음식점브랜드,ARCO,US20110414001,아르코스 도라도스 홀딩스,1705816604,-1.98,7.91,BUY,
227,음식점브랜드,BJRI,US19961009001,BJS 레스토랑,1465397073,-1.63,67.53,BUY,
227,음식점브랜드,WEN,US19810527001,웬디스,1396611095,3.42,7.55,HOLD,목표가 하향
227,음식점브랜드,CBRL,US19840907012,크래커 배럴 올드 컨트리 스토어,1258169574,-0.12,56.03,HOLD,
227,음식점브랜드,BH,US19951213001,비글래리 홀딩스 B,1232894883,-0.72,382.84,,
227,음식점브랜드,BH.A,US20180501003,비글래리 홀딩스 A,1232894883,-1.38,1904.76,,
227,음식점브랜드,BLMN,US20120808001,블루민 브랜즈,946742536,0.91,11.12,HOLD,
227,음식점브랜드,HDL,NAS0240517003,슈퍼 하이 인터내셔널 홀딩(ADR),835205751,4.45,13.37,,
227,음식점브랜드,PZZA,US19930608001,파파 존스 인터내셔널,787845186,1.97,24.32,HOLD,목표가 하향
227,음식점브랜드,FWRG,US20211001004,퍼스트 와치 레스토랑 그룹,744918449,-2.08,11.78,BUY,
227,음식점브랜드,SG,US20211117012,스위트그린,650975492,-1.1,5.39,HOLD,매출 반등 전망
227,음식점브랜드,CNNE,US20171120002,칸나에 홀딩스,645911622,1.3,14.84,BUY,아웃퍼폼 재확인
227,음식점브랜드,KRUS,US20190731001,쿠라 스시 USA,591997011,1.73,49.4,BUY,
227,음식점브랜드,DNUT,US20210630006,크리스피 크림,546637659,-1.59,3.09,HOLD,
227,음식점브랜드,LOCO,US20140724001,엘 폴로 로코 홀딩스,464149487,-2.43,14.83,BUY,목표가 상향
227,음식점브랜드,DIN,US19930331001,다인 브랜즈 글로벌,454988634,0.06,35.84,HOLD,
227,음식점브랜드,NATH,US19930226001,네이선스 페이머스,401288085,-0.15,97.45,,
227,음식점브랜드,PLAY,US20141021001,데이브 앤 버스터스 엔터테인먼트,343830799,1.83,10.03,HOLD,
227,음식점브랜드,JACK,US19920301001,잭 인 더 박스,341427348,0.11,17.86,HOLD,
227,음식점브랜드,PTLO,US20211020012,포틸로스,341379521,0.67,4.51,HOLD,
227,음식점브랜드,RICK,US19951013002,RCI 호스피털리티 홀딩스,207715146,1.37,27.45,,
227,음식점브랜드,RRGB,US20020719001,레드 로빈 고메 버거스,150541005,-3.45,7.83,BUY,
227,음식점브랜드,HCHL,NAS0250624004,해피 시티 홀딩스 ,118296968,0,3.96,,
227,음식점브랜드,MB,NAS0250410007,마스터비프 그룹,117049632,-6.62,6.35,,
227,음식점브랜드,NDLS,US20130628002,누들스 앤드 컴퍼니,96329155,-3.17,15.58,,
227,음식점브랜드,BDL,US19840907021,플래니건스 엔터프라이지스,76462975,1.46,41.6,,
227,음식점브랜드,GENK,NAS0230628002,젠 레스토랑 그룹,60199080,9.89,2.0,BUY,
227,음식점브랜드,STKS,US20150508001,원 그룹 호스피털리티,56915730,0,1.79,BUY,
227,음식점브랜드,RAVE,US20150112001,레이브 레스토랑 그룹,44062672,0.32,3.1,,
227,음식점브랜드,ARKR,US19851213001,아크 레스토랑스,21167565,0.85,5.9,,
227,음식점브랜드,PETZ,US20170921007,TDH 홀딩스,17505492,-8.88,1.54,,
227,음식점브랜드,SDOT,US20200211001,사닷 그룹,16346210,-1.92,12.27,,
227,음식점브랜드,GTIM,US19950818004,굿 타임스 레스토랑,15572743,0.68,1.48,,
227,음식점브랜드,BTBD,US20211112005,BT 브랜즈,7757124,4.0,1.3,,
169,반도체,NVDA,US19990122001,엔비디아,5282565301349,-0.02,217.5,BUY,AI인프라 조달
169,반도체,TSM,US19971008002,TSMC(ADR),2177744646763,0.86,422.06,BUY,
169,반도체,AVGO,US20090806002,브로드컴,2016417454666,-1.5,416.08,BUY,
169,반도체,SKHYV,NAS2607010002,SK하이닉스(ADR),989426439512,4.7,141.65,BUY,
169,반도체,MU,US19890516001,마이크론 테크놀로지,975705429962,0.87,868.52,BUY,CXMT 추격 부담
169,반도체,AMD,US20150102001,AMD,769144723467,1.01,474.32,BUY,
169,반도체,ASML,US19950315001,ASML 홀딩(ADR),668087834047,3.8,1799.38,BUY,AI수요 부각
169,반도체,INTC,US19711013001,인텔,493559131412,0.19,97.71,HOLD,
169,반도체,AMAT,US19721012001,어플라이드 머티리얼즈,415948020059,0.67,525.61,BUY,목표가 상향
169,반도체,LRCX,US19840504001,램 리서치,384705074347,1.64,311.41,BUY,목표주가 상향
169,반도체,ARM,NAS0230914001,ARM 홀딩스(ADR),287055154821,0.4,268.93,BUY,
169,반도체,TXN,US19531001001,텍사스 인스트루먼츠,256979783951,0.29,281.24,HOLD,
169,반도체,KLAC,US19801008001,KLA,252677889252,4.01,200.47,BUY,목표가 상향
169,반도체,ADI,US19790403001,아날로그 디바이스,187639120250,0.36,385.3,BUY,실적 상방 전망
169,반도체,SNDK,NAS0250224006,샌디스크,183945015405,2.68,1271.05,BUY,AI 메모리 호조
169,반도체,MRVL,US20000627001,마벨 테크놀로지,183269303427,1.8,212.31,BUY,AI인프라 수혜
169,반도체,QCOM,US19911213001,퀄컴,170856000741,0.31,162.68,HOLD,
169,반도체,SITM,US20191120002,싸이타임,140447619083,-3.31,667.1,BUY,
169,반도체,ASX,US20180501002,ASE 테크놀로지 홀딩(ADR),84309375409,2.82,38.65,BUY,7월 매출 호조
169,반도체,MPWR,US20041119001,모놀리식 파워 시스템,68101583625,1.52,1402.11,BUY,매수의견 개시
169,반도체,COHR,US19871002001,코히런트,63827866197,1.05,328.57,BUY,광학 수요 부각
169,반도체,NXPI,US20100806001,NXP 세미컨덕터스,59062316344,1.26,236.38,BUY,
169,반도체,TER,US20181127001,테라다인,57273595076,3.96,379.56,BUY,
169,반도체,ALAB,NAS0240320001,아스테라 랩스,55221330048,-1.65,311.99,BUY,
169,반도체,STM,US19941208001,ST 마이크로일렉트로닉스(ADR),48674353439,1.27,55.04,BUY,
169,반도체,UMC,US20000919001,UMC(ADR),47424606381,0.8,18.94,SELL,매수의견 상향
169,반도체,MCHP,US19930326002,마이크로칩 테크놀로지,46420689316,-0.45,81.02,BUY,실적 호조
169,반도체,CRDO,US20220126002,크리도 테크놀로지 그룹 홀딩,44894319215,3.23,247.69,BUY,
169,반도체,CLS,US19980630001,셀레스티카,39807848563,-1.34,310.38,BUY,AI 확장 기반 강화
169,반도체,ON,US20150407001,온 세미컨덕터,31164626900,1.67,81.11,HOLD,
169,반도체,TSEM,US19941025001,타워 세미컨덕터,28590577005,-1.18,249.58,,매수의견 개시
169,반도체,Q,NYS0251103004,큐니티 일렉트로닉스,28206691772,2.88,138.24,BUY,
169,반도체,GFS,US20211027013,글로벌파운드리스,27555615876,1.54,50.82,BUY,목표주가 하향
169,반도체,MTSI,US20120315001,메이컴 테크놀로지 솔루션즈 홀딩스,22761392134,0.98,299.93,BUY,
169,반도체,ENTG,US20000711002,인테그리스,22110020835,4.16,150.21,BUY,
169,반도체,DD,US20190603005,듀폰,19180162898,2.08,144.49,BUY,
169,반도체,LSCC,US19891101001,래티스 세미컨덕터,18287135820,-1.71,126.12,BUY,
169,반도체,ONTO,US20191028002,온투 이노베이션,14346272891,9.76,319.79,BUY,
169,반도체,AMKR,US19980501001,앰코 테크놀로지,13180231954,2.7,54.3,HOLD,중국사업부 매각검토
169,반도체,NVMI,US20000411003,노바,12280519444,2.9,395.95,BUY,
169,반도체,SMTC,US19920317010,셈텍,12269425015,-0.07,131.18,BUY,
169,반도체,RMBS,US19970514001,램버스,10435656085,0.55,96.42,BUY,
169,반도체,SWKS,US19840907014,스카이웍스 솔루션즈,10386128240,-0.67,68.33,HOLD,인수차입 부담
169,반도체,SOLS,NAS0251030004,솔스티스 어드밴스드 머터리얼즈,9614169611,1.31,61.11,BUY,
169,반도체,FORM,US20030612001,폼팩터,8816036529,7.65,121.07,BUY,
169,반도체,QRVO,US20150105001,코보,8586078613,-0.32,96.68,HOLD,
169,반도체,ALGM,US20201029003,알레그로 마이크로시스템즈,7941473399,0.14,42.52,BUY,
169,반도체,SIMO,US20050630001,실리콘 모션 테크놀로지(ADR),7863553292,-2.87,224.0,BUY,
169,반도체,CAMT,US20000728002,캠텍,7401413069,3.99,164.41,BUY,2027 전망 상향
169,반도체,SLAB,US20000324001,실리콘 래버러토리스,7228652759,0.23,218.94,HOLD,실적 예상 상회
169,반도체,MXL,US20211213009,맥스리니어,6228093218,0.85,69.02,BUY,
169,반도체,CRUS,US19890608001,시러스 로직,6127033271,0.12,121.99,BUY,
169,반도체,ACMR,US20171107001,ACM 리서치,5549600546,0.64,79.92,BUY,실적 호조 전망
169,반도체,PI,US20160721001,임핀지,5403479286,-1.2,174.14,BUY,
169,반도체,VSH,US19840124001,비샤이 인터테크놀로지,5100224575,0.45,33.29,BUY,
169,반도체,AXTI,US19980521001,AXT,4845262409,-0.04,73.78,BUY,
169,반도체,DIOD,US19920317002,다이오즈,4664224385,2.19,103.15,BUY,
169,반도체,KLIC,US19900326028,쿨리케 앤 소파 인더스트리스,4541819997,5.23,91.02,,
169,반도체,ACLS,US20000711001,액셀리스 테크놀로지스,4110322585,2.04,135.36,HOLD,
169,반도체,UCTT,US20040325001,울트라 클린 홀딩스,3737574340,4.61,86.06,BUY,
169,반도체,AMBA,US20121010001,암바렐라,3611151747,1.04,82.89,BUY,
169,반도체,AEHR,US19970815001,에흐르 테스트 시스템즈,3476040960,10.34,117.18,BUY,
169,반도체,POWI,US19971212001,파워 인티그레이션,3474211262,2.1,63.27,BUY,
169,반도체,NVTS,US20211020011,나비타스 세미컨덕터,3450263277,3.26,13.6,HOLD,
169,반도체,VECO,US19941220001,비코 인스트루먼츠,3026365686,1.64,50.15,BUY,
169,반도체,LASR,US20180426004,엔라이트,2952467968,-3.51,49.21,BUY,
169,반도체,HIMX,US20060331001,하이맥스 테크놀로지스(ADR),2578007490,1.7,14.98,BUY,자동차 IC 호조
169,반도체,ICHR,US20161209001,아이코어 홀딩스,2434137904,4.23,67.51,BUY,
169,반도체,COHU,US19861112001,코후,2349774621,6.77,52.82,BUY,
169,반도체,ROG,US19800317004,로저스,2302254618,5.18,135.06,BUY,
169,반도체,PDFS,US20010726001,PDF 솔루션즈,2018103576,3.19,49.15,BUY,아웃퍼폼 의견
169,반도체,PLAB,US19870310001,포트로닉스,1897970655,2.84,32.99,BUY,
169,반도체,IMOS,US20010619001,칩모스 테크놀로지스(ADR),1863001935,11.74,59.28,,2분기 흑자전환
169,반도체,AMBQ,NYS0250729001,앰빅 마이크로,1529369733,2.14,65.29,BUY,
169,반도체,POET,US20220314008,포엣 테크놀로지스,1482427344,0.35,8.59,,
169,반도체,AIP,US20211026001,아터리스,1338019089,1.18,27.45,BUY,매수의견 상향
169,반도체,AOSL,US20100429001,알파 앤 오메가 세미컨덕터,1037874276,0.81,34.84,BUY,
169,반도체,CEVA,US20021101001,세바,892287027,-3.41,30.83,BUY,실적 상회·가이던스
169,반도체,INDI,US20210611003,인디 세미컨덕터,865253640,2.42,3.81,BUY,가이던스 웃돈 매출
169,반도체,ALMU,NAS0250327001,앨루마,316837955,5.45,18.19,BUY,
169,반도체,ASYS,US19840907006,암테크 시스템즈,264729882,2.05,15.4,,
169,반도체,GSIT,US20070329001,GSI 테크놀로지,255654689,-0.75,6.59,,
169,반도체,QUIK,US19991015001,퀵로직,251623830,3.42,14.23,BUY,실적 예상 하회
169,반도체,SVCO,NAS0240509005,실바코 그룹,250585024,2.99,7.59,,
169,반도체,GCTS,US20211227003,GCT 세미컨덕터 홀딩,226080342,-16.73,2.04,,
169,반도체,ATOM,US20161114001,아토메라,210269827,3.72,5.57,,
169,반도체,VLN,US20210930019,발렌스 세미컨덕터,181428320,0.6,1.68,BUY,
169,반도체,QSI,US20210611006,퀀텀 Si,172635821,3.81,0.8202,,
169,반도체,MX,US20110311001,매그나칩 세미컨덕터,134040507,6.56,3.9,,유동성 부담
169,반도체,TRT,US19950424001,트리오 테크 인터내셔널,107557096,5.47,11.18,,
169,반도체,ICG,NAS0230316002,인트체인스 그룹(ADR),54082851,1.37,0.9,,
169,반도체,NA,US20220707001,나노 랩스,42160005,1.1,1.83,,
169,반도체,PXLW,US20000519001,픽셀웍스,41182211,-6.67,6.02,,트루컷 협력 확대
169,반도체,SQNS,US20110415001,시퀀스 커뮤니케이션스(ADR),40920903,0,2.72,,
169,반도체,DAIO,US19810505001,데이터 인아웃,27241959,1.04,2.92,,
169,반도체,WIMI,US20190725001,와이마이 홀로그램 클라우드,24903999,-1.48,1.33,,
169,반도체,PRSO,US20211220018,페라소,10739836,1.14,0.7171,BUY,실적 추정치 상회
291,자동차브랜드,TSLA,US20100629001,테슬라,1311258352205,0.58,332.81,HOLD,자율주행 안전 우려
291,자동차브랜드,TM,US19791004001,토요타 모터(ADR),224305556377,0.55,189.82,BUY,
291,자동차브랜드,GM,US20101118002,제너럴 모터스,77442396226,1.58,89.35,BUY,배터리 공동개발
291,자동차브랜드,RACE,US20151021002,페라리,72356302768,0.86,410.26,BUY,
291,자동차브랜드,PCAR,US19860709001,파카,69314422205,0.98,132.53,HOLD,
291,자동차브랜드,F,US19720601002,포드,56647891685,0.94,13.98,HOLD,
291,자동차브랜드,HMC,US19770211001,혼다 모터스(ADR),41301763758,-0.06,31.7,BUY,
291,자동차브랜드,STLA,US20210119007,스텔란티스,16257688623,-2.33,5.45,HOLD,
291,자동차브랜드,BLBD,US20150226001,블루 버드,2076413997,1.3,66.18,BUY,
291,자동차브랜드,PSNY,US20210513002,폴스타 오토모티브 홀딩 A(ADR),2014420981,-0.51,13.77,SELL,
291,자동차브랜드,DCX,US20220107002,디지털 커런시 X 테크놀로지,345045215,-0.51,0.9731,,
51,식품포장재,AMCR,US20190611003,앰코,21854976229,0.62,47.4,BUY,매수의견 개시
51,식품포장재,BALL,US19731217001,볼,16621316857,0.51,62.9,BUY,
51,식품포장재,CCK,US19480129001,크라운 홀딩스,13129354870,-0.25,120.01,BUY,
51,식품포장재,ATR,US19930401002,앱타그룹,8528351525,0.8,134.75,BUY,
51,식품포장재,SON,US19950308001,소노코 프로덕츠,5741302276,-0.12,57.8,BUY,
51,식품포장재,GPK,US19921210001,그래픽 패키징 홀딩,3538171608,0.42,11.96,HOLD,
51,식품포장재,AMBP,US20210805002,아르다 메탈 패키징,2980675193,1.61,5.05,HOLD,
51,식품포장재,OI,US19911211002,O I 글래스,1079266195,2.14,7.15,HOLD,
51,식품포장재,KRT,US20210413002,카랫 패키징,962167264,4.05,50.06,BUY,온라인 매출 성장
51,식품포장재,BLNE,US20180104001,비라인 홀딩스,36029503,-0.89,1.11,,
51,식품포장재,YHGJ,US19971105001,윈훙 그린 CTI,9084783,-3.17,3.36,,
81,통신,CSCO,US19900216001,시스코 시스템즈,484740089554,-1.75,120.43,BUY,네트워킹 수요 전망
81,통신,APH,US19911108001,암페놀,207472592158,-0.28,167.23,BUY,
81,통신,VZ,US19831121001,버라이즌,196072383215,0.51,47.27,BUY,후순위채 발행 부담
81,통신,TMUS,US20151027001,T 모바일,191798368295,0.21,178.58,BUY,
81,통신,T,US19461101001,AT&T,167413941313,1.87,24.5,BUY,
81,통신,GLW,US19450521001,코닝,136353503895,0.91,159.19,BUY,폴리실리콘 수혜 기대
81,통신,CMCSA,US19880707001,컴캐스트,89728929338,1.79,25.65,HOLD,
81,통신,MSI,US19910920001,모토로라,76714117245,1.06,466.86,BUY,
81,통신,AMX,NYS0230316001,아메리카 모빌 L(ADR),71861531614,-1.93,23.43,BUY,
81,통신,COHR,US19871002001,코히런트,63827866197,1.05,328.57,BUY,광학 수요 부각
81,통신,LITE,US20150805002,루멘텀 홀딩스,63505730140,0.87,820.59,BUY,가이던스 상회
81,통신,TEL,US20070614002,TE 커넥티비티,62247293064,2.06,218.69,BUY,
81,통신,CIEN,US20131223002,시에나,55066193998,-0.04,387.53,BUY,
81,통신,NOK,US19940701001,노키아(ADR),51288984185,3.4,9.44,BUY,이익전망 상향
81,통신,VOD,US19881026001,보다폰 그룹(ADR),36571692080,0.95,15.9,HOLD,
81,통신,UI,US20190820002,유비퀴티,34643129118,0.49,573.26,,
81,통신,CHT,US20030717001,중화 텔레콤(ADR),32956424752,0.12,42.39,,
81,통신,ERIC,US19890928001,에릭슨 B(ADR),30186005848,0.9,10.07,HOLD,
81,통신,ASTS,US20210407001,AST 스페이스모바일,26777956232,4.17,71.63,HOLD,실적 실망
81,통신,ECHO,US20071231001,에코스타,25985077313,-1.31,87.98,BUY,
81,통신,BCE,US19830502001,BCE,21090418450,3.68,23.37,HOLD,
81,통신,SBAC,US19990616001,SBA 커뮤니케이션스,19272393848,0.51,181.97,BUY,
81,통신,VIV,US20201130008,텔레포니카 브라질(ADR),19126440092,-2.43,11.64,HOLD,
81,통신,FN,US20100625003,패브리넷,18948828931,-0.23,525.88,BUY,
81,통신,CHTR,US19991108001,차터 커뮤니케이션스,18346057376,2.87,157.69,HOLD,
81,통신,TIGO,US20190109002,밀리콤 인터내셔널 셀룰러,16118354392,-0.89,95.03,HOLD,
81,통신,TU,US19960611001,텔러스,15151390552,0.52,9.64,HOLD,
81,통신,RCI,US19960207001,로저스 커뮤니케이션스,14905010022,1.99,35.31,HOLD,
81,통신,TLK,US19951114001,텔콤 인도네시아(ADR),14787834175,-2.14,14.63,,
81,통신,SKM,US19960627003,SK텔레콤(ADR),12806726993,1.14,33.67,SELL,
81,통신,VSAT,US19961203001,비아샛,11724766806,-0.35,84.52,BUY,
81,통신,AAOI,US20130925001,어플라이드 옵토일렉트로닉스,11269732554,1.14,134.33,BUY,목표가 상향
81,통신,GSAT,US20140421001,글로벌스타,10896185114,-0.3,83.56,BUY,
81,통신,VIAV,US20150805004,비아비 솔루션즈,9207828931,3.23,38.4,BUY,
81,통신,IDCC,US19900326024,인터디지털,9017421215,-2.92,338.07,BUY,
81,통신,KT,US19990525001,KT(ADR),8854057023,1.31,18.54,BUY,
81,통신,TIMB,US20201016008,팀 브라질(ADR),8815318241,-1.9,18.04,HOLD,
81,통신,LUMN,US20200918009,루멘 테크놀로지스,6872025228,-3.92,6.38,HOLD,목표주가 하향
81,통신,LILAP,NAS2606017004,리버티 라틴 아메리카 우선주 A (9.0% 누적 상환),5819739288,1.4,20.94,,
81,통신,LILA,US20150706003,리버티 라틴 아메리카 A,5819739288,0.71,8.57,,
81,통신,LILAK,US20150706004,리버티 라틴 아메리카 C,5819739288,0.47,8.47,HOLD,
81,통신,IRDM,US20080320001,이리디움 커뮤니케이션스,5243689991,0.12,49.38,HOLD,현금배당 결정
81,통신,TKC,US20000711003,투르크젤 을레티심 히즈메틀레리(ADR),4850538102,-1.45,5.42,,
81,통신,TDS,US19910918002,텔레폰 앤 데이터 시스템즈,4769707017,-1.1,33.33,BUY,
81,통신,NNI,US20031211001,넬넷,4548629360,-1.08,125.33,,
81,통신,PHI,US19941019001,PLDT(ADR),4266398264,-0.61,19.56,,
81,통신,VEON,US20170331001,베온(ADR),3862395867,1.27,56.61,BUY,
81,통신,LBTYK,NAS0231124003,리버티 글로벌 C,3489163258,-0.1,9.98,,
81,통신,LBTYA,US20040608001,리버티 글로벌 A,3489163258,0.39,10.19,HOLD,
81,통신,LBTYB,US20040608002,리버티 글로벌 B,3489163258,-3.79,12.7,,
81,통신,KN,US20140303001,놀스,3278881836,0.81,38.57,,
81,통신,EXTR,US19990409001,익스트림 네트웍스,3088957001,1.53,23.9,,
81,통신,KYIV,NAS0250815003,키이우스타 그룹,3053102182,-0.61,13.1,,
81,통신,AD,US19880511002,ARRAY DIGITAL INFRASTRUCTURE INC,3042236632,-0.6,34.85,BUY,
81,통신,TSAT,US20211119007,텔레셋,2933466668,4.83,59.48,BUY,
81,통신,IHS,US20211013004,IHS 홀딩스,2794270900,0.12,8.31,BUY,
81,통신,COMM,US20131024001,비스탄스 네트웍스,2642686019,2.45,11.7,HOLD,
81,통신,PLPC,US19990428001,프리폼드 라인 프로덕츠,2269330179,3.92,480.77,BUY,
81,통신,ATEX,US20190617001,안테릭스,1815399439,0.16,92.94,BUY,순이익 급감
81,통신,TEO,US19941209001,텔레콤 아르헨티나(ADR),1802337917,-5.59,13.5,BUY,
81,통신,BAND,US20171109001,밴드위스,1702002176,-2.07,51.62,,
81,통신,IDT,US20010516001,IDT,1618196078,0.85,65.4,,
81,통신,HLIT,US19950523001,하모닉,1262827068,-1.29,11.45,,
81,통신,ITRN,US20050928001,이투란 로케이션 앤 콘트롤,1029766397,1.64,52.66,BUY,
81,통신,GLIBA,NAS0250715002,GCI 리버티 A,1002565719,-1.65,25.0,,
81,통신,GLIBA,NAS0250715003,GCI 리버티 C,1002565719,-1.38,24.93,BUY,
81,통신,GILT,US19930326001,길라트 새털라이트 네트웍스,835267797,1.63,11.21,,
81,통신,SHEN,US19930412001,셰넌도어 텔레커뮤니케이션스,739403105,0.45,13.37,BUY,
81,통신,ITG,NAS2607001005,ITG,639206153,-5.93,12.37,BUY,
81,통신,ADTN,US19940809003,애드트랜,623811645,1.7,7.76,BUY,
81,통신,OOMA,US20150717004,우마,595462689,-2.55,21.03,,
81,통신,CCOI,US20020201001,코젠트 커뮤니케이션스 홀딩스,529311175,5.05,10.82,HOLD,
81,통신,ATNI,US19911101001,ATN 인터내셔널,495554184,-2.55,31.29,,
81,통신,CLFD,US19860807001,클리어필드,392408421,2.33,29.46,,
81,통신,RBBN,US20171129001,리본 커뮤니케이션스,367831157,-2.93,1.99,BUY,
81,통신,ATUS,US20170619002,옵티멈 커뮤니케이션즈,298946644,5.83,0.8266,HOLD,
81,통신,BKTI,AMX0230424001,BK 테크놀로지스,281767235,3.13,77.35,,
81,통신,AVNW,US19910207001,아비아트 네트웍스,271351958,0.48,21.0,BUY,
81,통신,AUDC,US19990528001,오디오코드,244815456,-0.5,9.95,,
81,통신,SILC,US19940228001,실리콤,239297039,9.86,45.91,BUY,
81,통신,CXDO,US20200708003,크레센도,210209393,2.06,6.43,BUY,
81,통신,CABO,US20150702004,케이블 원,203473830,-5.18,33.89,HOLD,
81,통신,CRNT,US20000804002,세라건 네트웍스,192436138,3.79,2.19,BUY,실적 예상 상회
81,통신,RDCM,US19970924001,래드콤,169798918,-0.59,10.05,,CETIN 다년계약
81,통신,AMPG,US20210217002,앰플리테크 그룹,144666745,9.14,6.21,,
81,통신,SANG,US20211216015,상고마 테크놀로지스,138241453,0.24,4.15,BUY,
81,통신,KVHI,US19960402002,KVH 인더스트리,138156878,2.11,7.75,,
81,통신,OCC,US19960402003,옵티컬 케이블,136132537,3.77,15.95,,
81,통신,RFIL,US19970528001,RF 인더스트리스,135186127,2.82,12.77,HOLD,
81,통신,LGL,US19920317024,LGL 그룹,92767941,-1.09,7.25,,
81,통신,PCLA,NAS0250116005,피코세라(ADR),87878798,-25.14,6.82,,
81,통신,GNSS,US20191023002,제나시스,74942202,1.83,1.67,BUY,
81,통신,AIRG,US20160811001,에어게인,71901309,-2.38,5.34,,
81,통신,CMTL,US19920218001,컴테크 텔레커뮤니케이션스,51708437,0.58,1.73,BUY,
81,통신,NTIP,US20141119001,네트워크 1 테크놀로지스,36246340,-0.63,1.57,,
81,통신,UCL,US20200609002,유클라우드링크 그룹(ADR),29392287,5.06,0.8079,,상장폐지 위험
81,통신,FKWL,US20210329003,프랭클린 와이어리스,27964342,2.12,2.41,,
81,통신,MOBX,US20210813004,모빅스 랩스,23191571,-9.3,1.56,,
81,통신,UTSI,US20000303002,UT스타컴 홀딩스,22307883,0.41,2.43,,
81,통신,FNGR,US20211228002,핑거모션,17840306,0,0.29,,
81,통신,IOTR,NAS0250410006,아이오스리,13225802,11.44,3.02,,
81,통신,MTEK,US20220202004,메리스 테크,12452958,0.84,1.2,,
81,통신,CCTG,NAS0240118001,CCSC 테크놀로지 인터내셔널 홀딩스,10452691,-0.93,0.76,,
81,통신,SURG,US20211102008,서지페이스,7615063,-0.23,0.3014,BUY,
81,통신,CHAI,US20200925009,코어 AI 홀딩스,7279563,-3.68,0.3192,,ATM 공모 부담
59,전기차부품,BWA,US19930812001,보그워너,14157859187,0.58,69.68,BUY,목표가 상향
59,전기차부품,SEV,NAS0251016008,압테라 모터스,78706799,2.34,2.19,BUY,
59,전기차부품,SDST,US20210304004,스타더스트 파워,7292922,3.35,0.71,BUY,
59,전기차부품,FRSX,US20170615001,포어사이트 오토노모스 홀딩스(ADR),7120554,3.68,1.41,,
403,이동통신사,VZ,US19831121001,버라이즌,196072383215,0.51,47.27,BUY,후순위채 발행 부담
403,이동통신사,TMUS,US20151027001,T 모바일,191798368295,0.21,178.58,BUY,
403,이동통신사,T,US19461101001,AT&T,167413941313,1.87,24.5,BUY,
403,이동통신사,AMX,NYS0230316001,아메리카 모빌 L(ADR),71861531614,-1.93,23.43,BUY,
403,이동통신사,VOD,US19881026001,보다폰 그룹(ADR),36571692080,0.95,15.9,HOLD,
403,이동통신사,CHT,US20030717001,중화 텔레콤(ADR),32956424752,0.12,42.39,,
403,이동통신사,ECHO,US20071231001,에코스타,25985077313,-1.31,87.98,BUY,
403,이동통신사,BCE,US19830502001,BCE,21090418450,3.68,23.37,HOLD,
403,이동통신사,VIV,US20201130008,텔레포니카 브라질(ADR),19126440092,-2.43,11.64,HOLD,
403,이동통신사,TIGO,US20190109002,밀리콤 인터내셔널 셀룰러,16118354392,-0.89,95.03,HOLD,
403,이동통신사,TU,US19960611001,텔러스,15151390552,0.52,9.64,HOLD,
403,이동통신사,RCI,US19960207001,로저스 커뮤니케이션스,14905010022,1.99,35.31,HOLD,
403,이동통신사,TLK,US19951114001,텔콤 인도네시아(ADR),14787834175,-2.14,14.63,,
403,이동통신사,SKM,US19960627003,SK텔레콤(ADR),12806726993,1.14,33.67,SELL,
403,이동통신사,KT,US19990525001,KT(ADR),8854057023,1.31,18.54,BUY,
403,이동통신사,TIMB,US20201016008,팀 브라질(ADR),8815318241,-1.9,18.04,HOLD,
403,이동통신사,LILAP,NAS2606017004,리버티 라틴 아메리카 우선주 A (9.0% 누적 상환),5819739288,1.4,20.94,,
403,이동통신사,LILA,US20150706003,리버티 라틴 아메리카 A,5819739288,0.71,8.57,,
403,이동통신사,LILAK,US20150706004,리버티 라틴 아메리카 C,5819739288,0.47,8.47,HOLD,
403,이동통신사,TKC,US20000711003,투르크젤 을레티심 히즈메틀레리(ADR),4850538102,-1.45,5.42,,
403,이동통신사,TDS,US19910918002,텔레폰 앤 데이터 시스템즈,4769707017,-1.1,33.33,BUY,
403,이동통신사,NNI,US20031211001,넬넷,4548629360,-1.08,125.33,,
403,이동통신사,PHI,US19941019001,PLDT(ADR),4266398264,-0.61,19.56,,
403,이동통신사,VEON,US20170331001,베온(ADR),3862395867,1.27,56.61,BUY,
403,이동통신사,LBTYK,NAS0231124003,리버티 글로벌 C,3489163258,-0.1,9.98,,
403,이동통신사,LBTYA,US20040608001,리버티 글로벌 A,3489163258,0.39,10.19,HOLD,
403,이동통신사,LBTYB,US20040608002,리버티 글로벌 B,3489163258,-3.79,12.7,,
403,이동통신사,KYIV,NAS0250815003,키이우스타 그룹,3053102182,-0.61,13.1,,
403,이동통신사,TSAT,US20211119007,텔레셋,2933466668,4.83,59.48,BUY,
403,이동통신사,TEO,US19941209001,텔레콤 아르헨티나(ADR),1802337917,-5.59,13.5,BUY,
403,이동통신사,ATNI,US19911101001,ATN 인터내셔널,495554184,-2.55,31.29,,
403,이동통신사,UCL,US20200609002,유클라우드링크 그룹(ADR),29392287,5.06,0.8079,,상장폐지 위험
403,이동통신사,SURG,US20211102008,서지페이스,7615063,-0.23,0.3014,BUY,
283,폐기물처리,WM,US19910930001,웨이스트 매니지먼트,90882648012,0.11,226.85,BUY,
283,폐기물처리,RSG,US19980701002,리퍼블릭 서비스,65942317249,0.21,215.08,BUY,목표주가 상향
283,폐기물처리,WCN,US19871105008,웨이스트 커넥션스,41957658455,0.38,166.85,BUY,
283,폐기물처리,CLH,US19871124001,클린 하버스,16419545661,0.5,311.55,BUY,
283,폐기물처리,GFL,US20200302004,GFL 인바이런멘틀,14911866384,0.34,41.32,BUY,
283,폐기물처리,WTRG,US20200203011,에센셜 유틸리티스,11326998656,1.7,40.08,HOLD,
283,폐기물처리,CWST,US19971029001,카셀라 웨이스트 시스템즈,5746390791,2.81,92.52,BUY,목표가 상향
283,폐기물처리,BW,US20150702002,밥콕 앤 윌콕스 엔터프라이지스,1492618114,3.49,9.19,BUY,데이터센터 계약
283,폐기물처리,OIO,US20220407002,OIO 그룹,569199956,11.04,1.81,,
283,폐기물처리,ADUR,NAS0241107001,아두로 클린 테크놀로지스,551337387,0.84,15.69,BUY,
283,폐기물처리,ONT,US20200722006,온테리스,547575598,5.6,16.41,BUY,
283,폐기물처리,BBCP,US20181207001,콘크리트 펌핑 홀딩스,474799055,-0.64,9.33,HOLD,
283,폐기물처리,PESI,US19921208001,퍼마 픽스 인바이런멘틀 서비시스,378064995,-1.8,17.45,,
283,폐기물처리,YDDL,NAS0251009003,원앤원 그린 테크놀로지,100358715,-1.69,1.75,,
283,폐기물처리,SKYQ,NAS0241010011,스카이 쿼리,50940914,-5.63,3.52,,
283,폐기물처리,SCWO,US20220614001,374워터,37742906,7.91,2.32,,ATM 증자 부담
283,폐기물처리,LOOP,US20171120001,루프 인더스트리,31786908,0.21,0.6562,,
283,폐기물처리,QRHC,US20140519001,퀘스트 리소스 홀딩,31323301,-6.08,1.39,BUY,
283,폐기물처리,AWX,US19980521002,아발론 홀딩스,10955436,2.14,2.86,,
7,여행,BKNG,US20180227001,부킹 홀딩스,160496365562,-0.0,212.87,BUY,항공 부문 부담
7,여행,ABNB,US20201208001,에어비앤비,109265798634,0.15,184.98,BUY,체험·호텔 확장
7,여행,MAR,US20131021001,메리어트,91169562492,0.3,349.49,BUY,
7,여행,RCL,US19930427001,로열 캐리비안 크루즈,82654618089,-0.28,307.15,BUY,사채 발행 부담
7,여행,HLT,US20131212003,힐튼 월드와이드 홀딩스,70232576183,1.18,314.66,BUY,미국 수요 강세
7,여행,CCL,US19870724001,카니발,38136666650,-0.07,27.73,BUY,
7,여행,EXPE,US20050720001,익스피디아,37815090552,2.25,321.07,BUY,
7,여행,TCOM,US20191105003,트립닷컴(ADR),30902244652,-1.95,46.2,BUY,
7,여행,LVS,US20041215002,라스베이거스 샌즈,29544357041,0.57,45.72,BUY,
7,여행,IHG,US20030408001,인터컨티넨탈 호텔스 그룹(ADR),23202107577,0.15,155.87,BUY,
7,여행,FLUT,NYS0240129002,플러터 엔터테인먼트,16415014612,5.04,99.02,BUY,씨티 중립상향
7,여행,H,US20091105001,하얏트 호텔,16082142402,1.51,172.64,BUY,
7,여행,HST,US20201102001,호스트 호텔 앤 리조트,15584446233,-1.68,22.29,BUY,
7,여행,HTHT,US20100326001,화주호텔 그룹(ADR),13255435945,-3.28,41.6,BUY,
7,여행,DKNG,US20200424002,드래프트킹스,12089803809,4.41,25.34,BUY,
7,여행,MGM,US19971113001,MGM 리조트 인터내셔널,10946060060,1.78,44.13,BUY,
7,여행,WYNN,US20021025001,윈 리조트,10590620587,2.23,104.79,BUY,
7,여행,LTH,US20211006010,라이프 타임 그룹 홀딩스,9520373590,3.18,43.81,BUY,
7,여행,NCLH,US20171219003,노르웨이지언 크루즈 라인 홀딩스,8546823178,0.81,18.7,HOLD,
7,여행,NAVN,NAS0251030002,나반,7318958994,0.87,28.93,BUY,
7,여행,SGHC,US20220128006,슈퍼 그룹,6576419148,0.54,12.97,,
7,여행,RRR,US20160427002,레드 락 리조트,6458271463,2.86,63.04,BUY,
7,여행,CZR,US20120208002,시저스 엔터테인먼트,6146647522,-1.1,29.74,HOLD,
7,여행,CHDN,US19930329001,처칠 다운스,6040426894,2.61,88.62,BUY,
7,여행,BYD,US19931022001,보이드 게이밍,5938582692,1.12,82.37,BUY,
7,여행,MMYT,US20100812001,메이크마이트립,5815082574,0.82,61.41,BUY,
7,여행,RSI,US20201230014,러시 스트리트 인터랙티브,5748868837,1.74,25.15,BUY,
7,여행,WH,US20180601008,윈덤 호텔 앤 리조트,5312921461,1.57,72.47,,
7,여행,MTN,US19970204003,베일 리조트,5229435232,0.96,147.66,HOLD,
7,여행,GBTG,US20220531005,글로벌 비즈니스 트래블 그룹,4953170970,-0.11,9.44,BUY,
7,여행,CAR,US19681202001,에이비스 버짓 그룹,4913109285,1.48,140.66,HOLD,
7,여행,ATAT,US20210630002,에이투어 라이프스타일 홀딩스(ADR),4862293405,-4.49,34.02,BUY,
7,여행,CHH,US19971016001,초이스 호텔스 인터내셔널,4640320396,-0.12,102.63,HOLD,
7,여행,TNL,US20210217018,트래블 플러스 레저,4507626603,0.57,73.82,BUY,
7,여행,VAC,US20111108001,메리어트 베케이션 월드와이드,3908135706,1.43,114.86,BUY,
7,여행,HGV,US20170104001,힐튼 그랜드 베이케이션스,3316818879,1.15,43.02,HOLD,
7,여행,OSW,US20190320001,원스파월드 홀딩스,2627547996,0.74,25.99,BUY,
7,여행,PENN,US19940526001,펜 엔터테인먼트,2535726104,1.49,19.13,BUY,
7,여행,MCRI,US19930806001,모나크 카지노 앤 리조트,2179756441,0.88,122.28,HOLD,
7,여행,LIND,US20150713002,린드블라드 익스페디션스 홀딩스,2175427565,-0.61,32.84,BUY,
7,여행,MLCO,US20170406001,멜코 리조트 앤 엔터테인먼트(ADR),2127262106,1.65,5.55,BUY,
7,여행,TH,US20190318002,타겟 호스피털리티,1605765998,3.42,16.62,BUY,연간 전망 상향
7,여행,DVLT,NYS0251105001,엑지오 그룹,1435416147,3.27,16.4,,
7,여행,TRIP,US20111207001,트립어드바이저,1267693767,1.58,10.95,HOLD,에어비앤비 제휴
7,여행,HBNB,NAS0250701003,호텔101 글로벌,1258667941,0,5.36,,
7,여행,PRSU,US19780306001,펄수 어트랙션즈 앤 호스피탤리티,1253206834,0.74,46.15,,
7,여행,FBYD,NAS0231006002,팰컨스 비욘드 글로벌,1155707355,4.84,9.96,,
7,여행,INN,US20110209002,서밋 호텔 프라퍼티스,861746746,-2.74,6.04,,
7,여행,HTZ,US20211109010,허츠 글로벌 홀딩스,758239836,15.57,2.45,HOLD,숏 스퀴즈 부각
7,여행,BALY,NYS0250210001,발리스 코퍼레이션,639474763,-0.38,12.97,,
7,여행,TRVG,US20161216001,트리바고(ADR),376644048,-1.69,5.23,HOLD,
7,여행,MSC,US20181017004,스튜디오 시티 인터내셔널 홀딩스(ADR),374232446,-3.95,1.7,,
7,여행,BHR,US20180424001,브레이마 호텔 앤 리조트,207917312,-0.99,2.01,,
7,여행,NUTR,NAS0250815005,누사트립,175004033,0,9.0,,
7,여행,JXG,NAS0230426003,JX 럭스벤처,95015309,-6.24,7.36,,
7,여행,FLL,US19930810001,풀 하우스 리조트,90818837,-4.05,2.37,BUY,
7,여행,CPHC,US19940818001,캔터베리 파크 홀딩스,79920048,-0.32,15.41,,2분기 손실 축소
7,여행,TZOO,US20031230002,트래블주,74161778,-0.97,7.12,,
7,여행,ROLR,AMX0241023001,하이 롤러 테크놀로지스,73411276,-3.9,6.41,BUY,매출하회 적자확대
7,여행,INTG,US19950818006,인터그룹,69038312,4.34,33.41,,
7,여행,XTIA,US20170301004,XTI 에어로스페이스,62931507,-2.45,1.59,,실적 발표 연기
7,여행,TOUR,US20140509001,투뉴(ADR),55593062,0.98,5.15,BUY,
7,여행,ELWT,NAS0251105001,엘라우윗 커넥션,53669356,0.74,8.14,,
7,여행,YTRA,US20161219001,야트라 온라인,52994133,2.36,0.8701,,
7,여행,AHMA,NAS0251021001,앰비션스 엔터프라이즈 매니지먼트,51896913,-1.72,1.71,,
7,여행,GHG,US20180326006,그린트리 호스피털리티 그룹(ADR),35716991,0,1.12,,
7,여행,CNTY,US19771011001,센추리 카지노,33879745,1.67,1.22,BUY,
7,여행,NTRP,US20220519003,넥스트트립,22970515,1.97,1.55,BUY,
7,여행,IHT,US19871230002,인스윗 호스피탈리티,14859690,-0.64,1.56,,
53,자동차,TSLA,US20100629001,테슬라,1311258352205,0.58,332.81,HOLD,자율주행 안전 우려
53,자동차,TM,US19791004001,토요타 모터(ADR),224305556377,0.55,189.82,BUY,
53,자동차,ETN,US19481201001,이튼,173408592613,3.22,459.29,BUY,
53,자동차,HWM,US20200401001,하우멧 에어로스페이스,113527673402,-0.84,281.34,BUY,목표가 줄상향
53,자동차,MMM,US19460114001,3M,94200510629,0.6,183.13,BUY,목표주가 상향
53,자동차,CMI,US19840925001,커민스,87688560800,-0.29,632.95,BUY,
53,자동차,ITW,US19730313001,일리노이 툴 웍스,84163773228,-0.47,293.15,HOLD,회사채 발행 부담
53,자동차,CVNA,US20170425003,카바나,81887175410,-2.91,72.0,BUY,소비재 약세
53,자동차,GM,US20101118002,제너럴 모터스,77442396226,1.58,89.35,BUY,배터리 공동개발
53,자동차,ORLY,US19930422001,오릴리 오토모티브,74863495730,0.37,92.57,BUY,
53,자동차,RACE,US20151021002,페라리,72356302768,0.86,410.26,BUY,
53,자동차,PCAR,US19860709001,파카,69314422205,0.98,132.53,HOLD,
53,자동차,TEL,US20070614002,TE 커넥티비티,62247293064,2.06,218.69,BUY,
53,자동차,F,US19720601002,포드,56647891685,0.94,13.98,HOLD,
53,자동차,AZO,US19910402002,오토존,50255892998,-0.83,3042.65,BUY,
53,자동차,HMC,US19770211001,혼다 모터스(ADR),41301763758,-0.06,31.7,BUY,
53,자동차,CPRT,US19940317001,코파트,27487671281,-0.64,29.4,BUY,
53,자동차,RIVN,US20211109013,리비안,23810917667,-0.18,16.36,HOLD,
53,자동차,MGA,US19921009001,마그나 인터내셔널,18615525531,0.54,70.27,HOLD,
53,자동차,GPC,US19680820001,제뉴인 파츠,18610556333,0.41,135.09,BUY,
53,자동차,STLA,US20210119007,스텔란티스,16257688623,-2.33,5.45,HOLD,
53,자동차,GRAB,US20211202003,그랩 홀딩스,15020700623,1.91,3.74,BUY,
53,자동차,PAG,US19961023001,펜스케 오토모티브 그룹,14249072029,0.18,216.66,HOLD,
53,자동차,BWA,US19930812001,보그워너,14157859187,0.58,69.68,BUY,목표가 상향
53,자동차,AUR,US20211104001,오로라 이노베이션,14036447576,-0.43,6.95,BUY,
53,자동차,LI,US20200730004,리 오토(ADR),13441996881,-1.25,12.68,HOLD,
53,자동차,NIO,US20180910002,니오(ADR),11830573585,-4.15,4.62,BUY,
53,자동차,XPEV,US20200826004,샤오펑(ADR),11535833661,-1.0,11.88,BUY,
53,자동차,APTV,US20171205001,앱티브,10377291916,-0.38,49.62,BUY,
53,자동차,ALSN,US20120315002,앨리슨 트랜스미션 홀딩스,10317490861,0.38,124.99,,
53,자동차,MOD,US19900326064,모딘 매뉴팩처링,10179465392,3.83,198.32,BUY,
53,자동차,OSK,US19900326067,오시코시,9626276832,0.25,155.78,BUY,
53,자동차,ALV,US19970428001,오토리브,8913566043,0.51,122.36,BUY,
53,자동차,LAD,US19961218002,리시아 모터스,8378386091,-0.4,378.33,BUY,
53,자동차,KMX,US19970204002,카맥스,8369824595,-1.02,58.18,HOLD,
53,자동차,FSS,US19690401001,페더럴 시그널,7759483385,1.54,128.72,BUY,
53,자동차,VFS,US20210907003,빈패스트,7488431096,-1.88,3.13,BUY,
53,자동차,MBLY,US20221024001,모빌아이 글로벌,7464371384,1.37,8.87,HOLD,
53,자동차,AN,US19510409001,오토네이션,6902955411,0.18,208.46,BUY,목표가 상향
53,자동차,LYFT,US20190328002,리프트,6555763464,1.62,17.54,HOLD,목표주가 하향
53,자동차,LKQ,US20031003001,LKQ,6237343747,0.53,24.7,,
53,자동차,RUSHA,US20020710001,러시 엔터프라이지스 A,6225203973,1.73,81.59,BUY,
53,자동차,RUSHB,US20020710002,러시 엔터프라이지스 B,6225203973,1.4,79.07,,
53,자동차,LEA,US20091109001,리어,5982103997,0.88,121.93,BUY,
53,자동차,GTX,US20210503007,가렛 모션,5428522583,0.38,29.12,BUY,
53,자동차,GNTX,US19900326021,젠텍스,5041839080,0.34,23.93,BUY,
53,자동차,GHC,US20131129001,그레이엄 홀딩스,5004347268,-0.33,1173.83,,
53,자동차,DOO,US20180914002,BRP INC,4718187499,1.76,65.24,,
53,자동차,KAR,US20091211003,오픈레인,4592182926,-2.07,36.5,BUY,800만주 매각 부담
53,자동차,THO,US19860829001,소어 인더스트리스,4153119452,2.26,81.31,HOLD,
53,자동차,ATMU,NYS0230526001,애트머스 필트레이션 테크놀로지스,4062501482,-0.32,49.46,BUY,
53,자동차,DORM,US19910312001,도먼 프로덕츠,3968282579,-0.17,133.05,BUY,
53,자동차,ABG,US20020313001,애즈버리 오토모티브 그룹,3796377950,-1.43,207.75,HOLD,
53,자동차,PONY,NAS0241127002,포니 AI (ADR),3687603443,0.12,8.47,,
53,자동차,CARG,US20171011001,카구루스,3359627726,-3.75,36.18,BUY,바클레이스 목표가 상향
53,자동차,DAN,US20080201001,다나,3220975137,1.88,30.4,BUY,
53,자동차,GPI,US19971030001,그룹 원 오토모티브,3171540236,0.43,266.26,BUY,
53,자동차,HSAI,NAS0230209001,허싸이 그룹(ADR),3043130586,-1.81,18.95,BUY,
53,자동차,VC,US20171227001,비스티온,2806901454,1.34,106.19,BUY,
53,자동차,HOG,US19980227002,할리 데이비슨,2724460503,2.41,26.72,HOLD,
53,자동차,PHIN,NYS0230705001,피니아,2713428782,1.5,74.92,BUY,
53,자동차,LCID,US20200918008,루시드 그룹,2613638073,1.36,6.7,HOLD,실적 예상 하회
53,자동차,SAH,US19971111001,소닉 오토모티브,2538396346,0.74,80.61,BUY,
53,자동차,BLBD,US20150226001,블루 버드,2076413997,1.3,66.18,BUY,
53,자동차,DRVN,US20210114001,드리븐 브랜즈 홀딩스,2074208007,-1.52,12.34,BUY,
53,자동차,PSNY,US20210513002,폴스타 오토모티브 홀딩 A(ADR),2014420981,-0.51,13.77,SELL,
53,자동차,GT,US19510911001,굿이어 타이어 앤 러버,1741917139,1.0,6.09,HOLD,
53,자동차,CYD,US19941216001,차이나 유차이 인터내셔널,1737342854,1.32,46.76,BUY,
53,자동차,AEVA,US20210315013,에바 테크놀로지스,1656929902,1.56,24.06,BUY,
53,자동차,DCH,US19990129001,다우크,1583045319,3.77,6.89,BUY,
53,자동차,ADNT,US20161031001,애디언트,1447375791,2.3,19.14,BUY,
53,자동차,XPEL,US20190719001,엑스펠,1317925079,0.59,47.92,BUY,
53,자동차,THRM,US19930610001,젠섬,1279204001,-0.26,41.41,BUY,
53,자동차,ACVA,US20210323001,ACV 옥션스,1271785018,0,7.26,BUY,매각 검토 부각
53,자동차,MYE,US19870908001,마이어스 인더스트리스,1251645818,-2.65,32.28,,
53,자동차,PLOW,US20100505001,더글러스 다이내믹스,987805608,-0.52,42.44,BUY,
53,자동차,WGO,US19700909001,위니바고 인더스트리,909090787,2.31,32.79,HOLD,
53,자동차,SMP,US19770509001,스탠더드 모터 프로덕츠,888348468,0.4,39.79,,
53,자동차,FOXF,US20130808001,폭스 팩토리 홀딩,886909744,2.43,21.54,HOLD,
53,자동차,ADSE,US20211223001,애즈 텍 에너지,876722119,1.72,11.83,,
53,자동차,HYLN,US20201002010,하일리온 홀딩스,703202909,-0.25,3.92,BUY,매출 가이던스 상향
53,자동차,MLR,US19940809002,밀러 인더스트리스,608034766,2.27,54.59,,
53,자동차,KE,US20141104003,킴볼 일렉트로닉스,606640446,0.36,25.23,BUY,
53,자동차,LOT,US20210503008,로터스 테크놀로지(ADR),559286007,3.48,0.8899,,
53,자동차,AIIO,NAS0221114004,로보AI,532686806,-6.29,2.98,,
53,자동차,WNC,US19911101002,와바시 내셔널,512167927,-1.12,12.39,BUY,
53,자동차,CPS,US20131018002,쿠퍼 스탠더드 홀딩스,506178721,-3.42,27.42,,
53,자동차,TWI,US19930520001,타이탄 인터내셔널,458509634,0.85,7.14,,
53,자동차,ECX,NAS0221221001,이카엑스 홀딩스,414039884,-0.95,1.04,,
53,자동차,HLLY,US20210719008,홀리,383182724,-0.95,3.12,BUY,
53,자동차,MNRO,US19910729001,먼로,368912285,-0.85,11.66,,
53,자동차,DCX,US20220107002,디지털 커런시 X 테크놀로지,345045215,-0.51,0.9731,,
53,자동차,STRT,US19950223002,스트라텍 시큐리티,341916465,0.06,83.47,BUY,
53,자동차,DSC,NAS2606025005,DSC 홀딩스(ADR),320545958,1.72,6.49,,
53,자동차,NNBR,US19940315001,NN,300785203,0.55,3.65,BUY,리전의 NN지분공시
53,자동차,UXIN,US20180626004,우신(ADR),262356020,0,1.17,,
53,자동차,RDNW,US20171019003,라이드나우 그룹,248957027,1.24,6.51,,매출 예상치 미달
53,자동차,MPAA,US19940323001,모터카 파츠 오브 아메리카,235947945,0.24,12.45,BUY,
53,자동차,LVWR,US20201123012,라이브와이어,232903299,2.65,1.16,,
53,자동차,EVGO,US20210702004,EVgo,226092196,0.63,1.6,BUY,충전망 확장 계획
53,자동차,CMT,US19880922001,코어 몰딩 테크놀로지스,216784776,0.4,25.33,,
53,자동차,SRI,US19971010001,스톤리지,203485423,-4.78,6.77,HOLD,
53,자동차,PAL,NAS0240509004,프로피션트 오토 로지스틱스,201737216,-29.56,5.1,,
53,자동차,CHPT,US20210301014,차지포인트 홀딩스,159031033,2.45,6.27,HOLD,
53,자동차,NIU,US20181018003,NIU 테크놀로지(ADR),144617848,-1.48,2.0,,적자 전환
53,자동차,CAAS,US20030324001,차이나 오토모티브 시스템스,140466841,-1.08,4.59,,
53,자동차,CVGI,US20040805001,커머셜 비히클 그룹,134950314,0.3,3.32,,
53,자동차,INVZ,US20210406001,이노비즈 테크놀로지스,114100699,0.71,0.3976,BUY,
53,자동차,ARBE,US20211008001,아베 로보틱스,91715688,3.29,0.7564,BUY,
53,자동차,MVIS,US19960827001,마이크로비전,88793065,-2.15,3.64,BUY,
53,자동차,BLNK,US20180214001,블링크 차징,87010934,-1.37,0.5901,HOLD,
53,자동차,SEV,NAS0251016008,압테라 모터스,78706799,2.34,2.19,BUY,
53,자동차,WBX,US20211004015,월박스,73076768,-0.61,3.28,BUY,
53,자동차,EMPD,US20211005012,앰퍼리 디지털,71077725,5.16,2.65,BUY,
53,자동차,CANG,US20180725007,캉고(ADR),67915804,4.24,1.72,,
53,자동차,KNDI,US20061227002,칸디 테크놀로지스 그룹,63294871,0.24,0.6297,,
53,자동차,LIDR,US20210818003,에이아이,60639771,2.31,1.33,BUY,
53,자동차,NAAS,US20220613002,나스 테크놀로지(ADR),59194328,-3.18,3.35,,
53,자동차,GGR,US20220405004,고고로,51965309,0.78,2.6,,
53,자동차,VRM,NAS0250220005,브룸,51365620,0.61,9.84,,
53,자동차,MKDW,NAS0230324001,MKD웰 테크,49295108,-7.26,10.85,,
53,자동차,SYPR,US19940525001,사이프리스 솔루션즈,47101911,2.45,2.09,,
53,자동차,MAMO,NAS0240402005,마시모 그룹,44289106,-0.94,1.05,,
53,자동차,ZOOZ,US20220303001,주즈 파워,43130173,-0.19,5.3,,
53,자동차,SPRU,US20201222011,스프루스 파워 홀딩,40918151,-5.86,2.09,,
53,자동차,XOS,US20210820004,엑소스,37166435,-1.48,2.66,,
53,자동차,WPRT,US20080815002,웨스트포트 퓨얼 시스템즈,35833097,2.66,1.93,BUY,운영자금 부족 우려
53,자동차,WKHS,US20160107001,워크호스 그룹,34649193,-1.26,3.13,,
53,자동차,SCAG,NAS0250630006,스케이지 퓨처(ADR),26628839,-0.77,0.3627,,
53,자동차,CRMT,US19931109001,아메리카스 카 마트,26152938,2.88,3.22,BUY,
53,자동차,UCAR,NAS0230418001,유 파워,24231881,4.88,0.769,,
53,자동차,XCH,NAS0240910009,XCHG(ADR),22610954,-3.65,0.2663,,
53,자동차,CYN,US20211019002,신젠,17945524,1.61,1.26,,
53,자동차,SWVL,US20220401008,스위블 홀딩스,13997393,3.57,1.45,,
53,자동차,FFIE,US20210722005,패러데이 퓨처 인텔리전트 일렉트릭,11240764,-5.03,4.15,BUY,
53,자동차,GP,US20200828001,그린파워 모터,10654753,2.01,1.52,,
53,자동차,WKSP,US20210804016,워크스포트,10637700,2.64,0.7113,,2분기 실적 호조
53,자동차,INEO,NAS0241023007,이네오바 홀딩스,10024093,0.32,0.6198,,
53,자동차,AZI,NAS0240828001,오토지 인터넷 테크놀로지,9621113,-7.28,1.4,,SpaceX 편입 부담
53,자동차,LOBO,NAS0240321005,로보 EV 테크놀로지스,9134718,6.45,0.7001,,
53,자동차,KXIN,US20190502001,카이신 홀딩스,8298010,-3.59,5.1,,
53,자동차,CENN,US20151218001,센트로,8262537,2.69,3.43,,
53,자동차,GAUZ,NAS0240606002,고지,7520800,-1.25,0.3949,,
53,자동차,SDST,US20210304004,스타더스트 파워,7292922,3.35,0.71,BUY,
53,자동차,MTEN,NAS0240418003,밍텅 인터내셔널 코퍼레이션,7170342,26.85,1.37,,
53,자동차,FRSX,US20170615001,포어사이트 오토노모스 홀딩스(ADR),7120554,3.68,1.41,,
53,자동차,CTNT,NAS0230731001,치타 넷 서플라이 서비스,6023201,-9.47,1.72,,
53,자동차,SSM,ETC0240424001,소노 그룹,4360482,-10.49,2.73,,
53,자동차,FLYE,NAS0240606001,플라이 이 그룹,2718951,3.61,1.72,,
53,자동차,EZGO,US20210126005,이지고 테크놀로지스,2498817,7.41,1.16,,
53,자동차,JZXN,US20210518004,지우지 홀딩스,2124288,-3.29,1.47,,
139,방송,DIS,US19620102001,디즈니,178763783942,0.34,103.53,BUY,
139,방송,CMCSA,US19880707001,컴캐스트,89728929338,1.79,25.65,HOLD,
139,방송,TKO,US19991019005,TKO 그룹 홀딩스,35973059547,2.8,194.73,BUY,
139,방송,FWONA,US20170125001,리버티 포뮬러 원 A,25384141864,-0.48,93.43,BUY,전환사채 발행 부담
139,방송,FWONK,US20170125002,리버티 포뮬러 원 C,25384141864,-0.34,102.38,BUY,
139,방송,FOX,US20130702002,폭스 B,25137614949,-1.76,55.34,,로쿠 인수 부담
139,방송,FOXA,US20130702003,폭스 A,25137614949,-2.02,62.14,BUY,
139,방송,ROKU,US20170927003,로쿠,22612367040,-0.61,150.91,HOLD,
139,방송,CHTR,US19991108001,차터 커뮤니케이션스,18346057376,2.87,157.69,HOLD,
139,방송,NWS,US20130619002,뉴스 코퍼레이션 B,16193324854,0.52,32.67,,
139,방송,NWSA,US20130619003,뉴스 코퍼레이션 A,16193324854,0.49,28.63,BUY,
139,방송,RCI,US19960207001,로저스 커뮤니케이션스,14905010022,1.99,35.31,HOLD,
139,방송,HAS,US19841218001,해즈브로,13372491291,2.7,97.04,BUY,
139,방송,PSKY,NAS0250807004,파라마운트 스카이댄스 코퍼레이션,10435710528,1.19,9.38,HOLD,
139,방송,SIRI,US19940913001,시리우스 XM 홀딩스,9733685404,-0.94,28.51,HOLD,
139,방송,NXST,US20031124001,넥스타 미디어 그룹,5926908761,-3.74,184.56,BUY,
139,방송,GHC,US20131129001,그레이엄 홀딩스,5004347268,-0.33,1173.83,,
139,방송,LION,NAS0240514003,라이언스게이트 스튜디오스,3690311057,-3.96,11.87,BUY,
139,방송,ADEA,US20221003001,아디아,3082825062,-0.5,27.72,,
139,방송,TV,US19931214003,그루포 텔레비사(ADR),1548319989,-3.11,2.8,HOLD,
139,방송,NMAX,NYS0250331001,뉴스맥스,1136580548,-0.46,8.73,,
139,방송,EVC,US20000801002,엔트라비전 커뮤니케이션스,1080510578,-21.11,9.23,,2분기 실적 부담
139,방송,FUBO,US20201008004,푸보티비,1025548399,3.63,9.7,BUY,
139,방송,SBGI,US19950607001,싱클레어,998471382,-0.65,13.67,,
139,방송,IHRT,US20190718003,아이허트미디어,562677266,-21.02,2.93,,실적 눈높이 하회
139,방송,GTN,US19960924001,그레이 텔레비전,522721881,-4.42,4.76,,
139,방송,GTN.A,US19960924002,그레이 텔레비전 A,522721881,0,5.8,,
139,방송,SSP,US20180604002,EW 스크립스,309634317,-0.6,3.31,,목표주가 하향
139,방송,CURI,US20201015003,큐리어시티스트림,166569411,0,2.8,,
139,방송,TSQ,US20140724007,타운스퀘어 미디어,108846156,-7.39,5.51,,
139,방송,PODC,NAS0230908006,팟캐스트원,102716229,-2.06,3.32,,
139,방송,MDIA,US20200117001,미디아코 홀딩,78613695,-0.06,0.9511,,
139,방송,SGA,US20180816001,사가 커뮤니케이션스,61620571,2.18,9.86,HOLD,
139,방송,DSWL,US19950719001,데스웰 인더스트리,51483337,2.17,3.3,,
139,방송,BBGI,US20000211001,비슬리 브로드캐스트 그룹,44114149,1.92,22.29,BUY,부채 재조정 부담
139,방송,GAME,NAS0230411004,게임스퀘어 홀딩스,40043908,1.03,0.3913,,EBITDA흑전
139,방송,TOON,US20161121001,카툰 스튜디오스,35469381,0.05,0.598,,
139,방송,UONE,US20170508001,어반 원,24555286,-3.6,5.09,,
139,방송,UONEK,US20170508002,어반 원 D,24555286,-3.2,5.14,,
139,방송,GMM,NAS0231010003,글로벌 모페이 AI,12660281,1.02,2.97,,
139,방송,AUUD,US20210217004,오디아,7104559,-5.3,1.25,,합병 최종단계
139,방송,MITQ,US20210624013,무빙 이미지 테크놀로지스,5386385,-0.46,0.5375,,
139,방송,VSME,NAS0230928004,VS 미디어 홀딩스,3290761,-1.69,1.16,,
139,방송,TNMG,US20220124003,TNL 미디어진,3268533,-8.88,0.4702,,
257,가스판매,LIN,US20181031005,린데,228459760246,-0.39,490.53,BUY,
257,가스판매,E,US19951128001,애니 SpA(ADR),80916410675,1.13,55.49,HOLD,데이터센터 합작 승인
257,가스판매,KMI,US20110211002,킨더 모건,70136381605,0.29,31.48,BUY,파이프라인 투자결정
257,가스판매,TRP,US19850530001,TC 에너지,66213665078,0.49,63.64,HOLD,
257,가스판매,MPLX,US20121026002,MPLX,59715319721,1.02,59.3,,
257,가스판매,D,US19830520001,도미니언 에너지,59260470452,1.41,68.1,HOLD,
257,가스판매,TRGP,US20101207001,타르가 리소시스,57277281813,-0.29,265.45,BUY,
257,가스판매,SRE,US19980629001,셈프라,55317313273,1.39,85.48,BUY,
257,가스판매,LNG,US19940404002,셰니어 에너지,55058093858,-0.09,265.43,BUY,목표가 상향
257,가스판매,ATO,US19831228001,애트모스 에너지,28472797117,0.77,169.21,HOLD,
257,가스판매,NI,US19880304001,나이소스,20103973285,0.55,42.01,BUY,
257,가스판매,WTRG,US20200203011,에센셜 유틸리티스,11326998656,1.7,40.08,HOLD,
257,가스판매,CIG,US19950517001,이네르제치카 지 미나스 제라이스 우선주(ADR),6786633885,-3.43,1.97,SELL,
257,가스판매,CIG.C,US20090914001,이네르제치카 지 미나스 제라이스(ADR),6786633885,-2.33,2.94,,
257,가스판매,SWX,US19790719001,사우스웨스트 가스 홀딩스,6582947096,1.05,91.51,BUY,
257,가스판매,AROC,US20151104004,아크록,5828655177,-0.42,32.99,BUY,
257,가스판매,NJR,US19820721001,뉴저지 리소시스,5465272199,1.97,54.74,BUY,
257,가스판매,OGS,US20140204005,원 가스,4974287323,0.93,79.6,BUY,
257,가스판매,BIPC,US20200331002,브룩필드 인프라스트럭처,4724615582,4.44,39.98,SELL,
257,가스판매,NWE,US20201001011,노스웨스턴 에너지 그룹,4396160491,-0.8,70.65,BUY,
257,가스판매,MDU,US19480920001,MDU 리소시스 그룹,4307792925,0.44,20.5,BUY,
257,가스판매,EE,US20220412002,엑셀러레이트 에너지,4040566038,-0.42,35.36,BUY,
257,가스판매,MGEE,US19900326032,MGE 에너지,3050791253,0.71,81.04,HOLD,
257,가스판매,NOG,US20220217010,노던 오일 앤 가스,2511327413,3.24,24.25,BUY,
257,가스판매,CEPU,US20180201001,센트랄 푸에르토(ADR),2094917595,-3.48,13.31,BUY,
257,가스판매,NWN,US19900326066,노스웨스트 내추럴 홀딩,2093653318,1.37,50.25,BUY,
257,가스판매,GNE,US20111026001,지니 에너지,382400671,0.69,14.58,HOLD,
257,가스판매,RGCO,US19940201001,RGC 리소시스,225721161,-1.44,21.28,,
257,가스판매,SLNG,US20210429005,스태빌리스 솔루션즈,93390149,3.2,5.16,BUY,LNG 공급계약 확보
163,여가생활,DIS,US19620102001,디즈니,178763783942,0.34,103.53,BUY,
163,여가생활,POOL,US19951013001,풀,7292070100,0.76,201.5,,
163,여가생활,GOLF,US20161028002,아쿠시넷 홀딩스,5358669760,-1.17,90.37,HOLD,
163,여가생활,BC,US19250115001,브런스윅,5229332506,1.22,81.41,BUY,
163,여가생활,PII,US19950224002,폴라리스,3983623690,0.46,70.09,HOLD,
163,여가생활,MANU,US20120810002,맨체스터 유나이티드,3754515974,1.66,22.06,BUY,
163,여가생활,PLNT,US20150807002,플래닛 피트니스,3710642366,-2.12,47.92,BUY,
163,여가생활,HAYW,US20210311014,헤이워드 홀딩스,3284105570,0.84,15.56,BUY,
163,여가생활,ELY,US19920227002,캘러웨이 골프 컴퍼니,3053926788,-1.11,16.86,HOLD,
163,여가생활,LCII,US20170103003,LCI 인더스트리스,2557706669,2.36,107.32,BUY,
163,여가생활,PTON,US20190925012,펠로톤,2426384910,1.63,5.6,HOLD,
163,여가생활,SEAS,US20130419003,유나이티드 파크&리조트,2002693613,0.27,44.14,HOLD,목표주가 상향
163,여가생활,FUN,NYS0240702001,식스 플래그스 엔터테인먼트,1627213598,0.38,15.91,BUY,
163,여가생활,COOK,US20210728003,트래저,1506742843,3.65,63.53,HOLD,
163,여가생활,FBYD,NAS0231006002,팰컨스 비욘드 글로벌,1155707355,4.84,9.96,,
163,여가생활,HZO,US19980603003,마린맥스,1155065373,0.65,52.46,BUY,투자의견 하향
163,여가생활,LUCK,US20211216004,럭키 스트라이크 엔터테인먼트,897910307,0.46,6.58,BUY,
163,여가생활,SWIM,US20210423001,라탐 그룹,862909560,3.83,7.59,,수익성 압박
163,여가생활,CWH,US20161007002,캠핑 월드 홀딩스,637418234,3.09,6.34,,
163,여가생활,MBUU,US20140130002,말리부 보츠,570420730,2.52,29.68,BUY,
163,여가생활,JOUT,US19900326026,존슨 아웃도어스,502574551,-1.44,47.1,,
163,여가생활,BBW,US20041028001,빌드어베어 워크숍,468729452,-1.13,36.84,,
163,여가생활,ZUMZ,US20050506001,주미에즈,330631909,-2.3,19.08,,
163,여가생활,XPOF,US20210721012,엑스포넨셜 피트니스,245971675,-2.01,4.87,HOLD,목표주가 하향
163,여가생활,RICK,US19951013002,RCI 호스피털리티 홀딩스,207715146,1.37,27.45,,
163,여가생활,ONEW,US20191023004,원워터 마린,205515108,3.99,12.78,,
163,여가생활,AOUT,US20200825001,아메리칸 아웃도어 브랜즈,160132104,-0.31,12.72,,
163,여가생활,CLAR,US20170814001,클라루스,145220076,0.79,3.81,HOLD,목표가 상향
163,여가생활,GPRO,US20140626001,고프로,121543394,-11.45,0.62,SELL,
163,여가생활,VENU,AMX0241127002,베뉴 홀딩,119910059,-4.93,1.93,BUY,
163,여가생활,RGS,US19910628004,레지스,71017930,-3.53,27.32,BUY,
163,여가생활,MAMO,NAS0240402005,마시모 그룹,44289106,-0.94,1.05,,
163,여가생활,KOSS,US19920225008,코스,35857001,-0.8,3.74,,
163,여가생활,GDHG,NAS0230410001,골든 헤븐 그룹 홀딩스,26733044,-3.76,1.28,,
163,여가생활,MMA,AMX0240328005,믹스드 마셜 아츠 그룹,10764867,0.72,0.408,,
163,여가생활,YMAT,NAS0250730006,J 스타 홀딩,8515380,2.6,1.97,,
163,여가생활,NWTG,NAS0230815006,뉴튼 골프 컴퍼니,5252706,6.14,1.21,BUY,
163,여가생활,EJH,US20210514013,이홈 하우스홀드 서비스 홀딩스,4559631,2.82,1.46,,
163,여가생활,FLYE,NAS0240606001,플라이 이 그룹,2718951,3.61,1.72,,
149,아연,SVM,US20170515001,실버코프 메탈스,2710089252,3.28,12.61,BUY,중국 중단 부담
149,아연,NEXA,US20171026004,넥사 리소시스,1974712373,-2.76,14.45,HOLD,
149,아연,TMQ,US20160908002,트릴로지 메탈스,672526247,1.29,3.93,HOLD,
149,아연,BMM,NAS0260126002,블루 문 메탈스,556119363,-4.68,5.29,BUY,자원 신뢰도 강화
149,아연,XPL,US19940719001,솔리타리오 리소시스,72413257,3.58,0.7895,,
149,아연,CHNR,NAS0230403001,차이나 내추럴 리소시스,5004776,2.27,4.06,,
193,광고,OMC,US19900627001,옴니콤 그룹,23302148385,1.54,85.95,BUY,
193,광고,LAMR,US19960802001,라마 애드버타이징,15756902151,-0.53,153.82,HOLD,
193,광고,NYT,US19730503005,뉴욕타임스,10486621611,-1.65,63.73,BUY,
193,광고,QMMM,NAS0240719003,QMMM 홀딩스,6853566769,0,119.4,,
193,광고,TTD,US20160921009,트레이드 데스크,6313034128,1.27,13.56,HOLD,성장전망 불투명
193,광고,WPP,US20171128003,WPP(ADR),5778177490,1.31,27.04,,
193,광고,CMPR,US20141118001,심프레스,2310783990,0.85,95.38,,목표가 상향
193,광고,STGW,US20210803010,스태그웰,2229818734,2.09,9.28,,
193,광고,DAO,US20191024007,유다오(ADR),2198767443,1.32,18.36,BUY,
193,광고,INOD,US19930810002,이노데이터,2146716453,0.79,62.71,BUY,
193,광고,DV,US20210420008,더블베리파이 홀딩스,2055875064,0.23,13.25,HOLD,
193,광고,ASST,NAS0230202001,스트라이브,1824908897,1.45,12.62,,
193,광고,QNST,US20100211001,퀸스트리트,1269237123,-5.09,20.9,BUY,
193,광고,PRSU,US19780306001,펄수 어트랙션즈 앤 호스피탤리티,1253206834,0.74,46.15,,
193,광고,CCO,US20051111001,클리어 채널 아웃도어 홀딩스,1231077260,0,2.41,HOLD,
193,광고,DSP,US20210209003,바이언트 테크놀로지,926504586,-6.39,13.19,BUY,재출시 계획 부각
193,광고,CRTO,US20131030001,크리테오,882489035,-3.84,17.26,BUY,
193,광고,MNTN,NYS0250522002,마운틴,856718940,-1.21,11.41,,AI개발 부담
193,광고,IBTA,NYS0240417002,아이보타,841352137,1.58,36.76,,
193,광고,PUBM,US20201207004,퍼브매틱,811712707,-0.62,17.65,BUY,
193,광고,MATW,US19940720001,매튜스 인터내셔널,719711371,2.26,23.5,,기술통 CEO 선임
193,광고,NEXN,US20210618003,넥슨 인터내셔널,601029881,-2.51,10.48,BUY,
193,광고,QUAD,US20100706001,쿼드 그래픽스,507580242,-1.02,9.73,BUY,
193,광고,BOC,US20220222002,보스턴 오마하,430808416,0.07,14.22,,
193,광고,PERI,US20060131002,페리언 네트워크,387138975,-1.83,9.63,BUY,수익성 악화
193,광고,ADV,US20201029001,어드밴티지 솔루션스,384427614,1.04,30.19,BUY,
193,광고,SOHU,US20000712001,써우후닷컴(ADR),377451790,-1.32,14.24,,
193,광고,NCMI,US20070208002,내셔널 시네미디어,371688465,-4.05,3.79,,차입 인수 부담
193,광고,FORR,US19961127002,포레스터 리서치,221983493,1.81,11.83,HOLD,
193,광고,LEE,US20210419004,리 엔터프라이지스,181848975,-0.37,8.1,,
193,광고,FLNT,US20180416001,플루언트,127744873,-3.51,4.12,BUY,2분기 순손실
193,광고,AMBR,NAS0221114001,앰버 인터내셔널 홀딩(ADR),125811331,-2.26,1.3,,
193,광고,TSQ,US20140724007,타운스퀘어 미디어,108846156,-7.39,5.51,,
193,광고,SCOR,US20180601003,컴스코어,106014204,2.43,7.17,,비용 절감 전략
193,광고,MCHX,US20040331002,마첵스 B,79604131,-2.79,1.74,,
193,광고,GCL,US20220420005,GCL 글로벌 홀딩스,71425502,-7.7,0.5049,,
193,광고,TEAD,US20210723005,TEADS HOLDING CO,64765399,1.69,0.6693,HOLD,
193,광고,IZEA,US20160226002,아이지아 월드와이드,62910437,-0.28,3.57,,실적 부진
193,광고,VBIX,NAS0250605004,퀀텀 X 랩스,61287830,-7.21,4.25,,
193,광고,GOAI,NAS0260128003,에바 라이브,56821913,9.03,1.69,,
193,광고,TC,US20181120001,토큰 캣(ADR),49559486,7.49,2.01,,
193,광고,ABLV,US20220912003,에이블 뷰 글로벌,39730189,-2.67,0.7803,,
193,광고,CREX,NAS0230327003,크리에이티브 리얼리티스,39295517,0.33,3.0,,
193,광고,ACCS,US20140311005,액세스 뉴스와이어,25319511,-17.54,5.36,,2분기 실적 부진
193,광고,WIMI,US20190725001,와이마이 홀로그램 클라우드,24903999,-1.48,1.33,,
193,광고,EDHL,NAS0250417003,에버브라이트 디지털 홀딩스,23379789,0,3.91,,
193,광고,BAOS,NAS0230322001,바오셩 미디어 그룹 홀딩스,22589703,3.15,0.7295,,희석 우려 완화
193,광고,HHS,US20211201007,하트 행크스,18611582,-0.4,2.49,,
193,광고,INUV,US19980804001,이누보,16869761,0.98,1.03,BUY,실적 기대치 하회
193,광고,TULP,US19910625001,블루미아 홀딩스,16784544,3.14,3.61,,
193,광고,DLPN,US20171221001,돌핀 엔터테인먼트,14106333,0.93,1.09,,
193,광고,KNRX,AMX0250929007,노렉스,11111570,-3.85,0.35,,
193,광고,LZMH,NAS0250227004,LZ 테크놀로지 홀딩스,11081009,-0.81,1.22,,
193,광고,AEHL,US20201015001,안텔로페 엔터프라이즈 홀딩스,8415951,-5.6,5.39,,
193,광고,PLAG,US20181001007,플래닛 그린 홀딩스,8078752,927.05,5.81,,
193,광고,GDC,NAS0230110006,GD 컬처 그룹,7016681,4.17,1.75,,
193,광고,YDKG,NAS0221212001,위에다 디지털 홀딩스,6005943,4.63,1.13,,
193,광고,KRKR,US20191106002,36KR 홀딩스(ADR),5890243,0.32,3.15,,
193,광고,STFS,NAS0241011007,스타 패션 컬처 홀딩스,4947016,-0.97,4.09,,
193,광고,CNET,NAS0230120002,ZW 데이터 액션 테크놀로지스,4858748,0,1.32,,
193,광고,LCFY,NAS0221208002,로커파이,4765612,2.27,2.7,,
193,광고,ABTS,US20161115003,아비츠 그룹,3744078,4.76,1.32,,
193,광고,CHR,US20200219002,치어 홀딩스,3620097,-0.51,1.94,,
193,광고,YHC,NAS0230810001,LQR 하우스,2315619,-5.65,1.67,,
193,광고,DRCT,US20220128004,다이렉트 디지털 홀딩스,2007915,7.42,2.75,BUY,
295,전기차,TSLA,US20100629001,테슬라,1311258352205,0.58,332.81,HOLD,자율주행 안전 우려
295,전기차,RIVN,US20211109013,리비안,23810917667,-0.18,16.36,HOLD,
295,전기차,LI,US20200730004,리 오토(ADR),13441996881,-1.25,12.68,HOLD,
295,전기차,NIO,US20180910002,니오(ADR),11830573585,-4.15,4.62,BUY,
295,전기차,XPEV,US20200826004,샤오펑(ADR),11535833661,-1.0,11.88,BUY,
295,전기차,VFS,US20210907003,빈패스트,7488431096,-1.88,3.13,BUY,
295,전기차,LCID,US20200918008,루시드 그룹,2613638073,1.36,6.7,HOLD,실적 예상 하회
295,전기차,PSNY,US20210513002,폴스타 오토모티브 홀딩 A(ADR),2014420981,-0.51,13.77,SELL,
295,전기차,ADSE,US20211223001,애즈 텍 에너지,876722119,1.72,11.83,,
295,전기차,LOT,US20210503008,로터스 테크놀로지(ADR),559286007,3.48,0.8899,,
295,전기차,AIIO,NAS0221114004,로보AI,532686806,-6.29,2.98,,
295,전기차,EVGO,US20210702004,EVgo,226092196,0.63,1.6,BUY,충전망 확장 계획
295,전기차,CHPT,US20210301014,차지포인트 홀딩스,159031033,2.45,6.27,HOLD,
295,전기차,BLNK,US20180214001,블링크 차징,87010934,-1.37,0.5901,HOLD,
295,전기차,WBX,US20211004015,월박스,73076768,-0.61,3.28,BUY,
295,전기차,NAAS,US20220613002,나스 테크놀로지(ADR),59194328,-3.18,3.35,,
295,전기차,ZOOZ,US20220303001,주즈 파워,43130173,-0.19,5.3,,
295,전기차,SPRU,US20201222011,스프루스 파워 홀딩,40918151,-5.86,2.09,,
295,전기차,XOS,US20210820004,엑소스,37166435,-1.48,2.66,,
295,전기차,WKHS,US20160107001,워크호스 그룹,34649193,-1.26,3.13,,
295,전기차,SCAG,NAS0250630006,스케이지 퓨처(ADR),26628839,-0.77,0.3627,,
295,전기차,XCH,NAS0240910009,XCHG(ADR),22610954,-3.65,0.2663,,
295,전기차,FFIE,US20210722005,패러데이 퓨처 인텔리전트 일렉트릭,11240764,-5.03,4.15,BUY,
295,전기차,GP,US20200828001,그린파워 모터,10654753,2.01,1.52,,
295,전기차,LOBO,NAS0240321005,로보 EV 테크놀로지스,9134718,6.45,0.7001,,
295,전기차,CENN,US20151218001,센트로,8262537,2.69,3.43,,
295,전기차,SSM,ETC0240424001,소노 그룹,4360482,-10.49,2.73,,
295,전기차,EZGO,US20210126005,이지고 테크놀로지스,2498817,7.41,1.16,,
789,의료기기,JNJ,US19440925001,존슨 앤 존슨,633075374084,-0.77,259.8,BUY,
789,의료기기,TMO,US19800827001,써모 피셔 사이언티픽,222485761528,0.89,605.0,BUY,인도 고객 확대 전망
789,의료기기,ABT,US19490419001,애보트 래버러토리스,188591681729,1.01,109.72,BUY,
789,의료기기,NVO,US19810709001,노보노디스크(ADR),160476364588,-1.17,47.17,HOLD,
789,의료기기,DHR,US19861103001,다나허,147683366351,-0.92,207.44,BUY,
789,의료기기,ISRG,US20000613001,인튜이티브 서지컬,139443840858,2.0,401.23,BUY,
789,의료기기,SYK,US19880201002,스트라이커,133093256053,0.68,348.15,BUY,
789,의료기기,MDT,US19800728001,메드트로닉,114836994493,1.42,90.68,BUY,
789,의료기기,MMM,US19460114001,3M,94200510629,0.6,183.13,BUY,목표주가 상향
789,의료기기,ECL,US19861210001,에코랩,79995844138,0.08,284.63,BUY,
789,의료기기,BSX,US19920518001,보스턴 사이언티픽,73376136426,1.45,51.19,BUY,
789,의료기기,EW,US20000403001,에드워즈 라이프사이언시스,53225998197,1.77,93.66,BUY,
789,의료기기,BDX,US19630925001,벡톤 디킨슨,49094783395,0.99,181.41,BUY,
789,의료기기,NTRA,US20150702001,나테라,46043927003,-1.77,312.72,BUY,목표주가 상향
789,의료기기,MDLN,NAS0251217005,메디라인,44601013678,3.64,35.04,BUY,목표가 잇단 하향
789,의료기기,ALC,US20190409003,알콘,36917694418,2.34,75.35,BUY,
789,의료기기,KVUE,NYS0230504001,켄뷰,36676286526,0.11,19.05,HOLD,
789,의료기기,DXCM,US20050414001,덱스콤,33187847425,2.14,89.53,BUY,
789,의료기기,RMD,US19950602001,레즈메드,32027913043,2.18,224.84,HOLD,이익률 방어 전망
789,의료기기,ILMN,US20000728003,일루미나,29058509029,0.55,192.84,BUY,
789,의료기기,PHG,US19870414001,필립스(ADR),26421200908,0.41,27.05,BUY,엑소르 지분확대
789,의료기기,DGX,US19961217001,퀘스트 다이아그노스틱스,26394005313,-0.05,237.5,BUY,
789,의료기기,STE,US19920602001,스테리스,23372752202,-0.28,238.23,BUY,
789,의료기기,GH,US20181003001,가던트 헬스,22515043415,-1.27,165.09,BUY,
789,의료기기,ZBH,US20150630004,짐머 바이오멧 홀딩스,18713583960,-0.56,97.23,HOLD,목표가 상향
789,의료기기,COO,US19831206001,쿠퍼,14935219375,0.66,76.82,BUY,
789,의료기기,SOLV,NYS0240401001,솔벤텀,14553956957,-1.3,84.1,BUY,
789,의료기기,BAX,US19610515001,박스터 인터내셔널,14410858181,-0.61,27.61,HOLD,
789,의료기기,FMS,US19960917001,프레제니우스 메디컬 케어(ADR),13003494037,-1.97,23.87,SELL,
789,의료기기,PKI,US19830406002,레비티,12987061698,-0.25,115.73,BUY,
789,의료기기,PEN,US20150918002,페넘브라,12883711290,0.09,326.28,HOLD,
789,의료기기,SNN,US19991116001,스미스 앤 네퓨(ADR),12652914237,-0.23,30.01,HOLD,
789,의료기기,ALGN,US20010126001,얼라인 테크놀로지,12548269243,-1.76,172.95,BUY,
789,의료기기,GMED,US20120803003,글로버스 메디컬,11605892313,-1.16,85.15,BUY,
789,의료기기,GKOS,US20150625006,글라우코스,10737157913,0.32,182.0,BUY,
789,의료기기,PODD,US20070515001,인슐릿,9940847826,1.3,144.7,BUY,
789,의료기기,HSIC,US19951103001,헨리 셰인,9849503169,1.25,89.18,BUY,
789,의료기기,BRKR,US20000804001,브루커,9768790013,1.24,57.02,BUY,
789,의료기기,BIO,US19800229001,바이오 래드 래버러토리스,9422831539,0.48,356.25,HOLD,
789,의료기기,BIO.B,US19990921001,바이오 래드 래버러토리스,9422831539,0,337.0,,
789,의료기기,QGEN,US20180110001,키아젠,9085515187,-2.74,42.65,BUY,씨티 목표가 상향
789,의료기기,TWST,US20181030002,트위스트 바이오사이언스,8303601888,-1.41,123.12,BUY,
789,의료기기,TXG,US20190911004,10X 지노믹스,7657034821,-0.15,58.48,BUY,
789,의료기기,LNTH,US20150625004,랜티우스 홀딩스,6613557936,-0.3,100.68,HOLD,
789,의료기기,RDNT,US19970103001,래드넷,6097463450,-1.22,76.34,,목표가 상향
789,의료기기,BLCO,US20220505001,바슈롬,6031500596,0.24,16.87,HOLD,
789,의료기기,TFX,US19940428001,텔레플렉스,5654641736,0.41,133.54,HOLD,UBS 목표가 상향
789,의료기기,MMED,NAS2603006005,미니메드 그룹,5495008847,1.44,19.78,BUY,
789,의료기기,SHC,US20201119005,소테라 헬스,5431919987,0.74,19.11,BUY,
789,의료기기,MMSI,US19920226002,메리트 메디컬 시스템즈,5377185316,1.52,91.11,BUY,매수의견 유지
789,의료기기,ICUI,US19920407001,ICU 메디컬,4577255194,-0.19,182.08,BUY,
789,의료기기,NVST,US20190917004,엔비스타 홀딩스,4543169327,1.17,28.52,BUY,
789,의료기기,CELC,US20170919001,셀큐이티,4442507156,-2.95,88.11,BUY,
789,의료기기,ITGR,US20160701006,인티거 홀딩스,4266145120,-0.03,125.04,HOLD,
789,의료기기,LIVN,US20151020001,리바노바,4227841704,2.75,78.58,BUY,
789,의료기기,IRTC,US20161020002,아이리듬 테크놀로지스,4127073201,-2.33,121.87,BUY,
789,의료기기,ADPT,US20190626001,어댑티브 바이오테크놀로지스,4075489511,-0.24,25.39,,
789,의료기기,SXI,US19750701001,스탠덱스 인터내셔널,3988873070,-0.19,327.53,BUY,
789,의료기기,HAE,US19910509001,헤모네틱스,3953863819,0.7,87.22,BUY,
789,의료기기,VCYT,US20131030002,베라사이트,3732294441,0.3,46.41,BUY,
789,의료기기,WRBY,US20210929018,와비 파커,3275560242,-5.19,25.04,BUY,
789,의료기기,GRAL,NAS0240625002,그레일,3222770926,0.86,75.48,BUY,
789,의료기기,TMDX,US20190501004,트랜스메딕스 그룹,3076026673,1.07,89.36,BUY,
789,의료기기,PLSE,US20160518001,펄스 바이오사이언시스,2970642317,6.96,44.4,BUY,
789,의료기기,CHRN,US20160809001,크로노스케일,2798229055,-0.62,19.27,,
789,의료기기,AXGN,US19861217001,액소젠,2601172232,0.54,48.48,BUY,
789,의료기기,BFLY,US20210216002,버터플라이 네트워크,2591726423,-3.4,9.37,,
789,의료기기,UFPT,US19931223001,UFP 테크놀로지스,2525919468,-0.95,321.91,,내부자 매도 부담
789,의료기기,BHC,US20180716002,바슈 헬스 컴퍼니스,2382894348,-1.73,6.24,HOLD,
789,의료기기,XRAY,US19830512002,덴츠플라이 시로나,2332349637,-0.43,11.61,HOLD,
789,의료기기,ESTA,US20180718003,이스태블리시먼트 랩스 홀딩스,2244516501,-1.04,74.28,BUY,
789,의료기기,ATRC,US20050805001,아트리큐어,2125255939,3.15,42.95,BUY,
789,의료기기,GRFS,US20110602001,그리폴스(ADR),2085751004,-0.75,7.99,,
789,의료기기,NVCR,US20151001001,노보큐어,2022513674,2.02,17.66,BUY,
789,의료기기,ALMR,NAS2604017001,알라마 바이오사이언스,1946599687,30.65,36.57,BUY,
789,의료기기,LMAT,US20061019001,르메트르 배스큘러,1863052173,2.03,82.84,BUY,
789,의료기기,INSP,US20180502003,인스파이어 메디컬 시스템즈,1732383125,-0.99,59.13,HOLD,
789,의료기기,TNDM,US20131118001,탠덤 다이어비츠 케어,1592472935,2.76,23.44,BUY,실적 호조
789,의료기기,CNMD,US20200210004,콘메드,1486412866,0.24,49.58,HOLD,
789,의료기기,ATEC,US20060602001,알파텍 홀딩스,1470711781,-1.26,9.37,BUY,
789,의료기기,ENOV,US20220405002,에노비스,1402649551,1.49,24.6,BUY,
789,의료기기,IART,US19950816001,인테그라 라이프사이언시스 홀딩스,1332079162,1.76,17.37,HOLD,
789,의료기기,AORT,US20220124001,아티비언,1287126719,7.91,28.39,BUY,
789,의료기기,STAA,US19830707001,STAAR 서지컬,1254928707,-0.72,24.94,HOLD,
789,의료기기,PRCT,US20210914012,프로셉트 바이오로보틱스,1247628174,5.44,22.89,HOLD,CEO 자사주 매수
789,의료기기,BVS,US20210210005,바이오벤투스,1177904011,-0.79,13.85,BUY,
789,의료기기,IRMD,US20140716001,아이라디메드,1158196432,-1.47,88.94,BUY,
789,의료기기,LMRI,NAS0251211010,루멕사 이미징 홀딩스,1131813407,-0.68,11.66,BUY,
789,의료기기,OPK,US20160624001,옵코 헬스,1040914569,0,1.39,BUY,
789,의료기기,CSTL,US20190724001,캐슬 바이오사이언시스,991628297,-0.34,32.24,BUY,
789,의료기기,QDEL,US19920303002,퀴델오서,946110014,1.75,13.99,HOLD,
789,의료기기,INMD,US20190807001,인모드,876094163,-0.33,15.14,HOLD,
789,의료기기,AVR,NAS0241213002,안테리스 테크놀로지스,875144164,2.34,9.17,BUY,
789,의료기기,TRNS,US19900327005,트랜스캣,853222941,5.0,95.39,BUY,
789,의료기기,SIBN,US20181017003,SI 본,847245680,-0.21,18.8,BUY,
789,의료기기,VREX,US20170130001,바렉스 이미징,779801764,0.65,18.58,HOLD,텔레다인 인수합의
789,의료기기,SSII,NAS0250425006,SS 이노베이션스 인터내셔널,753038559,-3.73,3.61,BUY,
789,의료기기,CBLL,NAS0241011003,세리벨,734777690,10.41,21.31,,
789,의료기기,AHCO,US20191111001,어댑트헬스,714130495,8.24,5.65,BUY,카디널의 인수반영
789,의료기기,TCMD,US20160728002,택타일 시스템즈 테크놀로지,659518617,-17.12,24.15,BUY,
789,의료기기,ANGO,US20040527002,앤지오다이내믹스,653192947,0,15.75,BUY,
789,의료기기,BWAY,US20190416001,브레인스웨이(ADR),616895992,-2.22,14.98,BUY,
789,의료기기,KIDS,US20171011003,오서피디아트릭스,609897344,4.12,24.24,,
789,의료기기,CTKB,US20210722004,사이텍 바이오사이언시스,607776269,1.72,4.74,BUY,
789,의료기기,KE,US20141104003,킴볼 일렉트로닉스,606640446,0.36,25.23,BUY,
789,의료기기,FLGT,US20160928002,펄젠트 제네틱스,526220132,-0.31,19.0,HOLD,
789,의료기기,NPCE,US20210420003,뉴로페이스,509035488,1.14,15.05,BUY,
789,의료기기,EOLS,US20180207001,에볼러스,501697590,10.17,8.34,BUY,
789,의료기기,NNNN,NAS0250219002,안비오 바이오테크놀로지,448768184,1.57,10.35,,
789,의료기기,CLPT,US20200212002,클리어포인트 뉴로,445953930,2.26,14.9,BUY,
789,의료기기,SI,NYS0250729003,숄더 이노베이션스,433458466,-5.4,19.63,BUY,UBS 목표가 상향
789,의료기기,SGHT,US20210714016,사이트 사이언시스,425616124,0.65,7.75,,
789,의료기기,OFIX,US19920424001,오서픽스 메디컬,419333924,0.58,10.32,,
789,의료기기,SENS,US20160316001,센서닉스 홀딩스,400022453,4.38,7.87,HOLD,
789,의료기기,MASS,US20201217007,908 디바이시스,362263862,13.75,10.01,BUY,
789,의료기기,VMD,US20190809001,비메드 헬스케어,356186209,-0.43,9.28,BUY,
789,의료기기,ELMD,US20100813001,일렉트로메드,353760852,-0.45,42.39,BUY,
789,의료기기,CATX,AMX0230221001,퍼스펙티브 테라퓨틱스,343298956,6.0,3.18,BUY,
789,의료기기,CV,NAS0250702002,캡소비전,334888692,-1.2,6.6,BUY,
789,의료기기,MOVE,US20210318010,모바노,325543998,-6.3,11.0,,
789,의료기기,PRE,US20220518002,프레네틱스 글로벌,323390176,1.12,19.01,BUY,
789,의료기기,MYGN,US19951006001,미리아드 제네틱스,311915634,-0.92,3.22,HOLD,
789,의료기기,TMCI,US20210421004,트리스 메디컬 컨셉츠,304741397,1.5,4.74,HOLD,
789,의료기기,EMBC,US20220401003,엠벡타,283690284,-2.2,4.88,HOLD,
789,의료기기,OSUR,US19920317007,오라슈어 테크놀로지스,276810138,-3.0,3.88,HOLD,
789,의료기기,RXST,US20210729012,RX사이트,274194481,7.15,7.04,HOLD,
789,의료기기,OBIO,NAS0230127004,오케스트라 바이오메드 홀딩스,267973751,-1.35,4.4,BUY,목표가 상향
789,의료기기,PROF,US20191029005,프로파운드 메드,267647379,-4.9,6.98,BUY,
789,의료기기,BDSX,US20201028002,바이오데식스,263190388,-2.21,24.31,BUY,
789,의료기기,INFU,US20060615001,인퓨시스템 홀딩스,242214931,2.81,12.46,BUY,
789,의료기기,ORGO,US20181217001,오가노제네시스 홀딩스,240146364,1.61,1.89,HOLD,매출 급감과 전망 하향
789,의료기기,RCEL,US20191001002,아비타 메디컬,235841190,7.89,8.2,BUY,목표가 52% 상향
789,의료기기,ZJYL,NAS0230328007,진 메디컬 인터내셔널,229799588,2.05,2.98,,
789,의료기기,FOCL,US19970801001,EDAP TMS(ADR),228676075,-1.15,6.01,BUY,ADS 공모 부담
789,의료기기,UTMD,US19990308002,유타 메디컬 프로덕츠,227800383,0.86,71.94,,
789,의료기기,PDEX,US19860807002,프로 덱스,212253674,0.71,66.72,BUY,
789,의료기기,HUMA,US20210827005,휴마사이트,201426437,-4.63,0.71,BUY,
789,의료기기,LUCD,US20211014005,루시드 다이어그노스틱스,183972364,0.02,0.9613,BUY,
789,의료기기,LENZ,US20210624006,렌즈 테라퓨틱스,168629527,-2.8,5.21,BUY,실적 예상 상회
789,의료기기,XGN,US20190918002,엑사젠,161401796,1.96,6.77,BUY,
789,의료기기,INGN,US20140214001,이노젠,160302618,-1.99,5.9,BUY,
789,의료기기,NYXH,US20210701005,닉소,158651296,0.63,1.59,BUY,
789,의료기기,KRMD,US20191024003,코루 메디컬 시스템즈,157516880,1.47,3.45,,
789,의료기기,IMDX,US20210308009,인사이트 몰레큘러 다이어그노스틱스,154546470,-7.13,4.43,,
789,의료기기,STIM,US20180627002,뉴로네틱스,151517749,47.0,3.19,BUY,2분기 실적 호조
789,의료기기,APYX,US20190102001,에이픽스메디컬,146243429,-12.72,3.02,BUY,
789,의료기기,STEX,US20180921001,스트리멕스,144259339,0.59,0.7955,,
789,의료기기,STXS,US20190906001,스테레오택시스,143951691,1.39,1.46,BUY,
789,의료기기,USBC,US20220916004,USBC,137129155,3.27,0.3636,,
789,의료기기,MBOT,US20161129001,마이크로봇 메디컬,130404663,-12.95,1.68,BUY,
789,의료기기,BNR,US20200612002,버닝 록 바이오테크(ADR),114888920,-3.96,10.42,,
789,의료기기,QTRX,US20171207005,퀀테릭스,114383093,8.26,2.62,HOLD,목표주가 하향
789,의료기기,ACH,US19880129002,액센드라 헬스,107580810,-10.0,1.26,,의견 하향
789,의료기기,HYPR,US20211223007,하이퍼파인,101087917,1.65,0.9657,BUY,
789,의료기기,HSDT,US20180411001,헬리우스 메디컬 테크놀로지스,99593980,2.35,1.74,BUY,
789,의료기기,LUNG,US20201001009,풀모넥스,98254156,-0.88,2.26,BUY,
789,의료기기,OM,US20200915005,아웃셋 메디컬,92984310,-2.23,4.82,BUY,
789,의료기기,ZTEK,US20220322003,젠텍,85846984,-2.32,0.66,,
789,의료기기,SKIN,US20210506004,뷰티 헬스,83572566,9.37,0.7,,
789,의료기기,ECOR,NAS0230215003,일렉트로코어,81056303,1.79,9.12,,
789,의료기기,NNOX,US20200820003,나노엑스 이미징,79385726,4.72,1.11,BUY,
789,의료기기,SERA,US20210713003,세라 프로그노스틱스,78975979,-1.0,1.99,BUY,
789,의료기기,DRIO,US20160307001,다리오헬스,75271528,0.13,7.67,BUY,적자 축소
789,의료기기,LNSR,US20201002005,렌자,74185869,0.17,6.03,BUY,
789,의료기기,GEG,US20201229001,그레이트 엘름 그룹,67646214,0,2.15,,
789,의료기기,CVRX,US20210629002,CVRX,63354726,9.7,2.6,BUY,영업 전망 수정
789,의료기기,XTNT,US20151019001,엑스턴트 메디컬 홀딩스,62769443,-28.25,0.32,BUY,
789,의료기기,DXR,US20220202002,닥소,61216354,-2.01,10.24,,
789,의료기기,MYO,US20170609002,마이모,56831323,5.59,1.51,,
789,의료기기,APT,US20000404002,알파 프로 테크,54993270,0.19,5.38,,
789,의료기기,COCH,US20210422001,엔보이 메디컬,54385006,9.22,0.77,BUY,
789,의료기기,SKYA,US20220414005,SKYAI INC,53910352,-7.2,1.16,,
789,의료기기,SRTS,US20160725003,센서스 헬스케어,51040280,0.32,3.1,BUY,
789,의료기기,SNWV,NAS0250307007,사누웨이브 헬스,49458402,-4.01,5.5,BUY,
789,의료기기,NEPH,US20190814002,네프로스,47712942,-2.51,4.27,BUY,
789,의료기기,POCI,NAS0221116002,프리시전 옵틱스,46563632,0,4.24,BUY,
789,의료기기,MLSS,US20150601002,마일스톤 사이언티픽,42155959,2.4,0.4864,,
789,의료기기,TELA,US20191107003,텔라 바이오,41773712,-15.05,0.79,,존속 불확실성
789,의료기기,QTI,NAS0230426002,QT 이미징 홀딩스,41723112,-4.3,2.89,,
789,의료기기,NSYS,US19930624001,노테크 시스템즈,41050731,1.64,14.88,,
789,의료기기,NSPR,US20210521002,인스파이어MD,37612352,6.54,0.8526,,
789,의료기기,ELUT,US20201007001,일루시아,36107549,-1.54,0.8015,BUY,
789,의료기기,ARAY,US20070208001,애큐레이,35040777,-0.92,0.2897,HOLD,
789,의료기기,PAVM,US20160727001,파브메드,34120741,-0.84,4.71,,
789,의료기기,PTHL,NAS0240905005,아이토닉 홀딩스,33848218,0.62,0.29,,
789,의료기기,QUCY,US20211103011,퀀텀 사이버 NV,31753812,-1.44,1.37,BUY,공매도 보고서 소송
789,의료기기,BEAT,US20211111001,허트빔,30565463,6.98,0.5871,BUY,
789,의료기기,ABVC,US20210803001,ABVC 바이오파마,24786800,3.67,0.985,,
789,의료기기,MDXH,US20211103009,MDX헬스(ADR),23398580,-2.84,0.4411,BUY,
789,의료기기,CTSO,US20141223001,사이토소벤츠,22826228,-0.55,0.36,HOLD,
789,의료기기,LFWD,US20140911003,라이프워드,21772685,-1.95,7.56,,
789,의료기기,PLSM,NAS0260121001,펄스앤모어,21271168,-0.92,3.23,,
789,의료기기,RVP,US20010504001,리트랙터블 테크놀로지스,20125923,1.04,0.677,,
789,의료기기,AIFF,US20211217014,파이어플라이 뉴로사이언스,18633910,-4.2,1.14,,계속기업 의문
789,의료기기,ADGM,US20210226002,아다지오 메디컬 홀딩스,16585082,-3.37,0.7191,BUY,매출 제로 적자확대
789,의료기기,HIND,NAS0221223002,바이옴 홀딩스,15563552,1.81,2.25,BUY,
789,의료기기,BFRI,US20211014001,바이오프론테라,15544587,0.83,1.22,,
789,의료기기,ICU,US20221031005,시스타 메디컬 홀딩,14798958,0,3.69,,
789,의료기기,IRIX,US19960216001,이리덱스,14704249,5.69,0.8898,,
789,의료기기,NMTC,US20210526003,뉴로원 메디컬 테크놀로지스,13622697,2.56,1.6,BUY,
789,의료기기,BNGO,US20180730001,바이오나노 지노믹스,13356144,2.59,1.19,BUY,
789,의료기기,ICCM,US20210826004,아이스큐어 메디컬,11277744,7.01,3.51,BUY,
789,의료기기,MODD,US20220210007,모듈러 메디컬,10863037,0.5,2.01,,
789,의료기기,BFRG,NAS0230120001,불프로그 AI 홀딩스,10790630,0.86,0.585,,
789,의료기기,AMS,US19840907018,아메리칸 셰어드 호스피털 서비시스,10170627,0,1.53,,
789,의료기기,NDRA,NAS0221209003,엔드라 라이프 사이언시스,9484106,-0.68,4.41,,
789,의료기기,MBAI,US20150319001,체크-캡,9228049,-9.16,1.19,,
789,의료기기,AMIX,NAS0240129001,오토노믹스 메디컬,9051583,-1.83,9.12,BUY,
789,의료기기,TRIB,US19950818018,트리니티 바이오테크(ADR),8940589,1.36,13.38,,
789,의료기기,CUPR,NAS0250410003,쿠프리나 홀딩스,8178644,-1.97,2.98,,
789,의료기기,HSCS,US20220613001,하트사이언시스,8099322,-0.97,2.05,,
789,의료기기,NXL,US20220916005,넥설린 테크놀로지,7518058,5.17,0.358,,
789,의료기기,PMI,AMX0250829001,피카드 메디컬,7501620,-0.27,3.63,,
789,의료기기,SINT,NAS0221220007,SINTX 테크놀로지스,7367677,4.12,1.77,BUY,
789,의료기기,NVNO,US20211001011,엔베노 메디컬,6953129,9.56,11.12,BUY,
789,의료기기,CLGN,US20180131001,콜플란트 바이오테크놀로지스,6164110,-9.2,0.295,BUY,
789,의료기기,INBS,NAS0230210005,인텔리전트 바이오 솔루션스,5935710,4.59,2.05,BUY,
789,의료기기,WOK,NAS0240823002,워크 메디컬 테크놀로지 그룹,5069805,6.7,2.23,,
789,의료기기,BMRA,US20160826001,바이오메리카,5054221,-3.68,1.57,,
789,의료기기,VIVS,US20160808001,비보심 랩스,4894808,-3.21,0.3526,,
789,의료기기,NUWE,NAS0221212006,누웰리스,4523981,4.23,1.48,,
789,의료기기,DRMA,NAS0230314001,더메타 테라퓨틱스,4520078,-3.57,1.08,,
789,의료기기,VVOS,US20201210008,비보스 테라퓨틱스,4429285,-0.94,0.3147,,
789,의료기기,BIAF,US20220810002,바이오어피니티 테크놀로지스,3983308,-0.82,0.486,,
789,의료기기,GCTK,US20220314002,글루코트랙,3120581,-7.74,0.3717,,
789,의료기기,VRAX,US20220713007,바이랙스 바이오랩스 그룹,2303109,-0.35,2.87,,
789,의료기기,AEMD,US20150713001,애슬론 메디컬,2008523,3.25,3.18,,
789,의료기기,VBIO,US20211111007,밸리온 바이오,1199617,7.64,0.31,,
789,의료기기,VTAK,US20201222012,캐시터 프리시전,1111866,-4.56,0.293,,
789,의료기기,BJDX,US20211110005,블루제이 다이어그노스틱스,1024935,8.39,1.07,,
25,화장품제조,IPAR,US19910820001,인터파퓸스,3839739057,0.46,120.04,BUY,
25,화장품제조,YSG,US20201118017,얏센 홀딩(ADR),313631878,0.3,3.34,BUY,
25,화장품제조,UG,US19920317011,유나이티드 가디언,33560076,-1.79,7.15,,
25,화장품제조,BYAH,NAS0241227003,박 하 바이올로지컬 테크놀로지,8119512,2.9,3.55,,
25,화장품제조,ELAB,NAS0231121001,PMGC 홀딩스,4194428,-2.07,0.901,,
229,테마파크,DIS,US19620102001,디즈니,178763783942,0.34,103.53,BUY,
229,테마파크,HAYW,US20210311014,헤이워드 홀딩스,3284105570,0.84,15.56,BUY,
229,테마파크,SEAS,US20130419003,유나이티드 파크&리조트,2002693613,0.27,44.14,HOLD,목표주가 상향
229,테마파크,FUN,NYS0240702001,식스 플래그스 엔터테인먼트,1627213598,0.38,15.91,BUY,
229,테마파크,FBYD,NAS0231006002,팰컨스 비욘드 글로벌,1155707355,4.84,9.96,,
229,테마파크,GDHG,NAS0230410001,골든 헤븐 그룹 홀딩스,26733044,-3.76,1.28,,
459,카드,V,US20080319001,비자,676889431814,0.6,362.82,BUY,
459,카드,MA,US20060525001,마스터카드,495015692562,-0.31,561.44,BUY,미국 카드사용 확대
459,카드,AXP,US19770518001,아메리칸 익스프레스,229611587199,0.58,340.81,BUY,
459,카드,COF,US19941115001,캐피탈 원 파이낸셜,137504616144,0.08,219.15,BUY,
459,카드,SHG,US20030916001,신한 파이낸셜 그룹(ADR),35909322869,-1.19,73.15,,
459,카드,SYF,US20140731002,싱크로니 파이낸셜,27008909272,0.36,78.47,BUY,
459,카드,FLT,US20101215001,코페이,26291151328,1.32,406.16,BUY,
459,카드,GPGI,US20211228001,GPGI INC,4174031084,-1.25,14.17,HOLD,
459,카드,ATLC,US19990423001,애틀랜티쿠스 홀딩스,1526606235,-2.38,93.5,BUY,
459,카드,PMTS,US20210805007,CPI 카드 그룹,330779877,6.68,30.5,,목표가 잇단 상향
363,증권,JPM,US19690401002,제이피모건 체이스,967542784352,0.63,362.04,BUY,아태 기업금융 호조
363,증권,HSBC,US20131118003,HSBC(ADR),356285423476,-0.11,103.21,BUY,
363,증권,MS,US19930628001,모건스탠리,347093129587,-0.12,215.07,BUY,오픈AI 상장협력
363,증권,GS,US19990504001,골드만삭스,304003299484,-0.01,1034.41,HOLD,AI신용시장 기회
363,증권,WFC,US19621210001,웰스파고,274447665779,-0.08,87.45,BUY,
363,증권,C,US19860602001,씨티그룹,228370905427,0.41,135.77,BUY,
363,증권,SCHW,US19870930002,찰스 슈왑,188523621827,-0.27,107.7,BUY,
363,증권,UBS,US19900208001,UBS 그룹,177470223753,-0.5,53.69,BUY,
363,증권,IBKR,US20191007001,인터랙티브 브로커스,154991763781,-0.97,89.78,BUY,
363,증권,BMO,US19941027001,뱅크 오브 몬트리올,127844908534,-0.41,181.17,HOLD,
363,증권,CM,US19881031001,캐나디안 임페리얼 뱅크 오브 커머스,109493329286,-0.28,118.96,BUY,
363,증권,BN,US19970811002,브룩필드,108938993500,1.17,44.8,BUY,AI자금조달 참여
363,증권,PNC,US19871021001,PNC 파이낸셜 서비시스,100778693989,0.98,254.23,BUY,
363,증권,BCS,US19860909002,바클레이즈(ADR),94739869259,-0.5,27.84,BUY,
363,증권,HOOD,US20210727005,로빈후드,85269470978,-0.15,94.38,BUY,
363,증권,TFC,US20191209005,트루이스트 파이낸셜,63568388287,0.87,52.31,HOLD,
363,증권,AMP,US20050915003,아메리프라이즈 파이낸셜,49415445953,0.98,562.98,BUY,
363,증권,ARES,US20140501004,아레스 매니지먼트,46944500144,3.96,143.11,BUY,
363,증권,NTRS,US19900326038,노던 트러스트,34781758020,-0.04,187.78,HOLD,
363,증권,LPLA,US20101118001,LPL 파이낸셜 홀딩스,29400167381,-0.25,371.19,BUY,
363,증권,TROW,US19860409001,티 로웨 프라이스 그룹,24351252551,-0.02,113.75,HOLD,
363,증권,TW,US20190403003,트레이드웹 마케츠,21951932046,0.69,104.42,BUY,
363,증권,OWL,US20210520006,블루 아울 캐피탈,18225025780,5.75,12.32,BUY,채권 수요 호조
363,증권,CG,US20161109004,칼라일 그룹,17265134519,1.17,48.36,HOLD,
363,증권,BEN,US19861205002,프랭클린 리소시스,17088497891,-0.48,33.36,HOLD,차입구조 개선
363,증권,FUTU,US20191017002,푸투 홀딩스(ADR),15290824391,-3.26,105.16,BUY,
363,증권,IVZ,US19940301001,인베스코,14060735901,-1.2,31.36,HOLD,목표가 상향
363,증권,FRHC,US20191015001,프리덤 홀딩,9582429580,0.67,151.0,,순이익 감소
363,증권,AMG,US19971121003,어필리에이티드 매니저스 그룹,9429111862,-1.19,359.07,BUY,
363,증권,VOYA,US20130502003,보야 파이낸셜,9395669834,-2.01,98.22,BUY,
363,증권,VIRT,US20150416001,VIRTU FINANCIAL INC,8669299246,-1.06,55.08,,
363,증권,CBSH,US19840907013,커머스 뱅크셰어스,8440827605,0.63,59.02,HOLD,
363,증권,XP,US20191210001,XP,8398561871,-4.26,15.51,,
363,증권,SNEX,US20200706003,스토넥스 그룹,7832790262,1.93,65.97,BUY,
363,증권,AX,US20181001004,액소스 파이낸셜,5660952365,0.99,100.16,BUY,
363,증권,HLNE,US20170301001,해밀턴 레인,5549661728,4.46,104.84,BUY,
363,증권,PIPR,US20200106001,파이퍼 샌들러,5309029438,1.12,75.71,BUY,
363,증권,MC,US20140415002,모엘리스,5001863457,4.57,66.6,HOLD,
363,증권,FHI,US20200203008,페더레이티드 헤르메스,4730037876,-0.22,63.0,HOLD,
363,증권,LAZ,NYS0240102004,라자드,4172318525,1.97,43.51,HOLD,
363,증권,BULL,US20220815003,위불,3874098128,4.27,7.57,,
363,증권,FSK,US20181220001,FS KKR 캐피탈,3380012603,0.49,12.25,,
363,증권,ETOR,NAS0250514002,이토로 그룹,2713091427,-13.74,29.33,BUY,실적 예상 상회
363,증권,LCLN,NYS2605020001,링컨 인터내셔널,2480216673,0.54,24.36,BUY,
363,증권,TOP,US20220601002,탑 파이낸셜 그룹,1442332604,3.61,12.04,,
363,증권,CODI,US20060511001,컴퍼스 다이버시파이드,1267695111,11.19,12.32,BUY,
363,증권,TIGR,US20190319001,업 핀테크 홀딩스(ADR),925660606,-3.26,4.75,,
363,증권,GAIN,US19861106001,글래드스톤 인베스트먼트,653297333,0.67,16.46,BUY,목표가 상향·매수
363,증권,AXG,NAS0230906001,SOLOWIN HOLDINGS LIMITED,497959961,1.17,2.6,,
363,증권,RILY,US20150716004,B 라일리 파이낸셜,393891418,0,7.27,,
363,증권,GSIW,NAS0231201002,가든 스테이지,145500820,14.34,15.55,,
363,증권,WTF,NAS0250401009,와튼 파이낸셜 리미티드,133102941,0,2.75,,
363,증권,SIEB,US19961112001,시버트 파이낸셜,68603244,0.6,1.68,,2분기 실적 개선
363,증권,RITR,NAS0240820006,리타 로그텍 홀딩스,10538660,-13.85,0.1449,,
463,금융그룹,JPM,US19690401002,제이피모건 체이스,967542784352,0.63,362.04,BUY,아태 기업금융 호조
463,금융그룹,BAC,US19730102001,뱅크오브아메리카,461119576979,0.22,64.0,BUY,
463,금융그룹,HSBC,US20131118003,HSBC(ADR),356285423476,-0.11,103.21,BUY,
463,금융그룹,WFC,US19621210001,웰스파고,274447665779,-0.08,87.45,BUY,
463,금융그룹,MUFG,US20180402002,미쓰비시 UFJ 파이낸셜(ADR),251174387954,-0.54,22.12,,
463,금융그룹,SAN,US19880105004,방코 산탄데르(ADR),211088979968,0.14,14.71,BUY,
463,금융그룹,UBS,US19900208001,UBS 그룹,177470223753,-0.5,53.69,BUY,
463,금융그룹,SMFG,US20060127001,스미토모 미쓰이 파이낸셜 그룹(ADR),160457124869,-0.67,25.15,,
463,금융그룹,BBVA,US19881214001,방코 빌바오 비스카야 아르헨타리아(ADR),158593099459,0.53,28.5,SELL,
463,금융그룹,SONY,US20210401017,소니(ADR),139932235150,-0.88,23.61,,이미지센서 합작
463,금융그룹,COF,US19941115001,캐피탈 원 파이낸셜,137504616144,0.08,219.15,BUY,
463,금융그룹,MFG,US20061108002,미즈호 파이낸셜 그룹(ADR),127503858272,-0.19,10.44,,
463,금융그룹,USB,US19730503007,US 뱅코프,105444825392,0.16,64.29,BUY,
463,금융그룹,ING,US19970613002,ING 그룹(ADR),101814192415,0.31,35.35,BUY,
463,금융그룹,PNC,US19871021001,PNC 파이낸셜 서비시스,100778693989,0.98,254.23,BUY,
463,금융그룹,BCS,US19860909002,바클레이즈(ADR),94739869259,-0.5,27.84,BUY,
463,금융그룹,LYG,US20000417001,로이즈 뱅킹 그룹(ADR),89229003520,-0.33,6.1,HOLD,
463,금융그룹,DB,US20011003001,도이치뱅크,73366644461,-0.1,38.23,BUY,
463,금융그룹,TFC,US20191209005,트루이스트 파이낸셜,63568388287,0.87,52.31,HOLD,
463,금융그룹,STT,US19950214001,스테이트 스트리트,51879480398,0.29,187.22,BUY,
463,금융그룹,SLF,US20000323001,선 라이프 파이낸셜,45953437336,-2.46,80.6,,복수 목표가 상향
463,금융그룹,KB,US20011102001,KB 파이낸셜 그룹 (ADR),43051475543,-2.58,117.62,,대출규제 부담
463,금융그룹,RKT,US20200806007,로켓 컴퍼니스,39095544359,4.07,14.32,BUY,
463,금융그룹,MTB,US19960919001,M&T 뱅크,38470186786,0.41,252.16,HOLD,
463,금융그룹,HBAN,US19900326022,헌팅턴 뱅크셰어스,36613451000,0.97,17.77,BUY,
463,금융그룹,SHG,US20030916001,신한 파이낸셜 그룹(ADR),35909322869,-1.19,73.15,,
463,금융그룹,RJF,US19860411001,레이먼드 제임스 파이낸셜,34566896442,0.52,180.02,HOLD,
463,금융그룹,CFG,US20140924001,시티즌스 파이낸셜 그룹,31850332699,0.44,72.99,BUY,
463,금융그룹,BAP,US19951026001,크레디코프,30437583961,-1.36,377.0,BUY,
463,금융그룹,NMR,US20011217001,노무라 홀딩스(ADR),28797191650,-0.41,9.78,BUY,
463,금융그룹,RF,US19811101001,리전스 파이낸셜,28136524941,0.45,31.6,HOLD,
463,금융그룹,FCNCA,US19920225004,퍼스트 시티즌스 뱅크셰어스,23897640700,0.89,2253.13,HOLD,
463,금융그룹,WF,US20190213002,우리 파이낸셜 그룹(ADR),17433090401,0.51,70.55,,
463,금융그룹,SF,US19861124001,스티펄 파이낸셜,13208869657,0.86,84.4,BUY,
463,금융그룹,WBS,US19861212001,웹스터 파이낸셜,13052211402,0.06,78.75,HOLD,
463,금융그룹,FHN,US19730131001,퍼스트 호라이즌,12634302188,0.79,25.43,BUY,목표주가 상향
463,금융그룹,UMBF,US19900327006,UMB 파이낸셜,11454013950,0.98,147.54,BUY,
463,금융그룹,WTFC,US19980416002,윈트러스트 파이낸셜,11221190058,1.82,162.1,BUY,
463,금융그룹,BPOP,US19900326002,파퓰러,11132536493,0.51,174.84,BUY,목표가 상향
463,금융그룹,CFR,US19860630001,컬런 프로스트 뱅커스,10429859615,0.22,166.01,HOLD,
463,금융그룹,ZION,US19900326058,자이언스 뱅코프,10390800721,0.54,71.0,HOLD,
463,금융그룹,BOKF,US19950110001,BOK 파이낸셜,8728888704,0.61,144.03,HOLD,
463,금융그룹,OMF,US20151127002,원메인 홀딩스,7290661937,0.81,63.67,BUY,
463,금융그룹,UBSI,US19900326051,유나이티드 뱅크셰어스,6567211498,0.94,48.5,HOLD,
463,금융그룹,FLG,US19931123001,플래그스타 파이낸셜,6324842877,1.28,14.19,BUY,
463,금융그룹,ABCB,US19940519001,아메리스 뱅코프,5896511384,0.75,88.23,HOLD,
463,금융그룹,FFIN,US19931101001,퍼스트 파이낸셜 뱅크셰어스,4942873544,1.25,34.8,HOLD,
463,금융그룹,WSFS,US19861126001,WSFS 파이낸셜,4130330743,0.67,81.11,BUY,
463,금융그룹,INDB,US19860101001,인디펜던트 뱅코프 매사추세츠,3983943781,1.17,84.8,BUY,
463,금융그룹,FIBK,US20100324001,퍼스트 인터스테이트 뱅크시스템,3574568407,1.71,38.02,HOLD,
463,금융그룹,SFNC,US19921102001,시몬스 퍼스트 내셔널,3411941967,0.72,23.7,,
463,금융그룹,BUSE,US19981006001,퍼스트 뷰지,2553794383,0.84,31.08,BUY,
463,금융그룹,HTH,US20040212001,힐탑 홀딩스,2228526905,0.95,39.14,,
463,금융그룹,FCF,US19920610001,퍼스트 커먼웰스 파이낸셜,2173953824,0.51,21.54,BUY,
463,금융그룹,AVAL,US20140923002,그루포 아발 악시오네스 이 발로레스(ADR),2003973339,-0.38,5.26,,
463,금융그룹,FMAO,US20170510001,파머스 앤 머천츠 뱅코프,475127260,1.98,35.06,HOLD,
129,화학,ITW,US19730313001,일리노이 툴 웍스,84163773228,-0.47,293.15,HOLD,회사채 발행 부담
129,화학,APD,US19611113001,에어 프로덕츠 앤 케미컬스,68859976361,0.37,309.31,BUY,
129,화학,OXY,US19860522001,옥시덴탈 페트롤리움,58827571569,0.7,59.06,HOLD,
129,화학,CTVA,US20190603004,코르테바,51193514433,-0.33,76.22,BUY,목표가 하향
129,화학,KMB,US19460822001,킴벌리클라크,36047028214,0.51,108.57,HOLD,
129,화학,NTR,US20180102005,뉴트리엔,31751120179,1.46,67.28,BUY,비료 수요 견조
129,화학,DOW,US20190402005,다우,22164094549,2.22,31.26,HOLD,
129,화학,LYB,US20100428001,라이온델바젤 인더스트리스,20306966125,2.12,63.98,HOLD,JP모건 의견상향
129,화학,DD,US20190603005,듀폰,19180162898,2.08,144.49,BUY,
129,화학,CF,US20050811001,CF 인더스트리스 홀딩스,18446907384,-3.03,117.8,HOLD,목표가 상향
129,화학,ALB,US20100510001,알버말,18071766890,-1.41,129.36,BUY,
129,화학,NDSN,US19900326036,노드슨,17257626308,0.87,311.36,BUY,
129,화학,CSL,US19860602002,칼라일,15351759354,1.22,389.96,BUY,
129,화학,RPM,US19900326068,RPM 인터내셔널,14859286931,0.63,116.66,BUY,
129,화학,SQM,US19930921001,SQM 우선주 B(ADR),10438210574,-0.85,72.22,HOLD,
129,화학,WLK,US20040811002,웨스트레이크,10141708398,2.21,80.84,HOLD,
129,화학,AVTR,US20190516001,어밴터,9317901787,0.29,13.77,HOLD,
129,화학,ESI,US20190201001,엘리먼트 솔루션즈,9113163254,1.02,37.65,BUY,
129,화학,EMN,US19940101001,이스트만 케미컬,8426070736,1.84,74.77,BUY,
129,화학,AXTA,US20141112001,엑솔타 코팅 시스템즈,8040084524,-0.43,37.28,BUY,
129,화학,MOS,US20041025001,모자이크,7486314883,-1.58,23.1,HOLD,
129,화학,SSL,US20030409001,사솔(ADR),7317469365,0,11.51,,
129,화학,ICL,US20140924002,ICL 그룹,6915811793,0,5.34,HOLD,
129,화학,CSW,US20151002001,CSW 인더스트리얼스,5684459150,1.03,351.29,BUY,
129,화학,PRM,US20211109018,페리미터 솔루션스,5672921040,-0.03,34.53,BUY,
129,화학,SXT,US19880105006,센시언트 테크놀로지스,5524598615,1.96,131.9,BUY,
129,화학,CE,US20050121001,셀라니즈,4895985896,0.85,44.84,BUY,
129,화학,PAM,US19900918001,팜파 에네르히아(ADR),4513493578,-3.51,79.81,BUY,
129,화학,CBT,US19680823001,캐보트,4478638548,0.61,86.98,HOLD,
129,화학,MEOH,US19920519001,메타넥스,4287319572,-1.74,54.27,BUY,
129,화학,AVNT,US20200713001,애비엔트,4200767902,-0.39,45.47,BUY,
129,화학,CLMT,NAS0240711002,캘러멧,4010287647,1.25,46.04,BUY,BofA 목표가상향
129,화학,OTTR,US19900326040,오터 테일,3891360995,2.07,94.28,HOLD,
129,화학,SMG,US19920131001,스코츠 미라클 그로,3637671952,-0.39,62.03,BUY,
129,화학,ASH,US19500508001,애쉬랜드,3464530361,-1.09,74.58,BUY,
129,화학,FUL,US19900326059,HB 풀러,3305652172,1.27,62.03,BUY,
129,화학,KWR,US19960823002,퀘이커 호턴,2967518083,-0.56,170.9,BUY,
129,화학,HWKN,US19931027001,호킨스,2736793267,-0.77,129.66,BUY,
129,화학,NGVT,US20160516001,인제비티,2657457433,0.97,77.79,BUY,
129,화학,IOSP,US19980513001,이노스펙,2295737649,1.16,93.97,,
129,화학,CC,US20150702005,케무어스,2203227341,1.44,14.8,HOLD,
129,화학,OLN,US19740524001,올린,2152425755,1.38,19.08,HOLD,
129,화학,HUN,US20050211001,헌츠맨,1823084567,0.77,10.44,HOLD,
129,화학,PCT,US20210318012,퓨어사이클 테크놀로지스,1544279605,5.52,7.65,HOLD,
129,화학,SCL,US19960314002,스테판,1479433092,0.29,65.05,,
129,화학,FTK,US19980430001,플로텍 인더스트리스,1367233849,3.19,38.82,BUY,가이던스 상향
129,화학,FMC,US19860529001,FMC,1314315178,-0.48,10.41,HOLD,
129,화학,ODC,US19931220001,오일 드리 코퍼레이션 오브 아메리카,1279588311,-0.66,87.44,,
129,화학,MYE,US19870908001,마이어스 인더스트리스,1251645818,-2.65,32.28,,
129,화학,UAN,US20110408002,CVR 파트너스,1240947682,2.7,120.17,,
129,화학,CMP,US20031212001,컴퍼스 미네랄스 인터내셔널,1138170280,-0.15,26.98,HOLD,의견하향 부담
129,화학,ECVT,US20210803005,에코비스트,1107032938,0.4,10.12,BUY,
129,화학,GPRE,US20060315001,그린 플레인스,1061325827,3.11,15.56,BUY,
129,화학,TROX,US20101201001,트로녹스 홀딩스,996703079,2.73,6.39,HOLD,수요와 가격 회복
129,화학,KRO,US20031205001,크로노스 월드와이드,980492016,-1.41,8.37,,
129,화학,KOP,US20060201002,코퍼스 홀딩스,959032217,-8.96,46.01,,경영진 매도부담
129,화학,LXU,US19950818026,LSB 인더스트리스,728918591,-0.99,9.99,BUY,
129,화학,MATV,US20220706002,마티브 홀딩스,708829127,0,12.8,,
129,화학,ASPI,US20221018001,ASP 아이소토프,641653931,0.7,4.32,,
129,화학,RYAM,US20140701006,레이어니어 어드밴스드 머티리얼스,595251680,-0.57,8.72,BUY,
129,화학,IPI,US20080422001,인트레피드 포타시,509712293,-2.3,36.88,HOLD,
129,화학,VHI,US19671023001,밸히,475988846,-2.33,16.36,,
129,화학,ASIX,US20161003002,어드밴식스,440528288,2.95,16.74,,
129,화학,OEC,US20140724006,오라이언,390195045,-3.05,6.67,HOLD,
129,화학,BAK,US20191024006,브라스켐(ADR),386047164,-0.9,2.21,HOLD,
129,화학,HDSN,US19941101002,허드슨 테크놀로지스,240718356,-2.98,5.53,,
129,화학,CDXS,US20100422002,코덱시스,161889306,-1.33,1.48,,실적 추정치 상회
129,화학,ACNT,US20220811001,어센트 인더스트리스,141024134,-1.73,15.33,,
129,화학,GRO,AMX0241127001,브라질 포태시,138996321,-1.33,2.23,BUY,
129,화학,CITR,AMX0251204001,제너럴 엔터프라이즈 벤처스,131010105,0.86,5.89,BUY,
129,화학,WFF,NAS0250327005,WF 홀딩,98004706,-12.88,2.03,,
129,화학,LNZA,NAS0230210006,란자테크 글로벌,83004067,-1.58,6.22,,
129,화학,NTIC,US19930913001,노던 테크놀로지스 인터내셔널,77277320,-1.11,8.02,,
129,화학,AVD,US19870303001,아메리칸 뱅가드,65729669,-4.37,2.19,,
129,화학,FSI,US19991013001,플렉서블 솔루션즈 인터내셔널,63697841,-1.61,4.9,,
129,화학,VGAS,NAS0230216003,버드 클린 퓨얼스,55428882,4.03,1.29,,
129,화학,DSWL,US19950719001,데스웰 인더스트리,51483337,2.17,3.3,,
129,화학,EXOZ,NAS0241113002,엑소자임스,48426751,10.77,5.76,,
129,화학,FTEK,US19930907001,퓨얼 테크,43225272,1.45,1.4,,
129,화학,BIOX,US20210427001,바이오케레스 크랍 솔루션즈,22923571,0.22,0.3588,,
129,화학,PLAG,US20181001007,플래닛 그린 홀딩스,8078752,927.05,5.81,,
129,화학,BGLC,NAS0230720001,바이오넥서스 진 랩,3783799,-2.56,1.52,,
129,화학,NXTS,US20210514009,넥센티스 테크놀로지,2741532,0.53,1.89,,
425,윤활유,VVV,US20160923002,밸보라인,4316805004,-2.08,33.02,BUY,
425,윤활유,CLMT,NAS0240711002,캘러멧,4010287647,1.25,46.04,BUY,BofA 목표가상향
425,윤활유,CSAN,US20210311012,코장(ADR),2673925701,-5.15,2.58,HOLD,
433,과자,PEP,US20171220003,펩시코,188624071881,0.49,138.41,HOLD,
433,과자,MDLZ,US20010613001,몬덜리즈 인터내셔널,78797573987,0.41,61.78,BUY,
433,과자,HSY,US19470919001,허쉬,36843697121,-0.42,181.98,HOLD,
433,과자,CPB,US19541213001,캠벨스,6708458851,1.34,22.72,HOLD,
433,과자,UTZ,US20200831005,UTZ 브랜즈,2038196016,0,14.11,HOLD,
433,과자,TR,US19871230007,투시 롤 인더스트리스,1705682260,0.03,39.56,,
433,과자,JJSF,US19860204001,제이앤제이 스낵 푸즈,1686859562,0.19,90.16,BUY,
433,과자,JBSS,US19911203001,존 비 샌필리포 앤 선,968481718,1.36,83.69,BUY,
433,과자,BOF,NAS0230616001,브랜치아웃 푸드,63162374,3.16,4.24,,
433,과자,SOWG,NAS0240502004,소 굿,60363180,7.02,3.2,,
433,과자,LSF,US20200922002,레어드 슈퍼푸드,48252095,5.95,4.63,,
433,과자,RMCF,US19860219001,로키 마운틴 초콜릿 팩토리,7392585,-13.84,0.6725,,
273,은행,JPM,US19690401002,제이피모건 체이스,967542784352,0.63,362.04,BUY,아태 기업금융 호조
273,은행,BAC,US19730102001,뱅크오브아메리카,461119576979,0.22,64.0,BUY,
273,은행,HSBC,US20131118003,HSBC(ADR),356285423476,-0.11,103.21,BUY,
273,은행,RY,US19951016001,로열 뱅크 오브 캐나다,293272576393,-0.25,210.26,BUY,
273,은행,WFC,US19621210001,웰스파고,274447665779,-0.08,87.45,BUY,
273,은행,C,US19860602001,씨티그룹,228370905427,0.41,135.77,BUY,
273,은행,SAN,US19880105004,방코 산탄데르(ADR),211088979968,0.14,14.71,BUY,
273,은행,TD,US19960830001,토론토 도미니언 뱅크,203044680808,0.24,121.37,BUY,
273,은행,UBS,US19900208001,UBS 그룹,177470223753,-0.5,53.69,BUY,
273,은행,BBVA,US19881214001,방코 빌바오 비스카야 아르헨타리아(ADR),158593099459,0.53,28.5,SELL,
273,은행,COF,US19941115001,캐피탈 원 파이낸셜,137504616144,0.08,219.15,BUY,
273,은행,BMO,US19941027001,뱅크 오브 몬트리올,127844908534,-0.41,181.17,HOLD,
273,은행,HDB,US20010720001,HDFC 뱅크(ADR),120857641816,-0.68,23.29,BUY,
273,은행,CM,US19881031001,캐나디안 임페리얼 뱅크 오브 커머스,109493329286,-0.28,118.96,BUY,
273,은행,BNS,US19690127001,뱅크 오브 노바스코샤,109425628331,0.34,88.86,BUY,
273,은행,IBN,US20000328001,ICICI 뱅크(ADR),108290791902,-0.7,29.87,,
273,은행,USB,US19730503007,US 뱅코프,105444825392,0.16,64.29,BUY,
273,은행,PNC,US19871021001,PNC 파이낸셜 서비시스,100778693989,0.98,254.23,BUY,
273,은행,BCS,US19860909002,바클레이즈(ADR),94739869259,-0.5,27.84,BUY,
273,은행,NWG,US20200723011,냇웨스트 그룹(ADR),76592762293,-0.68,19.05,BUY,
273,은행,NU,US20211208010,누 홀딩스,67177579290,-1.52,13.65,BUY,
273,은행,TFC,US20191209005,트루이스트 파이낸셜,63568388287,0.87,52.31,HOLD,
273,은행,ITUB,US20010702001,이타우 우니방쿠 홀딩스(ADR),42728966745,-4.82,7.5,,
273,은행,SHG,US20030916001,신한 파이낸셜 그룹(ADR),35909322869,-1.19,73.15,,
273,은행,KEY,US19920901001,키코프,26136959669,0.04,22.69,BUY,
273,은행,BSBR,US20091007002,방코 산탄데르 브라질(ADR),21957860909,-0.17,5.75,BUY,
273,은행,BCH,US20020108001,방코 데 칠레(ADR),21027065895,-1.42,40.9,HOLD,
273,은행,EWBC,US19990203001,이스트 웨스트 뱅코프,18126280834,0.9,133.04,BUY,
273,은행,WF,US20190213002,우리 파이낸셜 그룹(ADR),17433090401,0.51,70.55,,
273,은행,BBD,US19970613001,방쿠 브라데스쿠 우선주(ADR),16889529430,-3.6,3.21,BUY,
273,은행,BBDO,US20120313001,방쿠 브라데스쿠(ADR),16889529430,-4.72,3.03,,
273,은행,BSAC,US19940518001,방코 산탄데르 칠레(ADR),16771861069,-1.27,35.03,HOLD,
273,은행,PNFP,US20000822001,피너클 파이낸셜 파트너스,16642559088,1.1,105.7,BUY,목표가 상향
273,은행,JEF,US20180524002,제프리스 파이낸셜 그룹,12795094085,-0.56,55.0,BUY,
273,은행,EVR,US20060811001,에버코어,12271474710,1.71,303.06,BUY,
273,은행,SSB,US20140701005,사우스스테이트,10563259689,1.68,110.38,BUY,
273,은행,ONB,US20130815001,올드 내셔널 뱅코프,10410412448,1.21,26.84,BUY,
273,은행,WAL,US20050630003,웨스턴 얼라이언스 뱅코프,9107260473,1.27,81.5,BUY,
273,은행,COLB,US19880728001,컬럼비아 뱅킹 시스템즈,8873517775,1.44,31.71,BUY,
273,은행,PB,US19981112001,프로스페리티 뱅크셰어스,8843656329,0.41,73.64,HOLD,
273,은행,HLI,US20150813002,훌리한 로키,8652541202,1.67,125.45,HOLD,주식선반공모 부담
273,은행,VLY,US20181010003,벨리 내셔널 뱅코프,8492485131,0.82,14.77,BUY,
273,은행,CBSH,US19840907013,커머스 뱅크셰어스,8440827605,0.63,59.02,HOLD,
273,은행,CBC,NAS0251120002,센트럴 뱅컴퍼니,7948807388,-0.15,32.99,BUY,
273,은행,FNB,US19860930001,FNB,6712055459,0.84,19.11,BUY,
273,은행,IFS,US20190718005,인터코프 파이낸셜 서비시스,6508604166,-2.09,57.18,BUY,
273,은행,GBCI,US19920127001,글레이셔 뱅코프,6370667963,0.72,49.11,,
273,은행,ASB,US20141223002,어소시에이티드 뱅크,6255500675,1.69,31.88,BUY,
273,은행,HWC,US20180525001,핸콕 휘트니,6232738308,1.02,78.22,BUY,
273,은행,HOMB,US20211122005,홈 뱅크셰어스,6174396348,0.81,31.01,HOLD,
273,은행,GGAL,US20000724001,그루포 피난시에로 갈리시아(ADR),6171659393,-4.07,44.53,BUY,
273,은행,AUB,NYS0230118002,애틀랜틱 유니언 뱅크셰어스,6139421932,1.2,42.15,BUY,
273,은행,OZK,US20180716001,뱅크 OZK,5871617034,0.54,51.87,HOLD,웰스파고 목표가 상향
273,은행,AX,US20181001004,액소스 파이낸셜,5660952365,0.99,100.16,BUY,
273,은행,BMA,US20060324001,방코 마크로(ADR),5306564813,-4.5,80.4,BUY,
273,은행,EBC,US20201015006,이스턴 뱅크셰어스,5259833469,0.83,23.13,BUY,
273,은행,SFBS,US20210621007,서비스퍼스트 뱅크셰어스,4852184104,0.94,89.28,,
273,은행,FULT,US19900326020,풀턴 파이낸셜,4739719115,1.08,24.27,BUY,
273,은행,TCBI,US20030813002,텍사스 캐피탈 뱅크셰어스,4576343595,1.08,100.35,HOLD,
273,은행,IBOC,US19960530003,인터내셔널 뱅크셰어스,4543521434,-1.06,72.04,,
273,은행,FBP,US19930311002,퍼스트 뱅코프 푸에르토리코,4431672238,0.38,29.04,BUY,목표가 상향
273,은행,UCB,US20020321001,유나이티드 커뮤니티 뱅크,4282849022,2.09,36.14,BUY,
273,은행,WSBC,US19950818022,웨스뱅코,4251082533,1.13,42.19,BUY,
273,은행,CATY,US19901217001,캐세이 제너럴 뱅코프,4241992894,0.52,63.7,HOLD,
273,은행,CVBF,US19920317001,CVB 파이낸셜,3982202176,1.2,22.82,BUY,
273,은행,RNST,US19920424002,르네산트,3916207608,0.54,42.93,,
273,은행,BANF,US19950401001,뱅크퍼스트,3785598564,1.15,113.58,,
273,은행,NIC,US20220524004,니콜레 뱅크셰어스,3645095886,2.27,177.27,BUY,
273,은행,PRK,US19900101002,파크 내셔널,3642123045,1.22,203.39,HOLD,
273,은행,FFBC,US19900326016,퍼스트 파이낸셜 뱅코프,3539971330,1.16,34.0,,
273,은행,BBAR,US20190617004,BBVA 아르헨티나(ADR),3539130102,-4.69,16.46,BUY,
273,은행,BANC,US20140530001,뱅크 오브 캘리포니아,3533766342,2.85,19.49,BUY,
273,은행,TOWN,US19990505001,타운뱅크,3452975811,0.56,37.44,BUY,
273,은행,BOH,US19910424001,뱅크 오브 하와이,3398474653,0.94,79.43,HOLD,
273,은행,SBCF,US19900326045,시코스트 뱅킹 오브 플로리다,3382810908,1.58,35.37,HOLD,
273,은행,CBU,US19840718001,커뮤니티 파이낸셜 시스템즈,3380422372,1.33,64.88,HOLD,
273,은행,FHB,US20160805001,퍼스트 하와이안,3329484692,0.73,27.47,HOLD,
273,은행,BKU,US20110128003,뱅크유나이티드,3306379546,1.6,47.0,,
273,은행,PFS,US20030116001,프로비던트 파이낸셜 서비스,3185252815,1.64,24.74,BUY,
273,은행,FBK,US20160916004,FB 파이낸셜,3045967605,1.44,61.4,BUY,
273,은행,MBIN,US20171026002,머천츠 뱅코프,3023130850,0.8,54.44,HOLD,
273,은행,WAFD,US19900326056,워페드,2969920696,1.96,38.06,,
273,은행,AGM,US19881201001,페더럴 애그리컬처럴 모기지,2956459053,0.46,234.68,,
273,은행,AGM.A,US19881201002,페더럴 애그리컬처럴 모기지 A,2956459053,0,163.0,,
273,은행,CUBI,US20141230001,커스터머스 뱅코프,2850020881,0.61,82.86,BUY,
273,은행,TBBK,US20040203001,뱅코프,2820969744,0.77,69.46,BUY,
273,은행,TRMK,US19920303007,트러스트마크,2756053874,1.16,47.85,HOLD,
273,은행,NBTB,US19920317006,NBT 뱅코프,2735590817,0.82,52.9,HOLD,
273,은행,FBNC,US19870430001,퍼스트 뱅코프 오브 노스 캐롤라이나,2686821155,0.76,65.21,BUY,
273,은행,FRME,US19920225006,퍼스트 머천츠,2673386903,0.83,42.77,,
273,은행,BBT,US20000628001,비콘 파이낸셜 코퍼레이션,2652525002,0.6,31.73,HOLD,2분기 실적 호조
273,은행,SYBT,US19880101001,스탁 야즈 뱅코프,2591952276,0.47,83.54,HOLD,
273,은행,NTB,US20160916005,뱅크 오브 NT 버터필드 앤 선,2506436813,1.41,63.41,,
273,은행,EFSC,US19980908001,엔터프라이즈 파이낸셜 서비시스,2441099376,0.81,66.21,BUY,
273,은행,BANR,US19951101001,배너,2435093072,1.89,72.76,BUY,
273,은행,INTR,US20220623004,인터 & CO,2369973409,-2.8,5.2,BUY,
273,은행,LC,US20141211003,해펀,2251130017,-1.08,19.23,BUY,
273,은행,OFG,US19941229002,OFG 뱅코프,2209500444,0.84,52.54,HOLD,
273,은행,SRCE,US19830812001,퍼스트 소스,2110198427,0.86,88.08,,
273,은행,LOB,US20150723001,라이브 오크 뱅크셰어스,2062087217,1.3,42.78,,
273,은행,CHCO,US19930219002,시티 홀딩,2043455167,0.92,146.33,HOLD,
273,은행,RBCAA,US19980722001,리퍼블릭 뱅코프,1921019192,1.6,99.07,HOLD,
273,은행,NBHC,US20120920001,내셔널 뱅크 홀딩스,1917226876,0.68,43.19,BUY,
273,은행,CNOB,US20130212001,커넥트원 뱅코프,1891948348,0.95,32.89,BUY,
273,은행,GABC,US19930521001,저먼 아메리칸 뱅코프,1873623900,1.29,50.33,BUY,
273,은행,DCOM,US19960626001,다임 커뮤니티 뱅크셰어스,1870816267,1.22,40.63,,
273,은행,FSUN,NAS0240712001,퍼스트선 캐피탈 뱅코프,1861476639,2.37,40.61,,
273,은행,OCFC,US19960703001,오션퍼스트 파이낸셜,1842486846,0.42,19.08,HOLD,
273,은행,TCBK,US19930420001,트라이코 뱅크셰어스,1825070063,0.39,57.12,HOLD,
273,은행,CASH,US19930920001,패스워드 파이낸셜,1814245657,0.51,87.48,BUY,
273,은행,STBA,US19920421001,S&T 뱅코프,1796855132,1.0,51.29,HOLD,
273,은행,HOPE,US20160801003,호프 뱅코프,1794451026,1.71,14.24,BUY,
273,은행,BY,US20170628004,바이라인 뱅코프,1743310313,0.86,38.78,BUY,
273,은행,QCRH,US19931006001,QCR 홀딩스,1704403397,0.58,104.33,,
273,은행,BFC,US20181024004,뱅크 퍼스트,1700960342,2.62,156.93,,
273,은행,ESQ,US20170627001,에스콰이어 파이낸셜 홀딩스,1566090915,3.01,132.92,BUY,
273,은행,LKFN,US19970814001,레이크랜드 파이낸셜,1522219142,1.36,61.86,HOLD,
273,은행,AMAL,US20180809001,아말거메이티드 파이낸셜,1481776730,1.26,50.01,,
273,은행,BHRB,NAS0230426001,버크 앤드 허버트 파이낸셜 서비시스,1473182330,1.22,73.62,BUY,
273,은행,PEBO,US19930211001,피플스 뱅코프,1464928356,0.79,40.94,,
273,은행,CTBI,US19930517001,커뮤니티 트러스트 뱅코프,1412244845,0.8,78.09,BUY,
273,은행,FMBH,US20140512001,퍼스트 미드 뱅크셰어스,1364768738,1.0,51.64,BUY,
273,은행,WABC,US19920317013,웨스트아메리카 뱅코프,1357515358,0.51,58.84,,
273,은행,HBT,US20191010001,HBT 파이낸셜,1311412727,1.4,36.19,,합병 평가 긍정
273,은행,OSBC,US19950818012,올드 세컨드 뱅코프,1290500046,0.67,25.45,BUY,
273,은행,PFBC,US19990819001,프리퍼드 뱅크 로스 앤젤리스,1252841899,1.35,106.76,HOLD,
273,은행,HFWA,US19980109001,헤리티지 파이낸셜,1207407651,0.41,29.53,HOLD,
273,은행,UVSP,US19980416001,유니베스트 파이낸셜,1167579070,1.23,42.71,,
273,은행,MCB,US20171107005,메트로폴리탄 뱅크,1149688640,0.54,92.92,BUY,
273,은행,NBN,US19870820002,노스이스트 뱅크,1148761137,0.61,134.64,,
273,은행,FSBC,US20210504002,파이브 스타 뱅코프,1132758382,1.98,46.92,BUY,
273,은행,AMTB,US20181024002,아머란트 뱅코프,1127383835,1.33,29.05,,
273,은행,CFFN,US19990401001,캐피톨 페더럴 파이낸셜,1106112651,0.46,8.81,HOLD,
273,은행,CCNE,US19960530002,CNB 파이낸셜,1079794320,0.73,34.53,BUY,
273,은행,MBWM,US19971024001,머천틸 뱅크,1050906548,0.43,60.85,BUY,
273,은행,EQBK,US20151110001,에퀴티 뱅크셰어스,1047373486,1.1,51.25,BUY,
273,은행,HBNC,US19940425002,호라이즌 뱅코프,1041707189,0.79,20.38,BUY,
273,은행,BFST,US20180409001,비즈니스 퍼스트 뱅크셰어스,1030105110,1.4,31.98,BUY,
273,은행,MCBS,US20191003001,메트로시티 뱅크셰어스,1022310962,1.38,35.89,,
273,은행,CPF,US19880129001,센트럴 퍼시픽 파이낸셜,994379704,0.52,38.69,BUY,
273,은행,AGBK,NYS2602011001,아지뱅크,993324613,0.32,6.21,BUY,
273,은행,NBBK,NAS0231228001,NB 뱅코프,992777134,0.75,22.75,,
273,은행,CAC,US19971007001,캠던 내셔널,972840916,1.24,58.09,HOLD,
273,은행,THFF,US19920303006,퍼스트 파이낸셜,965675167,0.51,81.34,HOLD,
273,은행,FRBT,NAS2606011003,포브라이트,964715220,0.78,19.5,BUY,
273,은행,SBSI,US19980513002,사우스사이드 뱅크셰어스,955894004,1.35,32.39,HOLD,
273,은행,MPB,US19971204001,미드 펜 뱅코프,949098245,1.29,37.81,BUY,
273,은행,HAFC,US19970509004,한미 파이낸셜,942474001,0.92,31.97,HOLD,
273,은행,FMNB,US19990104004,파머스 내셔널 뱅코프,934530586,2.16,16.06,BUY,
273,은행,FCBC,US19970509003,퍼스트 커뮤니티 뱅크셰어스,905840887,1.72,48.56,HOLD,
273,은행,CCBG,US19970203001,캐피탈 시티 뱅크 그룹,884323849,0.78,51.9,HOLD,
273,은행,SMBK,US20151221001,스마트파이낸셜,879611837,1.31,51.94,BUY,
273,은행,GSBC,US19891201001,그레이트 서던 뱅코프,877272205,0.11,80.32,,
273,은행,EGBN,US19990714001,이글 뱅코프,845434619,2.71,28.39,BUY,
273,은행,SMBC,US19940412001,서던 미주리 뱅코프,844764735,0.76,77.04,,
273,은행,IBCP,US20100202001,인디펜던트 뱅코프 미시건,844206736,0.26,38.0,,
273,은행,SPFI,US20190508008,사우스 플레인스 파이낸셜,840805348,1.17,45.0,BUY,
273,은행,ORRF,US19990513002,오스타운 파이낸셜 서비시스,839188993,0.63,42.79,BUY,
273,은행,ALRS,US20190912001,앨러루스 파이낸셜,829841434,0.69,33.44,HOLD,
273,은행,HTB,US20120711001,홈트러스트 뱅크셰어스,829114854,0.51,49.75,BUY,
273,은행,FISI,US19990625001,파이낸셜 인스티튜션스,817226118,0.75,41.64,,
273,은행,MSBI,US20160524001,미드랜드 스테이츠 뱅코프,807342972,0.45,33.35,,
273,은행,PGC,US19990427002,피팩 글래드스톤 파이낸셜,803131653,0.71,45.47,BUY,
273,은행,SHBI,US20010409001,쇼어 뱅크셰어스,790256816,0.97,23.83,BUY,
273,은행,CCB,US20180717001,코스탈 파이낸셜,745588476,6.69,51.86,BUY,경영진 주식매입
273,은행,SUPV,US20160519005,그루포 수페르비에예(ADR),744909883,-1.3,8.37,HOLD,
273,은행,TCBX,US20211109017,THIRD COAST BANCSHARES INC,739983247,1.42,44.91,BUY,
273,은행,WASH,US19950818021,워싱턴 트러스트 뱅코프,737234730,1.25,39.0,HOLD,
273,은행,CASS,US19960102002,캐스 인포메이션 시스템즈,736152503,0.35,57.49,BUY,
273,은행,CARE,US20190325001,카터 뱅크셰어스,705424255,0.91,32.01,BUY,
273,은행,PFIS,US20140403002,피플스 파이낸셜 서비시스,697577831,1.08,70.2,,
273,은행,BCAL,NAS0230511002,서던 캘리포니아 뱅코프,690032411,0.47,21.49,,
273,은행,CWBC,US19940405001,커뮤니티 웨스트 뱅크셰어스,677855021,2.29,25.47,,
273,은행,RRBI,US20190502002,레드 리버 뱅크셰어스,665135980,1.7,102.39,HOLD,
273,은행,BHB,US19941207001,바 하버 뱅크셰어스,662151008,1.14,39.81,,
273,은행,BWB,US20180314001,브리지워터 뱅크셰어스,655858873,1.16,21.71,,
273,은행,ACNB,US19960102001,ACNB,647878714,1.46,64.42,BUY,
273,은행,VBNK,US20210922017,버사뱅크,617920768,1.1,19.26,BUY,
273,은행,KRNY,US20050224001,커니 파이낸셜,614498511,0.74,9.53,BUY,
273,은행,CBNK,US20180925002,캐피탈 뱅코프,609858260,0.96,37.67,BUY,
273,은행,UNTY,US19890511001,유니티 뱅코프,599660696,1.98,60.69,BUY,
273,은행,SFST,US19991027002,서던 퍼스트 뱅크셰어스,596368377,1.39,63.62,BUY,
273,은행,FBIZ,US20051007001,퍼스트 비즈니스 파이낸셜 서비시스,591379667,1.35,71.38,BUY,
273,은행,NRIM,US19901105001,노스림 뱅코프,589699929,1.29,26.76,BUY,
273,은행,NPB,NYS0250214001,노스포인트 뱅크셰어스,589538160,0.59,17.09,BUY,
273,은행,CIVB,US20150505001,시비스타 뱅크셰어스,586925749,1.14,28.45,BUY,
273,은행,GCBC,US19981230002,그린 카운티 뱅코프,586125519,1.52,34.83,,
273,은행,HBCP,US20081003001,홈 뱅코프,557796449,1.49,71.68,HOLD,
273,은행,BWFG,US20140515001,뱅크웰 파이낸셜 그룹,534573771,1.74,67.99,,
273,은행,OBT,US20210805006,오랜지 카운티 뱅코프,515129805,1.25,38.77,BUY,
273,은행,WSBF,US20051005001,워터스톤 파이낸셜,513455969,1.17,20.81,,
273,은행,BSRR,US19960530001,시에라 뱅코프,511149624,1.63,40.48,,
273,은행,COFS,US20200207001,초이스원 파이낸셜 서비시스,510040005,0.59,34.2,BUY,
273,은행,PDLB,US20171002008,폰세 파이낸셜 그룹,486126786,2.05,20.44,BUY,
273,은행,WTBA,US19990503001,웨스트 뱅코프,485512918,2.54,29.11,HOLD,
273,은행,BSVN,US20180919001,뱅크7,483311966,0.91,51.06,,
273,은행,CBK,NAS0251002002,커머셜 뱅크그룹,477046471,-0.09,34.67,,
273,은행,CBAN,US19980402001,콜로니 뱅코프,466741158,0.64,22.06,BUY,
273,은행,FRBA,US20131115001,퍼스트 뱅크,465180492,1.19,18.76,BUY,
273,은행,BMRC,US19991223001,뱅크 오브 마린 뱅코프,456601702,1.32,28.47,HOLD,
273,은행,CZNC,US19940316001,시티즌스 앤 노던,455650952,1.07,25.59,HOLD,
273,은행,RBB,US20170725005,RBB 뱅코프,449453900,2.34,27.1,HOLD,
273,은행,PBFS,US20190718004,파이어니어 뱅코프,430770857,-0.23,17.08,,
273,은행,AVBC,NYS0250801001,아비디아 뱅코프,428872972,0.75,21.45,,
273,은행,PLBC,US20021211001,플루마스 뱅코프,428383587,1.37,62.19,,
273,은행,ISTR,US20140701004,인베스타 홀딩,412362489,1.51,30.28,BUY,
273,은행,USCB,US20210721013,USCB 파이낸셜 홀딩스,409485119,1.67,22.46,BUY,
273,은행,PKBK,US20010905001,파크 뱅코프,404314562,0.73,34.51,,
273,은행,FRST,US20210331001,프리미스 파이낸셜,401863328,1.11,16.33,BUY,
273,은행,FNLC,US19990714002,퍼스트 뱅코프,393957023,1.78,35.42,,
273,은행,CHMG,US19990104002,셔멍 파이낸셜,393024826,1.16,82.18,BUY,
273,은행,CZFS,US20220603002,시티즌스 파이낸셜 서비시스,391353935,1.48,82.29,BUY,
273,은행,PCB,US20180810001,PCB 뱅코프,388241056,1.92,28.08,,
273,은행,MVBF,US20171207003,MVB 파이낸셜,387872409,1.44,30.24,BUY,
273,은행,NWFL,US19980304001,노우드 파이낸셜,367770809,1.84,34.24,BUY,
273,은행,NECB,US20210713002,노스이스트 커뮤니티 뱅코프,364656512,1.48,26.79,BUY,
273,은행,AVBH,NAS0250808001,애비드뱅크 홀딩스,356276991,1.05,32.67,BUY,
273,은행,TSBK,US19980113001,팀버랜드 뱅코프,351091765,1.4,45.63,,
273,은행,FVCB,US20180914003,에프브이시뱅코프,335126218,0.43,18.6,BUY,
273,은행,BRBS,US20191223002,블루 리지 뱅크셰어스,334648511,0.27,3.73,,
273,은행,BCML,US20180504001,베이컴,332658544,2.83,31.25,HOLD,CEO 주식매입
273,은행,COSO,NYS0250702002,코스탈사우스 뱅크셰어즈,332381161,0.65,27.89,,
273,은행,JMSB,US20220427006,존 마셜 뱅코프,324971894,1.22,23.23,,
273,은행,FCCO,US19990309001,퍼스트 커뮤니티,318882742,-0.21,33.74,BUY,
273,은행,FSBW,US20120710001,FS 뱅코프,317399750,1.85,43.4,HOLD,
273,은행,FDBC,US20171006001,피델리티 D 앤 D 뱅코프,310585182,1.9,54.3,,
273,은행,ISBA,NAS0250512005,이자벨라 뱅크,308407144,1.49,40.89,,
273,은행,BPRN,NAS0230111001,프린스턴 뱅코프,288492198,0.71,42.5,HOLD,
273,은행,FUNC,US19920908001,퍼스트 유나이티드,287910699,2.09,45.39,BUY,
273,은행,XE,NAS2604024003,퍼스트 노던 커뮤니티 뱅코프,285340996,0,17.34,,
273,은행,FXNC,US20190418001,퍼스트 내셔널,283397705,2.56,32.04,HOLD,
273,은행,OVLY,US20031015001,오크 밸리 뱅코프,280274144,0.48,33.36,,
273,은행,LCNB,US19991026001,LCNB,280059277,1.02,19.78,HOLD,
273,은행,FRAF,US20190501002,프랭클린 파이낸셜 서비시스,278626028,2.15,63.12,BUY,
273,은행,CFFI,US19980507001,C&F 파이낸셜,278061033,0.34,85.55,,
273,은행,WNEB,US20161024002,웨스턴 뉴 잉글랜드 뱅코프,276565543,1.82,14.0,HOLD,
273,은행,HWBK,US19990720001,호손 뱅크셰어스,275855415,-0.13,39.79,,
273,은행,ATLO,US19970811001,에임스 내셔널,275593911,1.87,31.59,HOLD,
273,은행,RMBI,US20190702001,리치먼드 뮤추얼 뱅코프,266873038,1.26,16.07,,
273,은행,NKSH,US19991201001,내셔널 뱅크셰어스,257798475,4.74,42.24,BUY,
273,은행,INBK,US20060405001,퍼스트 인터넷 뱅코프,256439306,-0.14,29.28,HOLD,
273,은행,VABK,US20210405008,버지니아 내셔널 뱅크셰어스,255050920,0.43,47.06,,
273,은행,FBLA,NAS0241023003,FB 뱅코프,250871872,0.84,15.69,,
273,은행,PEBK,US19950818013,피플스 뱅코프 오브 노스 캐롤라이나,234982943,2.99,44.16,,
273,은행,OPBK,US20180328004,OP 뱅코프,234188338,0.38,15.69,,
273,은행,EFSI,NAS0250207001,이글 파이낸셜 서비시즈,232782750,0.54,43.1,BUY,
273,은행,MRBK,US20171107003,메리디언,231969015,2.22,19.81,,
273,은행,CFBK,US19981230001,CF 뱅크셰어스,229756905,0.82,35.56,,
273,은행,FCAP,US19990104003,퍼스트 캐피탈,213967365,1.88,64.94,,
273,은행,OVBC,US19960209001,오하이오 밸리 뱅코프,207656160,0.55,44.17,,
273,은행,MNSB,US20190417005,메인스트리트 뱅크셰어스,201474424,1.62,24.49,BUY,
273,은행,CZWI,US20040330001,시티즌스 커뮤니티 뱅코프,197241891,0.69,20.51,BUY,
273,은행,LARK,US19940328001,랜드마크 뱅코프,196456426,0,32.11,HOLD,
273,은행,RBKB,US20190117001,라인벡 뱅코프,195827102,0,12.48,,
273,은행,FNWD,US20211103006,핀워드 뱅코프,192255178,1.2,44.75,,
273,은행,HNVR,US20220510005,하노버 뱅코프,191496485,0.55,27.2,HOLD,
273,은행,CBFV,US20141103001,CB 파이낸셜 서비시스,190542837,1.74,38.02,BUY,
273,은행,FINW,US20210811001,핀와이즈 뱅코프,188547092,0.36,13.76,BUY,
273,은행,EBMT,US20000406001,이글 뱅코프 몬태나,187023231,0.38,23.49,HOLD,
273,은행,BVFL,NAS0230801008,BV 파이낸셜,180301393,1.0,21.3,,
273,은행,ECBK,US20220727002,ECB 뱅코프,175785086,0.8,20.21,,
273,은행,FGBI,US20151104002,퍼스트 개런티 뱅크셰어스,167286607,0.12,8.43,HOLD,동의명령 부담
273,은행,SBFG,US19940405002,SB 파이낸셜 그룹,166579985,2.6,27.24,BUY,
273,은행,SRBK,NAS0230920008,SR 뱅코프,158827245,0.75,20.1,,
273,은행,BCBP,US20020522001,BCB 뱅코프,149306918,2.1,8.75,HOLD,
273,은행,PNBK,US19940831001,패트리엇 내셔널 뱅코프,136959725,0,1.16,,
273,은행,MGYR,US20060124002,매자르 뱅코프,123727071,0,19.08,,
273,은행,BOTJ,US20000810001,제임스 파이낸셜 그룹,123177337,1.07,27.31,,
273,은행,SFBC,US20120824001,사운드 파이낸셜 뱅코프,119495160,0,46.41,,
273,은행,UNB,US19990809001,유니언 뱅크셰어스,117564987,2.79,24.35,,
273,은행,PROV,US19960628002,프로비던트 파이낸셜 홀딩스,113512148,-0.61,17.95,HOLD,
273,은행,OPHC,US20030508001,옵티멈뱅크 홀딩스,110453138,3.14,9.2,BUY,
273,은행,RVSB,US19971001001,리버뷰 뱅코프,107213635,0,5.3,,
273,은행,FNWB,US20150129002,퍼스트 노스웨스트 뱅코프,104982610,1.45,11.16,,
273,은행,FDSB,NAS0240801004,피프스 디스트릭트 뱅코프,94507714,0.61,18.0,,
273,은행,UBCP,US19950818019,유나이티드 뱅코프,93349203,0,15.65,,
273,은행,FUSB,US20161011001,퍼스트 유에스 뱅크셰어스,91688078,-0.9,16.45,,
273,은행,AUBN,US19950911001,오번 내셔널 뱅코프,91498584,0,26.14,,
273,은행,SSBI,US20060714001,서밋 스테이트 뱅크 산타로사,88400136,0,13.02,,
273,은행,ASRV,US19900327001,아메리서브 파이낸셜,87832495,-6.01,4.85,,
273,은행,PBHC,US19960530005,패트파인더 뱅코프,78284011,1.56,16.25,,
273,은행,HFBL,US20070620001,홈 페더럴 뱅코프 오브 루이지아나,72009788,0,23.5,,
273,은행,BYFC,US19960109001,브로드웨이 파이낸셜,69711781,0,11.25,,
273,은행,TCBS,US20210715015,텍사스 커뮤니티 뱅크셰어스,49970769,0.23,17.3,,
273,은행,KFFB,US20050303001,캔터키 퍼스트 페더럴 뱅코프,45033483,-0.36,5.53,,
273,은행,BAFN,US20211130003,베이퍼스트 파이낸셜,25961252,-0.95,6.24,,
273,은행,SHFS,US20220929002,SHF 홀딩스,2254684,-3.9,0.1751,,2분기 매출 증가
97,금융,BRK.A,US19800317002,버크셔 해서웨이 A,1145594710163,-2.37,775000.0,,버리 부정평가
97,금융,BRK.B,US20100121001,버크셔 해서웨이 B,1145594710163,-2.46,516.38,BUY,
97,금융,JPM,US19690401002,제이피모건 체이스,967542784352,0.63,362.04,BUY,아태 기업금융 호조
97,금융,V,US20080319001,비자,676889431814,0.6,362.82,BUY,
97,금융,MA,US20060525001,마스터카드,495015692562,-0.31,561.44,BUY,미국 카드사용 확대
97,금융,BAC,US19730102001,뱅크오브아메리카,461119576979,0.22,64.0,BUY,
97,금융,HSBC,US20131118003,HSBC(ADR),356285423476,-0.11,103.21,BUY,
97,금융,MS,US19930628001,모건스탠리,347093129587,-0.12,215.07,BUY,오픈AI 상장협력
97,금융,GS,US19990504001,골드만삭스,304003299484,-0.01,1034.41,HOLD,AI신용시장 기회
97,금융,RY,US19951016001,로열 뱅크 오브 캐나다,293272576393,-0.25,210.26,BUY,
97,금융,WFC,US19621210001,웰스파고,274447665779,-0.08,87.45,BUY,
97,금융,MUFG,US20180402002,미쓰비시 UFJ 파이낸셜(ADR),251174387954,-0.54,22.12,,
97,금융,AXP,US19770518001,아메리칸 익스프레스,229611587199,0.58,340.81,BUY,
97,금융,C,US19860602001,씨티그룹,228370905427,0.41,135.77,BUY,
97,금융,SAN,US19880105004,방코 산탄데르(ADR),211088979968,0.14,14.71,BUY,
97,금융,TD,US19960830001,토론토 도미니언 뱅크,203044680808,0.24,121.37,BUY,
97,금융,SCHW,US19870930002,찰스 슈왑,188523621827,-0.27,107.7,BUY,
97,금융,BLK,US19991001001,블랙록,184449002521,1.54,1148.84,BUY,AI인프라 제휴
97,금융,UBS,US19900208001,UBS 그룹,177470223753,-0.5,53.69,BUY,
97,금융,BX,US20070622002,블랙스톤,169787263523,3.89,147.17,BUY,
97,금융,SMFG,US20060127001,스미토모 미쓰이 파이낸셜 그룹(ADR),160457124869,-0.67,25.15,,
97,금융,BBVA,US19881214001,방코 빌바오 비스카야 아르헨타리아(ADR),158593099459,0.53,28.5,SELL,
97,금융,IBKR,US20191007001,인터랙티브 브로커스,154991763781,-0.97,89.78,BUY,
97,금융,SONY,US20210401017,소니(ADR),139932235150,-0.88,23.61,,이미지센서 합작
97,금융,COF,US19941115001,캐피탈 원 파이낸셜,137504616144,0.08,219.15,BUY,
97,금융,CB,US19840907024,처브,134829821573,-0.35,347.07,HOLD,
97,금융,BMO,US19941027001,뱅크 오브 몬트리올,127844908534,-0.41,181.17,HOLD,
97,금융,MFG,US20061108002,미즈호 파이낸셜 그룹(ADR),127503858272,-0.19,10.44,,
97,금융,PGR,US19870601001,프로그레시브,124812401365,-0.75,212.35,HOLD,
97,금융,SPGI,US20160428001,S&P 글로벌,121555976507,-0.55,408.69,BUY,
97,금융,HDB,US20010720001,HDFC 뱅크(ADR),120857641816,-0.68,23.29,BUY,
97,금융,CM,US19881031001,캐나디안 임페리얼 뱅크 오브 커머스,109493329286,-0.28,118.96,BUY,
97,금융,BNS,US19690127001,뱅크 오브 노바스코샤,109425628331,0.34,88.86,BUY,
97,금융,BN,US19970811002,브룩필드,108938993500,1.17,44.8,BUY,AI자금조달 참여
97,금융,IBN,US20000328001,ICICI 뱅크(ADR),108290791902,-0.7,29.87,,
97,금융,USB,US19730503007,US 뱅코프,105444825392,0.16,64.29,BUY,
97,금융,ING,US19970613002,ING 그룹(ADR),101814192415,0.31,35.35,BUY,
97,금융,PNC,US19871021001,PNC 파이낸셜 서비시스,100778693989,0.98,254.23,BUY,
97,금융,KKR,US20100715001,KKR & CO,95834514294,6.88,110.97,BUY,AI금융 참여
97,금융,CME,US20021206001,CME 그룹,95123767844,-1.64,259.32,HOLD,목표가 상향
97,금융,BCS,US19860909002,바클레이즈(ADR),94739869259,-0.5,27.84,BUY,
97,금융,MELI,US20070810001,메르카도리브레,92801878160,6.34,1940.0,BUY,
97,금융,MMC,US19690604001,마시,91355924836,0.24,191.25,HOLD,
97,금융,LYG,US20000417001,로이즈 뱅킹 그룹(ADR),89229003520,-0.33,6.1,HOLD,
97,금융,BAM,NYS0221212001,브룩필드 에셋 매니지먼트,86856421104,4.77,55.36,HOLD,AI금융 MOU
97,금융,ELV,US20141204001,엘리번스 헬스,86541430446,-1.84,390.37,BUY,
97,금융,HOOD,US20210727005,로빈후드,85269470978,-0.15,94.38,BUY,
97,금융,ICE,US20051116001,인터컨티넨탈 익스체인지,84798950226,0.47,151.25,BUY,회사채 발행 착수
97,금융,MCO,US19960523002,무디스,83085588606,-0.35,476.48,BUY,
97,금융,TRV,US19880511001,트래블러스 컴퍼니스,78610657217,-0.0,375.61,HOLD,
97,금융,NWG,US20200723011,냇웨스트 그룹(ADR),76592762293,-0.68,19.05,BUY,
97,금융,APO,US20110330001,아폴로 글로벌 매니지먼트,76369975918,6.26,140.28,BUY,26억달러 금융계약
97,금융,AON,US19840907019,에이온,75979229287,-0.14,356.46,BUY,
97,금융,MFC,US19990924001,매뉴라이프 파이낸셜,73621802976,-0.75,43.82,,
97,금융,DB,US20011003001,도이치뱅크,73366644461,-0.1,38.23,BUY,
97,금융,ALL,US19930603001,올스테이트,70654197649,-2.76,262.23,BUY,증권가 목표가 상향
97,금융,NU,US20211208010,누 홀딩스,67177579290,-1.52,13.65,BUY,
97,금융,AJG,US19871201001,아서 J 갤러거,64917232078,0.43,253.51,BUY,
97,금융,MET,US20000405001,메트라이프,63797303899,-0.24,96.8,BUY,
97,금융,TFC,US20191209005,트루이스트 파이낸셜,63568388287,0.87,52.31,HOLD,
97,금융,AFL,US19740614001,애플랙,61341137480,-0.71,121.07,HOLD,목표주가 상향
97,금융,NDAQ,US20020701001,나스닥,53630690385,-0.63,95.02,BUY,금융주 전반 약세
97,금융,STT,US19950214001,스테이트 스트리트,51879480398,0.29,187.22,BUY,
97,금융,PYPL,US20150721001,페이팔,50703453714,-0.12,59.0,HOLD,
97,금융,MSTR,US19980611001,스트래티지,50586362253,-1.27,96.09,BUY,
97,금융,AMP,US20050915003,아메리프라이즈 파이낸셜,49415445953,0.98,562.98,BUY,
97,금융,XYZ,US20151119003,블록,47611718788,0.11,79.07,BUY,목표가 상향
97,금융,ARES,US20140501004,아레스 매니지먼트,46944500144,3.96,143.11,BUY,
97,금융,HUM,US19710518001,휴매나,46472052361,-3.34,372.82,BUY,
97,금융,SLF,US20000323001,선 라이프 파이낸셜,45953437336,-2.46,80.6,,복수 목표가 상향
97,금융,IX,US19980916001,오릭스(ADR),43564095096,-0.4,39.7,,
97,금융,PAYX,US19830826001,페이첵스,43247828523,0.1,121.3,HOLD,
97,금융,KB,US20011102001,KB 파이낸셜 그룹 (ADR),43051475543,-2.58,117.62,,대출규제 부담
97,금융,ITUB,US20010702001,이타우 우니방쿠 홀딩스(ADR),42728966745,-4.82,7.5,,
97,금융,PRU,US20011213002,푸르덴셜 파이낸셜,42270827241,0.17,122.32,HOLD,목표가 상향
97,금융,MSCI,US20071115001,MSCI,41074750449,-0.24,561.71,BUY,
97,금융,AIG,US19841010001,아메리칸 인터내셔널 그룹,40719372101,-0.39,77.31,HOLD,자본운용 부담
97,금융,COIN,US20210414003,코인베이스,39360313289,-0.07,148.58,BUY,입법 지연 부담
97,금융,RKT,US20200806007,로켓 컴퍼니스,39095544359,4.07,14.32,BUY,
97,금융,HIG,US19951215001,하트포드 파이낸셜 서비시스 그룹,38702914623,-1.47,139.08,BUY,
97,금융,MTB,US19960919001,M&T 뱅크,38470186786,0.41,252.16,HOLD,
97,금융,HBAN,US19900326022,헌팅턴 뱅크셰어스,36613451000,0.97,17.77,BUY,
97,금융,SHG,US20030916001,신한 파이낸셜 그룹(ADR),35909322869,-1.19,73.15,,
97,금융,PUK,US20000628003,푸르덴셜(ADR),35406635865,-2.98,27.38,,보험주 약세
97,금융,NTRS,US19900326038,노던 트러스트,34781758020,-0.04,187.78,HOLD,
97,금융,RJF,US19860411001,레이먼드 제임스 파이낸셜,34566896442,0.52,180.02,HOLD,
97,금융,ACGL,US19950914001,아치 캐피탈 그룹,34219410585,0.02,98.26,BUY,
97,금융,WTW,US20160105002,윌리스 타워스 왓슨,31964042970,-0.18,342.39,BUY,
97,금융,CFG,US20140924001,시티즌스 파이낸셜 그룹,31850332699,0.44,72.99,BUY,
97,금융,BAP,US19951026001,크레디코프,30437583961,-1.36,377.0,BUY,
97,금융,CBOE,US20180917002,CBOE 글로벌 마켓,29865877003,-0.8,282.73,HOLD,
97,금융,LPLA,US20101118001,LPL 파이낸셜 홀딩스,29400167381,-0.25,371.19,BUY,
97,금융,NMR,US20011217001,노무라 홀딩스(ADR),28797191650,-0.41,9.78,BUY,
97,금융,RF,US19811101001,리전스 파이낸셜,28136524941,0.45,31.6,HOLD,
97,금융,FISV,US19860925001,파이서브,27863036450,0.96,52.72,HOLD,
97,금융,SYF,US20140731002,싱크로니 파이낸셜,27008909272,0.36,78.47,BUY,
97,금융,CINF,US19900326005,신시내티 파이낸셜,26774190837,-0.37,173.21,HOLD,
97,금융,WRB,US19840907025,WR 버클리,26535223819,-1.03,70.09,HOLD,
97,금융,FLT,US20101215001,코페이,26291151328,1.32,406.16,BUY,
97,금융,KEY,US19920901001,키코프,26136959669,0.04,22.69,BUY,
97,금융,AFRM,US20210112001,어펌,25384036752,1.54,76.7,BUY,
97,금융,TROW,US19860409001,티 로웨 프라이스 그룹,24351252551,-0.02,113.75,HOLD,
97,금융,BRO,US19810227001,브라운 앤 브라운,24039355632,-0.22,71.44,HOLD,
97,금융,FCNCA,US19920225004,퍼스트 시티즌스 뱅크셰어스,23897640700,0.89,2253.13,HOLD,
97,금융,SOFI,US20210601001,소파이 테크놀로지스,23482626574,-0.77,17.98,HOLD,
97,금융,MKL,US19861219001,마켈 그룹,22875835238,0.05,1841.04,HOLD,
97,금융,GPN,US20010116001,글로벌 페이먼츠,22868879742,-0.31,85.86,BUY,
97,금융,FIS,US20010806002,피델리티 내셔널 인포메이션 서비시스,21997009384,0.59,42.76,BUY,
97,금융,BSBR,US20091007002,방코 산탄데르 브라질(ADR),21957860909,-0.17,5.75,BUY,
97,금융,TW,US20190403003,트레이드웹 마케츠,21951932046,0.69,104.42,BUY,
97,금융,EFX,US19710511001,에퀴팩스,21341601115,0.51,181.96,BUY,
97,금융,BCH,US20020108001,방코 데 칠레(ADR),21027065895,-1.42,40.9,HOLD,
97,금융,TPG,US20220112008,TPG,19059945059,2.43,50.6,BUY,롯데렌탈 인수 부담
97,금융,UNM,US19861114001,유넘 그룹,18714641364,-1.69,89.85,BUY,
97,금융,OWL,US20210520006,블루 아울 캐피탈,18225025780,5.75,12.32,BUY,채권 수요 호조
97,금융,EWBC,US19990203001,이스트 웨스트 뱅코프,18126280834,0.9,133.04,BUY,
97,금융,KSPI,NAS0240119005,카스피.kz(ADR),17923144013,1.45,95.36,BUY,실적 상회 배당권고
97,금융,WF,US20190213002,우리 파이낸셜 그룹(ADR),17433090401,0.51,70.55,,
97,금융,CG,US20161109004,칼라일 그룹,17265134519,1.17,48.36,HOLD,
97,금융,BEN,US19861205002,프랭클린 리소시스,17088497891,-0.48,33.36,HOLD,차입구조 개선
97,금융,CRCL,NYS0250605001,써클 인터넷 그룹,17080109336,6.13,71.16,HOLD,오픈USD 경쟁부담
97,금융,BBD,US19970613001,방쿠 브라데스쿠 우선주(ADR),16889529430,-3.6,3.21,BUY,
97,금융,BBDO,US20120313001,방쿠 브라데스쿠(ADR),16889529430,-4.72,3.03,,
97,금융,BSAC,US19940518001,방코 산탄데르 칠레(ADR),16771861069,-1.27,35.03,HOLD,
97,금융,PNFP,US20000822001,피너클 파이낸셜 파트너스,16642559088,1.1,105.7,BUY,목표가 상향
97,금융,JLL,US19970717001,존스 랭 라살,16496611935,1.68,363.36,,
97,금융,RGA,US20080912001,리인슈어런스 그룹 오브 아메리카,15863151240,1.05,244.65,BUY,목표가 상향
97,금융,CRBG,US20220913001,코어브리지 파이낸셜,15426837668,-3.19,33.39,BUY,
97,금융,FUTU,US20191017002,푸투 홀딩스(ADR),15290824391,-3.26,105.16,BUY,
97,금융,EQH,US20180509001,에퀴터블 홀딩스,15232729008,-2.51,51.35,BUY,핵심 실적 호조
97,금융,TRU,US20150625009,트랜스유니언,15214650181,1.55,80.37,BUY,
97,금융,ARCC,US20041005001,아레스 캐피탈,14394751330,-0.05,19.97,BUY,
97,금융,IREN,US20211116005,아이렌,14382837193,2.61,39.75,BUY,AI계약 목표상향
97,금융,AEG,US19850701002,아혼(ADR),14264115986,-0.63,9.39,BUY,
97,금융,EG,US19951003001,에베레스트 그룹,14231078975,-1.14,365.7,HOLD,
97,금융,AIZ,US20040205001,어슈런트,14214819067,-2.02,281.41,BUY,
97,금융,RNR,US19960724001,르네상스리 홀딩스,14201756325,-0.6,316.52,HOLD,
97,금융,GL,US20190809003,글로브 라이프,14131193708,-1.21,181.04,BUY,
97,금융,IVZ,US19940301001,인베스코,14060735901,-1.2,31.36,HOLD,목표가 상향
97,금융,CNA,US19690203001,CNA 파이낸셜,13920762363,-0.78,50.87,HOLD,
97,금융,ALLY,US20140410002,앨라이 파이낸셜,13366082498,0.37,43.95,BUY,
97,금융,ERIE,US19951002001,이리 인뎀너티,13240100307,1.7,256.64,BUY,
97,금융,SF,US19861124001,스티펄 파이낸셜,13208869657,0.86,84.4,BUY,
97,금융,WBS,US19861212001,웹스터 파이낸셜,13052211402,0.06,78.75,HOLD,
97,금융,JEF,US20180524002,제프리스 파이낸셜 그룹,12795094085,-0.56,55.0,BUY,
97,금융,FHN,US19730131001,퍼스트 호라이즌,12634302188,0.79,25.43,BUY,목표주가 상향
97,금융,SEIC,US19810325001,SEI 인베스트먼트,12611034586,-0.09,104.63,,
97,금융,EVR,US20060811001,에버코어,12271474710,1.71,303.06,BUY,
97,금융,AFG,US19781114001,아메리칸 파이낸셜 그룹,11970371691,0.33,144.35,HOLD,
97,금융,UMBF,US19900327006,UMB 파이낸셜,11454013950,0.98,147.54,BUY,
97,금융,BMNR,AMX0250605001,비트마인 이머션 테크놀로지스,11271070942,-0.06,18.09,BUY,
97,금융,WTFC,US19980416002,윈트러스트 파이낸셜,11221190058,1.82,162.1,BUY,
97,금융,BPOP,US19900326002,파퓰러,11132536493,0.51,174.84,BUY,목표가 상향
97,금융,RYAN,US20210721011,라이언 스페셜티 홀딩스,10896167143,-0.35,42.17,BUY,
97,금융,HUT,US20210615004,허트 8,10574933830,3.64,88.78,BUY,채굴량·보유량 확대
97,금융,SSB,US20140701005,사우스스테이트,10563259689,1.68,110.38,BUY,
97,금융,CFR,US19860630001,컬런 프로스트 뱅커스,10429859615,0.22,166.01,HOLD,
97,금융,ONB,US20130815001,올드 내셔널 뱅코프,10410412448,1.21,26.84,BUY,
97,금융,ZION,US19900326058,자이언스 뱅코프,10390800721,0.54,71.0,HOLD,
97,금융,ORI,US19900919001,올드 리퍼블릭 인터내셔널,10378821117,-0.09,42.43,BUY,
97,금융,PAYP,NAS2603012007,페이페이(ADR),10112828738,-1.88,14.61,BUY,
97,금융,PRI,US20100401001,프라이메리카,9682040491,-0.23,312.79,BUY,
97,금융,FRHC,US20191015001,프리덤 홀딩,9582429580,0.67,151.0,,순이익 감소
97,금융,AMG,US19971121003,어필리에이티드 매니저스 그룹,9429111862,-1.19,359.07,BUY,
97,금융,JXN,US20210920008,잭슨 파이낸셜,9426008538,-0.95,129.16,BUY,
97,금융,VOYA,US20130502003,보야 파이낸셜,9395669834,-2.01,98.22,BUY,
97,금융,LNC,US19690820001,링컨 내셔널,9305567532,-2.74,44.43,HOLD,목표주가 상향
97,금융,MAAS,US20190329003,마스,9184077046,0.92,20.89,,AI계약 이행완료
97,금융,WAL,US20050630003,웨스턴 얼라이언스 뱅코프,9107260473,1.27,81.5,BUY,
97,금융,FCFS,US20181008003,퍼스트캐시 홀딩스,9083699113,-0.17,208.37,BUY,
97,금융,COLB,US19880728001,컬럼비아 뱅킹 시스템즈,8873517775,1.44,31.71,BUY,
97,금융,PB,US19981112001,프로스페리티 뱅크셰어스,8843656329,0.41,73.64,HOLD,
97,금융,BOKF,US19950110001,BOK 파이낸셜,8728888704,0.61,144.03,HOLD,
97,금융,VIRT,US20150416001,VIRTU FINANCIAL INC,8669299246,-1.06,55.08,,
97,금융,HLI,US20150813002,훌리한 로키,8652541202,1.67,125.45,HOLD,주식선반공모 부담
97,금융,OSCR,US20210301020,오스카 헬스,8569171323,1.08,27.97,HOLD,
97,금융,APLD,US20220413001,어플라이드 디지털,8498818773,2.17,29.69,BUY,
97,금융,VLY,US20181010003,벨리 내셔널 뱅코프,8492485131,0.82,14.77,BUY,
97,금융,CBSH,US19840907013,커머스 뱅크셰어스,8440827605,0.63,59.02,HOLD,
97,금융,KNSL,US20220103008,킨세일 캐피탈 그룹,8424602980,1.63,374.6,HOLD,
97,금융,XP,US20191210001,XP,8398561871,-4.26,15.51,,
97,금융,WULF,US20211214013,테라울프,8110707111,3.4,16.75,BUY,강세 콜옵션
97,금융,CBC,NAS0251120002,센트럴 뱅컴퍼니,7948807388,-0.15,32.99,BUY,
97,금융,THG,US19951011001,하노버 인슈어런스 그룹,7887324391,-1.69,221.94,HOLD,
97,금융,AXS,US20030701001,액시스 캐피탈 홀딩스,7867433676,-1.05,100.72,BUY,
97,금융,SNEX,US20200706003,스토넥스 그룹,7832790262,1.93,65.97,BUY,
97,금융,GLXY,NAS0250516003,갤럭시 디지털,7636662203,3.12,20.13,BUY,헬리오스 공급 진척
97,금융,MORN,US20050503002,모닝스타,7566929730,-2.81,195.38,,
97,금융,KLAR,NYS0250910001,클라르나,7443746784,-3.01,19.03,BUY,
97,금융,FAF,US20100524001,퍼스트 아메리칸 파이낸셜,7397645364,-0.72,71.69,BUY,
97,금융,RIOT,US20171019002,라이엇 플랫폼스,7361014412,4.33,20.24,BUY,데이터센터 장기계약
97,금융,OMF,US20151127002,원메인 홀딩스,7290661937,0.81,63.67,BUY,
97,금융,VCTR,US20180207002,빅토리 캐피탈 홀딩스,6877874219,1.98,113.65,HOLD,
97,금융,CIFR,US20210830003,사이퍼 마이닝,6800437465,5.39,17.21,BUY,
97,금융,PJT,US20151002002,PJT 파트너스,6776664842,3.45,175.21,HOLD,
97,금융,FNB,US19860930001,FNB,6712055459,0.84,19.11,BUY,
97,금융,ACT,US20210510001,인액트 홀딩스,6690572471,1.28,49.12,HOLD,KBW 목표가 상향
97,금융,UBSI,US19900326051,유나이티드 뱅크셰어스,6567211498,0.94,48.5,HOLD,
97,금융,IFS,US20190718005,인터코프 파이낸셜 서비시스,6508604166,-2.09,57.18,BUY,
97,금융,FIGR,NAS0250911001,피규어 테크놀로지 솔루션스,6376819168,-3.4,27.84,BUY,
97,금융,WEX,US20050216001,웩스,6376067758,1.4,189.06,HOLD,
97,금융,GBCI,US19920127001,글레이셔 뱅코프,6370667963,0.72,49.11,,
97,금융,FLG,US19931123001,플래그스타 파이낸셜,6324842877,1.28,14.19,BUY,
97,금융,ENVA,US20141114003,이노바 인터내셔널,6309409676,1.81,257.12,,
97,금융,CORZ,NAS0240124001,코어 사이언티픽,6268044436,1.65,19.76,BUY,200MW 조기인도
97,금융,ASB,US20141223002,어소시에이티드 뱅크,6255500675,1.69,31.88,BUY,
97,금융,HWC,US20180525001,핸콕 휘트니,6232738308,1.02,78.22,BUY,
97,금융,MTG,US19910807001,MGIC 인베스트먼트,6230187211,0.26,30.35,HOLD,
97,금융,HOMB,US20211122005,홈 뱅크셰어스,6174396348,0.81,31.01,HOLD,
97,금융,GGAL,US20000724001,그루포 피난시에로 갈리시아(ADR),6171659393,-4.07,44.53,BUY,
97,금융,AUB,NYS0230118002,애틀랜틱 유니언 뱅크셰어스,6139421932,1.2,42.15,BUY,
97,금융,ESNT,US20131031001,이센트 그룹,6097158353,0.01,67.62,HOLD,목표가 상향
97,금융,CACC,US19920605001,크레디트 억셉턴스,6054175502,-1.56,572.21,,
97,금융,MCY,US19961009002,머큐리 제너럴,5943348548,-1.1,105.76,BUY,
97,금융,BBUC,US20220315001,브룩필드 비즈니스,5903341916,0.07,28.76,BUY,
97,금융,ABCB,US19940519001,아메리스 뱅코프,5896511384,0.75,88.23,HOLD,
97,금융,OZK,US20180716001,뱅크 OZK,5871617034,0.54,51.87,HOLD,웰스파고 목표가 상향
97,금융,RLI,US19870508001,RLI,5854714624,0.57,63.94,HOLD,
97,금융,HRB,US19691013001,H&R 블록,5841841988,1.61,46.67,HOLD,예상 웃돈 실적
97,금융,SIGI,US19900326046,셀렉티브 인슈어런스 그룹,5801421214,-0.98,94.01,HOLD,
97,금융,MKTX,US20041105001,마켓액세스 홀딩스,5738240290,0.02,162.53,HOLD,투자의견 하향
97,금융,OBDC,US20190717006,블루 아울 캐피탈 코퍼레이션,5715114006,1.13,11.68,BUY,대출건전성 악화
97,금융,BXSL,US20211028004,블랙스톤 담보 대출 펀드,5682710040,0.45,24.42,BUY,
97,금융,AX,US20181001004,액소스 파이낸셜,5660952365,0.99,100.16,BUY,
97,금융,STEP,US20200915009,스텝스톤 그룹,5588116305,7.28,49.51,BUY,
97,금융,HLNE,US20170301001,해밀턴 레인,5549661728,4.46,104.84,BUY,
97,금융,MAIN,US20071005003,메인 스트리트 캐피탈,5490673855,0.87,59.03,HOLD,
97,금융,SLM,US19840410001,SLM,5453142753,-0.59,27.16,BUY,
97,금융,EXLS,US20061020001,엑슬서비스 홀딩스,5335083153,-0.48,34.9,BUY,
97,금융,PIPR,US20200106001,파이퍼 샌들러,5309029438,1.12,75.71,BUY,
97,금융,BMA,US20060324001,방코 마크로(ADR),5306564813,-4.5,80.4,BUY,
97,금융,EBC,US20201015006,이스턴 뱅크셰어스,5259833469,0.83,23.13,BUY,
97,금융,OTF,NYS0250612001,블루 아울 테크놀로지 파이낸스,5236430946,2.99,11.73,,
97,금융,CNO,US20030930001,CNO 파이낸셜 그룹,5132855879,-1.19,54.63,HOLD,
97,금융,CIGI,US20150603001,콜리어스 인터내셔널 그룹,5131816168,3.55,103.63,,
97,금융,WTM,US19860509002,화이트 마운틴스 인슈어런스 그룹,5052294535,0.11,2112.01,HOLD,
97,금융,MC,US20140415002,모엘리스,5001863457,4.57,66.6,HOLD,
97,금융,BGC,US19991210001,BGC 그룹,4946211204,-1.26,10.16,,
97,금융,FFIN,US19931101001,퍼스트 파이낸셜 뱅크셰어스,4942873544,1.25,34.8,HOLD,
97,금융,PAY,US20210524004,페이먼트어스 홀딩스,4927040448,4.15,40.61,BUY,
97,금융,RELY,US20210922012,레미틀리 글로벌,4914981863,2.03,23.61,BUY,목표가 상향
97,금융,SFBS,US20210621007,서비스퍼스트 뱅크셰어스,4852184104,0.94,89.28,,
97,금융,RDN,US19921030001,라디안 그룹,4845375688,-0.38,36.36,BUY,목표주가 하향
97,금융,TFSL,US20070423001,TFS 파이낸셜,4842788651,0.17,17.24,,
97,금융,WAY,NAS0240607007,웨이스타 홀딩,4752248683,-1.62,24.3,BUY,
97,금융,FULT,US19900326020,풀턴 파이낸셜,4739719115,1.08,24.27,BUY,
97,금융,FHI,US20200203008,페더레이티드 헤르메스,4730037876,-0.22,63.0,HOLD,
97,금융,TCBI,US20030813002,텍사스 캐피탈 뱅크셰어스,4576343595,1.08,100.35,HOLD,
97,금융,DX,US19880229002,다이넥스 캐피탈,4571171636,1.17,12.93,,
97,금융,NNI,US20031211001,넬넷,4548629360,-1.08,125.33,,
97,금융,IBOC,US19960530003,인터내셔널 뱅크셰어스,4543521434,-1.06,72.04,,
97,금융,HGTY,US20211203007,해거티,4523619579,-2.59,12.78,,
97,금융,FBP,US19930311002,퍼스트 뱅코프 푸에르토리코,4431672238,0.38,29.04,BUY,목표가 상향
97,금융,BFH,US20010607001,브레드 파이낸셜 홀딩스,4376782259,-0.37,108.01,BUY,
97,금융,MRX,NAS0240425002,마렉스 그룹,4370185597,-1.02,59.93,BUY,
97,금융,MIAX,NYS0250814001,마이애미 인터내셔널 홀딩스,4340144722,-2.91,42.32,BUY,
97,금융,BHF,US20170807001,브라이트하우스 파이낸셜,4331394122,-2.15,58.8,HOLD,
97,금융,NP,NYS0251001002,넵튠 인슈어런스,4292062774,0.32,31.27,BUY,
97,금융,UCB,US20020321001,유나이티드 커뮤니티 뱅크,4282849022,2.09,36.14,BUY,
97,금융,WSBC,US19950818022,웨스뱅코,4251082533,1.13,42.19,BUY,
97,금융,DLO,US20210602001,디로컬,4242988928,-1.81,14.11,BUY,
97,금융,CATY,US19901217001,캐세이 제너럴 뱅코프,4241992894,0.52,63.7,HOLD,
97,금융,CNS,US20040813001,코헨 앤 스티어스,4238605608,2.63,84.31,HOLD,
97,금융,GPGI,US20211228001,GPGI INC,4174031084,-1.25,14.17,HOLD,
97,금융,LAZ,NYS0240102004,라자드,4172318525,1.97,43.51,HOLD,
97,금융,WSFS,US19861126001,WSFS 파이낸셜,4130330743,0.67,81.11,BUY,
97,금융,LMND,US20200701007,레모네이드,4091081712,0.36,52.87,HOLD,
97,금융,BWIN,US20191023001,볼드윈 인슈어런스 그룹,4038176147,3.15,29.76,BUY,
97,금융,FOUR,US20200604010,시프트4 페이먼츠,4009971951,-4.91,41.04,BUY,
97,금융,SEZL,NAS0230817006,세즐,3987128319,8.7,128.27,BUY,
97,금융,INDB,US19860101001,인디펜던트 뱅코프 매사추세츠,3983943781,1.17,84.8,BUY,
97,금융,CVBF,US19920317001,CVB 파이낸셜,3982202176,1.2,22.82,BUY,
97,금융,PFSI,US20130509001,페니맥 파이낸셜 서비시스,3953891060,0.98,76.59,BUY,
97,금융,RNST,US19920424002,르네산트,3916207608,0.54,42.93,,
97,금융,BULL,US20220815003,위불,3874098128,4.27,7.57,,
97,금융,BANF,US19950401001,뱅크퍼스트,3785598564,1.15,113.58,,
97,금융,HG,NYS0231110001,해밀턴 인슈어런스 그룹,3767442277,1.03,35.21,BUY,
97,금융,GNW,US20040525001,젠워스 파이낸셜,3715498710,-0.1,9.79,BUY,
97,금융,MARA,US20140728001,마라 홀딩스,3705546186,1.26,9.68,BUY,고성능컴퓨팅 확대
97,금융,BLSH,NYS0250813001,불리쉬,3700925473,-0.08,24.52,,거래소 수혜 부각
97,금융,NIC,US20220524004,니콜레 뱅크셰어스,3645095886,2.27,177.27,BUY,
97,금융,PRK,US19900101002,파크 내셔널,3642123045,1.22,203.39,HOLD,
97,금융,FIBK,US20100324001,퍼스트 인터스테이트 뱅크시스템,3574568407,1.71,38.02,HOLD,
97,금융,FG,NYS0221201001,F&G 어뉴어티스 앤 라이프,3557750813,-1.0,26.81,HOLD,
97,금융,FFBC,US19900326016,퍼스트 파이낸셜 뱅코프,3539971330,1.16,34.0,,
97,금융,BBAR,US20190617004,BBVA 아르헨티나(ADR),3539130102,-4.69,16.46,BUY,
97,금융,BANC,US20140530001,뱅크 오브 캘리포니아,3533766342,2.85,19.49,BUY,
97,금융,PLMR,US20190416004,팔로마 홀딩스,3472512559,0.14,131.69,BUY,
97,금융,TOWN,US19990505001,타운뱅크,3452975811,0.56,37.44,BUY,
97,금융,NATL,NYS0231017001,NCR 애틀리오스,3440446597,0.99,46.86,HOLD,
97,금융,APAM,US20130301001,아티잔 파트너스 에셋 매니지먼트,3432869882,2.65,43.32,HOLD,
97,금융,GBDC,US20100414001,골럽 캐피탈 BDC,3420787776,0.38,13.18,BUY,
97,금융,SFNC,US19921102001,시몬스 퍼스트 내셔널,3411941967,0.72,23.7,,
97,금융,BOH,US19910424001,뱅크 오브 하와이,3398474653,0.94,79.43,HOLD,
97,금융,SBCF,US19900326045,시코스트 뱅킹 오브 플로리다,3382810908,1.58,35.37,HOLD,
97,금융,CBU,US19840718001,커뮤니티 파이낸셜 시스템즈,3380422372,1.33,64.88,HOLD,
97,금융,FSK,US20181220001,FS KKR 캐피탈,3380012603,0.49,12.25,,
97,금융,WT,US19920615001,위즈덤트리,3373456172,-0.86,22.0,BUY,
97,금융,AGO,US20040423001,어슈어드 개런티,3349331629,-0.83,75.31,BUY,
97,금융,NMIH,US20131108001,NMI 홀딩스,3335904516,0.45,44.4,BUY,
97,금융,FHB,US20160805001,퍼스트 하와이안,3329484692,0.73,27.47,HOLD,
97,금융,BKU,US20110128003,뱅크유나이티드,3306379546,1.6,47.0,,
97,금융,AAMI,US20180326004,아카디안 에셋 매니지먼트,3296051032,0.91,91.55,,목표주가 상향
97,금융,HTGC,US20050609002,허큘리스 캐피탈,3224504847,-0.18,16.67,BUY,
97,금융,PFS,US20030116001,프로비던트 파이낸셜 서비스,3185252815,1.64,24.74,BUY,
97,금융,CWK,US20180801006,쿠쉬맨 앤드 웨이크필드,3127569362,3.54,13.75,,
97,금융,FBK,US20160916004,FB 파이낸셜,3045967605,1.44,61.4,BUY,
97,금융,MBIN,US20171026002,머천츠 뱅코프,3023130850,0.8,54.44,HOLD,
97,금융,CLSK,US20200124001,클린스파크,2986604730,-0.6,11.52,BUY,데이터센터 장기임대
97,금융,SII,US20200629003,스프랏,2981946089,6.16,122.6,,
97,금융,WAFD,US19900326056,워페드,2969920696,1.96,38.06,,
97,금융,AGM,US19881201001,페더럴 애그리컬처럴 모기지,2956459053,0.46,234.68,,
97,금융,AGM.A,US19881201002,페더럴 애그리컬처럴 모기지 A,2956459053,0,163.0,,
97,금융,UPST,US20201215008,업스타트 홀딩스,2949797564,-1.06,29.89,BUY,
97,금융,BNT,NYS0221214001,브룩필드 웰스 솔루션즈,2938927332,1.39,45.29,,
97,금융,CLBK,US20180420001,컬럼비아 파이낸셜,2923665024,2.59,11.09,HOLD,
97,금융,ALHC,US20210324001,얼라인먼트 헬스케어,2868150828,-4.21,13.2,BUY,
97,금융,CUBI,US20141230001,커스터머스 뱅코프,2850020881,0.61,82.86,BUY,
97,금융,TBBK,US20040203001,뱅코프,2820969744,0.77,69.46,BUY,
97,금융,GCMG,US20201118002,GCM 그로스베너,2801787288,1.16,13.98,,목표주가 상향
97,금융,SKWD,NAS0230113003,스카이워드 스페셜티 인슈어런스 그룹,2761917969,-0.55,61.66,BUY,
97,금융,TRMK,US19920303007,트러스트마크,2756053874,1.16,47.85,HOLD,
97,금융,NBTB,US19920317006,NBT 뱅코프,2735590817,0.82,52.9,HOLD,
97,금융,ETOR,NAS0250514002,이토로 그룹,2713091427,-13.74,29.33,BUY,실적 예상 상회
97,금융,FBNC,US19870430001,퍼스트 뱅코프 오브 노스 캐롤라이나,2686821155,0.76,65.21,BUY,
97,금융,FRME,US19920225006,퍼스트 머천츠,2673386903,0.83,42.77,,
97,금융,EEFT,US19970307001,유로넷 월드와이드,2660533569,-0.59,70.47,BUY,
97,금융,BBT,US20000628001,비콘 파이낸셜 코퍼레이션,2652525002,0.6,31.73,HOLD,2분기 실적 호조
97,금융,SPNT,US20210301022,시리우스포인트,2643557904,-0.57,22.55,BUY,
97,금융,SYBT,US19880101001,스탁 야즈 뱅코프,2591952276,0.47,83.54,HOLD,
97,금융,NMRK,US20171214002,뉴마크 그룹,2580355932,4.09,14.77,,
97,금융,BUSE,US19981006001,퍼스트 뷰지,2553794383,0.84,31.08,BUY,
97,금융,PAGS,US20180123003,파그세구로 디지털,2546643363,-2.09,8.89,HOLD,
97,금융,STNE,US20181025002,스톤코,2530831023,-3.95,9.96,BUY,
97,금융,NTB,US20160916005,뱅크 오브 NT 버터필드 앤 선,2506436813,1.41,63.41,,
97,금융,LCLN,NYS2605020001,링컨 인터내셔널,2480216673,0.54,24.36,BUY,
97,금융,EFSC,US19980908001,엔터프라이즈 파이낸셜 서비시스,2441099376,0.81,66.21,BUY,
97,금융,DBD,NYS0230814001,다이볼드 닉스도프,2440862718,-1.19,70.81,,
97,금융,CLOV,US20210108001,클로버 헬스 인베스트먼츠,2435616612,-3.94,4.39,,실적 호조 부각
97,금융,BANR,US19951101001,배너,2435093072,1.89,72.76,BUY,
97,금융,SLDE,NAS0250618006,슬라이드 인슈어런스,2421514941,-0.19,20.62,BUY,
97,금융,PAYO,US20210628005,페이오니아 글로벌,2410600361,0,7.09,HOLD,
97,금융,BXMT,US20130508003,블랙스톤 모기지,2396362493,3.32,14.64,BUY,
97,금융,INTR,US20220623004,인터 & CO,2369973409,-2.8,5.2,BUY,
97,금융,HCI,US20080915001,HCI 그룹,2307122740,-0.26,184.37,BUY,
97,금융,GSHD,US20180426003,구스헤드 인슈어런스,2300326873,1.18,65.31,HOLD,
97,금융,NYAX,US20220921003,나약스,2277356799,-13.11,53.87,BUY,
97,금융,NWBI,US19940812001,노스웨스트 뱅크셰어스,2276345948,0.9,15.63,HOLD,
97,금융,UWMC,US20210122019,UWM 홀딩스,2269492588,8.51,1.53,BUY,투하버스 손배소
97,금융,LC,US20141211003,해펀,2251130017,-1.08,19.23,BUY,
97,금융,HTH,US20040212001,힐탑 홀딩스,2228526905,0.95,39.14,,
97,금융,OFG,US19941229002,OFG 뱅코프,2209500444,0.84,52.54,HOLD,
97,금융,WU,US20060920003,웨스턴 유니온,2199945146,0.28,7.05,SELL,
97,금융,FCF,US19920610001,퍼스트 커먼웰스 파이낸셜,2173953824,0.51,21.54,BUY,
97,금융,HMN,US19911121001,호레이스 만 에듀케이터스,2147333774,-1.1,52.26,BUY,
97,금융,PGNY,US20191024004,프로지니,2144088436,-4.6,26.57,BUY,
97,금융,BTDR,NAS0230414002,비트디어 테크놀로지스 그룹,2122787326,0,8.69,BUY,자체채굴 확대
97,금융,FLYW,US20210525003,플라이와이어,2121755801,0.52,17.47,BUY,
97,금융,PLGO,NYS0230628001,펠라고스 인슈어런스 캐피탈,2112069042,-0.53,24.49,HOLD,
97,금융,SRCE,US19830812001,퍼스트 소스,2110198427,0.86,88.08,,
97,금융,LOB,US20150723001,라이브 오크 뱅크셰어스,2062087217,1.3,42.78,,
97,금융,CHCO,US19930219002,시티 홀딩,2043455167,0.92,146.33,HOLD,
97,금융,ECPG,US19990709001,앙코어 캐피탈 그룹,2020020779,-1.51,93.49,,
97,금융,STC,US19940105001,스튜어트 인포메이션 서비스,2012109491,-0.33,65.48,BUY,
97,금융,AVAL,US20140923002,그루포 아발 악시오네스 이 발로레스(ADR),2003973339,-0.38,5.26,,
97,금융,EFC,US20101008001,엘링턴 파이낸셜,1924555534,0.97,13.6,BUY,
97,금융,RBCAA,US19980722001,리퍼블릭 뱅코프,1921019192,1.6,99.07,HOLD,
97,금융,NBHC,US20120920001,내셔널 뱅크 홀딩스,1917226876,0.68,43.19,BUY,
97,금융,CNOB,US20130212001,커넥트원 뱅코프,1891948348,0.95,32.89,BUY,
97,금융,GABC,US19930521001,저먼 아메리칸 뱅코프,1873623900,1.29,50.33,BUY,
97,금융,DCOM,US19960626001,다임 커뮤니티 뱅크셰어스,1870816267,1.22,40.63,,
97,금융,FSUN,NAS0240712001,퍼스트선 캐피탈 뱅코프,1861476639,2.37,40.61,,
97,금융,OCFC,US19960703001,오션퍼스트 파이낸셜,1842486846,0.42,19.08,HOLD,
97,금융,EVTC,US20130412001,에버텍,1832621336,-0.44,29.51,,
97,금융,TCBK,US19930420001,트라이코 뱅크셰어스,1825070063,0.39,57.12,HOLD,
97,금융,PAX,US20210122014,파트리아 인베스트먼츠,1823775716,0,11.2,,
97,금융,CASH,US19930920001,패스워드 파이낸셜,1814245657,0.51,87.48,BUY,
97,금융,TSLX,US20140325002,식스스 스트리트 스페셜티 렌딩,1798530123,-0.21,18.76,BUY,
97,금융,STBA,US19920421001,S&T 뱅코프,1796855132,1.0,51.29,HOLD,
97,금융,HOPE,US20160801003,호프 뱅코프,1794451026,1.71,14.24,BUY,
97,금융,BY,US20170628004,바이라인 뱅코프,1743310313,0.86,38.78,BUY,
97,금융,QCRH,US19931006001,QCR 홀딩스,1704403397,0.58,104.33,,
97,금융,BFC,US20181024004,뱅크 퍼스트,1700960342,2.62,156.93,,
97,금융,EZPW,US19910827001,이즈코프,1675694908,-0.77,26.97,BUY,
97,금융,CSWC,US19900327002,캐피탈 사우스웨스트,1607703524,-0.36,25.05,,ATM 희석 우려
97,금융,PWP,US20210625003,페렐라 와인버그 파트너스,1607375132,4.29,17.76,BUY,
97,금융,ESQ,US20170627001,에스콰이어 파이낸셜 홀딩스,1566090915,3.01,132.92,BUY,
97,금융,KMPR,US19910918001,켐퍼,1560255766,-0.8,26.18,HOLD,
97,금융,ATLC,US19990423001,애틀랜티쿠스 홀딩스,1526606235,-2.38,93.5,BUY,
97,금융,SAFT,US20021122001,세이프티 인슈어런스 그룹,1523110017,-0.04,103.36,HOLD,
97,금융,LKFN,US19970814001,레이크랜드 파이낸셜,1522219142,1.36,61.86,HOLD,
97,금융,WD,US20101215002,워커 앤 던롭,1494100944,-0.76,43.05,BUY,
97,금융,AMAL,US20180809001,아말거메이티드 파이낸셜,1481776730,1.26,50.01,,
97,금융,BHRB,NAS0230426001,버크 앤드 허버트 파이낸셜 서비시스,1473182330,1.22,73.62,BUY,
97,금융,PEBO,US19930211001,피플스 뱅코프,1464928356,0.79,40.94,,
97,금융,LU,US20201030004,루팍스 홀딩(ADR),1443582934,-6.63,1.55,BUY,
97,금융,TOP,US20220601002,탑 파이낸셜 그룹,1442332604,3.61,12.04,,
97,금융,WLTH,NAS0251212009,웰스프론트 코퍼레이션,1425991884,0.95,9.6,BUY,
97,금융,CTBI,US19930517001,커뮤니티 트러스트 뱅코프,1412244845,0.8,78.09,BUY,
97,금융,TMP,US19900328001,톰킨스 파이낸셜,1407233577,1.63,99.1,,
97,금융,UFCS,US19900326052,유나이티드 파이어 그룹,1379647199,0.88,53.96,BUY,
97,금융,FMBH,US20140512001,퍼스트 미드 뱅크셰어스,1364768738,1.0,51.64,BUY,
97,금융,WABC,US19920317013,웨스트아메리카 뱅코프,1357515358,0.51,58.84,,
97,금융,HBT,US20191010001,HBT 파이낸셜,1311412727,1.4,36.19,,합병 평가 긍정
97,금융,OSBC,US19950818012,올드 세컨드 뱅코프,1290500046,0.67,25.45,BUY,
97,금융,PMT,US20090730002,페니맥 모기지 인베스트먼트,1286630021,0.75,9.45,HOLD,
97,금융,MSDL,NYS0240124002,모건스탠리 직접금융 펀드,1281889645,1.05,15.35,,
97,금융,TRUP,US20160620001,트루패니언,1279262037,4.99,30.51,,
97,금융,CODI,US20060511001,컴퍼스 다이버시파이드,1267695111,11.19,12.32,BUY,
97,금융,SACH,US20170210003,새켐 캐피탈,1265224048,1.11,0.813,HOLD,
97,금융,PFBC,US19990819001,프리퍼드 뱅크 로스 앤젤리스,1252841899,1.35,106.76,HOLD,
97,금융,PSEC,US20040727001,프로스펙트 캐피탈,1239375305,-0.44,2.28,,
97,금융,UVE,US20131204002,유니버설 인슈어런스 홀딩스,1212213044,-1.15,42.91,HOLD,
97,금융,HFWA,US19980109001,헤리티지 파이낸셜,1207407651,0.41,29.53,HOLD,
97,금융,OPY,US19960828001,오펜하이머 홀딩스,1189076792,1.29,113.15,,
97,금융,DFIN,US20161006002,도넬리 파이낸셜 솔루션즈,1169546124,-0.57,47.14,,
97,금융,UVSP,US19980416001,유니베스트 파이낸셜,1167579070,1.23,42.71,,
97,금융,MMI,US20131107004,마커스 앤 밀리쳅,1165442909,1.6,31.16,,
97,금융,MCB,US20171107005,메트로폴리탄 뱅크,1149688640,0.54,92.92,BUY,
97,금융,NBN,US19870820002,노스이스트 뱅크,1148761137,0.61,134.64,,
97,금융,SECZ,NAS0250502001,시큐리타이즈,1133303902,6.79,7.39,BUY,아웃퍼폼 개시
97,금융,FSBC,US20210504002,파이브 스타 뱅코프,1132758382,1.98,46.92,BUY,
97,금융,IGIC,US20200318001,인터내셔널 제너럴 인슈어런스 홀딩스,1132029847,0.38,26.55,BUY,
97,금융,AMTB,US20181024002,아머란트 뱅코프,1127383835,1.33,29.05,,
97,금융,OCSL,NAS0230123005,오크트리 스페셜티 렌딩,1125131702,0.63,12.81,,
97,금융,CFFN,US19990401001,캐피톨 페더럴 파이낸셜,1106112651,0.46,8.81,HOLD,
97,금융,BOW,NYS0240522001,보우헤드 스페셜티 홀딩스,1106036225,0.03,33.47,HOLD,
97,금융,VRTS,US19931208001,버투스 인베스트먼트 파트너스,1101965374,0.54,166.72,HOLD,
97,금융,GSBD,US20150318001,골드만삭스 BDC,1101270746,-0.51,9.7,HOLD,
97,금융,CCNE,US19960530002,CNB 파이낸셜,1079794320,0.73,34.53,BUY,
97,금융,MBWM,US19971024001,머천틸 뱅크,1050906548,0.43,60.85,BUY,
97,금융,EQBK,US20151110001,에퀴티 뱅크셰어스,1047373486,1.1,51.25,BUY,
97,금융,HBNC,US19940425002,호라이즌 뱅코프,1041707189,0.79,20.38,BUY,
97,금융,BFST,US20180409001,비즈니스 퍼스트 뱅크셰어스,1030105110,1.4,31.98,BUY,
97,금융,MCBS,US20191003001,메트로시티 뱅크셰어스,1022310962,1.38,35.89,,
97,금융,CPF,US19880129001,센트럴 퍼시픽 파이낸셜,994379704,0.52,38.69,BUY,
97,금융,AGBK,NYS2602011001,아지뱅크,993324613,0.32,6.21,BUY,
97,금융,NBBK,NAS0231228001,NB 뱅코프,992777134,0.75,22.75,,
97,금융,BBDC,US20180803001,베어링스 BDC,983380302,-0.53,9.31,,순투자이익 호조
97,금융,HRTG,US20140522002,헤리티지 인슈어런스 홀딩스,975845728,-1.62,32.18,,
97,금융,CAC,US19971007001,캠던 내셔널,972840916,1.24,58.09,HOLD,
97,금융,IVR,US20090625001,인베스코 모기지 캐피탈,967186205,0.81,7.45,,
97,금융,THFF,US19920303006,퍼스트 파이낸셜,965675167,0.51,81.34,HOLD,
97,금융,FRBT,NAS2606011003,포브라이트,964715220,0.78,19.5,BUY,
97,금융,SBSI,US19980513002,사우스사이드 뱅크셰어스,955894004,1.35,32.39,HOLD,
97,금융,RPC,US20211020014,릿지포스트 캐피탈,952372027,2.79,8.85,,
97,금융,MPB,US19971204001,미드 펜 뱅코프,949098245,1.29,37.81,BUY,
97,금융,BUR,US20201019004,버포드 캐피탈,943009084,1.4,4.34,BUY,
97,금융,HAFC,US19970509004,한미 파이낸셜,942474001,0.92,31.97,HOLD,
97,금융,FMNB,US19990104004,파머스 내셔널 뱅코프,934530586,2.16,16.06,BUY,
97,금융,TRST,US19900326049,트러스트코 뱅크 NY,934077984,2.41,55.99,,
97,금융,KBDC,NYS0240522003,케인 앤더슨 BDC,930053148,-1.57,13.75,BUY,
97,금융,TIGR,US20190319001,업 핀테크 홀딩스(ADR),925660606,-3.26,4.75,,
97,금융,ABL,US20200914001,애버커스 글로벌 매니지먼트,916277993,-6.3,8.92,,
97,금융,FCBC,US19970509003,퍼스트 커뮤니티 뱅크셰어스,905840887,1.72,48.56,HOLD,
97,금융,CCBG,US19970203001,캐피탈 시티 뱅크 그룹,884323849,0.78,51.9,HOLD,
97,금융,EIG,US20070131001,임플로이어스 홀딩스,884130824,-1.14,48.5,HOLD,
97,금융,SMBK,US20151221001,스마트파이낸셜,879611837,1.31,51.94,BUY,
97,금융,GSBC,US19891201001,그레이트 서던 뱅코프,877272205,0.11,80.32,,
97,금융,WRLD,US19911126001,월드 억셉턴스,874223464,0.16,187.13,,
97,금융,HIPO,US20210803007,히포 홀딩스,858710103,2.96,33.39,BUY,
97,금융,EGBN,US19990714001,이글 뱅코프,845434619,2.71,28.39,BUY,
97,금융,SMBC,US19940412001,서던 미주리 뱅코프,844764735,0.76,77.04,,
97,금융,IBCP,US20100202001,인디펜던트 뱅코프 미시건,844206736,0.26,38.0,,
97,금융,BCSF,US20181114001,배인 캐피탈 스페셜티 파이낸스,842896191,-0.85,12.84,,순투자이익 상회
97,금융,SPFI,US20190508008,사우스 플레인스 파이낸셜,840805348,1.17,45.0,BUY,
97,금융,ORRF,US19990513002,오스타운 파이낸셜 서비시스,839188993,0.63,42.79,BUY,
97,금융,MAX,US20201028014,미디어알파,832327565,-3.18,13.11,BUY,실적 호조와 환원
97,금융,ROOT,US20201028007,루트,830767417,-3.46,51.59,,매수서 보유하향
97,금융,ALRS,US20190912001,앨러루스 파이낸셜,829841434,0.69,33.44,HOLD,
97,금융,HTB,US20120711001,홈트러스트 뱅크셰어스,829114854,0.51,49.75,BUY,
97,금융,FISI,US19990625001,파이낸셜 인스티튜션스,817226118,0.75,41.64,,
97,금융,MSBI,US20160524001,미드랜드 스테이츠 뱅코프,807342972,0.45,33.35,,
97,금융,PGC,US19990427002,피팩 글래드스톤 파이낸셜,803131653,0.71,45.47,BUY,
97,금융,NAVI,US20140502002,내비언트,798790308,0.83,8.54,HOLD,
97,금융,SHBI,US20010409001,쇼어 뱅크셰어스,790256816,0.97,23.83,BUY,
97,금융,PHR,US20190717007,프리시아,771547764,-1.37,12.27,BUY,
97,금융,CGBD,US20170614001,칼라일 시큐어드 렌딩,769082564,0.27,11.17,HOLD,
97,금융,TRTX,US20170719005,TPG 리 파이낸스 트러스트,760795071,1.01,8.0,BUY,실적 기대치 미달
97,금융,FDUS,US20110621001,피더스 인베스트먼트,755568436,-0.1,19.82,BUY,
97,금융,GDOT,US20100722002,그린 닷,754129303,1.13,13.41,,
97,금융,OPFI,US20210721008,옵파이,749810718,-24.86,6.59,,
97,금융,CCB,US20180717001,코스탈 파이낸셜,745588476,6.69,51.86,BUY,경영진 주식매입
97,금융,SUPV,US20160519005,그루포 수페르비에예(ADR),744909883,-1.3,8.37,HOLD,
97,금융,TCBX,US20211109017,THIRD COAST BANCSHARES INC,739983247,1.42,44.91,BUY,
97,금융,WASH,US19950818021,워싱턴 트러스트 뱅코프,737234730,1.25,39.0,HOLD,
97,금융,PFLT,US20110408001,페넌트파크 플로팅 레이트 캐피탈,736702516,1.22,7.49,,
97,금융,CASS,US19960102002,캐스 인포메이션 시스템즈,736152503,0.35,57.49,BUY,
97,금융,SAR,US20070323003,사라토가 인베스트먼트,736070736,-0.76,19.58,,
97,금융,NMFC,US20200914002,뉴 마운틴 파이낸스,728802262,0.52,7.73,,
97,금융,VEL,US20200116007,벨로시티 파이낸셜,725357217,-0.38,18.24,,
97,금융,DGICB,US19900326009,더니골 그룹 B,725248345,0,24.01,,
97,금융,DGICA,US20030703001,더니골 그룹 A,725248345,0.05,18.68,HOLD,
97,금융,EXPI,US20180521001,EXP 월드 홀딩스,717690595,-0.23,4.27,HOLD,
97,금융,PRAA,US20021108001,PRA 그룹,716227072,-1.16,18.74,,
97,금융,SLRC,US20100209001,SLR 인베스트먼트,709973343,-0.23,12.94,BUY,투자의견 하향
97,금융,PAYS,US20190429001,페이사인,709870207,0.8,12.63,,
97,금융,CARE,US20190325001,카터 뱅크셰어스,705424255,0.91,32.01,BUY,
97,금융,HIVE,US20210914015,하이브 디지털 테크놀로지스,700802953,1.92,2.65,BUY,
97,금융,PFIS,US20140403002,피플스 파이낸셜 서비시스,697577831,1.08,70.2,,
97,금융,BCAL,NAS0230511002,서던 캘리포니아 뱅코프,690032411,0.47,21.49,,
97,금융,CWBC,US19940405001,커뮤니티 웨스트 뱅크셰어스,677855021,2.29,25.47,,
97,금융,TIPT,US20070622001,팁트리,675203451,-0.22,18.03,,
97,금융,RRBI,US20190502002,레드 리버 뱅크셰어스,665135980,1.7,102.39,HOLD,
97,금융,CSHR,NAS0241028006,코인셰어스,665102526,-2.98,4.88,,
97,금융,BHB,US19941207001,바 하버 뱅크셰어스,662151008,1.14,39.81,,
97,금융,HIFS,US19881220001,힝엄 인스티튜션 포 세이빙스,659496983,4.23,311.5,,
97,금융,VINP,US20210127008,빈치 파트너스 인베스트먼츠,658045649,-1.1,9.9,,
97,금융,BWB,US20180314001,브리지워터 뱅크셰어스,655858873,1.16,21.71,,
97,금융,ALTI,NAS0230104001,알티 글로벌,654167827,-5.35,4.07,,
97,금융,GAIN,US19861106001,글래드스톤 인베스트먼트,653297333,0.67,16.46,BUY,목표가 상향·매수
97,금융,ACNB,US19960102001,ACNB,647878714,1.46,64.42,BUY,
97,금융,BOT,NAS2605007001,로보스트래티지,645495355,14.06,30.98,,
97,금융,RWT,US19950804002,레드우드 트러스트,640759609,2.41,4.68,BUY,
97,금융,YB,NAS0250430004,위안바오(ADR),639912915,-0.79,13.73,,
97,금융,NCDL,NYS0240125001,누빈 처칠 다이렉트 렌딩,624883021,-0.56,12.54,BUY,목표주가 하향
97,금융,CRD.B,US19720630004,크로우포드 앤 컴퍼니 B,623006873,-0.5,12.03,,
97,금융,CRD.A,US19920319001,크로우포드 앤 컴퍼니 A,623006873,-0.38,13.16,,
97,금융,VBNK,US20210922017,버사뱅크,617920768,1.1,19.26,BUY,
97,금융,KRNY,US20050224001,커니 파이낸셜,614498511,0.74,9.53,BUY,
97,금융,CBNK,US20180925002,캐피탈 뱅코프,609858260,0.96,37.67,BUY,
97,금융,UNTY,US19890511001,유니티 뱅코프,599660696,1.98,60.69,BUY,
97,금융,SFST,US19991027002,서던 퍼스트 뱅크셰어스,596368377,1.39,63.62,BUY,
97,금융,FBIZ,US20051007001,퍼스트 비즈니스 파이낸셜 서비시스,591379667,1.35,71.38,BUY,
97,금융,NRIM,US19901105001,노스림 뱅코프,589699929,1.29,26.76,BUY,
97,금융,NPB,NYS0250214001,노스포인트 뱅크셰어스,589538160,0.59,17.09,BUY,
97,금융,CIVB,US20150505001,시비스타 뱅크셰어스,586925749,1.14,28.45,BUY,
97,금융,GCBC,US19981230002,그린 카운티 뱅코프,586125519,1.52,34.83,,
97,금융,HBCP,US20081003001,홈 뱅코프,557796449,1.49,71.68,HOLD,
97,금융,ITIC,US19900327003,인베스터스 타이틀,541476109,-0.86,283.36,,
97,금융,BWFG,US20140515001,뱅크웰 파이낸셜 그룹,534573771,1.74,67.99,,
97,금융,AMSF,US20051118001,아메리세이프,523373697,-0.43,28.02,HOLD,
97,금융,GEMI,NAS0250911002,제미니 스페이스 스테이션,520727669,-1.46,4.05,HOLD,
97,금융,OBT,US20210805006,오랜지 카운티 뱅코프,515129805,1.25,38.77,BUY,
97,금융,PWRL,NAS2605027006,파워로,514600534,-0.34,11.82,,
97,금융,WSBF,US20051005001,워터스톤 파이낸셜,513455969,1.17,20.81,,
97,금융,BSRR,US19960530001,시에라 뱅코프,511149624,1.63,40.48,,
97,금융,COFS,US20200207001,초이스원 파이낸셜 서비시스,510040005,0.59,34.2,BUY,
97,금융,GLRE,US20070524001,그린라이트 캐피탈 리얼 에스테이트,502743926,0.46,15.42,HOLD,
97,금융,AXG,NAS0230906001,SOLOWIN HOLDINGS LIMITED,497959961,1.17,2.6,,
97,금융,PDLB,US20171002008,폰세 파이낸셜 그룹,486126786,2.05,20.44,BUY,
97,금융,WTBA,US19990503001,웨스트 뱅코프,485512918,2.54,29.11,HOLD,
97,금융,OWLS,NAS0251016007,오북 홀딩스,483936149,-0.37,5.44,BUY,
97,금융,BSVN,US20180919001,뱅크7,483311966,0.91,51.06,,
97,금융,CBK,NAS0251002002,커머셜 뱅크그룹,477046471,-0.09,34.67,,
97,금융,FMAO,US20170510001,파머스 앤 머천츠 뱅코프,475127260,1.98,35.06,HOLD,
97,금융,ACIC,US20071107001,아메리칸 코스탈 인슈어런스,471926827,-1.31,9.82,,
97,금융,CBAN,US19980402001,콜로니 뱅코프,466741158,0.64,22.06,BUY,
97,금융,FRBA,US20131115001,퍼스트 뱅크,465180492,1.19,18.76,BUY,
97,금융,BMRC,US19991223001,뱅크 오브 마린 뱅코프,456601702,1.32,28.47,HOLD,
97,금융,CZNC,US19940316001,시티즌스 앤 노던,455650952,1.07,25.59,HOLD,
97,금융,BTBT,US20200807001,비트 디지털,455487112,3.85,1.35,,
97,금융,TREE,US20080812001,렌딩트리,454734049,-2.35,31.52,,
97,금융,RBB,US20170725005,RBB 뱅코프,449453900,2.34,27.1,HOLD,
97,금융,IIIV,US20180620003,I3 버티컬스,443709508,0.89,16.95,BUY,
97,금융,GLAD,US20010824001,글래드스톤 캐피탈,441605630,1.28,19.73,BUY,
97,금융,PRTH,US20180727002,프라이오러티 테크놀로지 홀딩스,432625438,-0.38,5.21,BUY,
97,금융,CCAP,US20200203001,크레센트 캐피탈 BDC,431820290,-2.05,11.44,BUY,실적 예상 하회
97,금융,BOC,US20220222002,보스턴 오마하,430808416,0.07,14.22,,
97,금융,PBFS,US20190718004,파이어니어 뱅코프,430770857,-0.23,17.08,,
97,금융,AVBC,NYS0250801001,아비디아 뱅코프,428872972,0.75,21.45,,
97,금융,PLBC,US20021211001,플루마스 뱅코프,428383587,1.37,62.19,,
97,금융,MCGA,NAS0250908003,YORKVILLE ACQUISITION CORP.,426447380,-0.1,10.28,,
97,금융,NEWT,US20000920001,뉴텍원,423032771,-1.16,12.73,HOLD,
97,금융,ISTR,US20140701004,인베스타 홀딩,412362489,1.51,30.28,BUY,
97,금융,USCB,US20210721013,USCB 파이낸셜 홀딩스,409485119,1.67,22.46,BUY,
97,금융,PKBK,US20010905001,파크 뱅코프,404314562,0.73,34.51,,
97,금융,AII,NYS0250508002,아메리칸 인테그리티 인슈어런스 그룹,403956680,-1.75,20.19,,2분기 실적 호조
97,금융,LSAK,US20220525002,레사카 테크놀로지스,403751662,2.99,4.83,BUY,
97,금융,FRST,US20210331001,프리미스 파이낸셜,401863328,1.11,16.33,BUY,
97,금융,MFI,NAS0240422002,MF 인터내셔널,397738399,-4.05,7.58,,
97,금융,QD,US20171017001,하이 템플러 테크(ADR),395757778,-1.57,2.5,,
97,금융,FNLC,US19990714002,퍼스트 뱅코프,393957023,1.78,35.42,,
97,금융,RILY,US20150716004,B 라일리 파이낸셜,393891418,0,7.27,,
97,금융,CHMG,US19990104002,셔멍 파이낸셜,393024826,1.16,82.18,BUY,
97,금융,CZFS,US20220603002,시티즌스 파이낸셜 서비시스,391353935,1.48,82.29,BUY,
97,금융,PCB,US20180810001,PCB 뱅코프,388241056,1.92,28.08,,
97,금융,MVBF,US20171207003,MVB 파이낸셜,387872409,1.44,30.24,BUY,
97,금융,FOA,US20210405020,파이낸스 오브 아메리카 컴퍼니스,378917096,-1.24,21.55,BUY,
97,금융,CNCK,US20210820003,코인체크 그룹,373350007,3.09,2.0,,
97,금융,CION,US20211005001,사이언 인베스트먼트,369284423,-0.13,7.47,HOLD,
97,금융,NWFL,US19980304001,노우드 파이낸셜,367770809,1.84,34.24,BUY,
97,금융,PSFE,US20210331008,페이세이프,367186562,-3.5,6.89,HOLD,
97,금융,NECB,US20210713002,노스이스트 커뮤니티 뱅코프,364656512,1.48,26.79,BUY,
97,금융,TWFG,NAS0240718007,TWFG,357219822,-0.69,27.45,BUY,
97,금융,OPRT,US20190925011,오포툰 파이낸셜,357148515,-1.81,7.6,BUY,
97,금융,IMXI,US20180727001,인터내셔널 머니 익스프레스,356923311,-1.61,11.63,HOLD,
97,금융,AVBH,NAS0250808001,애비드뱅크 홀딩스,356276991,1.05,32.67,BUY,
97,금융,CURR,US20220110009,커런시 그룹,356014100,17.72,3.72,,
97,금융,TSBK,US19980113001,팀버랜드 뱅코프,351091765,1.4,45.63,,
97,금융,VALU,US19830510001,밸류 라인,342854325,9.86,39.99,,
97,금융,BKKT,US20211018004,백트 홀딩스,342441785,-3.66,7.37,,
97,금융,RPAY,US20190805001,리페이 홀딩스,338516779,-3.39,3.7,BUY,
97,금융,SPMC,NYS0240614001,사운드 포인트 메리디안 캐피탈,337606912,0.56,10.77,,
97,금융,FVCB,US20180914003,에프브이시뱅코프,335126218,0.43,18.6,BUY,
97,금융,BRBS,US20191223002,블루 리지 뱅크셰어스,334648511,0.27,3.73,,
97,금융,BCML,US20180504001,베이컴,332658544,2.83,31.25,HOLD,CEO 주식매입
97,금융,COSO,NYS0250702002,코스탈사우스 뱅크셰어즈,332381161,0.65,27.89,,
97,금융,TCPC,US20120404001,블랙록 TCP 캐피탈,331698088,-1.02,3.9,HOLD,
97,금융,PMTS,US20210805007,CPI 카드 그룹,330779877,6.68,30.5,,목표가 잇단 상향
97,금융,JMSB,US20220427006,존 마셜 뱅코프,324971894,1.22,23.23,,
97,금융,ONIT,US20060515002,오니티 그룹,324584122,1.29,39.22,BUY,
97,금융,HRZN,US20101029001,호라이즌 테크놀로지 파이낸스,319490961,2.95,4.89,HOLD,
97,금융,FCCO,US19990309001,퍼스트 커뮤니티,318882742,-0.21,33.74,BUY,
97,금융,FSBW,US20120710001,FS 뱅코프,317399750,1.85,43.4,HOLD,
97,금융,NODK,US20170316001,NI 홀딩스,314070021,0.72,15.45,,
97,금융,FDBC,US20171006001,피델리티 D 앤 D 뱅코프,310585182,1.9,54.3,,
97,금융,ISBA,NAS0250512005,이자벨라 뱅크,308407144,1.49,40.89,,
97,금융,MYFW,US20180718004,퍼스트 웨스턴 파이낸셜,306097252,0,31.24,BUY,
97,금융,LDI,US20210203006,론디포,298076915,-2.95,0.8526,SELL,
97,금융,MTC,US20181227003,MM텍,295779669,3.38,3.06,,
97,금융,RM,US20120328002,리저널 매니지먼트,291598125,0.41,31.63,BUY,
97,금융,KWY,US19980506001,킹스웨이 코퍼레이션,291452361,-1.99,9.84,,
97,금융,BPRN,NAS0230111001,프린스턴 뱅코프,288492198,0.71,42.5,HOLD,
97,금융,FUNC,US19920908001,퍼스트 유나이티드,287910699,2.09,45.39,BUY,
97,금융,XE,NAS2604024003,퍼스트 노던 커뮤니티 뱅코프,285340996,0,17.34,,
97,금융,INV,NAS0241003003,인벤처,284191380,-0.3,3.36,,
97,금융,FXNC,US20190418001,퍼스트 내셔널,283397705,2.56,32.04,HOLD,
97,금융,OVLY,US20031015001,오크 밸리 뱅코프,280274144,0.48,33.36,,
97,금융,LCNB,US19991026001,LCNB,280059277,1.02,19.78,HOLD,
97,금융,WDH,US20210507014,워터드롭(ADR),280058063,0,1.0,,
97,금융,RWAY,US20211021009,런웨이 그로스 파이낸스,278805037,1.06,6.7,HOLD,
97,금융,FRAF,US20190501002,프랭클린 파이낸셜 서비시스,278626028,2.15,63.12,BUY,
97,금융,KINS,US19940426001,킹스톤,278593890,-0.26,19.07,BUY,
97,금융,CFFI,US19980507001,C&F 파이낸셜,278061033,0.34,85.55,,
97,금융,WNEB,US20161024002,웨스턴 뉴 잉글랜드 뱅코프,276565543,1.82,14.0,HOLD,
97,금융,DGXX,US20211115001,디지 파워 X,276534498,1.07,3.79,BUY,
97,금융,HWBK,US19990720001,호손 뱅크셰어스,275855415,-0.13,39.79,,
97,금융,ATLO,US19970811001,에임스 내셔널,275593911,1.87,31.59,HOLD,
97,금융,NSLR,US20190801001,네오스텔라 캐피털 코퍼레이션,274395852,3.0,10.64,,
97,금융,RMBI,US20190702001,리치먼드 뮤추얼 뱅코프,266873038,1.26,16.07,,
97,금융,NKSH,US19991201001,내셔널 뱅크셰어스,257798475,4.74,42.24,BUY,
97,금융,MBI,US19870701001,엠비아,257483016,-1.39,4.96,HOLD,
97,금융,INBK,US20060405001,퍼스트 인터넷 뱅코프,256439306,-0.14,29.28,HOLD,
97,금융,VABK,US20210405008,버지니아 내셔널 뱅크셰어스,255050920,0.43,47.06,,
97,금융,SNFCA,US19920303004,시큐리티 내셔널 파이낸셜,253993670,-0.11,9.31,,모기지 흑자전환
97,금융,FBLA,NAS0241023003,FB 뱅코프,250871872,0.84,15.69,,
97,금융,MFIN,US20160511002,메달리언 파이낸셜,249963589,1.66,11.03,BUY,
97,금융,SLNH,US20211104022,솔루나 홀딩스,247945420,5.83,1.27,,
97,금융,SCM,US20121108003,스텔러스 캐피탈 인베스트먼트,246014781,3.9,8.8,,
97,금융,TROO,US20211116009,트룹스,245148946,-2.0,1.96,,
97,금융,RMAX,US20131002004,리맥스 홀딩스,243846481,6.23,12.11,BUY,
97,금융,PNNT,US20220414007,페넌트파크 인베스트먼트,243070096,0.81,3.74,,
97,금융,LX,US20171220002,렉신핀테크(ADR),243060317,0,1.47,BUY,
97,금융,PEBK,US19950818013,피플스 뱅코프 오브 노스 캐롤라이나,234982943,2.99,44.16,,
97,금융,OPBK,US20180328004,OP 뱅코프,234188338,0.38,15.69,,
97,금융,EFSI,NAS0250207001,이글 파이낸셜 서비시즈,232782750,0.54,43.1,BUY,
97,금융,MRBK,US20171107003,메리디언,231969015,2.22,19.81,,
97,금융,AIFU,US20161207001,AIFU,229895750,-0.27,37.0,,
97,금융,CFBK,US19981230001,CF 뱅크셰어스,229756905,0.82,35.56,,
97,금융,RTB,US20210217006,RTB 디지털,228772009,1.79,17.04,,
97,금융,CD,NAS0230228002,체인스 디지털 홀딩스,227979849,7.34,3.07,,할인 발행 부담
97,금융,LIEN,US20210727010,시카고 애틀랜틱 BDC,221528517,1.45,9.78,,
97,금융,FUFU,US20211209001,비트푸푸,215712257,0,1.29,BUY,
97,금융,FCAP,US19990104003,퍼스트 캐피탈,213967365,1.88,64.94,,
97,금융,TPVG,US20140306003,트리플포인트 벤처 그로스 BDC,213225465,1.15,5.28,HOLD,
97,금융,OSG,US20200203006,옥타브 스페셜티 그룹,211103980,-2.78,4.54,BUY,
97,금융,JRVR,US20141211001,제임스 리버 그룹 홀딩스,210627255,-7.71,4.19,HOLD,순이익 59% 증가
97,금융,AOMR,US20210616008,엔젤 오크 모기지 리츠,208477813,0.34,8.98,,
97,금융,OVBC,US19960209001,오하이오 밸리 뱅코프,207656160,0.55,44.17,,
97,금융,XYF,US20180918004,X 파이낸셜(ADR),202895704,2.1,5.36,,
97,금융,CHMI,US20131004002,체리힐 모기지 인베스트먼트,202578524,4.3,2.91,,투자의견 하향
97,금융,MNSB,US20190417005,메인스트리트 뱅크셰어스,201474424,1.62,24.49,BUY,
97,금융,CPSS,US19921022001,컨슈머 포트폴리오 서비시스,200057307,-0.54,9.2,,
97,금융,CZWI,US20040330001,시티즌스 커뮤니티 뱅코프,197241891,0.69,20.51,BUY,
97,금융,LARK,US19940328001,랜드마크 뱅코프,196456426,0,32.11,HOLD,
97,금융,BGIN,NAS0251021003,비긴 블록체인,196411685,2.31,1.77,,
97,금융,RBKB,US20190117001,라인벡 뱅코프,195827102,0,12.48,,
97,금융,CIA,US19881230001,시티즌스 A,195129079,-3.12,3.72,,
97,금융,FNWD,US20211103006,핀워드 뱅코프,192255178,1.2,44.75,,
97,금융,HNVR,US20220510005,하노버 뱅코프,191496485,0.55,27.2,HOLD,
97,금융,CBFV,US20141103001,CB 파이낸셜 서비시스,190542837,1.74,38.02,BUY,
97,금융,FINW,US20210811001,핀와이즈 뱅코프,188547092,0.36,13.76,BUY,
97,금융,EBMT,US20000406001,이글 뱅코프 몬태나,187023231,0.38,23.49,HOLD,
97,금융,WHG,US20020701002,웨스트우드 홀딩스 그룹,183179653,-0.58,19.02,,
97,금융,BVFL,NAS0230801008,BV 파이낸셜,180301393,1.0,21.3,,
97,금융,DEFT,NAS0250512003,디파이 테크놀로지스,179216435,5.11,0.4836,BUY,
97,금융,ECBK,US20220727002,ECB 뱅코프,175785086,0.8,20.21,,
97,금융,FGBI,US20151104002,퍼스트 개런티 뱅크셰어스,167286607,0.12,8.43,HOLD,동의명령 부담
97,금융,SBFG,US19940405002,SB 파이낸셜 그룹,166579985,2.6,27.24,BUY,
97,금융,SRBK,NAS0230920008,SR 뱅코프,158827245,0.75,20.1,,
97,금융,EXOD,AMX0241218003,엑소더스 무브먼트,156595803,-4.04,4.99,BUY,실적 추정치 하회
97,금융,OXSQ,US20180323001,옥스포드 스퀘어 캐피탈,152851094,-0.69,1.44,,
97,금융,BCBP,US20020522001,BCB 뱅코프,149306918,2.1,8.75,HOLD,
97,금융,GSIW,NAS0231201002,가든 스테이지,145500820,14.34,15.55,,
97,금융,WHF,US20121205001,화이트호스 파이낸스,144595860,6.56,7.15,,주당 NAV 상승
97,금융,PNBK,US19940831001,패트리엇 내셔널 뱅코프,136959725,0,1.16,,
97,금융,LSBK,US20060404001,레이크 쇼어 뱅코프,134532823,0.47,17.13,,
97,금융,AIB,AMX0231110001,AIB 데이터센터,133415014,0,1.75,BUY,
97,금융,WTF,NAS0250401009,와튼 파이낸셜 리미티드,133102941,0,2.75,,
97,금융,JFIN,US20190509001,자인 그룹(ADR),131267555,-4.8,2.38,,
97,금융,MGYR,US20060124002,매자르 뱅코프,123727071,0,19.08,,
97,금융,SLQT,US20200521002,셀렉쿼트,123702850,-1.3,0.69,,
97,금융,BOTJ,US20000810001,제임스 파이낸셜 그룹,123177337,1.07,27.31,,
97,금융,SFBC,US20120824001,사운드 파이낸셜 뱅코프,119495160,0,46.41,,
97,금융,SAMG,US20130627002,실버크레스트 에셋 매니지먼트 그룹,117928452,1.11,10.03,,
97,금융,UNB,US19990809001,유니언 뱅크셰어스,117564987,2.79,24.35,,
97,금융,BSBK,US20200115001,보고타 파이낸셜,116210942,-0.44,8.97,,
97,금융,PROV,US19960628002,프로비던트 파이낸셜 홀딩스,113512148,-0.61,17.95,HOLD,
97,금융,OPHC,US20030508001,옵티멈뱅크 홀딩스,110453138,3.14,9.2,BUY,
97,금융,RDZN,US20220113004,로드젠,108607229,3.91,1.33,,
97,금융,RVSB,US19971001001,리버뷰 뱅코프,107213635,0,5.3,,
97,금융,FNWB,US20150129002,퍼스트 노스웨스트 뱅코프,104982610,1.45,11.16,,
97,금융,SUNS,NAS0240710005,선라이즈 리얼티 트러스트,104831864,-3.1,7.49,,
97,금융,BCIC,US20190402007,BCP 인베스트먼트,95056232,1.31,7.75,HOLD,
97,금융,FDSB,NAS0240801004,피프스 디스트릭트 뱅코프,94507714,0.61,18.0,,
97,금융,ANTA,NAS0250513001,앤트알파 플랫폼 홀딩 컴퍼니,93888158,3.33,4.03,BUY,
97,금융,UBCP,US19950818019,유나이티드 뱅코프,93349203,0,15.65,,
97,금융,PDCC,NYS0240718002,펄 다이버 크레딧 컴퍼니,92026805,0,9.0,BUY,
97,금융,FUSB,US20161011001,퍼스트 유에스 뱅크셰어스,91688078,-0.9,16.45,,
97,금융,AUBN,US19950911001,오번 내셔널 뱅코프,91498584,0,26.14,,
97,금융,PFX,US20210104004,피닉스핀,89866537,-0.78,46.01,,
97,금융,SSBI,US20060714001,서밋 스테이트 뱅크 산타로사,88400136,0,13.02,,
97,금융,ASRV,US19900327001,아메리서브 파이낸셜,87832495,-6.01,4.85,,
97,금융,IOR,US20170703002,인컴 오퍼튜니티 리얼티 인베스터스,84659346,0,20.75,,
97,금융,FRMM,US20201109002,포럼 마켓츠,83506168,-0.79,6.25,BUY,
97,금융,FSEA,NAS0230120004,퍼스트 시코스트 뱅코프,80671295,0.12,17.11,,
97,금융,HNNA,US20140428001,헤네시 어드바이저스,78718923,0.3,9.95,,
97,금융,GECC,US20161104004,그레이트 엘름 캐피탈,78325137,0.18,5.63,,
97,금융,PBHC,US19960530005,패트파인더 뱅코프,78284011,1.56,16.25,,
97,금융,NSTS,US20220119007,NSTS 뱅코프,72855409,0.07,13.81,,
97,금융,HFBL,US20070620001,홈 페더럴 뱅코프 오브 루이지아나,72009788,0,23.5,,
97,금융,BYFC,US19960109001,브로드웨이 파이낸셜,69711781,0,11.25,,
97,금융,NCTY,US20041215001,더 나인(ADR),69422096,-7.95,4.17,,
97,금융,CLST,US20211012002,캐털리스트 뱅코프,69115846,0,17.0,,
97,금융,SIEB,US19961112001,시버트 파이낸셜,68603244,0.6,1.68,,2분기 실적 개선
97,금융,KG,US20080506001,케스트럴 그룹,67514861,2.21,8.79,,
97,금융,SUIG,US20220809009,수이 그룹 홀딩,64378721,4.2,0.8705,,
97,금융,ASPS,US20090806001,알티소스 포트폴리오 솔루션즈,63482514,0.72,5.58,BUY,
97,금융,USIO,US20190701001,유시오,60917089,1.36,2.23,BUY,
97,금융,AURE,NAS0230630006,프레스티지 웰스,59041928,2.35,1.74,,
97,금융,AIFC,US20190911002,AI 파이낸셜,58635869,0.5,0.42,,캐나다사업 매각
97,금융,BTCS,US20210914001,BTCS,56436928,-2.65,1.1,,
97,금융,SDEV,AMX0221116004,스테이블코인 디벨롭먼트,51802841,1.96,1.04,,
97,금융,VRM,NAS0250220005,브룸,51365620,0.61,9.84,,
97,금융,TCBS,US20210715015,텍사스 커뮤니티 뱅크셰어스,49970769,0.23,17.3,,
97,금융,OFS,US20121108002,OFS 캐피탈,48934404,-0.27,3.63,HOLD,
97,금융,LOAN,US19990513001,맨해튼 브리지,47805959,-1.2,4.12,,
97,금융,RMCO,NAS0231106003,로열티 매니지먼트 홀딩스,46393460,3.93,3.17,,
97,금융,KFFB,US20050303001,캔터키 퍼스트 페더럴 뱅코프,45033483,-0.36,5.53,,
97,금융,MGLD,US20220310003,더 메리골드 컴퍼니스,44459880,5.83,1.09,,
97,금융,BENF,US20211203001,베네피선트,43316655,-1.79,2.75,,전환사채 희석 부담
97,금융,SAIH,US20220502003,사이히트,41367925,0.36,22.58,,AI추론 합병
97,금융,STKE,NAS0250909003,솔 스트래터지스,39710091,3.88,1.07,,
97,금융,GROW,US19960603001,US 글로벌 인베스터스,38583421,0.32,3.11,,
97,금융,COHN,US20170905001,코헨 앤 컴퍼니,37777479,1.8,11.87,BUY,
97,금융,HGBL,US20200831001,헤리티지 글로벌,36943710,0.94,1.07,,
97,금융,CCG,NAS0230918003,처처 그룹,33686570,3.96,13.93,,
97,금융,AMTD,US20220131001,AMTD 아이디어 그룹(ADR),31888248,-1.02,0.7404,,
97,금융,KPLT,US20210610005,캐터펄트 홀딩스,31731750,25.79,8.0,,
97,금융,VIP,US20210915006,벌컨 인프라스트럭처 앤 파워,30022481,1.82,1.68,,
97,금융,RAND,US19950818015,랜드 캐피탈,29998514,0.99,10.16,,
97,금융,AAME,US19840907001,애틀랜틱 아메리칸,29880951,-2.05,1.43,,
97,금융,JFU,NAS0230118004,9F(ADR),28115564,-13.87,2.05,,
97,금융,GRAN,NAS0250701002,그란데 그룹,27763529,1.44,1.41,,
97,금융,BAFN,US20211130003,베이퍼스트 파이낸셜,25961252,-0.95,6.24,,
97,금융,FLD,US20220207004,폴드 홀딩스,22996254,-0.27,0.4501,,실적 예상치 하회
97,금융,BCG,NAS0240327001,비나 캐피탈 그룹,22939313,-4.41,1.3,,
97,금융,AIHS,US20180316005,센미아오 테크놀로지,21910291,22.67,1.84,,
97,금융,GRNQ,US20180613008,그린프로 캐피털,19862759,-15.2,9.26,,
97,금융,LICN,NAS0230202007,리천 차이나,19461233,12.71,1.33,,
97,금융,MF,NAS0240327005,마인드포지,18588576,-3.53,9.83,,
97,금융,CNF,US20181106002,CN파이낸스 홀딩스(ADR),17917719,-1.75,2.25,,
97,금융,ORIO,US20180418002,오리온 디지털,16713575,12.88,0.7869,,
97,금융,AIXC,NAS0221123002,AIXCRYPTO HOLDINGS INC,16025647,1.04,0.7975,,
97,금융,MPU,AMX0230206001,메가 매트릭스,14816542,1.44,0.2191,,
97,금융,HUIZ,US20200211002,후이쩌 홀딩(ADR),14399298,-5.63,1.34,,
97,금융,EBON,US20200626002,이방 인터내셔널 홀딩스,13591893,1.45,2.1,,
97,금융,OXBR,US20140512002,옥스브리지 리 홀딩스,10648793,-0.76,1.3,BUY,
97,금융,RITR,NAS0240820006,리타 로그텍 홀딩스,10538660,-13.85,0.1449,,
97,금융,ZBAO,NAS0240402009,즈바오 테크놀로지,10374416,-7.58,0.195,,
97,금융,AZI,NAS0240828001,오토지 인터넷 테크놀로지,9621113,-7.28,1.4,,SpaceX 편입 부담
97,금융,CAN,US20191120001,카난(ADR),7829468,0.5,0.201,,
97,금융,BTCT,US20200331004,BTC 디지털,7723245,1.65,0.4997,BUY,
97,금융,SURG,US20211102008,서지페이스,7615063,-0.23,0.3014,BUY,
97,금융,OLB,US20200807003,OLB 그룹,7461865,-0.65,0.3075,,
97,금융,MEGL,US20220804001,매직 엠파이어 글로벌,6300718,-2.42,1.21,,주식발행 부담
97,금융,DPU,NAS0230330007,탑 킹윈,6122626,3.45,2.1,,
97,금융,TGL,US20220811005,트레저 글로벌,5629395,6.27,3.05,,
97,금융,SNTG,US20210708010,센티지 홀딩스,5235601,9.68,2.04,,
97,금융,EZRA,NAS0230223001,릴라이언스 글로벌 그룹,4034078,-5.98,2.36,,
97,금융,AGMH,US20180418001,AGM 그룹 홀딩스,3789000,3.81,1.09,,
97,금융,BTOG,US20220215001,비트 오리진,3504137,2.35,0.859,,
97,금융,PMAX,NAS0240905004,파월 맥스,2788263,1.85,1.65,,
97,금융,DXF,US20180305002,이슨 테크놀로지(ADR),2575895,8.1,0.53,,
97,금융,SHFS,US20220929002,SHF 홀딩스,2254684,-3.9,0.1751,,2분기 매출 증가
97,금융,MI,AMX0230918004,NFT,1784617,9.09,8.4,,
97,금융,IPST,NAS0241122001,IP 스트래티지 홀딩,1314857,5.24,2.01,,
97,금융,ARBK,US20210922001,아르고 블록체인(ADR),974179,-0.69,2.89,,
97,금융,LGHL,US20200617002,라이언 그룹 홀딩스(ADR),790809,-8.07,0.7851,,
161,음료,KO,US19240926001,코카콜라,375030070751,-0.45,86.48,BUY,
161,음료,PEP,US20171220003,펩시코,188624071881,0.49,138.41,HOLD,
161,음료,SBUX,US19920626001,스타벅스,119705610188,1.92,106.66,HOLD,
161,음료,MNST,US19950818011,몬스터 베버리지,89861788158,-0.39,45.53,BUY,비중확대 의견
161,음료,CCEP,US20210913002,코카콜라 유로퍼시픽 파트너스,47048463776,0.45,106.51,BUY,
161,음료,KDP,US20200921002,큐리그 닥터페퍼,39999592870,-0.41,29.18,BUY,목표가 상향
161,음료,KHC,US20150706002,크래프트 하인즈,29662848008,-1.12,24.65,HOLD,
161,음료,FMX,US19980511001,포멘토 에코노미코 멕시카노(ADR),23706123120,-1.41,118.23,BUY,
161,음료,SJM,US19941031002,JM스머커,12662201863,-0.62,117.34,BUY,
161,음료,COKE,US19900326008,코카콜라 컨솔리데이티드,12392893272,-2.07,181.71,,
161,음료,PRMB,US20200303002,프리모 브랜즈 코퍼레이션,8547835655,0.43,23.61,BUY,
161,음료,CELH,US20170524001,셀시어스 홀딩스,6908434439,3.23,28.09,BUY,목표가 하향
161,음료,CPB,US19541213001,캠벨스,6708458851,1.34,22.72,HOLD,
161,음료,KOF,US19930914001,코카콜라 펨사(ADR),5745232938,0.62,109.7,BUY,
161,음료,AKO.A,US19940707001,엠보테야도라 안디나 A(ADR),4305667809,3.26,23.75,,
161,음료,AKO.B,US19970407001,엠보테야도라 안디나 B(ADR),4305667809,0.32,31.5,BUY,
161,음료,COCO,US20211020005,비타 코코,3627114249,2.68,64.46,,
161,음료,FIZZ,US19910913001,내셔널 베버리지,2915574414,-0.68,30.83,,
161,음료,WEST,US20220829005,웨스트록 커피,799341286,1.23,8.26,,
161,음료,LWAY,US19950818009,라이프웨이 푸즈,459551487,-0.97,29.68,BUY,
161,음료,OTLY,US20210519005,오틀리 그룹(ADR),420108811,-0.69,13.03,BUY,
161,음료,SUJA,NAS2605007003,수자 라이프,254239419,-10.37,5.88,BUY,
161,음료,BRCC,US20220210002,BRC,217006889,-1.86,0.848,BUY,
161,음료,ZVIA,US20210720015,제비아 PBC,107874728,-2.16,1.36,BUY,
161,음료,BUDA,AMX0260108001,부다 주스,99616006,7.59,8.5,BUY,
161,음료,THCH,US20220929003,TH 인터내셔널,58040010,-8.05,1.6,,
161,음료,LSF,US20200922002,레어드 슈퍼푸드,48252095,5.95,4.63,,
161,음료,BRFH,US20220120001,바프레시 푸드 그룹,27860993,-1.74,1.69,,
161,음료,JVA,US20050503001,커피 홀딩,19933300,0,3.48,,
161,음료,REBN,US20220812003,리본 커피,11620248,0.71,1.42,,
161,음료,BNKK,US20201021002,본크,8509759,1.89,1.08,,
161,음료,PLAG,US20181001007,플래닛 그린 홀딩스,8078752,927.05,5.81,,
161,음료,SBEV,US20210611012,스플래시 베버리지 그룹,2605667,-14.63,0.3519,,대규모 재매각 부담
161,음료,RKDA,NAS0230301005,아카디아 바이오사이언시스,1427302,2.75,0.6699,,
417,구리,CGAU,US20210415010,센테라 골드,4197825576,1.64,21.68,,
417,구리,ERO,US20210615012,에로 코퍼,3824143983,-0.66,36.3,BUY,
417,구리,TGB,US20041004001,타세코 마인스,3219212960,0.57,8.82,,
417,구리,IE,US20220623006,아이반호 일렉트릭,1761446615,1.09,11.12,,
417,구리,ASM,US19920626002,아비노 실버 앤 골드 마인스,1248387525,0.96,7.38,BUY,
417,구리,NAK,US20041104001,노던 다이너스티 미네랄스,958847772,0,1.7,,
417,구리,TMQ,US20160908002,트릴로지 메탈스,672526247,1.29,3.93,HOLD,
417,구리,WRN,US20060518001,웨스턴 코퍼 앤 골드,558278553,-0.41,2.45,,현장 작업 진척
353,여행플랫폼,BKNG,US20180227001,부킹 홀딩스,160496365562,-0.0,212.87,BUY,항공 부문 부담
353,여행플랫폼,ABNB,US20201208001,에어비앤비,109265798634,0.15,184.98,BUY,체험·호텔 확장
353,여행플랫폼,EXPE,US20050720001,익스피디아,37815090552,2.25,321.07,BUY,
353,여행플랫폼,TCOM,US20191105003,트립닷컴(ADR),30902244652,-1.95,46.2,BUY,
353,여행플랫폼,NAVN,NAS0251030002,나반,7318958994,0.87,28.93,BUY,
353,여행플랫폼,MMYT,US20100812001,메이크마이트립,5815082574,0.82,61.41,BUY,
353,여행플랫폼,GBTG,US20220531005,글로벌 비즈니스 트래블 그룹,4953170970,-0.11,9.44,BUY,
353,여행플랫폼,LIND,US20150713002,린드블라드 익스페디션스 홀딩스,2175427565,-0.61,32.84,BUY,
353,여행플랫폼,TRIP,US20111207001,트립어드바이저,1267693767,1.58,10.95,HOLD,에어비앤비 제휴
353,여행플랫폼,PRSU,US19780306001,펄수 어트랙션즈 앤 호스피탤리티,1253206834,0.74,46.15,,
353,여행플랫폼,TRVG,US20161216001,트리바고(ADR),376644048,-1.69,5.23,HOLD,
353,여행플랫폼,NUTR,NAS0250815005,누사트립,175004033,0,9.0,,
353,여행플랫폼,TZOO,US20031230002,트래블주,74161778,-0.97,7.12,,
353,여행플랫폼,TOUR,US20140509001,투뉴(ADR),55593062,0.98,5.15,BUY,
353,여행플랫폼,YTRA,US20161219001,야트라 온라인,52994133,2.36,0.8701,,
353,여행플랫폼,NTRP,US20220519003,넥스트트립,22970515,1.97,1.55,BUY,
