KOSPI_종가,KOSPI_등락률,KOSDAQ_종가,KOSDAQ_등락률,USD_KRW_환율
6475.81,0.8999999999999999,1174.31,-0.58,1485.800048828125
