KOSPI_종가,KOSPI_등락률,KOSDAQ_종가,KOSDAQ_등락률,USD_KRW_환율
5052.46,-4.26,1052.39,-4.9399999999999995,1507.02001953125
