KOSPI_종가,KOSPI_등락률,KOSDAQ_종가,KOSDAQ_등락률,USD_KRW_환율
6388.47,2.7199999999999998,1179.03,0.36,1465.1500244140625
