KOSPI_종가,KOSPI_등락률,KOSDAQ_종가,KOSDAQ_등락률,USD_KRW_환율
6191.92,-0.5499999999999999,1170.04,0.60999999999999,1474.06005859375
