KOSPI_종가,KOSPI_등락률,KOSDAQ_종가,KOSDAQ_등락률,USD_KRW_환율
4117.32,0.27999999999999997,919.56,-1.03,1473.719970703125
