KOSPI_종가,KOSPI_등락률,KOSDAQ_종가,KOSDAQ_등락률,USD_KRW_환율
6219.09,0.44,1174.85,0.40999999999999,1465.1500244140625
