KOSPI_종가,KOSPI_등락률,KOSDAQ_종가,KOSDAQ_등락률,USD_KRW_환율
5298.04,4.09999999999999,1127.55,4.33,1462.4000244140625
