KOSPI_종가,KOSPI_등락률,KOSDAQ_종가,KOSDAQ_등락률,USD_KRW_환율
6615.03,2.15,1226.18,1.8599999999999999,1474.68994140625
