KOSPI_종가,KOSPI_등락률,KOSDAQ_종가,KOSDAQ_등락률,USD_KRW_환율
8096.93,8.18,967.81,6.1899999999999995,1554.47998046875
