KOSPI_종가,KOSPI_등락률,KOSDAQ_종가,KOSDAQ_등락률,USD_KRW_환율
5609.95,1.39999999999999,1136.83,-0.06999999999999999,1464.469970703125
