KOSPI_종가,KOSPI_등락률,KOSDAQ_종가,KOSDAQ_등락률,USD_KRW_환율
5089.14,-1.44,1080.77,-2.4899999999999998,1460.1099853515625
