KOSPI_종가,KOSPI_등락률,KOSDAQ_종가,KOSDAQ_등락률,USD_KRW_환율
5778.01,-1.6099999999999999,1076.0,-1.27,1499.1300048828125
