KOSPI_종가,KOSPI_등락률,KOSDAQ_종가,KOSDAQ_등락률,USD_KRW_환율
4457.52,3.4299999999999997,957.5,1.26,1440.47998046875
