KOSPI_종가,KOSPI_등락률,KOSDAQ_종가,KOSDAQ_등락률,USD_KRW_환율
6641.02,0.38999999999999996,1215.58,-0.86,1474.68994140625
