KOSPI_종가,KOSPI_등락률,KOSDAQ_종가,KOSDAQ_등락률,USD_KRW_환율
5301.69,0.06999999999999999,1115.2,-1.0999999999999999,1462.4000244140625
