2026-06-26 07:30:02,077 - INFO - Total indicators: 46
2026-06-26 07:30:02,077 - INFO - Downloading data for 46 indicators (period=6mo)...
2026-06-26 07:30:03,309 - INFO - Downloaded 183 days of data, 46 tickers
2026-06-26 07:30:03,313 - INFO - Computed returns for 46 indicators
2026-06-26 07:30:04,035 - INFO - Heatmap saved: /home/inhyuk/projects/dataScout/data_us/indicator_charts/heatmap_20260626.png
2026-06-26 07:30:04,488 - INFO - Category chart saved: /home/inhyuk/projects/dataScout/data_us/indicator_charts/chart_20260626_broad_market.png
2026-06-26 07:30:04,818 - INFO - Category chart saved: /home/inhyuk/projects/dataScout/data_us/indicator_charts/chart_20260626_global___region.png
2026-06-26 07:30:05,555 - INFO - Category chart saved: /home/inhyuk/projects/dataScout/data_us/indicator_charts/chart_20260626_sector_cyclical.png
2026-06-26 07:30:05,991 - INFO - Category chart saved: /home/inhyuk/projects/dataScout/data_us/indicator_charts/chart_20260626_sector_defensive.png
2026-06-26 07:30:06,416 - INFO - Category chart saved: /home/inhyuk/projects/dataScout/data_us/indicator_charts/chart_20260626_tech___semi___sw.png
2026-06-26 07:30:07,203 - INFO - Category chart saved: /home/inhyuk/projects/dataScout/data_us/indicator_charts/chart_20260626_thematic.png
2026-06-26 07:30:07,628 - INFO - Category chart saved: /home/inhyuk/projects/dataScout/data_us/indicator_charts/chart_20260626_macro___safe_haven.png
2026-06-26 07:30:07,902 - INFO - Category chart saved: /home/inhyuk/projects/dataScout/data_us/indicator_charts/chart_20260626_individual.png
2026-06-26 07:30:07,902 - INFO - Sending heatmap to Telegram...
2026-06-26 07:30:11,883 - INFO - Heatmap: sent
2026-06-26 07:30:12,883 - INFO - Sending Broad Market...
2026-06-26 07:30:15,662 - INFO -   Broad Market sent.
2026-06-26 07:30:16,162 - INFO - Sending Global / Region...
2026-06-26 07:30:18,671 - INFO -   Global / Region sent.
2026-06-26 07:30:19,171 - INFO - Sending Sector Cyclical...
2026-06-26 07:30:22,402 - INFO -   Sector Cyclical sent.
2026-06-26 07:30:22,902 - INFO - Sending Sector Defensive...
2026-06-26 07:30:25,797 - INFO -   Sector Defensive sent.
2026-06-26 07:30:26,297 - INFO - Sending Tech / Semi / SW...
2026-06-26 07:30:29,030 - INFO -   Tech / Semi / SW sent.
2026-06-26 07:30:29,530 - INFO - Sending Thematic...
2026-06-26 07:30:32,614 - INFO -   Thematic sent.
2026-06-26 07:30:33,114 - INFO - Sending Macro / Safe Haven...
2026-06-26 07:30:35,887 - INFO -   Macro / Safe Haven sent.
2026-06-26 07:30:36,387 - INFO - Sending Individual...
2026-06-26 07:30:38,813 - INFO -   Individual sent.

======================================================================
Market Indicators Summary (20260626)
======================================================================
  BIZD       $     12.25  1D:  +0.3%  1W:  -0.7%  1M:  -2.5%  3M:  -1.5%  YTD: -10.7%  | 3개월 횡보 구간.
  BTC-USD    $ 59,691.89  1D:  -2.1%  1W:  -7.1%  1M:  -6.4%  3M: -21.8%  YTD: -32.7%  | 3개월 -22% 급락세. 1주 -7.1% 급락. 금일 -2.1% 하락.
  DIA        $    519.26  1D:  +0.1%  1W:  +0.8%  1M:  +3.1%  3M: +12.8%  YTD:  +8.2%  | 3개월 +13% 상승 추세.
  DRAM       $     76.89  1D: +10.0%  1W:  +9.9%  1M: +27.1%  3M:  +nan%  YTD:+177.0%  | 데이터 부족. 단기 강세 가속. 금일 +10.0% 급등.
  EEM        $     67.96  1D:  +1.1%  1W:  -0.9%  1M:  -0.1%  3M: +19.2%  YTD: +21.5%  | 3개월 +19% 상승 추세.
  EWJ        $     93.39  1D:  +0.8%  1W:  -1.1%  1M:  +1.1%  3M: +12.4%  YTD: +15.5%  | 3개월 +12% 상승 추세.
  EZU        $     68.40  1D:  +1.3%  1W:  -0.8%  1M:  +0.7%  3M: +12.5%  YTD:  +7.1%  | 3개월 +12% 상승 추세.
  FXI        $     31.68  1D:  -2.1%  1W:  -5.9%  1M: -10.7%  3M:  -9.8%  YTD: -19.8%  | 3개월 -10% 하락 추세. 1주 -5.9% 급락. 금일 -2.1% 하락.
  GDX        $     75.67  1D:  +1.4%  1W: -10.3%  1M: -14.5%  3M:  -9.2%  YTD: -11.7%  | 3개월 -9% 하락 추세. 1주 -10.3% 급락.
  GLD        $    369.46  1D:  +1.0%  1W:  -4.9%  1M: -10.8%  3M:  -8.6%  YTD:  -7.2%  | 3개월 -9% 하락 추세.
  GRID       $    190.25  1D:  +1.1%  1W:  -0.4%  1M:  -3.4%  3M: +15.4%  YTD: +22.2%  | 3개월 +15% 상승 추세.
  HYDR       $     50.61  1D:  -2.7%  1W:  -9.3%  1M: -30.8%  3M: +32.1%  YTD: +49.4%  | 3개월 +32% 급등세. 1주 -9.3% 급락. 금일 -2.7% 하락.
  HYG        $     79.88  1D:  +0.0%  1W:  +0.2%  1M:  +0.1%  3M:  +2.1%  YTD:  +1.5%  | 3개월 횡보 구간.
  ICLN       $     20.29  1D:  -0.9%  1W:  -0.9%  1M: -11.3%  3M: +11.9%  YTD: +19.0%  | 3개월 +12% 상승 추세.
  ICLR       $    160.96  1D:  +1.8%  1W: +12.3%  1M: +41.4%  3M: +60.4%  YTD: -14.7%  | 3개월 +60% 급등세. 단기 강세 가속.
  IGV        $     84.76  1D:  -1.6%  1W:  -4.9%  1M:  -9.9%  3M:  +0.4%  YTD: -17.4%  | 3개월 횡보 구간.
  IHI        $     50.15  1D:  +1.1%  1W:  +3.6%  1M:  -0.3%  3M:  -7.8%  YTD: -18.8%  | 3개월 -8% 하락 추세.
  ITB        $    104.25  1D:  +0.9%  1W:  +8.8%  1M: +13.4%  3M: +14.3%  YTD:  +7.3%  | 3개월 +14% 상승 추세. 단기 강세 가속.
  IWM        $    298.91  1D:  +0.7%  1W:  +3.1%  1M:  +3.1%  3M: +21.1%  YTD: +20.7%  | 3개월 +21% 상승 추세.
  IYT        $     86.64  1D:  +1.6%  1W:  +4.0%  1M:  +4.6%  3M: +17.1%  YTD: +15.7%  | 3개월 +17% 상승 추세.
  JETS       $     32.98  1D:  +1.5%  1W:  +9.0%  1M: +16.7%  3M: +32.3%  YTD: +16.6%  | 3개월 +32% 급등세. 단기 강세 가속.
  LIT        $     78.45  1D:  -0.6%  1W:  -5.6%  1M:  -9.1%  3M: +12.2%  YTD: +18.4%  | 3개월 +12% 상승 추세. 1주 -5.6% 급락.
  MAGS       $     61.07  1D:  -2.6%  1W:  -5.4%  1M: -12.3%  3M:  +3.0%  YTD:  -6.5%  | 3개월 횡보 구간. 1주 -5.4% 급락. 금일 -2.6% 하락.
  MSTR       $     85.33  1D:  -9.3%  1W: -26.8%  1M: -46.6%  3M: -38.3%  YTD: -45.7%  | 3개월 -38% 급락세. 1주 -26.8% 급락. 금일 -9.3% 급락.
  NTRA       $    260.74  1D:  +0.3%  1W: +15.1%  1M: +29.8%  3M: +30.3%  YTD: +13.9%  | 3개월 +30% 급등세. 단기 강세 가속.
  PAVE       $     59.99  1D:  +2.7%  1W:  +3.5%  1M:  +6.5%  3M: +19.5%  YTD: +22.8%  | 3개월 +20% 상승 추세. 단기 강세 가속. 금일 +2.7% 상승.
  QQQ        $    716.38  1D:  +0.8%  1W:  -0.7%  1M:  -1.8%  3M: +22.0%  YTD: +17.1%  | 3개월 +22% 상승 추세.
  ROBO       $     83.44  1D:  +1.3%  1W:  -0.6%  1M:  -7.3%  3M: +18.8%  YTD: +18.0%  | 3개월 +19% 상승 추세.
  RSP        $    211.75  1D:  +0.7%  1W:  +1.7%  1M:  +2.4%  3M: +10.9%  YTD: +10.7%  | 3개월 +11% 상승 추세.
  SHLD       $     58.20  1D:  -1.2%  1W:  -8.8%  1M: -12.0%  3M: -20.3%  YTD: -12.4%  | 3개월 -20% 급락세. 1주 -8.8% 급락.
  SLX        $    101.05  1D:  +0.9%  1W:  -6.1%  1M:  -8.1%  3M: +14.2%  YTD: +16.9%  | 3개월 +14% 상승 추세. 1주 -6.1% 급락.
  SOXX       $    625.20  1D:  +3.9%  1W:  +4.2%  1M:  +9.7%  3M: +85.8%  YTD: +99.5%  | 3개월 +86% 급등세. 단기 강세 가속. 금일 +3.9% 상승.
  SPY        $    734.30  1D:  +0.1%  1W:  -0.6%  1M:  -1.9%  3M: +12.3%  YTD:  +8.1%  | 3개월 +12% 상승 추세.
  TLT        $     87.35  1D:  -0.0%  1W:  +1.2%  1M:  +3.0%  3M:  +2.3%  YTD:  +2.3%  | 3개월 횡보 구간.
  UFO        $     45.56  1D:  -2.0%  1W: -10.8%  1M: -30.4%  3M:  -2.2%  YTD: +13.0%  | 3개월 횡보 구간. 1주 -10.8% 급락.
  URA        $     43.92  1D:  -1.8%  1W:  -6.8%  1M: -13.6%  3M:  -8.8%  YTD:  -4.6%  | 3개월 -9% 하락 추세. 1주 -6.8% 급락.
  UUP        $     28.48  1D:  -0.2%  1W:  +1.1%  1M:  +2.6%  3M:  +3.3%  YTD:  +5.1%  | 3개월 횡보 구간.
  XBI        $    151.59  1D:  +1.3%  1W:  +8.9%  1M: +13.8%  3M: +24.7%  YTD: +24.9%  | 3개월 +25% 상승 추세. 단기 강세 가속.
  XLE        $     54.09  1D:  +1.0%  1W:  -0.3%  1M:  -5.8%  3M:  -8.6%  YTD: +20.1%  | 3개월 -9% 하락 추세.
  XLF        $     53.45  1D:  -0.5%  1W:  -0.8%  1M:  +3.4%  3M:  +8.9%  YTD:  -1.9%  | 3개월 횡보 구간.
  XLI        $    184.12  1D:  +2.2%  1W:  +2.8%  1M:  +5.9%  3M: +13.2%  YTD: +17.2%  | 3개월 +13% 상승 추세. 금일 +2.2% 상승.
  XLP        $     83.94  1D:  -0.6%  1W:  +1.0%  1M:  +1.1%  3M:  +4.1%  YTD:  +9.4%  | 3개월 횡보 구간.
  XLU        $     45.85  1D:  +0.7%  1W:  +3.8%  1M:  +1.8%  3M:  +3.0%  YTD:  +7.6%  | 3개월 횡보 구간.
  XLV        $    155.63  1D:  +1.5%  1W:  +3.7%  1M:  +5.3%  3M:  +8.0%  YTD:  +0.9%  | 3개월 횡보 구간. 단기 강세 가속.
  XLY        $    113.35  1D:  -1.5%  1W:  -1.7%  1M:  -4.9%  3M:  +3.1%  YTD:  -3.8%  | 3개월 횡보 구간.
  XRT        $     87.56  1D:  -0.7%  1W:  +3.8%  1M:  +5.8%  3M:  +9.9%  YTD:  +2.4%  | 3개월 횡보 구간. 단기 강세 가속.
======================================================================
2026-06-27 07:30:02,298 - INFO - Total indicators: 48
2026-06-27 07:30:02,298 - INFO - Downloading data for 48 indicators (period=6mo)...
2026-06-27 07:30:03,657 - INFO - Downloaded 183 days of data, 48 tickers
2026-06-27 07:30:03,662 - INFO - Computed returns for 48 indicators
2026-06-27 07:30:04,420 - INFO - Heatmap saved: /home/inhyuk/projects/dataScout/data_us/indicator_charts/heatmap_20260627.png
2026-06-27 07:30:04,855 - INFO - Category chart saved: /home/inhyuk/projects/dataScout/data_us/indicator_charts/chart_20260627_broad_market.png
2026-06-27 07:30:05,179 - INFO - Category chart saved: /home/inhyuk/projects/dataScout/data_us/indicator_charts/chart_20260627_global___region.png
2026-06-27 07:30:05,905 - INFO - Category chart saved: /home/inhyuk/projects/dataScout/data_us/indicator_charts/chart_20260627_sector_cyclical.png
2026-06-27 07:30:06,350 - INFO - Category chart saved: /home/inhyuk/projects/dataScout/data_us/indicator_charts/chart_20260627_sector_defensive.png
2026-06-27 07:30:06,766 - INFO - Category chart saved: /home/inhyuk/projects/dataScout/data_us/indicator_charts/chart_20260627_tech___semi___sw.png
2026-06-27 07:30:07,050 - INFO - Category chart saved: /home/inhyuk/projects/dataScout/data_us/indicator_charts/chart_20260627_lithium___resources.png
2026-06-27 07:30:07,805 - INFO - Category chart saved: /home/inhyuk/projects/dataScout/data_us/indicator_charts/chart_20260627_thematic.png
2026-06-27 07:30:08,227 - INFO - Category chart saved: /home/inhyuk/projects/dataScout/data_us/indicator_charts/chart_20260627_macro___safe_haven.png
2026-06-27 07:30:08,497 - INFO - Category chart saved: /home/inhyuk/projects/dataScout/data_us/indicator_charts/chart_20260627_individual.png
2026-06-27 07:30:08,497 - INFO - Sending heatmap to Telegram...
2026-06-27 07:30:12,731 - INFO - Heatmap: sent
2026-06-27 07:30:13,732 - INFO - Sending Broad Market...
2026-06-27 07:30:16,471 - INFO -   Broad Market sent.
2026-06-27 07:30:16,971 - INFO - Sending Global / Region...
2026-06-27 07:30:19,602 - INFO -   Global / Region sent.
2026-06-27 07:30:20,102 - INFO - Sending Sector Cyclical...
2026-06-27 07:30:23,050 - INFO -   Sector Cyclical sent.
2026-06-27 07:30:23,550 - INFO - Sending Sector Defensive...
2026-06-27 07:30:26,071 - INFO -   Sector Defensive sent.
2026-06-27 07:30:26,571 - INFO - Sending Tech / Semi / SW...
2026-06-27 07:30:29,216 - INFO -   Tech / Semi / SW sent.
2026-06-27 07:30:29,716 - INFO - Sending Lithium / Resources...
2026-06-27 07:30:32,263 - INFO -   Lithium / Resources sent.
2026-06-27 07:30:32,764 - INFO - Sending Thematic...
2026-06-27 07:30:36,357 - INFO -   Thematic sent.
2026-06-27 07:30:36,858 - INFO - Sending Macro / Safe Haven...
2026-06-27 07:30:39,779 - INFO -   Macro / Safe Haven sent.
2026-06-27 07:30:40,279 - INFO - Sending Individual...
2026-06-27 07:30:42,865 - INFO -   Individual sent.

======================================================================
Market Indicators Summary (20260627)
======================================================================
  ALB        $    133.70  1D:  -5.2%  1W: -16.6%  1M: -24.5%  3M: -24.3%  YTD:  -6.6%  | 3개월 -24% 급락세. 1주 -16.6% 급락. 금일 -5.2% 급락.
  BIZD       $     12.44  1D:  +1.6%  1W:  +0.6%  1M:  -1.0%  3M:  +1.9%  YTD:  -9.3%  | 3개월 횡보 구간.
  BTC-USD    $ 59,801.94  1D:  +0.1%  1W:  -5.4%  1M:  -1.8%  3M: -23.5%  YTD: -32.6%  | 3개월 -24% 급락세. 1주 -5.4% 급락.
  DIA        $    517.75  1D:  -0.3%  1W:  +0.4%  1M:  +2.4%  3M: +12.7%  YTD:  +7.9%  | 3개월 +13% 상승 추세.
  DRAM       $     71.88  1D:  -6.5%  1W:  -6.3%  1M: +18.4%  3M:  +nan%  YTD:+158.9%  | 데이터 부족. 고점 후 조정. 금일 -6.5% 급락.
  EEM        $     67.19  1D:  -1.1%  1W:  -5.1%  1M:  -1.2%  3M: +19.5%  YTD: +20.1%  | 3개월 +19% 상승 추세. 1주 -5.1% 급락.
  EWJ        $     92.80  1D:  -0.6%  1W:  -3.6%  1M:  +1.1%  3M: +12.0%  YTD: +14.7%  | 3개월 +12% 상승 추세.
  EZU        $     67.74  1D:  -1.0%  1W:  -2.3%  1M:  -0.1%  3M: +12.1%  YTD:  +6.1%  | 3개월 +12% 상승 추세.
  FXI        $     31.59  1D:  -0.3%  1W:  -5.1%  1M:  -9.9%  3M:  -9.9%  YTD: -20.1%  | 3개월 -10% 하락 추세. 1주 -5.1% 급락.
  GDX        $     77.00  1D:  +1.8%  1W:  -6.7%  1M:  -9.9%  3M:  -7.8%  YTD: -10.2%  | 3개월 -8% 하락 추세. 1주 -6.7% 급락.
  GLD        $    373.63  1D:  +1.1%  1W:  -3.5%  1M:  -8.5%  3M:  -7.5%  YTD:  -6.2%  | 3개월 -8% 하락 추세.
  GRID       $    185.11  1D:  -2.7%  1W:  -4.5%  1M:  -4.3%  3M: +12.5%  YTD: +19.3%  | 3개월 +12% 상승 추세. 금일 -2.7% 하락.
  HYDR       $     47.80  1D:  -5.6%  1W: -15.8%  1M: -34.6%  3M: +28.0%  YTD: +41.1%  | 3개월 +28% 상승 추세. 1주 -15.8% 급락. 금일 -5.6% 급락.
  HYG        $     79.83  1D:  -0.1%  1W:  -0.2%  1M:  +0.1%  3M:  +2.4%  YTD:  +1.5%  | 3개월 횡보 구간.
  ICLN       $     19.50  1D:  -3.9%  1W:  -7.6%  1M: -15.5%  3M:  +6.8%  YTD: +14.3%  | 3개월 횡보 구간. 1주 -7.6% 급락. 금일 -3.9% 하락.
  ICLR       $    169.86  1D:  +5.5%  1W: +16.3%  1M: +43.4%  3M: +67.7%  YTD: -10.0%  | 3개월 +68% 급등세. 단기 강세 가속. 금일 +5.5% 급등.
  IGV        $     88.20  1D:  +4.1%  1W:  -1.0%  1M:  -5.2%  3M:  +9.2%  YTD: -14.0%  | 3개월 횡보 구간. 금일 +4.1% 상승.
  IHI        $     51.03  1D:  +1.8%  1W:  +4.0%  1M:  +3.9%  3M:  -5.5%  YTD: -17.4%  | 3개월 -6% 하락 추세.
  ITB        $    104.90  1D:  +0.6%  1W:  +5.7%  1M: +12.3%  3M: +15.2%  YTD:  +8.0%  | 3개월 +15% 상승 추세. 단기 강세 가속.
  IWM        $    299.83  1D:  +0.3%  1W:  +1.4%  1M:  +3.5%  3M: +20.8%  YTD: +21.0%  | 3개월 +21% 상승 추세.
  IYT        $     87.18  1D:  +0.6%  1W:  +3.9%  1M:  +3.2%  3M: +17.9%  YTD: +16.4%  | 3개월 +18% 상승 추세.
  JETS       $     33.28  1D:  +0.9%  1W:  +7.4%  1M: +14.4%  3M: +34.0%  YTD: +17.6%  | 3개월 +34% 급등세. 단기 강세 가속.
  LIT        $     75.93  1D:  -3.2%  1W:  -7.6%  1M: -11.2%  3M:  +7.3%  YTD: +14.6%  | 3개월 횡보 구간. 1주 -7.6% 급락. 금일 -3.2% 하락.
  MAGS       $     61.60  1D:  +0.9%  1W:  -5.9%  1M: -12.4%  3M:  +5.3%  YTD:  -5.7%  | 3개월 횡보 구간. 1주 -5.9% 급락.
  MSTR       $     82.31  1D:  -3.5%  1W: -26.9%  1M: -46.6%  3M: -39.6%  YTD: -47.6%  | 3개월 -40% 급락세. 1주 -26.9% 급락. 금일 -3.5% 하락.
  NTRA       $    261.91  1D:  +0.4%  1W: +13.2%  1M: +28.9%  3M: +34.6%  YTD: +14.5%  | 3개월 +35% 급등세. 단기 강세 가속.
  PAVE       $     58.84  1D:  -1.9%  1W:  +0.5%  1M:  +3.7%  3M: +15.4%  YTD: +20.5%  | 3개월 +15% 상승 추세.
  QQQ        $    706.52  1D:  -1.4%  1W:  -4.5%  1M:  -3.0%  3M: +21.1%  YTD: +15.5%  | 3개월 +21% 상승 추세.
  ROBO       $     82.00  1D:  -1.7%  1W:  -4.7%  1M:  -7.5%  3M: +17.5%  YTD: +16.0%  | 3개월 +18% 상승 추세.
  RSP        $    210.31  1D:  -0.7%  1W:  +0.6%  1M:  +1.8%  3M: +10.0%  YTD:  +9.9%  | 3개월 +10% 상승 추세.
  SHLD       $     58.39  1D:  +0.3%  1W:  -6.3%  1M: -10.9%  3M: -19.1%  YTD: -12.1%  | 3개월 -19% 급락세. 1주 -6.3% 급락.
  SLX        $     99.14  1D:  -1.9%  1W:  -5.9%  1M: -10.2%  3M: +11.3%  YTD: +14.7%  | 3개월 +11% 상승 추세. 1주 -5.9% 급락.
  SOXX       $    589.94  1D:  -5.6%  1W:  -7.7%  1M:  +4.7%  3M: +73.1%  YTD: +88.3%  | 3개월 +73% 급등세. 고점 후 조정. 금일 -5.6% 급락.
  SPY        $    728.99  1D:  -0.7%  1W:  -2.4%  1M:  -2.6%  3M: +11.9%  YTD:  +7.3%  | 3개월 +12% 상승 추세.
  SQM        $     71.59  1D:  -2.1%  1W: -10.2%  1M: -14.7%  3M:  -5.9%  YTD:  +3.8%  | 3개월 -6% 하락 추세. 1주 -10.2% 급락. 금일 -2.1% 하락.
  TLT        $     87.36  1D:  +0.0%  1W:  +0.7%  1M:  +2.8%  3M:  +2.8%  YTD:  +2.3%  | 3개월 횡보 구간.
  UFO        $     46.19  1D:  +1.4%  1W:  -8.1%  1M: -30.7%  3M:  +1.1%  YTD: +14.6%  | 3개월 횡보 구간. 1주 -8.1% 급락.
  URA        $     43.59  1D:  -0.8%  1W:  -8.8%  1M: -13.1%  3M:  -9.5%  YTD:  -5.4%  | 3개월 -10% 하락 추세. 1주 -8.8% 급락.
  UUP        $     28.46  1D:  -0.1%  1W:  +0.6%  1M:  +2.6%  3M:  +2.9%  YTD:  +5.0%  | 3개월 횡보 구간.
  XBI        $    155.38  1D:  +2.5%  1W: +10.5%  1M: +15.7%  3M: +30.1%  YTD: +28.0%  | 3개월 +30% 급등세. 단기 강세 가속. 금일 +2.5% 상승.
  XLE        $     53.84  1D:  -0.5%  1W:  +0.9%  1M:  -4.8%  3M: -10.9%  YTD: +19.6%  | 3개월 -11% 하락 추세. 반등 시도 중.
  XLF        $     53.57  1D:  +0.2%  1W:  +0.4%  1M:  +4.5%  3M:  +9.1%  YTD:  -1.6%  | 3개월 횡보 구간.
  XLI        $    181.20  1D:  -1.6%  1W:  +0.4%  1M:  +4.2%  3M: +10.8%  YTD: +15.3%  | 3개월 +11% 상승 추세.
  XLP        $     84.71  1D:  +0.9%  1W:  +2.4%  1M:  +0.8%  3M:  +5.2%  YTD: +10.4%  | 3개월 횡보 구간.
  XLU        $     46.20  1D:  +0.8%  1W:  +3.9%  1M:  +3.0%  3M:  +3.1%  YTD:  +8.4%  | 3개월 횡보 구간.
  XLV        $    160.34  1D:  +3.0%  1W:  +7.8%  1M:  +8.2%  3M: +11.2%  YTD:  +4.0%  | 3개월 +11% 상승 추세. 단기 강세 가속. 금일 +3.0% 상승.
  XLY        $    114.37  1D:  +0.9%  1W:  -2.2%  1M:  -5.7%  3M:  +4.5%  YTD:  -3.0%  | 3개월 횡보 구간.
  XRT        $     88.72  1D:  +1.3%  1W:  +2.9%  1M:  +5.9%  3M: +12.1%  YTD:  +3.8%  | 3개월 +12% 상승 추세.
======================================================================
2026-06-30 07:30:02,370 - INFO - Total indicators: 48
2026-06-30 07:30:02,370 - INFO - Downloading data for 48 indicators (period=6mo)...
2026-06-30 07:30:03,868 - INFO - Downloaded 183 days of data, 48 tickers
2026-06-30 07:30:03,872 - INFO - Computed returns for 48 indicators
2026-06-30 07:30:04,589 - INFO - Heatmap saved: /home/inhyuk/projects/dataScout/data_us/indicator_charts/heatmap_20260630.png
2026-06-30 07:30:05,022 - INFO - Category chart saved: /home/inhyuk/projects/dataScout/data_us/indicator_charts/chart_20260630_broad_market.png
2026-06-30 07:30:05,348 - INFO - Category chart saved: /home/inhyuk/projects/dataScout/data_us/indicator_charts/chart_20260630_global___region.png
2026-06-30 07:30:06,082 - INFO - Category chart saved: /home/inhyuk/projects/dataScout/data_us/indicator_charts/chart_20260630_sector_cyclical.png
2026-06-30 07:30:06,518 - INFO - Category chart saved: /home/inhyuk/projects/dataScout/data_us/indicator_charts/chart_20260630_sector_defensive.png
2026-06-30 07:30:06,936 - INFO - Category chart saved: /home/inhyuk/projects/dataScout/data_us/indicator_charts/chart_20260630_tech___semi___sw.png
2026-06-30 07:30:07,207 - INFO - Category chart saved: /home/inhyuk/projects/dataScout/data_us/indicator_charts/chart_20260630_lithium___resources.png
2026-06-30 07:30:07,953 - INFO - Category chart saved: /home/inhyuk/projects/dataScout/data_us/indicator_charts/chart_20260630_thematic.png
2026-06-30 07:30:08,374 - INFO - Category chart saved: /home/inhyuk/projects/dataScout/data_us/indicator_charts/chart_20260630_macro___safe_haven.png
2026-06-30 07:30:08,636 - INFO - Category chart saved: /home/inhyuk/projects/dataScout/data_us/indicator_charts/chart_20260630_individual.png
2026-06-30 07:30:08,636 - INFO - Sending heatmap to Telegram...
2026-06-30 07:30:15,664 - INFO - Heatmap: sent
2026-06-30 07:30:16,664 - INFO - Sending Broad Market...
2026-06-30 07:30:19,771 - INFO -   Broad Market sent.
2026-06-30 07:30:20,271 - INFO - Sending Global / Region...
2026-06-30 07:30:23,139 - INFO -   Global / Region sent.
2026-06-30 07:30:23,639 - INFO - Sending Sector Cyclical...
2026-06-30 07:30:33,550 - INFO -   Sector Cyclical sent.
2026-06-30 07:30:34,050 - INFO - Sending Sector Defensive...
2026-06-30 07:30:37,154 - INFO -   Sector Defensive sent.
2026-06-30 07:30:37,654 - INFO - Sending Tech / Semi / SW...
2026-06-30 07:30:40,479 - INFO -   Tech / Semi / SW sent.
2026-06-30 07:30:40,979 - INFO - Sending Lithium / Resources...
2026-06-30 07:30:43,798 - INFO -   Lithium / Resources sent.
2026-06-30 07:30:44,298 - INFO - Sending Thematic...
2026-06-30 07:30:47,823 - INFO -   Thematic sent.
2026-06-30 07:30:48,324 - INFO - Sending Macro / Safe Haven...
2026-06-30 07:31:02,387 - INFO -   Macro / Safe Haven sent.
2026-06-30 07:31:02,887 - INFO - Sending Individual...
2026-06-30 07:31:05,564 - INFO -   Individual sent.

======================================================================
Market Indicators Summary (20260630)
======================================================================
  ALB        $    129.72  1D:  -3.0%  1W: -17.2%  1M: -26.2%  3M: -28.3%  YTD:  -9.4%  | 3개월 -28% 급락세. 1주 -17.2% 급락. 금일 -3.0% 하락.
  BIZD       $     12.67  1D:  +1.8%  1W:  +3.7%  1M:  +0.6%  3M:  +2.8%  YTD:  -7.7%  | 3개월 횡보 구간.
  BTC-USD    $ 60,350.56  1D:  +1.4%  1W:  -1.1%  1M:  -4.3%  3M: -22.2%  YTD: -32.0%  | 3개월 -22% 급락세.
  DIA        $    521.68  1D:  +0.8%  1W:  +0.9%  1M:  +3.2%  3M: +12.8%  YTD:  +8.7%  | 3개월 +13% 상승 추세.
  DRAM       $     71.94  1D:  +0.1%  1W: -10.9%  1M: +15.0%  3M:  +nan%  YTD:+159.1%  | 데이터 부족. 고점 후 조정.
  EEM        $     67.43  1D:  +0.4%  1W:  -5.3%  1M:  -1.2%  3M: +18.0%  YTD: +20.5%  | 3개월 +18% 상승 추세. 1주 -5.3% 급락.
  EWJ        $     93.21  1D:  +0.4%  1W:  -3.9%  1M:  +1.1%  3M: +10.6%  YTD: +15.2%  | 3개월 +11% 상승 추세.
  EZU        $     68.60  1D:  +1.3%  1W:  -1.1%  1M:  +1.5%  3M: +12.1%  YTD:  +7.4%  | 3개월 +12% 상승 추세.
  FXI        $     31.71  1D:  +0.4%  1W:  -5.1%  1M:  -8.7%  3M: -11.3%  YTD: -19.8%  | 3개월 -11% 하락 추세. 1주 -5.1% 급락.
  GDX        $     75.68  1D:  -1.7%  1W:  -7.1%  1M: -13.2%  3M: -12.3%  YTD: -11.7%  | 3개월 -12% 하락 추세. 1주 -7.1% 급락.
  GLD        $    368.58  1D:  -1.4%  1W:  -4.2%  1M: -10.7%  3M: -11.5%  YTD:  -7.5%  | 3개월 -11% 하락 추세.
  GRID       $    188.36  1D:  +1.8%  1W:  -4.3%  1M:  -2.5%  3M: +12.5%  YTD: +21.4%  | 3개월 +13% 상승 추세.
  HYDR       $     50.24  1D:  +5.1%  1W: -11.4%  1M: -31.5%  3M: +33.7%  YTD: +48.3%  | 3개월 +34% 급등세. 1주 -11.4% 급락. 금일 +5.1% 급등.
  HYG        $     80.01  1D:  +0.2%  1W:  +0.1%  1M:  +0.2%  3M:  +2.3%  YTD:  +1.7%  | 3개월 횡보 구간.
  ICLN       $     19.88  1D:  +1.9%  1W:  -8.1%  1M: -14.8%  3M:  +6.0%  YTD: +16.6%  | 3개월 횡보 구간. 1주 -8.1% 급락.
  ICLR       $    172.99  1D:  +1.8%  1W: +22.9%  1M: +26.5%  3M: +73.0%  YTD:  -8.3%  | 3개월 +73% 급등세. 단기 강세 가속.
  IGV        $     89.89  1D:  +1.9%  1W:  +3.0%  1M:  -6.0%  3M: +11.8%  YTD: -12.4%  | 3개월 +12% 상승 추세. 반등 시도 중.
  IHI        $     50.67  1D:  -0.7%  1W:  +4.8%  1M:  +2.8%  3M:  -6.7%  YTD: -17.9%  | 3개월 -7% 하락 추세.
  ITB        $    103.97  1D:  -0.9%  1W:  +6.8%  1M: +11.8%  3M: +13.4%  YTD:  +7.0%  | 3개월 +13% 상승 추세. 단기 강세 가속.
  IWM        $    298.97  1D:  -0.3%  1W:  +0.3%  1M:  +2.6%  3M: +19.0%  YTD: +20.7%  | 3개월 +19% 상승 추세.
  IYT        $     87.63  1D:  +0.5%  1W:  +3.6%  1M:  +4.5%  3M: +17.5%  YTD: +17.0%  | 3개월 +17% 상승 추세.
  JETS       $     33.08  1D:  -0.6%  1W:  +6.8%  1M: +13.5%  3M: +30.8%  YTD: +16.9%  | 3개월 +31% 급등세. 단기 강세 가속.
  LIT        $     77.31  1D:  +1.8%  1W:  -6.4%  1M: -11.6%  3M:  +7.3%  YTD: +16.7%  | 3개월 횡보 구간. 1주 -6.4% 급락.
  MAGS       $     63.52  1D:  +3.1%  1W:  -0.8%  1M: -10.4%  3M:  +7.8%  YTD:  -2.8%  | 3개월 횡보 구간. 금일 +3.1% 상승.
  MSTR       $     92.68  1D: +12.6%  1W: -15.3%  1M: -38.9%  3M: -33.4%  YTD: -41.0%  | 3개월 -33% 급락세. 1주 -15.3% 급락. 금일 +12.6% 급등.
  NTRA       $    272.31  1D:  +4.0%  1W: +19.0%  1M: +27.3%  3M: +38.0%  YTD: +19.0%  | 3개월 +38% 급등세. 단기 강세 가속. 금일 +4.0% 상승.
  PAVE       $     58.60  1D:  -0.4%  1W:  -1.1%  1M:  +3.8%  3M: +14.2%  YTD: +20.0%  | 3개월 +14% 상승 추세.
  QQQ        $    724.08  1D:  +2.5%  1W:  -1.9%  1M:  -1.5%  3M: +23.3%  YTD: +18.4%  | 3개월 +23% 상승 추세. 금일 +2.5% 상승.
  ROBO       $     83.40  1D:  +1.7%  1W:  -3.8%  1M:  -6.2%  3M: +17.3%  YTD: +17.9%  | 3개월 +17% 상승 추세.
  RSP        $    213.05  1D:  +1.3%  1W:  +1.6%  1M:  +2.7%  3M: +10.9%  YTD: +11.4%  | 3개월 +11% 상승 추세.
  SHLD       $     58.70  1D:  +0.5%  1W:  -3.1%  1M: -13.6%  3M: -20.2%  YTD: -11.6%  | 3개월 -20% 급락세.
  SLX        $     99.20  1D:  +0.1%  1W:  -5.3%  1M: -10.6%  3M: +10.2%  YTD: +14.8%  | 3개월 +10% 상승 추세. 1주 -5.3% 급락.
  SOXX       $    614.35  1D:  +4.1%  1W:  -6.2%  1M:  +7.9%  3M: +78.0%  YTD: +96.1%  | 3개월 +78% 급등세. 고점 후 조정. 금일 +4.1% 상승.
  SPY        $    741.00  1D:  +1.6%  1W:  -0.5%  1M:  -1.5%  3M: +13.1%  YTD:  +9.0%  | 3개월 +13% 상승 추세.
  SQM        $     69.86  1D:  -2.4%  1W: -11.2%  1M: -16.9%  3M: -10.7%  YTD:  +1.3%  | 3개월 -11% 하락 추세. 1주 -11.2% 급락. 금일 -2.4% 하락.
  TLT        $     87.45  1D:  +0.1%  1W:  +1.6%  1M:  +2.4%  3M:  +1.9%  YTD:  +2.4%  | 3개월 횡보 구간.
  UFO        $     49.19  1D:  +6.5%  1W:  +1.0%  1M: -27.5%  3M:  +2.7%  YTD: +22.0%  | 3개월 횡보 구간. 반등 시도 중. 금일 +6.5% 급등.
  URA        $     43.93  1D:  +0.8%  1W:  -6.1%  1M: -13.4%  3M: -10.3%  YTD:  -4.6%  | 3개월 -10% 하락 추세. 1주 -6.1% 급락.
  UUP        $     28.37  1D:  -0.3%  1W:  +0.0%  1M:  +2.4%  3M:  +2.4%  YTD:  +4.6%  | 3개월 횡보 구간.
  XBI        $    158.31  1D:  +1.9%  1W:  +8.5%  1M: +16.5%  3M: +27.9%  YTD: +30.4%  | 3개월 +28% 상승 추세. 단기 강세 가속.
  XLE        $     53.58  1D:  -0.5%  1W:  -0.9%  1M:  -5.2%  3M: -10.9%  YTD: +19.0%  | 3개월 -11% 하락 추세.
  XLF        $     53.72  1D:  +0.3%  1W:  +0.0%  1M:  +5.1%  3M:  +9.3%  YTD:  -1.4%  | 3개월 횡보 구간.
  XLI        $    182.76  1D:  +0.9%  1W:  +0.5%  1M:  +5.4%  3M: +11.0%  YTD: +16.3%  | 3개월 +11% 상승 추세.
  XLP        $     84.37  1D:  -0.4%  1W:  +2.7%  1M:  +0.6%  3M:  +4.2%  YTD: +10.0%  | 3개월 횡보 구간.
  XLU        $     46.02  1D:  -0.4%  1W:  +2.9%  1M:  +3.8%  3M:  +2.4%  YTD:  +8.0%  | 3개월 횡보 구간.
  XLV        $    160.74  1D:  +0.2%  1W:  +7.1%  1M:  +7.0%  3M: +10.4%  YTD:  +4.2%  | 3개월 +10% 상승 추세. 단기 강세 가속.
  XLY        $    117.12  1D:  +2.4%  1W:  +1.9%  1M:  -3.9%  3M:  +6.0%  YTD:  -0.6%  | 3개월 횡보 구간. 반등 시도 중. 금일 +2.4% 상승.
  XRT        $     87.94  1D:  -0.9%  1W:  +2.8%  1M:  +2.9%  3M: +10.1%  YTD:  +2.9%  | 3개월 +10% 상승 추세.
======================================================================
2026-07-01 07:30:02,457 - INFO - Total indicators: 48
2026-07-01 07:30:02,457 - INFO - Downloading data for 48 indicators (period=6mo)...
2026-07-01 07:30:03,844 - INFO - Downloaded 183 days of data, 48 tickers
2026-07-01 07:30:03,849 - INFO - Computed returns for 48 indicators
2026-07-01 07:30:04,569 - INFO - Heatmap saved: /home/inhyuk/projects/dataScout/data_us/indicator_charts/heatmap_20260701.png
2026-07-01 07:30:05,003 - INFO - Category chart saved: /home/inhyuk/projects/dataScout/data_us/indicator_charts/chart_20260701_broad_market.png
2026-07-01 07:30:05,334 - INFO - Category chart saved: /home/inhyuk/projects/dataScout/data_us/indicator_charts/chart_20260701_global___region.png
2026-07-01 07:30:06,061 - INFO - Category chart saved: /home/inhyuk/projects/dataScout/data_us/indicator_charts/chart_20260701_sector_cyclical.png
2026-07-01 07:30:06,499 - INFO - Category chart saved: /home/inhyuk/projects/dataScout/data_us/indicator_charts/chart_20260701_sector_defensive.png
2026-07-01 07:30:06,929 - INFO - Category chart saved: /home/inhyuk/projects/dataScout/data_us/indicator_charts/chart_20260701_tech___semi___sw.png
2026-07-01 07:30:07,190 - INFO - Category chart saved: /home/inhyuk/projects/dataScout/data_us/indicator_charts/chart_20260701_lithium___resources.png
2026-07-01 07:30:07,932 - INFO - Category chart saved: /home/inhyuk/projects/dataScout/data_us/indicator_charts/chart_20260701_thematic.png
2026-07-01 07:30:08,366 - INFO - Category chart saved: /home/inhyuk/projects/dataScout/data_us/indicator_charts/chart_20260701_macro___safe_haven.png
2026-07-01 07:30:08,628 - INFO - Category chart saved: /home/inhyuk/projects/dataScout/data_us/indicator_charts/chart_20260701_individual.png
2026-07-01 07:30:08,628 - INFO - Sending heatmap to Telegram...
2026-07-01 07:30:12,268 - INFO - Heatmap: sent
2026-07-01 07:30:13,268 - INFO - Sending Broad Market...
2026-07-01 07:30:15,852 - INFO -   Broad Market sent.
2026-07-01 07:30:16,352 - INFO - Sending Global / Region...
2026-07-01 07:30:19,160 - INFO -   Global / Region sent.
2026-07-01 07:30:19,660 - INFO - Sending Sector Cyclical...
2026-07-01 07:30:23,011 - INFO -   Sector Cyclical sent.
2026-07-01 07:30:23,511 - INFO - Sending Sector Defensive...
2026-07-01 07:30:26,635 - INFO -   Sector Defensive sent.
2026-07-01 07:30:27,135 - INFO - Sending Tech / Semi / SW...
2026-07-01 07:30:29,800 - INFO -   Tech / Semi / SW sent.
2026-07-01 07:30:30,300 - INFO - Sending Lithium / Resources...
2026-07-01 07:30:32,901 - INFO -   Lithium / Resources sent.
2026-07-01 07:30:33,401 - INFO - Sending Thematic...
2026-07-01 07:30:36,222 - INFO -   Thematic sent.
2026-07-01 07:30:36,722 - INFO - Sending Macro / Safe Haven...
2026-07-01 07:30:39,519 - INFO -   Macro / Safe Haven sent.
2026-07-01 07:30:40,019 - INFO - Sending Individual...
2026-07-01 07:30:43,120 - INFO -   Individual sent.

======================================================================
Market Indicators Summary (20260701)
======================================================================
  ALB        $    135.03  1D:  +4.1%  1W: -10.0%  1M: -23.3%  3M: -22.4%  YTD:  -5.7%  | 3개월 -22% 급락세. 1주 -10.0% 급락. 금일 +4.1% 상승.
  BIZD       $     12.66  1D:  -0.1%  1W:  +2.9%  1M:  +0.2%  3M:  +4.1%  YTD:  -7.7%  | 3개월 횡보 구간.
  BTC-USD    $ 58,550.98  1D:  -2.6%  1W:  -2.0%  1M:  -5.0%  3M: -25.6%  YTD: -34.0%  | 3개월 -26% 급락세. 금일 -2.6% 하락.
  DIA        $    522.39  1D:  +0.1%  1W:  +1.1%  1M:  +2.6%  3M: +14.2%  YTD:  +8.8%  | 3개월 +14% 상승 추세.
  DRAM       $     73.85  1D:  +2.7%  1W:  +6.7%  1M: +16.9%  3M:  +nan%  YTD:+166.0%  | 데이터 부족. 단기 강세 가속. 금일 +2.7% 상승.
  EEM        $     68.41  1D:  +1.5%  1W:  +1.8%  1M:  +0.2%  3M: +24.0%  YTD: +22.3%  | 3개월 +24% 상승 추세.
  EWJ        $     93.27  1D:  +0.1%  1W:  +0.6%  1M:  +0.9%  3M: +13.4%  YTD: +15.3%  | 3개월 +13% 상승 추세.
  EZU        $     69.50  1D:  +1.3%  1W:  +2.2%  1M:  +2.9%  3M: +16.0%  YTD:  +8.8%  | 3개월 +16% 상승 추세.
  FXI        $     31.59  1D:  -0.4%  1W:  -3.8%  1M:  -9.2%  3M:  -8.9%  YTD: -20.1%  | 3개월 -9% 하락 추세.
  GDX        $     75.45  1D:  -0.3%  1W:  -2.8%  1M: -15.7%  3M:  -8.4%  YTD: -12.0%  | 3개월 -8% 하락 추세.
  GLD        $    368.38  1D:  -0.1%  1W:  -2.4%  1M: -11.7%  3M:  -8.1%  YTD:  -7.5%  | 3개월 -8% 하락 추세.
  GRID       $    191.75  1D:  +1.8%  1W:  +2.0%  1M:  -0.3%  3M: +19.2%  YTD: +23.6%  | 3개월 +19% 상승 추세.
  HYDR       $     53.06  1D:  +5.6%  1W:  -0.3%  1M: -24.0%  3M: +46.9%  YTD: +57.8%  | 3개월 +47% 급등세. 금일 +5.6% 급등.
  HYG        $     79.97  1D:  -0.0%  1W:  +0.1%  1M:  +0.1%  3M:  +2.9%  YTD:  +1.6%  | 3개월 횡보 구간.
  ICLN       $     20.49  1D:  +3.1%  1W:  -0.9%  1M: -12.8%  3M: +13.9%  YTD: +20.1%  | 3개월 +14% 상승 추세. 금일 +3.1% 상승.
  ICLR       $    173.71  1D:  +0.4%  1W: +21.8%  1M: +27.7%  3M: +68.5%  YTD:  -7.9%  | 3개월 +69% 급등세. 단기 강세 가속.
  IGV        $     90.60  1D:  +0.8%  1W:  +3.8%  1M: -10.9%  3M: +13.6%  YTD: -11.7%  | 3개월 +14% 상승 추세. 반등 시도 중.
  IHI        $     49.41  1D:  -2.5%  1W:  +0.6%  1M:  +1.1%  3M:  -8.9%  YTD: -20.0%  | 3개월 -9% 하락 추세. 금일 -2.5% 하락.
  ITB        $    104.48  1D:  +0.5%  1W:  +7.3%  1M: +12.5%  3M: +15.9%  YTD:  +7.6%  | 3개월 +16% 상승 추세. 단기 강세 가속.
  IWM        $    300.45  1D:  +0.5%  1W:  +1.7%  1M:  +3.7%  3M: +21.7%  YTD: +21.3%  | 3개월 +22% 상승 추세.
  IYT        $     86.75  1D:  -1.0%  1W:  +3.3%  1M:  +3.7%  3M: +17.9%  YTD: +15.8%  | 3개월 +18% 상승 추세.
  JETS       $     33.22  1D:  +0.4%  1W:  +6.5%  1M: +13.3%  3M: +32.8%  YTD: +17.4%  | 3개월 +33% 급등세. 단기 강세 가속.
  LIT        $     78.28  1D:  +1.3%  1W:  +0.2%  1M:  -9.8%  3M: +11.7%  YTD: +18.6%  | 3개월 +12% 상승 추세. 반등 시도 중.
  MAGS       $     64.30  1D:  +1.2%  1W:  +1.8%  1M:  -9.1%  3M: +12.7%  YTD:  -1.6%  | 3개월 +13% 상승 추세. 반등 시도 중.
  MSTR       $     86.93  1D:  -6.2%  1W: -16.3%  1M: -45.4%  3M: -34.6%  YTD: -44.7%  | 3개월 -35% 급락세. 1주 -16.3% 급락. 금일 -6.2% 급락.
  NTRA       $    271.45  1D:  -0.3%  1W: +15.6%  1M: +21.5%  3M: +38.4%  YTD: +18.6%  | 3개월 +38% 급등세. 단기 강세 가속.
  PAVE       $     58.92  1D:  +0.5%  1W:  +2.1%  1M:  +4.8%  3M: +17.7%  YTD: +20.8%  | 3개월 +18% 상승 추세.
  QQQ        $    736.40  1D:  +1.7%  1W:  +3.2%  1M:  -0.1%  3M: +28.5%  YTD: +20.4%  | 3개월 +28% 상승 추세.
  ROBO       $     85.66  1D:  +2.7%  1W:  +3.5%  1M:  -3.4%  3M: +24.2%  YTD: +21.1%  | 3개월 +24% 상승 추세. 반등 시도 중. 금일 +2.7% 상승.
  RSP        $    212.77  1D:  -0.1%  1W:  +1.9%  1M:  +2.3%  3M: +11.8%  YTD: +11.2%  | 3개월 +12% 상승 추세.
  SHLD       $     59.71  1D:  +1.7%  1W:  -1.1%  1M: -11.3%  3M: -16.3%  YTD:  -9.8%  | 3개월 -16% 급락세.
  SLX        $     98.41  1D:  -0.8%  1W:  -3.3%  1M: -11.2%  3M: +11.1%  YTD: +13.9%  | 3개월 +11% 상승 추세.
  SOXX       $    640.76  1D:  +4.3%  1W:  +6.2%  1M: +12.6%  3M: +94.9%  YTD:+104.5%  | 3개월 +95% 급등세. 단기 강세 가속. 금일 +4.3% 상승.
  SPY        $    746.77  1D:  +0.8%  1W:  +1.8%  1M:  -1.0%  3M: +16.1%  YTD:  +9.9%  | 3개월 +16% 상승 추세.
  SQM        $     74.04  1D:  +6.0%  1W:  -3.2%  1M: -13.8%  3M:  -3.2%  YTD:  +7.4%  | 3개월 횡보 구간. 금일 +6.0% 급등.
  TLT        $     86.42  1D:  -1.2%  1W:  +0.3%  1M:  +1.2%  3M:  +1.5%  YTD:  +1.2%  | 3개월 횡보 구간.
  UFO        $     50.67  1D:  +3.0%  1W:  +5.4%  1M: -22.3%  3M: +10.7%  YTD: +25.8%  | 3개월 +11% 상승 추세. 반등 시도 중. 금일 +3.0% 상승.
  URA        $     43.70  1D:  -0.5%  1W:  -4.1%  1M: -13.9%  3M:  -6.4%  YTD:  -5.1%  | 3개월 -6% 하락 추세.
  UUP        $     28.41  1D:  +0.1%  1W:  -0.1%  1M:  +2.7%  3M:  +2.2%  YTD:  +4.8%  | 3개월 횡보 구간.
  XBI        $    158.25  1D:  -0.0%  1W:  +7.6%  1M: +15.9%  3M: +27.8%  YTD: +30.4%  | 3개월 +28% 상승 추세. 단기 강세 가속.
  XLE        $     53.11  1D:  -0.9%  1W:  -2.5%  1M:  -5.0%  3M: -13.0%  YTD: +17.9%  | 3개월 -13% 하락 추세.
  XLF        $     53.61  1D:  -0.2%  1W:  -0.5%  1M:  +4.3%  3M:  +9.7%  YTD:  -1.6%  | 3개월 횡보 구간.
  XLI        $    185.23  1D:  +1.4%  1W:  +4.0%  1M:  +7.3%  3M: +15.1%  YTD: +17.9%  | 3개월 +15% 상승 추세. 단기 강세 가속.
  XLP        $     83.07  1D:  -1.5%  1W:  -0.8%  1M:  +0.9%  3M:  +3.1%  YTD:  +8.3%  | 3개월 횡보 구간.
  XLU        $     45.34  1D:  -1.5%  1W:  +0.6%  1M:  +2.7%  3M:  +0.7%  YTD:  +6.4%  | 3개월 횡보 구간.
  XLV        $    158.66  1D:  -1.3%  1W:  +4.3%  1M:  +6.6%  3M:  +9.3%  YTD:  +2.9%  | 3개월 횡보 구간. 단기 강세 가속.
  XLY        $    117.28  1D:  +0.1%  1W:  +3.1%  1M:  -2.8%  3M:  +8.0%  YTD:  -0.5%  | 3개월 횡보 구간.
  XRT        $     87.74  1D:  -0.2%  1W:  +2.3%  1M:  +4.7%  3M: +10.0%  YTD:  +2.6%  | 3개월 횡보 구간.
======================================================================
2026-07-02 07:30:01,858 - INFO - Total indicators: 48
2026-07-02 07:30:01,858 - INFO - Downloading data for 48 indicators (period=6mo)...
2026-07-02 07:30:03,183 - INFO - Downloaded 182 days of data, 48 tickers
2026-07-02 07:30:03,188 - INFO - Computed returns for 48 indicators
2026-07-02 07:30:03,941 - INFO - Heatmap saved: /home/inhyuk/projects/dataScout/data_us/indicator_charts/heatmap_20260702.png
2026-07-02 07:30:04,395 - INFO - Category chart saved: /home/inhyuk/projects/dataScout/data_us/indicator_charts/chart_20260702_broad_market.png
2026-07-02 07:30:04,740 - INFO - Category chart saved: /home/inhyuk/projects/dataScout/data_us/indicator_charts/chart_20260702_global___region.png
2026-07-02 07:30:05,499 - INFO - Category chart saved: /home/inhyuk/projects/dataScout/data_us/indicator_charts/chart_20260702_sector_cyclical.png
2026-07-02 07:30:05,946 - INFO - Category chart saved: /home/inhyuk/projects/dataScout/data_us/indicator_charts/chart_20260702_sector_defensive.png
2026-07-02 07:30:06,385 - INFO - Category chart saved: /home/inhyuk/projects/dataScout/data_us/indicator_charts/chart_20260702_tech___semi___sw.png
2026-07-02 07:30:06,687 - INFO - Category chart saved: /home/inhyuk/projects/dataScout/data_us/indicator_charts/chart_20260702_lithium___resources.png
2026-07-02 07:30:07,435 - INFO - Category chart saved: /home/inhyuk/projects/dataScout/data_us/indicator_charts/chart_20260702_thematic.png
2026-07-02 07:30:07,869 - INFO - Category chart saved: /home/inhyuk/projects/dataScout/data_us/indicator_charts/chart_20260702_macro___safe_haven.png
2026-07-02 07:30:08,138 - INFO - Category chart saved: /home/inhyuk/projects/dataScout/data_us/indicator_charts/chart_20260702_individual.png
2026-07-02 07:30:08,138 - INFO - Sending heatmap to Telegram...
2026-07-02 07:30:12,161 - INFO - Heatmap: sent
2026-07-02 07:30:13,161 - INFO - Sending Broad Market...
2026-07-02 07:30:15,833 - INFO -   Broad Market sent.
2026-07-02 07:30:16,333 - INFO - Sending Global / Region...
2026-07-02 07:30:18,905 - INFO -   Global / Region sent.
2026-07-02 07:30:19,405 - INFO - Sending Sector Cyclical...
2026-07-02 07:30:22,403 - INFO -   Sector Cyclical sent.
2026-07-02 07:30:22,904 - INFO - Sending Sector Defensive...
2026-07-02 07:30:38,906 - INFO -   Sector Defensive sent.
2026-07-02 07:30:39,406 - INFO - Sending Tech / Semi / SW...
2026-07-02 07:30:42,005 - INFO -   Tech / Semi / SW sent.
2026-07-02 07:30:42,505 - INFO - Sending Lithium / Resources...
2026-07-02 07:30:45,082 - INFO -   Lithium / Resources sent.
2026-07-02 07:30:45,582 - INFO - Sending Thematic...
2026-07-02 07:30:48,911 - INFO -   Thematic sent.
2026-07-02 07:30:49,411 - INFO - Sending Macro / Safe Haven...
2026-07-02 07:30:51,914 - INFO -   Macro / Safe Haven sent.
2026-07-02 07:30:52,415 - INFO - Sending Individual...
2026-07-02 07:30:55,076 - INFO -   Individual sent.

======================================================================
Market Indicators Summary (20260702)
======================================================================
  ALB        $    136.08  1D:  +0.8%  1W:  -8.0%  1M: -20.3%  3M: -24.0%  YTD:  -5.0%  | 3개월 -24% 급락세. 1주 -8.0% 급락.
  BIZD       $     12.54  1D:  -0.9%  1W:  +2.7%  1M:  -2.0%  3M:  +5.3%  YTD:  -8.6%  | 3개월 횡보 구간.
  BTC-USD    $ 60,490.71  1D:  +3.3%  1W:  +0.8%  1M:  -1.6%  3M: -21.8%  YTD: -31.8%  | 3개월 -22% 급락세. 금일 +3.3% 상승.
  DIA        $    522.40  1D:  +0.0%  1W:  +0.7%  1M:  +2.4%  3M: +16.2%  YTD:  +8.8%  | 3개월 +16% 상승 추세.
  DRAM       $     65.86  1D: -10.8%  1W:  -5.8%  1M:  -3.1%  3M:  +nan%  YTD:+137.2%  | 데이터 부족. 1주 -5.8% 급락. 금일 -10.8% 급락.
  EEM        $     66.48  1D:  -2.8%  1W:  -1.1%  1M:  -4.6%  3M: +21.1%  YTD: +18.8%  | 3개월 +21% 상승 추세. 금일 -2.8% 하락.
  EWJ        $     93.05  1D:  -0.2%  1W:  +0.5%  1M:  +0.7%  3M: +14.9%  YTD: +15.0%  | 3개월 +15% 상승 추세.
  EZU        $     68.35  1D:  -1.7%  1W:  +1.2%  1M:  +1.1%  3M: +15.5%  YTD:  +7.0%  | 3개월 +15% 상승 추세.
  FXI        $     31.97  1D:  +1.2%  1W:  -1.2%  1M:  -8.9%  3M:  -7.6%  YTD: -19.1%  | 3개월 -8% 하락 추세.
  GDX        $     75.07  1D:  -0.5%  1W:  +0.6%  1M: -13.4%  3M: -12.5%  YTD: -12.4%  | 3개월 -12% 하락 추세. 반등 시도 중.
  GLD        $    370.60  1D:  +0.6%  1W:  +1.3%  1M:  -9.9%  3M: -10.6%  YTD:  -6.9%  | 3개월 -11% 하락 추세. 반등 시도 중.
  GRID       $    187.21  1D:  -2.4%  1W:  -0.1%  1M:  -2.8%  3M: +17.8%  YTD: +20.7%  | 3개월 +18% 상승 추세. 금일 -2.4% 하락.
  HYDR       $     52.34  1D:  -1.4%  1W:  +1.5%  1M: -23.4%  3M: +47.5%  YTD: +55.7%  | 3개월 +48% 급등세. 반등 시도 중.
  HYG        $     79.59  1D:  -0.5%  1W:  -0.3%  1M:  -0.3%  3M:  +2.7%  YTD:  +1.2%  | 3개월 횡보 구간.
  ICLN       $     20.18  1D:  -1.5%  1W:  -1.5%  1M: -12.2%  3M: +13.4%  YTD: +18.3%  | 3개월 +13% 상승 추세.
  ICLR       $    175.05  1D:  +0.8%  1W: +10.7%  1M: +26.8%  3M: +71.5%  YTD:  -7.2%  | 3개월 +71% 급등세. 단기 강세 가속.
  IGV        $     93.34  1D:  +3.0%  1W:  +8.3%  1M: -13.3%  3M: +21.4%  YTD:  -9.0%  | 3개월 +21% 상승 추세. 반등 시도 중. 금일 +3.0% 상승.
  IHI        $     49.98  1D:  +1.2%  1W:  +0.7%  1M:  +2.5%  3M:  -5.9%  YTD: -19.1%  | 3개월 -6% 하락 추세.
  ITB        $    102.14  1D:  -2.2%  1W:  -1.1%  1M: +10.0%  3M: +15.1%  YTD:  +5.1%  | 3개월 +15% 상승 추세. 금일 -2.2% 하락.
  IWM        $    299.32  1D:  -0.4%  1W:  +0.9%  1M:  +3.8%  3M: +23.4%  YTD: +20.8%  | 3개월 +23% 상승 추세.
  IYT        $     87.53  1D:  +0.9%  1W:  +2.6%  1M:  +3.4%  3M: +21.0%  YTD: +16.8%  | 3개월 +21% 상승 추세.
  JETS       $     33.23  1D:  +0.0%  1W:  +2.3%  1M: +14.9%  3M: +37.7%  YTD: +17.5%  | 3개월 +38% 급등세.
  LIT        $     77.97  1D:  -0.4%  1W:  -0.8%  1M:  -9.0%  3M:  +8.9%  YTD: +18.2%  | 3개월 횡보 구간.
  MAGS       $     65.84  1D:  +2.4%  1W:  +5.0%  1M:  -5.8%  3M: +18.7%  YTD:  +0.7%  | 3개월 +19% 상승 추세. 반등 시도 중. 금일 +2.4% 상승.
  MSTR       $     93.39  1D:  +7.4%  1W:  -0.8%  1M: -37.6%  3M: -25.9%  YTD: -40.6%  | 3개월 -26% 급락세. 금일 +7.4% 급등.
  NTRA       $    276.27  1D:  +1.8%  1W:  +6.3%  1M: +26.3%  3M: +51.3%  YTD: +20.7%  | 3개월 +51% 급등세. 단기 강세 가속.
  PAVE       $     57.68  1D:  -2.1%  1W:  -1.1%  1M:  +3.2%  3M: +16.1%  YTD: +18.3%  | 3개월 +16% 상승 추세. 금일 -2.1% 하락.
  QQQ        $    725.17  1D:  -1.5%  1W:  +2.0%  1M:  -2.3%  3M: +29.0%  YTD: +18.6%  | 3개월 +29% 상승 추세.
  ROBO       $     85.39  1D:  -0.3%  1W:  +3.7%  1M:  -4.7%  3M: +27.7%  YTD: +20.8%  | 3개월 +28% 상승 추세. 반등 시도 중.
  RSP        $    213.41  1D:  +0.3%  1W:  +1.4%  1M:  +2.4%  3M: +13.7%  YTD: +11.6%  | 3개월 +14% 상승 추세.
  SHLD       $     61.20  1D:  +2.5%  1W:  +4.3%  1M:  -6.4%  3M: -12.1%  YTD:  -7.6%  | 3개월 -12% 하락 추세. 반등 시도 중. 금일 +2.5% 상승.
  SLX        $     96.86  1D:  -1.6%  1W:  -3.3%  1M: -13.2%  3M:  +9.9%  YTD: +12.1%  | 3개월 횡보 구간.
  SOXX       $    599.70  1D:  -6.4%  1W:  -0.3%  1M:  +4.9%  3M: +85.5%  YTD: +91.4%  | 3개월 +85% 급등세. 금일 -6.4% 급락.
  SPY        $    745.76  1D:  -0.1%  1W:  +1.7%  1M:  -1.4%  3M: +17.9%  YTD:  +9.7%  | 3개월 +18% 상승 추세.
  SQM        $     74.22  1D:  +0.2%  1W:  -1.8%  1M: -11.0%  3M:  -9.2%  YTD:  +7.6%  | 3개월 -9% 하락 추세.
  TLT        $     85.52  1D:  -1.0%  1W:  -2.1%  1M:  +0.1%  3M:  +1.0%  YTD:  +0.1%  | 3개월 횡보 구간.
  UFO        $     50.18  1D:  -1.0%  1W:  +8.1%  1M: -17.7%  3M: +13.8%  YTD: +24.6%  | 3개월 +14% 상승 추세. 반등 시도 중.
  URA        $     43.18  1D:  -1.2%  1W:  -3.4%  1M: -14.6%  3M:  -7.4%  YTD:  -6.3%  | 3개월 -7% 하락 추세.
  UUP        $     28.49  1D:  +0.3%  1W:  -0.1%  1M:  +2.6%  3M:  +2.3%  YTD:  +5.1%  | 3개월 횡보 구간.
  XBI        $    156.55  1D:  -1.1%  1W:  +4.6%  1M: +17.3%  3M: +31.0%  YTD: +29.0%  | 3개월 +31% 급등세. 단기 강세 가속.
  XLE        $     52.81  1D:  -0.6%  1W:  -1.4%  1M:  -7.2%  3M: -15.0%  YTD: +17.3%  | 3개월 -15% 하락 추세.
  XLF        $     54.78  1D:  +2.2%  1W:  +2.0%  1M:  +6.9%  3M: +15.0%  YTD:  +0.6%  | 3개월 +15% 상승 추세. 금일 +2.2% 상승.
  XLI        $    183.36  1D:  -1.0%  1W:  +1.7%  1M:  +6.6%  3M: +15.5%  YTD: +16.7%  | 3개월 +15% 상승 추세.
  XLP        $     83.30  1D:  +0.3%  1W:  -1.4%  1M:  +2.3%  3M:  +2.6%  YTD:  +8.6%  | 3개월 횡보 구간.
  XLU        $     44.77  1D:  -1.3%  1W:  -1.7%  1M:  +4.5%  3M:  -1.2%  YTD:  +5.1%  | 3개월 횡보 구간.
  XLV        $    159.54  1D:  +0.6%  1W:  +4.0%  1M:  +8.4%  3M: +11.9%  YTD:  +3.5%  | 3개월 +12% 상승 추세. 단기 강세 가속.
  XLY        $    118.09  1D:  +0.7%  1W:  +2.6%  1M:  +0.1%  3M: +12.0%  YTD:  +0.2%  | 3개월 +12% 상승 추세.
  XRT        $     87.84  1D:  +0.1%  1W:  -0.4%  1M:  +5.7%  3M: +12.0%  YTD:  +2.8%  | 3개월 +12% 상승 추세.
======================================================================
2026-07-03 07:30:01,605 - INFO - Total indicators: 48
2026-07-03 07:30:01,605 - INFO - Downloading data for 48 indicators (period=6mo)...
2026-07-03 07:30:03,062 - INFO - Downloaded 182 days of data, 48 tickers
2026-07-03 07:30:03,067 - INFO - Computed returns for 48 indicators
2026-07-03 07:30:03,823 - INFO - Heatmap saved: /home/inhyuk/projects/dataScout/data_us/indicator_charts/heatmap_20260703.png
2026-07-03 07:30:04,282 - INFO - Category chart saved: /home/inhyuk/projects/dataScout/data_us/indicator_charts/chart_20260703_broad_market.png
2026-07-03 07:30:04,617 - INFO - Category chart saved: /home/inhyuk/projects/dataScout/data_us/indicator_charts/chart_20260703_global___region.png
2026-07-03 07:30:05,373 - INFO - Category chart saved: /home/inhyuk/projects/dataScout/data_us/indicator_charts/chart_20260703_sector_cyclical.png
2026-07-03 07:30:05,831 - INFO - Category chart saved: /home/inhyuk/projects/dataScout/data_us/indicator_charts/chart_20260703_sector_defensive.png
2026-07-03 07:30:06,268 - INFO - Category chart saved: /home/inhyuk/projects/dataScout/data_us/indicator_charts/chart_20260703_tech___semi___sw.png
2026-07-03 07:30:06,565 - INFO - Category chart saved: /home/inhyuk/projects/dataScout/data_us/indicator_charts/chart_20260703_lithium___resources.png
2026-07-03 07:30:07,316 - INFO - Category chart saved: /home/inhyuk/projects/dataScout/data_us/indicator_charts/chart_20260703_thematic.png
2026-07-03 07:30:07,751 - INFO - Category chart saved: /home/inhyuk/projects/dataScout/data_us/indicator_charts/chart_20260703_macro___safe_haven.png
2026-07-03 07:30:08,018 - INFO - Category chart saved: /home/inhyuk/projects/dataScout/data_us/indicator_charts/chart_20260703_individual.png
2026-07-03 07:30:08,019 - INFO - Sending heatmap to Telegram...
2026-07-03 07:30:23,523 - INFO - Heatmap: sent
2026-07-03 07:30:24,523 - INFO - Sending Broad Market...
2026-07-03 07:30:28,601 - INFO -   Broad Market sent.
2026-07-03 07:30:29,101 - INFO - Sending Global / Region...
2026-07-03 07:30:33,616 - INFO -   Global / Region sent.
2026-07-03 07:30:34,116 - INFO - Sending Sector Cyclical...
2026-07-03 07:30:40,131 - INFO -   Sector Cyclical sent.
2026-07-03 07:30:40,631 - INFO - Sending Sector Defensive...
2026-07-03 07:30:48,545 - INFO -   Sector Defensive sent.
2026-07-03 07:30:49,045 - INFO - Sending Tech / Semi / SW...
2026-07-03 07:30:54,231 - INFO -   Tech / Semi / SW sent.
2026-07-03 07:30:54,731 - INFO - Sending Lithium / Resources...
2026-07-03 07:30:59,812 - INFO -   Lithium / Resources sent.
2026-07-03 07:31:00,312 - INFO - Sending Thematic...
2026-07-03 07:31:06,323 - INFO -   Thematic sent.
2026-07-03 07:31:06,824 - INFO - Sending Macro / Safe Haven...
2026-07-03 07:31:12,272 - INFO -   Macro / Safe Haven sent.
2026-07-03 07:31:12,773 - INFO - Sending Individual...
2026-07-03 07:31:16,080 - INFO -   Individual sent.

======================================================================
Market Indicators Summary (20260703)
======================================================================
  ALB        $    135.56  1D:  -0.4%  1W:  -3.9%  1M: -20.9%  3M: -23.3%  YTD:  -6.8%  | 3개월 -23% 급락세.
  BIZD       $     12.51  1D:  -0.2%  1W:  +4.1%  1M:  +0.3%  3M:  +5.9%  YTD:  -8.3%  | 3개월 횡보 구간.
  BTC-USD    $ 61,446.12  1D:  +2.4%  1W:  +2.5%  1M:  -3.3%  3M: -19.5%  YTD: -31.7%  | 3개월 -20% 급락세. 반등 시도 중. 금일 +2.4% 상승.
  DIA        $    527.88  1D:  +1.0%  1W:  +1.7%  1M:  +3.0%  3M: +17.2%  YTD:  +8.6%  | 3개월 +17% 상승 추세.
  DRAM       $     60.63  1D:  -7.9%  1W: -21.1%  1M: -12.9%  3M:  +nan%  YTD:+118.4%  | 데이터 부족. 1주 -21.1% 급락. 금일 -7.9% 급락.
  EEM        $     65.70  1D:  -1.2%  1W:  -3.3%  1M:  -6.7%  3M: +20.6%  YTD: +16.1%  | 3개월 +21% 상승 추세.
  EWJ        $     93.14  1D:  +0.1%  1W:  -0.3%  1M:  +0.1%  3M: +14.9%  YTD: +12.7%  | 3개월 +15% 상승 추세.
  EZU        $     69.22  1D:  +1.3%  1W:  +1.2%  1M:  +1.6%  3M: +16.8%  YTD:  +7.5%  | 3개월 +17% 상승 추세.
  FXI        $     31.91  1D:  -0.2%  1W:  +0.7%  1M: -11.6%  3M:  -8.1%  YTD: -19.5%  | 3개월 -8% 하락 추세. 반등 시도 중.
  GDX        $     78.43  1D:  +4.5%  1W:  +3.6%  1M: -10.9%  3M:  -8.6%  YTD: -11.3%  | 3개월 -9% 하락 추세. 반등 시도 중. 금일 +4.5% 상승.
  GLD        $    378.13  1D:  +2.0%  1W:  +2.3%  1M:  -8.2%  3M:  -8.8%  YTD:  -7.5%  | 3개월 -9% 하락 추세. 반등 시도 중. 금일 +2.0% 상승.
  GRID       $    184.17  1D:  -1.6%  1W:  -3.2%  1M:  -6.4%  3M: +17.3%  YTD: +17.7%  | 3개월 +17% 상승 추세.
  HYDR       $     50.47  1D:  -3.6%  1W:  +0.5%  1M: -27.5%  3M: +48.3%  YTD: +44.6%  | 3개월 +48% 급등세. 반등 시도 중. 금일 -3.6% 하락.
  HYG        $     79.71  1D:  +0.2%  1W:  +0.2%  1M:  +0.2%  3M:  +3.2%  YTD:  +1.5%  | 3개월 횡보 구간.
  ICLN       $     19.67  1D:  -2.5%  1W:  -3.1%  1M: -17.0%  3M: +12.6%  YTD: +15.1%  | 3개월 +13% 상승 추세. 금일 -2.5% 하락.
  ICLR       $    173.06  1D:  -1.1%  1W:  +7.5%  1M: +25.8%  3M: +64.7%  YTD: -12.4%  | 3개월 +65% 급등세. 단기 강세 가속.
  IGV        $     93.57  1D:  +0.2%  1W: +10.4%  1M: -10.6%  3M: +20.6%  YTD:  -9.7%  | 3개월 +21% 상승 추세. 반등 시도 중.
  IHI        $     51.88  1D:  +3.8%  1W:  +3.4%  1M:  +7.8%  3M:  -1.2%  YTD: -17.2%  | 3개월 횡보 구간. 단기 강세 가속. 금일 +3.8% 상승.
  ITB        $    102.90  1D:  +0.7%  1W:  -1.3%  1M: +10.5%  3M: +17.0%  YTD:  +5.1%  | 3개월 +17% 상승 추세.
  IWM        $    297.58  1D:  -0.6%  1W:  -0.4%  1M:  +2.3%  3M: +24.5%  YTD: +18.2%  | 3개월 +24% 상승 추세.
  IYT        $     87.99  1D:  +0.5%  1W:  +1.6%  1M:  +5.0%  3M: +22.1%  YTD: +16.5%  | 3개월 +22% 상승 추세.
  JETS       $     33.20  1D:  -0.1%  1W:  +0.7%  1M: +16.5%  3M: +40.4%  YTD: +14.4%  | 3개월 +40% 급등세.
  LIT        $     76.53  1D:  -1.8%  1W:  -2.0%  1M: -11.0%  3M:  +6.0%  YTD: +14.0%  | 3개월 횡보 구간.
  MAGS       $     65.10  1D:  -1.1%  1W:  +6.6%  1M:  -5.9%  3M: +17.5%  YTD:  -1.2%  | 3개월 +18% 상승 추세. 반등 시도 중.
  MSTR       $    100.77  1D:  +7.9%  1W: +18.1%  1M: -25.9%  3M: -17.0%  YTD: -38.8%  | 3개월 -17% 급락세. 반등 시도 중. 금일 +7.9% 급등.
  NTRA       $    279.32  1D:  +1.1%  1W:  +7.1%  1M: +31.3%  3M: +49.5%  YTD: +17.6%  | 3개월 +49% 급등세. 단기 강세 가속.
  PAVE       $     57.15  1D:  -0.9%  1W:  -4.6%  1M:  +0.6%  3M: +16.4%  YTD: +15.8%  | 3개월 +16% 상승 추세.
  QQQ        $    712.60  1D:  -1.7%  1W:  -0.5%  1M:  -4.4%  3M: +27.8%  YTD: +15.6%  | 3개월 +28% 상승 추세.
  ROBO       $     83.39  1D:  -2.3%  1W:  -0.1%  1M:  -7.7%  3M: +26.8%  YTD: +15.8%  | 3개월 +27% 상승 추세. 금일 -2.3% 하락.
  RSP        $    214.91  1D:  +0.7%  1W:  +1.5%  1M:  +2.7%  3M: +14.7%  YTD: +11.3%  | 3개월 +15% 상승 추세.
  SHLD       $     63.96  1D:  +4.5%  1W: +10.2%  1M:  -1.1%  3M:  -6.1%  YTD:  -8.2%  | 3개월 -6% 하락 추세. 1주 +10.2% 급등. 금일 +4.5% 상승.
  SLX        $     98.19  1D:  +1.4%  1W:  -2.8%  1M: -13.5%  3M: +10.9%  YTD: +12.3%  | 3개월 +11% 상승 추세.
  SOXX       $    566.32  1D:  -5.6%  1W:  -9.4%  1M:  -6.4%  3M: +82.9%  YTD: +78.2%  | 3개월 +83% 급등세. 1주 -9.4% 급락. 금일 -5.6% 급락.
  SPY        $    744.78  1D:  -0.1%  1W:  +1.4%  1M:  -1.7%  3M: +18.2%  YTD:  +8.9%  | 3개월 +18% 상승 추세.
  SQM        $     72.70  1D:  -2.0%  1W:  -0.6%  1M: -10.1%  3M:  -9.1%  YTD:  +4.8%  | 3개월 -9% 하락 추세. 금일 -2.0% 하락.
  TLT        $     85.51  1D:  -0.0%  1W:  -1.7%  1M:  +0.2%  3M:  +0.1%  YTD:  -0.0%  | 3개월 횡보 구간.
  UFO        $     50.67  1D:  +1.0%  1W: +11.4%  1M: -17.1%  3M: +19.4%  YTD: +22.2%  | 3개월 +19% 상승 추세. 반등 시도 중.
  URA        $     43.23  1D:  +0.1%  1W:  -1.6%  1M: -19.1%  3M:  -4.5%  YTD: -11.1%  | 3개월 횡보 구간.
  UUP        $     28.34  1D:  -0.5%  1W:  -0.5%  1M:  +2.1%  3M:  +1.3%  YTD:  +4.7%  | 3개월 횡보 구간.
  XBI        $    160.46  1D:  +2.5%  1W:  +5.9%  1M: +25.7%  3M: +35.2%  YTD: +33.7%  | 3개월 +35% 급등세. 단기 강세 가속. 금일 +2.5% 상승.
  XLE        $     53.22  1D:  +0.8%  1W:  -1.6%  1M:  -7.5%  3M: -13.5%  YTD: +15.1%  | 3개월 -13% 하락 추세.
  XLF        $     55.62  1D:  +1.5%  1W:  +4.1%  1M:  +8.5%  3M: +15.4%  YTD:  -0.1%  | 3개월 +15% 상승 추세. 단기 강세 가속.
  XLI        $    183.91  1D:  +0.3%  1W:  -0.1%  1M:  +5.8%  3M: +17.7%  YTD: +15.7%  | 3개월 +18% 상승 추세.
  XLP        $     84.99  1D:  +2.0%  1W:  +1.3%  1M:  +4.6%  3M:  +4.5%  YTD: +11.3%  | 3개월 횡보 구간. 금일 +2.0% 상승.
  XLU        $     45.76  1D:  +2.2%  1W:  -0.2%  1M:  +4.9%  3M:  +0.3%  YTD:  +8.6%  | 3개월 횡보 구간. 금일 +2.2% 상승.
  XLV        $    163.74  1D:  +2.6%  1W:  +5.2%  1M: +12.3%  3M: +14.4%  YTD:  +6.5%  | 3개월 +14% 상승 추세. 단기 강세 가속. 금일 +2.6% 상승.
  XLY        $    117.12  1D:  -0.8%  1W:  +3.3%  1M:  -0.2%  3M: +11.1%  YTD:  -2.3%  | 3개월 +11% 상승 추세.
  XRT        $     88.06  1D:  +0.3%  1W:  +0.6%  1M:  +5.4%  3M: +12.6%  YTD:  +1.8%  | 3개월 +13% 상승 추세.
======================================================================
2026-07-04 07:30:02,225 - INFO - Market group: US (Market Indicators)
2026-07-04 07:30:02,225 - INFO - Total indicators: 57
2026-07-04 07:30:02,225 - INFO - Downloading data for 57 indicators (period=6mo)...
2026-07-04 07:30:03,884 - INFO - Downloaded 183 days of data, 57 tickers
2026-07-04 07:30:03,890 - INFO - Computed returns for 57 indicators
2026-07-04 07:30:04,773 - INFO - Heatmap saved: /home/inhyuk/projects/dataScout/data_us/indicator_charts/heatmap_20260704.png
2026-07-04 07:30:05,382 - INFO - Category chart saved: /home/inhyuk/projects/dataScout/data_us/indicator_charts/chart_20260704_미국_지수.png
2026-07-04 07:30:05,666 - INFO - Category chart saved: /home/inhyuk/projects/dataScout/data_us/indicator_charts/chart_20260704_유럽_지수.png
2026-07-04 07:30:06,007 - INFO - Category chart saved: /home/inhyuk/projects/dataScout/data_us/indicator_charts/chart_20260704_global___region.png
2026-07-04 07:30:06,754 - INFO - Category chart saved: /home/inhyuk/projects/dataScout/data_us/indicator_charts/chart_20260704_sector_cyclical.png
2026-07-04 07:30:07,194 - INFO - Category chart saved: /home/inhyuk/projects/dataScout/data_us/indicator_charts/chart_20260704_sector_defensive.png
2026-07-04 07:30:07,631 - INFO - Category chart saved: /home/inhyuk/projects/dataScout/data_us/indicator_charts/chart_20260704_tech___semi___sw.png
2026-07-04 07:30:07,904 - INFO - Category chart saved: /home/inhyuk/projects/dataScout/data_us/indicator_charts/chart_20260704_lithium___resources.png
2026-07-04 07:30:08,646 - INFO - Category chart saved: /home/inhyuk/projects/dataScout/data_us/indicator_charts/chart_20260704_thematic.png
2026-07-04 07:30:09,377 - INFO - Category chart saved: /home/inhyuk/projects/dataScout/data_us/indicator_charts/chart_20260704_macro___safe_haven.png
2026-07-04 07:30:09,651 - INFO - Category chart saved: /home/inhyuk/projects/dataScout/data_us/indicator_charts/chart_20260704_individual.png
2026-07-04 07:30:09,651 - INFO - Sending heatmap to Telegram...
2026-07-04 07:30:13,906 - INFO - Heatmap: sent
2026-07-04 07:30:14,906 - INFO - Sending 미국 지수...
2026-07-04 07:30:18,138 - INFO -   미국 지수 sent.
2026-07-04 07:30:18,639 - INFO - Sending 유럽 지수...
2026-07-04 07:30:21,210 - INFO -   유럽 지수 sent.
2026-07-04 07:30:21,710 - INFO - Sending Global / Region...
2026-07-04 07:30:23,771 - INFO -   Global / Region sent.
2026-07-04 07:30:24,272 - INFO - Sending Sector Cyclical...
2026-07-04 07:30:26,495 - INFO -   Sector Cyclical sent.
2026-07-04 07:30:26,996 - INFO - Sending Sector Defensive...
2026-07-04 07:30:32,975 - INFO -   Sector Defensive sent.
2026-07-04 07:30:33,475 - INFO - Sending Tech / Semi / SW...
2026-07-04 07:30:35,578 - INFO -   Tech / Semi / SW sent.
2026-07-04 07:30:36,078 - INFO - Sending Lithium / Resources...
2026-07-04 07:30:38,122 - INFO -   Lithium / Resources sent.
2026-07-04 07:30:38,622 - INFO - Sending Thematic...
2026-07-04 07:30:41,016 - INFO -   Thematic sent.
2026-07-04 07:30:41,516 - INFO - Sending Macro / Safe Haven...
2026-07-04 07:30:45,493 - INFO -   Macro / Safe Haven sent.
2026-07-04 07:30:45,993 - INFO - Sending Individual...
2026-07-04 07:30:47,999 - INFO -   Individual sent.

======================================================================
Market Indicators Summary (20260704)
======================================================================
  ALB        $    135.56  1D:  -0.4%  1W:  -3.9%  1M: -20.9%  3M: -23.3%  YTD:  -6.8%  | 3개월 -23% 급락세.
  BIZD       $     12.51  1D:  -0.2%  1W:  +4.1%  1M:  +0.3%  3M:  +5.9%  YTD:  -8.3%  | 3개월 횡보 구간.
  BTC-USD    $ 62,568.67  1D:  +1.8%  1W:  +5.1%  1M:  -1.5%  3M: -17.4%  YTD: -30.9%  | 3개월 -17% 급락세. 1주 +5.1% 급등.
  CL=F             68.78  1D:  +0.1%  1W:  -0.7%  1M: -28.4%  3M: -32.2%  YTD: +17.9%  | 3개월 -32% 급락세.
  DRAM       $     60.63  1D:  -7.9%  1W: -21.1%  1M: -12.9%  3M:  +nan%  YTD:+118.4%  | 데이터 부족. 1주 -21.1% 급락. 금일 -7.9% 급락.
  EEM        $     65.70  1D:  -1.2%  1W:  -3.3%  1M:  -6.7%  3M: +20.6%  YTD: +16.1%  | 3개월 +21% 상승 추세.
  EWJ        $     93.14  1D:  +0.1%  1W:  -0.3%  1M:  +0.1%  3M: +14.9%  YTD: +12.7%  | 3개월 +15% 상승 추세.
  EZU        $     69.22  1D:  +1.3%  1W:  +1.2%  1M:  +1.6%  3M: +16.8%  YTD:  +7.5%  | 3개월 +17% 상승 추세.
  FXI        $     31.91  1D:  -0.2%  1W:  +0.7%  1M: -11.6%  3M:  -8.1%  YTD: -19.5%  | 3개월 -8% 하락 추세. 반등 시도 중.
  GDX        $     78.43  1D:  +4.5%  1W:  +3.6%  1M: -10.9%  3M:  -8.6%  YTD: -11.3%  | 3개월 -9% 하락 추세. 반등 시도 중. 금일 +4.5% 상승.
  GLD        $    378.13  1D:  +2.0%  1W:  +2.3%  1M:  -8.2%  3M:  -8.8%  YTD:  -7.5%  | 3개월 -9% 하락 추세. 반등 시도 중. 금일 +2.0% 상승.
  GRID       $    184.17  1D:  -1.6%  1W:  -3.2%  1M:  -6.4%  3M: +17.3%  YTD: +17.7%  | 3개월 +17% 상승 추세.
  HG=F              6.22  1D:  +1.8%  1W:  +1.3%  1M:  -4.0%  3M: +11.4%  YTD:  +5.1%  | 3개월 +11% 상승 추세. 반등 시도 중.
  HYDR       $     50.47  1D:  -3.6%  1W:  +0.5%  1M: -27.5%  3M: +48.3%  YTD: +44.6%  | 3개월 +48% 급등세. 반등 시도 중. 금일 -3.6% 하락.
  HYG        $     79.71  1D:  +0.2%  1W:  +0.2%  1M:  +0.2%  3M:  +3.2%  YTD:  +1.5%  | 3개월 횡보 구간.
  ICLN       $     19.67  1D:  -2.5%  1W:  -3.1%  1M: -17.0%  3M: +12.6%  YTD: +15.1%  | 3개월 +13% 상승 추세. 금일 -2.5% 하락.
  ICLR       $    173.06  1D:  -1.1%  1W:  +7.5%  1M: +25.8%  3M: +64.7%  YTD: -12.4%  | 3개월 +65% 급등세. 단기 강세 가속.
  IGV        $     93.57  1D:  +0.2%  1W: +10.4%  1M: -10.6%  3M: +20.6%  YTD:  -9.7%  | 3개월 +21% 상승 추세. 반등 시도 중.
  IHI        $     51.88  1D:  +3.8%  1W:  +3.4%  1M:  +7.8%  3M:  -1.2%  YTD: -17.2%  | 3개월 횡보 구간. 단기 강세 가속. 금일 +3.8% 상승.
  ITB        $    102.90  1D:  +0.7%  1W:  -1.3%  1M: +10.5%  3M: +17.0%  YTD:  +5.1%  | 3개월 +17% 상승 추세.
  IYT        $     87.99  1D:  +0.5%  1W:  +1.6%  1M:  +5.0%  3M: +22.1%  YTD: +16.5%  | 3개월 +22% 상승 추세.
  JETS       $     33.20  1D:  -0.1%  1W:  +0.7%  1M: +16.5%  3M: +40.4%  YTD: +14.4%  | 3개월 +40% 급등세.
  KRW=X         1,530.15  1D:  -1.4%  1W:  -1.1%  1M:  +0.0%  3M:  +1.4%  YTD:  +6.2%  | 3개월 횡보 구간.
  LIT        $     76.53  1D:  -1.8%  1W:  -2.0%  1M: -11.0%  3M:  +6.0%  YTD: +14.0%  | 3개월 횡보 구간.
  MAGS       $     65.10  1D:  -1.1%  1W:  +6.6%  1M:  -5.9%  3M: +17.5%  YTD:  -1.2%  | 3개월 +18% 상승 추세. 반등 시도 중.
  MSTR       $    100.77  1D:  +7.9%  1W: +18.1%  1M: -25.9%  3M: -17.0%  YTD: -38.8%  | 3개월 -17% 급락세. 반등 시도 중. 금일 +7.9% 급등.
  NTRA       $    279.32  1D:  +1.1%  1W:  +7.1%  1M: +31.3%  3M: +49.5%  YTD: +17.6%  | 3개월 +49% 급등세. 단기 강세 가속.
  PAVE       $     57.15  1D:  -0.9%  1W:  -4.6%  1M:  +0.6%  3M: +16.4%  YTD: +15.8%  | 3개월 +16% 상승 추세.
  ROBO       $     83.39  1D:  -2.3%  1W:  -0.1%  1M:  -7.7%  3M: +26.8%  YTD: +15.8%  | 3개월 +27% 상승 추세. 금일 -2.3% 하락.
  RSP        $    214.91  1D:  +0.7%  1W:  +1.5%  1M:  +2.7%  3M: +14.7%  YTD: +11.3%  | 3개월 +15% 상승 추세.
  SHLD       $     63.96  1D:  +4.5%  1W: +10.2%  1M:  -1.1%  3M:  -6.1%  YTD:  -8.2%  | 3개월 -6% 하락 추세. 1주 +10.2% 급등. 금일 +4.5% 상승.
  SLX        $     98.19  1D:  +1.4%  1W:  -2.8%  1M: -13.5%  3M: +10.9%  YTD: +12.3%  | 3개월 +11% 상승 추세.
  SOXX       $    566.32  1D:  -5.6%  1W:  -9.4%  1M:  -6.4%  3M: +82.9%  YTD: +78.2%  | 3개월 +83% 급등세. 1주 -9.4% 급락. 금일 -5.6% 급락.
  SQM        $     72.70  1D:  -2.0%  1W:  -0.6%  1M: -10.1%  3M:  -9.1%  YTD:  +4.8%  | 3개월 -9% 하락 추세. 금일 -2.0% 하락.
  TLT        $     85.51  1D:  -0.0%  1W:  -1.7%  1M:  +0.2%  3M:  +0.1%  YTD:  -0.0%  | 3개월 횡보 구간.
  UFO        $     50.67  1D:  +1.0%  1W: +11.4%  1M: -17.1%  3M: +19.4%  YTD: +22.2%  | 3개월 +19% 상승 추세. 반등 시도 중.
  URA        $     43.23  1D:  +0.1%  1W:  -1.6%  1M: -19.1%  3M:  -4.5%  YTD: -11.1%  | 3개월 횡보 구간.
  UUP        $     28.34  1D:  -0.5%  1W:  -0.5%  1M:  +2.1%  3M:  +1.3%  YTD:  +4.7%  | 3개월 횡보 구간.
  XBI        $    160.46  1D:  +2.5%  1W:  +5.9%  1M: +25.7%  3M: +35.2%  YTD: +33.7%  | 3개월 +35% 급등세. 단기 강세 가속. 금일 +2.5% 상승.
  XLE        $     53.22  1D:  +0.8%  1W:  -1.6%  1M:  -7.5%  3M: -13.5%  YTD: +15.1%  | 3개월 -13% 하락 추세.
  XLF        $     55.62  1D:  +1.5%  1W:  +4.1%  1M:  +8.5%  3M: +15.4%  YTD:  -0.1%  | 3개월 +15% 상승 추세. 단기 강세 가속.
  XLI        $    183.91  1D:  +0.3%  1W:  -0.1%  1M:  +5.8%  3M: +17.7%  YTD: +15.7%  | 3개월 +18% 상승 추세.
  XLP        $     84.99  1D:  +2.0%  1W:  +1.3%  1M:  +4.6%  3M:  +4.5%  YTD: +11.3%  | 3개월 횡보 구간. 금일 +2.0% 상승.
  XLU        $     45.76  1D:  +2.2%  1W:  -0.2%  1M:  +4.9%  3M:  +0.3%  YTD:  +8.6%  | 3개월 횡보 구간. 금일 +2.2% 상승.
  XLV        $    163.74  1D:  +2.6%  1W:  +5.2%  1M: +12.3%  3M: +14.4%  YTD:  +6.5%  | 3개월 +14% 상승 추세. 단기 강세 가속. 금일 +2.6% 상승.
  XLY        $    117.12  1D:  -0.8%  1W:  +3.3%  1M:  -0.2%  3M: +11.1%  YTD:  -2.3%  | 3개월 +11% 상승 추세.
  XRT        $     88.06  1D:  +0.3%  1W:  +0.6%  1M:  +5.4%  3M: +12.6%  YTD:  +1.8%  | 3개월 +13% 상승 추세.
  ^DJI         52,900.07  1D:  +1.1%  1W:  +1.9%  1M:  +3.1%  3M: +17.0%  YTD:  +8.0%  | 3개월 +17% 상승 추세.
  ^FTSE        10,679.03  1D:  +0.2%  1W:  +1.6%  1M:  +3.1%  3M:  +5.4%  YTD:  +6.7%  | 3개월 횡보 구간.
  ^GDAXI       25,580.88  1D:  +2.2%  1W:  +2.3%  1M:  +3.2%  3M: +13.4%  YTD:  +2.9%  | 3개월 +13% 상승 추세. 금일 +2.2% 상승.
  ^GSPC         7,483.24  1D:  +0.0%  1W:  +1.7%  1M:  -1.7%  3M: +18.0%  YTD:  +8.4%  | 3개월 +18% 상승 추세.
  ^IXIC        25,832.67  1D:  -0.8%  1W:  +1.9%  1M:  -4.7%  3M: +24.2%  YTD: +10.4%  | 3개월 +24% 상승 추세. 반등 시도 중.
  ^RUT          2,996.11  1D:  -0.5%  1W:  -0.4%  1M:  +2.2%  3M: +24.1%  YTD: +17.6%  | 3개월 +24% 상승 추세.
  ^SOX         12,626.22  1D:  -5.4%  1W:  -9.4%  1M:  -8.0%  3M: +76.8%  YTD: +69.6%  | 3개월 +77% 급등세. 1주 -9.4% 급락. 금일 -5.4% 급락.
  ^STOXX50E     6,360.47  1D:  +1.2%  1W:  +1.5%  1M:  +5.1%  3M: +14.3%  YTD:  +7.4%  | 3개월 +14% 상승 추세.
  ^TNX              4.37  1D:  -0.5%  1W:  -1.8%  1M:  -2.4%  3M:  -0.5%  YTD:  +4.4%  | 3개월 횡보 구간.
  ^VIX             15.81  1D:  -2.1%  1W: -14.1%  1M:  -1.6%  3M: -35.6%  YTD:  +6.1%  | 3개월 -36% 급락세. 1주 -14.1% 급락. 금일 -2.1% 하락.
======================================================================
2026-07-07 07:30:01,646 - INFO - Market group: US (Market Indicators)
2026-07-07 07:30:01,647 - INFO - Total indicators: 57
2026-07-07 07:30:01,647 - INFO - Downloading data for 57 indicators (period=6mo)...
2026-07-07 07:30:03,048 - INFO - Downloaded 182 days of data, 57 tickers
2026-07-07 07:30:03,054 - INFO - Computed returns for 57 indicators
2026-07-07 07:30:03,907 - INFO - Heatmap saved: /home/inhyuk/projects/dataScout/data_us/indicator_charts/heatmap_20260707.png
2026-07-07 07:30:04,504 - INFO - Category chart saved: /home/inhyuk/projects/dataScout/data_us/indicator_charts/chart_20260707_미국_지수.png
2026-07-07 07:30:04,792 - INFO - Category chart saved: /home/inhyuk/projects/dataScout/data_us/indicator_charts/chart_20260707_유럽_지수.png
2026-07-07 07:30:05,124 - INFO - Category chart saved: /home/inhyuk/projects/dataScout/data_us/indicator_charts/chart_20260707_global___region.png
2026-07-07 07:30:05,877 - INFO - Category chart saved: /home/inhyuk/projects/dataScout/data_us/indicator_charts/chart_20260707_sector_cyclical.png
2026-07-07 07:30:06,323 - INFO - Category chart saved: /home/inhyuk/projects/dataScout/data_us/indicator_charts/chart_20260707_sector_defensive.png
2026-07-07 07:30:06,761 - INFO - Category chart saved: /home/inhyuk/projects/dataScout/data_us/indicator_charts/chart_20260707_tech___semi___sw.png
2026-07-07 07:30:07,034 - INFO - Category chart saved: /home/inhyuk/projects/dataScout/data_us/indicator_charts/chart_20260707_lithium___resources.png
2026-07-07 07:30:07,788 - INFO - Category chart saved: /home/inhyuk/projects/dataScout/data_us/indicator_charts/chart_20260707_thematic.png
2026-07-07 07:30:08,542 - INFO - Category chart saved: /home/inhyuk/projects/dataScout/data_us/indicator_charts/chart_20260707_macro___safe_haven.png
2026-07-07 07:30:08,812 - INFO - Category chart saved: /home/inhyuk/projects/dataScout/data_us/indicator_charts/chart_20260707_individual.png
2026-07-07 07:30:08,812 - INFO - Sending heatmap to Telegram...
2026-07-07 07:30:12,663 - INFO - Heatmap: sent
2026-07-07 07:30:13,663 - INFO - Sending 미국 지수...
2026-07-07 07:30:16,635 - INFO -   미국 지수 sent.
2026-07-07 07:30:17,135 - INFO - Sending 유럽 지수...
2026-07-07 07:30:19,742 - INFO -   유럽 지수 sent.
2026-07-07 07:30:20,242 - INFO - Sending Global / Region...
2026-07-07 07:30:22,844 - INFO -   Global / Region sent.
2026-07-07 07:30:23,344 - INFO - Sending Sector Cyclical...
2026-07-07 07:30:26,472 - INFO -   Sector Cyclical sent.
2026-07-07 07:30:26,973 - INFO - Sending Sector Defensive...
2026-07-07 07:30:29,705 - INFO -   Sector Defensive sent.
2026-07-07 07:30:30,205 - INFO - Sending Tech / Semi / SW...
2026-07-07 07:30:32,998 - INFO -   Tech / Semi / SW sent.
2026-07-07 07:30:33,498 - INFO - Sending Lithium / Resources...
2026-07-07 07:30:36,125 - INFO -   Lithium / Resources sent.
2026-07-07 07:30:36,625 - INFO - Sending Thematic...
2026-07-07 07:30:52,272 - INFO -   Thematic sent.
2026-07-07 07:30:52,772 - INFO - Sending Macro / Safe Haven...
2026-07-07 07:30:55,616 - INFO -   Macro / Safe Haven sent.
2026-07-07 07:30:56,116 - INFO - Sending Individual...
2026-07-07 07:30:58,559 - INFO -   Individual sent.

======================================================================
Market Indicators Summary (20260707)
======================================================================
  ALB        $    133.80  1D:  -1.3%  1W:  +0.1%  1M: -20.3%  3M: -25.3%  YTD: -16.8%  | 3개월 -25% 급락세. 반등 시도 중.
  BIZD       $     12.45  1D:  -0.5%  1W:  +2.0%  1M:  +2.2%  3M:  +3.0%  YTD:  -5.6%  | 3개월 횡보 구간.
  BTC-USD    $ 64,172.54  1D:  +1.0%  1W:  +6.9%  1M:  -3.2%  3M: -18.4%  YTD: -31.5%  | 3개월 -18% 급락세. 반등 시도 중.
  CL=F             68.67  1D:  -0.0%  1W:  -0.8%  1M: -28.5%  3M: -32.3%  YTD: +20.2%  | 3개월 -32% 급락세.
  DRAM       $     64.76  1D:  +6.8%  1W:  -9.9%  1M:  -7.1%  3M:  +nan%  YTD:+133.3%  | 데이터 부족. 1주 -9.9% 급락. 금일 +6.8% 급등.
  EEM        $     67.57  1D:  +2.8%  1W:  +0.6%  1M:  -2.9%  3M: +19.6%  YTD: +19.5%  | 3개월 +20% 상승 추세. 금일 +2.8% 상승.
  EWJ        $     95.27  1D:  +2.3%  1W:  +2.7%  1M:  +2.0%  3M: +13.4%  YTD: +15.5%  | 3개월 +13% 상승 추세. 금일 +2.3% 상승.
  EZU        $     69.88  1D:  +1.0%  1W:  +3.2%  1M:  +3.8%  3M: +13.6%  YTD:  +8.6%  | 3개월 +14% 상승 추세.
  FXI        $     32.49  1D:  +1.8%  1W:  +2.8%  1M:  -7.9%  3M:  -8.8%  YTD: -16.7%  | 3개월 -9% 하락 추세. 반등 시도 중.
  GDX        $     78.74  1D:  +0.4%  1W:  +2.3%  1M:  -7.4%  3M: -14.2%  YTD: -13.5%  | 3개월 -14% 하락 추세. 반등 시도 중.
  GLD        $    382.13  1D:  +1.1%  1W:  +2.3%  1M:  -6.3%  3M: -11.2%  YTD:  -6.6%  | 3개월 -11% 하락 추세. 반등 시도 중.
  GRID       $    187.42  1D:  +1.8%  1W:  +1.2%  1M:  -4.5%  3M: +15.0%  YTD: +20.2%  | 3개월 +15% 상승 추세. 반등 시도 중.
  HG=F              6.26  1D:  +2.3%  1W:  +1.8%  1M:  -3.5%  3M: +11.9%  YTD:  +4.1%  | 3개월 +12% 상승 추세. 반등 시도 중. 금일 +2.3% 상승.
  HYDR       $     51.67  1D:  +2.4%  1W:  +8.9%  1M: -22.0%  3M: +43.7%  YTD: +49.8%  | 3개월 +44% 급등세. 반등 시도 중. 금일 +2.4% 상승.
  HYG        $     79.87  1D:  +0.2%  1W:  +0.5%  1M:  +0.7%  3M:  +1.9%  YTD:  +1.2%  | 3개월 횡보 구간.
  ICLN       $     20.12  1D:  +2.3%  1W:  +3.2%  1M: -12.6%  3M: +10.3%  YTD: +18.8%  | 3개월 +10% 상승 추세. 반등 시도 중. 금일 +2.3% 상승.
  ICLR       $    170.94  1D:  -1.2%  1W:  +0.6%  1M: +18.8%  3M: +54.5%  YTD: -15.8%  | 3개월 +54% 급등세.
  IGV        $     94.79  1D:  +1.3%  1W:  +7.5%  1M:  -5.4%  3M: +18.4%  YTD: -10.8%  | 3개월 +18% 상승 추세. 반등 시도 중.
  IHI        $     52.11  1D:  +0.4%  1W:  +2.1%  1M:  +7.5%  3M:  -2.2%  YTD: -18.8%  | 3개월 횡보 구간.
  ITB        $    101.31  1D:  -1.5%  1W:  -3.4%  1M:  +9.8%  3M: +12.1%  YTD:  +5.3%  | 3개월 +12% 상승 추세. 고점 후 조정.
  IYT        $     87.40  1D:  -0.7%  1W:  +0.3%  1M:  +4.8%  3M: +17.4%  YTD: +14.2%  | 3개월 +17% 상승 추세.
  JETS       $     33.34  1D:  +0.4%  1W:  +0.2%  1M: +19.8%  3M: +35.4%  YTD: +14.8%  | 3개월 +35% 급등세.
  KRW=X         1,529.82  1D:  -0.8%  1W:  -0.4%  1M:  -0.2%  3M:  +1.4%  YTD:  +5.8%  | 3개월 횡보 구간.
  LIT        $     76.17  1D:  -0.5%  1W:  +0.7%  1M:  -9.9%  3M:  +2.9%  YTD: +10.9%  | 3개월 횡보 구간. 반등 시도 중.
  MAGS       $     66.28  1D:  +1.8%  1W:  +7.6%  1M:  -3.1%  3M: +14.4%  YTD:  +0.6%  | 3개월 +14% 상승 추세. 반등 시도 중.
  MSTR       $    100.77  1D:  +0.0%  1W: +22.4%  1M: -20.4%  3M: -19.3%  YTD: -37.7%  | 3개월 -19% 급락세. 반등 시도 중.
  NTRA       $    283.80  1D:  +1.6%  1W:  +8.4%  1M: +34.0%  3M: +41.9%  YTD: +11.6%  | 3개월 +42% 급등세. 단기 강세 가속.
  PAVE       $     57.83  1D:  +1.2%  1W:  -1.5%  1M:  +1.1%  3M: +14.0%  YTD: +18.3%  | 3개월 +14% 상승 추세.
  ROBO       $     86.19  1D:  +3.4%  1W:  +5.1%  1M:  -3.8%  3M: +26.0%  YTD: +18.5%  | 3개월 +26% 상승 추세. 반등 시도 중. 금일 +3.4% 상승.
  RSP        $    215.00  1D:  +0.0%  1W:  +2.2%  1M:  +3.1%  3M: +12.5%  YTD: +11.3%  | 3개월 +12% 상승 추세.
  SHLD       $     64.84  1D:  +1.4%  1W: +11.4%  1M:  +2.7%  3M:  -8.2%  YTD:  -8.3%  | 3개월 -8% 하락 추세. 1주 +11.4% 급등.
  SLX        $    100.13  1D:  +2.0%  1W:  +1.0%  1M: -10.8%  3M:  +9.1%  YTD: +13.0%  | 3개월 횡보 구간. 반등 시도 중.
  SOXX       $    581.51  1D:  +2.7%  1W:  -1.4%  1M:  -5.5%  3M: +77.0%  YTD: +79.2%  | 3개월 +77% 급등세. 금일 +2.7% 상승.
  SQM        $     73.52  1D:  +1.1%  1W:  +2.7%  1M:  -6.4%  3M:  -8.1%  YTD:  -1.0%  | 3개월 -8% 하락 추세. 반등 시도 중.
  TLT        $     85.45  1D:  -0.1%  1W:  -1.8%  1M:  +0.5%  3M:  -0.3%  YTD:  -0.8%  | 3개월 횡보 구간.
  UFO        $     50.31  1D:  -0.7%  1W:  +9.1%  1M: -12.8%  3M: +12.4%  YTD: +20.0%  | 3개월 +12% 상승 추세. 반등 시도 중.
  URA        $     43.88  1D:  +1.5%  1W:  +0.7%  1M: -12.9%  3M:  -9.4%  YTD: -11.9%  | 3개월 -9% 하락 추세. 반등 시도 중.
  UUP        $     28.32  1D:  -0.1%  1W:  -0.5%  1M:  +1.7%  3M:  +1.9%  YTD:  +4.1%  | 3개월 횡보 구간.
  XBI        $    160.81  1D:  +0.2%  1W:  +3.5%  1M: +24.0%  3M: +26.0%  YTD: +27.3%  | 3개월 +26% 상승 추세. 단기 강세 가속.
  XLE        $     53.13  1D:  -0.2%  1W:  -1.3%  1M:  -8.9%  3M: -12.6%  YTD: +19.4%  | 3개월 -13% 하락 추세.
  XLF        $     56.14  1D:  +0.9%  1W:  +4.8%  1M: +10.7%  3M: +14.1%  YTD:  +1.8%  | 3개월 +14% 상승 추세. 단기 강세 가속.
  XLI        $    185.56  1D:  +0.9%  1W:  +2.4%  1M:  +6.9%  3M: +15.0%  YTD: +17.3%  | 3개월 +15% 상승 추세.
  XLP        $     84.10  1D:  -1.0%  1W:  -0.7%  1M:  +3.1%  3M:  +3.3%  YTD: +11.1%  | 3개월 횡보 구간.
  XLU        $     45.30  1D:  -1.0%  1W:  -1.9%  1M:  +4.3%  3M:  -0.7%  YTD:  +9.6%  | 3개월 횡보 구간.
  XLV        $    161.96  1D:  -1.1%  1W:  +1.0%  1M: +10.3%  3M: +11.0%  YTD:  +2.3%  | 3개월 +11% 상승 추세.
  XLY        $    118.01  1D:  +0.8%  1W:  +3.2%  1M:  +1.3%  3M:  +8.5%  YTD:  -2.0%  | 3개월 횡보 구간.
  XRT        $     87.62  1D:  -0.5%  1W:  -1.2%  1M:  +5.3%  3M:  +9.1%  YTD:  -0.2%  | 3개월 횡보 구간.
  ^DJI         53,055.91  1D:  +0.3%  1W:  +2.3%  1M:  +4.7%  3M: +14.5%  YTD:  +8.3%  | 3개월 +14% 상승 추세.
  ^FTSE        10,651.77  1D:  -0.3%  1W:  +1.6%  1M:  +2.7%  3M:  +4.7%  YTD:  +5.2%  | 3개월 횡보 구간.
  ^GDAXI       25,779.31  1D:  +0.8%  1W:  +4.5%  1M:  +3.3%  3M: +13.7%  YTD:  +3.6%  | 3개월 +14% 상승 추세.
  ^GSPC         7,537.43  1D:  +0.7%  1W:  +2.5%  1M:  -0.2%  3M: +15.5%  YTD:  +8.9%  | 3개월 +15% 상승 추세.
  ^IXIC        26,121.16  1D:  +1.1%  1W:  +3.3%  1M:  -2.7%  3M: +21.0%  YTD: +10.8%  | 3개월 +21% 상승 추세.
  ^RUT          3,009.54  1D:  +0.4%  1W:  -0.0%  1M:  +4.0%  3M: +20.6%  YTD: +16.9%  | 3개월 +21% 상승 추세.
  ^SOX         12,900.14  1D:  +2.2%  1W:  -2.3%  1M:  -7.3%  3M: +70.0%  YTD: +70.3%  | 3개월 +70% 급등세. 금일 +2.2% 상승.
  ^STOXX50E     6,412.68  1D:  +0.8%  1W:  +3.1%  1M:  +5.1%  3M: +16.5%  YTD:  +8.1%  | 3개월 +16% 상승 추세. 단기 강세 가속.
  ^TNX              4.48  1D:  -0.1%  1W:  +2.4%  1M:  -0.3%  3M:  +3.9%  YTD:  +7.2%  | 3개월 횡보 구간.
  ^VIX             15.57  1D:  -3.6%  1W: -15.4%  1M:  -3.1%  3M: -36.6%  YTD:  +5.6%  | 3개월 -37% 급락세. 1주 -15.4% 급락. 금일 -3.6% 하락.
======================================================================
2026-07-08 07:30:02,016 - INFO - Market group: US (Market Indicators)
2026-07-08 07:30:02,016 - INFO - Total indicators: 57
2026-07-08 07:30:02,016 - INFO - Downloading data for 57 indicators (period=6mo)...
2026-07-08 07:30:03,568 - INFO - Downloaded 182 days of data, 57 tickers
2026-07-08 07:30:03,574 - INFO - Computed returns for 57 indicators
2026-07-08 07:30:04,423 - INFO - Heatmap saved: /home/inhyuk/projects/dataScout/data_us/indicator_charts/heatmap_20260708.png
2026-07-08 07:30:05,026 - INFO - Category chart saved: /home/inhyuk/projects/dataScout/data_us/indicator_charts/chart_20260708_미국_지수.png
2026-07-08 07:30:05,312 - INFO - Category chart saved: /home/inhyuk/projects/dataScout/data_us/indicator_charts/chart_20260708_유럽_지수.png
2026-07-08 07:30:05,653 - INFO - Category chart saved: /home/inhyuk/projects/dataScout/data_us/indicator_charts/chart_20260708_global___region.png
2026-07-08 07:30:06,402 - INFO - Category chart saved: /home/inhyuk/projects/dataScout/data_us/indicator_charts/chart_20260708_sector_cyclical.png
2026-07-08 07:30:06,843 - INFO - Category chart saved: /home/inhyuk/projects/dataScout/data_us/indicator_charts/chart_20260708_sector_defensive.png
2026-07-08 07:30:07,282 - INFO - Category chart saved: /home/inhyuk/projects/dataScout/data_us/indicator_charts/chart_20260708_tech___semi___sw.png
2026-07-08 07:30:07,563 - INFO - Category chart saved: /home/inhyuk/projects/dataScout/data_us/indicator_charts/chart_20260708_lithium___resources.png
2026-07-08 07:30:08,310 - INFO - Category chart saved: /home/inhyuk/projects/dataScout/data_us/indicator_charts/chart_20260708_thematic.png
2026-07-08 07:30:09,057 - INFO - Category chart saved: /home/inhyuk/projects/dataScout/data_us/indicator_charts/chart_20260708_macro___safe_haven.png
2026-07-08 07:30:09,333 - INFO - Category chart saved: /home/inhyuk/projects/dataScout/data_us/indicator_charts/chart_20260708_individual.png
2026-07-08 07:30:09,333 - INFO - Sending heatmap to Telegram...
2026-07-08 07:30:13,240 - INFO - Heatmap: sent
2026-07-08 07:30:14,240 - INFO - Sending 미국 지수...
2026-07-08 07:30:17,002 - INFO -   미국 지수 sent.
2026-07-08 07:30:17,502 - INFO - Sending 유럽 지수...
2026-07-08 07:30:19,874 - INFO -   유럽 지수 sent.
2026-07-08 07:30:20,374 - INFO - Sending Global / Region...
2026-07-08 07:30:22,917 - INFO -   Global / Region sent.
2026-07-08 07:30:23,417 - INFO - Sending Sector Cyclical...
2026-07-08 07:30:48,990 - INFO -   Sector Cyclical sent.
2026-07-08 07:30:49,490 - INFO - Sending Sector Defensive...
2026-07-08 07:30:52,469 - INFO -   Sector Defensive sent.
2026-07-08 07:30:52,969 - INFO - Sending Tech / Semi / SW...
2026-07-08 07:30:55,599 - INFO -   Tech / Semi / SW sent.
2026-07-08 07:30:56,099 - INFO - Sending Lithium / Resources...
2026-07-08 07:30:58,518 - INFO -   Lithium / Resources sent.
2026-07-08 07:30:59,019 - INFO - Sending Thematic...
2026-07-08 07:31:02,754 - INFO -   Thematic sent.
2026-07-08 07:31:03,254 - INFO - Sending Macro / Safe Haven...
2026-07-08 07:31:06,158 - INFO -   Macro / Safe Haven sent.
2026-07-08 07:31:06,664 - INFO - Sending Individual...
2026-07-08 07:31:09,306 - INFO -   Individual sent.

======================================================================
Market Indicators Summary (20260708)
======================================================================
  ALB        $    129.02  1D:  -3.6%  1W:  -0.5%  1M: -21.9%  3M: -27.5%  YTD: -18.1%  | 3개월 -28% 급락세. 금일 -3.6% 하락.
  BIZD       $     12.37  1D:  -0.6%  1W:  -0.5%  1M:  -0.7%  3M:  +4.1%  YTD:  -9.0%  | 3개월 횡보 구간.
  BTC-USD    $ 63,423.33  1D:  -0.9%  1W:  +3.2%  1M:  -3.3%  3M: -19.2%  YTD: -30.5%  | 3개월 -19% 급락세. 반등 시도 중.
  CL=F             72.31  1D:  +5.5%  1W:  +2.2%  1M: -22.3%  3M: -27.8%  YTD: +29.1%  | 3개월 -28% 급락세. 반등 시도 중. 금일 +5.5% 급등.
  DRAM       $     60.59  1D:  -6.4%  1W: -15.8%  1M:  -7.8%  3M:  +nan%  YTD:+118.3%  | 데이터 부족. 1주 -15.8% 급락. 금일 -6.4% 급락.
  EEM        $     65.72  1D:  -2.7%  1W:  -2.5%  1M:  -4.4%  3M: +15.4%  YTD: +16.2%  | 3개월 +15% 상승 추세. 금일 -2.7% 하락.
  EWJ        $     93.07  1D:  -2.3%  1W:  -0.2%  1M:  -0.6%  3M:  +8.2%  YTD: +12.9%  | 3개월 횡보 구간. 금일 -2.3% 하락.
  EZU        $     68.84  1D:  -1.5%  1W:  +0.3%  1M:  +1.1%  3M: +10.3%  YTD:  +7.0%  | 3개월 +10% 상승 추세.
  FXI        $     32.49  1D:  +0.0%  1W:  +2.5%  1M:  -7.7%  3M:  -7.9%  YTD: -16.9%  | 3개월 -8% 하락 추세. 반등 시도 중.
  GDX        $     75.76  1D:  -3.8%  1W:  +0.1%  1M: -12.3%  3M: -21.1%  YTD: -17.2%  | 3개월 -21% 급락세. 반등 시도 중. 금일 -3.8% 하락.
  GLD        $    377.49  1D:  -1.2%  1W:  +2.4%  1M:  -8.2%  3M: -13.8%  YTD:  -8.3%  | 3개월 -14% 하락 추세. 반등 시도 중.
  GRID       $    182.37  1D:  -2.7%  1W:  -3.2%  1M:  -7.1%  3M:  +9.8%  YTD: +18.4%  | 3개월 횡보 구간. 금일 -2.7% 하락.
  HG=F              6.17  1D:  -0.1%  1W:  +1.2%  1M:  -5.2%  3M:  +9.8%  YTD:  +6.3%  | 3개월 횡보 구간. 반등 시도 중.
  HYDR       $     48.61  1D:  -5.9%  1W:  -3.2%  1M: -23.7%  3M: +34.3%  YTD: +38.5%  | 3개월 +34% 급등세. 금일 -5.9% 급락.
  HYG        $     79.76  1D:  -0.1%  1W:  +0.1%  1M:  +0.4%  3M:  +1.5%  YTD:  +1.0%  | 3개월 횡보 구간.
  ICLN       $     19.33  1D:  -3.9%  1W:  -2.8%  1M: -16.1%  3M:  +6.2%  YTD: +13.2%  | 3개월 횡보 구간. 금일 -3.9% 하락.
  ICLR       $    168.72  1D:  -1.3%  1W:  -2.5%  1M: +10.4%  3M: +51.4%  YTD: -10.4%  | 3개월 +51% 급등세.
  IGV        $     94.13  1D:  -0.7%  1W:  +4.7%  1M:  -5.9%  3M: +18.0%  YTD:  -9.9%  | 3개월 +18% 상승 추세. 반등 시도 중.
  IHI        $     52.25  1D:  +0.3%  1W:  +3.1%  1M:  +4.9%  3M:  -2.1%  YTD: -18.4%  | 3개월 횡보 구간.
  ITB        $     99.87  1D:  -1.4%  1W:  -3.9%  1M:  +7.1%  3M:  +9.9%  YTD:  -0.4%  | 3개월 횡보 구간. 고점 후 조정.
  IYT        $     87.17  1D:  -0.3%  1W:  -0.5%  1M:  +3.5%  3M: +16.0%  YTD: +12.5%  | 3개월 +16% 상승 추세.
  JETS       $     32.51  1D:  -2.5%  1W:  -1.7%  1M: +16.1%  3M: +28.7%  YTD: +12.1%  | 3개월 +29% 상승 추세. 금일 -2.5% 하락.
  KRW=X         1,514.79  1D:  -1.1%  1W:  -1.7%  1M:  -2.6%  3M:  +0.5%  YTD:  +4.8%  | 3개월 횡보 구간.
  LIT        $     73.80  1D:  -3.1%  1W:  -4.5%  1M: -11.0%  3M:  -0.4%  YTD:  +8.9%  | 3개월 횡보 구간. 금일 -3.1% 하락.
  MAGS       $     66.24  1D:  -0.1%  1W:  +4.3%  1M:  -4.2%  3M: +12.9%  YTD:  +0.5%  | 3개월 +13% 상승 추세. 반등 시도 중.
  MSTR       $     97.36  1D:  -3.4%  1W:  +5.0%  1M: -24.7%  3M: -20.7%  YTD: -41.7%  | 3개월 -21% 급락세. 반등 시도 중. 금일 -3.4% 하락.
  NTRA       $    281.27  1D:  -0.9%  1W:  +3.3%  1M: +26.6%  3M: +38.4%  YTD: +17.4%  | 3개월 +38% 급등세. 단기 강세 가속.
  PAVE       $     56.44  1D:  -2.4%  1W:  -3.7%  1M:  -1.9%  3M:  +9.4%  YTD: +14.5%  | 3개월 횡보 구간. 금일 -2.4% 하락.
  ROBO       $     81.92  1D:  -5.0%  1W:  -1.8%  1M:  -7.5%  3M: +16.8%  YTD: +12.7%  | 3개월 +17% 상승 추세. 금일 -5.0% 하락.
  RSP        $    214.73  1D:  -0.1%  1W:  +0.8%  1M:  +2.2%  3M: +12.0%  YTD: +10.2%  | 3개월 +12% 상승 추세.
  SHLD       $     63.79  1D:  -1.6%  1W:  +8.7%  1M:  -0.5%  3M: -12.9%  YTD: -12.3%  | 3개월 -13% 하락 추세. 1주 +8.7% 급등.
  SLX        $     98.43  1D:  -1.7%  1W:  -0.8%  1M: -11.9%  3M:  +5.6%  YTD: +11.5%  | 3개월 횡보 구간.
  SOXX       $    551.69  1D:  -5.1%  1W: -10.2%  1M:  -8.4%  3M: +63.0%  YTD: +72.8%  | 3개월 +63% 급등세. 1주 -10.2% 급락. 금일 -5.1% 급락.
  SQM        $     73.40  1D:  -0.2%  1W:  +5.1%  1M:  -5.5%  3M:  -9.3%  YTD:  +0.2%  | 3개월 -9% 하락 추세. 반등 시도 중.
  TLT        $     84.55  1D:  -1.1%  1W:  -3.0%  1M:  -0.7%  3M:  -1.3%  YTD:  -1.4%  | 3개월 횡보 구간.
  UFO        $     48.49  1D:  -3.6%  1W:  -1.4%  1M: -18.2%  3M:  +5.0%  YTD: +12.9%  | 3개월 횡보 구간. 금일 -3.6% 하락.
  URA        $     41.75  1D:  -4.9%  1W:  -5.0%  1M: -17.0%  3M: -15.2%  YTD: -15.7%  | 3개월 -15% 급락세. 금일 -4.9% 하락.
  UUP        $     28.40  1D:  +0.3%  1W:  +0.1%  1M:  +2.0%  3M:  +2.4%  YTD:  +4.1%  | 3개월 횡보 구간.
  XBI        $    163.87  1D:  +1.9%  1W:  +3.5%  1M: +22.9%  3M: +27.6%  YTD: +32.6%  | 3개월 +28% 상승 추세. 단기 강세 가속.
  XLE        $     54.64  1D:  +2.8%  1W:  +2.0%  1M:  -6.3%  3M:  -6.7%  YTD: +19.0%  | 3개월 -7% 하락 추세. 반등 시도 중. 금일 +2.8% 상승.
  XLF        $     56.05  1D:  -0.2%  1W:  +4.3%  1M:  +7.8%  3M: +13.8%  YTD:  +1.1%  | 3개월 +14% 상승 추세. 단기 강세 가속.
  XLI        $    182.38  1D:  -1.7%  1W:  -0.2%  1M:  +3.8%  3M: +11.2%  YTD: +14.5%  | 3개월 +11% 상승 추세.
  XLP        $     84.86  1D:  +0.9%  1W:  +0.6%  1M:  +4.2%  3M:  +4.9%  YTD:  +9.5%  | 3개월 횡보 구간.
  XLU        $     45.70  1D:  +0.9%  1W:  -0.7%  1M:  +4.7%  3M:  -0.3%  YTD: +10.3%  | 3개월 횡보 구간.
  XLV        $    164.44  1D:  +1.5%  1W:  +2.3%  1M:  +8.6%  3M: +11.8%  YTD:  +4.9%  | 3개월 +12% 상승 추세.
  XLY        $    117.39  1D:  -0.5%  1W:  +0.2%  1M:  +0.3%  3M:  +7.1%  YTD:  -4.1%  | 3개월 횡보 구간.
  XRT        $     87.17  1D:  -0.5%  1W:  -0.9%  1M:  +4.6%  3M:  +8.4%  YTD:  -2.5%  | 3개월 횡보 구간.
  ^DJI         52,925.15  1D:  -0.2%  1W:  +1.4%  1M:  +2.6%  3M: +13.7%  YTD:  +7.4%  | 3개월 +14% 상승 추세.
  ^FTSE        10,665.88  1D:  +0.1%  1W:  +1.6%  1M:  +2.8%  3M:  +2.9%  YTD:  +6.1%  | 3개월 횡보 구간.
  ^GDAXI       25,817.89  1D:  +0.1%  1W:  +4.8%  1M:  +4.3%  3M: +10.8%  YTD:  +2.8%  | 3개월 +11% 상승 추세.
  ^GSPC         7,503.85  1D:  -0.4%  1W:  +0.9%  1M:  -1.1%  3M: +14.1%  YTD:  +8.4%  | 3개월 +14% 상승 추세.
  ^IXIC        25,818.69  1D:  -1.2%  1W:  -0.0%  1M:  -3.8%  3M: +18.2%  YTD: +10.0%  | 3개월 +18% 상승 추세.
  ^RUT          2,982.49  1D:  -0.9%  1W:  -0.9%  1M:  +1.6%  3M: +18.7%  YTD: +14.5%  | 3개월 +19% 상승 추세.
  ^SOX         12,300.52  1D:  -4.6%  1W: -10.3%  1M:  -9.7%  3M: +57.7%  YTD: +65.4%  | 3개월 +58% 급등세. 1주 -10.3% 급락. 금일 -4.6% 하락.
  ^STOXX50E     6,398.01  1D:  -0.2%  1W:  +2.7%  1M:  +5.5%  3M: +15.5%  YTD:  +8.0%  | 3개월 +15% 상승 추세.
  ^TNX              4.53  1D:  +1.0%  1W:  +3.6%  1M:  +0.8%  3M:  +5.1%  YTD:  +9.4%  | 3개월 횡보 구간.
  ^VIX             16.13  1D:  +3.6%  1W:  -8.6%  1M:  +4.7%  3M: -34.3%  YTD:  +4.4%  | 3개월 -34% 급락세. 고점 후 조정. 금일 +3.6% 상승.
======================================================================
2026-07-09 07:30:01,904 - INFO - Market group: US (Market Indicators)
2026-07-09 07:30:01,904 - INFO - Total indicators: 57
2026-07-09 07:30:01,904 - INFO - Downloading data for 57 indicators (period=6mo)...
2026-07-09 07:30:03,456 - INFO - Downloaded 182 days of data, 57 tickers
2026-07-09 07:30:03,461 - INFO - Computed returns for 57 indicators
2026-07-09 07:30:04,273 - INFO - Heatmap saved: /home/inhyuk/projects/dataScout/data_us/indicator_charts/heatmap_20260709.png
2026-07-09 07:30:04,850 - INFO - Category chart saved: /home/inhyuk/projects/dataScout/data_us/indicator_charts/chart_20260709_미국_지수.png
2026-07-09 07:30:05,126 - INFO - Category chart saved: /home/inhyuk/projects/dataScout/data_us/indicator_charts/chart_20260709_유럽_지수.png
2026-07-09 07:30:05,453 - INFO - Category chart saved: /home/inhyuk/projects/dataScout/data_us/indicator_charts/chart_20260709_global___region.png
2026-07-09 07:30:06,183 - INFO - Category chart saved: /home/inhyuk/projects/dataScout/data_us/indicator_charts/chart_20260709_sector_cyclical.png
2026-07-09 07:30:06,618 - INFO - Category chart saved: /home/inhyuk/projects/dataScout/data_us/indicator_charts/chart_20260709_sector_defensive.png
2026-07-09 07:30:07,034 - INFO - Category chart saved: /home/inhyuk/projects/dataScout/data_us/indicator_charts/chart_20260709_tech___semi___sw.png
2026-07-09 07:30:07,308 - INFO - Category chart saved: /home/inhyuk/projects/dataScout/data_us/indicator_charts/chart_20260709_lithium___resources.png
2026-07-09 07:30:08,041 - INFO - Category chart saved: /home/inhyuk/projects/dataScout/data_us/indicator_charts/chart_20260709_thematic.png
2026-07-09 07:30:08,776 - INFO - Category chart saved: /home/inhyuk/projects/dataScout/data_us/indicator_charts/chart_20260709_macro___safe_haven.png
2026-07-09 07:30:09,044 - INFO - Category chart saved: /home/inhyuk/projects/dataScout/data_us/indicator_charts/chart_20260709_individual.png
2026-07-09 07:30:09,044 - INFO - Sending heatmap to Telegram...
2026-07-09 07:30:13,089 - INFO - Heatmap: sent
2026-07-09 07:30:14,089 - INFO - Sending 미국 지수...
2026-07-09 07:30:17,419 - INFO -   미국 지수 sent.
2026-07-09 07:30:17,919 - INFO - Sending 유럽 지수...
2026-07-09 07:30:20,339 - INFO -   유럽 지수 sent.
2026-07-09 07:30:20,839 - INFO - Sending Global / Region...
2026-07-09 07:30:24,202 - INFO -   Global / Region sent.
2026-07-09 07:30:24,702 - INFO - Sending Sector Cyclical...
2026-07-09 07:30:27,495 - INFO -   Sector Cyclical sent.
2026-07-09 07:30:27,995 - INFO - Sending Sector Defensive...
2026-07-09 07:30:30,848 - INFO -   Sector Defensive sent.
2026-07-09 07:30:31,348 - INFO - Sending Tech / Semi / SW...
2026-07-09 07:30:33,923 - INFO -   Tech / Semi / SW sent.
2026-07-09 07:30:34,423 - INFO - Sending Lithium / Resources...
2026-07-09 07:30:36,923 - INFO -   Lithium / Resources sent.
2026-07-09 07:30:37,423 - INFO - Sending Thematic...
2026-07-09 07:30:40,320 - INFO -   Thematic sent.
2026-07-09 07:30:40,820 - INFO - Sending Macro / Safe Haven...
2026-07-09 07:30:43,654 - INFO -   Macro / Safe Haven sent.
2026-07-09 07:30:44,154 - INFO - Sending Individual...
2026-07-09 07:30:46,600 - INFO -   Individual sent.

======================================================================
Market Indicators Summary (20260709)
======================================================================
  ALB        $    129.38  1D:  +0.3%  1W:  -4.2%  1M: -16.6%  3M: -27.2%  YTD: -19.4%  | 3개월 -27% 급락세.
  BIZD       $     12.32  1D:  -0.4%  1W:  -0.8%  1M:  +0.5%  3M:  +1.5%  YTD:  -9.0%  | 3개월 횡보 구간.
  BTC-USD    $ 62,254.00  1D:  -1.6%  1W:  -0.5%  1M:  -3.4%  3M: -22.0%  YTD: -31.6%  | 3개월 -22% 급락세.
  CL=F             74.63  1D:  +5.9%  1W:  +7.4%  1M: -17.6%  3M: -33.1%  YTD: +29.2%  | 3개월 -33% 급락세. 반등 시도 중. 금일 +5.9% 급등.
  DRAM       $     62.04  1D:  +2.4%  1W: -16.0%  1M: +11.2%  3M:+123.5%  YTD:+123.5%  | 3개월 +123% 급등세. 고점 후 조정. 금일 +2.4% 상승.
  EEM        $     66.23  1D:  +0.8%  1W:  -3.2%  1M:  +3.1%  3M: +17.6%  YTD: +16.5%  | 3개월 +18% 상승 추세. 고점 후 조정.
  EWJ        $     92.54  1D:  -0.6%  1W:  -0.8%  1M:  +2.6%  3M:  +9.1%  YTD: +10.0%  | 3개월 횡보 구간.
  EZU        $     68.19  1D:  -0.9%  1W:  -1.9%  1M:  +2.6%  3M: +10.0%  YTD:  +5.3%  | 3개월 횡보 구간.
  FXI        $     33.44  1D:  +2.9%  1W:  +5.9%  1M:  -3.0%  3M:  -5.3%  YTD: -14.4%  | 3개월 -5% 하락 추세. 반등 시도 중. 금일 +2.9% 상승.
  GDX        $     73.53  1D:  -2.9%  1W:  -2.5%  1M:  -6.7%  3M: -22.3%  YTD: -20.6%  | 3개월 -22% 급락세. 금일 -2.9% 하락.
  GLD        $    374.45  1D:  -0.8%  1W:  +1.6%  1M:  -5.5%  3M: -12.8%  YTD:  -9.7%  | 3개월 -13% 하락 추세. 반등 시도 중.
  GRID       $    182.52  1D:  +0.1%  1W:  -4.8%  1M:  -2.3%  3M: +10.5%  YTD: +17.5%  | 3개월 +10% 상승 추세.
  HG=F              6.12  1D:  -0.8%  1W:  -1.1%  1M:  -2.3%  3M: +10.0%  YTD:  +6.5%  | 3개월 +10% 상승 추세.
  HYDR       $     46.40  1D:  -4.5%  1W: -12.6%  1M: -18.7%  3M: +27.2%  YTD: +30.0%  | 3개월 +27% 상승 추세. 1주 -12.6% 급락. 금일 -4.5% 하락.
  HYG        $     79.66  1D:  -0.1%  1W:  +0.1%  1M:  +0.8%  3M:  +1.1%  YTD:  +0.8%  | 3개월 횡보 구간.
  ICLN       $     19.05  1D:  -1.4%  1W:  -7.0%  1M: -10.4%  3M:  +5.8%  YTD: +10.3%  | 3개월 횡보 구간. 1주 -7.0% 급락.
  ICLR       $    165.47  1D:  -1.9%  1W:  -4.7%  1M: +10.7%  3M: +44.9%  YTD:  -8.8%  | 3개월 +45% 급등세. 고점 후 조정.
  IGV        $     92.48  1D:  -1.8%  1W:  +2.1%  1M:  -3.5%  3M: +15.1%  YTD: -11.9%  | 3개월 +15% 상승 추세. 반등 시도 중.
  IHI        $     51.26  1D:  -1.9%  1W:  +3.7%  1M:  +2.5%  3M:  -3.6%  YTD: -19.6%  | 3개월 횡보 구간.
  ITB        $     95.91  1D:  -4.0%  1W:  -8.2%  1M:  +3.4%  3M:  +6.4%  YTD: -10.0%  | 3개월 횡보 구간. 고점 후 조정. 금일 -4.0% 하락.
  IYT        $     86.59  1D:  -0.7%  1W:  -0.2%  1M:  +2.5%  3M: +15.2%  YTD: +11.6%  | 3개월 +15% 상승 추세.
  JETS       $     31.79  1D:  -2.2%  1W:  -4.3%  1M: +13.8%  3M: +27.5%  YTD:  +7.9%  | 3개월 +28% 상승 추세. 고점 후 조정. 금일 -2.2% 하락.
  KRW=X         1,505.57  1D:  -1.5%  1W:  -2.8%  1M:  -1.5%  3M:  +0.4%  YTD:  +4.1%  | 3개월 횡보 구간.
  LIT        $     72.12  1D:  -2.3%  1W:  -7.9%  1M:  -7.5%  3M:  -2.3%  YTD:  +6.2%  | 3개월 횡보 구간. 1주 -7.9% 급락. 금일 -2.3% 하락.
  MAGS       $     65.79  1D:  -0.7%  1W:  +2.3%  1M:  -1.1%  3M: +12.9%  YTD:  -0.9%  | 3개월 +13% 상승 추세.
  MSTR       $     93.87  1D:  -3.6%  1W:  +8.0%  1M: -22.1%  3M: -21.7%  YTD: -40.3%  | 3개월 -22% 급락세. 반등 시도 중. 금일 -3.6% 하락.
  NTRA       $    274.39  1D:  -2.4%  1W:  +1.1%  1M: +27.4%  3M: +31.9%  YTD: +17.1%  | 3개월 +32% 급등세. 금일 -2.4% 하락.
  PAVE       $     56.04  1D:  -0.7%  1W:  -4.9%  1M:  -1.0%  3M:  +9.4%  YTD: +12.0%  | 3개월 횡보 구간.
  ROBO       $     81.01  1D:  -1.1%  1W:  -5.4%  1M:  -2.8%  3M: +17.0%  YTD: +10.7%  | 3개월 +17% 상승 추세. 1주 -5.4% 급락.
  RSP        $    212.20  1D:  -1.2%  1W:  -0.3%  1M:  +2.5%  3M: +10.3%  YTD:  +8.3%  | 3개월 +10% 상승 추세.
  SHLD       $     62.67  1D:  -1.8%  1W:  +5.0%  1M:  -0.3%  3M: -15.0%  YTD: -16.3%  | 3개월 -15% 하락 추세.
  SLX        $     97.33  1D:  -1.1%  1W:  -1.1%  1M:  -8.8%  3M:  +5.2%  YTD: +11.0%  | 3개월 횡보 구간.
  SOXX       $    562.03  1D:  +1.9%  1W: -12.3%  1M:  +4.2%  3M: +65.6%  YTD: +71.1%  | 3개월 +66% 급등세. 고점 후 조정.
  SQM        $     74.43  1D:  +1.4%  1W:  +0.5%  1M:  -1.3%  3M:  -9.5%  YTD:  +1.2%  | 3개월 -10% 하락 추세.
  TLT        $     84.36  1D:  -0.2%  1W:  -2.0%  1M:  -0.5%  3M:  -2.1%  YTD:  -2.3%  | 3개월 횡보 구간.
  UFO        $     47.67  1D:  -1.7%  1W:  -5.9%  1M: -12.8%  3M:  -2.9%  YTD:  +8.8%  | 3개월 횡보 구간. 1주 -5.9% 급락.
  URA        $     41.66  1D:  -0.2%  1W:  -4.7%  1M:  -8.1%  3M: -14.8%  YTD: -17.2%  | 3개월 -15% 하락 추세.
  UUP        $     28.36  1D:  -0.1%  1W:  -0.2%  1M:  +1.2%  3M:  +1.8%  YTD:  +3.8%  | 3개월 횡보 구간.
  XBI        $    162.97  1D:  -0.5%  1W:  +3.0%  1M: +26.8%  3M: +26.5%  YTD: +31.0%  | 3개월 +26% 상승 추세.
  XLE        $     55.60  1D:  +1.8%  1W:  +4.7%  1M:  -2.9%  3M:  -5.5%  YTD: +20.8%  | 3개월 -5% 하락 추세.
  XLF        $     54.97  1D:  -1.9%  1W:  +2.5%  1M:  +5.5%  3M: +11.4%  YTD:  -0.5%  | 3개월 +11% 상승 추세.
  XLI        $    180.42  1D:  -1.1%  1W:  -2.6%  1M:  +3.8%  3M: +10.4%  YTD: +12.0%  | 3개월 +10% 상승 추세.
  XLP        $     84.39  1D:  -0.6%  1W:  +1.6%  1M:  +1.8%  3M:  +3.8%  YTD:  +7.8%  | 3개월 횡보 구간.
  XLU        $     45.36  1D:  -0.7%  1W:  +0.0%  1M:  +2.9%  3M:  -1.5%  YTD:  +8.1%  | 3개월 횡보 구간.
  XLV        $    162.30  1D:  -1.3%  1W:  +2.3%  1M:  +6.5%  3M: +11.0%  YTD:  +4.1%  | 3개월 +11% 상승 추세.
  XLY        $    115.30  1D:  -1.8%  1W:  -1.7%  1M:  +0.6%  3M:  +6.8%  YTD:  -7.0%  | 3개월 횡보 구간.
  XRT        $     86.00  1D:  -1.3%  1W:  -2.0%  1M:  +4.3%  3M:  +7.1%  YTD:  -4.1%  | 3개월 횡보 구간.
  ^DJI         52,348.39  1D:  -1.1%  1W:  +0.1%  1M:  +2.9%  3M: +12.6%  YTD:  +5.7%  | 3개월 +13% 상승 추세.
  ^FTSE        10,489.04  1D:  -1.7%  1W:  +0.1%  1M:  +2.6%  3M:  +0.5%  YTD:  +4.4%  | 3개월 횡보 구간.
  ^GDAXI       25,465.25  1D:  -1.4%  1W:  +1.9%  1M:  +3.4%  3M:  +9.9%  YTD:  +1.3%  | 3개월 횡보 구간.
  ^GSPC         7,482.71  1D:  -0.3%  1W:  -0.2%  1M:  +1.3%  3M: +13.7%  YTD:  +7.4%  | 3개월 +14% 상승 추세.
  ^IXIC        25,870.65  1D:  +0.2%  1W:  -1.3%  1M:  +0.6%  3M: +18.2%  YTD:  +9.3%  | 3개월 +18% 상승 추세.
  ^RUT          2,956.39  1D:  -0.9%  1W:  -2.2%  1M:  +4.3%  3M: +16.9%  YTD: +12.7%  | 3개월 +17% 상승 추세.
  ^SOX         12,574.97  1D:  +2.2%  1W: -11.7%  1M:  +2.9%  3M: +60.5%  YTD: +64.6%  | 3개월 +61% 급등세. 1주 -11.7% 급락. 금일 +2.2% 상승.
  ^STOXX50E     6,319.86  1D:  -1.2%  1W:  -0.1%  1M:  +4.2%  3M: +13.5%  YTD:  +7.0%  | 3개월 +13% 상승 추세.
  ^TNX              4.57  1D:  +0.9%  1W:  +4.5%  1M:  +2.1%  3M:  +5.8%  YTD:  +9.2%  | 3개월 횡보 구간.
  ^VIX             16.90  1D:  +4.8%  1W:  +2.7%  1M: -21.4%  3M: -30.1%  YTD:  +9.4%  | 3개월 -30% 급락세. 반등 시도 중. 금일 +4.8% 상승.
======================================================================
2026-07-10 07:30:02,271 - INFO - Market group: US (Market Indicators)
2026-07-10 07:30:02,278 - INFO - Total indicators: 57
2026-07-10 07:30:02,278 - INFO - Downloading data for 57 indicators (period=6mo)...
2026-07-10 07:30:03,870 - INFO - Downloaded 182 days of data, 57 tickers
2026-07-10 07:30:03,876 - INFO - Computed returns for 57 indicators
2026-07-10 07:30:04,703 - INFO - Heatmap saved: /home/inhyuk/projects/dataScout/data_us/indicator_charts/heatmap_20260710.png
2026-07-10 07:30:05,293 - INFO - Category chart saved: /home/inhyuk/projects/dataScout/data_us/indicator_charts/chart_20260710_미국_지수.png
2026-07-10 07:30:05,586 - INFO - Category chart saved: /home/inhyuk/projects/dataScout/data_us/indicator_charts/chart_20260710_유럽_지수.png
2026-07-10 07:30:05,907 - INFO - Category chart saved: /home/inhyuk/projects/dataScout/data_us/indicator_charts/chart_20260710_global___region.png
2026-07-10 07:30:06,631 - INFO - Category chart saved: /home/inhyuk/projects/dataScout/data_us/indicator_charts/chart_20260710_sector_cyclical.png
2026-07-10 07:30:07,062 - INFO - Category chart saved: /home/inhyuk/projects/dataScout/data_us/indicator_charts/chart_20260710_sector_defensive.png
2026-07-10 07:30:07,475 - INFO - Category chart saved: /home/inhyuk/projects/dataScout/data_us/indicator_charts/chart_20260710_tech___semi___sw.png
2026-07-10 07:30:07,740 - INFO - Category chart saved: /home/inhyuk/projects/dataScout/data_us/indicator_charts/chart_20260710_lithium___resources.png
2026-07-10 07:30:08,472 - INFO - Category chart saved: /home/inhyuk/projects/dataScout/data_us/indicator_charts/chart_20260710_thematic.png
2026-07-10 07:30:09,187 - INFO - Category chart saved: /home/inhyuk/projects/dataScout/data_us/indicator_charts/chart_20260710_macro___safe_haven.png
2026-07-10 07:30:09,453 - INFO - Category chart saved: /home/inhyuk/projects/dataScout/data_us/indicator_charts/chart_20260710_individual.png
2026-07-10 07:30:09,453 - INFO - Sending heatmap to Telegram...
2026-07-10 07:30:13,450 - INFO - Heatmap: sent
2026-07-10 07:30:14,450 - INFO - Sending 미국 지수...
2026-07-10 07:30:17,361 - INFO -   미국 지수 sent.
2026-07-10 07:30:17,861 - INFO - Sending 유럽 지수...
2026-07-10 07:30:20,407 - INFO -   유럽 지수 sent.
2026-07-10 07:30:20,907 - INFO - Sending Global / Region...
2026-07-10 07:30:23,470 - INFO -   Global / Region sent.
2026-07-10 07:30:23,970 - INFO - Sending Sector Cyclical...
2026-07-10 07:30:26,795 - INFO -   Sector Cyclical sent.
2026-07-10 07:30:27,295 - INFO - Sending Sector Defensive...
2026-07-10 07:30:30,159 - INFO -   Sector Defensive sent.
2026-07-10 07:30:30,659 - INFO - Sending Tech / Semi / SW...
2026-07-10 07:30:33,373 - INFO -   Tech / Semi / SW sent.
2026-07-10 07:30:33,873 - INFO - Sending Lithium / Resources...
2026-07-10 07:30:36,393 - INFO -   Lithium / Resources sent.
2026-07-10 07:30:36,894 - INFO - Sending Thematic...
2026-07-10 07:30:39,734 - INFO -   Thematic sent.
2026-07-10 07:30:40,234 - INFO - Sending Macro / Safe Haven...
2026-07-10 07:30:43,450 - INFO -   Macro / Safe Haven sent.
2026-07-10 07:30:43,950 - INFO - Sending Individual...
2026-07-10 07:30:46,389 - INFO -   Individual sent.

======================================================================
Market Indicators Summary (20260710)
======================================================================
  ALB        $    128.42  1D:  -0.7%  1W:  -5.6%  1M: -14.1%  3M: -25.6%  YTD: -23.8%  | 3개월 -26% 급락세. 1주 -5.6% 급락.
  BIZD       $     12.28  1D:  -0.3%  1W:  -2.1%  1M:  +0.5%  3M:  -0.1%  YTD:  -9.2%  | 3개월 횡보 구간.
  BTC-USD    $ 63,293.52  1D:  +1.7%  1W:  +0.3%  1M:  +0.6%  3M: -21.8%  YTD: -30.1%  | 3개월 -22% 급락세.
  CL=F             71.80  1D:  -2.3%  1W:  +4.7%  1M: -21.4%  3M: -36.1%  YTD: +21.4%  | 3개월 -36% 급락세. 반등 시도 중. 금일 -2.3% 하락.
  DRAM       $     64.36  1D:  +3.7%  1W:  -2.3%  1M:  +6.3%  3M:+120.7%  YTD:+131.8%  | 3개월 +121% 급등세. 금일 +3.7% 상승.
  EEM        $     66.78  1D:  +0.8%  1W:  +0.5%  1M:  +2.1%  3M: +17.5%  YTD: +15.9%  | 3개월 +18% 상승 추세.
  EWJ        $     93.52  1D:  +1.1%  1W:  +0.5%  1M:  +2.3%  3M:  +9.9%  YTD: +10.2%  | 3개월 횡보 구간.
  EZU        $     68.51  1D:  +0.5%  1W:  +0.2%  1M:  +2.4%  3M:  +9.7%  YTD:  +5.1%  | 3개월 횡보 구간.
  FXI        $     33.41  1D:  -0.1%  1W:  +4.5%  1M:  -2.9%  3M:  -5.3%  YTD: -17.2%  | 3개월 -5% 하락 추세.
  GDX        $     75.78  1D:  +3.1%  1W:  +0.9%  1M:  -3.7%  3M: -19.2%  YTD: -20.8%  | 3개월 -19% 급락세. 반등 시도 중. 금일 +3.1% 상승.
  GLD        $    378.18  1D:  +1.0%  1W:  +2.0%  1M:  -4.8%  3M: -11.6%  YTD: -10.4%  | 3개월 -12% 하락 추세. 반등 시도 중.
  GRID       $    184.17  1D:  +0.9%  1W:  -1.6%  1M:  -2.3%  3M: +10.9%  YTD: +17.9%  | 3개월 +11% 상승 추세.
  HG=F              6.25  1D:  +3.2%  1W:  +2.0%  1M:  -1.3%  3M: +11.9%  YTD:  +6.7%  | 3개월 +12% 상승 추세. 금일 +3.2% 상승.
  HYDR       $     46.71  1D:  +0.7%  1W: -10.8%  1M: -18.0%  3M: +25.7%  YTD: +28.0%  | 3개월 +26% 상승 추세. 1주 -10.8% 급락.
  HYG        $     79.75  1D:  +0.1%  1W:  +0.2%  1M:  +0.7%  3M:  +1.1%  YTD:  +0.9%  | 3개월 횡보 구간.
  ICLN       $     19.33  1D:  +1.5%  1W:  -4.2%  1M:  -7.7%  3M:  +8.3%  YTD: +10.4%  | 3개월 횡보 구간.
  ICLR       $    168.77  1D:  +2.0%  1W:  -3.6%  1M: +10.9%  3M: +54.0%  YTD:  -6.3%  | 3개월 +54% 급등세. 고점 후 조정.
  IGV        $     93.88  1D:  +1.5%  1W:  +0.6%  1M:  -1.8%  3M: +16.7%  YTD: -10.9%  | 3개월 +17% 상승 추세.
  IHI        $     51.28  1D:  +0.0%  1W:  +2.6%  1M:  +3.0%  3M:  -3.6%  YTD: -18.7%  | 3개월 횡보 구간.
  ITB        $     96.89  1D:  +1.0%  1W:  -5.1%  1M:  +4.9%  3M:  +6.2%  YTD:  -9.9%  | 3개월 횡보 구간. 고점 후 조정.
  IYT        $     88.18  1D:  +1.8%  1W:  +0.7%  1M:  +4.2%  3M: +16.7%  YTD: +14.0%  | 3개월 +17% 상승 추세.
  JETS       $     32.41  1D:  +2.0%  1W:  -2.5%  1M: +17.0%  3M: +29.7%  YTD: +10.8%  | 3개월 +30% 상승 추세.
  KRW=X         1,506.48  1D:  -0.9%  1W:  -2.9%  1M:  -1.3%  3M:  +2.0%  YTD:  +3.9%  | 3개월 횡보 구간.
  LIT        $     72.82  1D:  +1.0%  1W:  -6.6%  1M:  -5.1%  3M:  +0.0%  YTD:  +4.5%  | 3개월 횡보 구간. 1주 -6.6% 급락.
  MAGS       $     66.76  1D:  +1.5%  1W:  +1.4%  1M:  +0.3%  3M: +14.4%  YTD:  +0.7%  | 3개월 +14% 상승 추세.
  MSTR       $     93.89  1D:  +0.0%  1W:  +0.5%  1M: -26.2%  3M: -26.5%  YTD: -42.1%  | 3개월 -26% 급락세. 반등 시도 중.
  NTRA       $    281.85  1D:  +2.7%  1W:  +2.0%  1M: +32.0%  3M: +37.6%  YTD: +19.7%  | 3개월 +38% 급등세. 금일 +2.7% 상승.
  PAVE       $     56.42  1D:  +0.7%  1W:  -2.2%  1M:  +0.0%  3M:  +9.9%  YTD: +12.0%  | 3개월 횡보 구간.
  ROBO       $     82.59  1D:  +2.0%  1W:  -3.3%  1M:  -2.1%  3M: +18.2%  YTD: +12.1%  | 3개월 +18% 상승 추세.
  RSP        $    213.50  1D:  +0.6%  1W:  +0.0%  1M:  +3.2%  3M: +10.5%  YTD:  +8.8%  | 3개월 +11% 상승 추세.
  SHLD       $     61.46  1D:  -1.9%  1W:  +0.4%  1M:  -2.2%  3M: -17.5%  YTD: -19.2%  | 3개월 -18% 급락세.
  SLX        $     97.09  1D:  -0.2%  1W:  +0.2%  1M:  -8.7%  3M:  +4.8%  YTD:  +9.8%  | 3개월 횡보 구간. 반등 시도 중.
  SOXX       $    581.70  1D:  +3.5%  1W:  -3.0%  1M:  +1.8%  3M: +69.1%  YTD: +76.3%  | 3개월 +69% 급등세. 금일 +3.5% 상승.
  SQM        $     74.09  1D:  -0.5%  1W:  -0.2%  1M:  +1.8%  3M:  -6.9%  YTD:  -3.6%  | 3개월 -7% 하락 추세.
  TLT        $     84.49  1D:  +0.2%  1W:  -1.2%  1M:  +0.2%  3M:  -1.8%  YTD:  -1.8%  | 3개월 횡보 구간.
  UFO        $     47.40  1D:  -0.6%  1W:  -5.5%  1M: -13.5%  3M:  -4.0%  YTD:  +5.3%  | 3개월 횡보 구간. 1주 -5.5% 급락.
  URA        $     42.35  1D:  +1.7%  1W:  -1.9%  1M:  -7.8%  3M: -12.9%  YTD: -18.2%  | 3개월 -13% 하락 추세.
  UUP        $     28.36  1D:  +0.0%  1W:  -0.5%  1M:  +1.2%  3M:  +1.9%  YTD:  +4.0%  | 3개월 횡보 구간.
  XBI        $    164.28  1D:  +0.8%  1W:  +4.9%  1M: +28.0%  3M: +27.7%  YTD: +32.7%  | 3개월 +28% 상승 추세. 단기 강세 가속.
  XLE        $     54.82  1D:  -1.4%  1W:  +3.8%  1M:  -5.3%  3M:  -7.5%  YTD: +19.9%  | 3개월 -7% 하락 추세. 반등 시도 중.
  XLF        $     55.54  1D:  +1.0%  1W:  +1.4%  1M:  +7.2%  3M: +11.7%  YTD:  +1.3%  | 3개월 +12% 상승 추세.
  XLI        $    181.11  1D:  +0.4%  1W:  -1.2%  1M:  +4.6%  3M: +10.3%  YTD: +11.6%  | 3개월 +10% 상승 추세.
  XLP        $     83.20  1D:  -1.4%  1W:  -0.1%  1M:  +0.9%  3M:  +1.4%  YTD:  +5.1%  | 3개월 횡보 구간.
  XLU        $     45.13  1D:  -0.5%  1W:  +0.8%  1M:  +4.4%  3M:  -1.6%  YTD:  +7.4%  | 3개월 횡보 구간.
  XLV        $    162.17  1D:  -0.1%  1W:  +1.6%  1M:  +6.7%  3M: +11.4%  YTD:  +3.9%  | 3개월 +11% 상승 추세.
  XLY        $    116.85  1D:  +1.3%  1W:  -1.1%  1M:  +1.5%  3M:  +7.4%  YTD:  -5.8%  | 3개월 횡보 구간.
  XRT        $     86.92  1D:  +1.1%  1W:  -1.0%  1M:  +4.0%  3M:  +6.4%  YTD:  -2.8%  | 3개월 횡보 구간.
  ^DJI         52,487.41  1D:  +0.3%  1W:  +0.3%  1M:  +3.4%  3M: +12.5%  YTD:  +5.8%  | 3개월 +12% 상승 추세.
  ^FTSE        10,472.45  1D:  -0.2%  1W:  -1.7%  1M:  +2.1%  3M:  +1.2%  YTD:  +3.4%  | 3개월 횡보 구간.
  ^GDAXI       24,897.45  1D:  -2.2%  1W:  -0.6%  1M:  +1.9%  3M:  +8.6%  YTD:  -1.4%  | 3개월 횡보 구간. 금일 -2.2% 하락.
  ^GSPC         7,543.64  1D:  +0.8%  1W:  +0.8%  1M:  +1.9%  3M: +14.1%  YTD:  +8.1%  | 3개월 +14% 상승 추세.
  ^IXIC        26,206.89  1D:  +1.3%  1W:  +0.6%  1M:  +1.1%  3M: +19.1%  YTD: +10.4%  | 3개월 +19% 상승 추세.
  ^RUT          2,992.54  1D:  +1.2%  1W:  -0.7%  1M:  +4.8%  3M: +17.8%  YTD: +13.5%  | 3개월 +18% 상승 추세.
  ^SOX         12,960.00  1D:  +3.1%  1W:  -2.9%  1M:  +0.4%  3M: +63.7%  YTD: +68.9%  | 3개월 +64% 급등세. 금일 +3.1% 상승.
  ^STOXX50E     6,204.91  1D:  -1.8%  1W:  -1.2%  1M:  +2.6%  3M:  +8.2%  YTD:  +3.5%  | 3개월 횡보 구간.
  ^TNX              4.54  1D:  -0.7%  1W:  +2.7%  1M:  +0.1%  3M:  +5.2%  YTD:  +8.8%  | 3개월 횡보 구간.
  ^VIX             15.84  1D:  -6.3%  1W:  -4.5%  1M: -16.3%  3M: -38.6%  YTD:  +9.3%  | 3개월 -39% 급락세. 금일 -6.3% 급락.
======================================================================
2026-07-11 07:30:02,402 - INFO - Market group: US (Market Indicators)
2026-07-11 07:30:02,402 - INFO - Total indicators: 57
2026-07-11 07:30:02,402 - INFO - Downloading data for 57 indicators (period=6mo)...
2026-07-11 07:30:03,728 - INFO - Downloaded 182 days of data, 57 tickers
2026-07-11 07:30:03,734 - INFO - Computed returns for 57 indicators
2026-07-11 07:30:04,549 - INFO - Heatmap saved: /home/inhyuk/projects/dataScout/data_us/indicator_charts/heatmap_20260711.png
2026-07-11 07:30:05,129 - INFO - Category chart saved: /home/inhyuk/projects/dataScout/data_us/indicator_charts/chart_20260711_미국_지수.png
2026-07-11 07:30:05,403 - INFO - Category chart saved: /home/inhyuk/projects/dataScout/data_us/indicator_charts/chart_20260711_유럽_지수.png
2026-07-11 07:30:05,728 - INFO - Category chart saved: /home/inhyuk/projects/dataScout/data_us/indicator_charts/chart_20260711_global___region.png
2026-07-11 07:30:06,447 - INFO - Category chart saved: /home/inhyuk/projects/dataScout/data_us/indicator_charts/chart_20260711_sector_cyclical.png
2026-07-11 07:30:06,877 - INFO - Category chart saved: /home/inhyuk/projects/dataScout/data_us/indicator_charts/chart_20260711_sector_defensive.png
2026-07-11 07:30:07,297 - INFO - Category chart saved: /home/inhyuk/projects/dataScout/data_us/indicator_charts/chart_20260711_tech___semi___sw.png
2026-07-11 07:30:07,566 - INFO - Category chart saved: /home/inhyuk/projects/dataScout/data_us/indicator_charts/chart_20260711_lithium___resources.png
2026-07-11 07:30:08,299 - INFO - Category chart saved: /home/inhyuk/projects/dataScout/data_us/indicator_charts/chart_20260711_thematic.png
2026-07-11 07:30:09,022 - INFO - Category chart saved: /home/inhyuk/projects/dataScout/data_us/indicator_charts/chart_20260711_macro___safe_haven.png
2026-07-11 07:30:09,289 - INFO - Category chart saved: /home/inhyuk/projects/dataScout/data_us/indicator_charts/chart_20260711_individual.png
2026-07-11 07:30:09,289 - INFO - Sending heatmap to Telegram...
2026-07-11 07:30:13,297 - INFO - Heatmap: sent
2026-07-11 07:30:14,298 - INFO - Sending 미국 지수...
2026-07-11 07:30:17,148 - INFO -   미국 지수 sent.
2026-07-11 07:30:17,648 - INFO - Sending 유럽 지수...
2026-07-11 07:30:20,013 - INFO -   유럽 지수 sent.
2026-07-11 07:30:20,514 - INFO - Sending Global / Region...
2026-07-11 07:30:22,942 - INFO -   Global / Region sent.
2026-07-11 07:30:23,442 - INFO - Sending Sector Cyclical...
2026-07-11 07:30:26,388 - INFO -   Sector Cyclical sent.
2026-07-11 07:30:26,888 - INFO - Sending Sector Defensive...
2026-07-11 07:30:29,659 - INFO -   Sector Defensive sent.
2026-07-11 07:30:30,159 - INFO - Sending Tech / Semi / SW...
2026-07-11 07:30:32,666 - INFO -   Tech / Semi / SW sent.
2026-07-11 07:30:33,166 - INFO - Sending Lithium / Resources...
2026-07-11 07:30:35,613 - INFO -   Lithium / Resources sent.
2026-07-11 07:30:36,114 - INFO - Sending Thematic...
2026-07-11 07:30:38,990 - INFO -   Thematic sent.
2026-07-11 07:30:39,490 - INFO - Sending Macro / Safe Haven...
2026-07-11 07:30:42,796 - INFO -   Macro / Safe Haven sent.
2026-07-11 07:30:43,296 - INFO - Sending Individual...
2026-07-11 07:30:45,652 - INFO -   Individual sent.

======================================================================
Market Indicators Summary (20260711)
======================================================================
  ALB        $    126.05  1D:  -1.8%  1W:  -7.0%  1M: -17.3%  3M: -27.2%  YTD: -25.2%  | 3개월 -27% 급락세. 1주 -7.0% 급락.
  BIZD       $     12.55  1D:  +2.2%  1W:  +0.3%  1M:  +1.6%  3M:  +3.2%  YTD:  -7.2%  | 3개월 횡보 구간. 금일 +2.2% 상승.
  BTC-USD    $ 64,088.85  1D:  +1.4%  1W:  +0.9%  1M:  +0.9%  3M: -21.3%  YTD: -29.1%  | 3개월 -21% 급락세.
  CL=F             71.51  1D:  -0.8%  1W:  +4.1%  1M: -18.9%  3M: -36.7%  YTD: +20.2%  | 3개월 -37% 급락세. 반등 시도 중.
  DRAM       $     63.04  1D:  -2.1%  1W:  +4.0%  1M:  +5.3%  3M:+114.1%  YTD:+127.1%  | 3개월 +114% 급등세. 단기 강세 가속. 금일 -2.1% 하락.
  EEM        $     66.90  1D:  +0.2%  1W:  +1.8%  1M:  +2.2%  3M: +17.3%  YTD: +16.1%  | 3개월 +17% 상승 추세.
  EWJ        $     94.55  1D:  +1.1%  1W:  +1.5%  1M:  +4.5%  3M: +11.2%  YTD: +11.5%  | 3개월 +11% 상승 추세.
  EZU        $     68.56  1D:  +0.1%  1W:  -1.0%  1M:  +1.9%  3M:  +9.9%  YTD:  +5.2%  | 3개월 횡보 구간.
  FXI        $     33.48  1D:  +0.2%  1W:  +4.9%  1M:  -2.8%  3M:  -4.9%  YTD: -17.0%  | 3개월 횡보 구간.
  GDX        $     75.53  1D:  -0.3%  1W:  -3.7%  1M:  -2.7%  3M: -20.5%  YTD: -21.1%  | 3개월 -20% 급락세.
  GLD        $    377.01  1D:  -0.3%  1W:  -0.3%  1M:  -3.5%  3M: -12.7%  YTD: -10.7%  | 3개월 -13% 하락 추세.
  GRID       $    184.83  1D:  +0.4%  1W:  +0.4%  1M:  -1.1%  3M: +11.3%  YTD: +18.4%  | 3개월 +11% 상승 추세.
  HG=F              6.28  1D:  +1.1%  1W:  +2.8%  1M:  -0.3%  3M: +13.4%  YTD:  +5.0%  | 3개월 +13% 상승 추세.
  HYDR       $     45.78  1D:  -2.0%  1W:  -9.3%  1M: -13.9%  3M: +27.5%  YTD: +25.4%  | 3개월 +28% 상승 추세. 1주 -9.3% 급락.
  HYG        $     79.71  1D:  -0.1%  1W:  +0.0%  1M:  +0.6%  3M:  +1.5%  YTD:  +1.3%  | 3개월 횡보 구간.
  ICLN       $     19.25  1D:  -0.4%  1W:  -2.1%  1M:  -6.4%  3M:  +8.1%  YTD:  +9.9%  | 3개월 횡보 구간.
  ICLR       $    167.72  1D:  -0.6%  1W:  -3.1%  1M: +10.5%  3M: +56.5%  YTD:  -6.9%  | 3개월 +57% 급등세. 고점 후 조정.
  IGV        $     92.41  1D:  -1.6%  1W:  -1.2%  1M:  -0.6%  3M: +14.8%  YTD: -12.3%  | 3개월 +15% 상승 추세.
  IHI        $     51.34  1D:  +0.1%  1W:  -1.0%  1M:  +0.9%  3M:  -3.3%  YTD: -18.6%  | 3개월 횡보 구간.
  ITB        $     97.76  1D:  +0.9%  1W:  -5.0%  1M:  +1.7%  3M: +10.2%  YTD:  -9.1%  | 3개월 +10% 상승 추세.
  IYT        $     88.12  1D:  -0.1%  1W:  +0.1%  1M:  +2.7%  3M: +17.0%  YTD: +13.9%  | 3개월 +17% 상승 추세.
  JETS       $     32.09  1D:  -1.0%  1W:  -3.3%  1M: +12.4%  3M: +29.4%  YTD:  +9.7%  | 3개월 +29% 상승 추세. 고점 후 조정.
  KRW=X         1,498.87  1D:  -0.3%  1W:  -2.8%  1M:  -1.7%  3M:  +1.7%  YTD:  +3.0%  | 3개월 횡보 구간.
  LIT        $     72.32  1D:  -0.7%  1W:  -5.5%  1M:  -7.6%  3M:  -1.5%  YTD:  +3.8%  | 3개월 횡보 구간. 1주 -5.5% 급락.
  MAGS       $     67.68  1D:  +1.4%  1W:  +4.0%  1M:  +3.1%  3M: +16.1%  YTD:  +2.1%  | 3개월 +16% 상승 추세.
  MSTR       $     94.64  1D:  +0.8%  1W:  -6.1%  1M: -19.1%  3M: -23.5%  YTD: -41.7%  | 3개월 -24% 급락세. 1주 -6.1% 급락.
  NTRA       $    269.95  1D:  -4.2%  1W:  -3.4%  1M: +21.2%  3M: +29.0%  YTD: +14.7%  | 3개월 +29% 상승 추세. 고점 후 조정. 금일 -4.2% 하락.
  PAVE       $     56.69  1D:  +0.5%  1W:  -0.8%  1M:  -0.7%  3M: +10.3%  YTD: +12.5%  | 3개월 +10% 상승 추세.
  ROBO       $     82.96  1D:  +0.4%  1W:  -0.5%  1M:  -0.0%  3M: +19.6%  YTD: +12.6%  | 3개월 +20% 상승 추세.
  RSP        $    214.30  1D:  +0.4%  1W:  -0.3%  1M:  +2.8%  3M: +11.2%  YTD:  +9.2%  | 3개월 +11% 상승 추세.
  SHLD       $     61.19  1D:  -0.4%  1W:  -4.3%  1M:  -2.7%  3M: -17.0%  YTD: -19.6%  | 3개월 -17% 급락세.
  SLX        $     99.12  1D:  +2.1%  1W:  +0.9%  1M:  -6.9%  3M:  +6.8%  YTD: +12.1%  | 3개월 횡보 구간. 반등 시도 중. 금일 +2.1% 상승.
  SOXX       $    581.34  1D:  -0.1%  1W:  +2.7%  1M:  +3.5%  3M: +67.2%  YTD: +76.2%  | 3개월 +67% 급등세.
  SQM        $     73.19  1D:  -1.2%  1W:  +0.7%  1M:  -3.3%  3M:  -5.7%  YTD:  -4.8%  | 3개월 -6% 하락 추세. 반등 시도 중.
  TLT        $     84.47  1D:  -0.0%  1W:  -1.2%  1M:  -0.4%  3M:  -1.4%  YTD:  -1.5%  | 3개월 횡보 구간.
  UFO        $     46.93  1D:  -1.0%  1W:  -7.4%  1M: -11.5%  3M:  -4.9%  YTD:  +4.2%  | 3개월 횡보 구간. 1주 -7.4% 급락.
  URA        $     42.97  1D:  +1.5%  1W:  -0.6%  1M:  -2.6%  3M: -10.4%  YTD: -17.0%  | 3개월 -10% 하락 추세.
  UUP        $     28.39  1D:  +0.1%  1W:  +0.2%  1M:  +1.4%  3M:  +2.3%  YTD:  +4.1%  | 3개월 횡보 구간.
  XBI        $    159.03  1D:  -3.2%  1W:  -0.9%  1M: +21.2%  3M: +23.5%  YTD: +28.4%  | 3개월 +24% 상승 추세. 금일 -3.2% 하락.
  XLE        $     55.08  1D:  +0.5%  1W:  +3.5%  1M:  -3.3%  3M:  -7.8%  YTD: +20.5%  | 3개월 -8% 하락 추세. 반등 시도 중.
  XLF        $     55.71  1D:  +0.3%  1W:  +0.2%  1M:  +6.6%  3M: +12.1%  YTD:  +1.6%  | 3개월 +12% 상승 추세.
  XLI        $    181.92  1D:  +0.4%  1W:  -1.1%  1M:  +3.9%  3M: +11.0%  YTD: +12.1%  | 3개월 +11% 상승 추세.
  XLP        $     84.12  1D:  +1.1%  1W:  -1.0%  1M:  +0.7%  3M:  +4.2%  YTD:  +6.2%  | 3개월 횡보 구간.
  XLU        $     45.41  1D:  +0.6%  1W:  -0.8%  1M:  +3.9%  3M:  -1.2%  YTD:  +8.1%  | 3개월 횡보 구간.
  XLV        $    160.84  1D:  -0.8%  1W:  -1.8%  1M:  +4.5%  3M: +10.2%  YTD:  +3.1%  | 3개월 +10% 상승 추세.
  XLY        $    117.24  1D:  +0.3%  1W:  +0.1%  1M:  +1.4%  3M:  +9.0%  YTD:  -5.5%  | 3개월 횡보 구간.
  XRT        $     88.08  1D:  +1.3%  1W:  +0.0%  1M:  +4.1%  3M:  +8.7%  YTD:  -1.5%  | 3개월 횡보 구간.
  ^DJI         52,637.01  1D:  +0.3%  1W:  -0.5%  1M:  +3.5%  3M: +13.0%  YTD:  +6.1%  | 3개월 +13% 상승 추세.
  ^FTSE        10,497.29  1D:  +0.2%  1W:  -1.7%  1M:  +1.9%  3M:  -1.1%  YTD:  +3.5%  | 3개월 횡보 구간.
  ^GDAXI       25,118.27  1D:  +0.9%  1W:  -1.8%  1M:  +3.8%  3M:  +4.3%  YTD:  -1.1%  | 3개월 횡보 구간.
  ^GSPC         7,575.39  1D:  +0.4%  1W:  +1.2%  1M:  +2.6%  3M: +14.5%  YTD:  +8.6%  | 3개월 +14% 상승 추세.
  ^IXIC        26,281.61  1D:  +0.3%  1W:  +1.7%  1M:  +2.3%  3M: +19.4%  YTD: +10.7%  | 3개월 +19% 상승 추세.
  ^RUT          2,977.81  1D:  -0.5%  1W:  -0.6%  1M:  +3.9%  3M: +17.0%  YTD: +13.0%  | 3개월 +17% 상승 추세.
  ^SOX         12,967.16  1D:  +0.1%  1W:  +2.7%  1M:  +2.4%  3M: +62.0%  YTD: +69.0%  | 3개월 +62% 급등세.
  ^STOXX50E     6,284.27  1D:  +1.3%  1W:  -1.2%  1M:  +4.6%  3M: +10.4%  YTD:  +4.5%  | 3개월 +10% 상승 추세.
  ^TNX              4.57  1D:  +0.7%  1W:  +2.1%  1M:  +0.4%  3M:  +5.4%  YTD:  +9.1%  | 3개월 횡보 구간.
  ^VIX             15.03  1D:  -5.1%  1W:  -6.9%  1M: -24.4%  3M: -28.6%  YTD:  -0.6%  | 3개월 -29% 급락세. 1주 -6.9% 급락. 금일 -5.1% 급락.
======================================================================
2026-07-14 07:30:01,722 - INFO - Market group: US (Market Indicators)
2026-07-14 07:30:01,722 - INFO - Total indicators: 57
2026-07-14 07:30:01,723 - INFO - Downloading data for 57 indicators (period=6mo)...
2026-07-14 07:30:03,395 - INFO - Downloaded 182 days of data, 57 tickers
2026-07-14 07:30:03,401 - INFO - Computed returns for 57 indicators
2026-07-14 07:30:04,238 - INFO - Heatmap saved: /home/inhyuk/projects/dataScout/data_us/indicator_charts/heatmap_20260714.png
2026-07-14 07:30:04,825 - INFO - Category chart saved: /home/inhyuk/projects/dataScout/data_us/indicator_charts/chart_20260714_미국_지수.png
2026-07-14 07:30:05,113 - INFO - Category chart saved: /home/inhyuk/projects/dataScout/data_us/indicator_charts/chart_20260714_유럽_지수.png
2026-07-14 07:30:05,438 - INFO - Category chart saved: /home/inhyuk/projects/dataScout/data_us/indicator_charts/chart_20260714_global___region.png
2026-07-14 07:30:06,175 - INFO - Category chart saved: /home/inhyuk/projects/dataScout/data_us/indicator_charts/chart_20260714_sector_cyclical.png
2026-07-14 07:30:06,613 - INFO - Category chart saved: /home/inhyuk/projects/dataScout/data_us/indicator_charts/chart_20260714_sector_defensive.png
2026-07-14 07:30:07,034 - INFO - Category chart saved: /home/inhyuk/projects/dataScout/data_us/indicator_charts/chart_20260714_tech___semi___sw.png
2026-07-14 07:30:07,297 - INFO - Category chart saved: /home/inhyuk/projects/dataScout/data_us/indicator_charts/chart_20260714_lithium___resources.png
2026-07-14 07:30:08,043 - INFO - Category chart saved: /home/inhyuk/projects/dataScout/data_us/indicator_charts/chart_20260714_thematic.png
2026-07-14 07:30:08,784 - INFO - Category chart saved: /home/inhyuk/projects/dataScout/data_us/indicator_charts/chart_20260714_macro___safe_haven.png
2026-07-14 07:30:09,058 - INFO - Category chart saved: /home/inhyuk/projects/dataScout/data_us/indicator_charts/chart_20260714_individual.png
2026-07-14 07:30:09,058 - INFO - Sending heatmap to Telegram...
2026-07-14 07:30:13,398 - INFO - Heatmap: sent
2026-07-14 07:30:14,399 - INFO - Sending 미국 지수...
2026-07-14 07:30:17,289 - INFO -   미국 지수 sent.
2026-07-14 07:30:17,790 - INFO - Sending 유럽 지수...
2026-07-14 07:30:20,378 - INFO -   유럽 지수 sent.
2026-07-14 07:30:20,879 - INFO - Sending Global / Region...
2026-07-14 07:30:23,469 - INFO -   Global / Region sent.
2026-07-14 07:30:23,969 - INFO - Sending Sector Cyclical...
2026-07-14 07:30:27,095 - INFO -   Sector Cyclical sent.
2026-07-14 07:30:27,595 - INFO - Sending Sector Defensive...
2026-07-14 07:30:30,625 - INFO -   Sector Defensive sent.
2026-07-14 07:30:31,125 - INFO - Sending Tech / Semi / SW...
2026-07-14 07:30:34,061 - INFO -   Tech / Semi / SW sent.
2026-07-14 07:30:34,561 - INFO - Sending Lithium / Resources...
2026-07-14 07:30:37,045 - INFO -   Lithium / Resources sent.
2026-07-14 07:30:37,545 - INFO - Sending Thematic...
2026-07-14 07:30:41,183 - INFO -   Thematic sent.
2026-07-14 07:30:41,683 - INFO - Sending Macro / Safe Haven...
2026-07-14 07:30:44,955 - INFO -   Macro / Safe Haven sent.
2026-07-14 07:30:45,455 - INFO - Sending Individual...
2026-07-14 07:30:47,888 - INFO -   Individual sent.

======================================================================
Market Indicators Summary (20260714)
======================================================================
  ALB        $    125.79  1D:  -0.2%  1W:  -6.0%  1M: -14.3%  3M: -28.9%  YTD: -28.8%  | 3개월 -29% 급락세. 1주 -6.0% 급락.
  BIZD       $     12.47  1D:  -0.6%  1W:  +0.2%  1M:  +0.8%  3M:  +2.6%  YTD:  -8.7%  | 3개월 횡보 구간.
  BTC-USD    $ 62,095.92  1D:  -2.6%  1W:  -0.3%  1M:  -2.9%  3M: -23.0%  YTD: -34.9%  | 3개월 -23% 급락세. 금일 -2.6% 하락.
  CL=F             77.93  1D:  +9.1%  1W: +13.7%  1M: -13.4%  3M: -17.5%  YTD: +27.4%  | 3개월 -17% 급락세. 반등 시도 중. 금일 +9.1% 급등.
  DRAM       $     57.30  1D:  -9.1%  1W: -11.5%  1M:  -0.1%  3M: +76.5%  YTD:+106.4%  | 3개월 +76% 급등세. 1주 -11.5% 급락. 금일 -9.1% 급락.
  EEM        $     64.50  1D:  -3.6%  1W:  -4.5%  1M:  +0.3%  3M:  +7.3%  YTD: +12.3%  | 3개월 횡보 구간. 금일 -3.6% 하락.
  EWJ        $     92.72  1D:  -1.9%  1W:  -2.7%  1M:  +4.4%  3M:  +4.3%  YTD:  +9.6%  | 3개월 횡보 구간.
  EZU        $     67.90  1D:  -1.0%  1W:  -2.8%  1M:  +2.5%  3M:  +4.3%  YTD:  +4.6%  | 3개월 횡보 구간.
  FXI        $     33.44  1D:  -0.1%  1W:  +2.9%  1M:  -3.0%  3M:  -7.3%  YTD: -15.9%  | 3개월 -7% 하락 추세. 반등 시도 중.
  GDX        $     73.37  1D:  -2.9%  1W:  -6.8%  1M:  -0.6%  3M: -25.3%  YTD: -24.3%  | 3개월 -25% 급락세. 1주 -6.8% 급락. 금일 -2.9% 하락.
  GLD        $    367.13  1D:  -2.6%  1W:  -3.9%  1M:  -2.0%  3M: -15.5%  YTD: -13.8%  | 3개월 -16% 급락세. 금일 -2.6% 하락.
  GRID       $    181.40  1D:  -1.9%  1W:  -3.2%  1M:  +0.4%  3M:  +4.2%  YTD: +16.5%  | 3개월 횡보 구간.
  HG=F              6.27  1D:  +0.7%  1W:  +1.6%  1M:  +0.4%  3M:  +8.9%  YTD:  +5.1%  | 3개월 횡보 구간.
  HYDR       $     44.37  1D:  -3.1%  1W: -14.1%  1M: -13.3%  3M: +16.8%  YTD: +18.2%  | 3개월 +17% 상승 추세. 1주 -14.1% 급락. 금일 -3.1% 하락.
  HYG        $     79.52  1D:  -0.2%  1W:  -0.4%  1M:  +0.5%  3M:  +0.7%  YTD:  +1.1%  | 3개월 횡보 구간.
  ICLN       $     18.62  1D:  -3.2%  1W:  -7.4%  1M:  -6.0%  3M:  +0.8%  YTD:  +7.6%  | 3개월 횡보 구간. 1주 -7.4% 급락. 금일 -3.2% 하락.
  ICLR       $    166.10  1D:  -1.0%  1W:  -2.8%  1M: +14.9%  3M: +55.9%  YTD: -10.1%  | 3개월 +56% 급등세.
  IGV        $     92.70  1D:  +0.3%  1W:  -2.2%  1M:  +1.2%  3M: +16.3%  YTD:  -8.3%  | 3개월 +16% 상승 추세.
  IHI        $     51.34  1D:  +0.0%  1W:  -1.5%  1M:  +3.4%  3M:  -5.4%  YTD: -17.7%  | 3개월 -5% 하락 추세.
  ITB        $     96.30  1D:  -1.5%  1W:  -4.9%  1M:  +3.1%  3M:  +3.2%  YTD: -10.5%  | 3개월 횡보 구간. 고점 후 조정.
  IYT        $     88.04  1D:  -0.1%  1W:  +0.7%  1M:  +6.0%  3M: +13.4%  YTD: +14.5%  | 3개월 +13% 상승 추세.
  JETS       $     31.22  1D:  -2.7%  1W:  -6.4%  1M: +14.6%  3M: +19.2%  YTD:  +9.9%  | 3개월 +19% 상승 추세. 고점 후 조정. 금일 -2.7% 하락.
  KRW=X         1,497.02  1D:  -0.6%  1W:  -2.2%  1M:  -1.3%  3M:  +1.0%  YTD:  +2.2%  | 3개월 횡보 구간.
  LIT        $     70.24  1D:  -2.9%  1W:  -7.8%  1M:  -7.8%  3M:  -8.0%  YTD:  -0.1%  | 3개월 -8% 하락 추세. 1주 -7.8% 급락. 금일 -2.9% 하락.
  MAGS       $     66.99  1D:  -1.0%  1W:  +1.1%  1M:  +4.3%  3M: +12.0%  YTD:  +3.1%  | 3개월 +12% 상승 추세.
  MSTR       $     92.10  1D:  -2.7%  1W:  -8.6%  1M: -20.2%  3M: -28.2%  YTD: -48.6%  | 3개월 -28% 급락세. 1주 -8.6% 급락. 금일 -2.7% 하락.
  NTRA       $    272.89  1D:  +1.1%  1W:  -3.8%  1M: +26.0%  3M: +29.4%  YTD: +14.1%  | 3개월 +29% 상승 추세. 고점 후 조정.
  PAVE       $     56.23  1D:  -0.8%  1W:  -2.8%  1M:  +1.9%  3M:  +4.5%  YTD: +11.1%  | 3개월 횡보 구간.
  ROBO       $     80.56  1D:  -2.9%  1W:  -6.5%  1M:  +1.3%  3M:  +9.7%  YTD:  +9.6%  | 3개월 횡보 구간. 1주 -6.5% 급락. 금일 -2.9% 하락.
  RSP        $    214.23  1D:  -0.0%  1W:  -0.4%  1M:  +4.1%  3M:  +8.6%  YTD:  +8.7%  | 3개월 횡보 구간.
  SHLD       $     60.47  1D:  -1.2%  1W:  -6.7%  1M:  -2.7%  3M: -19.1%  YTD: -21.1%  | 3개월 -19% 급락세. 1주 -6.7% 급락.
  SLX        $     99.31  1D:  +0.2%  1W:  -0.8%  1M:  -4.7%  3M:  +1.5%  YTD:  +9.0%  | 3개월 횡보 구간.
  SOXX       $    553.61  1D:  -4.8%  1W:  -4.8%  1M:  +2.3%  3M: +49.5%  YTD: +67.0%  | 3개월 +50% 급등세. 금일 -4.8% 하락.
  SQM        $     71.94  1D:  -1.7%  1W:  -2.1%  1M:  -3.1%  3M: -11.8%  YTD: -12.5%  | 3개월 -12% 하락 추세.
  TLT        $     83.97  1D:  -0.6%  1W:  -1.7%  1M:  -0.7%  3M:  -2.3%  YTD:  -2.8%  | 3개월 횡보 구간.
  UFO        $     45.51  1D:  -3.0%  1W:  -9.5%  1M: -12.8%  3M: -10.6%  YTD:  -0.4%  | 3개월 -11% 하락 추세. 1주 -9.5% 급락. 금일 -3.0% 하락.
  URA        $     40.72  1D:  -5.2%  1W:  -7.2%  1M:  -3.8%  3M: -20.8%  YTD: -22.6%  | 3개월 -21% 급락세. 1주 -7.2% 급락. 금일 -5.2% 급락.
  UUP        $     28.50  1D:  +0.4%  1W:  +0.6%  1M:  +1.6%  3M:  +3.5%  YTD:  +4.3%  | 3개월 횡보 구간.
  XBI        $    155.34  1D:  -2.3%  1W:  -3.4%  1M: +20.7%  3M: +19.0%  YTD: +22.6%  | 3개월 +19% 상승 추세. 고점 후 조정. 금일 -2.3% 하락.
  XLE        $     56.74  1D:  +3.0%  1W:  +6.8%  1M:  -1.9%  3M:  -1.6%  YTD: +19.7%  | 3개월 횡보 구간. 1주 +6.8% 급등. 금일 +3.0% 상승.
  XLF        $     56.07  1D:  +0.6%  1W:  -0.1%  1M:  +7.7%  3M:  +9.9%  YTD:  +4.4%  | 3개월 횡보 구간.
  XLI        $    180.37  1D:  -0.9%  1W:  -2.8%  1M:  +6.6%  3M:  +6.1%  YTD: +10.4%  | 3개월 횡보 구간.
  XLP        $     84.59  1D:  +0.6%  1W:  +0.6%  1M:  -0.4%  3M:  +2.9%  YTD:  +4.2%  | 3개월 횡보 구간.
  XLU        $     45.72  1D:  +0.7%  1W:  +0.9%  1M:  +4.6%  3M:  -1.6%  YTD:  +7.3%  | 3개월 횡보 구간.
  XLV        $    161.41  1D:  +0.4%  1W:  -0.3%  1M:  +6.1%  3M:  +8.3%  YTD:  +3.1%  | 3개월 횡보 구간.
  XLY        $    116.04  1D:  -1.0%  1W:  -1.7%  1M:  +2.5%  3M:  +4.9%  YTD:  -4.7%  | 3개월 횡보 구간.
  XRT        $     87.47  1D:  -0.7%  1W:  -0.2%  1M:  +3.1%  3M:  +5.5%  YTD:  -2.1%  | 3개월 횡보 구간.
  ^DJI         52,498.64  1D:  -0.3%  1W:  -1.1%  1M:  +5.2%  3M:  +9.6%  YTD:  +6.8%  | 3개월 횡보 구간.
  ^FTSE        10,498.29  1D:  +0.0%  1W:  -1.4%  1M:  +0.3%  3M:  -1.0%  YTD:  +3.6%  | 3개월 횡보 구간.
  ^GDAXI       25,067.09  1D:  -0.2%  1W:  -2.8%  1M:  +3.5%  3M:  +5.3%  YTD:  -1.4%  | 3개월 횡보 구간.
  ^GSPC         7,515.34  1D:  -0.8%  1W:  -0.3%  1M:  +3.4%  3M: +10.8%  YTD:  +8.5%  | 3개월 +11% 상승 추세.
  ^IXIC        25,873.18  1D:  -1.6%  1W:  -0.9%  1M:  +2.8%  3M: +14.3%  YTD: +10.2%  | 3개월 +14% 상승 추세.
  ^RUT          2,953.17  1D:  -0.8%  1W:  -1.9%  1M:  +4.2%  3M: +12.7%  YTD: +11.4%  | 3개월 +13% 상승 추세.
  ^SOX         12,347.78  1D:  -4.8%  1W:  -4.3%  1M:  +1.2%  3M: +45.1%  YTD: +60.3%  | 3개월 +45% 급등세. 금일 -4.8% 하락.
  ^STOXX50E     6,269.97  1D:  -0.2%  1W:  -2.2%  1M:  +3.5%  3M: +11.3%  YTD:  +4.0%  | 3개월 +11% 상승 추세.
  ^TNX              4.61  1D:  +0.9%  1W:  +2.9%  1M:  +1.5%  3M:  +7.4%  YTD: +10.5%  | 3개월 횡보 구간.
  ^VIX             17.16  1D: +14.2%  1W: +10.2%  1M: -22.8%  3M: -12.0%  YTD:  +7.4%  | 3개월 -12% 하락 추세. 반등 시도 중. 금일 +14.2% 급등.
======================================================================
2026-07-15 07:30:01,609 - INFO - Market group: US (Market Indicators)
2026-07-15 07:30:01,610 - INFO - Total indicators: 57
2026-07-15 07:30:01,610 - INFO - Downloading data for 57 indicators (period=6mo)...
2026-07-15 07:30:03,213 - INFO - Downloaded 182 days of data, 57 tickers
2026-07-15 07:30:03,219 - INFO - Computed returns for 57 indicators
2026-07-15 07:30:04,066 - INFO - Heatmap saved: /home/inhyuk/projects/dataScout/data_us/indicator_charts/heatmap_20260715.png
2026-07-15 07:30:04,668 - INFO - Category chart saved: /home/inhyuk/projects/dataScout/data_us/indicator_charts/chart_20260715_미국_지수.png
2026-07-15 07:30:04,937 - INFO - Category chart saved: /home/inhyuk/projects/dataScout/data_us/indicator_charts/chart_20260715_유럽_지수.png
2026-07-15 07:30:05,255 - INFO - Category chart saved: /home/inhyuk/projects/dataScout/data_us/indicator_charts/chart_20260715_global___region.png
2026-07-15 07:30:06,001 - INFO - Category chart saved: /home/inhyuk/projects/dataScout/data_us/indicator_charts/chart_20260715_sector_cyclical.png
2026-07-15 07:30:06,435 - INFO - Category chart saved: /home/inhyuk/projects/dataScout/data_us/indicator_charts/chart_20260715_sector_defensive.png
2026-07-15 07:30:06,852 - INFO - Category chart saved: /home/inhyuk/projects/dataScout/data_us/indicator_charts/chart_20260715_tech___semi___sw.png
2026-07-15 07:30:07,114 - INFO - Category chart saved: /home/inhyuk/projects/dataScout/data_us/indicator_charts/chart_20260715_lithium___resources.png
2026-07-15 07:30:07,870 - INFO - Category chart saved: /home/inhyuk/projects/dataScout/data_us/indicator_charts/chart_20260715_thematic.png
2026-07-15 07:30:08,610 - INFO - Category chart saved: /home/inhyuk/projects/dataScout/data_us/indicator_charts/chart_20260715_macro___safe_haven.png
2026-07-15 07:30:08,882 - INFO - Category chart saved: /home/inhyuk/projects/dataScout/data_us/indicator_charts/chart_20260715_individual.png
2026-07-15 07:30:08,882 - INFO - Sending heatmap to Telegram...
2026-07-15 07:30:12,796 - INFO - Heatmap: sent
2026-07-15 07:30:13,796 - INFO - Sending 미국 지수...
2026-07-15 07:30:16,829 - INFO -   미국 지수 sent.
2026-07-15 07:30:17,329 - INFO - Sending 유럽 지수...
2026-07-15 07:30:20,237 - INFO -   유럽 지수 sent.
2026-07-15 07:30:20,737 - INFO - Sending Global / Region...
2026-07-15 07:30:23,334 - INFO -   Global / Region sent.
2026-07-15 07:30:23,834 - INFO - Sending Sector Cyclical...
2026-07-15 07:30:26,779 - INFO -   Sector Cyclical sent.
2026-07-15 07:30:27,279 - INFO - Sending Sector Defensive...
2026-07-15 07:30:30,016 - INFO -   Sector Defensive sent.
2026-07-15 07:30:30,516 - INFO - Sending Tech / Semi / SW...
2026-07-15 07:30:33,182 - INFO -   Tech / Semi / SW sent.
2026-07-15 07:30:33,682 - INFO - Sending Lithium / Resources...
2026-07-15 07:30:36,115 - INFO -   Lithium / Resources sent.
2026-07-15 07:30:36,615 - INFO - Sending Thematic...
2026-07-15 07:30:39,513 - INFO -   Thematic sent.
2026-07-15 07:30:40,013 - INFO - Sending Macro / Safe Haven...
2026-07-15 07:30:42,899 - INFO -   Macro / Safe Haven sent.
2026-07-15 07:30:43,399 - INFO - Sending Individual...
2026-07-15 07:30:45,754 - INFO -   Individual sent.

======================================================================
Market Indicators Summary (20260715)
======================================================================
  ALB        $    128.75  1D:  +2.4%  1W:  -0.2%  1M: -18.8%  3M: -25.1%  YTD: -25.5%  | 3개월 -25% 급락세. 금일 +2.4% 상승.
  BIZD       $     12.56  1D:  +0.7%  1W:  +1.5%  1M:  +1.4%  3M:  +4.1%  YTD:  -8.9%  | 3개월 횡보 구간.
  BTC-USD    $ 64,882.52  1D:  +4.2%  1W:  +2.7%  1M:  +3.5%  3M: -21.0%  YTD: -33.1%  | 3개월 -21% 급락세. 금일 +4.2% 상승.
  CL=F             79.99  1D:  +2.4%  1W: +13.6%  1M:  -8.8%  3M: -18.3%  YTD: +29.0%  | 3개월 -18% 급락세. 반등 시도 중. 금일 +2.4% 상승.
  DRAM       $     61.23  1D:  +6.9%  1W:  +1.1%  1M:  -6.0%  3M: +89.1%  YTD:+120.6%  | 3개월 +89% 급등세. 반등 시도 중. 금일 +6.9% 급등.
  EEM        $     65.67  1D:  +1.8%  1W:  -0.1%  1M:  -2.2%  3M:  +9.5%  YTD: +13.6%  | 3개월 횡보 구간.
  EWJ        $     93.89  1D:  +1.3%  1W:  +0.9%  1M:  +2.4%  3M:  +7.0%  YTD: +10.5%  | 3개월 횡보 구간.
  EZU        $     68.33  1D:  +0.6%  1W:  -0.7%  1M:  -0.5%  3M:  +4.8%  YTD:  +5.5%  | 3개월 횡보 구간.
  FXI        $     33.77  1D:  +1.0%  1W:  +3.9%  1M:  -2.5%  3M:  -6.2%  YTD: -14.9%  | 3개월 -6% 하락 추세.
  GDX        $     74.88  1D:  +2.1%  1W:  -1.2%  1M:  -3.7%  3M: -23.9%  YTD: -22.9%  | 3개월 -24% 급락세. 금일 +2.1% 상승.
  GLD        $    372.15  1D:  +1.4%  1W:  -1.4%  1M:  -3.7%  3M: -15.0%  YTD: -12.1%  | 3개월 -15% 급락세.
  GRID       $    183.71  1D:  +1.3%  1W:  +0.7%  1M:  -2.6%  3M:  +4.5%  YTD: +17.2%  | 3개월 횡보 구간.
  HG=F              6.37  1D:  +2.1%  1W:  +3.2%  1M:  +1.7%  3M: +10.8%  YTD:  +5.9%  | 3개월 +11% 상승 추세. 금일 +2.1% 상승.
  HYDR       $     45.60  1D:  +2.8%  1W:  -6.2%  1M: -15.1%  3M: +17.8%  YTD: +21.3%  | 3개월 +18% 상승 추세. 1주 -6.2% 급락. 금일 +2.8% 상승.
  HYG        $     79.68  1D:  +0.2%  1W:  -0.1%  1M:  +0.1%  3M:  +0.7%  YTD:  +1.3%  | 3개월 횡보 구간.
  ICLN       $     19.07  1D:  +2.4%  1W:  -1.3%  1M:  -7.8%  3M:  +2.6%  YTD:  +9.2%  | 3개월 횡보 구간. 금일 +2.4% 상승.
  ICLR       $    167.97  1D:  +1.1%  1W:  -0.4%  1M: +12.0%  3M: +57.4%  YTD:  -8.0%  | 3개월 +57% 급등세.
  IGV        $     93.63  1D:  +1.0%  1W:  -0.5%  1M:  +3.0%  3M: +22.2%  YTD:  -6.1%  | 3개월 +22% 상승 추세.
  IHI        $     49.22  1D:  -4.1%  1W:  -5.8%  1M:  -0.8%  3M:  -8.4%  YTD: -21.0%  | 3개월 -8% 하락 추세. 1주 -5.8% 급락. 금일 -4.1% 하락.
  ITB        $     97.13  1D:  +0.9%  1W:  -2.7%  1M:  -0.5%  3M:  +2.8%  YTD: -10.9%  | 3개월 횡보 구간.
  IYT        $     87.62  1D:  -0.5%  1W:  +0.5%  1M:  +1.9%  3M: +12.6%  YTD: +12.5%  | 3개월 +13% 상승 추세.
  JETS       $     30.85  1D:  -1.2%  1W:  -5.1%  1M:  +6.5%  3M: +18.2%  YTD:  +6.2%  | 3개월 +18% 상승 추세. 고점 후 조정.
  KRW=X         1,488.40  1D:  -0.7%  1W:  -2.6%  1M:  -1.4%  3M:  +0.8%  YTD:  +1.0%  | 3개월 횡보 구간.
  LIT        $     71.58  1D:  +1.9%  1W:  -3.0%  1M: -11.0%  3M:  -6.3%  YTD:  +1.5%  | 3개월 -6% 하락 추세.
  MAGS       $     67.44  1D:  +0.7%  1W:  +1.8%  1M:  +3.9%  3M: +11.1%  YTD:  +3.6%  | 3개월 +11% 상승 추세.
  MSTR       $     97.58  1D:  +6.0%  1W:  +0.2%  1M: -18.8%  3M: -24.3%  YTD: -42.9%  | 3개월 -24% 급락세. 반등 시도 중. 금일 +6.0% 급등.
  NTRA       $    272.66  1D:  -0.1%  1W:  -3.1%  1M: +24.4%  3M: +34.3%  YTD: +13.4%  | 3개월 +34% 급등세. 고점 후 조정.
  PAVE       $     56.71  1D:  +0.9%  1W:  +0.5%  1M:  -0.6%  3M:  +4.1%  YTD: +10.5%  | 3개월 횡보 구간.
  ROBO       $     80.78  1D:  +0.3%  1W:  -1.4%  1M:  -2.0%  3M: +10.3%  YTD:  +9.1%  | 3개월 +10% 상승 추세.
  RSP        $    213.45  1D:  -0.4%  1W:  -0.6%  1M:  +2.2%  3M:  +8.2%  YTD:  +7.8%  | 3개월 횡보 구간.
  SHLD       $     60.22  1D:  -0.4%  1W:  -5.6%  1M:  -7.3%  3M: -18.6%  YTD: -21.9%  | 3개월 -19% 급락세. 1주 -5.6% 급락.
  SLX        $    101.25  1D:  +2.0%  1W:  +2.9%  1M:  -7.1%  3M:  +3.2%  YTD: +10.4%  | 3개월 횡보 구간. 반등 시도 중.
  SOXX       $    567.92  1D:  +2.6%  1W:  +2.9%  1M:  -3.2%  3M: +50.1%  YTD: +68.6%  | 3개월 +50% 급등세. 반등 시도 중. 금일 +2.6% 상승.
  SQM        $     72.95  1D:  +1.4%  1W:  -0.6%  1M:  -9.3%  3M: -10.2%  YTD:  -7.3%  | 3개월 -10% 하락 추세.
  TLT        $     84.08  1D:  +0.1%  1W:  -0.6%  1M:  -1.8%  3M:  -1.9%  YTD:  -2.6%  | 3개월 횡보 구간.
  UFO        $     45.76  1D:  +0.5%  1W:  -5.6%  1M: -19.5%  3M:  -8.7%  YTD:  -0.4%  | 3개월 -9% 하락 추세. 1주 -5.6% 급락.
  URA        $     41.55  1D:  +2.0%  1W:  -0.5%  1M:  -7.3%  3M: -18.4%  YTD: -21.3%  | 3개월 -18% 급락세. 금일 +2.0% 상승.
  UUP        $     28.39  1D:  -0.4%  1W:  -0.0%  1M:  +1.6%  3M:  +3.3%  YTD:  +3.5%  | 3개월 횡보 구간.
  XBI        $    155.45  1D:  +0.1%  1W:  -5.1%  1M: +17.2%  3M: +18.0%  YTD: +25.1%  | 3개월 +18% 상승 추세. 고점 후 조정.
  XLE        $     56.95  1D:  +0.4%  1W:  +4.2%  1M:  +0.4%  3M:  +0.1%  YTD: +21.3%  | 3개월 횡보 구간.
  XLF        $     56.18  1D:  +0.2%  1W:  +0.2%  1M:  +7.1%  3M:  +9.8%  YTD:  +4.2%  | 3개월 횡보 구간.
  XLI        $    180.45  1D:  +0.0%  1W:  -1.1%  1M:  +3.3%  3M:  +5.1%  YTD:  +9.4%  | 3개월 횡보 구간.
  XLP        $     83.42  1D:  -1.4%  1W:  -1.7%  1M:  -1.5%  3M:  +0.7%  YTD:  +2.6%  | 3개월 횡보 구간.
  XLU        $     45.69  1D:  -0.1%  1W:  -0.0%  1M:  +4.4%  3M:  -2.5%  YTD:  +6.2%  | 3개월 횡보 구간.
  XLV        $    158.29  1D:  -1.9%  1W:  -3.7%  1M:  +3.2%  3M:  +6.5%  YTD:  +1.7%  | 3개월 횡보 구간. 고점 후 조정.
  XLY        $    115.90  1D:  -0.1%  1W:  -1.3%  1M:  -0.1%  3M:  +3.0%  YTD:  -5.2%  | 3개월 횡보 구간.
  XRT        $     87.78  1D:  +0.4%  1W:  +0.7%  1M:  +0.3%  3M:  +4.9%  YTD:  -2.9%  | 3개월 횡보 구간.
  ^DJI         52,508.27  1D:  +0.0%  1W:  -0.8%  1M:  +3.3%  3M:  +9.0%  YTD:  +6.2%  | 3개월 횡보 구간.
  ^FTSE        10,529.39  1D:  +0.3%  1W:  -1.3%  1M:  +0.9%  3M:  -0.7%  YTD:  +3.4%  | 3개월 횡보 구간.
  ^GDAXI       25,114.25  1D:  +0.2%  1W:  -2.7%  1M:  +1.9%  3M:  +5.5%  YTD:  -0.7%  | 3개월 횡보 구간.
  ^GSPC         7,543.59  1D:  +0.4%  1W:  +0.5%  1M:  +2.0%  3M: +10.5%  YTD:  +8.6%  | 3개월 +11% 상승 추세.
  ^IXIC        26,107.01  1D:  +0.9%  1W:  +1.1%  1M:  +1.2%  3M: +14.4%  YTD: +11.0%  | 3개월 +14% 상승 추세.
  ^RUT          2,964.76  1D:  +0.4%  1W:  -0.6%  1M:  +1.5%  3M: +12.5%  YTD: +10.9%  | 3개월 +12% 상승 추세.
  ^SOX         12,661.93  1D:  +2.5%  1W:  +2.9%  1M:  -3.9%  3M: +45.7%  YTD: +61.6%  | 3개월 +46% 급등세. 반등 시도 중. 금일 +2.5% 상승.
  ^STOXX50E     6,271.02  1D:  +0.0%  1W:  -2.0%  1M:  +1.3%  3M:  +6.0%  YTD:  +4.4%  | 3개월 횡보 구간.
  ^TNX              4.59  1D:  -0.5%  1W:  +1.2%  1M:  +2.7%  3M:  +6.8%  YTD: +10.7%  | 3개월 횡보 구간.
  ^VIX             16.50  1D:  -3.8%  1W:  +2.3%  1M: -15.1%  3M: -14.2%  YTD:  -1.5%  | 3개월 -14% 하락 추세. 반등 시도 중. 금일 -3.8% 하락.
======================================================================
2026-07-16 07:30:02,534 - INFO - Market group: US (Market Indicators)
2026-07-16 07:30:02,534 - INFO - Total indicators: 57
2026-07-16 07:30:02,534 - INFO - Downloading data for 57 indicators (period=6mo)...
2026-07-16 07:30:04,110 - INFO - Downloaded 182 days of data, 57 tickers
2026-07-16 07:30:04,116 - INFO - Computed returns for 57 indicators
2026-07-16 07:30:04,939 - INFO - Heatmap saved: /home/inhyuk/projects/dataScout/data_us/indicator_charts/heatmap_20260716.png
2026-07-16 07:30:05,550 - INFO - Category chart saved: /home/inhyuk/projects/dataScout/data_us/indicator_charts/chart_20260716_미국_지수.png
2026-07-16 07:30:05,828 - INFO - Category chart saved: /home/inhyuk/projects/dataScout/data_us/indicator_charts/chart_20260716_유럽_지수.png
2026-07-16 07:30:06,162 - INFO - Category chart saved: /home/inhyuk/projects/dataScout/data_us/indicator_charts/chart_20260716_global___region.png
2026-07-16 07:30:06,914 - INFO - Category chart saved: /home/inhyuk/projects/dataScout/data_us/indicator_charts/chart_20260716_sector_cyclical.png
2026-07-16 07:30:07,362 - INFO - Category chart saved: /home/inhyuk/projects/dataScout/data_us/indicator_charts/chart_20260716_sector_defensive.png
2026-07-16 07:30:07,789 - INFO - Category chart saved: /home/inhyuk/projects/dataScout/data_us/indicator_charts/chart_20260716_tech___semi___sw.png
2026-07-16 07:30:08,052 - INFO - Category chart saved: /home/inhyuk/projects/dataScout/data_us/indicator_charts/chart_20260716_lithium___resources.png
2026-07-16 07:30:08,803 - INFO - Category chart saved: /home/inhyuk/projects/dataScout/data_us/indicator_charts/chart_20260716_thematic.png
2026-07-16 07:30:09,548 - INFO - Category chart saved: /home/inhyuk/projects/dataScout/data_us/indicator_charts/chart_20260716_macro___safe_haven.png
2026-07-16 07:30:09,831 - INFO - Category chart saved: /home/inhyuk/projects/dataScout/data_us/indicator_charts/chart_20260716_individual.png
2026-07-16 07:30:09,831 - INFO - Sending heatmap to Telegram...
2026-07-16 07:30:13,790 - INFO - Heatmap: sent
2026-07-16 07:30:14,790 - INFO - Sending 미국 지수...
2026-07-16 07:30:17,659 - INFO -   미국 지수 sent.
2026-07-16 07:30:18,159 - INFO - Sending 유럽 지수...
2026-07-16 07:30:20,850 - INFO -   유럽 지수 sent.
2026-07-16 07:30:21,350 - INFO - Sending Global / Region...
2026-07-16 07:30:24,240 - INFO -   Global / Region sent.
2026-07-16 07:30:24,740 - INFO - Sending Sector Cyclical...
2026-07-16 07:30:27,678 - INFO -   Sector Cyclical sent.
2026-07-16 07:30:28,178 - INFO - Sending Sector Defensive...
2026-07-16 07:30:30,936 - INFO -   Sector Defensive sent.
2026-07-16 07:30:31,436 - INFO - Sending Tech / Semi / SW...
2026-07-16 07:30:34,282 - INFO -   Tech / Semi / SW sent.
2026-07-16 07:30:34,782 - INFO - Sending Lithium / Resources...
2026-07-16 07:30:37,226 - INFO -   Lithium / Resources sent.
2026-07-16 07:30:37,726 - INFO - Sending Thematic...
2026-07-16 07:30:40,788 - INFO -   Thematic sent.
2026-07-16 07:30:41,289 - INFO - Sending Macro / Safe Haven...
2026-07-16 07:30:44,243 - INFO -   Macro / Safe Haven sent.
2026-07-16 07:30:44,744 - INFO - Sending Individual...
2026-07-16 07:30:47,204 - INFO -   Individual sent.

======================================================================
Market Indicators Summary (20260716)
======================================================================
  ALB        $    124.74  1D:  -3.1%  1W:  -3.6%  1M: -26.8%  3M: -28.0%  YTD: -23.1%  | 3개월 -28% 급락세. 금일 -3.1% 하락.
  BIZD       $     12.67  1D:  +0.9%  1W:  +2.8%  1M:  +1.6%  3M:  +4.5%  YTD:  -7.6%  | 3개월 횡보 구간.
  BTC-USD    $ 64,858.40  1D:  -0.2%  1W:  +1.1%  1M:  +6.3%  3M: -20.6%  YTD: -32.1%  | 3개월 -21% 급락세.
  CL=F             80.26  1D:  +1.2%  1W:  +9.2%  1M:  -5.4%  3M: -16.9%  YTD: +35.6%  | 3개월 -17% 급락세. 반등 시도 중.
  DRAM       $     57.40  1D:  -6.3%  1W:  -7.5%  1M: -11.7%  3M: +77.0%  YTD:+106.8%  | 3개월 +77% 급등세. 1주 -7.5% 급락. 금일 -6.3% 급락.
  EEM        $     65.57  1D:  -0.2%  1W:  -1.0%  1M:  -2.9%  3M:  +8.8%  YTD: +13.9%  | 3개월 횡보 구간.
  EWJ        $     93.50  1D:  -0.4%  1W:  +1.0%  1M:  +1.4%  3M:  +6.7%  YTD: +10.0%  | 3개월 횡보 구간.
  EZU        $     68.76  1D:  +0.6%  1W:  +0.8%  1M:  +0.1%  3M:  +5.1%  YTD:  +6.0%  | 3개월 횡보 구간.
  FXI        $     34.28  1D:  +1.5%  1W:  +2.5%  1M:  -2.1%  3M:  -4.7%  YTD: -12.1%  | 3개월 횡보 구간.
  GDX        $     74.00  1D:  -1.2%  1W:  +0.6%  1M:  -7.5%  3M: -25.5%  YTD: -23.9%  | 3개월 -26% 급락세. 반등 시도 중.
  GLD        $    372.35  1D:  +0.1%  1W:  -0.6%  1M:  -3.7%  3M: -14.8%  YTD: -11.6%  | 3개월 -15% 하락 추세.
  GRID       $    182.63  1D:  -0.6%  1W:  +0.1%  1M:  -3.0%  3M:  +3.1%  YTD: +15.2%  | 3개월 횡보 구간.
  HG=F              6.38  1D:  +0.8%  1W:  +5.4%  1M:  -0.7%  3M:  +8.7%  YTD:  +7.3%  | 3개월 횡보 구간. 1주 +5.4% 급등.
  HYDR       $     44.60  1D:  -2.2%  1W:  -3.9%  1M: -18.0%  3M: +13.4%  YTD: +16.2%  | 3개월 +13% 상승 추세. 금일 -2.2% 하락.
  HYG        $     79.81  1D:  +0.2%  1W:  +0.2%  1M:  +0.3%  3M:  +1.3%  YTD:  +1.4%  | 3개월 횡보 구간.
  ICLN       $     19.08  1D:  +0.1%  1W:  +0.2%  1M:  -8.6%  3M:  +1.1%  YTD:  +8.1%  | 3개월 횡보 구간. 반등 시도 중.
  ICLR       $    172.08  1D:  +2.4%  1W:  +4.0%  1M: +17.7%  3M: +61.1%  YTD:  -5.8%  | 3개월 +61% 급등세. 단기 강세 가속. 금일 +2.4% 상승.
  IGV        $     93.94  1D:  +0.3%  1W:  +1.6%  1M:  +3.6%  3M: +25.8%  YTD:  -4.4%  | 3개월 +26% 상승 추세.
  IHI        $     49.86  1D:  +1.3%  1W:  -2.7%  1M:  +0.5%  3M:  -6.2%  YTD: -19.2%  | 3개월 -6% 하락 추세.
  ITB        $     97.94  1D:  +0.8%  1W:  +2.1%  1M:  +1.2%  3M:  +4.1%  YTD:  -8.9%  | 3개월 횡보 구간.
  IYT        $     87.55  1D:  -0.1%  1W:  +1.1%  1M:  +1.4%  3M: +13.4%  YTD: +13.1%  | 3개월 +13% 상승 추세.
  JETS       $     31.25  1D:  +1.3%  1W:  -1.7%  1M:  +5.8%  3M: +20.7%  YTD:  +7.7%  | 3개월 +21% 상승 추세.
  KRW=X         1,487.11  1D:  -0.7%  1W:  -2.2%  1M:  -1.7%  3M:  +1.2%  YTD:  +1.7%  | 3개월 횡보 구간.
  LIT        $     71.06  1D:  -0.7%  1W:  -1.5%  1M: -13.4%  3M:  -8.4%  YTD:  +2.4%  | 3개월 -8% 하락 추세.
  MAGS       $     69.02  1D:  +2.3%  1W:  +4.9%  1M:  +6.3%  3M: +12.9%  YTD:  +6.3%  | 3개월 +13% 상승 추세. 단기 강세 가속. 금일 +2.3% 상승.
  MSTR       $     97.47  1D:  -0.1%  1W:  +3.8%  1M: -21.4%  3M: -24.2%  YTD: -43.9%  | 3개월 -24% 급락세. 반등 시도 중.
  NTRA       $    277.37  1D:  +1.7%  1W:  +1.1%  1M: +30.8%  3M: +43.7%  YTD: +19.9%  | 3개월 +44% 급등세.
  PAVE       $     56.64  1D:  -0.1%  1W:  +1.1%  1M:  -1.8%  3M:  +3.8%  YTD: +10.0%  | 3개월 횡보 구간.
  ROBO       $     80.55  1D:  -0.3%  1W:  -0.6%  1M:  -3.0%  3M:  +9.2%  YTD:  +8.7%  | 3개월 횡보 구간.
  RSP        $    212.97  1D:  -0.2%  1W:  +0.4%  1M:  +1.0%  3M:  +8.7%  YTD:  +7.9%  | 3개월 횡보 구간.
  SHLD       $     60.26  1D:  +0.1%  1W:  -3.8%  1M:  -5.3%  3M: -16.8%  YTD: -22.4%  | 3개월 -17% 급락세.
  SLX        $    101.85  1D:  +0.6%  1W:  +4.6%  1M:  -8.1%  3M:  +3.3%  YTD: +12.2%  | 3개월 횡보 구간. 반등 시도 중.
  SOXX       $    555.27  1D:  -2.2%  1W:  -1.2%  1M:  -6.8%  3M: +43.7%  YTD: +62.3%  | 3개월 +44% 급등세. 금일 -2.2% 하락.
  SQM        $     71.52  1D:  -2.0%  1W:  -3.9%  1M: -15.0%  3M: -11.9%  YTD:  -6.7%  | 3개월 -12% 하락 추세.
  TLT        $     84.24  1D:  +0.2%  1W:  -0.1%  1M:  -1.4%  3M:  -1.5%  YTD:  -1.9%  | 3개월 횡보 구간.
  UFO        $     45.37  1D:  -0.9%  1W:  -4.8%  1M: -14.2%  3M: -10.3%  YTD:  -4.1%  | 3개월 -10% 하락 추세.
  URA        $     40.90  1D:  -1.6%  1W:  -1.8%  1M: -10.1%  3M: -19.7%  YTD: -24.8%  | 3개월 -20% 급락세.
  UUP        $     28.25  1D:  -0.5%  1W:  -0.4%  1M:  +1.1%  3M:  +3.0%  YTD:  +3.0%  | 3개월 횡보 구간.
  XBI        $    156.22  1D:  +0.5%  1W:  -4.1%  1M: +16.9%  3M: +20.8%  YTD: +25.9%  | 3개월 +21% 상승 추세. 고점 후 조정.
  XLE        $     56.50  1D:  -0.8%  1W:  +1.6%  1M:  -1.1%  3M:  -0.1%  YTD: +20.1%  | 3개월 횡보 구간.
  XLF        $     56.56  1D:  +0.7%  1W:  +2.9%  1M:  +6.4%  3M: +11.8%  YTD:  +4.8%  | 3개월 +12% 상승 추세.
  XLI        $    180.06  1D:  -0.2%  1W:  -0.2%  1M:  +2.5%  3M:  +5.2%  YTD:  +8.5%  | 3개월 횡보 구간.
  XLP        $     83.47  1D:  +0.1%  1W:  -1.1%  1M:  -2.1%  3M:  +2.0%  YTD:  +2.9%  | 3개월 횡보 구간.
  XLU        $     45.22  1D:  -1.0%  1W:  -0.3%  1M:  +2.2%  3M:  -3.1%  YTD:  +5.6%  | 3개월 횡보 구간.
  XLV        $    158.29  1D:  +0.0%  1W:  -2.5%  1M:  +3.4%  3M:  +7.9%  YTD:  +2.5%  | 3개월 횡보 구간.
  XLY        $    117.00  1D:  +0.9%  1W:  +1.5%  1M:  +0.5%  3M:  +3.8%  YTD:  -4.0%  | 3개월 횡보 구간.
  XRT        $     89.10  1D:  +1.5%  1W:  +3.6%  1M:  +1.8%  3M:  +7.9%  YTD:  -1.0%  | 3개월 횡보 구간.
  ^DJI         52,658.64  1D:  +0.3%  1W:  +0.6%  1M:  +2.8%  3M:  +9.9%  YTD:  +6.7%  | 3개월 횡보 구간.
  ^FTSE        10,515.92  1D:  -0.1%  1W:  +0.3%  1M:  +0.2%  3M:  -0.6%  YTD:  +2.7%  | 3개월 횡보 구간.
  ^GDAXI       25,147.03  1D:  +0.1%  1W:  -1.2%  1M:  +1.0%  3M:  +5.9%  YTD:  -0.8%  | 3개월 횡보 구간.
  ^GSPC         7,572.40  1D:  +0.4%  1W:  +1.2%  1M:  +1.9%  3M: +11.1%  YTD:  +9.1%  | 3개월 +11% 상승 추세.
  ^IXIC        26,269.23  1D:  +0.6%  1W:  +1.5%  1M:  +1.5%  3M: +14.7%  YTD: +11.7%  | 3개월 +15% 상승 추세.
  ^RUT          2,976.26  1D:  +0.4%  1W:  +0.7%  1M:  +1.1%  3M: +13.1%  YTD: +11.1%  | 3개월 +13% 상승 추세.
  ^SOX         12,398.89  1D:  -2.1%  1W:  -1.4%  1M:  -7.3%  3M: +39.5%  YTD: +56.4%  | 3개월 +39% 급등세. 금일 -2.1% 하락.
  ^STOXX50E     6,280.19  1D:  +0.1%  1W:  -0.6%  1M:  +0.8%  3M:  +6.5%  YTD:  +4.0%  | 3개월 횡보 구간.
  ^TNX              4.55  1D:  -0.9%  1W:  -0.5%  1M:  +1.3%  3M:  +5.3%  YTD:  +9.3%  | 3개월 횡보 구간.
  ^VIX             15.67  1D:  -5.0%  1W:  -7.3%  1M: -11.4%  3M: -18.0%  YTD:  -1.1%  | 3개월 -18% 급락세. 1주 -7.3% 급락. 금일 -5.0% 급락.
======================================================================
2026-07-17 07:30:01,798 - INFO - Market group: US (Market Indicators)
2026-07-17 07:30:01,798 - INFO - Total indicators: 57
2026-07-17 07:30:01,798 - INFO - Downloading data for 57 indicators (period=6mo)...
2026-07-17 07:30:03,202 - INFO - Downloaded 182 days of data, 57 tickers
2026-07-17 07:30:03,208 - INFO - Computed returns for 57 indicators
2026-07-17 07:30:04,020 - INFO - Heatmap saved: /home/inhyuk/projects/dataScout/data_us/indicator_charts/heatmap_20260717.png
2026-07-17 07:30:04,635 - INFO - Category chart saved: /home/inhyuk/projects/dataScout/data_us/indicator_charts/chart_20260717_미국_지수.png
2026-07-17 07:30:04,922 - INFO - Category chart saved: /home/inhyuk/projects/dataScout/data_us/indicator_charts/chart_20260717_유럽_지수.png
2026-07-17 07:30:05,259 - INFO - Category chart saved: /home/inhyuk/projects/dataScout/data_us/indicator_charts/chart_20260717_global___region.png
2026-07-17 07:30:06,014 - INFO - Category chart saved: /home/inhyuk/projects/dataScout/data_us/indicator_charts/chart_20260717_sector_cyclical.png
2026-07-17 07:30:06,461 - INFO - Category chart saved: /home/inhyuk/projects/dataScout/data_us/indicator_charts/chart_20260717_sector_defensive.png
2026-07-17 07:30:06,885 - INFO - Category chart saved: /home/inhyuk/projects/dataScout/data_us/indicator_charts/chart_20260717_tech___semi___sw.png
2026-07-17 07:30:07,158 - INFO - Category chart saved: /home/inhyuk/projects/dataScout/data_us/indicator_charts/chart_20260717_lithium___resources.png
2026-07-17 07:30:07,915 - INFO - Category chart saved: /home/inhyuk/projects/dataScout/data_us/indicator_charts/chart_20260717_thematic.png
2026-07-17 07:30:08,667 - INFO - Category chart saved: /home/inhyuk/projects/dataScout/data_us/indicator_charts/chart_20260717_macro___safe_haven.png
2026-07-17 07:30:08,943 - INFO - Category chart saved: /home/inhyuk/projects/dataScout/data_us/indicator_charts/chart_20260717_individual.png
2026-07-17 07:30:08,943 - INFO - Sending heatmap to Telegram...
2026-07-17 07:30:13,046 - INFO - Heatmap: sent
2026-07-17 07:30:14,046 - INFO - Sending 미국 지수...
2026-07-17 07:30:17,195 - INFO -   미국 지수 sent.
2026-07-17 07:30:17,695 - INFO - Sending 유럽 지수...
2026-07-17 07:30:20,236 - INFO -   유럽 지수 sent.
2026-07-17 07:30:20,736 - INFO - Sending Global / Region...
2026-07-17 07:30:23,209 - INFO -   Global / Region sent.
2026-07-17 07:30:23,709 - INFO - Sending Sector Cyclical...
2026-07-17 07:30:26,896 - INFO -   Sector Cyclical sent.
2026-07-17 07:30:27,396 - INFO - Sending Sector Defensive...
2026-07-17 07:30:30,120 - INFO -   Sector Defensive sent.
2026-07-17 07:30:30,620 - INFO - Sending Tech / Semi / SW...
2026-07-17 07:30:33,321 - INFO -   Tech / Semi / SW sent.
2026-07-17 07:30:33,821 - INFO - Sending Lithium / Resources...
2026-07-17 07:30:36,949 - INFO -   Lithium / Resources sent.
2026-07-17 07:30:37,449 - INFO - Sending Thematic...
2026-07-17 07:30:40,563 - INFO -   Thematic sent.
2026-07-17 07:30:41,063 - INFO - Sending Macro / Safe Haven...
2026-07-17 07:30:44,009 - INFO -   Macro / Safe Haven sent.
2026-07-17 07:30:44,509 - INFO - Sending Individual...
2026-07-17 07:30:46,922 - INFO -   Individual sent.

======================================================================
Market Indicators Summary (20260717)
======================================================================
  ALB        $    119.46  1D:  -4.2%  1W:  -7.0%  1M: -29.3%  3M: -35.4%  YTD: -30.4%  | 3개월 -35% 급락세. 1주 -7.0% 급락. 금일 -4.2% 하락.
  BIZD       $     12.86  1D:  +1.5%  1W:  +4.7%  1M:  +4.5%  3M:  +4.8%  YTD:  -5.0%  | 3개월 횡보 구간.
  BTC-USD    $ 63,973.38  1D:  -1.1%  1W:  +0.3%  1M:  +7.1%  3M: -20.5%  YTD: -33.0%  | 3개월 -21% 급락세.
  CL=F             79.06  1D:  -0.7%  1W:  +9.7%  1M:  -2.1%  3M: -20.2%  YTD: +33.0%  | 3개월 -20% 급락세. 1주 +9.7% 급등.
  DRAM       $     52.34  1D:  -8.8%  1W: -18.7%  1M: -26.4%  3M: +56.0%  YTD: +88.5%  | 3개월 +56% 급등세. 1주 -18.7% 급락. 금일 -8.8% 급락.
  EEM        $     64.19  1D:  -2.1%  1W:  -3.9%  1M:  -8.0%  3M:  +5.7%  YTD: +12.6%  | 3개월 횡보 구간. 금일 -2.1% 하락.
  EWJ        $     91.91  1D:  -1.7%  1W:  -1.7%  1M:  -2.3%  3M:  +4.6%  YTD: +10.4%  | 3개월 횡보 구간.
  EZU        $     68.24  1D:  -0.8%  1W:  -0.4%  1M:  -1.5%  3M:  +3.6%  YTD:  +7.0%  | 3개월 횡보 구간.
  FXI        $     34.53  1D:  +0.7%  1W:  +3.4%  1M:  -1.7%  3M:  -4.6%  YTD: -10.5%  | 3개월 횡보 구간.
  GDX        $     71.40  1D:  -3.5%  1W:  -5.8%  1M: -16.3%  3M: -27.7%  YTD: -30.5%  | 3개월 -28% 급락세. 1주 -5.8% 급락. 금일 -3.5% 하락.
  GLD        $    364.96  1D:  -2.0%  1W:  -3.5%  1M:  -8.0%  3M: -16.2%  YTD: -16.5%  | 3개월 -16% 급락세.
  GRID       $    177.67  1D:  -2.7%  1W:  -3.5%  1M:  -7.3%  3M:  -0.7%  YTD: +13.7%  | 3개월 횡보 구간. 금일 -2.7% 하락.
  HG=F              6.28  1D:  -0.1%  1W:  +1.1%  1M:  -3.0%  3M:  +5.2%  YTD:  +8.6%  | 3개월 횡보 구간. 반등 시도 중.
  HYDR       $     41.98  1D:  -5.9%  1W: -10.1%  1M: -25.4%  3M:  +2.5%  YTD: +10.0%  | 3개월 횡보 구간. 1주 -10.1% 급락. 금일 -5.9% 급락.
  HYG        $     79.80  1D:  -0.0%  1W:  +0.1%  1M:  +0.2%  3M:  +0.9%  YTD:  +1.6%  | 3개월 횡보 구간.
  ICLN       $     18.35  1D:  -3.8%  1W:  -5.1%  1M: -12.7%  3M:  -3.0%  YTD:  +5.0%  | 3개월 횡보 구간. 1주 -5.1% 급락. 금일 -3.8% 하락.
  ICLR       $    170.00  1D:  -1.2%  1W:  +0.7%  1M: +15.1%  3M: +54.0%  YTD:  -3.7%  | 3개월 +54% 급등세.
  IGV        $     93.70  1D:  -0.3%  1W:  -0.2%  1M:  +1.1%  3M: +19.1%  YTD:  -2.3%  | 3개월 +19% 상승 추세.
  IHI        $     52.20  1D:  +4.7%  1W:  +1.8%  1M:  +5.1%  3M:  -3.0%  YTD: -14.8%  | 3개월 횡보 구간. 금일 +4.7% 상승.
  ITB        $    100.19  1D:  +2.3%  1W:  +3.4%  1M:  +3.2%  3M:  +5.3%  YTD:  -4.7%  | 3개월 횡보 구간. 금일 +2.3% 상승.
  IYT        $     90.01  1D:  +2.8%  1W:  +2.1%  1M:  +4.0%  3M: +15.9%  YTD: +19.1%  | 3개월 +16% 상승 추세. 금일 +2.8% 상승.
  JETS       $     31.25  1D:  +0.0%  1W:  -3.6%  1M:  +2.6%  3M: +21.1%  YTD: +10.5%  | 3개월 +21% 상승 추세.
  KRW=X         1,477.76  1D:  -0.7%  1W:  -1.7%  1M:  -2.2%  3M:  +0.3%  YTD:  +0.6%  | 3개월 횡보 구간.
  LIT        $     68.86  1D:  -3.1%  1W:  -5.4%  1M: -17.7%  3M: -13.6%  YTD:  -1.2%  | 3개월 -14% 하락 추세. 1주 -5.4% 급락. 금일 -3.1% 하락.
  MAGS       $     68.12  1D:  -1.3%  1W:  +2.0%  1M:  +2.3%  3M: +10.3%  YTD:  +8.2%  | 3개월 +10% 상승 추세.
  MSTR       $     94.03  1D:  -3.5%  1W:  +0.1%  1M: -28.3%  3M: -29.0%  YTD: -41.3%  | 3개월 -29% 급락세. 반등 시도 중. 금일 -3.5% 하락.
  NTRA       $    269.83  1D:  -2.7%  1W:  -4.3%  1M: +24.4%  3M: +33.6%  YTD: +14.9%  | 3개월 +34% 급등세. 고점 후 조정. 금일 -2.7% 하락.
  PAVE       $     56.78  1D:  +0.2%  1W:  +0.6%  1M:  -2.2%  3M:  +3.4%  YTD: +12.6%  | 3개월 횡보 구간.
  ROBO       $     79.39  1D:  -1.4%  1W:  -3.9%  1M:  -6.8%  3M:  +5.6%  YTD:  +9.9%  | 3개월 횡보 구간.
  RSP        $    215.06  1D:  +1.0%  1W:  +0.7%  1M:  +1.4%  3M:  +8.6%  YTD: +10.6%  | 3개월 횡보 구간.
  SHLD       $     59.89  1D:  -0.6%  1W:  -2.6%  1M:  -5.1%  3M: -19.4%  YTD: -22.0%  | 3개월 -19% 급락세.
  SLX        $    100.28  1D:  -1.5%  1W:  +3.3%  1M:  -9.7%  3M:  +0.8%  YTD: +10.3%  | 3개월 횡보 구간. 반등 시도 중.
  SOXX       $    530.50  1D:  -4.5%  1W:  -8.8%  1M: -15.6%  3M: +34.9%  YTD: +57.4%  | 3개월 +35% 급등세. 1주 -8.8% 급락. 금일 -4.5% 하락.
  SQM        $     66.33  1D:  -7.3%  1W: -10.5%  1M: -20.3%  3M: -23.4%  YTD: -16.3%  | 3개월 -23% 급락세. 1주 -10.5% 급락. 금일 -7.3% 급락.
  TLT        $     84.21  1D:  -0.0%  1W:  -0.3%  1M:  -1.4%  3M:  -1.8%  YTD:  -0.6%  | 3개월 횡보 구간.
  UFO        $     43.68  1D:  -3.7%  1W:  -7.8%  1M: -16.8%  3M: -15.1%  YTD:  -5.4%  | 3개월 -15% 급락세. 1주 -7.8% 급락. 금일 -3.7% 하락.
  URA        $     39.11  1D:  -4.4%  1W:  -7.7%  1M: -18.6%  3M: -25.0%  YTD: -27.7%  | 3개월 -25% 급락세. 1주 -7.7% 급락. 금일 -4.4% 하락.
  UUP        $     28.34  1D:  +0.3%  1W:  -0.1%  1M:  +1.3%  3M:  +3.5%  YTD:  +4.2%  | 3개월 횡보 구간.
  XBI        $    152.00  1D:  -2.7%  1W:  -7.5%  1M: +11.5%  3M: +15.2%  YTD: +21.4%  | 3개월 +15% 상승 추세. 고점 후 조정. 금일 -2.7% 하락.
  XLE        $     57.02  1D:  +0.9%  1W:  +4.0%  1M:  +3.4%  3M:  +0.6%  YTD: +21.4%  | 3개월 횡보 구간.
  XLF        $     56.75  1D:  +0.3%  1W:  +2.2%  1M:  +6.3%  3M: +10.2%  YTD:  +7.6%  | 3개월 +10% 상승 추세.
  XLI        $    180.15  1D:  +0.0%  1W:  -0.5%  1M:  +1.1%  3M:  +4.6%  YTD: +10.7%  | 3개월 횡보 구간.
  XLP        $     85.81  1D:  +2.8%  1W:  +3.1%  1M:  +1.1%  3M:  +6.0%  YTD:  +5.5%  | 3개월 횡보 구간. 금일 +2.8% 상승.
  XLU        $     45.47  1D:  +0.6%  1W:  +0.8%  1M:  +2.3%  3M:  -1.4%  YTD:  +7.3%  | 3개월 횡보 구간.
  XLV        $    161.80  1D:  +2.2%  1W:  -0.2%  1M:  +6.3%  3M:  +9.8%  YTD:  +5.0%  | 3개월 횡보 구간. 금일 +2.2% 상승.
  XLY        $    117.34  1D:  +0.3%  1W:  +0.4%  1M:  -0.8%  3M:  +3.2%  YTD:  -1.1%  | 3개월 횡보 구간.
  XRT        $     90.48  1D:  +1.5%  1W:  +4.1%  1M:  +3.7%  3M:  +8.9%  YTD:  +2.4%  | 3개월 횡보 구간.
  ^DJI         52,552.97  1D:  -0.2%  1W:  +0.1%  1M:  +1.7%  3M:  +9.0%  YTD:  +8.4%  | 3개월 횡보 구간.
  ^FTSE        10,572.24  1D:  +0.5%  1W:  +1.0%  1M:  +0.6%  3M:  -0.3%  YTD:  +3.3%  | 3개월 횡보 구간.
  ^GDAXI       24,999.53  1D:  -0.6%  1W:  +0.4%  1M:  +0.4%  3M:  +4.0%  YTD:  -1.2%  | 3개월 횡보 구간.
  ^GSPC         7,533.77  1D:  -0.5%  1W:  -0.1%  1M:  -0.3%  3M:  +9.4%  YTD: +10.8%  | 3개월 횡보 구간.
  ^IXIC        25,881.95  1D:  -1.5%  1W:  -1.2%  1M:  -3.0%  3M: +11.6%  YTD: +12.8%  | 3개월 +12% 상승 추세.
  ^RUT          2,974.57  1D:  -0.1%  1W:  -0.6%  1M:  +0.3%  3M: +11.4%  YTD: +12.4%  | 3개월 +11% 상승 추세.
  ^SOX         11,867.50  1D:  -4.3%  1W:  -8.4%  1M: -15.8%  3M: +31.3%  YTD: +52.3%  | 3개월 +31% 급등세. 1주 -8.4% 급락. 금일 -4.3% 하락.
  ^STOXX50E     6,265.58  1D:  -0.2%  1W:  +1.0%  1M:  +0.1%  3M:  +5.7%  YTD:  +3.9%  | 3개월 횡보 구간.
  ^TNX              4.57  1D:  +0.5%  1W:  +0.7%  1M:  +2.2%  3M:  +6.3%  YTD:  +8.0%  | 3개월 횡보 구간.
  ^VIX             16.73  1D:  +6.8%  1W:  +5.6%  1M:  +3.3%  3M:  -8.9%  YTD:  +5.5%  | 3개월 -9% 하락 추세. 1주 +5.6% 급등. 금일 +6.8% 급등.
======================================================================
2026-07-18 07:30:02,019 - INFO - Market group: US (Market Indicators)
2026-07-18 07:30:02,019 - INFO - Total indicators: 57
2026-07-18 07:30:02,019 - INFO - Downloading data for 57 indicators (period=6mo)...
2026-07-18 07:30:04,452 - INFO - Downloaded 182 days of data, 57 tickers
2026-07-18 07:30:04,458 - INFO - Computed returns for 57 indicators
2026-07-18 07:30:05,271 - INFO - Heatmap saved: /home/inhyuk/projects/dataScout/data_us/indicator_charts/heatmap_20260718.png
2026-07-18 07:30:05,902 - INFO - Category chart saved: /home/inhyuk/projects/dataScout/data_us/indicator_charts/chart_20260718_미국_지수.png
2026-07-18 07:30:06,200 - INFO - Category chart saved: /home/inhyuk/projects/dataScout/data_us/indicator_charts/chart_20260718_유럽_지수.png
2026-07-18 07:30:06,538 - INFO - Category chart saved: /home/inhyuk/projects/dataScout/data_us/indicator_charts/chart_20260718_global___region.png
2026-07-18 07:30:07,313 - INFO - Category chart saved: /home/inhyuk/projects/dataScout/data_us/indicator_charts/chart_20260718_sector_cyclical.png
2026-07-18 07:30:07,772 - INFO - Category chart saved: /home/inhyuk/projects/dataScout/data_us/indicator_charts/chart_20260718_sector_defensive.png
2026-07-18 07:30:08,260 - INFO - Category chart saved: /home/inhyuk/projects/dataScout/data_us/indicator_charts/chart_20260718_tech___semi___sw.png
2026-07-18 07:30:08,549 - INFO - Category chart saved: /home/inhyuk/projects/dataScout/data_us/indicator_charts/chart_20260718_lithium___resources.png
2026-07-18 07:30:09,324 - INFO - Category chart saved: /home/inhyuk/projects/dataScout/data_us/indicator_charts/chart_20260718_thematic.png
2026-07-18 07:30:10,118 - INFO - Category chart saved: /home/inhyuk/projects/dataScout/data_us/indicator_charts/chart_20260718_macro___safe_haven.png
2026-07-18 07:30:10,395 - INFO - Category chart saved: /home/inhyuk/projects/dataScout/data_us/indicator_charts/chart_20260718_individual.png
2026-07-18 07:30:10,395 - INFO - Sending heatmap to Telegram...
2026-07-18 07:30:18,394 - INFO - Heatmap: sent
2026-07-18 07:30:19,394 - INFO - Sending 미국 지수...
2026-07-18 07:30:22,282 - INFO -   미국 지수 sent.
2026-07-18 07:30:22,782 - INFO - Sending 유럽 지수...
2026-07-18 07:30:26,605 - INFO -   유럽 지수 sent.
2026-07-18 07:30:27,105 - INFO - Sending Global / Region...
2026-07-18 07:30:29,618 - INFO -   Global / Region sent.
2026-07-18 07:30:30,118 - INFO - Sending Sector Cyclical...
2026-07-18 07:30:32,916 - INFO -   Sector Cyclical sent.
2026-07-18 07:30:33,416 - INFO - Sending Sector Defensive...
2026-07-18 07:30:36,184 - INFO -   Sector Defensive sent.
2026-07-18 07:30:36,684 - INFO - Sending Tech / Semi / SW...
2026-07-18 07:30:39,765 - INFO -   Tech / Semi / SW sent.
2026-07-18 07:30:40,265 - INFO - Sending Lithium / Resources...
2026-07-18 07:30:42,725 - INFO -   Lithium / Resources sent.
2026-07-18 07:30:43,225 - INFO - Sending Thematic...
2026-07-18 07:30:46,049 - INFO -   Thematic sent.
2026-07-18 07:30:46,549 - INFO - Sending Macro / Safe Haven...
2026-07-18 07:30:49,718 - INFO -   Macro / Safe Haven sent.
2026-07-18 07:30:50,219 - INFO - Sending Individual...
2026-07-18 07:30:52,761 - INFO -   Individual sent.

======================================================================
Market Indicators Summary (20260718)
======================================================================
  ALB        $    120.78  1D:  +1.1%  1W:  -4.2%  1M: -27.3%  3M: -36.2%  YTD: -29.6%  | 3개월 -36% 급락세.
  BIZD       $     12.72  1D:  -1.1%  1W:  +1.4%  1M:  +2.7%  3M:  +0.9%  YTD:  -6.0%  | 3개월 횡보 구간.
  BTC-USD    $ 63,925.30  1D:  +0.2%  1W:  +0.3%  1M:  +6.5%  3M: -19.4%  YTD: -32.8%  | 3개월 -19% 급락세.
  CL=F             81.77  1D:  +3.6%  1W: +14.5%  1M:  +7.5%  3M: -10.4%  YTD: +35.5%  | 3개월 -10% 하락 추세. 단기 강세 가속. 금일 +3.6% 상승.
  DRAM       $     52.72  1D:  +0.7%  1W: -16.4%  1M: -22.6%  3M: +48.2%  YTD: +89.9%  | 3개월 +48% 급등세. 1주 -16.4% 급락.
  EEM        $     63.29  1D:  -1.4%  1W:  -5.4%  1M:  -7.8%  3M:  +2.2%  YTD: +11.0%  | 3개월 횡보 구간. 1주 -5.4% 급락.
  EWJ        $     90.49  1D:  -1.5%  1W:  -4.3%  1M:  -3.9%  3M:  +1.8%  YTD:  +8.7%  | 3개월 횡보 구간.
  EZU        $     67.97  1D:  -0.4%  1W:  -0.9%  1M:  -2.0%  3M:  +2.2%  YTD:  +6.6%  | 3개월 횡보 구간.
  FXI        $     34.13  1D:  -1.2%  1W:  +1.9%  1M:  -1.2%  3M:  -6.8%  YTD: -11.5%  | 3개월 -7% 하락 추세.
  GDX        $     71.32  1D:  -0.1%  1W:  -5.6%  1M: -18.2%  3M: -29.2%  YTD: -30.6%  | 3개월 -29% 급락세. 1주 -5.6% 급락.
  GLD        $    368.41  1D:  +0.9%  1W:  -2.3%  1M:  -7.3%  3M: -17.2%  YTD: -15.7%  | 3개월 -17% 급락세.
  GRID       $    177.85  1D:  +0.1%  1W:  -3.8%  1M:  -7.1%  3M:  -1.5%  YTD: +13.8%  | 3개월 횡보 구간.
  HG=F              6.27  1D:  -0.4%  1W:  +0.6%  1M:  -3.4%  3M:  +3.3%  YTD:  +8.6%  | 3개월 횡보 구간. 반등 시도 중.
  HYDR       $     42.39  1D:  +1.0%  1W:  -7.4%  1M: -23.6%  3M:  -6.9%  YTD: +11.1%  | 3개월 -7% 하락 추세. 1주 -7.4% 급락.
  HYG        $     79.65  1D:  -0.2%  1W:  -0.1%  1M:  -0.0%  3M:  +0.4%  YTD:  +1.4%  | 3개월 횡보 구간.
  ICLN       $     18.37  1D:  +0.1%  1W:  -4.6%  1M: -11.8%  3M:  -6.6%  YTD:  +5.1%  | 3개월 -7% 하락 추세.
  ICLR       $    170.00  1D:  +0.0%  1W:  +1.4%  1M: +18.4%  3M: +50.4%  YTD:  -3.7%  | 3개월 +50% 급등세.
  IGV        $     92.80  1D:  -1.0%  1W:  +0.4%  1M:  +1.6%  3M: +16.8%  YTD:  -3.2%  | 3개월 +17% 상승 추세.
  IHI        $     50.51  1D:  -3.2%  1W:  -1.6%  1M:  +1.2%  3M:  -6.9%  YTD: -17.6%  | 3개월 -7% 하락 추세. 금일 -3.2% 하락.
  ITB        $     97.33  1D:  -2.9%  1W:  -0.4%  1M:  -0.9%  3M:  +2.0%  YTD:  -7.4%  | 3개월 횡보 구간. 금일 -2.9% 하락.
  IYT        $     89.21  1D:  -0.9%  1W:  +1.2%  1M:  +3.6%  3M: +13.2%  YTD: +18.0%  | 3개월 +13% 상승 추세.
  JETS       $     30.46  1D:  -2.5%  1W:  -5.1%  1M:  -0.6%  3M: +13.0%  YTD:  +7.7%  | 3개월 +13% 상승 추세. 1주 -5.1% 급락. 금일 -2.5% 하락.
  KRW=X         1,487.46  1D:  +0.1%  1W:  -1.2%  1M:  -2.5%  3M:  +0.6%  YTD:  +1.1%  | 3개월 횡보 구간.
  LIT        $     68.38  1D:  -0.7%  1W:  -5.4%  1M: -17.9%  3M: -14.7%  YTD:  -1.9%  | 3개월 -15% 하락 추세. 1주 -5.4% 급락.
  MAGS       $     66.91  1D:  -1.8%  1W:  -1.1%  1M:  +0.7%  3M:  +5.2%  YTD:  +6.3%  | 3개월 횡보 구간.
  MSTR       $     94.85  1D:  +0.9%  1W:  +0.2%  1M: -22.8%  3M: -31.0%  YTD: -40.8%  | 3개월 -31% 급락세. 반등 시도 중.
  NTRA       $    271.39  1D:  +0.6%  1W:  +0.5%  1M: +23.3%  3M: +26.4%  YTD: +15.6%  | 3개월 +26% 상승 추세.
  PAVE       $     56.30  1D:  -0.8%  1W:  -0.7%  1M:  -3.6%  3M:  +2.5%  YTD: +11.6%  | 3개월 횡보 구간.
  ROBO       $     77.89  1D:  -1.9%  1W:  -6.1%  1M:  -7.4%  3M:  +2.2%  YTD:  +7.9%  | 3개월 횡보 구간. 1주 -6.1% 급락.
  RSP        $    213.37  1D:  -0.8%  1W:  -0.4%  1M:  +1.0%  3M:  +7.3%  YTD:  +9.7%  | 3개월 횡보 구간.
  SHLD       $     60.06  1D:  +0.3%  1W:  -1.8%  1M:  -5.6%  3M: -18.9%  YTD: -21.8%  | 3개월 -19% 급락세.
  SLX        $    100.22  1D:  -0.1%  1W:  +1.1%  1M:  -9.2%  3M:  +0.1%  YTD: +10.3%  | 3개월 횡보 구간. 반등 시도 중.
  SOXX       $    521.81  1D:  -1.6%  1W: -10.2%  1M: -11.7%  3M: +30.1%  YTD: +54.8%  | 3개월 +30% 급등세. 1주 -10.2% 급락.
  SQM        $     69.81  1D:  +5.2%  1W:  -4.6%  1M: -16.0%  3M: -20.6%  YTD: -11.9%  | 3개월 -21% 급락세. 금일 +5.2% 급등.
  TLT        $     84.52  1D:  +0.4%  1W:  +0.1%  1M:  -1.6%  3M:  -2.0%  YTD:  -0.2%  | 3개월 횡보 구간.
  UFO        $     43.63  1D:  -0.1%  1W:  -7.0%  1M: -14.8%  3M: -15.5%  YTD:  -5.5%  | 3개월 -15% 급락세. 1주 -7.0% 급락.
  URA        $     38.73  1D:  -1.0%  1W:  -9.9%  1M: -19.1%  3M: -26.7%  YTD: -28.4%  | 3개월 -27% 급락세. 1주 -9.9% 급락.
  UUP        $     28.33  1D:  -0.0%  1W:  -0.2%  1M:  +1.4%  3M:  +3.7%  YTD:  +4.1%  | 3개월 횡보 구간.
  XBI        $    154.26  1D:  +1.5%  1W:  -3.0%  1M: +14.1%  3M: +13.8%  YTD: +23.2%  | 3개월 +14% 상승 추세.
  XLE        $     57.68  1D:  +1.2%  1W:  +4.7%  1M:  +4.9%  3M:  +3.8%  YTD: +22.8%  | 3개월 횡보 구간.
  XLF        $     56.26  1D:  -0.9%  1W:  +1.0%  1M:  +3.9%  3M:  +9.0%  YTD:  +6.7%  | 3개월 횡보 구간.
  XLI        $    179.41  1D:  -0.4%  1W:  -1.4%  1M:  +0.0%  3M:  +3.8%  YTD: +10.3%  | 3개월 횡보 구간.
  XLP        $     85.19  1D:  -0.7%  1W:  +1.3%  1M:  +0.2%  3M:  +5.3%  YTD:  +4.7%  | 3개월 횡보 구간.
  XLU        $     45.17  1D:  -0.7%  1W:  -0.5%  1M:  +0.9%  3M:  -2.2%  YTD:  +6.6%  | 3개월 횡보 구간.
  XLV        $    161.09  1D:  -0.4%  1W:  +0.2%  1M:  +5.8%  3M:  +8.7%  YTD:  +4.5%  | 3개월 횡보 구간.
  XLY        $    115.44  1D:  -1.6%  1W:  -1.5%  1M:  -2.4%  3M:  -0.7%  YTD:  -2.7%  | 3개월 횡보 구간.
  XRT        $     89.42  1D:  -1.2%  1W:  +1.5%  1M:  +2.9%  3M:  +7.2%  YTD:  +1.2%  | 3개월 횡보 구간.
  ^DJI         52,146.42  1D:  -0.8%  1W:  -0.9%  1M:  +0.3%  3M:  +7.4%  YTD:  +7.5%  | 3개월 횡보 구간.
  ^FTSE        10,600.37  1D:  +0.3%  1W:  +1.0%  1M:  +1.9%  3M:  +0.4%  YTD:  +4.0%  | 3개월 횡보 구간.
  ^GDAXI       24,915.49  1D:  -0.3%  1W:  -0.8%  1M:  -0.1%  3M:  +3.5%  YTD:  -0.2%  | 3개월 횡보 구간.
  ^GSPC         7,457.69  1D:  -1.0%  1W:  -1.6%  1M:  -0.7%  3M:  +7.0%  YTD:  +9.7%  | 3개월 횡보 구간.
  ^IXIC        25,520.24  1D:  -1.4%  1W:  -2.9%  1M:  -3.2%  3M:  +8.0%  YTD: +11.2%  | 3개월 횡보 구간.
  ^RUT          2,962.22  1D:  -0.4%  1W:  -0.5%  1M:  +0.8%  3M:  +9.5%  YTD: +12.0%  | 3개월 횡보 구간.
  ^SOX         11,673.89  1D:  -1.6%  1W: -10.0%  1M: -12.2%  3M: +26.6%  YTD: +49.8%  | 3개월 +27% 상승 추세. 1주 -10.0% 급락.
  ^STOXX50E     6,283.61  1D:  +0.3%  1W:  -0.0%  1M:  -0.3%  3M:  +6.4%  YTD:  +6.0%  | 3개월 횡보 구간.
  ^TNX              4.54  1D:  -0.6%  1W:  -0.6%  1M:  +2.6%  3M:  +6.7%  YTD:  +5.7%  | 3개월 횡보 구간.
  ^VIX             18.77  1D: +12.2%  1W: +24.9%  1M: +14.4%  3M:  +3.3%  YTD:  -6.6%  | 3개월 횡보 구간. 단기 강세 가속. 금일 +12.2% 급등.
======================================================================
2026-07-21 07:30:01,907 - INFO - Market group: US (Market Indicators)
2026-07-21 07:30:01,907 - INFO - Total indicators: 57
2026-07-21 07:30:01,907 - INFO - Downloading data for 57 indicators (period=6mo)...
2026-07-21 07:30:03,466 - INFO - Downloaded 182 days of data, 57 tickers
2026-07-21 07:30:03,473 - INFO - Computed returns for 57 indicators
2026-07-21 07:30:04,319 - INFO - Heatmap saved: /home/inhyuk/projects/dataScout/data_us/indicator_charts/heatmap_20260721.png
2026-07-21 07:30:04,944 - INFO - Category chart saved: /home/inhyuk/projects/dataScout/data_us/indicator_charts/chart_20260721_미국_지수.png
2026-07-21 07:30:05,232 - INFO - Category chart saved: /home/inhyuk/projects/dataScout/data_us/indicator_charts/chart_20260721_유럽_지수.png
2026-07-21 07:30:05,564 - INFO - Category chart saved: /home/inhyuk/projects/dataScout/data_us/indicator_charts/chart_20260721_global___region.png
2026-07-21 07:30:06,330 - INFO - Category chart saved: /home/inhyuk/projects/dataScout/data_us/indicator_charts/chart_20260721_sector_cyclical.png
2026-07-21 07:30:06,774 - INFO - Category chart saved: /home/inhyuk/projects/dataScout/data_us/indicator_charts/chart_20260721_sector_defensive.png
2026-07-21 07:30:07,199 - INFO - Category chart saved: /home/inhyuk/projects/dataScout/data_us/indicator_charts/chart_20260721_tech___semi___sw.png
2026-07-21 07:30:07,479 - INFO - Category chart saved: /home/inhyuk/projects/dataScout/data_us/indicator_charts/chart_20260721_lithium___resources.png
2026-07-21 07:30:08,236 - INFO - Category chart saved: /home/inhyuk/projects/dataScout/data_us/indicator_charts/chart_20260721_thematic.png
2026-07-21 07:30:08,999 - INFO - Category chart saved: /home/inhyuk/projects/dataScout/data_us/indicator_charts/chart_20260721_macro___safe_haven.png
2026-07-21 07:30:09,286 - INFO - Category chart saved: /home/inhyuk/projects/dataScout/data_us/indicator_charts/chart_20260721_individual.png
2026-07-21 07:30:09,286 - INFO - Sending heatmap to Telegram...
2026-07-21 07:30:14,085 - INFO - Heatmap: sent
2026-07-21 07:30:15,086 - INFO - Sending 미국 지수...
2026-07-21 07:30:18,029 - INFO -   미국 지수 sent.
2026-07-21 07:30:18,530 - INFO - Sending 유럽 지수...
2026-07-21 07:30:21,077 - INFO -   유럽 지수 sent.
2026-07-21 07:30:21,577 - INFO - Sending Global / Region...
2026-07-21 07:30:27,340 - INFO -   Global / Region sent.
2026-07-21 07:30:27,840 - INFO - Sending Sector Cyclical...
2026-07-21 07:30:30,898 - INFO -   Sector Cyclical sent.
2026-07-21 07:30:31,398 - INFO - Sending Sector Defensive...
2026-07-21 07:30:34,240 - INFO -   Sector Defensive sent.
2026-07-21 07:30:34,740 - INFO - Sending Tech / Semi / SW...
2026-07-21 07:30:37,517 - INFO -   Tech / Semi / SW sent.
2026-07-21 07:30:38,017 - INFO - Sending Lithium / Resources...
2026-07-21 07:30:40,546 - INFO -   Lithium / Resources sent.
2026-07-21 07:30:41,046 - INFO - Sending Thematic...
2026-07-21 07:30:44,244 - INFO -   Thematic sent.
2026-07-21 07:30:44,744 - INFO - Sending Macro / Safe Haven...
2026-07-21 07:30:47,866 - INFO -   Macro / Safe Haven sent.
2026-07-21 07:30:48,366 - INFO - Sending Individual...
2026-07-21 07:30:50,782 - INFO -   Individual sent.

======================================================================
Market Indicators Summary (20260721)
======================================================================
  ALB        $    118.20  1D:  -2.1%  1W:  -6.0%  1M: -29.0%  3M: -36.1%  YTD: -34.0%  | 3개월 -36% 급락세. 1주 -6.0% 급락. 금일 -2.1% 하락.
  BIZD       $     12.57  1D:  -1.2%  1W:  +0.8%  1M:  +3.8%  3M:  -2.7%  YTD:  -8.2%  | 3개월 횡보 구간.
  BTC-USD    $ 65,172.89  1D:  +0.7%  1W:  +0.7%  1M:  +8.4%  3M: -16.6%  YTD: -26.2%  | 3개월 -17% 급락세.
  CL=F             82.58  1D:  +0.1%  1W:  +5.7%  1M:  +7.5%  3M:  -9.5%  YTD: +36.9%  | 3개월 -10% 하락 추세. 단기 강세 가속.
  DRAM       $     53.06  1D:  +0.6%  1W:  -7.4%  1M: -24.1%  3M: +53.9%  YTD: +91.1%  | 3개월 +54% 급등세. 1주 -7.4% 급락.
  EEM        $     63.56  1D:  +0.4%  1W:  -1.5%  1M:  -7.3%  3M:  +2.7%  YTD:  +9.7%  | 3개월 횡보 구간.
  EWJ        $     90.43  1D:  -0.1%  1W:  -2.5%  1M:  -4.3%  3M:  +2.1%  YTD:  +7.2%  | 3개월 횡보 구간.
  EZU        $     67.48  1D:  -0.7%  1W:  -0.6%  1M:  -2.2%  3M:  +1.9%  YTD:  +4.6%  | 3개월 횡보 구간.
  FXI        $     35.04  1D:  +2.7%  1W:  +4.8%  1M:  +4.1%  3M:  -4.3%  YTD: -10.3%  | 3개월 횡보 구간. 금일 +2.7% 상승.
  GDX        $     70.74  1D:  -0.8%  1W:  -3.6%  1M: -16.1%  3M: -27.6%  YTD: -30.2%  | 3개월 -28% 급락세.
  GLD        $    367.60  1D:  -0.2%  1W:  +0.1%  1M:  -5.4%  3M: -16.5%  YTD: -17.1%  | 3개월 -17% 급락세. 반등 시도 중.
  GRID       $    177.08  1D:  -0.4%  1W:  -2.4%  1M:  -6.9%  3M:  -1.2%  YTD: +12.0%  | 3개월 횡보 구간.
  HG=F              6.33  1D:  +1.8%  1W:  +1.6%  1M:  -2.3%  3M:  +4.3%  YTD:  +9.7%  | 3개월 횡보 구간.
  HYDR       $     41.47  1D:  -2.2%  1W:  -6.5%  1M: -25.1%  3M:  -9.1%  YTD:  +7.9%  | 3개월 -9% 하락 추세. 1주 -6.5% 급락. 금일 -2.2% 하락.
  HYG        $     79.68  1D:  +0.0%  1W:  +0.2%  1M:  +0.4%  3M:  +0.5%  YTD:  +1.2%  | 3개월 횡보 구간.
  ICLN       $     18.14  1D:  -1.3%  1W:  -2.6%  1M: -11.4%  3M:  -6.9%  YTD:  +2.5%  | 3개월 -7% 하락 추세.
  ICLR       $    166.18  1D:  -2.2%  1W:  +0.0%  1M: +16.0%  3M: +42.6%  YTD: -10.1%  | 3개월 +43% 급등세. 금일 -2.2% 하락.
  IGV        $     92.98  1D:  +0.2%  1W:  +0.3%  1M:  +4.3%  3M: +12.1%  YTD:  -2.5%  | 3개월 +12% 상승 추세.
  IHI        $     50.58  1D:  +0.1%  1W:  -1.5%  1M:  +4.5%  3M:  -6.6%  YTD: -18.0%  | 3개월 -7% 하락 추세.
  ITB        $     95.41  1D:  -2.0%  1W:  -0.9%  1M:  -0.4%  3M:  +1.7%  YTD: -11.5%  | 3개월 횡보 구간.
  IYT        $     88.26  1D:  -1.1%  1W:  +0.2%  1M:  +5.9%  3M: +11.9%  YTD: +14.0%  | 3개월 +12% 상승 추세.
  JETS       $     30.58  1D:  +0.4%  1W:  -2.0%  1M:  +1.1%  3M: +13.2%  YTD:  +5.6%  | 3개월 +13% 상승 추세.
  KRW=X         1,475.30  1D:  -0.2%  1W:  -1.5%  1M:  -4.0%  3M:  +0.7%  YTD:  +0.3%  | 3개월 횡보 구간.
  LIT        $     66.92  1D:  -2.1%  1W:  -4.7%  1M: -19.1%  3M: -15.6%  YTD:  -7.3%  | 3개월 -16% 급락세. 금일 -2.1% 하락.
  MAGS       $     66.93  1D:  +0.0%  1W:  -0.1%  1M:  +3.7%  3M:  +2.6%  YTD:  +5.2%  | 3개월 횡보 구간.
  MSTR       $     97.82  1D:  +3.1%  1W:  +6.2%  1M: -16.1%  3M: -31.9%  YTD: -40.3%  | 3개월 -32% 급락세. 반등 시도 중. 금일 +3.1% 상승.
  NTRA       $    262.63  1D:  -3.2%  1W:  -3.8%  1M: +16.0%  3M: +26.8%  YTD:  +8.2%  | 3개월 +27% 상승 추세. 고점 후 조정. 금일 -3.2% 하락.
  PAVE       $     55.70  1D:  -1.1%  1W:  -0.9%  1M:  -3.8%  3M:  +3.2%  YTD:  +8.0%  | 3개월 횡보 구간.
  ROBO       $     77.31  1D:  -0.7%  1W:  -4.0%  1M:  -7.9%  3M:  +1.2%  YTD:  +5.2%  | 3개월 횡보 구간.
  RSP        $    212.42  1D:  -0.4%  1W:  -0.8%  1M:  +2.0%  3M:  +6.8%  YTD:  +7.4%  | 3개월 횡보 구간.
  SHLD       $     60.03  1D:  -0.0%  1W:  -0.7%  1M:  -5.7%  3M: -19.3%  YTD: -21.7%  | 3개월 -19% 급락세.
  SLX        $     99.00  1D:  -1.2%  1W:  -0.3%  1M:  -8.0%  3M:  -0.8%  YTD:  +6.0%  | 3개월 횡보 구간.
  SOXX       $    524.14  1D:  +0.4%  1W:  -5.3%  1M: -12.6%  3M: +30.5%  YTD: +50.7%  | 3개월 +30% 급등세. 1주 -5.3% 급락.
  SQM        $     67.69  1D:  -3.0%  1W:  -5.9%  1M: -18.4%  3M: -21.9%  YTD: -16.3%  | 3개월 -22% 급락세. 1주 -5.9% 급락. 금일 -3.0% 하락.
  TLT        $     83.89  1D:  -0.7%  1W:  -0.1%  1M:  -2.5%  3M:  -2.3%  YTD:  -1.7%  | 3개월 횡보 구간.
  UFO        $     43.04  1D:  -1.4%  1W:  -5.4%  1M: -15.6%  3M: -17.4%  YTD:  -5.8%  | 3개월 -17% 급락세. 1주 -5.4% 급락.
  URA        $     38.67  1D:  -0.2%  1W:  -5.0%  1M: -17.9%  3M: -29.5%  YTD: -31.1%  | 3개월 -29% 급락세. 1주 -5.0% 급락.
  UUP        $     28.39  1D:  +0.2%  1W:  -0.4%  1M:  +0.7%  3M:  +4.0%  YTD:  +4.1%  | 3개월 횡보 구간.
  XBI        $    150.94  1D:  -2.2%  1W:  -2.8%  1M:  +8.4%  3M: +10.7%  YTD: +17.9%  | 3개월 +11% 상승 추세. 금일 -2.2% 하락.
  XLE        $     57.94  1D:  +0.5%  1W:  +2.1%  1M:  +6.7%  3M:  +4.7%  YTD: +20.5%  | 3개월 횡보 구간.
  XLF        $     56.04  1D:  -0.4%  1W:  -0.1%  1M:  +4.0%  3M:  +7.8%  YTD:  +5.7%  | 3개월 횡보 구간.
  XLI        $    178.12  1D:  -0.7%  1W:  -1.2%  1M:  -0.6%  3M:  +4.3%  YTD:  +7.6%  | 3개월 횡보 구간.
  XLP        $     84.86  1D:  -0.4%  1W:  +0.3%  1M:  +2.1%  3M:  +5.4%  YTD:  +4.2%  | 3개월 횡보 구간.
  XLU        $     44.94  1D:  -0.5%  1W:  -1.7%  1M:  +1.7%  3M:  -1.7%  YTD:  +5.9%  | 3개월 횡보 구간.
  XLV        $    159.25  1D:  -1.1%  1W:  -1.3%  1M:  +6.1%  3M:  +8.2%  YTD:  +1.5%  | 3개월 횡보 구간.
  XLY        $    114.61  1D:  -0.7%  1W:  -1.2%  1M:  -0.6%  3M:  -2.8%  YTD:  -5.2%  | 3개월 횡보 구간.
  XRT        $     88.94  1D:  -0.5%  1W:  +1.7%  1M:  +5.4%  3M:  +6.3%  YTD:  -1.1%  | 3개월 횡보 구간.
  ^DJI         51,839.26  1D:  -0.6%  1W:  -1.3%  1M:  +0.7%  3M:  +7.0%  YTD:  +5.6%  | 3개월 횡보 구간.
  ^FTSE        10,524.76  1D:  -0.7%  1W:  +0.3%  1M:  +1.6%  3M:  -0.6%  YTD:  +3.9%  | 3개월 횡보 구간.
  ^GDAXI       24,830.98  1D:  -0.3%  1W:  -0.9%  1M:  -0.8%  3M:  +2.8%  YTD:  +0.5%  | 3개월 횡보 구간.
  ^GSPC         7,443.28  1D:  -0.2%  1W:  -1.0%  1M:  +0.3%  3M:  +6.0%  YTD:  +8.3%  | 3개월 횡보 구간.
  ^IXIC        25,508.07  1D:  -0.0%  1W:  -1.4%  1M:  -2.0%  3M:  +6.2%  YTD:  +9.8%  | 3개월 횡보 구간.
  ^RUT          2,942.43  1D:  -0.7%  1W:  -0.4%  1M:  +0.8%  3M:  +8.4%  YTD:  +9.1%  | 3개월 횡보 구간.
  ^SOX         11,743.85  1D:  +0.6%  1W:  -4.9%  1M: -12.9%  3M: +27.1%  YTD: +46.0%  | 3개월 +27% 상승 추세.
  ^STOXX50E     6,230.87  1D:  -0.8%  1W:  -0.6%  1M:  -1.5%  3M:  +4.1%  YTD:  +5.7%  | 3개월 횡보 구간.
  ^TNX              4.60  1D:  +1.3%  1W:  -0.2%  1M:  +3.0%  3M:  +7.4%  YTD:  +7.1%  | 3개월 횡보 구간.
  ^VIX             18.65  1D:  -0.6%  1W:  +8.7%  1M:  +1.1%  3M:  +4.0%  YTD:  -7.2%  | 3개월 횡보 구간. 1주 +8.7% 급등.
======================================================================
2026-07-22 07:30:02,251 - INFO - Market group: US (Market Indicators)
2026-07-22 07:30:02,251 - INFO - Total indicators: 57
2026-07-22 07:30:02,252 - INFO - Downloading data for 57 indicators (period=6mo)...
2026-07-22 07:30:03,815 - INFO - Downloaded 182 days of data, 57 tickers
2026-07-22 07:30:03,821 - INFO - Computed returns for 57 indicators
2026-07-22 07:30:04,689 - INFO - Heatmap saved: /home/inhyuk/projects/dataScout/data_us/indicator_charts/heatmap_20260722.png
2026-07-22 07:30:05,297 - INFO - Category chart saved: /home/inhyuk/projects/dataScout/data_us/indicator_charts/chart_20260722_미국_지수.png
2026-07-22 07:30:05,586 - INFO - Category chart saved: /home/inhyuk/projects/dataScout/data_us/indicator_charts/chart_20260722_유럽_지수.png
2026-07-22 07:30:05,921 - INFO - Category chart saved: /home/inhyuk/projects/dataScout/data_us/indicator_charts/chart_20260722_global___region.png
2026-07-22 07:30:06,673 - INFO - Category chart saved: /home/inhyuk/projects/dataScout/data_us/indicator_charts/chart_20260722_sector_cyclical.png
2026-07-22 07:30:07,116 - INFO - Category chart saved: /home/inhyuk/projects/dataScout/data_us/indicator_charts/chart_20260722_sector_defensive.png
2026-07-22 07:30:07,535 - INFO - Category chart saved: /home/inhyuk/projects/dataScout/data_us/indicator_charts/chart_20260722_tech___semi___sw.png
2026-07-22 07:30:07,804 - INFO - Category chart saved: /home/inhyuk/projects/dataScout/data_us/indicator_charts/chart_20260722_lithium___resources.png
2026-07-22 07:30:08,568 - INFO - Category chart saved: /home/inhyuk/projects/dataScout/data_us/indicator_charts/chart_20260722_thematic.png
2026-07-22 07:30:09,343 - INFO - Category chart saved: /home/inhyuk/projects/dataScout/data_us/indicator_charts/chart_20260722_macro___safe_haven.png
2026-07-22 07:30:09,620 - INFO - Category chart saved: /home/inhyuk/projects/dataScout/data_us/indicator_charts/chart_20260722_individual.png
2026-07-22 07:30:09,620 - INFO - Sending heatmap to Telegram...
2026-07-22 07:30:13,822 - INFO - Heatmap: sent
2026-07-22 07:30:14,822 - INFO - Sending 미국 지수...
2026-07-22 07:30:17,683 - INFO -   미국 지수 sent.
2026-07-22 07:30:18,183 - INFO - Sending 유럽 지수...
2026-07-22 07:30:20,729 - INFO -   유럽 지수 sent.
2026-07-22 07:30:21,229 - INFO - Sending Global / Region...
2026-07-22 07:30:23,801 - INFO -   Global / Region sent.
2026-07-22 07:30:24,301 - INFO - Sending Sector Cyclical...
2026-07-22 07:30:27,259 - INFO -   Sector Cyclical sent.
2026-07-22 07:30:27,760 - INFO - Sending Sector Defensive...
2026-07-22 07:30:30,582 - INFO -   Sector Defensive sent.
2026-07-22 07:30:31,082 - INFO - Sending Tech / Semi / SW...
2026-07-22 07:30:33,923 - INFO -   Tech / Semi / SW sent.
2026-07-22 07:30:34,423 - INFO - Sending Lithium / Resources...
2026-07-22 07:30:37,030 - INFO -   Lithium / Resources sent.
2026-07-22 07:30:37,530 - INFO - Sending Thematic...
2026-07-22 07:30:41,866 - INFO -   Thematic sent.
2026-07-22 07:30:42,366 - INFO - Sending Macro / Safe Haven...
2026-07-22 07:30:45,129 - INFO -   Macro / Safe Haven sent.
2026-07-22 07:30:45,629 - INFO - Sending Individual...
2026-07-22 07:30:47,989 - INFO -   Individual sent.

======================================================================
Market Indicators Summary (20260722)
======================================================================
  ALB        $    118.62  1D:  +0.4%  1W:  -7.9%  1M: -26.0%  3M: -44.8%  YTD: -36.7%  | 3개월 -45% 급락세. 1주 -7.9% 급락.
  BIZD       $     12.59  1D:  +0.2%  1W:  +0.2%  1M:  +3.8%  3M:  -1.0%  YTD:  -8.0%  | 3개월 횡보 구간.
  BTC-USD    $ 66,240.36  1D:  +1.5%  1W:  +3.8%  1M: +13.1%  3M: -14.5%  YTD: -25.9%  | 3개월 -14% 하락 추세. 단기 강세 가속.
  CL=F             84.61  1D:  +1.7%  1W:  +6.6%  1M: +10.5%  3M: -10.6%  YTD: +39.6%  | 3개월 -11% 하락 추세. 단기 강세 가속.
  DRAM       $     58.85  1D: +10.9%  1W:  -3.9%  1M: -23.3%  3M: +68.0%  YTD:+112.0%  | 3개월 +68% 급등세. 금일 +10.9% 급등.
  EEM        $     65.34  1D:  +2.8%  1W:  -0.5%  1M:  -7.7%  3M:  +5.2%  YTD: +11.9%  | 3개월 횡보 구간. 금일 +2.8% 상승.
  EWJ        $     92.74  1D:  +2.6%  1W:  -1.2%  1M:  -3.7%  3M:  +4.3%  YTD:  +9.9%  | 3개월 횡보 구간. 금일 +2.6% 상승.
  EZU        $     68.54  1D:  +1.6%  1W:  +0.3%  1M:  -1.1%  3M:  +4.1%  YTD:  +5.6%  | 3개월 횡보 구간.
  FXI        $     34.63  1D:  -1.2%  1W:  +2.5%  1M:  +4.0%  3M:  -6.3%  YTD: -11.6%  | 3개월 -6% 하락 추세.
  GDX        $     74.19  1D:  +4.9%  1W:  -0.9%  1M: -10.1%  3M: -24.0%  YTD: -29.5%  | 3개월 -24% 급락세. 금일 +4.9% 상승.
  GLD        $    374.81  1D:  +2.0%  1W:  +0.7%  1M:  -3.2%  3M: -14.8%  YTD: -17.0%  | 3개월 -15% 하락 추세. 반등 시도 중.
  GRID       $    180.14  1D:  +1.7%  1W:  -1.9%  1M:  -7.1%  3M:  +0.5%  YTD: +13.6%  | 3개월 횡보 구간.
  HG=F              6.53  1D:  +3.7%  1W:  +3.2%  1M:  +2.5%  3M:  +7.7%  YTD: +14.0%  | 3개월 횡보 구간. 금일 +3.7% 상승.
  HYDR       $     43.95  1D:  +6.0%  1W:  -3.6%  1M: -22.0%  3M:  -2.7%  YTD: +10.7%  | 3개월 횡보 구간. 금일 +6.0% 급등.
  HYG        $     79.65  1D:  -0.0%  1W:  -0.0%  1M:  +0.0%  3M:  +0.6%  YTD:  +1.1%  | 3개월 횡보 구간.
  ICLN       $     18.52  1D:  +2.1%  1W:  -2.9%  1M: -12.2%  3M:  -4.0%  YTD:  +2.5%  | 3개월 횡보 구간. 금일 +2.1% 상승.
  ICLR       $    166.62  1D:  +0.3%  1W:  -0.8%  1M: +14.1%  3M: +44.2%  YTD: -10.8%  | 3개월 +44% 급등세.
  IGV        $     91.82  1D:  -1.2%  1W:  -1.9%  1M:  +3.1%  3M:  +8.9%  YTD:  -5.3%  | 3개월 횡보 구간.
  IHI        $     49.95  1D:  -1.2%  1W:  +1.5%  1M:  +1.8%  3M:  -6.0%  YTD: -17.6%  | 3개월 -6% 하락 추세.
  ITB        $     94.93  1D:  -0.5%  1W:  -2.3%  1M:  -4.4%  3M:  +1.6%  YTD: -11.0%  | 3개월 횡보 구간.
  IYT        $     88.55  1D:  +0.3%  1W:  +1.1%  1M:  +5.5%  3M: +10.4%  YTD: +14.6%  | 3개월 +10% 상승 추세.
  JETS       $     30.51  1D:  -0.2%  1W:  -1.1%  1M:  -1.6%  3M: +14.6%  YTD:  +5.6%  | 3개월 +15% 상승 추세.
  KRW=X         1,480.57  1D:  -0.5%  1W:  -1.1%  1M:  -3.3%  3M:  +0.8%  YTD:  +0.2%  | 3개월 횡보 구간.
  LIT        $     69.08  1D:  +3.2%  1W:  -3.5%  1M: -15.5%  3M: -15.7%  YTD:  -5.5%  | 3개월 -16% 급락세. 금일 +3.2% 상승.
  MAGS       $     66.95  1D:  +0.0%  1W:  -0.7%  1M:  +2.3%  3M:  +2.5%  YTD:  +3.1%  | 3개월 횡보 구간.
  MSTR       $    101.95  1D:  +4.2%  1W:  +4.5%  1M:  -9.4%  3M: -31.5%  YTD: -36.7%  | 3개월 -32% 급락세. 반등 시도 중. 금일 +4.2% 상승.
  NTRA       $    267.18  1D:  +1.7%  1W:  -2.0%  1M: +15.5%  3M: +36.2%  YTD: +10.0%  | 3개월 +36% 급등세.
  PAVE       $     56.20  1D:  +0.9%  1W:  -0.9%  1M:  -3.9%  3M:  +4.6%  YTD:  +9.0%  | 3개월 횡보 구간.
  ROBO       $     79.38  1D:  +2.7%  1W:  -1.7%  1M:  -7.7%  3M:  +2.9%  YTD:  +7.1%  | 3개월 횡보 구간. 금일 +2.7% 상승.
  RSP        $    212.76  1D:  +0.2%  1W:  -0.3%  1M:  +1.7%  3M:  +6.5%  YTD:  +7.4%  | 3개월 횡보 구간.
  SHLD       $     60.25  1D:  +0.4%  1W:  +0.0%  1M:  -3.0%  3M: -18.0%  YTD: -20.8%  | 3개월 -18% 급락세.
  SLX        $    100.40  1D:  +1.4%  1W:  -0.8%  1M:  -4.7%  3M:  +0.8%  YTD:  +7.0%  | 3개월 횡보 구간.
  SOXX       $    552.69  1D:  +5.4%  1W:  -2.7%  1M: -13.6%  3M: +36.2%  YTD: +58.7%  | 3개월 +36% 급등세. 금일 +5.4% 급등.
  SQM        $     68.84  1D:  +1.7%  1W:  -5.6%  1M: -13.6%  3M: -27.0%  YTD: -17.0%  | 3개월 -27% 급락세. 1주 -5.6% 급락.
  TLT        $     83.66  1D:  -0.3%  1W:  -0.5%  1M:  -3.2%  3M:  -1.9%  YTD:  -2.4%  | 3개월 횡보 구간.
  UFO        $     44.00  1D:  +2.2%  1W:  -3.8%  1M: -12.4%  3M: -19.5%  YTD:  -6.0%  | 3개월 -19% 급락세. 금일 +2.2% 상승.
  URA        $     40.25  1D:  +4.1%  1W:  -3.1%  1M: -15.8%  3M: -27.2%  YTD: -28.8%  | 3개월 -27% 급락세. 금일 +4.1% 상승.
  UUP        $     28.48  1D:  +0.3%  1W:  +0.3%  1M:  +0.6%  3M:  +4.1%  YTD:  +4.9%  | 3개월 횡보 구간.
  XBI        $    154.50  1D:  +2.4%  1W:  -0.6%  1M:  +9.9%  3M: +14.2%  YTD: +17.5%  | 3개월 +14% 상승 추세. 금일 +2.4% 상승.
  XLE        $     58.50  1D:  +1.0%  1W:  +2.7%  1M:  +9.6%  3M:  +4.1%  YTD: +21.3%  | 3개월 횡보 구간.
  XLF        $     56.11  1D:  +0.1%  1W:  -0.1%  1M:  +5.1%  3M:  +8.2%  YTD:  +5.2%  | 3개월 횡보 구간.
  XLI        $    178.66  1D:  +0.3%  1W:  -1.0%  1M:  -1.0%  3M:  +5.1%  YTD:  +8.5%  | 3개월 횡보 구간.
  XLP        $     84.06  1D:  -0.9%  1W:  +0.8%  1M:  +1.6%  3M:  +3.9%  YTD:  +3.5%  | 3개월 횡보 구간.
  XLU        $     44.92  1D:  -0.0%  1W:  -1.7%  1M:  +1.0%  3M:  -2.5%  YTD:  +6.6%  | 3개월 횡보 구간.
  XLV        $    160.25  1D:  +0.6%  1W:  +1.2%  1M:  +7.7%  3M:  +9.8%  YTD:  +2.1%  | 3개월 횡보 구간.
  XLY        $    114.87  1D:  +0.2%  1W:  -0.9%  1M:  -1.8%  3M:  -2.2%  YTD:  -5.9%  | 3개월 횡보 구간.
  XRT        $     88.46  1D:  -0.5%  1W:  +0.8%  1M:  +2.6%  3M:  +4.9%  YTD:  -0.9%  | 3개월 횡보 구간.
  ^DJI         52,224.64  1D:  +0.7%  1W:  -0.5%  1M:  +1.3%  3M:  +7.5%  YTD:  +5.8%  | 3개월 횡보 구간.
  ^FTSE        10,585.91  1D:  +0.6%  1W:  +0.5%  1M:  +1.4%  3M:  -0.8%  YTD:  +4.4%  | 3개월 횡보 구간.
  ^GDAXI       24,846.69  1D:  +0.1%  1W:  -1.1%  1M:  -0.6%  3M:  +0.6%  YTD:  +1.2%  | 3개월 횡보 구간.
  ^GSPC         7,509.20  1D:  +0.9%  1W:  -0.5%  1M:  +0.1%  3M:  +6.6%  YTD:  +8.6%  | 3개월 횡보 구간.
  ^IXIC        25,837.21  1D:  +1.3%  1W:  -1.0%  1M:  -2.6%  3M:  +7.2%  YTD: +10.2%  | 3개월 횡보 구간.
  ^RUT          2,987.40  1D:  +1.5%  1W:  +0.8%  1M:  +0.3%  3M:  +9.8%  YTD:  +9.9%  | 3개월 횡보 구간.
  ^SOX         12,356.16  1D:  +5.2%  1W:  -2.4%  1M: -13.8%  3M: +32.4%  YTD: +53.4%  | 3개월 +32% 급등세. 금일 +5.2% 급등.
  ^STOXX50E     6,227.40  1D:  -0.1%  1W:  -0.7%  1M:  -1.0%  3M:  +4.8%  YTD:  +5.9%  | 3개월 횡보 구간.
  ^TNX              4.63  1D:  +0.7%  1W:  +0.9%  1M:  +4.0%  3M:  +7.4%  YTD:  +8.8%  | 3개월 횡보 구간.
  ^VIX             17.05  1D:  -8.6%  1W:  +3.3%  1M:  +4.0%  3M:  -2.5%  YTD:  +0.9%  | 3개월 횡보 구간. 금일 -8.6% 급락.
======================================================================
2026-07-23 07:30:02,273 - INFO - Market group: US (Market Indicators)
2026-07-23 07:30:02,273 - INFO - Total indicators: 57
2026-07-23 07:30:02,273 - INFO - Downloading data for 57 indicators (period=6mo)...
2026-07-23 07:30:03,588 - INFO - Downloaded 182 days of data, 57 tickers
2026-07-23 07:30:03,593 - INFO - Computed returns for 57 indicators
2026-07-23 07:30:04,553 - INFO - Heatmap saved: /home/inhyuk/projects/dataScout/data_us/indicator_charts/heatmap_20260723.png
2026-07-23 07:30:05,150 - INFO - Category chart saved: /home/inhyuk/projects/dataScout/data_us/indicator_charts/chart_20260723_미국_지수.png
2026-07-23 07:30:05,434 - INFO - Category chart saved: /home/inhyuk/projects/dataScout/data_us/indicator_charts/chart_20260723_유럽_지수.png
2026-07-23 07:30:05,763 - INFO - Category chart saved: /home/inhyuk/projects/dataScout/data_us/indicator_charts/chart_20260723_global___region.png
2026-07-23 07:30:06,510 - INFO - Category chart saved: /home/inhyuk/projects/dataScout/data_us/indicator_charts/chart_20260723_sector_cyclical.png
2026-07-23 07:30:06,950 - INFO - Category chart saved: /home/inhyuk/projects/dataScout/data_us/indicator_charts/chart_20260723_sector_defensive.png
2026-07-23 07:30:07,414 - INFO - Category chart saved: /home/inhyuk/projects/dataScout/data_us/indicator_charts/chart_20260723_tech___semi___sw.png
2026-07-23 07:30:07,680 - INFO - Category chart saved: /home/inhyuk/projects/dataScout/data_us/indicator_charts/chart_20260723_lithium___resources.png
2026-07-23 07:30:08,430 - INFO - Category chart saved: /home/inhyuk/projects/dataScout/data_us/indicator_charts/chart_20260723_thematic.png
2026-07-23 07:30:09,219 - INFO - Category chart saved: /home/inhyuk/projects/dataScout/data_us/indicator_charts/chart_20260723_macro___safe_haven.png
2026-07-23 07:30:09,494 - INFO - Category chart saved: /home/inhyuk/projects/dataScout/data_us/indicator_charts/chart_20260723_individual.png
2026-07-23 07:30:09,494 - INFO - Sending heatmap to Telegram...
2026-07-23 07:30:13,777 - INFO - Heatmap: sent
2026-07-23 07:30:14,778 - INFO - Sending 미국 지수...
2026-07-23 07:30:17,885 - INFO -   미국 지수 sent.
2026-07-23 07:30:18,385 - INFO - Sending 유럽 지수...
2026-07-23 07:30:20,839 - INFO -   유럽 지수 sent.
2026-07-23 07:30:21,339 - INFO - Sending Global / Region...
2026-07-23 07:30:23,859 - INFO -   Global / Region sent.
2026-07-23 07:30:24,359 - INFO - Sending Sector Cyclical...
2026-07-23 07:30:27,259 - INFO -   Sector Cyclical sent.
2026-07-23 07:30:27,759 - INFO - Sending Sector Defensive...
2026-07-23 07:30:30,685 - INFO -   Sector Defensive sent.
2026-07-23 07:30:31,185 - INFO - Sending Tech / Semi / SW...
2026-07-23 07:30:33,856 - INFO -   Tech / Semi / SW sent.
2026-07-23 07:30:34,356 - INFO - Sending Lithium / Resources...
2026-07-23 07:30:36,825 - INFO -   Lithium / Resources sent.
2026-07-23 07:30:37,325 - INFO - Sending Thematic...
2026-07-23 07:30:40,235 - INFO -   Thematic sent.
2026-07-23 07:30:40,736 - INFO - Sending Macro / Safe Haven...
2026-07-23 07:30:43,551 - INFO -   Macro / Safe Haven sent.
2026-07-23 07:30:44,051 - INFO - Sending Individual...
2026-07-23 07:30:46,666 - INFO -   Individual sent.

======================================================================
Market Indicators Summary (20260723)
======================================================================
  ALB        $    117.45  1D:  -1.0%  1W:  -5.8%  1M: -25.0%  3M: -40.5%  YTD: -37.7%  | 3개월 -40% 급락세. 1주 -5.8% 급락.
  BIZD       $     12.46  1D:  -1.0%  1W:  -1.7%  1M:  +3.9%  3M:  -3.8%  YTD:  -8.4%  | 3개월 횡보 구간.
  BTC-USD    $ 65,991.32  1D:  -0.8%  1W:  +3.3%  1M: +10.0%  3M: -14.2%  YTD: -26.2%  | 3개월 -14% 하락 추세. 단기 강세 가속.
  CL=F             88.20  1D:  +3.9%  1W: +10.8%  1M: +17.9%  3M:  +5.2%  YTD: +48.6%  | 3개월 횡보 구간. 단기 강세 가속. 금일 +3.9% 상승.
  DRAM       $     57.77  1D:  -1.8%  1W:  +0.6%  1M: -28.4%  3M: +62.3%  YTD:+108.1%  | 3개월 +62% 급등세. 반등 시도 중.
  EEM        $     64.99  1D:  -0.5%  1W:  -0.9%  1M:  -8.7%  3M:  +2.7%  YTD: +10.6%  | 3개월 횡보 구간.
  EWJ        $     92.19  1D:  -0.6%  1W:  -1.4%  1M:  -4.9%  3M:  +2.8%  YTD:  +9.6%  | 3개월 횡보 구간.
  EZU        $     68.82  1D:  +0.4%  1W:  +0.1%  1M:  -0.8%  3M:  +2.7%  YTD:  +5.4%  | 3개월 횡보 구간.
  FXI        $     34.43  1D:  -0.6%  1W:  +0.4%  1M:  +3.0%  3M:  -7.7%  YTD: -12.0%  | 3개월 -8% 하락 추세.
  GDX        $     76.68  1D:  +3.4%  1W:  +3.6%  1M:  -5.8%  3M: -23.6%  YTD: -28.3%  | 3개월 -24% 급락세. 반등 시도 중. 금일 +3.4% 상승.
  GLD        $    379.12  1D:  +1.1%  1W:  +1.8%  1M:  -1.4%  3M: -15.0%  YTD: -17.2%  | 3개월 -15% 하락 추세.
  GRID       $    180.47  1D:  +0.2%  1W:  -1.2%  1M:  -8.3%  3M:  -1.2%  YTD: +13.4%  | 3개월 횡보 구간.
  HG=F              6.48  1D:  -0.4%  1W:  +3.0%  1M:  +2.0%  3M:  +6.2%  YTD: +12.9%  | 3개월 횡보 구간.
  HYDR       $     43.86  1D:  -0.2%  1W:  -1.7%  1M: -22.1%  3M:  -6.0%  YTD: +10.6%  | 3개월 -6% 하락 추세.
  HYG        $     79.52  1D:  -0.2%  1W:  -0.4%  1M:  -0.1%  3M:  +0.1%  YTD:  +0.9%  | 3개월 횡보 구간.
  ICLN       $     18.54  1D:  +0.1%  1W:  -2.8%  1M: -14.3%  3M:  -4.2%  YTD:  +1.8%  | 3개월 횡보 구간.
  ICLR       $    167.28  1D:  +0.4%  1W:  -2.8%  1M: +18.9%  3M: +39.8%  YTD: -10.4%  | 3개월 +40% 급등세.
  IGV        $     89.02  1D:  -3.0%  1W:  -5.2%  1M:  +2.0%  3M:  +4.7%  YTD:  -8.9%  | 3개월 횡보 구간. 1주 -5.2% 급락. 금일 -3.0% 하락.
  IHI        $     49.41  1D:  -1.1%  1W:  -0.9%  1M:  +2.2%  3M:  -8.7%  YTD: -17.8%  | 3개월 -9% 하락 추세.
  ITB        $     95.44  1D:  +0.5%  1W:  -2.6%  1M:  -2.0%  3M:  -2.4%  YTD:  -8.9%  | 3개월 횡보 구간.
  IYT        $     87.95  1D:  -0.7%  1W:  +0.5%  1M:  +4.0%  3M:  +7.6%  YTD: +15.0%  | 3개월 횡보 구간.
  JETS       $     30.10  1D:  -1.3%  1W:  -3.7%  1M:  -2.8%  3M:  +7.8%  YTD:  +5.4%  | 3개월 횡보 구간.
  KRW=X         1,476.37  1D:  +0.1%  1W:  -0.8%  1M:  -4.1%  3M:  -0.6%  YTD:  +0.8%  | 3개월 횡보 구간.
  LIT        $     69.00  1D:  -0.1%  1W:  -2.9%  1M: -16.1%  3M: -16.7%  YTD:  -7.3%  | 3개월 -17% 급락세.
  MAGS       $     66.30  1D:  -1.0%  1W:  -3.9%  1M:  +3.6%  3M:  -0.2%  YTD:  +1.0%  | 3개월 횡보 구간. 고점 후 조정.
  MSTR       $    100.01  1D:  -1.9%  1W:  +2.6%  1M:  -8.6%  3M: -39.9%  YTD: -38.7%  | 3개월 -40% 급락세. 반등 시도 중.
  NTRA       $    264.22  1D:  -1.1%  1W:  -4.7%  1M: +15.5%  3M: +26.8%  YTD:  +9.4%  | 3개월 +27% 상승 추세. 고점 후 조정.
  PAVE       $     56.60  1D:  +0.7%  1W:  -0.1%  1M:  -4.3%  3M:  +3.0%  YTD: +11.0%  | 3개월 횡보 구간.
  ROBO       $     79.40  1D:  +0.0%  1W:  -1.4%  1M:  -8.4%  3M:  +0.1%  YTD:  +7.6%  | 3개월 횡보 구간.
  RSP        $    212.70  1D:  -0.0%  1W:  -0.1%  1M:  +1.5%  3M:  +5.1%  YTD:  +7.9%  | 3개월 횡보 구간.
  SHLD       $     60.73  1D:  +0.8%  1W:  +0.8%  1M:  +0.6%  3M: -16.9%  YTD: -20.8%  | 3개월 -17% 급락세.
  SLX        $    101.67  1D:  +1.3%  1W:  -0.2%  1M:  -3.0%  3M:  +0.1%  YTD:  +6.8%  | 3개월 횡보 구간.
  SOXX       $    555.52  1D:  +0.5%  1W:  +0.0%  1M: -15.2%  3M: +33.7%  YTD: +61.3%  | 3개월 +34% 급등세. 반등 시도 중.
  SQM        $     69.21  1D:  +0.5%  1W:  -3.2%  1M: -12.0%  3M: -21.2%  YTD: -18.1%  | 3개월 -21% 급락세.
  TLT        $     83.44  1D:  -0.3%  1W:  -0.9%  1M:  -2.7%  3M:  -3.1%  YTD:  -3.0%  | 3개월 횡보 구간.
  UFO        $     43.75  1D:  -0.6%  1W:  -3.6%  1M: -10.1%  3M: -19.9%  YTD:  -6.7%  | 3개월 -20% 급락세.
  URA        $     40.97  1D:  +1.8%  1W:  +0.2%  1M: -12.5%  3M: -26.7%  YTD: -28.1%  | 3개월 -27% 급락세. 반등 시도 중.
  UUP        $     28.45  1D:  -0.1%  1W:  +0.7%  1M:  +0.3%  3M:  +4.0%  YTD:  +5.7%  | 3개월 횡보 구간.
  XBI        $    152.11  1D:  -1.5%  1W:  -2.6%  1M:  +4.3%  3M:  +9.8%  YTD: +18.9%  | 3개월 횡보 구간.
  XLE        $     59.20  1D:  +1.2%  1W:  +4.8%  1M:  +9.5%  3M:  +8.4%  YTD: +22.0%  | 3개월 횡보 구간. 단기 강세 가속.
  XLF        $     56.05  1D:  -0.1%  1W:  -0.9%  1M:  +4.4%  3M:  +7.3%  YTD:  +6.5%  | 3개월 횡보 구간.
  XLI        $    178.85  1D:  +0.1%  1W:  -0.7%  1M:  -1.6%  3M:  +3.3%  YTD:  +9.5%  | 3개월 횡보 구간.
  XLP        $     84.38  1D:  +0.4%  1W:  +1.1%  1M:  +2.7%  3M:  +3.0%  YTD:  +3.1%  | 3개월 횡보 구간.
  XLU        $     45.93  1D:  +2.2%  1W:  +1.6%  1M:  +2.7%  3M:  +0.1%  YTD:  +9.4%  | 3개월 횡보 구간. 금일 +2.2% 상승.
  XLV        $    159.43  1D:  -0.5%  1W:  +0.7%  1M:  +6.2%  3M:  +7.6%  YTD:  +2.1%  | 3개월 횡보 구간.
  XLY        $    114.02  1D:  -0.7%  1W:  -2.5%  1M:  -0.8%  3M:  -5.1%  YTD:  -7.0%  | 3개월 -5% 하락 추세.
  XRT        $     88.74  1D:  +0.3%  1W:  -0.4%  1M:  +3.8%  3M:  +2.3%  YTD:  +0.4%  | 3개월 횡보 구간.
  ^DJI         52,218.58  1D:  -0.0%  1W:  -0.8%  1M:  +1.0%  3M:  +5.6%  YTD:  +6.4%  | 3개월 횡보 구간.
  ^FTSE        10,716.97  1D:  +1.2%  1W:  +1.9%  1M:  +2.8%  3M:  +1.0%  YTD:  +5.6%  | 3개월 횡보 구간.
  ^GDAXI       25,011.35  1D:  +0.7%  1W:  -0.5%  1M:  -0.5%  3M:  +2.4%  YTD:  +0.6%  | 3개월 횡보 구간.
  ^GSPC         7,498.96  1D:  -0.1%  1W:  -1.0%  1M:  +0.4%  3M:  +5.2%  YTD:  +8.4%  | 3개월 횡보 구간.
  ^IXIC        25,690.90  1D:  -0.6%  1W:  -2.2%  1M:  -1.8%  3M:  +5.0%  YTD:  +9.3%  | 3개월 횡보 구간.
  ^RUT          2,959.94  1D:  -0.9%  1W:  -0.5%  1M:  -1.5%  3M:  +6.6%  YTD: +10.9%  | 3개월 횡보 구간.
  ^SOX         12,410.67  1D:  +0.4%  1W:  +0.1%  1M: -15.2%  3M: +29.9%  YTD: +56.0%  | 3개월 +30% 상승 추세. 반등 시도 중.
  ^STOXX50E     6,285.63  1D:  +0.9%  1W:  +0.1%  1M:  -0.4%  3M:  +5.9%  YTD:  +5.5%  | 3개월 횡보 구간.
  ^TNX              4.66  1D:  +0.6%  1W:  +2.5%  1M:  +3.3%  3M:  +9.7%  YTD:  +9.6%  | 3개월 횡보 구간.
  ^VIX             16.64  1D:  -2.4%  1W:  +6.2%  1M:  -3.7%  3M: -11.8%  YTD:  +6.4%  | 3개월 -12% 하락 추세. 반등 시도 중. 금일 -2.4% 하락.
======================================================================
2026-07-24 07:30:01,475 - INFO - Market group: US (Market Indicators)
2026-07-24 07:30:01,475 - INFO - Total indicators: 57
2026-07-24 07:30:01,475 - INFO - Downloading data for 57 indicators (period=6mo)...
2026-07-24 07:30:03,115 - INFO - Downloaded 182 days of data, 57 tickers
2026-07-24 07:30:03,121 - INFO - Computed returns for 57 indicators
2026-07-24 07:30:03,990 - INFO - Heatmap saved: /home/inhyuk/projects/dataScout/data_us/indicator_charts/heatmap_20260724.png
2026-07-24 07:30:04,594 - INFO - Category chart saved: /home/inhyuk/projects/dataScout/data_us/indicator_charts/chart_20260724_미국_지수.png
2026-07-24 07:30:04,879 - INFO - Category chart saved: /home/inhyuk/projects/dataScout/data_us/indicator_charts/chart_20260724_유럽_지수.png
2026-07-24 07:30:05,214 - INFO - Category chart saved: /home/inhyuk/projects/dataScout/data_us/indicator_charts/chart_20260724_global___region.png
2026-07-24 07:30:05,974 - INFO - Category chart saved: /home/inhyuk/projects/dataScout/data_us/indicator_charts/chart_20260724_sector_cyclical.png
2026-07-24 07:30:06,416 - INFO - Category chart saved: /home/inhyuk/projects/dataScout/data_us/indicator_charts/chart_20260724_sector_defensive.png
2026-07-24 07:30:06,837 - INFO - Category chart saved: /home/inhyuk/projects/dataScout/data_us/indicator_charts/chart_20260724_tech___semi___sw.png
2026-07-24 07:30:07,104 - INFO - Category chart saved: /home/inhyuk/projects/dataScout/data_us/indicator_charts/chart_20260724_lithium___resources.png
2026-07-24 07:30:07,859 - INFO - Category chart saved: /home/inhyuk/projects/dataScout/data_us/indicator_charts/chart_20260724_thematic.png
2026-07-24 07:30:08,624 - INFO - Category chart saved: /home/inhyuk/projects/dataScout/data_us/indicator_charts/chart_20260724_macro___safe_haven.png
2026-07-24 07:30:08,899 - INFO - Category chart saved: /home/inhyuk/projects/dataScout/data_us/indicator_charts/chart_20260724_individual.png
2026-07-24 07:30:08,899 - INFO - Sending heatmap to Telegram...
2026-07-24 07:30:13,144 - INFO - Heatmap: sent
2026-07-24 07:30:14,144 - INFO - Sending 미국 지수...
2026-07-24 07:30:17,083 - INFO -   미국 지수 sent.
2026-07-24 07:30:17,584 - INFO - Sending 유럽 지수...
2026-07-24 07:30:20,052 - INFO -   유럽 지수 sent.
2026-07-24 07:30:20,552 - INFO - Sending Global / Region...
2026-07-24 07:30:23,113 - INFO -   Global / Region sent.
2026-07-24 07:30:23,613 - INFO - Sending Sector Cyclical...
2026-07-24 07:30:26,512 - INFO -   Sector Cyclical sent.
2026-07-24 07:30:27,012 - INFO - Sending Sector Defensive...
2026-07-24 07:30:29,904 - INFO -   Sector Defensive sent.
2026-07-24 07:30:30,405 - INFO - Sending Tech / Semi / SW...
2026-07-24 07:30:33,206 - INFO -   Tech / Semi / SW sent.
2026-07-24 07:30:33,706 - INFO - Sending Lithium / Resources...
2026-07-24 07:30:36,132 - INFO -   Lithium / Resources sent.
2026-07-24 07:30:36,632 - INFO - Sending Thematic...
2026-07-24 07:30:39,662 - INFO -   Thematic sent.
2026-07-24 07:30:40,162 - INFO - Sending Macro / Safe Haven...
2026-07-24 07:30:43,135 - INFO -   Macro / Safe Haven sent.
2026-07-24 07:30:43,636 - INFO - Sending Individual...
2026-07-24 07:30:46,067 - INFO -   Individual sent.

======================================================================
Market Indicators Summary (20260724)
======================================================================
  ALB        $    116.91  1D:  -0.5%  1W:  -2.1%  1M: -22.0%  3M: -39.8%  YTD: -38.1%  | 3개월 -40% 급락세.
  BIZD       $     12.30  1D:  -1.3%  1W:  -4.4%  1M:  +1.9%  3M:  -4.9%  YTD:  -8.3%  | 3개월 횡보 구간.
  BTC-USD    $ 65,097.99  1D:  -1.5%  1W:  +0.5%  1M:  +5.9%  3M: -15.2%  YTD: -27.3%  | 3개월 -15% 급락세.
  CL=F             92.20  1D:  +6.2%  1W: +16.8%  1M: +25.9%  3M:  +2.9%  YTD: +51.0%  | 3개월 횡보 구간. 단기 강세 가속. 금일 +6.2% 급등.
  DRAM       $     58.30  1D:  +0.9%  1W: +11.4%  1M: -15.8%  3M: +66.2%  YTD:+110.0%  | 3개월 +66% 급등세. 반등 시도 중.
  EEM        $     64.60  1D:  -0.6%  1W:  +0.6%  1M:  -3.8%  3M:  +2.8%  YTD:  +9.7%  | 3개월 횡보 구간. 반등 시도 중.
  EWJ        $     91.10  1D:  -1.2%  1W:  -0.9%  1M:  -1.8%  3M:  +2.5%  YTD:  +8.2%  | 3개월 횡보 구간.
  EZU        $     67.60  1D:  -1.8%  1W:  -0.9%  1M:  -0.6%  3M:  +1.3%  YTD:  +2.8%  | 3개월 횡보 구간.
  FXI        $     34.46  1D:  +0.1%  1W:  -0.2%  1M:  +5.0%  3M:  -7.8%  YTD: -12.0%  | 3개월 -8% 하락 추세.
  GDX        $     75.02  1D:  -2.2%  1W:  +5.1%  1M:  -3.4%  3M: -24.3%  YTD: -30.2%  | 3개월 -24% 급락세. 반등 시도 중. 금일 -2.2% 하락.
  GLD        $    371.52  1D:  -2.0%  1W:  +1.8%  1M:  -1.5%  3M: -16.0%  YTD: -20.1%  | 3개월 -16% 급락세. 금일 -2.0% 하락.
  GRID       $    179.80  1D:  -0.4%  1W:  +1.2%  1M:  -4.3%  3M:  -1.4%  YTD: +12.2%  | 3개월 횡보 구간. 반등 시도 중.
  HG=F              6.33  1D:  -1.8%  1W:  +0.6%  1M:  +3.1%  3M:  +4.9%  YTD:  +7.1%  | 3개월 횡보 구간.
  HYDR       $     44.22  1D:  +0.8%  1W:  +5.3%  1M: -16.9%  3M:  -7.8%  YTD: +14.8%  | 3개월 -8% 하락 추세. 반등 시도 중.
  HYG        $     79.23  1D:  -0.4%  1W:  -0.7%  1M:  -0.3%  3M:  -0.2%  YTD:  +0.5%  | 3개월 횡보 구간.
  ICLN       $     18.37  1D:  -0.9%  1W:  +0.1%  1M: -11.1%  3M:  -6.3%  YTD:  +1.2%  | 3개월 -6% 하락 추세. 반등 시도 중.
  ICLR       $    170.32  1D:  +1.8%  1W:  +0.2%  1M: +19.4%  3M: +45.4%  YTD:  -9.1%  | 3개월 +45% 급등세.
  IGV        $     87.10  1D:  -2.2%  1W:  -7.0%  1M:  -0.3%  3M:  +0.9%  YTD: -11.8%  | 3개월 횡보 구간. 1주 -7.0% 급락. 금일 -2.2% 하락.
  IHI        $     49.44  1D:  +0.1%  1W:  -5.3%  1M:  +0.7%  3M:  -8.1%  YTD: -18.4%  | 3개월 -8% 하락 추세. 1주 -5.3% 급락.
  ITB        $     94.54  1D:  -0.9%  1W:  -5.6%  1M:  -2.9%  3M:  -5.3%  YTD:  -9.3%  | 3개월 -5% 하락 추세. 1주 -5.6% 급락.
  IYT        $     88.19  1D:  +0.3%  1W:  -2.0%  1M:  +5.1%  3M:  +7.2%  YTD: +15.5%  | 3개월 횡보 구간.
  JETS       $     29.32  1D:  -2.6%  1W:  -6.2%  1M:  -6.0%  3M:  +6.4%  YTD:  +3.5%  | 3개월 횡보 구간. 1주 -6.2% 급락. 금일 -2.6% 하락.
  KRW=X         1,474.11  1D:  -0.4%  1W:  -0.8%  1M:  -4.0%  3M:  -0.3%  YTD:  +0.7%  | 3개월 횡보 구간.
  LIT        $     69.02  1D:  +0.0%  1W:  +0.2%  1M: -11.6%  3M: -16.4%  YTD:  -6.9%  | 3개월 -16% 급락세. 반등 시도 중.
  MAGS       $     63.23  1D:  -4.6%  1W:  -7.2%  1M:  +0.1%  3M:  -3.8%  YTD:  -4.1%  | 3개월 횡보 구간. 1주 -7.2% 급락. 금일 -4.6% 하락.
  MSTR       $     93.63  1D:  -6.4%  1W:  -0.4%  1M:  -9.8%  3M: -45.2%  YTD: -41.7%  | 3개월 -45% 급락세. 금일 -6.4% 급락.
  NTRA       $    264.69  1D:  +0.2%  1W:  -1.9%  1M: +12.7%  3M: +27.4%  YTD:  +9.7%  | 3개월 +27% 상승 추세.
  PAVE       $     57.51  1D:  +1.6%  1W:  +1.3%  1M:  -0.3%  3M:  +3.9%  YTD: +12.7%  | 3개월 횡보 구간.
  ROBO       $     78.32  1D:  -1.4%  1W:  -1.3%  1M:  -5.4%  3M:  -1.6%  YTD:  +6.2%  | 3개월 횡보 구간.
  RSP        $    211.92  1D:  -0.4%  1W:  -1.5%  1M:  +1.5%  3M:  +4.4%  YTD:  +7.2%  | 3개월 횡보 구간.
  SHLD       $     62.75  1D:  +3.3%  1W:  +4.8%  1M:  +3.9%  3M: -13.8%  YTD: -17.4%  | 3개월 -14% 하락 추세. 금일 +3.3% 상승.
  SLX        $    101.83  1D:  +0.2%  1W:  +1.5%  1M:  +0.0%  3M:  -0.1%  YTD:  +8.1%  | 3개월 횡보 구간.
  SOXX       $    551.24  1D:  -0.8%  1W:  +3.9%  1M:  -8.6%  3M: +32.1%  YTD: +60.9%  | 3개월 +32% 급등세. 반등 시도 중.
  SQM        $     69.32  1D:  +0.2%  1W:  +4.5%  1M:  -9.4%  3M: -20.7%  YTD: -16.5%  | 3개월 -21% 급락세. 반등 시도 중.
  TLT        $     83.17  1D:  -0.3%  1W:  -1.2%  1M:  -3.2%  3M:  -3.4%  YTD:  -3.7%  | 3개월 횡보 구간.
  UFO        $     43.72  1D:  -0.1%  1W:  +0.1%  1M:  -9.0%  3M: -19.8%  YTD:  -3.3%  | 3개월 -20% 급락세. 반등 시도 중.
  URA        $     41.13  1D:  +0.4%  1W:  +5.2%  1M:  -9.8%  3M: -26.6%  YTD: -25.1%  | 3개월 -27% 급락세. 반등 시도 중.
  UUP        $     28.56  1D:  +0.4%  1W:  +0.8%  1M:  +0.4%  3M:  +4.5%  YTD:  +6.6%  | 3개월 횡보 구간.
  XBI        $    152.23  1D:  +0.1%  1W:  +0.2%  1M:  +3.5%  3M: +10.6%  YTD: +19.2%  | 3개월 +11% 상승 추세.
  XLE        $     59.38  1D:  +0.3%  1W:  +4.1%  1M:  +9.0%  3M:  +8.6%  YTD: +22.3%  | 3개월 횡보 구간. 단기 강세 가속.
  XLF        $     55.83  1D:  -0.4%  1W:  -1.6%  1M:  +3.6%  3M:  +6.5%  YTD:  +5.4%  | 3개월 횡보 구간.
  XLI        $    181.94  1D:  +1.7%  1W:  +1.0%  1M:  +2.1%  3M:  +4.9%  YTD: +11.3%  | 3개월 횡보 구간.
  XLP        $     83.21  1D:  -1.4%  1W:  -3.0%  1M:  -0.6%  3M:  +1.7%  YTD:  +1.8%  | 3개월 횡보 구간.
  XLU        $     46.19  1D:  +0.6%  1W:  +1.6%  1M:  +2.5%  3M:  +1.6%  YTD:  +9.2%  | 3개월 횡보 구간.
  XLV        $    161.44  1D:  +1.3%  1W:  -0.2%  1M:  +6.1%  3M: +10.0%  YTD:  +3.0%  | 3개월 횡보 구간.
  XLY        $    108.76  1D:  -4.6%  1W:  -7.3%  1M:  -4.4%  3M:  -9.1%  YTD: -10.7%  | 3개월 -9% 하락 추세. 1주 -7.3% 급락. 금일 -4.6% 하락.
  XRT        $     86.38  1D:  -2.7%  1W:  -4.5%  1M:  +0.7%  3M:  -1.6%  YTD:  -2.2%  | 3개월 횡보 구간. 금일 -2.7% 하락.
  ^DJI         51,711.65  1D:  -1.0%  1W:  -1.6%  1M:  +0.1%  3M:  +4.6%  YTD:  +4.7%  | 3개월 횡보 구간.
  ^FTSE        10,639.17  1D:  -0.7%  1W:  +0.6%  1M:  +1.7%  3M:  +1.3%  YTD:  +4.9%  | 3개월 횡보 구간.
  ^GDAXI       25,155.41  1D:  +0.6%  1W:  +0.6%  1M:  +1.1%  3M:  +3.6%  YTD:  +1.0%  | 3개월 횡보 구간.
  ^GSPC         7,408.30  1D:  -1.2%  1W:  -1.7%  1M:  +0.6%  3M:  +4.2%  YTD:  +6.6%  | 3개월 횡보 구간.
  ^IXIC        25,137.69  1D:  -2.2%  1W:  -2.9%  1M:  -1.8%  3M:  +3.0%  YTD:  +6.5%  | 3개월 횡보 구간. 금일 -2.2% 하락.
  ^RUT          2,940.16  1D:  -0.7%  1W:  -1.2%  1M:  -1.2%  3M:  +5.3%  YTD: +10.5%  | 3개월 횡보 구간.
  ^SOX         12,343.84  1D:  -0.5%  1W:  +4.0%  1M:  -8.4%  3M: +28.6%  YTD: +55.7%  | 3개월 +29% 상승 추세. 반등 시도 중.
  ^STOXX50E     6,316.99  1D:  +0.5%  1W:  +0.8%  1M:  +1.4%  3M:  +4.3%  YTD:  +6.2%  | 3개월 횡보 구간.
  ^TNX              4.70  1D:  +1.0%  1W:  +2.9%  1M:  +4.7%  3M: +10.7%  YTD: +10.9%  | 3개월 +11% 상승 추세.
  ^VIX             18.70  1D: +12.4%  1W: +11.8%  1M:  -4.1%  3M:  -4.1%  YTD: +16.2%  | 3개월 횡보 구간. 반등 시도 중. 금일 +12.4% 급등.
======================================================================
