KOSPI_종가,KOSPI_등락률,KOSDAQ_종가,KOSDAQ_등락률,USD_KRW_환율
8639.41,-1.8399999999999999,1049.73,2.31,1516.5999755859375
